{
"type": "FeatureCollection",
"name": "mumbai_station_catchments_500m",
"crs": { "type": "name", "properties": { "name": "urn:ogc:def:crs:OGC:1.3:CRS84" } },
"features": [
{ "type": "Feature", "properties": { "station_id": "MUM_RAIL_STN_001", "station_name": "Churchgate", "buffer_m": 500 }, "geometry": { "type": "Polygon", "coordinates": [ [ [ 72.831937329669898, 18.935351717021536 ], [ 72.831920193573865, 18.934908841517057 ], [ 72.831857522396305, 18.934469696893576 ], [ 72.831749920052488, 18.934038512343591 ], [ 72.831598423150751, 18.933619440366321 ], [ 72.831404490996547, 18.933216516778629 ], [ 72.831169991526565, 18.932833621850744 ], [ 72.830897183309474, 18.93247444294116 ], [ 72.830588693786481, 18.932142438990311 ], [ 72.830247493961991, 18.931840807214822 ], [ 72.829876869788038, 18.931572452322776 ], [ 72.829480390518341, 18.931339958546396 ], [ 72.829061874336773, 18.93114556476106 ], [ 72.828625351591057, 18.930991142930129 ], [ 72.828175025985672, 18.930878180082846 ], [ 72.827715234107515, 18.930807763998732 ], [ 72.827250403673347, 18.930780572736065 ], [ 72.826785010901361, 18.930796868105137 ], [ 72.82632353741613, 18.930856493149072 ], [ 72.825870427102132, 18.930958873656284 ], [ 72.825430043320424, 18.931103023690099 ], [ 72.825006626900105, 18.931287555082136 ], [ 72.824604255308586, 18.931510690798294 ], [ 72.824226803393557, 18.931770282048532 ], [ 72.823877906074202, 18.932063828975949 ], [ 72.82356092334058, 18.932388504726077 ], [ 72.823278907898299, 18.932741182664753 ], [ 72.823034575769725, 18.933118466482771 ], [ 72.822830280134909, 18.933516722897579 ], [ 72.822667988664278, 18.933932116637372 ], [ 72.82254926456153, 18.934360647370852 ], [ 72.822475251499583, 18.934798188227386 ], [ 72.822446662595041, 18.935240525536567 ], [ 72.822463773527815, 18.935683399404819 ], [ 72.822526419872645, 18.93612254473835 ], [ 72.822633998668607, 18.936553732317389 ], [ 72.822785474212239, 18.936972809526292 ], [ 72.822979388018908, 18.937375740347147 ], [ 72.823213872856982, 18.937758644231764 ], [ 72.823486670720115, 18.938117833477452 ], [ 72.823795154564962, 18.938449848746554 ], [ 72.824136353605354, 18.938751492387507 ], [ 72.824506981919413, 18.939019859236236 ], [ 72.824903470094242, 18.939252364601021 ], [ 72.82532199960383, 18.939446769161155 ], [ 72.825758539588222, 18.939601200539226 ], [ 72.826208885680472, 18.93971417133907 ], [ 72.826668700506389, 18.939784593475565 ], [ 72.827133555467327, 18.939811788657845 ], [ 72.827598973402587, 18.939795494925004 ], [ 72.828060471720534, 18.93973586917101 ], [ 72.828513605582387, 18.939633485634751 ], [ 72.8289540107222, 18.939489330369312 ], [ 72.829377445490067, 18.939304791744107 ], [ 72.829779831713481, 18.939081647071216 ], [ 72.830157293982467, 18.93882204548488 ], [ 72.830506196979954, 18.9385284872392 ], [ 72.830823180497674, 18.938203799623615 ], [ 72.831105191799878, 18.937851109728257 ], [ 72.831349515023305, 18.93747381432183 ], [ 72.831553797330102, 18.937075547132217 ], [ 72.83171607156207, 18.936660143845302 ], [ 72.831834775177938, 18.936231605159247 ], [ 72.831908765292141, 18.935794058250327 ], [ 72.831937329669898, 18.935351717021536 ] ] ] } },
{ "type": "Feature", "properties": { "station_id": "MUM_RAIL_STN_002", "station_name": "Marine Lines", "buffer_m": 500 }, "geometry": { "type": "Polygon", "coordinates": [ [ [ 72.828560109875866, 18.945843848856224 ], [ 72.82854298471274, 18.945400974286791 ], [ 72.828480321610584, 18.944961829472557 ], [ 72.828372724407103, 18.944530643607902 ], [ 72.828221229661409, 18.944111569204725 ], [ 72.828027296658391, 18.943708642103228 ], [ 72.827792793343164, 18.943325742607453 ], [ 72.82751997832159, 18.942966558119824 ], [ 72.827211479100569, 18.942634547634416 ], [ 72.826870266777988, 18.9423329084307 ], [ 72.826499627426301, 18.942064545288194 ], [ 72.826103130445418, 18.94183204251846 ], [ 72.825684594189752, 18.941637639083382 ], [ 72.825248049200269, 18.941483207039123 ], [ 72.824797699395532, 18.941370233513176 ], [ 72.824337881595312, 18.941299806387796 ], [ 72.823873023765842, 18.941272603827521 ], [ 72.823407602388883, 18.941288887751352 ], [ 72.822946099364287, 18.9413485013126 ], [ 72.822492958860749, 18.941450870410222 ], [ 72.822052544529825, 18.941595009217401 ], [ 72.821629097494579, 18.941779529673905 ], [ 72.821226695517055, 18.942002654850974 ], [ 72.820849213737404, 18.942262236060124 ], [ 72.82050028736225, 18.94255577354123 ], [ 72.820183276661382, 18.942880440530885 ], [ 72.819901234609702, 18.943233110479394 ], [ 72.819656877485798, 18.943610387154628 ], [ 72.819452558710509, 18.944008637342936 ], [ 72.819290246177189, 18.944424025832568 ], [ 72.819171503292495, 18.944852552342944 ], [ 72.819097473910404, 18.945290090044175 ], [ 72.819068871304879, 18.945732425296345 ], [ 72.819085971288033, 18.946175298225754 ], [ 72.819148609540278, 18.946614443747716 ], [ 72.819256183178865, 18.947045632640663 ], [ 72.819407656550254, 18.947464712276322 ], [ 72.819601571190987, 18.947867646613389 ], [ 72.819836059861558, 18.948250555069784 ], [ 72.820108864518957, 18.948609749898736 ], [ 72.820417358054513, 18.948941771708729 ], [ 72.820758569588861, 18.949243422785123 ], [ 72.821129213079828, 18.949511797892129 ], [ 72.821525718968402, 18.949744312258392 ], [ 72.821944268557914, 18.949938726476393 ], [ 72.822380830794955, 18.950093168075576 ], [ 72.82283120109814, 18.950206149561254 ], [ 72.82329104185996, 18.950276582745289 ], [ 72.823755924231804, 18.950303789230322 ], [ 72.82422137078872, 18.950287506946516 ], [ 72.824682898663227, 18.950227892677542 ], [ 72.825136062731659, 18.950125520551634 ], [ 72.825576498436888, 18.949981376511971 ], [ 72.825999963834434, 18.94979684881989 ], [ 72.826402380456599, 18.949573714682202 ], [ 72.826779872600426, 18.949314123131742 ], [ 72.827128804661058, 18.949020574326038 ], [ 72.827445816150146, 18.948695895463715 ], [ 72.827727854062573, 18.948343213550693 ], [ 72.827972202278758, 18.947965925278929 ], [ 72.828176507720215, 18.947567664307716 ], [ 72.828338803005977, 18.947152266263146 ], [ 72.828457525392224, 18.946723731793039 ], [ 72.8285315318127, 18.946286188033145 ], [ 72.828560109875866, 18.945843848856224 ] ] ] } },
{ "type": "Feature", "properties": { "station_id": "MUM_RAIL_STN_003", "station_name": "Charni Road", "buffer_m": 500 }, "geometry": { "type": "Polygon", "coordinates": [ [ [ 72.823316462261914, 18.951772388849832 ], [ 72.82329935212617, 18.951329515382081 ], [ 72.823236702452135, 18.950890370205382 ], [ 72.823129116948351, 18.950459182517665 ], [ 72.822977632061423, 18.950040104848451 ], [ 72.822783706981468, 18.949637173069451 ], [ 72.82254920957746, 18.94925426752976 ], [ 72.822276398398529, 18.948895075690007 ], [ 72.821967900914672, 18.948563056615072 ], [ 72.821626688207218, 18.948261407667076 ], [ 72.821256046352431, 18.947993033719335 ], [ 72.820859544774393, 18.947760519187398 ], [ 72.820441001871828, 18.947566103146304 ], [ 72.820004448249719, 18.947411657773532 ], [ 72.819554087909779, 18.94729867032483 ], [ 72.819094257773116, 18.947228228816428 ], [ 72.818629385924737, 18.947201011551261 ], [ 72.81816394898128, 18.94721728058985 ], [ 72.817702428992391, 18.947276879228756 ], [ 72.817249270289935, 18.947379233510574 ], [ 72.816808836700602, 18.947523357751116 ], [ 72.816385369532725, 18.947707864030395 ], [ 72.815982946742082, 18.947930975556151 ], [ 72.815605443669128, 18.948190543771368 ], [ 72.815256495725336, 18.948484069041104 ], [ 72.814939463388129, 18.948808724719576 ], [ 72.814657399840641, 18.949161384366096 ], [ 72.814413021568427, 18.949538651847821 ], [ 72.814208682195954, 18.94993689403973 ], [ 72.814046349814902, 18.950352275807202 ], [ 72.813927588023134, 18.950780796934492 ], [ 72.813853540856726, 18.951218330643673 ], [ 72.813824921761054, 18.95166066333336 ], [ 72.813842006707119, 18.95210353515467 ], [ 72.813904631520288, 18.952542681033645 ], [ 72.814012193447411, 18.952973871745392 ], [ 72.814163656947912, 18.953392954644155 ], [ 72.814357563653516, 18.953795893657265 ], [ 72.814592046401401, 18.954178808157629 ], [ 72.814864847205669, 18.954538010340237 ], [ 72.815173338994981, 18.954870040742779 ], [ 72.815514550906869, 18.955171701567799 ], [ 72.81588519689565, 18.95544008748556 ], [ 72.816281707378351, 18.955672613620504 ], [ 72.816700263614067, 18.955867040451693 ], [ 72.817136834485424, 18.956021495387002 ], [ 72.817587215327833, 18.956134490803194 ], [ 72.81804706843225, 18.956204938377844 ], [ 72.818511964831089, 18.956232159574917 ], [ 72.81897742696421, 18.956215892182776 ], [ 72.819438971813994, 18.956156292841591 ], [ 72.819892154093111, 18.956053935535742 ], [ 72.820332609068885, 18.955909806065655 ], [ 72.820756094611099, 18.95572529255227 ], [ 72.821158532057837, 18.955502172065845 ], [ 72.821536045505496, 18.955242593507755 ], [ 72.821884999143819, 18.954949056910422 ], [ 72.822202032276593, 18.954624389354926 ], [ 72.822484091690086, 18.954271717738393 ], [ 72.822728461057622, 18.953894438653656 ], [ 72.82293278709696, 18.953496185671646 ], [ 72.823095102228748, 18.953080794341641 ], [ 72.823213843518076, 18.952652265246861 ], [ 72.823287867716701, 18.952214725471428 ], [ 72.823316462261914, 18.951772388849832 ] ] ] } },
{ "type": "Feature", "properties": { "station_id": "MUM_RAIL_STN_004", "station_name": "Grant Road", "buffer_m": 500 }, "geometry": { "type": "Polygon", "coordinates": [ [ [ 72.820924493326729, 18.963760457810331 ], [ 72.820907391815254, 18.963317585162212 ], [ 72.820844747490099, 18.9628784398809 ], [ 72.820737164008577, 18.962447251165329 ], [ 72.820585677798064, 18.962028171554913 ], [ 72.820391748061724, 18.961625236940012 ], [ 72.820157242713549, 18.961242327696976 ], [ 72.819884420379339, 18.960883131322053 ], [ 72.819575908636736, 18.96055110692366 ], [ 72.819234678704419, 18.9602494519151 ], [ 72.818864016824577, 18.959981071227936 ], [ 72.818467492614133, 18.959748549342493 ], [ 72.81804892468972, 18.959554125404519 ], [ 72.817612343897153, 18.959399671667423 ], [ 72.817161954499639, 18.9592866754674 ], [ 72.816702093697955, 18.959216224904861 ], [ 72.816237189872169, 18.959188998369847 ], [ 72.815771719946625, 18.959205258012112 ], [ 72.815310166288285, 18.959264847218677 ], [ 72.814856973553077, 18.959367192122958 ], [ 72.814416505895096, 18.959511307131088 ], [ 72.813993004950603, 18.959695804412018 ], [ 72.813590549000381, 18.959918907260221 ], [ 72.813213013704058, 18.960178467202326 ], [ 72.812864034783345, 18.960471984683146 ], [ 72.812546973013852, 18.960796633132038 ], [ 72.812264881862134, 18.961149286178038 ], [ 72.812020478079631, 18.961526547752005 ], [ 72.811816115536516, 18.961924784785932 ], [ 72.811653762547778, 18.962340162194984 ], [ 72.81153498290989, 18.962768679805489 ], [ 72.81146092083101, 18.963206210873494 ], [ 72.811432289900353, 18.963648541823144 ], [ 72.811449366203149, 18.964091412822341 ], [ 72.811511985648337, 18.964530558805095 ], [ 72.811619545534668, 18.96496175054552 ], [ 72.811771010341516, 18.96538083538795 ], [ 72.8119649216883, 18.965783777240958 ], [ 72.81219941236769, 18.966166695450045 ], [ 72.812472224317574, 18.966525902174414 ], [ 72.812780730359449, 18.966857937907896 ], [ 72.813121959493643, 18.967159604801605 ], [ 72.813492625508658, 18.967427997467233 ], [ 72.813889158628655, 18.967660530964135 ], [ 72.814307739894645, 18.96785496570034 ], [ 72.814744337948071, 18.968009429007459 ], [ 72.815194747862407, 18.968122433181552 ], [ 72.8156546316484, 18.968192889815736 ], [ 72.816119560042765, 18.968220120286656 ], [ 72.816585055176986, 18.968203862293304 ], [ 72.817046633715307, 18.968144272385299 ], [ 72.817499850045721, 18.968041924456163 ], [ 72.817940339107309, 18.967897804216022 ], [ 72.818363858441387, 18.967713299696985 ], [ 72.818766329060395, 18.967490187882724 ], [ 72.81914387474103, 18.967230617591188 ], [ 72.819492859362498, 18.966937088775268 ], [ 72.819809921930116, 18.966612428441234 ], [ 72.820092008946659, 18.966259763416765 ], [ 72.820336403819582, 18.965882490231333 ], [ 72.820540753021135, 18.965484242399185 ], [ 72.820703088749013, 18.965068855420107 ], [ 72.820821847870093, 18.964640329835539 ], [ 72.820895886964649, 18.964202792695886 ], [ 72.820924493326729, 18.963760457810331 ] ] ] } },
{ "type": "Feature", "properties": { "station_id": "MUM_RAIL_STN_005", "station_name": "Mumbai Central", "buffer_m": 500 }, "geometry": { "type": "Polygon", "coordinates": [ [ [ 72.82354509709053, 18.969949119059621 ], [ 72.823527989799274, 18.969506246171552 ], [ 72.823465337983734, 18.969067101130452 ], [ 72.823357745373457, 18.9686359131329 ], [ 72.823206248483899, 18.96821683471131 ], [ 72.823012306621052, 18.967813901744531 ], [ 72.822777787815838, 18.967430994592974 ], [ 72.822504950823642, 18.967071800732633 ], [ 72.822196423363238, 18.966739779247671 ], [ 72.821855176804647, 18.966438127523258 ], [ 72.821484497550145, 18.966169750459265 ], [ 72.821087955383888, 18.965937232501084 ], [ 72.820669369095299, 18.965742812756616 ], [ 72.820232769706948, 18.965588363438862 ], [ 72.81978236166097, 18.965475371841443 ], [ 72.819322482337583, 18.965404926020476 ], [ 72.818857560295086, 18.965377704320353 ], [ 72.818392072633102, 18.965393968844321 ], [ 72.817930501889293, 18.96545356293241 ], [ 72.817477292883993, 18.965555912671121 ], [ 72.817036809927899, 18.965700032420077 ], [ 72.816613294804483, 18.965884534302653 ], [ 72.81621082593108, 18.966107641569089 ], [ 72.81583327909172, 18.966367205703538 ], [ 72.815484290119286, 18.966660727110504 ], [ 72.815167219886234, 18.966985379181597 ], [ 72.814885121940705, 18.967338035511037 ], [ 72.814640713099635, 18.967715299998094 ], [ 72.81443634728204, 18.968113539546739 ], [ 72.814273992834558, 18.968528919047944 ], [ 72.814155213567858, 18.968957438307893 ], [ 72.814081153686686, 18.969394970566722 ], [ 72.814052526759212, 18.969837302237078 ], [ 72.814069608832312, 18.9702801734799 ], [ 72.814132235759431, 18.970719319226795 ], [ 72.814239804767425, 18.97115051025407 ], [ 72.814391280247918, 18.971569593912871 ], [ 72.814585203717598, 18.9719725341231 ], [ 72.814819707852422, 18.972355450245974 ], [ 72.815092534460803, 18.972714654460738 ], [ 72.815401056222939, 18.973046687285322 ], [ 72.815742301987825, 18.973348350898771 ], [ 72.816112985383697, 18.973616739944323 ], [ 72.816509536467251, 18.973849269516155 ], [ 72.816928136106355, 18.974043700060047 ], [ 72.817364752765428, 18.974198158947996 ], [ 72.817815181338574, 18.974311158518578 ], [ 72.818275083656758, 18.974381610409306 ], [ 72.818740030278008, 18.974408836042496 ], [ 72.819205543158134, 18.974392573163783 ], [ 72.819667138790379, 18.97433297836989 ], [ 72.820120371397948, 18.974230625601464 ], [ 72.820560875763107, 18.974086500615293 ], [ 72.820984409279689, 18.973901991489264 ], [ 72.821386892823469, 18.973678875251508 ], [ 72.821764450046672, 18.973419300762639 ], [ 72.82211344471736, 18.97312576801605 ], [ 72.822430515744117, 18.972801104055925 ], [ 72.822712609548262, 18.972448435744919 ], [ 72.822957009472049, 18.972071159644212 ], [ 72.823161361939128, 18.971672909296146 ], [ 72.823323699115903, 18.97125752022475 ], [ 72.823442457855435, 18.970828992991642 ], [ 72.82351649474181, 18.970391454663059 ], [ 72.82354509709053, 18.969949119059621 ] ] ] } },
{ "type": "Feature", "properties": { "station_id": "MUM_RAIL_STN_006", "station_name": "Mahalaxmi", "buffer_m": 500 }, "geometry": { "type": "Polygon", "coordinates": [ [ [ 72.828900372122447, 18.98232954336714 ], [ 72.828883252954185, 18.981886669983396 ], [ 72.828820585837462, 18.981447525436472 ], [ 72.828712974649477, 18.98101633891801 ], [ 72.828561456084728, 18.980597262946073 ], [ 72.828367489658191, 18.980194333375749 ], [ 72.828132943637371, 18.979811430534578 ], [ 72.827860077039844, 18.979452241856912 ], [ 72.827551517869466, 18.979120226376839 ], [ 72.82721023780158, 18.978818581421571 ], [ 72.826839523561048, 18.978550211825684 ], [ 72.826442945268781, 18.978317701962553 ], [ 72.826024322061869, 18.978123290862062 ], [ 72.825587685318155, 18.977968850653923 ], [ 72.825137239839293, 18.977855868544037 ], [ 72.824677323365648, 18.977785432497168 ], [ 72.82421236481305, 18.97775822076364 ], [ 72.823746841632385, 18.977774495350797 ], [ 72.823285236703143, 18.977834099501866 ], [ 72.82283199517461, 18.97793645920656 ], [ 72.822391481670522, 18.978080588728663 ], [ 72.821967938268386, 18.978265100097595 ], [ 72.821565443657761, 18.978488216472375 ], [ 72.8211878738705, 18.978747789249592 ], [ 72.820838864960521, 18.979041318750678 ], [ 72.82052177799234, 18.979365978289401 ], [ 72.820239666675405, 18.979718641388189 ], [ 72.819995247955617, 18.980095911881204 ], [ 72.819790875847346, 18.98049415661464 ], [ 72.81962851875808, 18.980909540429561 ], [ 72.819509740524182, 18.981338063090622 ], [ 72.819435685340792, 18.981775597805175 ], [ 72.819407066731131, 18.982217930962161 ], [ 72.819424160662265, 18.982660802708118 ], [ 72.819486802873683, 18.983099947969691 ], [ 72.819594390445317, 18.983531137527745 ], [ 72.819745887590202, 18.983950218747424 ], [ 72.819939835616566, 18.984353155571974 ], [ 72.820174366963954, 18.984736067395069 ], [ 72.820447223178718, 18.985095266437202 ], [ 72.820755776655986, 18.985427293265964 ], [ 72.821097055939205, 18.98572895011803 ], [ 72.821467774333684, 18.98599733170164 ], [ 72.821864361558852, 18.986229853182731 ], [ 72.822282998134355, 18.986424275084957 ], [ 72.822719652168573, 18.986578724863488 ], [ 72.823170118195421, 18.986691714944655 ], [ 72.823630057684838, 18.986762157057335 ], [ 72.824095040836596, 18.986789372718128 ], [ 72.824560589254389, 18.986773099768747 ], [ 72.825022219088936, 18.986713494903043 ], [ 72.82547548423382, 18.986611132158753 ], [ 72.825916019157745, 18.986466997388906 ], [ 72.826339580960081, 18.986282478765748 ], [ 72.826742090244139, 18.986059353409043 ], [ 72.827119670414149, 18.985799770267374 ], [ 72.827468685017237, 18.985506229417599 ], [ 72.827785772770071, 18.985181557982067 ], [ 72.828067879933073, 18.98482888289556 ], [ 72.82831228971996, 18.984451600784574 ], [ 72.828516648459654, 18.984053345249411 ], [ 72.828678988258417, 18.98363795186409 ], [ 72.828797745944314, 18.983209421231759 ], [ 72.828871778111917, 18.982771880451384 ], [ 72.828900372122447, 18.98232954336714 ] ] ] } },
{ "type": "Feature", "properties": { "station_id": "MUM_RAIL_STN_007", "station_name": "Lower Parel", "buffer_m": 500 }, "geometry": { "type": "Polygon", "coordinates": [ [ [ 72.834919521452832, 18.995374335803607 ], [ 72.834902388747196, 18.994931461839045 ], [ 72.834839704481226, 18.994492317849627 ], [ 72.834732072697506, 18.994061133021507 ], [ 72.834580530289131, 18.993642059856299 ], [ 72.834386537000825, 18.993239134181906 ], [ 72.834151961358899, 18.992856236288166 ], [ 72.833879062666242, 18.992497053561642 ], [ 72.833570469235781, 18.992165044978929 ], [ 72.833229153072736, 18.991863407800693 ], [ 72.832858401249396, 18.99159504678649 ], [ 72.832461784248409, 18.991362546226949 ], [ 72.83204312157946, 18.991168145062307 ], [ 72.831606445000133, 18.991013715326549 ], [ 72.831155959695394, 18.99090074412473 ], [ 72.830696003788887, 18.990830319316586 ], [ 72.830231006575787, 18.990803119044294 ], [ 72.829765445879076, 18.990819405204888 ], [ 72.829303804939215, 18.990879020930279 ], [ 72.828850529252051, 18.990981392098831 ], [ 72.828409983770072, 18.991125532864114 ], [ 72.827986410878594, 18.991310055147398 ], [ 72.827583889551079, 18.99153318200279 ], [ 72.827206296076639, 18.991792764726092 ], [ 72.826857266737306, 18.9920863035431 ], [ 72.826540162794473, 18.99241097167803 ], [ 72.826258038121182, 18.992763642570605 ], [ 72.826013609792156, 18.993140919980046 ], [ 72.825809231914576, 18.993539170685995 ], [ 72.825646872951751, 18.993954559472023 ], [ 72.825528096758418, 18.99438308605491 ], [ 72.825454047510348, 18.994820623604209 ], [ 72.82542543867396, 18.995262958481497 ], [ 72.825442546122474, 18.995705830816629 ], [ 72.825505205465504, 18.99614497553047 ], [ 72.825612813618264, 18.996576163409024 ], [ 72.825764334595789, 18.996995241833456 ], [ 72.825958309476917, 18.99739817477375 ], [ 72.826192870442668, 18.997781081660829 ], [ 72.826465758754239, 18.998140274762555 ], [ 72.826774346497587, 18.998472294703582 ], [ 72.827115661886054, 18.998773943786777 ], [ 72.827486417877125, 18.999042316795062 ], [ 72.827883043827967, 18.999274828976898 ], [ 72.828301719884976, 18.999469240945416 ], [ 72.82873841377608, 18.999623680251414 ], [ 72.829188919651017, 18.999736659422094 ], [ 72.829648898595664, 18.999807090291451 ], [ 72.83011392042944, 18.999834294484405 ], [ 72.830579506383287, 18.999818009953227 ], [ 72.831041172246074, 18.99975839350342 ], [ 72.831494471564199, 18.999656019284423 ], [ 72.831935038477013, 18.999511873259927 ], [ 72.832358629775698, 18.999327343710739 ], [ 72.832761165779345, 18.999104207862004 ], [ 72.8331387696349, 18.998844614763513 ], [ 72.833487804661331, 18.998551064588181 ], [ 72.833804909378756, 18.998226384548307 ], [ 72.834087029884316, 18.997873701661636 ], [ 72.834331449263473, 18.997496412629893 ], [ 72.834535813752993, 18.997098151120085 ], [ 72.834698155404041, 18.9966827527638 ], [ 72.834816911027175, 18.996254218212059 ], [ 72.834890937237134, 18.995816674601546 ], [ 72.834919521452832, 18.995374335803607 ] ] ] } },
{ "type": "Feature", "properties": { "station_id": "MUM_RAIL_STN_008", "station_name": "Prabhadevi", "buffer_m": 500 }, "geometry": { "type": "Polygon", "coordinates": [ [ [ 72.840860620301143, 19.00761864845688 ], [ 72.840843474091912, 19.007175773903558 ], [ 72.840780772928781, 19.006736630468101 ], [ 72.840673121017289, 19.006305447331201 ], [ 72.840521555444568, 19.00588637697804 ], [ 72.840327536178563, 19.005483455209269 ], [ 72.840092931995898, 19.005100562276958 ], [ 72.839820002474298, 19.004741385519708 ], [ 72.839511376223584, 19.004409383856519 ], [ 72.839170025564968, 19.004107754481264 ], [ 72.838799237902805, 19.003839402078242 ], [ 72.838402584064724, 19.00360691085508 ], [ 72.837983883914887, 19.003412519662024 ], [ 72.837547169571607, 19.00325810043703 ], [ 72.83709664658322, 19.003145140183904 ], [ 72.836636653436003, 19.003074726657001 ], [ 72.836171619783485, 19.003047537889902 ], [ 72.835706023799261, 19.003063835668943 ], [ 72.835244349063373, 19.003123463014266 ], [ 72.834791041396883, 19.003225845692473 ], [ 72.834350466060116, 19.003369997746407 ], [ 72.833926865725701, 19.003554530988822 ], [ 72.833524319631337, 19.003777668368421 ], [ 72.83314670430461, 19.004037261079816 ], [ 72.832797656238043, 19.004330809252757 ], [ 72.832480536873447, 19.004655486021477 ], [ 72.832198400232542, 19.005008164742694 ], [ 72.831953963505498, 19.005385449100292 ], [ 72.831749580880597, 19.005783705807055 ], [ 72.831587220867149, 19.006199099588795 ], [ 72.83146844733028, 19.006627630114174 ], [ 72.831394404420521, 19.007065170514736 ], [ 72.831365805543513, 19.007507507124537 ], [ 72.831382926476877, 19.007950380056648 ], [ 72.83144560270064, 19.008389524226082 ], [ 72.831553230967657, 19.00882071042393 ], [ 72.831704775099425, 19.009239786047385 ], [ 72.831898775951998, 19.009642715093264 ], [ 72.832133365456357, 19.010025617029836 ], [ 72.832406284598832, 19.010384804172464 ], [ 72.832714905168487, 19.010716817203054 ], [ 72.833056255062431, 19.011018458490899 ], [ 72.833427046905683, 19.011286822893883 ], [ 72.833823709709947, 19.011519325743247 ], [ 72.834242423266502, 19.011713727741949 ], [ 72.83467915494181, 19.011868156536774 ], [ 72.835129698521456, 19.011981124756165 ], [ 72.835589714727902, 19.01205154433962 ], [ 72.836054773021445, 19.012078737020804 ], [ 72.836520394281521, 19.012062440862962 ], [ 72.836982093956792, 19.012002812783667 ], [ 72.837435425267742, 19.011900427044516 ], [ 72.83787602204545, 19.011756269720284 ], [ 72.838299640793309, 19.011571729200771 ], [ 72.838702201565994, 19.011348582816911 ], [ 72.839079827271846, 19.011088979720135 ], [ 72.839428881019472, 19.01079542017979 ], [ 72.83974600114874, 19.010470731498479 ], [ 72.840028133608541, 19.010118040777293 ], [ 72.840272561369403, 19.009740744793497 ], [ 72.840476930587599, 19.009342477281095 ], [ 72.840639273269034, 19.00892707392951 ], [ 72.840758026214601, 19.008498535437877 ], [ 72.840832046065145, 19.008060988980759 ], [ 72.840860620301143, 19.00761864845688 ] ] ] } },
{ "type": "Feature", "properties": { "station_id": "MUM_RAIL_STN_009", "station_name": "Dadar", "buffer_m": 500 }, "geometry": { "type": "Polygon", "coordinates": [ [ [ 72.847885267114719, 19.019616239278438 ], [ 72.847868104449233, 19.019173363951598 ], [ 72.847805383497459, 19.018734221163644 ], [ 72.847697708655744, 19.018303040088853 ], [ 72.847546117232241, 19.017883973192394 ], [ 72.847352069443971, 19.01748105624144 ], [ 72.847117434342294, 19.017098169441503 ], [ 72.84684447180274, 19.016739000071965 ], [ 72.846535810753053, 19.016407006980518 ], [ 72.846194423849454, 19.016105387278341 ], [ 72.845823598845186, 19.015837045556502 ], [ 72.845426906927315, 19.015604565919656 ], [ 72.845008168326459, 19.015410187106443 ], [ 72.84457141553095, 19.015255780935558 ], [ 72.844120854459149, 19.015142834285129 ], [ 72.843660823963774, 19.015072434778567 ], [ 72.843195754057732, 19.015045260314501 ], [ 72.842730123263493, 19.015061572541665 ], [ 72.842268415496036, 19.015121214341153 ], [ 72.841815076894363, 19.015223611340556 ], [ 72.841374473016472, 19.015367777444958 ], [ 72.840950846809775, 19.015552324331964 ], [ 72.840548277761073, 19.015775474819044 ], [ 72.840170642618986, 19.016035079974753 ], [ 72.839821578066918, 19.016328639809142 ], [ 72.839504445705572, 19.016653327344279 ], [ 72.839222299682021, 19.017006015833282 ], [ 72.838977857276959, 19.017383308866048 ], [ 72.838773472733621, 19.017781573071868 ], [ 72.83861111458009, 19.018196973104349 ], [ 72.838492346663898, 19.018625508571919 ], [ 72.838418313081704, 19.019063052558487 ], [ 72.838389727149675, 19.019505391363463 ], [ 72.838406864521019, 19.019948265078689 ], [ 72.838469560517751, 19.020387408611473 ], [ 72.838577211702514, 19.020818592758893 ], [ 72.838728781676281, 19.021237664937733 ], [ 72.838922811046331, 19.021640589177789 ], [ 72.839157431469104, 19.022023484993451 ], [ 72.839430383633172, 19.022382664758858 ], [ 72.83973903900953, 19.022714669226826 ], [ 72.840080425159954, 19.023016300848955 ], [ 72.840451254360147, 19.023284654576134 ], [ 72.84084795526185, 19.023517145842323 ], [ 72.841266707289137, 19.023711535461995 ], [ 72.841703477437719, 19.023865951201149 ], [ 72.842154059122365, 19.023978905813955 ], [ 72.842614112698257, 19.02404931137103 ], [ 72.843079207265461, 19.024076489741205 ], [ 72.843544863353856, 19.024060179125659 ], [ 72.844006596076355, 19.02400053658134 ], [ 72.84445995833498, 19.023898136509306 ], [ 72.844900583662607, 19.023753965122538 ], [ 72.845324228287524, 19.023569410946422 ], [ 72.84572681201513, 19.023346251443613 ], [ 72.846104457532704, 19.023086635892032 ], [ 72.846453527758101, 19.022793064681125 ], [ 72.846770660872608, 19.022468365226029 ], [ 72.847052802700233, 19.022115664731693 ], [ 72.847297236121491, 19.02173836006958 ], [ 72.847501607238385, 19.021340085057307 ], [ 72.847663948038829, 19.020924675456556 ], [ 72.847782695342175, 19.020496132026601 ], [ 72.847856705843853, 19.020058581989531 ], [ 72.847885267114719, 19.019616239278438 ] ] ] } },
{ "type": "Feature", "properties": { "station_id": "MUM_RAIL_STN_010", "station_name": "Matunga Road", "buffer_m": 500 }, "geometry": { "type": "Polygon", "coordinates": [ [ [ 72.851676990618842, 19.028423888125044 ], [ 72.851659819492113, 19.027981012464203 ], [ 72.851597087637714, 19.027541870046711 ], [ 72.851489399557167, 19.027110690043216 ], [ 72.851337792686238, 19.026691624908437 ], [ 72.851143727390848, 19.0262887103925 ], [ 72.850909072891042, 19.025905826677345 ], [ 72.850636089249164, 19.02554666101253 ], [ 72.85032740559619, 19.025214672209977 ], [ 72.849985994805991, 19.024913057339479 ], [ 72.849615144861744, 19.024644720945464 ], [ 72.849218427190564, 19.024412247081226 ], [ 72.848799662270935, 19.02421787442977 ], [ 72.848362882844455, 19.024063474750431 ], [ 72.847912295085791, 19.023950534858812 ], [ 72.84745223810441, 19.023880142313246 ], [ 72.846987142168103, 19.02385297494537 ], [ 72.846521486049809, 19.023869294335643 ], [ 72.846059753908193, 19.023928943296241 ], [ 72.845606392116835, 19.024031347385886 ], [ 72.84516576645693, 19.024175520441471 ], [ 72.844742120085513, 19.024360074073773 ], [ 72.84433953268352, 19.024583231035415 ], [ 72.843961881176327, 19.024842842332699 ], [ 72.84361280240492, 19.025136407916637 ], [ 72.843295658106996, 19.025461100754008 ], [ 72.843013502544679, 19.025813794046961 ], [ 72.842769053090663, 19.026191091339182 ], [ 72.842564664056226, 19.026589359218992 ], [ 72.842402304012893, 19.027004762304639 ], [ 72.842283536826571, 19.027433300175144 ], [ 72.842209506587139, 19.027870845891247 ], [ 72.842180926578763, 19.02831318573568 ], [ 72.842198072397835, 19.028756059790211 ], [ 72.842260779285155, 19.0291952029588 ], [ 72.842368443698717, 19.02962638604194 ], [ 72.842520029112222, 19.030045456466556 ], [ 72.842714075984361, 19.030448378279264 ], [ 72.842948715803075, 19.030831271017675 ], [ 72.843221689070219, 19.031190447085493 ], [ 72.843530367053489, 19.031522447271023 ], [ 72.84387177709695, 19.031824074067011 ], [ 72.844242631246047, 19.032092422470754 ], [ 72.844639357912158, 19.032324907967421 ], [ 72.845058136271049, 19.032519291426979 ], [ 72.8454949330647, 19.032673700674753 ], [ 72.845945541451044, 19.032786648527424 ], [ 72.846405621527865, 19.032857047120725 ], [ 72.84687074213987, 19.032884218390585 ], [ 72.847336423565821, 19.032867900606639 ], [ 72.847798180674488, 19.032808250894938 ], [ 72.848251566132845, 19.032705843725651 ], [ 72.848692213250189, 19.032561665380218 ], [ 72.849115878044856, 19.032377104451157 ], [ 72.849518480127927, 19.032153938466248 ], [ 72.849896142009868, 19.031894316765957 ], [ 72.850245226450966, 19.031600739799057 ], [ 72.850562371495641, 19.031276035036193 ], [ 72.850844522853095, 19.030923329733515 ], [ 72.851088963312208, 19.030546020808867 ], [ 72.851293338907354, 19.030147742120946 ], [ 72.851455681583531, 19.029732329466874 ], [ 72.851574428142172, 19.029303783635321 ], [ 72.851648435286151, 19.028866231871483 ], [ 72.851676990618842, 19.028423888125044 ] ] ] } },
{ "type": "Feature", "properties": { "station_id": "MUM_RAIL_STN_011", "station_name": "Mahim Junction", "buffer_m": 500 }, "geometry": { "type": "Polygon", "coordinates": [ [ [ 72.851666779335702, 19.040771842393035 ], [ 72.851649610524078, 19.040328967158608 ], [ 72.851586877583344, 19.039889824829238 ], [ 72.851479185025738, 19.039458644574673 ], [ 72.851327570330426, 19.039039578852002 ], [ 72.851133493938903, 19.038636663416941 ], [ 72.850898825178234, 19.038253778460199 ], [ 72.850625824248297, 19.037894611243185 ], [ 72.850317120446604, 19.037562620592649 ], [ 72.84997568684112, 19.037261003596068 ], [ 72.849604811634748, 19.036992664818225 ], [ 72.849208066497781, 19.036760188335279 ], [ 72.848789272173164, 19.036565812855322 ], [ 72.848352461685465, 19.036411410164838 ], [ 72.847901841508275, 19.036298467108363 ], [ 72.847441751063045, 19.036228071274653 ], [ 72.846976620939586, 19.036200900526978 ], [ 72.846510930239774, 19.036217216478295 ], [ 72.846049163455064, 19.036276861973963 ], [ 72.84559576729238, 19.036379262606062 ], [ 72.845155107863647, 19.036523432244859 ], [ 72.84473142865096, 19.036707982534104 ], [ 72.844328809651316, 19.036931136258691 ], [ 72.843951128094204, 19.037190744456218 ], [ 72.843602021110001, 19.037484307107654 ], [ 72.843284850707988, 19.037808997208131 ], [ 72.843002671401749, 19.038161687986289 ], [ 72.842758200792701, 19.038538983010138 ], [ 72.842553793395979, 19.038937248889944 ], [ 72.842391417960101, 19.039352650263311 ], [ 72.842272638499438, 19.039781186725836 ], [ 72.8421985992223, 19.040218731351871 ], [ 72.84217001350018, 19.040661070434691 ], [ 72.84218715698475, 19.041103944063401 ], [ 72.842249864939589, 19.041543087146053 ], [ 72.84235753381266, 19.041974270483951 ], [ 72.842509127035001, 19.042393341501512 ], [ 72.842703184990285, 19.042796264239545 ], [ 72.842937839059957, 19.043179158226685 ], [ 72.843210829608694, 19.043538335854496 ], [ 72.843519527737925, 19.043870337896141 ], [ 72.843860960597681, 19.044171966826394 ], [ 72.84423184001372, 19.04444031762187 ], [ 72.844628594153946, 19.044672805744582 ], [ 72.845047401929506, 19.044867192039113 ], [ 72.845484229798814, 19.045021604303386 ], [ 72.845934870620368, 19.04513455532495 ], [ 72.846394984179369, 19.045204957208973 ], [ 72.846860138997755, 19.045232131859652 ], [ 72.847325855024621, 19.045215817514052 ], [ 72.847787646795211, 19.045156171265102 ], [ 72.84824106664243, 19.045053767549675 ], [ 72.84868174754412, 19.044909592615983 ], [ 72.849105445193047, 19.044725035023774 ], [ 72.849508078883716, 19.044501872268782 ], [ 72.849885770822027, 19.044242253660457 ], [ 72.850234883478691, 19.043948679617916 ], [ 72.850552054626419, 19.043623977583753 ], [ 72.850834229723006, 19.043271274787976 ], [ 72.851078691328766, 19.042893968124368 ], [ 72.851283085274588, 19.042495691429988 ], [ 72.851445443328842, 19.042080280482818 ], [ 72.851564202145127, 19.041651736055197 ], [ 72.851638218308494, 19.041214185378859 ], [ 72.851666779335702, 19.040771842393035 ] ] ] } },
{ "type": "Feature", "properties": { "station_id": "MUM_RAIL_STN_012", "station_name": "Bandra", "buffer_m": 500 }, "geometry": { "type": "Polygon", "coordinates": [ [ [ 72.845077030631572, 19.055644769448037 ], [ 72.84505988215237, 19.055201895831981 ], [ 72.844997165472478, 19.054762753073057 ], [ 72.844889484947899, 19.054331570345227 ], [ 72.844737877942308, 19.053912500129439 ], [ 72.844543804823459, 19.053509578224691 ], [ 72.84430913488724, 19.053126684883971 ], [ 72.844036128345138, 19.052767507449364 ], [ 72.843727414548994, 19.052435504845938 ], [ 72.843385966663178, 19.052133874276148 ], [ 72.843015073028269, 19.051865520435346 ], [ 72.842618305492095, 19.051633027544582 ], [ 72.842199485013239, 19.051438634469797 ], [ 72.841762644868126, 19.051284213166728 ], [ 72.841311991815786, 19.051171250658982 ], [ 72.840851865594061, 19.051100834722448 ], [ 72.840386697137035, 19.051073643413858 ], [ 72.839920965915454, 19.051089938544038 ], [ 72.839459156810662, 19.051149563158749 ], [ 72.839005716936782, 19.051251943051088 ], [ 72.838565012826365, 19.051396092291021 ], [ 72.838141288391427, 19.051580622718731 ], [ 72.837738624064144, 19.051803757310427 ], [ 72.837360897510294, 19.052063347288023 ], [ 72.8370117462933, 19.052356892808049 ], [ 72.836694532848284, 19.05268156703076 ], [ 72.836412312103178, 19.053034243337823 ], [ 72.836167802058469, 19.053411525436829 ], [ 72.835963357609074, 19.053809780062657 ], [ 72.835800947860434, 19.054225171961512 ], [ 72.835682137157562, 19.054653700820396 ], [ 72.83560807000984, 19.055091239787071 ], [ 72.835579460057417, 19.055533575209481 ], [ 72.835596583185662, 19.055976447212107 ], [ 72.835659274854564, 19.056415590718785 ], [ 72.835766931669241, 19.056846776526811 ], [ 72.835918517177205, 19.057265852036853 ], [ 72.83611257183685, 19.057668781246466 ], [ 72.836347227061637, 19.058051683621944 ], [ 72.836620223205443, 19.058410871473995 ], [ 72.836928931316038, 19.058742885477223 ], [ 72.837270378447556, 19.059044527991077 ], [ 72.837641276288366, 19.059312893861193 ], [ 72.838038052829049, 19.059545398404264 ], [ 72.838456886764959, 19.059739802306545 ], [ 72.83889374430251, 19.0598942331962 ], [ 72.839344418014335, 19.060007203681227 ], [ 72.839804567368631, 19.060077625679156 ], [ 72.840269760542341, 19.060104820900339 ], [ 72.840735517114894, 19.060088527383577 ], [ 72.84119735123069, 19.060028902021116 ], [ 72.841650814814457, 19.059926519048581 ], [ 72.842091540422501, 19.059782364514394 ], [ 72.842515283316644, 19.059597826781818 ], [ 72.842917962355344, 19.059374683155365 ], [ 72.843295699307475, 19.059115082760325 ], [ 72.843644856210034, 19.0588215258405 ], [ 72.843962070409347, 19.058496839673726 ], [ 72.844244286948552, 19.058144151337334 ], [ 72.844488787988766, 19.057766857586039 ], [ 72.844693218981106, 19.057368592132701 ], [ 72.84485561133728, 19.05695319064726 ], [ 72.844974401380682, 19.056524653811103 ], [ 72.845048445395847, 19.056087108783029 ], [ 72.845077030631572, 19.055644769448037 ] ] ] } },
{ "type": "Feature", "properties": { "station_id": "MUM_RAIL_STN_013", "station_name": "Khar Road", "buffer_m": 500 }, "geometry": { "type": "Polygon", "coordinates": [ [ [ 72.844876925432715, 19.069950688999974 ], [ 72.844859780150628, 19.069507815909947 ], [ 72.844797062720872, 19.069068673236981 ], [ 72.844689377507009, 19.068637490154188 ], [ 72.844537761918104, 19.068218419145893 ], [ 72.84434367640489, 19.067815496018621 ], [ 72.844108990382836, 19.067432601037048 ], [ 72.843835964218499, 19.067073421558931 ], [ 72.843527227452796, 19.066741416528892 ], [ 72.843185753471374, 19.066439783172623 ], [ 72.842814830866104, 19.066171426212186 ], [ 72.842418031763728, 19.065938929898525 ], [ 72.841999177426729, 19.06574453313042 ], [ 72.841562301457387, 19.06559010789908 ], [ 72.841111610959501, 19.065477141265841 ], [ 72.840651446031274, 19.065406721046262 ], [ 72.840186237979211, 19.065379525338265 ], [ 72.839720466655095, 19.065395815995036 ], [ 72.839258617326152, 19.06545543610542 ], [ 72.838805137493551, 19.065557811505926 ], [ 72.838364394074404, 19.065701956309834 ], [ 72.837940631359004, 19.065886482400128 ], [ 72.837537930147988, 19.066109612794893 ], [ 72.837160168462148, 19.066369198756576 ], [ 72.836810984203154, 19.066662740480524 ], [ 72.836493740124283, 19.066987411163673 ], [ 72.836211491448523, 19.067340084221925 ], [ 72.83596695644539, 19.067717363394273 ], [ 72.835762490250332, 19.068115615443929 ], [ 72.835600062178386, 19.068531005141999 ], [ 72.835481236751264, 19.068959532196786 ], [ 72.835407158620427, 19.069397069773483 ], [ 72.835378541532108, 19.069839404233473 ], [ 72.835395661440742, 19.070282275710532 ], [ 72.835458353837595, 19.070721419133552 ], [ 72.83556601532112, 19.071152605300586 ], [ 72.83571760939418, 19.071571681608788 ], [ 72.835911676432929, 19.071974612047963 ], [ 72.836146347731813, 19.072357516072451 ], [ 72.83641936349008, 19.072716705976966 ], [ 72.836728094566752, 19.0730487224162 ], [ 72.837069567794771, 19.073350367726032 ], [ 72.837440494611243, 19.073618736725027 ], [ 72.837837302727564, 19.07385124469959 ], [ 72.838256170534876, 19.074045652302836 ], [ 72.838693063913226, 19.074200087127156 ], [ 72.839143775089809, 19.074313061742568 ], [ 72.839603963171754, 19.074383488026758 ], [ 72.840069195962755, 19.074410687648758 ], [ 72.840534992660338, 19.074394398604948 ], [ 72.840996867022184, 19.074334777744518 ], [ 72.841450370585108, 19.07423239925977 ], [ 72.8418911355201, 19.074088249155952 ], [ 72.842314916709981, 19.073903715753751 ], [ 72.842717632644167, 19.073680576316082 ], [ 72.843095404736047, 19.073420979927999 ], [ 72.843444594684101, 19.073127426794848 ], [ 72.843761839516361, 19.072802744158142 ], [ 72.844044083980947, 19.072450059061335 ], [ 72.844288609970107, 19.072072768228079 ], [ 72.844493062694866, 19.071674505343285 ], [ 72.84465547335779, 19.071259106052231 ], [ 72.844774278106215, 19.070830571015275 ], [ 72.844848333083348, 19.070393027373957 ], [ 72.844876925432715, 19.069950688999974 ] ] ] } },
{ "type": "Feature", "properties": { "station_id": "MUM_RAIL_STN_014", "station_name": "Santacruz", "buffer_m": 500 }, "geometry": { "type": "Polygon", "coordinates": [ [ [ 72.846530334739967, 19.082654101660694 ], [ 72.846513187405023, 19.082211228730326 ], [ 72.846450464406573, 19.081772086283529 ], [ 72.846342770162067, 19.081340903491174 ], [ 72.846191142167797, 19.080921832834715 ], [ 72.845997040994163, 19.080518910117188 ], [ 72.845762336207628, 19.080136015599201 ], [ 72.84548928835558, 19.079776836633943 ], [ 72.84518052718785, 19.079444832160959 ], [ 72.844839026325104, 19.079143199400448 ], [ 72.84446807461805, 19.078874843068622 ], [ 72.844071244473582, 19.078642347410266 ], [ 72.843652357452967, 19.078447951317742 ], [ 72.843215447473071, 19.078293526775695 ], [ 72.842764721964969, 19.078180560838739 ], [ 72.842304521363772, 19.078110141315715 ], [ 72.841839277319281, 19.078082946297826 ], [ 72.841373470029581, 19.078099237631623 ], [ 72.840911585107989, 19.078158858399462 ], [ 72.840458070398199, 19.078261234431594 ], [ 72.840017293152926, 19.078405379835292 ], [ 72.839593497988048, 19.078589906487874 ], [ 72.839190766016543, 19.078813037402117 ], [ 72.838812975555328, 19.079072623835575 ], [ 72.838463764783086, 19.079366165979188 ], [ 72.838146496708504, 19.079690837025975 ], [ 72.837864226785641, 19.080043510388453 ], [ 72.837619673488803, 19.08042078980279 ], [ 72.837415192129725, 19.080819042029976 ], [ 72.837252752169704, 19.081234431839462 ], [ 72.837133918245172, 19.081662958938558 ], [ 72.83705983508969, 19.082100496492057 ], [ 72.83703121649819, 19.082542830861559 ], [ 72.837048338439814, 19.08298570218172 ], [ 72.837111036386588, 19.083424845382883 ], [ 72.837218706883789, 19.083856031265189 ], [ 72.837370313347691, 19.08427510722845 ], [ 72.837564396035319, 19.084678037265686 ], [ 72.837799086090612, 19.085060940835 ], [ 72.838072123532299, 19.085420130235359 ], [ 72.838380879010572, 19.085752146126218 ], [ 72.838722379123482, 19.086053790848574 ], [ 72.839093335049085, 19.086322159226537 ], [ 72.839490174218369, 19.086554666552409 ], [ 72.839909074723266, 19.086749073485432 ], [ 72.840346002128726, 19.086903507624381 ], [ 72.840796748334, 19.087016481545831 ], [ 72.841256972108596, 19.0870869071341 ], [ 72.841722240912191, 19.087114106064909 ], [ 72.842188073595196, 19.087097816341323 ], [ 72.842649983568464, 19.087038194819126 ], [ 72.843103522025572, 19.086935815697029 ], [ 72.8435443208012, 19.086791664986539 ], [ 72.843968134452069, 19.086607131014244 ], [ 72.84437088115483, 19.086383991048674 ], [ 72.844748682026434, 19.086124394180107 ], [ 72.845097898488078, 19.08583084061863 ], [ 72.845415167312524, 19.085506157609995 ], [ 72.845697433016838, 19.085153472201373 ], [ 72.845941977288859, 19.084776181119523 ], [ 72.846146445163654, 19.084377918051839 ], [ 72.846308867698113, 19.08396251864545 ], [ 72.846427680925473, 19.083533983561868 ], [ 72.846501740907541, 19.083096439943116 ], [ 72.846530334739967, 19.082654101660694 ] ] ] } },
{ "type": "Feature", "properties": { "station_id": "MUM_RAIL_STN_015", "station_name": "Vile Parle", "buffer_m": 500 }, "geometry": { "type": "Polygon", "coordinates": [ [ [ 72.84874973741789, 19.099794921560616 ], [ 72.848732587332748, 19.099352048849173 ], [ 72.848669856835954, 19.098912906709032 ], [ 72.848562150417521, 19.098481724308012 ], [ 72.848410505691362, 19.098062654123698 ], [ 72.848216383389243, 19.09765973195443 ], [ 72.847981653281366, 19.097276838055397 ], [ 72.847708576159121, 19.096917659773666 ], [ 72.847399782054325, 19.096585656042024 ], [ 72.847058244904815, 19.096284024073363 ], [ 72.846687253910716, 19.096015668576108 ], [ 72.846290381857159, 19.095783173786852 ], [ 72.845871450708785, 19.095588778589477 ], [ 72.845434494807151, 19.095434354959885 ], [ 72.84498372202529, 19.09532138994383 ], [ 72.844523473253204, 19.095250971341255 ], [ 72.844058180604236, 19.095223777234452 ], [ 72.843592324744137, 19.095240069461251 ], [ 72.843130391753647, 19.095299691095452 ], [ 72.842676829938981, 19.09540206795905 ], [ 72.842236007006207, 19.095546214151408 ], [ 72.84181216801089, 19.095730741542379 ], [ 72.841409394487911, 19.095953873137805 ], [ 72.841031565154168, 19.096213460188821 ], [ 72.840682318562656, 19.096507002880614 ], [ 72.840365018066976, 19.096831674401052 ], [ 72.840082719433539, 19.097184348158287 ], [ 72.839838141413239, 19.097561627884819 ], [ 72.839633639556155, 19.097959880338756 ], [ 72.839471183521255, 19.098375270287484 ], [ 72.839352338100099, 19.098803797437029 ], [ 72.839278248137347, 19.099241334951763 ], [ 72.839249627493814, 19.099683669193663 ], [ 72.839266752158863, 19.100126540298582 ], [ 72.839329457578643, 19.100565683198901 ], [ 72.839437140226821, 19.100996868697564 ], [ 72.839588763403015, 19.101415944197971 ], [ 72.839782867203553, 19.101818873697468 ], [ 72.84001758256926, 19.102201776659186 ], [ 72.840290649275303, 19.102560965387767 ], [ 72.84059943769013, 19.102892980548976 ], [ 72.840940974094536, 19.103194624490662 ], [ 72.84131196931709, 19.10346299204431 ], [ 72.841708850410143, 19.10369549851 ], [ 72.842127795061643, 19.103889904555128 ], [ 72.842564768411151, 19.10404433778692 ], [ 72.843015561915124, 19.104157310790601 ], [ 72.843475833887183, 19.104227735459297 ], [ 72.843941151322468, 19.104254933477563 ], [ 72.844407032602646, 19.104238642857286 ], [ 72.844868990670165, 19.104179020462915 ], [ 72.845322576255057, 19.10407664050167 ], [ 72.845763420737825, 19.103932488993227 ], [ 72.846187278234723, 19.103747954272013 ], [ 72.846590066499871, 19.103524813613909 ], [ 72.84696790624983, 19.103265216116036 ], [ 72.847317158531311, 19.102971661994694 ], [ 72.847634459772067, 19.102646978501216 ], [ 72.847916754177064, 19.102294292687596 ], [ 72.848161323157868, 19.10191700128463 ], [ 72.848365811511812, 19.101518737982939 ], [ 72.848528250098838, 19.101103338432015 ], [ 72.848647074797896, 19.100674803294833 ], [ 72.848721141560674, 19.100237259713985 ], [ 72.84874973741789, 19.099794921560616 ] ] ] } },
{ "type": "Feature", "properties": { "station_id": "MUM_RAIL_STN_016", "station_name": "Andheri", "buffer_m": 500 }, "geometry": { "type": "Polygon", "coordinates": [ [ [ 72.851254539638887, 19.117230343806796 ], [ 72.851237386081337, 19.11678747127857 ], [ 72.851174647276338, 19.116348329473738 ], [ 72.851066927794307, 19.115917147556807 ], [ 72.850915265375235, 19.11549807800057 ], [ 72.850721120921634, 19.115095156597196 ], [ 72.850486364417222, 19.114712263594328 ], [ 72.85021325690775, 19.11435308633024 ], [ 72.849904428717792, 19.114021083727735 ], [ 72.849562854113458, 19.113719452988679 ], [ 72.849191822655442, 19.11345109880946 ], [ 72.848794907518482, 19.11321860541387 ], [ 72.848375931081875, 19.113024211672208 ], [ 72.847938928123071, 19.112869789546252 ], [ 72.84748810696793, 19.11275682606724 ], [ 72.847027808972001, 19.112686409020217 ], [ 72.846562466722204, 19.112659216472537 ], [ 72.846096561361676, 19.112675510246998 ], [ 72.845634579447392, 19.11273513340258 ], [ 72.845180969756427, 19.112837511746687 ], [ 72.844740100455525, 19.112981659364582 ], [ 72.844316217046583, 19.113166188112508 ], [ 72.843913401491932, 19.113389320983387 ], [ 72.843535532913123, 19.113648909216259 ], [ 72.843186250241047, 19.113942452985075 ], [ 72.842868917176745, 19.114267125467528 ], [ 72.842586589800362, 19.114619800062659 ], [ 72.842341987139761, 19.114997080495051 ], [ 72.842137464982528, 19.115395333516144 ], [ 72.841974993183428, 19.115810723887957 ], [ 72.841856136686161, 19.116239251312525 ], [ 72.841782040442411, 19.116676788951601 ], [ 72.841753418373926, 19.117119123165981 ], [ 72.841770546484142, 19.117561994091769 ], [ 72.841833260186419, 19.118001136662986 ], [ 72.841940955875046, 19.118432321685681 ], [ 72.842092596724385, 19.11885139656771 ], [ 72.842286722660845, 19.119254325312237 ], [ 72.842521464412314, 19.119637227389489 ], [ 72.842794561499957, 19.119996415112492 ], [ 72.843103383999761, 19.120328429156491 ], [ 72.84344495786425, 19.120630071879948 ], [ 72.843815993561137, 19.120898438125895 ], [ 72.844212917752841, 19.121130943206861 ], [ 72.844631907712071, 19.121325347803452 ], [ 72.8450689281417, 19.121479779536749 ], [ 72.84551977004449, 19.121592751006322 ], [ 72.845980091267606, 19.121663174120037 ], [ 72.846445458331416, 19.121690370577408 ], [ 72.846911389139294, 19.121674078405395 ], [ 72.8473733961563, 19.121614454483431 ], [ 72.847827029640683, 19.121512073033546 ], [ 72.84826792051129, 19.121367920089867 ], [ 72.848691822437388, 19.121183384000791 ], [ 72.849094652744981, 19.120960242055528 ], [ 72.849472531745604, 19.12070064336374 ], [ 72.849821820107849, 19.120407088153435 ], [ 72.850139153911996, 19.120082403686581 ], [ 72.850421477049494, 19.119729717024708 ], [ 72.850666070655365, 19.11935242490695 ], [ 72.85087057928996, 19.118954161030931 ], [ 72.851033033618222, 19.118538761051767 ], [ 72.85115186936784, 19.118110225636649 ], [ 72.851225942384431, 19.117672681930877 ], [ 72.851254539638887, 19.117230343806796 ] ] ] } },
{ "type": "Feature", "properties": { "station_id": "MUM_RAIL_STN_017", "station_name": "Jogeshwari", "buffer_m": 500 }, "geometry": { "type": "Polygon", "coordinates": [ [ [ 72.853724800791753, 19.136588191203813 ], [ 72.853707644194515, 19.136145318933213 ], [ 72.853644896976263, 19.135706177478376 ], [ 72.853537163788857, 19.135274996000355 ], [ 72.853385482504677, 19.134855926967582 ], [ 72.853191314208189, 19.134453006167035 ], [ 72.852956529113001, 19.134070113840398 ], [ 72.852683388540399, 19.133710937319215 ], [ 72.852374523133463, 19.133378935518966 ], [ 72.852032907516715, 19.133077305633606 ], [ 72.851661831645785, 19.132808952351109 ], [ 72.851264869122929, 19.132576459886455 ], [ 72.850845842783571, 19.132382067100849 ], [ 72.850408787885442, 19.132227645946749 ], [ 72.849957913254286, 19.13211468344592 ], [ 72.84949756076017, 19.132044267373956 ], [ 72.849032163514522, 19.132017075788795 ], [ 72.848566203189591, 19.132033370503997 ], [ 72.848104166871295, 19.132092994569536 ], [ 72.847650503860237, 19.132195373784157 ], [ 72.8472095828363, 19.132339522224843 ], [ 72.846785649799131, 19.132524051740081 ], [ 72.846382787188816, 19.132747185315562 ], [ 72.846004874579862, 19.133006774183738 ], [ 72.845655551327113, 19.133300318512617 ], [ 72.845338181522422, 19.133624991474711 ], [ 72.8450558215998, 19.133977666464606 ], [ 72.844811190900757, 19.134354947203249 ], [ 72.84460664548314, 19.134753200439288 ], [ 72.844444155426004, 19.135168590932782 ], [ 72.844325285849237, 19.13559711838468 ], [ 72.844251181830927, 19.136034655956529 ], [ 72.844222557368099, 19.136476990009783 ], [ 72.844239688487704, 19.136919860682074 ], [ 72.844302410574556, 19.137359002909815 ], [ 72.844410119942623, 19.137790187502247 ], [ 72.844561779634873, 19.138209261871271 ], [ 72.84475592939657, 19.138612190024823 ], [ 72.844990699726424, 19.138995091438662 ], [ 72.845263829870547, 19.139354278432013 ], [ 72.84557268958666, 19.139686291686957 ], [ 72.845914304468906, 19.139987933569358 ], [ 72.846285384589862, 19.140256298930186 ], [ 72.84668235618399, 19.140488803090303 ], [ 72.847101396067231, 19.140683206739052 ], [ 72.84753846846138, 19.140837637506525 ], [ 72.847989363868351, 19.1409506080015 ], [ 72.848449739619639, 19.141021030141186 ], [ 72.848915161710096, 19.141048225634449 ], [ 72.849381147512659, 19.141031932517564 ], [ 72.849843208962312, 19.140972307679124 ], [ 72.850296895792724, 19.140869925350085 ], [ 72.850737838408619, 19.140725771573155 ], [ 72.851161789980551, 19.140541234704912 ], [ 72.851564667356214, 19.140318092042232 ], [ 72.85194259039362, 19.140058492701886 ], [ 72.852291919337219, 19.139764936918315 ], [ 72.852609289876426, 19.139440251959172 ], [ 72.852891645548993, 19.139087564890943 ], [ 72.853136267176765, 19.138710272456834 ], [ 72.853340799050514, 19.138312008357651 ], [ 72.853503271611615, 19.137896608250795 ], [ 72.853622120412581, 19.137468072804751 ], [ 72.853696201173705, 19.13703052916518 ], [ 72.853724800791753, 19.136588191203813 ] ] ] } },
{ "type": "Feature", "properties": { "station_id": "MUM_RAIL_STN_018", "station_name": "Goregaon", "buffer_m": 500 }, "geometry": { "type": "Polygon", "coordinates": [ [ [ 72.854380191218866, 19.164925882857109 ], [ 72.854363038088977, 19.164483011459765 ], [ 72.854300286472849, 19.16404387027319 ], [ 72.854192541065302, 19.163612688455775 ], [ 72.854040839856964, 19.163193618479092 ], [ 72.853846644124744, 19.162790696139037 ], [ 72.853611824346856, 19.162407801691884 ], [ 72.853338642178912, 19.162048622489383 ], [ 72.853029728664794, 19.161716617472567 ], [ 72.852688058892383, 19.161414983866074 ], [ 72.852316923338819, 19.161146626393485 ], [ 72.851919896180959, 19.160914129309841 ], [ 72.851500800876423, 19.160719731520611 ], [ 72.851063673346701, 19.160565305026225 ], [ 72.850612723116512, 19.160452336899706 ], [ 72.850152292783449, 19.160381914970724 ], [ 72.849686816207935, 19.160354717353531 ], [ 72.849220775825614, 19.160371005919764 ], [ 72.848758659492731, 19.160430623778637 ], [ 72.848304917279833, 19.160532996788778 ], [ 72.847863918629002, 19.160677139087028 ], [ 72.847439910286994, 19.160861662581226 ], [ 72.847036975418661, 19.161084790315261 ], [ 72.846658994294103, 19.161344373578068 ], [ 72.84630960692779, 19.161637912591914 ], [ 72.845992178028951, 19.161962580580767 ], [ 72.845709764600784, 19.162315250987366 ], [ 72.845465086500198, 19.162692527577075 ], [ 72.845260500241878, 19.163090777138716 ], [ 72.84509797629859, 19.163506164467954 ], [ 72.844979080117056, 19.163934689296383 ], [ 72.844904957032142, 19.164372224810929 ], [ 72.844876321225087, 19.164814557392944 ], [ 72.844893448832735, 19.165257427194224 ], [ 72.844956175274405, 19.165696569159564 ], [ 72.845063896822694, 19.166127754100646 ], [ 72.845215576403874, 19.166546829425862 ], [ 72.84540975357217, 19.166949759133775 ], [ 72.845644558562753, 19.167332662684963 ], [ 72.845917730288278, 19.167691852377811 ], [ 72.846226638106188, 19.168023868868154 ], [ 72.846568307147464, 19.168325514490437 ], [ 72.846939446963091, 19.168593884059312 ], [ 72.847336483212416, 19.168826392854882 ], [ 72.847755592088447, 19.169020801521608 ], [ 72.848192737148139, 19.169175237641028 ], [ 72.848643708193109, 19.169288213770237 ], [ 72.849104161825849, 19.169358641772035 ], [ 72.849569663290552, 19.169385843298798 ], [ 72.850035729195113, 19.169369556328625 ], [ 72.850497870702469, 19.169309937690986 ], [ 72.850951636774639, 19.169207561557176 ], [ 72.851392657052614, 19.169063413910393 ], [ 72.85181668395856, 19.168878883048333 ], [ 72.852219633614197, 19.168655746210266 ], [ 72.852597625181147, 19.16839615245711 ], [ 72.852947018243682, 19.168102601969728 ], [ 72.853264447873642, 19.167777921965087 ], [ 72.85354685703976, 19.167425239462204 ], [ 72.853791526048866, 19.167047951160566 ], [ 72.853996098735692, 19.166649690721435 ], [ 72.854158605149024, 19.166234293767161 ], [ 72.854277480515776, 19.165805760936049 ], [ 72.854351580301014, 19.165368219348679 ], [ 72.854380191218866, 19.164925882857109 ] ] ] } },
{ "type": "Feature", "properties": { "station_id": "MUM_RAIL_STN_019", "station_name": "Malad", "buffer_m": 500 }, "geometry": { "type": "Polygon", "coordinates": [ [ [ 72.85368885164192, 19.186889242139998 ], [ 72.853671704415618, 19.186446371620288 ], [ 72.853608952602585, 19.186007230541794 ], [ 72.853501200900013, 19.185576048061808 ], [ 72.853349487359651, 19.185156976658195 ], [ 72.853155273377538, 19.184754052140487 ], [ 72.852920429607991, 19.184371154785765 ], [ 72.852647217937999, 19.184011971973618 ], [ 72.852338269695665, 19.183679962679633 ], [ 72.851996560303476, 19.18337832416945 ], [ 72.851625380620078, 19.183109961213635 ], [ 72.851228305247218, 19.182877458119858 ], [ 72.850809158106657, 19.18268305385126 ], [ 72.850371975618827, 19.182528620470496 ], [ 72.849920967837335, 19.182415645116791 ], [ 72.849460477913595, 19.182345215689264 ], [ 72.848994940281486, 19.18231801037431 ], [ 72.848528837964139, 19.18233429111768 ], [ 72.848066659413803, 19.182393901103922 ], [ 72.847612855299687, 19.182496266267513 ], [ 72.847171795659577, 19.182640400820969 ], [ 72.846747727827179, 19.18282491674681 ], [ 72.846344735539915, 19.183048037161971 ], [ 72.845966699620618, 19.183307613426063 ], [ 72.845617260611263, 19.183601145828924 ], [ 72.845299783718346, 19.183925807658422 ], [ 72.845017326407273, 19.184278472416811 ], [ 72.844772608957726, 19.184655743924061 ], [ 72.844567988263478, 19.185053989018133 ], [ 72.844405435129261, 19.185469372537899 ], [ 72.844286515283272, 19.185897894251756 ], [ 72.844212374288702, 19.186335427376783 ], [ 72.844183726499736, 19.186777758317387 ], [ 72.844200848169123, 19.187220627241238 ], [ 72.844263574773819, 19.187659769101561 ], [ 72.844371302585401, 19.188090954711001 ], [ 72.844522994470225, 19.188510031471445 ], [ 72.844717189864468, 19.1889129633675 ], [ 72.84495201882811, 19.189295869838542 ], [ 72.845225220043204, 19.189655063154639 ], [ 72.845534162583348, 19.18998708393654 ], [ 72.845875871245255, 19.190288734477157 ], [ 72.84624705519829, 19.190557109543562 ], [ 72.84664413967667, 19.190789624362708 ], [ 72.847063300408664, 19.190984039520846 ], [ 72.847500500451602, 19.191138482536843 ], [ 72.847951529077179, 19.19125146590121 ], [ 72.848412042332953, 19.191321901406965 ], [ 72.848877604888443, 19.191349110634132 ], [ 72.849343732762733, 19.191332831486619 ], [ 72.84980593652142, 19.191273220718561 ], [ 72.850259764526541, 19.191170852425508 ], [ 72.850700845822175, 19.191026712515217 ], [ 72.851124932242442, 19.190842189211029 ], [ 72.851527939335597, 19.190619059679548 ], [ 72.851905985709806, 19.19035947291151 ], [ 72.852255430421337, 19.190065929020712 ], [ 72.85257290804455, 19.189741255160801 ], [ 72.852855361085972, 19.189388578291812 ], [ 72.853100069430013, 19.189011295059196 ], [ 72.853304676532801, 19.18861303907558 ], [ 72.853467212111937, 19.188197645920582 ], [ 72.853586111113842, 19.187769116196066 ], [ 72.853660228776363, 19.187331576992822 ], [ 72.85368885164192, 19.186889242139998 ] ] ] } },
{ "type": "Feature", "properties": { "station_id": "MUM_RAIL_STN_020", "station_name": "Kandivali", "buffer_m": 500 }, "geometry": { "type": "Polygon", "coordinates": [ [ [ 72.856804318623119, 19.204587725158937 ], [ 72.856787166277428, 19.204144854737272 ], [ 72.856724404407984, 19.203705714059204 ], [ 72.856616637809182, 19.20327453227808 ], [ 72.856464904676585, 19.202855461864903 ], [ 72.856270666595194, 19.202452538619504 ], [ 72.856035794451643, 19.20206964280656 ], [ 72.855762550406283, 19.201710461790629 ], [ 72.855453566099129, 19.201378454529817 ], [ 72.855111817299928, 19.201076818270007 ], [ 72.85474059524681, 19.200808457759937 ], [ 72.85434347494936, 19.200575957283558 ], [ 72.853924280761774, 19.200381555778691 ], [ 72.853487049557259, 19.200227125281277 ], [ 72.853035991858249, 19.200114152902692 ], [ 72.852575451296545, 19.200043726513371 ], [ 72.852109862793242, 19.200016524270477 ], [ 72.851643709861008, 19.200032808090182 ], [ 72.851181481439127, 19.200092421127493 ], [ 72.850727628676736, 19.200194789287593 ], [ 72.850286522079827, 19.200338926754281 ], [ 72.849862409433996, 19.200523445482158 ], [ 72.849459374908051, 19.200746568561357 ], [ 72.849081299731424, 19.201006147325987 ], [ 72.848731824824142, 19.201299682042016 ], [ 72.848414315738381, 19.201624345975176 ], [ 72.848131830249699, 19.201977012607653 ], [ 72.847887088909289, 19.202354285741507 ], [ 72.847682448841269, 19.202752532199156 ], [ 72.847519881037215, 19.203167916806443 ], [ 72.847400951366964, 19.20359643932137 ], [ 72.847326805488706, 19.204033972953315 ], [ 72.847298157804033, 19.204476304101814 ], [ 72.847315284565127, 19.204919172932495 ], [ 72.847378021200299, 19.205358314399405 ], [ 72.847485763884876, 19.205789499318897 ], [ 72.847637475342353, 19.206208575099343 ], [ 72.847831694820684, 19.206611505734674 ], [ 72.848066552148097, 19.206994410676202 ], [ 72.848339785733657, 19.207353602208578 ], [ 72.848648764339302, 19.207685620969539 ], [ 72.84899051241436, 19.207987269271278 ], [ 72.849361738748584, 19.208255641902273 ], [ 72.849758868167839, 19.208488154112775 ], [ 72.850178075967392, 19.208682566514035 ], [ 72.850615324750933, 19.208837006651368 ], [ 72.851066403320473, 19.208949987042953 ], [ 72.851526967242165, 19.209020419510381 ], [ 72.851992580697186, 19.209047625662961 ], [ 72.852458759214031, 19.209031343434237 ], [ 72.852921012870198, 19.208971729608084 ], [ 72.853374889546771, 19.208869358309617 ], [ 72.853816017818815, 19.208725215475656 ], [ 72.854240149067735, 19.20854068935785 ], [ 72.854643198409804, 19.208317557150068 ], [ 72.855021284046231, 19.208057967868989 ], [ 72.855370764655035, 19.207764421652808 ], [ 72.855688274464924, 19.207439745677728 ], [ 72.855970755672487, 19.207087066924327 ], [ 72.856215487891092, 19.206709782056347 ], [ 72.856420114347159, 19.206311524702301 ], [ 72.856582664572187, 19.205896130455095 ], [ 72.856701573371907, 19.205467599927182 ], [ 72.856775695890192, 19.205030060217112 ], [ 72.856804318623119, 19.204587725158937 ] ] ] } },
{ "type": "Feature", "properties": { "station_id": "MUM_RAIL_STN_021", "station_name": "Borivali", "buffer_m": 500 }, "geometry": { "type": "Polygon", "coordinates": [ [ [ 72.861402711228777, 19.229119019642653 ], [ 72.861385551002954, 19.228676149315117 ], [ 72.861322774400776, 19.228237009223104 ], [ 72.86121498635903, 19.227805828514168 ], [ 72.861063225280205, 19.227386759648805 ], [ 72.860868953018866, 19.226983838411726 ], [ 72.860634040791112, 19.226600945048045 ], [ 72.860360751143517, 19.22624176689845 ], [ 72.860051716155368, 19.225909762893231 ], [ 72.859709912084483, 19.225608130246652 ], [ 72.85933863070116, 19.225339773672431 ], [ 72.858941447586119, 19.225107277416409 ], [ 72.858522187698213, 19.224912880375594 ], [ 72.858084888542933, 19.224758454542794 ], [ 72.857633761296654, 19.224645486984368 ], [ 72.857173150260437, 19.224575065524309 ], [ 72.856707491033504, 19.224547868272289 ], [ 72.856241267809068, 19.224564157096498 ], [ 72.85577897020282, 19.224623775103826 ], [ 72.855325050029663, 19.224726148151756 ], [ 72.854883878444312, 19.224870290377176 ], [ 72.854459703857884, 19.225054813689095 ], [ 72.854056611035375, 19.225277941133715 ], [ 72.853678481767474, 19.225537524003368 ], [ 72.853328957495009, 19.225831062524712 ], [ 72.853011404245635, 19.2261557299271 ], [ 72.85272888022034, 19.226508399659537 ], [ 72.852484106341649, 19.226885675494415 ], [ 72.852279440047411, 19.227283924228328 ], [ 72.852116852582185, 19.227699310665333 ], [ 72.851997910005636, 19.228127834545887 ], [ 72.851923758100753, 19.228565369066271 ], [ 72.851895111327764, 19.229007700617448 ], [ 72.85191224593062, 19.229450569361116 ], [ 72.851974997262658, 19.229889710252063 ], [ 72.852082761358204, 19.230320894112037 ], [ 72.852234500734994, 19.23073996835944 ], [ 72.852428754372482, 19.231142897002734 ], [ 72.852663651770271, 19.231525799512195 ], [ 72.852936930951685, 19.23188498819566 ], [ 72.853245960239633, 19.232217003718038 ], [ 72.853587763595371, 19.232518648422452 ], [ 72.853959049276114, 19.23278701713182 ], [ 72.854356241535925, 19.233019525133958 ], [ 72.854775515064588, 19.233213933080449 ], [ 72.855212831832375, 19.233368368559397 ], [ 72.855663979986048, 19.233481344133736 ], [ 72.856124614421148, 19.233551771671429 ], [ 72.85659029863919, 19.233578972829253 ], [ 72.857056547486579, 19.233562685588918 ], [ 72.857518870362981, 19.233503066782649 ], [ 72.857972814482338, 19.233400690583686 ], [ 72.858414007769724, 19.233256542976228 ], [ 72.858838200980003, 19.233072012258095 ], [ 72.859241308632491, 19.232848875667695 ], [ 72.859619448366558, 19.232589282264176 ], [ 72.859968978339211, 19.232295732225669 ], [ 72.860286532303718, 19.231971052765441 ], [ 72.860569052031636, 19.231618370897852 ], [ 72.860813816765514, 19.231241083316863 ], [ 72.861018469419022, 19.230842823677271 ], [ 72.861181039271742, 19.230427427594126 ], [ 72.861299960940897, 19.229998895697655 ], [ 72.861374089446912, 19.229561355099641 ], [ 72.861402711228777, 19.229119019642653 ] ] ] } },
{ "type": "Feature", "properties": { "station_id": "MUM_RAIL_STN_022", "station_name": "Dahisar", "buffer_m": 500 }, "geometry": { "type": "Polygon", "coordinates": [ [ [ 72.864035890291362, 19.250062627987408 ], [ 72.864018726794683, 19.249619757957266 ], [ 72.863955941068554, 19.249180618259388 ], [ 72.863848138138067, 19.248749438037432 ], [ 72.863696356549525, 19.24833036974707 ], [ 72.863502058355337, 19.247927449167314 ], [ 72.863267115021614, 19.247544556536745 ], [ 72.862993789394736, 19.247185379188828 ], [ 72.862684713900578, 19.246853376045891 ], [ 72.86234286518706, 19.246551744313706 ], [ 72.86197153545433, 19.246283388696984 ], [ 72.861574300748543, 19.246050893432162 ], [ 72.861154986525165, 19.245856497406535 ], [ 72.86071763081263, 19.245702072603024 ], [ 72.860266445331632, 19.245589106077976 ], [ 72.859805774943567, 19.245518685645369 ], [ 72.859340055818805, 19.245491489404966 ], [ 72.858873772726938, 19.245507779215238 ], [ 72.858411415859706, 19.245567398173641 ], [ 72.857957437602337, 19.245669772128604 ], [ 72.857516209668475, 19.245813915208419 ], [ 72.85709198101155, 19.245998439314011 ], [ 72.856688836917058, 19.246221567484138 ], [ 72.856310659669234, 19.246481151004332 ], [ 72.855961091170883, 19.246774690095211 ], [ 72.855643497875562, 19.24709935798084 ], [ 72.855360938370012, 19.247452028105755 ], [ 72.855116133918656, 19.24782930423877 ], [ 72.854911442253965, 19.248227553173756 ], [ 72.854748834865219, 19.248642939712955 ], [ 72.854629878004317, 19.249071463595943 ], [ 72.854555717592248, 19.249508998019035 ], [ 72.854527068171691, 19.249951329374142 ], [ 72.85454420601252, 19.250394197824839 ], [ 72.854606966437387, 19.250833338328654 ], [ 72.85471474539348, 19.251264521710972 ], [ 72.854866505255842, 19.25168359539466 ], [ 72.855060784806994, 19.252086523393444 ], [ 72.855295713297224, 19.252469425183641 ], [ 72.855569028450645, 19.252828613079775 ], [ 72.855878098243835, 19.253160627754163 ], [ 72.856219946247947, 19.253462271557897 ], [ 72.856591280290118, 19.253730639322338 ], [ 72.856988524158567, 19.253963146344237 ], [ 72.857407852045725, 19.254157553284472 ], [ 72.857845225398052, 19.254311987740692 ], [ 72.858296431816996, 19.254424962285594 ], [ 72.858757125636515, 19.254495388796997 ], [ 72.859222869785725, 19.254522588941533 ], [ 72.859689178533458, 19.254506300710716 ], [ 72.860151560701937, 19.254446680946373 ], [ 72.860605562933699, 19.254344303831047 ], [ 72.861046812593742, 19.254200155357914 ], [ 72.861471059893702, 19.254015623833293 ], [ 72.861874218831687, 19.253792486503539 ], [ 72.862252406552955, 19.253532892435125 ], [ 72.862601980752288, 19.253239341812787 ], [ 72.862919574757001, 19.252914661855623 ], [ 72.863202129953109, 19.252561979582978 ], [ 72.863446925241817, 19.252184691692889 ], [ 72.863651603242715, 19.251786431843289 ], [ 72.863814192991669, 19.251371035651392 ], [ 72.863933128914653, 19.250942503748544 ], [ 72.864007265895268, 19.250504963246659 ], [ 72.864035890291362, 19.250062627987408 ] ] ] } },
{ "type": "Feature", "properties": { "station_id": "MUM_RAIL_STN_023", "station_name": "CSMT", "buffer_m": 500 }, "geometry": { "type": "Polygon", "coordinates": [ [ [ 72.840451487115544, 18.940327359938397 ], [ 72.840434329394199, 18.939884483153637 ], [ 72.840371635188731, 18.939445339224701 ], [ 72.840264008636211, 18.939014157337223 ], [ 72.840112486578192, 18.938595089964622 ], [ 72.839918528562336, 18.938192172879273 ], [ 72.839684002774362, 18.937809286288626 ], [ 72.839411168036264, 18.937450117470778 ], [ 72.839102652044573, 18.937118125268867 ], [ 72.838761426058383, 18.9368165067863 ], [ 72.838390776281514, 18.936548166603117 ], [ 72.837994272214047, 18.93631568880987 ], [ 72.837575732278452, 18.936121312128044 ], [ 72.837139187051022, 18.935966908356335 ], [ 72.836688840452553, 18.935853964350159 ], [ 72.836229029271848, 18.935783567707698 ], [ 72.835764181411506, 18.935756396300128 ], [ 72.835298773257307, 18.935772711746672 ], [ 72.83483728658193, 18.935832356897272 ], [ 72.834384165396784, 18.93593475734686 ], [ 72.833943773167604, 18.936078926966857 ], [ 72.833520350804861, 18.936263477400431 ], [ 72.833117975833261, 18.936486631430224 ], [ 72.832740523133182, 18.93674624008996 ], [ 72.832391627631438, 18.937039803355162 ], [ 72.832074649300779, 18.937364494214087 ], [ 72.831792640804593, 18.937717185887109 ], [ 72.831548318098555, 18.938094481932758 ], [ 72.83134403427222, 18.938492748950683 ], [ 72.831181756882458, 18.93890815156692 ], [ 72.831063048997592, 18.939336689364602 ], [ 72.830989054134534, 18.939774235404951 ], [ 72.830960485234783, 18.940216575967494 ], [ 72.830977617785777, 18.940659451127175 ], [ 72.83104028715411, 18.941098595777614 ], [ 72.831147890157183, 18.941529780705437 ], [ 72.831299390858476, 18.941948853320383 ], [ 72.831493330531046, 18.942351777648625 ], [ 72.831727841694061, 18.942734673204363 ], [ 72.83200066608758, 18.943093852364992 ], [ 72.832309176412622, 18.943425855889892 ], [ 72.832650401627845, 18.943727486240515 ], [ 72.833021055559044, 18.943995838380769 ], [ 72.833417568546494, 18.944228327760566 ], [ 72.833836121824945, 18.944422715213165 ], [ 72.834272684305361, 18.94457712852596 ], [ 72.834723051403898, 18.944690080476878 ], [ 72.835182885543929, 18.944760483162415 ], [ 72.835647757940606, 18.944787658479186 ], [ 72.836113191265156, 18.944771344657699 ], [ 72.836574702777682, 18.944711698785611 ], [ 72.837027847512246, 18.944609295295681 ], [ 72.837468261098138, 18.944465120433332 ], [ 72.837891701804182, 18.94428056275687 ], [ 72.838294091400726, 18.944057399761974 ], [ 72.838671554445384, 18.943797780759471 ], [ 72.839020455613792, 18.943504206171276 ], [ 72.839337434715432, 18.943179503444291 ], [ 72.839619439057287, 18.94282679981421 ], [ 72.839863752843314, 18.942449492182014 ], [ 72.840068023326808, 18.942051214393306 ], [ 72.840230283463583, 18.941635802235979 ], [ 72.840348970848382, 18.941207256493556 ], [ 72.840422942752113, 18.94076970441013 ], [ 72.840451487115544, 18.940327359938397 ] ] ] } },
{ "type": "Feature", "properties": { "station_id": "MUM_RAIL_STN_024", "station_name": "Masjid Bunder", "buffer_m": 500 }, "geometry": { "type": "Polygon", "coordinates": [ [ [ 72.842945616919721, 18.952146839811107 ], [ 72.84292845479888, 18.951703963007095 ], [ 72.842865752944178, 18.95126481935457 ], [ 72.842758115566596, 18.950833638036436 ], [ 72.842606579612152, 18.95041457152055 ], [ 72.842412604762544, 18.950011655570897 ], [ 72.842178059365708, 18.949628770383899 ], [ 72.841905202432613, 18.949269603224014 ], [ 72.841596661873524, 18.948937612918279 ], [ 72.841255409184171, 18.948635996551729 ], [ 72.840884730825465, 18.948367658683907 ], [ 72.840488196572593, 18.948135183382988 ], [ 72.840069625138611, 18.947940809346356 ], [ 72.839633047402913, 18.947786408347181 ], [ 72.839182667599133, 18.947673467214134 ], [ 72.838722822835649, 18.947603073517712 ], [ 72.838257941338156, 18.947575905100731 ], [ 72.83779249981616, 18.947592223553645 ], [ 72.837330980363376, 18.947651871697488 ], [ 72.836877827306665, 18.947754275098458 ], [ 72.836437404418476, 18.947898447599627 ], [ 72.836013952904352, 18.948083000816528 ], [ 72.835611550569624, 18.948306157505115 ], [ 72.835234072558066, 18.948565768673628 ], [ 72.834885154040251, 18.948859334273557 ], [ 72.834568155210576, 18.949184027270785 ], [ 72.834286128929946, 18.949536720865201 ], [ 72.834041791325419, 18.949914018596932 ], [ 72.833837495630149, 18.950312287049481 ], [ 72.83367520951559, 18.950727690835102 ], [ 72.833556496134264, 18.951156229525733 ], [ 72.833482499056288, 18.95159377617399 ], [ 72.83345393124479, 18.952036117053545 ], [ 72.833471068176948, 18.952478992236266 ], [ 72.833533745177476, 18.95291813661548 ], [ 72.833641358990505, 18.953349320980369 ], [ 72.833792873575604, 18.953768392745985 ], [ 72.83398683007232, 18.954171315946592 ], [ 72.834221360837944, 18.954554210107112 ], [ 72.83449420742383, 18.954913387618269 ], [ 72.834802742317308, 18.955245389255204 ], [ 72.835143994240397, 18.955547017497437 ], [ 72.835514676761647, 18.955815367329052 ], [ 72.835911219945871, 18.956047854222117 ], [ 72.83632980473682, 18.956242239033756 ], [ 72.836766399741791, 18.956396649576742 ], [ 72.837216800063473, 18.956509598655611 ], [ 72.837676667805027, 18.956579998394538 ], [ 72.838141573857726, 18.956607170718495 ], [ 72.838607040568419, 18.956590853886865 ], [ 72.839068584875378, 18.956531205016329 ], [ 72.839521761496627, 18.956428798568613 ], [ 72.839962205754148, 18.956284620817719 ], [ 72.840385675621206, 18.956100060349861 ], [ 72.840788092587147, 18.955876894687741 ], [ 72.841165580945926, 18.955617273167963 ], [ 72.841514505129339, 18.955323696236842 ], [ 72.841831504725263, 18.954998991363929 ], [ 72.842113526843363, 18.954646285805712 ], [ 72.842357855516525, 18.954268976481842 ], [ 72.842562137854827, 18.953870697254285 ], [ 72.842724406700128, 18.953455283924853 ], [ 72.842843099563524, 18.953026737288397 ], [ 72.842917073663429, 18.952589184597631 ], [ 72.842945616919721, 18.952146839811107 ] ] ] } },
{ "type": "Feature", "properties": { "station_id": "MUM_RAIL_STN_025", "station_name": "Sandhurst Road", "buffer_m": 500 }, "geometry": { "type": "Polygon", "coordinates": [ [ [ 72.844324933712471, 18.960933832950111 ], [ 72.844307769574783, 18.960490956213032 ], [ 72.844245063288028, 18.960051812729855 ], [ 72.844137419106005, 18.959620631681791 ], [ 72.843985874040456, 18.959201565534041 ], [ 72.843791887860931, 18.958798650046983 ], [ 72.843557329024648, 18.958415765412489 ], [ 72.843284456672038, 18.958056598889616 ], [ 72.842975898861923, 18.957724609299188 ], [ 72.842634627256146, 18.957422993719241 ], [ 72.842263928497772, 18.957154656701693 ], [ 72.841867372558369, 18.95692218230641 ], [ 72.84144877835972, 18.956727809222038 ], [ 72.841012177000323, 18.956573409212503 ], [ 72.840561772941157, 18.956460469096903 ], [ 72.840101903524015, 18.956390076435937 ], [ 72.839636997211784, 18.956362909062427 ], [ 72.839171530952797, 18.956379228556806 ], [ 72.838709987078758, 18.956438877730104 ], [ 72.838256810151577, 18.956541282138652 ], [ 72.837816364173392, 18.956685455615883 ], [ 72.837392890571977, 18.956870009768004 ], [ 72.836990467365283, 18.957093167342045 ], [ 72.836612969897985, 18.957352779337775 ], [ 72.83626403352801, 18.957646345698841 ], [ 72.83594701862171, 18.957971039383867 ], [ 72.835664978194799, 18.958323733586209 ], [ 72.83542062851069, 18.958701031840203 ], [ 72.835216322918967, 18.959099300724393 ], [ 72.835054029186523, 18.959514704846928 ], [ 72.83493531053945, 18.959943243776525 ], [ 72.834861310598725, 18.960380790563534 ], [ 72.834832742355246, 18.960823131480286 ], [ 72.83484988129058, 18.961266006598276 ], [ 72.834912562710329, 18.961705150811415 ], [ 72.835020183316246, 18.962136334910454 ], [ 72.835171707002644, 18.96255540631293 ], [ 72.835365674821588, 18.962958329056534 ], [ 72.835600219021401, 18.963341222670522 ], [ 72.835873081024147, 18.963700399550778 ], [ 72.836181633168763, 18.96403240047843 ], [ 72.836522904011062, 18.964334027939763 ], [ 72.836893606937394, 18.964602376926283 ], [ 72.837290171815965, 18.964834862918128 ], [ 72.837708779381501, 18.965029246781036 ], [ 72.838145398021808, 18.965183656336851 ], [ 72.838595822611794, 18.965296604399615 ], [ 72.83905571502072, 18.965367003103239 ], [ 72.839520645902098, 18.96539417438267 ], [ 72.839986137363439, 18.965377856507377 ], [ 72.840447706104499, 18.965318206604113 ], [ 72.840900906607786, 18.965215799144595 ], [ 72.841341373965108, 18.965071620412637 ], [ 72.841764865927118, 18.964887059003978 ], [ 72.842167303770296, 18.964663892450439 ], [ 72.84254481158743, 18.964404270097322 ], [ 72.842893753622931, 18.964110692399032 ], [ 72.843210769292682, 18.963785986832619 ], [ 72.843492805551648, 18.963433280661313 ], [ 72.84373714629659, 18.963055970810743 ], [ 72.843941438521426, 18.962657691148021 ], [ 72.84410371497296, 18.962242277479213 ], [ 72.844222413089213, 18.961813730602444 ], [ 72.844296390038153, 18.961376177772785 ], [ 72.844324933712471, 18.960933832950111 ] ] ] } },
{ "type": "Feature", "properties": { "station_id": "MUM_RAIL_STN_026", "station_name": "Byculla", "buffer_m": 500 }, "geometry": { "type": "Polygon", "coordinates": [ [ [ 72.837515536905045, 18.976748027782293 ], [ 72.83749839380306, 18.976305152739627 ], [ 72.837435704244584, 18.975866008827555 ], [ 72.837328072322705, 18.975434825231492 ], [ 72.837176534931473, 18.97501575444123 ], [ 72.836982551766909, 18.974612832261851 ], [ 72.836747991257553, 18.974229938949669 ], [ 72.836475112560223, 18.973870761847209 ], [ 72.83616654379513, 18.973538759877108 ], [ 72.835825256729805, 18.973237130236488 ], [ 72.835454538156313, 18.972968777612504 ], [ 72.835057958237144, 18.972736286215163 ], [ 72.834639336124965, 18.972541894896644 ], [ 72.834202703187003, 18.972387475596289 ], [ 72.833752264188178, 18.972274515318784 ], [ 72.833292356806552, 18.972204101818818 ], [ 72.832827409870362, 18.972176913129733 ], [ 72.832361900718794, 18.972193211037098 ], [ 72.831900312096309, 18.972252838559729 ], [ 72.831447088995347, 18.972355221462379 ], [ 72.831006595862377, 18.972499373785556 ], [ 72.830583074578897, 18.972683907339174 ], [ 72.830180603621727, 18.972907045068681 ], [ 72.829803058795108, 18.973166638165029 ], [ 72.829454075912778, 18.973460186753968 ], [ 72.829137015788859, 18.97378486396542 ], [ 72.828854931874375, 18.974137543151542 ], [ 72.828610540851528, 18.974514827991463 ], [ 72.828406196468038, 18.974913085193108 ], [ 72.828243866864469, 18.975328479477334 ], [ 72.828125115612522, 18.975757010507788 ], [ 72.828051086647449, 18.976194551411073 ], [ 72.828022493239942, 18.976636888516367 ], [ 72.828039611114221, 18.977079761932011 ], [ 72.828102275779088, 18.977518906568413 ], [ 72.828209884098072, 18.977950093212332 ], [ 72.828361400084191, 18.978369169256844 ], [ 72.828555364863988, 18.978772098694947 ], [ 72.828789910715486, 18.979155000991383 ], [ 72.829062779045103, 18.979514188458364 ], [ 72.829371342131083, 18.979846201774954 ], [ 72.829712628424133, 18.980147843307986 ], [ 72.830083351161861, 18.98041620791329 ], [ 72.830479940021746, 18.980648710920416 ], [ 72.830898575507561, 18.980843113031042 ], [ 72.83133522573813, 18.980997541891078 ], [ 72.831785685283933, 18.981110510128467 ], [ 72.83224561567738, 18.981180929682644 ], [ 72.832710587205852, 18.98120812228758 ], [ 72.833176121585126, 18.98119182600724 ], [ 72.83363773510122, 18.981132197760274 ], [ 72.834090981805076, 18.981029811809762 ], [ 72.83453149634316, 18.980885654232345 ], [ 72.83495503601138, 18.980701113419997 ], [ 72.835357521626449, 18.980477966706239 ], [ 72.835735076820768, 18.980218363245363 ], [ 72.836084065382195, 18.979924803309949 ], [ 72.836401126278417, 18.979600114206082 ], [ 72.836683206028653, 18.979247423038647 ], [ 72.836927588110782, 18.97887012658893 ], [ 72.837131919120637, 18.978471858595178 ], [ 72.837294231431628, 18.978056454751272 ], [ 72.837412962136554, 18.977627915760927 ], [ 72.837486968089806, 18.977190368803441 ], [ 72.837515536905045, 18.976748027782293 ] ] ] } },
{ "type": "Feature", "properties": { "station_id": "MUM_RAIL_STN_027", "station_name": "Chinchpokali", "buffer_m": 500 }, "geometry": { "type": "Polygon", "coordinates": [ [ [ 72.837648166624632, 18.987102483396868 ], [ 72.837631025113296, 18.986659608685692 ], [ 72.83756833430165, 18.986220464854615 ], [ 72.837460698295104, 18.985789281088248 ], [ 72.837309154027224, 18.985370209877978 ], [ 72.837115161260456, 18.984967287032866 ], [ 72.836880588515953, 18.984584392815549 ], [ 72.836607695068494, 18.984225214577211 ], [ 72.83629910918043, 18.983893211251303 ], [ 72.835957802784236, 18.983591580047921 ], [ 72.835587062858082, 18.983323225669167 ], [ 72.835190459770061, 18.983090732341857 ], [ 72.834771812895852, 18.982896338936669 ], [ 72.834335153841025, 18.982741917412948 ], [ 72.833884687621875, 18.982628954796763 ], [ 72.833424752178345, 18.982558538865241 ], [ 72.832959776608732, 18.982531347675142 ], [ 72.83249423852773, 18.982547643036106 ], [ 72.832032620958202, 18.982607267991469 ], [ 72.831579369171124, 18.982709648330744 ], [ 72.831138847889008, 18.982853798119177 ], [ 72.830715299264284, 18.983038329191153 ], [ 72.830312802036886, 18.983261464516094 ], [ 72.829935232263978, 18.983521055308199 ], [ 72.829586225999449, 18.983814601715498 ], [ 72.829269144282534, 18.984139276889028 ], [ 72.828987040772319, 18.984491954200671 ], [ 72.828742632339697, 18.984869237347709 ], [ 72.828538272900218, 18.985267493054444 ], [ 72.82837593073954, 18.98568288605621 ], [ 72.828257169550497, 18.986111416029079 ], [ 72.828183133364249, 18.986548956109875 ], [ 72.828154535521222, 18.986991292635729 ], [ 72.828171651788637, 18.987434165720561 ], [ 72.828234317690956, 18.987873310277969 ], [ 72.828341930080029, 18.988304497095449 ], [ 72.828493452929905, 18.988723573564343 ], [ 72.82868742730119, 18.9891265036735 ], [ 72.828921985379694, 18.989509406881137 ], [ 72.829194868454195, 18.989868595490588 ], [ 72.829503448661029, 18.990200610169829 ], [ 72.829844754286043, 18.990502253272464 ], [ 72.830215498380653, 18.990770619639118 ], [ 72.830612110416595, 18.991003124582285 ], [ 72.831030770674346, 18.991197528784884 ], [ 72.831467447034001, 18.991351959872638 ], [ 72.831917933814253, 18.991464930451951 ], [ 72.832377892284995, 18.991535352439655 ], [ 72.83284289246302, 18.991562547546277 ], [ 72.833308455787943, 18.991546253811656 ], [ 72.833770098266797, 18.991486628129959 ], [ 72.834223373671335, 18.991384244739571 ], [ 72.834663916371483, 18.991240089692514 ], [ 72.835087483391689, 18.991055551356503 ], [ 72.835489995285087, 18.990832407041232 ], [ 72.835867575430939, 18.990572805878021 ], [ 72.836216587376697, 18.990279248117389 ], [ 72.836533669864792, 18.989954561044605 ], [ 72.836815769206552, 18.989601871745062 ], [ 72.837060168691238, 18.989224576982171 ], [ 72.837264514747204, 18.988826310478018 ], [ 72.83742683960304, 18.988410907912215 ], [ 72.83754558023098, 18.987982369976219 ], [ 72.837619593390016, 18.987544823839237 ], [ 72.837648166624632, 18.987102483396868 ] ] ] } },
{ "type": "Feature", "properties": { "station_id": "MUM_RAIL_STN_028", "station_name": "Currey Road", "buffer_m": 500 }, "geometry": { "type": "Polygon", "coordinates": [ [ [ 72.837745790838142, 18.994166034675843 ], [ 72.837728650392393, 18.993723160189742 ], [ 72.837665958705273, 18.993284016414663 ], [ 72.837558319890761, 18.992852832534663 ], [ 72.837406770909652, 18.992433761042179 ], [ 72.837212771569867, 18.992030837748967 ], [ 72.83697819045598, 18.991647942921915 ], [ 72.836705286923475, 18.991288763918021 ], [ 72.836396689331835, 18.990956759678049 ], [ 72.836055369726282, 18.990655127420826 ], [ 72.83568461521223, 18.990386771858532 ], [ 72.835287996298163, 18.990154277229333 ], [ 72.834869332512142, 18.989959882416365 ], [ 72.834432655622493, 18.989805459392496 ], [ 72.833982170817137, 18.989692495198177 ], [ 72.833522216214888, 18.989622077625732 ], [ 72.833057221098414, 18.989594884747682 ], [ 72.832591663270478, 18.989611178389914 ], [ 72.832130025943968, 18.989670801612334 ], [ 72.831676754579973, 18.989773180221174 ], [ 72.831236214089387, 18.989917328298354 ], [ 72.830812646809505, 18.990101857694793 ], [ 72.830410131659832, 18.990324991396104 ], [ 72.830032544870036, 18.990584580632184 ], [ 72.829683522657845, 18.990878125566102 ], [ 72.829366426216083, 18.991202799363169 ], [ 72.829084309345603, 18.991555475408571 ], [ 72.828839889046037, 18.99193275741187 ], [ 72.828635519347259, 18.992331012108426 ], [ 72.828473168633892, 18.992746404243356 ], [ 72.828354400681221, 18.993174933501116 ], [ 72.828280359585648, 18.993612473025472 ], [ 72.828251758735092, 18.994054809158907 ], [ 72.828268873925836, 18.994497682019151 ], [ 72.828331540692929, 18.99493682652195 ], [ 72.828439155880019, 18.995368013455284 ], [ 72.828590683434328, 18.995787090209379 ], [ 72.828784664371327, 18.996190020770275 ], [ 72.829019230813671, 18.996572924591799 ], [ 72.829292123969694, 18.996932113971287 ], [ 72.829600715878669, 18.99726412956927 ], [ 72.829942034713739, 18.997565773730418 ], [ 72.830312793399159, 18.997834141285093 ], [ 72.830709421266079, 18.99806664753428 ], [ 72.831128098442406, 18.99826105314828 ], [ 72.831564792645239, 18.998415485739159 ], [ 72.832015298021318, 18.998528457898793 ], [ 72.832475275661295, 18.998598881528785 ], [ 72.832940295397194, 18.998626078323802 ], [ 72.833405878480121, 18.99860978630743 ], [ 72.833867540726672, 18.998550162357283 ], [ 72.834320835718088, 18.998447780695123 ], [ 72.834761397635489, 18.998303627356329 ], [ 72.835184983318143, 18.998119090692203 ], [ 72.835587513139359, 18.997895947996426 ], [ 72.835965110305651, 18.997636348384741 ], [ 72.836314138200493, 18.997342792092812 ], [ 72.836631235412725, 18.997018106391824 ], [ 72.83691334811185, 18.996665418354034 ], [ 72.837157759458563, 18.996288124730754 ], [ 72.837362115767021, 18.995889859233166 ], [ 72.837524449167205, 18.99547445753123 ], [ 72.83764319654918, 18.99504592030814 ], [ 72.837717214606997, 18.994608374726248 ], [ 72.837745790838142, 18.994166034675843 ] ] ] } },
{ "type": "Feature", "properties": { "station_id": "MUM_RAIL_STN_029", "station_name": "Parel", "buffer_m": 500 }, "geometry": { "type": "Polygon", "coordinates": [ [ [ 72.842373368489334, 19.009299493540158 ], [ 72.842356218569805, 19.008856618788627 ], [ 72.842293513227204, 19.008417475485466 ], [ 72.842185856707346, 19.007986292810038 ], [ 72.842034286141782, 19.007567223243068 ], [ 72.841840261546551, 19.007164302577593 ], [ 72.841605651749575, 19.006781411055034 ], [ 72.841332716382681, 19.006422236000386 ], [ 72.841024084111936, 19.006090236316229 ], [ 72.840682727316491, 19.005788609177348 ], [ 72.840311933459802, 19.005520259246499 ], [ 72.839915273429099, 19.005287770707493 ], [ 72.839496567148132, 19.005093382384725 ], [ 72.8390598467942, 19.004938966188494 ], [ 72.838609317973521, 19.004826009093474 ], [ 72.838149319228421, 19.004755598823611 ], [ 72.837684280266345, 19.004728413381134 ], [ 72.837218679311974, 19.004744714520399 ], [ 72.836756999993142, 19.004804345229207 ], [ 72.836303688175093, 19.004906731241796 ], [ 72.835863109158012, 19.005050886568949 ], [ 72.835439505650044, 19.005235422991909 ], [ 72.835036956919424, 19.005458563428785 ], [ 72.834659339519121, 19.005718159044779 ], [ 72.834310289961664, 19.006011709941685 ], [ 72.833993169703234, 19.006336389227535 ], [ 72.833711032774218, 19.006689070234799 ], [ 72.833466596367572, 19.007066356625369 ], [ 72.833262214668551, 19.007464615092445 ], [ 72.833099856177597, 19.007880010344898 ], [ 72.832981084745242, 19.008308542037199 ], [ 72.832907044501752, 19.008746083289633 ], [ 72.832878448827188, 19.009188420428046 ], [ 72.832895573468349, 19.009631293560389 ], [ 72.832958253869577, 19.010070437599708 ], [ 72.83306588674354, 19.010501623338328 ], [ 72.833217435867411, 19.010920698177824 ], [ 72.833411442049112, 19.011323626122532 ], [ 72.833646037168364, 19.011706526651299 ], [ 72.833918962157412, 19.012065712093012 ], [ 72.834227588748959, 19.012397723145941 ], [ 72.83456894478212, 19.012699362198404 ], [ 72.834939742822741, 19.012967724129794 ], [ 72.835336411822823, 19.013200224295144 ], [ 72.835755131513892, 19.01339462342326 ], [ 72.836191869203319, 19.013549049188594 ], [ 72.836642418618723, 19.013662014248752 ], [ 72.837102440426278, 19.013732430573672 ], [ 72.837567504032307, 19.013759619928447 ], [ 72.83803313026506, 19.013743320408363 ], [ 72.838494834525264, 19.013683688963404 ], [ 72.838948169989195, 19.013581299887619 ], [ 72.839388770447968, 19.013437139287937 ], [ 72.839812392369453, 19.013252595585751 ], [ 72.84021495577781, 19.013029446142667 ], [ 72.840592583555974, 19.012769840139605 ], [ 72.840941638792614, 19.012476277873926 ], [ 72.841258759813314, 19.012151586674506 ], [ 72.841540892558399, 19.01179889366669 ], [ 72.84178531999568, 19.011421595649775 ], [ 72.841989688284585, 19.011023326377352 ], [ 72.842152029440044, 19.010607921555795 ], [ 72.842270780277701, 19.010179381898364 ], [ 72.842344797458708, 19.009741834590869 ], [ 72.842373368489334, 19.009299493540158 ] ] ] } },
{ "type": "Feature", "properties": { "station_id": "MUM_RAIL_STN_030", "station_name": "Dadar", "buffer_m": 500 }, "geometry": { "type": "Polygon", "coordinates": [ [ [ 72.848381160526131, 19.018198882900645 ], [ 72.848363996277143, 19.017756007441744 ], [ 72.848301274129739, 19.017316864683789 ], [ 72.848193598491747, 19.016885683800769 ], [ 72.848042006678924, 19.01646661725599 ], [ 72.847847958912027, 19.016063700813248 ], [ 72.847613324242204, 19.015680814673171 ], [ 72.847340362540763, 19.015321646108781 ], [ 72.847031702727378, 19.014989653960029 ], [ 72.846690317446345, 19.014688035329037 ], [ 72.846319494435278, 19.014419694796558 ], [ 72.845922804862013, 19.014187216455813 ], [ 72.84550406893463, 19.013992839032976 ], [ 72.845067319115728, 19.013838434333369 ], [ 72.844616761294986, 19.01372548922097 ], [ 72.844156734293861, 19.013655091304383 ], [ 72.843691668091623, 19.013627918466955 ], [ 72.843226041175086, 19.013644232341733 ], [ 72.842764337421954, 19.013703875793997 ], [ 72.842311002932561, 19.013806274435378 ], [ 72.841870403225386, 19.013950442155185 ], [ 72.841446781207679, 19.014134990615453 ], [ 72.841044216325898, 19.014358142618491 ], [ 72.840666585288616, 19.014617749218257 ], [ 72.840317524739703, 19.014911310410877 ], [ 72.840000396241294, 19.015235999205327 ], [ 72.8397182539033, 19.015588688842588 ], [ 72.839473814970944, 19.015965982901477 ], [ 72.839269433653968, 19.016364248001395 ], [ 72.839107078449402, 19.01677964878732 ], [ 72.83898831317633, 19.017208184860404 ], [ 72.838914281905986, 19.017645729298692 ], [ 72.838885697932199, 19.018088068397276 ], [ 72.838902836889304, 19.018530942245125 ], [ 72.838965534084011, 19.018970085748268 ], [ 72.839073186067381, 19.019401269704073 ], [ 72.839224756432685, 19.019820341531151 ], [ 72.839418785783394, 19.0202232652627 ], [ 72.839653405776104, 19.020606160418005 ], [ 72.839926357103494, 19.020965339377582 ], [ 72.840235011244602, 19.021297342901999 ], [ 72.840576395773084, 19.021598973451969 ], [ 72.840947222980262, 19.021867325988719 ], [ 72.841343921537032, 19.022099815957684 ], [ 72.841762670890091, 19.022294204185844 ], [ 72.842199438060916, 19.022448618452632 ], [ 72.842650016492982, 19.022561571526399 ], [ 72.843110066572748, 19.022631975492594 ], [ 72.843575157434074, 19.022659152235398 ], [ 72.844040809642479, 19.02264283997166 ], [ 72.844502538348323, 19.022583195774214 ], [ 72.844955896492323, 19.022480794060048 ], [ 72.845396517647018, 19.022336621057939 ], [ 72.845820158080897, 19.022152065308862 ], [ 72.846222737639806, 19.021928904290597 ], [ 72.846600379051139, 19.021669287295648 ], [ 72.846949445272344, 19.021375714727359 ], [ 72.847266574523289, 19.021051014013931 ], [ 72.847548712665173, 19.020698312372403 ], [ 72.847793142614023, 19.020321006685286 ], [ 72.847997510505309, 19.019922730780049 ], [ 72.848159848357952, 19.019507320426943 ], [ 72.8482785930197, 19.01907877639249 ], [ 72.848352601211403, 19.018641225904588 ], [ 72.848381160526131, 19.018198882900645 ] ] ] } },
{ "type": "Feature", "properties": { "station_id": "MUM_RAIL_STN_031", "station_name": "Matunga", "buffer_m": 500 }, "geometry": { "type": "Polygon", "coordinates": [ [ [ 72.854956427188412, 19.027551308657777 ], [ 72.854939247166257, 19.02710843241795 ], [ 72.854876506642412, 19.026669290261967 ], [ 72.854768810201847, 19.026238111357888 ], [ 72.854617195360817, 19.025819048149792 ], [ 72.854423122561911, 19.025416136369216 ], [ 72.85418846109738, 19.025033256171714 ], [ 72.853915471096585, 19.024674094772948 ], [ 72.853606781751679, 19.024342110943742 ], [ 72.853265365991248, 19.02404050170599 ], [ 72.852894511846259, 19.023772171549886 ], [ 72.852497790784241, 19.023539704468696 ], [ 72.852079023316278, 19.023345339080105 ], [ 72.85164224220847, 19.023190947073548 ], [ 72.851191653651625, 19.023078015190809 ], [ 72.850731596762898, 19.023007630913117 ], [ 72.850266501809159, 19.022980471992579 ], [ 72.849800847553908, 19.022996799928325 ], [ 72.849339118137905, 19.02305645745033 ], [ 72.848885759908484, 19.023158870034887 ], [ 72.848445138612604, 19.023303051437161 ], [ 72.848021497365337, 19.023487613187573 ], [ 72.84761891579835, 19.023710777960591 ], [ 72.847241270780827, 19.023970396687329 ], [ 72.846892199091414, 19.024263969247244 ], [ 72.846575062399637, 19.024588668539945 ], [ 72.84629291489442, 19.024941367705392 ], [ 72.846048473870965, 19.025318670230703 ], [ 72.845844093559393, 19.025716942653752 ], [ 72.845681742447255, 19.026132349549005 ], [ 72.845562984314512, 19.026560890458732 ], [ 72.845488963163845, 19.026998438414353 ], [ 72.84546039219191, 19.027440779676976 ], [ 72.845477546908029, 19.027883654314639 ], [ 72.845540262467367, 19.028322797225627 ], [ 72.845647935244287, 19.028753979212876 ], [ 72.845799528631943, 19.029173047713801 ], [ 72.845993583012159, 19.029575966793487 ], [ 72.846228229800531, 19.029958856015863 ], [ 72.846501209431651, 19.030318027818449 ], [ 72.846809893111924, 19.030650023030603 ], [ 72.847151308130435, 19.030951644193003 ], [ 72.847522166484694, 19.03121998635719 ], [ 72.847918896545451, 19.03145246506844 ], [ 72.848337677455774, 19.03164684126213 ], [ 72.848774475933027, 19.031801242833577 ], [ 72.84922508511886, 19.03191418267345 ], [ 72.849685165103381, 19.031984572994698 ], [ 72.850150284732138, 19.032011735812993 ], [ 72.850615964293411, 19.031995409479407 ], [ 72.851077718673949, 19.03193575120239 ], [ 72.851531100567001, 19.031833335534667 ], [ 72.85197174331627, 19.031689148839561 ], [ 72.852395402982211, 19.031504579790049 ], [ 72.852797999225373, 19.031281405992157 ], [ 72.853175654612542, 19.031021776861607 ], [ 72.853524731966601, 19.03072819291873 ], [ 72.853841869400313, 19.030403481701381 ], [ 72.854124012696246, 19.030050770527851 ], [ 72.854368444720976, 19.029673456372482 ], [ 72.85457281159016, 19.029275173144342 ], [ 72.854735145332867, 19.028859756684191 ], [ 72.854853882836622, 19.028431207817338 ], [ 72.854927880891509, 19.027993653818154 ], [ 72.854956427188412, 19.027551308657777 ] ] ] } },
{ "type": "Feature", "properties": { "station_id": "MUM_RAIL_STN_032", "station_name": "Sion", "buffer_m": 500 }, "geometry": { "type": "Polygon", "coordinates": [ [ [ 72.86875234452593, 19.047764634174907 ], [ 72.868735131456546, 19.047321756339191 ], [ 72.868672352258244, 19.046882615477774 ], [ 72.8685646118888, 19.046451440745944 ], [ 72.868412948287855, 19.046032384547303 ], [ 72.868218822367737, 19.045629482545536 ], [ 72.867984103932372, 19.04524661480173 ], [ 72.867711053659789, 19.044887468411307 ], [ 72.867402301322414, 19.044555502000279 ], [ 72.867060820455265, 19.044253912422576 ], [ 72.866689899716036, 19.043985603978879 ], [ 72.866293111213167, 19.04375316045321 ], [ 72.86587427610678, 19.043558820236374 ], [ 72.865437427813845, 19.04340445477537 ], [ 72.864986773171651, 19.043291550556393 ], [ 72.864526651933275, 19.043221194794416 ], [ 72.864061494984767, 19.043194064967068 ], [ 72.863595781686158, 19.04321042229353 ], [ 72.863133996746413, 19.043270109221012 ], [ 72.862680587047208, 19.043372550942912 ], [ 72.862239918830895, 19.043516760934086 ], [ 72.86181623566425, 19.043701350449968 ], [ 72.861413617582514, 19.043924541897933 ], [ 72.861035941806591, 19.04418418595251 ], [ 72.860686845411465, 19.044477782249494 ], [ 72.860369690304836, 19.044802503460115 ], [ 72.860087530853264, 19.045155222513436 ], [ 72.859843084467414, 19.045532542705153 ], [ 72.859638705429532, 19.045930830403076 ], [ 72.859476362215403, 19.046346250034549 ], [ 72.859357618529458, 19.046774801019144 ], [ 72.859283618235793, 19.047212356291105 ], [ 72.859255074330733, 19.047654702040909 ], [ 72.85927226206347, 19.048097578293149 ], [ 72.859335016271572, 19.048536719930294 ], [ 72.859442732957604, 19.048967897767248 ], [ 72.859594375092101, 19.049386959281073 ], [ 72.85978848258766, 19.049789868603831 ], [ 72.860023186348386, 19.050172745393095 ], [ 72.860296226260246, 19.050531902205826 ], [ 72.860604972948906, 19.050863880015495 ], [ 72.86094645309646, 19.05116548153012 ], [ 72.86131737807284, 19.051433801990296 ], [ 72.861714175606821, 19.05166625715021 ], [ 72.862133024191181, 19.051860608171967 ], [ 72.862569889890992, 19.052014983193338 ], [ 72.86302056520006, 19.052127895360719 ], [ 72.863480709571078, 19.052198257153705 ], [ 72.863945891229022, 19.05222539086288 ], [ 72.864411629864279, 19.052209035119891 ], [ 72.864873439794238, 19.05214934741668 ], [ 72.865326873176841, 19.052046902589666 ], [ 72.865767562859602, 19.051902687283295 ], [ 72.866191264450805, 19.051718090446421 ], [ 72.866593897207153, 19.051494889952991 ], [ 72.866971583343826, 19.051235235476113 ], [ 72.867320685387654, 19.050941627780496 ], [ 72.867637841213892, 19.050616894632952 ], [ 72.867919996428299, 19.050264163563156 ], [ 72.868164433783036, 19.04988683173719 ], [ 72.86836879934296, 19.049488533234346 ], [ 72.868531125150213, 19.049073104042503 ], [ 72.868649848169284, 19.048644545109504 ], [ 72.868723825330306, 19.048206983806534 ], [ 72.86875234452593, 19.047764634174907 ] ] ] } },
{ "type": "Feature", "properties": { "station_id": "MUM_RAIL_STN_033", "station_name": "Kurla", "buffer_m": 500 }, "geometry": { "type": "Polygon", "coordinates": [ [ [ 72.884103526788763, 19.065532037766403 ], [ 72.884086275995529, 19.065089158026616 ], [ 72.884023454111471, 19.064650018611932 ], [ 72.883915666505814, 19.064218848663401 ], [ 72.883763951573258, 19.063799800538238 ], [ 72.883569770720683, 19.063396909822028 ], [ 72.883334994281029, 19.063014056466855 ], [ 72.883061883490853, 19.062654927429293 ], [ 72.882753068705242, 19.062322981167974 ], [ 72.882411524060345, 19.062021414342571 ], [ 72.882040538827695, 19.061753131034497 ], [ 72.881643685736449, 19.061520714785622 ], [ 72.881224786568254, 19.061326403724017 ], [ 72.88078787535656, 19.061172069015949 ], [ 72.880337159544055, 19.061059196851552 ], [ 72.879876979472385, 19.060988874137241 ], [ 72.879411766593734, 19.060961778032599 ], [ 72.878946000806323, 19.060978169432328 ], [ 72.878484167324217, 19.061037890455747 ], [ 72.878030713496287, 19.061140365968228 ], [ 72.877590005989646, 19.061284609119554 ], [ 72.877166288749308, 19.061469230846111 ], [ 72.876763642138684, 19.061692453245406 ], [ 72.876385943653474, 19.061952126694159 ], [ 72.876036830587566, 19.062245750545355 ], [ 72.875719665009427, 19.062570497205066 ], [ 72.875437501386898, 19.06292323935741 ], [ 72.875193057171174, 19.063300580075726 ], [ 72.874988686624079, 19.063698885530158 ], [ 72.874826358140155, 19.064114319977016 ], [ 72.874707635282491, 19.064542882693083 ], [ 72.87463366171508, 19.064980446499469 ], [ 72.874605150177388, 19.065422797504237 ], [ 72.874622375607316, 19.06586567568111 ], [ 72.874685172479758, 19.066304815893741 ], [ 72.87479293638674, 19.066735988970404 ], [ 72.874944629844251, 19.067155042433704 ], [ 72.875138792270704, 19.06755794049289 ], [ 72.875373554041261, 19.067940802913693 ], [ 72.875646654483091, 19.06829994239115 ], [ 72.875955463638803, 19.068631900065444 ], [ 72.876297007588576, 19.068933478838293 ], [ 72.876667997087566, 19.069201774169155 ], [ 72.877064859242722, 19.069434202054136 ], [ 72.877483771924048, 19.069628523918006 ], [ 72.877920700578812, 19.069782868179335 ], [ 72.878371437093961, 19.069895748280899 ], [ 72.878831640332294, 19.069966077011252 ], [ 72.879296877951305, 19.069993176979612 ], [ 72.87976266910205, 19.069976787142803 ], [ 72.880224527595743, 19.069917065321434 ], [ 72.880678005122363, 19.06981458668081 ], [ 72.881118734104064, 19.069670338191365 ], [ 72.881542469770494, 19.069485709121828 ], [ 72.88194513105023, 19.069262477656899 ], [ 72.88232283988377, 19.069002793768249 ], [ 72.882671958579607, 19.068709158504078 ], [ 72.882989124852855, 19.068384399896921 ], [ 72.883271284209044, 19.068031645721792 ], [ 72.883515719360844, 19.067654293367369 ], [ 72.883720076394809, 19.06725597711068 ], [ 72.883882387435676, 19.066840533110547 ], [ 72.884001089590711, 19.066411962457316 ], [ 72.884075039991444, 19.065974392634892 ], [ 72.884103526788763, 19.065532037766403 ] ] ] } },
{ "type": "Feature", "properties": { "station_id": "MUM_RAIL_STN_034", "station_name": "Vidyavihar", "buffer_m": 500 }, "geometry": { "type": "Polygon", "coordinates": [ [ [ 72.902329634415281, 19.07967500209369 ], [ 72.902312337493115, 19.07923211989803 ], [ 72.902249465507523, 19.078792982198948 ], [ 72.902141624310431, 19.078361818120605 ], [ 72.90198985281279, 19.077942779963308 ], [ 72.901795612966211, 19.077539903216309 ], [ 72.901560775671754, 19.077157067696831 ], [ 72.901287602751808, 19.076797960189392 ], [ 72.900978725159575, 19.076466038945039 ], [ 72.900637117635739, 19.076164500382344 ], [ 72.900266070056958, 19.075896248310418 ], [ 72.899869155752356, 19.07566386597026 ], [ 72.899450197092605, 19.075469591163419 ], [ 72.899013228683586, 19.075315294707103 ], [ 72.898562458518327, 19.075202462423217 ], [ 72.89810222746145, 19.075132180834352 ], [ 72.897636967455711, 19.075105126704297 ], [ 72.897171158852828, 19.075121560523808 ], [ 72.89670928727891, 19.075181324004063 ], [ 72.896255800449438, 19.075283841601895 ], [ 72.89581506534924, 19.075428126062146 ], [ 72.89539132618907, 19.075612787923731 ], [ 72.894988663543472, 19.075836048897958 ], [ 72.894610955062788, 19.076095758990324 ], [ 72.894261838137396, 19.076389417201174 ], [ 72.893944674873339, 19.076714195605845 ], [ 72.893662519716514, 19.077066966582844 ], [ 72.893418090037073, 19.077444332927968 ], [ 72.893213739957361, 19.077842660564528 ], [ 72.893051437675283, 19.078258113535103 ], [ 72.892932746502069, 19.078686690937932 ], [ 72.892858809797147, 19.079124265452442 ], [ 72.892830339945306, 19.079566623083306 ], [ 72.89284761148339, 19.080009503740115 ], [ 72.892910458442586, 19.080448642262283 ], [ 72.893018275932732, 19.080879809494022 ], [ 72.893170025953907, 19.081298853013838 ], [ 72.893364247379822, 19.081701737126405 ], [ 72.893599070017345, 19.082084581731436 ], [ 72.893872232607293, 19.082443699695276 ], [ 72.894181104593486, 19.082775632365028 ], [ 72.894522711450676, 19.083077182883059 ], [ 72.894893763327786, 19.083345446980818 ], [ 72.895290686730547, 19.083577840955162 ], [ 72.895709658938614, 19.083772126557438 ], [ 72.896146644825507, 19.083926432555586 ], [ 72.896597435726477, 19.084039272760997 ], [ 72.897057689980059, 19.0841095603467 ], [ 72.897522974752064, 19.084136618318414 ], [ 72.897988808739029, 19.084120186037751 ], [ 72.898450705339343, 19.084060421734403 ], [ 72.898904215875774, 19.083957900983176 ], [ 72.899344972452454, 19.083813611160412 ], [ 72.899768730033287, 19.083628941933259 ], [ 72.900171407335819, 19.083405671873475 ], [ 72.900549126146473, 19.08314595132471 ], [ 72.90089824867789, 19.082852281688464 ], [ 72.901215412608622, 19.082527491328456 ], [ 72.901497563467117, 19.082174708325628 ], [ 72.9017419840484, 19.081797330346316 ], [ 72.901946320579796, 19.081398991914316 ], [ 72.902108605384015, 19.080983529401905 ], [ 72.902227275821502, 19.080554944077551 ], [ 72.902301189329734, 19.08011736356621 ], [ 72.902329634415281, 19.07967500209369 ] ] ] } },
{ "type": "Feature", "properties": { "station_id": "MUM_RAIL_STN_035", "station_name": "Ghatkopar", "buffer_m": 500 }, "geometry": { "type": "Polygon", "coordinates": [ [ [ 72.913215657867298, 19.086042929482311 ], [ 72.913198332991357, 19.085600045770512 ], [ 72.913135431254631, 19.085160909104623 ], [ 72.913027558795619, 19.084729748598658 ], [ 72.91287575482643, 19.084310716518306 ], [ 72.912681481611315, 19.083907848294093 ], [ 72.912446610372626, 19.083525023660997 ], [ 72.912173403259544, 19.083165929298524 ], [ 72.911864491554383, 19.082834023331024 ], [ 72.911522850326122, 19.082532502029839 ], [ 72.911151769775813, 19.0822642690378 ], [ 72.910754823549794, 19.082031907412166 ], [ 72.910335834325934, 19.081837654754992 ], [ 72.909898837004164, 19.081683381670285 ], [ 72.90944803985569, 19.081570573754956 ], [ 72.908987784004765, 19.081500317297067 ], [ 72.908522501632717, 19.081473288818543 ], [ 72.908056673306476, 19.081489748563314 ], [ 72.907594784841947, 19.08154953799307 ], [ 72.907141284117245, 19.081652081314964 ], [ 72.906700538250945, 19.081796391026284 ], [ 72.906276791557517, 19.081981077422988 ], [ 72.905874124684161, 19.082204361980256 ], [ 72.905496415322048, 19.082464094476645 ], [ 72.905147300870198, 19.082757773696837 ], [ 72.904830143411061, 19.083082571513931 ], [ 72.904547997334845, 19.083435360119537 ], [ 72.904303579924573, 19.083812742139685 ], [ 72.904099245184653, 19.08421108334668 ], [ 72.903936961165556, 19.084626547652356 ], [ 72.903818291002921, 19.085055134045646 ], [ 72.903744377853997, 19.085492715119287 ], [ 72.90371593387701, 19.085935076814582 ], [ 72.903733233359759, 19.086377959001812 ], [ 72.903796110064434, 19.086817096505428 ], [ 72.903903958814496, 19.087248260179248 ], [ 72.904055741309008, 19.087667297635836 ], [ 72.904249996108902, 19.088070173238059 ], [ 72.904484852699582, 19.088453006967406 ], [ 72.904758049494731, 19.088812111794809 ], [ 72.905066955608589, 19.089144029193761 ], [ 72.90540859618703, 19.089445562453619 ], [ 72.905779681053957, 19.089713807471966 ], [ 72.906176636397177, 19.08994618072941 ], [ 72.906595639188424, 19.090140444176853 ], [ 72.9070326540064, 19.090294726795655 ], [ 72.907483471907526, 19.090407542622501 ], [ 72.907943750970034, 19.090477805065316 ], [ 72.908409058120583, 19.090504837372137 ], [ 72.908874911840016, 19.090488379151953 ], [ 72.909336825336595, 19.09042858888446 ], [ 72.909790349770248, 19.090326042394718 ], [ 72.910231117111252, 19.090181727307151 ], [ 72.910654882219873, 19.089997033532445 ], [ 72.911057563741252, 19.089773739878915 ], [ 72.911435283421284, 19.089513996917596 ], [ 72.911784403464438, 19.089220306265954 ], [ 72.912101561573422, 19.088895496490188 ], [ 72.912383703332992, 19.088542695858273 ], [ 72.912628111626077, 19.088165302206338 ], [ 72.912832432798595, 19.087766950209058 ], [ 72.912994699321487, 19.087351476369289 ], [ 72.913113348731486, 19.086922882064481 ], [ 72.913187238668812, 19.086485295005925 ], [ 72.913215657867298, 19.086042929482311 ] ] ] } },
{ "type": "Feature", "properties": { "station_id": "MUM_RAIL_STN_036", "station_name": "Vikhroli", "buffer_m": 500 }, "geometry": { "type": "Polygon", "coordinates": [ [ [ 72.932895756410616, 19.1119711966167 ], [ 72.93287838343781, 19.111528310712682 ], [ 72.932815426370766, 19.111089176090115 ], [ 72.932707491881274, 19.110658021842898 ], [ 72.93255561977918, 19.110239000176019 ], [ 72.932361272985148, 19.109836146419276 ], [ 72.932126323430154, 19.109453340167871 ], [ 72.931853034017578, 19.109094267923904 ], [ 72.931544036822089, 19.108762387598347 ], [ 72.931202307735674, 19.108460895215313 ], [ 72.930831137805043, 19.108192694138904 ], [ 72.930434101536775, 19.10796036711886 ], [ 72.930015022475217, 19.10776615142392 ], [ 72.929577936384803, 19.107611917302144 ], [ 72.929127052390939, 19.107499149975325 ], [ 72.928666712453492, 19.10742893534081 ], [ 72.928201349562926, 19.107401949518028 ], [ 72.927735445060932, 19.107418452340436 ], [ 72.927273485496499, 19.107478284855247 ], [ 72.926819919431949, 19.107580870855092 ], [ 72.926379114614832, 19.107725222426698 ], [ 72.925955315927112, 19.107909949463316 ], [ 72.925552604516625, 19.108133273049187 ], [ 72.925174858503553, 19.10839304258737 ], [ 72.924825715640083, 19.108686756506199 ], [ 72.924508538282609, 19.109011586344881 ], [ 72.924226381013483, 19.109364403986874 ], [ 72.923981961223987, 19.109741811778704 ], [ 72.923777632942148, 19.110140175244563 ], [ 72.923615364156902, 19.110555658081879 ], [ 72.923496717857901, 19.110984259101009 ], [ 72.923422836973316, 19.111421850753644 ], [ 72.923394433351348, 19.111864218878935 ], [ 72.923411780891783, 19.112307103284902 ], [ 72.923474712894546, 19.11274623877426 ], [ 72.923582623651015, 19.113177396219797 ], [ 72.923734474263469, 19.113596423293625 ], [ 72.923928802637022, 19.113999284458153 ], [ 72.924163737548596, 19.114382099833502 ], [ 72.924437016657549, 19.114741182566938 ], [ 72.924746008285169, 19.115073074344398 ], [ 72.925087736753468, 19.115374578701672 ], [ 72.92545891103947, 19.115642791814498 ], [ 72.925855956469221, 19.115875130470577 ], [ 72.926275049146284, 19.116069356954007 ], [ 72.926712152783011, 19.116223600602137 ], [ 72.927163057579719, 19.116336375827075 ], [ 72.927623420777067, 19.116406596427957 ], [ 72.928088808490742, 19.116433586056061 ], [ 72.92855473842512, 19.116417084731708 ], [ 72.929016723053849, 19.116357251350109 ], [ 72.929470312851379, 19.116254662151942 ], [ 72.92991113915815, 19.11611030517339 ], [ 72.930334956266364, 19.11592557072899 ], [ 72.93073768232027, 19.115702238019175 ], [ 72.931115438636965, 19.115442457991513 ], [ 72.931464587068277, 19.115148732620781 ], [ 72.93178176504388, 19.114823890807862 ], [ 72.932063917957649, 19.114471061129453 ], [ 72.932308328585677, 19.114093641701583 ], [ 72.932512643251997, 19.113695267447234 ], [ 72.93267489449093, 19.113279775083569 ], [ 72.932793519987086, 19.112851166166319 ], [ 72.932867377611743, 19.112413568547325 ], [ 72.932895756410616, 19.1119711966167 ] ] ] } },
{ "type": "Feature", "properties": { "station_id": "MUM_RAIL_STN_037", "station_name": "Kanjur Marg", "buffer_m": 500 }, "geometry": { "type": "Polygon", "coordinates": [ [ [ 72.932902267488615, 19.128219791272439 ], [ 72.932884897304305, 19.127776905937683 ], [ 72.932821938527624, 19.127337771460791 ], [ 72.932713997847216, 19.126906616934225 ], [ 72.932562115132839, 19.126487594565578 ], [ 72.932367753407689, 19.126084739691326 ], [ 72.93213278474677, 19.125701931917309 ], [ 72.931859472237647, 19.125342857760153 ], [ 72.931550448177546, 19.125010975149102 ], [ 72.93120868871722, 19.124709480130143 ], [ 72.93083748519588, 19.124441276092586 ], [ 72.930440412443502, 19.124208945814544 ], [ 72.930021294355655, 19.124014726596016 ], [ 72.929584167072392, 19.123860488718833 ], [ 72.929133240115533, 19.123747717440892 ], [ 72.928672855858409, 19.123677498697493 ], [ 72.928207447717924, 19.1236505086476 ], [ 72.927741497471217, 19.123667007165345 ], [ 72.927279492107431, 19.123726835339433 ], [ 72.92682588062965, 19.123829417004313 ], [ 72.926385031222381, 19.123973764288547 ], [ 72.925961189196784, 19.124158487126767 ], [ 72.925558436117782, 19.124381806643765 ], [ 72.925180650506647, 19.124641572281934 ], [ 72.924831470496827, 19.124935282507288 ], [ 72.92451425880239, 19.125260108894778 ], [ 72.924232070336359, 19.125612923361256 ], [ 72.923987622790634, 19.125990328283972 ], [ 72.923783270460618, 19.126388689214892 ], [ 72.923620981567126, 19.126804169875975 ], [ 72.923502319293718, 19.127232769098644 ], [ 72.923428426722737, 19.127670359351953 ], [ 72.923400015815247, 19.128112726488602 ], [ 72.923417360541592, 19.128555610326131 ], [ 72.923480294229165, 19.128994745672721 ], [ 72.923588211153486, 19.129425903402499 ], [ 72.923740072357717, 19.129844931184767 ], [ 72.92393441564532, 19.130247793475004 ], [ 72.924169369649789, 19.130630610382383 ], [ 72.924442671846819, 19.130989695039297 ], [ 72.924751690335469, 19.131321589112972 ], [ 72.925093449179116, 19.131623096116968 ], [ 72.925464657062207, 19.131891312201347 ], [ 72.92586173898718, 19.132123654125063 ], [ 72.926280870705952, 19.132317884140591 ], [ 72.926718015554641, 19.132472131551154 ], [ 72.927168963336413, 19.132584910732525 ], [ 72.927629370877625, 19.132655135445653 ], [ 72.9280948038666, 19.132682129302157 ], [ 72.928560779571271, 19.13266563228164 ], [ 72.929022810024136, 19.132605803237862 ], [ 72.929476445258018, 19.132503218369767 ], [ 72.929917316175406, 19.132358865671904 ], [ 72.930341176638592, 19.132174135417703 ], [ 72.930743944374029, 19.131950806767335 ], [ 72.931121740297257, 19.131691030629415 ], [ 72.931470925878514, 19.131397308941427 ], [ 72.931788138189646, 19.131072470568913 ], [ 72.93207032229391, 19.130719644055613 ], [ 72.932314760667069, 19.130342227487219 ], [ 72.932519099366147, 19.129943855759301 ], [ 72.932681370694212, 19.12952836556483 ], [ 72.932800012142707, 19.129099758438738 ], [ 72.932873881429586, 19.128662162215704 ], [ 72.932902267488615, 19.128219791272439 ] ] ] } },
{ "type": "Feature", "properties": { "station_id": "MUM_RAIL_STN_038", "station_name": "Bhandup", "buffer_m": 500 }, "geometry": { "type": "Polygon", "coordinates": [ [ [ 72.942402881165407, 19.14248841892881 ], [ 72.942385487982619, 19.142045532620497 ], [ 72.942322502224897, 19.141606399175501 ], [ 72.942214530841042, 19.141175247676127 ], [ 72.942062613996669, 19.140756230300607 ], [ 72.941868215043797, 19.140353382337096 ], [ 72.941633206416043, 19.139970583324672 ], [ 72.941359851585858, 19.139611519695368 ], [ 72.941050783257936, 19.139279649276855 ], [ 72.940708978009212, 19.138978167997529 ], [ 72.940337727619635, 19.138709979114275 ], [ 72.939940607370275, 19.13847766525917 ], [ 72.939521441613792, 19.138283463573984 ], [ 72.939084266948953, 19.138129244171736 ], [ 72.938633293353519, 19.138016492132394 ], [ 72.938172863649584, 19.137946293206095 ], [ 72.937707411691363, 19.137919323361064 ], [ 72.937241419677619, 19.13793584227702 ], [ 72.93677937499946, 19.137995690846388 ], [ 72.93632572703828, 19.138098292707426 ], [ 72.935884844329777, 19.138242659794408 ], [ 72.935460972505638, 19.138427401851477 ], [ 72.935058193417746, 19.138650739818551 ], [ 72.934680385837837, 19.138910522960551 ], [ 72.934331188111031, 19.139204249575112 ], [ 72.93401396312214, 19.13952909107951 ], [ 72.933731765912512, 19.139881919245116 ], [ 72.933487314258471, 19.140259336317353 ], [ 72.93328296249534, 19.140657707731222 ], [ 72.933120678838833, 19.141073197107726 ], [ 72.933002026422457, 19.141501803194316 ], [ 72.932928148233984, 19.141939398393848 ], [ 72.932899756096347, 19.142381768511267 ], [ 72.932917123799498, 19.14282465333525 ], [ 72.932980084449852, 19.143263787664296 ], [ 72.933088032063523, 19.143694942382123 ], [ 72.933239927388328, 19.144113965186811 ], [ 72.933434307899233, 19.144516820581572 ], [ 72.933669301871362, 19.144899628741744 ], [ 72.933942646395465, 19.145258702883758 ], [ 72.934251709162893, 19.145590584775935 ], [ 72.934593513810384, 19.14589207804897 ], [ 72.934964768581125, 19.14616027898505 ], [ 72.93536189802569, 19.14639260448892 ], [ 72.935781077438008, 19.146586816971151 ], [ 72.93621826969455, 19.146741045903809 ], [ 72.936669264141514, 19.146853805840671 ], [ 72.9371297171555, 19.146924010728107 ], [ 72.937595193986496, 19.146950984368797 ], [ 72.938061211479877, 19.146934466937171 ], [ 72.938523281265404, 19.146874617483753 ], [ 72.938976952996782, 19.146772012404263 ], [ 72.939417857224853, 19.146627639888116 ], [ 72.939841747490945, 19.146442890399801 ], [ 72.940244541234478, 19.146219543284968 ], [ 72.940622359120468, 19.145959749630265 ], [ 72.940971562407782, 19.14566601154203 ], [ 72.941288787997863, 19.145341158043937 ], [ 72.941570980826341, 19.144988317825504 ], [ 72.941815423285192, 19.144610889104495 ], [ 72.942019761392473, 19.144212506893581 ], [ 72.942182027457278, 19.14379700798667 ], [ 72.942300659022123, 19.143368394002561 ], [ 72.94237451390056, 19.142930792841895 ], [ 72.942402881165407, 19.14248841892881 ] ] ] } },
{ "type": "Feature", "properties": { "station_id": "MUM_RAIL_STN_039", "station_name": "Nahur", "buffer_m": 500 }, "geometry": { "type": "Polygon", "coordinates": [ [ [ 72.951518084117509, 19.154678198506122 ], [ 72.951500668575861, 19.154235311224337 ], [ 72.951437657052693, 19.153796178771966 ], [ 72.951329656745088, 19.153365030221558 ], [ 72.951177708097404, 19.152946017722723 ], [ 72.950983274768049, 19.152543176516467 ], [ 72.95074822952175, 19.152160386076581 ], [ 72.950474836183574, 19.151801332752349 ], [ 72.950165727828988, 19.151469474272048 ], [ 72.949823881420244, 19.151168006448945 ], [ 72.949452589133458, 19.150899832410246 ], [ 72.949055426652933, 19.150667534644981 ], [ 72.948636218737761, 19.150473350139968 ], [ 72.948199002392386, 19.15031914884273 ], [ 72.947747987995641, 19.150206415658975 ], [ 72.947287518762209, 19.150136236157316 ], [ 72.946822028926675, 19.150109286119037 ], [ 72.946356001052322, 19.150125825033246 ], [ 72.945893922875257, 19.150185693599965 ], [ 72.945440244099345, 19.150288315265062 ], [ 72.944999333556837, 19.150432701772289 ], [ 72.944575437147407, 19.150617462678944 ], [ 72.944172636959664, 19.150840818743664 ], [ 72.943794811968573, 19.151100619057225 ], [ 72.943445600686999, 19.151394361752072 ], [ 72.943128366130495, 19.151719218090733 ], [ 72.942846163432733, 19.152072059701862 ], [ 72.942601710423162, 19.152449488701439 ], [ 72.942397361450446, 19.152847870409634 ], [ 72.942235084703768, 19.153263368348306 ], [ 72.942116443250413, 19.153691981182369 ], [ 72.942042579972906, 19.154129581249638 ], [ 72.942014206550937, 19.15457195430805 ], [ 72.942031596594475, 19.155014840117801 ], [ 72.942094582995082, 19.155453973467722 ], [ 72.942202559521078, 19.155885125250755 ], [ 72.942354486642031, 19.156304143193058 ], [ 72.942548901526777, 19.156706991844448 ], [ 72.942783932119454, 19.157089791445028 ], [ 72.943057315158072, 19.157448855293445 ], [ 72.943366417963006, 19.157780725257012 ], [ 72.943708263785282, 19.158082205081154 ], [ 72.944079560471266, 19.158350391177478 ], [ 72.944476732167644, 19.15858270059357 ], [ 72.944895953761147, 19.158776895894906 ], [ 72.945333187721673, 19.158931106719038 ], [ 72.945784222993481, 19.159043847794159 ], [ 72.946244715559644, 19.1591140332484 ], [ 72.9467102302889, 19.159140987071709 ], [ 72.947176283661378, 19.159124449629527 ], [ 72.947638386961003, 19.159064580165261 ], [ 72.948092089518525, 19.158961955267543 ], [ 72.94853302158775, 19.158817563316845 ], [ 72.948956936441775, 19.158632794965044 ], [ 72.949359751283154, 19.158409429739645 ], [ 72.949737586573804, 19.158149618901884 ], [ 72.950086803405028, 19.157855864723782 ], [ 72.950404038548001, 19.157530996384072 ], [ 72.950686236846565, 19.157178142715328 ], [ 72.950930680640298, 19.156800702064913 ], [ 72.951135015934668, 19.156402309560409 ], [ 72.951297275066196, 19.155986802094848 ], [ 72.951415895644487, 19.155558181369418 ], [ 72.951489735589263, 19.155120575349557 ], [ 72.951518084117509, 19.154678198506122 ] ] ] } },
{ "type": "Feature", "properties": { "station_id": "MUM_RAIL_STN_040", "station_name": "Mulund", "buffer_m": 500 }, "geometry": { "type": "Polygon", "coordinates": [ [ [ 72.961305874686403, 19.171919119936288 ], [ 72.961288435796874, 19.17147623177059 ], [ 72.961225396113861, 19.171037100441321 ], [ 72.961117363106013, 19.170605955009965 ], [ 72.960965377532872, 19.170186947595884 ], [ 72.96077090340863, 19.169784113390858 ], [ 72.960535813890971, 19.169401331801001 ], [ 72.960262373231373, 19.169042289090143 ], [ 72.959953214960933, 19.16871044288413 ], [ 72.959611316522498, 19.168408988877825 ], [ 72.959239970593018, 19.16814083006523 ], [ 72.958842753373091, 19.167908548788624 ], [ 72.958423490148618, 19.167714381875946 ], [ 72.957986218456298, 19.167560199105314 ], [ 72.957535149207558, 19.167447485203997 ], [ 72.957074626144902, 19.167377325555005 ], [ 72.95660908402084, 19.167350395748556 ], [ 72.956143005901836, 19.167366955079071 ], [ 72.95568088000752, 19.167426844050137 ], [ 72.955227156500925, 19.167529485911341 ], [ 72.954786204644861, 19.167673892212161 ], [ 72.954362270736667, 19.167858672319557 ], [ 72.953959437225961, 19.168082046807442 ], [ 72.953581583408663, 19.168341864589443 ], [ 72.953232348075304, 19.168635623629967 ], [ 72.952915094473198, 19.16896049503433 ], [ 72.952632877919669, 19.169313350286231 ], [ 72.952388416377929, 19.169690791370403 ], [ 72.952184064279194, 19.170089183490703 ], [ 72.952021789843087, 19.170504690068729 ], [ 72.951903156115137, 19.17093330968618 ], [ 72.951829305903885, 19.171370914615451 ], [ 72.951800950763641, 19.171813290567538 ], [ 72.951818364128727, 19.172256177274626 ], [ 72.951881378666442, 19.172695309516683 ], [ 72.951989387874534, 19.173126458197125 ], [ 72.952141351908011, 19.173545471071744 ], [ 72.952335807580482, 19.173948312738919 ], [ 72.952570882443311, 19.174331103505754 ], [ 72.952844312808224, 19.174690156755766 ], [ 72.953153465539742, 19.175022014458094 ], [ 72.953495363407868, 19.175323480476063 ], [ 72.953866713757591, 19.175591651354097 ], [ 72.954263940218397, 19.175823944286218 ], [ 72.954683217149309, 19.176018121996599 ], [ 72.955120506486878, 19.176172314292167 ], [ 72.95557159664159, 19.176285036079587 ], [ 72.956032143067532, 19.17635520167283 ], [ 72.95649771011432, 19.176382135253217 ], [ 72.956963813757795, 19.176365577381311 ], [ 72.95742596479738, 19.176305687497461 ], [ 72.957879712103747, 19.176203042387172 ], [ 72.958320685499473, 19.176058630625803 ], [ 72.958744637859454, 19.175873843056269 ], [ 72.95914748602496, 19.175650459391406 ], [ 72.959525350136943, 19.17539063107025 ], [ 72.959874591009239, 19.175096860533415 ], [ 72.96019184518164, 19.174771977117373 ], [ 72.96047405731494, 19.174419109800041 ], [ 72.960718509615774, 19.17404165706035 ], [ 72.960922848008082, 19.173643254142352 ], [ 72.96108510479894, 19.173227738039401 ], [ 72.961203717620933, 19.172799110535834 ], [ 72.961277544468899, 19.172361499662316 ], [ 72.961305874686403, 19.171919119936288 ] ] ] } },
{ "type": "Feature", "properties": { "station_id": "MUM_RAIL_STN_041", "station_name": "Dockyard Road", "buffer_m": 500 }, "geometry": { "type": "Polygon", "coordinates": [ [ [ 72.849057764614898, 18.966618095929505 ], [ 72.849040588977275, 18.966175218588425 ], [ 72.84897786961011, 18.965736075521285 ], [ 72.848870210893352, 18.965304895905195 ], [ 72.848718649978736, 18.964885832191445 ], [ 72.848524646788505, 18.964482920116883 ], [ 72.848290069943715, 18.96410003984041 ], [ 72.848017178758184, 18.963740878579028 ], [ 72.847708601472078, 18.963408895102795 ], [ 72.847367309934739, 18.963107286430819 ], [ 72.846996590981021, 18.962838957048422 ], [ 72.846600014776897, 18.962606490941941 ], [ 72.846181400439136, 18.96241212672015 ], [ 72.845744779260045, 18.962257736061645 ], [ 72.845294355891312, 18.962144805695516 ], [ 72.844834467860508, 18.962074423088595 ], [ 72.844369543809691, 18.962047265976956 ], [ 72.843904060857781, 18.962063595842285 ], [ 72.843442501497208, 18.96212325539582 ], [ 72.842989310438881, 18.962225670094021 ], [ 72.842548851820979, 18.962369853671344 ], [ 72.842125367192949, 18.962554417636809 ], [ 72.841722934678927, 18.962777584643057 ], [ 72.841345429713272, 18.963037205599111 ], [ 72.840996487726144, 18.963330780362377 ], [ 72.840679469138067, 18.963655481810658 ], [ 72.84039742700034, 18.964008183062568 ], [ 72.840153077592959, 18.964385487584615 ], [ 72.839948774263036, 18.964783761894957 ], [ 72.839786484755805, 18.965199170549493 ], [ 72.839667772256846, 18.96562771307326 ], [ 72.839593780328073, 18.966065262481937 ], [ 72.839565221883419, 18.96650760502256 ], [ 72.839582372310176, 18.966950480750889 ], [ 72.839645066803385, 18.967389624554873 ], [ 72.839752701939062, 18.967820807229092 ], [ 72.839904241471643, 18.968239876204716 ], [ 72.840098226300569, 18.968642795542703 ], [ 72.840332788510437, 18.969025684805004 ], [ 72.840605669349799, 18.969384856429322 ], [ 72.840914240976105, 18.96971685124733 ], [ 72.841255531757554, 18.970018471804071 ], [ 72.841626254888268, 18.970286813157511 ], [ 72.842022840041793, 18.970519290861258 ], [ 72.842441467757453, 18.970713665860867 ], [ 72.84287810622881, 18.970868066063552 ], [ 72.84332855013966, 18.97098100437346 ], [ 72.843788461172991, 18.971051393018463 ], [ 72.844253409802818, 18.971078554030459 ], [ 72.844718917965608, 18.971062225777878 ], [ 72.845180502200108, 18.971002565487499 ], [ 72.845633716839515, 18.970900147731172 ], [ 72.846074196839467, 18.970755958891967 ], [ 72.846497699828788, 18.970571387663078 ], [ 72.846900146977731, 18.970348211671006 ], [ 72.847277662289571, 18.970088580352026 ], [ 72.847626609936484, 18.969794994246978 ], [ 72.847943629280479, 18.969470280913932 ], [ 72.848225667241195, 18.969117567690972 ], [ 72.848470007699163, 18.968740251571663 ], [ 72.848674297651186, 18.968341966483496 ], [ 72.848836569866137, 18.967926548284776 ], [ 72.848955261822994, 18.967497997817237 ], [ 72.849029230749224, 18.967060442370478 ], [ 72.849057764614898, 18.966618095929505 ] ] ] } },
{ "type": "Feature", "properties": { "station_id": "MUM_RAIL_STN_042", "station_name": "Ray Road", "buffer_m": 500 }, "geometry": { "type": "Polygon", "coordinates": [ [ [ 72.84899476503432, 18.977423564823944 ], [ 72.848977591573515, 18.976980687863449 ], [ 72.848914871418415, 18.976541544866972 ], [ 72.848807208956771, 18.976110365010907 ], [ 72.848655641376595, 18.975691300748828 ], [ 72.848461628664552, 18.975288387822786 ], [ 72.848227039533526, 18.974905506399818 ], [ 72.847954133415826, 18.974546343707857 ], [ 72.84764553869546, 18.974214358530666 ], [ 72.847304227389728, 18.973912747903622 ], [ 72.846933486523838, 18.973644416330771 ], [ 72.846536886474766, 18.973411947819432 ], [ 72.846118246588787, 18.973217581001457 ], [ 72.845681598404113, 18.973063187580379 ], [ 72.845231146832333, 18.972950254311797 ], [ 72.844771229672432, 18.972879868690459 ], [ 72.844306275846705, 18.972852708481444 ], [ 72.843840762760664, 18.97286903519624 ], [ 72.843379173196666, 18.972928691576428 ], [ 72.842925952156236, 18.973031103109079 ], [ 72.842485464066115, 18.973175283559151 ], [ 72.842061950759359, 18.973359844465872 ], [ 72.841659490636133, 18.973583008511394 ], [ 72.841281959396582, 18.973842626633349 ], [ 72.840932992723808, 18.97413619871655 ], [ 72.840615951276007, 18.974460897664699 ], [ 72.840333888324693, 18.974813596620596 ], [ 72.840089520350347, 18.975190899072945 ], [ 72.839885200878982, 18.975589171559957 ], [ 72.839722897811427, 18.976004578655157 ], [ 72.839604174464029, 18.976433119898658 ], [ 72.839530174503437, 18.976870668318544 ], [ 72.83950161092109, 18.977313010171383 ], [ 72.83951875915406, 18.977755885519585 ], [ 72.839581454418763, 18.978195029254753 ], [ 72.839689093283994, 18.978626212172109 ], [ 72.839840639468477, 18.979045281700419 ], [ 72.840034633807818, 18.979448201895266 ], [ 72.840269208295183, 18.979831092310274 ], [ 72.840542104061001, 18.980190265371949 ], [ 72.840850693119066, 18.980522261898031 ], [ 72.841192003669718, 18.980823884417013 ], [ 72.841562748716726, 18.981092227967839 ], [ 72.841959357722459, 18.981324708082884 ], [ 72.842378010996413, 18.981519085684369 ], [ 72.842814676485915, 18.981673488654369 ], [ 72.843265148614378, 18.981786429870322 ], [ 72.843725088792795, 18.981856821532059 ], [ 72.844190067214285, 18.981883985642387 ], [ 72.84465560552816, 18.98186766053988 ], [ 72.845117219982555, 18.981808003420998 ], [ 72.845570464619414, 18.981705588827058 ], [ 72.846010974105226, 18.981561403110753 ], [ 72.846434505784671, 18.981376834935226 ], [ 72.846836980551558, 18.981153661897668 ], [ 72.847214522142991, 18.980894033405992 ], [ 72.847563494478067, 18.980600449973902 ], [ 72.847880536680961, 18.980275739133823 ], [ 72.848162595451157, 18.979923028199956 ], [ 72.848406954468842, 18.979545714143892 ], [ 72.848611260552218, 18.979147430873368 ], [ 72.848773546314931, 18.978732014229251 ], [ 72.84889224910566, 18.978303465038376 ], [ 72.848966226047736, 18.977865910578092 ], [ 72.84899476503432, 18.977423564823944 ] ] ] } },
{ "type": "Feature", "properties": { "station_id": "MUM_RAIL_STN_043", "station_name": "Cotton Green", "buffer_m": 500 }, "geometry": { "type": "Polygon", "coordinates": [ [ [ 72.848036170123649, 18.986549224172869 ], [ 72.848019000906675, 18.98610634768637 ], [ 72.847956282494039, 18.985667204677117 ], [ 72.847848619256879, 18.985236024321626 ], [ 72.847697048390927, 18.984816959078241 ], [ 72.847503029914634, 18.984414044698433 ], [ 72.847268432596579, 18.984031161363184 ], [ 72.846995515947995, 18.983671996318776 ], [ 72.84668690845443, 18.983340008371552 ], [ 72.846345582256234, 18.983038394583474 ], [ 72.84597482452206, 18.982770059488953 ], [ 72.845578205791298, 18.98253758712913 ], [ 72.845159545590064, 18.982343216172843 ], [ 72.844722875652096, 18.98218881836339 ], [ 72.844272401098365, 18.982075880498552 ], [ 72.843812459948992, 18.982005490117309 ], [ 72.843347481357142, 18.981978325030511 ], [ 72.842881942966613, 18.981994646796611 ], [ 72.842420327803268, 18.982054298204837 ], [ 72.841967081114959, 18.982156704790135 ], [ 72.841526567575229, 18.982300880365141 ], [ 72.841103029262072, 18.982485436516075 ], [ 72.840700544816301, 18.982708595970941 ], [ 72.840322990172169, 18.98296820971165 ], [ 72.839974001238105, 18.983261777665287 ], [ 72.839656938886662, 18.983586472775396 ], [ 72.839374856590624, 18.983939168221852 ], [ 72.839130471016816, 18.984316467527229 ], [ 72.838926135860802, 18.98471473726012 ], [ 72.838763819174616, 18.985130142020665 ], [ 72.838645084405854, 18.985558681371547 ], [ 72.83857107533133, 18.985996228359109 ], [ 72.838542505030475, 18.986438569253774 ], [ 72.838559649005219, 18.986881444127203 ], [ 72.838622342513233, 18.987320587875587 ], [ 72.838729982140393, 18.987751771293993 ], [ 72.838881531598346, 18.988170841806362 ], [ 72.839075531691293, 18.98857376345876 ], [ 72.839310114357161, 18.988956655790705 ], [ 72.839583020647737, 18.989315831210181 ], [ 72.839891622475548, 18.989647830512148 ], [ 72.840232947917997, 18.989949456198275 ], [ 72.840603709835463, 18.990217803276927 ], [ 72.841000337527788, 18.990450287246404 ], [ 72.841419011124472, 18.99064466899172 ], [ 72.841855698376975, 18.990799076354982 ], [ 72.84230619349897, 18.990912022171223 ], [ 72.842766157679904, 18.990982418595927 ], [ 72.843231160881516, 18.991009587585985 ], [ 72.84369672451426, 18.990993267432952 ], [ 72.844158364582256, 18.990933615285602 ], [ 72.844611634880536, 18.990831205637384 ], [ 72.845052169828278, 18.990687024793388 ], [ 72.845475726524768, 18.990502461369871 ], [ 72.845878225622755, 18.990279292918313 ], [ 72.846255790624895, 18.990019668802525 ], [ 72.846604785224699, 18.989726089494148 ], [ 72.846921848331874, 18.989401382485983 ], [ 72.847203926444635, 18.989048675055415 ], [ 72.847448303056879, 18.988671364140377 ], [ 72.847652624817442, 18.988273083618445 ], [ 72.84781492418908, 18.987857669304105 ], [ 72.847933638389577, 18.98742912200181 ], [ 72.84800762443254, 18.986991568970787 ], [ 72.848036170123649, 18.986549224172869 ] ] ] } },
{ "type": "Feature", "properties": { "station_id": "MUM_RAIL_STN_044", "station_name": "Sewri", "buffer_m": 500 }, "geometry": { "type": "Polygon", "coordinates": [ [ [ 72.85932635864134, 18.998986387056487 ], [ 72.859309161718599, 18.998543509104881 ], [ 72.859246412133416, 18.998104367099543 ], [ 72.859138714557403, 18.997673190207074 ], [ 72.858987106517105, 18.997254130852237 ], [ 72.85879304838906, 18.996851224729568 ], [ 72.85855840932372, 18.996468351940276 ], [ 72.858285449234316, 18.996109199628886 ], [ 72.857976797024619, 18.995777226478936 ], [ 72.857635425265414, 18.995475629409718 ], [ 72.857264621563885, 18.995207312794545 ], [ 72.856867956901766, 18.99497486049653 ], [ 72.856449251247227, 18.994780510991284 ], [ 72.856012536771374, 18.994626135815544 ], [ 72.855562019023708, 18.994513221549219 ], [ 72.855102036439973, 18.994442855504122 ], [ 72.854637018572035, 18.994415715256906 ], [ 72.854171443441629, 18.994432062126986 ], [ 72.853709794428156, 18.994491738662049 ], [ 72.853256517105265, 18.994594170155295 ], [ 72.852815976441377, 18.994738370179721 ], [ 72.852392414775622, 18.994922950086309 ], [ 72.8519899109737, 18.995146132374536 ], [ 72.851612341156354, 18.995405767806609 ], [ 72.851263341378271, 18.995699356100889 ], [ 72.850946272616639, 18.996024070005198 ], [ 72.850664188406228, 18.996376782518478 ], [ 72.850419805432594, 18.996754096999041 ], [ 72.850215477366646, 18.997152379869341 ], [ 72.850053172192446, 18.99756779560294 ], [ 72.84993445324713, 18.997996343656791 ], [ 72.849860464155455, 18.998433896993287 ], [ 72.849831917804792, 18.998876241821552 ], [ 72.849849089466716, 18.999319118175169 ], [ 72.849911814132497, 18.999758260935863 ], [ 72.850019488088193, 19.000189440907977 ], [ 72.850171074714964, 19.000608505548403 ], [ 72.85036511445918, 19.001011418959507 ], [ 72.85059973887688, 19.001394300759962 ], [ 72.850872688617713, 19.001753463458954 ], [ 72.851181335175596, 19.002085447973776 ], [ 72.85152270619696, 19.002387056948354 ], [ 72.851893514102983, 19.002655385551893 ], [ 72.852290187750299, 19.00288784946056 ], [ 72.852708906825526, 19.003082209752552 ], [ 72.853145638641735, 19.003236594476608 ], [ 72.853596176983089, 19.003349516685873 ], [ 72.854056182622415, 19.0034198887633 ], [ 72.854521225121843, 19.003447032900418 ], [ 72.854986825513095, 19.003430687628317 ], [ 72.855448499445956, 19.003371010337908 ], [ 72.855901800389148, 19.00326857576502 ], [ 72.856342362466563, 19.003124370454994 ], [ 72.856765942516162, 19.002939783259968 ], [ 72.857168460965724, 19.002716591960588 ], [ 72.857546041131641, 19.002456946140907 ], [ 72.857895046561538, 19.002163346481762 ], [ 72.858212116060997, 19.001838620672086 ], [ 72.858494196066928, 19.001485896170433 ], [ 72.858738570055337, 19.001108570079225 ], [ 72.858942884700625, 19.000710276422183 ], [ 72.859105172534456, 19.000294851140261 ], [ 72.859223870886098, 18.999866295143477 ], [ 72.859297836922153, 18.99942873577465 ], [ 72.85932635864134, 18.998986387056487 ] ] ] } },
{ "type": "Feature", "properties": { "station_id": "MUM_RAIL_STN_045", "station_name": "Wadala Road", "buffer_m": 500 }, "geometry": { "type": "Polygon", "coordinates": [ [ [ 72.863690206974184, 19.016061256493472 ], [ 72.863673001583749, 19.015618378402991 ], [ 72.863610238816776, 19.015179236882201 ], [ 72.863502523472135, 19.014748061092924 ], [ 72.863350893247855, 19.014329003449163 ], [ 72.863156808734331, 19.013926099628776 ], [ 72.86292213933632, 19.013543229710667 ], [ 72.862649145259311, 19.013184080811495 ], [ 72.862340455734397, 19.012852111581761 ], [ 72.861999043691725, 19.012550518902852 ], [ 72.861628197126279, 19.012282207105613 ], [ 72.861231487432462, 19.01204976000664 ], [ 72.86081273501182, 19.011855416031349 ], [ 72.860375972485556, 19.011701046663159 ], [ 72.859925405865553, 19.011588138425992 ], [ 72.859465374057876, 19.011517778573587 ], [ 72.859000307088039, 19.011490644622985 ], [ 72.858534683450245, 19.011506997833017 ], [ 72.858072986990678, 19.011566680690414 ], [ 72.85761966373957, 19.011669118427598 ], [ 72.857179079107325, 19.011813324557597 ], [ 72.856755475856289, 19.011997910372745 ], [ 72.856352933252467, 19.012221098315795 ], [ 72.855975327790134, 19.012480739094681 ], [ 72.855626295867253, 19.012774332376448 ], [ 72.855309198770598, 19.013099050861058 ], [ 72.855027090307928, 19.013451767503511 ], [ 72.854782687398597, 19.013829085622469 ], [ 72.8545783439057, 19.014227371605479 ], [ 72.854416027962202, 19.014642789896197 ], [ 72.854297303009304, 19.015071339926987 ], [ 72.854223312730014, 19.015508894641222 ], [ 72.854194770023497, 19.015951240234727 ], [ 72.854211950126668, 19.016394116733675 ], [ 72.854274687949868, 19.016833259018266 ], [ 72.85438237965279, 19.017264437897332 ], [ 72.854533988445993, 19.017683500838132 ], [ 72.854728054562628, 19.018086411959242 ], [ 72.854962709304914, 19.018469290901205 ], [ 72.855235693030593, 19.018828450200569 ], [ 72.855544376906352, 19.019160430807169 ], [ 72.855885788219169, 19.019462035402405 ], [ 72.856256639002069, 19.019730359197492 ], [ 72.85665335769859, 19.019962817914777 ], [ 72.857072123561238, 19.020157172682342 ], [ 72.857508903452214, 19.020311551602038 ], [ 72.857959490692309, 19.020424467782878 ], [ 72.858419545583061, 19.020494833665857 ], [ 72.858884637211887, 19.020521971502188 ], [ 72.859350286136959, 19.020505619883696 ], [ 72.859812007540299, 19.02044593626249 ], [ 72.860265354433096, 19.020343495435512 ], [ 72.860705960496432, 19.020199284008481 ], [ 72.861129582144372, 19.020014690892609 ], [ 72.86153213940392, 19.019791493925702 ], [ 72.861909755217567, 19.01953184274663 ], [ 72.862258792789603, 19.01923823808799 ], [ 72.862575890616142, 19.01891350768706 ], [ 72.862857994861329, 19.018560779046748 ], [ 72.863102388767956, 19.018183449309475 ], [ 72.863306718818876, 19.017785152534199 ], [ 72.863469017397662, 19.017369724691974 ], [ 72.863587721730454, 19.016941166717512 ], [ 72.863661688926669, 19.016503605972705 ], [ 72.863690206974184, 19.016061256493472 ] ] ] } },
{ "type": "Feature", "properties": { "station_id": "MUM_RAIL_STN_046", "station_name": "Guru Tej Bahadur Nagar", "buffer_m": 500 }, "geometry": { "type": "Polygon", "coordinates": [ [ [ 72.86910952343294, 19.038083927655396 ], [ 72.869092307643285, 19.037641049426476 ], [ 72.869029528391124, 19.037201908522015 ], [ 72.868921790634587, 19.036770734097743 ], [ 72.868770132287906, 19.036351678554325 ], [ 72.868576014212636, 19.035948777549194 ], [ 72.868341306137026, 19.035565911133908 ], [ 72.868068268639178, 19.035206766391163 ], [ 72.867759531368435, 19.034874801931192 ], [ 72.867418067714695, 19.03457321458923 ], [ 72.86704716616984, 19.034304908644515 ], [ 72.866650398657541, 19.034072467857097 ], [ 72.866231586135811, 19.033878130591489 ], [ 72.865794761804295, 19.033723768266363 ], [ 72.865344132269655, 19.03361086733776 ], [ 72.864884037043339, 19.033540514989017 ], [ 72.864418906761131, 19.033513388664925 ], [ 72.863953220526426, 19.033529749550972 ], [ 72.863491462787778, 19.033589440060059 ], [ 72.863038080165126, 19.033691885351075 ], [ 72.86259743864025, 19.03383609886448 ], [ 72.862173781523069, 19.034020691821716 ], [ 72.861771188598098, 19.034243886596983 ], [ 72.861393536844105, 19.034503533832645 ], [ 72.861044463104776, 19.034797133133811 ], [ 72.860727329069647, 19.035121857142673 ], [ 72.860445188902389, 19.035474578761253 ], [ 72.86020075982789, 19.035851901260457 ], [ 72.859996395961588, 19.036250190985783 ], [ 72.859834065633024, 19.036665612344979 ], [ 72.859715332422383, 19.037094164740893 ], [ 72.859641340092693, 19.037531721094155 ], [ 72.859612801563387, 19.03797406758477 ], [ 72.859629992031628, 19.038416944230182 ], [ 72.859692746308454, 19.038856085909092 ], [ 72.859800460395547, 19.039287263436002 ], [ 72.8599520972883, 19.039706324291007 ], [ 72.860146196949572, 19.040109232612551 ], [ 72.860380890358783, 19.040492108067923 ], [ 72.860653917501452, 19.040851263227015 ], [ 72.860962649126165, 19.041183239079299 ], [ 72.861304112060026, 19.041484838351735 ], [ 72.861675017838763, 19.041753156306612 ], [ 72.862071794376078, 19.041985608722335 ], [ 72.862490620367055, 19.042179956787521 ], [ 72.862927462094476, 19.042334328668471 ], [ 72.863378112283158, 19.042447237541925 ], [ 72.86383823062792, 19.042517595919232 ], [ 72.864303385604572, 19.042544726123907 ], [ 72.864769097160689, 19.042528366821365 ], [ 72.865230879874659, 19.042468675537837 ], [ 72.865684286166726, 19.042366227144186 ], [ 72.866124949145544, 19.042222008319197 ], [ 72.86654862467671, 19.042037408045534 ], [ 72.866951232268079, 19.041814204230185 ], [ 72.867328894377266, 19.041554546578176 ], [ 72.867677973762625, 19.041260935884704 ], [ 72.867995108517633, 19.04093619994536 ], [ 72.868277244450979, 19.040583466316622 ], [ 72.868521664500491, 19.040206132189113 ], [ 72.868726014897533, 19.039807831664206 ], [ 72.868888327830206, 19.03939240074919 ], [ 72.869007040386805, 19.038963840408421 ], [ 72.869081009598048, 19.038526278026602 ], [ 72.86910952343294, 19.038083927655396 ] ] ] } },
{ "type": "Feature", "properties": { "station_id": "MUM_RAIL_STN_047", "station_name": "Chunna Bhatti", "buffer_m": 500 }, "geometry": { "type": "Polygon", "coordinates": [ [ [ 72.873694416950912, 19.051762033567179 ], [ 72.873677191432549, 19.051319155054983 ], [ 72.873614398663008, 19.050880014641461 ], [ 72.873506643730863, 19.050448841477515 ], [ 72.873354964715972, 19.050029787951534 ], [ 72.873160822679168, 19.049626889701376 ], [ 72.872926087579543, 19.0492440267519 ], [ 72.872653020255569, 19.048884886152273 ], [ 72.87234425064382, 19.048552926472684 ], [ 72.872002752445582, 19.048251344502177 ], [ 72.871631814485369, 19.047983044468147 ], [ 72.871235009037306, 19.047750610073617 ], [ 72.870816157424585, 19.047556279621435 ], [ 72.87037929322301, 19.047401924464619 ], [ 72.86992862342295, 19.04728903099015 ], [ 72.869468487923271, 19.047218686309591 ], [ 72.869003317747328, 19.047191567793924 ], [ 72.868537592382381, 19.047207936553495 ], [ 72.868075796653528, 19.047267634925479 ], [ 72.867622377546283, 19.047370087993169 ], [ 72.867181701393577, 19.047514309122246 ], [ 72.866758011838598, 19.047698909460973 ], [ 72.86635538897815, 19.047922111312605 ], [ 72.865977710079207, 19.048181765251531 ], [ 72.865628612246866, 19.048475370818426 ], [ 72.865311457402768, 19.048800100595319 ], [ 72.865029299911072, 19.049152827428777 ], [ 72.864784857163698, 19.049530154539603 ], [ 72.864580483407963, 19.049928448228965 ], [ 72.864418147068946, 19.05034387286647 ], [ 72.864299411784984, 19.050772427823432 ], [ 72.864225421339427, 19.051209985995801 ], [ 72.864196888633828, 19.051652333546023 ], [ 72.864214088809661, 19.052095210481276 ], [ 72.864276856584723, 19.052534351677373 ], [ 72.864384587830997, 19.052965527953329 ], [ 72.864536245378844, 19.053384586801172 ], [ 72.864730368992412, 19.053787492378547 ], [ 72.864965089420551, 19.054170364378972 ], [ 72.865238146388691, 19.054529515405481 ], [ 72.865546910358148, 19.054861486487184 ], [ 72.865888407844508, 19.055163080396859 ], [ 72.866259350050612, 19.055431392448295 ], [ 72.866656164539165, 19.055663838476658 ], [ 72.867075029639551, 19.055858179731995 ], [ 72.867511911257637, 19.056012544446151 ], [ 72.867962601733765, 19.05612544586484 ], [ 72.868422760374443, 19.056195796571235 ], [ 72.868887955267112, 19.056222918962757 ], [ 72.869353705974603, 19.056206551780132 ], [ 72.86981552669792, 19.05614685262557 ], [ 72.870268969491036, 19.05604439644587 ], [ 72.870709667110788, 19.055900169994924 ], [ 72.871133375089002, 19.055715562328999 ], [ 72.871536012620922, 19.055492351426409 ], [ 72.871913701875727, 19.055232687060599 ], [ 72.872262805350346, 19.054939070091585 ], [ 72.872579960906322, 19.054614328375528 ], [ 72.872862114152127, 19.05426158952465 ], [ 72.87310654785901, 19.053884250780005 ], [ 72.873310908127081, 19.053485946287488 ], [ 72.873473227049587, 19.053070512092646 ], [ 72.87359194165748, 19.052641949191457 ], [ 72.873665908962025, 19.05220438499326 ], [ 72.873694416950912, 19.051762033567179 ] ] ] } },
{ "type": "Feature", "properties": { "station_id": "MUM_RAIL_STN_048", "station_name": "Tilak Nagar", "buffer_m": 500 }, "geometry": { "type": "Polygon", "coordinates": [ [ [ 72.894725439693389, 19.065834587763945 ], [ 72.894708160607649, 19.065391706311114 ], [ 72.89464531030724, 19.064952567825333 ], [ 72.8945374944349, 19.064521401438505 ], [ 72.894385751657538, 19.06410235947336 ], [ 72.894191543650024, 19.063699477456019 ], [ 72.893956741006647, 19.063316635254647 ], [ 72.893683605216154, 19.062957519718296 ], [ 72.893374766874146, 19.062625589175525 ], [ 72.893033200343439, 19.06232404013458 ], [ 72.892662195106112, 19.062055776505627 ], [ 72.892265324083723, 19.061823381641045 ], [ 72.891846409230439, 19.061629093463058 ], [ 72.891409484730531, 19.061474782917678 ], [ 72.890958758154525, 19.061361935962459 ], [ 72.890498569947624, 19.061291639261224 ], [ 72.890033351640241, 19.061264569723221 ], [ 72.889567583182867, 19.061280987987484 ], [ 72.889105749815258, 19.061340735914818 ], [ 72.888652298885262, 19.061443238111689 ], [ 72.888211597032139, 19.06158750747106 ], [ 72.887787888146647, 19.061772154677083 ], [ 72.887385252511848, 19.061995401582021 ], [ 72.887007567517955, 19.062255098326688 ], [ 72.88665847032911, 19.062548744039784 ], [ 72.886341322861171, 19.062873510916859 ], [ 72.886059179407724, 19.063226271447324 ], [ 72.885814757225987, 19.063603628527492 ], [ 72.885610410365771, 19.064001948169825 ], [ 72.885448106993721, 19.064417394493894 ], [ 72.885329410431211, 19.064845966661952 ], [ 72.885255464089141, 19.065283537403911 ], [ 72.885226980444841, 19.065725892760849 ], [ 72.885244234167644, 19.066168772664387 ], [ 72.885307059459961, 19.066607911961352 ], [ 72.885414851640064, 19.067039081488655 ], [ 72.885566572951547, 19.067458128802887 ], [ 72.885760762544464, 19.067861018172366 ], [ 72.885995550532186, 19.068243869446384 ], [ 72.8862686759892, 19.068602995427231 ], [ 72.886577508716954, 19.068934937384981 ], [ 72.886919074568453, 19.069236498372707 ], [ 72.887290084087653, 19.069504774021137 ], [ 72.887686964188489, 19.069737180515993 ], [ 72.888105892567921, 19.069931479488112 ], [ 72.888542834521843, 19.070085799576653 ], [ 72.888993581809004, 19.070198654457336 ], [ 72.889453793188281, 19.070268957161773 ], [ 72.889919036238751, 19.070296030549997 ], [ 72.890384830059077, 19.070279613835023 ], [ 72.890846688434777, 19.070219865096504 ], [ 72.891300163057011, 19.070117359759159 ], [ 72.891740886375999, 19.069973085050702 ], [ 72.892164613676101, 19.069788430492537 ], [ 72.892567263966555, 19.069565174514949 ], [ 72.892944959293942, 19.069305467325787 ], [ 72.893294062097013, 19.069011810197718 ], [ 72.893611210244188, 19.068687031373862 ], [ 72.893893349415748, 19.068334258823917 ], [ 72.894137762519037, 19.067956890113479 ], [ 72.894342095853091, 19.067558559677014 ], [ 72.894504381771128, 19.06714310380978 ], [ 72.894623057622496, 19.066714523716264 ], [ 72.894696980792176, 19.066276946971108 ], [ 72.894725439693389, 19.065834587763945 ] ] ] } },
{ "type": "Feature", "properties": { "station_id": "MUM_RAIL_STN_049", "station_name": "Chembur", "buffer_m": 500 }, "geometry": { "type": "Polygon", "coordinates": [ [ [ 72.90599331778516, 19.062651605152563 ], [ 72.905976008065778, 19.062208721777331 ], [ 72.905913127968773, 19.061769584264603 ], [ 72.90580528342376, 19.061338421736707 ], [ 72.905653513373565, 19.060919386479046 ], [ 72.905459279755505, 19.06051651395298 ], [ 72.905224453410341, 19.060133683935181 ], [ 72.904951296054762, 19.059774583157264 ], [ 72.904642438491848, 19.059442669805623 ], [ 72.904300855269241, 19.059141140222959 ], [ 72.903929836029576, 19.058872898132073 ], [ 72.903532953829014, 19.058640526678019 ], [ 72.903114030729171, 19.058446263557666 ], [ 72.902677100993628, 19.058291979475865 ], [ 72.902226372243177, 19.058179160135492 ], [ 72.901766184943938, 19.058108891934619 ], [ 72.901300970617569, 19.058081851508224 ], [ 72.900835209176222, 19.058098299215185 ], [ 72.900373385792236, 19.058158076632971 ], [ 72.899919947717365, 19.058260608084233 ], [ 72.899479261467278, 19.058404906180371 ], [ 72.899055570782679, 19.058589581328924 ], [ 72.898652955771539, 19.058812855113175 ], [ 72.898275293625744, 19.059072577415151 ], [ 72.897926221289637, 19.05936624711746 ], [ 72.897609100439951, 19.059691036184621 ], [ 72.897326985114191, 19.060043816892307 ], [ 72.897082592298887, 19.060421191942407 ], [ 72.896878275761267, 19.060819527174235 ], [ 72.896716003376042, 19.06123498655705 ], [ 72.896597338166302, 19.061663569127177 ], [ 72.896523423241092, 19.062101147514152 ], [ 72.896494970775166, 19.062543507685223 ], [ 72.896512255137537, 19.062986389525438 ], [ 72.896575110235489, 19.063425527862769 ], [ 72.896682931100102, 19.063856693543169 ], [ 72.896834679698557, 19.064275734160116 ], [ 72.897028894917923, 19.064678614046265 ], [ 72.897263706624514, 19.065061453142132 ], [ 72.897536853664164, 19.065420564367201 ], [ 72.897845705630246, 19.065752489133629 ], [ 72.898187288190201, 19.066054030660045 ], [ 72.898558311726845, 19.066322284764642 ], [ 72.8989552030189, 19.066554667840713 ], [ 72.899374139655365, 19.066748941744738 ], [ 72.899811086852466, 19.066903235357461 ], [ 72.900261836318322, 19.067016062609731 ], [ 72.900722046790804, 19.067086336799449 ], [ 72.901187285857688, 19.067113381061464 ], [ 72.901653072656032, 19.067096934889516 ], [ 72.902114921039086, 19.067037156647132 ], [ 72.902568382794371, 19.066934622043362 ], [ 72.903009090496184, 19.066790318587952 ], [ 72.903432799579477, 19.066605636079306 ], [ 72.90383542922919, 19.066382353216994 ], [ 72.904213101690914, 19.066122620467858 ], [ 72.904562179623852, 19.065828939350762 ], [ 72.904879301136191, 19.065504138339847 ], [ 72.905161412164972, 19.065151345618453 ], [ 72.905405795888782, 19.064773958946343 ], [ 72.905610098889781, 19.064375612930846 ], [ 72.905772353813461, 19.063960144017102 ], [ 72.905890998307754, 19.063531553535075 ], [ 72.905964890059749, 19.063093969159254 ], [ 72.90599331778516, 19.062651605152563 ] ] ] } },
{ "type": "Feature", "properties": { "station_id": "MUM_RAIL_STN_050", "station_name": "Govandi", "buffer_m": 500 }, "geometry": { "type": "Polygon", "coordinates": [ [ [ 72.920143313653639, 19.055146827527505 ], [ 72.920125964867708, 19.054703941639612 ], [ 72.920063047724724, 19.054264805341173 ], [ 72.919955168510853, 19.053833647742618 ], [ 72.919803366502521, 19.053414621081636 ], [ 72.919609103944509, 19.053011760736677 ], [ 72.919374251955901, 19.052628946366941 ], [ 72.919101072500041, 19.05226986455332 ], [ 72.918792196592491, 19.051937973299513 ], [ 72.918450598957236, 19.05163646873547 ], [ 72.918079569375408, 19.051368254343121 ], [ 72.917682681002518, 19.05113591300092 ], [ 72.917263755959439, 19.050941682115916 ], [ 72.916826828528301, 19.050787432082721 ], [ 72.916376106307666, 19.050674648276566 ], [ 72.915915929700702, 19.050604416753558 ], [ 72.915450730126196, 19.050577413795718 ], [ 72.914984987354359, 19.050593899401356 ], [ 72.914523186377878, 19.050653714783206 ], [ 72.914069774232999, 19.05075628389854 ], [ 72.913629117185948, 19.050900618996224 ], [ 72.913205458696481, 19.051085330127641 ], [ 72.912802878562871, 19.05130863852964 ], [ 72.912425253641459, 19.051568393750927 ], [ 72.912076220518443, 19.051862094357094 ], [ 72.911759140493231, 19.052186912015021 ], [ 72.91147706721047, 19.052539718724919 ], [ 72.911232717252076, 19.052917116938147 ], [ 72.911028443972668, 19.053315472270757 ], [ 72.910866214830548, 19.05373094849822 ], [ 72.910747592432443, 19.054159544494375 ], [ 72.910673719475071, 19.054597132759216 ], [ 72.910645307728956, 19.055039499164586 ], [ 72.910662631170865, 19.055482383535232 ], [ 72.910725523331507, 19.055921520674477 ], [ 72.910833378884789, 19.056352681439606 ], [ 72.91098515946355, 19.05677171347121 ], [ 72.911179403646543, 19.057174581184476 ], [ 72.911414241020822, 19.057557404637027 ], [ 72.911687410184655, 19.057916496898947 ], [ 72.911996280518011, 19.058248399564974 ], [ 72.912337877511106, 19.058549916066635 ], [ 72.912708911407506, 19.058818142463217 ], [ 72.913105808885845, 19.059050495414958 ], [ 72.913524747475392, 19.059244737068678 ], [ 72.913961692373405, 19.059398996615883 ], [ 72.914412435310069, 19.059511788315781 ], [ 72.914872635086127, 19.059582025808869 ], [ 72.915337859392423, 19.059609032583722 ], [ 72.915803627508311, 19.059592548495342 ], [ 72.916265453467133, 19.059532732272679 ], [ 72.916718889272602, 19.059430159990775 ], [ 72.917159567749209, 19.059285819522461 ], [ 72.917583244613709, 19.059101101022737 ], [ 72.917985839361634, 19.058877783537923 ], [ 72.918363474575074, 19.058618017868348 ], [ 72.918712513272297, 19.058324305849943 ], [ 72.919029593939655, 19.057999476254412 ], [ 72.919311662907859, 19.057646657540278 ], [ 72.919556003760789, 19.057269247717507 ], [ 72.919760263493743, 19.056870881616195 ], [ 72.919922475168988, 19.056455395874703 ], [ 72.920041076851064, 19.056026791984817 ], [ 72.920114926639329, 19.055589197749889 ], [ 72.920143313653639, 19.055146827527505 ] ] ] } },
{ "type": "Feature", "properties": { "station_id": "MUM_RAIL_STN_051", "station_name": "Mankhurd", "buffer_m": 500 }, "geometry": { "type": "Polygon", "coordinates": [ [ [ 72.936473012267101, 19.04821818633593 ], [ 72.936455618736076, 19.047775297641106 ], [ 72.936392658704435, 19.047336162787996 ], [ 72.936284738871151, 19.046905010872802 ], [ 72.936132898903523, 19.046485994078271 ], [ 72.93593860141155, 19.046083147687604 ], [ 72.93570371785043, 19.045700351225499 ], [ 72.935430510487137, 19.04534129110025 ], [ 72.93512161060562, 19.045009425106699 ], [ 72.934779993160404, 19.044707949131524 ], [ 72.934408948123036, 19.044439766381423 ], [ 72.93401204879757, 19.044207459430247 ], [ 72.933593117410126, 19.044013265354046 ], [ 72.933156188303727, 19.043859054193177 ], [ 72.932705469092966, 19.043746310948777 ], [ 72.932245300151976, 19.043676121286612 ], [ 72.931780112825749, 19.043649161085881 ], [ 72.93131438676663, 19.043665689933398 ], [ 72.930852606806553, 19.043725548625787 ], [ 72.930399219779588, 19.043828160703463 ], [ 72.92995859171036, 19.043972538001789 ], [ 72.929534965779879, 19.044157290165938 ], [ 72.929132421473255, 19.044380638037726 ], [ 72.928754835302172, 19.044640430785851 ], [ 72.928405843479979, 19.044934166614532 ], [ 72.928088806908761, 19.045259016851404 ], [ 72.927806778814983, 19.045611853182852 ], [ 72.927562475345681, 19.045989277774812 ], [ 72.927358249408044, 19.046387655989108 ], [ 72.927196068004591, 19.046803151380598 ], [ 72.927077493282411, 19.047231762638315 ], [ 72.927003667479141, 19.047669362114956 ], [ 72.92697530191117, 19.0481117355741 ], [ 72.92699267011038, 19.048554622772244 ], [ 72.927055605176335, 19.048993758485196 ], [ 72.927163501369449, 19.049424913583692 ], [ 72.927315319930926, 19.049843935762667 ], [ 72.92750959907336, 19.05024678953199 ], [ 72.927744468046754, 19.050629595083407 ], [ 72.928017665144694, 19.050988665659325 ], [ 72.928326559477739, 19.051320543063294 ], [ 72.928668176304598, 19.051622030970144 ], [ 72.929039225677485, 19.05189022571464 ], [ 72.929436134125709, 19.052122544261998 ], [ 72.92985507907261, 19.052316749090533 ], [ 72.930292025654055, 19.052470969746668 ], [ 72.930742765583886, 19.052583720864391 ], [ 72.931202957691767, 19.052653916475361 ], [ 72.931668169742423, 19.052680880471765 ], [ 72.932133921133328, 19.052664353120917 ], [ 72.932595726059091, 19.052604493568698 ], [ 72.933049136726225, 19.052501878307723 ], [ 72.933489786201619, 19.052357495624953 ], [ 72.933913430481624, 19.052172736082152 ], [ 72.934315989375975, 19.051949379121048 ], [ 72.934693585812425, 19.05168957592225 ], [ 72.935042583183076, 19.051395828683145 ], [ 72.935359620372651, 19.051070966514605 ], [ 72.935641644130911, 19.050718118188762 ], [ 72.935885938477441, 19.050340682000627 ], [ 72.936090150855634, 19.049942293034 ], [ 72.936252314784056, 19.049526788147226 ], [ 72.936370868787151, 19.049098169016194 ], [ 72.93644467142353, 19.048660563590744 ], [ 72.936473012267101, 19.04821818633593 ] ] ] } },
{ "type": "Feature", "properties": { "station_id": "MUM_RAIL_STN_052", "station_name": "Kings Circle", "buffer_m": 500 }, "geometry": { "type": "Polygon", "coordinates": [ [ [ 72.861917222689272, 19.032321524920942 ], [ 72.861900025006065, 19.031878647685051 ], [ 72.861837265477746, 19.03143950613747 ], [ 72.861729548872376, 19.031008329440255 ], [ 72.861577912900415, 19.030589270016108 ], [ 72.861383818207969, 19.030186363559984 ], [ 72.861149134298103, 19.029803490176047 ], [ 72.860876121516256, 19.02944433701424 ], [ 72.860567409273855, 19.029112362765961 ], [ 72.860225970719867, 19.028810764360784 ], [ 72.85985509410466, 19.028542446184542 ], [ 72.85945835111194, 19.028309992115112 ], [ 72.859039562463863, 19.028115640644877 ], [ 72.858602761130271, 19.027961263329299 ], [ 72.858152153496619, 19.027848346768717 ], [ 72.857692078863565, 19.027777978296918 ], [ 72.857226967668765, 19.027750835513864 ], [ 72.856761298831984, 19.027767179763416 ], [ 72.856299556634283, 19.027826853618574 ], [ 72.855846187546078, 19.02792928239845 ], [ 72.85540555741882, 19.028073479702389 ], [ 72.854981909452661, 19.028258056907802 ], [ 72.854579323343998, 19.028481236540426 ], [ 72.854201676005843, 19.028740869388383 ], [ 72.853852604239293, 19.029034455195216 ], [ 72.853535469714757, 19.029359166733027 ], [ 72.853253326600424, 19.029711877023875 ], [ 72.85300889214939, 19.030089189447757 ], [ 72.852804520528665, 19.030487470447195 ], [ 72.852642180142297, 19.030902884514013 ], [ 72.852523434667106, 19.031331431121362 ], [ 72.85244942798407, 19.031768983245691 ], [ 72.852420873150635, 19.032211327107856 ], [ 72.852438045520884, 19.032654202750745 ], [ 72.852500780080007, 19.033093345062827 ], [ 72.852608473019458, 19.033524524852659 ], [ 72.852760087538286, 19.033943589578687 ], [ 72.852954163814772, 19.034346503342231 ], [ 72.853188833053608, 19.034729385758283 ], [ 72.853461835473141, 19.035088549329817 ], [ 72.853770542060147, 19.035420534965379 ], [ 72.854111979883001, 19.035722145297804 ], [ 72.854482860719443, 19.035990475482883 ], [ 72.854879612723522, 19.036222941181272 ], [ 72.855298414826834, 19.036417303453664 ], [ 72.855735233542376, 19.036571690329502 ], [ 72.856185861816797, 19.03668461484104 ], [ 72.856645959556161, 19.036754989348943 ], [ 72.857111095434902, 19.036782136021277 ], [ 72.857576789584641, 19.036765793364722 ], [ 72.858038556751524, 19.03670611874508 ], [ 72.858491949505648, 19.036603686872578 ], [ 72.858932601086053, 19.03645948426675 ], [ 72.859356267468144, 19.036274899753931 ], [ 72.859758868247852, 19.036051711089183 ], [ 72.86013652594832, 19.035792067831512 ], [ 72.860485603370265, 19.035498470637393 ], [ 72.860802738625935, 19.03517374717234 ], [ 72.861084877519033, 19.034821024872649 ], [ 72.861329302958694, 19.034443700819811 ], [ 72.861533661124213, 19.034045409018205 ], [ 72.861695984128616, 19.033629985391133 ], [ 72.861814708963053, 19.033201430832825 ], [ 72.861888692539765, 19.032763872672394 ], [ 72.861917222689272, 19.032321524920942 ] ] ] } },
{ "type": "Feature", "properties": { "station_id": "MUM_RAIL_STN_053", "station_name": "Mira Road", "buffer_m": 500 }, "geometry": { "type": "Polygon", "coordinates": [ [ [ 72.860852471165458, 19.27979644720758 ], [ 72.860835321688853, 19.279353578741485 ], [ 72.860772541687382, 19.278914439001944 ], [ 72.860664736131753, 19.278483257133004 ], [ 72.860512943594131, 19.278064185606123 ], [ 72.860318626232981, 19.277661260231348 ], [ 72.860083655699512, 19.277278361293263 ], [ 72.859810295102434, 19.276919176185864 ], [ 72.859501177204692, 19.276587163905951 ], [ 72.85915927906278, 19.276285521747013 ], [ 72.85878789335284, 19.276017154513898 ], [ 72.858390596660072, 19.275784646554619 ], [ 72.85797121503667, 19.27559023687844 ], [ 72.857533787159809, 19.275435797599492 ], [ 72.857082525444682, 19.275322815913285 ], [ 72.856621775486317, 19.275252379779637 ], [ 72.85615597422084, 19.275225167449356 ], [ 72.855689607208163, 19.275241440935783 ], [ 72.855227165447602, 19.275301043493542 ], [ 72.854773102141223, 19.275403401129033 ], [ 72.854331789821146, 19.275547528127781 ], [ 72.853907478252893, 19.275732036545723 ], [ 72.85350425351993, 19.275955149572855 ], [ 72.853125998682685, 19.27621471864078 ], [ 72.852776356390891, 19.27650824410955 ], [ 72.852458693808629, 19.276832899334678 ], [ 72.852176070189856, 19.277185557882937 ], [ 72.851931207416541, 19.277562823634909 ], [ 72.851726463783095, 19.277961063484717 ], [ 72.851563811279604, 19.278376442322365 ], [ 72.851444816592902, 19.278804959961832 ], [ 72.851370626008844, 19.279242489659737 ], [ 72.851341954361246, 19.279684817853671 ], [ 72.851359078134749, 19.280127684737721 ], [ 72.851421832788134, 19.280566825284549 ], [ 72.851529614324861, 19.280998010319102 ], [ 72.851681385095745, 19.281417087248261 ], [ 72.851875683778843, 19.281820020054383 ], [ 72.852110639440724, 19.282202928167283 ], [ 72.852383989544165, 19.2825621238404 ], [ 72.852693101729486, 19.282894147670877 ], [ 72.853034999159775, 19.28319580192138 ], [ 72.853406389186162, 19.283464181322358 ], [ 72.853803695057593, 19.283696701058201 ], [ 72.854223090369175, 19.283891121667086 ], [ 72.85466053591766, 19.284045570614733 ], [ 72.85511181860879, 19.284158560334077 ], [ 72.855572592041383, 19.2842290025566 ], [ 72.856038418377267, 19.28425621879747 ], [ 72.856504811093046, 19.284239946893102 ], [ 72.85696727820168, 19.284180343528043 ], [ 72.857421365526974, 19.284077982726949 ], [ 72.857862699613776, 19.283933850325919 ], [ 72.85828702986008, 19.283749334476639 ], [ 72.85869026946466, 19.283526212274683 ], [ 72.859068534795526, 19.283266632641045 ], [ 72.859418182799715, 19.282973095621699 ], [ 72.859735846093642, 19.282648428305006 ], [ 72.860018465395953, 19.282295757588887 ], [ 72.86026331899059, 19.281918480060352 ], [ 72.860468048935871, 19.281520229277842 ], [ 72.860630683767738, 19.281104840771494 ], [ 72.860749657478451, 19.280676315098891 ], [ 72.860823824588266, 19.280238779312114 ], [ 72.860852471165458, 19.27979644720758 ] ] ] } },
{ "type": "Feature", "properties": { "station_id": "MUM_RAIL_STN_054", "station_name": "Bhayandar", "buffer_m": 500 }, "geometry": { "type": "Polygon", "coordinates": [ [ [ 72.857326619025557, 19.311495155478415 ], [ 72.85730948487965, 19.311052288703859 ], [ 72.857246711348964, 19.310613148908228 ], [ 72.857138903342573, 19.310181965236101 ], [ 72.856987099456973, 19.309762890176213 ], [ 72.856792761960506, 19.3093599595725 ], [ 72.85655776269887, 19.308977053759737 ], [ 72.856284365057846, 19.308617860197867 ], [ 72.855975202157481, 19.308285837964863 ], [ 72.855633251487788, 19.307984184449758 ], [ 72.855261806230885, 19.30771580456647 ], [ 72.85486444354531, 19.307483282784521 ], [ 72.854444990118537, 19.307288858246004 ], [ 72.854007485318903, 19.3071344032079 ], [ 72.853556142301912, 19.307021405017249 ], [ 72.853095307445003, 19.306950951792583 ], [ 72.852629418501238, 19.306923721949182 ], [ 72.852162961874228, 19.306939977668925 ], [ 72.851700429425605, 19.306999562377513 ], [ 72.851246275230096, 19.307101902253244 ], [ 72.850804872694425, 19.307246011752763 ], [ 72.850380472452343, 19.307430503100672 ], [ 72.849977161440705, 19.307653599651552 ], [ 72.849598823550465, 19.307913152995908 ], [ 72.849249102230871, 19.308206663645485 ], [ 72.848931365406912, 19.308531305098814 ], [ 72.848648673047478, 19.308883951055602 ], [ 72.848403747696679, 19.309261205517991 ], [ 72.848198948251806, 19.309659435489156 ], [ 72.848036247240799, 19.310074805954486 ], [ 72.847917211818185, 19.310503316808859 ], [ 72.847842988662649, 19.310940841374446 ], [ 72.847814292922394, 19.311383166138405 ], [ 72.847831401314735, 19.311826031327961 ], [ 72.84789414944737, 19.312265171932154 ], [ 72.848001933387252, 19.312696358775348 ], [ 72.848153715462729, 19.313115439246932 ], [ 72.848348034243628, 19.313518377294994 ], [ 72.848583018603478, 19.313901292298695 ], [ 72.848856405729151, 19.314260496444891 ], [ 72.84916556290473, 19.314592530248845 ], [ 72.849507512860171, 19.314894195876857 ], [ 72.849878962440826, 19.315162587949537 ], [ 72.850276334321961, 19.315395121528905 ], [ 72.850695801462777, 19.315589557019514 ], [ 72.851133323967872, 19.315744021743509 ], [ 72.851584688001353, 19.315857027981618 ], [ 72.852045546378108, 19.315927487306045 ], [ 72.852511460441249, 19.315954721067101 ], [ 72.852977942821795, 19.315938466932359 ], [ 72.853440500668484, 19.315878881415205 ], [ 72.853894678930516, 19.315776538368418 ], [ 72.854336103276296, 19.315632423457206 ], [ 72.854760522233946, 19.315447924664937 ], [ 72.855163848147384, 19.315224818923117 ], [ 72.855542196552946, 19.314965254994441 ], [ 72.855891923597341, 19.31467173277392 ], [ 72.856209661135566, 19.314347079207675 ], [ 72.856492349171234, 19.313994421061505 ], [ 72.856737265326458, 19.313617154801687 ], [ 72.856942051057302, 19.313218913878433 ], [ 72.857104734362849, 19.312803533727209 ], [ 72.857223748768988, 19.312375014825378 ], [ 72.857297948404664, 19.311937484160033 ], [ 72.857326619025557, 19.311495155478415 ] ] ] } },
{ "type": "Feature", "properties": { "station_id": "MUM_RAIL_STN_055", "station_name": "Naigaon", "buffer_m": 500 }, "geometry": { "type": "Polygon", "coordinates": [ [ [ 72.85104060072311, 19.351363617658592 ], [ 72.851023490921023, 19.350920753321549 ], [ 72.850960730573306, 19.350481613293102 ], [ 72.850852924463041, 19.350050426720042 ], [ 72.850701111169343, 19.349631346119008 ], [ 72.850506753051931, 19.349228407387155 ], [ 72.850271722155824, 19.3488454909373 ], [ 72.849998282172052, 19.348486284331571 ], [ 72.849689066628827, 19.348154246773223 ], [ 72.849347053523488, 19.347852575798537 ], [ 72.848975536639472, 19.347584176489164 ], [ 72.848578093825054, 19.347351633501326 ], [ 72.848158552539104, 19.347157186180944 ], [ 72.847720952995672, 19.34700270700402 ], [ 72.847269509262077, 19.346889683549726 ], [ 72.846808568685063, 19.346819204179624 ], [ 72.846342570034977, 19.346791947560554 ], [ 72.845876000771085, 19.346808176132082 ], [ 72.845413353838865, 19.346867733581295 ], [ 72.84495908441464, 19.346970046348989 ], [ 72.844517567014023, 19.347114129152942 ], [ 72.844093053376113, 19.347298594475003 ], [ 72.843689631529145, 19.347521665920606 ], [ 72.84331118643091, 19.347781195322302 ], [ 72.842961362562662, 19.348074683422745 ], [ 72.842643528836746, 19.348399303937995 ], [ 72.84236074615518, 19.348751930769787 ], [ 72.842115737932019, 19.349129168104849 ], [ 72.841910863862935, 19.349527383111692 ], [ 72.841748097194966, 19.349942740920202 ], [ 72.841629005715518, 19.350371241547478 ], [ 72.8415547366439, 19.350808758414466 ], [ 72.841526005571296, 19.351251078082708 ], [ 72.841543089556168, 19.351693940828667 ], [ 72.841605824442198, 19.352133081664981 ], [ 72.841713606424818, 19.352564271413819 ], [ 72.841865397852104, 19.352983357436496 ], [ 72.84205973720465, 19.353386303627513 ], [ 72.842294753158555, 19.353769229287387 ], [ 72.84256818259702, 19.354128446500066 ], [ 72.842877392397071, 19.354460495654671 ], [ 72.84321940478209, 19.354762178769295 ], [ 72.84359092599631, 19.35503059029574 ], [ 72.843988378025074, 19.355263145108303 ], [ 72.844407933055365, 19.355457603406631 ], [ 72.844845550344985, 19.355612092292855 ], [ 72.84529701514461, 19.355725123814668 ], [ 72.845757979297971, 19.355795609300497 ], [ 72.846224003128683, 19.35582286984847 ], [ 72.846690598209776, 19.355806642868025 ], [ 72.847153270603684, 19.355747084610947 ], [ 72.847607564155538, 19.355644768667482 ], [ 72.848049103422596, 19.355500680441878 ], [ 72.848473635825371, 19.355316207660657 ], [ 72.848877072614528, 19.355093127005027 ], [ 72.849255528258084, 19.354833586996378 ], [ 72.849605357869493, 19.354540087299679 ], [ 72.849923192315742, 19.354215454644493 ], [ 72.850205970667076, 19.353862815595633 ], [ 72.850450969675919, 19.35348556643585 ], [ 72.850655830000647, 19.353087340451058 ], [ 72.850818578922443, 19.352671972933248 ], [ 72.850937649335833, 19.352243464238448 ], [ 72.851011894831103, 19.351805941255734 ], [ 72.85104060072311, 19.351363617658592 ] ] ] } },
{ "type": "Feature", "properties": { "station_id": "MUM_RAIL_STN_056", "station_name": "Vasai Road", "buffer_m": 500 }, "geometry": { "type": "Polygon", "coordinates": [ [ [ 72.836904267151084, 19.38243693619583 ], [ 72.836887201462787, 19.381994075302888 ], [ 72.836824476548728, 19.381554934291735 ], [ 72.836716696851425, 19.381123742318835 ], [ 72.836564900696416, 19.380704651952886 ], [ 72.836370550279156, 19.380301699185132 ], [ 72.836135517571194, 19.379918764563516 ], [ 72.835862066281592, 19.379559535825024 ], [ 72.835552830048044, 19.379227472385882 ], [ 72.83521078706751, 19.378925772031334 ], [ 72.83483923141138, 19.378657340125681 ], [ 72.834441741301504, 19.378424761638698 ], [ 72.834022144652167, 19.378230276257806 ], [ 72.833584482210426, 19.378075756825158 ], [ 72.833132968649068, 19.377962691307218 ], [ 72.832671951986782, 19.377892168470268 ], [ 72.832205871726131, 19.377864867399413 ], [ 72.831739216111686, 19.377881050962031 ], [ 72.831276478919776, 19.377940563278418 ], [ 72.83082211619525, 19.378042831223855 ], [ 72.830380503351421, 19.37818686994769 ], [ 72.829955893045863, 19.378371292356245 ], [ 72.829552374237053, 19.378594322468309 ], [ 72.829173832815925, 19.378853812514606 ], [ 72.828823914190906, 19.379147263617014 ], [ 72.828505988186421, 19.379471849848166 ], [ 72.828223116592966, 19.379824445440278 ], [ 72.827978023680743, 19.380201654881297 ], [ 72.827773069961012, 19.380599845608742 ], [ 72.827610229448112, 19.381015182986726 ], [ 72.827491070640946, 19.381443667229487 ], [ 72.827416741407646, 19.381881171916149 ], [ 72.82738795791937, 19.382323483725877 ], [ 72.827404997740032, 19.382766343011124 ], [ 72.827467697139355, 19.383205484818109 ], [ 72.827575452655296, 19.3836366799598 ], [ 72.827727226891611, 19.384055775745693 ], [ 72.827921558495177, 19.384458735976278 ], [ 72.828156576217452, 19.384841679816837 ], [ 72.828430016925225, 19.385200919176071 ], [ 72.828739247387475, 19.385532994229628 ], [ 72.829081289629059, 19.385834706745907 ], [ 72.829452849606938, 19.386103150893273 ], [ 72.829850348933206, 19.386335741231477 ], [ 72.83026995933939, 19.386530237617674 ], [ 72.830707639549757, 19.386684766786786 ], [ 72.831159174208722, 19.386797840398174 ], [ 72.831620214486776, 19.386868369374533 ], [ 72.83208631997384, 19.386895674394829 ], [ 72.832553001455906, 19.386879492439899 ], [ 72.833015764162568, 19.386819979327683 ], [ 72.83347015106844, 19.386717708213471 ], [ 72.833911785830949, 19.38657366406968 ], [ 72.834336414950215, 19.38638923419828 ], [ 72.834739948744712, 19.38616619486729 ], [ 72.835118500747669, 19.385906694200244 ], [ 72.835468425143986, 19.385613231483426 ], [ 72.835786351887421, 19.385288633090536 ], [ 72.836069219159128, 19.384936025256717 ], [ 72.836314302854959, 19.384558803964474 ], [ 72.836519242817843, 19.384160602231727 ], [ 72.836682065562087, 19.383745255117283 ], [ 72.836801203271676, 19.383316762781064 ], [ 72.836875508889207, 19.382879251955007 ], [ 72.836904267151084, 19.38243693619583 ] ] ] } },
{ "type": "Feature", "properties": { "station_id": "MUM_RAIL_STN_057", "station_name": "Nallasopara", "buffer_m": 500 }, "geometry": { "type": "Polygon", "coordinates": [ [ [ 72.823673711664327, 19.417732626344566 ], [ 72.823656688546308, 19.41728976891433 ], [ 72.823593996312482, 19.416850627042024 ], [ 72.823486239091523, 19.416419429892549 ], [ 72.823334454993358, 19.416000330084547 ], [ 72.823140106098137, 19.415597363700162 ], [ 72.822905064363511, 19.415214411418372 ], [ 72.822631593586166, 19.41485516114609 ], [ 72.822322327591962, 19.414523072506661 ], [ 72.821980244864861, 19.414221343527725 ], [ 72.821608639859363, 19.413952879848896 ], [ 72.821211091272573, 19.413720266745557 ], [ 72.820791427581895, 19.413525744238097 ], [ 72.820353690179758, 19.41337118552579 ], [ 72.81990209446046, 19.413258078952989 ], [ 72.819440989233371, 19.41318751368097 ], [ 72.818974814853306, 19.413160169203184 ], [ 72.818508060470506, 19.413176308804754 ], [ 72.818045220811669, 19.413235777029112 ], [ 72.817590752907591, 19.41333800117604 ], [ 72.817149033183711, 19.413481996816607 ], [ 72.816724315326042, 19.413666377272087 ], [ 72.816320689328123, 19.413889366965371 ], [ 72.815942042112525, 19.414148818516622 ], [ 72.815592020105953, 19.41444223341869 ], [ 72.81527399412812, 19.414766786093132 ], [ 72.81499102693202, 19.415119351095694 ], [ 72.814745843708494, 19.415496533209311 ], [ 72.814540805838661, 19.415894700135077 ], [ 72.81437788814749, 19.416310017466749 ], [ 72.814258659877581, 19.416738485612036 ], [ 72.814184269566596, 19.417175978305455 ], [ 72.81415543397452, 19.417618282342026 ], [ 72.814172431167862, 19.41806113814933 ], [ 72.814235097827662, 19.418500280807311 ], [ 72.814342830808044, 19.418931481120882 ], [ 72.814494592930657, 19.419350586349804 ], [ 72.814688922959832, 19.419753560203613 ], [ 72.814923949662941, 19.420136521716277 ], [ 72.815197409820968, 19.420495782626158 ], [ 72.815506670016106, 19.420827882901104 ], [ 72.815848751987275, 19.421129624066321 ], [ 72.816220361309036, 19.421398100013903 ], [ 72.816617919118386, 19.421630724996977 ], [ 72.817037596583532, 19.421825258538625 ], [ 72.817475351782662, 19.421979827015527 ], [ 72.817926968637593, 19.42209294170809 ], [ 72.818388097526679, 19.422163513142991 ], [ 72.818854297185837, 19.422190861589957 ], [ 72.819321077493328, 19.422174723611324 ], [ 72.81978394272619, 19.422115254601287 ], [ 72.820238434870816, 19.422013027290262 ], [ 72.820680176570264, 19.421869026228773 ], [ 72.821104913293979, 19.421684638303873 ], [ 72.821508554323401, 19.421461639379721 ], [ 72.821887212158344, 19.421202177190867 ], [ 72.822237239963954, 19.42090875065329 ], [ 72.822555266697734, 19.420584185792553 ], [ 72.82283822957757, 19.420231608521238 ], [ 72.823083403578536, 19.41985441452789 ], [ 72.823288427673901, 19.419456236567939 ], [ 72.823451327568065, 19.419040909471668 ], [ 72.823570534702355, 19.418612433206622 ], [ 72.823644901351344, 19.418174934350311 ], [ 72.823673711664327, 19.417732626344566 ] ] ] } },
{ "type": "Feature", "properties": { "station_id": "MUM_RAIL_STN_058", "station_name": "Virar", "buffer_m": 500 }, "geometry": { "type": "Polygon", "coordinates": [ [ [ 72.816688698941078, 19.455056916640576 ], [ 72.816671701877851, 19.454614061702429 ], [ 72.816609025187674, 19.454174919519613 ], [ 72.816501272850417, 19.45374371926005 ], [ 72.816349482929752, 19.453324613572285 ], [ 72.816155117562715, 19.452921638594976 ], [ 72.815920048866246, 19.452538675089659 ], [ 72.815646540897276, 19.4521794110711 ], [ 72.81533722784026, 19.45184730629472 ], [ 72.814995088632713, 19.451545558943248 ], [ 72.814623418273115, 19.451277074832845 ], [ 72.814225796087939, 19.451044439435297 ], [ 72.813806051263143, 19.450849892985307 ], [ 72.813368225972155, 19.45069530891238 ], [ 72.812916536455106, 19.450582175804769 ], [ 72.812455332424065, 19.450511583079024 ], [ 72.81198905518464, 19.450484210492721 ], [ 72.811522194876815, 19.450500321601531 ], [ 72.811059247246547, 19.45055976122319 ], [ 72.810604670363617, 19.450661956932905 ], [ 72.810162841702081, 19.450805924575658 ], [ 72.809738015996388, 19.450990277742466 ], [ 72.809334284278009, 19.451213241119206 ], [ 72.808955534487055, 19.451472667579761 ], [ 72.8086054140377, 19.451766058858883 ], [ 72.808287294697394, 19.452090589605998 ], [ 72.808004240118208, 19.452443134588371 ], [ 72.807758976332565, 19.452820298782122 ], [ 72.807553865497681, 19.453218450061311 ], [ 72.807390883141622, 19.453633754170735 ], [ 72.807271599130274, 19.45406221164577 ], [ 72.807197162538728, 19.454499696323982 ], [ 72.807168290573486, 19.454941995077821 ], [ 72.807185261652165, 19.455384848385915 ], [ 72.807247912708178, 19.455823991352378 ], [ 72.807355640746749, 19.456255194779178 ], [ 72.807507408637974, 19.456674305896051 ], [ 72.807701755091415, 19.457077288355716 ], [ 72.80793680871696, 19.457460261109063 ], [ 72.808210306036841, 19.457819535785969 ], [ 72.808519613275863, 19.458151652221389 ], [ 72.808861751720073, 19.458453411784564 ], [ 72.809233426400354, 19.458721908190036 ], [ 72.809631057824149, 19.45895455549352 ], [ 72.810050816450499, 19.459149113002777 ], [ 72.810488659575583, 19.459303706863302 ], [ 72.810940370273912, 19.459416848110713 ], [ 72.811401598019415, 19.459487447015668 ], [ 72.811867900595175, 19.459514823583088 ], [ 72.812334786887547, 19.459498714104338 ], [ 72.81279776015198, 19.459439273699029 ], [ 72.81325236133361, 19.459337074822081 ], [ 72.813694212024572, 19.45919310175022 ], [ 72.814119056643861, 19.459008741101066 ], [ 72.814522803433164, 19.458785768476272 ], [ 72.814901563873207, 19.45852633135738 ], [ 72.815251690140556, 19.458232928419203 ], [ 72.815569810244185, 19.457908385460396 ], [ 72.815852860502687, 19.457555828182961 ], [ 72.816098115049712, 19.457178652083279 ], [ 72.816303212083042, 19.456780489744812 ], [ 72.816466176605019, 19.456365175847782 ], [ 72.816585439435102, 19.455936710232951 ], [ 72.816659852312171, 19.455499219375543 ], [ 72.816688698941078, 19.455056916640576 ] ] ] } },
{ "type": "Feature", "properties": { "station_id": "MUM_RAIL_STN_059", "station_name": "Vashi", "buffer_m": 500 }, "geometry": { "type": "Polygon", "coordinates": [ [ [ 73.003646050488058, 19.063168695934209 ], [ 73.003628480324622, 19.062725797596347 ], [ 73.003565339358232, 19.062286669459873 ], [ 73.003457236030314, 19.061855540555101 ], [ 73.003305211775, 19.061436562841966 ], [ 73.003110730976474, 19.061033771226235 ], [ 73.002875666854408, 19.060651044704155 ], [ 73.002602283413623, 19.060292069009723 ], [ 73.002293213632555, 19.059960301124118 ], [ 73.001951434100519, 19.059658935988885 ], [ 73.001580236348616, 19.059390875743226 ], [ 73.001183195150119, 19.059158701781367 ], [ 73.000764134096016, 19.058964649899039 ], [ 73.000327088776743, 19.058810588767827 ], [ 72.999876267924861, 19.05869800194484 ], [ 72.99941601289234, 19.058627973590426 ], [ 72.998950755852462, 19.058601178031434 ], [ 72.998484977128442, 19.058617873270311 ], [ 72.998023162059141, 19.058677898502481 ], [ 72.997569757816777, 19.058780675665723 ], [ 72.9971291305921, 19.058925215006738 ], [ 72.996705523558589, 19.059110124611188 ], [ 72.996303016020207, 19.059333623805596 ], [ 72.995925484135611, 19.059593560302073 ], [ 72.995576563596615, 19.05988743092102 ], [ 72.995259614620196, 19.060212405692255 ], [ 72.994977689590684, 19.060565355102895 ], [ 72.994733503664037, 19.060942880229682 ], [ 72.994529408616884, 19.061341345465813 ], [ 72.994367370192592, 19.061756913527436 ], [ 72.994248949162468, 19.062185582402886 ], [ 72.994175286285071, 19.06262322388897 ], [ 72.994147091308477, 19.063065623343562 ], [ 72.994164636122264, 19.06350852027159 ], [ 72.994227752125312, 19.063947649353903 ], [ 72.994335831835542, 19.064378781523867 ], [ 72.994487834726399, 19.064797764696035 ], [ 72.994682297234704, 19.065200563754878 ], [ 72.994917346843721, 19.065583299418105 ], [ 72.995190720106308, 19.065942285600418 ], [ 72.995499784435225, 19.066274064917614 ], [ 72.995841563450639, 19.066575441988824 ], [ 72.996212765641317, 19.066843514216171 ], [ 72.996609816063383, 19.067075699744944 ], [ 72.997028890771418, 19.067269762334956 ], [ 72.997465953650263, 19.067423832903085 ], [ 72.997916795292582, 19.067536427529578 ], [ 72.998377073547402, 19.067606461754213 ], [ 72.998842355349041, 19.06763326102455 ], [ 72.999308159422668, 19.0676165671955 ], [ 72.999769999455324, 19.067556541017495 ], [ 73.000223427315376, 19.067453760589068 ], [ 73.000664075904524, 19.067309215789017 ], [ 73.001087701228244, 19.067124298741458 ], [ 73.001490223279689, 19.06690079040591 ], [ 73.001867765342482, 19.066640843421538 ], [ 73.002216691333629, 19.066346961371 ], [ 73.002533640826684, 19.066021974663784 ], [ 73.002815561417435, 19.065669013271464 ], [ 73.003059738120484, 19.065291476577748 ], [ 73.003263819513691, 19.064893000633951 ], [ 73.003425840378412, 19.064477423135408 ], [ 73.003544240618098, 19.06404874645645 ], [ 73.003617880273211, 19.063611099100136 ], [ 73.003646050488058, 19.063168695934209 ] ] ] } },
{ "type": "Feature", "properties": { "station_id": "MUM_RAIL_STN_060", "station_name": "Sanpada", "buffer_m": 500 }, "geometry": { "type": "Polygon", "coordinates": [ [ [ 73.014098917149653, 19.066165992740494 ], [ 73.014081319583127, 19.06572309298209 ], [ 73.014018150364691, 19.065283965955722 ], [ 73.013910018207838, 19.06485284068081 ], [ 73.013757964824308, 19.064433869082144 ], [ 73.013563454878792, 19.064031086006445 ], [ 73.013328361871459, 19.063648370367563 ], [ 73.013054950085177, 19.063289407794556 ], [ 73.012745852771189, 19.06295765514216 ], [ 73.012404046783743, 19.062656307205156 ], [ 73.012032823908484, 19.062388265957079 ], [ 73.011635759160427, 19.062156112609262 ], [ 73.011216676357094, 19.061962082758932 ], [ 73.010779611298162, 19.061808044865611 ], [ 73.010328772906092, 19.061695482262738 ], [ 73.009868502701636, 19.06162547887757 ], [ 73.009403233004008, 19.061598708796641 ], [ 73.008937444258251, 19.061615429777238 ], [ 73.008475621899692, 19.061675480767057 ], [ 73.008022213170705, 19.061778283456025 ], [ 73.007581584305314, 19.061922847845196 ], [ 73.00715797849287, 19.062107781779179 ], [ 73.006755475025713, 19.06233130435033 ], [ 73.00637795002342, 19.062591263045775 ], [ 73.006029039111766, 19.062885154472191 ], [ 73.005712102415174, 19.063210148459063 ], [ 73.005430192199981, 19.063563115308487 ], [ 73.005186023479666, 19.063940655929223 ], [ 73.004981947865431, 19.064339134565188 ], [ 73.004819930913683, 19.064754713803406 ], [ 73.004701533189163, 19.065183391524425 ], [ 73.004627895226122, 19.065621039439726 ], [ 73.004599726532874, 19.066063442845088 ], [ 73.004617298745956, 19.066506341207209 ], [ 73.004680443000424, 19.066945469192927 ], [ 73.00478855154212, 19.067376597745966 ], [ 73.004940583566835, 19.067795574815548 ], [ 73.005135075230697, 19.06819836534472 ], [ 73.005370153736067, 19.068581090133197 ], [ 73.005643555357381, 19.068940063200287 ], [ 73.005952647234054, 19.069271827288009 ], [ 73.006294452720766, 19.069573187162103 ], [ 73.006665680051128, 19.069841240390303 ], [ 73.007062754038913, 19.070073405300892 ], [ 73.007481850511525, 19.070267445852284 ], [ 73.007918933143984, 19.070421493173715 ], [ 73.00836979233847, 19.070534063569447 ], [ 73.008830085774861, 19.070604072812749 ], [ 73.00929538024107, 19.070630846591943 ], [ 73.009761194340271, 19.070614127007637 ], [ 73.010223041662826, 19.070554075058467 ], [ 73.010676474006942, 19.070451269091372 ], [ 73.011117124231163, 19.070306699231285 ], [ 73.01154074832526, 19.070121757843832 ], [ 73.011943266294395, 19.069898226123083 ], [ 73.012320801461627, 19.069638256933548 ], [ 73.01266971781061, 19.069344354071813 ], [ 73.012986655007936, 19.069019348147847 ], [ 73.013268560768026, 19.068666369318301 ], [ 73.013512720248599, 19.068288817134803 ], [ 73.013716782193555, 19.067890327797773 ], [ 73.013878781571776, 19.067474739131441 ], [ 73.013997158493879, 19.067046053617556 ], [ 73.014070773225001, 19.066608399844124 ], [ 73.014098917149653, 19.066165992740494 ] ] ] } },
{ "type": "Feature", "properties": { "station_id": "MUM_RAIL_STN_061", "station_name": "Juinagar", "buffer_m": 500 }, "geometry": { "type": "Polygon", "coordinates": [ [ [ 73.023139674045467, 19.05566729504617 ], [ 73.02312205068354, 19.055224393606174 ], [ 73.023058858546108, 19.054785267415518 ], [ 73.022950706567116, 19.05435414548543 ], [ 73.022798636648929, 19.053935179708397 ], [ 73.022604113615088, 19.053532404874996 ], [ 73.022369011091598, 19.053149699819667 ], [ 73.022095593452661, 19.052790750069551 ], [ 73.021786494005568, 19.052459012355921 ], [ 73.021444689624943, 19.052157681329778 ], [ 73.021073472080758, 19.051889658801915 ], [ 73.020676416336542, 19.051657525803499 ], [ 73.02025734612306, 19.051463517735968 ], [ 73.019820297118699, 19.051309502849225 ], [ 73.019369478091392, 19.051196964255343 ], [ 73.018909230375456, 19.051126985650551 ], [ 73.018443986073748, 19.051100240882931 ], [ 73.017978225386898, 19.051116987466152 ], [ 73.017516433480253, 19.05117706410152 ], [ 73.017063057303247, 19.051279892232106 ], [ 73.016622462776667, 19.051424481614042 ], [ 73.016198892759476, 19.051609439851333 ], [ 73.0157964261996, 19.051832985802307 ], [ 73.015418938861472, 19.052092966728917 ], [ 73.015070066008377, 19.052386879023711 ], [ 73.014753167398467, 19.052711892315124 ], [ 73.014471294931454, 19.053064876719215 ], [ 73.014227163257431, 19.053442432975544 ], [ 73.014023123630849, 19.053840925177301 ], [ 73.013861141261586, 19.054256515780665 ], [ 73.013742776381264, 19.054685202556552 ], [ 73.013669169207745, 19.055122857129039 ], [ 73.01364102895262, 19.055565264729609 ], [ 73.013658626978398, 19.056008164784373 ], [ 73.013721794171261, 19.056447291943719 ], [ 73.013829922555871, 19.056878417159183 ], [ 73.013981971136602, 19.057297388412028 ], [ 73.014176475909863, 19.057700170701253 ], [ 73.014411563951455, 19.058082884905893 ], [ 73.014684971443657, 19.058441845147193 ], [ 73.014994065469111, 19.058773594290724 ], [ 73.015335869361579, 19.05907493724623 ], [ 73.015707091369833, 19.059342971744485 ], [ 73.016104156358764, 19.059575116294301 ], [ 73.016523240242392, 19.059769135050338 ], [ 73.016960306816912, 19.059923159351918 ], [ 73.017411146639276, 19.060035705725177 ], [ 73.017871417575961, 19.060105690174939 ], [ 73.018336686631784, 19.060132438628482 ], [ 73.018802472654784, 19.06011569343049 ], [ 73.019264289506012, 19.060055615826435 ], [ 73.0197176892774, 19.059952784410477 ], [ 73.020158305141436, 19.059808189552712 ], [ 73.020581893419177, 19.059623223859607 ], [ 73.02098437446098, 19.059399668759323 ], [ 73.021361871945828, 19.05913967734152 ], [ 73.021710750220535, 19.058845753616829 ], [ 73.022027649318616, 19.058520728396054 ], [ 73.022309517321574, 19.05816773202158 ], [ 73.022553639750882, 19.057790164213845 ], [ 73.022757665707331, 19.057391661323592 ], [ 73.022919630506408, 19.056976061305381 ], [ 73.023037974591688, 19.056547366750117 ], [ 73.023111558544457, 19.056109706332656 ], [ 73.023139674045467, 19.05566729504617 ] ] ] } },
{ "type": "Feature", "properties": { "station_id": "MUM_RAIL_STN_062", "station_name": "Nerul", "buffer_m": 500 }, "geometry": { "type": "Polygon", "coordinates": [ [ [ 73.022959481353624, 19.033521683656765 ], [ 73.022941854938907, 19.033078781456602 ], [ 73.02287866584841, 19.032639655015849 ], [ 73.022770522986278, 19.032208533348204 ], [ 73.022618468166584, 19.031789568343726 ], [ 73.022423966067123, 19.031386794785671 ], [ 73.022188890111906, 19.031004091496367 ], [ 73.021915504419013, 19.030645143986138 ], [ 73.02160644198797, 19.030313408964897 ], [ 73.021264679336795, 19.030012081057905 ], [ 73.020893507833634, 19.029744062046134 ], [ 73.020496501998764, 19.029511932927104 ], [ 73.020077485082481, 19.029317929065073 ], [ 73.019640492250261, 19.02916391866961 ], [ 73.019189731729369, 19.029051384809669 ], [ 73.018729544291162, 19.028981411135973 ], [ 73.018264361458421, 19.028954671449199 ], [ 73.01779866284032, 19.028971423214102 ], [ 73.01733693300497, 19.029031505082063 ], [ 73.016883618304476, 19.029134338445701 ], [ 73.016443084068015, 19.029278933010652 ], [ 73.016019572574379, 19.02946389633086 ], [ 73.015617162208144, 19.029687447215569 ], [ 73.015239728192867, 19.029947432879005 ], [ 73.014890905278435, 19.030241349667897 ], [ 73.014574052742148, 19.030566367167197 ], [ 73.014292222039956, 19.030919355452227 ], [ 73.014048127419613, 19.031296915224967 ], [ 73.013844119778511, 19.031695410544554 ], [ 73.013682164018164, 19.03211100383697 ], [ 73.013563820113575, 19.032539692847116 ], [ 73.013490228080144, 19.032977349177429 ], [ 73.013462096983218, 19.033419758042417 ], [ 73.01347969809656, 19.033862658855988 ], [ 73.01354286227614, 19.034301786261228 ], [ 73.013650981575168, 19.034732911207382 ], [ 73.01380301508506, 19.035151881678406 ], [ 73.013997498946964, 19.035554662680951 ], [ 73.014232560437705, 19.035937375106609 ], [ 73.014505935995075, 19.036296333093954 ], [ 73.014814993009054, 19.036628079530452 ], [ 73.015156755169798, 19.036929419352134 ], [ 73.015527931127991, 19.037197450320171 ], [ 73.015924946192172, 19.037429590977577 ], [ 73.016343976757355, 19.037623605516675 ], [ 73.016780987133572, 19.03777762531757 ], [ 73.017231768419322, 19.037890166949879 ], [ 73.017691979045281, 19.037960146464179 ], [ 73.018157186597563, 19.037986889835345 ], [ 73.018622910517024, 19.037970139457038 ], [ 73.019084665263293, 19.037910056624586 ], [ 73.01953800352689, 19.03780721998244 ], [ 73.019978559073152, 19.037662619950947 ], [ 73.02040208880436, 19.03747764918624 ], [ 73.020804513635071, 19.037254089165177 ], [ 73.021181957785871, 19.036994093024624 ], [ 73.021530786117353, 19.036700164820484 ], [ 73.021847639144084, 19.036375135406484 ], [ 73.022129465391231, 19.036022135165183 ], [ 73.022373550782262, 19.035644563854071 ], [ 73.02257754477445, 19.035246057857435 ], [ 73.022739482990815, 19.034830455159572 ], [ 73.022857806130546, 19.034401758377069 ], [ 73.022931374976238, 19.033964096206141 ], [ 73.022959481353624, 19.033521683656765 ] ] ] } },
{ "type": "Feature", "properties": { "station_id": "MUM_RAIL_STN_063", "station_name": "Seawoods", "buffer_m": 500 }, "geometry": { "type": "Polygon", "coordinates": [ [ [ 73.023890795589324, 19.02199472380277 ], [ 73.0238731648559, 19.021551821059401 ], [ 73.023809974616313, 19.021112694596024 ], [ 73.023701833785495, 19.020681573426582 ], [ 73.023549784157723, 19.020262609436372 ], [ 73.023355290360541, 19.019859837398936 ], [ 73.023120225737856, 19.019477136122013 ], [ 73.02284685429845, 19.019118191096666 ], [ 73.022537808904474, 19.01878645900894 ], [ 73.022196065909796, 19.018485134455986 ], [ 73.021824916493287, 19.01821711918657 ], [ 73.021427934962546, 19.017984994162269 ], [ 73.021008944333886, 19.017790994708026 ], [ 73.020571979519787, 19.017636988991065 ], [ 73.020121248477849, 19.017524460035354 ], [ 73.019661091695738, 19.017454491444472 ], [ 73.019195940401275, 19.017427756970175 ], [ 73.018730273900132, 19.017444514027066 ], [ 73.018268576451376, 19.017504601215556 ], [ 73.017815294095485, 19.017607439877025 ], [ 73.017374791850386, 19.01775203966605 ], [ 73.016951311686952, 19.017937008086211 ], [ 73.016548931688277, 19.018160563897553 ], [ 73.016171526785584, 19.018420554266768 ], [ 73.015822731448509, 19.018714475495191 ], [ 73.015505904688808, 19.019039497124886 ], [ 73.01522409771421, 19.01939248919129 ], [ 73.014980024543874, 19.019770052359867 ], [ 73.014776035868564, 19.020168550656933 ], [ 73.014614096407001, 19.02058414647971 ], [ 73.014495765977017, 19.021012837548625 ], [ 73.014422184464038, 19.021450495446256 ], [ 73.014394060831862, 19.021892905371917 ], [ 73.014411666282072, 19.022335806729302 ], [ 73.014474831628675, 19.022774934156253 ], [ 73.014582948913329, 19.023206058601815 ], [ 73.014734977246619, 19.023625028054774 ], [ 73.014929452819317, 19.024027807531677 ], [ 73.015164502987929, 19.024410517938868 ], [ 73.015437864299074, 19.024769473434436 ], [ 73.015746904279879, 19.025101216929958 ], [ 73.016088646784468, 19.025402553389902 ], [ 73.016459800652811, 19.025670580607901 ], [ 73.016856791406255, 19.025902717163202 ], [ 73.017275795673982, 19.026096727287751 ], [ 73.017712778019472, 19.026250742404255 ], [ 73.018163529811332, 19.026363279127544 ], [ 73.018623709764512, 19.026433253555521 ], [ 73.019088885760752, 19.026459991712109 ], [ 73.01955457754508, 19.026443236041199 ], [ 73.020016299886848, 19.026383147889135 ], [ 73.020469605788918, 19.026280305951556 ], [ 73.020910129328499, 19.026135700699772 ], [ 73.021333627716402, 19.025950724840147 ], [ 73.021736022169151, 19.025727159898533 ], [ 73.02211343720009, 19.025467159059094 ], [ 73.022462237950336, 19.025173226422879 ], [ 73.022779065200126, 19.024848192886207 ], [ 73.023060867722904, 19.024495188871217 ], [ 73.023304931670538, 19.024117614171626 ], [ 73.023508906706752, 19.023719105204258 ], [ 73.023670828636952, 19.023303499981935 ], [ 73.023789138317014, 19.022874801145445 ], [ 73.023862696658924, 19.02243713741073 ], [ 73.023890795589324, 19.02199472380277 ] ] ] } },
{ "type": "Feature", "properties": { "station_id": "MUM_RAIL_STN_064", "station_name": "CBD Belapur", "buffer_m": 500 }, "geometry": { "type": "Polygon", "coordinates": [ [ [ 73.043835683651523, 19.019095972130717 ], [ 73.043817999383478, 19.018653066433178 ], [ 73.043754756369566, 19.01821394204935 ], [ 73.043646564032812, 19.017782827972791 ], [ 73.043494464663297, 19.01736387602017 ], [ 73.043299923367286, 19.016961120848826 ], [ 73.043064813945733, 19.01657844110386 ], [ 73.04279140083851, 19.016219522068788 ], [ 73.042482317308554, 19.015887820179277 ], [ 73.042140540076616, 19.015586529741626 ], [ 73.041769360650846, 19.015318552176105 ], [ 73.041372353627466, 19.015086468081321 ], [ 73.040953342267954, 19.014892512388208 ], [ 73.04051636168407, 19.014738552842804 ], [ 73.040065619985114, 19.014626072024708 ], [ 73.039605457761212, 19.014556153074242 ], [ 73.039140306292481, 19.014529469265469 ], [ 73.038674644886314, 19.014546277525408 ], [ 73.038212957752776, 19.014606415961737 ], [ 73.03775969083317, 19.014709305422624 ], [ 73.037319208997047, 19.014853955073743 ], [ 73.036895754019014, 19.015038971938754 ], [ 73.036493403739996, 19.015262574311372 ], [ 73.036116032805367, 19.015522608910047 ], [ 73.035767275358097, 19.015816571610227 ], [ 73.035450490045463, 19.016141631554635 ], [ 73.035168727676464, 19.016494658409641 ], [ 73.034924701841078, 19.016872252505554 ], [ 73.034720762774597, 19.017270777570666 ], [ 73.034558874718201, 19.017686395744146 ], [ 73.034440596994983, 19.018115104530899 ], [ 73.034367068982917, 19.018552775342517 ], [ 73.034338999130611, 19.018995193253602 ], [ 73.034356658121752, 19.019438097590555 ], [ 73.034419876254574, 19.019877222962176 ], [ 73.03452804506226, 19.020308340336946 ], [ 73.034680123158907, 19.02072729777144 ], [ 73.034874646255773, 19.021130060397656 ], [ 73.035109741251262, 19.02151274928401 ], [ 73.035383144259939, 19.021871678795691 ], [ 73.035692222406908, 19.022203392094411 ], [ 73.036033999178258, 19.02250469443543 ], [ 73.036405183083602, 19.022772683941032 ], [ 73.03680219935454, 19.023004779553769 ], [ 73.037221224374235, 19.023198745900071 ], [ 73.037658222505925, 19.023352714824505 ], [ 73.038108984965987, 19.023465203387033 ], [ 73.038569170366472, 19.023535128149735 ], [ 73.039034346536582, 19.023561815615182 ], [ 73.039500033219667, 19.023545008715818 ], [ 73.039961745234294, 19.0234848692917 ], [ 73.040415035682955, 19.023381976532605 ], [ 73.040855538791945, 19.023237321399613 ], [ 73.041279011969138, 19.023052297079722 ], [ 73.041681376674205, 19.022828685565717 ], [ 73.042058757707395, 19.022568640490437 ], [ 73.042407520537651, 19.02227466638104 ], [ 73.042724306310845, 19.021949594533272 ], [ 73.043006064200284, 19.021596555738185 ], [ 73.043250080788098, 19.021218950124315 ], [ 73.043454006194438, 19.020820414406021 ], [ 73.043615876703015, 19.020404786853511 ], [ 73.043734133665112, 19.019976070322315 ], [ 73.043807638500596, 19.019538393698468 ], [ 73.043835683651523, 19.019095972130717 ] ] ] } },
{ "type": "Feature", "properties": { "station_id": "MUM_RAIL_STN_065", "station_name": "Kharghar", "buffer_m": 500 }, "geometry": { "type": "Polygon", "coordinates": [ [ [ 73.064145547682742, 19.02616924616083 ], [ 73.064127810459155, 19.025726337867749 ], [ 73.064064512512758, 19.025287215766124 ], [ 73.063956263795674, 19.024856108827166 ], [ 73.063804107140896, 19.024437168798411 ], [ 73.063609508206227, 19.024034430222049 ], [ 73.063374341347512, 19.023651771583054 ], [ 73.063100871557467, 19.023292877961435 ], [ 73.06279173264457, 19.022961205547933 ], [ 73.062449901862507, 19.022659948364847 ], [ 73.06207867123473, 19.022392007512156 ], [ 73.061681615850048, 19.022159963234941 ], [ 73.061262559435264, 19.021966050080763 ], [ 73.060825537535607, 19.021812135386167 ], [ 73.060374758657829, 19.021699701299056 ], [ 73.059914563749757, 19.021629830510005 ], [ 73.059449384405994, 19.021603195829577 ], [ 73.058983700202162, 19.021620053712034 ], [ 73.05852199556773, 19.021680241787532 ], [ 73.05806871661251, 19.021783180426564 ], [ 73.057628228322002, 19.021927878321588 ], [ 73.057204772533112, 19.022112942031953 ], [ 73.056802427094809, 19.022336589400549 ], [ 73.056425066606124, 19.022596666712726 ], [ 73.0560763251098, 19.022890669432769 ], [ 73.055759561099904, 19.023215766318096 ], [ 73.055477825180716, 19.023568826679355 ], [ 73.055233830687982, 19.023946450524168 ], [ 73.055029927555537, 19.024345001294186 ], [ 73.054868079679053, 19.024760640880874 ], [ 73.054749845995005, 19.025189366582659 ], [ 73.054676365457595, 19.025627049647948 ], [ 73.05464834605857, 19.026069475033012 ], [ 73.054666057995902, 19.026512381991886 ], [ 73.054729331058084, 19.026951505107757 ], [ 73.054837556249325, 19.027382615370449 ], [ 73.054989691640685, 19.027801560904649 ], [ 73.0551842723915, 19.028204306956635 ], [ 73.055419424844743, 19.028586974754138 ], [ 73.055692884561282, 19.028945878865198 ], [ 73.05600201811977, 19.02927756269596 ], [ 73.056343848472224, 19.029578831785365 ], [ 73.056715083611792, 19.029846784575891 ], [ 73.057112148276232, 19.030078840363693 ], [ 73.057531218382124, 19.030272764158855 ], [ 73.057968257858121, 19.030426688215918 ], [ 73.058419057521974, 19.030539130027162 ], [ 73.058879275627135, 19.0306090066052 ], [ 73.059344479687482, 19.030635644916995 ], [ 73.059810189177568, 19.030618788368738 ], [ 73.060271918696216, 19.030558599278994 ], [ 73.060725221177279, 19.030455657316235 ], [ 73.061165730731204, 19.030310953915759 ], [ 73.061589204703921, 19.03012588272977 ], [ 73.061991564547711, 19.029902226202669 ], [ 73.062368935109888, 19.029642138401055 ], [ 73.062717681960649, 19.029348124263755 ], [ 73.063034446400138, 19.029023015472106 ], [ 73.063316177807536, 19.028669943173 ], [ 73.063560163020512, 19.028292307817612 ], [ 73.063764052461835, 19.027893746406605 ], [ 73.063925882761993, 19.027478097457458 ], [ 73.064044095659966, 19.02704936403153 ], [ 73.064117553000301, 19.02661167517725 ], [ 73.064145547682742, 19.02616924616083 ] ] ] } },
{ "type": "Feature", "properties": { "station_id": "MUM_RAIL_STN_066", "station_name": "Mansarovar", "buffer_m": 500 }, "geometry": { "type": "Polygon", "coordinates": [ [ [ 73.085218583930228, 19.016703241261013 ], [ 73.08520078919183, 19.016260329733605 ], [ 73.085137436306525, 19.015821209870129 ], [ 73.085029135755164, 19.015390110619876 ], [ 73.084876930869555, 19.014971183656062 ], [ 73.084682287771571, 19.014568463394784 ], [ 73.084447081241876, 19.014185828144445 ], [ 73.084173576654706, 19.013826962759694 ], [ 73.083864408153218, 19.01349532315929 ], [ 73.083522553275529, 19.013194103049575 ], [ 73.083151304276711, 19.012926203173606 ], [ 73.082754236422119, 19.012694203382011 ], [ 73.082335173558334, 19.012500337794197 ], [ 73.081898151292449, 19.012346473288925 ], [ 73.081447378134627, 19.012234091531102 ], [ 73.08098719497751, 19.012164274707722 ], [ 73.080522033302643, 19.012137695110024 ], [ 73.080056372515614, 19.012154608662193 ], [ 73.079594696820621, 19.012214852458634 ], [ 73.079141452049086, 19.01231784633358 ], [ 73.078701002857713, 19.012462598447826 ], [ 73.078277590707287, 19.012647714838842 ], [ 73.077875293026992, 19.012871412842319 ], [ 73.077497983956448, 19.013131538256118 ], [ 73.077149297043675, 19.013425586081315 ], [ 73.076832590257581, 19.013750724640872 ], [ 73.076550913651786, 19.01410382284401 ], [ 73.076306979991188, 19.014481480333703 ], [ 73.07610313862412, 19.014880060227338 ], [ 73.075941352851615, 19.015295724135594 ], [ 73.075823181012211, 19.015724469122308 ], [ 73.07574976146455, 19.016162166249799 ], [ 73.075721801612971, 19.016604600338489 ], [ 73.075739571081812, 19.017047510558228 ], [ 73.075802899105284, 19.017486631460379 ], [ 73.075911176157959, 19.017917734055754 ], [ 73.076063359811045, 19.018336666542581 ], [ 73.076257984758641, 19.01873939429252 ], [ 73.076493176917594, 19.019122038709384 ], [ 73.076766671465919, 19.019480914586257 ], [ 73.077075834646266, 19.019812565601164 ], [ 73.077417689124971, 19.020113797609127 ], [ 73.077788942662323, 19.020381709409829 ], [ 73.078186019818546, 19.020613720694403 ], [ 73.078605096389609, 19.020807596901751 ], [ 73.07904213624164, 19.020961470745018 ], [ 73.079492930188678, 19.021073860200449 ], [ 73.079953136539132, 19.02114368278523 ], [ 73.080418322920153, 19.021170265986711 ], [ 73.080884008976739, 19.021153353742218 ], [ 73.081345709533565, 19.021093108907102 ], [ 73.0817989778038, 19.020990111687023 ], [ 73.082239448227696, 19.020845354049765 ], [ 73.082662878528495, 19.020660230170094 ], [ 73.083065190579546, 19.020436523000086 ], [ 73.083442509688936, 19.020176387094168 ], [ 73.08379120192285, 19.019882327854472 ], [ 73.084107909107914, 19.019557177396663 ], [ 73.084389581175188, 19.019204067268792 ], [ 73.084633505534143, 19.018826398286123 ], [ 73.084837333193931, 19.018427807772952 ], [ 73.084999101380291, 19.0180121345267 ], [ 73.085117252430493, 19.017583381842375 ], [ 73.085190648784803, 19.01714567895349 ], [ 73.085218583930228, 19.016703241261013 ] ] ] } },
{ "type": "Feature", "properties": { "station_id": "MUM_RAIL_STN_067", "station_name": "Khandeshwar", "buffer_m": 500 }, "geometry": { "type": "Polygon", "coordinates": [ [ [ 73.099507996303629, 19.007516856574014 ], [ 73.099490162189895, 19.007073942787017 ], [ 73.099426772438576, 19.006634824438407 ], [ 73.099318437885287, 19.006203730462662 ], [ 73.099166202188982, 19.005784812482013 ], [ 73.098971531767916, 19.005382104825859 ], [ 73.098736301665483, 19.004999485681118 ], [ 73.098462777482624, 19.004640639747276 ], [ 73.098153593550776, 19.004309022755777 ], [ 73.09781172755639, 19.00400782819527 ], [ 73.097440471861276, 19.003739956562882 ], [ 73.097043401795048, 19.003507987437359 ], [ 73.096624341225393, 19.003314154643007 ], [ 73.096187325737176, 19.003160324742979 ], [ 73.095736563775262, 19.003047979069176 ], [ 73.09527639612449, 19.002978199461349 ], [ 73.094811254117147, 19.00295165785262 ], [ 73.094345616969576, 19.002968609801584 ], [ 73.093883968658574, 19.003028892033136 ], [ 73.093430754752092, 19.003131924011573 ], [ 73.092990339609912, 19.003276713530919 ], [ 73.092566964365261, 19.003461866268584 ], [ 73.092164706092262, 19.003685599210343 ], [ 73.091787438551407, 19.003945757817611 ], [ 73.091438794891118, 19.004239836771792 ], [ 73.091122132664069, 19.00456500409603 ], [ 73.090840501495052, 19.004918128422403 ], [ 73.090596613711668, 19.005295809142144 ], [ 73.090392818220579, 19.005694409148752 ], [ 73.090231077881114, 19.006110089858954 ], [ 73.090112950594346, 19.006538848174529 ], [ 73.090039574289833, 19.006976555029159 ], [ 73.090011655955323, 19.007418995149305 ], [ 73.090029464815203, 19.007861907646461 ], [ 73.090092829724057, 19.008301027049818 ], [ 73.090201140800971, 19.008732124384359 ], [ 73.090353355289167, 19.009151047898794 ], [ 73.09054800758544, 19.009553763051045 ], [ 73.090783223342882, 19.009936391366132 ], [ 73.091056737511835, 19.010295247792151 ], [ 73.091365916145676, 19.010626876194468 ], [ 73.091707781761571, 19.010928082645897 ], [ 73.092079042012244, 19.011195966192378 ], [ 73.092476121393034, 19.011427946797276 ], [ 73.092895195678295, 19.011621790195179 ], [ 73.093332228756054, 19.011775629415414 ], [ 73.093783011505522, 19.011887982767931 ], [ 73.094243202342994, 19.011957768117867 ], [ 73.094708369045108, 19.011984313311459 ], [ 73.095174031446533, 19.011967362652332 ], [ 73.095635704600014, 19.011907079366047 ], [ 73.096088941982842, 19.011804044028811 ], [ 73.09652937833313, 19.011659248975672 ], [ 73.096952771702576, 19.011474088741913 ], [ 73.097355044320594, 19.011250346629812 ], [ 73.097732321875355, 19.010990177530356 ], [ 73.098080970833635, 19.010696087165371 ], [ 73.098397633439177, 19.010370907950197 ], [ 73.098679260052606, 19.010017771709741 ], [ 73.098923138521442, 19.009640079510611 ], [ 73.099126920296939, 19.00924146890047 ], [ 73.099288643046847, 19.008825778870058 ], [ 73.099406749546077, 19.008397012875772 ], [ 73.099480102663904, 19.007959300279023 ], [ 73.099507996303629, 19.007516856574014 ] ] ] } },
{ "type": "Feature", "properties": { "station_id": "MUM_RAIL_STN_068", "station_name": "Panvel", "buffer_m": 500 }, "geometry": { "type": "Polygon", "coordinates": [ [ [ 73.126089220084268, 18.99061817166162 ], [ 73.126071312858286, 18.99017525374795 ], [ 73.126007854613363, 18.989736138280119 ], [ 73.125899456844195, 18.989305054164429 ], [ 73.125747163817948, 18.988886152927769 ], [ 73.125552442504343, 18.988483468738032 ], [ 73.125317168436226, 18.988100879555919 ], [ 73.125043607637238, 18.987742069792258 ], [ 73.124734394790821, 18.987410494830154 ], [ 73.124392507861273, 18.987109347753581 ], [ 73.12402123941142, 18.986841528602564 ], [ 73.123624164893315, 18.986609616450725 ], [ 73.123205108217107, 18.986415844574029 ], [ 73.122768104930003, 18.986262078949395 ], [ 73.122317363359215, 18.986149800290175 ], [ 73.121857224093304, 18.986080089791265 ], [ 73.121392118191338, 18.986053618720717 ], [ 73.120926524522233, 18.986070641958342 ], [ 73.120464926644487, 18.986130995542926 ], [ 73.120011769640897, 18.986234098252055 ], [ 73.119571417323783, 18.986378957198951 ], [ 73.119148110222028, 18.986564177392669 ], [ 73.118745924754165, 18.986787975169555 ], [ 73.118368733980205, 18.987048195366725 ], [ 73.118020170309961, 18.987342332072448 ], [ 73.117703590526375, 18.987667552753585 ], [ 73.117422043460778, 18.988020725528173 ], [ 73.117178240631276, 18.988398449320577 ], [ 73.116974530126754, 18.988797086609107 ], [ 73.116812873988295, 18.989212798451025 ], [ 73.116694829306127, 18.989641581447838 ], [ 73.116621533214271, 18.990079306294991 ], [ 73.116593691927804, 18.990521757545181 ], [ 73.116611573928807, 18.990964674202207 ], [ 73.11667500736705, 18.991403790754696 ], [ 73.116783381701097, 18.991834878254682 ], [ 73.116935653564425, 18.992253785045214 ], [ 73.117130356800615, 18.992656476744973 ], [ 73.117365616571462, 18.993039075104651 ], [ 73.117639167402785, 18.993397895360719 ], [ 73.117948374994228, 18.993729481726866 ], [ 73.118290261583397, 18.994030640680872 ], [ 73.118661534620543, 18.99429847172625 ], [ 73.119058618477382, 18.994530395332308 ], [ 73.119477688884814, 18.994724177782892 ], [ 73.119914709767983, 18.994877952694736 ], [ 73.120365472123467, 18.994990238997566 ], [ 73.120825634563971, 18.995059955202777 ], [ 73.121290765139833, 18.995086429823001 ], [ 73.121756384033901, 18.995069407842038 ], [ 73.122218006718342, 18.995009053172794 ], [ 73.122671187157039, 18.994905947079364 ], [ 73.123111560637071, 18.994761082578595 ], [ 73.123534885816255, 18.994575854874853 ], [ 73.123937085581389, 18.994352047920412 ], [ 73.124314286322985, 18.994091817230832 ], [ 73.124662855248218, 18.993797669121061 ], [ 73.124979435372211, 18.993472436562492 ], [ 73.125260977850488, 18.993119251893535 ], [ 73.125504771341269, 18.992741516646916 ], [ 73.125708468114567, 18.992342868784508 ], [ 73.125870106656961, 18.991927147655378 ], [ 73.125988130554418, 18.991498357014954 ], [ 73.126061403471681, 18.991060626461497 ], [ 73.126089220084268, 18.99061817166162 ] ] ] } },
{ "type": "Feature", "properties": { "station_id": "MUM_RAIL_STN_069", "station_name": "Turbhe", "buffer_m": 500 }, "geometry": { "type": "Polygon", "coordinates": [ [ [ 73.022466539438497, 19.076051312431147 ], [ 73.022448921123015, 19.075608411812741 ], [ 73.02238572841172, 19.075169285765035 ], [ 73.022277570244526, 19.074738163297841 ], [ 73.022125488583782, 19.074319196308739 ], [ 73.021930948366574, 19.073916419599861 ], [ 73.021695823384633, 19.073533712023572 ], [ 73.021422378228735, 19.073174759131138 ], [ 73.021113246471344, 19.072843017683901 ], [ 73.020771405298291, 19.072541682368627 ], [ 73.020400146833907, 19.072273655037225 ], [ 73.02000304643569, 19.07204151676693 ], [ 73.019583928264254, 19.071847503009771 ], [ 73.019146828459597, 19.071693482070291 ], [ 73.01869595627852, 19.071580937118711 ], [ 73.018235653566876, 19.071510951912373 ], [ 73.017770352956717, 19.071484200362875 ], [ 73.01730453519049, 19.07150094004917 ], [ 73.016842685982809, 19.071561009738961 ], [ 73.016389252834472, 19.071663830942278 ], [ 73.015948602214522, 19.071808413482032 ], [ 73.015524977521778, 19.071993365028231 ], [ 73.015122458230366, 19.072216904503787 ], [ 73.014744920612316, 19.072476879233172 ], [ 73.014396000414976, 19.072770785668798 ], [ 73.014079057852356, 19.073095793495732 ], [ 73.01379714524748, 19.073448772882838 ], [ 73.01355297763709, 19.073826324618189 ], [ 73.013348906621943, 19.0742248128387 ], [ 73.013186897714405, 19.074640400039051 ], [ 73.013068511402082, 19.075069084023063 ], [ 73.012994888109574, 19.075506736441803 ], [ 73.012966737204181, 19.075949142547579 ], [ 73.012984330151397, 19.076392041780924 ], [ 73.013047497886802, 19.076831168800137 ], [ 73.013155632430284, 19.077262294558071 ], [ 73.013307692727309, 19.07768126703068 ], [ 73.013502214661855, 19.078084051205103 ], [ 73.013737325144746, 19.078466767942079 ], [ 73.014010760142398, 19.078825731338316 ], [ 73.01431988647272, 19.079157484228798 ], [ 73.014661727158426, 19.07945883148701 ], [ 73.015032990093971, 19.079726870802077 ], [ 73.015430099749977, 19.079959020636245 ], [ 73.015849231610076, 19.080153045093095 ], [ 73.016286349008212, 19.080307075456894 ], [ 73.016737242011502, 19.080419628195248 ], [ 73.017197567973881, 19.080489619251576 ], [ 73.017662893369817, 19.080516374489473 ], [ 73.018128736504295, 19.080499636188243 ], [ 73.01859061068788, 19.080439565526937 ], [ 73.01904406745993, 19.080336741032891 ], [ 73.019484739443584, 19.080192153009623 ], [ 73.019908382419004, 19.080007193997883 ], [ 73.020310916209482, 19.079783645361637 ], [ 73.020688463985763, 19.079523660128448 ], [ 73.021037389610186, 19.079229742249581 ], [ 73.02135433266011, 19.078904722479713 ], [ 73.021636240793853, 19.078551731108938 ], [ 73.021880399146454, 19.07817416780971 ], [ 73.022084456472939, 19.077775668889508 ], [ 73.022246447786983, 19.077360072264845 ], [ 73.022364813277122, 19.076931380494063 ], [ 73.022438413318881, 19.076493722225322 ], [ 73.022466539438497, 19.076051312431147 ] ] ] } },
{ "type": "Feature", "properties": { "station_id": "MUM_RAIL_STN_070", "station_name": "Kopar Kharine", "buffer_m": 500 }, "geometry": { "type": "Polygon", "coordinates": [ [ [ 73.016092981590802, 19.103267267793015 ], [ 73.016075384654059, 19.102824369063782 ], [ 73.016012205816963, 19.102385242631069 ], [ 73.01590405388653, 19.101954117508452 ], [ 73.015751970765635, 19.10153514561906 ], [ 73.015557421405973, 19.101132361812169 ], [ 73.015322279687837, 19.10074964500836 ], [ 73.015048810363638, 19.100390680847607 ], [ 73.014739647238926, 19.100058926199555 ], [ 73.014397767801839, 19.09975757587787 ], [ 73.014026464545267, 19.099489531878703 ], [ 73.013629313258122, 19.099257375439535 ], [ 73.013210138590921, 19.099063342187069 ], [ 73.012772977227513, 19.098909300613343 ], [ 73.01232203901715, 19.098796734087031 ], [ 73.011861666441121, 19.098726726573027 ], [ 73.011396292803781, 19.098699952197549 ], [ 73.010930399550304, 19.098716668759256 ], [ 73.010468473121605, 19.098776715248448 ], [ 73.010014961761584, 19.098879513398536 ], [ 73.009574232691875, 19.099024073254466 ], [ 73.009150530066194, 19.099209002704772 ], [ 73.008747934108712, 19.099432520885273 ], [ 73.008370321829403, 19.09969247532571 ], [ 73.008021329694287, 19.099986362674084 ], [ 73.007704318609953, 19.100311352799519 ], [ 73.007422341559192, 19.100664316041641 ], [ 73.007178114199462, 19.101041853344292 ], [ 73.006973988707045, 19.101440328983635 ], [ 73.006811931119259, 19.101855905575821 ], [ 73.006693502392849, 19.102284581027078 ], [ 73.006619843361392, 19.102722227070895 ], [ 73.006591663736884, 19.103164629021141 ], [ 73.006609235262005, 19.103607526358534 ], [ 73.006672389079256, 19.104046653759724 ], [ 73.006780517343216, 19.104477782173927 ], [ 73.006932579060418, 19.104896759551508 ], [ 73.007127110101749, 19.105299550832303 ], [ 73.007362237290835, 19.105682276808491 ], [ 73.007635696433653, 19.106041251487618 ], [ 73.007944854115919, 19.106373017595821 ], [ 73.008286733058597, 19.106674379879038 ], [ 73.008658040787822, 19.106942435881429 ], [ 73.009055201342818, 19.107174603904244 ], [ 73.0094743897169, 19.107368647875621 ], [ 73.009911568699465, 19.107522698891604 ], [ 73.010362527764158, 19.107635273220655 ], [ 73.010822923628282, 19.107705286598048 ], [ 73.011288322092526, 19.107732064672192 ], [ 73.011754240757668, 19.107715349502332 ], [ 73.012216192206168, 19.107655302044659 ], [ 73.012669727232691, 19.107552500602988 ], [ 73.013110477706093, 19.107407935258866 ], [ 73.013534198650106, 19.107222998334663 ], [ 73.013936809136609, 19.106999470981776 ], [ 73.014314431597299, 19.106739506022972 ], [ 73.014663429174888, 19.106445607214447 ], [ 73.014980440753646, 19.106120605127476 ], [ 73.015262413331726, 19.105767629882127 ], [ 73.015506631423605, 19.105390080995839 ], [ 73.015710743209155, 19.104991594637575 ], [ 73.015872783177784, 19.104576008603136 ], [ 73.015991191049864, 19.104147325349132 ], [ 73.016064826793226, 19.103709673441941 ], [ 73.016092981590802, 19.103267267793015 ] ] ] } },
{ "type": "Feature", "properties": { "station_id": "MUM_RAIL_STN_071", "station_name": "Ghansoli", "buffer_m": 500 }, "geometry": { "type": "Polygon", "coordinates": [ [ [ 73.011640502321683, 19.116531997919857 ], [ 73.011622919423957, 19.116089100308731 ], [ 73.01155975096647, 19.115649973547679 ], [ 73.011451605656546, 19.115218846653498 ], [ 73.011299525333655, 19.114799871566394 ], [ 73.011104974922802, 19.114397083166406 ], [ 73.010869828314725, 19.114014360418334 ], [ 73.010596350309115, 19.113655389019307 ], [ 73.010287174795337, 19.113323625908599 ], [ 73.009945279380986, 19.11302226598125 ], [ 73.009573956712927, 19.112754211325804 ], [ 73.009176782766971, 19.112522043282198 ], [ 73.008757582411846, 19.112327997588771 ], [ 73.008320392578682, 19.112173942857204 ], [ 73.007869423390758, 19.112061362582743 ], [ 73.007409017627452, 19.111991340862552 ], [ 73.006943608912508, 19.111964551959566 ], [ 73.00647767902862, 19.111981253812225 ], [ 73.006015714769163, 19.112041285552429 ], [ 73.005562164742059, 19.112144069055589 ], [ 73.005121396541, 19.112288614507673 ], [ 73.004697654696287, 19.112473529935958 ], [ 73.004295019809518, 19.112697034611358 ], [ 73.003917369265324, 19.112956976193708 ], [ 73.00356833989801, 19.113250851454971 ], [ 73.003251292972664, 19.113575830380782 ], [ 73.002969281817172, 19.113928783418743 ], [ 73.002725022417351, 19.114306311611127 ], [ 73.002520867258127, 19.114704779321986 ], [ 73.002358782662654, 19.115120349243949 ], [ 73.002240329847893, 19.115549019347668 ], [ 73.002166649879655, 19.115986661418233 ], [ 73.002138452671801, 19.116429060807906 ], [ 73.002156010136616, 19.116871957022163 ], [ 73.002219153552375, 19.11731108474854 ], [ 73.002327275174068, 19.11774221493317 ], [ 73.002479334072561, 19.118161195509387 ], [ 73.002673866146168, 19.118563991386193 ], [ 73.002908998208838, 19.118946723311481 ], [ 73.003182466019879, 19.119305705235437 ], [ 73.003491636081677, 19.119637479814308 ], [ 73.003833530996147, 19.119938851712355 ], [ 73.00420485813568, 19.120206918381019 ], [ 73.004602041352555, 19.120439098018672 ], [ 73.005021255421823, 19.120633154441439 ], [ 73.005458462885315, 19.120787218625306 ], [ 73.005909452942234, 19.120899806711797 ], [ 73.006369882011171, 19.120969834303523 ], [ 73.006835315572815, 19.120996626911918 ], [ 73.007301270889627, 19.12097992645613 ], [ 73.007763260190814, 19.120919893750589 ], [ 73.008216833906147, 19.120817106956991 ], [ 73.008657623531619, 19.120672556015794 ], [ 73.009081383713578, 19.120487633110688 ], [ 73.009484033145739, 19.120264119258078 ], [ 73.009861693884517, 19.120004167150789 ], [ 73.010210728703782, 19.119710280421359 ], [ 73.010527776128995, 19.119385289524846 ], [ 73.010809782813055, 19.119032324473672 ], [ 73.011054032941942, 19.118654784687244 ], [ 73.011258174387009, 19.118256306247055 ], [ 73.01142024135217, 19.117840726872771 ], [ 73.011538673297949, 19.117412048957036 ], [ 73.011612329960542, 19.116974401014936 ], [ 73.011640502321683, 19.116531997919857 ] ] ] } },
{ "type": "Feature", "properties": { "station_id": "MUM_RAIL_STN_072", "station_name": "Rabale", "buffer_m": 500 }, "geometry": { "type": "Polygon", "coordinates": [ [ [ 73.007468301332892, 19.137070776351056 ], [ 73.007450732914862, 19.136627880078411 ], [ 73.007387573259535, 19.136188753094459 ], [ 73.007279430989911, 19.13575762441814 ], [ 73.007127347916636, 19.135338646006815 ], [ 73.006932788991676, 19.134935852772482 ], [ 73.006697628188107, 19.134553123726388 ], [ 73.006424130442653, 19.134194144626193 ], [ 73.006114929835007, 19.133862372485169 ], [ 73.005773004214603, 19.133561002285138 ], [ 73.00540164651926, 19.133292936213373 ], [ 73.005004433062112, 19.133060755719555 ], [ 73.004585189092239, 19.132866696661708 ], [ 73.004147951960633, 19.132712627780016 ], [ 73.003696932245788, 19.132600032705813 ], [ 73.00323647321332, 19.132529995678635 ], [ 73.002771008999574, 19.132503191108693 ], [ 73.002305021921273, 19.132519877085215 ], [ 73.00184299932215, 19.132579892892931 ], [ 73.001389390371486, 19.132682660560658 ], [ 73.000948563229969, 19.132827190426909 ], [ 73.000524762995113, 19.133012090669101 ], [ 73.000122070830486, 19.133235580704508 ], [ 72.999744364671983, 19.133495508334093 ], [ 72.999395281889321, 19.133789370464342 ], [ 72.999078184261791, 19.134114337207535 ], [ 72.998796125605523, 19.134467279128813 ], [ 72.998551822363865, 19.134844797377706 ], [ 72.998347627444033, 19.135243256414238 ], [ 72.998185507552321, 19.135658819014793 ], [ 72.998067024245927, 19.136087483220699 ], [ 72.997993318884625, 19.136525120874023 ], [ 72.997965101627273, 19.13696751736969 ], [ 72.997982644579679, 19.137410412241152 ], [ 72.99804577916035, 19.137849540188945 ], [ 72.998153897709827, 19.138280672157087 ], [ 72.998305959329059, 19.138699656061696 ], [ 72.99850049989054, 19.1391024567797 ], [ 72.998735646126903, 19.139485195012242 ], [ 72.99900913366119, 19.139844184648631 ], [ 72.999318328806169, 19.1401759682707 ], [ 72.999660253922315, 19.140477350455406 ], [ 73.000031616091178, 19.140745428554936 ], [ 73.000428838827716, 19.140977620657363 ], [ 73.000848096526227, 19.141171690458577 ], [ 73.001285351308169, 19.141325768805501 ], [ 73.001736391916765, 19.141438371703074 ], [ 73.002196874283413, 19.141508414611106 ], [ 73.00266236337508, 19.141535222893399 ], [ 73.003128375919005, 19.141518538318063 ], [ 73.003590423592797, 19.141458521546511 ], [ 73.004044056263609, 19.141355750586968 ], [ 73.004484904859154, 19.141211215227422 ], [ 73.00490872345749, 19.141026307501562 ], [ 73.005311430189323, 19.140802808279709 ], [ 73.005689146558979, 19.140542870113926 ], [ 73.006038234804322, 19.140248996502635 ], [ 73.00635533293611, 19.139924017774753 ], [ 73.006637387118872, 19.139571063825716 ], [ 73.006881681081154, 19.139193533968214 ], [ 73.007085862272305, 19.138795064188322 ], [ 73.007247964513681, 19.138379492122532 ], [ 73.007366426926339, 19.137950820093266 ], [ 73.00744010895346, 19.137513176559072 ], [ 73.007468301332892, 19.137070776351056 ] ] ] } },
{ "type": "Feature", "properties": { "station_id": "MUM_RAIL_STN_073", "station_name": "Airoli", "buffer_m": 500 }, "geometry": { "type": "Polygon", "coordinates": [ [ [ 73.004131782362961, 19.158582655005155 ], [ 73.004114226364621, 19.158139759985716 ], [ 73.004051073172505, 19.157700632876224 ], [ 73.003942931347893, 19.157269502696835 ], [ 73.003790842697654, 19.156850521419326 ], [ 73.003596272227838, 19.156447723983245 ], [ 73.00336109402312, 19.156064989440171 ], [ 73.003087573188097, 19.155706003600564 ], [ 73.002778344025074, 19.155374223542427 ], [ 73.002436384658608, 19.15507284432362 ], [ 73.002064988351577, 19.15480476821806 ], [ 73.001667731788899, 19.154572576771855 ], [ 73.00124844063464, 19.154378505948287 ], [ 73.00081115269397, 19.154224424600663 ], [ 73.000360079034365, 19.154111816480185 ], [ 72.999899563440607, 19.154041765951877 ], [ 72.9994340405933, 19.15401494755584 ], [ 72.99896799337337, 19.154031619514374 ], [ 72.998505909703255, 19.154091621247176 ], [ 72.998052239339884, 19.154194374918593 ], [ 72.997611351034934, 19.154338891001981 ], [ 72.997187490474488, 19.154523777807562 ], [ 72.996784739402727, 19.154747254882128 ], [ 72.996406976322547, 19.15500717015162 ], [ 72.996057839151604, 19.155301020641716 ], [ 72.995740690192847, 19.155625976577017 ], [ 72.995458583756715, 19.155978908626949 ], [ 72.995214236746747, 19.156356418036317 ], [ 72.995010002491838, 19.156754869350497 ], [ 72.994847848077313, 19.157170425420439 ], [ 72.99472933539316, 19.157599084350533 ], [ 72.994655606082489, 19.158036718033816 ], [ 72.994627370535227, 19.158479111903592 ], [ 72.99464490103378, 19.158922005518658 ], [ 72.994708029117078, 19.159361133591702 ], [ 72.994816147188786, 19.159792267065551 ], [ 72.99496821435487, 19.160211253841787 ], [ 72.995162766434873, 19.160614058769578 ], [ 72.995397930050828, 19.160996802509434 ], [ 72.995671440658782, 19.161355798897464 ], [ 72.99598066434946, 19.161687590450313 ], [ 72.996322623208599, 19.161988981668358 ], [ 72.996694023992816, 19.162257069816583 ], [ 72.997091289845145, 19.162489272886063 ], [ 72.997510594744497, 19.162683354466864 ], [ 72.997947900357516, 19.162837445292269 ], [ 72.998398994937574, 19.162950061246853 ], [ 72.99885953389591, 19.163020117664541 ], [ 72.999325081654092, 19.163046939778891 ], [ 72.999791154373824, 19.16303026922472 ], [ 73.000253263152743, 19.162970266528365 ], [ 73.000706957269003, 19.162867509562499 ], [ 73.001147867058137, 19.162722987980381 ], [ 73.001571746008381, 19.162538093683089 ], [ 73.001974511668905, 19.162314607411744 ], [ 73.002352284976155, 19.162054681593823 ], [ 73.002701427619442, 19.161760819609015 ], [ 73.003018577085513, 19.161435851674472 ], [ 73.003300679044457, 19.161082907581886 ], [ 73.003545016764804, 19.160705386549235 ], [ 73.003749237274604, 19.16030692447783 ], [ 73.003911374016795, 19.159891358930103 ], [ 73.004029865780467, 19.159462692165906 ], [ 73.004103571726546, 19.15902505259324 ], [ 73.004131782362961, 19.158582655005155 ] ] ] } },
{ "type": "Feature", "properties": { "station_id": "MUM_RAIL_STN_074", "station_name": "Thane", "buffer_m": 500 }, "geometry": { "type": "Polygon", "coordinates": [ [ [ 72.980686664827928, 19.186167646379968 ], [ 72.980669176270254, 19.185724755803182 ], [ 72.980606082912118, 19.185285626557519 ], [ 72.980497992739288, 19.184854487684063 ], [ 72.98034594706192, 19.184435491238606 ], [ 72.98015141047307, 19.18403267230692 ], [ 72.979916256731926, 19.183649910147704 ], [ 72.979642750708209, 19.183290890837362 ], [ 72.979333526562286, 19.182959071776118 ], [ 72.978991562370979, 19.182657648397253 ], [ 72.978620151444105, 19.182389523399682 ], [ 72.978222870607709, 19.182157278799998 ], [ 72.977803545759826, 19.181963151072953 ], [ 72.977366215030116, 19.181809009619389 ], [ 72.976915089898029, 19.181696338768869 ], [ 72.976454514643763, 19.181626223490024 ], [ 72.975988924522042, 19.181599338946071 ], [ 72.975522803061153, 19.181615943995869 ], [ 72.975060638897858, 19.181675878703068 ], [ 72.974606882563549, 19.181778565877167 ], [ 72.974165903637044, 19.181923016631664 ], [ 72.973741948676391, 19.182107839905743 ], [ 72.973339100334059, 19.182331255857957 ], [ 72.972961238048967, 19.182591113002896 ], [ 72.972612000693516, 19.182884908926138 ], [ 72.972294751534875, 19.183209814377978 ], [ 72.972012545847974, 19.183562700514322 ], [ 72.971768101491875, 19.183940169022527 ], [ 72.971563772732807, 19.184338584842287 ], [ 72.971401527566172, 19.184754111166857 ], [ 72.971282928756082, 19.185182746387586 ], [ 72.971209118775363, 19.185620362626373 ], [ 72.971180808791246, 19.186062745484978 ], [ 72.971198271803615, 19.186505634628723 ], [ 72.971261340001959, 19.186944764813777 ], [ 72.971369406367373, 19.187375906962963 ], [ 72.971521430504595, 19.187794908894588 ], [ 72.971715948648352, 19.188197735312048 ], [ 72.971951087748323, 19.188580506668973 ], [ 72.972224583497365, 19.188939536535518 ], [ 72.97253380213003, 19.189271367105761 ], [ 72.972875765781339, 19.189572802504138 ], [ 72.973247181162236, 19.189840939569848 ], [ 72.973644471275506, 19.190073195822524 ], [ 72.974063809866593, 19.190267334339584 ], [ 72.974501158277732, 19.190421485305535 ], [ 72.974952304349955, 19.190534164025269 ], [ 72.975412902998357, 19.190604285227725 ], [ 72.97587851806918, 19.190631173522068 ], [ 72.976344665075359, 19.190614569905303 ], [ 72.976806854398447, 19.190554634258714 ], [ 72.977260634540201, 19.190451943808888 ], [ 72.977701635006838, 19.19030748756823 ], [ 72.978125608412583, 19.190122656808374 ], [ 72.978528471396118, 19.189899231658444 ], [ 72.978906343955842, 19.189639363957312 ], [ 72.979255586824564, 19.189345556525076 ], [ 72.979572836523204, 19.189020639053716 ], [ 72.979855037756067, 19.188667740849226 ], [ 72.980099472835292, 19.188290260688039 ], [ 72.980303787851142, 19.187891834078261 ], [ 72.980466015336376, 19.187476298241304 ], [ 72.980584593206331, 19.187047655151357 ], [ 72.980658379792914, 19.186610032988956 ], [ 72.980686664827928, 19.186167646379968 ] ] ] } },
{ "type": "Feature", "properties": { "station_id": "MUM_RAIL_STN_075", "station_name": "Kalwa", "buffer_m": 500 }, "geometry": { "type": "Polygon", "coordinates": [ [ [ 73.003428048613088, 19.196955109138873 ], [ 73.003410500711269, 19.196512215591024 ], [ 73.003347344959977, 19.196073088806582 ], [ 73.003239189945987, 19.195641957802501 ], [ 73.003087077603979, 19.195222974558359 ], [ 73.00289247316887, 19.194820174032397 ], [ 73.002657251053023, 19.194437435305698 ], [ 73.002383676784419, 19.194078444228701 ], [ 73.002074385180208, 19.193746657929488 ], [ 73.001732354966464, 19.193445271525675 ], [ 73.001360880088299, 19.193177187360003 ], [ 73.000963537987133, 19.192944987055849 ], [ 73.00054415515045, 19.192750906661459 ], [ 73.00010677026583, 19.192596815122016 ], [ 72.999655595333749, 19.192484196286635 ], [ 72.999194975113582, 19.192414134623323 ], [ 72.998729345292674, 19.192387304779309 ], [ 72.998263189781341, 19.19240396508707 ], [ 72.997800997544019, 19.192463955078534 ], [ 72.997347219382377, 19.192566697031197 ], [ 72.996906225085453, 19.192711201531434 ], [ 72.99648226135939, 19.192896077001244 ], [ 72.996079410941277, 19.193119543096852 ], [ 72.995701553290374, 19.193379447850244 ], [ 72.995352327234755, 19.193673288388727 ], [ 72.995035095933275, 19.193998235033099 ], [ 72.994752914489382, 19.194351158542624 ], [ 72.994508500529193, 19.194728660244724 ], [ 72.994304208026762, 19.195127104759329 ], [ 72.994142004628841, 19.195542655003173 ], [ 72.994023452697846, 19.195971309137004 ], [ 72.993949694255534, 19.196408939100255 ], [ 72.993921439973263, 19.196851330362147 ], [ 72.993938962314701, 19.197294222506681 ], [ 72.994002092898242, 19.197733350260684 ], [ 72.994110224104261, 19.198164484569951 ], [ 72.994262314913072, 19.19858347332789 ], [ 72.994456900917214, 19.198986281364363 ], [ 72.994692108412622, 19.199369029309658 ], [ 72.99496567243321, 19.199728030959083 ], [ 72.995274958555584, 19.200059828778244 ], [ 72.995616988264388, 19.200361227206837 ], [ 72.995988467633907, 19.200629323440015 ], [ 72.996385819050118, 19.200861535390644 ], [ 72.996805215667536, 19.201055626562916 ], [ 72.997242618269041, 19.201209727597462 ], [ 72.99769381417326, 19.201322354280272 ], [ 72.99815445781492, 19.20139242184176 ], [ 72.998620112606574, 19.201419255408048 ], [ 72.999086293678317, 19.201402596503602 ], [ 72.999548511083376, 19.201342605542582 ], [ 73.00000231305296, 19.201239860284726 ], [ 73.000443328883108, 19.201095350270688 ], [ 73.000867311040139, 19.200910467290374 ], [ 73.001270176078663, 19.200686991976163 ], [ 73.001648043977625, 19.20042707665035 ], [ 73.001997275515052, 19.200133224591909 ], [ 73.002314507321472, 19.199808265922762 ], [ 73.00259668427401, 19.199455330345728 ], [ 73.002841088919169, 19.19907781699715 ], [ 73.003045367640851, 19.198679361704666 ], [ 73.003207553321886, 19.198263801965723 ], [ 73.003326084280729, 19.197835139984466 ], [ 73.003399819301535, 19.197397504123039 ], [ 73.003428048613088, 19.196955109138873 ] ] ] } },
{ "type": "Feature", "properties": { "station_id": "MUM_RAIL_STN_076", "station_name": "Mumbra", "buffer_m": 500 }, "geometry": { "type": "Polygon", "coordinates": [ [ [ 73.027892922115214, 19.190325431103247 ], [ 73.027875307410326, 19.189882533787124 ], [ 73.027812086652986, 19.189443409540011 ], [ 73.027703869055742, 19.189012287353997 ], [ 73.027551697155573, 19.188593319123367 ], [ 73.027357036760577, 19.188190539661452 ], [ 73.027121762821537, 19.187807827846235 ], [ 73.026848141364979, 19.187448869268795 ], [ 73.026538807661964, 19.187117120744158 ], [ 73.026196740843432, 19.186815777026148 ], [ 73.025825235206526, 19.186547740046503 ], [ 73.025427868488393, 19.186315590974356 ], [ 73.025008467413201, 19.186121565364829 ], [ 73.024571070843834, 19.185967531635807 ], [ 73.024119890893061, 19.185854973080041 ], [ 73.023659272368448, 19.185784973585452 ], [ 73.023193650940982, 19.18575820720098 ], [ 73.022727510440205, 19.185774931648432 ], [ 73.022265339686228, 19.185834985842448 ], [ 73.021811589274051, 19.185937791442669 ], [ 73.021370628725833, 19.186082358422873 ], [ 73.020946704423167, 19.186267294603663 ], [ 73.020543898723957, 19.186490819056839 ], [ 73.020166090657312, 19.186750779252538 ], [ 73.019816918574364, 19.187044671784221 ], [ 73.0194997451147, 19.187369666471945 ], [ 73.019217624825259, 19.187722633612211 ], [ 73.018973274743658, 19.188100174112062 ], [ 73.018769048229188, 19.18849865221754 ], [ 73.01860691229345, 19.18891423052154 ], [ 73.018488428649349, 19.18934290691422 ], [ 73.018414738661207, 19.189780553120183 ], [ 73.018386552341113, 19.190222954451812 ], [ 73.018404141498166, 19.190665850395668 ], [ 73.018467337107097, 19.191104975641526 ], [ 73.018575530921808, 19.191536101158935 ], [ 73.018727681319263, 19.191955074925581 ], [ 73.018922323317682, 19.192357861915379 ], [ 73.019157582673259, 19.192740582961065 ], [ 73.019431193919928, 19.193099552116838 ], [ 73.019740522178964, 19.193431312161149 ], [ 73.020082588528624, 19.193732667897478 ], [ 73.020454098689825, 19.194000716932234 ], [ 73.020851474751524, 19.194232877633009 ], [ 73.021270889630486, 19.194426913997802 ], [ 73.021708303933366, 19.194580957195402 ], [ 73.022159504865897, 19.194693523569192 ], [ 73.022620146814205, 19.194763528930814 ], [ 73.02308579320713, 19.194790299005849 ], [ 73.023551959255727, 19.194773575930679 ], [ 73.024014155158113, 19.194713520737913 ], [ 73.024467929352838, 19.194610711806298 ], [ 73.02490891140377, 19.194466139290075 ], [ 73.025332854103013, 19.194281195581397 ], [ 73.025735674385658, 19.194057661897759 ], [ 73.026113492662219, 19.19379769112372 ], [ 73.026462670189147, 19.19350378707237 ], [ 73.026779844117669, 19.193178780366321 ], [ 73.027061959882815, 19.192825801170947 ], [ 73.027306300620864, 19.192448249042471 ], [ 73.027510513331563, 19.192049760181735 ], [ 73.02767263153379, 19.191634172409138 ], [ 73.027791094196132, 19.191205488198445 ], [ 73.027864760760579, 19.190767836125442 ], [ 73.027892922115214, 19.190325431103247 ] ] ] } },
{ "type": "Feature", "properties": { "station_id": "MUM_RAIL_STN_077", "station_name": "Diva", "buffer_m": 500 }, "geometry": { "type": "Polygon", "coordinates": [ [ [ 73.047704663258116, 19.189000927145045 ], [ 73.047686995121111, 19.188558026980886 ], [ 73.047623721268565, 19.188118904888555 ], [ 73.047515451424161, 19.187687789839025 ], [ 73.047363228627873, 19.187268833657548 ], [ 73.047168519177688, 19.186866071041127 ], [ 73.046933198496447, 19.186483380705265 ], [ 73.046659533060449, 19.186124448034029 ], [ 73.046350158563882, 19.185792729592837 ], [ 73.046008054530162, 19.185491419845764 ], [ 73.045636515614376, 19.185223420397431 ], [ 73.045239119873727, 19.184991312055626 ], [ 73.044819694311585, 19.184797329983379 ], [ 73.044382278026276, 19.184643342179545 ], [ 73.043931083320217, 19.184530831494854 ], [ 73.043470455142852, 19.184460881356529 ], [ 73.043004829258052, 19.184434165338548 ], [ 73.042538689538219, 19.184450940678001 ], [ 73.04207652479603, 19.184511045799795 ], [ 73.041622785568705, 19.184613901873451 ], [ 73.041181841270912, 19.184758518386996 ], [ 73.04075793812801, 19.184943502684266 ], [ 73.040355158294489, 19.185167073373908 ], [ 73.039977380550724, 19.185427077480952 ], [ 73.039628242956226, 19.185721011176074 ], [ 73.039311107818875, 19.18604604388295 ], [ 73.039029029316978, 19.186399045531875 ], [ 73.038784724086128, 19.186776616697472 ], [ 73.038580545054046, 19.18717512133027 ], [ 73.038418458775354, 19.187590721767457 ], [ 73.038300026485047, 19.188019415685748 ], [ 73.038226389053008, 19.188457074640663 ], [ 73.038198255985336, 19.18889948382143 ], [ 73.038215898578315, 19.189342382638657 ], [ 73.038279147291973, 19.189781505754095 ], [ 73.038387393368652, 19.190212624157454 ], [ 73.038539594681808, 19.1906315858946 ], [ 73.038734285759034, 19.19103435605502 ], [ 73.038969591883529, 19.191417055633313 ], [ 73.039243247138415, 19.191775998890215 ], [ 73.039552616220732, 19.192107728853507 ], [ 73.03989471981518, 19.192409050616348 ], [ 73.040266263283556, 19.192677062112331 ], [ 73.040663668393606, 19.192909182070714 ], [ 73.041083107782015, 19.193103174882012 ], [ 73.041520541819054, 19.193257172134707 ], [ 73.041971757520145, 19.193369690614926 ], [ 73.04243240912902, 19.193439646595891 ], [ 73.04289805998134, 19.193466366279086 ], [ 73.043364225245185, 19.193449592286569 ], [ 73.043826415126276, 19.193389486141669 ], [ 73.044280178121312, 19.193286626714183 ], [ 73.044721143902237, 19.193142004644969 ], [ 73.045145065418112, 19.192957012803703 ], [ 73.045547859808366, 19.192733432871634 ], [ 73.045925647733256, 19.192473418178924 ], [ 73.046274790741975, 19.192179472961687 ], [ 73.046591926318598, 19.191854428239054 ], [ 73.046874000267948, 19.191501414542472 ], [ 73.047118296129355, 19.191123831760304 ], [ 73.047322461335185, 19.190725316388452 ], [ 73.047484529862146, 19.190309706502404 ], [ 73.047602941157422, 19.189881004788582 ], [ 73.047676555157949, 19.18944333999103 ], [ 73.047704663258116, 19.189000927145045 ] ] ] } },
{ "type": "Feature", "properties": { "station_id": "MUM_RAIL_STN_078", "station_name": "Lower Kopar", "buffer_m": 500 }, "geometry": { "type": "Polygon", "coordinates": [ [ [ 73.081732773589565, 19.210671918909753 ], [ 73.081715017292822, 19.210229014844433 ], [ 73.081651649215019, 19.209789896858958 ], [ 73.081543279987613, 19.209358793884078 ], [ 73.081390953607766, 19.208939857628103 ], [ 73.081196137370995, 19.208537122595509 ], [ 73.080960707728352, 19.208154467235595 ], [ 73.080686932205069, 19.207795576595078 ], [ 73.080377447555051, 19.207463906834207 ], [ 73.080035234361844, 19.20716265194795 ], [ 73.079663588331073, 19.206894713012417 ], [ 73.079266088550668, 19.206662670252584 ], [ 73.078846563025053, 19.206468758200003 ], [ 73.078409051814432, 19.206314844179406 ], [ 73.077957768134496, 19.206202410331294 ], [ 73.077497057790779, 19.206132539343361 ], [ 73.077031357337731, 19.20610590402784 ], [ 73.076565151365344, 19.206122760845229 ], [ 73.076102929323852, 19.206182947436396 ], [ 73.075649142301998, 19.206285884186929 ], [ 73.075208160174654, 19.206430579808547 ], [ 73.074784229531545, 19.206615640883875 ], [ 73.074381432792194, 19.206839285282712 ], [ 73.074003648900174, 19.207099359320711 ], [ 73.073654515974766, 19.207393358495491 ], [ 73.073337396279527, 19.207718451600392 ], [ 73.073055343844814, 19.20807150798424 ], [ 73.072811075056052, 19.208449127694543 ], [ 73.072606942490793, 19.208847674214219 ], [ 73.072444912257126, 19.209263309476867 ], [ 73.072326545051126, 19.209692030823454 ], [ 73.072252981116691, 19.210129709544908 ], [ 73.072224929252769, 19.210572130639576 ], [ 73.072242659974251, 19.211015033402717 ], [ 73.072306002892859, 19.211454152457449 ], [ 73.072414348343997, 19.211885258831902 ], [ 73.072566653244181, 19.212304200687143 ], [ 73.072761451123384, 19.212706943303523 ], [ 73.072996866236025, 19.213089607940287 ], [ 73.073270631615216, 19.213448509194222 ], [ 73.073580110896884, 19.213780190497211 ], [ 73.07392232370384, 19.214081457410728 ], [ 73.074293974345267, 19.214349408396462 ], [ 73.074691483556023, 19.214581462766354 ], [ 73.075111022969324, 19.214775385542687 ], [ 73.075548551991275, 19.214929308988623 ], [ 73.075999856721651, 19.215041750601433 ], [ 73.07646059054602, 19.215111627395061 ], [ 73.076926316007544, 19.215138266334133 ], [ 73.077392547555206, 19.21512141081892 ], [ 73.077854794755893, 19.215061223158514 ], [ 73.078308605554014, 19.214958283008389 ], [ 73.078749609161008, 19.214813581787507 ], [ 73.079173558161699, 19.214628513128403 ], [ 73.079576369431066, 19.214404859452721 ], [ 73.079954163467178, 19.214144774801291 ], [ 73.080303301760907, 19.213850764084402 ], [ 73.080620421842411, 19.213525658952239 ], [ 73.080902469666469, 19.213172590518191 ], [ 73.08114672902488, 19.212794959197833 ], [ 73.081350847702439, 19.212396401954397 ], [ 73.081512860124789, 19.211980757266414 ], [ 73.081631206280335, 19.211552028155122 ], [ 73.081704746734133, 19.21111434362798 ], [ 73.081732773589565, 19.210671918909753 ] ] ] } },
{ "type": "Feature", "properties": { "station_id": "MUM_RAIL_STN_079", "station_name": "Dombivili", "buffer_m": 500 }, "geometry": { "type": "Polygon", "coordinates": [ [ [ 73.091597195558904, 19.218335658262539 ], [ 73.091579413869766, 19.217892753147776 ], [ 73.091516018258616, 19.217453636404073 ], [ 73.091407619622203, 19.217022536950036 ], [ 73.091255262240963, 19.216603606459859 ], [ 73.091060413709002, 19.216200879382306 ], [ 73.090824950788317, 19.215818234089898 ], [ 73.090551141324568, 19.215459355532225 ], [ 73.090241622398366, 19.215127699753047 ], [ 73.089899374923164, 19.214826460612588 ], [ 73.089527694934489, 19.214558539035259 ], [ 73.089130161847137, 19.214326515078838 ], [ 73.088710603985959, 19.214132623093807 ], [ 73.08827306172229, 19.213978730211689 ], [ 73.087821748570633, 19.213866318369504 ], [ 73.087361010620086, 19.213796470043125 ], [ 73.08689528469074, 19.213769857826716 ], [ 73.086429055617728, 19.213786737958465 ], [ 73.085966813073568, 19.213846947854915 ], [ 73.085513008344421, 19.213949907677414 ], [ 73.085072011475532, 19.214094625915653 ], [ 73.084648069198622, 19.214279708934658 ], [ 73.084245264045293, 19.214503374393072 ], [ 73.083867475040265, 19.214763468403895 ], [ 73.083518340352185, 19.215057486272507 ], [ 73.083201222261792, 19.215382596612333 ], [ 73.082919174784195, 19.215735668606257 ], [ 73.082674914257282, 19.216113302151484 ], [ 73.082470793179411, 19.216511860597699 ], [ 73.082308777548263, 19.216927505763568 ], [ 73.082190427919514, 19.217356234894591 ], [ 73.082116884368105, 19.217793919206624 ], [ 73.08208885549692, 19.218236343644008 ], [ 73.082106611599556, 19.218679247469648 ], [ 73.082169982043524, 19.219118365296222 ], [ 73.082278356899224, 19.219549468163521 ], [ 73.082430692800074, 19.219968404266169 ], [ 73.082625522977494, 19.220371138939726 ], [ 73.082860971374799, 19.22075379351978 ], [ 73.08313477070449, 19.221112682699786 ], [ 73.083444284275387, 19.221444350027788 ], [ 73.083786531379829, 19.221745601199753 ], [ 73.084158215996538, 19.222013534828911 ], [ 73.0845557585329, 19.222245570394318 ], [ 73.084975330300892, 19.222439473099382 ], [ 73.085412890394778, 19.22259337540061 ], [ 73.085864224614852, 19.222705794999019 ], [ 73.086324986062351, 19.222775649120656 ], [ 73.086790737014226, 19.222802264948658 ], [ 73.087256991673726, 19.222785386106032 ], [ 73.087719259385068, 19.222725175126705 ], [ 73.088173087894958, 19.22262221189095 ], [ 73.088614106244208, 19.222477488040226 ], [ 73.089038066875673, 19.222292397425218 ], [ 73.089440886552367, 19.222068722679172 ], [ 73.089818685691455, 19.221808618046012 ], [ 73.090167825734852, 19.221514588628573 ], [ 73.090484944196007, 19.22118946625724 ], [ 73.090766987045569, 19.220836382211488 ], [ 73.091011238123471, 19.220458737057264 ], [ 73.091215345294515, 19.22006016789102 ], [ 73.091377343095459, 19.219644513306044 ], [ 73.091495671655792, 19.219215776418803 ], [ 73.091569191710235, 19.218778086311509 ], [ 73.091597195558904, 19.218335658262539 ] ] ] } },
{ "type": "Feature", "properties": { "station_id": "MUM_RAIL_STN_080", "station_name": "Thakurli", "buffer_m": 500 }, "geometry": { "type": "Polygon", "coordinates": [ [ [ 73.10268672471318, 19.22605117483748 ], [ 73.10266891431921, 19.225608268527221 ], [ 73.102605487847626, 19.225169153187554 ], [ 73.102497056492496, 19.224738057723361 ], [ 73.10234466484944, 19.224319133770173 ], [ 73.102149780842467, 19.22391641571361 ], [ 73.101914281575205, 19.223533781839095 ], [ 73.101640435243226, 19.223174916986121 ], [ 73.101330879282003, 19.222843277066314 ], [ 73.100988594961464, 19.222542055787059 ], [ 73.10061687867173, 19.222274153900717 ], [ 73.100219310176882, 19.222042151275382 ], [ 73.099799718142535, 19.221848282056147 ], [ 73.099362143268792, 19.221694413155362 ], [ 73.09891079938393, 19.221582026279183 ], [ 73.098450032872734, 19.22151220366321 ], [ 73.097984280830147, 19.221485617654139 ], [ 73.09751802834252, 19.221502524238002 ], [ 73.097055765307758, 19.221562760576777 ], [ 73.096601943209208, 19.22166574657739 ], [ 73.096160932259366, 19.221810490477637 ], [ 73.095736979325565, 19.221995598395598 ], [ 73.095334167042097, 19.222219287750342 ], [ 73.094956374502445, 19.222479404424881 ], [ 73.094607239909507, 19.222773443506476 ], [ 73.094290125543267, 19.223098573404361 ], [ 73.094008085383265, 19.223451663113117 ], [ 73.093763835697189, 19.223829312359385 ], [ 73.093559728879256, 19.224227884341591 ], [ 73.093397730790102, 19.224643540747973 ], [ 73.093279401816829, 19.225072278715693 ], [ 73.093205881835658, 19.225509969375356 ], [ 73.093177879222736, 19.225952397609991 ], [ 73.093195664019021, 19.226395302645741 ], [ 73.09325906531582, 19.226834419083435 ], [ 73.093367472886499, 19.227265517976001 ], [ 73.093519843049506, 19.227684447556136 ], [ 73.093714708706273, 19.228087173222011 ], [ 73.093950193458355, 19.228469816395751 ], [ 73.094224029668027, 19.228828691880516 ], [ 73.094533580288768, 19.229160343356096 ], [ 73.094875864255911, 19.229461576671032 ], [ 73.095247585192894, 19.229729490610442 ], [ 73.095645163157045, 19.229961504843025 ], [ 73.096064769118883, 19.230155384777639 ], [ 73.096502361843037, 19.230309263090145 ], [ 73.096953726815258, 19.230421657712704 ], [ 73.097414516840402, 19.23049148611203 ], [ 73.097880293919914, 19.23051807571915 ], [ 73.098346572005241, 19.230501170409795 ], [ 73.098808860214774, 19.230440932972993 ], [ 73.099262706097775, 19.230337943544011 ], [ 73.099703738527666, 19.230193194016813 ], [ 73.100127709811673, 19.23000807848954 ], [ 73.100530536610307, 19.229784379835571 ], [ 73.100908339272266, 19.229524252529245 ], [ 73.101257479205685, 19.229230201891866 ], [ 73.101574593925335, 19.228905059958304 ], [ 73.101856629438089, 19.228551958196476 ], [ 73.102100869654862, 19.228174297342964 ], [ 73.102304962545318, 19.227775714645379 ], [ 73.102466942784034, 19.227360048827272 ], [ 73.102585250669947, 19.226931303113176 ], [ 73.102658747137156, 19.226493606670171 ], [ 73.10268672471318, 19.22605117483748 ] ] ] } },
{ "type": "Feature", "properties": { "station_id": "MUM_RAIL_STN_081", "station_name": "Kalyan", "buffer_m": 500 }, "geometry": { "type": "Polygon", "coordinates": [ [ [ 73.134725910584791, 19.235239457839008 ], [ 73.134708015258724, 19.234796547695254 ], [ 73.134644501283688, 19.234357436353509 ], [ 73.134535980696455, 19.233926352679546 ], [ 73.134383498951905, 19.2335074481948 ], [ 73.134188524841491, 19.233104757096843 ], [ 73.133952936336243, 19.23272215741105 ], [ 73.133679002490624, 19.23236333364726 ], [ 73.133369361582339, 19.232031741321133 ], [ 73.133026995698742, 19.231730573681524 ], [ 73.132655202014746, 19.231462730964157 ], [ 73.132257561039069, 19.231230792467397 ], [ 73.131837902134592, 19.231036991718909 ], [ 73.131400266644803, 19.230883194971913 ], [ 73.130948868981079, 19.230770883238094 ], [ 73.130488056045621, 19.230701138029847 ], [ 73.130022265380006, 19.23067463094895 ], [ 73.129555982442284, 19.230691617221851 ], [ 73.129093697423428, 19.230751933243713 ], [ 73.12863986201846, 19.230854998154641 ], [ 73.128198846568168, 19.23099981943307 ], [ 73.127774897983443, 19.231185002452413 ], [ 73.127372098857094, 19.231408763908917 ], [ 73.126994328156385, 19.23166894899159 ], [ 73.126645223874476, 19.231963052129164 ], [ 73.126328148000098, 19.232288241114137 ], [ 73.126046154142799, 19.232641384372108 ], [ 73.125801958125081, 19.233019081113913 ], [ 73.125597911824997, 19.233417694080416 ], [ 73.12543598052109, 19.233833384564853 ], [ 73.125317723957835, 19.234262149375795 ], [ 73.125244281314664, 19.234699859384868 ], [ 73.125216360223362, 19.235142299288228 ], [ 73.125234229940062, 19.235585208199058 ], [ 73.125297718738409, 19.236024320680269 ], [ 73.125406215549148, 19.236455407822291 ], [ 73.125558675831144, 19.236874317970429 ], [ 73.125753631617698, 19.237277016709449 ], [ 73.125989205641986, 19.237659625720344 ], [ 73.126263129406027, 19.238018460134921 ], [ 73.12657276501956, 19.238350064028221 ], [ 73.12691513059869, 19.238651243706851 ], [ 73.127286928980197, 19.238919098472447 ], [ 73.127684579474874, 19.239151048563638 ], [ 73.128104252353992, 19.23934486000719 ], [ 73.128541905737052, 19.239498666138868 ], [ 73.128993324525027, 19.239610985586342 ], [ 73.129454161003935, 19.239680736540805 ], [ 73.12991997672745, 19.239707247179634 ], [ 73.13038628527454, 19.23969026213965 ], [ 73.130848595470084, 19.239629944978326 ], [ 73.131302454651546, 19.239526876599342 ], [ 73.131743491564407, 19.239382049657522 ], [ 73.132167458472978, 19.239196858997108 ], [ 73.132570272080287, 19.238973088215509 ], [ 73.13294805286256, 19.238712892482042 ], [ 73.133297162439234, 19.238418777777301 ], [ 73.133614238618065, 19.238093576753307 ], [ 73.133896227777839, 19.237740421447104 ], [ 73.134140414276587, 19.237362713110869 ], [ 73.134344446602015, 19.236964089449309 ], [ 73.134506360012665, 19.236548389580186 ], [ 73.134624595451669, 19.236119617055582 ], [ 73.134698014551375, 19.2356819013003 ], [ 73.134725910584791, 19.235239457839008 ] ] ] } },
{ "type": "Feature", "properties": { "station_id": "MUM_RAIL_STN_082", "station_name": "Vithalwadi", "buffer_m": 500 }, "geometry": { "type": "Polygon", "coordinates": [ [ [ 73.154011619552037, 19.228320239241405 ], [ 73.153993671332501, 19.227877326401664 ], [ 73.153930106390249, 19.227438217372349 ], [ 73.153821537252611, 19.227007140996633 ], [ 73.153669009841721, 19.226588248725371 ], [ 73.153473993388474, 19.226185574638293 ], [ 73.153238366271211, 19.22580299659673 ], [ 73.152964397915838, 19.225444198901993 ], [ 73.152654726931956, 19.225112636818597 ], [ 73.152312335696152, 19.224811503304196 ], [ 73.151940521627054, 19.224543698265933 ], [ 73.151542865429363, 19.224311800639484 ], [ 73.151123196612232, 19.224118043559095 ], [ 73.150685556614377, 19.223964292857744 ], [ 73.150234159890445, 19.22385202910397 ], [ 73.149773353333487, 19.223782333348428 ], [ 73.149307574423716, 19.223755876717007 ], [ 73.148841308506007, 19.223772913950665 ], [ 73.148379045607612, 19.223833280954118 ], [ 73.147925237210814, 19.223936396376828 ], [ 73.147484253396584, 19.224081267211076 ], [ 73.14706034077156, 19.224266498353252 ], [ 73.146657581582616, 19.224490306036326 ], [ 73.146279854412853, 19.224750535004279 ], [ 73.145930796836666, 19.225044679263217 ], [ 73.145613770393396, 19.225369906209608 ], [ 73.145331828216953, 19.225723083903375 ], [ 73.145087685632475, 19.226100811223574 ], [ 73.144883694003767, 19.226499450616334 ], [ 73.144721818083056, 19.226915163120143 ], [ 73.144603617081643, 19.227343945331203 ], [ 73.144530229643934, 19.227781667953209 ], [ 73.14450236287, 19.228224115560504 ], [ 73.144520285492831, 19.228667027191705 ], [ 73.144583825276328, 19.229106137383177 ], [ 73.144692370659996, 19.229537217247085 ], [ 73.144844876634565, 19.229956115198522 ], [ 73.145039874792914, 19.230358796939473 ], [ 73.14527548745977, 19.230741384314474 ], [ 73.145549445764559, 19.231100192663536 ], [ 73.145859111483873, 19.231431766312692 ], [ 73.146201502443517, 19.231732911859851 ], [ 73.146573321235408, 19.232000728935432 ], [ 73.146970986973372, 19.232232638141181 ], [ 73.147390669781629, 19.232426405897858 ], [ 73.147828327683797, 19.232580165962222 ], [ 73.148279745537181, 19.232692437405902 ], [ 73.148740575636708, 19.232762138882716 ], [ 73.149206379597487, 19.232788599046938 ], [ 73.149672671111901, 19.232771563021814 ], [ 73.150134959169037, 19.232711194856208 ], [ 73.150588791319805, 19.232608075945304 ], [ 73.151029796570356, 19.232463199430882 ], [ 73.151453727490278, 19.232277960634836 ], [ 73.151856501129629, 19.232054143618317 ], [ 73.15223423834999, 19.231793903996049 ], [ 73.152583301190731, 19.231499748171334 ], [ 73.152900327910174, 19.231174509192197 ], [ 73.153182265363839, 19.230821319461107 ], [ 73.15342639840803, 19.230443580561612 ], [ 73.153630376045598, 19.230044930492554 ], [ 73.15379223406201, 19.229629208625738 ], [ 73.153910413933971, 19.229200418724776 ], [ 73.153983777829097, 19.22876269038149 ], [ 73.154011619552037, 19.228320239241405 ] ] ] } },
{ "type": "Feature", "properties": { "station_id": "MUM_RAIL_STN_083", "station_name": "Ulhas Nagar", "buffer_m": 500 }, "geometry": { "type": "Polygon", "coordinates": [ [ [ 73.167857598505407, 19.218137336052319 ], [ 73.167839611623549, 19.21769442111523 ], [ 73.167776010855533, 19.217255313703191 ], [ 73.167667409073488, 19.216824242643561 ], [ 73.167514852513548, 19.216405359335837 ], [ 73.167319810686948, 19.216002697773252 ], [ 73.167084162216057, 19.215620135696462 ], [ 73.166810176732028, 19.215261357252949 ], [ 73.166500493009067, 19.21492981752187 ], [ 73.166158093546102, 19.214628709245648 ], [ 73.165786275840716, 19.214360932088518 ], [ 73.165388620632399, 19.21412906471777 ], [ 73.164968957420626, 19.213935339976508 ], [ 73.164531327589998, 19.21378162338647 ], [ 73.164079945497249, 19.213669395187956 ], [ 73.163619157894587, 19.213599736089481 ], [ 73.163153402079729, 19.213573316864156 ], [ 73.162687163175406, 19.213590391892989 ], [ 73.162224930948952, 19.213650796716941 ], [ 73.16177115658752, 19.213753949621474 ], [ 73.161330209844692, 19.213898857238068 ], [ 73.160906336970385, 19.214084124109036 ], [ 73.1605036198291, 19.21430796612335 ], [ 73.160125936599357, 19.214568227694389 ], [ 73.159776924432705, 19.214862402514299 ], [ 73.159459944431546, 19.215187657685131 ], [ 73.159178049282787, 19.215540860994889 ], [ 73.158933953858892, 19.215918611075772 ], [ 73.158730009069657, 19.216317270154505 ], [ 73.158568179216303, 19.21673299907977 ], [ 73.158450023066521, 19.21716179428935 ], [ 73.158376678832724, 19.217599526361489 ], [ 73.158348853198788, 19.218041979779255 ], [ 73.158366814501292, 19.218484893525037 ], [ 73.1584303901314, 19.218924002114587 ], [ 73.15853896818308, 19.219355076675271 ], [ 73.158691503332122, 19.21977396567307 ], [ 73.158886526890072, 19.220176634896074 ], [ 73.159122160936661, 19.22055920630925 ], [ 73.159396136395017, 19.22091799540631 ], [ 73.159705814876233, 19.221249546698701 ], [ 73.160048214082835, 19.221550666999697 ], [ 73.160420036527057, 19.221818456182969 ], [ 73.1608177012873, 19.222050335119054 ], [ 73.161237378497049, 19.222244070520407 ], [ 73.161675026233738, 19.222397796455621 ], [ 73.162126429452513, 19.222510032325278 ], [ 73.162587240589332, 19.222579697126058 ], [ 73.163053021442039, 19.222606119865709 ], [ 73.163519285925744, 19.222589046028183 ], [ 73.163981543290106, 19.222528640026731 ], [ 73.164435341381903, 19.222425483621141 ], [ 73.164876309535643, 19.222280570314474 ], [ 73.165300200678587, 19.222095295783085 ], [ 73.165702932244173, 19.221871444432388 ], [ 73.166080625499589, 19.22161117220779 ], [ 73.166429642907971, 19.221316985826579 ], [ 73.166746623165523, 19.220991718630966 ], [ 73.167028513575445, 19.220638503295078 ], [ 73.167272599447401, 19.220260741648858 ], [ 73.167476530238659, 19.219862071910029 ], [ 73.167638342185938, 19.219446333639585 ], [ 73.167756477209679, 19.219017530758865 ], [ 73.167829797909334, 19.218579792984418 ], [ 73.167857598505407, 19.218137336052319 ] ] ] } },
{ "type": "Feature", "properties": { "station_id": "MUM_RAIL_STN_084", "station_name": "Ambernath", "buffer_m": 500 }, "geometry": { "type": "Polygon", "coordinates": [ [ [ 73.189185947572071, 19.210177592438146 ], [ 73.189167902252009, 19.209734674603272 ], [ 73.18910424526868, 19.209295569830669 ], [ 73.188995590035262, 19.208864506921959 ], [ 73.18884298330228, 19.208445637197784 ], [ 73.188647895063809, 19.208042994520323 ], [ 73.188412204388641, 19.207660456448124 ], [ 73.188138181313931, 19.207301706897386 ], [ 73.187828464975397, 19.206970200668962 ], [ 73.187486038185583, 19.20666913018264 ], [ 73.187114198704833, 19.206401394738812 ], [ 73.186716527481906, 19.206169572603244 ], [ 73.186296854170195, 19.205975896183634 ], [ 73.185859220251302, 19.205822230536658 ], [ 73.185407840121144, 19.20571005541235 ], [ 73.184947060512968, 19.205640451008474 ], [ 73.184481318647542, 19.205614087571806 ], [ 73.184015099513346, 19.205631218946472 ], [ 73.18355289268753, 19.205691680131189 ], [ 73.18309914911292, 19.205794888868979 ], [ 73.182658238246958, 19.205939851253948 ], [ 73.182234405994507, 19.206125171301217 ], [ 73.181831733829299, 19.206349064387851 ], [ 73.181454099497174, 19.206609374435505 ], [ 73.181105139679303, 19.206903594669509 ], [ 73.180788214974413, 19.207228891754543 ], [ 73.180506377537313, 19.20758213307484 ], [ 73.180262341685108, 19.20795991689636 ], [ 73.180058457754171, 19.208358605120651 ], [ 73.179896689459937, 19.208774358315399 ], [ 73.179778594977378, 19.209203172684315 ], [ 73.17970531192509, 19.209640918620757 ], [ 73.179677546397755, 19.210083380473854 ], [ 73.17969556615293, 19.210526297144369 ], [ 73.179759198018687, 19.210965403119506 ], [ 73.179867829547092, 19.211396469551431 ], [ 73.180020414898564, 19.21181534498411 ], [ 73.180215484900771, 19.21221799533599 ], [ 73.180451161185644, 19.212600542753584 ], [ 73.180725174269099, 19.212959302961568 ], [ 73.181034885399342, 19.213290820749553 ], [ 73.181377311964013, 19.213591903253494 ], [ 73.181749156211396, 19.213859650711171 ], [ 73.182146837009569, 19.214091484395155 ], [ 73.182566524337162, 19.214285171453938 ], [ 73.183004176173952, 19.214438846421974 ], [ 73.183455577435424, 19.214551029191043 ], [ 73.183916380576292, 19.21462063926958 ], [ 73.184382147471453, 19.214647006192756 ], [ 73.184848392170522, 19.21462987598245 ], [ 73.185310624113924, 19.214569413595203 ], [ 73.185764391393562, 19.214466201334197 ], [ 73.186205323641019, 19.214321233240728 ], [ 73.186629174129749, 19.214135905519036 ], [ 73.187031860685252, 19.213912003087003 ], [ 73.187409505008617, 19.213651682382096 ], [ 73.18775847003478, 19.213357450588546 ], [ 73.188075394964812, 19.21303214148589 ], [ 73.188357227635279, 19.212678888151739 ], [ 73.188601253912253, 19.212301092781804 ], [ 73.188805123827294, 19.211902393918344 ], [ 73.188966874203643, 19.211486631402533 ], [ 73.189084947554875, 19.211057809388855 ], [ 73.189158207074456, 19.210620057777749 ], [ 73.189185947572071, 19.210177592438146 ] ] ] } },
{ "type": "Feature", "properties": { "station_id": "MUM_RAIL_STN_085", "station_name": "Badlapur", "buffer_m": 500 }, "geometry": { "type": "Polygon", "coordinates": [ [ [ 73.243555657442073, 19.166878671779806 ], [ 73.243537460500718, 19.166435745972489 ], [ 73.243473663967535, 19.165996647834493 ], [ 73.243364882598343, 19.165565606102664 ], [ 73.243212164357089, 19.165146771892992 ], [ 73.243016980310159, 19.164744178725083 ], [ 73.242781210447575, 19.164361703680356 ], [ 73.242507125567556, 19.164003030067885 ], [ 73.242197365399605, 19.163671611957245 ], [ 73.241854913177093, 19.163370640919904 ], [ 73.241483066904166, 19.16310301529899 ], [ 73.241085407594099, 19.162871312303274 ], [ 73.24066576478495, 19.162677763193884 ], [ 73.240228179664228, 19.16252423180239 ], [ 73.239776866157854, 19.162412196586882 ], [ 73.239316170357682, 19.162342736398809 ], [ 73.238850528677958, 19.16231652009715 ], [ 73.23838442514311, 19.162333800110094 ], [ 73.237922348218049, 19.162394410005852 ], [ 73.237468747595884, 19.162497766096145 ], [ 73.237027991358701, 19.162642873056708 ], [ 73.236604323923729, 19.162828333510848 ], [ 73.236201825178924, 19.163052361483789 ], [ 73.235824371201531, 19.163312799598302 ], [ 73.235475596937221, 19.163607139846263 ], [ 73.235158861199039, 19.163932547736284 ], [ 73.234877214323063, 19.164285889585006 ], [ 73.234633368792061, 19.164663762689575 ], [ 73.234429673110157, 19.165062528090889 ], [ 73.234268089180148, 19.16547834561241 ], [ 73.234150173401559, 19.165907210837336 ], [ 73.234077061671712, 19.166344993668172 ], [ 73.234049458434768, 19.166787478097657 ], [ 73.234067629884549, 19.167230402808084 ], [ 73.234131401387174, 19.167669502208241 ], [ 73.234240159148655, 19.168100547512779 ], [ 73.234392856112351, 19.168519387468404 ], [ 73.234588022029484, 19.168921988334688 ], [ 73.23482377760682, 19.169304472734385 ], [ 73.235097852595075, 19.169663156998919 ], [ 73.235407607644859, 19.169994586649338 ], [ 73.23575005971955, 19.170295569670724 ], [ 73.236121910820657, 19.170563207259395 ], [ 73.236519579749327, 19.170794921746687 ], [ 73.236939236597905, 19.170988481429838 ], [ 73.237376839639367, 19.171142022070946 ], [ 73.23782817425905, 19.171254064856463 ], [ 73.238288893553772, 19.17132353064402 ], [ 73.238754560206402, 19.171349750359447 ], [ 73.239220689232795, 19.171332471443396 ], [ 73.239682791188429, 19.171271860285472 ], [ 73.240136415418306, 19.171168500622475 ], [ 73.24057719293306, 19.171023387915962 ], [ 73.241000878497829, 19.170837919763436 ], [ 73.241403391527896, 19.170613882435525 ], [ 73.241780855397053, 19.170353433668971 ], [ 73.242129634779502, 19.17005908188122 ], [ 73.242446370665505, 19.16973366200715 ], [ 73.242728012713329, 19.169380308190668 ], [ 73.2429718486257, 19.169002423594524 ], [ 73.243175530268175, 19.168603647619449 ], [ 73.243337096277457, 19.168187820848321 ], [ 73.243454990942723, 19.167758948053383 ], [ 73.24352807917802, 19.167321159623064 ], [ 73.243555657442073, 19.166878671779806 ] ] ] } },
{ "type": "Feature", "properties": { "station_id": "MUM_RAIL_STN_086", "station_name": "Vangani", "buffer_m": 500 }, "geometry": { "type": "Polygon", "coordinates": [ [ [ 73.305491718834162, 19.094437168134423 ], [ 73.305473347340026, 19.093994232837673 ], [ 73.30540939639171, 19.093555142272738 ], [ 73.30530048223028, 19.093124125102584 ], [ 73.305147654096402, 19.092705332205966 ], [ 73.304952384112724, 19.092302796704161 ], [ 73.304716553094764, 19.091920395122987 ], [ 73.304442432427706, 19.091561810064071 ], [ 73.304132662183946, 19.091230494744451 ], [ 73.303790225692325, 19.090929639746236 ], [ 73.303418420804221, 19.090662142295784 ], [ 73.303020828133555, 19.09043057836849 ], [ 73.302601276576056, 19.090237177887317 ], [ 73.302163806440419, 19.090083803253687 ], [ 73.301712630545524, 19.08997193141737 ], [ 73.301252093658718, 19.089902639657705 ], [ 73.300786630664916, 19.089876595212917 ], [ 73.300320723869177, 19.089894048857332 ], [ 73.29985885984344, 19.089954832488083 ], [ 73.299405486232388, 19.090058360744653 ], [ 73.298964968933959, 19.090203636645427 ], [ 73.298541550066361, 19.090389261187205 ], [ 73.298139307125837, 19.09061344681518 ], [ 73.297762113728069, 19.090874034633767 ], [ 73.297413602310996, 19.091168515192834 ], [ 73.297097129157848, 19.091494052649175 ], [ 73.296815742077086, 19.091847512070853 ], [ 73.296572151050412, 19.092225489621743 ], [ 73.296368702131389, 19.092624345335743 ], [ 73.29620735484643, 19.093040238165337 ], [ 73.296089663315669, 19.093469162967114 ], [ 73.296016761276064, 19.093906989068493 ], [ 73.295989351151221, 19.094349500044203 ], [ 73.296007697273723, 19.094792434319658 ], [ 73.296071623325773, 19.095231526210444 ], [ 73.296180514023078, 19.095662547002608 ], [ 73.296333321026623, 19.096081345678222 ], [ 73.296528573025853, 19.096483888893925 ], [ 73.296764389896353, 19.09686629982745 ], [ 73.297038500796589, 19.097224895517787 ], [ 73.297348266029545, 19.097556222339303 ], [ 73.297690702458951, 19.097857089267908 ], [ 73.298062512235745, 19.09812459861875 ], [ 73.298460114558225, 19.098356173959107 ], [ 73.298879680159672, 19.098549584927429 ], [ 73.299317168191763, 19.098702968719277 ], [ 73.299768365147827, 19.098814848032934 ], [ 73.300228925451123, 19.09888414530171 ], [ 73.300694413316918, 19.098910193075664 ], [ 73.301160345484263, 19.098892740452541 ], [ 73.301622234406267, 19.098831955495946 ], [ 73.302075631481472, 19.098728423617356 ], [ 73.30251616991022, 19.098583141937581 ], [ 73.302939606762251, 19.098397509681909 ], [ 73.30334186385025, 19.098173314701576 ], [ 73.303719067014825, 19.097912716251582 ], [ 73.304067583442702, 19.097618224190608 ], [ 73.304384056658094, 19.097292674803889 ], [ 73.304665438850122, 19.096939203481821 ], [ 73.304909020225026, 19.096561214517859 ], [ 73.305112455100073, 19.0961623483167 ], [ 73.305273784488591, 19.095746446328899 ], [ 73.305391454958198, 19.095317514049793 ], [ 73.305464333581298, 19.094879682439299 ], [ 73.305491718834162, 19.094437168134423 ] ] ] } },
{ "type": "Feature", "properties": { "station_id": "MUM_RAIL_STN_087", "station_name": "Shelu", "buffer_m": 500 }, "geometry": { "type": "Polygon", "coordinates": [ [ [ 73.322551502485311, 19.063458063132266 ], [ 73.322533081885226, 19.063015124892413 ], [ 73.322469090406315, 19.062576036298974 ], [ 73.322360144679166, 19.062145025995758 ], [ 73.322207294247704, 19.061726244795203 ], [ 73.322012011448464, 19.061323725705901 ], [ 73.321776177219689, 19.060941345095621 ], [ 73.321502062976805, 19.060582785364126 ], [ 73.321192308729763, 19.060251499484739 ], [ 73.320849897652877, 19.059950677756273 ], [ 73.320478127352459, 19.059683217085016 ], [ 73.320080578109156, 19.059451693092527 ], [ 73.319661078400443, 19.059258335317576 ], [ 73.319223668035804, 19.059105005750727 ], [ 73.318772559258804, 19.058993180908168 ], [ 73.318312096190809, 19.058923937617067 ], [ 73.317846713006375, 19.058897942649281 ], [ 73.317380891242607, 19.058915446302979 ], [ 73.316919116653239, 19.058976279993992 ], [ 73.316465836022431, 19.059079857879876 ], [ 73.316025414353462, 19.05922518250124 ], [ 73.315602092844372, 19.059410854385739 ], [ 73.315199948054484, 19.059635085522597 ], [ 73.314822852654927, 19.059895716577863 ], [ 73.314474438140465, 19.060190237684822 ], [ 73.314158059861541, 19.06051581260952 ], [ 73.313876764713243, 19.060869306058855 ], [ 73.313633261792077, 19.061247313868638 ], [ 73.313429896303163, 19.061646195780952 ], [ 73.313268626969275, 19.062062110495528 ], [ 73.313151007159547, 19.06249105265778 ], [ 73.313078169919805, 19.062928891427532 ], [ 73.31305081704906, 19.063371410257076 ], [ 73.313069212327875, 19.063814347495878 ], [ 73.313133178964279, 19.064253437430676 ], [ 73.31324210128237, 19.064684451366137 ], [ 73.313394930637855, 19.065103238350218 ], [ 73.313590195504077, 19.0655057651521 ], [ 73.313826015632017, 19.065888155107586 ], [ 73.314100120148069, 19.066246725457816 ], [ 73.314409869416124, 19.066578022821371 ], [ 73.314752280453192, 19.066878856458118 ], [ 73.315124055654479, 19.067146329004135 ], [ 73.315521614551031, 19.067377864381534 ], [ 73.315941128294384, 19.067571232614021 ], [ 73.31637855653571, 19.067724571309153 ], [ 73.316829686344448, 19.067836403599955 ], [ 73.317290172791019, 19.067905652373014 ], [ 73.317755580802412, 19.067931650645821 ], [ 73.318221427887465, 19.067914147993186 ], [ 73.318683227319312, 19.067853312960814 ], [ 73.319136531359163, 19.067749731442682 ], [ 73.319576974104123, 19.06760440103778 ], [ 73.320000313546231, 19.067418721440717 ], [ 73.320402472436982, 19.067194480958648 ], [ 73.320779577563343, 19.066933839284648 ], [ 73.321127997056806, 19.066639306693514 ], [ 73.321444375375549, 19.066313719860542 ], [ 73.321725665622964, 19.065960214536439 ], [ 73.32196915889088, 19.065582195341747 ], [ 73.322172510345169, 19.065183302971899 ], [ 73.322333761802369, 19.064767379129037 ], [ 73.322451360580359, 19.064338429518539 ], [ 73.322524174441526, 19.06390058526684 ], [ 73.322551502485311, 19.063458063132266 ] ] ] } },
{ "type": "Feature", "properties": { "station_id": "MUM_RAIL_STN_088", "station_name": "Neral", "buffer_m": 500 }, "geometry": { "type": "Polygon", "coordinates": [ [ [ 73.323308839110766, 19.026849719714402 ], [ 73.323290412300267, 19.026406780027216 ], [ 73.323226424681465, 19.025967690955657 ], [ 73.32311749284699, 19.025536681148203 ], [ 73.322964666206161, 19.025117901412678 ], [ 73.322769416865825, 19.024715384743757 ], [ 73.322533625441352, 19.024333007486163 ], [ 73.322259562935571, 19.023974452007668 ], [ 73.321949868859832, 19.023643171240977 ], [ 73.321607525808886, 19.023342355435993 ], [ 73.32123583073394, 19.023074901442325 ], [ 73.320838363191356, 19.022843384817548 ], [ 73.320418950872181, 19.022650035029805 ], [ 73.319981632744742, 19.022496713993032 ], [ 73.319530620164954, 19.022384898141489 ], [ 73.319070256328445, 19.022315664215949 ], [ 73.318604974454885, 19.022289678898186 ], [ 73.31813925510653, 19.022307192393498 ], [ 73.317677583051648, 19.022368036022907 ], [ 73.31722440408771, 19.022471623848205 ], [ 73.31678408223965, 19.022616958314099 ], [ 73.316360857744854, 19.022802639853246 ], [ 73.315958806228906, 19.023026880361627 ], [ 73.315581799465079, 19.02328752041474 ], [ 73.315233468094817, 19.023582050058895 ], [ 73.314917166667939, 19.023907632977554 ], [ 73.314635941339418, 19.024261133800298 ], [ 73.314392500533131, 19.024639148291577 ], [ 73.31418918885565, 19.025038036128812 ], [ 73.314027964511013, 19.025453955954386 ], [ 73.313910380434493, 19.025882902364259 ], [ 73.313837569327063, 19.026320744477154 ], [ 73.313810232735278, 19.026763265713065 ], [ 73.313828634282103, 19.027206204398212 ], [ 73.313892597114418, 19.027645294805421 ], [ 73.314001505592088, 19.028076308234901 ], [ 73.31415431120341, 19.028495093739615 ], [ 73.314349542649694, 19.028897618103201 ], [ 73.314585320003189, 19.029280004685219 ], [ 73.314859372801862, 19.029638570759566 ], [ 73.315169061907355, 19.029969862986356 ], [ 73.315511404915966, 19.03027069067527 ], [ 73.315883104878054, 19.030538156520013 ], [ 73.316280582049487, 19.030769684507561 ], [ 73.316700008369182, 19.030963044733134 ], [ 73.317137344330774, 19.031116374881663 ], [ 73.317588377893017, 19.031228198168733 ], [ 73.318048765053916, 19.031297437567819 ], [ 73.31851407169745, 19.031323426186802 ], [ 73.318979816309465, 19.031305913693526 ], [ 73.319441513150849, 19.031245068728467 ], [ 73.319894715471577, 19.031141477281146 ], [ 73.32033505834913, 19.030996137046056 ], [ 73.320758300738007, 19.03081044781225 ], [ 73.321160366324918, 19.030586197979449 ], [ 73.321537382795853, 19.030325547330477 ], [ 73.321885719136361, 19.030031006226224 ], [ 73.322202020605573, 19.029705411423631 ], [ 73.322483241046953, 19.029351898749823 ], [ 73.322726672224377, 19.028973872895758 ], [ 73.322929969901338, 19.0285749746207 ], [ 73.323091176411822, 19.028159045683367 ], [ 73.323208739505901, 19.027730091837974 ], [ 73.323281527288955, 19.027292244251534 ], [ 73.323308839110766, 19.026849719714402 ] ] ] } },
{ "type": "Feature", "properties": { "station_id": "MUM_RAIL_STN_089", "station_name": "Bhivpuri Road", "buffer_m": 500 }, "geometry": { "type": "Polygon", "coordinates": [ [ [ 73.336225198235653, 18.97004991430347 ], [ 73.336206730653757, 18.969606971165991 ], [ 73.33614271786918, 18.969167883056116 ], [ 73.336033776715567, 18.968736878612976 ], [ 73.335880956690744, 18.968318108592797 ], [ 73.335685729836612, 18.967915605896799 ], [ 73.335449976550947, 18.967533246735432 ], [ 73.335175967468388, 18.96717471330253 ], [ 73.334866341585141, 18.96684345831892 ], [ 73.334524080838733, 18.96654267178673 ], [ 73.334152481387591, 18.966275250274212 ], [ 73.333755121867185, 18.966043769026712 ], [ 73.333335828928597, 18.965850457172245 ], [ 73.332898640390979, 18.965697176260029 ], [ 73.332447766363032, 18.965585402338419 ], [ 73.331987548707033, 18.965516211744859 ], [ 73.331522419235966, 18.965490270744208 ], [ 73.33105685704561, 18.965507829115257 ], [ 73.330595345392027, 18.96556871774705 ], [ 73.330142328529234, 18.965672350268076 ], [ 73.329702168922339, 18.965817728692542 ], [ 73.329279105247423, 18.966003453029618 ], [ 73.328877211582366, 18.966227734762871 ], [ 73.328500358181131, 18.966488414070412 ], [ 73.328152174208853, 18.966782980620067 ], [ 73.327836012796325, 18.967108597739387 ], [ 73.327554918750238, 18.967462129727991 ], [ 73.327311599230143, 18.967840172049623 ], [ 73.327108397674181, 18.968239084113083 ], [ 73.326947271225364, 18.968655024326868 ], [ 73.326829771875353, 18.969083987090059 ], [ 73.326757031508194, 18.969521841363417 ], [ 73.326729750988051, 18.969964370449429 ], [ 73.326748193396668, 18.970407312598393 ], [ 73.326812181486034, 18.970846402049617 ], [ 73.326921099371546, 18.971277410112407 ], [ 73.327073898449569, 18.97169618589146 ], [ 73.327269107483147, 18.972098696264222 ], [ 73.327504846759368, 18.97248106472524 ], [ 73.327778846181943, 18.972839608723309 ], [ 73.328088467125895, 18.973170875131562 ], [ 73.328430727843539, 18.97347167350885 ], [ 73.328802332177517, 18.973739106831715 ], [ 73.329199701304731, 18.97397059940095 ], [ 73.329619008204943, 18.974163921653432 ], [ 73.330056214522401, 18.974317211640379 ], [ 73.330507109465188, 18.974428992964697 ], [ 73.330967350367274, 18.974498189004439 ], [ 73.331432504522297, 18.974524133285474 ], [ 73.331898091885932, 18.974506575902929 ], [ 73.332359628234727, 18.974445685929783 ], [ 73.332812668365605, 18.974342049789101 ], [ 73.333252848919301, 18.974196665605767 ], [ 73.333675930414785, 18.974010933591924 ], [ 73.3340778380893, 18.97378664255902 ], [ 73.334454701150506, 18.97352595268632 ], [ 73.334802890062065, 18.973231374712014 ], [ 73.335119051503369, 18.9729057457476 ], [ 73.335400140666607, 18.972552201948648 ], [ 73.335643450579894, 18.972174148305278 ], [ 73.33584663817426, 18.9717752258438 ], [ 73.336007746843222, 18.971359276555287 ], [ 73.336125225278394, 18.970930306389391 ], [ 73.33619794239948, 18.970492446669851 ], [ 73.336225198235653, 18.97004991430347 ] ] ] } },
{ "type": "Feature", "properties": { "station_id": "MUM_RAIL_STN_090", "station_name": "Karjat", "buffer_m": 500 }, "geometry": { "type": "Polygon", "coordinates": [ [ [ 73.325390297806862, 18.908877998361866 ], [ 73.325371851937803, 18.908435054066231 ], [ 73.325307877556128, 18.907995963417104 ], [ 73.325198991124367, 18.907564955078445 ], [ 73.325046241612228, 18.907146179844421 ], [ 73.324851100381551, 18.906743670667009 ], [ 73.324615447004803, 18.906361303819626 ], [ 73.324341551153921, 18.90600276157075 ], [ 73.324032050734417, 18.905671496726743 ], [ 73.323689926475566, 18.905370699385287 ], [ 73.32331847322169, 18.905103266219299 ], [ 73.322921268200872, 18.904871772586876 ], [ 73.3225021365771, 18.904678447735748 ], [ 73.322065114617018, 18.904525153340597 ], [ 73.321614410826243, 18.904413365579895 ], [ 73.321154365428924, 18.904344160924445 ], [ 73.320689408580478, 18.904318205774533 ], [ 73.320224017715631, 18.904335750045089 ], [ 73.319762674441847, 18.9043966247607 ], [ 73.319309821392835, 18.904500243683508 ], [ 73.318869819457234, 18.904645608958262 ], [ 73.318446905793593, 18.904831320720227 ], [ 73.318045153035868, 18.905055590573497 ], [ 73.317668430081497, 18.905316258810004 ], [ 73.317320364839546, 18.90561081520357 ], [ 73.317004309297346, 18.905936423178911 ], [ 73.316723307241674, 18.906289947123192 ], [ 73.316480064945551, 18.906667982577087 ], [ 73.316276925102642, 18.907066889015098 ], [ 73.316115844260551, 18.907482824899589 ], [ 73.315998373970558, 18.907911784671082 ], [ 73.315925645835534, 18.908349637319056 ], [ 73.315898360600443, 18.908792166161639 ], [ 73.315916781391024, 18.909235109451636 ], [ 73.31598073116615, 18.909674201417587 ], [ 73.316089594408879, 18.910105213344941 ], [ 73.316242323040669, 18.910523994301627 ], [ 73.316437446502079, 18.910926511115733 ], [ 73.316673085903531, 18.911308887220372 ], [ 73.316946972110117, 18.911667439991319 ], [ 73.317256467586972, 18.911998716217852 ], [ 73.317598591794734, 18.912299525364872 ], [ 73.317970049891088, 18.912566970305768 ], [ 73.318367264461827, 18.912798475229952 ], [ 73.318786409975999, 18.912991810455754 ], [ 73.319223449633114, 18.913145113909788 ], [ 73.319674174247496, 18.913256909065481 ], [ 73.320134242794751, 18.913326119167806 ], [ 73.320599224229824, 18.91335207760719 ], [ 73.321064640173134, 18.913334534342283 ], [ 73.321526008053482, 18.913273658309844 ], [ 73.321978884291511, 18.913170035798334 ], [ 73.322418907107462, 18.913024664800929 ], [ 73.32284183854037, 18.912838945402267 ], [ 73.323243605273419, 18.912614666291731 ], [ 73.323620337872072, 18.912353987533159 ], [ 73.323968408056672, 18.912059419757064 ], [ 73.324284463649946, 18.911733799976155 ], [ 73.324565460863155, 18.911380264256969 ], [ 73.324808693609342, 18.911002217511317 ], [ 73.325011819561865, 18.910603300698636 ], [ 73.325172882706923, 18.910187355755255 ], [ 73.32529033217331, 18.909758388588781 ], [ 73.325363037158397, 18.909320530493922 ], [ 73.325390297806862, 18.908877998361866 ] ] ] } },
{ "type": "Feature", "properties": { "station_id": "MUM_RAIL_STN_091", "station_name": "Palasdhari", "buffer_m": 500 }, "geometry": { "type": "Polygon", "coordinates": [ [ [ 73.325576115642036, 18.884335508151196 ], [ 73.32555766646, 18.883892562926132 ], [ 73.32549369545363, 18.883453471916557 ], [ 73.325384819052431, 18.883022463789946 ], [ 73.325232086128977, 18.882603689338538 ], [ 73.325036967884941, 18.882201181506915 ], [ 73.324801343671012, 18.881818816555725 ], [ 73.32452748287804, 18.881460276735368 ], [ 73.324218023073698, 18.881129014829042 ], [ 73.323875944596068, 18.880828220906384 ], [ 73.32350454184855, 18.8805607916076 ], [ 73.323107391573018, 18.880329302253781 ], [ 73.322688318406421, 18.880135982051669 ], [ 73.322251358052796, 18.879982692631351 ], [ 73.321800718424868, 18.879870910123543 ], [ 73.32134073912934, 18.879801710948584 ], [ 73.320875849685549, 18.879775761454049 ], [ 73.320410526879613, 18.879793311500432 ], [ 73.319949251664127, 18.879854192056687 ], [ 73.31949646601791, 18.87995781682865 ], [ 73.31905653018093, 18.88010318790462 ], [ 73.31863368067566, 18.880288905363862 ], [ 73.318231989518509, 18.880513180755433 ], [ 73.317855325013966, 18.880773854317709 ], [ 73.317507314508376, 18.88106841577299 ], [ 73.317191309462004, 18.881394028497052 ], [ 73.316910353175274, 18.881747556831062 ], [ 73.316667151480331, 18.882125596273195 ], [ 73.316464046679528, 18.882524506259344 ], [ 73.316302994982735, 18.8829404452175 ], [ 73.316185547660083, 18.883369407558451 ], [ 73.316112836092785, 18.883807262246791 ], [ 73.31608556086573, 18.884249792580935 ], [ 73.316103985007743, 18.884692736799291 ], [ 73.316167931444824, 18.885131829121477 ], [ 73.316276784691652, 18.885562840829568 ], [ 73.316429496765494, 18.885981620993707 ], [ 73.316624597265914, 18.886384136449763 ], [ 73.316860207524044, 18.886766510644097 ], [ 73.317134058685411, 18.887125060971091 ], [ 73.317443513552462, 18.887456334243776 ], [ 73.317785591976843, 18.887757139955731 ], [ 73.318156999557189, 18.888024581013681 ], [ 73.318554159365945, 18.888256081644634 ], [ 73.31897324639975, 18.888449412208487 ], [ 73.319410224421702, 18.888602710676945 ], [ 73.319860884840054, 18.888714500571584 ], [ 73.320320887249196, 18.888783705188189 ], [ 73.320785801241499, 18.888809657970068 ], [ 73.321251149087459, 18.888792108930396 ], [ 73.321712448872219, 18.88873122706153 ], [ 73.322165257672808, 18.888627598708087 ], [ 73.322605214359399, 18.888482221919386 ], [ 73.323028081608314, 18.8882964968357 ], [ 73.323429786721235, 18.888072212200999 ], [ 73.323806460857384, 18.887811528132087 ], [ 73.324154476300265, 18.887516955310431 ], [ 73.324470481399914, 18.88719133079708 ], [ 73.324751432853787, 18.886837790703908 ], [ 73.324994625015535, 18.886459739984637 ], [ 73.325197715949102, 18.886060819636754 ], [ 73.325358749977582, 18.885644871630451 ], [ 73.325476176509781, 18.885215901902676 ], [ 73.325548864963494, 18.884778041772684 ], [ 73.325576115642036, 18.884335508151196 ] ] ] } },
{ "type": "Feature", "properties": { "station_id": "MUM_RAIL_STN_092", "station_name": "Kelavali", "buffer_m": 500 }, "geometry": { "type": "Polygon", "coordinates": [ [ [ 73.323525238398787, 18.845737348638778 ], [ 73.323506790172615, 18.845294402199677 ], [ 73.32344283061542, 18.844855310293838 ], [ 73.323333976045603, 18.844424301597492 ], [ 73.323181275124725, 18.844005526908575 ], [ 73.322986198745596, 18.843603019174203 ], [ 73.322750625855193, 18.843220654654402 ], [ 73.322476825349668, 18.842862115595754 ], [ 73.322167434215871, 18.842530854774495 ], [ 73.321825432130467, 18.842230062250174 ], [ 73.321454112761273, 18.841962634649896 ], [ 73.321057052047422, 18.841731147278747 ], [ 73.320638073763789, 18.841537829324679 ], [ 73.320201212701193, 18.841384542396391 ], [ 73.31975067581682, 18.84127276260082 ], [ 73.319290801728656, 18.841203566332332 ], [ 73.318826018943668, 18.841177619910578 ], [ 73.318360803221694, 18.841195173166469 ], [ 73.317899634484888, 18.841256057037992 ], [ 73.317446953687451, 18.841359685198896 ], [ 73.317007120060367, 18.841505059704662 ], [ 73.316584369142447, 18.841690780601258 ], [ 73.316182772001184, 18.841915059404329 ], [ 73.31580619603605, 18.84217573631906 ], [ 73.315458267740937, 18.84247030103511 ], [ 73.315142337784437, 18.842795916896453 ], [ 73.314861448743756, 18.843149448213701 ], [ 73.314618305803108, 18.843527490455948 ], [ 73.31441525069863, 18.843926403031809 ], [ 73.314254239160988, 18.844342344344064 ], [ 73.314136822072911, 18.844771308780626 ], [ 73.314064130523619, 18.845209165285752 ], [ 73.314036864904423, 18.845651697140298 ], [ 73.314055288150726, 18.846094642568001 ], [ 73.314119223196286, 18.846533735776919 ], [ 73.314228054664696, 18.846964748040726 ], [ 73.314380734782134, 18.847383528424395 ], [ 73.31457579345529, 18.84778604376195 ], [ 73.314811352417578, 18.848168417501221 ], [ 73.315085143308139, 18.848526967041277 ], [ 73.315394529509589, 18.848858239203111 ], [ 73.315736531534824, 18.849159043491373 ], [ 73.316107855718329, 18.84942648282685 ], [ 73.316504925935973, 18.849657981453497 ], [ 73.316923918047635, 18.849851309750822 ], [ 73.317360796731123, 18.85000460571262 ], [ 73.317811354352074, 18.850116392884829 ], [ 73.318271251495602, 18.850185594589579 ], [ 73.318736058768749, 18.850211544298325 ], [ 73.319201299470592, 18.850193992053818 ], [ 73.319662492719033, 18.850133106879223 ], [ 73.320115196617891, 18.850029475150858 ], [ 73.320555051048387, 18.84988409495034 ], [ 73.320977819672308, 18.849698366450546 ], [ 73.321379430741672, 18.849474078428024 ], [ 73.321756016321785, 18.849213391031881 ], [ 73.322103949549245, 18.848918814975249 ], [ 73.322419879565913, 18.848593187349966 ], [ 73.322700763792284, 18.848239644297525 ], [ 73.322943897229138, 18.847861590799774 ], [ 73.323146938505559, 18.847462667880666 ], [ 73.323307932422324, 18.847046717534887 ], [ 73.323425328773837, 18.846617745721701 ], [ 73.323497997267751, 18.846179883780305 ], [ 73.323525238398787, 18.845737348638778 ] ] ] } },
{ "type": "Feature", "properties": { "station_id": "MUM_RAIL_STN_093", "station_name": "Dolavali", "buffer_m": 500 }, "geometry": { "type": "Polygon", "coordinates": [ [ [ 73.324806056624695, 18.834306364362231 ], [ 73.324787603706412, 18.833863417366658 ], [ 73.324723642563598, 18.83342432546354 ], [ 73.32461478952969, 18.832993317329098 ], [ 73.324462093251228, 18.832574543755889 ], [ 73.324267024576045, 18.832172037680326 ], [ 73.324031462376766, 18.831789675346521 ], [ 73.32375767544643, 18.831431138980104 ], [ 73.323448300641019, 18.831099881331468 ], [ 73.323106317479912, 18.830799092429714 ], [ 73.322735019448658, 18.830531668867184 ], [ 73.322337982280928, 18.830300185910165 ], [ 73.321919029524921, 18.830106872704221 ], [ 73.32148219572575, 18.82995359081243 ], [ 73.321031687578198, 18.829841816293303 ], [ 73.320571843423721, 18.82977262549046 ], [ 73.320107091481276, 18.82974668467099 ], [ 73.319641907213878, 18.829764243611876 ], [ 73.319180770241033, 18.829825133196369 ], [ 73.318728121211279, 18.829928767043189 ], [ 73.318288319049941, 18.830074147153038 ], [ 73.317865598992967, 18.830259873517861 ], [ 73.317464031810871, 18.830484157600573 ], [ 73.317087484614731, 18.830744839555429 ], [ 73.316739583621498, 18.83103940902345 ], [ 73.316423679236919, 18.831365029302752 ], [ 73.316142813791885, 18.831718564661266 ], [ 73.315899692243377, 18.832096610529078 ], [ 73.315696656121418, 18.832495526279772 ], [ 73.315535660973708, 18.832911470285449 ], [ 73.315418257524968, 18.833340436907992 ], [ 73.315345576732867, 18.833778295070541 ], [ 73.315318318884849, 18.834220828037932 ], [ 73.315336746841254, 18.834663774023142 ], [ 73.315400683490211, 18.835102867228851 ], [ 73.315509513439608, 18.835533878928761 ], [ 73.315662188930034, 18.835952658193317 ], [ 73.315857239912475, 18.836355171867375 ], [ 73.316092788194268, 18.83673754341482 ], [ 73.316366565517228, 18.837096090255947 ], [ 73.316675935394528, 18.837427359237836 ], [ 73.317017918496234, 18.837728159895839 ], [ 73.317389221339042, 18.837995595185845 ], [ 73.317786268004383, 18.838227089390866 ], [ 73.318205234579068, 18.838420412933107 ], [ 73.318642085986951, 18.838573703852255 ], [ 73.319092614856544, 18.838685485742889 ], [ 73.319552482050057, 18.838754681978095 ], [ 73.320017258463167, 18.838780626082045 ], [ 73.320482467692457, 18.838763068151515 ], [ 73.320943629159146, 18.838702177264441 ], [ 73.32139630127341, 18.838598539852146 ], [ 73.321836124222799, 18.838453154050956 ], [ 73.322258861972514, 18.838267420087632 ], [ 73.322660443072081, 18.83804312679128 ], [ 73.323036999875612, 18.837782434361714 ], [ 73.323384905796914, 18.83748785356044 ], [ 73.323700810240936, 18.837162221524896 ], [ 73.323981670874403, 18.836808674438906 ], [ 73.324224782925299, 18.836430617323074 ], [ 73.324427805228567, 18.836031691236101 ], [ 73.324588782767563, 18.835615738203064 ], [ 73.324706165494277, 18.835186764209006 ], [ 73.324778823247343, 18.834748900614091 ], [ 73.324806056624695, 18.834306364362231 ] ] ] } },
{ "type": "Feature", "properties": { "station_id": "MUM_RAIL_STN_094", "station_name": "Lowjee", "buffer_m": 500 }, "geometry": { "type": "Polygon", "coordinates": [ [ [ 73.340178663468237, 18.808663682624143 ], [ 73.340160167192252, 18.808220733086646 ], [ 73.340096169678105, 18.807781642966724 ], [ 73.339987287608835, 18.807350640923204 ], [ 73.339834569909968, 18.806931877689841 ], [ 73.339639487634969, 18.806529386103417 ], [ 73.339403919786776, 18.806147042268485 ], [ 73.339130135212287, 18.805788528232604 ], [ 73.338820770744306, 18.805457296531252 ], [ 73.338478805802225, 18.805156536943851 ], [ 73.338107533695847, 18.804889145780688 ], [ 73.337710529909018, 18.804657697996358 ], [ 73.337291617668413, 18.804464422398013 ], [ 73.336854831129017, 18.804311180186939 ], [ 73.336404376530751, 18.804199447039849 ], [ 73.335944591699672, 18.804130298902319 ], [ 73.335479904283829, 18.80410440163087 ], [ 73.335014789125367, 18.804122004583423 ], [ 73.334553725178836, 18.804182938219611 ], [ 73.334101152390147, 18.804286615734156 ], [ 73.333661428951004, 18.804432038707329 ], [ 73.333238789339916, 18.804617806718362 ], [ 73.332837303553276, 18.804842130829083 ], [ 73.332460837918831, 18.805102850808193 ], [ 73.332113017868593, 18.805397455930372 ], [ 73.331797193029146, 18.805723109150161 ], [ 73.33151640496564, 18.806076674417987 ], [ 73.331273357889984, 18.806454746875588 ], [ 73.331070392615004, 18.806853685640128 ], [ 73.330909464006069, 18.807269648861691 ], [ 73.330792122146832, 18.80769863071675 ], [ 73.330719497401518, 18.808136499981369 ], [ 73.330692289517359, 18.808579039813118 ], [ 73.330710760872975, 18.809021988358563 ], [ 73.330774733937972, 18.809461079795454 ], [ 73.330883592968831, 18.809892085414337 ], [ 73.33103628992545, 18.810310854344063 ], [ 73.331231354551434, 18.810713353528943 ], [ 73.33146690852206, 18.811095706572416 ], [ 73.331740683523805, 18.811454231073061 ], [ 73.332050043091698, 18.811785474093213 ], [ 73.33239200799467, 18.812086245418513 ], [ 73.332763284924397, 18.812353648287555 ], [ 73.333160298211709, 18.812585107295913 ], [ 73.333579224264795, 18.8127783932051 ], [ 73.334016028397869, 18.812931644417599 ], [ 73.334466503694941, 18.813043384910763 ], [ 73.334926311534474, 18.813112538456711 ], [ 73.335391023384219, 18.813138438991093 ], [ 73.335856163463021, 18.813120837030585 ], [ 73.336317251858716, 18.813059902077431 ], [ 73.336769847685801, 18.812956220987523 ], [ 73.337209591867207, 18.812810792317983 ], [ 73.33763224912731, 18.812625016708488 ], [ 73.338033748791503, 18.812400683389221 ], [ 73.338410223998679, 18.812139952945362 ], [ 73.338758048949003, 18.811845336504369 ], [ 73.339073873827601, 18.811519671546701 ], [ 73.33935465706773, 18.811166094572986 ], [ 73.339597694642933, 18.810788010891354 ], [ 73.339800646105417, 18.810389061815979 ], [ 73.33996155712066, 18.809973089592983 ], [ 73.340078878281105, 18.809544100391854 ], [ 73.340151480017965, 18.809106225718811 ], [ 73.340178663468237, 18.808663682624143 ] ] ] } },
{ "type": "Feature", "properties": { "station_id": "MUM_RAIL_STN_095", "station_name": "Khopoli", "buffer_m": 500 }, "geometry": { "type": "Polygon", "coordinates": [ [ [ 73.349615292950531, 18.789659039652843 ], [ 73.349596769750818, 18.789216088448345 ], [ 73.349532750480577, 18.78877699938008 ], [ 73.34942385203189, 18.788346001096642 ], [ 73.34927112348754, 18.787927244295481 ], [ 73.349076036005016, 18.787524761751424 ], [ 73.348840468636951, 18.78714242948196 ], [ 73.348566690225226, 18.786783929423343 ], [ 73.348257337542975, 18.786452713976551 ], [ 73.347915389895817, 18.786151972764635 ], [ 73.347544140426834, 18.785884601921111 ], [ 73.347147164401761, 18.785653176205091 ], [ 73.346728284779942, 18.785459924211452 ], [ 73.346291535402315, 18.78530670691439 ], [ 73.3458411221511, 18.785194999750946 ], [ 73.345381382454391, 18.785125878416689 ], [ 73.344916743525985, 18.785100008510231 ], [ 73.344451679741425, 18.785117639126145 ], [ 73.343990669560924, 18.785178600457826 ], [ 73.343538152413075, 18.785282305433363 ], [ 73.343098485954215, 18.785427755368669 ], [ 73.342675904114543, 18.785613549583324 ], [ 73.342274476334552, 18.785837898886776 ], [ 73.341898068383728, 18.786098642805033 ], [ 73.341550305138853, 18.78639327038211 ], [ 73.341234535679732, 18.786718944356146 ], [ 73.340953801038367, 18.787072528477498 ], [ 73.34071080491222, 18.787450617706103 ], [ 73.340507887623488, 18.787849570997366 ], [ 73.34034700357526, 18.788265546361256 ], [ 73.34022970242188, 18.788694537857022 ], [ 73.340157114135295, 18.789132414167657 ], [ 73.340129938111261, 18.789574958382648 ], [ 73.340148436421174, 18.790017908606163 ], [ 73.340212431274622, 18.790456998999634 ], [ 73.340321306717797, 18.790888000863522 ], [ 73.340474014552029, 18.791306763362783 ], [ 73.340669084415723, 18.791709253503623 ], [ 73.340904637933278, 18.792091594976611 ], [ 73.341178406795152, 18.792450105491806 ], [ 73.341487754595164, 18.792781332246381 ], [ 73.341829702215321, 18.79308208518275 ], [ 73.342200956513565, 18.793349467716826 ], [ 73.342597942038594, 18.79358090464023 ], [ 73.343016835466003, 18.793774166927403 ], [ 73.343453602424262, 18.793927393208563 ], [ 73.343904036355596, 18.794039107701419 ], [ 73.344363799037126, 18.794108234428734 ], [ 73.344828462371808, 18.79413410758465 ], [ 73.345293551046183, 18.794116477949711 ], [ 73.34575458564349, 18.794055515292836 ], [ 73.346207125796852, 18.793951806736843 ], [ 73.346646812965815, 18.793806351103438 ], [ 73.347069412424318, 18.793620549292005 ], [ 73.347470854054805, 18.793396190785028 ], [ 73.347847271555494, 18.793135436410189 ], [ 73.348195039682608, 18.792840797525322 ], [ 73.348510809168744, 18.792515111826834 ], [ 73.348791538980834, 18.792161516014936 ], [ 73.349034525607024, 18.791783415578944 ], [ 73.349237429090181, 18.791384451994151 ], [ 73.349398295557748, 18.790968467646167 ], [ 73.349515576031024, 18.790539468820988 ], [ 73.349588141332774, 18.790101587117292 ], [ 73.349615292950531, 18.789659039652843 ] ] ] } },
{ "type": "Feature", "properties": { "station_id": "MUM_RAIL_STN_096", "station_name": "Shahad", "buffer_m": 500 }, "geometry": { "type": "Polygon", "coordinates": [ [ [ 73.163078279207625, 19.244393015336048 ], [ 73.163060308793902, 19.243950101956948 ], [ 73.162996717182153, 19.243510994291391 ], [ 73.162888117156882, 19.243079921169208 ], [ 73.162735554937925, 19.242661034009707 ], [ 73.162540500091566, 19.242258366843146 ], [ 73.162304831366001, 19.24187579746399 ], [ 73.162030818587837, 19.241517010089908 ], [ 73.161721100794466, 19.241185459885823 ], [ 73.161378660813071, 19.240884339694798 ], [ 73.161006796531581, 19.240616549295531 ], [ 73.160609089137921, 19.240384667482608 ], [ 73.160189368634022, 19.24019092723794 ], [ 73.159751676955921, 19.240037194232315 ], [ 73.159300229055617, 19.239924948863901 ], [ 73.158839372318596, 19.239855272006348 ], [ 73.158373544707885, 19.239828834603674 ], [ 73.157907232037033, 19.239845891211793 ], [ 73.157444924783192, 19.239906277549018 ], [ 73.156991074855469, 19.24000941207882 ], [ 73.156550052734616, 19.240154301609685 ], [ 73.156126105395941, 19.240339550858167 ], [ 73.155723315420602, 19.240563375883102 ], [ 73.155345561688122, 19.240823621261669 ], [ 73.154996482028793, 19.241117780842139 ], [ 73.15467943819479, 19.2414430218736 ], [ 73.154397483487699, 19.241796212280452 ], [ 73.154153333353634, 19.242173950819442 ], [ 73.153949339229442, 19.242572599828719 ], [ 73.153787465891753, 19.242988320254163 ], [ 73.153669272527395, 19.243417108615677 ], [ 73.153595897707632, 19.243854835557638 ], [ 73.153568048411472, 19.244297285612685 ], [ 73.153585993203919, 19.244740197795711 ], [ 73.153649559635767, 19.245179306637585 ], [ 73.153758135890143, 19.245610383263262 ], [ 73.153910676660757, 19.246029276118804 ], [ 73.154105713205539, 19.246431950955053 ], [ 73.154341367479631, 19.246814529682787 ], [ 73.154615370211758, 19.247173327725118 ], [ 73.154925082750623, 19.247504889507105 ], [ 73.155267522470965, 19.247806021740779 ], [ 73.155639391494901, 19.24807382418463 ], [ 73.156037108452196, 19.248305717581228 ], [ 73.156456842973483, 19.248499468503493 ], [ 73.156894552583978, 19.248653210870305 ], [ 73.157346021642567, 19.24876546392375 ], [ 73.157806901950664, 19.248835146494837 ], [ 73.158272754639427, 19.248861587420009 ], [ 73.158739092931569, 19.248844532007958 ], [ 73.15920142536531, 19.248784144494426 ], [ 73.1596552990639, 19.24868100646113 ], [ 73.160096342633125, 19.248536111234223 ], [ 73.160520308273377, 19.248350854316058 ], [ 73.160923112700203, 19.24812701994253 ], [ 73.161300876478691, 19.247866763895729 ], [ 73.161649961392527, 19.247572592737345 ], [ 73.161967005487568, 19.247247339663254 ], [ 73.162248955452242, 19.246894137211793 ], [ 73.162493096022644, 19.246516387089137 ], [ 73.162697076129476, 19.246117727402272 ], [ 73.162858931534771, 19.245701997615633 ], [ 73.162977103740843, 19.245273201569098 ], [ 73.163050454989502, 19.244835468913582 ], [ 73.163078279207625, 19.244393015336048 ] ] ] } },
{ "type": "Feature", "properties": { "station_id": "MUM_RAIL_STN_097", "station_name": "Ambivili", "buffer_m": 500 }, "geometry": { "type": "Polygon", "coordinates": [ [ [ 73.176468708463304, 19.267856814015811 ], [ 73.176450705152376, 19.267413899854812 ], [ 73.176387074105008, 19.266974794230876 ], [ 73.176278428485958, 19.266543725953877 ], [ 73.17612581495446, 19.266124846396121 ], [ 73.175930703571268, 19.265722189514332 ], [ 73.175694973629177, 19.265339633003606 ], [ 73.175420895544363, 19.264980860957333 ], [ 73.175111108983046, 19.264649328392554 ], [ 73.174768597434507, 19.264348227982182 ], [ 73.174396659475519, 19.264080459314226 ], [ 73.1739988770032, 19.263848600973816 ], [ 73.173579080742002, 19.263654885716729 ], [ 73.173141313357007, 19.263501178973076 ], [ 73.172689790528722, 19.263388960888168 ], [ 73.172228860363631, 19.263319312072994 ], [ 73.171762961531286, 19.263292903201666 ], [ 73.17129658053058, 19.263309988555552 ], [ 73.170834208496203, 19.263370403576392 ], [ 73.170380297960719, 19.263473566451715 ], [ 73.169939219988152, 19.263618483717352 ], [ 73.169515222091505, 19.263803759823094 ], [ 73.169112387338643, 19.26402761056946 ], [ 73.168734595040348, 19.264287880286233 ], [ 73.168385483398396, 19.264582062587586 ], [ 73.168068414473211, 19.264907324504051 ], [ 73.167786441808289, 19.265260533759122 ], [ 73.167542281023174, 19.265638288928145 ], [ 73.167338283657713, 19.266036952189218 ], [ 73.16717641452037, 19.266452684351005 ], [ 73.167058232758066, 19.266881481820317 ], [ 73.166984876830981, 19.26731921515373 ], [ 73.16695705353672, 19.267761668822168 ], [ 73.166975031190489, 19.268204581805499 ], [ 73.167038637027119, 19.268643688626607 ], [ 73.16714725885069, 19.269074760429632 ], [ 73.167299850916393, 19.269493645706749 ], [ 73.167494943988459, 19.269896310281439 ], [ 73.167730659477698, 19.270278876162976 ], [ 73.168004727523396, 19.270637658897861 ], [ 73.168314508845128, 19.270969203058293 ], [ 73.168657020154953, 19.27127031552574 ], [ 73.169028962885292, 19.271538096248854 ], [ 73.169426754955623, 19.271769966179221 ], [ 73.169846565272707, 19.271963692115676 ], [ 73.170284350631263, 19.272117408217699 ], [ 73.170735894660083, 19.272229633980363 ], [ 73.171196848437958, 19.272299288497599 ], [ 73.171662772387904, 19.272325700876188 ], [ 73.172129179045768, 19.272308616699974 ], [ 73.172591576290884, 19.27224820048195 ], [ 73.173045510621847, 19.272145034080609 ], [ 73.173486610060195, 19.272000111095615 ], [ 73.173910626267997, 19.271814827296964 ], [ 73.174313475473681, 19.271590967179787 ], [ 73.174691277811078, 19.271330686774402 ], [ 73.17504039469263, 19.271036492877393 ], [ 73.175357463856557, 19.270711218903859 ], [ 73.175639431750113, 19.270357997593628 ], [ 73.175883582937203, 19.269980230834648 ], [ 73.176087566246778, 19.269581556894206 ], [ 73.176249417410588, 19.269165815374045 ], [ 73.176367577972343, 19.268737010226985 ], [ 73.176440910286658, 19.268299271191502 ], [ 73.176468708463304, 19.267856814015811 ] ] ] } },
{ "type": "Feature", "properties": { "station_id": "MUM_RAIL_STN_098", "station_name": "Titwala", "buffer_m": 500 }, "geometry": { "type": "Polygon", "coordinates": [ [ [ 73.208003918720166, 19.296923892991952 ], [ 73.20798583413891, 19.296480976130429 ], [ 73.207922113725402, 19.296041875081013 ], [ 73.20781337150548, 19.295610818608893 ], [ 73.207660655069034, 19.295191957972044 ], [ 73.207465435467938, 19.294789326944347 ], [ 73.207229593037098, 19.294406802971285 ], [ 73.206955399275799, 19.294048069832375 ], [ 73.206645494963837, 19.293716582169498 ], [ 73.206302864723909, 19.293415532222802 ], [ 73.205930808275141, 19.293147819094049 ], [ 73.205532908654931, 19.292916020833385 ], [ 73.20511299771502, 19.292722369618001 ], [ 73.204675119223978, 19.292568730261394 ], [ 73.204223489931366, 19.292456582260133 ], [ 73.203762458968058, 19.292387005550662 ], [ 73.203296465973509, 19.292360670113137 ], [ 73.202829998352698, 19.292377829522248 ], [ 73.202367548073866, 19.29243831850717 ], [ 73.201913568422668, 19.292541554543739 ], [ 73.201472431128451, 19.292686543463869 ], [ 73.20104838427541, 19.292871889027904 ], [ 73.200645511402954, 19.293095806368047 ], [ 73.200267692189215, 19.293356139173259 ], [ 73.199918565095615, 19.293650380450615 ], [ 73.199601492331993, 19.293975696663011 ], [ 73.199319527479545, 19.294328955011288 ], [ 73.199075386083337, 19.294706753598106 ], [ 73.198871419497479, 19.295105454183421 ], [ 73.198709592234891, 19.295521217216304 ], [ 73.198591463040216, 19.295950038806012 ], [ 73.198518169868251, 19.296387789276448 ], [ 73.198490418913138, 19.296830252933017 ], [ 73.198508477794121, 19.297273168658865 ], [ 73.198572172964404, 19.297712270949877 ], [ 73.198680891368213, 19.298143330993145 ], [ 73.198833586330892, 19.298562197393466 ], [ 73.199028787625849, 19.298964836155477 ], [ 73.199264615621601, 19.299347369536456 ], [ 73.199538799373641, 19.299706113395349 ], [ 73.19984869848679, 19.300037612678313 ], [ 73.200191328538182, 19.300338674698651 ], [ 73.200563389815898, 19.300606399890611 ], [ 73.200961299096974, 19.300838209740473 ], [ 73.201381224158425, 19.301031871625671 ], [ 73.201819120688981, 19.301185520322679 ], [ 73.202270771245836, 19.30129767597597 ], [ 73.20273182588096, 19.301367258355057 ], [ 73.203197844045164, 19.301393597261896 ], [ 73.203664337366249, 19.301376438988459 ], [ 73.204126812888305, 19.301315948761943 ], [ 73.20458081635563, 19.301212709154214 ], [ 73.205021975123586, 19.301067714470609 ], [ 73.205446040282808, 19.30088236117227 ], [ 73.205848927590353, 19.300658434424214 ], [ 73.206226756813336, 19.300398090899012 ], [ 73.206575889105721, 19.300103838001569 ], [ 73.206892962057907, 19.29977850971553 ], [ 73.207174922081407, 19.299425239304046 ], [ 73.207419053816736, 19.299047429128034 ], [ 73.207623006281054, 19.298648717872904 ], [ 73.207784815504141, 19.298232945499624 ], [ 73.207902923434574, 19.29780411625789 ], [ 73.207976192934723, 19.297366360117834 ], [ 73.208003918720166, 19.296923892991952 ] ] ] } },
{ "type": "Feature", "properties": { "station_id": "MUM_RAIL_STN_099", "station_name": "Khadawali", "buffer_m": 500 }, "geometry": { "type": "Polygon", "coordinates": [ [ [ 73.223680183761388, 19.356896080222466 ], [ 73.223662064499422, 19.356453163776234 ], [ 73.223598292628793, 19.356014065741078 ], [ 73.223489482672122, 19.355583014852712 ], [ 73.223336682872741, 19.355164162314807 ], [ 73.223141365086221, 19.354761541822658 ], [ 73.222905410593711, 19.354379030719674 ], [ 73.222631091974122, 19.354020312660758 ], [ 73.222321051209803, 19.353688842141953 ], [ 73.221978274237415, 19.353387811237642 ], [ 73.221606062188783, 19.353120118865686 ], [ 73.22120799959913, 19.352888342875829 ], [ 73.220787919888792, 19.352694715230413 ], [ 73.220349868450569, 19.352541100515658 ], [ 73.219898063698366, 19.352428977990666 ], [ 73.219436856451452, 19.352359427346506 ], [ 73.218970688045587, 19.352333118312394 ], [ 73.218504047573688, 19.352350304208986 ], [ 73.218041428667277, 19.352410819510673 ], [ 73.217587286234718, 19.352514081440315 ], [ 73.217145993571989, 19.35265909558095 ], [ 73.216721800258654, 19.352844465450648 ], [ 73.216318791243978, 19.353068405948139 ], [ 73.215940847516833, 19.353328760540041 ], [ 73.215591608737626, 19.353623022024237 ], [ 73.21527443819194, 19.353948356669626 ], [ 73.214992390403097, 19.354301631500093 ], [ 73.214748181715578, 19.354679444460039 ], [ 73.21454416413242, 19.355078157171388 ], [ 73.214382302658805, 19.355493929966713 ], [ 73.214264156370078, 19.355922758861379 ], [ 73.214190863387032, 19.356360514108996 ], [ 73.214163129903369, 19.356802979968862 ], [ 73.214181223371511, 19.35724589530269 ], [ 73.214244969912883, 19.35768499460977 ], [ 73.214353755978237, 19.358116049105536 ], [ 73.214506534242418, 19.358534907447666 ], [ 73.214701833677395, 19.358937535717814 ], [ 73.214937773707277, 19.359320056273681 ], [ 73.215212082308952, 19.359678785097074 ], [ 73.21552211788503, 19.360010267278312 ], [ 73.215864894698242, 19.360311310294783 ], [ 73.216237111622902, 19.360579014763211 ], [ 73.216635183936361, 19.360810802368945 ], [ 73.217055277844636, 19.361004440703294 ], [ 73.217493347409302, 19.361158064769242 ], [ 73.217945173519865, 19.361270194948329 ], [ 73.218406404536253, 19.36133975125535 ], [ 73.218872598209259, 19.361366063743468 ], [ 73.219339264475011, 19.361348878959291 ], [ 73.219801908710679, 19.361288362385668 ], [ 73.220256075034527, 19.361185096848644 ], [ 73.220697389232484, 19.36104007690378 ], [ 73.221121600897362, 19.36085469925608 ], [ 73.221524624374666, 19.360630749305713 ], [ 73.221902578119739, 19.36037038394932 ], [ 73.222251822087173, 19.360076110802709 ], [ 73.222568992792034, 19.359750764045138 ], [ 73.222851035704863, 19.359397477118218 ], [ 73.223095234668563, 19.359019652542379 ], [ 73.223299238053769, 19.358620929142102 ], [ 73.223461081400956, 19.358205146995591 ], [ 73.223579206331323, 19.357776310446827 ], [ 73.223652475544895, 19.35733854953634 ], [ 73.223680183761388, 19.356896080222466 ] ] ] } },
{ "type": "Feature", "properties": { "station_id": "MUM_RAIL_STN_100", "station_name": "Vasind", "buffer_m": 500 }, "geometry": { "type": "Polygon", "coordinates": [ [ [ 73.272425378245188, 19.406891777975265 ], [ 73.272407132871876, 19.406448857970609 ], [ 73.272343220923304, 19.406009767598515 ], [ 73.272234258271979, 19.405578735519878 ], [ 73.272081294632287, 19.405159912756218 ], [ 73.271885803437968, 19.404757332715057 ], [ 73.271649667640162, 19.40437487234928 ], [ 73.271375161563455, 19.404016214824306 ], [ 73.271064928994932, 19.40368481405244 ], [ 73.270721957717498, 19.403383861435792 ], [ 73.270349550733158, 19.403116255137842 ], [ 73.269951294453136, 19.402884572179172 ], [ 73.269531024161637, 19.402691043626149 ], [ 73.269092787085384, 19.402537533110859 ], [ 73.268640803424461, 19.402425518889292 ], [ 73.268179425719623, 19.402356079610012 ], [ 73.267713096946835, 19.402329883930459 ], [ 73.267246307742099, 19.402347184080465 ], [ 73.266783553168281, 19.40240781343503 ], [ 73.266329289439469, 19.402511188119622 ], [ 73.265887891019204, 19.402656312632427 ], [ 73.265463608505286, 19.402841789429566 ], [ 73.265060527706069, 19.403065832380975 ], [ 73.264682530302096, 19.403326283967441 ], [ 73.264333256471346, 19.403620636053496 ], [ 73.264016069837837, 19.403946054036073 ], [ 73.26373402508095, 19.404299404136882 ], [ 73.26348983851733, 19.404677283575683 ], [ 73.263285861938357, 19.405076053334181 ], [ 73.263124059955857, 19.40549187319537 ], [ 73.263005991073825, 19.405920738720997 ], [ 73.262932792669105, 19.406358519811334 ], [ 73.262905170025959, 19.406801000476101 ], [ 73.262923389530641, 19.407243919433569 ], [ 73.262987276091877, 19.407683011147217 ], [ 73.263096214812762, 19.408114046904593 ], [ 73.263249156898539, 19.408532875542811 ], [ 73.263444629743802, 19.408935463428584 ], [ 73.263680751102513, 19.409317933307566 ], [ 73.263955247205004, 19.409676601648751 ], [ 73.264265474647473, 19.410008014124177 ], [ 73.26460844584399, 19.410308978881954 ], [ 73.264980857795734, 19.410576597292064 ], [ 73.265379123900516, 19.410808291868413 ], [ 73.265799408496591, 19.411001831098208 ], [ 73.26623766380753, 19.411155350939055 ], [ 73.266689668932486, 19.411267372776585 ], [ 73.267151070505847, 19.411336817669536 ], [ 73.267617424634423, 19.411363016744772 ], [ 73.268084239707775, 19.41134571764195 ], [ 73.268547019668929, 19.411285086945831 ], [ 73.269001307328182, 19.411181708582497 ], [ 73.269442727302348, 19.411036578195141 ], [ 73.269867028165351, 19.410851093553383 ], [ 73.270270123403648, 19.410627041088777 ], [ 73.270648130781836, 19.410366578686094 ], [ 73.270997409738655, 19.410072214896488 ], [ 73.271314596453053, 19.409746784772775 ], [ 73.271596636242535, 19.409393422559809 ], [ 73.271840812981409, 19.409015531503321 ], [ 73.272044775255807, 19.408616751068056 ], [ 73.272206559003621, 19.408200921881313 ], [ 73.272324606421634, 19.40777204873973 ], [ 73.272397780957817, 19.407334262035711 ], [ 73.272425378245188, 19.406891777975265 ] ] ] } },
{ "type": "Feature", "properties": { "station_id": "MUM_RAIL_STN_101", "station_name": "Ram Mandir", "buffer_m": 500 }, "geometry": { "type": "Polygon", "coordinates": [ [ [ 72.854929521108929, 19.151752368413455 ], [ 72.854912364078032, 19.151309496467739 ], [ 72.854849612215403, 19.150870355227987 ], [ 72.854741870217921, 19.150439173853115 ], [ 72.854590176043118, 19.150020104810469 ], [ 72.854395990899889, 19.149617183887035 ], [ 72.854161185164273, 19.14923429132552 ], [ 72.853888020356521, 19.148875114459624 ], [ 72.853579127353157, 19.148543112208007 ], [ 72.853237481044516, 19.148241481768796 ], [ 72.85286637168177, 19.147973127835172 ], [ 72.852469373189592, 19.147740634628246 ], [ 72.852050308749668, 19.147546241016258 ], [ 72.851613213986411, 19.147391818959509 ], [ 72.851162298109188, 19.147278855488391 ], [ 72.850701903385016, 19.147208438387796 ], [ 72.850236463331669, 19.14718124572553 ], [ 72.849770460033326, 19.147197539325536 ], [ 72.849308380989427, 19.147257162248565 ], [ 72.848854675911682, 19.147359540304421 ], [ 72.848413713884838, 19.147503687581327 ], [ 72.847989741303167, 19.147688215939098 ], [ 72.847586840987319, 19.147911348374695 ], [ 72.847208892874846, 19.148170936131674 ], [ 72.846859536662365, 19.148464479388899 ], [ 72.846542136759155, 19.148789151329346 ], [ 72.846259749889143, 19.149141825357582 ], [ 72.846015095653442, 19.149519105203954 ], [ 72.845810530336735, 19.149917357625814 ], [ 72.845648024209993, 19.150332747391179 ], [ 72.845529142548102, 19.150761274208072 ], [ 72.84545503054585, 19.151198811244218 ], [ 72.845426402277482, 19.151641144866257 ], [ 72.845443533806957, 19.152084015215955 ], [ 72.845506260515464, 19.152523157232814 ], [ 72.845613978672816, 19.152954341728041 ], [ 72.845765651237599, 19.153373416114377 ], [ 72.8459598178314, 19.153776344399489 ], [ 72.846194608791023, 19.154159246057755 ], [ 72.846467763164071, 19.154518433405894 ], [ 72.846776650474979, 19.154850447122445 ], [ 72.847118296052201, 19.155152089568659 ], [ 72.847489409672662, 19.155420455589944 ], [ 72.847886417248077, 19.155652960500657 ], [ 72.848305495247686, 19.155847364982801 ], [ 72.848742607525978, 19.156001796658337 ], [ 72.849193544200517, 19.156114768127221 ], [ 72.849653962205025, 19.156185191297229 ], [ 72.850119427127112, 19.156212387867299 ], [ 72.850585455926876, 19.156196095863301 ], [ 72.851047560124897, 19.156136472163173 ], [ 72.851501289042787, 19.156034090986964 ], [ 72.851942272679651, 19.155889938366361 ], [ 72.852366263810751, 19.155705402646912 ], [ 72.852769178902577, 19.155482261114564 ], [ 72.853147137449767, 19.155222662875328 ], [ 72.853496499354691, 19.154929108153187 ], [ 72.853813899989319, 19.154604424205736 ], [ 72.854096282601617, 19.154251738089837 ], [ 72.85434092775408, 19.153874446539675 ], [ 72.854545479511103, 19.153476183247665 ], [ 72.85470796812281, 19.153060783863509 ], [ 72.854826828987385, 19.152632249048853 ], [ 72.854900917709301, 19.152194705943291 ], [ 72.854929521108929, 19.151752368413455 ] ] ] } },
{ "type": "Feature", "properties": { "station_id": "MUM_RAIL_STN_102", "station_name": "Vaitarna", "buffer_m": 500 }, "geometry": { "type": "Polygon", "coordinates": [ [ [ 72.855033937430477, 19.519504161865328 ], [ 72.855016847549692, 19.519061302803173 ], [ 72.854954059631126, 19.518622164505391 ], [ 72.854846178727087, 19.518190976101636 ], [ 72.85469424414039, 19.517771890125353 ], [ 72.854499719401971, 19.517368942524417 ], [ 72.854264478163969, 19.516986013795801 ], [ 72.853990786145019, 19.516626791618414 ], [ 72.853681279301796, 19.516294735343941 ], [ 72.853338938437432, 19.515993042687271 ], [ 72.852967060491594, 19.51572461893727 ], [ 72.852569226788745, 19.515492048983994 ], [ 72.852149268550491, 19.515297572431646 ], [ 72.851711230003971, 19.515143062036522 ], [ 72.851259329441447, 19.515030005677446 ], [ 72.850797918605778, 19.514959492032133 ], [ 72.850331440792516, 19.514932200097068 ], [ 72.849864388071708, 19.514948392651824 ], [ 72.849401258040956, 19.515007913730525 ], [ 72.84894651052538, 19.515110190124748 ], [ 72.848504524641385, 19.515254236903377 ], [ 72.848079556636861, 19.51543866689623 ], [ 72.847675698913292, 19.515661704050277 ], [ 72.84729684062431, 19.515921200529746 ], [ 72.84694663022924, 19.516214657395917 ], [ 72.84662844036238, 19.516539248667264 ], [ 72.846345335355934, 19.516891848528761 ], [ 72.846100041729116, 19.517269061428422 ], [ 72.845894921927936, 19.517667254771492 ], [ 72.845731951568354, 19.51808259389772 ], [ 72.84561270040237, 19.51851107900513 ], [ 72.845538317190474, 19.518948583664848 ], [ 72.845509518626784, 19.519390894556434 ], [ 72.845526582423545, 19.519833752040984 ], [ 72.845589344622709, 19.520272891181623 ], [ 72.845697201160391, 19.52070408281633 ], [ 72.845849113670099, 19.521123174287492 ], [ 72.846043619469313, 19.521526129436069 ], [ 72.846278845633762, 19.521909067475026 ], [ 72.846552527024031, 19.522268300367667 ], [ 72.84686202809192, 19.522600368350542 ], [ 72.847204368256229, 19.522902073258788 ], [ 72.847576250604206, 19.52317050933274 ], [ 72.847974093642208, 19.523403091208728 ], [ 72.84839406578989, 19.523597578824361 ], [ 72.8488321222856, 19.523752098998205 ], [ 72.849284044147254, 19.523865163475634 ], [ 72.849745478813517, 19.523935683266949 ], [ 72.850211982073034, 19.523962979139483 ], [ 72.850679060877823, 19.523946788162331 ], [ 72.851142216627977, 19.523887266240763 ], [ 72.851596988509939, 19.523784986615581 ], [ 72.85203899647091, 19.523640934342083 ], [ 72.852463983414637, 19.523456496801586 ], [ 72.852867856211773, 19.523233450337205 ], [ 72.853246725129438, 19.522973943142471 ], [ 72.853596941299841, 19.52268047456791 ], [ 72.853915131866742, 19.522355871044979 ], [ 72.854198232471063, 19.522003258859531 ], [ 72.854443516762714, 19.521626034037155 ], [ 72.854648622654466, 19.521227829630799 ], [ 72.854811575064872, 19.520812480725848 ], [ 72.854930804931726, 19.5203839875001 ], [ 72.855005164313013, 19.519946476694376 ], [ 72.855033937430477, 19.519504161865328 ] ] ] } },
{ "type": "Feature", "properties": { "station_id": "MUM_RAIL_STN_103", "station_name": "Sagar Sangam", "buffer_m": 500 }, "geometry": { "type": "Polygon", "coordinates": [ [ [ 73.029538738100925, 19.010334744225101 ], [ 73.029521090485503, 19.009891840255225 ], [ 73.029457886558561, 19.009452714261776 ], [ 73.029349735366594, 19.009021595254062 ], [ 73.029197678803342, 19.00860263509654 ], [ 73.029003181562913, 19.008199868525818 ], [ 73.028768117022025, 19.007817174297013 ], [ 73.028494749188511, 19.00745823783334 ], [ 73.028185710889531, 19.007126515738474 ], [ 73.027843978410516, 19.006825202513415 ], [ 73.027472842828942, 19.006557199797975 ], [ 73.027075878319096, 19.006325088432948 ], [ 73.026656907733425, 19.006131103611885 ], [ 73.026219965791398, 19.005977113361229 ], [ 73.02576926023049, 19.005864600556148 ], [ 73.025309131293113, 19.00579464864483 ], [ 73.024844009939159, 19.005767931218536 ], [ 73.024378375186217, 19.005784705527802 ], [ 73.023916710987805, 19.00584481000698 ], [ 73.023463463064544, 19.005947665831005 ], [ 73.023022996102995, 19.00609228248921 ], [ 73.022599551734558, 19.006277267322734 ], [ 73.022197207697843, 19.006500838933533 ], [ 73.021819838577969, 19.006760844336103 ], [ 73.02147107850017, 19.007054779686914 ], [ 73.021154286136806, 19.007379814391939 ], [ 73.020872512364434, 19.007732818360573 ], [ 73.020628470882556, 19.008110392143518 ], [ 73.020424512076715, 19.008508899664715 ], [ 73.02026260037789, 19.008924503232404 ], [ 73.020144295336479, 19.009353200492288 ], [ 73.020070736593212, 19.009790862967158 ], [ 73.020042632892398, 19.01023327581213 ], [ 73.020060255243408, 19.01067617840264 ], [ 73.020123434297233, 19.011115305364591 ], [ 73.020231561963229, 19.011546427651414 ], [ 73.020383597251708, 19.011965393272661 ], [ 73.020578076286199, 19.012368167281743 ], [ 73.020813126389569, 19.012750870637689 ], [ 73.021086484108849, 19.013109817566544 ], [ 73.021395517005558, 19.013441551062453 ], [ 73.021737249001859, 19.013742876186281 ], [ 73.022108389038848, 19.014010890840964 ], [ 73.022505362771, 19.014243013726873 ], [ 73.022924346991445, 19.014437009207736 ], [ 73.023361306456778, 19.014591008847439 ], [ 73.023812032756098, 19.014703529410014 ], [ 73.024272184849991, 19.014773487149142 ], [ 73.024737330888726, 19.014800208249611 ], [ 73.025202990906067, 19.0147834353197 ], [ 73.025664679977595, 19.01472332987203 ], [ 73.026117951426855, 19.014620470768893 ], [ 73.026558439663148, 19.014475848646967 ], [ 73.026981902237551, 19.014290856375087 ], [ 73.027384260711784, 19.014067275637139 ], [ 73.027761639945879, 19.013807259769386 ], [ 73.028110405425949, 19.01351331301754 ], [ 73.028427198272027, 19.013188266413735 ], [ 73.028708967588983, 19.012835250505862 ], [ 73.028952999848556, 19.012457665202032 ], [ 73.029156945019622, 19.012059147021041 ], [ 73.029318839195128, 19.011643534064294 ], [ 73.029437123498155, 19.011214829046924 ], [ 73.029510659084877, 19.01077716074424 ], [ 73.029538738100925, 19.010334744225101 ] ] ] } },
{ "type": "Feature", "properties": { "station_id": "MUM_RAIL_STN_104", "station_name": "Targhar", "buffer_m": 500 }, "geometry": { "type": "Polygon", "coordinates": [ [ [ 73.039468536782579, 18.990501130658306 ], [ 73.039450859637881, 18.990058224564947 ], [ 73.039387631610509, 18.989619099409929 ], [ 73.039279461978523, 18.98918798419438 ], [ 73.03912739281283, 18.988769030746141 ], [ 73.038932888928329, 18.988366273737192 ], [ 73.038697823765347, 18.987983591830588 ], [ 73.038424461337229, 18.987624670330941 ], [ 73.038115434418785, 18.987292965697936 ], [ 73.037773719185537, 18.986991672264576 ], [ 73.037402606548682, 18.986723691480258 ], [ 73.037005670461468, 18.986491603974827 ], [ 73.036586733502617, 18.986297644712263 ], [ 73.036149830067828, 18.986143681473148 ], [ 73.035699167523958, 18.98603119687278 ], [ 73.035239085699402, 18.98596127408797 ], [ 73.034774015100666, 18.9859345864297 ], [ 73.034308434256971, 18.985951390862034 ], [ 73.033846826603153, 18.986011525529392 ], [ 73.033393637315683, 18.986114411316102 ], [ 73.032953230517023, 18.986259057423023 ], [ 73.032529847259582, 18.986444070907709 ], [ 73.032127564693923, 18.986667670096171 ], [ 73.031750256813581, 18.986927701737258 ], [ 73.031401557154382, 18.987221661734594 ], [ 73.031084823807063, 18.987546719256652 ], [ 73.030803107080047, 18.98789974399288 ], [ 73.030559120123527, 18.988277336293738 ], [ 73.030355212797943, 18.9886758599046 ], [ 73.030193349038385, 18.989091476978476 ], [ 73.030075087933383, 18.989520185030738 ], [ 73.030001568700257, 18.989957855479982 ], [ 73.029973499702422, 18.990400273404305 ], [ 73.029991151614709, 18.990843178130017 ], [ 73.030054354802886, 18.991282304262295 ], [ 73.030162500943405, 18.991713422762416 ], [ 73.030314548868191, 18.992132381676342 ], [ 73.030509034578557, 18.992535146122037 ], [ 73.030744085332628, 18.992917837150664 ], [ 73.031017437670783, 18.993276769107062 ], [ 73.031326459205985, 18.993608485129673 ], [ 73.031668173969535, 18.993909790447816 ], [ 73.03203929106833, 18.994177783155372 ], [ 73.032436236377634, 18.994409882164302 ], [ 73.032855186964326, 18.994603852068522 ], [ 73.033292107909006, 18.994757824678519 ], [ 73.033742791171932, 18.994870317018876 ], [ 73.034202896128448, 18.994940245615332 ], [ 73.034667991383117, 18.994966936933565 ], [ 73.035133597459222, 18.994950133868866 ], [ 73.035595229952264, 18.994889998224263 ], [ 73.036048442731172, 18.994787109152973 ], [ 73.036488870770768, 18.994642457580369 ], [ 73.036912272202329, 18.994457436658926 ], [ 73.0373145691769, 18.994233828348445 ], [ 73.03769188714719, 18.993973786250621 ], [ 73.038040592189645, 18.993679814863668 ], [ 73.038357326006661, 18.99335474545682 ], [ 73.038639038271739, 18.993001708797351 ], [ 73.038883016006167, 18.992624104993006 ], [ 73.039086909703911, 18.992225570740491 ], [ 73.039248755953565, 18.991809944295724 ], [ 73.039366996339538, 18.991381228503489 ], [ 73.039440492440704, 18.990943552242594 ], [ 73.039468536782579, 18.990501130658306 ] ] ] } },
{ "type": "Feature", "properties": { "station_id": "MUM_RAIL_STN_105", "station_name": "Bamandongri", "buffer_m": 500 }, "geometry": { "type": "Polygon", "coordinates": [ [ [ 73.02878782660602, 18.9746701370516 ], [ 73.02877017531938, 18.974227231926353 ], [ 73.028706977513437, 18.973788105482232 ], [ 73.028598842174972, 18.97335698673302 ], [ 73.028446811044333, 18.972938027540831 ], [ 73.028252348570021, 18.97253526263323 ], [ 73.028017327793478, 18.972152570749561 ], [ 73.02774401230063, 18.971793637290759 ], [ 73.027435034414296, 18.971461918831906 ], [ 73.027093369838056, 18.971160609839306 ], [ 73.02672230899546, 18.970892611912358 ], [ 73.02632542534127, 18.970660505846077 ], [ 73.025906540949606, 18.970466526783255 ], [ 73.025469689710334, 18.970312542695162 ], [ 73.025019078488029, 18.970200036397816 ], [ 73.02455904661727, 18.970130091276907 ], [ 73.024094024123926, 18.970103380858372 ], [ 73.023628489074284, 18.970120162325294 ], [ 73.023166924462501, 18.970180274043045 ], [ 73.02271377505086, 18.970283137116752 ], [ 73.022273404577959, 18.970427760965769 ], [ 73.021850053746562, 18.970612752861747 ], [ 73.02144779939502, 18.970836331338365 ], [ 73.021070515245114, 18.971096343343696 ], [ 73.020721834604032, 18.97139028497029 ], [ 73.020405115379205, 18.971715325563338 ], [ 73.020123407742744, 18.972068334975194 ], [ 73.019879424757036, 18.972445913703808 ], [ 73.019675516243893, 18.972844425625205 ], [ 73.019513646149463, 18.973260033004991 ], [ 73.019395373622842, 18.973688733451919 ], [ 73.019321837990901, 18.974126398457951 ], [ 73.01929374777464, 18.974568813153731 ], [ 73.019311373852787, 18.975011716896859 ], [ 73.019374546839572, 18.975450844302149 ], [ 73.019482658702032, 18.97588196631888 ], [ 73.019634668601967, 18.976300930959372 ], [ 73.019829112906777, 18.976703703286709 ], [ 73.020064119273258, 18.977086404276392 ], [ 73.02033742466925, 18.977445348177529 ], [ 73.020646397159936, 18.977777078013776 ], [ 73.020988061249113, 18.978078398881586 ], [ 73.021359126531934, 18.978346408725201 ], [ 73.021756019383005, 18.978578526291667 ], [ 73.022174917374784, 18.97877251599623 ], [ 73.022611786094771, 18.978926509458674 ], [ 73.023062418006575, 18.979039023502725 ], [ 73.023522472980545, 18.979108974445012 ], [ 73.023987520102992, 18.979135688535855 ], [ 73.024453080361141, 18.979118908451067 ], [ 73.024914669792054, 18.979058795772136 ], [ 73.025367842679714, 18.97895592943091 ], [ 73.025808234383305, 18.978811300133579 ], [ 73.026231603384204, 18.978626300817872 ], [ 73.026633872145837, 18.978402713235248 ], [ 73.027011166392597, 18.978142690787578 ], [ 73.027359852429313, 18.977848737783589 ], [ 73.027676572141218, 18.97752368531533 ], [ 73.02795827533744, 18.977170663986815 ], [ 73.028202249126267, 18.976793073758014 ], [ 73.028406144039295, 18.976394551194872 ], [ 73.028567996653038, 18.975978934440732 ], [ 73.02868624849016, 18.975550226247094 ], [ 73.028759761018847, 18.975112555419695 ], [ 73.02878782660602, 18.9746701370516 ] ] ] } },
{ "type": "Feature", "properties": { "station_id": "MUM_RAIL_STN_106", "station_name": "Kharkopar", "buffer_m": 500 }, "geometry": { "type": "Polygon", "coordinates": [ [ [ 73.018826875773541, 18.959712388678621 ], [ 73.018809248525073, 18.959269484465775 ], [ 73.018746078877655, 18.958830356837524 ], [ 73.018637975546625, 18.958399234819279 ], [ 73.018485979963842, 18.957980270304866 ], [ 73.018291556235354, 18.957577498073316 ], [ 73.01805657702937, 18.957194796934765 ], [ 73.017783305531481, 18.956835852379484 ], [ 73.017474373640951, 18.956504121089608 ], [ 73.017132756618494, 18.956202797655195 ], [ 73.016761744429971, 18.955934783814836 ], [ 73.016364910061839, 18.955702660516913 ], [ 73.015946075113931, 18.955508663070187 ], [ 73.015509273000291, 18.955354659622998 ], [ 73.015058710112811, 18.955242133177759 ], [ 73.01459872532098, 18.955172167314078 ], [ 73.014133748197636, 18.955145435757554 ], [ 73.013668256372497, 18.955162195894665 ], [ 73.013206732423797, 18.95522228629601 ], [ 73.012753620722449, 18.955325128271781 ], [ 73.012313284644137, 18.955469731444296 ], [ 73.011889964560467, 18.955654703284086 ], [ 73.01148773701378, 18.95587826251775 ], [ 73.011110475467689, 18.956138256278493 ], [ 73.010761813011598, 18.956432180834344 ], [ 73.010445107377649, 18.956757205694746 ], [ 73.010163408606829, 18.957110200863422 ], [ 73.009919429675847, 18.957487766975415 ], [ 73.009715520367138, 18.957886268028204 ], [ 73.00955364463411, 18.958301866392063 ], [ 73.009435361679792, 18.958730559762618 ], [ 73.009361810931097, 18.959168219700079 ], [ 73.009333701054175, 18.95961063138402 ], [ 73.009351303116745, 18.960053534201222 ], [ 73.009414447964005, 18.960492662775607 ], [ 73.00952252783371, 18.96092378804542 ], [ 73.00967450219558, 18.961342757991872 ], [ 73.009868907759056, 18.961745537627174 ], [ 73.010103872554041, 18.962128247856683 ], [ 73.010377133948737, 18.962487202840752 ], [ 73.010686060432135, 18.962818945496494 ], [ 73.011027676951315, 18.963120280797053 ], [ 73.011398693559769, 18.963388306547834 ], [ 73.01179553710115, 18.963620441342744 ], [ 73.012214385623139, 18.963814449431183 ], [ 73.012651205190025, 18.963968462255881 ], [ 73.01310178873922, 18.964080996454037 ], [ 73.013561796607178, 18.964150968148111 ], [ 73.014026798334299, 18.964177703388433 ], [ 73.01449231534535, 18.964160944646981 ], [ 73.014953864094196, 18.964100853299492 ], [ 73.015406999256882, 18.96399800807216 ], [ 73.015847356556108, 18.963853399467617 ], [ 73.01627069480476, 18.963668420224064 ], [ 73.016672936762461, 18.963444851899432 ], [ 73.017050208411746, 18.963184847709901 ], [ 73.017398876274967, 18.96289091178819 ], [ 73.017715582412208, 18.962565875061642 ], [ 73.017997276763097, 18.962212867982547 ], [ 73.018241246520816, 18.961835290373571 ], [ 73.018445142255459, 18.961436778679062 ], [ 73.018607000535226, 18.961021170937702 ], [ 73.018725262827843, 18.960592469814223 ], [ 73.018798790500384, 18.960154804046372 ], [ 73.018826875773541, 18.959712388678621 ] ] ] } }
]
}
