{
"type": "FeatureCollection",
"name": "mumbai_station_catchments_1000m",
"crs": { "type": "name", "properties": { "name": "urn:ogc:def:crs:OGC:1.3:CRS84" } },
"features": [
{ "type": "Feature", "properties": { "station_id": "MUM_RAIL_STN_001", "station_name": "Churchgate", "buffer_m": 1000 }, "geometry": { "type": "Polygon", "coordinates": [ [ [ 72.836682688014449, 18.935407130954843 ], [ 72.836648390660073, 18.934521378318752 ], [ 72.836523023476232, 18.933643089790436 ], [ 72.836307795247365, 18.932780723726999 ], [ 72.836004780094584, 18.931942585010049 ], [ 72.83561689744873, 18.931136745071903 ], [ 72.835147883887487, 18.930370964174863 ], [ 72.834602257109509, 18.929652616691691 ], [ 72.833985272394258, 18.928988620106228 ], [ 72.833302871967987, 18.928385368417036 ], [ 72.832561627764292, 18.927848670584769 ], [ 72.831768678131183, 18.927383694614914 ], [ 72.830931659094063, 18.926994917813456 ], [ 72.830058630836348, 18.926686083693596 ], [ 72.829158000105039, 18.926460165947454 ], [ 72.828238439287134, 18.926319339828861 ], [ 72.827308802935221, 18.926264961222039 ], [ 72.826378042543922, 18.926297553597074 ], [ 72.825455120396342, 18.926416802977261 ], [ 72.824548923307987, 18.926621560966506 ], [ 72.823668177096721, 18.92690985580747 ], [ 72.82282136260045, 18.927278911363974 ], [ 72.822016634049234, 18.927725173845236 ], [ 72.821261740576162, 18.928244346014779 ], [ 72.820563951621409, 18.928831428555497 ], [ 72.819929986946391, 18.929480768192906 ], [ 72.819365951931502, 18.930186112114335 ], [ 72.818877278779738, 18.930940668160645 ], [ 72.818468674192516, 18.931737170212031 ], [ 72.818144074021987, 18.932567948139074 ], [ 72.817906605337186, 18.933425001646423 ], [ 72.81775855627059, 18.934300077298804 ], [ 72.817701353936869, 18.935184747988554 ], [ 72.817735550638218, 18.936070494079765 ], [ 72.817860818491198, 18.936948785448312 ], [ 72.818075952528574, 18.93781116362792 ], [ 72.818378882248965, 18.938649323271378 ], [ 72.818766691504621, 18.939455192142191 ], [ 72.819235646538274, 18.940221008866171 ], [ 72.819781231900379, 18.940939397693739 ], [ 72.820398193903102, 18.941603439552242 ], [ 72.821080591193009, 18.942206738703266 ], [ 72.82182185195704, 18.942743484362257 ], [ 72.822614837210779, 18.943208506685746 ], [ 72.823451909559935, 18.943597326586428 ], [ 72.824325006772312, 18.943906198894812 ], [ 72.825225719451097, 18.944132148451203 ], [ 72.82614537206004, 18.94427299877934 ], [ 72.827075106519075, 18.944327393064629 ], [ 72.828005967563399, 18.944294807234474 ], [ 72.828928989041842, 18.944175555014063 ], [ 72.829835280321703, 18.94397078490864 ], [ 72.830716111965359, 18.943682469141159 ], [ 72.831562999851812, 18.943313384651983 ], [ 72.832367786930632, 18.942867086343792 ], [ 72.833122721819564, 18.942347872829838 ], [ 72.833820533486843, 18.94176074501609 ], [ 72.834454501298211, 18.941111357916839 ], [ 72.835018519752765, 18.940405966168697 ], [ 72.835507157283899, 18.93965136376875 ], [ 72.835915708559099, 18.938854818618136 ], [ 72.836240239774938, 18.938024002502576 ], [ 72.836477626512277, 18.937166917184982 ], [ 72.83662558378785, 18.93629181732306 ], [ 72.836682688014449, 18.935407130954843 ] ] ] } },
{ "type": "Feature", "properties": { "station_id": "MUM_RAIL_STN_002", "station_name": "Marine Lines", "buffer_m": 1000 }, "geometry": { "type": "Polygon", "coordinates": [ [ [ 72.833305754012599, 18.945899378720299 ], [ 72.833271478507342, 18.945013627950484 ], [ 72.833146127457098, 18.944135339038343 ], [ 72.832930909491893, 18.943272970344822 ], [ 72.832627898634996, 18.9424348267769 ], [ 72.832240014276792, 18.941628979813554 ], [ 72.831770993012327, 18.940863189784618 ], [ 72.831225352615135, 18.940144831150565 ], [ 72.830608348496497, 18.939480821502325 ], [ 72.829925923069879, 18.938877554963899 ], [ 72.829184648509909, 18.938340840638535 ], [ 72.828391663457012, 18.937875846690098 ], [ 72.827554604277523, 18.937487050597259 ], [ 72.826681531541155, 18.937178196058529 ], [ 72.82578085242271, 18.936952256962233 ], [ 72.824861239774549, 18.936811408767394 ], [ 72.823931548647593, 18.936757007570492 ], [ 72.823000731063061, 18.93678957705886 ], [ 72.822077749853946, 18.936908803475983 ], [ 72.821171492403536, 18.937113538646795 ], [ 72.820290685110024, 18.937401811033649 ], [ 72.819443809398663, 18.937770844716681 ], [ 72.81863902008817, 18.93821708611587 ], [ 72.81788406689607, 18.938736238198036 ], [ 72.817186219837055, 18.939323301839789 ], [ 72.816552199231722, 18.939972623949039 ], [ 72.815988110998831, 18.940677951882321 ], [ 72.815499387853862, 18.941432493634938 ], [ 72.815090736979855, 18.942228983225192 ], [ 72.814766094675051, 18.943059750644164 ], [ 72.814528588414788, 18.943916795698104 ], [ 72.81438050669405, 18.944791865033615 ], [ 72.814323276942815, 18.945676531604196 ], [ 72.814357451728199, 18.946562275813914 ], [ 72.814482703378786, 18.947440567556985 ], [ 72.814697827084402, 18.948302948363668 ], [ 72.815000752444107, 18.949141112861486 ], [ 72.815388563353139, 18.949946988767142 ], [ 72.815857526039053, 18.950712814638564 ], [ 72.816403124979445, 18.951431214637857 ], [ 72.817020106356253, 18.952095269584476 ], [ 72.817702528629908, 18.9526985836136 ], [ 72.81844381974696, 18.953235345796966 ], [ 72.819236840430719, 18.953700386131533 ], [ 72.820073952945549, 18.954089225356043 ], [ 72.820947094672121, 18.954398118114458 ], [ 72.821847855784398, 18.954624089049705 ], [ 72.822767560278976, 18.954764961479178 ], [ 72.823697349575383, 18.954819378375113 ], [ 72.82462826787976, 18.954786815446838 ], [ 72.825551348488546, 18.954667586198784 ], [ 72.82645770019856, 18.954462838914807 ], [ 72.827338592989264, 18.95417454559805 ], [ 72.828185542149811, 18.953805482972715 ], [ 72.828990390038854, 18.95335920573104 ], [ 72.829745384687712, 18.952840012283623 ], [ 72.830443254488586, 18.952252903343499 ], [ 72.831077278246894, 18.951603533743548 ], [ 72.831641349922677, 18.950898157952267 ], [ 72.832130037436784, 18.950143569813523 ], [ 72.832538634975435, 18.949347037091592 ], [ 72.832863208290021, 18.948516231452942 ], [ 72.833100632556494, 18.947659154560057 ], [ 72.833248622430787, 18.946784060989906 ], [ 72.833305754012599, 18.945899378720299 ] ] ] } },
{ "type": "Feature", "properties": { "station_id": "MUM_RAIL_STN_003", "station_name": "Charni Road", "buffer_m": 1000 }, "geometry": { "type": "Polygon", "coordinates": [ [ [ 72.828062257426609, 18.951828069633443 ], [ 72.828028011966424, 18.950942321060577 ], [ 72.827902687761451, 18.950064031418044 ], [ 72.827687493183859, 18.949201659074127 ], [ 72.827384502032331, 18.948363508971227 ], [ 72.82699663350823, 18.947557652651398 ], [ 72.826527624054719, 18.946791850534673 ], [ 72.825981991332327, 18.946073477197952 ], [ 72.825364990678963, 18.945409450373649 ], [ 72.824682564475296, 18.944806164351021 ], [ 72.823941284903839, 18.9442694284207 ], [ 72.823148290653563, 18.943804410954296 ], [ 72.822311218179593, 18.943415589656617 ], [ 72.821438128179679, 18.943106708468491 ], [ 72.820537427994793, 18.942880741534442 ], [ 72.819617790679956, 18.942739864581146 ], [ 72.818688071523269, 18.942685433981605 ], [ 72.817757222815473, 18.942717973705896 ], [ 72.8168342076887, 18.942837170283799 ], [ 72.815927913852221, 18.943041875827276 ], [ 72.815047068054028, 18.943330119083782 ], [ 72.814200152089455, 18.943699124413811 ], [ 72.813395321164222, 18.944145338510339 ], [ 72.812640325395947, 18.944664464603093 ], [ 72.811942435208735, 18.945251503819087 ], [ 72.811308371338029, 18.945900803301626 ], [ 72.810744240118822, 18.946606110625414 ], [ 72.810255474680304, 18.947360633984541 ], [ 72.809846782612624, 18.94815710757484 ], [ 72.809522100610678, 18.948987861541863 ], [ 72.809284556532248, 18.949844895821883 ], [ 72.809136439236738, 18.950719957165674 ], [ 72.809079176497079, 18.951604618604165 ], [ 72.809113321198566, 18.952490360591256 ], [ 72.809238545960056, 18.953368653042912 ], [ 72.809453646230963, 18.954231037482909 ], [ 72.809756551836742, 18.955069208504021 ], [ 72.81014434686351, 18.955875093760284 ], [ 72.810613297692527, 18.956640931719679 ], [ 72.811158888916225, 18.957359346427875 ], [ 72.81177586679145, 18.958023418562593 ], [ 72.812458289812866, 18.958626752093309 ], [ 72.813199585920273, 18.959163535903684 ], [ 72.813992615789218, 18.9596285997821 ], [ 72.814829741595787, 18.960017464240181 ], [ 72.815702900592655, 18.960326383678453 ], [ 72.816603682787388, 18.960552382482462 ], [ 72.81752341197334, 18.960693283700778 ], [ 72.818453229331851, 18.960747730027929 ], [ 72.81938417879833, 18.960715196889424 ], [ 72.820307293368586, 18.960595997502391 ], [ 72.821213681511765, 18.960391279862819 ], [ 72.822094612855707, 18.960103015688116 ], [ 72.822941602317627, 18.959733981421639 ], [ 72.82374649186734, 18.959287731482451 ], [ 72.824501529134295, 18.958768564018214 ], [ 72.82519944209966, 18.95818147949181 ], [ 72.825833509152602, 18.957532132501175 ], [ 72.826397623835859, 18.956826777297341 ], [ 72.826886353655709, 18.956072207526191 ], [ 72.827294992390804, 18.955275690775498 ], [ 72.827619605395753, 18.954444898558336 ], [ 72.827857067464379, 18.95358783240836 ], [ 72.828005092888773, 18.952712746799541 ], [ 72.828062257426609, 18.951828069633443 ] ] ] } },
{ "type": "Feature", "properties": { "station_id": "MUM_RAIL_STN_004", "station_name": "Grant Road", "buffer_m": 1000 }, "geometry": { "type": "Polygon", "coordinates": [ [ [ 72.825670619987903, 18.963816233706709 ], [ 72.825636391757243, 18.962930486770659 ], [ 72.825511078230946, 18.962052196918052 ], [ 72.82529588767936, 18.961189822519266 ], [ 72.824992893863495, 18.960351668536397 ], [ 72.824605016011361, 18.959545806548785 ], [ 72.824135990656828, 18.958779997030774 ], [ 72.823590335614313, 18.958061614630246 ], [ 72.822973306437206, 18.957397577166514 ], [ 72.822290845781225, 18.956794279030888 ], [ 72.821549526160865, 18.956257529630175 ], [ 72.820756486650694, 18.955792497465236 ], [ 72.819919364141441, 18.955403660381918 ], [ 72.819046219812222, 18.955094762472637 ], [ 72.818145461526584, 18.954868778042503 ], [ 72.817225762898232, 18.954727882986315 ], [ 72.816295979804849, 18.954673433851102 ], [ 72.815365065151838, 18.954705954785229 ], [ 72.814441982705304, 18.954825132499273 ], [ 72.813535620821796, 18.95502981928685 ], [ 72.812654706903558, 18.955318044076058 ], [ 72.811807723400946, 18.955687031405407 ], [ 72.811002826169229, 18.956133228141439 ], [ 72.810247765963894, 18.956652337681394 ], [ 72.809549813829037, 18.957239361312087 ], [ 72.808915691096303, 18.957888646327337 ], [ 72.808351504667471, 18.958593940441641 ], [ 72.807862688203457, 18.959348451976798 ], [ 72.80745394978608, 18.960144915242982 ], [ 72.807129226557166, 18.960975660485662 ], [ 72.806891646772115, 18.961832687725554 ], [ 72.806743499635104, 18.962707743781618 ], [ 72.806686213207357, 18.963592401736008 ], [ 72.806720340603363, 18.964478142076398 ], [ 72.806845554609751, 18.96535643473478 ], [ 72.807060650780571, 18.966218821232975 ], [ 72.807363558981848, 18.967056996143889 ], [ 72.807751363275713, 18.967862887083943 ], [ 72.808220329955063, 18.968628732466161 ], [ 72.808765943460372, 18.969347156264426 ], [ 72.809382949834472, 18.970011239068516 ], [ 72.810065407297955, 18.970614584744748 ], [ 72.81080674345904, 18.971151382059329 ], [ 72.811599818607476, 18.971616460670102 ], [ 72.812436994482994, 18.972005340946335 ], [ 72.813310207855622, 18.972314277135734 ], [ 72.814211048208549, 18.972540293462099 ], [ 72.815130838774223, 18.972681212804886 ], [ 72.816060720141905, 18.972735677683733 ], [ 72.816991735629557, 18.972703163345269 ], [ 72.817914917596028, 18.972583982825434 ], [ 72.818821373860288, 18.972379283938466 ], [ 72.819702373393113, 18.972091038221201 ], [ 72.820549430454008, 18.971722021939406 ], [ 72.821354386360895, 18.97127578933917 ], [ 72.82210948810345, 18.970756638401472 ], [ 72.822807463041315, 18.970169569430414 ], [ 72.823441588966517, 18.969520236874573 ], [ 72.824005758854625, 18.968814894846396 ], [ 72.824494539680401, 18.96806033686541 ], [ 72.824903224731486, 18.96726383040631 ], [ 72.825227878916991, 18.966433046883513 ], [ 72.825465376634767, 18.965575987747396 ], [ 72.825613431834455, 18.964700907404733 ], [ 72.825670619987903, 18.963816233706709 ] ] ] } },
{ "type": "Feature", "properties": { "station_id": "MUM_RAIL_STN_005", "station_name": "Mumbai Central", "buffer_m": 1000 }, "geometry": { "type": "Polygon", "coordinates": [ [ [ 72.828291407177545, 18.970004845308619 ], [ 72.828257167377856, 18.969119097896307 ], [ 72.828131838862319, 18.968240808528485 ], [ 72.82791663004619, 18.967378435570605 ], [ 72.827613614866763, 18.966540283970613 ], [ 72.827225712758079, 18.965734425284587 ], [ 72.82675666048786, 18.964968619954771 ], [ 72.826210976129786, 18.964250242588431 ], [ 72.82559391551959, 18.963586210956091 ], [ 72.824911421615525, 18.96298291939263 ], [ 72.824170067252055, 18.962446177241354 ], [ 72.823376991837947, 18.961981152933131 ], [ 72.822539832609309, 18.961592324238023 ], [ 72.821666651098354, 18.961283435167562 ], [ 72.820765855526133, 18.961057459941767 ], [ 72.819846119864835, 18.96091657436682 ], [ 72.818916300348207, 18.960862134898562 ], [ 72.817985350231822, 18.960894665592413 ], [ 72.817062233622792, 18.961013853065186 ], [ 72.816155839206203, 18.961218549516733 ], [ 72.815274894697126, 18.961506783782397 ], [ 72.814427882840278, 18.961875780309715 ], [ 72.813622959763777, 18.962321985876933 ], [ 72.812867876471898, 18.962841103796592 ], [ 72.812169904231112, 18.963428135275038 ], [ 72.811535764566855, 18.96407742753081 ], [ 72.81097156454419, 18.964782728208888 ], [ 72.810482737955311, 18.965537245568033 ], [ 72.810073992980023, 18.966333713862472 ], [ 72.809749266823786, 18.967164463289297 ], [ 72.809511687770765, 18.968021493828946 ], [ 72.809363545018684, 18.968896552268557 ], [ 72.809306266587157, 18.9697812116672 ], [ 72.809340405514263, 18.970666952498501 ], [ 72.809465634476069, 18.971545244689512 ], [ 72.809680748883139, 18.972407629766284 ], [ 72.809983678426235, 18.973245802315137 ], [ 72.810371506962326, 18.97405168997496 ], [ 72.810840500551009, 18.974817531190038 ], [ 72.811386143373696, 18.975535949974084 ], [ 72.812003181190846, 18.976200026964896 ], [ 72.812685671920136, 18.976803366084496 ], [ 72.813427042849128, 18.977340156162025 ], [ 72.814220153932368, 18.97780522692484 ], [ 72.81505736656311, 18.978194098817649 ], [ 72.815930617156866, 18.978503026168852 ], [ 72.816831494837785, 18.97872903328734 ], [ 72.817751322478287, 18.978869943141287 ], [ 72.818681240309914, 18.978924398341853 ], [ 72.81961229129891, 18.97889187422901 ], [ 72.820535507461656, 18.978772683933059 ], [ 72.821441996287334, 18.978567975362623 ], [ 72.822323026432713, 18.978279720148091 ], [ 72.823170111862154, 18.977910694646987 ], [ 72.823975093620192, 18.977464453194482 ], [ 72.824730218447456, 18.976945293857131 ], [ 72.825428213481274, 18.976358217020213 ], [ 72.826062356320307, 18.975708877208294 ], [ 72.826626539777465, 18.975003528603963 ], [ 72.827115330697168, 18.974248964790231 ], [ 72.827524022270381, 18.973452453298098 ], [ 72.827848679343816, 18.972621665590523 ], [ 72.828086176288153, 18.971764603158189 ], [ 72.828234227061017, 18.970889520439563 ], [ 72.828291407177545, 18.970004845308619 ] ] ] } },
{ "type": "Feature", "properties": { "station_id": "MUM_RAIL_STN_006", "station_name": "Mahalaxmi", "buffer_m": 1000 }, "geometry": { "type": "Polygon", "coordinates": [ [ [ 72.833647049684913, 18.982385167277137 ], [ 72.833612786112212, 18.981499418880976 ], [ 72.833487426977484, 18.980621130510325 ], [ 72.833272180991813, 18.979758760520514 ], [ 72.832969122451289, 18.978920613830343 ], [ 72.832581171208133, 18.978114761948003 ], [ 72.83211206450369, 18.977348965249586 ], [ 72.831566320936034, 18.976630598258605 ], [ 72.83094919691105, 18.975966578645117 ], [ 72.830266635997447, 18.975363300627716 ], [ 72.829525211674451, 18.974826573418813 ], [ 72.828732064023924, 18.974361565304999 ], [ 72.827894830976689, 18.973972753900146 ], [ 72.827021574774861, 18.973663883049142 ], [ 72.826120704357635, 18.973437926796507 ], [ 72.825200894416867, 18.973297060765823 ], [ 72.824271001900357, 18.973242641224939 ], [ 72.823339980765624, 18.973275192037701 ], [ 72.822416795802582, 18.97339439962758 ], [ 72.821510336353612, 18.973599116001221 ], [ 72.820629330759303, 18.973887369802657 ], [ 72.819782262352049, 18.974256385291888 ], [ 72.818977287804159, 18.974702609065208 ], [ 72.818222158615427, 18.97522174426037 ], [ 72.817524146494378, 18.975808791917974 ], [ 72.816889973350854, 18.976458099101254 ], [ 72.816325746572829, 18.977163413311864 ], [ 72.815836900210897, 18.977917942678612 ], [ 72.815428142636193, 18.97871442134031 ], [ 72.815103411176551, 18.979545179394378 ], [ 72.814865834168373, 18.980402216738149 ], [ 72.814717700790865, 18.981277280093135 ], [ 72.81466043897457, 18.982161942470857 ], [ 72.814694601598717, 18.983047684315888 ], [ 72.814819861112284, 18.983925975545105 ], [ 72.815035012632521, 18.984788357693297 ], [ 72.815337985493684, 18.985626525374439 ], [ 72.815725863136052, 18.986432406273678 ], [ 72.816194911146795, 18.987198238899797 ], [ 72.816740613183384, 18.987916647348616 ], [ 72.817357714435943, 18.988580712356871 ], [ 72.818040272210894, 18.989184037961472 ], [ 72.818781713149633, 18.989720813121266 ], [ 72.819574896531776, 18.990185867706927 ], [ 72.820412183053335, 18.990574722318705 ], [ 72.821285508417219, 18.990883631451293 ], [ 72.822186461026348, 18.991109619589025 ], [ 72.823106363030334, 18.991250509882981 ], [ 72.824036353943356, 18.991304945132917 ], [ 72.824967476026671, 18.991272400871278 ], [ 72.825890760610875, 18.991153190422835 ], [ 72.82679731452528, 18.990948461890817 ], [ 72.827678405798963, 18.990660187098396 ], [ 72.828525547806976, 18.990291142592262 ], [ 72.829330581048566, 18.989844882891255 ], [ 72.83008575176838, 18.989325706238255 ], [ 72.83078378666184, 18.98873861318588 ], [ 72.831417962944016, 18.988089258415396 ], [ 72.831982173106283, 18.987383896253895 ], [ 72.832470983736599, 18.986629320415304 ], [ 72.832879687836979, 18.985832798546671 ], [ 72.833204350134579, 18.985002002211026 ], [ 72.833441844950841, 18.984144932982172 ], [ 72.833589886265159, 18.9832698453639 ], [ 72.833647049684913, 18.982385167277137 ] ] ] } },
{ "type": "Feature", "properties": { "station_id": "MUM_RAIL_STN_007", "station_name": "Lower Parel", "buffer_m": 1000 }, "geometry": { "type": "Polygon", "coordinates": [ [ [ 72.839666587647272, 18.995429842034785 ], [ 72.839632296979843, 18.994544092485338 ], [ 72.839506903528985, 18.993665805239502 ], [ 72.839291616337263, 18.992803438641207 ], [ 72.838988510098446, 18.99196529757598 ], [ 72.838600505124774, 18.991159453497165 ], [ 72.838131339175419, 18.990393666705042 ], [ 72.837585531419194, 18.98967531162706 ], [ 72.836968338880027, 18.989011305817925 ], [ 72.836285705786153, 18.988408043362735 ], [ 72.835544206311326, 18.987871333323564 ], [ 72.83475098126037, 18.987406343821277 ], [ 72.833913669308529, 18.987017552290251 ], [ 72.833040333456722, 18.986708702383869 ], [ 72.832139383409981, 18.986482767944942 ], [ 72.831219494625728, 18.986341924387123 ], [ 72.830289524809842, 18.986287527762087 ], [ 72.829358428662971, 18.986320101713371 ], [ 72.828435171696313, 18.986439332442103 ], [ 72.827528643944689, 18.986644071732638 ], [ 72.826647574405627, 18.986932348008938 ], [ 72.825800447026694, 18.987301385315224 ], [ 72.824995419047724, 18.987747630038331 ], [ 72.824240242482944, 18.988266785114927 ], [ 72.823542189497246, 18.988853851394769 ], [ 72.822907982394298, 18.989503175762284 ], [ 72.822343728889791, 18.990208505554115 ], [ 72.821854863292444, 18.990963048749375 ], [ 72.82144609415964, 18.991759539353971 ], [ 72.821121358931634, 18.99259030735039 ], [ 72.820883785982346, 18.993447352540233 ], [ 72.820735664453153, 18.994322421569311 ], [ 72.820678422161819, 18.99520708739422 ], [ 72.820712611800772, 18.996092830425965 ], [ 72.820837905559941, 18.996971120569512 ], [ 72.821053098227836, 18.997833499369548 ], [ 72.821356118743196, 18.998671661471658 ], [ 72.821744050088114, 18.999477534614069 ], [ 72.822213157332897, 19.000243357379574 ], [ 72.82275892356472, 19.000961753958315 ], [ 72.823376093355421, 19.001625805200725 ], [ 72.824058723350987, 19.002229115275725 ], [ 72.82480023949671, 19.002765873291256 ], [ 72.825593500347125, 19.003230909282728 ], [ 72.826430865851222, 19.003619744029223 ], [ 72.827304270950123, 19.003928632216613 ], [ 72.828205303277642, 19.004154598530956 ], [ 72.829125284214385, 19.004295466333655 ], [ 72.830055352513057, 19.004349878641317 ], [ 72.830986549688419, 19.004317311207732 ], [ 72.83190990634678, 19.004198077581293 ], [ 72.832816528622232, 19.003993326089009 ], [ 72.833697683884736, 19.003705028775823 ], [ 72.834544884892438, 19.003335962405952 ], [ 72.83534997157598, 19.002889681709458 ], [ 72.836105189665162, 19.002370485132094 ], [ 72.836803265399325, 19.001783373418984 ], [ 72.837437475600566, 19.001134001431648 ], [ 72.838001712434178, 19.00042862366346 ], [ 72.838490542232066, 18.999674033979016 ], [ 72.838899257812599, 18.998877500158958 ], [ 72.839223923793526, 18.998046693881538 ], [ 72.839461414462036, 18.997189616816275 ], [ 72.839609443838739, 18.996314523542317 ], [ 72.839666587647272, 18.995429842034785 ] ] ] } },
{ "type": "Feature", "properties": { "station_id": "MUM_RAIL_STN_008", "station_name": "Prabhadevi", "buffer_m": 1000 }, "geometry": { "type": "Polygon", "coordinates": [ [ [ 72.845608052423586, 19.007674036564069 ], [ 72.845573734730252, 19.00678828584531 ], [ 72.845448307468615, 19.005909999716959 ], [ 72.845232980007822, 19.00504763651162 ], [ 72.844929827430235, 19.004209501081551 ], [ 72.844541770494942, 19.003403664825179 ], [ 72.844072547461892, 19.002637887966817 ], [ 72.84352667804977, 19.001919544837598 ], [ 72.842909419876165, 19.001255552876589 ], [ 72.842226717801069, 19.00065230603499 ], [ 72.841485146661952, 19.000115613224065 ], [ 72.840691847953096, 18.999650642398429 ], [ 72.839854461058152, 18.999261870812369 ], [ 72.838981049698674, 18.998953041927074 ], [ 72.838080024305754, 18.998727129382946 ], [ 72.837160061061198, 18.998586308382926 ], [ 72.836230018386757, 18.998531934761719 ], [ 72.835298851683589, 18.998564531941682 ], [ 72.834375527141319, 18.998683785900731 ], [ 72.833468935444586, 18.998888548200039 ], [ 72.832587806206007, 18.999176847042605 ], [ 72.831740623947468, 18.999545906255932 ], [ 72.830935546436976, 18.99999217201654 ], [ 72.830180326165646, 19.000511347059135 ], [ 72.829482235719396, 19.001098432041758 ], [ 72.828847997763035, 19.001747773669241 ], [ 72.828283720309926, 19.002453119112463 ], [ 72.827794837900228, 19.00320767620012 ], [ 72.827386059254138, 19.004004178804564 ], [ 72.827061321904623, 19.00483495679282 ], [ 72.826823754247201, 19.005692009870248 ], [ 72.826675645373527, 19.006567084606527 ], [ 72.826618422980673, 19.00745175390303 ], [ 72.826652639570568, 19.008337498136964 ], [ 72.826777967074719, 19.009215787201221 ], [ 72.826993199957585, 19.010078162650352 ], [ 72.827296266771427, 19.010916319161591 ], [ 72.827684250052954, 19.011722184526374 ], [ 72.828153414372721, 19.012487997401767 ], [ 72.828699242268385, 19.013206382072518 ], [ 72.82931647771774, 19.013870419503142 ], [ 72.829999176734148, 19.014473713995073 ], [ 72.830740764597607, 19.015010454805878 ], [ 72.831534099171222, 19.01547547213632 ], [ 72.832371539693, 19.015864286944961 ], [ 72.833245020380573, 19.016173154109595 ], [ 72.834146128138642, 19.016399098518768 ], [ 72.835066183620086, 19.016539943744974 ], [ 72.83599632485857, 19.016594333022528 ], [ 72.836927592665177, 19.016561742327383 ], [ 72.837851016964919, 19.016442485432439 ], [ 72.83875770323958, 19.016237710889332 ], [ 72.839638918241931, 19.015949390965599 ], [ 72.840486174154222, 19.015580302643858 ], [ 72.841291310377997, 19.015134000866215 ], [ 72.842046572165799, 19.014614784282088 ], [ 72.842744685336285, 19.014027653829853 ], [ 72.843378926351335, 19.013378264552031 ], [ 72.843943187080072, 19.01267287110894 ], [ 72.844432033625026, 19.011918267516471 ], [ 72.844840758644267, 19.011121721689452 ], [ 72.845165426665673, 19.010290905421851 ], [ 72.845402911957976, 19.009433820479387 ], [ 72.845550928594761, 19.00855872151692 ], [ 72.845608052423586, 19.007674036564069 ] ] ] } },
{ "type": "Feature", "properties": { "station_id": "MUM_RAIL_STN_009", "station_name": "Dadar", "buffer_m": 1000 }, "geometry": { "type": "Polygon", "coordinates": [ [ [ 72.852633061766966, 19.019671480549878 ], [ 72.852598711142832, 19.01878572829369 ], [ 72.852473244288248, 19.017907443471174 ], [ 72.852257870954546, 19.017045084401744 ], [ 72.851954666666586, 19.016206955897154 ], [ 72.851566552681973, 19.015401129288428 ], [ 72.851097267810346, 19.014635364706283 ], [ 72.850551332365953, 19.013917036362972 ], [ 72.849934004602119, 19.013253061554547 ], [ 72.849251230048537, 19.012649834066508 ], [ 72.848509584240105, 19.012113162623294 ], [ 72.847716209389276, 19.011648214973444 ], [ 72.846878745611988, 19.011259468147859 ], [ 72.846005257369114, 19.010950665369226 ], [ 72.845104155830924, 19.010724780026621 ], [ 72.84418411791134, 19.010583987061235 ], [ 72.843254002750029, 19.010529642038126 ], [ 72.842322766445079, 19.010562268104724 ], [ 72.84139937585536, 19.010681550961277 ], [ 72.840492722300695, 19.010886341891286 ], [ 72.839611535988681, 19.011174668822694 ], [ 72.838764301990366, 19.011543755313205 ], [ 72.837959178571779, 19.011990047277319 ], [ 72.837203918666077, 19.012509247198054 ], [ 72.836505795241138, 19.013096355494465 ], [ 72.835871531279793, 19.013745718647382 ], [ 72.835307235046514, 19.014451083620813 ], [ 72.834818341263173, 19.01520565805567 ], [ 72.834409558760512, 19.01600217565743 ], [ 72.834084825109784, 19.01683296614873 ], [ 72.833847268672116, 19.017690029114416 ], [ 72.833699178432312, 19.018565111028732 ], [ 72.833641981909224, 19.01944978472357 ], [ 72.833676231356833, 19.02033553053332 ], [ 72.833801598391233, 19.021213818335131 ], [ 72.834016877097113, 19.022076189695102 ], [ 72.834319995586114, 19.02291433932918 ], [ 72.834708035897833, 19.023720195094324 ], [ 72.835177262053847, 19.024485995739369 ], [ 72.83572315599632, 19.025204365666163 ], [ 72.836340461066797, 19.025868385980647 ], [ 72.837023232607692, 19.026471661148545 ], [ 72.837764895199896, 19.027008380613086 ], [ 72.838558305985956, 19.027473374780335 ], [ 72.839395823468948, 19.027862164831724 ], [ 72.840269381124145, 19.028171005883426 ], [ 72.841170565113771, 19.028396923075569 ], [ 72.842090695355381, 19.028537740242982 ], [ 72.843020909161396, 19.028592100890542 ], [ 72.843952246642871, 19.028559481270396 ], [ 72.844875737052774, 19.028440195434545 ], [ 72.845782485235262, 19.028235392213979 ], [ 72.846663757346235, 19.027947044153088 ], [ 72.847511065017443, 19.027577928506158 ], [ 72.848316247151629, 19.027131600479141 ], [ 72.849071548559266, 19.026612358974919 ], [ 72.849769694677548, 19.026025205172452 ], [ 72.850403961651566, 19.025375794339677 ], [ 72.850968241101071, 19.024670381344919 ], [ 72.851457098949197, 19.023915760392661 ], [ 72.851865827746124, 19.023119199565109 ], [ 72.852190491984544, 19.022288370800737 ], [ 72.852427965970776, 19.02143127598552 ], [ 72.852575963888555, 19.020556169869177 ], [ 72.852633061766966, 19.019671480549878 ] ] ] } },
{ "type": "Feature", "properties": { "station_id": "MUM_RAIL_STN_010", "station_name": "Matunga Road", "buffer_m": 1000 }, "geometry": { "type": "Polygon", "coordinates": [ [ [ 72.856425047269923, 19.028479056541013 ], [ 72.85639067970979, 19.027593303622112 ], [ 72.856265191037934, 19.026715019546799 ], [ 72.856049791216506, 19.025852662626964 ], [ 72.855746556026034, 19.02501453765322 ], [ 72.855358407022152, 19.024208715922178 ], [ 72.854889083352063, 19.023442957517126 ], [ 72.854343105703776, 19.022724636590411 ], [ 72.853725732737061, 19.02206067036623 ], [ 72.853042910416676, 19.021457452547054 ], [ 72.85230121473721, 19.020920791763874 ], [ 72.851507788390848, 19.02045585566233 ], [ 72.850670271988861, 19.020067121161919 ], [ 72.84979673049817, 19.019758331366539 ], [ 72.84889557560102, 19.019532459540212 ], [ 72.847975484724373, 19.019391680494053 ], [ 72.847045317517043, 19.019337349659214 ], [ 72.84611403057751, 19.019369990046723 ], [ 72.845190591251509, 19.019489287219223 ], [ 72.844283891327521, 19.019694092322705 ], [ 72.843402661459137, 19.019982433149018 ], [ 72.842555387136414, 19.020351533122479 ], [ 72.841750227013463, 19.020797838028169 ], [ 72.840994934376781, 19.021317050224923 ], [ 72.840296782509512, 19.021904170013961 ], [ 72.839662494668602, 19.022553543765838 ], [ 72.839098179348881, 19.023258918342766 ], [ 72.838609271456519, 19.024013501293464 ], [ 72.838200479958829, 19.024810026241539 ], [ 72.83787574251437, 19.025640822838991 ], [ 72.837638187521662, 19.026497890611878 ], [ 72.837490103952405, 19.027372975988051 ], [ 72.837432919262113, 19.028257651765923 ], [ 72.837467185591635, 19.02914339825956 ], [ 72.837592574395245, 19.030021685339257 ], [ 72.837807879548677, 19.030884054577683 ], [ 72.838111028909452, 19.031722200710799 ], [ 72.838499104220318, 19.032528051628876 ], [ 72.838968369166054, 19.033293846126977 ], [ 72.83951430531539, 19.034012208665725 ], [ 72.840131655603372, 19.034676220421773 ], [ 72.840814474936693, 19.035279485942926 ], [ 72.841556187435657, 19.035816194764994 ], [ 72.842349649761616, 19.036281177396251 ], [ 72.843187219920708, 19.036669955129081 ], [ 72.84406083088011, 19.036978783198201 ], [ 72.844962068287941, 19.03720468686873 ], [ 72.845882251546399, 19.03734549010581 ], [ 72.846812517456485, 19.037399836548648 ], [ 72.847743905626643, 19.037367202586395 ], [ 72.84866744482089, 19.037247902409511 ], [ 72.849574239412874, 19.037043084987445 ], [ 72.850455555110969, 19.036754723001749 ], [ 72.851302903126694, 19.036385593841267 ], [ 72.852108121973998, 19.035939252842518 ], [ 72.852863456109617, 19.035419999033742 ], [ 72.853561630655648, 19.034832833712812 ], [ 72.85419592148358, 19.034183412258979 ], [ 72.854760219983845, 19.033477989643149 ], [ 72.855249091896567, 19.032723360162741 ], [ 72.855657829637167, 19.031926791982247 ], [ 72.855982497612914, 19.031095957111063 ], [ 72.856219970094955, 19.030238857493973 ], [ 72.856367961282388, 19.029363747926876 ], [ 72.856425047269923, 19.028479056541013 ] ] ] } },
{ "type": "Feature", "properties": { "station_id": "MUM_RAIL_STN_011", "station_name": "Mahim Junction", "buffer_m": 1000 }, "geometry": { "type": "Polygon", "coordinates": [ [ [ 72.856415186891169, 19.040827045465971 ], [ 72.856380823941834, 19.039941293400513 ], [ 72.856255333078479, 19.039063009503622 ], [ 72.85603992428544, 19.03820065208534 ], [ 72.855736673430656, 19.037362525940857 ], [ 72.855348502221517, 19.036556702377791 ], [ 72.854879150019812, 19.035790941496696 ], [ 72.854333137788913, 19.035072617473357 ], [ 72.853715724521962, 19.03440864756136 ], [ 72.853032856572071, 19.033805425498201 ], [ 72.85229111037313, 19.033268759955288 ], [ 72.851497629103633, 19.032803818623634 ], [ 72.850660053903283, 19.032415078472692 ], [ 72.849786450304563, 19.03210628266039 ], [ 72.848885230587086, 19.031880404508406 ], [ 72.847965072801074, 19.03173961888853 ], [ 72.847034837238638, 19.031685281295079 ], [ 72.846103481155481, 19.031717914804116 ], [ 72.845179972562107, 19.03183720504455 ], [ 72.844273203912962, 19.032042003229265 ], [ 72.843391906522527, 19.032330337216948 ], [ 72.842544566530236, 19.032699430498059 ], [ 72.841739343221846, 19.033145728922527 ], [ 72.840983990491864, 19.033664934911968 ], [ 72.840285782201718, 19.034252048827867 ], [ 72.839651442151634, 19.034901417097782 ], [ 72.839087079339265, 19.035606786637207 ], [ 72.838598129128471, 19.036361365043824 ], [ 72.838189300894555, 19.037157885985422 ], [ 72.837864532650585, 19.037988679152964 ], [ 72.837626953092467, 19.038845744105839 ], [ 72.837478851429523, 19.039720827299309 ], [ 72.837421655292502, 19.040605501552932 ], [ 72.837455916933621, 19.041491247195527 ], [ 72.837581307853426, 19.04236953410555 ], [ 72.837796621908367, 19.043231903857166 ], [ 72.838099786871254, 19.044070051181201 ], [ 72.838487884335436, 19.044875903956143 ], [ 72.838957177773125, 19.045641700958839 ], [ 72.839503148479196, 19.046360066625358 ], [ 72.840120539056301, 19.047024082101807 ], [ 72.840803404023291, 19.047627351899663 ], [ 72.8415451670609, 19.048164065513099 ], [ 72.842338684343531, 19.048629053403783 ], [ 72.843176313347527, 19.049017836813032 ], [ 72.844049986472712, 19.049326670920504 ], [ 72.844951288767675, 19.049552580932879 ], [ 72.845871539008783, 19.049693390753983 ], [ 72.846801873350898, 19.049747743959458 ], [ 72.847733330742273, 19.049715116873287 ], [ 72.848656939279195, 19.049595823619725 ], [ 72.849563802666424, 19.04939101310168 ], [ 72.850445185948772, 19.049102657934434 ], [ 72.851292599686019, 19.048733535441436 ], [ 72.852097881758425, 19.04828720089537 ], [ 72.852853276013235, 19.047767953262742 ], [ 72.853551506993213, 19.047180793782399 ], [ 72.854185850026198, 19.046531377777786 ], [ 72.854750195999898, 19.045825960167836 ], [ 72.855239110197573, 19.045071335202191 ], [ 72.855647884627857, 19.044274771002293 ], [ 72.85597258334532, 19.043443939539578 ], [ 72.856210080325951, 19.042586842726312 ], [ 72.856358089533828, 19.041711735331621 ], [ 72.856415186891169, 19.040827045465971 ] ] ] } },
{ "type": "Feature", "properties": { "station_id": "MUM_RAIL_STN_012", "station_name": "Bandra", "buffer_m": 1000 }, "geometry": { "type": "Polygon", "coordinates": [ [ [ 72.849825840639653, 19.05570018351046 ], [ 72.849791518331244, 19.054814434674043 ], [ 72.849666059964463, 19.053936149912516 ], [ 72.849450675212125, 19.053073787544552 ], [ 72.849147439712098, 19.052235652413213 ], [ 72.848759275025344, 19.051429815912666 ], [ 72.848289920452132, 19.050664038267978 ], [ 72.847743896979864, 19.049945693816117 ], [ 72.847126463710907, 19.049281700007022 ], [ 72.846443567191798, 19.048678450807824 ], [ 72.845701784132004, 19.048141755150692 ], [ 72.84490825806526, 19.047676781015955 ], [ 72.844070630562612, 19.047288005688266 ], [ 72.843196967659907, 19.046979172663587 ], [ 72.842295682207236, 19.046753255621226 ], [ 72.841375452887021, 19.0466124298068 ], [ 72.840445140679236, 19.046558051101105 ], [ 72.839513703576415, 19.046590642975563 ], [ 72.838590110367974, 19.046709891459617 ], [ 72.837683254321831, 19.046914648167963 ], [ 72.836801867592641, 19.047202941358552 ], [ 72.835954437178827, 19.047571994914705 ], [ 72.835149123235624, 19.048018255069032 ], [ 72.834393680529203, 19.048537424611954 ], [ 72.833695383786591, 19.049124504256348 ], [ 72.833060957659043, 19.049773840760331 ], [ 72.832496511972721, 19.050479181345903 ], [ 72.832007482889395, 19.051233733890271 ], [ 72.831598580544011, 19.052030232311012 ], [ 72.831273743663715, 19.052861006516721 ], [ 72.83103610160606, 19.053718056250137 ], [ 72.830887944183132, 19.054593128113794 ], [ 72.830830699563762, 19.055477795037007 ], [ 72.830864920468343, 19.056363537419735 ], [ 72.830990278791106, 19.05724182517227 ], [ 72.831205568703865, 19.058104199860992 ], [ 72.831508718213399, 19.058942356169364 ], [ 72.831896809063309, 19.059748221889379 ], [ 72.832366104790822, 19.060514035673094 ], [ 72.83291208666995, 19.061232421794735 ], [ 72.833529497196707, 19.061896461203023 ], [ 72.834212390698582, 19.062499758178468 ], [ 72.834954190581996, 19.063036501952897 ], [ 72.835747752666734, 19.063501522696853 ], [ 72.836585433997584, 19.063890341334517 ], [ 72.837459166470111, 19.06419921270555 ], [ 72.838360534560692, 19.06442516165701 ], [ 72.839280856411179, 19.064566011717041 ], [ 72.840211267485728, 19.064620406073093 ], [ 72.841142805992376, 19.064587820652317 ], [ 72.842066499244837, 19.064468569177247 ], [ 72.842973450130557, 19.064263800148147 ], [ 72.843854922850241, 19.063975485780531 ], [ 72.844702427100913, 19.063606403004901 ], [ 72.845507799889816, 19.06316010671155 ], [ 72.846263284189362, 19.062640895498841 ], [ 72.84696160367416, 19.062053770255254 ], [ 72.847596032818942, 19.061404385975028 ], [ 72.84816046168163, 19.060698997272155 ], [ 72.848649454746976, 19.059944398118578 ], [ 72.849058303264158, 19.05914785638786 ], [ 72.849383070574632, 19.058317043835796 ], [ 72.849620629994376, 19.057459962193281 ], [ 72.849768694887032, 19.056584866084023 ], [ 72.849825840639653, 19.05570018351046 ] ] ] } },
{ "type": "Feature", "properties": { "station_id": "MUM_RAIL_STN_013", "station_name": "Khar Road", "buffer_m": 1000 }, "geometry": { "type": "Polygon", "coordinates": [ [ [ 72.849626142113934, 19.070006148178674 ], [ 72.84959182617726, 19.069120400394759 ], [ 72.849466366288866, 19.068242115807465 ], [ 72.849250972137483, 19.067379752733636 ], [ 72.848947719452653, 19.066541616022924 ], [ 72.848559529961904, 19.065735777084367 ], [ 72.848090143205269, 19.064969996166116 ], [ 72.847544080480731, 19.064251647636183 ], [ 72.846926601269203, 19.063587648983273 ], [ 72.846243652559778, 19.062984394220628 ], [ 72.845501811564546, 19.062447692333432 ], [ 72.844708222374891, 19.061982711361498 ], [ 72.843870527169216, 19.061593928654823 ], [ 72.842996792634608, 19.061285087779993 ], [ 72.842095432310046, 19.061059162491553 ], [ 72.841175125597942, 19.060918328114251 ], [ 72.840244734222338, 19.060863940611156 ], [ 72.839313216936972, 19.060896523538339 ], [ 72.838389543302128, 19.061015763011437 ], [ 72.837482607358993, 19.061220510732053 ], [ 72.836601142030531, 19.061508795044933 ], [ 72.835753635071057, 19.06187783991923 ], [ 72.834948247372125, 19.062324091671542 ], [ 72.834192734409513, 19.062843253173707 ], [ 72.833494371586383, 19.063430325216537 ], [ 72.832859884190256, 19.064079654631897 ], [ 72.832295382637312, 19.06478498871061 ], [ 72.831806303627687, 19.065539535393068 ], [ 72.831397357777703, 19.066336028653815 ], [ 72.831072484234241, 19.067166798451566 ], [ 72.830834812708872, 19.068023844571879 ], [ 72.830686633298583, 19.068898913652365 ], [ 72.830629374385182, 19.069783578649343 ], [ 72.830663588828003, 19.070669319981384 ], [ 72.830788948584797, 19.071547607568888 ], [ 72.831004247814832, 19.072409982979678 ], [ 72.831307414436324, 19.073248140890037 ], [ 72.831695530029151, 19.07405400907621 ], [ 72.832164857893105, 19.074819826166085 ], [ 72.83271087899341, 19.075538216401601 ], [ 72.833328335448797, 19.076202260691325 ], [ 72.834011281144612, 19.076805563268213 ], [ 72.83475313898461, 19.077342313309607 ], [ 72.835546764230074, 19.077807340925169 ], [ 72.836384513317014, 19.078196166972397 ], [ 72.837258317487681, 19.078505046219167 ], [ 72.83815976052702, 19.078731003436303 ], [ 72.839080159853978, 19.078871862072067 ], [ 72.84001065018532, 19.078926265231154 ], [ 72.840942268964554, 19.078893688755837 ], [ 72.841866042731013, 19.078774446282537 ], [ 72.842773073595495, 19.078569686224945 ], [ 72.84365462498728, 19.078281380712415 ], [ 72.844502205844691, 19.077912306590502 ], [ 72.845307652436304, 19.077466018666563 ], [ 72.846063207023136, 19.076946815458815 ], [ 72.846761592602419, 19.076359697779179 ], [ 72.847396083012157, 19.075710320549572 ], [ 72.847960567720321, 19.075004938316653 ], [ 72.848449610674123, 19.07425034499057 ], [ 72.848858502642855, 19.073453808389271 ], [ 72.849183306550273, 19.072623000219593 ], [ 72.849420895360836, 19.071765922170577 ], [ 72.849568982156299, 19.070890828831629 ], [ 72.849626142113934, 19.070006148178674 ] ] ] } },
{ "type": "Feature", "properties": { "station_id": "MUM_RAIL_STN_014", "station_name": "Santacruz", "buffer_m": 1000 }, "geometry": { "type": "Polygon", "coordinates": [ [ [ 72.851279918579621, 19.082709553723703 ], [ 72.851245598517394, 19.081823806261848 ], [ 72.851120127472839, 19.080945522131202 ], [ 72.850904715243203, 19.080083159643973 ], [ 72.850601437733104, 19.079245023643825 ], [ 72.850213216910007, 19.078439185532559 ], [ 72.849743792616337, 19.077673405549909 ], [ 72.849197686512071, 19.076955058054402 ], [ 72.848580158496091, 19.076291060524255 ], [ 72.847897156027571, 19.075687806961426 ], [ 72.847155256836132, 19.075151106339046 ], [ 72.846361605573151, 19.07468612668432 ], [ 72.845523845014228, 19.07429734533418 ], [ 72.844650042475038, 19.073988505841836 ], [ 72.843748612148531, 19.073762581948287 ], [ 72.8428282341102, 19.07362174896473 ], [ 72.841897770769876, 19.07356736284077 ], [ 72.840966181573179, 19.073599947119238 ], [ 72.840042436771796, 19.073719187902938 ], [ 72.83913543109125, 19.073923936881108 ], [ 72.838253898125075, 19.074212222386688 ], [ 72.83740632627817, 19.074581268377745 ], [ 72.836600877066331, 19.075027521160585 ], [ 72.83584530655726, 19.075546683597597 ], [ 72.835146890708089, 19.076133756471094 ], [ 72.834512355316946, 19.076783086605435 ], [ 72.83394781126249, 19.077488421285015 ], [ 72.833458695654556, 19.078242968444851 ], [ 72.833049719462565, 19.079039462055277 ], [ 72.832724822126409, 19.079870232071958 ], [ 72.832487133587748, 19.08072727827857 ], [ 72.832338944108486, 19.081602347312018 ], [ 72.832281682168528, 19.0824870121291 ], [ 72.832315900657534, 19.083372753150094 ], [ 72.832441271495412, 19.084251040298195 ], [ 72.832656588735787, 19.085113415145248 ], [ 72.83295978012444, 19.085951572372601 ], [ 72.833347927003516, 19.086757439762707 ], [ 72.833817292372203, 19.087523255950657 ], [ 72.834363356834984, 19.088241645186582 ], [ 72.834980862093218, 19.088905688388198 ], [ 72.835663861562338, 19.089508989798425 ], [ 72.836405777627959, 19.090045738605369 ], [ 72.837199464990235, 19.090510764930141 ], [ 72.838037279486315, 19.090899589642287 ], [ 72.838911151727729, 19.091208467522229 ], [ 72.83981266484291, 19.09143442335375 ], [ 72.840733135574865, 19.091575280598299 ], [ 72.84166369795156, 19.091629682373931 ], [ 72.842595388721506, 19.091597104536323 ], [ 72.84351923372958, 19.091477860735161 ], [ 72.844426334399401, 19.091273099397174 ], [ 72.845307953487008, 19.090984792664383 ], [ 72.846155599277935, 19.090615717394488 ], [ 72.846961107414771, 19.090169428406348 ], [ 72.847716719565312, 19.089650224228915 ], [ 72.848415158172216, 19.089063105683948 ], [ 72.849049696562759, 19.088413727702211 ], [ 72.849614223743032, 19.087708344838063 ], [ 72.850103303251657, 19.086953751008188 ], [ 72.850512225506492, 19.086157214035751 ], [ 72.850837053140424, 19.085326405631474 ], [ 72.851074658890411, 19.084469327486897 ], [ 72.851222755676062, 19.083594234192457 ], [ 72.851279918579621, 19.082709553723703 ] ] ] } },
{ "type": "Feature", "properties": { "station_id": "MUM_RAIL_STN_015", "station_name": "Vile Parle", "buffer_m": 1000 }, "geometry": { "type": "Polygon", "coordinates": [ [ [ 72.853499817082437, 19.09985036422939 ], [ 72.853465491493012, 19.098964617209095 ], [ 72.853340005426404, 19.098086333697562 ], [ 72.853124568826019, 19.097223972000705 ], [ 72.852821257832517, 19.096385836954116 ], [ 72.852432994736887, 19.095579999949916 ], [ 72.851963519789621, 19.094814221216531 ], [ 72.85141735513912, 19.094095875099814 ], [ 72.850799761248439, 19.093431879064038 ], [ 72.850116686211194, 19.09282862709609 ], [ 72.849374708455613, 19.092291928153102 ], [ 72.848580973389105, 19.091826950245508 ], [ 72.847743124593492, 19.091438170692893 ], [ 72.846869230233153, 19.091129333030764 ], [ 72.845967705384041, 19.090903410982168 ], [ 72.845047231030492, 19.090762579840348 ], [ 72.844116670508413, 19.09070819553714 ], [ 72.843184984197734, 19.090740781597926 ], [ 72.842261143283864, 19.09086002410854 ], [ 72.841354043416501, 19.091064774741927 ], [ 72.840472419094937, 19.091353061815532 ], [ 72.839624759602728, 19.091722109272869 ], [ 72.838819227298828, 19.092168363406714 ], [ 72.838063579050569, 19.092687527067103 ], [ 72.837365091563385, 19.093274601025243 ], [ 72.836730491325298, 19.09392393209572 ], [ 72.836165889839762, 19.094629267554549 ], [ 72.835676724770266, 19.095383815329861 ], [ 72.835267707563432, 19.096180309386554 ], [ 72.834942778055193, 19.09701107967641 ], [ 72.834705066498373, 19.097868125980789 ], [ 72.834556863377969, 19.098743194935832 ], [ 72.834499597306788, 19.099627859499151 ], [ 72.834533821215814, 19.100513600093361 ], [ 72.834659206974365, 19.10139188664558 ], [ 72.834874548493801, 19.102254260733041 ], [ 72.83517777328737, 19.103092417043978 ], [ 72.835565962376691, 19.103898283369119 ], [ 72.836035378355319, 19.104664098353215 ], [ 72.836581501340959, 19.105382486257344 ], [ 72.837199072471719, 19.106046528011351 ], [ 72.837882144528649, 19.106649827871443 ], [ 72.838624139198046, 19.107186575040004 ], [ 72.839417910422497, 19.107651599653327 ], [ 72.840255813230669, 19.108040422596929 ], [ 72.841129777382505, 19.108349298667846 ], [ 72.842031385119995, 19.108575252666988 ], [ 72.842951952273467, 19.108716108073253 ], [ 72.843882611940757, 19.108770508022364 ], [ 72.844814399931849, 19.108737928387654 ], [ 72.845738341153762, 19.108618682836362 ], [ 72.846645536102102, 19.108413919812367 ], [ 72.847527246623585, 19.108125611474399 ], [ 72.848374980122102, 19.107756534696133 ], [ 72.849180571394655, 19.10731024431157 ], [ 72.849936261307775, 19.106791038863765 ], [ 72.850634771554851, 19.10620391918739 ], [ 72.851269374773253, 19.105554540224773 ], [ 72.851833959344972, 19.104849156540372 ], [ 72.852323088256526, 19.104094562059341 ], [ 72.852732051450801, 19.10329802461165 ], [ 72.853056911167542, 19.102467215913016 ], [ 72.853294539835986, 19.101610137658103 ], [ 72.853442650156481, 19.100735044438604 ], [ 72.853499817082437, 19.09985036422939 ] ] ] } },
{ "type": "Feature", "properties": { "station_id": "MUM_RAIL_STN_016", "station_name": "Andheri", "buffer_m": 1000 }, "geometry": { "type": "Polygon", "coordinates": [ [ [ 72.856005124954493, 19.117285770431153 ], [ 72.855970792393009, 19.116400023781363 ], [ 72.855845289684311, 19.115521740946669 ], [ 72.855629826933523, 19.11465938022609 ], [ 72.855326480534472, 19.113821246445376 ], [ 72.854938173120303, 19.11301541098387 ], [ 72.854468645369181, 19.112249634054525 ], [ 72.853922419938669, 19.111531289985145 ], [ 72.853304757877495, 19.110867296219592 ], [ 72.852621607935774, 19.110264046722197 ], [ 72.851879549262819, 19.109727350425654 ], [ 72.851085728044737, 19.109262375314302 ], [ 72.850247788692158, 19.108873598680301 ], [ 72.849373800240414, 19.108564764030618 ], [ 72.848472178670335, 19.108338845058995 ], [ 72.847551605896228, 19.10819801702889 ], [ 72.846620946200275, 19.108143635842112 ], [ 72.845689160915924, 19.108176224994153 ], [ 72.844765222180214, 19.108295470541304 ], [ 72.843858026583376, 19.108500224127631 ], [ 72.84297630954535, 19.108788514042597 ], [ 72.842128561241424, 19.109157564202917 ], [ 72.841322944884979, 19.109603820875964 ], [ 72.840567218152202, 19.11012298688799 ], [ 72.839868658504059, 19.110710062988257 ], [ 72.839233993123514, 19.111359395971412 ], [ 72.838669334141642, 19.112064733095689 ], [ 72.838180119776311, 19.112819282273783 ], [ 72.837771061949695, 19.113615777457596 ], [ 72.837446100890105, 19.114446548588468 ], [ 72.837208367155512, 19.115303595439961 ], [ 72.837060151445982, 19.116178664643112 ], [ 72.837002882497103, 19.117063329153179 ], [ 72.837037113269204, 19.117949069393191 ], [ 72.837162515567044, 19.118827355293437 ], [ 72.837377883144214, 19.119689728437066 ], [ 72.837681143264319, 19.120527883520946 ], [ 72.838069376609923, 19.121333748347048 ], [ 72.838538845349234, 19.122099561573954 ], [ 72.839085029092516, 19.122817947478968 ], [ 72.839702668393016, 19.123481987010507 ], [ 72.840385815375328, 19.124085284445485 ], [ 72.84112789100385, 19.124622029008989 ], [ 72.841921748440896, 19.125087050861801 ], [ 72.842759741883967, 19.125475870915523 ], [ 72.843633800219038, 19.1257847439946 ], [ 72.844535504779728, 19.126010694928439 ], [ 72.845456170462441, 19.12615154722533 ], [ 72.846386929414578, 19.126205944050874 ], [ 72.847318816488283, 19.126173361308606 ], [ 72.848242855634879, 19.126054112695908 ], [ 72.849150146405336, 19.125849346686525 ], [ 72.850031949722307, 19.12556103546839 ], [ 72.8508797720948, 19.125191955943475 ], [ 72.851685447463041, 19.124745662972867 ], [ 72.852441215883061, 19.124226455125196 ], [ 72.853139798291863, 19.123639333258946 ], [ 72.853774466631819, 19.122989952338216 ], [ 72.85433910865811, 19.122284566946977 ], [ 72.854828286804477, 19.121529971027421 ], [ 72.855237290540614, 19.12073343242389 ], [ 72.855562181716849, 19.119902622863627 ], [ 72.855799832460846, 19.119045544049911 ], [ 72.855947955261783, 19.118170450579981 ], [ 72.856005124954493, 19.117285770431153 ] ] ] } },
{ "type": "Feature", "properties": { "station_id": "MUM_RAIL_STN_017", "station_name": "Jogeshwari", "buffer_m": 1000 }, "geometry": { "type": "Polygon", "coordinates": [ [ [ 72.858475947168728, 19.136643607903515 ], [ 72.858441608497586, 19.135757861773111 ], [ 72.858316088933734, 19.134879579644927 ], [ 72.858100598746276, 19.134017219810822 ], [ 72.857797214594768, 19.133179087087491 ], [ 72.857408859477204, 19.1323732528435 ], [ 72.856939274532138, 19.131607477279406 ], [ 72.856392982968714, 19.130889134709108 ], [ 72.855775246472902, 19.13022514256129 ], [ 72.855092014511726, 19.129621894783913 ], [ 72.854349867024069, 19.129085200292398 ], [ 72.853555951050723, 19.128620227053034 ], [ 72.852717911913913, 19.12823145233936 ], [ 72.851843819608746, 19.127922619639381 ], [ 72.850942091114732, 19.127696702627727 ], [ 72.850021409374307, 19.127555876548758 ], [ 72.849090639717346, 19.12750149728544 ], [ 72.848158744534501, 19.127534088314842 ], [ 72.847234697019431, 19.12765333567539 ], [ 72.846327394808341, 19.127858090994071 ], [ 72.845445574346428, 19.12814638254418 ], [ 72.844597726803727, 19.128515434227264 ], [ 72.843792016348317, 19.128961692296716 ], [ 72.843036201561915, 19.129480859566094 ], [ 72.842337560753109, 19.130067936773305 ], [ 72.841702821886429, 19.130717270703077 ], [ 72.841138097800979, 19.131422608605298 ], [ 72.840648827342235, 19.132177158385794 ], [ 72.84023972297355, 19.132973653991275 ], [ 72.839914725372694, 19.133804425359489 ], [ 72.839676965450977, 19.134661472262056 ], [ 72.839528734162286, 19.135536541329728 ], [ 72.839471460393995, 19.136421205519117 ], [ 72.839505697154607, 19.137306945256263 ], [ 72.839631116192948, 19.138185230476061 ], [ 72.839846511103019, 19.139047602767828 ], [ 72.840149808886736, 19.139885756836151 ], [ 72.840538089865177, 19.140691620492163 ], [ 72.841007615748865, 19.141457432405041 ], [ 72.841553865598428, 19.142175816864011 ], [ 72.842171579330895, 19.142839854830637 ], [ 72.842854808354019, 19.143443150596156 ], [ 72.843596972841851, 19.143979893401006 ], [ 72.844390925100257, 19.14444491342223 ], [ 72.845229018412624, 19.144833731588495 ], [ 72.846103180701903, 19.145142602741934 ], [ 72.847004992299119, 19.145368551730176 ], [ 72.847925767068247, 19.145509402080013 ], [ 72.848856636104387, 19.145563796975772 ], [ 72.849788633197761, 19.14553121233963 ], [ 72.850712781238343, 19.145411961887469 ], [ 72.851620178726833, 19.145207194111126 ], [ 72.852502085556551, 19.144918881216022 ], [ 72.853350007238376, 19.144549800120913 ], [ 72.854155776755121, 19.144103505702674 ], [ 72.854911633255384, 19.143584296544624 ], [ 72.855610296827535, 19.142997173518612 ], [ 72.856245038632267, 19.142347791600685 ], [ 72.856809745717541, 19.141642405385142 ], [ 72.857298979891226, 19.140887808822782 ], [ 72.857708030084339, 19.14009126976471 ], [ 72.858032957701099, 19.139260459943035 ], [ 72.858270634519599, 19.138403381063881 ], [ 72.858418772779586, 19.137528287725345 ], [ 72.858475947168728, 19.136643607903515 ] ] ] } },
{ "type": "Feature", "properties": { "station_id": "MUM_RAIL_STN_018", "station_name": "Goregaon", "buffer_m": 1000 }, "geometry": { "type": "Polygon", "coordinates": [ [ [ 72.859132150888541, 19.164981361398535 ], [ 72.85909781910749, 19.16409561701688 ], [ 72.858972290704756, 19.163217335431103 ], [ 72.858756776037097, 19.162354974927467 ], [ 72.85845335200213, 19.161516840328613 ], [ 72.858064941983926, 19.160711003020438 ], [ 72.85759528765152, 19.159945223232171 ], [ 72.857048912883485, 19.159226875317422 ], [ 72.856431080167923, 19.158562876755273 ], [ 72.855747739898831, 19.157959621554404 ], [ 72.855005473057943, 19.15742291870064 ], [ 72.854211427834798, 19.156957936239763 ], [ 72.853373250795229, 19.156569151533169 ], [ 72.852499013260783, 19.156260308164285 ], [ 72.851597133607683, 19.156034379909812 ], [ 72.850676296231882, 19.155893542121891 ], [ 72.849745367959613, 19.155839150795959 ], [ 72.848813312706554, 19.15587172952517 ], [ 72.847889105205368, 19.15599096446654 ], [ 72.846981644630532, 19.156195707367001 ], [ 72.846099668950046, 19.156483986619964 ], [ 72.845251670826784, 19.156853026246115 ], [ 72.844445815877322, 19.157299272615827 ], [ 72.843689864073639, 19.157818428656295 ], [ 72.842991095043089, 19.158405495214602 ], [ 72.842356237984731, 19.159054819179143 ], [ 72.841791406876141, 19.159760147896822 ], [ 72.841302041594147, 19.160514689362984 ], [ 72.840892855516472, 19.161311177605338 ], [ 72.84056779010939, 19.162141942633379 ], [ 72.840329976939145, 19.162998984280449 ], [ 72.840181707474727, 19.163874049228415 ], [ 72.840124410973587, 19.164758710473855 ], [ 72.840158640665692, 19.165644448471241 ], [ 72.840284068370536, 19.166522733172098 ], [ 72.84049948760115, 19.1673851061704 ], [ 72.840802825127511, 19.168223262163394 ], [ 72.841191160890006, 19.169029128942981 ], [ 72.841660756073196, 19.169794945147395 ], [ 72.842207089071607, 19.17051333502355 ], [ 72.842824899002295, 19.171177379479815 ], [ 72.843508236346892, 19.171780682743833 ], [ 72.844250520236045, 19.172317433982741 ], [ 72.845044601825066, 19.172782463291334 ], [ 72.845882833150597, 19.173171291507874 ], [ 72.846757140804897, 19.173480173376891 ], [ 72.847659103717106, 19.173706133642149 ], [ 72.848580034291643, 19.17384699572133 ], [ 72.849511062120712, 19.173901402685509 ], [ 72.850443219462719, 19.173868830340567 ], [ 72.851367527661779, 19.173749592284128 ], [ 72.852275083673675, 19.173544836888986 ], [ 72.853157145862781, 19.173256536241887 ], [ 72.854005218241753, 19.17288746714431 ], [ 72.85481113234043, 19.172441184358451 ], [ 72.855567125913737, 19.17192198635658 ], [ 72.856265917729147, 19.171334873904151 ], [ 72.856900777711985, 19.170685501876463 ], [ 72.857465591772311, 19.169980124773648 ], [ 72.857954920688428, 19.16922553645977 ], [ 72.858364052480141, 19.168429004707463 ], [ 72.858689047767371, 19.167598201179288 ], [ 72.858926777678505, 19.166741127521444 ], [ 72.859074953944202, 19.165866038282221 ], [ 72.859132150888541, 19.164981361398535 ] ] ] } },
{ "type": "Feature", "properties": { "station_id": "MUM_RAIL_STN_019", "station_name": "Malad", "buffer_m": 1000 }, "geometry": { "type": "Polygon", "coordinates": [ [ [ 72.858441438905487, 19.186944799633757 ], [ 72.858407118896892, 19.186059057007597 ], [ 72.858281590066497, 19.185180775641012 ], [ 72.85806606277707, 19.184318413818033 ], [ 72.857762614049648, 19.183480276373622 ], [ 72.857374167507729, 19.182674434720639 ], [ 72.856904465173457, 19.181908649129525 ], [ 72.85635803138878, 19.181190294009074 ], [ 72.855740129210872, 19.180526286906986 ], [ 72.855056709703021, 19.179923021913361 ], [ 72.854314354610054, 19.179386308107464 ], [ 72.853520212970963, 19.178921313639762 ], [ 72.85268193227931, 19.17853251598649 ], [ 72.851807584853745, 19.178223658855071 ], [ 72.85090559012734, 19.177997716154152 ], [ 72.84998463360256, 19.177856863374554 ], [ 72.849053583251276, 19.177802456655769 ], [ 72.848121404162882, 19.177835019739042 ], [ 72.847197072260627, 19.177954238932092 ], [ 72.846289487915072, 19.178158966133672 ], [ 72.845407390284407, 19.178447229888732 ], [ 72.844559273204311, 19.178816254367685 ], [ 72.843753303435591, 19.179262486087374 ], [ 72.842997242054949, 19.179781628116807 ], [ 72.84229836974427, 19.180368681438765 ], [ 72.841663416696917, 19.181017993069958 ], [ 72.841098497814968, 19.181723310476908 ], [ 72.84060905382097, 19.182477841764705 ], [ 72.840199798851515, 19.183274321059866 ], [ 72.839874675037464, 19.184105078458742 ], [ 72.839636814509021, 19.184962113868725 ], [ 72.839488509192918, 19.18583717403223 ], [ 72.83943118869378, 19.186721831992205 ], [ 72.839465406474659, 19.187607568234927 ], [ 72.839590834471707, 19.188485852728789 ], [ 72.839806266197144, 19.189348227069619 ], [ 72.840109628302415, 19.19018638594136 ], [ 72.840498000492829, 19.190992257107741 ], [ 72.840967643603534, 19.191758079164121 ], [ 72.841514035568551, 19.192476476300378 ], [ 72.842131914937781, 19.193140529354153 ], [ 72.842815331524434, 19.19374384246947 ], [ 72.843557703696007, 19.194280604717754 ], [ 72.844351881757134, 19.194745646086933 ], [ 72.845190216814601, 19.195134487298372 ], [ 72.846064634460504, 19.195443382970744 ], [ 72.846966712563244, 19.195669357714273 ], [ 72.847887762416235, 19.195810234806778 ], [ 72.84881891246107, 19.195864657174425 ], [ 72.849751193777195, 19.195832100474597 ], [ 72.85067562651281, 19.195712878154257 ], [ 72.851583306422327, 19.195508138434835 ], [ 72.852465490675158, 19.195219853252439 ], [ 72.853313682106759, 19.194850799260095 ], [ 72.854119711099031, 19.194404531075122 ], [ 72.854875814299348, 19.193885347029902 ], [ 72.855574709418718, 19.193298247756243 ], [ 72.856209665387226, 19.192648888003365 ], [ 72.856774567190584, 19.191943522154023 ], [ 72.857263974762546, 19.19118894396475 ], [ 72.857673175366173, 19.190392421111419 ], [ 72.857998228959914, 19.189561625171599 ], [ 72.858236006112008, 19.188704557718996 ], [ 72.858384218099886, 19.187829473242594 ], [ 72.858441438905487, 19.186944799633757 ] ] ] } },
{ "type": "Feature", "properties": { "station_id": "MUM_RAIL_STN_020", "station_name": "Kandivali", "buffer_m": 1000 }, "geometry": { "type": "Polygon", "coordinates": [ [ [ 72.861557423698841, 19.204643251085407 ], [ 72.861523093423827, 19.203757508660207 ], [ 72.861397544454647, 19.202879228101519 ], [ 72.861181987349596, 19.202016867685163 ], [ 72.860878499418121, 19.201178732232059 ], [ 72.860490004662452, 19.200372893135278 ], [ 72.860020245569885, 19.199607110639985 ], [ 72.859473747029611, 19.198888759124454 ], [ 72.858855772722706, 19.198224756100949 ], [ 72.858172274407053, 19.197621495619565 ], [ 72.857429834586085, 19.197084786715479 ], [ 72.856635603114128, 19.196619797491326 ], [ 72.855797228348905, 19.196231005372372 ], [ 72.854922783513928, 19.195922154012322 ], [ 72.854020688978935, 19.195696217263983 ], [ 72.853099631206121, 19.195555370560715 ], [ 72.852168479140801, 19.195500969983499 ], [ 72.851236198850287, 19.195533539214566 ], [ 72.850311767230906, 19.195652764502718 ], [ 72.849404085612022, 19.195857497688419 ], [ 72.848521894087312, 19.196145767259498 ], [ 72.847673687395556, 19.196514797330952 ], [ 72.846867633159704, 19.196961034366446 ], [ 72.846111493269305, 19.197480181384478 ], [ 72.845412549162091, 19.19806723932053 ], [ 72.844777531722912, 19.198716555147559 ], [ 72.844212556474289, 19.199421876292352 ], [ 72.84372306468228, 19.200176410824596 ], [ 72.843313770944761, 19.200972892840063 ], [ 72.842988617767105, 19.201803652409303 ], [ 72.842750737563705, 19.20266068941908 ], [ 72.842602422452273, 19.203535750596522 ], [ 72.842545102133386, 19.204420408974826 ], [ 72.842579330069995, 19.205306145036083 ], [ 72.842704778102046, 19.206184428750159 ], [ 72.842920239550281, 19.207046801719969 ], [ 72.843223640781289, 19.207884958642179 ], [ 72.843612061124645, 19.208690827298664 ], [ 72.844081760952676, 19.209456646308304 ], [ 72.844628217653735, 19.210175039889595 ], [ 72.845246169154578, 19.210839088913715 ], [ 72.84592966457376, 19.211442397562777 ], [ 72.846672121519134, 19.211979154950562 ], [ 72.847466389478313, 19.212444191111217 ], [ 72.848304818691375, 19.212833026815758 ], [ 72.849179333842443, 19.213141916735484 ], [ 72.850081511859528, 19.213367885535778 ], [ 72.851002663072293, 19.213508756551548 ], [ 72.851933914944567, 19.213563172767472 ], [ 72.852866297573499, 19.213530609900342 ], [ 72.853790830129995, 19.213411381456801 ], [ 72.85469860740568, 19.21320663571764 ], [ 72.855580885630886, 19.212918344677458 ], [ 72.856429166734969, 19.212549285046293 ], [ 72.857235280235344, 19.212103011496456 ], [ 72.857991461964943, 19.211583822412667 ], [ 72.858690428878219, 19.210996718476004 ], [ 72.859325449213884, 19.210347354481289 ], [ 72.859890407338085, 19.209641984852801 ], [ 72.860379862642873, 19.208887403384043 ], [ 72.860789101932539, 19.208090877783 ], [ 72.861114184794118, 19.207260079654077 ], [ 72.861351981515412, 19.206403010592346 ], [ 72.861500203186893, 19.205527925102416 ], [ 72.861557423698841, 19.204643251085407 ] ] ] } },
{ "type": "Feature", "properties": { "station_id": "MUM_RAIL_STN_021", "station_name": "Borivali", "buffer_m": 1000 }, "geometry": { "type": "Polygon", "coordinates": [ [ [ 72.8661565358058, 19.229174494297183 ], [ 72.866122189732181, 19.22828875206736 ], [ 72.865996611261664, 19.227410472690867 ], [ 72.865781011238681, 19.226548114431552 ], [ 72.865477467387862, 19.225709982088848 ], [ 72.865088904251536, 19.224904147024994 ], [ 72.864619064976736, 19.224138369445395 ], [ 72.864072475225626, 19.223420023679992 ], [ 72.863454399558066, 19.222756027184662 ], [ 72.862770790708026, 19.222152773945673 ], [ 72.862028232242935, 19.221616072927503 ], [ 72.861233875158774, 19.221151092156052 ], [ 72.860395369021688, 19.220762308974479 ], [ 72.859520788318648, 19.22045346694987 ], [ 72.858618554726021, 19.220227539844789 ], [ 72.857697356043033, 19.220086702999549 ], [ 72.856766062569832, 19.22003231240021 ], [ 72.85583364173327, 19.220064891633161 ], [ 72.854909071781023, 19.220184126851272 ], [ 72.854001255372609, 19.220388869799965 ], [ 72.853118933897917, 19.220677148873762 ], [ 72.852270603345715, 19.221046188096999 ], [ 72.851464432530591, 19.221492433846144 ], [ 72.850708184464011, 19.222011589056773 ], [ 72.850009141625151, 19.222598654586466 ], [ 72.849374035849749, 19.22324797733604 ], [ 72.848808983511589, 19.223953304666512 ], [ 72.84831942662008, 19.224707844588835 ], [ 72.847910080401363, 19.225504331147551 ], [ 72.847584887867882, 19.226335094369986 ], [ 72.847346981814979, 19.227192134108098 ], [ 72.847198654611446, 19.228067197062892 ], [ 72.847141336076547, 19.228951856250429 ], [ 72.847175579658298, 19.229837592144776 ], [ 72.847301057048227, 19.23071587471701 ], [ 72.847516561286383, 19.231578245580451 ], [ 72.847820018329088, 19.232416399451317 ], [ 72.848208506970025, 19.233222264140029 ], [ 72.848678286924923, 19.233988078302737 ], [ 72.849224834811295, 19.23470646620363 ], [ 72.849842887678108, 19.235370508767577 ], [ 72.850526493667587, 19.235973810237937 ], [ 72.851269069322285, 19.236510559796702 ], [ 72.852063462985569, 19.236975587552593 ], [ 72.852902023685658, 19.237364414356882 ], [ 72.853776674838656, 19.237673294966068 ], [ 72.85467899206094, 19.237899254134806 ], [ 72.855600284339388, 19.238040115290605 ], [ 72.856531677777056, 19.238094521513151 ], [ 72.857464201105486, 19.238061948615673 ], [ 72.858388872138349, 19.237942710201821 ], [ 72.859296784331576, 19.237737954649006 ], [ 72.860179192614368, 19.237449654047055 ], [ 72.861027597661987, 19.237080585198942 ], [ 72.861833827797, 19.236634302866687 ], [ 72.862590117728303, 19.236115105520565 ], [ 72.863289183367925, 19.235527993922254 ], [ 72.863924292003873, 19.234878622941324 ], [ 72.864489327152427, 19.234173247070245 ], [ 72.864978847464783, 19.233418660163476 ], [ 72.865388139120526, 19.232622129982051 ], [ 72.865713261204021, 19.231791328175042 ], [ 72.86595108362728, 19.230934256373274 ], [ 72.866099317235353, 19.230059169107921 ], [ 72.8661565358058, 19.229174494297183 ] ] ] } },
{ "type": "Feature", "properties": { "station_id": "MUM_RAIL_STN_022", "station_name": "Dahisar", "buffer_m": 1000 }, "geometry": { "type": "Polygon", "coordinates": [ [ [ 72.86879032595867, 19.250118092217935 ], [ 72.868755973310471, 19.249232350587334 ], [ 72.86863037656093, 19.248354072006119 ], [ 72.868414746732299, 19.247491714730099 ], [ 72.868111161837888, 19.246653583548678 ], [ 72.86772254681668, 19.245847749812278 ], [ 72.867252645316498, 19.245081973712782 ], [ 72.86670598359953, 19.244363629565054 ], [ 72.866087826919156, 19.243699634808603 ], [ 72.865404128789578, 19.243096383412087 ], [ 72.864661473637696, 19.242559684321492 ], [ 72.86386701338995, 19.242094705543394 ], [ 72.863028398604953, 19.241705924401149 ], [ 72.86215370481473, 19.24139708444169 ], [ 72.861251354783136, 19.241171159407291 ], [ 72.860330037429023, 19.241030324618105 ], [ 72.859398624193517, 19.240975936040346 ], [ 72.858466083654974, 19.241008517240999 ], [ 72.857541395211882, 19.24112775435426 ], [ 72.856633462663197, 19.241332499107692 ], [ 72.855751028515641, 19.241620779878975 ], [ 72.854902589841657, 19.241989820676761 ], [ 72.85409631649604, 19.242436067863075 ], [ 72.853339972476903, 19.24295522436045 ], [ 72.852640841187068, 19.243542291014911 ], [ 72.852005655314045, 19.244191614717252 ], [ 72.851440532003352, 19.244896942820123 ], [ 72.850950913948594, 19.245651483327745 ], [ 72.850541516965961, 19.246447970279661 ], [ 72.850216284558115, 19.247278733699932 ], [ 72.849978349905996, 19.248135773438975 ], [ 72.849830005655576, 19.249010836198021 ], [ 72.849772681792132, 19.24989549499508 ], [ 72.849806931816971, 19.250781230307894 ], [ 72.849932427361423, 19.251659512112866 ], [ 72.850147961292507, 19.252521882030329 ], [ 72.850451459282212, 19.25336003478505 ], [ 72.850839999731249, 19.254165898197563 ], [ 72.851309841857557, 19.254931710935562 ], [ 72.851856461680654, 19.25565009727617 ], [ 72.852474595557112, 19.256314138158441 ], [ 72.85315829084908, 19.256917437841114 ], [ 72.853900963238715, 19.257454185522608 ], [ 72.854695460137137, 19.257919211329003 ], [ 72.855534129577251, 19.258308036129709 ], [ 72.85640889392667, 19.258616914700003 ], [ 72.857311327709994, 19.258842871813801 ], [ 72.858232738789837, 19.258983730918178 ], [ 72.85916425212325, 19.259038135112501 ], [ 72.860096895285182, 19.259005560229632 ], [ 72.861021684933348, 19.258886319892607 ], [ 72.861929713379595, 19.258681562497749 ], [ 72.862812234431857, 19.258393260153159 ], [ 72.863660747678011, 19.258024189679258 ], [ 72.864467080397503, 19.257577905854443 ], [ 72.865223466310496, 19.257058707164184 ], [ 72.865922620404248, 19.256471594383907 ], [ 72.866557809114866, 19.255822222395402 ], [ 72.867122915187807, 19.255116845701636 ], [ 72.867612496591889, 19.25436225816571 ], [ 72.868021838919418, 19.25356572755534 ], [ 72.868347000768054, 19.252734925524244 ], [ 72.868584851668444, 19.251877853705796 ], [ 72.868733102193147, 19.251002766631558 ], [ 72.86879032595867, 19.250118092217935 ] ] ] } },
{ "type": "Feature", "properties": { "station_id": "MUM_RAIL_STN_023", "station_name": "CSMT", "buffer_m": 1000 }, "geometry": { "type": "Polygon", "coordinates": [ [ [ 72.845197012768494, 18.940382570059473 ], [ 72.845162672156391, 18.939496814873976 ], [ 72.845037258912328, 18.938618527746183 ], [ 72.844821982264548, 18.937756167019057 ], [ 72.844518916800567, 18.936918037522176 ], [ 72.844130982435672, 18.93611221059842 ], [ 72.843661916245381, 18.935346446384223 ], [ 72.84311623643481, 18.934628119091194 ], [ 72.84249919879359, 18.933964146008325 ], [ 72.841816746057034, 18.933360920907592 ], [ 72.841075450661748, 18.932824252493425 ], [ 72.840282451447933, 18.932359308487978 ], [ 72.839445384917624, 18.931970565889511 ], [ 72.838572311710791, 18.931661767882058 ], [ 72.837671639006444, 18.931435887810306 ], [ 72.836752039595098, 18.931295100565713 ], [ 72.835822368400301, 18.931240761658664 ], [ 72.834891577251724, 18.931273394177502 ], [ 72.833968628728272, 18.931392683759572 ], [ 72.833062409899171, 18.931597481622262 ], [ 72.832181646791597, 18.931885815624884 ], [ 72.831334820406255, 18.932254909254741 ], [ 72.830530085087943, 18.93270120835491 ], [ 72.829775190035335, 18.933220415336777 ], [ 72.829077404704321, 18.933807530548329 ], [ 72.828443448822128, 18.934456900400729 ], [ 72.82787942768519, 18.93516227179046 ], [ 72.827390773363689, 18.935916852293882 ], [ 72.826982192378551, 18.936713375555545 ], [ 72.826657620355462, 18.93754417124153 ], [ 72.826420184093223, 18.938401238885092 ], [ 72.826272171412811, 18.939276324914402 ], [ 72.826215009079164, 18.9401610021213 ], [ 72.82624924900982, 18.941046750806517 ], [ 72.826374562905343, 18.941925040820308 ], [ 72.826589745355435, 18.942787413708803 ], [ 72.826892725392497, 18.943625564175072 ], [ 72.827280586384191, 18.94443142007038 ], [ 72.827749594074689, 18.945197220144955 ], [ 72.828295232506989, 18.945915588809086 ], [ 72.828912247481568, 18.946579607183907 ], [ 72.829594697134212, 18.947182879756898 ], [ 72.830336009146819, 18.947719595999303 ], [ 72.831129044040594, 18.948184586350951 ], [ 72.831966163942354, 18.948573372032534 ], [ 72.832839306161077, 18.948882208204335 ], [ 72.833740060865665, 18.949108120055055 ], [ 72.834659752114405, 18.949248931471971 ], [ 72.835589521454452, 18.94930328601578 ], [ 72.836520413284489, 18.949270659997222 ], [ 72.837443461156482, 18.949151367529158 ], [ 72.838349774183285, 18.948946557505096 ], [ 72.839230622717778, 18.948658202533089 ], [ 72.840077522476321, 18.948289079931669 ], [ 72.840882316294426, 18.947842744971116 ], [ 72.84163725272532, 18.94732349661815 ], [ 72.842335060722945, 18.946736336114654 ], [ 72.84296901968905, 18.946086918789987 ], [ 72.843533024208668, 18.945381499572019 ], [ 72.844021642850194, 18.944626872722395 ], [ 72.844430170463895, 18.943830306377627 ], [ 72.84475467347508, 18.942999472527294 ], [ 72.844992027737078, 18.942142373104772 ], [ 72.845139948580098, 18.941267262903132 ], [ 72.845197012768494, 18.940382570059473 ] ] ] } },
{ "type": "Feature", "properties": { "station_id": "MUM_RAIL_STN_024", "station_name": "Masjid Bunder", "buffer_m": 1000 }, "geometry": { "type": "Polygon", "coordinates": [ [ [ 72.84769148444758, 18.952202019202449 ], [ 72.847657135018153, 18.951316263982214 ], [ 72.847531706458568, 18.950437977412452 ], [ 72.847316408145531, 18.94957561783043 ], [ 72.847013314876108, 18.948737490054327 ], [ 72.846625346834074, 18.947931665410053 ], [ 72.846156241419806, 18.947165904011587 ], [ 72.845610517216556, 18.946447580042967 ], [ 72.844993430441647, 18.945783610760671 ], [ 72.844310924303485, 18.945180389899591 ], [ 72.84356957175271, 18.944643726122898 ], [ 72.842776512179469, 18.944178787107688 ], [ 72.841939382666467, 18.943790049803837 ], [ 72.841066244459398, 18.943481257344171 ], [ 72.840165505362322, 18.943255383019768 ], [ 72.839245838804118, 18.943114601666682 ], [ 72.83831610035395, 18.943060268738581 ], [ 72.837385242488054, 18.943092907266379 ], [ 72.836462228426839, 18.943212202829745 ], [ 72.835555945869714, 18.943417006588781 ], [ 72.834675121456712, 18.943705346346366 ], [ 72.833828236778231, 18.944074445534824 ], [ 72.833023446739887, 18.944520749944154 ], [ 72.832268501067006, 18.945039961935088 ], [ 72.831570669702799, 18.945627081807874 ], [ 72.830936672817884, 18.946276455929262 ], [ 72.830372616103858, 18.94698183115505 ], [ 72.829883931973981, 18.947736415025041 ], [ 72.829475327236906, 18.948532941151697 ], [ 72.829150737747909, 18.949363739173748 ], [ 72.828913290474901, 18.950220808602101 ], [ 72.828765273345951, 18.9510958958478 ], [ 72.828708113169895, 18.951980573690953 ], [ 72.828742361844576, 18.952866322426033 ], [ 72.828867690987437, 18.953744611902572 ], [ 72.829082895042291, 18.954606983671596 ], [ 72.829385902834375, 18.955445132446595 ], [ 72.829773797464753, 18.95625098609468 ], [ 72.830242844354174, 18.957016783387267 ], [ 72.830788527168536, 18.957735148760939 ], [ 72.83140559128104, 18.958399163368043 ], [ 72.832088094354162, 18.959002431731861 ], [ 72.832829463555086, 18.959539143363738 ], [ 72.833622558853762, 18.960004128747531 ], [ 72.834459741794618, 18.96039290915142 ], [ 72.835332949078747, 18.960701739786309 ], [ 72.836233770247503, 18.960927645894046 ], [ 72.837153528718005, 18.961068451417145 ], [ 72.838083365388997, 18.961122799973118 ], [ 72.839014324009625, 18.961090167930479 ], [ 72.839937437487578, 18.960970869460343 ], [ 72.840843814302886, 18.960766053514302 ], [ 72.841724724193227, 18.960477692757809 ], [ 72.842571682283378, 18.960108564565548 ], [ 72.843376530846541, 18.959662224262086 ], [ 72.844131517908309, 18.9591429708661 ], [ 72.844829371934921, 18.958555805668514 ], [ 72.845463371884875, 18.957906384044385 ], [ 72.846027411948768, 18.957200960963409 ], [ 72.846516060353181, 18.956446330724845 ], [ 72.846924611662402, 18.955649761498133 ], [ 72.847249132074353, 18.954818925300874 ], [ 72.847486497275682, 18.953961824089195 ], [ 72.84763442249232, 18.953086712673482 ], [ 72.84769148444758, 18.952202019202449 ] ] ] } },
{ "type": "Feature", "properties": { "station_id": "MUM_RAIL_STN_025", "station_name": "Sandhurst Road", "buffer_m": 1000 }, "geometry": { "type": "Polygon", "coordinates": [ [ [ 72.849071054070379, 18.960989001606297 ], [ 72.849036700593615, 18.960103246522138 ], [ 72.848911263157035, 18.959224960294328 ], [ 72.848695951223576, 18.958362601256674 ], [ 72.848392839722123, 18.957524474221859 ], [ 72.848004849012611, 18.95671865050836 ], [ 72.847535716714191, 18.955952890220878 ], [ 72.846989961669266, 18.955234567532393 ], [ 72.846372840392377, 18.954570599686726 ], [ 72.845690296424181, 18.953967380404563 ], [ 72.844948903079484, 18.953430718333561 ], [ 72.844155800140996, 18.952965781134072 ], [ 72.843318625108594, 18.952577045738263 ], [ 72.842445439665767, 18.952268255260336 ], [ 72.841544652070823, 18.952042382972177 ], [ 72.840624936218973, 18.951901603690139 ], [ 72.839695148153297, 18.951847272847942 ], [ 72.838764240827061, 18.951879913456462 ], [ 72.837841177936212, 18.951999211075467 ], [ 72.836934847649673, 18.952204016845446 ], [ 72.836053977066484, 18.95249235855016 ], [ 72.835207048221108, 18.952861459603447 ], [ 72.83440221644409, 18.953307765777701 ], [ 72.833647231862372, 18.953826979416981 ], [ 72.832949364793805, 18.954414100806016 ], [ 72.832315335752796, 18.955063476297301 ], [ 72.831751250740808, 18.955768852733769 ], [ 72.831262542443937, 18.956523437643867 ], [ 72.830853917904051, 18.95731996463028 ], [ 72.830529313167659, 18.958150763323676 ], [ 72.830291855350225, 18.959007833228636 ], [ 72.830143832482094, 18.959882920751696 ], [ 72.830086671428148, 18.960767598670284 ], [ 72.83012092409551, 18.961653347278091 ], [ 72.830246262063952, 18.962531636425773 ], [ 72.830461479693028, 18.963394007667301 ], [ 72.830764505677919, 18.964232155721017 ], [ 72.831152422945053, 18.965038008460695 ], [ 72.831621496697608, 18.965803804666173 ], [ 72.832167210343059, 18.966522168784159 ], [ 72.832784308957869, 18.967186181978732 ], [ 72.833466849872238, 18.967789448786451 ], [ 72.834208259888712, 18.968326158733309 ], [ 72.835001398583927, 18.968791142319077 ], [ 72.835838627083859, 18.969179920829024 ], [ 72.836711881650317, 18.969488749492069 ], [ 72.837612751368582, 18.969714653568904 ], [ 72.838532559187527, 18.969855457021552 ], [ 72.839462445529804, 18.969909803487432 ], [ 72.840393453665428, 18.969877169355261 ], [ 72.841316616024415, 18.969757868816387 ], [ 72.842223040615337, 18.969553050842528 ], [ 72.843103996715087, 18.969264688118908 ], [ 72.843950999002857, 18.968895558039446 ], [ 72.844755889325739, 18.968449215947199 ], [ 72.845510915306903, 18.967929960878411 ], [ 72.846208805037548, 18.967342794140475 ], [ 72.846842837132385, 18.966693371123622 ], [ 72.847406905472596, 18.965987946811307 ], [ 72.847895578012739, 18.965233315514926 ], [ 72.848304149085095, 18.964436745414389 ], [ 72.848628684697857, 18.963605908535875 ], [ 72.84886606039197, 18.962748806842239 ], [ 72.84901399129302, 18.961873695148572 ], [ 72.849071054070379, 18.960989001606297 ] ] ] } },
{ "type": "Feature", "properties": { "station_id": "MUM_RAIL_STN_026", "station_name": "Byculla", "buffer_m": 1000 }, "geometry": { "type": "Polygon", "coordinates": [ [ [ 72.84226208350303, 18.976803415176438 ], [ 72.842227772072349, 18.975917663473179 ], [ 72.842102368065753, 18.97503937638194 ], [ 72.841887080625796, 18.974177012245175 ], [ 72.841583984447013, 18.97333887592486 ], [ 72.841195999743277, 18.97253303882891 ], [ 72.840726864077268, 18.971767261190788 ], [ 72.840181096325082, 18.971048917350295 ], [ 72.839563953124653, 18.97038492475453 ], [ 72.838881378228535, 18.969781677362032 ], [ 72.838139945249935, 18.969244984090523 ], [ 72.837346794353437, 18.96878001290013 ], [ 72.836509563500698, 18.968391241049595 ], [ 72.835636314912421, 18.968082412003433 ], [ 72.834735457454371, 18.967856499404192 ], [ 72.833815665693606, 18.967715678455697 ], [ 72.832885796403104, 18.96766130499228 ], [ 72.831954803317075, 18.967693902434714 ], [ 72.831031650955893, 18.967813156758016 ], [ 72.830125228348592, 18.968017919519312 ], [ 72.829244263481797, 18.968306218916396 ], [ 72.82839723929645, 18.968675278770501 ], [ 72.827592312039883, 18.969121545250939 ], [ 72.82683723275737, 18.969640721084307 ], [ 72.826139272677679, 18.97022780691983 ], [ 72.82550515321023, 18.970877149452939 ], [ 72.824940981226831, 18.971582495844615 ], [ 72.824452190250952, 18.972337053913357 ], [ 72.824043488120765, 18.973133557521116 ], [ 72.823718811630442, 18.973964336524471 ], [ 72.823481288587104, 18.974821390618427 ], [ 72.823333207650222, 18.975696466362507 ], [ 72.823275996245059, 18.976581136648242 ], [ 72.823310206764987, 18.977466881843409 ], [ 72.823435511197133, 18.978345171831979 ], [ 72.823650704225528, 18.979207548160161 ], [ 72.823953714783869, 18.980045705497478 ], [ 72.824341625948591, 18.980851571628325 ], [ 72.824810702983072, 18.981617385203464 ], [ 72.825356429264417, 18.982335770502033 ], [ 72.825973549748383, 18.982999808483733 ], [ 72.826656121555388, 18.983603103445873 ], [ 72.827397571190957, 18.984139844642652 ], [ 72.828190757850351, 18.984604862272203 ], [ 72.829028042197606, 18.984993677291151 ], [ 72.829901359956253, 18.985302544576047 ], [ 72.83080229960234, 18.985528489014857 ], [ 72.831722183410349, 18.985669334180152 ], [ 72.832652151069993, 18.985723723306993 ], [ 72.833583245066791, 18.985691132372651 ], [ 72.834506497002437, 18.985571875152012 ], [ 72.83541301402127, 18.985367100199291 ], [ 72.836294064508536, 18.985078779785216 ], [ 72.837141162232911, 18.984709690896196 ], [ 72.837946148120977, 18.984263388478755 ], [ 72.838701268874345, 18.983744171187315 ], [ 72.8393992516705, 18.983157039965842 ], [ 72.840033374227048, 18.982507649863091 ], [ 72.840597529553477, 18.981802255546143 ], [ 72.841086284766433, 18.981047651038242 ], [ 72.841494933402103, 18.980251104262074 ], [ 72.841819540722071, 18.979420287019988 ], [ 72.842056981577372, 18.978563201086473 ], [ 72.842204970467023, 18.977688101125587 ], [ 72.84226208350303, 18.976803415176438 ] ] ] } },
{ "type": "Feature", "properties": { "station_id": "MUM_RAIL_STN_027", "station_name": "Chinchpokali", "buffer_m": 1000 }, "geometry": { "type": "Polygon", "coordinates": [ [ [ 72.84239500694575, 18.987157896431693 ], [ 72.842360698680139, 18.9862721453921 ], [ 72.842235292151514, 18.985393858464857 ], [ 72.842019996527625, 18.984531493990744 ], [ 72.841716886582631, 18.983693356834774 ], [ 72.841328882663774, 18.982887518412689 ], [ 72.840859722519383, 18.982121738970374 ], [ 72.840313925261739, 18.981403392864699 ], [ 72.83969674781325, 18.980739397564179 ], [ 72.839014134256431, 18.980136147052999 ], [ 72.838272658576727, 18.979599450278535 ], [ 72.837479461349744, 18.979134475234261 ], [ 72.836642180982878, 18.9787456992157 ], [ 72.83576888017312, 18.978436865727179 ], [ 72.834867968288449, 18.978210948453789 ], [ 72.833948120419279, 18.978070122644187 ], [ 72.833018193878061, 18.978015744179405 ], [ 72.832087142949433, 18.978048336528339 ], [ 72.831163932709842, 18.978167585715106 ], [ 72.830257452744902, 18.978372343346404 ], [ 72.829376431592706, 18.978660637669627 ], [ 72.828529352735558, 18.979029692555127 ], [ 72.82772437294669, 18.979475954220351 ], [ 72.826969243776787, 18.979995125438638 ], [ 72.826271236934815, 18.98058220690405 ], [ 72.825637074280365, 18.981231545354472 ], [ 72.825072863101255, 18.981936887990614 ], [ 72.824584037298649, 18.982691442667523 ], [ 72.824175305046566, 18.983487943280146 ], [ 72.82385060342979, 18.984318719714235 ], [ 72.823613060498189, 18.985175771689775 ], [ 72.82346496510354, 18.986050845786885 ], [ 72.823407744811234, 18.986935514913071 ], [ 72.823441952101163, 18.987821259447308 ], [ 72.823567258992483, 18.9886995492799 ], [ 72.823782460146504, 18.989561925958441 ], [ 72.824085484419427, 18.990400084148884 ], [ 72.824473414756397, 18.991205951627183 ], [ 72.824942516236774, 18.99197176703078 ], [ 72.825488272002687, 18.992690154620885 ], [ 72.826105426726244, 18.993354195334735 ], [ 72.826788037198241, 18.993957493442931 ], [ 72.827529529551782, 18.99449423816899 ], [ 72.828322762570494, 18.994959259676669 ], [ 72.829160096471512, 18.995348078884899 ], [ 72.830033466500566, 18.995656950629577 ], [ 72.830934460629635, 18.995882899755465 ], [ 72.831854400607682, 18.996023749789828 ], [ 72.83278442558256, 18.996078143920688 ], [ 72.833715577486899, 18.996045558077107 ], [ 72.834638887363752, 18.995926305984984 ], [ 72.835545461798588, 18.995721536149258 ], [ 72.836426568622855, 18.995433220791558 ], [ 72.837273721061891, 18.995064136849859 ], [ 72.838078759514786, 18.994617839223338 ], [ 72.838833930176392, 18.994098626520625 ], [ 72.839531959743312, 18.993511499641887 ], [ 72.840166125482554, 18.992862113594438 ], [ 72.840730319987827, 18.992156723006705 ], [ 72.841219109998718, 18.991402121866393 ], [ 72.84162778871665, 18.990605578064105 ], [ 72.841952421114115, 18.989774763373855 ], [ 72.842189881801318, 18.988917679545821 ], [ 72.842337885087119, 18.988042581223951 ], [ 72.84239500694575, 18.987157896431693 ] ] ] } },
{ "type": "Feature", "properties": { "station_id": "MUM_RAIL_STN_028", "station_name": "Currey Road", "buffer_m": 1000 }, "geometry": { "type": "Polygon", "coordinates": [ [ [ 72.842492831661758, 18.99422146501562 ], [ 72.842458525516221, 18.993335714426635 ], [ 72.84233311722592, 18.992457427612777 ], [ 72.842117815976167, 18.991595062913611 ], [ 72.841814696595904, 18.990756925196223 ], [ 72.841426679523707, 18.989951085881557 ], [ 72.840957502635021, 18.989185305223934 ], [ 72.840411685203705, 18.988466957591648 ], [ 72.839794484346641, 18.987802960467668 ], [ 72.839111844371899, 18.987199707853478 ], [ 72.838370339519258, 18.986663008716423 ], [ 72.837577110645114, 18.986198031072497 ], [ 72.836739796461373, 18.985809252241992 ], [ 72.835866459990314, 18.985500415756135 ], [ 72.834965510942865, 18.985274495328692 ], [ 72.834045624766787, 18.985133666238568 ], [ 72.833115659142848, 18.985079284398331 ], [ 72.832184568731421, 18.985111873309336 ], [ 72.831261318988581, 18.985231119028846 ], [ 72.830354799879728, 18.985435873197034 ], [ 72.829473740319401, 18.985724164094766 ], [ 72.828626624159256, 18.986093215625562 ], [ 72.82782160853138, 18.986539474039375 ], [ 72.827066445331269, 18.987058642141122 ], [ 72.826368406595392, 18.987645720655106 ], [ 72.825734214490481, 18.988295056347923 ], [ 72.825169976587944, 18.989000396447107 ], [ 72.824681127046532, 18.989754948832378 ], [ 72.824272374269128, 18.990551447421023 ], [ 72.823947655538603, 18.991382222118478 ], [ 72.823710099070098, 18.992239272661617 ], [ 72.823561993846312, 18.993114345644486 ], [ 72.823504767527922, 18.993999013985402 ], [ 72.823538972653466, 18.994884758070928 ], [ 72.823664281263603, 18.995763047795666 ], [ 72.823879488003698, 18.996625424708157 ], [ 72.824182521676718, 18.997463583471987 ], [ 72.824570465137796, 18.998269451857393 ], [ 72.825039583340313, 18.999035268492907 ], [ 72.825585359265702, 18.9997536576276 ], [ 72.826202537392092, 19.000417700183593 ], [ 72.82688517428501, 19.001021000413488 ], [ 72.827626695823042, 19.001557747520078 ], [ 72.828419960508583, 19.002022771643951 ], [ 72.829257328253561, 19.002411593678588 ], [ 72.830130733977342, 19.002720468432472 ], [ 72.831031765307671, 19.002946420721212 ], [ 72.831951743634676, 19.003087274041473 ], [ 72.8328818077363, 19.003141671549582 ], [ 72.833812999167733, 19.003109089142022 ], [ 72.834736348590738, 19.002989840511646 ], [ 72.835642962209263, 19.002785074130127 ], [ 72.836524107476833, 19.00249676218596 ], [ 72.837371297248097, 19.002127681584415 ], [ 72.838176371562142, 19.001681387192704 ], [ 72.83893157626818, 19.001162177588558 ], [ 72.839629637734703, 19.000575053642557 ], [ 72.840263832921465, 18.999925670334033 ], [ 72.840828054138598, 18.999220282265316 ], [ 72.841316867868585, 18.998465683400095 ], [ 72.841725567084765, 18.997669141607318 ], [ 72.842050216562555, 18.996838328641843 ], [ 72.842287690748194, 18.995981246237413 ], [ 72.842435703821053, 18.995106149024394 ], [ 72.842492831661758, 18.99422146501562 ] ] ] } },
{ "type": "Feature", "properties": { "station_id": "MUM_RAIL_STN_029", "station_name": "Parel", "buffer_m": 1000 }, "geometry": { "type": "Polygon", "coordinates": [ [ [ 72.847120853047656, 19.009354847519194 ], [ 72.847086527931182, 19.008469096406046 ], [ 72.846961092308604, 19.007590810544432 ], [ 72.846745755629698, 19.006728448264305 ], [ 72.84644259306566, 19.005890314408841 ], [ 72.846054525471814, 19.005084480361198 ], [ 72.845585291210767, 19.004318706324284 ], [ 72.84503941010928, 19.003600366601965 ], [ 72.844422139897489, 19.002936378600371 ], [ 72.843739425551135, 19.002333136232522 ], [ 72.842997842025838, 19.00179644836652 ], [ 72.842204530934922, 19.001331482909336 ], [ 72.841367131781084, 19.000942717063541 ], [ 72.840493708403798, 19.000633894235055 ], [ 72.839592671349678, 19.00040798800601 ], [ 72.838672696912624, 19.00026717351858 ], [ 72.837742643621993, 19.000212806544827 ], [ 72.836811466981047, 19.00024541044322 ], [ 72.835888133274921, 19.000364671127063 ], [ 72.834981533276434, 19.000569440092907 ], [ 72.834100396678025, 19.000857745479657 ], [ 72.833253208072449, 19.001226811051946 ], [ 72.832448125288835, 19.001673082925169 ], [ 72.831692900869115, 19.002192263775271 ], [ 72.830994807439211, 19.002779354204453 ], [ 72.830360567692807, 19.003428700865197 ], [ 72.829796289660607, 19.004134050879941 ], [ 72.829307407888521, 19.004888612033405 ], [ 72.828898631090809, 19.00568511815878 ], [ 72.828573896782814, 19.00651589908918 ], [ 72.828336333330967, 19.007372954501569 ], [ 72.828188229786619, 19.008248030943097 ], [ 72.828131013795684, 19.009132701298618 ], [ 72.828165237798657, 19.010018445935032 ], [ 72.828290573655735, 19.010896734741237 ], [ 72.828505815751114, 19.011759109274152 ], [ 72.828808892548352, 19.012597264219707 ], [ 72.829196886488106, 19.013403127384287 ], [ 72.829666062038271, 19.014168937446016 ], [ 72.830211901628289, 19.014887318716625 ], [ 72.830829149123318, 19.015551352193295 ], [ 72.831511860420548, 19.016154642215451 ], [ 72.832253460681599, 19.016691378083635 ], [ 72.833046807650007, 19.017156390046189 ], [ 72.83388426044425, 19.017545199113375 ], [ 72.834757753163544, 19.01785406021828 ], [ 72.835658872596511, 19.018079998307854 ], [ 72.836578939283413, 19.018220837015523 ], [ 72.837509091149826, 19.018275219638461 ], [ 72.838440368904301, 19.018242622216807 ], [ 72.8393638023759, 19.018123358588362 ], [ 72.840270496957956, 19.017918577369745 ], [ 72.84115171932315, 19.017630250892889 ], [ 72.841998981582805, 19.017261156203666 ], [ 72.8428041230773, 19.016814848305621 ], [ 72.843559389008504, 19.016295625907237 ], [ 72.84425750515517, 19.015708490002964 ], [ 72.844891747950669, 19.015059095687921 ], [ 72.845456009247116, 19.014353697670995 ], [ 72.845944855141724, 19.013599090012157 ], [ 72.846353578299016, 19.012802540665398 ], [ 72.846678243265004, 19.011971721458568 ], [ 72.846915724338018, 19.011114634185656 ], [ 72.847063735632517, 19.010239533523894 ], [ 72.847120853047656, 19.009354847519194 ] ] ] } },
{ "type": "Feature", "properties": { "station_id": "MUM_RAIL_STN_030", "station_name": "Dadar", "buffer_m": 1000 }, "geometry": { "type": "Polygon", "coordinates": [ [ [ 72.853128916486384, 19.018254107480686 ], [ 72.853094562697535, 19.017368354960947 ], [ 72.852969093454021, 19.016490070198792 ], [ 72.852753718530067, 19.015627711513051 ], [ 72.852450513465726, 19.014789583711753 ], [ 72.85206239952592, 19.013983758119171 ], [ 72.851593115519762, 19.013217994856223 ], [ 72.851047181753032, 19.01249966812253 ], [ 72.850429856462853, 19.011835695198645 ], [ 72.84974708515503, 19.011232469851986 ], [ 72.849005443333141, 19.010695800786426 ], [ 72.848212073171254, 19.010230855727656 ], [ 72.847374614740204, 19.009842111681699 ], [ 72.846501132449347, 19.009533311844532 ], [ 72.845600037411742, 19.009307429576971 ], [ 72.844680006478782, 19.009166639790642 ], [ 72.843749898722962, 19.009112298020053 ], [ 72.84281867017117, 19.009144927381332 ], [ 72.841895287607755, 19.009264213543048 ], [ 72.840988642275363, 19.009469007756888 ], [ 72.84010746430252, 19.009757337919179 ], [ 72.839260238680126, 19.0101264275565 ], [ 72.838455123593647, 19.010572722553043 ], [ 72.837699871896106, 19.011091925362567 ], [ 72.837001756476397, 19.011679036376282 ], [ 72.836367500240328, 19.012328402048819 ], [ 72.835803211378021, 19.013033769319829 ], [ 72.835314324540349, 19.013788345808067 ], [ 72.834905548491164, 19.01458486519914 ], [ 72.834580820739518, 19.01541565719841 ], [ 72.834343269589652, 19.016272721376133 ], [ 72.834195183975368, 19.017147804194817 ], [ 72.834137991370866, 19.0180324784776 ], [ 72.834172243992271, 19.018918224553151 ], [ 72.83429761342498, 19.019796512296058 ], [ 72.834512893730405, 19.020658883272933 ], [ 72.834816013004726, 19.021497032203417 ], [ 72.83520405327981, 19.022302886951252 ], [ 72.83567327857746, 19.023068686275085 ], [ 72.836219170847997, 19.023787054589526 ], [ 72.836836473449026, 19.02445107301606 ], [ 72.837519241746662, 19.025054346038658 ], [ 72.838260900352978, 19.025591063121276 ], [ 72.839054306448901, 19.026056054692951 ], [ 72.839891818582714, 19.026444841960203 ], [ 72.840765370281233, 19.026753680066076 ], [ 72.84166654776412, 19.026979594179114 ], [ 72.842586671011674, 19.027120408163881 ], [ 72.843516877403786, 19.027174765555955 ], [ 72.844448207123037, 19.027142142638859 ], [ 72.84537168949727, 19.027022853496394 ], [ 72.846278429448176, 19.026818046991412 ], [ 72.847159693211054, 19.026529695699931 ], [ 72.848006992498185, 19.026160576907358 ], [ 72.848812166293186, 19.025714245849926 ], [ 72.849567459486892, 19.025195001459661 ], [ 72.850265597595751, 19.024607844943286 ], [ 72.850899856841991, 19.023958431594817 ], [ 72.851464128919872, 19.02325301630675 ], [ 72.851952979823494, 19.022498393305607 ], [ 72.852361702169929, 19.021701830693242 ], [ 72.852686360513914, 19.020871000425267 ], [ 72.852923829218497, 19.02001390440207 ], [ 72.853071822518174, 19.01913879738494 ], [ 72.853128916486384, 19.018254107480686 ] ] ] } },
{ "type": "Feature", "properties": { "station_id": "MUM_RAIL_STN_031", "station_name": "Matunga", "buffer_m": 1000 }, "geometry": { "type": "Polygon", "coordinates": [ [ [ 72.859704469279762, 19.027606390376985 ], [ 72.859670083930382, 19.02672063630428 ], [ 72.859544577922179, 19.025842352755902 ], [ 72.859329161384082, 19.024979998038411 ], [ 72.859025910257429, 19.024141876921021 ], [ 72.858637746251091, 19.023336060663048 ], [ 72.858168408656496, 19.022570309294906 ], [ 72.857622418295477, 19.021851996901095 ], [ 72.857005033949903, 19.021188040623592 ], [ 72.856322201693885, 19.020584834069062 ], [ 72.855580497617353, 19.020048185760096 ], [ 72.854787064493166, 19.019583263222245 ], [ 72.853949542997611, 19.019194543244552 ], [ 72.853075998146494, 19.018885768791211 ], [ 72.852174841654332, 19.018659912978706 ], [ 72.851254750963307, 19.018519150464144 ], [ 72.850324585720443, 19.018464836519719 ], [ 72.849393302505376, 19.018497493994044 ], [ 72.848469868628044, 19.018616808285429 ], [ 72.847563175824575, 19.018821630375239 ], [ 72.846681954680221, 19.01910998789193 ], [ 72.845834690601237, 19.019479104099251 ], [ 72.845029542143322, 19.019925424626098 ], [ 72.844274262480951, 19.020444651680933 ], [ 72.843576124772596, 19.02103178542195 ], [ 72.842941852139148, 19.021681172085326 ], [ 72.842377552929221, 19.02238655840889 ], [ 72.841888661894146, 19.023141151828131 ], [ 72.841479887839071, 19.023937685865704 ], [ 72.841155168254787, 19.024768490085901 ], [ 72.840917631367873, 19.025625563941158 ], [ 72.840769565975833, 19.026500653800536 ], [ 72.840712399359077, 19.027385332419023 ], [ 72.840746683484369, 19.028271080083087 ], [ 72.840872089634502, 19.029149366651509 ], [ 72.841087411518032, 19.030011733701652 ], [ 72.841390576831159, 19.03084987599037 ], [ 72.841778667162743, 19.031655721444761 ], [ 72.842247946052666, 19.032421508912385 ], [ 72.842793894935085, 19.033139862921473 ], [ 72.843411256622105, 19.033803864730785 ], [ 72.844094085910385, 19.034407118983907 ], [ 72.844835806824037, 19.034943815325214 ], [ 72.845629275943168, 19.035408784383296 ], [ 72.84646685120822, 19.035797547581364 ], [ 72.847340465537059, 19.036106360294294 ], [ 72.848241704545202, 19.036332247935295 ], [ 72.849161887619374, 19.036473034624116 ], [ 72.850092151562336, 19.036527364159568 ], [ 72.851023536001506, 19.036494713093877 ], [ 72.851947069736909, 19.036375395782446 ], [ 72.852853857194944, 19.036170561359981 ], [ 72.853735164152837, 19.035882182671951 ], [ 72.854582501906549, 19.035513037268224 ], [ 72.855387709069149, 19.035066680641886 ], [ 72.85614303021012, 19.034547411971779 ], [ 72.856841190577015, 19.033960232698945 ], [ 72.857475466178215, 19.033310798336984 ], [ 72.858039748551008, 19.032605363981077 ], [ 72.858528603591125, 19.031850724041607 ], [ 72.858937323876702, 19.03105414678366 ], [ 72.859261973983266, 19.030223304303885 ], [ 72.859499428354198, 19.029366198620124 ], [ 72.859647401363105, 19.028491084586484 ], [ 72.859704469279762, 19.027606390376985 ] ] ] } },
{ "type": "Feature", "properties": { "station_id": "MUM_RAIL_STN_032", "station_name": "Sion", "buffer_m": 1000 }, "geometry": { "type": "Polygon", "coordinates": [ [ [ 72.873501004069482, 19.047819417255724 ], [ 72.873466552595033, 19.04693366000992 ], [ 72.873340969212222, 19.04605537907139 ], [ 72.873125464796658, 19.045193032720366 ], [ 72.872822116137087, 19.044354925644235 ], [ 72.872433845882469, 19.043549128965768 ], [ 72.871964394347785, 19.042783402525604 ], [ 72.871418283452044, 19.042065120166956 ], [ 72.870800773137461, 19.041401198741497 ], [ 72.870117810690374, 19.040798031519337 ], [ 72.869375973453245, 19.040261426643557 ], [ 72.8685824054797, 19.039796551220963 ], [ 72.867744748742879, 19.039407881586598 ], [ 72.866871069558954, 19.039099160219831 ], [ 72.86596978093398, 19.038873359726161 ], [ 72.865049561580506, 19.038732654230433 ], [ 72.864119272382496, 19.038678398456465 ], [ 72.863187871111364, 19.038711114693555 ], [ 72.862264326212227, 19.038830487775176 ], [ 72.861357530488945, 19.039035368117698 ], [ 72.860476215516783, 19.03932378278985 ], [ 72.859628867604883, 19.039692954506219 ], [ 72.858823646115951, 19.040139328362386 ], [ 72.858068304927897, 19.040658606054407 ], [ 72.8573701177922, 19.041245787253875 ], [ 72.856735808306695, 19.041895217740809 ], [ 72.856171485176191, 19.042600643831722 ], [ 72.855682583383995, 19.043355272579586 ], [ 72.855273811840704, 19.044151837167078 ], [ 72.854949108014964, 19.044982666864254 ], [ 72.854711599983773, 19.045839760877943 ], [ 72.854563576268902, 19.046714865382565 ], [ 72.854506463751505, 19.047599552991333 ], [ 72.854540813879325, 19.048485303903238 ], [ 72.854666297301307, 19.049363587944686 ], [ 72.854881706983278, 19.050225946716189 ], [ 72.855184969777056, 19.051064075053073 ], [ 72.855573166333443, 19.051869901015504 ], [ 72.856042559169666, 19.052635663637496 ], [ 72.856588628622418, 19.053353987685373 ], [ 72.857206116342155, 19.05401795470538 ], [ 72.857889075910848, 19.054621169675226 ], [ 72.858630930096624, 19.055157822616923 ], [ 72.859424534194545, 19.055622744576514 ], [ 72.860262244843241, 19.056011457430557 ], [ 72.861135993654713, 19.056320217038788 ], [ 72.862037364947184, 19.056546049326105 ], [ 72.862957676831229, 19.056686778945835 ], [ 72.86388806486697, 19.056741050247116 ], [ 72.864819567484744, 19.056708340343931 ], [ 72.865743212344711, 19.056588964159396 ], [ 72.866650102801586, 19.056384071396383 ], [ 72.86753150363954, 19.056095635463478 ], [ 72.868378925249672, 19.055726434463139 ], [ 72.869184205437065, 19.055280024425144 ], [ 72.869939588068092, 19.054760705043893 ], [ 72.870637797798622, 19.054173478249879 ], [ 72.871272110162536, 19.053524000015244 ], [ 72.871836416344365, 19.052818525858431 ], [ 72.872325282012198, 19.052063850573568 ], [ 72.872733999643614, 19.0512672427664 ], [ 72.873058633841794, 19.050436374827765 ], [ 72.873296059205487, 19.049579249020436 ], [ 72.873443990389816, 19.048704120391797 ], [ 72.873501004069482, 19.047819417255724 ] ] ] } },
{ "type": "Feature", "properties": { "station_id": "MUM_RAIL_STN_033", "station_name": "Kurla", "buffer_m": 1000 }, "geometry": { "type": "Polygon", "coordinates": [ [ [ 72.888852739374087, 19.065586474720863 ], [ 72.888818212425235, 19.064700713687461 ], [ 72.88869254364954, 19.06382243566463 ], [ 72.88847694474623, 19.062960098903233 ], [ 72.888173493414925, 19.062122007996983 ], [ 72.887785113293816, 19.061316233911608 ], [ 72.887315545756067, 19.060550536268899 ], [ 72.886769313837561, 19.059832288633565 ], [ 72.886151678645305, 19.059168407521852 ], [ 72.885468588667166, 19.058565285814826 ], [ 72.8847266224724, 19.058028731216602 ], [ 72.883932925354912, 19.057563910349447 ], [ 72.883095140529662, 19.057175299022866 ], [ 72.882221335544358, 19.056866639154887 ], [ 72.881319924614516, 19.056640902759113 ], [ 72.88039958762846, 19.056500263343764 ], [ 72.879469186601114, 19.056446074997115 ], [ 72.87853768037904, 19.056478859360144 ], [ 72.877614038416567, 19.056598300611434 ], [ 72.876707154451125, 19.056803248512114 ], [ 72.875825760906864, 19.057091729481613 ], [ 72.874978344849183, 19.057460965597365 ], [ 72.874173066296947, 19.05790740133601 ], [ 72.873417679677914, 19.058426737798797 ], [ 72.872719459181837, 19.059013974092363 ], [ 72.872085128728912, 19.05966345546695 ], [ 72.871520797227262, 19.060368927749593 ], [ 72.871031899742505, 19.061123597548786 ], [ 72.870623145145643, 19.061920197651965 ], [ 72.87029847074416, 19.062751056987 ], [ 72.870061004333749, 19.063608174474886 ], [ 72.869913034037396, 19.064483296063312 ], [ 72.869855986223769, 19.065367994200113 ], [ 72.869890411719297, 19.066253748981847 ], [ 72.870015980448599, 19.067132030196468 ], [ 72.870231484557166, 19.067994379470431 ], [ 72.870534849988331, 19.068832491729193 ], [ 72.87092315640497, 19.069638295186454 ], [ 72.871392665266342, 19.070404029091687 ], [ 72.871938855791456, 19.071122318486626 ], [ 72.872556468464055, 19.07178624525022 ], [ 72.873239555661655, 19.072389414747043 ], [ 72.873981538921868, 19.072926017436433 ], [ 72.874775272294997, 19.07339088484802 ], [ 72.875613111172783, 19.073779539383597 ], [ 72.876486985930299, 19.074088237464675 ], [ 72.877388479670728, 19.074314005609111 ], [ 72.87830890932338, 19.074454669088606 ], [ 72.87923940931222, 19.074508872890128 ], [ 72.880171016987646, 19.074476094778774 ], [ 72.881094758996511, 19.074356650335712 ], [ 72.882001737756681, 19.074151689922449 ], [ 72.882883217201083, 19.073863187600438 ], [ 72.883730706963249, 19.073493922112803 ], [ 72.884536044191861, 19.07304745011163 ], [ 72.885291472204273, 19.072528071889234 ], [ 72.885989715220006, 19.071940789943788 ], [ 72.886624048453484, 19.071291260779404 ], [ 72.887188362889646, 19.070585740405594 ], [ 72.887677224118775, 19.069831024061973 ], [ 72.888085924663102, 19.069034380749791 ], [ 72.888410529292372, 19.068203483201668 ], [ 72.88864791289221, 19.067346333965126 ], [ 72.888795790521954, 19.066471188312544 ], [ 72.888852739374087, 19.065586474720863 ] ] ] } },
{ "type": "Feature", "properties": { "station_id": "MUM_RAIL_STN_034", "station_name": "Vidyavihar", "buffer_m": 1000 }, "geometry": { "type": "Polygon", "coordinates": [ [ [ 72.907079305728658, 19.079729008267996 ], [ 72.907044686501195, 19.078843242346927 ], [ 72.906918917507653, 19.077964967780424 ], [ 72.906703211413216, 19.077102642784652 ], [ 72.906399646950277, 19.076264571838532 ], [ 72.906011148846645, 19.075458825714172 ], [ 72.905541459611413, 19.07469316376277 ], [ 72.904995103451782, 19.073974959204168 ], [ 72.904377342670159, 19.073311128138819 ], [ 72.903694126962606, 19.072708062965091 ], [ 72.902952036107536, 19.072171570842201 ], [ 72.902158216597584, 19.07170681779056 ], [ 72.90132031282441, 19.071318278966697 ], [ 72.900446393479243, 19.071009695590767 ], [ 72.899544873876962, 19.070784038940406 ], [ 72.898624434950548, 19.070643481756729 ], [ 72.897693939694932, 19.070589377337171 ], [ 72.896762347862648, 19.070622246515732 ], [ 72.89583862973133, 19.070741772655545 ], [ 72.894931679771076, 19.070946804701677 ], [ 72.894050231041163, 19.071235368264638 ], [ 72.89320277113832, 19.071604684627854 ], [ 72.892397460504014, 19.072051197496421 ], [ 72.891642053875685, 19.072570607229963 ], [ 72.890943825636796, 19.073157912230393 ], [ 72.890309499783527, 19.073807457087014 ], [ 72.88974518518134, 19.074512987015929 ], [ 72.889256316734915, 19.075267708070658 ], [ 72.888847603037604, 19.076064352544901 ], [ 72.888522981004982, 19.076895248938815 ], [ 72.888285577930461, 19.077752395815832 ], [ 72.888137681328956, 19.078627538839722 ], [ 72.888080716861154, 19.079512250250779 ], [ 72.888115234552274, 19.080398010016442 ], [ 72.888240903440249, 19.081276287875291 ], [ 72.888456514706888, 19.082138625484642 ], [ 72.888759993263946, 19.08297671788084 ], [ 72.889148417684936, 19.083782493467456 ], [ 72.889618048292377, 19.084548191761087 ], [ 72.890164363132101, 19.085266438145268 ], [ 72.890782101489549, 19.085930314912222 ], [ 72.891465314530464, 19.086533427907298 ], [ 72.892207422578878, 19.087069968133516 ], [ 72.893001278481449, 19.087534767721898 ], [ 72.893839236447945, 19.087923349727511 ], [ 72.894713225704521, 19.088231971270769 ], [ 72.895614828249677, 19.088457659607275 ], [ 72.89653535996294, 19.088598240778246 ], [ 72.897465954283646, 19.088652360564421 ], [ 72.89839764765226, 19.088619497541274 ], [ 72.899321465889145, 19.088499968109119 ], [ 72.900228510677223, 19.088294923449407 ], [ 72.901110045313018, 19.088006338436369 ], [ 72.901957578898475, 19.087636992610896 ], [ 72.902762948160571, 19.08719044340009 ], [ 72.903518396108822, 19.086670991840968 ], [ 72.904216646771857, 19.086083641138931 ], [ 72.904850975291779, 19.085434048460968 ], [ 72.905415272700608, 19.084728470428722 ], [ 72.905904104754427, 19.083973702837262 ], [ 72.906312764258431, 19.083177015181274 ], [ 72.906637316379602, 19.082346080620031 ], [ 72.906874636511262, 19.081488902056861 ], [ 72.907022440325932, 19.08061373504567 ], [ 72.907079305728658, 19.079729008267996 ] ] ] } },
{ "type": "Feature", "properties": { "station_id": "MUM_RAIL_STN_035", "station_name": "Ghatkopar", "buffer_m": 1000 }, "geometry": { "type": "Polygon", "coordinates": [ [ [ 72.917965543819477, 19.086096672414655 ], [ 72.917930868675356, 19.08521090347557 ], [ 72.917805040173874, 19.084332630990115 ], [ 72.917589271553652, 19.083470313153555 ], [ 72.917285642149338, 19.082632254375039 ], [ 72.916897077314118, 19.081826525308699 ], [ 72.916427320199361, 19.081060885140751 ], [ 72.915880895665509, 19.080342706880629 ], [ 72.915263066672765, 19.079678906375026 ], [ 72.914579783573203, 19.079075875727643 ], [ 72.913837626793338, 19.078539421765011 ], [ 72.91304374345961, 19.078074710140008 ], [ 72.91220577857726, 19.077686215610338 ], [ 72.91133180142495, 19.077377678969874 ], [ 72.910430227873164, 19.077152071046623 ], [ 72.909509739373547, 19.077011564112979 ], [ 72.908579199397522, 19.076957510983156 ], [ 72.907647568127629, 19.076990431997952 ], [ 72.906723816220776, 19.077110010022132 ], [ 72.90581683847202, 19.077315093501912 ], [ 72.904935368208143, 19.077603707553308 ], [ 72.904087893233353, 19.07797307297432 ], [ 72.903282574134579, 19.078419632998283 ], [ 72.9025271657313, 19.078939087531325 ], [ 72.901828942424785, 19.079526434544384 ], [ 72.901194628164518, 19.080176018222527 ], [ 72.900630331705301, 19.080881583408178 ], [ 72.900141487778171, 19.081636335815325 ], [ 72.899732804741376, 19.082433007435593 ], [ 72.899408219216411, 19.083263926507435 ], [ 72.89917085814605, 19.084121091375408 ], [ 72.89902300864172, 19.084996247529467 ], [ 72.898966095911376, 19.085880967082741 ], [ 72.899000669482689, 19.086766729923511 ], [ 72.899126397855966, 19.087645005759899 ], [ 72.899342071640447, 19.088507336267877 ], [ 72.899645615145943, 19.089345416551328 ], [ 72.900034106320362, 19.090151175129705 ], [ 72.900503804843041, 19.090916851682667 ], [ 72.901050188105216, 19.091635071802518 ], [ 72.901667994732719, 19.092298918033933 ], [ 72.902351275232974, 19.092901996515973 ], [ 72.903093449279325, 19.093438498583858 ], [ 72.903887369081829, 19.093903256736056 ], [ 72.904725388233743, 19.094291794426837 ], [ 72.905599435370888, 19.094600369203672 ], [ 72.906501091933265, 19.094826008773016 ], [ 72.907421673279217, 19.094966539646308 ], [ 72.908352312369246, 19.095020608089367 ], [ 72.909284045211948, 19.094987693172893 ], [ 72.910207897247005, 19.094868111797787 ], [ 72.91111496983153, 19.094663015646582 ], [ 72.911996525994198, 19.094374380090247 ], [ 72.912844074629803, 19.094004985157206 ], [ 72.913649452320641, 19.09355838874821 ], [ 72.91440490199561, 19.093038892355441 ], [ 72.915103147667352, 19.092451499616576 ], [ 72.915737464526941, 19.091801868103769 ], [ 72.916301743719629, 19.091096254812872 ], [ 72.916790551177996, 19.090341455878534 ], [ 72.917199179945214, 19.089544741097146 ], [ 72.917523695485357, 19.088713783888934 ], [ 72.917760973545114, 19.087856587374869 ], [ 72.917908730203138, 19.086981407281165 ], [ 72.917965543819477, 19.086096672414655 ] ] ] } },
{ "type": "Feature", "properties": { "station_id": "MUM_RAIL_STN_036", "station_name": "Vikhroli", "buffer_m": 1000 }, "geometry": { "type": "Polygon", "coordinates": [ [ [ 72.937646441685203, 19.11202450180739 ], [ 72.937611670308215, 19.111138728510401 ], [ 72.937485731113838, 19.110260460140641 ], [ 72.937269838408596, 19.109398154852052 ], [ 72.936966072723564, 19.108560116931191 ], [ 72.936577360725195, 19.107754416829554 ], [ 72.936107446982447, 19.106988813452684 ], [ 72.935560857863891, 19.106270679454113 ], [ 72.934942857913967, 19.105606930252851 ], [ 72.934259399129814, 19.105003957457338 ], [ 72.933517063628045, 19.104467567336062 ], [ 72.932723000254072, 19.104002924926483 ], [ 72.931884855744457, 19.103614504319495 ], [ 72.931010701104995, 19.103306045597147 ], [ 72.930108953912608, 19.103080518837491 ], [ 72.929188297288249, 19.102940095532063 ], [ 72.928257596319767, 19.102886127690745 ], [ 72.92732581273755, 19.102919134834288 ], [ 72.926401918663075, 19.103038798999517 ], [ 72.925494810258726, 19.103243967804747 ], [ 72.924613222108164, 19.103532665546005 ], [ 72.923765643150062, 19.103902112217067 ], [ 72.922960234972464, 19.104348750270542 ], [ 72.92220475325297, 19.104868278862632 ], [ 72.921506473099782, 19.105455695252513 ], [ 72.920872119011165, 19.106105342958255 ], [ 72.920307800127333, 19.106810966206563 ], [ 72.919818951397488, 19.107565770152853 ], [ 72.919410281228735, 19.108362486292627 ], [ 72.919085726121352, 19.109193442435494 ], [ 72.91884841272811, 19.110050636568545 ], [ 72.918700627704126, 19.110925813899129 ], [ 72.918643795639198, 19.111810546335374 ], [ 72.918678465286703, 19.112696313640143 ], [ 72.918804304223926, 19.113574585477068 ], [ 72.919020101997162, 19.114436903558946 ], [ 72.919323781723577, 19.115274963107588 ], [ 72.919712420040014, 19.116080692840352 ], [ 72.920182275209086, 19.116846332712988 ], [ 72.920728823113151, 19.117564508669464 ], [ 72.921346800791639, 19.11822830367834 ], [ 72.922030257103302, 19.11883132437082 ], [ 72.922772610026513, 19.119367762637758 ], [ 72.923566710046387, 19.119832451591481 ], [ 72.924404909018079, 19.120220915352441 ], [ 72.925279133842849, 19.120529412180186 ], [ 72.926180964246583, 19.120754970532321 ], [ 72.927101713910545, 19.12089541770321 ], [ 72.928032514171463, 19.120949400765834 ], [ 72.928964399483178, 19.120916399614504 ], [ 72.929888393814807, 19.120796731982111 ], [ 72.930795597151146, 19.120591550383594 ], [ 72.931677271260341, 19.120302831014556 ], [ 72.932524923900374, 19.119933354712355 ], [ 72.933330390651662, 19.119486680163103 ], [ 72.934085913585619, 19.118967109613113 ], [ 72.934784216010243, 19.118379647415622 ], [ 72.935418572571365, 19.117729951812915 ], [ 72.935982874033741, 19.117024280418942 ], [ 72.93647168611767, 19.116269429928515 ], [ 72.93688030182436, 19.11547267063477 ], [ 72.937204786746435, 19.114641676386505 ], [ 72.937442016928344, 19.11378445066098 ], [ 72.937589708912697, 19.112909249464945 ], [ 72.937646441685203, 19.11202450180739 ] ] ] } },
{ "type": "Feature", "properties": { "station_id": "MUM_RAIL_STN_037", "station_name": "Kanjur Marg", "buffer_m": 1000 }, "geometry": { "type": "Polygon", "coordinates": [ [ [ 72.937653417078494, 19.128273139818152 ], [ 72.937618651252919, 19.127387367660528 ], [ 72.937492708614485, 19.126509099585025 ], [ 72.937276803504332, 19.125646793742625 ], [ 72.936973016574271, 19.124808754424915 ], [ 72.936584274696571, 19.124003052096473 ], [ 72.936114322728955, 19.123237445683792 ], [ 72.935567687408849, 19.122519307869116 ], [ 72.934949633726106, 19.121855554107604 ], [ 72.934266114195566, 19.12125257605101 ], [ 72.933523711518774, 19.120716180017848 ], [ 72.932729575187707, 19.120251531101928 ], [ 72.931891352640918, 19.119863103456243 ], [ 72.93101711563483, 19.119554637230145 ], [ 72.930115282538523, 19.119329102573538 ], [ 72.929194537298983, 19.11918867105371 ], [ 72.928263745856043, 19.119134694759449 ], [ 72.927331870809979, 19.119167693292859 ], [ 72.926407885161666, 19.119287348773707 ], [ 72.925500685953892, 19.119492508904127 ], [ 72.924619008643546, 19.119781198063968 ], [ 72.923771343026729, 19.120150636330031 ], [ 72.922965851525106, 19.120597266236338 ], [ 72.922210290617983, 19.121116787018117 ], [ 72.921511936175662, 19.121704196010327 ], [ 72.920877513411682, 19.122353836802912 ], [ 72.920313132127703, 19.123059453689784 ], [ 72.919824227874244, 19.123814251888202 ], [ 72.919415509593776, 19.124610962949589 ], [ 72.919090914250788, 19.125441914732939 ], [ 72.918853568886661, 19.126299105267769 ], [ 72.918705760465684, 19.127174279796353 ], [ 72.918648913804361, 19.128059010254002 ], [ 72.91868357779812, 19.128944776422721 ], [ 72.918809420080137, 19.129823047977027 ], [ 72.919025230165943, 19.130685366632271 ], [ 72.91932893105546, 19.131523427604456 ], [ 72.919717599182903, 19.132329159596861 ], [ 72.920187492524732, 19.133094802542995 ], [ 72.920734086596482, 19.133812982356673 ], [ 72.92135211799345, 19.134476781968729 ], [ 72.922035635057213, 19.135079807965408 ], [ 72.922778055181041, 19.135616252185873 ], [ 72.92357222820246, 19.136080947684508 ], [ 72.924410505272959, 19.136469418518175 ], [ 72.925284812540752, 19.136777922877826 ], [ 72.926186728936685, 19.137003489148114 ], [ 72.927107567312589, 19.137143944546853 ], [ 72.928038458149459, 19.137197936067594 ], [ 72.928970435027367, 19.1371649435231 ], [ 72.929894521032111, 19.137045284563435 ], [ 72.930801815264218, 19.136840111620181 ], [ 72.931683578615107, 19.136551400805853 ], [ 72.932531317982182, 19.136181932875832 ], [ 72.933336868109578, 19.135735266436061 ], [ 72.934092470265057, 19.135215703655284 ], [ 72.934790846993153, 19.134628248812525 ], [ 72.93542527222391, 19.133978560079868 ], [ 72.935989636060853, 19.133272895005693 ], [ 72.936478503623945, 19.132518050224558 ], [ 72.936887167380718, 19.131721295975183 ], [ 72.937211692461986, 19.13089030605828 ], [ 72.937448954526502, 19.130033083909776 ], [ 72.9375966698111, 19.129157885502288 ], [ 72.937653417078494, 19.128273139818152 ] ] ] } },
{ "type": "Feature", "properties": { "station_id": "MUM_RAIL_STN_038", "station_name": "Bhandup", "buffer_m": 1000 }, "geometry": { "type": "Polygon", "coordinates": [ [ [ 72.947154467351552, 19.142541560139662 ], [ 72.947119655507308, 19.141655786047817 ], [ 72.946993658888559, 19.140777520050449 ], [ 72.946777692357372, 19.139915220277675 ], [ 72.946473837157896, 19.139077190961764 ], [ 72.946085020820405, 19.138271502470069 ], [ 72.945614988919914, 19.137505913594961 ], [ 72.945068268963681, 19.136787796848942 ], [ 72.944450126756252, 19.136124067483536 ], [ 72.943766515664393, 19.135521116914902 ], [ 72.943024019270538, 19.134984751196338 ], [ 72.942229787968103, 19.134520135129378 ], [ 72.941391470108954, 19.134131742550444 ], [ 72.940517138366005, 19.133823313271204 ], [ 72.939615212019163, 19.133597817085906 ], [ 72.938694375911965, 19.133457425191686 ], [ 72.937763496857826, 19.133403489296203 ], [ 72.936831538299401, 19.133436528613121 ], [ 72.935907474040548, 19.133556224870205 ], [ 72.935000201880101, 19.133761425377699 ], [ 72.93411845797668, 19.134050154127483 ], [ 72.933270732767213, 19.13441963081598 ], [ 72.932465189246983, 19.134866297608063 ], [ 72.931709584396316, 19.135385853384548 ], [ 72.931011194509068, 19.135973295144137 ], [ 72.930376745140748, 19.136622966161838 ], [ 72.929812346350147, 19.137328610440967 ], [ 72.929323433857476, 19.138083432935332 ], [ 72.928914716685867, 19.138880164962575 ], [ 72.928590131790557, 19.139711134179755 ], [ 72.92835280611385, 19.140568338448308 ], [ 72.928205026431939, 19.141443522877932 ], [ 72.928148217286051, 19.142328259308076 ], [ 72.928182927211722, 19.143214027462612 ], [ 72.928308823401039, 19.144092296996167 ], [ 72.928524694851433, 19.144954609642742 ], [ 72.928828463972621, 19.145792660675326 ], [ 72.929217206542305, 19.146598378892026 ], [ 72.929687179820263, 19.147364004358135 ], [ 72.930233858552157, 19.148082163154985 ], [ 72.930851978517595, 19.148745938415068 ], [ 72.931535587204593, 19.149348936958518 ], [ 72.932278101123103, 19.149885350888383 ], [ 72.9330723692063, 19.150350013550419 ], [ 72.933910741688806, 19.15073844931754 ], [ 72.934785143798578, 19.151046916718411 ], [ 72.935687153551555, 19.151272444493785 ], [ 72.936608082898957, 19.15141286023254 ], [ 72.93753906144417, 19.15146681131068 ], [ 72.938471121921197, 19.151433777931075 ], [ 72.939395286609482, 19.151314078137808 ], [ 72.940302653850708, 19.151108864756512 ], [ 72.941184483832416, 19.150820114290056 ], [ 72.942032282809706, 19.150450607876557 ], [ 72.942837884952453, 19.150003904493467 ], [ 72.943593531027474, 19.149484306666142 ], [ 72.944291943156713, 19.148896819011878 ], [ 72.94492639492988, 19.148247100019368 ], [ 72.945490776195811, 19.147541407528934 ], [ 72.945979651907734, 19.1467865384395 ], [ 72.946388314455987, 19.145989763224065 ], [ 72.946712828984445, 19.145158755885255 ], [ 72.946950071255031, 19.14430152002662 ], [ 72.947097757696753, 19.143426311752474 ], [ 72.947154467351552, 19.142541560139662 ] ] ] } },
{ "type": "Feature", "properties": { "station_id": "MUM_RAIL_STN_039", "station_name": "Nahur", "buffer_m": 1000 }, "geometry": { "type": "Polygon", "coordinates": [ [ [ 72.956270046454094, 19.154731136477178 ], [ 72.956235189873723, 19.153845360450706 ], [ 72.956109141708822, 19.152967096452084 ], [ 72.955893117318737, 19.152104802591399 ], [ 72.955589198505507, 19.15126678304318 ], [ 72.955200313412419, 19.150461108079867 ], [ 72.954730208276857, 19.149695536362763 ], [ 72.954183411311178, 19.148977440238379 ], [ 72.953565189061251, 19.148313734758979 ], [ 72.952881495664059, 19.147710811110127 ], [ 72.952138915493833, 19.147174475085478 ], [ 72.95134459974976, 19.146709891200267 ], [ 72.950506197595701, 19.146321532980924 ], [ 72.949631782515141, 19.146013139908217 ], [ 72.948729774589182, 19.145787681427933 ], [ 72.947808859445672, 19.145647328374423 ], [ 72.946877904657896, 19.145593432081796 ], [ 72.945945874396628, 19.145626511382936 ], [ 72.945021743155209, 19.145746247621229 ], [ 72.944114409376709, 19.145951487722666 ], [ 72.943232609812469, 19.146240255298625 ], [ 72.94238483543505, 19.146609769672448 ], [ 72.941579249713115, 19.147056472646863 ], [ 72.940823610033519, 19.147576062754979 ], [ 72.940125193025921, 19.148163536665546 ], [ 72.93949072450765, 19.148813237344459 ], [ 72.938926314722735, 19.149518908509833 ], [ 72.938437399498355, 19.150273754856819 ], [ 72.938028687885094, 19.151070507473435 ], [ 72.93770411678598, 19.151901493818436 ], [ 72.937466813011795, 19.152758711588113 ], [ 72.937319063129152, 19.153633905761765 ], [ 72.937262291393608, 19.154518648084533 ], [ 72.937297045981595, 19.15540441822289 ], [ 72.937422993656199, 19.156282685811686 ], [ 72.937638922919845, 19.157144992602863 ], [ 72.937942755626182, 19.157983033924975 ], [ 72.938331566940903, 19.158788738668825 ], [ 72.938801613461933, 19.159554347028671 ], [ 72.939348369229421, 19.160272485249823 ], [ 72.939966569280728, 19.16093623666228 ], [ 72.94065026033195, 19.161539208315286 ], [ 72.941392858098993, 19.162075592570435 ], [ 72.942187210706493, 19.162540223058983 ], [ 72.943025667573863, 19.162928624463582 ], [ 72.943900153115095, 19.163237055643872 ], [ 72.944802244541251, 19.163462545689626 ], [ 72.945723253015686, 19.16360292255343 ], [ 72.946654307378409, 19.163656833986185 ], [ 72.947586439632076, 19.163623760573152 ], [ 72.948510671363792, 19.163504020744689 ], [ 72.94941810026873, 19.16329876771276 ], [ 72.950299985939893, 19.163009978362904 ], [ 72.951147834095664, 19.162640434208544 ], [ 72.951953478432131, 19.162193694591387 ], [ 72.952709159309904, 19.161674062386481 ], [ 72.953407598516122, 19.161086542542872 ], [ 72.954042069380364, 19.160436793859795 ], [ 72.954606461568432, 19.159731074463945 ], [ 72.955095339929414, 19.158976181513616 ], [ 72.955503996829336, 19.158179385711747 ], [ 72.955828497467792, 19.157348361259157 ], [ 72.956065717741765, 19.156491111924023 ], [ 72.956213374293512, 19.155615893940062 ], [ 72.956270046454094, 19.154731136477178 ] ] ] } },
{ "type": "Feature", "properties": { "station_id": "MUM_RAIL_STN_040", "station_name": "Mulund", "buffer_m": 1000 }, "geometry": { "type": "Polygon", "coordinates": [ [ [ 72.966058360097605, 19.171971850310065 ], [ 72.966023456795071, 19.171086072529199 ], [ 72.965897352287826, 19.170207810792 ], [ 72.965681262479094, 19.169345523185907 ], [ 72.965377269802005, 19.168507513824256 ], [ 72.964988303111937, 19.167701852880413 ], [ 72.96451810943249, 19.166936298879669 ], [ 72.963971217828828, 19.166218223996985 ], [ 72.963352895757964, 19.16555454307921 ], [ 72.962669098317591, 19.164951647074592 ], [ 72.961926410882967, 19.164415341509955 ], [ 72.961131985685114, 19.163950790606741 ], [ 72.960293472940577, 19.163562467573467 ], [ 72.959418947196198, 19.163254111551982 ], [ 72.958516829597158, 19.163028691631329 ], [ 72.957595806825722, 19.162888378274832 ], [ 72.956664747489924, 19.162834522434782 ], [ 72.955732616765715, 19.162867642555099 ], [ 72.954808390112461, 19.162987419586848 ], [ 72.953900966890757, 19.163192700064027 ], [ 72.953019084712309, 19.163481507210136 ], [ 72.952171235344565, 19.16385105996839 ], [ 72.951365582977928, 19.164297799772864 ], [ 72.950609885641057, 19.164817424802898 ], [ 72.949911420519129, 19.165404931391762 ], [ 72.94927691389347, 19.166054662191446 ], [ 72.948712476376045, 19.166760360630555 ], [ 72.948223544062287, 19.167515231142037 ], [ 72.947814826168852, 19.168312004581477 ], [ 72.947490259660839, 19.169143008207172 ], [ 72.947252971306526, 19.170000239548859 ], [ 72.947105247525855, 19.170875443454843 ], [ 72.947048512324741, 19.171760191576059 ], [ 72.947083313529447, 19.172645963522498 ], [ 72.947209317455602, 19.173524228910811 ], [ 72.947425312065263, 19.174386529513271 ], [ 72.947729218583731, 19.175224560717083 ], [ 72.94811811146667, 19.176030251509506 ], [ 72.948588246526839, 19.176795842218173 ], [ 72.949135096951764, 19.177513959257464 ], [ 72.949753396866939, 19.178177686160492 ], [ 72.950437192026087, 19.178780630211794 ], [ 72.951179897141614, 19.179316984038159 ], [ 72.951974359303037, 19.179781581563461 ], [ 72.952812926873335, 19.180169947787533 ], [ 72.953687523198695, 19.180478341908724 ], [ 72.954589724421595, 19.180703793373837 ], [ 72.955510840646141, 19.180844130507314 ], [ 72.956441999672947, 19.180898001443129 ], [ 72.957374232494971, 19.180864887157238 ], [ 72.958298559729315, 19.180745106474365 ], [ 72.959206078150117, 19.180539813000816 ], [ 72.960088046487172, 19.180250984012556 ], [ 72.96093596966206, 19.179881401405719 ], [ 72.961741680647975, 19.179434624893311 ], [ 72.962497419163569, 19.178914957706674 ], [ 72.963195906441186, 19.178327405132553 ], [ 72.96383041534807, 19.177677626286187 ], [ 72.964394835184592, 19.176971879585356 ], [ 72.964883730534766, 19.176216962451775 ], [ 72.965292393602454, 19.175420145821548 ], [ 72.965616889529457, 19.174589104096153 ], [ 72.96585409425991, 19.173731841210007 ], [ 72.966001724587485, 19.172856613527042 ], [ 72.966058360097605, 19.171971850310065 ] ] ] } },
{ "type": "Feature", "properties": { "station_id": "MUM_RAIL_STN_041", "station_name": "Dockyard Road", "buffer_m": 1000 }, "geometry": { "type": "Polygon", "coordinates": [ [ [ 72.85380406060888, 18.966673159243445 ], [ 72.853769684123719, 18.965787402957652 ], [ 72.85364422051947, 18.964909117568794 ], [ 72.853428879511526, 18.964046761402226 ], [ 72.853125736309039, 18.963208639242573 ], [ 72.852737711577433, 18.962402822360936 ], [ 72.852268543263506, 18.961637070795827 ], [ 72.851722750556476, 18.960918758635874 ], [ 72.851105590333361, 18.960254803023151 ], [ 72.85042300650953, 18.959651597560313 ], [ 72.849681572783226, 18.959114950761702 ], [ 72.848888429325527, 18.958650030140486 ], [ 72.848051214025901, 18.958261312469126 ], [ 72.847177988955053, 18.957952540691178 ], [ 72.846277162752244, 18.95772668789855 ], [ 72.845357409683871, 18.957585928720043 ], [ 72.844427586150786, 18.957531618396025 ], [ 72.843496645447289, 18.957564279740101 ], [ 72.842573551590249, 18.957683598112695 ], [ 72.841667193046419, 18.957888424454836 ], [ 72.84078629718671, 18.958176786352571 ], [ 72.839939346288801, 18.958545907025684 ], [ 72.839134495895607, 18.958992232058016 ], [ 72.838379496313451, 18.959511463612372 ], [ 72.837681618004822, 18.96009860180127 ], [ 72.837047581592714, 18.960747992815676 ], [ 72.836483493150041, 18.961453383349227 ], [ 72.835994785396437, 18.962207980794712 ], [ 72.835586165369122, 18.963004518634158 ], [ 72.835261569071804, 18.963835326393642 ], [ 72.835024123539313, 18.964692403490329 ], [ 72.834876116684327, 18.965567496261308 ], [ 72.834818975218141, 18.966452177433187 ], [ 72.834853250859823, 18.967337927268012 ], [ 72.834978614968335, 18.968216215604265 ], [ 72.835193861651931, 18.96907858400332 ], [ 72.835496919326246, 18.969916727210489 ], [ 72.835884870612674, 18.970722573145807 ], [ 72.836353980386832, 18.971488360654241 ], [ 72.836899731709224, 18.972206714265905 ], [ 72.837516869293196, 18.97287071524574 ], [ 72.838199450093356, 18.97347396824766 ], [ 72.838940900527703, 18.974010662930432 ], [ 72.839734079783042, 18.974475629940706 ], [ 72.840571348594224, 18.97486439072334 ], [ 72.841444642834162, 18.975173200678029 ], [ 72.842345551205426, 18.975399085245741 ], [ 72.843265396283968, 18.975539868576604 ], [ 72.844195318132989, 18.975594194502051 ], [ 72.845126359679995, 18.975561539608954 ], [ 72.846049553032771, 18.975442218288951 ], [ 72.84695600590095, 18.975237379714322 ], [ 72.847836987288844, 18.974948996769069 ], [ 72.848684011631931, 18.974579847042271 ], [ 72.849488920564852, 18.974133486066616 ], [ 72.85024396153166, 18.973614213060547 ], [ 72.850941862479445, 18.973027029504536 ], [ 72.851575901915197, 18.972377590951044 ], [ 72.852139973649841, 18.971672152533344 ], [ 72.852628645605805, 18.970917508698783 ], [ 72.853037212121549, 18.970120927748077 ], [ 72.853361739249777, 18.969290081811852 ], [ 72.853599102613813, 18.968432972940079 ], [ 72.853747017458659, 18.967557856016764 ], [ 72.85380406060888, 18.966673159243445 ] ] ] } },
{ "type": "Feature", "properties": { "station_id": "MUM_RAIL_STN_042", "station_name": "Ray Road", "buffer_m": 1000 }, "geometry": { "type": "Polygon", "coordinates": [ [ [ 72.8537413667256, 18.977478659899226 ], [ 72.853706994577138, 18.976592904375039 ], [ 72.853581529380548, 18.975714619129359 ], [ 72.853366180867482, 18.974852262486017 ], [ 72.853063024320264, 18.97401413923405 ], [ 72.852674980533607, 18.973208320654845 ], [ 72.852205787638511, 18.972442566802936 ], [ 72.851659965061401, 18.971724251788633 ], [ 72.851042769967265, 18.9710602927811 ], [ 72.850360146607471, 18.970457083415269 ], [ 72.849618669060973, 18.969920432242674 ], [ 72.848825477920599, 18.969455506818189 ], [ 72.847988211534656, 18.969066783960173 ], [ 72.847114932465217, 18.968758006661805 ], [ 72.846214049870852, 18.968532148067879 ], [ 72.845294238560214, 18.968391382862862 ], [ 72.84436435549415, 18.96833706634504 ], [ 72.843433354539314, 18.968369721387578 ], [ 72.842510200291855, 18.96848903341165 ], [ 72.841603781799193, 18.968693853419513 ], [ 72.840722827008648, 18.968982209058403 ], [ 72.839875818764696, 18.969351323608631 ], [ 72.839070913161848, 18.969797642713313 ], [ 72.838315861037614, 18.970316868592697 ], [ 72.837617933360193, 18.970904001414354 ], [ 72.836983851227856, 18.971553387421331 ], [ 72.836419721153874, 18.972258773355911 ], [ 72.835930976259078, 18.973013366655589 ], [ 72.835522323938775, 18.973809900842657 ], [ 72.835197700508246, 18.974640705478723 ], [ 72.834960233264354, 18.975497780011295 ], [ 72.834812210329716, 18.976372870802354 ], [ 72.834755058571417, 18.977257550597727 ], [ 72.834789329808558, 18.978143299672755 ], [ 72.834914695443587, 18.979021587873213 ], [ 72.835129949570913, 18.979883956761689 ], [ 72.835433020535419, 18.980722101078598 ], [ 72.83582099083128, 18.981527948733024 ], [ 72.836290125151706, 18.982293738553082 ], [ 72.836835906321284, 18.983012095046249 ], [ 72.837453078766259, 18.983676099449333 ], [ 72.838135699105663, 18.984279356382888 ], [ 72.838877193376661, 18.984816055467373 ], [ 72.839670420343666, 18.985281027306673 ], [ 72.840507740281595, 18.985669793298761 ], [ 72.841381088570387, 18.985978608792827 ], [ 72.842282053391386, 18.986204499176235 ], [ 72.843201956776085, 18.986345288542864 ], [ 72.844131938225232, 18.986399620665924 ], [ 72.845063040091375, 18.986366972072528 ], [ 72.845986293900424, 18.986247657093685 ], [ 72.846892806778811, 18.986042824840677 ], [ 72.847773847152084, 18.985754448136849 ], [ 72.848620928886831, 18.985385304511396 ], [ 72.84942589306435, 18.984938949438561 ], [ 72.850180986596115, 18.984419682080315 ], [ 72.850878936922712, 18.983832503863106 ], [ 72.851513022075395, 18.983183070288408 ], [ 72.852077135424878, 18.982477636441942 ], [ 72.852565844493057, 18.981722996727441 ], [ 72.852974443261388, 18.980926419406309 ], [ 72.853298997472564, 18.980095576574548 ], [ 72.853536382489793, 18.979238470252493 ], [ 72.853684313350385, 18.978363355299823 ], [ 72.8537413667256, 18.977478659899226 ] ] ] } },
{ "type": "Feature", "properties": { "station_id": "MUM_RAIL_STN_043", "station_name": "Cotton Green", "buffer_m": 1000 }, "geometry": { "type": "Polygon", "coordinates": [ [ [ 72.852783027320697, 18.986604369287651 ], [ 72.8527486636455, 18.985718614710699 ], [ 72.852623201919556, 18.984840329439905 ], [ 72.85240785184196, 18.983977971799327 ], [ 72.852104688710838, 18.983139846587513 ], [ 72.851716633385067, 18.982334025104556 ], [ 72.851247424107342, 18.981568267432753 ], [ 72.850701580462356, 18.980849947718909 ], [ 72.850084359818382, 18.980185983177165 ], [ 72.849401706673021, 18.979582767495398 ], [ 72.8486601953921, 18.979046109285616 ], [ 72.84786696689325, 18.978581176170117 ], [ 72.847029659884228, 18.978192445040989 ], [ 72.846156337317908, 18.977883658970732 ], [ 72.845255408771251, 18.977657791188353 ], [ 72.84433554949473, 18.977517016466564 ], [ 72.843405616910403, 18.977462690195143 ], [ 72.842474565361002, 18.977495335341064 ], [ 72.841551359929085, 18.977614637420768 ], [ 72.840644890154209, 18.977819447532301 ], [ 72.839763884476781, 18.978107793418314 ], [ 72.838916826230644, 18.978476898453188 ], [ 72.838111871991231, 18.978923208371892 ], [ 72.837356773063973, 18.979442425483427 ], [ 72.836658800867426, 18.980029550040097 ], [ 72.836024676928446, 18.980678928364888 ], [ 72.835460508162853, 18.981384307274418 ], [ 72.834971728064247, 18.98213889427419 ], [ 72.834563044367229, 18.982935422947513 ], [ 72.834238393689702, 18.983766222909406 ], [ 72.834000903591473, 18.984623293652685 ], [ 72.833852862415952, 18.98549838157604 ], [ 72.833795697206611, 18.986383059453111 ], [ 72.833829959912947, 18.987268807577809 ], [ 72.83395532202033, 18.988147095805118 ], [ 72.834170577658, 18.98900946569735 ], [ 72.834473655157083, 18.989847611985123 ], [ 72.834861636949498, 18.99065346255842 ], [ 72.835330787618389, 18.991419256217021 ], [ 72.835876589831372, 18.992137617431151 ], [ 72.836493787812401, 18.992801627391856 ], [ 72.837176437934758, 18.993404890665822 ], [ 72.837917965948819, 18.993941596812103 ], [ 72.83871123029391, 18.99440657636622 ], [ 72.839548590884718, 18.994795350651504 ], [ 72.840421982709216, 18.995104174936955 ], [ 72.841322993528948, 18.99533007452499 ], [ 72.842242944931698, 18.995470873420619 ], [ 72.843172975955071, 18.99552521530509 ], [ 72.844104128473347, 18.995492576611412 ], [ 72.845027433523811, 18.9953732715752 ], [ 72.845933997738612, 18.995168449212013 ], [ 72.846815089048079, 18.994880082250038 ], [ 72.847662220827587, 18.99451094812482 ], [ 72.848467233675819, 18.994064602219325 ], [ 72.849222374035079, 18.993545343607497 ], [ 72.849920368894587, 18.992958173631866 ], [ 72.850554495856557, 18.992308747714873 ], [ 72.851118647888995, 18.991603320868844 ], [ 72.851607392141361, 18.990848687430447 ], [ 72.852016022256606, 18.990052115600982 ], [ 72.852340603675941, 18.989221277423898 ], [ 72.852578011501109, 18.988364174874963 ], [ 72.852725960550401, 18.987489062777758 ], [ 72.852783027320697, 18.986604369287651 ] ] ] } },
{ "type": "Feature", "properties": { "station_id": "MUM_RAIL_STN_044", "station_name": "Sewri", "buffer_m": 1000 }, "geometry": { "type": "Polygon", "coordinates": [ [ [ 72.864073603587642, 18.999041277195712 ], [ 72.864039184482294, 18.998155519703616 ], [ 72.863913660396562, 18.997277236456856 ], [ 72.8636982416309, 18.996414885759069 ], [ 72.863395004145559, 18.995576772340968 ], [ 72.863006869515786, 18.994770967388114 ], [ 72.862537576748068, 18.994005230822697 ], [ 72.861991646230877, 18.99328693658742 ], [ 72.861374336168566, 18.992623001650333 ], [ 72.860691591919121, 18.99201981941362 ], [ 72.859949988724665, 18.991483198166772 ], [ 72.859156668386788, 18.991018305175881 ], [ 72.858319270496381, 18.990629616946524 ], [ 72.857445858880084, 18.990320876138231 ], [ 72.856544843970966, 18.990095055544394 ], [ 72.855624901849765, 18.989954329483769 ], [ 72.854694890734976, 18.989900052878141 ], [ 72.853763765724409, 18.989932748216948 ], [ 72.852840492606987, 18.990052100534115 ], [ 72.851933961573295, 18.99025696044481 ], [ 72.851052901653048, 18.990545355213047 ], [ 72.850205796702213, 18.990914507743405 ], [ 72.849400803745951, 18.991360863314359 ], [ 72.848645674462858, 18.991880123796083 ], [ 72.847947680564332, 18.992467289023928 ], [ 72.847313543787081, 18.993116704929779 ], [ 72.846749371171569, 18.993822117968747 ], [ 72.846260596249664, 18.994576735317885 ], [ 72.84585192670751, 18.995373290268294 ], [ 72.845527299028134, 18.996204112181793 ], [ 72.845289840551374, 18.99706120033947 ], [ 72.845141839317535, 18.997936300971826 ], [ 72.845084721986836, 18.998820986729459 ], [ 72.8451190400489, 18.999706737829626 ], [ 72.845244464457082, 19.000585024097777 ], [ 72.845459788741493, 19.001447387114144 ], [ 72.845762940572726, 19.002285521674633 ], [ 72.846151001667181, 19.003091355781187 ], [ 72.846620235844298, 19.003857128391264 ], [ 72.847166124967174, 19.004575464176973 ], [ 72.847783412422274, 19.005239444573508 ], [ 72.848466153720366, 19.005842674431712 ], [ 72.849207773732743, 19.006379343632009 ], [ 72.850001130011492, 19.006844283065501 ], [ 72.850838581584597, 19.007233014441844 ], [ 72.851712062562342, 19.007541793443384 ], [ 72.852613159846186, 19.007767645808997 ], [ 72.853533194189779, 19.007908395998939 ], [ 72.854463303830556, 19.00796268816417 ], [ 72.855394529884421, 19.007929999217279 ], [ 72.856317902679379, 19.007810643878731 ], [ 72.857224528194365, 19.007605771649445 ], [ 72.858105673768691, 19.007317355738824 ], [ 72.858952852254859, 19.006948174054759 ], [ 72.859757903801707, 19.006501782439145 ], [ 72.860513074479101, 19.005982480406988 ], [ 72.861211090984838, 19.005395269719688 ], [ 72.861845230713456, 19.004745806192354 ], [ 72.862409386511047, 19.004040345199936 ], [ 72.862898125492066, 19.003285681408194 ], [ 72.863306741351536, 19.00248908331081 ], [ 72.863631299669436, 19.001658223204061 ], [ 72.863868675771471, 19.000801103274615 ], [ 72.864016584782931, 18.999925978512934 ], [ 72.864073603587642, 18.999041277195712 ] ] ] } },
{ "type": "Feature", "properties": { "station_id": "MUM_RAIL_STN_045", "station_name": "Wadala Road", "buffer_m": 1000 }, "geometry": { "type": "Polygon", "coordinates": [ [ [ 72.868437949936677, 19.016116081966345 ], [ 72.868403513869509, 19.015230324202943 ], [ 72.868277963395784, 19.014352041933737 ], [ 72.868062509071507, 19.013489693452481 ], [ 72.867759227200636, 19.012651583467957 ], [ 72.867371039786846, 19.011845783131992 ], [ 72.866901686345741, 19.011080052321613 ], [ 72.866355687850586, 19.010361764923363 ], [ 72.865738303160512, 19.009697837838722 ], [ 72.865055478352062, 19.009094664393565 ], [ 72.864313789442789, 19.008558052792075 ], [ 72.863520379058954, 19.008093170206919 ], [ 72.862682887657655, 19.007704493043022 ], [ 72.861809379964882, 19.007395763853001 ], [ 72.860908267337535, 19.007169955318208 ], [ 72.859988226795934, 19.007029241641217 ], [ 72.85905811750483, 19.006974977624626 ], [ 72.858126895505919, 19.007007685636911 ], [ 72.857203527520696, 19.007127050590285 ], [ 72.856296904651927, 19.007331922978729 ], [ 72.855415756812576, 19.007620329946661 ], [ 72.854568568704238, 19.007989494281841 ], [ 72.853763498152219, 19.008435861149753 ], [ 72.853008297581923, 19.008955132312515 ], [ 72.85231023939113, 19.009542307503331 ], [ 72.851676045935847, 19.010191732558834 ], [ 72.851111824802885, 19.010897153846649 ], [ 72.850623009992063, 19.011651778464937 ], [ 72.85021430957471, 19.012448339635224 ], [ 72.849889660332423, 19.01327916665976 ], [ 72.849652189814094, 19.014136258770584 ], [ 72.849504186177512, 19.015011362160188 ], [ 72.849447076107637, 19.015896049452479 ], [ 72.849481411025735, 19.016781800849728 ], [ 72.849606861724368, 19.017660086174129 ], [ 72.849822221481844, 19.018522447014547 ], [ 72.850125417628348, 19.019360578187225 ], [ 72.850513531454553, 19.020166407726094 ], [ 72.850982826272784, 19.020932174631881 ], [ 72.851528783362639, 19.021650503630905 ], [ 72.852146145456118, 19.022314476222999 ], [ 72.852828967345076, 19.022917697333476 ], [ 72.853570673124182, 19.023454356926365 ], [ 72.854364119518848, 19.023919285984757 ], [ 72.85520166468811, 19.024308006317764 ], [ 72.856075241839704, 19.024616773713799 ], [ 72.856976436947463, 19.024842614023292 ], [ 72.857896569821406, 19.024983351822577 ], [ 72.858826777748462, 19.025037631382041 ], [ 72.859758100896457, 19.025004929735925 ], [ 72.860681568656773, 19.024885561727345 ], [ 72.861588286092342, 19.024680676979745 ], [ 72.862469519656059, 19.024392248823659 ], [ 72.863316781351969, 19.024023055285571 ], [ 72.864121910526862, 19.023576652322255 ], [ 72.864877152502487, 19.023057339558708 ], [ 72.86557523328986, 19.022470118860436 ], [ 72.866209429664607, 19.02182064613962 ], [ 72.866773633927764, 19.021115176860398 ], [ 72.86726241272774, 19.020360505768881 ], [ 72.86767105937713, 19.019563901429493 ], [ 72.867995639160583, 19.018733036198935 ], [ 72.868233027198514, 19.017875912313414 ], [ 72.868380938502767, 19.017000784801525 ], [ 72.868437949936677, 19.016116081966345 ] ] ] } },
{ "type": "Feature", "properties": { "station_id": "MUM_RAIL_STN_046", "station_name": "Guru Tej Bahadur Nagar", "buffer_m": 1000 }, "geometry": { "type": "Polygon", "coordinates": [ [ [ 72.873857908804496, 19.038138674804351 ], [ 72.873823451904727, 19.037252916772118 ], [ 72.873697868429105, 19.036374635746217 ], [ 72.873482369253296, 19.035512290007816 ], [ 72.873179031114773, 19.034674184238529 ], [ 72.872790776560436, 19.033868389548765 ], [ 72.872321345753463, 19.033102665760264 ], [ 72.871775260412775, 19.032384386691014 ], [ 72.871157780234157, 19.031720469161343 ], [ 72.870474852213576, 19.031117306404216 ], [ 72.869733053361912, 19.030580706520094 ], [ 72.868939527363395, 19.030115836568061 ], [ 72.868101915787221, 19.029727172830807 ], [ 72.867228284515136, 19.029418457731246 ], [ 72.866327046092422, 19.029192663814761 ], [ 72.865406878748885, 19.029051965143072 ], [ 72.864476642868453, 19.028997716374398 ], [ 72.863545295709883, 19.029030439730661 ], [ 72.862621805198074, 19.029149819976766 ], [ 72.861715063613943, 19.029354707460019 ], [ 72.860833802012166, 19.029643129180226 ], [ 72.859986506188633, 19.030012307783892 ], [ 72.859181335005005, 19.030458688300008 ], [ 72.858426041855211, 19.03097797236018 ], [ 72.857727900028394, 19.031565159574335 ], [ 72.857093632686215, 19.032214595664197 ], [ 72.856529348127623, 19.032920026891947 ], [ 72.856040480964211, 19.033674660260726 ], [ 72.855631739772775, 19.034471228908366 ], [ 72.855307061729164, 19.035302062065519 ], [ 72.855069574661414, 19.03615915890542 ], [ 72.854921566888677, 19.03703426557508 ], [ 72.854864465137751, 19.037918954666704 ], [ 72.854898820751856, 19.038804706364942 ], [ 72.855024304326193, 19.039682990488632 ], [ 72.855239708824286, 19.040545348637558 ], [ 72.855542961147052, 19.041383475653191 ], [ 72.855931142045435, 19.042189299608623 ], [ 72.856400514186831, 19.042955059557464 ], [ 72.85694655810677, 19.043673380292095 ], [ 72.857564015701286, 19.04433734339101 ], [ 72.858246940842307, 19.044940553870045 ], [ 72.858988756629557, 19.045477201794832 ], [ 72.859782318728051, 19.045942118260079 ], [ 72.86061998418127, 19.046330825195628 ], [ 72.861493685036962, 19.046639578518494 ], [ 72.862395006075829, 19.04686540421439 ], [ 72.863315265893149, 19.047006127000316 ], [ 72.8642456005513, 19.047060391291364 ], [ 72.865177048995548, 19.047027674269106 ], [ 72.866100639408643, 19.046908290925209 ], [ 72.867007475670491, 19.046703391031425 ], [ 72.867888823088037, 19.046414948064875 ], [ 72.868736192567525, 19.046045740195531 ], [ 72.869541422416731, 19.045599323519081 ], [ 72.870296756987258, 19.045079997793525 ], [ 72.870994921398164, 19.044492765010126 ], [ 72.871629191619903, 19.043843281198345 ], [ 72.872193459242894, 19.043137801929948 ], [ 72.872682290306329, 19.042383122047951 ], [ 72.873090977620734, 19.041586510202009 ], [ 72.873415586080739, 19.040755638821558 ], [ 72.873652990532335, 19.039898510202253 ], [ 72.873800905831288, 19.039023379418357 ], [ 72.873857908804496, 19.038138674804351 ] ] ] } },
{ "type": "Feature", "properties": { "station_id": "MUM_RAIL_STN_047", "station_name": "Chunna Bhatti", "buffer_m": 1000 }, "geometry": { "type": "Polygon", "coordinates": [ [ [ 72.878443205500957, 19.051816700548056 ], [ 72.878408729122683, 19.050930941955819 ], [ 72.878283118593146, 19.050052661919931 ], [ 72.878067585049678, 19.04919031871157 ], [ 72.877764205561647, 19.048352216987439 ], [ 72.877375903074949, 19.047546427818396 ], [ 72.876906418214887, 19.046780710972385 ], [ 72.87636027322128, 19.046062440199918 ], [ 72.875742728364386, 19.04539853224081 ], [ 72.875059731262866, 19.044795380235296 ], [ 72.874317859592466, 19.044258792179779 ], [ 72.873524257737941, 19.043793935019025 ], [ 72.872686567998144, 19.043405284912222 ], [ 72.871812857006546, 19.043096584150785 ], [ 72.870911538074992, 19.042870805141945 ], [ 72.869991290207338, 19.042730121803896 ], [ 72.869060974561719, 19.042675888647324 ], [ 72.868129549163768, 19.042708627744087 ], [ 72.867205982690678, 19.042828023707866 ], [ 72.866299168153802, 19.043032926735073 ], [ 72.865417837309465, 19.043321363676352 ], [ 72.864570476619605, 19.043690557032214 ], [ 72.863765245570093, 19.044136951690199 ], [ 72.863009898131068, 19.044656249146353 ], [ 72.862311708114504, 19.045243448882175 ], [ 72.861677399146359, 19.045892896499403 ], [ 72.861113079926909, 19.046598338149668 ], [ 72.860624185402244, 19.047352980736175 ], [ 72.860215424413582, 19.048149557308289 ], [ 72.859890734328445, 19.048980397020557 ], [ 72.859653243092055, 19.049837498983173 ], [ 72.859505239064973, 19.050712609293772 ], [ 72.859448148939236, 19.051597300509354 ], [ 72.859482523947364, 19.052483052793818 ], [ 72.859608034499018, 19.053361335959988 ], [ 72.859823473299002, 19.054223691616421 ], [ 72.860126766918853, 19.055061814628019 ], [ 72.860514995712549, 19.055867633105859 ], [ 72.860984421886769, 19.056633386155685 ], [ 72.861530525456956, 19.057351698635689 ], [ 72.862148047744725, 19.058015652203263 ], [ 72.86283104199876, 19.058618851965448 ], [ 72.863572930652722, 19.059155488090603 ], [ 72.864366568669197, 19.059620391786655 ], [ 72.865204312359623, 19.060009085106099 ], [ 72.866078093017251, 19.060317824096874 ], [ 72.866979494653023, 19.060543634882631 ], [ 72.867899835084799, 19.060684342323992 ], [ 72.868830249597281, 19.060738590984002 ], [ 72.869761776365365, 19.060705858195018 ], [ 72.870685442816352, 19.060586459100943 ], [ 72.871592352096712, 19.060381543625674 ], [ 72.872473768809243, 19.060093085396925 ], [ 72.873321203192091, 19.059723862732255 ], [ 72.874126492927445, 19.059277431870452 ], [ 72.874881881789875, 19.058758092706768 ], [ 72.875580094375536, 19.058170847362476 ], [ 72.876214406191181, 19.057521351988573 ], [ 72.876778708427082, 19.056815862268671 ], [ 72.877267566789797, 19.056061173146873 ], [ 72.877676273827831, 19.055264553362122 ], [ 72.878000894246924, 19.054433675420512 ], [ 72.878238302779081, 19.053576541680979 ], [ 72.878386214242056, 19.052701407267065 ], [ 72.878443205500957, 19.051816700548056 ] ] ] } },
{ "type": "Feature", "properties": { "station_id": "MUM_RAIL_STN_048", "station_name": "Tilak Nagar", "buffer_m": 1000 }, "geometry": { "type": "Polygon", "coordinates": [ [ [ 72.899474693475881, 19.065888752081001 ], [ 72.899440109942446, 19.06500298763515 ], [ 72.899314384337501, 19.064124711483341 ], [ 72.899098728907305, 19.063262381857683 ], [ 72.89879522189554, 19.062424303282445 ], [ 72.898406787476063, 19.06161854660397 ], [ 72.897937167544328, 19.060852871275866 ], [ 72.897390885640007, 19.060134650647562 ], [ 72.896773203350648, 19.059470800974935 ], [ 72.896090069616804, 19.058867714836165 ], [ 72.895348063428202, 19.058331199592857 ], [ 72.894554330462995, 19.05786642148847 ], [ 72.893716514280527, 19.057477855921004 ], [ 72.892842682729778, 19.057169244368268 ], [ 72.891941250281448, 19.056943558379164 ], [ 72.891020897030643, 19.056802970977127 ], [ 72.890090485148562, 19.056748835750248 ], [ 72.889158973586149, 19.056781673828734 ], [ 72.888235331849188, 19.056901168874617 ], [ 72.887328453673149, 19.057106170131739 ], [ 72.886447071426815, 19.057394703506372 ], [ 72.885599672067258, 19.0577639905719 ], [ 72.884794415453229, 19.058210475314809 ], [ 72.884039055801992, 19.058729858364828 ], [ 72.88334086704441, 19.059317138380177 ], [ 72.882706572795925, 19.059966660190167 ], [ 72.882142281616936, 19.060672169232372 ], [ 72.881653428185615, 19.061426871761078 ], [ 72.881244720949525, 19.062223500248194 ], [ 72.880920096760804, 19.063054383347765 ], [ 72.880682682932189, 19.063911519751315 ], [ 72.880534767080761, 19.064786655223728 ], [ 72.880477775051233, 19.065671362078369 ], [ 72.880512257132892, 19.066557120327062 ], [ 72.880637882705415, 19.067435399723593 ], [ 72.880853443366675, 19.068297741911156 ], [ 72.881156864514978, 19.069135841882758 ], [ 72.881545225276071, 19.069941627969772 ], [ 72.882014786585202, 19.070707339588463 ], [ 72.882561027155489, 19.071425601994761 ], [ 72.88317868698789, 19.072089497327287 ], [ 72.883861818004846, 19.072692631253187 ], [ 72.884603841320995, 19.073229194574406 ], [ 72.885397610600023, 19.073694019199912 ], [ 72.886235480887038, 19.07408262794387 ], [ 72.887109382253868, 19.074391277669267 ], [ 72.88801089754682, 19.074616995360234 ], [ 72.88893134348713, 19.074757606775041 ], [ 72.889861854341561, 19.074811757402809 ], [ 72.890793467355749, 19.074778925521485 ], [ 72.891717209125119, 19.074659427230884 ], [ 72.892624182070108, 19.074454413411846 ], [ 72.893505650179932, 19.07416585864086 ], [ 72.894353123197845, 19.073796542166797 ], [ 72.895158438434478, 19.073350021133297 ], [ 72.895913839419734, 19.072830596305277 ], [ 72.896612050634275, 19.072243270630029 ], [ 72.897246347599648, 19.07159370103291 ], [ 72.897810621651075, 19.070888143912789 ], [ 72.898299438768603, 19.070133394862978 ], [ 72.898708091900133, 19.069336723199363 ], [ 72.899032646272786, 19.068505801927138 ], [ 72.899269977256765, 19.067648633821722 ], [ 72.899417800418689, 19.066773474336536 ], [ 72.899474693475881, 19.065888752081001 ] ] ] } },
{ "type": "Feature", "properties": { "station_id": "MUM_RAIL_STN_049", "station_name": "Chembur", "buffer_m": 1000 }, "geometry": { "type": "Polygon", "coordinates": [ [ [ 72.910742515317764, 19.062705470729618 ], [ 72.91070787052297, 19.061819702453249 ], [ 72.9105820853339, 19.060941428260954 ], [ 72.910366372570167, 19.060079106365194 ], [ 72.910062811026862, 19.059241041215103 ], [ 72.90967432540225, 19.058435303527141 ], [ 72.909204658083965, 19.057669652571583 ], [ 72.908658333067081, 19.056951461462809 ], [ 72.908040612353304, 19.056287646172265 ], [ 72.907357445252245, 19.055684598947014 ], [ 72.906615411074029, 19.055148126774082 ], [ 72.905821655765493, 19.054683395482467 ], [ 72.904983823100423, 19.054294880019825 ], [ 72.904109981085895, 19.053986321382009 ], [ 72.90320854429298, 19.053760690609039 ], [ 72.902288192858364, 19.053620160193375 ], [ 72.901357788935684, 19.053566083175113 ], [ 72.900426291399427, 19.053598980124722 ], [ 72.899502669620617, 19.053718534138099 ], [ 72.898595817143033, 19.053923593891966 ], [ 72.897714466088644, 19.054212184729934 ], [ 72.896867103114957, 19.054581527672571 ], [ 72.896061887731207, 19.055028066168695 ], [ 72.895306573758575, 19.055547500330672 ], [ 72.894608434689033, 19.056134828324637 ], [ 72.893974193660512, 19.056784394517837 ], [ 72.893409958721818, 19.057489943920228 ], [ 72.892921164010318, 19.058244682397081 ], [ 72.892512517408903, 19.059041342073623 ], [ 72.89218795518633, 19.059872251302924 ], [ 72.891950604059005, 19.060729408524178 ], [ 72.89180275104043, 19.061604559300982 ], [ 72.891745821370193, 19.062489275798491 ], [ 72.891780364736945, 19.063375037934815 ], [ 72.891906049929787, 19.064253315425486 ], [ 72.892121667971878, 19.065115649931286 ], [ 72.892425143708238, 19.065953736518491 ], [ 72.89281355573813, 19.0667595036468 ], [ 72.893283164502094, 19.067525190914598 ], [ 72.893829448255275, 19.068243423812017 ], [ 72.894447146581726, 19.06890728476171 ], [ 72.895130311032148, 19.069510379761962 ], [ 72.895872362398293, 19.070046899989755 ], [ 72.896666154072804, 19.070511677769421 ], [ 72.897504040884343, 19.070900236366747 ], [ 72.898377952745051, 19.071208833128242 ], [ 72.899279472399684, 19.071434495548836 ], [ 72.900199916527257, 19.071575049919858 ], [ 72.901130419411942, 19.071629142280617 ], [ 72.902062018376242, 19.071596251471053 ], [ 72.90298574015128, 19.071476694159298 ], [ 72.90389268735052, 19.07127162179539 ], [ 72.904774124211841, 19.070983009520312 ], [ 72.905621560780276, 19.07061363713732 ], [ 72.906426834718346, 19.070167062328952 ], [ 72.907182189954653, 19.069647586378331 ], [ 72.907880351411521, 19.069060212725219 ], [ 72.908514595090665, 19.068410598757023 ], [ 72.909078812841443, 19.06770500129976 ], [ 72.909567571186955, 19.066950216334867 ], [ 72.909976163641886, 19.066153513523648 ], [ 72.910300656018293, 19.065322566170657 ], [ 72.910537924283901, 19.064465377301779 ], [ 72.910685684609547, 19.063590202569621 ], [ 72.910742515317764, 19.062705470729618 ] ] ] } },
{ "type": "Feature", "properties": { "station_id": "MUM_RAIL_STN_050", "station_name": "Govandi", "buffer_m": 1000 }, "geometry": { "type": "Polygon", "coordinates": [ [ [ 72.924892340477768, 19.055200308623636 ], [ 72.924857617562822, 19.054314535339692 ], [ 72.924731758298535, 19.053436263592211 ], [ 72.924515976216924, 19.052573951569165 ], [ 72.924212350779499, 19.051735903623804 ], [ 72.923823807298632, 19.050930190306254 ], [ 72.923354088717716, 19.050164570651599 ], [ 72.922807719524172, 19.04944641747252 ], [ 72.922189962143761, 19.048782646375095 ], [ 72.921506766237897, 19.048179649180941 ], [ 72.92076471139292, 19.047643232395615 ], [ 72.919970943753711, 19.047178561315224 ], [ 72.919133107211991, 19.046790110308301 ], [ 72.918259269811614, 19.046481619750828 ], [ 72.9173578460789, 19.04625606002811 ], [ 72.916437516024715, 19.046115602949421 ], [ 72.915507141597075, 19.046061600849669 ], [ 72.914575681386836, 19.04609457357887 ], [ 72.913652104406367, 19.046214203504157 ], [ 72.912745303768943, 19.046419338572111 ], [ 72.911864011098444, 19.046708003401832 ], [ 72.911016712491346, 19.047077418301967 ], [ 72.910211566838413, 19.047524026028825 ], [ 72.909456327290656, 19.048043526028295 ], [ 72.908758266624673, 19.048630915832536 ], [ 72.908124107224609, 19.049280539213385 ], [ 72.907559956354334, 19.049986140629692 ], [ 72.907071247342643, 19.050740925445272 ], [ 72.906662687247831, 19.051537625338344 ], [ 72.906338211506153, 19.052368568273828 ], [ 72.906100946001459, 19.053225752365325 ], [ 72.905953176922694, 19.054100922916614 ], [ 72.90589632870082, 19.05498565190133 ], [ 72.905930950239593, 19.055871419116258 ], [ 72.906056709574514, 19.056749694226987 ], [ 72.906272397013794, 19.057612018916295 ], [ 72.906575936732949, 19.058450088344184 ], [ 72.90696440671374, 19.059255831134955 ], [ 72.907434066837325, 19.060021487120885 ], [ 72.907980394862776, 19.060739682093121 ], [ 72.908598129946398, 19.061403498839468 ], [ 72.909281323283622, 19.062006543784069 ], [ 72.91002339538683, 19.062543008586335 ], [ 72.910817199447905, 19.063007726104892 ], [ 72.911655090175486, 19.063396220186622 ], [ 72.912528997443317, 19.063704748800212 ], [ 72.913430504040193, 19.063930340097855 ], [ 72.91435092677078, 19.064070821056891 ], [ 72.915281400125565, 19.064124838424686 ], [ 72.916212961711977, 19.064091871764504 ], [ 72.917136638621827, 19.063972238475966 ], [ 72.918043533901596, 19.063767090741745 ], [ 72.918924912290365, 19.0634784044295 ], [ 72.919772284397524, 19.063108960056134 ], [ 72.920577488507774, 19.062662315998008 ], [ 72.921332769223625, 19.062142774205387 ], [ 72.922030852186396, 19.061555338752211 ], [ 72.9226650141551, 19.060905667620922 ], [ 72.923229147767131, 19.060200018187672 ], [ 72.923717820356956, 19.059445186933925 ], [ 72.92412632626592, 19.058648443966042 ], [ 72.924450732140116, 19.057817462974455 ], [ 72.924687914780662, 19.056960247308037 ], [ 72.92483559118304, 19.056085052876409 ], [ 72.924892340477768, 19.055200308623636 ] ] ] } },
{ "type": "Feature", "properties": { "station_id": "MUM_RAIL_STN_051", "station_name": "Mankhurd", "buffer_m": 1000 }, "geometry": { "type": "Polygon", "coordinates": [ [ [ 72.941221891116413, 19.048271228695942 ], [ 72.941187078723573, 19.04738544981873 ], [ 72.941061133698639, 19.046507180980903 ], [ 72.940845270398611, 19.045644880341328 ], [ 72.940541569066013, 19.044806852142667 ], [ 72.940152955742718, 19.04400116674406 ], [ 72.939683174043367, 19.043235582911137 ], [ 72.939136749061618, 19.042517473111211 ], [ 72.938518943759021, 19.041853752532479 ], [ 72.937835708257012, 19.041250812510103 ], [ 72.9370936225219, 19.040714458999432 ], [ 72.936299832994848, 19.040249856687744 ], [ 72.935461983777373, 19.039861479282063 ], [ 72.934588143034645, 19.03955306645048 ], [ 72.933686725324719, 19.039327587830865 ], [ 72.932766410600266, 19.039187214452586 ], [ 72.931836060661794, 19.039133297845694 ], [ 72.93090463386477, 19.039166357038102 ], [ 72.929981098900456, 19.039286073565428 ], [ 72.929074348478437, 19.039491294541328 ], [ 72.928193113740178, 19.039780043758533 ], [ 72.927345880225616, 19.04014954071377 ], [ 72.926540806200052, 19.040596227373722 ], [ 72.92578564412625, 19.041115802424478 ], [ 72.925087666036205, 19.041703262675561 ], [ 72.924453593520326, 19.042352951220238 ], [ 72.92388953300707, 19.043058611889485 ], [ 72.923400916956282, 19.043813449475881 ], [ 72.922992451532011, 19.044610195148689 ], [ 72.922668071259451, 19.04544117643098 ], [ 72.922430901103596, 19.046298391065999 ], [ 72.922283226335225, 19.047173584062175 ], [ 72.922226470476971, 19.048058327175781 ], [ 72.922261181542638, 19.048944100066294 ], [ 72.922387026704826, 19.04982237234346 ], [ 72.922602795444192, 19.050684685716245 ], [ 72.922906411152169, 19.051522735452679 ], [ 72.923294951077324, 19.052328450365899 ], [ 72.92376467442574, 19.053094070556075 ], [ 72.924311058346078, 19.05381222215869 ], [ 72.924928841454829, 19.054475988379107 ], [ 72.925612074483396, 19.055078976128161 ], [ 72.92635417756054, 19.055615377616419 ], [ 72.927148003578665, 19.056080026312827 ], [ 72.927985907033928, 19.056468446727834 ], [ 72.928859817676823, 19.056776897540519 ], [ 72.929761318263061, 19.057002407653417 ], [ 72.930681725655077, 19.057142804826906 ], [ 72.931612174491221, 19.057196736616483 ], [ 72.932543702615448, 19.057163683410781 ], [ 72.933467337442508, 19.057043963444116 ], [ 72.934374182425188, 19.056838729734995 ], [ 72.935255502788081, 19.056549958980032 ], [ 72.93610280970077, 19.056180432510171 ], [ 72.936907942077283, 19.055733709492973 ], [ 72.937663145212483, 19.055214092639517 ], [ 72.938361145496387, 19.05462658674675 ], [ 72.938995220485694, 19.053976850475387 ], [ 72.939559263656889, 19.053271141828574 ], [ 72.94004784321659, 19.052516257857448 ], [ 72.940456254403102, 19.051719469175325 ], [ 72.94078056477548, 19.050888449911927 ], [ 72.941017652055052, 19.050031203783622 ], [ 72.941165234155832, 19.049155986992236 ], [ 72.941221891116413, 19.048271228695942 ] ] ] } },
{ "type": "Feature", "properties": { "station_id": "MUM_RAIL_STN_052", "station_name": "Kings Circle", "buffer_m": 1000 }, "geometry": { "type": "Polygon", "coordinates": [ [ [ 72.866665421974574, 19.032376441003887 ], [ 72.866631001296199, 19.031490684948206 ], [ 72.866505457274371, 19.030612402626108 ], [ 72.866290000404391, 19.029750052331803 ], [ 72.86598670701612, 19.028911938791364 ], [ 72.865598499225456, 19.028106133190601 ], [ 72.865129116745308, 19.027340395456843 ], [ 72.864583080829505, 19.026622099542841 ], [ 72.863965650698177, 19.025958162431525 ], [ 72.863282772865873, 19.025354977544751 ], [ 72.862541023860828, 19.024818353196245 ], [ 72.861747546887898, 19.024353456680817 ], [ 72.860909983044934, 19.023964764536924 ], [ 72.860036397754783, 19.023656019460891 ], [ 72.859135203120744, 19.023430194286544 ], [ 72.858215076951637, 19.023289463376287 ], [ 72.857284879235564, 19.023235181698368 ], [ 72.856353566864342, 19.023267871791155 ], [ 72.855430107428319, 19.023387218739341 ], [ 72.854523392909528, 19.023592073210345 ], [ 72.853642154102175, 19.023880462521312 ], [ 72.852794876582664, 19.024249609630324 ], [ 72.851989719036283, 19.024695959869142 ], [ 72.851234434725328, 19.025215215160511 ], [ 72.850536296853463, 19.025802375391031 ], [ 72.849902028543681, 19.02645178654203 ], [ 72.849337738103586, 19.027157195115635 ], [ 72.848848860200732, 19.027911808333116 ], [ 72.848440103514505, 19.028708359526387 ], [ 72.848115405369214, 19.029539178094364 ], [ 72.847877893785665, 19.030396263351033 ], [ 72.847729857318342, 19.031271361555291 ], [ 72.847672722969691, 19.032156045381338 ], [ 72.847707042396266, 19.033041795065003 ], [ 72.847832486541279, 19.033920080445089 ], [ 72.848047848747626, 19.034782443109858 ], [ 72.848351056323324, 19.035620577857848 ], [ 72.848739190450218, 19.036426412688265 ], [ 72.849208514246229, 19.037192186550485 ], [ 72.849754508712735, 19.037910524103374 ], [ 72.850371916222485, 19.038574506763826 ], [ 72.851054791130267, 19.039177739359587 ], [ 72.851796557020222, 19.039714411743461 ], [ 72.85259007003863, 19.0401793547747 ], [ 72.85342768770245, 19.040568090127262 ], [ 72.854301342520458, 19.040876873444326 ], [ 72.855202619717531, 19.041102730422487 ], [ 72.856122838311933, 19.041243485477153 ], [ 72.857053134763746, 19.041297782712199 ], [ 72.857984548386767, 19.041265098991428 ], [ 72.858908107699605, 19.041145748985251 ], [ 72.859814916882016, 19.040940882143783 ], [ 72.860696241501941, 19.040652471625265 ], [ 72.861543592685237, 19.040283295286603 ], [ 72.862348808915755, 19.039836908919316 ], [ 72.863104134675993, 19.039317611989063 ], [ 72.863802295169435, 19.038730406209396 ], [ 72.864436566403739, 19.038080947349425 ], [ 72.86500083995891, 19.037375490740434 ], [ 72.865489681816285, 19.036620831007163 ], [ 72.865898384681657, 19.035824236605215 ], [ 72.866223013299077, 19.034993379796209 ], [ 72.866460442319621, 19.034136262735725 ], [ 72.866608386361648, 19.033261140387058 ], [ 72.866665421974574, 19.032376441003887 ] ] ] } },
{ "type": "Feature", "properties": { "station_id": "MUM_RAIL_STN_053", "station_name": "Mira Road", "buffer_m": 1000 }, "geometry": { "type": "Polygon", "coordinates": [ [ [ 72.865607754227568, 19.279852076501978 ], [ 72.865573429572223, 19.278966337996859 ], [ 72.865447844225258, 19.278088059333676 ], [ 72.865232209101791, 19.277225698768948 ], [ 72.864928602268691, 19.276387561123439 ], [ 72.864539948878544, 19.275581717809317 ], [ 72.864069992950718, 19.274815929109984 ], [ 72.863523261273201, 19.274097569460796 ], [ 72.86290501977426, 19.273433556449515 ], [ 72.862221222785635, 19.272830284219516 ], [ 72.861478455686395, 19.272293561916268 ], [ 72.860683871480688, 19.271828557768742 ], [ 72.859845121920017, 19.271439749343472 ], [ 72.858970283832946, 19.271130880449121 ], [ 72.858067781371162, 19.270904925105707 ], [ 72.857146304919297, 19.270764058924492 ], [ 72.856214727448247, 19.270709638173432 ], [ 72.855282019115336, 19.270742186729006 ], [ 72.854357160932366, 19.270861391039631 ], [ 72.853449058330199, 19.271066103148861 ], [ 72.852566455450756, 19.271354351749068 ], [ 72.851717850989132, 19.271723361159232 ], [ 72.850911416394695, 19.272169578044373 ], [ 72.850154917216884, 19.272688705619714 ], [ 72.849455638351586, 19.273275745010835 ], [ 72.848820313906913, 19.27392504337217 ], [ 72.848255062362767, 19.274630348301582 ], [ 72.847765327648119, 19.275384868027622 ], [ 72.847355826703591, 19.276181336791097 ], [ 72.847030504034436, 19.277012084792279 ], [ 72.846792493692675, 19.277869112030977 ], [ 72.846644089055445, 19.278744165329602 ], [ 72.846586720692031, 19.279628817797835 ], [ 72.846620942534926, 19.280514549974747 ], [ 72.846746426489617, 19.281392831867098 ], [ 72.846961965537432, 19.28225520509428 ], [ 72.847265485303623, 19.283093364348911 ], [ 72.847654063981551, 19.283899237388386 ], [ 72.848123960422967, 19.284665062786996 ], [ 72.848670650125968, 19.285383464699045 ], [ 72.84928886877529, 19.286047523912639 ], [ 72.849972662917324, 19.286650844508856 ], [ 72.850715447282383, 19.287187615483557 ], [ 72.851510068202785, 19.287652666737351 ], [ 72.852348872516131, 19.288041518893429 ], [ 72.853223781289728, 19.288350426462586 ], [ 72.854126367655468, 19.288576413938554 ], [ 72.85504793800429, 19.288717304475224 ], [ 72.855979615756951, 19.288771740868683 ], [ 72.856912426902312, 19.28873919864132 ], [ 72.857837386477584, 19.288619991101534 ], [ 72.85874558515539, 19.288415266329849 ], [ 72.859628275101755, 19.288126996120532 ], [ 72.860476954275597, 19.287757956985001 ], [ 72.861283448356431, 19.287311703400579 ], [ 72.862039989508773, 19.286792533562373 ], [ 72.86273929122369, 19.28620544796895 ], [ 72.863374618514925, 19.285556101241387 ], [ 72.863939852793266, 19.284850747640526 ], [ 72.86442955079319, 19.284096180808216 ], [ 72.864838996985057, 19.283299668313937 ], [ 72.865164248967673, 19.282468881637953 ], [ 72.865402175405478, 19.281611822266701 ], [ 72.86555048614575, 19.280736744612621 ], [ 72.865607754227568, 19.279852076501978 ] ] ] } },
{ "type": "Feature", "properties": { "station_id": "MUM_RAIL_STN_054", "station_name": "Bhayandar", "buffer_m": 1000 }, "geometry": { "type": "Polygon", "coordinates": [ [ [ 72.862082806794774, 19.311550964439114 ], [ 72.862048512750377, 19.310665229314118 ], [ 72.86192294029496, 19.309786950540044 ], [ 72.861707300222406, 19.308924586374381 ], [ 72.861403670649949, 19.308086441672284 ], [ 72.861014976951694, 19.307280587913318 ], [ 72.86054496353735, 19.306514785480733 ], [ 72.85999815775024, 19.305796408941212 ], [ 72.859379826233649, 19.305132376044106 ], [ 72.858695924186904, 19.304529081123135 ], [ 72.857953038001014, 19.303992333541053 ], [ 72.857158321826589, 19.303527301769051 ], [ 72.856319428685055, 19.303138463638511 ], [ 72.855444436786271, 19.30282956324303 ], [ 72.854541771761234, 19.302603574905021 ], [ 72.853620125557882, 19.302462674552697 ], [ 72.852688372779198, 19.302408218782446 ], [ 72.851755485268086, 19.302440731807604 ], [ 72.850830445758959, 19.302559900418593 ], [ 72.849922161426107, 19.302764577002851 ], [ 72.849039378158864, 19.303052790595199 ], [ 72.848190596387056, 19.303421765852281 ], [ 72.847383989265495, 19.303867949768801 ], [ 72.846627324003393, 19.304387045878403 ], [ 72.845927887094888, 19.304974055610771 ], [ 72.845292414169435, 19.305623326407154 ], [ 72.844727025136706, 19.306328606132094 ], [ 72.844237165250178, 19.307083103258126 ], [ 72.843827552656919, 19.307879552244902 ], [ 72.843502132938951, 19.30871028348427 ], [ 72.843264041084851, 19.309567297138475 ], [ 72.843115571259077, 19.31044234016154 ], [ 72.843058154661364, 19.311326985762772 ], [ 72.843092345691531, 19.312212714547758 ], [ 72.843217816554741, 19.313090996556099 ], [ 72.843433360361246, 19.313953373406004 ], [ 72.843736902693223, 19.314791539754875 ], [ 72.844125521529222, 19.315597423291273 ], [ 72.844595475336419, 19.316363262487609 ], [ 72.845142239062156, 19.317081681364403 ], [ 72.845760547679561, 19.317745760545311 ], [ 72.846444446869299, 19.318349103917921 ], [ 72.847187350350168, 19.318885900257541 ], [ 72.847982103306904, 19.319350979219237 ], [ 72.848821051304569, 19.319739861158176 ], [ 72.849696114025207, 19.320048800297208 ], [ 72.850598863116161, 19.320274820825034 ], [ 72.851520603398939, 19.320415745576408 ], [ 72.852452456655072, 19.320470217017292 ], [ 72.853385447180429, 19.32043771033214 ], [ 72.854310588281777, 19.320318538486877 ], [ 72.855218968880678, 19.320113849218377 ], [ 72.856101839388387, 19.319825613979258 ], [ 72.856950696022452, 19.319456608944741 ], [ 72.857757362751173, 19.319010388264466 ], [ 72.858514070074648, 19.318491249817587 ], [ 72.859213529882325, 19.317904193801436 ], [ 72.859849005664785, 19.317254874553399 ], [ 72.860414377402535, 19.316549546070917 ], [ 72.860904200506738, 19.315795001755188 ], [ 72.861313758243867, 19.314998508960016 ], [ 72.861639107139993, 19.314167738977112 ], [ 72.861877114928149, 19.31331069313309 ], [ 72.862025490674526, 19.312435625710968 ], [ 72.862082806794774, 19.311550964439114 ] ] ] } },
{ "type": "Feature", "properties": { "station_id": "MUM_RAIL_STN_055", "station_name": "Naigaon", "buffer_m": 1000 }, "geometry": { "type": "Polygon", "coordinates": [ [ [ 72.855797923110572, 19.351419701326932 ], [ 72.855763677690135, 19.350533971070899 ], [ 72.855638131537091, 19.349655691830471 ], [ 72.855422495195654, 19.348793321867685 ], [ 72.855118846750685, 19.34795516609325 ], [ 72.854730111761242, 19.347149296092795 ], [ 72.854260035037541, 19.346383472405126 ], [ 72.853713144534979, 19.345665069800518 ], [ 72.853094707714362, 19.345001006278054 ], [ 72.852410680790229, 19.344397676464922 ], [ 72.851667651356578, 19.34386089005837 ], [ 72.850872774943213, 19.343395815901875 ], [ 72.850033706113649, 19.343006932233443 ], [ 72.849158524767986, 19.342697983583729 ], [ 72.848255658359349, 19.342471944738516 ], [ 72.847333800772233, 19.342330992111275 ], [ 72.846401828642144, 19.342276482800923 ], [ 72.845468715920902, 19.342308941535748 ], [ 72.844543447508173, 19.342428055628684 ], [ 72.843634932779054, 19.342632677992157 ], [ 72.842751919838179, 19.342920838183428 ], [ 72.841902911324027, 19.343289761374013 ], [ 72.841096082572236, 19.343735895060888 ], [ 72.840339202924085, 19.344254943262545 ], [ 72.839639560936661, 19.344841907871327 ], [ 72.839003894213363, 19.345491136764533 ], [ 72.838438324529932, 19.3461963782118 ], [ 72.837948298879937, 19.346950841055889 ], [ 72.837538537007944, 19.34774726008818 ], [ 72.837212985935309, 19.348577965990483 ], [ 72.836974781918045, 19.349434959170413 ], [ 72.836826220203605, 19.350309986780331 ], [ 72.836768732879946, 19.35119462217888 ], [ 72.836802875031523, 19.352080346070561 ], [ 72.836928319337886, 19.35295862854246 ], [ 72.837143859168719, 19.353821011208357 ], [ 72.837447420148024, 19.354659188669366 ], [ 72.837836080077992, 19.355465088506456 ], [ 72.83830609703287, 19.356230949034224 ], [ 72.838852945354205, 19.356949394066639 ], [ 72.83947135920215, 19.35761350397415 ], [ 72.840155383244991, 19.358216882347008 ], [ 72.840898429999484, 19.358753717621855 ], [ 72.84169334327018, 19.359218839077222 ], [ 72.842532467077149, 19.359607766657451 ], [ 72.843407719407551, 19.359916754144358 ], [ 72.844310670080361, 19.360142825259672 ], [ 72.845232621972841, 19.360283802349812 ], [ 72.84616469482539, 19.360338327375771 ], [ 72.847097910815492, 19.360305875005299 ], [ 72.848023281074916, 19.360186757680893 ], [ 72.848931892314639, 19.359982122614309 ], [ 72.849814992721193, 19.359693940736459 ], [ 72.850664076294819, 19.359324987709229 ], [ 72.85147096481542, 19.358878817182262 ], [ 72.852227886644798, 19.358359726552798 ], [ 72.852927551604893, 19.357772715558966 ], [ 72.853563221209455, 19.357123438106033 ], [ 72.854128773572057, 19.356418147790475 ], [ 72.854618762364723, 19.35566363764751 ], [ 72.85502846925931, 19.354867174703429 ], [ 72.85535394934719, 19.354036429963937 ], [ 72.855592069100283, 19.353179404513902 ], [ 72.855740536509359, 19.352304352441081 ], [ 72.855797923110572, 19.351419701326932 ] ] ] } },
{ "type": "Feature", "properties": { "station_id": "MUM_RAIL_STN_056", "station_name": "Vasai Road", "buffer_m": 1000 }, "geometry": { "type": "Polygon", "coordinates": [ [ [ 72.841662446758264, 19.382493475995595 ], [ 72.841628289515029, 19.38160775261116 ], [ 72.841502814176181, 19.380729471393316 ], [ 72.84128723060698, 19.379867090623822 ], [ 72.840983616387163, 19.379028915317885 ], [ 72.840594896749195, 19.378223017249315 ], [ 72.840124816358269, 19.377457157227024 ], [ 72.839577903207569, 19.376738710370695 ], [ 72.838959424978157, 19.376074595104782 ], [ 72.838275338284973, 19.375471206553755 ], [ 72.837532231298681, 19.37493435497926 ], [ 72.836737260296445, 19.374469209850986 ], [ 72.835898080752628, 19.374080250088888 ], [ 72.835022773632815, 19.373771220954879 ], [ 72.834119767600143, 19.373545098008297 ], [ 72.833197757881933, 19.373404058471039 ], [ 72.832265622576514, 19.373349460277662 ], [ 72.831332337204557, 19.373381829011269 ], [ 72.830406888325527, 19.373500852850587 ], [ 72.829498187049467, 19.373705385576542 ], [ 72.828614983274463, 19.373993457609259 ], [ 72.827765781473829, 19.374362294969163 ], [ 72.826958758841826, 19.37480834598005 ], [ 72.82620168658444, 19.37532731545712 ], [ 72.825501855111554, 19.375914206051693 ], [ 72.824866003849806, 19.37656336635489 ], [ 72.824300256351037, 19.377268545298175 ], [ 72.823810061320856, 19.378022952327676 ], [ 72.823400140135107, 19.378819322773818 ], [ 72.823074441350201, 19.379649987787907 ], [ 72.822836102645923, 19.380506948172886 ], [ 72.822687420568698, 19.381381951398446 ], [ 72.822629828367894, 19.382266571059436 ], [ 72.822663882140645, 19.383152288013097 ], [ 72.822789255420531, 19.384030572414282 ], [ 72.823004742264317, 19.384892965858892 ], [ 72.823308268809399, 19.385731162844642 ], [ 72.823696913192592, 19.386537090764566 ], [ 72.824166933640683, 19.387302987662579 ], [ 72.824713804464082, 19.388021477001885 ], [ 72.825332259608331, 19.388685638725452 ], [ 72.826016343345643, 19.389289075923443 ], [ 72.826759467618942, 19.389825976464746 ], [ 72.82755447548675, 19.390291168997905 ], [ 72.828393710057981, 19.390680172781231 ], [ 72.829269088252332, 19.390989240861074 ], [ 72.830172178675369, 19.391215396181458 ], [ 72.831094282856682, 19.39135646027637 ], [ 72.832026519067739, 19.391411074267506 ], [ 72.83295990791018, 19.391378711964677 ], [ 72.833885458848187, 19.391259684942021 ], [ 72.834794256849648, 19.391055139540935 ], [ 72.835677548299401, 19.390767045828408 ], [ 72.836526825354809, 19.390398178617136 ], [ 72.837333907929633, 19.389952090730539 ], [ 72.838091022514334, 19.38943307877048 ], [ 72.838790877072384, 19.388846141718261 ], [ 72.839426731289976, 19.3881969327681 ], [ 72.839992461501737, 19.387491704858004 ], [ 72.840482619666346, 19.386737250423622 ], [ 72.840892485824696, 19.385940835956255 ], [ 72.841218113535049, 19.385110131996335 ], [ 72.841456367848963, 19.384253139237558 ], [ 72.841604955463097, 19.383378111454341 ], [ 72.841662446758264, 19.382493475995595 ] ] ] } },
{ "type": "Feature", "properties": { "station_id": "MUM_RAIL_STN_057", "station_name": "Nallasopara", "buffer_m": 1000 }, "geometry": { "type": "Polygon", "coordinates": [ [ [ 72.828432875672476, 19.417789611550734 ], [ 72.828398803512684, 19.416903895076462 ], [ 72.828273393475015, 19.416025612126159 ], [ 72.828057854799283, 19.415163220998863 ], [ 72.827754264636283, 19.41432502680977 ], [ 72.82736554799007, 19.413519101514517 ], [ 72.826895449500043, 19.412753206183844 ], [ 72.826348497336326, 19.412034716276768 ], [ 72.825729959557847, 19.411370550631386 ], [ 72.825045793354633, 19.410767104856138 ], [ 72.824302587664079, 19.410230189762352 ], [ 72.823507499714211, 19.40976497542988 ], [ 72.822668186105318, 19.409375941443503 ], [ 72.821792729093076, 19.409066833778322 ], [ 72.82088955878254, 19.408840628748322 ], [ 72.819967371980951, 19.40869950436441 ], [ 72.819035048489383, 19.408644819376892 ], [ 72.818101565637761, 19.408677100203636 ], [ 72.817175911884135, 19.408796035869056 ], [ 72.816267000308201, 19.409000481002678 ], [ 72.815383582829924, 19.409288466867906 ], [ 72.81453416597742, 19.409657220315076 ], [ 72.813726929013015, 19.410103190476455 ], [ 72.812969645204163, 19.410622082946595 ], [ 72.812269606995983, 19.41120890111938 ], [ 72.811633555804463, 19.411857994284613 ], [ 72.81106761710592, 19.412563112021754 ], [ 72.810577241446978, 19.413317464367928 ], [ 72.810167151943418, 19.41411378718184 ], [ 72.80984129877362, 19.414944412075176 ], [ 72.809602821105855, 19.415801340238893 ], [ 72.809454016827004, 19.416676319454499 ], [ 72.809396320365963, 19.417560923549424 ], [ 72.809430288827002, 19.418446633531961 ], [ 72.809555596568572, 19.419324919624984 ], [ 72.809771038282037, 19.420187323408658 ], [ 72.8100745405428, 19.421025539281423 ], [ 72.810463181724842, 19.421831494454359 ], [ 72.810933220088813, 19.422597426708549 ], [ 72.811480129775205, 19.423315959165983 ], [ 72.812098644357448, 19.423980171353431 ], [ 72.812782807536948, 19.42458366587384 ], [ 72.81352603049254, 19.425120630042638 ], [ 72.814321155332664, 19.425585891894052 ], [ 72.815160524039385, 19.425974970017155 ], [ 72.816036052239625, 19.426284116740728 ], [ 72.816939307092639, 19.426510354249768 ], [ 72.817861588542286, 19.426651503285232 ], [ 72.818794013150168, 19.42670620414945 ], [ 72.819727599700542, 19.426673929814456 ], [ 72.820653355750267, 19.426554991006316 ], [ 72.821562364288468, 19.426350533216311 ], [ 72.822445869668996, 19.426062525667401 ], [ 72.823295361985672, 19.425693742342556 ], [ 72.824102659076132, 19.425247735257663 ], [ 72.824859985362309, 19.424728800237151 ], [ 72.825560046766711, 19.424141935522307 ], [ 72.826196100981917, 19.42349279361191 ], [ 72.826762022415451, 19.422787626799764 ], [ 72.827252361184122, 19.422033226934655 ], [ 72.827662395589869, 19.421236859984006 ], [ 72.827988177571655, 19.420406196032285 ], [ 72.828226570696927, 19.419549235389528 ], [ 72.828375280327748, 19.41867423152237 ], [ 72.828432875672476, 19.417789611550734 ] ] ] } },
{ "type": "Feature", "properties": { "station_id": "MUM_RAIL_STN_058", "station_name": "Virar", "buffer_m": 1000 }, "geometry": { "type": "Polygon", "coordinates": [ [ [ 72.82144892838933, 19.455114190242874 ], [ 72.821414908279309, 19.454228478745652 ], [ 72.821289529268824, 19.453350195172295 ], [ 72.821074000302332, 19.452487797827956 ], [ 72.820770398440459, 19.451649591887545 ], [ 72.82038164880305, 19.450843649419372 ], [ 72.819911496349945, 19.450077731658816 ], [ 72.819364469773262, 19.449359214279955 ], [ 72.818745837850258, 19.44869501638421 ], [ 72.818061558678721, 19.448091533889272 ], [ 72.817318222284399, 19.447554577958652 ], [ 72.816522987153832, 19.447089319063956 ], [ 72.815683511303803, 19.446700237217616 ], [ 72.814807878550923, 19.446391078854202 ], [ 72.813904520690556, 19.446164820774626 ], [ 72.812982136333517, 19.44602364149954 ], [ 72.812049607180441, 19.445968900306951 ], [ 72.811115912538611, 19.446001124155298 ], [ 72.810190042902292, 19.446120002617356 ], [ 72.809280913426718, 19.446324390873407 ], [ 72.80839727812706, 19.446612320734811 ], [ 72.807547645626045, 19.446981019591707 ], [ 72.806740197260083, 19.447426937102858 ], [ 72.805982708330276, 19.447945779370844 ], [ 72.805282473255446, 19.448532550274223 ], [ 72.804646235346439, 19.449181599559385 ], [ 72.804080121877305, 19.449886677229834 ], [ 72.803589585078086, 19.450640993710081 ], [ 72.803179349617352, 19.451437285205753 ], [ 72.802853367080672, 19.452267883631581 ], [ 72.802614777884358, 19.45312479043475 ], [ 72.802465880991974, 19.45399975360364 ], [ 72.80240811172736, 19.454884347121144 ], [ 72.802442027899232, 19.455770052098131 ], [ 72.802567304373042, 19.456648338806069 ], [ 72.802782736144749, 19.457510748819345 ], [ 72.803086249888864, 19.458348976476206 ], [ 72.803474923871889, 19.459154948873767 ], [ 72.803945016041297, 19.459920903626504 ], [ 72.804492000021668, 19.460639463638731 ], [ 72.805110608672706, 19.461303708170657 ], [ 72.805794884790913, 19.461907239512392 ], [ 72.806538238467908, 19.462444244623274 ], [ 72.807333510552994, 19.462909551141713 ], [ 72.808173041609223, 19.463298677225136 ], [ 72.809048745698462, 19.463607874738969 ], [ 72.809952188283916, 19.463834165377744 ], [ 72.810874667498837, 19.463975369369614 ], [ 72.811807297997248, 19.464030126486694 ], [ 72.812741096577227, 19.463997909158586 ], [ 72.813667068750249, 19.463879027561944 ], [ 72.814576295420594, 19.463674626636948 ], [ 72.81546001883801, 19.463386675059105 ], [ 72.81630972699341, 19.463017946272814 ], [ 72.817117235643053, 19.462571991769479 ], [ 72.817874767169172, 19.462053106868126 ], [ 72.818575025515969, 19.461466289328566 ], [ 72.819211266478305, 19.460817191196607 ], [ 72.819777362664752, 19.4601120643459 ], [ 72.820267862509453, 19.459357700241906 ], [ 72.820678042763987, 19.458561364509158 ], [ 72.821003953964308, 19.457730726932922 ], [ 72.821242458435549, 19.456873787570547 ], [ 72.821391260470051, 19.455998799684881 ], [ 72.82144892838933, 19.455114190242874 ] ] ] } },
{ "type": "Feature", "properties": { "station_id": "MUM_RAIL_STN_059", "station_name": "Vashi", "buffer_m": 1000 }, "geometry": { "type": "Polygon", "coordinates": [ [ [ 73.008395552987878, 19.063220049025311 ], [ 73.008360387312422, 19.062334250948854 ], [ 73.008234080420351, 19.061455995630347 ], [ 73.008017850153522, 19.06059374109347 ], [ 73.007713780287233, 19.059755791132186 ], [ 73.007324800410174, 19.058950215347892 ], [ 73.006854657663624, 19.058184771446843 ], [ 73.006307880614088, 19.057466830545742 ], [ 73.005689735608641, 19.05680330620407 ], [ 73.005006176034712, 19.056200587865895 ], [ 73.004263784973773, 19.055664479351371 ], [ 73.003469711801458, 19.055200142989069 ], [ 73.002631603345151, 19.054812049926458 ], [ 73.001757530261202, 19.054503937095824 ], [ 73.000855909340345, 19.054278771249226 ], [ 72.999935422488235, 19.054138720407881 ], [ 72.999004933159796, 19.05408513300015 ], [ 72.998073401050803, 19.054118524888434 ], [ 72.997149795865667, 19.054238574409315 ], [ 72.996243010990412, 19.054444125474493 ], [ 72.995361777899575, 19.054733198702458 ], [ 72.994514582119621, 19.055103010473861 ], [ 72.993709581555891, 19.055549999727212 ], [ 72.992954527967925, 19.056069862237475 ], [ 72.992256692348008, 19.056657592047909 ], [ 72.991622794919977, 19.057307529656995 ], [ 72.991058940432012, 19.058013416497335 ], [ 72.990570559365736, 19.058768455182626 ], [ 72.990162355627959, 19.059565374943759 ], [ 72.989838261229181, 19.06039650162467 ], [ 72.989601398386071, 19.061253831564954 ], [ 72.989454049414022, 19.062129108658585 ], [ 72.989397634701191, 19.063013903847402 ], [ 72.989432698978149, 19.063899696284516 ], [ 72.989558906016882, 19.064777955386422 ], [ 72.989775041812891, 19.065640222984019 ], [ 72.990079026221309, 19.06647819478146 ], [ 72.990467932937548, 19.067283800338181 ], [ 72.990938017631862, 19.068049280803798 ], [ 72.991484753968663, 19.068767263656444 ], [ 72.992102877165436, 19.069430833724482 ], [ 72.992786434672837, 19.070033599806575 ], [ 72.993528843488846, 19.070569756247821 ], [ 72.994322953555482, 19.071034138877845 ], [ 72.995161116627543, 19.071422274771123 ], [ 72.996035259949821, 19.071730425349433 ], [ 72.996936964032372, 19.071955622410076 ], [ 72.997857543773691, 19.072095696732312 ], [ 72.998788132149144, 19.072149298985408 ], [ 72.99971976565665, 19.072115912736471 ], [ 73.00064347069511, 19.071995859432196 ], [ 73.001550350041214, 19.07179029530629 ], [ 73.002431668589921, 19.07150120024216 ], [ 73.003278937530695, 19.071131358698334 ], [ 73.004083996146676, 19.070684332880408 ], [ 73.004839090447362, 19.0701644284186 ], [ 73.005536947875953, 19.06957665288181 ], [ 73.006170847370484, 19.068926667528793 ], [ 73.006734684103364, 19.068220732761741 ], [ 73.007223028275334, 19.067465647808724 ], [ 73.007631177397357, 19.066668685216932 ], [ 73.007955201557806, 19.065837520788346 ], [ 73.008191981239207, 19.064980159634018 ], [ 73.008339237322076, 19.064104859059505 ], [ 73.008395552987878, 19.063220049025311 ] ] ] } },
{ "type": "Feature", "properties": { "station_id": "MUM_RAIL_STN_060", "station_name": "Sanpada", "buffer_m": 1000 }, "geometry": { "type": "Polygon", "coordinates": [ [ [ 73.018848535249901, 19.066217084448596 ], [ 73.018813314764415, 19.065331283544605 ], [ 73.018686951367584, 19.064453030459795 ], [ 73.01847066344547, 19.06359078319559 ], [ 73.018166535328461, 19.062752845475135 ], [ 73.017777497165895, 19.061947286781272 ], [ 73.017307296659922, 19.061181864655062 ], [ 73.016760462932638, 19.06046395000303 ], [ 73.016142262876187, 19.059800456131484 ], [ 73.015458650407354, 19.05919777219086 ], [ 73.014716209116031, 19.058661701669958 ], [ 73.013922088860724, 19.058197406531562 ], [ 73.013083936921291, 19.057809357526352 ], [ 73.012209824371965, 19.057501291162708 ], [ 73.011308168382769, 19.057276173745699 ], [ 73.010387651196368, 19.057136172830727 ], [ 73.009457136559277, 19.057082636366058 ], [ 73.008525584410634, 19.057116079724228 ], [ 73.007601964647591, 19.057236180746919 ], [ 73.006695170796547, 19.057441782850599 ], [ 73.005813934418626, 19.057730906163005 ], [ 73.004966741072295, 19.058100766583102 ], [ 73.004161748639888, 19.058547802581511 ], [ 73.003406708803354, 19.059067709483479 ], [ 73.002708892423229, 19.059655480905118 ], [ 73.002075019538992, 19.060305456944388 ], [ 73.001511194663294, 19.061011378663839 ], [ 73.001022847993568, 19.061766448341182 ], [ 73.000614683106278, 19.062563394908594 ], [ 73.000290631638663, 19.063394543951471 ], [ 73.000053815394722, 19.064251891593553 ], [ 72.999906516241793, 19.06512718155772 ], [ 72.999850154088804, 19.066011984661156 ], [ 72.999885273160487, 19.06689777998 ], [ 73.000011536701422, 19.06777603690222 ], [ 73.000227730162948, 19.06863829727892 ], [ 73.00053177284471, 19.069476256883046 ], [ 73.000920737880605, 19.070281845390799 ], [ 73.001390880378736, 19.071047304115371 ], [ 73.001937673446179, 19.071765260743785 ], [ 73.002555851753343, 19.072428800356601 ], [ 73.003239462219256, 19.073031532045579 ], [ 73.00398192133099, 19.073567650486964 ], [ 73.00477607854522, 19.074031991876442 ], [ 73.005614285161769, 19.074420083685894 ], [ 73.006488468005188, 19.07472818776202 ], [ 73.007390207204097, 19.074953336350479 ], [ 73.008310817318147, 19.075093360697959 ], [ 73.009241431029622, 19.075146911955699 ], [ 73.010173084592068, 19.075113474182682 ], [ 73.011096804211007, 19.074993369322588 ], [ 73.012003692522654, 19.074787754106403 ], [ 73.012885014335822, 19.074498608910314 ], [ 73.013732280808824, 19.074128718676327 ], [ 73.014537331249073, 19.07368164607956 ], [ 73.015292411745449, 19.073161697201215 ], [ 73.015990249874847, 19.072573880038309 ], [ 73.016624124762018, 19.071923856250685 ], [ 73.017187931817276, 19.071217886610746 ], [ 73.017676241528093, 19.070462770682322 ], [ 73.018084351738267, 19.069665781310672 ], [ 73.018408332911804, 19.068834594555312 ], [ 73.018645065946004, 19.067977215741788 ], [ 73.018792272171311, 19.067101902345108 ], [ 73.018848535249901, 19.066217084448596 ] ] ] } },
{ "type": "Feature", "properties": { "station_id": "MUM_RAIL_STN_061", "station_name": "Juinagar", "buffer_m": 1000 }, "geometry": { "type": "Polygon", "coordinates": [ [ [ 73.027889019275094, 19.05571812706955 ], [ 73.027853747216085, 19.054832322813425 ], [ 73.027727338000687, 19.053954071409365 ], [ 73.027511010455072, 19.053091830842078 ], [ 73.027206849290053, 19.052253904769785 ], [ 73.026817784972025, 19.051448362562866 ], [ 73.026347565453761, 19.050682961603478 ], [ 73.025800720039342, 19.049965072594308 ], [ 73.025182515732425, 19.049301608594881 ], [ 73.024498906489768, 19.048698958468265 ], [ 73.023756475869547, 19.048162925378048 ], [ 73.022962373626925, 19.047698670927097 ], [ 73.022124246868032, 19.047310665474914 ], [ 73.021250166424522, 19.047002645111149 ], [ 73.020348549157447, 19.046777575698641 ], [ 73.019428076936947, 19.046637624331261 ], [ 73.018497613077187, 19.046584138480856 ], [ 73.017566117029062, 19.046617633033232 ], [ 73.016642558150494, 19.04673778533768 ], [ 73.015735829382621, 19.046943438317335 ], [ 73.014854661660962, 19.04723261161039 ], [ 73.01400753988402, 19.047602520634747 ], [ 73.013202621246151, 19.048049603393071 ], [ 73.012447656719687, 19.048569554760288 ], [ 73.011749916441033, 19.049157367924096 ], [ 73.011116119717585, 19.049807382580155 ], [ 73.010552370329307, 19.050513339418675 ], [ 73.010064097747119, 19.051268440378589 ], [ 73.009656004834298, 19.052065414090134 ], [ 73.009332022534963, 19.052896585876589 ], [ 73.009095271986837, 19.05375395164188 ], [ 73.00894803442408, 19.054629254933591 ], [ 73.00889172916186, 19.055514066439788 ], [ 73.008926899876215, 19.056399865154969 ], [ 73.009053209313322, 19.057278120433772 ], [ 73.00926944248144, 19.058140374142589 ], [ 73.009573518296605, 19.05897832211814 ], [ 73.009962509572404, 19.059783894148357 ], [ 73.010432671163016, 19.06054933170498 ], [ 73.010979475990496, 19.0612672626789 ], [ 73.011597658610924, 19.061930772397915 ], [ 73.01228126590091, 19.062533470241984 ], [ 73.013023714377368, 19.063069551213761 ], [ 73.01381785359888, 19.063533851870325 ], [ 73.014656035038286, 19.063921900076501 ], [ 73.015530185762543, 19.064229958099638 ], [ 73.016431886209787, 19.064455058629669 ], [ 73.0173524513133, 19.064595033376893 ], [ 73.018283014189478, 19.064648533970985 ], [ 73.019214611582271, 19.064615044959545 ], [ 73.020138270239116, 19.064494888780366 ], [ 73.021045093384515, 19.064289222659191 ], [ 73.021926346456013, 19.064000027462868 ], [ 73.022773541275171, 19.063630088615213 ], [ 73.023578517840704, 19.06318296925965 ], [ 73.02433352295408, 19.062662975927687 ], [ 73.025031284919251, 19.062075117044284 ], [ 73.025665083595356, 19.061425054670764 ], [ 73.026228815127396, 19.060719049950688 ], [ 73.026717050730667, 19.059963902785171 ], [ 73.02712508896299, 19.059166886319627 ], [ 73.027449000981576, 19.058335676873803 ], [ 73.027685668349534, 19.057478279990992 ], [ 73.027832813029278, 19.05660295331943 ], [ 73.027889019275094, 19.05571812706955 ] ] ] } },
{ "type": "Feature", "properties": { "station_id": "MUM_RAIL_STN_062", "station_name": "Nerul", "buffer_m": 1000 }, "geometry": { "type": "Polygon", "coordinates": [ [ [ 73.027708196213254, 19.033572463557924 ], [ 73.027672918083468, 19.032686657780111 ], [ 73.027546514995635, 19.031808405871665 ], [ 73.027330205714989, 19.030946165822378 ], [ 73.027026074774639, 19.030108241285909 ], [ 73.026637052348306, 19.029302701618352 ], [ 73.026166885984026, 19.028537304178073 ], [ 73.025620104472921, 19.027819419634611 ], [ 73.02500197420261, 19.027155961005302 ], [ 73.024318448416594, 19.026553317102323 ], [ 73.02357610986941, 19.026017291030186 ], [ 73.022782107430075, 19.02555304432498 ], [ 73.021944087244393, 19.02516504727236 ], [ 73.021070119118917, 19.024857035881741 ], [ 73.020168618834504, 19.024631975930077 ], [ 73.019248267136447, 19.024492034420554 ], [ 73.018317926180075, 19.024438558730317 ], [ 73.017386554234704, 19.024472063647416 ], [ 73.01646311946503, 19.024592226421234 ], [ 73.015556513618904, 19.024797889873863 ], [ 73.014675466449887, 19.025087073542224 ], [ 73.013828461697031, 19.025456992743766 ], [ 73.013023655429009, 19.025904085382489 ], [ 73.012268797537033, 19.026424046237423 ], [ 73.011571157131144, 19.027011868404085 ], [ 73.010937452557201, 19.027661891490592 ], [ 73.010373786707589, 19.028367856105103 ], [ 73.009885588248167, 19.029122964110865 ], [ 73.009477559327493, 19.029919944069508 ], [ 73.009153630272209, 19.03075112124348 ], [ 73.008916921705719, 19.031608491484302 ], [ 73.008769714456164, 19.032483798296031 ], [ 73.008713427544862, 19.033368612332588 ], [ 73.008748604469147, 19.034254412564014 ], [ 73.008874907913381, 19.03513266833043 ], [ 73.009091122941598, 19.035994921493756 ], [ 73.009395168642754, 19.036832867896386 ], [ 73.009784118118816, 19.037638437341908 ], [ 73.010254226625193, 19.038403871327624 ], [ 73.010800967594193, 19.039121797779554 ], [ 73.011419076196248, 19.039785302069856 ], [ 73.012102600020498, 19.040387993631629 ], [ 73.012844956387838, 19.040924067528852 ], [ 73.013638995744458, 19.04138836038755 ], [ 73.014477070525771, 19.041776400148414 ], [ 73.01535110882719, 19.042084449160768 ], [ 73.016252692171022, 19.042309540201881 ], [ 73.017173136620087, 19.042449505073822 ], [ 73.018103576454607, 19.042502995501643 ], [ 73.019035049605506, 19.042469496130924 ], [ 73.019958584018781, 19.042349329499142 ], [ 73.020865284117349, 19.042143652932467 ], [ 73.021746416525559, 19.041854447397952 ], [ 73.022593494228687, 19.041484498418438 ], [ 73.023398358354612, 19.041037369234271 ], [ 73.024153256788665, 19.040517366470876 ], [ 73.024850918862839, 19.039929498643215 ], [ 73.025484625398519, 19.03927942789792 ], [ 73.026048273427961, 19.038573415458323 ], [ 73.026536434970112, 19.037818261299073 ], [ 73.026944409295155, 19.037021238632192 ], [ 73.027268268174495, 19.036190023836475 ], [ 73.027504893681552, 19.035332622506207 ], [ 73.027652008180141, 19.034457292332064 ], [ 73.027708196213254, 19.033572463557924 ] ] ] } },
{ "type": "Feature", "properties": { "station_id": "MUM_RAIL_STN_063", "station_name": "Seawoods", "buffer_m": 1000 }, "geometry": { "type": "Polygon", "coordinates": [ [ [ 73.028639185626218, 19.02204545023087 ], [ 73.028603898877208, 19.021159643367238 ], [ 73.028477493509072, 19.020281391412642 ], [ 73.02826118830798, 19.019419152357372 ], [ 73.027957067766764, 19.018581229845648 ], [ 73.027568061958135, 19.017775693214293 ], [ 73.027097918269305, 19.017010299792705 ], [ 73.026551165272465, 19.016292420212093 ], [ 73.025933069080153, 19.015628967442378 ], [ 73.025249582607515, 19.015026330239746 ], [ 73.02450728823041, 19.014490311644618 ], [ 73.023713334392667, 19.01402607312151 ], [ 73.022875366772425, 19.013638084877726 ], [ 73.022001454670587, 19.013330082838223 ], [ 73.021100013329146, 19.013105032690241 ], [ 73.020179722926642, 19.012965101342814 ], [ 73.019249445029061, 19.012911636075444 ], [ 73.018318137299403, 19.012945151575909 ], [ 73.017394767285026, 19.013065324991711 ], [ 73.016488226111179, 19.013270999042398 ], [ 73.015607242909525, 19.013560193162675 ], [ 73.014760300804014, 19.013930122569139 ], [ 73.013955555260722, 19.014377225067214 ], [ 73.013200755586638, 19.014897195340616 ], [ 73.012503170331556, 19.01548502639378 ], [ 73.01186951731043, 19.016135057748794 ], [ 73.01130589891919, 19.016841029933744 ], [ 73.010817743366459, 19.01759614473854 ], [ 73.01040975238719, 19.0183931306589 ], [ 73.010085855942037, 19.019224312899478 ], [ 73.009849174339692, 19.020081687262646 ], [ 73.009701988147711, 19.020956997212494 ], [ 73.009645716183655, 19.021841813372525 ], [ 73.009680901799896, 19.022727614692194 ], [ 73.009807207596069, 19.023605870501104 ], [ 73.010023418612462, 19.024468122660839 ], [ 73.010327453975719, 19.025306067023582 ], [ 73.010716386886514, 19.026111633412789 ], [ 73.011186472759007, 19.026877063355474 ], [ 73.011733185242875, 19.027594984816968 ], [ 73.012351259782477, 19.028258483217872 ], [ 73.013034744294771, 19.028861168048419 ], [ 73.013777056479213, 19.029397234437877 ], [ 73.014571047207667, 19.029861519085017 ], [ 73.015409069384305, 19.030249550010026 ], [ 73.016283051611623, 19.030557589647724 ], [ 73.017184575952783, 19.030782670865992 ], [ 73.01810495903959, 19.030922625561779 ], [ 73.019035335744263, 19.030976105558327 ], [ 73.019966744606705, 19.030942595601825 ], [ 73.020890214193059, 19.030822418331706 ], [ 73.02179684955162, 19.030616731176561 ], [ 73.02267791793119, 19.030327515205258 ], [ 73.023524932934563, 19.029957556040937 ], [ 73.024329736294192, 19.029510417021758 ], [ 73.025084576481234, 19.028990404867475 ], [ 73.025782183389026, 19.028402528183133 ], [ 73.026415838370497, 19.027752449200204 ], [ 73.026979438954399, 19.027046429220913 ], [ 73.027467557616419, 19.026291268292088 ], [ 73.027875494039307, 19.025494239690499 ], [ 73.028199320358937, 19.024663019851733 ], [ 73.028435918961591, 19.023805614418283 ], [ 73.028583012469269, 19.022930281120075 ], [ 73.028639185626218, 19.02204545023087 ] ] ] } },
{ "type": "Feature", "properties": { "station_id": "MUM_RAIL_STN_064", "station_name": "CBD Belapur", "buffer_m": 1000 }, "geometry": { "type": "Polygon", "coordinates": [ [ [ 73.048584048340601, 19.01914617880362 ], [ 73.048548654528588, 19.018260366057056 ], [ 73.048422143623739, 19.01738211828577 ], [ 73.048205735427885, 19.01651989343835 ], [ 73.047901515424826, 19.015681995020916 ], [ 73.047512414643833, 19.014876492137159 ], [ 73.047042181385322, 19.014111141790586 ], [ 73.046495345082462, 19.013393314196911 ], [ 73.045877172648417, 19.012729921825041 ], [ 73.045193617730774, 19.012127352849401 ], [ 73.044451263362902, 19.011591409653573 ], [ 73.04365725856475, 19.011127252976422 ], [ 73.042819249503822, 19.010739352237771 ], [ 73.041945305878883, 19.010431442520854 ], [ 73.041043843234604, 19.010206488624981 ], [ 73.040123541953974, 19.010066656533542 ], [ 73.039193263707475, 19.010013292571585 ], [ 73.038261966161485, 19.010046910452743 ], [ 73.037338616765638, 19.010167186339995 ], [ 73.036432106447293, 19.01037296196743 ], [ 73.035551164041976, 19.010662255792784 ], [ 73.034704272281957, 19.011032282073543 ], [ 73.033899586149914, 19.011479477683061 ], [ 73.0331448543823, 19.01199953640899 ], [ 73.032447344876658, 19.012587450404265 ], [ 73.031813774720149, 19.013237558392298 ], [ 73.031250245512368, 19.013943600162957 ], [ 73.030762184604654, 19.014698776835488 ], [ 73.030354292821926, 19.015495816309055 ], [ 73.030030499170749, 19.016327043271573 ], [ 73.029793922970725, 19.017184453093535 ], [ 73.029646843775055, 19.01805978889621 ], [ 73.02959067937114, 19.018944621052697 ], [ 73.029625972075493, 19.019830428356922 ], [ 73.029752383456014, 19.020708680079391 ], [ 73.029968697535551, 19.021570918119636 ], [ 73.030272832447167, 19.02240883846456 ], [ 73.030661860431579, 19.023214371167825 ], [ 73.031132035985905, 19.023979758079943 ], [ 73.031678831894496, 19.024697627580043 ], [ 73.032296982796581, 19.025361065588758 ], [ 73.032980535871985, 19.02596368217786 ], [ 73.033722908158126, 19.026499673134026 ], [ 73.034516949946507, 19.026963875882963 ], [ 73.035355013648072, 19.027351819234358 ], [ 73.036229027464273, 19.027659766467391 ], [ 73.037130573153007, 19.02788475134102 ], [ 73.038050967139966, 19.028024606681388 ], [ 73.038981344191967, 19.028077985270031 ], [ 73.039912742845644, 19.028044372831204 ], [ 73.040836191765806, 19.027924092992773 ], [ 73.041742796200467, 19.02771830417251 ], [ 73.042623823697241, 19.027428988419651 ], [ 73.043470788253856, 19.027058932319388 ], [ 73.044275532090069, 19.026611700144315 ], [ 73.045030304251924, 19.026091599511975 ], [ 73.045727835289554, 19.025503639879854 ], [ 73.046361407288302, 19.024853484278349 ], [ 73.046924918577801, 19.024147394747359 ], [ 73.047412942495285, 19.023392172003039 ], [ 73.047820779637377, 19.022595089916731 ], [ 73.048144503097291, 19.021763825438107 ], [ 73.048380996252845, 19.020906384638391 ], [ 73.048527982742229, 19.020031025586775 ], [ 73.048584048340601, 19.01914617880362 ] ] ] } },
{ "type": "Feature", "properties": { "station_id": "MUM_RAIL_STN_065", "station_name": "Kharghar", "buffer_m": 1000 }, "geometry": { "type": "Polygon", "coordinates": [ [ [ 73.068894170694506, 19.026218948877659 ], [ 73.068858670962072, 19.025333130966406 ], [ 73.068732050189155, 19.024454887785989 ], [ 73.068515529235881, 19.023592677239265 ], [ 73.068211194671719, 19.022754802693157 ], [ 73.067821978628729, 19.02194933302011 ], [ 73.06735163051647, 19.021184024902595 ], [ 73.066804680873034, 19.020466248148651 ], [ 73.066186397701657, 19.019802914736832 ], [ 73.065502735714745, 19.019200412273289 ], [ 73.064760278975044, 19.018664542500879 ], [ 73.063966177486506, 19.018200465451493 ], [ 73.063128078345997, 19.017812649778509 ], [ 73.062254052117993, 19.01750482974666 ], [ 73.061352515141039, 19.017279969292453 ], [ 73.060432148512575, 19.017140233500591 ], [ 73.059501814531217, 19.017086967770027 ], [ 73.058570471399207, 19.017120684869823 ], [ 73.057647087004696, 19.017241060008974 ], [ 73.056740552611899, 19.017446933967207 ], [ 73.055859597288389, 19.017736324256767 ], [ 73.05501270389135, 19.018106444207497 ], [ 73.054208027420188, 19.018553729791854 ], [ 73.053453316519409, 19.019073873931948 ], [ 73.05275583888708, 19.019661867958895 ], [ 73.05212231130507, 19.020312049825808 ], [ 73.051558834964709, 19.021018158611238 ], [ 73.051070836710096, 19.021773394788905 ], [ 73.050663016764545, 19.022570485684479 ], [ 73.05033930344463, 19.023401755489964 ], [ 73.050102815297947, 19.024259199162294 ], [ 73.049955831031113, 19.025134559495566 ], [ 73.049899767518554, 19.026019406625306 ], [ 73.049935166105939, 19.026905219199772 ], [ 73.050061687342065, 19.027783466437192 ], [ 73.05027811419194, 19.028645690278783 ], [ 73.050582363702432, 19.029483586846716 ], [ 73.050971507010061, 19.030289086422265 ], [ 73.051441797500402, 19.031054431173803 ], [ 73.051988706849784, 19.031772249885488 ], [ 73.052606968603456, 19.032435628966343 ], [ 73.053290628872048, 19.033038179055179 ], [ 73.054033103658881, 19.033574096578942 ], [ 73.054827242266441, 19.034038219670659 ], [ 73.055665396171392, 19.034426077907582 ], [ 73.056539492704715, 19.034733935389283 ], [ 73.057441112826055, 19.034958826740048 ], [ 73.058361572242788, 19.035098585687866 ], [ 73.059292005090484, 19.035151865943899 ], [ 73.060223449367541, 19.035118154180878 ], [ 73.061146933298843, 19.034997774984735 ], [ 73.062053561795054, 19.034791887731629 ], [ 73.062934602172248, 19.034502475420236 ], [ 73.063781568304648, 19.034132325567011 ], [ 73.064586302397728, 19.03368500334863 ], [ 73.065341053592533, 19.033164817250789 ], [ 73.066038552642581, 19.032576777554809 ], [ 73.066672081942897, 19.0319265480626 ], [ 73.067235540236126, 19.031220391525824 ], [ 73.067723501371731, 19.030465109305833 ], [ 73.068131266552825, 19.029667975846305 ], [ 73.068454909567421, 19.028836668590984 ], [ 73.068691314569719, 19.027979194022087 ], [ 73.068838206048284, 19.027103810532857 ], [ 73.068894170694506, 19.026218948877659 ] ] ] } },
{ "type": "Feature", "properties": { "station_id": "MUM_RAIL_STN_066", "station_name": "Mansarovar", "buffer_m": 1000 }, "geometry": { "type": "Polygon", "coordinates": [ [ [ 73.089966997042964, 19.016752378964416 ], [ 73.08993138229765, 19.015866554611019 ], [ 73.089804651669255, 19.014988315931308 ], [ 73.089588027074583, 19.01412612078343 ], [ 73.089283596079682, 19.013288272384759 ], [ 73.0888942917435, 19.012482839354906 ], [ 73.088423864324, 19.011717578022711 ], [ 73.087876845121016, 19.01099985774518 ], [ 73.087258502805696, 19.010336589956811 ], [ 73.086574792658126, 19.009734161631926 ], [ 73.085832299203105, 19.009198373799851 ], [ 73.085038172796615, 19.008734385704095 ], [ 73.084200060774251, 19.008346665142401 ], [ 73.083326033823624, 19.008038945464733 ], [ 73.082424508289662, 19.007814189642566 ], [ 73.081504165159416, 19.00767456175446 ], [ 73.080573866505418, 19.007621406161771 ], [ 73.079642570190316, 19.007655234574482 ], [ 73.078719243652316, 19.007775721131086 ], [ 73.077812777599746, 19.007981705539734 ], [ 73.076931900443583, 19.008271204250196 ], [ 73.076085094290022, 19.008641429549161 ], [ 73.075280513300143, 19.009088816395288 ], [ 73.074525905200971, 19.009609056735943 ], [ 73.073828536702507, 19.010197140975933 ], [ 73.073195123537502, 19.010847406199407 ], [ 73.072631765797183, 19.011553590681672 ], [ 73.072143889184943, 19.012308894166708 ], [ 73.071736192753974, 19.013106043330968 ], [ 73.071412603632169, 19.013937361804047 ], [ 73.071176239171692, 19.014794844072778 ], [ 73.071029376888092, 19.01567023255803 ], [ 73.070973432480841, 19.016555097122616 ], [ 73.071008946147955, 19.017440916245306 ], [ 73.071135577329017, 19.018319159079734 ], [ 73.071352107928888, 19.019181367608109 ], [ 73.071656453993711, 19.02001923809884 ], [ 73.072045685728355, 19.020824701083342 ], [ 73.072516055664877, 19.021589999081616 ], [ 73.07306303471249, 19.022307761327621 ], [ 73.073681355743204, 19.022971074774023 ], [ 73.074365064294867, 19.023573550691889 ], [ 73.075107575904056, 19.024109386222921 ], [ 73.075901739517064, 19.024573420290558 ], [ 73.076739906368516, 19.024961183330404 ], [ 73.077614003663754, 19.025268940360061 ], [ 73.078515612354536, 19.025493726972648 ], [ 73.079436048258131, 19.025633377906352 ], [ 73.080366445736786, 19.025686547914177 ], [ 73.081297843130088, 19.025652724732183 ], [ 73.082221269115436, 19.025532234020854 ], [ 73.083127829162791, 19.025326236231709 ], [ 73.084008791249033, 19.025036715429177 ], [ 73.084855670004131, 19.024666460175567 ], [ 73.085660308476989, 19.024219036663357 ], [ 73.086414956731517, 19.023698754354225 ], [ 73.087112346514587, 19.023110624456208 ], [ 73.087745761275499, 19.022460311639755 ], [ 73.088309100861679, 19.021754079458532 ], [ 73.088796940267358, 19.020998730001608 ], [ 73.08920458186924, 19.020201538359206 ], [ 73.089528100646419, 19.019370182534139 ], [ 73.089764381950118, 19.01851266947498 ], [ 73.08991115146037, 19.017637257944141 ], [ 73.089966997042964, 19.016752378964416 ] ] ] } },
{ "type": "Feature", "properties": { "station_id": "MUM_RAIL_STN_067", "station_name": "Khandeshwar", "buffer_m": 1000 }, "geometry": { "type": "Polygon", "coordinates": [ [ [ 73.104256188264117, 19.007565604617643 ], [ 73.104220494783803, 19.006679775762908 ], [ 73.104093690442767, 19.00580154012901 ], [ 73.103876997866593, 19.004939355543822 ], [ 73.103572505274727, 19.004101525122216 ], [ 73.103183146317932, 19.00329611731005 ], [ 73.102712671778733, 19.002530888192879 ], [ 73.102165613409241, 19.001813206817239 ], [ 73.101547240256394, 19.001149984242979 ], [ 73.100863507895923, 19.000547607009192 ], [ 73.100121001065332, 19.000011875653598 ], [ 73.099326870248504, 18.999547948876419 ], [ 73.098488762822697, 18.999160293885648 ], [ 73.097614749430818, 18.998852643400678 ], [ 73.096713246286996, 18.998627959727656 ], [ 73.095792934162773, 18.998488406251393 ], [ 73.094862674832456, 18.998435326617727 ], [ 73.093931425780625, 18.998469231806197 ], [ 73.093008153991207, 18.998589795216937 ], [ 73.092101749646417, 18.998795855818884 ], [ 73.091220940564213, 18.999085429328797 ], [ 73.090374208196636, 18.999455727313642 ], [ 73.089569705995615, 18.999903184032476 ], [ 73.088815180930894, 19.000423490760003 ], [ 73.088117898914206, 19.001011637261669 ], [ 73.087484574846812, 19.001661960021806 ], [ 73.086921307963038, 19.002368196761196 ], [ 73.086433523092296, 19.00312354671993 ], [ 73.086025918404943, 19.003920736126119 ], [ 73.08570242014585, 19.004752088220876 ], [ 73.085466144792278, 19.005609597166224 ], [ 73.085319369001596, 19.006485005125032 ], [ 73.08526350763988, 19.007369881771453 ], [ 73.085299100104734, 19.008255705466823 ], [ 73.085425805075943, 19.009133945319707 ], [ 73.085642403746647, 19.009996143340103 ], [ 73.085946811506133, 19.010833995896832 ], [ 73.086336097963695, 19.011639433693389 ], [ 73.086806515122916, 19.012404699491942 ], [ 73.087353533436755, 19.013122422836314 ], [ 73.087971885397607, 19.013785691053819 ], [ 73.088655616244125, 19.014388115851315 ], [ 73.089398141296996, 19.014923894863237 ], [ 73.090192309372071, 19.015387867557951 ], [ 73.091030471660247, 19.015775564962897 ], [ 73.091904555410338, 19.016083252728713 ], [ 73.09280614170433, 19.016307967116575 ], [ 73.093726546575297, 19.016447543561316 ], [ 73.09465690468474, 19.016500637534431 ], [ 73.095588254752059, 19.016466737505329 ], [ 73.096511625911276, 19.0163461698756 ], [ 73.09741812416155, 19.016140095838441 ], [ 73.098299018076133, 19.015850500193405 ], [ 73.099145822942944, 19.015480172224173 ], [ 73.099950382523957, 19.015032678823943 ], [ 73.100704947644331, 19.014512330127683 ], [ 73.101402250852999, 19.013924137982777 ], [ 73.102035576434332, 19.013273767658934 ], [ 73.102598825095825, 19.012567483263211 ], [ 73.103086572708335, 19.011812087386947 ], [ 73.103494122533306, 19.011014855566582 ], [ 73.103817550434201, 19.010183466190984 ], [ 73.104053742637589, 19.009325926530796 ], [ 73.104200425681526, 19.008450495603512 ], [ 73.104256188264117, 19.007565604617643 ] ] ] } },
{ "type": "Feature", "properties": { "station_id": "MUM_RAIL_STN_068", "station_name": "Panvel", "buffer_m": 1000 }, "geometry": { "type": "Polygon", "coordinates": [ [ [ 73.130837005637005, 18.990666196215077 ], [ 73.130801165961117, 18.98978035914017 ], [ 73.130674224668624, 18.988902129297735 ], [ 73.130457405701947, 18.988039964458128 ], [ 73.130152798495374, 18.987202167544623 ], [ 73.129763337800881, 18.986396806679199 ], [ 73.129292775378019, 18.985631637494489 ], [ 73.128745643822569, 18.984914028459436 ], [ 73.128127212883584, 18.984250889937186 ], [ 73.127443438690833, 18.983648607657781 ], [ 73.126700906382538, 18.983112981245224 ], [ 73.125906766686057, 18.982649168390243 ], [ 73.12506866706282, 18.982261635205116 ], [ 73.124194678079647, 18.981954113237919 ], [ 73.123293215715279, 18.981729563558986 ], [ 73.122372960348656, 18.981590148264711 ], [ 73.121442773208173, 18.981537209672251 ], [ 73.120511611084396, 18.981571257404838 ], [ 73.119588440125767, 18.981691963491755 ], [ 73.118682149545478, 18.9818981655296 ], [ 73.117801466068272, 18.982187877874509 ], [ 73.116954869939107, 18.98255831075754 ], [ 73.116150513300624, 18.98300589713941 ], [ 73.115396141723465, 18.983526327046516 ], [ 73.114699019643851, 18.98411458905802 ], [ 73.114065860425256, 18.98476501854546 ], [ 73.113502761716589, 18.985471352200982 ], [ 73.113015146729467, 18.986226788330196 ], [ 73.112607711999587, 18.98702405232989 ], [ 73.112284382135968, 18.987855466721093 ], [ 73.112048271994453, 18.988713025063987 ], [ 73.11190165664118, 18.989588469043685 ], [ 73.111845949396439, 18.990473367985377 ], [ 73.111881688172389, 18.99135920003366 ], [ 73.112008530238114, 18.99223743421474 ], [ 73.112225255464395, 18.993099612591518 ], [ 73.112529778019322, 18.993937431720521 ], [ 73.112919166404055, 18.994742822626026 ], [ 73.113389671637876, 18.995508028520973 ], [ 73.113936763322712, 18.996225679525676 ], [ 73.11455517324174, 18.996888863664108 ], [ 73.115238946072949, 18.997491193453232 ], [ 73.115981496730512, 18.998026867443265 ], [ 73.116775673781831, 18.998490726115115 ], [ 73.117613828330008, 18.99887830159577 ], [ 73.118487887697441, 18.99918586071178 ], [ 73.119389433200624, 18.999410440965185 ], [ 73.12030978126559, 18.99954987908464 ], [ 73.121240067101624, 18.999602831875837 ], [ 73.122171330125326, 18.999568789169878 ], [ 73.123094600310722, 18.999448078744315 ], [ 73.124000984631436, 18.999241863169285 ], [ 73.124881752760274, 18.998952128608881 ], [ 73.125728421199199, 18.998581665685776 ], [ 73.126532835026723, 18.998134042593652 ], [ 73.127287246474495, 18.997613570716908 ], [ 73.127984389574053, 18.99702526308921 ], [ 73.128617550154175, 18.996374786092055 ], [ 73.129180630513602, 18.995668404859057 ], [ 73.129668208145873, 18.994912922912974 ], [ 73.130075587950813, 18.994115616617751 ], [ 73.130398847430158, 18.993284165077739 ], [ 73.130634874432872, 18.992426576160376 ], [ 73.130781397087802, 18.991551109355502 ], [ 73.130837005637005, 18.990666196215077 ] ] ] } },
{ "type": "Feature", "properties": { "station_id": "MUM_RAIL_STN_069", "station_name": "Turbhe", "buffer_m": 1000 }, "geometry": { "type": "Polygon", "coordinates": [ [ [ 73.027216463256565, 19.076102214027649 ], [ 73.02718120125833, 19.075216411414893 ], [ 73.027054790863858, 19.074338160299551 ], [ 73.026838450912464, 19.073475918663398 ], [ 73.026534266236169, 19.072637990174652 ], [ 73.026145167529236, 19.071832444226505 ], [ 73.025674903076975, 19.071067038236592 ], [ 73.025128002617123, 19.070349142955386 ], [ 73.024509733684141, 19.069685671502096 ], [ 73.023826050857508, 19.06908301281079 ], [ 73.023083538403966, 19.068546970126782 ], [ 73.022289346866401, 19.068082705144541 ], [ 73.021451124210131, 19.067694688324295 ], [ 73.020576942189308, 19.067386655864521 ], [ 73.019675218641865, 19.067161573744002 ], [ 73.018754636459917, 19.067021609178571 ], [ 73.017824060014917, 19.066968109766886 ], [ 73.016892449840142, 19.067001590525219 ], [ 73.015968776390821, 19.067121728935714 ], [ 73.015061933709632, 19.067327368055469 ], [ 73.014180653827495, 19.067616527656472 ], [ 73.01333342272153, 19.067986423288922 ], [ 73.012528398637713, 19.068433493085028 ], [ 73.011773333562942, 19.068953432045177 ], [ 73.011075498601215, 19.06954123347732 ], [ 73.010441613971523, 19.070191237190837 ], [ 73.009877784300471, 19.070897183982108 ], [ 73.009389439832503, 19.071652275887597 ], [ 73.008981284123962, 19.072449241625467 ], [ 73.008657248724845, 19.073280406596414 ], [ 73.008420455285531, 19.074137766770558 ], [ 73.008273185454826, 19.075013065749747 ], [ 73.008216858860408, 19.075897874263877 ], [ 73.008252019385523, 19.076783671336401 ], [ 73.008378329876408, 19.077661926337761 ], [ 73.008594575332907, 19.078524181136864 ], [ 73.008898674554445, 19.07936213155963 ], [ 73.009287700130685, 19.080167707369956 ], [ 73.009757906586742, 19.080933150002647 ], [ 73.010304766413583, 19.081651087299029 ], [ 73.010923013638305, 19.082314604525308 ], [ 73.011606694515635, 19.082917310988361 ], [ 73.012349224853736, 19.083453401607045 ], [ 73.013143453422444, 19.08391771284478 ], [ 73.013981730833365, 19.084305772463779 ], [ 73.014855983228131, 19.084613842620819 ], [ 73.015757790064399, 19.084838955888443 ], [ 73.016678465249299, 19.084978943853844 ], [ 73.017609140837337, 19.085032458019118 ], [ 73.018540852485188, 19.084998982801018 ], [ 73.019464625838125, 19.084878840504508 ], [ 73.020371563014194, 19.084673188221803 ], [ 73.021252928351117, 19.084384006686779 ], [ 73.022100232587761, 19.08401408119213 ], [ 73.022905314667796, 19.083566974753268 ], [ 73.023660420375577, 19.083046993777923 ], [ 73.02435827704555, 19.082459146572806 ], [ 73.024992163624546, 19.081809095087532 ], [ 73.025555975411038, 19.081103100361585 ], [ 73.026044282847849, 19.080347962200598 ], [ 73.02645238380174, 19.07955095366399 ], [ 73.026776348826914, 19.078719750995774 ], [ 73.027013058977417, 19.07786235967453 ], [ 73.027160235805155, 19.076987037295375 ], [ 73.027216463256565, 19.076102214027649 ] ] ] } },
{ "type": "Feature", "properties": { "station_id": "MUM_RAIL_STN_070", "station_name": "Kopar Kharine", "buffer_m": 1000 }, "geometry": { "type": "Polygon", "coordinates": [ [ [ 73.02084366330503, 19.103318403555001 ], [ 73.020808444020886, 19.102432604713801 ], [ 73.020682061330973, 19.101554352825435 ], [ 73.020465733810312, 19.10069210587929 ], [ 73.020161546173682, 19.099854167594653 ], [ 73.019772429146187, 19.099048607458815 ], [ 73.01930213119158, 19.098283183025558 ], [ 73.018755182372018, 19.097565265222293 ], [ 73.018136850688975, 19.096901767384288 ], [ 73.017453091327184, 19.096299078698745 ], [ 73.016710489290844, 19.095763002698757 ], [ 73.015916195985454, 19.095298701398541 ], [ 73.015077860355873, 19.09491064560692 ], [ 73.014203555243213, 19.094602571896594 ], [ 73.013301699669327, 19.094377446642575 ], [ 73.012380977795971, 19.094237437475176 ], [ 73.011450255337778, 19.094183892421835 ], [ 73.010518494231832, 19.09421732693777 ], [ 73.009594666384416, 19.094337418950076 ], [ 73.008687667322604, 19.094543011962536 ], [ 73.007806230580897, 19.0948321261912 ], [ 73.006958843644739, 19.095201977623518 ], [ 73.006153666258811, 19.095649004817833 ], [ 73.005398451884645, 19.096168903185504 ], [ 73.004700473062755, 19.096756666426231 ], [ 73.004066451396682, 19.09740663471818 ], [ 73.003502492832354, 19.098112549199929 ], [ 73.003014028855645, 19.098867612220225 ], [ 73.002605764174405, 19.099664552776549 ], [ 73.002281631389096, 19.100495696513221 ], [ 73.002044753089507, 19.101353039605897 ], [ 73.001897411743556, 19.102228325821837 ], [ 73.001841027669741, 19.103113126014627 ], [ 73.001876145307321, 19.103998919288458 ], [ 73.002002427917958, 19.104877175050738 ], [ 73.002218660772627, 19.105739435163226 ], [ 73.002522762794527, 19.106577395400627 ], [ 73.002911806548653, 19.107382985432046 ], [ 73.003382046387131, 19.108148446554832 ], [ 73.003928954481182, 19.108866406431595 ], [ 73.004547264394333, 19.109529950110218 ], [ 73.005231021778528, 19.110132686641869 ], [ 73.005973641705523, 19.110668810654762 ], [ 73.006767972082301, 19.111133158289569 ], [ 73.007606362539349, 19.111521256956838 ], [ 73.00848073812864, 19.111829368436197 ], [ 73.009382677119874, 19.112054524901193 ], [ 73.010303492145596, 19.112194557522088 ], [ 73.011234313911473, 19.112248117370136 ], [ 73.012166176663982, 19.112214688421574 ], [ 73.013090104590674, 19.11209459253535 ], [ 73.013997198318478, 19.111888986356547 ], [ 73.014878720674929, 19.111599850175118 ], [ 73.015726180884442, 19.111229968847212 ], [ 73.016531416386485, 19.110782904963376 ], [ 73.01728667148619, 19.110262964522203 ], [ 73.017984672077958, 19.109675155440861 ], [ 73.018618695721628, 19.109025139302794 ], [ 73.019182636395286, 19.108319176808145 ], [ 73.019671063300606, 19.107564067453268 ], [ 73.020079273154366, 19.106767084021296 ], [ 73.020403335463072, 19.105935902515583 ], [ 73.020640130345313, 19.105078528211937 ], [ 73.02078737853887, 19.104203218542509 ], [ 73.02084366330503, 19.103318403555001 ] ] ] } },
{ "type": "Feature", "properties": { "station_id": "MUM_RAIL_STN_071", "station_name": "Ghansoli", "buffer_m": 1000 }, "geometry": { "type": "Polygon", "coordinates": [ [ [ 73.016391549991468, 19.116583282716604 ], [ 73.016356358764099, 19.115697486106576 ], [ 73.016229996811447, 19.1148192335584 ], [ 73.016013682510106, 19.113956983067972 ], [ 73.015709500448736, 19.113119038388827 ], [ 73.015320381299986, 19.112313469069743 ], [ 73.014850073549113, 19.111548032752786 ], [ 73.014303107353541, 19.110830100479529 ], [ 73.013684750882902, 19.110166585724237 ], [ 73.013000959561126, 19.109563877836553 ], [ 73.012258318700546, 19.109027780533975 ], [ 73.011463980080677, 19.108563456035291 ], [ 73.010625593082509, 19.108175375372159 ], [ 73.009751231041506, 19.107867275356192 ], [ 73.008849313527094, 19.107642122615164 ], [ 73.007928525296776, 19.107502085043574 ], [ 73.006997732703127, 19.107448510941921 ], [ 73.006065898357633, 19.107481916044797 ], [ 73.005141994870627, 19.107601978562275 ], [ 73.00423491849638, 19.107807542281996 ], [ 73.003353403512705, 19.108096627702068 ], [ 73.002505938157398, 19.108466451087427 ], [ 73.001700682929211, 19.108913451266684 ], [ 73.000945392038432, 19.109433323911663 ], [ 73.000247338761724, 19.110021062970141 ], [ 72.999613245419113, 19.110671008853661 ], [ 72.999049218646476, 19.111376902917119 ], [ 72.998560690586515, 19.112131947706477 ], [ 72.998152366564426, 19.112928872395386 ], [ 72.99782817975256, 19.113760002781593 ], [ 72.997591253261646, 19.114617335169889 ], [ 72.997443870024554, 19.115492613431165 ], [ 72.997387450764265, 19.116377408496085 ], [ 72.99742254025999, 19.117263199518607 ], [ 72.997548802045685, 19.118141455928114 ], [ 72.997765021594105, 19.119003719580316 ], [ 72.998069117957854, 19.119841686215892 ], [ 72.998458163757633, 19.120647285442274 ], [ 72.998928413326936, 19.12141275846809 ], [ 72.999475338744219, 19.122130732841047 ], [ 73.000093673406951, 19.122794293469035 ], [ 73.000777462729246, 19.123397049239529 ], [ 73.001520121475622, 19.123933194594937 ], [ 73.002314497179242, 19.124397565469813 ], [ 73.003152939033953, 19.124785689050306 ], [ 73.004027371596266, 19.125093826875492 ], [ 73.004929372586574, 19.125319010864626 ], [ 73.005850254039501, 19.125459071922361 ], [ 73.006781146019961, 19.125512660845633 ], [ 73.007713082097098, 19.125479261330252 ], [ 73.008637085751076, 19.125359194951439 ], [ 73.009544256878272, 19.125153618069934 ], [ 73.01042585755954, 19.124864510693431 ], [ 73.011273396263832, 19.124494657400781 ], [ 73.01207870967356, 19.124047620512663 ], [ 73.012834041342629, 19.123527705767973 ], [ 73.013532116427243, 19.12293992083681 ], [ 73.014166211769336, 19.122289927070472 ], [ 73.014730220656162, 19.121583984954192 ], [ 73.015218711632372, 19.120828893788634 ], [ 73.015626980797919, 19.120031926182371 ], [ 73.015951097088504, 19.119200757986945 ], [ 73.016187940103492, 19.11834339435055 ], [ 73.016335230117974, 19.117468092603136 ], [ 73.016391549991468, 19.116583282716604 ] ] ] } },
{ "type": "Feature", "properties": { "station_id": "MUM_RAIL_STN_072", "station_name": "Rabale", "buffer_m": 1000 }, "geometry": { "type": "Polygon", "coordinates": [ [ [ 73.012219924088512, 19.137122221871859 ], [ 73.012184761787864, 19.136236427934506 ], [ 73.012058417406578, 19.135358174939022 ], [ 73.011842109153946, 19.134495920885705 ], [ 73.011537921562223, 19.133657969562311 ], [ 73.011148785359012, 19.132852390581373 ], [ 73.010678449195325, 19.13208694167761 ], [ 73.010131443503482, 19.131368994013286 ], [ 73.00951303683442, 19.13070546121023 ], [ 73.008829185096147, 19.130102732791165 ], [ 73.008086474183074, 19.129566612670505 ], [ 73.007292056549232, 19.129102263285951 ], [ 73.006453582336135, 19.128714155907986 ], [ 73.005579125718256, 19.128406027604704 ], [ 73.004677107174757, 19.128180845275534 ], [ 73.003756212434638, 19.128040777099301 ], [ 73.002825308874591, 19.127987171670686 ], [ 73.001893360172971, 19.128020545025588 ], [ 73.000969340039561, 19.128140575679577 ], [ 73.00006214585008, 19.128346107727079 ], [ 72.999180513015133, 19.128635161971278 ], [ 72.998332930905789, 19.129004954977621 ], [ 72.997527561143684, 19.129451925867663 ], [ 72.996772159040901, 19.129971770595827 ], [ 72.996073998944141, 19.130559483379411 ], [ 72.995439804201567, 19.131209404883727 ], [ 72.994875682425345, 19.131915276699257 ], [ 72.994387066673255, 19.132670301587073 ], [ 72.993978663115428, 19.133467208913327 ], [ 72.993654405691089, 19.13429832464378 ], [ 72.993417418192138, 19.135155645225108 ], [ 72.993269984140426, 19.136030914642561 ], [ 72.993213524749905, 19.136915703912528 ], [ 72.993248585188098, 19.13780149224516 ], [ 72.993374829270692, 19.138679749095996 ], [ 72.993591042642791, 19.139542016316586 ], [ 72.99389514441836, 19.140379989613155 ], [ 72.994284207167652, 19.141185598528757 ], [ 72.994754485062458, 19.141951084178309 ], [ 72.995301449909704, 19.142669073987413 ], [ 72.995919834728085, 19.143332652714651 ], [ 72.996603684449283, 19.143935429072453 ], [ 72.997346413256423, 19.14447159730415 ], [ 72.998140868007809, 19.144935993123145 ], [ 72.998979397135543, 19.145324143474532 ], [ 72.999853924354781, 19.145632309638756 ], [ 73.000756026473198, 19.145857523261412 ], [ 73.001677014550069, 19.145997614961097 ], [ 73.002608017621796, 19.146051235239117 ], [ 73.00354006818587, 19.146017867488933 ], [ 73.004464188618016, 19.145897832979593 ], [ 73.00537147768803, 19.145692287764813 ], [ 73.006253196339131, 19.145403211547432 ], [ 73.007100851902393, 19.145033388606425 ], [ 73.007906279933351, 19.144586380970598 ], [ 73.008661722880746, 19.144066494097643 ], [ 73.009359904828187, 19.143478735389884 ], [ 73.009994101587822, 19.142828765946842 ], [ 73.010558205469962, 19.142122846020271 ], [ 73.011046784104508, 19.141367774698004 ], [ 73.011455132747699, 19.140570824398338 ], [ 73.011779319570678, 19.13973967080695 ], [ 73.012016223494726, 19.138882318932133 ], [ 73.012163564209686, 19.138007025991229 ], [ 73.012219924088512, 19.137122221871859 ] ] ] } },
{ "type": "Feature", "properties": { "station_id": "MUM_RAIL_STN_073", "station_name": "Airoli", "buffer_m": 1000 }, "geometry": { "type": "Polygon", "coordinates": [ [ [ 73.008884011228616, 19.158634242364943 ], [ 73.008848873733101, 19.157748450930825 ], [ 73.008722542244129, 19.156870197683983 ], [ 73.008506234848795, 19.156007940627145 ], [ 73.008202036072973, 19.15516998357684 ], [ 73.007812876753732, 19.154364396200442 ], [ 73.007342505766204, 19.15359893631306 ], [ 73.00679545387932, 19.152880975182146 ], [ 73.006176990089841, 19.152217426558504 ], [ 73.005493070856389, 19.151614680116442 ], [ 73.004750282723606, 19.1510785399431 ], [ 73.003955778888965, 19.150614168668447 ], [ 73.003117210323524, 19.150226037772928 ], [ 73.00224265210953, 19.149917884550323 ], [ 73.001340525703256, 19.149692676139342 ], [ 73.000419517870938, 19.149552580969338 ], [ 72.999488497076712, 19.1494989478945 ], [ 72.998556428126022, 19.149532293216627 ], [ 72.997632285884734, 19.149652295721062 ], [ 72.996724968902598, 19.149857799773322 ], [ 72.995843213770897, 19.15014682644636 ], [ 72.994995511036706, 19.150516592571424 ], [ 72.994190023481906, 19.150963537529456 ], [ 72.993434507551655, 19.151483357525201 ], [ 72.992736238688011, 19.152071047014836 ], [ 72.99210194128608, 19.152720946888806 ], [ 72.991537723946465, 19.153426798946739 ], [ 72.991049020647495, 19.154181806140844 ], [ 72.990640538403056, 19.154978698008506 ], [ 72.990316211911107, 19.155809800665175 ], [ 72.990079165629936, 19.156667110684147 ], [ 72.989931683649061, 19.157542372153024 ], [ 72.989875187645765, 19.158427156165221 ], [ 72.989910223142076, 19.159312941981874 ], [ 72.990036454195831, 19.160191199082949 ], [ 72.990252666579607, 19.161053469317572 ], [ 72.990556779418753, 19.161891448362816 ], [ 72.99094586517873, 19.162697065706048 ], [ 72.991416177811217, 19.163462562380566 ], [ 72.991963188789839, 19.164180565705184 ], [ 72.992581630689955, 19.164844160307641 ], [ 72.993265547894083, 19.16544695474667 ], [ 72.994008353935598, 19.165983143090646 ], [ 72.994802894928796, 19.166447560858423 ], [ 72.995641518474642, 19.166835734782868 ], [ 72.996516147378031, 19.167143925916598 ], [ 72.997418357466117, 19.167369165664024 ], [ 72.998339458756817, 19.167509284391524 ], [ 72.999270579194473, 19.167562932339624 ], [ 73.000202750144368, 19.16752959263496 ], [ 73.001126992820886, 19.1674095862763 ], [ 73.00203440481458, 19.167204069046253 ], [ 73.002916245882957, 19.166915020378276 ], [ 73.003764022176412, 19.166545224286359 ], [ 73.004569568086268, 19.166098242541203 ], [ 73.005325124924752, 19.165578380351747 ], [ 73.006023415677774, 19.164990644883307 ], [ 73.006657715109029, 19.164340697012364 ], [ 73.007221914539898, 19.163634796783796 ], [ 73.00771058068031, 19.162879743096564 ], [ 73.00811900794433, 19.16208280819998 ], [ 73.008443263746912, 19.16125166763219 ], [ 73.008680226346257, 19.160394326276787 ], [ 73.00882761486875, 19.159519041250402 ], [ 73.008884011228616, 19.158634242364943 ] ] ] } },
{ "type": "Feature", "properties": { "station_id": "MUM_RAIL_STN_074", "station_name": "Thane", "buffer_m": 1000 }, "geometry": { "type": "Polygon", "coordinates": [ [ [ 72.985439616080882, 19.186219912361061 ], [ 72.985404613421252, 19.185334129783588 ], [ 72.985278401549223, 19.184455872240243 ], [ 72.985062197402868, 19.183593597776564 ], [ 72.984758084516855, 19.182755610377779 ], [ 72.984368992904294, 19.181949980004255 ], [ 72.983898670791461, 19.181184464885522 ], [ 72.983351648479612, 19.180466436820904 ], [ 72.982733194683419, 19.179802810205352 ], [ 72.982049265767643, 19.179199975463455 ], [ 72.981306448372024, 19.178663737531569 ], [ 72.980511895977202, 19.178199259979657 ], [ 72.979673260022622, 19.177811015309967 ], [ 72.978798616239629, 19.177502741910089 ], [ 72.977896386908057, 19.177277408074115 ], [ 72.97697525978424, 19.177137183437303 ], [ 72.976044104479456, 19.177083418098693 ], [ 72.975111887092325, 19.177116629632003 ], [ 72.974187583915665, 19.177236498109394 ], [ 72.973280095046164, 19.177441869185749 ], [ 72.97239815872733, 19.177730765213564 ], [ 72.971550267247963, 19.178100404281555 ], [ 72.970744585204443, 19.178547226993956 ], [ 72.969988870911976, 19.179066930732837 ], [ 72.96929040172023, 19.17965451107446 ], [ 72.968655903951159, 19.180304309961237 ], [ 72.968091488133211, 19.181010070166533 ], [ 72.967602590154769, 19.181764995528606 ], [ 72.967193918903902, 19.182561816374655 ], [ 72.966869410898639, 19.183392859505972 ], [ 72.966632192345926, 19.184250122071127 ], [ 72.96648454899541, 19.185125348616747 ], [ 72.966427904080234, 19.186010110574532 ], [ 72.966462804558674, 19.186895887419887 ], [ 72.966588915791505, 19.187774148720802 ], [ 72.966805024708165, 19.188636436287371 ], [ 72.96710905143361, 19.189474445630818 ], [ 72.967498069265829, 19.190280105947451 ], [ 72.967968332813868, 19.191045657857039 ], [ 72.968515314027101, 19.191763728146427 ], [ 72.969133745770264, 19.192427400797971 ], [ 72.969817672526062, 19.193030283617937 ], [ 72.970560507737758, 19.193566569822384 ], [ 72.971355097240064, 19.194031093986236 ], [ 72.972193788167516, 19.194419381816001 ], [ 72.973068502676199, 19.194727693265438 ], [ 72.973970815768297, 19.19495305857825 ], [ 72.974892036468617, 19.195093306909541 ], [ 72.975823291569839, 19.195147087249701 ], [ 72.976755611138131, 19.195113881448528 ], [ 72.977680014954004, 19.194994009213545 ], [ 72.978587599053199, 19.194788625034302 ], [ 72.979469621532616, 19.194499707061826 ], [ 72.980317586792324, 19.194130038050716 ], [ 72.981123327400624, 19.19368317854746 ], [ 72.981879082791693, 19.193163432583805 ], [ 72.982577574036483, 19.192575806206204 ], [ 72.983212073965532, 19.191925959241345 ], [ 72.983776471967403, 19.191220150763492 ], [ 72.984265332838334, 19.190465178789474 ], [ 72.984673949116356, 19.189668314783368 ], [ 72.984998386395944, 19.188837233602495 ], [ 72.985235521188116, 19.187979939560499 ], [ 72.985383070962115, 19.187104689320403 ], [ 72.985439616080882, 19.186219912361061 ] ] ] } },
{ "type": "Feature", "properties": { "station_id": "MUM_RAIL_STN_075", "station_name": "Kalwa", "buffer_m": 1000 }, "geometry": { "type": "Polygon", "coordinates": [ [ [ 73.008181375911974, 19.197006813939471 ], [ 73.008146254548919, 19.196121025449571 ], [ 73.008019917882635, 19.195242772858848 ], [ 73.007803584053491, 19.194380514163374 ], [ 73.007499337845104, 19.193542553194849 ], [ 73.007110110554137, 19.192736959657502 ], [ 73.006639651712703, 19.191971491424688 ], [ 73.006092492937668, 19.191253519842984 ], [ 73.005473904256348, 19.190589958762462 ], [ 73.004789843330741, 19.189987197975928 ], [ 73.004046898069888, 19.189451041707198 ], [ 73.003252223183665, 19.188986652739828 ], [ 73.002413471289003, 19.188598502723309 ], [ 73.001538719231661, 19.188290329134389 ], [ 73.000636390332147, 19.188065099306904 ], [ 72.999715173303869, 19.18792498187571 ], [ 72.998783938622324, 19.187871325908866 ], [ 72.997851653149368, 19.187904647928402 ], [ 72.996927293832627, 19.188024626944145 ], [ 72.996019761309014, 19.188230107548168 ], [ 72.995137794242396, 19.188519111039852 ], [ 72.994289885218095, 19.188888854474577 ], [ 72.993484199002296, 19.189335777452886 ], [ 72.99272849395156, 19.189855576392429 ], [ 72.992030047328058, 19.190443245953585 ], [ 72.991395585238251, 19.191093127220146 ], [ 72.990831217868987, 19.191798962172435 ], [ 72.990342380644208, 19.192553953928808 ], [ 72.98993378186907, 19.193350832176684 ], [ 72.989609357365822, 19.194181923163836 ], [ 72.989372232539239, 19.195039223576963 ], [ 72.989224692238224, 19.195914477596943 ], [ 72.989168158705027, 19.196799256389429 ], [ 72.989203177826539, 19.197685039266059 ], [ 72.989329413821778, 19.198563295735035 ], [ 72.989545652419139, 19.199425567651257 ], [ 72.989849812494683, 19.200263550674968 ], [ 72.990238966061781, 19.20106917425435 ], [ 72.990709366421484, 19.20183467936155 ], [ 72.991256484204371, 19.202552693232949 ], [ 72.991875050958413, 19.203216300393297 ], [ 72.99255910986426, 19.203819109278957 ], [ 72.993302073090518, 19.204355313817693 ], [ 72.994096785236877, 19.204819749370962 ], [ 72.994935592254535, 19.205207942499008 ], [ 72.995810415179406, 19.205516154068334 ], [ 72.996712827967542, 19.205741415285527 ], [ 72.997634138681775, 19.205881556309443 ], [ 72.998565473246273, 19.205935227165369 ], [ 72.999497860960773, 19.205901910759113 ], [ 73.000422320948559, 19.2057819278651 ], [ 73.001329948703969, 19.205576434040328 ], [ 73.00221200190343, 19.205287408493469 ], [ 73.0030599846516, 19.204917635016702 ], [ 73.00386572934913, 19.204470675164007 ], [ 73.004621475392014, 19.203950833934762 ], [ 73.00531994394278, 19.203363118293794 ], [ 73.005954408052332, 19.202713188928094 ], [ 73.006518757456206, 19.202007305705802 ], [ 73.007007557420835, 19.201252267363525 ], [ 73.007416101072977, 19.20045534600413 ], [ 73.007740454708724, 19.199624217036583 ], [ 73.007977495646671, 19.198766885233738 ], [ 73.008124942261745, 19.197891607621042 ], [ 73.008181375911974, 19.197006813939471 ] ] ] } },
{ "type": "Feature", "properties": { "station_id": "MUM_RAIL_STN_076", "station_name": "Mumbra", "buffer_m": 1000 }, "geometry": { "type": "Polygon", "coordinates": [ [ [ 73.032646129697071, 19.19037648489947 ], [ 73.032610874740456, 19.189490688904058 ], [ 73.032484408081444, 19.18861244141717 ], [ 73.032267949111173, 19.187750200384045 ], [ 73.031963583816989, 19.186912269464756 ], [ 73.031574244640638, 19.186106718072892 ], [ 73.031103682189794, 19.185341303674903 ], [ 73.030556429076981, 19.184623397098225 ], [ 73.029937756235881, 19.183959911566557 ], [ 73.029253622136778, 19.183357236145156 ], [ 73.028510615391369, 19.182821174236093 ], [ 73.027715891299735, 19.182356887714896 ], [ 73.026877102951076, 19.181968847245475 ], [ 73.026002327540837, 19.181660789250881 ], [ 73.025099988613533, 19.181435679953243 ], [ 73.02417877497858, 19.181295686828335 ], [ 73.023247557078648, 19.181242157748883 ], [ 73.022315301614299, 19.181275608016737 ], [ 73.02139098524485, 19.181395715408428 ], [ 73.020483508194744, 19.181601323281349 ], [ 73.019601608595082, 19.18189045171075 ], [ 73.0187537783832, 19.182260316550064 ], [ 73.017948181568215, 19.182707356231621 ], [ 73.017192575647883, 19.183227266049879 ], [ 73.016494236931877, 19.1838150395977 ], [ 73.015859890489637, 19.184465016957436 ], [ 73.015295645396307, 19.185170939183589 ], [ 73.014806935900182, 19.185926008553317 ], [ 73.014398469077946, 19.186722954005539 ], [ 73.014074179482392, 19.187554101139533 ], [ 73.013837191220034, 19.188411446099739 ], [ 73.013689787825115, 19.189286732636322 ], [ 73.013633390221571, 19.190171531599979 ], [ 73.013668542986863, 19.191057322106282 ], [ 73.013794909052265, 19.191935573588164 ], [ 73.01401127289239, 19.192797827946865 ], [ 73.014315552175674, 19.193635781010205 ], [ 73.014704817765733, 19.194441362513636 ], [ 73.015175321882765, 19.195206813833508 ], [ 73.015722534155969, 19.195924762723511 ], [ 73.016341185221151, 19.196588294333864 ], [ 73.017025317444819, 19.197191017828544 ], [ 73.017768342287397, 19.197727127958043 ], [ 73.018563103753266, 19.198191460993748 ], [ 73.019401947317007, 19.198579544484222 ], [ 73.020276793661282, 19.198887640353149 ], [ 73.021179216515634, 19.199112780922899 ], [ 73.022100523845367, 19.199252797515921 ], [ 73.02303184160715, 19.199306341357644 ], [ 73.023964199262821, 19.199272896578893 ], [ 73.02488861622588, 19.199152785192208 ], [ 73.025796188406147, 19.198947163993711 ], [ 73.026678174016709, 19.198658013420253 ], [ 73.027526077814883, 19.198288118469385 ], [ 73.028331732963679, 19.197841041865939 ], [ 73.029087379723606, 19.197321089734352 ], [ 73.029785740215516, 19.196733270107838 ], [ 73.030420088533191, 19.196083244674824 ], [ 73.030984315529366, 19.195377274228239 ], [ 73.031472987651242, 19.194622158344 ], [ 73.031881399258381, 19.193825169870721 ], [ 73.0322056179199, 19.192993984862412 ], [ 73.032442522255224, 19.192136608630094 ], [ 73.032589831955363, 19.191261298625395 ], [ 73.032646129697071, 19.19037648489947 ] ] ] } },
{ "type": "Feature", "properties": { "station_id": "MUM_RAIL_STN_077", "station_name": "Diva", "buffer_m": 1000 }, "geometry": { "type": "Polygon", "coordinates": [ [ [ 73.052457889361207, 19.189051464282795 ], [ 73.052422527544195, 19.188165662616658 ], [ 73.052295954704235, 19.187287419463683 ], [ 73.052079391254495, 19.186425192725967 ], [ 73.051774924187683, 19.185587285924633 ], [ 73.051385486924531, 19.184781768239841 ], [ 73.050914831016001, 19.184016396812524 ], [ 73.050367489973112, 19.183298542055585 ], [ 73.049748735574667, 19.182635116693248 ], [ 73.049064527074748, 19.182032509211165 ], [ 73.048321453799815, 19.181496522357264 ], [ 73.04752667168907, 19.181032317284696 ], [ 73.046687834388962, 19.180644363873643 ], [ 73.045813019565074, 19.180336397709681 ], [ 73.044910651140455, 19.180111384131703 ], [ 73.043989418207815, 19.179971489694939 ], [ 73.043058191395218, 19.179918061323097 ], [ 73.042125937488962, 19.179951613349626 ], [ 73.041201633133596, 19.180071822572518 ], [ 73.040294178438373, 19.180277531369885 ], [ 73.039412311319964, 19.1805667588463 ], [ 73.03856452340402, 19.180936719902459 ], [ 73.037758978293695, 19.181383852044998 ], [ 73.037003432990332, 19.181903849678619 ], [ 73.036305163221499, 19.182491705550877 ], [ 73.035670893394311, 19.183141758951461 ], [ 73.035106731847833, 19.183847750202396 ], [ 73.034618112027331, 19.184602880915666 ], [ 73.034209740147375, 19.185399879438723 ], [ 73.03388554984771, 19.186231070858817 ], [ 73.03364866427961, 19.187088450892748 ], [ 73.03350136598911, 19.187963762951604 ], [ 73.033445074888363, 19.18884857763889 ], [ 73.033480334529273, 19.189734373917293 ], [ 73.033606806813623, 19.190612621162689 ], [ 73.033823275192532, 19.191474861315722 ], [ 73.034127656326831, 19.19231279033972 ], [ 73.034517020098107, 19.193118338200517 ], [ 73.034987617779649, 19.193883746597535 ], [ 73.03553491809808, 19.194601643697144 ], [ 73.036153650839594, 19.195265115147919 ], [ 73.036837857582412, 19.195867770693052 ], [ 73.037580949067575, 19.196403805737578 ], [ 73.038375768656053, 19.196868057276429 ], [ 73.039214661261198, 19.197256053643713 ], [ 73.040089547092023, 19.197564057603088 ], [ 73.040991999496782, 19.19778910236321 ], [ 73.041913326155424, 19.19792902017052 ], [ 73.042844652838028, 19.197982463203207 ], [ 73.043777008920401, 19.197948916564421 ], [ 73.04470141383139, 19.197828703249112 ], [ 73.045608963597431, 19.197622981036425 ], [ 73.046490916648381, 19.197333731337352 ], [ 73.047338778056201, 19.19696374010519 ], [ 73.048144381393499, 19.196516570992941 ], [ 73.04889996742132, 19.195996531016647 ], [ 73.04959825884707, 19.195408629055944 ], [ 73.050232530431359, 19.194758527592317 ], [ 73.050796673767607, 19.194052488150749 ], [ 73.051285256110361, 19.193297310971214 ], [ 73.051693572685295, 19.192500269491919 ], [ 73.052017691978008, 19.191669040276413 ], [ 73.052254493565968, 19.190811629060342 ], [ 73.052401698130481, 19.189936293630932 ], [ 73.052457889361207, 19.189051464282795 ] ] ] } },
{ "type": "Feature", "properties": { "station_id": "MUM_RAIL_STN_078", "station_name": "Lower Kopar", "buffer_m": 1000 }, "geometry": { "type": "Polygon", "coordinates": [ [ [ 73.086486717844352, 19.210721628282403 ], [ 73.086451179676644, 19.209835818858718 ], [ 73.086324418365919, 19.208957583965589 ], [ 73.086107656141593, 19.208095381422929 ], [ 73.085802981911158, 19.207257514516193 ], [ 73.085413331090265, 19.206452052038845 ], [ 73.084942457285635, 19.205686750597831 ], [ 73.084394896105223, 19.204968979930076 ], [ 73.083775921445778, 19.204305651948385 ], [ 73.083091494679906, 19.20370315419942 ], [ 73.082348207233068, 19.203167288373663 ], [ 73.081553217103732, 19.202703214458527 ], [ 73.080714179938127, 19.202315401071498 ], [ 73.079839175323144, 19.202007582450495 ], [ 73.078936629006193, 19.201782722514849 ], [ 73.078015231789962, 19.201642986341909 ], [ 73.077083855881895, 19.201589719333352 ], [ 73.076151469501738, 19.201623434270999 ], [ 73.075227050568031, 19.201743806386485 ], [ 73.074319500292361, 19.201949676491864 ], [ 73.073437557511369, 19.202239062140833 ], [ 73.072589714579578, 19.202609176713331 ], [ 73.071784135630878, 19.203056456239828 ], [ 73.071028577993999, 19.203576593707606 ], [ 73.070330317517445, 19.204164580519176 ], [ 73.069696078521503, 19.204814754704323 ], [ 73.069131969051313, 19.205520855422538 ], [ 73.068643422054009, 19.206276083231714 ], [ 73.068235143046323, 19.20707316554385 ], [ 73.067911064777135, 19.207904426638361 ], [ 73.067674309322229, 19.208761861559704 ], [ 73.067527157977764, 19.2096372131886 ], [ 73.067471029243563, 19.210522051745343 ], [ 73.067506465110242, 19.211407855960328 ], [ 73.06763312578417, 19.212286095130438 ], [ 73.067849792903388, 19.213148311271418 ], [ 73.068154381215237, 19.213986200575221 ], [ 73.068543958605858, 19.214791693387689 ], [ 73.069014774290409, 19.215557031936108 ], [ 73.069562294894453, 19.216274845057534 ], [ 73.070181248080587, 19.216938219207691 ], [ 73.070865673301412, 19.217540765065706 ], [ 73.071608979190827, 19.218076679092267 ], [ 73.072404007041641, 19.218540799447638 ], [ 73.073243099757988, 19.218928655729677 ], [ 73.07411817561821, 19.219236512052028 ], [ 73.075020806137005, 19.219461403046502 ], [ 73.075942297275787, 19.219601162442181 ], [ 73.076873773217798, 19.219654443944972 ], [ 73.077806261899013, 19.219620734216033 ], [ 73.078730781469503, 19.219500357823549 ], [ 73.079638426850281, 19.219294474119856 ], [ 73.080520455549873, 19.219005066073809 ], [ 73.081368371911935, 19.218634921166196 ], [ 73.082174008980715, 19.2181876045323 ], [ 73.082929607193947, 19.217667424610841 ], [ 73.083627889143798, 19.217079391630808 ], [ 73.084262129684802, 19.216429169336614 ], [ 73.084826220712415, 19.215723020417592 ], [ 73.085314729988241, 19.214967746168174 ], [ 73.08572295344517, 19.214170620961035 ], [ 73.086046960469133, 19.21333932216519 ], [ 73.086283631722196, 19.212481856185011 ], [ 73.08643068914408, 19.211606481333376 ], [ 73.086486717844352, 19.210721628282403 ] ] ] } },
{ "type": "Feature", "properties": { "station_id": "MUM_RAIL_STN_079", "station_name": "Dombivili", "buffer_m": 1000 }, "geometry": { "type": "Polygon", "coordinates": [ [ [ 73.096351387566656, 19.218385130725995 ], [ 73.096315798602916, 19.217499319216461 ], [ 73.096188982217512, 19.216621086820517 ], [ 73.095972161170721, 19.215758891333213 ], [ 73.095667424936778, 19.21492103597129 ], [ 73.095277709528503, 19.214115589416263 ], [ 73.094806769174468, 19.213350308121026 ], [ 73.094259140123157, 19.212632561627878 ], [ 73.093640096924332, 19.211969261616279 ], [ 73.092955601609972, 19.211366795363158 ], [ 73.092212246264779, 19.210830964255425 ], [ 73.09141718954011, 19.210366927946048 ], [ 73.090578087722506, 19.209979154690391 ], [ 73.089703021020355, 19.209671378340119 ], [ 73.088800415777911, 19.209446562407834 ], [ 73.087878963364346, 19.209306871547597 ], [ 73.086947536517698, 19.209253650725277 ], [ 73.086015103947517, 19.209287412278606 ], [ 73.085090644016518, 19.209407830991033 ], [ 73.084183058330638, 19.209613747226637 ], [ 73.083301086067294, 19.209903178095665 ], [ 73.082453219864888, 19.210273336543285 ], [ 73.081647624081597, 19.210720658178161 ], [ 73.080892056208683, 19.211240835582668 ], [ 73.080193792193782, 19.211828859775189 ], [ 73.079559556391999, 19.212479068425925 ], [ 73.078995456818618, 19.213185200362684 ], [ 73.078506926326469, 19.213940455842788 ], [ 73.0780986702744, 19.214737562011706 ], [ 73.077774621191296, 19.215568842918877 ], [ 73.077537900872997, 19.216426293417591 ], [ 73.077390790278287, 19.217301656238057 ], [ 73.077334707515462, 19.218186501492202 ], [ 73.077370194133223, 19.219072307845217 ], [ 73.07749690984987, 19.219950544572665 ], [ 73.077713635773776, 19.220812753713002 ], [ 73.07801828608622, 19.221650631524831 ], [ 73.078407928076302, 19.222456108463902 ], [ 73.078878810336846, 19.223221426909667 ], [ 73.079426398851922, 19.223939215892152 ], [ 73.080045420629489, 19.224602562099061 ], [ 73.080729914460818, 19.225205076478215 ], [ 73.081473288318193, 19.225740955793238 ], [ 73.082268382838834, 19.226205038538581 ], [ 73.083107540283734, 19.226592854674369 ], [ 73.083982678306754, 19.226900668701088 ], [ 73.084885367822821, 19.227125515658248 ], [ 73.085806914224221, 19.227265229699515 ], [ 73.086738441160975, 19.227318464968185 ], [ 73.087670976077135, 19.227284708571371 ], [ 73.088595536676905, 19.227164285527444 ], [ 73.089503217485671, 19.226958355638796 ], [ 73.090385275670513, 19.226668902319862 ], [ 73.091233215291112, 19.226298713488205 ], [ 73.092038869167865, 19.225851354702801 ], [ 73.09279447757703, 19.225331134808958 ], [ 73.093492763013188, 19.224743064421119 ], [ 73.094127000298002, 19.224092807644343 ], [ 73.094691081359201, 19.223386627500304 ], [ 73.095179574055365, 19.222631325584231 ], [ 73.095587774480151, 19.221834176535186 ], [ 73.095911752242387, 19.221002857951571 ], [ 73.096148388287048, 19.220145376427986 ], [ 73.096295404893937, 19.219269990426486 ], [ 73.096351387566656, 19.218385130725995 ] ] ] } },
{ "type": "Feature", "properties": { "station_id": "MUM_RAIL_STN_080", "station_name": "Thakurli", "buffer_m": 1000 }, "geometry": { "type": "Polygon", "coordinates": [ [ [ 73.1074411693114, 19.226100378521007 ], [ 73.107405522926783, 19.22521456463511 ], [ 73.107278644812908, 19.224336335062411 ], [ 73.107061758324988, 19.223474147569892 ], [ 73.106756953567711, 19.222636305296433 ], [ 73.106367167213818, 19.221830876796648 ], [ 73.105896154174829, 19.221065618348817 ], [ 73.105348451398768, 19.220347899274515 ], [ 73.10472933414475, 19.219684630988613 ], [ 73.104044765157056, 19.219082200462086 ], [ 73.103301337228942, 19.218546408737541 ], [ 73.102506209709645, 19.218082415088606 ], [ 73.101667039566323, 19.217694687359895 ], [ 73.100791907664217, 19.217386958964894 ], [ 73.099889240974321, 19.217162192954792 ], [ 73.098967731456469, 19.217022553503426 ], [ 73.098036252397677, 19.216969385082287 ], [ 73.097103773009493, 19.217003199525205 ], [ 73.096179272104891, 19.217123671107135 ], [ 73.09527165168393, 19.217329639683857 ], [ 73.094389651258368, 19.217619121862409 ], [ 73.093541763737832, 19.217989330094664 ], [ 73.092736153686047, 19.21843669951059 ], [ 73.091980578732162, 19.21895692223308 ], [ 73.09128231489268, 19.219544988844621 ], [ 73.090648086521895, 19.220195236607303 ], [ 73.090084001564492, 19.220901403972491 ], [ 73.089595492733665, 19.221656690856395 ], [ 73.089187265180811, 19.22245382410194 ], [ 73.088863251161555, 19.223285127497537 ], [ 73.088626572135212, 19.224142595679485 ], [ 73.08847950866398, 19.225017971207112 ], [ 73.088423478403328, 19.225902824069291 ], [ 73.08845902239716, 19.226788632857165 ], [ 73.088585799811852, 19.227666866821991 ], [ 73.088802591162036, 19.228529068027978 ], [ 73.089107309999093, 19.229366932809267 ], [ 73.089497022952202, 19.230172391746255 ], [ 73.089967977930513, 19.230937687390995 ], [ 73.090515640217291, 19.231655448992452 ], [ 73.091134736109396, 19.232318763501468 ], [ 73.091819303683465, 19.232921242170718 ], [ 73.092562750200585, 19.233457082107524 ], [ 73.093357915597124, 19.233921122185468 ], [ 73.094197141450351, 19.234308892775697 ], [ 73.095072344754115, 19.23461665881759 ], [ 73.095975095793506, 19.234841455813211 ], [ 73.09689669936715, 19.23498111839795 ], [ 73.097828278573559, 19.235034301211329 ], [ 73.098760860352556, 19.235000491866426 ], [ 73.099685461956341, 19.234880015892376 ], [ 73.100593177515037, 19.234674033602172 ], [ 73.10147526386082, 19.234384528915804 ], [ 73.102323224782154, 19.234014290246336 ], [ 73.103128892894603, 19.233566883633497 ], [ 73.103884508337757, 19.233046618383852 ], [ 73.104582793539151, 19.232458505549193 ], [ 73.105217023323561, 19.231808209643788 ], [ 73.105781089691945, 19.23110199406635 ], [ 73.106269560645515, 19.230346660753437 ], [ 73.106677732488464, 19.229549484646366 ], [ 73.107001675106076, 19.228718143603878 ], [ 73.10723826978294, 19.227860644436422 ], [ 73.107385239198365, 19.22698524577542 ], [ 73.1074411693114, 19.226100378521007 ] ] ] } },
{ "type": "Feature", "properties": { "station_id": "MUM_RAIL_STN_081", "station_name": "Kalyan", "buffer_m": 1000 }, "geometry": { "type": "Polygon", "coordinates": [ [ [ 73.139480707254606, 19.235287852076159 ], [ 73.139444890994156, 19.234402030564848 ], [ 73.139317837871488, 19.233523809029418 ], [ 73.139100772927321, 19.232661645157059 ], [ 73.138795787984535, 19.23182384185689 ], [ 73.138405821450135, 19.231018467306111 ], [ 73.137934629969379, 19.230253277261578 ], [ 73.137386752206794, 19.229535640384647 ], [ 73.13676746510437, 19.228872467297474 ], [ 73.136082733039501, 19.228270144053571 ], [ 73.135339150373099, 19.22773447066216 ], [ 73.13454387794178, 19.22727060525753 ], [ 73.133704574105408, 19.226883014449985 ], [ 73.132829321014029, 19.226575430335533 ], [ 73.131926546803285, 19.226350814577426 ], [ 73.131004944466397, 19.226211329904405 ], [ 73.130073388182566, 19.226158319299454 ], [ 73.129140847905845, 19.226192293078896 ], [ 73.128216303034932, 19.22631292398556 ], [ 73.127308655993204, 19.226519050343239 ], [ 73.126426646549234, 19.226808687241732 ], [ 73.125578767700503, 19.227179045644974 ], [ 73.124773183928781, 19.227626559238548 ], [ 73.124017652612054, 19.228146918758302 ], [ 73.123319449348912, 19.228735113470407 ], [ 73.122685297912938, 19.229385479403913 ], [ 73.122121305510689, 19.230091753872344 ], [ 73.121632903966898, 19.230847135760168 ], [ 73.12122479740259, 19.231644350994628 ], [ 73.120900916910927, 19.232475722573355 ], [ 73.120664382667726, 19.233333244474462 ], [ 73.120517473843009, 19.234208658738055 ], [ 73.120461606604579, 19.235093534977803 ], [ 73.120497320427575, 19.235979351557408 ], [ 73.1206242728435, 19.236857577650699 ], [ 73.120841242681706, 19.237719755395304 ], [ 73.121146141774233, 19.23855758134901 ], [ 73.121536035013236, 19.239362986464059 ], [ 73.12200716857015, 19.240128213809008 ], [ 73.122555006006436, 19.240845893289102 ], [ 73.123174271929827, 19.241509112644934 ], [ 73.123859002776825, 19.242111484044937 ], [ 73.124602604233289, 19.242647205629268 ], [ 73.125397914740546, 19.243111117411612 ], [ 73.126237274475514, 19.243498750999393 ], [ 73.127112599139949, 19.243806372652585 ], [ 73.128015457847724, 19.244031019265339 ], [ 73.128937154358439, 19.244170526923195 ], [ 73.129868810873845, 19.24422355175987 ], [ 73.130801453588035, 19.244189582912124 ], [ 73.131726099165718, 19.244068947447605 ], [ 73.132633841313393, 19.243862807217678 ], [ 73.133515936607623, 19.243573147665654 ], [ 73.134363888751736, 19.243202758698139 ], [ 73.135169530447314, 19.242755207804134 ], [ 73.13592510209034, 19.242234805681232 ], [ 73.136623326532501, 19.241646564700453 ], [ 73.13725747918636, 19.240996150610851 ], [ 73.137821452798519, 19.2402898279495 ], [ 73.138309816266357, 19.239534399683965 ], [ 73.138717866932083, 19.238737141669279 ], [ 73.139041675850692, 19.237905732551809 ], [ 73.13927812559686, 19.237048179796052 ], [ 73.13942494024775, 19.23617274254763 ], [ 73.139480707254606, 19.235287852076159 ] ] ] } },
{ "type": "Feature", "properties": { "station_id": "MUM_RAIL_STN_082", "station_name": "Vithalwadi", "buffer_m": 1000 }, "geometry": { "type": "Polygon", "coordinates": [ [ [ 73.158766269157269, 19.228368116107646 ], [ 73.158730347122557, 19.227482289228739 ], [ 73.158603192083376, 19.226604072340852 ], [ 73.158386030060939, 19.225741923085113 ], [ 73.158080953811734, 19.224904144228713 ], [ 73.157690902620558, 19.224098803712479 ], [ 73.157219633946326, 19.223333656964755 ], [ 73.156671687195214, 19.222616072229449 ], [ 73.156052339971822, 19.221952959626353 ], [ 73.15536755723079, 19.221350704626577 ], [ 73.154623933819494, 19.220815106582478 ], [ 73.153828630965407, 19.22035132290333 ], [ 73.152989307320212, 19.219963819413234 ], [ 73.152114045223769, 19.219656327368387 ], [ 73.151211272897783, 19.219431807546613 ], [ 73.150289683317055, 19.219292421754062 ], [ 73.149358150537964, 19.219239512022931 ], [ 73.148425644288608, 19.219273587699483 ], [ 73.14750114364071, 19.219394320546655 ], [ 73.146593550592797, 19.219600547907774 ], [ 73.145711604394748, 19.219890283901105 ], [ 73.144863797436457, 19.22026073853721 ], [ 73.144058293509005, 19.220708344575616 ], [ 73.14330284922319, 19.221228791862366 ], [ 73.142604739341266, 19.221817068818599 ], [ 73.141970686739199, 19.222467510681231 ], [ 73.141406797673397, 19.223173854032165 ], [ 73.140918502974827, 19.223929297091875 ], [ 73.140510505736785, 19.224726565197614 ], [ 73.140186736000473, 19.225557980836765 ], [ 73.139950312875754, 19.226415537561852 ], [ 73.139803514462784, 19.227290977076247 ], [ 73.139747755866026, 19.228175868749002 ], [ 73.139783575513931, 19.229061690793749 ], [ 73.139910629918077, 19.229939912330259 ], [ 73.140127696924651, 19.230802075538758 ], [ 73.140432687428586, 19.231639877115853 ], [ 73.140822665440169, 19.232445248247593 ], [ 73.141293876312758, 19.233210432329059 ], [ 73.141841782861476, 19.233928059681666 ], [ 73.142461109026698, 19.23459121854783 ], [ 73.143145890662979, 19.23519352167861 ], [ 73.14388953296546, 19.235729167871984 ], [ 73.144684873980637, 19.236192997868343 ], [ 73.145524253590366, 19.236580544063617 ], [ 73.146399587304074, 19.236888073560486 ], [ 73.147302444147826, 19.237112624141872 ], [ 73.148224127898899, 19.237252032819537 ], [ 73.149155760881953, 19.237304956681832 ], [ 73.15008836951813, 19.237270885839436 ], [ 73.151012970801062, 19.237150148343645 ], [ 73.151920658864825, 19.236943907029765 ], [ 73.152802690808187, 19.236654148315736 ], [ 73.153650570946056, 19.236283663064143 ], [ 73.154456132675151, 19.23583601969198 ], [ 73.155211617163346, 19.235315529787933 ], [ 73.15590974810344, 19.234727206568611 ], [ 73.156543801810244, 19.23407671657499 ], [ 73.157107671984875, 19.233370325074777 ], [ 73.157595928522341, 19.232614835697866 ], [ 73.158003869795863, 19.231817524886949 ], [ 73.15832756791491, 19.230986071795769 ], [ 73.158563906521863, 19.230128484311074 ], [ 73.158710610764487, 19.229253021911571 ], [ 73.158766269157269, 19.228368116107646 ] ] ] } },
{ "type": "Feature", "properties": { "station_id": "MUM_RAIL_STN_083", "station_name": "Ulhas Nagar", "buffer_m": 1000 }, "geometry": { "type": "Polygon", "coordinates": [ [ [ 73.172611992259135, 19.218184829314673 ], [ 73.172575992917075, 19.217298998258311 ], [ 73.172448766247271, 19.216420784620311 ], [ 73.172231538959593, 19.215558646009626 ], [ 73.171926404437684, 19.214720885090181 ], [ 73.171536302526107, 19.213915569629489 ], [ 73.171064991170709, 19.213150454814237 ], [ 73.170517010187197, 19.21243290858061 ], [ 73.169897637508441, 19.211769840677686 ], [ 73.169212838332896, 19.211167636146303 ], [ 73.168469207665055, 19.210632093853263 ], [ 73.167673906801426, 19.210168370671571 ], [ 73.166834594373739, 19.209780931843508 ], [ 73.165959352613527, 19.209473508003477 ], [ 73.165056609546497, 19.209249059273457 ], [ 73.164135057865863, 19.209109746776061 ], [ 73.163203571263537, 19.209056911838687 ], [ 73.162271119023629, 19.209091063088344 ], [ 73.16134667969871, 19.20921187156117 ], [ 73.160439154697954, 19.209418173873061 ], [ 73.159557282617243, 19.209707983421183 ], [ 73.158709555134195, 19.210078509508314 ], [ 73.157904135275942, 19.210526184206252 ], [ 73.15714877884524, 19.211046696699967 ], [ 73.156450759759622, 19.211635034782589 ], [ 73.155816800021952, 19.212285533102065 ], [ 73.155253004995458, 19.212991927696173 ], [ 73.154764804606387, 19.213747416291209 ], [ 73.154356901040416, 19.214544723785114 ], [ 73.154033223437111, 19.215376172284994 ], [ 73.153796890019066, 19.216233755025883 ], [ 73.15365017802236, 19.217109213459523 ], [ 73.1535945017187, 19.217994116771678 ], [ 73.153630398743275, 19.218879943062817 ], [ 73.153757524861504, 19.21975816141083 ], [ 73.153974657227693, 19.220620314025751 ], [ 73.154279706105967, 19.221458097705494 ], [ 73.154669734942999, 19.222263443807865 ], [ 73.155140988601147, 19.223028595968646 ], [ 73.155688929481997, 19.22374618481647 ], [ 73.156308281193787, 19.224409298964652 ], [ 73.15699307934382, 19.225011551595131 ], [ 73.157736728966995, 19.225547141992703 ], [ 73.158532068038411, 19.22601091143575 ], [ 73.159371436457945, 19.226398392904176 ], [ 73.160246749842443, 19.226705854124926 ], [ 73.16114957741361, 19.22693033353951 ], [ 73.162071223230839, 19.227069668846124 ], [ 73.163002809984619, 19.227122517840836 ], [ 73.163935364542027, 19.227088371356391 ], [ 73.16485990441852, 19.226967558173552 ], [ 73.165767524340765, 19.226761241857421 ], [ 73.166649482065111, 19.226471409549006 ], [ 73.167497282622705, 19.226100852820185 ], [ 73.168302760178193, 19.225653140776725 ], [ 73.169058156711571, 19.225132585668796 ], [ 73.169756196764141, 19.22454420134094 ], [ 73.170390157527322, 19.223893654922346 ], [ 73.170953933598469, 19.223187212223714 ], [ 73.171442095779781, 19.222431677367322 ], [ 73.171849943353848, 19.221634327233069 ], [ 73.172173549332925, 19.220802841352466 ], [ 73.172409798246804, 19.219945227927013 ], [ 73.172556416106914, 19.219069746684156 ], [ 73.172611992259135, 19.218184829314673 ] ] ] } },
{ "type": "Feature", "properties": { "station_id": "MUM_RAIL_STN_084", "station_name": "Ambernath", "buffer_m": 1000 }, "geometry": { "type": "Polygon", "coordinates": [ [ [ 73.193940169010943, 19.210224513620254 ], [ 73.193904052807014, 19.209338676795262 ], [ 73.193776713726891, 19.208460468461194 ], [ 73.193559379561819, 19.207598346174485 ], [ 73.193254144723284, 19.206760612440576 ], [ 73.192863950020239, 19.205955334764099 ], [ 73.192392554290322, 19.205190267967065 ], [ 73.191844498159867, 19.204472779522689 ], [ 73.191225060283415, 19.203809778623288 ], [ 73.190540206485423, 19.203207649664542 ], [ 73.189796532294636, 19.202672190785844 ], [ 73.189001199425078, 19.202208558057574 ], [ 73.188161866815435, 19.201821215851897 ], [ 73.187286616890475, 19.201513893873873 ], [ 73.18638387775394, 19.201289551265891 ], [ 73.185462342060845, 19.201150348130067 ], [ 73.184530883349225, 19.201097624742175 ], [ 73.183598470635062, 19.201131888656565 ], [ 73.182674082091111, 19.201252809825863 ], [ 73.181766618638648, 19.20145922378212 ], [ 73.180884818282308, 19.201749142848566 ], [ 73.1800371720106, 19.202119775274316 ], [ 73.179231842070479, 19.202567552107872 ], [ 73.178476583400624, 19.203088161551111 ], [ 73.177778668979116, 19.203676590463683 ], [ 73.177144819802749, 19.204327172618722 ], [ 73.176581140171791, 19.205033643246175 ], [ 73.176093058902765, 19.205789199339421 ], [ 73.175685277035512, 19.206586565145351 ], [ 73.175361722538568, 19.207418062208319 ], [ 73.175125512449668, 19.208275683294264 ], [ 73.174978922817445, 19.209151169484127 ], [ 73.174923366735115, 19.210036089694771 ], [ 73.174959380679553, 19.210921921862329 ], [ 73.175086619289388, 19.211800135006538 ], [ 73.175303858634379, 19.212662271386115 ], [ 73.175609007946932, 19.213500027954037 ], [ 73.175999129704778, 19.214305336328167 ], [ 73.176470467873557, 19.215070440506803 ], [ 73.177018484038967, 19.21578797158018 ], [ 73.177637901082292, 19.216451018717773 ], [ 73.1783227539797, 19.217053195746995 ], [ 73.179066447237048, 19.217588702681123 ], [ 73.179861818407588, 19.218052381603034 ], [ 73.180701207080745, 19.218439766365385 ], [ 73.181576528677269, 19.218747125627669 ], [ 73.182479352339115, 19.218971498814685 ], [ 73.183400982163022, 19.219110724649187 ], [ 73.184332540993537, 19.219163461983111 ], [ 73.185265055967193, 19.219129202726151 ], [ 73.186189544981445, 19.219008276746695 ], [ 73.18709710325399, 19.218801848697577 ], [ 73.187978989136326, 19.218511906797122 ], [ 73.188826708353218, 19.218141243673713 ], [ 73.189632095854492, 19.21769342945856 ], [ 73.190387394489377, 19.217172777386306 ], [ 73.191085329743998, 19.216584302235539 ], [ 73.19171917982095, 19.215933672010035 ], [ 73.192282840385346, 19.215227153327152 ], [ 73.192770883353404, 19.214471551040262 ], [ 73.193178609157115, 19.213674142677661 ], [ 73.193502091982495, 19.21284260833044 ], [ 73.193738217546084, 19.211984956665461 ], [ 73.193884713047495, 19.211109447776924 ], [ 73.193940169010943, 19.210224513620254 ] ] ] } },
{ "type": "Feature", "properties": { "station_id": "MUM_RAIL_STN_085", "station_name": "Badlapur", "buffer_m": 1000 }, "geometry": { "type": "Polygon", "coordinates": [ [ [ 73.24830877715371, 19.166924084248475 ], [ 73.248272357780536, 19.166038231546082 ], [ 73.248144739687703, 19.165160036540833 ], [ 73.247927153348442, 19.164297956657368 ], [ 73.247621695597232, 19.1634602939899 ], [ 73.247231309383835, 19.162655115356511 ], [ 73.24675975538409, 19.161890174623981 ], [ 73.246211575742478, 19.161172838050913 ], [ 73.245592050297319, 19.160510013367311 ], [ 73.244907145711224, 19.159908083272953 ], [ 73.244163457997573, 19.159372843993989 ], [ 73.243368148997106, 19.158909449488579 ], [ 73.24252887741612, 19.158522361837949 ], [ 73.241653725090302, 19.158215308299432 ], [ 73.240751119183315, 19.157991245434292 ], [ 73.239829751068129, 19.157852330654897 ], [ 73.238898492671083, 19.157799901464308 ], [ 73.237966311082303, 19.157834462587779 ], [ 73.237042182252921, 19.157955681119557 ], [ 73.236135004608016, 19.158162389731338 ], [ 73.23525351340534, 19.158452597911506 ], [ 73.234406196662064, 19.158823511127029 ], [ 73.233601213457746, 19.159271557723621 ], [ 73.232846315397865, 19.159792423305753 ], [ 73.232148771993351, 19.160381092266007 ], [ 73.231515300673095, 19.161031896064596 ], [ 73.230952002102839, 19.161738567794981 ], [ 73.230464301432846, 19.16249430251116 ], [ 73.230056896040097, 19.163291822736511 ], [ 73.229733710268789, 19.164123448524482 ], [ 73.229497857605821, 19.164981171397198 ], [ 73.229351610656565, 19.165856731451036 ], [ 73.229296379211831, 19.166741696887197 ], [ 73.229332696618798, 19.167627545202041 ], [ 73.229460214589324, 19.168505745255942 ], [ 73.22967770649781, 19.169367839430226 ], [ 73.229983079138691, 19.170205525081503 ], [ 73.230373392832959, 19.171010734508428 ], [ 73.230844889691681, 19.171775712660839 ], [ 73.23139302976621, 19.172493091842117 ], [ 73.232012534738786, 19.173155962684842 ], [ 73.232697438733581, 19.173757940715376 ], [ 73.233441145759883, 19.174293227865405 ], [ 73.234236493234846, 19.174756668337096 ], [ 73.235075820973549, 19.175143798282786 ], [ 73.23595104498223, 19.175450888819757 ], [ 73.236853735342507, 19.175674981964907 ], [ 73.237775197435923, 19.175813919142232 ], [ 73.238706555724562, 19.175866361987943 ], [ 73.23963883927955, 19.175831805252006 ], [ 73.240563068231253, 19.175710581671577 ], [ 73.241470340306947, 19.175503858768984 ], [ 73.242351916619938, 19.175213627605 ], [ 73.243199305882314, 19.174842683595941 ], [ 73.244004346227698, 19.174394599579458 ], [ 73.244759283854648, 19.173873691389115 ], [ 73.245456847731745, 19.173284976269734 ], [ 73.246090319643315, 19.17263412453498 ], [ 73.246653598900878, 19.171927404933538 ], [ 73.247141261096402, 19.17117162425107 ], [ 73.247548610331435, 19.170374061730666 ], [ 73.247871724419852, 19.169542398944245 ], [ 73.248107492629529, 19.168684645791512 ], [ 73.248253645600585, 19.167809063339735 ], [ 73.24830877715371, 19.166924084248475 ] ] ] } },
{ "type": "Feature", "properties": { "station_id": "MUM_RAIL_STN_086", "station_name": "Vangani", "buffer_m": 1000 }, "geometry": { "type": "Polygon", "coordinates": [ [ [ 73.310242922142024, 19.094480818534031 ], [ 73.310206153783199, 19.093594946928366 ], [ 73.310078226994449, 19.092716767132881 ], [ 73.309860375214228, 19.091854736422075 ], [ 73.309554697825064, 19.091017156413763 ], [ 73.309164139883464, 19.090212093128066 ], [ 73.308692463710713, 19.089447299320007 ], [ 73.308144212620007, 19.088730139833398 ], [ 73.307524667130536, 19.088067520693972 ], [ 73.306839794091744, 19.087465822624193 ], [ 73.306096189208318, 19.086930839618777 ], [ 73.305301013519752, 19.086467723171712 ], [ 73.304461924446628, 19.086080932690894 ], [ 73.303587002066692, 19.085774192576729 ], [ 73.302684671330482, 19.085550456377309 ], [ 73.301763620963953, 19.085411878364354 ], [ 73.300832719837857, 19.085359792802887 ], [ 73.299900931607411, 19.085394701113717 ], [ 73.298977228442368, 19.085516267051815 ], [ 73.29807050467619, 19.08572331994684 ], [ 73.297189491203767, 19.08601386597439 ], [ 73.296342671450006, 19.086385107349674 ], [ 73.295538199716461, 19.086833469258934 ], [ 73.29478382269086, 19.087354634269868 ], [ 73.294086804873473, 19.087943583890201 ], [ 73.29345385863769, 19.088594646875062 ], [ 73.292891079597339, 19.089301553818711 ], [ 73.292403887902779, 19.090057497506031 ], [ 73.291996976031228, 19.090855198443386 ], [ 73.291674263574251, 19.091686974938867 ], [ 73.291438859459092, 19.092544817057945 ], [ 73.291293031968337, 19.093420463743264 ], [ 73.291238186848702, 19.094305482356479 ], [ 73.291274853721006, 19.095191349876988 ], [ 73.291402680924733, 19.096069534975825 ], [ 73.291620438848369, 19.09693158017469 ], [ 73.291926031716272, 19.097769183299 ], [ 73.292316517720053, 19.098574277440289 ], [ 73.292788137302907, 19.099339108657766 ], [ 73.29333634932641, 19.100056310670023 ], [ 73.293955874772678, 19.100718975817056 ], [ 73.294640747562482, 19.101320721608381 ], [ 73.295384372000782, 19.101855752215368 ], [ 73.296179586296532, 19.102318914314697 ], [ 73.297018731545535, 19.102705746744114 ], [ 73.29789372551123, 19.103012523491152 ], [ 73.298796140492058, 19.103236289599909 ], [ 73.299717284524618, 19.103374889649299 ], [ 73.300648285138621, 19.103426988527431 ], [ 73.301580174855587, 19.103392084301753 ], [ 73.302503977605667, 19.103270513060295 ], [ 73.303410795228416, 19.103063445677215 ], [ 73.304291893222114, 19.102772876533663 ], [ 73.305138784913709, 19.102401604302791 ], [ 73.305943313237123, 19.101953204984103 ], [ 73.306697729329926, 19.101431997447534 ], [ 73.307394767190516, 19.100843001819577 ], [ 73.308027713675273, 19.100191891113184 ], [ 73.308590473160763, 19.099484936567968 ], [ 73.309077626248126, 19.09872894722837 ], [ 73.309484481943798, 19.097931204342419 ], [ 73.309807122815016, 19.097099391214076 ], [ 73.310042442685557, 19.09624151918565 ], [ 73.31018817651028, 19.095365850463907 ], [ 73.310242922142024, 19.094480818534031 ] ] ] } },
{ "type": "Feature", "properties": { "station_id": "MUM_RAIL_STN_087", "station_name": "Shelu", "buffer_m": 1000 }, "geometry": { "type": "Polygon", "coordinates": [ [ [ 73.327301864461347, 19.063501206238655 ], [ 73.327264997941001, 19.062615328766981 ], [ 73.327136990144822, 19.061737152930036 ], [ 73.326919075288288, 19.060875135963308 ], [ 73.326613353358226, 19.060037579351661 ], [ 73.326222769836974, 19.059232548889636 ], [ 73.325751087289206, 19.05846779701622 ], [ 73.325202849086807, 19.05775068817178 ], [ 73.324583335622563, 19.057088127895067 ], [ 73.323898513435665, 19.056486496342693 ], [ 73.323154977739776, 19.055951586870041 ], [ 73.322359888907371, 19.055488550264428 ], [ 73.321520903522469, 19.055101845166437 ], [ 73.320646100664803, 19.054795195155904 ], [ 73.319743904134981, 19.054571552914901 ], [ 73.318823001368145, 19.05443307181195 ], [ 73.317892259815778, 19.054381085180339 ], [ 73.316960641598897, 19.054416093489518 ], [ 73.316037117252876, 19.054537759532586 ], [ 73.315130579392104, 19.054744911676028 ], [ 73.314249757124287, 19.055035555140229 ], [ 73.313403132036029, 19.055406891202264 ], [ 73.312598856557173, 19.055855344136436 ], [ 73.311844675488047, 19.056376595633409 ], [ 73.311147851444062, 19.056965626367262 ], [ 73.310515094934289, 19.057616764310932 ], [ 73.309952499746686, 19.058323739335517 ], [ 73.309465484261722, 19.059079743568788 ], [ 73.309058739259697, 19.059877496932369 ], [ 73.308736182724587, 19.060709317227758 ], [ 73.308500922080896, 19.061567194096892 ], [ 73.308355224227824, 19.062442866146075 ], [ 73.308300493661392, 19.063327900491124 ], [ 73.308337258896643, 19.064213773958549 ], [ 73.308465167322836, 19.065091955160948 ], [ 73.308682988543168, 19.065953986656648 ], [ 73.308988626169267, 19.066791566402429 ], [ 73.309379137958516, 19.067596627714732 ], [ 73.309850764102862, 19.068361416969001 ], [ 73.310398963397972, 19.069078568288365 ], [ 73.311018456946243, 19.069741174501747 ], [ 73.311703278973852, 19.070342853687254 ], [ 73.312446834273274, 19.070877810658974 ], [ 73.313241961718646, 19.071340892804209 ], [ 73.314081003242094, 19.071727639732341 ], [ 73.314955877606508, 19.07203432625602 ], [ 73.31585815826331, 19.072257998289974 ], [ 73.31677915454442, 19.072396501320782 ], [ 73.317709995404641, 19.07244850117246 ], [ 73.318641714906605, 19.072413496867526 ], [ 73.319565338622638, 19.072291825459008 ], [ 73.320471970119598, 19.072084658786594 ], [ 73.321352876691378, 19.071793992188258 ], [ 73.322199573511639, 19.07142262527594 ], [ 73.323003905393918, 19.070974134960917 ], [ 73.323758125370333, 19.070452840989031 ], [ 73.32445496933029, 19.069863764318491 ], [ 73.325087725999353, 19.069212578741695 ], [ 73.325650301583423, 19.068505556218046 ], [ 73.326137278455406, 19.067749506445146 ], [ 73.326543967318898, 19.066951711251431 ], [ 73.326866452347261, 19.066119854442903 ], [ 73.327101628863957, 19.065261947780808 ], [ 73.327247233202769, 19.064386253803779 ], [ 73.327301864461347, 19.063501206238655 ] ] ] } },
{ "type": "Feature", "properties": { "station_id": "MUM_RAIL_STN_088", "station_name": "Neral", "buffer_m": 1000 }, "geometry": { "type": "Polygon", "coordinates": [ [ [ 73.328058161532567, 19.026892763762042 ], [ 73.32802128264899, 19.026006883394746 ], [ 73.32789328262902, 19.025128706595847 ], [ 73.327675395610058, 19.024266690610428 ], [ 73.327369721307818, 19.023429136914487 ], [ 73.326979204743253, 19.022624111275309 ], [ 73.326507607834003, 19.021859366086485 ], [ 73.325959473125465, 19.02114226572516 ], [ 73.32534008001258, 19.020479715649763 ], [ 73.32465539387502, 19.019878095920006 ], [ 73.323912008616333, 19.019343199778834 ], [ 73.323117083161009, 19.018880177886526 ], [ 73.322278272521046, 19.01849348874325 ], [ 73.321403654095292, 19.018186855776339 ], [ 73.320501649910568, 19.017963231504655 ], [ 73.319580945552502, 19.017824769124406 ], [ 73.318650406564913, 19.01777280178905 ], [ 73.317718993121275, 19.017807829782427 ], [ 73.316795673788206, 19.017929515708015 ], [ 73.315889339208923, 19.018136687740487 ], [ 73.315008716536468, 19.01842735090808 ], [ 73.31416228543786, 19.018798706297325 ], [ 73.313358196476983, 19.019247177995336 ], [ 73.31260419265962, 19.019768447510863 ], [ 73.311907534895269, 19.02035749534318 ], [ 73.311274932092147, 19.021008649299134 ], [ 73.310712476557811, 19.021715639094232 ], [ 73.310225585326975, 19.022471656712607 ], [ 73.309818947981896, 19.023269421945734 ], [ 73.309496481467832, 19.024101252479657 ], [ 73.309261292339841, 19.024959137856758 ], [ 73.309115646805566, 19.025834816600653 ], [ 73.309060948854054, 19.026719855762231 ], [ 73.309097726682964, 19.027605732121373 ], [ 73.309225627556941, 19.028483914262896 ], [ 73.309443421148728, 19.029345944736399 ], [ 73.309749011332954, 19.03018352150912 ], [ 73.310139456321266, 19.030988577926934 ], [ 73.310610996946679, 19.031753360413461 ], [ 73.311159092826742, 19.032470503158198 ], [ 73.311778466058655, 19.033133099073986 ], [ 73.312463152026794, 19.033734766339464 ], [ 73.313206556834103, 19.034269709884917 ], [ 73.314001520804837, 19.034732777228353 ], [ 73.314840387446893, 19.035119508122939 ], [ 73.315715077209305, 19.03542617753688 ], [ 73.316617165323777, 19.035649831550646 ], [ 73.317537962979358, 19.035788315825084 ], [ 73.318468601046845, 19.035840296365325 ], [ 73.319400115545136, 19.035805272380102 ], [ 73.320323534024212, 19.035683581111886 ], [ 73.321229962030657, 19.035476394591335 ], [ 73.322110668821153, 19.035185708346958 ], [ 73.322957171495986, 19.034814322179077 ], [ 73.323761316740715, 19.034365813183367 ], [ 73.324515359386552, 19.033844501284413 ], [ 73.325212037031861, 19.033255407611719 ], [ 73.325844640004405, 19.032604206120048 ], [ 73.326407075990133, 19.031897168920658 ], [ 73.326893928705545, 19.031141105851159 ], [ 73.327300510048516, 19.030343298866708 ], [ 73.327622905225937, 19.029511431885773 ], [ 73.32785801042418, 19.028653516766589 ], [ 73.328003562660953, 19.027777816128516 ], [ 73.328058161532567, 19.026892763762042 ] ] ] } },
{ "type": "Feature", "properties": { "station_id": "MUM_RAIL_STN_089", "station_name": "Bhivpuri Road", "buffer_m": 1000 }, "geometry": { "type": "Polygon", "coordinates": [ [ [ 73.340972940922356, 18.970092503859814 ], [ 73.340935980586366, 18.969206616605437 ], [ 73.340807930326136, 18.968328441735597 ], [ 73.340590024757617, 18.96746643647645 ], [ 73.340284363770039, 18.966628902200846 ], [ 73.339893892251382, 18.965823904489639 ], [ 73.339422371681252, 18.965059195468477 ], [ 73.338874343866294, 18.964342139167641 ], [ 73.33825508716933, 18.963679640622974 ], [ 73.337570565654431, 18.96307807939997 ], [ 73.336827371638989, 18.96254324818036 ], [ 73.33603266220598, 18.962080297001549 ], [ 73.335194090288255, 18.961693683685048 ], [ 73.334319730987843, 18.961387130930216 ], [ 73.333418003839213, 18.961163590485583 ], [ 73.332497591763868, 18.961025214741934 ], [ 73.331567357495288, 18.960973336019965 ], [ 73.330636258277309, 18.96100845375129 ], [ 73.329713259655534, 18.961130229675963 ], [ 73.328807249189879, 18.961337491102231 ], [ 73.327926950917046, 18.9616282421973 ], [ 73.327080841384713, 18.961999683200297 ], [ 73.326277068064115, 18.962448237372808 ], [ 73.32552337092477, 18.962969585427892 ], [ 73.32482700792545, 18.963558707106657 ], [ 73.324194685137414, 18.96420992950274 ], [ 73.323632492172251, 18.964916981670299 ], [ 73.323145843535812, 18.965673054990436 ], [ 73.322739426472708, 18.96647086871581 ], [ 73.322417155804558, 18.967302740063182 ], [ 73.322182136197171, 18.968160658179748 ], [ 73.322036632221739, 18.969036361271925 ], [ 73.3219820464995, 18.969921416154538 ], [ 73.322018906142347, 18.970807299454876 ], [ 73.322146857621775, 18.971685479690112 ], [ 73.322364670117921, 18.97254749942789 ], [ 73.322670247318271, 18.973385056738969 ], [ 73.323060647554712, 18.974190085157247 ], [ 73.323532112087051, 18.974954831377016 ], [ 73.324080101262069, 18.975671929938482 ], [ 73.324699338201896, 18.976334474181744 ], [ 73.325383859601686, 18.976936082785134 ], [ 73.326127073148498, 18.97747096124613 ], [ 73.326921821008767, 18.977933957711862 ], [ 73.327760448772906, 18.978320612620461 ], [ 73.328634879192734, 18.978627201674218 ], [ 73.329536690000708, 18.978850771729647 ], [ 73.330457195060333, 18.978989169258039 ], [ 73.331387528064823, 18.979041061101526 ], [ 73.332318727975945, 18.979005947324232 ], [ 73.333241825378522, 18.978884166034177 ], [ 73.334147928916565, 18.978676890129258 ], [ 73.335028310976625, 18.978386115998717 ], [ 73.335874491791145, 18.978014644288649 ], [ 73.336678321149563, 18.977566052917528 ], [ 73.337432056928833, 18.977044662601813 ], [ 73.338128439685278, 18.976455495224457 ], [ 73.338760762588436, 18.975804225447977 ], [ 73.339322936022199, 18.975097126039042 ], [ 73.339809546231393, 18.974341007431988 ], [ 73.340215907448083, 18.973543152114512 ], [ 73.340538106996803, 18.972711244468218 ], [ 73.340773042944846, 18.971853296740861 ], [ 73.340918453935998, 18.970977571863941 ], [ 73.340972940922356, 18.970092503859814 ] ] ] } },
{ "type": "Feature", "properties": { "station_id": "MUM_RAIL_STN_090", "station_name": "Karjat", "buffer_m": 1000 }, "geometry": { "type": "Polygon", "coordinates": [ [ [ 73.330136285571697, 18.908920732726742 ], [ 73.330099368756208, 18.908034843138907 ], [ 73.32997139539043, 18.907156663166045 ], [ 73.329753599344684, 18.906294650084888 ], [ 73.329448079448895, 18.905457105345388 ], [ 73.329057779228435, 18.904652094631246 ], [ 73.328586458510216, 18.903887370195669 ], [ 73.328038657174289, 18.903170296219809 ], [ 73.327419651401399, 18.902507777912216 ], [ 73.326735402839347, 18.901906195031156 ], [ 73.325992501178064, 18.901371340469186 ], [ 73.325198100687373, 18.900908364490565 ], [ 73.324359851328055, 18.900521725157361 ], [ 73.32348582509988, 18.900215145420848 ], [ 73.322584438334417, 18.899991577290297 ], [ 73.32166437068031, 18.89985317342358 ], [ 73.32073448155964, 18.899801266412183 ], [ 73.319803724897866, 18.89983635595965 ], [ 73.318881062947071, 18.899958104076461 ], [ 73.317975380029921, 18.900165338337281 ], [ 73.317095397033199, 18.90045606316912 ], [ 73.316249587472157, 18.90082747906197 ], [ 73.315446095932089, 18.90127600951692 ], [ 73.314692659670769, 18.901797335473017 ], [ 73.313996534135484, 18.902386436881688 ], [ 73.313364423110372, 18.903037641029385 ], [ 73.31280241416637, 18.903744677143713 ], [ 73.312315920034749, 18.904500736758344 ], [ 73.311909626468932, 18.905298539256201 ], [ 73.31158744709704, 18.906130401960816 ], [ 73.311352485700922, 18.906988314101714 ], [ 73.311207006285883, 18.907864013942415 ], [ 73.311152411231092, 18.908749068329104 ], [ 73.311189227732726, 18.909634953894365 ], [ 73.311317102672305, 18.910513139134537 ], [ 73.311534805961955, 18.91137516657049 ], [ 73.311840242336331, 18.912212734200615 ], [ 73.312230471479722, 18.913017775461526 ], [ 73.312701736296674, 18.913782536926139 ], [ 73.313249499055431, 18.914499652990287 ], [ 73.313868485057682, 18.915162216827987 ], [ 73.314552733415468, 18.915763846931291 ], [ 73.315295654446643, 18.916298748592901 ], [ 73.316090093137063, 18.91676176973856 ], [ 73.316928398057897, 18.917148450570444 ], [ 73.317802495074247, 18.917455066542519 ], [ 73.318703965134148, 18.917678664252989 ], [ 73.319624125387989, 18.917817089907256 ], [ 73.320554112855177, 18.917869010076537 ], [ 73.321484969830806, 18.917833924551648 ], [ 73.322407730207814, 18.917712171167505 ], [ 73.32331350588106, 18.917504922551903 ], [ 73.32419357239921, 18.917214174829446 ], [ 73.325039453037306, 18.916842728389817 ], [ 73.325843000478628, 18.916394160905831 ], [ 73.326596475317118, 18.915872792861446 ], [ 73.327292620623027, 18.915283645922656 ], [ 73.327924731852434, 18.914632394552726 ], [ 73.328486721426515, 18.913925311338751 ], [ 73.328973177358421, 18.913169206557093 ], [ 73.329379415362681, 18.912371362560553 ], [ 73.329701523946412, 18.911539463620375 ], [ 73.329936402048105, 18.910681521899566 ], [ 73.33008178886341, 18.909805800271318 ], [ 73.330136285571697, 18.908920732726742 ] ] ] } },
{ "type": "Feature", "properties": { "station_id": "MUM_RAIL_STN_091", "station_name": "Palasdhari", "buffer_m": 1000 }, "geometry": { "type": "Polygon", "coordinates": [ [ [ 73.330321412179643, 18.884378184454306 ], [ 73.330284488776627, 18.88349229300654 ], [ 73.330156522198706, 18.882614112308556 ], [ 73.329938746248729, 18.881752099644288 ], [ 73.329633259561049, 18.880914556460105 ], [ 73.329243005339507, 18.880109548425299 ], [ 73.328771742966495, 18.879344827767966 ], [ 73.328224011759062, 18.878627758633705 ], [ 73.327605087221869, 18.877965246185315 ], [ 73.326920930220012, 18.877363670125568 ], [ 73.326178129561839, 18.876828823282271 ], [ 73.325383838544951, 18.876365855846249 ], [ 73.324545706076862, 18.87597922579814 ], [ 73.323671803032894, 18.875672656000543 ], [ 73.322770544559944, 18.875449098367639 ], [ 73.321850609073081, 18.875310705456659 ], [ 73.32092085472361, 18.875258809753884 ], [ 73.319990234141258, 18.875293910854086 ], [ 73.319067708269799, 18.875415670656409 ], [ 73.318162160123535, 18.875622916622731 ], [ 73.317282309293361, 18.875913653066934 ], [ 73.316436628023425, 18.8762850803666 ], [ 73.315633259664949, 18.876733621912255 ], [ 73.314879940290595, 18.877254958535318 ], [ 73.314183924222661, 18.877844070083615 ], [ 73.313551914191379, 18.878495283745 ], [ 73.312989996794911, 18.879202328654529 ], [ 73.312503583882361, 18.87995839626026 ], [ 73.312097360423962, 18.880756205867318 ], [ 73.311775239371343, 18.881588074730022 ], [ 73.311540323943063, 18.882445992017978 ], [ 73.311394877699797, 18.883321695944662 ], [ 73.311340302699207, 18.884206753316604 ], [ 73.311377125942087, 18.885092640737525 ], [ 73.311504994242853, 18.885970826685945 ], [ 73.311722677575432, 18.886832853676161 ], [ 73.312028080864636, 18.887670419711267 ], [ 73.312418264111656, 18.888475458243818 ], [ 73.31288947066156, 18.889240215873709 ], [ 73.313437163342556, 18.889957327034502 ], [ 73.314056068130569, 18.890619884948354 ], [ 73.31474022491939, 18.891221508165273 ], [ 73.31548304490893, 18.891756402045228 ], [ 73.316277374058643, 18.892219414589807 ], [ 73.317115561995621, 18.892606086084861 ], [ 73.317989535712883, 18.892912692075029 ], [ 73.318890877347584, 18.893136279255252 ], [ 73.319810905288833, 18.89327469393282 ], [ 73.320740757832354, 18.89332660278497 ], [ 73.321671478574856, 18.89329150571162 ], [ 73.322594102723457, 18.893169740658855 ], [ 73.323499743487119, 18.892962480366592 ], [ 73.324379677715768, 18.892671721071462 ], [ 73.325225429960255, 18.892300263274056 ], [ 73.326028854141811, 18.891851684755835 ], [ 73.326782212042588, 18.891330306106234 ], [ 73.327478247859716, 18.890741149092477 ], [ 73.328110258104005, 18.890089888273923 ], [ 73.328672156169105, 18.889382796327734 ], [ 73.329158530948845, 18.888626683613449 ], [ 73.32956469893837, 18.887828832559435 ], [ 73.329886749317694, 18.886996927504168 ], [ 73.330121581584208, 18.886138980668907 ], [ 73.330266935373075, 18.885263254975627 ], [ 73.330321412179643, 18.884378184454306 ] ] ] } },
{ "type": "Feature", "properties": { "station_id": "MUM_RAIL_STN_092", "station_name": "Kelavali", "buffer_m": 1000 }, "geometry": { "type": "Polygon", "coordinates": [ [ [ 73.328269444303018, 18.845779993304916 ], [ 73.3282325228719, 18.844894099424405 ], [ 73.328104579249981, 18.844015916924345 ], [ 73.327886847015691, 18.843153903106575 ], [ 73.327581424379346, 18.842316359429383 ], [ 73.32719125392525, 18.841511351567842 ], [ 73.326720094226928, 18.840746631749603 ], [ 73.326172483611003, 18.840029564113554 ], [ 73.325553696419831, 18.839367053809507 ], [ 73.32486969219552, 18.838765480521072 ], [ 73.324127058275451, 18.838230637050835 ], [ 73.323332946352537, 18.83776767355851 ], [ 73.322495003611195, 18.837381047988004 ], [ 73.321621299101878, 18.837074483159849 ], [ 73.320720246062166, 18.836850930941218 ], [ 73.319800520931807, 18.836712543837791 ], [ 73.318870979839602, 18.836660654280216 ], [ 73.317940573364993, 18.836695761804119 ], [ 73.317018260393255, 18.836817528246502 ], [ 73.316112921891644, 18.837024781004747 ], [ 73.315233275435091, 18.837315524326527 ], [ 73.314387791302195, 18.837686958522131 ], [ 73.313584610947842, 18.838135506914469 ], [ 73.312831468635665, 18.838656850267665 ], [ 73.312135616983724, 18.839245968363262 ], [ 73.311503757139107, 18.839897188324581 ], [ 73.310941974253225, 18.840604239224547 ], [ 73.310455678878668, 18.841360312452139 ], [ 73.310049554852071, 18.842158127257111 ], [ 73.309727514165203, 18.842990000842647 ], [ 73.309492659259917, 18.843847922332017 ], [ 73.309347253110928, 18.844723629897665 ], [ 73.309292697386397, 18.845608690310762 ], [ 73.309329518898025, 18.84649458014572 ], [ 73.309457364473431, 18.847372767858072 ], [ 73.309675004302051, 18.848234795945682 ], [ 73.309980343724661, 18.849072362401877 ], [ 73.310370443354827, 18.849877400676203 ], [ 73.310841547340729, 18.850642157372256 ], [ 73.311389119496752, 18.851359266933969 ], [ 73.31200788695854, 18.852021822600328 ], [ 73.312691890942148, 18.852623442944495 ], [ 73.313434544119488, 18.853158333355548 ], [ 73.314228694057576, 18.853621341869875 ], [ 73.315066692111074, 18.854008008813384 ], [ 73.315940467103971, 18.854314609775603 ], [ 73.316841603089969, 18.854538191500755 ], [ 73.317761420441798, 18.854676600349244 ], [ 73.318691059486611, 18.854728503054755 ], [ 73.319621565880695, 18.854693399576419 ], [ 73.320543976898961, 18.854571627921743 ], [ 73.321449407806256, 18.854364360893658 ], [ 73.322329137476544, 18.854073594792879 ], [ 73.323174692433369, 18.853702130184491 ], [ 73.323977928500142, 18.853253544914324 ], [ 73.324731109272221, 18.852732159635472 ], [ 73.325426980653546, 18.852142996177555 ], [ 73.326058840738852, 18.851491729160511 ], [ 73.326620604367463, 18.850784631319723 ], [ 73.327106861726833, 18.850028513070139 ], [ 73.327512930441259, 18.849230656892161 ], [ 73.327834900644575, 18.848398747172563 ], [ 73.328069672603576, 18.847540796176666 ], [ 73.32821498653108, 18.84666506686596 ], [ 73.328269444303018, 18.845779993304916 ] ] ] } },
{ "type": "Feature", "properties": { "station_id": "MUM_RAIL_STN_093", "station_name": "Dolavali", "buffer_m": 1000 }, "geometry": { "type": "Polygon", "coordinates": [ [ [ 73.329549944632376, 18.834348951558727 ], [ 73.329513013835026, 18.833463056566295 ], [ 73.329385067059675, 18.832584874071195 ], [ 73.329167337914114, 18.831722861375255 ], [ 73.328861924577936, 18.830885319926058 ], [ 73.328471769545004, 18.83008031537743 ], [ 73.328000631239576, 18.82931559992538 ], [ 73.327453047781603, 18.828598537667077 ], [ 73.32683429325148, 18.827936033700958 ], [ 73.326150326876515, 18.82733446764998 ], [ 73.325407735629554, 18.826799632247486 ], [ 73.324613670792687, 18.826336677575934 ], [ 73.323775779097247, 18.82595006149473 ], [ 73.322902129102573, 18.825643506733403 ], [ 73.322001133521994, 18.825419965062533 ], [ 73.321081468242724, 18.825281588886526 ], [ 73.320151988818083, 18.825229710531008 ], [ 73.319221645234649, 18.825264829423858 ], [ 73.318299395773039, 18.825386607292661 ], [ 73.317394120789899, 18.825593871424726 ], [ 73.316514537249432, 18.825884625958079 ], [ 73.315669114825212, 18.826256071094836 ], [ 73.314865994378565, 18.826704630052273 ], [ 73.314112909596787, 18.827225983492411 ], [ 73.313417112544371, 18.827815111099287 ], [ 73.312785303842787, 18.828466339904189 ], [ 73.312223568150998, 18.82917339889444 ], [ 73.311737315566916, 18.829929479380652 ], [ 73.311331229514678, 18.830727300542243 ], [ 73.311009221619855, 18.831559179520784 ], [ 73.310774394007765, 18.83241710538725 ], [ 73.310629009389459, 18.833292816271644 ], [ 73.31057446922479, 18.834177878912932 ], [ 73.310611300174614, 18.835063769863932 ], [ 73.310739148974591, 18.835941957569379 ], [ 73.310956785782111, 18.836803984527219 ], [ 73.311262115966045, 18.837641548741772 ], [ 73.311652200228067, 18.838446583684387 ], [ 73.312123282863595, 18.839211335990999 ], [ 73.312670827892006, 18.839928440148157 ], [ 73.313289562709755, 18.840590989447275 ], [ 73.313973528847072, 18.841192602523261 ], [ 73.314716139340263, 18.841727484835641 ], [ 73.315510242167562, 18.842190484499216 ], [ 73.316348189137742, 18.842577141925592 ], [ 73.317221909567252, 18.842883732796349 ], [ 73.318122988035995, 18.843107303953239 ], [ 73.31904274547145, 18.843245701858748 ], [ 73.319972322778725, 18.843297593352162 ], [ 73.320902766209699, 18.843262478500748 ], [ 73.321825113646682, 18.843140695421585 ], [ 73.322730480967863, 18.842933417027623 ], [ 73.32361014766056, 18.842642639728911 ], [ 73.324455640855717, 18.84227116419817 ], [ 73.32525881697228, 18.841822568386164 ], [ 73.326011940183591, 18.84130117304716 ], [ 73.32670775694838, 18.840712000107299 ], [ 73.327339565887584, 18.840060724277382 ], [ 73.327901282333158, 18.839353618377253 ], [ 73.328387496926794, 18.838597492899009 ], [ 73.328793527704292, 18.837799630392247 ], [ 73.329115465164278, 18.836967715304279 ], [ 73.329350209888204, 18.836109759951793 ], [ 73.329495502350355, 18.835234027337915 ], [ 73.329549944632376, 18.834348951558727 ] ] ] } },
{ "type": "Feature", "properties": { "station_id": "MUM_RAIL_STN_094", "station_name": "Lowjee", "buffer_m": 1000 }, "geometry": { "type": "Polygon", "coordinates": [ [ [ 73.344921869395819, 18.808705823323049 ], [ 73.344884851924576, 18.807819923265093 ], [ 73.344756832451239, 18.806941744350752 ], [ 73.344539045281081, 18.806079743846539 ], [ 73.344233589149908, 18.805242223082072 ], [ 73.343843406961028, 18.804437247511665 ], [ 73.343372257397718, 18.803672569052264 ], [ 73.342824678686085, 18.802955551445066 ], [ 73.34220594485879, 18.802293099359066 ], [ 73.341522014942143, 18.801691591918427 ], [ 73.340779475556744, 18.801156821293091 ], [ 73.339985477484518, 18.800693936942935 ], [ 73.339147666813659, 18.80030739605149 ], [ 73.338274111323557, 18.800000920625653 ], [ 73.337373222818286, 18.799777461673447 ], [ 73.336453676155188, 18.799639170804095 ], [ 73.335524325747016, 18.799587379523089 ], [ 73.334594120339958, 18.799622586420945 ], [ 73.333672016886297, 18.799744452378789 ], [ 73.332766894339159, 18.799951803836397 ], [ 73.331887468197323, 18.800242644091373 ], [ 73.331042206621149, 18.800614172520586 ], [ 73.330239248925466, 18.80106281153914 ], [ 73.329486327232487, 18.801584241037748 ], [ 73.328790692038027, 18.802173439967376 ], [ 73.328159042406455, 18.802824734671621 ], [ 73.327597461465885, 18.803531853502079 ], [ 73.32711135782462, 18.804287987191838 ], [ 73.326705413472581, 18.805085854406563 ], [ 73.326383538670299, 18.805917771842825 ], [ 73.326148834260465, 18.806775728199746 ], [ 73.326003561766328, 18.807651461312215 ], [ 73.325949121566126, 18.80853653770378 ], [ 73.325986039355897, 18.809422433793557 ], [ 73.32611396103259, 18.810300617975756 ], [ 73.326331656049206, 18.811162632781432 ], [ 73.326637029211341, 18.81200017633136 ], [ 73.327027140804134, 18.812805182295602 ], [ 73.327498234857273, 18.813569897589176 ], [ 73.3280457752779, 18.814286957055387 ], [ 73.328664489504817, 18.814949454416617 ], [ 73.32934841926496, 18.815551008808796 ], [ 73.330090977943797, 18.816085826257662 ], [ 73.330885014017895, 18.816548755503948 ], [ 73.33172287993871, 18.816935337638775 ], [ 73.332596505803593, 18.817241849070296 ], [ 73.333497477104032, 18.817465337406801 ], [ 73.334417115800917, 18.817603649909842 ], [ 73.335346563944668, 18.817655454242573 ], [ 73.336276869033199, 18.817620251312889 ], [ 73.337199070283503, 18.817498380087184 ], [ 73.338104284984183, 18.817291014328106 ], [ 73.338983794095071, 18.817000151287676 ], [ 73.339829126267333, 18.816628592464635 ], [ 73.340632139473172, 18.816179916611901 ], [ 73.34138509945717, 18.815658445254272 ], [ 73.342080754251981, 18.815069201049411 ], [ 73.342712404040057, 18.814417859393636 ], [ 73.343273965687189, 18.81371069373964 ], [ 73.343760031326568, 18.812954515153756 ], [ 73.344165920428665, 18.812156606695659 ], [ 73.344487724856165, 18.81132465325371 ], [ 73.344722346470817, 18.81046666751249 ], [ 73.344867526931196, 18.809590912766325 ], [ 73.344921869395819, 18.808705823323049 ] ] ] } },
{ "type": "Feature", "properties": { "station_id": "MUM_RAIL_STN_095", "station_name": "Khopoli", "buffer_m": 1000 }, "geometry": { "type": "Polygon", "coordinates": [ [ [ 73.354357989207159, 18.789700899773997 ], [ 73.354320917919054, 18.788814996393096 ], [ 73.354192854965845, 18.787936819590293 ], [ 73.353975035069723, 18.787074826611313 ], [ 73.353669557279758, 18.786237318712992 ], [ 73.353279364705983, 18.785432361225642 ], [ 73.352808216129972, 18.784667705892158 ], [ 73.352260649766762, 18.783950716231317 ], [ 73.351641939528747, 18.78328829664342 ], [ 73.350958044214082, 18.782686825940324 ], [ 73.350215550109382, 18.782152095938923 ], [ 73.349421607560174, 18.781689255708748 ], [ 73.348583862119952, 18.781302762009393 ], [ 73.347710380940342, 18.780996336394256 ], [ 73.346809575110456, 18.780772929392676 ], [ 73.345890118692552, 18.780634692114507 ], [ 73.344960865231613, 18.780582955550006 ], [ 73.344030762541763, 18.780618217763539 ], [ 73.343108766587847, 18.780740139104125 ], [ 73.342203755289518, 18.78094754547865 ], [ 73.34132444307609, 18.781238439656146 ], [ 73.340479297012607, 18.781610020494266 ], [ 73.339676455303149, 18.782058709903307 ], [ 73.338923648954477, 18.782580187288382 ], [ 73.338228127352949, 18.783169431138834 ], [ 73.337596588469907, 18.78382076736499 ], [ 73.33703511436768, 18.784527923917828 ], [ 73.33654911262596, 18.785284091166243 ], [ 73.336143264253295, 18.786081987451745 ], [ 73.335821478585473, 18.786913929189957 ], [ 73.335586855606067, 18.787771904844956 ], [ 73.335441656052964, 18.788647652064835 ], [ 73.335387279600639, 18.789532737236364 ], [ 73.33542425132957, 18.790418636693349 ], [ 73.335552216615525, 18.79129681879694 ], [ 73.335769944489613, 18.792158826097715 ], [ 73.336075339439134, 18.792996356788443 ], [ 73.336465461537543, 18.793801344662928 ], [ 73.336936554711613, 18.794566036810501 ], [ 73.337484082875378, 18.795283068297657 ], [ 73.338102773584396, 18.795945533116708 ], [ 73.33878666879103, 18.796547050717617 ], [ 73.339529182212829, 18.797081827481211 ], [ 73.340323162761877, 18.797544712540937 ], [ 73.341160963424386, 18.797931247414404 ], [ 73.342034514926596, 18.798237708965921 ], [ 73.342935403476886, 18.798461145285152 ], [ 73.343854951834146, 18.798599404135558 ], [ 73.344784302920189, 18.79865115369789 ], [ 73.345714505169227, 18.798615895408268 ], [ 73.346636598790411, 18.798493968766895 ], [ 73.347541702110775, 18.798286548070575 ], [ 73.348421097164632, 18.797995631100672 ], [ 73.349266313703481, 18.797624019875425 ], [ 73.35006921081488, 18.797175293652288 ], [ 73.350822055362983, 18.796653774440895 ], [ 73.351517596493508, 18.796064485359281 ], [ 73.352149135484567, 18.795413102235315 ], [ 73.352710590269709, 18.794705898920288 ], [ 73.353196554011575, 18.793949686842325 ], [ 73.353602347161953, 18.793151749382712 ], [ 73.35392406250719, 18.792319771708119 ], [ 73.354158602766191, 18.791461766735466 ], [ 73.354303710379924, 18.790585997943356 ], [ 73.354357989207159, 18.789700899773997 ] ] ] } },
{ "type": "Feature", "properties": { "station_id": "MUM_RAIL_STN_096", "station_name": "Shahad", "buffer_m": 1000 }, "geometry": { "type": "Polygon", "coordinates": [ [ [ 73.167833415773103, 19.244440695053466 ], [ 73.167797449325434, 19.243554867108323 ], [ 73.167670240926114, 19.242676652962107 ], [ 73.167453017111512, 19.241814510228746 ], [ 73.167147871234135, 19.240976741611711 ], [ 73.166757743250074, 19.240171414952329 ], [ 73.16628639135817, 19.239406285544575 ], [ 73.165738355766081, 19.238688721464488 ], [ 73.165118914933728, 19.238025632632137 ], [ 73.164434034716706, 19.237423404289014 ], [ 73.163690310900208, 19.23688783553018 ], [ 73.162894905677618, 19.236424083482454 ], [ 73.162055478685076, 19.236036613665082 ], [ 73.161180113256222, 19.235729157009878 ], [ 73.160277238606326, 19.235504673953947 ], [ 73.159355548693924, 19.235365325949662 ], [ 73.158423918540052, 19.235312454665717 ], [ 73.157491318808979, 19.235346569078736 ], [ 73.156566729471308, 19.235467340579291 ], [ 73.155659053378486, 19.235673606139287 ], [ 73.154777030579183, 19.235963379509975 ], [ 73.153929154200299, 19.236333870342882 ], [ 73.153123588701092, 19.236781511049859 ], [ 73.152368091285283, 19.237301991143934 ], [ 73.151669937227069, 19.237890298731099 ], [ 73.151035849828403, 19.238540768753953 ], [ 73.150471935681665, 19.239247137523805 ], [ 73.149983625860543, 19.240002603016734 ], [ 73.149575623605273, 19.240799890354193 ], [ 73.149251859006952, 19.241631321838447 ], [ 73.149015451127497, 19.242488890869296 ], [ 73.148868677921968, 19.243364339031341 ], [ 73.148812954253671, 19.244249235609892 ], [ 73.148848818216223, 19.245135058770746 ], [ 73.148975925895897, 19.246013277622222 ], [ 73.149193054626991, 19.24687543436956 ], [ 73.149498114710951, 19.247713225770735 ], [ 73.149888169488719, 19.248518583108865 ], [ 73.150359463574702, 19.249283749910983 ], [ 73.150907458982701, 19.250001356664015 ], [ 73.151526878797043, 19.250664491807992 ], [ 73.152211757969866, 19.251266768321692 ], [ 73.152955500756065, 19.251802385258895 ], [ 73.153750944233295, 19.252266183641293 ], [ 73.154590427295318, 19.252653696169045 ], [ 73.155465864453745, 19.252961190268991 ], [ 73.156368823736784, 19.253185704065057 ], [ 73.157290607933504, 19.253325074923527 ], [ 73.158222338399582, 19.253377960297435 ], [ 73.159155040615786, 19.253343850668706 ], [ 73.16007973067309, 19.253223074462898 ], [ 73.160987501849434, 19.253016794888925 ], [ 73.161869610442153, 19.252726998734079 ], [ 73.162717560027332, 19.25235647722242 ], [ 73.163523183332472, 19.25190879912109 ], [ 73.164278720932359, 19.251388276354064 ], [ 73.164976896008568, 19.250799922455283 ], [ 73.165610984451448, 19.25014940426184 ], [ 73.166174879628457, 19.249442987313632 ], [ 73.166663151194939, 19.248687475486022 ], [ 73.167071097380727, 19.247890145438184 ], [ 73.167394790249503, 19.247058676509191 ], [ 73.167631113495787, 19.24620107673821 ], [ 73.167777792417013, 19.245325605721984 ], [ 73.167833415773103, 19.244440695053466 ] ] ] } },
{ "type": "Feature", "properties": { "station_id": "MUM_RAIL_STN_097", "station_name": "Ambivili", "buffer_m": 1000 }, "geometry": { "type": "Polygon", "coordinates": [ [ [ 73.181224556950795, 19.26790420122002 ], [ 73.181188524672805, 19.267018371729488 ], [ 73.181061237371452, 19.266140161687382 ], [ 73.18084392234465, 19.265278028666906 ], [ 73.180538673824827, 19.264440275276698 ], [ 73.18014843275752, 19.263634969210081 ], [ 73.179676958431202, 19.262869865561395 ], [ 73.179128792232731, 19.26215233215731 ], [ 73.178509213879408, 19.261489278621305 ], [ 73.177824190550382, 19.260887089853917 ], [ 73.177080319407835, 19.260351564568253 ], [ 73.176284764062274, 19.259887859471846 ], [ 73.175445185593645, 19.259500439631413 ], [ 73.174569668792188, 19.259193035497361 ], [ 73.173666644328563, 19.258968607001144 ], [ 73.172744807601688, 19.258829315070127 ], [ 73.171813035044082, 19.258776500833651 ], [ 73.170880298689212, 19.258810672719793 ], [ 73.169955579821305, 19.258931501566714 ], [ 73.169047782537532, 19.259137823795236 ], [ 73.168165648052238, 19.259427652612157 ], [ 73.167317670566973, 19.259798197136369 ], [ 73.166512015514115, 19.260245889263977 ], [ 73.165756440959782, 19.260766418014093 ], [ 73.165058222921402, 19.261354771025285 ], [ 73.164424085318004, 19.262005282803727 ], [ 73.163860135226756, 19.262711689259422 ], [ 73.163371804069115, 19.263467188006135 ], [ 73.162963795292853, 19.264264503845411 ], [ 73.162640039054025, 19.265095958805141 ], [ 73.162403654336458, 19.265953546058885 ], [ 73.162256918874547, 19.266829007015311 ], [ 73.162201247170529, 19.267713910835873 ], [ 73.162237176819858, 19.26859973561573 ], [ 73.162364363278243, 19.269477950446554 ], [ 73.162581583123114, 19.270340097571108 ], [ 73.162886745779844, 19.271177873838742 ], [ 73.163276913602544, 19.271983210676972 ], [ 73.163748330117514, 19.272748351808914 ], [ 73.164296456159533, 19.27346592796745 ], [ 73.164916013554489, 19.274129027886051 ], [ 73.16560103592866, 19.274731264881741 ], [ 73.16634492615654, 19.275266838388031 ], [ 73.167140519894232, 19.275730589844269 ], [ 73.16798015458636, 19.276118052402182 ], [ 73.168855743282066, 19.27642549396975 ], [ 73.16975885254783, 19.276649953176946 ], [ 73.1706807837258, 19.276789267916232 ], [ 73.171612656753808, 19.276842096181745 ], [ 73.172545495737367, 19.276807929006267 ], [ 73.173470315448228, 19.276687095370633 ], [ 73.174378207913932, 19.276480759038037 ], [ 73.175260428262305, 19.276190907343683 ], [ 73.176108478992177, 19.275820332047857 ], [ 73.176914191856397, 19.275372602436992 ], [ 73.177669806567195, 19.274852030932429 ], [ 73.178368045563928, 19.274263631538634 ], [ 73.179002184122169, 19.273613071531887 ], [ 73.179566115128068, 19.272906616855572 ], [ 73.180054407893564, 19.272151071749025 ], [ 73.180462360446327, 19.271353713192266 ], [ 73.180786044790935, 19.270522220799034 ], [ 73.181022344706363, 19.269664602834304 ], [ 73.181168985717164, 19.268789119069609 ], [ 73.181224556950795, 19.26790420122002 ] ] ] } },
{ "type": "Feature", "properties": { "station_id": "MUM_RAIL_STN_098", "station_name": "Titwala", "buffer_m": 1000 }, "geometry": { "type": "Polygon", "coordinates": [ [ [ 73.212760689298179, 19.296970527315342 ], [ 73.212724494436458, 19.296084692465737 ], [ 73.212597028370311, 19.29520649161709 ], [ 73.212379520121175, 19.294344382251513 ], [ 73.212074065783469, 19.293506666747248 ], [ 73.211683608285341, 19.292701412430194 ], [ 73.211211908999331, 19.291936373893936 ], [ 73.210663511477719, 19.291218918335947 ], [ 73.210043697663906, 19.290555954628196 ], [ 73.20935843700228, 19.289953866804716 ], [ 73.20861432893777, 19.289418452605506 ], [ 73.207818539359252, 19.28895486766783 ], [ 73.206978731598852, 19.28856757590124 ], [ 73.206102992651239, 19.288260306523277 ], [ 73.205199755322667, 19.288036018168661 ], [ 73.204277717058389, 19.287896870416603 ], [ 73.203345756228416, 19.287844203009772 ], [ 73.20241284667641, 19.287878522964395 ], [ 73.201487971352108, 19.287999499695058 ], [ 73.200580035857541, 19.288205968200948 ], [ 73.199697782736919, 19.288495940282743 ], [ 73.198849707333878, 19.288866623682143 ], [ 73.198043976024067, 19.289314448960187 ], [ 73.197288347609003, 19.289835103855822 ], [ 73.196590098626586, 19.290423574794563 ], [ 73.195955953296163, 19.291074195148315 ], [ 73.195392018772225, 19.291780699782354 ], [ 73.194903726329628, 19.292536285365419 ], [ 73.194495779046889, 19.293333675862737 ], [ 73.194172106491635, 19.294165192582629 ], [ 73.193935826845603, 19.295022828102852 ], [ 73.193789216834929, 19.295898323365762 ], [ 73.193733689757096, 19.296783247200551 ], [ 73.193769781817707, 19.297669077507447 ], [ 73.193897146910928, 19.298547283322463 ], [ 73.19411455989561, 19.299409406972647 ], [ 73.19441992833832, 19.300247145530815 ], [ 73.194810312611793, 19.301052430785099 ], [ 73.195281954157494, 19.301817506953025 ], [ 73.195830311642041, 19.302535005390947 ], [ 73.196450104660656, 19.303198015579053 ], [ 73.197135364568084, 19.303800151697097 ], [ 73.197879491948385, 19.304335614149142 ], [ 73.198675320170395, 19.304799245443601 ], [ 73.199515184416938, 19.305186579889451 ], [ 73.200390995522611, 19.305493886629005 ], [ 73.201294317908165, 19.305718205591774 ], [ 73.202216450859666, 19.305857376022281 ], [ 73.203148512368287, 19.305910057306342 ], [ 73.204081524721403, 19.305875741894429 ], [ 73.205006501018644, 19.305754760197384 ], [ 73.205914531777665, 19.305548277406885 ], [ 73.206796870793283, 19.305258282271197 ], [ 73.207645019420966, 19.304887567934571 ], [ 73.208450808471113, 19.304439705024855 ], [ 73.209206476923228, 19.303919007249281 ], [ 73.209904746700843, 19.303330489830177 ], [ 73.210538892785451, 19.302679821181869 ], [ 73.211102807993598, 19.30197326829499 ], [ 73.211591061792703, 19.301217636355151 ], [ 73.211998952589312, 19.300420203178575 ], [ 73.212322552986507, 19.299588649097085 ], [ 73.212558747575557, 19.29873098296871 ], [ 73.212705262899007, 19.297855465027347 ], [ 73.212760689298179, 19.296970527315342 ] ] ] } },
{ "type": "Feature", "properties": { "station_id": "MUM_RAIL_STN_099", "station_name": "Khadawali", "buffer_m": 1000 }, "geometry": { "type": "Polygon", "coordinates": [ [ [ 73.228438731211284, 19.356942444015242 ], [ 73.228402466894593, 19.356056610019504 ], [ 73.228274897828172, 19.355178415229719 ], [ 73.228057254030375, 19.354316317067884 ], [ 73.227751632905338, 19.353478617802253 ], [ 73.227360978991015, 19.352673384600003 ], [ 73.226889055554139, 19.351908371848861 ], [ 73.226340408307294, 19.351190946495372 ], [ 73.225720321599326, 19.350528017118059 ], [ 73.22503476750218, 19.349925967417892 ], [ 73.22429034828501, 19.349390594765516 ], [ 73.223494232830561, 19.348927054396153 ], [ 73.22265408760569, 19.348539809788605 ], [ 73.221778002850641, 19.348232589705137 ], [ 73.220874414696979, 19.348008352305129 ], [ 73.219952023963145, 19.347869256676926 ], [ 73.219019712408056, 19.347816642061634 ], [ 73.218086457247381, 19.34785101496794 ], [ 73.21716124475391, 19.347972044301812 ], [ 73.21625298377181, 19.348178564557589 ], [ 73.215370419975613, 19.348468587039655 ], [ 73.214522051697372, 19.348839319006672 ], [ 73.213716048130678, 19.349287190554477 ], [ 73.212960170697457, 19.349807888978987 ], [ 73.212261698333265, 19.350396400289082 ], [ 73.21162735740937, 19.351047057470293 ], [ 73.211063256965602, 19.351753595035465 ], [ 73.210574829877444, 19.352509209338088 ], [ 73.210166780523735, 19.353306624068356 ], [ 73.2098430394595, 19.354138160302323 ], [ 73.209606725531259, 19.35499581043042 ], [ 73.209460115800738, 19.355871315254436 ], [ 73.209404623568346, 19.356756243511104 ], [ 73.209440784709727, 19.357642073057196 ], [ 73.209568252459093, 19.358520272934701 ], [ 73.209785800691677, 19.359382385526107 ], [ 73.210091335675855, 19.360220108008626 ], [ 73.210481916184008, 19.361025372322896 ], [ 73.210953781770385, 19.361790422885559 ], [ 73.211502388945533, 19.362507891296993 ], [ 73.212122454900523, 19.36317086732398 ], [ 73.212808008360994, 19.363772965472833 ], [ 73.213552447082222, 19.364308386511045 ], [ 73.214348601431936, 19.364771973343963 ], [ 73.215188803448569, 19.365159260707223 ], [ 73.216064960709389, 19.365466518195458 ], [ 73.216968634296478, 19.365690786211871 ], [ 73.21789112010822, 19.36582990449152 ], [ 73.218823532731932, 19.365882532922829 ], [ 73.219756891067945, 19.365848164466172 ], [ 73.220682204878457, 19.365727130044579 ], [ 73.221590561425771, 19.365520595359232 ], [ 73.222473211362825, 19.365230549660268 ], [ 73.223321653047222, 19.364859786581228 ], [ 73.224127714464444, 19.364411877221915 ], [ 73.224883631969362, 19.363891135739461 ], [ 73.22558212508649, 19.363302577779685 ], [ 73.226216466647074, 19.362651872149787 ], [ 73.226780547586785, 19.361945286198779 ], [ 73.227268935779676, 19.361189625432587 ], [ 73.227676928341637, 19.360392167946618 ], [ 73.228000596900088, 19.35956059430789 ], [ 73.228236825394902, 19.358702913563402 ], [ 73.228383340047515, 19.357827386087926 ], [ 73.228438731211284, 19.356942444015242 ] ] ] } },
{ "type": "Feature", "properties": { "station_id": "MUM_RAIL_STN_100", "station_name": "Vasind", "buffer_m": 1000 }, "geometry": { "type": "Polygon", "coordinates": [ [ [ 73.277185502335598, 19.406936979853594 ], [ 73.277148985721453, 19.406051138806244 ], [ 73.277021136441107, 19.405172959412209 ], [ 73.276803187214867, 19.404310898941198 ], [ 73.276497238390547, 19.403473259294373 ], [ 73.276106237663143, 19.402668107060705 ], [ 73.275633951639179, 19.401903195844302 ], [ 73.275084929521839, 19.401185891610407 ], [ 73.274464459267662, 19.400523101768108 ], [ 73.273778516638728, 19.399921208672229 ], [ 73.273033707641503, 19.399386008183544 ], [ 73.272237204907242, 19.398922653878337 ], [ 73.271396678626701, 19.39853560744341 ], [ 73.270520222703766, 19.398228595733254 ], [ 73.269616276838306, 19.398004574901922 ], [ 73.268693545287675, 19.397865701954316 ], [ 73.267760913087315, 19.397813313989833 ], [ 73.266827360535757, 19.397847915337731 ], [ 73.26590187676554, 19.397969172707739 ], [ 73.264993373230055, 19.398175918402089 ], [ 73.264110597937503, 19.398466161558154 ], [ 73.263262051255637, 19.398837107313469 ], [ 73.262455904096342, 19.399285183708784 ], [ 73.261699919265766, 19.3998060760707 ], [ 73.261001376736303, 19.400394768543364 ], [ 73.260367003558486, 19.401045592369972 ], [ 73.259802909087327, 19.401752280460151 ], [ 73.259314526145999, 19.402508027718667 ], [ 73.258906558694036, 19.40330555655537 ], [ 73.258582936503828, 19.404137186946709 ], [ 73.258346777283307, 19.404994910374853 ], [ 73.258200356610359, 19.405870466933482 ], [ 73.258145085970369, 19.406755424858261 ], [ 73.258181499110037, 19.407641261716869 ], [ 73.258309246841023, 19.408519446477133 ], [ 73.258527100345503, 19.409381521663107 ], [ 73.258832962954187, 19.410219184808149 ], [ 73.259223890285327, 19.411024368420261 ], [ 73.259696118552924, 19.411789317689482 ], [ 73.260245100773375, 19.412506665188225 ], [ 73.260865550523349, 19.413169501844738 ], [ 73.26155149282873, 19.41377144350518 ], [ 73.262296321695487, 19.414306692442452 ], [ 73.263092863728787, 19.414770093218415 ], [ 73.263933447227643, 19.415157182360417 ], [ 73.264809976089296, 19.415464231372798 ], [ 73.265714007810871, 19.415688282667958 ], [ 73.266636834835637, 19.415827178070298 ], [ 73.267569568459123, 19.415879579617506 ], [ 73.268503224485144, 19.415844982458339 ], [ 73.269428809804722, 19.415723719722106 ], [ 73.270337409061952, 19.415516959312797 ], [ 73.271220270570169, 19.415226692658504 ], [ 73.272068890648299, 19.414855715524748 ], [ 73.272875095563961, 19.414407601076626 ], [ 73.273631120291412, 19.413886665449855 ], [ 73.274329683325078, 19.413297926162972 ], [ 73.274964056826448, 19.412647053771806 ], [ 73.275528131428075, 19.411940317233039 ], [ 73.27601647507035, 19.411184523503763 ], [ 73.276424385303997, 19.410386951959971 ], [ 73.276747934555502, 19.409555284266425 ], [ 73.276984007919907, 19.408697530374457 ], [ 73.27713033311872, 19.407821951361093 ], [ 73.277185502335598, 19.406936979853594 ] ] ] } },
{ "type": "Feature", "properties": { "station_id": "MUM_RAIL_STN_101", "station_name": "Ram Mandir", "buffer_m": 1000 }, "geometry": { "type": "Polygon", "coordinates": [ [ [ 72.859681105184094, 19.151807796132381 ], [ 72.859646765621846, 19.150922050654057 ], [ 72.859521236746474, 19.150043768960234 ], [ 72.859305728918059, 19.149181409338361 ], [ 72.859002318967271, 19.148343276602741 ], [ 72.858613930141559, 19.147537442121632 ], [ 72.858144303905021, 19.146771666097365 ], [ 72.857597963865018, 19.146053322847742 ], [ 72.856980172174758, 19.145389329807379 ], [ 72.856296878832907, 19.144786080932271 ], [ 72.855554664369294, 19.14424938514782 ], [ 72.854760676469283, 19.143784410432243 ], [ 72.853922561147101, 19.143395634072803 ], [ 72.853048389130677, 19.143086799572949 ], [ 72.852146578166042, 19.142860880624351 ], [ 72.851225811988684, 19.142720052489803 ], [ 72.850294956740271, 19.142665671071963 ], [ 72.849362975634392, 19.142698259868677 ], [ 72.848438842690825, 19.142817504940002 ], [ 72.847531456367193, 19.143022257935215 ], [ 72.846649553917501, 19.143310547150339 ], [ 72.845801627300403, 19.14367959650982 ], [ 72.844995841444629, 19.144125852289928 ], [ 72.844239955657414, 19.144645017326834 ], [ 72.843541248930777, 19.1452320923805 ], [ 72.842906449863946, 19.145881424257023 ], [ 72.842341671876042, 19.14658676022659 ], [ 72.841852354332019, 19.14734130821423 ], [ 72.841443210149421, 19.148137802184355 ], [ 72.841118180390325, 19.14896857209088 ], [ 72.840880396276845, 19.14982561771982 ], [ 72.840732148997091, 19.150700685714391 ], [ 72.840674867593791, 19.151585349041646 ], [ 72.840709105150339, 19.152471088135915 ], [ 72.84083453340925, 19.153349372938141 ], [ 72.841049945877074, 19.154211745041426 ], [ 72.841353269387795, 19.155049899151816 ], [ 72.841741584015807, 19.155855763079636 ], [ 72.842211151148391, 19.156621575490927 ], [ 72.842757449449522, 19.15733996066956 ], [ 72.843375218369999, 19.158003999569612 ], [ 72.844058508786176, 19.158607296472724 ], [ 72.844800740280647, 19.159144040607803 ], [ 72.845594764513592, 19.159609062138554 ], [ 72.846432934074485, 19.159997881978608 ], [ 72.847307176151091, 19.160306754953606 ], [ 72.848209070304947, 19.160532705893296 ], [ 72.849129929603677, 19.160673558305472 ], [ 72.850060884327021, 19.160727955354506 ], [ 72.850992967438614, 19.160695372941859 ], [ 72.851917200998656, 19.16057612476213 ], [ 72.852824682682893, 19.160371359285499 ], [ 72.853706671572624, 19.160083048695608 ], [ 72.854554672387422, 19.159713969889427 ], [ 72.855360517347151, 19.159267677722276 ], [ 72.856116444873237, 19.158748470756358 ], [ 72.856815174369657, 19.158161349842999 ], [ 72.857449976362162, 19.157511969938476 ], [ 72.858014737319195, 19.156806585618277 ], [ 72.858504018530297, 19.156051990815484 ], [ 72.858913108474169, 19.155255453364731 ], [ 72.859238068173099, 19.154424644983063 ], [ 72.859475769097358, 19.153567567363044 ], [ 72.859623923255725, 19.152692475090838 ], [ 72.859681105184094, 19.151807796132381 ] ] ] } },
{ "type": "Feature", "properties": { "station_id": "MUM_RAIL_STN_102", "station_name": "Vaitarna", "buffer_m": 1000 }, "geometry": { "type": "Polygon", "coordinates": [ [ [ 72.859796171689439, 19.519560607653641 ], [ 72.859761965844825, 19.518674887960859 ], [ 72.859636364292371, 19.517796612216799 ], [ 72.859420578124642, 19.516934238647799 ], [ 72.859116686883198, 19.516096072196113 ], [ 72.858727618477445, 19.515290184545993 ], [ 72.85825712093866, 19.514524336401109 ], [ 72.857709726282408, 19.513805902761511 ], [ 72.857090706829638, 19.513141801918909 ], [ 72.856406024407775, 19.51253842885346 ], [ 72.855662272922444, 19.512001593672519 ], [ 72.854866614853066, 19.51153646568314 ], [ 72.854026712283968, 19.511147523636108 ], [ 72.853150653135089, 19.510838512619404 ], [ 72.852246873301624, 19.51061240801544 ], [ 72.851324075451416, 19.510471386868026 ], [ 72.850391145260573, 19.510416806934259 ], [ 72.849457065892267, 19.510449193622058 ], [ 72.848530831540131, 19.510568234938983 ], [ 72.847621360866967, 19.51077278450035 ], [ 72.846737411169912, 19.511060872567736 ], [ 72.845887494096829, 19.511429725011453 ], [ 72.845079793723187, 19.511875790014898 ], [ 72.844322087776931, 19.512394772263804 ], [ 72.843621672768023, 19.512981674291918 ], [ 72.842985293742643, 19.513630844585677 ], [ 72.842419079337517, 19.514336031985493 ], [ 72.841928482759457, 19.515090445860785 ], [ 72.841518229258241, 19.515886821480183 ], [ 72.841192270599464, 19.516717489948491 ], [ 72.840953746976027, 19.517574452037834 ], [ 72.840804956726856, 19.518449455202937 ], [ 72.840747334155395, 19.519334073039577 ], [ 72.84078143566397, 19.520219786421912 ], [ 72.840906934338875, 19.521098065537441 ], [ 72.841122623041059, 19.521960452030253 ], [ 72.841426425974561, 19.522798640461449 ], [ 72.841815418623554, 19.523604558302111 ], [ 72.84228585586807, 19.524370443688365 ], [ 72.842833208009594, 19.525088920189006 ], [ 72.843452204361014, 19.525753067865182 ], [ 72.844136883982685, 19.526356489936955 ], [ 72.844880653076572, 19.526893374413689 ], [ 72.845676348486592, 19.527358550093915 ], [ 72.846516306693402, 19.527747536394116 ], [ 72.847392437638973, 19.528056586525686 ], [ 72.848296302668984, 19.528282723603056 ], [ 72.849219195841556, 19.528423769334466 ], [ 72.850152227817375, 19.528478365018099 ], [ 72.851086411521734, 19.528445984640747 ], [ 72.85201274875142, 19.528326939952358 ], [ 72.852922316890115, 19.528122377467174 ], [ 72.853806354895113, 19.527834267420278 ], [ 72.854656347724983, 19.527465384786016 ], [ 72.855464108392894, 19.527019282541197 ], [ 72.856221856853864, 19.526500257431248 ], [ 72.856922294964107, 19.525913308569557 ], [ 72.857558676789679, 19.525264089269477 ], [ 72.858124873586235, 19.524558852573868 ], [ 72.858615432823683, 19.523804391007733 ], [ 72.859025630687142, 19.523007971135169 ], [ 72.859351517549243, 19.522177263551992 ], [ 72.859589955976119, 19.521320268989243 ], [ 72.859738650902969, 19.520445241240139 ], [ 72.859796171689439, 19.519560607653641 ] ] ] } },
{ "type": "Feature", "properties": { "station_id": "MUM_RAIL_STN_103", "station_name": "Sagar Sangam", "buffer_m": 1000 }, "geometry": { "type": "Polygon", "coordinates": [ [ [ 73.034286813293079, 19.01038529576234 ], [ 73.034251492798845, 19.009499486452356 ], [ 73.034125060075894, 19.008621235442508 ], [ 73.033908734172684, 19.007759000713698 ], [ 73.033604599780261, 19.006921085868306 ], [ 73.033215587103584, 19.006115560169267 ], [ 73.032745443594962, 19.005350180840782 ], [ 73.032198697823873, 19.004632318378476 ], [ 73.031580615832496, 19.003968885587721 ], [ 73.030897150398545, 19.003366271032689 ], [ 73.030154883694863, 19.002830277536169 ], [ 73.029360963898554, 19.002366066321496 ], [ 73.028523036359957, 19.001978107333546 ], [ 73.027649169994206, 19.001670136216148 ], [ 73.026747779603298, 19.001445118359356 ], [ 73.025827544875739, 19.001305220361793 ], [ 73.024897326842179, 19.001251789182302 ], [ 73.023966082590093, 19.001285339180864 ], [ 73.023042779056595, 19.001405547173135 ], [ 73.022136306727788, 19.001611255545935 ], [ 73.021255394073549, 19.001900483403613 ], [ 73.020408523539501, 19.002270445637919 ], [ 73.019603849903532, 19.002717579738039 ], [ 73.018849121781074, 19.003237580083187 ], [ 73.018151607033644, 19.003825439387878 ], [ 73.017518022797816, 19.004475496901755 ], [ 73.016954470807491, 19.005181492900508 ], [ 73.016466378632018, 19.005936628944152 ], [ 73.016058447395963, 19.006733633323297 ], [ 73.015734606484429, 19.007564831064204 ], [ 73.015497975670741, 19.008422217819387 ], [ 73.015350835032706, 19.009297536932987 ], [ 73.015294602948373, 19.010182358939741 ], [ 73.015329822385013, 19.011068162732322 ], [ 73.015456155615482, 19.011946417616144 ], [ 73.015672387414767, 19.012808665461399 ], [ 73.015976436708144, 19.013646602161671 ], [ 73.016365376560998, 19.014452157614134 ], [ 73.016835462319591, 19.015217573451203 ], [ 73.017382167633755, 19.015935477774228 ], [ 73.018000228016035, 19.016598956169155 ], [ 73.018683691519158, 19.01720161831928 ], [ 73.019425976044445, 19.017737659572763 ], [ 73.020219932729958, 19.018201916870982 ], [ 73.021057914807727, 19.018589918498108 ], [ 73.021931851266686, 19.018897927171704 ], [ 73.022833324611199, 19.019122976058455 ], [ 73.023753651964896, 19.019262897367284 ], [ 73.024683968737563, 19.019316343243482 ], [ 73.025615314047243, 19.019282798762308 ], [ 73.026538717073237, 19.019162586896076 ], [ 73.027445283505998, 19.018956865406821 ], [ 73.028326281259268, 19.018667615694266 ], [ 73.029173224617125, 19.018297623706534 ], [ 73.029977956003123, 19.017850453097836 ], [ 73.030732724582506, 19.017330410891969 ], [ 73.031430260939018, 19.016742505983096 ], [ 73.03206384710569, 19.016092400874122 ], [ 73.032627381274395, 19.015386357118409 ], [ 73.033115436560664, 19.014631174991219 ], [ 73.033523313257533, 19.01383412797291 ], [ 73.033847084075887, 19.013002892675797 ], [ 73.034083631935971, 19.012145474890666 ], [ 73.034230679947854, 19.011270132465803 ], [ 73.034286813293079, 19.01038529576234 ] ] ] } },
{ "type": "Feature", "properties": { "station_id": "MUM_RAIL_STN_104", "station_name": "Targhar", "buffer_m": 1000 }, "geometry": { "type": "Polygon", "coordinates": [ [ [ 73.044216077787397, 18.990551376816775 ], [ 73.044180698266615, 18.989665563271519 ], [ 73.044054217376697, 18.988787313947288 ], [ 73.043837854628023, 18.987925086808264 ], [ 73.043533695064497, 18.987087185383416 ], [ 73.043144669131564, 18.986281678806321 ], [ 73.042674524407303, 18.985516324117096 ], [ 73.042127789471309, 18.984798491574406 ], [ 73.041509730259989, 18.984135093695947 ], [ 73.040826299330575, 18.983532518710327 ], [ 73.040084078522881, 18.982996569060059 ], [ 73.039290215571626, 18.98253240554715 ], [ 73.038452355279702, 18.982144497658084 ], [ 73.037578565915027, 18.981836580545608 ], [ 73.036677261538813, 18.981611619080734 ], [ 73.03575712101231, 18.981471779320007 ], [ 73.034827004460396, 18.981418407662364 ], [ 73.033895867994843, 18.981452017895357 ], [ 73.032972677516568, 18.981572286255226 ], [ 73.032066322424868, 18.981778054547924 ], [ 73.03118553006253, 18.982067341301075 ], [ 73.030338781718669, 18.98243736083931 ], [ 73.029534230996234, 18.982884550099886 ], [ 73.028779625328582, 18.983404602930477 ], [ 73.028082231399338, 18.983992511539661 ], [ 73.027448765182569, 18.984642614701588 ], [ 73.026885327276403, 18.985348652251528 ], [ 73.026397344151846, 18.986103825348408 ], [ 73.025989515883239, 18.986900861925005 ], [ 73.02566577086364, 18.987732086696443 ], [ 73.025429227942112, 18.988589495053883 ], [ 73.025282166348916, 18.989464830132416 ], [ 73.02522600369943, 18.990349662312081 ], [ 73.025261282290558, 18.991235470386783 ], [ 73.025387663823665, 18.992113723620008 ], [ 73.025603932606529, 18.992975963897344 ], [ 73.02590800720634, 18.993813887184935 ], [ 73.026296960442792, 18.994619423509025 ], [ 73.026767047531408, 18.995384814686339 ], [ 73.02731374210758, 18.996102689055999 ], [ 73.027931779785845, 18.996766132492905 ], [ 73.028615208836527, 18.997368755017686 ], [ 73.029357447491961, 18.99790475236091 ], [ 73.030151347331582, 18.99836896188777 ], [ 73.030989262134895, 18.998756912343481 ], [ 73.031863121539132, 18.999064866939477 ], [ 73.032764508791502, 18.999289859364293 ], [ 73.033684741845875, 18.999429722371598 ], [ 73.034614957021574, 18.999483108669114 ], [ 73.035546194416781, 18.999449503906671 ], [ 73.036469484251882, 18.999329231637812 ], [ 73.037375933309377, 18.999123450206788 ], [ 73.038256810635431, 18.998834141590898 ], [ 73.0391036316758, 18.998464092305667 ], [ 73.039908240033853, 18.998016866557002 ], [ 73.040662886061341, 18.997496771899442 ], [ 73.041360301523639, 18.996908817731804 ], [ 73.041993769619125, 18.996258667030716 ], [ 73.042557189677538, 18.995552581787823 ], [ 73.043045135913729, 18.994797362676991 ], [ 73.043452909670947, 18.994000283533762 ], [ 73.043776584650999, 18.993169021278788 ], [ 73.044013044696356, 18.99231158196142 ], [ 73.044160013761683, 18.991436223636303 ], [ 73.044216077787397, 18.990551376816775 ] ] ] } },
{ "type": "Feature", "properties": { "station_id": "MUM_RAIL_STN_105", "station_name": "Bamandongri", "buffer_m": 1000 }, "geometry": { "type": "Polygon", "coordinates": [ [ [ 73.033534888600869, 18.97472061669988 ], [ 73.033499560820104, 18.973834805076347 ], [ 73.033373140393138, 18.972956553157832 ], [ 73.033156846246897, 18.972094318934438 ], [ 73.032852762763738, 18.971256406004319 ], [ 73.032463819655774, 18.97045088361288 ], [ 73.031993763703241, 18.969685508953521 ], [ 73.031447122630823, 18.968967652478128 ], [ 73.030829161471388, 18.968304226935743 ], [ 73.030145831838595, 18.967701620822073 ], [ 73.02940371459772, 18.967165636879969 ], [ 73.028609956487301, 18.966701436242065 ], [ 73.027772201302028, 18.966313488752562 ], [ 73.02689851629917, 18.966005529945598 ], [ 73.025997314536582, 18.965780525093503 ], [ 73.025077273888968, 18.965640640670291 ], [ 73.024147253520951, 18.965587223504453 ], [ 73.023216208619601, 18.965620787821106 ], [ 73.02229310420536, 18.965741010297865 ], [ 73.021386828849856, 18.965946733181617 ], [ 73.020506109128846, 18.966235975436316 ], [ 73.019659425632454, 18.966605951814156 ], [ 73.018854931339376, 18.967053099667055 ], [ 73.018100373139504, 18.967573113240551 ], [ 73.017403017258857, 18.968160985120463 ], [ 73.016769579304437, 18.968811054433953 ], [ 73.016206159601111, 18.969517061341723 ], [ 73.015718184443372, 18.970272207297413 ], [ 73.015310353827388, 18.971069220495 ], [ 73.014986596167205, 18.971900425874786 ], [ 73.014750030431969, 18.972757819014838 ], [ 73.014602936069949, 18.973633143197226 ], [ 73.014546731010398, 18.974517968907474 ], [ 73.014581957957176, 18.975403775002494 ], [ 73.014708279107566, 18.976282030765677 ], [ 73.014924479349773, 18.977144278059175 ], [ 73.015228477910128, 18.977982212782543 ], [ 73.015617348340072, 18.978787764852889 ], [ 73.016087346652327, 18.979553175936271 ], [ 73.016633947337283, 18.980271074181037 ], [ 73.017251886914167, 18.980934545232984 ], [ 73.017935214598694, 18.981537198847494 ], [ 73.01867734960048, 18.982073230456276 ], [ 73.019471144498453, 18.982537477094905 ], [ 73.020308954084172, 18.982925467151382 ], [ 73.021182709009807, 18.983233463455761 ], [ 73.022083993530416, 18.983458499294699 ], [ 73.023004126590934, 18.983598407003374 ], [ 73.02393424547536, 18.983651838858453 ], [ 73.024865391210724, 18.983618280070317 ], [ 73.025788594901542, 18.9834980537489 ], [ 73.026694964161081, 18.983292317795041 ], [ 73.027575768804894, 18.983003053747083 ], [ 73.028422524979305, 18.982633047690339 ], [ 73.029227076912633, 18.982185863413417 ], [ 73.029981675499982, 18.981665808070542 ], [ 73.03067905296318, 18.981077890681068 ], [ 73.031312492865865, 18.980427773866744 ], [ 73.031875894808252, 18.979721719292293 ], [ 73.032363833178451, 18.978966527335878 ], [ 73.032771609393976, 18.97816947157132 ], [ 73.033095297131382, 18.977338228694119 ], [ 73.033331780108611, 18.97648080456722 ], [ 73.033478782057728, 18.975605457099366 ], [ 73.033534888600869, 18.97472061669988 ] ] ] } },
{ "type": "Feature", "properties": { "station_id": "MUM_RAIL_STN_106", "station_name": "Kharkopar", "buffer_m": 1000 }, "geometry": { "type": "Polygon", "coordinates": [ [ [ 73.023573485818915, 18.959763085183809 ], [ 73.02353820613709, 18.958877275371556 ], [ 73.023411842046173, 18.957999021069764 ], [ 73.023195611929452, 18.957136780292334 ], [ 73.022891599551784, 18.956298856701473 ], [ 73.022502733939987, 18.955493319646184 ], [ 73.022032761127647, 18.954727926462009 ], [ 73.021486208038851, 18.954010047780113 ], [ 73.020868338859472, 18.953346596564167 ], [ 73.020185104318045, 18.9527439615578 ], [ 73.019443084364994, 18.952207945782636 ], [ 73.018649424803073, 18.951743710678233 ], [ 73.017811768479262, 18.951355726420914 ], [ 73.016938181700269, 18.951047728898914 ], [ 73.016037076579536, 18.95082268375722 ], [ 73.015117130062677, 18.950682757857507 ], [ 73.014187200409353, 18.950629298427184 ], [ 73.013256241934428, 18.95066282009774 ], [ 73.012333218827337, 18.950782999956701 ], [ 73.011427018877754, 18.950988680660547 ], [ 73.010546367936101, 18.951277881578505 ], [ 73.009699745930675, 18.951647817859943 ], [ 73.008895305248245, 18.952094927242001 ], [ 73.00814079226231, 18.952614904339857 ], [ 73.007443472763143, 18.953202742089807 ], [ 73.006810062006693, 18.953852779947059 ], [ 73.006246660054941, 18.954558758374731 ], [ 73.005758693030288, 18.955313879100384 ], [ 73.005350860849205, 18.956110870560774 ], [ 73.005027091939297, 18.956942057905557 ], [ 73.004790505376477, 18.957799436886663 ], [ 73.004643380807977, 18.958674750922878 ], [ 73.004587136452443, 18.959559570597968 ], [ 73.004622315390662, 18.960445374827621 ], [ 73.004748580281017, 18.961323632913963 ], [ 73.004964716552394, 18.96218588669765 ], [ 73.005268644046367, 18.963023832016646 ], [ 73.00565743699822, 18.963829398686968 ], [ 73.006127352166558, 18.964594828234969 ], [ 73.006673864842568, 18.965312748632048 ], [ 73.007291712393396, 18.965976245311449 ], [ 73.007974944921713, 18.9665789277824 ], [ 73.008716982554446, 18.967114991199239 ], [ 73.009510678809391, 18.967579272291569 ], [ 73.01034838942951, 18.967967299115774 ], [ 73.011222046021501, 18.968275334147801 ], [ 73.012123233789069, 18.968500410301168 ], [ 73.013043272610503, 18.968640359522439 ], [ 73.013973300678941, 18.968693833687976 ], [ 73.014904359897471, 18.968660317600026 ], [ 73.015827482205154, 18.968540133956527 ], [ 73.016733776000066, 18.968334440246419 ], [ 73.0176145118254, 18.968045217600316 ], [ 73.018461206490798, 18.967675251703849 ], [ 73.019265704817215, 18.967228105957954 ], [ 73.020020258215936, 18.966708087144919 ], [ 73.020717599343627, 18.966120203931517 ], [ 73.021351012113186, 18.96547011860968 ], [ 73.021914396385256, 18.964764092540339 ], [ 73.022402326716872, 18.964008925826761 ], [ 73.02281010460166, 18.963211891799485 ], [ 73.02313380369857, 18.962380666944682 ], [ 73.02337030761457, 18.961523256951892 ], [ 73.023517339878495, 18.96064791959412 ], [ 73.023573485818915, 18.959763085183809 ] ] ] } }
]
}
