stop_id,stop_name,latitude,longitude,state_code,state_name,district_code,district_name,subdistrict_code,subdistrict_name,ulb_code,ulb_name,ward_code,ward_name
RgqMpbyP,Charminar,17.358677937923357,78.47402769352765,,,,,,,,,,
ZesADyKB,Shahalibanda,17.354749930187328,78.47302439964548,,,,,,,,,,
CSCQevOc,Kilwat,17.3601274663828,78.4713749367239,,,,,,,,,,
RcYax5EA,Moosabowli,17.3642745722327,78.4666682034731,,,,,,,,,,
UoDW1Rgg,City College,17.36745264535672,78.46829028554708,,,,,,,,,,
s4V6Ks4J,Madina,17.3703739526348,78.4755915518183,,,,,,,,,,
RvkZZP0d,Afzalgunj,17.3734,78.4759,,,,,,,,,,
RprCTGDf,Osmangunj,17.3801592673954,78.4749823530744,,,,,,,,,,
TB1fWaY6,Gandhibavan,17.388345659286514,78.47138822677678,,,,,,,,,,
0Yr3hLAU,Nampally Railway Station,17.39215949442458,78.47004978666432,,,,,,,,,,
48NXpBnL,Nampally Public Garden,17.396278,78.470819,,,,,,,,,,
d2BfiTmX,Assembly,17.400243,78.470014,,,,,,,,,,
USn7tbeB,Lakdikapool,17.403609,78.464974,,,,,,,,,,
FDukZMjs,Chintal Basthi,17.408898,78.460376,,,,,,,,,,
3UhhD7eG,Khairatabad,17.414165437048904,78.45863971461557,,,,,,,,,,
5g4se2Gv,Khairatabad,17.415785,78.457715,,,,,,,,,,
3OS7bBog,Irram Manzil,17.420752974516326,78.45569724523418,,,,,,,,,,
fAXfvzII,Nims Hospital,17.4230084956761,78.4543890506029,,,,,,,,,,
YY5SqKbk,Punjagutta,17.426322878920914,78.45262885786775,,,,,,,,,,
DqrzaqZu,Pvr Mall Bus Stop,17.429381,78.450406,,,,,,,,,,
8A7oqeuK,Ameerpet,17.431553,78.44765,,,,,,,,,,
Z9DjfexL,Maithrivanam,17.440045544433556,78.4423641399989,,,,,,,,,,
OCMZCOeo,Sr Nagar,17.442965253360637,78.44073727726938,,,,,,,,,,
C5vY3BnB,Esi Hospital,17.448534,78.437619,,,,,,,,,,
zsjaTD5B,Erragadda,17.45617,78.433778,,,,,,,,,,
M2X1Ipi9,Bharath Nagar,17.467232084021962,78.42877865316824,,,,,,,,,,
3DO7lfEx,Moosapet,17.47081310529018,78.4266757867274,,,,,,,,,,
lRqEgaCy,Prashanth Nagar Bus Station,17.474763993804103,78.42554926383187,,,,,,,,,,
7XcsjLgc,Balnagar,17.467879257671523,78.44608425580633,,,,,,,,,,
odvoWxTv,Idpl Water Tank,17.481725449290504,78.44902396155263,,,,,,,,,,
eE6hZh6A,Idpl Colony,17.48791105,78.45000699,,,,,,,,,,
m180Kw2G,Ganesh Nagar Chintal,17.49089,78.45099,,,,,,,,,,
2mWqvKcq,Chintal,17.4954,78.452103,,,,,,,,,,
xmSPBDXm,Quthubullapur X Road,17.498897390179707,78.45175981428258,,,,,,,,,,
CSMDq4oC,Hmt,17.502845713132185,78.45028734281547,,,,,,,,,,
WQorkUId,Gajularam X Road,17.510098,78.447706,,,,,,,,,,
G1qKP8Cw,Shapur Nagar,17.51600121891858,78.44690233469011,,,,,,,,,,
U3va4YT2,Rythu Bazar,17.517610097781848,78.44659120793494,,,,,,,,,,
r2e2nKni,Sub Station-Jeedimetla,17.522757333829,78.443386182835,,,,,,,,,,
cR5ySdRd,Jeedimetla,17.52636037428321,78.44031216836981,,,,,,,,,,
Tv9yBqAe,Saibaba Nagar,17.536032,78.434701,,,,,,,,,,
R0Cm6Ou4,Suraram X Road,17.5414896115876,78.43375414609909,,,,,,,,,,
5E4f69aT,Bahadur Pally X Road,17.5605816217093,78.4307647277243,,,,,,,,,,
o9dJvoaR,Gandimaisamma,17.57507524147536,78.42319428755698,,,,,,,,,,
xOUsyoa9,Mehadipatnam Depot,17.392219,78.440777,,,,,,,,,,
NUmq3A4e,Mehdipatnam,17.39472517650309,78.44017263294585,,,,,,,,,,
jQUipGEE,Nanal Nagar,17.395128593905696,78.42734232111722,,,,,,,,,,
JDSxM2WM,Langar House,17.37843771,78.4209751,,,,,,,,,,
7guxqq8S,Bapu-Ghat,17.374015,78.417593,,,,,,,,,,
832f0Tns,Tippu Khan Bridge,17.371026393832324,78.4046226919575,,,,,,,,,,
1dz6Of8P,Suncity,17.36476225,78.39571808,,,,,,,,,,
iXcFXrHu,Bandlaguda X Road,17.359568003934776,78.3879889547825,,,,,,,,,,
VHOGEY4R,Peeram Cheru,17.3544984086384,78.3790216386236,,,,,,,,,,
gg1O2ENL,Kalimandir,17.3523319158945,78.3770152830632,,,,,,,,,,
54suq5uU,Appa Junction,17.350935382372132,78.35801659936408,,,,,,,,,,
qccftrvg,Golden Farms,17.35369008294187,78.34210305687256,,,,,,,,,,
FLnjOddn,Osman Sagar X Rd,17.3531014085184,78.3308846424825,,,,,,,,,,
BAsXhVXt,Aziz Nagar X Roads,17.344140510147906,78.32481622875423,,,,,,,,,,
T8BKEMqk,Himayathnagar X Road,17.3386325066237,78.3119065256401,,,,,,,,,,
cVsyEttO,Jbiet College Amdapur X Road Bus Stop,17.33140703,78.29720456,,,,,,,,,,
dHLhPczE,Decent Poultry,17.331072578539708,78.29313397407533,,,,,,,,,,
zGYSG7bl,Sathsang,17.330027911856615,78.2801198974909,,,,,,,,,,
4HJn54j9,Moinabad,17.328394,78.272705,,,,,,,,,,
lnjUAaN4,Ayaan College,17.31438034,78.25669684,,,,,,,,,,
wlPJRBNI,Kanakamamidi,17.31323060832708,78.24891775849083,,,,,,,,,,
uCKYOKAS,Kethireddy Pally X Road,17.31019105582616,78.22889235042727,,,,,,,,,,
R1auSRjt,Appareddyguda X Road,17.310196184866054,78.22376400154526,,,,,,,,,,
YXAEgiIa,Tholkatta X Roads,17.313455937184585,78.21691900491716,,,,,,,,,,
nJkfMg0G,Mudimyal,17.31947984,78.20895821,,,,,,,,,,
BugaVeWl,Kandawada X Road,17.307182181327995,78.18237483236942,,,,,,,,,,
3F5hR7yF,Malkapur,17.312,78.172,,,,,,,,,,
SAhnyNt4,Kesaram,17.30638448,78.1610097,,,,,,,,,,
oi5Cgsii,Chevella Bs,17.313487,78.138914,,,,,,,,,,
fTpo5ntA,Kesaram,17.30654741,78.16108078,,,,,,,,,,
rFMmZ6lY,Malkapur,17.312283300373174,78.17197322969923,,,,,,,,,,
CExXC0fB,Kandawada X Road,17.30725133704267,78.1824137340463,,,,,,,,,,
tFPKmxrs,Mudimyal,17.31962448636058,78.20908694860374,,,,,,,,,,
cIwp9JJA,Tholkatta X Roads,17.31348286520384,78.21698606636582,,,,,,,,,,
jAH3WOsZ,Appareddyguda X Road,17.310229763875085,78.22377171369355,,,,,,,,,,
03dKkFHP,Kethireddy Pally X Road,17.31026017402012,78.22901844978334,,,,,,,,,,
sUYRAR1o,Kanakamamidi,17.313248467296695,78.24879169547359,,,,,,,,,,
nfkRd9nz,Ayaan College,17.31466329,78.25676423,,,,,,,,,,
4BcvWaFF,Moinabad,17.328963,78.27318,,,,,,,,,,
uboghRWM,Sathsang,17.330242990136437,78.28014671740286,,,,,,,,,,
kqVSR8tV,Decent Poultry,17.33127226395826,78.2931554305028,,,,,,,,,,
EhiQ5Y3H,Jbiet College Amdapur X Road Bus Stop,17.331621766667745,78.29738259075903,,,,,,,,,,
vZHy3ifq,Himayathnagar X Road,17.33877668838069,78.31199256372187,,,,,,,,,,
F5kjgZBH,Aziz Nagar X Roads,17.344189191177293,78.32465795293915,,,,,,,,,,
2QgJHKxC,Osman Sagar X Rd,17.3531973109365,78.3305561031737,,,,,,,,,,
b8ltroJx,Golden Farms,17.353754068566243,78.34207087216132,,,,,,,,,,
kLUdNhDw,Appa Junction,17.350843348535044,78.35830717399931,,,,,,,,,,
BOZ6ud3G,Kalimandir,17.352451191287,78.3768691480659,,,,,,,,,,
Ed7fO2rc,Peeram Cheru,17.35461106,78.37880742,,,,,,,,,,
IJzE9Z23,Bandlaguda X Road,17.3598,78.3881,,,,,,,,,,
dHUG4Xle,Suncity,17.3651,78.3958,,,,,,,,,,
GFxQbpHA,Tippu Khan Bridge,17.3710977510594,78.4044692202793,,,,,,,,,,
nIO17N4o,Bapu Nagar,17.374278,78.417719,,,,,,,,,,
9kJ7lz1Q,Langar House,17.38158304700454,78.42183708154298,,,,,,,,,,
rBENVtQo,Nanal Nagar,17.395487705634253,78.4273249243984,,,,,,,,,,
q9jjNdnh,Mehdipatnam,17.395273919150057,78.43979619137296,,,,,,,,,,
F0sCusJT,Chandrayangutta,17.327227194953696,78.47513793452589,,,,,,,,,,
sifjiJIl,Farooqnagar,17.329644,78.470292,,,,,,,,,,
viDlsUWZ,Engine Bowli,17.3365662237586,78.4679501198833,,,,,,,,,,
8YMIlyS3,Falaknuma Depot,17.33722755207997,78.46702500165038,,,,,,,,,,
W4vA60DC,Sarojini Devi Hospital,17.398719,78.444326,,,,,,,,,,
VKioR5jw,Nmdc,17.398961480216787,78.44955235719682,,,,,,,,,,
m9io71dj,Masab Tank,17.40426080475889,78.45190465450288,,,,,,,,,,
qo0aajne,Pension Office,17.4074738361027,78.4510845331515,,,,,,,,,,
0UenuDJ9,Care Hospital-Banjara Hills,17.41362673174932,78.45043346346029,,,,,,,,,,
ppmUDuzH,Banjarahills Road No 7,17.416806784117313,78.4487932920456,,,,,,,,,,
cz4pE5ER,Gvk Mall,17.418730990367045,78.44810396432878,,,,,,,,,,
ueRNhDvS,Nims Hospital,17.421953360823977,78.4491151571274,,,,,,,,,,
knSGAN1e,Punjagutta,17.426621038973163,78.45111072063447,,,,,,,,,,
V9ddvO25,Green Land,17.430726989897867,78.45590785145761,,,,,,,,,,
qRKZzfuC,Rj College,17.435037698134607,78.45528691882602,,,,,,,,,,
vmdvxAEq,Hps Begumpet,17.4427992466057,78.4588914737105,,,,,,,,,,
sNtT8ZDC,Shyamlal Begumpet,17.444383,78.461112,,,,,,,,,,
GjAAZkb2,Shoppers Stop Begumpet,17.44512231917755,78.465001887711,,,,,,,,,,
Q6FWRb1R,Prakash Nagar Begumpet,17.444306095337662,78.47153045015418,,,,,,,,,,
joW0g0Qq,Police Lines,17.443691,78.478073,,,,,,,,,,
Cmq2kMFs,Wesley College,17.44347191151179,78.48205268785652,,,,,,,,,,
PwJCFyTq,Paradise,17.443494936781793,78.48664998976962,,,,,,,,,,
KIkHjkpt,Plaza,17.44330305239693,78.49065722513043,,,,,,,,,,
X0STVNy1,Patny,17.44318275884649,78.49624693393709,,,,,,,,,,
QeBJG7EM,Secunderabad,17.442947325300093,78.50370883941652,,,,,,,,,,
TaPAXfJn,Sangeeth-Isckon,17.441167630338985,78.50563600890398,,,,,,,,,,
whMygxc9,Secunderabad,17.4371305954537,78.5051479719086,,,,,,,,,,
G7Crwnuu,Chilkalguda,17.433305252319077,78.50677192143513,,,,,,,,,,
HxjRAjhe,Alugadda Bhavi,17.435588,78.514285,,,,,,,,,,
UXUFKwWS,Mettuguda,17.434563,78.520907,,,,,,,,,,
are2VdTm,Tarnaka,17.425805944766314,78.5327196118636,,,,,,,,,,
8w1CBdo1,Habsiguda,17.421297376185333,78.53977583351977,,,,,,,,,,
jtlvGReR,Hmt Nagar,17.42443969,78.54731418,,,,,,,,,,
vuGTfEKr,Nacharam,17.428082172907658,78.55094254199886,,,,,,,,,,
2b3B8JFF,Esi Hospital Nacharam,17.43094713,78.55324522,,,,,,,,,,
hjFi7eQB,Nacharam X Road,17.43363562648746,78.55445891494266,,,,,,,,,,
U3ikAqGd,Delhi Tubes Nacharam,17.438300227071,78.5583394443616,,,,,,,,,,
LwrbPeVu,Janapriya - Mallapur,17.44177321774534,78.56528164877854,,,,,,,,,,
S6LmWE5N,Mallapur Village,17.4454882815445,78.56740593910219,,,,,,,,,,
YMEKiiCq,Noma Function Hall,17.44719501610695,78.57199788093568,,,,,,,,,,
ko9Sd2Em,Nfc X Roads,17.448470578656217,78.57579454779625,,,,,,,,,,
pLgbAwvD,Ashoknagar-Mallapur,17.450004551048462,78.58082905567282,,,,,,,,,,
9mgpyHL4,Hcl,17.45555446179154,78.5817369951529,,,,,,,,,,
giCRzBi8,Ecil Gate,17.467405969913383,78.57388615792333,,,,,,,,,,
4wFW2Us9,Ecil X Road,17.472059835509484,78.57107788196248,,,,,,,,,,
Q2XxpKE2,Kushaiguda,17.480318357777065,78.57501536607744,,,,,,,,,,
3a2eLPl2,Nagarjuna Nagar Clny,17.4801444,78.58167026,,,,,,,,,,
Y7DNcZgJ,Chakripuram,17.478775889232452,78.58613848686218,,,,,,,,,,
ltOoIRPh,Cherlapally Water Tank,17.471283664672832,78.5969675704837,,,,,,,,,,
GTRQRJwL,Cherlapally Railway Station,17.45904064597108,78.60438824797338,,,,,,,,,,
suDhrwkI,Cherlapally,17.463285244066995,78.61145450231484,,,,,,,,,,
noE4riD7,Cherlapally Railway Station,17.459302896666948,78.60471278082488,,,,,,,,,,
0NDQJIGP,Chakripuram,17.479200364671826,78.58546793460847,,,,,,,,,,
fUjweVGF,Nagarjuna Nagar Clny,17.47988472,78.58190194,,,,,,,,,,
vQw0DmF3,Kushaiguda,17.48034395,78.57518468,,,,,,,,,,
L9yKLGu1,Hcl,17.455257780650488,78.58136951923372,,,,,,,,,,
hTYT4HDY,Ecil Gate,17.46724739102869,78.5738915205002,,,,,,,,,,
x7w566Y0,Delhi Tubes Nacharam,17.4380993820983,78.558230994496,,,,,,,,,,
iicT2HB0,Nacharam X Road,17.43346651583396,78.55520992061963,,,,,,,,,,
KXSa7N9r,Hmt Nagar,17.424028790241262,78.54717135429384,,,,,,,,,,
Vu61jLWF,Habsiguda,17.421528,78.538962,,,,,,,,,,
jyBSJxcj,Tarnaka,17.42570613900953,78.53222742494877,,,,,,,,,,
7kbuoXmo,Mettuguda,17.4362017151634,78.5206600651144,,,,,,,,,,
V2FZzv9s,Alugadda Bhavi,17.435314131088564,78.51438403488962,,,,,,,,,,
CFbXbiQw,Chilkalguda,17.43306214811975,78.50638295273589,,,,,,,,,,
u3bvsFOc,Secunderabad,17.434259,78.501577,,,,,,,,,,
ok41NPb5,Patny,17.442960075099442,78.49667340517045,,,,,,,,,,
YPoQZzru,Plaza,17.443204621664965,78.49011942051914,,,,,,,,,,
GVLWcO80,Paradise,17.44314095057875,78.48621763401826,,,,,,,,,,
C5RkuVFZ,Wesley College,17.443347223031,78.48193144196273,,,,,,,,,,
jwo9ywmN,Police Lines,17.44365106196432,78.47499310970305,,,,,,,,,,
b6Ed1APh,Prakash Nagar Begumpet,17.443991837055457,78.47139358520509,,,,,,,,,,
xjTl0c9a,Shoppers Stop Begumpet,17.4448396158677,78.4649043157696,,,,,,,,,,
0QXQxf3w,Shyamlal Begumpet,17.44420961951012,78.46172824501993,,,,,,,,,,
vICEAYpg,Hps Begumpet,17.442554874152,78.4592780470848,,,,,,,,,,
KgDSpIOK,Rj College,17.434999401680997,78.4555792589056,,,,,,,,,,
AWE6D07a,Punjagutta,17.426452245960245,78.45141112804414,,,,,,,,,,
2GQGAQJB,Nims Hospital,17.421459243849505,78.44896227121355,,,,,,,,,,
MCux42LE,Gvk Mall,17.41794804379372,78.44901859925332,,,,,,,,,,
sIoTCd6R,Banjarahills Road No 7,17.416331831970556,78.4489354512987,,,,,,,,,,
A3gmwwj9,Care Hospital-Banjara Hills,17.413632810042,78.4506118297576,,,,,,,,,,
0EWpgffm,Pension Office,17.40788488643572,78.45115899336824,,,,,,,,,,
wPpbiQd0,Masab Tank,17.404163578171367,78.45224529504777,,,,,,,,,,
xLkxr76E,Nmdc,17.398778406631845,78.44944775104524,,,,,,,,,,
gV9iNXAG,Sarojini Devi Hospital,17.398543037738683,78.44446688890459,,,,,,,,,,
BJCimp4m,Mehdipatnam,17.3944638148,78.4394866005,,,,,,,,,,
2ZWzuUTZ,Tippu Khan Bridge,17.37339446398915,78.40440270951166,,,,,,,,,,
jsSYaRZ9,Ramdev Guda,17.375237328424227,78.39603963221296,,,,,,,,,,
n1MXMQMq,Age Bar,17.376563943836253,78.38581837700278,,,,,,,,,,
Pm13hpJV,Ibrahim Bagh,17.37671497160438,78.38191777467728,,,,,,,,,,
DJ1vRbAq,Taramathi,17.376788559802506,78.37891370141307,,,,,,,,,,
4gvSfGeB,Neknapur,17.378945180549202,78.36991489015512,,,,,,,,,,
kPZTFaTS,Hanuman Temple,17.381,78.367,,,,,,,,,,
AmuowBqz,Narsinghi,17.3842313438346,78.3614210039377,,,,,,,,,,
iGveCYEN,Kokapet X Rd,17.387619,78.341096,,,,,,,,,,
7SoNNXKp,Grape Garden,17.386822689078894,78.33802878828043,,,,,,,,,,
sFWHBI1O,Gandipet X Road,17.385,78.331,,,,,,,,,,
fh2ezkIf,Cbit,17.3935355900935,78.32022428512572,,,,,,,,,,
2StGQPKr,Mile Stone,17.39624969582202,78.31107795196874,,,,,,,,,,
R37p0OO9,Khanapur,17.397,78.302,,,,,,,,,,
pqdPrHsX,Miyakhan Gadda,17.404933924462746,78.28495591921818,,,,,,,,,,
ouE3tJiF,Janwada X Road,17.412737371514822,78.26676517953918,,,,,,,,,,
VRc2v6Sq,Kollur X Road,17.417773993099914,78.24990481229281,,,,,,,,,,
B2E1U0Po,Dontapally,17.41855584065186,78.224317859737,,,,,,,,,,
Bots9uZJ,Indian Business School ( Ibs ),17.41892564435208,78.2169377809786,,,,,,,,,,
bSu8VLLo,Proddutur X Roads,17.422,78.21,,,,,,,,,,
1EbmKtfx,Mokila Bus Stop,17.4319921696537,78.1897559389472,,,,,,,,,,
pzXN1H4j,Bulkapur,17.444802512633093,78.15878748893739,,,,,,,,,,
4XkSMGtG,Bhanur X Road,17.453,78.144,,,,,,,,,,
UCQMGasG,Shankarpally Bus Station,17.45583,78.13135,,,,,,,,,,
0WxpWnzH,Bhanur X Road,17.453334788385956,78.14411982778182,,,,,,,,,,
hiYDONWZ,Bulkapur,17.444894630995037,78.15888673067094,,,,,,,,,,
GzMVZaMe,Mokila,17.433466481256,78.1868728995323,,,,,,,,,,
oTBBk3lA,Proddutur X Roads,17.422314014490137,78.21024298431178,,,,,,,,,,
lk3b2qDU,Indian Business School ( Ibs ),17.41875993793671,78.21774579591754,,,,,,,,,,
Io40sLXx,Dontapally,17.41867995299534,78.22393298214146,,,,,,,,,,
ytvCxXFb,Kollur X Road,17.41774328150473,78.25076043839934,,,,,,,,,,
ev6wgDXG,Janwada X Road,17.412814152597296,78.26687514904219,,,,,,,,,,
oFhCBRcF,Miyakhan Gadda,17.405,78.286,,,,,,,,,,
hYWlKusT,Khanapur,17.397296517412794,78.30198258177154,,,,,,,,,,
qNee7vZl,Mile Stone,17.39627529354781,78.31159830379545,,,,,,,,,,
3Z4AuAHK,Cbit,17.393674882929943,78.32026720411199,,,,,,,,,,
SRmJE3Ta,Gandipet X Road,17.386,78.331,,,,,,,,,,
bakKI0au,Grape Garden,17.387,78.338,,,,,,,,,,
EhRIzJx4,Kokapet X Rd,17.388022,78.341466,,,,,,,,,,
Pm5Rl4ZJ,Narsingi X Roads,17.3854635080172,78.355480581522,,,,,,,,,,
1SdlIEjc,Hanuman Temple,17.38024426637546,78.36837797990209,,,,,,,,,,
JXAl0tDW,Neknapur,17.379,78.37,,,,,,,,,,
YEipNxZK,Taramathi,17.376898634349697,78.3789338177856,,,,,,,,,,
mFHd1TsQ,Ibrahim Bagh,17.3768448816577,78.38185611676433,,,,,,,,,,
YLvpA2j1,Age Bar,17.376663136054777,78.38585861028857,,,,,,,,,,
PlLbsGM1,Ramdev Guda,17.375122190463077,78.39702129343203,,,,,,,,,,
JfIOK0oA,Tippu Khan Bridge,17.373358417062825,78.40511351714547,,,,,,,,,,
uA8YdKKq,Narsingi X Roads,17.3853137697208,78.35566498381479,,,,,,,,,,
VXQBI5es,Narsinghi,17.385652880449932,78.35448950529099,,,,,,,,,,
pJbQlUdV,Hayathnagar Bus Depot,17.326525053827773,78.59324097901651,,,,,,,,,,
2uOlQMbc,Hayathnagar Bus Depot,17.33011503042731,78.59437286848586,,,,,,,,,,
9TGZiwiy,Rtc Colony-Hyt,17.328654,78.598786,,,,,,,,,,
BsjNAyiG,Hayathnagar,17.327319938482045,78.60489331287081,,,,,,,,,,
qQ2eggZ4,Hayathnagar,17.32707761,78.60373244,,,,,,,,,,
jIGnqtq6,Rtc Colony Upl,17.328056,78.599494,,,,,,,,,,
g3CVmJk7,Hayathnagar Bus Depot,17.329992177727636,78.59393297723564,,,,,,,,,,
nib1nnsj,Bhagyalatha (Arunodaya),17.332316941353337,78.58912646770477,,,,,,,,,,
SeOTAz0T,Shanthi Nagar-Vanastalipuram,17.32820612818654,78.58753859787156,,,,,,,,,,
3UkEBTxG,Sharada Nagar-Hayathnagar,17.328194622534447,78.58507633086482,,,,,,,,,,
9Ezr2Jwk,Subhadra Nagar,17.328829577640615,78.58341870475914,,,,,,,,,,
tSGCiQav,Kamala Nagar-Vanasthalipuram,17.329825638001545,78.5790359981579,,,,,,,,,,
IAGvk4V9,Raithu Bazar-Vsp,17.33049869563848,78.57515748841485,,,,,,,,,,
kQF1TB5X,Vanasthalipuram Complex,17.330719203537416,78.57296615880877,,,,,,,,,,
3CpJuoZ6,Ganesh Temple-Vanastalipuram,17.33124156275812,78.56918692527435,,,,,,,,,,
JMhpzU6M,Panama Godowns,17.33799970053927,78.56924325227739,,,,,,,,,,
MjEKXkAz,Chintalkunta Bus Stop,17.340501,78.563096,,,,,,,,,,
lyF23GGb,Chintalkunta Checkpost,17.342627706767566,78.55642760745923,,,,,,,,,,
jNMgv2Al,Lb Nagar,17.347097587375245,78.55122149337176,,,,,,,,,,
Ap1EukzU,Kamineni Hospetal-Lb Nagar,17.3533656317548,78.5555738449488,,,,,,,,,,
buDaArKj,Rajeev Gandhi Nagar/Sai Nagar Bus Stop,17.35991872206882,78.55758771474177,,,,,,,,,,
qPtExEEi,Alkapuri X Rds,17.365287,78.556949,,,,,,,,,,
BCMwFXGv,Snehapuri - Lb Nagar,17.369106411255903,78.55721623154713,,,,,,,,,,
AnLTMfwA,Nagole X Rds,17.3767810792273,78.5577533319177,,,,,,,,,,
igXYuJJL,Nagole Metro Station,17.39052648662781,78.5587478043404,,,,,,,,,,
qbtDyPmY,Uppal X Roads,17.4020398586715,78.5595762357115,,,,,,,,,,
HRc9q9cv,Survey Of India,17.405683,78.555518,,,,,,,,,,
h14pP8Q5,Ngri,17.4154051662213,78.5453817445992,,,,,,,,,,
B9wleFxF,Railway Degree Collge,17.4286299145881,78.52731227874757,,,,,,,,,,
fDQ48G2W,Mettuguda,17.434189,78.520796,,,,,,,,,,
gVRyRzSN,Jbs,17.447612217508436,78.49757970989845,,,,,,,,,,
ajXH07Oj,Ngri,17.4154662609906,78.5457455222495,,,,,,,,,,
SbVE8Ev9,Survey Of India,17.406015994449,78.5556103944187,,,,,,,,,,
bHfuhRVs,Uppal X Road,17.399935344178544,78.56028199195865,,,,,,,,,,
5YoLyTS1,Nagole Metro Station,17.39055719841084,78.55892480737447,,,,,,,,,,
sJVjEk53,Nagole X Road,17.37622157097026,78.55804368873083,,,,,,,,,,
UsvPMDtj,Snehapuri Colony,17.368836374808627,78.55739058461732,,,,,,,,,,
j5uk5YHU,Alkapuri X Road,17.36402244176294,78.55731279756087,,,,,,,,,,
C7MKjOpe,Rajeev Gandhi Nagar,17.3596592052439,78.5578143596649,,,,,,,,,,
KEmdPCGs,Kamineni Hospital,17.3524400960622,78.5556759154176,,,,,,,,,,
3GrSvtyq,Lb Nagar,17.34654207243523,78.55145887707285,,,,,,,,,,
pXxlBybY,Chintalkunta Check Post,17.342,78.558,,,,,,,,,,
HqApOlBt,Chintalkunta Bus Stop,17.340883817595213,78.56209784865966,,,,,,,,,,
nsLzkHjZ,Panama Godowns,17.338402953403982,78.56863975524904,,,,,,,,,,
2vgzCngU,Ganesh Temple-Vanasthalipuram,17.33180229666866,78.56924861748452,,,,,,,,,,
AVqMsMvj,Vanasthalipuram,17.3313606228412,78.572897426784,,,,,,,,,,
2NKuNLpA,Raithu Bazar-Vsp,17.330605307004852,78.57562422134342,,,,,,,,,,
nkt9SkEX,Kamala Nagar-Vanasthalipuram,17.329893438449055,78.57894077954305,,,,,,,,,,
hnG4z3o9,Subhadra-Kamala Nagar,17.32891292206284,78.58334100694961,,,,,,,,,,
NiwiEx9q,Sharada Nagar-Hayathnagar,17.32945564562372,78.58563154935838,,,,,,,,,,
jhd9QeGO,Shanthi Nagar-Vanastalipuram,17.329318667712574,78.58753591536306,,,,,,,,,,
DQGu7xHQ,Bhagyalatha,17.332940228836,78.5892717767686,,,,,,,,,,
CFHNbG2J,Chilkur Balaji Temple,17.357105231424185,78.29990923404695,,,,,,,,,,
L8kbKj1j,Residential School-Chilkur Balaji,17.347786333314854,78.29998433589935,,,,,,,,,,
fT0d50lx,Himayathnagar Village,17.3425982736606,78.3089503281479,,,,,,,,,,
hsnDsySD,Care Hospital-Banjara Hills,17.41362673174932,78.45043346346029,,,,,,,,,,
DlkTzhBT,Indra Gandhi Statue-Secunderabad,17.437418,78.504398,,,,,,,,,,
hAc9AQA9,Mehdipatnam,17.393915324556698,78.442412312793,,,,,,,,,,
HdUjSU7J,Nfc North Gate,17.457074339904967,78.57894748449327,,,,,,,,,,
PRepdcnz,Ecil X Road,17.472533417846755,78.57006316234603,,,,,,,,,,
65IwqrLo,Mahaveer Hospital,17.402868470276513,78.45855106941224,,,,,,,,,,
SBmkG9NJ,Bjr College,17.40485709447515,78.4610563497947,,,,,,,,,,
Gm0WIrE8,Lakdikapool,17.406426025741833,78.46275493341807,,,,,,,,,,
Dg7VAzf3,Telephone Bhavan,17.407122137213587,78.46616058810464,,,,,,,,,,
ZNUKsMix,Secretariat Lic Building,17.408117,78.471823,,,,,,,,,,
NYWivGae,Tank Bund,17.422315,78.485023,,,,,,,,,,
iSB14TRl,Boats Club,17.42643549174319,78.48663658307973,,,,,,,,,,
v8JMo7Nn,Bible House,17.43064135723396,78.49224509513486,,,,,,,,,,
noFGCQkJ,Bata,17.436004991176674,78.49370419380125,,,,,,,,,,
xgJ1CUA5,Patny Taj Tristar,17.440529183095602,78.49504530429842,,,,,,,,,,
iBWNwmWj,Clock Tower Secunderabad,17.44151686356847,78.49839798450833,,,,,,,,,,
AbZzpwXc,Sangeeth-Isckon,17.44112284031165,78.50336015298443,,,,,,,,,,
UlSL8FAc,Clock Tower Secunderabad,17.4405957478608,78.49705697786254,,,,,,,,,,
9zSxAeIG,Patny Taj Tristar,17.439984215158784,78.49533766508104,,,,,,,,,,
HJTDI9P3,Bata,17.43611758917923,78.49385708570482,,,,,,,,,,
Ci8Yl6FR,Bible House,17.430759023903633,78.4924649817205,,,,,,,,,,
rzCMv7kP,Boats Club,17.426413746913063,78.48674121076029,,,,,,,,,,
UnvVAGqJ,Tank Bund,17.422205,78.48515,,,,,,,,,,
WPJcfJaq,Secretariat Lic Building,17.40765263199,78.47141470760099,,,,,,,,,,
nV1IXc4T,Birla Mandir,17.40606773842893,78.46732735633852,,,,,,,,,,
9MesXC3c,Mahaveer Hospital,17.402745621729753,78.4583152380295,,,,,,,,,,
zb4YFQB5,Himayathnagar X Road,17.33931347,78.31119899,,,,,,,,,,
idtsF5sQ,Himayathnagar Village,17.342901421144,78.3082163492706,,,,,,,,,,
lFhBU2uw,Residential School-Chilkur Balaji,17.347658323175516,78.29992532730104,,,,,,,,,,
UBeedL9T,Gitam University,17.549876114306652,78.16419042500294,,,,,,,,,,
eOVTjUWY,Rudhraram,17.5638035595563,78.1667164340615,,,,,,,,,,
VThbv9DF,Lakdaram,17.55670952,78.18506375,,,,,,,,,,
eHbnVL9F,Isnapur,17.54717299357578,78.2125073424965,,,,,,,,,,
3McYaDDT,Muttangi,17.5427159207682,78.2266661524772,,,,,,,,,,
F3aXWUAz,Navapan Industries,17.53226294,78.25435426,,,,,,,,,,
Xm2G887A,Patancheruvu,17.529541978009505,78.26410711375621,,,,,,,,,,
FMXqLNtM,J.P Colony,17.5286758468744,78.2672027125954,,,,,,,,,,
WV9IcDKE,Icrisat,17.5183441688588,78.27943873203023,,,,,,,,,,
HBEsChQJ,Rc Puram,17.513806475456402,78.28835430176822,,,,,,,,,,
uszXY4af,Beeramguda Kaman,17.508994,78.300791,,,,,,,,,,
88qmN6Io,Ashok Nagar - Bhel,17.504589,78.308468,,,,,,,,,,
7GAFuon5,"Jyothi Nagar, (Lalaguda)",17.50207,78.312112,,,,,,,,,,
NvZJ6Bq3,Lingampally,17.49484918687174,78.316890299404,,,,,,,,,,
WnogEKf8,Lingampally,17.48004206867046,78.31533197733737,,,,,,,,,,
4WOwv4iE,Alind,17.47667524500963,78.32473307847978,,,,,,,,,,
lohzZAZ2,Hcu Main Gate,17.468233,78.331306,,,,,,,,,,
Mzyf0mUV,Hcu Main Gate,17.46220192485904,78.33550219058736,,,,,,,,,,
X2pdhYhb,Masjid Banda,17.459430842653187,78.338016717216,,,,,,,,,,
fEiTwduh,Hcu Small Gate,17.456496,78.340242,,,,,,,,,,
XvrhNaV0,Gachibowli Stadium,17.45075,78.3468,,,,,,,,,,
n8YbCvTO,Iiit,17.444441506975238,78.35368482251634,,,,,,,,,,
CTLSoPoL,Indira Nagar- Gachibowli,17.440605937791037,78.36094290145553,,,,,,,,,,
WcY4kntl,Gachibowli,17.4383272428414,78.36456522345541,,,,,,,,,,
b8EKh3kU,Telecom Nagar,17.435595573474846,78.36775302621616,,,,,,,,,,
RIQHN9r7,Bio Diversity,17.429157224648808,78.37504324809494,,,,,,,,,,
5TZMCxdr,Khajaguda X Road,17.422308899990874,78.38296933550146,,,,,,,,,,
PUvsyqi8,Darga,17.412174448493204,78.39587332747406,,,,,,,,,,
c5vdOWvP,Narayanamma College,17.410228,78.398301,,,,,,,,,,
FWbv1Cmq,Shaikpet Nala,17.407242497448888,78.40242594480515,,,,,,,,,,
Z9AN7eoD,Brindhavan Colony,17.4035080135269,78.4092719480395,,,,,,,,,,
5UVBX5dh,Toli Chowki,17.39924429257621,78.41551781525934,,,,,,,,,,
22iIia8u,Nanal Nagar,17.3962,78.427,,,,,,,,,,
xWwI0DWq,Mile Stone,17.34395847074296,78.29534813761713,,,,,,,,,,
aoPnUaKX,Chilkur Village,17.347929702081704,78.28888803720476,,,,,,,,,,
iUuodAW7,Appojiguda X Road,17.360656203799625,78.27322388386118,,,,,,,,,,
5F8iepNn,Chandanagar-Moinabad,17.366729553963523,78.25891163367186,,,,,,,,,,
xetyljvm,Chandanagar-Moinabad,17.373857495222996,78.2613282188131,,,,,,,,,,
1wiLVWe6,Reddipalle-Moinabad,17.37310757618741,78.24620470404625,,,,,,,,,,
H9uufHGx,Chinna Mangalaram,17.390721023852645,78.22701730012827,,,,,,,,,,
amXWe4hA,Reddipalle-Moinabad,17.37311650461746,78.24623152613641,,,,,,,,,,
NIHDGDPX,Chandanagar-Moinabad,17.366712836288205,78.25906723737718,,,,,,,,,,
lkHmcJv1,Appojiguda,17.371732898869514,78.27552661609911,,,,,,,,,,
OsSnpobb,Appojiguda X Road,17.360725286665193,78.27320779441648,,,,,,,,,,
KFvPMe35,Chilkur Balaji Temple Rd,17.347955356224958,78.28887865289411,,,,,,,,,,
LbLMZ7ql,Chilkur Quarters Twd Azizs Nagar,17.343963866742993,78.2953722776283,,,,,,,,,,
9ahqTeb2,Koti Women College,17.38495030045996,78.48847925676144,,,,,,,,,,
tRKrXYoZ,Koti Women College,17.384808257142353,78.48762095763595,,,,,,,,,,
PdS5x1iC,Koti,17.38309842228746,78.48281983633859,,,,,,,,,,
QjPFvUK8,Abids Gpo,17.38756755284601,78.47617327807579,,,,,,,,,,
0JxeENcx,Kukatpally,17.483853963508036,78.41241718136001,,,,,,,,,,
DFla4Krg,Kphb,17.494062,78.400453,,,,,,,,,,
5JNKM30n,Jntu,17.496261,78.39441,,,,,,,,,,
lXQ2Ri6E,Nizampet X Rds,17.498276,78.390314,,,,,,,,,,
SX8Vkcd2,Hydernagar,17.499185,78.383519,,,,,,,,,,
QaDZj4Nl,Miyapur Metro Station,17.496265,78.370945,,,,,,,,,,
YAi2DjcQ,Miyapur X Road,17.496480967308223,78.36260927590494,,,,,,,,,,
VocKUPzH,Miyapur,17.495772,78.357949,,,,,,,,,,
rmYfcZ5Z,Allwyn X Road,17.4939180409565,78.35006654167384,,,,,,,,,,
Y9F02Tzl,Madeenaguda,17.494912,78.340601,,,,,,,,,,
rfBAovF9,Gangaram,17.4950921682438,78.33270711916356,,,,,,,,,,
n9wOSYw8,Chandanagar,17.494893,78.323144,,,,,,,,,,
fj8FVMOk,Jyothi Nagar-Bhel,17.501464,78.312041,,,,,,,,,,
dRMDe5T6,Ashok Nagar - Bhel,17.504123,78.308781,,,,,,,,,,
Nw9MwrDH,Beeramguda Kaman,17.50889,78.300277,,,,,,,,,,
1o698GP3,Rc Puram,17.513617,78.287795,,,,,,,,,,
II7bciLP,Icrisat,17.518553830327,78.2787145288346,,,,,,,,,,
enXMW3fY,Patancheruvu,17.529025313995227,78.26428414745395,,,,,,,,,,
6PCwr68X,Allwyn,17.524898484106128,78.27172928470921,,,,,,,,,,
kduNCBUS,Lingampally,17.49520733476956,78.31726010294108,,,,,,,,,,
p7cz7tF2,Chandanagar,17.495161277595447,78.32297623157503,,,,,,,,,,
Md3ixzA9,Gangaram,17.49517406827654,78.33089947700502,,,,,,,,,,
B4DT0HD4,Madeenaguda,17.49539,78.340708,,,,,,,,,,
THhHj4EN,Deepthi Sri Nagar,17.495068,78.345604,,,,,,,,,,
hAUDjfku,Allwyn X Road,17.49441141826665,78.3522099578215,,,,,,,,,,
NZVBKXVQ,Miyapur,17.496693595190155,78.36077123888194,,,,,,,,,,
O2WcwZw9,Miyapur X Road,17.496837651442597,78.36358365057903,,,,,,,,,,
5tRdKNc0,Miyapur Metro Station,17.496817,78.371098,,,,,,,,,,
D0CKSBuN,Hydernagar,17.49954,78.383844,,,,,,,,,,
BcrTembT,Nizampet X Rds,17.498657,78.390476,,,,,,,,,,
Yjlj2QcH,Jntu,17.496724316481544,78.39444637064955,,,,,,,,,,
jKdphPgN,Kphb,17.49455752423557,78.40080993079125,,,,,,,,,,
6ieMkQHe,Kukatpally,17.483715815504528,78.41292410889584,,,,,,,,,,
ag157Sbi,Moosapet,17.472707091812815,78.42565119365365,,,,,,,,,,
P7COoExj,Bharath Nagar,17.467129663064462,78.42903616679668,,,,,,,,,,
LIzlAAM2,Erragadda,17.45278567589183,78.43578995884637,,,,,,,,,,
UQN34MTt,Esi Hospital Erragadda,17.446138,78.439221,,,,,,,,,,
MTUln49h,Sr Nagar,17.440269,78.442599,,,,,,,,,,
4SATTACn,Maithrivanam,17.43784249215113,78.44349316287646,,,,,,,,,,
E7s4NexM,Ameerpet,17.431749,78.447983,,,,,,,,,,
UefVeqR5,Panjaguta Metro Station,17.429261,78.450954,,,,,,,,,,
ayYyCeX1,Nims Hospital,17.423163778891862,78.45452783183428,,,,,,,,,,
17u3Dlmo,Irram Manzil,17.42052788888913,78.45618563834383,,,,,,,,,,
kOM90j5y,Somajiguda,17.415926245138664,78.45783231827038,,,,,,,,,,
F7NYzY8g,Khairatabad,17.4128396608948,78.46056819441273,,,,,,,,,,
1EVLfRYi,Chintal Basthi,17.408954704223085,78.460584290468,,,,,,,,,,
LUl5q810,Assembly,17.402243986188587,78.46856114520858,,,,,,,,,,
FQ28CymB,Abids Grammar School,17.393331825754654,78.47624970872803,,,,,,,,,,
8VIiwiTV,Koti Bank Street,17.385427356607348,78.48190784983326,,,,,,,,,,
1XFVrKv3,Bhagyalatha,17.3326600370083,78.58879923820497,,,,,,,,,,
PAAUi1nF,High Court Colony-Dsnr,17.334888,78.5848,,,,,,,,,,
EqUJBGCm,Auto Nagar-Sushma,17.336228,78.576683,,,,,,,,,,
4hKYSm5a,Sushma-Autonagar,17.336679,78.573089,,,,,,,,,,
ctHg6lcm,Lb Nagar,17.34698733661979,78.55012713856546,,,,,,,,,,
fXQQH2MZ,Lb Nagar Metro Station,17.350114952510932,78.54750922857595,,,,,,,,,,
H34GqhjL,Ntr Nagar Lb Nagar,17.3557181903671,78.54530411806,,,,,,,,,,
j03fTpZX,Ashtalakshmi Temple-Kothapet,17.362788,78.543466,,,,,,,,,,
URqOZwMM,Kothapet X Road,17.367130204708886,78.540404143283,,,,,,,,,,
85BLnSI1,Kothapet-Fruit Market,17.368251445011527,78.53474736213686,,,,,,,,,,
nCGtoaLy,Chaithanyapuri,17.3683129496413,78.5313431392741,,,,,,,,,,
4URl0L5Y,Dilsukhnagar Bus Depot,17.36844294769713,78.52318523008526,,,,,,,,,,
CWHLIfmF,Moosarambhagh,17.369603091248457,78.51577877110545,,,,,,,,,,
sZoLwKhA,Super Bazar Malakpet,17.371934,78.50992,,,,,,,,,,
eZaYndv0,Chermas Malakpet,17.37300258761809,78.50529670715333,,,,,,,,,,
lvN5ZKax,Nalgonda X Roads,17.374180270823153,78.49971242465271,,,,,,,,,,
puLeqHhl,Chaderghat,17.377216051694724,78.49302023649217,,,,,,,,,,
5lBRTe5B,Dilsukhnagar Bus Depot,17.36880438199626,78.52383870221536,,,,,,,,,,
ygPilzwX,Ashtalakshmi Temple-Kothapet,17.362645,78.543864,,,,,,,,,,
VfWv1xKO,Laxmireddy Palem,17.3207661276856,78.626633479152,,,,,,,,,,
qdyOuVOq,Pedda Amberpet,17.3214319909812,78.6393264168249,,,,,,,,,,
5Jsa2cry,Outer Ring Road,17.3175986217581,78.661840280674,,,,,,,,,,
vMvkw0ys,Abdullapurmet,17.310007,78.686613,,,,,,,,,,
OhviA7kV,Inamguda,17.306523,78.705618,,,,,,,,,,
0DezTsQi,Jafferguda X Road,17.306913321905327,78.71553093770618,,,,,,,,,,
1DxNpC0z,Bata Singaram,17.3056575377595,78.7288367003202,,,,,,,,,,
mMoDIF8Z,Kothagudem,17.300758996933226,78.73938361667363,,,,,,,,,,
iFO6HFif,Dandumailaram X Road,17.292541667907287,78.75393211841585,,,,,,,,,,
Bx1F0lE0,Toopranpet,17.29162738005971,78.76089245209059,,,,,,,,,,
23CIGReG,Andol Maisamma,17.282048970078797,78.7830501207823,,,,,,,,,,
IdFkmzvP,Malkapur,17.280343,78.796394,,,,,,,,,,
hEKGr0me,Kaithapur,17.267575401091545,78.82716716470516,,,,,,,,,,
6Y38y3x3,Koyyalagudem,17.260918650697825,78.84395240416974,,,,,,,,,,
2pzMp4DB,Dharmojigudem,17.256564163762608,78.87777775585944,,,,,,,,,,
W3eaikE1,Choutuppal Bs,17.254412533861,78.8944798707962,,,,,,,,,,
iktEJq83,Dharmojigudem,17.256425915402573,78.87770003948182,,,,,,,,,,
dUQ79Lat,Koyyalagudem,17.260426753369195,78.84399533271791,,,,,,,,,,
nzBeb6JC,Kaithapur,17.2676300500789,78.8266226649284,,,,,,,,,,
TOFkPo9B,Malkapur,17.280127,78.7965,,,,,,,,,,
12pJETKr,Andol Maisamma,17.28241271787879,78.78220795746522,,,,,,,,,,
GIbzlNRL,Toopranpet,17.291326,78.76186,,,,,,,,,,
hvR3himq,Dandumailaram X Road,17.292286850430184,78.75417617827692,,,,,,,,,,
vtACzCrV,Kothagudem,17.30059500440029,78.73924942838704,,,,,,,,,,
EhPooyEv,Bata Singaram,17.3052670169839,78.7292400375008,,,,,,,,,,
ANNOm3sh,Jafferguda X Road,17.30654248791529,78.71559247495323,,,,,,,,,,
u5FObTEK,Inamguda,17.306185,78.705423,,,,,,,,,,
bYNoEFSN,Abdullapurmet,17.30977,78.686607,,,,,,,,,,
UxlFgM6j,Outer Ring Road,17.3172867935157,78.662109152387,,,,,,,,,,
giMY0XoZ,Pedda Amberpet,17.3205492,78.64124112,,,,,,,,,,
lwT4qIh2,Laxmireddy Palem,17.3205565388484,78.6265720024474,,,,,,,,,,
MhuyshjB,Dilsukhnagar Bus Depot,17.368620072554712,78.52366448257763,,,,,,,,,,
lHmEewAT,Chaithanyapuri,17.368481777100715,78.53261232524069,,,,,,,,,,
h9voTH7m,Kothapet-Fruit Market,17.368517676089354,78.5350263118744,,,,,,,,,,
AqZ2QeCT,Kothapet X Road,17.36683421,78.54130168,,,,,,,,,,
QHrSIczA,Ntr Nagar Lb Nagar,17.3559666460859,78.5456078099895,,,,,,,,,,
EULzHBDa,Lb Nagar Metro Station,17.349716716334726,78.54816921750754,,,,,,,,,,
8LFMgL8w,Sushma-Autonagar,17.336986,78.573452,,,,,,,,,,
XdTavtD9,Auto Nagar-Sushma,17.336495,78.576728,,,,,,,,,,
p8GTujGn,High Court Colony-Dsnr,17.335042,78.585203,,,,,,,,,,
bv5t1O6B,Chaderghat,17.377081,78.49577,,,,,,,,,,
fFjh9l4f,Super Bazar Malakpet,17.3724598986845,78.5091124847531,,,,,,,,,,
YUE38iid,Rajendra Nagar Depot,17.334744201313217,78.40934336185455,,,,,,,,,,
vqEeoNzr,Nppti,17.337025458538285,78.41178953647615,,,,,,,,,,
D5gSvozj,Dairy Farm Upperpally,17.345415,78.416081,,,,,,,,,,
ChmUll1G,Ws Colony,17.332556978150567,78.42688534408809,,,,,,,,,,
ClOYL7ib,Shivarampally,17.3266662961617,78.4257102254793,,,,,,,,,,
BMX7A8jV,Aramghar,17.32124787328117,78.43160306804967,,,,,,,,,,
D6y4m7A5,Ag College,17.3137973031086,78.4247664851953,,,,,,,,,,
pWgyJcJa,Gagan Pahad,17.2928908969124,78.417686383595,,,,,,,,,,
WZDC0taq,Sathamrai,17.2745185707741,78.4011790016069,,,,,,,,,,
g7ENJRdr,Shamshabad,17.26446106645507,78.39133769548276,,,,,,,,,,
ZdNjgXdW,Shamshabad,17.262045651399877,78.3882424235344,,,,,,,,,,
U6BONCXR,Shamshabad,17.262309,78.387974,,,,,,,,,,
feffDLXG,Rallaguda,17.26500019781532,78.37410583941787,,,,,,,,,,
IIBnyjHU,Doddi,17.263974358043168,78.36868103621258,,,,,,,,,,
S3eNNtFz,Oasis School Of Excellence,17.262142984415686,78.35270851850511,,,,,,,,,,
g9pPRtYl,Narkhoda,17.258,78.335,,,,,,,,,,
3EYcsiTP,Sultanpally X Roads,17.256246560062205,78.3194410800934,,,,,,,,,,
l9hdl9i4,Vardhaman Clg,17.254,78.308,,,,,,,,,,
juFEYmlr,Kacharam,17.252,78.295,,,,,,,,,,
E44j7zL3,Rayannaguda,17.252,78.29,,,,,,,,,,
pixGJcLd,Malkaram,17.251,78.276,,,,,,,,,,
Kn36fka6,Kavelliguda,17.247434868951355,78.25693487685402,,,,,,,,,,
49GCBJ9p,Venkatapur-Moinabad,17.24702496306633,78.25378611630671,,,,,,,,,,
tfVsWFTI,Ramanujapur-Shamshabad,17.23346320889115,78.24696242809297,,,,,,,,,,
UXwEtF8z,Maddur,17.217,78.226,,,,,,,,,,
FDhEB62C,Hayathabad,17.225,78.199,,,,,,,,,,
osgFW4WG,Chandanvelly,17.229,78.17,,,,,,,,,,
RTmvIZk6,Rudraram-Shabad,17.23536434241448,78.15793991088867,,,,,,,,,,
kMPUBsmI,Nagarguda,17.23400776295544,78.13628509640695,,,,,,,,,,
xiDcOv0f,Allwada,17.254713510081846,78.13643328845502,,,,,,,,,,
mNC8BEe7,Kamena,17.299,78.146,,,,,,,,,,
36OjrsAe,Malreddyguda,17.304055423109517,78.14609797895613,,,,,,,,,,
SA2zPWiO,Moosarambhagh,17.3711242901418,78.5147541524288,,,,,,,,,,
VG2Fqlqg,Sripuram Colony,17.37663702988011,78.51466830665304,,,,,,,,,,
sefI86gV,Ali Cafe Amberpet,17.38206550882997,78.51821154632164,,,,,,,,,,
DkuF8ajC,Amberpet,17.390306353560877,78.51645469665527,,,,,,,,,,
Wi1A6UP7,Gol Naka,17.39053663445227,78.50637482478841,,,,,,,,,,
E0L28SCX,Kachiguda Kamela,17.387983492985366,78.50304231082751,,,,,,,,,,
PwlGD5EA,Chaderghat,17.381472,78.492653,,,,,,,,,,
IR5YiCGc,Nimboliadda,17.38422366,78.49360194,,,,,,,,,,
AZ9WhQ64,Kachiguda Railway Station,17.389500078206755,78.49726416212899,,,,,,,,,,
JrvyFDPx,Tourist Hotel,17.39102496200486,78.49644776539458,,,,,,,,,,
sp6IsDqi,Barkatpura,17.395687848711685,78.49734529782856,,,,,,,,,,
2vJVGGV6,Fever Hospital,17.395489492629167,78.502201437639,,,,,,,,,,
nzupSGfm,Tilak Nagar,17.394192756117523,78.50854083924561,,,,,,,,,,
OsSkD3vJ,6 Number,17.391741005604583,78.51079389311933,,,,,,,,,,
eM0iCuBF,Syndicate Bank Shivam,17.398732385244582,78.51256012916566,,,,,,,,,,
YrwNfhtT,Prashanth Nagar-Shivam Road,17.40073131552409,78.51343990585153,,,,,,,,,,
hLdxxGbD,Shivam Ncc Gate,17.405233270921826,78.51533088153433,,,,,,,,,,
wDqsOHCO,Vidyanagar,17.405003715066933,78.51072453680693,,,,,,,,,,
EDD7CZaN,Ram Nagar Gundu,17.407518956708184,78.51237241796304,,,,,,,,,,
oMKMbf1F,Ramnagar Mee Seva,17.409177045720323,78.50878961007007,,,,,,,,,,
9WnLcplj,Ram Nagar,17.41086043677699,78.50725738529584,,,,,,,,,,
iCEipTv0,Ramnagar,17.40953311564429,78.50663781166078,,,,,,,,,,
X8BcAHUa,Vst Bus Stop,17.404081003430118,78.5037886351347,,,,,,,,,,
GqTmKBDr,Tsrtc Bus Bhavan,17.40566591421969,78.49942937493324,,,,,,,,,,
kw1N8NkB,Rtc X Road,17.40802785157458,78.49718570251376,,,,,,,,,,
x3XgqbYV,Golconda X Road,17.411665,78.497731,,,,,,,,,,
a6xZndzb,Raja Delux,17.41565751150192,78.49825322223508,,,,,,,,,,
LDOgAU0x,Musheerabad Police Station,17.420578888133832,78.50048750592288,,,,,,,,,,
ZiAbK1p0,Gandhi Hospital,17.424084771449582,78.50175888237324,,,,,,,,,,
jQvgQPeA,Bhoiguda Bus Stop,17.42794790768033,78.50203178822996,,,,,,,,,,
DCaIPbe6,Chilkalguda,17.432993118112314,78.50597798993512,,,,,,,,,,
eNdxvjwG,Secunderabad,17.434570522437138,78.50487893984365,,,,,,,,,,
JmW0moXL,Chilkalguda,17.43249405749664,78.50602626800539,,,,,,,,,,
DDgeQvKN,Bhoiguda Bus Stop,17.428071378633753,78.50220076868148,,,,,,,,,,
H3BCTb4F,Gandhi Hospital,17.4241671470292,78.5019711032509,,,,,,,,,,
rUaGsUWW,Musheerabad,17.418755465590685,78.49985450654015,,,,,,,,,,
UQzoJQx1,Raja Delux,17.41502029498781,78.49816202868439,,,,,,,,,,
lwL1zY20,Golconda X Road,17.410802,78.498045,,,,,,,,,,
RsudzIFL,Rtc X Road,17.408527292837285,78.49762290716171,,,,,,,,,,
YnGSuglF,Tsrtc Bus Bhavan,17.4061266043217,78.4986984729767,,,,,,,,,,
GdpLeJ1G,Vst Bus Stop,17.40416555532054,78.5044091468442,,,,,,,,,,
XmTP4oQr,Ramnagar,17.40954717987669,78.50658282443116,,,,,,,,,,
qwiWay9U,Ram Nagar,17.41097145823182,78.50723862648012,,,,,,,,,,
AOavnxz9,Ramnagar Mee Seva,17.409564441496986,78.50844294198399,,,,,,,,,,
tazuGjMO,Ram Nagar Gundu,17.407585448650153,78.51237773895265,,,,,,,,,,
R7xKlH6Y,Vidyanagar,17.4049255253298,78.5122652588441,,,,,,,,,,
lVoiWMnm,Shivam Ncc Gate,17.40374251525729,78.51485073017744,,,,,,,,,,
x3beGYEW,Prashanth Nagar-Shivam Road,17.401005200051014,78.51366512766099,,,,,,,,,,
g5XKqJft,Syndicate Bank Shivam,17.3971598530292,78.5121288989435,,,,,,,,,,
JYcbaciy,6 Number,17.391366667968345,78.51098768413068,,,,,,,,,,
h3dUxOt7,Gol Naka,17.39058026336288,78.50635080539323,,,,,,,,,,
aL1OO4GH,Ali Cafe Amberpet,17.382256143474176,78.51830407790406,,,,,,,,,,
t67QNigB,Sripuram Colony,17.376192232301335,78.51477561853055,,,,,,,,,,
waBGSFEW,Moosarambhagh,17.370721533171178,78.51500093552596,,,,,,,,,,
z4qkq5ED,Kothapet X Road,17.368356464152875,78.53832005925486,,,,,,,,,,
8ayey0mt,Kothapet X Road,17.368062004757,78.53807865982121,,,,,,,,,,
qWSDfInu,Amberpet,17.392241,78.516642,,,,,,,,,,
PkUgUQw2,Mile Stone,17.371068,78.525539,,,,,,,,,,
syDcjL17,New Bridge,17.439378,78.525373,,,,,,,,,,
PFR4SNzv,Huda X Rd Saroornagar,17.36689463989816,78.5398650247164,,,,,,,,,,
XGeIy2l5,Huda Colony,17.362384279348984,78.53953377402689,,,,,,,,,,
bS1MSLsx,Victoria Memorial School,17.361879077956782,78.53945198962039,,,,,,,,,,
JWDrcXYl,Muncipal Ofc Saroornagar,17.359,78.537,,,,,,,,,,
jkbwqw4w,Saroornagar Mndl Office,17.35727265642704,78.53620245144974,,,,,,,,,,
iR0NmrzZ,Saroor Nagar,17.352559734904823,78.53546233932055,,,,,,,,,,
PWediCrV,Saroornagar Mndl Office,17.35730491691448,78.53618905690956,,,,,,,,,,
CkkOWKgr,Muncipal Ofc Saroornagar,17.359,78.537,,,,,,,,,,
Y91ljc8k,Victoria Memorial School,17.36193598753628,78.53933928350627,,,,,,,,,,
NDZkQKd8,Huda Colony,17.362389143421243,78.53943318211114,,,,,,,,,,
VhTXsCWH,Huda X Rd Saroornagar,17.36743507259916,78.53973628615168,,,,,,,,,,
WQ4ePWfA,Telangana High Court,17.370175,78.474051,,,,,,,,,,
5Kopb4TD,Afzalgunj,17.373,78.477,,,,,,,,,,
P7gQUU8q,Cbs,17.3778530498046,78.48192815987304,,,,,,,,,,
FAh6nlSi,Punjagutta,17.42710471309943,78.45211654901506,,,,,,,,,,
Q2roBGmK,Habib Nagar,17.47748242,78.42059523,,,,,,,,,,
YkeBNOUj,Govt Degree College Kukatpally,17.48175519,78.41551512,,,,,,,,,,
yUx0geRd,Ramdev Rao Hospital,17.489894025922165,78.40799689214867,,,,,,,,,,
8Fs7ywsy,Vasanth Nagar Bus Stop,17.498712,78.386862,,,,,,,,,,
Cp59Yb6X,Deepthi Sri Nagar,17.494731,78.345525,,,,,,,,,,
Fyjq1kdg,Allwyn,17.524761626125688,78.27171920538208,,,,,,,,,,
SQRaHPms,Patancheruvu,17.529541978009505,78.26410711375621,,,,,,,,,,
5N6sI7Xj,Vivekananda Nagar Clny,17.486536,78.410808,,,,,,,,,,
JMkWVQta,Punjagutta,17.42642205664003,78.45273748126836,,,,,,,,,,
8ZLe57qP,Nampally Public Garden,17.3962160722698,78.4712742269039,,,,,,,,,,
UzylZZpu,Gandhibavan,17.387777485332467,78.47198362566654,,,,,,,,,,
vgeabyCD,Osmangunj,17.3805594457203,78.4752623230739,,,,,,,,,,
7uS0TD0D,Afzalgunj,17.3738,78.478,,,,,,,,,,
OkZJgFnt,Cbs,17.378225485539648,78.48167891152019,,,,,,,,,,
Q2gnLU7r,Cbcid Colony-Hydernagar,17.4989268162069,78.38025212287903,,,,,,,,,,
NwqcEy3z,Vasanth Nagar Bus Stop,17.49923794,78.3858737,,,,,,,,,,
8F84QUv0,Remedy Hospital-Kuktplly,17.494976,78.398581,,,,,,,,,,
XmHNScZT,Habib Nagar,17.47799857,78.42047118,,,,,,,,,,
27zhjgdJ,Nizam College,17.3974506871114,78.4754535458593,,,,,,,,,,
JdUrmkif,Nalgonda X Roads,17.375289,78.498622,,,,,,,,,,
JCZL3DCn,Old Malakpet,17.37334812132625,78.50423722183466,,,,,,,,,,
UQ45gtbS,Moosarambhagh,17.369514840774187,78.51676137047211,,,,,,,,,,
V75SK5uQ,Ngos Colony Bus Stop,17.32491204756872,78.56649398845335,,,,,,,,,,
HMwRapuL,Govt Hospital-Bn Reddy Nagar,17.32936219303593,78.56585159897807,,,,,,,,,,
hMMnmHh4,Red Tank,17.329159976371727,78.56900453439397,,,,,,,,,,
vrnYxHIG,Banjara Hills Kaman,17.40828835679363,78.43872958694126,,,,,,,,,,
AGb9Nb0A,Vengal Rao Building Road No-12,17.412,78.432,,,,,,,,,,
f5ucfi9s,Mla Colony,17.414103,78.424086,,,,,,,,,,
EDUC3plA,Apollo Hospital-Jublie Hills,17.41858264313416,78.41278198974994,,,,,,,,,,
sHz79x1Y,Journalist Colony,17.42135706183527,78.41065225606238,,,,,,,,,,
py4aHdMg,Road No 45,17.424704244375192,78.40919136999675,,,,,,,,,,
zHKneATL,Peddamma Temple,17.427571181131746,78.40541203530215,,,,,,,,,,
TJW89ejx,Ambedkar Open University,17.43422487736757,78.3963711479346,,,,,,,,,,
VpkEjYQG,Cable Bridge,17.435749097719064,78.39440345764162,,,,,,,,,,
YfdCrVG1,Madhapur Police Station,17.439457006975644,78.39601546650421,,,,,,,,,,
dfVfHiYS,Madhapur Petrol Pump,17.441157642770374,78.38953256607057,,,,,,,,,,
wvP3Epey,Image Hospital,17.44635826786167,78.38500500963214,,,,,,,,,,
UqKAXjCm,Hitech City (Cyber Towers),17.4508,78.3817,,,,,,,,,,
LRe7WRO9,Shilparamam,17.45383621561363,78.37897940910047,,,,,,,,,,
MfWzlWid,Hitex,17.455461305725972,78.377545773983,,,,,,,,,,
GTXNIgnf,Jayabheri,17.458138706147768,78.37000608444217,,,,,,,,,,
GGNgPrOC,Kothaguda X Roads,17.459356644845546,78.36604171514897,,,,,,,,,,
5yqYXf1E,Kondapur,17.465164655953025,78.36369752883913,,,,,,,,,,
Iki5lvGg,Kondapur,17.463916132468114,78.36725413799287,,,,,,,,,,
ICTzJR7V,Kothaguda-Kondapur,17.45862998131373,78.368176817894,,,,,,,,,,
yIv2OeeO,Jayabheri,17.458260258877786,78.37007883920154,,,,,,,,,,
aXaG6whU,Hitex,17.455114983912377,78.37811172521941,,,,,,,,,,
DeXR37jX,Hitech City (Cyber Towers),17.449950838909988,78.38257357983787,,,,,,,,,,
NoZXEJpV,Image Hospital,17.44395045305339,78.38722054563779,,,,,,,,,,
ZWRRdBlS,Madhapur Petrol Pump,17.44141997386607,78.38989223005285,,,,,,,,,,
WAUCrxs7,Madhapur Police Station,17.438993871743982,78.39703739700711,,,,,,,,,,
blCozfco,Cable Bridge,17.43563650295777,78.39453756809237,,,,,,,,,,
VWi0fX4e,Ambedkar Open University,17.434449081110078,78.39658145648214,,,,,,,,,,
widmsCfp,Peddamma Temple,17.427806596983867,78.40561589897946,,,,,,,,,,
psb3CiV9,Road No 45,17.424878264855906,78.40943455696107,,,,,,,,,,
zZiA1d01,Journalist Colony,17.420993470731677,78.41128798306407,,,,,,,,,,
smY2COrl,Apollo Hospital-Jublie Hills,17.418275683166808,78.41346856577707,,,,,,,,,,
zzgotOlz,Mla Colony,17.414393,78.424366,,,,,,,,,,
zKZkeMs6,Vengal Rao Building Road No-12,17.4120950483391,78.43205898657887,,,,,,,,,,
Cbj5tbV5,Banjara Hills Kaman,17.409517056636123,78.4380161733233,,,,,,,,,,
RpKg4BxO,Clock Tower-Secbad,17.4432944002706,78.498583257586,,,,,,,,,,
pBAvhULW,Engine Bowli,17.335,78.469,,,,,,,,,,
k2YQHYFX,Falaknuma Railway Bridge,17.32804743173408,78.47433596660836,,,,,,,,,,
EZfYLnK0,Chandrayangutta,17.326966847396267,78.47596272861315,,,,,,,,,,
G1fOvABq,Aliabad,17.347586514260335,78.47061306657456,,,,,,,,,,
YbD0Y8F3,Syed Ali Chabutra,17.347878499755325,78.47091884432233,,,,,,,,,,
ooQLRJfM,Laldarwaza,17.351185,78.472519,,,,,,,,,,
IBt2GB6e,Lb Stadium,17.39869208,78.47431552,,,,,,,,,,
hWGPbcMs,Basheer Bagh,17.401842141557793,78.4757736325264,,,,,,,,,,
owb0V3v4,Liberty,17.40733719,78.47665574,,,,,,,,,,
ujD3cAVQ,Boats Club,17.428673421485023,78.48874748041929,,,,,,,,,,
stmCFGt3,Liberty,17.406020389762293,78.47709730267526,,,,,,,,,,
sb6fKoWH,Basheer Bagh,17.401598926473362,78.47589165052241,,,,,,,,,,
74a7Y5zO,Abids Gpo,17.387308905246528,78.47624838951177,,,,,,,,,,
Ij8M0H6H,Afzalgunj,17.37330715166882,78.47693240773341,,,,,,,,,,
8ACyyVNb,Darul Shifa,17.37326863565872,78.4829860900961,,,,,,,,,,
gERyNnm3,Purani Haveli,17.367562,78.481414,,,,,,,,,,
mM9oPo3P,Mir Chowk Police Statiom,17.3639334556944,78.4804517403245,,,,,,,,,,
RFmZiqQA,Bibi Bazar,17.358600249990594,78.47933025665446,,,,,,,,,,
gSARuvgj,Shahalibanda,17.354688620738173,78.47328719175977,,,,,,,,,,
kCfLiJWN,Laldarwaza,17.351204,78.472682,,,,,,,,,,
75cs74mw,Aliabad,17.347453685490912,78.47057284541876,,,,,,,,,,
5bo1bbrm,Rethibowli,17.394408,78.43122,,,,,,,,,,
LeH2BEeI,Gudi Malkapur X Roads,17.38727328328893,78.42977377847339,,,,,,,,,,
N5qUm2ju,Jyothi Nagar,17.382697788154786,78.42958463140629,,,,,,,,,,
UnXhYFnH,Attapur,17.370238,78.42947,,,,,,,,,,
DsuY79Ab,Hyderguda X Road,17.363851535878503,78.4283008815172,,,,,,,,,,
fZp54Q46,Upperpally,17.3556778255234,78.4223488723185,,,,,,,,,,
6xxROlUL,Aramghar X Roads,17.321538419417156,78.43245572451137,,,,,,,,,,
EhWvEilH,Durga Nagar,17.314632558937895,78.44482093957947,,,,,,,,,,
IErfLDms,Mailardevpally,17.316298905629687,78.44968915420817,,,,,,,,,,
qCwK5b48,Palle Cheruvu,17.315775952591306,78.45598697922499,,,,,,,,,,
SA0QTWBz,Bandlaguda,17.316728512170705,78.4662330310163,,,,,,,,,,
5VXNBKMa,Hashamaba,17.3222416985113,78.4684330382144,,,,,,,,,,
cu6mRmR3,Chandrayangutta,17.326837842961645,78.47647119928365,,,,,,,,,,
TzhOElvd,Dlrl,17.3290290715121,78.4825707895458,,,,,,,,,,
jMbdev6Y,Phool Bagh,17.330196823765903,78.48577022760603,,,,,,,,,,
VeCqKQnI,Hafiz Baba Nagar Hyd Bus Stop,17.331978648031413,78.49034608211676,,,,,,,,,,
cJeCRNPE,Drdl Gate Bus Stop,17.336944,78.496292,,,,,,,,,,
f251qAmF,Pisal Banda,17.3408743479249,78.5025040642768,,,,,,,,,,
t6jFs2vZ,Owaisi Hospital,17.34353632034257,78.50671813138709,,,,,,,,,,
xgj1wjWO,Champapet,17.342417511196526,78.51589344427451,,,,,,,,,,
N2jyRLqT,Manda Mallama X Road,17.3397375894995,78.52422050758308,,,,,,,,,,
sdwKwL7H,Gayatri Nagar X Road,17.337745,78.531394,,,,,,,,,,
rCbqbiB4,Tkr Kaman,17.3377092436284,78.53618484715689,,,,,,,,,,
ixaQ8kQB,Sagar X Road,17.342962859053923,78.54714722076598,,,,,,,,,,
hRpx46aJ,Uppal X Road,17.401261161081226,78.56007411298083,,,,,,,,,,
4veeZf8l,Lb Nagar,17.345932737778206,78.55058848857881,,,,,,,,,,
bL2YDx7l,Sagar X Road,17.34152301052674,78.54617826279625,,,,,,,,,,
Ec33x1z9,Tkr Kaman,17.33746810967469,78.53614009844824,,,,,,,,,,
JSxAzCo9,Gayatri Nagar X Road,17.337499,78.531372,,,,,,,,,,
wITcyOuZ,Manda Mallama X Road,17.3396787022642,78.5235848240254,,,,,,,,,,
vBctYwrb,Champapet,17.3422335753195,78.5155184187164,,,,,,,,,,
DmBjyR5X,Owaisi Hospital,17.34336101721788,78.5068846194131,,,,,,,,,,
wxwf67W2,Midhani Bus Stop,17.33995386996398,78.50379250947658,,,,,,,,,,
IW2PYgMJ,Drdl Gate Bus Stop,17.33687699268252,78.49671766213868,,,,,,,,,,
0JAlzxpT,Hafiz Baba Nagar Hyd Bus Stop,17.331896841146534,78.49041581767807,,,,,,,,,,
z5xmnEt6,Phool Bagh,17.330124560047942,78.48596337683179,,,,,,,,,,
XCkw4Nyw,Dlrl,17.32871884322,78.48272631526652,,,,,,,,,,
XFtDDMjz,Chandrayangutta,17.326594727260122,78.47650155065935,,,,,,,,,,
QQCGeB8G,Hashamaba,17.3221181066863,78.46867650112489,,,,,,,,,,
CCbehcS7,Bandlaguda,17.316688758155205,78.46638858214433,,,,,,,,,,
It0A5Z2C,Palle Cheruvu,17.315601828423915,78.45598697667556,,,,,,,,,,
kD4VEJOZ,Mailardevpally,17.316097270810392,78.44940753362413,,,,,,,,,,
Pxmg1yJe,Durga Nagar,17.314699,78.443284,,,,,,,,,,
fsmqVQlp,Aramghar X Roads,17.32192393667301,78.43133613755046,,,,,,,,,,
75l9xhCY,Shivarampally X Road,17.32705585568292,78.42534106232553,,,,,,,,,,
GURjyKYg,Ws Colony,17.332648837164182,78.42663623318683,,,,,,,,,,
3awNd1Nt,Dairy Farm,17.345952260049163,78.4157317129813,,,,,,,,,,
VRr55gta,Upperpally,17.356011771962,78.422264961366,,,,,,,,,,
N3JEm38W,Hyderguda X Road,17.36384063570592,78.4280893110761,,,,,,,,,,
8M15jHYl,Attapur,17.37022384972442,78.42919841408731,,,,,,,,,,
pDqOfr7l,Jyothi Nagar,17.3826904206909,78.4293640526899,,,,,,,,,,
mJ8ZuY6u,Gudi Malkapur X Roads,17.38815635753059,78.42959406341002,,,,,,,,,,
I78eTakJ,Rethibowli,17.395705935116727,78.43107462758023,,,,,,,,,,
yH2yDVEE,Uppal X Road,17.402008609741326,78.55898384353196,,,,,,,,,,
cmpj8N4O,Shivarampally X Road,17.328,78.435,,,,,,,,,,
9DCzryFF,Budvel,17.333259172659325,78.40973496437074,,,,,,,,,,
eRLCw0uQ,Rajendranagar,17.321895746130043,78.40210138817937,,,,,,,,,,
Swrd4aGR,Walanthari,17.322689518320953,78.38193118475793,,,,,,,,,,
TTRoWOhD,Himayath Sagar,17.325,78.374,,,,,,,,,,
YzXpLExW,Himayath Sagar,17.339066095816307,78.36212041475459,,,,,,,,,,
lDJjvb06,"Police Academy, Tspa Junction",17.3506870191219,78.3581242337822,,,,,,,,,,
TjsPFvGm,Ashramam-Machirevula,17.37296158941269,78.34965616069812,,,,,,,,,,
1MNtzQta,Narsing X Road Twd Gachibowli,17.4007083036194,78.35214257551466,,,,,,,,,,
dkc5ID9D,Nanakramguda,17.4194963486706,78.35486364598817,,,,,,,,,,
uQzCHgss,Gachibowli,17.438216557066472,78.36350976588349,,,,,,,,,,
g0u0kkLC,Engine Bowli,17.336612025624447,78.46490800422355,,,,,,,,,,
Zys2ENKp,Vattepally,17.32829192056676,78.45689356327058,,,,,,,,,,
QoNYX8Sl,Nice Hotel,17.329459921624395,78.45893662028932,,,,,,,,,,
aRmSZ2LE,Engine Bowli,17.33663375560675,78.46480072322562,,,,,,,,,,
pF5CouKp,Falaknuma Govt Junior College,17.336699215485776,78.4745622894956,,,,,,,,,,
lNAmUGoE,Rajanna Bavi,17.339611460750714,78.47308874095178,,,,,,,,,,
vQVCpqNd,Pool Bagh,17.342230718451862,78.47412407906742,,,,,,,,,,
4VYDN7mJ,Laldarwaza,17.346654720587196,78.47533106803895,,,,,,,,,,
A9GtbRA9,Laldarwaza,17.346964506665916,78.4751245379448,,,,,,,,,,
kB9s4Jmz,Badangpet,17.307128385203526,78.52540925145149,,,,,,,,,,
hZBKVjsb,Anjaneya Tower,17.29806175989218,78.53203833103181,,,,,,,,,,
0z8BG6dd,Rajivgruhakalpa Bus Stop,17.2976391,78.5388755,,,,,,,,,,
M7DW5Tpp,Ysr Colony-Badangpet,17.308147832611184,78.53403698001169,,,,,,,,,,
TslzbBQw,Almasguda,17.309065596571767,78.53316083550455,,,,,,,,,,
ppL4QGQP,Almasguda,17.310589231622146,78.53144824504854,,,,,,,,,,
D9obVsYG,Prashanti Hills,17.316646516315,78.5328295826912,,,,,,,,,,
92KqGdsB,Meerpet Swimming Pool,17.319,78.53,,,,,,,,,,
vwCf7rKq,Meerpet X Road,17.322919967852734,78.52780580520631,,,,,,,,,,
B9APHEc9,Lalitha Nagar X Road,17.328,78.526,,,,,,,,,,
V9ncTDpC,Jillelguda,17.330971436906893,78.52613613009454,,,,,,,,,,
YZekmFx4,Vijaya Durga Colony,17.33498103666882,78.526129424572,,,,,,,,,,
GHs498kd,Champapet Gandhi Statue,17.34398181415885,78.51527461051433,,,,,,,,,,
TLBNahRH,Champapet,17.348647,78.515104,,,,,,,,,,
IpF2dQbE,Is Sadan,17.35287275653181,78.50644268209874,,,,,,,,,,
OzFQNaP8,Saidabad,17.359475849958468,78.50470663437397,,,,,,,,,,
eY4zmGfJ,Government Press,17.367428367617336,78.50163817433152,,,,,,,,,,
MjoFz8zE,Malakpet Government Hospital Twd Koti,17.37210919790516,78.4995460510254,,,,,,,,,,
xtzkxEUT,Malakpet Sohail Hotel Twd Is Sadan,17.372505976109327,78.49951386451723,,,,,,,,,,
7oIAeAfF,Government Press,17.367,78.502,,,,,,,,,,
WRsBNOCI,Saidabad,17.359332482456132,78.5048299879303,,,,,,,,,,
vGnPbg9e,Madannapet,17.357750372602677,78.5053503397802,,,,,,,,,,
4A3CZW2t,Is Sadan,17.351816030981983,78.50786353084057,,,,,,,,,,
DSO5i9r7,Champapet,17.348344456478454,78.51519405841829,,,,,,,,,,
X8rP02Ro,Champapet Gandhi Statue,17.34404840046499,78.51538449525835,,,,,,,,,,
a3Ae6WDL,Manda Mallama X Rds,17.33951157417344,78.52383479475976,,,,,,,,,,
VVuX0LgA,Vijaya Durga Colony,17.33503608484284,78.52611064910889,,,,,,,,,,
wLNmT0QU,Jillelguda,17.330980398434406,78.52611869573595,,,,,,,,,,
iJmimelJ,Lalitha Nagar X Road,17.328,78.526,,,,,,,,,,
TNvCkTcg,Meerpet X Road,17.322937891693087,78.52786749601364,,,,,,,,,,
t1fX3E3u,Meerpet Swimming Pool,17.319755102340114,78.52959215641022,,,,,,,,,,
Zb9gKbSu,Prashanti Hills,17.316485196165022,78.53283226490022,,,,,,,,,,
luW1T9nr,Almasguda,17.309955427918624,78.53149387200695,,,,,,,,,,
fft1QFpt,Almasguda,17.30905279286237,78.53320375084878,,,,,,,,,,
sdB2PJWH,Ysr Colony-Badangpet,17.308214408487217,78.53403429329065,,,,,,,,,,
MkmJffCr,Sagar X Road,17.340736,78.548133,,,,,,,,,,
MNGipNAN,Hastinapur,17.32890508244439,78.5546265599295,,,,,,,,,,
v7PTHC52,Bn Reddy Nagar,17.319952245526586,78.56061461635161,,,,,,,,,,
GN2hoK0u,Gurram Guda X Road,17.30458041748832,78.57089281673369,,,,,,,,,,
LGG5JFs6,Injapur X Roads,17.2987555934125,78.5829569477913,,,,,,,,,,
Z6QHCsDT,Turkayamjal,17.272836612960912,78.5890915989876,,,,,,,,,,
jKR8nPF7,Ragannaguda,17.26204309000403,78.58610630035402,,,,,,,,,,
KVmOms9E,Manneguda X Road,17.2552163618687,78.5857859549052,,,,,,,,,,
cdasbxjl,Bongloor X Road,17.231374,78.58928,,,,,,,,,,
tb7RUzaa,Koheda X Road,17.219736826463507,78.60009683461507,,,,,,,,,,
A1q2izKE,Mangalpally X Road,17.2150013751192,78.6053006915175,,,,,,,,,,
DHA8B4mY,Sheriguda -Ibp,17.208482,78.61978,,,,,,,,,,
Nm7fwnQL,Uppariguda X Road,17.2052610691642,78.6199453264384,,,,,,,,,,
XwupUlwk,Ibrahimpatnam,17.1914372027429,78.6476646736264,,,,,,,,,,
xOawOv0d,Khanapur X Road,17.175229699047627,78.65458846490243,,,,,,,,,,
LGaCmjm6,Gnit,17.16263163687153,78.66054027977022,,,,,,,,,,
Vy4phlJE,Gnit,17.161952466495475,78.66083265315504,,,,,,,,,,
t8yMVHEy,Uppariguda X Road,17.2052412122423,78.6196844816119,,,,,,,,,,
V5RBnbfT,Sheriguda -Ibp,17.208683,78.619542,,,,,,,,,,
y1F1cZC3,Mangalpally X Road,17.214889547059556,78.605139269899,,,,,,,,,,
b9waiyQ0,Koheda X Road,17.21984068995129,78.5994325357924,,,,,,,,,,
X8CaE3i1,Bongloor X Road,17.231567,78.588984,,,,,,,,,,
1s7LOTOC,Manneguda X Road,17.2552528631065,78.5856411156192,,,,,,,,,,
lNLj4zN4,Ragannaguda,17.262394000903527,78.58596682548524,,,,,,,,,,
ZGt2Dmoa,Brahmanapally X Roads,17.266848306704667,78.58890787723841,,,,,,,,,,
pxpLADcq,Turkayamjal,17.273584378472464,78.58874559402467,,,,,,,,,,
gt0N9y5A,Injapur X Roads,17.298892336755,78.5824224037872,,,,,,,,,,
A4Xl5Xo2,Gurram Guda X Road,17.30452405811987,78.57042068427783,,,,,,,,,,
0GqsyDdN,Sagar Complex,17.312109012995656,78.5637152194977,,,,,,,,,,
MMOWOPw6,Bn Reddy Nagar,17.320458,78.56039,,,,,,,,,,
GG8fV7fI,Hastinapur,17.32947233767887,78.55371058765128,,,,,,,,,,
BCXkbzEn,Chadarghat Rose Bakery,17.377272367082867,78.49122583866122,,,,,,,,,,
XFG29jWC,Mgbs Exit,17.37693170687969,78.48638709623634,,,,,,,,,,
ljBZ4Tf2,Darushifa,17.373673828320236,78.48325973929376,,,,,,,,,,
mWeMEay9,Mgbs Exit,17.37695218135198,78.48626639054203,,,,,,,,,,
bf8FVrxy,Brahmanapally X Roads,17.266758613752884,78.5890191819891,,,,,,,,,,
vGbfDTyv,Pc Tanda,17.53711754085447,78.24303030919492,,,,,,,,,,
8NDo3n3K,Icrisat,17.5183441688588,78.27943873203023,,,,,,,,,,
KdJtfeXu,Lingampally,17.49408424089343,78.31582009938737,,,,,,,,,,
mswkY15F,Lal Dhaba,17.342238935194214,78.42247009277344,,,,,,,,,,
qdFHvg0o,Lal Dhaba,17.3417831795729,78.42285733374389,,,,,,,,,,
PdmKiXUy,Toli Chowki,17.398742553082403,78.41560900211336,,,,,,,,,,
io15C5gx,Brindhavan Colony,17.4028012915132,78.4101634472608,,,,,,,,,,
i4AV9TdE,Shaikpet Nala,17.407302,78.401751,,,,,,,,,,
R1CATqti,Darga,17.413264,78.394529,,,,,,,,,,
NEVC6NLz,Khajaguda X Rd,17.42308310993408,78.38123650432271,,,,,,,,,,
yf59S2JP,Bio Diversity,17.429031,78.374323,,,,,,,,,,
c2zOpk6c,Telecom Nagar Hyd,17.435076,78.367627,,,,,,,,,,
n7vlkWjQ,Gachibowli,17.43903478696671,78.36295187473299,,,,,,,,,,
nghxlyD8,Iiit,17.4455058735302,78.3520651236176,,,,,,,,,,
bdSrRqNp,Gachibowli Stadium,17.450753,78.346141,,,,,,,,,,
zRXwmnh5,Hcu Small Gate,17.45687,78.339608,,,,,,,,,,
AjpbhKZY,Masjid Banda,17.46019083942107,78.33719198785839,,,,,,,,,,
RF3jCHQo,Hcu Main Gate,17.461536456523714,78.33590981373595,,,,,,,,,,
MJtIyjPz,Hcu Main Gate,17.468116,78.331202,,,,,,,,,,
GwprEEDE,Alind,17.476682920198478,78.32460165023805,,,,,,,,,,
pNXDxvVH,Lingampally Railway Station,17.479735485076358,78.31521395970803,,,,,,,,,,
7MdXjeIa,Pc Tanda,17.53705168527806,78.24282765731111,,,,,,,,,,
0l2E0UAI,Muthangi,17.5424509031418,78.2266309484839,,,,,,,,,,
UpGoAMox,Isnapur,17.547367892039865,78.21183085441591,,,,,,,,,,
QOgAri1N,Lakdaram-Patancheru,17.55509268,78.18896804,,,,,,,,,,
gpemP4F7,Rudraram,17.56365648862838,78.16660877009328,,,,,,,,,,
qIAhjJzi,Shivarampally X Road,17.327,78.435,,,,,,,,,,
16GQJz2H,Kachiguda Kamela,17.388067957367774,78.50300610060256,,,,,,,,,,
HffUPsTS,Zinda Tilismath,17.38763154398469,78.5111425817013,,,,,,,,,,
1PfDELSJ,Amberpet Gandhi Statue,17.392702136489785,78.51982356697016,,,,,,,,,,
LNPGO1LK,Irani Hotel Amberpet,17.393521009999947,78.52220000205224,,,,,,,,,,
B2PQUqws,Ramanthapur Tv Studio,17.396713,78.52988,,,,,,,,,,
rOjObtmd,Ramanthapur,17.397903,78.532729,,,,,,,,,,
ETS5vL8h,Ramanthapur Public School,17.399195655009358,78.53623867034912,,,,,,,,,,
aJjYwWrD,Ramanthapur Church,17.401107,78.54349,,,,,,,,,,
GBqGFBMX,Modern Bakery,17.40132001378291,78.55001181364061,,,,,,,,,,
qVTY9k3k,Uppal X Roads,17.40158108,78.56194295,,,,,,,,,,
PjtVmWLt,Uppal Gandhi Statue,17.40152285209532,78.56604605913164,,,,,,,,,,
Mnr10S9i,Uppal Bus Stop,17.40165529289952,78.56875908447208,,,,,,,,,,
DARZcGbD,Peerzadiguda Kaman,17.40136096503484,78.58157336711885,,,,,,,,,,
9mRire0L,Boduppal,17.4047458102347,78.5865203663706,,,,,,,,,,
0OVOfgxG,Sunny Bakery-Boduppl,17.415033083324033,78.58509781947332,,,,,,,,,,
uGaH1vRM,Ambedkar Statue Boduppal,17.418388158198002,78.58440577158609,,,,,,,,,,
pHQb1H0H,Water Tank Boduppal,17.419240428746246,78.58172021797104,,,,,,,,,,
qJRR3arp,Indra Nagar-Boduppal,17.421963303983397,78.58040928923164,,,,,,,,,,
Fr8xImCr,Water Tank Boduppal,17.41929159975033,78.5816511390513,,,,,,,,,,
Nc1cRlAD,Ambedkar Statue Boduppal,17.418216953974405,78.58464438668318,,,,,,,,,,
xN8gSebA,Sunny Bakery-Boduppl,17.41507656616295,78.58518901210405,,,,,,,,,,
bGRebiXX,Boduppal,17.404614000800635,78.58667493326617,,,,,,,,,,
G3Zpsr6s,Peerzadiguda Kaman,17.401238751115223,78.5816015303135,,,,,,,,,,
UsLG96x8,Uppal Bus Stop,17.401465902576017,78.57100009918214,,,,,,,,,,
GshwIwZf,Uppal Gandhi Statue,17.401419832443395,78.56580466032031,,,,,,,,,,
KQKhMBSB,Uppal X Roads,17.401430068824652,78.56090962933486,,,,,,,,,,
qKfbvH4T,Modern Bakery,17.401220278573184,78.55002522653528,,,,,,,,,,
LOa6jsKp,Ramanthapur Church,17.401,78.544,,,,,,,,,,
qCYClJlG,Ramanthapur Public School,17.399464400555345,78.53779435157777,,,,,,,,,,
nyqH0iWW,Polytechnic College-Ramanthapur,17.395347751448888,78.5269099485933,,,,,,,,,,
J37ZgGmj,Irani Hotel Amberpet,17.39327557924207,78.52189420913909,,,,,,,,,,
8KEiSXjE,Amberpet,17.39213391661559,78.51677924394609,,,,,,,,,,
GQwkEP8P,6 Number,17.39117679033044,78.5107792430598,,,,,,,,,,
4q7T16Er,Zinda Tilismath,17.3876,78.5111,,,,,,,,,,
eHfFJzFj,Chadarghat,17.38147040182143,78.49291026633878,,,,,,,,,,
AXnxhRKy,Hayath Nagar Bus Stand,17.32707761,78.60373244,,,,,,,,,,
VgDlJTb0,Jbs,17.447565922231902,78.49663585662337,,,,,,,,,,
LW55dkBm,Amberpet Gandhi Statue,17.39239242192356,78.5194104909897,,,,,,,,,,
9KD6Qf8o,Word And Deed School,17.3213989827461,78.6134697808098,,,,,,,,,,
4eTcIx5j,Gandi Mysamma Temple-Abdullahpurmet,17.31511536057297,78.67383340284576,,,,,,,,,,
CAf4y5Mn,Ramoji Film City,17.311516,78.683365,,,,,,,,,,
CEX84LLR,Ramoji Film City,17.31132,78.683128,,,,,,,,,,
p1z6WxxP,Gandi Mysamma Temple-Abdullahpurmet,17.315006257387218,78.67375543411036,,,,,,,,,,
BMEY3ApO,Word And Deed School,17.320909150707,78.6136220162649,,,,,,,,,,
w5wCAtvW,Cherlapally Phase 1,17.459461544980083,78.59055876674115,,,,,,,,,,
9WCdx88A,Ganesh Temple Kaman Cherlapally,17.459036729268938,78.59512197294445,,,,,,,,,,
PiEeyUSk,Ec Nagar,17.459194271009505,78.59904260274449,,,,,,,,,,
9T84PzhC,Ec Nagar,17.459149399324748,78.59902649962032,,,,,,,,,,
2TAxnGhR,Ganesh Temple Kaman Cherlapally,17.458960068579493,78.59519900566407,,,,,,,,,,
JsM4aJsN,Cherlapally Phase 1,17.459423161057263,78.5907143354416,,,,,,,,,,
ypgflX0a,Hcl,17.45524355822553,78.58147411787685,,,,,,,,,,
ZC9cuPhg,Ashoknagar-Mallapur,17.45,78.581,,,,,,,,,,
bxqlmPtU,Nfc X Roads,17.448264595739495,78.57538953423501,,,,,,,,,,
YAQJf9bd,Noma Function Hall,17.4469851935289,78.57228219509126,,,,,,,,,,
f6oeVXYR,Mallapur Village,17.444833218758916,78.56734961271287,,,,,,,,,,
vFTKha5O,Janapriya - Mallapur,17.44214896617809,78.56608830392362,,,,,,,,,,
6R4ISSCd,Nacharam X Road,17.43312488,78.55464408,,,,,,,,,,
1tPdniFT,Nacharam,17.427835337107574,78.55093315243721,,,,,,,,,,
Zlg504xr,Barkatpura,17.3923137148681,78.50115202367301,,,,,,,,,,
zI0YQHC7,Barkatpura,17.394002342815828,78.49834182298436,,,,,,,,,,
WmzuokM6,Kachiguda X Roads,17.39069285391186,78.48937511444093,,,,,,,,,,
nQotD9EE,Goshamahal,17.383832989854696,78.47415088735977,,,,,,,,,,
bBZgUon7,Darusalam,17.38281423222229,78.46528887826761,,,,,,,,,,
lGyB3RaU,Bhoiguda Kaman,17.382812097817883,78.46042809684229,,,,,,,,,,
X5rrIKse,Seethrambagh,17.385167014325116,78.4581478348899,,,,,,,,,,
EcYAl4Um,Mallepally,17.3891905207692,78.4545799909196,,,,,,,,,,
8i0N6xJd,Asifnagar,17.3898731287234,78.4516039669194,,,,,,,,,,
y2CUeob7,Nanal Nagar,17.39607052566403,78.42676146544902,,,,,,,,,,
cra7QW2M,Khajaguda X Road,17.42247012967654,78.38180646090282,,,,,,,,,,
YWIdVc49,Lanco Hills,17.418,78.3703,,,,,,,,,,
pGxe0Sf7,Khajaguda,17.41787574985231,78.3673084600916,,,,,,,,,,
3wPoHTH2,Nanakramguda,17.41948116255868,78.35451599210502,,,,,,,,,,
CvwKMs0N,Wipro Circle,17.42762385,78.3417864,,,,,,,,,,
W9CokUTo,Q City,17.42660948321484,78.33153114051883,,,,,,,,,,
Sm2dyUa2,Gowli Doddi,17.42986209168885,78.32432001808337,,,,,,,,,,
hHMjjlFQ,Gopanpally,17.453253364975374,78.30616927882751,,,,,,,,,,
kwLW4s15,Gopanpally X Roads,17.446239895177634,78.30675892398357,,,,,,,,,,
bAPeQYQ7,Mile Stone,17.462066321447335,78.3081382343845,,,,,,,,,,
p3yCm2Vh,Mile Stone,17.470176540412126,78.3098610408932,,,,,,,,,,
FGOQybzG,Nallagandla,17.477527071965074,78.30663083737076,,,,,,,,,,
tDEWS7qE,Nallagandla,17.477495255920495,78.3072196638077,,,,,,,,,,
ABGhGnqx,Mile Stone,17.47034733567895,78.3099795407444,,,,,,,,,,
IEXcXmyz,Mile Stone,17.461928085995403,78.30827238995568,,,,,,,,,,
nqEYN6Uu,Mile Stone,17.453365454713428,78.30631974517682,,,,,,,,,,
1dFyOc5w,Gopanpally X Roads,17.44589370661091,78.30749853578376,,,,,,,,,,
spVMAJCg,Gowli Doddi,17.429737297759306,78.32467541091441,,,,,,,,,,
MyeZootB,Q City,17.42671310250381,78.331561984999,,,,,,,,,,
xiDNKOoD,Wipro Circle,17.42619365,78.34065199,,,,,,,,,,
7WZ1aaAI,Khajaguda,17.418009517347905,78.36729839370958,,,,,,,,,,
3LZ21Nh6,Lanco Hills,17.41824758448267,78.37047280052346,,,,,,,,,,
CuYaOmG2,Asifnagar,17.3900219833668,78.4518481161863,,,,,,,,,,
BzhlypU0,Seethrambagh,17.385215223458886,78.45825075511996,,,,,,,,,,
90Ixzm5e,Mallepally,17.389280610266,78.4548888972957,,,,,,,,,,
SyAFFhpz,Bhoiguda Kaman,17.382903819175258,78.46051454046203,,,,,,,,,,
Gs4zNvFT,Darusalam,17.383272548040537,78.46593259864981,,,,,,,,,,
RZ6oSgtY,Secunderabad,17.4369249562,78.5052494893,,,,,,,,,,
wkqXnQtG,Omkar Nagar,17.337184,78.550306,,,,,,,,,,
SR8fs7TH,Santhoshi Matha Temple-Hasthinapuram North,17.332301582002888,78.5529702929845,,,,,,,,,,
wELAag5b,Hastinapur,17.326919798663077,78.5564250074453,,,,,,,,,,
rIYonRH8,Sagar Complex,17.313,78.563557,,,,,,,,,,
InPIS0f2,Katta Mysamma,17.291827147802287,78.5871147885397,,,,,,,,,,
IBjfvmSP,Sathireddy Garden,17.279626230124038,78.58724354079571,,,,,,,,,,
gw9FCBOl,Sri Indu College,17.213818523696336,78.61122240614016,,,,,,,,,,
ysfhkpHS,Ibrahimpatnam Old Bus Station,17.197215601813685,78.65003407720262,,,,,,,,,,
hy9XDQtt,Khanapur X Roads,17.175368174130146,78.65471721151408,,,,,,,,,,
12jVZctl,Sri Indu College,17.213672468576657,78.61050100631877,,,,,,,,,,
A1WvIo0L,Sathireddy Garden,17.279595497566618,78.58696462653107,,,,,,,,,,
fbXMzuz9,Katta Mysamma,17.291770815428187,78.58688145875932,,,,,,,,,,
s1ciYFx5,Hastinapur,17.326891,78.556174,,,,,,,,,,
YKUfHmfJ,Santhoshi Matha Temple-Hasthinapuram North,17.332662,78.552672,,,,,,,,,,
XciC9kAE,Omkar Nagar,17.336996,78.550159,,,,,,,,,,
jnhepcwu,Is Sadan,17.35186211676615,78.50698916206107,,,,,,,,,,
R8wJZ3RA,Pisal Banda,17.34051267677062,78.50236974033263,,,,,,,,,,
IiG9DB77,Barkas,17.317458207241422,78.47965613007547,,,,,,,,,,
Rc9wdOaA,Sadat Nagar,17.2924175473547,78.4737711288894,,,,,,,,,,
qgFCxsYj,Jalpally X Rd,17.2831183498853,78.471830824927,,,,,,,,,,
W6rYwrFr,Pahadi Shareef,17.271089,78.474293,,,,,,,,,,
7qLVXCAF,Sheep Farm,17.2572013756364,78.47552394850499,,,,,,,,,,
4jPGnvmh,Sardar Nagar,17.232300453954966,78.4732791755161,,,,,,,,,,
EQHXghba,Tukkuguda,17.208974,78.476849,,,,,,,,,,
SsBJkUmh,Imamguda-Mhrm,17.19279045195892,78.4751781821251,,,,,,,,,,
G2jz20fO,Maheshwaram Gate,17.178935274801233,78.47382903099061,,,,,,,,,,
O77FG903,Lemur X Roads,17.164312984582573,78.47683310780525,,,,,,,,,,
qUrxHWWg,Thummaloor-Gate,17.1324304173473,78.4778674319386,,,,,,,,,,
ZkCeyQwu,Rachloor-Gate,17.1244225194625,78.47711138427252,,,,,,,,,,
3fKRWT8s,Gudur Gate,17.092193012952148,78.47457468058472,,,,,,,,,,
pgNHfS46,Kandukur X Roads,17.0728516554555,78.4740102359588,,,,,,,,,,
kHBvCa7Q,Nedunur X Road Bus Stop,17.0558961018663,78.4733512625098,,,,,,,,,,
CnfehgBU,Debbdaguda X Road,17.0250457125562,78.49228899925942,,,,,,,,,,
ImX0Gt2G,Mucherla X Road,17.009899413782588,78.4980064644036,,,,,,,,,,
MBkeYmMB,Kadthal-Rr,16.985662241007,78.50180175891464,,,,,,,,,,
oxSHflbW,Kadthal Toll,16.970514277609052,78.5078287124634,,,,,,,,,,
YvvDOaQi,Maisigandi,16.9544444653848,78.51728215813631,,,,,,,,,,
nxxL7DNs,Karkalpahad,16.9255846643368,78.52734547108409,,,,,,,,,,
5jOivZ4z,Konapur-Amangal,16.90166650915817,78.53077232696674,,,,,,,,,,
8SKCwoNx,Vithaipalle,16.8833274287033,78.5291670262813,,,,,,,,,,
HpaEdwHS,Amangal,16.84942376070038,78.53036597371101,,,,,,,,,,
ijDmBeoe,Amangal,16.84922354609072,78.5300535069404,,,,,,,,,,
CdD8QCGq,Vithaipalle,16.877633659789236,78.5291361808777,,,,,,,,,,
Yl6zRmEP,Konapur-Amangal,16.901697978945315,78.53074685669722,,,,,,,,,,
EDzzNI7j,Karkalpahad,16.9256549092742,78.5272784158587,,,,,,,,,,
88shEE44,Maisigandi,16.9539675779427,78.5176281630992,,,,,,,,,,
NO4rl0HZ,Kadthal Toll,16.970404,78.50755,,,,,,,,,,
KN6TFMTZ,Kadthal-Rr,16.9776064964536,78.5042227079737,,,,,,,,,,
P1E54cxx,Debbdaguda X Road,17.024970054888264,78.49223971156464,,,,,,,,,,
6Js4QCW9,Nedunur X Road Bus Stop,17.0562044518291,78.4731973707675,,,,,,,,,,
fr73RYnn,Kandukur X Roads,17.073002680693467,78.47385587169295,,,,,,,,,,
OpC9MtAI,Gudur Gate,17.09228301848158,78.4744781244442,,,,,,,,,,
BZ6CNUv4,Thummaloor-Gate,17.1325733151251,78.4776910766959,,,,,,,,,,
S4XsHZ3h,Lemur X Roads,17.163938655768266,78.47704768101939,,,,,,,,,,
pMMcgfkk,Maheshwaram Gate,17.17887761746987,78.47366642206909,,,,,,,,,,
vIHj5Y8w,Imamguda-Mhrm,17.192,78.475,,,,,,,,,,
DyTjB39h,Tukkuguda,17.209459020685777,78.47668155407385,,,,,,,,,,
IU64dNs3,Sheep Farm,17.2471694250429,78.4736117720604,,,,,,,,,,
xqxkzh7P,Pahadi Shareef,17.270961638522028,78.47414284876898,,,,,,,,,,
nFCvT7lL,Jalpally X Rd,17.2833706183488,78.4716008255087,,,,,,,,,,
Hp2X7QHz,Sadat Nagar,17.2924239497884,78.473679933785,,,,,,,,,,
3sRrB5c5,Barkas,17.317380776273822,78.47958773429463,,,,,,,,,,
e6qOPEPv,Chinthalapally,16.845177840769765,78.49590361255348,,,,,,,,,,
cHoFZ03g,Khanapur-Thalakondapally,16.854398553719488,78.46602916679464,,,,,,,,,,
HJSMWYtj,Venkatraopeta-Thalakondapally,16.828978580252762,78.45298290086103,,,,,,,,,,
Tm4DSGUh,Gattu Ippalapalle,16.79763901441234,78.44519107123848,,,,,,,,,,
i0WglC8N,Bommarasipalle,16.78204698705779,78.40229988409313,,,,,,,,,,
2B2BaS3d,Ramreddipalle-Urkonda,16.763412855914066,78.39157908610353,,,,,,,,,,
NepBcvAq,Khanapur-Thalakondapally,16.855,78.464,,,,,,,,,,
dCq8YCG2,Chinthalapally,16.84522932599151,78.49609096424244,,,,,,,,,,
hQYYZWl5,Mgbs,17.378300992045833,78.48416549923284,,,,,,,,,,
ZGUfWDKx,Ashoka,17.28825456592656,78.77005488670733,,,,,,,,,,
EtHQ5KB7,Borollagudem,17.2728970056166,78.81794806569812,,,,,,,,,,
5o6U1JzN,Yellagiri,17.2635001983187,78.8390278816223,,,,,,,,,,
ltdAGh7m,Lakkaram,17.256200133297,78.88855420053,,,,,,,,,,
UyS1mnyb,Lakkaram,17.2561581891061,78.8865053281188,,,,,,,,,,
KsWfGI4B,Yellagiri,17.263234135234,78.8386178389191,,,,,,,,,,
sj7vAEuA,Borollagudem,17.2735706118312,78.8157510012388,,,,,,,,,,
uU1QWRWE,Ashoka,17.28819054171323,78.76999323716228,,,,,,,,,,
CYcFRyW1,Patny,17.44311109657586,78.49888758840669,,,,,,,,,,
oGpujZ0X,Paryatak Bhavan,17.43386555164057,78.45576703548434,,,,,,,,,,
RhtakA8X,Putlibowli,17.38194934291692,78.48180894059763,,,,,,,,,,
lDcRx4B5,Narayanamma College,17.4099222476304,78.39821487927924,,,,,,,,,,
ehK6CGyE,Indira Nagar- Gachibowli,17.44092328863317,78.36015969475827,,,,,,,,,,
pFTI3DtD,Gulmohar Park Colony Bus Stop,17.4779867382047,78.3199409767985,,,,,,,,,,
wb5eSLiO,Gulmohar Park Colony Bus Stop,17.4780705250615,78.3201636001467,,,,,,,,,,
vFMxoZue,Nampally Railway Station,17.392076311284324,78.47020536490005,,,,,,,,,,
cMahUBUy,Kachiguda Railway Station,17.390083600178784,78.49908740002142,,,,,,,,,,
iLqH7CzM,Bandlaguda Bus Depot,17.365524,78.588888,,,,,,,,,,
08b8x8vw,Indu Aranya Pallavi,17.36652094499279,78.58266368282744,,,,,,,,,,
v3zhTesh,Mathuguda,17.367229185605,78.57949491349268,,,,,,,,,,
HD2fF5rU,Anand Nagar,17.369556362236757,78.57378255660541,,,,,,,,,,
KQKA2qfQ,Bandlaguda,17.3714504482442,78.5695591354593,,,,,,,,,,
IWRD9yNc,Arunodaya Nagar Nagole,17.373451510712716,78.56308490088483,,,,,,,,,,
keq8UOJD,Sbi Colony,17.372158475245016,78.54343704879285,,,,,,,,,,
odJsjHRN,Commercial Tax Colony,17.3730728719907,78.54762455653652,,,,,,,,,,
1SW9jqrD,Mohan Nagar,17.3739085622595,78.5501310846838,,,,,,,,,,
XcABgPn7,New Nagole,17.375012396319,78.553405196435,,,,,,,,,,
lUAF2lZG,Nagole X Road,17.3764837439521,78.5587936450692,,,,,,,,,,
b08KweJu,Arunodaya Nagar Nagole,17.37346944317409,78.56309361744178,,,,,,,,,,
1dtzn5PT,Bandlaguda,17.3714734741342,78.5694133809192,,,,,,,,,,
qFwvd68S,Anand Nagar,17.3696856485073,78.5736080581774,,,,,,,,,,
F2TLE5hK,Mathuguda,17.3674663143257,78.5791705934952,,,,,,,,,,
aR45qptZ,Indu Aranya Pallavi,17.366520934109882,78.58275018630466,,,,,,,,,,
LI0lmnt7,Tatianaram 1,17.36697788047754,78.59792545374077,,,,,,,,,,
wd4lb9jn,Kuntloor X Road,17.354189286473133,78.6081835627556,,,,,,,,,,
MVLFLC9u,Gowrelly X Road,17.358897289326602,78.61868306714392,,,,,,,,,,
yEG6QfeW,Mile Stone,17.37549074459082,78.63005161285402,,,,,,,,,,
qeAb3A4B,Quthubullapur,17.37634313955553,78.63980676861219,,,,,,,,,,
yZ39Y49M,Thimmaiguda,17.374548810213412,78.6529952297009,,,,,,,,,,
iehFiKvC,Gowrelly X Road,17.37439523759227,78.67129325866699,,,,,,,,,,
ZAOvb4AP,Gowrelly X Road,17.374241687677667,78.67143276651935,,,,,,,,,,
E0jh4DAL,Thimmaiguda,17.374405408406936,78.65301236940543,,,,,,,,,,
g0AkPCCB,Quthubullapur,17.376284443903785,78.639796031997,,,,,,,,,,
fFGA0m6w,Saibaba Mandir,17.375209164736944,78.63011598394151,,,,,,,,,,
fDeLEGqd,Gowrelly X Road,17.35881274424819,78.6186924570536,,,,,,,,,,
CfyW9VGN,Kuntloor X Road,17.354,78.608,,,,,,,,,,
dI3DavsK,Nagole X Road,17.3762743180891,78.5575283651023,,,,,,,,,,
aKvzfspC,Mohan Nagar,17.3738114359874,78.54994603335,,,,,,,,,,
bFryTLIT,Commercial Tax Colony,17.3730331943326,78.5476084632825,,,,,,,,,,
rhZ64HFF,Sbi Colony,17.372042641477062,78.54313462972644,,,,,,,,,,
EEsrKphR,Rk Nagar-Marripalle,17.372,78.605,,,,,,,,,,
NUyS4TnK,Marripally,17.382,78.607,,,,,,,,,,
ndWxoXmZ,Rk Nagar-Marripalle,17.381232316802418,78.60660441115587,,,,,,,,,,
9FCp4dE3,Tatianaram 1,17.367,78.598,,,,,,,,,,
Ft61OdNw,New Nagole,17.3749449249614,78.553442192644,,,,,,,,,,
5NY0wRTG,Kamineni Hospital,17.353082137073116,78.55591533846103,,,,,,,,,,
HTWMhDFf,Mansoorabad,17.352709532120056,78.56267385133256,,,,,,,,,,
Lv5arNUP,South End Park,17.356910665865442,78.56649398803712,,,,,,,,,,
Ro4bP6Vw,Gsi Gate,17.364391050905258,78.56999158859254,,,,,,,,,,
dehrKCON,Gsi Gate,17.36615737570008,78.58379402186118,,,,,,,,,,
VvpdOUmy,Mansoorabad,17.352673685554755,78.56267988545898,,,,,,,,,,
hNm7YqLW,Mile Stone,17.324871095127314,78.57187985751573,,,,,,,,,,
TKLSocy1,Saheb Nagar Kalan,17.32167297642296,78.5759890084166,,,,,,,,,,
qWEcaCzN,Saheb Nagar Kalan,17.321621124480384,78.57596755152237,,,,,,,,,,
rGAllECF,Mile Stone,17.324932456263383,78.57177458910934,,,,,,,,,,
iyA3ln0x,Birla Mandir,17.406031907006657,78.46715033054353,,,,,,,,,,
ByEltUQz,Secretariat Lic Building,17.407964,78.473153,,,,,,,,,,
PxxoVa2x,Ganesh Temple-Vanastalipuram,17.331417,78.569354,,,,,,,,,,
Kg68JpZO,Red Tank,17.329049814939413,78.56902398809581,,,,,,,,,,
BNkntuC7,Govt Hospital-Bn Reddy Nagar,17.329326373099825,78.56588512659074,,,,,,,,,,
JbHRqkel,Vaidehi Nagar,17.321078851190137,78.5695517063141,,,,,,,,,,
v1fw17gY,Shiva Sindhu Public School,17.321245338358604,78.572196364819,,,,,,,,,,
TI54pJ8G,Ig Mint,17.47164288109325,78.60384070320963,,,,,,,,,,
ufGWHO1K,Sp Nagar Ecil,17.4653580286478,78.5624219881221,,,,,,,,,,
XyqpxbUi,Moulali,17.4623860406493,78.56166601181032,,,,,,,,,,
skkYyEjj,Indiranagar Moulali,17.457724216996056,78.56499731540681,,,,,,,,,,
FLd8TACZ,Vasundara - Hb Colony,17.455746299938603,78.56583683700977,,,,,,,,,,
zYZLtVcP,Play Ground-Hb Clny,17.4522987119585,78.5655166583943,,,,,,,,,,
2bepCN5S,Carbide Bus Stop,17.45395687,78.56046472,,,,,,,,,,
BJd97raA,Zts-Moulali,17.455518636463427,78.55545669794085,,,,,,,,,,
oeQatcpC,Industrial Estate,17.4481401185069,78.5509206235426,,,,,,,,,,
13Iy1vCU,Lalapet,17.43735708,78.54413576,,,,,,,,,,
xPL0SL5V,St.Anns-Tarnaka,17.43046699,78.53494819,,,,,,,,,,
FJlBAIGJ,Tarnaka,17.4275405219823,78.5320377655953,,,,,,,,,,
HKswdTR3,Tarnaka,17.425940298017693,78.53019028902057,,,,,,,,,,
NRUyhunT,Manikeshwari Nagar,17.420442,78.524697,,,,,,,,,,
vUCvIngb,Ladies Hostel-Osmania University,17.41373294,78.52157336,,,,,,,,,,
G9s1FKXK,Adikmet,17.407836266326395,78.51360619068147,,,,,,,,,,
pZwR5xOb,Vidyanagar,17.404571404336966,78.51052884152871,,,,,,,,,,
qlx7W2Rm,Nallakunta,17.3988468489375,78.5059555094332,,,,,,,,,,
5XYVRO5k,Fever Hospital,17.395425473104176,78.5024750000878,,,,,,,,,,
S4ZgJ4j0,Koti Maternity Hospital,17.38550191065701,78.48705097609947,,,,,,,,,,
QkB6ZBXo,Chaderghat,17.3808782863929,78.4912418747046,,,,,,,,,,
IFUW9ATI,Koti Maternity Hospital,17.38535101091611,78.48707116965383,,,,,,,,,,
g7J1aoV9,Ramkoti,17.390485520705052,78.4861470730132,,,,,,,,,,
DxR2G5xI,Tourist Hotel,17.389764347467224,78.4958311413433,,,,,,,,,,
lmNrF1fn,Barkatpura Pf Office,17.39343799526668,78.49768057399798,,,,,,,,,,
oqXwvTAD,Shankar Mutt,17.4007877182097,78.5079724189038,,,,,,,,,,
cnb9sj7L,Adikmet,17.407657110878496,78.51339697837831,,,,,,,,,,
F63cpsvc,Ladies Hostel-Osmania University,17.4140858,78.52156531,,,,,,,,,,
wU2QZX66,Manikeshwari Nagar,17.42071388,78.52467969,,,,,,,,,,
JhfnnEoI,Tarnaka,17.42769648,78.53189483,,,,,,,,,,
RV7q8Yg5,St.Anns-Tarnaka,17.431089151913383,78.53529721498491,,,,,,,,,,
tOmVVbFa,Lalapet,17.43753365,78.54404893,,,,,,,,,,
CaaGDLgb,Industrial Estate,17.448224399489,78.5507586723356,,,,,,,,,,
ra9Z5fxL,Zts,17.455869177149232,78.55626136064531,,,,,,,,,,
ghqjvuBW,Carbide Bus Stop,17.454221374191146,78.56029808521272,,,,,,,,,,
RWwq3iDL,Play Ground-Hb Clny,17.4531665472067,78.5657915709285,,,,,,,,,,
wTYjikjv,Vasundara - Hb Colony,17.455534056704007,78.56581272080905,,,,,,,,,,
URF7Laox,Indiranagar Moulali,17.45797496576076,78.56483101844789,,,,,,,,,,
BqTPfSLk,Moulali,17.46235277888337,78.56160700321199,,,,,,,,,,
DcECcLiz,Sp Nagar,17.4656926379868,78.5623232794914,,,,,,,,,,
XBpOVMiR,Tarnaka,17.426442,78.530393,,,,,,,,,,
ifmdrWo8,Ecil X Road,17.47289,78.56992,,,,,,,,,,
CcmOHg1S,Koti Medical College,17.382729949203686,78.48243354568609,,,,,,,,,,
8NJ7K0hT,Hayathnagar Bus Depot,17.32593580576755,78.59334810908629,,,,,,,,,,
mc3dL5Ff,Panama Godowns,17.337232877567985,78.56981724500656,,,,,,,,,,
e5MGu6Vh,Ymca Narayanaguda,17.394294,78.489862,,,,,,,,,,
zTPiNLvK,Narayanaguda,17.39821025129455,78.49310338497163,,,,,,,,,,
HLIWxCVj,Chikkadpally,17.403572284926824,78.49525183552058,,,,,,,,,,
gAiZU7VX,Chikkadpally,17.4023012715058,78.4952191590437,,,,,,,,,,
54FDshBp,Narayanaguda,17.39882324981411,78.49395230412486,,,,,,,,,,
75lZ77rU,Ymca Narayanaguda,17.3956047167113,78.49060084397593,,,,,,,,,,
jyxaxJvF,Kachiguda X Roads,17.39262040476304,78.48956024411744,,,,,,,,,,
CC8E84Vl,Badi Chowdi,17.38850118213631,78.48754920139304,,,,,,,,,,
D148CtdH,Farooqnagar,17.328553066706863,78.46979499270137,,,,,,,,,,
TdN7ab6j,Uppuguda,17.33379514027,78.4810766381653,,,,,,,,,,
lobxtiF5,Chatrinaka,17.3433320093857,78.4780295836707,,,,,,,,,,
ZV1Idm6T,Vst Bus Stop,17.403916560950446,78.5048045217991,,,,,,,,,,
MDESrJm0,Shankar Mutt,17.400595,78.507909,,,,,,,,,,
SSKECBaa,Nimboliadda,17.38446684,78.49381652,,,,,,,,,,
5ujaHZM4,Chatrinaka,17.3436430138384,78.4780171339657,,,,,,,,,,
343azeNk,Nallavagu,17.3338073021556,78.4811148596435,,,,,,,,,,
aseDOeAP,Chandrayangutta,17.326036129245203,78.47725689411165,,,,,,,,,,
BS1DyocP,Shiva Sindhu Public School,17.321277397122508,78.57226074939857,,,,,,,,,,
0Kx7ALo3,Nalgonda X Road,17.37541400226647,78.4978777169661,,,,,,,,,,
Yrao0IpL,Mile Stone,17.211783976569876,78.52869629677822,,,,,,,,,,
fTruv54u,Kongara Kalan Village,17.199911102400456,78.55051070451738,,,,,,,,,,
thblSwIe,Adibatla,17.232861302734417,78.5424533320133,,,,,,,,,,
vPo1HP02,Chanakyapuri Adibatla,17.242961262341247,78.53996079481452,,,,,,,,,,
bFgvI4h5,Nadergul,17.273646403233354,78.53931784835711,,,,,,,,,,
Oz2boA70,Mvsr College,17.28208498194676,78.53733293735475,,,,,,,,,,
milwCOqR,Sri Nilaya Township,17.290003727325292,78.53580956003269,,,,,,,,,,
YOeJq9L5,Gandhi Nagar,17.294,78.535,,,,,,,,,,
Xj0UYlIJ,Anjaneya Tower,17.29799901795388,78.53198468685152,,,,,,,,,,
csIUD03w,Badangpet,17.307238498227605,78.5251718759537,,,,,,,,,,
pSVUx50D,Udyog Nagar,17.31271831205356,78.52294832120312,,,,,,,,,,
9xY1MiNf,Lenin Nagar,17.315647682510566,78.52263850483266,,,,,,,,,,
yAkFlxiY,Balapur X Road,17.319132873229755,78.51918384515149,,,,,,,,,,
W7eLvazM,Midhani Township,17.323831843006666,78.51524258070283,,,,,,,,,,
VmOlNzOp,Dhatunagar Kanchanbagh,17.32509642139359,78.5140997171402,,,,,,,,,,
0RAWghM1,Drdo Township,17.326720587409746,78.51269971457948,,,,,,,,,,
i0fZc9zq,Mall-Yacharam,16.967310989719,78.7296400219202,,,,,,,,,,
KKCB9GoD,Marriguda X Road Twd Mall Bus Station,16.97352602526139,78.73019993305208,,,,,,,,,,
pO6sAU61,Thammaloniguda X Road,16.98682315634736,78.71102482080461,,,,,,,,,,
nZ0VE6bp,Thakkellapalle,17.00205080010072,78.68999361879082,,,,,,,,,,
F0gMYThS,Chintapatla,17.009306976772976,78.68657380250426,,,,,,,,,,
wMh8I3aC,Chinthapatla Thanda,17.012023181223867,78.68532656938729,,,,,,,,,,
Mept7Ecz,Balagram,17.018238964689615,78.68151113390923,,,,,,,,,,
6KHzkpgL,Yacharam-Yacharam,17.042312277860805,78.66428196430208,,,,,,,,,,
abgokAaJ,Chowderpalle-Yacharam,17.06998993138268,78.66562843322755,,,,,,,,,,
WmF8pdo0,Gungal,17.106193357584345,78.66675764322282,,,,,,,,,,
yHuojUCF,Agapally-Ibrahimpatnam,17.134495375678636,78.6714890599251,,,,,,,,,,
eMqegQbs,Sagar Ring Road,17.342267735122466,78.54629158973697,,,,,,,,,,
mS29TVPi,Agapally-Ibrahimpatnam,17.13424418569693,78.67170095443727,,,,,,,,,,
cVyeXWiM,Gungal,17.105519142352172,78.6667549610138,,,,,,,,,,
KfYhafYQ,Chowderpalle-Yacharam,17.07,78.666,,,,,,,,,,
MnSdosEx,Yacharam-Yacharam,17.042455735085365,78.66444826126101,,,,,,,,,,
UzsUL4t2,Balagram,17.018199210913572,78.68170022964479,,,,,,,,,,
AlXmWDAl,Chinthapatla Thanda,17.012161760002172,78.68546602434142,,,,,,,,,,
Lqw6dwzy,Chintapatla,17.009344167555664,78.68668109178545,,,,,,,,,,
BI2ZZCvd,Thakkellapalle,17.00195716373347,78.69012773036958,,,,,,,,,,
PgRBiaoC,Marriguda X Road Twd Hyderabad,16.97358246342173,78.72994780540466,,,,,,,,,,
nrauyNia,Bairammalguda,17.343029417848445,78.54275108481795,,,,,,,,,,
gq6BW6qd,Karmanghat,17.344272,78.532326,,,,,,,,,,
AZOuxq4o,Green Park Conoly,17.345231943614152,78.52562846929442,,,,,,,,,,
GPNW7g0E,Chadarghat Rose Bakery,17.377546264405506,78.49131166934968,,,,,,,,,,
KnDqL1iX,Champapet,17.3485620728481,78.51571306586267,,,,,,,,,,
ZhoDJQSH,Green Park Conoly,17.345247393758903,78.52611685250106,,,,,,,,,,
aLUM8fck,Karmanghat,17.344441,78.532242,,,,,,,,,,
yvB2IyVr,Bairammalguda,17.3431608130252,78.54312350871598,,,,,,,,,,
tbrwca0O,Kachiguda Depot,17.3864067647,78.4982247839,,,,,,,,,,
vI7Y9Kh7,Post Office-Nacharam,17.42801034487274,78.56070040516715,,,,,,,,,,
hEZNkuQw,Ts Food X Rd Chilukanagar,17.425,78.562,,,,,,,,,,
XQbDOfeo,Chilkanagar,17.41905104101156,78.56528699324836,,,,,,,,,,
GCC2DDnV,Chilkanagar,17.41919692229825,78.56505632400514,,,,,,,,,,
QIlZodWA,Ts Food X Rd Chilukanagar,17.425,78.562,,,,,,,,,,
o8SEMKee,Post Office-Nacharam,17.427790469158914,78.56065214250157,,,,,,,,,,
AMDPVwrq,Chadarghat,17.382243375492738,78.49324956602909,,,,,,,,,,
UtaLk5UH,Begum Bazar,17.371405196589077,78.4686645734341,,,,,,,,,,
QM7IWsHM,Jummerath Bazar,17.370926,78.463016,,,,,,,,,,
koni6KO4,Puranapool,17.369111619099673,78.45862628274085,,,,,,,,,,
IsryoAuN,Jiyaguda Hyd Bus Stop,17.369861622618018,78.44848315954732,,,,,,,,,,
9LrqeKqV,Jiyaguda Hanuman Temple,17.37,78.442,,,,,,,,,,
c0rnBfWY,Toli Masjid,17.375059411649147,78.43775063760108,,,,,,,,,,
VImjXTHb,Langar House Ring Road,17.376720731511845,78.42921316623689,,,,,,,,,,
4A7ZUuQV,Langar House Ring Road,17.376810964358167,78.42951692640781,,,,,,,,,,
0rdcWYsq,Toli Masjid,17.37507989964164,78.43776807170839,,,,,,,,,,
TtImbfkg,Puranapool,17.369,78.459,,,,,,,,,,
bzEedbkc,New Maruti Nagar,17.37702150749329,78.54367911815645,,,,,,,,,,
5acrFhXn,Satya Nagar,17.381014865906394,78.54505777170509,,,,,,,,,,
jsxZiMqX,Extension,17.329920066002824,78.40938089193266,,,,,,,,,,
7b3LoXHr,Budwel,17.330831893065042,78.40673625469209,,,,,,,,,,
X01g1Ytq,Kismatpur-Gandipet,17.33443430482139,78.39130260945639,,,,,,,,,,
UHYBnKwn,Abhiyudaya Nagar,17.34724416865213,78.38084471593068,,,,,,,,,,
tMN6yDNC,Langar House,17.374278,78.417719,,,,,,,,,,
ASEPtNq8,Telephone Bhavan,17.407122137213587,78.46616058810464,,,,,,,,,,
Q4LKayLd,Bible House,17.430001558196395,78.4925132653256,,,,,,,,,,
CoiZasYw,Kismatpur-Gandipet,17.334344767262944,78.39138868689348,,,,,,,,,,
xWvdaTS4,Nayapul,17.371368,78.477861,,,,,,,,,,
E6bWGv3K,Mother Dairy,17.33597317474742,78.61418902567132,,,,,,,,,,
jp2suXs4,Kuntloor,17.341,78.626,,,,,,,,,,
bAX3mHHp,Kuntloor,17.34,78.626,,,,,,,,,,
EfxH0lPA,Mother Dairy,17.335865611125644,78.61415415752397,,,,,,,,,,
DXPzJ9AH,Yadagiri Theater,17.346342606279627,78.50822562908397,,,,,,,,,,
SShmjMxs,Drdo Township,17.32689980834771,78.51278015039361,,,,,,,,,,
9sENfyoW,Dhatunagar Kanchanbagh,17.325138084784864,78.51431457022397,,,,,,,,,,
wwgHNAcs,Midhani Township,17.323826720691038,78.51541423192766,,,,,,,,,,
qlPqIO3z,Balapur X Rds,17.3191328399166,78.51961966719655,,,,,,,,,,
zilTX2l3,Lenin Nagar,17.31598202071025,78.52264655200874,,,,,,,,,,
FrTvHO6q,Udyog Nagar,17.313,78.523,,,,,,,,,,
z8abhQJs,Gandhi Nagar Badangpet,17.293988604360347,78.53485468284194,,,,,,,,,,
Y5gq5Ixd,Sri Nilaya Township,17.2890305628669,78.53620643831913,,,,,,,,,,
TkExXTEm,Mvsr College,17.281915833564565,78.53739729599576,,,,,,,,,,
NoyXYOn6,Nadargul,17.274,78.539,,,,,,,,,,
rPqtY9CN,Rice Mill,17.267065915265807,78.539296367256,,,,,,,,,,
KtkSAtp5,Chanakyapuri Adibatla,17.242831667959454,78.54000718102805,,,,,,,,,,
qKBkRTkh,New Maruti Nagar,17.37708036843807,78.54368984924854,,,,,,,,,,
eTWU0Ild,Maruti Nagar,17.37345312236907,78.54139385550674,,,,,,,,,,
fGL8ebtH,Saroor Nagar,17.354703868364005,78.53200882673265,,,,,,,,,,
HUwlpCwk,Kuntloor Harijanawad,17.35,78.625,,,,,,,,,,
DXeL91de,Kuntlur Rajiv Gruhakalpa,17.356,78.636,,,,,,,,,,
DshMjCFN,Indukuri Apartments,17.348520120212946,78.64465170575112,,,,,,,,,,
hsziFiVC,Double Bedroom X Road,17.362313,78.65162,,,,,,,,,,
Pi5PJHIH,Thimmaiguda Double Bedroom,17.36518439338527,78.65056361835101,,,,,,,,,,
VVz06oGJ,Kuntloor Harijanawad,17.35,78.625,,,,,,,,,,
p8PmSOxR,Kuntloor Y Junction,17.34526195150847,78.63187283395874,,,,,,,,,,
q0X5Nnt4,Pasumamula,17.3507971093845,78.64895850516442,,,,,,,,,,
sm0nu3zr,Pasumamula,17.35067413241651,78.64891292444483,,,,,,,,,,
755DZcV8,Kuntloor Y Junction,17.345195441703307,78.63185137751407,,,,,,,,,,
5xMsGFxM,Indukuri Apartments,17.348615487325283,78.64460476709083,,,,,,,,,,
6D8DLdWh,Maruti Nagar,17.37377310074694,78.54133217227744,,,,,,,,,,
uLJtzHRB,Amul Diary,17.35250260380081,78.66086583797659,,,,,,,,,,
Jkdxeeuh,Tharamathipet X Roads,17.355067402958618,78.67190748448756,,,,,,,,,,
tG7YXq2Q,Tharamathipet,17.356444887399462,78.67740870381316,,,,,,,,,,
gBq5jhiv,Gowrelly,17.366,78.673,,,,,,,,,,
qBKH9CNv,Bacharam X Rds,17.372,78.687,,,,,,,,,,
myzjFCj3,Bacharam,17.395,78.69,,,,,,,,,,
C1G51OCr,Bacharam X Rds,17.372,78.687,,,,,,,,,,
P9Yge8Ha,Gowrelly,17.367,78.673,,,,,,,,,,
Sy8pzSx4,Tharamathipet,17.35636667976005,78.67728262977529,,,,,,,,,,
VCtYCOEc,Amul Diary,17.35255004434138,78.66069600914123,,,,,,,,,,
ubcOUm5H,Mile Stone,17.35508788375941,78.67206573565238,,,,,,,,,,
eqAssT0D,Kachiguda Depot,17.386810386147495,78.49883624571497,,,,,,,,,,
BPKTUW3L,Khairatabad Metro Station,17.414165437048904,78.45863971461557,,,,,,,,,,
FasnykLX,Mythrivanam,17.440045544433556,78.4423641399989,,,,,,,,,,
iRgXa7Ff,Kukatpally Village,17.483853963508036,78.41241718136001,,,,,,,,,,
UJBloCiO,Nizampet X Road,17.498276,78.390314,,,,,,,,,,
UGAn2AmQ,Chanda Nagar,17.494893,78.323144,,,,,,,,,,
bvEEiOTS,James Street,17.435501021406605,78.48843191813647,,,,,,,,,,
Q2vgPe0x,Paradise,17.441660207964315,78.48756194176921,,,,,,,,,,
gyZqpCtW,Minerva,17.44102552128307,78.49307924664633,,,,,,,,,,
7EnIzbEJ,Laskarguda,17.298,78.691,,,,,,,,,,
DSUFpHmT,Surmaiguda,17.292769533843,78.69027256518493,,,,,,,,,,
JBTKsF6k,Majeedpur,17.287698852736238,78.69373792825682,,,,,,,,,,
HsxwV66P,Anajpur,17.27014973526637,78.69371651030924,,,,,,,,,,
EmrlCE2d,Majeedpur,17.28767832359417,78.69345897389874,,,,,,,,,,
q2fHi9dQ,Surmaiguda,17.292739055963917,78.69021892188141,,,,,,,,,,
HUK4iP4B,Laskarguda,17.296938769738286,78.69102895104274,,,,,,,,,,
V7kdAGRo,Anajpur Pati,17.266985559113035,78.69741864493649,,,,,,,,,,
pikZsh6P,Anajpur,17.27030890655684,78.69376751649939,,,,,,,,,,
vQnkI4J9,Bheem Nagar Jiyaguda,17.369221003319645,78.45413757880519,,,,,,,,,,
0GcTrXVc,Bheem Nagar Jiyaguda,17.36926677,78.45402729,,,,,,,,,,
8qLR1FdN,Minerva,17.440915561438384,78.49297731134621,,,,,,,,,,
lZgDC84S,Paradise,17.44113573786462,78.48784894046753,,,,,,,,,,
FS12Sz4G,James Street,17.43562633697658,78.48857312569959,,,,,,,,,,
BBYVBsOP,Thorrur X Road,17.329080544821007,78.59617397189142,,,,,,,,,,
BEFZVUD1,Hayath Nagar Village,17.323,78.603,,,,,,,,,,
xkyaFzF8,Munaganur X Roads,17.31609853935608,78.60193669795991,,,,,,,,,,
JBNfwDAo,Munaganoor Hayathnagar,17.301102797575076,78.60900163650514,,,,,,,,,,
5DonNAuD,Thorrur-Hyd,17.289,78.613,,,,,,,,,,
6kp3k1EM,Brahmanapally,17.268237401769674,78.61722226807429,,,,,,,,,,
B2Eivg0A,Thorrur-Hyd,17.289,78.613,,,,,,,,,,
Se2I2oa3,Munaganoor Hayathnagar,17.301,78.609,,,,,,,,,,
Wrvb9ZtD,Munaganur X Roads,17.31638533123931,78.601593375206,,,,,,,,,,
PFCx8DCM,Hayath Nagar Village,17.323,78.602,,,,,,,,,,
AttYFWn7,Dommari Pochampally,17.5914615524924,78.4181389707521,,,,,,,,,,
9WKRY32C,Dundigal,17.607068231624,78.4162946417927,,,,,,,,,,
UBnpQRqJ,Gandimaisamma,17.57506285953001,78.42333907402804,,,,,,,,,,
GAstXCkZ,Bahadur Pally X Road,17.55997035277117,78.4310880413114,,,,,,,,,,
CM04iqbe,Suraram X Road,17.541284,78.433879,,,,,,,,,,
12LvRz4y,Sai Baba Nagar,17.535778,78.434947,,,,,,,,,,
P3E8zTnC,Jeedimetla,17.52668,78.440339,,,,,,,,,,
QCerdw5u,Sub Station-Jeedimetla,17.522705,78.443744,,,,,,,,,,
8i4V23bl,Rythu Bazar,17.51763312257674,78.4467548113273,,,,,,,,,,
IhCYXkvc,Shapur Nagar,17.51331290617655,78.4474763274193,,,,,,,,,,
CBCRWwzJ,Gajularam X Road,17.509412,78.448168,,,,,,,,,,
o5ofBU5W,Quthubullapur X Road,17.499095624057258,78.45181345628471,,,,,,,,,,
n6IjCqPi,Hmt,17.502840595626637,78.4504749265529,,,,,,,,,,
ICyggC8Y,Chintal,17.495457,78.452336,,,,,,,,,,
P4ygyI2C,Ganesh Nagar Chintal,17.491376,78.45136,,,,,,,,,,
1dbVPVSh,Idpl Colony,17.487432996161004,78.45032751653562,,,,,,,,,,
fsopSgWz,Idpl Water Tank,17.481157366655744,78.44912856438341,,,,,,,,,,
pA8QrbqG,Balnagar,17.46697098901906,78.44626128673555,,,,,,,,,,
doMjm67z,Balnagar,17.467078,78.445087,,,,,,,,,,
wzqS7LeU,Prashanth Nagar Bus Station,17.473781884192416,78.42697620038051,,,,,,,,,,
sJOTK4tF,Telangana High Court,17.368538155387,78.47386658191681,,,,,,,,,,
z9SyjOpM,Jahangir Nagar Colony,17.339782967063382,78.55693996823871,,,,,,,,,,
SrbjUK71,Mile Stone,17.33760668740233,78.55836958393226,,,,,,,,,,
EE1sEjHz,Venkataramana Colony,17.33348360305408,78.55804562452516,,,,,,,,,,
yD4zET2h,Fci Colony,17.332549938943476,78.56157481312539,,,,,,,,,,
kp2atLnL,Lb Nagar,17.343705326099684,78.55552911758424,,,,,,,,,,
WPvHzcUP,Saroor Nagar,17.354699388179647,78.53205241262911,,,,,,,,,,
lysFc3vc,Mile Stone,18.31318979362111,79.4710006368405,,,,,,,,,,
j5XvbmcP,Jail Saidabad,17.3661,78.4973,,,,,,,,,,
XL6Fir58,Dabirpura Daewaza,17.3679,78.4856,,,,,,,,,,
2taLh1Y1,Saraswathi Nagar,17.3583,78.5192,,,,,,,,,,
E2cvPdYo,Mile Stone,17.35934635710768,78.51992758068732,,,,,,,,,,
stX5GY7u,Bairagiguda,17.370299365064906,78.37494135089655,,,,,,,,,,
NzjS8nRO,Mettuguda,17.436598674132,78.5198795422911,,,,,,,,,,
NhDTN8qE,New Bridge,17.439543,78.525307,,,,,,,,,,
AbClhnuJ,Mirjalguda,17.4422593237835,78.5324822366237,,,,,,,,,,
tXWC6LQl,Sairam Theatre Malkajgiri,17.446174061666664,78.5355479997386,,,,,,,,,,
gpJuB97d,Malkajgiri,17.450012253257448,78.5357143022003,,,,,,,,,,
wyBRy0MM,Anutex,17.450296267998443,78.53239238262178,,,,,,,,,,
hBswGvlT,Vani Nagar Malkajgiri,17.452,78.533,,,,,,,,,,
ZVuLmrGb,Rk Nagar,17.455334549386095,78.53547689529513,,,,,,,,,,
2LxQkU4U,Anand Bagh X Roads,17.458849928192937,78.53639958774858,,,,,,,,,,
Q2jWEkmH,Safilguda,17.46107347558432,78.53560555638327,,,,,,,,,,
Hy5djRkO,Krupa Complex Bus Stop Hyd_D,17.4651256379376,78.53857554495329,,,,,,,,,,
w2XsDVM9,Vinayak Nagar X Rd Safilguda,17.469278785766658,78.53903353231463,,,,,,,,,,
T4ybBfzI,Neredmet,17.474,78.538,,,,,,,,,,
dVYcUk3V,Vajpayee Nagar,17.477870062668078,78.53738129151849,,,,,,,,,,
vNMI3dhZ,Neredmet X Road,17.482193942012337,78.53728909045459,,,,,,,,,,
o1qcYgnv,Vayupuri Sainikpuri,17.483529,78.544791,,,,,,,,,,
Yqp7S1zK,Sainikpuri,17.48371422,78.55002422,,,,,,,,,,
WutKAu9W,Sharada Theater,17.481609060960427,78.55461718166062,,,,,,,,,,
5FCbpmQ6,As Rao Nagar,17.479608,78.558052,,,,,,,,,,
joS2DGW3,Radhika,17.4775041444904,78.56307021771049,,,,,,,,,,
ePjbJqHk,"Kamla Nagar, As Rao Nagar",17.476368214917837,78.56751591138323,,,,,,,,,,
GSJmBdtr,City College,17.36789,78.467936,,,,,,,,,,
TFm5YU6p,Police Quarters Puranapool,17.36724955511988,78.46295502036811,,,,,,,,,,
WcoWHTHU,Puranapool,17.36491904,78.45708534,,,,,,,,,,
hdo2SrbW,Bahadurpura,17.356,78.455,,,,,,,,,,
QqO1GKhR,Zoo Park,17.35073566218208,78.45249742269517,,,,,,,,,,
BiJHmH83,Tadbund,17.345199866537403,78.45080763585763,,,,,,,,,,
L8f2vJsl,Miralam Tank,17.340874985345177,78.45054087859613,,,,,,,,,,
WskMuZOg,Danamma Jhopdi,17.336748009720928,78.44937767917274,,,,,,,,,,
0gWdIFBx,Hasan Nagar,17.334764084295614,78.44178467839988,,,,,,,,,,
FmUchy2Z,Lb Nagar,17.343705326099684,78.55552911758424,,,,,,,,,,
0UU4xkjZ,Brilliant Engg College,17.308324429344953,78.70123209161318,,,,,,,,,,
aYQr0kfY,Batasingaram Village,17.301687053699922,78.72640190174954,,,,,,,,,,
Sg6jvF4D,Netaji Institute Of Engineering And Technology,17.307,78.767,,,,,,,,,,
wogU2xCY,Narayanagiri  X Road,17.328,78.785,,,,,,,,,,
mgMNI6Rp,Jalalpur,17.332,78.801,,,,,,,,,,
Lklu3I5q,Pochampally,17.34851364254166,78.82081295306055,,,,,,,,,,
1VmCu0MF,Jalalpur-Narayanpet,16.722989,77.436724,,,,,,,,,,
RB9msflD,Pochampally Model School,17.331,78.781,,,,,,,,,,
2Go7spYf,Nfc X Roads,17.4484944624315,78.5753386601724,,,,,,,,,,
DQIWkyuz,Mile Stone,18.117315,78.035147,,,,,,,,,,
iFFYZAEz,Play Ground-Hb Clny,17.4522460736681,78.5662801540278,,,,,,,,,,
KBNcnnNc,Amberpet,17.391209892839633,78.51627230644227,,,,,,,,,,
GRtmMlIG,Gayatri Nagar,17.3338019776293,78.53206515206983,,,,,,,,,,
fYXtw8ZZ,Karmanghat,17.345169788317524,78.53189349174501,,,,,,,,,,
ELFLyHem,Mgbs,17.366,78.476,,,,,,,,,,
k2jPxrLa,Revan Palle,17.357,78.831,,,,,,,,,,
1bLFQ7uG,Gouse Konda,17.375,78.834,,,,,,,,,,
LntxNwkd,Rajendranagar,17.32201353135999,78.40169370016595,,,,,,,,,,
LTnmMvR6,Rajendranagar,17.329843252452157,78.40913413586011,,,,,,,,,,
d8khXuWv,Budvel,17.333110669133223,78.4094935655594,,,,,,,,,,
EkOkaGwm,Chintalmet,17.3521903256955,78.4221207816047,,,,,,,,,,
wobPN83B,Mm Pahadi,17.351,78.429,,,,,,,,,,
Gj4rlykl,Pahadi 9 Number,17.355942955150237,78.4342610836029,,,,,,,,,,
W6uQBiPD,Ram Bagh,17.36158515832797,78.43550552480885,,,,,,,,,,
vM9MLKp4,Kishanbagh,17.359278739646207,78.44402432441714,,,,,,,,,,
bE0Ql4Xj,Jalwa Hotel,17.358253443901763,78.44829440179117,,,,,,,,,,
GkAA1KAn,Bahadurpura,17.356413371201256,78.45452282419464,,,,,,,,,,
O1snihtt,Puranapool,17.3666242911331,78.4582168981432,,,,,,,,,,
VaCQ6ogT,Police Quarters Puranapool,17.36735046670432,78.46306800842287,,,,,,,,,,
MZBRlGER,City College,17.368055611327488,78.46814543008806,,,,,,,,,,
5FN1VMfK,Jalwa Hotel,17.358195927236597,78.44830511226846,,,,,,,,,,
w6O0ksoC,Kishanbagh,17.35907651430377,78.4431016398485,,,,,,,,,,
YM8Ly8sq,Ram Bagh,17.36155449630603,78.43581143199782,,,,,,,,,,
tQHAYvr2,Chintalmet,17.3520696062027,78.4220886171441,,,,,,,,,,
VDiNAleU,Dairy Farm Upperpally,17.345018740917144,78.41561235487461,,,,,,,,,,
AbVRxLMd,Gouse Konda,17.375,78.834,,,,,,,,,,
E1DNBWtD,Revan Palle,17.357,78.831,,,,,,,,,,
9afmQNBK,Jalalpur,17.33199432679553,78.80100857649762,,,,,,,,,,
y1H3hSwq,Narayanagiri  X Road,17.327863001684143,78.78502294900602,,,,,,,,,,
syOADYRI,Netaji Institute Of Engineering And Technology,17.30672114302922,78.76707898254053,,,,,,,,,,
7bRgaCv2,Bata Singaram,17.301589687326484,78.72656282495545,,,,,,,,,,
pEO8eLRF,Brilliant Engg College,17.308,78.701,,,,,,,,,,
GZbBPEBn,Sahara Estate,17.347843161185242,78.5692395886082,,,,,,,,,,
mCiQo8le,Ramanthapur Tv Studio,17.39656448727552,78.5299462080002,,,,,,,,,,
RYYPWK86,Police Line-Amberpet,17.386411867845965,78.51667329004796,,,,,,,,,,
HVbtuFZX,Raithu Bazar-Vsp,17.3303,78.5755,,,,,,,,,,
7YQlmEbH,Moghal College,17.314423807647206,78.46194027695982,,,,,,,,,,
E0bcVhMF,Jayashankar Agriculture University,17.319814035702876,78.41827243535296,,,,,,,,,,
n3iH03S5,Budwel,17.330757641542274,78.40723526101134,,,,,,,,,,
RdmJtWwI,Moghal College,17.314572410792863,78.46201927360683,,,,,,,,,,
al3vmX3N,Nppti,17.336807796198393,78.41185927391055,,,,,,,,,,
vfnAXqAg,Ag College,17.3145603362813,78.424698331455,,,,,,,,,,
lLDmBejQ,Police Line-Amberpet,17.3866434939553,78.51655929991901,,,,,,,,,,
SPObbJBG,Mamatha Nagar,17.380390164725966,78.55801686590104,,,,,,,,,,
nEUX8RWh,Sujata Hotel,17.37435909817079,78.56050290111354,,,,,,,,,,
k36xJbzo,Sai Nagar,17.36703452112342,78.56199726448092,,,,,,,,,,
BcGPQmhM,Ramkrishnapuram,17.368004030644627,78.5499350436723,,,,,,,,,,
i8TLfl8s,Vivekananda Nagar,17.3631853379698,78.53058725547254,,,,,,,,,,
3y1ViY7J,Koti,17.38467000545223,78.48439474098421,,,,,,,,,,
65xHYVX2,Nagarjuna Circle,17.4271046887206,78.44481289200051,,,,,,,,,,
fgg0IQHr,Tv9 Office,17.426853894104795,78.43971669673921,,,,,,,,,,
2mWGJyjR,Lv Prasad Eye Hospital,17.4235,78.4274,,,,,,,,,,
YjH8S4NX,Annapurna Studio,17.423478147617466,78.42495649729067,,,,,,,,,,
KUmRnItI,Jubilee Hills Checkpost,17.42761122178455,78.41419810027435,,,,,,,,,,
55C1Tg1j,Ushakiran Movies,17.42996559965487,78.41087759978637,,,,,,,,,,
XhtuWNK7,Peddamma Temple,17.43178261319136,78.40686500487101,,,,,,,,,,
7MFTYaN6,Kondapur,17.464,78.367,,,,,,,,,,
UZLVMJZP,Cr Foundation Rd,17.473514,78.364022,,,,,,,,,,
KygDhDqC,Hafeezpet,17.478294457667268,78.3617451051432,,,,,,,,,,
TW2rdSwj,Allwyn X Road,17.491963547858898,78.35304111255302,,,,,,,,,,
j99JCHUS,Hafeezpet,17.4795124796214,78.36128352752179,,,,,,,,,,
5LwOZkFg,Cr Foundation Rd,17.473431,78.364314,,,,,,,,,,
Zwyl6fdB,Peddamma Temple,17.43159834633586,78.40720025612069,,,,,,,,,,
RmEz87YD,Ushakiran Movies,17.430165455368805,78.41104923840241,,,,,,,,,,
h2hMOYiv,Jubilee Hills Checkpost,17.427713779418717,78.41647798512466,,,,,,,,,,
q4cCb1IV,Jubilee Hills Checkpost,17.4261354453542,78.4182814084813,,,,,,,,,,
tquaarUN,Annapurna Studio,17.42368170511685,78.42489614303223,,,,,,,,,,
dXemqBWm,Lv Prasad Eye Hospital,17.424,78.428,,,,,,,,,,
1mxfl1ME,Tv9 Office,17.426567334517344,78.43837020634331,,,,,,,,,,
y6Kh51iI,Nagarjuna Circle,17.427253131546497,78.44500623135492,,,,,,,,,,
oS9Z79lQ,Suraram Clny,17.540256782146532,78.43840113044236,,,,,,,,,,
qO4U0Drr,Jambagh,17.383115,78.478306,,,,,,,,,,
p8REFkwK,Maithrivanam,17.437045451857323,78.44278514385226,,,,,,,,,,
FkZHuszf,State Home,17.436445146606115,78.43953699038227,,,,,,,,,,
ZhXCxXmg,Yousufguda Basti,17.436488655496408,78.43367367281407,,,,,,,,,,
Gn0cvdob,Yousufguda Check Post,17.43645972430384,78.42808905465697,,,,,,,,,,
qOUl2tGQ,Rahamath Nagar Yusufgudda,17.4399819066103,78.4240324795246,,,,,,,,,,
xooQRzAc,Karmika-Nagar,17.444506970562102,78.42415586360997,,,,,,,,,,
WlMQCvLz,Sri Ram Nagar Yusufguda,17.44926892084876,78.42294484248798,,,,,,,,,,
raxOJ94x,Kalyan Nagar,17.4507981054702,78.4228207916021,,,,,,,,,,
Uzl4lfDY,Mothinagar X Road,17.4540953575907,78.4222595393657,,,,,,,,,,
Km6BXdHU,Borabanda,17.45417275866018,78.41627687215805,,,,,,,,,,
AIKHLZLb,Mothinagar X Road,17.4542891800416,78.4223168715834,,,,,,,,,,
3Nct5xT3,Sri Ram Nagar Yusufguda,17.449267702472024,78.42296366432305,,,,,,,,,,
GPyxthaT,Rahamath Nagar Yusufgudda,17.4398971426414,78.42411160484663,,,,,,,,,,
Vy7sJKvK,Yousufguda Check Post,17.4374063438227,78.4282572939992,,,,,,,,,,
D9QGYrqD,Yousufguda Basti,17.43678,78.432168,,,,,,,,,,
VdNXwVYT,Bright School,17.4339398962105,78.436642549932,,,,,,,,,,
FOye99Qm,Srinagar Colony,17.430231751650126,78.43897371964728,,,,,,,,,,
Cq1NAPG5,Shanti Nagar-Pedda Amberpet,17.324638092447668,78.65205913838521,,,,,,,,,,
AFuELweC,Mile Stone,17.43939323081746,78.31485994267267,,,,,,,,,,
Tx3Uycgr,Tellapur,17.462677720490323,78.28747987747194,,,,,,,,,,
3Wth2CAI,Osman Nagar,17.4418547366987,78.2720839975511,,,,,,,,,,
Dd51Cr9K,Kollur Double Bed Room,17.434328863253885,78.25696036219598,,,,,,,,,,
qogLRr9i,Darga,17.415491506565804,78.39420498382064,,,,,,,,,,
BwA3VoUm,Almas Hotel,17.4328983967,78.3211963067,,,,,,,,,,
cv7asuHO,City Civil Court,17.36806393075307,78.4798130392768,,,,,,,,,,
YXiLVcxv,Upparpally,17.35904509294632,78.42081929205494,,,,,,,,,,
ZPqwNLNm,Hyderguda,17.3634797115115,78.42355010711883,,,,,,,,,,
ScnQYjip,Huda Colony,17.362400472899843,78.43328894050262,,,,,,,,,,
uIE7mDMT,Gowlipura,17.348892503093573,78.4787612916366,,,,,,,,,,
9VtkSrB1,Railway Bridge Twd Lalitabagh,17.345341464803084,78.486955120864,,,,,,,,,,
QUMWwuD6,Care Hospital-Gachibowli,17.4309201738183,78.3723289049176,,,,,,,,,,
6DU6OUtP,Aramghar,17.322197894279398,78.43161371324524,,,,,,,,,,
ZCUbEEKX,Sathamrai,17.2748023376265,78.4008902430022,,,,,,,,,,
uDEafHkm,Gagan Pahad,17.2929197998045,78.4171591188256,,,,,,,,,,
c4GSrwrY,Saidabad Police Station,17.363776630585114,78.50250720977785,,,,,,,,,,
016SpKiY,Sbi Colony Twd Saidabadcolony,17.361258,78.513002,,,,,,,,,,
OxxSW7Ka,Saidabad Colony,17.358963,78.509521,,,,,,,,,,
FdzfzCbn,Medipally,17.410034745305833,78.60356211662294,,,,,,,,,,
hCkrCbOE,Uppal Depot,17.405392053733866,78.58949526988873,,,,,,,,,,
wzVG2qnT,Ramanthapur,17.397217163736546,78.53158235549928,,,,,,,,,,
NtsTwkjS,Tilak Nagar,17.394112453286166,78.50860926763069,,,,,,,,,,
u7Fc9ErH,Barkatpura,17.395,78.498,,,,,,,,,,
BZjon0sG,Narayanaguda,17.400257837481607,78.49007114768028,,,,,,,,,,
7n1855W7,Himayath Nagar,17.402475603400166,78.4832797959498,,,,,,,,,,
wuszFLRB,In Bar,17.405225698148367,78.48002493381503,,,,,,,,,,
QwXoY0uV,Liberty,17.40641195497385,78.47793145699887,,,,,,,,,,
pQXuSRxs,In Bar,17.405346310120475,78.48002762022473,,,,,,,,,,
R2f0UX4v,Himayath Nagar,17.403382949943925,78.48251936509604,,,,,,,,,,
Yq3JPEYJ,Narayanaguda,17.400174654739622,78.49059686064722,,,,,,,,,,
NIknWgGq,Ali Cafe,17.38251984859237,78.51804793565577,,,,,,,,,,
Fuvttp0V,Boduppal Kaman,17.404896,78.587278,,,,,,,,,,
hwwH4jUc,Uppal Depot,17.405457039268985,78.58914995844997,,,,,,,,,,
Q7014tR9,Medipally,17.41,78.603,,,,,,,,,,
Y2GiAmHw,Sriram Colony,17.293094939340822,78.44181150197984,,,,,,,,,,
RVsmh9HH,Madhuban Colony Laxmiguda,17.30100554071278,78.43725983560012,,,,,,,,,,
459G0WxM,Kedia Biscuit Factory,17.307853063026407,78.43231915929748,,,,,,,,,,
IOGs7PmE,Katedan,17.31212018146879,78.43849892405991,,,,,,,,,,
Ncgu6OoP,Aramghar,17.3226536775149,78.43287437951963,,,,,,,,,,
LtgvwYh2,National Police Academy,17.3325064121674,78.4391131997108,,,,,,,,,,
TYww7xzS,Hasan Nagar,17.334870304513988,78.4417793095125,,,,,,,,,,
DL2nBeP5,Danamma Jhopdi,17.336885955231267,78.44939074833074,,,,,,,,,,
we1t6UcD,Miralam Tank,17.34096840474753,78.45040806083348,,,,,,,,,,
sLmnrMSX,Tadbund,17.345298121307625,78.45073520839281,,,,,,,,,,
A5AwwQHd,Zoo Park,17.352375,78.45267,,,,,,,,,,
gbj1Dn5Q,Durga Nagar-Aramghar,17.31401416347253,78.44341546297075,,,,,,,,,,
PBbH3tM0,Katedan,17.311904117652308,78.43841317723063,,,,,,,,,,
X4MYo5qT,Ambedkar Nagar,17.269147,78.544883,,,,,,,,,,
xVZAdWOQ,Yadagiri Theater,17.3467825856708,78.50819344976347,,,,,,,,,,
vBc58vIY,Rice Mill,17.267091528852777,78.53919980830901,,,,,,,,,,
kCIp0eHf,Mile Stone,17.23983841597393,78.57222168502548,,,,,,,,,,
RZ6zEeHB,Kaman Twd Sai Balaji Homes,17.305984582269694,78.51607755203655,,,,,,,,,,
9elEuxzw,Srisai Balaji Homes,17.29985,78.51558,,,,,,,,,,
ZCWAa3mM,Kaman Twd Badangpet,17.30611175825091,78.5161542848893,,,,,,,,,,
nPhhXd2I,Ramdev Guda,17.375434948587834,78.3964744752971,,,,,,,,,,
X65S57TD,Golconda Fort Bus Station,17.38525365547583,78.40313672930962,,,,,,,,,,
pcfz4AiZ,Kongara Kalan Village,17.199939267029894,78.55056440762014,,,,,,,,,,
72nVMcAa,Wonderla,17.21253235105455,78.52659346913549,,,,,,,,,,
9Wj6lb1G,Wonderla,17.216850916932636,78.52769767209153,,,,,,,,,,
12saOR5x,Rr Collectorate,17.189359335918773,78.53086986798688,,,,,,,,,,
7giWF6ge,Kurmalguda-Nadargul,17.267194048073467,78.51905912160875,,,,,,,,,,
XxKLTyzD,Mile Stone,17.272,78.508,,,,,,,,,,
7qtgR7Vl,Kurmalguda-Nadargul,17.26720423042954,78.51915031671525,,,,,,,,,,
qpsOb8NT,Sardar Nagar,17.231872596026133,78.47358226677156,,,,,,,,,,
A079uMEB,Bjp Quarters,17.32577367726372,78.51969614624977,,,,,,,,,,
xs5HfbWq,Bjp Quarters,17.325784833817618,78.51986913117415,,,,,,,,,,
7JQGY8aq,Pahadi Shareef,17.271701796826175,78.4734293925826,,,,,,,,,,
6WMZmtOZ,Sachivalaya Nagar,17.32890131233334,78.57178531516625,,,,,,,,,,
i1O0CrCB,Kendriya Vidyalaya-Odf,17.494826153158673,78.1343311071396,,,,,,,,,,
jjTOf7Dn,Ordinance Factory,17.506802919355952,78.13607990741731,,,,,,,,,,
fNpAaT7s,Ordinance Factory,17.50702941846062,78.13636019825935,,,,,,,,,,
DdWch2Wn,Kendriya Vidyalaya-Odf,17.494401638558045,78.134406208992,,,,,,,,,,
4lZ1ReBK,Hyder Nagar,17.49954,78.383844,,,,,,,,,,
SBpjAyzx,Mangalpalle-Ibrahimpatnam,17.20893515316952,78.595070241742,,,,,,,,,,
fP96Ktrp,Mile Stone,17.186761130107094,78.64904165267946,,,,,,,,,,
04mJO1AJ,Times School Twd Sharadadhamam,17.341499228811582,78.39221233060233,,,,,,,,,,
tG4J8i6l,Sharadadamam,17.34540789010256,78.39179367060385,,,,,,,,,,
W6QGjO6t,Bandlaguda Jagir,17.351224605757142,78.38988121693168,,,,,,,,,,
HVacVN7k,Shanthi Nagar Bandlaguda Jagir,17.36326851510238,78.3908562362194,,,,,,,,,,
pogVY7SA,Hydershakoti,17.368686608472714,78.39505791664125,,,,,,,,,,
a5xAO1LB,Hydershakoti,17.368727794717646,78.39324211189864,,,,,,,,,,
dNa6vhrJ,Shanthi Nagar Bandlaguda Jagir,17.363234016130875,78.39087367057802,,,,,,,,,,
8EkWG3EM,Bandlaguda Jagir,17.351,78.39,,,,,,,,,,
ZvWd5zt7,Sharadadamam,17.345436052749914,78.39183390949567,,,,,,,,,,
UafXCKBH,Mile Stone,17.341493886824942,78.39223757445389,,,,,,,,,,
IEmm4huz,Boats Club,17.428567,78.488812,,,,,,,,,,
ZFQrPSa1,Karmika-Nagar,17.444259930503517,78.42411295595218,,,,,,,,,,
top0S40G,Kalyan Nagar,17.4510559003456,78.4228751063346,,,,,,,,,,
MHRfZoa4,Gunthapalle,17.282,78.705,,,,,,,,,,
x28d7cJf,Avanthi Engg Clg,17.282336007289697,78.70823000751554,,,,,,,,,,
GbGvYUab,Mazidpur Village,17.281557478360657,78.7128352982123,,,,,,,,,,
XKFmr7fi,Mile Stone,17.26840804944573,78.72178314871671,,,,,,,,,,
dlQbuusO,Narrepalle,17.259991490471286,78.7346899455071,,,,,,,,,,
WvMFuY0p,Dandumailaram,17.23092463036268,78.76094207389842,,,,,,,,,,
xTxCnGuv,Dandumailaram,17.231001482383697,78.76091392879835,,,,,,,,,,
9FFAPE8x,Narrepalle,17.2597817261462,78.73451823959105,,,,,,,,,,
41HAB087,Kuberapuri Twd Abdullapur Mettu,17.268336332569554,78.72156858008584,,,,,,,,,,
smIcb0dP,Mazidpur Hayathnagar,17.281490834059113,78.71279774614631,,,,,,,,,,
lyrOFxGC,Avanthi Engg Clg,17.28243004096054,78.7081273457631,,,,,,,,,,
EChYUfJl,Gunthapalle,17.282,78.705,,,,,,,,,,
nrGl5G18,Errakunta Hyd Bus Stop,17.303633541818527,78.47462497463992,,,,,,,,,,
0481ggli,Pahadi Shareef,17.272412218245556,78.47312726001837,,,,,,,,,,
EfDqrG4w,Omer Colony,17.269138020025608,78.46621423832754,,,,,,,,,,
SAwLUJiF,Mamidipally,17.249350751469827,78.45098735252179,,,,,,,,,,
lOzqzi2E,Sri Sai Dharmagiri Kshetram,17.259246024506293,78.41821342895183,,,,,,,,,,
3IjVrdPo,Rgi Airport,17.240784840851973,78.42925068841245,,,,,,,,,,
fKjLfk9G,Chintapatla,17.009512167206164,78.68664890527727,,,,,,,,,,
ULoD3Z9g,Thammaloniguda X Road,16.986794939260527,78.71117100119592,,,,,,,,,,
46ERbs1N,Mall Bs,16.967384425889364,78.7297171354294,,,,,,,,,,
VLMgYPNs,Mile Stone,17.180770000137123,78.65186869957638,,,,,,,,,,
LOnsDDDd,Cherlapatelguda X Road,17.180483202895026,78.63693952560426,,,,,,,,,,
BoJqNEvb,Rajamahendra College,17.174958157227692,78.63586662706234,,,,,,,,,,
H5g5Piv2,Cherlapatelguda,17.167951855231742,78.63382279872896,,,,,,,,,,
xkwklHr9,Karnamguda,17.17527590815494,78.62324939076765,,,,,,,,,,
RsTHf5RR,Pocharam-Ibrahimpatnam,17.178012755346856,78.60051512718202,,,,,,,,,,
Vdyu1nge,Metilla,17.164,78.594,,,,,,,,,,
9UirTnPr,Yeliminedu,17.14404032208543,78.59487173763307,,,,,,,,,,
Ea0iAjDN,Timmapur X Roads,17.143,78.589,,,,,,,,,,
IobWZ0kF,Madhapur-Kandukur,17.128179638819233,78.58152508542771,,,,,,,,,,
4C1MiLTY,Middle Tank Band,17.42345794579015,78.48591774702074,,,,,,,,,,
AUw1gaTJ,Shamshabad,17.262045651399877,78.3882424235344,,,,,,,,,,
MIDq6s3m,Sri Sai Dharmagiri Kshetram,17.259310060363102,78.4183019406657,,,,,,,,,,
7jisLozx,Mamidipally,17.25,78.451,,,,,,,,,,
w6P4lO4H,Pahadi Shareef,17.27239468074859,78.47308739162686,,,,,,,,,,
Z2OYHC3k,Middle Tank Band,17.42226794022787,78.48501920700075,,,,,,,,,,
GwiituYe,Shamshabad,17.261656318822876,78.387987613678,,,,,,,,,,
syF0D7NE,Kishanguda,17.254310247135095,78.38055784343715,,,,,,,,,,
lRdPmDfL,Gandiguda,17.23030731452134,78.35262260829188,,,,,,,,,,
Tgi2Jcer,Gansimiya-Guda,17.225813739246853,78.3473253656206,,,,,,,,,,
6qUxhHmn,Peddashapur,17.217,78.341,,,,,,,,,,
0XDEo12B,Madanpally,17.198848075429396,78.32241900265218,,,,,,,,,,
CwAfl9ku,Palmakole,17.18551834850153,78.30608232540459,,,,,,,,,,
WQwkzTAa,Thimmapur-Kothur,17.167849399432576,78.29838582054325,,,,,,,,,,
eSljGJzV,Kothur-Shadnagar,17.147392755913735,78.28882634795325,,,,,,,,,,
eC6sMKtp,Natco,17.13598713275602,78.28579272457316,,,,,,,,,,
Si6JPxQ0,Rangapur-Kothur,17.120935773443342,78.29180087445854,,,,,,,,,,
EZbW0mKJ,Mekaguda-Kothur,17.107827582562443,78.29502251092028,,,,,,,,,,
gH7XUuZ7,Satyahousing-Kothur,17.102873563002557,78.29603075935465,,,,,,,,,,
EM18BaQX,Inmul Narwa,17.084086520706347,78.299278973585,,,,,,,,,,
nOrdZDm6,Jp Dargha,17.068323299307806,78.30250021870577,,,,,,,,,,
7jgUzTnU,Madhapur-Kandukur,17.12833343366185,78.58140169916624,,,,,,,,,,
9bEpBrTN,Timmapur X Roads,17.142889539480393,78.58937323093416,,,,,,,,,,
w240eneK,Yeliminedu,17.144060825812947,78.59475373288305,,,,,,,,,,
AxOUXrVN,Metilla,17.164036024006425,78.59383106503485,,,,,,,,,,
MrAWiiWF,Uppariguda-Ibrahimpatnam,17.190384384028434,78.61372768878938,,,,,,,,,,
CtGQLF1l,Pocharam-Ibrahimpatnam,17.178146008440656,78.60064387321474,,,,,,,,,,
uOPqZmGk,Mile Stone,17.146680244525335,78.5980743148003,,,,,,,,,,
on2zzKik,Jabbarguda,17.147997619011353,78.5839068686576,,,,,,,,,,
B2Uj4w8J,Timmapur-Kandukur,17.13047124007446,78.55772852897645,,,,,,,,,,
PnphYJMt,Begumpet-Kandukur,17.108051923052965,78.55358183383943,,,,,,,,,,
9yAdOeBH,Timmapur-Kandukur,17.130076683278915,78.55670392513277,,,,,,,,,,
n2x8pfPj,Jp Dargha,17.06764640376279,78.30214351380563,,,,,,,,,,
s23jTZo2,Inmul Narwa,17.08429414167132,78.29920922148646,,,,,,,,,,
hZ8RpBFl,Satyahousing-Kothur,17.102983767684805,78.29595297643517,,,,,,,,,,
51i3b5Ai,Mekaguda-Kothur,17.10773405554428,78.29480771987708,,,,,,,,,,
9DAeaCCH,Rangapur-Kothur,17.121007605937766,78.29173396193586,,,,,,,,,,
VHv8XPql,Natco,17.136015320348186,78.28570151029045,,,,,,,,,,
WCJaqJRx,Kothur-Shadnagar,17.15,78.29,,,,,,,,,,
bBLbIL6H,Thimmapur-Kothur,17.1680005614305,78.29830131319314,,,,,,,,,,
EYOccjEX,Palmakole,17.185573447947046,78.30595756292306,,,,,,,,,,
qdx4cCDM,Madanpally,17.198960615940948,78.3223941922188,,,,,,,,,,
0S8B6btL,Peddashapur,17.219,78.342,,,,,,,,,,
Sf8dZ8yk,Gansimiya-Guda,17.225926452799165,78.3471322330354,,,,,,,,,,
rWIOODFe,Gandiguda,17.23,78.352,,,,,,,,,,
wnb2jyRf,Kishanguda,17.25307542446084,78.37903439718579,,,,,,,,,,
TqbzRh9L,Afzalgunj,17.374,78.476,,,,,,,,,,
CGjX4zn8,Abdullahpur Village,17.32044605308206,78.69236446666405,,,,,,,,,,
87o01oN5,Kawadipalle,17.334595592948855,78.69735895999946,,,,,,,,,,
YvubqMGE,Taramathi X Road,17.34376681913623,78.69695667995171,,,,,,,,,,
XiitdPhl,Saddu Pally Village,17.370125326198767,78.69874298993383,,,,,,,,,,
zxX03N3Q,Bandaraviryal,17.38886654788396,78.71834323004653,,,,,,,,,,
X4KVUm75,Chinna Ravirala,17.38317069166205,78.72472017583392,,,,,,,,,,
v69ltsCr,Guvvaleti X Roads,17.377359399250413,78.7335258726689,,,,,,,,,,
m35QCVzJ,Pillai Palle,17.375175933387414,78.73866499018278,,,,,,,,,,
HxhFC5MV,Jagathpally X Roads,17.369577476736314,78.75455975462393,,,,,,,,,,
qWLixMnC,Jagatthpalle,17.357919354796515,78.76524569635741,,,,,,,,,,
Pj9X3SdL,Peddagudem-Pochampally,17.380431127373186,78.76934409229216,,,,,,,,,,
t3pIlfPs,Julur Temple,17.389003510041103,78.78408282512919,,,,,,,,,,
EK3WdY8x,Alinagar Juloor,17.38354889162172,78.78027675482318,,,,,,,,,,
B9ZQPyhF,Peddagudem-Pochampally,17.3805280045006,78.76944070915637,,,,,,,,,,
hEZRInZL,Jagatthpalle,17.358106159478233,78.76537433318755,,,,,,,,,,
vhyCcbVB,Jagathpally X Roads,17.369675073080113,78.7544189370961,,,,,,,,,,
32IJWuDb,Pillai Palle,17.375129798929486,78.73859792895165,,,,,,,,,,
SmVeYMsB,Guvvaleti X Roads,17.377359399921396,78.73335957570998,,,,,,,,,,
IVChBGlL,Bandaraviryal,17.388857659827465,78.7184035802939,,,,,,,,,,
2kbydhqx,Saddu Pally Village,17.37015601292049,78.69888781661074,,,,,,,,,,
UVufBafQ,Taramathi X Road,17.34381802437362,78.69721416019284,,,,,,,,,,
cX94IdDb,Kawadipalle,17.33458558227578,78.69728118001494,,,,,,,,,,
amWgvBxX,Abdullapurmet,17.320395034246012,78.69253646326752,,,,,,,,,,
WqrBuvb5,Jnnurm Colony,17.318753907804805,78.67620036005977,,,,,,,,,,
RMiuR7Lj,Jnnurm Colony,17.322,78.678,,,,,,,,,,
52RJK0Px,Tarnaka,17.424928,78.535651,,,,,,,,,,
sz0LT1cL,Koheda Village,17.281808322053735,78.6358666419983,,,,,,,,,,
FXfDNZkp,Koheda Village,17.281782710840517,78.63578081130983,,,,,,,,,,
4TZp4GDN,Thorrur X Road,17.32838409760243,78.59663128852844,,,,,,,,,,
CHr4jZcC,Langar House,17.374015,78.417593,,,,,,,,,,
11LODEPw,Mangalpalle-Ibrahimpatnam,17.209,78.595,,,,,,,,,,
t3K4SmA3,Saheb Guda X Roads,17.206403750707388,78.57445477568069,,,,,,,,,,
itxD28XB,Saheb Guda X Roads,17.206506238229398,78.57449232442872,,,,,,,,,,
UMQil1uC,Turkaguda-Ibrahimpatnam,17.153,78.619,,,,,,,,,,
jhXFqJE3,Kappapahad,17.142,78.616,,,,,,,,,,
7E1D5fCY,Kappapahad,17.142,78.616,,,,,,,,,,
utsKX4NJ,Turkaguda-Ibrahimpatnam,17.15288258520033,78.61898481845857,,,,,,,,,,
IBwewgdL,Rajamahendra College,17.17507091281185,78.63560916113484,,,,,,,,,,
XWbwz8Vw,Cherlapatelguda X Road,17.180567611302042,78.63688588142396,,,,,,,,,,
qlTSaV3B,Y M Thanda Twd Kothapet,17.053625426005393,78.30508594482215,,,,,,,,,,
bp8vT84M,Enugu Tanda,17.04561667878059,78.31640090030784,,,,,,,,,,
GLxAdPmt,Siddapur-Kothur,17.056031063352464,78.35192799568178,,,,,,,,,,
BGcnTqoy,Enugu Tanda,17.045296335010594,78.31639945507051,,,,,,,,,,
RD54nTRA,Y M Thanda Twd Afzalgunj,17.053484415782837,78.30502950869482,,,,,,,,,,
ipjaohcC,Shaheen Nagar,17.2959304426799,78.4776407852768,,,,,,,,,,
Lx7phFec,Shaheen Nagar,17.2958945897311,78.4778456389904,,,,,,,,,,
F6B2fKav,Errakunta Hyd Bus Stop,17.303642816818975,78.47455325881832,,,,,,,,,,
cdagWtGq,Pigilipur,17.31549435663674,78.74361634885719,,,,,,,,,,
uNu0mjqJ,Pedda Amberpet Checkpost,17.320041888516386,78.64167363350228,,,,,,,,,,
CZt2LyDL,Gandicheruvu X Rds,17.30956124643898,78.6475744913185,,,,,,,,,,
7yoeTHnc,Upparguda,17.294613643563512,78.64834427272436,,,,,,,,,,
andgnWFq,Koheda Fruit Market,17.280191381438833,78.65167652183416,,,,,,,,,,
J3GtTWZn,Umar Khan Guda,17.27214782053358,78.66941572182553,,,,,,,,,,
k4usl2b1,Sanghi Temple (Sanghi Nagar),17.270702972735343,78.6770305051088,,,,,,,,,,
jvNB2ZHB,Anajpur X Road,17.271491838977564,78.68693590724284,,,,,,,,,,
G9p12EnX,Anajpur X Road,17.271276690933423,78.68703246241104,,,,,,,,,,
wWvVC1op,Sanghi Temple (Sanghi Nagar),17.270677339837103,78.67718338782254,,,,,,,,,,
xJUzI5GQ,Umar Khan Guda,17.272034833886767,78.669270868686,,,,,,,,,,
5JKBpzAO,Koheda Fruit Market,17.279831122952775,78.65154147957166,,,,,,,,,,
QyVTtWDp,Upparguda,17.294626451634468,78.64826380776906,,,,,,,,,,
RWq9HrJD,Gandicheruvu X Rds,17.309551000814256,78.64753694100601,,,,,,,,,,
w5hCYfCS,Pedda Amberpet,17.32,78.638,,,,,,,,,,
ajCJ16t8,Koheda X Road-Thorrur,17.28293266722743,78.64219112052582,,,,,,,,,,
7w7c80aF,Vinobha Nagar,17.206511359934233,78.66754353046419,,,,,,,,,,
73D9ySDd,National Security Guard (Nsg),17.211971255281554,78.6748579144478,,,,,,,,,,
f2PHZLVq,Naganpalle-Ibrahimpatnam,17.21677767452503,78.68929356336595,,,,,,,,,,
93zfZniC,Zphs Nagan Pally,17.216,78.694,,,,,,,,,,
Yp0IpBwm,Polkampally-Ibrahimpatnam,17.223,78.708,,,,,,,,,,
t0KcL4ix,Manyaguda-Ibrahimpatnam,17.22417408947708,78.71634363584525,,,,,,,,,,
WGLjFpFq,Polkampally-Ibrahimpatnam,17.22298279220422,78.70811730623247,,,,,,,,,,
r4hWhDPZ,National Security Guard (Nsg),17.212101921848838,78.67506980895996,,,,,,,,,,
aCoVNffK,Vinobha Nagar,17.206373002914134,78.66740942001344,,,,,,,,,,
iQCk21iO,Raipole-Ibp,17.204,78.715,,,,,,,,,,
qDJ90uoH,Thallapalliguda-Manchal,17.187,78.737,,,,,,,,,,
ZTY0YgPN,Muknoor-Ibrahimpatnam,17.206014299046895,78.75105544924737,,,,,,,,,,
fyqTulQZ,Gold Coast,17.263080447242448,78.76202701370964,,,,,,,,,,
pF8cqHn0,Mukthapur,17.358663117692643,78.80922317753817,,,,,,,,,,
9ZldPtBV,Juloor,17.38607274141633,78.78483656370018,,,,,,,,,,
03v6NIT1,Rudra Velly Bibinagar,17.409,78.786,,,,,,,,,,
IC6Vg6Pc,Raghavapur-Bibinagar,17.422314005103633,78.79072129726411,,,,,,,,,,
a19GCunM,Raheem Khan Guda,17.450805461904768,78.79462659891881,,,,,,,,,,
G2aK61Ng,Bibinagar X Road,17.472415465259747,78.79086881875993,,,,,,,,,,
3ap1EB6x,Gudur Toll,17.485596104242347,78.82136823043174,,,,,,,,,,
evg3jp1l,Pagidipally,17.49398900571261,78.83590713026663,,,,,,,,,,
FCCLKhIM,Anantharam (Bngr),17.49826668335957,78.84167257967181,,,,,,,,,,
BuHycseK,Bhuvanagiri Bs,17.51623139876291,78.88670419311049,,,,,,,,,,
v7DDL8uA,Raigiri X Road,17.539409086836326,78.94088745117189,,,,,,,,,,
hXZELEFX,Raigiri Railway Station,17.548,78.938,,,,,,,,,,
vSNbccCW,Yadagirigutta Bs,17.583,78.946,,,,,,,,,,
LMfwOs9H,Yadagirigutta New Bs,17.597184313578147,78.94267380237581,,,,,,,,,,
GcJT3puP,Gadda Mallaiguda,17.098,78.686,,,,,,,,,,
OTgdnMIz,Rangapur-Manchal,17.09070373603157,78.71402889490129,,,,,,,,,,
dm06utsy,Bugga Tanda X Road,17.07759472691611,78.7425755913023,,,,,,,,,,
YZl4ujwL,Yellamma Thanda-Manchal,17.069543786257512,78.75257492065431,,,,,,,,,,
j6p1ZYqH,Bodakonda Penikarla,17.061307945398667,78.77688648641099,,,,,,,,,,
5hCo5QQn,Kurravni Thanda,17.060282187959626,78.79199268082014,,,,,,,,,,
XmD6R3d7,Sathi Thanda-Manchal,17.055961490050684,78.80198657512663,,,,,,,,,,
zMP4NMAh,Amboth Thanda,17.05022506929689,78.81618080296025,,,,,,,,,,
fNnJvJNJ,Loyapalle-Manchal,17.040854929210806,78.83094906890241,,,,,,,,,,
4jFccJHE,Khudabaksh Palle,17.031,78.838,,,,,,,,,,
3wFfualT,Elgapally X Roads,17.02489315222017,78.83717193962539,,,,,,,,,,
TC3LmBAK,Shivanaguda-Marriguda,17.00346688329306,78.88718689316666,,,,,,,,,,
sWSe8EcZ,Elgapally X Roads,17.024775168723437,78.83709667533942,,,,,,,,,,
sGBMLQB1,Khudabaksh Palle,17.031,78.838,,,,,,,,,,
4HFgT37f,Loyapalle-Manchal,17.04066003095421,78.83097052626765,,,,,,,,,,
vy8KCtkp,Amboth Thanda,17.05026607603522,78.81598770782213,,,,,,,,,,
XrgG5fYh,Sathi Thanda-Manchal,17.055912769444916,78.80221188068391,,,,,,,,,,
h7lurzZY,Kurravni Thanda,17.060061668113658,78.7921535943355,,,,,,,,,,
uffb44Y9,Bodakonda Penikarla,17.0612437678117,78.77688912489596,,,,,,,,,,
Jpmcts0o,Yellamma Thanda-Manchal,17.069338661704045,78.7526285648346,,,,,,,,,,
DOeT9peb,Bugga Tanda X Road,17.077512720507162,78.7424468723418,,,,,,,,,,
60cLoiWz,Rangapur-Manchal,17.090778085189278,78.71398329734804,,,,,,,,,,
HdKAbWMf,Gadda Mallaiguda,17.098,78.686,,,,,,,,,,
oAapfc7N,Sarampet-Marriguda,16.993324516491253,78.89858901500703,,,,,,,,,,
V2tgp1fS,Indurthi-Marriguda,17.00510486278616,78.90577857052043,,,,,,,,,,
WBT1Bupd,Kottala-Marriguda,17.014915765203853,78.91901683260873,,,,,,,,,,
S3qQDbiR,Namapur-Marriguda,17.024496,78.927929,,,,,,,,,,
fGhUJMWp,Kottala-Marriguda,17.015319247651192,78.9199294911944,,,,,,,,,,
9P7lGg2N,Indurthi-Marriguda,17.00509026733605,78.90587391499568,,,,,,,,,,
EDcNBIE4,Sarampet-Marriguda,16.989984679437445,78.89451201918472,,,,,,,,,,
gmNTvWQ0,Ibp Manchal Road,17.19313255288748,78.64666655742923,,,,,,,,,,
Zokb8dFc,Arkedia,17.17681342020221,78.66606296406006,,,,,,,,,,
rlJCFxP3,Seetharampet-Ibrahimpatnam,17.17119621930759,78.67718338966371,,,,,,,,,,
90wJNQZr,Nomula-Manchal,17.16725993999672,78.68915140628816,,,,,,,,,,
Ss1ggtCA,Lingampalle-Manchal,17.165619798959312,78.70117844492528,,,,,,,,,,
QJIBU4qv,Manchal,17.160945317440525,78.72066736764904,,,,,,,,,,
Y3XukUlp,Mro Office Manchal,17.16,78.727,,,,,,,,,,
qq7GPd1J,Chandkhanguda,17.133311292473635,78.72980296611787,,,,,,,,,,
2AgQ9uJf,Arutla-Manchal,17.134,78.759,,,,,,,,,,
WkGjYCm0,Mro Office Manchal,17.15991250766642,78.7270537018776,,,,,,,,,,
SnX61p1h,Manchal,17.160786424003312,78.7206244530062,,,,,,,,,,
77la21Se,Lingampalle-Manchal,17.165440407653445,78.70147883813151,,,,,,,,,,
61SiIPKX,Nomula-Manchal,17.167249689160272,78.68907630443574,,,,,,,,,,
SUJdlKyM,Seetharampet-Ibrahimpatnam,17.171,78.677,,,,,,,,,,
UsHMiDcz,Arkedia,17.176772408077465,78.66589663156884,,,,,,,,,,
ejDNLk11,Mile Stone,17.18891869171401,78.5975861499591,,,,,,,,,,
Sw6tVFCR,Jabbarguda,17.151924055276197,78.5925650667636,,,,,,,,,,
hl1UjhTi,Jabbarguda,17.15173952488312,78.59267235345835,,,,,,,,,,
3WjAaTzS,Mile Stone,17.188898366161638,78.59749989804828,,,,,,,,,,
m1ZAzqwf,Pethulla,17.101,78.627,,,,,,,,,,
G0wOKYla,Darmannaguda-Yacharam,17.086419636194908,78.62611412817897,,,,,,,,,,
lSmDNNno,Tulekhurd/Chinthulla-Yacharam,17.08345070493624,78.61334680949803,,,,,,,,,,
XUlTbtmb,Konala Gudem-Kandukur,17.099889478044098,78.5962128604151,,,,,,,,,,
enUwCZuF,Konala Gudem-Kandukur,17.104011765488167,78.59059107790806,,,,,,,,,,
LYXErHB8,Gummadavalle-Kandukur,17.09422894432925,78.57980843297864,,,,,,,,,,
J2q4HvlA,Akulamailavaram,17.066,78.574,,,,,,,,,,
HUyyHGrT,Akulamailavaram,17.066134918374935,78.5739760114844,,,,,,,,,,
487YYUdv,Gummadavalle-Kandukur,17.094290437194463,78.58010084395777,,,,,,,,,,
HCLsiHyJ,Konala Gudem-Kandukur,17.09988178712944,78.59591782228945,,,,,,,,,,
HPTnXeJS,Tulekhurd/Chinthulla-Yacharam,17.083455832664857,78.61323415847293,,,,,,,,,,
c7YoIDuq,Pethulla,17.10123794683548,78.62703680992128,,,,,,,,,,
pf8O1IfF,Nfc North Gate,17.457149845501068,78.5789340734482,,,,,,,,,,
d4kCC1cy,Esi Hospital Nacharam,17.430825570972353,78.55339944362642,,,,,,,,,,
3QY7CEMd,Palgutta-Chevella,17.288,78.174,,,,,,,,,,
y0rXNe2Q,Kandawada,17.27697541633606,78.1760984645111,,,,,,,,,,
xfOpGZRU,Deshmukhi,17.334232614049434,78.73105287073216,,,,,,,,,,
W0b38qFV,Deshmukhi,17.33404818409982,78.73090266931662,,,,,,,,,,
A7mHKDWW,Yenkepalle X Roads,17.33737626699915,78.31339538097383,,,,,,,,,,
zwC0rUKn,Yenkepalle-Moinabad,17.324,78.312,,,,,,,,,,
RzlS06Kp,Bakaram Jagir-Moinabad,17.28979110448642,78.31309365219981,,,,,,,,,,
x8vJO7ga,Bakaram Jagir-Moinabad,17.289762925030598,78.31295817188031,,,,,,,,,,
ra3FyDtJ,Yenkepalle-Moinabad,17.324082479798683,78.3117002248764,,,,,,,,,,
BzZhwFv0,Shamagadda,17.13767366856897,78.52007567759793,,,,,,,,,,
XP9jAAWk,Lemoor,17.13828561255061,78.51529665328424,,,,,,,,,,
KIsykcCB,Agarmiyaguda,17.146736631003826,78.52731227874757,,,,,,,,,,
YZzYZ7AL,Karnamguda,17.17533742347247,78.6230778793726,,,,,,,,,,
yYNZOcB8,Cherlapatelguda,17.167972363455352,78.63368332386018,,,,,,,,,,
DHKVZvkC,Malkeezguda-Yacharam,17.016046082878752,78.65699440271976,,,,,,,,,,
cmX18nAD,Nakkarta Medipally,17.00094793051611,78.64761467010707,,,,,,,,,,
r8Rwe2px,Nanaknagar-Yacharam,16.992,78.626,,,,,,,,,,
PYqeFtWX,Pilli Pally-Yacharam,17.005190296215222,78.6041522026062,,,,,,,,,,
t1FQ1DD1,Thatiparthy-Yacharam,17.003,78.597,,,,,,,,,,
Kva030p2,Pilli Pally-Yacharam,17.005,78.604,,,,,,,,,,
DJLPPPHy,Nanaknagar-Yacharam,16.992113785105097,78.62625360488893,,,,,,,,,,
3fA9oRrj,Nakkarta Medipally,17.001492891782988,78.64751868812395,,,,,,,,,,
LAceO9z3,Malkeezguda-Yacharam,17.016106384827737,78.65702122901078,,,,,,,,,,
V0E8Dph8,Nandiwanaparthy-Yacharam,17.045983757657666,78.6346435546875,,,,,,,,,,
7qlQgUbt,Ayyavariguda-Yacharam,17.049245689053432,78.61525639226241,,,,,,,,,,
7z70m6Gv,Nazdik Singaram-Yacharam,17.040075334965216,78.60774636268617,,,,,,,,,,
GuAJS3jR,Meerkhanpet,17.046,78.573,,,,,,,,,,
oWSFtcB0,Peddamma Gudi-Kandukur,17.050040561253414,78.54878336191179,,,,,,,,,,
lt1Hgn9S,Begarikancha X Roads,17.05069978949433,78.54100763966963,,,,,,,,,,
uMqSJ0RD,Sarvaravulapalle X Road-Kandukur,17.050920122094936,78.53900134563447,,,,,,,,,,
mR7WvDbr,Ntr Thanda-Kandukur,17.053,78.517,,,,,,,,,,
CI8ecHST,Debbadaguda,17.04691462856112,78.49540487145983,,,,,,,,,,
aKb89bR7,Kandukur (Klky),17.063636320944603,78.48701415912609,,,,,,,,,,
ljpad21X,Kandukur X Roads,17.073,78.474,,,,,,,,,,
XojHQjhI,Kandukur (Klky),17.063923222217642,78.48704696604011,,,,,,,,,,
KA3qI2hh,Ntr Thanda-Kandukur,17.053112595377748,78.51716279720496,,,,,,,,,,
KVyeeiLe,Thimmaipally,17.06533863892996,78.51792308574096,,,,,,,,,,
eao0JkGK,Begarikancha X Roads,17.051,78.541,,,,,,,,,,
uzDo9kWB,Peddamma Gudi-Kandukur,17.05,78.549,,,,,,,,,,
r4XVddU3,Meerkhanpet,17.046270967888976,78.57309222072327,,,,,,,,,,
xM00bmMy,Nazdik Singaram-Yacharam,17.03994198299231,78.60768735408784,,,,,,,,,,
ulNCdY0b,Ayyavariguda-Yacharam,17.04936624686503,78.61517590850781,,,,,,,,,,
X8Ki3Rzb,Nandiwanaparthy-Yacharam,17.046,78.635,,,,,,,,,,
exlk9pwF,Chennareddyguda,17.103458882874655,78.7754363166976,,,,,,,,,,
YNHFpANL,Chennareddyguda,17.093413426478023,78.77676844596864,,,,,,,,,,
cZTKylUy,Bandalemoor,17.091306219005393,78.79529986189286,,,,,,,,,,
KUnjtcUK,Ajjina Thanda,17.0808841947467,78.79865797365377,,,,,,,,,,
hpXOjVuR,Bandalemoor,17.091275533085042,78.79516843477911,,,,,,,,,,
FwtNhTvF,Chennareddyguda,17.103352920634507,78.77535759562532,,,,,,,,,,
aCup6gPA,Bugga Tanda,17.103273539078735,78.7430047974251,,,,,,,,,,
A6dVgMVY,Asmatpur-Manchal,17.125104027467533,78.72614982902387,,,,,,,,,,
A7VkA2jM,Japala,17.121,78.719,,,,,,,,,,
nkv82Fpm,Mile Stone,17.133654655668384,78.72033477638563,,,,,,,,,,
HvOERZUO,Narsimhathota,17.248070164416482,78.3819499620184,,,,,,,,,,
haNpfbTi,Kothaguda,17.221996315896448,78.38916242306767,,,,,,,,,,
WAAUVzbQ,Chinna Golconda,17.209029952048233,78.38987052515168,,,,,,,,,,
3EG5qQbR,Shankarapur,17.207336379602367,78.37739825323244,,,,,,,,,,
4kbcBSGz,Kothaguda,17.222,78.389,,,,,,,,,,
ye5JCF3a,Konala Gudem-Kandukur,17.10428358189312,78.59049986362535,,,,,,,,,,
853HrvJ3,Darmannaguda-Yacharam,17.086,78.626,,,,,,,,,,
g2jAKmbb,Darmannaguda-Yacharam,17.08374554910164,78.61784220000463,,,,,,,,,,
22TevQJN,Kothur Thanda,17.138806511993074,78.29589128669616,,,,,,,,,,
rgPI7VS2,Company Twd Penjarla,17.12809888343531,78.30522542083041,,,,,,,,,,
ojHrt7XP,Kodicherla,17.09321636076688,78.33114329689094,,,,,,,,,,
Qjm62ezL,Penjerla,17.109827154610052,78.32148895429033,,,,,,,,,,
KcBzY81u,Mile Stone,17.077492204082187,78.30714553211385,,,,,,,,,,
41TkXkuT,Kodicherla,17.094284023269775,78.3320342882178,,,,,,,,,,
02VFviui,Kothur Thanda,17.138821894634802,78.29579472874975,,,,,,,,,,
M8BJLGV2,Pedda Mangalaram,17.337191973238056,78.26080262660983,,,,,,,,,,
cA5xJ5Nw,Veerannapet-Moinabad,17.374146884436477,78.23004707694055,,,,,,,,,,
q7VdSbzT,Yelkaguda Village,17.351205451900636,78.22737626731397,,,,,,,,,,
vy1MJlZg,Seetarampur Twd Shadnagar,17.211758601651155,78.13341647386552,,,,,,,,,,
sw4UsNFu,Malreddyguda,17.19061499892261,78.13485950231554,,,,,,,,,,
XSAAbruj,Sankepallyguda,17.1751124,78.1355228,,,,,,,,,,
q8qPhdab,Shabad Bus Stop,17.160125220819513,78.13313484191896,,,,,,,,,,
5AjOFdDk,Sankepallyguda,17.1749007,78.1353653,,,,,,,,,,
7IpyDIbx,Malreddyguda,17.1904420377789,78.13474819064142,,,,,,,,,,
1umBr1hG,Seetarampur Twd Chvella,17.211606157030726,78.13331454992296,,,,,,,,,,
qSr0oLvw,Nagarguda,17.234010324740435,78.13640847802164,,,,,,,,,,
rqX5pO6g,Rudraram-Shabad,17.23547164665431,78.1580686569214,,,,,,,,,,
kYQOcQVN,Chandanvelly,17.229,78.17,,,,,,,,,,
cP6NDCvr,Hayathabad,17.225,78.2,,,,,,,,,,
jX1MR3gH,Maddur,17.217,78.226,,,,,,,,,,
aX5EIDv9,Ramanujapur-Shamshabad,17.23268929576298,78.24656009674074,,,,,,,,,,
okUglOS0,Venkatapur-Moinabad,17.247076286853947,78.25371633333852,,,,,,,,,,
QNKaBZhr,Kavelliguda,17.247672288946855,78.25685642027351,,,,,,,,,,
9KTtOvnq,Malkaram,17.251,78.276,,,,,,,,,,
0CoylYVT,Rayannaguda,17.252711694559444,78.29020498938442,,,,,,,,,,
JBHdhNQf,Kacharam,17.252,78.295,,,,,,,,,,
FwfWRI9r,Vardhaman Clg,17.2544125372503,78.30789685871659,,,,,,,,,,
COKkNjjB,Sultanpally X Roads,17.256492461545445,78.31943031080579,,,,,,,,,,
Jcjf5DRZ,Narkhoda,17.258,78.335,,,,,,,,,,
EFhNpLSu,Oasis School Of Excellence,17.262189089510503,78.35264682769778,,,,,,,,,,
Sh0tGTWz,Doddi,17.26368475977718,78.36807490265171,,,,,,,,,,
IAXEDiiE,Rallaguda,17.265034766577354,78.37420910299946,,,,,,,,,,
J0Bz8QBv,Quthbuddinguda,17.363141826806846,78.23972582817079,,,,,,,,,,
DCoDciwT,Chandanagar-Moinabad,17.366472315593203,78.25909405265365,,,,,,,,,,
rD7jYCLO,Pedda Mangalaram,17.337276492906724,78.2608187198639,,,,,,,,,,
T7SsKEOk,Quthbuddinguda,17.363187921474672,78.23977142572404,,,,,,,,,,
BDHQHrHI,Mile Stone,17.439024203083804,78.12619267415619,,,,,,,,,,
sbgKtHOS,Chandippa,17.442660747598214,78.12245696489353,,,,,,,,,,
CIgfwKsj,Yelwarthy,17.427457843114098,78.14431428584902,,,,,,,,,,
T3VFOxqK,Kojjagudem-Shankarpally,17.42692043398318,78.15066575846215,,,,,,,,,,
a6fdgNj7,Tangutoor-Shankarpally,17.412317687066796,78.17895021446115,,,,,,,,,,
EzyQZKnJ,Proddutur-Shankarpally,17.402423134926902,78.20124417363677,,,,,,,,,,
Is5wp4cO,Bhongirpalle,17.178955753213632,78.14993083544658,,,,,,,,,,
d4zOtHCE,Nagarkunta,17.187969301715263,78.16599994897844,,,,,,,,,,
iPc72CzQ,Machanpalle-Shabad,17.203938898020695,78.17407071522787,,,,,,,,,,
kAebY0Y0,Anthireddyguda,17.203908136954514,78.17489683726936,,,,,,,,,,
CRkw98DC,Lingareddy Guda-Shabad,17.189738538760995,78.19360256580082,,,,,,,,,,
sWIkfs9B,Nandar Khan Pet,17.194986371942683,78.19405585472794,,,,,,,,,,
ETVsXEmi,Peddaved-Shabad,17.207905126662762,78.19557129785261,,,,,,,,,,
5VquR2JE,Peddaved-Shabad,17.208,78.195,,,,,,,,,,
i05WPoCd,Nandar Khan Pet,17.195,78.194,,,,,,,,,,
rUvyxRW1,Lingareddy Guda-Shabad,17.19,78.194,,,,,,,,,,
8v1DzHhK,Anthireddyguda,17.204,78.175,,,,,,,,,,
7PjWwx5a,Machanpalle-Shabad,17.204,78.174,,,,,,,,,,
oHtrNmK6,Nagarkunta,17.188,78.166,,,,,,,,,,
Cy3h1Chs,Daivaguda,17.186,78.164,,,,,,,,,,
xjjuJ6xH,Bhongirpalle,17.179,78.15,,,,,,,,,,
YeqQgUc9,Jaibheem Colony Shabad Twd Shabad,17.164,78.136,,,,,,,,,,
ux0CkZxn,Malkapur,17.313,78.172,,,,,,,,,,
t2yCvzlo,Malkapur,17.323,78.173,,,,,,,,,,
sLZSJiDE,Nanal Nagar,17.392811059721218,78.42686860946675,,,,,,,,,,
fWwVoTHW,Gudi Malkapur Market,17.384567623149138,78.43395262961005,,,,,,,,,,
GfBjWol4,Proddutur-Shankarpally,17.40233611401122,78.20112884053418,,,,,,,,,,
gXC7Lp7I,Kojjagudem-Shankarpally,17.426841102025058,78.15056920082263,,,,,,,,,,
MFpBWbUv,Yelwarthy,17.427335006880817,78.14428210302322,,,,,,,,,,
SETxQTpx,Mile Stone,17.438900786340835,78.12607754664819,,,,,,,,,,
EjL17025,Chandippa,17.44261212898403,78.12227726526255,,,,,,,,,,
EpqKIh3K,Bolligutta Thanda,17.040433204814303,78.63024473190309,,,,,,,,,,
kaGzuHjn,Chintapallyguda,17.222467759136922,78.60847055912019,,,,,,,,,,
seHVmyhK,Malisettiguda-Ibrahimpatnam,17.224165122752087,78.61869514063021,,,,,,,,,,
eANGIC25,Ramdaspalle-Ibrahimpatnam,17.235007496850223,78.62999193383492,,,,,,,,,,
VgywNaCv,Mile Stone,17.24878666,78.62663208,,,,,,,,,,
rAOEoeVH,Mile Stone,17.25832093,78.62287875,,,,,,,,,,
JNOHyOua,Mile Stone,17.25825218516349,78.62291692798584,,,,,,,,,,
PfRE7ujw,Mile Stone,17.248871922175873,78.62662375163765,,,,,,,,,,
Ti2rQjiI,Ramdaspalle-Ibrahimpatnam,17.234981879137003,78.63000668574342,,,,,,,,,,
Hwo3Q7c6,Malisettiguda-Ibrahimpatnam,17.22398963104694,78.6187702455074,,,,,,,,,,
CUkNa1nA,Chintapallyguda,17.22243211473475,78.60849469900133,,,,,,,,,,
GdP1jC0V,Damergidda,17.322433703578206,78.10583001749877,,,,,,,,,,
963DLKmm,Mirjaguda-Chevella,17.303630343063823,78.0829889205998,,,,,,,,,,
YCOW0bey,Khanapur Chevella,17.3029645273647,78.06222260005937,,,,,,,,,,
mwM0N8Xe,Alur X Road,17.309401070908027,78.05457495359293,,,,,,,,,,
mdjazRsU,Aloor-1-Chevella,17.329349377521357,78.0673107475284,,,,,,,,,,
xuC3oD5L,Tallaram X Roads,17.360433405447107,78.07546466588975,,,,,,,,,,
OpIYDZwm,Tallaram,17.35935863240786,78.06116549302445,,,,,,,,,,
7re44xqE,Tallaram X Roads,17.36052018223475,78.07568460702898,,,,,,,,,,
77Q9q8Wi,Duddagu,17.361400958624884,78.08329136268374,,,,,,,,,,
OUTj8RsM,Tallaram X Roads,17.360465935469204,78.07570338249208,,,,,,,,,,
aKF7TDpf,Aloor-1-Chevella,17.329183063235856,78.06734830063279,,,,,,,,,,
IDSF5u6F,Alur X Road,17.309266648230928,78.05464263159443,,,,,,,,,,
Hr53tn7m,Khanapur Chevella,17.30306973956483,78.06216893981588,,,,,,,,,,
KcrdpZok,Mirjaguda-Chevella,17.30367768764315,78.08293461768508,,,,,,,,,,
GQICipbM,Damergidda,17.323350334334584,78.1065861212988,,,,,,,,,,
qSVOAjAq,Mehdipatnam,17.395232536631514,78.4391878739413,,,,,,,,,,
YWI4SVfO,Jail Garden,17.37731076392851,78.49377125501633,,,,,,,,,,
eQcewEgF,Chukkapur,16.880534074037772,78.4641918399,,,,,,,,,,
gi392TiR,Talakondapalle,16.88692736628688,78.41794790585853,,,,,,,,,,
vDBDdEeI,Chandradana,16.854147098559938,78.38835708668509,,,,,,,,,,
SJUDQ5D5,Veljala,16.819995892430924,78.36293376714312,,,,,,,,,,
6TWoiCaJ,Vemula,16.784049967408205,78.33962202685873,,,,,,,,,,
mwa4TCpq,Midjil,16.7450960103588,78.32311572550363,,,,,,,,,,
mBGjzJH2,Lingam Pally X Roads,17.191962807081687,78.67513421184825,,,,,,,,,,
x3UJeCcu,Mile Stone,17.19665872654644,78.68611702530595,,,,,,,,,,
32rhonmc,Tallapalli Guda X Road,17.202970412529403,78.73411595821382,,,,,,,,,,
rSBAM78H,Muknoor-Ibrahimpatnam,17.20607066684351,78.75102460384369,,,,,,,,,,
BhmJTM7y,Tallapalli Guda X Road,17.203,78.734,,,,,,,,,,
9vTA0C4W,Raipole-Ibp,17.204,78.715,,,,,,,,,,
V46coXFp,Mile Stone,17.196508391982814,78.68618487907253,,,,,,,,,,
1kw2u1Vy,Lingam Pally X Roads,17.19173732063683,78.67522532363006,,,,,,,,,,
WORVM9rx,Patelguda-Ibrahimpatnam,17.215365993983962,78.5859185470381,,,,,,,,,,
40wi6bRr,Thakkellapalle,16.99459423412177,78.67902874958266,,,,,,,,,,
5JeKlYF4,Kothapalle-Yacharam,16.972905173197244,78.68012843770356,,,,,,,,,,
gH9Hi2gn,Kothapalle-Yacharam,16.973065562035558,78.68009491463734,,,,,,,,,,
YeOj2EhT,Thakkellapalle,16.994598090327333,78.67903813673075,,,,,,,,,,
GekHyW2k,Bashamoniguda,17.071882158271645,78.59418515225923,,,,,,,,,,
H9iWWkRE,Malagudem,17.066759201198852,78.58587563037874,,,,,,,,,,
ohLVF6WS,Kurmidda-Yacharam,17.032068858564585,78.57425897580316,,,,,,,,,,
jtWIrcjg,Kurmidda-Yacharam,17.03200224617801,78.57420131423137,,,,,,,,,,
PxZD4acQ,Bashamoniguda,17.072,78.594,,,,,,,,,,
SkOsz65j,Mile Stone,17.065480679273502,78.29887308919959,,,,,,,,,,
dgP0Dpws,Kongaguda Tanda,17.045480968528274,78.30237681541996,,,,,,,,,,
dmF28Dge,Sangam-Keshampeta,17.02787322894762,78.30209254254079,,,,,,,,,,
biH7piYe,Puttoniguda,17.01427266113291,78.30239161570844,,,,,,,,,,
CDOUgIkD,Dattaipalle-Keshampeta,17.004332114537146,78.3033998015213,,,,,,,,,,
bzt6LlfM,Vemulanarva-Keshampet,16.97947244158868,78.3127677457302,,,,,,,,,,
Ag1quWbo,Chintakuntapalle-Keshampeta,16.95907731833017,78.30903142638053,,,,,,,,,,
SmD97DTD,Mile Stone,16.943,78.314,,,,,,,,,,
Xq6S6og1,Kondareddipally-Keshampeta,16.931482581765355,78.29020768404008,,,,,,,,,,
s8829Mzu,Mile Stone,16.913255790848268,78.28305959596328,,,,,,,,,,
kM5JCgDp,Pedda Revalle,16.91,78.263,,,,,,,,,,
E3IpZo4j,Modampalle,16.90050667269984,78.262095451355,,,,,,,,,,
U7rLYewr,Chinna Revalli,16.893679766534387,78.27405810268466,,,,,,,,,,
OnFhOXup,Sangam-Keshampeta,17.027868166917507,78.30192626697462,,,,,,,,,,
g032PRzS,Nallavelly-Yacharam,16.99951913205791,78.73191924744269,,,,,,,,,,
MrPkvDtF,Mile Stone,17.031915045649495,78.74157786027043,,,,,,,,,,
9A9ZLmKO,Venkateshwara Tanda,17.040784511608866,78.73799445767105,,,,,,,,,,
PjJpve1U,Dadpalle,17.054,78.724,,,,,,,,,,
DSV5fuj6,Mandigowrelly-Yacharam,17.0372544341189,78.70221108275956,,,,,,,,,,
BtAY9xqQ,Kgbv School-Yacharam,17.038,78.682,,,,,,,,,,
HnJHEV6n,Tirugundla Pally-Marriguda,16.96444963,78.77377903,,,,,,,,,,
VKaxG5Ls,Yergandla Palle-Marriguda,16.958779584952268,78.8200861207267,,,,,,,,,,
7jWzVD7Q,Konduru-Veepanagandla,16.098974256136803,78.2209610939026,,,,,,,,,,
udP7STzh,Marriguda-Mall,16.9409962,78.8584355,,,,,,,,,,
LZtPTCJ9,Vattipalle,16.942846810959725,78.87439012403001,,,,,,,,,,
OHLshug4,Damera Bhemanapally-Marriguda,16.952103953922375,78.92927889225163,,,,,,,,,,
vqwkOKBw,Neralla Palli-Nampally,16.942005228784083,78.99210691452028,,,,,,,,,,
b0gCHgiU,Thummalapalle-Chandur,16.950154038403937,79.00764226913452,,,,,,,,,,
kcTGe6kE,Bangarigadda-Chandur,16.984949265143293,79.01903363338097,,,,,,,,,,
IcIalP86,Angadipeta,16.983648707454808,79.03501957654953,,,,,,,,,,
O2Vx1eID,Chandur-Nalgonda,16.980607599166678,79.06269326806068,,,,,,,,,,
6ytRRaAZ,Polkangutta Thanda,17.03640045104733,78.32238614690691,,,,,,,,,,
eTMqolP3,Eklaskhampeta,17.017676093146278,78.33545387780906,,,,,,,,,,
HECALep7,Alwal X Roads-Keshampeta,16.999950043437043,78.34556043148042,,,,,,,,,,
IV7vOsyE,Kothapeta,16.98555401457361,78.36735538785818,,,,,,,,,,
LtpsJ4B6,Patigadda-Keshampeta,16.973864619001944,78.36117624947184,,,,,,,,,,
3CzKyWYb,Keshampeta-Keshampet,16.952966040326963,78.3473171407679,,,,,,,,,,
WFkAWLL5,Ms Twd Chowlapalle,16.951,78.367,,,,,,,,,,
JgKGD4fB,Chowlapalle East,16.951239300205398,78.38962669662449,,,,,,,,,,
hUToG52y,Keshampeta,16.952894205454847,78.34810348098019,,,,,,,,,,
OgTXNiN8,Kothapeta,16.985518754838992,78.36731320299172,,,,,,,,,,
cWlLjtI1,Alwal-Keshampeta,16.99135192984438,78.34424346177805,,,,,,,,,,
QBFkp8eG,Alwal X Roads-Keshampeta,16.99991416242351,78.34550676981596,,,,,,,,,,
t8D9jfpk,Eklaskhampeta,17.017563265154998,78.33535999969418,,,,,,,,,,
NOb4CSHo,Kothapeta-Keshampeta,16.9860650147714,78.36649220902295,,,,,,,,,,
l2dwAGUn,Ms Twd Afzalgunj,16.950968627126848,78.36707845219851,,,,,,,,,,
aH46nSIY,Patigadda-Keshampeta,16.974800369022798,78.3475969022145,,,,,,,,,,
Bahd4mjR,Janwada X Road,17.412620498108147,78.26683414357977,,,,,,,,,,
QFs8CtHB,Janwada-Shankarpally,17.401806289969556,78.25837518635109,,,,,,,,,,
M1PoUsVY,Maharajpet Village,17.40596023090036,78.22514265775682,,,,,,,,,,
xeEdy9b5,Gopularam,17.402241482881767,78.2210925413205,,,,,,,,,,
nLkAEuLq,Jalalmiyapally,17.075,78.709,,,,,,,,,,
lYl60i4O,Cheeded,17.069905287059143,78.71521174907686,,,,,,,,,,
DF4tsnzd,Gopularam,17.402205640559504,78.22101474090292,,,,,,,,,,
7S445MIJ,Maharajpet Village,17.405980712628015,78.2250863313675,,,,,,,,,,
Vl2nJewk,Cheeded,17.069779931246753,78.71516883373262,,,,,,,,,,
CHfZ5bIV,Bongloor Village,17.230748104637172,78.57889115810396,,,,,,,,,,
MYr98CJd,Bongloor Model School,17.23540534392205,78.57179403305054,,,,,,,,,,
oc1K8v9W,Janwada-Shankarpally,17.401936820865092,78.2583671313585,,,,,,,,,,
PycjrSgc,Kanakamamidi,17.30495942362418,78.24740757828484,,,,,,,,,,
HuA2C1ek,Kanchemanguda,17.28473813686811,78.24148535728456,,,,,,,,,,
3KQJdg9n,Chakaliguda X Road,17.26899650725998,78.2409891486168,,,,,,,,,,
UFgNsD6I,Venkatapur-Moinabad,17.25094935086581,78.2466244697571,,,,,,,,,,
YmIfOiYD,Chakaliguda-Moinabad,17.266615000706103,78.23548257350923,,,,,,,,,,
pFjF5Ugo,Chakaliguda X Road,17.26907401159793,78.24099183082582,,,,,,,,,,
E61jZXKi,Kanchemanguda,17.28479585929664,78.24145987629892,,,,,,,,,,
DTvkaeHc,Kanakamamidi,17.30505163751869,78.24732185044996,,,,,,,,,,
pE53XDF9,Polepalle Ramnagar,16.953484275178155,78.72608542442322,,,,,,,,,,
L0EqDish,Madnapur-Chintapally,16.926380114892424,78.73161882105695,,,,,,,,,,
WGGhl1dN,Kurmed Gate,16.89113,78.753828,,,,,,,,,,
AtBJoyjs,Kurmed,16.880718607708566,78.74765306715003,,,,,,,,,,
zD7YXdVw,New Bhramanapalle-Madgul,16.834758213188262,78.73048424889966,,,,,,,,,,
bvtTiEQP,Old Brahmanapalle-Madgul,16.83232125174537,78.72615245088434,,,,,,,,,,
0Csy8Qbj,Irvin,16.79055959201165,78.70550212424266,,,,,,,,,,
6ruXPQev,Girikothapalle,16.767290808257755,78.7095147287124,,,,,,,,,,
dHrOralV,Agraharam Thanda,16.749543995729514,78.70984734504954,,,,,,,,,,
IAJyrilE,Ramadugula Madgul,16.76008183290837,78.7065910435742,,,,,,,,,,
10nN26Bs,Sirsinagandla Gutta-Vangoor,16.734004371877116,78.71430245935262,,,,,,,,,,
dC0Xizln,Sirsangandla-Vangoor,16.73021824838786,78.74705494578176,,,,,,,,,,
YOPWLSTL,Charakonda,16.691725,78.707016,,,,,,,,,,
VSYQ8Ifd,Charakonda,16.691765,78.706886,,,,,,,,,,
96QJvC6f,Sirsangandla-Vangoor,16.730184846173536,78.74710591846915,,,,,,,,,,
qsEsYkND,Sirsinagandla Gutta-Vangoor,16.734158490604408,78.71421396732332,,,,,,,,,,
RiJpTGjZ,Agraharam Thanda,16.74948253138186,78.70988488850777,,,,,,,,,,
DVTAhbf6,Ramadugula Madgul,16.760122901951746,78.70658442378044,,,,,,,,,,
H3rMx6xk,Girikothapalle,16.767162399557336,78.70938062054118,,,,,,,,,,
8vnXyjCl,Irvin,16.79059040558599,78.70563493165929,,,,,,,,,,
7RgTHvdL,Old Brahmanapalle-Madgul,16.832279430377522,78.72637423894074,,,,,,,,,,
uVNtV6bX,New Bhramanapalle-Madgul,16.834020811613552,78.73485896102704,,,,,,,,,,
mB0pLOR7,Kurmaidu,16.88073425288091,78.74740363012388,,,,,,,,,,
HARJ54XB,Kurmed Gate,16.890723264850262,78.7534493271935,,,,,,,,,,
2zvzsTMQ,Madnapur-Chintapally,16.9263117795783,78.73158950457153,,,,,,,,,,
wC0vSOra,Polepalle Ramnagar,16.953491972113145,78.72605323791505,,,,,,,,,,
ugZvICEG,Anthampet,16.76789049457856,78.78198810993133,,,,,,,,,,
2NIcykq7,Andugula-Madgul,16.758892554562376,78.76914560625568,,,,,,,,,,
Saovemcm,Kubya Tanda,16.781104509708836,78.76969279572961,,,,,,,,,,
Zk19ZcPJ,Mile Stone,16.783770061012678,78.75071616250496,,,,,,,,,,
QYaS8zf1,Chetla Tanda,16.79033027664955,78.75053582405769,,,,,,,,,,
SjyYWS55,Mile Stone,16.799910727242324,78.75356134058892,,,,,,,,,,
2ETTOvUn,Arkapalle-Madgul,16.81963827052409,78.76389424201288,,,,,,,,,,
9FQbswOY,Nallacheruvu,16.832064513519374,78.70017511162571,,,,,,,,,,
p7EXA9NY,Madgul,16.850815102808657,78.68856669173694,,,,,,,,,,
f7hQA23D,Pedda Madgul,16.864907610475203,78.69518905878068,,,,,,,,,,
dykcL9MT,Narsaiahpally-Madgul,16.891006880724078,78.7145821124957,,,,,,,,,,
kysPDu6s,Kolkulapally-Madgul,16.912303780790122,78.72335516124816,,,,,,,,,,
tNYuTf2O,Kandawada,17.27700359679053,78.1761386970754,,,,,,,,,,
U4bEECYd,Palgutta-Chevella,17.287944666065446,78.17383468422888,,,,,,,,,,
Zhg02EBp,Elgapally,17.009430630275634,78.82784022790234,,,,,,,,,,
bUBYic4L,Mile Stone,17.009482579192326,78.81905987194578,,,,,,,,,,
wtjG0kFR,Manthangowrelly,16.997936510614206,78.77911805913682,,,,,,,,,,
U5iiXULc,Ajilapur-Marriguda,16.98296122376947,78.80368708441965,,,,,,,,,,
83AKSJ3a,Mile Stone,17.009617328319028,78.81906151771547,,,,,,,,,,
gZQaHta7,Mile Stone,17.00952499236437,78.8278377056122,,,,,,,,,,
DnDhnJGQ,Alwal X Roads-Keshampeta,16.9997397606141,78.34553628144721,,,,,,,,,,
bvblypGf,Alwal-Keshampeta,16.99132629818022,78.34428634779403,,,,,,,,,,
zgQLJXAN,Patigadda,16.973836446364825,78.36123392023157,,,,,,,,,,
dCkY8CQP,Keshampeta-Keshampet,16.95305834978306,78.34669768467991,,,,,,,,,,
pU7YfmET,Sundarapuram X Road,16.928949948112226,78.33777138162964,,,,,,,,,,
ojdbEyOC,Kakunoor,16.91526261766719,78.33434350557283,,,,,,,,,,
2zQb59h8,Thommidi Rekula ( 9 Rekula ),16.879114625177234,78.32414969600484,,,,,,,,,,
elytaeVX,Lingamdana,16.869821137862452,78.32566379069571,,,,,,,,,,
XB73aLXz,Kakunoor,16.915206146010007,78.33437569884907,,,,,,,,,,
8fClp1rt,Kolkulapally-Madgul,16.912275521259115,78.72319938105935,,,,,,,,,,
8ChpJZCA,Narsaiahpally-Madgul,16.890974749717707,78.71460020316542,,,,,,,,,,
5Hjz0dVV,Old Brahmanapalle-Madgul,16.831813871631358,78.72931480407716,,,,,,,,,,
p94JHNZO,Arkapalle-Madgul,16.819756113521464,78.76388316236553,,,,,,,,,,
dWYBCqbF,Asireddypally-Madgul,16.80588658780792,78.78849511341421,,,,,,,,,,
1iJmW9cH,Palle Thanda-Madgul,16.795,78.782,,,,,,,,,,
8tNDGKFy,Palugu Tanda,16.79984191,78.75359091,,,,,,,,,,
REwwNrv8,Jugu Tanda,16.79345725,78.77002068,,,,,,,,,,
2YBJBz0u,Kubya Tanda,16.78108855,78.76976553,,,,,,,,,,
FI7sGrCR,Kakunoor,16.914667338862042,78.33643063078986,,,,,,,,,,
UEetBaIP,Jugu Tanda,16.793619679109575,78.76993089141216,,,,,,,,,,
0FLn5e5S,Palle Thanda-Madgul,16.79478368129002,78.78225624140467,,,,,,,,,,
LYHFwV8Q,Mile Stone,16.79624475475306,78.79172980785371,,,,,,,,,,
voOrLd0m,Asireddypally-Madgul,16.806025132081203,78.78843337012496,,,,,,,,,,
CKEJ8inW,Sundarapuram X Road,16.929062914342115,78.33768022017857,,,,,,,,,,
gDAwYqts,Gandipet,17.384473048807013,78.32007141444004,,,,,,,,,,
vi4Ts33Y,Osman Sagar,17.386561644793115,78.31659793853761,,,,,,,,,,
cLf6phnu,Gandipet,17.384536775654514,78.3200392211638,,,,,,,,,,
H3j9Ef9N,Veerannapet-Moinabad,17.37423138582795,78.22996258735658,,,,,,,,,,
9DTXZ39e,Medipalle-Moinabad,17.371607337597705,78.20135414600374,,,,,,,,,,
bVojScSI,Veerannapet-Moinabad,17.37426211374751,78.2300913333893,,,,,,,,,,
wfYKOUqD,Manchirevula,17.37792257152354,78.35434721059592,,,,,,,,,,
oxNGfT8u,Ashramam-Machirevula,17.37291541783831,78.34970695797983,,,,,,,,,,
iuRP2pua,Vyasa Nagar,17.367719213455626,78.35073173046113,,,,,,,,,,
TELGI97z,Manchirevula,17.377799679270478,78.3543191881206,,,,,,,,,,
U6GekXF4,Proddutur X Roads,17.380528238689283,78.20032954216005,,,,,,,,,,
QqiJYLgX,Pragathi Resort,17.38052856147599,78.18111956119539,,,,,,,,,,
f0ACGGGv,Gollaguda X Road,17.38333768357255,78.16528245806695,,,,,,,,,,
JBBB7rjj,Kammeta X Roads,17.38324683517488,78.14929248644997,,,,,,,,,,
4pXdGMA5,Yenkepalle-Chevella,17.385,78.136,,,,,,,,,,
F8wSTHD4,Kammeta X Roads,17.38341305305006,78.14957391372151,,,,,,,,,,
infYYbmj,Kammeta,17.37704583096797,78.16282959315096,,,,,,,,,,
4ioIRwUW,Gollaguda X Road,17.383336416548467,78.165380358696,,,,,,,,,,
uJChGgyE,Pragathi Resort,17.380610350749517,78.18096935920197,,,,,,,,,,
udRB0vvi,Proddutur X Roads,17.380535920405457,78.20023834705354,,,,,,,,,,
9NaaZczG,Kollur-Shankarpally,17.44268112798566,78.25294910789809,,,,,,,,,,
Xkhx33Xf,Kollur-Shankarpally,17.442733600112568,78.25300142197202,,,,,,,,,,
Z3wWUt49,Ibp Manchal Road,17.193145978204303,78.64666085690585,,,,,,,,,,
Ca5n0cb2,Chittapur-Manchal,17.172085412186874,78.74206869143562,,,,,,,,,,
3OsRv5dS,Chittapur-Manchal,17.17197527866768,78.74213036827518,,,,,,,,,,
OrYFMhoV,Kondannaguda,17.046950526064453,78.28041228047448,,,,,,,,,,
LdSSsaRW,Veljerla,17.03963678634872,78.27287524656582,,,,,,,,,,
c9HvMR3X,Papireddyguda-Keshampet,17.007967458638376,78.27091789960214,,,,,,,,,,
Du6ZJk8m,Guttalagadda Twd Kondareddypally,16.993493793122372,78.2726097558138,,,,,,,,,,
Jr7GNwCK,Seriguda Madhurapur,16.988399458683265,78.2759570173031,,,,,,,,,,
GKE1z7eZ,Ippalapalle-Keshampeta,16.98188378619746,78.28394739691923,,,,,,,,,,
0TVAAZBc,Ragya Thanda,16.961977644992885,78.28180964757009,,,,,,,,,,
r7vMxh92,Pomalpalle,16.951974379734995,78.28636147217144,,,,,,,,,,
jdsX27vZ,Seriguda Madhurapur,16.988337909590882,78.27573175461026,,,,,,,,,,
s8Vwthaz,Guttalagadda Twd Afzalgunj,16.993413877473913,78.2723952023806,,,,,,,,,,
ishem9ke,Tholkatta X Roads,17.313028301779788,78.21676544845104,,,,,,,,,,
XZVs9yeb,Tolkatta,17.297973458675177,78.20841908454896,,,,,,,,,,
vuShMO3B,Sv College,17.283990381027316,78.20964753627779,,,,,,,,,,
D4TnnYHl,Yethbarpalle,17.272019462748926,78.20650388353535,,,,,,,,,,
8Yp5SpUj,Nakkalapalle-Moinabad,17.258872013248155,78.20664346218109,,,,,,,,,,
MI2OjPv8,Nakkalapalle-Moinabad,17.258859202735337,78.20647716522215,,,,,,,,,,
zcd71wbs,Yethbarpalle,17.271924676618003,78.20645853019639,,,,,,,,,,
TcEri4kX,Sv College,17.284046741164023,78.20962473750117,,,,,,,,,,
Wn9bdl4O,Tolkatta,17.297991332782008,78.20837080478668,,,,,,,,,,
ZhuVwTBP,Brahmanapally,17.26822875724536,78.61726285298391,,,,,,,,,,
8ZtgECne,Nampally Public Garden,17.396278,78.470819,,,,,,,,,,
cqFGb3ND,Kagazghat,17.129727474300157,78.68788043401882,,,,,,,,,,
X7FzzwOx,Kagazghat,17.12968645104503,78.68774092982174,,,,,,,,,,
rFapZFee,Potugadda Thanda,17.027550092334153,78.54692190885545,,,,,,,,,,
NeIVfhZp,Utlapally-Kandukur,17.014,78.528,,,,,,,,,,
06KZXNee,Mucherla-Kandukur,17.014254568449076,78.51716279983522,,,,,,,,,,
q4l40TiU,Mile Stone,17.01419301290159,78.51075768470764,,,,,,,,,,
EPnoHxmM,Mucherla X Road,17.009884075537204,78.49797628802385,,,,,,,,,,
UsnrEA5a,Kadthal-Rr,16.9856893324314,78.50169718209136,,,,,,,,,,
YdHCsSr5,Rajkhanguda-Amangal,16.9666763589115,78.47601767830128,,,,,,,,,,
JWkL1mNV,Takrajguda,16.965588765785203,78.4737646083418,,,,,,,,,,
4p3x4PXv,Madharam,16.95836150132437,78.44868601893215,,,,,,,,,,
CgxNzI0W,Madharam,16.968010395921713,78.44978570938112,,,,,,,,,,
QXRzGrTT,Natkhanpalli,16.978,78.439,,,,,,,,,,
RVjfiBwU,Ravichedu,16.982,78.424,,,,,,,,,,
WjtcTy3R,Santhapur,16.989,78.381,,,,,,,,,,
9Z5UAcSc,Takrajguda,16.96566812486543,78.47366809619369,,,,,,,,,,
HtidYNDr,Gollamada,17.014,78.51,,,,,,,,,,
ItJmcckn,Mucherla-Kandukur,17.014218661048837,78.51705550858135,,,,,,,,,,
17V50XXp,Gollamada,17.013910883050016,78.52775216102602,,,,,,,,,,
9LLVxVFS,Mangalgadda Thanda,17.027242336257178,78.55290591716768,,,,,,,,,,
31SySMfW,Lingampalle-Manchal,17.181,78.707,,,,,,,,,,
deMMUwQs,Thallapalliguda-Manchal,17.187091684499027,78.73690009117126,,,,,,,,,,
19EyrKx8,Tippaiguda,17.17720298448604,78.7759155035019,,,,,,,,,,
fu48NvkW,Rachakonda Tanda,17.18194624384451,78.7918893992901,,,,,,,,,,
gLSi4e4H,Tippaiguda,17.177100481593175,78.77610325813295,,,,,,,,,,
7ULzpej4,Gurramguda Village,17.294,78.566,,,,,,,,,,
kWBQadw4,Dondaguda,17.20724638283983,78.71976177607722,,,,,,,,,,
CGiGD1ZR,Begumpet-Kandukur,17.108036541897665,78.5534691810608,,,,,,,,,,
unZFDH1M,Rachloor-Gate,17.114740041648428,78.53707013765249,,,,,,,,,,
Ld8EXdVq,Gudoor Gate,17.118462110091087,78.50503653485158,,,,,,,,,,
9K4U2vil,Lemoor,17.138345844748386,78.5153020170171,,,,,,,,,,
b04CDqLZ,Saraswathiguda,17.171357768106358,78.49844643895416,,,,,,,,,,
VIEDVvSc,Saraswathiguda X Road-Kandukur,17.185405664923884,78.47459610911342,,,,,,,,,,
YAOyV8VW,Cherikonda Patti Padkal,16.949207355092337,78.6414001232328,,,,,,,,,,
omv3o75s,Cherikonda Palakurthy,16.9191785195685,78.6423736757394,,,,,,,,,,
w4GPe1x8,Mudwin-Amangal,16.90426363410312,78.60312759876253,,,,,,,,,,
Kgx5iGf5,T Gowraram Village,16.891267440152486,78.60894799399966,,,,,,,,,,
JSCX94jF,Akuthotapalle,16.870965850186902,78.60108375067011,,,,,,,,,,
EIwqtWnu,T Gowraram Village,16.89103142,78.60910184,,,,,,,,,,
vTWj27WS,Mudwin-Amangal,16.907678081155552,78.60488177473835,,,,,,,,,,
Bm66gatf,Pallecheluku Thanda,16.976173353239062,78.6422770463283,,,,,,,,,,
dtGFrCA2,Jbs,17.4492570858197,78.4963840618729,,,,,,,,,,
mZSyd8DJ,Pallecheluku Thanda,16.976093944367136,78.64238712675878,,,,,,,,,,
bgBYgZvF,Akuthotapalle,16.870897963602285,78.601223217293,,,,,,,,,,
7HRSex5C,Saree Thanda,16.95592162395187,78.67795585030173,,,,,,,,,,
B7NlpykA,Korram Thanda,16.92337858915639,78.67816399098119,,,,,,,,,,
lcKKI2FY,Katramtanda,16.918008323555732,78.67614540523121,,,,,,,,,,
2wquMFqp,Nagilla-Madgul,16.898,78.659,,,,,,,,,,
ub51en1S,Appareddypally-Madgul,16.8823177872256,78.67579667780127,,,,,,,,,,
ab2RUcwP,Dodlapahad,16.87336779243955,78.63471864479146,,,,,,,,,,
GyTqCJht,Avuru Pally X Road,16.872392601937488,78.62753207177767,,,,,,,,,,
KnU14VX3,Shetti Pally-Amangal,16.88797512709423,78.61958696733232,,,,,,,,,,
94f1rfWx,Murthuja Palli,16.856441991054574,78.5697342228643,,,,,,,,,,
6K6jNx5E,Jangareddy Pally-Amangal,16.84891802567937,78.55699091980534,,,,,,,,,,
vi5C0Wba,Jangareddy Pally-Amangal,16.848966369493017,78.55690201605219,,,,,,,,,,
KHKxtkJt,Murthuja Palli,16.856503633134633,78.56913335841249,,,,,,,,,,
Sewsaww6,Avuru Pally X Road,16.872479675425875,78.62751424405943,,,,,,,,,,
yaHPV6p4,Dodlapahad,16.873614198951593,78.63415002717666,,,,,,,,,,
LDjpcysL,Appareddypally-Madgul,16.882263887867015,78.67589591377828,,,,,,,,,,
beB1Lsef,Nagilla-Madgul,16.89807357832866,78.65905702114107,,,,,,,,,,
nrIg8Rmp,Katramtanda,16.91800575522499,78.6761158721872,,,,,,,,,,
PNNJPQ4A,Korra Thanda,16.923340661714356,78.67824018250491,,,,,,,,,,
rz5WhEos,Yamjal X Roads,17.55516259807053,78.53773537316015,,,,,,,,,,
OZoMaGP7,Vintege Home-Yjl,17.27579403929184,78.56486490627188,,,,,,,,,,
DWX9z7jZ,Turkayamjal Village,17.269899246015616,78.57408871849445,,,,,,,,,,
87qvwt2o,Kadilabavi Thanda,17.15773687783488,78.78888127706367,,,,,,,,,,
18ixsmgI,Kadilabavi Thanda,17.157649716551838,78.78862351991576,,,,,,,,,,
1UxREbt6,Timmapur-Kandukur,17.131145324271127,78.55626672506334,,,,,,,,,,
J1P6yT5i,Pavurala Gutta Twd Choutuppal,17.250293592919725,78.76213426606984,,,,,,,,,,
tZwTfy0R,Malkapur-Choutppal,17.27618401660805,78.79801153452097,,,,,,,,,,
r6Oldi3M,Malkpur Darga Twd Choutuppal,17.27576397697926,78.80852579697098,,,,,,,,,,
sOA4V5Rf,Malkapur,17.27597911639489,78.79793644387048,,,,,,,,,,
zAXxwkiL,Mandollagudem Choutuppal,17.2791258482614,78.7896521016955,,,,,,,,,,
50QFuG3S,Gold Coast,17.263070207477895,78.76218794687288,,,,,,,,,,
FaFHa97v,Pavurala Gutta Twd Ibrahimpatnam,17.250324331879703,78.76237034486502,,,,,,,,,,
kOaEGNSX,Dondaguda,17.207226079846613,78.71982250827676,,,,,,,,,,
cIdVEBO2,Naganpalle-Ibrahimpatnam,17.216770948332186,78.68929624494007,,,,,,,,,,
4pyaeckd,Shivanaguda-Marriguda,17.00332347,78.8871766,,,,,,,,,,
lniyfmIT,Kurmed Gate,16.890653969331282,78.75353247690038,,,,,,,,,,
vmPo3SyG,Kurmapalli-Chinthapally,16.88197642937055,78.76021921275208,,,,,,,,,,
9hBGLPdT,Saireddy Gudem,16.886447572574777,78.78474533557893,,,,,,,,,,
Ka5FNdG2,Kurmapalli-Chinthapally,16.884,78.793,,,,,,,,,,
2nVev2ct,Saireddy Gudem,16.898,78.79,,,,,,,,,,
WKJo7L7O,Pk Mallepally-Chinthapally,16.90335175,78.81582857,,,,,,,,,,
TeC4Rb0n,Kistarampally-Marriguda,16.897267515640454,78.82620696652356,,,,,,,,,,
lD3fXD81,Narasimhapuram-Marriguda,16.88918335842782,78.83910298347475,,,,,,,,,,
b6mu7aQg,Chintapalle-Chennur,16.879922465174854,78.84710837301314,,,,,,,,,,
0Wv8cimh,Hydelapur,16.8775155929795,78.8551157716048,,,,,,,,,,
6CCGYsd6,Thunga Pahad-Miryalaguda,16.870283010164535,78.87017072883552,,,,,,,,,,
lDtdDogc,Tungapathi Gouraram (Tp Gouraram),16.879132592552512,78.88736128993769,,,,,,,,,,
55KoGOY6,Mallapurajupally-Nampally,16.870149077856134,78.90897989273073,,,,,,,,,,
i6jPiraW,Hydelapur,16.877464259418815,78.85512113042188,,,,,,,,,,
WA4GMtEl,Chintapalle-Chennur,16.87968698923558,78.84681703340453,,,,,,,,,,
IyuIKFj5,Pk Mallepally-Chinthapally,16.903047196399232,78.81610035896301,,,,,,,,,,
PGNTikKq,Saireddy Gudem,16.89941658,78.79029916,,,,,,,,,,
zYkKAvpe,Arkapally X Road,16.83828,78.789462,,,,,,,,,,
DSXMPkmq,Vinjamooru Bs,16.83085786275747,78.8018015061685,,,,,,,,,,
kJW8Od1C,Chinthapally X Road,16.817933567836736,78.82844924190285,,,,,,,,,,
rqRSUe7e,Chinthapalli-Devarakonda,16.80283608301697,78.82064938545227,,,,,,,,,,
g6yQy7kW,Humanthula Palli,16.779098902592573,78.80598306158019,,,,,,,,,,
JAo2AwvQ,Humanthula Palli,16.778991045055538,78.80589723753621,,,,,,,,,,
p88t5mxQ,Mallareddi Palli-Chinthapally,16.771610426446028,78.83074236210837,,,,,,,,,,
SGbZDM01,Korrabhagya Tanda,16.74758162803424,78.84809375556065,,,,,,,,,,
XE5W831D,Mudigonda-Devarakonda,16.73969121810823,78.86141359806062,,,,,,,,,,
3tVd69oO,Kamalpur-Devarakonda,16.729437308268025,78.85964871031537,,,,,,,,,,
YttVLpvU,Gottimukkala-Devarakonda,16.734,78.831,,,,,,,,,,
5GGTnajL,Iddam Palli,16.732,78.781,,,,,,,,,,
y2aWDKqT,Jillepaly-Devarakonda,16.713330234528,78.80621448140901,,,,,,,,,,
vIoDEWBC,Jillepaly-Devarakonda,16.713420468757,78.806193729766,,,,,,,,,,
jK9HCbNP,Iddam Palli,16.732000837453135,78.78109758016012,,,,,,,,,,
7WVhdoV2,Gottimukkala-Devarakonda,16.734215061685106,78.83025153580412,,,,,,,,,,
82DC7DYy,Kamalpur-Devarakonda,16.72940163240036,78.85955755636085,,,,,,,,,,
q8yZDXU4,Mudigonda-Devarakonda,16.739922387069726,78.8614296913147,,,,,,,,,,
AuSdJAyY,Korrabhagya Tanda,16.747422383380254,78.84822785486104,,,,,,,,,,
CLsN3MeY,Mallareddi Palli-Chinthapally,16.77149229312901,78.83075576236017,,,,,,,,,,
6bZOYtTo,Humanthula Palli,16.761,78.802,,,,,,,,,,
MxMQHHtB,Chinthapalli-Devarakonda,16.802908001642802,78.82055282592775,,,,,,,,,,
uCYPU0tf,Chinthapally X Road,16.817874,78.828705,,,,,,,,,,
YzLCzJ9N,Vinjamooru Bs,16.830782,78.801827,,,,,,,,,,
csXOAP0H,Arkapally X Road,16.838101,78.789544,,,,,,,,,,
Lhz62Kvb,Tirugundla Pally-Marriguda,16.96486000097799,78.77364367246628,,,,,,,,,,
jY4kAr8B,Tammad Palle-Marriguda,16.971864939988755,78.77501294016838,,,,,,,,,,
RoS6Hg7y,Patelguda-Ibrahimpatnam,17.215545336937062,78.58588099672562,,,,,,,,,,
PqQHzM5n,Manorabad-Manchal,17.1893184270086,78.69881809055882,,,,,,,,,,
c4UMfEER,Maheswaram Bus Stop,17.134133969577384,78.43345105648042,,,,,,,,,,
l1KUK0fV,Maheswaram Depot,17.134028879728092,78.41508865356447,,,,,,,,,,
jJxd5fDe,Mansanpalle-Maheswaram,17.137161002152126,78.39389383945137,,,,,,,,,,
b9ILuxNu,Mansanpally X Road,17.137842782865068,78.3795815706253,,,,,,,,,,
PspGT9rg,Ameerpet-Maheswaram,17.15,78.344,,,,,,,,,,
sG8fMDLx,Muchintal,17.173,78.332,,,,,,,,,,
E1O2eWKd,Jims Hospital,17.186,78.328,,,,,,,,,,
q80XzorP,Jims Hospital,17.187,78.327,,,,,,,,,,
IOWuAbum,Muchintal,17.174,78.332,,,,,,,,,,
x3KvB5F0,Ameerpet-Maheswaram,17.14971521001818,78.34321680614403,,,,,,,,,,
IQAoamK7,Mansanpally X Road,17.138001747320303,78.37986588697278,,,,,,,,,,
98AVJiGU,Mansanpalle-Maheswaram,17.13762240621173,78.39193582534791,,,,,,,,,,
AGZnGriC,Mukchintal Model High School,17.184668628269353,78.31238622858069,,,,,,,,,,
lqodsopG,Maheswaram Bavi,17.1365576589499,78.4352050789515,,,,,,,,,,
l2njxQu6,Sirigiripur,17.153507933606015,78.4476560354233,,,,,,,,,,
GJ1RHuBr,Tukkuguda,17.21189951705074,78.47652733974564,,,,,,,,,,
goe3NEDG,Rci Gate,17.262732118842706,78.47553491987829,,,,,,,,,,
WjUDdql4,Ragaipally,16.81223087329958,78.53311660330805,,,,,,,,,,
RWnZwBOR,Peddapur-Veldanda,16.78197506387251,78.5373491251855,,,,,,,,,,
5glG8Z8x,Veldanda,16.745,78.536,,,,,,,,,,
CGIS7oFE,Bollampally-Veldanda,16.758,78.593,,,,,,,,,,
yeKveqE2,Challapally,16.75389593,78.59747656,,,,,,,,,,
67XCJ0Hb,Chedurvalli,16.744504754298642,78.62398734582527,,,,,,,,,,
w6B22jRz,Bhairpur,16.76,78.657,,,,,,,,,,
IMPnpCOu,Appareddypally Thanda,16.75525605841283,78.67087745197308,,,,,,,,,,
9hAaTKXS,Appareddypally Thanda,16.75517900396372,78.67087475171591,,,,,,,,,,
QMlYAODD,Bhairpur,16.760063848564414,78.65697294511715,,,,,,,,,,
GBFhm1Wc,Chedurvalli,16.744399320695383,78.62392965266923,,,,,,,,,,
1HJ3lqRK,Challapally,16.75376355,78.59735335,,,,,,,,,,
bl0UMfot,Bollampally-Veldanda,16.757999192075086,78.5926079947996,,,,,,,,,,
aWCVAXmx,Veldanda,16.744503333097,78.53578103638631,,,,,,,,,,
9YS3eZq0,Peddapur,16.782136876036496,78.53724991560023,,,,,,,,,,
uhO8e6lu,Ragaipally,16.812200336702112,78.53307367893969,,,,,,,,,,
4bg7VwHh,Mucherla X Road,17.00998666922194,78.4979125847468,,,,,,,,,,
FTAPIWhr,Rachloor,17.1244933306179,78.47691424190988,,,,,,,,,,
k4eetXU2,Mohabatnagar,17.16388225872775,78.47696721474895,,,,,,,,,,
gz0YIXz0,Bairapur-Birkoor,18.49348808559586,77.81974552708279,,,,,,,,,,
ZGyGkiCF,Appreddypally,16.57517,78.07616,,,,,,,,,,
KzZMbkV1,Appreddypally,16.57517,78.07609,,,,,,,,,,
9FzwsXuT,Bollampally-Veldanda,16.75707299,78.59464997,,,,,,,,,,
kzhaSRXU,Peddapur,16.487242360929017,78.54283154010774,,,,,,,,,,
uHTwV43T,Rci Gate,17.262701213151512,78.4759426076681,,,,,,,,,,
IPFoOfMA,Sirigiripur,17.1535786973674,78.4478702852804,,,,,,,,,,
m6Hd23Ff,Maheswaram Bavi,17.1365941835895,78.4354753115036,,,,,,,,,,
6kQ0QYUg,Bhatlapalle,16.93512875193454,78.86244896994724,,,,,,,,,,
CHqJi4Pr,Swamulavari Lingotam-Nampally,16.90554678696784,78.89833687180136,,,,,,,,,,
vqtiZDWH,Vaddepally,16.8967673,78.92010744,,,,,,,,,,
LIVK02Ku,Chittam Pahad,16.88993791546091,78.93753468616929,,,,,,,,,,
afsUAoTL,Nampalli-Devarakonda,16.88490748579359,78.96298301921152,,,,,,,,,,
O1XmMoIw,Peddapur-Nampally,16.900136952830632,78.9719581604004,,,,,,,,,,
nkB8pG4a,Ramdas Thanda-Nampally,16.918223876072872,78.98374378681184,,,,,,,,,,
d4mEhT4d,Narasimhula Gudem-Tripuraram,16.933989493523946,78.99228930473329,,,,,,,,,,
A6biG90f,Papireddigudem-Chandur,16.972022711654077,79.013489484787,,,,,,,,,,
SO8Pn2UK,Mile Stone,16.971981665379925,79.0134358406067,,,,,,,,,,
hhZ4ew4P,Thummalapalle-Chandur,16.950261797374196,79.00776565074922,,,,,,,,,,
D9dG5CXU,Neralla Palli-Nampally,16.94202575536626,78.99218201201637,,,,,,,,,,
SnEcSKLD,Peddapur-Nampally,16.900147218318974,78.97200644016267,,,,,,,,,,
1NM0kR2T,Nampalli-Devarakonda,16.885159010380615,78.96073586137196,,,,,,,,,,
7Hxds3LU,Chittam Pahad,16.889780287553542,78.93747125943231,,,,,,,,,,
lHGyezIl,Swamulavari Lingotam-Nampally,16.905634266618055,78.89806507765493,,,,,,,,,,
S2k6Asiv,Bhatlapalle,16.934995089643266,78.86280298759085,,,,,,,,,,
l6g6YcWe,Marriguda-Mall,16.941,78.858,,,,,,,,,,
MwA3bmKK,Yergandla Palle-Marriguda,16.958751470649386,78.8202229142189,,,,,,,,,,
yfqU3mX9,Banjar Tanda-Kandukur,17.103068381840437,78.4287437255148,,,,,,,,,,
kDN32Fyt,Bokkal Tanda,17.092,78.425,,,,,,,,,,
2sNgEWBK,Kkbasthi Twd Keshampet,17.082,78.42,,,,,,,,,,
TCy8JBe7,Pulumamidi-Kandukur,17.065743826787333,78.41915891235683,,,,,,,,,,
PpFyAeM0,Dhannaram,17.04715315442258,78.40901055981875,,,,,,,,,,
OaufLS5p,Chippalpalle,17.047742951947114,78.39703470458115,,,,,,,,,,
OyIAKfDs,Murlinagar,17.028,78.395,,,,,,,,,,
RyTYQcYV,Konaiapally-Keshampeta,17.010038001408436,78.3872285478797,,,,,,,,,,
p12nDVit,Santhapur,16.988268635071652,78.38009655317803,,,,,,,,,,
f7V0mjD2,Patigadda,16.97486258665685,78.34749155009182,,,,,,,,,,
Duo2nOGX,Santhapur,16.98812238763554,78.37998926654782,,,,,,,,,,
d3CLFiFP,Konaiapally-Keshampeta,17.010155909175538,78.38719367706892,,,,,,,,,,
Sb8GJvmX,Murlinagar,17.027,78.395,,,,,,,,,,
mhmYlSs0,Chippalpalle,17.047724640811836,78.39708566665651,,,,,,,,,,
m5afZOrL,Dhannaram,17.047204407535077,78.40895175087832,,,,,,,,,,
kRt2BCJS,Pulumamidi-Kandukur,17.066,78.424,,,,,,,,,,
3Cv7qohH,Mile Stone,17.082,78.42,,,,,,,,,,
L1WHCcmA,Bokkal Tanda,17.091,78.424,,,,,,,,,,
RDHDZEJJ,Banjar Tanda-Kandukur,17.103129925523955,78.42870348391945,,,,,,,,,,
8UdcQVgL,Spoorthy Engg Clg,17.282104183831244,78.55371135087348,,,,,,,,,,
EDd6KLvC,Bn Reddy Nagar,17.320773553369055,78.56081440762054,,,,,,,,,,
QAKi2qu0,Vijayanagar Colony-Lb.Nagar,17.32250003734815,78.57228212778038,,,,,,,,,,
KCSELWVH,Bn Reddy Nagar,17.320689752839346,78.56077417628268,,,,,,,,,,
BvSkUoKY,Rtc Colony Champapet,17.34673667240147,78.52003822096006,,,,,,,,,,
OHJEkJmu,Mile Stone,17.339941706987357,78.50432842969896,,,,,,,,,,
xPQxFVSo,Anneboina Pally-Madgul,16.865037248765788,78.77175804794453,,,,,,,,,,
6GYS2wVi,Suddapalle,16.81890922580771,78.79494312809388,,,,,,,,,,
yL6C5utp,Andugula X Road,16.78630973957986,78.79252915126058,,,,,,,,,,
OywuQ1Ip,Yella Reddy Bawi,16.689204,78.785698,,,,,,,,,,
qznmXdgy,Padamati Palli-Devarakonda,16.690084867236063,78.80245462172266,,,,,,,,,,
E2Lrm9UA,Kandukur-Gundla Palle,16.655336767885466,78.78112436345782,,,,,,,,,,
l8euVII4,Rahamanthapur-Gundlapally-Dindi,16.646121857422365,78.74864816665651,,,,,,,,,,
RAqKOxRn,Padamati Palli-D,16.690641101143516,78.80244792482169,,,,,,,,,,
ZbLhfSZb,Andugula X Road,16.78627891211291,78.79231453844307,,,,,,,,,,
hPcddwhZ,Sudanpalle,16.818924611954284,78.7948089556025,,,,,,,,,,
6Kg8KQ28,Anneboina Pally-Madgul,16.864964111308705,78.77190828323367,,,,,,,,,,
EqPaSpyP,Mandigowrelly-Yacharam,17.03737237447702,78.70220303535463,,,,,,,,,,
sNN8oLaV,Mile Stone,17.031922738623116,78.74160736628099,,,,,,,,,,
WDAEfO7T,Humanthula Palli,16.7619524,78.80221678,,,,,,,,,,
Cnnu3mFb,Anajpur-Chinthapally,16.752903358237162,78.79442274570467,,,,,,,,,,
7f4uqY36,Nandi Gadda,16.75229465398652,78.79401236554722,,,,,,,,,,
mxOVYk4n,Kurmed Gate,16.89085158981823,78.75385701507297,,,,,,,,,,
97d1qxqz,Pendyal,17.130522298081335,78.37613761279832,,,,,,,,,,
CY7H5roQ,Dubbacherla,17.107910903666355,78.37165557079362,,,,,,,,,,
HzZ2Hgw1,Kollapadkal,17.08072554170141,78.36537122756893,,,,,,,,,,
wFM8Cgwe,Janda Guda,17.08661954357585,78.36707174559757,,,,,,,,,,
tEkD9bP6,Janda Guda,17.090680884485614,78.3543633920015,,,,,,,,,,
5MuCwLhy,Janda Guda,17.086676002721642,78.36718975813088,,,,,,,,,,
ROYUyb8R,Dubbacherla,17.106462534354442,78.37101458663027,,,,,,,,,,
AcyWSAZA,Pendyal,17.13069279896356,78.37605713256747,,,,,,,,,,
jEu8ygkt,Durga Nagar,17.3179941522541,78.4372558516071,,,,,,,,,,
Hoi5Yye9,Madgul,16.85076376195328,78.68879467586467,,,,,,,,,,
SUZ2MNa8,Jayaram Thanda,16.861586104213387,78.67188871435812,,,,,,,,,,
2609SyIx,Mile Stone,16.86466378958215,78.6676534842061,,,,,,,,,,
CYBisIac,Mile Stone,16.864697158812632,78.66760790348054,,,,,,,,,,
7BJbnfKF,Jayaram Thanda,16.86160279074684,78.67191687467451,,,,,,,,,,
jTkN4c8x,Chinna Tupra,17.158,78.322,,,,,,,,,,
3he8cDyf,Peddatopra,17.163743937935898,78.30789685393974,,,,,,,,,,
qWO9LCy2,Vemula,16.784127005793565,78.33944498764941,,,,,,,,,,
vpqXeGat,Veljala,16.82003409318999,78.36288754683706,,,,,,,,,,
eGl1KRjv,Chandradana,16.854152213713924,78.38828399714608,,,,,,,,,,
TBq5LuRX,Talakondapalle,16.88701207774629,78.41799615065244,,,,,,,,,,
lBadZuhS,Sheep Farm,17.2571023770316,78.4753245921317,,,,,,,,,,
7ii0suqV,Ravichedu,16.983166663797473,78.41646193803301,,,,,,,,,,
LjNNZuSF,Padkal,16.93631626,78.4008281,,,,,,,,,,
BHaV7Xbk,Lingaraopally,16.924071986175477,78.381118474462,,,,,,,,,,
AWcubAJH,Turkapally X Road,16.91022765812026,78.37065517964609,,,,,,,,,,
xM5HpvgF,Padkal,16.93648071,78.40073213,,,,,,,,,,
BDGtESHm,Premavathipet,17.326394854004512,78.41503269302072,,,,,,,,,,
NScYw2z8,Bhavani Colony,17.327138685536333,78.41980698887969,,,,,,,,,,
fRhU5EIy,Vinjamooru Bs,16.854276727836893,78.8125799592313,,,,,,,,,,
Rl5ka8KP,Yella Reddy Bawi,16.689034,78.785653,,,,,,,,,,
g8uvns75,Yeraguntapaly,16.695039,78.757782,,,,,,,,,,
WEjMRMQm,Vavilkol,16.66936918219239,78.75185071109584,,,,,,,,,,
YXv4zwcn,Rudraiguda,16.661557175629916,78.7494766237847,,,,,,,,,,
yKFpChbt,Yeraguntapaly,16.695204,78.757739,,,,,,,,,,
IeENb9qy,Lankalapalle Bs,16.987681213673163,78.9481830596924,,,,,,,,,,
gwJnLyK1,Donipamula,16.981460550999532,78.98094622185766,,,,,,,,,,
RlnKr0mq,Angadipet,16.983648707454808,79.03519392013553,,,,,,,,,,
eIfJSgJH,Kasthala,16.951113604203307,79.07563090324403,,,,,,,,,,
DwCgzed5,Donipamula,16.98140924573932,78.98085772991182,,,,,,,,,,
0juVWDA3,Lankalapalle Bs,16.98725583,78.94817972,,,,,,,,,,
KHBl9AUi,Penjerla,17.10980531535973,78.3216297523915,,,,,,,,,,
sSImz0uf,Kodicherla,17.093854535381464,78.33242842638435,,,,,,,,,,
XG2F5qBw,Jandaguda,17.091125497940773,78.3510830978195,,,,,,,,,,
fzdMCFzZ,Palguda Twd Sheriguda,17.086563210595,78.3513164498482,,,,,,,,,,
5VZFG8Ny,Ricemill Twd Amangal,17.06314385300215,78.30080526611074,,,,,,,,,,
nn5oYAqg,Kalone Thanda,17.058235958919553,78.30304205347495,,,,,,,,,,
IZgu9JaP,Kalone Thanda,17.058564177618933,78.30289185222503,,,,,,,,,,
uMQvW70D,Ricemill Twd Jpdarga,17.06314385300215,78.30050487363704,,,,,,,,,,
XmTp04pG,Peddatopra,17.16272902596604,78.30902338027956,,,,,,,,,,
51GsgQ5d,Chinna Tupra,17.15774677676053,78.32244497396974,,,,,,,,,,
Ib6UbyGT,Ramanujapur-Shamshabad,17.234600931197473,78.24745059013368,,,,,,,,,,
pk5yOJ5m,Chegur Ricemill Twd Chegur,17.221,78.233,,,,,,,,,,
454hn8hu,Maddur-Shabad,17.210923377730353,78.22881459032662,,,,,,,,,,
p5jgveIy,Bandoni Guda,17.19161175732935,78.22956831476037,,,,,,,,,,
EEeNaWyp,Chegur-Kothur,17.173871611453915,78.22894334880766,,,,,,,,,,
CxFLldSS,Kanha Shanthi Vanam,17.18514935825257,78.22412074031163,,,,,,,,,,
jhW5Mi0s,Chegur-Keshavaram,17.174914593910042,78.22805821801347,,,,,,,,,,
cPB4IeCu,Bandoni Guda,17.191448412878184,78.22956629054146,,,,,,,,,,
m5ZLFbaN,Maddur-Shabad,17.211056571754753,78.228685846121,,,,,,,,,,
MzdYMdsL,Mile Stone,17.220894829471252,78.23304176081635,,,,,,,,,,
BufwK0HY,Gollapally,17.238,78.398,,,,,,,,,,
sHgd3S48,Kothaguda X Road,17.227040857140437,78.39892565737323,,,,,,,,,,
FFR0BJl4,Pedda Golconda,17.196953648880328,78.39667808967015,,,,,,,,,,
IzuXwXnU,Nagaram,17.183071161518672,78.39168370219211,,,,,,,,,,
hiEqDymH,Ntr X Roads,17.162,78.388,,,,,,,,,,
lm6TNu9e,Ekwaipally,16.927,78.565,,,,,,,,,,
PJ7vL1Ca,Mudwin-Amangal,16.907675520337992,78.60484421253204,,,,,,,,,,
ALembDPy,Mansanpally X Road,17.137858212937875,78.37974786758424,,,,,,,,,,
6nKTNTo9,Thummaloor,17.12876405854437,78.46011757657762,,,,,,,,,,
KGD1ANA3,Bairaguda-Kandukur,17.12036669344659,78.49748344977712,,,,,,,,,,
Jzk2g2oD,Gudoor Gate,17.118513377731542,78.5050499467734,,,,,,,,,,
SkDpWW64,Rachloor-Kandukur,17.11483007793422,78.53706484680055,,,,,,,,,,
1KIe5Ttx,Gudoor Gate,17.118385317520477,78.50525652816259,,,,,,,,,,
fQSQcKDI,Bairaguda,17.120274491022116,78.49762551040997,,,,,,,,,,
R3OB3zKw,Aurpally,16.864486547007314,78.61642063486224,,,,,,,,,,
iS62Clr2,Bangarugadda-Amangal,16.856,78.647,,,,,,,,,,
23L3KTYb,Appareddypally-Madgul,16.848,78.663,,,,,,,,,,
dZIQvxxm,Madnapur,16.926380114892424,78.73161882105695,,,,,,,,,,
aK1wy8iu,Appareddypally-Madgul,16.848,78.663,,,,,,,,,,
fb2yNYGa,Bangarugadda-Amangal,16.856,78.646,,,,,,,,,,
mbRZlgab,Aurpally,16.864943325614856,78.61620069692042,,,,,,,,,,
FANuDVgC,Mile Stone,16.853187036661822,78.42993736640489,,,,,,,,,,
xkOHgS7d,Gandicheruvu,17.293032093675144,78.6725002527237,,,,,,,,,,
vostU4pa,Talakondapalle,16.887951416972268,78.41372743728346,,,,,,,,,,
AZd8lXjT,Cheepunuthala,16.902038635100674,78.44383388993707,,,,,,,,,,
oAJ6mgH6,Mile Stone,16.939531779010895,78.43289852142335,,,,,,,,,,
QywATMHs,Chukkapur,16.880580347687445,78.46417848074339,,,,,,,,,,
TZj0DT2m,Cheepunuthala,16.902033501062665,78.44396263414268,,,,,,,,,,
CUM9gYdA,Ntr X Roads,17.161,78.388,,,,,,,,,,
rv3XN9C2,Nagaram,17.183194128351218,78.39163005877309,,,,,,,,,,
EJJN4Dpf,Pedda Golconda,17.197077266950384,78.39666200235521,,,,,,,,,,
oJZ4jBrG,Kothaguda X Road,17.22705367614549,78.39884517212167,,,,,,,,,,
aFs4Tfj8,Gollapally,17.237,78.4,,,,,,,,,,
r8b66nAC,Kalvakol X Roads,17.12488839911995,78.37424398402065,,,,,,,,,,
RUPntX0E,Gandhi Nagar Thanda,17.092577824283904,78.36799980890197,,,,,,,,,,
7HiqD7u0,Siddapur,17.056012782033452,78.35566969639423,,,,,,,,,,
yEtnZFRm,Bhairkhanpally,17.033510074114897,78.35260391798705,,,,,,,,,,
smsQXPaA,Mangalguda,17.019153214876283,78.35282650735843,,,,,,,,,,
J6xndt86,Poultry Farm,17.012043686040286,78.3560585941419,,,,,,,,,,
ANFplcaZ,Keshampet,16.953200751200804,78.34674663799424,,,,,,,,,,
rKexnP93,Mile Stone,16.93291950586485,78.3495917861844,,,,,,,,,,
DeE0WZOH,Lemamidi,16.91517263346111,78.35791735489443,,,,,,,,,,
BXbNX7cr,Nirdavally,16.900364020494713,78.34913850782289,,,,,,,,,,
N7sTBsx9,Lemamidi,16.915063667645537,78.3580568432808,,,,,,,,,,
PeeLFCA0,Bodunampally X Road Twd Keshampet,16.932886148765398,78.3494979049793,,,,,,,,,,
nZdsOFnt,Kongaguda Tanda,17.045552794907536,78.30236085965167,,,,,,,,,,
dsy3n9f2,Julapalle,16.858957574456205,78.35846774014493,,,,,,,,,,
v8dnOgzT,Venkatapuram-Thalakondapally,16.79694960949226,78.3554685090921,,,,,,,,,,
rFDbVylO,Venkatapuram-Thalakondapally,16.79695602931564,78.35542559732627,,,,,,,,,,
vqjP8gSV,Julapalle,16.856900191322058,78.36401268769825,,,,,,,,,,
PGtGkMUq,Sankatonipally,16.823907902371555,78.51116005071412,,,,,,,,,,
kDtXUFCN,Sankatonipally,16.8235615343635,78.51039289872422,,,,,,,,,,
GNLtuenT,Gattu Ippalapalle,16.798835596893817,78.44142795849882,,,,,,,,,,
hXk8Hnow,Veernapally-Veernapalli,16.783970339221714,78.46692233375317,,,,,,,,,,
XVdoJGgY,Gattu Ippalapalle,16.797633919575585,78.44515085453712,,,,,,,,,,
z6IBGIRY,Chowdarpally-Amangal,16.81507081723124,78.51592896902423,,,,,,,,,,
JDA15yy2,Gollonipally,16.80155215749266,78.50098371054536,,,,,,,,,,
WXhWZl9X,Kuppagandla,16.773990409179568,78.49800579376762,,,,,,,,,,
dMbrXGqa,Ippapahad,16.759927073269896,78.47138486337275,,,,,,,,,,
VP2CviyB,Jakanalapalle,16.755499962110733,78.4557670321003,,,,,,,,,,
lM07aFdP,Urkondapeta,16.743002051129455,78.43329547256538,,,,,,,,,,
FYKIizfk,Urukonda Temple,16.739,78.424,,,,,,,,,,
UftWtF8I,Urkonda Gate,16.72712571826457,78.40644087439908,,,,,,,,,,
EwhSWblv,Urkonda Gate,16.72385290791635,78.41105458876119,,,,,,,,,,
DIPWj3X1,Urukonda Temple,16.73881277349619,78.42404723088512,,,,,,,,,,
bCaZIBQE,Urkondapeta,16.74306627601038,78.4333492058585,,,,,,,,,,
pgMuQMAK,Jakanalapalle,16.755553804687803,78.4556865534217,,,,,,,,,,
Yj7OXko9,Ippapahad,16.759971365963462,78.47152265159282,,,,,,,,,,
jiG7FukS,Kuppagandla,16.774044996386102,78.4979863436632,,,,,,,,,,
HLNCQ9Kc,Gollonipally,16.801516483755204,78.50087908352555,,,,,,,,,,
MbCkex5B,Chowdarpally-Amangal,16.815096499408504,78.5159054944783,,,,,,,,,,
xjCowLBK,Mallareddy Farm,17.044,78.462,,,,,,,,,,
0edJqsBl,Nednur,17.034592281523093,78.44918489193532,,,,,,,,,,
rNFI3VmK,Bachupalle-Kandukur,17.05441791950315,78.43836754038989,,,,,,,,,,
s69ENI2X,Pulumamidi-Kandukur,17.065951509913727,78.42394798994064,,,,,,,,,,
FvRZAEyj,Polyetryfarm Twd Shamsabad,17.012,78.356,,,,,,,,,,
mJ4zjUBz,Mangalguda-Keshampet,17.019014802822234,78.35274071068196,,,,,,,,,,
8LYh6TQQ,Bhairkhanpalle-Keshampet,17.03345390003864,78.35251808851665,,,,,,,,,,
CFJTZCEE,Seriguda,17.08079965036618,78.35586548070754,,,,,,,,,,
sF2qNlKZ,Palguda Twd Jandlaguda,17.08652218957325,78.35127889954434,,,,,,,,,,
fFMG3HWR,Subhanpur,17.101112299472746,78.35005581299,,,,,,,,,,
kgfAHv9n,Bachupalle-Kandukur,17.05436662078768,78.43815833105576,,,,,,,,,,
YfYRXw9I,K K Basti,17.032,78.447,,,,,,,,,,
lwlvat8e,Manyamguda-Kandukur,17.028719560809467,78.45422744382739,,,,,,,,,,
KsWFMBiQ,Mile Stone,16.990889253862857,78.4552418884,,,,,,,,,,
RE3sSCIA,Madharam,16.970945524713176,78.44904005474208,,,,,,,,,,
VR9tQRwO,Mile Stone,17.0138801052223,78.5101354100243,,,,,,,,,,
CD3SlBxY,Dasarlapalle-Kandukur,17.010971621502108,78.48095833691214,,,,,,,,,,
vkXzN9R1,Mile Stone,17.00915047509081,78.48214935051581,,,,,,,,,,
C5y6XUG4,Mile Stone,17.020000260427885,78.46632876001831,,,,,,,,,,
TgGy5MVr,Nednur Model School,17.045906826270745,78.44538689659169,,,,,,,,,,
iMDuuZ9w,Mallareddy Farm,17.044,78.462,,,,,,,,,,
Hhp4c9AV,Kandukur (Klky),17.064641146043222,78.4888169668035,,,,,,,,,,
Zioi20jg,Thatiparthy-Yacharam,17.002538432666025,78.59663142512996,,,,,,,,,,
7FTBFQBL,Debbadaguda,17.04705568100088,78.49535651499282,,,,,,,,,,
n7ahIYIa,Annojiguda-Kandukur,17.071657874982446,78.5147157250612,,,,,,,,,,
kvoBhezp,Charminar,17.3596188846707,78.4743289276957,,,,,,,,,,
pZpgfSnu,Hanuman Temple Twd Akanpally,17.118,78.395,,,,,,,,,,
veZaPAs3,Ghatpalle-Maheswaram,17.102142916878844,78.3936712185286,,,,,,,,,,
loEpLwTd,Akanpalle,17.088,78.39,,,,,,,,,,
rOjOwBnY,Janapriya -Uprly,17.3653,78.4203,,,,,,,,,,
qd2lUqdp,Nalanda-Upperpally,17.3645,78.4143,,,,,,,,,,
z0gyBLF2,Apurupa Colony,17.52934057680264,78.44923518716081,,,,,,,,,,
n2I5kwhd,Apurupa Colony,17.531826,78.449515,,,,,,,,,,
yvHHpklM,Sr Nayak Nagar Bus Stop,17.5319131814606,78.4446087107062,,,,,,,,,,
QDXhde9h,Ida-Jeedemetla,17.529337,78.444307,,,,,,,,,,
LPApXaE0,Gandhamguda,17.369439241052696,78.38026016748351,,,,,,,,,,
PCUSxZud,Gandhamguda,17.36932148582973,78.38027357961766,,,,,,,,,,
bqBTM9TU,Mile Stone,17.067889963125523,78.47359567880632,,,,,,,,,,
yqdP7MwT,Jaithwaram Maqta,17.06996942056705,78.44213605082646,,,,,,,,,,
oPHZiP4q,Sardar Nagar Village,17.223592535279046,78.48261325264612,,,,,,,,,,
Xgea0YZW,Tibrewala,17.2401287,78.4801711,,,,,,,,,,
OUtSbLTC,Tibrewala,17.2401491,78.4795788,,,,,,,,,,
oRed9y3b,Shaikpet Nala,17.4060095123641,78.4034026041627,,,,,,,,,,
f2CckLsh,Mile Stone,17.456447439872434,78.29664766788486,,,,,,,,,,
bwFZ9X6G,Cyber Colony,17.448196348319883,78.26926231604817,,,,,,,,,,
fJcafzTD,Kollur Doublebedroom Township,17.432,78.2551,,,,,,,,,,
hajYhed3,Nalluripally,16.85039391149861,78.62463355064394,,,,,,,,,,
sGfCy0wx,Nalluripally,16.847,78.626,,,,,,,,,,
qteZnLNB,Chennampalle-Amangal,16.83472170517457,78.58242095813965,,,,,,,,,,
cl1ClHSE,Polepally-Amangal,16.824559173833443,78.60772054522587,,,,,,,,,,
dumc76LM,Kalakonda,16.80391463962445,78.65701318463977,,,,,,,,,,
idHM5N30,Ajilapur,16.79618611448396,78.68391332966364,,,,,,,,,,
8yU1Cqj9,Ajilapur,16.796142031087793,78.68389963821697,,,,,,,,,,
H8XgqtEx,Kalakonda,16.80385294842801,78.6569729453005,,,,,,,,,,
YJoclTFf,Polepally-Amangal,16.82455564611501,78.60769070431111,,,,,,,,,,
FcuAeNNF,Chennampalle-Amangal,16.83469092495024,78.58234047100102,,,,,,,,,,
Jrt5laOV,Jangareddy Pally-Amangal,16.846982393301026,78.55694581575668,,,,,,,,,,
oQu3OMfW,Mohammadnagar-Kandukur,17.058564177618933,78.48824858595329,,,,,,,,,,
HxjRH9dy,Mohammadnagar-Kandukur,17.05868248795047,78.48807687457592,,,,,,,,,,
IsuWvFLb,K K Basti,17.031986848487705,78.44719473608112,,,,,,,,,,
Vj4zJ2kU,Jaithwaram Maqta,17.070002747519776,78.44216152877827,,,,,,,,,,
jGGoLu7U,Kothaguda X Road Twd Mgbs,17.0680713715723,78.4735601395368,,,,,,,,,,
YvBDEE3K,Mankhal,17.201,78.466,,,,,,,,,,
WfkSwyiJ,Harshaguda,17.187253132341738,78.43871623291625,,,,,,,,,,
2yk1B5xE,Sirigiripur,17.154245981697596,78.43695938644288,,,,,,,,,,
rIqWwbVR,Gangaram-Maheswaram,17.15715751016505,78.42869811837345,,,,,,,,,,
qXx6yBxF,Thondupally-Shamshabad,17.254499629182046,78.3802949744343,,,,,,,,,,
aE5jioBe,Mile Stone,17.256579519003314,78.38184268916108,,,,,,,,,,
XYVeCDw3,Thondupally-Shamshabad,17.25,78.376,,,,,,,,,,
GWICLvYn,Thondupally-Shamshabad,17.249627592996312,78.37513446807863,,,,,,,,,,
gL2ujOWF,Peddashapur,17.21934988431671,78.33623438871305,,,,,,,,,,
3mk5w24c,Alikol Tanda X Roads,17.221363634569403,78.32038723222911,,,,,,,,,,
QCVLGCj4,Alikol Tanda,17.21363661420274,78.31752060404853,,,,,,,,,,
u5zGQEmY,Alikol Tanda X Roads,17.221390228240672,78.32039460387615,,,,,,,,,,
EDida7yX,Bell Company,17.43847754753831,78.57936680315562,,,,,,,,,,
rDaGdKSV,Manikchand Company,17.43620621567775,78.57493354308448,,,,,,,,,,
IcdGIqBc,Ida Mallapur,17.43536,78.5729,,,,,,,,,,
pAFHHHY0,Habsiguda,17.419199,78.541818,,,,,,,,,,
VpPiRzRM,Manikchand Company,17.43615551081487,78.57501378690728,,,,,,,,,,
EXoBSAY7,Medipalle X Road,17.381173533011854,78.2066740455316,,,,,,,,,,
ktw9b7Ye,Podagutta Thanda Twd Afzalgunj,17.01942003270069,78.322791159153,,,,,,,,,,
ykLuR7mS,Antharam-Thalakondapally,16.835724784738037,78.34886221808763,,,,,,,,,,
Afu8RqeZ,Masigundlapally,16.80867428,78.32473998,,,,,,,,,,
zRbYhYha,Wadiyal,16.7469245602117,78.31501818714588,,,,,,,,,,
X5EZgQJA,Vemula-Midjil,16.784091054550945,78.31753939578685,,,,,,,,,,
U9FJEoIO,Masigundlapally,16.80847565,78.32580271,,,,,,,,,,
kRy5Huqc,Venkatapuram Patti-Thalakondapally,16.81366636677073,78.3381441179142,,,,,,,,,,
8Lyb3ERq,Porandla-Maheswaram,17.06092836029845,78.37799906730653,,,,,,,,,,
KeJp2j8m,Porandla-Maheswaram,17.060805279488186,78.37799906730653,,,,,,,,,,
VJOQkCyt,Kollapadkal,17.080886705843653,78.36531221052027,,,,,,,,,,
TojwzPW6,Gandhi Nagar Thanda-Maheswaram,17.09257782143905,78.36781742926857,,,,,,,,,,
BDBapLdj,Kalvakol X Roads,17.12492941173157,78.37413669254839,,,,,,,,,,
hbk56m2I,Uppagada Thanda,17.149161206039608,78.40869427034158,,,,,,,,,,
al59SndQ,Kotha Thanda-Maheswaram,17.158079063405783,78.39741182095366,,,,,,,,,,
0wVT2KfQ,Kollur Double Bed Room,17.43446248481722,78.25706456346103,,,,,,,,,,
tkoNn5fz,Osman Nagar,17.44213595951203,78.27197669066459,,,,,,,,,,
8PZW6YGq,Tellapur,17.46296428268626,78.28737258911134,,,,,,,,,,
o6pyezoG,Mile Stone,17.45622227584441,78.29703390598297,,,,,,,,,,
jFSbgryA,Nandi Nagar,17.419862286214503,78.4308694328707,,,,,,,,,,
BVhrJEvM,Pedda Amberpet Checkpost,17.32026209902649,78.64162803485306,,,,,,,,,,
uQhvJ8ZS,Vanka Mamidi,17.36267707802552,78.86023544836937,,,,,,,,,,
f1FoOK2X,Shivareddy Gudem,17.367,78.871,,,,,,,,,,
MCNqrCy0,Indriyala,17.38665545,78.87046919,,,,,,,,,,
4VNGHoFL,Shivareddy Gudem,17.368,78.87,,,,,,,,,,
sytRG4cv,Vanka Mamidi,17.36266626085194,78.86023107914171,,,,,,,,,,
Zh8SVJqa,Mukthapur,17.358830745940484,78.80910504334318,,,,,,,,,,
YxSJpa63,Mudimyal,17.33327972972044,78.20119857506413,,,,,,,,,,
iysRvruU,Ravulapalle Khurd,17.352,78.198,,,,,,,,,,
Mm2ufUgm,Mudimyal,17.333187481316898,78.20144534111024,,,,,,,,,,
ZD7MtANj,Appareddyguda X Road,17.318059938295857,78.22654009316561,,,,,,,,,,
hACbaiKT,Jana Priya Apartment-Erragadda,17.4570231420879,78.428674377501,,,,,,,,,,
2mEo8KpE,Panduranga Nagar,17.4557029562537,78.42537765355938,,,,,,,,,,
ArWsmYQb,Kabeer Nagar Hyd Bus Stop,17.4567145019597,78.4225123375654,,,,,,,,,,
8fEfdoN9,Mothinagar,17.454239224478133,78.42269271282068,,,,,,,,,,
Dwmsugb0,Kabeer-Mothinagar,17.454367193261607,78.42269539998118,,,,,,,,,,
IZj7iRiz,Panduranga Nagar,17.4558564290942,78.4252595323817,,,,,,,,,,
DTSVqwwq,Jana Priya Apartment-Erragadda,17.45714082857388,78.42864856123924,,,,,,,,,,
D5t5DPWl,Rtc Colony Champapet,17.346839125794407,78.52020453427514,,,,,,,,,,
B8HuFlPz,Bhupesh Guptha Nagar,17.33284502675024,78.53775512425148,,,,,,,,,,
7qcrTV2J,Nandanavanam,17.327,78.538,,,,,,,,,,
CAqkLrLk,R N Reddy,17.322873815882303,78.5384488105774,,,,,,,,,,
npqjGB3M,Nandanavanam,17.327,78.538,,,,,,,,,,
OWdCHWEz,Bhupesh Guptha Nagar,17.33256512041989,78.53772729635239,,,,,,,,,,
7ohLPWpm,Working Womens Hostel,17.421392573559547,78.41074888729611,,,,,,,,,,
ggaFNK1b,Working Womens Hostel,17.42092625549796,78.41124231552347,,,,,,,,,,
FTyCG1Cc,Chetla Tanda,16.79025829,78.75059465,,,,,,,,,,
sKRZ1CEH,Mile Stone,16.78378262,78.75077086,,,,,,,,,,
U4cC9A1u,Sai Balaji Town Ship-Grmd,17.293818761527586,78.56495420420873,,,,,,,,,,
Bcuj7AJQ,Mile Stone,17.05710001006118,78.9647912979126,,,,,,,,,,
7V8wGNuv,Theretpalle,17.055958925808596,78.9362794160843,,,,,,,,,,
L3xC7oPI,Ghattuppal,17.07092324302213,78.91915619373323,,,,,,,,,,
h9l010If,Lachammagudem,17.066363049398188,78.89540590641965,,,,,,,,,,
h3J4gQav,Goleti X Road,17.067649926333278,78.88831870119772,,,,,,,,,,
f3vtvoaf,Anthampet,17.034050808984023,78.88836572883548,,,,,,,,,,
S8Q7EHuI,Anthampet,17.03403336916691,78.88819814724066,,,,,,,,,,
2NAZ6AcC,Mile Stone,17.06755146458963,78.88838589191438,,,,,,,,,,
yj9gDNBd,Medipalle X Road,17.38122217366004,78.2068189006579,,,,,,,,,,
bPjuVTzr,Chegur-Gate,17.173682019962452,78.30036519265933,,,,,,,,,,
K7SiDg8B,Kummariguda-Shabad,17.172446790556652,78.28298989917566,,,,,,,,,,
jlZal2Qq,Akkiwariguda Twd Mallapur Thanda,17.18148940944387,78.28589726685064,,,,,,,,,,
I3RRpxng,Mallapur-Kothur,17.185508254755433,78.27304436869937,,,,,,,,,,
rT9uoKW5,Reddy Palem-Kothur,17.1965135337556,78.2652283411855,,,,,,,,,,
olkq7TTG,Mallapur Tanda,17.19843,78.26426,,,,,,,,,,
nX6gM8Cn,Yerrakunta,17.221909336439243,78.31447362899782,,,,,,,,,,
RYNssLnI,Jukal Shamshabad,17.22520909941944,78.30348728718153,,,,,,,,,,
E4w0JCjJ,Piloniguda,17.20998050265444,78.29317689128656,,,,,,,,,,
VLezbEXZ,Piloniguda,17.210123980022203,78.29311252013719,,,,,,,,,,
uVU1KGHz,Jukal Shamshabad,17.22532695146895,78.30346584444534,,,,,,,,,,
G6ph8qkk,Yerrakunta,17.222109170976637,78.3144199879292,,,,,,,,,,
jODdHLEg,Ghatpalle-Maheswaram,17.102296802956435,78.39363358638562,,,,,,,,,,
IFJbpzMS,Daudguda Twd Maheshwaram,17.105149991965117,78.41581824428843,,,,,,,,,,
wY04hnR3,Nddc Twd Maheshwaram,17.119023490662805,78.42610717255397,,,,,,,,,,
ofd4Bk3D,Model School Twd Maheshwaram,17.12882557655767,78.43253911257214,,,,,,,,,,
Xb75aiza,Model School Twd Akanpally,17.128794824718344,78.43266246898244,,,,,,,,,,
z7nbbIIN,Nddc Twd Akanpally,17.118941484618002,78.42618215429641,,,,,,,,,,
UoNle25F,Daudguda Twd Akanpally,17.104965410900256,78.41607569154597,,,,,,,,,,
CBGMShgE,Hanuman Temple Twd Chmr,17.118,78.395,,,,,,,,,,
V5B5Jytw,National Police Academy,17.332229887129945,78.43927413225175,,,,,,,,,,
oOzDdDTc,Jalpally X Rd,17.28447945270665,78.45115230195071,,,,,,,,,,
6Elyk116,Wambay Clny-Udamgadda,17.298303786488706,78.44989308117015,,,,,,,,,,
BcVuMTVY,Laxmiguda-Jalpally,17.306997835124374,78.45043220741681,,,,,,,,,,
DlPFHeAU,Uddam Gadda,17.315641420967907,78.4488496174679,,,,,,,,,,
agzfDDih,Rajendra Nagar Depot,17.33397096375461,78.40961158275607,,,,,,,,,,
Uv8aJaet,Gudoor Gate,17.11849030729509,78.50560781008241,,,,,,,,,,
S2L0eHS3,Turkaguda Twd Rachloor,17.11269691691547,78.54289054123808,,,,,,,,,,
msIpXtQ1,Katikapally,17.100832894498232,78.50156307939397,,,,,,,,,,
4jKkPNMB,Katikapally,17.092757231872948,78.51656725806504,,,,,,,,,,
6iuL2ui7,Malagudur,17.084204594261045,78.50282368993376,,,,,,,,,,
0erFpeic,Gudur Village,17.095395388641837,78.49881918197046,,,,,,,,,,
Fd4gyBPr,Gudur Village,17.095431248485788,78.49879367222054,,,,,,,,,,
Zf63Eqks,Malagudur,17.084864759447036,78.50134876643534,,,,,,,,,,
E0Q8spQL,Katikapally,17.093152158683637,78.51676041772251,,,,,,,,,,
mDFEttJ5,Gudoor Gate,17.114604413152364,78.50442775420261,,,,,,,,,,
T4BdT75P,Mile Stone,17.112494649623123,78.54278037796706,,,,,,,,,,
Q1jTNsBv,Peddamma Thanda-Maheswaram,17.09026014447573,78.41406539674735,,,,,,,,,,
ldnxlDRC,Damera Bhemanapally-Marriguda,16.952,78.93,,,,,,,,,,
PTEshPNV,Vattipalle,16.942713388718023,78.87436866760255,,,,,,,,,,
N7ynZR63,Kondur-Marriguda,16.935421266389877,78.83531568850786,,,,,,,,,,
O9mB0AxI,Goleti X Road,16.901735791755115,78.67193431222256,,,,,,,,,,
uBRC6E1v,Abids Gpo,17.388783479337054,78.47640392706282,,,,,,,,,,
UGerjEku,Saraswathiguda X Road-Kandukur,17.185039162804937,78.47549200057986,,,,,,,,,,
Rls97wnG,Saraswathiguda,17.17091173974312,78.49886205896233,,,,,,,,,,
OUJWA36u,Nandigama,17.1202167370524,78.2535023242235,,,,,,,,,,
bLc25NIc,Nandigama,17.1203557991827,78.2534805312752,,,,,,,,,,
bhpEb5hI,Musheerabad-2 Depot,17.40818310303907,78.50384436213037,,,,,,,,,,
QFP7D7M1,Ashoknagar Rtc X Rd,17.409375667074343,78.48949850017856,,,,,,,,,,
T2ndhAnx,Canara Bank Gandhi Nagar,17.411886413364645,78.48864019932292,,,,,,,,,,
CwIAwcWK,Gandhi Nagar-Kavadiguda,17.41583917466526,78.48914846534619,,,,,,,,,,
rpJghdtI,P T Colony Bus Stop,17.418603049228775,78.4911614052787,,,,,,,,,,
Eo7vF4IS,Padmashali Colony,17.422142539132054,78.49360093311029,,,,,,,,,,
a9d3hszX,Praga Tools,17.423570561643444,78.49405823193308,,,,,,,,,,
Dd74sCDi,Kavadiguda,17.424789342453824,78.48968357275616,,,,,,,,,,
P2df2uL5,Bible House,17.429847954839833,78.49253472521723,,,,,,,,,,
aSPBFXgw,Kavadiguda,17.424837333727996,78.48970772391705,,,,,,,,,,
Tf9ynlAk,Praga Tools,17.42363582786217,78.49422720145486,,,,,,,,,,
HphK3ZyB,Padmashali Colony,17.42280023407035,78.49410450408847,,,,,,,,,,
9fI5Bs5Z,P&T Colony Ashoknagar,17.41852000468204,78.49117890015904,,,,,,,,,,
9NfCcZgY,Gandhi Nagar-Kavadiguda,17.41559591715823,78.48914176167612,,,,,,,,,,
xxUFl7hc,Canara Bank Gandhi Nagar,17.412025901726565,78.48868572073548,,,,,,,,,,
lFQnF9fq,Ashoknagar Rtc X Rd,17.408921432713964,78.48959773778917,,,,,,,,,,
n7zPCFep,Ashok Nagar Park,17.406083120308445,78.48964333565357,,,,,,,,,,
kYbuC6Ax,Himayath Nagar,17.40097704668794,78.4888654947281,,,,,,,,,,
syP9JAVJ,Telugu Academy Himayat Nagar,17.399559101272665,78.48680555820467,,,,,,,,,,
LGLeCMzr,Old M.L.A. Quarters,17.397067432283745,78.48415285348892,,,,,,,,,,
RD7GKep7,King Koti,17.393592853984355,78.48161009958379,,,,,,,,,,
cTgAiTXN,Abids Tajmahal Hotel,17.392136461389235,78.47690082424054,,,,,,,,,,
N48bRkoG,National Darbar,17.394724095025243,78.48541608042963,,,,,,,,,,
guzvnARO,Old M.L.A. Quarters,17.396695065037136,78.48439154830965,,,,,,,,,,
giot3mvI,Telugu Academy Himayat Nagar,17.39964356403322,78.48661512136461,,,,,,,,,,
fbXZ7D3o,Himayath Nagar,17.401435189155563,78.4889003634453,,,,,,,,,,
qI9uEjie,Ashok Nagar Park,17.406532232354113,78.48966613124074,,,,,,,,,,
WkOftPtv,King Koti,17.39404073728786,78.4838603417909,,,,,,,,,,
9xryvLAq,Sudharshan Theatre,17.407431886637664,78.49499970674515,,,,,,,,,,
fHFqHYcV,Vst Bus Stop,17.404992795743873,78.501843698299,,,,,,,,,,
GNKmoUi8,Budwel Station Twd Aramghar,17.3027877968147,78.41989520696971,,,,,,,,,,
xw8rYt7c,Lb Nagar,17.349388405109917,78.55304927159713,,,,,,,,,,
D6LZci1h,Mile Stone,17.244547926573883,78.38843017816545,,,,,,,,,,
sLD8PSvk,Mile Stone,17.2451276929761,78.45957256680946,,,,,,,,,,
gcGkI4Ga,Mile Stone,17.24501670688255,78.45983538030347,,,,,,,,,,
K0WE1by8,Mile Stone,17.24432762550742,78.38847711682321,,,,,,,,,,
phUflm90,B C Colony-Amet,17.316,78.6839,,,,,,,,,,
CIwk8sty,Shiva Narayana Puram,17.3039581250592,78.52976649986614,,,,,,,,,,
oiv20uFL,Nandi Hills,17.315378029251125,78.54180684049362,,,,,,,,,,
MSDP0RdI,Uddam Gadda,17.315659394726215,78.44895288178971,,,,,,,,,,
aRmQuqpU,Laxmiguda-Jalpally,17.30712838616773,78.45074059962711,,,,,,,,,,
OKoxscHu,Wambay Clny-Udamgadda,17.298363927415938,78.45019207633769,,,,,,,,,,
jfvYGuob,Panama Godowns,17.33796893872029,78.56988161802293,,,,,,,,,,
CRi46Z1q,Ravirala,17.21608848881965,78.51041436195372,,,,,,,,,,
bo3kio9a,Kongara Tanda,17.19236763990761,78.5504919841191,,,,,,,,,,
ADE8ktGe,Timmapur-Kandukur,17.130420040375512,78.55778753757478,,,,,,,,,,
q9UwsNFs,Srisri Homes,17.297052,78.548187,,,,,,,,,,
cxPq42aP,Balapur X Rds,17.317911494745765,78.51837514688141,,,,,,,,,,
ru8VIPMz,Shivaji Chowk,17.313609573864937,78.50564008393316,,,,,,,,,,
Qj99Hvl1,Balapur,17.310572552720814,78.49954072089304,,,,,,,,,,
oY2lIre6,Shivaji Chowk,17.31370431751899,78.50613375220979,,,,,,,,,,
DL8tFlyr,Shivaji Chowk,17.313443086917236,78.50601285851876,,,,,,,,,,
wiSG9gBB,Balapur Twd Rci,17.308862017063365,78.50624082854596,,,,,,,,,,
vPf8LxDb,Mallapur,17.28997783207934,78.49772475681873,,,,,,,,,,
EOgnvqYS,Sultanpur-Mallapur,17.27828805182918,78.49823310971261,,,,,,,,,,
nXYt1GCb,Rci Main Gate,17.263482265674668,78.49369749352354,,,,,,,,,,
5qJQmOHB,Rci,17.26401532004546,78.48590970039369,,,,,,,,,,
AiNCQhNw,Sultanpur-Mallapur,17.278220170457697,78.49814862012865,,,,,,,,,,
stYLQAzN,Mallapur,17.290236770272685,78.49758535000174,,,,,,,,,,
d5AxlXvb,Balapur Twd Midhani,17.308913232880474,78.50596190619098,,,,,,,,,,
WRWow6QC,Walanthari,17.3231,78.3819,,,,,,,,,,
v4ypzUjb,Gaddiannaram,17.36659762584283,78.521,,,,,,,,,,
CnoCVNCi,Shankeshwar Mutt,17.358881054850613,78.525,,,,,,,,,,
9AfcylJA,Mandha Mallamma,17.338,78.523,,,,,,,,,,
Vzryxt5b,Mammarajiguda Village,17.23448041215124,78.52714598318887,,,,,,,,,,
h7u8NzwT,Bandlaguda,17.316743747930794,78.46645284114257,,,,,,,,,,
RvkRvson,Noori Shah Darga,17.311,78.468,,,,,,,,,,
MMTXzleL,Ismail Nagar,17.308,78.471,,,,,,,,,,
pQHaWNI7,Ghouse Nagar,17.3,78.465,,,,,,,,,,
MmZrR7jP,Narsimharao Nagar Twd Sainagar,17.325107620840516,78.5872207581997,,,,,,,,,,
SqLg9p8b,Sama Nagar X Road Twd Sainagar,17.32219800914447,78.58937859878607,,,,,,,,,,
yRYN8dRk,Sai Baba Temple-Rk Nagar,17.321931496347243,78.59290838199956,,,,,,,,,,
tyAoBpfy,Sai Nagar Colony-Hayathnagar,17.31800890249308,78.5927581795434,,,,,,,,,,
DjLQSMMD,Sai Nagar Colony-Hayathnagar,17.31773734408888,78.59286814976277,,,,,,,,,,
oddA9W59,Sai Baba Temple-Rk Nagar,17.32203145529547,78.59287082851998,,,,,,,,,,
WR0PpBm8,Sama Nagar X Road Twd Shanthi Nagar,17.322314410866515,78.58918011188509,,,,,,,,,,
zjKMukrF,Narsimharao Nagar Twd Raithubazar,17.325164269268384,78.58719930052759,,,,,,,,,,
sFbFqnn1,Mudhiraj Colony Twd Hayat Nagar,17.316510843184496,78.59291630918267,,,,,,,,,,
zbc0ON6r,Vaidehi Nagar,17.321178648567507,78.5651957988739,,,,,,,,,,
6khzBV3o,Vaidehi Nagar,17.32103795454453,78.5695517063141,,,,,,,,,,
NnwqgXKd,Vaidehi Nagar,17.32126574377763,78.56527089885331,,,,,,,,,,
8Z7GErO0,Paradise,17.4450481614948,78.4870630502701,,,,,,,,,,
GIe8C9hg,Cto,17.450395400585613,78.48666074225532,,,,,,,,,,
87ngmWcl,Tadbund,17.45646278230759,78.48426282588864,,,,,,,,,,
BzrsSycc,Ashish Garden Bus Stop,17.45755916942138,78.47801730816455,,,,,,,,,,
6WVFTmsv,Bowenpally,17.465190195884468,78.47266227053588,,,,,,,,,,
NdEU2LSO,Bowenpally Checkpost,17.47587701695448,78.47371099988511,,,,,,,,,,
KDc0jQfn,Nandamuri Nagar,17.48013160563152,78.47297072410585,,,,,,,,,,
XNEqxypB,Dairy Farm-Bowinpally,17.4873310037032,78.4733722080991,,,,,,,,,,
M2FzfisB,Suchitra X Road,17.500383637841455,78.47722068428995,,,,,,,,,,
SRDhnXIq,Jeedimetla Village,17.508909,78.479253,,,,,,,,,,
y1muWDXW,Angadipet,17.5139360687993,78.47959343343969,,,,,,,,,,
XMelem9c,Balaji Hospital Kompalli,17.51858015,78.48162688,,,,,,,,,,
jBlNbTvB,Ncl North Avenue,17.52563124323894,78.48420113498389,,,,,,,,,,
bvCB1f2T,Poultry Farm (Cineplanet Kompally),17.52894597597308,78.48626106977464,,,,,,,,,,
zMJBryNH,Prajaya Aprts - Kompally,17.531881,78.488056,,,,,,,,,,
Dma306Us,Doolapally X Road,17.54101264029087,78.49078327417375,,,,,,,,,,
6KuJg9Zb,Kompally,17.544708,78.491754,,,,,,,,,,
4Wi8zMH6,Kompally Bridge,17.564408293047858,78.49336946729672,,,,,,,,,,
nRZq5yDb,Gundla Pochampally,17.569052,78.49356,,,,,,,,,,
GpbQUD6j,Prestige Park Gundlapochampally,17.576509683520527,78.49168717861177,,,,,,,,,,
1eqxqeHO,Damber Factory,17.57919962465781,78.4907913382261,,,,,,,,,,
ez2XDrI6,Kandlakoya,17.59133194,78.4927718,,,,,,,,,,
RRTZl43p,Kirloskar,17.60083013223446,78.49203588227546,,,,,,,,,,
RI2R5nuN,Cmr College,17.60385525,78.49075075,,,,,,,,,,
cfjBvkFA,Ida Medchal,17.61149869,78.4872565,,,,,,,,,,
Gi9qTPby,Medchal Checkpost,17.6173996200387,78.4857561439275,,,,,,,,,,
AAUzdTTg,Medchal,17.634206695645183,78.48574896426103,,,,,,,,,,
akyDpNkg,Medchal Checkpost,17.617943464131216,78.48582927613064,,,,,,,,,,
rVqgqGNI,Ida Medchal,17.61189015,78.48740503,,,,,,,,,,
cEWk9f63,Cmr College,17.60400020095634,78.49095223048457,,,,,,,,,,
ukLe77CU,Kirloskar,17.600881643353286,78.492320100592,,,,,,,,,,
WV52ABgC,Kandlakoya,17.5914732026071,78.4931184723973,,,,,,,,,,
kzAhOdsk,Damber Factory,17.57927,78.491087,,,,,,,,,,
XZr8owNb,Prestige Park Gundlapochampally,17.576678444708637,78.49175691604616,,,,,,,,,,
qZljXt6V,Gundla Pochampally,17.569194,78.493857,,,,,,,,,,
84FMkcwT,Kompally Bridge,17.564598335344815,78.49365983710132,,,,,,,,,,
vnheouUu,Kompally,17.544481,78.492045,,,,,,,,,,
C9BknzJI,Doolapally X Road,17.54009961398635,78.49093079566957,,,,,,,,,,
FW800vbH,Prajaya Aprts - Kompally,17.531005,78.487942,,,,,,,,,,
NzPbTG5y,Poultry Farm (Cineplanet Kompally),17.528861921320768,78.4866312146187,,,,,,,,,,
2wY2TigE,Ncl North Avenue,17.525985,78.484684,,,,,,,,,,
COB7XRKn,Balaji Hospital Kompalli,17.51879212,78.48197658,,,,,,,,,,
fd9DsAln,Angadipet,17.5138014607382,78.47980502005836,,,,,,,,,,
rTz6wUu6,Jeedimetla Village,17.508392,78.479482,,,,,,,,,,
n1PUbyM2,Suchitra X Road,17.499658,78.477149,,,,,,,,,,
VJCczbY7,Dairy Farm-Bowinpally,17.486813904305993,78.47343743096377,,,,,,,,,,
AEwxUxGw,Nandamuri Nagar,17.48014695571729,78.473539352417,,,,,,,,,,
RSbdvsMT,Bowenpally Checkpost,17.475889176038,78.4739145264029,,,,,,,,,,
Dwpbg49S,Bowenpally,17.46517744874313,78.47288757562639,,,,,,,,,,
Nc1ckrY4,Ashish Garden Bus Stop,17.45723552409137,78.47845315269024,,,,,,,,,,
5GtdDzzi,Tadbund,17.456487,78.483953,,,,,,,,,,
13mpW2T3,Cto,17.450472813367018,78.486891375513,,,,,,,,,,
TPgOb0vV,Paradise,17.443503,78.488141,,,,,,,,,,
alAZZ1u5,Patny,17.44324671369289,78.49490046501161,,,,,,,,,,
RhnPIEYO,Ymca Secunderabad,17.441944230058667,78.49877895200494,,,,,,,,,,
DVWA6OOC,Ansari Road,17.295851,78.482675,,,,,,,,,,
mNJBmFWn,Venkatapuram,17.297171,78.488983,,,,,,,,,,
u6ttvKKE,Salala,17.30450869377669,78.49087176167527,,,,,,,,,,
oZbPPWh4,Venkatapuram,17.297110357742202,78.48905602362846,,,,,,,,,,
YALM35XF,Ansari Road,17.295817118921097,78.48272335417518,,,,,,,,,,
isHG9Bvl,Barkas,17.31563602,78.47897049,,,,,,,,,,
MrTeUQhZ,Gudi Malkapur-Mehdipatnam,17.38663614165775,78.43995809596677,,,,,,,,,,
5q1zHnGr,Shiv Bagh,17.38281166937849,78.43876182006144,,,,,,,,,,
X5DNXWAF,Sharada Nagar-Gudimalkapur,17.381234925431603,78.43977570533754,,,,,,,,,,
oEF4TCM0,Tallagadda,17.37855480743754,78.44227083027364,,,,,,,,,,
s21mG7WM,Tallagadda,17.378826160454302,78.44207704067232,,,,,,,,,,
VTBQfvVD,Sharada Nagar-Gudimalkapur,17.381112048199203,78.43974351882936,,,,,,,,,,
GnTrtf4s,Shiv Bagh,17.38287805576961,78.43869209289552,,,,,,,,,,
jK523rWm,Gudi Malkapur-Mehdipatnam,17.38664590973795,78.43985617301274,,,,,,,,,,
gduZCR7Z,Iiit,17.444325,78.351854,,,,,,,,,,
EtcFXW6q,Infosys,17.437043,78.347696,,,,,,,,,,
GUKCcy8w,Icici Junction,17.421817593676224,78.3380489159797,,,,,,,,,,
2TKCXvG2,Infotech,17.420333204951906,78.33709001541139,,,,,,,,,,
xDuZgZVu,Waverock,17.419155472420485,78.34727159126253,,,,,,,,,,
fQhlcnDd,Infotech,17.42032808657743,78.33699077367784,,,,,,,,,,
ng3PytdJ,Icici Junction,17.422299365015,78.33820784694036,,,,,,,,,,
LpMsCjvi,Infosys,17.436867,78.347239,,,,,,,,,,
Hvpkdg2w,Rethibowli,17.396058,78.431656,,,,,,,,,,
EIzwAraT,Quba Colony,17.2943,78.4711,,,,,,,,,,
M6knPITE,Mohammed Nagar,17.2954,78.4707,,,,,,,,,,
oS865Fqt,Quba Colony,17.2942256094,78.4712590086,,,,,,,,,,
WhzmZ1aB,Mandollagudem Choutuppal,17.2793973308565,78.7905489653348,,,,,,,,,,
g0WllZIY,Choutuppal,17.253828510516662,78.89410972595216,,,,,,,,,,
Kir3lPIg,Lingoji Guda-Choutuppal,17.24425331367155,78.92681390320224,,,,,,,,,,
ydmFvuas,Ankireddigudem,17.242245387230152,78.9336732143448,,,,,,,,,,
QEEXTBZN,Panthangi,17.245774960899908,78.9582279314449,,,,,,,,,,
OEQTjjPG,Panthangi,17.24567753195782,78.95819306706763,,,,,,,,,,
xyrhZaXS,Ankireddigudem,17.242098926162583,78.9336347627042,,,,,,,,,,
s2oQmlTe,Lingoji Guda-Choutuppal,17.243831943111932,78.9267307516921,,,,,,,,,,
YNadP036,Secunderabad,17.4360059542581,78.5000509768724,,,,,,,,,,
EMX63sAM,Chadarghat,17.382278596303596,78.49356941837877,,,,,,,,,,
TNlJ8JP7,Ymca Narayanaguda,17.395274505393093,78.49138811061884,,,,,,,,,,
1N2PV1v2,Sundaraiah Park,17.397129198123974,78.49700860513259,,,,,,,,,,
fcWnuxK0,Bagh Lingampally,17.40111411698832,78.49937323641845,,,,,,,,,,
HNzxTJqP,Ramnagar Gundu,17.407087651324147,78.51297318935396,,,,,,,,,,
PcVzgzWp,Jamia Osmania,17.41176796167992,78.51801435142107,,,,,,,,,,
QD2uRY6I,Arts College,17.417934643242734,78.51941866787723,,,,,,,,,,
wPQ3ytxp,Warasiguda,17.4199255556633,78.51671585195908,,,,,,,,,,
21XLRqYT,Namalagundu,17.425,78.515,,,,,,,,,,
YNTauQVH,Sitaphalmandi,17.42761394737461,78.51747393608095,,,,,,,,,,
JXHsofUr,Chilkalguda,17.431424385375742,78.50897133350374,,,,,,,,,,
tXCkH7Q3,Chilkalguda,17.43138855892824,78.50941658020021,,,,,,,,,,
ino5zaY2,Sitaphalmandi,17.427141795554945,78.51734820753337,,,,,,,,,,
pOfOVxp3,Namalagundu,17.424565659821006,78.51578164949024,,,,,,,,,,
EJ6Ij660,Warasiguda,17.419804633447274,78.51699346059964,,,,,,,,,,
YIEemWbh,Arts College,17.41780613943825,78.51944936674855,,,,,,,,,,
uKhmHAJg,Jamia Osmania,17.41163618760447,78.51809530768993,,,,,,,,,,
GCrZj4rg,Bagh Lingampally,17.400925858042044,78.49926173769508,,,,,,,,,,
dhC5uES9,Sundaraiah Park,17.3972299109842,78.49723131722396,,,,,,,,,,
h2KLK2Bw,Ymca Narayanaguda,17.395230976466387,78.49129289393042,,,,,,,,,,
eX9ZnojV,Ameerpet,17.431553,78.44765,,,,,,,,,,
nDq6JPyj,Beeramguda Kaman,17.50889,78.300277,,,,,,,,,,
58ynBJu3,Chintal Basthi,17.408898,78.460376,,,,,,,,,,
iJpDG3Az,Irram Manzil,17.420752974516326,78.45569724523418,,,,,,,,,,
A2vW9yH0,Sr Nagar,17.442965253360637,78.44073727726938,,,,,,,,,,
rsGUZH7X,Bharath Nagar,17.467232084021962,78.42877865316824,,,,,,,,,,
Co93cESq,Moosapet,17.47081310529018,78.4266757867274,,,,,,,,,,
XxUn73uy,Kphb,17.494062,78.400453,,,,,,,,,,
hm60m7mb,Jntu,17.496261,78.39441,,,,,,,,,,
ipAmaxcG,Miyapur Metro Station,17.496265,78.370945,,,,,,,,,,
hqB2fu5A,Miyapur X Road,17.496480967308223,78.36260927590494,,,,,,,,,,
UyZDBKX5,Miyapur,17.495772,78.357949,,,,,,,,,,
ZhW7uvNl,Madeenaguda,17.494912,78.340601,,,,,,,,,,
Mtp9jacw,Gangaram,17.4950921682438,78.33270711916356,,,,,,,,,,
o6FSDgLc,Icrisat,17.518553830327,78.2787145288346,,,,,,,,,,
NzMITaYT,Allwyn,17.524761626125688,78.27171920538208,,,,,,,,,,
Kdc8bpKV,Ravirala,17.215950138963258,78.5103875398636,,,,,,,,,,
ufLJTxLc,Vst Bus Stop,17.404845031728676,78.50170170948046,,,,,,,,,,
A8aTeIDR,Sudharshan Theatre,17.407241213625905,78.49503189325334,,,,,,,,,,
YvHwhwEu,Flour Mill,17.391952831918932,78.42311886367428,,,,,,,,,,
P5gN8WRE,Flour Mill,17.392522952951037,78.42439860086482,,,,,,,,,,
ERXuRE8f,Rachalapalle,16.6947774780227,78.39831947754284,,,,,,,,,,
6i3UBFjO,Madharam-Midjil,16.674325946847144,78.36628317607344,,,,,,,,,,
qEGD6o77,Gudiganpalle,16.671972352863488,78.33579176995545,,,,,,,,,,
xogDMhqi,Madharam-Midjil,16.674351641097903,78.36639583110811,,,,,,,,,,
L92wKTDK,Rachalapalle,16.695,78.399,,,,,,,,,,
VZdL0i89,Pedda Adiryal,16.851939429584267,78.29847687353094,,,,,,,,,,
iI577gvW,Chinna Adiryal,16.838,78.301,,,,,,,,,,
0Pz9hz7B,Mile Stone,16.853,78.43,,,,,,,,,,
NLup1D72,Chowdarpally-Thalakondapally,16.817738292138895,78.38420304037305,,,,,,,,,,
GLIOn202,Jail Garden,17.377272367082867,78.49233359098436,,,,,,,,,,
E0uL7xKX,Jandaguda,17.091153668347026,78.35102275363985,,,,,,,,,,
Mi0dTHWa,Kodicherla,17.093867430238763,78.33235052670183,,,,,,,,,,
z3wxN050,Siddapur-Kothur,17.056055061273483,78.35567906522247,,,,,,,,,,
9J2Dw4j3,Cherkur,16.776839,78.544234,,,,,,,,,,
3oXz53ML,Mile Stone,16.773017747139885,78.56429458006772,,,,,,,,,,
uD5Htw9y,Mile Stone,16.78264,78.587544,,,,,,,,,,
XFbLNXy5,Cherkur,16.776895577919902,78.54410827225638,,,,,,,,,,
JJNV7jpt,Mile Stone,16.773134,78.564355,,,,,,,,,,
F3HtXuw9,Pbel City,17.3597289733,78.3713515175,,,,,,,,,,
8IjZFsgX,Shapur Tanda Twd Shubanpur,17.21241962056849,78.34434269738568,,,,,,,,,,
HdRPNjmn,Gollor,17.178107582397942,78.352393374456,,,,,,,,,,
g93g9UhY,Nagireddipalle-Maheswaram,17.16620404641334,78.35155247865454,,,,,,,,,,
uF6wfmyX,Manikyammaguda,17.13587307927545,78.33456740615658,,,,,,,,,,
9d15MMxE,Kottakapubasti,17.126,78.348,,,,,,,,,,
6XVT4YB3,Ayyavaripally-Maheswaram,17.115,78.353,,,,,,,,,,
6JxnSOi6,Subhanpur,17.102063413494367,78.35004776647718,,,,,,,,,,
JPzOyAri,Ayyavaripally-Maheswaram,17.108,78.351,,,,,,,,,,
2GKxNlfD,Kottakapubasti,17.124309265456773,78.34888635760845,,,,,,,,,,
DXIFcX2h,Manikyammaguda,17.135941070479408,78.33460092295974,,,,,,,,,,
ZsUhTMPj,Nagireddipalle-Maheswaram,17.16613234399807,78.35146129660299,,,,,,,,,,
MmrECAyp,Gollor,17.17816399280592,78.3524240830884,,,,,,,,,,
qUFZRpaZ,Shapur Tanda Twd Shamsabad,17.21241962056849,78.34448753947298,,,,,,,,,,
sXSVD0N7,Vikrampuri,17.45526,78.49804,,,,,,,,,,
kcGFN8gk,Karkhana,17.460776333331086,78.50035608219308,,,,,,,,,,
gWSdCVIN,Tirumalagiri,17.47262,78.50982,,,,,,,,,,
UtT6Mr0x,Lalbazar,17.477752395146094,78.5106678331172,,,,,,,,,,
Djd3PtNY,Lalbazar,17.479221,78.510914,,,,,,,,,,
H6fvd9Dg,Family Quarters,17.490909605331463,78.51272642612459,,,,,,,,,,
RCcFdNGF,Lothukunta,17.493553481815,78.5124732926487,,,,,,,,,,
A7V7d3tY,Alwal,17.501855797020706,78.51396560668947,,,,,,,,,,
A8TZ7LEb,Sri Bakery,17.504727841021676,78.50765001544146,,,,,,,,,,
0ybr6WOr,Old Alwal,17.508687,78.50353,,,,,,,,,,
zMu96nat,Father Baliah Nagar,17.506402,78.492643,,,,,,,,,,
r89dJX5x,Loyola Academy,17.504777,78.487702,,,,,,,,,,
oPzLtLPj,Suchitra X Road,17.500766067827993,78.47993373870851,,,,,,,,,,
9IgCIs4O,Loyola Academy,17.505035,78.487839,,,,,,,,,,
MMNOM841,Father Baliah Nagar,17.506522,78.492767,,,,,,,,,,
pd5BUXoL,Old Alwal,17.508452,78.503855,,,,,,,,,,
ejQwQYCQ,Sri Bakery,17.50476951764677,78.50764367053561,,,,,,,,,,
DfXJWUqa,Alwal,17.5020195116399,78.51413726806642,,,,,,,,,,
9jdImE8R,Lothukunta,17.491851019072524,78.51283103227615,,,,,,,,,,
PzAv5tOi,Family Quarters,17.49098379300429,78.51284444332124,,,,,,,,,,
bhH3le9H,Lalbazar,17.47851,78.51104,,,,,,,,,,
JNHOpanH,Tirumalagiri,17.4726,78.51007,,,,,,,,,,
W9P6Xs2C,Karkhana,17.460615401145713,78.50054919455204,,,,,,,,,,
Dz6YvX7w,Vikrampuri,17.4543860911897,78.498215675354,,,,,,,,,,
iIuLE0IR,St Anns Twd Jbs,17.442719581246557,78.50361026921122,,,,,,,,,,
rapGgpOm,Kabeer Nagar Hyd Bus Stop,17.4561074548764,78.4222934022545,,,,,,,,,,
vlr0GajT,Sanath Nagar Railway Station,17.4616389287505,78.4315812215209,,,,,,,,,,
4GhVjXLG,Moghalpura,17.35945,78.476523,,,,,,,,,,
rr9CsVyB,Kammaguda,17.280315098675366,78.55126714521666,,,,,,,,,,
0yYdXH60,Ymca Narayanaguda,17.3955176437256,78.48960575635786,,,,,,,,,,
NTaYCIKg,Vittalwadi,17.396061552056494,78.48751835525036,,,,,,,,,,
2jQaEeRC,Hyderguda,17.4,78.478,,,,,,,,,,
xHxTbRVz,Lokayuktha Office,17.405532825751806,78.47680963575841,,,,,,,,,,
aXKzOSFU,Y Junction Kukatpally,17.475212,78.423632,,,,,,,,,,
4atoELjF,Lokayuktha Office,17.40550595210712,78.4769330173731,,,,,,,,,,
0X60AODT,Basheer Bagh,17.401447986414706,78.47589433193208,,,,,,,,,,
b25FhwHZ,Hyderguda,17.40027063482318,78.4781312942505,,,,,,,,,,
axJgeawM,Vittalwadi,17.396073058755803,78.48755389451982,,,,,,,,,,
NuoUwDCC,Ymca Narayanaguda,17.39547924753257,78.4899115991567,,,,,,,,,,
9dRGFaGl,Kachiguda X Roads,17.390815714779542,78.48928928375244,,,,,,,,,,
vc5Q9ECR,Gachibowli,17.43966327848381,78.36356339708107,,,,,,,,,,
K9DK19kr,Allwyn X Road,17.493109727462922,78.35184279812727,,,,,,,,,,
OxuU5yGr,Mansanpalle-Maheswaram,17.137,78.393,,,,,,,,,,
AMQkYo1R,Kc Tanda X Roads,17.13372385670354,78.41677576247083,,,,,,,,,,
dr49IUed,Arundati Colony-Uppuguda,17.34246232332092,78.48157794016669,,,,,,,,,,
9PRgDrvR,Saraswathiguda X Road-Kandukur,17.185720621969487,78.47431171378885,,,,,,,,,,
RHbH0qLG,Gudur Gate,17.09223940434724,78.47462027306192,,,,,,,,,,
sEkQpe2C,Mile Stone,16.99084148234219,78.45581528288535,,,,,,,,,,
g8HuV6Ol,Madharam,16.969,78.45,,,,,,,,,,
meRPzYZe,Ibrahimpatnam,17.19170305,78.64710845,,,,,,,,,,
z1JAbEKY,Sr Nayak Nagar Bus Stop,17.532144,78.444543,,,,,,,,,,
HRIoxcQ5,Sbi Colony Twd Koti,17.36132,78.512622,,,,,,,,,,
cnGFzIOV,Saidabad Police Station,17.363720291181757,78.50224435329437,,,,,,,,,,
l2TfSAiX,Kala Nagar,17.338,78.646,,,,,,,,,,
p8rpf34I,Pasumamula,17.34994711689169,78.6491435742548,,,,,,,,,,
SP66GDDh,Kala Nagar,17.338,78.646,,,,,,,,,,
4ODyY9jA,Vijaya Hospital-Nagaram,17.482627511762633,78.59504336944926,,,,,,,,,,
FPHTZAnQ,Nagaram Ecil,17.4878519,78.60082392,,,,,,,,,,
GEQfLAZl,Dammaiguda,17.501965792796742,78.58896687626839,,,,,,,,,,
rhKs1m5z,Ambedkar Nagar Dammaiguda,17.5067288018262,78.58388543128969,,,,,,,,,,
rE10T21r,Dammaiguda,17.50213718143134,78.58883813023569,,,,,,,,,,
dQ9OtAZz,Dammaiguda X Road,17.489633060983998,78.6015719035661,,,,,,,,,,
ihYYcwld,Nagaram Ecil,17.487935703410667,78.60098585486413,,,,,,,,,,
TZjYc9wD,Vijaya Hospital-Nagaram,17.482324458452,78.59493653946699,,,,,,,,,,
Ag0TpmOp,Sv Nagar,17.480700849520712,78.59116765376586,,,,,,,,,,
ZGCH1dKv,Chakripuram,17.47947676422894,78.58536064624788,,,,,,,,,,
jdvB3Gdx,Dammaiguda X Road,17.48986712007547,78.60157459974289,,,,,,,,,,
bvOikYgX,Ayyappa Colony,17.494,78.597,,,,,,,,,,
9lo4UeiJ,Beerapagadda,17.405935929948104,78.56393918395044,,,,,,,,,,
cGWFArDm,Ganesh Nagar Church,17.410915153218912,78.56438040733339,,,,,,,,,,
fFaQHoF0,Adarshnagar Uppal,17.41378156819491,78.56505632400514,,,,,,,,,,
lHPvnE32,Hema Nagar-Uppal,17.421,78.564,,,,,,,,,,
ki05OEh0,Post Office-Nacharam,17.431,78.559,,,,,,,,,,
D6hCS0ep,Hema Nagar-Uppal,17.421200871093813,78.56440993963322,,,,,,,,,,
tFiy24uk,Ganesh Nagar Church,17.410912593899738,78.56444478034975,,,,,,,,,,
dfCxpNyn,Beerapagadda,17.405908416515366,78.56401629745962,,,,,,,,,,
80dBZEhn,Adarshnagar Uppal,17.414009342130075,78.56490343150288,,,,,,,,,,
cYih8QXM,Fci Colony,17.332572978218593,78.56154262971341,,,,,,,,,,
YRY6FtHR,Rtc Colony Twd Chintalkunta Check Post,17.33769965590326,78.5584894515121,,,,,,,,,,
FDm92bZz,Jahangir Nagar Colony,17.339738162128924,78.55701777080881,,,,,,,,,,
lyYMjoIV,Vivekananda Nagar Clny,17.493644098182642,78.41042963161235,,,,,,,,,,
Um4jMF5q,Allwyn Colony Phase 1,17.50199904732058,78.41888934373856,,,,,,,,,,
2B7S5lGF,Jagadgiri Gutta,17.50204094,78.42614204,,,,,,,,,,
GtmJe15u,Allwyn Colony Phase 1,17.501992012710268,78.41892890632154,,,,,,,,,,
cz8agNef,Vivekananda Nagar Clny,17.49360848222384,78.41057985992425,,,,,,,,,,
EIEQroOV,Sumithra Nagar-Kukatpally,17.489,78.409,,,,,,,,,,
x2ZgbKAy,Darga,17.4119030296672,78.39503110244718,,,,,,,,,,
kKjN6CpO,Ou Colony,17.406838749655506,78.39198544629247,,,,,,,,,,
nI0WwhLc,Panchavati Colony  Manikonda,17.407346147791216,78.38752895593645,,,,,,,,,,
YhwcYGzC,Manikonda,17.406250900428,78.3762257811903,,,,,,,,,,
leMXHA9b,Manikonda,17.4062924904204,78.3762720492947,,,,,,,,,,
7qbKgvw5,Panchavati Colony  Manikonda,17.407392216430136,78.3875222504139,,,,,,,,,,
jj4Bzhr4,Ou Colony,17.40685987057295,78.391972033536,,,,,,,,,,
HTYqhYsW,Konapur-Vangoor,16.54458502019683,78.54708090706373,,,,,,,,,,
PX1F5vK7,Jangareddy Pally-Amangal,16.847015562647538,78.55714920341356,,,,,,,,,,
mz2mfqzL,Mile Stone,16.83857504883165,78.57226608067789,,,,,,,,,,
pDKE4WOc,Chandryanplly,16.819207017929465,78.63278741837583,,,,,,,,,,
PCA4atoR,Irvin,16.790720127845383,78.70558262435344,,,,,,,,,,
zxpM1hL0,Ramchendragudem Twd Afzalgunj,17.12974311566296,78.3858445039374,,,,,,,,,,
yc4wkNs0,Nandipally Twd Afzalgunj,17.18831398464207,78.40238033511645,,,,,,,,,,
lSvSL2WV,Indiranagar Colony Ibp,17.185105724046487,78.64482152033229,,,,,,,,,,
Q29TmrgC,Md Lines,17.3920059251635,78.4171217659812,,,,,,,,,,
sUPv3Ber,Moti Darwaza,17.384731294564673,78.41044535593076,,,,,,,,,,
Cax6moVc,Md Lines,17.39206479558366,78.41709494437328,,,,,,,,,,
nvfpwi8t,Lakdikapool,17.40380267308418,78.46484631325988,,,,,,,,,,
lyX5ZxYS,Darga Twd Narayapur,17.170806695392525,78.80753874343117,,,,,,,,,,
AD4tQwDM,Tumbai Tanda,17.197989399326094,78.82616937160493,,,,,,,,,,
y1LZ3LBS,Allapur-Choutuppal,17.212901304636116,78.83087933032394,,,,,,,,,,
yXOkYBup,Yenuganti Thanda,17.196393099545112,78.84333550697687,,,,,,,,,,
8OYaMcF6,Venkambai Thanda,17.175445052023562,78.85439157485963,,,,,,,,,,
HVsPRIv7,Factory Twd Narayanapuram,17.171189812670875,78.85881990194322,,,,,,,,,,
T6HVQAqx,Narayanapur-Choutuppal,17.161996132145767,78.88208270484034,,,,,,,,,,
wKORV75n,Factory Twd Allapuram,17.171029646680896,78.85894864797594,,,,,,,,,,
kCWjhF8P,Venkambai Thanda,17.175542430642786,78.8542574644089,,,,,,,,,,
7T6JEgwY,Yenuganti Thanda,17.196300860530187,78.84339988266731,,,,,,,,,,
9rvKp2Mj,Allapur-Choutuppal,17.212903888140545,78.83043142475586,,,,,,,,,,
qbu6Xv6u,Darga Twd Arutla,17.17065293632051,78.80756557018879,,,,,,,,,,
FdyFfsEO,Gandi Mysamma Temple-Abdullahpurmet,17.31491164288012,78.67464332693332,,,,,,,,,,
BzwQZImZ,Jnnurm Colony,17.31875134719799,78.67622315883638,,,,,,,,,,
BXKvQMZ4,Sirigiripur,17.15417167764839,78.43693792907528,,,,,,,,,,
MZVEsSUj,Cherlapally Water Tank,17.471165655107914,78.59695583581926,,,,,,,,,,
RMORXxyb,Sai Brundavanamam,17.34221524939725,78.73538195464393,,,,,,,,,,
rkHbcEw9,Sai Brundavanamam,17.342,78.727,,,,,,,,,,
oyFF3ZhB,Sai Brundavanamam,17.342281816655937,78.73551606816328,,,,,,,,,,
0REzgIJm,Khader Bhai Hotel-Moinabad,17.326000282167414,78.2741814851761,,,,,,,,,,
vxUtYSKg,Poultry Farm-Moinabad,17.309015667068003,78.27344655990602,,,,,,,,,,
UARFi84D,Surangal Quarters,17.306874835801068,78.27404201030733,,,,,,,,,,
U1pUh7vt,Surangal,17.297837629276867,78.273261487484,,,,,,,,,,
iWdUGKG2,Surangal,17.297832505824484,78.2731917500496,,,,,,,,,,
4s2gK9P3,Surangal Quarters,17.306872266748822,78.27397763729095,,,,,,,,,,
nbWrb0un,Poultry Farm-Moinabad,17.309084829457525,78.27338218688966,,,,,,,,,,
QOQJbvGy,Khader Bhai Hotel-Moinabad,17.326031018169385,78.27415466308594,,,,,,,,,,
COQ1RKjd,Sri Ram Nagar-Moinabad,17.26733240425484,78.25576543807986,,,,,,,,,,
uTMzTBaz,Pc Tanda,17.131389435822115,78.7953921865406,,,,,,,,,,
EkGOcv1l,Narsinghi,17.385388,78.354832,,,,,,,,,,
SZi9t2x2,Gachibowli,17.43806751076506,78.36312352781752,,,,,,,,,,
BnLJAzFN,Nanakramguda,17.419286,78.358024,,,,,,,,,,
HXArDftH,Corporate Bhavan,17.370545553986176,78.589339250817,,,,,,,,,,
6f304ebf,Drf,17.38201047701414,78.58026981353761,,,,,,,,,,
lAwrKQ87,Jai Puri Colony,17.37868028326329,78.57201128995817,,,,,,,,,,
27ZkTjPB,Bandlaguda,17.378936222375685,78.56918088908476,,,,,,,,,,
zHbDoJEx,Jai Puri Colony,17.37891259868231,78.5720783419552,,,,,,,,,,
gkVhjSin,Drf,17.382059111758405,78.58015716075899,,,,,,,,,,
aGU3abqE,Reddipalle-Moinabad,17.373368764942075,78.24603974819183,,,,,,,,,,
aQ86Sqrz,Mothukupalle-Moinabad,17.382903818413208,78.25355530504093,,,,,,,,,,
esslM7SC,Rampally X Rds,17.4939031333408,78.6055661169933,,,,,,,,,,
2HvWFMFX,Bandlaguda Village,17.501472090303935,78.62290889024736,,,,,,,,,,
cCocKmSG,Cheeryal X Road,17.50705113996524,78.62770200014377,,,,,,,,,,
gwCt5A1q,Cheryal,17.517727924425586,78.627,,,,,,,,,,
huYwNLgV,Yadgarpalle East,17.547730996244656,78.6325889825821,,,,,,,,,,
p6EjGTUg,Drdo,17.56759493002598,78.629,,,,,,,,,,
ERxm6bxS,Yadgarpalle East,17.547623618681847,78.63250851631166,,,,,,,,,,
tc2jAI4J,Cheeryal X Road,17.506762055478198,78.62791121006013,,,,,,,,,,
ZEraopsv,Bandlaguda Village,17.501385116668825,78.6230778694153,,,,,,,,,,
EZ3DRKj5,Rampally X Rds,17.493623813834194,78.6054128516247,,,,,,,,,,
DxXqDfmJ,Hmt Nagar Nacharam,17.42364348,78.54679417,,,,,,,,,,
5O0OPGTl,Ngri,17.415439913509772,78.545873236581,,,,,,,,,,
UJIfRlG2,Nanajipur Shamshabad,17.228,78.287,,,,,,,,,,
ePQUhLBd,Guduru-Kothur,17.206639484762732,78.27654719352724,,,,,,,,,,
F5oCD14y,Patny Taj Tristar,17.440334705853562,78.49500504784078,,,,,,,,,,
efZmlcN7,Kokapet,17.393215775197486,78.34116347213804,,,,,,,,,,
xs3Aco3F,Narsinghi,17.3877640055706,78.3572166413068,,,,,,,,,,
9Y0drJYS,Malreddyguda,17.30396839402488,78.14620795290978,,,,,,,,,,
H0K3qflS,Pamena,17.299008005636328,78.14610066172916,,,,,,,,,,
ZwITeqy1,Allwada,17.25469686034629,78.13655197620393,,,,,,,,,,
5ARQD6DL,Sagar College,17.343981833847263,78.13082277774812,,,,,,,,,,
m4QPPdBK,Urella,17.356009520737597,78.13311874866487,,,,,,,,,,
O7NGuCSM,Urella,17.357450986475264,78.13036412000658,,,,,,,,,,
ELvgQHln,Sagar College,17.34377694379628,78.13089251518251,,,,,,,,,,
6wcvigUc,Devuni Erravelly,17.337148469094817,78.14352589484889,,,,,,,,,,
KhUJB1WM,Jbiet College Amdapur X Road Bus Stop,17.33111872783028,78.29715991041475,,,,,,,,,,
FjCsBmLN,Murthuzaguda X Road,17.3119451281613,78.28817725383236,,,,,,,,,,
UqdjFw3I,Murthuzaguda,17.310506008184923,78.2826787285958,,,,,,,,,,
fx72u882,Murthuzaguda X Road,17.306086126227882,78.28885313729876,,,,,,,,,,
T3u9Bc4M,Nazeebnagar/Nadeempet,17.2990950781246,78.2893359605867,,,,,,,,,,
fKSXKXQX,Kasimbouli X Road,17.284459193215966,78.29272890354952,,,,,,,,,,
mP5vCGeY,Amdapur-Moinabad,17.27758776967652,78.29124566879447,,,,,,,,,,
wnMO0H2Z,Amdapur-Moinabad,17.277689982030306,78.29149514928046,,,,,,,,,,
EVFoWYbs,Kasimbouli X Road,17.28464336049564,78.29279597287506,,,,,,,,,,
rmZJuaGZ,Kasimbouli,17.286551614021036,78.29663149679801,,,,,,,,,,
NSPpfP6W,Kasimbouli X Road,17.284604933384056,78.29261890985575,,,,,,,,,,
Mnjzm9Az,Nazeebnagar/Nadeempet,17.299,78.289,,,,,,,,,,
HDWSoV0z,Murthuzaguda X Road,17.306198823790947,78.28879415717128,,,,,,,,,,
92uA5pny,Murthuzaguda,17.310580269099948,78.28265190694401,,,,,,,,,,
EVjY0bP0,Murthuzaguda X Road,17.31204755619989,78.28825235366823,,,,,,,,,,
IKj3CP7i,Kasimbouli,17.286715283531226,78.29674417326487,,,,,,,,,,
hDXHjJSA,Sajjan Pally X Road,17.300056704500886,78.22792947292328,,,,,,,,,,
zzqzHPWj,Sajjanpally-Moinabad,17.297366593993456,78.21860074996951,,,,,,,,,,
RxiEEvNN,Kethireddypally-Moinabad,17.273084936875726,78.22346091834453,,,,,,,,,,
6uqD56Gg,Kethireddypally-Moinabad,17.273079837606932,78.2233858920688,,,,,,,,,,
r0SHmbkU,Sajjan Pally X Road,17.3000912877976,78.2279133796692,,,,,,,,,,
4sHlVgCx,Sri Manikeshwari Matha Temple,17.37567755221678,78.13128411769867,,,,,,,,,,
lvOQPNOO,Kothapalle-Shankarpally,17.37398556052496,78.11837177727688,,,,,,,,,,
wLw3XHaw,Kothapalle-Shankarpally,17.37411359600299,78.11832886775213,,,,,,,,,,
cE6jY3OS,Sri Manikeshwari Matha Temple,17.3757057573274,78.13138604164125,,,,,,,,,,
Uwv4mg2G,Kammeta X Roads,17.383198190043295,78.14932198121991,,,,,,,,,,
vyAfQugS,Dearlapalle,17.405683740070053,78.14223294452992,,,,,,,,,,
9Ir76W5J,Eerlapally X Road,17.40548164604599,78.1509581225556,,,,,,,,,,
ijFEVs3A,Kokapet,17.4002,78.3531,,,,,,,,,,
vHx7zN6f,Sarvaravulapalle X Road-Kandukur,17.05093935442858,78.5388766229153,,,,,,,,,,
YqJIS25g,Virat Nagar,17.397931895225216,78.4050001949072,,,,,,,,,,
B8kEqI1I,7 Tombs,17.3980294867249,78.4003371745348,,,,,,,,,,
OIDD1EFI,Shaikpet,17.4024020195614,78.3804633468389,,,,,,,,,,
6nG6Iyjk,Vinayak Nagar,17.40088232966444,78.36712539164901,,,,,,,,,,
oP2U8YEG,Govt Head Quarters,17.39982997681891,78.36499524957492,,,,,,,,,,
a2vt4L4z,Andhrabank,17.39768299697912,78.36495146287605,,,,,,,,,,
USjOwGsm,Puppalguda,17.395773635766357,78.36318388309007,,,,,,,,,,
bXlqZawB,Narsinghi,17.3904765673922,78.35799749940628,,,,,,,,,,
yQItmgHB,Puppalguda,17.4021137625862,78.3734885975718,,,,,,,,,,
Fx9VQwy4,Andhrabank,17.39767787655007,78.36491525391004,,,,,,,,,,
bNZk3Mdb,Govt Head Quarters,17.399827846284435,78.3649420769337,,,,,,,,,,
ROAu6Lwn,Vinayak Nagar,17.40093352169057,78.36713612017387,,,,,,,,,,
KxVnipPH,Shaikpet,17.4025111155899,78.3805505186319,,,,,,,,,,
0UsA9P7A,7 Tombs,17.3975217452877,78.4006979316473,,,,,,,,,,
jDMq77GU,Virat Nagar,17.397995251759525,78.40514838695528,,,,,,,,,,
HBSFh1ve,Shaikpet,17.4024020195614,78.3804633468389,,,,,,,,,,
904sKAfw,Almas Hotel,17.34331,78.46614,,,,,,,,,,
AGuSilpA,Boystown,17.344176,78.461821,,,,,,,,,,
A68xPZnw,Kalapattar,17.345292,78.45647,,,,,,,,,,
O1pCaOX3,Boystown,17.344195,78.461885,,,,,,,,,,
sFPYJFGd,Almas Hotel,17.343531,78.466024,,,,,,,,,,
AilpLs87,Janapriya Lenin Nagar,17.317872648628676,78.52397550376406,,,,,,,,,,
Dk48JvB8,Kalij Khan Darga,17.341401009919064,78.37288678484308,,,,,,,,,,
Atxn9zfY,Hostel Twd Srinidhi School,17.349,78.348,,,,,,,,,,
Ph90O21K,Sri Nidhi School,17.341216807984896,78.34047228097917,,,,,,,,,,
EfTcG7cR,Aziz Nagar,17.336131789229984,78.32738300228556,,,,,,,,,,
zDgwU0bK,Nagireddiguda,17.301906903556105,78.3312857103687,,,,,,,,,,
fVKWlCir,Nagireddiguda,17.30189153850661,78.33138763268924,,,,,,,,,,
kXITRmT0,Aziz Nagar,17.33620111270207,78.32731067570305,,,,,,,,,,
vABXTRWf,Sri Nidhi School,17.341227052470256,78.34025233983995,,,,,,,,,,
uFdLeUt8,Mile Stone,17.349,78.348,,,,,,,,,,
EhrHHkG6,Himayath Sagar,17.34,78.362,,,,,,,,,,
w49uNtke,Kalij Khan Darga,17.34158541916727,78.37289884712446,,,,,,,,,,
Qy5wveoQ,Fathimapuram,17.167667370900002,78.27859102664449,,,,,,,,,,
6n9iopKc,Theegapur,17.160673660836306,78.27096819877626,,,,,,,,,,
BQ5WIrSO,Chengicherla X Rd,17.411715,78.606892,,,,,,,,,,
DS9OYF9Y,Rtc Colony-Cgcl,17.419806011626957,78.60681831836702,,,,,,,,,,
ikIC1bic,Mile Stone,17.449158892552852,78.61158728567298,,,,,,,,,,
Z30Pa3qu,Ioc X Roads,17.449058780144835,78.61154437065126,,,,,,,,,,
SyfDLtWM,Kothur-Sdnr,17.1475507,78.28866005,,,,,,,,,,
tOUM4dKy,Nyamathapur,16.978736292257544,78.43795985040543,,,,,,,,,,
XBM8PYes,Makthamadharam,16.970955505609457,78.44956577613266,,,,,,,,,,
S73m73JO,Konaipalle-Medchal,17.68651858641602,78.45993517475733,,,,,,,,,,
1VtlXOsg,Mehdipatnam,17.39860183374745,78.4441262483597,,,,,,,,,,
BhNjzHcm,Mm Kunta,17.244942463538337,78.57503350163968,,,,,,,,,,
MHPMXCpm,Koheda X Road-Thorrur,17.28290449632809,78.64208400136681,,,,,,,,,,
RHAzr6oE,Neelakanta Twd Peerlagudem,17.27861201377617,78.73256564078086,,,,,,,,,,
zA8HoZXp,Peerlagudem,17.27626348046276,78.74219208640133,,,,,,,,,,
SJMG2roU,Peerlagudem,17.276204589677494,78.74224305187967,,,,,,,,,,
Tw2GU1K6,Neelakanta Twd Mazidpur,17.278519812384914,78.7325120003346,,,,,,,,,,
vHk8B4He,Adibatla X Roads,17.22867275674861,78.50965396183248,,,,,,,,,,
EaGDEeCn,Adibatla X Roads,17.228638024154055,78.50965794653496,,,,,,,,,,
iUs2rDMj,Jannai Guda,17.1984243,78.5092923,,,,,,,,,,
KvdkEDCc,Raviryal Gate Twd Charminar,17.259023179551306,78.47508428738429,,,,,,,,,,
mGjWr0nS,Raviryal Gate Twd Amangal,17.25890177670868,78.47547057526897,,,,,,,,,,
jrPDtDSC,Toli Chowki,17.399415858988487,78.41594696044923,,,,,,,,,,
avagnb6F,Hakimpet-Tolichowki,17.403000287304533,78.41710433192947,,,,,,,,,,
CBnHRQxv,Hakimpet Kunta,17.407262968274885,78.41402918100357,,,,,,,,,,
6G3zY5Em,Hakimpet-Tolichowki,17.40276104436482,78.41734714863922,,,,,,,,,,
VclyBacm,Zia Talkies,17.393141978930192,78.45698836924213,,,,,,,,,,
1Kr5NeC5,Bazar Ghat,17.39427967475194,78.4626218676499,,,,,,,,,,
SKS5rzaM,Nampally Darga,17.391,78.467,,,,,,,,,,
kLuUelTr,Board Of Intermediate,17.39,78.469,,,,,,,,,,
GDgUVcNz,Nampally Darga,17.391,78.466,,,,,,,,,,
DSffwNC2,Bazar Ghat,17.39420843757005,78.4625161441073,,,,,,,,,,
pHo1czMl,Zia Talkies,17.393088640228758,78.45701695123854,,,,,,,,,,
BVybYncN,D Mart,17.331420792792002,78.56593073192313,,,,,,,,,,
PFZOXkgM,Bdl Quarters Dathu Nagar,17.331308133996906,78.50882112979889,,,,,,,,,,
GsFFGRJK,Nallagandla,17.477248324886258,78.30654367964536,,,,,,,,,,
AuWxhbS1,Indira Nagar,17.471801,78.293052,,,,,,,,,,
NAIZwtcD,Tellapur,17.470169084284382,78.2882201505367,,,,,,,,,,
oR2EN5eE,Bojya Tanda,17.4447,78.2404,,,,,,,,,,
wK1ZWRwh,Edulanagulapalle,17.4406,78.2264,,,,,,,,,,
iyzJvCWV,Baljaguda,17.33881387077135,78.68353486173899,,,,,,,,,,
7eHgjEgO,Baljaguda,17.338861252409394,78.68357240364111,,,,,,,,,,
BoNlhEmU,Gayathri Nagar-Injapur,17.313768310112508,78.58119250133483,,,,,,,,,,
TGsN9Wue,Venkateshwara Colony-Injapur,17.313117925788543,78.58405172739377,,,,,,,,,,
LTfjUTyE,Bhavani Enclave,17.307,78.587,,,,,,,,,,
J4ZJCCgb,Injapur-Hyd,17.302,78.586,,,,,,,,,,
QQi6zjTj,Injapur-Hyd,17.301886415891346,78.58613311466502,,,,,,,,,,
OPlgMIrM,Bhavani Enclave,17.307284594403882,78.58717917338035,,,,,,,,,,
CLIMeCLU,Venkateshwara Colony-Injapur,17.313161457794166,78.58407854878291,,,,,,,,,,
b7pvPbhF,Gayathri Nagar-Injapur,17.313761938577798,78.5812260281015,,,,,,,,,,
xV3AXybA,Chinna Golconda,17.216075477065786,78.38903526560425,,,,,,,,,,
f2hYmISZ,Theegapur,17.160597,78.270903,,,,,,,,,,
x7nCK0hW,Pulimaktha Village Twd Shamsabad,17.16917683721512,78.35921287723322,,,,,,,,,,
jVtb5Cm3,Nagireddipalle-Maheswaram,17.163416011497752,78.36311284828955,,,,,,,,,,
0leL5NpD,Sanghiguda,17.19969584693416,78.38540195952014,,,,,,,,,,
X2ryL72k,Pulimaktha Village Twd Ameerpet,17.169158897525094,78.35931211134321,,,,,,,,,,
mLzJfT69,7 Tombs,17.397375836223258,78.40094803705831,,,,,,,,,,
QA7DB0d4,Banjara Darwaza,17.392300276863097,78.39978397297065,,,,,,,,,,
kNGGmJ1D,Alijapur,17.392313249075215,78.39200019836427,,,,,,,,,,
rmWjfncX,Secratariate Colony,17.394045917050097,78.38604569435121,,,,,,,,,,
KD05ast3,Ysr Enclave,17.39010158483209,78.38252395391466,,,,,,,,,,
JS7p4SaA,Ysr Enclave,17.390216847548846,78.38264197111131,,,,,,,,,,
WsADLBt1,Secratariate Colony,17.394047171586063,78.38610738515855,,,,,,,,,,
eFKgM73O,Alijapur,17.392373861767684,78.39200422128881,,,,,,,,,,
eBBWRATW,Banjara Darwaza,17.392393701437644,78.39984163984214,,,,,,,,,,
SJmk04rd,Ahmed Nagar Bus Station-Mh,17.403701959894153,78.44101285504446,,,,,,,,,,
Y1vRqo4H,Thommidi Rekula ( 9 Rekula ),16.877131207860252,78.3248377705131,,,,,,,,,,
GHHcC4xa,Rampur,16.847601244763123,78.40525025060379,,,,,,,,,,
ASF90G6U,Medakpally,16.837773873367716,78.41854328853063,,,,,,,,,,
t7XeywEg,Mile Stone,16.823345756134273,78.42608570554688,,,,,,,,,,
Rdb4NhxR,Urkonda,16.731738638563556,78.41177881076135,,,,,,,,,,
rfMbtrZ4,Medakpally Mielstone Twd Afjalgunj,16.823294407404827,78.4259998767254,,,,,,,,,,
hn2JXkYD,Medakpally-Talakondapalle,16.83434388726824,78.4190368929453,,,,,,,,,,
FtBzNtYc,Rampur-Thalakondapally,16.847672040414306,78.40571168343152,,,,,,,,,,
GxV2Ofap,Lingamdana,16.86967940377518,78.32749844966541,,,,,,,,,,
uYTtYCtl,Antareddyguda Twd Chegur,17.136094707527292,78.25700997435013,,,,,,,,,,
sosTHIbx,Narsappaguda Twd Chegur,17.15438430648177,78.25183868408203,,,,,,,,,,
BEtknvd9,Narsappaguda Twd Kothur,17.154486929997375,78.25201033550168,,,,,,,,,,
5hA48Zgl,Antareddyguda Twd Kothur,17.136074276360826,78.25733182822995,,,,,,,,,,
U0CxrAr7,Kondareddipally-Keshampeta,16.931177234039502,78.2900655269623,,,,,,,,,,
K3iDwm0S,Gandhi Shankarpally,16.901613,78.3876591,,,,,,,,,,
cT4xRiNG,Gandhi Shankarpally,16.90167163760251,78.38771938935368,,,,,,,,,,
0zOZLEVB,Turkalapally-Keshampeta,16.910473723656242,78.37009151126537,,,,,,,,,,
iQOooGCn,Kalwakole,17.126815988066276,78.36155170966252,,,,,,,,,,
Jld5gZBE,Ramakrishnapuram,16.917741444043042,78.3524429754563,,,,,,,,,,
6A1EbAPD,Lingaraopally,16.913846022888336,78.3609135346616,,,,,,,,,,
sOb9UMpk,Lingaraopally,16.913964059872672,78.36097240136831,,,,,,,,,,
wcyEEjSY,Ramakrishnapuram,16.917787634548958,78.35251271320185,,,,,,,,,,
2AUMB6ja,Gurbagh Puranapul Twd Cbs,17.3691432536015,78.46918545663351,,,,,,,,,,
YV0IkVne,Shaikpet,17.402869,78.399996,,,,,,,,,,
RHJTFbS5,Kawaguda,17.27828418310282,78.34048030769162,,,,,,,,,,
MZDiDwGg,Vidyanagar,17.40349809572065,78.51077646188219,,,,,,,,,,
tLGrhEu9,Gsi,17.362884007885228,78.56903297133326,,,,,,,,,,
BGalzd0E,Ramkoti,17.3905172011217,78.4851975739002,,,,,,,,,,
lWuOBVJV,Babukhanestate,17.371498445632536,78.54092725583494,,,,,,,,,,
ixMmijMC,Babukhanestate,17.371502508637306,78.54087888179282,,,,,,,,,,
SmaC7fdk,Patny,17.443886444167788,78.49568903446199,,,,,,,,,,
LbMRuyed,Thommidi Rekula ( 9 Rekula ),16.87982047910617,78.32098603341947,,,,,,,,,,
UBLDHwUz,Ekwaipally,16.864887105782937,78.31200063377656,,,,,,,,,,
YUMUAz6L,Pedda Adiryal,16.85196511421366,78.2983856678598,,,,,,,,,,
LA4MB0Wp,Ekwaipally,16.86464582159907,78.31201136489217,,,,,,,,,,
YQMrlHWK,Chinna Adiryal,16.838215639135857,78.29924807826687,,,,,,,,,,
GurVu4R3,Konded,16.832177402231103,78.2848083972931,,,,,,,,,,
rsP2TrrD,Singamdoddi,16.815237692281993,78.26743302135039,,,,,,,,,,
HWKJFUnG,Donur,16.790459500297466,78.26484203663026,,,,,,,,,,
evRGsAmB,Thummaloor,17.128666655384418,78.46026777782753,,,,,,,,,,
r0eOcvGB,Kollapadkal,17.08050726466141,78.36378335800502,,,,,,,,,,
YNjciDTp,Pedda Adiryal,16.852524231162384,78.28669783201461,,,,,,,,,,
nM7op47h,Chinna Adiryal,16.838216,78.299207,,,,,,,,,,
FqxiruyK,Konded,16.831947,78.284805,,,,,,,,,,
NIBz697P,Singamdoddi,16.815262,78.267558,,,,,,,,,,
EfLRIupS,Donur,16.79042225073992,78.26501235383401,,,,,,,,,,
dWODEygj,Vaspula,16.778071693433063,78.2664513785925,,,,,,,,,,
FCkr1iMp,Ranipet,16.7484620523231,78.2687254242539,,,,,,,,,,
zpIAVCNL,Vaspula,16.77805756912655,78.26651975865006,,,,,,,,,,
dssPVYra,Quthubullapur X Road,17.507785241794494,78.46013367176057,,,,,,,,,,
X9cegm0t,Madannapet,17.35804733541929,78.50514650839997,,,,,,,,,,
o1xUbilk,Mile Stone,17.092345777722503,78.46610001238889,,,,,,,,,,
HmGHmLEf,Pochamma Gadda Twd Peddamma Thanda,17.092383025552042,78.42322111876561,,,,,,,,,,
ESYKo6JN,Mile Stone,17.09243169467188,78.4231553947652,,,,,,,,,,
Xqkhjw0x,"Kamla Nagar, As Rao Nagar",17.476488471843023,78.5672477032096,,,,,,,,,,
HoRobIMT,Radhika,17.4775665332384,78.5622853176606,,,,,,,,,,
8mZGZKMp,As Rao Nagar,17.479988371593716,78.5567950726057,,,,,,,,,,
oKJFIugE,Sharada Theater,17.481318757267374,78.55454485059485,,,,,,,,,,
w8jlcm2R,Sainikpuri,17.48318465,78.55027903,,,,,,,,,,
dSgF5GDb,Vayupuri Sainikpuri,17.483511151602737,78.54582220315935,,,,,,,,,,
PiahiKNj,Neredmet X Road,17.48202477310724,78.53713050484657,,,,,,,,,,
HbreG1P7,Vajpayee Nagar,17.478,78.538,,,,,,,,,,
JaXHIWr9,Neredmet,17.473,78.539,,,,,,,,,,
91kBLvvt,Krupa Complex Bus Stop Hyd_D,17.4648425971662,78.53864695876831,,,,,,,,,,
BD7NumeW,Safilguda,17.460528489649786,78.53555202484131,,,,,,,,,,
f3mBR7UP,Anand Bagh X Roads,17.45847646796099,78.53662892763785,,,,,,,,,,
sU5dcE6i,Rk Nagar,17.45527300913747,78.53555470658358,,,,,,,,,,
DlGelL20,Vani Nagar Malkajgiri,17.452121941048713,78.53351622759159,,,,,,,,,,
RecmZAiC,Anutex,17.450337214248695,78.53310853202379,,,,,,,,,,
mahJaGvl,Malkajgiri,17.44998531287521,78.53605789865436,,,,,,,,,,
6lo7BLrf,Sairam Theatre Malkajgiri,17.44607169273487,78.5356029888352,,,,,,,,,,
jXn7opYu,Mirjalguda,17.4420789226739,78.5321885347366,,,,,,,,,,
nhtmWZUY,Board Of Intermediate,17.39,78.469,,,,,,,,,,
b5cRfEZj,Agapura,17.382,78.464,,,,,,,,,,
7mAsUkhg,Beerbanbagh,17.377,78.464,,,,,,,,,,
B0BGgBCG,Beerbanbagh,17.377,78.464,,,,,,,,,,
Fe7tui4q,Agapura,17.382,78.464,,,,,,,,,,
L5pqF6u5,Aykar Bhavan,17.40128433641055,78.47387707762825,,,,,,,,,,
LuYKlMYO,Bio Diversity,17.429606,78.374823,,,,,,,,,,
Iu99uRam,Mind Space Centre,17.441880268699812,78.37711133564734,,,,,,,,,,
ZCaPA2qa,Tcs Deccan Park,17.4463122257385,78.37737679767666,,,,,,,,,,
SdH39K9v,Cyber Gateway,17.447384586072754,78.37801518233891,,,,,,,,,,
5dtFSqm8,Hitech City,17.452089934630955,78.38144436276357,,,,,,,,,,
NW82gWib,Chandranaik Thanda,17.46644975236609,78.3858369526104,,,,,,,,,,
5VNDEERp,Kphb 4Th Phase,17.473316,78.387581,,,,,,,,,,
uJLcn4ex,Forum Mall,17.484002347897878,78.38969349772697,,,,,,,,,,
AfJsC7EZ,Kphb Colony,17.487624796295755,78.39127864691491,,,,,,,,,,
vWcb41Po,Jntu,17.49465219853281,78.39452147587883,,,,,,,,,,
ylD4PnpR,Kphb Colony,17.487399792295292,78.3914563594773,,,,,,,,,,
ssSukcjp,Forum Mall,17.483600692088107,78.3898115158081,,,,,,,,,,
5nt9SGLm,Kphb 4Th Phase,17.473173,78.387857,,,,,,,,,,
otPERE6r,Chandranaik Thanda,17.466497659700867,78.38593840832435,,,,,,,,,,
92l2TILC,Hitech City,17.450868,78.380396,,,,,,,,,,
rix52axq,Tcs Deccan Park,17.44630199004216,78.37762355851268,,,,,,,,,,
CAUwEprs,Mind Space Centre,17.44180064392588,78.37724201282508,,,,,,,,,,
qzyB7VzW,Ram Nagar,17.41086043677699,78.50725738529584,,,,,,,,,,
3AYvEzxc,Annamacharya College,17.303444,78.734889,,,,,,,,,,
xVl5TveO,Mount Opera,17.306361,78.719611,,,,,,,,,,
4f0toDsB,Juloor,17.382694202843773,78.78634823238293,,,,,,,,,,
VIW1xFb1,Khapraipalle,17.397,78.808,,,,,,,,,,
9FPJPFeu,Peddaravulapalle,17.408,78.835,,,,,,,,,,
9AHhWUQ5,Pedda Ravula Palle,17.40804661,78.83710834,,,,,,,,,,
78WnlJ1a,Lingampally,17.49520733476956,78.31726010294108,,,,,,,,,,
rhC1eEb8,Chinna Kondur,17.299278,78.900798,,,,,,,,,,
jD2Q10Nc,Peddakodur Kalan,17.317341,78.903445,,,,,,,,,,
AzuDsLCp,Nakkalagudem,17.341927,78.917149,,,,,,,,,,
pPUCIACA,Thummalaguda,17.332,79.053,,,,,,,,,,
r9vV0q0c,Sangam,17.361322908087228,78.9315319241761,,,,,,,,,,
EEVgKBV9,Verkatpalle,17.345,78.943,,,,,,,,,,
XiSQV35g,Nemili Kalawa Valigonda,17.343,79.01,,,,,,,,,,
hNXSsoVC,Gokaram X Road,17.333691916094992,78.99753570591716,,,,,,,,,,
3sZ6V9Rr,Nagaram -Valigonda,17.356680340374226,79.029140173611,,,,,,,,,,
NwBvo5j5,Valigonda,17.37892086440061,79.01767903753928,,,,,,,,,,
19BWVxTi,Gokaram,17.333693140559244,78.99746402900058,,,,,,,,,,
zeSxijPl,Verkatpalle,17.345,78.943,,,,,,,,,,
KIWkTW9j,Nakkalagudem,17.34191,78.917177,,,,,,,,,,
1HnhDCTx,Peddakodur Kalan,17.317421,78.903534,,,,,,,,,,
DeBjbZNi,Chinna Kondur,17.299286,78.900862,,,,,,,,,,
HJpF0xl0,Devalamma Nagaram,17.243761477620595,78.8456314795156,,,,,,,,,,
6Rp2NGAM,Peepal Pahad,17.222032293348327,78.84791136094827,,,,,,,,,,
HEeSo7v7,Allapur-Choutuppal,17.213167726165405,78.83082032203676,,,,,,,,,,
D1nNtrAD,Peepal Pahad,17.222080118608577,78.84802092896443,,,,,,,,,,
CGbmEMkU,Devalamma Nagaram,17.2438,78.8455,,,,,,,,,,
BF5azjDM,Bhimanpalli Pochampally,17.328,78.836,,,,,,,,,,
vFPdATPq,Kanumukula,17.331402879263578,78.83479534591423,,,,,,,,,,
WF2yY2PF,Jiblak Palle,17.315,78.866,,,,,,,,,,
I3XicrxA,Dantur,17.339,78.878,,,,,,,,,,
fUfmoZHE,Vanka Mamidi,17.356,78.883,,,,,,,,,,
480EnC2b,Challavanigudem-Sangam,17.358616696976892,78.89549363977086,,,,,,,,,,
r6z60Nrs,Dharma Reddy Palle,17.362,78.908,,,,,,,,,,
t7uA0Fv3,Sangam,17.362,78.933,,,,,,,,,,
63AxIWhN,Gokaram - Valigonda,17.342959993240115,78.97237129842142,,,,,,,,,,
ZsvC3U80,Gokaram X Road,17.33360736319187,78.99723529640323,,,,,,,,,,
2vsoUtP1,Golle Palle,17.342448234697,79.00962978934622,,,,,,,,,,
pqbvvyjJ,Nagaram -Valigonda,17.357,79.029,,,,,,,,,,
hjrAUmyR,Nagaram -Valigonda,17.3566127369534,79.0292588621378,,,,,,,,,,
yXNLMXn5,Thummalaguda,17.332,79.053,,,,,,,,,,
v3ABiN9o,Bogaram,17.3052859028438,79.0729041025042,,,,,,,,,,
lP7ruqa7,Ramannapet,17.285839398817146,79.09431517436305,,,,,,,,,,
odDXDsyz,Neernemula,17.317,79.094,,,,,,,,,,
fq3l5WLl,Shobhanadripuram,17.35,79.095,,,,,,,,,,
0BbhvqxN,Laxmapur,17.349,79.116,,,,,,,,,,
h4lAxISv,Shobhanadripuram,17.351,79.096,,,,,,,,,,
K4RKzDkk,Neernemula,17.317,79.094,,,,,,,,,,
WxfcsajW,Valigonda,17.378321969816085,79.01797144984681,,,,,,,,,,
JLwoEXAb,Nagaram -Valigonda,17.356388070215257,79.02891755570816,,,,,,,,,,
DoKUFXnd,Golle Palle,17.342457,79.009793,,,,,,,,,,
KAZ7FZta,Gokaram - Valigonda,17.34288316327299,78.97242495388183,,,,,,,,,,
qm26kVJC,Dharma Reddy Palle,17.361,78.909,,,,,,,,,,
fED3QI3S,Challavanigudem-Sangam,17.358467267665212,78.89553672206064,,,,,,,,,,
umu2SyuE,Vanka Mamidi,17.357,78.883,,,,,,,,,,
7Hmt0KFT,Dantur,17.343095934630433,78.86300938044725,,,,,,,,,,
5oLHlfUS,Jiblak Palle,17.3156685410196,78.86531338558292,,,,,,,,,,
VGeut10R,Kanumukula,17.331397789007813,78.83464783777823,,,,,,,,,,
tBBJCcMf,Bhimanpalli Pochampally,17.327595355147324,78.83559456835448,,,,,,,,,,
jZQiGJrn,Pochampally,17.346470580110555,78.81960871106962,,,,,,,,,,
fqHfCJpi,Peddagutta Tanda,17.219285882779065,78.26560379817175,,,,,,,,,,
q9l8uejX,Botiguda,17.228756232489832,78.26218128204347,,,,,,,,,,
CSpg7URM,Botiguda,17.229,78.261,,,,,,,,,,
ptrGurMK,Peddagutta Tanda,17.21938835926423,78.26568960645629,,,,,,,,,,
ojQQq2wV,Deepthi Sri Nagar,17.494731,78.345525,,,,,,,,,,
ntOKtwRo,Panthangi Toll,17.233045164001,78.96043199370501,,,,,,,,,,
Z5mcNXJA,Gundram Palle,17.2329737595863,78.9854506775737,,,,,,,,,,
yRZ7F7Sl,Veliminedu-Chityala-Nlg,17.2340222762381,79.0217861463554,,,,,,,,,,
rpL096Mw,Pedakaparthy,17.229917827908,79.07379426062099,,,,,,,,,,
tC4RoDMy,Chityala Bs,17.232669153906738,79.12402868374932,,,,,,,,,,
1AFiZJ3D,Gundram Palle,17.2326397646939,78.98554019629951,,,,,,,,,,
FNYk3Qa3,Thallapalle-Shabad,17.2300254265853,78.12297462234626,,,,,,,,,,
Tjjggf7A,Venkammaguda Twd Thimmareddy Guda,17.228939202283826,78.11047554513979,,,,,,,,,,
EeNvtwxL,Timmareddyguda,17.236143010876223,78.11129073131093,,,,,,,,,,
uqYU3N2k,Etlaerravaly-Shabad,17.246,78.094,,,,,,,,,,
cYr0zfqI,Venkammaguda Twd Nagarguda,17.22893920177537,78.11077593014552,,,,,,,,,,
By0qrMxG,Thallapalle-Shabad,17.23014839453684,78.12282443917833,,,,,,,,,,
VbcvsazG,Manchirevula,17.38699931300834,78.35100797963086,,,,,,,,,,
3zPEGFtc,Gar Kokapet,17.404839295020555,78.33023429502568,,,,,,,,,,
AGl1B4mO,Nallacheruvu,16.8321876797273,78.70006809624368,,,,,,,,,,
tpLxHPI5,Kawaguda,17.27859152597531,78.34013696377845,,,,,,,,,,
dKA7jeFJ,Mekaguda-Kothur,17.101492028787252,78.28134888759254,,,,,,,,,,
Td39KAZF,Mile Stone,17.163979633654808,78.13569903665078,,,,,,,,,,
ChV61mjG,Peddaveedu,17.20640419087094,78.20510266846811,,,,,,,,,,
uSEiJCG9,Mile Stone,17.215307522509246,78.1870821884041,,,,,,,,,,
C264TpwR,Milestone,17.209465377933974,78.1818919578697,,,,,,,,,,
oI5e3SJc,Naredlagudem,17.142035360235507,78.14840323078485,,,,,,,,,,
oXG70ClK,Govt Junior College-Bhel,17.492708008321095,78.31038057819453,,,,,,,,,,
VA0p9S8A,Water Tank Twd Oldmig,17.484005644,78.298088696,,,,,,,,,,
DPSbFdXy,Mig-Bhel,17.483241215278767,78.2965765845519,,,,,,,,,,
V6gxUufu,Annamayya Enclave,17.4841,78.2825,,,,,,,,,,
rmajg1kR,Wipro,17.43828757900777,78.34828017461857,,,,,,,,,,
mJ3iRsIA,Tngos Colony,17.442830911725263,78.33324507026656,,,,,,,,,,
XDVkUM5o,Tngos Colony,17.442942421935946,78.33326992514155,,,,,,,,,,
KJ7kkzLn,Wipro,17.438323841255436,78.34798962080094,,,,,,,,,,
GbeBvizK,Chinna Solipet,17.245058225391926,78.22870731353761,,,,,,,,,,
Y4f1qTbz,Pedda Solipet,17.233715306417494,78.22347164154054,,,,,,,,,,
nGw9kaof,Rk Puram,17.4765277743449,78.5260549321451,,,,,,,,,,
5Zw3XSzO,Gouse Konda Tanda,17.3765,78.849139,,,,,,,,,,
Wi5QkvuH,Gouse Konda Tanda,17.376417395234395,78.8491719955906,,,,,,,,,,
AuBlETTZ,Canara Nagar,17.40729559389106,78.59486907569664,,,,,,,,,,
CTjY9Jsi,Chengicherla X Rd,17.411473723772335,78.60709995031358,,,,,,,,,,
XspCmUCQ,Cpri,17.41310847657584,78.61496418714525,,,,,,,,,,
b0gFkFAa,Narapally,17.417839594620197,78.63098535997972,,,,,,,,,,
ggjVmxrw,Vijayapuri Colony,17.42219628373137,78.63892838358879,,,,,,,,,,
za1WsZmZ,Jodimetla X Rd,17.424921743128728,78.64481713794865,,,,,,,,,,
d24az6NF,Vibhav Colony,17.42759603382004,78.64904164209982,,,,,,,,,,
ci3nTsVM,Annojiguda,17.433927101227898,78.65601539611818,,,,,,,,,,
lDVpfz1F,Shivareddy Guda Ghatkesar,17.44549852,78.67441535,,,,,,,,,,
MmzVX08V,Ghatkesar,17.452134,78.682311,,,,,,,,,,
It9Ce6Ri,Shivareddy Guda Ghatkesar,17.444965071905916,78.67399828607594,,,,,,,,,,
fQirzR31,Annojiguda,17.433296307472226,78.65504443645479,,,,,,,,,,
u8pakZaN,Vibhav Colony,17.42734524327907,78.64900946617128,,,,,,,,,,
jjBogy9j,Jodimetla X Rd,17.424275590277624,78.64387437701225,,,,,,,,,,
4CYO3Er7,Vijayapuri Colony,17.421814968330605,78.63849520683289,,,,,,,,,,
eQID30qs,Narapally,17.417737507784885,78.63093439423585,,,,,,,,,,
DK8CfDv5,Cpri,17.413,78.615,,,,,,,,,,
QDa5xjFA,Chengicherla X Rd,17.41135407592809,78.60705837607384,,,,,,,,,,
tRDmAh3h,Canara Nagar,17.40742801582361,78.59570923485168,,,,,,,,,,
r7PDeEod,Tatianaram 1,17.365,78.588,,,,,,,,,,
u5oKUogT,Jayaprakash Nagar Colony,17.3502,78.6332,,,,,,,,,,
fNl6keYy,Pallavi Eng College,17.3498160017369,78.60905437116466,,,,,,,,,,
AntsOoFm,Film City Gate,17.241678554348994,78.7051246307413,,,,,,,,,,
IIjG0Qp3,Alinagar Juloor,17.38360390140881,78.7802177611608,,,,,,,,,,
7NKKJ9nu,Dabilpur Railway Station,17.366400405168775,78.49030889462381,,,,,,,,,,
YkGtLdxM,South End Park,17.35648693543903,78.56602999994361,,,,,,,,,,
7gYbF5D8,Sultanpalle,17.26783782473862,78.30354529675807,,,,,,,,,,
srPcqq7h,Bongloor Village,17.230783658803688,78.57897698879242,,,,,,,,,,
QyCyDsV9,Mile Stone,17.318014385343666,78.43435040488663,,,,,,,,,,
9sgcEfJ0,Netaji Nagar-,17.31102327324564,78.42698693275453,,,,,,,,,,
PhiNQicX,Bhel Church,17.499364256623178,78.30840111624818,,,,,,,,,,
mzQ3gmRa,Bhel Keerthimahal,17.49654522406992,78.29747915267946,,,,,,,,,,
0Le4m9Mm,Lig Colony-Bhel,17.50381268867164,78.29158365726472,,,,,,,,,,
Gk4raAhc,Mind Space Centre,17.441946727119486,78.37677866382495,,,,,,,,,,
w1eiMiGz,Film City Gate,17.24164653336438,78.70517693381734,,,,,,,,,,
AtwNBAXP,Chermas Malakpet,17.37300258761809,78.50529670715333,,,,,,,,,,
86IbbkEG,Sagar Society,17.42502315828206,78.4335259372616,,,,,,,,,,
1TBXgVCU,Jubilee Hills Checkpost,17.42612647307398,78.41517046093941,,,,,,,,,,
AeIYaQxo,Apollo Hospital-Jublie Hills,17.417681,78.411312,,,,,,,,,,
dn54Anhq,Film Nagar,17.41408302020268,78.40816313205652,,,,,,,,,,
MirIXd2Q,Film Nagar,17.4151264577283,78.4090106640556,,,,,,,,,,
uZ2nC6YW,Apollo Hospital-Jublie Hills,17.418058,78.411197,,,,,,,,,,
Np9JrhsY,Sagar Society,17.425067598523608,78.43328744173051,,,,,,,,,,
bvGBFEGx,Loyola Junior College,17.502751053298915,78.48449349403383,,,,,,,,,,
cUOHDBUL,Hanuman Temple-Karkhana,17.465,78.504,,,,,,,,,,
Y9lfJW1D,Hanuman Temple-Karkhana,17.46504169106071,78.50371960932644,,,,,,,,,,
x3xPOMEC,Alwal,17.50254126228806,78.51382345785757,,,,,,,,,,
nnvRBdAZ,Loyola Junior College,17.502566964410768,78.48456859588624,,,,,,,,,,
WeMH13sN,Himayath Sagar,17.32540363165467,78.3748661967683,,,,,,,,,,
byb8lBI7,Ankireddy Pally X Road,17.25546039375059,78.94352454050012,,,,,,,,,,
J5RUqNNN,Panthangi,17.2358599242313,78.9520048722624,,,,,,,,,,
ECCe2DxY,Panthangi,17.2357116623511,78.9517068117857,,,,,,,,,,
fAzOeeIp,Reddybai-Cpl,17.229412262835837,78.97223714754423,,,,,,,,,,
YnMskFwk,Mile Stone,17.240014425506516,79.02346603617725,,,,,,,,,,
kB70SGwW,Reddybai-Cpl,17.229185139730742,78.9722746511655,,,,,,,,,,
C90ByqCk,Is Sadan,17.351437144878282,78.50839197635653,,,,,,,,,,
NqNZ2UTI,Mehdipatnam-Hyd,17.393915324556698,78.442412312793,,,,,,,,,,
pJnRECtv,Tellapur,17.470366107686473,78.28812091659536,,,,,,,,,,
JiLBcoEY,Indira Nagar,17.47193703331871,78.29297304153444,,,,,,,,,,
vEMkfujg,Pedda Solipet,17.233990461950732,78.22362184524538,,,,,,,,,,
Zq13v26s,Chinna Solipet,17.245057387184218,78.22853565216066,,,,,,,,,,
TPBqwTuG,Vidya Nagar,17.405003715066933,78.51072453680693,,,,,,,,,,
hT7HA8Pg,Cherlapally,17.457138305634782,78.60813427246092,,,,,,,,,,
6IIHrO5u,Race Course-Sec Bad,17.450764841588814,78.48819695413114,,,,,,,,,,
TAnjoDZd,Tadbund,17.45646278230759,78.48426282588864,,,,,,,,,,
uBTak2Bd,Bowenpally,17.462974517042063,78.47253620624542,,,,,,,,,,
asLGVNU1,Balnagar,17.467078,78.445087,,,,,,,,,,
GmzsSTQd,Kphb Temple Bus Stop,17.487762,78.39551,,,,,,,,,,
zsmMdHLV,Kphb,17.49455752423557,78.40080993079125,,,,,,,,,,
AqKb1Y1x,Indra Nagar-Boduppal,17.42167165459417,78.58246385366616,,,,,,,,,,
vaQXvzRy,Wipro Circle,17.42559514,78.34062483,,,,,,,,,,
ch8RFPW9,Suryanagar Shivalayam,17.3314,78.6168,,,,,,,,,,
WGpWdcGf,Hariharapuram,17.3138,78.5686,,,,,,,,,,
jLleFHz5,Mangalgadda Thanda,17.027303887513067,78.55298631820762,,,,,,,,,,
ZaDbGnoV,Rajkhanguda-Amangal,16.9665019072172,78.47603913790223,,,,,,,,,,
kkSg33ni,Padkal,16.9365993,78.4026985,,,,,,,,,,
9YONUo9t,Banjara Colony,17.3132931716,78.6103250341,,,,,,,,,,
ds9qYA4k,Rajiv Gruha Kalpa Torrur,17.291,78.606,,,,,,,,,,
CTvYYt2X,Kphb,17.49220148979076,78.40192705392839,,,,,,,,,,
J0o2W16q,Peerzadiguda,17.395,78.593,,,,,,,,,,
O2GU1Aph,Uppal Depot,17.404634142147934,78.58966288150283,,,,,,,,,,
2qafvuFB,Mile Stone,17.23496010408325,78.58237467706203,,,,,,,,,,
qoA7OQpo,Rice  Mil Adibatla,17.21606158684555,78.54572296132172,,,,,,,,,,
aY7qmgbK,Raigiri Railway Station,17.547976552343332,78.93824010692877,,,,,,,,,,
8PGAWu47,Gudur Toll,17.48585183960243,78.82121285238732,,,,,,,,,,
D6KNAxD2,Bibi Nagar,17.467186016899902,78.79323720932008,,,,,,,,,,
MdvepQBB,Raheem Khan Guda,17.45108948401839,78.79452199421368,,,,,,,,,,
FuZtDn9t,Raghavapur-Bibinagar,17.42198387323724,78.79060596227647,,,,,,,,,,
7BGr96Xm,Lower Tankbund,17.412658199592666,78.47857832907951,,,,,,,,,,
Y7tCfccp,Ramakrishna Mutt,17.41168294735444,78.48202854394914,,,,,,,,,,
qwu2Wn4G,Ntr Stadium,17.410721924519958,78.48526597023012,,,,,,,,,,
uQtH0qHc,Ntr Stadium,17.410613153308148,78.48492801189424,,,,,,,,,,
nBZEXTVR,Ramakrishna Mutt,17.41130928794485,78.48271518945695,,,,,,,,,,
A5ICSp7e,Lower Tankbund,17.41257744987116,78.47839549183844,,,,,,,,,,
WjARkenr,Ntr Garden,17.414267871934474,78.46781551837923,,,,,,,,,,
VBbzI9Mi,Thril City,17.435544782,78.4745335276,,,,,,,,,,
tusQCvfn,Ramanthapur Rtc Colony,17.39358907547902,78.53456172883618,,,,,,,,,,
3VHltFPj,Nmdc,17.398976,78.449559,,,,,,,,,,
uZi0JXcA,Ranganayakula Colony,17.26,78.4712,,,,,,,,,,
Kevw8ybZ,Future City,17.0523,78.5246,,,,,,,,,,
ZVypS8OB,Vasavi Trends,17.4147,78.3544,,,,,,,,,,
PwCq8mkM,Financial District,17.41552283,78.33384085,,,,,,,,,,
AGKCg4GZ,Habsiguda [Pb],17.4190039162,78.5417213379,,,,,,,,,,
ztwJFrEC,Rajeev Gruhakalpa-Ymjl,17.25767,78.600337,,,,,,,,,,
plLWkHT4,Erragadda,17.456358471128862,78.4343610766497,,,,,,,,,,
fdFMg1s4,Sanath Nagar Bus Station,17.455431698772628,78.44788402318956,,,,,,,,,,
3hDe7Tan,Fathenagar Twd Balnagar,17.458911432416485,78.4498500867538,,,,,,,,,,
0TdEvmZa,Race Course-Sec Bad,17.451306798651068,78.48622039537531,,,,,,,,,,
1XV5frBR,Thokatta,17.460722948697327,78.47558857441801,,,,,,,,,,
Ddw1jFBZ,Bowenpally,17.462974517042063,78.47253620624542,,,,,,,,,,
0Yny5hD2,Ferozguda-Balnagar,17.462689234158674,78.4619776877171,,,,,,,,,,
uLKaraNf,Shobhna-Balnagar,17.463568,78.453043,,,,,,,,,,
5gdNdB6m,Shobhna-Balnagar,17.4639,78.453135,,,,,,,,,,
ZZ6LJALH,Ferozguda-Balnagar,17.4628238800595,78.462103754282,,,,,,,,,,
2U8nYSQx,Bowenpally,17.463696037676602,78.47318261861801,,,,,,,,,,
8jrkOZLh,Tivoli,17.449062938169273,78.49247574806215,,,,,,,,,,
TyLL3ui0,Paradise,17.4450481614948,78.4870630502701,,,,,,,,,,
QPcxfFOM,Race Course-Sec Bad,17.451306798651068,78.48622039537531,,,,,,,,,,
rnjxtzWf,Ferozguda-Balnagar,17.462689234158674,78.4619776877171,,,,,,,,,,
9zte6IJh,Shobhna-Balnagar,17.463568,78.453043,,,,,,,,,,
hETOq2A0,Govt Degree College Kukatpally,17.48175519,78.41551512,,,,,,,,,,
laO9nkCI,Vasanth Nagar Bus Stop,17.498712,78.386862,,,,,,,,,,
BATiCiXq,Hakimpet,17.54698684473094,78.53509471197685,,,,,,,,,,
4VGPrPfF,Cisf Hakimpet,17.54261680392314,78.53070661236963,,,,,,,,,,
eAT2EkGU,Kot Temple-Bolarum,17.535961563690073,78.52417414248923,,,,,,,,,,
3zoUatXy,Risala Bazar,17.528390986799316,78.51781189441681,,,,,,,,,,
fmbtNpK1,Sadhana Mandhir,17.52585494312827,78.5182020791494,,,,,,,,,,
pMvEKMuq,Contonment Hospital,17.521932759581556,78.51939976215363,,,,,,,,,,
ZPftb5HL,Contonment Hospital,17.521643732554246,78.51790308952333,,,,,,,,,,
pd72Zmob,Bollaram Bazar,17.51798609051905,78.51657285023582,,,,,,,,,,
dg3tDzjg,Lakadwala Colony,17.512870510011744,78.52038155779455,,,,,,,,,,
91J27IBD,Alwal Raithu Bazar Twd Secunderabad,17.50696668089376,78.5161489386893,,,,,,,,,,
2mCwhQ8h,Lothukunta,17.493945519249095,78.51284377276897,,,,,,,,,,
CvEVwwSl,Rashtrapathi Nilayam,17.501290619376224,78.51895987987518,,,,,,,,,,
2E0C6oNy,Eme Centre,17.49821,78.5275,,,,,,,,,,
ObKtXRWE,Ammuguda,17.496871068729572,78.53251140480263,,,,,,,,,,
g5PAeqGI,Jj Nagar,17.49960470604868,78.53708222508432,,,,,,,,,,
8d22NTRk,Yapral,17.504783835269098,78.54012369749223,,,,,,,,,,
u6Lep6yc,Yapral Zphs,17.50794,78.54091,,,,,,,,,,
EJ3i6iny,Hanuman Temple-Yapral,17.513041770617008,78.54042023420337,,,,,,,,,,
Eue9YMN7,Meghadri Heights,17.51292,78.54226,,,,,,,,,,
0QzEbCjj,Poultry Farm Balaji Nagar,17.513274527209862,78.55431139469148,,,,,,,,,,
7gRyvsix,Balajinagar-Jawahar Nagar,17.51287,78.56261,,,,,,,,,,
ZmkId76m,Chennapuram,17.5149985418253,78.56919765487973,,,,,,,,,,
oB1Kb16x,Bhagya Nagar Colony,17.518495973264645,78.57463916968364,,,,,,,,,,
Lc2caoM7,Dental College,17.522649889919,78.5782698914408,,,,,,,,,,
iBDWGBuq,Malkaram Bus Stop,17.5241707851393,78.5810945928096,,,,,,,,,,
IeaQ3CJs,Crpf X Roads,17.528360224484093,78.59022349119188,,,,,,,,,,
n0nV9uWN,Malkaram Bus Stop,17.5323255969849,78.5829013958573,,,,,,,,,,
ZhGLJRe8,Farah Nagar,17.53404589513029,78.57473909854889,,,,,,,,,,
sbZ3LdhP,Malleguda,17.5345724458644,78.5688553377986,,,,,,,,,,
tlHXBCAW,Crpf Hyd Bus Stop,17.533966496968766,78.5622668443661,,,,,,,,,,
BBB4vQeV,Malleguda,17.5347278188471,78.5688690841198,,,,,,,,,,
XNSvTXMe,Dental College,17.52251210891158,78.57828095555307,,,,,,,,,,
HWqKcAW0,Bhagya Nagar Colony,17.518311491294543,78.57461261621825,,,,,,,,,,
DCYGhcB6,Chennapuram,17.514983194608728,78.56931030750278,,,,,,,,,,
R1DfoMdh,Balajinagar-Jawahar Nagar,17.51279,78.5627,,,,,,,,,,
RH1I8bw0,Poultry Farm Balaji Nagar,17.513151781949734,78.55430603027345,,,,,,,,,,
k2v3HJ2n,Meghadri Heights,17.5129,78.54254,,,,,,,,,,
njXnSU6a,Hanuman Temple-Yapral,17.512548098228343,78.54014933109285,,,,,,,,,,
XZrN7OUS,Yapral Zphs,17.50843,78.54114,,,,,,,,,,
4v8tGRLf,Yapral,17.504777058415417,78.54027137160303,,,,,,,,,,
j3aNuUCe,Jj Nagar,17.499572730123774,78.5370969772339,,,,,,,,,,
PGBZNLGR,Ammuguda,17.496790792692046,78.53208126831322,,,,,,,,,,
ovi0ARcV,Rashtrapathi Nilayam,17.501300727509523,78.51914227008821,,,,,,,,,,
dRb2DQNG,Cp Office Bus Stop,17.431627,78.371956,,,,,,,,,,
kWKhCGhk,Bachupally,17.541025440144086,78.36378604381775,,,,,,,,,,
mh2zIufn,Rajeev Gandhi Nagar 2-,17.535365625118388,78.36518883642705,,,,,,,,,,
Q3qt3W86,Nizampet Village,17.516108700384727,78.38216721850281,,,,,,,,,,
i5ktIZBV,Nizampet X Road,17.49948594103633,78.38946818939398,,,,,,,,,,
uSkIcL7A,Nizampet Village,17.516044723329212,78.38209748174475,,,,,,,,,,
02vWmciA,Rajeev Gandhi Nagar 2-,17.535946154100714,78.36486160890435,,,,,,,,,,
6v77GPHk,Dargha Bachupally,17.543685239874794,78.37956013100136,,,,,,,,,,
PplePdFl,Sai Nagar,17.535643298508848,78.38731958031008,,,,,,,,,,
CokrzRdB,Dargha Bachupally,17.5434140309003,78.37883039869172,,,,,,,,,,
fhAzpxOO,Thokatta,17.460756,78.475831,,,,,,,,,,
KUSPrf5a,Doolapally X Road,17.540207011715964,78.49068403828092,,,,,,,,,,
pmrjCtjM,St Martins Engg College,17.544174,78.475983,,,,,,,,,,
sRqzG1OK,Apparel Park X Roads,17.54819457,78.4618761,,,,,,,,,,
t2CZz5D4,Drs International School,17.557019,78.464709,,,,,,,,,,
CR8yaXcK,Apparel Park,17.563796,78.466297,,,,,,,,,,
yR4yHbwW,Maisammaguda,17.562212997575156,78.45370441675188,,,,,,,,,,
6Jqr3bj1,Bahadurpally,17.55849384,78.44114967,,,,,,,,,,
26pwpeBA,Suraram Village X Road,17.557019231219527,78.41119951704552,,,,,,,,,,
o1qdGmXr,Bowrampet X Road,17.56247638426516,78.41330498456956,,,,,,,,,,
Ohu0yQiN,Pragathi Nagar Bachupally,17.54071326510671,78.39367111307526,,,,,,,,,,
hAJzJhZI,Ida X Road,17.534366752685226,78.35747653131756,,,,,,,,,,
qvonYCYI,Volvo Bachupally,17.529493300058117,78.35569650724379,,,,,,,,,,
pO7Rh8Q1,Cococola,17.52183524,78.35657995,,,,,,,,,,
nVidQmpl,Makta,17.51906910367936,78.3561390336026,,,,,,,,,,
f1FZsycW,Koteshwara Temple,17.534467853437025,78.52399706840517,,,,,,,,,,
dx3CxtWY,Kowkoor,17.52572076151634,78.53329356723586,,,,,,,,,,
AcA6jI3B,Kowkoor X Road,17.526906,78.542347,,,,,,,,,,
KymOxw2i,Mile Stone,17.50193381739309,78.53924609689594,,,,,,,,,,
aiCPYfWi,Cavalry Barracs,17.49557,78.52121,,,,,,,,,,
QrZLCbpA,Nagmandir,17.48586,78.51677,,,,,,,,,,
Au1uPnaq,Lalbazar,17.479153688844512,78.5113202701527,,,,,,,,,,
wgrVmwue,Lalbazar,17.479008444024203,78.51433038773783,,,,,,,,,,
UFCcRkNW,Nagmandir,17.48823,78.51683,,,,,,,,,,
f8FvMW46,Cavalry Barracs,17.496,78.52108,,,,,,,,,,
GEY8yVDK,Eme Centre,17.49842,78.52683,,,,,,,,,,
mRoSyf9N,Mile Stone,17.501936374101323,78.5392266532143,,,,,,,,,,
NDd63hSs,Ex Serviceman Colony,17.5125759152962,78.557967916131,,,,,,,,,,
qTwxnzeX,Bachupally,17.541076614742682,78.3636760742887,,,,,,,,,,
EDz9UpWf,Mallampet-Ameennpur,17.559,78.365,,,,,,,,,,
x3Ssy7LH,Cococola,17.52215624,78.3563523,,,,,,,,,,
74LT4Jqo,Miyapur-2 Bus Depot,17.512522395125412,78.36011640736443,,,,,,,,,,
A2xNALMq,Mallampet-Ameennpur,17.556157546829734,78.36278831378831,,,,,,,,,,
sYVH4AwC,Hmt,17.50615773,78.36249925,,,,,,,,,,
HUGRkRhR,Hmt Colony-Miyapur,17.51706880464447,78.33962623574469,,,,,,,,,,
kkdF8DYF,Miyapur Depot,17.512415822008663,78.36013238865556,,,,,,,,,,
VNZc0Nrb,Telephone Exchange,17.483,78.393,,,,,,,,,,
HAX4gJAO,Kphb 4Th Phase,17.471173316260607,78.38808685582777,,,,,,,,,,
dZeuj3yh,Bongloor Village,17.234114076494343,78.58343481893054,,,,,,,,,,
06D8moxo,Rice  Mil Adibatla,17.216960180064646,78.54515840238247,,,,,,,,,,
AMmUh4XO,Miyapur X Road,17.498,78.362,,,,,,,,,,
oRLFFkQq,Rangapuram,17.50597804,78.36223774,,,,,,,,,,
8PfCDVpX,Mayuri Nagar Bus Stop,17.50998762064001,78.36176360932694,,,,,,,,,,
A0a2pjbw,Makta,17.51966853074217,78.35599246045311,,,,,,,,,,
CIPZFvjT,Volvo Bachupally,17.52961850110917,78.35527520753863,,,,,,,,,,
Uubh4hlz,Ida X Road,17.53450703710266,78.35752153474436,,,,,,,,,,
dmrOyj1M,Sri Chaitanya Junior College-Bachupally,17.54128117656407,78.36851209204815,,,,,,,,,,
3ywjzxIu,Indira Nagar Twd Gandimaisamma,17.543431259670758,78.37262415768679,,,,,,,,,,
ZzJfdufw,Vnr College,17.542135385158286,78.3859705924988,,,,,,,,,,
TG3jH4RN,Pragathi Nagar Bachupally,17.54158806328366,78.38882447951399,,,,,,,,,,
8bdaVDuQ,Kaisar Nagar,17.541731383445754,78.39748257042213,,,,,,,,,,
T6DhGBW7,Drk College,17.54958779772231,78.40368385796876,,,,,,,,,,
LqsJNkjg,Suraram Village X Road,17.55713790025907,78.41088327054801,,,,,,,,,,
5ib1zBCt,Bowrampet X Road,17.562547985492575,78.41315478086472,,,,,,,,,,
KUe4YB1Q,Drk College,17.548927712748903,78.40374828738564,,,,,,,,,,
JGpAf9N0,Kaisar Nagar,17.541127556345824,78.39724118401888,,,,,,,,,,
1me9UQih,Vnr College,17.541953742809962,78.38555476268064,,,,,,,,,,
ozKfhWoE,Sri Chaitanya Junior College-Bachupally,17.541104632399907,78.3686167475489,,,,,,,,,,
P2BVX2rA,Bachupally,17.540759432633564,78.36343197953201,,,,,,,,,,
gFUwGihx,Mayuri Nagar Bus Stop,17.51002312,78.36198695,,,,,,,,,,
nUa7Ex6t,Jeedimetla Bus Depot,17.527823204249163,78.44049455252028,,,,,,,,,,
FE2TI0kL,Prashasan Nagar,17.418269208807942,78.40068183839323,,,,,,,,,,
VNU1qNQg,Prashasan Nagar,17.41843683738744,78.40085953474046,,,,,,,,,,
YVoqlQJM,Lanco Appartments,17.408836963366007,78.3727043864319,,,,,,,,,,
AtUkWFRB,Chithrapuri Colony,17.4150899827503,78.38261315075951,,,,,,,,,,
C9RRzWIA,Niharika Exotica-Manikonda,17.4144280837592,78.3678208348674,,,,,,,,,,
c1rIhnom,Lanco Appartments,17.408964977857643,78.37280362741163,,,,,,,,,,
lmxjt97j,Niharika Exotica-Manikonda,17.4144647354187,78.3677087424201,,,,,,,,,,
vHCgUVrg,Madhapur Metro,17.437880633161058,78.40015946006946,,,,,,,,,,
LvPokDxK,Venkatagiri,17.430737193869962,78.4207479556432,,,,,,,,,,
DY3kuRgx,Krishnanagar,17.432712237161823,78.42631736086803,,,,,,,,,,
ZkHurl8W,Yousufguda Check Post,17.436626731370332,78.42798472088698,,,,,,,,,,
NZpt5i5Z,Krishna Kanth Park,17.441268,78.43187,,,,,,,,,,
xqEICurC,Kalyan Nagar,17.4444,78.433,,,,,,,,,,
K9bntskH,Ameerpet,17.434182962187858,78.44604400703503,,,,,,,,,,
E0FDxTd4,Sheesh Mahal,17.434691,78.448929,,,,,,,,,,
blUhfxz9,Lal Bungalow,17.436071544014624,78.45246792315429,,,,,,,,,,
stKZaDoo,Green Land,17.435630750619488,78.45448192743822,,,,,,,,,,
422Z2GQJ,Rajiv Circle  Green Lands,17.435278244296715,78.45506429711139,,,,,,,,,,
9xmCYuvt,Lal Bungalow,17.43493917127494,78.45128908908956,,,,,,,,,,
9DnYSoZf,Ameerpet,17.434763873000687,78.44796717496324,,,,,,,,,,
vzGPugqU,Sathyam Theatre Ameerpet,17.437417516413433,78.44807981785924,,,,,,,,,,
HdkAvCZ5,Krishnanagar,17.432816516961434,78.4264896928636,,,,,,,,,,
qtEPoXCn,Indra Nagar-Jubilee Hills,17.429479496875093,78.42480495691048,,,,,,,,,,
YaOF4ARz,Venkatagiri,17.430616489278545,78.42100962996483,,,,,,,,,,
Ye9Hdvsu,Hcu Depot,17.467006998385415,78.33040594899089,,,,,,,,,,
mIBqoH4m,Chirec School,17.463496468425365,78.34762573242189,,,,,,,,,,
EbgHUzne,Sangeeth,17.440259486529833,78.50722599095006,,,,,,,,,,
PZbGgKlV,Vinayak Nagar X Rd Safilguda,17.469200729213735,78.53900805115701,,,,,,,,,,
aJ6S14sK,Santhoshi Mata Temple,17.468744056933673,78.5440117120958,,,,,,,,,,
MZTjlh2I,Old Safilguda,17.469145749643047,78.54893624778262,,,,,,,,,,
G0Qi8Qf1,Sainath Puram,17.476,78.552,,,,,,,,,,
jeTPnMma,Old Safilguda,17.46912774507809,78.54904353584223,,,,,,,,,,
L4km9RB5,Sainath Puram,17.476122559278345,78.55169087895644,,,,,,,,,,
69Rws8DJ,Santoshima Nagar,17.468682605211235,78.54433625990258,,,,,,,,,,
BbxzW3tQ,Rail Nilayam,17.438835099529044,78.50971424981651,,,,,,,,,,
NLFSmwAt,Bahadur Pally X Road,17.56032954022054,78.43142324172318,,,,,,,,,,
38UJELS9,Ramalayam Bahadurpally,17.559699896973616,78.43873836100101,,,,,,,,,,
uQKKCFz2,Bahadurpally,17.55885889,78.44081607,,,,,,,,,,
y38jJneG,Mrit College,17.560278,78.451349,,,,,,,,,,
eLFGljFG,Apparel Park,17.563734513823526,78.46660853125337,,,,,,,,,,
XPmQuLpP,Drs International School,17.556829939195783,78.46484899375196,,,,,,,,,,
O2huRETO,Apparel Park X Roads,17.548076290601458,78.46202731132509,,,,,,,,,,
ykDBH9Hb,Gandhi Statue Doolapally,17.54618861,78.4691754,,,,,,,,,,
ZARwyIk2,St Martins Engg College,17.54396658961597,78.47742842433222,,,,,,,,,,
i8ecamHS,Gandhi Statue Doolapally,17.546089158308224,78.46917257290322,,,,,,,,,,
3HH7BmGh,Dulapally,17.54661091188305,78.4668606541481,,,,,,,,,,
0OlxXMXJ,Mrit College,17.560226,78.451606,,,,,,,,,,
YHbDMFTg,Bahadur Pally X Road,17.56,78.432,,,,,,,,,,
dn4BaDKD,Pocharam,17.55092926200245,78.24529380957641,,,,,,,,,,
QYj869wK,Dgqa,17.469,78.503,,,,,,,,,,
cs5o9PIs,Apcpcdl-Tirumalagiri,17.471,78.501,,,,,,,,,,
Ugtk2Zum,Rtc Colony Bowenpally,17.473264971664417,78.49951386451723,,,,,,,,,,
aErZQ93D,Kabela-Bowenpally,17.476,78.498,,,,,,,,,,
2auFWr2s,Teachers Colony Lalbazar,17.48100911705632,78.50188896167948,,,,,,,,,,
pZPqRYnN,Subhash Nagar X Rd Lalbzazar,17.483068565127738,78.49975258111955,,,,,,,,,,
W0lM18OQ,Subhash Nagar Lal Bazar,17.48488751190921,78.50270703434944,,,,,,,,,,
TLqBK05w,Bhudevinagar,17.491403530049013,78.5030436511646,,,,,,,,,,
qzc3H8UN,Gollaguda,17.487,78.504,,,,,,,,,,
v3dm9vYj,Subhash Nagar Lal Bazar,17.484961702038827,78.50281298160553,,,,,,,,,,
YP87OaeV,Teachers Colony Lalbazar,17.481062843731944,78.501911760235,,,,,,,,,,
EwhrY7XJ,Kabela-Bowenpally,17.476,78.498,,,,,,,,,,
SWrwL1XN,Apcpcdl-Tirumalagiri,17.471,78.502,,,,,,,,,,
jrELHWOL,Dgqa,17.469,78.503,,,,,,,,,,
08XTeKaq,Gollaguda,17.487,78.504,,,,,,,,,,
5irlvAfS,Kistamma Enclave,17.5,78.496,,,,,,,,,,
RTTe5YkV,Anjaiah Nagar,17.452137,78.363446,,,,,,,,,,
rFGjUWWg,Kothaguda-Kondapur,17.458512953746308,78.36621873934597,,,,,,,,,,
2Qm1XZJt,Anjaiah Nagar,17.451991,78.363804,,,,,,,,,,
ARyUlVUk,Chengicherla Bus Depot,17.419262,78.609977,,,,,,,,,,
wi3z4xnZ,Chengicherla,17.433129966842444,78.60845312477235,,,,,,,,,,
HoNmAA7I,Chengicherla,17.433286710087433,78.60856577772294,,,,,,,,,,
ssdqO8br,Sai Nagar Colony,17.42659031044682,78.60664129257204,,,,,,,,,,
Q547yokG,Rtc Colony-Cgcl,17.419836721959474,78.60687732696535,,,,,,,,,,
kqp1DsnH,Sai Nagar Colony,17.4265711171996,78.6065648496151,,,,,,,,,,
xvgzN7Fr,Aoc Swimming Pool,17.459144316286604,78.51594775915147,,,,,,,,,,
w3pVWwXA,Laxmi Nagar West Marredpally,17.455003059801218,78.50320860743523,,,,,,,,,,
NccF0jOO,Middle Tank Band,17.41,78.476,,,,,,,,,,
VuULrTEm,Laxmi Nagar West Marredpally,17.45501838125859,78.5031442346934,,,,,,,,,,
GAhn7b6M,Aoc Swimming Pool,17.459182009506275,78.51591356297023,,,,,,,,,,
2zyEcIvQ,Beeramguda,17.516945033185536,78.30003932118416,,,,,,,,,,
YIhpLiMq,Raghavendra Colony,17.53050872372979,78.29836696386339,,,,,,,,,,
r2bAv1xb,Bhel M Enclave,17.5393886267325,78.2893252372742,,,,,,,,,,
8eTras9H,Chennapur Ntr Statue,17.515336178558666,78.57104301452638,,,,,,,,,,
AdnCkQGG,Devendar Nagar Twd Dammaiguda,17.514318150519667,78.57270330190659,,,,,,,,,,
Tdv6meSQ,Sathyanarayana Colony-Nagaram,17.4859305115571,78.6145427587481,,,,,,,,,,
q9TxHIjx,Annapurna Clny Nagaram,17.48207983904972,78.61649170945776,,,,,,,,,,
MFjAHvTS,Rtc Colony,17.47966726,78.6231285,,,,,,,,,,
JGp0xa85,Rtc Colony Rampally,17.47810442,78.62590022,,,,,,,,,,
BwPe0qXE,Bharath Nagar-,17.4709498538911,78.6339732728081,,,,,,,,,,
tbnJyth0,Laxmi Nagar-Rampally,17.46951255,78.63638196,,,,,,,,,,
srALAi35,Rampally Ghatkesar,17.46706821323682,78.64269018173218,,,,,,,,,,
OBJyfg0o,Pogulaguda,17.45633966,78.65942415,,,,,,,,,,
Eh9SyeKW,Kitti Steels Limited,17.4495863183399,78.6614964546584,,,,,,,,,,
J4UtvzLf,Edulabad X Rds,17.45096826,78.68075375,,,,,,,,,,
XhY4rDIb,Edulabad X Rds,17.45049265,78.68046306,,,,,,,,,,
rEGnkgVh,Kitti Steels Limited,17.4495196166733,78.6612821859738,,,,,,,,,,
H9FXzF8x,Pogulaguda,17.4561730572526,78.6593325357821,,,,,,,,,,
1trPDgEd,Rampally Ghatkesar,17.467170554462562,78.64133834838869,,,,,,,,,,
cAG7O4mg,Laxmi Nagar-Rampally,17.46887229,78.63704748,,,,,,,,,,
yK8j2BUM,Bharath Nagar Twd Rampally X Roads,17.4709924497089,78.6337180966567,,,,,,,,,,
WVXIqDrV,Rtc Colony Rampally,17.477946763545713,78.6258351802826,,,,,,,,,,
105Fwita,Rtc Colony,17.47953487,78.62316974,,,,,,,,,,
P3NXmuJz,Annapurna Clny Nagaram,17.4819787489959,78.61639112125208,,,,,,,,,,
8HEc7NA3,Sathyanarayana Colony-Nagaram,17.4857080084394,78.614561724829,,,,,,,,,,
9KRruIO4,Devender Nagar Twd Secunderabad,17.514282340384213,78.57260406017306,,,,,,,,,,
9zzZdNaU,Lalbazar,17.47893431934427,78.51414532714011,,,,,,,,,,
5iS712JR,Lakadwala Colony,17.51295611032235,78.5202661269832,,,,,,,,,,
HY7mOFHq,Bollaram Bazar,17.517594748022066,78.51655662059785,,,,,,,,,,
sdYWc7BU,Contonment Hospital,17.52172558096268,78.5177367925644,,,,,,,,,,
5SEArKYX,Sadhana Mandhir,17.525692024229787,78.51809015609167,,,,,,,,,,
Ye8JAcKU,Risala Bazar,17.528810443903673,78.51800769567491,,,,,,,,,,
Eg15ENPD,Kowkoor X Road,17.52739351866365,78.5227739299504,,,,,,,,,,
a7aszT4v,Koteshwara Temple,17.534429,78.523927,,,,,,,,,,
xBdfmxo8,Cisf Hakimpet,17.54266159595519,78.53091616381582,,,,,,,,,,
UNA4C9VH,Hakimpet,17.54698809986518,78.53507059767374,,,,,,,,,,
cxTfs4PF,Kakatiya Nagar - Sainikpuri,17.474,78.541,,,,,,,,,,
neiZhEWp,Kakatiya Nagar - Sainikpuri,17.477,78.543,,,,,,,,,,
KjYsY7CG,Kukatpally Bus Depot,17.473452759409852,78.42590202696104,,,,,,,,,,
5SzsfqdH,Chennapur Ntr Statue,17.51537198848625,78.57114359736443,,,,,,,,,,
5iLUsn8J,Pragathi Nagar-Nagaram,17.511335793581488,78.57727645209637,,,,,,,,,,
q9hJb8Ov,Sai Nagar Dammaiguda,17.504692643537464,78.58569592237474,,,,,,,,,,
FoYz5Wmw,Saket,17.493211951368934,78.5769009543474,,,,,,,,,,
QEs7pixE,Gr Reddy Nagar,17.492016015498525,78.57499524955534,,,,,,,,,,
I5Y0Wocj,Jai Jawan Colony,17.49038789376968,78.5726443140008,,,,,,,,,,
T5vW7Yrt,Kapra,17.486540327789722,78.56649935245515,,,,,,,,,,
Cyb81p6Q,Kapra,17.48655312664067,78.56646984815599,,,,,,,,,,
Jne1oAbE,Saket,17.49327849118711,78.57692107402667,,,,,,,,,,
YfgpfhXj,Sai Nagar Dammaiguda,17.50464148348754,78.58564898371698,,,,,,,,,,
sPzG4Sec,Ambedkar Nagar Dammaiguda,17.506739033719782,78.5838183760643,,,,,,,,,,
NRqt1d5L,Pragathi Nagar-Nagaram,17.511524838207606,78.57687413692476,,,,,,,,,,
mLCBQltx,Malaysiya Town Ship,17.479722269694882,78.39013874515186,,,,,,,,,,
sLxLseQF,Siddhi Vinayak Nagar,17.45983446,78.38492017,,,,,,,,,,
gHcPg1Kk,Vivekananda Nagar Clny,17.496272782593277,78.4059906239234,,,,,,,,,,
n7mc4Fp9,Bhagyanagar Twd Yellamma Banda,17.50301202869927,78.40810953979557,,,,,,,,,,
qKWHF5ur,Yellamma Banda,17.507191855637238,78.40766966342926,,,,,,,,,,
KWhWVdjP,Ntr Nagar Kphb,17.5082597371164,78.4099079668522,,,,,,,,,,
FFEMbsZQ,Sikh Basthi Twd Shapur,17.513187631179804,78.41287314891814,,,,,,,,,,
ohemmM4a,Mahadevpur Colony,17.519,78.414,,,,,,,,,,
aCtwVCJB,Gajularamaram Bus Stop,17.524857,78.42347,,,,,,,,,,
rSdeEvSa,Yellamma Temple,17.526,78.251,,,,,,,,,,
QMFFzVse,Pati X Roads,17.524,78.248,,,,,,,,,,
fQDEZ4rz,Patighanpur,17.50716111621696,78.24301989442803,,,,,,,,,,
5cA40ojD,Ghanpur X Road,17.51171402093464,78.221046924173,,,,,,,,,,
cuhZqjDz,Velemela,17.480177586399623,78.23894262313843,,,,,,,,,,
g8HAkAe2,Kondakal,17.487178,78.217451,,,,,,,,,,
G89VJ54K,Velemela,17.48043604875757,78.23885947465897,,,,,,,,,,
CdYhbx42,Patighanpur,17.507099510514927,78.24152814854766,,,,,,,,,,
rr0iNlzF,Beeramguda,17.51699879804761,78.29995214939119,,,,,,,,,,
DFvMC2b0,Bhel M Enclave,17.539746678216076,78.29726457595827,,,,,,,,,,
KuWi92Ml,Kistareddypet,17.55034463793268,78.29696682686156,,,,,,,,,,
c18Zo903,Sultanpur-Patancheru,17.55508930153752,78.30870155431587,,,,,,,,,,
AwojQOb8,Kistareddypet,17.550259436705623,78.2970897837064,,,,,,,,,,
J36uxTcB,Bhel M Enclave,17.53977736831033,78.29744696617128,,,,,,,,,,
CDuNNiUT,Raghavendra Colony,17.53053941538759,78.29856276512147,,,,,,,,,,
WOfaNNvQ,Vbit Park,17.433909159291158,78.38594645261765,,,,,,,,,,
bReLVkjY,Ellenki College,17.548999570728327,78.28358799219133,,,,,,,,,,
8vSqjJ3u,Gandigudem,17.559131543882383,78.32829235490657,,,,,,,,,,
e3PvYJhF,Bollaram Railway Station,17.53382911744349,78.5160635948776,,,,,,,,,,
Jmrel65R,Allwyn Colony,17.504944138025614,78.41415518344166,,,,,,,,,,
k29v5UHY,My Villas,17.450442120378906,78.59790804038455,,,,,,,,,,
0dlNfCfi,Shakti Sai Nagar,17.44590798337651,78.58239948429193,,,,,,,,,,
r5DiM60F,Suraj Nagar,17.432678944290693,78.59792612496928,,,,,,,,,,
bu3V4DUE,Bolliguda,17.43385800333892,78.59240278609425,,,,,,,,,,
ez35LCXj,Alwal Raithu Bazar Twd Hakimpet,17.506925775812764,78.51604698009245,,,,,,,,,,
m4rGC1CO,Kot Temple-Bolarum,17.535979413527674,78.52409900743805,,,,,,,,,,
dz2wA4q5,Yamjal X Roads,17.55563355436544,78.53820747061839,,,,,,,,,,
iUW9mdHN,Ap Sport School,17.559621977696864,78.54436558559823,,,,,,,,,,
JCTUCJdZ,Thumkunta-Shamirpet,17.56696163504271,78.55408072471621,,,,,,,,,,
aD5PABh8,Dongala Mysamma Temple,17.573786469852323,78.56594413518907,,,,,,,,,,
f5cGi9ma,Soul Darga,17.586012471518522,78.57305468675514,,,,,,,,,,
xHdFjZpD,Shamirpet Hospital,17.59404717825435,78.56949015358339,,,,,,,,,,
elXjVCzq,Shamirpet,17.59598681667724,78.56894854353114,,,,,,,,,,
xWmOgsbe,Mro Shamirpet,17.606046862479868,78.56882211716764,,,,,,,,,,
EifjhZ6S,Aliabad X Road,17.61936996243644,78.57164382934572,,,,,,,,,,
Doxv2Lfe,Hbl Company-Aliabad,17.624702419314804,78.58433067255025,,,,,,,,,,
YJME5u7L,Aliabad Shamirpet,17.62524701326347,78.59479665756227,,,,,,,,,,
5d0ZqzGv,Lalgadi Malakpet,17.631205682896468,78.60659560985398,,,,,,,,,,
2vmnB6h7,Kolthur X Rd,17.627826276777164,78.61694633960725,,,,,,,,,,
6uArypJ2,Jaggamguda,17.62543361955226,78.62505200457854,,,,,,,,,,
4d7W6g6K,Jaggamguda,17.62535178908676,78.62500638446507,,,,,,,,,,
VXDfDbgv,Kolthur X Rd,17.62785183248893,78.6168819615873,,,,,,,,,,
n5cuXNzM,Lalgadi Malakpet,17.63110084790131,78.60658756153494,,,,,,,,,,
jDVJCH8E,Hbl Company-Aliabad,17.624587510317525,78.58434945344926,,,,,,,,,,
wFjdBaNP,Aliabad X Road,17.61929263185605,78.57150334864856,,,,,,,,,,
0cojhOrX,Mro Shamirpet,17.605810572179887,78.5688811208616,,,,,,,,,,
pG1KmNKX,Shamirpet,17.595174704776326,78.56919497095927,,,,,,,,,,
PAZtgtOq,Soul Darga,17.586040932388247,78.57316095127328,,,,,,,,,,
8GQBsdck,Dongala Mysamma Temple,17.573670093335803,78.56596827657923,,,,,,,,,,
2rfppA4l,Thumukunta,17.564517327792913,78.55181057006122,,,,,,,,,,
GkpN8fs1,Ap Sport School,17.559238739369466,78.54415122919603,,,,,,,,,,
rJgdVSsn,Kowkoor X Road,17.52706738873707,78.5227149707846,,,,,,,,,,
K8uPZ4DW,Aliabad X Road,17.619318834783698,78.57138097286226,,,,,,,,,,
niaTBwCg,Majidpur Shamirpet,17.628043558952022,78.56908768415452,,,,,,,,,,
XRYFQCIi,Kolthur X Road Twd Turkapally,17.646250873429413,78.57896088682571,,,,,,,,,,
JOFzip1M,Muraharipally-Medchal,17.663800161987847,78.58795534797707,,,,,,,,,,
hLTRHtcR,Turkapally-Shameerpet,17.672082524247376,78.59320066004967,,,,,,,,,,
zqBVmun0,Turkapally-Shameerpet,17.67228825266825,78.59304584496655,,,,,,,,,,
3YHRoJA3,Kolthur X Road Twd Shamirpet,17.64607578937286,78.57917413372213,,,,,,,,,,
5vUOzmjl,Kesavaram-Shamirpet,17.633524144553412,78.65234889225351,,,,,,,,,,
FV23u6uw,Kesavaram-Shamirpet,17.633429638577347,78.65230596534718,,,,,,,,,,
tIJisIst,Dongala Mysamma Temple,17.57301680297194,78.56628209352495,,,,,,,,,,
3Rj8rEvz,Bitsphilani X Road,17.561205457766174,78.57410609722137,,,,,,,,,,
1VAzYJNM,Anthai Pally,17.557119022576934,78.57650667203367,,,,,,,,,,
HKu52U9n,Dharmavaram-Keesara,17.547408801612747,78.6113539027909,,,,,,,,,,
hN82bvHM,Thimmaipally,17.54641909395977,78.6159136891365,,,,,,,,,,
lHO9llEk,Narsampally,17.55507061868091,78.6225736141205,,,,,,,,,,
BXLc9GWX,Narsampally,17.55491718110856,78.6228632926941,,,,,,,,,,
XBXjyyAt,Anthai Pally,17.557062751904766,78.57649728458412,,,,,,,,,,
FyuDBCmw,Bitsphilani X Road,17.561141527626095,78.57404708862306,,,,,,,,,,
Ae0EQtEA,Sv Nagar,17.4810929,78.5918298,,,,,,,,,,
b4xT13dk,Pg Collegebolarum,17.521,78.521,,,,,,,,,,
Db3JKMeQ,Sadhana Mandhir,17.52238513151332,78.52175467225312,,,,,,,,,,
h7Lnkk8F,Collector Office,17.563292219402033,78.58324170112611,,,,,,,,,,
JFDBO4Lz,Upparpally,17.576649249360152,78.5879945755005,,,,,,,,,,
s69H99zg,Upparpally,17.576447181552762,78.58795166015628,,,,,,,,,,
46eSOGf0,Collector Office,17.563299570119764,78.58312904834749,,,,,,,,,,
p0nkYYZK,Sadhana Mandhir,17.522318694564312,78.52205488348835,,,,,,,,,,
V8eC6s0O,Pg Collegebolarum,17.521,78.521,,,,,,,,,,
cNKKeb61,Subash Nagar Auto Stand,17.51488855401588,78.45568254706723,,,,,,,,,,
nlBMjIQU,Subhash Nagar Jeedimetla,17.513404993201586,78.46056011047712,,,,,,,,,,
ERB7imjF,Risala Bazar,17.52705848327205,78.52284908268663,,,,,,,,,,
7WTD9WVI,Bowrampet,17.562283636177444,78.40115725994112,,,,,,,,,,
mS3BPwsV,Shambhupur,17.563,78.374,,,,,,,,,,
h1FtWrAa,Hmt Hills Colony,17.50286923086051,78.3919841040121,,,,,,,,,,
WiDnh2LP,Hmt Hills Colony,17.50540640183644,78.39587329848219,,,,,,,,,,
b31lgmJs,Pragathi Nagar,17.520854660848308,78.39629173320073,,,,,,,,,,
bhKHUJCL,Aleap X Roads,17.532,78.394,,,,,,,,,,
Vrl7Cdak,Sai Nagar,17.52967,78.3943,,,,,,,,,,
xKpoHCey,Sai Nagar,17.529495899418414,78.39445710244425,,,,,,,,,,
5ZYARdRr,Aleap X Roads,17.53169531521096,78.39412988075075,,,,,,,,,,
UgiXENyi,Hmt Hills Colony,17.505258078116796,78.39601546178234,,,,,,,,,,
aLph5tcL,New Lb Nagar Jeedimetla,17.514068,78.441878,,,,,,,,,,
xlTBnHhq,Roda Mestry Nagar,17.518303,78.435909,,,,,,,,,,
Xb0eMbFL,Usha Mallapudi Hospital (Umcc Hospital),17.522446876736126,78.42915415763856,,,,,,,,,,
OuqgmAH0,Usha Mallapudi Hospital (Umcc Hospital),17.52254911103793,78.42930970771383,,,,,,,,,,
mPivJW5V,New Lb Nagar Jeedimetla,17.514099,78.442001,,,,,,,,,,
eBk2OnHs,Maithrivanam,17.436176445385186,78.4443810582161,,,,,,,,,,
T5C6BNBt,Ramakrishna Nagar,17.49299641990269,78.45938932234964,,,,,,,,,,
4erJLEDQ,Dilkushnagar,17.490255144196233,78.45871460942169,,,,,,,,,,
yFZqojT8,Gajularamaram Bus Stop,17.524668,78.423433,,,,,,,,,,
d6rMTxRn,Devender Nagar Colony Jeedimetla,17.528159497969714,78.41482580719388,,,,,,,,,,
qg0Bi3Bn,Kaisar Nagar,17.534399223973203,78.40403481003256,,,,,,,,,,
NQAPq09K,Srinivas Nagar-Jeedimetla,17.51608436078439,78.4385070204735,,,,,,,,,,
ulN5NoeC,Hal Colony,17.5207955123042,78.4316331893205,,,,,,,,,,
c3U62ake,Mahadevpur Colony,17.519,78.414,,,,,,,,,,
2vPEPSzJ,Sikh Basthi,17.513049460811626,78.41286242008209,,,,,,,,,,
sEPfG8km,Ntr Nagar,17.508245753155947,78.41001391410829,,,,,,,,,,
EBDKVDHP,Yellamma Banda,17.507063915890868,78.40776085853578,,,,,,,,,,
7piSZw6Q,Bhagyanagar-Kukatpally,17.502971101001144,78.4080076192758,,,,,,,,,,
uEEfqjP0,Vivekananda Nagar Clny,17.49649406219151,78.40639293287168,,,,,,,,,,
v4SMnx7i,Roda Mestry Nagar,17.518065,78.435954,,,,,,,,,,
vXctIq2d,Kphb Lodha Apartment,17.47302948379,78.39347138968375,,,,,,,,,,
FORfzpe1,Pvr Mall Bus Stop,17.429381,78.450406,,,,,,,,,,
iiOcuMIq,Suraram Rajiv Gruha Kalpa,17.55,78.439,,,,,,,,,,
PpbFlFVq,Dommari Pochampally,17.5877990616415,78.41321110650917,,,,,,,,,,
CtHbmpn2,Dundigal X Roads,17.596116250476808,78.40336706163434,,,,,,,,,,
wBgsCBEM,Gagillapur,17.6063904233011,78.3916914090514,,,,,,,,,,
94y4577b,Gagilla Puram Church,17.613,78.389,,,,,,,,,,
301eSlUC,Prakruthi Nivas Annaram,17.628,78.384,,,,,,,,,,
iCvP5Zgi,Annaram-Dundigal,17.635883477480913,78.38271438919888,,,,,,,,,,
rY0PHBoR,Annaram-Manakondur,17.63586429735393,78.38287264108659,,,,,,,,,,
iFuy2E4v,Prakruthi Nivas Annaram,17.628074215282933,78.38434793595682,,,,,,,,,,
lPBVtwp9,Gagilla Puram Church,17.61396054669652,78.38921606540681,,,,,,,,,,
fL0mmYfH,Gagillapur,17.60629367467455,78.39186742603846,,,,,,,,,,
0eXAjXzq,Dundigal X Roads,17.596187491963196,78.40342840338495,,,,,,,,,,
5JUfwKc1,Dommari Pochampally,17.587897831779898,78.41326910937218,,,,,,,,,,
ivK5J2hy,Ambedkar Nagar-Nagaram,17.48004462178764,78.61992359161377,,,,,,,,,,
RpIJwiq3,Ghatkesar,17.44347735,78.67188167,,,,,,,,,,
MUJi4Zqf,Outer Ring Road Junction Twd Nagaram,17.44326592031621,78.67183104157448,,,,,,,,,,
01tUbAym,Ambedkar Nagar-Nagaram,17.479845070459266,78.61997187137605,,,,,,,,,,
o6hwsBLj,Bokkoniguda,17.442394638260467,78.69698616423376,,,,,,,,,,
5TnXm9ox,Nfc Nagar,17.44123538252401,78.70005996334706,,,,,,,,,,
bWzSYBEo,Nfc Nagar,17.452401,78.706753,,,,,,,,,,
EPbTTRNg,Vivekananda Nagar,17.454080671461398,78.39747458696367,,,,,,,,,,
7e8NqBw1,Allapur Borabanda,17.456,78.409,,,,,,,,,,
rcOHs7BL,Quthubullapur,17.5074475909473,78.45872819423677,,,,,,,,,,
57VfMweB,Mile Stone,17.411078949567703,78.33108460584937,,,,,,,,,,
54aomdtX,Kakatiya Colony-Chengicherla,17.43954394958237,78.60815135313669,,,,,,,,,,
zfYfB0sO,Gajula Ramaram,17.51091,78.4474,,,,,,,,,,
BcMylTQs,Hal Colony,17.52058995559429,78.43179883128552,,,,,,,,,,
DoNmGoId,Srinivas Nagar-Jeedimetla,17.516205799561448,78.43855265630012,,,,,,,,,,
BqwLkfab,Sri Ram Nagar-Jeedimetla,17.512931781548176,78.43199729954507,,,,,,,,,,
Wei439yS,Sriniwasa Colony Hyd Bus Stop,17.511278099135733,78.42424301185096,,,,,,,,,,
s9QIgpfI,Jagadgiri Gutta,17.50131988624616,78.4292936290419,,,,,,,,,,
OM1AQGhB,Cheeryal X Road,17.507,78.628,,,,,,,,,,
seILkUNn,Kundanpally X Roads,17.511258916335326,78.63770127296449,,,,,,,,,,
gA2HH55p,Kundanpally,17.499,78.638,,,,,,,,,,
2UCMuYtz,Godumakunta,17.490000164330425,78.64709839224815,,,,,,,,,,
gMWqCqd2,Uk College,17.484322130961917,78.65052223205568,,,,,,,,,,
v2Tf94sk,Rampally Dayara,17.500771205447688,78.65891754627228,,,,,,,,,,
Nkb9WAXH,Keesara Daira,17.50697692508272,78.66122961044313,,,,,,,,,,
I5J5wP2S,Keesara Village,17.52503529504992,78.66726458072662,,,,,,,,,,
BhKF7d4s,Keesara X Roads,17.539194255630974,78.6725699901581,,,,,,,,,,
So1oBwMw,Keesaragutta,17.531265939594277,78.68875972255522,,,,,,,,,,
DgQ93yDv,Keesara X Roads,17.539,78.673,,,,,,,,,,
mHI0MgiY,Keesara Village,17.524482827653166,78.66762399673463,,,,,,,,,,
p8dJBhHN,Keesara Daira,17.506654620580626,78.66133689880373,,,,,,,,,,
k0o05X3H,Rampally Dayara,17.500571747996894,78.65885317325593,,,,,,,,,,
eSgR5DbE,Uk College,17.48455749337974,78.65036129951477,,,,,,,,,,
zqiJ0ADI,Godumakunta,17.490018062019647,78.64706619018494,,,,,,,,,,
6sLptaiS,Kundanpally,17.49906239360079,78.63776564598085,,,,,,,,,,
uGiTEx2Y,Kundanpally X Roads,17.51108242048295,78.6378461122513,,,,,,,,,,
9bBqvItR,Srl Colony,17.513484284104397,78.64377378873832,,,,,,,,,,
u8KX5asa,Mile Stone,17.516771130022903,78.64885121549682,,,,,,,,,,
YXRAlMLN,Keesara Police Station,17.523,78.659,,,,,,,,,,
N7KlFn4s,Bogaram,17.506744149666336,78.68698552250862,,,,,,,,,,
ZsZ2SGPs,Mile Stone,17.610054264451094,78.41265319968862,,,,,,,,,,
iGGiZNTl,Nagulur,17.622550072603072,78.42627881214929,,,,,,,,,,
eeJjdBY4,Mile Stone,17.610028699602818,78.41273903348876,,,,,,,,,,
97QJ1Fbc,Mile Stone,17.595246317459896,78.40143099088621,,,,,,,,,,
7JkFPrga,Saregudam,17.586318026913787,78.40839921779336,,,,,,,,,,
pBBJ9iXH,Double Bedroom,17.5784,78.4309,,,,,,,,,,
eEGah1ED,Subash Nagar Auto Stand,17.51489366962709,78.45565438433931,,,,,,,,,,
rs25Q71W,Fathe Nagar,17.458935739625467,78.44992786809252,,,,,,,,,,
R6XFtRKP,Sanath Nagar Bus Station,17.455178541132945,78.4500909153865,,,,,,,,,,
gqJfT8xH,Balkampet,17.447568603468394,78.44939810559637,,,,,,,,,,
cFthc4qx,Sbi-Bank,17.4426223657525,78.44858273871571,,,,,,,,,,
E1EICTDa,Yashodha Hospital-Somajiguda,17.424672258213356,78.45747158692735,,,,,,,,,,
EFRnStUc,Villameeri College,17.422598285055283,78.46249625888042,,,,,,,,,,
q9h5qi72,Raj Bhavan,17.420243633123853,78.46229283772651,,,,,,,,,,
EPkRJ4p0,Govt School Bahadurpally,17.56,78.441,,,,,,,,,,
eu8dk5sa,Indiramma Colony Bahadurpalle,17.569,78.443,,,,,,,,,,
DVEzttkz,Afa Building Twd Shopping Complex,17.64782536541718,78.39493980360552,,,,,,,,,,
mWAGUWOr,Air Force Academy Shopping Mall,17.652053001142974,78.39603424072267,,,,,,,,,,
rf4S2v3e,Bollaram X Road,17.53582118,78.35405733,,,,,,,,,,
FNZT9Lpc,Bolaram Village Bus Stop,17.553260044591052,78.35032937110398,,,,,,,,,,
WtQdjdtc,Bollaram Busstand,17.55723248,78.3484247,,,,,,,,,,
4HzzBIo0,Bollaram Bazar,17.54924597,78.34902685,,,,,,,,,,
SM3JD5NY,Bollaram X Road,17.535953855171925,78.35416226972342,,,,,,,,,,
Cn7zdBff,Gaddapotharam,17.60169051079,78.371472757803,,,,,,,,,,
U8HN0OKx,Darga,17.636262398728686,78.33921308337769,,,,,,,,,,
0S0IrGWg,Vailal-Jinnaram,17.621,78.352,,,,,,,,,,
une0exw6,Chowdariguda,17.25105432603317,78.33859959154643,,,,,,,,,,
fOCBISZQ,Laxmipathigudem-Jinnaram,17.619513119787037,78.33188116550447,,,,,,,,,,
CML2zLVE,Nalthur,17.598788156743,78.32589078632301,,,,,,,,,,
EizYYfaa,Kodakanchi X Road-Jinnaram,17.618222221668393,78.32072317600252,,,,,,,,,,
SqRTasgM,Jinnaram-Medak,17.63278791386524,78.33023160696031,,,,,,,,,,
MmUX9a9e,Ootla Village,17.632017123765,78.30828090095,,,,,,,,,,
x38Oyzfu,Mile Stone,17.635021469561,78.300469942368,,,,,,,,,,
8YthiUi0,Solakpalle-Jinnaram,17.640080582306403,78.28195720911027,,,,,,,,,,
cnEnX6u6,Rallakatva,17.630530782135093,78.28029692173004,,,,,,,,,,
S00krHNH,Shivanagar-Jinnaram,17.611915397733924,78.27350020408632,,,,,,,,,,
eMJfM9sa,Shivanagar-Jinnaram,17.61204833505498,78.27385962009431,,,,,,,,,,
OuqKjq5E,Rallakatva,17.630318615411845,78.28024059534074,,,,,,,,,,
K7FihUbE,Solakpalle-Jinnaram,17.639891431647932,78.28179359436037,,,,,,,,,,
XOS8BMy9,Jinnaram-Medak,17.632,78.332,,,,,,,,,,
QyWBMaqj,Kodakanchi X Road-Jinnaram,17.618099468208527,78.32074195146562,,,,,,,,,,
lUNrtFm6,Nalthur,17.59874213661,78.325949794919,,,,,,,,,,
zHbpWi80,Laxmipathigudem-Jinnaram,17.619533570827848,78.33183825279049,,,,,,,,,,
BsTrBUjk,Vavilala,17.621819419327423,78.35332324638968,,,,,,,,,,
MqsccDPq,Gaddapotharam,17.601748360773,78.37152586283,,,,,,,,,,
Ilw9IWnd,Ameenpur Malakpet Bus Stop,17.55462469,78.34861513,,,,,,,,,,
Yw0VbA3G,Santhosh Theatre,17.55145106,78.35076492,,,,,,,,,,
dnAr2kQZ,Shapur Nagar X Roads,17.511432854108996,78.44813346862793,,,,,,,,,,
cL6i8GPk,Sri Krishna Nagar Colony,17.542,78.421,,,,,,,,,,
JtCrLUEn,Suraram Village,17.547997009823888,78.4270513057709,,,,,,,,,,
HoGUhPo3,Vishwa Karma Colony,17.55,78.423,,,,,,,,,,
1jXCYCo0,Bahadur Pally Double Bed Room,17.556610751531377,78.44089352389918,,,,,,,,,,
CXzgLfcd,Ootla X Road,17.631354711868,78.319717597459,,,,,,,,,,
BDzzTdzi,Jinnaram-Medak,17.632862043420083,78.33004117012025,,,,,,,,,,
0m2hTWv3,Ootla X Road,17.630597244117972,78.32005798443285,,,,,,,,,,
nMcnr829,Quthubullapur X Road,17.50765222789932,78.459849357605,,,,,,,,,,
OCwTJcep,Kardanur,17.515,78.231,,,,,,,,,,
QF3qS7cJ,Ghanpur X Road,17.511397043404514,78.22103083133699,,,,,,,,,,
0vtd1yqH,Nandigam Patancheru,17.50462643939452,78.20053071238868,,,,,,,,,,
JIImIqE3,Rami Reddy College,17.49718225277095,78.19068700075148,,,,,,,,,,
JxM9ofIk,Bhanoor,17.49,78.179,,,,,,,,,,
u6kmkguW,Lahari Resorts Patancheru,17.494,78.186,,,,,,,,,,
KWZbzsHF,Bdl Factory,17.470757945341482,78.16273570315671,,,,,,,,,,
vaER22Ew,Bdl Factory,17.470852241799868,78.16262841224672,,,,,,,,,,
FqFA9kjC,Bhanoor,17.489847950835255,78.17833542823793,,,,,,,,,,
4PDv59wM,Lahari Resorts Patancheru,17.494334997689744,78.18579196929933,,,,,,,,,,
2cAPj1OO,Rami Reddy College,17.49746614379613,78.1908828020096,,,,,,,,,,
88jwfM5b,Nandigam Patancheru,17.504624856468233,78.2004073262215,,,,,,,,,,
koonRHFA,Kardanur,17.514793913077533,78.23041319847108,,,,,,,,,,
VilswqSg,Pati X Roads,17.524237304242106,78.24789583683015,,,,,,,,,,
zy5C9xY7,Yellamma Temple-Patancheru,17.526045589873675,78.25077921152116,,,,,,,,,,
AZAndWqE,Sangareddy X Roads,17.480198167324872,78.13570976309356,,,,,,,,,,
MzVCQeDG,Tower,17.489738581628533,78.13372224326832,,,,,,,,,,
R7vIlpCe,Odf Eddimailaram,17.505,78.147,,,,,,,,,,
TxBgcR5q,Kendriya Vidyalaya,17.493,78.143,,,,,,,,,,
pxGeuwl0,Tower,17.48974919674507,78.13375758017848,,,,,,,,,,
qrIN8KT2,Narsapur Bs,17.7402599728896,78.28190255910151,,,,,,,,,,
RrUhd8lR,Chakirimetlu,17.75179294947977,78.33048105239868,,,,,,,,,,
tdEFdkhl,Chinna Gottimukkala,17.758618440662463,78.35354804992677,,,,,,,,,,
jWJeahHV,Chennapur-Shivampet,17.757290146914716,78.37085366494576,,,,,,,,,,
2tEdx1m9,Pedda Gottimukkala,17.755,78.381,,,,,,,,,,
I54B5iEi,Gomaram-Shivampet,17.749,78.395,,,,,,,,,,
Aqt2cxKT,Lachireddyguda,17.731657256079767,78.39345932006837,,,,,,,,,,
UlDkJ1x6,Nawabpet-Shivampet,17.72282258747498,78.39374363422395,,,,,,,,,,
yLtjpFr1,Antharam X Road-Jinnaram,17.69934013327507,78.39328095865581,,,,,,,,,,
SlnHwZMc,Gummadidala,17.683426626783888,78.36929798126222,,,,,,,,,,
mqy4NLbu,Gummadidala Toll,17.673160998639208,78.37148398396936,,,,,,,,,,
xVswe8ku,Bonthapally Kaman,17.661918532556488,78.37337492900754,,,,,,,,,,
w7i01QeQ,Domadugu,17.654706566701147,78.37327301502229,,,,,,,,,,
eTwBvAm4,Domadugu,17.65920571382533,78.37356378080523,,,,,,,,,,
HxC0hvBk,Bonthapally Kaman,17.662409188455197,78.37301015853883,,,,,,,,,,
ZCslTRgz,Gummadidalla,17.683298853088854,78.36951255798341,,,,,,,,,,
FfkFLtzq,Mambapur-Jinnaram,17.695671953199756,78.35551681934862,,,,,,,,,,
qZreD3rn,Nallavelly Gate-Narsapur,17.703067280144474,78.34381677407072,,,,,,,,,,
mtpsB2nz,Mile Stone,17.72218385867232,78.35810779342779,,,,,,,,,,
Hae3Rntx,Kothapally,17.78379905747758,78.33391722311742,,,,,,,,,,
zY32ZPs8,Mile Stone,17.7221378651392,78.35790394865433,,,,,,,,,,
orO1ggWf,Mambapur-Jinnaram,17.68926877764829,78.3535095780152,,,,,,,,,,
b1rcl49a,Jagadgiri Gutta,17.501282801790506,78.42924266707061,,,,,,,,,,
Xm1KvJRc,Kamaan Hyd Bus Stop,17.4949409579723,78.4321153163909,,,,,,,,,,
m50MFoV4,Ranga Reddy Nagar Bus Stop,17.4942352298928,78.4337947145104,,,,,,,,,,
5iJiNtf5,Chenna Reddy Nagar Industrial Area,17.4904568040514,78.4419717639684,,,,,,,,,,
htdHXzXi,Resala Bazar Water Tank,17.527080177097034,78.52288261055945,,,,,,,,,,
FvjlANBq,Kowkoor,17.52570669413607,78.53317692331439,,,,,,,,,,
xRWGNAWo,Edunagulapally,17.462723775159354,78.23821306228638,,,,,,,,,,
PGaDzVp6,Venkata Sai Nagar,17.426180853343986,78.59627455068647,,,,,,,,,,
0fPj6g9P,Bangaru Maisamma Temple,17.420758027360357,78.58543038194956,,,,,,,,,,
GiNc36mI,Km Stone Twd Hema Nagar,17.419491234063795,78.57425093744169,,,,,,,,,,
KfQm26eU,Indra Nagar-Boduppal,17.421684770440443,78.5823877504,,,,,,,,,,
z5ginEKI,Km Stone Twd Boduppal,17.419519380282974,78.57426705932306,,,,,,,,,,
VDNTLi3Y,Bangaru Maisamma Temple,17.42074427275666,78.58537673950197,,,,,,,,,,
ZlwvshVE,Venkata Sai Nagar,17.426121994638443,78.5961511725449,,,,,,,,,,
m1QjPpBS,Thumukunta,17.5645755040412,78.55171434472987,,,,,,,,,,
6iDo05DY,Pothaipally,17.56737205651687,78.5394050175467,,,,,,,,,,
QApowssM,Devar Yamjal,17.567498909686748,78.52327822020855,,,,,,,,,,
YB1phrrY,Devar Yamjal,17.563737393596497,78.5217346252178,,,,,,,,,,
Qk6D0ONP,Mallareddy Nagar,17.528999071401216,78.53304147720337,,,,,,,,,,
TLX8xcBZ,Samala Convention,17.53313284171159,78.53605627961005,,,,,,,,,,
3xoK4GSI,Mile Stone,17.535626509049695,78.53674024343493,,,,,,,,,,
SNoldU9h,Mile Stone,17.53661626131004,78.53738933801652,,,,,,,,,,
BRdDbq3i,Rajeev Gruha Kalpa Kowkoor,17.537180840086368,78.53734306421929,,,,,,,,,,
WAHEsLq9,Rajeev Gruha Kalpa Kowkoor,17.537848997264845,78.53651777054628,,,,,,,,,,
oBOCxkSO,Ntpc Annojiguda,17.435846338593336,78.66130739450456,,,,,,,,,,
RYKO6cdw,Nfc X Roads,17.454940370792578,78.70080828666688,,,,,,,,,,
RB3kE4wr,Ankushapur X Roads,17.458297521770778,78.72091410881919,,,,,,,,,,
KHfqph1w,Aushapur Gatkesar,17.461757046914716,78.73556431840944,,,,,,,,,,
XnXndB4w,Ms-Capol Twd Bibinagar,17.463793263642863,78.74312281608583,,,,,,,,,,
obRprhAV,Capol,17.468,78.751,,,,,,,,,,
GljzOO1H,Kondamadugu X Road,17.46873764729775,78.7612471729517,,,,,,,,,,
CaH39nw4,Ms-Kondamadugu Twd Kondamadugu,17.478709158729046,78.76643389463426,,,,,,,,,,
Cg3PbCpk,Kondamadugu,17.488824669816495,78.76792528328288,,,,,,,,,,
KavxJpeF,Mahadevpur Village,17.488678941786624,78.754321038723,,,,,,,,,,
PmwYq4Wt,Mile Stone,17.49301785514056,78.76827429391388,,,,,,,,,,
hEkLTAde,Ms1-Nagineni Palle Twd Mailaram,17.502850872664006,78.76660019159318,,,,,,,,,,
gegrY43g,Ms2-Nagineni Palle Twd Mailaram,17.517853087698658,78.76716613769533,,,,,,,,,,
3iYOPRhg,Nageneni-Palli,17.52610444030219,78.77364098687326,,,,,,,,,,
jXAGbhf5,Ms-Mallaram Tanda Twd Medipalle,17.53573134607854,78.7860408425331,,,,,,,,,,
aoElIBbh,Mailaram-Bommalaramaram,17.54533731556746,78.79795791410643,,,,,,,,,,
HgAuiK9n,Medi Palle-Bhongir,17.53645771020459,78.82394851622765,,,,,,,,,,
Pydp7HH5,Ms-Fakeerguda-Gts Twd Tajpur,17.534303095460068,78.82153970794194,,,,,,,,,,
lGGrwQB5,Fakeerguda,17.53098922138888,78.81648401624872,,,,,,,,,,
1hd5G1t9,Ms-Fakeerguda-Gts Twd Medipalle,17.534154591259497,78.82142454589216,,,,,,,,,,
Xu3W940W,Medi Palle-Bhongir,17.536296480988035,78.82399413320175,,,,,,,,,,
GEzWV4K0,Mailaram-Bommalaramaram,17.545298943200994,78.79787743091585,,,,,,,,,,
Py51A8l6,Ms-Mallaram Tanda Twd Kondamadugu,17.53585922426913,78.78622055053712,,,,,,,,,,
xZkMhvzK,Nageneni-Palli,17.526023849411377,78.77365574240686,,,,,,,,,,
BjQkBBgO,Ms1-Nagineni Palle Twd Ghatkesar,17.517933658908706,78.76717016100885,,,,,,,,,,
KDp7IFib,Ms2-Nagineni Palle Twd Ghatkesar,17.502996680205364,78.76673698425294,,,,,,,,,,
oNwCtNs0,Kondamadugu,17.488804195073097,78.76795202408097,,,,,,,,,,
j0GE46YE,Ms-Kondamadugu Twd Mettu,17.478743057098423,78.76649022102357,,,,,,,,,,
YRrp9jTD,Kondamadugu,17.468500985162823,78.76120626926424,,,,,,,,,,
9G6Ds41O,Capol,17.467589661045064,78.75087306846581,,,,,,,,,,
mRkwV9uB,Ms-Capol Twd Secunderabad,17.46385466948954,78.74345541000368,,,,,,,,,,
reEXiekD,Aushapur Gatkesar,17.46129096633823,78.73572260499216,,,,,,,,,,
rzhq32PC,Spr Hills,17.459,78.725,,,,,,,,,,
HAvuwEXU,Ankushapur X Roads,17.458,78.721,,,,,,,,,,
cR3uQ1GQ,Nfc X Roads,17.4546058202357,78.7025544047355,,,,,,,,,,
QAgKG12k,Ntpc Annojiguda,17.436326144779954,78.66288587450983,,,,,,,,,,
Q5n3y388,Kakatiya Colony-Chengicherla,17.45507420096529,78.61233292508729,,,,,,,,,,
ueCYcpUC,Akshaya Solar,17.45495828119136,78.61228331907878,,,,,,,,,,
y8hdwZwM,Bokkoniguda,17.442456027415897,78.69694857345515,,,,,,,,,,
kwCO34zr,Nfc Nagar,17.441284710218927,78.7000056348972,,,,,,,,,,
HDQGYASB,Thokatta,17.460722948697327,78.47558857441801,,,,,,,,,,
Ah51eAAC,Basuregadi,17.589916749418755,78.45081702365668,,,,,,,,,,
qN188Sfg,Gnanapur,17.601657,78.45258,,,,,,,,,,
BCRmsFTE,Gowdavelly X Road,17.60937678741225,78.4572744369507,,,,,,,,,,
7t6rwg6I,Railapur-Medchal,17.63111743460631,78.44430729746819,,,,,,,,,,
q7XCRoHJ,Govt Polytechnic College-Medchal,17.632634542275675,78.45177188515665,,,,,,,,,,
er79ce1M,Girmapur-Medchal,17.633836016327912,78.45570534545487,,,,,,,,,,
rbRurRnR,Mile Stone,17.464251317719967,78.63730809578763,,,,,,,,,,
rQJH2xYl,Kareem Guda,17.4772496952,78.6538208452,,,,,,,,,,
KEyKPwCH,Military Hospital,17.4743629333485,78.5171668787927,,,,,,,,,,
rZJcouH3,Officers Mess,17.474615724306368,78.51957544684412,,,,,,,,,,
BVRJHN9R,Rk Puram,17.4764369716122,78.5259895730141,,,,,,,,,,
mvLoCKbv,Military Hospital,17.4741929697308,78.51720561500892,,,,,,,,,,
sIx6SP7r,Srinivas Nagar-Kompally,17.541657766048456,78.48607599735261,,,,,,,,,,
rIu2dHAD,Officers Mess,17.474533,78.51991,,,,,,,,,,
p21Q337D,Shamirpet,17.59530896679393,78.56929823763997,,,,,,,,,,
82aQheYm,Shamirpet Corner1,17.595779403212504,78.57474848511359,,,,,,,,,,
W0LdFEco,Shamirpet Village,17.593671378241623,78.57480882415899,,,,,,,,,,
KcSTYrIL,Babaguda X Roads,17.59015330497575,78.57421879624846,,,,,,,,,,
1ACeNv7V,Babaguda,17.594607161102587,78.60083699226381,,,,,,,,,,
yZ1OlQ63,Bommarasipet X Road,17.595110821953508,78.60524921426901,,,,,,,,,,
DlSJVvz3,Bomraspet Corner1,17.60013088238994,78.6072126023143,,,,,,,,,,
BkTO3aZs,Bommarasipet,17.599678353276953,78.60917865981078,,,,,,,,,,
aJS3UCEq,Bomraspet Corner2,17.59755247753478,78.61128017294659,,,,,,,,,,
gFb9CBhx,Ponnal-Shamirpet,17.602941901597102,78.63123714954975,,,,,,,,,,
Jbb9RFYg,Adraspalle,17.619920868666608,78.66017011687856,,,,,,,,,,
ujNzrxFu,Uddamarri,17.6175498091597,78.67780029058034,,,,,,,,,,
CHwTdt3s,Uddamarri,17.61753894425069,78.67782242467791,,,,,,,,,,
yuiCOzWL,Adraspalle,17.619761094483373,78.66003065383408,,,,,,,,,,
qo4v3p8h,Ponnal-Shamirpet,17.60287799409813,78.63123713554731,,,,,,,,,,
VCoFk4t1,Bommarasipet,17.59964383882378,78.60915184129907,,,,,,,,,,
KeB7Ae9C,Bommarasipet X Road,17.595087810954706,78.60525725840672,,,,,,,,,,
xP53kOog,Babaguda,17.594576464118155,78.60083833329053,,,,,,,,,,
oYhMDbL1,Babaguda X Roads,17.590437189493706,78.57433952103437,,,,,,,,,,
vp67C1lg,Shamirpet Village,17.593666264960643,78.57464791277738,,,,,,,,,,
6GZvMQh1,Thirumalgiri,17.471081,78.509802,,,,,,,,,,
vJoAcRKn,Vbr Gardens,17.511476362770647,78.50236370965075,,,,,,,,,,
cwWfDdjn,Ambedkar Nagar-Old Alwal,17.515052285261973,78.50149330614295,,,,,,,,,,
R1OfOTiY,Surya Nagar X Road,17.51724882779635,78.50150406205043,,,,,,,,,,
Q7HaeTKE,Mile Stone,17.51886334692507,78.50151213854939,,,,,,,,,,
M8wiArUY,St Michael School,17.520213297996275,78.5015241810296,,,,,,,,,,
ySKaOUzM,Mile Stone,17.528171027198397,78.50359618663788,,,,,,,,,,
AmHXb0ah,Gopal Nagar-Bollaram,17.52606223530599,78.50604503737621,,,,,,,,,,
hbeFP7EV,Ice Factory,17.532770417198613,78.50464786676346,,,,,,,,,,
hIr43AA1,Ice Factory,17.5326914747,78.5046321865,,,,,,,,,,
CmORmLzt,Gopalnagar X Road,17.521435274726088,78.51093471198745,,,,,,,,,,
QB3XioZH,Mile Stone,17.528153123350158,78.5035512622429,,,,,,,,,,
0XGC2wor,Aliabad Shamirpet,17.625566130452583,78.59480778003554,,,,,,,,,,
MRFODO0o,Kolthur-Shamirpet,17.656117,78.638911,,,,,,,,,,
SX8D8rp9,Kolthur-Shamirpet,17.659789526920154,78.64154890677501,,,,,,,,,,
nj6uZ7iX,Potharam,17.663,78.669,,,,,,,,,,
vqXhxoXc,Anantharam-Shamirpet,17.682082441864242,78.66498471239896,,,,,,,,,,
ywZWDSkO,Anantharam-Shamirpet,17.683628624443582,78.66376161824252,,,,,,,,,,
a8B2tcOS,Narayanpur Turkapally,17.68572142645569,78.68116378970879,,,,,,,,,,
A4wwwanP,Narayanpur Turkapally,17.688956584907796,78.68182898563482,,,,,,,,,,
qiCyt6mk,Kothial,17.689982567996214,78.70200723550657,,,,,,,,,,
uMtm0TpP,Alinagar-Mulugu,17.7076457669183,78.70240688604025,,,,,,,,,,
PXFufTJA,Bhavanandapuram,17.72773329768909,78.71735215187071,,,,,,,,,,
iHvIH1Gt,Markook Village,17.753512,78.71838,,,,,,,,,,
8fPusxME,Bhavanandapuram,17.72718121352771,78.72161683402132,,,,,,,,,,
3IFWu1Ai,Panduranga Ashramam,17.716087708598707,78.7233496179029,,,,,,,,,,
yTqWHdmk,Bhavanandapuram X Roads,17.719482014745882,78.71298149217138,,,,,,,,,,
BXk0eqUE,Alinagar-Mulugu,17.707652154369324,78.70245382415347,,,,,,,,,,
t6yXyffm,Kothial,17.689977455765412,78.70198309054938,,,,,,,,,,
7tPDu2or,Narayanpur Turkapally,17.688971917188674,78.6817485097182,,,,,,,,,,
gQ3HhJPW,Anantharam-Shamirpet,17.68209778059686,78.66515235223812,,,,,,,,,,
sih4BE72,Potharam,17.663,78.669,,,,,,,,,,
NFmSsfRc,Citizen Colony Twd Panchasheela Enclave,17.51295991738347,78.49484816248035,,,,,,,,,,
ARIyadAP,Panchasheela Enclave,17.51435971542882,78.48795086192077,,,,,,,,,,
sUtCnwSe,Select Talkies-Machabolarum,17.511223179539506,78.5108596275636,,,,,,,,,,
CFBsOg0R,Macha Bollaram,17.5161367845308,78.51316095982286,,,,,,,,,,
gGRbE2tl,M.G. Nagar,17.518226527721232,78.51046599584124,,,,,,,,,,
WsvJx61i,Gopalnagar X Road,17.522,78.511,,,,,,,,,,
8bWBkxGA,Sanjeeva Gardens,17.531006185810497,78.51261784848943,,,,,,,,,,
YLD8ZLAS,Bollaram X Road,17.53332657990603,78.5125688497289,,,,,,,,,,
bChISG3x,Railway Colony Road,17.537088135383797,78.51327661165728,,,,,,,,,,
WlEGrMKl,Sharan Nagar,17.542384727971733,78.51359680536147,,,,,,,,,,
hhAJayqp,Sharan Nagar,17.543,78.51,,,,,,,,,,
OztR0zMf,Railway Colony Road,17.537045944698363,78.51332183287961,,,,,,,,,,
374OF7Nz,Bollaram X Road,17.53329940575431,78.51256616471939,,,,,,,,,,
Ici8bLTu,Sanjeeva Gardens,17.530955990817933,78.51265601859258,,,,,,,,,,
MbCIuHhH,Select Talkies-Machabolarum,17.51115083432679,78.51088913177183,,,,,,,,,,
96lXnyTF,Padmarao Nagar,17.425599913448192,78.50691273815056,,,,,,,,,,
y6DhiqoC,Bolakpur,17.42177274176402,78.49692016855542,,,,,,,,,,
xzA9CAZj,Kalpana,17.423306975143657,78.49456250792038,,,,,,,,,,
3iL9P4Dq,Kavadiguda,17.42492953855617,78.48873145382288,,,,,,,,,,
AjL3RJvE,Adavi Masjid,17.70402000887611,78.67804035497721,,,,,,,,,,
jpy7lIP8,Banda Narsampalle,17.710474272934807,78.66670669525402,,,,,,,,,,
oNig8upY,Banda Narsampalle,17.710037351176886,78.66552114486696,,,,,,,,,,
HNoLxfv8,Anantharam-Shamirpet,17.683526342919613,78.66381525806649,,,,,,,,,,
Vc04iGXj,Panduranga Ashramam,17.714136507547863,78.72318694358664,,,,,,,,,,
bEcG5UxV,Bhavanandapuram,17.727254026876984,78.72165304205384,,,,,,,,,,
2XH4LbhL,Lakshmi Kala Mandir,17.49551714629871,78.51067986128373,,,,,,,,,,
2GikkfUo,Venkatapur X Roads,17.496441028202007,78.5070052725844,,,,,,,,,,
OtkEFGhK,Mes Colony,17.497256521782205,78.50505798712818,,,,,,,,,,
1Nw3clSs,West Venkatapuram,17.4992126729767,78.49947229004412,,,,,,,,,,
RliN13eX,Vaishnavi Mata Temple Alwal,17.49886348447854,78.50770063515483,,,,,,,,,,
iKz9QVLc,Bhatia Bakery,17.49982086244036,78.50995906276891,,,,,,,,,,
E6VCLVPx,Alwal Satya,17.499287167393607,78.51331951946067,,,,,,,,,,
AmPQFxtk,Prakash Nagar Begumpet,17.444065,78.47026,,,,,,,,,,
JDkQRiJ9,Punjagutta,17.4270314346892,78.4527676552534,,,,,,,,,,
v3VWhIH3,Sangeeth-Isckon,17.44084648465555,78.50620195997024,,,,,,,,,,
67tVa1YD,Lb Nagar,17.344885654448582,78.54946330695348,,,,,,,,,,
Qmyaod4Y,Manda Mallama X Road,17.3373544941127,78.5226623341441,,,,,,,,,,
EFXc6VgR,Rgi Airport,17.23814621228954,78.43058109481159,,,,,,,,,,
VQL3NPPe,Manda Mallama X Road,17.337673267137205,78.52254331226372,,,,,,,,,,
JBbJg3zs,Sikh Village,17.4565932846057,78.490126132965,,,,,,,,,,
GWLLaLs8,Giri Nagar,17.4889142013958,78.4449325874447,,,,,,,,,,
ytLG99FW,Chenna Reddy Nagar Industrial Area,17.4903794184091,78.4418245777487,,,,,,,,,,
8GUDKzXD,Ranga Reddy Nagar Bus Stop,17.4939954032338,78.4338171780109,,,,,,,,,,
0Yfl6Rl2,Kamaan Hyd Bus Stop,17.4951385741342,78.4319708123803,,,,,,,,,,
2nLhGupw,Papireddy Nagar Jagathgiriguitta,17.497673358204352,78.43184980946491,,,,,,,,,,
CA9piaaJ,Sanjay Puri Colony,17.4998080727993,78.4297469258308,,,,,,,,,,
j9iyH8Ly,Papireddy Nagar Jagathgiriguitta,17.497681026422367,78.4319892543,,,,,,,,,,
4l4bKuGp,Giri Nagar,17.4890568223396,78.4450361877679,,,,,,,,,,
raTwIvTy,Sikh Village,17.4564221729001,78.4902397915721,,,,,,,,,,
yUF7uoia,Somaiah Nagar- Jagadgirigutta,17.5037321111962,78.4299507737159,,,,,,,,,,
vESlFnYa,Magdum Nagar Jagathgirigutta,17.5060023359098,78.4280239418149,,,,,,,,,,
MyEJ8Pr8,Magdum Nagar Jagathgirigutta,17.5083272084613,78.4290730208158,,,,,,,,,,
UQF6vxQF,Ntr Nagar Kphb,17.50974015095412,78.42735204968403,,,,,,,,,,
p2KYKvCb,Ntr Nagar Kphb,17.509761893704788,78.42732991857179,,,,,,,,,,
JIQhqztt,Magdum Nagar Jagathgirigutta,17.5083345625701,78.4291823208332,,,,,,,,,,
ASX9KbWN,Magdum Nagar Jagathgirigutta,17.50598956304656,78.42818856213304,,,,,,,,,,
nSNbTqXt,Somaiah Nagar- Jagadgirigutta,17.5035472944707,78.429987989366,,,,,,,,,,
hDjVr559,Macha Bollaram,17.515961,78.513169,,,,,,,,,,
jN7I1K7k,Chandranagar-Old Alwal,17.515384138198762,78.50916311168169,,,,,,,,,,
sQIOeaE3,Surya Nagar,17.514776258653455,78.50697845220569,,,,,,,,,,
g9Rc2TEm,Surya Nagar,17.5148629752807,78.50699990987778,,,,,,,,,,
IZAwDSCf,Surya Nagar X Road,17.517149664396833,78.50151613354684,,,,,,,,,,
4kpBlQoa,Vbr Gardens,17.51147505208588,78.50238550506889,,,,,,,,,,
tCy0TbEi,Ambedkar Nagar-Old Alwal,17.515049698883644,78.50144907832146,,,,,,,,,,
QLQfAq5k,Yathrinivas,17.4433206499747,78.47987465359391,,,,,,,,,,
dDHmRwOr,Nmdc,17.3987320680141,78.44935219734901,,,,,,,,,,
MAgyoT2A,Mehdipatnam,17.39848155778218,78.44418525695802,,,,,,,,,,
XDLXNqWx,Paryatak Bhavan,17.433859197438583,78.45550552010536,,,,,,,,,,
kKJEoSur,Yathrinivas,17.443579380920607,78.47991228137457,,,,,,,,,,
yCrkWkxQ,Chandranagar-Old Alwal,17.515398844024027,78.5091282447537,,,,,,,,,,
zHZ7rF0Q,M.G. Nagar,17.518264983113596,78.51039821486923,,,,,,,,,,
Syk8dA8m,Mogulla Ramakrishna Garden,17.52338312932168,78.50922879465305,,,,,,,,,,
dZfUotmN,Mogulla Ramakrishna Garden,17.523362660688292,78.50915638483008,,,,,,,,,,
N5cqr2zF,Vikrampuri,17.449,78.4966,,,,,,,,,,
bs503mj8,Ankireddy Pally X Road,17.547915174926437,78.68553578853609,,,,,,,,,,
IcrZIlK7,Ankireddy Pally Keesara,17.56204102157442,78.68398881988374,,,,,,,,,,
sFx8C7o5,Devs College,17.57643532496231,78.67440193891527,,,,,,,,,,
vaHx8aod,Ankireddy Pally Keesara,17.56203157967426,78.68402566994128,,,,,,,,,,
vhyCBNnI,Ankireddy Pally X Road,17.547828223550237,78.68573158979417,,,,,,,,,,
lwwwTniI,Km Stone Twd Kushaiguda,17.51661527405466,78.64907385497979,,,,,,,,,,
EDXxZNij,Srl Colony,17.51319524362496,78.6437845265173,,,,,,,,,,
0RgdRJMz,Gar Kokapet,17.4085097,78.33052866,,,,,,,,,,
wGQAO4BG,Gar Kokapet,17.407045590534434,78.32993388340147,,,,,,,,,,
gu3BUIUR,Power Welfare Society,17.420253870131372,78.33636045455934,,,,,,,,,,
nqbpgSUN,Tps Colony,17.48143891300511,78.62490043354296,,,,,,,,,,
LfAy1CV0,Kalpana,17.42337859411275,78.49451960626747,,,,,,,,,,
FcMkuyEK,Chandupatla Guda,17.438617681720444,78.70683252811433,,,,,,,,,,
cPBQYhKo,Marripallygudam,17.430021389662645,78.7071262313239,,,,,,,,,,
azkDyT0J,Edulabad,17.425456625849964,78.70995730161668,,,,,,,,,,
TDCuhRvV,Edulabad,17.4189512386327,78.70843380689622,,,,,,,,,,
zyUeAaxc,Edulabad,17.42542431701533,78.70999585837126,,,,,,,,,,
AQDkuDKH,Marripallygudam,17.42997724720395,78.70711147785188,,,,,,,,,,
tVzLxR6X,Chandupatla Guda,17.4386573451438,78.70678558945656,,,,,,,,,,
DHFV3sVo,Edulabad,17.41894771972363,78.70849415659906,,,,,,,,,,
v8cFO7nB,Hpcl-Ghatkesar,17.457140840983552,78.71535122394563,,,,,,,,,,
qPSWAAww,Ms1-Vbit Twd Jamilapet,17.470665475600633,78.72554630171939,,,,,,,,,,
jDN5c903,Jiyapally,17.480862013145455,78.7269718964649,,,,,,,,,,
BXERBzkP,Rayarao Pet,17.48908048878999,78.72323960470143,,,,,,,,,,
oq6yGGkA,Jameelapet,17.494140568205193,78.72528343237637,,,,,,,,,,
fyewtKhB,Jiyapally,17.481074365546448,78.7270067551529,,,,,,,,,,
SiOZwsdY,Ms2-Vbit Twd Aushapur,17.47081540068684,78.7256241193833,,,,,,,,,,
2vDIBFAs,Thumkunta,17.566964192166527,78.5540995001793,,,,,,,,,,
jAbtVuGt,Mandaipalle,17.5802499798,78.5582437302,,,,,,,,,,
9W1jgZ8c,Janapriya Arcade Kowkoor,17.526,78.537,,,,,,,,,,
gqwuBzDw,Mb Darga,17.52888333726495,78.54287981951929,,,,,,,,,,
EQO5WF8N,Samala Laxmi Nagar,17.530399384655258,78.54085609168347,,,,,,,,,,
qF7AWbAy,Mb Darga,17.528917865707683,78.54287048311656,,,,,,,,,,
LTr8FfNB,Kowkoor X Road,17.527,78.542,,,,,,,,,,
1Q3UQ98v,Janapriya Arcade Kowkoor,17.525884418232714,78.53721499443056,,,,,,,,,,
agVE4Ycw,Shakti Sai Nagar,17.445938671492232,78.5823351117916,,,,,,,,,,
H108I40g,Ranigunj Bus Depot,17.433051761939442,78.48853020209634,,,,,,,,,,
6XCw7BZM,Diamond Point,17.462308243288234,78.4910649061203,,,,,,,,,,
frAg0SP5,Hitech City,17.45195686197918,78.38052570415338,,,,,,,,,,
3gdMBV5M,Medchal X Road,17.628041002692658,78.56943100690843,,,,,,,,,,
WzrBUgIB,Turkapally,17.67226397417437,78.59289231984755,,,,,,,,,,
f2JJgtWL,Jyothishmathi College,17.687203577863684,78.59781951754611,,,,,,,,,,
pAYXNnpq,Vantimamidi,17.70421935563429,78.61011884001046,,,,,,,,,,
s85yI5ab,Tunki Bollaram,17.728282352929913,78.58903258463272,,,,,,,,,,
gEJ11ei6,Narsapur-Mulugu(Mdk),17.72901047806152,78.56507241321405,,,,,,,,,,
WQzqkBIc,Kokkonda,17.72188488702057,78.54487134427139,,,,,,,,,,
DVgQMOMv,Kothur-Mulugu (Mdk),17.71604428984645,78.52316293580584,,,,,,,,,,
FrK1FDtn,Kothur-Mulugu (Mdk),17.716126074011918,78.52317903216196,,,,,,,,,,
EcPTZyNP,Kokkonda,17.721815897142335,78.54487133299129,,,,,,,,,,
nSXoqR6s,Narsapur-Mulugu(Mdk),17.72906668456067,78.56507241725923,,,,,,,,,,
7Lsteom5,Tunki Bollaram,17.72830534536018,78.58903795449613,,,,,,,,,,
ZyzDPH9F,Vantimamidi-Mulugu,17.7042496498324,78.6103353649377,,,,,,,,,,
F4GG0qSE,Jyothishmathi College,17.687206131740258,78.59798044230787,,,,,,,,,,
PCLsjVjr,Muraharipally-Medchal,17.66380847223413,78.58806967504265,,,,,,,,,,
CXs3eDnQ,Majidpur Shamirpet,17.62779815788834,78.56955438852312,,,,,,,,,,
dt4f0ynq,Lakshmakkapally-Mulugu(Mdk),17.710435934731187,78.61599415545082,,,,,,,,,,
F4ISB7uq,Forest Research Center-Mulugu(Mdk),17.718387206042262,78.62444044528615,,,,,,,,,,
QeL8vAIr,Mulugu-Medak,17.7352968314777,78.636983782053,,,,,,,,,,
peO5Prkx,Wargal X Roads,17.75923405781512,78.65541726350786,,,,,,,,,,
P2HSZGxd,Wargal,17.774965854178166,78.61878633849851,,,,,,,,,,
WWFegeOJ,Wargal,17.77358128084536,78.61741842882223,,,,,,,,,,
TwMoc8op,Wargal Temple,17.769740062431545,78.62155436987268,,,,,,,,,,
UJsLOW7C,Wargal X Roads,17.7592392930396,78.65555139994093,,,,,,,,,,
xswNNbfp,Bc Welfare School-Wargal,17.752980787577403,78.65442216396333,,,,,,,,,,
cOmkS7xx,Mulugu-Medak,17.7370921620495,78.638336956501,,,,,,,,,,
GR9FtpnM,Forest Research Center-Mulugu(Mdk),17.7182696761643,78.62467478960751,,,,,,,,,,
XNn1Jnba,Botanical Garden,17.45588197059218,78.36377263069154,,,,,,,,,,
CEJm1ECY,Botanical Garden,17.455597956352378,78.36422324180603,,,,,,,,,,
Rg0wg2PR,Dlf,17.448031449756623,78.35588692728747,,,,,,,,,,
pjRDQDPj,Hanuman Temple-Yapral,17.51321826456497,78.54011714458467,,,,,,,,,,
5JaDKK05,Kendriya Vidyalaya Bollaram,17.507258413246113,78.53084347943583,,,,,,,,,,
yCCU2zdI,Sitaphalmandi,17.427703515332666,78.51741090416911,,,,,,,,,,
ifs0Z5lZ,Shopping Complex,17.489047230661424,78.54042292107987,,,,,,,,,,
kcFzHYxP,Nirmal Nagar,17.49045424982152,78.53620246216104,,,,,,,,,,
UspxQTUJ,Ammuguda,17.497095189224982,78.53194716859772,,,,,,,,,,
Bp3qRacn,Nirmal Nagar,17.49048495967076,78.53623062527791,,,,,,,,,,
PmFtbq2m,Shopping Complex,17.489058746965313,78.54050338330516,,,,,,,,,,
A7cWHYTI,Venkatadri Township,17.413461657763676,78.64082336425783,,,,,,,,,,
MQOW39Ib,Pratap Singaram,17.409901660612253,78.6492830524243,,,,,,,,,,
Pzdd2V82,Korremula,17.40410216232121,78.66642791339038,,,,,,,,,,
eDAFijAs,Pratap Singaram,17.409873508218293,78.64923746373925,,,,,,,,,,
Ir7UfNqC,Venkatadri Township,17.41341815889189,78.6408020276292,,,,,,,,,,
mxba2Yts,Panchasheela Enclave,17.51447929703599,78.48795890761431,,,,,,,,,,
OfZF8qL0,Citizen Colony Twd Old Alwal,17.51306990567374,78.49485749661362,,,,,,,,,,
HQwyWvVP,Ion Exchange,17.52669825262684,78.24915209462776,,,,,,,,,,
RrLdWCYY,Mile Stone,16.53656912,78.20541602,,,,,,,,,,
xjeWA2ER,Family Quarters,17.411022644589842,78.33123741752331,,,,,,,,,,
Un6K9jF1,Bachupally,17.53445576,78.35755024,,,,,,,,,,
G5LTetOL,Calvary Temple,17.487207843578677,78.36842358641317,,,,,,,,,,
8lQl3cP7,Bjr Nagar,17.509424885847167,78.57599169015886,,,,,,,,,,
BBBDXomV,Cherlapally,17.472041930269025,78.59005451202394,,,,,,,,,,
7ernY2Vp,Jbs,17.446690508891393,78.49834173357672,,,,,,,,,,
Z788X8qC,Mile Stone,17.49612057685683,78.42859626251979,,,,,,,,,,
TwXhfdq1,Asbestos Colony,17.49380801870474,78.42524885073325,,,,,,,,,,
0pb9nhiG,Bhel Depot,17.519284,78.29078,,,,,,,,,,
G2uqsAfZ,Siddhi Vinayak Nagar,17.45921303,78.38463351,,,,,,,,,,
8uvAUrYJ,Mile Stone,17.5268614950901,78.29850913027614,,,,,,,,,,
IHLmp3eg,Mile Stone,17.539499406241355,78.28538454232894,,,,,,,,,,
XFwYvdtJ,Moulali X Roads,17.461414144247584,78.5583856701851,,,,,,,,,,
osahHRYF,Zts-Moulali,17.45588197059218,78.55551034212114,,,,,,,,,,
eROg1Nld,Moulali X Roads,17.461415044332917,78.55834678583025,,,,,,,,,,
ACdPOUum,Bharath Nagar Moula Ali,17.468439559485898,78.55272352555443,,,,,,,,,,
0BR3DEIi,Rtc Colony Moula Ali,17.462363009137096,78.5513636469841,,,,,,,,,,
5NBIUexD,East Anandbagh,17.457780473327826,78.54398757032617,,,,,,,,,,
U7dpiMGb,Uttam Nagar,17.45993744689212,78.5317325620046,,,,,,,,,,
D63Jsa8e,Mallikarjuna Nagar Malkajgiri,17.448873546850596,78.52696895599367,,,,,,,,,,
6Lv9HjQF,Jyothi Nagar Twd Tukaram Gate,17.443989555741673,78.52524262369006,,,,,,,,,,
yZNO69vs,Tukaram Gate Railway Gate,17.44119962489353,78.5224091994237,,,,,,,,,,
iafkO90E,Shenoy Nursing Home,17.447038942051304,78.50864946842195,,,,,,,,,,
4ahD3TjD,Shenoy Nursing Home,17.44706451693866,78.50851000164349,,,,,,,,,,
HtZZVCJ7,Tukaram Gate Railway Gate,17.44116891929858,78.52239040249013,,,,,,,,,,
t16RDW9D,Jyothi Nagar Twd Anadbagh,17.4442139792484,78.52495195223976,,,,,,,,,,
dEqEUaCZ,Mallikarjun Nagar Twd Ananadbagh,17.4485204750618,78.52721839940945,,,,,,,,,,
Z5H74bXH,Uttam Nagar,17.459916951195797,78.53178083896638,,,,,,,,,,
rQZ52MDC,East Anandbagh,17.45784176707724,78.5439553516123,,,,,,,,,,
aSVU2ikD,Rtc Colony Moula Ali,17.46232208569505,78.55132608656734,,,,,,,,,,
pSKou7zj,Bharath Nagar Moula Ali,17.468476678890884,78.55269134044649,,,,,,,,,,
L8BzEqwH,Ghanpur Village,17.4997,78.2202,,,,,,,,,,
GQZW3wiy,Kondakal,17.48715668546571,78.21763515565763,,,,,,,,,,
SwsCfjyA,Kondakal,17.47599217170966,78.21751693340272,,,,,,,,,,
DOyo3E1o,Kondakal,17.46141249165376,78.19926604511876,,,,,,,,,,
rPHETZra,Mokila Tanda Twd Shankerpally,17.444362393425116,78.19097400085008,,,,,,,,,,
EDkwyDQe,Shankarpally Registration Office Twd Shankarpally,17.45392,78.13762,,,,,,,,,,
dEikxUYh,Bhanoor X Road,17.453268268868516,78.14463450246711,,,,,,,,,,
WHB7kMyR,Mokila Tanda Twd Patancheru,17.444480097999772,78.19090962316626,,,,,,,,,,
HuvfuZHH,Kondakal,17.461424005677166,78.19924324883148,,,,,,,,,,
Oh6rTiQf,Rangapuram-Bommalaramaram,17.564,78.71,,,,,,,,,,
MpHSpkaL,Ramlingam Palle-Bommalaramaram,17.57808480572107,78.6980134276934,,,,,,,,,,
nFRPHop6,Errakunta-Bommalaramaram,17.586977693060923,78.70269119739534,,,,,,,,,,
hiIZieGU,Jalalpur-Bommalaramaram,17.596356338306713,78.7168264345475,,,,,,,,,,
OJg2ADDr,Yuva Defence Academy Twd Veerareddypally,17.591012342916574,78.72223377227785,,,,,,,,,,
KOiAAhpb,Yavapur Thanda-Bommalaramaram,17.58450749674291,78.72875690460206,,,,,,,,,,
cXIqpNub,Khajipet-Bommalaramaram,17.579097337768005,78.73573064804079,,,,,,,,,,
yoBec8mT,Cheekatimamidi-Bommalaramaram,17.59697977774596,78.74888956546786,,,,,,,,,,
4BMNPjR2,Rama Swamy Thanda,17.610381448888504,78.76058131456377,,,,,,,,,,
wqfJ8U53,Madhapur- M Turkapalle,17.63016524172147,78.77482384443285,,,,,,,,,,
DoJzq5N0,Kokia Tanda,17.639633248883527,78.78647804260254,,,,,,,,,,
ftuEf6MN,Jagya Naik Tanda,17.64294337883656,78.79649341106416,,,,,,,,,,
34EFGMqq,Malka Puram-M Turkapalle,17.64753781330609,78.80539298170359,,,,,,,,,,
YaaWCDrL,Ms-Malkapuram Twd Turkapally,17.65213980484148,78.81702303886415,,,,,,,,,,
Fb6mTAZD,M Turkapally,17.653668237023034,78.82549345493318,,,,,,,,,,
RyZHAr9C,K.M.Stone Twd Veerareddypally,17.668,78.818,,,,,,,,,,
Tddrq1Ld,Vasalamarri,17.67507898041515,78.81339266896248,,,,,,,,,,
crqi2mqI,Thirumalapur-M Turkapalle,17.69079901512034,78.81431132555008,,,,,,,,,,
VkW4dpAV,Veerareddypalle-M Turkapalle,17.710926521794946,78.81637394428255,,,,,,,,,,
hutdZy1E,Veerareddypalle-M Turkapalle,17.713716649261897,78.82906079292299,,,,,,,,,,
EO4Tj5gd,Veerareddypalle-M Turkapalle,17.71394660288672,78.82903933525085,,,,,,,,,,
Wc6xzOLB,Veerareddypalle-M Turkapalle,17.710977623420703,78.81644368171693,,,,,,,,,,
KQ4osIOx,Thirumalapur-M Turkapalle,17.69091400664967,78.81439983844759,,,,,,,,,,
mhgTDugI,Vasalamarri,17.675202926568318,78.81330549716951,,,,,,,,,,
0X9uPs9g,Ms-Vasalamarri Twd Thurkapally,17.668016464156768,78.81808519363405,,,,,,,,,,
fKAcQyF4,M Turkapally,17.654527015966597,78.82563829421998,,,,,,,,,,
lUQtjJDE,M Turkapally,17.65338708826452,78.82559537887575,,,,,,,,,,
JXUDb5ge,Ms-Turkapally Twd Keesara,17.652,78.817,,,,,,,,,,
Rv6Bc0sQ,Malka Puram-M Turkapalle,17.647293720038807,78.80529642105103,,,,,,,,,,
X1MXVEbF,Kokia Tanda,17.639482456572452,78.78651022911073,,,,,,,,,,
O2sbMcXC,Madhapur- M Turkapalle,17.629993974279706,78.7749767303467,,,,,,,,,,
bIKefCJ1,Rama Swamy Thanda,17.610253687838505,78.76061350107196,,,,,,,,,,
xdPvt9HM,Cheekatimamidi-Bommalaramaram,17.596831489122824,78.74890029430391,,,,,,,,,,
r3XoTHIR,Khajipet-Bommalaramaram,17.57969557670398,78.73592375129769,,,,,,,,,,
xwoqDZmV,Yavapur Thanda-Bommalaramaram,17.58439526534036,78.72868180274965,,,,,,,,,,
ocktb2FM,Jalalpur-Bommalaramaram,17.596258752879468,78.71690148412405,,,,,,,,,,
7In07HaS,Errakunta-Bommalaramaram,17.58634364336384,78.70269656181335,,,,,,,,,,
9nOITAWn,Rangapuram-Bommalaramaram,17.563,78.71,,,,,,,,,,
dGAMNXqK,M.R.O Office Police Station Twd Ecil,17.522921330845588,78.65895912051202,,,,,,,,,,
EUHi6UUy,Nagarjuna Colony-Kushaiguda,17.48,78.582,,,,,,,,,,
2sEW07CI,Maisammaguda,17.562333163440414,78.45395923034225,,,,,,,,,,
pQbjMk2j,Dulapally,17.546658212003454,78.46688345074655,,,,,,,,,,
ZWT6ml6Z,Mile Stone,17.397626684482148,78.35009861026829,,,,,,,,,,
A6BA8Fxp,My Home Avtar,17.398881043193423,78.35541451986785,,,,,,,,,,
ttBFODpw,Sr Nagar,17.440269,78.442599,,,,,,,,,,
wb9ghXRP,Rajpushpa,17.3959,78.3545,,,,,,,,,,
Pty1niHl,Smr Vinay Iconia,17.46783,78.33467,,,,,,,,,,
YoVdNTMy,Chirec School,17.463220141408765,78.34756135940553,,,,,,,,,,
A5VcZ1A7,Erragadda,17.459098193970824,78.43235136206441,,,,,,,,,,
Dl9PxnnL,Nrr Puram,17.450616111308438,78.40531919600117,,,,,,,,,,
aaXbZ4bZ,Ag Colony,17.44818168404349,78.42921831989887,,,,,,,,,,
EoyaofRY,Janmabhumi Colony,17.4156,78.3661,,,,,,,,,,
DImLALt2,Edunagulapally,17.462554907982618,78.23856711387634,,,,,,,,,,
8gdPAohF,Park View Appartment,17.41460181762332,78.48583728079413,,,,,,,,,,
4W7AHolA,Ntr Stadium,17.411324516337334,78.48473808216856,,,,,,,,,,
ebTSHfle,Bolakpur,17.421763101316948,78.49694297585337,,,,,,,,,,
mUbbI4WL,Lalaguda Market,17.439175549185986,78.52902084682354,,,,,,,,,,
klyu6WPn,Lalaguda Market,17.439091134668455,78.52900207027136,,,,,,,,,,
rw66fawX,Kusaiguda Bus Depot,17.468296338214905,78.56563566061543,,,,,,,,,,
9c7dnHNl,Ravirala Milstone Twd Kongara,17.207377371737806,78.53421092033388,,,,,,,,,,
VYQJVuq7,Kongara Milstone Twd Ravirala,17.207228765512088,78.53422164823643,,,,,,,,,,
E58BnVjX,Sanat Nagar Ps,17.4564,78.4426,,,,,,,,,,
81FrZVMI,Erragadda,17.45611228265756,78.43418538257079,,,,,,,,,,
A6eHUbdc,Suchitra X Road,17.499307969080142,78.47625910737943,,,,,,,,,,
Rhua1bWo,Bank Colony X Rd Suchitra,17.501078150565085,78.47250804305078,,,,,,,,,,
GKcjRqGW,Godavari Homes Suchitra,17.503253748089126,78.46910699960834,,,,,,,,,,
kbs5MRdg,Chermas Suchitra,17.5050661114654,78.46755266189577,,,,,,,,,,
Olyx06Hj,Jairamnagar,17.50761667095008,78.46235994227168,,,,,,,,,,
jN9zttVG,Ayodhya Nagar,17.510036231401198,78.45781087875368,,,,,,,,,,
kXGMDMvJ,Ayodhya Nagar,17.51042503587123,78.45744609832765,,,,,,,,,,
EKblUEIB,Jairamnagar,17.507775009959854,78.46244573593141,,,,,,,,,,
LcThE1p9,Chermas Suchitra,17.505124945384054,78.46770286560061,,,,,,,,,,
UulwUUq9,Godavari Homes Suchitra,17.503324127207005,78.46910565858165,,,,,,,,,,
MwR9HOcs,Mile Stone,17.516683074336285,78.3346074367552,,,,,,,,,,
rt705acc,Rangapuram-Bommalaramaram,17.565493840010348,78.7142835644026,,,,,,,,,,
yqlfHu7V,Bommalaramaram,17.56447097929157,78.73477578163148,,,,,,,,,,
o9b7GQoF,Bommalaramaram,17.563937810850227,78.7400369346142,,,,,,,,,,
DIoIsz2z,Mile Stone,17.586,78.74,,,,,,,,,,
jtbmfLGb,Rs Pally-Mturkapalle,17.677727951418852,78.80079024388634,,,,,,,,,,
vwOpQtAn,Kondapur-M Turkapalle,17.687489941545927,78.78725051879884,,,,,,,,,,
mc5EJjHS,Kashireddypally-Markook,17.698825190909147,78.77906173467636,,,,,,,,,,
MF1cGqhw,Mile Stone,17.7051774959812,78.77822756767273,,,,,,,,,,
r7Sem7iE,Srinivasapuram-Aleru,17.71,78.785,,,,,,,,,,
H5drFyFd,Dharmaram-Jagdevpur,17.71632001450644,78.78817853010324,,,,,,,,,,
cMdHS8kY,Mile Stone,17.705243930220238,78.77835631370546,,,,,,,,,,
JgyeYjBP,Kondapur-M Turkapalle,17.687574297494436,78.78728538751604,,,,,,,,,,
EM0ZUnd0,Rs Pally-Mturkapalle,17.678,78.801,,,,,,,,,,
7nDeObV1,Rangapuram-Bommalaramaram,17.565406978102192,78.71431577196407,,,,,,,,,,
l78ME7fO,Plaza,17.443734831834043,78.49049091339111,,,,,,,,,,
9xWJFapk,Mudfort,17.45709991134629,78.49503725767137,,,,,,,,,,
HPTWBb6F,Bowenpally Market,17.468921849992288,78.49482133448763,,,,,,,,,,
9hjL75Ya,Mahatma Nagar-Bowenpally,17.46899604400381,78.48334684967995,,,,,,,,,,
rlbZVnBb,Dubai Gate,17.4719335142687,78.48438855331524,,,,,,,,,,
Ubp68aIo,Hasmathpet,17.475257178729702,78.48553174400253,,,,,,,,,,
f1fF6TqR,Mallikarjuna Nagar,17.476152280532148,78.48233292729007,,,,,,,,,,
CvSI0nMd,Old Bowenpally,17.476635583878895,78.47886889569023,,,,,,,,,,
TwAdDUGW,Mallikarjuna Nagar,17.476217325394508,78.48235309261253,,,,,,,,,,
AEahHsIQ,Hasmathpet,17.47543249741987,78.48566830158235,,,,,,,,,,
ayG9wOFP,Dubai Gate,17.471746730948265,78.48439584671895,,,,,,,,,,
enDWe7zg,Mahatma Nagar-Bowenpally,17.469039101243137,78.48340116441251,,,,,,,,,,
WKVMpEgT,Nimh Bowenpally,17.469019322809412,78.4902146458626,,,,,,,,,,
nBd4FmSP,Bowenpally Market,17.468827434912367,78.49487900733949,,,,,,,,,,
fNx0jmHd,Diamond Point,17.46232975191705,78.49104747176172,,,,,,,,,,
1zrwZeDW,Ambedkar Open University,17.431521642520053,78.39504726907222,,,,,,,,,,
2gP2c9FH,Police Line-Amberpet,17.386695992323858,78.5166367526751,,,,,,,,,,
H1M3gvHq,Patel Nagar-Amberpet,17.386196217722436,78.52395348219753,,,,,,,,,,
6LBm7pBX,Sangeeth Twd Jbs,17.44244772138834,78.50516527904774,,,,,,,,,,
eLRnpEj2,Vivekananda Nagar,17.459208196594926,78.39943579161435,,,,,,,,,,
21IF3D3F,Allwyn,17.524898484106128,78.27172928470921,,,,,,,,,,
vCzs6zug,Miyapur Metro Station,17.496817,78.371098,,,,,,,,,,
Tepl3Oej,Gpra Quarters,17.44,78.356,,,,,,,,,,
KykwcBgD,Venkatapur X Roads,17.49643265976324,78.50697040480073,,,,,,,,,,
03dkU5wc,Chowdariguda Road Twd Tenugudem,17.42216536582162,78.64886999182856,,,,,,,,,,
6deukSg4,Anurag University Twd Tenugudem,17.420732109958266,78.65689328050424,,,,,,,,,,
2Qqt3DKY,Venkatapur-Majarguda,17.41417058359205,78.66569816978519,,,,,,,,,,
H1rV8v4A,Tenugudem,17.412058895354622,78.6701828670126,,,,,,,,,,
45xNrREj,Venkatapur-Majarguda,17.414047484518253,78.66573572246487,,,,,,,,,,
FC67TZnN,Anurag University Twd  Jodimetla X Road,17.420747946764273,78.65645526287808,,,,,,,,,,
vli9zu46,Chowdariguda Road Twd Jodimetla X Road,17.42221918248217,78.64855081303268,,,,,,,,,,
IbQv35GV,Mudfort,17.45712804654986,78.49508013629806,,,,,,,,,,
ktoX31SC,Ntr Stadium,17.411980556131542,78.48603980202913,,,,,,,,,,
JiHrn13b,Bahadurpura,17.355,78.454,,,,,,,,,,
xg6WKpek,Raj Bhavan,17.42027370389793,78.46208028740357,,,,,,,,,,
sO7L6ftY,Villameeri College,17.422590394050584,78.46226872336096,,,,,,,,,,
1yl5ySc6,Yashodha Hospital-Somajiguda,17.42501144956295,78.457191086152,,,,,,,,,,
ZJZftsfP,Ms-Edulabad Twd Venkirayala,17.41498538509159,78.72372508049013,,,,,,,,,,
VYKDGITi,Venkiryal-Bibinagar,17.411918402127363,78.76093806337957,,,,,,,,,,
XekORoiS,Venkiryal-Bibinagar,17.41188258614339,78.76096755732941,,,,,,,,,,
U2AlvT09,Ms-Edulabad Twd Edulabad,17.41485134368773,78.72388601303102,,,,,,,,,,
QiwoqUY1,Spr Hills,17.46,78.726,,,,,,,,,,
jXBmGLEK,Aiims Bibi Nagar,17.47,78.777,,,,,,,,,,
qh2tTvzT,Bibi Nagar,17.47356676691565,78.79266858100893,,,,,,,,,,
Ayxrae5T,Bibinagar Cheruvu Katta,17.476866491097393,78.79762932627082,,,,,,,,,,
cqdAfvYM,Jain Palle-Bibinagar,17.504655226334545,78.79650950573796,,,,,,,,,,
zyznE3xa,Bibinagar Cheruvu Katta,17.47688249496443,78.79767358147488,,,,,,,,,,
abupv0Hs,Aiims Bibi Nagar,17.469777711127477,78.77738532612379,,,,,,,,,,
ytLk4rgr,Ranigunj-1 Bus Depot,17.43187573662173,78.48681605071107,,,,,,,,,,
d9QPbUrI,Sardar Patel Nagar Malkajgiri,17.45,78.543,,,,,,,,,,
mjIDRwcA,Prashanth Nagar-Maulali,17.44615361752077,78.5444033080148,,,,,,,,,,
CNGvqB4D,Sardar Patel Nagar Malkajgiri,17.45,78.544,,,,,,,,,,
d4Ho2vwL,Mazjid Laxmi Emerald,17.4384513511415,78.5323253273964,,,,,,,,,,
YlENjS5C,Noori Pan Shop,17.437514914697324,78.53399634370038,,,,,,,,,,
snY1bh4m,Shantinagar Lallaguda,17.435746697492444,78.53734912969753,,,,,,,,,,
lC9NVBlU,Shantinagar Lallaguda,17.435708146204078,78.53730350591802,,,,,,,,,,
1pmlHcrL,Noori Pan Shop,17.437489264864332,78.53389442431691,,,,,,,,,,
2n2EUxVL,Mazjid Laxmi Emerald,17.438466704739763,78.53218317031862,,,,,,,,,,
rR6WTLPT,Kanazi Guda,17.484012578134507,78.49690139389928,,,,,,,,,,
4woK7DRR,Indira Nagar-Hasmathpet,17.485348012254864,78.49303901156506,,,,,,,,,,
JxEJeQtK,Green Fields,17.49100809608491,78.49271312634349,,,,,,,,,,
ExSDBfxE,Indira Nagar-Hasmathpet,17.485411971086474,78.4930604690551,,,,,,,,,,
MOxH1GI0,Kanazi Guda,17.484199339008217,78.49714010818629,,,,,,,,,,
Mez2VlDa,Subhash Nagar X Rd Lalbzazar,17.483058331901706,78.49987596273424,,,,,,,,,,
tFQWEsG0,Venkatagiri,17.414362,78.425119,,,,,,,,,,
1t6amxAW,Wipro,17.434136938956524,78.29902947415756,,,,,,,,,,
8NxxGRSs,Tellapur (Bus Pickup),17.4702,78.2882,,,,,,,,,,
XsRYKrvI,Fly Quaters,17.484,78.511,,,,,,,,,,
kMF9l8H1,Nagisettipalle,17.64100141089568,78.66698764334596,,,,,,,,,,
CM5UHe9h,Potharam X Roads,17.65571042337996,78.67924734950067,,,,,,,,,,
x30icy28,Mooduchinthapally,17.652127664143084,78.68886642150257,,,,,,,,,,
PMDbMxjX,Lakshimapur,17.663182307010757,78.70253362652282,,,,,,,,,,
ZgTJj5Ae,Thimmapur-Bommalaramaram,17.639,78.736,,,,,,,,,,
Qdcgdso1,Boinpalle X Road,17.63559970817041,78.74307855504739,,,,,,,,,,
cMR0V4yz,Madhapur X Road,17.646974221321127,78.74464228547018,,,,,,,,,,
4yQHsPRR,Nagaipalle Village,17.65060880911471,78.74252200461153,,,,,,,,,,
yGmchHK2,Gopalpuram,17.67198285373578,78.75439612657294,,,,,,,,,,
BgzMWGR3,Gopalpuram,17.671998187855614,78.75441758331156,,,,,,,,,,
AtLuf3Nz,Nagaipalle Village,17.65060816476106,78.74254144732073,,,,,,,,,,
hYtqRDve,Madhapur X Road,17.646965275490416,78.74466508782523,,,,,,,,,,
1nsfk8zP,Boinpalle X Road,17.63558053191229,78.74310404046713,,,,,,,,,,
pgeLpxJm,Thimmapur-Bommalaramaram,17.642571473264614,78.72760656923526,,,,,,,,,,
p1BvieJb,Lakshimapur,17.6631247823765,78.70248739754477,,,,,,,,,,
lgZefg1W,Mooduchinthapally,17.652128306104803,78.68877187371255,,,,,,,,,,
abTFXejZ,Potharam X Roads,17.655728383038333,78.67931574583055,,,,,,,,,,
UTIBdf6i,Nagisettipalle,17.640975210897185,78.66699098591656,,,,,,,,,,
EOqEbMbL,Gopalpur Milstone1 Twd Kondapur,17.67779427563548,78.76128137111665,,,,,,,,,,
YyOhlMgn,Kondapur-M Turkapalle,17.687285442112415,78.78641098737718,,,,,,,,,,
qYmMl6oN,Kondapur-M Turkapalle,17.687203642273836,78.78637611865999,,,,,,,,,,
dzsInfwO,Kondapur Milstone2 Twd Gopalpur,17.677745720141697,78.76128673522354,,,,,,,,,,
RHq8bFwq,Bhel Metro Colony,17.537373099602313,78.29733208465788,,,,,,,,,,
psNKPl3k,Bhel Metro Water Tank,17.53940910574293,78.28896462698683,,,,,,,,,,
kGguxPyt,Shilparamam,17.453748011647836,78.37936967551481,,,,,,,,,,
g2d8ecJ2,Bitsphilani X Road,17.561149838545585,78.57411816716196,,,,,,,,,,
dOio6rJg,Bits Pilani,17.547370325982197,78.57235200567924,,,,,,,,,,
YPnZrZas,Pothaipally,17.567421921024522,78.53935539878027,,,,,,,,,,
8MT29Wxb,Sai Geetha Asharam,17.581178682897153,78.50094080220246,,,,,,,,,,
4xDclxFR,Mallanna Colony,17.57897204737867,78.4991772394289,,,,,,,,,,
jnwgRQjX,Devar Yamjal,17.567590666452855,78.52319240437824,,,,,,,,,,
Y0oAD5fm,Green Fields,17.49107971602554,78.49271312355997,,,,,,,,,,
ZAnA4Pwo,Surana,17.471228337704773,78.60108375549318,,,,,,,,,,
RYrAhtCx,Chinna Cherlapally,17.47077037047948,78.60858455300334,,,,,,,,,,
1TX7aYKE,Chinna Cherlapally,17.470723038605588,78.60857516527177,,,,,,,,,,
xutE8Tgf,Surana,17.471,78.601,,,,,,,,,,
XJ5K0Oum,Cherlapally,17.472707129034646,78.58951538801195,,,,,,,,,,
Qu5RFHcj,Cheeriyal,17.513126180787435,78.62777709960939,,,,,,,,,,
wnthA4nA,Geethanjali Engg Clg,17.523316784378167,78.62871050834656,,,,,,,,,,
4G8WvMaU,Yadgarpally X Rd,17.53808556911348,78.63110572099687,,,,,,,,,,
qEVby5Kn,Drdo,17.559758073865215,78.62892240285875,,,,,,,,,,
uIpPqUim,Dharmavaram-Keesara,17.547426707827,78.6114853896892,,,,,,,,,,
L7nGKCY4,Thimmaipally,17.546326946294727,78.61655217106717,,,,,,,,,,
GkYXdQkx,Drdo,17.55948956497875,78.62915039062501,,,,,,,,,,
4nDtWBtf,Yadgarpally X Rd,17.537823421944683,78.63108158111575,,,,,,,,,,
Ypsfsbuw,Geethanjali Engg Clg,17.52301463643346,78.62881243228914,,,,,,,,,,
AL8XcSyT,Cheeriyal,17.513177338447388,78.6279594898224,,,,,,,,,,
sOkRlkPj,Annapurna Colony-Ghatkesar,17.458,78.688,,,,,,,,,,
WzKRY0SY,Kondapur-Ghatkesar,17.462855500538176,78.68978708811325,,,,,,,,,,
JQU50HDi,Vignan School-Ghatkesar,17.47776512429011,78.69333699524512,,,,,,,,,,
j42GbuHv,Holy Mery College Twd Keesara,17.48934910298013,78.69314252358362,,,,,,,,,,
03hyXfbr,Holy Mery College Twd Uppal,17.48946677993359,78.69319349642875,,,,,,,,,,
aenarJJa,Vignan School-Ghatkesar,17.477754910022142,78.69336783917072,,,,,,,,,,
hGxarGTb,Kondapur-Ghatkesar,17.468935992065187,78.69222520680184,,,,,,,,,,
iHWdnnvi,Annapurna Colony-Ghatkesar,17.45792608531666,78.68812691135247,,,,,,,,,,
0fvEMmf2,Ymca Secunderabad,17.443494938643372,78.49866896437625,,,,,,,,,,
pxT9JHNc,Padmarao Nagar,17.425548745419885,78.50763827562332,,,,,,,,,,
16q3gfpc,Skandagiri,17.42269522243786,78.50839465794319,,,,,,,,,,
wvFA7vux,Srinivas Colony,17.421020991281658,78.5087587748571,,,,,,,,,,
yYiHoEB8,Bapuji Nagar,17.418278162497028,78.50594580422425,,,,,,,,,,
H4zCLXya,Gangaputra Colony,17.416048419457997,78.50701130347066,,,,,,,,,,
PoYrojWw,Parsigutta,17.415785352808342,78.51005226078067,,,,,,,,,,
FMlvWHrO,Bapuji Nagar,17.41860319191479,78.50958823908782,,,,,,,,,,
FPIhqGJp,Srinivas Colony,17.42096244669674,78.50886605730553,,,,,,,,,,
IWsrvYyN,Skandagiri,17.422649617097136,78.50837055524639,,,,,,,,,,
yK2B8zG2,Padmarao Nagar,17.426400937007095,78.50686948491675,,,,,,,,,,
AQvI5lhd,Telecom Colony,17.49286138812773,78.49773550276085,,,,,,,,,,
Obcbrjfd,Gangaram,17.8196,78.1304,,,,,,,,,,
bMAnJ4qt,Sindihi Colony,17.440854173203952,78.4789909474518,,,,,,,,,,
Wtjnua8E,Patigadda,17.43904544221282,78.47648897896869,,,,,,,,,,
xrvqzGBc,Ashish Garden Bus Stop,17.45755916942138,78.47801730816455,,,,,,,,,,
xzlWznBW,Kakatiya Colony-Chengicherla,17.439537937327923,78.6081543937033,,,,,,,,,,
sSz5mDn7,Vijayanagar Colony,17.395135446081,78.454661222127,,,,,,,,,,
JLLxTcbV,Rns Colony,17.429,78.583,,,,,,,,,,
cvqLl7gh,Km Stone Twd Rg Colony,17.516,78.614,,,,,,,,,,
kQMP3Iwu,Rajiv Gruha Kalpa Colony-Ahmedguda,17.517116434977087,78.60145389288483,,,,,,,,,,
wYsg8NOO,Bvs College X Road- Keshavaram,17.639932361264954,78.66357922606625,,,,,,,,,,
FjKA29TY,Balaji Venkateswara Jr College,17.635770957021524,78.66443210950774,,,,,,,,,,
DIFRR5Sr,Bvs College X Road- Keshavaram,17.639866097196606,78.66363824001276,,,,,,,,,,
JtUpvbva,Guttala Begumpet,17.434152336993115,78.40402721088908,,,,,,,,,,
933GfFpu,Masjid Twd Koti,17.426088725251986,78.43699690886258,,,,,,,,,,
hEng9Qxy,Masjid Twd Hitechcity,17.426045215747504,78.43725973106149,,,,,,,,,,
NHOecwgm,Guttala Begumpet,17.43440818392024,78.40407014655007,,,,,,,,,,
tDA2jebJ,Mayuri Nagar,17.514645,78.372589,,,,,,,,,,
8WMArdC7,Lingapur Tanda-Shamirpet,17.641292164500733,78.68870616021402,,,,,,,,,,
pRXJY4GH,Lingapur Tanda-Shamirpet,17.64127,78.6888,,,,,,,,,,
8iF6XhdH,Icici Turkapally Twd Kolthur,17.66525882282074,78.60717504975445,,,,,,,,,,
a7nPBzTv,Icici Turkapally Twd Secunderabad,17.66523072259952,78.60717102908583,,,,,,,,,,
nJ0HhAkG,Court Complex,17.465003561877065,78.39030685844446,,,,,,,,,,
3oMaKmK1,Lambadithanda,17.440615,78.3039,,,,,,,,,,
O6ZxE35t,Wipro Twd Khanapur,17.434123004,78.299110808,,,,,,,,,,
lxpgOwe2,Vatti Nagulapally,17.425968447998564,78.29628824876518,,,,,,,,,,
cEUYJJNP,Vatti Nagulapally,17.425994039237633,78.29623326464723,,,,,,,,,,
9lbVuLzW,Sunshine Colony,17.506173766364064,78.60054600979778,,,,,,,,,,
tSQiDfDA,Bibi Nagar,17.47010004765903,78.79400968551637,,,,,,,,,,
kEhLYCmj,Brahmanapally Bibinagar,17.438,78.819,,,,,,,,,,
VxxNDUqD,Lakshmidevigudem Twd Nagireddypally,17.434679444681123,78.81908297736692,,,,,,,,,,
xEEdvOW8,Hindustan Bc Colony Twd Nagireddypally,17.42409484889605,78.8233148361311,,,,,,,,,,
woulm5vE,Chinnaravulapally,17.422,78.827,,,,,,,,,,
7Zfqx3HQ,Battugudem,17.4207637801844,78.83900105953217,,,,,,,,,,
IOY7e8jl,Mamillagudem Bibi Nagar,17.416340969319933,78.8491558935276,,,,,,,,,,
0j2mGg4v,Gurrala Dandi,17.414629979920203,78.85133083730554,,,,,,,,,,
zrgPddeD,Kotha Tanda-Bibinagar,17.41080254314106,78.86495941001463,,,,,,,,,,
0DdXY6rE,Jampalle,17.407,78.881,,,,,,,,,,
UjmFD3FV,Reddy Naik Tanda-Bibinagar,17.41288101,78.89044583,,,,,,,,,,
FAPYP9gG,Sirivenikunta,17.409470051932658,78.91160585883156,,,,,,,,,,
8tXfFs6Y,Bollepally,17.406108591597793,78.92399489728706,,,,,,,,,,
jAzvVsbz,Vijayanagarm-Bhuvanagiri,17.423455386646747,78.93264234134529,,,,,,,,,,
GDCnEsuT,Nagireddypally,17.4296775179915,78.9378595724701,,,,,,,,,,
YGWtZVl2,Nagireddypally,17.4297213418238,78.9376205205917,,,,,,,,,,
Cah9bqGR,Vijayanagarm-Bhuvanagiri,17.423319751993905,78.93265843368583,,,,,,,,,,
XXcwxwmf,Bollepally,17.406302929308165,78.92490682420755,,,,,,,,,,
yXOXpx5H,Sirivenikunta,17.409246469505092,78.91142606994067,,,,,,,,,,
qxhMfsEF,Jampalle,17.407,78.881,,,,,,,,,,
t46odZkU,Kotha Tanda-Bibinagar,17.4107360007897,78.86490583495927,,,,,,,,,,
H2gV0Y6j,Gurrala Dandi,17.41466646448724,78.85128959975665,,,,,,,,,,
wRSHHv5N,Mamillagudem Bibi Nagar,17.416159188699357,78.8491746682128,,,,,,,,,,
HhCAqROY,Battugudem,17.42078143432018,78.838781119902,,,,,,,,,,
zEm2YgbZ,Chinnaravulapally,17.422,78.827,,,,,,,,,,
5oZ769mM,Hindustan Bc Colony Twds Secundrabad,17.424,78.823,,,,,,,,,,
asVT9slk,Lakshmidevigudem Twd Secundrabad,17.434794599017547,78.81898105030307,,,,,,,,,,
K0aCY7gW,Brahmanapally Bibinagar,17.437,78.819,,,,,,,,,,
06F1LxVt,Bibi Nagar,17.469974681666727,78.79381120204927,,,,,,,,,,
yDkSMUtI,Addagutta Petrol Bunk,17.44486771985506,78.51396963000298,,,,,,,,,,
QtjWb2h0,Rio-Point,17.443,78.519,,,,,,,,,,
Q9L2a991,Goutham Nagar Safilguda,17.453,78.529,,,,,,,,,,
Lrzmwn70,Safilguda Rly Gate,17.462002250673127,78.53285909508068,,,,,,,,,,
5mnbbjoo,East Maredpally,17.44904248218355,78.50896328687669,,,,,,,,,,
CKdngtOs,East Maredpally,17.4454833202474,78.5082069039345,,,,,,,,,,
6GcHqENg,Rathifile In,17.4345705,78.504878,,,,,,,,,,
yxaS0vFF,Safilguda,17.462,78.533,,,,,,,,,,
gYidQXQJ,Km Stone Venniguda Twd Bogaram,17.513911405120403,78.68135690856569,,,,,,,,,,
BSrRCBqS,Km Stone Twd Keesara,17.51388839654793,78.6812550370928,,,,,,,,,,
wBas4JJY,Badesha Guda,17.50080699674207,78.70382308959961,,,,,,,,,,
jkQ9f3nj,Km Stone Twd Ecil,17.517,78.614,,,,,,,,,,
9FbdQDFW,My Villas,17.4506775218755,78.59816011172865,,,,,,,,,,
sqKHVSKU,Reddy College,17.395042359533576,78.49327051456153,,,,,,,,,,
2sXkITgU,Reddy College,17.395243148014266,78.49322814417673,,,,,,,,,,
5TeB4xFI,Womens Hostel-Rnj,17.5113909206,78.361578159,,,,,,,,,,
JqLFUyjE,Police Lines Begumpet,17.443190438844198,78.47770217316933,,,,,,,,,,
GHPz3LyX,Shakti Sai Nagar,17.441806074033238,78.58151167957872,,,,,,,,,,
vEobImtc,Nacharam Ida Twd Nacharam,17.43526,78.57296,,,,,,,,,,
LDXvwrqj,Karkapatla,17.68304587393437,78.72778589981824,,,,,,,,,,
PoV8Vybf,Damarkunta-Mulugu,17.705954249136894,78.75104606151581,,,,,,,,,,
iSDhVFbc,Kashireddypally-Markook,17.69920342427491,78.77935945987703,,,,,,,,,,
MrPh9VUG,Damarkunta-Mulugu,17.70582650633988,78.75116944313051,,,,,,,,,,
eZkdXW8H,Karkapatla,17.683048400457913,78.72787981379413,,,,,,,,,,
JUMncv7J,Sai Dhamam Kaman,17.554518242812073,78.70336174964906,,,,,,,,,,
QwgSsbpX,Peerlapally,17.739009780041865,78.81393849849702,,,,,,,,,,
WbkOu5yq,Ms-Zp School Twd Guruvannapeta,17.755154638602622,78.812313079834,,,,,,,,,,
kvCgScNG,Jagdevpur Bus Station,17.767737421813543,78.80629956722261,,,,,,,,,,
tzqJi0Lq,Ms-Gollapally Twd Guruvannapet,17.788252151759096,78.81352007389069,,,,,,,,,,
IfYvxWxy,Gollapalle-Jagdevpur,17.80517901857718,78.81589385426484,,,,,,,,,,
UEfWONZA,Munigadapa,17.813059790060873,78.81905615329744,,,,,,,,,,
Z0wOlqDW,Wattipalle-Jagadevpur,17.827030105425614,78.84820097066181,,,,,,,,,,
wy2th0A9,Chatlapalle,17.846070038006474,78.85549127153192,,,,,,,,,,
WZNMBPgS,Kondapochamma,17.865059464662984,78.86711061000825,,,,,,,,,,
xQ3ODCdY,Guruvannapeta,17.877593130813295,78.8586295527192,,,,,,,,,,
QiFe7Eyt,Wattipalle-Jagadevpur,17.826616574271807,78.84774495477718,,,,,,,,,,
McJOhLu7,Munigadapa,17.813064898958313,78.81911784410478,,,,,,,,,,
qQOIYp2r,Gollapalle-Jagdevpur,17.805140733438687,78.81590994370954,,,,,,,,,,
bhfENhP9,Ms-Gollapally Twd Turkapally,17.788354310854114,78.8136273622513,,,,,,,,,,
atopDYYa,Ms-Zp School Twd Turkapally,17.75524148991636,78.81234258413316,,,,,,,,,,
WDOAuxbl,Peerlapally,17.738815624150092,78.81399616599083,,,,,,,,,,
awORygLf,Jnnurm Colony-Bogaram,17.49922611073672,78.67124497968514,,,,,,,,,,
2sGAk3kV,Rajiv Gruha Colony,17.501057,78.394969,,,,,,,,,,
ul9mh93J,Jnnurm Colony Bachupally,17.550032693716954,78.3807295560837,,,,,,,,,,
IgXRU8TA,Ashoknagar Rtc X Rd,17.408998213110475,78.48979085683824,,,,,,,,,,
7kqAm5SP,Ashoknagar Rtc X Rd,17.409279740955043,78.48945692181587,,,,,,,,,,
5z4uZRNW,Shakti Sai Nagar,17.441747769668595,78.5815680471975,,,,,,,,,,
k2bVmVXQ,Bolliguda,17.433860566972655,78.59242390718723,,,,,,,,,,
0XmwhZv3,Thirumalgiri,17.471193,78.509826,,,,,,,,,,
XyegHCW5,Ntpc Annojiguda,17.43589756934213,78.66229711313927,,,,,,,,,,
jYsxAa2f,Rajiv Swagruha,17.431,78.67,,,,,,,,,,
ReGLNvjS,Ntpc Annojiguda,17.435797652797454,78.66200745105746,,,,,,,,,,
wIiNMkpJ,Pilligundla,17.42238,78.2101,,,,,,,,,,
FAWHxv2m,Pilligundla,17.42255,78.21018,,,,,,,,,,
ZXKNX5XB,Subguard Room,17.538232627326916,78.51892769243352,,,,,,,,,,
Xpik5Wrf,Turkapally-Bollaram,17.54771738066415,78.51345623903137,,,,,,,,,,
DBtttMsY,Subguard Room,17.538232627115395,78.51900279086313,,,,,,,,,,
rdsFjozH,Hakeempet,17.545870208166026,78.53514432907106,,,,,,,,,,
anRapeHF,Jonnabanda,17.520258044000958,78.50439079210875,,,,,,,,,,
YEeFv3qk,Noble School,17.5107933167,78.578104496,,,,,,,,,,
IeNtqDmC,Gabbilalpet,17.5184918221,78.5796972387,,,,,,,,,,
e0bDAgyD,Prajay Water Front,17.65776779877048,78.59904661611276,,,,,,,,,,
1B3YHV6Z,Ramalayam Bahadurpally,17.559703093506602,78.43868538737297,,,,,,,,,,
iC5tZZCW,Bulkapur,17.444877359139003,78.15889745756219,,,,,,,,,,
OFSU0oz8,Rajivgruhakalpa Bus Stop,17.45898,78.1502,,,,,,,,,,
vx33tKOE,Lalsahebguda,17.538319497730445,78.40994685964418,,,,,,,,,,
OqxSnL4E,Madaram-Ekiraya,17.412074499717498,78.75105946960483,,,,,,,,,,
GMsoyyez,Padamati Somaram,17.43442258844333,78.76419123326346,,,,,,,,,,
IAjYkHLW,Kunta,17.450229734999088,78.77996832116781,,,,,,,,,,
qy2nfPqG,Padamati Somaram,17.436631303776288,78.7649734312033,,,,,,,,,,
g0w3puOZ,Madaram-Ekiraya,17.41209753058851,78.75115335112106,,,,,,,,,,
zEirWk7F,Annojiguda,17.433064752999744,78.65500152095495,,,,,,,,,,
dcv8qeRA,Potharaju Gudem,17.409164653278463,78.72341930866243,,,,,,,,,,
4dRf0y72,Maktha Anantharam,17.393,78.739,,,,,,,,,,
fwUTYepc,Julur,17.3859601104504,78.78489288247071,,,,,,,,,,
9tgc8EtG,Julur,17.382422826120933,78.78631709139172,,,,,,,,,,
M8yKO3G0,Guvvaleti X Roads,17.377477274968697,78.73347758466515,,,,,,,,,,
PBRqBLhZ,Dindigal Double Bed Room Stage,17.599535906614573,78.43098227116386,,,,,,,,,,
QhjHN9fV,Indresam X Road,17.543825907305777,78.26134979724885,,,,,,,,,,
s36L46Pq,Rameshwar Banda,17.5472438576065,78.27219396860721,,,,,,,,,,
JYml9tXs,Ellenki College,17.549058269674898,78.28354239463808,,,,,,,,,,
gPHG37R6,Wadakpalle,17.5607,78.3001,,,,,,,,,,
bO2iK4iZ,Bommanakunta,17.566074322860395,78.30254581382033,,,,,,,,,,
XRIoCZLJ,Janakampet-Madharam,17.577,78.3079,,,,,,,,,,
lsFioSNC,Madharam-Jinnaram,17.585694194261915,78.3088865569705,,,,,,,,,,
JmFQVJug,Ootla X Road,17.630576793951203,78.31999362137375,,,,,,,,,,
vWZM9r34,Bonthapally Temple,17.660962625543107,78.34934232627685,,,,,,,,,,
FyInjeRT,Bonthapalle-Jinnaram,17.66602363240786,78.37273050185865,,,,,,,,,,
i06PMTjU,Madharam-Jinnaram,17.585770915965337,78.30904482756206,,,,,,,,,,
4Hj6Drf6,Janakampet-Madharam,17.57694948465227,78.30795049387311,,,,,,,,,,
0Hk2rY76,Bommanakunta,17.566097335757036,78.30270853721234,,,,,,,,,,
PmehdscF,Wadakpalle,17.560880761875165,78.30026865005495,,,,,,,,,,
lbsnCxTk,Rameshwar Banda,17.547225956106896,78.27220335548309,,,,,,,,,,
sx69oCEC,Indresam X Road,17.543736474245833,78.26136589050294,,,,,,,,,,
35Gk0DZM,Priceton College Of Engg,17.44471400623298,78.71832154819577,,,,,,,,,,
jzT7YTvM,Ankushapur-Ghatkesar,17.447555808024113,78.72760087243887,,,,,,,,,,
dMe40PcB,Ankushapur Gate,17.45256585730195,78.72740775253408,,,,,,,,,,
HLDv4XFS,Aushapur Gatkesar,17.459725085766394,78.73626173240963,,,,,,,,,,
PcfwJypY,Priceton College Of Engg,17.4447116722206,78.71836870636469,,,,,,,,,,
6zX1Am92,Ankushapur Gate,17.45263756463965,78.72732997391806,,,,,,,,,,
msqkNDZR,Nalsar Law University,17.602640221076303,78.54649543699973,,,,,,,,,,
fLbvl89G,Haridaspalle,17.52681674470185,78.6025217459299,,,,,,,,,,
wFjinmAv,Rg Kalpa X Rd,17.525241514435717,78.60656618649024,,,,,,,,,,
K4Dm5uNm,Rajiv Gruha Colony,17.517,78.601,,,,,,,,,,
AeCxbKtK,Ms-Malyal Twd Malyal,17.568573,78.74723,,,,,,,,,,
QpS3yStV,Malyala-Bommalaramaram,17.57613640740262,78.75258028507234,,,,,,,,,,
Wh5gn4kw,Hazipur-Bommalaramaram,17.56102966749843,78.77056382588042,,,,,,,,,,
hi5PmO27,Malyala-Bommalaramaram,17.576069903219242,78.75262051820756,,,,,,,,,,
JinaGZvz,Ms-Bommalaramaram Twd Bommalaramaram,17.568552,78.747314,,,,,,,,,,
vfjrq7NI,Venkatapur-M Turkapalle,17.644016920765974,78.86620395669254,,,,,,,,,,
quIuUJZE,Dattaipalle-Turkapalli,17.652334054467218,78.88466298580171,,,,,,,,,,
Ib4yREj4,Mallapur-Yadagirigutta,17.631139207070888,78.91050338745119,,,,,,,,,,
ZlIo5akU,Yadagirigutta Bus Depot,17.58272648720571,78.94509406568349,,,,,,,,,,
bKRNaXTs,Yadagirigutta Bus Station,17.599150403700055,78.93517701791072,,,,,,,,,,
A013diQ6,Mallapur-Yadagirigutta,17.63120057606766,78.91046315431596,,,,,,,,,,
kRsT6YyX,Dattaipalle-Turkapalli,17.652275268418393,78.88483196496965,,,,,,,,,,
0PyRdAGi,Venkatapur-M Turkapalle,17.643866066833624,78.86615569272026,,,,,,,,,,
tlCR1N7F,Ms-1 Bommalaramaram X Road Twd Kazipet,17.567938453710976,78.73459339141846,,,,,,,,,,
FXPoxt8Q,Ms-2 Bommalaramaram X Road Twd Kazipet,17.57248493601218,78.73434659187828,,,,,,,,,,
6kjRXLmZ,Singaipally,17.547408672927457,78.54381357018691,,,,,,,,,,
VOzM7prv,Thumukunta,17.59103280660088,78.6979195306377,,,,,,,,,,
ELHkPIPM,Kesavapuram-Shamirpet,17.58882883636909,78.69137227473878,,,,,,,,,,
GXRBqbXl,Thumukunta,17.591135106881595,78.69798123441714,,,,,,,,,,
XDuzCqhx,Bandakadi Palle-Bommalaramaram,17.60733411330761,78.70106041431428,,,,,,,,,,
nWuDiSNs,Usharpally-Hyderabad,17.610698505398585,78.69293332099915,,,,,,,,,,
kwg5PoEp,Usharpally-Hyderabad,17.610752191998124,78.69282066822053,,,,,,,,,,
mp0tfQdc,Bandakadi Palle-Bommalaramaram,17.607387800907738,78.70094776153564,,,,,,,,,,
LSwmLzGP,Pallegudem,17.41183074391569,78.77764288926944,,,,,,,,,,
g7LTsgh2,Aliyabad Sc Colony,17.621371598653123,78.60328316688539,,,,,,,,,,
TlhYQB2C,Safilguda,17.462,78.533,,,,,,,,,,
nkR7JK8k,Laxmapur Thanda,17.66954987123281,78.68556259071165,,,,,,,,,,
YpbF1nPq,Erragadda,17.451542381537113,78.43476531836079,,,,,,,,,,
UosBGU1k,Vardarajpur,17.73562990466253,78.7657526116398,,,,,,,,,,
0SJboWgR,Erravalle,17.75968617736832,78.75653375576712,,,,,,,,,,
yRjqehES,Itikyal,17.765809930130516,78.77578017406792,,,,,,,,,,
k9iIItf9,Lingreddypally-Jagadevpur,17.76619818307487,78.79456644600549,,,,,,,,,,
fhnCKm69,Lingreddypally-Jagadevpur,17.766130777931632,78.79457294813972,,,,,,,,,,
JGE4QDhp,Itikyal,17.76574507907865,78.7757532362055,,,,,,,,,,
2CGNnaku,Vardarajpur,17.735606912093477,78.76580892660094,,,,,,,,,,
Wt1CQE0r,Uddamarri,17.61737609557683,78.6781167984009,,,,,,,,,,
TyzK8aH7,Alirajapet,17.78706582498854,78.77978459000589,,,,,,,,,,
I3w9lJmM,Ganesh Pally-Jagdevpur,17.8044283161923,78.74929189682008,,,,,,,,,,
aBUCRvp8,Teegul,17.819004506512382,78.76904392526728,,,,,,,,,,
dE2yypbf,Ganesh Pally-Jagdevpur,17.804571325947997,78.74935626983643,,,,,,,,,,
kDbBTKwA,Alirajapet,17.787104773409133,78.77973698079586,,,,,,,,,,
l9a0FdnW,Jameelapet,17.494028041401055,78.72532099138854,,,,,,,,,,
9ntsra8z,Km Stone Jiyapally Tws Jiyapally,17.501559075482515,78.72822313230154,,,,,,,,,,
kxXI7iIS,Jiyapally,17.50600489099734,78.73461485255602,,,,,,,,,,
S8IEJoFd,Km Stone Jiyapally Tws Aushapur,17.501599980323736,78.72828216804572,,,,,,,,,,
oUqxzvaD,Pedda Parvathapur,17.54395628787392,78.71682644201549,,,,,,,,,,
r6w5hfdD,Bommalaramaram,17.56388347105278,78.74006845057013,,,,,,,,,,
XGnUwOJl,Solipeta-Bommalaramaram,17.60442728941185,78.74077320098878,,,,,,,,,,
VQjMZWAo,Pyararam-Bommalaramaram,17.610053,78.725293,,,,,,,,,,
EntwbBNs,Ramuni Tanda,17.61815822157519,78.7519902126252,,,,,,,,,,
hAFy7VbW,Ramuni Tanda,17.617989553236683,78.75199019908908,,,,,,,,,,
rH6c9xXi,Solipeta-Bommalaramaram,17.604419619629905,78.74078728258611,,,,,,,,,,
GwRAP6U9,Pedda Parvathapur,17.54392559810654,78.71688008744044,,,,,,,,,,
6PIcO8hp,Sai Dhamam Kaman,17.554454310311066,78.70371580386929,,,,,,,,,,
FUZGfnOG,Ivy League Academy,17.577819121658635,78.60310077667238,,,,,,,,,,
MmlTjshZ,Ivy League Academy,17.577732156534918,78.60298812389377,,,,,,,,,,
L4noKXAf,Babaguda X Roads,17.57847839303296,78.588984310627,,,,,,,,,,
FoF01h1z,Pathakota Markendeyanagar,17.356,78.813,,,,,,,,,,
elJ2sdg6,Bhoodan Pochampally,17.34852355747559,78.8209041469224,,,,,,,,,,
WTqNqrjM,Pathakota Markendeyanagar,17.35595319601012,78.81302116558862,,,,,,,,,,
YHkGN8cR,Premnagar-Hafizpet,17.478484610940004,78.34972865006337,,,,,,,,,,
TJNfZ4qG,Vasanth Vihar Colony,17.412,78.545,,,,,,,,,,
OgHDeDSt,Street No 8,17.405,78.544,,,,,,,,,,
9w9MbPiS,Srinivas Puram,17.39,78.53,,,,,,,,,,
Am4PmLeF,Venkatareddy Ramanthapur,17.386,78.528,,,,,,,,,,
35qSj10f,Srinivas Puram,17.39,78.532,,,,,,,,,,
DHzdhyWw,Street No 8,17.405,78.544,,,,,,,,,,
KAYsvEwm,Vasanth Vihar Colony,17.412,78.545,,,,,,,,,,
O40bGn6F,Infosys Pocharam,17.446225146593182,78.63570034503938,,,,,,,,,,
NP8QcC7k,Sanskruti Township,17.44315469522885,78.6501011193282,,,,,,,,,,
Y3NZFyGu,Vikasnagar,17.503956331001838,78.60535432824277,,,,,,,,,,
n2v2Idx4,Ashoknagar,17.95224212,79.95350286,,,,,,,,,,
RQuX2cGb,Lingam Palle-Nuthankal,17.312037262385957,79.75553870376207,,,,,,,,,,
UJWNDZAs,Mahindra,17.44943230971052,78.51402955833161,,,,,,,,,,
RfISwMJl,Ravi Society,17.454657638058517,78.5185334,,,,,,,,,,
nvcJWrFM,Mile Stone,17.481075633497507,78.48318994054029,,,,,,,,,,
mfgf9Gl7,Samathanagar Bowenpally,17.483483008415302,78.48386317040342,,,,,,,,,,
7UeKeWZL,Mile Stone,17.481057725155374,78.483206033619,,,,,,,,,,
cS84m4IS,Gudur (Bngr),17.489,78.828,,,,,,,,,,
0iGqyur1,Anantharam (Bngr),17.49791909653342,78.84197301263016,,,,,,,,,,
TvYbQcEG,Gudur (Bngr),17.488819543432786,78.8283768194721,,,,,,,,,,
biEPQKF6,Suraj Nagar,17.43270646834409,78.59795091124842,,,,,,,,,,
JxcTERsj,Reddy Naik Tanda-Bibinagar,17.407541119629332,78.88946825158035,,,,,,,,,,
oRvxvMLp,Tekulasomaram,17.4053677447291,78.9585095643997,,,,,,,,,,
NfoqeCI4,Pallevampu,17.418225856790063,78.96180191895176,,,,,,,,,,
5seXgOC0,Pahalwanpurm,17.42750902479785,78.97607414680098,,,,,,,,,,
4GqyhX1K,Raheem Khan Guda,17.451112512819016,78.79465342055221,,,,,,,,,,
EKp3LW1a,Rudra Velly Bibinagar,17.409,78.786,,,,,,,,,,
bft9ruBS,Raghavapur-Bibinagar,17.422009464601015,78.79056036005571,,,,,,,,,,
z55YJ9r8,Annojiguda,17.43348154707152,78.65472795166052,,,,,,,,,,
2F9Gcjuo,Singapore Township,17.43808030512613,78.65356922106874,,,,,,,,,,
WpTby1yW,Ambedkar Nagar Boduppal,17.428120572177683,78.57679792767392,,,,,,,,,,
YWQZsqlI,Kendriya Vidyalaya Gachibowli,17.4399,78.3557,,,,,,,,,,
nrtJcmVW,Devender Nagar Colony,17.387887,78.551374,,,,,,,,,,
cEq4TJnO,D Mart,17.386738,78.548685,,,,,,,,,,
1oJ7o8hP,Bala Krishna Nagar,17.389354,78.540827,,,,,,,,,,
QzrUjBf8,Sri Nagar Colony,17.386817,78.535262,,,,,,,,,,
woDvGtOd,Kamakshi Puram,17.385189,78.532514,,,,,,,,,,
0snHwxbc,Ram Reddy Nagar,17.383083,78.53025,,,,,,,,,,
dTnFOap8,Koti Medical College,17.366173828136613,78.4826370946243,,,,,,,,,,
mabTAsMw,Rayagiri,17.539465,78.94111,,,,,,,,,,
fPeM4R2m,Chandupatla-Bg,17.504498235419206,78.98141830910659,,,,,,,,,,
wt5T13KV,Banda Somaram,17.4908176,78.98515361,,,,,,,,,,
BXHrIG0k,Veeravally,17.486199905252032,79.00838255882262,,,,,,,,,,
jRajDTi6,Puligilla,17.46071087,79.02981068,,,,,,,,,,
szXRVuGN,Goligudem,17.4466689,79.02881604,,,,,,,,,,
auxUHBnc,Rayagiri,17.539352,78.940844,,,,,,,,,,
xmTc9CLz,Gudur (Bngr),17.48904468389739,78.82810594907389,,,,,,,,,,
JLxIcMjZ,Bibi Nagar,17.4763759123922,78.79699230194089,,,,,,,,,,
qoW76Eir,Balaji Temple-Chilkanagar,17.40974667331209,78.57112078863048,,,,,,,,,,
RQksDu9y,Balaji Hills Chilkanagar,17.41481680931599,78.57105374414033,,,,,,,,,,
WzaoC9D2,Balaji Temple-Chilkanagar,17.410098548789218,78.57118249577405,,,,,,,,,,
tZO3dOxA,Bandam Kommu,17.513205473865288,78.3184808661862,,,,,,,,,,
8dgJh38W,Ameenpur,17.5233,78.3237,,,,,,,,,,
enRDk2ug,Narendra Nagar Colony,17.533618785319405,78.31999897851638,,,,,,,,,,
x4FDAsXy,Ameenpur,17.5246746381127,78.32099944353105,,,,,,,,,,
INkUZYxD,Bandam Kommu,17.513146643430094,78.31853984977406,,,,,,,,,,
XJM4PqGy,Yellampet X Road,17.673,78.487,,,,,,,,,,
rQBIlvkP,Kallakal,17.710267387900824,78.47569585219895,,,,,,,,,,
qerP73J8,Dandupally-Tupran,17.760744,78.471726,,,,,,,,,,
RrfccBC2,Ramaipally,17.784919180468957,78.47136139817661,,,,,,,,,,
MLhA5joS,Manoharabad Toll,17.801087984291584,78.47184687658732,,,,,,,,,,
l3YoMmKf,Toopran Bs,17.845007839059484,78.4783136844635,,,,,,,,,,
3Vx1aBMy,Masaipet Chegunta,17.87922756947173,78.46931625075615,,,,,,,,,,
4iLYYeUC,Ramanthapur-Chegunta,17.931635912429847,78.45820654658348,,,,,,,,,,
UhdivIT2,Chegunta-Mdk,17.9656498530799,78.4631571918726,,,,,,,,,,
GcFizsYw,Valloor-Chegunta,18.00072306895666,78.45244646025562,,,,,,,,,,
OfRShUrn,Narsingi-Medak,18.044735,78.429463,,,,,,,,,,
mBL9gY4f,Zapthi Shivnoor,18.073196991729606,78.4299641717539,,,,,,,,,,
e2kdiquQ,Ramayampet,18.116308201934,78.4293952211737,,,,,,,,,,
P2yp9uKl,Zapthi Shivnoor,18.073195119568993,78.43010366223128,,,,,,,,,,
5KSM01Ta,Narsingi-Medak,18.044522527648223,78.42993737513842,,,,,,,,,,
nbVSLusu,Valloor-Chegunta,18.000657418526075,78.4525578142941,,,,,,,,,,
2xmZGEQk,Ramanthapur-Chegunta,17.931653670090636,78.45834463850372,,,,,,,,,,
SBP72M5m,Masaipet Chegunta,17.87933453604759,78.46975475619939,,,,,,,,,,
sqFv3dyL,Manoharabad Toll,17.80105,78.47171,,,,,,,,,,
kmiZOZWv,Ramaipally,17.784988132958485,78.4717100886784,,,,,,,,,,
HQ3tAOjN,Dandupally-Tupran,17.76,78.472,,,,,,,,,,
4M08jKPq,Kallakal,17.71016511,78.47593792,,,,,,,,,,
RAnpQzgj,Yellampet X Road,17.673056218232645,78.4870523225892,,,,,,,,,,
dvhdyprS,Rampally X Rds,17.4529906361,78.6240409336,,,,,,,,,,
SJ0nNBnq,Rampally X Rds,17.451204627767762,78.63432269557376,,,,,,,,,,
KWtzdPf3,Ammasani Venkatreddy Colony,17.425524313322736,78.58687709595924,,,,,,,,,,
Kc4v17Hg,Parwathapur Peerzaziguda,17.391,78.605,,,,,,,,,,
rmoiZyGc,Gandhi Nagar-Peerzadiguda,17.391902261986324,78.6100235581398,,,,,,,,,,
jJjVhjCr,Kachavasingaram,17.389,78.632,,,,,,,,,,
4rocHGGJ,Muthyalaguda,17.389,78.638,,,,,,,,,,
YUH7mlQp,Pratap Singaram,17.386,78.662,,,,,,,,,,
DJHDnxdl,Muthyalaguda,17.389,78.638,,,,,,,,,,
6ZoB5oWq,Kachavasingaram,17.389,78.632,,,,,,,,,,
57dbRvE4,Aler Bs,17.646111,79.052335,,,,,,,,,,
jrcu0OFL,Kolanpaka Bus Stop,17.6948466726406,79.0371241047978,,,,,,,,,,
zBP6uO9B,Pochannapet,17.7504001034749,79.037851318717,,,,,,,,,,
fbCtXivi,Bachannapet,17.79041788563453,79.03492569923402,,,,,,,,,,
U5agpErJ,Ntr Garden,17.4145045618426,78.46732400357723,,,,,,,,,,
uQLLADzy,Pocharam,17.55092926200245,78.24529380957641,,,,,,,,,,
eiRH8cpX,Isnpur Village,17.546269231703594,78.19964665173464,,,,,,,,,,
TiKlHPuE,Gundla Pochampally,17.568947230806756,78.48017916083337,,,,,,,,,,
8TVCxxW5,Mile Stone,17.524042890675453,78.45400209116065,,,,,,,,,,
wT9oP0MJ,Ramreddy Nagar,17.526549634959814,78.45625519752504,,,,,,,,,,
6E8TdQbI,Ranigunj Bus Depot,17.434,78.488,,,,,,,,,,
P3481XkW,Mile Stone,17.514425580883653,78.88432905077934,,,,,,,,,,
OWGvTP0j,Ramjipet,17.5879528056161,78.9899933338165,,,,,,,,,,
nCNPHjQo,Old Aler,17.6427408119169,79.042405039072,,,,,,,,,,
VmZH5Qxe,Mile Stone,17.6491870569313,79.0482599660754,,,,,,,,,,
isVlzcpu,Narayanapur,17.74685666651638,79.00537846456945,,,,,,,,,,
owcrQWpH,Bondugula,17.76956,78.9665914,,,,,,,,,,
SBCd2plq,Reddy Gudem-Aleru,17.633412,79.02736,,,,,,,,,,
4HxUcOrO,Bahupeta,17.62366,79.016169,,,,,,,,,,
2KP2oFo1,Kandukuru X Road-Nlg,17.6037526669293,78.9980258792638,,,,,,,,,,
3RqpChdc,Ramjipet,17.587804509585,78.9904037117958,,,,,,,,,,
uHI8QodZ,Pagidipally,17.493811216145,78.8359909504652,,,,,,,,,,
Zr3Rlqpu,Kondapur X Roads,17.4950448974,78.3231784592,,,,,,,,,,
Drq7PRZ6,Gandigudem,17.559205712907655,78.32823336466703,,,,,,,,,,
yxovD8zE,Sundara Chaitanyananda Ashramam Twd Dundgal,17.600758538930315,78.40679525737825,,,,,,,,,,
vBGMsC5m,Chennapur-Shivampet,17.757392904266,78.37058338266299,,,,,,,,,,
Nv6gXEc3,Chinna Gottimukkala,17.759243240834,78.354028144303,,,,,,,,,,
DKIaR203,Chakirimetlu,17.751626786993175,78.33061783515113,,,,,,,,,,
nBouRJRB,Mambapur-Jinnaram,17.695633707195217,78.35547521733734,,,,,,,,,,
nUvUmKAK,Nallavelly Gate-Narsapur,17.703193399917218,78.34381028994261,,,,,,,,,,
Zdiw5HsU,Khasila-Narsapur,17.703664832807533,78.32692444324495,,,,,,,,,,
w3L3svMG,Kondapur-Narsapur,17.7153684773558,78.30255523394027,,,,,,,,,,
5uAxOCM4,Khasila-Narsapur,17.703741488342573,78.32681447267534,,,,,,,,,,
tgyqKaLK,Gummadi Dala Toll Gate,17.6732402228085,78.37181925301624,,,,,,,,,,
dtAMbDqA,Navapan Industries,17.53190966,78.2546312,,,,,,,,,,
GddRudvD,Mile Stone,17.424168708720355,78.62228205375537,,,,,,,,,,
xPZxqoqe,Vijayanagar Colony,17.3953936391188,78.4545434651961,,,,,,,,,,
uNKBHc8P,Mile Stone,17.435833816055077,78.66227257575171,,,,,,,,,,
vSF6fPAx,Bibi Bazar,17.362220200827235,78.48005177147843,,,,,,,,,,
6GBKiD1d,Bharathiya Vidya Bhavan,17.49669561041748,78.31341145408247,,,,,,,,,,
Z6u3bDQo,Tourist Hotel,17.389613977209734,78.49620936146265,,,,,,,,,,
CcrDYm2r,Rajivgruhakalpa Bus Stop,17.45898,78.1502,,,,,,,,,,
lEBOA6ZA,Mallapur Dcpl,18.59179185,78.28905411,,,,,,,,,,
4M3Lx6wc,Test Stage-1,17.366,78.476,,,,,,,,,,
pBDZ1YhA,Kazipally,17.5704,78.3488,,,,,,,,,,
42916K32,Punjagutta,17.426322878920914,78.45262885786775,,,,,,,,,,
Ise92tr3,Uppal X Road,17.40245888298036,78.55947997254523,,,,,,,,,,
lasPhPI1,Jangaon Bs,17.71992468316451,79.1631220390497,,,,,,,,,,
WhtO6G7u,Raghunathpalle,17.7604416354928,79.2568821832537,,,,,,,,,,
RBcn6wAv,Komalla Toll,17.777703913092964,79.28356648487188,,,,,,,,,,
kIMp1oKd,Station Ghanpur,17.8535610559324,79.3694514781236,,,,,,,,,,
0ZI5uhFw,Hanumakonda Bs,18.00326893214663,79.56746836811465,,,,,,,,,,
iJQIySJW,Station Ghanpur,17.8536679645522,79.369637556374,,,,,,,,,,
pFRHGDFG,Komalla Toll,17.777414147930656,79.28373359907852,,,,,,,,,,
CftT47U1,Raghunathpalle,17.759955927548205,79.25709403634913,,,,,,,,,,
mFCGFGnS,Bibi Nagar,17.4731922667132,78.79296017066092,,,,,,,,,,
O6NcsRg9,Pashamylaram,17.53234628680528,78.1831474687585,,,,,,,,,,
SHUoYZBX,Kyasaram-Patancheru,17.505194649421973,78.16712110719722,,,,,,,,,,
UIGBc1Gl,Kesaram X Roads,17.52878107189886,78.17436205485056,,,,,,,,,,
SD3Nvowl,Akshaya Solar,17.499,78.146,,,,,,,,,,
veyAshdQ,Kesaram X Roads,17.524827140705,78.66748626608637,,,,,,,,,,
hW7ecgo5,Pashamylaram,17.53332521821425,78.18540653799266,,,,,,,,,,
OTdOIFq5,Ecil X Roads,17.47097760287693,78.56739666443383,,,,,,,,,,
3SwcH9DN,Gowdavelly X Road,17.60945476137253,78.45725432038307,,,,,,,,,,
sG1SjRy0,Ayodhya X Road,17.589143324301222,78.47348570823671,,,,,,,,,,
ltJTKkTG,Kistaipalle,17.595489134663,78.36388723756,,,,,,,,,,
tDKRlGTs,Korlakunta X Road,17.596739447847,78.336073895699,,,,,,,,,,
ml8jFAUM,Kistaipalle,17.595547182953,78.363914303078,,,,,,,,,,
EmoTuaN8,Manthapurit,17.6178475,79.05000781,,,,,,,,,,
1dEe5tuj,Dilawarpur,17.59669703,79.0453005,,,,,,,,,,
6RLBX55V,Ikkurthi,17.599909032286085,79.06787799836778,,,,,,,,,,
Sx8Glyak,Matoor,17.573787748366005,79.10419106344523,,,,,,,,,,
wFIY3CkO,Amman Bole,17.57724627,79.12887889,,,,,,,,,,
BVYAChOQ,Golanakonda,17.59252729,79.13665317,,,,,,,,,,
xRysrsec,Jeedikal,17.6040687,79.16627989,,,,,,,,,,
RAMWVpy9,Bollaram Bazar,17.51588101264791,78.52162464719943,,,,,,,,,,
WFLtsdLD,Gopanpally Thanda,17.4382812892,78.3076583069,,,,,,,,,,
aiO8U7xt,My Fair Avenue,17.4616,78.2918,,,,,,,,,,
lAwZpHnm,Abode School,17.4533,78.2836,,,,,,,,,,
BQMPY4ht,Jiyapally Thanda,17.5137,78.7398,,,,,,,,,,
IHz5ZffG,Khajipet-Bommalaramaram,17.579823510765568,78.73599886894227,,,,,,,,,,
wnwWZryy,Dharmaram Bs,17.626664229562884,78.80118210540299,,,,,,,,,,
4yWTAesZ,Ramoji Tanda,17.6196319547,78.808670408,,,,,,,,,,
JXQAqbBE,Gollagudem-Ygt,17.6147,78.8125,,,,,,,,,,
Eb5Beiyz,Palle Pahad-M Turkapalle,17.60431587,78.81764721,,,,,,,,,,
xQr2EqgK,Pallepahad-Bhongir,17.605841070179718,78.83837610426771,,,,,,,,,,
C608LVhP,Pedda Tanda,17.596315348294347,78.83870602400853,,,,,,,,,,
5WUIxd14,Rusthapur,17.582452073698057,78.84042261226246,,,,,,,,,,
MGAUw3Ia,Hanmapur,17.543925555457108,78.8529753700556,,,,,,,,,,
NNFvIWup,Pedda Thanda-Devaruppula,17.62986186,79.34806987,,,,,,,,,,
DB3FwFXW,Ramoji Tanda X Road,16.80889188,79.64076357,,,,,,,,,,
BvCdGGJa,Dharmaram-Mnty,18.597652570925636,79.68961401994137,,,,,,,,,,
GCf2rC1P,Cheekati Mamidi-Munugodu,17.098151319227803,79.0225325523475,,,,,,,,,,
EWuooQC7,Kazipet Railway Station,17.976513572718847,79.51015957201743,,,,,,,,,,
DOwzj4Kk,Rangapur-Pargi,17.20053116766841,77.93220520373944,,,,,,,,,,
1iDHYTvO,Nagaram Village,18.4475452671,78.7700402331,,,,,,,,,,
u9xL8w6b,Cheeryal Narasimhaswamy Temple,17.5269174384,78.6227058666,,,,,,,,,,
Hb6RhiCB,Mallapur [Pb],17.4466690286,78.5735683716,,,,,,,,,,
PCwc1W1R,Ramaneswaram-Bngr,17.439,78.9448,,,,,,,,,,
L4AUOwHs,Reddy Naik Tanda-Bibinagar,17.40741908979746,78.88948023304022,,,,,,,,,,
