state_code,state_name,district_code,district_name,subdistrict_code,subdistrict_version,subdistrict_name,census_2001_code,census_2011_code
21,Odisha,360,Kendrapada,2925,2,Aali,2,2925
12,Arunachal Pradesh,243,West Siang,6087,7,Aalo Hq,0,0
22,Chhattisgarh,381,Uttar Bastar Kanker,7346,2,Aamabeda,0,0
8,Rajasthan,772,Phalodi,7146,4,Aau,0,0
8,Rajasthan,88,Banswara,6612,1,Abapura,0,0
24,Gujarat,449,Kachchh,3728,1,Abdasa,7,3728
36,Telangana,518,Ranga Reddy,6319,2,Abdullapurmet,0,0
22,Chhattisgarh,387,Raipur,3331,2,Abhanpur,8,3331
3,Punjab,651,Fazilka,238,3,Abohar,5,238
13,Nagaland,247,Mon,1750,1,Aboi,7,1750
24,Gujarat,459,Surat,7600,1,Abrama,0,0
8,Rajasthan,115,Sirohi,595,3,Abu Road,4,595
27,Maharashtra,468,Amravati,4004,2,Achalpur,4,4004
36,Telangana,694,Nagarkurnool,4579,2,Achampet,31,4579
28,Andhra Pradesh,523,West Godavari,4981,1,Achanta,38,4981
24,Gujarat,459,Surat,6518,1,Adajan,0,0
6,Haryana,63,Hisar,393,2,Adampur,1,393
3,Punjab,34,Jalandhar,7192,4,Adampur,0,0
10,Bihar,213,Purbi Champaran,1032,1,Adapur,2,1032
7,Delhi,80,North,7571,2,Adarsh Nagar,0,0
36,Telangana,514,Nalgonda,6304,3,Adavidevulapalli,0,0
22,Chhattisgarh,762,Sakti,7255,2,Adbhar,0,0
36,Telangana,697,Yadadri Bhuvanagiri,6310,2,Adda Guduru,0,0
36,Telangana,512,Mahabubnagar,4586,4,Addakal,38,4586
28,Andhra Pradesh,517,Prakasam,5112,3,Addanki,16,5112
28,Andhra Pradesh,791,Polavaram,4887,3,Addateegala,4,4887
23,Madhya Pradesh,411,Jabalpur,7024,4,Adhartal,0,0
10,Bihar,200,Kaimur (Bhabua),1456,2,Adhaura,11,1456
5,Uttarakhand,47,Chamoli,6345,2,Adibadri,0,0
36,Telangana,501,Adilabad,6221,5,Adilabad Rural,0,0
36,Telangana,501,Adilabad,4306,6,Adilabad Urban,2,4306
20,Jharkhand,341,Saraikela Kharsawan,2752,1,Adityapur(Gamharia),9,2752
17,Meghalaya,656,North Garo Hills,7334,2,Adokgre,0,0
28,Andhra Pradesh,511,Kurnool,5271,2,Adoni,22,5271
28,Andhra Pradesh,511,Kurnool,7563,1,Adoni-2,0,0
32,Kerala,564,Pathanamthitta,5683,2,Adoor,5,5683
29,Karnataka,538,Kalaburagi,5581,1,Afzalpur,2,5581
28,Andhra Pradesh,754,Sri Sathya Sai,5354,2,Agali,51,5354
21,Odisha,345,Balangir,7452,2,Agalpur,0,0
18,Assam,285,Dhubri,2006,10,Agamoni,1,2006
23,Madhya Pradesh,667,Agar-Malwa,3518,2,Agar,4,3518
33,Tamil Nadu,575,Kanniyakumari,5884,1,Agastheeswaram,4,5884
31,Lakshadweep,553,Lakshadweep District,5626,1,Agatti,2,5626
13,Nagaland,251,Zunheboto,1771,1,Aghunato,5,1771
10,Bihar,193,Bhojpur,1432,1,Agiaon,12,1432
28,Andhra Pradesh,748,Eluru,5005,3,Agiripalli,16,5005
9,Uttar Pradesh,118,Agra,766,1,Agra,2,766
27,Maharashtra,475,Gadchiroli,4062,1,Aheri,11,4062
22,Chhattisgarh,378,Durg,7331,3,Ahiwara,0,0
27,Maharashtra,481,Latur,4228,2,Ahmadpur,3,4228
3,Punjab,737,Malerkotla,6856,7,Ahmedgarh,0,0
8,Rajasthan,104,Jalore,586,3,Ahore,2,586
24,Gujarat,444,Dangs,3921,4,Ahwa,1,3921
15,Mizoram,261,Aizawl,1904,1,Aibawk,3,1904
28,Andhra Pradesh,747,Dr. B.R. Ambedkar Konaseema,4933,2,Ainavilli,49,4933
13,Nagaland,250,Wokha,1781,1,Aitepyong,2,1781
1,Jammu And Kashmir,623,Bandipora,6810,3,Ajas,0,0
23,Madhya Pradesh,420,Panna,3435,3,Ajaygarh,1,3435
22,Chhattisgarh,383,Korba,7241,1,Ajgarbahar,0,0
9,Uttar Pradesh,122,Auraiya,6877,4,Ajitmal,0,0
29,Karnataka,532,Chikkamagaluru,7078,16,Ajjampura,0,0
8,Rajasthan,86,Ajmer,607,5,Ajmer,2,607
3,Punjab,27,Amritsar,255,5,Ajnala,1,255
27,Maharashtra,480,Kolhapur,4292,1,Ajra,10,4292
22,Chhattisgarh,379,Janjgir-Champa,3278,1,Akaltara,0,3278
10,Bihar,210,Nawada,1519,1,Akbarpur,9,1519
9,Uttar Pradesh,121,Ambedkar Nagar,910,4,Akbarpur,3,910
9,Uttar Pradesh,156,Kanpur Dehat,845,8,Akbarpur,3,845
36,Telangana,692,Siddipet,7524,1,Akberpet-Bhoompally,0,0
1,Jammu And Kashmir,5,Jammu,78,11,Akhnoor,1,78
28,Andhra Pradesh,523,West Godavari,4975,1,Akividu,32,4975
27,Maharashtra,496,Solapur,4254,1,Akkalkot,11,4254
27,Maharashtra,486,Nandurbar,3950,1,Akkalkuwa,1,3950
36,Telangana,692,Siddipet,6285,2,Akkannapet,0,0
8,Rajasthan,105,Jhalawar,680,2,Aklera,3,680
27,Maharashtra,467,Akola,3991,1,Akola,4,3991
27,Maharashtra,466,Ahilyanagar,4201,2,Akole,1,4201
10,Bihar,215,Rohtas,1472,1,Akorhi Gola,16,1472
27,Maharashtra,467,Akola,3989,1,Akot,2,3989
27,Maharashtra,486,Nandurbar,3951,1,Akrani,2,3951
13,Nagaland,251,Zunheboto,1774,1,Akuhaito,0,1774
13,Nagaland,251,Zunheboto,1768,1,Akuluto,2,1768
36,Telangana,697,Yadadri Bhuvanagiri,4617,3,Alair,5,4617
10,Bihar,205,Madhepura,1169,1,Alamnagar,12,1169
2,Himachal Pradesh,18,Kangra,6900,6,Alampur,0,0
36,Telangana,695,Jogulamba Gadwal,4612,3,Alampur,64,4612
28,Andhra Pradesh,747,Dr. B.R. Ambedkar Konaseema,4925,2,Alamuru,41,4925
29,Karnataka,538,Kalaburagi,5580,3,Aland,1,5580
33,Tamil Nadu,568,Chennai,5704,7,Alandur,0,5704
33,Tamil Nadu,582,Pudukkottai,5824,1,Alangudi,6,5824
33,Tamil Nadu,733,Tenkasi,5875,2,Alangulam,6,5875
33,Tamil Nadu,581,Perambalur,5951,7,Alathur,0,0
32,Kerala,563,Palakkad,5651,1,Alathur,5,5651
10,Bihar,202,Khagaria,1322,1,Alauli,1,1322
20,Jharkhand,331,Gumla,2715,1,Albert Ekka(Jari),0,2715
6,Haryana,65,Jind,6409,2,Alewa,0,0
18,Assam,289,Hailakandi,2106,2,Algapur,1,2106
27,Maharashtra,491,Raigad,4177,1,Alibag,6,4177
9,Uttar Pradesh,138,Etah,1007,1,Aliganj,3,1007
8,Rajasthan,116,Tonk,7371,3,Aligarh,0,0
10,Bihar,195,Darbhanga,1187,1,Alinagar,7,1187
19,West Bengal,664,Alipurduar,2173,2,Alipurduar - I,8,2173
19,West Bengal,664,Alipurduar,2174,2,Alipurduar - II,9,2174
23,Madhya Pradesh,639,Alirajpur,3713,6,Alirajpur,7,3713
36,Telangana,513,Medak,4470,2,Alladurg,20,4470
28,Andhra Pradesh,755,Nandyal,5298,2,Allagadda,49,5298
9,Uttar Pradesh,120,Prayagraj,890,1,Allahabad,3,890
36,Telangana,690,Bhadradri Kothagudem,6267,3,Allapalli,0,0
9,Uttar Pradesh,121,Ambedkar Nagar,908,2,Allapur,2,908
28,Andhra Pradesh,747,Dr. B.R. Ambedkar Konaseema,4940,2,Allavaram,56,4940
28,Andhra Pradesh,515,Sri Potti Sriramulu Nellore,5167,1,Allur,15,5167
29,Karnataka,530,Vijayapura,7123,4,Almel,0,0
5,Uttarakhand,45,Almora,330,11,Almora,3,330
29,Karnataka,536,Dharwad,7081,2,Alnavar,0,0
13,Nagaland,246,Mokokchung,1759,1,Alongkima,2,1759
36,Telangana,516,Nizamabad,7528,1,Aloor,0,0
1,Jammu And Kashmir,623,Bandipora,6809,4,Aloosa,0,0
23,Madhya Pradesh,423,Ratlam,3502,2,Alot,3,3502
29,Karnataka,539,Hassan,5557,1,Alur,5,5557
28,Andhra Pradesh,511,Kurnool,5274,1,Alur,25,5274
32,Kerala,555,Ernakulam,5658,1,Aluva,2,5658
36,Telangana,700,Medchal Malkajgiri,6328,1,Alwal,0,0
8,Rajasthan,87,Alwar,499,5,Alwar,7,499
28,Andhra Pradesh,754,Sri Sathya Sai,5361,2,Amadagur,58,5361
28,Andhra Pradesh,519,Srikakulam,4798,1,Amadalavalasa,30,4798
13,Nagaland,614,Kiphire,1836,2,Amahator,14,1836
28,Andhra Pradesh,747,Dr. B.R. Ambedkar Konaseema,4941,2,Amalapuram,57,4941
27,Maharashtra,478,Jalgaon,3969,1,Amalner,10,3969
36,Telangana,518,Ranga Reddy,4563,3,Amangal,15,4563
23,Madhya Pradesh,420,Panna,3439,3,Amanganj,0,3439
28,Andhra Pradesh,754,Sri Sathya Sai,5351,2,Amarapuram,48,5351
28,Andhra Pradesh,751,Palnadu,5052,2,Amaravathi,13,5052
36,Telangana,693,Wanaparthy,6290,2,Amarchintha,0,0
3,Punjab,737,Malerkotla,7122,7,Amargarh,0,0
9,Uttar Pradesh,173,Pilibhit,6867,7,Amariya,0,0
23,Madhya Pradesh,784,Maihar,3468,7,Amarpatan,5,3468
16,Tripura,654,Gomati,6695,1,Amarpur,2,0
10,Bihar,190,Banka,1346,1,Amarpur,2,1346
28,Andhra Pradesh,750,Bapatla,5086,3,Amarthalur,47,5086
23,Madhya Pradesh,399,Chhindwara,3648,2,Amarwara,2,3648
10,Bihar,196,Gaya,1499,1,Amas,13,1499
2,Himachal Pradesh,26,Una,148,13,Amb,2,148
21,Odisha,347,Baragada,2768,1,Ambabhona,13,2768
27,Maharashtra,479,Jalna,4129,1,Ambad,5,4129
22,Chhattisgarh,761,Mohla-Manpur-Ambagarh Chouki,3310,3,Ambagarh Chouki,8,3310
23,Madhya Pradesh,417,Morena,3385,4,Ambah,1,3385
28,Andhra Pradesh,747,Dr. B.R. Ambedkar Konaseema,4935,2,Ambajipeta,51,4935
6,Haryana,58,Ambala,359,5,Ambala,2,359
6,Haryana,58,Ambala,6406,1,Ambala Cantonment,0,0
32,Kerala,554,Alappuzha,5674,1,Ambalappuzha,2,5674
27,Maharashtra,497,Thane,4170,1,Ambarnath,14,4170
33,Tamil Nadu,592,Tirunelveli,5878,6,Ambasamudram,9,5878
16,Tripura,269,Dhalai,6697,1,Ambassa,3,0
33,Tamil Nadu,568,Chennai,5700,4,Ambattur,8,5700
27,Maharashtra,490,Pune,4188,1,Ambegaon,2,4188
27,Maharashtra,470,Beed,4225,2,Ambejogai,11,4225
8,Rajasthan,102,Jaipur,547,5,Amber,10,547
36,Telangana,507,Hyderabad,4502,1,Amberpet,7,4502
24,Gujarat,459,Surat,7552,2,Ambika,0,0
22,Chhattisgarh,389,Surguja,3247,3,Ambikapur,6,3247
33,Tamil Nadu,732,Tirupathur,5719,16,Ambur,0,5719
10,Bihar,201,Katihar,1157,1,Amdabad,16,1157
19,West Bengal,303,North 24 Parganas,2322,1,Amdanga,7,2322
36,Telangana,691,Sangareddy,6276,2,Ameenpur,0,0
36,Telangana,507,Hyderabad,4497,1,Ameerpet,2,4497
8,Rajasthan,112,Rajsamand,641,7,Amet,3,641
9,Uttar Pradesh,640,Amethi,914,37,Amethi,3,914
27,Maharashtra,476,Gondia,4047,1,Amgaon,4,4047
18,Assam,300,Sivasagar,2072,3,Amguri,3,2072
31,Lakshadweep,553,Lakshadweep District,5620,1,Amini,1,5620
33,Tamil Nadu,568,Chennai,7161,1,Aminjikarai,0,0
24,Gujarat,441,Banas Kantha,3736,1,Amirgadh,5,3736
23,Madhya Pradesh,394,Betul,3605,1,Amla,5,3605
17,Meghalaya,275,West Jaintia Hills,1998,1,Amlarem,3,1998
22,Chhattisgarh,645,Gariyaband,7307,7,Amlipadar,0,0
3,Punjab,30,Fatehgarh Sahib,222,1,Amloh,3,222
10,Bihar,218,Saran,1261,1,Amnour,14,1261
24,Gujarat,442,Bharuch,3914,1,Amod,2,3914
10,Bihar,214,Purnia,1138,1,Amour,11,1138
36,Telangana,694,Nagarkurnool,4578,3,Amrabad,30,4578
20,Jharkhand,337,Pakur,2574,1,Amrapara,2,2574
27,Maharashtra,468,Amravati,4009,1,Amravati,9,4009
24,Gujarat,439,Amreli,3843,1,Amreli,5,3843
24,Gujarat,439,Amreli,7432,1,Amreli-City,0,0
9,Uttar Pradesh,141,Farrukhabad,831,6,Amritpur,2,831
3,Punjab,27,Amritsar,256,2,Amritsar -I,2,256
3,Punjab,27,Amritsar,257,1,Amritsar- II,3,257
9,Uttar Pradesh,154,Amroha,730,6,Amroha,2,730
19,West Bengal,313,Howrah,2400,1,Amta - I,3,2400
19,West Bengal,313,Howrah,2399,1,Amta - II,2,2399
33,Tamil Nadu,595,Vellore,5964,12,Anaicut,0,0
33,Tamil Nadu,569,Coimbatore,6643,1,Anaimalai,0,0
28,Andhra Pradesh,744,Anakapalli,4871,3,Anakapalli,31,4871
21,Odisha,361,Kendujhar,2854,6,Anandapur,19,2854
28,Andhra Pradesh,520,Visakhapatnam,4863,1,Anandapuram,23,4863
24,Gujarat,440,Anand,6530,1,Anand City,0,0
20,Jharkhand,343,West Singhbhum,2734,2,Anandpur,0,2734
8,Rajasthan,88,Banswara,6061,1,Anandpuri,0,0
3,Punjab,42,Rupnagar,262,1,Anandpur Sahib,1,262
24,Gujarat,440,Anand,3864,3,Anand Rural,4,3864
28,Andhra Pradesh,502,Ananthapuramu,5330,5,Anantapur Rural,27,5330
28,Andhra Pradesh,502,Ananthapuramu,7426,4,Anantapur Urban,0,0
28,Andhra Pradesh,745,Alluri Sitharama Raju,4845,2,Ananthagiri,5,4845
36,Telangana,696,Suryapet,6302,1,Ananthagiri,0,0
28,Andhra Pradesh,515,Sri Potti Sriramulu Nellore,5173,1,Ananthasagaram,21,5173
1,Jammu And Kashmir,1,Anantnag,55,15,Anantnag,3,55
1,Jammu And Kashmir,1,Anantnag,6822,8,Anantnag East (Mattan),0,0
28,Andhra Pradesh,505,East Godavari,4917,2,Anaparthi,33,4917
33,Tamil Nadu,577,Krishnagiri,6662,1,Anchetty,0,0
19,West Bengal,704,Paschim Bardhaman,2272,4,Andal,5,2272
10,Bihar,222,Siwan,1243,1,Andar,15,1243
27,Maharashtra,483,Mumbai Suburban,7179,1,Andheri,0,0
8,Rajasthan,102,Jaipur,7140,7,Andhi,0,0
10,Bihar,206,Madhubani,1096,1,Andhratharhi,17,1096
33,Tamil Nadu,610,Ariyalur,5983,4,Andimadam,0,0
33,Tamil Nadu,588,Theni,5846,1,Andipatti,5,5846
36,Telangana,691,Sangareddy,4479,2,Andole,29,4479
31,Lakshadweep,553,Lakshadweep District,5627,1,Andrott,3,5627
29,Karnataka,525,Bengaluru Urban,5545,1,Anekal,3,5545
12,Arunachal Pradesh,230,Dibang Valley,1720,2,Anelih,4,1720
20,Jharkhand,339,Ranchi,2686,1,Angara,4,2686
13,Nagaland,247,Mon,1754,1,Angjangyang,0,1754
2,Himachal Pradesh,20,Kullu,121,3,Ani,5,121
12,Arunachal Pradesh,230,Dibang Valley,1718,2,Anini,0,1718
23,Madhya Pradesh,393,Barwani,3557,1,Anjad,0,3557
27,Maharashtra,468,Amravati,4003,1,Anjangaon Surji,3,4003
24,Gujarat,449,Kachchh,3725,1,Anjar,4,3725
24,Gujarat,440,Anand,3868,1,Anklav,8,3868
24,Gujarat,442,Bharuch,3918,1,Anklesvar,6,3918
29,Karnataka,550,Uttara Kannada,5484,1,Ankola,7,5484
36,Telangana,690,Bhadradri Kothagudem,6268,1,Annapureddypalli,0,0
29,Karnataka,536,Dharwad,7080,2,Annigeri,0,0
33,Tamil Nadu,569,Coimbatore,5955,1,Annur,0,0
8,Rajasthan,89,Baran,671,2,Anta,2,671
22,Chhattisgarh,381,Uttar Bastar Kanker,3353,3,Antagarh,5,3353
8,Rajasthan,92,Bhilwara,7362,10,Antali,0,0
36,Telangana,682,Peddapalli,6214,1,Anthergaon,0,0
33,Tamil Nadu,573,Erode,5969,1,Anthiyur,0,0
21,Odisha,344,Anugola,3011,18,Anugola,12,3011
28,Andhra Pradesh,515,Sri Potti Sriramulu Nellore,5165,1,Anumasamudrampeta,13,5165
36,Telangana,514,Nalgonda,4660,2,Anumula,48,4660
8,Rajasthan,100,Ganganagar,462,10,Anupgarh,6,462
23,Madhya Pradesh,390,Anuppur,3694,3,Anuppur,6,3694
9,Uttar Pradesh,134,Bulandshahr,748,2,Anupshahr,4,748
9,Uttar Pradesh,130,Bareilly,786,1,Aonla,3,786
13,Nagaland,764,Niuland,1793,2,Aquqhnaqua,0,1793
8,Rajasthan,86,Ajmer,6659,11,Arain,0,0
29,Karnataka,546,Raichur,7403,2,Arakera,0,0
33,Tamil Nadu,731,Ranipet,5715,13,Arakonam,4,5715
28,Andhra Pradesh,745,Alluri Sitharama Raju,4844,2,Araku Valley,4,4844
19,West Bengal,312,Hooghly,2340,1,Arambag,3,2340
22,Chhattisgarh,387,Raipur,3330,6,Arang,7,3330
33,Tamil Nadu,593,Tiruvannamalai,5721,2,Arani,1,5721
33,Tamil Nadu,582,Pudukkottai,5826,1,Aranthangi,7,5826
10,Bihar,188,Araria,1116,1,Araria,5,1116
33,Tamil Nadu,576,Karur,5768,2,Aravakurichi,1,5768
33,Tamil Nadu,731,Ranipet,5716,9,Arcot,5,5716
27,Maharashtra,485,Nanded,4099,3,Ardhapur,5,4099
28,Andhra Pradesh,790,Markapuram,5116,2,Ardhaveedu,20,5116
10,Bihar,213,Purbi Champaran,1045,1,Areraj,15,1045
24,Gujarat,459,Surat,7553,6,Areth,0,0
10,Bihar,219,Sheikhpura,1377,1,Ariari,6,1377
1,Jammu And Kashmir,11,Pulwama,6795,7,Aripal,0,0
33,Tamil Nadu,610,Ariyalur,5787,2,Ariyalur,3,5787
22,Chhattisgarh,646,Balod,7253,3,Arjunda,0,0
27,Maharashtra,476,Gondia,4050,1,Arjuni Morgaon,7,4050
29,Karnataka,539,Hassan,5558,1,Arkalgud,6,5558
2,Himachal Pradesh,25,Solan,158,14,Arki,1,158
36,Telangana,516,Nizamabad,4360,3,Armoor,4,4360
27,Maharashtra,475,Gadchiroli,4053,1,Armori,2,4053
1,Jammu And Kashmir,627,Reasi,6740,2,Arnas,0,0
27,Maharashtra,500,Yavatmal,4088,1,Arni,10,4088
1,Jammu And Kashmir,5,Jammu,6717,2,Arnia,0,0
8,Rajasthan,629,Pratapgarh,700,3,Arnod,13,700
23,Madhya Pradesh,406,Guna,3682,1,Aron,8,3682
10,Bihar,193,Bhojpur,1422,1,Arrah,2,1422
19,West Bengal,321,Purulia,2389,1,Arsha,12,2389
29,Karnataka,539,Hassan,5555,1,Arsikere,3,5555
8,Rajasthan,88,Banswara,6922,8,Arthuna,0,0
33,Tamil Nadu,597,Virudhunagar,5853,1,Aruppukkottai,7,5853
27,Maharashtra,498,Wardha,4017,2,Arvi,3,4017
10,Bihar,611,Arwal,1542,1,Arwal,1,1542
10,Bihar,207,Munger,1361,1,Asarganj,6,1361
24,Gujarat,438,Ahmedabad,6512,1,Asarva,0,0
23,Madhya Pradesh,391,Ashoknagar,3686,2,Ashoknagar,4,3686
23,Madhya Pradesh,427,Sehore,3584,1,Ashta,2,3584
27,Maharashtra,498,Wardha,4015,1,Ashti,1,4015
27,Maharashtra,470,Beed,4215,1,Ashti,1,4215
36,Telangana,699,Kumuram Bheem Asifabad,4319,2,Asifabad,15,4319
36,Telangana,507,Hyderabad,4506,2,Asif Nagar,11,4506
21,Odisha,354,Ganjam,3078,6,Asika,7,3078
8,Rajasthan,92,Bhilwara,627,14,Asind,1,627
8,Rajasthan,105,Jhalawar,6055,4,Asnawar,0,0
28,Andhra Pradesh,511,Kurnool,5275,1,Aspari,26,5275
8,Rajasthan,99,Dungarpur,647,2,Aspur,2,647
6,Haryana,67,Karnal,373,4,Assandh,4,373
1,Jammu And Kashmir,4,Doda,6752,4,Assar,0,0
21,Odisha,369,Puri,3060,3,Astaranga,5,3060
10,Bihar,209,Nalanda,1385,1,Asthawan,8,1385
13,Nagaland,251,Zunheboto,1770,1,Asuto,4,1770
36,Telangana,690,Bhadradri Kothagudem,4728,2,Aswapuram,6,4728
36,Telangana,690,Bhadradri Kothagudem,4749,2,Aswaraopeta,27,4749
9,Uttar Pradesh,128,Banda,873,1,Atarra,3,873
28,Andhra Pradesh,751,Palnadu,5050,2,Atchampet,11,5050
28,Andhra Pradesh,744,Anakapalli,4878,3,Atchuthapuram,38,4878
6,Haryana,69,Mahendragarh,6457,1,Ateli,0,0
23,Madhya Pradesh,395,Bhind,3391,2,Ater,1,3391
21,Odisha,350,Kataka,2950,5,Athagada,12,2950
18,Assam,285,Dhubri,7116,13,Athani,0,0
13,Nagaland,613,Peren,1853,1,Athibung,9,1853
36,Telangana,686,Hanumakonda,4694,4,Athmakur,23,4694
10,Bihar,212,Patna,1415,1,Athmalgola,18,1415
21,Odisha,344,Anugola,3017,5,Athmallik,20,3017
23,Madhya Pradesh,394,Betul,3599,1,Athner,0,3599
29,Karnataka,527,Belagavi,5434,4,Athni,2,5434
1,Jammu And Kashmir,620,Kishtwar,71,5,Atholi (Paddar),4,71
33,Tamil Nadu,572,Dindigul,5994,1,Athoor,0,0
28,Andhra Pradesh,749,Ntr,4998,3,Atlapragada Konduru,9,4998
28,Andhra Pradesh,504,Y.S.R. Kadapa,5227,1,Atlur,29,5227
28,Andhra Pradesh,502,Ananthapuramu,5322,1,Atmakur,19,5322
28,Andhra Pradesh,755,Nandyal,5265,2,Atmakur,16,5265
36,Telangana,693,Wanaparthy,4592,5,Atmakur,44,4592
28,Andhra Pradesh,515,Sri Potti Sriramulu Nellore,5164,1,Atmakur,12,5164
36,Telangana,697,Yadadri Bhuvanagiri,4626,3,Atmakur (M),14,4626
36,Telangana,696,Suryapet,4622,2,Atmakur (S),10,4622
13,Nagaland,251,Zunheboto,1773,1,Atoizu,7,1773
27,Maharashtra,493,Sangli,4300,1,Atpadi,5,4300
9,Uttar Pradesh,119,Aligarh,754,2,Atrauli,3,754
28,Andhra Pradesh,747,Dr. B.R. Ambedkar Konaseema,4919,2,Atreyapuram,35,4919
10,Bihar,196,Gaya,1493,1,Atri,7,1493
8,Rajasthan,89,Baran,673,2,Atru,4,673
21,Odisha,347,Baragada,2769,1,Attabira,14,2769
28,Andhra Pradesh,523,West Godavari,4973,1,Attili,30,4973
33,Tamil Nadu,584,Salem,5743,3,Attur,8,5743
27,Maharashtra,477,Hingoli,4113,1,Aundha (Nagnath),3,4113
22,Chhattisgarh,761,Mohla-Manpur-Ambagarh Chouki,7278,3,Aundhi,0,0
29,Karnataka,529,Bidar,5456,9,Aurad,3,5456
10,Bihar,208,Muzaffarpur,1207,1,Aurai,9,1207
9,Uttar Pradesh,179,Bhadohi,999,8,Aurai,1,999
9,Uttar Pradesh,122,Auraiya,842,4,Auraiya,2,842
10,Bihar,189,Aurangabad,1481,1,Aurangabad,6,1481
27,Maharashtra,481,Latur,4232,2,Ausa,7,4232
19,West Bengal,306,Purba Bardhaman,2277,1,Ausgram - I,10,2277
19,West Bengal,306,Purba Bardhaman,2276,1,Ausgram - II,9,2276
2,Himachal Pradesh,22,Mandi,134,7,Aut,11,134
33,Tamil Nadu,589,Thiruvallur,6621,1,Avadi,0,0
28,Andhra Pradesh,510,Krishna,5037,1,Avanigadda,48,5037
23,Madhya Pradesh,430,Shajapur,6510,2,Avantipur Barodia,0,0
33,Tamil Nadu,634,Tiruppur,5903,2,Avinashi,2,5903
33,Tamil Nadu,582,Pudukkottai,5828,1,Avudayarkoil,9,5828
1,Jammu And Kashmir,11,Pulwama,49,9,Awantipora,1,49
33,Tamil Nadu,568,Chennai,7163,3,Ayanavaram,0,0
9,Uttar Pradesh,123,Azamgarh,966,4,Azamgarh,3,966
10,Bihar,201,Katihar,1148,1,Azamnagar,7,1148
18,Assam,618,Kamrup Metro,2127,1,Azara,9,2127
3,Punjab,27,Amritsar,258,3,Baba Bakala,7,258
6,Haryana,68,Kurukshetra,6454,1,Babain St,0,0
29,Karnataka,530,Vijayapura,7069,3,Babaleshwar,0,0
9,Uttar Pradesh,128,Banda,872,56,Baberu,2,872
24,Gujarat,439,Amreli,3840,1,Babra,2,3840
10,Bihar,206,Madhubani,1088,1,Babubarhi,9,1088
27,Maharashtra,500,Yavatmal,4080,1,Babulgaon,2,4080
36,Telangana,689,Jangoan,4674,2,Bachannapet,3,4674
10,Bihar,191,Begusarai,1310,1,Bachhwara,7,1310
36,Telangana,700,Medchal Malkajgiri,6315,1,Bachupally,0,0
23,Madhya Pradesh,434,Tikamgarh,6998,2,Badagaon (Dhasan),0,0
23,Madhya Pradesh,398,Chhatarpur,3431,1,Bada Malhera,0,3431
21,Odisha,350,Kataka,2946,1,Badamba,16,2946
29,Karnataka,524,Bagalkote,5446,6,Badami,4,5446
28,Andhra Pradesh,521,Vizianagaram,4820,1,Badangi,14,4820
18,Assam,293,Sribhumi,2102,2,Badarpur,2,2102
7,Delhi,670,South East,7573,3,Badarpur,0,0
23,Madhya Pradesh,432,Shivpuri,3412,3,Badarwas,0,3412
21,Odisha,365,Mayurbhanj,2882,2,Badasahi,19,2882
2,Himachal Pradesh,25,Solan,162,4,Baddi,0,162
22,Chhattisgarh,376,Dakshin Bastar Dantewada,6509,1,Bade Bacheli,0,0
22,Chhattisgarh,643,Kondagaon,3356,3,Baderajpur,1,3356
8,Rajasthan,117,Udaipur,6903,4,Badgaon,0,0
6,Haryana,701,Charkhi Dadri,403,2,Badhra,6,403
23,Madhya Pradesh,421,Raisen,3595,7,Badi,0,3595
6,Haryana,60,Faridabad,6407,2,Badkhal,0,0
9,Uttar Pradesh,152,Jaunpur,982,1,Badlapur,2,982
6,Haryana,64,Jhajjar,6444,1,Badli,0,0
7,Delhi,80,North,7570,2,Badli,0,0
23,Madhya Pradesh,435,Ujjain,3514,2,Badnagar,7,3514
27,Maharashtra,479,Jalna,4128,1,Badnapur,4,4128
23,Madhya Pradesh,403,Dhar,3532,1,Badnawar,1,3532
8,Rajasthan,774,Beawar,6066,7,Badnor,0,0
23,Madhya Pradesh,667,Agar-Malwa,3517,2,Badod,3,3517
23,Madhya Pradesh,431,Sheopur,3383,3,Badoda,0,3383
6,Haryana,62,Gurugram,6421,1,Badshahpur St,0,0
19,West Bengal,303,North 24 Parganas,2328,1,Baduria,13,2328
28,Andhra Pradesh,504,Y.S.R. Kadapa,5210,1,Badvel,12,5210
23,Madhya Pradesh,413,Katni,3623,3,Badwara,0,3623
2,Himachal Pradesh,22,Mandi,186,6,Bagachnogi,10,186
10,Bihar,211,Pashchim Champaran,1019,1,Bagaha,7,1019
29,Karnataka,524,Bagalkote,5447,1,Bagalkot,5,5447
18,Assam,616,Baksa,2139,12,Baganpara,1,2139
24,Gujarat,439,Amreli,3844,1,Bagasara,6,3844
22,Chhattisgarh,380,Jashpur,7347,1,Bagbahar,0,0
22,Chhattisgarh,385,Mahasamund,3343,7,Bagbahra,0,3343
19,West Bengal,303,North 24 Parganas,2316,1,Bagda,1,2316
29,Karnataka,630,Chikkaballapura,5598,3,Bagepalli,4,5598
5,Uttarakhand,46,Bageshwar,323,8,Bageshwar,0,323
3,Punjab,38,Moga,232,1,Bagha Purana,2,232
18,Assam,280,Barpeta,2020,2,Baghbor,3,2020
17,Meghalaya,277,South Garo Hills,1977,7,Baghmara,2,1977
20,Jharkhand,325,Dhanbad,2582,1,Baghmara-Cum-Katras,3,2582
9,Uttar Pradesh,124,Baghpat,736,2,Baghpat,2,736
13,Nagaland,250,Wokha,1783,1,Baghty,4,1783
22,Chhattisgarh,380,Jashpur,3255,3,Bagicha,1,3255
8,Rajasthan,88,Banswara,653,5,Bagidora,4,653
27,Maharashtra,487,Nashik,4145,1,Baglan,4,4145
23,Madhya Pradesh,402,Dewas,3529,9,Bagli,5,3529
19,West Bengal,321,Purulia,2392,1,Bagmundi,15,2392
19,West Bengal,313,Howrah,2408,1,Bagnan - I,11,2408
19,West Bengal,313,Howrah,2409,1,Bagnan - II,12,2409
20,Jharkhand,329,Giridih,2541,1,Bagodar,10,2541
8,Rajasthan,104,Jalore,589,4,Bagora,5,589
12,Arunachal Pradesh,243,West Siang,6588,3,Bagra Circle,0,0
18,Assam,294,Kokrajhar,2005,7,Bagribari,4,2005
2,Himachal Pradesh,22,Mandi,7174,14,Bagshad,0,0
5,Uttarakhand,45,Almora,6341,5,Bagwalipokhar,0,0
9,Uttar Pradesh,118,Agra,770,1,Bah,6,770
10,Bihar,203,Kishanganj,1125,1,Bahadurganj,5,1125
6,Haryana,64,Jhajjar,408,3,Bahadurgarh,2,408
23,Madhya Pradesh,391,Ashoknagar,6978,6,Bahadurpur,0,0
10,Bihar,195,Darbhanga,1189,1,Bahadurpur,9,1189
36,Telangana,507,Hyderabad,4508,1,Bahadurpura,13,4508
21,Odisha,365,Mayurbhanj,2859,4,Bahalda,2,2859
6,Haryana,59,Bhiwani,6432,1,Bahal St,0,0
21,Odisha,346,Baleshwar,7500,3,Bahanaga,0,0
20,Jharkhand,327,East Singhbum,2614,1,Baharagora,9,2614
23,Madhya Pradesh,433,Sidhi,6072,3,Bahari,0,0
10,Bihar,195,Darbhanga,1192,1,Baheri,12,1192
9,Uttar Pradesh,130,Bareilly,784,1,Baheri,1,784
6,Haryana,619,Palwal,6479,1,Bahin St,0,0
23,Madhya Pradesh,413,Katni,3625,4,Bahoriband,3,3625
34,Puducherry,600,Puducherry,5912,1,Bahour,5,5912
9,Uttar Pradesh,125,Bahraich,921,19,Bahraich,3,921
8,Rajasthan,97,Dausa,7134,4,Bahrawanda,0,0
1,Jammu And Kashmir,5,Jammu,6707,5,Bahu,0,0
23,Madhya Pradesh,392,Balaghat,3674,17,Baihar,5,3674
2,Himachal Pradesh,18,Kangra,112,20,Baijnath,18,112
8,Rajasthan,97,Dausa,7135,5,Baijupara,0,0
10,Bihar,197,Gopalganj,1228,1,Baikunthpur,14,1228
22,Chhattisgarh,384,Korea,3232,4,Baikunthpur,2,3232
29,Karnataka,527,Belagavi,5440,6,Bailahongala,8,5440
29,Karnataka,549,Udupi,7066,2,Bainduru,0,0
23,Madhya Pradesh,432,Shivpuri,6534,2,Bairad,0,0
28,Andhra Pradesh,503,Chittoor,5423,1,Baireddipalle,57,5423
10,Bihar,221,Sitamarhi,1063,1,Bairgania,1,1063
9,Uttar Pradesh,126,Ballia,980,1,Bairia,6,980
10,Bihar,211,Pashchim Champaran,1029,1,Bairia,17,1029
10,Bihar,214,Purnia,1139,1,Baisa,12,1139
10,Bihar,214,Purnia,1140,1,Baisi,13,1140
23,Madhya Pradesh,404,Dindori,6071,9,Bajag,0,0
18,Assam,739,Bajali,2024,24,Bajali (Pt),6,2024
17,Meghalaya,656,North Garo Hills,6544,7,Bajengdoba,0,0
8,Rajasthan,93,Bikaner,6913,2,Bajju,0,0
23,Madhya Pradesh,423,Ratlam,3505,2,Bajna,5,3505
10,Bihar,221,Sitamarhi,1075,1,Bajpatti,13,1075
5,Uttarakhand,56,Udham Singh Nagar,348,3,Bajpur,0,348
8,Rajasthan,105,Jhalawar,6666,1,Bakani,0,0
22,Chhattisgarh,374,Bastar,3364,5,Bakavand,4,3364
10,Bihar,191,Begusarai,1316,1,Bakhri,13,1316
10,Bihar,212,Patna,1414,1,Bakhtiarpur,17,1414
9,Uttar Pradesh,162,Lucknow,820,1,Bakshi Ka Talab,2,820
3,Punjab,40,Shahid Bhagat Singh Nagar,219,1,Balachaur,2,219
19,West Bengal,312,Hooghly,2345,1,Balagarh,8,2345
23,Madhya Pradesh,392,Balaghat,3672,6,Balaghat,3,3672
1,Jammu And Kashmir,10,Poonch,6778,1,Balakote,0,0
36,Telangana,700,Medchal Malkajgiri,4517,3,Balanagar,6,4517
36,Telangana,512,Mahabubnagar,4557,2,Balanagar,9,4557
21,Odisha,345,Balangir,3142,5,Balangir,11,3142
36,Telangana,518,Ranga Reddy,6323,1,Balapur,0,0
27,Maharashtra,467,Akola,3990,1,Balapur,3,3990
19,West Bengal,321,Purulia,2393,1,Balarampur,16,2393
24,Gujarat,669,Mahisagar,3871,2,Balasinor,3,3871
28,Andhra Pradesh,752,Tirupati,5188,3,Balayapalli,36,5188
23,Madhya Pradesh,434,Tikamgarh,3421,2,Baldeogarh,5,3421
9,Uttar Pradesh,185,Sultanpur,6868,12,Baldirai,0,0
2,Himachal Pradesh,22,Mandi,131,9,Baldwara,8,131
12,Arunachal Pradesh,242,West Kameng,6564,2,Balemu Circle,0,0
8,Rajasthan,107,Jodhpur,6049,11,Balesar,0,0
21,Odisha,346,Baleshwar,7510,12,Baleshwar,0,0
5,Uttarakhand,55,Tehri Garhwal,6374,7,Balganga,0,0
8,Rajasthan,108,Karauli,7360,3,Balghat,0,0
2,Himachal Pradesh,22,Mandi,6947,14,Balh,0,0
8,Rajasthan,111,Pali,605,1,Bali,9,605
10,Bihar,191,Begusarai,1319,1,Balia,16,1319
21,Odisha,362,Khordha,3042,2,Balianta,7,3042
21,Odisha,346,Baleshwar,2893,8,Baliapal,4,2893
20,Jharkhand,325,Dhanbad,2586,1,Baliapur,7,2586
2,Himachal Pradesh,22,Mandi,135,13,Bali Chowki,12,135
21,Odisha,359,Kandhamala,3119,9,Baliguda,9,3119
18,Assam,287,Goalpara,2014,1,Balijana,2,2014
12,Arunachal Pradesh,237,Papum Pare,1592,9,Balijan Adc,1,1592
28,Andhra Pradesh,743,Parvathipuram Manyam,4815,2,Balijipeta,9,4815
21,Odisha,355,Jagatsinghapur,2943,2,Balikuda,5,2943
21,Odisha,362,Khordha,3043,2,Balipatna,8,3043
21,Odisha,373,Sundaragada,7468,3,Balisankara,0,0
36,Telangana,516,Nizamabad,4361,3,Balkonda,5,4361
6,Haryana,60,Faridabad,426,6,Ballabgarh,2,426
6,Haryana,67,Karnal,6452,1,Ballah St,0,0
29,Karnataka,528,Ballari,5500,6,Ballari,5,5500
27,Maharashtra,473,Chandrapur,4074,1,Ballarpur,11,4074
9,Uttar Pradesh,126,Ballia,978,2,Ballia,4,978
28,Andhra Pradesh,517,Prakasam,5105,3,Ballikurava,9,5105
19,West Bengal,313,Howrah,2403,1,Bally Jagachha,6,2403
36,Telangana,694,Nagarkurnool,4597,2,Balmoor,49,4597
22,Chhattisgarh,646,Balod,3321,2,Balod,0,3321
22,Chhattisgarh,379,Janjgir-Champa,3279,2,Baloda,0,3279
22,Chhattisgarh,644,Balodabazar-Bhatapara,3326,6,Balodabazar,3,3326
10,Bihar,201,Katihar,1146,1,Balrampur,5,1146
9,Uttar Pradesh,127,Balrampur,925,1,Balrampur,1,925
22,Chhattisgarh,649,Balrampur-Ramanujganj,3237,4,Balrampur,0,3237
6,Haryana,63,Hisar,6442,1,Balsamand St,0,0
20,Jharkhand,335,Latehar,2640,1,Balumath,18,2640
19,West Bengal,310,Dakshin Dinajpur,2204,1,Balurghat,5,2204
19,West Bengal,316,Malda,2215,1,Bamangola,8,2215
8,Rajasthan,113,Sawai Madhopur,527,5,Bamanwas,2,527
21,Odisha,371,Sambalpur,7461,3,Bamara,0,0
12,Arunachal Pradesh,231,East Kameng,1586,5,Bameng Adc,6,1586
22,Chhattisgarh,379,Janjgir-Champa,7265,1,Bamhnidih,0,0
23,Madhya Pradesh,421,Raisen,7564,1,Bamhori,0,0
23,Madhya Pradesh,417,Morena,7112,8,Bamor,0,0
23,Madhya Pradesh,406,Guna,3678,1,Bamori,0,3678
12,Arunachal Pradesh,787,Bichom,6102,6,Bana Eac,0,0
28,Andhra Pradesh,755,Nandyal,5288,3,Banaganapalli,39,5288
21,Odisha,362,Khordha,3054,3,Banapur,14,3054
19,West Bengal,314,Jalpaiguri,7118,2,Banarhat,0,0
21,Odisha,344,Anugola,3010,9,Banarpal,11,3010
9,Uttar Pradesh,128,Banda,871,35,Banda,1,871
23,Madhya Pradesh,425,Sagar,3446,1,Banda,3,3446
23,Madhya Pradesh,425,Sagar,7420,1,Bandari,0,0
22,Chhattisgarh,381,Uttar Bastar Kanker,7353,2,Bande,0,0
12,Arunachal Pradesh,237,Papum Pare,6603,1,Banderdewa Circle,0,0
20,Jharkhand,343,West Singhbhum,2730,1,Bandgaon,2,2730
23,Madhya Pradesh,436,Umaria,3482,9,Bandhavgarh,1,3482
21,Odisha,363,Koraput,3205,1,Bandhugaon,6,3205
28,Andhra Pradesh,755,Nandyal,5283,2,Bandi Atmakur,34,5283
8,Rajasthan,97,Dausa,7210,8,Bandikui,0,0
1,Jammu And Kashmir,623,Bandipora,41,5,Bandipora,2,41
36,Telangana,507,Hyderabad,4509,1,Bandlaguda,14,4509
10,Bihar,208,Muzaffarpur,1210,1,Bandra,12,1210
21,Odisha,373,Sundaragada,2830,5,Banei,26,2830
18,Assam,298,Nalbari,2137,2,Banekuchi,4,2137
8,Rajasthan,92,Bhilwara,630,4,Banera,4,630
3,Punjab,40,Shahid Bhagat Singh Nagar,5993,1,Banga,0,0
2,Himachal Pradesh,26,Una,149,21,Bangana,3,149
5,Uttarakhand,53,Pithoragarh,6356,21,Bangapani,0,0
29,Karnataka,542,Kolar,5593,17,Bangarapet,10,5593
9,Uttar Pradesh,186,Unnao,6160,13,Bangarmau,0,0
28,Andhra Pradesh,503,Chittoor,5429,1,Bangarupalem,63,5429
21,Odisha,365,Mayurbhanj,2875,3,Bangiriposi,8,2875
21,Odisha,345,Balangir,3150,4,Bangomunda,5,3150
1,Jammu And Kashmir,7,Kathua,29,1,Bani,2,29
10,Bihar,218,Saran,1252,1,Baniapur,5,1252
1,Jammu And Kashmir,621,Ramban,66,9,Banihal,1,66
2,Himachal Pradesh,20,Kullu,120,4,Banjar,4,120
10,Bihar,213,Purbi Champaran,1035,1,Banjaria,5,1035
10,Bihar,190,Banka,1350,1,Banka,6,1350
10,Bihar,213,Purbi Champaran,1037,1,Bankatwa,7,1037
10,Bihar,196,Gaya,1500,1,Banke Bazar,14,1500
23,Madhya Pradesh,409,Narmadapuram,3619,2,Bankhedi,7,3619
21,Odisha,350,Kataka,2948,3,Banki,14,2948
19,West Bengal,305,Bankura,2361,1,Bankura - I,6,2361
19,West Bengal,305,Bankura,2362,1,Bankura - II,7,2362
10,Bihar,216,Saharsa,1180,1,Banma Itahri,10,1180
10,Bihar,214,Purnia,1128,1,Banmankhi,1,1128
20,Jharkhand,342,Simdega,2727,1,Bano,18,2727
24,Gujarat,453,Navsari,3926,1,Bansda,5,3926
9,Uttar Pradesh,126,Ballia,979,2,Bansdih,5,979
9,Uttar Pradesh,148,Gorakhpur,952,9,Bansgaon,5,952
9,Uttar Pradesh,182,Siddharthnagar,934,1,Bansi,3,934
19,West Bengal,310,Dakshin Dinajpur,2206,1,Bansihari,7,2206
20,Jharkhand,342,Simdega,2726,1,Bansjor,0,2726
21,Odisha,361,Kendujhar,7493,6,Banspal,0,0
8,Rajasthan,782,Kotputli-Behror,500,4,Bansur,8,500
36,Telangana,685,Kamareddy,4383,2,Banswada,27,4383
8,Rajasthan,88,Banswara,652,6,Banswara,3,652
21,Odisha,348,Bhadrak,2911,5,Banta,2,2911
28,Andhra Pradesh,510,Krishna,5019,1,Bantumilli,30,5019
29,Karnataka,534,Dakshina Kannada,5562,2,Bantval,2,5562
36,Telangana,698,Vikarabad,4532,3,Bantwaram,21,4532
8,Rajasthan,107,Jodhpur,6047,10,Baori,0,0
8,Rajasthan,772,Phalodi,6048,50,Bap,0,0
28,Andhra Pradesh,750,Bapatla,5093,2,Bapatla,54,5093
8,Rajasthan,772,Phalodi,6916,9,Bapini,0,0
6,Haryana,71,Panipat,6462,1,Bapoli,0,0
28,Andhra Pradesh,510,Krishna,5004,1,Bapulapadu,15,5004
9,Uttar Pradesh,120,Prayagraj,891,1,Bara,4,891
19,West Bengal,704,Paschim Bardhaman,2269,2,Barabani,2,2269
19,West Bengal,321,Purulia,2394,1,Barabazar,17,2394
10,Bihar,196,Gaya,1510,1,Barachatti,24,1510
21,Odisha,347,Baragada,2765,2,Baragada,11,2765
21,Odisha,373,Sundaragada,2812,2,Baragaon,8,2812
10,Bihar,190,Banka,1349,1,Barahat,5,1349
10,Bihar,204,Lakhisarai,1365,1,Barahiya,1,1365
23,Madhya Pradesh,421,Raisen,3594,1,Baraily,5,3594
5,Uttarakhand,48,Champawat,6377,4,Barakot,0,0
18,Assam,616,Baksa,5935,7,Barama,0,0
27,Maharashtra,490,Pune,4199,1,Baramati,13,4199
22,Chhattisgarh,763,Sarangarh-Bilaigarh,3271,6,Baramkela,0,3271
1,Jammu And Kashmir,3,Baramulla,35,14,Baramulla,6,35
8,Rajasthan,89,Baran,672,1,Baran,3,672
21,Odisha,350,Kataka,2951,3,Barang,11,2951
8,Rajasthan,117,Udaipur,7361,3,Barapal,0,0
6,Haryana,58,Ambala,360,1,Barara,3,360
10,Bihar,201,Katihar,1153,1,Barari,12,1153
19,West Bengal,303,North 24 Parganas,2325,1,Barasat - I,10,2325
19,West Bengal,303,North 24 Parganas,2326,1,Barasat - II,11,2326
10,Bihar,197,Gopalganj,1226,1,Barauli,12,1226
10,Bihar,191,Begusarai,1312,1,Barauni,9,1312
9,Uttar Pradesh,124,Baghpat,735,1,Baraut,1,735
18,Assam,298,Nalbari,2135,3,Barbhag,6,2135
10,Bihar,219,Sheikhpura,1372,1,Barbigha,1,1372
21,Odisha,361,Kendujhar,2834,7,Barbil,4,2834
1,Jammu And Kashmir,625,Shopian,6798,4,Barbugh Imam Sahib,0,0
30,Goa,551,North Goa,5610,1,Bardez,2,5610
20,Jharkhand,328,Garhwa,2500,1,Bardiha,0,2500
24,Gujarat,459,Surat,3940,1,Bardoli,12,3940
9,Uttar Pradesh,130,Bareilly,787,2,Bareilly,4,787
20,Jharkhand,328,Garhwa,6329,1,Bargarh,0,0
23,Madhya Pradesh,638,Singrauli,7423,3,Bargawan,0,0
23,Madhya Pradesh,428,Seoni,3665,1,Barghat,5,3665
33,Tamil Nadu,577,Krishnagiri,6613,1,Bargur,0,0
10,Bihar,212,Patna,1417,1,Barh,20,1417
20,Jharkhand,340,Sahebganj,2567,1,Barhait,4,2567
9,Uttar Pradesh,137,Deoria,961,4,Barhaj,3,961
10,Bihar,194,Buxar,1437,1,Barhampur,3,1437
10,Bihar,193,Bhojpur,1423,1,Barhara,2,1423
10,Bihar,214,Purnia,1129,1,Barhara,2,1129
10,Bihar,222,Siwan,1231,1,Barharia,3,1231
20,Jharkhand,340,Sahebganj,2572,1,Barharwa,9,2572
10,Bihar,198,Jamui,1528,1,Barhat,4,1528
23,Madhya Pradesh,413,Katni,3622,3,Barhi,0,3622
20,Jharkhand,332,Hazaribagh,2645,1,Barhi,2,2645
8,Rajasthan,98,Dholpur,516,1,Bari,2,516
21,Odisha,356,Jajpur,2985,4,Bari,7,2985
10,Bihar,207,Munger,1357,1,Bariarpur,2,1357
12,Arunachal Pradesh,239,Tirap,6596,3,Bari Basip Circle,0,0
1,Jammu And Kashmir,624,Samba,6720,2,Bari Brahamana,0,0
21,Odisha,365,Mayurbhanj,2872,7,Baripada,12,2872
12,Arunachal Pradesh,241,Upper Subansiri,1620,3,Baririjo Circle,11,1620
8,Rajasthan,95,Chittorgarh,664,1,Bari Sadri,11,664
20,Jharkhand,335,Latehar,2641,1,Bariyatu,0,2641
19,West Bengal,305,Bankura,2363,1,Barjora,8,2363
20,Jharkhand,332,Hazaribagh,2657,1,Barkagaon,10,2657
20,Jharkhand,332,Hazaribagh,2650,1,Barkatha,5,2650
18,Assam,298,Nalbari,2134,1,Barkhetri,5,2134
21,Odisha,351,Debagada,2801,6,Barkot,2,2801
8,Rajasthan,90,Barmer,582,6,Barmer,6,582
8,Rajasthan,90,Barmer,7131,5,Barmer Gramin,0,0
18,Assam,280,Barpeta,2018,7,Barnagar (Pt),1,2018
3,Punjab,605,Barnala,275,2,Barnala,1,275
8,Rajasthan,113,Sawai Madhopur,7224,4,Barnala,0,0
5,Uttarakhand,57,Uttarkashi,6405,6,Barnigad,0,0
2,Himachal Pradesh,18,Kangra,102,15,Baroh,9,102
23,Madhya Pradesh,401,Datia,7001,10,Baroni,0,0
22,Chhattisgarh,383,Korba,7233,3,Barpali,0,0
21,Odisha,347,Baragada,2763,1,Barpali,9,2763
18,Assam,280,Barpeta,2022,9,Barpeta,4,2022
19,West Bengal,303,North 24 Parganas,2323,1,Barrackpur - I,8,2323
19,West Bengal,303,North 24 Parganas,2324,1,Barrackpur - II,9,2324
2,Himachal Pradesh,17,Hamirpur,144,7,Barsar,4,144
27,Maharashtra,496,Solapur,4246,3,Barshi,3,4246
27,Maharashtra,467,Akola,3994,1,Barshitakli,7,3994
10,Bihar,201,Katihar,1147,1,Barsoi,6,1147
22,Chhattisgarh,376,Dakshin Bastar Dantewada,7232,1,Barsur,0,0
19,West Bengal,304,South 24 Parganas,2422,1,Baruipur,11,2422
10,Bihar,189,Aurangabad,1482,1,Barun,7,1482
10,Bihar,208,Muzaffarpur,1200,1,Baruraj (Motipur),2,1200
20,Jharkhand,335,Latehar,2636,1,Barwadih,14,2636
23,Madhya Pradesh,414,Khargone (West Nimar),3545,8,Barwaha,1,3545
24,Gujarat,676,Botad,3786,2,Barwala,10,3786
6,Haryana,63,Hisar,6440,2,Barwala,0,0
6,Haryana,70,Panchkula,6460,1,Barwala St,0,0
23,Madhya Pradesh,393,Barwani,3554,1,Barwani,1,3554
8,Rajasthan,98,Dholpur,7372,2,Basai Nawab,0,0
1,Jammu And Kashmir,14,Udhampur,6736,1,Basantgarh,0,0
19,West Bengal,304,South 24 Parganas,2434,1,Basanti,23,2434
10,Bihar,222,Siwan,1234,1,Basantpur,2,1234
10,Bihar,223,Supaul,1102,1,Basantpur,2,1102
36,Telangana,680,Nirmal,6205,2,Basar,0,0
12,Arunachal Pradesh,724,Leparada,1636,6,Basar Adc,15,1636
29,Karnataka,529,Bidar,5454,4,Basavakalyan,1,5454
29,Karnataka,530,Vijayapura,5452,8,Basavana Bagevadi,4,5452
8,Rajasthan,98,Dholpur,515,2,Baseri,1,515
20,Jharkhand,330,Godda,2560,1,Bashant Rai*,0,2560
36,Telangana,698,Vikarabad,4535,2,Basheerabad,24,4535
20,Jharkhand,331,Gumla,2711,1,Basia,6,2711
19,West Bengal,303,North 24 Parganas,2329,1,Basirhat - I,14,2329
19,West Bengal,303,North 24 Parganas,2330,1,Basirhat - II,15,2330
18,Assam,616,Baksa,2143,19,Baska,1,2143
22,Chhattisgarh,385,Mahasamund,3339,1,Basna,1,3339
23,Madhya Pradesh,437,Vidisha,3573,2,Basoda,4,3573
1,Jammu And Kashmir,7,Kathua,28,4,Basohli,2,28
10,Bihar,206,Madhubani,1082,1,Basopatti,3,1082
6,Haryana,792,Hansi,6408,3,Bass,0,0
8,Rajasthan,102,Jaipur,549,5,Bassi,12,549
8,Rajasthan,95,Chittorgarh,7133,2,Bassi,0,0
3,Punjab,30,Fatehgarh Sahib,220,1,Bassi Pathana,1,220
21,Odisha,346,Baleshwar,2895,9,Basta,6,2895
22,Chhattisgarh,374,Bastar,3362,1,Bastanar,4,3362
22,Chhattisgarh,374,Bastar,3363,2,Bastar,4,3363
9,Uttar Pradesh,131,Basti,939,1,Basti,3,939
21,Odisha,348,Bhadrak,2915,2,Basudevpur,11,2915
5,Uttarakhand,54,Rudraprayag,6334,7,Basukedar,0,0
8,Rajasthan,97,Dausa,533,11,Baswa,1,533
17,Meghalaya,278,West Garo Hills,7339,3,Batabari,0,0
8,Rajasthan,90,Barmer,7363,6,Batadoo,0,0
3,Punjab,32,Gurdaspur,203,3,Batala,4,203
28,Andhra Pradesh,754,Sri Sathya Sai,5337,3,Bathalapalli,34,5337
3,Punjab,28,Bathinda,245,3,Bathinda,2,245
10,Bihar,221,Sitamarhi,1069,1,Bathnaha,7,1069
23,Madhya Pradesh,400,Damoh,3456,1,Batiyagarh,3,3456
1,Jammu And Kashmir,621,Ramban,6761,1,Batote,0,0
22,Chhattisgarh,389,Surguja,3253,1,Batouli,0,3253
10,Bihar,190,Banka,1355,1,Bausi,11,1355
24,Gujarat,438,Ahmedabad,3784,1,Bavla,8,3784
6,Haryana,72,Rewari,415,5,Bawal,3,415
7,Delhi,794,Outer North,7582,4,Bawana,0,0
6,Haryana,59,Bhiwani,397,1,Bawani Khera,1,397
24,Gujarat,672,Arvalli,3772,5,Bayad,13,3772
8,Rajasthan,91,Bharatpur,513,1,Bayana,9,513
8,Rajasthan,90,Barmer,578,12,Baytoo,2,578
36,Telangana,688,Mahabubabad,4742,2,Bayyaram,20,4742
36,Telangana,501,Adilabad,4323,2,Bazarhatnoor,19,4323
8,Rajasthan,774,Beawar,609,6,Beawar,4,609
24,Gujarat,451,Mahesana,3758,1,Becharaji,8,3758
27,Maharashtra,470,Beed,4221,2,Beed,7,4221
28,Andhra Pradesh,753,Annamayya,5391,3,Beerongi Kothakota,25,5391
23,Madhya Pradesh,431,Sheopur,3381,4,Beerpur,0,3381
36,Telangana,681,Jagitial,6212,4,Beerpur,0,0
1,Jammu And Kashmir,2,Budgam,5,4,Beerwah,1,5
23,Madhya Pradesh,421,Raisen,3592,2,Begamganj,3,3592
8,Rajasthan,95,Chittorgarh,657,1,Begun,3,657
21,Odisha,362,Khordha,3035,6,Begunia,2,3035
10,Bihar,191,Begusarai,1314,1,Begusarai,11,1314
9,Uttar Pradesh,177,Saharanpur,701,1,Behat,1,701
10,Bihar,193,Bhojpur,1427,1,Behea,7,1427
8,Rajasthan,782,Kotputli-Behror,493,4,Behror,1,493
36,Telangana,692,Siddipet,4437,6,Bejjanki,44,4437
36,Telangana,699,Kumuram Bheem Asifabad,4317,4,Bejjur,13,4317
36,Telangana,501,Adilabad,4308,2,Bela,4,4308
10,Bihar,196,Gaya,1489,1,Belaganj,3,1489
29,Karnataka,527,Belagavi,5438,2,Belagavi,6,5438
22,Chhattisgarh,377,Dhamtari,7316,3,Belargaon,0,0
10,Bihar,212,Patna,1416,1,Belchhi,19,1416
19,West Bengal,319,Murshidabad,2244,1,Beldanga - I,22,2244
19,West Bengal,319,Murshidabad,2245,1,Beldanga - II,23,2245
10,Bihar,202,Khagaria,1326,1,Beldaur,5,1326
22,Chhattisgarh,375,Bilaspur,7243,3,Belgahna,0,0
10,Bihar,190,Banka,1352,1,Belhar,8,1352
21,Odisha,354,Ganjam,7489,6,Bellaguntha,0,0
28,Andhra Pradesh,751,Palnadu,5049,2,Bellamkonda,10,5049
36,Telangana,684,Mancherial,4350,3,Bellampally,46,4350
16,Tripura,271,South Tripura,6687,1,Belonia,5,0
21,Odisha,345,Balangir,3147,2,Belpara,3,3147
10,Bihar,221,Sitamarhi,1072,1,Belsand,10,1072
29,Karnataka,534,Dakshina Kannada,5563,1,Beltangadi,3,5563
22,Chhattisgarh,375,Bilaspur,7281,3,Beltara,0,0
9,Uttar Pradesh,126,Ballia,975,1,Belthara Road,1,975
28,Andhra Pradesh,502,Ananthapuramu,5318,1,Beluguppa,15,5318
29,Karnataka,539,Hassan,5554,1,Belur,2,5554
22,Chhattisgarh,650,Bemetara,3312,3,Bemetara,2,3312
10,Bihar,209,Nalanda,1393,1,Ben,16,1393
20,Jharkhand,329,Giridih,2537,1,Bengabad,6,2537
29,Karnataka,525,Bengaluru Urban,5544,3,Bengaluru East,0,5544
29,Karnataka,525,Bengaluru Urban,5542,7,Bengaluru North,1,5542
29,Karnataka,525,Bengaluru Urban,5543,4,Bengaluru South,2,5543
18,Assam,612,Chirang,2113,4,Bengtol,90,2113
10,Bihar,206,Madhubani,1091,1,Benipatti,12,1091
10,Bihar,195,Darbhanga,1188,1,Benipur,8,1188
23,Madhya Pradesh,429,Shahdol,3689,2,Beohari,1,3689
23,Madhya Pradesh,396,Bhopal,3580,2,Berasia,1,3580
19,West Bengal,319,Murshidabad,2241,1,Berhampore,19,2241
21,Odisha,354,Ganjam,3093,7,Berhampur,15,3093
6,Haryana,64,Jhajjar,407,3,Beri,1,407
5,Uttarakhand,53,Pithoragarh,318,14,Berinag,0,318
1,Jammu And Kashmir,12,Rajouri,6776,2,Beri Pattan,0,0
22,Chhattisgarh,650,Bemetara,3315,3,Berla,4,3315
20,Jharkhand,322,Bokaro,2590,1,Bermo,2,2590
20,Jharkhand,339,Ranchi,2695,1,Bero,11,2695
28,Andhra Pradesh,790,Markapuram,5131,3,Bestavaripeta,35,5131
5,Uttarakhand,51,Nainital,339,1,Betalghat,0,339
17,Meghalaya,663,South West Garo Hills,1966,6,Betasing,5,1966
28,Andhra Pradesh,755,Nandyal,5279,2,Bethamcherla,30,5279
21,Odisha,365,Mayurbhanj,2881,6,Betnoti,16,2881
10,Bihar,211,Pashchim Champaran,1028,1,Bettiah,16,1028
23,Madhya Pradesh,394,Betul,3600,5,Betul,0,3600
23,Madhya Pradesh,394,Betul,6989,4,Betul Nagar,0,0
24,Gujarat,789,Vav-Tharad,3742,2,Bhabhar,11,3742
10,Bihar,200,Kaimur (Bhabua),1453,1,Bhabua,8,1453
24,Gujarat,449,Kachchh,3724,1,Bhachau,3,3724
1,Jammu And Kashmir,4,Doda,65,4,Bhaderwah,7,65
8,Rajasthan,95,Chittorgarh,662,1,Bhadesar,8,662
27,Maharashtra,478,Jalgaon,3971,1,Bhadgaon,12,3971
9,Uttar Pradesh,179,Bhadohi,997,8,Bhadohi,1,997
8,Rajasthan,101,Hanumangarh,472,1,Bhadra,7,472
36,Telangana,690,Bhadradri Kothagudem,4730,2,Bhadrachalam,8,4730
8,Rajasthan,104,Jalore,7217,2,Bhadrajun,0,0
21,Odisha,348,Bhadrak,2914,4,Bhadrak,3,2914
29,Karnataka,547,Shivamogga,5521,1,Bhadravati,7,5521
27,Maharashtra,473,Chandrapur,4070,1,Bhadravati,7,4070
2,Himachal Pradesh,22,Mandi,130,11,Bhadrota,0,130
19,West Bengal,319,Murshidabad,2231,1,Bhagawangola - I,9,2231
19,West Bengal,319,Murshidabad,2232,1,Bhagawangola - II,10,2232
19,West Bengal,317,Purba Medinipur,2480,1,Bhagawanpur - I,39,2480
19,West Bengal,317,Purba Medinipur,2479,1,Bhagawanpur - II,38,2479
1,Jammu And Kashmir,4,Doda,6747,2,Bhagwa,0,0
10,Bihar,224,Vaishali,1271,1,Bhagwanpur,4,1271
5,Uttarakhand,50,Haridwar,6022,1,Bhagwanpur,0,0
10,Bihar,200,Kaimur (Bhabua),1455,1,Bhagwanpur,4,1455
10,Bihar,191,Begusarai,1308,1,Bhagwanpur,4,1308
23,Madhya Pradesh,414,Khargone (West Nimar),3552,1,Bhagwanpura,7,3552
10,Bihar,222,Siwan,1235,1,Bhagwanpur Hat,7,1235
36,Telangana,680,Nirmal,4339,2,Bhainsa,35,4339
23,Madhya Pradesh,394,Betul,3598,17,Bhainsdehi,1,3598
22,Chhattisgarh,636,Bijapur,3379,5,Bhairamgarh,2,3379
23,Madhya Pradesh,427,Sehore,3587,2,Bhairunda,4,3587
22,Chhattisgarh,383,Korba,7328,3,Bhaisma,0,0
22,Chhattisgarh,648,Surajpur,3244,3,Bhaiyathan,0,3244
22,Chhattisgarh,377,Dhamtari,7315,3,Bhakhara,0,0
2,Himachal Pradesh,16,Chamba,86,6,Bhalai,4,86
1,Jammu And Kashmir,4,Doda,6753,4,Bhalessa (Gandoh),0,0
29,Karnataka,529,Bidar,5455,1,Bhalki,2,5455
1,Jammu And Kashmir,4,Doda,6755,3,Bhalla,0,0
12,Arunachal Pradesh,242,West Kameng,6561,4,Bhalukpong Eac,0,0
1,Jammu And Kashmir,5,Jammu,6709,1,Bhalwal,0,0
28,Andhra Pradesh,743,Parvathipuram Manyam,4771,2,Bhamini,3,4771
27,Maharashtra,475,Gadchiroli,4061,1,Bhamragad,10,4061
27,Maharashtra,471,Bhandara,4039,1,Bhandara,3,4039
8,Rajasthan,97,Dausa,7373,4,Bhandarej,0,0
13,Nagaland,250,Wokha,1782,1,Bhandari,3,1782
20,Jharkhand,328,Garhwa,2513,2,Bhandaria,14,2513
21,Odisha,348,Bhadrak,2912,2,Bhandari Pokhari,4,2912
23,Madhya Pradesh,401,Datia,3406,1,Bhander,3,3406
20,Jharkhand,336,Lohardaga,2603,1,Bhandra,5,2603
19,West Bengal,304,South 24 Parganas,2418,1,Bhangar - I,7,2418
19,West Bengal,304,South 24 Parganas,2419,1,Bhangar - II,8,2419
8,Rajasthan,96,Churu,7209,4,Bhanipura,0,0
8,Rajasthan,103,Jaisalmer,6040,6,Bhaniyana,0,0
5,Uttarakhand,45,Almora,333,7,Bhanoli,0,333
9,Uttar Pradesh,131,Basti,937,1,Bhanpur,1,937
23,Madhya Pradesh,416,Mandsaur,3492,2,Bhanpura,1,3492
22,Chhattisgarh,374,Bastar,7312,1,Bhanpuri,0,0
22,Chhattisgarh,381,Uttar Bastar Kanker,3349,1,Bhanupratappur,2,3349
24,Gujarat,674,Devbhumi Dwarka,3820,2,Bhanvad,9,3820
21,Odisha,367,Nayagada,7482,2,Bhapur,0,0
2,Himachal Pradesh,15,Bilaspur,153,2,Bharari,0,153
1,Jammu And Kashmir,4,Doda,6746,2,Bharath Bagla,0,0
8,Rajasthan,91,Bharatpur,511,1,Bharatpur,7,511
22,Chhattisgarh,760,Manendragarh-Chirmiri-Bharatpur(M C B),3231,3,Bharatpur,1,3231
19,West Bengal,319,Murshidabad,2247,1,Bharatpur - I,25,2247
19,West Bengal,319,Murshidabad,2246,1,Bharatpur - II,24,2246
10,Bihar,188,Araria,1114,1,Bhargama,3,1114
2,Himachal Pradesh,16,Chamba,92,6,Bharmour,10,92
20,Jharkhand,331,Gumla,2709,2,Bharno,4,2709
2,Himachal Pradesh,18,Kangra,7414,7,Bharoli,0,0
9,Uttar Pradesh,139,Etawah,839,7,Bharthana,4,839
24,Gujarat,442,Bharuch,3916,1,Bharuch,4,3916
24,Gujarat,442,Bharuch,7597,1,Bharuch City,0,0
2,Himachal Pradesh,26,Una,147,9,Bharwain,1,147
22,Chhattisgarh,644,Balodabazar-Bhatapara,3325,2,Bhatapara,2,3325
19,West Bengal,306,Purba Bardhaman,2286,1,Bhatar,19,2286
22,Chhattisgarh,763,Sarangarh-Bilaigarh,7276,4,Bhatgaon,0,0
22,Chhattisgarh,648,Surajpur,7310,1,Bhatgaon,0,0
29,Karnataka,550,Uttara Kannada,5488,1,Bhatkal,11,5488
27,Maharashtra,468,Amravati,4010,1,Bhatkuli,10,4010
21,Odisha,347,Baragada,2767,1,Bhatli,12,2767
9,Uttar Pradesh,137,Deoria,963,1,Bhatpar Rani,5,963
28,Andhra Pradesh,750,Bapatla,5089,2,Bhattiprolu,50,5089
2,Himachal Pradesh,16,Chamba,88,8,Bhattiyat,6,88
6,Haryana,61,Fatehabad,6436,1,Bhattukalan St,0,0
5,Uttarakhand,57,Uttarkashi,283,9,Bhatwari,4,283
33,Tamil Nadu,573,Erode,5750,2,Bhavani,2,5750
24,Gujarat,443,Bhavnagar,3854,2,Bhavnagar,5,3854
24,Gujarat,443,Bhavnagar,7444,1,Bhavnagar City,0,0
3,Punjab,43,Sangrur,6855,2,Bhawanigarh,0,0
10,Bihar,214,Purnia,1130,1,Bhawanipur,3,1130
2,Himachal Pradesh,18,Kangra,6939,32,Bhawarna,0,0
20,Jharkhand,328,Garhwa,2496,1,Bhawnathpur,2,2496
18,Assam,294,Kokrajhar,2002,7,Bhawraguri,2,2002
21,Odisha,347,Baragada,2764,1,Bheden,10,2764
36,Telangana,686,Hanumakonda,4448,5,Bheemadevarpalli,55,4448
28,Andhra Pradesh,748,Eluru,4963,3,Bheemadole,20,4963
36,Telangana,684,Mancherial,6228,1,Bheemaram,0,0
36,Telangana,681,Jagitial,7541,1,Bheemaram (20),0,0
36,Telangana,516,Nizamabad,4364,1,Bheemgal,8,4364
36,Telangana,684,Mancherial,4328,4,Bheemini,24,4328
36,Telangana,501,Adilabad,6223,2,Bheempur,0,0
28,Andhra Pradesh,520,Visakhapatnam,4865,1,Bheemunipatnam,25,4865
1,Jammu And Kashmir,4,Doda,7203,1,Bhella,0,0
24,Gujarat,448,Junagadh,3828,1,Bhesan,4,3828
23,Madhya Pradesh,414,Khargone (West Nimar),3549,1,Bhikangaon,5,3549
3,Punjab,609,Tarn Taran,6853,2,Bhikhiwind,0,0
5,Uttarakhand,45,Almora,325,7,Bhikiasain,0,325
36,Telangana,685,Kamareddy,4391,3,Bhiknoor,35,4391
22,Chhattisgarh,378,Durg,7329,6,Bhilai-3,0,0
24,Gujarat,672,Arvalli,3764,5,Bhiloda,5,3764
8,Rajasthan,92,Bhilwara,634,8,Bhilwara,8,634
8,Rajasthan,112,Rajsamand,639,3,Bhim,1,639
28,Andhra Pradesh,523,West Godavari,4984,1,Bhimavaram,41,4984
22,Chhattisgarh,650,Bemetara,7299,1,Bhimbhauri,0,0
23,Madhya Pradesh,394,Betul,7027,16,Bhimpur,0,0
8,Rajasthan,86,Ajmer,612,3,Bhinay,7,612
23,Madhya Pradesh,395,Bhind,3392,3,Bhind,2,3392
8,Rajasthan,117,Udaipur,6917,9,Bhinder,0,0
23,Madhya Pradesh,395,Bhind,6994,1,Bhind Nagar,0,0
9,Uttar Pradesh,181,Shrawasti,923,9,Bhinga,1,923
8,Rajasthan,104,Jalore,588,3,Bhinmal,4,588
10,Bihar,211,Pashchim Champaran,1022,1,Bhitaha,10,1022
23,Madhya Pradesh,407,Gwalior,3401,6,Bhitarwar,3,3401
9,Uttar Pradesh,121,Ambedkar Nagar,911,3,Bhiti,4,911
27,Maharashtra,497,Thane,4166,1,Bhiwandi,10,4166
6,Haryana,59,Bhiwani,398,2,Bhiwani,2,398
27,Maharashtra,484,Nagpur,4036,1,Bhiwapur,14,4036
9,Uttar Pradesh,166,Mainpuri,777,9,Bhogaon,3,777
28,Andhra Pradesh,521,Vizianagaram,4840,1,Bhogapuram,34,4840
9,Uttar Pradesh,156,Kanpur Dehat,846,1,Bhognipur,4,846
21,Odisha,346,Baleshwar,2891,6,Bhograi,3,2891
17,Meghalaya,276,Ri Bhoi,6543,2,Bhoirymbong,0,0
27,Maharashtra,485,Nanded,4102,1,Bhokar,8,4102
27,Maharashtra,479,Jalna,4125,2,Bhokardan,1,4125
1,Jammu And Kashmir,627,Reasi,6744,2,Bhomag,0,0
36,Telangana,697,Yadadri Bhuvanagiri,4628,2,Bhongir,16,4628
36,Telangana,512,Mahabubnagar,4574,2,Bhoothpur,26,4574
8,Rajasthan,107,Jodhpur,569,9,Bhopalgarh,3,569
22,Chhattisgarh,636,Bijapur,3376,1,Bhopalpattnam,0,3376
27,Maharashtra,490,Pune,4198,1,Bhor,12,4198
36,Telangana,501,Adilabad,7529,1,Bhoraj,0,0
2,Himachal Pradesh,17,Hamirpur,146,10,Bhoranj,6,146
10,Bihar,197,Gopalganj,1217,1,Bhorey,3,1217
2,Himachal Pradesh,17,Hamirpur,6885,6,Bhota,0,0
22,Chhattisgarh,762,Sakti,7400,1,Bhothiya,0,0
21,Odisha,352,Dhenkanal,2990,4,Bhuban,1,2990
21,Odisha,362,Khordha,7498,11,Bhubaneswar,0,0
27,Maharashtra,480,Kolhapur,4291,1,Bhudargad,9,4291
24,Gujarat,449,Kachchh,3726,1,Bhuj,5,3726
3,Punjab,35,Kapurthala,205,1,Bhulath,1,205
27,Maharashtra,488,Dharashiv,4237,1,Bhum,2,4237
6,Haryana,61,Fatehabad,6437,1,Bhuna St,0,0
2,Himachal Pradesh,20,Kullu,6887,5,Bhuntar,0,0
36,Telangana,687,Jayashankar Bhupalapally,4682,3,Bhupalpally,11,4682
8,Rajasthan,95,Chittorgarh,6057,12,Bhupalsagar,0,0
18,Assam,296,Marigaon,2027,1,Bhuragaon,2,2027
27,Maharashtra,478,Jalgaon,3965,1,Bhusawal,6,3965
8,Rajasthan,91,Bharatpur,6665,5,Bhusawar,0,0
33,Tamil Nadu,570,Cuddalore,6645,1,Bhuvanagiri,0,0
23,Madhya Pradesh,422,Rajgarh,3566,7,Biaora,4,3566
10,Bihar,217,Samastipur,1299,1,Bibhutpur,16,1299
36,Telangana,697,Yadadri Bhuvanagiri,4629,2,Bibinagar,17,4629
36,Telangana,685,Kamareddy,6242,1,Bibipet,0,0
28,Andhra Pradesh,505,East Godavari,4916,1,Biccavolu,32,4916
8,Rajasthan,99,Dungarpur,6058,17,Bichhiwara,0,0
23,Madhya Pradesh,415,Mandla,3645,2,Bichhiya,3,3645
23,Madhya Pradesh,399,Chhindwara,3657,2,Bichhua,8,3657
36,Telangana,685,Kamareddy,4374,3,Bichkunda,18,4374
23,Madhya Pradesh,410,Indore,7013,4,Bicholi Hapsi,0,0
30,Goa,551,North Goa,5612,2,Bicholim,4,5612
29,Karnataka,529,Bidar,5457,1,Bidar,4,5457
8,Rajasthan,96,Churu,6426,2,Bidasar,0,0
9,Uttar Pradesh,122,Auraiya,841,3,Bidhuna,1,841
10,Bihar,224,Vaishali,1280,1,Bidupur,13,1280
9,Uttar Pradesh,186,Unnao,818,1,Bighapur,5,818
10,Bihar,209,Nalanda,1386,1,Bihar,9,1386
10,Bihar,205,Madhepura,1166,1,Bihariganj,9,1166
22,Chhattisgarh,648,Surajpur,7245,1,Biharpur,0,0
10,Bihar,192,Bhagalpur,1330,1,Bihpur,2,1330
18,Assam,295,Lakhimpur,2049,1,Bihpuria,2,2049
10,Bihar,212,Patna,1403,1,Bihta,6,1403
10,Bihar,197,Gopalganj,1216,1,Bijaipur,2,1216
22,Chhattisgarh,636,Bijapur,3378,3,Bijapur,2,3378
21,Odisha,365,Mayurbhanj,7476,7,Bijatala,0,0
23,Madhya Pradesh,398,Chhatarpur,3433,7,Bijawar,7,3433
1,Jammu And Kashmir,1,Anantnag,54,10,Bijbehara,2,54
21,Odisha,347,Baragada,2762,1,Bijepur,8,2762
36,Telangana,694,Nagarkurnool,4584,3,Bijinapally,36,4584
18,Assam,612,Chirang,2115,9,Bijni,4,2115
9,Uttar Pradesh,132,Bijnor,713,1,Bijnor,2,713
8,Rajasthan,92,Bhilwara,638,7,Bijoliya,12,638
7,Delhi,84,South West,7580,5,Bijwasan,0,0
8,Rajasthan,93,Bikaner,473,1,Bikaner,1,473
9,Uttar Pradesh,140,Ayodhya,906,2,Bikapur,5,906
10,Bihar,212,Patna,1405,1,Bikram,8,1405
10,Bihar,215,Rohtas,1461,1,Bikramganj,5,1461
22,Chhattisgarh,763,Sarangarh-Bilaigarh,3329,6,Bilaigarh,6,3329
8,Rajasthan,107,Jodhpur,573,4,Bilara,7,573
9,Uttar Pradesh,171,Moradabad,720,1,Bilari,3,720
18,Assam,285,Dhubri,6018,5,Bilasipara Pt,0,2009
9,Uttar Pradesh,176,Rampur,725,2,Bilaspur,2,725
22,Chhattisgarh,375,Bilaspur,3295,5,Bilaspur,6,3295
23,Madhya Pradesh,436,Umaria,6974,1,Bilaspur,0,0
6,Haryana,76,Yamunanagar,362,4,Bilaspur,1,362
2,Himachal Pradesh,15,Bilaspur,156,20,Bilaspur Sadar,4,156
12,Arunachal Pradesh,232,East Siang,1652,2,Bilat Circle,8,1652
29,Karnataka,524,Bagalkote,5444,1,Bilgi,2,5444
9,Uttar Pradesh,150,Hardoi,812,1,Bilgram,4,812
22,Chhattisgarh,375,Bilaspur,3297,7,Bilha,8,3297
9,Uttar Pradesh,157,Kanpur Nagar,848,1,Bilhaur,1,848
15,Mizoram,263,Kolasib,1900,1,Bilkhawthlir,0,1900
1,Jammu And Kashmir,7,Kathua,27,5,Billawar,1,27
27,Maharashtra,485,Nanded,4105,1,Biloli,11,4105
9,Uttar Pradesh,133,Budaun,780,1,Bilsi,3,780
23,Madhya Pradesh,425,Sagar,3443,1,Bina,1,3443
10,Bihar,209,Nalanda,1383,1,Bind,6,1383
9,Uttar Pradesh,142,Fatehpur,877,1,Bindki,1,877
21,Odisha,372,Subarnapur,3135,4,Binika,6,3135
21,Odisha,356,Jajpur,2984,4,Binjharpur,7,2984
19,West Bengal,703,Jhargram,2442,2,Binpur - I,2,2442
19,West Bengal,703,Jhargram,2441,2,Binpur - II,1,2441
21,Odisha,372,Subarnapur,3137,4,Biramaharajpur,4,3137
21,Odisha,373,Sundaragada,2816,5,Biramitrapur,12,2816
10,Bihar,195,Darbhanga,1193,1,Biraul,13,1193
2,Himachal Pradesh,26,Una,6892,10,Birhu Kalan,0,0
21,Odisha,355,Jagatsinghapur,2941,1,Biridi,7,2941
36,Telangana,685,Kamareddy,4375,4,Birkur,19,4375
20,Jharkhand,329,Giridih,2540,1,Birni,9,2540
5,Uttarakhand,52,Pauri Garhwal,6354,7,Bironkhal,0,0
10,Bihar,191,Begusarai,1313,1,Birpur,10,1313
23,Madhya Pradesh,392,Balaghat,7033,19,Birsa,0,0
23,Madhya Pradesh,426,Satna,3463,4,Birsinghpur,0,3463
9,Uttar Pradesh,173,Pilibhit,791,3,Bisalpur,2,791
9,Uttar Pradesh,133,Budaun,779,1,Bisauli,2,779
10,Bihar,206,Madhubani,1092,1,Bisfi,13,1092
16,Tripura,653,Sepahijala,6699,1,Bishalgarh,12,0
21,Odisha,370,Rayagada,3175,7,Bishamakatak,3,3175
1,Jammu And Kashmir,5,Jammu,81,7,Bishnah,4,81
14,Manipur,252,Bishnupur,1874,1,Bishnupur,2,1874
19,West Bengal,304,South 24 Parganas,2415,1,Bishnupur - I,4,2415
19,West Bengal,304,South 24 Parganas,2416,1,Bishnupur - II,5,2416
20,Jharkhand,338,Palamu,2624,1,Bishrampur,5,2624
20,Jharkhand,332,Hazaribagh,2652,1,Bishungarh,6,2652
20,Jharkhand,331,Gumla,2706,1,Bishunpur,1,2706
20,Jharkhand,328,Garhwa,2502,1,Bishunpura,0,2502
21,Odisha,365,Mayurbhanj,2864,4,Bisoi,7,2864
21,Odisha,373,Sundaragada,2818,3,Bisra,14,2818
8,Rajasthan,106,Jhunjhunu,7218,3,Bissau,0,0
9,Uttar Pradesh,183,Sitapur,806,23,Biswan,4,806
18,Assam,705,Biswanath,2045,2,Biswanath,5,2045
10,Bihar,217,Samastipur,1303,1,Bithan,20,1303
31,Lakshadweep,553,Lakshadweep District,5621,1,Bitra,1,5621
28,Andhra Pradesh,504,Y.S.R. Kadapa,5209,1,B.Kodur,11,5209
1,Jammu And Kashmir,2,Budgam,6815,1,Bk Pora,0,0
20,Jharkhand,330,Godda,2557,1,Boarijor,3,2557
36,Telangana,501,Adilabad,4324,2,Boath,20,4324
28,Andhra Pradesh,521,Vizianagaram,4816,1,Bobbili,10,4816
10,Bihar,208,Muzaffarpur,1206,1,Bochaha,8,1206
24,Gujarat,668,Chhotaudepur,6020,1,Bodeli,0,0
21,Odisha,368,Nuapada,3157,4,Boden,5,3157
36,Telangana,516,Nizamabad,4370,2,Bodhan,14,4370
10,Bihar,196,Gaya,1505,1,Bodh Gaya,19,1505
33,Tamil Nadu,588,Theni,5842,1,Bodinayakanur,1,5842
22,Chhattisgarh,382,Kabeerdham,3299,4,Bodla,0,3299
22,Chhattisgarh,375,Bilaspur,7250,5,Bodri,0,0
27,Maharashtra,478,Jalgaon,3964,1,Bodvad,5,3964
28,Andhra Pradesh,515,Sri Potti Sriramulu Nellore,5159,1,Bogole,7,5159
36,Telangana,683,Rajanna Sircilla,4429,3,Boinpalli,36,4429
21,Odisha,363,Koraput,3211,4,Boipariguda,17,3211
18,Assam,281,Bongaigaon,2111,3,Boitamari,2,2111
18,Assam,288,Golaghat,2082,1,Bokakhat,1,2082
10,Bihar,221,Sitamarhi,1079,1,Bokhara,17,1079
18,Assam,291,Kamrup,2124,1,Boko,8,2124
21,Odisha,362,Khordha,3034,3,Bolagad,1,3034
20,Jharkhand,342,Simdega,2722,1,Bolba,14,2722
12,Arunachal Pradesh,679,Siang,1643,4,Boleng Adc,1,1643
28,Andhra Pradesh,751,Palnadu,5061,3,Bollapalli,22,5061
19,West Bengal,307,Birbhum,2264,1,Bolpur Sriniketan,16,2264
36,Telangana,698,Vikarabad,4550,5,Bomaraspeta,2,4550
12,Arunachal Pradesh,242,West Kameng,6568,1,Bomdila Hq,0,0
36,Telangana,697,Yadadri Bhuvanagiri,4613,2,Bommalaramaram,1,4613
28,Andhra Pradesh,502,Ananthapuramu,5307,1,Bommanahal,4,5307
36,Telangana,509,Khammam,4765,1,Bonakal,43,4765
28,Andhra Pradesh,521,Vizianagaram,4829,2,Bondapalli,23,4829
6,Haryana,701,Charkhi Dadri,6433,1,Bondkalan St,0,0
18,Assam,281,Bongaigaon,2110,7,Bongaigaon (Pt),1,2110
19,West Bengal,303,North 24 Parganas,2317,1,Bongaon,2,2317
12,Arunachal Pradesh,238,Tawang,6557,1,Bongkhar Circle,0,0
1,Jammu And Kashmir,3,Baramulla,38,14,Boniyar,7,38
8,Rajasthan,113,Sawai Madhopur,529,5,Bonli,4,529
20,Jharkhand,327,East Singhbum,2605,1,Boram,0,2605
12,Arunachal Pradesh,229,Changlang,1683,7,Bordumsa Adc,11,1683
12,Arunachal Pradesh,239,Tirap,6594,4,Borduria Circle,0,0
22,Chhattisgarh,378,Durg,7330,1,Bori,0,0
21,Odisha,363,Koraput,3200,5,Boriguma,2,3200
20,Jharkhand,340,Sahebganj,2566,1,Borio,3,2566
27,Maharashtra,483,Mumbai Suburban,7181,1,Borivali,0,0
14,Manipur,713,Jiribam,6490,5,Borobekra,0,0
24,Gujarat,440,Anand,3867,1,Borsad,7,3867
12,Arunachal Pradesh,237,Papum Pare,6013,4,Borum,0,0
24,Gujarat,676,Botad,3850,3,Botad,1,3850
24,Gujarat,676,Botad,7435,1,Botad City,0,0
13,Nagaland,245,Kohima,1846,1,Botsa,0,1846
21,Odisha,349,Boudh,3130,10,Boudh,4,3130
36,Telangana,697,Yadadri Bhuvanagiri,4630,3,B Pochampally,18,4630
21,Odisha,369,Puri,3067,2,Brahmagiri,10,3067
28,Andhra Pradesh,504,Y.S.R. Kadapa,5205,1,Brahmamgarimattam,7,5205
27,Maharashtra,473,Chandrapur,4067,1,Brahmapuri,4,4067
28,Andhra Pradesh,502,Ananthapuramu,5320,1,Brahmasamudram,17,5320
29,Karnataka,549,Udupi,7068,7,Brahmavara,0,0
28,Andhra Pradesh,752,Tirupati,5380,2,Buchinaidu Kandriga,14,5380
28,Andhra Pradesh,515,Sri Potti Sriramulu Nellore,5170,1,Buchireddipalem,18,5170
33,Tamil Nadu,586,Thanjavur,5966,1,Budalur,0,0
9,Uttar Pradesh,133,Budaun,782,2,Budaun,5,782
1,Jammu And Kashmir,2,Budgam,7,4,Budgam,2,7
19,West Bengal,304,South 24 Parganas,2413,1,Budge Budge - I,2,2413
19,West Bengal,304,South 24 Parganas,2414,1,Budge Budge - II,3,2414
9,Uttar Pradesh,172,Muzaffarnagar,709,6,Budhana,4,709
3,Punjab,37,Mansa,248,2,Budhlada,2,248
23,Madhya Pradesh,427,Sehore,3588,1,Budni,5,3588
36,Telangana,681,Jagitial,6213,3,Buggaram,0,0
21,Odisha,354,Ganjam,3072,3,Buguda,2,3072
8,Rajasthan,106,Jhunjhunu,489,1,Buhana,3,489
28,Andhra Pradesh,754,Sri Sathya Sai,5345,2,Bukkapatnam,42,5345
28,Andhra Pradesh,502,Ananthapuramu,5329,1,Bukkaraya Samudram,26,5329
9,Uttar Pradesh,134,Bulandshahr,746,2,Bulandshahr,2,746
27,Maharashtra,472,Buldhana,3984,1,Buldana,10,3984
8,Rajasthan,94,Bundi,626,9,Bundi,5,626
20,Jharkhand,339,Ranchi,2698,1,Bundu,18,2698
19,West Bengal,321,Purulia,2397,1,Bundwan,20,2397
15,Mizoram,265,Lunglei,1912,3,Bunghmun,0,1912
14,Manipur,712,Kangpokpi,6488,3,Bungte Chiru,0,0
15,Mizoram,264,Lawngtlai,1918,5,Bungtlang South,0,1918
1,Jammu And Kashmir,620,Kishtwar,6770,2,Bunjwah,0,0
12,Arunachal Pradesh,242,West Kameng,6847,1,Buragaon Eac,0,0
7,Delhi,80,North,7569,4,Burari,0,0
19,West Bengal,306,Purba Bardhaman,2289,1,Burdwan - I,22,2289
19,West Bengal,306,Purba Bardhaman,2290,1,Burdwan - II,23,2290
36,Telangana,690,Bhadradri Kothagudem,4736,2,Burgampahad,14,4736
23,Madhya Pradesh,397,Burhanpur,3719,7,Burhanpur,4,3719
9,Uttar Pradesh,123,Azamgarh,964,4,Burhanpur,1,964
23,Madhya Pradesh,397,Burhanpur,6972,3,Burhanpur Nagar,0,0
23,Madhya Pradesh,429,Shahdol,6988,5,Burhar,0,0
28,Andhra Pradesh,519,Srikakulam,4794,1,Burja,26,4794
20,Jharkhand,339,Ranchi,2682,1,Burmu,1,2682
19,West Bengal,319,Murshidabad,2248,1,Burwan,26,2248
28,Andhra Pradesh,744,Anakapalli,4873,2,Butchayyapeta,33,4873
28,Andhra Pradesh,748,Eluru,4948,2,Buttayagudem,5,4948
10,Bihar,194,Buxar,1441,1,Buxar,7,1441
23,Madhya Pradesh,398,Chhatarpur,3434,1,Buxwaha,0,3434
29,Karnataka,540,Haveri,5493,1,Byadgi,5,5493
9,Uttar Pradesh,148,Gorakhpur,948,1,Campierganj,1,948
30,Goa,793,Kushavati,5619,2,Canacona,5,5619
19,West Bengal,304,South 24 Parganas,2420,1,Canning - I,9,2420
19,West Bengal,304,South 24 Parganas,2421,1,Canning - II,10,2421
35,Andaman And Nicobar Islands,603,Nicobars,5916,1,Car Nicobar,0,5916
28,Andhra Pradesh,511,Kurnool,5256,1,C.Belagal,7,5256
18,Assam,286,Dibrugarh,2065,1,Chabua,3,2065
23,Madhya Pradesh,406,Guna,3683,1,Chachaura,9,3683
2,Himachal Pradesh,18,Kangra,7560,1,Chachian,0,0
2,Himachal Pradesh,22,Mandi,137,8,Chachyot,14,137
29,Karnataka,530,Vijayapura,7070,4,Chadchan,0,0
2,Himachal Pradesh,18,Kangra,6897,9,Chadiyar,0,0
1,Jammu And Kashmir,2,Budgam,8,5,Chadoora,3,8
28,Andhra Pradesh,755,Nandyal,5303,2,Chagalamarri,54,5303
28,Andhra Pradesh,505,East Godavari,4959,2,Chagallu,16,4959
12,Arunachal Pradesh,628,Anjaw,1739,3,Chaglagam Circle,6,1739
20,Jharkhand,343,West Singhbhum,2739,3,Chaibasa,17,2739
9,Uttar Pradesh,158,Kaushambi,887,1,Chail,3,887
10,Bihar,200,Kaimur (Bhabua),1452,1,Chainpur,7,1452
20,Jharkhand,331,Gumla,2713,1,Chainpur,13,2713
20,Jharkhand,338,Palamu,2634,2,Chainpur,13,2634
10,Bihar,198,Jamui,1534,1,Chakai,10,1534
21,Odisha,359,Kandhamala,3116,7,Chakapada,5,3116
9,Uttar Pradesh,139,Etawah,840,1,Chakarnagar,5,840
19,West Bengal,320,Nadia,2314,3,Chakdah,16,2314
9,Uttar Pradesh,135,Chandauli,994,9,Chakia,3,994
10,Bihar,213,Purbi Champaran,1051,1,Chakia(Pipra),21,1051
5,Uttarakhand,52,Pauri Garhwal,6036,5,Chakisain,0,0
10,Bihar,194,Buxar,1436,1,Chakki,2,1436
14,Manipur,253,Chandel,1895,4,Chakpikarong,4,1895
20,Jharkhand,343,West Singhbhum,2731,1,Chakradharpur,3,2731
5,Uttarakhand,49,Dehradun,300,2,Chakrata,1,300
28,Andhra Pradesh,504,Y.S.R. Kadapa,5234,1,Chakrayapet,36,5234
8,Rajasthan,102,Jaipur,550,9,Chaksu,13,550
20,Jharkhand,327,East Singhbum,2613,1,Chakulia,8,2613
27,Maharashtra,481,Latur,4230,1,Chakur,5,4230
32,Kerala,566,Thrissur,5939,1,Chalakkudy,0,0
22,Chhattisgarh,649,Balrampur-Ramanujganj,7340,2,Chalgali,0,0
27,Maharashtra,478,Jalgaon,3972,1,Chalisgaon,13,3972
20,Jharkhand,332,Hazaribagh,2651,1,Chalkusa,0,2651
29,Karnataka,533,Chitradurga,5504,1,Challakere,2,5504
28,Andhra Pradesh,510,Krishna,5035,2,Challapalli,46,5035
29,Karnataka,531,Chamarajanagar,5577,1,Chamarajanagar,2,5577
18,Assam,291,Kamrup,2122,1,Chamaria,6,2122
2,Himachal Pradesh,16,Chamba,90,12,Chamba,8,90
12,Arunachal Pradesh,677,Kra Daadi,1709,6,Chambang Circle,9,1709
3,Punjab,42,Rupnagar,265,4,Chamkaur Sahib,0,265
5,Uttarakhand,47,Chamoli,285,5,Chamoli,2,285
27,Maharashtra,475,Gadchiroli,4058,1,Chamorshi,7,4058
22,Chhattisgarh,379,Janjgir-Champa,3281,3,Champa,3,3281
5,Uttarakhand,48,Champawat,334,7,Champawat,1,334
14,Manipur,712,Kangpokpi,6489,2,Champhai,0,0
15,Mizoram,262,Champhai,1908,2,Champhai,0,1908
21,Odisha,361,Kendujhar,2839,6,Champua,6,2839
8,Rajasthan,107,Jodhpur,7374,3,Chamu,0,0
10,Bihar,190,Banka,1353,1,Chanan,9,1353
10,Bihar,204,Lakhisarai,1369,1,Chanan*,9,1369
24,Gujarat,455,Patan,3750,1,Chanasma,8,3750
19,West Bengal,316,Malda,2210,1,Chanchal - I,3,2210
19,West Bengal,316,Malda,2211,1,Chanchal - II,4,2211
10,Bihar,200,Kaimur (Bhabua),1451,2,Chand,6,1451
23,Madhya Pradesh,399,Chhindwara,6996,6,Chand,0,0
21,Odisha,366,Nabarangpur,3190,1,Chandahandi,3,3190
36,Telangana,514,Nalgonda,4652,3,Chandampeta,40,4652
20,Jharkhand,322,Bokaro,2596,1,Chandankiyari,8,2596
28,Andhra Pradesh,749,Ntr,5008,2,Chandarlapadu,19,5008
9,Uttar Pradesh,135,Chandauli,993,12,Chandauli,2,993
9,Uttar Pradesh,659,Sambhal,722,10,Chandausi,5,722
21,Odisha,348,Bhadrak,2919,7,Chandbali,8,2919
14,Manipur,253,Chandel,1894,3,Chandel,3,1894
23,Madhya Pradesh,391,Ashoknagar,3685,4,Chanderi,2,3685
27,Maharashtra,480,Kolhapur,4294,1,Chandgad,12,4294
10,Bihar,209,Nalanda,1381,1,Chandi,4,1381
23,Madhya Pradesh,436,Umaria,3483,2,Chandia,0,3483
4,Chandigarh,44,Chandigarh,277,1,Chandigarh,1,277
20,Jharkhand,341,Saraikela Kharsawan,2748,1,Chandil,6,2748
19,West Bengal,317,Purba Medinipur,2481,1,Chandipur,40,2481
19,West Bengal,312,Hooghly,2351,1,Chanditala - I,14,2351
19,West Bengal,312,Hooghly,2352,1,Chanditala - II,15,2352
23,Madhya Pradesh,398,Chhatarpur,3426,3,Chandla,0,3426
7,Delhi,795,Old Delhi,7574,1,Chandni Chowk,0,0
22,Chhattisgarh,649,Balrampur-Ramanujganj,7254,1,Chando,0,0
9,Uttar Pradesh,132,Bijnor,716,1,Chandpur,5,716
28,Andhra Pradesh,752,Tirupati,5384,2,Chandragiri,18,5384
19,West Bengal,318,Paschim Medinipur,2446,1,Chandrakona - I,6,2446
19,West Bengal,318,Paschim Medinipur,2447,1,Chandrakona - II,7,2447
18,Assam,618,Kamrup Metro,2131,3,Chandrapur,14,2131
27,Maharashtra,473,Chandrapur,4071,2,Chandrapur,8,4071
22,Chhattisgarh,762,Sakti,7354,1,Chandrapur,0,0
21,Odisha,370,Rayagada,3174,5,Chandrapur,2,3174
20,Jharkhand,322,Bokaro,2589,1,Chandrapura,0,2589
28,Andhra Pradesh,790,Markapuram,5145,2,Chandra Sekhara Puram,49,5145
23,Madhya Pradesh,639,Alirajpur,3711,2,Chandra Shekhar Azad Nagar,5,3711
36,Telangana,690,Bhadradri Kothagudem,4747,3,Chandrugonda,25,4747
36,Telangana,514,Nalgonda,4655,2,Chandur,43,4655
36,Telangana,516,Nizamabad,6669,1,Chandur,0,0
27,Maharashtra,468,Amravati,4005,2,Chandurbazar,5,4005
27,Maharashtra,468,Amravati,4013,1,Chandur Railway,13,4013
36,Telangana,683,Rajanna Sircilla,4419,3,Chandurthi,26,4419
27,Maharashtra,487,Nashik,4148,1,Chandvad,7,4148
20,Jharkhand,335,Latehar,2643,1,Chandwa,19,2643
20,Jharkhand,334,Koderma,2530,1,Chandwara,0,2530
32,Kerala,560,Kottayam,5671,1,Changanassery,4,5671
12,Arunachal Pradesh,229,Changlang,1671,8,Changlang Hq,2,1671
13,Nagaland,250,Wokha,1780,1,Changpang,1,1780
13,Nagaland,246,Mokokchung,1761,1,Changtongya,4,1761
20,Jharkhand,339,Ranchi,2694,1,Chanho,10,2694
29,Karnataka,535,Davanagere,5514,1,Channagiri,6,5514
29,Karnataka,631,Bengaluru South,5607,1,Channapatna,7,5607
1,Jammu And Kashmir,13,Srinagar,6802,3,Channapora/Natipora,0,0
29,Karnataka,539,Hassan,5560,1,Channarayapatna,8,5560
10,Bihar,211,Pashchim Champaran,1025,1,Chanpatia,13,1025
28,Andhra Pradesh,504,Y.S.R. Kadapa,5213,1,Chapad,15,5213
18,Assam,285,Dhubri,6019,3,Chapar Pt,0,2010
19,West Bengal,320,Nadia,2305,1,Chapra,7,2305
10,Bihar,218,Saran,1258,1,Chapra,11,1258
36,Telangana,694,Nagarkurnool,6293,1,Charakonda,0,0
22,Chhattisgarh,381,Uttar Bastar Kanker,3348,1,Charama,1,3348
1,Jammu And Kashmir,2,Budgam,9,4,Charar- E- Shrief,3,9
10,Bihar,221,Sitamarhi,1076,1,Charaut,14,1076
13,Nagaland,249,Tuensang,1815,1,Chare,5,1815
18,Assam,301,Sonitpur,2042,9,Chariduar,2,2042
9,Uttar Pradesh,165,Mahoba,869,1,Charkhari,2,869
36,Telangana,507,Hyderabad,4510,1,Charminar,15,4510
10,Bihar,193,Bhojpur,1430,1,Charpokhari,10,1430
20,Jharkhand,322,Bokaro,2595,1,Chas,7,2595
1,Jammu And Kashmir,627,Reasi,6738,2,Chassana,0,0
20,Jharkhand,323,Chatra,2518,1,Chatra,5,2518
28,Andhra Pradesh,748,Eluru,5001,2,Chatrai,12,5001
5,Uttarakhand,52,Pauri Garhwal,312,4,Chaubatta Khal,0,312
10,Bihar,194,Buxar,1438,1,Chaugain,4,1438
5,Uttarakhand,45,Almora,326,3,Chaukhutiya,0,326
2,Himachal Pradesh,23,Shimla,185,1,Chaupal,9,185
20,Jharkhand,332,Hazaribagh,2644,1,Chauparan,1,2644
23,Madhya Pradesh,399,Chhindwara,3650,8,Chaurai,3,3650
9,Uttar Pradesh,148,Gorakhpur,951,4,Chauri Chaura,4,951
10,Bihar,205,Madhepura,1170,1,Chausa,13,1170
10,Bihar,194,Buxar,1442,1,Chausa,13,1442
10,Bihar,202,Khagaria,1325,1,Chautham,4,1325
8,Rajasthan,113,Sawai Madhopur,530,1,Chauth Ka Barwara,5,530
32,Kerala,566,Thrissur,5653,1,Chavakkad,2,5653
15,Mizoram,264,Lawngtlai,1916,1,Chawngte,1,1916
12,Arunachal Pradesh,231,East Kameng,1590,2,Chayangtajo Adc,9,1590
28,Andhra Pradesh,506,Guntur,5079,1,Chebrolu,40,5079
8,Rajasthan,109,Kota,7375,6,Chechat,0,0
28,Andhra Pradesh,744,Anakapalli,4858,2,Cheedikada,18,4858
28,Andhra Pradesh,521,Vizianagaram,4827,2,Cheepurupalli,21,4827
36,Telangana,513,Medak,4466,3,Chegunta,16,4466
10,Bihar,224,Vaishali,1273,1,Chehra Kalan,6,1273
28,Andhra Pradesh,515,Sri Potti Sriramulu Nellore,5172,1,Chejerla,20,5172
29,Karnataka,630,Chikkaballapura,7407,4,Chelur,0,0
13,Nagaland,247,Mon,1753,1,Chen,10,1753
1,Jammu And Kashmir,14,Udhampur,73,3,Chenani,4,73
10,Bihar,215,Rohtas,1468,1,Chenari,12,1468
18,Assam,280,Barpeta,2021,1,Chenga,3,2021
33,Tamil Nadu,730,Chengalpattu,5706,8,Chengalpattu,3,5706
33,Tamil Nadu,593,Tiruvannamalai,5725,1,Chengam,5,5725
32,Kerala,554,Alappuzha,5677,1,Chengannur,5,5677
36,Telangana,522,Warangal,4712,1,Chennaraopet,41,4712
28,Andhra Pradesh,754,Sri Sathya Sai,5347,3,Chennekothapalli,44,5347
36,Telangana,684,Mancherial,4356,2,Chennur,52,4356
28,Andhra Pradesh,504,Y.S.R. Kadapa,5226,1,Chennur,28,5226
33,Tamil Nadu,592,Tirunelveli,6648,1,Cheranmahadevi,0,0
10,Bihar,191,Begusarai,1307,1,Cheria Bariarpur,4,1307
36,Telangana,692,Siddipet,4672,4,Cherial,1,4672
36,Telangana,690,Bhadradri Kothagudem,4726,2,Cherla,4,4726
32,Kerala,554,Alappuzha,5673,1,Cherthala,1,5673
28,Andhra Pradesh,750,Bapatla,5090,3,Cherukupalli,51,5090
13,Nagaland,765,Shamator,1827,2,Chessore,12,1827
12,Arunachal Pradesh,241,Upper Subansiri,1614,4,Chetam Peer Yapu Circle,0,1614
13,Nagaland,248,Phek,1807,1,Chetheba,6,1807
31,Lakshadweep,553,Lakshadweep District,5622,1,Chetlat,1,5622
33,Tamil Nadu,593,Tiruvannamalai,6617,1,Chetpet,0,0
36,Telangana,518,Ranga Reddy,4529,1,Chevella,18,4529
10,Bihar,219,Sheikhpura,1376,1,Chewara,5,1376
33,Tamil Nadu,593,Tiruvannamalai,5722,3,Cheyyar,2,5722
33,Tamil Nadu,730,Chengalpattu,5711,2,Cheyyur,8,5711
8,Rajasthan,89,Baran,676,1,Chhabra,7,676
6,Haryana,76,Yamunanagar,363,6,Chhachhrauli,2,363
23,Madhya Pradesh,405,Khandwa (East Nimar),7424,2,Chhaigaon Makhan,0,0
22,Chhattisgarh,386,Raigarh,7240,1,Chhal,0,0
23,Madhya Pradesh,428,Seoni,3660,1,Chhapara,0,3660
9,Uttar Pradesh,167,Mathura,761,4,Chhata,1,761
10,Bihar,223,Supaul,1103,2,Chhatapur,3,1103
8,Rajasthan,93,Bikaner,479,6,Chhatargarh,7,479
7,Delhi,83,South,7587,6,Chhatarpur,0,0
20,Jharkhand,338,Palamu,2620,1,Chhatarpur,3,2620
23,Madhya Pradesh,398,Chhatarpur,3429,6,Chhatarpur,4,3429
23,Madhya Pradesh,398,Chhatarpur,7006,5,Chhatarpur Nagar,0,0
19,West Bengal,305,Bankura,2359,1,Chhatna,4,2359
27,Maharashtra,469,Chhatrapati Sambhajinagar,4137,3,Chhatrapati Sambhajinagar,5,4137
21,Odisha,354,Ganjam,3085,6,Chhatrapur,13,3085
2,Himachal Pradesh,22,Mandi,6950,3,Chhatri,0,0
1,Jammu And Kashmir,620,Kishtwar,70,4,Chhatroo,4,70
18,Assam,291,Kamrup,2120,1,Chhaygaon,5,2120
21,Odisha,344,Anugola,3014,6,Chhendipada,16,3014
9,Uttar Pradesh,155,Kannauj,833,3,Chhibramau,1,833
22,Chhattisgarh,642,Sukma,3374,4,Chhindgarh,4,3374
23,Madhya Pradesh,399,Chhindwara,3654,3,Chhindwara,6,3654
23,Madhya Pradesh,399,Chhindwara,7020,1,Chhindwara Nagar,0,0
8,Rajasthan,89,Baran,677,1,Chhipabarod,8,677
10,Bihar,191,Begusarai,1305,1,Chhorahi,2,1305
24,Gujarat,668,Chhotaudepur,3901,2,Chhota Udaipur,5,3901
22,Chhattisgarh,637,Narayanpur,7318,4,Chhotedongar,0,0
8,Rajasthan,768,Didwana-Kuchaman,7364,2,Chhoti Khatoo,0,0
8,Rajasthan,629,Pratapgarh,698,1,Chhoti Sadri,10,698
8,Rajasthan,88,Banswara,6042,4,Chhoti Sarwan,0,0
22,Chhattisgarh,759,Khairagarh-Chhuikhadan-Gandai,3302,4,Chhuikhadan,1,3302
22,Chhattisgarh,645,Gariyaband,3336,2,Chhura,0,3336
22,Chhattisgarh,388,Rajnandgaon,3306,2,Chhuriya,0,3306
23,Madhya Pradesh,394,Betul,3601,2,Chicholi,0,3601
33,Tamil Nadu,570,Cuddalore,5791,2,Chidambaram,3,5791
13,Nagaland,245,Kohima,1845,1,Chiephobozou,2,1845
36,Telangana,508,Karimnagar,4442,1,Chigurumamidi,49,4442
24,Gujarat,452,Narmada,7545,5,Chikada,0,0
27,Maharashtra,468,Amravati,4002,1,Chikhaldara,2,4002
8,Rajasthan,99,Dungarpur,6059,4,Chikhali,0,0
27,Maharashtra,472,Buldhana,3983,1,Chikhli,9,3983
24,Gujarat,453,Navsari,3925,2,Chikhli,4,3925
21,Odisha,354,Ganjam,7487,4,Chikiti,0,0
29,Karnataka,630,Chikkaballapura,5596,1,Chikkaballapura,0,5596
29,Karnataka,532,Chikkamagaluru,5530,2,Chikkamagaluru,6,5530
29,Karnataka,548,Tumakuru,5532,1,Chiknayakanhalli,1,5532
29,Karnataka,527,Belagavi,5433,4,Chikodi,1,5433
28,Andhra Pradesh,751,Palnadu,5070,2,Chilakaluripet H/O.Purushotha Patnam,31,5070
28,Andhra Pradesh,754,Sri Sathya Sai,5366,2,Chilamathur,63,5366
21,Odisha,362,Khordha,7497,4,Chilika,0,0
14,Manipur,257,Senapati,6483,1,Chilivai Phaibung,0,0
36,Telangana,696,Suryapet,4667,2,Chilkur,55,4667
28,Andhra Pradesh,515,Sri Potti Sriramulu Nellore,5190,3,Chillakur,38,5190
1,Jammu And Kashmir,4,Doda,6754,3,Chilly Pingal,0,0
36,Telangana,513,Medak,6274,4,Chilpched,0,0
36,Telangana,689,Jangoan,6259,1,Chilpur,0,0
28,Andhra Pradesh,517,Prakasam,5128,2,Chimakurthy,32,5128
27,Maharashtra,473,Chandrapur,4065,1,Chimur,2,4065
28,Andhra Pradesh,750,Bapatla,5125,2,Chinaganjam,29,5125
29,Karnataka,538,Kalaburagi,5583,3,Chincholi,4,5583
14,Manipur,260,Ukhrul,1887,2,Chingai,1,1887
13,Nagaland,249,Tuensang,1822,1,Chingmei,0,1822
20,Jharkhand,328,Garhwa,2507,1,Chinia,9,2507
36,Telangana,512,Mahabubnagar,4587,2,Chinnachintakunta,39,4587
28,Andhra Pradesh,752,Tirupati,5385,2,Chinnagottigallu,19,5385
36,Telangana,688,Mahabubabad,6254,2,Chinnagudur,0,0
36,Telangana,692,Siddipet,4460,3,Chinnakodur,11,4460
28,Andhra Pradesh,753,Annamayya,5236,2,Chinnamandem,38,5236
36,Telangana,693,Wanaparthy,6287,2,Chinnambavi,0,0
33,Tamil Nadu,729,Kallakurichi,5977,3,Chinnasalem,0,0
23,Madhya Pradesh,407,Gwalior,3402,6,Chinour,0,3402
19,West Bengal,312,Hooghly,2346,2,Chinsurah - Magra,9,2346
36,Telangana,699,Kumuram Bheem Asifabad,6314,1,Chintalamanepally,0,0
28,Andhra Pradesh,748,Eluru,4944,2,Chintalapudi,1,4944
29,Karnataka,630,Chikkaballapura,5600,4,Chintamani,6,5600
36,Telangana,509,Khammam,4760,1,Chinthakani,38,4760
28,Andhra Pradesh,504,Y.S.R. Kadapa,5231,1,Chinthakommadinne,33,5231
36,Telangana,696,Suryapet,6303,1,Chinthalapalem,0,0
28,Andhra Pradesh,745,Alluri Sitharama Raju,4849,3,Chinthapalli,9,4849
36,Telangana,514,Nalgonda,4650,2,Chinthapally,38,4650
28,Andhra Pradesh,791,Polavaram,4732,5,Chinturu,10,4732
5,Uttarakhand,57,Uttarkashi,282,1,Chinyali Saur,0,282
27,Maharashtra,492,Ratnagiri,4269,1,Chiplun,4,4269
28,Andhra Pradesh,511,Kurnool,5291,1,Chippagiri,42,5291
10,Bihar,213,Purbi Champaran,1040,1,Chiraia,10,1040
28,Andhra Pradesh,750,Bapatla,5123,2,Chirala,27,5123
1,Jammu And Kashmir,4,Doda,6758,1,Chiralla,0,0
8,Rajasthan,106,Jhunjhunu,488,2,Chirawa,2,488
32,Kerala,565,Thiruvananthapuram,5689,2,Chirayinkeezhu,1,5689
2,Himachal Pradesh,23,Shimla,192,7,Chirgaon,16,192
22,Chhattisgarh,760,Manendragarh-Chirmiri-Bharatpur(M C B),7268,6,Chirmiri,0,0
29,Karnataka,529,Bidar,7084,2,Chitaguppa,0,0
8,Rajasthan,104,Jalore,6046,5,Chitalwana,0,0
20,Jharkhand,607,Ramgarh,2664,1,Chitarpur,0,2664
29,Karnataka,533,Chitradurga,5505,1,Chitradurga,3,5505
1,Jammu And Kashmir,625,Shopian,6799,2,Chitragam,0,0
21,Odisha,364,Malkangiri,3223,8,Chitrakonda,4,3223
23,Madhya Pradesh,638,Singrauli,3703,5,Chitrangi,5,3703
28,Andhra Pradesh,752,Tirupati,5193,2,Chittamur,41,5193
29,Karnataka,538,Kalaburagi,5585,10,Chittapur,6,5585
28,Andhra Pradesh,503,Chittoor,5421,5,Chittoor Rural,55,5421
28,Andhra Pradesh,503,Chittoor,7427,4,Chittoor Urban,0,0
8,Rajasthan,95,Chittorgarh,659,4,Chittorgarh,5,659
32,Kerala,563,Palakkad,5650,1,Chittur,4,5650
28,Andhra Pradesh,752,Tirupati,5245,3,Chitvel,47,5245
36,Telangana,687,Jayashankar Bhupalapally,4681,3,Chityal,10,4681
36,Telangana,514,Nalgonda,4633,2,Chityal,21,4633
36,Telangana,696,Suryapet,4639,3,Chivemla,27,4639
13,Nagaland,248,Phek,1812,1,Chizami,10,1812
28,Andhra Pradesh,744,Anakapalli,4872,2,Chodavaram,32,4872
8,Rajasthan,90,Barmer,584,9,Chohtan,8,584
17,Meghalaya,277,South Garo Hills,1975,3,Chokpot,1,1975
8,Rajasthan,102,Jaipur,541,3,Chomu,4,541
12,Arunachal Pradesh,678,Namsai,1731,6,Chongkham Eac,11,1731
27,Maharashtra,478,Jalgaon,3960,1,Chopda,1,3960
36,Telangana,508,Karimnagar,4424,1,Choppadandi,31,4424
19,West Bengal,311,Uttar Dinajpur,2191,1,Chopra,1,2191
24,Gujarat,459,Surat,3938,1,Chorasi,10,3938
24,Gujarat,460,Surendranagar,3794,2,Chotila,7,3794
36,Telangana,697,Yadadri Bhuvanagiri,4631,2,Choutuppal,19,4631
36,Telangana,698,Vikarabad,7186,4,Chowdapur,0,0
28,Andhra Pradesh,753,Annamayya,5413,2,Chowdepalle,47,5413
1,Jammu And Kashmir,5,Jammu,6703,1,Chowki Choura,0,0
36,Telangana,691,Sangareddy,7188,1,Chowtakur,0,0
13,Nagaland,248,Phek,1806,1,Chozuba,5,1806
13,Nagaland,246,Mokokchung,1762,1,Chuchuyimlang,5,1762
24,Gujarat,460,Surendranagar,3796,1,Chuda,9,3796
13,Nagaland,250,Wokha,1791,1,Chukitong,11,1791
13,Nagaland,758,Chumoukedima,1797,10,Chumukedima,5,1797
9,Uttar Pradesh,170,Mirzapur,1003,1,Chunar,4,1003
36,Telangana,690,Bhadradri Kothagudem,6376,1,Chunchupalli,0,0
11,Sikkim,226,Mangan,1547,5,Chungthang,1,1547
13,Nagaland,757,Tseminyu,5987,2,Chunlikha,0,0
14,Manipur,254,Churachandpur,1871,11,Churachandpur,4,1871
2,Himachal Pradesh,16,Chamba,84,6,Churah,2,84
20,Jharkhand,332,Hazaribagh,2658,1,Churchu,12,2658
23,Madhya Pradesh,433,Sidhi,3698,3,Churhat,2,3698
8,Rajasthan,96,Churu,484,1,Churu,4,484
23,Madhya Pradesh,407,Gwalior,7039,6,City Center,0,0
33,Tamil Nadu,569,Coimbatore,5897,2,Coimbatore North,5,5897
33,Tamil Nadu,569,Coimbatore,5898,4,Coimbatore South,6,5898
9,Uttar Pradesh,147,Gonda,929,1,Colonelganj,2,929
19,West Bengal,317,Purba Medinipur,2488,1,Contai - I,47,2488
19,West Bengal,317,Purba Medinipur,2490,1,Contai - III,49,2490
19,West Bengal,308,Cooch Behar,2183,3,Cooch Behar - I,5,2183
19,West Bengal,308,Cooch Behar,2184,1,Cooch Behar - II,6,2184
33,Tamil Nadu,587,The Nilgiris,5758,1,Coonoor,5,5758
33,Tamil Nadu,570,Cuddalore,5789,1,Cuddalore,2,5789
28,Andhra Pradesh,790,Markapuram,5117,2,Cumbum,21,5117
21,Odisha,350,Kataka,2962,8,Cuttack,7,2962
24,Gujarat,461,Vadodara,3905,1,Dabhoi,9,3905
22,Chhattisgarh,762,Sakti,3284,3,Dabhra,6,3284
23,Madhya Pradesh,407,Gwalior,3400,19,Dabra,2,3400
21,Odisha,366,Nabarangpur,3192,5,Dabugan,5,3192
6,Haryana,74,Sirsa,389,5,Dabwali,1,389
28,Andhra Pradesh,751,Palnadu,5045,3,Dachepalli,6,5045
1,Jammu And Kashmir,620,Kishtwar,6765,1,Dachhan,0,0
2,Himachal Pradesh,24,Sirmaur,171,6,Dadahu,5,171
12,Arunachal Pradesh,239,Tirap,1687,9,Dadam Circle,0,1687
2,Himachal Pradesh,18,Kangra,6918,9,Dadasiba,0,0
17,Meghalaya,278,West Garo Hills,1963,3,Dadenggiri,2,1963
20,Jharkhand,332,Hazaribagh,2659,1,Dadi,0,2659
38,The Dadra And Nagar Haveli And Daman And Diu,465,Dadra And Nagar Haveli,3949,1,Dadra & Nagar Haveli,1,3949
9,Uttar Pradesh,144,Gautam Buddha Nagar,742,1,Dadri,1,742
6,Haryana,701,Charkhi Dadri,402,3,Dadri,6,402
8,Rajasthan,105,Jhalawar,6926,3,Dag,0,0
28,Andhra Pradesh,515,Sri Potti Sriramulu Nellore,5166,1,Dagadarthi,14,5166
10,Bihar,214,Purnia,1141,1,Dagarua,14,1141
27,Maharashtra,665,Palghar,4158,2,Dahanu,2,4158
36,Telangana,699,Kumuram Bheem Asifabad,4329,4,Dahegoan,25,4329
23,Madhya Pradesh,403,Dhar,3537,1,Dahi,0,3537
6,Haryana,72,Rewari,6464,1,Dahina St,0,0
28,Andhra Pradesh,752,Tirupati,5186,2,Dakkili,34,5186
18,Assam,283,Darrang,2149,1,Dalgaon (Pt),7,2149
2,Himachal Pradesh,16,Chamba,87,6,Dalhousie,5,87
9,Uttar Pradesh,175,Rae Bareli,827,2,Dalmau,5,827
23,Madhya Pradesh,416,Mandsaur,3497,3,Daloda,0,3497
8,Rajasthan,629,Pratapgarh,7151,3,Dalot,0,0
10,Bihar,217,Samastipur,1297,1,Dalsinghsarai,14,1297
17,Meghalaya,278,West Garo Hills,1969,4,Dalu,7,1969
38,The Dadra And Nagar Haveli And Daman And Diu,463,Daman,3948,1,Daman,1,3948
36,Telangana,721,Narayanpet,4553,3,Damargidda,5,4553
17,Meghalaya,273,East Garo Hills,1971,1,Dambo Rongjeng,2,1971
12,Arunachal Pradesh,230,Dibang Valley,6591,1,Dambuen Circle,0,0
12,Arunachal Pradesh,235,Lower Dibang Valley,1725,2,Dambuk Adc,9,1725
36,Telangana,686,Hanumakonda,6375,3,Damera,0,0
36,Telangana,514,Nalgonda,4663,3,Dameracherla,51,4663
12,Arunachal Pradesh,233,Kurung Kumey,1714,5,Damin Circle,12,1714
36,Telangana,690,Bhadradri Kothagudem,4750,2,Dammapeta,28,4750
23,Madhya Pradesh,400,Damoh,3458,3,Damoh,5,3458
23,Madhya Pradesh,400,Damoh,6999,3,Damyanti Nagar,0,0
20,Jharkhand,328,Garhwa,2510,1,Danda,0,2510
20,Jharkhand,328,Garhwa,2506,1,Dandai,8,2506
10,Bihar,191,Begusarai,1317,1,Dandari,14,1317
29,Karnataka,550,Uttara Kannada,7064,5,Dandeli,0,0
36,Telangana,684,Mancherial,4348,3,Dandepally,44,4348
10,Bihar,201,Katihar,1150,1,Dandkhora,9,1150
21,Odisha,356,Jajpur,7475,7,Dangadi,0,0
1,Jammu And Kashmir,3,Baramulla,6827,5,Dangarpora,0,0
18,Assam,281,Bongaigaon,7110,2,Dangtal Revenue Circle,0,0
10,Bihar,212,Patna,1412,1,Daniawan,15,1412
1,Jammu And Kashmir,5,Jammu,6712,1,Dansal,0,0
24,Gujarat,441,Banas Kantha,3737,7,Danta,6,3737
19,West Bengal,318,Paschim Medinipur,2467,1,Dantan - I,34,2467
19,West Bengal,318,Paschim Medinipur,2468,1,Dantan - II,35,2468
8,Rajasthan,114,Sikar,554,1,Danta Ramgarh,4,554
22,Chhattisgarh,376,Dakshin Bastar Dantewada,3369,2,Dantewada,3,3369
36,Telangana,688,Mahabubabad,6255,1,Danthalapalle,0,0
24,Gujarat,441,Banas Kantha,3735,1,Dantiwada,4,3735
27,Maharashtra,492,Ratnagiri,4267,1,Dapoli,2,4267
12,Arunachal Pradesh,241,Upper Subansiri,1615,4,Daporijo Hq,8,1615
12,Arunachal Pradesh,243,West Siang,1628,7,Darak Circle,7,1628
10,Bihar,222,Siwan,1242,1,Darauli,14,1242
10,Bihar,222,Siwan,1246,1,Daraundha,18,1246
22,Chhattisgarh,374,Bastar,3366,1,Darbha,4,3366
10,Bihar,195,Darbhanga,1184,1,Darbhanga,4,1184
2,Himachal Pradesh,18,Kangra,6901,8,Dareeni,0,0
1,Jammu And Kashmir,12,Rajouri,21,2,Darhal,1,21
22,Chhattisgarh,650,Bemetara,7357,1,Darhi,0,0
10,Bihar,218,Saran,1264,1,Dariapur,17,1264
22,Chhattisgarh,389,Surguja,7261,1,Darima,0,0
21,Odisha,359,Kandhamala,3125,9,Daringbadi,14,3125
12,Arunachal Pradesh,724,Leparada,1637,4,Daring Circle,16,1637
19,West Bengal,309,Darjeeling,2154,1,Darjeeling Pulbazar,1,2154
2,Himachal Pradesh,25,Solan,159,9,Darlaghat,0,159
15,Mizoram,261,Aizawl,1902,2,Darlawn,1,1902
21,Odisha,356,Jajpur,7474,5,Darpan,0,0
22,Chhattisgarh,383,Korba,7266,1,Darri,0,0
28,Andhra Pradesh,517,Prakasam,5114,1,Darsi,18,5114
20,Jharkhand,332,Hazaribagh,2649,1,Daru,0,2649
27,Maharashtra,500,Yavatmal,4083,1,Darwha,5,4083
27,Maharashtra,468,Amravati,4011,1,Daryapur,11,4011
24,Gujarat,460,Surendranagar,3790,1,Dasada,3,3790
21,Odisha,363,Koraput,3202,3,Dasamantapur,4,3202
21,Odisha,367,Nayagada,3023,3,Dasapalla,1,3023
21,Odisha,356,Jajpur,7473,3,Dasarathpur,0,0
24,Gujarat,438,Ahmedabad,3782,1,Daskroi,6,3782
19,West Bengal,318,Paschim Medinipur,2449,1,Daspur - I,9,2449
19,West Bengal,318,Paschim Medinipur,2450,1,Daspur - II,10,2450
36,Telangana,680,Nirmal,6207,2,Dasturabad,0,0
3,Punjab,33,Hoshiarpur,214,5,Dasua,1,214
9,Uttar Pradesh,133,Budaun,783,2,Dataganj,6,783
23,Madhya Pradesh,401,Datia,3405,15,Datia,2,3405
23,Madhya Pradesh,401,Datia,6991,4,Datia Nagar,0,0
28,Andhra Pradesh,521,Vizianagaram,4823,1,Dattirajeru,17,4823
10,Bihar,189,Aurangabad,1476,1,Daudnagar,1,1476
27,Maharashtra,490,Pune,4195,1,Daund,9,4195
22,Chhattisgarh,646,Balod,3322,3,Daundi,0,3322
22,Chhattisgarh,646,Balod,3320,8,Daundilohara,9,3320
22,Chhattisgarh,649,Balrampur-Ramanujganj,7251,3,Daura-Kochali,0,0
8,Rajasthan,97,Dausa,536,7,Dausa,4,536
29,Karnataka,535,Davanagere,5512,1,Davanagere,4,5512
10,Bihar,215,Rohtas,1459,1,Dawath,3,1459
6,Haryana,60,Faridabad,6415,1,Dayalpur St,0,0
21,Odisha,351,Debagada,2800,8,Debagarh,1,2800
9,Uttar Pradesh,134,Bulandshahr,749,3,Debai,5,749
12,Arunachal Pradesh,231,East Kameng,7021,4,Debeyar Co Circle,0,0
19,West Bengal,318,Paschim Medinipur,2462,1,Debra,22,2462
8,Rajasthan,772,Phalodi,6937,8,Dechoo,0,0
24,Gujarat,452,Narmada,3911,6,Dediapada,3,3911
12,Arunachal Pradesh,786,Keyi Panyor,6842,2,Deed Circle,0,0
8,Rajasthan,767,Deeg,508,4,Deeg,4,508
24,Gujarat,441,Banas Kantha,3740,4,Deesa,9,3740
24,Gujarat,441,Banas Kantha,7437,1,Deesa City,0,0
8,Rajasthan,110,Nagaur,563,9,Degana,7,563
19,West Bengal,303,North 24 Parganas,2327,1,Deganga,12,2327
27,Maharashtra,485,Nanded,4110,1,Deglur,16,4110
8,Rajasthan,110,Nagaur,7223,3,Deh,0,0
2,Himachal Pradesh,23,Shimla,6958,5,Deha,0,0
2,Himachal Pradesh,22,Mandi,6949,6,Dehar,0,0
24,Gujarat,446,Gandhinagar,3776,1,Dehgam,4,3776
5,Uttarakhand,49,Dehradun,304,9,Dehradun,3,304
2,Himachal Pradesh,18,Kangra,103,29,Dehra Gopipur,10,103
10,Bihar,215,Rohtas,1473,1,Dehri,17,1473
21,Odisha,369,Puri,3056,4,Delanga,1,3056
8,Rajasthan,115,Sirohi,7154,2,Deldar,0,0
7,Delhi,79,New Delhi,452,3,Delhi Cantonment,2,452
8,Rajasthan,112,Rajsamand,6935,6,Delwara,0,0
17,Meghalaya,278,West Garo Hills,6546,8,Demdema,0,0
28,Andhra Pradesh,748,Eluru,4967,2,Denduluru,24,4967
28,Andhra Pradesh,521,Vizianagaram,4839,1,Denkada,33,4839
33,Tamil Nadu,577,Krishnagiri,5892,2,Denkanikottai,3,5892
11,Sikkim,228,Gyalshing,6398,1,Dentam,0,0
10,Bihar,189,Aurangabad,1485,1,Deo,10,1485
9,Uttar Pradesh,177,Saharanpur,704,1,Deoband,4,704
24,Gujarat,789,Vav-Tharad,3741,4,Deodar,10,3741
21,Odisha,345,Balangir,7453,2,Deogaon,0,0
8,Rajasthan,112,Rajsamand,640,4,Deogarh,2,640
20,Jharkhand,324,Deoghar,2545,1,Deoghar,1,2545
27,Maharashtra,487,Nashik,4144,1,Deola,3,4144
27,Maharashtra,472,Buldhana,3985,1,Deolgaon Raja,11,3985
8,Rajasthan,116,Tonk,620,6,Deoli,6,620
7,Delhi,83,South,7588,1,Deoli,0,0
27,Maharashtra,498,Wardha,4020,1,Deoli,6,4020
12,Arunachal Pradesh,239,Tirap,1684,8,Deomali Adc,1,1684
27,Maharashtra,481,Latur,4234,1,Deoni,9,4234
27,Maharashtra,476,Gondia,4051,1,Deori,8,4051
23,Madhya Pradesh,421,Raisen,7010,6,Deori,0,0
20,Jharkhand,329,Giridih,2534,1,Deori,3,2534
23,Madhya Pradesh,425,Sagar,3453,1,Deori,9,3453
9,Uttar Pradesh,137,Deoria,959,7,Deoria,1,959
23,Madhya Pradesh,638,Singrauli,3704,6,Deosar,6,3704
23,Madhya Pradesh,410,Indore,3540,4,Depalpur,1,3540
3,Punjab,32,Gurdaspur,204,1,Dera Baba Nanak,5,204
3,Punjab,608,S.A.S Nagar,268,8,Dera Bassi,5,268
21,Odisha,360,Kendrapada,2930,3,Derabish,4,2930
9,Uttar Pradesh,156,Kanpur Dehat,844,1,Derapur,2,844
18,Assam,288,Golaghat,2084,3,Dergaon,3,2084
27,Maharashtra,475,Gadchiroli,4052,1,Desaiganj (Vadasa),1,4052
12,Arunachal Pradesh,235,Lower Dibang Valley,6569,1,Desali Circle,0,0
24,Gujarat,461,Vadodara,6035,1,Desar,0,0
19,West Bengal,317,Purba Medinipur,2489,1,Deshopran,48,2489
10,Bihar,224,Vaishali,1281,1,Desri,14,1281
8,Rajasthan,111,Pali,603,3,Desuri,7,603
24,Gujarat,438,Ahmedabad,3778,1,Detroj-Rampura,2,3778
29,Karnataka,546,Raichur,5460,3,Devadurga,2,5460
33,Tamil Nadu,585,Sivaganga,5831,1,Devakottai,3,5831
5,Uttarakhand,53,Pithoragarh,6424,8,Devalthal,0,0
29,Karnataka,526,Bengaluru Rural,5603,1,Devanahalli,3,5603
28,Andhra Pradesh,511,Kurnool,5276,1,Devanakonda,27,5276
29,Karnataka,530,Vijayapura,7071,5,Devara Hipparagi,0,0
36,Telangana,512,Mahabubnagar,4573,3,Devarakadra,25,4573
36,Telangana,514,Nalgonda,4653,4,Devarakonda,41,4653
28,Andhra Pradesh,505,East Godavari,4957,2,Devarapalle,14,4957
28,Andhra Pradesh,744,Anakapalli,4859,3,Devarapalli,19,4859
36,Telangana,689,Jangoan,4701,2,Devaruppula,30,4701
22,Chhattisgarh,645,Gariyaband,3338,3,Devbhog,13,3338
23,Madhya Pradesh,420,Panna,3437,2,Devendranagar,0,3437
27,Maharashtra,495,Sindhudurg,4275,1,Devgad,1,4275
24,Gujarat,445,Dahod,3895,1,Devgadbaria,6,3895
32,Kerala,556,Idukki,5664,1,Devikulam,1,5664
28,Andhra Pradesh,791,Polavaram,4885,3,Devipatnam,2,4885
20,Jharkhand,324,Deoghar,2549,1,Devipur,4,2549
22,Chhattisgarh,650,Bemetara,7298,3,Devkar,0,0
5,Uttarakhand,55,Tehri Garhwal,294,10,Devprayag,2,294
1,Jammu And Kashmir,622,Kulgam,60,13,Devsar,4,60
5,Uttarakhand,47,Chamoli,6347,4,Dewal,0,0
23,Madhya Pradesh,402,Dewas,3526,5,Dewas,3,3526
23,Madhya Pradesh,402,Dewas,7031,1,Dewas Nagar,0,0
10,Bihar,213,Purbi Champaran,1039,1,Dhaka,9,1039
18,Assam,295,Lakhimpur,2053,1,Dhakuakhana (Pt-I),91,2053
20,Jharkhand,327,East Singhbum,2611,1,Dhalbhumgarh,7,2611
2,Himachal Pradesh,22,Mandi,7175,2,Dhalwan,0,0
27,Maharashtra,468,Amravati,4014,1,Dhamangaon Railway,14,4014
10,Bihar,214,Purnia,1132,1,Dhamdaha,5,1132
22,Chhattisgarh,378,Durg,3316,7,Dhamdha,5,3316
2,Himachal Pradesh,23,Shimla,6964,22,Dhami,0,0
21,Odisha,348,Bhadrak,2913,3,Dhamnagar,5,2913
9,Uttar Pradesh,132,Bijnor,715,1,Dhampur,3,715
22,Chhattisgarh,377,Dhamtari,3346,6,Dhamtari,2,3346
2,Himachal Pradesh,23,Shimla,7577,2,Dhamwari,0,0
10,Bihar,212,Patna,1409,1,Dhanarua,12,1409
8,Rajasthan,90,Barmer,6912,11,Dhanau,0,0
5,Uttarakhand,55,Tehri Garhwal,298,4,Dhanaulti,0,298
9,Uttar Pradesh,154,Amroha,729,6,Dhanaura,1,729
20,Jharkhand,325,Dhanbad,2584,1,Dhanbad-Cum-Kenduadih-Cum-Jagata,5,2584
24,Gujarat,438,Ahmedabad,3787,2,Dhandhuka,11,3787
6,Haryana,66,Kaithal,6448,1,Dhand St,0,0
24,Gujarat,441,Banas Kantha,3734,1,Dhanera,3,3734
19,West Bengal,312,Hooghly,2343,1,Dhaniakhali,6,2343
27,Maharashtra,475,Gadchiroli,4056,1,Dhanora,5,4056
22,Chhattisgarh,643,Kondagaon,7320,2,Dhanora,0,0
23,Madhya Pradesh,428,Seoni,3662,1,Dhanora,0,3662
24,Gujarat,445,Dahod,3896,1,Dhanpur,7,3896
13,Nagaland,758,Chumoukedima,1798,3,Dhansiripar,6,1798
24,Gujarat,672,Arvalli,3770,2,Dhansura,11,3770
36,Telangana,721,Narayanpet,4572,3,Dhanwada,24,4572
20,Jharkhand,329,Giridih,2535,1,Dhanwar,4,2535
23,Madhya Pradesh,403,Dhar,3534,9,Dhar,3,3534
21,Odisha,354,Ganjam,3079,7,Dharakote,7,3079
21,Odisha,358,Kalahandi,3168,4,Dharamgarh,2,3168
22,Chhattisgarh,386,Raigarh,3263,5,Dharamjaigarh,1,3263
3,Punjab,38,Moga,5996,2,Dharamkot,0,0
24,Gujarat,462,Valsad,3928,1,Dharampur,2,3928
23,Madhya Pradesh,403,Dhar,3539,1,Dharampuri,7,3539
27,Maharashtra,478,Jalgaon,3968,1,Dharangaon,9,3968
33,Tamil Nadu,634,Tiruppur,5902,1,Dharapuram,7,5902
27,Maharashtra,488,Dharashiv,4240,4,Dharashiv,5,4240
30,Goa,793,Kushavati,5931,2,Dharbandora,0,0
5,Uttarakhand,53,Pithoragarh,316,8,Dharchula,2,316
10,Bihar,207,Munger,1359,1,Dharhara,4,1359
5,Uttarakhand,51,Nainital,341,4,Dhari,3,341
24,Gujarat,439,Amreli,3845,1,Dhari,7,3845
8,Rajasthan,629,Pratapgarh,696,1,Dhariawad,7,696
3,Punjab,662,Pathankot,200,2,Dhar Kalan,1,200
27,Maharashtra,485,Nanded,4104,1,Dharmabad,10,4104
16,Tripura,270,North Tripura,6691,1,Dharmanagar,0,0
33,Tamil Nadu,571,Dharmapuri,5888,2,Dharmapuri,9,5888
36,Telangana,681,Jagitial,4397,5,Dharmapuri,5,4397
36,Telangana,682,Peddapalli,4411,3,Dharmaram,18,4411
36,Telangana,686,Hanumakonda,4677,4,Dharmasagar,6,4677
21,Odisha,356,Jajpur,2979,8,Dharmasala,10,2979
28,Andhra Pradesh,754,Sri Sathya Sai,5336,2,Dharmavaram,33,5336
2,Himachal Pradesh,22,Mandi,127,16,Dharmpur,5,127
2,Himachal Pradesh,18,Kangra,99,16,Dharmsala,7,99
27,Maharashtra,468,Amravati,4001,1,Dharni,1,4001
24,Gujarat,789,Vav-Tharad,7544,3,Dharnidhar,0,0
36,Telangana,695,Jogulamba Gadwal,4591,5,Dharoor,43,4591
36,Telangana,516,Nizamabad,4378,4,Dharpally,22,4378
22,Chhattisgarh,387,Raipur,7292,1,Dharsiwa,0,0
6,Haryana,72,Rewari,6463,1,Dharuhera St,0,0
27,Maharashtra,470,Beed,4223,2,Dharur,9,4223
36,Telangana,698,Vikarabad,4531,2,Dharur,20,4531
29,Karnataka,536,Dharwad,5473,3,Dharwad,1,5473
2,Himachal Pradesh,16,Chamba,6944,10,Dharwala,0,0
2,Himachal Pradesh,17,Hamirpur,145,5,Dhatwal,5,145
6,Haryana,60,Faridabad,6414,1,Dhauj St,0,0
9,Uttar Pradesh,661,Hapur,6032,6,Dhaulana,0,0
5,Uttarakhand,45,Almora,6338,9,Dhaulchhina,0,0
5,Uttarakhand,57,Uttarkashi,6365,3,Dhauntari,0,0
9,Uttar Pradesh,159,Kheri,802,26,Dhaurahara,5,802
18,Assam,301,Sonitpur,2041,7,Dhekiajuli (Pt),1,2041
18,Assam,284,Dhemaji,2055,1,Dhemaji,1,2055
21,Odisha,352,Dhenkanal,2999,5,Dhenkanal Sadar,9,2999
23,Madhya Pradesh,413,Katni,3626,4,Dhimarkheda,0,3626
18,Assam,297,Nagaon,2034,2,Dhing,4,2034
2,Himachal Pradesh,18,Kangra,109,14,Dhira,15,109
28,Andhra Pradesh,502,Ananthapuramu,5304,1,D.Hirehal,1,5304
8,Rajasthan,114,Sikar,6387,6,Dhod,0,0
24,Gujarat,438,Ahmedabad,6167,1,Dholera,0,0
10,Bihar,208,Muzaffarpur,1211,1,Dholi (Moraul),13,1211
24,Gujarat,438,Ahmedabad,3783,1,Dholka,7,3783
8,Rajasthan,98,Dholpur,518,6,Dholpur,4,518
28,Andhra Pradesh,755,Nandyal,5289,2,Dhone,40,5289
36,Telangana,692,Siddipet,7189,1,Dhoolmitta,0,0
5,Uttarakhand,52,Pauri Garhwal,309,6,Dhoomakot,4,309
24,Gujarat,457,Rajkot,3810,1,Dhoraji,13,3810
8,Rajasthan,775,Balotra,6050,6,Dhorimanna,0,0
1,Jammu And Kashmir,622,Kulgam,61,4,D H Pora,4,61
24,Gujarat,460,Surendranagar,3789,1,Dhrangadhra,2,3789
24,Gujarat,447,Jamnagar,3816,1,Dhrol,5,3816
18,Assam,285,Dhubri,6014,32,Dhubri,0,2008
23,Madhya Pradesh,397,Burhanpur,7402,2,Dhulcot,0,0
27,Maharashtra,474,Dhule,3959,5,Dhule,4,3959
19,West Bengal,314,Jalpaiguri,2176,3,Dhupguri,11,2176
10,Bihar,190,Banka,1348,1,Dhuraiya,4,1348
3,Punjab,43,Sangrur,270,7,Dhuri,3,270
20,Jharkhand,328,Garhwa,2504,1,Dhurki,7,2504
5,Uttarakhand,45,Almora,6342,6,Dhyari,0,0
19,West Bengal,304,South 24 Parganas,2426,2,Diamond Harbour - I,15,2426
19,West Bengal,304,South 24 Parganas,2427,2,Diamond Harbour - II,16,2427
18,Assam,286,Dibrugarh,2064,1,Dibrugarh East,2,2064
18,Assam,286,Dibrugarh,2063,1,Dibrugarh West,1,2063
36,Telangana,516,Nizamabad,4377,4,Dichpally,21,4377
10,Bihar,212,Patna,7449,1,Didarganj,0,0
5,Uttarakhand,53,Pithoragarh,317,18,Didihat,3,317
8,Rajasthan,768,Didwana-Kuchaman,558,5,Didwana,2,558
21,Odisha,354,Ganjam,3096,6,Digapahandi,16,3096
10,Bihar,203,Kishanganj,1122,1,Dighalbank,2,1122
23,Madhya Pradesh,434,Tikamgarh,7394,2,Dighora,0,0
10,Bihar,218,Saran,1266,2,Dighwara,19,1266
35,Andaman And Nicobar Islands,632,North And Middle Andaman,5919,1,Diglipur,0,5919
8,Rajasthan,109,Kota,666,1,Digod,2,666
27,Maharashtra,500,Yavatmal,4084,1,Digras,6,4084
36,Telangana,680,Nirmal,4343,4,Dilawarpur,39,4343
13,Nagaland,244,Dimapur,1796,7,Dimapur Sadar,4,1796
18,Assam,300,Sivasagar,2070,1,Dimow,1,2070
3,Punjab,32,Gurdaspur,6860,4,Dinanagar,0,0
10,Bihar,212,Patna,1399,1,Dinapur-Cum-Khagaul,2,1399
10,Bihar,215,Rohtas,1458,1,Dinara,2,1458
33,Tamil Nadu,572,Dindigul,5980,1,Dindiguleast,0,0
33,Tamil Nadu,572,Dindigul,5979,1,Dindigulwest,0,0
23,Madhya Pradesh,404,Dindori,3640,10,Dindori,0,3640
27,Maharashtra,487,Nashik,4149,1,Dindori,8,4149
1,Jammu And Kashmir,7,Kathua,6726,1,Dinga Amb,0,0
19,West Bengal,308,Cooch Behar,2187,1,Dinhata - I,9,2187
19,West Bengal,308,Cooch Behar,2188,1,Dinhata - II,10,2188
18,Assam,292,Karbi Anglong,2089,1,Diphu,2,2089
22,Chhattisgarh,383,Korba,7293,1,Dipka,0,0
12,Arunachal Pradesh,242,West Kameng,1566,8,Dirang Adc,1,1566
3,Punjab,43,Sangrur,6852,1,Dirba,0,0
37,Ladakh,9,Leh Ladakh,7231,1,Diskit,0,0
18,Assam,618,Kamrup Metro,2129,1,Dispur,12,2129
12,Arunachal Pradesh,723,Pakke Kessang,6099,3,Dissing Passo Circle,0,0
38,The Dadra And Nagar Haveli And Daman And Diu,464,Diu,3947,1,Diu,1,3947
12,Arunachal Pradesh,229,Changlang,1682,7,Diyun Eac,10,1682
10,Bihar,196,Gaya,1504,1,Dobhi,18,1504
18,Assam,709,Hojai,2039,6,Doboka,8,2039
1,Jammu And Kashmir,4,Doda,62,12,Doda,3,62
27,Maharashtra,495,Sindhudurg,4282,1,Dodamarg,8,4282
29,Karnataka,526,Bengaluru Rural,5602,3,Doddaballapura,2,5602
2,Himachal Pradesh,23,Shimla,193,1,Dodra Kwar,17,193
24,Gujarat,445,Dahod,3893,1,Dohad,4,3893
12,Arunachal Pradesh,237,Papum Pare,1598,7,Doimukh Sdo,4,1598
5,Uttarakhand,49,Dehradun,6335,10,Doiwala,0,0
23,Madhya Pradesh,409,Narmadapuram,3615,4,Dolariya,0,3615
12,Arunachal Pradesh,718,Kamle,1701,5,Dollungmukh Circle,16,1701
24,Gujarat,641,Tapi,6200,1,Dolvan,0,0
36,Telangana,698,Vikarabad,4537,2,Doma,26,4537
36,Telangana,685,Kamareddy,4392,3,Domakonda,36,4392
9,Uttar Pradesh,182,Siddharthnagar,936,1,Domariyaganj,5,936
20,Jharkhand,334,Koderma,2528,1,Domchanch,0,2528
19,West Bengal,313,Howrah,2402,1,Domjur,5,2402
19,West Bengal,319,Murshidabad,2235,1,Domkal,13,2235
21,Odisha,350,Kataka,7501,2,Dompada,0,0
28,Andhra Pradesh,517,Prakasam,5102,1,Donakonda,6,5102
22,Chhattisgarh,388,Rajnandgaon,3307,2,Dongargaon,5,3307
22,Chhattisgarh,388,Rajnandgaon,3304,8,Dongargarh,3,3304
1,Jammu And Kashmir,3,Baramulla,6824,5,Dongiwacha,0,0
36,Telangana,685,Kamareddy,7525,1,Dongli,0,0
18,Assam,710,West Karbi Anglong,2088,2,Donka,1,2088
36,Telangana,516,Nizamabad,7530,1,Donkeshwar,0,0
18,Assam,302,Tinsukia,2060,1,Doom Dooma,2,2060
8,Rajasthan,116,Tonk,6910,7,Dooni,0,0
1,Jammu And Kashmir,1,Anantnag,58,11,Dooru,5,58
23,Madhya Pradesh,427,Sehore,7422,2,Doraha,0,0
28,Andhra Pradesh,752,Tirupati,5196,2,Doravarisatram,44,5196
36,Telangana,688,Mahabubabad,4722,3,Dornakal,51,4722
28,Andhra Pradesh,790,Markapuram,5100,2,Dornala,4,5100
22,Chhattisgarh,642,Sukma,7355,3,Dornapal,0,0
28,Andhra Pradesh,755,Nandyal,5299,2,Dornipadu,50,5299
18,Assam,294,Kokrajhar,2003,2,Dotma,3,2003
36,Telangana,698,Vikarabad,4552,3,Doulathabad,4,4552
36,Telangana,692,Siddipet,4465,3,Doultabad,15,4465
8,Rajasthan,99,Dungarpur,7137,6,Dovda,0,0
1,Jammu And Kashmir,620,Kishtwar,6769,3,Drabshala,0,0
1,Jammu And Kashmir,8,Kupwara,6786,3,Dragmulla,0,0
23,Madhya Pradesh,410,Indore,3544,4,Dr. Ambedkar Nagar Mhow,0,3544
37,Ladakh,6,Kargil,6191,3,Drass,0,0
36,Telangana,692,Siddipet,4458,3,Dubbak,9,4458
19,West Bengal,307,Birbhum,2266,1,Dubrajpur,18,2266
23,Madhya Pradesh,638,Singrauli,7419,3,Dudhamania,0,0
3,Punjab,41,Patiala,6849,3,Dudhan Sadhan,0,0
9,Uttar Pradesh,184,Sonbhadra,1006,1,Dudhi,3,1006
18,Assam,287,Goalpara,2016,2,Dudhnai,4,2016
8,Rajasthan,102,Jaipur,6027,5,Dudu,0,0
12,Arunachal Pradesh,238,Tawang,6550,3,Dudunghar Circle,0,0
36,Telangana,698,Vikarabad,7540,2,Dudyal,0,0
28,Andhra Pradesh,506,Guntur,5076,1,Duggirala,37,5076
36,Telangana,522,Warangal,4693,1,Duggondi,22,4693
5,Uttarakhand,46,Bageshwar,6331,3,Dugnakuri,0,0
2,Himachal Pradesh,26,Una,6891,4,Dulahar,0,0
22,Chhattisgarh,380,Jashpur,3260,1,Duldula,0,3260
10,Bihar,212,Patna,1406,1,Dulhin Bazar,9,1406
20,Jharkhand,607,Ramgarh,2663,1,Dulmi,0,2663
20,Jharkhand,327,East Singhbum,2610,1,Dumaria,6,2610
10,Bihar,196,Gaya,1502,1,Dumaria,16,1502
28,Andhra Pradesh,745,Alluri Sitharama Raju,4843,2,Dumbriguda,3,4843
20,Jharkhand,326,Dumka,2673,1,Dumka,8,2673
36,Telangana,690,Bhadradri Kothagudem,4729,2,Dummugudem,7,4729
12,Arunachal Pradesh,241,Upper Subansiri,1617,4,Dumporijo Adc,10,1617
10,Bihar,221,Sitamarhi,1074,1,Dumra,12,1074
10,Bihar,194,Buxar,1440,1,Dumraon,6,1440
20,Jharkhand,329,Giridih,2543,1,Dumri,11,2543
20,Jharkhand,331,Gumla,2714,1,Dumri,11,2714
10,Bihar,220,Sheohar,1061,1,Dumri Katsari,4,1061
5,Uttarakhand,57,Uttarkashi,281,6,Dunda,3,281
8,Rajasthan,99,Dungarpur,646,18,Dungarpur,1,646
8,Rajasthan,95,Chittorgarh,661,1,Dungla,7,661
37,Ladakh,9,Leh Ladakh,7158,3,Durbuk,0,0
22,Chhattisgarh,378,Durg,3317,5,Durg,6,3317
19,West Bengal,704,Paschim Bardhaman,2274,3,Durgapur Faridpur,7,2274
10,Bihar,200,Kaimur (Bhabua),1450,1,Durgawati,5,1450
28,Andhra Pradesh,751,Palnadu,5042,2,Durgi,3,5042
22,Chhattisgarh,381,Uttar Bastar Kanker,3350,1,Durgkondal,0,3350
28,Andhra Pradesh,515,Sri Potti Sriramulu Nellore,5162,1,Duttalur,10,5162
28,Andhra Pradesh,504,Y.S.R. Kadapa,5203,1,Duvvur,5,5203
5,Uttarakhand,45,Almora,329,9,Dwarahat,0,329
28,Andhra Pradesh,748,Eluru,4955,2,Dwarakatirumala,12,4955
7,Delhi,84,South West,7592,1,Dwarka,0,0
11,Sikkim,226,Mangan,6402,2,Dzongu,0,0
15,Mizoram,268,Serchhip,1911,3,East Lungdar,0,1911
33,Tamil Nadu,584,Salem,5738,1,Edappadi,3,5738
28,Andhra Pradesh,751,Palnadu,5071,2,Edlapadu,32,5071
20,Jharkhand,325,Dhanbad,6201,1,Egarkund,0,0
33,Tamil Nadu,568,Chennai,7164,2,Egmore,0,0
19,West Bengal,317,Purba Medinipur,2491,1,Egra - I,50,2491
19,West Bengal,317,Purba Medinipur,2492,1,Egra - II,51,2492
1,Jammu And Kashmir,13,Srinagar,6803,1,Eidgah,0,0
10,Bihar,209,Nalanda,1391,1,Ekangarsarai,14,1391
10,Bihar,218,Saran,1254,1,Ekma,7,1254
36,Telangana,682,Peddapalli,4410,3,Eligaid,17,4410
36,Telangana,686,Hanumakonda,4449,3,Elkathurthy,56,4449
36,Telangana,508,Karimnagar,6234,1,Ellandakunta,0,0
6,Haryana,74,Sirsa,392,4,Ellenabad,4,392
28,Andhra Pradesh,748,Eluru,4966,6,Eluru Rural,23,4966
28,Andhra Pradesh,748,Eluru,7428,4,Eluru Urban,0,0
36,Telangana,681,Jagitial,7539,2,Endapalli,0,0
13,Nagaland,250,Wokha,1790,1,Englan,0,1790
19,West Bengal,316,Malda,2218,1,English Bazar,11,2218
36,Telangana,509,Khammam,4753,2,Enkoor,31,4753
33,Tamil Nadu,594,Thoothukkudi,6633,1,Eral,0,0
27,Maharashtra,478,Jalgaon,3967,1,Erandol,8,3967
20,Jharkhand,606,Khunti,2705,1,Erki(Tamar Ii),0,2705
32,Kerala,562,Malappuram,5641,2,Ernad,1,5641
33,Tamil Nadu,573,Erode,5753,3,Erode,5,5753
21,Odisha,355,Jagatsinghapur,2938,3,Ersama,3,2938
9,Uttar Pradesh,138,Etah,1008,1,Etah,4,1008
12,Arunachal Pradesh,230,Dibang Valley,1719,2,Etalin,3,1719
27,Maharashtra,475,Gadchiroli,4060,1,Etapalli,9,4060
9,Uttar Pradesh,139,Etawah,838,2,Etawah,3,838
28,Andhra Pradesh,519,Srikakulam,4806,1,Etcherla,38,4806
9,Uttar Pradesh,118,Agra,765,2,Etmadpur,1,765
33,Tamil Nadu,594,Thoothukkudi,5863,1,Ettayapuram,2,5863
36,Telangana,720,Mulugu,4685,5,Eturunagaram,14,4685
24,Gujarat,450,Kheda,7558,7,Fagvel,0,0
9,Uttar Pradesh,140,Ayodhya,905,2,Faizabad,4,905
19,West Bengal,664,Alipurduar,2175,2,Falakata,10,2175
10,Bihar,201,Katihar,1142,1,Falka,1,1142
19,West Bengal,304,South 24 Parganas,2425,1,Falta,14,2425
19,West Bengal,319,Murshidabad,2223,1,Farakka,1,2223
6,Haryana,60,Faridabad,425,5,Faridabad,1,425
3,Punjab,29,Faridkot,242,4,Faridkot,1,242
9,Uttar Pradesh,130,Bareilly,789,1,Faridpur,6,789
36,Telangana,518,Ranga Reddy,4559,2,Farooqnagar,11,4559
9,Uttar Pradesh,141,Farrukhabad,832,6,Farrukhabad,3,832
6,Haryana,62,Gurugram,418,1,Farrukhnagar,2,418
22,Chhattisgarh,380,Jashpur,3261,2,Farsabahar,0,3261
6,Haryana,61,Fatehabad,388,5,Fatehabad,3,388
9,Uttar Pradesh,118,Agra,769,1,Fatehabad,5,769
8,Rajasthan,103,Jaisalmer,576,1,Fatehgarh,3,576
3,Punjab,32,Gurdaspur,7191,1,Fatehgarh Churian,0,0
3,Punjab,30,Fatehgarh Sahib,221,1,Fatehgarh Sahib,2,221
20,Jharkhand,333,Jamtara,2680,2,Fatehpur,0,2680
8,Rajasthan,114,Sikar,551,4,Fatehpur,1,551
9,Uttar Pradesh,142,Fatehpur,878,1,Fatehpur,2,878
10,Bihar,196,Gaya,1508,1,Fatehpur,22,1508
2,Himachal Pradesh,18,Kangra,95,34,Fatehpur,3,95
9,Uttar Pradesh,129,Bara Banki,896,1,Fatehpur,2,896
6,Haryana,66,Kaithal,369,4,Fatehpur Pundri,2,369
24,Gujarat,445,Dahod,3890,4,Fatepura,1,3890
10,Bihar,212,Patna,1411,1,Fatwah,14,1411
3,Punjab,651,Fazilka,237,3,Fazilka,4,237
6,Haryana,604,Nuh,423,2,Ferozepur Jhirka,6,423
35,Andaman And Nicobar Islands,602,South Andamans,5922,1,Ferrargunj,0,5922
22,Chhattisgarh,645,Gariyaband,7343,1,Fingeshwar,0,0
9,Uttar Pradesh,143,Firozabad,772,1,Firozabad,2,772
3,Punjab,31,Ferozepur,235,14,Firozpur,0,235
10,Bihar,188,Araria,1113,1,Forbesganj,2,1113
1,Jammu And Kashmir,622,Kulgam,6780,4,Frisal,0,0
9,Uttar Pradesh,119,Aligarh,753,1,Gabhana,2,753
29,Karnataka,537,Gadag,5470,1,Gadag,3,5470
5,Uttarakhand,56,Udham Singh Nagar,350,2,Gadarpur,0,350
23,Madhya Pradesh,418,Narsimhapur,3635,4,Gadarwara,2,3635
27,Maharashtra,475,Gadchiroli,4057,1,Gadchiroli,6,4057
28,Andhra Pradesh,749,Ntr,5006,3,Gaddamanugu Konduru,17,5006
24,Gujarat,676,Botad,3852,2,Gadhada,3,3852
27,Maharashtra,480,Kolhapur,4293,1,Gadhinglaj,11,4293
36,Telangana,501,Adilabad,6225,1,Gadiguda,0,0
22,Chhattisgarh,642,Sukma,7273,1,Gadiras,0,0
28,Andhra Pradesh,755,Nandyal,5281,2,Gadivemula,32,5281
8,Rajasthan,90,Barmer,6906,4,Gadraroad,0,0
36,Telangana,695,Jogulamba Gadwal,4603,2,Gadwal,55,4603
27,Maharashtra,480,Kolhapur,4288,2,Gaganbawada,6,4288
2,Himachal Pradesh,26,Una,6893,3,Gagret,0,0
10,Bihar,208,Muzaffarpur,1209,1,Gaighat,11,1209
19,West Bengal,303,North 24 Parganas,2318,1,Gaighata,3,2318
23,Madhya Pradesh,421,Raisen,3591,1,Gairatganj,2,3591
5,Uttarakhand,47,Chamoli,289,3,Gairsain,0,289
21,Odisha,347,Baragada,2759,2,Gaisilet,5,2759
5,Uttarakhand,55,Tehri Garhwal,6372,7,Gaja,0,0
28,Andhra Pradesh,521,Vizianagaram,4825,1,Gajapathinagaram,19,4825
29,Karnataka,537,Gadag,7082,2,Gajendragad,0,0
8,Rajasthan,100,Ganganagar,7376,4,Gajsinghpur,0,0
28,Andhra Pradesh,520,Visakhapatnam,4869,1,Gajuwaka,29,4869
36,Telangana,692,Siddipet,4483,2,Gajwel,33,4483
28,Andhra Pradesh,753,Annamayya,5235,2,Galiveedu,37,5235
8,Rajasthan,99,Dungarpur,6060,4,Galiyakot,0,0
2,Himachal Pradesh,17,Hamirpur,142,7,Galore,0,142
19,West Bengal,306,Purba Bardhaman,2287,1,Galsi - I,20,2287
19,West Bengal,306,Purba Bardhaman,2288,1,Galsi - II,21,2288
24,Gujarat,450,Kheda,6025,1,Galteshwar,0,0
17,Meghalaya,278,West Garo Hills,1968,2,Gambegre,0,1968
36,Telangana,683,Rajanna Sircilla,4433,2,Gambhiraopet,40,4433
10,Bihar,205,Madhepura,1158,1,Gamharia,1,1158
28,Andhra Pradesh,749,Ntr,4996,3,Gampalagudem,7,4996
8,Rajasthan,99,Dungarpur,7138,8,Gamri Ahara,0,0
5,Uttarakhand,53,Pithoragarh,6336,11,Ganai Gangoli,0,0
28,Andhra Pradesh,523,West Godavari,4974,3,Ganapavaram,31,4974
6,Haryana,75,Sonipat,379,3,Ganaur,2,379
22,Chhattisgarh,759,Khairagarh-Chhuikhadan-Gandai,7264,4,Gandai,0,0
33,Tamil Nadu,582,Pudukkottai,5820,1,Gandarvakkottai,3,5820
36,Telangana,512,Mahabubnagar,4538,3,Gandeed,27,4538
28,Andhra Pradesh,746,Kakinada,4904,3,Gandepalli,20,4904
1,Jammu And Kashmir,626,Ganderbal,47,5,Ganderbal,2,47
24,Gujarat,453,Navsari,3924,1,Gandevi,3,3924
20,Jharkhand,329,Giridih,2538,2,Gandey,7,2538
36,Telangana,685,Kamareddy,4382,2,Gandhari,26,4382
24,Gujarat,449,Kachchh,3731,1,Gandhidham,10,3731
24,Gujarat,446,Gandhinagar,3775,2,Gandhinagar,3,3775
7,Delhi,78,East,439,2,Gandhi Nagar,1,439
23,Madhya Pradesh,403,Dhar,3535,1,Gandhwani,4,3535
21,Odisha,352,Dhenkanal,2991,5,Gandia,10,2991
36,Telangana,700,Medchal Malkajgiri,6316,2,Gandimaisamma Dundigal,0,0
36,Telangana,518,Ranga Reddy,6320,1,Gandipet,0,0
28,Andhra Pradesh,754,Sri Sathya Sai,5342,2,Gandlapenta,39,5342
36,Telangana,508,Karimnagar,4422,1,Gangadhara,29,4422
28,Andhra Pradesh,503,Chittoor,5420,1,Gangadhara Nellore,54,5420
8,Rajasthan,88,Banswara,6610,1,Gangadtalai,0,0
19,West Bengal,305,Bankura,2358,1,Gangajalghati,3,2358
27,Maharashtra,489,Parbhani,4122,1,Gangakhed,7,4122
22,Chhattisgarh,636,Bijapur,7263,2,Gangaloor,0,0
8,Rajasthan,100,Ganganagar,458,2,Ganganagar,2,458
8,Rajasthan,113,Sawai Madhopur,526,11,Gangapur,1,526
27,Maharashtra,469,Chhatrapati Sambhajinagar,4140,1,Gangapur,8,4140
36,Telangana,688,Mahabubabad,6253,2,Gangaram,0,0
19,West Bengal,310,Dakshin Dinajpur,2201,1,Gangarampur,2,2201
2,Himachal Pradesh,18,Kangra,6921,14,Gangath,0,0
33,Tamil Nadu,584,Salem,5744,2,Gangavalli,9,5744
28,Andhra Pradesh,791,Polavaram,4894,3,Gangavaram,10,4894
28,Andhra Pradesh,503,Chittoor,5417,1,Gangavaram,51,5417
29,Karnataka,543,Koppal,5466,6,Gangawati,3,5466
8,Rajasthan,105,Jhalawar,684,4,Gangdhar,7,684
5,Uttarakhand,53,Pithoragarh,319,14,Gangolihat,4,319
8,Rajasthan,95,Chittorgarh,656,1,Gangrar,2,656
12,Arunachal Pradesh,677,Kra Daadi,1710,8,Gangte Circle,0,1710
11,Sikkim,225,Gangtok,1553,11,Gangtok,1,1553
28,Andhra Pradesh,519,Srikakulam,4797,1,Ganguvarisigadam,29,4797
21,Odisha,367,Nayagada,3022,1,Gania,2,3022
21,Odisha,354,Ganjam,3086,10,Ganjam,12,3086
28,Andhra Pradesh,510,Krishna,5012,1,Gannavaram,23,5012
36,Telangana,508,Karimnagar,6232,3,Ganneruvaram,0,0
8,Rajasthan,88,Banswara,6611,6,Ganora,0,0
28,Andhra Pradesh,521,Vizianagaram,4830,1,Gantyada,24,4830
28,Andhra Pradesh,519,Srikakulam,4801,1,Gara,33,4801
21,Odisha,360,Kendrapada,7499,5,Garadpur,0,0
9,Uttar Pradesh,153,Jhansi,857,1,Garautha,2,857
24,Gujarat,445,Dahod,3894,1,Garbada,5,3894
19,West Bengal,318,Paschim Medinipur,2444,1,Garbeta - I,4,2444
19,West Bengal,318,Paschim Medinipur,2443,1,Garbeta - II,3,2443
19,West Bengal,318,Paschim Medinipur,2445,1,Garbeta - III,5,2445
23,Madhya Pradesh,425,Sagar,3450,1,Garhakota,6,3450
10,Bihar,193,Bhojpur,1431,1,Garhani,11,1431
8,Rajasthan,112,Rajsamand,6392,1,Garhbor,0,0
8,Rajasthan,88,Banswara,651,8,Garhi,2,651
9,Uttar Pradesh,661,Hapur,741,2,Garhmukteshwar,4,741
10,Bihar,191,Begusarai,1306,1,Garhpura,3,1306
3,Punjab,33,Hoshiarpur,217,1,Garhshankar,4,217
20,Jharkhand,328,Garhwa,2509,1,Garhwa,11,2509
24,Gujarat,443,Bhavnagar,3857,2,Gariadhar,8,3857
36,Telangana,696,Suryapet,4666,3,Garidepally,54,4666
28,Andhra Pradesh,521,Vizianagaram,4826,1,Garividi,20,4826
22,Chhattisgarh,645,Gariyaband,3335,3,Gariyaband,12,3335
10,Bihar,218,Saran,1265,2,Garkha,18,1265
36,Telangana,688,Mahabubabad,4743,2,Garla,21,4743
28,Andhra Pradesh,502,Ananthapuramu,5324,1,Garladinne,21,5324
23,Madhya Pradesh,416,Mandsaur,3494,2,Garoth,3,3494
20,Jharkhand,335,Latehar,2638,1,Garu,16,2638
5,Uttarakhand,46,Bageshwar,324,1,Garud,0,324
24,Gujarat,452,Narmada,6029,1,Garudeshwar,0,0
28,Andhra Pradesh,743,Parvathipuram Manyam,4811,2,Garugubilli,5,4811
17,Meghalaya,277,South Garo Hills,1976,1,Gasuapara,0,1976
36,Telangana,514,Nalgonda,7526,1,Gattuppal,0,0
10,Bihar,211,Pashchim Champaran,1015,1,Gaunaha,3,1015
6,Haryana,60,Faridabad,6416,1,Gaunchi St,0,0
29,Karnataka,630,Chikkaballapura,5595,3,Gauribidanur,1,5595
9,Uttar Pradesh,640,Amethi,913,41,Gauriganj,2,913
23,Madhya Pradesh,398,Chhatarpur,3424,1,Gaurihar,1,3424
18,Assam,285,Dhubri,7115,3,Gauripur,0,0
9,Uttar Pradesh,144,Gautam Buddha Nagar,743,2,Gautam Buddha Nagar,2,743
20,Jharkhand,329,Giridih,2532,1,Gawan,1,2532
10,Bihar,196,Gaya,1495,1,Gaya Town C.D.Block,9,1495
19,West Bengal,316,Malda,2214,1,Gazole,7,2214
36,Telangana,522,Warangal,4707,1,Geesugonda,36,4707
12,Arunachal Pradesh,240,Upper Siang,1665,3,Geku Eac,8,1665
12,Arunachal Pradesh,240,Upper Siang,1661,3,Gelling Circle,4,1661
12,Arunachal Pradesh,719,Lower Siang,1638,4,Gensi Eac,17,1638
27,Maharashtra,470,Beed,4218,1,Georai,4,4218
12,Arunachal Pradesh,718,Kamle,6559,4,Gepen Circle,0,0
5,Uttarakhand,47,Chamoli,6343,3,Ghaat,0,0
20,Jharkhand,331,Gumla,2707,1,Ghaghra,2,2707
1,Jammu And Kashmir,624,Samba,6721,1,Ghagwal,0,0
10,Bihar,205,Madhepura,1160,1,Ghailarh,3,1160
2,Himachal Pradesh,26,Una,6888,6,Ghanari,0,0
9,Uttar Pradesh,178,Sant Kabir Nagar,943,1,Ghanghata,3,943
36,Telangana,693,Wanaparthy,4585,3,Ghanpur,37,4585
36,Telangana,687,Jayashankar Bhupalapally,4683,2,Ghanpur (Mulug),12,4683
36,Telangana,689,Jangoan,4676,3,Ghanpur (Station),5,4676
5,Uttarakhand,55,Tehri Garhwal,293,11,Ghansali,1,293
23,Madhya Pradesh,428,Seoni,3661,1,Ghansaur,2,3661
27,Maharashtra,479,Jalna,4130,1,Ghansawangi,6,4130
10,Bihar,195,Darbhanga,1194,1,Ghanshyampur,14,1194
28,Andhra Pradesh,510,Krishna,5033,1,Ghantasala,44,5033
8,Rajasthan,772,Phalodi,7221,4,Ghantiyali,0,0
6,Haryana,67,Karnal,374,4,Gharaunda,5,374
22,Chhattisgarh,386,Raigarh,3265,1,Gharghoda,3,3265
8,Rajasthan,100,Ganganagar,463,10,Gharsana,7,463
8,Rajasthan,117,Udaipur,7377,2,Ghasa,0,0
21,Odisha,361,Kendujhar,2853,4,Ghasipura,16,2853
19,West Bengal,318,Paschim Medinipur,2448,1,Ghatal,8,2448
9,Uttar Pradesh,157,Kanpur Nagar,850,5,Ghatampur,3,850
27,Maharashtra,500,Yavatmal,4089,1,Ghatanji,11,4089
21,Odisha,361,Kendujhar,2850,3,Ghatgaon,10,2850
13,Nagaland,251,Zunheboto,1776,1,Ghathashi,9,1776
23,Madhya Pradesh,407,Gwalior,7026,12,Ghatigaon,0,0
23,Madhya Pradesh,435,Ujjain,3511,3,Ghatiya,4,3511
36,Telangana,700,Medchal Malkajgiri,4523,4,Ghatkesar,12,4523
10,Bihar,219,Sheikhpura,1375,1,Ghat Kusumbha,4,1375
24,Gujarat,438,Ahmedabad,6513,1,Ghatlodiya,0,0
8,Rajasthan,88,Banswara,650,6,Ghatol,1,650
20,Jharkhand,327,East Singhbum,2607,1,Ghatshila,3,2607
36,Telangana,695,Jogulamba Gadwal,4605,3,Ghattu,57,4605
9,Uttar Pradesh,145,Ghaziabad,739,5,Ghaziabad,2,739
9,Uttar Pradesh,146,Ghazipur,989,7,Ghazipur,3,989
9,Uttar Pradesh,166,Mainpuri,6873,4,Ghiror,0,0
23,Madhya Pradesh,394,Betul,3602,1,Ghoda Dongri,0,3602
24,Gujarat,443,Bhavnagar,3855,1,Ghogha,6,3855
24,Gujarat,454,Panch Mahals,3887,1,Ghoghamba,9,3887
10,Bihar,206,Madhubani,1098,1,Ghoghardiha,19,1098
18,Assam,298,Nalbari,2138,2,Ghograpar (Pt),6,2138
10,Bihar,213,Purbi Champaran,1038,1,Ghorasahan,8,1038
9,Uttar Pradesh,184,Sonbhadra,1004,2,Ghorawal,1,1004
10,Bihar,199,Jehanabad,1539,1,Ghoshi,10,1539
9,Uttar Pradesh,168,Mau,971,1,Ghosi,1,971
10,Bihar,212,Patna,1419,1,Ghoswari,22,1419
23,Madhya Pradesh,415,Mandla,3644,2,Ghughari,0,3644
2,Himachal Pradesh,15,Bilaspur,152,8,Ghumarwin,1,152
22,Chhattisgarh,388,Rajnandgaon,7352,1,Ghumka,0,0
21,Odisha,354,Ganjam,7490,5,Ghumusar,0,0
23,Madhya Pradesh,398,Chhatarpur,3432,1,Ghuwara,0,3432
12,Arunachal Pradesh,241,Upper Subansiri,1613,2,Giba Circle,7,1613
8,Rajasthan,775,Balotra,6907,6,Gida,0,0
22,Chhattisgarh,376,Dakshin Bastar Dantewada,3370,2,Gidam,3,3370
28,Andhra Pradesh,790,Markapuram,5133,2,Giddalur,37,5133
3,Punjab,39,Sri Muktsar Sahib,240,1,Gidderbaha,0,240
20,Jharkhand,323,Chatra,2522,1,Gidhaur,7,2522
10,Bihar,198,Jamui,1531,1,Gidhaur,7,1531
33,Tamil Nadu,596,Viluppuram,5728,10,Gingee,1,5728
23,Madhya Pradesh,407,Gwalior,3399,16,Gird,1,3399
24,Gujarat,675,Gir Somnath,6199,3,Gir Gadhda,0,0
10,Bihar,209,Nalanda,1396,1,Giriak,19,1396
20,Jharkhand,329,Giridih,2539,1,Giridih,8,2539
8,Rajasthan,117,Udaipur,689,10,Girwa,5,689
12,Arunachal Pradesh,241,Upper Subansiri,6551,1,Gite Ripa Circle,0,0
28,Andhra Pradesh,745,Alluri Sitharama Raju,4848,2,G.Madugula,8,4848
19,West Bengal,311,Uttar Dinajpur,2193,2,Goalpokher - I,3,2193
19,West Bengal,311,Uttar Dinajpur,2194,2,Goalpokher - II,4,2194
33,Tamil Nadu,573,Erode,5751,2,Gobichettipalayam,0,5751
20,Jharkhand,325,Dhanbad,2583,1,Gobindpur,4,2583
10,Bihar,210,Nawada,1518,1,Gobindpur,8,1518
20,Jharkhand,341,Saraikela Kharsawan,2754,1,Gobindpur(Rajnagar),0,2754
22,Chhattisgarh,387,Raipur,7259,2,Gobra Nawapara,0,0
20,Jharkhand,330,Godda,2561,1,Godda,6,2561
24,Gujarat,669,Mahisagar,7546,10,Godhar,0,0
24,Gujarat,454,Panch Mahals,7598,1,Godharacity,0,0
24,Gujarat,454,Panch Mahals,3885,1,Godhra,7,3885
18,Assam,284,Dhemaji,2058,1,Gogamukh,92,2058
23,Madhya Pradesh,414,Khargone (West Nimar),3551,5,Gogaon,0,3551
19,West Bengal,312,Hooghly,2338,1,Goghat - I,1,2338
19,West Bengal,312,Hooghly,2339,1,Goghat - II,2,2339
10,Bihar,202,Khagaria,1327,1,Gogri,6,1327
8,Rajasthan,117,Udaipur,686,9,Gogunda,2,686
10,Bihar,189,Aurangabad,1478,1,Goh,3,1478
23,Madhya Pradesh,395,Bhind,3395,5,Gohad,4,3395
6,Haryana,75,Sonipat,378,3,Gohana,1,378
23,Madhya Pradesh,421,Raisen,3593,3,Goharganj,4,3593
23,Madhya Pradesh,429,Shahdol,6979,6,Gohparu,0,0
18,Assam,705,Biswanath,2047,2,Gohpur,7,2047
12,Arunachal Pradesh,628,Anjaw,1738,2,Goiliang Circle,5,1738
20,Jharkhand,343,West Singhbhum,2733,4,Goilkera,13,2733
29,Karnataka,527,Belagavi,5436,6,Gokak,4,5436
7,Delhi,81,North East,7584,3,Gokalpur,0,0
28,Andhra Pradesh,505,East Godavari,4897,1,Gokavaram,13,4897
9,Uttar Pradesh,148,Gorakhpur,954,9,Gola,7,954
20,Jharkhand,607,Ramgarh,2665,1,Gola,15,2665
18,Assam,288,Golaghat,2085,3,Golaghat,4,2085
9,Uttar Pradesh,159,Kheri,799,41,Gola Gokaran Nath,2,799
18,Assam,285,Dhubri,6015,3,Golakganj Pt,0,2007
21,Odisha,358,Kalahandi,3167,4,Golamunda,2,3167
36,Telangana,507,Hyderabad,4507,1,Golconda,12,4507
36,Telangana,681,Jagitial,4412,6,Gollapalli,19,4412
28,Andhra Pradesh,746,Kakinada,4902,2,Gollaprolu,18,4902
20,Jharkhand,327,East Singhbum,2606,1,Golmuri-Cum-Jugsalai,2,2606
28,Andhra Pradesh,744,Anakapalli,4853,2,Golugonda,13,4853
20,Jharkhand,322,Bokaro,2591,2,Gomia,3,2591
9,Uttar Pradesh,147,Gonda,928,1,Gonda,1,928
24,Gujarat,457,Rajkot,3807,2,Gondal,10,3807
24,Gujarat,457,Rajkot,7439,1,Gondal City,0,0
16,Tripura,269,Dhalai,6686,2,Gonda Twisa,5,0
27,Maharashtra,476,Gondia,4046,1,Gondiya,3,4046
27,Maharashtra,473,Chandrapur,4078,1,Gondpipri,14,4078
28,Andhra Pradesh,511,Kurnool,5270,1,Gonegandla,21,5270
1,Jammu And Kashmir,621,Ramban,6763,1,Gool,0,0
28,Andhra Pradesh,502,Ananthapuramu,5310,1,Gooty,7,5310
21,Odisha,369,Puri,3062,8,Gop,4,3062
21,Odisha,365,Mayurbhanj,7480,8,Gopabandhunagar,0,0
23,Madhya Pradesh,433,Sidhi,3699,2,Gopadbanas,3,3699
28,Andhra Pradesh,520,Visakhapatnam,6838,1,Gopalapatnam,0,0
28,Andhra Pradesh,505,East Godavari,4951,2,Gopalapuram,8,4951
10,Bihar,197,Gopalganj,1224,1,Gopalganj,10,1224
36,Telangana,693,Wanaparthy,4596,4,Gopalpeta,48,4596
10,Bihar,192,Bhagalpur,1334,1,Gopalpur,6,1334
28,Andhra Pradesh,504,Y.S.R. Kadapa,5211,1,Gopavaram,13,5211
19,West Bengal,703,Jhargram,2457,2,Gopiballavpur - I,17,2457
19,West Bengal,703,Jhargram,2456,2,Gopiballavpur - II,16,2456
20,Jharkhand,326,Dumka,2669,1,Gopikandar,4,2669
10,Bihar,195,Darbhanga,1196,1,Gora Bauram,16,1196
10,Bihar,192,Bhagalpur,1342,1,Goradih,14,1342
9,Uttar Pradesh,148,Gorakhpur,950,7,Gorakhpur,3,950
23,Madhya Pradesh,411,Jabalpur,7011,4,Gorakhpur,0,0
28,Andhra Pradesh,754,Sri Sathya Sai,5362,2,Gorantla,59,5362
10,Bihar,224,Vaishali,1272,1,Goraul,5,1272
27,Maharashtra,476,Gondia,4045,1,Goregaon,2,4045
18,Assam,756,Tamulpur,2141,8,Goreswar,1,2141
10,Bihar,222,Siwan,1232,1,Goriakothi,4,1232
6,Haryana,74,Sirsa,6471,1,Goriwala St,0,0
23,Madhya Pradesh,395,Bhind,3394,4,Gormi,0,3394
18,Assam,291,Kamrup,2121,1,Goroimari,5,2121
19,West Bengal,702,Kalimpong,2158,2,Gorubathan,5,2158
19,West Bengal,304,South 24 Parganas,2435,1,Gosaba,24,2435
28,Andhra Pradesh,755,Nandyal,5287,2,Gospadu,38,5287
18,Assam,294,Kokrajhar,2001,6,Gossaigaon,1,2001
23,Madhya Pradesh,418,Narsimhapur,3634,2,Gotegaon,1,3634
9,Uttar Pradesh,167,Mathura,6832,5,Govardhan,0,0
36,Telangana,720,Mulugu,4688,3,Govindaraopet,17,4688
8,Rajasthan,87,Alwar,6383,6,Govindgarh,0,0
24,Gujarat,445,Dahod,7554,5,Govindguru Limdi,0,0
35,Andaman And Nicobar Islands,603,Nicobars,5918,1,Great Nicobar,0,5918
29,Karnataka,548,Tumakuru,5538,1,Gubbi,7,5538
33,Tamil Nadu,587,The Nilgiris,5755,1,Gudalur,2,5755
21,Odisha,370,Rayagada,3184,7,Gudari,4,3184
21,Odisha,359,Kandhamala,3114,7,G.Udayagiri,5,3114
28,Andhra Pradesh,745,Alluri Sitharama Raju,4850,2,Gudem Kotha Veedhi,10,4850
8,Rajasthan,106,Jhunjhunu,7144,6,Gudhagorji,0,0
8,Rajasthan,775,Balotra,581,9,Gudha Malani,5,581
29,Karnataka,630,Chikkaballapura,5597,1,Gudibanda,3,5597
28,Andhra Pradesh,754,Sri Sathya Sai,5352,2,Gudibanda,49,5352
36,Telangana,501,Adilabad,4310,2,Gudihatnoor,6,4310
28,Andhra Pradesh,503,Chittoor,5431,1,Gudipala,65,5431
36,Telangana,514,Nalgonda,7527,1,Gudipally,0,0
28,Andhra Pradesh,510,Krishna,5021,1,Gudivada,32,5021
33,Tamil Nadu,595,Vellore,5712,11,Gudiyatham,1,5712
28,Andhra Pradesh,510,Krishna,5029,1,Gudlavalleru,40,5029
28,Andhra Pradesh,517,Prakasam,5151,3,Gudluru,55,5151
20,Jharkhand,343,West Singhbhum,2729,5,Gudri,0,2729
28,Andhra Pradesh,503,Chittoor,5426,1,Gudupalle,60,5426
28,Andhra Pradesh,515,Sri Potti Sriramulu Nellore,5184,3,Gudur,32,5184
36,Telangana,688,Mahabubabad,4711,2,Gudur,40,4711
28,Andhra Pradesh,511,Kurnool,5257,1,Gudur,8,5257
28,Andhra Pradesh,510,Krishna,5031,1,Guduru,42,5031
27,Maharashtra,492,Ratnagiri,4270,1,Guhagar,5,4270
6,Haryana,66,Kaithal,367,4,Guhla,1,367
33,Tamil Nadu,568,Chennai,7169,1,Guindy,0,0
33,Tamil Nadu,572,Dindigul,6700,1,Gujiliamparai,0,0
23,Madhya Pradesh,437,Vidisha,3578,2,Gulabganj,0,3578
23,Madhya Pradesh,430,Shajapur,3520,5,Gulana,0,3520
29,Karnataka,524,Bagalkote,7061,8,Guledgudda,0,0
20,Jharkhand,331,Gumla,2712,1,Gumla,7,2712
21,Odisha,353,Gajapati,7505,7,Gumma,0,0
36,Telangana,691,Sangareddy,6277,1,Gummadidala,0,0
28,Andhra Pradesh,502,Ananthapuramu,5319,1,Gummagatta,16,5319
28,Andhra Pradesh,743,Parvathipuram Manyam,4808,2,Gummalakshmipuram,2,4808
33,Tamil Nadu,589,Thiruvallur,5693,2,Gummidipoondi,1,5693
12,Arunachal Pradesh,237,Papum Pare,6602,1,Gumto Circle,0,0
23,Madhya Pradesh,406,Guna,3677,5,Guna,3,3677
23,Madhya Pradesh,406,Guna,6609,4,Guna Nagar,0,0
1,Jammu And Kashmir,626,Ganderbal,6806,3,Gund,0,0
36,Telangana,697,Yadadri Bhuvanagiri,4618,3,Gundala,6,4618
36,Telangana,690,Bhadradri Kothagudem,4741,5,Gundala,19,4741
22,Chhattisgarh,646,Balod,3319,5,Gunderdehi,8,3319
36,Telangana,514,Nalgonda,4651,2,Gundlapally,39,4651
29,Karnataka,531,Chamarajanagar,5576,1,Gundlupet,1,5576
1,Jammu And Kashmir,4,Doda,6749,4,Gundna,0,0
36,Telangana,721,Narayanpet,7523,1,Gundumal,0,0
9,Uttar Pradesh,659,Sambhal,778,10,Gunnaur,1,778
23,Madhya Pradesh,420,Panna,3438,2,Gunnor,3,3438
28,Andhra Pradesh,502,Ananthapuramu,5309,1,Guntakal,6,5309
28,Andhra Pradesh,506,Guntur,6833,1,Guntur East,0,0
28,Andhra Pradesh,506,Guntur,5074,5,Guntur West,35,5074
21,Odisha,370,Rayagada,3183,5,Gunupur,7,3183
28,Andhra Pradesh,751,Palnadu,5044,3,Gurajala,5,5044
10,Bihar,196,Gaya,1497,1,Guraru,11,1497
20,Jharkhand,327,East Singhbum,2612,1,Gurbandha,0,2612
3,Punjab,32,Gurdaspur,202,7,Gurdaspur,3,202
1,Jammu And Kashmir,623,Bandipora,40,5,Gurez,1,40
6,Haryana,62,Gurugram,417,5,Gurgaon,2,417
23,Madhya Pradesh,424,Rewa,3481,7,Gurh,7,3481
28,Andhra Pradesh,521,Vizianagaram,4828,1,Gurla,22,4828
29,Karnataka,635,Yadgir,7094,6,Gurmitakal,0,0
28,Andhra Pradesh,753,Annamayya,5370,2,Gurramkonda,4,5370
36,Telangana,514,Nalgonda,4657,1,Gurrampode,45,4657
28,Andhra Pradesh,791,Polavaram,7562,2,Gurthedu,0,0
10,Bihar,196,Gaya,1498,1,Gurua,12,1498
3,Punjab,31,Ferozepur,6011,18,Guruharsahai,0,0
21,Odisha,373,Sundaragada,2828,4,Gurundia,24,2828
22,Chhattisgarh,646,Balod,3323,2,Gurur,11,3323
10,Bihar,222,Siwan,1241,1,Guthani,13,1241
18,Assam,618,Kamrup Metro,2128,1,Guwahati,10,2128
23,Madhya Pradesh,407,Gwalior,7395,5,Gwalior Gramin,0,0
10,Bihar,205,Madhepura,1165,1,Gwalpara,8,1165
11,Sikkim,228,Gyalshing,1549,3,Gyalshing,1,1549
9,Uttar Pradesh,179,Bhadohi,998,5,Gyanpur,2,998
23,Madhya Pradesh,437,Vidisha,3577,2,Gyaraspur,6,3577
12,Arunachal Pradesh,231,East Kameng,1588,3,Gyawe Purang Circle,0,1588
19,West Bengal,316,Malda,2216,1,Habibpur,9,2216
19,West Bengal,303,North 24 Parganas,2320,1,Habra - I,5,2320
19,West Bengal,303,North 24 Parganas,2321,1,Habra - II,6,2321
24,Gujarat,441,Banas Kantha,7555,6,Hadad,0,0
29,Karnataka,738,Vijayanagara,5496,2,Hadagalli,1,5496
8,Rajasthan,93,Bikaner,7378,3,Hadan,0,0
27,Maharashtra,485,Nanded,4098,3,Hadgaon,4,4098
18,Assam,299,Dima Hasao,2093,4,Haflong,2,2093
29,Karnataka,738,Vijayanagara,5497,5,Hagaribommanahalli,2,5497
9,Uttar Pradesh,129,Bara Banki,901,1,Haidergarh,6,901
20,Jharkhand,338,Palamu,2616,1,Haidernagar,0,2616
18,Assam,289,Hailakandi,2107,1,Hailakandi,2,2107
1,Jammu And Kashmir,623,Bandipora,6811,3,Hajin,0,0
36,Telangana,684,Mancherial,6227,2,Hajipur,0,0
10,Bihar,224,Vaishali,1278,1,Hajipur,11,1278
18,Assam,291,Kamrup,2119,1,Hajo,4,2119
28,Andhra Pradesh,511,Kurnool,5273,1,Halaharvi,24,5273
19,West Bengal,317,Purba Medinipur,2483,1,Haldia,42,2483
19,West Bengal,308,Cooch Behar,2179,1,Haldibari,1,2179
5,Uttarakhand,51,Nainital,342,1,Haldwani,4,342
29,Karnataka,550,Uttara Kannada,5480,6,Haliyal,3,5480
24,Gujarat,454,Panch Mahals,3888,1,Halol,10,3888
10,Bihar,204,Lakhisarai,1371,1,Halsi,6,1371
24,Gujarat,673,Morbi,3788,2,Halvad,1,3788
8,Rajasthan,92,Bhilwara,6068,8,Hameergarh,0,0
2,Himachal Pradesh,17,Hamirpur,143,14,Hamirpur,3,143
9,Uttar Pradesh,149,Hamirpur,864,1,Hamirpur,1,864
36,Telangana,686,Hanumakonda,4695,7,Hanamkonda,24,4695
9,Uttar Pradesh,120,Prayagraj,893,1,Handia,6,893
23,Madhya Pradesh,408,Harda,3609,2,Handiya,0,3609
1,Jammu And Kashmir,8,Kupwara,2,21,Handwara,2,2
29,Karnataka,540,Haveri,5491,1,Hangal,3,5491
2,Himachal Pradesh,19,Kinnaur,194,2,Hangrang,1,194
6,Haryana,792,Hansi,396,3,Hansi,4,396
19,West Bengal,320,Nadia,2310,1,Hanskhali,12,2310
24,Gujarat,442,Bharuch,3919,1,Hansot,7,3919
23,Madhya Pradesh,766,MAUGANJ,3476,3,Hanumana,3,3476
8,Rajasthan,101,Hanumangarh,468,1,Hanumangarh,3,468
10,Bihar,195,Darbhanga,1190,1,Hanumannagar,10,1190
28,Andhra Pradesh,790,Markapuram,5130,2,Hanumanthuni Padu,34,5130
29,Karnataka,531,Chamarajanagar,7077,3,Hanur,0,0
36,Telangana,512,Mahabubnagar,4555,1,Hanwada,7,4555
14,Manipur,714,Noney,6039,3,Haochong,0,0
9,Uttar Pradesh,661,Hapur,740,8,Hapur,3,740
21,Odisha,349,Boudh,3132,7,Harabhanga,6,3132
29,Karnataka,738,Vijayanagara,5510,3,Harapanahalli,2,5510
2,Himachal Pradesh,18,Kangra,97,15,Harchakian,5,97
23,Madhya Pradesh,408,Harda,3608,2,Harda,2,3608
22,Chhattisgarh,383,Korba,7271,3,Hardibazar,0,0
9,Uttar Pradesh,150,Hardoi,811,1,Hardoi,3,811
5,Uttarakhand,50,Haridwar,354,2,Hardwar,2,354
21,Odisha,361,Kendujhar,2851,4,Harichandanpur,14,2851
29,Karnataka,535,Davanagere,5509,1,Harihar,1,5509
20,Jharkhand,338,Palamu,2618,1,Hariharganj,2,2618
19,West Bengal,319,Murshidabad,2242,1,Hariharpara,20,2242
24,Gujarat,455,Patan,3748,2,Harij,6,3748
19,West Bengal,320,Nadia,2315,1,Haringhata,17,2315
19,West Bengal,312,Hooghly,2348,1,Haripal,11,2348
2,Himachal Pradesh,18,Kangra,6920,12,Haripur,0,0
2,Himachal Pradesh,24,Sirmaur,6953,6,Haripurdhar,0,0
19,West Bengal,310,Dakshin Dinajpur,2207,2,Harirampur,8,2207
19,West Bengal,316,Malda,2208,1,Harischandrapur - I,1,2208
19,West Bengal,316,Malda,2209,1,Harischandrapur - II,2,2209
18,Assam,617,Udalguri,2151,5,Harisinga,1,2151
10,Bihar,206,Madhubani,1081,1,Harlakhi,2,1081
1,Jammu And Kashmir,625,Shopian,6800,2,Harmain,0,0
10,Bihar,209,Nalanda,1380,1,Harnaut,3,1380
19,West Bengal,303,North 24 Parganas,2331,1,Haroa,16,2331
29,Karnataka,631,Bengaluru South,7196,4,Harohalli,0,0
2,Himachal Pradesh,26,Una,151,9,Haroli,5,151
23,Madhya Pradesh,399,Chhindwara,3649,2,Harrai,0,3649
9,Uttar Pradesh,131,Basti,938,1,Harraiya,2,938
6,Haryana,62,Gurugram,6423,1,Harsaru St,0,0
10,Bihar,213,Purbi Champaran,1043,1,Harsidhi,13,1043
8,Rajasthan,770,Khairthal-Tijara,7208,4,Harsoli,0,0
23,Madhya Pradesh,405,Khandwa (East Nimar),3714,4,Harsud,1,3714
33,Tamil Nadu,571,Dharmapuri,5886,1,Harur,7,5886
9,Uttar Pradesh,186,Unnao,815,1,Hasanganj,2,815
10,Bihar,201,Katihar,1144,1,Hasanganj,3,1144
36,Telangana,686,Hanumakonda,4678,2,Hasanparthy,7,4678
10,Bihar,217,Samastipur,1302,1,Hasanpur,19,1302
9,Uttar Pradesh,154,Amroha,731,1,Hasanpur,3,731
10,Bihar,222,Siwan,1245,1,Hasanpura,17,1245
19,West Bengal,303,North 24 Parganas,2336,1,Hasnabad,21,2336
22,Chhattisgarh,762,Sakti,7327,2,Hasoud,0,0
10,Bihar,189,Aurangabad,1477,1,Haspura,2,1477
29,Karnataka,539,Hassan,5556,1,Hassan,4,5556
6,Haryana,619,Palwal,6478,1,Hassanpur St,0,0
9,Uttar Pradesh,160,Kushinagar,956,24,Hata,2,956
21,Odisha,361,Kendujhar,7494,5,Hatadihi,0,0
20,Jharkhand,343,West Singhbhum,2738,1,Hat Gamharia,0,2738
6,Haryana,619,Palwal,428,3,Hathin,4,428
36,Telangana,691,Sangareddy,4489,2,Hathnoora,39,4489
9,Uttar Pradesh,163,Hathras,759,1,Hathras,3,759
10,Bihar,197,Gopalganj,1221,1,Hathua,7,1221
27,Maharashtra,480,Kolhapur,4285,1,Hatkanangle,3,4285
23,Madhya Pradesh,410,Indore,3541,7,Hatod,0,3541
23,Madhya Pradesh,402,Dewas,3530,6,Hatpiplya,0,3530
23,Madhya Pradesh,400,Damoh,3454,1,Hatta,1,3454
27,Maharashtra,490,Pune,4193,1,Haveli,7,4193
1,Jammu And Kashmir,10,Poonch,16,1,Haveli,1,16
36,Telangana,513,Medak,6270,2,Havelighanapur,0,0
29,Karnataka,540,Haveri,5492,1,Haveri,4,5492
12,Arunachal Pradesh,628,Anjaw,1743,2,Hawai Hq,9,1743
10,Bihar,195,Darbhanga,1191,1,Hayaghat,11,1191
36,Telangana,518,Ranga Reddy,4525,3,Hayathnagar,14,4525
12,Arunachal Pradesh,628,Anjaw,1736,2,Hayuliang Adc,3,1736
20,Jharkhand,332,Hazaribagh,2653,1,Hazaribag,7,2653
29,Karnataka,549,Udupi,7065,4,Hebri,0,0
29,Karnataka,545,Mysuru,5573,12,Heggadadevankote,5,5573
18,Assam,705,Biswanath,2046,2,Helem,6,2046
21,Odisha,373,Sundaragada,2804,1,Hemgir,1,2804
19,West Bengal,311,Uttar Dinajpur,2197,1,Hemtabad,7,2197
14,Manipur,254,Churachandpur,6502,1,Henglep,0,0
20,Jharkhand,335,Latehar,2642,1,Herhanj,0,2642
19,West Bengal,310,Dakshin Dinajpur,2203,1,Hilli,4,2203
10,Bihar,209,Nalanda,1390,1,Hilsa,13,1390
24,Gujarat,458,Sabar Kantha,3766,2,Himatnagar,7,3766
27,Maharashtra,485,Nanded,4097,1,Himayatnagar,3,4097
36,Telangana,507,Hyderabad,4503,2,Himayatnagar,8,4503
8,Rajasthan,108,Karauli,522,7,Hindaun,3,522
21,Odisha,352,Dhenkanal,2997,4,Hindol,7,2997
8,Rajasthan,94,Bundi,622,2,Hindoli,1,622
28,Andhra Pradesh,754,Sri Sathya Sai,5364,2,Hindupur,61,5364
19,West Bengal,303,North 24 Parganas,2337,1,Hingalganj,22,2337
27,Maharashtra,498,Wardha,4021,1,Hinganghat,7,4021
27,Maharashtra,484,Nagpur,4033,1,Hingna,11,4033
27,Maharashtra,477,Hingoli,4112,1,Hingoli,2,4112
21,Odisha,354,Ganjam,3090,7,Hinjili,21,3090
28,Andhra Pradesh,519,Srikakulam,4783,1,Hiramandalam,15,4783
1,Jammu And Kashmir,7,Kathua,31,8,Hiranagar,4,31
20,Jharkhand,337,Pakur,2575,1,Hiranpur,3,2575
19,West Bengal,305,Bankura,2374,1,Hirbandh,19,2374
29,Karnataka,540,Haveri,5494,7,Hirekerur,6,5494
29,Karnataka,533,Chitradurga,5508,1,Hiriyur,6,5508
6,Haryana,63,Hisar,394,4,Hisar,2,394
10,Bihar,210,Nawada,1520,1,Hisua,10,1520
15,Mizoram,726,Hnahthial,1915,3,Hnahthial,4,1915
6,Haryana,619,Palwal,429,3,Hodal,5,429
18,Assam,709,Hojai,2038,12,Hojai,8,2038
28,Andhra Pradesh,511,Kurnool,5272,1,Holagunda,23,5272
29,Karnataka,533,Chitradurga,5506,1,Holalkere,4,5506
29,Karnataka,539,Hassan,5559,1,Hole Narsipur,7,5559
2,Himachal Pradesh,16,Chamba,91,5,Holi,9,91
29,Karnataka,529,Bidar,5458,3,Homnabad,5,5458
29,Karnataka,550,Uttara Kannada,5487,1,Honavar,10,5487
29,Karnataka,535,Davanagere,5513,5,Honnali,5,5513
29,Karnataka,526,Bengaluru Rural,5604,1,Hosakote,4,5604
29,Karnataka,547,Shivamogga,5518,1,Hosanagara,4,5518
29,Karnataka,738,Vijayanagara,5498,5,Hosapete,3,5498
32,Kerala,558,Kasaragod,5631,2,Hosdurg,2,5631
29,Karnataka,533,Chitradurga,5507,1,Hosdurga,5,5507
23,Madhya Pradesh,409,Narmadapuram,3614,5,Hoshangabad,3,3614
23,Madhya Pradesh,409,Narmadapuram,7045,3,Hoshangabad Nagar,0,0
3,Punjab,33,Hoshiarpur,216,1,Hoshiarpur,3,216
33,Tamil Nadu,577,Krishnagiri,5890,2,Hosur,1,5890
29,Karnataka,536,Dharwad,5475,4,Hubballi,3,5475
29,Karnataka,536,Dharwad,7079,2,Hubballi Urban,0,0
29,Karnataka,527,Belagavi,5437,2,Hukkeri,5,5437
28,Andhra Pradesh,745,Alluri Sitharama Raju,4846,2,Hukumpeta,6,4846
10,Bihar,199,Jehanabad,1541,1,Hulasganj,12,1541
29,Karnataka,529,Bidar,7086,3,Hulsoor,0,0
29,Karnataka,635,Yadgir,7096,5,Hunasagi,0,0
29,Karnataka,524,Bagalkote,5448,9,Hungund,6,5448
12,Arunachal Pradesh,235,Lower Dibang Valley,6075,3,Hunli Sdo,0,0
29,Karnataka,545,Mysuru,5570,1,Hunsur,2,5570
13,Nagaland,247,Mon,1746,1,Hunta,3,1746
19,West Bengal,321,Purulia,2386,1,Hura,9,2386
8,Rajasthan,92,Bhilwara,628,3,Hurda,2,628
36,Telangana,692,Siddipet,4444,3,Husnabad,51,4444
20,Jharkhand,338,Palamu,2615,1,Hussainabad,1,2615
10,Bihar,222,Siwan,1238,1,Hussainganj,10,1238
23,Madhya Pradesh,424,Rewa,3479,6,Huzur,5,3479
23,Madhya Pradesh,396,Bhopal,3581,5,Huzur,5,3581
36,Telangana,508,Karimnagar,4446,1,Huzurabad,53,4446
36,Telangana,696,Suryapet,4669,2,Huzurnagar,57,4669
23,Madhya Pradesh,424,Rewa,7041,3,Huzur Nagar,0,0
28,Andhra Pradesh,749,Ntr,5009,2,Ibrahimpatnam,20,5009
36,Telangana,681,Jagitial,4393,5,Ibrahimpatnam,1,4393
36,Telangana,518,Ranga Reddy,4546,2,Ibrahimpatnam,35,4546
20,Jharkhand,341,Saraikela Kharsawan,2749,1,Ichagarh,7,2749
20,Jharkhand,332,Hazaribagh,2647,1,Ichak,4,2647
28,Andhra Pradesh,519,Srikakulam,4778,1,Ichchapuram,10,4778
23,Madhya Pradesh,427,Sehore,3586,1,Ichhawar,3,3586
36,Telangana,501,Adilabad,4322,2,Ichoda,18,4322
24,Gujarat,458,Sabar Kantha,3763,1,Idar,4,3763
32,Kerala,556,Idukki,5942,1,Idukki,0,0
36,Telangana,695,Jogulamba Gadwal,4606,3,Ieeja,58,4606
27,Maharashtra,487,Nashik,4153,1,Igatpuri,12,4153
9,Uttar Pradesh,119,Aligarh,756,3,Iglas,5,756
9,Uttar Pradesh,181,Shrawasti,924,3,Ikauna,2,924
33,Tamil Nadu,585,Sivaganga,5834,1,Ilayangudi,6,5834
29,Karnataka,524,Bagalkote,7062,8,Ilkal,0,0
19,West Bengal,307,Birbhum,2265,1,Illambazar,17,2265
36,Telangana,683,Rajanna Sircilla,4436,4,Illanthakunta,43,4436
33,Tamil Nadu,582,Pudukkottai,5818,2,Iluppur,1,5818
10,Bihar,196,Gaya,1501,1,Imamganj,15,1501
36,Telangana,686,Hanumakonda,6249,2,Inavole,0,0
36,Telangana,516,Nizamabad,6236,1,Indalwai,0,0
27,Maharashtra,490,Pune,4200,1,Indapur,14,4200
36,Telangana,501,Adilabad,4311,4,Inderavelly,7,4311
23,Madhya Pradesh,401,Datia,3404,1,Indergarh,0,3404
29,Karnataka,530,Vijayapura,5450,4,Indi,2,5450
2,Himachal Pradesh,18,Kangra,94,20,Indora,2,94
19,West Bengal,305,Bankura,2360,1,Indpur,5,2360
8,Rajasthan,94,Bundi,624,1,Indragarh,3,624
6,Haryana,604,Nuh,7172,1,Indri,0,0
6,Haryana,67,Karnal,371,4,Indri,2,371
28,Andhra Pradesh,515,Sri Potti Sriramulu Nellore,5179,1,Indukurpet,27,5179
19,West Bengal,305,Bankura,2366,1,Indus,11,2366
28,Andhra Pradesh,750,Bapatla,5110,2,Inkollu,14,5110
36,Telangana,688,Mahabubabad,7538,1,Inugurthy,0,0
28,Andhra Pradesh,747,Dr. B.R. Ambedkar Konaseema,4931,2,I. Polavaram,47,4931
28,Andhra Pradesh,751,Palnadu,5065,3,Ipuru,26,5065
28,Andhra Pradesh,523,West Godavari,4979,1,Iragavaram,36,4979
28,Andhra Pradesh,503,Chittoor,5411,1,Irala,45,5411
32,Kerala,557,Kannur,5937,1,Iritty,0,0
23,Madhya Pradesh,391,Ashoknagar,3684,6,Isagarh,1,3684
10,Bihar,218,Saran,1251,1,Ishupur,4,1251
10,Bihar,198,Jamui,1525,1,Islamnagar Aliganj,1,1525
19,West Bengal,311,Uttar Dinajpur,2192,1,Islampur,2,2192
10,Bihar,209,Nalanda,1392,1,Islampur,15,1392
14,Manipur,712,Kangpokpi,6487,5,Island,0,0
6,Haryana,68,Kurukshetra,6453,1,Ismailabad St,0,0
10,Bihar,192,Bhagalpur,1337,1,Ismailpur,9,1337
2,Himachal Pradesh,26,Una,6889,3,Ispur,0,0
6,Haryana,71,Panipat,376,2,Israna,2,376
19,West Bengal,311,Uttar Dinajpur,2199,2,Itahar,9,2199
12,Arunachal Pradesh,237,Papum Pare,6604,2,Itanagar Eac,0,0
10,Bihar,194,Buxar,1444,1,Itarhi,10,1444
23,Madhya Pradesh,409,Narmadapuram,3613,5,Itarsi,2,3613
36,Telangana,695,Jogulamba Gadwal,4607,5,Itikyala,59,4607
20,Jharkhand,323,Chatra,2520,1,Itkhori,6,2520
20,Jharkhand,339,Ranchi,2696,1,Itki,0,2696
9,Uttar Pradesh,182,Siddharthnagar,935,1,Itwa,4,935
23,Madhya Pradesh,411,Jabalpur,3631,21,Jabalpur,3,3631
23,Madhya Pradesh,400,Damoh,3459,1,Jabera,6,3459
36,Telangana,512,Mahabubnagar,4567,1,Jadcherla,19,4567
24,Gujarat,439,Amreli,3848,1,Jafrabad,10,3848
27,Maharashtra,479,Jalna,4126,2,Jafrabad,2,4126
6,Haryana,76,Yamunanagar,361,5,Jagadhri,1,361
29,Karnataka,535,Davanagere,5511,1,Jagalur,3,5511
21,Odisha,354,Ganjam,3073,4,Jagannath Prasad,4,3073
20,Jharkhand,343,West Singhbhum,2743,1,Jagannathpur,21,2743
22,Chhattisgarh,642,Sukma,7356,1,Jagargunda,0,0
19,West Bengal,313,Howrah,2401,1,Jagatballavpur,4,2401
21,Odisha,355,Jagatsinghapur,2940,4,Jagatsinghapur,7,2940
22,Chhattisgarh,374,Bastar,3360,4,Jagdalpur,4,3360
36,Telangana,692,Siddipet,4484,4,Jagdevpur,34,4484
10,Bihar,192,Bhagalpur,1343,2,Jagdishpur,15,1343
10,Bihar,193,Bhojpur,1428,2,Jagdishpur,15,1428
28,Andhra Pradesh,749,Ntr,4991,3,Jaggaiahpeta,2,4991
28,Andhra Pradesh,746,Kakinada,4898,2,Jaggampeta,14,4898
36,Telangana,681,Jagitial,4414,4,Jagitial,21,4414
36,Telangana,681,Jagitial,6211,3,Jagitial Rural,0,0
3,Punjab,36,Ludhiana,230,1,Jagraon,7,230
8,Rajasthan,92,Bhilwara,636,3,Jahazpur,10,636
2,Himachal Pradesh,17,Hamirpur,7413,2,Jahu,0,0
22,Chhattisgarh,762,Sakti,3286,5,Jaijaipur,8,3286
10,Bihar,206,Madhubani,1083,1,Jainagar,4,1083
20,Jharkhand,334,Koderma,2529,1,Jainagar,3,2529
36,Telangana,501,Adilabad,4307,4,Jainath,3,4307
36,Telangana,699,Kumuram Bheem Asifabad,4320,2,Jainoor,16,4320
5,Uttarakhand,45,Almora,332,5,Jainti,0,332
8,Rajasthan,102,Jaipur,546,3,Jaipur,9,546
36,Telangana,684,Mancherial,4355,3,Jaipur,51,4355
19,West Bengal,321,Purulia,2378,1,Jaipur,1,2378
12,Arunachal Pradesh,229,Changlang,6582,1,Jairampur Adc,0,0
8,Rajasthan,103,Jaisalmer,574,7,Jaisalmer,1,574
23,Madhya Pradesh,425,Sagar,6984,4,Jaisinagar,0,0
23,Madhya Pradesh,429,Shahdol,3690,2,Jaisinghnagar,2,3690
2,Himachal Pradesh,18,Kangra,110,20,Jaisinghpur,0,110
9,Uttar Pradesh,185,Sultanpur,916,2,Jaisinghpur,4,916
8,Rajasthan,774,Beawar,597,2,Jaitaran,1,597
23,Madhya Pradesh,390,Anuppur,3695,1,Jaithari,7,3695
23,Madhya Pradesh,429,Shahdol,3692,6,Jaitpur,4,3692
3,Punjab,29,Faridkot,243,1,Jaitu,2,243
36,Telangana,696,Suryapet,4623,4,Jajireddygudem,11,4623
21,Odisha,356,Jajpur,2977,7,Jajpur,5,2977
6,Haryana,61,Fatehabad,6438,1,Jakhal St,0,0
13,Nagaland,245,Kohima,1848,1,Jakhama,4,1848
9,Uttar Pradesh,146,Ghazipur,987,1,Jakhania,1,987
5,Uttarakhand,55,Tehri Garhwal,296,2,Jakhani Dhar,0,296
5,Uttarakhand,52,Pauri Garhwal,6373,24,Jakhanikhal,0,0
5,Uttarakhand,54,Rudraprayag,292,5,Jakholi*,0,292
36,Telangana,516,Nizamabad,4366,2,Jakranpally,10,4366
28,Andhra Pradesh,515,Sri Potti Sriramulu Nellore,5157,1,Jaladanki,5,5157
18,Assam,616,Baksa,2140,16,Jalah,8,2140
3,Punjab,651,Fazilka,236,15,Jalalabad,3,236
9,Uttar Pradesh,180,Shahjahanpur,796,5,Jalalabad,4,796
10,Bihar,214,Purnia,1137,1,Jalalgarh,10,1137
5,Uttarakhand,45,Almora,6340,7,Jalali,0,0
24,Gujarat,453,Navsari,3923,1,Jalalpore,2,3923
9,Uttar Pradesh,121,Ambedkar Nagar,909,3,Jalalpur,3,909
10,Bihar,218,Saran,1256,1,Jalalpur,9,1256
3,Punjab,34,Jalandhar,212,4,Jalandhar - I,4,212
3,Punjab,34,Jalandhar,213,2,Jalandhar - II,5,213
19,West Bengal,319,Murshidabad,2234,1,Jalangi,12,2234
9,Uttar Pradesh,151,Jalaun,852,1,Jalaun,2,852
20,Jharkhand,342,Simdega,2725,1,Jaldega,17,2725
10,Bihar,195,Darbhanga,1181,1,Jale,1,1181
9,Uttar Pradesh,138,Etah,1009,1,Jalesar,5,1009
21,Odisha,346,Baleshwar,2890,10,Jaleswar,2,2890
27,Maharashtra,478,Jalgaon,3966,1,Jalgaon,7,3966
27,Maharashtra,472,Buldhana,3975,1,Jalgaon (Jamod),1,3975
27,Maharashtra,481,Latur,4229,1,Jalkot,4,4229
27,Maharashtra,479,Jalna,4127,1,Jalna,3,4127
2,Himachal Pradesh,23,Shimla,6961,7,Jalog,0,0
8,Rajasthan,104,Jalore,587,2,Jalore,3,587
19,West Bengal,314,Jalpaiguri,2178,1,Jalpaiguri,13,2178
8,Rajasthan,102,Jaipur,7379,6,Jalsu,0,0
13,Nagaland,613,Peren,1852,1,Jalukie,8,1852
28,Andhra Pradesh,519,Srikakulam,4792,1,Jalumuru,24,4792
20,Jharkhand,326,Dumka,2674,1,Jama,9,2674
23,Madhya Pradesh,399,Chhindwara,3651,3,Jamai (Junnardeo),4,3651
19,West Bengal,306,Purba Bardhaman,2295,1,Jamalpur,28,2295
10,Bihar,207,Munger,1358,1,Jamalpur,3,1358
21,Odisha,371,Sambalpur,2792,4,Jamankira,4,2792
19,West Bengal,703,Jhargram,2455,2,Jamboni,15,2455
24,Gujarat,454,Panch Mahals,3889,1,Jambughoda,11,3889
24,Gujarat,442,Bharuch,3913,1,Jambusar,1,3913
21,Odisha,365,Mayurbhanj,2860,3,Jamda,2,2860
28,Andhra Pradesh,521,Vizianagaram,4835,1,Jami,29,4835
12,Arunachal Pradesh,242,West Kameng,6563,3,Jamiri Circle,0,0
24,Gujarat,447,Jamnagar,3821,1,Jamjodhpur,10,3821
24,Gujarat,457,Rajkot,3808,1,Jamkandorna,11,3808
29,Karnataka,524,Bagalkote,5443,5,Jamkhandi,1,5443
27,Maharashtra,466,Ahilyanagar,4214,1,Jamkhed,14,4214
28,Andhra Pradesh,504,Y.S.R. Kadapa,5215,1,Jammalamadugu,17,5215
36,Telangana,508,Karimnagar,4440,2,Jammikunta,47,4440
1,Jammu And Kashmir,5,Jammu,79,39,Jammu,2,79
1,Jammu And Kashmir,5,Jammu,6708,4,Jammu North,0,0
1,Jammu And Kashmir,5,Jammu,6706,3,Jammu South,0,0
1,Jammu And Kashmir,5,Jammu,6718,5,Jammu West,0,0
24,Gujarat,447,Jamnagar,6525,1,Jamnagar City,0,0
24,Gujarat,447,Jamnagar,3814,3,Jamnagar Rural,3,3814
27,Maharashtra,478,Jalgaon,3974,1,Jamner,15,3974
16,Tripura,653,Sepahijala,6677,1,Jampuijala,11,0
20,Jharkhand,333,Jamtara,2678,2,Jamtara,12,2678
20,Jharkhand,329,Giridih,2536,1,Jamua,5,2536
10,Bihar,198,Jamui,1527,1,Jamui,3,1527
9,Uttar Pradesh,181,Shrawasti,6164,10,Jamunaha,0,0
33,Tamil Nadu,593,Tiruvannamalai,6631,1,Jamunamarathoor,0,0
19,West Bengal,704,Paschim Bardhaman,2270,2,Jamuria,3,2270
8,Rajasthan,102,Jaipur,548,8,Jamwaramgarh,11,548
7,Delhi,85,West,7590,1,Janakpuri,0,0
10,Bihar,224,Vaishali,1276,1,Jandaha,9,1276
12,Arunachal Pradesh,238,Tawang,1561,6,Jang Adc,5,1561
28,Andhra Pradesh,748,Eluru,4953,2,Jangareddigudem,10,4953
19,West Bengal,312,Hooghly,2353,1,Jangipara,16,2353
2,Himachal Pradesh,23,Shimla,6957,5,Jangla,0,0
36,Telangana,689,Jangoan,4699,3,Jangoan,28,4699
7,Delhi,670,South East,7572,2,Jangpura,0,0
22,Chhattisgarh,379,Janjgir-Champa,3277,2,Janjgir,1,3277
36,Telangana,684,Mancherial,4334,2,Jannaram,30,4334
8,Rajasthan,767,Deeg,7380,3,Janoothar,0,0
9,Uttar Pradesh,172,Muzaffarnagar,711,2,Jansath,5,711
27,Maharashtra,494,Satara,4263,4,Jaoli,9,4263
23,Madhya Pradesh,423,Ratlam,3501,2,Jaora,2,3501
22,Chhattisgarh,647,Mungeli,7311,1,Jarhagaon,0,0
2,Himachal Pradesh,20,Kullu,7283,2,Jari,0,0
20,Jharkhand,322,Bokaro,2594,1,Jaridih,6,2594
20,Jharkhand,326,Dumka,2667,1,Jarmundi,2,2667
24,Gujarat,457,Rajkot,3806,3,Jasdan,9,3806
21,Odisha,365,Mayurbhanj,2867,2,Jashipur,27,2867
22,Chhattisgarh,380,Jashpur,3257,1,Jashpur,2,3257
5,Uttarakhand,56,Udham Singh Nagar,347,1,Jaspur,0,347
9,Uttar Pradesh,143,Firozabad,773,1,Jasrana,3,773
8,Rajasthan,93,Bikaner,7365,2,Jasrasar,0,0
2,Himachal Pradesh,18,Kangra,105,21,Jaswan,11,105
9,Uttar Pradesh,139,Etawah,836,2,Jaswantnagar,1,836
8,Rajasthan,104,Jalore,6044,1,Jaswantpura,0,0
27,Maharashtra,493,Sangli,4304,1,Jat,9,4304
21,Odisha,362,Khordha,3049,4,Jatani,10,3049
23,Madhya Pradesh,434,Tikamgarh,3418,6,Jatara,3,3418
9,Uttar Pradesh,152,Jaunpur,984,5,Jaunpur,4,984
23,Madhya Pradesh,424,Rewa,3472,3,Jawa,0,3472
23,Madhya Pradesh,419,Neemuch,3487,2,Jawad,1,3487
2,Himachal Pradesh,18,Kangra,104,28,Jawalamukhi,0,104
2,Himachal Pradesh,18,Kangra,96,26,Jawali,4,96
23,Madhya Pradesh,427,Sehore,3585,1,Jawar,0,3585
27,Maharashtra,665,Palghar,4160,2,Jawhar,4,4160
8,Rajasthan,110,Nagaur,559,4,Jayal,3,559
21,Odisha,358,Kalahandi,3170,3,Jayapatna,11,3170
19,West Bengal,304,South 24 Parganas,2431,1,Jaynagar - I,20,2431
19,West Bengal,304,South 24 Parganas,2432,1,Jaynagar - II,21,2432
19,West Bengal,305,Bankura,2368,1,Jaypur,13,2368
28,Andhra Pradesh,748,Eluru,4947,2,Jeelugu Milli,4,4947
23,Madhya Pradesh,422,Rajgarh,3563,3,Jeerapur,1,3563
10,Bihar,199,Jehanabad,1536,1,Jehanabad,7,1536
12,Arunachal Pradesh,240,Upper Siang,1664,3,Jengging Circle,7,1664
24,Gujarat,443,Bhavnagar,6203,4,Jesar,0,0
14,Manipur,260,Ukhrul,6481,1,Jessami,0,0
24,Gujarat,457,Rajkot,3811,2,Jetpur,14,3811
24,Gujarat,457,Rajkot,7440,1,Jetpur City,0,0
24,Gujarat,668,Chhotaudepur,3900,4,Jetpur Pavi,4,3900
29,Karnataka,538,Kalaburagi,5586,3,Jevargi,7,5586
9,Uttar Pradesh,144,Gautam Buddha Nagar,744,2,Jewar,3,744
21,Odisha,363,Koraput,3209,4,Jeypore,18,3209
23,Madhya Pradesh,412,Jhabua,3709,5,Jhabua,4,3709
8,Rajasthan,117,Udaipur,688,6,Jhadol,4,688
24,Gujarat,442,Bharuch,3917,2,Jhagadia,5,3917
10,Bihar,198,Jamui,1530,1,Jhajha,6,1530
6,Haryana,64,Jhajjar,409,4,Jhajjar,3,409
19,West Bengal,321,Purulia,2390,1,Jhalda - I,13,2390
19,West Bengal,321,Purulia,2391,1,Jhalda - II,14,2391
8,Rajasthan,777,Salumbar,7229,3,Jhallara,0,0
24,Gujarat,445,Dahod,3891,7,Jhalod,2,3891
8,Rajasthan,105,Jhalawar,679,6,Jhalrapatan,2,679
2,Himachal Pradesh,15,Bilaspur,154,13,Jhanduta,2,154
10,Bihar,206,Madhubani,1097,1,Jhanjharpur,18,1097
9,Uttar Pradesh,153,Jhansi,860,1,Jhansi,5,860
8,Rajasthan,107,Jodhpur,7220,4,Jhanwar,0,0
36,Telangana,691,Sangareddy,4476,2,Jharasangam,26,4476
21,Odisha,347,Baragada,2756,2,Jharbandh,2,2756
23,Madhya Pradesh,435,Ujjain,6983,2,Jharda,0,0
19,West Bengal,703,Jhargram,2454,2,Jhargram,14,2454
20,Jharkhand,325,Dhanbad,2585,1,Jharia-Cum-Jorapokhar-Cum-Sindri,0,2585
21,Odisha,366,Nabarangpur,3191,4,Jharigan,4,3191
21,Odisha,357,Jharsuguda,2776,5,Jharsuguda,7,2776
20,Jharkhand,343,West Singhbhum,2742,1,Jhinkpani,20,2742
23,Madhya Pradesh,414,Khargone (West Nimar),3553,1,Jhiranya,8,3553
8,Rajasthan,99,Dungarpur,6070,5,Jhonthripal,0,0
21,Odisha,361,Kendujhar,2840,5,Jhumpura,6,2840
8,Rajasthan,106,Jhunjhunu,487,7,Jhunjhunu,1,487
5,Uttarakhand,47,Chamoli,6346,8,Jilasu,0,0
36,Telangana,518,Ranga Reddy,6322,5,Jilled Chowdergudem,0,0
6,Haryana,65,Jind,383,4,Jind,2,383
36,Telangana,691,Sangareddy,4493,3,Jinnaram,43,4493
27,Maharashtra,489,Parbhani,4117,1,Jintur,2,4117
23,Madhya Pradesh,419,Neemuch,3490,2,Jiran,0,3490
17,Meghalaya,276,Ri Bhoi,1986,1,Jirang,0,1986
16,Tripura,272,West Tripura,6679,1,Jirania,9,0
14,Manipur,713,Jiribam,1883,6,Jiribam,1,1883
27,Maharashtra,473,Chandrapur,4076,1,Jiwati,0,4076
28,Andhra Pradesh,743,Parvathipuram Manyam,4810,2,Jiyyammavalasa,4,4810
23,Madhya Pradesh,639,Alirajpur,3712,1,Jobat,6,3712
8,Rajasthan,102,Jaipur,7141,14,Jobner,0,0
8,Rajasthan,107,Jodhpur,570,3,Jodhpur,4,570
24,Gujarat,447,Jamnagar,3815,1,Jodiya,4,3815
10,Bihar,211,Pashchim Champaran,1024,1,Jogapatti,12,1024
2,Himachal Pradesh,22,Mandi,124,11,Jogindarnagar,2,124
10,Bihar,188,Araria,1120,1,Jokihat,9,1120
2,Himachal Pradesh,26,Una,6890,5,Jol,0,0
12,Arunachal Pradesh,679,Siang,6606,1,Jomlo Mobuk Circle,0,0
18,Assam,284,Dhemaji,2057,1,Jonai,3,2057
19,West Bengal,309,Darjeeling,2159,1,Jorebunglow Sukiapokhri,6,2159
11,Sikkim,227,Namchi,6399,4,Jorethang,0,0
18,Assam,290,Jorhat,2078,1,Jorhat East,3,2078
18,Assam,290,Jorhat,2077,2,Jorhat West,2,2077
5,Uttarakhand,47,Chamoli,284,1,Joshimath,1,284
5,Uttarakhand,57,Uttarkashi,6366,8,Joshiyara,0,0
24,Gujarat,451,Mahesana,6021,1,Jotana,0,0
23,Madhya Pradesh,417,Morena,3388,4,Joura,4,3388
1,Jammu And Kashmir,5,Jammu,6701,3,Jourian,0,0
28,Andhra Pradesh,517,Prakasam,5111,4,J.Pangulur,15,5111
2,Himachal Pradesh,23,Shimla,188,5,Jubbal,12,188
21,Odisha,371,Sambalpur,2794,3,Jujomura,9,2794
36,Telangana,685,Kamareddy,4373,4,Jukkal,17,4373
6,Haryana,65,Jind,384,3,Julana,3,384
36,Telangana,682,Peddapalli,4409,4,Julapalli,17,4409
36,Telangana,690,Bhadradri Kothagudem,4746,3,Julurpadu,24,4746
24,Gujarat,448,Junagadh,3827,2,Junagadh,3,3827
24,Gujarat,448,Junagadh,6517,1,Junagadh City,0,0
21,Odisha,358,Kalahandi,3166,3,Junagarh,10,3166
2,Himachal Pradesh,23,Shimla,183,1,Junga,7,183
23,Madhya Pradesh,410,Indore,3543,14,Juni Indore,3,3543
27,Maharashtra,490,Pune,4187,1,Junnar,1,4187
28,Andhra Pradesh,755,Nandyal,5262,3,Jupadu Bunglow,13,5262
8,Rajasthan,767,Deeg,7381,2,Jurhara,0,0
11,Sikkim,226,Mangan,6401,5,Kabi,0,0
21,Odisha,354,Ganjam,3080,4,Kabisuryanagar,9,3080
8,Rajasthan,92,Bhilwara,7366,6,Kachhola,0,0
29,Karnataka,534,Dakshina Kannada,7104,3,Kadaba,0,0
33,Tamil Nadu,583,Ramanathapuram,5859,2,Kadaladi,5,5859
18,Assam,295,Lakhimpur,2051,1,Kadam,4,2051
24,Gujarat,669,Mahisagar,3880,2,Kadana,2,3880
28,Andhra Pradesh,504,Y.S.R. Kadapa,5230,1,Kadapa,32,5230
33,Tamil Nadu,576,Karur,5772,1,Kadavur,0,5772
33,Tamil Nadu,584,Salem,6619,1,Kadayampatti,0,0
33,Tamil Nadu,733,Tenkasi,6639,2,Kadayanallur,0,0
36,Telangana,680,Nirmal,4335,5,Kaddam Peddur,31,4335
27,Maharashtra,493,Sangli,4298,1,Kadegaon,0,4298
24,Gujarat,451,Mahesana,3759,2,Kadi,9,3759
28,Andhra Pradesh,505,East Godavari,4918,1,Kadiam,34,4918
9,Uttar Pradesh,185,Sultanpur,918,4,Kadipur,6,918
6,Haryana,62,Gurugram,6422,1,Kadipur St,0,0
28,Andhra Pradesh,754,Sri Sathya Sai,5343,2,Kadiri,40,5343
31,Lakshadweep,553,Lakshadweep District,5624,1,Kadmat,1,5624
36,Telangana,518,Ranga Reddy,6324,2,Kadthal,0,0
29,Karnataka,532,Chikkamagaluru,5529,11,Kadur,5,5529
24,Gujarat,668,Chhotaudepur,7551,1,Kadval,0,0
10,Bihar,201,Katihar,1145,1,Kadwa,4,1145
5,Uttarakhand,46,Bageshwar,6332,4,Kafligair,0,0
27,Maharashtra,480,Kolhapur,4290,1,Kagal,8,4290
36,Telangana,699,Kumuram Bheem Asifabad,4318,3,Kagaznagar,14,4318
29,Karnataka,527,Belagavi,7100,3,Kagwad,0,0
10,Bihar,192,Bhagalpur,1336,2,Kahalgaon,8,1336
1,Jammu And Kashmir,4,Doda,6756,1,Kahara,0,0
10,Bihar,216,Saharsa,1174,1,Kahara,4,1174
27,Maharashtra,470,Beed,4222,1,Kaij,8,4222
28,Andhra Pradesh,748,Eluru,5016,3,Kaikaluru,27,5016
23,Madhya Pradesh,417,Morena,3389,2,Kailaras,5,3389
16,Tripura,655,Unakoti,6682,1,Kailashahar,1,0
9,Uttar Pradesh,141,Farrukhabad,830,1,Kaimganj,1,830
9,Uttar Pradesh,660,Shamli,706,5,Kairana,1,706
20,Jharkhand,336,Lohardaga,2600,1,Kairo,0,2600
9,Uttar Pradesh,125,Bahraich,922,11,Kaiserganj,4,922
6,Haryana,66,Kaithal,368,6,Kaithal,2,368
28,Andhra Pradesh,746,Kakinada,4923,2,Kajuluru,39,4923
1,Jammu And Kashmir,11,Pulwama,6793,4,Kakapora,0,0
21,Odisha,369,Puri,3059,4,Kakatpur,5,3059
14,Manipur,711,Kakching,1878,3,Kakching,3,1878
19,West Bengal,304,South 24 Parganas,2437,1,Kakdwip,26,2437
28,Andhra Pradesh,746,Kakinada,4913,2,Kakinada (Rural),29,4913
28,Andhra Pradesh,746,Kakinada,4914,2,Kakinada (Urban),30,4914
2,Himachal Pradesh,16,Chamba,6943,7,Kakira,0,0
10,Bihar,199,Jehanabad,1537,1,Kako,8,1537
12,Arunachal Pradesh,237,Papum Pare,6601,2,Kakoi Circle,0,0
28,Andhra Pradesh,506,Guntur,5083,1,Kakumanu,44,5083
29,Karnataka,538,Kalaburagi,5582,4,Kalaburagi,3,5582
5,Uttarakhand,51,Nainital,344,1,Kaladhungi,0,344
29,Karnataka,538,Kalaburagi,7087,6,Kalagi,0,0
21,Odisha,358,Kalahandi,7507,8,Kalahandi,0,0
18,Assam,617,Udalguri,6427,7,Kalaigaon,0,0
33,Tamil Nadu,585,Sivaganga,6644,1,Kalaiyarkoil,0,0
28,Andhra Pradesh,753,Annamayya,5371,2,Kalakada,5,5371
1,Jammu And Kashmir,12,Rajouri,24,3,Kalakote,4,24
12,Arunachal Pradesh,242,West Kameng,1570,9,Kalaktang Adc,4,1570
27,Maharashtra,500,Yavatmal,4081,1,Kalamb,3,4081
27,Maharashtra,488,Dharashiv,4239,2,Kalamb,4,4239
27,Maharashtra,484,Nagpur,4025,1,Kalameshwar,3,4025
27,Maharashtra,477,Hingoli,4114,1,Kalamnuri,4,4114
21,Odisha,358,Kalahandi,7508,3,Kalampur,0,0
9,Uttar Pradesh,180,Shahjahanpur,6882,3,Kalan,0,0
6,Haryana,73,Rohtak,6467,1,Kalanaur,0,0
3,Punjab,32,Gurdaspur,6859,2,Kalanaur,0,0
6,Haryana,74,Sirsa,6469,3,Kalanwali,0,0
23,Madhya Pradesh,430,Shajapur,3523,2,Kalapipal,8,3523
29,Karnataka,532,Chikkamagaluru,7194,2,Kalasa,0,0
28,Andhra Pradesh,504,Y.S.R. Kadapa,5207,1,Kalasapadu,9,5207
33,Tamil Nadu,593,Tiruvannamalai,5959,1,Kalasapakkam,0,0
24,Gujarat,447,Jamnagar,3817,1,Kalavad,6,3817
33,Tamil Nadu,731,Ranipet,7059,4,Kalavai,0,0
6,Haryana,66,Kaithal,6446,3,Kalayat,0,0
2,Himachal Pradesh,23,Shimla,7284,3,Kalbog,0,0
19,West Bengal,664,Alipurduar,2171,2,Kalchini,6,2171
10,Bihar,611,Arwal,1543,2,Kaler,2,1543
18,Assam,280,Barpeta,2019,2,Kalgachia,2,2019
29,Karnataka,536,Dharwad,5476,1,Kalghatgi,4,5476
36,Telangana,691,Sangareddy,4453,4,Kalher,4,4453
18,Assam,297,Nagaon,2031,1,Kaliabor,1,2031
19,West Bengal,316,Malda,2220,1,Kaliachak - I,13,2220
19,West Bengal,316,Malda,2221,1,Kaliachak - II,14,2221
19,West Bengal,316,Malda,2222,1,Kaliachak - III,15,2222
19,West Bengal,311,Uttar Dinajpur,2198,1,Kaliaganj,8,2198
28,Andhra Pradesh,748,Eluru,5017,2,Kalidindi,28,5017
19,West Bengal,320,Nadia,2303,1,Kaliganj,5,2303
28,Andhra Pradesh,515,Sri Potti Sriramulu Nellore,5160,1,Kaligiri,8,5160
28,Andhra Pradesh,753,Annamayya,5387,2,Kalikiri,21,5387
21,Odisha,364,Malkangiri,3227,7,Kalimela,6,3227
19,West Bengal,702,Kalimpong,2156,2,Kalimpong -I,3,2156
9,Uttar Pradesh,173,Pilibhit,6866,15,Kalinagar,0,0
6,Haryana,70,Panchkula,356,3,Kalka,1,356
7,Delhi,670,South East,456,6,Kalkaji,3,456
33,Tamil Nadu,575,Kanniyakumari,5882,4,Kalkulam,2,5882
28,Andhra Pradesh,523,West Godavari,4985,1,Kalla,42,4985
33,Tamil Nadu,729,Kallakurichi,5734,8,Kallakkurichi,7,5734
33,Tamil Nadu,578,Madurai,6615,1,Kalligudi,0,0
28,Andhra Pradesh,511,Kurnool,5258,1,Kallur,9,5258
36,Telangana,509,Khammam,4763,2,Kalluru,41,4763
19,West Bengal,306,Purba Bardhaman,2293,1,Kalna - I,26,2293
19,West Bengal,306,Purba Bardhaman,2294,1,Kalna - II,27,2294
2,Himachal Pradesh,15,Bilaspur,6938,12,Kalol,0,0
24,Gujarat,454,Panch Mahals,3886,1,Kalol,1,3886
24,Gujarat,446,Gandhinagar,7438,1,Kalol City,0,0
24,Gujarat,446,Gandhinagar,3773,5,Kalol Gandhinagar,1,3773
36,Telangana,695,Jogulamba Gadwal,6297,2,Kaloor Thimmandoddi,0,0
2,Himachal Pradesh,19,Kinnaur,197,2,Kalpa,4,197
31,Lakshadweep,553,Lakshadweep District,5628,1,Kalpeni,3,5628
9,Uttar Pradesh,151,Jalaun,853,1,Kalpi,3,853
5,Uttarakhand,49,Dehradun,302,1,Kalsi,0,302
10,Bihar,206,Madhubani,1090,1,Kaluahi,11,1090
28,Andhra Pradesh,515,Sri Potti Sriramulu Nellore,5174,1,Kaluvoya,22,5174
33,Tamil Nadu,729,Kallakurichi,7055,1,Kalvarayan Hills,0,0
36,Telangana,694,Nagarkurnool,4576,2,Kalwakurthy,28,4576
27,Maharashtra,487,Nashik,4143,1,Kalwan,2,4143
8,Rajasthan,102,Jaipur,7215,2,Kalwar,0,0
27,Maharashtra,497,Thane,4168,1,Kalyan,12,4168
28,Andhra Pradesh,502,Ananthapuramu,5321,2,Kalyanadurg,18,5321
21,Odisha,370,Rayagada,3176,7,Kalyanasingpur,9,3176
19,West Bengal,320,Nadia,6966,3,Kalyani,0,0
8,Rajasthan,775,Balotra,7130,3,Kalyanpur,0,0
24,Gujarat,674,Devbhumi Dwarka,3819,2,Kalyanpur,8,3819
10,Bihar,217,Samastipur,1284,1,Kalyanpur,18,1284
10,Bihar,213,Purbi Champaran,1048,1,Kalyanpur,18,1048
21,Odisha,352,Dhenkanal,2988,5,Kamakshyanagar,2,2988
36,Telangana,686,Hanumakonda,4447,4,Kamalapur,54,4447
29,Karnataka,538,Kalaburagi,7090,5,Kamalapur,0,0
28,Andhra Pradesh,504,Y.S.R. Kadapa,5224,1,Kamalapuram,26,5224
29,Karnataka,529,Bidar,7085,8,Kamalnagar,0,0
16,Tripura,269,Dhalai,6681,1,Kamalpur,1,0
18,Assam,291,Kamrup,2118,7,Kamalpur,3,2118
8,Rajasthan,767,Deeg,506,4,Kaman,2,506
36,Telangana,682,Peddapalli,4400,6,Kamanpur,8,4400
36,Telangana,685,Kamareddy,4390,2,Kamareddy,34,4390
28,Andhra Pradesh,748,Eluru,4954,2,Kamavarapukota,11,4954
12,Arunachal Pradesh,243,West Siang,6585,5,Kamba Adc,0,0
28,Andhra Pradesh,502,Ananthapuramu,5334,1,Kambadur,31,5334
28,Andhra Pradesh,753,Annamayya,5372,2,Kambhamvaripalle,6,5372
20,Jharkhand,331,Gumla,2710,1,Kamdara,5,2710
12,Arunachal Pradesh,242,West Kameng,6567,2,Kamengbari Doimara Circle,0,0
36,Telangana,509,Khammam,4745,2,Kamepalli,23,4745
14,Manipur,717,Kamjong,1889,4,Kamjong,3,1889
36,Telangana,516,Nizamabad,4363,2,Kammarpally,7,4363
29,Karnataka,528,Ballari,7107,4,Kampli,0,0
12,Arunachal Pradesh,718,Kamle,1700,6,Kamporijo Circle,15,1700
27,Maharashtra,484,Nagpur,4030,1,Kamptee,8,4030
18,Assam,297,Nagaon,2037,6,Kampur,7,2037
2,Himachal Pradesh,24,Sirmaur,174,6,Kamrau,8,174
24,Gujarat,459,Surat,3936,1,Kamrej,8,3936
33,Tamil Nadu,583,Ramanathapuram,5858,1,Kamuthi,4,5858
23,Madhya Pradesh,410,Indore,7012,4,Kanadia,0,0
36,Telangana,514,Nalgonda,4656,2,Kanagal,44,4656
28,Andhra Pradesh,754,Sri Sathya Sai,5335,3,Kanaganipalli,32,5335
29,Karnataka,543,Koppal,7091,3,Kanakagiri,0,0
29,Karnataka,631,Bengaluru South,5608,5,Kanakapura,8,5608
5,Uttarakhand,53,Pithoragarh,6425,7,Kanalichhina,0,0
21,Odisha,369,Puri,7466,3,Kanas,0,0
32,Kerala,555,Ernakulam,5661,1,Kanayannur,5,5661
16,Tripura,270,North Tripura,6685,1,Kanchanpur,0,0
33,Tamil Nadu,574,Kancheepuram,5707,5,Kancheepuram,4,5707
28,Andhra Pradesh,749,Ntr,5007,2,Kanchikacherla,18,5007
28,Andhra Pradesh,519,Srikakulam,4777,1,Kanchili,9,4777
5,Uttarakhand,46,Bageshwar,322,1,Kanda,0,322
33,Tamil Nadu,596,Viluppuram,6651,12,Kandachipuram,0,0
2,Himachal Pradesh,25,Solan,166,10,Kandaghat,7,166
21,Odisha,359,Kandhamala,7495,7,Kandhamal,0,0
27,Maharashtra,485,Nanded,4108,1,Kandhar,14,4108
20,Jharkhand,328,Garhwa,2498,1,Kandi,3,2498
19,West Bengal,319,Murshidabad,2240,1,Kandi,18,2240
36,Telangana,691,Sangareddy,6275,1,Kandi,0,0
5,Uttarakhand,55,Tehri Garhwal,6360,7,Kandisaur,0,0
36,Telangana,518,Ranga Reddy,4545,1,Kandukur,34,4545
28,Andhra Pradesh,517,Prakasam,5148,4,Kandukuru,52,5148
28,Andhra Pradesh,502,Ananthapuramu,5306,1,Kanekal,3,5306
1,Jammu And Kashmir,626,Ganderbal,46,4,Kangan,1,46
14,Manipur,712,Kangpokpi,6495,1,Kangchup Geljang,0,0
33,Tamil Nadu,634,Tiruppur,5901,1,Kangeyam,6,5901
12,Arunachal Pradesh,719,Lower Siang,6572,1,Kangku Circle,0,0
2,Himachal Pradesh,17,Hamirpur,6884,10,Kangoo,0,0
14,Manipur,712,Kangpokpi,1861,4,Kangpokpi,4,1861
2,Himachal Pradesh,18,Kangra,100,15,Kangra,8,100
36,Telangana,691,Sangareddy,4450,5,Kangti,1,4450
14,Manipur,254,Churachandpur,6500,2,Kangvai,0,0
20,Jharkhand,323,Chatra,2519,1,Kanha Chatti,0,2519
28,Andhra Pradesh,790,Markapuram,5136,2,Kanigiri,40,5136
21,Odisha,344,Anugola,3003,7,Kaniha,4,3003
6,Haryana,69,Mahendragarh,6458,1,Kanina,0,0
21,Odisha,354,Ganjam,7486,4,Kanisi,0,0
32,Kerala,560,Kottayam,5672,1,Kanjirappally,5,5672
21,Odisha,352,Dhenkanal,2989,3,Kankadahad,2,2989
27,Maharashtra,495,Sindhudurg,4277,1,Kankavli,3,4277
20,Jharkhand,339,Ranchi,2684,1,Kanke,2,2684
22,Chhattisgarh,381,Uttar Bastar Kanker,3351,1,Kanker,3,3351
28,Andhra Pradesh,510,Krishna,5023,1,Kankipadu,34,5023
24,Gujarat,441,Banas Kantha,3743,6,Kankrej,12,3743
19,West Bengal,704,Paschim Bardhaman,2275,2,Kanksa,8,2275
27,Maharashtra,469,Chhatrapati Sambhajinagar,4133,1,Kannad,1,4133
36,Telangana,720,Mulugu,6251,2,Kannaigudem,0,0
9,Uttar Pradesh,155,Kannauj,834,1,Kannauj,2,834
36,Telangana,684,Mancherial,6229,2,Kannepally,0,0
23,Madhya Pradesh,402,Dewas,3527,4,Kannod,4,3527
32,Kerala,557,Kannur,5633,2,Kannur,2,5633
8,Rajasthan,117,Udaipur,6929,7,Kanod,0,0
9,Uttar Pradesh,157,Kanpur Nagar,849,3,Kanpur,2,849
22,Chhattisgarh,380,Jashpur,3256,1,Kansabel,0,3256
21,Odisha,345,Balangir,3149,4,Kantabanji,4,3149
21,Odisha,349,Boudh,3127,6,Kantamal,1,3127
12,Arunachal Pradesh,229,Changlang,6608,1,Kantang Circle,0,0
21,Odisha,350,Kataka,7502,4,Kantapada,0,0
9,Uttar Pradesh,171,Moradabad,718,1,Kanth,1,718
10,Bihar,208,Muzaffarpur,1204,1,Kanti,6,1204
12,Arunachal Pradesh,666,Longding,1688,4,Kanubari Adc,3,1688
8,Rajasthan,109,Kota,6054,8,Kanwas,0,0
24,Gujarat,450,Kheda,3869,6,Kapadvanj,1,3869
8,Rajasthan,95,Chittorgarh,660,13,Kapasan,6,660
28,Andhra Pradesh,505,East Godavari,4928,3,Kapileswarapuram,44,4928
5,Uttarakhand,46,Bageshwar,321,2,Kapkot,0,321
36,Telangana,700,Medchal Malkajgiri,6317,1,Kapra,0,0
24,Gujarat,462,Valsad,3930,4,Kaprada,4,3930
9,Uttar Pradesh,160,Kushinagar,6879,16,Kaptanganj,0,0
21,Odisha,365,Mayurbhanj,2885,4,Kaptipada,22,2885
22,Chhattisgarh,386,Raigarh,7348,2,Kapu,0,0
29,Karnataka,549,Udupi,7067,2,Kapu,0,0
3,Punjab,35,Kapurthala,206,1,Kapurthala,2,206
27,Maharashtra,494,Satara,4265,1,Karad,11,4265
23,Madhya Pradesh,431,Sheopur,3384,2,Karahal,3,3384
34,Puducherry,598,Karaikal,5914,1,Karaikal,2,5914
33,Tamil Nadu,585,Sivaganga,5830,1,Karaikkudi,2,5830
10,Bihar,209,Nalanda,1378,1,Karai Parsurai,1,1378
36,Telangana,690,Bhadradri Kothagudem,6269,1,Karakagudem,0,0
10,Bihar,215,Rohtas,1462,1,Karakat,6,1462
33,Tamil Nadu,582,Pudukkottai,5825,1,Karambakudi,0,5825
28,Andhra Pradesh,750,Bapatla,5109,2,Karamchedu,13,5109
19,West Bengal,311,Uttar Dinajpur,2195,1,Karandighi,5,2195
27,Maharashtra,499,Washim,3997,1,Karanja,3,3997
27,Maharashtra,498,Wardha,4016,1,Karanja,3,4016
21,Odisha,365,Mayurbhanj,2870,1,Karanjia,26,2870
8,Rajasthan,100,Ganganagar,457,3,Karanpur,1,457
28,Andhra Pradesh,746,Kakinada,4922,2,Karapa,38,4922
29,Karnataka,543,Koppal,7092,2,Karatagi,0,0
8,Rajasthan,108,Karauli,523,13,Karauli,4,523
7,Delhi,81,North East,6083,7,Karawal Nagar,0,0
16,Tripura,654,Gomati,6690,1,Karbook,8,0
9,Uttar Pradesh,120,Prayagraj,892,1,Karchhana,5,892
23,Madhya Pradesh,418,Narsimhapur,3637,2,Kareli,4,3637
28,Andhra Pradesh,751,Palnadu,5046,2,Karempudi,7,5046
23,Madhya Pradesh,432,Shivpuri,3410,5,Karera,4,3410
8,Rajasthan,92,Bhilwara,6064,4,Karera,0,0
10,Bihar,215,Rohtas,1467,1,Kargahar,11,1467
37,Ladakh,6,Kargil,13,8,Kargil,1,13
9,Uttar Pradesh,166,Mainpuri,776,4,Karhal,2,776
33,Tamil Nadu,597,Virudhunagar,5851,1,Kariapatti,5,5851
20,Jharkhand,325,Dhanbad,6202,1,Kariasol,0,0
33,Tamil Nadu,571,Dharmapuri,6622,1,Karimangalam,0,0
18,Assam,293,Sribhumi,2101,1,Karimganj,1,2101
36,Telangana,508,Karimnagar,6231,3,Karimnagar,0,0
36,Telangana,508,Karimnagar,4428,4,Karimnagar Rural,35,4428
19,West Bengal,320,Nadia,2299,1,Karimpur - I,1,2299
19,West Bengal,320,Nadia,2300,1,Karimpur - II,2,2300
24,Gujarat,461,Vadodara,3907,1,Karjan,11,3907
27,Maharashtra,466,Ahilyanagar,4213,1,Karjat,13,4213
27,Maharashtra,491,Raigad,4174,1,Karjat,3,4174
29,Karnataka,549,Udupi,5524,4,Karkal,3,5524
23,Madhya Pradesh,436,Umaria,6533,3,Karkeli,0,0
21,Odisha,358,Kalahandi,7509,2,Karlamunda,0,0
28,Andhra Pradesh,750,Bapatla,5092,2,Karlapalem,53,5092
27,Maharashtra,496,Solapur,4244,1,Karmala,1,4244
20,Jharkhand,333,Jamtara,2677,1,Karma Tanr Vidyasagar*,0,2677
1,Jammu And Kashmir,8,Kupwara,3,12,Karnah,3,3
6,Haryana,67,Karnal,372,4,Karnal,3,372
5,Uttarakhand,47,Chamoli,287,4,Karnaprayag,4,287
7,Delhi,77,Central,447,2,Karol Bagh,1,447
20,Jharkhand,324,Deoghar,2552,1,Karon,6,2552
22,Chhattisgarh,374,Bastar,7344,4,Karpawand,0,0
10,Bihar,611,Arwal,1544,1,Karpi,3,1544
20,Jharkhand,606,Khunti,2700,1,Karra,13,2700
2,Himachal Pradesh,22,Mandi,139,33,Karsog,16,139
22,Chhattisgarh,383,Korba,3276,5,Kartala,4,3276
32,Kerala,554,Alappuzha,5676,1,Karthikappally,4,5676
32,Kerala,559,Kollam,5684,1,Karunagappally,1,5684
33,Tamil Nadu,576,Karur,5769,2,Karur,2,5769
28,Andhra Pradesh,503,Chittoor,5408,1,Karvetinagar,42,5408
27,Maharashtra,480,Kolhapur,4287,1,Karvir,5,4287
29,Karnataka,550,Uttara Kannada,5478,1,Karwar,1,5478
9,Uttar Pradesh,136,Chitrakoot,875,10,Karwi,1,875
32,Kerala,558,Kasaragod,5630,2,Kasaragod,1,5630
2,Himachal Pradesh,25,Solan,164,6,Kasauli,5,164
10,Bihar,214,Purnia,1135,1,Kasba,8,1135
22,Chhattisgarh,644,Balodabazar-Bhatapara,3328,9,Kasdol,5,3328
9,Uttar Pradesh,633,Kasganj,1010,1,Kasganj,1,1010
10,Bihar,210,Nawada,1514,1,Kashi Chak,4,1514
5,Uttarakhand,56,Udham Singh Nagar,346,4,Kashipur,1,346
19,West Bengal,321,Purulia,2385,1,Kashipur,8,2385
21,Odisha,370,Rayagada,3177,7,Kashipur,10,3177
1,Jammu And Kashmir,4,Doda,6748,2,Kashtigarh,0,0
9,Uttar Pradesh,146,Ghazipur,6834,13,Kasimabad,0,0
28,Andhra Pradesh,744,Anakapalli,4876,2,Kasimkota,36,4876
21,Odisha,353,Gajapati,3104,3,Kasinagar,6,3104
36,Telangana,684,Mancherial,4349,2,Kasipet,45,4349
20,Jharkhand,322,Bokaro,2593,1,Kasmar,5,2593
14,Manipur,717,Kamjong,1891,3,Kasom Khullen,5,1891
23,Madhya Pradesh,414,Khargone (West Nimar),3547,1,Kasrawad,3,3547
9,Uttar Pradesh,160,Kushinagar,957,2,Kasya,3,957
20,Jharkhand,332,Hazaribagh,2655,1,Katamdag,0,2655
12,Arunachal Pradesh,240,Upper Siang,1668,3,Katan Circle,0,1668
23,Madhya Pradesh,392,Balaghat,3667,4,Katangi,1,3667
36,Telangana,687,Jayashankar Bhupalapally,4402,2,Kataram,10,4402
24,Gujarat,459,Surat,6519,1,Katargam,0,0
22,Chhattisgarh,376,Dakshin Bastar Dantewada,3371,1,Katekalyan,3,3371
22,Chhattisgarh,383,Korba,3272,5,Katghora,1,3272
20,Jharkhand,326,Dumka,2670,1,Kathikund,5,2670
24,Gujarat,450,Kheda,3872,3,Kathlal,4,3872
36,Telangana,681,Jagitial,4418,2,Kathlapur,25,4418
1,Jammu And Kashmir,7,Kathua,30,2,Kathua,3,30
8,Rajasthan,87,Alwar,504,4,Kathumar,12,504
18,Assam,282,Cachar,2096,3,Katigora,1,2096
10,Bihar,201,Katihar,1151,2,Katihar,10,1151
10,Bihar,197,Gopalganj,1215,1,Katiya,1,1215
20,Jharkhand,332,Hazaribagh,2654,1,Katkamsandi,8,2654
18,Assam,289,Hailakandi,2109,1,Katlichara,4,2109
23,Madhya Pradesh,411,Jabalpur,7567,4,Katngi,0,0
23,Madhya Pradesh,413,Katni,7028,2,Katni Nagar,0,0
27,Maharashtra,484,Nagpur,4024,1,Katol,2,4024
10,Bihar,190,Banka,1354,1,Katoria,10,1354
2,Himachal Pradesh,22,Mandi,6945,8,Katoula,0,0
33,Tamil Nadu,595,Vellore,5713,6,Katpadi,2,5713
10,Bihar,208,Muzaffarpur,1208,1,Katra,10,1208
1,Jammu And Kashmir,627,Reasi,6741,2,Katra,0,0
28,Andhra Pradesh,747,Dr. B.R. Ambedkar Konaseema,4943,2,Katrenikona,59,4943
10,Bihar,209,Nalanda,1397,1,Katrisarai,20,1397
32,Kerala,565,Thiruvananthapuram,5945,1,Kattakkada,0,0
36,Telangana,514,Nalgonda,4635,2,Kattangur,23,4635
23,Madhya Pradesh,639,Alirajpur,6980,4,Katthiwara,0,0
33,Tamil Nadu,570,Cuddalore,5792,3,Kattumannarkoil,4,5792
19,West Bengal,306,Purba Bardhaman,2281,1,Katwa - I,14,2281
19,West Bengal,306,Purba Bardhaman,2282,1,Katwa - II,15,2282
28,Andhra Pradesh,515,Sri Potti Sriramulu Nellore,5158,1,Kavali,6,5158
24,Gujarat,668,Chhotaudepur,3902,2,Kavant,6,3902
31,Lakshadweep,553,Lakshadweep District,5625,1,Kavaratti,2,5625
27,Maharashtra,493,Sangli,4303,1,Kavathemahankal,8,4303
28,Andhra Pradesh,519,Srikakulam,4779,1,Kaviti,11,4779
10,Bihar,210,Nawada,1516,1,Kawakol,6,1516
22,Chhattisgarh,382,Kabeerdham,3298,6,Kawardha,1,3298
1,Jammu And Kashmir,3,Baramulla,6829,4,Kawarhama,0,0
15,Mizoram,266,Mamit,7342,1,Kawrtethawveng,0,0
33,Tamil Nadu,594,Thoothukkudi,6628,5,Kayathar,0,0
12,Arunachal Pradesh,679,Siang,1627,6,Kaying Eac,6,1627
13,Nagaland,613,Peren,1854,1,Kebai Khelma,0,1854
12,Arunachal Pradesh,679,Siang,1646,4,Kebang Circle,0,1646
1,Jammu And Kashmir,625,Shopian,6092,7,Keegam,0,0
36,Telangana,700,Medchal Malkajgiri,4522,4,Keesara,11,4522
14,Manipur,255,Imphal East,1886,1,Keirao Bitra,4,1886
8,Rajasthan,86,Ajmer,614,6,Kekri,9,614
27,Maharashtra,500,Yavatmal,4090,1,Kelapur,12,4090
22,Chhattisgarh,760,Manendragarh-Chirmiri-Bharatpur(M C B),7269,3,Kelhari,0,0
1,Jammu And Kashmir,625,Shopian,6091,6,Keller,0,0
21,Odisha,360,Kendrapada,2927,6,Kendrapara,0,2927
23,Madhya Pradesh,428,Seoni,3663,1,Keolari,3,3663
21,Odisha,361,Kendujhar,7492,2,Keonjhar,0,0
10,Bihar,195,Darbhanga,1183,1,Keotiranway,3,1183
9,Uttar Pradesh,152,Jaunpur,986,1,Kerakat,6,986
36,Telangana,699,Kumuram Bheem Asifabad,4313,2,Kerameri,9,4313
1,Jammu And Kashmir,8,Kupwara,6782,2,Keran,0,0
20,Jharkhand,332,Hazaribagh,2656,1,Keredari,9,2656
20,Jharkhand,342,Simdega,2721,1,Kersai,0,2721
36,Telangana,688,Mahabubabad,4717,3,Kesamudram,46,4717
10,Bihar,213,Purbi Champaran,1047,1,Kesaria,17,1047
10,Bihar,194,Buxar,1439,1,Kesath,5,1439
36,Telangana,518,Ranga Reddy,4561,2,Keshampet,13,4561
19,West Bengal,318,Paschim Medinipur,2466,1,Keshiary,33,2466
22,Chhattisgarh,643,Kondagaon,3355,5,Keshkal,1,3355
24,Gujarat,448,Junagadh,3831,1,Keshod,7,3831
8,Rajasthan,94,Bundi,625,2,Keshoraipatan,4,625
19,West Bengal,318,Paschim Medinipur,2451,1,Keshpur,11,2451
21,Odisha,358,Kalahandi,3159,3,Kesinga,5,3159
23,Madhya Pradesh,425,Sagar,3452,1,Kesli,8,3452
20,Jharkhand,328,Garhwa,2497,1,Ketar*,0,2497
36,Telangana,514,Nalgonda,4637,2,Kethepally,25,4637
19,West Bengal,306,Purba Bardhaman,2279,1,Ketugram - I,12,2279
19,West Bengal,306,Purba Bardhaman,2280,1,Ketugram - II,13,2280
13,Nagaland,245,Kohima,1847,1,Kezocha,3,1847
28,Andhra Pradesh,747,Dr. B.R. Ambedkar Konaseema,4929,4,K Gangavaram,45,4929
23,Madhya Pradesh,435,Ujjain,3508,2,Khacharod,1,3508
9,Uttar Pradesh,160,Kushinagar,6878,7,Khadda,0,0
22,Chhattisgarh,760,Manendragarh-Chirmiri-Bharatpur(M C B),3235,6,Khadganva,0,3235
22,Chhattisgarh,761,Mohla-Manpur-Ambagarh Chouki,7277,3,Khadgaon,0,0
3,Punjab,609,Tarn Taran,261,1,Khadur Sahib,6,261
1,Jammu And Kashmir,2,Budgam,4,4,Khag,8,4
9,Uttar Pradesh,142,Fatehpur,879,1,Khaga,3,879
10,Bihar,202,Khagaria,1323,1,Khagaria,2,1323
9,Uttar Pradesh,119,Aligarh,752,2,Khair,1,752
10,Bihar,198,Jamui,1532,1,Khaira,8,1532
21,Odisha,346,Baleshwar,2906,4,Khaira,16,2906
22,Chhattisgarh,759,Khairagarh-Chhuikhadan-Gandai,3303,2,Khairagarh,2,3303
36,Telangana,507,Hyderabad,4505,1,Khairatabad,10,4505
23,Madhya Pradesh,392,Balaghat,3670,2,Khairlanji,0,3670
21,Odisha,364,Malkangiri,7469,7,Khairput,0,0
8,Rajasthan,770,Khairthal-Tijara,7207,3,Khairthal,0,0
10,Bihar,206,Madhubani,1089,1,Khajauli,10,1089
28,Andhra Pradesh,504,Y.S.R. Kadapa,5212,2,Khajipeta,14,5212
9,Uttar Pradesh,148,Gorakhpur,953,8,Khajni,6,953
21,Odisha,359,Kandhamala,3113,2,Khajuripada,4,3113
8,Rajasthan,93,Bikaner,478,5,Khajuwala,6,478
23,Madhya Pradesh,397,Burhanpur,3720,2,Khaknar,0,3720
27,Maharashtra,491,Raigad,4175,1,Khalapur,4,4175
9,Uttar Pradesh,178,Sant Kabir Nagar,942,2,Khalilabad,2,942
21,Odisha,354,Ganjam,7485,10,Khallikote,0,0
37,Ladakh,9,Leh Ladakh,12,6,Khaltsi,1,12
23,Madhya Pradesh,405,Khandwa (East Nimar),3715,3,Khalwa,0,3715
3,Punjab,30,Fatehgarh Sahib,223,1,Khamanon,4,223
24,Gujarat,439,Amreli,3847,1,Khambha,9,3847
24,Gujarat,674,Devbhumi Dwarka,3813,2,Khambhalia,2,3813
24,Gujarat,440,Anand,3866,1,Khambhat,6,3866
27,Maharashtra,472,Buldhana,3981,1,Khamgaon,7,3981
36,Telangana,509,Khammam,4756,3,Khammam (Rural),34,4756
36,Telangana,509,Khammam,6326,1,Khammam Urban,0,0
8,Rajasthan,112,Rajsamand,6393,2,Khamnor,0,0
19,West Bengal,312,Hooghly,2354,1,Khanakul - I,17,2354
19,West Bengal,312,Hooghly,2355,1,Khanakul - II,18,2355
36,Telangana,680,Nirmal,4347,4,Khanapur,43,4347
36,Telangana,522,Warangal,4709,1,Khanapur,38,4709
29,Karnataka,527,Belagavi,5439,1,Khanapur,7,5439
27,Maharashtra,493,Sangli,4299,1,Khanapur,4,4299
19,West Bengal,306,Purba Bardhaman,2297,1,Khandaghosh,30,2297
27,Maharashtra,494,Satara,4257,1,Khandala,3,4257
21,Odisha,367,Nayagada,3026,3,Khandapada,3,3026
8,Rajasthan,113,Sawai Madhopur,532,1,Khandar,7,532
8,Rajasthan,114,Sikar,6384,6,Khandela,0,0
23,Madhya Pradesh,405,Khandwa (East Nimar),3716,4,Khandwa,2,3716
23,Madhya Pradesh,405,Khandwa (East Nimar),7019,3,Khandwa Nagar,0,0
23,Madhya Pradesh,432,Shivpuri,3414,3,Khaniyadhana,7,3414
3,Punjab,36,Ludhiana,225,1,Khanna,2,225
10,Bihar,217,Samastipur,1287,1,Khanpur,4,1287
8,Rajasthan,105,Jhalawar,678,1,Khanpur,1,678
24,Gujarat,669,Mahisagar,3879,2,Khanpur,1,3879
6,Haryana,75,Sonipat,6472,1,Khanpur St,0,0
1,Jammu And Kashmir,2,Budgam,6,4,Khansahib,1,6
1,Jammu And Kashmir,13,Srinagar,6801,1,Khanyar,0,0
21,Odisha,345,Balangir,3145,3,Khaprakhol,1,3145
10,Bihar,207,Munger,1360,1,Kharagpur,5,1360
19,West Bengal,318,Paschim Medinipur,2460,1,Kharagpur - I,20,2460
19,West Bengal,318,Paschim Medinipur,2461,1,Kharagpur - II,21,2461
1,Jammu And Kashmir,5,Jammu,6704,3,Kharah Balli,0,0
3,Punjab,608,S.A.S Nagar,266,1,Kharar,3,266
20,Jharkhand,328,Garhwa,2495,1,Kharaundhi,1,2495
23,Madhya Pradesh,434,Tikamgarh,3422,2,Khargapur,0,3422
23,Madhya Pradesh,414,Khargone (West Nimar),3550,5,Khargone,6,3550
23,Madhya Pradesh,414,Khargone (West Nimar),7029,7,Khargone Nagar,0,0
19,West Bengal,319,Murshidabad,2239,1,Khargram,17,2239
1,Jammu And Kashmir,621,Ramban,6759,2,Khari,0,0
21,Odisha,368,Nuapada,3156,2,Khariar,4,3156
19,West Bengal,309,Darjeeling,2165,1,Kharibari,12,2165
10,Bihar,192,Bhagalpur,1331,2,Kharik,3,1331
6,Haryana,75,Sonipat,381,3,Kharkhoda,4,381
17,Meghalaya,656,North Garo Hills,1972,4,Kharkutta,0,1972
22,Chhattisgarh,387,Raipur,7262,4,Kharora,0,0
12,Arunachal Pradesh,229,Changlang,1681,4,Kharsang Circle,9,1681
20,Jharkhand,341,Saraikela Kharsawan,2747,1,Kharsawan,5,2747
22,Chhattisgarh,386,Raigarh,3269,1,Kharsia,5,3269
37,Ladakh,9,Leh Ladakh,7159,1,Kharu,0,0
17,Meghalaya,274,East Khasi Hills,1992,1,Khatarshnong Laitkroh,0,1992
9,Uttar Pradesh,172,Muzaffarnagar,710,3,Khatauli,4,710
27,Maharashtra,494,Satara,4260,2,Khatav,6,4260
23,Madhya Pradesh,402,Dewas,3531,1,Khategaon,6,3531
5,Uttarakhand,56,Udham Singh Nagar,352,1,Khatima,0,352
19,West Bengal,305,Bankura,2373,1,Khatra,18,2373
1,Jammu And Kashmir,12,Rajouri,6771,3,Khawas,0,0
15,Mizoram,262,Champhai,1909,1,Khawbung,3,1909
15,Mizoram,728,Khawzawl,1907,2,Khawzawl,2,1907
36,Telangana,686,Hanumakonda,6247,3,Khazipet,0,0
27,Maharashtra,492,Ratnagiri,4268,1,Khed,3,4268
27,Maharashtra,490,Pune,4190,1,Khed,4,4190
24,Gujarat,450,Kheda,3874,1,Kheda,6,3874
24,Gujarat,458,Sabar Kantha,3760,2,Khedbrahma,1,3760
8,Rajasthan,110,Nagaur,561,4,Kheenvsar,5,561
19,West Bengal,317,Purba Medinipur,2486,1,Khejuri - I,45,2486
19,West Bengal,317,Purba Medinipur,2487,1,Khejuri - II,46,2487
9,Uttar Pradesh,124,Baghpat,737,2,Khekada,3,737
20,Jharkhand,339,Ranchi,2683,1,Khelari,0,2683
12,Arunachal Pradesh,231,East Kameng,6605,1,Khenawa Circle,0,0
14,Manipur,253,Chandel,6496,4,Khengjoy,0,0
9,Uttar Pradesh,118,Agra,768,2,Kheragarh,4,768
24,Gujarat,451,Mahesana,3752,1,Kheralu,2,3752
24,Gujarat,453,Navsari,6195,1,Khergam,0,0
6,Haryana,792,Hansi,6419,2,Kheri Jalab St,0,0
8,Rajasthan,117,Udaipur,695,6,Kherwara,10,695
8,Rajasthan,106,Jhunjhunu,490,5,Khetri,4,490
13,Nagaland,248,Phek,1811,1,Khezhakeno,9,1811
36,Telangana,522,Warangal,6246,5,Khila Warangal,0,0
23,Madhya Pradesh,422,Rajgarh,3564,2,Khilchipur,2,3564
12,Arunachal Pradesh,229,Changlang,1669,9,Khimiyang Eac,1,1669
23,Madhya Pradesh,408,Harda,3606,2,Khirkiya,1,3606
10,Bihar,196,Gaya,1490,1,Khizirsarai,4,1490
1,Jammu And Kashmir,3,Baramulla,6828,2,Khoie,0,0
18,Assam,617,Udalguri,6428,7,Khoirabari,0,0
13,Nagaland,614,Kiphire,1842,1,Khongsa,0,1842
12,Arunachal Pradesh,239,Tirap,1686,12,Khonsa Hq,2,1686
21,Odisha,362,Khordha,3036,4,Khordha,3,3036
14,Manipur,714,Noney,6038,3,Khoupum,0,0
1,Jammu And Kashmir,5,Jammu,6714,1,Khour,0,0
16,Tripura,652,Khowai,6684,1,Khowai,4,0
19,West Bengal,307,Birbhum,2267,1,Khoyrasol,19,2267
10,Bihar,191,Begusarai,1304,1,Khudabandpur,1,1304
23,Madhya Pradesh,410,Indore,7015,2,Khudel,0,0
23,Madhya Pradesh,422,Rajgarh,6993,3,Khujner,0,0
27,Maharashtra,469,Chhatrapati Sambhajinagar,4138,2,Khuldabad,6,4138
18,Assam,288,Golaghat,2083,1,Khumtai,2,2083
2,Himachal Pradesh,18,Kangra,107,25,Khundian,13,107
21,Odisha,365,Mayurbhanj,2883,7,Khunta,20,2883
20,Jharkhand,606,Khunti,2704,1,Khunti,17,2704
20,Jharkhand,343,West Singhbhum,2732,3,Khuntpani,12,2732
23,Madhya Pradesh,425,Sagar,3444,1,Khurai,2,3444
9,Uttar Pradesh,134,Bulandshahr,751,3,Khurja,7,751
10,Bihar,212,Patna,1413,1,Khusrupur,16,1413
13,Nagaland,248,Phek,1802,1,Khuza,0,1802
12,Arunachal Pradesh,628,Anjaw,1741,2,Kibithoo Circle,7,1741
5,Uttarakhand,56,Udham Singh Nagar,349,2,Kichha,2,349
13,Nagaland,248,Phek,5991,1,Kikruma,0,0
33,Tamil Nadu,583,Ramanathapuram,6654,1,Kilakarai,0,0
33,Tamil Nadu,575,Kanniyakumari,6673,3,Killiyoor,0,0
23,Madhya Pradesh,405,Khandwa (East Nimar),7396,4,Killod,0,0
33,Tamil Nadu,593,Tiruvannamalai,6630,1,Kilpennathur,0,0
31,Lakshadweep,553,Lakshadweep District,5623,1,Kiltan,1,5623
33,Tamil Nadu,579,Nagapattinam,5800,1,Kilvelur,5,5800
12,Arunachal Pradesh,237,Papum Pare,1605,7,Kimin Sdo,9,1605
33,Tamil Nadu,569,Coimbatore,5956,3,Kinathukadavu,0,0
27,Maharashtra,485,Nanded,4096,1,Kinwat,2,4096
13,Nagaland,614,Kiphire,1837,2,Kiphire Sadar,15,1837
9,Uttar Pradesh,118,Agra,767,1,Kiraoli,3,767
7,Delhi,82,North West,7594,3,Kirari,0,0
10,Bihar,195,Darbhanga,1195,1,Kiratpur,15,1195
28,Andhra Pradesh,746,Kakinada,4899,2,Kirlampudi,15,4899
21,Odisha,357,Jharsuguda,7506,2,Kirmira,0,0
23,Madhya Pradesh,392,Balaghat,3673,1,Kirnapur,4,3673
5,Uttarakhand,55,Tehri Garhwal,6361,12,Kirtinagar,0,0
10,Bihar,205,Madhepura,1167,1,Kishanganj,7,1167
8,Rajasthan,89,Baran,674,1,Kishanganj,5,674
10,Bihar,203,Kishanganj,1127,1,Kishanganj,7,1127
8,Rajasthan,86,Ajmer,606,13,Kishangarh,1,606
8,Rajasthan,770,Khairthal-Tijara,497,5,Kishangarhbas,5,497
8,Rajasthan,102,Jaipur,6026,17,Kishangarh Renwal,0,0
21,Odisha,350,Kataka,2960,1,Kishannagar,4,2960
10,Bihar,223,Supaul,1107,1,Kishanpur,7,1107
9,Uttar Pradesh,166,Mainpuri,6872,8,Kishni,0,0
21,Odisha,344,Anugola,3016,6,Kishorenagar,18,3016
1,Jammu And Kashmir,620,Kishtwar,68,8,Kishtwar,4,68
20,Jharkhand,336,Lohardaga,2597,1,Kisko,1,2597
12,Arunachal Pradesh,238,Tawang,1560,5,Kitpi Circle,0,1560
29,Karnataka,527,Belagavi,7043,5,Kittur,0,0
13,Nagaland,614,Kiphire,1838,1,Kiusam,17,1838
28,Andhra Pradesh,744,Anakapalli,4860,2,K.Kotapadu,20,4860
21,Odisha,359,Kandhamala,7496,8,K. Nuagaon,0,0
10,Bihar,203,Kishanganj,1126,1,Kochadhamin,6,1126
10,Bihar,215,Rohtas,1457,1,Kochas,1,1457
32,Kerala,555,Ernakulam,5660,1,Kochi,4,5660
21,Odisha,371,Sambalpur,2782,6,Kochinda,3,2782
36,Telangana,696,Suryapet,4668,3,Kodad,56,4668
33,Tamil Nadu,572,Dindigul,5766,1,Kodaikanal,6,5766
36,Telangana,694,Nagarkurnool,4600,3,Kodair,52,4600
36,Telangana,689,Jangoan,4702,2,Kodakandla,31,4702
21,Odisha,354,Ganjam,3082,9,Kodala,10,3082
36,Telangana,698,Vikarabad,4549,3,Kodangal,1,4549
28,Andhra Pradesh,515,Sri Potti Sriramulu Nellore,5169,1,Kodavalur,17,5169
20,Jharkhand,334,Koderma,2527,2,Koderma,2,2527
36,Telangana,681,Jagitial,4420,2,Kodimial,27,4420
24,Gujarat,675,Gir Somnath,3837,3,Kodinar,13,3837
21,Odisha,366,Nabarangpur,3194,4,Kodinga,10,3194
33,Tamil Nadu,573,Erode,6637,1,Kodumudi,0,0
28,Andhra Pradesh,511,Kurnool,5269,1,Kodumur,20,5269
32,Kerala,566,Thrissur,5655,1,Kodungallur,4,5655
28,Andhra Pradesh,752,Tirupati,5249,3,Kodur,51,5249
28,Andhra Pradesh,510,Krishna,5039,1,Koduru,50,5039
36,Telangana,692,Siddipet,4443,2,Koheda,50,4443
13,Nagaland,245,Kohima,1849,1,Kohima Sadar,5,1849
36,Telangana,691,Sangareddy,4475,2,Kohir,25,4475
22,Chhattisgarh,637,Narayanpur,7321,7,Kohkameta,0,0
21,Odisha,373,Sundaragada,2826,4,Koida,22,2826
9,Uttar Pradesh,119,Aligarh,755,1,Koil,4,755
28,Andhra Pradesh,755,Nandyal,5296,3,Koilakuntla,47,5296
36,Telangana,512,Mahabubnagar,4569,2,Koilkonda,21,4569
10,Bihar,193,Bhojpur,1424,1,Koilwar,4,1424
21,Odisha,358,Kalahandi,3169,3,Kokasara,1,3169
1,Jammu And Kashmir,1,Anantnag,57,8,Kokernag,3,57
18,Assam,294,Kokrajhar,6403,7,Kokrajhar,0,0
21,Odisha,357,Jharsuguda,2779,2,Kolabira,9,2779
19,West Bengal,317,Purba Medinipur,2471,1,Kolaghat,24,2471
23,Madhya Pradesh,396,Bhopal,7034,3,Kolar,0,0
29,Karnataka,542,Kolar,5591,3,Kolar,8,5591
23,Madhya Pradesh,432,Shivpuri,3411,2,Kolaras,5,3411
29,Karnataka,542,Kolar,7002,16,Kolar Gold Field,0,0
33,Tamil Nadu,568,Chennai,7514,1,Kolathur,0,0
8,Rajasthan,93,Bikaner,476,5,Kolayat,4,476
20,Jharkhand,342,Simdega,2724,1,Kolebira,16,2724
29,Karnataka,530,Vijayapura,7072,2,Kolhar,0,0
28,Andhra Pradesh,755,Nandyal,5301,2,Kolimigundla,52,5301
32,Kerala,559,Kollam,5688,1,Kollam,5,5688
36,Telangana,694,Nagarkurnool,4609,3,Kollapur,61,4609
29,Karnataka,531,Chamarajanagar,5579,4,Kollegal,4,5579
33,Tamil Nadu,580,Namakkal,6625,1,Kolli Hills,0,0
28,Andhra Pradesh,506,Guntur,5077,1,Kollipara,38,5077
28,Andhra Pradesh,750,Bapatla,5088,3,Kolluru,49,5088
21,Odisha,370,Rayagada,7512,3,Kolnara,0,0
12,Arunachal Pradesh,233,Kurung Kumey,6130,2,Koloriang Hq,0,0
22,Chhattisgarh,385,Mahasamund,7322,6,Komakhan,0,0
28,Andhra Pradesh,743,Parvathipuram Manyam,4807,2,Komarada,1,4807
28,Andhra Pradesh,790,Markapuram,5134,2,Komarolu,38,5134
12,Arunachal Pradesh,243,West Siang,6586,4,Kombo Circle,0,0
21,Odisha,368,Nuapada,3155,3,Komna,3,3155
36,Telangana,692,Siddipet,6284,1,Komuravelli,0,0
28,Andhra Pradesh,790,Markapuram,5119,2,Konakanamitla,23,5119
36,Telangana,683,Rajanna Sircilla,4431,3,Konaraopet,38,4431
10,Bihar,196,Gaya,1487,1,Konch,1,1487
9,Uttar Pradesh,151,Jalaun,855,1,Konch,5,855
22,Chhattisgarh,643,Kondagaon,3357,5,Kondagaon,3,3357
36,Telangana,514,Nalgonda,6307,3,Kondamallepally,0,0
36,Telangana,692,Siddipet,4462,3,Kondapak,13,4462
28,Andhra Pradesh,517,Prakasam,5137,1,Kondapi,41,5137
36,Telangana,691,Sangareddy,4491,2,Kondapur,41,4491
28,Andhra Pradesh,504,Y.S.R. Kadapa,5199,1,Kondapuram,1,5199
28,Andhra Pradesh,515,Sri Potti Sriramulu Nellore,5156,1,Kondapuram,4,5156
32,Kerala,562,Malappuram,5941,1,Kondotty,0,0
36,Telangana,518,Ranga Reddy,4558,3,Kondurg,10,4558
36,Telangana,509,Khammam,4761,1,Konijerla,39,4761
32,Kerala,564,Pathanamthitta,5943,1,Konni,0,0
22,Chhattisgarh,642,Sukma,3373,7,Konta,4,3373
33,Tamil Nadu,590,Thiruvarur,6627,2,Koothanallur,0,0
27,Maharashtra,466,Ahilyanagar,4203,1,Kopargaon,3,4203
29,Karnataka,532,Chikkamagaluru,5526,1,Koppa,2,5526
29,Karnataka,543,Koppal,5467,1,Koppal,4,5467
12,Arunachal Pradesh,719,Lower Siang,6574,3,Kora Circle,0,0
9,Uttar Pradesh,120,Prayagraj,895,1,Koraon,8,895
21,Odisha,363,Koraput,3207,8,Koraput,8,3207
29,Karnataka,548,Tumakuru,5536,1,Koratagere,5,5536
22,Chhattisgarh,383,Korba,3275,3,Korba,3,3275
27,Maharashtra,475,Gadchiroli,4055,2,Korchi,4,4055
27,Maharashtra,494,Satara,4261,1,Koregaon,7,4261
10,Bihar,201,Katihar,1143,1,Korha,2,1143
28,Andhra Pradesh,517,Prakasam,5122,3,Korisapadu,26,5122
12,Arunachal Pradesh,235,Lower Dibang Valley,1727,2,Koronu Circle,10,1727
27,Maharashtra,473,Chandrapur,4075,1,Korpana,12,4075
28,Andhra Pradesh,505,East Godavari,4905,1,Korukonda,21,4905
36,Telangana,681,Jagitial,4416,5,Korutla,23,4416
36,Telangana,721,Narayanpet,4551,4,Kosgi,3,4551
28,Andhra Pradesh,511,Kurnool,5251,1,Kosigi,2,5251
6,Haryana,72,Rewari,413,5,Kosli,1,413
5,Uttarakhand,51,Nainital,338,5,Kosya Kutauli,1,338
28,Andhra Pradesh,515,Sri Potti Sriramulu Nellore,5191,3,Kota,39,5191
22,Chhattisgarh,375,Bilaspur,3291,6,Kota,3,3291
28,Andhra Pradesh,519,Srikakulam,4791,1,Kotabommali,23,4791
22,Chhattisgarh,760,Manendragarh-Chirmiri-Bharatpur(M C B),7275,2,Kotadol,0,0
21,Odisha,359,Kandhamala,3123,4,Kotagarh,12,3123
33,Tamil Nadu,587,The Nilgiris,5757,1,Kotagiri,4,5757
36,Telangana,516,Nizamabad,4371,4,Kotagiri,15,4371
28,Andhra Pradesh,746,Kakinada,4889,2,Kotananduru,6,4889
36,Telangana,684,Mancherial,4351,3,Kotapally,47,4351
23,Madhya Pradesh,426,Satna,3467,6,Kotar,0,3467
28,Andhra Pradesh,744,Anakapalli,4874,2,Kotauratla,34,4874
24,Gujarat,457,Rajkot,3805,1,Kotda Sangani,8,3805
5,Uttarakhand,52,Pauri Garhwal,313,1,Kotdwara,6,313
36,Telangana,698,Vikarabad,6312,2,Kotepally,0,0
1,Jammu And Kashmir,12,Rajouri,6851,3,Koteranka,0,0
2,Himachal Pradesh,23,Shimla,6956,7,Kotgarh,0,0
28,Andhra Pradesh,754,Sri Sathya Sai,5346,2,Kothacheruvu,43,5346
36,Telangana,688,Mahabubabad,4710,5,Kothaguda,39,4710
36,Telangana,690,Bhadradri Kothagudem,4738,5,Kothagudem,16,4738
36,Telangana,693,Wanaparthy,4593,3,Kothakota,45,4593
32,Kerala,555,Ernakulam,5663,1,Kothamangalam,7,5663
28,Andhra Pradesh,755,Nandyal,5263,2,Kothapalle,14,5263
36,Telangana,508,Karimnagar,6230,3,Kothapally,0,0
36,Telangana,721,Narayanpet,7537,1,Kothapally (15),0,0
36,Telangana,687,Jayashankar Bhupalapally,7531,1,Kothapallygori,0,0
28,Andhra Pradesh,517,Prakasam,5140,1,Kotha Patnam,44,5140
28,Andhra Pradesh,747,Dr. B.R. Ambedkar Konaseema,4927,2,Kothapeta,43,4927
28,Andhra Pradesh,521,Vizianagaram,4834,1,Kothavalasa,28,4834
23,Madhya Pradesh,426,Satna,3461,13,Kothi,1,3461
23,Madhya Pradesh,435,Ujjain,7007,2,Kothi Mahal,0,0
24,Gujarat,669,Mahisagar,7556,7,Kothmba,0,0
36,Telangana,518,Ranga Reddy,4560,3,Kothur,12,4560
28,Andhra Pradesh,519,Srikakulam,4772,1,Kothuru,4,4772
3,Punjab,29,Faridkot,5984,3,Kotkapura,0,0
8,Rajasthan,770,Khairthal-Tijara,495,4,Kotkasim,3,495
2,Himachal Pradesh,23,Shimla,189,4,Kotkhai,13,189
8,Rajasthan,102,Jaipur,6028,8,Kotkhawda,0,0
2,Himachal Pradesh,18,Kangra,6896,10,Kotla,0,0
2,Himachal Pradesh,22,Mandi,128,7,Kotli,6,128
23,Madhya Pradesh,390,Anuppur,3693,3,Kotma,5,3693
21,Odisha,363,Koraput,3199,3,Kotpad,1,3199
8,Rajasthan,782,Kotputli-Behror,538,8,Kotputli,1,538
8,Rajasthan,117,Udaipur,687,1,Kotra,3,687
8,Rajasthan,92,Bhilwara,635,5,Kotri,9,635
32,Kerala,559,Kollam,5687,1,Kottarakkara,4,5687
32,Kerala,560,Kottayam,5670,1,Kottayam,3,5670
29,Karnataka,738,Vijayanagara,7108,6,Kotturu,0,0
19,West Bengal,305,Bankura,2367,1,Kotulpur,12,2367
10,Bihar,213,Purbi Champaran,1049,1,Kotwa,19,1049
36,Telangana,512,Mahabubnagar,7522,1,Koukuntla,0,0
36,Telangana,699,Kumuram Bheem Asifabad,4316,4,Koutala,12,4316
33,Tamil Nadu,594,Thoothukkudi,5862,8,Kovilpatti,1,5862
28,Andhra Pradesh,515,Sri Potti Sriramulu Nellore,5178,1,Kovur,26,5178
28,Andhra Pradesh,505,East Godavari,4958,2,Kovvur,15,4958
36,Telangana,513,Medak,4480,5,Kowdipally,30,4480
28,Andhra Pradesh,511,Kurnool,5252,1,Kowthalam,3,5252
18,Assam,291,Kamrup,2117,5,Koya,2,2117
32,Kerala,561,Kozhikode,5639,2,Koyilandi,2,5639
22,Chhattisgarh,381,Uttar Bastar Kanker,7345,1,Koylibeda,0,0
12,Arunachal Pradesh,719,Lower Siang,1648,6,Koyu Eac,5,1648
28,Andhra Pradesh,748,Eluru,4952,2,Koyyalagudem,9,4952
28,Andhra Pradesh,745,Alluri Sitharama Raju,4851,2,Koyyuru,11,4851
32,Kerala,564,Pathanamthitta,5682,2,Kozhenchery,4,5682
32,Kerala,561,Kozhikode,5640,2,Kozhikode,3,5640
1,Jammu And Kashmir,8,Kupwara,6783,1,Kralpora,0,0
19,West Bengal,314,Jalpaiguri,7119,1,Kranti,0,0
1,Jammu And Kashmir,3,Baramulla,36,14,Kreeri,6,36
2,Himachal Pradesh,25,Solan,163,3,Krishangarh,4,163
36,Telangana,721,Narayanpet,6264,3,Krishna,0,0
19,West Bengal,320,Nadia,2309,1,Krishnaganj,11,2309
19,West Bengal,320,Nadia,2308,1,Krishnagar - I,10,2308
19,West Bengal,320,Nadia,2306,1,Krishnagar - II,8,2306
28,Andhra Pradesh,511,Kurnool,5277,1,Krishnagiri,28,5277
33,Tamil Nadu,577,Krishnagiri,5891,2,Krishnagiri,2,5891
29,Karnataka,545,Mysuru,5571,5,Krishnarajanagara,3,5571
29,Karnataka,544,Mandya,5546,1,Krishnarajpet,1,5546
33,Tamil Nadu,576,Karur,5770,1,Krishnarayapuram,3,5770
10,Bihar,214,Purnia,1133,1,Krityanand Nagar,6,1133
12,Arunachal Pradesh,230,Dibang Valley,1721,2,Kronli (Arzoo Circle),0,1721
28,Andhra Pradesh,751,Palnadu,5051,2,Krosuru,12,5051
21,Odisha,369,Puri,3069,1,Krushna Prasad,11,3069
28,Andhra Pradesh,510,Krishna,5018,1,Kruthivennu,29,5018
22,Chhattisgarh,376,Dakshin Bastar Dantewada,3372,2,Kuakonda,0,3372
36,Telangana,680,Nirmal,4338,2,Kubeer,34,4338
13,Nagaland,246,Mokokchung,1763,1,Kubolong,6,1763
20,Jharkhand,341,Saraikela Kharsawan,2746,1,Kuchai,4,2746
10,Bihar,197,Gopalganj,1219,1,Kuchaikote,5,1219
8,Rajasthan,768,Didwana-Kuchaman,6065,5,Kuchaman City,0,0
28,Andhra Pradesh,502,Ananthapuramu,5323,1,Kudair,20,5323
27,Maharashtra,495,Sindhudurg,4280,1,Kudal,6,4280
33,Tamil Nadu,590,Thiruvarur,5804,2,Kudavasal,2,5804
8,Rajasthan,107,Jodhpur,7219,4,Kudi Bhagtasni,0,0
29,Karnataka,738,Vijayanagara,5502,4,Kudligi,7,5502
10,Bihar,200,Kaimur (Bhabua),1448,1,Kudra,3,1448
21,Odisha,364,Malkangiri,7470,5,Kudumuluguma,0,0
27,Maharashtra,484,Nagpur,4035,1,Kuhi,13,4035
13,Nagaland,764,Niuland,1794,3,Kuhoboto,2,1794
21,Odisha,355,Jagatsinghapur,2936,7,Kujang,2,2936
29,Karnataka,543,Koppal,7093,3,Kukanoor,0,0
24,Gujarat,641,Tapi,6169,1,Kukarmunda,0,0
36,Telangana,700,Medchal Malkajgiri,6327,1,Kukatpally,0,0
22,Chhattisgarh,382,Kabeerdham,7351,1,Kukdur,0,0
22,Chhattisgarh,377,Dhamtari,7314,10,Kukrel,0,0
20,Jharkhand,341,Saraikela Kharsawan,2750,1,Kukru,0,2750
23,Madhya Pradesh,403,Dhar,3536,1,Kukshi,5,3536
21,Odisha,354,Ganjam,7484,5,Kukudakhandi,0,0
28,Andhra Pradesh,748,Eluru,4735,4,Kukunoor,13,4735
36,Telangana,692,Siddipet,7521,1,Kukunoorpally,0,0
6,Haryana,61,Fatehabad,6439,1,Kulan St,0,0
33,Tamil Nadu,582,Pudukkottai,5819,4,Kulathur,2,5819
36,Telangana,513,Medak,4468,1,Kulcharam,18,4468
1,Jammu And Kashmir,622,Kulgam,59,22,Kulgam,4,59
21,Odisha,365,Mayurbhanj,7458,4,Kuliana,0,0
33,Tamil Nadu,576,Karur,5771,1,Kulithalai,4,5771
36,Telangana,698,Vikarabad,4539,3,Kulkacharla,28,4539
2,Himachal Pradesh,20,Kullu,118,5,Kullu,2,118
9,Uttar Pradesh,165,Mahoba,868,1,Kulpahar,1,868
19,West Bengal,304,South 24 Parganas,2428,1,Kulpi,17,2428
19,West Bengal,304,South 24 Parganas,2433,1,Kultali,22,2433
33,Tamil Nadu,580,Namakkal,6634,1,Kumarapalayam,0,0
28,Andhra Pradesh,752,Tirupati,5382,3,Kumara Venkata Bhupala Puram,16,5382
22,Chhattisgarh,388,Rajnandgaon,7350,1,Kumarda,0,0
20,Jharkhand,343,West Singhbhum,2744,1,Kumardungi,22,2744
19,West Bengal,310,Dakshin Dinajpur,2202,1,Kumarganj,3,2202
16,Tripura,655,Unakoti,6694,1,Kumarghat,6,0
19,West Bengal,664,Alipurduar,2172,2,Kumargram,7,2172
10,Bihar,205,Madhepura,1163,1,Kumarkhand,6,1163
2,Himachal Pradesh,23,Shimla,179,9,Kumarsain,3,179
33,Tamil Nadu,586,Thanjavur,5811,1,Kumbakonam,2,5811
8,Rajasthan,112,Rajsamand,642,3,Kumbhalgarh,4,642
23,Madhya Pradesh,406,Guna,3681,1,Kumbhraj,7,3681
8,Rajasthan,767,Deeg,510,8,Kumher,6,510
29,Karnataka,550,Uttara Kannada,5485,1,Kumta,8,5485
28,Andhra Pradesh,791,Polavaram,4731,4,Kunavaram,9,4731
20,Jharkhand,323,Chatra,2516,1,Kunda,3,2516
22,Chhattisgarh,382,Kabeerdham,7323,4,Kunda,0,0
9,Uttar Pradesh,174,Pratapgarh,881,2,Kunda,2,881
33,Tamil Nadu,587,The Nilgiris,5759,1,Kundah,6,5759
8,Rajasthan,97,Dausa,7382,2,Kundal,0,0
23,Madhya Pradesh,411,Jabalpur,3633,2,Kundam,4,3633
29,Karnataka,549,Udupi,5522,4,Kundapura,1,5522
29,Karnataka,536,Dharwad,5477,1,Kundgol,5,5477
20,Jharkhand,333,Jamtara,2681,1,Kundhit,14,2681
33,Tamil Nadu,574,Kancheepuram,7057,6,Kundrathur,0,0
21,Odisha,363,Koraput,3210,3,Kundura,19,3210
28,Andhra Pradesh,502,Ananthapuramu,5333,1,Kundurpi,30,5333
29,Karnataka,548,Tumakuru,5541,1,Kunigal,10,5541
2,Himachal Pradesh,25,Solan,7056,5,Kunihar,0,0
24,Gujarat,439,Amreli,3839,1,Kunkavav Vadia,1,3839
22,Chhattisgarh,380,Jashpur,3259,1,Kunkuri,3,3259
33,Tamil Nadu,581,Perambalur,5976,1,Kunnam,0,0
32,Kerala,566,Thrissur,6598,1,Kunnamkulam,0,0
32,Kerala,555,Ernakulam,5657,1,Kunnathunad,1,5657
32,Kerala,559,Kollam,5685,1,Kunnathur,2,5685
36,Telangana,680,Nirmal,4337,3,Kuntala,33,4337
8,Rajasthan,112,Rajsamand,6928,6,Kunwariya,0,0
1,Jammu And Kashmir,3,Baramulla,6830,9,Kunzer,0,0
28,Andhra Pradesh,503,Chittoor,5427,1,Kuppam,61,5427
2,Himachal Pradesh,23,Shimla,6962,2,Kupvi,0,0
1,Jammu And Kashmir,8,Kupwara,1,19,Kupwara,1,1
28,Andhra Pradesh,753,Annamayya,5389,2,Kurabalakota,23,5389
8,Rajasthan,117,Udaipur,7156,5,Kurabar,0,0
23,Madhya Pradesh,428,Seoni,3666,1,Kurai,6,3666
36,Telangana,688,Mahabubabad,4721,3,Kuravi,50,4721
9,Uttar Pradesh,166,Mainpuri,6874,7,Kurawali,0,0
20,Jharkhand,342,Simdega,2720,1,Kurdeg,13,2720
10,Bihar,208,Muzaffarpur,1213,1,Kurhani,15,1213
28,Andhra Pradesh,517,Prakasam,5103,1,Kurichedu,7,5103
33,Tamil Nadu,570,Cuddalore,5790,1,Kurinjipadi,0,5790
27,Maharashtra,475,Gadchiroli,4054,2,Kurkheda,3,4054
27,Maharashtra,483,Mumbai Suburban,7180,1,Kurla,0,0
28,Andhra Pradesh,511,Kurnool,5259,4,Kurnool Rural,10,5259
28,Andhra Pradesh,511,Kurnool,7183,1,Kurnool Urban,0,0
10,Bihar,188,Araria,1117,1,Kursakatta,6,1117
10,Bihar,201,Katihar,1155,1,Kursela,14,1155
19,West Bengal,309,Darjeeling,2161,1,Kurseong,8,2161
10,Bihar,611,Arwal,1546,1,Kurtha,5,1546
20,Jharkhand,336,Lohardaga,2599,1,Kuru,2,2599
22,Chhattisgarh,377,Dhamtari,3344,3,Kurud,1,3344
29,Karnataka,528,Ballari,7109,2,Kurugodu,0,0
28,Andhra Pradesh,743,Parvathipuram Manyam,4809,2,Kurupam,3,4809
23,Madhya Pradesh,437,Vidisha,3572,4,Kurwai,3,3572
8,Rajasthan,88,Banswara,654,2,Kushalgarh,5,654
29,Karnataka,541,Kodagu,7124,5,Kushalnagar,0,0
10,Bihar,195,Darbhanga,1197,1,Kusheshwar Asthan,17,1197
10,Bihar,195,Darbhanga,1198,1,Kusheshwar Asthan Purbi,18,1198
19,West Bengal,310,Dakshin Dinajpur,2200,1,Kushmundi,1,2200
29,Karnataka,543,Koppal,5465,1,Kushtagi,2,5465
23,Madhya Pradesh,433,Sidhi,3702,2,Kusmi,8,3702
22,Chhattisgarh,649,Balrampur-Ramanujganj,3240,8,Kusmi(Samri),4,3240
36,Telangana,509,Khammam,4755,1,Kusumanchi,33,4755
21,Odisha,365,Mayurbhanj,7478,3,Kusumi,0,0
33,Tamil Nadu,735,Mayiladuthurai,5797,2,Kuthalam,0,5797
24,Gujarat,456,Porbandar,3824,1,Kutiyana,3,3824
21,Odisha,373,Sundaragada,2813,4,Kutra,9,2813
22,Chhattisgarh,636,Bijapur,7260,4,Kutru,0,0
32,Kerala,554,Alappuzha,5675,1,Kuttanad,3,5675
10,Bihar,189,Aurangabad,1484,2,Kutumba,9,1484
33,Tamil Nadu,595,Vellore,7052,2,K V Kuppam,0,0
19,West Bengal,307,Birbhum,2262,1,Labpur,14,2262
8,Rajasthan,87,Alwar,503,7,Lachhmangarh,11,503
8,Rajasthan,114,Sikar,552,10,Lachhmangarh,2,552
12,Arunachal Pradesh,787,Bichom,6098,4,Lada Circle,0,0
10,Bihar,206,Madhubani,1084,1,Ladania,5,1084
2,Himachal Pradesh,22,Mandi,125,7,Lad Bharol,3,125
8,Rajasthan,768,Didwana-Kuchaman,557,3,Ladnu,1,557
8,Rajasthan,109,Kota,667,4,Ladpura,3,667
6,Haryana,68,Kurukshetra,6410,3,Ladwa,0,0
2,Himachal Pradesh,18,Kangra,6902,6,Lagru,0,0
23,Madhya Pradesh,395,Bhind,3398,2,Lahar,7,3398
18,Assam,296,Marigaon,2028,2,Laharighat,3,2028
9,Uttar Pradesh,183,Sitapur,805,21,Laharpur,3,805
10,Bihar,218,Saran,1253,1,Lahladpur,6,1253
2,Himachal Pradesh,21,Lahaul And Spiti,115,1,Lahul,2,115
21,Odisha,373,Sundaragada,2827,7,Lahunipara,23,2827
21,Odisha,357,Jharsuguda,2778,3,Laikera,8,2778
22,Chhattisgarh,386,Raigarh,3264,2,Lailunga,2,3264
12,Arunachal Pradesh,239,Tirap,1694,9,Laju Sdo,8,1694
27,Maharashtra,471,Bhandara,4043,1,Lakhandur,7,4043
27,Maharashtra,471,Bhandara,4041,1,Lakhani,5,4041
24,Gujarat,789,Vav-Tharad,6168,4,Lakhani,0,0
6,Haryana,73,Rohtak,6468,1,Lakhan Majra St,0,0
21,Odisha,357,Jharsuguda,2771,4,Lakhanpur,2,2771
22,Chhattisgarh,389,Surguja,3248,2,Lakhanpur,0,3248
9,Uttar Pradesh,159,Kheri,801,23,Lakhimpur,4,801
18,Assam,287,Goalpara,2013,1,Lakhipur,1,2013
18,Assam,282,Cachar,2100,1,Lakhipur,5,2100
10,Bihar,204,Lakhisarai,1368,1,Lakhisarai,4,1368
23,Madhya Pradesh,428,Seoni,3659,1,Lakhnadon,1,3659
10,Bihar,206,Madhubani,1099,1,Lakhnaur,20,1099
24,Gujarat,449,Kachchh,3722,1,Lakhpat,1,3722
24,Gujarat,460,Surendranagar,3791,1,Lakhtar,4,3791
28,Andhra Pradesh,521,Vizianagaram,4833,1,Lakkavarapukota,27,4833
28,Andhra Pradesh,753,Annamayya,5240,3,Lakkireddipalli,42,5240
10,Bihar,222,Siwan,1233,1,Lakri Nabiganj,5,1233
5,Uttarakhand,50,Haridwar,355,1,Laksar,3,355
21,Odisha,363,Koraput,3203,5,Lakshmipur,5,3203
10,Bihar,198,Jamui,1529,1,Lakshmipur,5,1529
18,Assam,289,Hailakandi,2108,1,Lala,3,2108
22,Chhattisgarh,388,Rajnandgaon,7301,7,Lal Bahadur Nagar,0,0
23,Madhya Pradesh,392,Balaghat,3671,1,Lalbarra,0,3671
5,Uttarakhand,50,Haridwar,6351,1,Laldhang,0,0
9,Uttar Pradesh,175,Rae Bareli,826,1,Lalganj,4,826
10,Bihar,224,Vaishali,1270,1,Lalganj,3,1270
9,Uttar Pradesh,170,Mirzapur,1001,1,Lalganj,2,1001
9,Uttar Pradesh,174,Pratapgarh,880,1,Lalganj,4,880
9,Uttar Pradesh,123,Azamgarh,969,10,Lalganj,4,969
19,West Bengal,319,Murshidabad,2229,1,Lalgola,7,2229
33,Tamil Nadu,591,Tiruchirappalli,5777,1,Lalgudi,5,5777
9,Uttar Pradesh,161,Lalitpur,862,5,Lalitpur,2,862
5,Uttarakhand,51,Nainital,345,1,Lalkuan,0,345
1,Jammu And Kashmir,8,Kupwara,6792,1,Lalpora,0,0
24,Gujarat,447,Jamnagar,3818,1,Lalpur,7,3818
22,Chhattisgarh,647,Mungeli,7258,3,Lalpur Thana,0,0
8,Rajasthan,97,Dausa,537,8,Lalsot,5,537
9,Uttar Pradesh,185,Sultanpur,917,1,Lambhua,5,917
2,Himachal Pradesh,17,Hamirpur,7285,3,Lambloo,0,0
5,Uttarakhand,45,Almora,6368,8,Lamgada,0,0
14,Manipur,256,Imphal West,1881,1,Lamphelpat,3,1881
14,Manipur,256,Imphal West,1879,2,Lamsang,1,1879
23,Madhya Pradesh,392,Balaghat,7399,1,Lamta,0,0
1,Jammu And Kashmir,8,Kupwara,6789,5,Langate,0,0
27,Maharashtra,492,Ratnagiri,4273,1,Lanja,8,4273
23,Madhya Pradesh,392,Balaghat,3676,1,Lanji,6,3676
21,Odisha,358,Kalahandi,3162,9,Lanjigarh,8,3162
18,Assam,709,Hojai,2040,11,Lanka,9,2040
5,Uttarakhand,52,Pauri Garhwal,310,22,Lansdowne,0,310
20,Jharkhand,339,Ranchi,2697,1,Lapung,12,2697
1,Jammu And Kashmir,626,Ganderbal,45,6,Lar,3,45
1,Jammu And Kashmir,1,Anantnag,6820,3,Larnoo,0,0
1,Jammu And Kashmir,12,Rajouri,6774,1,Laroka,0,0
8,Rajasthan,777,Salumbar,691,2,Lasadiya,0,691
17,Meghalaya,275,West Jaintia Hills,1997,1,Laskein,2,1997
20,Jharkhand,335,Latehar,2639,1,Latehar,17,2639
23,Madhya Pradesh,437,Vidisha,3570,2,Lateri,1,3570
12,Arunachal Pradesh,678,Namsai,1733,5,Lathao Circle,0,1733
24,Gujarat,439,Amreli,3841,1,Lathi,3,3841
21,Odisha,373,Sundaragada,2823,4,Lathikata,19,2823
22,Chhattisgarh,648,Surajpur,7236,2,Latori,0,0
1,Jammu And Kashmir,14,Udhampur,6737,2,Latti,0,0
27,Maharashtra,481,Latur,4226,1,Latur,1,4226
10,Bihar,206,Madhubani,1085,1,Laukaha,6,1085
10,Bihar,206,Madhubani,1086,1,Laukahi,7,1086
10,Bihar,211,Pashchim Champaran,1018,1,Lauriya,6,1018
19,West Bengal,702,Kalimpong,2157,9,Lava,4,2157
22,Chhattisgarh,644,Balodabazar-Bhatapara,7246,4,Lavan,0,0
19,West Bengal,702,Kalimpong,7050,5,Lavaold,0,0
28,Andhra Pradesh,519,Srikakulam,4804,1,Laveru,36,4804
23,Madhya Pradesh,398,Chhatarpur,3425,4,Lavkush Nagar,2,3425
20,Jharkhand,323,Chatra,2517,1,Lawalaung,4,2517
8,Rajasthan,97,Dausa,6909,3,Lawan,0,0
15,Mizoram,264,Lawngtlai,1917,3,Lawngtlai,2,1917
12,Arunachal Pradesh,666,Longding,1689,5,Lawnu Circle,0,1689
36,Telangana,680,Nirmal,4345,3,Laxmanchanda,41,4345
29,Karnataka,537,Gadag,7083,4,Laxmeshwar,0,0
36,Telangana,690,Bhadradri Kothagudem,6266,2,Laxmidevipalli,0,0
28,Andhra Pradesh,519,Srikakulam,4787,2,Laxminarasupeta,19,4787
37,Ladakh,9,Leh Ladakh,10,5,Leh,1,10
3,Punjab,43,Sangrur,273,1,Lehra,0,273
12,Arunachal Pradesh,678,Namsai,1735,5,Lekang Mahadevpur Circle,0,1735
28,Andhra Pradesh,754,Sri Sathya Sai,5365,2,Lepakshi,62,5365
21,Odisha,373,Sundaragada,2805,4,Lephripara,2,2805
12,Arunachal Pradesh,237,Papum Pare,1603,7,Leporiang Circle,7,1603
12,Arunachal Pradesh,238,Tawang,6555,1,Lhou Circle,0,0
14,Manipur,712,Kangpokpi,6497,2,Lhungtin,0,0
23,Madhya Pradesh,434,Tikamgarh,6536,4,Lidhora,0,0
12,Arunachal Pradesh,719,Lower Siang,1640,4,Likabali Sdo,18,1640
24,Gujarat,439,Amreli,3842,1,Lilia,4,3842
14,Manipur,259,Thoubal,1876,1,Lilong,1,1876
24,Gujarat,460,Surendranagar,3797,1,Limbdi,10,3797
12,Arunachal Pradesh,241,Upper Subansiri,1608,3,Limeking Circle,2,1608
24,Gujarat,445,Dahod,3892,2,Limkheda,3,3892
36,Telangana,694,Nagarkurnool,4598,2,Lingal,50,4598
28,Andhra Pradesh,504,Y.S.R. Kadapa,5218,1,Lingala,20,5218
36,Telangana,689,Jangoan,4700,3,Lingalaghanpur,29,4700
36,Telangana,685,Kamareddy,4388,2,Lingampet,32,4388
28,Andhra Pradesh,748,Eluru,4945,2,Lingapalem,2,4945
36,Telangana,699,Kumuram Bheem Asifabad,6311,1,Lingapur,0,0
28,Andhra Pradesh,517,Prakasam,5150,3,Lingasamudram,54,5150
29,Karnataka,546,Raichur,5459,6,Lingasugur,1,5459
12,Arunachal Pradesh,243,West Siang,1632,7,Liromoba Eac,11,1632
20,Jharkhand,337,Pakur,2573,1,Litipara,1,2573
35,Andaman And Nicobar Islands,602,South Andamans,5924,1,Little Andaman,0,5924
14,Manipur,260,Ukhrul,6482,2,LM,0,0
24,Gujarat,457,Rajkot,3804,1,Lodhika,7,3804
27,Maharashtra,485,Nanded,4107,1,Loha,13,4107
5,Uttarakhand,48,Champawat,336,7,Lohaghat,0,336
1,Jammu And Kashmir,7,Kathua,6729,2,Lohai Malhar,0,0
22,Chhattisgarh,374,Bastar,3361,1,Lohandiguda,4,3361
27,Maharashtra,488,Dharashiv,4242,2,Lohara,7,4242
20,Jharkhand,336,Lohardaga,2601,1,Lohardaga,3,2601
2,Himachal Pradesh,25,Solan,7450,2,Loharghat,0,0
6,Haryana,59,Bhiwani,401,1,Loharu,5,401
8,Rajasthan,772,Phalodi,6391,17,Lohawat,0,0
21,Odisha,345,Balangir,3141,4,Loisinga,12,3141
36,Telangana,680,Nirmal,4342,2,Lokeswaram,38,4342
1,Jammu And Kashmir,8,Kupwara,6791,2,Lolab (Sogam),0,0
27,Maharashtra,472,Buldhana,3987,1,Lonar,13,3987
13,Nagaland,246,Mokokchung,1758,1,Longchem,1,1758
12,Arunachal Pradesh,666,Longding,6074,3,Longding Hq,0,0
13,Nagaland,249,Tuensang,1816,1,Longkhim,6,1816
13,Nagaland,615,Longleng,1833,1,Longleng,3,1833
14,Manipur,714,Noney,6491,2,Longmai,0,0
13,Nagaland,614,Kiphire,1840,1,Longmatra,19,1840
12,Arunachal Pradesh,239,Tirap,6597,1,Longo Circle,0,0
13,Nagaland,247,Mon,1751,1,Longshen,8,1751
16,Tripura,269,Dhalai,6692,2,Longtharai Valley,2,0
9,Uttar Pradesh,145,Ghaziabad,6089,3,Loni,0,0
3,Punjab,27,Amritsar,7341,4,Lopoke,0,0
22,Chhattisgarh,647,Mungeli,3290,5,Lormi,2,3290
13,Nagaland,250,Wokha,1786,1,Lotsu,7,1786
3,Punjab,36,Ludhiana,227,1,Ludhiana (East),4,227
3,Punjab,36,Ludhiana,228,1,Ludhiana (West),5,228
12,Arunachal Pradesh,238,Tawang,1557,3,Lumla Adc,0,1557
17,Meghalaya,657,East Jaintia Hills,7337,7,Lumshnong,0,0
24,Gujarat,669,Mahisagar,3882,8,Lunawada,4,3882
22,Chhattisgarh,389,Surguja,3251,1,Lundra,8,3251
15,Mizoram,265,Lunglei,1914,3,Lunglei,3,1914
15,Mizoram,265,Lunglei,1913,3,Lungsen,2,1913
8,Rajasthan,107,Jodhpur,572,5,Luni,6,572
8,Rajasthan,93,Bikaner,475,3,Lunkaransar,3,475
36,Telangana,684,Mancherial,4353,2,Luxettipet,49,4353
12,Arunachal Pradesh,229,Changlang,6578,2,Lyngok Longtoi Circle,0,0
1,Jammu And Kashmir,620,Kishtwar,6767,1,Machail,0,0
36,Telangana,685,Kamareddy,4380,4,Machareddy,24,4380
28,Andhra Pradesh,751,Palnadu,5048,2,Machavaram,9,5048
28,Andhra Pradesh,751,Palnadu,5040,2,Macherla,1,5040
21,Odisha,363,Koraput,3212,8,Machh Kund,16,3212
9,Uttar Pradesh,152,Jaunpur,983,1,Machhlishahr,3,983
5,Uttarakhand,45,Almora,6339,1,Machhor,0,0
14,Manipur,716,Tengnoupal,1892,4,Machi,1,1892
1,Jammu And Kashmir,8,Kupwara,6785,2,Machil,0,0
28,Andhra Pradesh,510,Krishna,7429,1,Machilipatnam North,0,0
28,Andhra Pradesh,510,Krishna,5034,3,Machilipatnam South,45,5034
23,Madhya Pradesh,638,Singrauli,6987,4,Mada,0,0
28,Andhra Pradesh,754,Sri Sathya Sai,5350,2,Madakasira,47,5350
28,Andhra Pradesh,753,Annamayya,5392,2,Madanapalle,26,5392
36,Telangana,693,Wanaparthy,6289,1,Madanapur,0,0
5,Uttarakhand,55,Tehri Garhwal,6362,3,Madannegi,0,0
10,Bihar,189,Aurangabad,1486,1,Madanpur,11,1486
21,Odisha,358,Kalahandi,3160,2,Madanpur Rampur,7,3160
19,West Bengal,664,Alipurduar,2170,2,Madarihat,5,2170
33,Tamil Nadu,634,Tiruppur,5907,1,Madathukulam,0,5907
28,Andhra Pradesh,511,Kurnool,5292,1,Maddikera (East),43,5292
28,Andhra Pradesh,517,Prakasam,5127,1,Maddipadu,31,5127
36,Telangana,696,Suryapet,6300,1,Maddirala,0,0
36,Telangana,692,Siddipet,4673,4,Maddur,2,4673
29,Karnataka,544,Mandya,5551,1,Maddur,6,5551
36,Telangana,721,Narayanpet,4554,4,Maddur,6,4554
36,Telangana,518,Ranga Reddy,4564,2,Madgul,16,4564
27,Maharashtra,496,Solapur,4245,1,Madha,2,4245
10,Bihar,206,Madhubani,1100,1,Madhepur,21,1100
10,Bihar,205,Madhepura,1161,1,Madhepura,4,1161
36,Telangana,509,Khammam,4766,1,Madhira,44,4766
9,Uttar Pradesh,151,Jalaun,851,1,Madhogarh,1,851
8,Rajasthan,102,Jaipur,7139,4,Madhorajpura,0,0
9,Uttar Pradesh,168,Mau,972,1,Madhuban,2,972
10,Bihar,213,Purbi Champaran,1055,1,Madhuban,25,1055
10,Bihar,211,Pashchim Champaran,1021,1,Madhubani,9,1021
10,Bihar,206,Madhubani,1093,1,Madhubani,9,1093
29,Karnataka,548,Tumakuru,5535,1,Madhugiri,4,5535
20,Jharkhand,324,Deoghar,2550,1,Madhupur,5,2550
10,Bihar,206,Madhubani,1080,1,Madhwapur,1,1080
29,Karnataka,541,Kodagu,5566,1,Madikeri,1,5566
36,Telangana,685,Kamareddy,4372,3,Madnoor,16,4372
28,Andhra Pradesh,744,Anakapalli,4857,2,Madugula,17,4857
36,Telangana,514,Nalgonda,6305,2,Madugulapally,0,0
33,Tamil Nadu,569,Coimbatore,5986,1,Madukkari,0,0
33,Tamil Nadu,578,Madurai,5960,1,Madurai East,0,0
33,Tamil Nadu,578,Madurai,5836,4,Madurai North,2,5836
33,Tamil Nadu,578,Madurai,5841,1,Madurai South,7,5841
33,Tamil Nadu,578,Madurai,5961,1,Madurai West,0,0
33,Tamil Nadu,730,Chengalpattu,5710,2,Maduranthakam,7,5710
33,Tamil Nadu,568,Chennai,5981,10,Maduravoyal,0,0
23,Madhya Pradesh,433,Sidhi,7410,1,Madwas,0,0
29,Karnataka,631,Bengaluru South,5605,3,Magadi,5,5605
1,Jammu And Kashmir,2,Budgam,6814,2,Magam,0,0
36,Telangana,721,Narayanpet,4590,4,Maganoor,42,4590
22,Chhattisgarh,377,Dhamtari,3345,6,Magarlod,0,3345
19,West Bengal,304,South 24 Parganas,2424,2,Magrahat - I,13,2424
19,West Bengal,304,South 24 Parganas,2423,1,Magrahat - II,12,2423
27,Maharashtra,494,Satara,4255,2,Mahabaleshwar,1,4255
36,Telangana,688,Mahabubabad,4718,2,Mahabubabad,47,4718
36,Telangana,512,Mahabubnagar,6258,1,Mahabubnagar Rural,0,0
36,Telangana,512,Mahabubnagar,4568,4,Mahabubnagar Urban,20,4568
27,Maharashtra,491,Raigad,4185,1,Mahad,14,4185
36,Telangana,687,Jayashankar Bhupalapally,4403,4,Mahadevpur,11,4403
20,Jharkhand,330,Godda,2558,1,Mahagama,4,2558
27,Maharashtra,500,Yavatmal,4087,1,Mahagaon,9,4087
21,Odisha,360,Kendrapada,2933,4,Mahakalapada,6,2933
6,Haryana,73,Rohtak,404,3,Maham,1,404
28,Andhra Pradesh,755,Nandyal,5285,2,Mahanandi,36,5285
21,Odisha,350,Kataka,2956,1,Mahanga,1,2956
1,Jammu And Kashmir,7,Kathua,6725,2,Mahanpur,0,0
9,Uttar Pradesh,175,Rae Bareli,823,3,Maharajganj,1,823
9,Uttar Pradesh,164,Mahrajganj,947,2,Maharajganj,1,947
10,Bihar,222,Siwan,1236,1,Maharajganj,8,1236
23,Madhya Pradesh,398,Chhatarpur,3428,1,Maharajpur,0,3428
28,Andhra Pradesh,520,Visakhapatnam,6837,1,Maharanipeta,0,0
22,Chhattisgarh,385,Mahasamund,3341,1,Mahasamund,3,3341
9,Uttar Pradesh,125,Bahraich,920,3,Mahasi,2,920
9,Uttar Pradesh,167,Mathura,763,1,Mahavan,2,763
34,Puducherry,600,Puducherry,5913,2,Mahe,0,5913
6,Haryana,69,Mahendragarh,411,6,Mahendragarh,1,411
24,Gujarat,451,Mahesana,3757,3,Mahesana,7,3757
24,Gujarat,451,Mahesana,7441,1,Mahesana City,0,0
20,Jharkhand,337,Pakur,2577,1,Maheshpur,5,2577
23,Madhya Pradesh,414,Khargone (West Nimar),3546,1,Maheshwar,2,3546
36,Telangana,518,Ranga Reddy,4544,2,Maheshwaram,33,4544
23,Madhya Pradesh,435,Ujjain,3510,4,Mahidpur,3,3510
19,West Bengal,317,Purba Medinipur,2475,1,Mahisadal,28,2475
10,Bihar,216,Saharsa,1173,1,Mahishi,3,1173
18,Assam,708,Charaideo,2075,2,Mahmora,6,2075
9,Uttar Pradesh,183,Sitapur,807,7,Mahmudabad,5,807
10,Bihar,224,Vaishali,1283,1,Mahnar,16,1283
9,Uttar Pradesh,165,Mahoba,870,1,Mahoba,3,870
9,Uttar Pradesh,183,Sitapur,6880,22,Maholi,0,0
1,Jammu And Kashmir,627,Reasi,6850,1,Mahore,0,0
9,Uttar Pradesh,161,Lalitpur,863,9,Mahroni,3,863
10,Bihar,224,Vaishali,1275,1,Mahua,8,1275
20,Jharkhand,335,Latehar,2637,1,Mahuadanr,15,2637
24,Gujarat,450,Kheda,3877,1,Mahudha,9,3877
27,Maharashtra,485,Nanded,4095,2,Mahur,1,4095
24,Gujarat,459,Surat,3941,3,Mahuva,15,3941
24,Gujarat,443,Bhavnagar,3860,1,Mahuva,11,3860
8,Rajasthan,97,Dausa,534,4,Mahwa,2,534
23,Madhya Pradesh,784,Maihar,3470,3,Maihar,7,3470
10,Bihar,211,Pashchim Champaran,1016,1,Mainatanr,4,1016
22,Chhattisgarh,389,Surguja,3254,1,Mainpat,0,3254
22,Chhattisgarh,645,Gariyaband,3337,9,Mainpur,0,3337
9,Uttar Pradesh,166,Mainpuri,775,9,Mainpuri,1,775
1,Jammu And Kashmir,5,Jammu,6702,1,Maira Mandrian,0,0
17,Meghalaya,740,Eastern West Khasi Hills,1982,2,Mairang,3,1982
10,Bihar,222,Siwan,1240,1,Mairwa,12,1240
9,Uttar Pradesh,156,Kanpur Dehat,6871,8,Maitha,0,0
27,Maharashtra,470,Beed,4219,2,Majalgaon,5,4219
1,Jammu And Kashmir,14,Udhampur,75,2,Majalta,5,75
23,Madhya Pradesh,433,Sidhi,3701,3,Majhauli,7,3701
10,Bihar,211,Pashchim Champaran,1027,1,Majhaulia,15,1027
2,Himachal Pradesh,18,Kangra,6919,21,Majheen,0,0
20,Jharkhand,343,West Singhbhum,2745,1,Majhgaon,23,2745
23,Madhya Pradesh,426,Satna,3462,3,Majhgawan,0,3462
20,Jharkhand,328,Garhwa,2499,1,Majhiaon,4,2499
23,Madhya Pradesh,411,Jabalpur,3628,11,Majholi,0,3628
3,Punjab,27,Amritsar,6854,1,Majitha,0,0
10,Bihar,221,Sitamarhi,1065,1,Majorganj,3,1065
2,Himachal Pradesh,24,Sirmaur,7121,1,Majra,0,0
18,Assam,706,Majuli,2076,9,Majuli,1,2076
24,Gujarat,459,Surat,3937,6,Majura,9,3937
28,Andhra Pradesh,744,Anakapalli,4875,2,Makavarapalem,35,4875
22,Chhattisgarh,643,Kondagaon,3358,2,Makdi,3,3358
23,Madhya Pradesh,435,Ujjain,6995,2,Makdon,0,0
10,Bihar,218,Saran,1262,1,Maker,15,1262
23,Madhya Pradesh,409,Narmadapuram,3616,14,Makhan Nagar,4,3616
10,Bihar,199,Jehanabad,1540,1,Makhdumpur,11,1540
28,Andhra Pradesh,743,Parvathipuram Manyam,4813,2,Makkuva,7,4813
36,Telangana,516,Nizamabad,4367,2,Makloor,11,4367
8,Rajasthan,768,Didwana-Kuchaman,565,3,Makrana,9,565
2,Himachal Pradesh,22,Mandi,6969,4,Makridi,0,0
23,Madhya Pradesh,406,Guna,3680,2,Maksoodangarh,0,3680
36,Telangana,721,Narayanpet,4589,2,Makthal,41,4589
19,West Bengal,314,Jalpaiguri,2167,2,Mal,2,2167
8,Rajasthan,87,Alwar,6382,4,Malakhera,0,0
8,Rajasthan,113,Sawai Madhopur,528,1,Malarna Doongar,3,528
29,Karnataka,544,Mandya,5552,1,Malavalli,7,5552
19,West Bengal,316,Malda,2217,1,Maldah (Old),10,2217
36,Telangana,695,Jogulamba Gadwal,4604,2,Maldakal,56,4604
27,Maharashtra,487,Nashik,4146,1,Malegaon,5,4146
27,Maharashtra,499,Washim,3995,1,Malegaon,1,3995
3,Punjab,737,Malerkotla,269,18,Malerkotla,2,269
23,Madhya Pradesh,410,Indore,7014,6,Malharganj,0,0
23,Madhya Pradesh,416,Mandsaur,3493,2,Malhargarh,2,3493
36,Telangana,687,Jayashankar Bhupalapally,4405,2,Malharrao,13,4405
24,Gujarat,448,Junagadh,3833,2,Malia Hatina,9,3833
9,Uttar Pradesh,162,Lucknow,819,3,Malihabad,1,819
28,Andhra Pradesh,747,Dr. B.R. Ambedkar Konaseema,4938,2,Malikipuram,54,4938
24,Gujarat,673,Morbi,3798,2,Maliya,1,3798
36,Telangana,700,Medchal Malkajgiri,4521,3,Malkajgiri,10,4521
21,Odisha,364,Malkangiri,3220,6,Malkangiri,1,3220
27,Maharashtra,472,Buldhana,3979,1,Malkapur,5,3979
22,Chhattisgarh,762,Sakti,3285,3,Malkharoda,7,3285
36,Telangana,720,Mulugu,7536,1,Mallampally,0,0
32,Kerala,564,Pathanamthitta,5680,1,Mallappally,2,5680
36,Telangana,681,Jagitial,4394,3,Mallapur,2,4394
36,Telangana,681,Jagitial,4413,2,Mallial,20,4413
3,Punjab,39,Sri Muktsar Sahib,239,1,Malout,1,239
24,Gujarat,672,Arvalli,3771,2,Malpur,12,3771
8,Rajasthan,116,Tonk,615,2,Malpura,1,615
27,Maharashtra,496,Solapur,4250,1,Malshiras,7,4250
8,Rajasthan,106,Jhunjhunu,6370,5,Malsisar,0,0
23,Madhya Pradesh,425,Sagar,3445,2,Malthon,0,3445
29,Karnataka,542,Kolar,5592,2,Malur,9,5592
7,Delhi,83,South,7589,2,Malviya Nagar,0,0
27,Maharashtra,495,Sindhudurg,4278,1,Malwan,4,4278
36,Telangana,680,Nirmal,4346,3,Mamada,42,4346
33,Tamil Nadu,568,Chennai,7165,1,Mambalam,0,0
28,Andhra Pradesh,747,Dr. B.R. Ambedkar Konaseema,4936,2,Mamidikuduru,52,4936
2,Himachal Pradesh,25,Solan,6967,9,Mamlig,0,0
27,Maharashtra,494,Satara,4259,1,Man,5,4259
33,Tamil Nadu,591,Tiruchirappalli,5776,1,Manachanallur,4,5776
36,Telangana,508,Karimnagar,4427,1,Manakondur,34,4427
2,Himachal Pradesh,20,Kullu,117,3,Manali,1,117
33,Tamil Nadu,585,Sivaganga,5833,2,Manamadurai,5,5833
33,Tamil Nadu,582,Pudukkottai,5827,1,Manamelkudi,8,5827
32,Kerala,567,Wayanad,5635,1,Mananthavady,1,5635
33,Tamil Nadu,591,Tiruchirappalli,5781,2,Manapparai,8,5781
23,Madhya Pradesh,419,Neemuch,3491,7,Manasa,3,3491
20,Jharkhand,338,Palamu,2628,1,Manatu,7,2628
24,Gujarat,448,Junagadh,3825,1,Manavadar,1,3825
23,Madhya Pradesh,403,Dhar,3538,1,Manawar,6,3538
19,West Bengal,321,Purulia,2395,1,Manbazar - I,18,2395
19,West Bengal,321,Purulia,2396,1,Manbazar - II,19,2396
5,Uttarakhand,48,Champawat,6348,3,Manch,0,0
36,Telangana,518,Ranga Reddy,4547,2,Manchal,36,4547
12,Arunachal Pradesh,628,Anjaw,1737,2,Manchal Circle,4,1737
29,Karnataka,630,Chikkaballapura,7404,2,Manchenahalli,0,0
36,Telangana,684,Mancherial,4354,5,Mancherial,50,4354
1,Jammu And Kashmir,5,Jammu,6713,4,Mandal,0,0
24,Gujarat,438,Ahmedabad,3777,1,Mandal,1,3777
8,Rajasthan,92,Bhilwara,631,11,Mandal,5,631
8,Rajasthan,92,Bhilwara,637,6,Mandalgarh,11,637
36,Telangana,684,Mancherial,4352,2,Mandamarri,48,4352
27,Maharashtra,492,Ratnagiri,4266,1,Mandangad,1,4266
2,Himachal Pradesh,22,Mandi,6970,5,Mandap,0,0
28,Andhra Pradesh,505,East Godavari,4920,3,Mandapeta,36,4920
20,Jharkhand,339,Ranchi,2693,1,Mandar,9,2693
28,Andhra Pradesh,519,Srikakulam,4776,1,Mandasa,8,4776
28,Andhra Pradesh,748,Eluru,5015,2,Mandavalli,26,5015
8,Rajasthan,106,Jhunjhunu,7145,7,Mandawa,0,0
8,Rajasthan,97,Dausa,6914,6,Mandawar,0,0
8,Rajasthan,782,Kotputli-Behror,7383,2,Mandhan,0,0
2,Himachal Pradesh,22,Mandi,133,18,Mandi,10,133
1,Jammu And Kashmir,10,Poonch,17,1,Mandi,1,17
19,West Bengal,304,South 24 Parganas,2429,2,Mandirbazar,18,2429
22,Chhattisgarh,387,Raipur,7308,6,Mandir Hasoud,0,0
23,Madhya Pradesh,415,Mandla,3643,2,Mandla,2,3643
8,Rajasthan,108,Karauli,524,2,Mandrayal,5,524
20,Jharkhand,340,Sahebganj,2565,1,Mandro,2,2565
23,Madhya Pradesh,416,Mandsaur,3496,5,Mandsaur,4,3496
23,Madhya Pradesh,416,Mandsaur,7005,1,Mandsaur Nagar,0,0
20,Jharkhand,607,Ramgarh,2661,1,Mandu,13,2661
24,Gujarat,459,Surat,3935,8,Mandvi,7,3935
24,Gujarat,449,Kachchh,3729,1,Mandvi,8,3729
29,Karnataka,544,Mandya,5550,1,Mandya,5,5550
22,Chhattisgarh,760,Manendragarh-Chirmiri-Bharatpur(M C B),3234,4,Manendragarh,4,3234
10,Bihar,212,Patna,1398,1,Maner,1,1398
6,Haryana,62,Gurugram,419,1,Manesar,2,419
21,Odisha,371,Sambalpur,7465,8,Maneswar,0,0
6,Haryana,72,Rewari,6466,1,Manethi St,0,0
28,Andhra Pradesh,506,Guntur,5055,1,Mangalagiri,16,5055
11,Sikkim,742,Soreng,7178,1,Mangalbarey,0,0
18,Assam,283,Darrang,2148,5,Mangaldoi (Pt),5,2148
29,Karnataka,534,Dakshina Kannada,5561,7,Mangaluru,1,5561
27,Maharashtra,496,Solapur,4252,1,Mangalvedhe,9,4252
11,Sikkim,226,Mangan,1548,7,Mangan,2,1548
27,Maharashtra,491,Raigad,4181,1,Mangaon,10,4181
36,Telangana,720,Mulugu,4686,3,Mangapet,15,4686
23,Madhya Pradesh,424,Rewa,3474,7,Mangawan,0,3474
13,Nagaland,765,Shamator,1828,2,Mangko,0,1828
13,Nagaland,246,Mokokchung,1764,1,Mangkolemba,7,1764
19,West Bengal,306,Purba Bardhaman,2278,1,Mangolkote,11,2278
24,Gujarat,459,Surat,3933,1,Mangrol,2,3933
24,Gujarat,448,Junagadh,3832,1,Mangrol,8,3832
8,Rajasthan,89,Baran,670,1,Mangrol,1,670
27,Maharashtra,499,Washim,3996,1,Mangrulpir,2,3996
10,Bihar,195,Darbhanga,1185,4,Manigachhi,5,1185
10,Bihar,201,Katihar,1156,1,Manihari,15,1156
20,Jharkhand,335,Latehar,2635,1,Manika,9,2635
19,West Bengal,316,Malda,2219,1,Manikchak,12,2219
9,Uttar Pradesh,136,Chitrakoot,5930,11,Manikpur,0,0
18,Assam,281,Bongaigaon,7199,7,Manikpur,0,0
24,Gujarat,438,Ahmedabad,6515,1,Maninagar,0,0
8,Rajasthan,98,Dholpur,6933,5,Maniya,0,0
1,Jammu And Kashmir,12,Rajouri,6772,1,Manjakote,0,0
32,Kerala,558,Kasaragod,5932,1,Manjeswaram,0,0
10,Bihar,197,Gopalganj,1225,1,Manjha,11,1225
9,Uttar Pradesh,158,Kaushambi,886,1,Manjhanpur,2,886
20,Jharkhand,343,West Singhbhum,2741,1,Manjhari,19,2741
10,Bihar,218,Saran,1255,1,Manjhi,8,1255
18,Assam,707,South Salmara Mancachar,2012,2,Mankachar,8,2012
9,Uttar Pradesh,147,Gonda,931,1,Mankapur,4,931
1,Jammu And Kashmir,10,Poonch,6779,2,Mankote,0,0
33,Tamil Nadu,576,Karur,5985,2,Manmangalam,0,0
12,Arunachal Pradesh,229,Changlang,1673,10,Manmao Eac,4,1673
33,Tamil Nadu,590,Thiruvarur,5808,3,Mannargudi,6,5808
32,Kerala,563,Palakkad,5648,2,Mannarkad,2,5648
36,Telangana,513,Medak,6273,1,Manoharabad,0,0
20,Jharkhand,343,West Singhbhum,2735,2,Manoharpur,14,2735
8,Rajasthan,105,Jhalawar,681,1,Manohar Thana,4,681
36,Telangana,691,Sangareddy,4451,3,Manoor,2,4451
36,Telangana,695,Jogulamba Gadwal,4611,5,Manopad,63,4611
22,Chhattisgarh,380,Jashpur,3258,1,Manora,0,3258
27,Maharashtra,499,Washim,3998,1,Manora,4,3998
22,Chhattisgarh,761,Mohla-Manpur-Ambagarh Chouki,3309,8,Manpur,7,3309
23,Madhya Pradesh,436,Umaria,3484,5,Manpur,0,3484
10,Bihar,196,Gaya,1494,1,Manpur,8,1494
24,Gujarat,446,Gandhinagar,3774,2,Mansa,2,3774
3,Punjab,37,Mansa,249,2,Mansa,3,249
10,Bihar,201,Katihar,1152,1,Mansahi,11,1152
10,Bihar,202,Khagaria,1324,1,Mansi,3,1324
10,Bihar,191,Begusarai,1309,1,Mansurchak,6,1309
19,West Bengal,306,Purba Bardhaman,2285,1,Manteswar,18,2285
27,Maharashtra,479,Jalna,4132,1,Mantha,8,4132
36,Telangana,682,Peddapalli,4401,2,Manthani,9,4401
28,Andhra Pradesh,511,Kurnool,5250,1,Mantralayam,1,5250
28,Andhra Pradesh,515,Sri Potti Sriramulu Nellore,5183,1,Manubolu,31,5183
36,Telangana,690,Bhadradri Kothagudem,4727,2,Manuguru,5,4727
33,Tamil Nadu,592,Tirunelveli,6647,2,Manur,0,0
29,Karnataka,546,Raichur,5462,5,Manvi,4,5462
27,Maharashtra,489,Parbhani,4119,1,Manwath,4,4119
33,Tamil Nadu,596,Viluppuram,6650,1,Marakanam,0,0
10,Bihar,223,Supaul,1108,1,Marauna,8,1108
22,Chhattisgarh,643,Kondagaon,7319,3,Mardapal,0,0
28,Andhra Pradesh,791,Polavaram,4884,3,Maredumilli,1,4884
27,Maharashtra,500,Yavatmal,4092,1,Maregaon,14,4092
18,Assam,302,Tinsukia,2062,1,Margherita,4,2062
20,Jharkhand,324,Deoghar,2551,1,Margo Munda,0,2551
1,Jammu And Kashmir,5,Jammu,6715,12,Marh,0,0
10,Bihar,218,Saran,1260,1,Marhaura,13,1260
1,Jammu And Kashmir,7,Kathua,6731,4,Marheen,0,0
9,Uttar Pradesh,152,Jaunpur,985,1,Mariahu,5,985
18,Assam,290,Jorhat,2081,1,Mariani,4,2081
18,Assam,296,Marigaon,2029,1,Marigaon,4,2029
9,Uttar Pradesh,170,Mirzapur,1002,1,Marihan,3,1002
36,Telangana,721,Narayanpet,6263,2,Marikal,0,0
36,Telangana,688,Mahabubabad,4720,3,Maripeda,49,4720
12,Arunachal Pradesh,240,Upper Siang,1666,3,Mariyang Adc,9,1666
20,Jharkhand,334,Koderma,2531,1,Markacho,4,2531
28,Andhra Pradesh,790,Markapuram,5115,3,Markapuram,19,5115
36,Telangana,692,Siddipet,6282,1,Markook,0,0
1,Jammu And Kashmir,4,Doda,6751,1,Marmat,0,0
12,Arunachal Pradesh,241,Upper Subansiri,6554,1,Maro Circle,0,0
36,Telangana,698,Vikarabad,4512,2,Marpalle,1,4512
36,Telangana,507,Hyderabad,4500,2,Marredpally,5,4500
22,Chhattisgarh,646,Balod,7297,7,Marri Bangla(Deori),0,0
36,Telangana,514,Nalgonda,4649,2,Marriguda,37,4649
28,Andhra Pradesh,515,Sri Potti Sriramulu Nellore,5163,1,Marripadu,11,5163
28,Andhra Pradesh,517,Prakasam,5129,1,Marripudi,33,5129
21,Odisha,360,Kendrapada,2932,4,Marsaghai,5,2932
9,Uttar Pradesh,123,Azamgarh,6165,11,Martinganjon,0,0
28,Andhra Pradesh,750,Bapatla,5106,2,Martur,10,5106
33,Tamil Nadu,591,Tiruchirappalli,5954,1,Marungapuri,0,0
1,Jammu And Kashmir,620,Kishtwar,69,4,Marwah,4,69
22,Chhattisgarh,734,Gaurela-Pendra-Marwahi,3288,3,Marwahi,0,3288
10,Bihar,208,Muzaffarpur,1203,1,Marwan,5,1203
8,Rajasthan,111,Pali,602,1,Marwar Junction,6,602
36,Telangana,513,Medak,7190,1,Masaipet,0,0
20,Jharkhand,326,Dumka,2675,1,Masalia,10,2675
8,Rajasthan,108,Karauli,6379,12,Masalpur,0,0
10,Bihar,212,Patna,1408,1,Masaurhi,11,1408
10,Bihar,218,Saran,1248,1,Mashrakh,1,1248
29,Karnataka,546,Raichur,7101,9,Maski,0,0
22,Chhattisgarh,375,Bilaspur,3296,4,Masturi,7,3296
8,Rajasthan,774,Beawar,610,7,Masuda,5,610
9,Uttar Pradesh,167,Mathura,762,1,Mat,2,762
24,Gujarat,450,Kheda,3875,2,Matar,7,3875
6,Haryana,64,Jhajjar,410,4,Matenhail,3,410
19,West Bengal,308,Cooch Behar,2181,1,Mathabhanga - I,3,2181
19,West Bengal,308,Cooch Behar,2182,3,Mathabhanga-II,4,2182
33,Tamil Nadu,568,Chennai,5701,7,Mathavaram,8,5701
21,Odisha,364,Malkangiri,3221,4,Mathili,2,3221
9,Uttar Pradesh,167,Mathura,764,4,Mathura,3,764
19,West Bengal,304,South 24 Parganas,2430,1,Mathurapur - I,19,2430
19,West Bengal,304,South 24 Parganas,2436,1,Mathurapur - II,25,2436
18,Assam,287,Goalpara,2015,1,Matia,3,2015
7,Delhi,84,South West,7581,3,Matiala,0,0
19,West Bengal,314,Jalpaiguri,2168,1,Matiali,3,2168
19,West Bengal,309,Darjeeling,2162,1,Matigara,9,2162
10,Bihar,191,Begusarai,1320,1,Matihani,17,1320
6,Haryana,71,Panipat,6412,2,Matlauda,0,0
36,Telangana,696,Suryapet,4670,3,Mattampally,58,4670
23,Madhya Pradesh,395,Bhind,7000,3,Mau,0,0
9,Uttar Pradesh,136,Chitrakoot,876,5,Mau,2,876
27,Maharashtra,484,Nagpur,4029,1,Mauda,7,4029
9,Uttar Pradesh,149,Hamirpur,867,1,Maudaha,3,867
23,Madhya Pradesh,766,MAUGANJ,3477,5,Mauganj,4,3477
8,Rajasthan,768,Didwana-Kuchaman,7222,3,Maulasar,0,0
9,Uttar Pradesh,168,Mau,973,1,Maunath Bhanjan,3,973
3,Punjab,28,Bathinda,6858,2,Maur,0,0
9,Uttar Pradesh,153,Jhansi,859,1,Mauranipur,4,859
8,Rajasthan,102,Jaipur,543,7,Mauzamabad,6,543
36,Telangana,501,Adilabad,6222,2,Mavala,0,0
32,Kerala,554,Alappuzha,5678,1,Mavelikkara,6,5678
8,Rajasthan,117,Udaipur,685,6,Mavli,1,685
27,Maharashtra,490,Pune,4191,1,Mawal,5,4191
9,Uttar Pradesh,169,Meerut,733,1,Mawana,2,733
17,Meghalaya,276,Ri Bhoi,7456,5,Mawhati,0,0
17,Meghalaya,274,East Khasi Hills,1991,1,Mawkynrew,4,1991
17,Meghalaya,658,South West Khasi Hills,1984,3,Mawkyrwat,5,1984
17,Meghalaya,274,East Khasi Hills,6540,1,Mawlai,0,0
17,Meghalaya,274,East Khasi Hills,6541,2,Mawpat,0,0
17,Meghalaya,274,East Khasi Hills,1988,2,Mawphlang,1,1988
17,Meghalaya,274,East Khasi Hills,1990,2,Mawryngkneng,3,1990
17,Meghalaya,279,West Khasi Hills,1979,8,Mawshynrut,1,1979
17,Meghalaya,274,East Khasi Hills,1993,1,Mawsynram,5,1993
17,Meghalaya,740,Eastern West Khasi Hills,1981,3,Mawthadraishan,0,1981
35,Andaman And Nicobar Islands,632,North And Middle Andaman,5920,1,Mayabunder,0,5920
33,Tamil Nadu,735,Mayiladuthurai,5796,2,Mayiladuthurai,2,5796
19,West Bengal,314,Jalpaiguri,2177,1,Maynaguri,12,2177
18,Assam,296,Marigaon,2026,2,Mayong,1,2026
19,West Bengal,307,Birbhum,2255,1,Mayureswar - I,7,2255
19,West Bengal,307,Birbhum,2256,1,Mayureswar - II,8,2256
20,Jharkhand,323,Chatra,2521,1,Mayur Hand,0,2521
18,Assam,617,Udalguri,2153,7,Mazbat,8,2153
9,Uttar Pradesh,161,Lalitpur,6369,9,Mdawara,0,0
12,Arunachal Pradesh,232,East Siang,1656,3,Mebo Adc,12,1656
12,Arunachal Pradesh,725,Shi Yomi,1622,8,Mechuka Adc,1,1622
36,Telangana,513,Medak,4456,2,Medak,7,4456
36,Telangana,700,Medchal Malkajgiri,4519,2,Medchal,8,4519
28,Andhra Pradesh,506,Guntur,5073,1,Medikonduru,34,5073
20,Jharkhand,338,Palamu,2633,1,Medininagar(Daltonganj),0,2633
36,Telangana,681,Jagitial,4415,4,Medipalli,22,4415
36,Telangana,700,Medchal Malkajgiri,6318,1,Medipally,0,0
13,Nagaland,758,Chumoukedima,1799,3,Medziphema,7,1799
32,Kerala,560,Kottayam,5668,1,Meenachil,1,5668
9,Uttar Pradesh,130,Bareilly,785,2,Meerganj,2,785
9,Uttar Pradesh,169,Meerut,734,1,Meerut,3,734
23,Madhya Pradesh,412,Jhabua,3708,2,Meghnagar,3,3708
24,Gujarat,672,Arvalli,3765,2,Meghraj,6,3765
3,Punjab,605,Barnala,7409,1,Mehal Kalan,0,0
2,Himachal Pradesh,26,Una,6894,3,Mehatpur,0,0
9,Uttar Pradesh,178,Sant Kabir Nagar,941,2,Mehdawal,1,941
20,Jharkhand,330,Godda,2555,1,Meherma,1,2555
23,Madhya Pradesh,395,Bhind,3393,4,Mehgaon,3,3393
27,Maharashtra,472,Buldhana,3982,1,Mehkar,8,3982
24,Gujarat,450,Kheda,3873,1,Mehmedabad,5,3873
9,Uttar Pradesh,123,Azamgarh,970,2,Mehnagar,7,970
7,Delhi,83,South,6080,3,Mehrauli,0,0
10,Bihar,213,Purbi Champaran,1057,1,Mehsi,27,1057
9,Uttar Pradesh,120,Prayagraj,894,1,Meja,7,894
19,West Bengal,305,Bankura,2357,1,Mejhia,2,2357
19,West Bengal,308,Cooch Behar,2180,1,Mekliganj,2,2180
28,Andhra Pradesh,519,Srikakulam,4774,1,Meliaputti,6,4774
36,Telangana,696,Suryapet,4671,4,Mellachervu,59,4671
33,Tamil Nadu,596,Viluppuram,6652,1,Melmalaiyanur,0,0
33,Tamil Nadu,578,Madurai,5835,1,Melur,1,5835
13,Nagaland,788,Meluri,1803,2,Meluri,3,1803
19,West Bengal,306,Purba Bardhaman,2291,1,Memari - I,24,2291
19,West Bengal,306,Purba Bardhaman,2292,1,Memari - II,25,2292
24,Gujarat,448,Junagadh,3830,1,Mendarda,6,3830
1,Jammu And Kashmir,10,Poonch,18,4,Mendhar,2,18
36,Telangana,516,Nizamabad,6237,1,Mendora,0,0
12,Arunachal Pradesh,237,Papum Pare,1604,8,Mengio Eac,8,1604
28,Andhra Pradesh,521,Vizianagaram,4824,1,Mentada,18,4824
28,Andhra Pradesh,521,Vizianagaram,4822,1,Merakamudidam,16,4822
20,Jharkhand,328,Garhwa,2508,1,Meral (Pipra Kalan),10,2508
13,Nagaland,246,Mokokchung,1765,1,Merangmen,0,1765
8,Rajasthan,110,Nagaur,562,5,Merta,6,562
10,Bihar,210,Nawada,1522,1,Meskaur,12,1522
12,Arunachal Pradesh,628,Anjaw,1740,2,Metengliang Circle,0,1740
36,Telangana,681,Jagitial,4417,7,Metpalli,24,4417
33,Tamil Nadu,569,Coimbatore,5895,2,Mettupalayam,1,5895
33,Tamil Nadu,584,Salem,5736,1,Mettur,1,5736
27,Maharashtra,491,Raigad,4184,1,Mhasla,13,4184
12,Arunachal Pradesh,229,Changlang,1680,9,Miao Adc,8,1680
36,Telangana,512,Mahabubnagar,4566,3,Midjil,18,4566
19,West Bengal,318,Paschim Medinipur,2453,1,Midnapore,13,2453
28,Andhra Pradesh,755,Nandyal,5267,2,Midthur,18,5267
12,Arunachal Pradesh,240,Upper Siang,1659,3,Migging Circle,2,1659
9,Uttar Pradesh,125,Bahraich,6862,8,Mihinpurwa Motipur,0,0
23,Madhya Pradesh,395,Bhind,3397,2,Mihona,6,3397
18,Assam,296,Marigaon,2030,1,Mikirbheta,5,2030
9,Uttar Pradesh,176,Rampur,728,1,Milak,5,728
9,Uttar Pradesh,140,Ayodhya,903,1,Milkipur,2,903
19,West Bengal,303,North 24 Parganas,2333,1,Minakhan,18,2333
10,Bihar,208,Muzaffarpur,1205,1,Minapur,7,1205
31,Lakshadweep,553,Lakshadweep District,5629,1,Minicoy,4,5629
12,Arunachal Pradesh,230,Dibang Valley,1717,2,Mipi,1,1717
27,Maharashtra,493,Sangli,4302,1,Miraj,7,4302
36,Telangana,692,Siddipet,4464,3,Mirdoddi,14,4464
19,West Bengal,309,Darjeeling,2160,3,Mirik,7,2160
36,Telangana,514,Nalgonda,4664,1,Miryalaguda,52,4664
9,Uttar Pradesh,170,Mirzapur,1000,1,Mirzapur,1,1000
9,Uttar Pradesh,183,Sitapur,803,33,Misrikh,1,803
9,Uttar Pradesh,159,Kheri,6875,86,Mitauli,0,0
8,Rajasthan,113,Sawai Madhopur,7152,4,Mitrapura,0,0
33,Tamil Nadu,573,Erode,6636,1,Modakkurichi,0,0
10,Bihar,199,Jehanabad,1538,1,Modanganj,9,1538
24,Gujarat,672,Arvalli,3769,2,Modasa,10,3769
7,Delhi,796,Central North,432,8,Model Town,3,432
9,Uttar Pradesh,145,Ghaziabad,738,3,Modinagar,1,738
3,Punjab,38,Moga,233,3,Moga,3,233
28,Andhra Pradesh,523,West Godavari,4986,1,Mogalthur,43,4986
36,Telangana,691,Sangareddy,6278,1,Mogudampally,0,0
36,Telangana,687,Jayashankar Bhupalapally,4680,4,Mogullapally,9,4680
27,Maharashtra,471,Bhandara,4038,1,Mohadi,2,4038
1,Jammu And Kashmir,4,Doda,6750,3,Mohalla,0,0
9,Uttar Pradesh,146,Ghazipur,990,10,Mohammadabad,4,990
36,Telangana,512,Mahabubnagar,7187,1,Mohammadabad,0,0
19,West Bengal,307,Birbhum,2257,1,Mohammad Bazar,9,2257
20,Jharkhand,338,Palamu,2617,1,Mohammad Ganj,0,2617
36,Telangana,685,Kamareddy,7520,1,Mohammadnagar,0,0
9,Uttar Pradesh,159,Kheri,800,45,Mohammdi,3,800
21,Odisha,353,Gajapati,3101,8,Mohana,2,3101
23,Madhya Pradesh,434,Tikamgarh,3419,3,Mohangarh,0,3419
10,Bihar,200,Kaimur (Bhabua),1449,1,Mohania,4,1449
9,Uttar Pradesh,162,Lucknow,822,1,Mohanlalganj,4,822
20,Jharkhand,324,Deoghar,2546,1,Mohanpur,2,2546
16,Tripura,272,West Tripura,6689,2,Mohanpur,1,0
19,West Bengal,318,Paschim Medinipur,2469,1,Mohanpur,52,2469
10,Bihar,196,Gaya,1509,1,Mohanpur,10,1509
10,Bihar,217,Samastipur,1293,1,Mohanpur,10,1293
33,Tamil Nadu,580,Namakkal,6635,1,Mohanur,0,0
10,Bihar,217,Samastipur,1294,1,Mohiuddinagar,11,1294
23,Madhya Pradesh,399,Chhindwara,3655,2,Mohkhed,0,3655
22,Chhattisgarh,761,Mohla-Manpur-Ambagarh Chouki,3308,2,Mohla,6,3308
6,Haryana,60,Faridabad,6435,1,Mohna St,0,0
27,Maharashtra,496,Solapur,4248,1,Mohol,5,4248
36,Telangana,518,Ranga Reddy,4528,1,Moinabad,17,4528
14,Manipur,252,Bishnupur,1875,1,Moirang,3,1875
10,Bihar,212,Patna,1420,1,Mokameh,23,1420
27,Maharashtra,665,Palghar,4161,2,Mokhada,5,4161
29,Karnataka,533,Chitradurga,5503,1,Molakalmuru,1,5503
23,Madhya Pradesh,430,Shajapur,3521,3,Moman Badodiya,6,3521
36,Telangana,698,Vikarabad,4513,2,Mominpet,2,4513
12,Arunachal Pradesh,725,Shi Yomi,1623,8,Monigong Eac,2,1623
13,Nagaland,247,Mon,1748,1,Mon Sadar,5,1748
13,Nagaland,247,Mon,1757,1,Monyakshu,14,1757
29,Karnataka,534,Dakshina Kannada,7102,2,Moodubidire,0,0
3,Punjab,43,Sangrur,274,1,Moonak,6,274
36,Telangana,512,Mahabubnagar,6260,2,Moosapet,0,0
28,Andhra Pradesh,510,Krishna,5036,1,Mopidevi,47,5036
12,Arunachal Pradesh,240,Upper Siang,1667,3,Mopom Adipasi Circle,0,1667
13,Nagaland,247,Mon,1755,1,Mopong,12,1755
21,Odisha,365,Mayurbhanj,2878,4,Morada,15,2878
9,Uttar Pradesh,171,Moradabad,719,2,Moradabad,2,719
18,Assam,286,Dibrugarh,2067,1,Moran,5,2067
2,Himachal Pradesh,19,Kinnaur,196,2,Morang,3,196
18,Assam,288,Golaghat,2086,1,Morangi,4,2086
23,Madhya Pradesh,407,Gwalior,7038,6,Morar,0,0
24,Gujarat,673,Morbi,7443,1,Morbi City,0,0
14,Manipur,716,Tengnoupal,6498,4,Moreh,0,0
23,Madhya Pradesh,417,Morena,3387,12,Morena,3,3387
23,Madhya Pradesh,417,Morena,7047,3,Morena Nagar,0,0
5,Uttarakhand,57,Uttarkashi,279,4,Mori,0,279
3,Punjab,42,Rupnagar,6857,3,Morinda,0,0
30,Goa,552,South Goa,5615,1,Mormugao,1,5615
6,Haryana,70,Panchkula,6461,1,Morni St,0,0
27,Maharashtra,468,Amravati,4006,1,Morshi,6,4006
36,Telangana,516,Nizamabad,4362,3,Morthad,6,4362
24,Gujarat,673,Morbi,3799,3,Morvi,2,3799
10,Bihar,217,Samastipur,1291,1,Morwa,8,1291
24,Gujarat,454,Panch Mahals,3884,2,Morwa (Hadaf),6,3884
36,Telangana,516,Nizamabad,6668,1,Mosara,0,0
36,Telangana,697,Yadadri Bhuvanagiri,6309,2,Motakonduru,0,0
27,Maharashtra,472,Buldhana,3980,1,Motala,6,3980
9,Uttar Pradesh,153,Jhansi,856,1,Moth,1,856
36,Telangana,696,Suryapet,4640,2,Mothey,28,4640
36,Telangana,697,Yadadri Bhuvanagiri,4625,3,Mothkur,13,4625
10,Bihar,213,Purbi Champaran,1041,1,Motihari,11,1041
21,Odisha,364,Malkangiri,3230,5,Motu,8,3230
1,Jammu And Kashmir,14,Udhampur,6734,1,Moungri,0,0
28,Andhra Pradesh,510,Krishna,5032,1,Movva,43,5032
19,West Bengal,317,Purba Medinipur,2476,1,Moyna,29,2476
14,Manipur,254,Churachandpur,6504,1,Mualnuam,0,0
29,Karnataka,527,Belagavi,7099,5,Mudalgi,0,0
28,Andhra Pradesh,504,Y.S.R. Kadapa,5216,1,Muddanur,18,5216
29,Karnataka,530,Vijayapura,5453,4,Muddebihal,5,5453
29,Karnataka,524,Bagalkote,5445,3,Mudhol,3,5445
36,Telangana,680,Nirmal,4341,3,Mudhole,37,4341
29,Karnataka,532,Chikkamagaluru,5531,3,Mudigere,7,5531
36,Telangana,509,Khammam,4758,1,Mudigonda,36,4758
28,Andhra Pradesh,754,Sri Sathya Sai,5339,2,Mudigubba,36,5339
28,Andhra Pradesh,748,Eluru,5020,2,Mudinepalle,31,5020
27,Maharashtra,485,Nanded,4101,1,Mudkhed,7,4101
36,Telangana,700,Medchal Malkajgiri,6671,1,Muduchinthalapally,0,0
33,Tamil Nadu,583,Ramanathapuram,5857,1,Mudukulathur,3,5857
1,Jammu And Kashmir,620,Kishtwar,6764,2,Mugal Maidan,0,0
36,Telangana,516,Nizamabad,6235,1,Mugpal,0,0
9,Uttar Pradesh,168,Mau,974,1,Muhammadabad Gohna,4,974
10,Bihar,196,Gaya,1492,1,Muhra,6,1492
22,Chhattisgarh,386,Raigarh,7300,1,Mukdega,0,0
3,Punjab,33,Hoshiarpur,215,1,Mukerian,2,215
27,Maharashtra,485,Nanded,4109,1,Mukhed,15,4109
27,Maharashtra,478,Jalgaon,3963,1,Muktainagar (Edlabad),4,3963
12,Arunachal Pradesh,238,Tawang,1563,5,Mukto Circle,6,1563
32,Kerala,566,Thrissur,5656,2,Mukundapuram,5,5656
27,Maharashtra,473,Chandrapur,4072,2,Mul,9,4072
28,Andhra Pradesh,520,Visakhapatnam,6839,1,Mulagada,0,0
28,Andhra Pradesh,753,Annamayya,5367,2,Mulakalacheruvu,1,5367
6,Haryana,58,Ambala,6430,1,Mulana St,0,0
29,Karnataka,542,Kolar,5594,2,Mulbagal,11,5594
27,Maharashtra,475,Gadchiroli,4059,1,Mulchera,8,4059
24,Gujarat,460,Surendranagar,3793,2,Muli,6,3793
36,Telangana,690,Bhadradri Kothagudem,4748,3,Mulkalapally,26,4748
29,Karnataka,534,Dakshina Kannada,7198,2,Mulki,0,0
27,Maharashtra,490,Pune,4192,1,Mulshi,6,4192
23,Madhya Pradesh,394,Betul,3604,13,Multai,4,3604
2,Himachal Pradesh,18,Kangra,113,3,Multhan,19,113
36,Telangana,692,Siddipet,4486,3,Mulug,36,4486
36,Telangana,720,Mulugu,4689,4,Mulug,18,4689
28,Andhra Pradesh,747,Dr. B.R. Ambedkar Konaseema,4932,2,Mummidivaram,48,4932
36,Telangana,696,Suryapet,4642,2,Munagala,30,4642
28,Andhra Pradesh,744,Anakapalli,4877,2,Munagapaka,37,4877
28,Andhra Pradesh,745,Alluri Sitharama Raju,4841,2,Munchingi Puttu,1,4841
29,Karnataka,537,Gadag,5472,1,Mundargi,5,5472
8,Rajasthan,770,Khairthal-Tijara,494,3,Mundawar,2,494
29,Karnataka,550,Uttara Kannada,5482,1,Mundgod,5,5482
23,Madhya Pradesh,405,Khandwa (East Nimar),7411,7,Mundi,0,0
7,Delhi,794,Outer North,7583,3,Mundka,0,0
28,Andhra Pradesh,517,Prakasam,5113,1,Mundlamuru,17,5113
24,Gujarat,449,Kachchh,3730,1,Mundra,9,3730
8,Rajasthan,110,Nagaur,6378,2,Mundwa,0,0
23,Madhya Pradesh,391,Ashoknagar,3688,8,Mungaoli,6,3688
22,Chhattisgarh,647,Mungeli,3292,3,Mungeli,4,3292
10,Bihar,207,Munger,1356,1,Munger,1,1356
21,Odisha,370,Rayagada,3173,8,Muniguda,2,3173
36,Telangana,691,Sangareddy,4477,3,Munipally,27,4477
5,Uttarakhand,53,Pithoragarh,315,21,Munsiari,1,315
36,Telangana,514,Nalgonda,4647,2,Munugode,35,4647
36,Telangana,516,Nizamabad,6238,1,Mupkal,0,0
28,Andhra Pradesh,751,Palnadu,5068,2,Muppalla,29,5068
19,West Bengal,307,Birbhum,2249,1,Murarai - I,1,2249
19,West Bengal,307,Birbhum,2250,1,Murarai - II,2,2250
27,Maharashtra,497,Thane,4171,1,Murbad,15,4171
20,Jharkhand,606,Khunti,2703,1,Murhu,16,2703
21,Odisha,345,Balangir,7454,6,Muribahal,0,0
10,Bihar,205,Madhepura,1164,1,Murliganj,7,1164
19,West Bengal,319,Murshidabad,2237,1,Murshidabad Jiaganj,15,2237
27,Maharashtra,467,Akola,3992,1,Murtijapur,5,3992
27,Maharashtra,491,Raigad,4178,1,Murud,7,4178
23,Madhya Pradesh,413,Katni,3620,5,Murwara Or Katni,1,3620
20,Jharkhand,327,East Singhbum,2609,1,Musabani,5,2609
9,Uttar Pradesh,640,Amethi,912,28,Musafirkhana,1,912
10,Bihar,208,Muzaffarpur,1212,1,Musahri,14,1212
36,Telangana,507,Hyderabad,4501,1,Musheerabad,6,4501
33,Tamil Nadu,591,Tiruchirappalli,5774,1,Musiri,2,5774
5,Uttarakhand,49,Dehradun,7393,2,Mussoorie,0,0
36,Telangana,683,Rajanna Sircilla,4434,2,Mustabad,41,4434
28,Andhra Pradesh,748,Eluru,5002,2,Musunuru,13,5002
36,Telangana,687,Jayashankar Bhupalapally,4404,5,Mutharam Mahadevpur,12,4404
36,Telangana,682,Peddapalli,4406,3,Mutharam (Manthani),14,4406
28,Andhra Pradesh,515,Sri Potti Sriramulu Nellore,5181,1,Muthukur,29,5181
33,Tamil Nadu,590,Thiruvarur,7408,4,Muthupettai,0,0
32,Kerala,555,Ernakulam,5662,1,Muvattupuzha,6,5662
9,Uttar Pradesh,172,Muzaffarnagar,708,1,Muzaffarnagar,3,708
33,Tamil Nadu,568,Chennai,7170,2,Mylapore,0,0
28,Andhra Pradesh,504,Y.S.R. Kadapa,5200,1,Mylavaram,2,5200
28,Andhra Pradesh,749,Ntr,4995,2,Mylavaram,6,4995
17,Meghalaya,274,East Khasi Hills,1989,5,Mylliem,2,1989
29,Karnataka,545,Mysuru,5572,2,Mysuru,4,5572
19,West Bengal,320,Nadia,2307,1,Nabadwip,9,2307
19,West Bengal,319,Murshidabad,2238,1,Nabagram,16,2238
21,Odisha,366,Nabarangpur,3196,6,Nabarangapur P.S,9,3196
3,Punjab,41,Patiala,252,1,Nabha,2,252
10,Bihar,189,Aurangabad,1483,1,Nabinagar,8,1483
12,Arunachal Pradesh,241,Upper Subansiri,1609,2,Nacho Sdo,3,1609
2,Himachal Pradesh,17,Hamirpur,141,12,Nadaun,2,141
8,Rajasthan,91,Bharatpur,509,1,Nadbai,5,509
28,Andhra Pradesh,751,Palnadu,5069,2,Nadendla,30,5069
24,Gujarat,450,Kheda,3876,3,Nadiad,8,3876
24,Gujarat,450,Kheda,6531,1,Nadiad City,0,0
36,Telangana,696,Suryapet,4641,3,Nadigudem,29,4641
36,Telangana,686,Hanumakonda,6547,4,Nadikuda,0,0
8,Rajasthan,108,Karauli,521,3,Nadoti,2,521
18,Assam,301,Sonitpur,7416,4,Naduar,0,0
18,Assam,705,Biswanath,2044,10,Na-Duar,4,2044
12,Arunachal Pradesh,787,Bichom,1568,9,Nafra Adc,2,1568
28,Andhra Pradesh,752,Tirupati,5403,2,Nagalapuram,37,5403
36,Telangana,691,Sangareddy,6280,1,Nagalgidda,0,0
29,Karnataka,544,Mandya,5547,1,Nagamangala,2,5547
18,Assam,297,Nagaon,2035,1,Nagaon,5,2035
33,Tamil Nadu,579,Nagapattinam,5799,1,Nagapattinam,4,5799
27,Maharashtra,466,Ahilyanagar,4209,1,Nagar,9,4209
8,Rajasthan,767,Deeg,507,6,Nagar,3,507
28,Andhra Pradesh,750,Bapatla,5095,2,Nagaram,56,5095
36,Telangana,696,Suryapet,6298,1,Nagaram,0,0
18,Assam,291,Kamrup,2123,1,Nagarbera,7,2123
8,Rajasthan,116,Tonk,7155,12,Nagarfort,0,0
28,Andhra Pradesh,503,Chittoor,5406,1,Nagari,40,5406
36,Telangana,694,Nagarkurnool,4583,3,Nagarkurnool,35,4583
10,Bihar,209,Nalanda,1379,1,Nagar Nausa,2,1379
20,Jharkhand,328,Garhwa,2503,1,Nagaruntari,6,2503
8,Rajasthan,110,Nagaur,560,6,Nagaur,4,560
28,Andhra Pradesh,510,Krishna,5038,1,Nagayalanka,49,5038
27,Maharashtra,473,Chandrapur,4066,2,Nagbhid,3,4066
23,Madhya Pradesh,435,Ujjain,3509,3,Nagda,2,3509
9,Uttar Pradesh,132,Bijnor,714,1,Nagina,3,714
6,Haryana,604,Nuh,6477,1,Nagina St,0,0
13,Nagaland,247,Mon,1744,1,Naginimora,1,1744
36,Telangana,685,Kamareddy,4387,3,Nagireddypet,31,4387
23,Madhya Pradesh,426,Satna,3464,2,Nagod,2,3464
27,Maharashtra,484,Nagpur,4031,1,Nagpur (Rural),9,4031
27,Maharashtra,484,Nagpur,4032,1,Nagpur (Urban),10,4032
10,Bihar,218,Saran,1259,1,Nagra,12,1259
19,West Bengal,314,Jalpaiguri,2169,1,Nagrakata,4,2169
20,Jharkhand,339,Ranchi,2692,1,Nagri,0,2692
22,Chhattisgarh,377,Dhamtari,3347,6,Nagri,3,3347
1,Jammu And Kashmir,7,Kathua,6727,3,Nagri Parole,0,0
1,Jammu And Kashmir,5,Jammu,6711,2,Nagrota,0,0
2,Himachal Pradesh,18,Kangra,101,16,Nagrota Bagwan,0,101
2,Himachal Pradesh,18,Kangra,6895,7,Nagrota Surian,0,0
1,Jammu And Kashmir,620,Kishtwar,6768,1,Nagseni,0,0
28,Andhra Pradesh,517,Prakasam,5126,1,Naguluppala Padu,30,5126
2,Himachal Pradesh,24,Sirmaur,172,3,Nahan,6,172
18,Assam,286,Dibrugarh,2069,1,Naharkatiya,7,2069
12,Arunachal Pradesh,237,Papum Pare,1596,13,Naharlagun Eac,2,1596
6,Haryana,72,Rewari,6465,1,Nahar St,0,0
28,Andhra Pradesh,752,Tirupati,5194,2,Naidupet,42,5194
27,Maharashtra,485,Nanded,4106,1,Naigaon (Khairgaon),12,4106
23,Madhya Pradesh,766,MAUGANJ,3478,5,Naigarhi,0,3478
2,Himachal Pradesh,15,Bilaspur,155,2,Naina Devi,3,155
5,Uttarakhand,55,Tehri Garhwal,6337,3,Nainbag,0,0
5,Uttarakhand,51,Nainital,340,4,Nainital,2,340
23,Madhya Pradesh,415,Mandla,3646,2,Nainpur,4,3646
8,Rajasthan,94,Bundi,623,1,Nainwa,2,623
23,Madhya Pradesh,391,Ashoknagar,6973,3,Nai Sarai,0,0
7,Delhi,84,South West,451,4,Najafgarh,1,451
9,Uttar Pradesh,132,Bijnor,712,1,Najibabad,1,712
19,West Bengal,320,Nadia,2304,1,Nakashipara,6,2304
24,Gujarat,449,Kachchh,3727,1,Nakhatrana,6,3727
28,Andhra Pradesh,744,Anakapalli,4880,3,Nakkapalli,40,4880
3,Punjab,34,Jalandhar,210,1,Nakodar,2,210
36,Telangana,514,Nalgonda,4636,1,Nakrekal,24,4636
21,Odisha,371,Sambalpur,2798,3,Naktideul,6,2798
9,Uttar Pradesh,177,Saharanpur,703,1,Nakur,3,703
20,Jharkhand,333,Jamtara,2679,1,Nala,13,2679
2,Himachal Pradesh,25,Solan,161,13,Nalagarh,3,161
18,Assam,298,Nalbari,2136,1,Nalbari,7,2136
36,Telangana,514,Nalgonda,4646,1,Nalgonda,34,4646
19,West Bengal,307,Birbhum,2251,1,Nalhati - I,3,2251
19,West Bengal,307,Birbhum,2252,1,Nalhati - II,4,2252
23,Madhya Pradesh,667,Agar-Malwa,3516,2,Nalkheda,2,3516
36,Telangana,522,Warangal,4692,2,Nallabelli,21,4692
28,Andhra Pradesh,754,Sri Sathya Sai,5359,3,Nallachervu,56,5359
28,Andhra Pradesh,505,East Godavari,4956,2,Nallajerla,13,4956
28,Andhra Pradesh,754,Sri Sathya Sai,5344,2,Nallamada,41,5344
33,Tamil Nadu,571,Dharmapuri,6623,1,Nallampalli,0,0
33,Tamil Nadu,580,Namakkal,5747,4,Namakkal,3,5747
33,Tamil Nadu,573,Erode,6638,1,Nambiyur,0,0
14,Manipur,252,Bishnupur,1873,1,Nambol,1,1873
28,Andhra Pradesh,754,Sri Sathya Sai,5341,3,Nambulapulakunta,38,5341
11,Sikkim,227,Namchi,1551,6,Namchi,1,1551
17,Meghalaya,275,West Jaintia Hills,7335,2,Namdong,0,0
2,Himachal Pradesh,15,Bilaspur,157,21,Namhol,0,157
19,West Bengal,304,South 24 Parganas,2439,1,Namkhana,28,2439
20,Jharkhand,339,Ranchi,2690,1,Namkum,7,2690
36,Telangana,507,Hyderabad,4504,1,Nampally,9,4504
36,Telangana,514,Nalgonda,4654,2,Nampally,42,4654
12,Arunachal Pradesh,229,Changlang,1676,7,Nampong Sdo,5,1676
12,Arunachal Pradesh,678,Namsai,1732,6,Namsai Hq,12,1732
13,Nagaland,615,Longleng,1831,1,Namsang,0,1831
12,Arunachal Pradesh,232,East Siang,6115,2,Namsing Circle,0,0
11,Sikkim,227,Namchi,7542,1,Namthang,0,0
12,Arunachal Pradesh,229,Changlang,6580,1,Namtok Eac,0,0
5,Uttarakhand,56,Udham Singh Nagar,6364,5,Nanakmatta,0,0
24,Gujarat,462,Valsad,7547,6,Nanapodha,0,0
35,Andaman And Nicobar Islands,603,Nicobars,5917,1,Nancowry,0,5917
21,Odisha,366,Nabarangpur,7481,5,Nandahandi,0,0
19,West Bengal,317,Purba Medinipur,2474,1,Nanda Kumar,27,2474
28,Andhra Pradesh,504,Y.S.R. Kadapa,5243,3,Nandalur,45,5243
21,Odisha,363,Koraput,3214,12,Nandapur,10,3214
28,Andhra Pradesh,511,Kurnool,5255,1,Nandavaram,6,5255
27,Maharashtra,485,Nanded,4100,1,Nanded,6,4100
27,Maharashtra,487,Nashik,4147,1,Nandgaon,6,4147
27,Maharashtra,468,Amravati,4012,1,Nandgaon-Khandeshwar,12,4012
22,Chhattisgarh,650,Bemetara,7248,2,Nandghat,0,0
28,Andhra Pradesh,519,Srikakulam,4782,1,Nandigam,14,4782
36,Telangana,518,Ranga Reddy,6321,2,Nandigama,0,0
28,Andhra Pradesh,749,Ntr,4993,2,Nandigama,4,4993
19,West Bengal,317,Purba Medinipur,2484,1,Nandigram - I,43,2484
19,West Bengal,317,Purba Medinipur,2485,1,Nandigram - II,44,2485
28,Andhra Pradesh,755,Nandyal,5260,2,Nandikotkur,11,5260
36,Telangana,516,Nizamabad,4359,2,Nandipet,3,4359
28,Andhra Pradesh,510,Krishna,5014,1,Nandivada,25,5014
24,Gujarat,452,Narmada,3910,2,Nandod,2,3910
5,Uttarakhand,47,Chamoli,6344,7,Nandprayag,0,0
27,Maharashtra,472,Buldhana,3978,1,Nandura,4,3978
27,Maharashtra,486,Nandurbar,3954,1,Nandurbar,5,3954
28,Andhra Pradesh,755,Nandyal,5284,6,Nandyal Rural,35,5284
28,Andhra Pradesh,755,Nandyal,7425,4,Nandyal Urban,0,0
3,Punjab,42,Rupnagar,263,1,Nangal,0,263
6,Haryana,69,Mahendragarh,6456,1,Nangal Chawdhary,0,0
8,Rajasthan,97,Dausa,6053,6,Nangal Rajawatan,0,0
7,Delhi,82,North West,7595,2,Nangloi Jat,0,0
36,Telangana,692,Siddipet,4461,2,Nangnoor,12,4461
33,Tamil Nadu,592,Tirunelveli,5879,2,Nanguneri,10,5879
22,Chhattisgarh,374,Bastar,7313,3,Nangur,0,0
29,Karnataka,545,Mysuru,5574,2,Nanjangud,6,5574
2,Himachal Pradesh,23,Shimla,178,2,Nankhari,2,178
33,Tamil Nadu,590,Thiruvarur,5805,1,Nannilam,3,5805
19,West Bengal,307,Birbhum,2263,1,Nanoor,15,2263
9,Uttar Pradesh,125,Bahraich,919,9,Nanpara,1,919
10,Bihar,221,Sitamarhi,1078,1,Nanpur,16,1078
18,Assam,295,Lakhimpur,2050,1,Naobaicha,3,2050
10,Bihar,191,Begusarai,1315,1,Naokothi,12,1315
2,Himachal Pradesh,24,Sirmaur,6954,3,Narag,0,0
6,Haryana,58,Ambala,358,1,Naraingarh,1,358
9,Uttar Pradesh,128,Banda,874,40,Naraini,4,874
21,Odisha,358,Kalahandi,3161,3,Narala,6,3161
28,Andhra Pradesh,519,Srikakulam,4799,1,Narasannapeta,31,4799
28,Andhra Pradesh,523,West Godavari,4987,1,Narasapuram,44,4987
28,Andhra Pradesh,751,Palnadu,5067,2,Narasaraopet,28,5067
29,Karnataka,532,Chikkamagaluru,5527,1,Narasimharajapura,3,5527
36,Telangana,692,Siddipet,6670,1,Narayanaraopet,0,0
28,Andhra Pradesh,752,Tirupati,5400,2,Narayanavanam,34,5400
5,Uttarakhand,47,Chamoli,6333,9,Narayanbagar,0,0
23,Madhya Pradesh,415,Mandla,3642,2,Narayanganj,0,3642
19,West Bengal,318,Paschim Medinipur,2465,1,Narayangarh,32,2465
36,Telangana,691,Sangareddy,4452,4,Narayankhed,3,4452
21,Odisha,363,Koraput,3204,2,Narayanpatana,6,3204
36,Telangana,721,Narayanpet,4570,2,Narayanpet,22,4570
20,Jharkhand,333,Jamtara,2676,1,Narayanpur,11,2676
18,Assam,295,Lakhimpur,2048,1,Narayanpur,1,2048
22,Chhattisgarh,637,Narayanpur,3367,4,Narayanpur,2,3367
10,Bihar,192,Bhagalpur,1329,1,Narayanpur,1,1329
36,Telangana,697,Yadadri Bhuvanagiri,4648,3,Narayanpur,36,4648
8,Rajasthan,782,Kotputli-Behror,6936,6,Narayanpur,0,0
1,Jammu And Kashmir,2,Budgam,6813,4,Narbal,0,0
10,Bihar,210,Nawada,1511,1,Nardiganj,1,1511
7,Delhi,794,Outer North,430,10,Narela,1,430
5,Uttarakhand,55,Tehri Garhwal,299,11,Narendra Nagar,5,299
29,Karnataka,537,Gadag,5468,1,Nargund,1,5468
22,Chhattisgarh,381,Uttar Bastar Kanker,3352,2,Narharpur,4,3352
10,Bihar,210,Nawada,1521,1,Narhat,11,1521
12,Arunachal Pradesh,719,Lower Siang,1651,8,Nari Adc,7,1651
10,Bihar,213,Purbi Champaran,1036,1,Narkatia,6,1036
10,Bihar,211,Pashchim Champaran,1017,1,Narkatiaganj,5,1017
36,Telangana,514,Nalgonda,4634,2,Narketpally,22,4634
27,Maharashtra,484,Nagpur,4023,1,Narkhed,1,4023
36,Telangana,689,Jangoan,4675,3,Narmetta,4,4675
6,Haryana,69,Mahendragarh,412,5,Narnaul,2,412
6,Haryana,792,Hansi,395,4,Narnaund,3,395
36,Telangana,501,Adilabad,4312,2,Narnoor,8,4312
28,Andhra Pradesh,502,Ananthapuramu,5328,1,Narpala,25,5328
10,Bihar,188,Araria,1112,1,Narpatganj,1,1112
36,Telangana,522,Warangal,4708,1,Narsampet,37,4708
5,Uttarakhand,50,Haridwar,6352,3,Narsan,0,0
36,Telangana,513,Medak,4488,1,Narsapur,38,4488
36,Telangana,680,Nirmal,6208,2,Narsapur G,0,0
23,Madhya Pradesh,418,Narsimhapur,3636,2,Narsimhapur,3,3636
36,Telangana,688,Mahabubabad,4719,4,Narsimhulapet,48,4719
23,Madhya Pradesh,422,Rajgarh,3568,6,Narsinghgarh,6,3568
21,Odisha,350,Kataka,2944,2,Narsinghpur,18,2944
36,Telangana,513,Medak,6272,1,Narsingi,0,0
28,Andhra Pradesh,744,Anakapalli,4854,2,Narsipatnam,14,4854
36,Telangana,721,Narayanpet,4588,4,Narwa,40,4588
9,Uttar Pradesh,157,Kanpur Nagar,6163,3,Narwal,0,0
6,Haryana,65,Jind,382,4,Narwana,1,382
23,Madhya Pradesh,432,Shivpuri,3409,5,Narwar,3,3409
1,Jammu And Kashmir,3,Baramulla,7202,2,Narwav,0,0
27,Maharashtra,487,Nashik,4152,1,Nashik,11,4152
8,Rajasthan,86,Ajmer,611,3,Nasirabad,6,611
36,Telangana,684,Mancherial,6226,1,Naspur,0,0
10,Bihar,215,Rohtas,1463,1,Nasriganj,7,1463
36,Telangana,685,Kamareddy,6244,1,Nasurullabad,0,0
24,Gujarat,668,Chhotaudepur,3903,2,Nasvadi,7,3903
23,Madhya Pradesh,437,Vidisha,3575,4,Nateran,5,3575
33,Tamil Nadu,572,Dindigul,5763,1,Natham,4,5763
28,Andhra Pradesh,744,Anakapalli,4852,2,Nathavaram,12,4852
8,Rajasthan,112,Rajsamand,645,8,Nathdwara,7,645
10,Bihar,192,Bhagalpur,1339,1,Nathnagar,11,1339
6,Haryana,74,Sirsa,6470,1,Nathusari Chopta,0,0
33,Tamil Nadu,732,Tirupathur,5963,8,Natrampalli,0,0
10,Bihar,212,Patna,1404,1,Naubatpur,7,1404
10,Bihar,192,Bhagalpur,1332,1,Naugachhia,4,1332
8,Rajasthan,87,Alwar,7129,3,Nauganwa,0,0
21,Odisha,355,Jagatsinghapur,2942,2,Naugaon,0,2942
9,Uttar Pradesh,182,Siddharthnagar,933,1,Naugarh,2,933
9,Uttar Pradesh,135,Chandauli,6870,8,Naugarh,0,0
9,Uttar Pradesh,154,Amroha,6831,9,Naugawan Sadat,0,0
10,Bihar,215,Rohtas,1469,1,Nauhatta,1,1469
10,Bihar,216,Saharsa,1171,1,Nauhatta,1,1171
10,Bihar,211,Pashchim Champaran,1030,1,Nautan,18,1030
10,Bihar,222,Siwan,1229,1,Nautan,18,1229
9,Uttar Pradesh,164,Mahrajganj,944,2,Nautanwa,1,944
29,Karnataka,536,Dharwad,5474,3,Navalgund,2,5474
36,Telangana,516,Nizamabad,4358,1,Navipet,2,4358
24,Gujarat,453,Navsari,3922,1,Navsari,1,3922
8,Rajasthan,768,Didwana-Kuchaman,566,7,Nawa,10,566
20,Jharkhand,338,Palamu,2625,1,Nawa Bazar,0,2625
9,Uttar Pradesh,129,Bara Banki,898,1,Nawabganj,5,898
9,Uttar Pradesh,130,Bareilly,788,1,Nawabganj,5,788
36,Telangana,512,Mahabubnagar,4556,4,Nawabpet,8,4556
36,Telangana,698,Vikarabad,4514,2,Nawabpet,3,4514
10,Bihar,210,Nawada,1512,1,Nawada,2,1512
20,Jharkhand,322,Bokaro,2588,1,Nawadih,1,2588
20,Jharkhand,338,Palamu,2621,1,Nawadiha Bazar/Nawadiha*,0,2621
22,Chhattisgarh,650,Bemetara,3311,4,Nawagarh,1,3311
22,Chhattisgarh,379,Janjgir-Champa,3280,4,Nawagarh,2,3280
8,Rajasthan,106,Jhunjhunu,491,1,Nawalgarh,5,491
10,Bihar,194,Buxar,1445,1,Nawanagar,11,1445
3,Punjab,40,Shahid Bhagat Singh Nagar,218,2,Nawanshahr,1,218
27,Maharashtra,486,Nandurbar,3955,1,Nawapur,6,3955
19,West Bengal,319,Murshidabad,2243,1,Nawda,21,2243
19,West Bengal,309,Darjeeling,2163,3,Naxalbari,10,2163
22,Chhattisgarh,762,Sakti,7267,8,Naya Baradwar,0,0
8,Rajasthan,117,Udaipur,7157,4,Nayagaon,0,0
21,Odisha,367,Nayagada,3028,4,Nayagarh,5,3028
19,West Bengal,703,Jhargram,2458,2,Nayagram,18,2458
18,Assam,300,Sivasagar,2073,3,Nazira,4,2073
8,Rajasthan,114,Sikar,7153,10,Nechhwa,0,0
32,Kerala,565,Thiruvananthapuram,5690,3,Nedumangad,2,5690
33,Tamil Nadu,590,Thiruvarur,5807,2,Needamangalam,5,5807
10,Bihar,196,Gaya,1491,1,Neem Chak Bathani,5,1491
8,Rajasthan,114,Sikar,556,8,Neem Ka Thana,6,556
8,Rajasthan,782,Kotputli-Behror,6380,6,Neemrana,0,0
23,Madhya Pradesh,419,Neemuch,3489,4,Neemuch,2,3489
23,Madhya Pradesh,419,Neemuch,7035,2,Neemuch Nagar,0,0
28,Andhra Pradesh,751,Palnadu,5060,2,Nekarikallu,21,5060
36,Telangana,522,Warangal,4713,1,Nekkonda,42,4713
36,Telangana,509,Khammam,4759,2,Nelakondapalli,37,4759
29,Karnataka,526,Bengaluru Rural,5601,3,Nelamangala,1,5601
36,Telangana,688,Mahabubabad,4716,4,Nellikudur,45,4716
28,Andhra Pradesh,521,Vizianagaram,4837,1,Nellimarla,31,4837
28,Andhra Pradesh,515,Sri Potti Sriramulu Nellore,5177,3,Nellore Rural,25,5177
28,Andhra Pradesh,515,Sri Potti Sriramulu Nellore,7182,1,Nellore Urban,0,0
33,Tamil Nadu,731,Ranipet,6664,12,Nemili,0,0
36,Telangana,684,Mancherial,4331,3,Nennel,27,4331
23,Madhya Pradesh,397,Burhanpur,3721,6,Nepanagar,5,3721
27,Maharashtra,500,Yavatmal,4079,1,Ner,1,4079
36,Telangana,501,Adilabad,4325,1,Neradigonda,21,4325
36,Telangana,696,Suryapet,4665,5,Nereducherla,53,4665
36,Telangana,514,Nalgonda,6308,1,Neredugommu,0,0
2,Himachal Pradesh,23,Shimla,187,3,Nerwa,11,187
24,Gujarat,442,Bharuch,6170,1,Netrang,0,0
19,West Bengal,321,Purulia,2383,1,Neturia,6,2383
27,Maharashtra,466,Ahilyanagar,4206,1,Nevasa,6,4206
7,Delhi,79,New Delhi,7593,1,New Delhi,0,0
12,Arunachal Pradesh,719,Lower Siang,6575,1,New Seren Circle,0,0
32,Kerala,565,Thiruvananthapuram,5692,3,Neyyattinkara,4,5692
15,Mizoram,727,Saitual,1906,3,Ngopa,1,1906
13,Nagaland,249,Tuensang,1818,1,Ngoungchung,0,1818
21,Odisha,350,Kataka,2967,3,Niali,5,2967
2,Himachal Pradesh,19,Kinnaur,198,6,Nichar,5,198
9,Uttar Pradesh,164,Mahrajganj,945,1,Nichlaul,2,945
28,Andhra Pradesh,505,East Godavari,4960,2,Nidadavole,17,4960
29,Karnataka,530,Vijayapura,7075,4,Nidagundi,0,0
28,Andhra Pradesh,748,Eluru,4968,2,Nidamarru,25,4968
36,Telangana,514,Nalgonda,4661,4,Nidmanoor,49,4661
6,Haryana,67,Karnal,6451,1,Nigdu St,0,0
9,Uttar Pradesh,159,Kheri,797,28,Nighasan,1,797
3,Punjab,38,Moga,231,1,Nihal Singhwala,1,231
13,Nagaland,764,Niuland,1795,2,Nihokhu,3,1795
2,Himachal Pradesh,22,Mandi,138,14,Nihri,15,138
12,Arunachal Pradesh,243,West Siang,6587,4,Nikte Kodum Circle,0,0
21,Odisha,346,Baleshwar,2903,4,Nilagiri,12,2903
33,Tamil Nadu,572,Dindigul,5767,1,Nilakkottai,7,5767
20,Jharkhand,338,Palamu,2632,1,Nilambar-Pitambarpur(Lesliganj),0,2632
18,Assam,293,Sribhumi,2103,1,Nilambazar,3,2103
32,Kerala,562,Malappuram,5642,1,Nilambur,2,5642
27,Maharashtra,481,Latur,4233,2,Nilanga,8,4233
12,Arunachal Pradesh,241,Upper Subansiri,6552,2,Nilling Circle,0,0
6,Haryana,67,Karnal,370,4,Nilokheri,1,370
21,Odisha,369,Puri,3058,3,Nimapada,3,3058
8,Rajasthan,95,Chittorgarh,663,1,Nimbahera,9,663
20,Jharkhand,341,Saraikela Kharsawan,2751,1,Nimdih,8,2751
28,Andhra Pradesh,753,Annamayya,5393,2,Nimmanapalle,27,5393
28,Andhra Pradesh,503,Chittoor,5404,1,Nindra,38,5404
27,Maharashtra,487,Nashik,4155,1,Niphad,14,4155
29,Karnataka,527,Belagavi,7105,3,Nippani,0,0
8,Rajasthan,97,Dausa,7211,5,Nirjharna,0,0
10,Bihar,223,Supaul,1101,1,Nirmali,1,1101
36,Telangana,680,Nirmal,6210,4,Nirmal Rural,0,0
36,Telangana,680,Nirmal,4344,6,Nirmal U,40,4344
2,Himachal Pradesh,20,Kullu,122,6,Nirmand,6,122
20,Jharkhand,325,Dhanbad,2587,3,Nirsa-Cum-Chirkunda,8,2587
21,Odisha,350,Kataka,2958,4,Nischintakoili,2,2958
6,Haryana,67,Karnal,6450,1,Nising St,0,0
2,Himachal Pradesh,20,Kullu,6886,3,Nither,0,0
13,Nagaland,764,Niuland,1792,3,Niuland,1,1792
8,Rajasthan,116,Tonk,617,2,Niwai,3,617
23,Madhya Pradesh,393,Barwani,3560,3,Niwali,5,3560
23,Madhya Pradesh,722,Niwari,3415,3,Niwari,1,3415
23,Madhya Pradesh,415,Mandla,3641,2,Niwas,1,3641
9,Uttar Pradesh,123,Azamgarh,967,6,Nizamabad,4,967
36,Telangana,516,Nizamabad,4368,6,Nizamabad North,12,4368
36,Telangana,516,Nizamabad,6233,1,Nizamabad Rural,0,0
36,Telangana,516,Nizamabad,6385,1,Nizamabad South,0,0
28,Andhra Pradesh,750,Bapatla,5094,2,Nizampatnam,55,5094
36,Telangana,513,Medak,6271,1,Nizampet,0,0
36,Telangana,691,Sangareddy,7535,2,Nizampet (28),0,0
36,Telangana,685,Kamareddy,4385,3,Nizamsagar,29,4385
24,Gujarat,641,Tapi,3942,2,Nizar,4,3942
20,Jharkhand,343,West Singhbhum,2736,1,Noamundi,15,2736
8,Rajasthan,101,Hanumangarh,471,1,Nohar,6,471
2,Himachal Pradesh,24,Sirmaur,168,6,Nohra,2,168
8,Rajasthan,93,Bikaner,477,3,Nokha,5,477
10,Bihar,215,Rohtas,1466,1,Nokha,10,1466
8,Rajasthan,90,Barmer,7132,8,Nokhra,0,0
13,Nagaland,736,Noklak,1823,2,Nokhu,0,1823
13,Nagaland,736,Noklak,1821,2,Noklak,8,1821
13,Nagaland,249,Tuensang,1814,1,Noksen,4,1814
17,Meghalaya,279,West Khasi Hills,1980,7,Nongstoin,2,1980
10,Bihar,209,Nalanda,1387,1,Noorsarai,10,1387
18,Assam,291,Kamrup,2126,4,North Guwahati,11,2126
18,Assam,295,Lakhimpur,2052,2,North Lakhimpur,5,2052
23,Madhya Pradesh,398,Chhatarpur,3427,1,Nowgong,3,3427
23,Madhya Pradesh,436,Umaria,3486,1,Nowrozabad,0,3486
1,Jammu And Kashmir,12,Rajouri,25,8,Nowshera,5,25
13,Nagaland,613,Peren,1855,1,Nsong,10,1855
21,Odisha,353,Gajapati,7504,3,Nuagad,0,0
21,Odisha,367,Nayagada,3025,3,Nuagaon,6,3025
10,Bihar,200,Kaimur (Bhabua),1447,1,Nuaon,2,1447
21,Odisha,368,Nuapada,3154,3,Nuapada,2,3154
6,Haryana,604,Nuh,422,3,Nuh,5,422
14,Manipur,714,Noney,1867,4,Nungba,4,1867
2,Himachal Pradesh,18,Kangra,93,40,Nurpur,1,93
36,Telangana,696,Suryapet,4621,4,Nuthanakal,9,4621
28,Andhra Pradesh,751,Palnadu,5063,2,Nuzendla,24,5063
28,Andhra Pradesh,748,Eluru,5003,3,Nuzividu,14,5003
36,Telangana,691,Sangareddy,4473,2,Nyalkal,23,4473
29,Karnataka,535,Davanagere,7076,4,Nyamathi,0,0
12,Arunachal Pradesh,233,Kurung Kumey,1706,5,Nyapin Adc,7,1706
12,Arunachal Pradesh,233,Kurung Kumey,6844,1,Nyobia Circle,0,0
37,Ladakh,9,Leh Ladakh,7162,3,Nyoma,0,0
10,Bihar,189,Aurangabad,1480,1,Obra,5,1480
9,Uttar Pradesh,184,Sonbhadra,7127,6,Obra,0,0
8,Rajasthan,99,Dungarpur,7384,5,Obri,0,0
28,Andhra Pradesh,754,Sri Sathya Sai,5358,2,Obuladevaracheruvu,55,5358
28,Andhra Pradesh,752,Tirupati,5248,3,Obulavaripalle,50,5248
21,Odisha,367,Nayagada,3031,5,Odagaon,7,3031
21,Odisha,352,Dhenkanal,7503,4,Odapada,0,0
33,Tamil Nadu,572,Dindigul,5761,1,Oddanchatram,2,5761
36,Telangana,682,Peddapalli,4426,2,Odela,33,4426
22,Chhattisgarh,648,Surajpur,3243,4,Odgi,0,3243
24,Gujarat,441,Banas Kantha,7557,6,Ogad,0,0
5,Uttarakhand,51,Nainital,6350,3,Okhalkanda,0,0
24,Gujarat,674,Devbhumi Dwarka,3812,2,Okhamandal,1,3812
12,Arunachal Pradesh,236,Lower Subansiri,6107,2,Old Ziro Sdo,0,0
24,Gujarat,459,Surat,3932,1,Olpad,1,3932
33,Tamil Nadu,584,Salem,5737,2,Omalur,2,5737
27,Maharashtra,488,Dharashiv,4243,2,Omarga,8,4243
19,West Bengal,305,Bankura,2370,1,Onda,15,2370
28,Andhra Pradesh,517,Prakasam,5139,5,Ongole Rural,43,5139
28,Andhra Pradesh,517,Prakasam,7430,4,Ongole Urban,0,0
13,Nagaland,246,Mokokchung,1766,1,Ongpangkong,8,1766
13,Nagaland,246,Mokokchung,5989,1,Ongpangkong (N),0,0
9,Uttar Pradesh,151,Jalaun,854,1,Orai,4,854
33,Tamil Nadu,586,Thanjavur,5815,3,Orathanadu,6,5815
22,Chhattisgarh,637,Narayanpur,3368,7,Orchha,2,3368
23,Madhya Pradesh,722,Niwari,3416,3,Orchha,0,3416
20,Jharkhand,339,Ranchi,2685,1,Ormanjhi,3,2685
28,Andhra Pradesh,511,Kurnool,5268,1,Orvakal,19,5268
8,Rajasthan,107,Jodhpur,568,12,Osian,2,568
33,Tamil Nadu,594,Thoothukkudi,5865,2,Ottapidaram,4,5865
32,Kerala,563,Palakkad,5647,2,Ottappalam,1,5647
34,Puducherry,600,Puducherry,5910,2,Oulgaret,3,5910
21,Odisha,346,Baleshwar,2905,4,Oupada,14,2905
28,Andhra Pradesh,755,Nandyal,5295,2,Owk,46,5295
12,Arunachal Pradesh,232,East Siang,1654,2,Oyan Circle,10,1654
28,Andhra Pradesh,752,Tirupati,5189,3,Ozili,37,5189
10,Bihar,197,Gopalganj,1218,1,Pach Deuri,4,1218
2,Himachal Pradesh,24,Sirmaur,169,5,Pachhad,3,169
18,Assam,298,Nalbari,2133,2,Pachim Nalbari,4,2133
28,Andhra Pradesh,743,Parvathipuram Manyam,4818,2,Pachipenta,12,4818
27,Maharashtra,478,Jalgaon,3973,1,Pachora,14,3973
23,Madhya Pradesh,422,Rajgarh,3569,6,Pachore,0,3569
8,Rajasthan,775,Balotra,579,12,Pachpadra,3,579
8,Rajasthan,105,Jhalawar,682,1,Pachpahar,5,682
22,Chhattisgarh,375,Bilaspur,7349,2,Pachpedi,0,0
10,Bihar,222,Siwan,1237,1,Pachrukhi,9,1237
8,Rajasthan,100,Ganganagar,460,3,Padampur,4,460
21,Odisha,347,Baragada,2757,6,Padampur,3,2757
36,Telangana,694,Nagarkurnool,6294,1,Padara,0,0
24,Gujarat,457,Rajkot,3802,1,Paddhari,5,3802
28,Andhra Pradesh,745,Alluri Sitharama Raju,4847,2,Paderu,7,4847
2,Himachal Pradesh,22,Mandi,123,9,Padhar,1,123
20,Jharkhand,332,Hazaribagh,2646,1,Padma,3,2646
28,Andhra Pradesh,520,Visakhapatnam,4864,1,Padmanabham,24,4864
21,Odisha,370,Rayagada,3185,6,Padmapur,5,3185
24,Gujarat,461,Vadodara,3906,1,Padra,10,3906
9,Uttar Pradesh,160,Kushinagar,955,11,Padrauna,1,955
20,Jharkhand,338,Palamu,2627,1,Padwa,0,2627
28,Andhra Pradesh,755,Nandyal,5261,2,Pagidyala,12,5261
1,Jammu And Kashmir,1,Anantnag,53,9,Pahalgam,1,53
8,Rajasthan,767,Deeg,505,2,Pahari,1,505
10,Bihar,213,Purbi Champaran,1044,1,Paharpur,14,1044
1,Jammu And Kashmir,622,Kulgam,6194,4,Pahloo,0,0
21,Odisha,347,Baragada,2755,2,Paikmal,1,2755
9,Uttar Pradesh,128,Banda,6157,6,Pailani,0,0
27,Maharashtra,469,Chhatrapati Sambhajinagar,4141,1,Paithan,9,4141
2,Himachal Pradesh,24,Sirmaur,6955,2,Pajhota,0,0
28,Andhra Pradesh,752,Tirupati,5396,2,Pakala,30,5396
20,Jharkhand,342,Simdega,2719,1,Pakar Tanr,0,2719
20,Jharkhand,337,Pakur,2576,1,Pakaur,4,2576
22,Chhattisgarh,381,Uttar Bastar Kanker,3354,4,Pakhanjur,6,3354
12,Arunachal Pradesh,723,Pakke Kessang,1581,5,Pakke Kessang Eac,0,1581
12,Arunachal Pradesh,231,East Kameng,6848,2,Pakoti Circle,0,0
10,Bihar,210,Nawada,1515,1,Pakribarawan,5,1515
10,Bihar,213,Purbi Champaran,1052,1,Pakri Dayal,22,1052
20,Jharkhand,337,Pakur,2578,1,Pakuria,6,2578
11,Sikkim,741,Pakyong,1554,8,Pakyong,2,1554
28,Andhra Pradesh,523,West Godavari,4977,1,Palacoderu,34,4977
28,Andhra Pradesh,523,West Godavari,4988,1,Palacole,45,4988
36,Telangana,696,Suryapet,6301,2,Palakeedu,0,0
32,Kerala,563,Palakkad,5649,1,Palakkad,3,5649
33,Tamil Nadu,571,Dharmapuri,5885,2,Palakkodu,4,5885
28,Andhra Pradesh,743,Parvathipuram Manyam,4784,2,Palakonda,16,4784
36,Telangana,682,Peddapalli,6215,3,Palakurthy,0,0
36,Telangana,689,Jangoan,4697,3,Palakurthy,26,4697
21,Odisha,344,Anugola,3000,7,Palalahada,1,3000
27,Maharashtra,489,Parbhani,4123,1,Palam,8,4123
28,Andhra Pradesh,503,Chittoor,5422,1,Palamaner,56,5422
2,Himachal Pradesh,18,Kangra,111,50,Palampur,17,111
33,Tamil Nadu,572,Dindigul,5760,1,Palani,1,5760
24,Gujarat,441,Banas Kantha,3739,2,Palanpur,8,3739
24,Gujarat,441,Banas Kantha,7436,1,Palanpur City,0,0
22,Chhattisgarh,644,Balodabazar-Bhatapara,3327,2,Palari,4,3327
28,Andhra Pradesh,519,Srikakulam,4775,1,Palasa,7,4775
28,Andhra Pradesh,503,Chittoor,5432,1,Palasamudram,66,5432
18,Assam,291,Kamrup,2125,1,Palasbari,9,2125
10,Bihar,188,Araria,1119,1,Palasi,8,1119
33,Tamil Nadu,592,Tirunelveli,5877,1,Palayamkottai,8,5877
8,Rajasthan,99,Dungarpur,7212,3,Paldewal,0,0
23,Madhya Pradesh,434,Tikamgarh,3420,5,Palera,4,3420
27,Maharashtra,665,Palghar,4163,2,Palghar,7,4163
6,Haryana,72,Rewari,6418,5,Palhawas St,0,0
8,Rajasthan,111,Pali,601,8,Pali,5,601
9,Uttar Pradesh,161,Lalitpur,6881,12,Pali,0,0
23,Madhya Pradesh,436,Umaria,3485,1,Pali,0,3485
22,Chhattisgarh,383,Korba,3274,5,Pali,2,3274
9,Uttar Pradesh,159,Kheri,798,2,Palia,1,798
10,Bihar,212,Patna,1407,1,Paliganj,10,1407
36,Telangana,687,Jayashankar Bhupalapally,6250,2,Palimela,0,0
12,Arunachal Pradesh,677,Kra Daadi,1703,7,Palin Circle,4,1703
24,Gujarat,443,Bhavnagar,3858,2,Palitana,9,3858
20,Jharkhand,331,Gumla,2717,1,Palkot,11,2717
33,Tamil Nadu,634,Tiruppur,5905,1,Palladam,4,5905
33,Tamil Nadu,730,Chengalpattu,6629,3,Pallavaram,0,0
12,Arunachal Pradesh,240,Upper Siang,1660,3,Palling Circle,3,1660
33,Tamil Nadu,589,Thiruvallur,5697,2,Pallipattu,5,5697
8,Rajasthan,101,Hanumangarh,7213,2,Pallu,0,0
20,Jharkhand,324,Deoghar,2554,1,Palojori,8,2554
24,Gujarat,459,Surat,3939,1,Palsana,11,3939
27,Maharashtra,493,Sangli,4297,1,Palus,3,4297
36,Telangana,690,Bhadradri Kothagudem,4737,3,Palvoncha,15,4737
6,Haryana,619,Palwal,427,3,Palwal,3,427
36,Telangana,685,Kamareddy,7519,1,Palwancha,0,0
28,Andhra Pradesh,510,Krishna,5028,1,Pamarru,39,5028
22,Chhattisgarh,379,Janjgir-Champa,3283,1,Pamgarh,5,3283
28,Andhra Pradesh,502,Ananthapuramu,5315,1,Pamidi,12,5315
28,Andhra Pradesh,510,Krishna,5026,1,Pamidimukkala,37,5026
1,Jammu And Kashmir,11,Pulwama,48,7,Pampore,1,48
28,Andhra Pradesh,755,Nandyal,5266,2,Pamulapadu,17,5266
28,Andhra Pradesh,790,Markapuram,5146,2,Pamur,50,5146
23,Madhya Pradesh,411,Jabalpur,3632,18,Panagar,0,3632
10,Bihar,218,Saran,1249,1,Panapur,2,1249
1,Jammu And Kashmir,14,Udhampur,6735,1,Panchari,0,0
6,Haryana,70,Panchkula,357,4,Panchkula,2,357
19,West Bengal,313,Howrah,2405,1,Panchla,8,2405
2,Himachal Pradesh,18,Kangra,6899,9,Panchrukhi,0,0
19,West Bengal,704,Paschim Bardhaman,2273,3,Pandabeswar,6,2273
10,Bihar,212,Patna,1418,1,Pandarak,21,1418
22,Chhattisgarh,382,Kabeerdham,3301,6,Pandariya,2,3301
10,Bihar,206,Madhubani,1094,1,Pandaul,15,1094
29,Karnataka,544,Mandya,5548,1,Pandavapura,3,5548
23,Madhya Pradesh,405,Khandwa (East Nimar),3718,3,Pandhana,3,3718
27,Maharashtra,496,Solapur,4249,1,Pandharpur,6,4249
23,Madhya Pradesh,785,Pandhurna,3658,3,Pandhurna,9,3658
9,Uttar Pradesh,135,Chandauli,6869,13,Pandit Deendayal Upadhyay Nagar,0,0
20,Jharkhand,338,Palamu,2622,1,Pandu,4,2622
19,West Bengal,312,Hooghly,2344,1,Pandua,7,2344
36,Telangana,693,Wanaparthy,4601,2,Pangal,53,4601
12,Arunachal Pradesh,666,Longding,1692,4,Pangchao Sdo,6,1692
2,Himachal Pradesh,16,Chamba,83,6,Pangi,1,83
12,Arunachal Pradesh,679,Siang,1645,4,Pangin Eac,3,1645
2,Himachal Pradesh,22,Mandi,6951,15,Pangna,0,0
27,Maharashtra,480,Kolhapur,4284,1,Panhala,2,4284
6,Haryana,71,Panipat,375,3,Panipat,1,375
16,Tripura,270,North Tripura,6678,1,Panisagar,3,0
2,Himachal Pradesh,25,Solan,6940,12,Panjehra,0,0
5,Uttarakhand,53,Pithoragarh,6358,6,Pankhu,0,0
20,Jharkhand,338,Palamu,2630,1,Panki,8,2630
23,Madhya Pradesh,420,Panna,3436,3,Panna,2,3436
21,Odisha,373,Sundaragada,7463,2,Panposh,0,0
33,Tamil Nadu,570,Cuddalore,5788,1,Panruti,1,5788
23,Madhya Pradesh,393,Barwani,3559,1,Pansemal,4,3559
19,West Bengal,317,Purba Medinipur,2470,1,Panskura,23,2470
13,Nagaland,736,Noklak,1824,2,Panso,9,1824
1,Jammu And Kashmir,13,Srinagar,6804,2,Pantha Chowk,0,0
33,Tamil Nadu,587,The Nilgiris,5754,1,Panthalur,1,5754
27,Maharashtra,491,Raigad,4173,1,Panvel,2,4173
28,Andhra Pradesh,755,Nandyal,5280,2,Panyam,31,5280
14,Manipur,257,Senapati,1859,1,Paomata,2,1859
2,Himachal Pradesh,24,Sirmaur,173,7,Paonta Sahib,7,173
8,Rajasthan,782,Kotputli-Behror,6924,7,Paota,0,0
33,Tamil Nadu,586,Thanjavur,5812,1,Papanasam,3,5812
36,Telangana,513,Medak,4455,1,Papannapet,6,4455
21,Odisha,366,Nabarangpur,3193,5,Paparahandi,6,3193
8,Rajasthan,97,Dausa,7367,2,Paparda,0,0
33,Tamil Nadu,571,Dharmapuri,5887,1,Pappireddipatti,8,5887
19,West Bengal,321,Purulia,2380,1,Para,3,2380
10,Bihar,196,Gaya,1496,1,Paraiya,10,1496
21,Odisha,352,Dhenkanal,2987,3,Parajang,3,2987
21,Odisha,353,Gajapati,3105,8,Paralakhemundi,5,3105
33,Tamil Nadu,583,Ramanathapuram,5856,2,Paramakudi,2,5856
33,Tamil Nadu,580,Namakkal,5748,2,Paramathi-Velur,4,5748
27,Maharashtra,488,Dharashiv,4236,1,Paranda,1,4236
12,Arunachal Pradesh,237,Papum Pare,1602,4,Parang Circle,0,1602
23,Madhya Pradesh,399,Chhindwara,3652,2,Parasia,5,3652
23,Madhya Pradesh,392,Balaghat,3675,9,Paraswada,0,3675
28,Andhra Pradesh,744,Anakapalli,4870,2,Paravada,30,4870
32,Kerala,555,Ernakulam,5659,1,Paravur,3,5659
10,Bihar,209,Nalanda,1389,1,Parbalpur,12,1389
8,Rajasthan,768,Didwana-Kuchaman,564,3,Parbatsar,8,564
10,Bihar,202,Khagaria,1328,1,Parbatta,7,1328
27,Maharashtra,489,Parbhani,4118,1,Parbhani,3,4118
12,Arunachal Pradesh,235,Lower Dibang Valley,6841,1,Parbuk Sdo,0,0
28,Andhra Pradesh,750,Bapatla,5108,2,Parchur,12,5108
24,Gujarat,462,Valsad,7601,1,Pardi,0,0
36,Telangana,698,Vikarabad,4540,2,Pargi,29,4540
1,Jammu And Kashmir,5,Jammu,6705,1,Pargwal,0,0
28,Andhra Pradesh,754,Sri Sathya Sai,5355,2,Parigi,52,5355
10,Bihar,221,Sitamarhi,1067,1,Parihar,5,1067
36,Telangana,686,Hanumakonda,4679,3,Parkal,8,4679
27,Maharashtra,470,Beed,4224,3,Parli,10,4224
27,Maharashtra,466,Ahilyanagar,4211,1,Parner,11,4211
27,Maharashtra,478,Jalgaon,3970,1,Parola,11,3970
10,Bihar,208,Muzaffarpur,1201,1,Paroo,3,1201
10,Bihar,218,Saran,1263,1,Parsa,16,1263
10,Bihar,221,Sitamarhi,1071,1,Parsauni,9,1071
27,Maharashtra,484,Nagpur,4027,1,Parseoni,5,4027
27,Maharashtra,479,Jalna,4131,1,Partur,7,4131
36,Telangana,522,Warangal,4714,1,Parvathagiri,43,4714
28,Andhra Pradesh,743,Parvathipuram Manyam,4812,2,Parvathipuram,6,4812
2,Himachal Pradesh,25,Solan,7126,4,Parwanoo,0,0
22,Chhattisgarh,383,Korba,7237,3,Pasan,0,0
12,Arunachal Pradesh,232,East Siang,6118,2,Pasighat Hq,0,0
12,Arunachal Pradesh,723,Pakke Kessang,6846,1,Passa Valley Circle,0,0
10,Bihar,213,Purbi Champaran,1053,1,Patahi,23,1053
20,Jharkhand,327,East Singhbum,2604,1,Patamda,1,2604
8,Rajasthan,114,Sikar,7227,7,Patan,0,0
24,Gujarat,455,Patan,3747,3,Patan,5,3747
22,Chhattisgarh,378,Durg,3318,4,Patan,7,3318
23,Madhya Pradesh,411,Jabalpur,3629,5,Patan,2,3629
20,Jharkhand,338,Palamu,2626,1,Patan,6,2626
27,Maharashtra,494,Satara,4264,1,Patan,10,4264
21,Odisha,361,Kendujhar,2843,4,Patana,9,2843
36,Telangana,691,Sangareddy,4494,4,Patancheru,44,4494
24,Gujarat,455,Patan,7433,1,Patan City,0,0
24,Gujarat,675,Gir Somnath,3835,3,Patan-Veraval,11,3835
10,Bihar,216,Saharsa,1176,1,Patarghat,6,1176
6,Haryana,62,Gurugram,416,1,Pataudi,1,416
7,Delhi,77,Central,448,3,Patel Nagar,2,448
10,Bihar,224,Vaishali,1274,1,Patepur,7,1274
23,Madhya Pradesh,400,Damoh,3455,1,Patera,2,3455
10,Bihar,224,Vaishali,1269,1,Paterhi Belsar,2,1269
22,Chhattisgarh,380,Jashpur,3262,2,Pathalgaon,4,3262
20,Jharkhand,323,Chatra,2523,1,Pathalgora,8,2523
32,Kerala,559,Kollam,5686,2,Pathanapuram,3,5686
3,Punjab,662,Pathankot,201,2,Pathankot,2,201
28,Andhra Pradesh,519,Srikakulam,4773,1,Pathapatnam,5,4773
27,Maharashtra,466,Ahilyanagar,4208,1,Pathardi,8,4208
20,Jharkhand,330,Godda,2559,1,Pathargama,5,2559
23,Madhya Pradesh,437,Vidisha,6971,2,Pathari,0,0
23,Madhya Pradesh,400,Damoh,3457,1,Patharia,4,3457
22,Chhattisgarh,647,Mungeli,3293,8,Pathariya,0,3293
18,Assam,293,Sribhumi,2104,1,Patharkandi,4,2104
19,West Bengal,304,South 24 Parganas,2440,1,Patharpratima,29,2440
20,Jharkhand,340,Sahebganj,2571,1,Pathna,8,2571
18,Assam,283,Darrang,2146,21,Pathorighat (Pt),3,2146
27,Maharashtra,489,Parbhani,4120,1,Pathri,5,4120
5,Uttarakhand,48,Champawat,335,3,Pati,0,335
23,Madhya Pradesh,393,Barwani,3555,1,Pati,0,3555
3,Punjab,41,Patiala,253,4,Patiala,3,253
9,Uttar Pradesh,633,Kasganj,1012,1,Patiyali,2,1012
10,Bihar,212,Patna,7447,1,Patliputra,0,0
22,Chhattisgarh,384,Korea,7309,1,Patna,0,0
10,Bihar,212,Patna,7448,1,Patna City,0,0
21,Odisha,345,Balangir,3144,2,Patnagarh,10,3144
10,Bihar,212,Patna,1400,4,Patna Rural,3,1400
27,Maharashtra,470,Beed,4216,1,Patoda,2,4216
8,Rajasthan,775,Balotra,7368,6,Patodi,0,0
10,Bihar,217,Samastipur,1292,1,Patori,9,1292
7,Delhi,78,East,7585,1,Patparganj,0,0
3,Punjab,41,Patiala,251,1,Patran,0,251
21,Odisha,354,Ganjam,7483,7,Patrapur,0,0
19,West Bengal,305,Bankura,2365,1,Patrasayer,10,2365
20,Jharkhand,607,Ramgarh,2660,1,Patratu,11,2660
14,Manipur,256,Imphal West,1880,1,Patsoi,2,1880
32,Kerala,563,Palakkad,5940,1,Pattambi,0,0
21,Odisha,360,Kendrapada,2926,3,Pattamundai,3,2926
1,Jammu And Kashmir,3,Baramulla,34,14,Pattan,5,34
3,Punjab,609,Tarn Taran,260,4,Patti,5,260
9,Uttar Pradesh,174,Pratapgarh,883,5,Patti,4,883
28,Andhra Pradesh,511,Kurnool,5290,1,Pattikonda,41,5290
33,Tamil Nadu,586,Thanjavur,5816,2,Pattukkottai,7,5816
12,Arunachal Pradesh,233,Kurung Kumey,6140,2,Patuk Adc,0,0
27,Maharashtra,467,Akola,3993,1,Patur,6,3993
27,Maharashtra,471,Bhandara,4042,1,Pauni,6,4042
5,Uttarakhand,52,Pauri Garhwal,307,6,Pauri,2,307
29,Karnataka,548,Tumakuru,5534,1,Pavagada,3,5534
23,Madhya Pradesh,420,Panna,3440,4,Pawai,4,3440
5,Uttarakhand,55,Tehri Garhwal,6363,3,Pawkidevi,0,0
9,Uttar Pradesh,125,Bahraich,6861,16,Payagpur,0,0
28,Andhra Pradesh,744,Anakapalli,4881,2,Payakaraopeta,41,4881
3,Punjab,36,Ludhiana,226,1,Payal,3,226
12,Arunachal Pradesh,241,Upper Subansiri,1612,2,Payeng Circle,6,1612
12,Arunachal Pradesh,679,Siang,6607,1,Payum Circle,0,0
32,Kerala,557,Kannur,6599,4,Payyannur,0,0
28,Andhra Pradesh,755,Nandyal,5294,3,Peapully,45,5294
36,Telangana,693,Wanaparthy,4602,5,Pebbair,54,4602
28,Andhra Pradesh,745,Alluri Sitharama Raju,4842,2,Peda Bayalu,2,4842
28,Andhra Pradesh,790,Markapuram,5144,2,Pedacherlo Palle,48,5144
28,Andhra Pradesh,520,Visakhapatnam,4868,1,Pedagantyada,28,4868
28,Andhra Pradesh,506,Guntur,5075,1,Pedakakani,36,5075
28,Andhra Pradesh,751,Palnadu,5057,2,Pedakurapadu,18,5057
28,Andhra Pradesh,510,Krishna,5030,1,Pedana,41,5030
28,Andhra Pradesh,506,Guntur,5082,1,Pedanandipadu,43,5082
28,Andhra Pradesh,748,Eluru,4965,2,Pedapadu,22,4965
28,Andhra Pradesh,510,Krishna,5022,1,Pedaparupudi,33,5022
28,Andhra Pradesh,746,Kakinada,4915,2,Pedapudi,31,4915
28,Andhra Pradesh,748,Eluru,4964,2,Pedavegi,21,4964
36,Telangana,514,Nalgonda,4658,4,Pedda Adesherlapally,46,4658
28,Andhra Pradesh,790,Markapuram,5101,3,Peddaaraveedu,5,5101
28,Andhra Pradesh,511,Kurnool,5253,1,Pedda Kadubur,4,5253
36,Telangana,685,Kamareddy,6245,2,Pedda Kodapgal,0,0
36,Telangana,694,Nagarkurnool,4599,3,Peddakothapally,51,4599
36,Telangana,693,Wanaparthy,4594,2,Peddamandadi,46,4594
28,Andhra Pradesh,753,Annamayya,5369,2,Peddamandyam,3,5369
28,Andhra Pradesh,504,Y.S.R. Kadapa,5201,2,Peddamudiam,3,5201
36,Telangana,682,Peddapalli,4408,3,Peddapalli,16,4408
28,Andhra Pradesh,503,Chittoor,5416,1,Peddapanjani,50,5416
28,Andhra Pradesh,502,Ananthapuramu,5314,1,Peddapappur,11,5314
28,Andhra Pradesh,746,Kakinada,4903,2,Peddapuram,19,4903
28,Andhra Pradesh,753,Annamayya,5390,2,Pedda Thippasamudram,24,5390
28,Andhra Pradesh,502,Ananthapuramu,5311,2,Peddavaduguru,8,5311
36,Telangana,688,Mahabubabad,6256,1,Peddavangara,0,0
36,Telangana,514,Nalgonda,4659,2,Peddavoora,47,4659
36,Telangana,698,Vikarabad,4533,4,Peddemul,22,4533
13,Nagaland,613,Peren,1851,1,Pedi (Ngwalwa),0,1851
19,West Bengal,702,Kalimpong,7051,2,Pedong,0,0
8,Rajasthan,629,Pratapgarh,697,5,Peepalkhoont,0,697
8,Rajasthan,116,Tonk,616,1,Peeplu,2,616
32,Kerala,556,Idukki,5667,1,Peerumade,4,5667
8,Rajasthan,86,Ajmer,608,2,Peesangan,3,608
36,Telangana,681,Jagitial,4421,5,Pegadapalli,28,4421
6,Haryana,68,Kurukshetra,365,3,Pehowa,2,365
28,Andhra Pradesh,752,Tirupati,5195,2,Pellakur,43,5195
36,Telangana,680,Nirmal,6206,2,Pembi,0,0
27,Maharashtra,491,Raigad,4176,1,Pen,5,4176
28,Andhra Pradesh,752,Tirupati,5244,3,Penagalur,46,5244
28,Andhra Pradesh,510,Krishna,5024,1,Penamaluru,35,5024
36,Telangana,699,Kumuram Bheem Asifabad,6313,2,Penchicalpet,0,0
28,Andhra Pradesh,504,Y.S.R. Kadapa,5232,2,Pendlimarry,34,5232
22,Chhattisgarh,734,Gaurela-Pendra-Marwahi,3289,3,Pendra,0,3289
22,Chhattisgarh,734,Gaurela-Pendra-Marwahi,3287,3,Pendra Road,1,3287
28,Andhra Pradesh,520,Visakhapatnam,4862,1,Pendurthi,22,4862
33,Tamil Nadu,571,Dharmapuri,5889,1,Pennagaram,10,5889
36,Telangana,696,Suryapet,4643,2,Penpahad,31,4643
28,Andhra Pradesh,523,West Godavari,4969,1,Pentapadu,26,4969
36,Telangana,694,Nagarkurnool,6292,2,Pentlavelli,0,0
36,Telangana,509,Khammam,4752,1,Penuballi,30,4752
28,Andhra Pradesh,749,Ntr,4992,2,Penuganchiprolu,3,4992
28,Andhra Pradesh,523,West Godavari,4980,1,Penugonda,37,4980
28,Andhra Pradesh,754,Sri Sathya Sai,5356,2,Penukonda,53,5356
28,Andhra Pradesh,523,West Godavari,4978,1,Penumantra,35,4978
28,Andhra Pradesh,503,Chittoor,5409,2,Penumur,43,5409
33,Tamil Nadu,578,Madurai,5839,1,Peraiyur,5,5839
33,Tamil Nadu,581,Perambalur,5973,1,Perambalur,0,0
33,Tamil Nadu,568,Chennai,7166,2,Perambur,0,0
28,Andhra Pradesh,505,East Godavari,4971,2,Peravali,28,4971
33,Tamil Nadu,586,Thanjavur,5817,1,Peravurani,8,5817
13,Nagaland,613,Peren,1857,1,Peren,12,1857
32,Kerala,562,Malappuram,5643,1,Perinthalmanna,3,5643
33,Tamil Nadu,588,Theni,5843,1,Periyakulam,2,5843
33,Tamil Nadu,595,Vellore,6663,14,Pernambut,0,0
30,Goa,551,North Goa,5609,1,Pernem,1,5609
33,Tamil Nadu,573,Erode,5752,1,Perundurai,4,5752
33,Tamil Nadu,569,Coimbatore,5957,2,Perur,0,0
20,Jharkhand,336,Lohardaga,2598,1,Peshrar,0,2598
20,Jharkhand,322,Bokaro,2592,1,Peterwar,4,2592
27,Maharashtra,487,Nashik,4150,2,Peth,9,4150
33,Tamil Nadu,584,Salem,6618,1,Pethanaickanpalayam,0,0
24,Gujarat,440,Anand,3865,1,Petlad,5,3865
23,Madhya Pradesh,412,Jhabua,3707,4,Petlawad,2,3707
13,Nagaland,248,Phek,1809,1,Pfutsero,8,1809
28,Andhra Pradesh,747,Dr. B.R. Ambedkar Konaseema,4934,2,P.Gannavaram,50,4934
8,Rajasthan,102,Jaipur,544,5,Phagi,7,544
3,Punjab,35,Kapurthala,208,1,Phagwara,4,208
8,Rajasthan,117,Udaipur,7385,6,Phalasiyan,0,0
8,Rajasthan,772,Phalodi,567,15,Phalodi,1,567
8,Rajasthan,103,Jaisalmer,7214,4,Phalsoond,0,0
27,Maharashtra,494,Satara,4258,1,Phaltan,4,4258
19,West Bengal,309,Darjeeling,2164,1,Phansidewa,11,2164
22,Chhattisgarh,643,Kondagaon,3359,4,Pharasgaon,3,3359
9,Uttar Pradesh,164,Mahrajganj,946,1,Pharenda,3,946
12,Arunachal Pradesh,233,Kurung Kumey,1707,5,Phassang Circle,0,1707
13,Nagaland,248,Phek,1801,1,Phek Sadar,2,1801
10,Bihar,213,Purbi Champaran,1054,1,Phenhara,24,1054
1,Jammu And Kashmir,4,Doda,6757,1,Phigsoo,0,0
3,Punjab,34,Jalandhar,211,1,Phillaur,3,211
28,Andhra Pradesh,506,Guntur,5072,1,Phirangipuram,33,5072
21,Odisha,359,Kandhamala,3118,1,Phiringia,1,3118
13,Nagaland,788,Meluri,1805,2,Phokhungri,4,1805
13,Nagaland,247,Mon,1752,1,Phomching,9,1752
8,Rajasthan,92,Bhilwara,6067,5,Phooliya Kalan,0,0
13,Nagaland,788,Meluri,1804,2,Phor,0,1804
27,Maharashtra,469,Chhatrapati Sambhajinagar,4136,3,Phulambri,4,4136
8,Rajasthan,102,Jaipur,542,17,Phulera (Hq.Sambhar),5,542
10,Bihar,190,Banka,1351,1,Phulidumar,7,1351
15,Mizoram,727,Saitual,1903,4,Phullen,2,1903
18,Assam,292,Karbi Anglong,2090,1,Phuloni,3,2090
10,Bihar,206,Madhubani,1087,1,Phulparas,8,1087
9,Uttar Pradesh,120,Prayagraj,889,2,Phulpur,2,889
9,Uttar Pradesh,123,Azamgarh,968,9,Phulpur,2,968
10,Bihar,212,Patna,1402,1,Phulwari,5,1402
10,Bihar,197,Gopalganj,1220,1,Phulwaria,6,1220
14,Manipur,717,Kamjong,1890,3,Phungyar,4,1890
28,Andhra Pradesh,752,Tirupati,5401,2,Pichatur,35,5401
23,Madhya Pradesh,407,Gwalior,7412,3,Pichhor,0,0
23,Madhya Pradesh,432,Shivpuri,3413,4,Pichhore,2,3413
12,Arunachal Pradesh,725,Shi Yomi,6590,2,Pidi Circle,0,0
28,Andhra Pradesh,751,Palnadu,5047,2,Piduguralla,8,5047
8,Rajasthan,106,Jhunjhunu,7386,4,Pilani,0,0
28,Andhra Pradesh,753,Annamayya,5386,2,Pileru,20,5386
8,Rajasthan,101,Hanumangarh,469,1,Pilibanga,4,469
9,Uttar Pradesh,173,Pilibhit,790,8,Pilibhit,1,790
6,Haryana,65,Jind,6445,1,Pillukhera St,0,0
36,Telangana,690,Bhadradri Kothagudem,4725,3,Pinapaka,3,4725
9,Uttar Pradesh,187,Varanasi,995,18,Pindra,1,995
8,Rajasthan,115,Sirohi,594,1,Pindwara,3,594
19,West Bengal,318,Paschim Medinipur,2463,1,Pingla,30,2463
8,Rajasthan,109,Kota,665,2,Pipalda,1,665
10,Bihar,204,Lakhisarai,1366,1,Pipariya,2,1366
23,Madhya Pradesh,409,Narmadapuram,3618,9,Pipariya,6,3618
22,Chhattisgarh,382,Kabeerdham,7324,4,Pipariya,0,0
8,Rajasthan,107,Jodhpur,6051,8,Pipar Shahar,0,0
21,Odisha,369,Puri,3057,3,Pipili,2,3057
23,Madhya Pradesh,423,Ratlam,3500,2,Piploda,1,3500
20,Jharkhand,338,Palamu,2619,1,Pipra,0,2619
10,Bihar,223,Supaul,1110,1,Pipra,10,1110
23,Madhya Pradesh,391,Ashoknagar,7036,11,Piprai,0,0
10,Bihar,213,Purbi Champaran,1050,1,Piprakothi,20,1050
10,Bihar,220,Sheohar,1059,1,Piprarhi,2,1059
10,Bihar,211,Pashchim Champaran,1020,1,Piprasi,8,1020
12,Arunachal Pradesh,677,Kra Daadi,1715,6,Pipsorang Circle,0,1715
12,Arunachal Pradesh,231,East Kameng,1587,2,Pipu Dipu Circle,0,1587
8,Rajasthan,105,Jhalawar,683,6,Pirawa,6,683
29,Karnataka,545,Mysuru,5569,1,Piriyapatna,1,5569
10,Bihar,193,Bhojpur,1429,1,Piro,9,1429
10,Bihar,192,Bhagalpur,1335,1,Pirpainti,7,1335
20,Jharkhand,329,Giridih,2544,1,Pirtanr,12,2544
12,Arunachal Pradesh,786,Keyi Panyor,6119,4,Pistana Circle,0,0
23,Madhya Pradesh,403,Dhar,7042,8,Pithampur,0,0
28,Andhra Pradesh,746,Kakinada,4911,2,Pithapuram,27,4911
22,Chhattisgarh,385,Mahasamund,3342,1,Pithora,0,3342
5,Uttarakhand,53,Pithoragarh,320,3,Pithoragarh,5,320
36,Telangana,685,Kamareddy,4384,3,Pitlam,28,4384
28,Andhra Pradesh,750,Bapatla,5091,2,Pittalavanipalem,52,5091
12,Arunachal Pradesh,678,Namsai,6121,5,Piyong Circle,0,0
12,Arunachal Pradesh,723,Pakke Kessang,6100,4,Pizirang Veo Circle,0,0
33,Tamil Nadu,577,Krishnagiri,5893,2,Pochampalli,5,5893
28,Andhra Pradesh,515,Sri Potti Sriramulu Nellore,5176,1,Podalakur,24,5176
28,Andhra Pradesh,790,Markapuram,5120,2,Podili,24,5120
28,Andhra Pradesh,523,West Godavari,4982,1,Poduru,39,4982
1,Jammu And Kashmir,621,Ramban,6760,3,Pogal Paristan,0,0
23,Madhya Pradesh,432,Shivpuri,3407,5,Pohri,0,3407
8,Rajasthan,103,Jaisalmer,575,36,Pokaran,2,575
5,Uttarakhand,47,Chamoli,286,8,Pokhari,3,286
27,Maharashtra,491,Raigad,4186,1,Poladpur,15,4186
28,Andhra Pradesh,519,Srikakulam,4800,1,Polaki,32,4800
21,Odisha,354,Ganjam,3081,5,Polasara,9,3081
28,Andhra Pradesh,748,Eluru,4949,2,Polavaram,6,4949
23,Madhya Pradesh,430,Shajapur,6511,3,Polaykala,0,0
19,West Bengal,312,Hooghly,2347,1,Polba - Dadpur,10,2347
33,Tamil Nadu,569,Coimbatore,5899,4,Pollachi,7,5899
12,Arunachal Pradesh,233,Kurung Kumey,6845,1,Polosang Circle,0,0
33,Tamil Nadu,593,Tiruvannamalai,5724,2,Polur,4,5724
27,Maharashtra,473,Chandrapur,4073,1,Pombhurna,10,4073
30,Goa,552,South Goa,5614,2,Ponda,6,5614
22,Chhattisgarh,384,Korea,7270,2,Pondi(Bachra),0,0
28,Andhra Pradesh,519,Srikakulam,4803,1,Ponduru,35,4803
28,Andhra Pradesh,517,Prakasam,5143,1,Ponnaluru,47,5143
33,Tamil Nadu,582,Pudukkottai,5823,1,Ponnamaravathi,0,5823
29,Karnataka,541,Kodagu,7125,4,Ponnampet,0,0
32,Kerala,562,Malappuram,5646,1,Ponnani,6,5646
33,Tamil Nadu,589,Thiruvallur,5694,6,Ponneri,2,5694
28,Andhra Pradesh,506,Guntur,5084,1,Ponnur,45,5084
2,Himachal Pradesh,19,Kinnaur,195,2,Poo,2,195
8,Rajasthan,93,Bikaner,474,5,Poogal,2,474
33,Tamil Nadu,589,Thiruvallur,5699,1,Poonamallee,7,5699
5,Uttarakhand,48,Champawat,337,2,Poornagiri,1,337
28,Andhra Pradesh,521,Vizianagaram,4838,2,Poosapatirega,32,4838
24,Gujarat,456,Porbandar,7445,1,Porabandar City,0,0
24,Gujarat,456,Porbandar,3822,2,Porbandar,1,3822
20,Jharkhand,330,Godda,2562,1,Poreyahat,7,2562
14,Manipur,255,Imphal East,1885,1,Porompat,3,1885
23,Madhya Pradesh,417,Morena,3386,4,Porsa,2,3386
35,Andaman And Nicobar Islands,602,South Andamans,5923,1,Port Blair,0,5923
28,Andhra Pradesh,504,Y.S.R. Kadapa,5208,1,Porumamilla,10,5208
24,Gujarat,458,Sabar Kantha,6088,1,Poshina,0,0
19,West Bengal,317,Purba Medinipur,2477,1,Potashpur - I,36,2477
19,West Bengal,317,Purba Medinipur,2478,1,Potashpur - II,37,2478
36,Telangana,516,Nizamabad,7534,1,Pothangal,0,0
10,Bihar,203,Kishanganj,1124,1,Pothia,4,1124
20,Jharkhand,327,East Singhbum,2608,1,Potka,4,2608
21,Odisha,363,Koraput,3218,5,Pottangi,13,3218
23,Madhya Pradesh,411,Jabalpur,7568,2,Pounda,0,0
22,Chhattisgarh,383,Korba,3273,4,Poundi-Uproda,0,3273
1,Jammu And Kashmir,627,Reasi,6742,4,Pouni,0,0
9,Uttar Pradesh,180,Shahjahanpur,793,1,Powayan,1,793
23,Madhya Pradesh,394,Betul,7022,13,Prabhatpttan,0,0
2,Himachal Pradesh,18,Kangra,6905,10,Pragpur,0,0
10,Bihar,201,Katihar,1149,1,Pranpur,8,1149
24,Gujarat,458,Sabar Kantha,3767,2,Prantij,8,3767
10,Bihar,223,Supaul,1104,1,Pratapganj,4,1104
9,Uttar Pradesh,174,Pratapgarh,882,6,Pratapgarh,3,882
8,Rajasthan,629,Pratapgarh,699,1,Pratapgarh,12,699
8,Rajasthan,87,Alwar,7387,2,Pratapgarh,0,0
5,Uttarakhand,55,Tehri Garhwal,295,4,Pratapnagar,3,295
6,Haryana,76,Yamunanagar,6417,5,Pratap Nagar St,0,0
20,Jharkhand,323,Chatra,2515,1,Pratappur,2,2515
22,Chhattisgarh,648,Surajpur,3239,2,Pratappur,3,3239
28,Andhra Pradesh,746,Kakinada,4900,2,Prathipadu,16,4900
28,Andhra Pradesh,506,Guntur,5081,1,Prathipadu,42,5081
22,Chhattisgarh,648,Surajpur,3246,2,Premnagar,0,3246
23,Madhya Pradesh,722,Niwari,3417,3,Prithvipur,2,3417
28,Andhra Pradesh,504,Y.S.R. Kadapa,5214,2,Proddutur,16,5214
18,Assam,283,Darrang,7415,5,Pub Mangaldai,0,0
12,Arunachal Pradesh,718,Kamle,1616,3,Puchi Geko Circle,9,1616
34,Puducherry,600,Puducherry,5909,1,Puducherry,2,5909
33,Tamil Nadu,582,Pudukkottai,5821,1,Pudukkottai,4,5821
36,Telangana,698,Vikarabad,4541,2,Pudur,30,4541
33,Tamil Nadu,576,Karur,6676,1,Pugalur,0,0
13,Nagaland,251,Zunheboto,1775,1,Pughoboto,8,1775
21,Odisha,345,Balangir,7455,2,Puintala,0,0
2,Himachal Pradesh,16,Chamba,6942,5,Pukhri,0,0
28,Andhra Pradesh,503,Chittoor,5395,1,Pulicherla,29,5395
28,Andhra Pradesh,504,Y.S.R. Kadapa,5219,2,Pulivendula,21,5219
36,Telangana,691,Sangareddy,4478,3,Pulkal,28,4478
5,Uttarakhand,48,Champawat,6349,6,Pulla Gumdesh,0,0
28,Andhra Pradesh,790,Markapuram,5098,2,Pullalacheruvu,2,5098
28,Andhra Pradesh,752,Tirupati,5247,3,Pullampeta,49,5247
1,Jammu And Kashmir,11,Pulwama,51,12,Pulwama,3,51
12,Arunachal Pradesh,666,Longding,6584,1,Pumao Circle,0,0
24,Gujarat,459,Surat,6521,1,Puna,0,0
6,Haryana,604,Nuh,424,2,Punahana,7,424
32,Kerala,559,Kollam,5947,1,Punalur,0,0
23,Madhya Pradesh,405,Khandwa (East Nimar),3717,8,Punasa,0,3717
19,West Bengal,321,Purulia,2388,1,Puncha,11,2388
27,Maharashtra,490,Pune,4194,1,Pune City,8,4194
28,Andhra Pradesh,753,Annamayya,5415,3,Punganuru,49,5415
13,Nagaland,614,Kiphire,1841,1,Pungro,20,1841
10,Bihar,212,Patna,1410,1,Punpun,13,1410
10,Bihar,221,Sitamarhi,1077,1,Pupri,15,1077
10,Bihar,205,Madhepura,1168,1,Puraini,11,1168
17,Meghalaya,663,South West Garo Hills,7418,5,Purakhasia,0,0
27,Maharashtra,490,Pune,4196,1,Purandhar,10,4196
9,Uttar Pradesh,173,Pilibhit,792,18,Puranpur,3,792
33,Tamil Nadu,568,Chennai,7167,2,Purasawalkam,0,0
5,Uttarakhand,57,Uttarkashi,278,1,Puraula,1,278
19,West Bengal,306,Purba Bardhaman,2283,1,Purbasthali - I,16,2283
19,West Bengal,306,Purba Bardhaman,2284,1,Purbasthali - II,17,2284
20,Jharkhand,325,Dhanbad,2580,1,Purbi Tundi*,0,2580
21,Odisha,369,Puri,7467,4,Puri,0,0
27,Maharashtra,489,Parbhani,4124,1,Purna,9,4124
10,Bihar,220,Sheohar,1058,1,Purnahiya,1,1058
10,Bihar,214,Purnia,1134,1,Purnia East,7,1134
19,West Bengal,312,Hooghly,2341,1,Pursura,4,2341
14,Manipur,257,Senapati,1860,2,Purul,3,1860
19,West Bengal,321,Purulia,2387,1,Purulia - I,10,2387
19,West Bengal,321,Purulia,2379,1,Purulia - II,2,2379
21,Odisha,354,Ganjam,3089,8,Purushottampur,8,3089
9,Uttar Pradesh,186,Unnao,817,1,Purwa,4,817
10,Bihar,217,Samastipur,1289,1,Pusa,6,1289
27,Maharashtra,500,Yavatmal,4085,1,Pusad,7,4085
8,Rajasthan,86,Ajmer,6655,2,Pushkar,0,0
23,Madhya Pradesh,390,Anuppur,3696,1,Pushparajgarh,0,3696
22,Chhattisgarh,386,Raigarh,3268,1,Pusour,0,3268
28,Andhra Pradesh,503,Chittoor,5410,1,Puthalapattu,44,5410
28,Andhra Pradesh,502,Ananthapuramu,5326,1,Putlur,23,5326
28,Andhra Pradesh,754,Sri Sathya Sai,5357,3,Puttaparthy,54,5357
29,Karnataka,534,Dakshina Kannada,5564,3,Puttur,4,5564
28,Andhra Pradesh,752,Tirupati,5407,2,Puttur,41,5407
17,Meghalaya,274,East Khasi Hills,1995,1,Pynursla,7,1995
1,Jammu And Kashmir,8,Kupwara,7205,1,Qalamabad,0,0
1,Jammu And Kashmir,8,Kupwara,6788,4,Qaziabad (Kralgund),0,0
1,Jammu And Kashmir,1,Anantnag,6817,8,Qazigund,0,0
1,Jammu And Kashmir,12,Rajouri,6773,1,Qila Darhal,0,0
1,Jammu And Kashmir,622,Kulgam,6193,8,Qoimoh,0,0
30,Goa,793,Kushavati,5617,4,Quepem,3,5617
36,Telangana,700,Medchal Malkajgiri,4518,5,Qutballapur,7,4518
24,Gujarat,789,Vav-Tharad,7543,3,Raah,0,0
29,Karnataka,524,Bagalkote,7063,6,Rabakavi Banahatti,0,0
11,Sikkim,225,Gangtok,7177,7,Rabdang,0,0
28,Andhra Pradesh,790,Markapuram,5132,2,Racherla,36,5132
6,Haryana,76,Yamunanagar,6474,3,Radaur,0,0
27,Maharashtra,480,Kolhapur,4289,1,Radhanagari,7,4289
24,Gujarat,455,Patan,3745,1,Radhanpur,2,3745
33,Tamil Nadu,592,Tirunelveli,5880,2,Radhapuram,11,5880
9,Uttar Pradesh,175,Rae Bareli,825,2,Rae Bareli,3,825
1,Jammu And Kashmir,3,Baramulla,33,15,Rafiabad,4,33
10,Bihar,189,Aurangabad,1479,1,Rafiganj,4,1479
12,Arunachal Pradesh,718,Kamle,6129,3,Raga Adc,0,0
23,Madhya Pradesh,406,Guna,3679,1,Raghogarh,5,3679
10,Bihar,224,Vaishali,1279,2,Raghopur,5,1279
10,Bihar,223,Supaul,1105,1,Raghopur,5,1105
36,Telangana,509,Khammam,4757,3,Raghunadhapalem,35,4757
21,Odisha,355,Jagatsinghapur,7513,3,Raghunathapur,0,0
19,West Bengal,319,Murshidabad,2227,1,Raghunathganj - I,5,2227
19,West Bengal,319,Murshidabad,2228,1,Raghunathganj - II,6,2228
22,Chhattisgarh,649,Balrampur-Ramanujganj,7257,2,Raghunathnagar,0,0
10,Bihar,222,Siwan,1244,1,Raghunathpur,16,1244
19,West Bengal,321,Purulia,2382,1,Raghunathpur - I,5,2382
19,West Bengal,321,Purulia,2381,1,Raghunathpur - II,4,2381
23,Madhya Pradesh,426,Satna,7111,12,Raghurajnagar (Nagriya),0,0
36,Telangana,689,Jangoan,4698,4,Ragunathpally,27,4698
18,Assam,297,Nagaon,2036,1,Raha,6,2036
23,Madhya Pradesh,425,Sagar,3448,1,Rahatgarh,4,3448
20,Jharkhand,339,Ranchi,2687,1,Rahe,0,2687
27,Maharashtra,466,Ahilyanagar,4204,1,Rahta,4,4204
10,Bihar,209,Nalanda,1382,1,Rahui,5,1382
27,Maharashtra,466,Ahilyanagar,4210,1,Rahuri,10,4210
8,Rajasthan,97,Dausa,6932,2,Rahuwas,0,0
29,Karnataka,546,Raichur,5461,1,Raichur,3,5461
20,Jharkhand,331,Gumla,2716,1,Raidih,10,2716
19,West Bengal,311,Uttar Dinajpur,2196,1,Raiganj,6,2196
22,Chhattisgarh,386,Raigarh,3267,1,Raigarh,4,3267
21,Odisha,366,Nabarangpur,3187,3,Raighar,1,3187
36,Telangana,681,Jagitial,4395,2,Raikal,3,4395
21,Odisha,359,Kandhamala,3126,7,Raikia,15,3126
36,Telangana,691,Sangareddy,4472,2,Raikode,22,4472
3,Punjab,36,Ludhiana,229,1,Raikot,6,229
8,Rajasthan,112,Rajsamand,644,3,Railmagra,6,644
19,West Bengal,306,Purba Bardhaman,2296,1,Raina - I,29,2296
19,West Bengal,306,Purba Bardhaman,2298,1,Raina - II,31,2298
36,Telangana,692,Siddipet,6283,1,Raipole,0,0
8,Rajasthan,774,Beawar,598,2,Raipur,2,598
19,West Bengal,305,Bankura,2376,1,Raipur,21,2376
8,Rajasthan,105,Jhalawar,6925,3,Raipur,0,0
22,Chhattisgarh,387,Raipur,3332,2,Raipur,9,3332
8,Rajasthan,92,Bhilwara,632,1,Raipur,6,632
23,Madhya Pradesh,420,Panna,3442,2,Raipura,0,3442
23,Madhya Pradesh,424,Rewa,3480,9,Raipur Karchuliyan,6,3480
6,Haryana,70,Panchkula,6411,3,Raipur Rani,0,0
21,Odisha,371,Sambalpur,2797,3,Rairakhol,7,2797
21,Odisha,365,Mayurbhanj,2865,7,Rairangpur,4,2865
23,Madhya Pradesh,421,Raisen,3590,3,Raisen,1,3590
8,Rajasthan,100,Ganganagar,461,6,Raisinghnagar,5,461
6,Haryana,75,Sonipat,6473,1,Rai St,0,0
8,Rajasthan,94,Bundi,7359,6,Raithal,0,0
21,Odisha,373,Sundaragada,2814,3,Rajagangapur,10,2814
2,Himachal Pradesh,18,Kangra,7288,3,Raja Ka Talab,0,0
8,Rajasthan,98,Dholpur,519,1,Rajakhera,5,519
8,Rajasthan,96,Churu,7388,4,Rajaldesar,0,0
28,Andhra Pradesh,521,Vizianagaram,4796,2,Rajam,28,4796
28,Andhra Pradesh,505,East Godavari,4907,2,Rajamahendravaram Rural,23,4907
28,Andhra Pradesh,505,East Godavari,4906,2,Rajamahendravaram Urban,22,4906
28,Andhra Pradesh,504,Y.S.R. Kadapa,5246,3,Rajampet,48,5246
36,Telangana,685,Kamareddy,6241,1,Rajampet,0,0
28,Andhra Pradesh,505,East Godavari,4908,1,Rajanagaram,24,4908
10,Bihar,224,Vaishali,1277,1,Raja Pakar,10,1277
33,Tamil Nadu,597,Virudhunagar,5847,2,Rajapalayam,1,5847
36,Telangana,697,Yadadri Bhuvanagiri,4615,3,Rajapeta,3,4615
36,Telangana,512,Mahabubnagar,6261,1,Rajapur,0,0
27,Maharashtra,492,Ratnagiri,4274,1,Rajapur,9,4274
9,Uttar Pradesh,136,Chitrakoot,6156,8,Rajapur,0,0
19,West Bengal,303,North 24 Parganas,2332,1,Rajarhat,17,2332
33,Tamil Nadu,583,Ramanathapuram,6653,1,Rajasingamangalam,0,0
9,Uttar Pradesh,187,Varanasi,6093,20,Rajatalab,0,0
10,Bihar,210,Nawada,1524,1,Rajauli,14,1524
10,Bihar,190,Banka,1347,1,Rajaun,3,1347
6,Haryana,66,Kaithal,6447,1,Rajaund St,0,0
28,Andhra Pradesh,791,Polavaram,4888,3,Rajavommangi,5,4888
36,Telangana,518,Ranga Reddy,4527,2,Rajendranagar,16,4527
27,Maharashtra,490,Pune,4197,2,Rajgad,11,4197
19,West Bengal,314,Jalpaiguri,2166,1,Rajganj,1,2166
23,Madhya Pradesh,422,Rajgarh,3565,5,Rajgarh,3,3565
1,Jammu And Kashmir,621,Ramban,6762,3,Rajgarh,0,0
8,Rajasthan,96,Churu,482,7,Rajgarh,2,482
8,Rajasthan,87,Alwar,502,8,Rajgarh,10,502
2,Himachal Pradesh,24,Sirmaur,167,5,Rajgarh,1,167
5,Uttarakhand,57,Uttarkashi,280,7,Rajgarhi,2,280
10,Bihar,209,Nalanda,1394,1,Rajgir,17,1394
22,Chhattisgarh,645,Gariyaband,3333,3,Rajim,10,3333
21,Odisha,360,Kendrapada,2922,1,Rajkanika,1,2922
24,Gujarat,457,Rajkot,3803,4,Rajkot,6,3803
24,Gujarat,457,Rajkot,6520,1,Rajkot East,0,0
24,Gujarat,457,Rajkot,6524,1,Rajkot South,0,0
24,Gujarat,457,Rajkot,6523,1,Rajkot West,0,0
20,Jharkhand,340,Sahebganj,2569,1,Rajmahal,6,2569
10,Bihar,206,Madhubani,1095,1,Rajnagar,16,1095
23,Madhya Pradesh,398,Chhatarpur,3430,2,Rajnagar,5,3430
19,West Bengal,307,Birbhum,2258,1,Rajnagar,10,2258
21,Odisha,360,Kendrapada,2923,2,Rajnagar,7,2923
22,Chhattisgarh,388,Rajnandgaon,3305,2,Rajnandgaon,4,3305
36,Telangana,695,Jogulamba Gadwal,6296,1,Rajoli,0,0
1,Jammu And Kashmir,12,Rajouri,22,6,Rajouri,2,22
7,Delhi,85,West,449,1,Rajouri Garden,3,449
1,Jammu And Kashmir,11,Pulwama,6796,6,Rajpora,0,0
10,Bihar,215,Rohtas,1464,1,Rajpur,9,1464
10,Bihar,194,Buxar,1443,1,Rajpur,9,1443
23,Madhya Pradesh,393,Barwani,3558,1,Rajpur,3,3558
22,Chhattisgarh,649,Balrampur-Ramanujganj,3250,2,Rajpur,7,3250
1,Jammu And Kashmir,624,Samba,6719,1,Rajpura,0,0
3,Punjab,41,Patiala,254,12,Rajpura,4,254
8,Rajasthan,112,Rajsamand,643,8,Rajsamand,5,643
24,Gujarat,439,Amreli,3849,1,Rajula,11,3849
28,Andhra Pradesh,751,Palnadu,5059,2,Rajupalem,20,5059
28,Andhra Pradesh,504,Y.S.R. Kadapa,5202,1,Rajupalem,4,5202
27,Maharashtra,473,Chandrapur,4077,1,Rajura,13,4077
2,Himachal Pradesh,18,Kangra,106,17,Rakkar,12,106
13,Nagaland,250,Wokha,1787,1,Ralan,8,1787
27,Maharashtra,500,Yavatmal,4091,1,Ralegaon,13,4091
23,Madhya Pradesh,412,Jhabua,7004,5,Rama,0,0
28,Andhra Pradesh,521,Vizianagaram,4819,1,Ramabhadrapuram,13,4819
28,Andhra Pradesh,752,Tirupati,5398,2,Ramachandrapuram,32,5398
28,Andhra Pradesh,747,Dr. B.R. Ambedkar Konaseema,4924,2,Ramachandrapuram,40,4924
36,Telangana,508,Karimnagar,4423,1,Ramadugu,30,4423
36,Telangana,682,Peddapalli,6216,3,Ramagiri,0,0
28,Andhra Pradesh,754,Sri Sathya Sai,5348,2,Ramagiri,45,5348
36,Telangana,682,Peddapalli,4399,5,Ramagundam,7,4399
28,Andhra Pradesh,503,Chittoor,5428,1,Ramakuppam,62,5428
29,Karnataka,631,Bengaluru South,5606,1,Ramanagara,0,5606
21,Odisha,370,Rayagada,7511,3,Ramanaguda,0,0
33,Tamil Nadu,583,Ramanathapuram,5860,2,Ramanathapuram,6,5860
36,Telangana,697,Yadadri Bhuvanagiri,4632,3,Ramannapet,20,4632
22,Chhattisgarh,649,Balrampur-Ramanujganj,3236,3,Ramanujganj,0,3236
22,Chhattisgarh,648,Surajpur,3245,2,Ramanujnagar,0,3245
28,Andhra Pradesh,753,Annamayya,5241,2,Ramapuram,43,5241
36,Telangana,685,Kamareddy,6243,2,Ramareddy,0,0
28,Andhra Pradesh,753,Annamayya,5414,2,Ramasamudram,48,5414
36,Telangana,513,Medak,4457,2,Ramayampet,8,4457
1,Jammu And Kashmir,621,Ramban,67,6,Ramban,0,67
28,Andhra Pradesh,744,Anakapalli,4883,2,Rambilli,43,4883
17,Meghalaya,279,West Khasi Hills,7333,3,Rambrai,0,0
22,Chhattisgarh,649,Balrampur-Ramanujganj,7238,1,Ramchandrapur,0,0
36,Telangana,691,Sangareddy,4495,3,Ramchandrapuram,45,4495
29,Karnataka,527,Belagavi,5442,1,Ramdurg,10,5442
33,Tamil Nadu,583,Ramanathapuram,5861,1,Rameswaram,7,5861
8,Rajasthan,109,Kota,668,6,Ramganj Mandi,4,668
8,Rajasthan,103,Jaisalmer,7216,3,Ramgarh,0,0
20,Jharkhand,607,Ramgarh,2662,1,Ramgarh,14,2662
8,Rajasthan,87,Alwar,498,4,Ramgarh,6,498
1,Jammu And Kashmir,624,Samba,6724,3,Ramgarh,0,0
20,Jharkhand,338,Palamu,6325,1,Ramgarh,0,0
20,Jharkhand,326,Dumka,2668,1,Ramgarh,14,2668
10,Bihar,200,Kaimur (Bhabua),1446,1,Ramgarh,1,1446
5,Uttarakhand,51,Nainital,6353,4,Ramgarh,0,0
10,Bihar,204,Lakhisarai,1370,1,Ramgarh Chowk,5,1370
8,Rajasthan,97,Dausa,6908,6,Ramgarh Pachwara,0,0
8,Rajasthan,114,Sikar,6388,4,Ramgarh Shekhawati,0,0
10,Bihar,213,Purbi Champaran,1033,1,Ramgarhwa,3,1033
1,Jammu And Kashmir,8,Kupwara,6787,4,Ramhal (Tarathpora),0,0
20,Jharkhand,328,Garhwa,2512,1,Ramkanda,13,2512
1,Jammu And Kashmir,7,Kathua,6728,2,Ramkote,0,0
18,Assam,293,Sribhumi,2105,1,Ramkrishna Nagar,5,2105
20,Jharkhand,328,Garhwa,2501,1,Ramna,5,2501
9,Uttar Pradesh,129,Bara Banki,897,1,Ramnagar,2,897
23,Madhya Pradesh,784,Maihar,3469,3,Ramnagar,6,3469
5,Uttarakhand,51,Nainital,343,4,Ramnagar,0,343
1,Jammu And Kashmir,14,Udhampur,74,3,Ramnagar,5,74
10,Bihar,211,Pashchim Champaran,1014,1,Ramnagar,2,1014
19,West Bengal,317,Purba Medinipur,2493,1,Ramnagar - I,53,2493
19,West Bengal,317,Purba Medinipur,2494,1,Ramnagar - II,54,2494
28,Andhra Pradesh,791,Polavaram,4895,3,Rampachodavaram,11,4895
9,Uttar Pradesh,176,Rampur,726,3,Rampur,3,726
2,Himachal Pradesh,23,Shimla,177,11,Rampur,1,177
21,Odisha,372,Subarnapur,3134,4,Rampur,7,3134
10,Bihar,200,Kaimur (Bhabua),1454,1,Rampur,9,1454
23,Madhya Pradesh,419,Neemuch,7032,5,Rampura,0,0
8,Rajasthan,102,Jaipur,7391,5,Rampura Dabri,0,0
3,Punjab,28,Bathinda,244,3,Rampura Phul,1,244
23,Madhya Pradesh,426,Satna,3466,10,Rampur Baghelan,0,3466
19,West Bengal,307,Birbhum,2253,1,Rampurhat - I,5,2253
19,West Bengal,307,Birbhum,2254,1,Rampurhat - II,6,2254
9,Uttar Pradesh,177,Saharanpur,705,1,Rampur Maniharan,4,705
23,Madhya Pradesh,433,Sidhi,3697,3,Rampur Naikin,1,3697
9,Uttar Pradesh,129,Bara Banki,900,1,Ramsanehighat,5,900
8,Rajasthan,90,Barmer,583,2,Ramsar,7,583
2,Himachal Pradesh,25,Solan,160,4,Ramshahr,2,160
1,Jammu And Kashmir,621,Ramban,7201,1,Ramsoo,0,0
27,Maharashtra,484,Nagpur,4028,1,Ramtek,6,4028
19,West Bengal,320,Nadia,2312,1,Ranaghat - I,14,2312
19,West Bengal,320,Nadia,2313,1,Ranaghat - II,15,2313
21,Odisha,367,Nayagada,3033,2,Ranapur,9,3033
23,Madhya Pradesh,412,Jhabua,3710,2,Ranapur,8,3710
28,Andhra Pradesh,519,Srikakulam,4805,1,Ranastalam,37,4805
24,Gujarat,456,Porbandar,3823,1,Ranavav,2,3823
28,Andhra Pradesh,505,East Godavari,4909,1,Rangampeta,25,4909
35,Andaman And Nicobar Islands,632,North And Middle Andaman,5921,1,Rangat,0,5921
18,Assam,291,Kamrup,5934,5,Rangia,0,0
18,Assam,287,Goalpara,2017,2,Rangjuli,5,2017
19,West Bengal,309,Darjeeling,2155,1,Rangli Rangliot,2,2155
11,Sikkim,741,Pakyong,6396,4,Rangpo,0,0
10,Bihar,192,Bhagalpur,1333,1,Rangra Chowk,5,1333
8,Rajasthan,111,Pali,6898,6,Rani,0,0
20,Jharkhand,606,Khunti,2702,1,Rania,15,2702
6,Haryana,74,Sirsa,391,4,Rania,3,391
19,West Bengal,305,Bankura,2375,2,Ranibandh,20,2375
29,Karnataka,540,Haveri,5495,1,Ranibennur,7,5495
9,Uttar Pradesh,174,Pratapgarh,884,3,Raniganj,3,884
10,Bihar,188,Araria,1115,1,Raniganj,4,1115
19,West Bengal,704,Paschim Bardhaman,2271,2,Raniganj,4,2271
5,Uttarakhand,45,Almora,328,1,Ranikhet,2,328
17,Meghalaya,658,South West Khasi Hills,1983,2,Ranikor,4,1983
19,West Bengal,319,Murshidabad,2236,1,Raninagar - I,14,2236
19,West Bengal,319,Murshidabad,2233,1,Raninagar - II,11,2233
20,Jharkhand,326,Dumka,2672,1,Ranishwar,7,2672
8,Rajasthan,104,Jalore,591,3,Raniwara,7,591
23,Madhya Pradesh,411,Jabalpur,7025,5,Ranjhi,0,0
20,Jharkhand,328,Garhwa,2511,1,Ranka,12,2511
32,Kerala,564,Pathanamthitta,5681,2,Ranni,3,5681
23,Madhya Pradesh,432,Shivpuri,6976,1,Rannod,0,0
24,Gujarat,676,Botad,3785,2,Ranpur,9,3785
23,Madhya Pradesh,423,Ratlam,3506,3,Raoti,0,3506
24,Gujarat,449,Kachchh,3723,1,Rapar,2,3723
28,Andhra Pradesh,502,Ananthapuramu,5331,2,Rapthadu,28,5331
28,Andhra Pradesh,515,Sri Potti Sriramulu Nellore,5175,1,Rapur,23,5175
8,Rajasthan,767,Deeg,7369,2,Rarah,0,0
21,Odisha,365,Mayurbhanj,2868,4,Raruan,28,2868
21,Odisha,365,Mayurbhanj,2879,1,Rasgobindpur,17,2879
8,Rajasthan,95,Chittorgarh,655,1,Rashmi,1,655
33,Tamil Nadu,580,Namakkal,5746,2,Rasipuram,2,5746
9,Uttar Pradesh,126,Ballia,977,2,Rasra,3,977
9,Uttar Pradesh,156,Kanpur Dehat,843,3,Rasulabad,1,843
21,Odisha,356,Jajpur,7471,6,Rasulpur,0,0
8,Rajasthan,96,Churu,485,4,Ratangarh,6,485
22,Chhattisgarh,375,Bilaspur,7239,5,Ratanpur,0,0
9,Uttar Pradesh,149,Hamirpur,865,3,Rath,2,865
6,Haryana,61,Fatehabad,386,5,Ratia,1,386
23,Madhya Pradesh,423,Ratlam,3507,8,Ratlam,6,3507
23,Madhya Pradesh,423,Ratlam,7009,6,Ratlam Nagar,0,0
27,Maharashtra,492,Ratnagiri,4271,1,Ratnagiri,6,4271
10,Bihar,199,Jehanabad,1535,1,Ratni Faridpur,6,1535
29,Karnataka,540,Haveri,7106,6,Rattihalli,0,0
20,Jharkhand,339,Ranchi,2691,1,Ratu,8,2691
19,West Bengal,316,Malda,2212,1,Ratua - I,5,2212
19,West Bengal,316,Malda,2213,1,Ratua - II,6,2213
23,Madhya Pradesh,410,Indore,7016,3,Rau,0,0
11,Sikkim,227,Namchi,1552,5,Ravangla,2,1552
27,Maharashtra,478,Jalgaon,3962,1,Raver,3,3962
28,Andhra Pradesh,744,Anakapalli,4856,2,Ravikamatham,16,4856
28,Andhra Pradesh,747,Dr. B.R. Ambedkar Konaseema,4926,2,Ravulapalem,42,4926
8,Rajasthan,95,Chittorgarh,658,2,Rawatbhata,4,658
8,Rajasthan,101,Hanumangarh,470,3,Rawatsar,5,470
8,Rajasthan,100,Ganganagar,6915,8,Rawla,0,0
10,Bihar,213,Purbi Champaran,1031,1,Raxaul,1,1031
28,Andhra Pradesh,753,Annamayya,5239,2,Rayachoti,41,5239
28,Andhra Pradesh,502,Ananthapuramu,5305,1,Rayadurg,2,5305
21,Odisha,370,Rayagada,3181,5,Rayagada,8,3181
21,Odisha,353,Gajapati,3107,5,Rayagada,8,3107
36,Telangana,522,Warangal,4703,2,Rayaparthy,32,4703
28,Andhra Pradesh,505,East Godavari,4921,3,Rayavaram,37,4921
29,Karnataka,527,Belagavi,5435,1,Raybag,3,5435
13,Nagaland,248,Phek,1813,1,Razieba,0,1813
28,Andhra Pradesh,747,Dr. B.R. Ambedkar Konaseema,4937,2,Razole,53,4937
21,Odisha,351,Debagada,2803,9,Reamal,4,2803
1,Jammu And Kashmir,627,Reasi,77,12,Reasi,2,77
36,Telangana,699,Kumuram Bheem Asifabad,4327,3,Rebbena,23,4327
12,Arunachal Pradesh,679,Siang,1647,4,Rebo Perging Circle,4,1647
28,Andhra Pradesh,749,Ntr,4999,2,Reddigudem,10,4999
8,Rajasthan,114,Sikar,7226,5,Reengus,0,0
28,Andhra Pradesh,521,Vizianagaram,4786,2,Regidi Amadalavalasa,18,4786
36,Telangana,513,Medak,4471,2,Regode,21,4471
36,Telangana,687,Jayashankar Bhupalapally,4690,3,Regonda,19,4690
23,Madhya Pradesh,408,Harda,3611,2,Rehatgaon,0,3611
23,Madhya Pradesh,425,Sagar,3451,1,Rehli,7,3451
23,Madhya Pradesh,427,Sehore,3589,1,Rehti,0,3589
15,Mizoram,266,Mamit,1898,1,Reiek,3,1898
21,Odisha,346,Baleshwar,2902,11,Remuna,10,2902
27,Maharashtra,481,Latur,4227,1,Renapur,2,4227
22,Chhattisgarh,382,Kabeerdham,7272,3,Rengakharkala,0,0
21,Odisha,371,Sambalpur,2785,5,Rengali,17,2785
8,Rajasthan,87,Alwar,6381,5,Reni,0,0
28,Andhra Pradesh,752,Tirupati,5376,2,Renigunta,10,5376
36,Telangana,516,Nizamabad,4357,2,Renjal,1,4357
28,Andhra Pradesh,751,Palnadu,5043,2,Rentachintala,4,5043
2,Himachal Pradesh,24,Sirmaur,170,9,Renuka,4,170
12,Arunachal Pradesh,229,Changlang,6577,2,Renuk Circle,0,0
8,Rajasthan,115,Sirohi,596,2,Reodar,5,596
28,Andhra Pradesh,750,Bapatla,5096,2,Repalle,57,5096
17,Meghalaya,663,South West Garo Hills,6545,6,Rerapara,0,0
17,Meghalaya,656,North Garo Hills,1970,7,Resubelpara,1,1970
36,Telangana,693,Wanaparthy,6286,3,Revally,0,0
10,Bihar,218,Saran,1257,1,Revelganj,10,1257
2,Himachal Pradesh,22,Mandi,6952,8,Rewalsar,0,0
6,Haryana,72,Rewari,414,6,Rewari,2,414
2,Himachal Pradesh,18,Kangra,7287,3,Rey,0,0
12,Arunachal Pradesh,231,East Kameng,6101,4,Richukrong Circle,0,0
10,Bihar,221,Sitamarhi,1070,1,Riga,8,1070
12,Arunachal Pradesh,679,Siang,1644,4,Riga Eac,2,1644
5,Uttarakhand,52,Pauri Garhwal,6355,10,Rikhanikhal,0,0
17,Meghalaya,279,West Khasi Hills,7336,3,Ri Muliang,0,0
8,Rajasthan,117,Udaipur,694,5,Rishabhdeo,0,694
5,Uttarakhand,49,Dehradun,305,8,Rishikesh,4,305
27,Maharashtra,499,Washim,4000,1,Risod,6,4000
23,Madhya Pradesh,413,Katni,3621,3,Rithi,0,3621
8,Rajasthan,110,Nagaur,6069,5,Riyan Bari,0,0
33,Tamil Nadu,589,Thiruvallur,6674,1,R K Pet,0,0
9,Uttar Pradesh,184,Sonbhadra,1005,7,Robertsganj,2,1005
28,Andhra Pradesh,754,Sri Sathya Sai,5349,2,Roddam,46,5349
10,Bihar,210,Nawada,1517,1,Roh,7,1517
27,Maharashtra,491,Raigad,4179,1,Roha,8,4179
8,Rajasthan,111,Pali,600,4,Rohat,4,600
7,Delhi,82,North West,6077,5,Rohini,0,0
2,Himachal Pradesh,23,Shimla,191,1,Rohru,15,191
6,Haryana,73,Rohtak,405,3,Rohtak,2,405
10,Bihar,215,Rohtas,1475,1,Rohtas,19,1475
12,Arunachal Pradesh,235,Lower Dibang Valley,1724,3,Roing Hq,8,1724
28,Andhra Pradesh,754,Sri Sathya Sai,5353,2,Rolla,50,5353
28,Andhra Pradesh,744,Anakapalli,4855,2,Rolugunta,15,4855
28,Andhra Pradesh,751,Palnadu,5066,3,Rompicharla,27,5066
28,Andhra Pradesh,503,Chittoor,5373,1,Rompicherla,7,5373
23,Madhya Pradesh,395,Bhind,3396,2,Ron,5,3396
29,Karnataka,537,Gadag,5469,3,Ron,2,5469
17,Meghalaya,277,South Garo Hills,1978,3,Rongara,3,1978
11,Sikkim,741,Pakyong,1555,3,Rongli,3,1555
17,Meghalaya,278,West Garo Hills,1965,3,Rongram,4,1965
2,Himachal Pradesh,24,Sirmaur,176,3,Ronhat,10,176
8,Rajasthan,86,Ajmer,6657,10,Roopangarh,0,0
5,Uttarakhand,50,Haridwar,353,5,Roorkee,1,353
10,Bihar,217,Samastipur,1300,1,Rosera,17,1300
21,Odisha,373,Sundaragada,7462,2,Rourkela,0,0
28,Andhra Pradesh,746,Kakinada,4891,2,Rowthulapudi,6,4891
1,Jammu And Kashmir,5,Jammu,80,4,R. S. Pura,2,80
9,Uttar Pradesh,140,Ayodhya,902,1,Rudauli,1,902
8,Rajasthan,91,Bharatpur,7389,2,Rudawal,0,0
21,Odisha,353,Gajapati,3102,7,R.Udayagiri,3,3102
9,Uttar Pradesh,131,Basti,940,1,Rudhauli,3,940
36,Telangana,683,Rajanna Sircilla,6219,1,Rudrangi,0,0
5,Uttarakhand,54,Rudraprayag,291,4,Rudraprayag,2,291
9,Uttar Pradesh,137,Deoria,960,1,Rudrapur,2,960
5,Uttarakhand,56,Udham Singh Nagar,6030,2,Rudrapur,0,0
28,Andhra Pradesh,755,Nandyal,5297,2,Rudravaram,48,5297
36,Telangana,516,Nizamabad,6240,1,Rudrur,0,0
12,Arunachal Pradesh,232,East Siang,1653,5,Ruksin Adc,9,1653
12,Arunachal Pradesh,679,Siang,1630,4,Rumgong Adc,9,1630
10,Bihar,221,Sitamarhi,1073,1,Runisaidpur,11,1073
18,Assam,297,Nagaon,2033,1,Rupahi,3,2033
12,Arunachal Pradesh,242,West Kameng,6560,5,Rupa Sdo,0,0
10,Bihar,214,Purnia,1131,1,Rupauli,4,1131
8,Rajasthan,91,Bharatpur,514,5,Rupbas,10,514
3,Punjab,42,Rupnagar,264,1,Rup Nagar,2,264
2,Himachal Pradesh,16,Chamba,7561,2,Saach,0,0
23,Madhya Pradesh,417,Morena,3390,2,Sabalgarh,6,3390
19,West Bengal,318,Paschim Medinipur,2464,1,Sabang,31,2464
24,Gujarat,438,Ahmedabad,3781,7,Sabarmati,5,3781
28,Andhra Pradesh,744,Anakapalli,4861,2,Sabbavaram,21,4861
8,Rajasthan,99,Dungarpur,6062,1,Sabla,0,0
10,Bihar,192,Bhagalpur,1338,1,Sabour,10,1338
16,Tripura,271,South Tripura,6688,1,Sabroom,0,0
9,Uttar Pradesh,163,Hathras,760,1,Sadabad,4,760
27,Maharashtra,476,Gondia,4049,1,Sadak-Arjuni,6,4049
16,Tripura,272,West Tripura,6696,2,Sadar,10,0
9,Uttar Pradesh,162,Lucknow,821,10,Sadar,3,821
7,Delhi,795,Old Delhi,7575,1,Sadar Bazar,0,0
36,Telangana,685,Kamareddy,4381,4,Sadashivanagar,25,4381
36,Telangana,691,Sangareddy,4490,2,Sadasivpet,40,4490
6,Haryana,76,Yamunanagar,6475,1,Sadhaura St,0,0
18,Assam,302,Tinsukia,2059,1,Sadiya,1,2059
8,Rajasthan,100,Ganganagar,459,2,Sadulshahar,3,459
2,Himachal Pradesh,18,Kangra,7291,5,Sadwan,0,0
6,Haryana,65,Jind,385,2,Safidon,4,385
9,Uttar Pradesh,186,Unnao,814,15,Safipur,1,814
12,Arunachal Pradesh,237,Papum Pare,1601,7,Sagalee Adc,6,1601
29,Karnataka,547,Shivamogga,5515,1,Sagar,1,5515
19,West Bengal,304,South 24 Parganas,2438,1,Sagar,27,2438
23,Madhya Pradesh,425,Sagar,3449,5,Sagar,5,3449
19,West Bengal,319,Murshidabad,2230,1,Sagardighi,8,2230
23,Madhya Pradesh,425,Sagar,7030,1,Sagar Nagar,0,0
24,Gujarat,452,Narmada,3912,1,Sagbara,4,3912
20,Jharkhand,328,Garhwa,2505,1,Sagma,0,2505
12,Arunachal Pradesh,724,Leparada,6840,1,Sago,0,0
9,Uttar Pradesh,123,Azamgarh,965,4,Sagri,2,965
8,Rajasthan,99,Dungarpur,648,7,Sagwara,3,648
14,Manipur,717,Kamjong,6499,2,Sahamphung,0,0
10,Bihar,193,Bhojpur,1434,1,Sahar,14,1434
8,Rajasthan,92,Bhilwara,633,3,Sahara,7,633
9,Uttar Pradesh,177,Saharanpur,702,1,Saharanpur,2,702
21,Odisha,361,Kendujhar,7491,3,Saharapada,0,0
22,Chhattisgarh,382,Kabeerdham,3300,2,Sahaspur Lohara,0,3300
6,Haryana,58,Ambala,6429,1,Saha St,0,0
9,Uttar Pradesh,133,Budaun,781,1,Sahaswan,4,781
9,Uttar Pradesh,633,Kasganj,1011,1,Sahawar,1,1011
10,Bihar,224,Vaishali,1282,1,Sahdai Buzurg,15,1282
10,Bihar,208,Muzaffarpur,1199,1,Sahebganj,1,1199
10,Bihar,191,Begusarai,1318,1,Sahebpur Kamal,15,1318
20,Jharkhand,340,Sahebganj,2564,1,Sahibganj,1,2564
19,West Bengal,317,Purba Medinipur,2473,1,Sahid Matangini,26,2473
9,Uttar Pradesh,148,Gorakhpur,949,4,Sahjanwa,2,949
2,Himachal Pradesh,16,Chamba,7451,1,Saho,0,0
36,Telangana,507,Hyderabad,4511,2,Saidabad,16,4511
9,Uttar Pradesh,146,Ghazipur,988,1,Saidpur,2,988
9,Uttar Pradesh,139,Etawah,837,2,Saifai,2,837
23,Madhya Pradesh,418,Narsimhapur,7003,2,Saikheda,0,0
14,Manipur,254,Churachandpur,6501,5,Saikot,0,0
14,Manipur,712,Kangpokpi,6493,2,Saikul,0,0
23,Madhya Pradesh,423,Ratlam,3504,2,Sailana,4,3504
2,Himachal Pradesh,20,Kullu,119,4,Sainj,3,119
21,Odisha,345,Balangir,3148,2,Saintala,8,3148
8,Rajasthan,97,Dausa,7136,4,Sainthal,0,0
19,West Bengal,307,Birbhum,2261,1,Sainthia,13,2261
17,Meghalaya,657,East Jaintia Hills,2000,5,Saipung,0,2000
14,Manipur,712,Kangpokpi,1862,5,Saitu-Gamphazol,5,1862
22,Chhattisgarh,650,Bemetara,3313,5,Saja,3,3313
8,Rajasthan,88,Banswara,6043,1,Sajjangarh,0,0
9,Uttar Pradesh,135,Chandauli,992,11,Sakaldiha,1,992
28,Andhra Pradesh,747,Dr. B.R. Ambedkar Konaseema,4939,3,Sakhinetipalli,55,4939
29,Karnataka,539,Hassan,5553,1,Sakleshpur,1,5553
22,Chhattisgarh,734,Gaurela-Pendra-Marwahi,7252,1,Sakola,0,0
27,Maharashtra,471,Bhandara,4040,1,Sakoli,4,4040
10,Bihar,208,Muzaffarpur,1214,1,Sakra,16,1214
13,Nagaland,248,Phek,1808,1,Sakraba,7,1808
27,Maharashtra,474,Dhule,3958,1,Sakri,3,3958
13,Nagaland,615,Longleng,1834,1,Sakshi,0,1834
22,Chhattisgarh,762,Sakti,3282,5,Sakti,4,3282
19,West Bengal,704,Paschim Bardhaman,2268,2,Salanpur,1,2268
19,West Bengal,318,Paschim Medinipur,2452,1,Salbani,12,2452
30,Goa,552,South Goa,5616,1,Salcete,2,5616
27,Maharashtra,476,Gondia,4048,1,Salekasa,5,4048
33,Tamil Nadu,584,Salem,5740,3,Salem,5,5740
9,Uttar Pradesh,137,Deoria,962,4,Salempur,4,962
33,Tamil Nadu,584,Salem,5970,1,Salem South,0,0
33,Tamil Nadu,584,Salem,5971,1,Salem West,0,0
21,Odisha,350,Kataka,2957,4,Salepur,1,2957
6,Haryana,64,Jhajjar,6443,1,Salhawas St,0,0
22,Chhattisgarh,759,Khairagarh-Chhuikhadan-Gandai,7294,3,Salhewara,0,0
29,Karnataka,545,Mysuru,7230,4,Saligrama,0,0
10,Bihar,216,Saharsa,1179,1,Salkhua,9,1179
1,Jammu And Kashmir,1,Anantnag,6818,6,Sallar,0,0
9,Uttar Pradesh,175,Rae Bareli,829,4,Salon,7,829
36,Telangana,516,Nizamabad,7532,1,Saloora,0,0
19,West Bengal,305,Bankura,2356,1,Saltora,1,2356
8,Rajasthan,777,Salumbar,692,6,Salumbar,8,692
2,Himachal Pradesh,16,Chamba,85,8,Saluni,3,85
28,Andhra Pradesh,743,Parvathipuram Manyam,4817,2,Salur,11,4817
8,Rajasthan,103,Jaisalmer,7143,6,Sam,0,0
18,Assam,297,Nagaon,2032,1,Samaguri,2,2032
6,Haryana,71,Panipat,377,2,Samalkha,3,377
28,Andhra Pradesh,746,Kakinada,4910,2,Samalkota,26,4910
3,Punjab,41,Patiala,250,1,Samana,1,250
17,Meghalaya,273,East Garo Hills,1974,1,Samanda,4,1974
10,Bihar,217,Samastipur,1288,1,Samastipur,5,1288
1,Jammu And Kashmir,624,Samba,82,11,Samba,5,82
21,Odisha,371,Sambalpur,7464,8,Sambalpur,0,0
28,Andhra Pradesh,753,Annamayya,5237,2,Sambepalle,39,5237
9,Uttar Pradesh,659,Sambhal,721,2,Sambhal,4,721
8,Rajasthan,775,Balotra,6904,3,Samdari,0,0
10,Bihar,201,Katihar,1154,1,Sameli,13,1154
24,Gujarat,455,Patan,3749,4,Sami,7,3749
10,Bihar,212,Patna,1401,1,Sampatchak,4,1401
6,Haryana,73,Rohtak,406,3,Sampla,2,406
3,Punjab,36,Ludhiana,224,1,Samrala,1,224
22,Chhattisgarh,649,Balrampur-Ramanujganj,7242,3,Samri,0,0
19,West Bengal,319,Murshidabad,2224,1,Samserganj,2,2224
27,Maharashtra,498,Wardha,4022,1,Samudrapur,8,4022
14,Manipur,254,Churachandpur,6505,2,Samulamlan,0,0
21,Odisha,354,Ganjam,7488,6,Sanakhemundi,0,0
24,Gujarat,438,Ahmedabad,3780,1,Sanand,4,3780
23,Madhya Pradesh,414,Khargone (West Nimar),6997,7,Sanawad,0,0
8,Rajasthan,104,Jalore,590,6,Sanchore,6,590
10,Bihar,193,Bhojpur,1425,1,Sandesh,5,1425
19,West Bengal,303,North 24 Parganas,2334,1,Sandeshkhali - I,19,2334
19,West Bengal,303,North 24 Parganas,2335,1,Sandeshkhali - II,20,2335
2,Himachal Pradesh,22,Mandi,126,9,Sandhol,4,126
9,Uttar Pradesh,150,Hardoi,813,1,Sandila,5,813
29,Karnataka,528,Ballari,5501,1,Sandur,6,5501
14,Manipur,254,Churachandpur,6503,3,Sangaikot,0,0
28,Andhra Pradesh,515,Sri Potti Sriramulu Nellore,5171,1,Sangam,19,5171
27,Maharashtra,492,Ratnagiri,4272,1,Sangameshwar,7,4272
27,Maharashtra,466,Ahilyanagar,4202,1,Sangamner,2,4202
8,Rajasthan,102,Jaipur,545,1,Sanganer,8,545
36,Telangana,691,Sangareddy,4492,3,Sangareddy,42,4492
8,Rajasthan,101,Hanumangarh,466,1,Sangaria,1,466
15,Mizoram,264,Lawngtlai,1919,1,Sangau,1,1919
12,Arunachal Pradesh,237,Papum Pare,6600,3,Sangdupota Basar Nello Circle,0,0
36,Telangana,522,Warangal,4705,5,Sangem,34,4705
2,Himachal Pradesh,19,Kinnaur,199,2,Sangla,6,199
8,Rajasthan,109,Kota,669,8,Sangod,5,669
27,Maharashtra,496,Solapur,4251,1,Sangole,8,4251
10,Bihar,207,Munger,1364,1,Sangrampur,16,1364
27,Maharashtra,472,Buldhana,3976,1,Sangrampur,2,3976
10,Bihar,213,Purbi Champaran,1046,1,Sangrampur,16,1046
12,Arunachal Pradesh,233,Kurung Kumey,1705,6,Sangram Sdo,6,1705
3,Punjab,43,Sangrur,271,3,Sangrur,4,271
13,Nagaland,249,Tuensang,1819,1,Sangsangnyu,0,1819
30,Goa,793,Kushavati,5618,5,Sanguem,4,5618
13,Nagaland,250,Wokha,1785,1,Sanis,6,1785
28,Andhra Pradesh,755,Nandyal,5300,2,Sanjamala,51,5300
24,Gujarat,445,Dahod,6204,1,Sanjeli,0,0
10,Bihar,215,Rohtas,1465,1,Sanjhauli,9,1465
8,Rajasthan,110,Nagaur,7149,6,Sanjoo,0,0
33,Tamil Nadu,733,Tenkasi,5871,5,Sankarankoil,2,5871
33,Tamil Nadu,729,Kallakurichi,5733,9,Sankarapuram,6,5733
33,Tamil Nadu,584,Salem,5739,1,Sankari,4,5739
22,Chhattisgarh,375,Bilaspur,7235,4,Sankari,0,0
5,Uttarakhand,57,Uttarkashi,6404,3,Sankari,0,0
28,Andhra Pradesh,746,Kakinada,4892,2,Sankhavaram,8,4892
24,Gujarat,668,Chhotaudepur,3904,3,Sankheda,8,3904
37,Ladakh,6,Kargil,14,3,Sankoo,1,14
19,West Bengal,313,Howrah,2404,1,Sankrail,19,2404
19,West Bengal,703,Jhargram,2459,2,Sankrail,19,2459
22,Chhattisgarh,380,Jashpur,7234,2,Sanna,0,0
24,Gujarat,455,Patan,3744,2,Santalpur,1,3744
28,Andhra Pradesh,519,Srikakulam,4790,1,Santhabommali,22,4790
28,Andhra Pradesh,521,Vizianagaram,4795,2,Santhakaviti,27,4795
28,Andhra Pradesh,517,Prakasam,5104,3,Santhamaguluru,8,5104
28,Andhra Pradesh,517,Prakasam,5138,1,Santhanuthala Padu,42,5138
28,Andhra Pradesh,503,Chittoor,5425,1,Santhipuram,59,5425
19,West Bengal,320,Nadia,2311,1,Santipur,13,2311
16,Tripura,271,South Tripura,6683,1,Santirbazar,0,0
24,Gujarat,669,Mahisagar,3881,9,Santrampur,3,3881
19,West Bengal,321,Purulia,2384,1,Santuri,7,2384
23,Madhya Pradesh,410,Indore,3542,7,Sanwer,2,3542
18,Assam,708,Charaideo,7054,13,Sapekhati,0,0
8,Rajasthan,108,Karauli,525,1,Sapotra,6,525
13,Nagaland,251,Zunheboto,1778,1,Saptiqa,0,1778
8,Rajasthan,777,Salumbar,693,6,Sarada,9,693
22,Chhattisgarh,379,Janjgir-Champa,7274,6,Saragaon,0,0
29,Karnataka,545,Mysuru,7098,10,Saraguru,0,0
2,Himachal Pradesh,23,Shimla,6959,3,Sarahan,0,0
23,Madhya Pradesh,638,Singrauli,6986,6,Sarai,0,0
10,Bihar,223,Supaul,1106,1,Saraigarh Bhaptiyahi,6,1106
20,Jharkhand,341,Saraikela Kharsawan,2753,1,Saraikela,10,2753
22,Chhattisgarh,385,Mahasamund,3340,1,Saraipali,2,3340
10,Bihar,217,Samastipur,1295,1,Sarairanjan,12,1295
10,Bihar,208,Muzaffarpur,1202,1,Saraiya,4,1202
20,Jharkhand,326,Dumka,2666,1,Saraiyahat,1,2666
36,Telangana,680,Nirmal,4336,4,Sarangapur,32,4336
36,Telangana,681,Jagitial,4396,5,Sarangapur,4,4396
22,Chhattisgarh,763,Sarangarh-Bilaigarh,3270,2,Sarangarh,6,3270
23,Madhya Pradesh,422,Rajgarh,3567,2,Sarangpur,5,3567
21,Odisha,365,Mayurbhanj,7479,3,Saraskana,0,0
24,Gujarat,455,Patan,6196,1,Saraswati,0,0
6,Haryana,76,Yamunanagar,6476,3,Saraswati Nagar St,0,0
20,Jharkhand,324,Deoghar,2553,1,Sarath,7,2553
28,Andhra Pradesh,519,Srikakulam,4788,1,Saravakota,20,4788
2,Himachal Pradesh,23,Shimla,6960,4,Sarawati Nagar,0,0
8,Rajasthan,112,Rajsamand,7370,2,Sardargarh,0,0
23,Madhya Pradesh,403,Dhar,3533,1,Sardarpur,2,3533
8,Rajasthan,96,Churu,483,5,Sardarshahar,3,483
9,Uttar Pradesh,169,Meerut,732,1,Sardhana,1,732
3,Punjab,37,Mansa,247,2,Sardulgarh,1,247
19,West Bengal,305,Bankura,2377,1,Sarenga,22,2377
22,Chhattisgarh,647,Mungeli,7326,6,Sargaon,0,0
9,Uttar Pradesh,149,Hamirpur,866,3,Sarila,2,866
22,Chhattisgarh,763,Sarangarh-Bilaigarh,7244,5,Sariya,0,0
2,Himachal Pradesh,22,Mandi,129,12,Sarkaghat,7,129
12,Arunachal Pradesh,233,Kurung Kumey,1712,6,Sarli Circle,10,1712
8,Rajasthan,98,Dholpur,6389,2,Sarmathura,0,0
10,Bihar,209,Nalanda,1384,1,Sarmera,7,1384
9,Uttar Pradesh,162,Lucknow,6094,10,Sarojani Nagar,0,0
22,Chhattisgarh,381,Uttar Bastar Kanker,7325,1,Sarona,0,0
36,Telangana,518,Ranga Reddy,4526,3,Saroornagar,15,4526
22,Chhattisgarh,763,Sarangarh-Bilaigarh,7401,1,Sarsiwa,0,0
18,Assam,280,Barpeta,2023,8,Sarthebari,5,2023
28,Andhra Pradesh,519,Srikakulam,4793,1,Sarubujjili,25,4793
18,Assam,288,Golaghat,2087,2,Sarupathar,5,2087
18,Assam,739,Bajali,2025,14,Sarupeta (Pt),7,2025
20,Jharkhand,324,Deoghar,2547,1,Sarwan,3,2547
8,Rajasthan,86,Ajmer,613,8,Sarwar,8,613
10,Bihar,215,Rohtas,1471,1,Sasaram,15,1471
3,Punjab,608,S.A.S Nagar,267,13,Sas Nagar (Mohali),0,267
9,Uttar Pradesh,163,Hathras,757,1,Sasni,1,757
37,Ladakh,9,Leh Ladakh,7160,3,Saspol,0,0
23,Madhya Pradesh,398,Chhatarpur,7397,8,Satai,0,0
13,Nagaland,251,Zunheboto,1777,1,Satakha,10,1777
27,Maharashtra,494,Satara,4262,4,Satara,8,4262
30,Goa,551,North Goa,5613,1,Satari,5,5613
10,Bihar,216,Saharsa,1172,1,Satar Kataiya,2,1172
20,Jharkhand,338,Palamu,2631,1,Satbarwa,10,2631
20,Jharkhand,334,Koderma,2526,1,Satgawan,1,2526
24,Gujarat,672,Arvalli,7559,3,Sathamba,0,0
33,Tamil Nadu,594,Thoothukkudi,5869,1,Sathankulam,8,5869
36,Telangana,501,Adilabad,7515,1,Sathnala,0,0
36,Telangana,509,Khammam,4751,2,Sathupalli,29,4751
33,Tamil Nadu,573,Erode,5749,5,Sathyamangalam,1,5749
24,Gujarat,451,Mahesana,3751,1,Satlasana,1,3751
6,Haryana,69,Mahendragarh,6459,2,Satnali St,0,0
13,Nagaland,251,Zunheboto,1779,1,Satoi,11,1779
5,Uttarakhand,52,Pauri Garhwal,311,1,Satpuli,5,311
28,Andhra Pradesh,751,Palnadu,5058,3,Sattenapalli,19,5058
33,Tamil Nadu,597,Virudhunagar,5854,2,Sattur,8,5854
23,Madhya Pradesh,402,Dewas,3528,3,Satwas,0,3528
21,Odisha,369,Puri,3064,3,Satyabadi,7,3064
28,Andhra Pradesh,752,Tirupati,5402,2,Satyavedu,36,5402
10,Bihar,216,Saharsa,1175,1,Saur Bazar,5,1175
23,Madhya Pradesh,785,Pandhurna,3656,3,Sausar,7,3656
29,Karnataka,527,Belagavi,5441,5,Savadatti,9,5441
28,Andhra Pradesh,751,Palnadu,5064,2,Savalyapuram H/O Kanamarlapudi,25,5064
29,Karnataka,540,Haveri,5490,1,Savanur,2,5490
24,Gujarat,439,Amreli,3846,3,Savar Kundla,8,3846
24,Gujarat,461,Vadodara,3897,2,Savli,1,3897
27,Maharashtra,484,Nagpur,4026,1,Savner,4,4026
12,Arunachal Pradesh,231,East Kameng,1591,2,Sawa Circle,10,1591
8,Rajasthan,113,Sawai Madhopur,531,1,Sawai Madhopur,6,531
27,Maharashtra,473,Chandrapur,4068,1,Sawali,5,4068
27,Maharashtra,495,Sindhudurg,4281,1,Sawantwadi,7,4281
8,Rajasthan,86,Ajmer,6660,6,Sawar,0,0
9,Uttar Pradesh,150,Hardoi,810,1,Sawayajpur,2,810
14,Manipur,255,Imphal East,1884,1,Sawombung,2,1884
24,Gujarat,460,Surendranagar,3795,1,Sayla,8,3795
8,Rajasthan,104,Jalore,585,1,Sayla,1,585
8,Rajasthan,117,Udaipur,7390,7,Sayra,0,0
13,Nagaland,245,Kohima,1850,2,Sechu-Zubza,0,1850
36,Telangana,507,Hyderabad,4498,1,Secunderabad,3,4498
29,Karnataka,538,Kalaburagi,5584,1,Sedam,5,5584
8,Rajasthan,90,Barmer,6045,8,Sedwa,0,0
22,Chhattisgarh,375,Bilaspur,7247,1,Seepat,0,0
36,Telangana,688,Mahabubabad,7518,1,Seerole,0,0
28,Andhra Pradesh,520,Visakhapatnam,6836,1,Seethammadhara,0,0
28,Andhra Pradesh,743,Parvathipuram Manyam,4770,2,Seethampeta,2,4770
28,Andhra Pradesh,505,East Godavari,4896,1,Seethanagaram,12,4896
28,Andhra Pradesh,743,Parvathipuram Manyam,4814,2,Seethanagaram,8,4814
28,Andhra Pradesh,515,Sri Potti Sriramulu Nellore,5153,1,Seetharamapuram,1,5153
23,Madhya Pradesh,414,Khargone (West Nimar),3548,1,Segaon,4,3548
12,Arunachal Pradesh,241,Upper Subansiri,6553,1,Segi Gusar Circle,0,0
23,Madhya Pradesh,427,Sehore,3582,3,Sehore,1,3582
23,Madhya Pradesh,427,Sehore,7008,4,Sehore Nagar,0,0
12,Arunachal Pradesh,723,Pakke Kessang,6104,4,Seijosa Adc,0,0
8,Rajasthan,107,Jodhpur,6927,22,Sekhala,0,0
13,Nagaland,248,Phek,1800,1,Sekruzu,1,1800
27,Maharashtra,498,Wardha,4018,1,Seloo,4,4018
17,Meghalaya,278,West Garo Hills,1962,9,Selsella,1,1962
27,Maharashtra,489,Parbhani,4116,2,Selu,1,4116
8,Rajasthan,777,Salumbar,6911,7,Semari,0,0
23,Madhya Pradesh,424,Rewa,3475,2,Semaria,0,3475
33,Tamil Nadu,580,Namakkal,6632,2,Sendamangalam,0,0
23,Madhya Pradesh,393,Barwani,3561,4,Sendhwa,6,3561
33,Tamil Nadu,610,Ariyalur,5785,1,Sendurai,1,5785
27,Maharashtra,477,Hingoli,4111,1,Sengaon,1,4111
20,Jharkhand,336,Lohardaga,2602,1,Senha,4,2602
23,Madhya Pradesh,401,Datia,3403,1,Seondha,1,3403
23,Madhya Pradesh,428,Seoni,3664,5,Seoni,4,3664
23,Madhya Pradesh,409,Narmadapuram,3612,5,Seoni Malwa,1,3612
23,Madhya Pradesh,428,Seoni,7018,4,Seoni Nagar,0,0
8,Rajasthan,98,Dholpur,517,3,Sepau,3,517
12,Arunachal Pradesh,231,East Kameng,1584,8,Seppa Hq,4,1584
19,West Bengal,312,Hooghly,2350,1,Serampur Uttarpara,13,2350
15,Mizoram,268,Serchhip,1910,2,Serchhip,1,1910
36,Telangana,518,Ranga Reddy,4516,1,Serilingampally,5,4516
8,Rajasthan,772,Phalodi,7147,3,Setrawa,0,0
28,Andhra Pradesh,502,Ananthapuramu,5332,1,Settur,29,5332
9,Uttar Pradesh,146,Ghazipur,6835,5,Sewarai,0,0
13,Nagaland,614,Kiphire,1835,1,Seyochung,13,1835
36,Telangana,518,Ranga Reddy,4542,1,Shabad,31,4542
23,Madhya Pradesh,391,Ashoknagar,3687,6,Shadhora,0,3687
9,Uttar Pradesh,150,Hardoi,809,1,Shahabad,4,809
9,Uttar Pradesh,176,Rampur,727,2,Shahabad,4,727
29,Karnataka,538,Kalaburagi,7088,3,Shahabad,0,0
27,Maharashtra,486,Nandurbar,3953,1,Shahade,4,3953
27,Maharashtra,497,Thane,4167,1,Shahapur,11,4167
6,Haryana,68,Kurukshetra,364,4,Shahbad,1,364
8,Rajasthan,89,Baran,675,2,Shahbad,6,675
1,Jammu And Kashmir,1,Anantnag,6816,7,Shahbad Bala,0,0
7,Delhi,81,North East,437,3,Shahdara,2,437
9,Uttar Pradesh,152,Jaunpur,981,5,Shahganj,1,981
23,Madhya Pradesh,425,Sagar,3447,1,Shahgarh,0,3447
9,Uttar Pradesh,180,Shahjahanpur,795,3,Shahjahanpur,3,795
3,Punjab,34,Jalandhar,209,1,Shahkot,1,209
10,Bihar,192,Bhagalpur,1341,1,Shahkund,13,1341
23,Madhya Pradesh,420,Panna,3441,3,Shahnagar,5,3441
1,Jammu And Kashmir,11,Pulwama,6794,4,Shahoora (Litter),0,0
2,Himachal Pradesh,18,Kangra,98,17,Shahpur,6,98
29,Karnataka,635,Yadgir,5588,4,Shahpur,9,5588
23,Madhya Pradesh,394,Betul,3603,2,Shahpur,3,3603
10,Bihar,193,Bhojpur,1421,1,Shahpur,1,1421
8,Rajasthan,102,Jaipur,540,4,Shahpura,3,540
23,Madhya Pradesh,411,Jabalpur,3630,5,Shahpura,3,3630
8,Rajasthan,92,Bhilwara,629,7,Shahpura,3,629
23,Madhya Pradesh,404,Dindori,3639,1,Shahpura,1,3639
27,Maharashtra,480,Kolhapur,4283,2,Shahuwadi,1,4283
6,Haryana,58,Ambala,6431,1,Shahzadpur St,0,0
36,Telangana,507,Hyderabad,4496,1,Shaikpet,1,4496
23,Madhya Pradesh,430,Shajapur,3519,3,Shajapur,5,3519
37,Ladakh,6,Kargil,6192,6,Shakar Chiktan,0,0
7,Delhi,796,Central North,7578,5,Shakur Basti,0,0
36,Telangana,514,Nalgonda,4624,2,Shaligouraram,12,4624
20,Jharkhand,323,Chatra,2514,1,Shaligram Ram Narayanpur(Hunterganj),0,2514
7,Delhi,796,Central North,7579,2,Shalimar Bagh,0,0
17,Meghalaya,279,West Khasi Hills,7338,3,Shallang,0,0
5,Uttarakhand,46,Bageshwar,6367,1,Shama,0,0
21,Odisha,365,Mayurbhanj,7457,7,Shamakhunta,0,0
13,Nagaland,765,Shamator,1825,2,Shamator,10,1825
10,Bihar,190,Banka,1345,1,Shambhuganj,1,1345
23,Madhya Pradesh,416,Mandsaur,3495,2,Shamgarh,0,3495
10,Bihar,191,Begusarai,1321,1,Shamho Akha Kurha,18,1321
36,Telangana,700,Medchal Malkajgiri,4520,4,Shamirpet,9,4520
24,Gujarat,672,Arvalli,7548,3,Shamlaji,0,0
9,Uttar Pradesh,660,Shamli,707,11,Shamli,2,707
36,Telangana,518,Ranga Reddy,4543,1,Shamshabad,32,4543
23,Madhya Pradesh,437,Vidisha,3576,2,Shamshabad,0,3576
13,Nagaland,247,Mon,1747,1,Shangnyu,4,1747
1,Jammu And Kashmir,1,Anantnag,56,8,Shangus,3,56
36,Telangana,513,Medak,4454,2,Shankarampet (A),5,4454
36,Telangana,513,Medak,4467,2,Shankarampet (R),17,4467
36,Telangana,508,Karimnagar,4441,1,Shankarapatnam,48,4441
22,Chhattisgarh,649,Balrampur-Ramanujganj,3241,2,Shankargarh,0,3241
36,Telangana,518,Ranga Reddy,4515,1,Shankarpalle,4,4515
10,Bihar,205,Madhepura,1162,1,Shankarpur,5,1162
24,Gujarat,455,Patan,6197,1,Shankheshvar,0,0
36,Telangana,686,Hanumakonda,4691,2,Shayampet,20,4691
27,Maharashtra,472,Buldhana,3977,1,Shegaon,3,3977
24,Gujarat,454,Panch Mahals,3883,4,Shehera,5,3883
10,Bihar,219,Sheikhpura,1374,1,Sheikhpura,3,1374
10,Bihar,219,Sheikhpura,1373,1,Shekhopur Sarai,2,1373
17,Meghalaya,274,East Khasi Hills,1994,1,Shella Bholaganj,6,1994
33,Tamil Nadu,733,Tenkasi,5874,3,Shenkottai,5,5874
8,Rajasthan,90,Barmer,577,5,Sheo,1,577
8,Rajasthan,115,Sirohi,592,1,Sheoganj,1,592
10,Bihar,220,Sheohar,1060,1,Sheohar,3,1060
23,Madhya Pradesh,431,Sheopur,3382,3,Sheopur,2,3382
10,Bihar,215,Rohtas,1470,1,Sheosagar,14,1470
21,Odisha,354,Ganjam,3092,7,Sheragada,6,3092
12,Arunachal Pradesh,242,West Kameng,6566,2,Shergaon Circle,0,0
8,Rajasthan,107,Jodhpur,571,15,Shergarh,5,571
10,Bihar,196,Gaya,1503,1,Sherghati,17,1503
37,Ladakh,6,Kargil,7305,2,Shergole,0,0
27,Maharashtra,466,Ahilyanagar,4207,1,Shevgaon,7,4207
29,Karnataka,540,Haveri,5489,1,Shiggaon,1,5489
20,Jharkhand,326,Dumka,2671,1,Shikaripara,6,2671
9,Uttar Pradesh,134,Bulandshahr,750,2,Shikarpur,6,750
29,Karnataka,547,Shivamogga,5517,1,Shikarpur,3,5517
9,Uttar Pradesh,143,Firozabad,774,4,Shikohabad,4,774
2,Himachal Pradesh,24,Sirmaur,175,6,Shillai,9,175
2,Himachal Pradesh,23,Shimla,181,13,Shimla ( Rural ),0,181
2,Himachal Pradesh,23,Shimla,182,1,Shimla (Urban),0,182
29,Karnataka,537,Gadag,5471,6,Shirahatti,4,5471
27,Maharashtra,493,Sangli,4295,1,Shirala,1,4295
27,Maharashtra,480,Kolhapur,4286,2,Shirol,4,4286
27,Maharashtra,474,Dhule,3956,3,Shirpur,1,3956
27,Maharashtra,490,Pune,4189,1,Shirur,3,4189
27,Maharashtra,481,Latur,4231,2,Shirur Anantpal,6,4231
27,Maharashtra,470,Beed,4217,1,Shirur (Kasar),3,4217
10,Bihar,217,Samastipur,1286,1,Shivaji Nagar,3,1286
29,Karnataka,547,Shivamogga,5520,2,Shivamogga,6,5520
36,Telangana,513,Medak,4487,2,Shivampet,37,4487
23,Madhya Pradesh,409,Narmadapuram,7565,1,Shivpur,0,0
23,Madhya Pradesh,432,Shivpuri,3408,4,Shivpuri,2,3408
23,Madhya Pradesh,432,Shivpuri,7044,2,Shivpuri Nagar,0,0
22,Chhattisgarh,379,Janjgir-Champa,7256,3,Shivrinarayan,0,0
9,Uttar Pradesh,182,Siddharthnagar,932,1,Shohratgarh,1,932
33,Tamil Nadu,568,Chennai,5705,4,Sholinganallur,0,5705
33,Tamil Nadu,731,Ranipet,7060,3,Sholinghur,0,0
33,Tamil Nadu,577,Krishnagiri,6641,1,Shoolagiri,0,0
1,Jammu And Kashmir,625,Shopian,52,12,Shopian,4,52
29,Karnataka,635,Yadgir,5587,6,Shorapur,8,5587
27,Maharashtra,466,Ahilyanagar,4212,1,Shrigonda,12,4212
8,Rajasthan,114,Sikar,555,9,Shrimadhopur,5,555
8,Rajasthan,108,Karauli,7148,2,Shrimahaveer Ji,0,0
27,Maharashtra,466,Ahilyanagar,4205,1,Shrirampur,5,4205
29,Karnataka,544,Mandya,5549,1,Shrirangapattana,4,5549
27,Maharashtra,491,Raigad,4183,1,Shrivardhan,12,4183
23,Madhya Pradesh,430,Shajapur,3522,4,Shujalpur,7,3522
23,Madhya Pradesh,427,Sehore,3583,5,Shyampur,0,3583
19,West Bengal,313,Howrah,2410,1,Shyampur - I,13,2410
19,West Bengal,313,Howrah,2411,1,Shyampur - II,14,2411
15,Mizoram,267,Siaha,1921,2,Siaha,0,1921
9,Uttar Pradesh,134,Bulandshahr,747,4,Siana,3,747
12,Arunachal Pradesh,719,Lower Siang,6573,1,Sibe Circle,0,0
18,Assam,300,Sivasagar,2071,4,Sibsagar,2,2071
29,Karnataka,550,Uttara Kannada,5486,1,Siddapur,9,5486
36,Telangana,692,Siddipet,6281,2,Siddipet Rural,0,0
36,Telangana,692,Siddipet,4459,4,Siddipet Urban,10,4459
9,Uttar Pradesh,183,Sitapur,808,23,Sidhauli,6,808
10,Bihar,211,Pashchim Champaran,1013,1,Sidhaw,1,1013
8,Rajasthan,96,Churu,6931,6,Sidhmukh,0,0
28,Andhra Pradesh,504,Y.S.R. Kadapa,5229,1,Sidhout,31,5229
24,Gujarat,455,Patan,3746,1,Sidhpur,4,3746
10,Bihar,197,Gopalganj,1227,1,Sidhwalia,13,1227
29,Karnataka,630,Chikkaballapura,5599,1,Sidlaghatta,5,5599
18,Assam,612,Chirang,2114,9,Sidli,90,2114
23,Madhya Pradesh,433,Sidhi,3700,5,Sihawal,4,3700
24,Gujarat,443,Bhavnagar,3856,1,Sihor,7,3856
23,Madhya Pradesh,411,Jabalpur,3627,12,Sihora,1,3627
2,Himachal Pradesh,16,Chamba,89,5,Sihunta,7,89
17,Meghalaya,277,South Garo Hills,7332,8,Siju,0,0
9,Uttar Pradesh,126,Ballia,976,2,Sikanderpur,2,976
9,Uttar Pradesh,156,Kanpur Dehat,847,1,Sikandra,2,847
10,Bihar,198,Jamui,1526,1,Sikandra,2,1526
9,Uttar Pradesh,134,Bulandshahr,745,1,Sikandrabad,1,745
9,Uttar Pradesh,163,Hathras,758,1,Sikandra Rao,2,758
8,Rajasthan,114,Sikar,553,6,Sikar,3,553
8,Rajasthan,114,Sikar,7228,5,Sikar Gramin,0,0
8,Rajasthan,97,Dausa,535,4,Sikrai,3,535
8,Rajasthan,767,Deeg,6930,5,Sikri,0,0
10,Bihar,211,Pashchim Champaran,1026,1,Sikta,14,1026
10,Bihar,188,Araria,1118,1,Sikti,7,1118
10,Bihar,209,Nalanda,1395,1,Silao,18,1395
18,Assam,282,Cachar,2097,1,Silchar,2,2097
20,Jharkhand,339,Ranchi,2688,1,Silli,5,2688
27,Maharashtra,469,Chhatrapati Sambhajinagar,4135,2,Sillod,3,4135
18,Assam,292,Karbi Anglong,2091,1,Silonijan,4,2091
12,Arunachal Pradesh,237,Papum Pare,6843,1,Silsango Circle,0,0
23,Madhya Pradesh,421,Raisen,3596,4,Silwani,6,3596
8,Rajasthan,99,Dungarpur,649,10,Simalwara,4,649
20,Jharkhand,323,Chatra,2524,1,Simaria,9,2524
23,Madhya Pradesh,420,Panna,6975,2,Simaria,0,0
20,Jharkhand,342,Simdega,2718,1,Simdega,12,2718
22,Chhattisgarh,644,Balodabazar-Bhatapara,3324,6,Simga,1,3324
28,Andhra Pradesh,504,Y.S.R. Kadapa,5217,1,Simhadripuram,19,5217
21,Odisha,363,Koraput,3215,9,Similiguda,11,3215
19,West Bengal,305,Bankura,2372,1,Simlapal,17,2372
10,Bihar,194,Buxar,1435,1,Simri,1,1435
10,Bihar,216,Saharsa,1178,1,Simri Bakhtiarpur,8,1178
21,Odisha,346,Baleshwar,2908,5,Simulia,17,2908
21,Odisha,368,Nuapada,3158,2,Sinapali,6,3158
27,Maharashtra,473,Chandrapur,4069,1,Sindewahi,6,4069
29,Karnataka,530,Vijayapura,5451,10,Sindgi,3,5451
8,Rajasthan,775,Balotra,6052,4,Sindhari,0,0
29,Karnataka,546,Raichur,5463,4,Sindhnur,5,5463
27,Maharashtra,474,Dhule,3957,3,Sindkhede,2,3957
27,Maharashtra,472,Buldhana,3986,1,Sindkhed Raja,12,3986
12,Arunachal Pradesh,240,Upper Siang,1662,4,Singa Circle,5,1662
33,Tamil Nadu,585,Sivaganga,5995,2,Singampunari,0,0
28,Andhra Pradesh,502,Ananthapuramu,5325,1,Singanamala,22,5325
28,Andhra Pradesh,517,Prakasam,5149,1,Singarayakonda,53,5149
36,Telangana,509,Khammam,4744,1,Singareni,22,4744
12,Arunachal Pradesh,242,West Kameng,1573,7,Singchung Adc,6,1573
10,Bihar,205,Madhepura,1159,1,Singheshwar,2,1159
10,Bihar,217,Samastipur,1301,1,Singhia,18,1301
1,Jammu And Kashmir,3,Baramulla,7204,1,Singhpora,0,0
10,Bihar,195,Darbhanga,1182,1,Singhwara,2,1182
14,Manipur,254,Churachandpur,1872,3,Singngat,5,1872
23,Madhya Pradesh,419,Neemuch,3488,2,Singoli,0,3488
23,Madhya Pradesh,638,Singrauli,3705,12,Singrauli,9,3705
23,Madhya Pradesh,638,Singrauli,7040,2,Singrauli Nagar,0,0
19,West Bengal,312,Hooghly,2349,1,Singur,12,2349
24,Gujarat,445,Dahod,6480,1,Singvad,0,0
27,Maharashtra,487,Nashik,4154,1,Sinnar,13,4154
24,Gujarat,461,Vadodara,3908,1,Sinor,12,3908
1,Jammu And Kashmir,12,Rajouri,6777,1,Siot,0,0
18,Assam,283,Darrang,2147,18,Sipajhar,4,2147
29,Karnataka,548,Tumakuru,5533,1,Sira,2,5533
23,Madhya Pradesh,408,Harda,3607,2,Sirali,0,3607
9,Uttar Pradesh,158,Kaushambi,885,1,Sirathu,1,885
9,Uttar Pradesh,129,Bara Banki,899,1,Sirauli Gauspur,4,899
36,Telangana,683,Rajanna Sircilla,4435,3,Sircilla,42,4435
10,Bihar,210,Nawada,1523,1,Sirdala,13,1523
36,Telangana,691,Sangareddy,6279,1,Sirgapoor,0,0
36,Telangana,501,Adilabad,6224,3,Sirikonda,0,0
36,Telangana,516,Nizamabad,4379,3,Sirikonda,23,4379
33,Tamil Nadu,735,Mayiladuthurai,5795,2,Sirkali,1,5795
23,Madhya Pradesh,424,Rewa,3473,5,Sirmour,2,3473
8,Rajasthan,115,Sirohi,593,3,Sirohi,2,593
27,Maharashtra,475,Gadchiroli,4063,1,Sironcha,12,4063
23,Madhya Pradesh,437,Vidisha,3571,2,Sironj,2,3571
36,Telangana,699,Kumuram Bheem Asifabad,4315,2,Sirpur (T),11,4315
36,Telangana,699,Kumuram Bheem Asifabad,4326,4,Sirpur U,22,4326
6,Haryana,74,Sirsa,390,5,Sirsa,2,390
9,Uttar Pradesh,143,Firozabad,6161,3,Sirsaganj,0,0
29,Karnataka,550,Uttara Kannada,5483,1,Sirsi,6,5483
29,Karnataka,528,Ballari,5499,1,Siruguppa,4,5499
28,Andhra Pradesh,755,Nandyal,5286,2,Sirvel,37,5286
29,Karnataka,546,Raichur,7097,2,Sirwar,0,0
20,Jharkhand,331,Gumla,2708,1,Sisai,3,2708
18,Assam,284,Dhemaji,2056,1,Sissibargaon,2,2056
10,Bihar,222,Siwan,1247,1,Siswan,19,1247
19,West Bengal,308,Cooch Behar,2189,1,Sitai,11,2189
19,West Bengal,308,Cooch Behar,2190,1,Sitalkuchi,12,2190
23,Madhya Pradesh,416,Mandsaur,3498,2,Sitamau,5,3498
9,Uttar Pradesh,183,Sitapur,804,27,Sitapur,2,804
22,Chhattisgarh,389,Surguja,3252,1,Sitapur,9,3252
5,Uttarakhand,56,Udham Singh Nagar,351,5,Sitarganj,3,351
13,Nagaland,614,Kiphire,1839,2,Sitimi,18,1839
33,Tamil Nadu,585,Sivaganga,5832,3,Sivaganga,4,5832
33,Tamil Nadu,733,Tenkasi,5870,3,Sivagiri,1,5870
33,Tamil Nadu,597,Virudhunagar,5849,2,Sivakasi,3,5849
10,Bihar,222,Siwan,1230,1,Siwan,2,1230
8,Rajasthan,775,Balotra,580,4,Siwana,4,580
6,Haryana,59,Bhiwani,400,2,Siwani,4,400
6,Haryana,66,Kaithal,6449,1,Siwan St,0,0
12,Arunachal Pradesh,241,Upper Subansiri,1610,2,Siyum Adc,4,1610
23,Madhya Pradesh,413,Katni,6977,3,Sleemnabad,0,0
28,Andhra Pradesh,504,Y.S.R. Kadapa,5204,1,S.Mydukur,6,5204
36,Telangana,680,Nirmal,6209,2,Soan,0,0
28,Andhra Pradesh,753,Annamayya,5394,2,Sodam,28,5394
27,Maharashtra,469,Chhatrapati Sambhajinagar,4134,1,Soegaon,2,4134
12,Arunachal Pradesh,239,Tirap,1685,9,Soha Circle,0,1685
23,Madhya Pradesh,429,Shahdol,3691,7,Sohagpur,3,3691
23,Madhya Pradesh,409,Narmadapuram,3617,6,Sohagpur,3,3617
9,Uttar Pradesh,140,Ayodhya,904,1,Sohawal,3,904
21,Odisha,347,Baragada,2761,2,Sohela,7,2761
17,Meghalaya,274,East Khasi Hills,6542,3,Sohiong,0,0
6,Haryana,62,Gurugram,420,1,Sohna,3,420
8,Rajasthan,111,Pali,599,1,Sojat,3,599
24,Gujarat,440,Anand,3862,1,Sojitra,2,3862
2,Himachal Pradesh,25,Solan,165,3,Solan,6,165
27,Maharashtra,496,Solapur,4247,1,Solapur North,4,4247
27,Maharashtra,496,Solapur,4253,1,Solapur South,10,4253
28,Andhra Pradesh,753,Annamayya,5412,2,Somala,46,5412
28,Andhra Pradesh,754,Sri Sathya Sai,5363,3,Somandepalli,60,5363
5,Uttarakhand,45,Almora,331,1,Someshwar,0,331
28,Andhra Pradesh,519,Srikakulam,4780,1,Sompeta,12,4780
29,Karnataka,541,Kodagu,5567,5,Somvarpet,2,5567
20,Jharkhand,339,Ranchi,2689,1,Sonahatu,6,2689
18,Assam,282,Cachar,2099,1,Sonai,4,2099
22,Chhattisgarh,644,Balodabazar-Bhatapara,7296,5,Sonakhan,0,0
36,Telangana,501,Adilabad,7516,1,Sonala,0,0
19,West Bengal,305,Bankura,2364,1,Sonamukhi,9,2364
16,Tripura,653,Sepahijala,6680,1,Sonamura,0,0
18,Assam,618,Kamrup Metro,2130,1,Sonapur,13,2130
21,Odisha,372,Subarnapur,3139,4,Sonapur,3,3139
20,Jharkhand,324,Deoghar,2548,1,Sona Rai Tharhi,0,2548
18,Assam,708,Charaideo,2074,14,Sonari,5,2074
18,Assam,300,Sivasagar,7602,2,Sonari Part,0,0
19,West Bengal,304,South 24 Parganas,2417,4,Sonarpur,6,2417
1,Jammu And Kashmir,623,Bandipora,42,6,Sonawari,3,42
10,Bihar,221,Sitamarhi,1066,1,Sonbarsa,4,1066
10,Bihar,216,Saharsa,1177,1,Sonbarsa,4,1177
10,Bihar,611,Arwal,1545,1,Sonbhadra Banshi Suryapur,4,1545
23,Madhya Pradesh,639,Alirajpur,6981,3,Sondawa,0,0
10,Bihar,218,Saran,1267,1,Sonepur,20,1267
24,Gujarat,641,Tapi,3944,5,Songadh,6,3944
17,Meghalaya,273,East Garo Hills,1973,3,Songsak,3,1973
14,Manipur,257,Senapati,6484,1,Song Song,0,0
22,Chhattisgarh,384,Korea,3233,1,Sonhat,3,3233
10,Bihar,192,Bhagalpur,1344,1,Sonhaula,16,1344
6,Haryana,75,Sonipat,380,3,Sonipat,3,380
23,Madhya Pradesh,402,Dewas,3525,1,Sonkatch,2,3525
10,Bihar,198,Jamui,1533,1,Sono,9,1533
27,Maharashtra,489,Parbhani,4121,1,Sonpeth,6,4121
20,Jharkhand,343,West Singhbhum,2728,2,Sonua,1,2728
1,Jammu And Kashmir,3,Baramulla,32,13,Sopore,4,32
21,Odisha,346,Baleshwar,2907,3,Sora,15,2907
29,Karnataka,547,Shivamogga,5516,1,Sorab,2,5516
9,Uttar Pradesh,120,Prayagraj,888,2,Soraon,1,888
11,Sikkim,742,Soreng,1550,5,Soreng,2,1550
13,Nagaland,765,Shamator,1820,3,Sotokur,0,1820
18,Assam,707,South Salmara Mancachar,2011,10,South Salmara,7,2011
18,Assam,285,Dhubri,7417,5,South Salmara Pt,0,0
23,Madhya Pradesh,667,Agar-Malwa,7421,3,Soyatkala,0,0
2,Himachal Pradesh,21,Lahaul And Spiti,116,1,Spiti,3,116
28,Andhra Pradesh,744,Anakapalli,4882,2,S.Rayavaram,42,4882
28,Andhra Pradesh,504,Y.S.R. Kadapa,5206,1,Sri Avadhutha Kasinayana,8,5206
8,Rajasthan,93,Bikaner,480,1,Sridungargarh,0,480
1,Jammu And Kashmir,1,Anantnag,6819,4,Srigufwara,0,0
18,Assam,281,Bongaigaon,2112,1,Srijangram,3,2112
28,Andhra Pradesh,519,Srikakulam,4802,1,Srikakulam,34,4802
28,Andhra Pradesh,752,Tirupati,5378,2,Srikalahasti,12,5378
3,Punjab,39,Sri Muktsar Sahib,241,2,Sri Muktsar Sahib,3,241
33,Tamil Nadu,570,Cuddalore,6646,1,Srimushnam,0,0
5,Uttarakhand,52,Pauri Garhwal,306,2,Srinagar,0,306
10,Bihar,214,Purnia,1136,1,Srinagar,9,1136
1,Jammu And Kashmir,13,Srinagar,6805,1,Srinagar Central,0,0
1,Jammu And Kashmir,13,Srinagar,43,7,Srinagar North,3,43
1,Jammu And Kashmir,13,Srinagar,44,8,Srinagar South,5,44
29,Karnataka,532,Chikkamagaluru,5525,1,Sringeri,1,5525
29,Karnataka,542,Kolar,5590,1,Srinivaspur,7,5590
33,Tamil Nadu,574,Kancheepuram,5702,7,Sriperumbudur,1,5702
36,Telangana,682,Peddapalli,4407,2,Srirampur,15,4407
33,Tamil Nadu,591,Tiruchirappalli,5778,1,Srirangam,6,5778
36,Telangana,693,Wanaparthy,6288,3,Srirangapur,0,0
28,Andhra Pradesh,503,Chittoor,5419,1,Srirangarajapuram,53,5419
28,Andhra Pradesh,755,Nandyal,6538,2,Srisailam,0,0
33,Tamil Nadu,594,Thoothukkudi,5867,2,Srivaikuntam,6,5867
33,Tamil Nadu,597,Virudhunagar,5848,4,Srivilliputhur,2,5848
28,Andhra Pradesh,521,Vizianagaram,4831,1,Srungavarapukota,25,4831
14,Manipur,254,Churachandpur,6506,1,Suangdoh,0,0
9,Uttar Pradesh,176,Rampur,723,3,Suar,1,723
18,Assam,295,Lakhimpur,2054,1,Subansiri (Pt-I),92,2054
21,Odisha,373,Sundaragada,7460,5,Subdega,0,0
24,Gujarat,444,Dangs,6024,1,Subir,0,0
1,Jammu And Kashmir,5,Jammu,6716,1,Suchetgarh,0,0
27,Maharashtra,491,Raigad,4180,1,Sudhagad,9,4180
10,Bihar,213,Purbi Champaran,1034,1,Sugauli,4,1034
8,Rajasthan,629,Pratapgarh,7150,3,Suhagpura,0,0
22,Chhattisgarh,644,Balodabazar-Bhatapara,7249,4,Suhela,0,0
24,Gujarat,789,Vav-Tharad,6166,2,Suigam,0,0
8,Rajasthan,96,Churu,486,3,Sujangarh,7,486
36,Telangana,690,Bhadradri Kothagudem,6265,1,Sujathanagar,0,0
24,Gujarat,445,Dahod,7549,3,Sukhsar,0,0
21,Odisha,356,Jajpur,2969,4,Sukinda,1,2969
22,Chhattisgarh,642,Sukma,3375,4,Sukma,4,3375
21,Odisha,365,Mayurbhanj,7477,2,Sukruli,0,0
2,Himachal Pradesh,18,Kangra,7048,19,Sulah,0,0
21,Odisha,365,Mayurbhanj,2877,3,Suliapada,14,2877
28,Andhra Pradesh,752,Tirupati,5197,2,Sullurpeta,45,5197
5,Uttarakhand,45,Almora,327,6,Sult,0,327
10,Bihar,192,Bhagalpur,1340,1,Sultanganj,12,1340
23,Madhya Pradesh,421,Raisen,7566,1,Sultan-Ganj,0,0
9,Uttar Pradesh,185,Sultanpur,915,9,Sultanpur,4,915
23,Madhya Pradesh,421,Raisen,6532,9,Sultanpur,0,0
3,Punjab,35,Kapurthala,207,1,Sultanpur Lodhi,3,207
36,Telangana,682,Peddapalli,4425,3,Sulthanabad,32,4425
32,Kerala,567,Wayanad,5636,1,Sulthanbathery,2,5636
33,Tamil Nadu,569,Coimbatore,5896,1,Sulur,0,5896
29,Karnataka,534,Dakshina Kannada,5565,2,Sulya,5,5565
8,Rajasthan,111,Pali,604,1,Sumerpur,8,604
37,Ladakh,9,Leh Ladakh,11,6,Sumoor,1,11
3,Punjab,43,Sangrur,272,2,Sunam,5,272
21,Odisha,373,Sundaragada,2809,6,Sundargarh,5,2809
2,Himachal Pradesh,22,Mandi,132,10,Sundarnagar,9,132
20,Jharkhand,330,Godda,2563,1,Sundarpahari,0,2563
1,Jammu And Kashmir,12,Rajouri,26,7,Sunderbani,6,26
8,Rajasthan,105,Jhalawar,6667,5,Sunel,0,0
13,Nagaland,250,Wokha,1784,1,Sungro,5,1784
2,Himachal Pradesh,23,Shimla,180,18,Sunni,4,180
12,Arunachal Pradesh,234,Lohit,1728,2,Sunpura Circle,1,1728
29,Karnataka,550,Uttara Kannada,5479,1,Supa,2,5479
10,Bihar,223,Supaul,1109,2,Supaul,9,1109
10,Bihar,221,Sitamarhi,1064,1,Suppi,2,1064
21,Odisha,354,Ganjam,3076,3,Surada,5,3076
8,Rajasthan,106,Jhunjhunu,6371,5,Surajgarh,0,0
10,Bihar,204,Lakhisarai,1367,1,Surajgarha,3,1367
22,Chhattisgarh,648,Surajpur,3242,6,Surajpur,5,3242
1,Jammu And Kashmir,10,Poonch,19,1,Surankote,3,19
8,Rajasthan,100,Ganganagar,465,6,Suratgarh,9,465
24,Gujarat,460,Surendranagar,7442,1,Surendranagar City,0,0
27,Maharashtra,487,Nashik,4142,1,Surgana,1,4142
19,West Bengal,307,Birbhum,2259,1,Suri - I,11,2259
19,West Bengal,307,Birbhum,2260,1,Suri - II,12,2260
20,Jharkhand,329,Giridih,2542,2,Suriya,0,2542
8,Rajasthan,108,Karauli,6934,2,Suroth,0,0
10,Bihar,221,Sitamarhi,1068,1,Sursand,6,1068
13,Nagaland,251,Zunheboto,1769,1,Suruhuto,0,1769
36,Telangana,696,Suryapet,4638,2,Suryapet,26,4638
10,Bihar,215,Rohtas,1460,1,Suryapura,4,1460
23,Madhya Pradesh,667,Agar-Malwa,3515,5,Susner,1,3515
19,West Bengal,317,Purba Medinipur,2482,1,Sutahata,41,2482
23,Madhya Pradesh,422,Rajgarh,6992,5,Suthaliya,0,0
19,West Bengal,319,Murshidabad,2225,1,Suti - I,3,2225
19,West Bengal,319,Murshidabad,2226,1,Suti - II,4,2226
24,Gujarat,675,Gir Somnath,3836,2,Sutrapada,12,3836
23,Madhya Pradesh,416,Mandsaur,3499,2,Suwasara,0,3499
19,West Bengal,303,North 24 Parganas,2319,1,Swarupnagar,4,2319
5,Uttarakhand,45,Almora,6330,6,Syalde,0,0
28,Andhra Pradesh,515,Sri Potti Sriramulu Nellore,5185,1,Sydapuram,33,5185
28,Andhra Pradesh,752,Tirupati,5198,2,Tada,46,5198
28,Andhra Pradesh,506,Guntur,5054,2,Tadepalli,15,5054
28,Andhra Pradesh,523,West Godavari,4961,1,Tadepalligudem,18,4961
28,Andhra Pradesh,506,Guntur,5056,1,Tadikonda,17,5056
28,Andhra Pradesh,754,Sri Sathya Sai,5338,2,Tadimarri,35,5338
28,Andhra Pradesh,502,Ananthapuramu,5313,2,Tadipatri,10,5313
36,Telangana,694,Nagarkurnool,4582,2,Tadoor,34,4582
14,Manipur,257,Senapati,6508,1,Tadubi,0,0
36,Telangana,720,Mulugu,4687,3,Tadvai,16,4687
36,Telangana,685,Kamareddy,4389,3,Tadwai,33,4389
9,Uttar Pradesh,153,Jhansi,858,1,Tahrauli,3,858
37,Ladakh,6,Kargil,7306,1,Taisuru,0,0
10,Bihar,217,Samastipur,1290,1,Tajpur,7,1290
9,Uttar Pradesh,139,Etawah,6158,5,Takha,0,0
22,Chhattisgarh,375,Bilaspur,3294,4,Takhatpur,5,3294
2,Himachal Pradesh,23,Shimla,6963,7,Taklech,0,0
12,Arunachal Pradesh,241,Upper Subansiri,6549,1,Taksing Circle,0,0
23,Madhya Pradesh,423,Ratlam,3503,2,Tal,0,3503
27,Maharashtra,491,Raigad,4182,1,Tala,11,4182
21,Odisha,344,Anugola,3006,7,Talacher,7,3006
24,Gujarat,443,Bhavnagar,3859,1,Talaja,10,3859
24,Gujarat,675,Gir Somnath,3834,2,Talala,10,3834
36,Telangana,501,Adilabad,4309,1,Talamadugu,5,4309
32,Kerala,566,Thrissur,5652,3,Talappilly,1,5652
27,Maharashtra,665,Palghar,4157,2,Talasari,1,4157
8,Rajasthan,113,Sawai Madhopur,7225,7,Talawara,0,0
9,Uttar Pradesh,161,Lalitpur,861,1,Talbehat,1,861
19,West Bengal,305,Bankura,2371,1,Taldangra,16,2371
8,Rajasthan,94,Bundi,6033,9,Talera,0,0
12,Arunachal Pradesh,677,Kra Daadi,1716,6,Tali Adc,14,1716
12,Arunachal Pradesh,241,Upper Subansiri,1611,2,Taliha Adc,5,1611
29,Karnataka,530,Vijayapura,7073,4,Talikoti,0,0
32,Kerala,557,Kannur,5632,5,Taliparamba,1,5632
20,Jharkhand,340,Sahebganj,2568,1,Taljhari,5,2568
28,Andhra Pradesh,505,East Godavari,4950,2,Tallapudi,7,4950
28,Andhra Pradesh,746,Kakinada,4930,3,Tallarevu,46,4930
24,Gujarat,458,Sabar Kantha,3768,1,Talod,9,3768
27,Maharashtra,486,Nandurbar,3952,1,Talode,3,3952
28,Andhra Pradesh,754,Sri Sathya Sai,5340,2,Talupula,37,5340
3,Punjab,28,Bathinda,246,3,Talwandi Sabo,3,246
20,Jharkhand,339,Ranchi,2699,1,Tamar I,20,2699
33,Tamil Nadu,730,Chengalpattu,5703,2,Tambaram,2,5703
14,Manipur,258,Tamenglong,1866,2,Tamenglong,3,1866
14,Manipur,258,Tamenglong,1865,1,Tamenglong North,2,1865
14,Manipur,258,Tamenglong,1864,1,Tamenglong West,1,1864
23,Madhya Pradesh,399,Chhindwara,3647,2,Tamia,1,3647
9,Uttar Pradesh,160,Kushinagar,958,13,Tamkuhi Raj,4,958
13,Nagaland,615,Longleng,1830,1,Tamlu,1,1830
19,West Bengal,317,Purba Medinipur,2472,1,Tamluk,25,2472
22,Chhattisgarh,386,Raigarh,3266,1,Tamnar,0,3266
36,Telangana,501,Adilabad,4305,3,Tamsi,1,4305
18,Assam,756,Tamulpur,2144,6,Tamulpur,9,2144
28,Andhra Pradesh,754,Sri Sathya Sai,5360,2,Tanakal,57,5360
9,Uttar Pradesh,121,Ambedkar Nagar,907,1,Tanda,1,907
3,Punjab,33,Hoshiarpur,7193,3,Tanda,0,0
9,Uttar Pradesh,176,Rampur,724,3,Tanda,1,724
36,Telangana,684,Mancherial,4332,2,Tandur,28,4332
36,Telangana,698,Vikarabad,4534,2,Tandur,23,4534
20,Jharkhand,323,Chatra,2525,1,Tandwa,10,2525
21,Odisha,373,Sundaragada,7459,2,Tangarpali,0,0
21,Odisha,362,Khordha,3052,4,Tangi,12,3052
21,Odisha,350,Kataka,2955,6,Tangi-Choudwar,8,2955
1,Jammu And Kashmir,3,Baramulla,39,17,Tangmarg,8,39
28,Andhra Pradesh,517,Prakasam,5141,1,Tangutur,45,5141
24,Gujarat,673,Morbi,3800,2,Tankara,3,3800
10,Bihar,196,Gaya,1506,1,Tan Kuppa,20,1506
36,Telangana,680,Nirmal,4340,2,Tanoor,36,4340
23,Madhya Pradesh,407,Gwalior,7037,3,Tansen,0,0
20,Jharkhand,343,West Singhbhum,2740,1,Tantnagar,18,2740
8,Rajasthan,86,Ajmer,6658,7,Tantoti,0,0
28,Andhra Pradesh,523,West Godavari,4972,1,Tanuku,29,4972
6,Haryana,604,Nuh,421,2,Taoru,4,421
3,Punjab,605,Barnala,276,1,Tapa,0,276
19,West Bengal,310,Dakshin Dinajpur,2205,1,Tapan,6,2205
22,Chhattisgarh,380,Jashpur,7603,1,Tapkara,0,0
2,Himachal Pradesh,19,Kinnaur,6941,6,Tapri,0,0
8,Rajasthan,770,Khairthal-Tijara,7128,6,Tapukara,0,0
9,Uttar Pradesh,147,Gonda,930,1,Tarabganj,3,930
10,Bihar,218,Saran,1250,1,Taraiya,3,1250
19,West Bengal,312,Hooghly,2342,1,Tarakeswar,5,2342
12,Arunachal Pradesh,677,Kra Daadi,1711,6,Tarak Lengdi Cicle,0,1711
23,Madhya Pradesh,435,Ujjain,3512,4,Tarana,5,3512
8,Rajasthan,96,Churu,481,1,Taranagar,1,481
10,Bihar,207,Munger,1362,1,Tarapur,7,1362
24,Gujarat,440,Anand,3861,1,Tarapur,1,3861
10,Bihar,193,Bhojpur,1433,1,Tarari,13,1433
12,Arunachal Pradesh,237,Papum Pare,1595,9,Taraso Circle,0,1595
21,Odisha,372,Subarnapur,3140,3,Tarbha,2,3140
10,Bihar,195,Darbhanga,1186,1,Tardih,6,1186
20,Jharkhand,338,Palamu,2629,1,Tarhasi,0,2629
10,Bihar,220,Sheohar,1062,1,Tariani Chowk,5,1062
29,Karnataka,532,Chikkamagaluru,5528,7,Tarikere,4,5528
28,Andhra Pradesh,790,Markapuram,5118,2,Tarlupadu,22,5118
3,Punjab,609,Tarn Taran,259,2,Tarn Taran,4,259
1,Jammu And Kashmir,12,Rajouri,6775,2,Taryath,0,0
27,Maharashtra,493,Sangli,4301,1,Tasgaon,6,4301
8,Rajasthan,774,Beawar,6656,5,Tatgarh,0,0
20,Jharkhand,332,Hazaribagh,2648,1,Tati Jhariya,0,2648
12,Arunachal Pradesh,725,Shi Yomi,6589,3,Tato Eac,0,0
2,Himachal Pradesh,17,Hamirpur,6883,12,Tauni Devi Bamson,0,0
12,Arunachal Pradesh,238,Tawang,1559,4,Tawang Hq,4,1559
10,Bihar,191,Begusarai,1311,1,Teghra,8,1311
19,West Bengal,320,Nadia,2301,1,Tehatta - I,3,2301
19,West Bengal,320,Nadia,2302,1,Tehatta - II,4,2302
8,Rajasthan,87,Alwar,7113,3,Tehla,0,0
5,Uttarakhand,55,Tehri Garhwal,297,20,Tehri,4,297
5,Uttarakhand,53,Pithoragarh,6357,16,Tejam,0,0
28,Andhra Pradesh,519,Srikakulam,4789,1,Tekkali,21,4789
36,Telangana,513,Medak,4469,1,Tekmal,19,4469
36,Telangana,690,Bhadradri Kothagudem,4739,3,Tekulapalli,17,4739
36,Telangana,687,Jayashankar Bhupalapally,6248,1,Tekumatla,0,0
27,Maharashtra,467,Akola,3988,1,Telhara,1,3988
16,Tripura,652,Khowai,6698,1,Teliamura,7,0
2,Himachal Pradesh,16,Chamba,7286,3,Telka,0,0
36,Telangana,694,Nagarkurnool,4581,3,Telkapally,33,4581
21,Odisha,361,Kendujhar,2848,3,Telkoi,1,2848
28,Andhra Pradesh,506,Guntur,5078,1,Tenali,39,5078
23,Madhya Pradesh,400,Damoh,3460,1,Tendukheda,7,3460
23,Madhya Pradesh,418,Narsimhapur,3638,2,Tendukheda,7,3638
18,Assam,286,Dibrugarh,2066,1,Tengakhat,4,2066
14,Manipur,716,Tengnoupal,1893,4,Tengnoupal,2,1893
13,Nagaland,613,Peren,1856,1,Tening,11,1856
33,Tamil Nadu,733,Tenkasi,5873,7,Tenkasi,4,5873
21,Odisha,366,Nabarangpur,3197,5,Tentulikhunti,7,3197
18,Assam,290,Jorhat,2079,1,Teok,4,2079
23,Madhya Pradesh,424,Rewa,3471,3,Teonthar,1,3471
29,Karnataka,524,Bagalkote,7398,1,Terdal,0,0
10,Bihar,203,Kishanganj,1121,1,Terhagachh,1,1121
10,Bihar,213,Purbi Champaran,1056,1,Tetaria,26,1056
10,Bihar,207,Munger,1363,1,Tetiha Bambor,8,1363
18,Assam,301,Sonitpur,2043,1,Tezpur,3,2043
12,Arunachal Pradesh,234,Lohit,1729,2,Tezu Hq,2,1729
2,Himachal Pradesh,22,Mandi,7184,7,Thachi,0,0
17,Meghalaya,275,West Jaintia Hills,1996,3,Thadlaskein,1,1996
5,Uttarakhand,52,Pauri Garhwal,308,6,Thailisain,0,308
10,Bihar,211,Pashchim Champaran,1023,1,Thakrahan,11,1023
1,Jammu And Kashmir,627,Reasi,6745,2,Thakrakote,0,0
9,Uttar Pradesh,171,Moradabad,717,2,Thakurdwara,1,717
2,Himachal Pradesh,18,Kangra,7289,2,Thakurdwara,0,0
20,Jharkhand,330,Godda,2556,1,Thakurgangti,0,2556
10,Bihar,203,Kishanganj,1123,1,Thakurganj,3,1123
21,Odisha,365,Mayurbhanj,2871,3,Thakurmunda,25,2871
19,West Bengal,304,South 24 Parganas,2412,1,Thakurpukur Mahestola,1,2412
5,Uttarakhand,53,Pithoragarh,6359,11,Thal,0,0
33,Tamil Nadu,584,Salem,7120,1,Thalaivasal,0,0
36,Telangana,518,Ranga Reddy,4562,5,Thalakondapally,14,4562
32,Kerala,557,Kannur,5634,2,Thalassery,3,5634
33,Tamil Nadu,573,Erode,6539,3,Thalavadi,0,0
36,Telangana,509,Khammam,4762,2,Thallada,40,4762
28,Andhra Pradesh,517,Prakasam,5121,3,Thallur,25,5121
32,Kerala,561,Kozhikode,5938,1,Thamarassery,0,0
28,Andhra Pradesh,753,Annamayya,5368,2,Thamballapalle,2,5368
8,Rajasthan,87,Alwar,501,9,Thanagazi,9,501
1,Jammu And Kashmir,12,Rajouri,20,3,Thana Mandi,1,20
23,Madhya Pradesh,412,Jhabua,3706,2,Thandla,1,3706
33,Tamil Nadu,593,Tiruvannamalai,5726,1,Thandrampet,0,5726
27,Maharashtra,497,Thane,4165,1,Thane,9,4165
6,Haryana,68,Kurukshetra,366,4,Thanesar,3,366
24,Gujarat,460,Surendranagar,6037,1,Thangadh,0,0
36,Telangana,683,Rajanna Sircilla,6217,1,Thangallapalli,0,0
33,Tamil Nadu,586,Thanjavur,5814,2,Thanjavur,5,5814
22,Chhattisgarh,650,Bemetara,3314,3,Thankhamariya,0,3314
14,Manipur,715,Pherzawl,1869,2,Thanlon,2,1869
24,Gujarat,789,Vav-Tharad,3733,5,Tharad,2,3733
5,Uttarakhand,47,Chamoli,288,13,Tharali,5,288
33,Tamil Nadu,735,Mayiladuthurai,5798,2,Tharangambadi,3,5798
36,Telangana,689,Jangoan,6257,1,Tharigoppula,0,0
10,Bihar,209,Nalanda,1388,1,Tharthari,11,1388
24,Gujarat,450,Kheda,3878,3,Thasra,10,3878
1,Jammu And Kashmir,4,Doda,63,5,Thathri,5,63
28,Andhra Pradesh,503,Chittoor,5418,1,Thavanampalle,52,5418
10,Bihar,197,Gopalganj,1223,1,Thawe,9,1223
18,Assam,301,Sonitpur,7049,5,Thelamara,0,0
12,Arunachal Pradesh,242,West Kameng,6565,2,Thembang Circle,0,0
33,Tamil Nadu,588,Theni,5844,1,Theni,0,5844
2,Himachal Pradesh,23,Shimla,184,6,Theog,8,184
28,Andhra Pradesh,521,Vizianagaram,4821,1,Therlam,15,4821
20,Jharkhand,342,Simdega,2723,1,Thethaitangar,15,2723
23,Madhya Pradesh,393,Barwani,3556,1,Thikri,2,3556
36,Telangana,694,Nagarkurnool,4575,2,Thimmajipet,27,4575
36,Telangana,508,Karimnagar,4438,3,Thimmapur LMD,45,4438
12,Arunachal Pradesh,238,Tawang,6556,1,Thingbu Circle,0,0
15,Mizoram,263,Kolasib,1899,2,Thingdawl,1,1899
15,Mizoram,261,Aizawl,1905,3,Thingsulthliah,91,1905
36,Telangana,514,Nalgonda,4645,3,Thipparthy,33,4645
33,Tamil Nadu,579,Nagapattinam,5801,1,Thirukkuvalai,6,5801
36,Telangana,696,Suryapet,4619,4,Thirumalagiri,7,4619
33,Tamil Nadu,578,Madurai,5840,2,Thirumangalam,6,5840
33,Tamil Nadu,582,Pudukkottai,5822,1,Thirumayam,5,5822
34,Puducherry,598,Karaikal,5915,1,Thirunallar,1,5915
33,Tamil Nadu,578,Madurai,5962,1,Thirupparankundram,0,0
33,Tamil Nadu,585,Sivaganga,5829,2,Thiruppathur,8,5829
33,Tamil Nadu,585,Sivaganga,5965,2,Thiruppuvanam,0,0
33,Tamil Nadu,590,Thiruvarur,5809,4,Thiruthuraipoondi,7,5809
33,Tamil Nadu,586,Thanjavur,5813,1,Thiruvaiyaru,4,5813
32,Kerala,564,Pathanamthitta,5679,1,Thiruvalla,1,5679
33,Tamil Nadu,589,Thiruvallur,5698,1,Thiruvallur,6,5698
32,Kerala,565,Thiruvananthapuram,5691,1,Thiruvananthapuram,3,5691
33,Tamil Nadu,590,Thiruvarur,5806,1,Thiruvarur,4,5806
33,Tamil Nadu,575,Kanniyakumari,6672,4,Thiruvattar,0,0
33,Tamil Nadu,596,Viluppuram,7053,10,Thiruvennainallur,0,0
33,Tamil Nadu,591,Tiruchirappalli,5780,1,Thiruverumbur,0,5780
33,Tamil Nadu,586,Thanjavur,5810,1,Thiruvidaimarudur,1,5810
33,Tamil Nadu,586,Thanjavur,7406,2,Thiruvonam,0,0
32,Kerala,556,Idukki,5666,2,Thodupuzha,3,5666
36,Telangana,692,Siddipet,4463,2,Thoguta,13,4463
28,Andhra Pradesh,746,Kakinada,4901,2,Thondangi,17,4901
28,Andhra Pradesh,504,Y.S.R. Kadapa,5221,1,Thondur,23,5221
13,Nagaland,736,Noklak,1829,2,Thonoknyu,16,1829
33,Tamil Nadu,594,Thoothukkudi,5866,1,Thoothukkudi,5,5866
36,Telangana,688,Mahabubabad,4715,3,Thorrur,44,4715
28,Andhra Pradesh,515,Sri Potti Sriramulu Nellore,5180,1,Thotapalligudur,28,5180
28,Andhra Pradesh,510,Krishna,5025,1,Thotlavalluru,36,5025
28,Andhra Pradesh,752,Tirupati,5379,2,Thottambedu,13,5379
33,Tamil Nadu,591,Tiruchirappalli,5773,1,Thottiyam,1,5773
14,Manipur,259,Thoubal,1877,1,Thoubal,2,1877
33,Tamil Nadu,575,Kanniyakumari,5883,1,Thovala,3,5883
32,Kerala,566,Thrissur,5654,2,Thrissur,3,5654
12,Arunachal Pradesh,242,West Kameng,1575,8,Thrizino Adc,8,1575
21,Odisha,358,Kalahandi,3171,2,Thuamul Rampur,9,3171
28,Andhra Pradesh,506,Guntur,5053,2,Thulluru,14,5053
2,Himachal Pradesh,22,Mandi,136,12,Thunag,13,136
36,Telangana,696,Suryapet,4620,5,Thungaturthy,8,4620
33,Tamil Nadu,591,Tiruchirappalli,5775,1,Thuraiyur,3,5775
2,Himachal Pradesh,18,Kangra,108,15,Thural,14,108
36,Telangana,697,Yadadri Bhuvanagiri,4614,3,Thurkapally,2,4614
1,Jammu And Kashmir,627,Reasi,6739,2,Thuroo,0,0
8,Rajasthan,101,Hanumangarh,467,2,Tibbi,2,467
6,Haryana,60,Faridabad,6434,1,Tigaon St,0,0
21,Odisha,350,Kataka,2949,1,Tigiria,13,2949
21,Odisha,348,Bhadrak,2917,1,Tihidi,7,2917
2,Himachal Pradesh,22,Mandi,6946,11,Tihra,0,0
18,Assam,298,Nalbari,2132,1,Tihu (Pt),3,2132
8,Rajasthan,770,Khairthal-Tijara,496,7,Tijara,4,496
21,Odisha,359,Kandhamala,3115,12,Tikabali,6,3115
23,Madhya Pradesh,434,Tikamgarh,3423,3,Tikamgarh,6,3423
2,Himachal Pradesh,23,Shimla,190,1,Tikar,14,190
10,Bihar,196,Gaya,1488,1,Tikari,2,1488
12,Arunachal Pradesh,229,Changlang,6581,1,Tikhak Rima Putok Circle,0,0
2,Himachal Pradesh,22,Mandi,6948,4,Tikken,0,0
29,Karnataka,530,Vijayapura,7074,3,Tikota,0,0
17,Meghalaya,278,West Garo Hills,1964,2,Tikrikilla,3,1964
24,Gujarat,452,Narmada,3909,1,Tilakwada,1,3909
22,Chhattisgarh,387,Raipur,3334,5,Tilda,0,3334
9,Uttar Pradesh,180,Shahjahanpur,794,2,Tilhar,2,794
9,Uttar Pradesh,640,Amethi,824,2,Tiloi,2,824
10,Bihar,215,Rohtas,1474,1,Tilouthu,18,1474
23,Madhya Pradesh,408,Harda,3610,2,Timarni,3,3610
12,Arunachal Pradesh,235,Lower Dibang Valley,1726,2,Tinali Paglam Circle,0,1726
33,Tamil Nadu,596,Viluppuram,5729,2,Tindivanam,2,5729
18,Assam,286,Dibrugarh,2068,1,Tingkhong,6,2068
18,Assam,302,Tinsukia,2061,1,Tinsukia,3,2061
8,Rajasthan,107,Jodhpur,6390,8,Tinwari,0,0
27,Maharashtra,468,Amravati,4008,2,Tiosa,8,4008
15,Mizoram,267,Siaha,1920,2,Tipa,2,1920
14,Manipur,715,Pherzawl,1868,3,Tipaimukh,1,1868
29,Karnataka,548,Tumakuru,5539,1,Tiptur,8,5539
2,Himachal Pradesh,17,Hamirpur,140,7,Tira Sujanpur,1,140
12,Arunachal Pradesh,724,Leparada,1635,5,Tirbin Eac,14,1635
21,Odisha,365,Mayurbhanj,2858,2,Tiring,1,2858
23,Madhya Pradesh,392,Balaghat,3668,3,Tirodi,0,3668
27,Maharashtra,476,Gondia,4044,1,Tirora,1,4044
29,Karnataka,547,Shivamogga,5519,1,Tirthahalli,5,5519
21,Odisha,355,Jagatsinghapur,2939,3,Tirtol,4,2939
33,Tamil Nadu,594,Thoothukkudi,5868,2,Tiruchendur,7,5868
33,Tamil Nadu,580,Namakkal,5745,2,Tiruchengode,1,5745
33,Tamil Nadu,591,Tiruchirappalli,6620,1,Tiruchirappalli East,0,0
33,Tamil Nadu,591,Tiruchirappalli,5779,3,Tiruchirappalli West,7,5779
33,Tamil Nadu,597,Virudhunagar,5852,1,Tiruchuli,6,5852
33,Tamil Nadu,730,Chengalpattu,5709,3,Tirukalukundram,6,5709
33,Tamil Nadu,729,Kallakurichi,5732,19,Tirukkoyilur,5,5732
29,Karnataka,545,Mysuru,5575,1,Tirumakudal - Narsipur,7,5575
36,Telangana,514,Nalgonda,6306,1,Tirumalagiri Sagar,0,0
36,Telangana,509,Khammam,4754,2,Tirumalayapalem,32,4754
36,Telangana,507,Hyderabad,4499,2,Tirumalgiri,4,4499
33,Tamil Nadu,592,Tirunelveli,5876,2,Tirunelveli,7,5876
33,Tamil Nadu,732,Tirupathur,5720,12,Tirupathur,8,5720
28,Andhra Pradesh,752,Tirupati,5375,2,Tirupati (Rural),9,5375
28,Andhra Pradesh,752,Tirupati,5383,2,Tirupati (Urban),17,5383
33,Tamil Nadu,730,Chengalpattu,5958,9,Tiruporur,0,0
33,Tamil Nadu,634,Tiruppur,5967,1,Tiruppurnorth,0,0
33,Tamil Nadu,634,Tiruppur,5968,1,Tiruppursouth,0,0
32,Kerala,562,Malappuram,5644,1,Tirur,4,5644
32,Kerala,562,Malappuram,5645,2,Tirurangadi,5,5645
33,Tamil Nadu,589,Thiruvallur,5696,1,Tiruttani,4,5696
33,Tamil Nadu,583,Ramanathapuram,5855,2,Tiruvadanai,1,5855
33,Tamil Nadu,593,Tiruvannamalai,5727,2,Tiruvannamalai,6,5727
33,Tamil Nadu,733,Tenkasi,6642,4,Tiruvengadam,0,0
33,Tamil Nadu,568,Chennai,5982,7,Tiruvottiyur,0,0
28,Andhra Pradesh,749,Ntr,4997,2,Tiruvuru,8,4997
9,Uttar Pradesh,155,Kannauj,835,4,Tirwa,3,835
36,Telangana,699,Kumuram Bheem Asifabad,4333,3,Tiryani,29,4333
33,Tamil Nadu,592,Tirunelveli,6649,2,Tisayanvilai,0,0
20,Jharkhand,329,Giridih,2533,1,Tisri,2,2533
30,Goa,551,North Goa,5611,2,Tiswadi,3,5611
18,Assam,290,Jorhat,2080,2,Titabor,5,2080
21,Odisha,345,Balangir,3152,4,Titlagarh,7,3152
33,Tamil Nadu,570,Cuddalore,5794,2,Tittakudi,6,5794
13,Nagaland,247,Mon,1745,1,Tizit,2,1745
15,Mizoram,265,Lunglei,7358,1,Tlabung,0,0
15,Mizoram,261,Aizawl,1901,3,Tlangnuam,90,1901
28,Andhra Pradesh,748,Eluru,4946,2,T.Narasapuram,3,4946
13,Nagaland,247,Mon,1756,1,Tobu,13,1756
8,Rajasthan,108,Karauli,520,7,Todabhim,1,520
8,Rajasthan,116,Tonk,619,5,Todaraisingh,5,619
6,Haryana,61,Fatehabad,387,5,Tohana,2,387
22,Chhattisgarh,374,Bastar,3365,1,Tokapal,4,3365
13,Nagaland,251,Zunheboto,5988,1,Tokiye,0,0
33,Tamil Nadu,568,Chennai,7168,2,Tondiarpet,0,0
22,Chhattisgarh,642,Sukma,7317,2,Tongpal,0,0
8,Rajasthan,116,Tonk,618,2,Tonk,4,618
23,Madhya Pradesh,402,Dewas,3524,1,Tonk Khurd,1,3524
20,Jharkhand,343,West Singhbhum,2737,1,Tonto,16,2737
8,Rajasthan,102,Jaipur,7142,5,Toonga,0,0
36,Telangana,513,Medak,4482,3,Toopran,32,4482
20,Jharkhand,325,Dhanbad,2581,1,Topchanchi,2,2581
20,Jharkhand,606,Khunti,2701,1,Torpa,14,2701
12,Arunachal Pradesh,237,Papum Pare,1600,6,Toru Circle,5,1600
6,Haryana,59,Bhiwani,399,1,Tosham,3,399
1,Jammu And Kashmir,11,Pulwama,50,12,Tral,2,50
1,Jammu And Kashmir,8,Kupwara,6784,4,Trehgam,0,0
32,Kerala,563,Palakkad,7176,2,Tribal Taluk Office Attappadi,0,0
10,Bihar,223,Supaul,1111,1,Tribeniganj,11,1111
27,Maharashtra,487,Nashik,4151,1,Trimbakeshwar,10,4151
28,Andhra Pradesh,790,Markapuram,5099,2,Tripuranthakam,3,5099
36,Telangana,514,Nalgonda,4662,4,Tripuraram,50,4662
13,Nagaland,757,Tseminyu,1843,2,Tseminyu,1,1843
13,Nagaland,757,Tseminyu,1844,2,Tsogin,0,1844
28,Andhra Pradesh,504,Y.S.R. Kadapa,5238,4,T.Sundupalle,40,5238
28,Andhra Pradesh,750,Bapatla,5085,3,Tsunduru,46,5085
13,Nagaland,246,Mokokchung,5990,1,Tsurangkong,0,0
13,Nagaland,765,Shamator,1826,4,Tsurungto,11,1826
13,Nagaland,249,Tuensang,1817,1,Tuensang Sadar,7,1817
19,West Bengal,308,Cooch Behar,2185,1,Tufanganj - I,7,2185
19,West Bengal,308,Cooch Behar,2186,1,Tufanganj - II,8,2186
28,Andhra Pradesh,511,Kurnool,5293,1,Tuggali,44,5293
14,Manipur,254,Churachandpur,1870,12,Tuibong,3,1870
1,Jammu And Kashmir,623,Bandipora,6812,1,Tulail,0,0
13,Nagaland,246,Mokokchung,1760,1,Tuli,3,1760
27,Maharashtra,488,Dharashiv,4241,1,Tuljapur,6,4241
1,Jammu And Kashmir,626,Ganderbal,6807,3,Tullamulla Khirbhawani,0,0
9,Uttar Pradesh,127,Balrampur,926,1,Tulsipur,2,926
29,Karnataka,548,Tumakuru,5537,2,Tumakuru,6,5537
27,Maharashtra,471,Bhandara,4037,1,Tumsar,1,4037
21,Odisha,359,Kandhamala,3121,4,Tumudibandha,10,3121
22,Chhattisgarh,644,Balodabazar-Bhatapara,7295,3,Tundara,0,0
20,Jharkhand,325,Dhanbad,2579,1,Tundi,1,2579
9,Uttar Pradesh,143,Firozabad,771,1,Tundla,1,771
28,Andhra Pradesh,746,Kakinada,4890,2,Tuni,7,4890
10,Bihar,213,Purbi Champaran,1042,1,Turkaulia,12,1042
29,Karnataka,548,Tumakuru,5540,1,Turuvekere,9,5540
21,Odisha,345,Balangir,3143,3,Tusura,9,3143
12,Arunachal Pradesh,240,Upper Siang,1658,4,Tuting Adc,1,1658
14,Manipur,712,Kangpokpi,6492,2,T Vaichong,0,0
23,Madhya Pradesh,437,Vidisha,3574,2,Tyonda,0,3574
5,Uttarakhand,49,Dehradun,301,2,Tyuni,0,301
6,Haryana,65,Jind,6413,2,Uchana,0,0
8,Rajasthan,91,Bharatpur,6923,3,Uchchain,0,0
24,Gujarat,641,Tapi,3943,1,Uchchhal,5,3943
10,Bihar,197,Gopalganj,1222,1,Uchkagaon,8,1222
16,Tripura,654,Gomati,6693,1,Udaipur,0,0
2,Himachal Pradesh,21,Lahaul And Spiti,114,1,Udaipur,1,114
23,Madhya Pradesh,421,Raisen,3597,4,Udaipura,7,3597
8,Rajasthan,106,Jhunjhunu,492,7,Udaipurwati,6,492
21,Odisha,365,Mayurbhanj,2884,7,Udala,21,2884
18,Assam,617,Udalguri,2152,10,Udalguri,8,2152
18,Assam,282,Cachar,2098,1,Udarbond,3,2098
28,Andhra Pradesh,515,Sri Potti Sriramulu Nellore,5154,1,Udayagiri,2,5154
33,Tamil Nadu,610,Ariyalur,5786,1,Udayarpalayam,2,5786
23,Madhya Pradesh,402,Dewas,6535,8,Udaynagar,0,0
19,West Bengal,313,Howrah,2398,1,Udaynarayanpur,1,2398
22,Chhattisgarh,389,Surguja,3249,1,Udaypur,0,3249
27,Maharashtra,481,Latur,4235,1,Udgir,10,4235
33,Tamil Nadu,587,The Nilgiris,5756,1,Udhagamandalam,3,5756
1,Jammu And Kashmir,14,Udhampur,72,3,Udhampur,3,72
24,Gujarat,459,Surat,6522,1,Udhna,0,0
20,Jharkhand,340,Sahebganj,2570,1,Udhwa,7,2570
33,Tamil Nadu,634,Tiruppur,5906,1,Udumalaipettai,8,5906
32,Kerala,556,Idukki,5665,2,Udumbanchola,2,5665
29,Karnataka,549,Udupi,5523,9,Udupi,2,5523
10,Bihar,193,Bhojpur,1426,1,Udwant Nagar,6,1426
18,Assam,706,Majuli,7114,5,Ujani Majuli Circle,0,0
10,Bihar,217,Samastipur,1298,1,Ujiarpur,15,1298
23,Madhya Pradesh,435,Ujjain,3513,4,Ujjain,6,3513
23,Madhya Pradesh,435,Ujjain,7046,1,Ujjain Nagar,0,0
24,Gujarat,641,Tapi,7550,4,Ukai,0,0
5,Uttarakhand,54,Rudraprayag,290,5,Ukhimath,1,290
14,Manipur,260,Ukhrul,1888,6,Ukhrul,2,1888
6,Haryana,63,Hisar,6441,1,Uklana St,0,0
28,Andhra Pradesh,746,Kakinada,4912,3,U.Kothapalli,28,4912
28,Andhra Pradesh,517,Prakasam,5152,3,Ulavapadu,56,5152
27,Maharashtra,497,Thane,4169,1,Ulhasnagar,13,4169
29,Karnataka,534,Dakshina Kannada,7197,2,Ullala,0,0
19,West Bengal,313,Howrah,2407,1,Uluberia - I,10,2407
19,West Bengal,313,Howrah,2406,1,Uluberia - II,9,2406
21,Odisha,372,Subarnapur,3136,3,Ulunda,5,3136
33,Tamil Nadu,729,Kallakurichi,5735,18,Ulundurpettai,8,5735
27,Maharashtra,500,Yavatmal,4086,1,Umarkhed,8,4086
21,Odisha,366,Nabarangpur,3189,4,Umarkote,2,3189
24,Gujarat,459,Surat,3934,1,Umarpada,3,3934
24,Gujarat,462,Valsad,3931,1,Umbergaon,5,3931
17,Meghalaya,276,Ri Bhoi,1985,1,Umling,1,1985
24,Gujarat,443,Bhavnagar,3853,1,Umrala,4,3853
27,Maharashtra,484,Nagpur,4034,1,Umred,12,4034
24,Gujarat,440,Anand,3863,1,Umreth,3,3863
23,Madhya Pradesh,399,Chhindwara,3653,2,Umreth,0,3653
27,Maharashtra,485,Nanded,4103,1,Umri,9,4103
17,Meghalaya,276,Ri Bhoi,1987,5,Umsning,2,1987
9,Uttar Pradesh,660,Shamli,6159,5,Un,0,0
24,Gujarat,675,Gir Somnath,3838,4,Una,14,3838
2,Himachal Pradesh,26,Una,150,11,Una,4,150
9,Uttar Pradesh,175,Rae Bareli,828,2,Unchahar,6,828
23,Madhya Pradesh,426,Satna,3465,3,Unchehara,0,3465
36,Telangana,695,Jogulamba Gadwal,6299,3,Undavelly,0,0
28,Andhra Pradesh,523,West Godavari,4976,1,Undi,33,4976
28,Andhra Pradesh,505,East Godavari,4970,2,Undrajavaram,27,4970
28,Andhra Pradesh,748,Eluru,4962,2,Unguturu,19,4962
28,Andhra Pradesh,510,Krishna,5013,3,Unguturu,24,5013
23,Madhya Pradesh,435,Ujjain,7434,2,Unhel,0,0
8,Rajasthan,116,Tonk,621,11,Uniara,7,621
24,Gujarat,451,Mahesana,3753,1,Unjha,3,3753
9,Uttar Pradesh,186,Unnao,816,1,Unnao,3,816
20,Jharkhand,338,Palamu,2623,1,Untari Road,0,2623
24,Gujarat,457,Rajkot,3809,1,Upleta,12,3809
36,Telangana,700,Medchal Malkajgiri,4524,2,Uppal,13,4524
28,Andhra Pradesh,747,Dr. B.R. Ambedkar Konaseema,4942,2,Uppalaguptam,58,4942
36,Telangana,694,Nagarkurnool,4580,2,Uppununthala,32,4580
27,Maharashtra,491,Raigad,4172,1,Uran,1,4172
28,Andhra Pradesh,502,Ananthapuramu,5317,1,Uravakonda,14,5317
1,Jammu And Kashmir,3,Baramulla,37,15,Uri,7,37
36,Telangana,694,Nagarkurnool,6295,3,Urkonda,0,0
33,Tamil Nadu,578,Madurai,5838,2,Usilampatti,4,5838
22,Chhattisgarh,636,Bijapur,3377,1,Usur,1,3377
33,Tamil Nadu,588,Theni,5845,1,Uthamapalayam,4,5845
33,Tamil Nadu,577,Krishnagiri,5894,1,Uthangarai,6,5894
33,Tamil Nadu,574,Kancheepuram,5708,1,Uthiramerur,5,5708
33,Tamil Nadu,589,Thiruvallur,5695,1,Uthukkottai,3,5695
33,Tamil Nadu,634,Tiruppur,6616,1,Uthukuli,0,0
36,Telangana,721,Narayanpet,4571,2,Utkoor,23,4571
36,Telangana,501,Adilabad,4321,1,Utnoor,17,4321
9,Uttar Pradesh,127,Balrampur,927,1,Utraula,3,927
28,Andhra Pradesh,755,Nandyal,5302,2,Uyyalawada,53,5302
24,Gujarat,458,Sabar Kantha,3762,1,Vadali,3,3762
28,Andhra Pradesh,752,Tirupati,5399,3,Vadamalapet,33,5399
24,Gujarat,441,Banas Kantha,3738,1,Vadgam,7,3738
33,Tamil Nadu,578,Madurai,5837,1,Vadipatti,3,5837
24,Gujarat,451,Mahesana,3755,1,Vadnagar,5,3755
24,Gujarat,461,Vadodara,6529,1,Vadodara East,0,0
24,Gujarat,461,Vadodara,6527,1,Vadodara North,0,0
24,Gujarat,461,Vadodara,3898,6,Vadodara Rural,2,3898
24,Gujarat,461,Vadodara,6526,1,Vadodara South,0,0
24,Gujarat,461,Vadodara,6528,1,Vadodara West,0,0
24,Gujarat,461,Vadodara,3899,1,Vaghodia,3,3899
24,Gujarat,442,Bharuch,3915,1,Vagra,3,3915
27,Maharashtra,495,Sindhudurg,4276,1,Vaibhavvadi,2,4276
27,Maharashtra,469,Chhatrapati Sambhajinagar,4139,1,Vaijapur,7,4139
32,Kerala,560,Kottayam,5669,1,Vaikom,2,5669
36,Telangana,516,Nizamabad,4365,2,Vailpoor,9,4365
10,Bihar,224,Vaishali,1268,1,Vaishali,1,1268
28,Andhra Pradesh,502,Ananthapuramu,5316,1,Vajrakarur,13,5316
28,Andhra Pradesh,519,Srikakulam,4781,2,Vajrapukotturu,13,4781
28,Andhra Pradesh,752,Tirupati,5192,2,Vakadu,40,5192
33,Tamil Nadu,590,Thiruvarur,5803,1,Valangaiman,1,5803
24,Gujarat,442,Bharuch,3920,2,Valia,8,3920
36,Telangana,697,Yadadri Bhuvanagiri,4627,2,Valigonda,15,4627
24,Gujarat,443,Bhavnagar,3851,1,Vallabhipur,2,3851
8,Rajasthan,117,Udaipur,690,8,Vallabhnagar,6,690
28,Andhra Pradesh,504,Y.S.R. Kadapa,5225,1,Vallur,27,5225
28,Andhra Pradesh,753,Annamayya,5388,2,Valmikipuram,22,5388
24,Gujarat,641,Tapi,3946,1,Valod,14,3946
33,Tamil Nadu,569,Coimbatore,5900,1,Valparai,9,5900
24,Gujarat,462,Valsad,3927,1,Valsad,1,3927
24,Gujarat,462,Valsad,7599,1,Valsad City,0,0
33,Tamil Nadu,729,Kallakurichi,7405,7,Vanapuram,0,0
33,Tamil Nadu,730,Chengalpattu,7058,5,Vandalur,0,0
33,Tamil Nadu,593,Tiruvannamalai,5723,1,Vandavasi,3,5723
14,Manipur,715,Pherzawl,6507,1,Vangai Range,0,0
28,Andhra Pradesh,521,Vizianagaram,4785,2,Vangara,17,4785
36,Telangana,694,Nagarkurnool,4577,3,Vangoor,29,4577
33,Tamil Nadu,732,Tirupathur,5718,5,Vaniyambadi,7,5718
24,Gujarat,448,Junagadh,3826,1,Vanthali,2,3826
33,Tamil Nadu,596,Viluppuram,5730,3,Vanur,3,5730
24,Gujarat,462,Valsad,6031,4,Vapi,0,0
24,Gujarat,462,Valsad,7596,1,Vapi City,0,0
28,Andhra Pradesh,752,Tirupati,5381,2,Varadaiahpalem,15,5381
9,Uttar Pradesh,187,Varanasi,996,24,Varanasi Sadar,2,996
28,Andhra Pradesh,791,Polavaram,4733,4,Vararamachandrapuram,11,4733
28,Andhra Pradesh,515,Sri Potti Sriramulu Nellore,5155,1,Varikuntapadu,3,5155
32,Kerala,565,Thiruvananthapuram,5946,1,Varkala,0,0
23,Madhya Pradesh,393,Barwani,3562,2,Varla,0,3562
36,Telangana,516,Nizamabad,4376,4,Varni,20,4376
27,Maharashtra,665,Palghar,4164,2,Vasai,8,4164
27,Maharashtra,477,Hingoli,4115,2,Vasmath,5,4115
24,Gujarat,450,Kheda,6034,1,Vaso,0,0
32,Kerala,561,Kozhikode,5638,1,Vatakara,1,5638
36,Telangana,691,Sangareddy,6291,2,Vatpally,0,0
28,Andhra Pradesh,749,Ntr,4990,2,Vatsavai,1,4990
28,Andhra Pradesh,506,Guntur,5080,1,Vatticherukuru,41,5080
24,Gujarat,438,Ahmedabad,6516,1,Vatva,0,0
24,Gujarat,789,Vav-Tharad,3732,6,Vav,1,3732
33,Tamil Nadu,584,Salem,5742,1,Vazhapadi,7,5742
33,Tamil Nadu,579,Nagapattinam,5802,1,Vedaranyam,7,5802
33,Tamil Nadu,572,Dindigul,5762,2,Vedasandur,3,5762
28,Andhra Pradesh,503,Chittoor,5397,1,Vedurukuppam,31,5397
36,Telangana,508,Karimnagar,4439,1,Veenavanka,46,4439
28,Andhra Pradesh,504,Y.S.R. Kadapa,5242,3,Veeraballe,44,5242
28,Andhra Pradesh,743,Parvathipuram Manyam,4769,2,Veeraghattam,1,4769
33,Tamil Nadu,733,Tenkasi,5872,2,Veerakeralamputhur,3,5872
28,Andhra Pradesh,504,Y.S.R. Kadapa,5222,1,Veerapunayunipalle,24,5222
28,Andhra Pradesh,523,West Godavari,4983,1,Veeravasaram,40,4983
36,Telangana,683,Rajanna Sircilla,6220,2,Veernapalli,0,0
28,Andhra Pradesh,749,Ntr,4994,2,Veerullapadu,5,4994
24,Gujarat,438,Ahmedabad,6514,1,Vejalpur,0,0
33,Tamil Nadu,568,Chennai,7171,2,Velachery,0,0
36,Telangana,686,Hanumakonda,6252,3,Velair,0,0
28,Andhra Pradesh,748,Eluru,4734,4,Velairpadu,12,4734
36,Telangana,694,Nagarkurnool,4565,3,Veldanda,17,4565
28,Andhra Pradesh,751,Palnadu,5041,3,Veldurthy,2,5041
28,Andhra Pradesh,511,Kurnool,5278,2,Veldurthy,29,5278
36,Telangana,681,Jagitial,4398,5,Velgatur,6,4398
28,Andhra Pradesh,790,Markapuram,5135,2,Veligandla,39,5135
32,Kerala,558,Kasaragod,5933,1,Vellarikkundu,0,0
33,Tamil Nadu,595,Vellore,5717,6,Vellore,6,5717
28,Andhra Pradesh,755,Nandyal,5282,3,Velugodu,33,5282
36,Telangana,684,Mancherial,4330,4,Vemanpally,26,4330
33,Tamil Nadu,593,Tiruvannamalai,6624,1,Vembakkam,0,0
33,Tamil Nadu,597,Virudhunagar,6640,1,Vembakottai,0,0
28,Andhra Pradesh,504,Y.S.R. Kadapa,5233,2,Vempalli,35,5233
36,Telangana,509,Khammam,4768,1,Vemsoor,46,4768
28,Andhra Pradesh,504,Y.S.R. Kadapa,5220,1,Vemula,22,5220
36,Telangana,514,Nalgonda,4644,3,Vemulapally,32,4644
36,Telangana,683,Rajanna Sircilla,4430,4,Vemulawada,37,4430
36,Telangana,683,Rajanna Sircilla,6218,2,Vemulawada Rural,0,0
28,Andhra Pradesh,750,Bapatla,5087,2,Vemuru,48,5087
27,Maharashtra,495,Sindhudurg,4279,1,Vengurla,5,4279
28,Andhra Pradesh,515,Sri Potti Sriramulu Nellore,5182,1,Venkatachalam,30,5182
28,Andhra Pradesh,752,Tirupati,5187,2,Venkatagiri,35,5187
28,Andhra Pradesh,503,Chittoor,5424,1,Venkatagirikota,58,5424
36,Telangana,720,Mulugu,4684,3,Venkatapur,13,4684
36,Telangana,720,Mulugu,4724,3,Venkatapuram,2,4724
28,Andhra Pradesh,521,Vizianagaram,4832,1,Vepada,26,4832
33,Tamil Nadu,581,Perambalur,5974,1,Veppanthattai,0,0
33,Tamil Nadu,570,Cuddalore,5953,1,Veppur,0,0
24,Gujarat,675,Gir Somnath,7446,1,Veraval City,0,0
28,Andhra Pradesh,750,Bapatla,5124,2,Vetapalem,28,5124
28,Andhra Pradesh,502,Ananthapuramu,5308,1,Vidapanakal,5,5308
28,Andhra Pradesh,515,Sri Potti Sriramulu Nellore,5168,1,Vidavalur,16,5168
23,Madhya Pradesh,437,Vidisha,3579,3,Vidisha,7,3579
23,Madhya Pradesh,437,Vidisha,7017,3,Vidisha Nagar,0,0
10,Bihar,217,Samastipur,1296,1,Vidyapati Nagar,13,1296
8,Rajasthan,774,Beawar,6661,5,Vijainagar,0,0
8,Rajasthan,100,Ganganagar,464,14,Vijainagar,8,464
24,Gujarat,451,Mahesana,3756,1,Vijapur,6,3756
29,Karnataka,530,Vijayapura,5449,8,Vijayapura,1,5449
28,Andhra Pradesh,503,Chittoor,5405,1,Vijayapuram,39,5405
28,Andhra Pradesh,749,Ntr,5010,6,Vijayawada Central,21,5010
28,Andhra Pradesh,749,Ntr,6863,2,Vijayawada East,0,0
28,Andhra Pradesh,749,Ntr,6864,2,Vijayawada North,0,0
28,Andhra Pradesh,749,Ntr,5011,2,Vijayawada (Rural),22,5011
28,Andhra Pradesh,749,Ntr,6865,2,Vijayawada West,0,0
24,Gujarat,458,Sabar Kantha,3761,1,Vijaynagar,2,3761
23,Madhya Pradesh,431,Sheopur,3380,4,Vijaypur,1,3380
1,Jammu And Kashmir,624,Samba,6722,2,Vijaypur,0,0
23,Madhya Pradesh,413,Katni,3624,3,Vijayraghavgarh,2,3624
12,Arunachal Pradesh,229,Changlang,1679,7,Vijoynagar Eac,7,1679
36,Telangana,698,Vikarabad,4530,3,Vikarabad,19,4530
5,Uttarakhand,49,Dehradun,303,3,Vikas Nagar,2,303
7,Delhi,85,West,7591,4,Vikaspuri,0,0
27,Maharashtra,665,Palghar,4159,2,Vikramgad,3,4159
33,Tamil Nadu,596,Viluppuram,5978,7,Vikravandi,0,0
33,Tamil Nadu,594,Thoothukkudi,5864,1,Vilathikulam,3,5864
33,Tamil Nadu,575,Kanniyakumari,5881,5,Vilavancode,1,5881
1,Jammu And Kashmir,8,Kupwara,7206,1,Villgam,0,0
34,Puducherry,600,Puducherry,5911,1,Villianur,3,5911
33,Tamil Nadu,596,Viluppuram,5731,4,Viluppuram,4,5731
24,Gujarat,457,Rajkot,6198,2,Vinchchiya,0,0
28,Andhra Pradesh,515,Sri Potti Sriramulu Nellore,5161,1,Vinjamur,9,5161
28,Andhra Pradesh,751,Palnadu,5062,2,Vinukonda,23,5062
29,Karnataka,541,Kodagu,5568,5,Virajpet,3,5568
33,Tamil Nadu,582,Pudukkottai,6614,3,Viralimalai,0,0
24,Gujarat,438,Ahmedabad,3779,1,Viramgam,3,3779
8,Rajasthan,782,Kotputli-Behror,539,3,Viratnagar,2,539
24,Gujarat,669,Mahisagar,3870,2,Virpur,2,3870
33,Tamil Nadu,570,Cuddalore,5793,2,Virudhachalam,5,5793
33,Tamil Nadu,597,Virudhunagar,5850,1,Virudhunagar,4,5850
28,Andhra Pradesh,520,Visakhapatnam,4866,2,Visakhapatnam (Rural),26,4866
24,Gujarat,448,Junagadh,3829,1,Visavadar,5,3829
19,West Bengal,305,Bankura,2369,1,Vishnupur,14,2369
7,Delhi,78,East,7586,1,Vishwas Nagar,0,0
24,Gujarat,451,Mahesana,3754,1,Visnagar,4,3754
28,Andhra Pradesh,749,Ntr,5000,3,Vissannapeta,11,5000
28,Andhra Pradesh,521,Vizianagaram,4836,5,Vizianagaram Rural,30,4836
28,Andhra Pradesh,521,Vizianagaram,7431,4,Vizianagaram Urban,0,0
13,Nagaland,251,Zunheboto,1767,1,V.K.,1,1767
28,Andhra Pradesh,517,Prakasam,5147,3,Voletivaripalem,51,5147
28,Andhra Pradesh,504,Y.S.R. Kadapa,5228,1,Vontimitta,30,5228
36,Telangana,508,Karimnagar,4445,2,V.Saidapur,52,4445
28,Andhra Pradesh,510,Krishna,5027,1,Vuyyuru,38,5027
24,Gujarat,641,Tapi,3945,2,Vyara,13,3945
21,Odisha,356,Jajpur,7472,4,Vyasanagar,0,0
32,Kerala,567,Wayanad,5637,1,Vythiri,3,5637
27,Maharashtra,665,Palghar,4162,3,Wada,6,4162
29,Karnataka,635,Yadgir,7095,3,Wadagera,0,0
36,Telangana,695,Jogulamba Gadwal,4610,4,Waddepally,62,4610
24,Gujarat,460,Surendranagar,3792,2,Wadhwan,5,3792
22,Chhattisgarh,649,Balrampur-Ramanujganj,3238,6,Wadrafnagar,2,3238
27,Maharashtra,470,Beed,4220,1,Wadwani,6,4220
24,Gujarat,444,Dangs,6023,1,Waghai,0,0
1,Jammu And Kashmir,3,Baramulla,6823,5,Wagoora,0,0
27,Maharashtra,494,Satara,4256,1,Wai,2,4256
14,Manipur,711,Kakching,6486,2,Waikhong,0,0
36,Telangana,720,Mulugu,4723,4,Wajedu,1,4723
13,Nagaland,247,Mon,1749,1,Wakching,6,1749
12,Arunachal Pradesh,666,Longding,6012,4,Wakka Sdo,0,0
1,Jammu And Kashmir,626,Ganderbal,6808,3,Wakoora,0,0
12,Arunachal Pradesh,234,Lohit,1730,2,Wakro Circle,10,1730
33,Tamil Nadu,574,Kancheepuram,6626,4,Walajabad,0,0
33,Tamil Nadu,731,Ranipet,5714,6,Wallajah,3,5714
12,Arunachal Pradesh,628,Anjaw,1742,2,Walong Circle,8,1742
27,Maharashtra,493,Sangli,4296,1,Walwa,2,4296
36,Telangana,693,Wanaparthy,4595,2,Wanaparthy,47,4595
14,Manipur,256,Imphal West,1882,1,Wangoi,4,1882
27,Maharashtra,500,Yavatmal,4094,1,Wani,16,4094
24,Gujarat,673,Morbi,3801,2,Wankaner,4,3801
36,Telangana,699,Kumuram Bheem Asifabad,4314,3,Wankidi,10,4314
17,Meghalaya,657,East Jaintia Hills,1999,8,Wapung,4,1999
36,Telangana,522,Warangal,4706,5,Warangal,35,4706
23,Madhya Pradesh,392,Balaghat,3669,1,Waraseoni,2,3669
27,Maharashtra,498,Wardha,4019,2,Wardha,5,4019
36,Telangana,522,Warangal,4704,1,Wardhannapet,33,4704
36,Telangana,692,Siddipet,4485,3,Wargal,35,4485
10,Bihar,210,Nawada,1513,1,Warisaliganj,3,1513
10,Bihar,217,Samastipur,1285,1,Warisnagar,2,1285
27,Maharashtra,473,Chandrapur,4064,1,Warora,1,4064
27,Maharashtra,468,Amravati,4007,1,Warud,7,4007
1,Jammu And Kashmir,620,Kishtwar,6766,1,Warwan,0,0
27,Maharashtra,488,Dharashiv,4238,2,Washi,3,4238
27,Maharashtra,499,Washim,3999,1,Washim,5,3999
1,Jammu And Kashmir,3,Baramulla,6825,1,Watergam,0,0
33,Tamil Nadu,597,Virudhunagar,6675,3,Watrap,0,0
8,Rajasthan,113,Sawai Madhopur,6386,5,Wazeerpur,0,0
6,Haryana,62,Gurugram,6420,1,Wazirabad St,0,0
10,Bihar,196,Gaya,1507,1,Wazirganj,21,1507
36,Telangana,693,Wanaparthy,4608,6,Weepangandla,60,4608
8,Rajasthan,91,Bharatpur,512,6,Weir,8,512
15,Mizoram,266,Mamit,1897,2,West Phaileng,0,1897
13,Nagaland,788,Meluri,5992,2,Weziho,0,0
14,Manipur,257,Senapati,6485,1,Willong,0,0
13,Nagaland,250,Wokha,1789,1,Wokha Sadar,10,1789
13,Nagaland,250,Wokha,1788,1,Wozhuro,9,1788
36,Telangana,509,Khammam,4764,1,Wyra,42,4764
36,Telangana,518,Ranga Reddy,4548,1,Yacharam,37,4548
12,Arunachal Pradesh,786,Keyi Panyor,1697,7,Yachuli Adc,2,1697
36,Telangana,697,Yadadri Bhuvanagiri,4616,3,Yadagirigutta,4,4616
28,Andhra Pradesh,503,Chittoor,5430,1,Yadamarri,64,5430
29,Karnataka,635,Yadgir,5589,6,Yadgir,10,5589
28,Andhra Pradesh,502,Ananthapuramu,5312,1,Yadiki,9,5312
29,Karnataka,538,Kalaburagi,7089,2,Yadrami,0,0
5,Uttarakhand,52,Pauri Garhwal,314,11,Yamkeshwar,0,314
7,Delhi,81,North East,6082,4,Yamuna Vihar,0,0
34,Puducherry,600,Puducherry,5908,2,Yanam,1,5908
11,Sikkim,227,Namchi,6400,2,Yangang,0,0
12,Arunachal Pradesh,677,Kra Daadi,1704,6,Yangte Circle,5,1704
29,Karnataka,527,Belagavi,7195,2,Yaragatti,0,0
1,Jammu And Kashmir,622,Kulgam,6781,3,Yaripora,0,0
12,Arunachal Pradesh,229,Changlang,6579,1,Yatdam Circle,0,0
27,Maharashtra,500,Yavatmal,4082,1,Yavatmal,4,4082
27,Maharashtra,478,Jalgaon,3961,1,Yawal,2,3961
12,Arunachal Pradesh,786,Keyi Panyor,1698,7,Yazali Circle,0,1698
36,Telangana,516,Nizamabad,4369,3,Yedapally,13,4369
28,Andhra Pradesh,750,Bapatla,5107,2,Yeddana Pudi,11,5107
36,Telangana,693,Wanaparthy,7533,2,Yedula,0,0
29,Karnataka,525,Bengaluru Urban,7103,6,Yelahanka,0,0
36,Telangana,698,Vikarabad,4536,2,Yelal,25,4536
28,Andhra Pradesh,744,Anakapalli,4879,2,Yelamanchili,39,4879
28,Andhra Pradesh,523,West Godavari,4989,1,Yelamanchili,46,4989
29,Karnataka,531,Chamarajanagar,5578,1,Yelandur,3,5578
29,Karnataka,543,Koppal,5464,3,Yelbarga,1,5464
36,Telangana,513,Medak,4481,2,Yeldurthy,31,4481
28,Andhra Pradesh,746,Kakinada,4893,2,Yeleswaram,9,4893
36,Telangana,690,Bhadradri Kothagudem,4740,2,Yellandu,18,4740
28,Andhra Pradesh,502,Ananthapuramu,5327,1,Yellanur,24,5327
29,Karnataka,550,Uttara Kannada,5481,1,Yellapur,4,5481
36,Telangana,683,Rajanna Sircilla,4432,4,Yellareddipet,39,4432
36,Telangana,685,Kamareddy,4386,2,Yellareddy,30,4386
28,Andhra Pradesh,511,Kurnool,5254,1,Yemmiganur,5,5254
33,Tamil Nadu,584,Salem,5741,1,Yercaud,6,5741
36,Telangana,516,Nizamabad,6239,1,Yergatla,0,0
28,Andhra Pradesh,752,Tirupati,5377,2,Yerpedu,11,5377
28,Andhra Pradesh,790,Markapuram,5097,2,Yerragondapalem,1,5097
28,Andhra Pradesh,504,Y.S.R. Kadapa,5223,1,Yerraguntla,25,5223
36,Telangana,695,Jogulamba Gadwal,7517,2,Yerravalli,0,0
28,Andhra Pradesh,752,Tirupati,5374,2,Yerravaripalem,8,5374
36,Telangana,509,Khammam,4767,1,Yerrupalem,45,4767
28,Andhra Pradesh,791,Polavaram,6063,4,Yetapaka,0,0
27,Maharashtra,487,Nashik,4156,1,Yevla,15,4156
12,Arunachal Pradesh,240,Upper Siang,1663,4,Yingkiong Circle,6,1663
12,Arunachal Pradesh,243,West Siang,1633,6,Yomcha Adc,12,1633
13,Nagaland,615,Longleng,1832,1,Yongnyah,0,1832
28,Andhra Pradesh,791,Polavaram,4886,4,Y. Ramavaram,3,4886
11,Sikkim,228,Gyalshing,6397,1,Yuksom,0,0
1,Jammu And Kashmir,8,Kupwara,6790,2,Zachaldara,0,0
36,Telangana,689,Jangoan,4696,2,Zaffergadh,25,4696
36,Telangana,691,Sangareddy,4474,3,Zahirabad,24,4474
1,Jammu And Kashmir,625,Shopian,6797,2,Zainapora,0,0
1,Jammu And Kashmir,3,Baramulla,6826,2,Zaingeer,0,0
9,Uttar Pradesh,146,Ghazipur,991,6,Zamania,5,991
37,Ladakh,6,Kargil,15,1,Zanskar,2,15
27,Maharashtra,500,Yavatmal,4093,1,Zari-Jamani,15,4093
28,Andhra Pradesh,517,Prakasam,5142,2,Zarugumalli,46,5142
15,Mizoram,266,Mamit,1896,2,Zawlnuam,1,1896
12,Arunachal Pradesh,238,Tawang,1556,6,Zemithang Circle,1,1556
17,Meghalaya,663,South West Garo Hills,1967,3,Zikzak,6,1967
3,Punjab,31,Ferozepur,234,1,Zira,1,234
10,Bihar,222,Siwan,1239,1,Ziradei,11,1239
12,Arunachal Pradesh,236,Lower Subansiri,1695,4,Ziro Hq,0,1695
13,Nagaland,248,Phek,1810,1,Zuketsa,0,1810
13,Nagaland,251,Zunheboto,1772,1,Zunheboto Sadar,6,1772
