local_body_code,ward_code,local_body_name,ward_number,ward_name,district_code,district_name,district_census_code,subdistrict_code,subdistrict_name,subdistrict_census_code,village_code,village_census_code,ward_source_state
251849,63464,Afzalpur,1,Afzalpur (TP) - Ward No.1,0,,0,0,,0,0,0,karnataka
251849,63473,Afzalpur,10,Afzalpur (TP) - Ward No.10,0,,0,0,,0,0,0,karnataka
251849,63474,Afzalpur,11,Afzalpur (TP) - Ward No.11,0,,0,0,,0,0,0,karnataka
251849,63475,Afzalpur,12,Afzalpur (TP) - Ward No.12,0,,0,0,,0,0,0,karnataka
251849,63476,Afzalpur,13,Afzalpur (TP) - Ward No.13,0,,0,0,,0,0,0,karnataka
251849,63477,Afzalpur,14,Afzalpur (TP) - Ward No.14,0,,0,0,,0,0,0,karnataka
251849,63478,Afzalpur,15,Afzalpur (TP) - Ward No.15,0,,0,0,,0,0,0,karnataka
251849,930330,Afzalpur,16,Afzalpur (TP) - Ward No.16,0,,0,0,,0,0,0,karnataka
251849,930331,Afzalpur,17,Afzalpur (TP) - Ward No.17,0,,0,0,,0,0,0,karnataka
251849,930334,Afzalpur,18,Afzalpur (TP) - Ward No.18,0,,0,0,,0,0,0,karnataka
251849,930337,Afzalpur,19,Afzalpur (TP) - Ward No.19,0,,0,0,,0,0,0,karnataka
251849,63465,Afzalpur,2,Afzalpur (TP) - Ward No.2,0,,0,0,,0,0,0,karnataka
251849,930342,Afzalpur,20,Afzalpur (TP) - Ward No.20,0,,0,0,,0,0,0,karnataka
251849,1889378,Afzalpur,21,Afzalpur (TP) - Ward No.21,0,,0,0,,0,0,0,karnataka
251849,1889379,Afzalpur,22,Afzalpur (TP) - Ward No.22,0,,0,0,,0,0,0,karnataka
251849,1889380,Afzalpur,23,Afzalpur (TP) - Ward No.23,0,,0,0,,0,0,0,karnataka
251849,63466,Afzalpur,3,Afzalpur (TP) - Ward No.3,0,,0,0,,0,0,0,karnataka
251849,63467,Afzalpur,4,Afzalpur (TP) - Ward No.4,0,,0,0,,0,0,0,karnataka
251849,63468,Afzalpur,5,Afzalpur (TP) - Ward No.5,0,,0,0,,0,0,0,karnataka
251849,63469,Afzalpur,6,Afzalpur (TP) - Ward No.6,0,,0,0,,0,0,0,karnataka
251849,63470,Afzalpur,7,Afzalpur (TP) - Ward No.7,0,,0,0,,0,0,0,karnataka
251849,63471,Afzalpur,8,Afzalpur (TP) - Ward No.8,0,,0,0,,0,0,0,karnataka
251849,63472,Afzalpur,9,Afzalpur (TP) - Ward No.9,0,,0,0,,0,0,0,karnataka
276618,1295588,Ainapur,3,Basava Nagar,0,,0,0,,0,0,0,karnataka
276618,1295587,Ainapur,2,Gandi Nagar,0,,0,0,,0,0,0,karnataka
276618,1295589,Ainapur,4,Hanuman Nagar,0,,0,0,,0,0,0,karnataka
276618,1295597,Ainapur,12,Jamadar Oni,0,,0,0,,0,0,0,karnataka
276618,1295586,Ainapur,1,Janata Colony,0,,0,0,,0,0,0,karnataka
276618,1295590,Ainapur,5,Jolad Galli,0,,0,0,,0,0,0,karnataka
276618,1295595,Ainapur,10,Kalmeshwar Oni,0,,0,0,,0,0,0,karnataka
276618,1295594,Ainapur,9,Katti Oni,0,,0,0,,0,0,0,karnataka
276618,1295598,Ainapur,13,Killedar Oni,0,,0,0,,0,0,0,karnataka
276618,1295591,Ainapur,6,Mutnal Galli,0,,0,0,,0,0,0,karnataka
276618,1295593,Ainapur,8,Pagadar Oni,0,,0,0,,0,0,0,karnataka
276618,1295599,Ainapur,14,Sambanavar Oni,0,,0,0,,0,0,0,karnataka
276618,1295592,Ainapur,7,Sunagar Galli,0,,0,0,,0,0,0,karnataka
276618,1295596,Ainapur,11,Vidhya Nagar,0,,0,0,,0,0,0,karnataka
276618,1295614,Ainapur,ward No.15,Ward No.15,527,Belagavi,555,5434,Athni,5434,0,0,karnataka
276618,1295614,Ainapur,ward No.15,Ward No.15,527,Belagavi,555,5434,Athni,5434,0,0,karnataka
276618,1295615,Ainapur,ward No.16,Ward No.16,0,,0,0,,0,929147,0,karnataka
276618,1295615,Ainapur,ward No.16,Ward No.16,0,,0,0,,0,929147,0,karnataka
276618,1295616,Ainapur,ward No.17,Ward No.17,0,,0,0,,0,929147,0,karnataka
276618,1295616,Ainapur,ward No.17,Ward No.17,0,,0,0,,0,929147,0,karnataka
276618,1295617,Ainapur,ward No.18,Ward No.18,0,,0,0,,0,929147,0,karnataka
276618,1295617,Ainapur,ward No.18,Ward No.18,0,,0,0,,0,929147,0,karnataka
276618,1295618,Ainapur,ward No.19,Ward No.19,527,Belagavi,555,5434,Athni,5434,0,0,karnataka
276618,1295618,Ainapur,ward No.19,Ward No.19,527,Belagavi,555,5434,Athni,5434,0,0,karnataka
296977,2440124,Ajjampura,1,Ajjampura-01,0,,0,0,,0,0,0,karnataka
296977,2440125,Ajjampura,2,Ajjampura-02,0,,0,0,,0,0,0,karnataka
296977,2440126,Ajjampura,3,Ajjampura-03,0,,0,0,,0,0,0,karnataka
296977,2440127,Ajjampura,4,Ajjampura-04,0,,0,0,,0,0,0,karnataka
296977,2440128,Ajjampura,5,Ajjampura-05,0,,0,0,,0,0,0,karnataka
296977,2440129,Ajjampura,6,Ajjampura-06,0,,0,0,,0,0,0,karnataka
296977,2440130,Ajjampura,7,Ajjampura-07,0,,0,0,,0,0,0,karnataka
296977,2440131,Ajjampura,8,Ajjampura-08,0,,0,0,,0,0,0,karnataka
296977,2440132,Ajjampura,9,Ajjampura-09,0,,0,0,,0,0,0,karnataka
296977,3068766,Ajjampura,10,ward No.10,0,,0,0,,0,0,0,karnataka
296977,3068767,Ajjampura,11,ward No.11,0,,0,0,,0,0,0,karnataka
276540,1296119,Alamela,3,Ambabhavani Temple,530,Vijayapura,557,5451,Sindgi,5451,0,0,karnataka
276540,1296119,Alamela,3,Ambabhavani Temple,530,Vijayapura,557,5451,Sindgi,5451,0,0,karnataka
276540,1296130,Alamela,14,Ambedkar Nagar,530,Vijayapura,557,5451,Sindgi,5451,0,0,karnataka
276540,1296130,Alamela,14,Ambedkar Nagar,530,Vijayapura,557,5451,Sindgi,5451,0,0,karnataka
276540,1296129,Alamela,13,Ambedkar Nagara,0,,0,0,,0,0,0,karnataka
276540,1296117,Alamela,1,Basava Nagar,0,,0,0,,0,928595,0,karnataka
276540,1296117,Alamela,1,Basava Nagar,0,,0,0,,0,928595,0,karnataka
276540,1296128,Alamela,12,Bhagawan Colony,530,Vijayapura,557,5451,Sindgi,5451,0,0,karnataka
276540,1296128,Alamela,12,Bhagawan Colony,530,Vijayapura,557,5451,Sindgi,5451,0,0,karnataka
276540,1296124,Alamela,8,Chandtara Galli,0,,0,0,,0,928595,0,karnataka
276540,1296124,Alamela,8,Chandtara Galli,0,,0,0,,0,928595,0,karnataka
276540,1296127,Alamela,11,Gandhi Chowk,530,Vijayapura,557,5451,Sindgi,5451,0,0,karnataka
276540,1296127,Alamela,11,Gandhi Chowk,530,Vijayapura,557,5451,Sindgi,5451,0,0,karnataka
276540,1296118,Alamela,2,Indi Road,530,Vijayapura,557,5451,Sindgi,5451,0,0,karnataka
276540,1296118,Alamela,2,Indi Road,530,Vijayapura,557,5451,Sindgi,5451,0,0,karnataka
276540,1296122,Alamela,6,Kannolli Colony,0,,0,0,,0,928595,0,karnataka
276540,1296122,Alamela,6,Kannolli Colony,0,,0,0,,0,928595,0,karnataka
276540,1296120,Alamela,4,Khaji Colony,530,Vijayapura,557,5451,Sindgi,5451,0,0,karnataka
276540,1296120,Alamela,4,Khaji Colony,530,Vijayapura,557,5451,Sindgi,5451,0,0,karnataka
276540,1296135,Alamela,19,Kumbar Colony,0,,0,0,,0,928595,0,karnataka
276540,1296135,Alamela,19,Kumbar Colony,0,,0,0,,0,928595,0,karnataka
276540,1296131,Alamela,15,Madar Colony,530,Vijayapura,557,5451,Sindgi,5451,0,0,karnataka
276540,1296131,Alamela,15,Madar Colony,530,Vijayapura,557,5451,Sindgi,5451,0,0,karnataka
276540,1296121,Alamela,5,Main Bazar,530,Vijayapura,557,5451,Sindgi,5451,0,0,karnataka
276540,1296121,Alamela,5,Main Bazar,530,Vijayapura,557,5451,Sindgi,5451,0,0,karnataka
276540,1296132,Alamela,16,Narayanakar Colony,0,,0,0,,0,928595,0,karnataka
276540,1296132,Alamela,16,Narayanakar Colony,0,,0,0,,0,928595,0,karnataka
276540,1296125,Alamela,9,Soudagar Colony,0,,0,0,,0,928595,0,karnataka
276540,1296125,Alamela,9,Soudagar Colony,0,,0,0,,0,928595,0,karnataka
276540,1296123,Alamela,7,Sumbad Colony,530,Vijayapura,557,5451,Sindgi,5451,0,0,karnataka
276540,1296123,Alamela,7,Sumbad Colony,530,Vijayapura,557,5451,Sindgi,5451,0,0,karnataka
276540,1296134,Alamela,18,Tippi Gundi,0,,0,0,,0,928595,0,karnataka
276540,1296134,Alamela,18,Tippi Gundi,0,,0,0,,0,928595,0,karnataka
276540,1296126,Alamela,10,Veerabhadreshwar Chowk,0,,0,0,,0,928595,0,karnataka
276540,1296126,Alamela,10,Veerabhadreshwar Chowk,0,,0,0,,0,928595,0,karnataka
276540,1296133,Alamela,17,Waddar Colony,530,Vijayapura,557,5451,Sindgi,5451,0,0,karnataka
276540,1296133,Alamela,17,Waddar Colony,530,Vijayapura,557,5451,Sindgi,5451,0,0,karnataka
251848,26422,Aland,1,Aland (TMC) - Ward No.1,0,,0,0,,0,0,0,karnataka
251848,26431,Aland,10,Aland (TMC) - Ward No.10,0,,0,0,,0,0,0,karnataka
251848,26432,Aland,11,Aland (TMC) - Ward No.11,0,,0,0,,0,0,0,karnataka
251848,26433,Aland,12,Aland (TMC) - Ward No.12,0,,0,0,,0,0,0,karnataka
251848,26969,Aland,13,Aland (TMC) - Ward No.13,0,,0,0,,0,0,0,karnataka
251848,26970,Aland,14,Aland (TMC) - Ward No.14,0,,0,0,,0,0,0,karnataka
251848,26971,Aland,15,Aland (TMC) - Ward No.15,0,,0,0,,0,0,0,karnataka
251848,26972,Aland,16,Aland (TMC) - Ward No.16,0,,0,0,,0,0,0,karnataka
251848,26973,Aland,17,Aland (TMC) - Ward No.17,0,,0,0,,0,0,0,karnataka
251848,26974,Aland,18,Aland (TMC) - Ward No.18,0,,0,0,,0,0,0,karnataka
251848,26975,Aland,19,Aland (TMC) - Ward No.19,0,,0,0,,0,0,0,karnataka
251848,26423,Aland,2,Aland (TMC) - Ward No.2,0,,0,0,,0,0,0,karnataka
251848,26976,Aland,20,Aland (TMC) - Ward No.20,0,,0,0,,0,0,0,karnataka
251848,26977,Aland,21,Aland (TMC) - Ward No.21,0,,0,0,,0,0,0,karnataka
251848,26978,Aland,22,Aland (TMC) - Ward No.22,0,,0,0,,0,0,0,karnataka
251848,26979,Aland,23,Aland (TMC) - Ward No.23,0,,0,0,,0,0,0,karnataka
251848,1889482,Aland,24,Aland (TMC) - Ward No.24,0,,0,0,,0,0,0,karnataka
251848,1889483,Aland,25,Aland (TMC) - Ward No.25,0,,0,0,,0,0,0,karnataka
251848,1889484,Aland,26,Aland (TMC) - Ward No.26,0,,0,0,,0,0,0,karnataka
251848,1889485,Aland,27,Aland (TMC) - Ward No.27,0,,0,0,,0,0,0,karnataka
251848,26424,Aland,3,Aland (TMC) - Ward No.3,0,,0,0,,0,0,0,karnataka
251848,26425,Aland,4,Aland (TMC) - Ward No.4,0,,0,0,,0,0,0,karnataka
251848,26426,Aland,5,Aland (TMC) - Ward No.5,0,,0,0,,0,0,0,karnataka
251848,26427,Aland,6,Aland (TMC) - Ward No.6,0,,0,0,,0,0,0,karnataka
251848,26428,Aland,7,Aland (TMC) - Ward No.7,0,,0,0,,0,0,0,karnataka
251848,26429,Aland,8,Aland (TMC) - Ward No.8,0,,0,0,,0,0,0,karnataka
251848,26430,Aland,9,Aland (TMC) - Ward No.9,0,,0,0,,0,0,0,karnataka
251894,28106,Alnavar,1,Alnavar (TP) - Ward No.1,0,,0,0,,0,0,0,karnataka
251894,28115,Alnavar,10,Alnavar (TP) - Ward No.10,0,,0,0,,0,0,0,karnataka
251894,28116,Alnavar,11,Alnavar (TP) - Ward No.11,0,,0,0,,0,0,0,karnataka
251894,28117,Alnavar,12,Alnavar (TP) - Ward No.12,0,,0,0,,0,0,0,karnataka
251894,28118,Alnavar,13,Alnavar (TP) - Ward No.13,0,,0,0,,0,0,0,karnataka
251894,28119,Alnavar,14,Alnavar (TP) - Ward No.14,0,,0,0,,0,0,0,karnataka
251894,28120,Alnavar,15,Alnavar (TP) - Ward No.15,0,,0,0,,0,0,0,karnataka
251894,2443622,Alnavar,16,Alnavar (TP) - Ward No.16,0,,0,0,,0,0,0,karnataka
251894,2443623,Alnavar,17,Alnavar (TP) - Ward No.17,0,,0,0,,0,0,0,karnataka
251894,2443624,Alnavar,18,Alnavar (TP) - Ward No.18,0,,0,0,,0,0,0,karnataka
251894,28107,Alnavar,2,Alnavar (TP) - Ward No.2,0,,0,0,,0,0,0,karnataka
251894,28108,Alnavar,3,Alnavar (TP) - Ward No.3,0,,0,0,,0,0,0,karnataka
251894,28109,Alnavar,4,Alnavar (TP) - Ward No.4,0,,0,0,,0,0,0,karnataka
251894,28110,Alnavar,5,Alnavar (TP) - Ward No.5,0,,0,0,,0,0,0,karnataka
251894,28111,Alnavar,6,Alnavar (TP) - Ward No.6,0,,0,0,,0,0,0,karnataka
251894,28112,Alnavar,7,Alnavar (TP) - Ward No.7,0,,0,0,,0,0,0,karnataka
251894,28113,Alnavar,8,Alnavar (TP) - Ward No.8,0,,0,0,,0,0,0,karnataka
251894,28114,Alnavar,9,Alnavar (TP) - Ward No.9,0,,0,0,,0,0,0,karnataka
252013,27791,Alur,1,Alur (TP) - Ward No.1,0,,0,0,,0,0,0,karnataka
252013,27800,Alur,10,Alur (TP) - Ward No.10,0,,0,0,,0,0,0,karnataka
252013,27801,Alur,11,Alur (TP) - Ward No.11,0,,0,0,,0,0,0,karnataka
252013,27792,Alur,2,Alur (TP) - Ward No.2,0,,0,0,,0,0,0,karnataka
252013,27793,Alur,3,Alur (TP) - Ward No.3,0,,0,0,,0,0,0,karnataka
252013,27794,Alur,4,Alur (TP) - Ward No.4,0,,0,0,,0,0,0,karnataka
252013,27795,Alur,5,Alur (TP) - Ward No.5,0,,0,0,,0,0,0,karnataka
252013,27796,Alur,6,Alur (TP) - Ward No.6,0,,0,0,,0,0,0,karnataka
252013,27797,Alur,7,Alur (TP) - Ward No.7,0,,0,0,,0,0,0,karnataka
252013,27798,Alur,8,Alur (TP) - Ward No.8,0,,0,0,,0,0,0,karnataka
252013,27799,Alur,9,Alur (TP) - Ward No.9,0,,0,0,,0,0,0,karnataka
276597,1294036,Aminagad,1,Ward-1,0,,0,0,,0,928637,0,karnataka
276597,1294036,Aminagad,1,Ward-1,0,,0,0,,0,928637,0,karnataka
276597,1294045,Aminagad,10,Ward-10,524,Bagalkote,556,5448,Hungund,5448,0,0,karnataka
276597,1294045,Aminagad,10,Ward-10,524,Bagalkote,556,5448,Hungund,5448,0,0,karnataka
276597,1294046,Aminagad,11,Ward-11,0,,0,0,,0,928637,0,karnataka
276597,1294046,Aminagad,11,Ward-11,0,,0,0,,0,928637,0,karnataka
276597,1294047,Aminagad,12,Ward-12,524,Bagalkote,556,5448,Hungund,5448,0,0,karnataka
276597,1294047,Aminagad,12,Ward-12,524,Bagalkote,556,5448,Hungund,5448,0,0,karnataka
276597,1294048,Aminagad,13,Ward-13,524,Bagalkote,556,5448,Hungund,5448,0,0,karnataka
276597,1294048,Aminagad,13,Ward-13,524,Bagalkote,556,5448,Hungund,5448,0,0,karnataka
276597,1294049,Aminagad,14,Ward-14,524,Bagalkote,556,5448,Hungund,5448,0,0,karnataka
276597,1294049,Aminagad,14,Ward-14,524,Bagalkote,556,5448,Hungund,5448,0,0,karnataka
276597,1294050,Aminagad,15,Ward-15,0,,0,0,,0,928637,0,karnataka
276597,1294050,Aminagad,15,Ward-15,0,,0,0,,0,928637,0,karnataka
276597,1294051,Aminagad,16,Ward-16,0,,0,0,,0,928637,0,karnataka
276597,1294051,Aminagad,16,Ward-16,0,,0,0,,0,928637,0,karnataka
276597,1294037,Aminagad,2,Ward-2,0,,0,0,,0,928637,0,karnataka
276597,1294037,Aminagad,2,Ward-2,0,,0,0,,0,928637,0,karnataka
276597,1294038,Aminagad,3,Ward-3,0,,0,0,,0,928637,0,karnataka
276597,1294038,Aminagad,3,Ward-3,0,,0,0,,0,928637,0,karnataka
276597,1294039,Aminagad,4,Ward-4,524,Bagalkote,556,5448,Hungund,5448,0,0,karnataka
276597,1294039,Aminagad,4,Ward-4,524,Bagalkote,556,5448,Hungund,5448,0,0,karnataka
276597,1294040,Aminagad,5,Ward-5,0,,0,0,,0,928637,0,karnataka
276597,1294040,Aminagad,5,Ward-5,0,,0,0,,0,928637,0,karnataka
276597,1294041,Aminagad,6,Ward-6,0,,0,0,,0,928637,0,karnataka
276597,1294041,Aminagad,6,Ward-6,0,,0,0,,0,928637,0,karnataka
276597,1294042,Aminagad,7,Ward-7,524,Bagalkote,556,5448,Hungund,5448,0,0,karnataka
276597,1294042,Aminagad,7,Ward-7,524,Bagalkote,556,5448,Hungund,5448,0,0,karnataka
276597,1294043,Aminagad,8,Ward-8,524,Bagalkote,556,5448,Hungund,5448,0,0,karnataka
276597,1294043,Aminagad,8,Ward-8,524,Bagalkote,556,5448,Hungund,5448,0,0,karnataka
276597,1294044,Aminagad,9,Ward-9,0,,0,0,,0,928637,0,karnataka
276597,1294044,Aminagad,9,Ward-9,0,,0,0,,0,928637,0,karnataka
299181,3046807,Anavatti,1,Ward 1,0,,0,0,,0,0,0,karnataka
299181,3046816,Anavatti,10,Ward 10,0,,0,0,,0,0,0,karnataka
299181,3046817,Anavatti,11,Ward 11,0,,0,0,,0,0,0,karnataka
299181,3046818,Anavatti,12,Ward 12,0,,0,0,,0,0,0,karnataka
299181,3046819,Anavatti,13,Ward 13,0,,0,0,,0,0,0,karnataka
299181,3046820,Anavatti,14,Ward 14,0,,0,0,,0,0,0,karnataka
299181,3046821,Anavatti,15,Ward 15,0,,0,0,,0,0,0,karnataka
299181,3046822,Anavatti,16,Ward 16,0,,0,0,,0,0,0,karnataka
299181,3046823,Anavatti,17,Ward 17,0,,0,0,,0,0,0,karnataka
299181,3046824,Anavatti,18,Ward 18,0,,0,0,,0,0,0,karnataka
299181,3046808,Anavatti,2,Ward 2,0,,0,0,,0,0,0,karnataka
299181,3046809,Anavatti,3,Ward 3,0,,0,0,,0,0,0,karnataka
299181,3046810,Anavatti,4,Ward 4,0,,0,0,,0,0,0,karnataka
299181,3046811,Anavatti,5,Ward 5,0,,0,0,,0,0,0,karnataka
299181,3046812,Anavatti,6,Ward 6,0,,0,0,,0,0,0,karnataka
299181,3046813,Anavatti,7,Ward 7,0,,0,0,,0,0,0,karnataka
299181,3046814,Anavatti,8,Ward 8,0,,0,0,,0,0,0,karnataka
299181,3046815,Anavatti,9,Ward 9,0,,0,0,,0,0,0,karnataka
253189,25883,Anekal,1,Bangalore (M Corp.) - Ward No.1,0,,0,0,,0,0,0,karnataka
253189,25981,Anekal,10,Bangalore (M Corp.) - Ward No.10,0,,0,0,,0,0,0,karnataka
253189,25982,Anekal,11,Bangalore (M Corp.) - Ward No.11,0,,0,0,,0,0,0,karnataka
253189,25983,Anekal,12,Bangalore (M Corp.) - Ward No.12,0,,0,0,,0,0,0,karnataka
253189,25984,Anekal,13,Bangalore (M Corp.) - Ward No.13,0,,0,0,,0,0,0,karnataka
253189,25985,Anekal,14,Bangalore (M Corp.) - Ward No.14,0,,0,0,,0,0,0,karnataka
253189,25986,Anekal,15,Bangalore (M Corp.) - Ward No.15,0,,0,0,,0,0,0,karnataka
253189,25987,Anekal,16,Bangalore (M Corp.) - Ward No.16,0,,0,0,,0,0,0,karnataka
253189,25988,Anekal,17,Bangalore (M Corp.) - Ward No.17,0,,0,0,,0,0,0,karnataka
253189,25989,Anekal,18,Bangalore (M Corp.) - Ward No.18,0,,0,0,,0,0,0,karnataka
253189,25990,Anekal,19,Bangalore (M Corp.) - Ward No.19,0,,0,0,,0,0,0,karnataka
253189,25884,Anekal,2,Bangalore (M Corp.) - Ward No.2,0,,0,0,,0,0,0,karnataka
253189,25991,Anekal,20,Bangalore (M Corp.) - Ward No.20,0,,0,0,,0,0,0,karnataka
253189,25992,Anekal,21,Bangalore (M Corp.) - Ward No.21,0,,0,0,,0,0,0,karnataka
253189,25993,Anekal,22,Bangalore (M Corp.) - Ward No.22,0,,0,0,,0,0,0,karnataka
253189,25994,Anekal,23,Bangalore (M Corp.) - Ward No.23,0,,0,0,,0,0,0,karnataka
253189,2443564,Anekal,24,Bangalore (M Corp.) - Ward No.24,0,,0,0,,0,0,0,karnataka
253189,2443565,Anekal,25,Bangalore (M Corp.) - Ward No.25,0,,0,0,,0,0,0,karnataka
253189,2443566,Anekal,26,Bangalore (M Corp.) - Ward No.26,0,,0,0,,0,0,0,karnataka
253189,2443567,Anekal,27,Bangalore (M Corp.) - Ward No.27,0,,0,0,,0,0,0,karnataka
253189,25974,Anekal,3,Bangalore (M Corp.) - Ward No.3,0,,0,0,,0,0,0,karnataka
253189,25975,Anekal,4,Bangalore (M Corp.) - Ward No.4,0,,0,0,,0,0,0,karnataka
253189,25976,Anekal,5,Bangalore (M Corp.) - Ward No.5,0,,0,0,,0,0,0,karnataka
253189,25977,Anekal,6,Bangalore (M Corp.) - Ward No.6,0,,0,0,,0,0,0,karnataka
253189,25978,Anekal,7,Bangalore (M Corp.) - Ward No.7,0,,0,0,,0,0,0,karnataka
253189,25979,Anekal,8,Bangalore (M Corp.) - Ward No.8,0,,0,0,,0,0,0,karnataka
253189,25980,Anekal,9,Bangalore (M Corp.) - Ward No.9,0,,0,0,,0,0,0,karnataka
299329,3287832,Ankalagi-Akkathangerahal,1,Ward No.1,0,,0,0,,0,0,0,karnataka
299329,3287841,Ankalagi-Akkathangerahal,10,Ward No.10,0,,0,0,,0,0,0,karnataka
299329,3287842,Ankalagi-Akkathangerahal,11,Ward No.11,0,,0,0,,0,0,0,karnataka
299329,3287843,Ankalagi-Akkathangerahal,12,Ward No.12,0,,0,0,,0,0,0,karnataka
299329,3287844,Ankalagi-Akkathangerahal,13,Ward No.13,0,,0,0,,0,0,0,karnataka
299329,3287845,Ankalagi-Akkathangerahal,14,Ward No.14,0,,0,0,,0,0,0,karnataka
299329,3287846,Ankalagi-Akkathangerahal,15,Ward No.15,0,,0,0,,0,0,0,karnataka
299329,3287847,Ankalagi-Akkathangerahal,16,Ward No.16,0,,0,0,,0,0,0,karnataka
299329,3287848,Ankalagi-Akkathangerahal,17,Ward No.17,0,,0,0,,0,0,0,karnataka
299329,3287833,Ankalagi-Akkathangerahal,2,Ward No.2,0,,0,0,,0,0,0,karnataka
299329,3287834,Ankalagi-Akkathangerahal,3,Ward No.3,0,,0,0,,0,0,0,karnataka
299329,3287835,Ankalagi-Akkathangerahal,4,Ward No.4,0,,0,0,,0,0,0,karnataka
299329,3287836,Ankalagi-Akkathangerahal,5,Ward No.5,0,,0,0,,0,0,0,karnataka
299329,3287837,Ankalagi-Akkathangerahal,6,Ward No.6,0,,0,0,,0,0,0,karnataka
299329,3287838,Ankalagi-Akkathangerahal,7,Ward No.7,0,,0,0,,0,0,0,karnataka
299329,3287839,Ankalagi-Akkathangerahal,8,Ward No.8,0,,0,0,,0,0,0,karnataka
299329,3287840,Ankalagi-Akkathangerahal,9,Ward No.9,0,,0,0,,0,0,0,karnataka
251906,29943,Ankola,1,Ankola (TP) - Ward No.1,0,,0,0,,0,0,0,karnataka
251906,29952,Ankola,10,Ankola (TP) - Ward No.10,0,,0,0,,0,0,0,karnataka
251906,29953,Ankola,11,Ankola (TP) - Ward No.11,0,,0,0,,0,0,0,karnataka
251906,29954,Ankola,12,Ankola (TP) - Ward No.12,0,,0,0,,0,0,0,karnataka
251906,29955,Ankola,13,Ankola (TP) - Ward No.13,0,,0,0,,0,0,0,karnataka
251906,29956,Ankola,14,Ankola (TP) - Ward No.14,0,,0,0,,0,0,0,karnataka
251906,29944,Ankola,2,Ankola (TP) - Ward No.2,0,,0,0,,0,0,0,karnataka
251906,1922738,Ankola,20,Ankola (TP) - Ward No. 20,0,,0,0,,0,0,0,karnataka
251906,1922739,Ankola,21,Ankola (TP) - Ward No. 21,0,,0,0,,0,0,0,karnataka
251906,1922740,Ankola,22,Ankola (TP) - Ward No. 22,0,,0,0,,0,0,0,karnataka
251906,1922741,Ankola,23,Ankola (TP) - Ward No. 23,0,,0,0,,0,0,0,karnataka
251906,29945,Ankola,3,Ankola (TP) - Ward No.3,0,,0,0,,0,0,0,karnataka
251906,29946,Ankola,4,Ankola (TP) - Ward No.4,0,,0,0,,0,0,0,karnataka
251906,29947,Ankola,5,Ankola (TP) - Ward No.5,0,,0,0,,0,0,0,karnataka
251906,29948,Ankola,6,Ankola (TP) - Ward No.6,0,,0,0,,0,0,0,karnataka
251906,29949,Ankola,7,Ankola (TP) - Ward No.7,0,,0,0,,0,0,0,karnataka
251906,29950,Ankola,8,Ankola (TP) - Ward No.8,0,,0,0,,0,0,0,karnataka
251906,29951,Ankola,9,Ankola (TP) - Ward No.9,0,,0,0,,0,0,0,karnataka
251906,29958,Ankola,16,Bobruwada (OG) - Ward No.16,0,,0,0,,0,0,0,karnataka
251906,29960,Ankola,18,Laxmeshwar (OG) - Ward No.18,0,,0,0,,0,0,0,karnataka
251906,29957,Ankola,15,Shirkuli (OG) - Ward No.15,0,,0,0,,0,0,0,karnataka
251906,29959,Ankola,17,Tenkankeri (OG) - Ward No.17,0,,0,0,,0,0,0,karnataka
251906,29961,Ankola,19,Vandige (OG) - Ward No.19,0,,0,0,,0,0,0,karnataka
251896,28121,Annigeri,1,Annigeri (TMC) - Ward No.1,0,,0,0,,0,0,0,karnataka
251896,28130,Annigeri,10,Annigeri (TMC) - Ward No.10,0,,0,0,,0,0,0,karnataka
251896,28131,Annigeri,11,Annigeri (TMC) - Ward No.11,0,,0,0,,0,0,0,karnataka
251896,28132,Annigeri,12,Annigeri (TMC) - Ward No.12,0,,0,0,,0,0,0,karnataka
251896,28133,Annigeri,13,Annigeri (TMC) - Ward No.13,0,,0,0,,0,0,0,karnataka
251896,28134,Annigeri,14,Annigeri (TMC) - Ward No.14,0,,0,0,,0,0,0,karnataka
251896,28135,Annigeri,15,Annigeri (TMC) - Ward No.15,0,,0,0,,0,0,0,karnataka
251896,28136,Annigeri,16,Annigeri (TMC) - Ward No.16,0,,0,0,,0,0,0,karnataka
251896,28137,Annigeri,17,Annigeri (TMC) - Ward No.17,0,,0,0,,0,0,0,karnataka
251896,28138,Annigeri,18,Annigeri (TMC) - Ward No.18,0,,0,0,,0,0,0,karnataka
251896,28139,Annigeri,19,Annigeri (TMC) - Ward No.19,0,,0,0,,0,0,0,karnataka
251896,28122,Annigeri,2,Annigeri (TMC) - Ward No.2,0,,0,0,,0,0,0,karnataka
251896,28140,Annigeri,20,Annigeri (TMC) - Ward No.20,0,,0,0,,0,0,0,karnataka
251896,28141,Annigeri,21,Annigeri (TMC) - Ward No.21,0,,0,0,,0,0,0,karnataka
251896,28142,Annigeri,22,Annigeri (TMC) - Ward No.22,0,,0,0,,0,0,0,karnataka
251896,28143,Annigeri,23,Annigeri (TMC) - Ward No.23,0,,0,0,,0,0,0,karnataka
251896,28123,Annigeri,3,Annigeri (TMC) - Ward No.3,0,,0,0,,0,0,0,karnataka
251896,28124,Annigeri,4,Annigeri (TMC) - Ward No.4,0,,0,0,,0,0,0,karnataka
251896,28125,Annigeri,5,Annigeri (TMC) - Ward No.5,0,,0,0,,0,0,0,karnataka
251896,28126,Annigeri,6,Annigeri (TMC) - Ward No.6,0,,0,0,,0,0,0,karnataka
251896,28127,Annigeri,7,Annigeri (TMC) - Ward No.7,0,,0,0,,0,0,0,karnataka
251896,28128,Annigeri,8,Annigeri (TMC) - Ward No.8,0,,0,0,,0,0,0,karnataka
251896,28129,Annigeri,9,Annigeri (TMC) - Ward No.9,0,,0,0,,0,0,0,karnataka
276577,1295619,Arabhavi,1,Ward No. 1,0,,0,0,,0,928229,0,karnataka
276577,1295619,Arabhavi,1,Ward No. 1,0,,0,0,,0,928229,0,karnataka
276577,1295628,Arabhavi,10,Ward No.10,527,Belagavi,555,5436,Gokak,5436,0,0,karnataka
276577,1295628,Arabhavi,10,Ward No.10,527,Belagavi,555,5436,Gokak,5436,0,0,karnataka
276577,1295629,Arabhavi,11,Ward No.11,0,,0,0,,0,928229,0,karnataka
276577,1295629,Arabhavi,11,Ward No.11,0,,0,0,,0,928229,0,karnataka
276577,1295630,Arabhavi,12,Ward No.12,0,,0,0,,0,928229,0,karnataka
276577,1295630,Arabhavi,12,Ward No.12,0,,0,0,,0,928229,0,karnataka
276577,1295631,Arabhavi,13,Ward No.13,0,,0,0,,0,928229,0,karnataka
276577,1295631,Arabhavi,13,Ward No.13,0,,0,0,,0,928229,0,karnataka
276577,1295632,Arabhavi,14,Ward No.14,0,,0,0,,0,928229,0,karnataka
276577,1295632,Arabhavi,14,Ward No.14,0,,0,0,,0,928229,0,karnataka
276577,1295633,Arabhavi,15,Ward No.15,527,Belagavi,555,5436,Gokak,5436,0,0,karnataka
276577,1295633,Arabhavi,15,Ward No.15,527,Belagavi,555,5436,Gokak,5436,0,0,karnataka
276577,1295634,Arabhavi,16,Ward No.16,527,Belagavi,555,5436,Gokak,5436,0,0,karnataka
276577,1295634,Arabhavi,16,Ward No.16,527,Belagavi,555,5436,Gokak,5436,0,0,karnataka
276577,1295620,Arabhavi,2,Ward No. 2,527,Belagavi,555,5436,Gokak,5436,0,0,karnataka
276577,1295620,Arabhavi,2,Ward No. 2,527,Belagavi,555,5436,Gokak,5436,0,0,karnataka
276577,1295621,Arabhavi,3,Ward No.3,0,,0,0,,0,928229,0,karnataka
276577,1295621,Arabhavi,3,Ward No.3,0,,0,0,,0,928229,0,karnataka
276577,1295622,Arabhavi,4,Ward No. 4,0,,0,0,,0,928229,0,karnataka
276577,1295622,Arabhavi,4,Ward No. 4,0,,0,0,,0,928229,0,karnataka
276577,1295623,Arabhavi,5,Ward No. 5,0,,0,0,,0,928229,0,karnataka
276577,1295623,Arabhavi,5,Ward No. 5,0,,0,0,,0,928229,0,karnataka
276577,1295624,Arabhavi,6,Ward No. 6,0,,0,0,,0,928229,0,karnataka
276577,1295624,Arabhavi,6,Ward No. 6,0,,0,0,,0,928229,0,karnataka
276577,1295625,Arabhavi,7,Ward No. 7,0,,0,0,,0,928229,0,karnataka
276577,1295625,Arabhavi,7,Ward No. 7,0,,0,0,,0,928229,0,karnataka
276577,1295626,Arabhavi,8,Ward No. 8,0,,0,0,,0,928229,0,karnataka
276577,1295626,Arabhavi,8,Ward No. 8,0,,0,0,,0,928229,0,karnataka
276577,1295627,Arabhavi,9,Ward No. 9,0,,0,0,,0,928229,0,karnataka
276577,1295627,Arabhavi,9,Ward No. 9,0,,0,0,,0,928229,0,karnataka
252014,27802,Arkalgud,1,Arkalgud (TP) - Ward No.1,0,,0,0,,0,0,0,karnataka
252014,27811,Arkalgud,10,Arkalgud (TP) - Ward No.10,0,,0,0,,0,0,0,karnataka
252014,27812,Arkalgud,11,Arkalgud (TP) - Ward No.11,0,,0,0,,0,0,0,karnataka
252014,27813,Arkalgud,12,Arkalgud (TP) - Ward No.12,0,,0,0,,0,0,0,karnataka
252014,27814,Arkalgud,13,Arkalgud (TP) - Ward No.13,0,,0,0,,0,0,0,karnataka
252014,28170,Arkalgud,14,Arkalgud (TP) - Ward No.14,0,,0,0,,0,0,0,karnataka
252014,2956,Arkalgud,15,Arkalgud (TP) - Ward No.15,0,,0,0,,0,0,0,karnataka
252014,1889237,Arkalgud,16,Arkalgud (TP) - Ward No.16,0,,0,0,,0,0,0,karnataka
252014,1889238,Arkalgud,17,Arkalgud (TP) - Ward No.17,0,,0,0,,0,0,0,karnataka
252014,27803,Arkalgud,2,Arkalgud (TP) - Ward No.2,0,,0,0,,0,0,0,karnataka
252014,27804,Arkalgud,3,Arkalgud (TP) - Ward No.3,0,,0,0,,0,0,0,karnataka
252014,27805,Arkalgud,4,Arkalgud (TP) - Ward No.4,0,,0,0,,0,0,0,karnataka
252014,27806,Arkalgud,5,Arkalgud (TP) - Ward No.5,0,,0,0,,0,0,0,karnataka
252014,27807,Arkalgud,6,Arkalgud (TP) - Ward No.6,0,,0,0,,0,0,0,karnataka
252014,27808,Arkalgud,7,Arkalgud (TP) - Ward No.7,0,,0,0,,0,0,0,karnataka
252014,27809,Arkalgud,8,Arkalgud (TP) - Ward No.8,0,,0,0,,0,0,0,karnataka
252014,27810,Arkalgud,9,Arkalgud (TP) - Ward No.9,0,,0,0,,0,0,0,karnataka
252010,27787,Arsikere,24,Arsikere (OG) (Part) - Ward No.24,0,,0,0,,0,0,0,karnataka
252010,27764,Arsikere,1,Arsikere (TMC) - Ward No.1,0,,0,0,,0,0,0,karnataka
252010,27773,Arsikere,10,Arsikere (TMC) - Ward No.10,0,,0,0,,0,0,0,karnataka
252010,27774,Arsikere,11,Arsikere (TMC) - Ward No.11,0,,0,0,,0,0,0,karnataka
252010,27775,Arsikere,12,Arsikere (TMC) - Ward No.12,0,,0,0,,0,0,0,karnataka
252010,27776,Arsikere,13,Arsikere (TMC) - Ward No.13,0,,0,0,,0,0,0,karnataka
252010,27777,Arsikere,14,Arsikere (TMC) - Ward No.14,0,,0,0,,0,0,0,karnataka
252010,27778,Arsikere,15,Arsikere (TMC) - Ward No.15,0,,0,0,,0,0,0,karnataka
252010,27779,Arsikere,16,Arsikere (TMC) - Ward No.16,0,,0,0,,0,0,0,karnataka
252010,27780,Arsikere,17,Arsikere (TMC) - Ward No.17,0,,0,0,,0,0,0,karnataka
252010,27781,Arsikere,18,Arsikere (TMC) - Ward No.18,0,,0,0,,0,0,0,karnataka
252010,27782,Arsikere,19,Arsikere (TMC) - Ward No.19,0,,0,0,,0,0,0,karnataka
252010,27765,Arsikere,2,Arsikere (TMC) - Ward No.2,0,,0,0,,0,0,0,karnataka
252010,27783,Arsikere,20,Arsikere (TMC) - Ward No.20,0,,0,0,,0,0,0,karnataka
252010,27784,Arsikere,21,Arsikere (TMC) - Ward No.21,0,,0,0,,0,0,0,karnataka
252010,27785,Arsikere,22,Arsikere (TMC) - Ward No.22,0,,0,0,,0,0,0,karnataka
252010,27786,Arsikere,23,Arsikere (TMC) - Ward No.23,0,,0,0,,0,0,0,karnataka
252010,1889255,Arsikere,27,Arsikere (TMC) - Ward No 27,0,,0,0,,0,0,0,karnataka
252010,1889256,Arsikere,28,Arsikere (TMC) - Ward No 28,0,,0,0,,0,0,0,karnataka
252010,1889257,Arsikere,29,Arsikere (TMC) - Ward No 29,0,,0,0,,0,0,0,karnataka
252010,27766,Arsikere,3,Arsikere (TMC) - Ward No.3,0,,0,0,,0,0,0,karnataka
252010,1889258,Arsikere,30,Arsikere (TMC) - Ward No 30,0,,0,0,,0,0,0,karnataka
252010,1889259,Arsikere,31,Arsikere (TMC) - Ward No 31,0,,0,0,,0,0,0,karnataka
252010,27767,Arsikere,4,Arsikere (TMC) - Ward No.4,0,,0,0,,0,0,0,karnataka
252010,27768,Arsikere,5,Arsikere (TMC) - Ward No.5,0,,0,0,,0,0,0,karnataka
252010,27769,Arsikere,6,Arsikere (TMC) - Ward No.6,0,,0,0,,0,0,0,karnataka
252010,27770,Arsikere,7,Arsikere (TMC) - Ward No.7,0,,0,0,,0,0,0,karnataka
252010,27771,Arsikere,8,Arsikere (TMC) - Ward No.8,0,,0,0,,0,0,0,karnataka
252010,27772,Arsikere,9,Arsikere (TMC) - Ward No.9,0,,0,0,,0,0,0,karnataka
252010,27789,Arsikere,26,Gundukanahalli (OG) - Ward No.26,0,,0,0,,0,0,0,karnataka
252010,27788,Arsikere,25,Henjagundanahalli (OG) (Part) - Ward No.25,0,,0,0,,0,0,0,karnataka
251812,24488,Athni,1,Athni (TMC) - Ward No.1,0,,0,0,,0,0,0,karnataka
251812,24497,Athni,10,Athni (TMC) - Ward No.10,0,,0,0,,0,0,0,karnataka
251812,24498,Athni,11,Athni (TMC) - Ward No.11,0,,0,0,,0,0,0,karnataka
251812,24499,Athni,12,Athni (TMC) - Ward No.12,0,,0,0,,0,0,0,karnataka
251812,24500,Athni,13,Athni (TMC) - Ward No.13,0,,0,0,,0,0,0,karnataka
251812,24501,Athni,14,Athni (TMC) - Ward No.14,0,,0,0,,0,0,0,karnataka
251812,24502,Athni,15,Athni (TMC) - Ward No.15,0,,0,0,,0,0,0,karnataka
251812,24503,Athni,16,Athni (TMC) - Ward No.16,0,,0,0,,0,0,0,karnataka
251812,24504,Athni,17,Athni (TMC) - Ward No.17,0,,0,0,,0,0,0,karnataka
251812,24505,Athni,18,Athni (TMC) - Ward No.18,0,,0,0,,0,0,0,karnataka
251812,24506,Athni,19,Athni (TMC) - Ward No.19,0,,0,0,,0,0,0,karnataka
251812,24489,Athni,2,Athni (TMC) - Ward No.2,0,,0,0,,0,0,0,karnataka
251812,24507,Athni,20,Athni (TMC) - Ward No.20,0,,0,0,,0,0,0,karnataka
251812,24508,Athni,21,Athni (TMC) - Ward No.21,0,,0,0,,0,0,0,karnataka
251812,24509,Athni,22,Athni (TMC) - Ward No.22,0,,0,0,,0,0,0,karnataka
251812,24510,Athni,23,Athni (TMC) - Ward No.23,0,,0,0,,0,0,0,karnataka
251812,24490,Athni,3,Athni (TMC) - Ward No.3,0,,0,0,,0,0,0,karnataka
251812,24491,Athni,4,Athni (TMC) - Ward No.4,0,,0,0,,0,0,0,karnataka
251812,24492,Athni,5,Athni (TMC) - Ward No.5,0,,0,0,,0,0,0,karnataka
251812,24493,Athni,6,Athni (TMC) - Ward No.6,0,,0,0,,0,0,0,karnataka
251812,24494,Athni,7,Athni (TMC) - Ward No.7,0,,0,0,,0,0,0,karnataka
251812,24495,Athni,8,Athni (TMC) - Ward No.8,0,,0,0,,0,0,0,karnataka
251812,24496,Athni,9,Athni (TMC) - Ward No.9,0,,0,0,,0,0,0,karnataka
251812,2440108,Athni,24,Ward-24,0,,0,0,,0,0,0,karnataka
251812,2440109,Athni,25,Ward-25,0,,0,0,,0,0,0,karnataka
251812,2440110,Athni,26,Ward-26,0,,0,0,,0,0,0,karnataka
251812,2440111,Athni,27,Ward-27,0,,0,0,,0,0,0,karnataka
276539,1296103,Attibele,10,Ward 10- Kote Ward,525,Bengaluru Urban,572,5545,Anekal,5545,0,0,karnataka
276539,1296103,Attibele,10,Ward 10- Kote Ward,525,Bengaluru Urban,572,5545,Anekal,5545,0,0,karnataka
276539,1296104,Attibele,11,Ward 11- Apmc Market Ward,0,,0,0,,0,928709,0,karnataka
276539,1296104,Attibele,11,Ward 11- Apmc Market Ward,0,,0,0,,0,928709,0,karnataka
276539,1296105,Attibele,12,Ward 12- Ayyappa Swamy Temple,525,Bengaluru Urban,572,5545,Anekal,5545,0,0,karnataka
276539,1296105,Attibele,12,Ward 12- Ayyappa Swamy Temple,525,Bengaluru Urban,572,5545,Anekal,5545,0,0,karnataka
276539,1296106,Attibele,13,Ward 13- Parvathinagara Ward,0,,0,0,,0,928709,0,karnataka
276539,1296106,Attibele,13,Ward 13- Parvathinagara Ward,0,,0,0,,0,928709,0,karnataka
276539,1296107,Attibele,14,Ward 14- Sharada School Ward,0,,0,0,,0,928709,0,karnataka
276539,1296107,Attibele,14,Ward 14- Sharada School Ward,0,,0,0,,0,928709,0,karnataka
276539,1296108,Attibele,15,Ward 15- Janaki Layout Ward,0,,0,0,,0,928709,0,karnataka
276539,1296108,Attibele,15,Ward 15- Janaki Layout Ward,0,,0,0,,0,928709,0,karnataka
276539,1296109,Attibele,16,Ward 16- Appajappa Layout Ward,525,Bengaluru Urban,572,5545,Anekal,5545,0,0,karnataka
276539,1296109,Attibele,16,Ward 16- Appajappa Layout Ward,525,Bengaluru Urban,572,5545,Anekal,5545,0,0,karnataka
276539,1296110,Attibele,17,Ward 17- Masjid Road Ward,0,,0,0,,0,928709,0,karnataka
276539,1296110,Attibele,17,Ward 17- Masjid Road Ward,0,,0,0,,0,928709,0,karnataka
276539,1296111,Attibele,18,Ward 18- Society Rajappa Ward,0,,0,0,,0,928709,0,karnataka
276539,1296111,Attibele,18,Ward 18- Society Rajappa Ward,0,,0,0,,0,928709,0,karnataka
276539,1296112,Attibele,19,Ward 19- Dr. B.R. Ambedkar Ward,525,Bengaluru Urban,572,5545,Anekal,5545,0,0,karnataka
276539,1296112,Attibele,19,Ward 19- Dr. B.R. Ambedkar Ward,525,Bengaluru Urban,572,5545,Anekal,5545,0,0,karnataka
276539,1296094,Attibele,1,Ward 1-Tilak Nagara Ward,525,Bengaluru Urban,572,5545,Anekal,5545,0,0,karnataka
276539,1296094,Attibele,1,Ward 1-Tilak Nagara Ward,525,Bengaluru Urban,572,5545,Anekal,5545,0,0,karnataka
276539,1296113,Attibele,20,Ward 20- Chairman Narayanappa,525,Bengaluru Urban,572,5545,Anekal,5545,0,0,karnataka
276539,1296113,Attibele,20,Ward 20- Chairman Narayanappa,525,Bengaluru Urban,572,5545,Anekal,5545,0,0,karnataka
276539,1296114,Attibele,21,Ward 21 Sharabanna Ward,0,,0,0,,0,928709,0,karnataka
276539,1296114,Attibele,21,Ward 21 Sharabanna Ward,0,,0,0,,0,928709,0,karnataka
276539,1296116,Attibele,23,Ward 23- Kumar Layout Ward,0,,0,0,,0,928709,0,karnataka
276539,1296116,Attibele,23,Ward 23- Kumar Layout Ward,0,,0,0,,0,928709,0,karnataka
276539,1296095,Attibele,2,Ward 2- Vishwanathappa Layout,0,,0,0,,0,928709,0,karnataka
276539,1296095,Attibele,2,Ward 2- Vishwanathappa Layout,0,,0,0,,0,928709,0,karnataka
276539,1296096,Attibele,3,Ward 3- Kunta Rajanna Layout Ward,0,,0,0,,0,928709,0,karnataka
276539,1296096,Attibele,3,Ward 3- Kunta Rajanna Layout Ward,0,,0,0,,0,928709,0,karnataka
276539,1296097,Attibele,4,Ward 4- K.E.B Qutras Ward,0,,0,0,,0,0,0,karnataka
276539,1296098,Attibele,5,Ward 5- Sadashivanagara Ward,525,Bengaluru Urban,572,5545,Anekal,5545,0,0,karnataka
276539,1296098,Attibele,5,Ward 5- Sadashivanagara Ward,525,Bengaluru Urban,572,5545,Anekal,5545,0,0,karnataka
276539,1296099,Attibele,6,Ward 6- Shakambari Ward,525,Bengaluru Urban,572,5545,Anekal,5545,0,0,karnataka
276539,1296099,Attibele,6,Ward 6- Shakambari Ward,525,Bengaluru Urban,572,5545,Anekal,5545,0,0,karnataka
276539,1296100,Attibele,7,Ward 7- Somashekar Reddy Layout,525,Bengaluru Urban,572,5545,Anekal,5545,0,0,karnataka
276539,1296100,Attibele,7,Ward 7- Somashekar Reddy Layout,525,Bengaluru Urban,572,5545,Anekal,5545,0,0,karnataka
276539,1296101,Attibele,8,Ward 8- Bhuvaneshwari Nagara,0,,0,0,,0,928709,0,karnataka
276539,1296101,Attibele,8,Ward 8- Bhuvaneshwari Nagara,0,,0,0,,0,928709,0,karnataka
276539,1296102,Attibele,9,Ward 9- Jagajeevnaram Nagar Ward,0,,0,0,,0,928709,0,karnataka
276539,1296102,Attibele,9,Ward 9- Jagajeevnaram Nagar Ward,0,,0,0,,0,928709,0,karnataka
276539,1296115,Attibele,22,Ward No 22 Gundappa Layout Ward,0,,0,0,,0,928709,0,karnataka
276539,1296115,Attibele,22,Ward No 22 Gundappa Layout Ward,0,,0,0,,0,928709,0,karnataka
251866,63762,Aurad,1,Aurad (TP) - Ward No.1,0,,0,0,,0,0,0,karnataka
251866,63771,Aurad,10,Aurad (TP) - Ward No.10,0,,0,0,,0,0,0,karnataka
251866,63772,Aurad,11,Aurad (TP) - Ward No.11,0,,0,0,,0,0,0,karnataka
251866,63773,Aurad,12,Aurad (TP) - Ward No.12,0,,0,0,,0,0,0,karnataka
251866,63774,Aurad,13,Aurad (TP) - Ward No.13,0,,0,0,,0,0,0,karnataka
251866,63775,Aurad,14,Aurad (TP) - Ward No.14,0,,0,0,,0,0,0,karnataka
251866,1885565,Aurad,15,Aurad (TP) - Ward No.15,0,,0,0,,0,0,0,karnataka
251866,1885566,Aurad,16,Aurad (TP) - Ward No.16,0,,0,0,,0,0,0,karnataka
251866,1885567,Aurad,17,Aurad (TP) - Ward No.17,0,,0,0,,0,0,0,karnataka
251866,1885568,Aurad,18,Aurad (TP) - Ward No.18,0,,0,0,,0,0,0,karnataka
251866,1885569,Aurad,19,Aurad (TP) - Ward No.19,0,,0,0,,0,0,0,karnataka
251866,63763,Aurad,2,Aurad (TP) - Ward No.2,0,,0,0,,0,0,0,karnataka
251866,1885570,Aurad,20,Aurad (TP) - Ward No.20,0,,0,0,,0,0,0,karnataka
251866,63764,Aurad,3,Aurad (TP) - Ward No.3,0,,0,0,,0,0,0,karnataka
251866,63765,Aurad,4,Aurad (TP) - Ward No.4,0,,0,0,,0,0,0,karnataka
251866,63766,Aurad,5,Aurad (TP) - Ward No.5,0,,0,0,,0,0,0,karnataka
251866,63767,Aurad,6,Aurad (TP) - Ward No.6,0,,0,0,,0,0,0,karnataka
251866,63768,Aurad,7,Aurad (TP) - Ward No.7,0,,0,0,,0,0,0,karnataka
251866,63769,Aurad,8,Aurad (TP) - Ward No.8,0,,0,0,,0,0,0,karnataka
251866,63770,Aurad,9,Aurad (TP) - Ward No.9,0,,0,0,,0,0,0,karnataka
299327,3304229,Babaleshwar,1,ward No.1,0,,0,0,,0,0,0,karnataka
299327,3304238,Babaleshwar,10,ward No.10,0,,0,0,,0,0,0,karnataka
299327,3304239,Babaleshwar,11,ward No.11,0,,0,0,,0,0,0,karnataka
299327,3304240,Babaleshwar,12,ward No.12,0,,0,0,,0,0,0,karnataka
299327,3304241,Babaleshwar,13,ward No.13,0,,0,0,,0,0,0,karnataka
299327,3304242,Babaleshwar,14,ward No.14,0,,0,0,,0,0,0,karnataka
299327,3304230,Babaleshwar,2,ward No.2,0,,0,0,,0,0,0,karnataka
299327,3304231,Babaleshwar,3,ward No.3,0,,0,0,,0,0,0,karnataka
299327,3304232,Babaleshwar,4,ward No.4,0,,0,0,,0,0,0,karnataka
299327,3304233,Babaleshwar,5,ward No.5,0,,0,0,,0,0,0,karnataka
299327,3304234,Babaleshwar,6,ward No.6,0,,0,0,,0,0,0,karnataka
299327,3304235,Babaleshwar,7,ward No.7,0,,0,0,,0,0,0,karnataka
299327,3304236,Babaleshwar,8,ward No.8,0,,0,0,,0,0,0,karnataka
299327,3304237,Babaleshwar,9,ward No.9,0,,0,0,,0,0,0,karnataka
251837,26082,Badami,1,Badami (TP) - Ward No.1,0,,0,0,,0,0,0,karnataka
251837,26091,Badami,10,Badami (TP) - Ward No.10,0,,0,0,,0,0,0,karnataka
251837,26092,Badami,11,Badami (TP) - Ward No.11,0,,0,0,,0,0,0,karnataka
251837,26093,Badami,12,Badami (TP) - Ward No.12,0,,0,0,,0,0,0,karnataka
251837,26094,Badami,13,Badami (TP) - Ward No.13,0,,0,0,,0,0,0,karnataka
251837,26095,Badami,14,Badami (TP) - Ward No.14,0,,0,0,,0,0,0,karnataka
251837,26096,Badami,15,Badami (TP) - Ward No.15,0,,0,0,,0,0,0,karnataka
251837,26097,Badami,16,Badami (TP) - Ward No.16,0,,0,0,,0,0,0,karnataka
251837,26098,Badami,17,Badami (TP) - Ward No.17,0,,0,0,,0,0,0,karnataka
251837,26099,Badami,18,Badami (TP) - Ward No.18,0,,0,0,,0,0,0,karnataka
251837,26100,Badami,19,Badami (TP) - Ward No.19,0,,0,0,,0,0,0,karnataka
251837,26083,Badami,2,Badami (TP) - Ward No.2,0,,0,0,,0,0,0,karnataka
251837,26101,Badami,20,Badami (TP) - Ward No.20,0,,0,0,,0,0,0,karnataka
251837,1724040,Badami,21,Badami (TP) - Ward No. 21,0,,0,0,,0,0,0,karnataka
251837,1724041,Badami,22,Badami (TP) - Ward No. 22,0,,0,0,,0,0,0,karnataka
251837,1724042,Badami,23,Badami (TP) - Ward No. 23,0,,0,0,,0,0,0,karnataka
251837,26084,Badami,3,Badami (TP) - Ward No.3,0,,0,0,,0,0,0,karnataka
251837,26085,Badami,4,Badami (TP) - Ward No.4,0,,0,0,,0,0,0,karnataka
251837,26086,Badami,5,Badami (TP) - Ward No.5,0,,0,0,,0,0,0,karnataka
251837,26087,Badami,6,Badami (TP) - Ward No.6,0,,0,0,,0,0,0,karnataka
251837,26088,Badami,7,Badami (TP) - Ward No.7,0,,0,0,,0,0,0,karnataka
251837,26089,Badami,8,Badami (TP) - Ward No.8,0,,0,0,,0,0,0,karnataka
251837,26090,Badami,9,Badami (TP) - Ward No.9,0,,0,0,,0,0,0,karnataka
251839,26125,Bagalkot,1,Bagalkot (Cmc) - Ward No.1,0,,0,0,,0,0,0,karnataka
251839,26134,Bagalkot,10,Bagalkot (Cmc) - Ward No.10,0,,0,0,,0,0,0,karnataka
251839,26135,Bagalkot,11,Bagalkot (Cmc) - Ward No.11,0,,0,0,,0,0,0,karnataka
251839,26136,Bagalkot,12,Bagalkot (Cmc) - Ward No.12,0,,0,0,,0,0,0,karnataka
251839,26137,Bagalkot,13,Bagalkot (Cmc) - Ward No.13,0,,0,0,,0,0,0,karnataka
251839,26138,Bagalkot,14,Bagalkot (Cmc) - Ward No.14,0,,0,0,,0,0,0,karnataka
251839,26139,Bagalkot,15,Bagalkot (Cmc) - Ward No.15,0,,0,0,,0,0,0,karnataka
251839,26140,Bagalkot,16,Bagalkot (Cmc) - Ward No.16,0,,0,0,,0,0,0,karnataka
251839,26141,Bagalkot,17,Bagalkot (Cmc) - Ward No.17,0,,0,0,,0,0,0,karnataka
251839,26142,Bagalkot,18,Bagalkot (Cmc) - Ward No.18,0,,0,0,,0,0,0,karnataka
251839,26143,Bagalkot,19,Bagalkot (Cmc) - Ward No.19,0,,0,0,,0,0,0,karnataka
251839,26126,Bagalkot,2,Bagalkot (Cmc) - Ward No.2,0,,0,0,,0,0,0,karnataka
251839,26144,Bagalkot,20,Bagalkot (Cmc) - Ward No.20,0,,0,0,,0,0,0,karnataka
251839,26145,Bagalkot,21,Bagalkot (Cmc) - Ward No.21,0,,0,0,,0,0,0,karnataka
251839,26146,Bagalkot,22,Bagalkot (Cmc) - Ward No.22,0,,0,0,,0,0,0,karnataka
251839,26147,Bagalkot,23,Bagalkot (Cmc) - Ward No.23,0,,0,0,,0,0,0,karnataka
251839,26148,Bagalkot,24,Bagalkot (Cmc) - Ward No.24,0,,0,0,,0,0,0,karnataka
251839,26246,Bagalkot,25,Bagalkot (Cmc) - Ward No.25,0,,0,0,,0,0,0,karnataka
251839,26247,Bagalkot,26,Bagalkot (Cmc) - Ward No.26,0,,0,0,,0,0,0,karnataka
251839,26248,Bagalkot,27,Bagalkot (Cmc) - Ward No.27,0,,0,0,,0,0,0,karnataka
251839,26249,Bagalkot,28,Bagalkot (Cmc) - Ward No.28,0,,0,0,,0,0,0,karnataka
251839,26250,Bagalkot,29,Bagalkot (Cmc) - Ward No.29,0,,0,0,,0,0,0,karnataka
251839,26127,Bagalkot,3,Bagalkot (Cmc) - Ward No.3,0,,0,0,,0,0,0,karnataka
251839,26251,Bagalkot,30,Bagalkot (Cmc) - Ward No.30,0,,0,0,,0,0,0,karnataka
251839,26252,Bagalkot,31,Bagalkot (Cmc) - Ward No.31,0,,0,0,,0,0,0,karnataka
251839,2143600,Bagalkot,32,Bagalkot (Cmc) - Ward No. 32,0,,0,0,,0,0,0,karnataka
251839,2143601,Bagalkot,33,Bagalkot (Cmc) - Ward No. 33,0,,0,0,,0,0,0,karnataka
251839,2143602,Bagalkot,34,Bagalkot (Cmc) - Ward No. 34,0,,0,0,,0,0,0,karnataka
251839,2143603,Bagalkot,35,Bagalkot (Cmc) - Ward No. 35,0,,0,0,,0,0,0,karnataka
251839,26128,Bagalkot,4,Bagalkot (Cmc) - Ward No.4,0,,0,0,,0,0,0,karnataka
251839,26129,Bagalkot,5,Bagalkot (Cmc) - Ward No.5,0,,0,0,,0,0,0,karnataka
251839,26130,Bagalkot,6,Bagalkot (Cmc) - Ward No.6,0,,0,0,,0,0,0,karnataka
251839,26131,Bagalkot,7,Bagalkot (Cmc) - Ward No.7,0,,0,0,,0,0,0,karnataka
251839,26132,Bagalkot,8,Bagalkot (Cmc) - Ward No.8,0,,0,0,,0,0,0,karnataka
251839,26133,Bagalkot,9,Bagalkot (Cmc) - Ward No.9,0,,0,0,,0,0,0,karnataka
251981,25712,Bagepalli,1,Bagepalli (TP) - Ward No.1,0,,0,0,,0,0,0,karnataka
251981,25721,Bagepalli,10,Bagepalli (TP) - Ward No.10,0,,0,0,,0,0,0,karnataka
251981,25722,Bagepalli,11,Bagepalli (TP) - Ward No.11,0,,0,0,,0,0,0,karnataka
251981,25723,Bagepalli,12,Bagepalli (TP) - Ward No.12,0,,0,0,,0,0,0,karnataka
251981,25724,Bagepalli,13,Bagepalli (TP) - Ward No.13,0,,0,0,,0,0,0,karnataka
251981,2443608,Bagepalli,14,Bagepalli (TP) - Ward No.14,0,,0,0,,0,0,0,karnataka
251981,2443609,Bagepalli,15,Bagepalli (TP) - Ward No.15,0,,0,0,,0,0,0,karnataka
251981,2443610,Bagepalli,16,Bagepalli (TP) - Ward No.16,0,,0,0,,0,0,0,karnataka
251981,2443611,Bagepalli,17,Bagepalli (TP) - Ward No.17,0,,0,0,,0,0,0,karnataka
251981,2443612,Bagepalli,18,Bagepalli (TP) - Ward No.18,0,,0,0,,0,0,0,karnataka
251981,2443613,Bagepalli,19,Bagepalli (TP) - Ward No.19,0,,0,0,,0,0,0,karnataka
251981,25713,Bagepalli,2,Bagepalli (TP) - Ward No.2,0,,0,0,,0,0,0,karnataka
251981,2443614,Bagepalli,20,Bagepalli (TP) - Ward No.20,0,,0,0,,0,0,0,karnataka
251981,2443615,Bagepalli,21,Bagepalli (TP) - Ward No.21,0,,0,0,,0,0,0,karnataka
251981,2443616,Bagepalli,22,Bagepalli (TP) - Ward No.22,0,,0,0,,0,0,0,karnataka
251981,2443617,Bagepalli,23,Bagepalli (TP) - Ward No.23,0,,0,0,,0,0,0,karnataka
251981,25714,Bagepalli,3,Bagepalli (TP) - Ward No.3,0,,0,0,,0,0,0,karnataka
251981,25715,Bagepalli,4,Bagepalli (TP) - Ward No.4,0,,0,0,,0,0,0,karnataka
251981,25716,Bagepalli,5,Bagepalli (TP) - Ward No.5,0,,0,0,,0,0,0,karnataka
251981,25717,Bagepalli,6,Bagepalli (TP) - Ward No.6,0,,0,0,,0,0,0,karnataka
251981,25718,Bagepalli,7,Bagepalli (TP) - Ward No.7,0,,0,0,,0,0,0,karnataka
251981,25719,Bagepalli,8,Bagepalli (TP) - Ward No.8,0,,0,0,,0,0,0,karnataka
251981,25720,Bagepalli,9,Bagepalli (TP) - Ward No.9,0,,0,0,,0,0,0,karnataka
251827,25658,Bail Hongal,1,Bail Hongal (TMC) - Ward No.1,0,,0,0,,0,0,0,karnataka
251827,25667,Bail Hongal,10,Bail Hongal (TMC) - Ward No.10,0,,0,0,,0,0,0,karnataka
251827,25668,Bail Hongal,11,Bail Hongal (TMC) - Ward No.11,0,,0,0,,0,0,0,karnataka
251827,25669,Bail Hongal,12,Bail Hongal (TMC) - Ward No.12,0,,0,0,,0,0,0,karnataka
251827,25670,Bail Hongal,13,Bail Hongal (TMC) - Ward No.13,0,,0,0,,0,0,0,karnataka
251827,25671,Bail Hongal,14,Bail Hongal (TMC) - Ward No.14,0,,0,0,,0,0,0,karnataka
251827,25672,Bail Hongal,15,Bail Hongal (TMC) - Ward No.15,0,,0,0,,0,0,0,karnataka
251827,25673,Bail Hongal,16,Bail Hongal (TMC) - Ward No.16,0,,0,0,,0,0,0,karnataka
251827,25674,Bail Hongal,17,Bail Hongal (TMC) - Ward No.17,0,,0,0,,0,0,0,karnataka
251827,25675,Bail Hongal,18,Bail Hongal (TMC) - Ward No.18,0,,0,0,,0,0,0,karnataka
251827,25676,Bail Hongal,19,Bail Hongal (TMC) - Ward No.19,0,,0,0,,0,0,0,karnataka
251827,25659,Bail Hongal,2,Bail Hongal (TMC) - Ward No.2,0,,0,0,,0,0,0,karnataka
251827,25677,Bail Hongal,20,Bail Hongal (TMC) - Ward No.20,0,,0,0,,0,0,0,karnataka
251827,25678,Bail Hongal,21,Bail Hongal (TMC) - Ward No.21,0,,0,0,,0,0,0,karnataka
251827,25679,Bail Hongal,22,Bail Hongal (TMC) - Ward No.22,0,,0,0,,0,0,0,karnataka
251827,25680,Bail Hongal,23,Bail Hongal (TMC) - Ward No.23,0,,0,0,,0,0,0,karnataka
251827,923090,Bail Hongal,24,Bail Hongal(TMC) - Ward No 24,0,,0,0,,0,0,0,karnataka
251827,923091,Bail Hongal,25,Bail Hongal(TMC) - Ward No 25,0,,0,0,,0,0,0,karnataka
251827,923092,Bail Hongal,26,Bail Hongal(TMC) - Ward No 26,0,,0,0,,0,0,0,karnataka
251827,923093,Bail Hongal,27,Bail Hongal(TMC) - Ward No 27,0,,0,0,,0,0,0,karnataka
251827,25660,Bail Hongal,3,Bail Hongal (TMC) - Ward No.3,0,,0,0,,0,0,0,karnataka
251827,25661,Bail Hongal,4,Bail Hongal (TMC) - Ward No.4,0,,0,0,,0,0,0,karnataka
251827,25662,Bail Hongal,5,Bail Hongal (TMC) - Ward No.5,0,,0,0,,0,0,0,karnataka
251827,25663,Bail Hongal,6,Bail Hongal (TMC) - Ward No.6,0,,0,0,,0,0,0,karnataka
251827,25664,Bail Hongal,7,Bail Hongal (TMC) - Ward No.7,0,,0,0,,0,0,0,karnataka
251827,25665,Bail Hongal,8,Bail Hongal (TMC) - Ward No.8,0,,0,0,,0,0,0,karnataka
251827,25666,Bail Hongal,9,Bail Hongal (TMC) - Ward No.9,0,,0,0,,0,0,0,karnataka
297129,2805073,Bainduru,1,Ward 1,0,,0,0,,0,0,0,karnataka
297129,2805082,Bainduru,10,Ward 10,0,,0,0,,0,0,0,karnataka
297129,2805083,Bainduru,11,Ward 11,0,,0,0,,0,0,0,karnataka
297129,2805084,Bainduru,12,Ward 12,0,,0,0,,0,0,0,karnataka
297129,2805085,Bainduru,13,Ward 13,0,,0,0,,0,0,0,karnataka
297129,2805086,Bainduru,14,Ward 14,0,,0,0,,0,0,0,karnataka
297129,2805087,Bainduru,15,Ward 15,0,,0,0,,0,0,0,karnataka
297129,2805088,Bainduru,16,Ward 16,0,,0,0,,0,0,0,karnataka
297129,2805089,Bainduru,17,Ward 17,0,,0,0,,0,0,0,karnataka
297129,2805090,Bainduru,18,Ward 18,0,,0,0,,0,0,0,karnataka
297129,2805091,Bainduru,19,Ward 19,0,,0,0,,0,0,0,karnataka
297129,2805074,Bainduru,2,Ward 2,0,,0,0,,0,0,0,karnataka
297129,2805092,Bainduru,20,Ward 20,0,,0,0,,0,0,0,karnataka
297129,2805075,Bainduru,3,Ward 3,0,,0,0,,0,0,0,karnataka
297129,2805076,Bainduru,4,Ward 4,0,,0,0,,0,0,0,karnataka
297129,2805077,Bainduru,5,Ward 5,0,,0,0,,0,0,0,karnataka
297129,2805078,Bainduru,6,Ward 6,0,,0,0,,0,0,0,karnataka
297129,2805079,Bainduru,7,Ward 7,0,,0,0,,0,0,0,karnataka
297129,2805080,Bainduru,8,Ward 8,0,,0,0,,0,0,0,karnataka
297129,2805081,Bainduru,9,Ward 9,0,,0,0,,0,0,0,karnataka
299320,3044597,Bajape,1,Ward 1,0,,0,0,,0,0,0,karnataka
299320,3044606,Bajape,10,Ward 10,0,,0,0,,0,0,0,karnataka
299320,3044607,Bajape,11,Ward 11,0,,0,0,,0,0,0,karnataka
299320,3044608,Bajape,12,Ward 12,0,,0,0,,0,0,0,karnataka
299320,3044609,Bajape,13,Ward 13,0,,0,0,,0,0,0,karnataka
299320,3044610,Bajape,14,Ward 14,0,,0,0,,0,0,0,karnataka
299320,3044611,Bajape,15,Ward 15,0,,0,0,,0,0,0,karnataka
299320,3044612,Bajape,16,Ward 16,0,,0,0,,0,0,0,karnataka
299320,3044613,Bajape,17,Ward 17,0,,0,0,,0,0,0,karnataka
299320,3044614,Bajape,18,Ward 18,0,,0,0,,0,0,0,karnataka
299320,3044615,Bajape,19,Ward 19,0,,0,0,,0,0,0,karnataka
299320,3044598,Bajape,2,Ward 2,0,,0,0,,0,0,0,karnataka
299320,3044599,Bajape,3,Ward 3,0,,0,0,,0,0,0,karnataka
299320,3044600,Bajape,4,Ward 4,0,,0,0,,0,0,0,karnataka
299320,3044601,Bajape,5,Ward 5,0,,0,0,,0,0,0,karnataka
299320,3044602,Bajape,6,Ward 6,0,,0,0,,0,0,0,karnataka
299320,3044603,Bajape,7,Ward 7,0,,0,0,,0,0,0,karnataka
299320,3044604,Bajape,8,Ward 8,0,,0,0,,0,0,0,karnataka
299320,3044605,Bajape,9,Ward 9,0,,0,0,,0,0,0,karnataka
276523,1293511,Balaganur,1,Ward-1,546,Raichur,559,5463,Sindhnur,5463,0,0,karnataka
276523,1293511,Balaganur,1,Ward-1,546,Raichur,559,5463,Sindhnur,5463,0,0,karnataka
276523,1293520,Balaganur,10,Ward-10,0,,0,0,,0,928657,0,karnataka
276523,1293520,Balaganur,10,Ward-10,0,,0,0,,0,928657,0,karnataka
276523,1293521,Balaganur,11,Ward-11,546,Raichur,559,5463,Sindhnur,5463,0,0,karnataka
276523,1293521,Balaganur,11,Ward-11,546,Raichur,559,5463,Sindhnur,5463,0,0,karnataka
276523,1293522,Balaganur,12,Ward-12,0,,0,0,,0,928657,0,karnataka
276523,1293522,Balaganur,12,Ward-12,0,,0,0,,0,928657,0,karnataka
276523,1293512,Balaganur,2,Ward-2,546,Raichur,559,5463,Sindhnur,5463,0,0,karnataka
276523,1293512,Balaganur,2,Ward-2,546,Raichur,559,5463,Sindhnur,5463,0,0,karnataka
276523,1293513,Balaganur,3,Ward-3,546,Raichur,559,5463,Sindhnur,5463,0,0,karnataka
276523,1293513,Balaganur,3,Ward-3,546,Raichur,559,5463,Sindhnur,5463,0,0,karnataka
276523,1293514,Balaganur,4,Ward-4,546,Raichur,559,5463,Sindhnur,5463,0,0,karnataka
276523,1293514,Balaganur,4,Ward-4,546,Raichur,559,5463,Sindhnur,5463,0,0,karnataka
276523,1293515,Balaganur,5,Ward-5,546,Raichur,559,5463,Sindhnur,5463,0,0,karnataka
276523,1293515,Balaganur,5,Ward-5,546,Raichur,559,5463,Sindhnur,5463,0,0,karnataka
276523,1293516,Balaganur,6,Ward-6,0,,0,0,,0,928657,0,karnataka
276523,1293516,Balaganur,6,Ward-6,0,,0,0,,0,928657,0,karnataka
276523,1293517,Balaganur,7,Ward-7,546,Raichur,559,5463,Sindhnur,5463,0,0,karnataka
276523,1293517,Balaganur,7,Ward-7,546,Raichur,559,5463,Sindhnur,5463,0,0,karnataka
276523,1293518,Balaganur,8,Ward-8,0,,0,0,,0,928657,0,karnataka
276523,1293518,Balaganur,8,Ward-8,0,,0,0,,0,928657,0,karnataka
276523,1293519,Balaganur,9,Ward-9,0,,0,0,,0,928657,0,karnataka
276523,1293519,Balaganur,9,Ward-9,0,,0,0,,0,928657,0,karnataka
251927,30802,Ballari,1,Bellary (Cmc) - Ward No.1,0,,0,0,,0,0,0,karnataka
251927,30811,Ballari,10,Bellary (Cmc) - Ward No.10,0,,0,0,,0,0,0,karnataka
251927,30812,Ballari,11,Bellary (Cmc) - Ward No.11,0,,0,0,,0,0,0,karnataka
251927,30813,Ballari,12,Bellary (Cmc) - Ward No.12,0,,0,0,,0,0,0,karnataka
251927,30814,Ballari,13,Bellary (Cmc) - Ward No.13,0,,0,0,,0,0,0,karnataka
251927,30815,Ballari,14,Bellary (Cmc) - Ward No.14,0,,0,0,,0,0,0,karnataka
251927,30816,Ballari,15,Bellary (Cmc) - Ward No.15,0,,0,0,,0,0,0,karnataka
251927,30817,Ballari,16,Bellary (Cmc) - Ward No.16,0,,0,0,,0,0,0,karnataka
251927,30818,Ballari,17,Bellary (Cmc) - Ward No.17,0,,0,0,,0,0,0,karnataka
251927,30819,Ballari,18,Bellary (Cmc) - Ward No.18,0,,0,0,,0,0,0,karnataka
251927,30820,Ballari,19,Bellary (Cmc) - Ward No.19,0,,0,0,,0,0,0,karnataka
251927,30803,Ballari,2,Bellary (Cmc) - Ward No.2,0,,0,0,,0,0,0,karnataka
251927,30821,Ballari,20,Bellary (Cmc) - Ward No.20,0,,0,0,,0,0,0,karnataka
251927,30822,Ballari,21,Bellary (Cmc) - Ward No.21,0,,0,0,,0,0,0,karnataka
251927,30823,Ballari,22,Bellary (Cmc) - Ward No.22,0,,0,0,,0,0,0,karnataka
251927,30824,Ballari,23,Bellary (Cmc) - Ward No.23,0,,0,0,,0,0,0,karnataka
251927,30825,Ballari,24,Bellary (Cmc) - Ward No.24,0,,0,0,,0,0,0,karnataka
251927,30826,Ballari,25,Bellary (Cmc) - Ward No.25,0,,0,0,,0,0,0,karnataka
251927,30827,Ballari,26,Bellary (Cmc) - Ward No.26,0,,0,0,,0,0,0,karnataka
251927,30828,Ballari,27,Bellary (Cmc) - Ward No.27,0,,0,0,,0,0,0,karnataka
251927,30829,Ballari,28,Bellary (Cmc) - Ward No.28,0,,0,0,,0,0,0,karnataka
251927,30830,Ballari,29,Bellary (Cmc) - Ward No.29,0,,0,0,,0,0,0,karnataka
251927,30804,Ballari,3,Bellary (Cmc) - Ward No.3,0,,0,0,,0,0,0,karnataka
251927,30831,Ballari,30,Bellary (Cmc) - Ward No.30,0,,0,0,,0,0,0,karnataka
251927,30832,Ballari,31,Bellary (Cmc) - Ward No.31,0,,0,0,,0,0,0,karnataka
251927,30833,Ballari,32,Bellary (Cmc) - Ward No.32,0,,0,0,,0,0,0,karnataka
251927,30834,Ballari,33,Bellary (Cmc) - Ward No.33,0,,0,0,,0,0,0,karnataka
251927,30835,Ballari,34,Bellary (Cmc) - Ward No.34,0,,0,0,,0,0,0,karnataka
251927,30836,Ballari,35,Bellary (Cmc) - Ward No.35,0,,0,0,,0,0,0,karnataka
251927,30805,Ballari,4,Bellary (Cmc) - Ward No.4,0,,0,0,,0,0,0,karnataka
251927,30806,Ballari,5,Bellary (Cmc) - Ward No.5,0,,0,0,,0,0,0,karnataka
251927,30807,Ballari,6,Bellary (Cmc) - Ward No.6,0,,0,0,,0,0,0,karnataka
251927,30808,Ballari,7,Bellary (Cmc) - Ward No.7,0,,0,0,,0,0,0,karnataka
251927,30809,Ballari,8,Bellary (Cmc) - Ward No.8,0,,0,0,,0,0,0,karnataka
251927,30810,Ballari,9,Bellary (Cmc) - Ward No.9,0,,0,0,,0,0,0,karnataka
251927,3068768,Ballari,36,Ward No.36,0,,0,0,,0,0,0,karnataka
251927,3068769,Ballari,37,Ward No.37,0,,0,0,,0,0,0,karnataka
251927,3068770,Ballari,38,Ward No.38,0,,0,0,,0,0,0,karnataka
251927,3068771,Ballari,39,Ward No.39,0,,0,0,,0,0,0,karnataka
299416,2890341,Bangarpete,1,Ward 1,0,,0,0,,0,0,0,karnataka
299416,2890350,Bangarpete,10,Ward 10,0,,0,0,,0,0,0,karnataka
299416,2890351,Bangarpete,11,Ward 11,0,,0,0,,0,0,0,karnataka
299416,2890352,Bangarpete,12,Ward 12,0,,0,0,,0,0,0,karnataka
299416,2890353,Bangarpete,13,Ward 13,0,,0,0,,0,0,0,karnataka
299416,2890354,Bangarpete,14,Ward 14,0,,0,0,,0,0,0,karnataka
299416,2890355,Bangarpete,15,Ward 15,0,,0,0,,0,0,0,karnataka
299416,2890356,Bangarpete,16,Ward 16,0,,0,0,,0,0,0,karnataka
299416,2890357,Bangarpete,17,Ward 17,0,,0,0,,0,0,0,karnataka
299416,2890358,Bangarpete,18,Ward 18,0,,0,0,,0,0,0,karnataka
299416,2890359,Bangarpete,19,Ward 19,0,,0,0,,0,0,0,karnataka
299416,2890342,Bangarpete,2,Ward 2,0,,0,0,,0,0,0,karnataka
299416,2890360,Bangarpete,20,Ward 20,0,,0,0,,0,0,0,karnataka
299416,2890361,Bangarpete,21,Ward21,0,,0,0,,0,0,0,karnataka
299416,2890362,Bangarpete,22,Ward22,0,,0,0,,0,0,0,karnataka
299416,2890363,Bangarpete,23,Ward23,0,,0,0,,0,0,0,karnataka
299416,2890364,Bangarpete,24,Ward24,0,,0,0,,0,0,0,karnataka
299416,2890365,Bangarpete,25,Ward25,0,,0,0,,0,0,0,karnataka
299416,2890366,Bangarpete,26,Ward26,0,,0,0,,0,0,0,karnataka
299416,2890367,Bangarpete,27,Ward27,0,,0,0,,0,0,0,karnataka
299416,3323764,Bangarpete,28,Ward28,0,,0,0,,0,0,0,karnataka
299416,3323765,Bangarpete,29,Ward29,0,,0,0,,0,0,0,karnataka
299416,2890343,Bangarpete,3,Ward 3,0,,0,0,,0,0,0,karnataka
299416,3323766,Bangarpete,30,Ward30,0,,0,0,,0,0,0,karnataka
299416,3323767,Bangarpete,31,Ward31,0,,0,0,,0,0,0,karnataka
299416,2890344,Bangarpete,4,Ward 4,0,,0,0,,0,0,0,karnataka
299416,2890345,Bangarpete,5,Ward 5,0,,0,0,,0,0,0,karnataka
299416,2890346,Bangarpete,6,Ward 6,0,,0,0,,0,0,0,karnataka
299416,2890347,Bangarpete,7,Ward 7,0,,0,0,,0,0,0,karnataka
299416,2890348,Bangarpete,8,Ward 8,0,,0,0,,0,0,0,karnataka
299416,2890349,Bangarpete,9,Ward 9,0,,0,0,,0,0,0,karnataka
251913,30017,Bankapura,1,Bankapura (TMC) - Ward No.1,0,,0,0,,0,0,0,karnataka
251913,2439,Bankapura,10,Bankapura (TMC) - Ward No.10,0,,0,0,,0,0,0,karnataka
251913,2440,Bankapura,11,Bankapura (TMC) - Ward No.11,0,,0,0,,0,0,0,karnataka
251913,2441,Bankapura,12,Bankapura (TMC) - Ward No.12,0,,0,0,,0,0,0,karnataka
251913,2442,Bankapura,13,Bankapura (TMC) - Ward No.13,0,,0,0,,0,0,0,karnataka
251913,2443,Bankapura,14,Bankapura (TMC) - Ward No.14,0,,0,0,,0,0,0,karnataka
251913,2444,Bankapura,15,Bankapura (TMC) - Ward No.15,0,,0,0,,0,0,0,karnataka
251913,2445,Bankapura,16,Bankapura (TMC) - Ward No.16,0,,0,0,,0,0,0,karnataka
251913,2446,Bankapura,17,Bankapura (TMC) - Ward No.17,0,,0,0,,0,0,0,karnataka
251913,2447,Bankapura,18,Bankapura (TMC) - Ward No.18,0,,0,0,,0,0,0,karnataka
251913,2448,Bankapura,19,Bankapura (TMC) - Ward No.19,0,,0,0,,0,0,0,karnataka
251913,2431,Bankapura,2,Bankapura (TMC) - Ward No.2,0,,0,0,,0,0,0,karnataka
251913,2449,Bankapura,20,Bankapura (TMC) - Ward No.20,0,,0,0,,0,0,0,karnataka
251913,2450,Bankapura,21,Bankapura (TMC) - Ward No.21,0,,0,0,,0,0,0,karnataka
251913,2451,Bankapura,22,Bankapura (TMC) - Ward No.22,0,,0,0,,0,0,0,karnataka
251913,2452,Bankapura,23,Bankapura (TMC) - Ward No.23,0,,0,0,,0,0,0,karnataka
251913,2432,Bankapura,3,Bankapura (TMC) - Ward No.3,0,,0,0,,0,0,0,karnataka
251913,2433,Bankapura,4,Bankapura (TMC) - Ward No.4,0,,0,0,,0,0,0,karnataka
251913,2434,Bankapura,5,Bankapura (TMC) - Ward No.5,0,,0,0,,0,0,0,karnataka
251913,2435,Bankapura,6,Bankapura (TMC) - Ward No.6,0,,0,0,,0,0,0,karnataka
251913,2436,Bankapura,7,Bankapura (TMC) - Ward No.7,0,,0,0,,0,0,0,karnataka
251913,2437,Bankapura,8,Bankapura (TMC) - Ward No.8,0,,0,0,,0,0,0,karnataka
251913,2438,Bankapura,9,Bankapura (TMC) - Ward No.9,0,,0,0,,0,0,0,karnataka
252051,65874,Bannur,1,Bannur (TMC) - Ward No.1,0,,0,0,,0,0,0,karnataka
252051,65883,Bannur,10,Bannur (TMC) - Ward No.10,0,,0,0,,0,0,0,karnataka
252051,65884,Bannur,11,Bannur (TMC) - Ward No.11,0,,0,0,,0,0,0,karnataka
252051,65885,Bannur,12,Bannur (TMC) - Ward No.12,0,,0,0,,0,0,0,karnataka
252051,65886,Bannur,13,Bannur (TMC) - Ward No.13,0,,0,0,,0,0,0,karnataka
252051,65887,Bannur,14,Bannur (TMC) - Ward No.14,0,,0,0,,0,0,0,karnataka
252051,65888,Bannur,15,Bannur (TMC) - Ward No.15,0,,0,0,,0,0,0,karnataka
252051,65889,Bannur,16,Bannur (TMC) - Ward No.16,0,,0,0,,0,0,0,karnataka
252051,65890,Bannur,17,Bannur (TMC) - Ward No.17,0,,0,0,,0,0,0,karnataka
252051,65891,Bannur,18,Bannur (TMC) - Ward No.18,0,,0,0,,0,0,0,karnataka
252051,65892,Bannur,19,Bannur (TMC) - Ward No.19,0,,0,0,,0,0,0,karnataka
252051,65875,Bannur,2,Bannur (TMC) - Ward No.2,0,,0,0,,0,0,0,karnataka
252051,65893,Bannur,20,Bannur (TMC) - Ward No.20,0,,0,0,,0,0,0,karnataka
252051,71061,Bannur,21,Bannur (TMC) - Ward No.21,0,,0,0,,0,0,0,karnataka
252051,71062,Bannur,22,Bannur (TMC) - Ward No.22,0,,0,0,,0,0,0,karnataka
252051,71056,Bannur,23,Bannur (TMC) - Ward No.23,0,,0,0,,0,0,0,karnataka
252051,65876,Bannur,3,Bannur (TMC) - Ward No.3,0,,0,0,,0,0,0,karnataka
252051,65877,Bannur,4,Bannur (TMC) - Ward No.4,0,,0,0,,0,0,0,karnataka
252051,65878,Bannur,5,Bannur (TMC) - Ward No.5,0,,0,0,,0,0,0,karnataka
252051,65879,Bannur,6,Bannur (TMC) - Ward No.6,0,,0,0,,0,0,0,karnataka
252051,65880,Bannur,7,Bannur (TMC) - Ward No.7,0,,0,0,,0,0,0,karnataka
252051,65881,Bannur,8,Bannur (TMC) - Ward No.8,0,,0,0,,0,0,0,karnataka
252051,65882,Bannur,9,Bannur (TMC) - Ward No.9,0,,0,0,,0,0,0,karnataka
252033,28373,Bantval,1,Bantval (TP) - Ward No.1,0,,0,0,,0,0,0,karnataka
252033,28382,Bantval,10,Bantval (TP) - Ward No.10,0,,0,0,,0,0,0,karnataka
252033,28383,Bantval,11,Bantval (TP) - Ward No.11,0,,0,0,,0,0,0,karnataka
252033,28384,Bantval,12,Bantval (TP) - Ward No.12,0,,0,0,,0,0,0,karnataka
252033,28385,Bantval,13,Bantval (TP) - Ward No.13,0,,0,0,,0,0,0,karnataka
252033,28386,Bantval,14,Bantval (TP) - Ward No.14,0,,0,0,,0,0,0,karnataka
252033,28387,Bantval,15,Bantval (TP) - Ward No.15,0,,0,0,,0,0,0,karnataka
252033,28388,Bantval,16,Bantval (TP) - Ward No.16,0,,0,0,,0,0,0,karnataka
252033,28389,Bantval,17,Bantval (TP) - Ward No.17,0,,0,0,,0,0,0,karnataka
252033,28390,Bantval,18,Bantval (TP) - Ward No.18,0,,0,0,,0,0,0,karnataka
252033,28391,Bantval,19,Bantval (TP) - Ward No.19,0,,0,0,,0,0,0,karnataka
252033,28374,Bantval,2,Bantval (TP) - Ward No.2,0,,0,0,,0,0,0,karnataka
252033,28392,Bantval,20,Bantval (TP) - Ward No.20,0,,0,0,,0,0,0,karnataka
252033,28393,Bantval,21,Bantval (TP) - Ward No.21,0,,0,0,,0,0,0,karnataka
252033,1887175,Bantval,22,Bantval (TP) - Ward No.22,0,,0,0,,0,0,0,karnataka
252033,1887176,Bantval,23,Bantval (TP) - Ward No.23,0,,0,0,,0,0,0,karnataka
252033,1887177,Bantval,24,Bantval (TP) - Ward No.24,0,,0,0,,0,0,0,karnataka
252033,1887178,Bantval,25,Bantval (TP) - Ward No.25,0,,0,0,,0,0,0,karnataka
252033,1887179,Bantval,26,Bantval (TP) - Ward No.26,0,,0,0,,0,0,0,karnataka
252033,1887180,Bantval,27,Bantval (TP) - Ward No.27,0,,0,0,,0,0,0,karnataka
252033,28375,Bantval,3,Bantval (TP) - Ward No.3,0,,0,0,,0,0,0,karnataka
252033,28376,Bantval,4,Bantval (TP) - Ward No.4,0,,0,0,,0,0,0,karnataka
252033,28377,Bantval,5,Bantval (TP) - Ward No.5,0,,0,0,,0,0,0,karnataka
252033,28378,Bantval,6,Bantval (TP) - Ward No.6,0,,0,0,,0,0,0,karnataka
252033,28379,Bantval,7,Bantval (TP) - Ward No.7,0,,0,0,,0,0,0,karnataka
252033,28380,Bantval,8,Bantval (TP) - Ward No.8,0,,0,0,,0,0,0,karnataka
252033,28381,Bantval,9,Bantval (TP) - Ward No.9,0,,0,0,,0,0,0,karnataka
251864,27395,Basavakalyan,1,Basavakalyan (TMC) - Ward No.1,0,,0,0,,0,0,0,karnataka
251864,27404,Basavakalyan,10,Basavakalyan (TMC) - Ward No.10,0,,0,0,,0,0,0,karnataka
251864,27405,Basavakalyan,11,Basavakalyan (TMC) - Ward No.11,0,,0,0,,0,0,0,karnataka
251864,27406,Basavakalyan,12,Basavakalyan (TMC) - Ward No.12,0,,0,0,,0,0,0,karnataka
251864,27407,Basavakalyan,13,Basavakalyan (TMC) - Ward No.13,0,,0,0,,0,0,0,karnataka
251864,27408,Basavakalyan,14,Basavakalyan (TMC) - Ward No.14,0,,0,0,,0,0,0,karnataka
251864,27409,Basavakalyan,15,Basavakalyan (TMC) - Ward No.15,0,,0,0,,0,0,0,karnataka
251864,27410,Basavakalyan,16,Basavakalyan (TMC) - Ward No.16,0,,0,0,,0,0,0,karnataka
251864,27411,Basavakalyan,17,Basavakalyan (TMC) - Ward No.17,0,,0,0,,0,0,0,karnataka
251864,27412,Basavakalyan,18,Basavakalyan (TMC) - Ward No.18,0,,0,0,,0,0,0,karnataka
251864,27413,Basavakalyan,19,Basavakalyan (TMC) - Ward No.19,0,,0,0,,0,0,0,karnataka
251864,27396,Basavakalyan,2,Basavakalyan (TMC) - Ward No.2,0,,0,0,,0,0,0,karnataka
251864,27414,Basavakalyan,20,Basavakalyan (TMC) - Ward No.20,0,,0,0,,0,0,0,karnataka
251864,27415,Basavakalyan,21,Basavakalyan (TMC) - Ward No.21,0,,0,0,,0,0,0,karnataka
251864,27416,Basavakalyan,22,Basavakalyan (TMC) - Ward No.22,0,,0,0,,0,0,0,karnataka
251864,27417,Basavakalyan,23,Basavakalyan (TMC) - Ward No.23,0,,0,0,,0,0,0,karnataka
251864,27418,Basavakalyan,24,Basavakalyan (TMC) - Ward No.24,0,,0,0,,0,0,0,karnataka
251864,27419,Basavakalyan,25,Basavakalyan (TMC) - Ward No.25,0,,0,0,,0,0,0,karnataka
251864,27420,Basavakalyan,26,Basavakalyan (TMC) - Ward No.26,0,,0,0,,0,0,0,karnataka
251864,27421,Basavakalyan,27,Basavakalyan (TMC) - Ward No.27,0,,0,0,,0,0,0,karnataka
251864,1885268,Basavakalyan,28,Basavakalyan (TMC) - Ward No.28,0,,0,0,,0,0,0,karnataka
251864,1885269,Basavakalyan,29,Basavakalyan (TMC) - Ward No.29,0,,0,0,,0,0,0,karnataka
251864,27397,Basavakalyan,3,Basavakalyan (TMC) - Ward No.3,0,,0,0,,0,0,0,karnataka
251864,1885270,Basavakalyan,30,Basavakalyan (TMC) - Ward No.30,0,,0,0,,0,0,0,karnataka
251864,1885271,Basavakalyan,31,Basavakalyan (TMC) - Ward No.31,0,,0,0,,0,0,0,karnataka
251864,27398,Basavakalyan,4,Basavakalyan (TMC) - Ward No.4,0,,0,0,,0,0,0,karnataka
251864,27399,Basavakalyan,5,Basavakalyan (TMC) - Ward No.5,0,,0,0,,0,0,0,karnataka
251864,27400,Basavakalyan,6,Basavakalyan (TMC) - Ward No.6,0,,0,0,,0,0,0,karnataka
251864,27401,Basavakalyan,7,Basavakalyan (TMC) - Ward No.7,0,,0,0,,0,0,0,karnataka
251864,27402,Basavakalyan,8,Basavakalyan (TMC) - Ward No.8,0,,0,0,,0,0,0,karnataka
251864,27403,Basavakalyan,9,Basavakalyan (TMC) - Ward No.9,0,,0,0,,0,0,0,karnataka
251845,26356,Basavana Bagevadi,1,Basavana Bagevadi (TP) - Ward No.1,0,,0,0,,0,0,0,karnataka
251845,26365,Basavana Bagevadi,10,Basavana Bagevadi (TP) - Ward No.10,0,,0,0,,0,0,0,karnataka
251845,26366,Basavana Bagevadi,11,Basavana Bagevadi (TP) - Ward No.11,0,,0,0,,0,0,0,karnataka
251845,26367,Basavana Bagevadi,12,Basavana Bagevadi (TP) - Ward No.12,0,,0,0,,0,0,0,karnataka
251845,26368,Basavana Bagevadi,13,Basavana Bagevadi (TP) - Ward No.13,0,,0,0,,0,0,0,karnataka
251845,26369,Basavana Bagevadi,14,Basavana Bagevadi (TP) - Ward No.14,0,,0,0,,0,0,0,karnataka
251845,26370,Basavana Bagevadi,15,Basavana Bagevadi (TP) - Ward No.15,0,,0,0,,0,0,0,karnataka
251845,26371,Basavana Bagevadi,16,Basavana Bagevadi (TP) - Ward No.16,0,,0,0,,0,0,0,karnataka
251845,26372,Basavana Bagevadi,17,Basavana Bagevadi (TP) - Ward No.17,0,,0,0,,0,0,0,karnataka
251845,26373,Basavana Bagevadi,18,Basavana Bagevadi (TP) - Ward No.18,0,,0,0,,0,0,0,karnataka
251845,26374,Basavana Bagevadi,19,Basavana Bagevadi (TP) - Ward No.19,0,,0,0,,0,0,0,karnataka
251845,26357,Basavana Bagevadi,2,Basavana Bagevadi (TP) - Ward No.2,0,,0,0,,0,0,0,karnataka
251845,26375,Basavana Bagevadi,20,Basavana Bagevadi (TP) - Ward No.20,0,,0,0,,0,0,0,karnataka
251845,2182619,Basavana Bagevadi,21,Basavana Bagevadi (TP) - Ward No. 21,0,,0,0,,0,0,0,karnataka
251845,2182620,Basavana Bagevadi,22,Basavana Bagevadi (TP) - Ward No. 22,0,,0,0,,0,0,0,karnataka
251845,2182621,Basavana Bagevadi,23,Basavana Bagevadi (TP) - Ward No. 23,0,,0,0,,0,0,0,karnataka
251845,26358,Basavana Bagevadi,3,Basavana Bagevadi (TP) - Ward No.3,0,,0,0,,0,0,0,karnataka
251845,26359,Basavana Bagevadi,4,Basavana Bagevadi (TP) - Ward No.4,0,,0,0,,0,0,0,karnataka
251845,26360,Basavana Bagevadi,5,Basavana Bagevadi (TP) - Ward No.5,0,,0,0,,0,0,0,karnataka
251845,26361,Basavana Bagevadi,6,Basavana Bagevadi (TP) - Ward No.6,0,,0,0,,0,0,0,karnataka
251845,26362,Basavana Bagevadi,7,Basavana Bagevadi (TP) - Ward No.7,0,,0,0,,0,0,0,karnataka
251845,26363,Basavana Bagevadi,8,Basavana Bagevadi (TP) - Ward No.8,0,,0,0,,0,0,0,karnataka
251845,26364,Basavana Bagevadi,9,Basavana Bagevadi (TP) - Ward No.9,0,,0,0,,0,0,0,karnataka
299169,3044578,Bashettihalli,1,Ward 1,0,,0,0,,0,0,0,karnataka
299169,3044587,Bashettihalli,10,Ward 10,0,,0,0,,0,0,0,karnataka
299169,3044588,Bashettihalli,11,Ward 11,0,,0,0,,0,0,0,karnataka
299169,3044589,Bashettihalli,12,Ward 12,0,,0,0,,0,0,0,karnataka
299169,3044590,Bashettihalli,13,Ward 13,0,,0,0,,0,0,0,karnataka
299169,3044591,Bashettihalli,14,Ward 14,0,,0,0,,0,0,0,karnataka
299169,3044592,Bashettihalli,15,Ward 15,0,,0,0,,0,0,0,karnataka
299169,3044593,Bashettihalli,16,Ward 16,0,,0,0,,0,0,0,karnataka
299169,3044594,Bashettihalli,17,Ward 17,0,,0,0,,0,0,0,karnataka
299169,3044595,Bashettihalli,18,Ward 18,0,,0,0,,0,0,0,karnataka
299169,3044596,Bashettihalli,19,Ward 19,0,,0,0,,0,0,0,karnataka
299169,3044579,Bashettihalli,2,Ward 2,0,,0,0,,0,0,0,karnataka
299169,3044580,Bashettihalli,3,Ward 3,0,,0,0,,0,0,0,karnataka
299169,3044581,Bashettihalli,4,Ward 4,0,,0,0,,0,0,0,karnataka
299169,3044582,Bashettihalli,5,Ward 5,0,,0,0,,0,0,0,karnataka
299169,3044583,Bashettihalli,6,Ward 6,0,,0,0,,0,0,0,karnataka
299169,3044584,Bashettihalli,7,Ward 7,0,,0,0,,0,0,0,karnataka
299169,3044585,Bashettihalli,8,Ward 8,0,,0,0,,0,0,0,karnataka
299169,3044586,Bashettihalli,9,Ward 9,0,,0,0,,0,0,0,karnataka
276529,1295550,Belagali,13,Ambedkar Nagar,0,,0,0,,0,928667,0,karnataka
276529,1295550,Belagali,13,Ambedkar Nagar,0,,0,0,,0,928667,0,karnataka
276529,1295553,Belagali,16,Bahagirtha Mahraashi Nagar,0,,0,0,,0,928667,0,karnataka
276529,1295553,Belagali,16,Bahagirtha Mahraashi Nagar,0,,0,0,,0,928667,0,karnataka
276529,1295551,Belagali,14,Banashankari Vasati,524,Bagalkote,556,5445,Mudhol,5445,0,0,karnataka
276529,1295551,Belagali,14,Banashankari Vasati,524,Bagalkote,556,5445,Mudhol,5445,0,0,karnataka
276529,1295552,Belagali,15,Goudar Oni,524,Bagalkote,556,5445,Mudhol,5445,0,0,karnataka
276529,1295552,Belagali,15,Goudar Oni,524,Bagalkote,556,5445,Mudhol,5445,0,0,karnataka
276529,1295546,Belagali,9,Janatha Colony,524,Bagalkote,556,5445,Mudhol,5445,0,0,karnataka
276529,1295546,Belagali,9,Janatha Colony,524,Bagalkote,556,5445,Mudhol,5445,0,0,karnataka
276529,1295554,Belagali,17,Kodihal Vasati,0,,0,0,,0,928667,0,karnataka
276529,1295554,Belagali,17,Kodihal Vasati,0,,0,0,,0,928667,0,karnataka
276529,1295545,Belagali,8,Mahalingray Vasati,0,,0,0,,0,928667,0,karnataka
276529,1295545,Belagali,8,Mahalingray Vasati,0,,0,0,,0,928667,0,karnataka
276529,1295548,Belagali,11,Paramanand Nagar,0,,0,0,,0,928667,0,karnataka
276529,1295548,Belagali,11,Paramanand Nagar,0,,0,0,,0,928667,0,karnataka
276529,1295543,Belagali,6,Ramesh Gadadannavar Vasati,524,Bagalkote,556,5445,Mudhol,5445,0,0,karnataka
276529,1295543,Belagali,6,Ramesh Gadadannavar Vasati,524,Bagalkote,556,5445,Mudhol,5445,0,0,karnataka
276529,1295541,Belagali,4,Ranna Korammana Thotada Vasathi,524,Bagalkote,556,5445,Mudhol,5445,0,0,karnataka
276529,1295541,Belagali,4,Ranna Korammana Thotada Vasathi,524,Bagalkote,556,5445,Mudhol,5445,0,0,karnataka
276529,1295544,Belagali,7,Sadashiv Nagar,524,Bagalkote,556,5445,Mudhol,5445,0,0,karnataka
276529,1295544,Belagali,7,Sadashiv Nagar,524,Bagalkote,556,5445,Mudhol,5445,0,0,karnataka
276529,1295540,Belagali,3,Savala Thotada Vasathi,0,,0,0,,0,928667,0,karnataka
276529,1295540,Belagali,3,Savala Thotada Vasathi,0,,0,0,,0,928667,0,karnataka
276529,1295547,Belagali,10,Siddapur Tottad Vasati,0,,0,0,,0,928667,0,karnataka
276529,1295547,Belagali,10,Siddapur Tottad Vasati,0,,0,0,,0,928667,0,karnataka
276529,1295549,Belagali,12,Sidikamba Lakkavan Vasati,524,Bagalkote,556,5445,Mudhol,5445,0,0,karnataka
276529,1295549,Belagali,12,Sidikamba Lakkavan Vasati,524,Bagalkote,556,5445,Mudhol,5445,0,0,karnataka
276529,1295542,Belagali,5,Simihalla Totad Vasati,0,,0,0,,0,928667,0,karnataka
276529,1295542,Belagali,5,Simihalla Totad Vasati,0,,0,0,,0,928667,0,karnataka
276529,1295539,Belagali,2,Sirol Thotada Vasathi,524,Bagalkote,556,5445,Mudhol,5445,0,0,karnataka
276529,1295539,Belagali,2,Sirol Thotada Vasathi,524,Bagalkote,556,5445,Mudhol,5445,0,0,karnataka
276529,1295555,Belagali,18,Vitthal Rukmini Vasati,0,,0,0,,0,928667,0,karnataka
276529,1295555,Belagali,18,Vitthal Rukmini Vasati,0,,0,0,,0,928667,0,karnataka
276529,1295538,Belagali,1,Vivekananad Nagar,524,Bagalkote,556,5445,Mudhol,5445,0,0,karnataka
276529,1295538,Belagali,1,Vivekananad Nagar,524,Bagalkote,556,5445,Mudhol,5445,0,0,karnataka
251824,25488,Belagavi,1,Belgaum (M Corp.) - Ward No.1,0,,0,0,,0,0,0,karnataka
251824,25497,Belagavi,10,Belgaum (M Corp.) - Ward No.10,0,,0,0,,0,0,0,karnataka
251824,25498,Belagavi,11,Belgaum (M Corp.) - Ward No.11,0,,0,0,,0,0,0,karnataka
251824,25499,Belagavi,12,Belgaum (M Corp.) - Ward No.12,0,,0,0,,0,0,0,karnataka
251824,25500,Belagavi,13,Belgaum (M Corp.) - Ward No.13,0,,0,0,,0,0,0,karnataka
251824,25501,Belagavi,14,Belgaum (M Corp.) - Ward No.14,0,,0,0,,0,0,0,karnataka
251824,25502,Belagavi,15,Belgaum (M Corp.) - Ward No.15,0,,0,0,,0,0,0,karnataka
251824,25503,Belagavi,16,Belgaum (M Corp.) - Ward No.16,0,,0,0,,0,0,0,karnataka
251824,25504,Belagavi,17,Belgaum (M Corp.) - Ward No.17,0,,0,0,,0,0,0,karnataka
251824,25505,Belagavi,18,Belgaum (M Corp.) - Ward No.18,0,,0,0,,0,0,0,karnataka
251824,25506,Belagavi,19,Belgaum (M Corp.) - Ward No.19,0,,0,0,,0,0,0,karnataka
251824,25489,Belagavi,2,Belgaum (M Corp.) - Ward No.2,0,,0,0,,0,0,0,karnataka
251824,25507,Belagavi,20,Belgaum (M Corp.) - Ward No.20,0,,0,0,,0,0,0,karnataka
251824,25508,Belagavi,21,Belgaum (M Corp.) - Ward No.21,0,,0,0,,0,0,0,karnataka
251824,25509,Belagavi,22,Belgaum (M Corp.) - Ward No.22,0,,0,0,,0,0,0,karnataka
251824,25510,Belagavi,23,Belgaum (M Corp.) - Ward No.23,0,,0,0,,0,0,0,karnataka
251824,25511,Belagavi,24,Belgaum (M Corp.) - Ward No.24,0,,0,0,,0,0,0,karnataka
251824,25512,Belagavi,25,Belgaum (M Corp.) - Ward No.25,0,,0,0,,0,0,0,karnataka
251824,25513,Belagavi,26,Belgaum (M Corp.) - Ward No.26,0,,0,0,,0,0,0,karnataka
251824,25514,Belagavi,27,Belgaum (M Corp.) - Ward No.27,0,,0,0,,0,0,0,karnataka
251824,25515,Belagavi,28,Belgaum (M Corp.) - Ward No.28,0,,0,0,,0,0,0,karnataka
251824,25516,Belagavi,29,Belgaum (M Corp.) - Ward No.29,0,,0,0,,0,0,0,karnataka
251824,25490,Belagavi,3,Belgaum (M Corp.) - Ward No.3,0,,0,0,,0,0,0,karnataka
251824,25517,Belagavi,30,Belgaum (M Corp.) - Ward No.30,0,,0,0,,0,0,0,karnataka
251824,25518,Belagavi,31,Belgaum (M Corp.) - Ward No.31,0,,0,0,,0,0,0,karnataka
251824,25519,Belagavi,32,Belgaum (M Corp.) - Ward No.32,0,,0,0,,0,0,0,karnataka
251824,25520,Belagavi,33,Belgaum (M Corp.) - Ward No.33,0,,0,0,,0,0,0,karnataka
251824,25521,Belagavi,34,Belgaum (M Corp.) - Ward No.34,0,,0,0,,0,0,0,karnataka
251824,25522,Belagavi,35,Belgaum (M Corp.) - Ward No.35,0,,0,0,,0,0,0,karnataka
251824,25523,Belagavi,36,Belgaum (M Corp.) - Ward No.36,0,,0,0,,0,0,0,karnataka
251824,25524,Belagavi,37,Belgaum (M Corp.) - Ward No.37,0,,0,0,,0,0,0,karnataka
251824,25525,Belagavi,38,Belgaum (M Corp.) - Ward No.38,0,,0,0,,0,0,0,karnataka
251824,25526,Belagavi,39,Belgaum (M Corp.) - Ward No.39,0,,0,0,,0,0,0,karnataka
251824,25491,Belagavi,4,Belgaum (M Corp.) - Ward No.4,0,,0,0,,0,0,0,karnataka
251824,25527,Belagavi,40,Belgaum (M Corp.) - Ward No.40,0,,0,0,,0,0,0,karnataka
251824,25528,Belagavi,41,Belgaum (M Corp.) - Ward No.41,0,,0,0,,0,0,0,karnataka
251824,25529,Belagavi,42,Belgaum (M Corp.) - Ward No.42,0,,0,0,,0,0,0,karnataka
251824,25530,Belagavi,43,Belgaum (M Corp.) - Ward No.43,0,,0,0,,0,0,0,karnataka
251824,25531,Belagavi,44,Belgaum (M Corp.) - Ward No.44,0,,0,0,,0,0,0,karnataka
251824,25621,Belagavi,45,Belgaum (M Corp.) - Ward No.45,0,,0,0,,0,0,0,karnataka
251824,25622,Belagavi,46,Belgaum (M Corp.) - Ward No.46,0,,0,0,,0,0,0,karnataka
251824,25623,Belagavi,47,Belgaum (M Corp.) - Ward No.47,0,,0,0,,0,0,0,karnataka
251824,25624,Belagavi,48,Belgaum (M Corp.) - Ward No.48,0,,0,0,,0,0,0,karnataka
251824,25625,Belagavi,49,Belgaum (M Corp.) - Ward No.49,0,,0,0,,0,0,0,karnataka
251824,25492,Belagavi,5,Belgaum (M Corp.) - Ward No.5,0,,0,0,,0,0,0,karnataka
251824,25626,Belagavi,50,Belgaum (M Corp.) - Ward No.50,0,,0,0,,0,0,0,karnataka
251824,25627,Belagavi,51,Belgaum (M Corp.) - Ward No.51,0,,0,0,,0,0,0,karnataka
251824,25628,Belagavi,52,Belgaum (M Corp.) - Ward No.52,0,,0,0,,0,0,0,karnataka
251824,25629,Belagavi,53,Belgaum (M Corp.) - Ward No.53,0,,0,0,,0,0,0,karnataka
251824,25630,Belagavi,54,Belgaum (M Corp.) - Ward No.54,0,,0,0,,0,0,0,karnataka
251824,25631,Belagavi,55,Belgaum (M Corp.) - Ward No.55,0,,0,0,,0,0,0,karnataka
251824,25632,Belagavi,56,Belgaum (M Corp.) - Ward No.56,0,,0,0,,0,0,0,karnataka
251824,25633,Belagavi,57,Belgaum (M Corp.) - Ward No.57,0,,0,0,,0,0,0,karnataka
251824,25634,Belagavi,58,Belgaum (M Corp.) - Ward No.58,0,,0,0,,0,0,0,karnataka
251824,25493,Belagavi,6,Belgaum (M Corp.) - Ward No.6,0,,0,0,,0,0,0,karnataka
251824,25494,Belagavi,7,Belgaum (M Corp.) - Ward No.7,0,,0,0,,0,0,0,karnataka
251824,25495,Belagavi,8,Belgaum (M Corp.) - Ward No.8,0,,0,0,,0,0,0,karnataka
251824,25496,Belagavi,9,Belgaum (M Corp.) - Ward No.9,0,,0,0,,0,0,0,karnataka
276602,1923184,Belluru,1,Belluru (TP) - Ward No.1,0,,0,0,,0,0,0,karnataka
276602,1923193,Belluru,10,Belluru (TP) - Ward No.10,0,,0,0,,0,0,0,karnataka
276602,1923194,Belluru,11,Belluru (TP) - Ward No.11,0,,0,0,,0,0,0,karnataka
276602,1923195,Belluru,12,Belluru (TP) - Ward No.12,0,,0,0,,0,0,0,karnataka
276602,1923196,Belluru,13,Belluru (TP) - Ward No.13,0,,0,0,,0,0,0,karnataka
276602,1923185,Belluru,2,Belluru (TP) - Ward No.2,0,,0,0,,0,0,0,karnataka
276602,1923186,Belluru,3,Belluru (TP) - Ward No.3,0,,0,0,,0,0,0,karnataka
276602,1923187,Belluru,4,Belluru (TP) - Ward No.4,0,,0,0,,0,0,0,karnataka
276602,1923188,Belluru,5,Belluru (TP) - Ward No.5,0,,0,0,,0,0,0,karnataka
276602,1923189,Belluru,6,Belluru (TP) - Ward No.6,0,,0,0,,0,0,0,karnataka
276602,1923190,Belluru,7,Belluru (TP) - Ward No.7,0,,0,0,,0,0,0,karnataka
276602,1923191,Belluru,8,Belluru (TP) - Ward No.8,0,,0,0,,0,0,0,karnataka
276602,1923192,Belluru,9,Belluru (TP) - Ward No.9,0,,0,0,,0,0,0,karnataka
252034,28394,Beltangadi,1,Beltangadi (TP) - Ward No.1,0,,0,0,,0,0,0,karnataka
252034,28403,Beltangadi,10,Beltangadi (TP) - Ward No.10,0,,0,0,,0,0,0,karnataka
252034,28404,Beltangadi,11,Beltangadi (TP) - Ward No.11,0,,0,0,,0,0,0,karnataka
252034,28395,Beltangadi,2,Beltangadi (TP) - Ward No.2,0,,0,0,,0,0,0,karnataka
252034,28396,Beltangadi,3,Beltangadi (TP) - Ward No.3,0,,0,0,,0,0,0,karnataka
252034,28397,Beltangadi,4,Beltangadi (TP) - Ward No.4,0,,0,0,,0,0,0,karnataka
252034,28398,Beltangadi,5,Beltangadi (TP) - Ward No.5,0,,0,0,,0,0,0,karnataka
252034,28399,Beltangadi,6,Beltangadi (TP) - Ward No.6,0,,0,0,,0,0,0,karnataka
252034,28400,Beltangadi,7,Beltangadi (TP) - Ward No.7,0,,0,0,,0,0,0,karnataka
252034,28401,Beltangadi,8,Beltangadi (TP) - Ward No.8,0,,0,0,,0,0,0,karnataka
252034,28402,Beltangadi,9,Beltangadi (TP) - Ward No.9,0,,0,0,,0,0,0,karnataka
252009,27747,Belur,1,Belur (TMC) - Ward No.1,0,,0,0,,0,0,0,karnataka
252009,27756,Belur,10,Belur (TMC) - Ward No.10,0,,0,0,,0,0,0,karnataka
252009,27757,Belur,11,Belur (TMC) - Ward No.11,0,,0,0,,0,0,0,karnataka
252009,27758,Belur,12,Belur (TMC) - Ward No.12,0,,0,0,,0,0,0,karnataka
252009,27759,Belur,13,Belur (TMC) - Ward No.13,0,,0,0,,0,0,0,karnataka
252009,27760,Belur,14,Belur (TMC) - Ward No.14,0,,0,0,,0,0,0,karnataka
252009,27761,Belur,15,Belur (TMC) - Ward No.15,0,,0,0,,0,0,0,karnataka
252009,27762,Belur,16,Belur (TMC) - Ward No.16,0,,0,0,,0,0,0,karnataka
252009,27763,Belur,17,Belur (TMC) - Ward No.17,0,,0,0,,0,0,0,karnataka
252009,3780,Belur,18,Belur (TMC) - Ward No.18,0,,0,0,,0,0,0,karnataka
252009,35132,Belur,19,Belur (TMC) - Ward No.19,0,,0,0,,0,0,0,karnataka
252009,27748,Belur,2,Belur (TMC) - Ward No.2,0,,0,0,,0,0,0,karnataka
252009,35133,Belur,20,Belur (TMC) - Ward No.20,0,,0,0,,0,0,0,karnataka
252009,35134,Belur,21,Belur (TMC) - Ward No.21,0,,0,0,,0,0,0,karnataka
252009,35135,Belur,22,Belur (TMC) - Ward No.22,0,,0,0,,0,0,0,karnataka
252009,3336,Belur,23,Belur (TMC) - Ward No.23,0,,0,0,,0,0,0,karnataka
252009,27749,Belur,3,Belur (TMC) - Ward No.3,0,,0,0,,0,0,0,karnataka
252009,27750,Belur,4,Belur (TMC) - Ward No.4,0,,0,0,,0,0,0,karnataka
252009,27751,Belur,5,Belur (TMC) - Ward No.5,0,,0,0,,0,0,0,karnataka
252009,27752,Belur,6,Belur (TMC) - Ward No.6,0,,0,0,,0,0,0,karnataka
252009,27753,Belur,7,Belur (TMC) - Ward No.7,0,,0,0,,0,0,0,karnataka
252009,27754,Belur,8,Belur (TMC) - Ward No.8,0,,0,0,,0,0,0,karnataka
252009,27755,Belur,9,Belur (TMC) - Ward No.9,0,,0,0,,0,0,0,karnataka
305851,3320978,Bengaluru Central City Corporation(Gba),24,Agaram,0,,0,0,,0,0,0,karnataka
305851,3320981,Bengaluru Central City Corporation(Gba),27,Ambedkarnagar,0,,0,0,,0,0,0,karnataka
305851,3320979,Bengaluru Central City Corporation(Gba),25,Ashokanagar,0,,0,0,,0,0,0,karnataka
305851,3320994,Bengaluru Central City Corporation(Gba),40,Ashoka Pillar,0,,0,0,,0,0,0,karnataka
305851,3320983,Bengaluru Central City Corporation(Gba),29,Austin Town,0,,0,0,,0,0,0,karnataka
305851,3321002,Bengaluru Central City Corporation(Gba),48,Azad Nagar,0,,0,0,,0,0,0,karnataka
305851,3320960,Bengaluru Central City Corporation(Gba),6,Bharathi Nagar,0,,0,0,,0,0,0,karnataka
305851,3320991,Bengaluru Central City Corporation(Gba),37,BHEL Ward,0,,0,0,,0,0,0,karnataka
305851,3321009,Bengaluru Central City Corporation(Gba),55,Bhuvaneshwari Nagar,0,,0,0,,0,0,0,karnataka
305851,3321008,Bengaluru Central City Corporation(Gba),54,Binnypete,0,,0,0,,0,0,0,karnataka
305851,3320998,Bengaluru Central City Corporation(Gba),44,Chamarajpet,0,,0,0,,0,0,0,karnataka
305851,3321000,Bengaluru Central City Corporation(Gba),46,Cheluvaadi Palya,0,,0,0,,0,0,0,karnataka
305851,3321012,Bengaluru Central City Corporation(Gba),58,Chickpete,0,,0,0,,0,0,0,karnataka
305851,3321011,Bengaluru Central City Corporation(Gba),57,Cottonpete,0,,0,0,,0,0,0,karnataka
305851,3320964,Bengaluru Central City Corporation(Gba),10,Cox Town,0,,0,0,,0,0,0,karnataka
305851,3321015,Bengaluru Central City Corporation(Gba),61,Dattatreya Ward,0,,0,0,,0,0,0,karnataka
305851,3320997,Bengaluru Central City Corporation(Gba),43,Devaraj Urs Ward,0,,0,0,,0,0,0,karnataka
305851,3320987,Bengaluru Central City Corporation(Gba),33,Dharmaraya Swamy Temple Ward,0,,0,0,,0,0,0,karnataka
305851,3320976,Bengaluru Central City Corporation(Gba),22,Domluru,0,,0,0,,0,0,0,karnataka
305851,3320988,Bengaluru Central City Corporation(Gba),34,D.V Gundappa Ward,0,,0,0,,0,0,0,karnataka
305851,3320972,Bengaluru Central City Corporation(Gba),18,G.M Palya,0,,0,0,,0,0,0,karnataka
305851,3321010,Bengaluru Central City Corporation(Gba),56,Gopalpura,0,,0,0,,0,0,0,karnataka
305851,3320962,Bengaluru Central City Corporation(Gba),8,Halasuru,0,,0,0,,0,0,0,karnataka
305851,3320989,Bengaluru Central City Corporation(Gba),35,Hombegowda Nagara,0,,0,0,,0,0,0,karnataka
305851,3320963,Bengaluru Central City Corporation(Gba),9,Hoysala Nagara Central,0,,0,0,,0,0,0,karnataka
305851,3320969,Bengaluru Central City Corporation(Gba),15,Indiranagar,0,,0,0,,0,0,0,karnataka
305851,3321001,Bengaluru Central City Corporation(Gba),47,I.P.D. Salappa Ward,0,,0,0,,0,0,0,karnataka
305851,3320956,Bengaluru Central City Corporation(Gba),2,Jayamahal,0,,0,0,,0,0,0,karnataka
305851,3320973,Bengaluru Central City Corporation(Gba),19,Jeevan Bhimanagar,0,,0,0,,0,0,0,karnataka
305851,3321004,Bengaluru Central City Corporation(Gba),50,JJR Nagara,0,,0,0,,0,0,0,karnataka
305851,3320977,Bengaluru Central City Corporation(Gba),23,Jogpalya,0,,0,0,,0,0,0,karnataka
305851,3320971,Bengaluru Central City Corporation(Gba),17,Kaggadasapura,0,,0,0,,0,0,0,karnataka
305851,3320992,Bengaluru Central City Corporation(Gba),38,Kanakanapalya,0,,0,0,,0,0,0,karnataka
305851,3321003,Bengaluru Central City Corporation(Gba),49,Kasturbha Nagara,0,,0,0,,0,0,0,karnataka
305851,3320966,Bengaluru Central City Corporation(Gba),12,Kasturi Nagar,0,,0,0,,0,0,0,karnataka
305851,3320961,Bengaluru Central City Corporation(Gba),7,K Kamaraj Ward,0,,0,0,,0,0,0,karnataka
305851,3320974,Bengaluru Central City Corporation(Gba),20,Kodihalli,0,,0,0,,0,0,0,karnataka
305851,3320975,Bengaluru Central City Corporation(Gba),21,Konena Agrahara,0,,0,0,,0,0,0,karnataka
305851,3320967,Bengaluru Central City Corporation(Gba),13,Krishnaiahnapalya,0,,0,0,,0,0,0,karnataka
305851,3320999,Bengaluru Central City Corporation(Gba),45,K.R Market,0,,0,0,,0,0,0,karnataka
305851,3320968,Bengaluru Central City Corporation(Gba),14,Nagavarapalya,0,,0,0,,0,0,0,karnataka
305851,3320982,Bengaluru Central City Corporation(Gba),28,Neelasandra,0,,0,0,,0,0,0,karnataka
305851,3321013,Bengaluru Central City Corporation(Gba),59,Nehru Nagar,0,,0,0,,0,0,0,karnataka
305851,3320970,Bengaluru Central City Corporation(Gba),16,New Thippasandra,0,,0,0,,0,0,0,karnataka
305851,3321017,Bengaluru Central City Corporation(Gba),63,Okalipuram,0,,0,0,,0,0,0,karnataka
305851,3320965,Bengaluru Central City Corporation(Gba),11,Old Baiyappanahalli,0,,0,0,,0,0,0,karnataka
305851,3321005,Bengaluru Central City Corporation(Gba),51,Old Guddadahalli,0,,0,0,,0,0,0,karnataka
305851,3321006,Bengaluru Central City Corporation(Gba),52,Padarayanapura,0,,0,0,,0,0,0,karnataka
305851,3320955,Bengaluru Central City Corporation(Gba),1,Ramaswamy Palya,0,,0,0,,0,0,0,karnataka
305851,3321007,Bengaluru Central City Corporation(Gba),53,Rayapuram,0,,0,0,,0,0,0,karnataka
305851,3320958,Bengaluru Central City Corporation(Gba),4,Sampangirama Nagar,0,,0,0,,0,0,0,karnataka
305851,3321014,Bengaluru Central City Corporation(Gba),60,Seshadripuram,0,,0,0,,0,0,0,karnataka
305851,3320985,Bengaluru Central City Corporation(Gba),31,Shanthinagar,0,,0,0,,0,0,0,karnataka
305851,3320959,Bengaluru Central City Corporation(Gba),5,Shivajinagar,0,,0,0,,0,0,0,karnataka
305851,3320986,Bengaluru Central City Corporation(Gba),32,SilverJubilee Park Ward,0,,0,0,,0,0,0,karnataka
305851,3320990,Bengaluru Central City Corporation(Gba),36,Someshwara Nagara,0,,0,0,,0,0,0,karnataka
305851,3320996,Bengaluru Central City Corporation(Gba),42,Sunkenahalli,0,,0,0,,0,0,0,karnataka
305851,3321016,Bengaluru Central City Corporation(Gba),62,Swatantra Palya Ward,0,,0,0,,0,0,0,karnataka
305851,3320980,Bengaluru Central City Corporation(Gba),26,Vannarpete,0,,0,0,,0,0,0,karnataka
305851,3320957,Bengaluru Central City Corporation(Gba),3,Vasanth Nagar,0,,0,0,,0,0,0,karnataka
305851,3320993,Bengaluru Central City Corporation(Gba),39,Venkat Reddy Nagara,0,,0,0,,0,0,0,karnataka
305851,3320984,Bengaluru Central City Corporation(Gba),30,Vinayakanagar,0,,0,0,,0,0,0,karnataka
305851,3320995,Bengaluru Central City Corporation(Gba),41,V.V Puram,0,,0,0,,0,0,0,karnataka
305850,3320912,Bengaluru East City Corporation,8,Anandapura,0,,0,0,,0,0,0,karnataka
305850,3320924,Bengaluru East City Corporation,20,A Narayanapura,0,,0,0,,0,0,0,karnataka
305850,3320948,Bengaluru East City Corporation,44,Ashwath Nagar,0,,0,0,,0,0,0,karnataka
305850,3320908,Bengaluru East City Corporation,4,Babusab Palya,0,,0,0,,0,0,0,karnataka
305850,3320914,Bengaluru East City Corporation,10,Basavanapura,0,,0,0,,0,0,0,karnataka
305850,3320934,Bengaluru East City Corporation,30,Belathur,0,,0,0,,0,0,0,karnataka
305850,3320951,Bengaluru East City Corporation,47,Bellanduru,0,,0,0,,0,0,0,karnataka
305850,3320940,Bengaluru East City Corporation,36,Bharath Aikya Ward,0,,0,0,,0,0,0,karnataka
305850,3320913,Bengaluru East City Corporation,9,Bhattarahalli,0,,0,0,,0,0,0,karnataka
305850,3320932,Bengaluru East City Corporation,28,Byrathi,0,,0,0,,0,0,0,karnataka
305850,3320936,Bengaluru East City Corporation,32,Channasandra,0,,0,0,,0,0,0,karnataka
305850,3320907,Bengaluru East City Corporation,3,Chellakere,0,,0,0,,0,0,0,karnataka
305850,3320916,Bengaluru East City Corporation,12,Devasandra,0,,0,0,,0,0,0,karnataka
305850,3320953,Bengaluru East City Corporation,49,Doddakannelli Ward,0,,0,0,,0,0,0,karnataka
305850,3320947,Bengaluru East City Corporation,43,Dodda Nekkundi,0,,0,0,,0,0,0,karnataka
305850,3320922,Bengaluru East City Corporation,18,Dooravaninagar,0,,0,0,,0,0,0,karnataka
305850,3320939,Bengaluru East City Corporation,35,Garudachar Palya,0,,0,0,,0,0,0,karnataka
305850,3320954,Bengaluru East City Corporation,50,Gunjur,0,,0,0,,0,0,0,karnataka
305850,3320943,Bengaluru East City Corporation,39,Hagaduru,0,,0,0,,0,0,0,karnataka
305850,3320933,Bengaluru East City Corporation,29,Hoodi,0,,0,0,,0,0,0,karnataka
305850,3320906,Bengaluru East City Corporation,2,Horamavu,0,,0,0,,0,0,0,karnataka
305850,3320909,Bengaluru East City Corporation,5,Hoysala Nagara East,0,,0,0,,0,0,0,karnataka
305850,3320930,Bengaluru East City Corporation,26,Jagadish Nagar,0,,0,0,,0,0,0,karnataka
305850,3320935,Bengaluru East City Corporation,31,Kadugodi,0,,0,0,,0,0,0,karnataka
305850,3320910,Bengaluru East City Corporation,6,Kalkere,0,,0,0,,0,0,0,karnataka
305850,3320938,Bengaluru East City Corporation,34,Kaveri Nagara,0,,0,0,,0,0,0,karnataka
305850,3320911,Bengaluru East City Corporation,7,K Chennasandra,0,,0,0,,0,0,0,karnataka
305850,3320905,Bengaluru East City Corporation,1,K Narayanapura,0,,0,0,,0,0,0,karnataka
305850,3320920,Bengaluru East City Corporation,16,Kotthur,0,,0,0,,0,0,0,karnataka
305850,3320915,Bengaluru East City Corporation,11,Krishnanagar,0,,0,0,,0,0,0,karnataka
305850,3320918,Bengaluru East City Corporation,14,K.R Pura,0,,0,0,,0,0,0,karnataka
305850,3320923,Bengaluru East City Corporation,19,K.S. Nissar Ahmed Ward,0,,0,0,,0,0,0,karnataka
305850,3320941,Bengaluru East City Corporation,37,Kundalahalli,0,,0,0,,0,0,0,karnataka
305850,3320929,Bengaluru East City Corporation,25,L.B Shastri Nagar,0,,0,0,,0,0,0,karnataka
305850,3320926,Bengaluru East City Corporation,22,Mahadevapura,0,,0,0,,0,0,0,karnataka
305850,3320949,Bengaluru East City Corporation,45,Marathahalli,0,,0,0,,0,0,0,karnataka
305850,3320945,Bengaluru East City Corporation,41,Munnenkolalu,0,,0,0,,0,0,0,karnataka
305850,3320952,Bengaluru East City Corporation,48,Panathur,0,,0,0,,0,0,0,karnataka
305850,3320946,Bengaluru East City Corporation,42,Priyadarshini Ward,0,,0,0,,0,0,0,karnataka
305850,3320917,Bengaluru East City Corporation,13,Rajarajeshwari Temple ward,0,,0,0,,0,0,0,karnataka
305850,3320919,Bengaluru East City Corporation,15,Ramamurthy Nagara,0,,0,0,,0,0,0,karnataka
305850,3320927,Bengaluru East City Corporation,23,Sangama Ward,0,,0,0,,0,0,0,karnataka
305850,3320937,Bengaluru East City Corporation,33,S.M Krishna Ward,0,,0,0,,0,0,0,karnataka
305850,3320925,Bengaluru East City Corporation,21,Uday Nagar,0,,0,0,,0,0,0,karnataka
305850,3320944,Bengaluru East City Corporation,40,Varthur,0,,0,0,,0,0,0,karnataka
305850,3320931,Bengaluru East City Corporation,27,Vibhootipura,0,,0,0,,0,0,0,karnataka
305850,3320928,Bengaluru East City Corporation,24,Vignananagara,0,,0,0,,0,0,0,karnataka
305850,3320921,Bengaluru East City Corporation,17,Vijinapura,0,,0,0,,0,0,0,karnataka
305850,3320942,Bengaluru East City Corporation,38,Whitefield,0,,0,0,,0,0,0,karnataka
305850,3320950,Bengaluru East City Corporation,46,Yamalur,0,,0,0,,0,0,0,karnataka
305853,3321154,Bengaluru North City Corporation (Gba),65,Abbigere,0,,0,0,,0,0,0,karnataka
305853,3321091,Bengaluru North City Corporation (Gba),2,Aerocity,0,,0,0,,0,0,0,karnataka
305853,3321105,Bengaluru North City Corporation (Gba),16,Amruthahalli,0,,0,0,,0,0,0,karnataka
305853,3321131,Bengaluru North City Corporation (Gba),42,Aruna Asif Ali Ward,0,,0,0,,0,0,0,karnataka
305853,3321096,Bengaluru North City Corporation (Gba),7,Attur,0,,0,0,,0,0,0,karnataka
305853,3321158,Bengaluru North City Corporation (Gba),69,Bagalagunte,0,,0,0,,0,0,0,karnataka
305853,3321121,Bengaluru North City Corporation (Gba),32,Banaswadi,0,,0,0,,0,0,0,karnataka
305853,3321146,Bengaluru North City Corporation (Gba),57,Bhoopasandra,0,,0,0,,0,0,0,karnataka
305853,3321151,Bengaluru North City Corporation (Gba),62,Brundavana Nagara,0,,0,0,,0,0,0,karnataka
305853,3321104,Bengaluru North City Corporation (Gba),15,Byatarayanapura,0,,0,0,,0,0,0,karnataka
305853,3321092,Bengaluru North City Corporation (Gba),3,Chowdeshwari ward,0,,0,0,,0,0,0,karnataka
305853,3321161,Bengaluru North City Corporation (Gba),72,Dasarahalli,0,,0,0,,0,0,0,karnataka
305853,3321139,Bengaluru North City Corporation (Gba),50,Dinnur,0,,0,0,,0,0,0,karnataka
305853,3321095,Bengaluru North City Corporation (Gba),6,Doddabettahalli,0,,0,0,,0,0,0,karnataka
305853,3321100,Bengaluru North City Corporation (Gba),11,Doddabommasandra,0,,0,0,,0,0,0,karnataka
305853,3321133,Bengaluru North City Corporation (Gba),44,Doddanna Nagar,0,,0,0,,0,0,0,karnataka
305853,3321144,Bengaluru North City Corporation (Gba),55,Ganganagar,0,,0,0,,0,0,0,karnataka
305853,3321143,Bengaluru North City Corporation (Gba),54,Gangenahalli,0,,0,0,,0,0,0,karnataka
305853,3321148,Bengaluru North City Corporation (Gba),59,Geddalahalli,0,,0,0,,0,0,0,karnataka
305853,3321114,Bengaluru North City Corporation (Gba),25,Govindapura,0,,0,0,,0,0,0,karnataka
305853,3321113,Bengaluru North City Corporation (Gba),24,HBR Layout,0,,0,0,,0,0,0,karnataka
305853,3321145,Bengaluru North City Corporation (Gba),56,Hebbal,0,,0,0,,0,0,0,karnataka
305853,3321112,Bengaluru North City Corporation (Gba),23,Hennur,0,,0,0,,0,0,0,karnataka
305853,3321150,Bengaluru North City Corporation (Gba),61,HMT Ward,0,,0,0,,0,0,0,karnataka
305853,3321122,Bengaluru North City Corporation (Gba),33,HRBR Layout,0,,0,0,,0,0,0,karnataka
305853,3321106,Bengaluru North City Corporation (Gba),17,Jakkur,0,,0,0,,0,0,0,karnataka
305853,3321149,Bengaluru North City Corporation (Gba),60,Jalahalli,0,,0,0,,0,0,0,karnataka
305853,3321138,Bengaluru North City Corporation (Gba),49,Jaya Chamarajendra Nagara,0,,0,0,,0,0,0,karnataka
305853,3321126,Bengaluru North City Corporation (Gba),37,Jeevanahalli,0,,0,0,,0,0,0,karnataka
305853,3321152,Bengaluru North City Corporation (Gba),63,J.P PARK,0,,0,0,,0,0,0,karnataka
305853,3321119,Bengaluru North City Corporation (Gba),30,Kacharakanahalli,0,,0,0,,0,0,0,karnataka
305853,3321120,Bengaluru North City Corporation (Gba),31,Kalyan Nagar,0,,0,0,,0,0,0,karnataka
305853,3321155,Bengaluru North City Corporation (Gba),66,Kammagondanahalli,0,,0,0,,0,0,0,karnataka
305853,3321124,Bengaluru North City Corporation (Gba),35,Kammanahalli,0,,0,0,,0,0,0,karnataka
305853,3321128,Bengaluru North City Corporation (Gba),39,Kaval Byrasandra,0,,0,0,,0,0,0,karnataka
305853,3321107,Bengaluru North City Corporation (Gba),18,Kempapura,0,,0,0,,0,0,0,karnataka
305853,3321116,Bengaluru North City Corporation (Gba),27,K.G.Halli,0,,0,0,,0,0,0,karnataka
305853,3321102,Bengaluru North City Corporation (Gba),13,Kodigehalli,0,,0,0,,0,0,0,karnataka
305853,3321110,Bengaluru North City Corporation (Gba),21,Kogilu,0,,0,0,,0,0,0,karnataka
305853,3321134,Bengaluru North City Corporation (Gba),45,Kushal Nagar,0,,0,0,,0,0,0,karnataka
305853,3321098,Bengaluru North City Corporation (Gba),9,Kuvempunagara,0,,0,0,,0,0,0,karnataka
305853,3321118,Bengaluru North City Corporation (Gba),29,Lingarajpura,0,,0,0,,0,0,0,karnataka
305853,3321157,Bengaluru North City Corporation (Gba),68,Mallasandra,0,,0,0,,0,0,0,karnataka
305853,3321159,Bengaluru North City Corporation (Gba),70,Manjunatha Nagar,0,,0,0,,0,0,0,karnataka
305853,3321140,Bengaluru North City Corporation (Gba),51,Manorayanapalya,0,,0,0,,0,0,0,karnataka
305853,3321125,Bengaluru North City Corporation (Gba),36,Maruthi Seva Nagara,0,,0,0,,0,0,0,karnataka
305853,3321147,Bengaluru North City Corporation (Gba),58,Nagashettyhalli,0,,0,0,,0,0,0,karnataka
305853,3321111,Bengaluru North City Corporation (Gba),22,Nagavara,0,,0,0,,0,0,0,karnataka
305853,3321160,Bengaluru North City Corporation (Gba),71,Nele Maheshwaramma Temple Ward,0,,0,0,,0,0,0,karnataka
305853,3321093,Bengaluru North City Corporation (Gba),4,Nyayanga Badavane,0,,0,0,,0,0,0,karnataka
305853,3321130,Bengaluru North City Corporation (Gba),41,Periyar Nagar,0,,0,0,,0,0,0,karnataka
305853,3321136,Bengaluru North City Corporation (Gba),47,Pulakeshi Nagar,0,,0,0,,0,0,0,karnataka
305853,3321090,Bengaluru North City Corporation (Gba),1,Raja Kempegowda ward,0,,0,0,,0,0,0,karnataka
305853,3321103,Bengaluru North City Corporation (Gba),14,Rajiv Gandhi Nagar,0,,0,0,,0,0,0,karnataka
305853,3321142,Bengaluru North City Corporation (Gba),53,R.T Nagar,0,,0,0,,0,0,0,karnataka
305853,3321135,Bengaluru North City Corporation (Gba),46,Sagayapuram,0,,0,0,,0,0,0,karnataka
305853,3321115,Bengaluru North City Corporation (Gba),26,Samadhana Nagar,0,,0,0,,0,0,0,karnataka
305853,3321109,Bengaluru North City Corporation (Gba),20,Sampigehalli,0,,0,0,,0,0,0,karnataka
305853,3321129,Bengaluru North City Corporation (Gba),40,Shakthi Nagar,0,,0,0,,0,0,0,karnataka
305853,3321127,Bengaluru North City Corporation (Gba),38,Shampura,0,,0,0,,0,0,0,karnataka
305853,3321156,Bengaluru North City Corporation (Gba),67,Shettihalli,0,,0,0,,0,0,0,karnataka
305853,3321097,Bengaluru North City Corporation (Gba),8,Singapura,0,,0,0,,0,0,0,karnataka
305853,3321137,Bengaluru North City Corporation (Gba),48,S.K Garden,0,,0,0,,0,0,0,karnataka
305853,3321123,Bengaluru North City Corporation (Gba),34,Subbayanapalya,0,,0,0,,0,0,0,karnataka
305853,3321108,Bengaluru North City Corporation (Gba),19,Thanisandra,0,,0,0,,0,0,0,karnataka
305853,3321101,Bengaluru North City Corporation (Gba),12,Thindlu,0,,0,0,,0,0,0,karnataka
305853,3321132,Bengaluru North City Corporation (Gba),43,Varalakshmi Nagar,0,,0,0,,0,0,0,karnataka
305853,3321117,Bengaluru North City Corporation (Gba),28,Venkateshpuram,0,,0,0,,0,0,0,karnataka
305853,3321099,Bengaluru North City Corporation (Gba),10,Vidyaranyapura,0,,0,0,,0,0,0,karnataka
305853,3321141,Bengaluru North City Corporation (Gba),52,Vishwanatha Nagenahalli,0,,0,0,,0,0,0,karnataka
305853,3321094,Bengaluru North City Corporation (Gba),5,Yelahanka Satellite Town,0,,0,0,,0,0,0,karnataka
305853,3321153,Bengaluru North City Corporation (Gba),64,Yeshwanthpura,0,,0,0,,0,0,0,karnataka
305852,3321041,Bengaluru South City Corporation (Gba),24,A Adugodi,0,,0,0,,0,0,0,karnataka
305852,3321027,Bengaluru South City Corporation (Gba),10,Abdul Kalam Nagar,0,,0,0,,0,0,0,karnataka
305852,3321088,Bengaluru South City Corporation (Gba),71,Agara,0,,0,0,,0,0,0,karnataka
305852,3321057,Bengaluru South City Corporation (Gba),40,Anjanapura,0,,0,0,,0,0,0,karnataka
305852,3321075,Bengaluru South City Corporation (Gba),58,Arakere,0,,0,0,,0,0,0,karnataka
305852,3321021,Bengaluru South City Corporation (Gba),4,Banashankari Temple Ward,0,,0,0,,0,0,0,karnataka
305852,3321084,Bengaluru South City Corporation (Gba),67,Bandepalya,0,,0,0,,0,0,0,karnataka
305852,3321053,Bengaluru South City Corporation (Gba),36,Beguru,0,,0,0,,0,0,0,karnataka
305852,3321060,Bengaluru South City Corporation (Gba),43,Bheereshwara Nagar,0,,0,0,,0,0,0,karnataka
305852,3321077,Bengaluru South City Corporation (Gba),60,Bilekahalli,0,,0,0,,0,0,0,karnataka
305852,3321080,Bengaluru South City Corporation (Gba),63,Bommanahalli,0,,0,0,,0,0,0,karnataka
305852,3321024,Bengaluru South City Corporation (Gba),7,Byrasandra,0,,0,0,,0,0,0,karnataka
305852,3321064,Bengaluru South City Corporation (Gba),47,Chandranagara,0,,0,0,,0,0,0,karnataka
305852,3321038,Bengaluru South City Corporation (Gba),21,Chikka Adugodi,0,,0,0,,0,0,0,karnataka
305852,3321051,Bengaluru South City Corporation (Gba),34,Chikkathoguru,0,,0,0,,0,0,0,karnataka
305852,3321079,Bengaluru South City Corporation (Gba),62,Devarachikkanahalli,0,,0,0,,0,0,0,karnataka
305852,3321055,Bengaluru South City Corporation (Gba),38,Doddakammanahalli,0,,0,0,,0,0,0,karnataka
305852,3321073,Bengaluru South City Corporation (Gba),56,Doresanipalya,0,,0,0,,0,0,0,karnataka
305852,3321043,Bengaluru South City Corporation (Gba),26,Ejipura,0,,0,0,,0,0,0,karnataka
305852,3321082,Bengaluru South City Corporation (Gba),65,Garvebavi Palya,0,,0,0,,0,0,0,karnataka
305852,3321056,Bengaluru South City Corporation (Gba),39,Gottigere,0,,0,0,,0,0,0,karnataka
305852,3321023,Bengaluru South City Corporation (Gba),6,Gowdanapalya,0,,0,0,,0,0,0,karnataka
305852,3321061,Bengaluru South City Corporation (Gba),44,Harinagar,0,,0,0,,0,0,0,karnataka
305852,3321081,Bengaluru South City Corporation (Gba),64,Hongasandra,0,,0,0,,0,0,0,karnataka
305852,3321086,Bengaluru South City Corporation (Gba),69,Hosapalya,0,,0,0,,0,0,0,karnataka
305852,3321089,Bengaluru South City Corporation (Gba),72,HSR Layout,0,,0,0,,0,0,0,karnataka
305852,3321074,Bengaluru South City Corporation (Gba),57,Hulimavu,0,,0,0,,0,0,0,karnataka
305852,3321087,Bengaluru South City Corporation (Gba),70,Iblur,0,,0,0,,0,0,0,karnataka
305852,3321047,Bengaluru South City Corporation (Gba),30,Jakkasandra,0,,0,0,,0,0,0,karnataka
305852,3321070,Bengaluru South City Corporation (Gba),53,Jaraganahalli,0,,0,0,,0,0,0,karnataka
305852,3321028,Bengaluru South City Corporation (Gba),11,Jayanagar East,0,,0,0,,0,0,0,karnataka
305852,3321031,Bengaluru South City Corporation (Gba),14,J.P Nagar,0,,0,0,,0,0,0,karnataka
305852,3321019,Bengaluru South City Corporation (Gba),2,Kadirenahalli,0,,0,0,,0,0,0,karnataka
305852,3321022,Bengaluru South City Corporation (Gba),5,Kane Muneshwara Ward,0,,0,0,,0,0,0,karnataka
305852,3321048,Bengaluru South City Corporation (Gba),31,Kasavanahalli,0,,0,0,,0,0,0,karnataka
305852,3321071,Bengaluru South City Corporation (Gba),54,Kengal Hanumanthaiah South,0,,0,0,,0,0,0,karnataka
305852,3321078,Bengaluru South City Corporation (Gba),61,Kodi Chikkanahalli,0,,0,0,,0,0,0,karnataka
305852,3321062,Bengaluru South City Corporation (Gba),45,Konanakunte,0,,0,0,,0,0,0,karnataka
305852,3321045,Bengaluru South City Corporation (Gba),28,Kormangala East,0,,0,0,,0,0,0,karnataka
305852,3321046,Bengaluru South City Corporation (Gba),29,Kormangala West,0,,0,0,,0,0,0,karnataka
305852,3321058,Bengaluru South City Corporation (Gba),41,Kothanur,0,,0,0,,0,0,0,karnataka
305852,3321049,Bengaluru South City Corporation (Gba),32,Kudlu,0,,0,0,,0,0,0,karnataka
305852,3321040,Bengaluru South City Corporation (Gba),23,Lakkasandra,0,,0,0,,0,0,0,karnataka
305852,3321037,Bengaluru South City Corporation (Gba),20,Madiwala,0,,0,0,,0,0,0,karnataka
305852,3321085,Bengaluru South City Corporation (Gba),68,Mangammana Palya,0,,0,0,,0,0,0,karnataka
305852,3321030,Bengaluru South City Corporation (Gba),13,Marenahalli South,0,,0,0,,0,0,0,karnataka
305852,3321050,Bengaluru South City Corporation (Gba),33,Naganathapura,0,,0,0,,0,0,0,karnataka
305852,3321026,Bengaluru South City Corporation (Gba),9,N.A.L Layout,0,,0,0,,0,0,0,karnataka
305852,3321042,Bengaluru South City Corporation (Gba),25,National Games Village,0,,0,0,,0,0,0,karnataka
305852,3321034,Bengaluru South City Corporation (Gba),17,N.S Palya,0,,0,0,,0,0,0,karnataka
305852,3321018,Bengaluru South City Corporation (Gba),1,Padmanabhanagara,0,,0,0,,0,0,0,karnataka
305852,3321029,Bengaluru South City Corporation (Gba),12,Pattabhirama Nagara,0,,0,0,,0,0,0,karnataka
305852,3321072,Bengaluru South City Corporation (Gba),55,Puttenahalli,0,,0,0,,0,0,0,karnataka
305852,3321059,Bengaluru South City Corporation (Gba),42,RBI Layout,0,,0,0,,0,0,0,karnataka
305852,3321033,Bengaluru South City Corporation (Gba),16,Sarakki,0,,0,0,,0,0,0,karnataka
305852,3321067,Bengaluru South City Corporation (Gba),50,Sarvabhouma Nagar,0,,0,0,,0,0,0,karnataka
305852,3321039,Bengaluru South City Corporation (Gba),22,S.G Palya,0,,0,0,,0,0,0,karnataka
305852,3321032,Bengaluru South City Corporation (Gba),15,Shakambarinagara,0,,0,0,,0,0,0,karnataka
305852,3321083,Bengaluru South City Corporation (Gba),66,Singasandra,0,,0,0,,0,0,0,karnataka
305852,3321044,Bengaluru South City Corporation (Gba),27,Sri Lakshmi Devi Ward,0,,0,0,,0,0,0,karnataka
305852,3321068,Bengaluru South City Corporation (Gba),51,Subramanyapura,0,,0,0,,0,0,0,karnataka
305852,3321069,Bengaluru South City Corporation (Gba),52,Talagattapura,0,,0,0,,0,0,0,karnataka
305852,3321036,Bengaluru South City Corporation (Gba),19,Tavarekere,0,,0,0,,0,0,0,karnataka
305852,3321025,Bengaluru South City Corporation (Gba),8,Tilak Nagara,0,,0,0,,0,0,0,karnataka
305852,3321066,Bengaluru South City Corporation (Gba),49,Uttarahalli,0,,0,0,,0,0,0,karnataka
305852,3321065,Bengaluru South City Corporation (Gba),48,Vasanthapura,0,,0,0,,0,0,0,karnataka
305852,3321076,Bengaluru South City Corporation (Gba),59,Vijaya Bank Layout,0,,0,0,,0,0,0,karnataka
305852,3321052,Bengaluru South City Corporation (Gba),35,Vishwapriya Nagara,0,,0,0,,0,0,0,karnataka
305852,3321035,Bengaluru South City Corporation (Gba),18,Viswamanava Kuvempu Ward,0,,0,0,,0,0,0,karnataka
305852,3321020,Bengaluru South City Corporation (Gba),3,Yarab nagar,0,,0,0,,0,0,0,karnataka
305852,3321063,Bengaluru South City Corporation (Gba),46,Yelachenahalli,0,,0,0,,0,0,0,karnataka
305852,3321054,Bengaluru South City Corporation (Gba),37,Yelenahalli,0,,0,0,,0,0,0,karnataka
305854,3321246,Bengaluru West City Corporation (Gba),85,Adi Chunchanagiri Ward,0,,0,0,,0,0,0,karnataka
305854,3321230,Bengaluru West City Corporation (Gba),69,Agrahara Dasarahalli,0,,0,0,,0,0,0,karnataka
305854,3321173,Bengaluru West City Corporation (Gba),12,Andrahalli,0,,0,0,,0,0,0,karnataka
305854,3321239,Bengaluru West City Corporation (Gba),78,Anubhava Nagara,0,,0,0,,0,0,0,karnataka
305854,3321210,Bengaluru West City Corporation (Gba),49,Aramane Nagara,0,,0,0,,0,0,0,karnataka
305854,3321259,Bengaluru West City Corporation (Gba),98,Ashoka Nagara,0,,0,0,,0,0,0,karnataka
305854,3321243,Bengaluru West City Corporation (Gba),82,Attigupe,0,,0,0,,0,0,0,karnataka
305854,3321254,Bengaluru West City Corporation (Gba),93,Avalahalli,0,,0,0,,0,0,0,karnataka
305854,3321220,Bengaluru West City Corporation (Gba),59,Bandi Reddy Circle Ward,0,,0,0,,0,0,0,karnataka
305854,3321183,Bengaluru West City Corporation (Gba),22,Bangarappa Nagara,0,,0,0,,0,0,0,karnataka
305854,3321250,Bengaluru West City Corporation (Gba),89,Bapuji Nagara,0,,0,0,,0,0,0,karnataka
305854,3321228,Bengaluru West City Corporation (Gba),67,Basaveshwara Nagara,0,,0,0,,0,0,0,karnataka
305854,3321176,Bengaluru West City Corporation (Gba),15,Byadarahalli,0,,0,0,,0,0,0,karnataka
305854,3321241,Bengaluru West City Corporation (Gba),80,Chandra Layout,0,,0,0,,0,0,0,karnataka
305854,3321271,Bengaluru West City Corporation (Gba),110,Chikkalasandra,0,,0,0,,0,0,0,karnataka
305854,3321163,Bengaluru West City Corporation (Gba),2,Chokkasandra,0,,0,0,,0,0,0,karnataka
305854,3321190,Bengaluru West City Corporation (Gba),29,Chowdeshwari Nagar,0,,0,0,,0,0,0,karnataka
305854,3321222,Bengaluru West City Corporation (Gba),61,Da.Ra. Bendre Ward,0,,0,0,,0,0,0,karnataka
305854,3321219,Bengaluru West City Corporation (Gba),58,Dayanand Nagara,0,,0,0,,0,0,0,karnataka
305854,3321255,Bengaluru West City Corporation (Gba),94,Deepanjali Nagara,0,,0,0,,0,0,0,karnataka
305854,3321267,Bengaluru West City Corporation (Gba),106,Devagiri Temple Ward,0,,0,0,,0,0,0,karnataka
305854,3321268,Bengaluru West City Corporation (Gba),107,Dharmagiri Ward,0,,0,0,,0,0,0,karnataka
305854,3321172,Bengaluru West City Corporation (Gba),11,Dodda Bidarakallu,0,,0,0,,0,0,0,karnataka
305854,3321198,Bengaluru West City Corporation (Gba),37,Dr. Puneeth Rajkumar Ward,0,,0,0,,0,0,0,karnataka
305854,3321231,Bengaluru West City Corporation (Gba),70,Dr Rajkumar Ward,0,,0,0,,0,0,0,karnataka
305854,3321234,Bengaluru West City Corporation (Gba),73,Dr. Vishnuvardhan Ward,0,,0,0,,0,0,0,karnataka
305854,3321192,Bengaluru West City Corporation (Gba),31,Freedom Fighter Ward,0,,0,0,,0,0,0,karnataka
305854,3321252,Bengaluru West City Corporation (Gba),91,Gali Anjaneya Temple Ward,0,,0,0,,0,0,0,karnataka
305854,3321269,Bengaluru West City Corporation (Gba),108,Ganesh Mandira Ward,0,,0,0,,0,0,0,karnataka
305854,3321217,Bengaluru West City Corporation (Gba),56,Gayathri Nagara,0,,0,0,,0,0,0,karnataka
305854,3321196,Bengaluru West City Corporation (Gba),35,Goraguntepalya,0,,0,0,,0,0,0,karnataka
305854,3321244,Bengaluru West City Corporation (Gba),83,Hampi Nagar,0,,0,0,,0,0,0,karnataka
305854,3321263,Bengaluru West City Corporation (Gba),102,Hanumanthanagar,0,,0,0,,0,0,0,karnataka
305854,3321169,Bengaluru West City Corporation (Gba),8,Hegganahalli,0,,0,0,,0,0,0,karnataka
305854,3321175,Bengaluru West City Corporation (Gba),14,Herohalli,0,,0,0,,0,0,0,karnataka
305854,3321245,Bengaluru West City Corporation (Gba),84,Hosahalli,0,,0,0,,0,0,0,karnataka
305854,3321273,Bengaluru West City Corporation (Gba),112,Hosakerehalli,0,,0,0,,0,0,0,karnataka
305854,3321272,Bengaluru West City Corporation (Gba),111,Ittamadu,0,,0,0,,0,0,0,karnataka
305854,3321200,Bengaluru West City Corporation (Gba),39,Jai Maruthi Nagar,0,,0,0,,0,0,0,karnataka
305854,3321185,Bengaluru West City Corporation (Gba),24,Jnana Bharathi Ward,0,,0,0,,0,0,0,karnataka
305854,3321229,Bengaluru West City Corporation (Gba),68,Kamakshipalya,0,,0,0,,0,0,0,karnataka
305854,3321270,Bengaluru West City Corporation (Gba),109,Kamakya Layout,0,,0,0,,0,0,0,karnataka
305854,3321207,Bengaluru West City Corporation (Gba),46,Kamalanagara,0,,0,0,,0,0,0,karnataka
305854,3321257,Bengaluru West City Corporation (Gba),96,Kathriguppe,0,,0,0,,0,0,0,karnataka
305854,3321233,Bengaluru West City Corporation (Gba),72,Kaveripura,0,,0,0,,0,0,0,karnataka
305854,3321262,Bengaluru West City Corporation (Gba),101,Kempambudhi Ward,0,,0,0,,0,0,0,karnataka
305854,3321191,Bengaluru West City Corporation (Gba),30,Kempegowda Layout,0,,0,0,,0,0,0,karnataka
305854,3321179,Bengaluru West City Corporation (Gba),18,Kengal Hanumanthaiah West,0,,0,0,,0,0,0,karnataka
305854,3321182,Bengaluru West City Corporation (Gba),21,Kengeri,0,,0,0,,0,0,0,karnataka
305854,3321181,Bengaluru West City Corporation (Gba),20,Kengeri Kote ward,0,,0,0,,0,0,0,karnataka
305854,3321204,Bengaluru West City Corporation (Gba),43,Kethamaranahalli,0,,0,0,,0,0,0,karnataka
305854,3321213,Bengaluru West City Corporation (Gba),52,Kodandarampura,0,,0,0,,0,0,0,karnataka
305854,3321189,Bengaluru West City Corporation (Gba),28,Kottegepalya,0,,0,0,,0,0,0,karnataka
305854,3321248,Bengaluru West City Corporation (Gba),87,K.P Agrahara,0,,0,0,,0,0,0,karnataka
305854,3321251,Bengaluru West City Corporation (Gba),90,Krishnadevaraya ward,0,,0,0,,0,0,0,karnataka
305854,3321218,Bengaluru West City Corporation (Gba),57,Kuvempu Ward,0,,0,0,,0,0,0,karnataka
305854,3321193,Bengaluru West City Corporation (Gba),32,Laggere,0,,0,0,,0,0,0,karnataka
305854,3321194,Bengaluru West City Corporation (Gba),33,Lakshmi Devi Nagar,0,,0,0,,0,0,0,karnataka
305854,3321201,Bengaluru West City Corporation (Gba),40,Mahalakshmipuram,0,,0,0,,0,0,0,karnataka
305854,3321187,Bengaluru West City Corporation (Gba),26,Mallathahalli,0,,0,0,,0,0,0,karnataka
305854,3321214,Bengaluru West City Corporation (Gba),53,Malleshwaram,0,,0,0,,0,0,0,karnataka
305854,3321226,Bengaluru West City Corporation (Gba),65,Manjunath Nagara,0,,0,0,,0,0,0,karnataka
305854,3321236,Bengaluru West City Corporation (Gba),75,Marenahalli West,0,,0,0,,0,0,0,karnataka
305854,3321238,Bengaluru West City Corporation (Gba),77,Maruthi Mandira Ward,0,,0,0,,0,0,0,karnataka
305854,3321209,Bengaluru West City Corporation (Gba),48,Mathikere,0,,0,0,,0,0,0,karnataka
305854,3321237,Bengaluru West City Corporation (Gba),76,Moodalapalya,0,,0,0,,0,0,0,karnataka
305854,3321253,Bengaluru West City Corporation (Gba),92,Muneshwara Block,0,,0,0,,0,0,0,karnataka
305854,3321174,Bengaluru West City Corporation (Gba),13,Nada prabhu Kempegowda Nagara,0,,0,0,,0,0,0,karnataka
305854,3321178,Bengaluru West City Corporation (Gba),17,Nagadevanahalli,0,,0,0,,0,0,0,karnataka
305854,3321202,Bengaluru West City Corporation (Gba),41,Nagapura,0,,0,0,,0,0,0,karnataka
305854,3321240,Bengaluru West City Corporation (Gba),79,Nagarbhavi,0,,0,0,,0,0,0,karnataka
305854,3321162,Bengaluru West City Corporation (Gba),1,Nagasandra,0,,0,0,,0,0,0,karnataka
305854,3321197,Bengaluru West City Corporation (Gba),36,Nalwadi Krishnaraja Wadiyar Ward,0,,0,0,,0,0,0,karnataka
305854,3321199,Bengaluru West City Corporation (Gba),38,Nandini Layout,0,,0,0,,0,0,0,karnataka
305854,3321242,Bengaluru West City Corporation (Gba),81,Nayanda Halli,0,,0,0,,0,0,0,karnataka
305854,3321164,Bengaluru West City Corporation (Gba),3,Nelagadaranahalli,0,,0,0,,0,0,0,karnataka
305854,3321264,Bengaluru West City Corporation (Gba),103,N.R Colony,0,,0,0,,0,0,0,karnataka
305854,3321165,Bengaluru West City Corporation (Gba),4,Parvathi Nagar,0,,0,0,,0,0,0,karnataka
305854,3321235,Bengaluru West City Corporation (Gba),74,Pattegar Palya,0,,0,0,,0,0,0,karnataka
305854,3321195,Bengaluru West City Corporation (Gba),34,Peenya,0,,0,0,,0,0,0,karnataka
305854,3321221,Bengaluru West City Corporation (Gba),60,Prakash Nagara,0,,0,0,,0,0,0,karnataka
305854,3321168,Bengaluru West City Corporation (Gba),7,Rajagopala Nagara,0,,0,0,,0,0,0,karnataka
305854,3321224,Bengaluru West City Corporation (Gba),63,Rajajinagara,0,,0,0,,0,0,0,karnataka
305854,3321212,Bengaluru West City Corporation (Gba),51,Rajamahal,0,,0,0,,0,0,0,karnataka
305854,3321203,Bengaluru West City Corporation (Gba),42,Raja Mayura Varma Ward,0,,0,0,,0,0,0,karnataka
305854,3321184,Bengaluru West City Corporation (Gba),23,Rajarajeshwari Nagara,0,,0,0,,0,0,0,karnataka
305854,3321166,Bengaluru West City Corporation (Gba),5,Rajeshwarinagar,0,,0,0,,0,0,0,karnataka
305854,3321223,Bengaluru West City Corporation (Gba),62,Rama Mandira,0,,0,0,,0,0,0,karnataka
305854,3321211,Bengaluru West City Corporation (Gba),50,Sadashiva Nagara,0,,0,0,,0,0,0,karnataka
305854,3321227,Bengaluru West City Corporation (Gba),66,Sane Guruvana Halli,0,,0,0,,0,0,0,karnataka
305854,3321249,Bengaluru West City Corporation (Gba),88,Sangolli Rayanna Ward,0,,0,0,,0,0,0,karnataka
305854,3321206,Bengaluru West City Corporation (Gba),45,Shakthi Ganapathi Nagara,0,,0,0,,0,0,0,karnataka
305854,3321205,Bengaluru West City Corporation (Gba),44,Shankar Mutt,0,,0,0,,0,0,0,karnataka
305854,3321225,Bengaluru West City Corporation (Gba),64,Shivanagara,0,,0,0,,0,0,0,karnataka
305854,3321180,Bengaluru West City Corporation (Gba),19,Shivanapalya,0,,0,0,,0,0,0,karnataka
305854,3321167,Bengaluru West City Corporation (Gba),6,Shivapura,0,,0,0,,0,0,0,karnataka
305854,3321188,Bengaluru West City Corporation (Gba),27,Srigandada Kaval,0,,0,0,,0,0,0,karnataka
305854,3321170,Bengaluru West City Corporation (Gba),9,Srigandhanagar,0,,0,0,,0,0,0,karnataka
305854,3321261,Bengaluru West City Corporation (Gba),100,Srinagar,0,,0,0,,0,0,0,karnataka
305854,3321258,Bengaluru West City Corporation (Gba),97,Srinivasa Nagara,0,,0,0,,0,0,0,karnataka
305854,3321215,Bengaluru West City Corporation (Gba),54,Subedarpalya,0,,0,0,,0,0,0,karnataka
305854,3321216,Bengaluru West City Corporation (Gba),55,Subramanyanagara,0,,0,0,,0,0,0,karnataka
305854,3321171,Bengaluru West City Corporation (Gba),10,Sunkadakatte,0,,0,0,,0,0,0,karnataka
305854,3321256,Bengaluru West City Corporation (Gba),95,Swamy Vivekananda Ward,0,,0,0,,0,0,0,karnataka
305854,3321232,Bengaluru West City Corporation (Gba),71,Thimmenahalli,0,,0,0,,0,0,0,karnataka
305854,3321265,Bengaluru West City Corporation (Gba),104,Thyagarajnagar,0,,0,0,,0,0,0,karnataka
305854,3321260,Bengaluru West City Corporation (Gba),99,T.R Shamanna Nagar,0,,0,0,,0,0,0,karnataka
305854,3321177,Bengaluru West City Corporation (Gba),16,Ullal,0,,0,0,,0,0,0,karnataka
305854,3321247,Bengaluru West City Corporation (Gba),86,Vidyaranyanagara,0,,0,0,,0,0,0,karnataka
305854,3321186,Bengaluru West City Corporation (Gba),25,Vinayaka Layout,0,,0,0,,0,0,0,karnataka
305854,3321208,Bengaluru West City Corporation (Gba),47,Vrishabhavathi Nagar,0,,0,0,,0,0,0,karnataka
305854,3321266,Bengaluru West City Corporation (Gba),105,Yediyuru,0,,0,0,,0,0,0,karnataka
251952,61527,Bhadravati,1,Bhadravati (Cmc) - Ward No.1,0,,0,0,,0,0,0,karnataka
251952,61536,Bhadravati,10,Bhadravati (Cmc) - Ward No.10,0,,0,0,,0,0,0,karnataka
251952,61537,Bhadravati,11,Bhadravati (Cmc) - Ward No.11,0,,0,0,,0,0,0,karnataka
251952,61538,Bhadravati,12,Bhadravati (Cmc) - Ward No.12,0,,0,0,,0,0,0,karnataka
251952,61539,Bhadravati,13,Bhadravati (Cmc) - Ward No.13,0,,0,0,,0,0,0,karnataka
251952,61540,Bhadravati,14,Bhadravati (Cmc) - Ward No.14,0,,0,0,,0,0,0,karnataka
251952,61541,Bhadravati,15,Bhadravati (Cmc) - Ward No.15,0,,0,0,,0,0,0,karnataka
251952,61542,Bhadravati,16,Bhadravati (Cmc) - Ward No.16,0,,0,0,,0,0,0,karnataka
251952,61543,Bhadravati,17,Bhadravati (Cmc) - Ward No.17,0,,0,0,,0,0,0,karnataka
251952,61544,Bhadravati,18,Bhadravati (Cmc) - Ward No.18,0,,0,0,,0,0,0,karnataka
251952,61545,Bhadravati,19,Bhadravati (Cmc) - Ward No.19,0,,0,0,,0,0,0,karnataka
251952,61528,Bhadravati,2,Bhadravati (Cmc) - Ward No.2,0,,0,0,,0,0,0,karnataka
251952,61546,Bhadravati,20,Bhadravati (Cmc) - Ward No.20,0,,0,0,,0,0,0,karnataka
251952,61547,Bhadravati,21,Bhadravati (Cmc) - Ward No.21,0,,0,0,,0,0,0,karnataka
251952,61548,Bhadravati,22,Bhadravati (Cmc) - Ward No.22,0,,0,0,,0,0,0,karnataka
251952,61549,Bhadravati,23,Bhadravati (Cmc) - Ward No.23,0,,0,0,,0,0,0,karnataka
251952,61550,Bhadravati,24,Bhadravati (Cmc) - Ward No.24,0,,0,0,,0,0,0,karnataka
251952,61551,Bhadravati,25,Bhadravati (Cmc) - Ward No.25,0,,0,0,,0,0,0,karnataka
251952,61552,Bhadravati,26,Bhadravati (Cmc) - Ward No.26,0,,0,0,,0,0,0,karnataka
251952,61553,Bhadravati,27,Bhadravati (Cmc) - Ward No.27,0,,0,0,,0,0,0,karnataka
251952,61554,Bhadravati,28,Bhadravati (Cmc) - Ward No.28,0,,0,0,,0,0,0,karnataka
251952,61555,Bhadravati,29,Bhadravati (Cmc) - Ward No.29,0,,0,0,,0,0,0,karnataka
251952,61529,Bhadravati,3,Bhadravati (Cmc) - Ward No.3,0,,0,0,,0,0,0,karnataka
251952,61556,Bhadravati,30,Bhadravati (Cmc) - Ward No.30,0,,0,0,,0,0,0,karnataka
251952,61557,Bhadravati,31,Bhadravati (Cmc) - Ward No.31,0,,0,0,,0,0,0,karnataka
251952,61558,Bhadravati,32,Bhadravati (Cmc) - Ward No.32,0,,0,0,,0,0,0,karnataka
251952,61559,Bhadravati,33,Bhadravati (Cmc) - Ward No.33,0,,0,0,,0,0,0,karnataka
251952,61560,Bhadravati,34,Bhadravati (Cmc) - Ward No.34,0,,0,0,,0,0,0,karnataka
251952,61561,Bhadravati,35,Bhadravati (Cmc) - Ward No.35,0,,0,0,,0,0,0,karnataka
251952,61530,Bhadravati,4,Bhadravati (Cmc) - Ward No.4,0,,0,0,,0,0,0,karnataka
251952,61531,Bhadravati,5,Bhadravati (Cmc) - Ward No.5,0,,0,0,,0,0,0,karnataka
251952,61532,Bhadravati,6,Bhadravati (Cmc) - Ward No.6,0,,0,0,,0,0,0,karnataka
251952,61533,Bhadravati,7,Bhadravati (Cmc) - Ward No.7,0,,0,0,,0,0,0,karnataka
251952,61534,Bhadravati,8,Bhadravati (Cmc) - Ward No.8,0,,0,0,,0,0,0,karnataka
251952,61535,Bhadravati,9,Bhadravati (Cmc) - Ward No.9,0,,0,0,,0,0,0,karnataka
276604,1296253,Bhagyanagara,1,Ward-1,0,,0,0,,0,929055,0,karnataka
276604,1296253,Bhagyanagara,1,Ward-1,0,,0,0,,0,929055,0,karnataka
276604,1296262,Bhagyanagara,10,Ward-10,0,,0,0,,0,929055,0,karnataka
276604,1296262,Bhagyanagara,10,Ward-10,0,,0,0,,0,929055,0,karnataka
276604,1296263,Bhagyanagara,11,Ward-11,0,,0,0,,0,929055,0,karnataka
276604,1296263,Bhagyanagara,11,Ward-11,0,,0,0,,0,929055,0,karnataka
276604,1296264,Bhagyanagara,12,Ward-12,0,,0,0,,0,929055,0,karnataka
276604,1296264,Bhagyanagara,12,Ward-12,0,,0,0,,0,929055,0,karnataka
276604,1296265,Bhagyanagara,13,Ward-13,543,Koppal,560,5467,Koppal,5467,0,0,karnataka
276604,1296265,Bhagyanagara,13,Ward-13,543,Koppal,560,5467,Koppal,5467,0,0,karnataka
276604,1296266,Bhagyanagara,14,Ward-14,543,Koppal,560,5467,Koppal,5467,0,0,karnataka
276604,1296266,Bhagyanagara,14,Ward-14,543,Koppal,560,5467,Koppal,5467,0,0,karnataka
276604,1296267,Bhagyanagara,15,Ward-15,543,Koppal,560,5467,Koppal,5467,0,0,karnataka
276604,1296267,Bhagyanagara,15,Ward-15,543,Koppal,560,5467,Koppal,5467,0,0,karnataka
276604,1296268,Bhagyanagara,16,Ward-16,0,,0,0,,0,929055,0,karnataka
276604,1296268,Bhagyanagara,16,Ward-16,0,,0,0,,0,929055,0,karnataka
276604,1296269,Bhagyanagara,17,Ward-17,543,Koppal,560,5467,Koppal,5467,0,0,karnataka
276604,1296269,Bhagyanagara,17,Ward-17,543,Koppal,560,5467,Koppal,5467,0,0,karnataka
276604,1296270,Bhagyanagara,18,Ward-18,543,Koppal,560,5467,Koppal,5467,0,0,karnataka
276604,1296270,Bhagyanagara,18,Ward-18,543,Koppal,560,5467,Koppal,5467,0,0,karnataka
276604,1296271,Bhagyanagara,19,Ward-19,0,,0,0,,0,929055,0,karnataka
276604,1296271,Bhagyanagara,19,Ward-19,0,,0,0,,0,929055,0,karnataka
276604,1296254,Bhagyanagara,2,Ward-2,0,,0,0,,0,929055,0,karnataka
276604,1296254,Bhagyanagara,2,Ward-2,0,,0,0,,0,929055,0,karnataka
276604,1296255,Bhagyanagara,3,Ward-3,0,,0,0,,0,0,0,karnataka
276604,1296256,Bhagyanagara,4,Ward-4,0,,0,0,,0,929055,0,karnataka
276604,1296256,Bhagyanagara,4,Ward-4,0,,0,0,,0,929055,0,karnataka
276604,1296257,Bhagyanagara,5,Ward-5,543,Koppal,560,5467,Koppal,5467,0,0,karnataka
276604,1296257,Bhagyanagara,5,Ward-5,543,Koppal,560,5467,Koppal,5467,0,0,karnataka
276604,1296258,Bhagyanagara,6,Ward-6,0,,0,0,,0,929055,0,karnataka
276604,1296258,Bhagyanagara,6,Ward-6,0,,0,0,,0,929055,0,karnataka
276604,1296259,Bhagyanagara,7,Ward-7,543,Koppal,560,5467,Koppal,5467,0,0,karnataka
276604,1296259,Bhagyanagara,7,Ward-7,543,Koppal,560,5467,Koppal,5467,0,0,karnataka
276604,1296260,Bhagyanagara,8,Ward-8,0,,0,0,,0,0,0,karnataka
276604,1296261,Bhagyanagara,9,Ward-9,0,,0,0,,0,0,0,karnataka
251865,63739,Bhalki,1,Bhalki (TMC) - Ward No.1,0,,0,0,,0,0,0,karnataka
251865,63748,Bhalki,10,Bhalki (TMC) - Ward No.10,0,,0,0,,0,0,0,karnataka
251865,63749,Bhalki,11,Bhalki (TMC) - Ward No.11,0,,0,0,,0,0,0,karnataka
251865,63750,Bhalki,12,Bhalki (TMC) - Ward No.12,0,,0,0,,0,0,0,karnataka
251865,63751,Bhalki,13,Bhalki (TMC) - Ward No.13,0,,0,0,,0,0,0,karnataka
251865,63752,Bhalki,14,Bhalki (TMC) - Ward No.14,0,,0,0,,0,0,0,karnataka
251865,63753,Bhalki,15,Bhalki (TMC) - Ward No.15,0,,0,0,,0,0,0,karnataka
251865,63754,Bhalki,16,Bhalki (TMC) - Ward No.16,0,,0,0,,0,0,0,karnataka
251865,63755,Bhalki,17,Bhalki (TMC) - Ward No.17,0,,0,0,,0,0,0,karnataka
251865,63756,Bhalki,18,Bhalki (TMC) - Ward No.18,0,,0,0,,0,0,0,karnataka
251865,63757,Bhalki,19,Bhalki (TMC) - Ward No.19,0,,0,0,,0,0,0,karnataka
251865,63740,Bhalki,2,Bhalki (TMC) - Ward No.2,0,,0,0,,0,0,0,karnataka
251865,63758,Bhalki,20,Bhalki (TMC) - Ward No.20,0,,0,0,,0,0,0,karnataka
251865,63759,Bhalki,21,Bhalki (TMC) - Ward No.21,0,,0,0,,0,0,0,karnataka
251865,63760,Bhalki,22,Bhalki (TMC) - Ward No.22,0,,0,0,,0,0,0,karnataka
251865,63761,Bhalki,23,Bhalki (TMC) - Ward No.23,0,,0,0,,0,0,0,karnataka
251865,1884767,Bhalki,24,Bhalki (TMC) - Ward no.24,0,,0,0,,0,0,0,karnataka
251865,1884768,Bhalki,25,Bhalki (TMC) - Ward no.25,0,,0,0,,0,0,0,karnataka
251865,1884769,Bhalki,26,Bhalki (TMC) - Ward no.26,0,,0,0,,0,0,0,karnataka
251865,1884770,Bhalki,27,Bhalki (TMC) - Ward no.27,0,,0,0,,0,0,0,karnataka
251865,63741,Bhalki,3,Bhalki (TMC) - Ward No.3,0,,0,0,,0,0,0,karnataka
251865,63742,Bhalki,4,Bhalki (TMC) - Ward No.4,0,,0,0,,0,0,0,karnataka
251865,63743,Bhalki,5,Bhalki (TMC) - Ward No.5,0,,0,0,,0,0,0,karnataka
251865,63744,Bhalki,6,Bhalki (TMC) - Ward No.6,0,,0,0,,0,0,0,karnataka
251865,63745,Bhalki,7,Bhalki (TMC) - Ward No.7,0,,0,0,,0,0,0,karnataka
251865,63746,Bhalki,8,Bhalki (TMC) - Ward No.8,0,,0,0,,0,0,0,karnataka
251865,63747,Bhalki,9,Bhalki (TMC) - Ward No.9,0,,0,0,,0,0,0,karnataka
251911,29993,Bhatkal,1,Bhatkal (TMC) - Ward No.1,0,,0,0,,0,0,0,karnataka
251911,30002,Bhatkal,10,Bhatkal (TMC) - Ward No.10,0,,0,0,,0,0,0,karnataka
251911,30003,Bhatkal,11,Bhatkal (TMC) - Ward No.11,0,,0,0,,0,0,0,karnataka
251911,30004,Bhatkal,12,Bhatkal (TMC) - Ward No.12,0,,0,0,,0,0,0,karnataka
251911,30005,Bhatkal,13,Bhatkal (TMC) - Ward No.13,0,,0,0,,0,0,0,karnataka
251911,30006,Bhatkal,14,Bhatkal (TMC) - Ward No.14,0,,0,0,,0,0,0,karnataka
251911,30007,Bhatkal,15,Bhatkal (TMC) - Ward No.15,0,,0,0,,0,0,0,karnataka
251911,30008,Bhatkal,16,Bhatkal (TMC) - Ward No.16,0,,0,0,,0,0,0,karnataka
251911,30009,Bhatkal,17,Bhatkal (TMC) - Ward No.17,0,,0,0,,0,0,0,karnataka
251911,30010,Bhatkal,18,Bhatkal (TMC) - Ward No.18,0,,0,0,,0,0,0,karnataka
251911,30011,Bhatkal,19,Bhatkal (TMC) - Ward No.19,0,,0,0,,0,0,0,karnataka
251911,29994,Bhatkal,2,Bhatkal (TMC) - Ward No.2,0,,0,0,,0,0,0,karnataka
251911,30012,Bhatkal,20,Bhatkal (TMC) - Ward No.20,0,,0,0,,0,0,0,karnataka
251911,30013,Bhatkal,21,Bhatkal (TMC) - Ward No.21,0,,0,0,,0,0,0,karnataka
251911,30014,Bhatkal,22,Bhatkal (TMC) - Ward No.22,0,,0,0,,0,0,0,karnataka
251911,30015,Bhatkal,23,Bhatkal (TMC) - Ward No.23,0,,0,0,,0,0,0,karnataka
251911,29995,Bhatkal,3,Bhatkal (TMC) - Ward No.3,0,,0,0,,0,0,0,karnataka
251911,29996,Bhatkal,4,Bhatkal (TMC) - Ward No.4,0,,0,0,,0,0,0,karnataka
251911,29997,Bhatkal,5,Bhatkal (TMC) - Ward No.5,0,,0,0,,0,0,0,karnataka
251911,29998,Bhatkal,6,Bhatkal (TMC) - Ward No.6,0,,0,0,,0,0,0,karnataka
251911,29999,Bhatkal,7,Bhatkal (TMC) - Ward No.7,0,,0,0,,0,0,0,karnataka
251911,30000,Bhatkal,8,Bhatkal (TMC) - Ward No.8,0,,0,0,,0,0,0,karnataka
251911,30001,Bhatkal,9,Bhatkal (TMC) - Ward No.9,0,,0,0,,0,0,0,karnataka
251860,63711,Bhimarayanagudi,1,Bhimarayanagudi (Nac) - Ward No.1,0,,0,0,,0,0,0,karnataka
251860,2443201,Bhimarayanagudi,2,Bhimarayanagudi (Nac) - Ward No.2,0,,0,0,,0,0,0,karnataka
251860,2443202,Bhimarayanagudi,3,Bhimarayanagudi (Nac) - Ward No.3,0,,0,0,,0,0,0,karnataka
251860,2443203,Bhimarayanagudi,4,Bhimarayanagudi (Nac) - Ward No.4,0,,0,0,,0,0,0,karnataka
251860,2443204,Bhimarayanagudi,5,Bhimarayanagudi (Nac) - Ward No.5,0,,0,0,,0,0,0,karnataka
276526,1293472,Bidadi,1,Ward No.1,0,,0,0,,0,0,0,karnataka
276526,1293481,Bidadi,10,Ward No.10,0,,0,0,,0,0,0,karnataka
276526,1293482,Bidadi,11,Ward No.11,0,,0,0,,0,0,0,karnataka
276526,1293483,Bidadi,12,Ward No.12,0,,0,0,,0,0,0,karnataka
276526,1293484,Bidadi,13,Ward No.13,0,,0,0,,0,0,0,karnataka
276526,1293485,Bidadi,14,Ward No.14,0,,0,0,,0,0,0,karnataka
276526,1293486,Bidadi,15,Ward No.15,0,,0,0,,0,0,0,karnataka
276526,1293487,Bidadi,16,Ward No.16,0,,0,0,,0,0,0,karnataka
276526,1293488,Bidadi,17,Ward No.17,0,,0,0,,0,0,0,karnataka
276526,1293489,Bidadi,18,Ward No.18,0,,0,0,,0,0,0,karnataka
276526,1293490,Bidadi,19,Ward No.19,0,,0,0,,0,0,0,karnataka
276526,1293473,Bidadi,2,Ward No.2,0,,0,0,,0,0,0,karnataka
276526,1293491,Bidadi,20,Ward No.20,0,,0,0,,0,0,0,karnataka
276526,1293492,Bidadi,21,Ward No.21,0,,0,0,,0,0,0,karnataka
276526,1293493,Bidadi,22,Ward No.22,0,,0,0,,0,0,0,karnataka
276526,1293494,Bidadi,23,Ward No.23,0,,0,0,,0,0,0,karnataka
276526,1293474,Bidadi,3,Ward No.3,0,,0,0,,0,0,0,karnataka
276526,1293475,Bidadi,4,Ward No.4,0,,0,0,,0,0,0,karnataka
276526,1293476,Bidadi,5,Ward No.5,0,,0,0,,0,0,0,karnataka
276526,1293477,Bidadi,6,Ward No.6,0,,0,0,,0,0,0,karnataka
276526,1293478,Bidadi,7,Ward No.7,0,,0,0,,0,0,0,karnataka
276526,1293479,Bidadi,8,Ward No.8,0,,0,0,,0,0,0,karnataka
276526,1293480,Bidadi,9,Ward No.9,0,,0,0,,0,0,0,karnataka
251867,27422,Bidar,1,Bidar (Cmc) - Ward No.1,0,,0,0,,0,0,0,karnataka
251867,27431,Bidar,10,Bidar (Cmc) - Ward No.10,0,,0,0,,0,0,0,karnataka
251867,27432,Bidar,11,Bidar (Cmc) - Ward No.11,0,,0,0,,0,0,0,karnataka
251867,27433,Bidar,12,Bidar (Cmc) - Ward No.12,0,,0,0,,0,0,0,karnataka
251867,27531,Bidar,13,Bidar (Cmc) - Ward No.13,0,,0,0,,0,0,0,karnataka
251867,27532,Bidar,14,Bidar (Cmc) - Ward No.14,0,,0,0,,0,0,0,karnataka
251867,27533,Bidar,15,Bidar (Cmc) - Ward No.15,0,,0,0,,0,0,0,karnataka
251867,27534,Bidar,16,Bidar (Cmc) - Ward No.16,0,,0,0,,0,0,0,karnataka
251867,27535,Bidar,17,Bidar (Cmc) - Ward No.17,0,,0,0,,0,0,0,karnataka
251867,27536,Bidar,18,Bidar (Cmc) - Ward No.18,0,,0,0,,0,0,0,karnataka
251867,27537,Bidar,19,Bidar (Cmc) - Ward No.19,0,,0,0,,0,0,0,karnataka
251867,27423,Bidar,2,Bidar (Cmc) - Ward No.2,0,,0,0,,0,0,0,karnataka
251867,27538,Bidar,20,Bidar (Cmc) - Ward No.20,0,,0,0,,0,0,0,karnataka
251867,27539,Bidar,21,Bidar (Cmc) - Ward No.21,0,,0,0,,0,0,0,karnataka
251867,27540,Bidar,22,Bidar (Cmc) - Ward No.22,0,,0,0,,0,0,0,karnataka
251867,27541,Bidar,23,Bidar (Cmc) - Ward No.23,0,,0,0,,0,0,0,karnataka
251867,27542,Bidar,24,Bidar (Cmc) - Ward No.24,0,,0,0,,0,0,0,karnataka
251867,27543,Bidar,25,Bidar (Cmc) - Ward No.25,0,,0,0,,0,0,0,karnataka
251867,27544,Bidar,26,Bidar (Cmc) - Ward No.26,0,,0,0,,0,0,0,karnataka
251867,27545,Bidar,27,Bidar (Cmc) - Ward No.27,0,,0,0,,0,0,0,karnataka
251867,27546,Bidar,28,Bidar (Cmc) - Ward No.28,0,,0,0,,0,0,0,karnataka
251867,27547,Bidar,29,Bidar (Cmc) - Ward No.29,0,,0,0,,0,0,0,karnataka
251867,27424,Bidar,3,Bidar (Cmc) - Ward No.3,0,,0,0,,0,0,0,karnataka
251867,27548,Bidar,30,Bidar (Cmc) - Ward No.30,0,,0,0,,0,0,0,karnataka
251867,27549,Bidar,31,Bidar (Cmc) - Ward No.31,0,,0,0,,0,0,0,karnataka
251867,27550,Bidar,32,Bidar (Cmc) - Ward No.32,0,,0,0,,0,0,0,karnataka
251867,27551,Bidar,33,Bidar (Cmc) - Ward No.33,0,,0,0,,0,0,0,karnataka
251867,27552,Bidar,34,Bidar (Cmc) - Ward No.34,0,,0,0,,0,0,0,karnataka
251867,27553,Bidar,35,Bidar (Cmc) - Ward No.35,0,,0,0,,0,0,0,karnataka
251867,27425,Bidar,4,Bidar (Cmc) - Ward No.4,0,,0,0,,0,0,0,karnataka
251867,27426,Bidar,5,Bidar (Cmc) - Ward No.5,0,,0,0,,0,0,0,karnataka
251867,27427,Bidar,6,Bidar (Cmc) - Ward No.6,0,,0,0,,0,0,0,karnataka
251867,27428,Bidar,7,Bidar (Cmc) - Ward No.7,0,,0,0,,0,0,0,karnataka
251867,27429,Bidar,8,Bidar (Cmc) - Ward No.8,0,,0,0,,0,0,0,karnataka
251867,27430,Bidar,9,Bidar (Cmc) - Ward No.9,0,,0,0,,0,0,0,karnataka
251834,1724008,Bilgi,14,Bilgi (TP) -Ward 14,0,,0,0,,0,0,0,karnataka
251834,1724009,Bilgi,15,Bilgi (TP) -Ward 15,0,,0,0,,0,0,0,karnataka
251834,1724010,Bilgi,16,Bilgi (TP) -Ward 16,0,,0,0,,0,0,0,karnataka
251834,1724011,Bilgi,17,Bilgi (TP) -Ward 17,0,,0,0,,0,0,0,karnataka
251834,1724012,Bilgi,18,Bilgi (TP) -Ward 18,0,,0,0,,0,0,0,karnataka
251834,26069,Bilgi,1,Bilgi (TP) - Ward No.1,0,,0,0,,0,0,0,karnataka
251834,26078,Bilgi,10,Bilgi (TP) - Ward No.10,0,,0,0,,0,0,0,karnataka
251834,26079,Bilgi,11,Bilgi (TP) - Ward No.11,0,,0,0,,0,0,0,karnataka
251834,26080,Bilgi,12,Bilgi (TP) - Ward No.12,0,,0,0,,0,0,0,karnataka
251834,26081,Bilgi,13,Bilgi (TP) - Ward No.13,0,,0,0,,0,0,0,karnataka
251834,26070,Bilgi,2,Bilgi (TP) - Ward No.2,0,,0,0,,0,0,0,karnataka
251834,26071,Bilgi,3,Bilgi (TP) - Ward No.3,0,,0,0,,0,0,0,karnataka
251834,26072,Bilgi,4,Bilgi (TP) - Ward No.4,0,,0,0,,0,0,0,karnataka
251834,26073,Bilgi,5,Bilgi (TP) - Ward No.5,0,,0,0,,0,0,0,karnataka
251834,26074,Bilgi,6,Bilgi (TP) - Ward No.6,0,,0,0,,0,0,0,karnataka
251834,26075,Bilgi,7,Bilgi (TP) - Ward No.7,0,,0,0,,0,0,0,karnataka
251834,26076,Bilgi,8,Bilgi (TP) - Ward No.8,0,,0,0,,0,0,0,karnataka
251834,26077,Bilgi,9,Bilgi (TP) - Ward No.9,0,,0,0,,0,0,0,karnataka
251963,32421,Birur,1,Birur (TMC) - Ward No.1,0,,0,0,,0,0,0,karnataka
251963,32430,Birur,10,Birur (TMC) - Ward No.10,0,,0,0,,0,0,0,karnataka
251963,32431,Birur,11,Birur (TMC) - Ward No.11,0,,0,0,,0,0,0,karnataka
251963,32432,Birur,12,Birur (TMC) - Ward No.12,0,,0,0,,0,0,0,karnataka
251963,32433,Birur,13,Birur (TMC) - Ward No.13,0,,0,0,,0,0,0,karnataka
251963,32434,Birur,14,Birur (TMC) - Ward No.14,0,,0,0,,0,0,0,karnataka
251963,32435,Birur,15,Birur (TMC) - Ward No.15,0,,0,0,,0,0,0,karnataka
251963,32436,Birur,16,Birur (TMC) - Ward No.16,0,,0,0,,0,0,0,karnataka
251963,32437,Birur,17,Birur (TMC) - Ward No.17,0,,0,0,,0,0,0,karnataka
251963,32438,Birur,18,Birur (TMC) - Ward No.18,0,,0,0,,0,0,0,karnataka
251963,32439,Birur,19,Birur (TMC) - Ward No.19,0,,0,0,,0,0,0,karnataka
251963,32422,Birur,2,Birur (TMC) - Ward No.2,0,,0,0,,0,0,0,karnataka
251963,32440,Birur,20,Birur (TMC) - Ward No.20,0,,0,0,,0,0,0,karnataka
251963,32441,Birur,21,Birur (TMC) - Ward No.21,0,,0,0,,0,0,0,karnataka
251963,32442,Birur,22,Birur (TMC) - Ward No.22,0,,0,0,,0,0,0,karnataka
251963,32443,Birur,23,Birur (TMC) - Ward No.23,0,,0,0,,0,0,0,karnataka
251963,32423,Birur,3,Birur (TMC) - Ward No.3,0,,0,0,,0,0,0,karnataka
251963,32424,Birur,4,Birur (TMC) - Ward No.4,0,,0,0,,0,0,0,karnataka
251963,32425,Birur,5,Birur (TMC) - Ward No.5,0,,0,0,,0,0,0,karnataka
251963,32426,Birur,6,Birur (TMC) - Ward No.6,0,,0,0,,0,0,0,karnataka
251963,32427,Birur,7,Birur (TMC) - Ward No.7,0,,0,0,,0,0,0,karnataka
251963,32428,Birur,8,Birur (TMC) - Ward No.8,0,,0,0,,0,0,0,karnataka
251963,32429,Birur,9,Birur (TMC) - Ward No.9,0,,0,0,,0,0,0,karnataka
276537,1296048,Bommasandra,1,Ward No. 1,525,Bengaluru Urban,572,5545,Anekal,5545,0,0,karnataka
276537,1296048,Bommasandra,1,Ward No. 1,525,Bengaluru Urban,572,5545,Anekal,5545,0,0,karnataka
276537,1296057,Bommasandra,10,Ward No.10,525,Bengaluru Urban,572,5545,Anekal,5545,0,0,karnataka
276537,1296057,Bommasandra,10,Ward No.10,525,Bengaluru Urban,572,5545,Anekal,5545,0,0,karnataka
276537,1296058,Bommasandra,11,Ward No.11,0,,0,0,,0,928704,0,karnataka
276537,1296058,Bommasandra,11,Ward No.11,0,,0,0,,0,928704,0,karnataka
276537,1296059,Bommasandra,12,Ward No.12,0,,0,0,,0,928704,0,karnataka
276537,1296059,Bommasandra,12,Ward No.12,0,,0,0,,0,928704,0,karnataka
276537,1296060,Bommasandra,13,Ward No.13,525,Bengaluru Urban,572,5545,Anekal,5545,0,0,karnataka
276537,1296060,Bommasandra,13,Ward No.13,525,Bengaluru Urban,572,5545,Anekal,5545,0,0,karnataka
276537,1296061,Bommasandra,14,Ward No.14,525,Bengaluru Urban,572,5545,Anekal,5545,0,0,karnataka
276537,1296061,Bommasandra,14,Ward No.14,525,Bengaluru Urban,572,5545,Anekal,5545,0,0,karnataka
276537,1296062,Bommasandra,15,Ward No.15,525,Bengaluru Urban,572,5545,Anekal,5545,0,0,karnataka
276537,1296062,Bommasandra,15,Ward No.15,525,Bengaluru Urban,572,5545,Anekal,5545,0,0,karnataka
276537,1296063,Bommasandra,16,Ward No.16,0,,0,0,,0,928704,0,karnataka
276537,1296063,Bommasandra,16,Ward No.16,0,,0,0,,0,928704,0,karnataka
276537,1296064,Bommasandra,17,Ward No.17,525,Bengaluru Urban,572,5545,Anekal,5545,0,0,karnataka
276537,1296064,Bommasandra,17,Ward No.17,525,Bengaluru Urban,572,5545,Anekal,5545,0,0,karnataka
276537,1296065,Bommasandra,18,Ward No.18,525,Bengaluru Urban,572,5545,Anekal,5545,0,0,karnataka
276537,1296065,Bommasandra,18,Ward No.18,525,Bengaluru Urban,572,5545,Anekal,5545,0,0,karnataka
276537,1296066,Bommasandra,19,Ward No.19,0,,0,0,,0,928704,0,karnataka
276537,1296066,Bommasandra,19,Ward No.19,0,,0,0,,0,928704,0,karnataka
276537,1296049,Bommasandra,2,Ward No. 2,0,,0,0,,0,928704,0,karnataka
276537,1296049,Bommasandra,2,Ward No. 2,0,,0,0,,0,928704,0,karnataka
276537,1296067,Bommasandra,20,Ward No. 20,525,Bengaluru Urban,572,5545,Anekal,5545,0,0,karnataka
276537,1296067,Bommasandra,20,Ward No. 20,525,Bengaluru Urban,572,5545,Anekal,5545,0,0,karnataka
276537,1296068,Bommasandra,21,Ward No.21,0,,0,0,,0,928704,0,karnataka
276537,1296068,Bommasandra,21,Ward No.21,0,,0,0,,0,928704,0,karnataka
276537,1296069,Bommasandra,22,Ward No.22,525,Bengaluru Urban,572,5545,Anekal,5545,0,0,karnataka
276537,1296069,Bommasandra,22,Ward No.22,525,Bengaluru Urban,572,5545,Anekal,5545,0,0,karnataka
276537,1296070,Bommasandra,23,Ward No.23,525,Bengaluru Urban,572,5545,Anekal,5545,0,0,karnataka
276537,1296070,Bommasandra,23,Ward No.23,525,Bengaluru Urban,572,5545,Anekal,5545,0,0,karnataka
276537,1296050,Bommasandra,3,Ward No.3,525,Bengaluru Urban,572,5545,Anekal,5545,0,0,karnataka
276537,1296050,Bommasandra,3,Ward No.3,525,Bengaluru Urban,572,5545,Anekal,5545,0,0,karnataka
276537,1296051,Bommasandra,4,Ward No. 4,0,,0,0,,0,928704,0,karnataka
276537,1296051,Bommasandra,4,Ward No. 4,0,,0,0,,0,928704,0,karnataka
276537,1296052,Bommasandra,5,Ward No. 5,0,,0,0,,0,928704,0,karnataka
276537,1296052,Bommasandra,5,Ward No. 5,0,,0,0,,0,928704,0,karnataka
276537,1296053,Bommasandra,6,Ward No. 6,525,Bengaluru Urban,572,5545,Anekal,5545,0,0,karnataka
276537,1296053,Bommasandra,6,Ward No. 6,525,Bengaluru Urban,572,5545,Anekal,5545,0,0,karnataka
276537,1296054,Bommasandra,7,Ward No. 7,525,Bengaluru Urban,572,5545,Anekal,5545,0,0,karnataka
276537,1296054,Bommasandra,7,Ward No. 7,525,Bengaluru Urban,572,5545,Anekal,5545,0,0,karnataka
276537,1296055,Bommasandra,8,Ward No. 8,0,,0,0,,0,928704,0,karnataka
276537,1296055,Bommasandra,8,Ward No. 8,0,,0,0,,0,928704,0,karnataka
276537,1296056,Bommasandra,9,Ward No. 9,525,Bengaluru Urban,572,5545,Anekal,5545,0,0,karnataka
276537,1296056,Bommasandra,9,Ward No. 9,525,Bengaluru Urban,572,5545,Anekal,5545,0,0,karnataka
276583,1295635,Boragaon,1,Ward No. 1,527,Belagavi,555,5433,Chikodi,5433,0,0,karnataka
276583,1295635,Boragaon,1,Ward No. 1,527,Belagavi,555,5433,Chikodi,5433,0,0,karnataka
276583,1295644,Boragaon,10,Ward No.10,0,,0,0,,0,929048,0,karnataka
276583,1295644,Boragaon,10,Ward No.10,0,,0,0,,0,929048,0,karnataka
276583,1295645,Boragaon,11,Ward No.11,527,Belagavi,555,5433,Chikodi,5433,0,0,karnataka
276583,1295645,Boragaon,11,Ward No.11,527,Belagavi,555,5433,Chikodi,5433,0,0,karnataka
276583,1295646,Boragaon,12,Ward No.12,0,,0,0,,0,929048,0,karnataka
276583,1295646,Boragaon,12,Ward No.12,0,,0,0,,0,929048,0,karnataka
276583,1295647,Boragaon,13,Ward No.13,527,Belagavi,555,5433,Chikodi,5433,0,0,karnataka
276583,1295647,Boragaon,13,Ward No.13,527,Belagavi,555,5433,Chikodi,5433,0,0,karnataka
276583,1295648,Boragaon,14,Ward No.14,0,,0,0,,0,929048,0,karnataka
276583,1295648,Boragaon,14,Ward No.14,0,,0,0,,0,929048,0,karnataka
276583,1295649,Boragaon,15,Ward No.15,527,Belagavi,555,5433,Chikodi,5433,0,0,karnataka
276583,1295649,Boragaon,15,Ward No.15,527,Belagavi,555,5433,Chikodi,5433,0,0,karnataka
276583,1295650,Boragaon,16,Ward No.16,0,,0,0,,0,929048,0,karnataka
276583,1295650,Boragaon,16,Ward No.16,0,,0,0,,0,929048,0,karnataka
276583,1295651,Boragaon,17,Ward No.17,527,Belagavi,555,5433,Chikodi,5433,0,0,karnataka
276583,1295651,Boragaon,17,Ward No.17,527,Belagavi,555,5433,Chikodi,5433,0,0,karnataka
276583,1295636,Boragaon,2,Ward No. 2,527,Belagavi,555,5433,Chikodi,5433,0,0,karnataka
276583,1295636,Boragaon,2,Ward No. 2,527,Belagavi,555,5433,Chikodi,5433,0,0,karnataka
276583,1295637,Boragaon,3,Ward No.3,527,Belagavi,555,5433,Chikodi,5433,0,0,karnataka
276583,1295637,Boragaon,3,Ward No.3,527,Belagavi,555,5433,Chikodi,5433,0,0,karnataka
276583,1295638,Boragaon,4,Ward No. 4,0,,0,0,,0,929048,0,karnataka
276583,1295638,Boragaon,4,Ward No. 4,0,,0,0,,0,929048,0,karnataka
276583,1295639,Boragaon,5,Ward No. 5,527,Belagavi,555,5433,Chikodi,5433,0,0,karnataka
276583,1295639,Boragaon,5,Ward No. 5,527,Belagavi,555,5433,Chikodi,5433,0,0,karnataka
276583,1295640,Boragaon,6,Ward No. 6,0,,0,0,,0,0,0,karnataka
276583,1295641,Boragaon,7,Ward No. 7,0,,0,0,,0,929048,0,karnataka
276583,1295641,Boragaon,7,Ward No. 7,0,,0,0,,0,929048,0,karnataka
276583,1295642,Boragaon,8,Ward No. 8,527,Belagavi,555,5433,Chikodi,5433,0,0,karnataka
276583,1295642,Boragaon,8,Ward No. 8,527,Belagavi,555,5433,Chikodi,5433,0,0,karnataka
276583,1295643,Boragaon,9,Ward No. 9,0,,0,0,,0,929048,0,karnataka
276583,1295643,Boragaon,9,Ward No. 9,0,,0,0,,0,929048,0,karnataka
251917,30041,Byadgi,1,Byadgi (TMC) - Ward No.1,0,,0,0,,0,0,0,karnataka
251917,30050,Byadgi,10,Byadgi (TMC) - Ward No.10,0,,0,0,,0,0,0,karnataka
251917,30051,Byadgi,11,Byadgi (TMC) - Ward No.11,0,,0,0,,0,0,0,karnataka
251917,30052,Byadgi,12,Byadgi (TMC) - Ward No.12,0,,0,0,,0,0,0,karnataka
251917,30053,Byadgi,13,Byadgi (TMC) - Ward No.13,0,,0,0,,0,0,0,karnataka
251917,30054,Byadgi,14,Byadgi (TMC) - Ward No.14,0,,0,0,,0,0,0,karnataka
251917,30055,Byadgi,15,Byadgi (TMC) - Ward No.15,0,,0,0,,0,0,0,karnataka
251917,30056,Byadgi,16,Byadgi (TMC) - Ward No.16,0,,0,0,,0,0,0,karnataka
251917,30057,Byadgi,17,Byadgi (TMC) - Ward No.17,0,,0,0,,0,0,0,karnataka
251917,30058,Byadgi,18,Byadgi (TMC) - Ward No.18,0,,0,0,,0,0,0,karnataka
251917,30059,Byadgi,19,Byadgi (TMC) - Ward No.19,0,,0,0,,0,0,0,karnataka
251917,30042,Byadgi,2,Byadgi (TMC) - Ward No.2,0,,0,0,,0,0,0,karnataka
251917,30060,Byadgi,20,Byadgi (TMC) - Ward No.20,0,,0,0,,0,0,0,karnataka
251917,30061,Byadgi,21,Byadgi (TMC) - Ward No.21,0,,0,0,,0,0,0,karnataka
251917,30062,Byadgi,22,Byadgi (TMC) - Ward No.22,0,,0,0,,0,0,0,karnataka
251917,30063,Byadgi,23,Byadgi (TMC) - Ward No.23,0,,0,0,,0,0,0,karnataka
251917,30043,Byadgi,3,Byadgi (TMC) - Ward No.3,0,,0,0,,0,0,0,karnataka
251917,30044,Byadgi,4,Byadgi (TMC) - Ward No.4,0,,0,0,,0,0,0,karnataka
251917,30045,Byadgi,5,Byadgi (TMC) - Ward No.5,0,,0,0,,0,0,0,karnataka
251917,30046,Byadgi,6,Byadgi (TMC) - Ward No.6,0,,0,0,,0,0,0,karnataka
251917,30047,Byadgi,7,Byadgi (TMC) - Ward No.7,0,,0,0,,0,0,0,karnataka
251917,30048,Byadgi,8,Byadgi (TMC) - Ward No.8,0,,0,0,,0,0,0,karnataka
251917,30049,Byadgi,9,Byadgi (TMC) - Ward No.9,0,,0,0,,0,0,0,karnataka
276559,1296161,Chadachana,12,Adarsha Nagar,0,,0,0,,0,928563,0,karnataka
276559,1296161,Chadachana,12,Adarsha Nagar,0,,0,0,,0,928563,0,karnataka
276559,1296156,Chadachana,7,Ambedkar Colony,530,Vijayapura,557,5450,Indi,5450,0,0,karnataka
276559,1296156,Chadachana,7,Ambedkar Colony,530,Vijayapura,557,5450,Indi,5450,0,0,karnataka
276559,1296164,Chadachana,15,Balaji Nagar,0,,0,0,,0,928563,0,karnataka
276559,1296164,Chadachana,15,Balaji Nagar,0,,0,0,,0,928563,0,karnataka
276559,1296153,Chadachana,4,Goudar Colony,530,Vijayapura,557,5450,Indi,5450,0,0,karnataka
276559,1296153,Chadachana,4,Goudar Colony,530,Vijayapura,557,5450,Indi,5450,0,0,karnataka
276559,1296159,Chadachana,10,Koli Colony,530,Vijayapura,557,5450,Indi,5450,0,0,karnataka
276559,1296159,Chadachana,10,Koli Colony,530,Vijayapura,557,5450,Indi,5450,0,0,karnataka
276559,1296165,Chadachana,16,Konkanagaon,0,,0,0,,0,928563,0,karnataka
276559,1296165,Chadachana,16,Konkanagaon,0,,0,0,,0,928563,0,karnataka
276559,1296158,Chadachana,9,Laxmi Nagar,530,Vijayapura,557,5450,Indi,5450,0,0,karnataka
276559,1296158,Chadachana,9,Laxmi Nagar,530,Vijayapura,557,5450,Indi,5450,0,0,karnataka
276559,1296154,Chadachana,5,Naki Mandi Colony,0,,0,0,,0,928563,0,karnataka
276559,1296154,Chadachana,5,Naki Mandi Colony,0,,0,0,,0,928563,0,karnataka
276559,1296152,Chadachana,3,Palled Katti,0,,0,0,,0,928563,0,karnataka
276559,1296152,Chadachana,3,Palled Katti,0,,0,0,,0,928563,0,karnataka
276559,1296150,Chadachana,1,Paramananda Tempel,0,,0,0,,0,928563,0,karnataka
276559,1296150,Chadachana,1,Paramananda Tempel,0,,0,0,,0,928563,0,karnataka
276559,1296157,Chadachana,8,Patil Nagar,530,Vijayapura,557,5450,Indi,5450,0,0,karnataka
276559,1296157,Chadachana,8,Patil Nagar,530,Vijayapura,557,5450,Indi,5450,0,0,karnataka
276559,1296155,Chadachana,6,Saraf Bazar,530,Vijayapura,557,5450,Indi,5450,0,0,karnataka
276559,1296155,Chadachana,6,Saraf Bazar,530,Vijayapura,557,5450,Indi,5450,0,0,karnataka
276559,1296162,Chadachana,13,Shanti Nagar,530,Vijayapura,557,5450,Indi,5450,0,0,karnataka
276559,1296162,Chadachana,13,Shanti Nagar,530,Vijayapura,557,5450,Indi,5450,0,0,karnataka
276559,1296163,Chadachana,14,Shivaji Nagar,530,Vijayapura,557,5450,Indi,5450,0,0,karnataka
276559,1296163,Chadachana,14,Shivaji Nagar,530,Vijayapura,557,5450,Indi,5450,0,0,karnataka
276559,1296151,Chadachana,2,Veerabhadreshawar Temple,0,,0,0,,0,928563,0,karnataka
276559,1296151,Chadachana,2,Veerabhadreshawar Temple,0,,0,0,,0,928563,0,karnataka
276559,1296160,Chadachana,11,Vidya Nagar,0,,0,0,,0,928563,0,karnataka
276559,1296160,Chadachana,11,Vidya Nagar,0,,0,0,,0,928563,0,karnataka
251933,61455,Challakere,1,Challakere (TMC) - Ward No.1,0,,0,0,,0,0,0,karnataka
251933,61464,Challakere,10,Challakere (TMC) - Ward No.10,0,,0,0,,0,0,0,karnataka
251933,61465,Challakere,11,Challakere (TMC) - Ward No.11,0,,0,0,,0,0,0,karnataka
251933,61466,Challakere,12,Challakere (TMC) - Ward No.12,0,,0,0,,0,0,0,karnataka
251933,61467,Challakere,13,Challakere (TMC) - Ward No.13,0,,0,0,,0,0,0,karnataka
251933,61468,Challakere,14,Challakere (TMC) - Ward No.14,0,,0,0,,0,0,0,karnataka
251933,61469,Challakere,15,Challakere (TMC) - Ward No.15,0,,0,0,,0,0,0,karnataka
251933,61470,Challakere,16,Challakere (TMC) - Ward No.16,0,,0,0,,0,0,0,karnataka
251933,61471,Challakere,17,Challakere (TMC) - Ward No.17,0,,0,0,,0,0,0,karnataka
251933,61472,Challakere,18,Challakere (TMC) - Ward No.18,0,,0,0,,0,0,0,karnataka
251933,61473,Challakere,19,Challakere (TMC) - Ward No.19,0,,0,0,,0,0,0,karnataka
251933,61456,Challakere,2,Challakere (TMC) - Ward No.2,0,,0,0,,0,0,0,karnataka
251933,61474,Challakere,20,Challakere (TMC) - Ward No.20,0,,0,0,,0,0,0,karnataka
251933,61475,Challakere,21,Challakere (TMC) - Ward No.21,0,,0,0,,0,0,0,karnataka
251933,61476,Challakere,22,Challakere (TMC) - Ward No.22,0,,0,0,,0,0,0,karnataka
251933,61477,Challakere,23,Challakere (TMC) - Ward No.23,0,,0,0,,0,0,0,karnataka
251933,1886521,Challakere,24,Challakere (TMC) - Ward No.24,0,,0,0,,0,0,0,karnataka
251933,1886522,Challakere,25,Challakere (TMC) - Ward No.25,0,,0,0,,0,0,0,karnataka
251933,1886523,Challakere,26,Challakere (TMC) - Ward No.26,0,,0,0,,0,0,0,karnataka
251933,1886524,Challakere,27,Challakere (TMC) - Ward No.27,0,,0,0,,0,0,0,karnataka
251933,1886525,Challakere,28,Challakere (TMC) - Ward No.28,0,,0,0,,0,0,0,karnataka
251933,1886526,Challakere,29,Challakere (TMC) - Ward No.29,0,,0,0,,0,0,0,karnataka
251933,61457,Challakere,3,Challakere (TMC) - Ward No.3,0,,0,0,,0,0,0,karnataka
251933,1886527,Challakere,30,Challakere (TMC) - Ward No.30,0,,0,0,,0,0,0,karnataka
251933,1886528,Challakere,31,Challakere (TMC) - Ward No.31,0,,0,0,,0,0,0,karnataka
251933,61458,Challakere,4,Challakere (TMC) - Ward No.4,0,,0,0,,0,0,0,karnataka
251933,61459,Challakere,5,Challakere (TMC) - Ward No.5,0,,0,0,,0,0,0,karnataka
251933,61460,Challakere,6,Challakere (TMC) - Ward No.6,0,,0,0,,0,0,0,karnataka
251933,61461,Challakere,7,Challakere (TMC) - Ward No.7,0,,0,0,,0,0,0,karnataka
251933,61462,Challakere,8,Challakere (TMC) - Ward No.8,0,,0,0,,0,0,0,karnataka
251933,61463,Challakere,9,Challakere (TMC) - Ward No.9,0,,0,0,,0,0,0,karnataka
252054,29128,Chamarajanagar,1,Chamarajanagar (Cmc) - Ward No.1,0,,0,0,,0,0,0,karnataka
252054,29137,Chamarajanagar,10,Chamarajanagar (Cmc) - Ward No.10,0,,0,0,,0,0,0,karnataka
252054,29138,Chamarajanagar,11,Chamarajanagar (Cmc) - Ward No.11,0,,0,0,,0,0,0,karnataka
252054,29139,Chamarajanagar,12,Chamarajanagar (Cmc) - Ward No.12,0,,0,0,,0,0,0,karnataka
252054,29140,Chamarajanagar,13,Chamarajanagar (Cmc) - Ward No.13,0,,0,0,,0,0,0,karnataka
252054,29141,Chamarajanagar,14,Chamarajanagar (Cmc) - Ward No.14,0,,0,0,,0,0,0,karnataka
252054,29142,Chamarajanagar,15,Chamarajanagar (Cmc) - Ward No.15,0,,0,0,,0,0,0,karnataka
252054,29143,Chamarajanagar,16,Chamarajanagar (Cmc) - Ward No.16,0,,0,0,,0,0,0,karnataka
252054,29144,Chamarajanagar,17,Chamarajanagar (Cmc) - Ward No.17,0,,0,0,,0,0,0,karnataka
252054,29145,Chamarajanagar,18,Chamarajanagar (Cmc) - Ward No.18,0,,0,0,,0,0,0,karnataka
252054,29146,Chamarajanagar,19,Chamarajanagar (Cmc) - Ward No.19,0,,0,0,,0,0,0,karnataka
252054,29129,Chamarajanagar,2,Chamarajanagar (Cmc) - Ward No.2,0,,0,0,,0,0,0,karnataka
252054,29147,Chamarajanagar,20,Chamarajanagar (Cmc) - Ward No.20,0,,0,0,,0,0,0,karnataka
252054,29148,Chamarajanagar,21,Chamarajanagar (Cmc) - Ward No.21,0,,0,0,,0,0,0,karnataka
252054,29149,Chamarajanagar,22,Chamarajanagar (Cmc) - Ward No.22,0,,0,0,,0,0,0,karnataka
252054,29150,Chamarajanagar,23,Chamarajanagar (Cmc) - Ward No.23,0,,0,0,,0,0,0,karnataka
252054,29151,Chamarajanagar,24,Chamarajanagar (Cmc) - Ward No.24,0,,0,0,,0,0,0,karnataka
252054,29152,Chamarajanagar,25,Chamarajanagar (Cmc) - Ward No.25,0,,0,0,,0,0,0,karnataka
252054,29153,Chamarajanagar,26,Chamarajanagar (Cmc) - Ward No.26,0,,0,0,,0,0,0,karnataka
252054,29154,Chamarajanagar,27,Chamarajanagar (Cmc) - Ward No.27,0,,0,0,,0,0,0,karnataka
252054,29155,Chamarajanagar,28,Chamarajanagar (Cmc) - Ward No.28,0,,0,0,,0,0,0,karnataka
252054,29156,Chamarajanagar,29,Chamarajanagar (Cmc) - Ward No.29,0,,0,0,,0,0,0,karnataka
252054,29130,Chamarajanagar,3,Chamarajanagar (Cmc) - Ward No.3,0,,0,0,,0,0,0,karnataka
252054,29157,Chamarajanagar,30,Chamarajanagar (Cmc) - Ward No.30,0,,0,0,,0,0,0,karnataka
252054,29158,Chamarajanagar,31,Chamarajanagar (Cmc) - Ward No.31,0,,0,0,,0,0,0,karnataka
252054,29131,Chamarajanagar,4,Chamarajanagar (Cmc) - Ward No.4,0,,0,0,,0,0,0,karnataka
252054,29132,Chamarajanagar,5,Chamarajanagar (Cmc) - Ward No.5,0,,0,0,,0,0,0,karnataka
252054,29133,Chamarajanagar,6,Chamarajanagar (Cmc) - Ward No.6,0,,0,0,,0,0,0,karnataka
252054,29134,Chamarajanagar,7,Chamarajanagar (Cmc) - Ward No.7,0,,0,0,,0,0,0,karnataka
252054,29135,Chamarajanagar,8,Chamarajanagar (Cmc) - Ward No.8,0,,0,0,,0,0,0,karnataka
252054,29136,Chamarajanagar,9,Chamarajanagar (Cmc) - Ward No.9,0,,0,0,,0,0,0,karnataka
276533,1295992,Chandapura,1,Ward No. 1,0,,0,0,,0,928675,0,karnataka
276533,1295992,Chandapura,1,Ward No. 1,0,,0,0,,0,928675,0,karnataka
276533,1296001,Chandapura,10,Ward No.10,525,Bengaluru Urban,572,5545,Anekal,5545,0,0,karnataka
276533,1296001,Chandapura,10,Ward No.10,525,Bengaluru Urban,572,5545,Anekal,5545,0,0,karnataka
276533,1296002,Chandapura,11,Ward No.11,0,,0,0,,0,928675,0,karnataka
276533,1296002,Chandapura,11,Ward No.11,0,,0,0,,0,928675,0,karnataka
276533,1296003,Chandapura,12,Ward No.12,0,,0,0,,0,928675,0,karnataka
276533,1296003,Chandapura,12,Ward No.12,0,,0,0,,0,928675,0,karnataka
276533,1296004,Chandapura,13,Ward No.13,0,,0,0,,0,928675,0,karnataka
276533,1296004,Chandapura,13,Ward No.13,0,,0,0,,0,928675,0,karnataka
276533,1296005,Chandapura,14,Ward No.14,525,Bengaluru Urban,572,5545,Anekal,5545,0,0,karnataka
276533,1296005,Chandapura,14,Ward No.14,525,Bengaluru Urban,572,5545,Anekal,5545,0,0,karnataka
276533,1296006,Chandapura,15,Ward No.15,525,Bengaluru Urban,572,5545,Anekal,5545,0,0,karnataka
276533,1296006,Chandapura,15,Ward No.15,525,Bengaluru Urban,572,5545,Anekal,5545,0,0,karnataka
276533,1296007,Chandapura,16,Ward No.16,0,,0,0,,0,928675,0,karnataka
276533,1296007,Chandapura,16,Ward No.16,0,,0,0,,0,928675,0,karnataka
276533,1296008,Chandapura,17,Ward No.17,0,,0,0,,0,928675,0,karnataka
276533,1296008,Chandapura,17,Ward No.17,0,,0,0,,0,928675,0,karnataka
276533,1296009,Chandapura,18,Ward No.18,525,Bengaluru Urban,572,5545,Anekal,5545,0,0,karnataka
276533,1296009,Chandapura,18,Ward No.18,525,Bengaluru Urban,572,5545,Anekal,5545,0,0,karnataka
276533,1296010,Chandapura,19,Ward No.19,525,Bengaluru Urban,572,5545,Anekal,5545,0,0,karnataka
276533,1296010,Chandapura,19,Ward No.19,525,Bengaluru Urban,572,5545,Anekal,5545,0,0,karnataka
276533,1295993,Chandapura,2,Ward No. 2,525,Bengaluru Urban,572,5545,Anekal,5545,0,0,karnataka
276533,1295993,Chandapura,2,Ward No. 2,525,Bengaluru Urban,572,5545,Anekal,5545,0,0,karnataka
276533,1296011,Chandapura,20,Ward No. 20,0,,0,0,,0,928675,0,karnataka
276533,1296011,Chandapura,20,Ward No. 20,0,,0,0,,0,928675,0,karnataka
276533,1296012,Chandapura,21,Ward No.21,525,Bengaluru Urban,572,5545,Anekal,5545,0,0,karnataka
276533,1296012,Chandapura,21,Ward No.21,525,Bengaluru Urban,572,5545,Anekal,5545,0,0,karnataka
276533,1296013,Chandapura,22,Ward No.22,0,,0,0,,0,928675,0,karnataka
276533,1296013,Chandapura,22,Ward No.22,0,,0,0,,0,928675,0,karnataka
276533,1296014,Chandapura,23,Ward No.23,0,,0,0,,0,928675,0,karnataka
276533,1296014,Chandapura,23,Ward No.23,0,,0,0,,0,928675,0,karnataka
276533,1295994,Chandapura,3,Ward No.3,525,Bengaluru Urban,572,5545,Anekal,5545,0,0,karnataka
276533,1295994,Chandapura,3,Ward No.3,525,Bengaluru Urban,572,5545,Anekal,5545,0,0,karnataka
276533,1295995,Chandapura,4,Ward No. 4,0,,0,0,,0,928675,0,karnataka
276533,1295995,Chandapura,4,Ward No. 4,0,,0,0,,0,928675,0,karnataka
276533,1295996,Chandapura,5,Ward No. 5,0,,0,0,,0,928675,0,karnataka
276533,1295996,Chandapura,5,Ward No. 5,0,,0,0,,0,928675,0,karnataka
276533,1295997,Chandapura,6,Ward No. 6,525,Bengaluru Urban,572,5545,Anekal,5545,0,0,karnataka
276533,1295997,Chandapura,6,Ward No. 6,525,Bengaluru Urban,572,5545,Anekal,5545,0,0,karnataka
276533,1295998,Chandapura,7,Ward No. 7,0,,0,0,,0,928675,0,karnataka
276533,1295998,Chandapura,7,Ward No. 7,0,,0,0,,0,928675,0,karnataka
276533,1295999,Chandapura,8,Ward No. 8,525,Bengaluru Urban,572,5545,Anekal,5545,0,0,karnataka
276533,1295999,Chandapura,8,Ward No. 8,525,Bengaluru Urban,572,5545,Anekal,5545,0,0,karnataka
276533,1296000,Chandapura,9,Ward No. 9,0,,0,0,,0,928675,0,karnataka
276533,1296000,Chandapura,9,Ward No. 9,0,,0,0,,0,928675,0,karnataka
251943,31230,Channagiri,1,Channagiri (TP) - Ward No.1,0,,0,0,,0,0,0,karnataka
251943,31239,Channagiri,10,Channagiri (TP) - Ward No.10,0,,0,0,,0,0,0,karnataka
251943,31240,Channagiri,11,Channagiri (TP) - Ward No.11,0,,0,0,,0,0,0,karnataka
251943,31241,Channagiri,12,Channagiri (TP) - Ward No.12,0,,0,0,,0,0,0,karnataka
251943,31242,Channagiri,13,Channagiri (TP) - Ward No.13,0,,0,0,,0,0,0,karnataka
251943,31243,Channagiri,14,Channagiri (TP) - Ward No.14,0,,0,0,,0,0,0,karnataka
251943,31244,Channagiri,15,Channagiri (TP) - Ward No.15,0,,0,0,,0,0,0,karnataka
251943,2178627,Channagiri,16,Channagiri (TP) - Ward No.16,0,,0,0,,0,0,0,karnataka
251943,2178628,Channagiri,17,Channagiri (TP) - Ward No.17,0,,0,0,,0,0,0,karnataka
251943,2178629,Channagiri,18,Channagiri (TP) - Ward No.18,0,,0,0,,0,0,0,karnataka
251943,2178630,Channagiri,19,Channagiri (TP) - Ward No.19,0,,0,0,,0,0,0,karnataka
251943,31231,Channagiri,2,Channagiri (TP) - Ward No.2,0,,0,0,,0,0,0,karnataka
251943,2178631,Channagiri,20,Channagiri (TP) - Ward No.20,0,,0,0,,0,0,0,karnataka
251943,2178632,Channagiri,21,Channagiri (TP) - Ward No.21,0,,0,0,,0,0,0,karnataka
251943,2178633,Channagiri,22,Channagiri (TP) - Ward No.22,0,,0,0,,0,0,0,karnataka
251943,2178634,Channagiri,23,Channagiri (TP) - Ward No.23,0,,0,0,,0,0,0,karnataka
251943,31232,Channagiri,3,Channagiri (TP) - Ward No.3,0,,0,0,,0,0,0,karnataka
251943,31233,Channagiri,4,Channagiri (TP) - Ward No.4,0,,0,0,,0,0,0,karnataka
251943,31234,Channagiri,5,Channagiri (TP) - Ward No.5,0,,0,0,,0,0,0,karnataka
251943,31235,Channagiri,6,Channagiri (TP) - Ward No.6,0,,0,0,,0,0,0,karnataka
251943,31236,Channagiri,7,Channagiri (TP) - Ward No.7,0,,0,0,,0,0,0,karnataka
251943,31237,Channagiri,8,Channagiri (TP) - Ward No.8,0,,0,0,,0,0,0,karnataka
251943,31238,Channagiri,9,Channagiri (TP) - Ward No.9,0,,0,0,,0,0,0,karnataka
253185,26572,Channapatna,1,Channapatna- Ward No.1,0,,0,0,,0,0,0,karnataka
253185,26590,Channapatna,10,Channapatna - Ward No.10,0,,0,0,,0,0,0,karnataka
253185,26592,Channapatna,11,Channapatna- Ward No.11,0,,0,0,,0,0,0,karnataka
253185,26594,Channapatna,12,Channapatna- Ward No.12,0,,0,0,,0,0,0,karnataka
253185,26596,Channapatna,13,Channapatna - Ward No.13,0,,0,0,,0,0,0,karnataka
253185,26598,Channapatna,14,Channapatna- Ward No.14,0,,0,0,,0,0,0,karnataka
253185,26600,Channapatna,15,Channapatna - Ward No.15,0,,0,0,,0,0,0,karnataka
253185,26602,Channapatna,16,Channapatna- Ward No.16,0,,0,0,,0,0,0,karnataka
253185,26604,Channapatna,17,Channapatna- Ward No.17,0,,0,0,,0,0,0,karnataka
253185,26606,Channapatna,18,Channapatna - Ward No.18,0,,0,0,,0,0,0,karnataka
253185,26608,Channapatna,19,Channapatna- Ward No.19,0,,0,0,,0,0,0,karnataka
253185,26574,Channapatna,2,Channapatna - Ward No.2,0,,0,0,,0,0,0,karnataka
253185,26610,Channapatna,20,Channapatna- Ward No.20,0,,0,0,,0,0,0,karnataka
253185,26612,Channapatna,21,Channapatna - Ward No.21,0,,0,0,,0,0,0,karnataka
253185,26614,Channapatna,22,Channapatna- Ward No.22,0,,0,0,,0,0,0,karnataka
253185,26616,Channapatna,23,Channapatna - Ward No.23,0,,0,0,,0,0,0,karnataka
253185,26618,Channapatna,24,Channapatna- Ward No.24,0,,0,0,,0,0,0,karnataka
253185,26620,Channapatna,25,Channapatna - Ward No.25,0,,0,0,,0,0,0,karnataka
253185,26622,Channapatna,26,Channapatna - Ward No.26,0,,0,0,,0,0,0,karnataka
253185,26624,Channapatna,27,Channapatna - Ward No.27,0,,0,0,,0,0,0,karnataka
253185,26626,Channapatna,28,Channapatna - Ward No.28,0,,0,0,,0,0,0,karnataka
253185,26628,Channapatna,29,Channapatna - Ward No.29,0,,0,0,,0,0,0,karnataka
253185,26576,Channapatna,3,Channapatna - Ward No.3,0,,0,0,,0,0,0,karnataka
253185,26630,Channapatna,30,Channapatna - Ward No.30,0,,0,0,,0,0,0,karnataka
253185,26632,Channapatna,31,Channapatna - Ward No.31,0,,0,0,,0,0,0,karnataka
253185,26578,Channapatna,4,Channapatna- Ward No.4,0,,0,0,,0,0,0,karnataka
253185,26580,Channapatna,5,Channapatna- Ward No.5,0,,0,0,,0,0,0,karnataka
253185,26582,Channapatna,6,Channapatna- Ward No.6,0,,0,0,,0,0,0,karnataka
253185,26584,Channapatna,7,Channapatna - Ward No.7,0,,0,0,,0,0,0,karnataka
253185,26586,Channapatna,8,Channapatna- Ward No.8,0,,0,0,,0,0,0,karnataka
253185,26588,Channapatna,9,Channapatna - Ward No.9,0,,0,0,,0,0,0,karnataka
252016,28171,Channarayapatna,1,Channarayapatna (TMC) - Ward No.1,0,,0,0,,0,0,0,karnataka
252016,28180,Channarayapatna,10,Channarayapatna (TMC) - Ward No.10,0,,0,0,,0,0,0,karnataka
252016,28181,Channarayapatna,11,Channarayapatna (TMC) - Ward No.11,0,,0,0,,0,0,0,karnataka
252016,28182,Channarayapatna,12,Channarayapatna (TMC) - Ward No.12,0,,0,0,,0,0,0,karnataka
252016,28183,Channarayapatna,13,Channarayapatna (TMC) - Ward No.13,0,,0,0,,0,0,0,karnataka
252016,28184,Channarayapatna,14,Channarayapatna (TMC) - Ward No.14,0,,0,0,,0,0,0,karnataka
252016,28185,Channarayapatna,15,Channarayapatna (TMC) - Ward No.15,0,,0,0,,0,0,0,karnataka
252016,28186,Channarayapatna,16,Channarayapatna (TMC) - Ward No.16,0,,0,0,,0,0,0,karnataka
252016,28187,Channarayapatna,17,Channarayapatna (TMC) - Ward No.17,0,,0,0,,0,0,0,karnataka
252016,28188,Channarayapatna,18,Channarayapatna (TMC) - Ward No.18,0,,0,0,,0,0,0,karnataka
252016,28189,Channarayapatna,19,Channarayapatna (TMC) - Ward No.19,0,,0,0,,0,0,0,karnataka
252016,28172,Channarayapatna,2,Channarayapatna (TMC) - Ward No.2,0,,0,0,,0,0,0,karnataka
252016,28190,Channarayapatna,20,Channarayapatna (TMC) - Ward No.20,0,,0,0,,0,0,0,karnataka
252016,28191,Channarayapatna,21,Channarayapatna (TMC) - Ward No.21,0,,0,0,,0,0,0,karnataka
252016,28192,Channarayapatna,22,Channarayapatna (TMC) - Ward No.22,0,,0,0,,0,0,0,karnataka
252016,28193,Channarayapatna,23,Channarayapatna (TMC) - Ward No.23,0,,0,0,,0,0,0,karnataka
252016,28173,Channarayapatna,3,Channarayapatna (TMC) - Ward No.3,0,,0,0,,0,0,0,karnataka
252016,28174,Channarayapatna,4,Channarayapatna (TMC) - Ward No.4,0,,0,0,,0,0,0,karnataka
252016,28175,Channarayapatna,5,Channarayapatna (TMC) - Ward No.5,0,,0,0,,0,0,0,karnataka
252016,28176,Channarayapatna,6,Channarayapatna (TMC) - Ward No.6,0,,0,0,,0,0,0,karnataka
252016,28177,Channarayapatna,7,Channarayapatna (TMC) - Ward No.7,0,,0,0,,0,0,0,karnataka
252016,28178,Channarayapatna,8,Channarayapatna (TMC) - Ward No.8,0,,0,0,,0,0,0,karnataka
252016,28179,Channarayapatna,9,Channarayapatna (TMC) - Ward No.9,0,,0,0,,0,0,0,karnataka
276578,1295448,Chennammana Kittur,3,Basava Nagar,527,Belagavi,555,5440,Bailahongala,5440,0,0,karnataka
276578,1295448,Chennammana Kittur,3,Basava Nagar,527,Belagavi,555,5440,Bailahongala,5440,0,0,karnataka
276578,1295447,Chennammana Kittur,2,Gandi Nagar,0,,0,0,,0,929047,0,karnataka
276578,1295447,Chennammana Kittur,2,Gandi Nagar,0,,0,0,,0,929047,0,karnataka
276578,1295449,Chennammana Kittur,4,Hanuman Nagar,0,,0,0,,0,929047,0,karnataka
276578,1295449,Chennammana Kittur,4,Hanuman Nagar,0,,0,0,,0,929047,0,karnataka
276578,1295457,Chennammana Kittur,12,Jamadar Oni,527,Belagavi,555,5440,Bailahongala,5440,0,0,karnataka
276578,1295457,Chennammana Kittur,12,Jamadar Oni,527,Belagavi,555,5440,Bailahongala,5440,0,0,karnataka
276578,1295446,Chennammana Kittur,1,Janata Colony,0,,0,0,,0,929047,0,karnataka
276578,1295446,Chennammana Kittur,1,Janata Colony,0,,0,0,,0,929047,0,karnataka
276578,1295450,Chennammana Kittur,5,Jolad Galli,527,Belagavi,555,5440,Bailahongala,5440,0,0,karnataka
276578,1295450,Chennammana Kittur,5,Jolad Galli,527,Belagavi,555,5440,Bailahongala,5440,0,0,karnataka
276578,1295455,Chennammana Kittur,10,Kalmeshwar Oni,527,Belagavi,555,5440,Bailahongala,5440,0,0,karnataka
276578,1295455,Chennammana Kittur,10,Kalmeshwar Oni,527,Belagavi,555,5440,Bailahongala,5440,0,0,karnataka
276578,1295454,Chennammana Kittur,9,Katti Oni,527,Belagavi,555,5440,Bailahongala,5440,0,0,karnataka
276578,1295454,Chennammana Kittur,9,Katti Oni,527,Belagavi,555,5440,Bailahongala,5440,0,0,karnataka
276578,1295458,Chennammana Kittur,13,Killedar Oni,0,,0,0,,0,929047,0,karnataka
276578,1295458,Chennammana Kittur,13,Killedar Oni,0,,0,0,,0,929047,0,karnataka
276578,1295451,Chennammana Kittur,6,Mutnal Galli,527,Belagavi,555,5440,Bailahongala,5440,0,0,karnataka
276578,1295451,Chennammana Kittur,6,Mutnal Galli,527,Belagavi,555,5440,Bailahongala,5440,0,0,karnataka
276578,1295453,Chennammana Kittur,8,Pagadar Oni,527,Belagavi,555,5440,Bailahongala,5440,0,0,karnataka
276578,1295453,Chennammana Kittur,8,Pagadar Oni,527,Belagavi,555,5440,Bailahongala,5440,0,0,karnataka
276578,1295459,Chennammana Kittur,14,Sambanavar Oni,527,Belagavi,555,5440,Bailahongala,5440,0,0,karnataka
276578,1295459,Chennammana Kittur,14,Sambanavar Oni,527,Belagavi,555,5440,Bailahongala,5440,0,0,karnataka
276578,1295452,Chennammana Kittur,7,Sunagar Galli,527,Belagavi,555,5440,Bailahongala,5440,0,0,karnataka
276578,1295452,Chennammana Kittur,7,Sunagar Galli,527,Belagavi,555,5440,Bailahongala,5440,0,0,karnataka
276578,1295456,Chennammana Kittur,11,Vidhya Nagar,0,,0,0,,0,929047,0,karnataka
276578,1295456,Chennammana Kittur,11,Vidhya Nagar,0,,0,0,,0,929047,0,karnataka
276578,2182431,Chennammana Kittur,15,Ward-15,0,,0,0,,0,0,0,karnataka
276578,2182432,Chennammana Kittur,16,Ward-16,0,,0,0,,0,0,0,karnataka
276578,2182433,Chennammana Kittur,17,Ward-17,0,,0,0,,0,0,0,karnataka
276578,2182434,Chennammana Kittur,18,Ward-18,0,,0,0,,0,0,0,karnataka
251979,25596,Chik Ballapur,1,Chik Ballapur (Cmc) - Ward No.1,0,,0,0,,0,0,0,karnataka
251979,25605,Chik Ballapur,10,Chik Ballapur (Cmc) - Ward No.10,0,,0,0,,0,0,0,karnataka
251979,25606,Chik Ballapur,11,Chik Ballapur (Cmc) - Ward No.11,0,,0,0,,0,0,0,karnataka
251979,25607,Chik Ballapur,12,Chik Ballapur (Cmc) - Ward No.12,0,,0,0,,0,0,0,karnataka
251979,25608,Chik Ballapur,13,Chik Ballapur (Cmc) - Ward No.13,0,,0,0,,0,0,0,karnataka
251979,25609,Chik Ballapur,14,Chik Ballapur (Cmc) - Ward No.14,0,,0,0,,0,0,0,karnataka
251979,25610,Chik Ballapur,15,Chik Ballapur (Cmc) - Ward No.15,0,,0,0,,0,0,0,karnataka
251979,25611,Chik Ballapur,16,Chik Ballapur (Cmc) - Ward No.16,0,,0,0,,0,0,0,karnataka
251979,25612,Chik Ballapur,17,Chik Ballapur (Cmc) - Ward No.17,0,,0,0,,0,0,0,karnataka
251979,25613,Chik Ballapur,18,Chik Ballapur (Cmc) - Ward No.18,0,,0,0,,0,0,0,karnataka
251979,25614,Chik Ballapur,19,Chik Ballapur (Cmc) - Ward No.19,0,,0,0,,0,0,0,karnataka
251979,25597,Chik Ballapur,2,Chik Ballapur (Cmc) - Ward No.2,0,,0,0,,0,0,0,karnataka
251979,25615,Chik Ballapur,20,Chik Ballapur (Cmc) - Ward No.20,0,,0,0,,0,0,0,karnataka
251979,25616,Chik Ballapur,21,Chik Ballapur (Cmc) - Ward No.21,0,,0,0,,0,0,0,karnataka
251979,25617,Chik Ballapur,22,Chik Ballapur (Cmc) - Ward No.22,0,,0,0,,0,0,0,karnataka
251979,25618,Chik Ballapur,23,Chik Ballapur (Cmc) - Ward No.23,0,,0,0,,0,0,0,karnataka
251979,25619,Chik Ballapur,24,Chik Ballapur (Cmc) - Ward No.24,0,,0,0,,0,0,0,karnataka
251979,25620,Chik Ballapur,25,Chik Ballapur (Cmc) - Ward No.25,0,,0,0,,0,0,0,karnataka
251979,25706,Chik Ballapur,26,Chik Ballapur (Cmc) - Ward No.26,0,,0,0,,0,0,0,karnataka
251979,25707,Chik Ballapur,27,Chik Ballapur (Cmc) - Ward No.27,0,,0,0,,0,0,0,karnataka
251979,25708,Chik Ballapur,28,Chik Ballapur (Cmc) - Ward No.28,0,,0,0,,0,0,0,karnataka
251979,25709,Chik Ballapur,29,Chik Ballapur (Cmc) - Ward No.29,0,,0,0,,0,0,0,karnataka
251979,25598,Chik Ballapur,3,Chik Ballapur (Cmc) - Ward No.3,0,,0,0,,0,0,0,karnataka
251979,25710,Chik Ballapur,30,Chik Ballapur (Cmc) - Ward No.30,0,,0,0,,0,0,0,karnataka
251979,25711,Chik Ballapur,31,Chik Ballapur (Cmc) - Ward No.31,0,,0,0,,0,0,0,karnataka
251979,25599,Chik Ballapur,4,Chik Ballapur (Cmc) - Ward No.4,0,,0,0,,0,0,0,karnataka
251979,25600,Chik Ballapur,5,Chik Ballapur (Cmc) - Ward No.5,0,,0,0,,0,0,0,karnataka
251979,25601,Chik Ballapur,6,Chik Ballapur (Cmc) - Ward No.6,0,,0,0,,0,0,0,karnataka
251979,25602,Chik Ballapur,7,Chik Ballapur (Cmc) - Ward No.7,0,,0,0,,0,0,0,karnataka
251979,25603,Chik Ballapur,8,Chik Ballapur (Cmc) - Ward No.8,0,,0,0,,0,0,0,karnataka
251979,25604,Chik Ballapur,9,Chik Ballapur (Cmc) - Ward No.9,0,,0,0,,0,0,0,karnataka
299318,3287775,Chikkabanavara,1,Ward No.1,0,,0,0,,0,0,0,karnataka
299318,3287784,Chikkabanavara,10,Ward No.10,0,,0,0,,0,0,0,karnataka
299318,3287785,Chikkabanavara,11,Ward No.11,0,,0,0,,0,0,0,karnataka
299318,3287786,Chikkabanavara,12,Ward No.12,0,,0,0,,0,0,0,karnataka
299318,3287787,Chikkabanavara,13,Ward No.13,0,,0,0,,0,0,0,karnataka
299318,3287788,Chikkabanavara,14,Ward No.14,0,,0,0,,0,0,0,karnataka
299318,3287789,Chikkabanavara,15,Ward No.15,0,,0,0,,0,0,0,karnataka
299318,3287790,Chikkabanavara,16,Ward No.16,0,,0,0,,0,0,0,karnataka
299318,3287791,Chikkabanavara,17,Ward No.17,0,,0,0,,0,0,0,karnataka
299318,3287792,Chikkabanavara,18,Ward No.18,0,,0,0,,0,0,0,karnataka
299318,3287793,Chikkabanavara,19,Ward No.19,0,,0,0,,0,0,0,karnataka
299318,3287776,Chikkabanavara,2,Ward No.2,0,,0,0,,0,0,0,karnataka
299318,3287794,Chikkabanavara,20,Ward No.20,0,,0,0,,0,0,0,karnataka
299318,3287795,Chikkabanavara,21,Ward No.21,0,,0,0,,0,0,0,karnataka
299318,3287796,Chikkabanavara,22,Ward No.22,0,,0,0,,0,0,0,karnataka
299318,3287797,Chikkabanavara,23,Ward No.23,0,,0,0,,0,0,0,karnataka
299318,3287777,Chikkabanavara,3,Ward No.3,0,,0,0,,0,0,0,karnataka
299318,3287778,Chikkabanavara,4,Ward No.4,0,,0,0,,0,0,0,karnataka
299318,3287779,Chikkabanavara,5,Ward No.5,0,,0,0,,0,0,0,karnataka
299318,3287780,Chikkabanavara,6,Ward No.6,0,,0,0,,0,0,0,karnataka
299318,3287781,Chikkabanavara,7,Ward No.7,0,,0,0,,0,0,0,karnataka
299318,3287782,Chikkabanavara,8,Ward No.8,0,,0,0,,0,0,0,karnataka
299318,3287783,Chikkabanavara,9,Ward No.9,0,,0,0,,0,0,0,karnataka
251965,2176850,Chikkamagaluru,32,Chikmagalur-32,0,,0,0,,0,0,0,karnataka
251965,2176851,Chikkamagaluru,33,Chikmagalur-33,0,,0,0,,0,0,0,karnataka
251965,2176852,Chikkamagaluru,34,Chikmagalur-34,0,,0,0,,0,0,0,karnataka
251965,2176853,Chikkamagaluru,35,Chikmagalur-35,0,,0,0,,0,0,0,karnataka
251965,32444,Chikkamagaluru,1,Chikmagalur (Cmc) - Ward No.1,0,,0,0,,0,0,0,karnataka
251965,32453,Chikkamagaluru,10,Chikmagalur (Cmc) - Ward No.10,0,,0,0,,0,0,0,karnataka
251965,32454,Chikkamagaluru,11,Chikmagalur (Cmc) - Ward No.11,0,,0,0,,0,0,0,karnataka
251965,32455,Chikkamagaluru,12,Chikmagalur (Cmc) - Ward No.12,0,,0,0,,0,0,0,karnataka
251965,32456,Chikkamagaluru,13,Chikmagalur (Cmc) - Ward No.13,0,,0,0,,0,0,0,karnataka
251965,32457,Chikkamagaluru,14,Chikmagalur (Cmc) - Ward No.14,0,,0,0,,0,0,0,karnataka
251965,32458,Chikkamagaluru,15,Chikmagalur (Cmc) - Ward No.15,0,,0,0,,0,0,0,karnataka
251965,32459,Chikkamagaluru,16,Chikmagalur (Cmc) - Ward No.16,0,,0,0,,0,0,0,karnataka
251965,32460,Chikkamagaluru,17,Chikmagalur (Cmc) - Ward No.17,0,,0,0,,0,0,0,karnataka
251965,32461,Chikkamagaluru,18,Chikmagalur (Cmc) - Ward No.18,0,,0,0,,0,0,0,karnataka
251965,32462,Chikkamagaluru,19,Chikmagalur (Cmc) - Ward No.19,0,,0,0,,0,0,0,karnataka
251965,32445,Chikkamagaluru,2,Chikmagalur (Cmc) - Ward No.2,0,,0,0,,0,0,0,karnataka
251965,32463,Chikkamagaluru,20,Chikmagalur (Cmc) - Ward No.20,0,,0,0,,0,0,0,karnataka
251965,32464,Chikkamagaluru,21,Chikmagalur (Cmc) - Ward No.21,0,,0,0,,0,0,0,karnataka
251965,32465,Chikkamagaluru,22,Chikmagalur (Cmc) - Ward No.22,0,,0,0,,0,0,0,karnataka
251965,32466,Chikkamagaluru,23,Chikmagalur (Cmc) - Ward No.23,0,,0,0,,0,0,0,karnataka
251965,32467,Chikkamagaluru,24,Chikmagalur (Cmc) - Ward No.24,0,,0,0,,0,0,0,karnataka
251965,32468,Chikkamagaluru,25,Chikmagalur (Cmc) - Ward No.25,0,,0,0,,0,0,0,karnataka
251965,32469,Chikkamagaluru,26,Chikmagalur (Cmc) - Ward No.26,0,,0,0,,0,0,0,karnataka
251965,32470,Chikkamagaluru,27,Chikmagalur (Cmc) - Ward No.27,0,,0,0,,0,0,0,karnataka
251965,32471,Chikkamagaluru,28,Chikmagalur (Cmc) - Ward No.28,0,,0,0,,0,0,0,karnataka
251965,32472,Chikkamagaluru,29,Chikmagalur (Cmc) - Ward No.29,0,,0,0,,0,0,0,karnataka
251965,32446,Chikkamagaluru,3,Chikmagalur (Cmc) - Ward No.3,0,,0,0,,0,0,0,karnataka
251965,32473,Chikkamagaluru,30,Chikmagalur (Cmc) - Ward No.30,0,,0,0,,0,0,0,karnataka
251965,32474,Chikkamagaluru,31,Chikmagalur (Cmc) - Ward No.31,0,,0,0,,0,0,0,karnataka
251965,32447,Chikkamagaluru,4,Chikmagalur (Cmc) - Ward No.4,0,,0,0,,0,0,0,karnataka
251965,32448,Chikkamagaluru,5,Chikmagalur (Cmc) - Ward No.5,0,,0,0,,0,0,0,karnataka
251965,32449,Chikkamagaluru,6,Chikmagalur (Cmc) - Ward No.6,0,,0,0,,0,0,0,karnataka
251965,32450,Chikkamagaluru,7,Chikmagalur (Cmc) - Ward No.7,0,,0,0,,0,0,0,karnataka
251965,32451,Chikkamagaluru,8,Chikmagalur (Cmc) - Ward No.8,0,,0,0,,0,0,0,karnataka
251965,32452,Chikkamagaluru,9,Chikmagalur (Cmc) - Ward No.9,0,,0,0,,0,0,0,karnataka
251968,32476,Chiknayakanhalli,1,Chiknayakanhalli (TMC) - Ward No.1,0,,0,0,,0,0,0,karnataka
251968,25319,Chiknayakanhalli,10,Chiknayakanhalli (TMC) - Ward No.10,0,,0,0,,0,0,0,karnataka
251968,25320,Chiknayakanhalli,11,Chiknayakanhalli (TMC) - Ward No.11,0,,0,0,,0,0,0,karnataka
251968,25321,Chiknayakanhalli,12,Chiknayakanhalli (TMC) - Ward No.12,0,,0,0,,0,0,0,karnataka
251968,25322,Chiknayakanhalli,13,Chiknayakanhalli (TMC) - Ward No.13,0,,0,0,,0,0,0,karnataka
251968,25323,Chiknayakanhalli,14,Chiknayakanhalli (TMC) - Ward No.14,0,,0,0,,0,0,0,karnataka
251968,25324,Chiknayakanhalli,15,Chiknayakanhalli (TMC) - Ward No.15,0,,0,0,,0,0,0,karnataka
251968,25325,Chiknayakanhalli,16,Chiknayakanhalli (TMC) - Ward No.16,0,,0,0,,0,0,0,karnataka
251968,25326,Chiknayakanhalli,17,Chiknayakanhalli (TMC) - Ward No.17,0,,0,0,,0,0,0,karnataka
251968,25327,Chiknayakanhalli,18,Chiknayakanhalli (TMC) - Ward No.18,0,,0,0,,0,0,0,karnataka
251968,25328,Chiknayakanhalli,19,Chiknayakanhalli (TMC) - Ward No.19,0,,0,0,,0,0,0,karnataka
251968,32477,Chiknayakanhalli,2,Chiknayakanhalli (TMC) - Ward No.2,0,,0,0,,0,0,0,karnataka
251968,25329,Chiknayakanhalli,20,Chiknayakanhalli (TMC) - Ward No.20,0,,0,0,,0,0,0,karnataka
251968,25330,Chiknayakanhalli,21,Chiknayakanhalli (TMC) - Ward No.21,0,,0,0,,0,0,0,karnataka
251968,25331,Chiknayakanhalli,22,Chiknayakanhalli (TMC) - Ward No.22,0,,0,0,,0,0,0,karnataka
251968,25332,Chiknayakanhalli,23,Chiknayakanhalli (TMC) - Ward No.23,0,,0,0,,0,0,0,karnataka
251968,32478,Chiknayakanhalli,3,Chiknayakanhalli (TMC) - Ward No.3,0,,0,0,,0,0,0,karnataka
251968,32479,Chiknayakanhalli,4,Chiknayakanhalli (TMC) - Ward No.4,0,,0,0,,0,0,0,karnataka
251968,32480,Chiknayakanhalli,5,Chiknayakanhalli (TMC) - Ward No.5,0,,0,0,,0,0,0,karnataka
251968,25315,Chiknayakanhalli,6,Chiknayakanhalli (TMC) - Ward No.6,0,,0,0,,0,0,0,karnataka
251968,25316,Chiknayakanhalli,7,Chiknayakanhalli (TMC) - Ward No.7,0,,0,0,,0,0,0,karnataka
251968,25317,Chiknayakanhalli,8,Chiknayakanhalli (TMC) - Ward No.8,0,,0,0,,0,0,0,karnataka
251968,25318,Chiknayakanhalli,9,Chiknayakanhalli (TMC) - Ward No.9,0,,0,0,,0,0,0,karnataka
251811,24465,Chikodi,1,Chikodi (TMC) - Ward No.1,0,,0,0,,0,0,0,karnataka
251811,24474,Chikodi,10,Chikodi (TMC) - Ward No.10,0,,0,0,,0,0,0,karnataka
251811,24475,Chikodi,11,Chikodi (TMC) - Ward No.11,0,,0,0,,0,0,0,karnataka
251811,24476,Chikodi,12,Chikodi (TMC) - Ward No.12,0,,0,0,,0,0,0,karnataka
251811,24477,Chikodi,13,Chikodi (TMC) - Ward No.13,0,,0,0,,0,0,0,karnataka
251811,24478,Chikodi,14,Chikodi (TMC) - Ward No.14,0,,0,0,,0,0,0,karnataka
251811,24479,Chikodi,15,Chikodi (TMC) - Ward No.15,0,,0,0,,0,0,0,karnataka
251811,24480,Chikodi,16,Chikodi (TMC) - Ward No.16,0,,0,0,,0,0,0,karnataka
251811,24481,Chikodi,17,Chikodi (TMC) - Ward No.17,0,,0,0,,0,0,0,karnataka
251811,24482,Chikodi,18,Chikodi (TMC) - Ward No.18,0,,0,0,,0,0,0,karnataka
251811,24483,Chikodi,19,Chikodi (TMC) - Ward No.19,0,,0,0,,0,0,0,karnataka
251811,24466,Chikodi,2,Chikodi (TMC) - Ward No.2,0,,0,0,,0,0,0,karnataka
251811,24484,Chikodi,20,Chikodi (TMC) - Ward No.20,0,,0,0,,0,0,0,karnataka
251811,24485,Chikodi,21,Chikodi (TMC) - Ward No.21,0,,0,0,,0,0,0,karnataka
251811,24486,Chikodi,22,Chikodi (TMC) - Ward No.22,0,,0,0,,0,0,0,karnataka
251811,24487,Chikodi,23,Chikodi (TMC) - Ward No.23,0,,0,0,,0,0,0,karnataka
251811,24467,Chikodi,3,Chikodi (TMC) - Ward No.3,0,,0,0,,0,0,0,karnataka
251811,24468,Chikodi,4,Chikodi (TMC) - Ward No.4,0,,0,0,,0,0,0,karnataka
251811,24469,Chikodi,5,Chikodi (TMC) - Ward No.5,0,,0,0,,0,0,0,karnataka
251811,24470,Chikodi,6,Chikodi (TMC) - Ward No.6,0,,0,0,,0,0,0,karnataka
251811,24471,Chikodi,7,Chikodi (TMC) - Ward No.7,0,,0,0,,0,0,0,karnataka
251811,24472,Chikodi,8,Chikodi (TMC) - Ward No.8,0,,0,0,,0,0,0,karnataka
251811,24473,Chikodi,9,Chikodi (TMC) - Ward No.9,0,,0,0,,0,0,0,karnataka
276477,1293402,Chinchali,10,10- Tulasigeri Toata,0,,0,0,,0,0,0,karnataka
276477,1293403,Chinchali,11,11- Pol Tot,0,,0,0,,0,0,0,karnataka
276477,1293404,Chinchali,12,12- Water Tank,0,,0,0,,0,0,0,karnataka
276477,1293405,Chinchali,13,"13- Bangargid Road, Vethal Mandir",0,,0,0,,0,0,0,karnataka
276477,1293406,Chinchali,14,14-Uppar Wadi Area,0,,0,0,,0,0,0,karnataka
276477,1293407,Chinchali,15,15- Laxmi Temple Area,0,,0,0,,0,0,0,karnataka
276477,1293408,Chinchali,16,16- Maragubai Temple Area,0,,0,0,,0,0,0,karnataka
276477,1293409,Chinchali,17,"17- Ganapati Temple Area, Govt. School Area",0,,0,0,,0,0,0,karnataka
276477,1293410,Chinchali,18,18-Tulasigeri Galli,0,,0,0,,0,0,0,karnataka
276477,1293411,Chinchali,19,19- Waddar Galli,0,,0,0,,0,0,0,karnataka
276477,1293393,Chinchali,1,1-Chikkas Galli,0,,0,0,,0,0,0,karnataka
276477,1293394,Chinchali,2,2- Ambedkar Galli,0,,0,0,,0,0,0,karnataka
276477,1293395,Chinchali,3,3-Talawar Galli,0,,0,0,,0,0,0,karnataka
276477,1293396,Chinchali,4,"4- Mahadev Temple,Jadar Galli",0,,0,0,,0,0,0,karnataka
276477,1293397,Chinchali,5,5- Burud Galli,0,,0,0,,0,0,0,karnataka
276477,1293398,Chinchali,6,6- Pol Galli,0,,0,0,,0,0,0,karnataka
276477,1293399,Chinchali,7,7- Jai Bhim Nagar,0,,0,0,,0,0,0,karnataka
276477,1293400,Chinchali,8,8-Idali Tota,0,,0,0,,0,0,0,karnataka
276477,1293401,Chinchali,9,9- Ajit Nagar,0,,0,0,,0,0,0,karnataka
276568,1295652,Chincholi,1,Ward No. 1,0,,0,0,,0,929125,0,karnataka
276568,1295652,Chincholi,1,Ward No. 1,0,,0,0,,0,929125,0,karnataka
276568,1295661,Chincholi,10,Ward No.10,0,,0,0,,0,929125,0,karnataka
276568,1295661,Chincholi,10,Ward No.10,0,,0,0,,0,929125,0,karnataka
276568,1295662,Chincholi,11,Ward No.11,0,,0,0,,0,929125,0,karnataka
276568,1295662,Chincholi,11,Ward No.11,0,,0,0,,0,929125,0,karnataka
276568,1295663,Chincholi,12,Ward No.12,527,Belagavi,555,5435,Raybag,5435,0,0,karnataka
276568,1295663,Chincholi,12,Ward No.12,527,Belagavi,555,5435,Raybag,5435,0,0,karnataka
276568,1295664,Chincholi,13,Ward No.13,0,,0,0,,0,929125,0,karnataka
276568,1295664,Chincholi,13,Ward No.13,0,,0,0,,0,929125,0,karnataka
276568,1295665,Chincholi,14,Ward No.14,527,Belagavi,555,5435,Raybag,5435,0,0,karnataka
276568,1295665,Chincholi,14,Ward No.14,527,Belagavi,555,5435,Raybag,5435,0,0,karnataka
276568,1295666,Chincholi,15,Ward No.15,527,Belagavi,555,5435,Raybag,5435,0,0,karnataka
276568,1295666,Chincholi,15,Ward No.15,527,Belagavi,555,5435,Raybag,5435,0,0,karnataka
276568,1295667,Chincholi,16,Ward No.16,0,,0,0,,0,929125,0,karnataka
276568,1295667,Chincholi,16,Ward No.16,0,,0,0,,0,929125,0,karnataka
276568,1295668,Chincholi,17,Ward No.17,527,Belagavi,555,5435,Raybag,5435,0,0,karnataka
276568,1295668,Chincholi,17,Ward No.17,527,Belagavi,555,5435,Raybag,5435,0,0,karnataka
276568,1295669,Chincholi,18,Ward No.18,0,,0,0,,0,929125,0,karnataka
276568,1295669,Chincholi,18,Ward No.18,0,,0,0,,0,929125,0,karnataka
276568,1295670,Chincholi,19,Ward No.19,527,Belagavi,555,5435,Raybag,5435,0,0,karnataka
276568,1295670,Chincholi,19,Ward No.19,527,Belagavi,555,5435,Raybag,5435,0,0,karnataka
276568,1295653,Chincholi,2,Ward No. 2,527,Belagavi,555,5435,Raybag,5435,0,0,karnataka
276568,1295653,Chincholi,2,Ward No. 2,527,Belagavi,555,5435,Raybag,5435,0,0,karnataka
276568,1295654,Chincholi,3,Ward No.3,0,,0,0,,0,929125,0,karnataka
276568,1295654,Chincholi,3,Ward No.3,0,,0,0,,0,929125,0,karnataka
276568,1295655,Chincholi,4,Ward No. 4,0,,0,0,,0,929125,0,karnataka
276568,1295655,Chincholi,4,Ward No. 4,0,,0,0,,0,929125,0,karnataka
276568,1295656,Chincholi,5,Ward No. 5,0,,0,0,,0,929125,0,karnataka
276568,1295656,Chincholi,5,Ward No. 5,0,,0,0,,0,929125,0,karnataka
276568,1295657,Chincholi,6,Ward No. 6,0,,0,0,,0,929125,0,karnataka
276568,1295657,Chincholi,6,Ward No. 6,0,,0,0,,0,929125,0,karnataka
276568,1295658,Chincholi,7,Ward No. 7,527,Belagavi,555,5435,Raybag,5435,0,0,karnataka
276568,1295658,Chincholi,7,Ward No. 7,527,Belagavi,555,5435,Raybag,5435,0,0,karnataka
276568,1295659,Chincholi,8,Ward No. 8,527,Belagavi,555,5435,Raybag,5435,0,0,karnataka
276568,1295659,Chincholi,8,Ward No. 8,527,Belagavi,555,5435,Raybag,5435,0,0,karnataka
276568,1295660,Chincholi,9,Ward No. 9,0,,0,0,,0,929125,0,karnataka
276568,1295660,Chincholi,9,Ward No. 9,0,,0,0,,0,929125,0,karnataka
251983,25748,Chintamani,1,Chintamani (Cmc) - Ward No.1,0,,0,0,,0,0,0,karnataka
251983,25757,Chintamani,10,Chintamani (Cmc) - Ward No.10,0,,0,0,,0,0,0,karnataka
251983,25758,Chintamani,11,Chintamani (Cmc) - Ward No.11,0,,0,0,,0,0,0,karnataka
251983,25759,Chintamani,12,Chintamani (Cmc) - Ward No.12,0,,0,0,,0,0,0,karnataka
251983,25760,Chintamani,13,Chintamani (Cmc) - Ward No.13,0,,0,0,,0,0,0,karnataka
251983,25761,Chintamani,14,Chintamani (Cmc) - Ward No.14,0,,0,0,,0,0,0,karnataka
251983,25762,Chintamani,15,Chintamani (Cmc) - Ward No.15,0,,0,0,,0,0,0,karnataka
251983,25763,Chintamani,16,Chintamani (Cmc) - Ward No.16,0,,0,0,,0,0,0,karnataka
251983,25764,Chintamani,17,Chintamani (Cmc) - Ward No.17,0,,0,0,,0,0,0,karnataka
251983,25765,Chintamani,18,Chintamani (Cmc) - Ward No.18,0,,0,0,,0,0,0,karnataka
251983,25766,Chintamani,19,Chintamani (Cmc) - Ward No.19,0,,0,0,,0,0,0,karnataka
251983,25749,Chintamani,2,Chintamani (Cmc) - Ward No.2,0,,0,0,,0,0,0,karnataka
251983,25767,Chintamani,20,Chintamani (Cmc) - Ward No.20,0,,0,0,,0,0,0,karnataka
251983,25768,Chintamani,21,Chintamani (Cmc) - Ward No.21,0,,0,0,,0,0,0,karnataka
251983,25769,Chintamani,22,Chintamani (Cmc) - Ward No.22,0,,0,0,,0,0,0,karnataka
251983,25770,Chintamani,23,Chintamani (Cmc) - Ward No.23,0,,0,0,,0,0,0,karnataka
251983,25771,Chintamani,24,Chintamani (Cmc) - Ward No.24,0,,0,0,,0,0,0,karnataka
251983,25772,Chintamani,25,Chintamani (Cmc) - Ward No.25,0,,0,0,,0,0,0,karnataka
251983,25773,Chintamani,26,Chintamani (Cmc) - Ward No.26,0,,0,0,,0,0,0,karnataka
251983,25774,Chintamani,27,Chintamani (Cmc) - Ward No.27,0,,0,0,,0,0,0,karnataka
251983,25775,Chintamani,28,Chintamani (Cmc) - Ward No.28,0,,0,0,,0,0,0,karnataka
251983,25776,Chintamani,29,Chintamani (Cmc) - Ward No.29,0,,0,0,,0,0,0,karnataka
251983,25750,Chintamani,3,Chintamani (Cmc) - Ward No.3,0,,0,0,,0,0,0,karnataka
251983,25777,Chintamani,30,Chintamani (Cmc) - Ward No.30,0,,0,0,,0,0,0,karnataka
251983,25778,Chintamani,31,Chintamani (Cmc) - Ward No.31,0,,0,0,,0,0,0,karnataka
251983,25751,Chintamani,4,Chintamani (Cmc) - Ward No.4,0,,0,0,,0,0,0,karnataka
251983,25752,Chintamani,5,Chintamani (Cmc) - Ward No.5,0,,0,0,,0,0,0,karnataka
251983,25753,Chintamani,6,Chintamani (Cmc) - Ward No.6,0,,0,0,,0,0,0,karnataka
251983,25754,Chintamani,7,Chintamani (Cmc) - Ward No.7,0,,0,0,,0,0,0,karnataka
251983,25755,Chintamani,8,Chintamani (Cmc) - Ward No.8,0,,0,0,,0,0,0,karnataka
251983,25756,Chintamani,9,Chintamani (Cmc) - Ward No.9,0,,0,0,,0,0,0,karnataka
251869,27581,Chitgoppa,1,Chitgoppa (TMC) - Ward No.1,0,,0,0,,0,0,0,karnataka
251869,27590,Chitgoppa,10,Chitgoppa (TMC) - Ward No.10,0,,0,0,,0,0,0,karnataka
251869,27591,Chitgoppa,11,Chitgoppa (TMC) - Ward No.11,0,,0,0,,0,0,0,karnataka
251869,27592,Chitgoppa,12,Chitgoppa (TMC) - Ward No.12,0,,0,0,,0,0,0,karnataka
251869,27593,Chitgoppa,13,Chitgoppa (TMC) - Ward No.13,0,,0,0,,0,0,0,karnataka
251869,27594,Chitgoppa,14,Chitgoppa (TMC) - Ward No.14,0,,0,0,,0,0,0,karnataka
251869,27595,Chitgoppa,15,Chitgoppa (TMC) - Ward No.15,0,,0,0,,0,0,0,karnataka
251869,27596,Chitgoppa,16,Chitgoppa (TMC) - Ward No.16,0,,0,0,,0,0,0,karnataka
251869,27597,Chitgoppa,17,Chitgoppa (TMC) - Ward No.17,0,,0,0,,0,0,0,karnataka
251869,27598,Chitgoppa,18,Chitgoppa (TMC) - Ward No.18,0,,0,0,,0,0,0,karnataka
251869,27599,Chitgoppa,19,Chitgoppa (TMC) - Ward No.19,0,,0,0,,0,0,0,karnataka
251869,27582,Chitgoppa,2,Chitgoppa (TMC) - Ward No.2,0,,0,0,,0,0,0,karnataka
251869,27600,Chitgoppa,20,Chitgoppa (TMC) - Ward No.20,0,,0,0,,0,0,0,karnataka
251869,27601,Chitgoppa,21,Chitgoppa (TMC) - Ward No.21,0,,0,0,,0,0,0,karnataka
251869,27602,Chitgoppa,22,Chitgoppa (TMC) - Ward No.22,0,,0,0,,0,0,0,karnataka
251869,27603,Chitgoppa,23,Chitgoppa (TMC) - Ward No.23,0,,0,0,,0,0,0,karnataka
251869,27583,Chitgoppa,3,Chitgoppa (TMC) - Ward No.3,0,,0,0,,0,0,0,karnataka
251869,27584,Chitgoppa,4,Chitgoppa (TMC) - Ward No.4,0,,0,0,,0,0,0,karnataka
251869,27585,Chitgoppa,5,Chitgoppa (TMC) - Ward No.5,0,,0,0,,0,0,0,karnataka
251869,27586,Chitgoppa,6,Chitgoppa (TMC) - Ward No.6,0,,0,0,,0,0,0,karnataka
251869,27587,Chitgoppa,7,Chitgoppa (TMC) - Ward No.7,0,,0,0,,0,0,0,karnataka
251869,27588,Chitgoppa,8,Chitgoppa (TMC) - Ward No.8,0,,0,0,,0,0,0,karnataka
251869,27589,Chitgoppa,9,Chitgoppa (TMC) - Ward No.9,0,,0,0,,0,0,0,karnataka
251934,30867,Chitradurga,1,Chitradurga (Cmc) - Ward No.1,0,,0,0,,0,0,0,karnataka
251934,30876,Chitradurga,10,Chitradurga (Cmc) - Ward No.10,0,,0,0,,0,0,0,karnataka
251934,30877,Chitradurga,11,Chitradurga (Cmc) - Ward No.11,0,,0,0,,0,0,0,karnataka
251934,30878,Chitradurga,12,Chitradurga (Cmc) - Ward No.12,0,,0,0,,0,0,0,karnataka
251934,30879,Chitradurga,13,Chitradurga (Cmc) - Ward No.13,0,,0,0,,0,0,0,karnataka
251934,30880,Chitradurga,14,Chitradurga (Cmc) - Ward No.14,0,,0,0,,0,0,0,karnataka
251934,30881,Chitradurga,15,Chitradurga (Cmc) - Ward No.15,0,,0,0,,0,0,0,karnataka
251934,30882,Chitradurga,16,Chitradurga (Cmc) - Ward No.16,0,,0,0,,0,0,0,karnataka
251934,30883,Chitradurga,17,Chitradurga (Cmc) - Ward No.17,0,,0,0,,0,0,0,karnataka
251934,31078,Chitradurga,18,Chitradurga (Cmc) - Ward No.18,0,,0,0,,0,0,0,karnataka
251934,31079,Chitradurga,19,Chitradurga (Cmc) - Ward No.19,0,,0,0,,0,0,0,karnataka
251934,30868,Chitradurga,2,Chitradurga (Cmc) - Ward No.2,0,,0,0,,0,0,0,karnataka
251934,31080,Chitradurga,20,Chitradurga (Cmc) - Ward No.20,0,,0,0,,0,0,0,karnataka
251934,31081,Chitradurga,21,Chitradurga (Cmc) - Ward No.21,0,,0,0,,0,0,0,karnataka
251934,31082,Chitradurga,22,Chitradurga (Cmc) - Ward No.22,0,,0,0,,0,0,0,karnataka
251934,31083,Chitradurga,23,Chitradurga (Cmc) - Ward No.23,0,,0,0,,0,0,0,karnataka
251934,31084,Chitradurga,24,Chitradurga (Cmc) - Ward No.24,0,,0,0,,0,0,0,karnataka
251934,31085,Chitradurga,25,Chitradurga (Cmc) - Ward No.25,0,,0,0,,0,0,0,karnataka
251934,31086,Chitradurga,26,Chitradurga (Cmc) - Ward No.26,0,,0,0,,0,0,0,karnataka
251934,31087,Chitradurga,27,Chitradurga (Cmc) - Ward No.27,0,,0,0,,0,0,0,karnataka
251934,31088,Chitradurga,28,Chitradurga (Cmc) - Ward No.28,0,,0,0,,0,0,0,karnataka
251934,31089,Chitradurga,29,Chitradurga (Cmc) - Ward No.29,0,,0,0,,0,0,0,karnataka
251934,30869,Chitradurga,3,Chitradurga (Cmc) - Ward No.3,0,,0,0,,0,0,0,karnataka
251934,31090,Chitradurga,30,Chitradurga (Cmc) - Ward No.30,0,,0,0,,0,0,0,karnataka
251934,31091,Chitradurga,31,Chitradurga (Cmc) - Ward No.31,0,,0,0,,0,0,0,karnataka
251934,31092,Chitradurga,32,Chitradurga (Cmc) - Ward No.32,0,,0,0,,0,0,0,karnataka
251934,31093,Chitradurga,33,Chitradurga (Cmc) - Ward No.33,0,,0,0,,0,0,0,karnataka
251934,31094,Chitradurga,34,Chitradurga (Cmc) - Ward No.34,0,,0,0,,0,0,0,karnataka
251934,31095,Chitradurga,35,Chitradurga (Cmc) - Ward No.35,0,,0,0,,0,0,0,karnataka
251934,30870,Chitradurga,4,Chitradurga (Cmc) - Ward No.4,0,,0,0,,0,0,0,karnataka
251934,30871,Chitradurga,5,Chitradurga (Cmc) - Ward No.5,0,,0,0,,0,0,0,karnataka
251934,30872,Chitradurga,6,Chitradurga (Cmc) - Ward No.6,0,,0,0,,0,0,0,karnataka
251934,30873,Chitradurga,7,Chitradurga (Cmc) - Ward No.7,0,,0,0,,0,0,0,karnataka
251934,30874,Chitradurga,8,Chitradurga (Cmc) - Ward No.8,0,,0,0,,0,0,0,karnataka
251934,30875,Chitradurga,9,Chitradurga (Cmc) - Ward No.9,0,,0,0,,0,0,0,karnataka
251853,27039,Chittapura,1,Chitapur (TP) - Ward No.1,0,,0,0,,0,0,0,karnataka
251853,27040,Chittapura,2,Chitapur (TP) - Ward No.2,0,,0,0,,0,0,0,karnataka
251853,27041,Chittapura,3,Chitapur (TP) - Ward No.3,0,,0,0,,0,0,0,karnataka
251853,27042,Chittapura,4,Chitapur (TP) - Ward No.4,0,,0,0,,0,0,0,karnataka
251853,27043,Chittapura,5,Chitapur (TP) - Ward No.5,0,,0,0,,0,0,0,karnataka
251853,2144726,Chittapura,10,Chittapura-10,0,,0,0,,0,0,0,karnataka
251853,2144727,Chittapura,11,Chittapura-11,0,,0,0,,0,0,0,karnataka
251853,2144728,Chittapura,12,Chittapura-12,0,,0,0,,0,0,0,karnataka
251853,2144729,Chittapura,13,Chittapura-13,0,,0,0,,0,0,0,karnataka
251853,2144730,Chittapura,14,Chittapura-14,0,,0,0,,0,0,0,karnataka
251853,2144731,Chittapura,15,Chittapura-15,0,,0,0,,0,0,0,karnataka
251853,2144732,Chittapura,16,Chittapura-16,0,,0,0,,0,0,0,karnataka
251853,2144733,Chittapura,17,Chittapura-17,0,,0,0,,0,0,0,karnataka
251853,2144734,Chittapura,18,Chittapura-18,0,,0,0,,0,0,0,karnataka
251853,2144735,Chittapura,19,Chittapura-19,0,,0,0,,0,0,0,karnataka
251853,2144736,Chittapura,20,Chittapura-20,0,,0,0,,0,0,0,karnataka
251853,2144737,Chittapura,21,Chittapura-21,0,,0,0,,0,0,0,karnataka
251853,2144738,Chittapura,22,Chittapura-22,0,,0,0,,0,0,0,karnataka
251853,2144739,Chittapura,23,Chittapura-23,0,,0,0,,0,0,0,karnataka
251853,2144722,Chittapura,6,Chittapura-6,0,,0,0,,0,0,0,karnataka
251853,2144723,Chittapura,7,Chittapura-7,0,,0,0,,0,0,0,karnataka
251853,2144724,Chittapura,8,Chittapura-8,0,,0,0,,0,0,0,karnataka
251853,2144725,Chittapura,9,Chittapura-9,0,,0,0,,0,0,0,karnataka
251899,28631,Dandeli,1,Dandeli (Cmc) - Ward No.1,0,,0,0,,0,0,0,karnataka
251899,28169,Dandeli,10,Dandeli (Cmc) - Ward No.10,0,,0,0,,0,0,0,karnataka
251899,28635,Dandeli,11,Dandeli (Cmc) - Ward No.11,0,,0,0,,0,0,0,karnataka
251899,28636,Dandeli,12,Dandeli (Cmc) - Ward No.12,0,,0,0,,0,0,0,karnataka
251899,28637,Dandeli,13,Dandeli (Cmc) - Ward No.13,0,,0,0,,0,0,0,karnataka
251899,28638,Dandeli,14,Dandeli (Cmc) - Ward No.14,0,,0,0,,0,0,0,karnataka
251899,28639,Dandeli,15,Dandeli (Cmc) - Ward No.15,0,,0,0,,0,0,0,karnataka
251899,28640,Dandeli,16,Dandeli (Cmc) - Ward No.16,0,,0,0,,0,0,0,karnataka
251899,28641,Dandeli,17,Dandeli (Cmc) - Ward No.17,0,,0,0,,0,0,0,karnataka
251899,28642,Dandeli,18,Dandeli (Cmc) - Ward No.18,0,,0,0,,0,0,0,karnataka
251899,28643,Dandeli,19,Dandeli (Cmc) - Ward No.19,0,,0,0,,0,0,0,karnataka
251899,28632,Dandeli,2,Dandeli (Cmc) - Ward No.2,0,,0,0,,0,0,0,karnataka
251899,28644,Dandeli,20,Dandeli (Cmc) - Ward No.20,0,,0,0,,0,0,0,karnataka
251899,28645,Dandeli,21,Dandeli (Cmc) - Ward No.21,0,,0,0,,0,0,0,karnataka
251899,28646,Dandeli,22,Dandeli (Cmc) - Ward No.22,0,,0,0,,0,0,0,karnataka
251899,28647,Dandeli,23,Dandeli (Cmc) - Ward No.23,0,,0,0,,0,0,0,karnataka
251899,28648,Dandeli,24,Dandeli (Cmc) - Ward No.24,0,,0,0,,0,0,0,karnataka
251899,28649,Dandeli,25,Dandeli (Cmc) - Ward No.25,0,,0,0,,0,0,0,karnataka
251899,28650,Dandeli,26,Dandeli (Cmc) - Ward No.26,0,,0,0,,0,0,0,karnataka
251899,28651,Dandeli,27,Dandeli (Cmc) - Ward No.27,0,,0,0,,0,0,0,karnataka
251899,28652,Dandeli,28,Dandeli (Cmc) - Ward No.28,0,,0,0,,0,0,0,karnataka
251899,28653,Dandeli,29,Dandeli (Cmc) - Ward No.29,0,,0,0,,0,0,0,karnataka
251899,28633,Dandeli,3,Dandeli (Cmc) - Ward No.3,0,,0,0,,0,0,0,karnataka
251899,28654,Dandeli,30,Dandeli (Cmc) - Ward No.30,0,,0,0,,0,0,0,karnataka
251899,28655,Dandeli,31,Dandeli (Cmc) - Ward No.31,0,,0,0,,0,0,0,karnataka
251899,28634,Dandeli,4,Dandeli (Cmc) - Ward No.4,0,,0,0,,0,0,0,karnataka
251899,28164,Dandeli,5,Dandeli (Cmc) - Ward No.5,0,,0,0,,0,0,0,karnataka
251899,28165,Dandeli,6,Dandeli (Cmc) - Ward No.6,0,,0,0,,0,0,0,karnataka
251899,28166,Dandeli,7,Dandeli (Cmc) - Ward No.7,0,,0,0,,0,0,0,karnataka
251899,28167,Dandeli,8,Dandeli (Cmc) - Ward No.8,0,,0,0,,0,0,0,karnataka
251899,28168,Dandeli,9,Dandeli (Cmc) - Ward No.9,0,,0,0,,0,0,0,karnataka
251941,31182,Davanagere,1,Davanagere (Cmc) - Ward No.1,0,,0,0,,0,0,0,karnataka
251941,31191,Davanagere,10,Davanagere (Cmc) - Ward No.10,0,,0,0,,0,0,0,karnataka
251941,31192,Davanagere,11,Davanagere (Cmc) - Ward No.11,0,,0,0,,0,0,0,karnataka
251941,31193,Davanagere,12,Davanagere (Cmc) - Ward No.12,0,,0,0,,0,0,0,karnataka
251941,31194,Davanagere,13,Davanagere (Cmc) - Ward No.13,0,,0,0,,0,0,0,karnataka
251941,31195,Davanagere,14,Davanagere (Cmc) - Ward No.14,0,,0,0,,0,0,0,karnataka
251941,31196,Davanagere,15,Davanagere (Cmc) - Ward No.15,0,,0,0,,0,0,0,karnataka
251941,31197,Davanagere,16,Davanagere (Cmc) - Ward No.16,0,,0,0,,0,0,0,karnataka
251941,31198,Davanagere,17,Davanagere (Cmc) - Ward No.17,0,,0,0,,0,0,0,karnataka
251941,31199,Davanagere,18,Davanagere (Cmc) - Ward No.18,0,,0,0,,0,0,0,karnataka
251941,31200,Davanagere,19,Davanagere (Cmc) - Ward No.19,0,,0,0,,0,0,0,karnataka
251941,31183,Davanagere,2,Davanagere (Cmc) - Ward No.2,0,,0,0,,0,0,0,karnataka
251941,31201,Davanagere,20,Davanagere (Cmc) - Ward No.20,0,,0,0,,0,0,0,karnataka
251941,31202,Davanagere,21,Davanagere (Cmc) - Ward No.21,0,,0,0,,0,0,0,karnataka
251941,31203,Davanagere,22,Davanagere (Cmc) - Ward No.22,0,,0,0,,0,0,0,karnataka
251941,31204,Davanagere,23,Davanagere (Cmc) - Ward No.23,0,,0,0,,0,0,0,karnataka
251941,31205,Davanagere,24,Davanagere (Cmc) - Ward No.24,0,,0,0,,0,0,0,karnataka
251941,31206,Davanagere,25,Davanagere (Cmc) - Ward No.25,0,,0,0,,0,0,0,karnataka
251941,31207,Davanagere,26,Davanagere (Cmc) - Ward No.26,0,,0,0,,0,0,0,karnataka
251941,31208,Davanagere,27,Davanagere (Cmc) - Ward No.27,0,,0,0,,0,0,0,karnataka
251941,31209,Davanagere,28,Davanagere (Cmc) - Ward No.28,0,,0,0,,0,0,0,karnataka
251941,31210,Davanagere,29,Davanagere (Cmc) - Ward No.29,0,,0,0,,0,0,0,karnataka
251941,31184,Davanagere,3,Davanagere (Cmc) - Ward No.3,0,,0,0,,0,0,0,karnataka
251941,31211,Davanagere,30,Davanagere (Cmc) - Ward No.30,0,,0,0,,0,0,0,karnataka
251941,31212,Davanagere,31,Davanagere (Cmc) - Ward No.31,0,,0,0,,0,0,0,karnataka
251941,31213,Davanagere,32,Davanagere (Cmc) - Ward No.32,0,,0,0,,0,0,0,karnataka
251941,31214,Davanagere,33,Davanagere (Cmc) - Ward No.33,0,,0,0,,0,0,0,karnataka
251941,31215,Davanagere,34,Davanagere (Cmc) - Ward No.34,0,,0,0,,0,0,0,karnataka
251941,31216,Davanagere,35,Davanagere (Cmc) - Ward No.35,0,,0,0,,0,0,0,karnataka
251941,1886596,Davanagere,36,Davanagere (Cmc) - Ward No.36,0,,0,0,,0,0,0,karnataka
251941,1886597,Davanagere,37,Davanagere (Cmc) - Ward No.37,0,,0,0,,0,0,0,karnataka
251941,1886598,Davanagere,38,Davanagere (Cmc) - Ward No.38,0,,0,0,,0,0,0,karnataka
251941,1886599,Davanagere,39,Davanagere (Cmc) - Ward No.39,0,,0,0,,0,0,0,karnataka
251941,31185,Davanagere,4,Davanagere (Cmc) - Ward No.4,0,,0,0,,0,0,0,karnataka
251941,1886600,Davanagere,40,Davanagere (Cmc) - Ward No.40,0,,0,0,,0,0,0,karnataka
251941,1886601,Davanagere,41,Davanagere (Cmc) - Ward No.41,0,,0,0,,0,0,0,karnataka
251941,2443618,Davanagere,42,Davanagere (Cmc) - Ward No.42,0,,0,0,,0,0,0,karnataka
251941,2443619,Davanagere,43,Davanagere (Cmc) - Ward No.43,0,,0,0,,0,0,0,karnataka
251941,2443620,Davanagere,44,Davanagere (Cmc) - Ward No.44,0,,0,0,,0,0,0,karnataka
251941,2443621,Davanagere,45,Davanagere (Cmc) - Ward No.45,0,,0,0,,0,0,0,karnataka
251941,31186,Davanagere,5,Davanagere (Cmc) - Ward No.5,0,,0,0,,0,0,0,karnataka
251941,31187,Davanagere,6,Davanagere (Cmc) - Ward No.6,0,,0,0,,0,0,0,karnataka
251941,31188,Davanagere,7,Davanagere (Cmc) - Ward No.7,0,,0,0,,0,0,0,karnataka
251941,31189,Davanagere,8,Davanagere (Cmc) - Ward No.8,0,,0,0,,0,0,0,karnataka
251941,31190,Davanagere,9,Davanagere (Cmc) - Ward No.9,0,,0,0,,0,0,0,karnataka
251874,63776,Devadurga,1,Devadurga (TP) - Ward No.1,0,,0,0,,0,0,0,karnataka
251874,63785,Devadurga,10,Devadurga (TP) - Ward No.10,0,,0,0,,0,0,0,karnataka
251874,63786,Devadurga,11,Devadurga (TP) - Ward No.11,0,,0,0,,0,0,0,karnataka
251874,63787,Devadurga,12,Devadurga (TP) - Ward No.12,0,,0,0,,0,0,0,karnataka
251874,63788,Devadurga,13,Devadurga (TP) - Ward No.13,0,,0,0,,0,0,0,karnataka
251874,63789,Devadurga,14,Devadurga (TP) - Ward No.14,0,,0,0,,0,0,0,karnataka
251874,63790,Devadurga,15,Devadurga (TP) - Ward No.15,0,,0,0,,0,0,0,karnataka
251874,63791,Devadurga,16,Devadurga (TP) - Ward No.16,0,,0,0,,0,0,0,karnataka
251874,63792,Devadurga,17,Devadurga (TP) - Ward No.17,0,,0,0,,0,0,0,karnataka
251874,63793,Devadurga,18,Devadurga (TP) - Ward No.18,0,,0,0,,0,0,0,karnataka
251874,1921618,Devadurga,19,Devadurga (TP) - Ward No.19,0,,0,0,,0,0,0,karnataka
251874,63777,Devadurga,2,Devadurga (TP) - Ward No.2,0,,0,0,,0,0,0,karnataka
251874,1921619,Devadurga,20,Devadurga (TP) - Ward No.20,0,,0,0,,0,0,0,karnataka
251874,1921620,Devadurga,21,Devadurga (TP) - Ward No.21,0,,0,0,,0,0,0,karnataka
251874,1921621,Devadurga,22,Devadurga (TP) - Ward No.22,0,,0,0,,0,0,0,karnataka
251874,1921622,Devadurga,23,Devadurga (TP) - Ward No.23,0,,0,0,,0,0,0,karnataka
251874,63778,Devadurga,3,Devadurga (TP) - Ward No.3,0,,0,0,,0,0,0,karnataka
251874,63779,Devadurga,4,Devadurga (TP) - Ward No.4,0,,0,0,,0,0,0,karnataka
251874,63780,Devadurga,5,Devadurga (TP) - Ward No.5,0,,0,0,,0,0,0,karnataka
251874,63781,Devadurga,6,Devadurga (TP) - Ward No.6,0,,0,0,,0,0,0,karnataka
251874,63782,Devadurga,7,Devadurga (TP) - Ward No.7,0,,0,0,,0,0,0,karnataka
251874,63783,Devadurga,8,Devadurga (TP) - Ward No.8,0,,0,0,,0,0,0,karnataka
251874,63784,Devadurga,9,Devadurga (TP) - Ward No.9,0,,0,0,,0,0,0,karnataka
251994,65102,Devanahalli,1,Devanahalli (TMC) - Ward No.1,0,,0,0,,0,0,0,karnataka
251994,65111,Devanahalli,10,Devanahalli (TMC) - Ward No.10,0,,0,0,,0,0,0,karnataka
251994,65112,Devanahalli,11,Devanahalli (TMC) - Ward No.11,0,,0,0,,0,0,0,karnataka
251994,65113,Devanahalli,12,Devanahalli (TMC) - Ward No.12,0,,0,0,,0,0,0,karnataka
251994,65114,Devanahalli,13,Devanahalli (TMC) - Ward No.13,0,,0,0,,0,0,0,karnataka
251994,65115,Devanahalli,14,Devanahalli (TMC) - Ward No.14,0,,0,0,,0,0,0,karnataka
251994,65116,Devanahalli,15,Devanahalli (TMC) - Ward No.15,0,,0,0,,0,0,0,karnataka
251994,65117,Devanahalli,16,Devanahalli (TMC) - Ward No.16,0,,0,0,,0,0,0,karnataka
251994,65118,Devanahalli,17,Devanahalli (TMC) - Ward No.17,0,,0,0,,0,0,0,karnataka
251994,65119,Devanahalli,18,Devanahalli (TMC) - Ward No.18,0,,0,0,,0,0,0,karnataka
251994,65120,Devanahalli,19,Devanahalli (TMC) - Ward No.19,0,,0,0,,0,0,0,karnataka
251994,65103,Devanahalli,2,Devanahalli (TMC) - Ward No.2,0,,0,0,,0,0,0,karnataka
251994,65121,Devanahalli,20,Devanahalli (TMC) - Ward No.20,0,,0,0,,0,0,0,karnataka
251994,65122,Devanahalli,21,Devanahalli (TMC) - Ward No.21,0,,0,0,,0,0,0,karnataka
251994,65123,Devanahalli,22,Devanahalli (TMC) - Ward No.22,0,,0,0,,0,0,0,karnataka
251994,65124,Devanahalli,23,Devanahalli (TMC) - Ward No.23,0,,0,0,,0,0,0,karnataka
251994,65104,Devanahalli,3,Devanahalli (TMC) - Ward No.3,0,,0,0,,0,0,0,karnataka
251994,65105,Devanahalli,4,Devanahalli (TMC) - Ward No.4,0,,0,0,,0,0,0,karnataka
251994,65106,Devanahalli,5,Devanahalli (TMC) - Ward No.5,0,,0,0,,0,0,0,karnataka
251994,65107,Devanahalli,6,Devanahalli (TMC) - Ward No.6,0,,0,0,,0,0,0,karnataka
251994,65108,Devanahalli,7,Devanahalli (TMC) - Ward No.7,0,,0,0,,0,0,0,karnataka
251994,65109,Devanahalli,8,Devanahalli (TMC) - Ward No.8,0,,0,0,,0,0,0,karnataka
251994,65110,Devanahalli,9,Devanahalli (TMC) - Ward No.9,0,,0,0,,0,0,0,karnataka
276558,1296178,Devarahipparagi,13,Ayyappa Masbinal Oni,530,Vijayapura,557,5451,Sindgi,5451,0,0,karnataka
276558,1296178,Devarahipparagi,13,Ayyappa Masbinal Oni,530,Vijayapura,557,5451,Sindgi,5451,0,0,karnataka
276558,1296180,Devarahipparagi,15,Devanagaon Oni,0,,0,0,,0,928592,0,karnataka
276558,1296180,Devarahipparagi,15,Devanagaon Oni,0,,0,0,,0,928592,0,karnataka
276558,1296174,Devarahipparagi,9,Dr.Ambedkar Bhavan,0,,0,0,,0,928592,0,karnataka
276558,1296174,Devarahipparagi,9,Dr.Ambedkar Bhavan,0,,0,0,,0,928592,0,karnataka
276558,1296172,Devarahipparagi,7,Gaddagimath,0,,0,0,,0,928592,0,karnataka
276558,1296172,Devarahipparagi,7,Gaddagimath,0,,0,0,,0,928592,0,karnataka
276558,1296168,Devarahipparagi,3,Goudar Colony(Bevinakatti),530,Vijayapura,557,5451,Sindgi,5451,0,0,karnataka
276558,1296168,Devarahipparagi,3,Goudar Colony(Bevinakatti),530,Vijayapura,557,5451,Sindgi,5451,0,0,karnataka
276558,1296173,Devarahipparagi,8,Ilager Oni,0,,0,0,,0,928592,0,karnataka
276558,1296173,Devarahipparagi,8,Ilager Oni,0,,0,0,,0,928592,0,karnataka
276558,1296177,Devarahipparagi,12,Jatagar Oni,530,Vijayapura,557,5451,Sindgi,5451,0,0,karnataka
276558,1296177,Devarahipparagi,12,Jatagar Oni,530,Vijayapura,557,5451,Sindgi,5451,0,0,karnataka
276558,1296166,Devarahipparagi,1,Kalmeshwar Temple,530,Vijayapura,557,5451,Sindgi,5451,0,0,karnataka
276558,1296166,Devarahipparagi,1,Kalmeshwar Temple,530,Vijayapura,557,5451,Sindgi,5451,0,0,karnataka
276558,1296181,Devarahipparagi,16,Kannada Gandu Makkala Shale,0,,0,0,,0,928592,0,karnataka
276558,1296181,Devarahipparagi,16,Kannada Gandu Makkala Shale,0,,0,0,,0,928592,0,karnataka
276558,1296170,Devarahipparagi,5,Kuri Hatti,0,,0,0,,0,928592,0,karnataka
276558,1296170,Devarahipparagi,5,Kuri Hatti,0,,0,0,,0,928592,0,karnataka
276558,1296179,Devarahipparagi,14,Momin Oni,530,Vijayapura,557,5451,Sindgi,5451,0,0,karnataka
276558,1296179,Devarahipparagi,14,Momin Oni,530,Vijayapura,557,5451,Sindgi,5451,0,0,karnataka
276558,1296169,Devarahipparagi,4,Ravutharaya Temple,530,Vijayapura,557,5451,Sindgi,5451,0,0,karnataka
276558,1296169,Devarahipparagi,4,Ravutharaya Temple,530,Vijayapura,557,5451,Sindgi,5451,0,0,karnataka
276558,1296182,Devarahipparagi,17,Shevalal Nagar(Tanda),0,,0,0,,0,928592,0,karnataka
276558,1296182,Devarahipparagi,17,Shevalal Nagar(Tanda),0,,0,0,,0,928592,0,karnataka
276558,1296175,Devarahipparagi,10,Shivanakalli,530,Vijayapura,557,5451,Sindgi,5451,0,0,karnataka
276558,1296175,Devarahipparagi,10,Shivanakalli,530,Vijayapura,557,5451,Sindgi,5451,0,0,karnataka
276558,1296167,Devarahipparagi,2,Veerabadrehwar Temple,530,Vijayapura,557,5451,Sindgi,5451,0,0,karnataka
276558,1296167,Devarahipparagi,2,Veerabadrehwar Temple,530,Vijayapura,557,5451,Sindgi,5451,0,0,karnataka
276558,1296171,Devarahipparagi,6,Vittal Mandir,0,,0,0,,0,928592,0,karnataka
276558,1296171,Devarahipparagi,6,Vittal Mandir,0,,0,0,,0,928592,0,karnataka
276558,1296176,Devarahipparagi,11,Water Tank,530,Vijayapura,557,5451,Sindgi,5451,0,0,karnataka
276558,1296176,Devarahipparagi,11,Water Tank,530,Vijayapura,557,5451,Sindgi,5451,0,0,karnataka
305604,3320062,Dhoranahalli,1,ward No.1,0,,0,0,,0,0,0,karnataka
305604,3320071,Dhoranahalli,10,ward No.10,0,,0,0,,0,0,0,karnataka
305604,3320072,Dhoranahalli,11,ward No.11,0,,0,0,,0,0,0,karnataka
305604,3320073,Dhoranahalli,12,ward No.12,0,,0,0,,0,0,0,karnataka
305604,3320074,Dhoranahalli,13,ward No.13,0,,0,0,,0,0,0,karnataka
305604,3320075,Dhoranahalli,14,ward No.14,0,,0,0,,0,0,0,karnataka
305604,3320076,Dhoranahalli,15,ward No.15,0,,0,0,,0,0,0,karnataka
305604,3320077,Dhoranahalli,16,ward No.16,0,,0,0,,0,0,0,karnataka
305604,3320078,Dhoranahalli,17,ward No.17,0,,0,0,,0,0,0,karnataka
305604,3320079,Dhoranahalli,18,ward No.18,0,,0,0,,0,0,0,karnataka
305604,3320063,Dhoranahalli,2,ward No.2,0,,0,0,,0,0,0,karnataka
305604,3320064,Dhoranahalli,3,ward No.3,0,,0,0,,0,0,0,karnataka
305604,3320065,Dhoranahalli,4,ward No.4,0,,0,0,,0,0,0,karnataka
305604,3320066,Dhoranahalli,5,ward No.5,0,,0,0,,0,0,0,karnataka
305604,3320067,Dhoranahalli,6,ward No.6,0,,0,0,,0,0,0,karnataka
305604,3320068,Dhoranahalli,7,ward No.7,0,,0,0,,0,0,0,karnataka
305604,3320069,Dhoranahalli,8,ward No.8,0,,0,0,,0,0,0,karnataka
305604,3320070,Dhoranahalli,9,ward No.9,0,,0,0,,0,0,0,karnataka
251992,26471,Dod Ballapur,1,Dod Ballapur (Cmc) - Ward No.1,0,,0,0,,0,0,0,karnataka
251992,26480,Dod Ballapur,10,Dod Ballapur (Cmc) - Ward No.10,0,,0,0,,0,0,0,karnataka
251992,26481,Dod Ballapur,11,Dod Ballapur (Cmc) - Ward No.11,0,,0,0,,0,0,0,karnataka
251992,26482,Dod Ballapur,12,Dod Ballapur (Cmc) - Ward No.12,0,,0,0,,0,0,0,karnataka
251992,26483,Dod Ballapur,13,Dod Ballapur (Cmc) - Ward No.13,0,,0,0,,0,0,0,karnataka
251992,26484,Dod Ballapur,14,Dod Ballapur (Cmc) - Ward No.14,0,,0,0,,0,0,0,karnataka
251992,26485,Dod Ballapur,15,Dod Ballapur (Cmc) - Ward No.15,0,,0,0,,0,0,0,karnataka
251992,26486,Dod Ballapur,16,Dod Ballapur (Cmc) - Ward No.16,0,,0,0,,0,0,0,karnataka
251992,26487,Dod Ballapur,17,Dod Ballapur (Cmc) - Ward No.17,0,,0,0,,0,0,0,karnataka
251992,26488,Dod Ballapur,18,Dod Ballapur (Cmc) - Ward No.18,0,,0,0,,0,0,0,karnataka
251992,26489,Dod Ballapur,19,Dod Ballapur (Cmc) - Ward No.19,0,,0,0,,0,0,0,karnataka
251992,26472,Dod Ballapur,2,Dod Ballapur (Cmc) - Ward No.2,0,,0,0,,0,0,0,karnataka
251992,26490,Dod Ballapur,20,Dod Ballapur (Cmc) - Ward No.20,0,,0,0,,0,0,0,karnataka
251992,26491,Dod Ballapur,21,Dod Ballapur (Cmc) - Ward No.21,0,,0,0,,0,0,0,karnataka
251992,26492,Dod Ballapur,22,Dod Ballapur (Cmc) - Ward No.22,0,,0,0,,0,0,0,karnataka
251992,26493,Dod Ballapur,23,Dod Ballapur (Cmc) - Ward No.23,0,,0,0,,0,0,0,karnataka
251992,26494,Dod Ballapur,24,Dod Ballapur (Cmc) - Ward No.24,0,,0,0,,0,0,0,karnataka
251992,26495,Dod Ballapur,25,Dod Ballapur (Cmc) - Ward No.25,0,,0,0,,0,0,0,karnataka
251992,26496,Dod Ballapur,26,Dod Ballapur (Cmc) - Ward No.26,0,,0,0,,0,0,0,karnataka
251992,26497,Dod Ballapur,27,Dod Ballapur (Cmc) - Ward No.27,0,,0,0,,0,0,0,karnataka
251992,26498,Dod Ballapur,28,Dod Ballapur (Cmc) - Ward No.28,0,,0,0,,0,0,0,karnataka
251992,26499,Dod Ballapur,29,Dod Ballapur (Cmc) - Ward No.29,0,,0,0,,0,0,0,karnataka
251992,26473,Dod Ballapur,3,Dod Ballapur (Cmc) - Ward No.3,0,,0,0,,0,0,0,karnataka
251992,26500,Dod Ballapur,30,Dod Ballapur (Cmc) - Ward No.30,0,,0,0,,0,0,0,karnataka
251992,26501,Dod Ballapur,31,Dod Ballapur (Cmc) - Ward No.31,0,,0,0,,0,0,0,karnataka
251992,26474,Dod Ballapur,4,Dod Ballapur (Cmc) - Ward No.4,0,,0,0,,0,0,0,karnataka
251992,26475,Dod Ballapur,5,Dod Ballapur (Cmc) - Ward No.5,0,,0,0,,0,0,0,karnataka
251992,26476,Dod Ballapur,6,Dod Ballapur (Cmc) - Ward No.6,0,,0,0,,0,0,0,karnataka
251992,26477,Dod Ballapur,7,Dod Ballapur (Cmc) - Ward No.7,0,,0,0,,0,0,0,karnataka
251992,26478,Dod Ballapur,8,Dod Ballapur (Cmc) - Ward No.8,0,,0,0,,0,0,0,karnataka
251992,26479,Dod Ballapur,9,Dod Ballapur (Cmc) - Ward No.9,0,,0,0,,0,0,0,karnataka
301176,3068765,Doddathoguru,1,ward,0,,0,0,,0,0,0,karnataka
276575,1295671,Examba,1,Ward No. 1,527,Belagavi,555,5433,Chikodi,5433,0,0,karnataka
276575,1295671,Examba,1,Ward No. 1,527,Belagavi,555,5433,Chikodi,5433,0,0,karnataka
276575,1295680,Examba,10,Ward No.10,0,,0,0,,0,929124,0,karnataka
276575,1295680,Examba,10,Ward No.10,0,,0,0,,0,929124,0,karnataka
276575,1295681,Examba,11,Ward No.11,0,,0,0,,0,929124,0,karnataka
276575,1295681,Examba,11,Ward No.11,0,,0,0,,0,929124,0,karnataka
276575,1295682,Examba,12,Ward No.12,0,,0,0,,0,929124,0,karnataka
276575,1295682,Examba,12,Ward No.12,0,,0,0,,0,929124,0,karnataka
276575,1295683,Examba,13,Ward No.13,527,Belagavi,555,5433,Chikodi,5433,0,0,karnataka
276575,1295683,Examba,13,Ward No.13,527,Belagavi,555,5433,Chikodi,5433,0,0,karnataka
276575,1295684,Examba,14,Ward No.14,0,,0,0,,0,929124,0,karnataka
276575,1295684,Examba,14,Ward No.14,0,,0,0,,0,929124,0,karnataka
276575,1295685,Examba,15,Ward No.15,0,,0,0,,0,0,0,karnataka
276575,1295686,Examba,16,Ward No.16,0,,0,0,,0,929124,0,karnataka
276575,1295686,Examba,16,Ward No.16,0,,0,0,,0,929124,0,karnataka
276575,1295687,Examba,17,Ward No.17,527,Belagavi,555,5433,Chikodi,5433,0,0,karnataka
276575,1295687,Examba,17,Ward No.17,527,Belagavi,555,5433,Chikodi,5433,0,0,karnataka
276575,1295672,Examba,2,Ward No. 2,0,,0,0,,0,929124,0,karnataka
276575,1295672,Examba,2,Ward No. 2,0,,0,0,,0,929124,0,karnataka
276575,1295673,Examba,3,Ward No.3,0,,0,0,,0,929124,0,karnataka
276575,1295673,Examba,3,Ward No.3,0,,0,0,,0,929124,0,karnataka
276575,1295674,Examba,4,Ward No. 4,527,Belagavi,555,5433,Chikodi,5433,0,0,karnataka
276575,1295674,Examba,4,Ward No. 4,527,Belagavi,555,5433,Chikodi,5433,0,0,karnataka
276575,1295675,Examba,5,Ward No. 5,527,Belagavi,555,5433,Chikodi,5433,0,0,karnataka
276575,1295675,Examba,5,Ward No. 5,527,Belagavi,555,5433,Chikodi,5433,0,0,karnataka
276575,1295676,Examba,6,Ward No. 6,0,,0,0,,0,929124,0,karnataka
276575,1295676,Examba,6,Ward No. 6,0,,0,0,,0,929124,0,karnataka
276575,1295677,Examba,7,Ward No. 7,527,Belagavi,555,5433,Chikodi,5433,0,0,karnataka
276575,1295677,Examba,7,Ward No. 7,527,Belagavi,555,5433,Chikodi,5433,0,0,karnataka
276575,1295678,Examba,8,Ward No. 8,0,,0,0,,0,929124,0,karnataka
276575,1295678,Examba,8,Ward No. 8,0,,0,0,,0,929124,0,karnataka
276575,1295679,Examba,9,Ward No. 9,0,,0,0,,0,929124,0,karnataka
276575,1295679,Examba,9,Ward No. 9,0,,0,0,,0,929124,0,karnataka
251888,27964,Gadag-Betigeri,1,Gadag-Betigeri (Cmc) - Ward No.1,0,,0,0,,0,0,0,karnataka
251888,27973,Gadag-Betigeri,10,Gadag-Betigeri (Cmc) - Ward No.10,0,,0,0,,0,0,0,karnataka
251888,27974,Gadag-Betigeri,11,Gadag-Betigeri (Cmc) - Ward No.11,0,,0,0,,0,0,0,karnataka
251888,27975,Gadag-Betigeri,12,Gadag-Betigeri (Cmc) - Ward No.12,0,,0,0,,0,0,0,karnataka
251888,27976,Gadag-Betigeri,13,Gadag-Betigeri (Cmc) - Ward No.13,0,,0,0,,0,0,0,karnataka
251888,27977,Gadag-Betigeri,14,Gadag-Betigeri (Cmc) - Ward No.14,0,,0,0,,0,0,0,karnataka
251888,27978,Gadag-Betigeri,15,Gadag-Betigeri (Cmc) - Ward No.15,0,,0,0,,0,0,0,karnataka
251888,27979,Gadag-Betigeri,16,Gadag-Betigeri (Cmc) - Ward No.16,0,,0,0,,0,0,0,karnataka
251888,27980,Gadag-Betigeri,17,Gadag-Betigeri (Cmc) - Ward No.17,0,,0,0,,0,0,0,karnataka
251888,27981,Gadag-Betigeri,18,Gadag-Betigeri (Cmc) - Ward No.18,0,,0,0,,0,0,0,karnataka
251888,27982,Gadag-Betigeri,19,Gadag-Betigeri (Cmc) - Ward No.19,0,,0,0,,0,0,0,karnataka
251888,27965,Gadag-Betigeri,2,Gadag-Betigeri (Cmc) - Ward No.2,0,,0,0,,0,0,0,karnataka
251888,27983,Gadag-Betigeri,20,Gadag-Betigeri (Cmc) - Ward No.20,0,,0,0,,0,0,0,karnataka
251888,27984,Gadag-Betigeri,21,Gadag-Betigeri (Cmc) - Ward No.21,0,,0,0,,0,0,0,karnataka
251888,27985,Gadag-Betigeri,22,Gadag-Betigeri (Cmc) - Ward No.22,0,,0,0,,0,0,0,karnataka
251888,27986,Gadag-Betigeri,23,Gadag-Betigeri (Cmc) - Ward No.23,0,,0,0,,0,0,0,karnataka
251888,27987,Gadag-Betigeri,24,Gadag-Betigeri (Cmc) - Ward No.24,0,,0,0,,0,0,0,karnataka
251888,27988,Gadag-Betigeri,25,Gadag-Betigeri (Cmc) - Ward No.25,0,,0,0,,0,0,0,karnataka
251888,27989,Gadag-Betigeri,26,Gadag-Betigeri (Cmc) - Ward No.26,0,,0,0,,0,0,0,karnataka
251888,27990,Gadag-Betigeri,27,Gadag-Betigeri (Cmc) - Ward No.27,0,,0,0,,0,0,0,karnataka
251888,27991,Gadag-Betigeri,28,Gadag-Betigeri (Cmc) - Ward No.28,0,,0,0,,0,0,0,karnataka
251888,27992,Gadag-Betigeri,29,Gadag-Betigeri (Cmc) - Ward No.29,0,,0,0,,0,0,0,karnataka
251888,27966,Gadag-Betigeri,3,Gadag-Betigeri (Cmc) - Ward No.3,0,,0,0,,0,0,0,karnataka
251888,27993,Gadag-Betigeri,30,Gadag-Betigeri (Cmc) - Ward No.30,0,,0,0,,0,0,0,karnataka
251888,27994,Gadag-Betigeri,31,Gadag-Betigeri (Cmc) - Ward No.31,0,,0,0,,0,0,0,karnataka
251888,27995,Gadag-Betigeri,32,Gadag-Betigeri (Cmc) - Ward No.32,0,,0,0,,0,0,0,karnataka
251888,27996,Gadag-Betigeri,33,Gadag-Betigeri (Cmc) - Ward No.33,0,,0,0,,0,0,0,karnataka
251888,27997,Gadag-Betigeri,34,Gadag-Betigeri (Cmc) - Ward No.34,0,,0,0,,0,0,0,karnataka
251888,27998,Gadag-Betigeri,35,Gadag-Betigeri (Cmc) - Ward No.35,0,,0,0,,0,0,0,karnataka
251888,27967,Gadag-Betigeri,4,Gadag-Betigeri (Cmc) - Ward No.4,0,,0,0,,0,0,0,karnataka
251888,27968,Gadag-Betigeri,5,Gadag-Betigeri (Cmc) - Ward No.5,0,,0,0,,0,0,0,karnataka
251888,27969,Gadag-Betigeri,6,Gadag-Betigeri (Cmc) - Ward No.6,0,,0,0,,0,0,0,karnataka
251888,27970,Gadag-Betigeri,7,Gadag-Betigeri (Cmc) - Ward No.7,0,,0,0,,0,0,0,karnataka
251888,27971,Gadag-Betigeri,8,Gadag-Betigeri (Cmc) - Ward No.8,0,,0,0,,0,0,0,karnataka
251888,27972,Gadag-Betigeri,9,Gadag-Betigeri (Cmc) - Ward No.9,0,,0,0,,0,0,0,karnataka
251886,27926,Gajendragarh,1,Gajendragarh (TMC) - Ward No.1,0,,0,0,,0,0,0,karnataka
251886,27935,Gajendragarh,10,Gajendragarh (TMC) - Ward No.10,0,,0,0,,0,0,0,karnataka
251886,27936,Gajendragarh,11,Gajendragarh (TMC) - Ward No.11,0,,0,0,,0,0,0,karnataka
251886,27937,Gajendragarh,12,Gajendragarh (TMC) - Ward No.12,0,,0,0,,0,0,0,karnataka
251886,27938,Gajendragarh,13,Gajendragarh (TMC) - Ward No.13,0,,0,0,,0,0,0,karnataka
251886,27939,Gajendragarh,14,Gajendragarh (TMC) - Ward No.14,0,,0,0,,0,0,0,karnataka
251886,27940,Gajendragarh,15,Gajendragarh (TMC) - Ward No.15,0,,0,0,,0,0,0,karnataka
251886,27941,Gajendragarh,16,Gajendragarh (TMC) - Ward No.16,0,,0,0,,0,0,0,karnataka
251886,27942,Gajendragarh,17,Gajendragarh (TMC) - Ward No.17,0,,0,0,,0,0,0,karnataka
251886,27943,Gajendragarh,18,Gajendragarh (TMC) - Ward No.18,0,,0,0,,0,0,0,karnataka
251886,27944,Gajendragarh,19,Gajendragarh (TMC) - Ward No.19,0,,0,0,,0,0,0,karnataka
251886,27927,Gajendragarh,2,Gajendragarh (TMC) - Ward No.2,0,,0,0,,0,0,0,karnataka
251886,27945,Gajendragarh,20,Gajendragarh (TMC) - Ward No.20,0,,0,0,,0,0,0,karnataka
251886,27946,Gajendragarh,21,Gajendragarh (TMC) - Ward No.21,0,,0,0,,0,0,0,karnataka
251886,27947,Gajendragarh,22,Gajendragarh (TMC) - Ward No.22,0,,0,0,,0,0,0,karnataka
251886,27948,Gajendragarh,23,Gajendragarh (TMC) - Ward No.23,0,,0,0,,0,0,0,karnataka
251886,27928,Gajendragarh,3,Gajendragarh (TMC) - Ward No.3,0,,0,0,,0,0,0,karnataka
251886,27929,Gajendragarh,4,Gajendragarh (TMC) - Ward No.4,0,,0,0,,0,0,0,karnataka
251886,27930,Gajendragarh,5,Gajendragarh (TMC) - Ward No.5,0,,0,0,,0,0,0,karnataka
251886,27931,Gajendragarh,6,Gajendragarh (TMC) - Ward No.6,0,,0,0,,0,0,0,karnataka
251886,27932,Gajendragarh,7,Gajendragarh (TMC) - Ward No.7,0,,0,0,,0,0,0,karnataka
251886,27933,Gajendragarh,8,Gajendragarh (TMC) - Ward No.8,0,,0,0,,0,0,0,karnataka
251886,27934,Gajendragarh,9,Gajendragarh (TMC) - Ward No.9,0,,0,0,,0,0,0,karnataka
251881,27850,Gangawati,1,Gangawati (Cmc) - Ward No.1,0,,0,0,,0,0,0,karnataka
251881,27859,Gangawati,10,Gangawati (Cmc) - Ward No.10,0,,0,0,,0,0,0,karnataka
251881,27860,Gangawati,11,Gangawati (Cmc) - Ward No.11,0,,0,0,,0,0,0,karnataka
251881,27861,Gangawati,12,Gangawati (Cmc) - Ward No.12,0,,0,0,,0,0,0,karnataka
251881,27862,Gangawati,13,Gangawati (Cmc) - Ward No.13,0,,0,0,,0,0,0,karnataka
251881,27863,Gangawati,14,Gangawati (Cmc) - Ward No.14,0,,0,0,,0,0,0,karnataka
251881,27864,Gangawati,15,Gangawati (Cmc) - Ward No.15,0,,0,0,,0,0,0,karnataka
251881,27865,Gangawati,16,Gangawati (Cmc) - Ward No.16,0,,0,0,,0,0,0,karnataka
251881,27866,Gangawati,17,Gangawati (Cmc) - Ward No.17,0,,0,0,,0,0,0,karnataka
251881,27867,Gangawati,18,Gangawati (Cmc) - Ward No.18,0,,0,0,,0,0,0,karnataka
251881,27868,Gangawati,19,Gangawati (Cmc) - Ward No.19,0,,0,0,,0,0,0,karnataka
251881,27851,Gangawati,2,Gangawati (Cmc) - Ward No.2,0,,0,0,,0,0,0,karnataka
251881,27869,Gangawati,20,Gangawati (Cmc) - Ward No.20,0,,0,0,,0,0,0,karnataka
251881,27870,Gangawati,21,Gangawati (Cmc) - Ward No.21,0,,0,0,,0,0,0,karnataka
251881,27871,Gangawati,22,Gangawati (Cmc) - Ward No.22,0,,0,0,,0,0,0,karnataka
251881,27872,Gangawati,23,Gangawati (Cmc) - Ward No.23,0,,0,0,,0,0,0,karnataka
251881,27873,Gangawati,24,Gangawati (Cmc) - Ward No.24,0,,0,0,,0,0,0,karnataka
251881,27874,Gangawati,25,Gangawati (Cmc) - Ward No.25,0,,0,0,,0,0,0,karnataka
251881,27875,Gangawati,26,Gangawati (Cmc) - Ward No.26,0,,0,0,,0,0,0,karnataka
251881,27876,Gangawati,27,Gangawati (Cmc) - Ward No.27,0,,0,0,,0,0,0,karnataka
251881,27877,Gangawati,28,Gangawati (Cmc) - Ward No.28,0,,0,0,,0,0,0,karnataka
251881,27878,Gangawati,29,Gangawati (Cmc) - Ward No.29,0,,0,0,,0,0,0,karnataka
251881,27852,Gangawati,3,Gangawati (Cmc) - Ward No.3,0,,0,0,,0,0,0,karnataka
251881,27879,Gangawati,30,Gangawati (Cmc) - Ward No.30,0,,0,0,,0,0,0,karnataka
251881,27880,Gangawati,31,Gangawati (Cmc) - Ward No.31,0,,0,0,,0,0,0,karnataka
251881,1891376,Gangawati,33,Gangawati (Cmc) - Ward No.33,0,,0,0,,0,0,0,karnataka
251881,1891377,Gangawati,34,Gangawati (Cmc) - Ward No.34,0,,0,0,,0,0,0,karnataka
251881,1891378,Gangawati,35,Gangawati (Cmc) - Ward No.35,0,,0,0,,0,0,0,karnataka
251881,27853,Gangawati,4,Gangawati (Cmc) - Ward No.4,0,,0,0,,0,0,0,karnataka
251881,27854,Gangawati,5,Gangawati (Cmc) - Ward No.5,0,,0,0,,0,0,0,karnataka
251881,27855,Gangawati,6,Gangawati (Cmc) - Ward No.6,0,,0,0,,0,0,0,karnataka
251881,27856,Gangawati,7,Gangawati (Cmc) - Ward No.7,0,,0,0,,0,0,0,karnataka
251881,27857,Gangawati,8,Gangawati (Cmc) - Ward No.8,0,,0,0,,0,0,0,karnataka
251881,27858,Gangawati,9,Gangawati (Cmc) - Ward No.9,0,,0,0,,0,0,0,karnataka
251881,27881,Gangawati,32,Waddarhatti (OG) - Ward No.32,0,,0,0,,0,0,0,karnataka
251978,2176854,Gauribidanur,24,Gauribidanur-24,0,,0,0,,0,0,0,karnataka
251978,2176855,Gauribidanur,25,Gauribidanur-25,0,,0,0,,0,0,0,karnataka
251978,2176856,Gauribidanur,26,Gauribidanur-26,0,,0,0,,0,0,0,karnataka
251978,2176857,Gauribidanur,27,Gauribidanur-27,0,,0,0,,0,0,0,karnataka
251978,2176858,Gauribidanur,28,Gauribidanur-28,0,,0,0,,0,0,0,karnataka
251978,2176859,Gauribidanur,29,Gauribidanur-29,0,,0,0,,0,0,0,karnataka
251978,2176860,Gauribidanur,30,Gauribidanur-30,0,,0,0,,0,0,0,karnataka
251978,2176861,Gauribidanur,31,Gauribidanur-31,0,,0,0,,0,0,0,karnataka
251978,25573,Gauribidanur,1,Gauribidanur (TMC) - Ward No.1,0,,0,0,,0,0,0,karnataka
251978,25582,Gauribidanur,10,Gauribidanur (TMC) - Ward No.10,0,,0,0,,0,0,0,karnataka
251978,25583,Gauribidanur,11,Gauribidanur (TMC) - Ward No.11,0,,0,0,,0,0,0,karnataka
251978,25584,Gauribidanur,12,Gauribidanur (TMC) - Ward No.12,0,,0,0,,0,0,0,karnataka
251978,25585,Gauribidanur,13,Gauribidanur (TMC) - Ward No.13,0,,0,0,,0,0,0,karnataka
251978,25586,Gauribidanur,14,Gauribidanur (TMC) - Ward No.14,0,,0,0,,0,0,0,karnataka
251978,25587,Gauribidanur,15,Gauribidanur (TMC) - Ward No.15,0,,0,0,,0,0,0,karnataka
251978,25588,Gauribidanur,16,Gauribidanur (TMC) - Ward No.16,0,,0,0,,0,0,0,karnataka
251978,25589,Gauribidanur,17,Gauribidanur (TMC) - Ward No.17,0,,0,0,,0,0,0,karnataka
251978,25590,Gauribidanur,18,Gauribidanur (TMC) - Ward No.18,0,,0,0,,0,0,0,karnataka
251978,25591,Gauribidanur,19,Gauribidanur (TMC) - Ward No.19,0,,0,0,,0,0,0,karnataka
251978,25574,Gauribidanur,2,Gauribidanur (TMC) - Ward No.2,0,,0,0,,0,0,0,karnataka
251978,25592,Gauribidanur,20,Gauribidanur (TMC) - Ward No.20,0,,0,0,,0,0,0,karnataka
251978,25593,Gauribidanur,21,Gauribidanur (TMC) - Ward No.21,0,,0,0,,0,0,0,karnataka
251978,25594,Gauribidanur,22,Gauribidanur (TMC) - Ward No.22,0,,0,0,,0,0,0,karnataka
251978,25595,Gauribidanur,23,Gauribidanur (TMC) - Ward No.23,0,,0,0,,0,0,0,karnataka
251978,25575,Gauribidanur,3,Gauribidanur (TMC) - Ward No.3,0,,0,0,,0,0,0,karnataka
251978,25576,Gauribidanur,4,Gauribidanur (TMC) - Ward No.4,0,,0,0,,0,0,0,karnataka
251978,25577,Gauribidanur,5,Gauribidanur (TMC) - Ward No.5,0,,0,0,,0,0,0,karnataka
251978,25578,Gauribidanur,6,Gauribidanur (TMC) - Ward No.6,0,,0,0,,0,0,0,karnataka
251978,25579,Gauribidanur,7,Gauribidanur (TMC) - Ward No.7,0,,0,0,,0,0,0,karnataka
251978,25580,Gauribidanur,8,Gauribidanur (TMC) - Ward No.8,0,,0,0,,0,0,0,karnataka
251978,25581,Gauribidanur,9,Gauribidanur (TMC) - Ward No.9,0,,0,0,,0,0,0,karnataka
276574,1295462,Ghataprabha,3,Basava Nagar,527,Belagavi,555,5440,Bailahongala,5440,0,0,karnataka
276574,1295462,Ghataprabha,3,Basava Nagar,527,Belagavi,555,5440,Bailahongala,5440,0,0,karnataka
276574,1295461,Ghataprabha,2,Gandi Nagar,0,,0,0,,0,929036,0,karnataka
276574,1295461,Ghataprabha,2,Gandi Nagar,0,,0,0,,0,929036,0,karnataka
276574,1295463,Ghataprabha,4,Hanuman Nagar,0,,0,0,,0,929036,0,karnataka
276574,1295463,Ghataprabha,4,Hanuman Nagar,0,,0,0,,0,929036,0,karnataka
276574,1295471,Ghataprabha,12,Jamadar Oni,0,,0,0,,0,929036,0,karnataka
276574,1295471,Ghataprabha,12,Jamadar Oni,0,,0,0,,0,929036,0,karnataka
276574,1295460,Ghataprabha,1,Janata Colony,527,Belagavi,555,5440,Bailahongala,5440,0,0,karnataka
276574,1295460,Ghataprabha,1,Janata Colony,527,Belagavi,555,5440,Bailahongala,5440,0,0,karnataka
276574,1295464,Ghataprabha,5,Jolad Galli,0,,0,0,,0,0,0,karnataka
276574,1295469,Ghataprabha,10,Kalmeshwar Oni,527,Belagavi,555,5440,Bailahongala,5440,0,0,karnataka
276574,1295469,Ghataprabha,10,Kalmeshwar Oni,527,Belagavi,555,5440,Bailahongala,5440,0,0,karnataka
276574,1295468,Ghataprabha,9,Katti Oni,0,,0,0,,0,929036,0,karnataka
276574,1295468,Ghataprabha,9,Katti Oni,0,,0,0,,0,929036,0,karnataka
276574,1295472,Ghataprabha,13,Killedar Oni,527,Belagavi,555,5440,Bailahongala,5440,0,0,karnataka
276574,1295472,Ghataprabha,13,Killedar Oni,527,Belagavi,555,5440,Bailahongala,5440,0,0,karnataka
276574,1295465,Ghataprabha,6,Mutnal Galli,527,Belagavi,555,5440,Bailahongala,5440,0,0,karnataka
276574,1295465,Ghataprabha,6,Mutnal Galli,527,Belagavi,555,5440,Bailahongala,5440,0,0,karnataka
276574,1295467,Ghataprabha,8,Pagadar Oni,527,Belagavi,555,5440,Bailahongala,5440,0,0,karnataka
276574,1295467,Ghataprabha,8,Pagadar Oni,527,Belagavi,555,5440,Bailahongala,5440,0,0,karnataka
276574,1295473,Ghataprabha,14,Sambanavar Oni,0,,0,0,,0,929036,0,karnataka
276574,1295473,Ghataprabha,14,Sambanavar Oni,0,,0,0,,0,929036,0,karnataka
276574,1295466,Ghataprabha,7,Sunagar Galli,0,,0,0,,0,929036,0,karnataka
276574,1295466,Ghataprabha,7,Sunagar Galli,0,,0,0,,0,929036,0,karnataka
276574,1295470,Ghataprabha,11,Vidhya Nagar,527,Belagavi,555,5440,Bailahongala,5440,0,0,karnataka
276574,1295470,Ghataprabha,11,Vidhya Nagar,527,Belagavi,555,5440,Bailahongala,5440,0,0,karnataka
276574,3044478,Ghataprabha,15,Ward 15,0,,0,0,,0,0,0,karnataka
276574,3044479,Ghataprabha,16,Ward 16,0,,0,0,,0,0,0,karnataka
276574,3044480,Ghataprabha,17,Ward 17,0,,0,0,,0,0,0,karnataka
276574,3044481,Ghataprabha,18,Ward 18,0,,0,0,,0,0,0,karnataka
276574,3044482,Ghataprabha,19,Ward 19,0,,0,0,,0,0,0,karnataka
276574,3044483,Ghataprabha,20,Ward 20,0,,0,0,,0,0,0,karnataka
276574,3044484,Ghataprabha,21,Ward 21,0,,0,0,,0,0,0,karnataka
276574,3044485,Ghataprabha,22,Ward 22,0,,0,0,,0,0,0,karnataka
276574,3044486,Ghataprabha,23,Ward 23,0,,0,0,,0,0,0,karnataka
251818,24759,Gokak,1,Gokak (Cmc) - Ward No.1,0,,0,0,,0,0,0,karnataka
251818,24768,Gokak,10,Gokak (Cmc) - Ward No.10,0,,0,0,,0,0,0,karnataka
251818,24769,Gokak,11,Gokak (Cmc) - Ward No.11,0,,0,0,,0,0,0,karnataka
251818,24770,Gokak,12,Gokak (Cmc) - Ward No.12,0,,0,0,,0,0,0,karnataka
251818,24771,Gokak,13,Gokak (Cmc) - Ward No.13,0,,0,0,,0,0,0,karnataka
251818,24772,Gokak,14,Gokak (Cmc) - Ward No.14,0,,0,0,,0,0,0,karnataka
251818,24773,Gokak,15,Gokak (Cmc) - Ward No.15,0,,0,0,,0,0,0,karnataka
251818,24774,Gokak,16,Gokak (Cmc) - Ward No.16,0,,0,0,,0,0,0,karnataka
251818,24775,Gokak,17,Gokak (Cmc) - Ward No.17,0,,0,0,,0,0,0,karnataka
251818,24776,Gokak,18,Gokak (Cmc) - Ward No.18,0,,0,0,,0,0,0,karnataka
251818,24777,Gokak,19,Gokak (Cmc) - Ward No.19,0,,0,0,,0,0,0,karnataka
251818,24760,Gokak,2,Gokak (Cmc) - Ward No.2,0,,0,0,,0,0,0,karnataka
251818,24778,Gokak,20,Gokak (Cmc) - Ward No.20,0,,0,0,,0,0,0,karnataka
251818,24779,Gokak,21,Gokak (Cmc) - Ward No.21,0,,0,0,,0,0,0,karnataka
251818,24780,Gokak,22,Gokak (Cmc) - Ward No.22,0,,0,0,,0,0,0,karnataka
251818,24781,Gokak,23,Gokak (Cmc) - Ward No.23,0,,0,0,,0,0,0,karnataka
251818,24782,Gokak,24,Gokak (Cmc) - Ward No.24,0,,0,0,,0,0,0,karnataka
251818,24783,Gokak,25,Gokak (Cmc) - Ward No.25,0,,0,0,,0,0,0,karnataka
251818,24784,Gokak,26,Gokak (Cmc) - Ward No.26,0,,0,0,,0,0,0,karnataka
251818,24785,Gokak,27,Gokak (Cmc) - Ward No.27,0,,0,0,,0,0,0,karnataka
251818,24786,Gokak,28,Gokak (Cmc) - Ward No.28,0,,0,0,,0,0,0,karnataka
251818,25441,Gokak,29,Gokak (Cmc) - Ward No.29,0,,0,0,,0,0,0,karnataka
251818,24761,Gokak,3,Gokak (Cmc) - Ward No.3,0,,0,0,,0,0,0,karnataka
251818,25442,Gokak,30,Gokak (Cmc) - Ward No.30,0,,0,0,,0,0,0,karnataka
251818,25443,Gokak,31,Gokak (Cmc) - Ward No.31,0,,0,0,,0,0,0,karnataka
251818,24762,Gokak,4,Gokak (Cmc) - Ward No.4,0,,0,0,,0,0,0,karnataka
251818,24763,Gokak,5,Gokak (Cmc) - Ward No.5,0,,0,0,,0,0,0,karnataka
251818,24764,Gokak,6,Gokak (Cmc) - Ward No.6,0,,0,0,,0,0,0,karnataka
251818,24765,Gokak,7,Gokak (Cmc) - Ward No.7,0,,0,0,,0,0,0,karnataka
251818,24766,Gokak,8,Gokak (Cmc) - Ward No.8,0,,0,0,,0,0,0,karnataka
251818,24767,Gokak,9,Gokak (Cmc) - Ward No.9,0,,0,0,,0,0,0,karnataka
251974,25410,Gubbi,1,Gubbi (TP) - Ward No.1,0,,0,0,,0,0,0,karnataka
251974,25419,Gubbi,10,Gubbi (TP) - Ward No.10,0,,0,0,,0,0,0,karnataka
251974,25420,Gubbi,11,Gubbi (TP) - Ward No.11,0,,0,0,,0,0,0,karnataka
251974,25421,Gubbi,12,Gubbi (TP) - Ward No.12,0,,0,0,,0,0,0,karnataka
251974,25422,Gubbi,13,Gubbi (TP) - Ward No.13,0,,0,0,,0,0,0,karnataka
251974,25423,Gubbi,14,Gubbi (TP) - Ward No.14,0,,0,0,,0,0,0,karnataka
251974,1922530,Gubbi,15,Gubbi (TP) - Ward No.15,0,,0,0,,0,0,0,karnataka
251974,1922531,Gubbi,16,Gubbi (TP) - Ward No.16,0,,0,0,,0,0,0,karnataka
251974,1922532,Gubbi,17,Gubbi (TP) - Ward No.17,0,,0,0,,0,0,0,karnataka
251974,1922533,Gubbi,18,Gubbi (TP) - Ward No.18,0,,0,0,,0,0,0,karnataka
251974,1922534,Gubbi,19,Gubbi (TP) - Ward No.19,0,,0,0,,0,0,0,karnataka
251974,25411,Gubbi,2,Gubbi (TP) - Ward No.2,0,,0,0,,0,0,0,karnataka
251974,25412,Gubbi,3,Gubbi (TP) - Ward No.3,0,,0,0,,0,0,0,karnataka
251974,25413,Gubbi,4,Gubbi (TP) - Ward No.4,0,,0,0,,0,0,0,karnataka
251974,25414,Gubbi,5,Gubbi (TP) - Ward No.5,0,,0,0,,0,0,0,karnataka
251974,25415,Gubbi,6,Gubbi (TP) - Ward No.6,0,,0,0,,0,0,0,karnataka
251974,25416,Gubbi,7,Gubbi (TP) - Ward No.7,0,,0,0,,0,0,0,karnataka
251974,25417,Gubbi,8,Gubbi (TP) - Ward No.8,0,,0,0,,0,0,0,karnataka
251974,25418,Gubbi,9,Gubbi (TP) - Ward No.9,0,,0,0,,0,0,0,karnataka
251980,64945,Gudibanda,1,Gudibanda (TP) - Ward No.1,0,,0,0,,0,0,0,karnataka
251980,64954,Gudibanda,10,Gudibanda (TP) - Ward No.10,0,,0,0,,0,0,0,karnataka
251980,64955,Gudibanda,11,Gudibanda (TP) - Ward No.11,0,,0,0,,0,0,0,karnataka
251980,64946,Gudibanda,2,Gudibanda (TP) - Ward No.2,0,,0,0,,0,0,0,karnataka
251980,64947,Gudibanda,3,Gudibanda (TP) - Ward No.3,0,,0,0,,0,0,0,karnataka
251980,64948,Gudibanda,4,Gudibanda (TP) - Ward No.4,0,,0,0,,0,0,0,karnataka
251980,64949,Gudibanda,5,Gudibanda (TP) - Ward No.5,0,,0,0,,0,0,0,karnataka
251980,64950,Gudibanda,6,Gudibanda (TP) - Ward No.6,0,,0,0,,0,0,0,karnataka
251980,64951,Gudibanda,7,Gudibanda (TP) - Ward No.7,0,,0,0,,0,0,0,karnataka
251980,64952,Gudibanda,8,Gudibanda (TP) - Ward No.8,0,,0,0,,0,0,0,karnataka
251980,64953,Gudibanda,9,Gudibanda (TP) - Ward No.9,0,,0,0,,0,0,0,karnataka
251838,26102,Guledgudda,1,Guledgudda (TMC) - Ward No.1,0,,0,0,,0,0,0,karnataka
251838,26111,Guledgudda,10,Guledgudda (TMC) - Ward No.10,0,,0,0,,0,0,0,karnataka
251838,26112,Guledgudda,11,Guledgudda (TMC) - Ward No.11,0,,0,0,,0,0,0,karnataka
251838,26113,Guledgudda,12,Guledgudda (TMC) - Ward No.12,0,,0,0,,0,0,0,karnataka
251838,26114,Guledgudda,13,Guledgudda (TMC) - Ward No.13,0,,0,0,,0,0,0,karnataka
251838,26115,Guledgudda,14,Guledgudda (TMC) - Ward No.14,0,,0,0,,0,0,0,karnataka
251838,26116,Guledgudda,15,Guledgudda (TMC) - Ward No.15,0,,0,0,,0,0,0,karnataka
251838,26117,Guledgudda,16,Guledgudda (TMC) - Ward No.16,0,,0,0,,0,0,0,karnataka
251838,26118,Guledgudda,17,Guledgudda (TMC) - Ward No.17,0,,0,0,,0,0,0,karnataka
251838,26119,Guledgudda,18,Guledgudda (TMC) - Ward No.18,0,,0,0,,0,0,0,karnataka
251838,26120,Guledgudda,19,Guledgudda (TMC) - Ward No.19,0,,0,0,,0,0,0,karnataka
251838,26103,Guledgudda,2,Guledgudda (TMC) - Ward No.2,0,,0,0,,0,0,0,karnataka
251838,26121,Guledgudda,20,Guledgudda (TMC) - Ward No.20,0,,0,0,,0,0,0,karnataka
251838,26122,Guledgudda,21,Guledgudda (TMC) - Ward No.21,0,,0,0,,0,0,0,karnataka
251838,26123,Guledgudda,22,Guledgudda (TMC) - Ward No.22,0,,0,0,,0,0,0,karnataka
251838,26124,Guledgudda,23,Guledgudda (TMC) - Ward No.23,0,,0,0,,0,0,0,karnataka
251838,26104,Guledgudda,3,Guledgudda (TMC) - Ward No.3,0,,0,0,,0,0,0,karnataka
251838,26105,Guledgudda,4,Guledgudda (TMC) - Ward No.4,0,,0,0,,0,0,0,karnataka
251838,26106,Guledgudda,5,Guledgudda (TMC) - Ward No.5,0,,0,0,,0,0,0,karnataka
251838,26107,Guledgudda,6,Guledgudda (TMC) - Ward No.6,0,,0,0,,0,0,0,karnataka
251838,26108,Guledgudda,7,Guledgudda (TMC) - Ward No.7,0,,0,0,,0,0,0,karnataka
251838,26109,Guledgudda,8,Guledgudda (TMC) - Ward No.8,0,,0,0,,0,0,0,karnataka
251838,26110,Guledgudda,9,Guledgudda (TMC) - Ward No.9,0,,0,0,,0,0,0,karnataka
252053,29105,Gundlupet,1,Gundlupet (TMC) - Ward No.1,0,,0,0,,0,0,0,karnataka
252053,29114,Gundlupet,10,Gundlupet (TMC) - Ward No.10,0,,0,0,,0,0,0,karnataka
252053,29115,Gundlupet,11,Gundlupet (TMC) - Ward No.11,0,,0,0,,0,0,0,karnataka
252053,29116,Gundlupet,12,Gundlupet (TMC) - Ward No.12,0,,0,0,,0,0,0,karnataka
252053,29117,Gundlupet,13,Gundlupet (TMC) - Ward No.13,0,,0,0,,0,0,0,karnataka
252053,29118,Gundlupet,14,Gundlupet (TMC) - Ward No.14,0,,0,0,,0,0,0,karnataka
252053,29119,Gundlupet,15,Gundlupet (TMC) - Ward No.15,0,,0,0,,0,0,0,karnataka
252053,29120,Gundlupet,16,Gundlupet (TMC) - Ward No.16,0,,0,0,,0,0,0,karnataka
252053,29121,Gundlupet,17,Gundlupet (TMC) - Ward No.17,0,,0,0,,0,0,0,karnataka
252053,29122,Gundlupet,18,Gundlupet (TMC) - Ward No.18,0,,0,0,,0,0,0,karnataka
252053,29123,Gundlupet,19,Gundlupet (TMC) - Ward No.19,0,,0,0,,0,0,0,karnataka
252053,29106,Gundlupet,2,Gundlupet (TMC) - Ward No.2,0,,0,0,,0,0,0,karnataka
252053,29124,Gundlupet,20,Gundlupet (TMC) - Ward No.20,0,,0,0,,0,0,0,karnataka
252053,29125,Gundlupet,21,Gundlupet (TMC) - Ward No.21,0,,0,0,,0,0,0,karnataka
252053,29126,Gundlupet,22,Gundlupet (TMC) - Ward No.22,0,,0,0,,0,0,0,karnataka
252053,29127,Gundlupet,23,Gundlupet (TMC) - Ward No.23,0,,0,0,,0,0,0,karnataka
252053,29107,Gundlupet,3,Gundlupet (TMC) - Ward No.3,0,,0,0,,0,0,0,karnataka
252053,29108,Gundlupet,4,Gundlupet (TMC) - Ward No.4,0,,0,0,,0,0,0,karnataka
252053,29109,Gundlupet,5,Gundlupet (TMC) - Ward No.5,0,,0,0,,0,0,0,karnataka
252053,29110,Gundlupet,6,Gundlupet (TMC) - Ward No.6,0,,0,0,,0,0,0,karnataka
252053,29111,Gundlupet,7,Gundlupet (TMC) - Ward No.7,0,,0,0,,0,0,0,karnataka
252053,29112,Gundlupet,8,Gundlupet (TMC) - Ward No.8,0,,0,0,,0,0,0,karnataka
252053,29113,Gundlupet,9,Gundlupet (TMC) - Ward No.9,0,,0,0,,0,0,0,karnataka
251862,2146591,Gurmatkal,18,Gurmatkal-18,0,,0,0,,0,0,0,karnataka
251862,2146592,Gurmatkal,19,Gurmatkal-19,0,,0,0,,0,0,0,karnataka
251862,2146593,Gurmatkal,20,Gurmatkal-20,0,,0,0,,0,0,0,karnataka
251862,2146594,Gurmatkal,21,Gurmatkal-21,0,,0,0,,0,0,0,karnataka
251862,2146595,Gurmatkal,22,Gurmatkal-22,0,,0,0,,0,0,0,karnataka
251862,2146596,Gurmatkal,23,Gurmatkal-23,0,,0,0,,0,0,0,karnataka
251862,27391,Gurmatkal,1,Gurmatkal (TP) - Ward No.1,0,,0,0,,0,0,0,karnataka
251862,7169,Gurmatkal,10,Gurmatkal (TP) - Ward No.10,0,,0,0,,0,0,0,karnataka
251862,7170,Gurmatkal,11,Gurmatkal (TP) - Ward No.11,0,,0,0,,0,0,0,karnataka
251862,7171,Gurmatkal,12,Gurmatkal (TP) - Ward No.12,0,,0,0,,0,0,0,karnataka
251862,7172,Gurmatkal,13,Gurmatkal (TP) - Ward No.13,0,,0,0,,0,0,0,karnataka
251862,7173,Gurmatkal,14,Gurmatkal (TP) - Ward No.14,0,,0,0,,0,0,0,karnataka
251862,7174,Gurmatkal,15,Gurmatkal (TP) - Ward No.15,0,,0,0,,0,0,0,karnataka
251862,7175,Gurmatkal,16,Gurmatkal (TP) - Ward No.16,0,,0,0,,0,0,0,karnataka
251862,7176,Gurmatkal,17,Gurmatkal (TP) - Ward No.17,0,,0,0,,0,0,0,karnataka
251862,27392,Gurmatkal,2,Gurmatkal (TP) - Ward No.2,0,,0,0,,0,0,0,karnataka
251862,27393,Gurmatkal,3,Gurmatkal (TP) - Ward No.3,0,,0,0,,0,0,0,karnataka
251862,27394,Gurmatkal,4,Gurmatkal (TP) - Ward No.4,0,,0,0,,0,0,0,karnataka
251862,7164,Gurmatkal,5,Gurmatkal (TP) - Ward No.5,0,,0,0,,0,0,0,karnataka
251862,7165,Gurmatkal,6,Gurmatkal (TP) - Ward No.6,0,,0,0,,0,0,0,karnataka
251862,7166,Gurmatkal,7,Gurmatkal (TP) - Ward No.7,0,,0,0,,0,0,0,karnataka
251862,7167,Gurmatkal,8,Gurmatkal (TP) - Ward No.8,0,,0,0,,0,0,0,karnataka
251862,7168,Gurmatkal,9,Gurmatkal (TP) - Ward No.9,0,,0,0,,0,0,0,karnataka
276521,1293454,Guttal,1,Ward-1,540,Haveri,564,5492,Haveri,5492,0,0,karnataka
276521,1293454,Guttal,1,Ward-1,540,Haveri,564,5492,Haveri,5492,0,0,karnataka
276521,1293463,Guttal,10,Ward-10,0,,0,0,,0,0,0,karnataka
276521,1293464,Guttal,11,Ward-11,0,,0,0,,0,0,0,karnataka
276521,1293465,Guttal,12,Ward-12,0,,0,0,,0,0,0,karnataka
276521,1293466,Guttal,13,Ward-13,0,,0,0,,0,0,0,karnataka
276521,1293467,Guttal,14,Ward-14,0,,0,0,,0,0,0,karnataka
276521,1293468,Guttal,15,Ward-15,0,,0,0,,0,0,0,karnataka
276521,1293469,Guttal,16,Ward-16,0,,0,0,,0,0,0,karnataka
276521,1293470,Guttal,17,Ward-17,0,,0,0,,0,0,0,karnataka
276521,1293471,Guttal,18,Ward-18,0,,0,0,,0,0,0,karnataka
276521,1293455,Guttal,2,Ward-2,0,,0,0,,0,0,0,karnataka
276521,1293456,Guttal,3,Ward-3,0,,0,0,,0,0,0,karnataka
276521,1293457,Guttal,4,Ward-4,0,,0,0,,0,0,0,karnataka
276521,1293458,Guttal,5,Ward-5,0,,0,0,,0,0,0,karnataka
276521,1293459,Guttal,6,Ward-6,0,,0,0,,0,0,0,karnataka
276521,1293460,Guttal,7,Ward-7,0,,0,0,,0,0,0,karnataka
276521,1293461,Guttal,8,Ward-8,0,,0,0,,0,0,0,karnataka
276521,1293462,Guttal,9,Ward-9,0,,0,0,,0,0,0,karnataka
276535,1296307,Hagaribommanahalli,1,Ward-1,738,Vijayanagara,0,5497,Hagaribommanahalli,5497,0,0,karnataka
276535,1296307,Hagaribommanahalli,1,Ward-1,738,Vijayanagara,0,5497,Hagaribommanahalli,5497,0,0,karnataka
276535,1296316,Hagaribommanahalli,10,Ward-10,0,,0,0,,0,928687,0,karnataka
276535,1296316,Hagaribommanahalli,10,Ward-10,0,,0,0,,0,928687,0,karnataka
276535,1296317,Hagaribommanahalli,11,Ward-11,738,Vijayanagara,0,5497,Hagaribommanahalli,5497,0,0,karnataka
276535,1296317,Hagaribommanahalli,11,Ward-11,738,Vijayanagara,0,5497,Hagaribommanahalli,5497,0,0,karnataka
276535,1296318,Hagaribommanahalli,12,Ward-12,738,Vijayanagara,0,5497,Hagaribommanahalli,5497,0,0,karnataka
276535,1296318,Hagaribommanahalli,12,Ward-12,738,Vijayanagara,0,5497,Hagaribommanahalli,5497,0,0,karnataka
276535,1296319,Hagaribommanahalli,13,Ward-13,0,,0,0,,0,928687,0,karnataka
276535,1296319,Hagaribommanahalli,13,Ward-13,0,,0,0,,0,928687,0,karnataka
276535,1296320,Hagaribommanahalli,14,Ward-14,0,,0,0,,0,0,0,karnataka
276535,1296321,Hagaribommanahalli,15,Ward-15,0,,0,0,,0,928687,0,karnataka
276535,1296321,Hagaribommanahalli,15,Ward-15,0,,0,0,,0,928687,0,karnataka
276535,1296322,Hagaribommanahalli,16,Ward-16,0,,0,0,,0,0,0,karnataka
276535,1296323,Hagaribommanahalli,17,Ward-17,0,,0,0,,0,928687,0,karnataka
276535,1296323,Hagaribommanahalli,17,Ward-17,0,,0,0,,0,928687,0,karnataka
276535,1296324,Hagaribommanahalli,18,Ward-18,738,Vijayanagara,0,5497,Hagaribommanahalli,5497,0,0,karnataka
276535,1296324,Hagaribommanahalli,18,Ward-18,738,Vijayanagara,0,5497,Hagaribommanahalli,5497,0,0,karnataka
276535,1296325,Hagaribommanahalli,19,Ward-19,738,Vijayanagara,0,5497,Hagaribommanahalli,5497,0,0,karnataka
276535,1296325,Hagaribommanahalli,19,Ward-19,738,Vijayanagara,0,5497,Hagaribommanahalli,5497,0,0,karnataka
276535,1296308,Hagaribommanahalli,2,Ward-2,738,Vijayanagara,0,5497,Hagaribommanahalli,5497,0,0,karnataka
276535,1296308,Hagaribommanahalli,2,Ward-2,738,Vijayanagara,0,5497,Hagaribommanahalli,5497,0,0,karnataka
276535,1296326,Hagaribommanahalli,20,Ward-20,738,Vijayanagara,0,5497,Hagaribommanahalli,5497,0,0,karnataka
276535,1296326,Hagaribommanahalli,20,Ward-20,738,Vijayanagara,0,5497,Hagaribommanahalli,5497,0,0,karnataka
276535,1296327,Hagaribommanahalli,21,Ward-21,0,,0,0,,0,928687,0,karnataka
276535,1296327,Hagaribommanahalli,21,Ward-21,0,,0,0,,0,928687,0,karnataka
276535,1296328,Hagaribommanahalli,22,Ward-22,738,Vijayanagara,0,5497,Hagaribommanahalli,5497,0,0,karnataka
276535,1296328,Hagaribommanahalli,22,Ward-22,738,Vijayanagara,0,5497,Hagaribommanahalli,5497,0,0,karnataka
276535,1296329,Hagaribommanahalli,23,Ward-23,738,Vijayanagara,0,5497,Hagaribommanahalli,5497,0,0,karnataka
276535,1296329,Hagaribommanahalli,23,Ward-23,738,Vijayanagara,0,5497,Hagaribommanahalli,5497,0,0,karnataka
276535,1296309,Hagaribommanahalli,3,Ward-3,0,,0,0,,0,928687,0,karnataka
276535,1296309,Hagaribommanahalli,3,Ward-3,0,,0,0,,0,928687,0,karnataka
276535,1296310,Hagaribommanahalli,4,Ward-4,0,,0,0,,0,928687,0,karnataka
276535,1296310,Hagaribommanahalli,4,Ward-4,0,,0,0,,0,928687,0,karnataka
276535,1296311,Hagaribommanahalli,5,Ward-5,0,,0,0,,0,928687,0,karnataka
276535,1296311,Hagaribommanahalli,5,Ward-5,0,,0,0,,0,928687,0,karnataka
276535,1296312,Hagaribommanahalli,6,Ward-6,738,Vijayanagara,0,5497,Hagaribommanahalli,5497,0,0,karnataka
276535,1296312,Hagaribommanahalli,6,Ward-6,738,Vijayanagara,0,5497,Hagaribommanahalli,5497,0,0,karnataka
276535,1296313,Hagaribommanahalli,7,Ward-7,738,Vijayanagara,0,5497,Hagaribommanahalli,5497,0,0,karnataka
276535,1296313,Hagaribommanahalli,7,Ward-7,738,Vijayanagara,0,5497,Hagaribommanahalli,5497,0,0,karnataka
276535,1296314,Hagaribommanahalli,8,Ward-8,0,,0,0,,0,928687,0,karnataka
276535,1296314,Hagaribommanahalli,8,Ward-8,0,,0,0,,0,928687,0,karnataka
276535,1296315,Hagaribommanahalli,9,Ward-9,738,Vijayanagara,0,5497,Hagaribommanahalli,5497,0,0,karnataka
276535,1296315,Hagaribommanahalli,9,Ward-9,738,Vijayanagara,0,5497,Hagaribommanahalli,5497,0,0,karnataka
251901,2178760,Haliyal,20,Haliyal-20,0,,0,0,,0,0,0,karnataka
251901,2178761,Haliyal,21,Haliyal-21,0,,0,0,,0,0,0,karnataka
251901,2178762,Haliyal,22,Haliyal-22,0,,0,0,,0,0,0,karnataka
251901,2178763,Haliyal,23,Haliyal-23,0,,0,0,,0,0,0,karnataka
251901,60999,Haliyal,1,Haliyal (TP) - Ward No.1,0,,0,0,,0,0,0,karnataka
251901,61008,Haliyal,10,Haliyal (TP) - Ward No.10,0,,0,0,,0,0,0,karnataka
251901,61009,Haliyal,11,Haliyal (TP) - Ward No.11,0,,0,0,,0,0,0,karnataka
251901,61010,Haliyal,12,Haliyal (TP) - Ward No.12,0,,0,0,,0,0,0,karnataka
251901,61011,Haliyal,13,Haliyal (TP) - Ward No.13,0,,0,0,,0,0,0,karnataka
251901,61012,Haliyal,14,Haliyal (TP) - Ward No.14,0,,0,0,,0,0,0,karnataka
251901,61013,Haliyal,15,Haliyal (TP) - Ward No.15,0,,0,0,,0,0,0,karnataka
251901,61014,Haliyal,16,Haliyal (TP) - Ward No.16,0,,0,0,,0,0,0,karnataka
251901,61015,Haliyal,17,Haliyal (TP) - Ward No.17,0,,0,0,,0,0,0,karnataka
251901,61016,Haliyal,18,Haliyal (TP) - Ward No.18,0,,0,0,,0,0,0,karnataka
251901,61017,Haliyal,19,Haliyal (TP) - Ward No.19,0,,0,0,,0,0,0,karnataka
251901,61000,Haliyal,2,Haliyal (TP) - Ward No.2,0,,0,0,,0,0,0,karnataka
251901,61001,Haliyal,3,Haliyal (TP) - Ward No.3,0,,0,0,,0,0,0,karnataka
251901,61002,Haliyal,4,Haliyal (TP) - Ward No.4,0,,0,0,,0,0,0,karnataka
251901,61003,Haliyal,5,Haliyal (TP) - Ward No.5,0,,0,0,,0,0,0,karnataka
251901,61004,Haliyal,6,Haliyal (TP) - Ward No.6,0,,0,0,,0,0,0,karnataka
251901,61005,Haliyal,7,Haliyal (TP) - Ward No.7,0,,0,0,,0,0,0,karnataka
251901,61006,Haliyal,8,Haliyal (TP) - Ward No.8,0,,0,0,,0,0,0,karnataka
251901,61007,Haliyal,9,Haliyal (TP) - Ward No.9,0,,0,0,,0,0,0,karnataka
277668,3046744,Hallikheda (B),1,Ward 1,0,,0,0,,0,0,0,karnataka
277668,3046753,Hallikheda (B),10,Ward 10,0,,0,0,,0,0,0,karnataka
277668,3046754,Hallikheda (B),11,Ward 11,0,,0,0,,0,0,0,karnataka
277668,3046755,Hallikheda (B),12,Ward 12,0,,0,0,,0,0,0,karnataka
277668,3046756,Hallikheda (B),13,Ward 13,0,,0,0,,0,0,0,karnataka
277668,3046757,Hallikheda (B),14,Ward 14,0,,0,0,,0,0,0,karnataka
277668,3046758,Hallikheda (B),15,Ward 15,0,,0,0,,0,0,0,karnataka
277668,3046759,Hallikheda (B),16,Ward 16,0,,0,0,,0,0,0,karnataka
277668,3046760,Hallikheda (B),17,Ward 17,0,,0,0,,0,0,0,karnataka
277668,3046761,Hallikheda (B),18,Ward 18,0,,0,0,,0,0,0,karnataka
277668,3046762,Hallikheda (B),19,Ward 19,0,,0,0,,0,0,0,karnataka
277668,3046745,Hallikheda (B),2,Ward 2,0,,0,0,,0,0,0,karnataka
277668,3046763,Hallikheda (B),20,Ward 20,0,,0,0,,0,0,0,karnataka
277668,3046764,Hallikheda (B),21,Ward 21,0,,0,0,,0,0,0,karnataka
277668,3046765,Hallikheda (B),22,Ward 22,0,,0,0,,0,0,0,karnataka
277668,3046766,Hallikheda (B),23,Ward 23,0,,0,0,,0,0,0,karnataka
277668,3046746,Hallikheda (B),3,Ward 3,0,,0,0,,0,0,0,karnataka
277668,3046747,Hallikheda (B),4,Ward 4,0,,0,0,,0,0,0,karnataka
277668,3046748,Hallikheda (B),5,Ward 5,0,,0,0,,0,0,0,karnataka
277668,3046749,Hallikheda (B),6,Ward 6,0,,0,0,,0,0,0,karnataka
277668,3046750,Hallikheda (B),7,Ward 7,0,,0,0,,0,0,0,karnataka
277668,3046751,Hallikheda (B),8,Ward 8,0,,0,0,,0,0,0,karnataka
277668,3046752,Hallikheda (B),9,Ward 9,0,,0,0,,0,0,0,karnataka
251915,30018,Hangal,1,Hangal (TMC) - Ward No.1,0,,0,0,,0,0,0,karnataka
251915,30027,Hangal,10,Hangal (TMC) - Ward No.10,0,,0,0,,0,0,0,karnataka
251915,30028,Hangal,11,Hangal (TMC) - Ward No.11,0,,0,0,,0,0,0,karnataka
251915,30029,Hangal,12,Hangal (TMC) - Ward No.12,0,,0,0,,0,0,0,karnataka
251915,30030,Hangal,13,Hangal (TMC) - Ward No.13,0,,0,0,,0,0,0,karnataka
251915,30031,Hangal,14,Hangal (TMC) - Ward No.14,0,,0,0,,0,0,0,karnataka
251915,30032,Hangal,15,Hangal (TMC) - Ward No.15,0,,0,0,,0,0,0,karnataka
251915,30033,Hangal,16,Hangal (TMC) - Ward No.16,0,,0,0,,0,0,0,karnataka
251915,30034,Hangal,17,Hangal (TMC) - Ward No.17,0,,0,0,,0,0,0,karnataka
251915,30035,Hangal,18,Hangal (TMC) - Ward No.18,0,,0,0,,0,0,0,karnataka
251915,30036,Hangal,19,Hangal (TMC) - Ward No.19,0,,0,0,,0,0,0,karnataka
251915,30019,Hangal,2,Hangal (TMC) - Ward No.2,0,,0,0,,0,0,0,karnataka
251915,30037,Hangal,20,Hangal (TMC) - Ward No.20,0,,0,0,,0,0,0,karnataka
251915,30038,Hangal,21,Hangal (TMC) - Ward No.21,0,,0,0,,0,0,0,karnataka
251915,30039,Hangal,22,Hangal (TMC) - Ward No.22,0,,0,0,,0,0,0,karnataka
251915,30040,Hangal,23,Hangal (TMC) - Ward No.23,0,,0,0,,0,0,0,karnataka
251915,30020,Hangal,3,Hangal (TMC) - Ward No.3,0,,0,0,,0,0,0,karnataka
251915,30021,Hangal,4,Hangal (TMC) - Ward No.4,0,,0,0,,0,0,0,karnataka
251915,30022,Hangal,5,Hangal (TMC) - Ward No.5,0,,0,0,,0,0,0,karnataka
251915,30023,Hangal,6,Hangal (TMC) - Ward No.6,0,,0,0,,0,0,0,karnataka
251915,30024,Hangal,7,Hangal (TMC) - Ward No.7,0,,0,0,,0,0,0,karnataka
251915,30025,Hangal,8,Hangal (TMC) - Ward No.8,0,,0,0,,0,0,0,karnataka
251915,30026,Hangal,9,Hangal (TMC) - Ward No.9,0,,0,0,,0,0,0,karnataka
305606,3320047,Hanumasagara,1,ward No.1,0,,0,0,,0,0,0,karnataka
305606,3320056,Hanumasagara,10,ward No.10,0,,0,0,,0,0,0,karnataka
305606,3320057,Hanumasagara,11,ward No.11,0,,0,0,,0,0,0,karnataka
305606,3320058,Hanumasagara,12,ward No.12,0,,0,0,,0,0,0,karnataka
305606,3320059,Hanumasagara,13,ward No.13,0,,0,0,,0,0,0,karnataka
305606,3320060,Hanumasagara,14,ward No.14,0,,0,0,,0,0,0,karnataka
305606,3320061,Hanumasagara,15,ward No.15,0,,0,0,,0,0,0,karnataka
305606,3320048,Hanumasagara,2,ward No.2,0,,0,0,,0,0,0,karnataka
305606,3320049,Hanumasagara,3,ward No.3,0,,0,0,,0,0,0,karnataka
305606,3320050,Hanumasagara,4,ward No.4,0,,0,0,,0,0,0,karnataka
305606,3320051,Hanumasagara,5,ward No.5,0,,0,0,,0,0,0,karnataka
305606,3320052,Hanumasagara,6,ward No.6,0,,0,0,,0,0,0,karnataka
305606,3320053,Hanumasagara,7,ward No.7,0,,0,0,,0,0,0,karnataka
305606,3320054,Hanumasagara,8,ward No.8,0,,0,0,,0,0,0,karnataka
305606,3320055,Hanumasagara,9,ward No.9,0,,0,0,,0,0,0,karnataka
253130,2140773,Hanur,01,Hanur-Ward1,0,,0,0,,0,0,0,karnataka
253130,29189,Hanur,10,Kollegal (Cmc) - Ward No.10,0,,0,0,,0,0,0,karnataka
253130,29191,Hanur,11,Kollegal (Cmc) - Ward No.11,0,,0,0,,0,0,0,karnataka
253130,29193,Hanur,12,Kollegal (Cmc) - Ward No.12,0,,0,0,,0,0,0,karnataka
253130,29195,Hanur,13,Kollegal (Cmc) - Ward No.13,0,,0,0,,0,0,0,karnataka
253130,29173,Hanur,2,Kollegal (Cmc) - Ward No.2,0,,0,0,,0,0,0,karnataka
253130,29175,Hanur,3,Kollegal (Cmc) - Ward No.3,0,,0,0,,0,0,0,karnataka
253130,29177,Hanur,4,Kollegal (Cmc) - Ward No.4,0,,0,0,,0,0,0,karnataka
253130,29179,Hanur,5,Kollegal (Cmc) - Ward No.5,0,,0,0,,0,0,0,karnataka
253130,29181,Hanur,6,Kollegal (Cmc) - Ward No.6,0,,0,0,,0,0,0,karnataka
253130,29183,Hanur,7,Kollegal (Cmc) - Ward No.7,0,,0,0,,0,0,0,karnataka
253130,29185,Hanur,8,Kollegal (Cmc) - Ward No.8,0,,0,0,,0,0,0,karnataka
253130,29187,Hanur,9,Kollegal (Cmc) - Ward No.9,0,,0,0,,0,0,0,karnataka
251939,31169,Harapanahalli,1,Harapanahalli (TP) - Ward No.1,0,,0,0,,0,0,0,karnataka
251939,31168,Harapanahalli,10,Harapanahalli (TP) - Ward No.10,0,,0,0,,0,0,0,karnataka
251939,31172,Harapanahalli,11,Harapanahalli (TP) - Ward No.11,0,,0,0,,0,0,0,karnataka
251939,31173,Harapanahalli,12,Harapanahalli (TP) - Ward No.12,0,,0,0,,0,0,0,karnataka
251939,31174,Harapanahalli,13,Harapanahalli (TP) - Ward No.13,0,,0,0,,0,0,0,karnataka
251939,31175,Harapanahalli,14,Harapanahalli (TP) - Ward No.14,0,,0,0,,0,0,0,karnataka
251939,31176,Harapanahalli,15,Harapanahalli (TP) - Ward No.15,0,,0,0,,0,0,0,karnataka
251939,31177,Harapanahalli,16,Harapanahalli (TP) - Ward No.16,0,,0,0,,0,0,0,karnataka
251939,31178,Harapanahalli,17,Harapanahalli (TP) - Ward No.17,0,,0,0,,0,0,0,karnataka
251939,31179,Harapanahalli,18,Harapanahalli (TP) - Ward No.18,0,,0,0,,0,0,0,karnataka
251939,31180,Harapanahalli,19,Harapanahalli (TP) - Ward No.19,0,,0,0,,0,0,0,karnataka
251939,31170,Harapanahalli,2,Harapanahalli (TP) - Ward No.2,0,,0,0,,0,0,0,karnataka
251939,31181,Harapanahalli,20,Harapanahalli (TP) - Ward No.20,0,,0,0,,0,0,0,karnataka
251939,31171,Harapanahalli,3,Harapanahalli (TP) - Ward No.3,0,,0,0,,0,0,0,karnataka
251939,31162,Harapanahalli,4,Harapanahalli (TP) - Ward No.4,0,,0,0,,0,0,0,karnataka
251939,31163,Harapanahalli,5,Harapanahalli (TP) - Ward No.5,0,,0,0,,0,0,0,karnataka
251939,31164,Harapanahalli,6,Harapanahalli (TP) - Ward No.6,0,,0,0,,0,0,0,karnataka
251939,31165,Harapanahalli,7,Harapanahalli (TP) - Ward No.7,0,,0,0,,0,0,0,karnataka
251939,31166,Harapanahalli,8,Harapanahalli (TP) - Ward No.8,0,,0,0,,0,0,0,karnataka
251939,31167,Harapanahalli,9,Harapanahalli (TP) - Ward No.9,0,,0,0,,0,0,0,karnataka
251939,2439964,Harapanahalli,21,Ward-21,0,,0,0,,0,0,0,karnataka
251939,2439965,Harapanahalli,22,Ward-22,0,,0,0,,0,0,0,karnataka
251939,2439966,Harapanahalli,23,Ward-23,0,,0,0,,0,0,0,karnataka
251939,2439967,Harapanahalli,24,Ward-24,0,,0,0,,0,0,0,karnataka
251939,2439968,Harapanahalli,25,Ward-25,0,,0,0,,0,0,0,karnataka
251939,2439969,Harapanahalli,26,Ward-26,0,,0,0,,0,0,0,karnataka
251939,2439970,Harapanahalli,27,Ward-27,0,,0,0,,0,0,0,karnataka
251938,31128,Harihar,1,Harihar (Cmc) - Ward No.1,0,,0,0,,0,0,0,karnataka
251938,31137,Harihar,10,Harihar (Cmc) - Ward No.10,0,,0,0,,0,0,0,karnataka
251938,31138,Harihar,11,Harihar (Cmc) - Ward No.11,0,,0,0,,0,0,0,karnataka
251938,31139,Harihar,12,Harihar (Cmc) - Ward No.12,0,,0,0,,0,0,0,karnataka
251938,31140,Harihar,13,Harihar (Cmc) - Ward No.13,0,,0,0,,0,0,0,karnataka
251938,31141,Harihar,14,Harihar (Cmc) - Ward No.14,0,,0,0,,0,0,0,karnataka
251938,31142,Harihar,15,Harihar (Cmc) - Ward No.15,0,,0,0,,0,0,0,karnataka
251938,31143,Harihar,16,Harihar (Cmc) - Ward No.16,0,,0,0,,0,0,0,karnataka
251938,31144,Harihar,17,Harihar (Cmc) - Ward No.17,0,,0,0,,0,0,0,karnataka
251938,31145,Harihar,18,Harihar (Cmc) - Ward No.18,0,,0,0,,0,0,0,karnataka
251938,31146,Harihar,19,Harihar (Cmc) - Ward No.19,0,,0,0,,0,0,0,karnataka
251938,31129,Harihar,2,Harihar (Cmc) - Ward No.2,0,,0,0,,0,0,0,karnataka
251938,31147,Harihar,20,Harihar (Cmc) - Ward No.20,0,,0,0,,0,0,0,karnataka
251938,31148,Harihar,21,Harihar (Cmc) - Ward No.21,0,,0,0,,0,0,0,karnataka
251938,31149,Harihar,22,Harihar (Cmc) - Ward No.22,0,,0,0,,0,0,0,karnataka
251938,31150,Harihar,23,Harihar (Cmc) - Ward No.23,0,,0,0,,0,0,0,karnataka
251938,31151,Harihar,24,Harihar (Cmc) - Ward No.24,0,,0,0,,0,0,0,karnataka
251938,31152,Harihar,25,Harihar (Cmc) - Ward No.25,0,,0,0,,0,0,0,karnataka
251938,31153,Harihar,26,Harihar (Cmc) - Ward No.26,0,,0,0,,0,0,0,karnataka
251938,31154,Harihar,27,Harihar (Cmc) - Ward No.27,0,,0,0,,0,0,0,karnataka
251938,31155,Harihar,28,Harihar (Cmc) - Ward No.28,0,,0,0,,0,0,0,karnataka
251938,31156,Harihar,29,Harihar (Cmc) - Ward No.29,0,,0,0,,0,0,0,karnataka
251938,31130,Harihar,3,Harihar (Cmc) - Ward No.3,0,,0,0,,0,0,0,karnataka
251938,31157,Harihar,30,Harihar (Cmc) - Ward No.30,0,,0,0,,0,0,0,karnataka
251938,31158,Harihar,31,Harihar (Cmc) - Ward No.31,0,,0,0,,0,0,0,karnataka
251938,31131,Harihar,4,Harihar (Cmc) - Ward No.4,0,,0,0,,0,0,0,karnataka
251938,31132,Harihar,5,Harihar (Cmc) - Ward No.5,0,,0,0,,0,0,0,karnataka
251938,31133,Harihar,6,Harihar (Cmc) - Ward No.6,0,,0,0,,0,0,0,karnataka
251938,31134,Harihar,7,Harihar (Cmc) - Ward No.7,0,,0,0,,0,0,0,karnataka
251938,31135,Harihar,8,Harihar (Cmc) - Ward No.8,0,,0,0,,0,0,0,karnataka
251938,31136,Harihar,9,Harihar (Cmc) - Ward No.9,0,,0,0,,0,0,0,karnataka
276569,1295688,Harogeri,1,Ward No. 1,527,Belagavi,555,5435,Raybag,5435,0,0,karnataka
276569,1295688,Harogeri,1,Ward No. 1,527,Belagavi,555,5435,Raybag,5435,0,0,karnataka
276569,1295697,Harogeri,10,Ward No.10,527,Belagavi,555,5435,Raybag,5435,0,0,karnataka
276569,1295697,Harogeri,10,Ward No.10,527,Belagavi,555,5435,Raybag,5435,0,0,karnataka
276569,1295698,Harogeri,11,Ward No.11,527,Belagavi,555,5435,Raybag,5435,0,0,karnataka
276569,1295698,Harogeri,11,Ward No.11,527,Belagavi,555,5435,Raybag,5435,0,0,karnataka
276569,1295699,Harogeri,12,Ward No.12,0,,0,0,,0,929127,0,karnataka
276569,1295699,Harogeri,12,Ward No.12,0,,0,0,,0,929127,0,karnataka
276569,1295700,Harogeri,13,Ward No.13,527,Belagavi,555,5435,Raybag,5435,0,0,karnataka
276569,1295700,Harogeri,13,Ward No.13,527,Belagavi,555,5435,Raybag,5435,0,0,karnataka
276569,1295701,Harogeri,14,Ward No.14,527,Belagavi,555,5435,Raybag,5435,0,0,karnataka
276569,1295701,Harogeri,14,Ward No.14,527,Belagavi,555,5435,Raybag,5435,0,0,karnataka
276569,1295702,Harogeri,15,Ward No.15,527,Belagavi,555,5435,Raybag,5435,0,0,karnataka
276569,1295702,Harogeri,15,Ward No.15,527,Belagavi,555,5435,Raybag,5435,0,0,karnataka
276569,1295703,Harogeri,16,Ward No.16,0,,0,0,,0,929127,0,karnataka
276569,1295703,Harogeri,16,Ward No.16,0,,0,0,,0,929127,0,karnataka
276569,1295704,Harogeri,17,Ward No.17,527,Belagavi,555,5435,Raybag,5435,0,0,karnataka
276569,1295704,Harogeri,17,Ward No.17,527,Belagavi,555,5435,Raybag,5435,0,0,karnataka
276569,1295705,Harogeri,18,Ward No.18,527,Belagavi,555,5435,Raybag,5435,0,0,karnataka
276569,1295705,Harogeri,18,Ward No.18,527,Belagavi,555,5435,Raybag,5435,0,0,karnataka
276569,1295706,Harogeri,19,Ward No.19,0,,0,0,,0,929127,0,karnataka
276569,1295706,Harogeri,19,Ward No.19,0,,0,0,,0,929127,0,karnataka
276569,1295689,Harogeri,2,Ward No. 2,527,Belagavi,555,5435,Raybag,5435,0,0,karnataka
276569,1295689,Harogeri,2,Ward No. 2,527,Belagavi,555,5435,Raybag,5435,0,0,karnataka
276569,1295707,Harogeri,20,Ward No. 20,0,,0,0,,0,929127,0,karnataka
276569,1295707,Harogeri,20,Ward No. 20,0,,0,0,,0,929127,0,karnataka
276569,1295708,Harogeri,21,Ward No.21,527,Belagavi,555,5435,Raybag,5435,0,0,karnataka
276569,1295708,Harogeri,21,Ward No.21,527,Belagavi,555,5435,Raybag,5435,0,0,karnataka
276569,1295709,Harogeri,22,Ward No.22,527,Belagavi,555,5435,Raybag,5435,0,0,karnataka
276569,1295709,Harogeri,22,Ward No.22,527,Belagavi,555,5435,Raybag,5435,0,0,karnataka
276569,1295710,Harogeri,23,Ward No.23,527,Belagavi,555,5435,Raybag,5435,0,0,karnataka
276569,1295710,Harogeri,23,Ward No.23,527,Belagavi,555,5435,Raybag,5435,0,0,karnataka
276569,1295690,Harogeri,3,Ward No.3,0,,0,0,,0,929127,0,karnataka
276569,1295690,Harogeri,3,Ward No.3,0,,0,0,,0,929127,0,karnataka
276569,1295691,Harogeri,4,Ward No. 4,527,Belagavi,555,5435,Raybag,5435,0,0,karnataka
276569,1295691,Harogeri,4,Ward No. 4,527,Belagavi,555,5435,Raybag,5435,0,0,karnataka
276569,1295692,Harogeri,5,Ward No. 5,527,Belagavi,555,5435,Raybag,5435,0,0,karnataka
276569,1295692,Harogeri,5,Ward No. 5,527,Belagavi,555,5435,Raybag,5435,0,0,karnataka
276569,1295693,Harogeri,6,Ward No. 6,527,Belagavi,555,5435,Raybag,5435,0,0,karnataka
276569,1295693,Harogeri,6,Ward No. 6,527,Belagavi,555,5435,Raybag,5435,0,0,karnataka
276569,1295694,Harogeri,7,Ward No. 7,0,,0,0,,0,929127,0,karnataka
276569,1295694,Harogeri,7,Ward No. 7,0,,0,0,,0,929127,0,karnataka
276569,1295695,Harogeri,8,Ward No. 8,0,,0,0,,0,929127,0,karnataka
276569,1295695,Harogeri,8,Ward No. 8,0,,0,0,,0,929127,0,karnataka
276569,1295696,Harogeri,9,Ward No. 9,0,,0,0,,0,929127,0,karnataka
276569,1295696,Harogeri,9,Ward No. 9,0,,0,0,,0,929127,0,karnataka
252012,65608,Hassan,1,Hassan (Cmc) - Ward No.1,0,,0,0,,0,0,0,karnataka
252012,65617,Hassan,10,Hassan (Cmc) - Ward No.10,0,,0,0,,0,0,0,karnataka
252012,65618,Hassan,11,Hassan (Cmc) - Ward No.11,0,,0,0,,0,0,0,karnataka
252012,65619,Hassan,12,Hassan (Cmc) - Ward No.12,0,,0,0,,0,0,0,karnataka
252012,65620,Hassan,13,Hassan (Cmc) - Ward No.13,0,,0,0,,0,0,0,karnataka
252012,65621,Hassan,14,Hassan (Cmc) - Ward No.14,0,,0,0,,0,0,0,karnataka
252012,65622,Hassan,15,Hassan (Cmc) - Ward No.15,0,,0,0,,0,0,0,karnataka
252012,65623,Hassan,16,Hassan (Cmc) - Ward No.16,0,,0,0,,0,0,0,karnataka
252012,65624,Hassan,17,Hassan (Cmc) - Ward No.17,0,,0,0,,0,0,0,karnataka
252012,65625,Hassan,18,Hassan (Cmc) - Ward No.18,0,,0,0,,0,0,0,karnataka
252012,65626,Hassan,19,Hassan (Cmc) - Ward No.19,0,,0,0,,0,0,0,karnataka
252012,65609,Hassan,2,Hassan (Cmc) - Ward No.2,0,,0,0,,0,0,0,karnataka
252012,65627,Hassan,20,Hassan (Cmc) - Ward No.20,0,,0,0,,0,0,0,karnataka
252012,65628,Hassan,21,Hassan (Cmc) - Ward No.21,0,,0,0,,0,0,0,karnataka
252012,65629,Hassan,22,Hassan (Cmc) - Ward No.22,0,,0,0,,0,0,0,karnataka
252012,65630,Hassan,23,Hassan (Cmc) - Ward No.23,0,,0,0,,0,0,0,karnataka
252012,65631,Hassan,24,Hassan (Cmc) - Ward No.24,0,,0,0,,0,0,0,karnataka
252012,65632,Hassan,25,Hassan (Cmc) - Ward No.25,0,,0,0,,0,0,0,karnataka
252012,65633,Hassan,26,Hassan (Cmc) - Ward No.26,0,,0,0,,0,0,0,karnataka
252012,65634,Hassan,27,Hassan (Cmc) - Ward No.27,0,,0,0,,0,0,0,karnataka
252012,65635,Hassan,28,Hassan (Cmc) - Ward No.28,0,,0,0,,0,0,0,karnataka
252012,65636,Hassan,29,Hassan (Cmc) - Ward No.29,0,,0,0,,0,0,0,karnataka
252012,65610,Hassan,3,Hassan (Cmc) - Ward No.3,0,,0,0,,0,0,0,karnataka
252012,65637,Hassan,30,Hassan (Cmc) - Ward No.30,0,,0,0,,0,0,0,karnataka
252012,65638,Hassan,31,Hassan (Cmc) - Ward No.31,0,,0,0,,0,0,0,karnataka
252012,65639,Hassan,32,Hassan (Cmc) - Ward No.32,0,,0,0,,0,0,0,karnataka
252012,65640,Hassan,33,Hassan (Cmc) - Ward No.33,0,,0,0,,0,0,0,karnataka
252012,65641,Hassan,34,Hassan (Cmc) - Ward No.34,0,,0,0,,0,0,0,karnataka
252012,65642,Hassan,35,Hassan (Cmc) - Ward No.35,0,,0,0,,0,0,0,karnataka
252012,65611,Hassan,4,Hassan (Cmc) - Ward No.4,0,,0,0,,0,0,0,karnataka
252012,65612,Hassan,5,Hassan (Cmc) - Ward No.5,0,,0,0,,0,0,0,karnataka
252012,65613,Hassan,6,Hassan (Cmc) - Ward No.6,0,,0,0,,0,0,0,karnataka
252012,65614,Hassan,7,Hassan (Cmc) - Ward No.7,0,,0,0,,0,0,0,karnataka
252012,65615,Hassan,8,Hassan (Cmc) - Ward No.8,0,,0,0,,0,0,0,karnataka
252012,65616,Hassan,9,Hassan (Cmc) - Ward No.9,0,,0,0,,0,0,0,karnataka
251873,27654,Hatti,1,Hatti (CT) - Ward No.1,0,,0,0,,0,0,0,karnataka
251873,1921551,Hatti,13,Hatti (CT) - Ward No.13,0,,0,0,,0,0,0,karnataka
251873,1921537,Hatti,10,Ward-10,0,,0,0,,0,0,0,karnataka
251873,1921538,Hatti,11,Ward-11,0,,0,0,,0,0,0,karnataka
251873,1921539,Hatti,12,Ward-12,0,,0,0,,0,0,0,karnataka
251873,1921529,Hatti,2,Ward-2,0,,0,0,,0,0,0,karnataka
251873,1921530,Hatti,3,Ward-3,0,,0,0,,0,0,0,karnataka
251873,1921531,Hatti,4,Ward-4,0,,0,0,,0,0,0,karnataka
251873,1921532,Hatti,5,Ward-5,0,,0,0,,0,0,0,karnataka
251873,1921533,Hatti,6,Ward-6,0,,0,0,,0,0,0,karnataka
251873,1921534,Hatti,7,Ward-7,0,,0,0,,0,0,0,karnataka
251873,1921535,Hatti,8,Ward-8,0,,0,0,,0,0,0,karnataka
251873,1921536,Hatti,9,Ward-9,0,,0,0,,0,0,0,karnataka
251872,27639,Hatti Gold Mines,1,Hatti Gold Mines(Nac) - Ward No.1,0,,0,0,,0,0,0,karnataka
251872,3044616,Hatti Gold Mines,2,Ward 2,0,,0,0,,0,0,0,karnataka
251872,3044617,Hatti Gold Mines,3,Ward 3,0,,0,0,,0,0,0,karnataka
251872,3044618,Hatti Gold Mines,4,Ward 4,0,,0,0,,0,0,0,karnataka
251872,3044619,Hatti Gold Mines,5,Ward 5,0,,0,0,,0,0,0,karnataka
251872,3044620,Hatti Gold Mines,6,Ward 6,0,,0,0,,0,0,0,karnataka
251916,61272,Haveri,1,Haveri (Cmc) - Ward No.1,0,,0,0,,0,0,0,karnataka
251916,61281,Haveri,10,Haveri (Cmc) - Ward No.10,0,,0,0,,0,0,0,karnataka
251916,61282,Haveri,11,Haveri (Cmc) - Ward No.11,0,,0,0,,0,0,0,karnataka
251916,61283,Haveri,12,Haveri (Cmc) - Ward No.12,0,,0,0,,0,0,0,karnataka
251916,61284,Haveri,13,Haveri (Cmc) - Ward No.13,0,,0,0,,0,0,0,karnataka
251916,61285,Haveri,14,Haveri (Cmc) - Ward No.14,0,,0,0,,0,0,0,karnataka
251916,61286,Haveri,15,Haveri (Cmc) - Ward No.15,0,,0,0,,0,0,0,karnataka
251916,61287,Haveri,16,Haveri (Cmc) - Ward No.16,0,,0,0,,0,0,0,karnataka
251916,61288,Haveri,17,Haveri (Cmc) - Ward No.17,0,,0,0,,0,0,0,karnataka
251916,61289,Haveri,18,Haveri (Cmc) - Ward No.18,0,,0,0,,0,0,0,karnataka
251916,61290,Haveri,19,Haveri (Cmc) - Ward No.19,0,,0,0,,0,0,0,karnataka
251916,61273,Haveri,2,Haveri (Cmc) - Ward No.2,0,,0,0,,0,0,0,karnataka
251916,61291,Haveri,20,Haveri (Cmc) - Ward No.20,0,,0,0,,0,0,0,karnataka
251916,61292,Haveri,21,Haveri (Cmc) - Ward No.21,0,,0,0,,0,0,0,karnataka
251916,61293,Haveri,22,Haveri (Cmc) - Ward No.22,0,,0,0,,0,0,0,karnataka
251916,61294,Haveri,23,Haveri (Cmc) - Ward No.23,0,,0,0,,0,0,0,karnataka
251916,61295,Haveri,24,Haveri (Cmc) - Ward No.24,0,,0,0,,0,0,0,karnataka
251916,61296,Haveri,25,Haveri (Cmc) - Ward No.25,0,,0,0,,0,0,0,karnataka
251916,61297,Haveri,26,Haveri (Cmc) - Ward No.26,0,,0,0,,0,0,0,karnataka
251916,61298,Haveri,27,Haveri (Cmc) - Ward No.27,0,,0,0,,0,0,0,karnataka
251916,69700,Haveri,28,Haveri (Cmc) - Ward No.28,0,,0,0,,0,0,0,karnataka
251916,69701,Haveri,29,Haveri (Cmc) - Ward No.29,0,,0,0,,0,0,0,karnataka
251916,61274,Haveri,3,Haveri (Cmc) - Ward No.3,0,,0,0,,0,0,0,karnataka
251916,69702,Haveri,30,Haveri (Cmc) - Ward No.30,0,,0,0,,0,0,0,karnataka
251916,69703,Haveri,31,Haveri (Cmc) - Ward No.31,0,,0,0,,0,0,0,karnataka
251916,61275,Haveri,4,Haveri (Cmc) - Ward No.4,0,,0,0,,0,0,0,karnataka
251916,61276,Haveri,5,Haveri (Cmc) - Ward No.5,0,,0,0,,0,0,0,karnataka
251916,61277,Haveri,6,Haveri (Cmc) - Ward No.6,0,,0,0,,0,0,0,karnataka
251916,61278,Haveri,7,Haveri (Cmc) - Ward No.7,0,,0,0,,0,0,0,karnataka
251916,61279,Haveri,8,Haveri (Cmc) - Ward No.8,0,,0,0,,0,0,0,karnataka
251916,61280,Haveri,9,Haveri (Cmc) - Ward No.9,0,,0,0,,0,0,0,karnataka
276463,1295924,Hebbugodi,10,10-Sree Madduramma Temple Ward,0,,0,0,,0,928182,0,karnataka
276463,1295924,Hebbugodi,10,10-Sree Madduramma Temple Ward,0,,0,0,,0,928182,0,karnataka
276463,1295925,Hebbugodi,11,11-Sree Basaveshwara Gudi Ward,0,,0,0,,0,928182,0,karnataka
276463,1295925,Hebbugodi,11,11-Sree Basaveshwara Gudi Ward,0,,0,0,,0,928182,0,karnataka
276463,1295926,Hebbugodi,12,12-Sree Ganesha Gudi Ward,0,,0,0,,0,928182,0,karnataka
276463,1295926,Hebbugodi,12,12-Sree Ganesha Gudi Ward,0,,0,0,,0,928182,0,karnataka
276463,1295927,Hebbugodi,13,13-Sree Vinayaka Ward,0,,0,0,,0,928182,0,karnataka
276463,1295927,Hebbugodi,13,13-Sree Vinayaka Ward,0,,0,0,,0,928182,0,karnataka
276463,1295928,Hebbugodi,14,14-Sree Topamma Ward,525,Bengaluru Urban,572,5545,Anekal,5545,0,0,karnataka
276463,1295928,Hebbugodi,14,14-Sree Topamma Ward,525,Bengaluru Urban,572,5545,Anekal,5545,0,0,karnataka
276463,1295929,Hebbugodi,15,15-Sree Muthyalamma Ward,525,Bengaluru Urban,572,5545,Anekal,5545,0,0,karnataka
276463,1295929,Hebbugodi,15,15-Sree Muthyalamma Ward,525,Bengaluru Urban,572,5545,Anekal,5545,0,0,karnataka
276463,1295930,Hebbugodi,16,16-Sree Kaveramma Temple Ward,0,,0,0,,0,928182,0,karnataka
276463,1295930,Hebbugodi,16,16-Sree Kaveramma Temple Ward,0,,0,0,,0,928182,0,karnataka
276463,1295931,Hebbugodi,17,17-Sree Yallamma Temple Ward,0,,0,0,,0,928182,0,karnataka
276463,1295931,Hebbugodi,17,17-Sree Yallamma Temple Ward,0,,0,0,,0,928182,0,karnataka
276463,1295932,Hebbugodi,18,18-Sree Rama Ward,525,Bengaluru Urban,572,5545,Anekal,5545,0,0,karnataka
276463,1295932,Hebbugodi,18,18-Sree Rama Ward,525,Bengaluru Urban,572,5545,Anekal,5545,0,0,karnataka
276463,1295933,Hebbugodi,19,19-Sree Maramma(Patalamma) Temple Ward,0,,0,0,,0,0,0,karnataka
276463,1295915,Hebbugodi,1,1-Overtank Ward,525,Bengaluru Urban,572,5545,Anekal,5545,0,0,karnataka
276463,1295915,Hebbugodi,1,1-Overtank Ward,525,Bengaluru Urban,572,5545,Anekal,5545,0,0,karnataka
276463,1295934,Hebbugodi,20,20-Pavithra Public School Ward,0,,0,0,,0,928182,0,karnataka
276463,1295934,Hebbugodi,20,20-Pavithra Public School Ward,0,,0,0,,0,928182,0,karnataka
276463,1295935,Hebbugodi,21,21-Sree Onamma Temple Ward,525,Bengaluru Urban,572,5545,Anekal,5545,0,0,karnataka
276463,1295935,Hebbugodi,21,21-Sree Onamma Temple Ward,525,Bengaluru Urban,572,5545,Anekal,5545,0,0,karnataka
276463,1295936,Hebbugodi,22,22-Sree Janatha Colony,0,,0,0,,0,928182,0,karnataka
276463,1295936,Hebbugodi,22,22-Sree Janatha Colony,0,,0,0,,0,928182,0,karnataka
276463,1295937,Hebbugodi,23,23-Sree Anjaneya Ward,0,,0,0,,0,928182,0,karnataka
276463,1295937,Hebbugodi,23,23-Sree Anjaneya Ward,0,,0,0,,0,928182,0,karnataka
276463,1295938,Hebbugodi,24,24-Sree Balaji Ward,0,,0,0,,0,928182,0,karnataka
276463,1295938,Hebbugodi,24,24-Sree Balaji Ward,0,,0,0,,0,928182,0,karnataka
276463,1295939,Hebbugodi,25,25-Sfs Ward,0,,0,0,,0,928182,0,karnataka
276463,1295939,Hebbugodi,25,25-Sfs Ward,0,,0,0,,0,928182,0,karnataka
276463,1295940,Hebbugodi,26,26-Sree Sai Venkateshwara Ward,0,,0,0,,0,928182,0,karnataka
276463,1295940,Hebbugodi,26,26-Sree Sai Venkateshwara Ward,0,,0,0,,0,928182,0,karnataka
276463,1295941,Hebbugodi,27,27-Sree Sallapuramma Ward,525,Bengaluru Urban,572,5545,Anekal,5545,0,0,karnataka
276463,1295941,Hebbugodi,27,27-Sree Sallapuramma Ward,525,Bengaluru Urban,572,5545,Anekal,5545,0,0,karnataka
276463,1295942,Hebbugodi,28,28-Sree Vinayaka Ward,0,,0,0,,0,928182,0,karnataka
276463,1295942,Hebbugodi,28,28-Sree Vinayaka Ward,0,,0,0,,0,928182,0,karnataka
276463,1295943,Hebbugodi,29,29-Sree Kannika Parameshwari Ward,0,,0,0,,0,928182,0,karnataka
276463,1295943,Hebbugodi,29,29-Sree Kannika Parameshwari Ward,0,,0,0,,0,928182,0,karnataka
276463,1295916,Hebbugodi,2,2-Gramatana Ward,0,,0,0,,0,928182,0,karnataka
276463,1295916,Hebbugodi,2,2-Gramatana Ward,0,,0,0,,0,928182,0,karnataka
276463,1295944,Hebbugodi,30,30-Sree Muneshwara Ward,0,,0,0,,0,928182,0,karnataka
276463,1295944,Hebbugodi,30,30-Sree Muneshwara Ward,0,,0,0,,0,928182,0,karnataka
276463,1295945,Hebbugodi,31,31-Sree Basaveshwara Ward,525,Bengaluru Urban,572,5545,Anekal,5545,0,0,karnataka
276463,1295945,Hebbugodi,31,31-Sree Basaveshwara Ward,525,Bengaluru Urban,572,5545,Anekal,5545,0,0,karnataka
276463,1295917,Hebbugodi,3,3-Sree Muneshwara Ward,525,Bengaluru Urban,572,5545,Anekal,5545,0,0,karnataka
276463,1295917,Hebbugodi,3,3-Sree Muneshwara Ward,525,Bengaluru Urban,572,5545,Anekal,5545,0,0,karnataka
276463,1295918,Hebbugodi,4,4-Sree Nagammadevi Ward,0,,0,0,,0,928182,0,karnataka
276463,1295918,Hebbugodi,4,4-Sree Nagammadevi Ward,0,,0,0,,0,928182,0,karnataka
276463,1295919,Hebbugodi,5,5-Ashwathkatte Ward,525,Bengaluru Urban,572,5545,Anekal,5545,0,0,karnataka
276463,1295919,Hebbugodi,5,5-Ashwathkatte Ward,525,Bengaluru Urban,572,5545,Anekal,5545,0,0,karnataka
276463,1295920,Hebbugodi,6,6-Sree Yallamma Devi Ward,0,,0,0,,0,928182,0,karnataka
276463,1295920,Hebbugodi,6,6-Sree Yallamma Devi Ward,0,,0,0,,0,928182,0,karnataka
276463,1295921,Hebbugodi,7,7-Sree Muneshwara Temple Ward,525,Bengaluru Urban,572,5545,Anekal,5545,0,0,karnataka
276463,1295921,Hebbugodi,7,7-Sree Muneshwara Temple Ward,525,Bengaluru Urban,572,5545,Anekal,5545,0,0,karnataka
276463,1295922,Hebbugodi,8,8-Sree Venkateshwara Temple Ward,525,Bengaluru Urban,572,5545,Anekal,5545,0,0,karnataka
276463,1295922,Hebbugodi,8,8-Sree Venkateshwara Temple Ward,525,Bengaluru Urban,572,5545,Anekal,5545,0,0,karnataka
276463,1295923,Hebbugodi,9,9-Govt Hospital Ward,525,Bengaluru Urban,572,5545,Anekal,5545,0,0,karnataka
276463,1295923,Hebbugodi,9,9-Govt Hospital Ward,525,Bengaluru Urban,572,5545,Anekal,5545,0,0,karnataka
252049,2146723,Heggadadevankote,18,Heggadadevankote-18,0,,0,0,,0,0,0,karnataka
252049,2146724,Heggadadevankote,19,Heggadadevankote-19,0,,0,0,,0,0,0,karnataka
252049,2146725,Heggadadevankote,20,Heggadadevankote-20,0,,0,0,,0,0,0,karnataka
252049,2146726,Heggadadevankote,21,Heggadadevankote-21,0,,0,0,,0,0,0,karnataka
252049,2146727,Heggadadevankote,22,Heggadadevankote-22,0,,0,0,,0,0,0,karnataka
252049,2146728,Heggadadevankote,23,Heggadadevankote-23,0,,0,0,,0,0,0,karnataka
252049,28882,Heggadadevankote,1,Heggadadevankote (TP) - Ward No.1,0,,0,0,,0,0,0,karnataka
252049,29091,Heggadadevankote,10,Heggadadevankote (TP) - Ward No.10,0,,0,0,,0,0,0,karnataka
252049,29093,Heggadadevankote,11,Heggadadevankote (TP) - Ward No.11,0,,0,0,,0,0,0,karnataka
252049,2593,Heggadadevankote,12,Heggadadevankote (TP) - Ward No.12,0,,0,0,,0,0,0,karnataka
252049,2595,Heggadadevankote,13,Heggadadevankote (TP) - Ward No.13,0,,0,0,,0,0,0,karnataka
252049,1921420,Heggadadevankote,14,Heggadadevankote (TP) - Ward No.14,0,,0,0,,0,0,0,karnataka
252049,1921421,Heggadadevankote,15,Heggadadevankote (TP) - Ward No.15,0,,0,0,,0,0,0,karnataka
252049,1921422,Heggadadevankote,16,Heggadadevankote (TP) - Ward No.16,0,,0,0,,0,0,0,karnataka
252049,1921423,Heggadadevankote,17,Heggadadevankote (TP) - Ward No.17,0,,0,0,,0,0,0,karnataka
252049,28884,Heggadadevankote,2,Heggadadevankote (TP) - Ward No.2,0,,0,0,,0,0,0,karnataka
252049,29077,Heggadadevankote,3,Heggadadevankote (TP) - Ward No.3,0,,0,0,,0,0,0,karnataka
252049,29079,Heggadadevankote,4,Heggadadevankote (TP) - Ward No.4,0,,0,0,,0,0,0,karnataka
252049,29081,Heggadadevankote,5,Heggadadevankote (TP) - Ward No.5,0,,0,0,,0,0,0,karnataka
252049,29083,Heggadadevankote,6,Heggadadevankote (TP) - Ward No.6,0,,0,0,,0,0,0,karnataka
252049,29085,Heggadadevankote,7,Heggadadevankote (TP) - Ward No.7,0,,0,0,,0,0,0,karnataka
252049,29087,Heggadadevankote,8,Heggadadevankote (TP) - Ward No.8,0,,0,0,,0,0,0,karnataka
252049,29089,Heggadadevankote,9,Heggadadevankote (TP) - Ward No.9,0,,0,0,,0,0,0,karnataka
251918,30064,Hirekerur,1,Hirekerur (TP) - Ward No.1,0,,0,0,,0,0,0,karnataka
251918,30073,Hirekerur,10,Hirekerur (TP) - Ward No.10,0,,0,0,,0,0,0,karnataka
251918,30074,Hirekerur,11,Hirekerur (TP) - Ward No.11,0,,0,0,,0,0,0,karnataka
251918,30075,Hirekerur,12,Hirekerur (TP) - Ward No.12,0,,0,0,,0,0,0,karnataka
251918,30076,Hirekerur,13,Hirekerur (TP) - Ward No.13,0,,0,0,,0,0,0,karnataka
251918,30077,Hirekerur,14,Hirekerur (TP) - Ward No.14,0,,0,0,,0,0,0,karnataka
251918,2197,Hirekerur,15,Hirekerur (TP) - Ward No.15,0,,0,0,,0,0,0,karnataka
251918,2198,Hirekerur,16,Hirekerur (TP) - Ward No.16,0,,0,0,,0,0,0,karnataka
251918,1889347,Hirekerur,17,Hirekerur (TP) - Ward No.17,0,,0,0,,0,0,0,karnataka
251918,1889348,Hirekerur,18,Hirekerur (TP) - Ward No.18,0,,0,0,,0,0,0,karnataka
251918,1889349,Hirekerur,19,Hirekerur (TP) - Ward No.19,0,,0,0,,0,0,0,karnataka
251918,30065,Hirekerur,2,Hirekerur (TP) - Ward No.2,0,,0,0,,0,0,0,karnataka
251918,1889350,Hirekerur,20,Hirekerur (TP) - Ward No.20,0,,0,0,,0,0,0,karnataka
251918,30066,Hirekerur,3,Hirekerur (TP) - Ward No.3,0,,0,0,,0,0,0,karnataka
251918,30067,Hirekerur,4,Hirekerur (TP) - Ward No.4,0,,0,0,,0,0,0,karnataka
251918,30068,Hirekerur,5,Hirekerur (TP) - Ward No.5,0,,0,0,,0,0,0,karnataka
251918,30069,Hirekerur,6,Hirekerur (TP) - Ward No.6,0,,0,0,,0,0,0,karnataka
251918,30070,Hirekerur,7,Hirekerur (TP) - Ward No.7,0,,0,0,,0,0,0,karnataka
251918,30071,Hirekerur,8,Hirekerur (TP) - Ward No.8,0,,0,0,,0,0,0,karnataka
251918,30072,Hirekerur,9,Hirekerur (TP) - Ward No.9,0,,0,0,,0,0,0,karnataka
251937,61478,Hiriyur,1,Hiriyur (TMC) - Ward No.1,0,,0,0,,0,0,0,karnataka
251937,61487,Hiriyur,10,Hiriyur (TMC) - Ward No.10,0,,0,0,,0,0,0,karnataka
251937,61488,Hiriyur,11,Hiriyur (TMC) - Ward No.11,0,,0,0,,0,0,0,karnataka
251937,61489,Hiriyur,12,Hiriyur (TMC) - Ward No.12,0,,0,0,,0,0,0,karnataka
251937,61490,Hiriyur,13,Hiriyur (TMC) - Ward No.13,0,,0,0,,0,0,0,karnataka
251937,61491,Hiriyur,14,Hiriyur (TMC) - Ward No.14,0,,0,0,,0,0,0,karnataka
251937,61492,Hiriyur,15,Hiriyur (TMC) - Ward No.15,0,,0,0,,0,0,0,karnataka
251937,61493,Hiriyur,16,Hiriyur (TMC) - Ward No.16,0,,0,0,,0,0,0,karnataka
251937,61494,Hiriyur,17,Hiriyur (TMC) - Ward No.17,0,,0,0,,0,0,0,karnataka
251937,61495,Hiriyur,18,Hiriyur (TMC) - Ward No.18,0,,0,0,,0,0,0,karnataka
251937,61496,Hiriyur,19,Hiriyur (TMC) - Ward No.19,0,,0,0,,0,0,0,karnataka
251937,61479,Hiriyur,2,Hiriyur (TMC) - Ward No.2,0,,0,0,,0,0,0,karnataka
251937,61497,Hiriyur,20,Hiriyur (TMC) - Ward No.20,0,,0,0,,0,0,0,karnataka
251937,61498,Hiriyur,21,Hiriyur (TMC) - Ward No.21,0,,0,0,,0,0,0,karnataka
251937,61499,Hiriyur,22,Hiriyur (TMC) - Ward No.22,0,,0,0,,0,0,0,karnataka
251937,61500,Hiriyur,23,Hiriyur (TMC) - Ward No.23,0,,0,0,,0,0,0,karnataka
251937,1886393,Hiriyur,24,Hiriyur (TMC) - Ward No.24,0,,0,0,,0,0,0,karnataka
251937,1886394,Hiriyur,25,Hiriyur (TMC) - Ward No.25,0,,0,0,,0,0,0,karnataka
251937,1886395,Hiriyur,26,Hiriyur (TMC) - Ward No.26,0,,0,0,,0,0,0,karnataka
251937,1886396,Hiriyur,27,Hiriyur (TMC) - Ward No.27,0,,0,0,,0,0,0,karnataka
251937,1886397,Hiriyur,28,Hiriyur (TMC) - Ward No.28,0,,0,0,,0,0,0,karnataka
251937,1886398,Hiriyur,29,Hiriyur (TMC) - Ward No.29,0,,0,0,,0,0,0,karnataka
251937,61480,Hiriyur,3,Hiriyur (TMC) - Ward No.3,0,,0,0,,0,0,0,karnataka
251937,1886399,Hiriyur,30,Hiriyur (TMC) - Ward No.30,0,,0,0,,0,0,0,karnataka
251937,1886400,Hiriyur,31,Hiriyur (TMC) - Ward No.31,0,,0,0,,0,0,0,karnataka
251937,61481,Hiriyur,4,Hiriyur (TMC) - Ward No.4,0,,0,0,,0,0,0,karnataka
251937,61482,Hiriyur,5,Hiriyur (TMC) - Ward No.5,0,,0,0,,0,0,0,karnataka
251937,61483,Hiriyur,6,Hiriyur (TMC) - Ward No.6,0,,0,0,,0,0,0,karnataka
251937,61484,Hiriyur,7,Hiriyur (TMC) - Ward No.7,0,,0,0,,0,0,0,karnataka
251937,61485,Hiriyur,8,Hiriyur (TMC) - Ward No.8,0,,0,0,,0,0,0,karnataka
251937,61486,Hiriyur,9,Hiriyur (TMC) - Ward No.9,0,,0,0,,0,0,0,karnataka
251935,31097,Holalkere,1,Holalkere (TP) - Ward No.1,0,,0,0,,0,0,0,karnataka
251935,31106,Holalkere,10,Holalkere (TP) - Ward No.10,0,,0,0,,0,0,0,karnataka
251935,31107,Holalkere,11,Holalkere (TP) - Ward No.11,0,,0,0,,0,0,0,karnataka
251935,31108,Holalkere,12,Holalkere (TP) - Ward No.12,0,,0,0,,0,0,0,karnataka
251935,31109,Holalkere,13,Holalkere (TP) - Ward No.13,0,,0,0,,0,0,0,karnataka
251935,1923713,Holalkere,14,Holalkere (TP) - Ward No.14,0,,0,0,,0,0,0,karnataka
251935,1923714,Holalkere,15,Holalkere (TP) - Ward No.15,0,,0,0,,0,0,0,karnataka
251935,1923715,Holalkere,16,Holalkere (TP) - Ward No.16,0,,0,0,,0,0,0,karnataka
251935,31098,Holalkere,2,Holalkere (TP) - Ward No.2,0,,0,0,,0,0,0,karnataka
251935,31099,Holalkere,3,Holalkere (TP) - Ward No.3,0,,0,0,,0,0,0,karnataka
251935,31100,Holalkere,4,Holalkere (TP) - Ward No.4,0,,0,0,,0,0,0,karnataka
251935,31101,Holalkere,5,Holalkere (TP) - Ward No.5,0,,0,0,,0,0,0,karnataka
251935,31102,Holalkere,6,Holalkere (TP) - Ward No.6,0,,0,0,,0,0,0,karnataka
251935,31103,Holalkere,7,Holalkere (TP) - Ward No.7,0,,0,0,,0,0,0,karnataka
251935,31104,Holalkere,8,Holalkere (TP) - Ward No.8,0,,0,0,,0,0,0,karnataka
251935,31105,Holalkere,9,Holalkere (TP) - Ward No.9,0,,0,0,,0,0,0,karnataka
299180,3044562,Holehonnuru,1,Ward 1,0,,0,0,,0,0,0,karnataka
299180,3044571,Holehonnuru,10,Ward 10,0,,0,0,,0,0,0,karnataka
299180,3044572,Holehonnuru,11,Ward 11,0,,0,0,,0,0,0,karnataka
299180,3044573,Holehonnuru,12,Ward 12,0,,0,0,,0,0,0,karnataka
299180,3044574,Holehonnuru,13,Ward 13,0,,0,0,,0,0,0,karnataka
299180,3044575,Holehonnuru,14,Ward 14,0,,0,0,,0,0,0,karnataka
299180,3044576,Holehonnuru,15,Ward 15,0,,0,0,,0,0,0,karnataka
299180,3044577,Holehonnuru,16,Ward 16,0,,0,0,,0,0,0,karnataka
299180,3044563,Holehonnuru,2,Ward 2,0,,0,0,,0,0,0,karnataka
299180,3044564,Holehonnuru,3,Ward 3,0,,0,0,,0,0,0,karnataka
299180,3044565,Holehonnuru,4,Ward 4,0,,0,0,,0,0,0,karnataka
299180,3044566,Holehonnuru,5,Ward 5,0,,0,0,,0,0,0,karnataka
299180,3044567,Holehonnuru,6,Ward 6,0,,0,0,,0,0,0,karnataka
299180,3044568,Holehonnuru,7,Ward 7,0,,0,0,,0,0,0,karnataka
299180,3044569,Holehonnuru,8,Ward 8,0,,0,0,,0,0,0,karnataka
299180,3044570,Holehonnuru,9,Ward 9,0,,0,0,,0,0,0,karnataka
252015,65648,Hole Narsipur,1,Hole Narsipur (TMC) - Ward No.1,0,,0,0,,0,0,0,karnataka
252015,65657,Hole Narsipur,10,Hole Narsipur (TMC) - Ward No.10,0,,0,0,,0,0,0,karnataka
252015,65658,Hole Narsipur,11,Hole Narsipur (TMC) - Ward No.11,0,,0,0,,0,0,0,karnataka
252015,65659,Hole Narsipur,12,Hole Narsipur (TMC) - Ward No.12,0,,0,0,,0,0,0,karnataka
252015,65660,Hole Narsipur,13,Hole Narsipur (TMC) - Ward No.13,0,,0,0,,0,0,0,karnataka
252015,65661,Hole Narsipur,14,Hole Narsipur (TMC) - Ward No.14,0,,0,0,,0,0,0,karnataka
252015,65662,Hole Narsipur,15,Hole Narsipur (TMC) - Ward No.15,0,,0,0,,0,0,0,karnataka
252015,65663,Hole Narsipur,16,Hole Narsipur (TMC) - Ward No.16,0,,0,0,,0,0,0,karnataka
252015,65664,Hole Narsipur,17,Hole Narsipur (TMC) - Ward No.17,0,,0,0,,0,0,0,karnataka
252015,65665,Hole Narsipur,18,Hole Narsipur (TMC) - Ward No.18,0,,0,0,,0,0,0,karnataka
252015,65666,Hole Narsipur,19,Hole Narsipur (TMC) - Ward No.19,0,,0,0,,0,0,0,karnataka
252015,65649,Hole Narsipur,2,Hole Narsipur (TMC) - Ward No.2,0,,0,0,,0,0,0,karnataka
252015,65667,Hole Narsipur,20,Hole Narsipur (TMC) - Ward No.20,0,,0,0,,0,0,0,karnataka
252015,65668,Hole Narsipur,21,Hole Narsipur (TMC) - Ward No.21,0,,0,0,,0,0,0,karnataka
252015,65669,Hole Narsipur,22,Hole Narsipur (TMC) - Ward No.22,0,,0,0,,0,0,0,karnataka
252015,65670,Hole Narsipur,23,Hole Narsipur (TMC) - Ward No.23,0,,0,0,,0,0,0,karnataka
252015,65650,Hole Narsipur,3,Hole Narsipur (TMC) - Ward No.3,0,,0,0,,0,0,0,karnataka
252015,65651,Hole Narsipur,4,Hole Narsipur (TMC) - Ward No.4,0,,0,0,,0,0,0,karnataka
252015,65652,Hole Narsipur,5,Hole Narsipur (TMC) - Ward No.5,0,,0,0,,0,0,0,karnataka
252015,65653,Hole Narsipur,6,Hole Narsipur (TMC) - Ward No.6,0,,0,0,,0,0,0,karnataka
252015,65654,Hole Narsipur,7,Hole Narsipur (TMC) - Ward No.7,0,,0,0,,0,0,0,karnataka
252015,65655,Hole Narsipur,8,Hole Narsipur (TMC) - Ward No.8,0,,0,0,,0,0,0,karnataka
252015,65656,Hole Narsipur,9,Hole Narsipur (TMC) - Ward No.9,0,,0,0,,0,0,0,karnataka
251868,27556,Homnabad,1,Homnabad (TMC) - Ward No.1,0,,0,0,,0,0,0,karnataka
251868,27565,Homnabad,10,Homnabad (TMC) - Ward No.10,0,,0,0,,0,0,0,karnataka
251868,27566,Homnabad,11,Homnabad (TMC) - Ward No.11,0,,0,0,,0,0,0,karnataka
251868,27567,Homnabad,12,Homnabad (TMC) - Ward No.12,0,,0,0,,0,0,0,karnataka
251868,27568,Homnabad,13,Homnabad (TMC) - Ward No.13,0,,0,0,,0,0,0,karnataka
251868,27569,Homnabad,14,Homnabad (TMC) - Ward No.14,0,,0,0,,0,0,0,karnataka
251868,27570,Homnabad,15,Homnabad (TMC) - Ward No.15,0,,0,0,,0,0,0,karnataka
251868,27571,Homnabad,16,Homnabad (TMC) - Ward No.16,0,,0,0,,0,0,0,karnataka
251868,27572,Homnabad,17,Homnabad (TMC) - Ward No.17,0,,0,0,,0,0,0,karnataka
251868,27573,Homnabad,18,Homnabad (TMC) - Ward No.18,0,,0,0,,0,0,0,karnataka
251868,27574,Homnabad,19,Homnabad (TMC) - Ward No.19,0,,0,0,,0,0,0,karnataka
251868,27557,Homnabad,2,Homnabad (TMC) - Ward No.2,0,,0,0,,0,0,0,karnataka
251868,27575,Homnabad,20,Homnabad (TMC) - Ward No.20,0,,0,0,,0,0,0,karnataka
251868,27576,Homnabad,21,Homnabad (TMC) - Ward No.21,0,,0,0,,0,0,0,karnataka
251868,27577,Homnabad,22,Homnabad (TMC) - Ward No.22,0,,0,0,,0,0,0,karnataka
251868,27578,Homnabad,23,Homnabad (TMC) - Ward No.23,0,,0,0,,0,0,0,karnataka
251868,27579,Homnabad,24,Homnabad (TMC) - Ward No.24,0,,0,0,,0,0,0,karnataka
251868,27580,Homnabad,25,Homnabad (TMC) - Ward No.25,0,,0,0,,0,0,0,karnataka
251868,27558,Homnabad,3,Homnabad (TMC) - Ward No.3,0,,0,0,,0,0,0,karnataka
251868,27559,Homnabad,4,Homnabad (TMC) - Ward No.4,0,,0,0,,0,0,0,karnataka
251868,27560,Homnabad,5,Homnabad (TMC) - Ward No.5,0,,0,0,,0,0,0,karnataka
251868,27561,Homnabad,6,Homnabad (TMC) - Ward No.6,0,,0,0,,0,0,0,karnataka
251868,27562,Homnabad,7,Homnabad (TMC) - Ward No.7,0,,0,0,,0,0,0,karnataka
251868,27563,Homnabad,8,Homnabad (TMC) - Ward No.8,0,,0,0,,0,0,0,karnataka
251868,27564,Homnabad,9,Homnabad (TMC) - Ward No.9,0,,0,0,,0,0,0,karnataka
251868,2182498,Homnabad,26,Ward-26,0,,0,0,,0,0,0,karnataka
251868,2182499,Homnabad,27,Ward-27,0,,0,0,,0,0,0,karnataka
251909,29975,Honavar,1,Honavar (TP) - Ward No.1,0,,0,0,,0,0,0,karnataka
251909,29984,Honavar,10,Honavar (TP) - Ward No.10,0,,0,0,,0,0,0,karnataka
251909,29985,Honavar,11,Honavar (TP) - Ward No.11,0,,0,0,,0,0,0,karnataka
251909,29986,Honavar,12,Honavar (TP) - Ward No.12,0,,0,0,,0,0,0,karnataka
251909,29987,Honavar,13,Honavar (TP) - Ward No.13,0,,0,0,,0,0,0,karnataka
251909,29988,Honavar,14,Honavar (TP) - Ward No.14,0,,0,0,,0,0,0,karnataka
251909,29989,Honavar,15,Honavar (TP) - Ward No.15,0,,0,0,,0,0,0,karnataka
251909,29990,Honavar,16,Honavar (TP) - Ward No.16,0,,0,0,,0,0,0,karnataka
251909,29991,Honavar,17,Honavar (TP) - Ward No.17,0,,0,0,,0,0,0,karnataka
251909,1922707,Honavar,18,Honavar (TP) - Ward No.18,0,,0,0,,0,0,0,karnataka
251909,1922708,Honavar,19,Honavar (TP) - Ward No.19,0,,0,0,,0,0,0,karnataka
251909,29976,Honavar,2,Honavar (TP) - Ward No.2,0,,0,0,,0,0,0,karnataka
251909,2443651,Honavar,20,Honavar (TP) - Ward No.20,0,,0,0,,0,0,0,karnataka
251909,29977,Honavar,3,Honavar (TP) - Ward No.3,0,,0,0,,0,0,0,karnataka
251909,29978,Honavar,4,Honavar (TP) - Ward No.4,0,,0,0,,0,0,0,karnataka
251909,29979,Honavar,5,Honavar (TP) - Ward No.5,0,,0,0,,0,0,0,karnataka
251909,29980,Honavar,6,Honavar (TP) - Ward No.6,0,,0,0,,0,0,0,karnataka
251909,29981,Honavar,7,Honavar (TP) - Ward No.7,0,,0,0,,0,0,0,karnataka
251909,29982,Honavar,8,Honavar (TP) - Ward No.8,0,,0,0,,0,0,0,karnataka
251909,29983,Honavar,9,Honavar (TP) - Ward No.9,0,,0,0,,0,0,0,karnataka
251942,2178656,Honnali,14,Honnali-14,0,,0,0,,0,0,0,karnataka
251942,2178657,Honnali,15,Honnali-15,0,,0,0,,0,0,0,karnataka
251942,2178658,Honnali,16,Honnali-16,0,,0,0,,0,0,0,karnataka
251942,2178659,Honnali,17,Honnali-17,0,,0,0,,0,0,0,karnataka
251942,2178660,Honnali,18,Honnali-18,0,,0,0,,0,0,0,karnataka
251942,31217,Honnali,1,Honnali (TP) - Ward No.1,0,,0,0,,0,0,0,karnataka
251942,31226,Honnali,10,Honnali (TP) - Ward No.10,0,,0,0,,0,0,0,karnataka
251942,31227,Honnali,11,Honnali (TP) - Ward No.11,0,,0,0,,0,0,0,karnataka
251942,31228,Honnali,12,Honnali (TP) - Ward No.12,0,,0,0,,0,0,0,karnataka
251942,31229,Honnali,13,Honnali (TP) - Ward No.13,0,,0,0,,0,0,0,karnataka
251942,31218,Honnali,2,Honnali (TP) - Ward No.2,0,,0,0,,0,0,0,karnataka
251942,31219,Honnali,3,Honnali (TP) - Ward No.3,0,,0,0,,0,0,0,karnataka
251942,31220,Honnali,4,Honnali (TP) - Ward No.4,0,,0,0,,0,0,0,karnataka
251942,31221,Honnali,5,Honnali (TP) - Ward No.5,0,,0,0,,0,0,0,karnataka
251942,31222,Honnali,6,Honnali (TP) - Ward No.6,0,,0,0,,0,0,0,karnataka
251942,31223,Honnali,7,Honnali (TP) - Ward No.7,0,,0,0,,0,0,0,karnataka
251942,31224,Honnali,8,Honnali (TP) - Ward No.8,0,,0,0,,0,0,0,karnataka
251942,31225,Honnali,9,Honnali (TP) - Ward No.9,0,,0,0,,0,0,0,karnataka
251942,3068773,Honnali,19,ward No.19,0,,0,0,,0,0,0,karnataka
251942,3068774,Honnali,20,ward No.20,0,,0,0,,0,0,0,karnataka
251942,3068775,Honnali,21,ward No.21,0,,0,0,,0,0,0,karnataka
251942,3068776,Honnali,22,ward No.22,0,,0,0,,0,0,0,karnataka
251942,3068777,Honnali,23,ward No.23,0,,0,0,,0,0,0,karnataka
251921,30110,Hoovina Hadagalli,1,Hoovina Hadagalli (TP) - Ward No.1,0,,0,0,,0,0,0,karnataka
251921,30411,Hoovina Hadagalli,10,Hoovina Hadagalli (TP) - Ward No.10,0,,0,0,,0,0,0,karnataka
251921,30412,Hoovina Hadagalli,11,Hoovina Hadagalli (TP) - Ward No.11,0,,0,0,,0,0,0,karnataka
251921,30413,Hoovina Hadagalli,12,Hoovina Hadagalli (TP) - Ward No.12,0,,0,0,,0,0,0,karnataka
251921,30414,Hoovina Hadagalli,13,Hoovina Hadagalli (TP) - Ward No.13,0,,0,0,,0,0,0,karnataka
251921,30415,Hoovina Hadagalli,14,Hoovina Hadagalli (TP) - Ward No.14,0,,0,0,,0,0,0,karnataka
251921,30416,Hoovina Hadagalli,15,Hoovina Hadagalli (TP) - Ward No.15,0,,0,0,,0,0,0,karnataka
251921,30417,Hoovina Hadagalli,16,Hoovina Hadagalli (TP) - Ward No.16,0,,0,0,,0,0,0,karnataka
251921,30418,Hoovina Hadagalli,17,Hoovina Hadagalli (TP) - Ward No.17,0,,0,0,,0,0,0,karnataka
251921,30419,Hoovina Hadagalli,18,Hoovina Hadagalli (TP) - Ward No.18,0,,0,0,,0,0,0,karnataka
251921,30420,Hoovina Hadagalli,19,Hoovina Hadagalli (TP) - Ward No.19,0,,0,0,,0,0,0,karnataka
251921,30111,Hoovina Hadagalli,2,Hoovina Hadagalli (TP) - Ward No.2,0,,0,0,,0,0,0,karnataka
251921,1864745,Hoovina Hadagalli,20,Hoovina Hadagalli (TP) - Ward No.20,0,,0,0,,0,0,0,karnataka
251921,1864746,Hoovina Hadagalli,21,Hoovina Hadagalli (TP) - Ward No.21,0,,0,0,,0,0,0,karnataka
251921,1864747,Hoovina Hadagalli,22,Hoovina Hadagalli (TP) - Ward No.22,0,,0,0,,0,0,0,karnataka
251921,1864748,Hoovina Hadagalli,23,Hoovina Hadagalli (TP) - Ward No.23,0,,0,0,,0,0,0,karnataka
251921,30112,Hoovina Hadagalli,3,Hoovina Hadagalli (TP) - Ward No.3,0,,0,0,,0,0,0,karnataka
251921,30113,Hoovina Hadagalli,4,Hoovina Hadagalli (TP) - Ward No.4,0,,0,0,,0,0,0,karnataka
251921,30114,Hoovina Hadagalli,5,Hoovina Hadagalli (TP) - Ward No.5,0,,0,0,,0,0,0,karnataka
251921,30115,Hoovina Hadagalli,6,Hoovina Hadagalli (TP) - Ward No.6,0,,0,0,,0,0,0,karnataka
251921,30116,Hoovina Hadagalli,7,Hoovina Hadagalli (TP) - Ward No.7,0,,0,0,,0,0,0,karnataka
251921,30117,Hoovina Hadagalli,8,Hoovina Hadagalli (TP) - Ward No.8,0,,0,0,,0,0,0,karnataka
251921,30118,Hoovina Hadagalli,9,Hoovina Hadagalli (TP) - Ward No.9,0,,0,0,,0,0,0,karnataka
251995,2176828,Hosakote,24,Hosakote-24,0,,0,0,,0,0,0,karnataka
251995,2176829,Hosakote,25,Hosakote-25,0,,0,0,,0,0,0,karnataka
251995,2176830,Hosakote,26,Hosakote-26,0,,0,0,,0,0,0,karnataka
251995,2176831,Hosakote,27,Hosakote-27,0,,0,0,,0,0,0,karnataka
251995,2176832,Hosakote,28,Hosakote-28,0,,0,0,,0,0,0,karnataka
251995,2176833,Hosakote,29,Hosakote-29,0,,0,0,,0,0,0,karnataka
251995,2176834,Hosakote,30,Hosakote-30,0,,0,0,,0,0,0,karnataka
251995,2176835,Hosakote,31,Hosakote-31,0,,0,0,,0,0,0,karnataka
251995,26525,Hosakote,1,Hosakote (TMC) - Ward No.1,0,,0,0,,0,0,0,karnataka
251995,26543,Hosakote,10,Hosakote (TMC) - Ward No.10,0,,0,0,,0,0,0,karnataka
251995,26545,Hosakote,11,Hosakote (TMC) - Ward No.11,0,,0,0,,0,0,0,karnataka
251995,26547,Hosakote,12,Hosakote (TMC) - Ward No.12,0,,0,0,,0,0,0,karnataka
251995,26549,Hosakote,13,Hosakote (TMC) - Ward No.13,0,,0,0,,0,0,0,karnataka
251995,26551,Hosakote,14,Hosakote (TMC) - Ward No.14,0,,0,0,,0,0,0,karnataka
251995,26553,Hosakote,15,Hosakote (TMC) - Ward No.15,0,,0,0,,0,0,0,karnataka
251995,26555,Hosakote,16,Hosakote (TMC) - Ward No.16,0,,0,0,,0,0,0,karnataka
251995,26557,Hosakote,17,Hosakote (TMC) - Ward No.17,0,,0,0,,0,0,0,karnataka
251995,26559,Hosakote,18,Hosakote (TMC) - Ward No.18,0,,0,0,,0,0,0,karnataka
251995,26561,Hosakote,19,Hosakote (TMC) - Ward No.19,0,,0,0,,0,0,0,karnataka
251995,26527,Hosakote,2,Hosakote (TMC) - Ward No.2,0,,0,0,,0,0,0,karnataka
251995,26563,Hosakote,20,Hosakote (TMC) - Ward No.20,0,,0,0,,0,0,0,karnataka
251995,26565,Hosakote,21,Hosakote (TMC) - Ward No.21,0,,0,0,,0,0,0,karnataka
251995,26567,Hosakote,22,Hosakote (TMC) - Ward No.22,0,,0,0,,0,0,0,karnataka
251995,26569,Hosakote,23,Hosakote (TMC) - Ward No.23,0,,0,0,,0,0,0,karnataka
251995,26529,Hosakote,3,Hosakote (TMC) - Ward No.3,0,,0,0,,0,0,0,karnataka
251995,26531,Hosakote,4,Hosakote (TMC) - Ward No.4,0,,0,0,,0,0,0,karnataka
251995,26533,Hosakote,5,Hosakote (TMC) - Ward No.5,0,,0,0,,0,0,0,karnataka
251995,26535,Hosakote,6,Hosakote (TMC) - Ward No.6,0,,0,0,,0,0,0,karnataka
251995,26537,Hosakote,7,Hosakote (TMC) - Ward No.7,0,,0,0,,0,0,0,karnataka
251995,26539,Hosakote,8,Hosakote (TMC) - Ward No.8,0,,0,0,,0,0,0,karnataka
251995,26541,Hosakote,9,Hosakote (TMC) - Ward No.9,0,,0,0,,0,0,0,karnataka
251949,31312,Hosanagara,1,Hosanagara (TP) - Ward No.1,0,,0,0,,0,0,0,karnataka
251949,31321,Hosanagara,10,Hosanagara (TP) - Ward No.10,0,,0,0,,0,0,0,karnataka
251949,31322,Hosanagara,11,Hosanagara (TP) - Ward No.11,0,,0,0,,0,0,0,karnataka
251949,31313,Hosanagara,2,Hosanagara (TP) - Ward No.2,0,,0,0,,0,0,0,karnataka
251949,31314,Hosanagara,3,Hosanagara (TP) - Ward No.3,0,,0,0,,0,0,0,karnataka
251949,31315,Hosanagara,4,Hosanagara (TP) - Ward No.4,0,,0,0,,0,0,0,karnataka
251949,31316,Hosanagara,5,Hosanagara (TP) - Ward No.5,0,,0,0,,0,0,0,karnataka
251949,31317,Hosanagara,6,Hosanagara (TP) - Ward No.6,0,,0,0,,0,0,0,karnataka
251949,31318,Hosanagara,7,Hosanagara (TP) - Ward No.7,0,,0,0,,0,0,0,karnataka
251949,31319,Hosanagara,8,Hosanagara (TP) - Ward No.8,0,,0,0,,0,0,0,karnataka
251949,31320,Hosanagara,9,Hosanagara (TP) - Ward No.9,0,,0,0,,0,0,0,karnataka
251922,30421,Hosapete,1,Hospet (Cmc) - Ward No.1,0,,0,0,,0,0,0,karnataka
251922,30430,Hosapete,10,Hospet (Cmc) - Ward No.10,0,,0,0,,0,0,0,karnataka
251922,30431,Hosapete,11,Hospet (Cmc) - Ward No.11,0,,0,0,,0,0,0,karnataka
251922,30432,Hosapete,12,Hospet (Cmc) - Ward No.12,0,,0,0,,0,0,0,karnataka
251922,30433,Hosapete,13,Hospet (Cmc) - Ward No.13,0,,0,0,,0,0,0,karnataka
251922,30434,Hosapete,14,Hospet (Cmc) - Ward No.14,0,,0,0,,0,0,0,karnataka
251922,30435,Hosapete,15,Hospet (Cmc) - Ward No.15,0,,0,0,,0,0,0,karnataka
251922,30436,Hosapete,16,Hospet (Cmc) - Ward No.16,0,,0,0,,0,0,0,karnataka
251922,30437,Hosapete,17,Hospet (Cmc) - Ward No.17,0,,0,0,,0,0,0,karnataka
251922,30438,Hosapete,18,Hospet (Cmc) - Ward No.18,0,,0,0,,0,0,0,karnataka
251922,30439,Hosapete,19,Hospet (Cmc) - Ward No.19,0,,0,0,,0,0,0,karnataka
251922,30422,Hosapete,2,Hospet (Cmc) - Ward No.2,0,,0,0,,0,0,0,karnataka
251922,30440,Hosapete,20,Hospet (Cmc) - Ward No.20,0,,0,0,,0,0,0,karnataka
251922,30441,Hosapete,21,Hospet (Cmc) - Ward No.21,0,,0,0,,0,0,0,karnataka
251922,30442,Hosapete,22,Hospet (Cmc) - Ward No.22,0,,0,0,,0,0,0,karnataka
251922,30443,Hosapete,23,Hospet (Cmc) - Ward No.23,0,,0,0,,0,0,0,karnataka
251922,30444,Hosapete,24,Hospet (Cmc) - Ward No.24,0,,0,0,,0,0,0,karnataka
251922,30445,Hosapete,25,Hospet (Cmc) - Ward No.25,0,,0,0,,0,0,0,karnataka
251922,30446,Hosapete,26,Hospet (Cmc) - Ward No.26,0,,0,0,,0,0,0,karnataka
251922,30447,Hosapete,27,Hospet (Cmc) - Ward No.27,0,,0,0,,0,0,0,karnataka
251922,30448,Hosapete,28,Hospet (Cmc) - Ward No.28,0,,0,0,,0,0,0,karnataka
251922,30449,Hosapete,29,Hospet (Cmc) - Ward No.29,0,,0,0,,0,0,0,karnataka
251922,30423,Hosapete,3,Hospet (Cmc) - Ward No.3,0,,0,0,,0,0,0,karnataka
251922,30450,Hosapete,30,Hospet (Cmc) - Ward No.30,0,,0,0,,0,0,0,karnataka
251922,30451,Hosapete,31,Hospet (Cmc) - Ward No.31,0,,0,0,,0,0,0,karnataka
251922,30452,Hosapete,32,Hospet (Cmc) - Ward No.32,0,,0,0,,0,0,0,karnataka
251922,30453,Hosapete,33,Hospet (Cmc) - Ward No.33,0,,0,0,,0,0,0,karnataka
251922,30454,Hosapete,34,Hospet (Cmc) - Ward No.34,0,,0,0,,0,0,0,karnataka
251922,30455,Hosapete,35,Hospet (Cmc) - Ward No.35,0,,0,0,,0,0,0,karnataka
251922,30424,Hosapete,4,Hospet (Cmc) - Ward No.4,0,,0,0,,0,0,0,karnataka
251922,30425,Hosapete,5,Hospet (Cmc) - Ward No.5,0,,0,0,,0,0,0,karnataka
251922,30426,Hosapete,6,Hospet (Cmc) - Ward No.6,0,,0,0,,0,0,0,karnataka
251922,30427,Hosapete,7,Hospet (Cmc) - Ward No.7,0,,0,0,,0,0,0,karnataka
251922,30428,Hosapete,8,Hospet (Cmc) - Ward No.8,0,,0,0,,0,0,0,karnataka
251922,30429,Hosapete,9,Hospet (Cmc) - Ward No.9,0,,0,0,,0,0,0,karnataka
251936,1886304,Hosdurga,19,Hosadurga (TP) - Ward No.19,0,,0,0,,0,0,0,karnataka
251936,1886305,Hosdurga,20,Hosadurga (TP) - Ward No.20,0,,0,0,,0,0,0,karnataka
251936,1886306,Hosdurga,21,Hosadurga (TP) - Ward No.21,0,,0,0,,0,0,0,karnataka
251936,1886307,Hosdurga,22,Hosadurga (TP) - Ward No.22,0,,0,0,,0,0,0,karnataka
251936,1886308,Hosdurga,23,Hosadurga (TP) - Ward No.23,0,,0,0,,0,0,0,karnataka
251936,31110,Hosdurga,1,Hosdurga (TP) - Ward No.1,0,,0,0,,0,0,0,karnataka
251936,31119,Hosdurga,10,Hosdurga (TP) - Ward No.10,0,,0,0,,0,0,0,karnataka
251936,31120,Hosdurga,11,Hosdurga (TP) - Ward No.11,0,,0,0,,0,0,0,karnataka
251936,31121,Hosdurga,12,Hosdurga (TP) - Ward No.12,0,,0,0,,0,0,0,karnataka
251936,31122,Hosdurga,13,Hosdurga (TP) - Ward No.13,0,,0,0,,0,0,0,karnataka
251936,31123,Hosdurga,14,Hosdurga (TP) - Ward No.14,0,,0,0,,0,0,0,karnataka
251936,31124,Hosdurga,15,Hosdurga (TP) - Ward No.15,0,,0,0,,0,0,0,karnataka
251936,31125,Hosdurga,16,Hosdurga (TP) - Ward No.16,0,,0,0,,0,0,0,karnataka
251936,31126,Hosdurga,17,Hosdurga (TP) - Ward No.17,0,,0,0,,0,0,0,karnataka
251936,31127,Hosdurga,18,Hosdurga (TP) - Ward No.18,0,,0,0,,0,0,0,karnataka
251936,31111,Hosdurga,2,Hosdurga (TP) - Ward No.2,0,,0,0,,0,0,0,karnataka
251936,31112,Hosdurga,3,Hosdurga (TP) - Ward No.3,0,,0,0,,0,0,0,karnataka
251936,31113,Hosdurga,4,Hosdurga (TP) - Ward No.4,0,,0,0,,0,0,0,karnataka
251936,31114,Hosdurga,5,Hosdurga (TP) - Ward No.5,0,,0,0,,0,0,0,karnataka
251936,31115,Hosdurga,6,Hosdurga (TP) - Ward No.6,0,,0,0,,0,0,0,karnataka
251936,31116,Hosdurga,7,Hosdurga (TP) - Ward No.7,0,,0,0,,0,0,0,karnataka
251936,31117,Hosdurga,8,Hosdurga (TP) - Ward No.8,0,,0,0,,0,0,0,karnataka
251936,31118,Hosdurga,9,Hosdurga (TP) - Ward No.9,0,,0,0,,0,0,0,karnataka
251893,28039,Hubballi-Dharwad,1,Hubli-Dharwad (M Corp.) - Ward No.1,0,,0,0,,0,0,0,karnataka
251893,28048,Hubballi-Dharwad,10,Hubli-Dharwad (M Corp.) - Ward No.10,0,,0,0,,0,0,0,karnataka
251893,28049,Hubballi-Dharwad,11,Hubli-Dharwad (M Corp.) - Ward No.11,0,,0,0,,0,0,0,karnataka
251893,28050,Hubballi-Dharwad,12,Hubli-Dharwad (M Corp.) - Ward No.12,0,,0,0,,0,0,0,karnataka
251893,28051,Hubballi-Dharwad,13,Hubli-Dharwad (M Corp.) - Ward No.13,0,,0,0,,0,0,0,karnataka
251893,28052,Hubballi-Dharwad,14,Hubli-Dharwad (M Corp.) - Ward No.14,0,,0,0,,0,0,0,karnataka
251893,28053,Hubballi-Dharwad,15,Hubli-Dharwad (M Corp.) - Ward No.15,0,,0,0,,0,0,0,karnataka
251893,28054,Hubballi-Dharwad,16,Hubli-Dharwad (M Corp.) - Ward No.16,0,,0,0,,0,0,0,karnataka
251893,28055,Hubballi-Dharwad,17,Hubli-Dharwad (M Corp.) - Ward No.17,0,,0,0,,0,0,0,karnataka
251893,28056,Hubballi-Dharwad,18,Hubli-Dharwad (M Corp.) - Ward No.18,0,,0,0,,0,0,0,karnataka
251893,28057,Hubballi-Dharwad,19,Hubli-Dharwad (M Corp.) - Ward No.19,0,,0,0,,0,0,0,karnataka
251893,28040,Hubballi-Dharwad,2,Hubli-Dharwad (M Corp.) - Ward No.2,0,,0,0,,0,0,0,karnataka
251893,28058,Hubballi-Dharwad,20,Hubli-Dharwad (M Corp.) - Ward No.20,0,,0,0,,0,0,0,karnataka
251893,28059,Hubballi-Dharwad,21,Hubli-Dharwad (M Corp.) - Ward No.21,0,,0,0,,0,0,0,karnataka
251893,28060,Hubballi-Dharwad,22,Hubli-Dharwad (M Corp.) - Ward No.22,0,,0,0,,0,0,0,karnataka
251893,28061,Hubballi-Dharwad,23,Hubli-Dharwad (M Corp.) - Ward No.23,0,,0,0,,0,0,0,karnataka
251893,28062,Hubballi-Dharwad,24,Hubli-Dharwad (M Corp.) - Ward No.24,0,,0,0,,0,0,0,karnataka
251893,28063,Hubballi-Dharwad,25,Hubli-Dharwad (M Corp.) - Ward No.25,0,,0,0,,0,0,0,karnataka
251893,28064,Hubballi-Dharwad,26,Hubli-Dharwad (M Corp.) - Ward No.26,0,,0,0,,0,0,0,karnataka
251893,28065,Hubballi-Dharwad,27,Hubli-Dharwad (M Corp.) - Ward No.27,0,,0,0,,0,0,0,karnataka
251893,28066,Hubballi-Dharwad,28,Hubli-Dharwad (M Corp.) - Ward No.28,0,,0,0,,0,0,0,karnataka
251893,28067,Hubballi-Dharwad,29,Hubli-Dharwad (M Corp.) - Ward No.29,0,,0,0,,0,0,0,karnataka
251893,28041,Hubballi-Dharwad,3,Hubli-Dharwad (M Corp.) - Ward No.3,0,,0,0,,0,0,0,karnataka
251893,28068,Hubballi-Dharwad,30,Hubli-Dharwad (M Corp.) - Ward No.30,0,,0,0,,0,0,0,karnataka
251893,28069,Hubballi-Dharwad,31,Hubli-Dharwad (M Corp.) - Ward No.31,0,,0,0,,0,0,0,karnataka
251893,28070,Hubballi-Dharwad,32,Hubli-Dharwad (M Corp.) - Ward No.32,0,,0,0,,0,0,0,karnataka
251893,28071,Hubballi-Dharwad,33,Hubli-Dharwad (M Corp.) - Ward No.33,0,,0,0,,0,0,0,karnataka
251893,28072,Hubballi-Dharwad,34,Hubli-Dharwad (M Corp.) - Ward No.34,0,,0,0,,0,0,0,karnataka
251893,28073,Hubballi-Dharwad,35,Hubli-Dharwad (M Corp.) - Ward No.35,0,,0,0,,0,0,0,karnataka
251893,28074,Hubballi-Dharwad,36,Hubli-Dharwad (M Corp.) - Ward No.36,0,,0,0,,0,0,0,karnataka
251893,28075,Hubballi-Dharwad,37,Hubli-Dharwad (M Corp.) - Ward No.37,0,,0,0,,0,0,0,karnataka
251893,28076,Hubballi-Dharwad,38,Hubli-Dharwad (M Corp.) - Ward No.38,0,,0,0,,0,0,0,karnataka
251893,28077,Hubballi-Dharwad,39,Hubli-Dharwad (M Corp.) - Ward No.39,0,,0,0,,0,0,0,karnataka
251893,28042,Hubballi-Dharwad,4,Hubli-Dharwad (M Corp.) - Ward No.4,0,,0,0,,0,0,0,karnataka
251893,28078,Hubballi-Dharwad,40,Hubli-Dharwad (M Corp.) - Ward No.40,0,,0,0,,0,0,0,karnataka
251893,28079,Hubballi-Dharwad,41,Hubli-Dharwad (M Corp.) - Ward No.41,0,,0,0,,0,0,0,karnataka
251893,28080,Hubballi-Dharwad,42,Hubli-Dharwad (M Corp.) - Ward No.42,0,,0,0,,0,0,0,karnataka
251893,28081,Hubballi-Dharwad,43,Hubli-Dharwad (M Corp.) - Ward No.43,0,,0,0,,0,0,0,karnataka
251893,28082,Hubballi-Dharwad,44,Hubli-Dharwad (M Corp.) - Ward No.44,0,,0,0,,0,0,0,karnataka
251893,28083,Hubballi-Dharwad,45,Hubli-Dharwad (M Corp.) - Ward No.45,0,,0,0,,0,0,0,karnataka
251893,28084,Hubballi-Dharwad,46,Hubli-Dharwad (M Corp.) - Ward No.46,0,,0,0,,0,0,0,karnataka
251893,28085,Hubballi-Dharwad,47,Hubli-Dharwad (M Corp.) - Ward No.47,0,,0,0,,0,0,0,karnataka
251893,28086,Hubballi-Dharwad,48,Hubli-Dharwad (M Corp.) - Ward No.48,0,,0,0,,0,0,0,karnataka
251893,28087,Hubballi-Dharwad,49,Hubli-Dharwad (M Corp.) - Ward No.49,0,,0,0,,0,0,0,karnataka
251893,28043,Hubballi-Dharwad,5,Hubli-Dharwad (M Corp.) - Ward No.5,0,,0,0,,0,0,0,karnataka
251893,28088,Hubballi-Dharwad,50,Hubli-Dharwad (M Corp.) - Ward No.50,0,,0,0,,0,0,0,karnataka
251893,28089,Hubballi-Dharwad,51,Hubli-Dharwad (M Corp.) - Ward No.51,0,,0,0,,0,0,0,karnataka
251893,28090,Hubballi-Dharwad,52,Hubli-Dharwad (M Corp.) - Ward No.52,0,,0,0,,0,0,0,karnataka
251893,28091,Hubballi-Dharwad,53,Hubli-Dharwad (M Corp.) - Ward No.53,0,,0,0,,0,0,0,karnataka
251893,28092,Hubballi-Dharwad,54,Hubli-Dharwad (M Corp.) - Ward No.54,0,,0,0,,0,0,0,karnataka
251893,28093,Hubballi-Dharwad,55,Hubli-Dharwad (M Corp.) - Ward No.55,0,,0,0,,0,0,0,karnataka
251893,28094,Hubballi-Dharwad,56,Hubli-Dharwad (M Corp.) - Ward No.56,0,,0,0,,0,0,0,karnataka
251893,28095,Hubballi-Dharwad,57,Hubli-Dharwad (M Corp.) - Ward No.57,0,,0,0,,0,0,0,karnataka
251893,28096,Hubballi-Dharwad,58,Hubli-Dharwad (M Corp.) - Ward No.58,0,,0,0,,0,0,0,karnataka
251893,28097,Hubballi-Dharwad,59,Hubli-Dharwad (M Corp.) - Ward No.59,0,,0,0,,0,0,0,karnataka
251893,28044,Hubballi-Dharwad,6,Hubli-Dharwad (M Corp.) - Ward No.6,0,,0,0,,0,0,0,karnataka
251893,28098,Hubballi-Dharwad,60,Hubli-Dharwad (M Corp.) - Ward No.60,0,,0,0,,0,0,0,karnataka
251893,28099,Hubballi-Dharwad,61,Hubli-Dharwad (M Corp.) - Ward No.61,0,,0,0,,0,0,0,karnataka
251893,28100,Hubballi-Dharwad,62,Hubli-Dharwad (M Corp.) - Ward No.62,0,,0,0,,0,0,0,karnataka
251893,28101,Hubballi-Dharwad,63,Hubli-Dharwad (M Corp.) - Ward No.63,0,,0,0,,0,0,0,karnataka
251893,28102,Hubballi-Dharwad,64,Hubli-Dharwad (M Corp.) - Ward No.64,0,,0,0,,0,0,0,karnataka
251893,28103,Hubballi-Dharwad,65,Hubli-Dharwad (M Corp.) - Ward No.65,0,,0,0,,0,0,0,karnataka
251893,28104,Hubballi-Dharwad,66,Hubli-Dharwad (M Corp.) - Ward No.66,0,,0,0,,0,0,0,karnataka
251893,28105,Hubballi-Dharwad,67,Hubli-Dharwad (M Corp.) - Ward No.67,0,,0,0,,0,0,0,karnataka
251893,28045,Hubballi-Dharwad,7,Hubli-Dharwad (M Corp.) - Ward No.7,0,,0,0,,0,0,0,karnataka
251893,28046,Hubballi-Dharwad,8,Hubli-Dharwad (M Corp.) - Ward No.8,0,,0,0,,0,0,0,karnataka
251893,28047,Hubballi-Dharwad,9,Hubli-Dharwad (M Corp.) - Ward No.9,0,,0,0,,0,0,0,karnataka
251893,2890368,Hubballi-Dharwad,68,Ward68,0,,0,0,,0,0,0,karnataka
251893,2890369,Hubballi-Dharwad,69,Ward69,0,,0,0,,0,0,0,karnataka
251893,2890370,Hubballi-Dharwad,70,Ward70,0,,0,0,,0,0,0,karnataka
251893,2890371,Hubballi-Dharwad,71,Ward71,0,,0,0,,0,0,0,karnataka
251893,2890372,Hubballi-Dharwad,72,Ward72,0,,0,0,,0,0,0,karnataka
251893,2890373,Hubballi-Dharwad,73,Ward73,0,,0,0,,0,0,0,karnataka
251893,2890374,Hubballi-Dharwad,74,Ward74,0,,0,0,,0,0,0,karnataka
251893,2890375,Hubballi-Dharwad,75,Ward75,0,,0,0,,0,0,0,karnataka
251893,2890376,Hubballi-Dharwad,76,Ward76,0,,0,0,,0,0,0,karnataka
251893,2890377,Hubballi-Dharwad,77,Ward77,0,,0,0,,0,0,0,karnataka
251893,2890378,Hubballi-Dharwad,78,Ward78,0,,0,0,,0,0,0,karnataka
251893,2890379,Hubballi-Dharwad,79,Ward79,0,,0,0,,0,0,0,karnataka
251893,2890380,Hubballi-Dharwad,80,Ward80,0,,0,0,,0,0,0,karnataka
251893,2890381,Hubballi-Dharwad,81,Ward81,0,,0,0,,0,0,0,karnataka
251893,2890382,Hubballi-Dharwad,82,Ward82,0,,0,0,,0,0,0,karnataka
251820,25467,Hukeri,1,Hukeri (TP) - Ward No.1,0,,0,0,,0,0,0,karnataka
251820,25476,Hukeri,10,Hukeri (TP) - Ward No.10,0,,0,0,,0,0,0,karnataka
251820,25477,Hukeri,11,Hukeri (TP) - Ward No.11,0,,0,0,,0,0,0,karnataka
251820,25478,Hukeri,12,Hukeri (TP) - Ward No.12,0,,0,0,,0,0,0,karnataka
251820,25479,Hukeri,13,Hukeri (TP) - Ward No.13,0,,0,0,,0,0,0,karnataka
251820,25480,Hukeri,14,Hukeri (TP) - Ward No.14,0,,0,0,,0,0,0,karnataka
251820,25481,Hukeri,15,Hukeri (TP) - Ward No.15,0,,0,0,,0,0,0,karnataka
251820,25482,Hukeri,16,Hukeri (TP) - Ward No.16,0,,0,0,,0,0,0,karnataka
251820,25483,Hukeri,17,Hukeri (TP) - Ward No.17,0,,0,0,,0,0,0,karnataka
251820,25484,Hukeri,18,Hukeri (TP) - Ward No.18,0,,0,0,,0,0,0,karnataka
251820,923145,Hukeri,19,Hukeri (TP) - Ward No.19,0,,0,0,,0,0,0,karnataka
251820,25468,Hukeri,2,Hukeri (TP) - Ward No.2,0,,0,0,,0,0,0,karnataka
251820,25469,Hukeri,3,Hukeri (TP) - Ward No.3,0,,0,0,,0,0,0,karnataka
251820,25470,Hukeri,4,Hukeri (TP) - Ward No.4,0,,0,0,,0,0,0,karnataka
251820,25471,Hukeri,5,Hukeri (TP) - Ward No.5,0,,0,0,,0,0,0,karnataka
251820,25472,Hukeri,6,Hukeri (TP) - Ward No.6,0,,0,0,,0,0,0,karnataka
251820,25473,Hukeri,7,Hukeri (TP) - Ward No.7,0,,0,0,,0,0,0,karnataka
251820,25474,Hukeri,8,Hukeri (TP) - Ward No.8,0,,0,0,,0,0,0,karnataka
251820,25475,Hukeri,9,Hukeri (TP) - Ward No.9,0,,0,0,,0,0,0,karnataka
251820,2440112,Hukeri,20,Ward-20,0,,0,0,,0,0,0,karnataka
251820,2440113,Hukeri,21,Ward-21,0,,0,0,,0,0,0,karnataka
251820,2440114,Hukeri,22,Ward-22,0,,0,0,,0,0,0,karnataka
251820,2440115,Hukeri,23,Ward-23,0,,0,0,,0,0,0,karnataka
297133,2440142,Huliyaru,1,Ward-1,0,,0,0,,0,0,0,karnataka
297133,2440151,Huliyaru,10,Ward-10,0,,0,0,,0,0,0,karnataka
297133,2440152,Huliyaru,11,Ward-11,0,,0,0,,0,0,0,karnataka
297133,2440153,Huliyaru,12,Ward-12,0,,0,0,,0,0,0,karnataka
297133,2440154,Huliyaru,13,Ward-13,0,,0,0,,0,0,0,karnataka
297133,2440155,Huliyaru,14,Ward-14,0,,0,0,,0,0,0,karnataka
297133,2440156,Huliyaru,15,Ward-15,0,,0,0,,0,0,0,karnataka
297133,2440157,Huliyaru,16,Ward-16,0,,0,0,,0,0,0,karnataka
297133,2440143,Huliyaru,2,Ward-2,0,,0,0,,0,0,0,karnataka
297133,2440144,Huliyaru,3,Ward-3,0,,0,0,,0,0,0,karnataka
297133,2440145,Huliyaru,4,Ward-4,0,,0,0,,0,0,0,karnataka
297133,2440146,Huliyaru,5,Ward-5,0,,0,0,,0,0,0,karnataka
297133,2440147,Huliyaru,6,Ward-6,0,,0,0,,0,0,0,karnataka
297133,2440148,Huliyaru,7,Ward-7,0,,0,0,,0,0,0,karnataka
297133,2440149,Huliyaru,8,Ward-8,0,,0,0,,0,0,0,karnataka
297133,2440150,Huliyaru,9,Ward-9,0,,0,0,,0,0,0,karnataka
297133,3068772,Huliyaru,17,ward No.17,0,,0,0,,0,0,0,karnataka
296976,2440158,Hunasagi,1,Ward-1,0,,0,0,,0,0,0,karnataka
296976,2440167,Hunasagi,10,Ward-10,0,,0,0,,0,0,0,karnataka
296976,2440168,Hunasagi,11,Ward-11,0,,0,0,,0,0,0,karnataka
296976,2440169,Hunasagi,12,Ward-12,0,,0,0,,0,0,0,karnataka
296976,2440170,Hunasagi,13,Ward-13,0,,0,0,,0,0,0,karnataka
296976,2440171,Hunasagi,14,Ward-14,0,,0,0,,0,0,0,karnataka
296976,2440172,Hunasagi,15,Ward-15,0,,0,0,,0,0,0,karnataka
296976,2440173,Hunasagi,16,Ward-16,0,,0,0,,0,0,0,karnataka
296976,2440159,Hunasagi,2,Ward-2,0,,0,0,,0,0,0,karnataka
296976,2440160,Hunasagi,3,Ward-3,0,,0,0,,0,0,0,karnataka
296976,2440161,Hunasagi,4,Ward-4,0,,0,0,,0,0,0,karnataka
296976,2440162,Hunasagi,5,Ward-5,0,,0,0,,0,0,0,karnataka
296976,2440163,Hunasagi,6,Ward-6,0,,0,0,,0,0,0,karnataka
296976,2440164,Hunasagi,7,Ward-7,0,,0,0,,0,0,0,karnataka
296976,2440165,Hunasagi,8,Ward-8,0,,0,0,,0,0,0,karnataka
296976,2440166,Hunasagi,9,Ward-9,0,,0,0,,0,0,0,karnataka
299319,3287729,Hunasamaranahalli,1,Ward No.1,0,,0,0,,0,0,0,karnataka
299319,3287738,Hunasamaranahalli,10,Ward No.10,0,,0,0,,0,0,0,karnataka
299319,3287739,Hunasamaranahalli,11,Ward No.11,0,,0,0,,0,0,0,karnataka
299319,3287740,Hunasamaranahalli,12,Ward No.12,0,,0,0,,0,0,0,karnataka
299319,3287741,Hunasamaranahalli,13,Ward No.13,0,,0,0,,0,0,0,karnataka
299319,3287742,Hunasamaranahalli,14,Ward No.14,0,,0,0,,0,0,0,karnataka
299319,3287743,Hunasamaranahalli,15,Ward No.15,0,,0,0,,0,0,0,karnataka
299319,3287744,Hunasamaranahalli,16,Ward No.16,0,,0,0,,0,0,0,karnataka
299319,3287745,Hunasamaranahalli,17,Ward No.17,0,,0,0,,0,0,0,karnataka
299319,3287746,Hunasamaranahalli,18,Ward No.18,0,,0,0,,0,0,0,karnataka
299319,3287747,Hunasamaranahalli,19,Ward No.19,0,,0,0,,0,0,0,karnataka
299319,3287730,Hunasamaranahalli,2,Ward No.2,0,,0,0,,0,0,0,karnataka
299319,3287748,Hunasamaranahalli,20,Ward No.20,0,,0,0,,0,0,0,karnataka
299319,3287749,Hunasamaranahalli,21,Ward No.21,0,,0,0,,0,0,0,karnataka
299319,3287750,Hunasamaranahalli,22,Ward No.22,0,,0,0,,0,0,0,karnataka
299319,3287751,Hunasamaranahalli,23,Ward No.23,0,,0,0,,0,0,0,karnataka
299319,3287731,Hunasamaranahalli,3,Ward No.3,0,,0,0,,0,0,0,karnataka
299319,3287732,Hunasamaranahalli,4,Ward No.4,0,,0,0,,0,0,0,karnataka
299319,3287733,Hunasamaranahalli,5,Ward No.5,0,,0,0,,0,0,0,karnataka
299319,3287734,Hunasamaranahalli,6,Ward No.6,0,,0,0,,0,0,0,karnataka
299319,3287735,Hunasamaranahalli,7,Ward No.7,0,,0,0,,0,0,0,karnataka
299319,3287736,Hunasamaranahalli,8,Ward No.8,0,,0,0,,0,0,0,karnataka
299319,3287737,Hunasamaranahalli,9,Ward No.9,0,,0,0,,0,0,0,karnataka
251840,26253,Hungund,1,Hungund (TP) - Ward No.1,0,,0,0,,0,0,0,karnataka
251840,26262,Hungund,10,Hungund (TP) - Ward No.10,0,,0,0,,0,0,0,karnataka
251840,26263,Hungund,11,Hungund (TP) - Ward No.11,0,,0,0,,0,0,0,karnataka
251840,26264,Hungund,12,Hungund (TP) - Ward No.12,0,,0,0,,0,0,0,karnataka
251840,26265,Hungund,13,Hungund (TP) - Ward No.13,0,,0,0,,0,0,0,karnataka
251840,26266,Hungund,14,Hungund (TP) - Ward No.14,0,,0,0,,0,0,0,karnataka
251840,26267,Hungund,15,Hungund (TP) - Ward No.15,0,,0,0,,0,0,0,karnataka
251840,26268,Hungund,16,Hungund (TP) - Ward No.16,0,,0,0,,0,0,0,karnataka
251840,1723944,Hungund,17,Hungund (TP) - Ward No.17,0,,0,0,,0,0,0,karnataka
251840,1723945,Hungund,18,Hungund (TP) - Ward No.18,0,,0,0,,0,0,0,karnataka
251840,1723946,Hungund,19,Hungund (TP) - Ward No.19,0,,0,0,,0,0,0,karnataka
251840,26254,Hungund,2,Hungund (TP) - Ward No.2,0,,0,0,,0,0,0,karnataka
251840,1723947,Hungund,20,Hungund (TP) - Ward No.20,0,,0,0,,0,0,0,karnataka
251840,1723948,Hungund,21,Hungund (TP) - Ward No.21,0,,0,0,,0,0,0,karnataka
251840,1723949,Hungund,22,Hungund (TP) - Ward No.22,0,,0,0,,0,0,0,karnataka
251840,1723950,Hungund,23,Hungund (TP) - Ward No.23,0,,0,0,,0,0,0,karnataka
251840,26255,Hungund,3,Hungund (TP) - Ward No.3,0,,0,0,,0,0,0,karnataka
251840,26256,Hungund,4,Hungund (TP) - Ward No.4,0,,0,0,,0,0,0,karnataka
251840,26257,Hungund,5,Hungund (TP) - Ward No.5,0,,0,0,,0,0,0,karnataka
251840,26258,Hungund,6,Hungund (TP) - Ward No.6,0,,0,0,,0,0,0,karnataka
251840,26259,Hungund,7,Hungund (TP) - Ward No.7,0,,0,0,,0,0,0,karnataka
251840,26260,Hungund,8,Hungund (TP) - Ward No.8,0,,0,0,,0,0,0,karnataka
251840,26261,Hungund,9,Hungund (TP) - Ward No.9,0,,0,0,,0,0,0,karnataka
252043,65731,Hunsur,1,Hunsur (TMC) - Ward No.1,0,,0,0,,0,0,0,karnataka
252043,65831,Hunsur,10,Hunsur (TMC) - Ward No.10,0,,0,0,,0,0,0,karnataka
252043,65832,Hunsur,11,Hunsur (TMC) - Ward No.11,0,,0,0,,0,0,0,karnataka
252043,65833,Hunsur,12,Hunsur (TMC) - Ward No.12,0,,0,0,,0,0,0,karnataka
252043,65834,Hunsur,13,Hunsur (TMC) - Ward No.13,0,,0,0,,0,0,0,karnataka
252043,65835,Hunsur,14,Hunsur (TMC) - Ward No.14,0,,0,0,,0,0,0,karnataka
252043,65836,Hunsur,15,Hunsur (TMC) - Ward No.15,0,,0,0,,0,0,0,karnataka
252043,65837,Hunsur,16,Hunsur (TMC) - Ward No.16,0,,0,0,,0,0,0,karnataka
252043,65838,Hunsur,17,Hunsur (TMC) - Ward No.17,0,,0,0,,0,0,0,karnataka
252043,65839,Hunsur,18,Hunsur (TMC) - Ward No.18,0,,0,0,,0,0,0,karnataka
252043,65840,Hunsur,19,Hunsur (TMC) - Ward No.19,0,,0,0,,0,0,0,karnataka
252043,65823,Hunsur,2,Hunsur (TMC) - Ward No.2,0,,0,0,,0,0,0,karnataka
252043,65841,Hunsur,20,Hunsur (TMC) - Ward No.20,0,,0,0,,0,0,0,karnataka
252043,65842,Hunsur,21,Hunsur (TMC) - Ward No.21,0,,0,0,,0,0,0,karnataka
252043,65843,Hunsur,22,Hunsur (TMC) - Ward No.22,0,,0,0,,0,0,0,karnataka
252043,65844,Hunsur,23,Hunsur (TMC) - Ward No.23,0,,0,0,,0,0,0,karnataka
252043,71030,Hunsur,24,Hunsur (TMC) - Ward No.24,0,,0,0,,0,0,0,karnataka
252043,71031,Hunsur,25,Hunsur (TMC) - Ward No.25,0,,0,0,,0,0,0,karnataka
252043,71032,Hunsur,26,Hunsur (TMC) - Ward No.26,0,,0,0,,0,0,0,karnataka
252043,71033,Hunsur,27,Hunsur (TMC) - Ward No.27,0,,0,0,,0,0,0,karnataka
252043,2443641,Hunsur,28,Hunsur (TMC) - Ward No.28,0,,0,0,,0,0,0,karnataka
252043,2443642,Hunsur,29,Hunsur (TMC) - Ward No.29,0,,0,0,,0,0,0,karnataka
252043,65824,Hunsur,3,Hunsur (TMC) - Ward No.3,0,,0,0,,0,0,0,karnataka
252043,2443643,Hunsur,30,Hunsur (TMC) - Ward No.30,0,,0,0,,0,0,0,karnataka
252043,2443644,Hunsur,31,Hunsur (TMC) - Ward No.31,0,,0,0,,0,0,0,karnataka
252043,65825,Hunsur,4,Hunsur (TMC) - Ward No.4,0,,0,0,,0,0,0,karnataka
252043,65826,Hunsur,5,Hunsur (TMC) - Ward No.5,0,,0,0,,0,0,0,karnataka
252043,65827,Hunsur,6,Hunsur (TMC) - Ward No.6,0,,0,0,,0,0,0,karnataka
252043,65828,Hunsur,7,Hunsur (TMC) - Ward No.7,0,,0,0,,0,0,0,karnataka
252043,65829,Hunsur,8,Hunsur (TMC) - Ward No.8,0,,0,0,,0,0,0,karnataka
252043,65830,Hunsur,9,Hunsur (TMC) - Ward No.9,0,,0,0,,0,0,0,karnataka
251841,1723822,Ilkal,28,IIkal (TMC) - Ward No.28,0,,0,0,,0,0,0,karnataka
251841,1723823,Ilkal,29,IIkal (TMC) - Ward No.29,0,,0,0,,0,0,0,karnataka
251841,1723824,Ilkal,30,IIkal (TMC) - Ward No.30,0,,0,0,,0,0,0,karnataka
251841,1723825,Ilkal,31,IIkal (TMC) - Ward No.31,0,,0,0,,0,0,0,karnataka
251841,26269,Ilkal,1,Ilkal (TMC) - Ward No.1,0,,0,0,,0,0,0,karnataka
251841,26278,Ilkal,10,Ilkal (TMC) - Ward No.10,0,,0,0,,0,0,0,karnataka
251841,26279,Ilkal,11,Ilkal (TMC) - Ward No.11,0,,0,0,,0,0,0,karnataka
251841,26280,Ilkal,12,Ilkal (TMC) - Ward No.12,0,,0,0,,0,0,0,karnataka
251841,26281,Ilkal,13,Ilkal (TMC) - Ward No.13,0,,0,0,,0,0,0,karnataka
251841,26282,Ilkal,14,Ilkal (TMC) - Ward No.14,0,,0,0,,0,0,0,karnataka
251841,26283,Ilkal,15,Ilkal (TMC) - Ward No.15,0,,0,0,,0,0,0,karnataka
251841,26284,Ilkal,16,Ilkal (TMC) - Ward No.16,0,,0,0,,0,0,0,karnataka
251841,26285,Ilkal,17,Ilkal (TMC) - Ward No.17,0,,0,0,,0,0,0,karnataka
251841,26286,Ilkal,18,Ilkal (TMC) - Ward No.18,0,,0,0,,0,0,0,karnataka
251841,26287,Ilkal,19,Ilkal (TMC) - Ward No.19,0,,0,0,,0,0,0,karnataka
251841,26270,Ilkal,2,Ilkal (TMC) - Ward No.2,0,,0,0,,0,0,0,karnataka
251841,26288,Ilkal,20,Ilkal (TMC) - Ward No.20,0,,0,0,,0,0,0,karnataka
251841,26289,Ilkal,21,Ilkal (TMC) - Ward No.21,0,,0,0,,0,0,0,karnataka
251841,26290,Ilkal,22,Ilkal (TMC) - Ward No.22,0,,0,0,,0,0,0,karnataka
251841,26291,Ilkal,23,Ilkal (TMC) - Ward No.23,0,,0,0,,0,0,0,karnataka
251841,26292,Ilkal,24,Ilkal (TMC) - Ward No.24,0,,0,0,,0,0,0,karnataka
251841,26293,Ilkal,25,Ilkal (TMC) - Ward No.25,0,,0,0,,0,0,0,karnataka
251841,26294,Ilkal,26,Ilkal (TMC) - Ward No.26,0,,0,0,,0,0,0,karnataka
251841,26295,Ilkal,27,Ilkal (TMC) - Ward No.27,0,,0,0,,0,0,0,karnataka
251841,26271,Ilkal,3,Ilkal (TMC) - Ward No.3,0,,0,0,,0,0,0,karnataka
251841,26272,Ilkal,4,Ilkal (TMC) - Ward No.4,0,,0,0,,0,0,0,karnataka
251841,26273,Ilkal,5,Ilkal (TMC) - Ward No.5,0,,0,0,,0,0,0,karnataka
251841,26274,Ilkal,6,Ilkal (TMC) - Ward No.6,0,,0,0,,0,0,0,karnataka
251841,26275,Ilkal,7,Ilkal (TMC) - Ward No.7,0,,0,0,,0,0,0,karnataka
251841,26276,Ilkal,8,Ilkal (TMC) - Ward No.8,0,,0,0,,0,0,0,karnataka
251841,26277,Ilkal,9,Ilkal (TMC) - Ward No.9,0,,0,0,,0,0,0,karnataka
251843,26333,Indi,1,Indi (TMC) - Ward No.1,0,,0,0,,0,0,0,karnataka
251843,26342,Indi,10,Indi (TMC) - Ward No.10,0,,0,0,,0,0,0,karnataka
251843,26343,Indi,11,Indi (TMC) - Ward No.11,0,,0,0,,0,0,0,karnataka
251843,26344,Indi,12,Indi (TMC) - Ward No.12,0,,0,0,,0,0,0,karnataka
251843,26345,Indi,13,Indi (TMC) - Ward No.13,0,,0,0,,0,0,0,karnataka
251843,26346,Indi,14,Indi (TMC) - Ward No.14,0,,0,0,,0,0,0,karnataka
251843,26347,Indi,15,Indi (TMC) - Ward No.15,0,,0,0,,0,0,0,karnataka
251843,26348,Indi,16,Indi (TMC) - Ward No.16,0,,0,0,,0,0,0,karnataka
251843,26349,Indi,17,Indi (TMC) - Ward No.17,0,,0,0,,0,0,0,karnataka
251843,26350,Indi,18,Indi (TMC) - Ward No.18,0,,0,0,,0,0,0,karnataka
251843,26351,Indi,19,Indi (TMC) - Ward No.19,0,,0,0,,0,0,0,karnataka
251843,26334,Indi,2,Indi (TMC) - Ward No.2,0,,0,0,,0,0,0,karnataka
251843,26352,Indi,20,Indi (TMC) - Ward No.20,0,,0,0,,0,0,0,karnataka
251843,26353,Indi,21,Indi (TMC) - Ward No.21,0,,0,0,,0,0,0,karnataka
251843,26354,Indi,22,Indi (TMC) - Ward No.22,0,,0,0,,0,0,0,karnataka
251843,26355,Indi,23,Indi (TMC) - Ward No.23,0,,0,0,,0,0,0,karnataka
251843,26335,Indi,3,Indi (TMC) - Ward No.3,0,,0,0,,0,0,0,karnataka
251843,26336,Indi,4,Indi (TMC) - Ward No.4,0,,0,0,,0,0,0,karnataka
251843,26337,Indi,5,Indi (TMC) - Ward No.5,0,,0,0,,0,0,0,karnataka
251843,26338,Indi,6,Indi (TMC) - Ward No.6,0,,0,0,,0,0,0,karnataka
251843,26339,Indi,7,Indi (TMC) - Ward No.7,0,,0,0,,0,0,0,karnataka
251843,26340,Indi,8,Indi (TMC) - Ward No.8,0,,0,0,,0,0,0,karnataka
251843,26341,Indi,9,Indi (TMC) - Ward No.9,0,,0,0,,0,0,0,karnataka
251940,61501,Jagalur,1,Jagalur (TP) - Ward No.1,0,,0,0,,0,0,0,karnataka
251940,61510,Jagalur,10,Jagalur (TP) - Ward No.10,0,,0,0,,0,0,0,karnataka
251940,61511,Jagalur,11,Jagalur (TP) - Ward No.11,0,,0,0,,0,0,0,karnataka
251940,61512,Jagalur,12,Jagalur (TP) - Ward No.12,0,,0,0,,0,0,0,karnataka
251940,61513,Jagalur,13,Jagalur (TP) - Ward No.13,0,,0,0,,0,0,0,karnataka
251940,1886857,Jagalur,14,Jagalur (TP) - Ward No.14,0,,0,0,,0,0,0,karnataka
251940,1886858,Jagalur,15,Jagalur (TP) - Ward No.15,0,,0,0,,0,0,0,karnataka
251940,1886859,Jagalur,16,Jagalur (TP) - Ward No.16,0,,0,0,,0,0,0,karnataka
251940,1886860,Jagalur,17,Jagalur (TP) - Ward No.17,0,,0,0,,0,0,0,karnataka
251940,1886861,Jagalur,18,Jagalur (TP) - Ward No.18,0,,0,0,,0,0,0,karnataka
251940,61502,Jagalur,2,Jagalur (TP) - Ward No.2,0,,0,0,,0,0,0,karnataka
251940,61503,Jagalur,3,Jagalur (TP) - Ward No.3,0,,0,0,,0,0,0,karnataka
251940,61504,Jagalur,4,Jagalur (TP) - Ward No.4,0,,0,0,,0,0,0,karnataka
251940,61505,Jagalur,5,Jagalur (TP) - Ward No.5,0,,0,0,,0,0,0,karnataka
251940,61506,Jagalur,6,Jagalur (TP) - Ward No.6,0,,0,0,,0,0,0,karnataka
251940,61507,Jagalur,7,Jagalur (TP) - Ward No.7,0,,0,0,,0,0,0,karnataka
251940,61508,Jagalur,8,Jagalur (TP) - Ward No.8,0,,0,0,,0,0,0,karnataka
251940,61509,Jagalur,9,Jagalur (TP) - Ward No.9,0,,0,0,,0,0,0,karnataka
251832,25928,Jamkhandi,1,Jamkhandi (TMC) - Ward No.1,0,,0,0,,0,0,0,karnataka
251832,25937,Jamkhandi,10,Jamkhandi (TMC) - Ward No.10,0,,0,0,,0,0,0,karnataka
251832,25938,Jamkhandi,11,Jamkhandi (TMC) - Ward No.11,0,,0,0,,0,0,0,karnataka
251832,25939,Jamkhandi,12,Jamkhandi (TMC) - Ward No.12,0,,0,0,,0,0,0,karnataka
251832,25940,Jamkhandi,13,Jamkhandi (TMC) - Ward No.13,0,,0,0,,0,0,0,karnataka
251832,25941,Jamkhandi,14,Jamkhandi (TMC) - Ward No.14,0,,0,0,,0,0,0,karnataka
251832,25942,Jamkhandi,15,Jamkhandi (TMC) - Ward No.15,0,,0,0,,0,0,0,karnataka
251832,25943,Jamkhandi,16,Jamkhandi (TMC) - Ward No.16,0,,0,0,,0,0,0,karnataka
251832,25944,Jamkhandi,17,Jamkhandi (TMC) - Ward No.17,0,,0,0,,0,0,0,karnataka
251832,25945,Jamkhandi,18,Jamkhandi (TMC) - Ward No.18,0,,0,0,,0,0,0,karnataka
251832,25946,Jamkhandi,19,Jamkhandi (TMC) - Ward No.19,0,,0,0,,0,0,0,karnataka
251832,25929,Jamkhandi,2,Jamkhandi (TMC) - Ward No.2,0,,0,0,,0,0,0,karnataka
251832,25947,Jamkhandi,20,Jamkhandi (TMC) - Ward No.20,0,,0,0,,0,0,0,karnataka
251832,25948,Jamkhandi,21,Jamkhandi (TMC) - Ward No.21,0,,0,0,,0,0,0,karnataka
251832,25949,Jamkhandi,22,Jamkhandi (TMC) - Ward No.22,0,,0,0,,0,0,0,karnataka
251832,25950,Jamkhandi,23,Jamkhandi (TMC) - Ward No.23,0,,0,0,,0,0,0,karnataka
251832,25951,Jamkhandi,24,Jamkhandi (TMC) - Ward No.24,0,,0,0,,0,0,0,karnataka
251832,25952,Jamkhandi,25,Jamkhandi (TMC) - Ward No.25,0,,0,0,,0,0,0,karnataka
251832,25953,Jamkhandi,26,Jamkhandi (TMC) - Ward No.26,0,,0,0,,0,0,0,karnataka
251832,25954,Jamkhandi,27,Jamkhandi (TMC) - Ward No.27,0,,0,0,,0,0,0,karnataka
251832,1724478,Jamkhandi,28,Jamkhandi (TMC) - Ward No.28,0,,0,0,,0,0,0,karnataka
251832,1724479,Jamkhandi,29,Jamkhandi (TMC) - Ward No.29,0,,0,0,,0,0,0,karnataka
251832,25930,Jamkhandi,3,Jamkhandi (TMC) - Ward No.3,0,,0,0,,0,0,0,karnataka
251832,1724480,Jamkhandi,30,Jamkhandi (TMC) - Ward No.30,0,,0,0,,0,0,0,karnataka
251832,1724481,Jamkhandi,31,Jamkhandi (TMC) - Ward No.31,0,,0,0,,0,0,0,karnataka
251832,25931,Jamkhandi,4,Jamkhandi (TMC) - Ward No.4,0,,0,0,,0,0,0,karnataka
251832,25932,Jamkhandi,5,Jamkhandi (TMC) - Ward No.5,0,,0,0,,0,0,0,karnataka
251832,25933,Jamkhandi,6,Jamkhandi (TMC) - Ward No.6,0,,0,0,,0,0,0,karnataka
251832,25934,Jamkhandi,7,Jamkhandi (TMC) - Ward No.7,0,,0,0,,0,0,0,karnataka
251832,25935,Jamkhandi,8,Jamkhandi (TMC) - Ward No.8,0,,0,0,,0,0,0,karnataka
251832,25936,Jamkhandi,9,Jamkhandi (TMC) - Ward No.9,0,,0,0,,0,0,0,karnataka
251858,27356,Jevargi,1,Jevargi (TP) - Ward No.1,0,,0,0,,0,0,0,karnataka
251858,27365,Jevargi,10,Jevargi (TP) - Ward No.10,0,,0,0,,0,0,0,karnataka
251858,27366,Jevargi,11,Jevargi (TP) - Ward No.11,0,,0,0,,0,0,0,karnataka
251858,27367,Jevargi,12,Jevargi (TP) - Ward No.12,0,,0,0,,0,0,0,karnataka
251858,7566,Jevargi,13,Jevargi (TP) - Ward No.13,0,,0,0,,0,0,0,karnataka
251858,7567,Jevargi,14,Jevargi (TP) - Ward No.14,0,,0,0,,0,0,0,karnataka
251858,7568,Jevargi,15,Jevargi (TP) - Ward No.15,0,,0,0,,0,0,0,karnataka
251858,7177,Jevargi,16,Jevargi (TP) - Ward No.16,0,,0,0,,0,0,0,karnataka
251858,7178,Jevargi,17,Jevargi (TP) - Ward No.17,0,,0,0,,0,0,0,karnataka
251858,7179,Jevargi,18,Jevargi (TP) - Ward No.18,0,,0,0,,0,0,0,karnataka
251858,7180,Jevargi,19,Jevargi (TP) - Ward No.19,0,,0,0,,0,0,0,karnataka
251858,27357,Jevargi,2,Jevargi (TP) - Ward No.2,0,,0,0,,0,0,0,karnataka
251858,7181,Jevargi,20,Jevargi (TP) - Ward No.20,0,,0,0,,0,0,0,karnataka
251858,1889530,Jevargi,21,Jevargi (TP) -Ward No.21,0,,0,0,,0,0,0,karnataka
251858,1889531,Jevargi,22,Jevargi (TP) -Ward No.22,0,,0,0,,0,0,0,karnataka
251858,1889532,Jevargi,23,Jevargi (TP) -Ward No.23,0,,0,0,,0,0,0,karnataka
251858,27358,Jevargi,3,Jevargi (TP) - Ward No.3,0,,0,0,,0,0,0,karnataka
251858,27359,Jevargi,4,Jevargi (TP) - Ward No.4,0,,0,0,,0,0,0,karnataka
251858,27360,Jevargi,5,Jevargi (TP) - Ward No.5,0,,0,0,,0,0,0,karnataka
251858,27361,Jevargi,6,Jevargi (TP) - Ward No.6,0,,0,0,,0,0,0,karnataka
251858,27362,Jevargi,7,Jevargi (TP) - Ward No.7,0,,0,0,,0,0,0,karnataka
251858,27363,Jevargi,8,Jevargi (TP) - Ward No.8,0,,0,0,,0,0,0,karnataka
251858,27364,Jevargi,9,Jevargi (TP) - Ward No.9,0,,0,0,,0,0,0,karnataka
276464,1295892,Jigani,1,Ward No. 1,525,Bengaluru Urban,572,5545,Anekal,5545,0,0,karnataka
276464,1295892,Jigani,1,Ward No. 1,525,Bengaluru Urban,572,5545,Anekal,5545,0,0,karnataka
276464,1295901,Jigani,10,Ward No.10,0,,0,0,,0,928173,0,karnataka
276464,1295901,Jigani,10,Ward No.10,0,,0,0,,0,928173,0,karnataka
276464,1295902,Jigani,11,Ward No.11,525,Bengaluru Urban,572,5545,Anekal,5545,0,0,karnataka
276464,1295902,Jigani,11,Ward No.11,525,Bengaluru Urban,572,5545,Anekal,5545,0,0,karnataka
276464,1295903,Jigani,12,Ward No.12,0,,0,0,,0,928173,0,karnataka
276464,1295903,Jigani,12,Ward No.12,0,,0,0,,0,928173,0,karnataka
276464,1295904,Jigani,13,Ward No.13,0,,0,0,,0,928173,0,karnataka
276464,1295904,Jigani,13,Ward No.13,0,,0,0,,0,928173,0,karnataka
276464,1295905,Jigani,14,Ward No.14,0,,0,0,,0,928173,0,karnataka
276464,1295905,Jigani,14,Ward No.14,0,,0,0,,0,928173,0,karnataka
276464,1295906,Jigani,15,Ward No.15,525,Bengaluru Urban,572,5545,Anekal,5545,0,0,karnataka
276464,1295906,Jigani,15,Ward No.15,525,Bengaluru Urban,572,5545,Anekal,5545,0,0,karnataka
276464,1295907,Jigani,16,Ward No.16,525,Bengaluru Urban,572,5545,Anekal,5545,0,0,karnataka
276464,1295907,Jigani,16,Ward No.16,525,Bengaluru Urban,572,5545,Anekal,5545,0,0,karnataka
276464,1295908,Jigani,17,Ward No.17,525,Bengaluru Urban,572,5545,Anekal,5545,0,0,karnataka
276464,1295908,Jigani,17,Ward No.17,525,Bengaluru Urban,572,5545,Anekal,5545,0,0,karnataka
276464,1295909,Jigani,18,Ward No.18,0,,0,0,,0,928173,0,karnataka
276464,1295909,Jigani,18,Ward No.18,0,,0,0,,0,928173,0,karnataka
276464,1295910,Jigani,19,Ward No.19,525,Bengaluru Urban,572,5545,Anekal,5545,0,0,karnataka
276464,1295910,Jigani,19,Ward No.19,525,Bengaluru Urban,572,5545,Anekal,5545,0,0,karnataka
276464,1295893,Jigani,2,Ward No. 2,0,,0,0,,0,928173,0,karnataka
276464,1295893,Jigani,2,Ward No. 2,0,,0,0,,0,928173,0,karnataka
276464,1295911,Jigani,20,Ward No. 20,0,,0,0,,0,928173,0,karnataka
276464,1295911,Jigani,20,Ward No. 20,0,,0,0,,0,928173,0,karnataka
276464,1295912,Jigani,21,Ward No.21,525,Bengaluru Urban,572,5545,Anekal,5545,0,0,karnataka
276464,1295912,Jigani,21,Ward No.21,525,Bengaluru Urban,572,5545,Anekal,5545,0,0,karnataka
276464,1295913,Jigani,22,Ward No.22,525,Bengaluru Urban,572,5545,Anekal,5545,0,0,karnataka
276464,1295913,Jigani,22,Ward No.22,525,Bengaluru Urban,572,5545,Anekal,5545,0,0,karnataka
276464,1295914,Jigani,23,Ward No.23,525,Bengaluru Urban,572,5545,Anekal,5545,0,0,karnataka
276464,1295914,Jigani,23,Ward No.23,525,Bengaluru Urban,572,5545,Anekal,5545,0,0,karnataka
276464,1295894,Jigani,3,Ward No.3,525,Bengaluru Urban,572,5545,Anekal,5545,0,0,karnataka
276464,1295894,Jigani,3,Ward No.3,525,Bengaluru Urban,572,5545,Anekal,5545,0,0,karnataka
276464,1295895,Jigani,4,Ward No. 4,525,Bengaluru Urban,572,5545,Anekal,5545,0,0,karnataka
276464,1295895,Jigani,4,Ward No. 4,525,Bengaluru Urban,572,5545,Anekal,5545,0,0,karnataka
276464,1295896,Jigani,5,Ward No. 5,525,Bengaluru Urban,572,5545,Anekal,5545,0,0,karnataka
276464,1295896,Jigani,5,Ward No. 5,525,Bengaluru Urban,572,5545,Anekal,5545,0,0,karnataka
276464,1295897,Jigani,6,Ward No. 6,0,,0,0,,0,928173,0,karnataka
276464,1295897,Jigani,6,Ward No. 6,0,,0,0,,0,928173,0,karnataka
276464,1295898,Jigani,7,Ward No. 7,525,Bengaluru Urban,572,5545,Anekal,5545,0,0,karnataka
276464,1295898,Jigani,7,Ward No. 7,525,Bengaluru Urban,572,5545,Anekal,5545,0,0,karnataka
276464,1295899,Jigani,8,Ward No. 8,525,Bengaluru Urban,572,5545,Anekal,5545,0,0,karnataka
276464,1295899,Jigani,8,Ward No. 8,525,Bengaluru Urban,572,5545,Anekal,5545,0,0,karnataka
276464,1295900,Jigani,9,Ward No. 9,0,,0,0,,0,928173,0,karnataka
276464,1295900,Jigani,9,Ward No. 9,0,,0,0,,0,928173,0,karnataka
263293,2179716,Jog-Kargal,1,Ward-1,0,,0,0,,0,0,0,karnataka
263293,2179725,Jog-Kargal,10,Ward-10,0,,0,0,,0,0,0,karnataka
263293,2179726,Jog-Kargal,11,Ward-11,0,,0,0,,0,0,0,karnataka
263293,2179717,Jog-Kargal,2,Ward-2,0,,0,0,,0,0,0,karnataka
263293,2179718,Jog-Kargal,3,Ward-3,0,,0,0,,0,0,0,karnataka
263293,2179719,Jog-Kargal,4,Ward-4,0,,0,0,,0,0,0,karnataka
263293,2179720,Jog-Kargal,5,Ward-5,0,,0,0,,0,0,0,karnataka
263293,2179721,Jog-Kargal,6,Ward-6,0,,0,0,,0,0,0,karnataka
263293,2179722,Jog-Kargal,7,Ward-7,0,,0,0,,0,0,0,karnataka
263293,2179723,Jog-Kargal,8,Ward-8,0,,0,0,,0,0,0,karnataka
263293,2179724,Jog-Kargal,9,Ward-9,0,,0,0,,0,0,0,karnataka
276483,1295711,Kabbur,1,Ward No. 1,527,Belagavi,555,5433,Chikodi,5433,0,0,karnataka
276483,1295711,Kabbur,1,Ward No. 1,527,Belagavi,555,5433,Chikodi,5433,0,0,karnataka
276483,1295720,Kabbur,10,Ward No.10,527,Belagavi,555,5433,Chikodi,5433,0,0,karnataka
276483,1295720,Kabbur,10,Ward No.10,527,Belagavi,555,5433,Chikodi,5433,0,0,karnataka
276483,1295721,Kabbur,11,Ward No.11,0,,0,0,,0,929121,0,karnataka
276483,1295721,Kabbur,11,Ward No.11,0,,0,0,,0,929121,0,karnataka
276483,1295722,Kabbur,12,Ward No.12,0,,0,0,,0,929121,0,karnataka
276483,1295722,Kabbur,12,Ward No.12,0,,0,0,,0,929121,0,karnataka
276483,1295723,Kabbur,13,Ward No.13,0,,0,0,,0,929121,0,karnataka
276483,1295723,Kabbur,13,Ward No.13,0,,0,0,,0,929121,0,karnataka
276483,1295724,Kabbur,14,Ward No.14,527,Belagavi,555,5433,Chikodi,5433,0,0,karnataka
276483,1295724,Kabbur,14,Ward No.14,527,Belagavi,555,5433,Chikodi,5433,0,0,karnataka
276483,1295725,Kabbur,15,Ward No.15,0,,0,0,,0,929121,0,karnataka
276483,1295725,Kabbur,15,Ward No.15,0,,0,0,,0,929121,0,karnataka
276483,1295726,Kabbur,16,Ward No.16,527,Belagavi,555,5433,Chikodi,5433,0,0,karnataka
276483,1295726,Kabbur,16,Ward No.16,527,Belagavi,555,5433,Chikodi,5433,0,0,karnataka
276483,1295727,Kabbur,17,Ward No.17,0,,0,0,,0,929121,0,karnataka
276483,1295727,Kabbur,17,Ward No.17,0,,0,0,,0,929121,0,karnataka
276483,1295728,Kabbur,18,Ward No.18,527,Belagavi,555,5433,Chikodi,5433,0,0,karnataka
276483,1295728,Kabbur,18,Ward No.18,527,Belagavi,555,5433,Chikodi,5433,0,0,karnataka
276483,1295729,Kabbur,19,Ward No.19,527,Belagavi,555,5433,Chikodi,5433,0,0,karnataka
276483,1295729,Kabbur,19,Ward No.19,527,Belagavi,555,5433,Chikodi,5433,0,0,karnataka
276483,1295712,Kabbur,2,Ward No. 2,0,,0,0,,0,929121,0,karnataka
276483,1295712,Kabbur,2,Ward No. 2,0,,0,0,,0,929121,0,karnataka
276483,1295713,Kabbur,3,Ward No.3,0,,0,0,,0,929121,0,karnataka
276483,1295713,Kabbur,3,Ward No.3,0,,0,0,,0,929121,0,karnataka
276483,1295714,Kabbur,4,Ward No. 4,0,,0,0,,0,929121,0,karnataka
276483,1295714,Kabbur,4,Ward No. 4,0,,0,0,,0,929121,0,karnataka
276483,1295715,Kabbur,5,Ward No. 5,0,,0,0,,0,929121,0,karnataka
276483,1295715,Kabbur,5,Ward No. 5,0,,0,0,,0,929121,0,karnataka
276483,1295716,Kabbur,6,Ward No. 6,527,Belagavi,555,5433,Chikodi,5433,0,0,karnataka
276483,1295716,Kabbur,6,Ward No. 6,527,Belagavi,555,5433,Chikodi,5433,0,0,karnataka
276483,1295717,Kabbur,7,Ward No. 7,527,Belagavi,555,5433,Chikodi,5433,0,0,karnataka
276483,1295717,Kabbur,7,Ward No. 7,527,Belagavi,555,5433,Chikodi,5433,0,0,karnataka
276483,1295718,Kabbur,8,Ward No. 8,527,Belagavi,555,5433,Chikodi,5433,0,0,karnataka
276483,1295718,Kabbur,8,Ward No. 8,527,Belagavi,555,5433,Chikodi,5433,0,0,karnataka
276483,1295719,Kabbur,9,Ward No. 9,0,,0,0,,0,929121,0,karnataka
276483,1295719,Kabbur,9,Ward No. 9,0,,0,0,,0,929121,0,karnataka
296954,2890383,Kadaba,1,Ward 1,0,,0,0,,0,0,0,karnataka
296954,2890392,Kadaba,10,Ward 10,0,,0,0,,0,0,0,karnataka
296954,2890393,Kadaba,11,Ward 11,0,,0,0,,0,0,0,karnataka
296954,2890394,Kadaba,12,Ward 12,0,,0,0,,0,0,0,karnataka
296954,2890395,Kadaba,13,Ward 13,0,,0,0,,0,0,0,karnataka
296954,2890384,Kadaba,2,Ward 2,0,,0,0,,0,0,0,karnataka
296954,2890385,Kadaba,3,Ward 3,0,,0,0,,0,0,0,karnataka
296954,2890386,Kadaba,4,Ward 4,0,,0,0,,0,0,0,karnataka
296954,2890387,Kadaba,5,Ward 5,0,,0,0,,0,0,0,karnataka
296954,2890388,Kadaba,6,Ward 6,0,,0,0,,0,0,0,karnataka
296954,2890389,Kadaba,7,Ward 7,0,,0,0,,0,0,0,karnataka
296954,2890390,Kadaba,8,Ward 8,0,,0,0,,0,0,0,karnataka
296954,2890391,Kadaba,9,Ward 9,0,,0,0,,0,0,0,karnataka
251964,61577,Kadur,1,Kadur (TMC) - Ward No.1,0,,0,0,,0,0,0,karnataka
251964,61586,Kadur,10,Kadur (TMC) - Ward No.10,0,,0,0,,0,0,0,karnataka
251964,61587,Kadur,11,Kadur (TMC) - Ward No.11,0,,0,0,,0,0,0,karnataka
251964,61588,Kadur,12,Kadur (TMC) - Ward No.12,0,,0,0,,0,0,0,karnataka
251964,61589,Kadur,13,Kadur (TMC) - Ward No.13,0,,0,0,,0,0,0,karnataka
251964,61590,Kadur,14,Kadur (TMC) - Ward No.14,0,,0,0,,0,0,0,karnataka
251964,61591,Kadur,15,Kadur (TMC) - Ward No.15,0,,0,0,,0,0,0,karnataka
251964,61592,Kadur,16,Kadur (TMC) - Ward No.16,0,,0,0,,0,0,0,karnataka
251964,61593,Kadur,17,Kadur (TMC) - Ward No.17,0,,0,0,,0,0,0,karnataka
251964,61594,Kadur,18,Kadur (TMC) - Ward No.18,0,,0,0,,0,0,0,karnataka
251964,61595,Kadur,19,Kadur (TMC) - Ward No.19,0,,0,0,,0,0,0,karnataka
251964,61578,Kadur,2,Kadur (TMC) - Ward No.2,0,,0,0,,0,0,0,karnataka
251964,61596,Kadur,20,Kadur (TMC) - Ward No.20,0,,0,0,,0,0,0,karnataka
251964,61597,Kadur,21,Kadur (TMC) - Ward No.21,0,,0,0,,0,0,0,karnataka
251964,61598,Kadur,22,Kadur (TMC) - Ward No.22,0,,0,0,,0,0,0,karnataka
251964,61599,Kadur,23,Kadur (TMC) - Ward No.23,0,,0,0,,0,0,0,karnataka
251964,61579,Kadur,3,Kadur (TMC) - Ward No.3,0,,0,0,,0,0,0,karnataka
251964,61580,Kadur,4,Kadur (TMC) - Ward No.4,0,,0,0,,0,0,0,karnataka
251964,61581,Kadur,5,Kadur (TMC) - Ward No.5,0,,0,0,,0,0,0,karnataka
251964,61582,Kadur,6,Kadur (TMC) - Ward No.6,0,,0,0,,0,0,0,karnataka
251964,61583,Kadur,7,Kadur (TMC) - Ward No.7,0,,0,0,,0,0,0,karnataka
251964,61584,Kadur,8,Kadur (TMC) - Ward No.8,0,,0,0,,0,0,0,karnataka
251964,61585,Kadur,9,Kadur (TMC) - Ward No.9,0,,0,0,,0,0,0,karnataka
299331,3310323,Kagawada,1,ward 1,0,,0,0,,0,0,0,karnataka
299331,3310332,Kagawada,10,ward 10,0,,0,0,,0,0,0,karnataka
299331,3310333,Kagawada,11,ward 11,0,,0,0,,0,0,0,karnataka
299331,3310334,Kagawada,12,ward 12,0,,0,0,,0,0,0,karnataka
299331,3310335,Kagawada,13,ward 13,0,,0,0,,0,0,0,karnataka
299331,3310336,Kagawada,14,ward 14,0,,0,0,,0,0,0,karnataka
299331,3310337,Kagawada,15,ward 15,0,,0,0,,0,0,0,karnataka
299331,3310338,Kagawada,16,ward 16,0,,0,0,,0,0,0,karnataka
299331,3310324,Kagawada,2,ward 2,0,,0,0,,0,0,0,karnataka
299331,3310325,Kagawada,3,ward 3,0,,0,0,,0,0,0,karnataka
299331,3310326,Kagawada,4,ward 4,0,,0,0,,0,0,0,karnataka
299331,3310327,Kagawada,5,ward 5,0,,0,0,,0,0,0,karnataka
299331,3310328,Kagawada,6,ward 6,0,,0,0,,0,0,0,karnataka
299331,3310329,Kagawada,7,ward 7,0,,0,0,,0,0,0,karnataka
299331,3310330,Kagawada,8,ward 8,0,,0,0,,0,0,0,karnataka
299331,3310331,Kagawada,9,ward 9,0,,0,0,,0,0,0,karnataka
276560,1296378,Kakkera,7,Ambedkar Nagar,0,,0,0,,0,929004,0,karnataka
276560,1296378,Kakkera,7,Ambedkar Nagar,0,,0,0,,0,929004,0,karnataka
276560,1296389,Kakkera,18,Bandoddi,0,,0,0,,0,929004,0,karnataka
276560,1296389,Kakkera,18,Bandoddi,0,,0,0,,0,929004,0,karnataka
276560,1296391,Kakkera,20,Budgumpera Doddi,635,Yadgir,580,5587,Shorapur,5587,0,0,karnataka
276560,1296391,Kakkera,20,Budgumpera Doddi,635,Yadgir,580,5587,Shorapur,5587,0,0,karnataka
276560,1296384,Kakkera,13,Budnoor Doddi,635,Yadgir,580,5587,Shorapur,5587,0,0,karnataka
276560,1296384,Kakkera,13,Budnoor Doddi,635,Yadgir,580,5587,Shorapur,5587,0,0,karnataka
276560,1296382,Kakkera,11,Dalar Doddi,0,,0,0,,0,929004,0,karnataka
276560,1296382,Kakkera,11,Dalar Doddi,0,,0,0,,0,929004,0,karnataka
276560,1296388,Kakkera,17,Golpalera Doddi,0,,0,0,,0,929004,0,karnataka
276560,1296388,Kakkera,17,Golpalera Doddi,0,,0,0,,0,929004,0,karnataka
276560,1296376,Kakkera,5,Gurikar Oni,0,,0,0,,0,929004,0,karnataka
276560,1296376,Kakkera,5,Gurikar Oni,0,,0,0,,0,929004,0,karnataka
276560,1296387,Kakkera,16,Hosur Doddi,635,Yadgir,580,5587,Shorapur,5587,0,0,karnataka
276560,1296387,Kakkera,16,Hosur Doddi,635,Yadgir,580,5587,Shorapur,5587,0,0,karnataka
276560,1296394,Kakkera,23,Jangayara Doddi,0,,0,0,,0,929004,0,karnataka
276560,1296394,Kakkera,23,Jangayara Doddi,0,,0,0,,0,929004,0,karnataka
276560,1296385,Kakkera,14,Kakkera Tanda,635,Yadgir,580,5587,Shorapur,5587,0,0,karnataka
276560,1296385,Kakkera,14,Kakkera Tanda,635,Yadgir,580,5587,Shorapur,5587,0,0,karnataka
276560,1296373,Kakkera,2,Kelled Gadi,0,,0,0,,0,929004,0,karnataka
276560,1296373,Kakkera,2,Kelled Gadi,0,,0,0,,0,929004,0,karnataka
276560,1296390,Kakkera,19,Malmuttera Doddi,0,,0,0,,0,929004,0,karnataka
276560,1296390,Kakkera,19,Malmuttera Doddi,0,,0,0,,0,929004,0,karnataka
276560,1296392,Kakkera,21,Manjalapur,0,,0,0,,0,929004,0,karnataka
276560,1296392,Kakkera,21,Manjalapur,0,,0,0,,0,929004,0,karnataka
276560,1296374,Kakkera,3,New Busstand Area,0,,0,0,,0,929004,0,karnataka
276560,1296374,Kakkera,3,New Busstand Area,0,,0,0,,0,929004,0,karnataka
276560,1296393,Kakkera,22,Nigapur,635,Yadgir,580,5587,Shorapur,5587,0,0,karnataka
276560,1296393,Kakkera,22,Nigapur,635,Yadgir,580,5587,Shorapur,5587,0,0,karnataka
276560,1296375,Kakkera,4,Old Market,0,,0,0,,0,929004,0,karnataka
276560,1296375,Kakkera,4,Old Market,0,,0,0,,0,929004,0,karnataka
276560,1296379,Kakkera,8,Old Panchayat,635,Yadgir,580,5587,Shorapur,5587,0,0,karnataka
276560,1296379,Kakkera,8,Old Panchayat,635,Yadgir,580,5587,Shorapur,5587,0,0,karnataka
276560,1296386,Kakkera,15,Pirnayak Tanda,0,,0,0,,0,929004,0,karnataka
276560,1296386,Kakkera,15,Pirnayak Tanda,0,,0,0,,0,929004,0,karnataka
276560,1296381,Kakkera,10,Pyati Oni,635,Yadgir,580,5587,Shorapur,5587,0,0,karnataka
276560,1296381,Kakkera,10,Pyati Oni,635,Yadgir,580,5587,Shorapur,5587,0,0,karnataka
276560,1296377,Kakkera,6,Sheetar Oni,0,,0,0,,0,929004,0,karnataka
276560,1296377,Kakkera,6,Sheetar Oni,0,,0,0,,0,929004,0,karnataka
276560,1296380,Kakkera,9,Somanath Temple,0,,0,0,,0,929004,0,karnataka
276560,1296380,Kakkera,9,Somanath Temple,0,,0,0,,0,929004,0,karnataka
276560,1296372,Kakkera,1,U.K.P Camp,0,,0,0,,0,0,0,karnataka
276560,1296383,Kakkera,12,Yeribandi,635,Yadgir,580,5587,Shorapur,5587,0,0,karnataka
276560,1296383,Kakkera,12,Yeribandi,635,Yadgir,580,5587,Shorapur,5587,0,0,karnataka
248127,26980,Kalaburagi City Corporation,1,Kalaburagi (M Corp.) - Ward No.1,0,,0,0,,0,0,0,karnataka
248127,26989,Kalaburagi City Corporation,10,Kalaburagi (M Corp.) - Ward No.10,0,,0,0,,0,0,0,karnataka
248127,26990,Kalaburagi City Corporation,11,Kalaburagi (M Corp.) - Ward No.11,0,,0,0,,0,0,0,karnataka
248127,26991,Kalaburagi City Corporation,12,Kalaburagi (M Corp.) - Ward No.12,0,,0,0,,0,0,0,karnataka
248127,26992,Kalaburagi City Corporation,13,Kalaburagi (M Corp.) - Ward No.13,0,,0,0,,0,0,0,karnataka
248127,26993,Kalaburagi City Corporation,14,Kalaburagi (M Corp.) - Ward No.14,0,,0,0,,0,0,0,karnataka
248127,26994,Kalaburagi City Corporation,15,Kalaburagi (M Corp.) - Ward No.15,0,,0,0,,0,0,0,karnataka
248127,26995,Kalaburagi City Corporation,16,Kalaburagi (M Corp.) - Ward No.16,0,,0,0,,0,0,0,karnataka
248127,26996,Kalaburagi City Corporation,17,Kalaburagi (M Corp.) - Ward No.17,0,,0,0,,0,0,0,karnataka
248127,26997,Kalaburagi City Corporation,18,Kalaburagi (M Corp.) - Ward No.18,0,,0,0,,0,0,0,karnataka
248127,26998,Kalaburagi City Corporation,19,Kalaburagi (M Corp.) - Ward No.19,0,,0,0,,0,0,0,karnataka
248127,26981,Kalaburagi City Corporation,2,Kalaburagi (M Corp.) - Ward No.2,0,,0,0,,0,0,0,karnataka
248127,26999,Kalaburagi City Corporation,20,Kalaburagi (M Corp.) - Ward No.20,0,,0,0,,0,0,0,karnataka
248127,27000,Kalaburagi City Corporation,21,Kalaburagi (M Corp.) - Ward No.21,0,,0,0,,0,0,0,karnataka
248127,27001,Kalaburagi City Corporation,22,Kalaburagi (M Corp.) - Ward No.22,0,,0,0,,0,0,0,karnataka
248127,27002,Kalaburagi City Corporation,23,Kalaburagi (M Corp.) - Ward No.23,0,,0,0,,0,0,0,karnataka
248127,27003,Kalaburagi City Corporation,24,Kalaburagi (M Corp.) - Ward No.24,0,,0,0,,0,0,0,karnataka
248127,27004,Kalaburagi City Corporation,25,Kalaburagi (M Corp.) - Ward No.25,0,,0,0,,0,0,0,karnataka
248127,27005,Kalaburagi City Corporation,26,Kalaburagi (M Corp.) - Ward No.26,0,,0,0,,0,0,0,karnataka
248127,27006,Kalaburagi City Corporation,27,Kalaburagi (M Corp.) - Ward No.27,0,,0,0,,0,0,0,karnataka
248127,27007,Kalaburagi City Corporation,28,Kalaburagi (M Corp.) - Ward No.28,0,,0,0,,0,0,0,karnataka
248127,27008,Kalaburagi City Corporation,29,Kalaburagi (M Corp.) - Ward No.29,0,,0,0,,0,0,0,karnataka
248127,26982,Kalaburagi City Corporation,3,Kalaburagi (M Corp.) - Ward No.3,0,,0,0,,0,0,0,karnataka
248127,27009,Kalaburagi City Corporation,30,Kalaburagi (M Corp.) - Ward No.30,0,,0,0,,0,0,0,karnataka
248127,27010,Kalaburagi City Corporation,31,Kalaburagi (M Corp.) - Ward No.31,0,,0,0,,0,0,0,karnataka
248127,27011,Kalaburagi City Corporation,32,Kalaburagi (M Corp.) - Ward No.32,0,,0,0,,0,0,0,karnataka
248127,27012,Kalaburagi City Corporation,33,Kalaburagi (M Corp.) - Ward No.33,0,,0,0,,0,0,0,karnataka
248127,27013,Kalaburagi City Corporation,34,Kalaburagi (M Corp.) - Ward No.34,0,,0,0,,0,0,0,karnataka
248127,27014,Kalaburagi City Corporation,35,Kalaburagi (M Corp.) - Ward No.35,0,,0,0,,0,0,0,karnataka
248127,27015,Kalaburagi City Corporation,36,Kalaburagi (M Corp.) - Ward No.36,0,,0,0,,0,0,0,karnataka
248127,27016,Kalaburagi City Corporation,37,Kalaburagi (M Corp.) - Ward No.37,0,,0,0,,0,0,0,karnataka
248127,27017,Kalaburagi City Corporation,38,Kalaburagi (M Corp.) - Ward No.38,0,,0,0,,0,0,0,karnataka
248127,27018,Kalaburagi City Corporation,39,Kalaburagi (M Corp.) - Ward No.39,0,,0,0,,0,0,0,karnataka
248127,26983,Kalaburagi City Corporation,4,Kalaburagi (M Corp.) - Ward No.4,0,,0,0,,0,0,0,karnataka
248127,27019,Kalaburagi City Corporation,40,Kalaburagi (M Corp.) - Ward No.40,0,,0,0,,0,0,0,karnataka
248127,27020,Kalaburagi City Corporation,41,Kalaburagi (M Corp.) - Ward No.41,0,,0,0,,0,0,0,karnataka
248127,27021,Kalaburagi City Corporation,42,Kalaburagi (M Corp.) - Ward No.42,0,,0,0,,0,0,0,karnataka
248127,27022,Kalaburagi City Corporation,43,Kalaburagi (M Corp.) - Ward No.43,0,,0,0,,0,0,0,karnataka
248127,27023,Kalaburagi City Corporation,44,Kalaburagi (M Corp.) - Ward No.44,0,,0,0,,0,0,0,karnataka
248127,27024,Kalaburagi City Corporation,45,Kalaburagi (M Corp.) - Ward No.45,0,,0,0,,0,0,0,karnataka
248127,27025,Kalaburagi City Corporation,46,Kalaburagi (M Corp.) - Ward No.46,0,,0,0,,0,0,0,karnataka
248127,27026,Kalaburagi City Corporation,47,Kalaburagi (M Corp.) - Ward No.47,0,,0,0,,0,0,0,karnataka
248127,27027,Kalaburagi City Corporation,48,Kalaburagi (M Corp.) - Ward No.48,0,,0,0,,0,0,0,karnataka
248127,27028,Kalaburagi City Corporation,49,Kalaburagi (M Corp.) - Ward No.49,0,,0,0,,0,0,0,karnataka
248127,26984,Kalaburagi City Corporation,5,Kalaburagi (M Corp.) - Ward No.5,0,,0,0,,0,0,0,karnataka
248127,27029,Kalaburagi City Corporation,50,Kalaburagi (M Corp.) - Ward No.50,0,,0,0,,0,0,0,karnataka
248127,27030,Kalaburagi City Corporation,51,Kalaburagi (M Corp.) - Ward No.51,0,,0,0,,0,0,0,karnataka
248127,27031,Kalaburagi City Corporation,52,Kalaburagi (M Corp.) - Ward No.52,0,,0,0,,0,0,0,karnataka
248127,27032,Kalaburagi City Corporation,53,Kalaburagi (M Corp.) - Ward No.53,0,,0,0,,0,0,0,karnataka
248127,27033,Kalaburagi City Corporation,54,Kalaburagi (M Corp.) - Ward No.54,0,,0,0,,0,0,0,karnataka
248127,27034,Kalaburagi City Corporation,55,Kalaburagi (M Corp.) - Ward No.55,0,,0,0,,0,0,0,karnataka
248127,26985,Kalaburagi City Corporation,6,Kalaburagi (M Corp.) - Ward No.6,0,,0,0,,0,0,0,karnataka
248127,26986,Kalaburagi City Corporation,7,Kalaburagi (M Corp.) - Ward No.7,0,,0,0,,0,0,0,karnataka
248127,26987,Kalaburagi City Corporation,8,Kalaburagi (M Corp.) - Ward No.8,0,,0,0,,0,0,0,karnataka
248127,26988,Kalaburagi City Corporation,9,Kalaburagi (M Corp.) - Ward No.9,0,,0,0,,0,0,0,karnataka
296978,2440174,Kalagi,1,Kalagi-01,0,,0,0,,0,0,0,karnataka
296978,2440175,Kalagi,2,Kalagi-02,0,,0,0,,0,0,0,karnataka
296978,2440176,Kalagi,3,Kalagi-03,0,,0,0,,0,0,0,karnataka
296978,2440177,Kalagi,4,Kalagi-04,0,,0,0,,0,0,0,karnataka
296978,2440178,Kalagi,5,Kalagi-05,0,,0,0,,0,0,0,karnataka
296978,2440179,Kalagi,6,Kalagi-06,0,,0,0,,0,0,0,karnataka
296978,2440180,Kalagi,7,Kalagi-07,0,,0,0,,0,0,0,karnataka
296978,2440181,Kalagi,8,Kalagi-08,0,,0,0,,0,0,0,karnataka
296978,2440182,Kalagi,9,Kalagi-09,0,,0,0,,0,0,0,karnataka
296978,2440183,Kalagi,10,Kalagi-10,0,,0,0,,0,0,0,karnataka
296978,2440184,Kalagi,11,Kalagi-11,0,,0,0,,0,0,0,karnataka
251897,28144,Kalghatgi,1,Kalghatgi (TP) - Ward No.1,0,,0,0,,0,0,0,karnataka
251897,923400,Kalghatgi,10,Kalghatgi (TP) - Ward No.10,0,,0,0,,0,0,0,karnataka
251897,923401,Kalghatgi,11,Kalghatgi (TP) - Ward No.11,0,,0,0,,0,0,0,karnataka
251897,923402,Kalghatgi,12,Kalghatgi (TP) - Ward No.12,0,,0,0,,0,0,0,karnataka
251897,923403,Kalghatgi,13,Kalghatgi (TP) - Ward No.13,0,,0,0,,0,0,0,karnataka
251897,2443625,Kalghatgi,14,Kalghatgi (TP) - Ward No.14,0,,0,0,,0,0,0,karnataka
251897,2443626,Kalghatgi,15,Kalghatgi (TP) - Ward No.15,0,,0,0,,0,0,0,karnataka
251897,2443627,Kalghatgi,16,Kalghatgi (TP) - Ward No.16,0,,0,0,,0,0,0,karnataka
251897,2443628,Kalghatgi,17,Kalghatgi (TP) - Ward No.17,0,,0,0,,0,0,0,karnataka
251897,28145,Kalghatgi,2,Kalghatgi (TP) - Ward No.2,0,,0,0,,0,0,0,karnataka
251897,28146,Kalghatgi,3,Kalghatgi (TP) - Ward No.3,0,,0,0,,0,0,0,karnataka
251897,28147,Kalghatgi,4,Kalghatgi (TP) - Ward No.4,0,,0,0,,0,0,0,karnataka
251897,28148,Kalghatgi,5,Kalghatgi (TP) - Ward No.5,0,,0,0,,0,0,0,karnataka
251897,923382,Kalghatgi,6,Kalghatgi (TP) - Ward No.6,0,,0,0,,0,0,0,karnataka
251897,923383,Kalghatgi,7,Kalghatgi (TP) - Ward No.7,0,,0,0,,0,0,0,karnataka
251897,923384,Kalghatgi,8,Kalghatgi (TP) - Ward No.8,0,,0,0,,0,0,0,karnataka
251897,923396,Kalghatgi,9,Kalghatgi (TP) - Ward No.9,0,,0,0,,0,0,0,karnataka
276576,1295735,Kallolli,6,Ambedakar Nagar,527,Belagavi,555,5436,Gokak,5436,0,0,karnataka
276576,1295735,Kallolli,6,Ambedakar Nagar,527,Belagavi,555,5436,Gokak,5436,0,0,karnataka
276576,1295736,Kallolli,7,Ambedakar Nagar1,0,,0,0,,0,928227,0,karnataka
276576,1295736,Kallolli,7,Ambedakar Nagar1,0,,0,0,,0,928227,0,karnataka
276576,1295732,Kallolli,3,Angadi Mesti Oni,527,Belagavi,555,5436,Gokak,5436,0,0,karnataka
276576,1295732,Kallolli,3,Angadi Mesti Oni,527,Belagavi,555,5436,Gokak,5436,0,0,karnataka
276576,1295738,Kallolli,9,Basaveshwar Bank Back Side,0,,0,0,,0,928227,0,karnataka
276576,1295738,Kallolli,9,Basaveshwar Bank Back Side,0,,0,0,,0,928227,0,karnataka
276576,1295734,Kallolli,5,Basaveshwar Nagar,527,Belagavi,555,5436,Gokak,5436,0,0,karnataka
276576,1295734,Kallolli,5,Basaveshwar Nagar,527,Belagavi,555,5436,Gokak,5436,0,0,karnataka
276576,1295742,Kallolli,13,Basav Nagar,0,,0,0,,0,928227,0,karnataka
276576,1295742,Kallolli,13,Basav Nagar,0,,0,0,,0,928227,0,karnataka
276576,1295730,Kallolli,1,Ganesh Nagar,0,,0,0,,0,928227,0,karnataka
276576,1295730,Kallolli,1,Ganesh Nagar,0,,0,0,,0,928227,0,karnataka
276576,1295740,Kallolli,11,Goudar Oni,0,,0,0,,0,928227,0,karnataka
276576,1295740,Kallolli,11,Goudar Oni,0,,0,0,,0,928227,0,karnataka
276576,1295741,Kallolli,12,Hanamapur,0,,0,0,,0,928227,0,karnataka
276576,1295741,Kallolli,12,Hanamapur,0,,0,0,,0,928227,0,karnataka
276576,1295744,Kallolli,15,Hanuman Nagar,527,Belagavi,555,5436,Gokak,5436,0,0,karnataka
276576,1295744,Kallolli,15,Hanuman Nagar,527,Belagavi,555,5436,Gokak,5436,0,0,karnataka
276576,1295731,Kallolli,2,Indraveni Nagar,0,,0,0,,0,928227,0,karnataka
276576,1295731,Kallolli,2,Indraveni Nagar,0,,0,0,,0,928227,0,karnataka
276576,1295739,Kallolli,10,Kurabet Thot,527,Belagavi,555,5436,Gokak,5436,0,0,karnataka
276576,1295739,Kallolli,10,Kurabet Thot,527,Belagavi,555,5436,Gokak,5436,0,0,karnataka
276576,1295745,Kallolli,16,Laxmi Nagar,527,Belagavi,555,5436,Gokak,5436,0,0,karnataka
276576,1295745,Kallolli,16,Laxmi Nagar,527,Belagavi,555,5436,Gokak,5436,0,0,karnataka
276576,1295743,Kallolli,14,Pattan Panchayat Back Side,527,Belagavi,555,5436,Gokak,5436,0,0,karnataka
276576,1295743,Kallolli,14,Pattan Panchayat Back Side,527,Belagavi,555,5436,Gokak,5436,0,0,karnataka
276576,1295737,Kallolli,8,Siddarud Nagar,527,Belagavi,555,5436,Gokak,5436,0,0,karnataka
276576,1295737,Kallolli,8,Siddarud Nagar,527,Belagavi,555,5436,Gokak,5436,0,0,karnataka
276576,1295733,Kallolli,4,Sri Ram Nagar,527,Belagavi,555,5436,Gokak,5436,0,0,karnataka
276576,1295733,Kallolli,4,Sri Ram Nagar,527,Belagavi,555,5436,Gokak,5436,0,0,karnataka
276611,2179617,Kamalapura,1,Ward-1,0,,0,0,,0,0,0,karnataka
276611,2179626,Kamalapura,10,Ward-10,0,,0,0,,0,0,0,karnataka
276611,2179627,Kamalapura,11,Ward-11,0,,0,0,,0,0,0,karnataka
276611,2179628,Kamalapura,12,Ward-12,0,,0,0,,0,0,0,karnataka
276611,2179629,Kamalapura,13,Ward-13,0,,0,0,,0,0,0,karnataka
276611,2179630,Kamalapura,14,Ward-14,0,,0,0,,0,0,0,karnataka
276611,2179631,Kamalapura,15,Ward-15,0,,0,0,,0,0,0,karnataka
276611,2179632,Kamalapura,16,Ward-16,0,,0,0,,0,0,0,karnataka
276611,2179633,Kamalapura,17,Ward-17,0,,0,0,,0,0,0,karnataka
276611,2179634,Kamalapura,18,Ward-18,0,,0,0,,0,0,0,karnataka
276611,2179635,Kamalapura,19,Ward-19,0,,0,0,,0,0,0,karnataka
276611,2179618,Kamalapura,2,Ward-2,0,,0,0,,0,0,0,karnataka
276611,2179636,Kamalapura,20,Ward-20,0,,0,0,,0,0,0,karnataka
276611,2179619,Kamalapura,3,Ward-3,0,,0,0,,0,0,0,karnataka
276611,2179620,Kamalapura,4,Ward-4,0,,0,0,,0,0,0,karnataka
276611,2179621,Kamalapura,5,Ward-5,0,,0,0,,0,0,0,karnataka
276611,2179622,Kamalapura,6,Ward-6,0,,0,0,,0,0,0,karnataka
276611,2179623,Kamalapura,7,Ward-7,0,,0,0,,0,0,0,karnataka
276611,2179624,Kamalapura,8,Ward-8,0,,0,0,,0,0,0,karnataka
276611,2179625,Kamalapura,9,Ward-9,0,,0,0,,0,0,0,karnataka
301080,3068764,Kamalapura Kalburgi,1,ward1,0,,0,0,,0,0,0,karnataka
301080,3287829,Kamalapura Kalburgi,10,Ward No.10,0,,0,0,,0,0,0,karnataka
301080,3287830,Kamalapura Kalburgi,11,Ward No.11,0,,0,0,,0,0,0,karnataka
301080,3287831,Kamalapura Kalburgi,12,Ward No.12,0,,0,0,,0,0,0,karnataka
301080,3287821,Kamalapura Kalburgi,2,Ward No.2,0,,0,0,,0,0,0,karnataka
301080,3287822,Kamalapura Kalburgi,3,Ward No.3,0,,0,0,,0,0,0,karnataka
301080,3287823,Kamalapura Kalburgi,4,Ward No.4,0,,0,0,,0,0,0,karnataka
301080,3287824,Kamalapura Kalburgi,5,Ward No.5,0,,0,0,,0,0,0,karnataka
301080,3287825,Kamalapura Kalburgi,6,Ward No.6,0,,0,0,,0,0,0,karnataka
301080,3287826,Kamalapura Kalburgi,7,Ward No.7,0,,0,0,,0,0,0,karnataka
301080,3287827,Kamalapura Kalburgi,8,Ward No.8,0,,0,0,,0,0,0,karnataka
301080,3287828,Kamalapura Kalburgi,9,Ward No.9,0,,0,0,,0,0,0,karnataka
301079,3068519,Kamatagi,1,Ward 1,0,,0,0,,0,0,0,karnataka
301079,3068528,Kamatagi,10,Ward 10,0,,0,0,,0,0,0,karnataka
301079,3068529,Kamatagi,11,Ward 11,0,,0,0,,0,0,0,karnataka
301079,3068530,Kamatagi,12,Ward 12,0,,0,0,,0,0,0,karnataka
301079,3068531,Kamatagi,13,Ward 13,0,,0,0,,0,0,0,karnataka
301079,3068532,Kamatagi,14,Ward 14,0,,0,0,,0,0,0,karnataka
301079,3068533,Kamatagi,15,Ward 15,0,,0,0,,0,0,0,karnataka
301079,3068534,Kamatagi,16,Ward 16,0,,0,0,,0,0,0,karnataka
301079,3068520,Kamatagi,2,Ward 2,0,,0,0,,0,0,0,karnataka
301079,3068521,Kamatagi,3,Ward 3,0,,0,0,,0,0,0,karnataka
301079,3068522,Kamatagi,4,Ward 4,0,,0,0,,0,0,0,karnataka
301079,3068523,Kamatagi,5,Ward 5,0,,0,0,,0,0,0,karnataka
301079,3068524,Kamatagi,6,Ward 6,0,,0,0,,0,0,0,karnataka
301079,3068525,Kamatagi,7,Ward 7,0,,0,0,,0,0,0,karnataka
301079,3068526,Kamatagi,8,Ward 8,0,,0,0,,0,0,0,karnataka
301079,3068527,Kamatagi,9,Ward 9,0,,0,0,,0,0,0,karnataka
251924,61299,Kampli,1,Kampli (TMC) - Ward No.1,0,,0,0,,0,0,0,karnataka
251924,61308,Kampli,10,Kampli (TMC) - Ward No.10,0,,0,0,,0,0,0,karnataka
251924,61309,Kampli,11,Kampli (TMC) - Ward No.11,0,,0,0,,0,0,0,karnataka
251924,61310,Kampli,12,Kampli (TMC) - Ward No.12,0,,0,0,,0,0,0,karnataka
251924,61311,Kampli,13,Kampli (TMC) - Ward No.13,0,,0,0,,0,0,0,karnataka
251924,61312,Kampli,14,Kampli (TMC) - Ward No.14,0,,0,0,,0,0,0,karnataka
251924,61313,Kampli,15,Kampli (TMC) - Ward No.15,0,,0,0,,0,0,0,karnataka
251924,61314,Kampli,16,Kampli (TMC) - Ward No.16,0,,0,0,,0,0,0,karnataka
251924,61315,Kampli,17,Kampli (TMC) - Ward No.17,0,,0,0,,0,0,0,karnataka
251924,61316,Kampli,18,Kampli (TMC) - Ward No.18,0,,0,0,,0,0,0,karnataka
251924,61317,Kampli,19,Kampli (TMC) - Ward No.19,0,,0,0,,0,0,0,karnataka
251924,61300,Kampli,2,Kampli (TMC) - Ward No.2,0,,0,0,,0,0,0,karnataka
251924,61318,Kampli,20,Kampli (TMC) - Ward No.20,0,,0,0,,0,0,0,karnataka
251924,61319,Kampli,21,Kampli (TMC) - Ward No.21,0,,0,0,,0,0,0,karnataka
251924,61320,Kampli,22,Kampli (TMC) - Ward No.22,0,,0,0,,0,0,0,karnataka
251924,61321,Kampli,23,Kampli (TMC) - Ward No.23,0,,0,0,,0,0,0,karnataka
251924,61301,Kampli,3,Kampli (TMC) - Ward No.3,0,,0,0,,0,0,0,karnataka
251924,61302,Kampli,4,Kampli (TMC) - Ward No.4,0,,0,0,,0,0,0,karnataka
251924,61303,Kampli,5,Kampli (TMC) - Ward No.5,0,,0,0,,0,0,0,karnataka
251924,61304,Kampli,6,Kampli (TMC) - Ward No.6,0,,0,0,,0,0,0,karnataka
251924,61305,Kampli,7,Kampli (TMC) - Ward No.7,0,,0,0,,0,0,0,karnataka
251924,61306,Kampli,8,Kampli (TMC) - Ward No.8,0,,0,0,,0,0,0,karnataka
251924,61307,Kampli,9,Kampli (TMC) - Ward No.9,0,,0,0,,0,0,0,karnataka
276599,1296272,Kanakgiri,1,Ward-1,543,Koppal,560,5466,Gangawati,5466,0,0,karnataka
276599,1296272,Kanakgiri,1,Ward-1,543,Koppal,560,5466,Gangawati,5466,0,0,karnataka
276599,1296281,Kanakgiri,10,Ward-10,543,Koppal,560,5466,Gangawati,5466,0,0,karnataka
276599,1296281,Kanakgiri,10,Ward-10,543,Koppal,560,5466,Gangawati,5466,0,0,karnataka
276599,1296282,Kanakgiri,11,Ward-11,543,Koppal,560,5466,Gangawati,5466,0,0,karnataka
276599,1296282,Kanakgiri,11,Ward-11,543,Koppal,560,5466,Gangawati,5466,0,0,karnataka
276599,1296283,Kanakgiri,12,Ward-12,0,,0,0,,0,928458,0,karnataka
276599,1296283,Kanakgiri,12,Ward-12,0,,0,0,,0,928458,0,karnataka
276599,1296284,Kanakgiri,13,Ward-13,0,,0,0,,0,928458,0,karnataka
276599,1296284,Kanakgiri,13,Ward-13,0,,0,0,,0,928458,0,karnataka
276599,1296285,Kanakgiri,14,Ward-14,0,,0,0,,0,0,0,karnataka
276599,1296286,Kanakgiri,15,Ward-15,0,,0,0,,0,928458,0,karnataka
276599,1296286,Kanakgiri,15,Ward-15,0,,0,0,,0,928458,0,karnataka
276599,1296287,Kanakgiri,16,Ward-16,543,Koppal,560,5466,Gangawati,5466,0,0,karnataka
276599,1296287,Kanakgiri,16,Ward-16,543,Koppal,560,5466,Gangawati,5466,0,0,karnataka
276599,1296288,Kanakgiri,17,Ward-17,543,Koppal,560,5466,Gangawati,5466,0,0,karnataka
276599,1296288,Kanakgiri,17,Ward-17,543,Koppal,560,5466,Gangawati,5466,0,0,karnataka
276599,1296273,Kanakgiri,2,Ward-2,0,,0,0,,0,928458,0,karnataka
276599,1296273,Kanakgiri,2,Ward-2,0,,0,0,,0,928458,0,karnataka
276599,1296274,Kanakgiri,3,Ward-3,0,,0,0,,0,928458,0,karnataka
276599,1296274,Kanakgiri,3,Ward-3,0,,0,0,,0,928458,0,karnataka
276599,1296275,Kanakgiri,4,Ward-4,543,Koppal,560,5466,Gangawati,5466,0,0,karnataka
276599,1296275,Kanakgiri,4,Ward-4,543,Koppal,560,5466,Gangawati,5466,0,0,karnataka
276599,1296276,Kanakgiri,5,Ward-5,543,Koppal,560,5466,Gangawati,5466,0,0,karnataka
276599,1296276,Kanakgiri,5,Ward-5,543,Koppal,560,5466,Gangawati,5466,0,0,karnataka
276599,1296277,Kanakgiri,6,Ward-6,543,Koppal,560,5466,Gangawati,5466,0,0,karnataka
276599,1296277,Kanakgiri,6,Ward-6,543,Koppal,560,5466,Gangawati,5466,0,0,karnataka
276599,1296278,Kanakgiri,7,Ward-7,0,,0,0,,0,928458,0,karnataka
276599,1296278,Kanakgiri,7,Ward-7,0,,0,0,,0,928458,0,karnataka
276599,1296279,Kanakgiri,8,Ward-8,0,,0,0,,0,0,0,karnataka
276599,1296280,Kanakgiri,9,Ward-9,0,,0,0,,0,928458,0,karnataka
276599,1296280,Kanakgiri,9,Ward-9,0,,0,0,,0,928458,0,karnataka
253188,3046909,Kanakpura,1,Ward 1,0,,0,0,,0,0,0,karnataka
253188,3046918,Kanakpura,10,Ward 10,0,,0,0,,0,0,0,karnataka
253188,3046919,Kanakpura,11,Ward 11,0,,0,0,,0,0,0,karnataka
253188,3046920,Kanakpura,12,Ward 12,0,,0,0,,0,0,0,karnataka
253188,3046921,Kanakpura,13,Ward 13,0,,0,0,,0,0,0,karnataka
253188,3046922,Kanakpura,14,Ward 14,0,,0,0,,0,0,0,karnataka
253188,3046923,Kanakpura,15,Ward 15,0,,0,0,,0,0,0,karnataka
253188,3046924,Kanakpura,16,Ward 16,0,,0,0,,0,0,0,karnataka
253188,3046925,Kanakpura,17,Ward 17,0,,0,0,,0,0,0,karnataka
253188,3046926,Kanakpura,18,Ward 18,0,,0,0,,0,0,0,karnataka
253188,3046927,Kanakpura,19,Ward 19,0,,0,0,,0,0,0,karnataka
253188,3046910,Kanakpura,2,Ward 2,0,,0,0,,0,0,0,karnataka
253188,3046928,Kanakpura,20,Ward 20,0,,0,0,,0,0,0,karnataka
253188,3046929,Kanakpura,21,Ward 21,0,,0,0,,0,0,0,karnataka
253188,3046930,Kanakpura,22,Ward 22,0,,0,0,,0,0,0,karnataka
253188,3046931,Kanakpura,23,Ward 23,0,,0,0,,0,0,0,karnataka
253188,3046932,Kanakpura,24,Ward 24,0,,0,0,,0,0,0,karnataka
253188,3046933,Kanakpura,25,Ward 25,0,,0,0,,0,0,0,karnataka
253188,3046934,Kanakpura,26,Ward 26,0,,0,0,,0,0,0,karnataka
253188,3046935,Kanakpura,27,Ward 27,0,,0,0,,0,0,0,karnataka
253188,3046936,Kanakpura,28,Ward 28,0,,0,0,,0,0,0,karnataka
253188,3046937,Kanakpura,29,Ward 29,0,,0,0,,0,0,0,karnataka
253188,3046911,Kanakpura,3,Ward 3,0,,0,0,,0,0,0,karnataka
253188,3046938,Kanakpura,30,Ward 30,0,,0,0,,0,0,0,karnataka
253188,3046939,Kanakpura,31,Ward 31,0,,0,0,,0,0,0,karnataka
253188,3046912,Kanakpura,4,Ward 4,0,,0,0,,0,0,0,karnataka
253188,3046913,Kanakpura,5,Ward 5,0,,0,0,,0,0,0,karnataka
253188,3046914,Kanakpura,6,Ward 6,0,,0,0,,0,0,0,karnataka
253188,3046915,Kanakpura,7,Ward 7,0,,0,0,,0,0,0,karnataka
253188,3046916,Kanakpura,8,Ward 8,0,,0,0,,0,0,0,karnataka
253188,3046917,Kanakpura,9,Ward 9,0,,0,0,,0,0,0,karnataka
276567,1295747,Kankanavadi,2,Bajarangi Nagar,0,,0,0,,0,929126,0,karnataka
276567,1295747,Kankanavadi,2,Bajarangi Nagar,0,,0,0,,0,929126,0,karnataka
276567,1295751,Kankanavadi,6,Ballari Thot,527,Belagavi,555,5435,Raybag,5435,0,0,karnataka
276567,1295751,Kankanavadi,6,Ballari Thot,527,Belagavi,555,5435,Raybag,5435,0,0,karnataka
276567,1295761,Kankanavadi,16,Baloji Thot,0,,0,0,,0,929126,0,karnataka
276567,1295761,Kankanavadi,16,Baloji Thot,0,,0,0,,0,929126,0,karnataka
276567,1295757,Kankanavadi,12,Banajigol Thot,527,Belagavi,555,5435,Raybag,5435,0,0,karnataka
276567,1295757,Kankanavadi,12,Banajigol Thot,527,Belagavi,555,5435,Raybag,5435,0,0,karnataka
276567,1295749,Kankanavadi,4,Glbc Coloney,527,Belagavi,555,5435,Raybag,5435,0,0,karnataka
276567,1295749,Kankanavadi,4,Glbc Coloney,527,Belagavi,555,5435,Raybag,5435,0,0,karnataka
276567,1295746,Kankanavadi,1,Halasiddeshwar Coloney,527,Belagavi,555,5435,Raybag,5435,0,0,karnataka
276567,1295746,Kankanavadi,1,Halasiddeshwar Coloney,527,Belagavi,555,5435,Raybag,5435,0,0,karnataka
276567,1295750,Kankanavadi,5,Hosur Thot,527,Belagavi,555,5435,Raybag,5435,0,0,karnataka
276567,1295750,Kankanavadi,5,Hosur Thot,527,Belagavi,555,5435,Raybag,5435,0,0,karnataka
276567,1295753,Kankanavadi,8,Hukkeri Thot,527,Belagavi,555,5435,Raybag,5435,0,0,karnataka
276567,1295753,Kankanavadi,8,Hukkeri Thot,527,Belagavi,555,5435,Raybag,5435,0,0,karnataka
276567,1295760,Kankanavadi,15,Jadhav Thot,0,,0,0,,0,929126,0,karnataka
276567,1295760,Kankanavadi,15,Jadhav Thot,0,,0,0,,0,929126,0,karnataka
276567,1295762,Kankanavadi,17,Jali Thot,0,,0,0,,0,929126,0,karnataka
276567,1295762,Kankanavadi,17,Jali Thot,0,,0,0,,0,929126,0,karnataka
276567,1295756,Kankanavadi,11,Koddin Thot,0,,0,0,,0,929126,0,karnataka
276567,1295756,Kankanavadi,11,Koddin Thot,0,,0,0,,0,929126,0,karnataka
276567,1295758,Kankanavadi,13,Maradi Thot,0,,0,0,,0,929126,0,karnataka
276567,1295758,Kankanavadi,13,Maradi Thot,0,,0,0,,0,929126,0,karnataka
276567,1295759,Kankanavadi,14,Musheppagol Thot,527,Belagavi,555,5435,Raybag,5435,0,0,karnataka
276567,1295759,Kankanavadi,14,Musheppagol Thot,527,Belagavi,555,5435,Raybag,5435,0,0,karnataka
276567,1295752,Kankanavadi,7,Nayakawadi Thot,527,Belagavi,555,5435,Raybag,5435,0,0,karnataka
276567,1295752,Kankanavadi,7,Nayakawadi Thot,527,Belagavi,555,5435,Raybag,5435,0,0,karnataka
276567,1295748,Kankanavadi,3,Pandurang Nagar,0,,0,0,,0,929126,0,karnataka
276567,1295748,Kankanavadi,3,Pandurang Nagar,0,,0,0,,0,929126,0,karnataka
276567,1295755,Kankanavadi,10,Sc Coloney,0,,0,0,,0,929126,0,karnataka
276567,1295755,Kankanavadi,10,Sc Coloney,0,,0,0,,0,929126,0,karnataka
276567,1295754,Kankanavadi,9,Ullannavar Thot,527,Belagavi,555,5435,Raybag,5435,0,0,karnataka
276567,1295754,Kankanavadi,9,Ullannavar Thot,527,Belagavi,555,5435,Raybag,5435,0,0,karnataka
301055,3068445,Kapu,1,ward No.1,0,,0,0,,0,0,0,karnataka
301055,3068454,Kapu,10,ward No.10,0,,0,0,,0,0,0,karnataka
301055,3068455,Kapu,11,ward No.11,0,,0,0,,0,0,0,karnataka
301055,3068456,Kapu,12,ward No.12,0,,0,0,,0,0,0,karnataka
301055,3068457,Kapu,13,ward No.13,0,,0,0,,0,0,0,karnataka
301055,3068458,Kapu,14,ward No.14,0,,0,0,,0,0,0,karnataka
301055,3068459,Kapu,15,ward No.15,0,,0,0,,0,0,0,karnataka
301055,3068460,Kapu,16,ward No.16,0,,0,0,,0,0,0,karnataka
301055,3068461,Kapu,17,ward No.17,0,,0,0,,0,0,0,karnataka
301055,3068462,Kapu,18,ward No.18,0,,0,0,,0,0,0,karnataka
301055,3068463,Kapu,19,ward No.19,0,,0,0,,0,0,0,karnataka
301055,3068446,Kapu,2,ward No.2,0,,0,0,,0,0,0,karnataka
301055,3068464,Kapu,20,ward No.20,0,,0,0,,0,0,0,karnataka
301055,3068465,Kapu,21,ward No.21,0,,0,0,,0,0,0,karnataka
301055,3068466,Kapu,22,ward No.22,0,,0,0,,0,0,0,karnataka
301055,3068467,Kapu,23,ward No.23,0,,0,0,,0,0,0,karnataka
301055,3068447,Kapu,3,ward No.3,0,,0,0,,0,0,0,karnataka
301055,3068448,Kapu,4,ward No.4,0,,0,0,,0,0,0,karnataka
301055,3068449,Kapu,5,ward No.5,0,,0,0,,0,0,0,karnataka
301055,3068450,Kapu,6,ward No.6,0,,0,0,,0,0,0,karnataka
301055,3068451,Kapu,7,ward No.7,0,,0,0,,0,0,0,karnataka
301055,3068452,Kapu,8,ward No.8,0,,0,0,,0,0,0,karnataka
301055,3068453,Kapu,9,ward No.9,0,,0,0,,0,0,0,karnataka
276496,1296418,Karatagi,1,Ward-1,0,,0,0,,0,0,0,karnataka
276496,1296427,Karatagi,10,Ward-10,0,,0,0,,0,0,0,karnataka
276496,1296428,Karatagi,11,Ward-11,0,,0,0,,0,0,0,karnataka
276496,1296429,Karatagi,12,Ward-12,0,,0,0,,0,0,0,karnataka
276496,1296430,Karatagi,13,Ward-13,0,,0,0,,0,0,0,karnataka
276496,1296431,Karatagi,14,Ward-14,0,,0,0,,0,0,0,karnataka
276496,1296432,Karatagi,15,Ward-15,0,,0,0,,0,0,0,karnataka
276496,1296433,Karatagi,16,Ward-16,0,,0,0,,0,0,0,karnataka
276496,1296434,Karatagi,17,Ward-17,0,,0,0,,0,0,0,karnataka
276496,1296435,Karatagi,18,Ward-18,0,,0,0,,0,0,0,karnataka
276496,1296436,Karatagi,19,Ward-19,0,,0,0,,0,0,0,karnataka
276496,1296419,Karatagi,2,Ward-2,0,,0,0,,0,0,0,karnataka
276496,1296437,Karatagi,20,Ward-20,0,,0,0,,0,0,0,karnataka
276496,1296438,Karatagi,21,Ward-21,0,,0,0,,0,0,0,karnataka
276496,1296439,Karatagi,22,Ward-22,0,,0,0,,0,0,0,karnataka
276496,1296440,Karatagi,23,Ward-23,0,,0,0,,0,0,0,karnataka
276496,1296420,Karatagi,3,Ward-3,0,,0,0,,0,0,0,karnataka
276496,1296421,Karatagi,4,Ward-4,0,,0,0,,0,0,0,karnataka
276496,1296422,Karatagi,5,Ward-5,0,,0,0,,0,0,0,karnataka
276496,1296423,Karatagi,6,Ward-6,0,,0,0,,0,0,0,karnataka
276496,1296424,Karatagi,7,Ward-7,0,,0,0,,0,0,0,karnataka
276496,1296425,Karatagi,8,Ward-8,0,,0,0,,0,0,0,karnataka
276496,1296426,Karatagi,9,Ward-9,0,,0,0,,0,0,0,karnataka
251958,31789,Karkal,1,Karkal (TMC) - Ward No.1,0,,0,0,,0,0,0,karnataka
251958,1922635,Karkal,10,Karkal (TMC) - Ward No.10,0,,0,0,,0,0,0,karnataka
251958,1922636,Karkal,11,Karkal (TMC) - Ward No.11,0,,0,0,,0,0,0,karnataka
251958,1922637,Karkal,12,Karkal (TMC) - Ward No.12,0,,0,0,,0,0,0,karnataka
251958,1922638,Karkal,13,Karkal (TMC) - Ward No.13,0,,0,0,,0,0,0,karnataka
251958,1922639,Karkal,14,Karkal (TMC) - Ward No.14,0,,0,0,,0,0,0,karnataka
251958,1922640,Karkal,15,Karkal (TMC) - Ward No.15,0,,0,0,,0,0,0,karnataka
251958,1922641,Karkal,16,Karkal (TMC) - Ward No.16,0,,0,0,,0,0,0,karnataka
251958,1922642,Karkal,17,Karkal (TMC) - Ward No.17,0,,0,0,,0,0,0,karnataka
251958,1922643,Karkal,18,Karkal (TMC) - Ward No.18,0,,0,0,,0,0,0,karnataka
251958,1922644,Karkal,19,Karkal (TMC) - Ward No.19,0,,0,0,,0,0,0,karnataka
251958,31790,Karkal,2,Karkal (TMC) - Ward No.2,0,,0,0,,0,0,0,karnataka
251958,1922645,Karkal,20,Karkal (TMC) - Ward No.20,0,,0,0,,0,0,0,karnataka
251958,1922646,Karkal,21,Karkal (TMC) - Ward No.21,0,,0,0,,0,0,0,karnataka
251958,1922647,Karkal,22,Karkal (TMC) - Ward No.22,0,,0,0,,0,0,0,karnataka
251958,1922648,Karkal,23,Karkal (TMC) - Ward No.23,0,,0,0,,0,0,0,karnataka
251958,31791,Karkal,3,Karkal (TMC) - Ward No.3,0,,0,0,,0,0,0,karnataka
251958,31792,Karkal,4,Karkal (TMC) - Ward No.4,0,,0,0,,0,0,0,karnataka
251958,31793,Karkal,5,Karkal (TMC) - Ward No.5,0,,0,0,,0,0,0,karnataka
251958,31794,Karkal,6,Karkal (TMC) - Ward No.6,0,,0,0,,0,0,0,karnataka
251958,1922632,Karkal,7,Karkal (TMC) - Ward No.7,0,,0,0,,0,0,0,karnataka
251958,1922633,Karkal,8,Karkal (TMC) - Ward No.8,0,,0,0,,0,0,0,karnataka
251958,1922634,Karkal,9,Karkal (TMC) - Ward No.9,0,,0,0,,0,0,0,karnataka
251900,28656,Karwar,1,Karwar (Cmc) - Ward No.1,0,,0,0,,0,0,0,karnataka
251900,28665,Karwar,10,Karwar (Cmc) - Ward No.10,0,,0,0,,0,0,0,karnataka
251900,28666,Karwar,11,Karwar (Cmc) - Ward No.11,0,,0,0,,0,0,0,karnataka
251900,28667,Karwar,12,Karwar (Cmc) - Ward No.12,0,,0,0,,0,0,0,karnataka
251900,28668,Karwar,13,Karwar (Cmc) - Ward No.13,0,,0,0,,0,0,0,karnataka
251900,28669,Karwar,14,Karwar (Cmc) - Ward No.14,0,,0,0,,0,0,0,karnataka
251900,28670,Karwar,15,Karwar (Cmc) - Ward No.15,0,,0,0,,0,0,0,karnataka
251900,28671,Karwar,16,Karwar (Cmc) - Ward No.16,0,,0,0,,0,0,0,karnataka
251900,28672,Karwar,17,Karwar (Cmc) - Ward No.17,0,,0,0,,0,0,0,karnataka
251900,28673,Karwar,18,Karwar (Cmc) - Ward No.18,0,,0,0,,0,0,0,karnataka
251900,28674,Karwar,19,Karwar (Cmc) - Ward No.19,0,,0,0,,0,0,0,karnataka
251900,28657,Karwar,2,Karwar (Cmc) - Ward No.2,0,,0,0,,0,0,0,karnataka
251900,28675,Karwar,20,Karwar (Cmc) - Ward No.20,0,,0,0,,0,0,0,karnataka
251900,28676,Karwar,21,Karwar (Cmc) - Ward No.21,0,,0,0,,0,0,0,karnataka
251900,28677,Karwar,22,Karwar (Cmc) - Ward No.22,0,,0,0,,0,0,0,karnataka
251900,28678,Karwar,23,Karwar (Cmc) - Ward No.23,0,,0,0,,0,0,0,karnataka
251900,28679,Karwar,24,Karwar (Cmc) - Ward No.24,0,,0,0,,0,0,0,karnataka
251900,28680,Karwar,25,Karwar (Cmc) - Ward No.25,0,,0,0,,0,0,0,karnataka
251900,28681,Karwar,26,Karwar (Cmc) - Ward No.26,0,,0,0,,0,0,0,karnataka
251900,28682,Karwar,27,Karwar (Cmc) - Ward No.27,0,,0,0,,0,0,0,karnataka
251900,28683,Karwar,28,Karwar (Cmc) - Ward No.28,0,,0,0,,0,0,0,karnataka
251900,28684,Karwar,29,Karwar (Cmc) - Ward No.29,0,,0,0,,0,0,0,karnataka
251900,28658,Karwar,3,Karwar (Cmc) - Ward No.3,0,,0,0,,0,0,0,karnataka
251900,28685,Karwar,30,Karwar (Cmc) - Ward No.30,0,,0,0,,0,0,0,karnataka
251900,28686,Karwar,31,Karwar (Cmc) - Ward No.31,0,,0,0,,0,0,0,karnataka
251900,28659,Karwar,4,Karwar (Cmc) - Ward No.4,0,,0,0,,0,0,0,karnataka
251900,28660,Karwar,5,Karwar (Cmc) - Ward No.5,0,,0,0,,0,0,0,karnataka
251900,28661,Karwar,6,Karwar (Cmc) - Ward No.6,0,,0,0,,0,0,0,karnataka
251900,28662,Karwar,7,Karwar (Cmc) - Ward No.7,0,,0,0,,0,0,0,karnataka
251900,28663,Karwar,8,Karwar (Cmc) - Ward No.8,0,,0,0,,0,0,0,karnataka
251900,28664,Karwar,9,Karwar (Cmc) - Ward No.9,0,,0,0,,0,0,0,karnataka
276522,1293495,Kavital,1,Ward-1,546,Raichur,559,5462,Manvi,5462,0,0,karnataka
276522,1293495,Kavital,1,Ward-1,546,Raichur,559,5462,Manvi,5462,0,0,karnataka
276522,1293504,Kavital,10,Ward-10,546,Raichur,559,5462,Manvi,5462,0,0,karnataka
276522,1293504,Kavital,10,Ward-10,546,Raichur,559,5462,Manvi,5462,0,0,karnataka
276522,1293505,Kavital,11,Ward-11,0,,0,0,,0,928654,0,karnataka
276522,1293505,Kavital,11,Ward-11,0,,0,0,,0,928654,0,karnataka
276522,1293506,Kavital,12,Ward-12,546,Raichur,559,5462,Manvi,5462,0,0,karnataka
276522,1293506,Kavital,12,Ward-12,546,Raichur,559,5462,Manvi,5462,0,0,karnataka
276522,1293507,Kavital,13,Ward-13,546,Raichur,559,5462,Manvi,5462,0,0,karnataka
276522,1293507,Kavital,13,Ward-13,546,Raichur,559,5462,Manvi,5462,0,0,karnataka
276522,1293508,Kavital,14,Ward-14,0,,0,0,,0,928654,0,karnataka
276522,1293508,Kavital,14,Ward-14,0,,0,0,,0,928654,0,karnataka
276522,1293509,Kavital,15,Ward-15,546,Raichur,559,5462,Manvi,5462,0,0,karnataka
276522,1293509,Kavital,15,Ward-15,546,Raichur,559,5462,Manvi,5462,0,0,karnataka
276522,1293510,Kavital,16,Ward-16,0,,0,0,,0,928654,0,karnataka
276522,1293510,Kavital,16,Ward-16,0,,0,0,,0,928654,0,karnataka
276522,1293496,Kavital,2,Ward-2,546,Raichur,559,5462,Manvi,5462,0,0,karnataka
276522,1293496,Kavital,2,Ward-2,546,Raichur,559,5462,Manvi,5462,0,0,karnataka
276522,1293497,Kavital,3,Ward-3,0,,0,0,,0,928654,0,karnataka
276522,1293497,Kavital,3,Ward-3,0,,0,0,,0,928654,0,karnataka
276522,1293498,Kavital,4,Ward-4,0,,0,0,,0,928654,0,karnataka
276522,1293498,Kavital,4,Ward-4,0,,0,0,,0,928654,0,karnataka
276522,1293499,Kavital,5,Ward-5,546,Raichur,559,5462,Manvi,5462,0,0,karnataka
276522,1293499,Kavital,5,Ward-5,546,Raichur,559,5462,Manvi,5462,0,0,karnataka
276522,1293500,Kavital,6,Ward-6,0,,0,0,,0,928654,0,karnataka
276522,1293500,Kavital,6,Ward-6,0,,0,0,,0,928654,0,karnataka
276522,1293501,Kavital,7,Ward-7,546,Raichur,559,5462,Manvi,5462,0,0,karnataka
276522,1293501,Kavital,7,Ward-7,546,Raichur,559,5462,Manvi,5462,0,0,karnataka
276522,1293502,Kavital,8,Ward-8,0,,0,0,,0,928654,0,karnataka
276522,1293502,Kavital,8,Ward-8,0,,0,0,,0,928654,0,karnataka
276522,1293503,Kavital,9,Ward-9,546,Raichur,559,5462,Manvi,5462,0,0,karnataka
276522,1293503,Kavital,9,Ward-9,546,Raichur,559,5462,Manvi,5462,0,0,karnataka
276516,1296410,Kembhavi,16,Ashray Calony (Dr.B.R.Ambedkar Nagar),0,,0,0,,0,928635,0,karnataka
276516,1296410,Kembhavi,16,Ashray Calony (Dr.B.R.Ambedkar Nagar),0,,0,0,,0,928635,0,karnataka
276516,1296398,Kembhavi,4,Diggavi Oni,0,,0,0,,0,928635,0,karnataka
276516,1296398,Kembhavi,4,Diggavi Oni,0,,0,0,,0,928635,0,karnataka
276516,1296405,Kembhavi,11,Goudar Oni,0,,0,0,,0,928635,0,karnataka
276516,1296405,Kembhavi,11,Goudar Oni,0,,0,0,,0,928635,0,karnataka
276516,1296409,Kembhavi,15,Hiltop Calony,635,Yadgir,580,5587,Shorapur,5587,0,0,karnataka
276516,1296409,Kembhavi,15,Hiltop Calony,635,Yadgir,580,5587,Shorapur,5587,0,0,karnataka
276516,1296406,Kembhavi,12,Kelageri,0,,0,0,,0,928635,0,karnataka
276516,1296406,Kembhavi,12,Kelageri,0,,0,0,,0,928635,0,karnataka
276516,1296395,Kembhavi,1,Kencahamma Gudi Area,635,Yadgir,580,5587,Shorapur,5587,0,0,karnataka
276516,1296395,Kembhavi,1,Kencahamma Gudi Area,635,Yadgir,580,5587,Shorapur,5587,0,0,karnataka
276516,1296417,Kembhavi,23,Kencahamma Gudi Area (Parasanahalli-3),0,,0,0,,0,928635,0,karnataka
276516,1296417,Kembhavi,23,Kencahamma Gudi Area (Parasanahalli-3),0,,0,0,,0,928635,0,karnataka
276516,1296403,Kembhavi,9,Khaji Oni,0,,0,0,,0,928635,0,karnataka
276516,1296403,Kembhavi,9,Khaji Oni,0,,0,0,,0,928635,0,karnataka
276516,1296407,Kembhavi,13,Kumbar Oni,635,Yadgir,580,5587,Shorapur,5587,0,0,karnataka
276516,1296407,Kembhavi,13,Kumbar Oni,635,Yadgir,580,5587,Shorapur,5587,0,0,karnataka
276516,1296416,Kembhavi,22,Laxmi Gudi Area (Parsanahalli-2),0,,0,0,,0,928635,0,karnataka
276516,1296416,Kembhavi,22,Laxmi Gudi Area (Parsanahalli-2),0,,0,0,,0,928635,0,karnataka
276516,1296404,Kembhavi,10,Mallayya Gudi Area,635,Yadgir,580,5587,Shorapur,5587,0,0,karnataka
276516,1296404,Kembhavi,10,Mallayya Gudi Area,635,Yadgir,580,5587,Shorapur,5587,0,0,karnataka
276516,1296408,Kembhavi,14,Myageri,635,Yadgir,580,5587,Shorapur,5587,0,0,karnataka
276516,1296408,Kembhavi,14,Myageri,635,Yadgir,580,5587,Shorapur,5587,0,0,karnataka
276516,1296400,Kembhavi,6,Nadagouda Area,0,,0,0,,0,928635,0,karnataka
276516,1296400,Kembhavi,6,Nadagouda Area,0,,0,0,,0,928635,0,karnataka
276516,1296396,Kembhavi,2,Palkamma Gudi Area,0,,0,0,,0,928635,0,karnataka
276516,1296396,Kembhavi,2,Palkamma Gudi Area,0,,0,0,,0,928635,0,karnataka
276516,1296414,Kembhavi,20,Pattepur,635,Yadgir,580,5587,Shorapur,5587,0,0,karnataka
276516,1296414,Kembhavi,20,Pattepur,635,Yadgir,580,5587,Shorapur,5587,0,0,karnataka
276516,1296401,Kembhavi,7,Raghavendra Calony,0,,0,0,,0,928635,0,karnataka
276516,1296401,Kembhavi,7,Raghavendra Calony,0,,0,0,,0,928635,0,karnataka
276516,1296412,Kembhavi,18,Sanjivanagar-1,0,,0,0,,0,928635,0,karnataka
276516,1296412,Kembhavi,18,Sanjivanagar-1,0,,0,0,,0,928635,0,karnataka
276516,1296411,Kembhavi,17,Sanjivanagar-2,0,,0,0,,0,928635,0,karnataka
276516,1296411,Kembhavi,17,Sanjivanagar-2,0,,0,0,,0,928635,0,karnataka
276516,1296413,Kembhavi,19,Sayinagar Area,0,,0,0,,0,928635,0,karnataka
276516,1296413,Kembhavi,19,Sayinagar Area,0,,0,0,,0,928635,0,karnataka
276516,1296397,Kembhavi,3,Sbc Camp Area,0,,0,0,,0,928635,0,karnataka
276516,1296397,Kembhavi,3,Sbc Camp Area,0,,0,0,,0,928635,0,karnataka
276516,1296399,Kembhavi,5,Sonnad Area,0,,0,0,,0,928635,0,karnataka
276516,1296399,Kembhavi,5,Sonnad Area,0,,0,0,,0,928635,0,karnataka
276516,1296415,Kembhavi,21,Vara Halleraya Badavane (Parasanahalli-1),0,,0,0,,0,928635,0,karnataka
276516,1296415,Kembhavi,21,Vara Halleraya Badavane (Parasanahalli-1),0,,0,0,,0,928635,0,karnataka
276516,1296402,Kembhavi,8,Zanda Katti,635,Yadgir,580,5587,Shorapur,5587,0,0,karnataka
276516,1296402,Kembhavi,8,Zanda Katti,635,Yadgir,580,5587,Shorapur,5587,0,0,karnataka
251836,63244,Kerur,1,Kerur (TP) - Ward No.1,0,,0,0,,0,0,0,karnataka
251836,63434,Kerur,10,Kerur (TP) - Ward No.10,0,,0,0,,0,0,0,karnataka
251836,63435,Kerur,11,Kerur (TP) - Ward No.11,0,,0,0,,0,0,0,karnataka
251836,63436,Kerur,12,Kerur (TP) - Ward No.12,0,,0,0,,0,0,0,karnataka
251836,63437,Kerur,13,Kerur (TP) - Ward No.13,0,,0,0,,0,0,0,karnataka
251836,63438,Kerur,14,Kerur (TP) - Ward No.14,0,,0,0,,0,0,0,karnataka
251836,63439,Kerur,15,Kerur (TP) - Ward No.15,0,,0,0,,0,0,0,karnataka
251836,63440,Kerur,16,Kerur (TP) - Ward No.16,0,,0,0,,0,0,0,karnataka
251836,1722549,Kerur,17,Kerur (TP) -Ward No.17,0,,0,0,,0,0,0,karnataka
251836,1722550,Kerur,18,Kerur (TP) -Ward No.18,0,,0,0,,0,0,0,karnataka
251836,1722551,Kerur,19,Kerur (TP) -Ward No.19,0,,0,0,,0,0,0,karnataka
251836,63245,Kerur,2,Kerur (TP) - Ward No.2,0,,0,0,,0,0,0,karnataka
251836,1722552,Kerur,20,Kerur (TP) -Ward No.20,0,,0,0,,0,0,0,karnataka
251836,63427,Kerur,3,Kerur (TP) - Ward No.3,0,,0,0,,0,0,0,karnataka
251836,63428,Kerur,4,Kerur (TP) - Ward No.4,0,,0,0,,0,0,0,karnataka
251836,63429,Kerur,5,Kerur (TP) - Ward No.5,0,,0,0,,0,0,0,karnataka
251836,63430,Kerur,6,Kerur (TP) - Ward No.6,0,,0,0,,0,0,0,karnataka
251836,63431,Kerur,7,Kerur (TP) - Ward No.7,0,,0,0,,0,0,0,karnataka
251836,63432,Kerur,8,Kerur (TP) - Ward No.8,0,,0,0,,0,0,0,karnataka
251836,63433,Kerur,9,Kerur (TP) - Ward No.9,0,,0,0,,0,0,0,karnataka
251825,25642,Khanapur,1,Khanapur (TP) - Ward No.1,0,,0,0,,0,0,0,karnataka
251825,25651,Khanapur,10,Khanapur (TP) - Ward No.10,0,,0,0,,0,0,0,karnataka
251825,25652,Khanapur,11,Khanapur (TP) - Ward No.11,0,,0,0,,0,0,0,karnataka
251825,25653,Khanapur,12,Khanapur (TP) - Ward No.12,0,,0,0,,0,0,0,karnataka
251825,25654,Khanapur,13,Khanapur (TP) - Ward No.13,0,,0,0,,0,0,0,karnataka
251825,25655,Khanapur,14,Khanapur (TP) - Ward No.14,0,,0,0,,0,0,0,karnataka
251825,25656,Khanapur,15,Khanapur (TP) - Ward No.15,0,,0,0,,0,0,0,karnataka
251825,923215,Khanapur,16,Khanapur (TP) - Ward No 16,0,,0,0,,0,0,0,karnataka
251825,25643,Khanapur,2,Khanapur (TP) - Ward No.2,0,,0,0,,0,0,0,karnataka
251825,25644,Khanapur,3,Khanapur (TP) - Ward No.3,0,,0,0,,0,0,0,karnataka
251825,25645,Khanapur,4,Khanapur (TP) - Ward No.4,0,,0,0,,0,0,0,karnataka
251825,25646,Khanapur,5,Khanapur (TP) - Ward No.5,0,,0,0,,0,0,0,karnataka
251825,25647,Khanapur,6,Khanapur (TP) - Ward No.6,0,,0,0,,0,0,0,karnataka
251825,25648,Khanapur,7,Khanapur (TP) - Ward No.7,0,,0,0,,0,0,0,karnataka
251825,25649,Khanapur,8,Khanapur (TP) - Ward No.8,0,,0,0,,0,0,0,karnataka
251825,25650,Khanapur,9,Khanapur (TP) - Ward No.9,0,,0,0,,0,0,0,karnataka
251825,2440116,Khanapur,17,Ward-17,0,,0,0,,0,0,0,karnataka
251825,2440117,Khanapur,18,Ward-18,0,,0,0,,0,0,0,karnataka
251825,2440118,Khanapur,19,Ward-19,0,,0,0,,0,0,0,karnataka
251825,2440119,Khanapur,20,Ward-20,0,,0,0,,0,0,0,karnataka
299321,3046845,Kinnigoli,1,Ward 1,0,,0,0,,0,0,0,karnataka
299321,3046854,Kinnigoli,10,Ward 10,0,,0,0,,0,0,0,karnataka
299321,3046855,Kinnigoli,11,Ward 11,0,,0,0,,0,0,0,karnataka
299321,3046856,Kinnigoli,12,Ward 12,0,,0,0,,0,0,0,karnataka
299321,3046857,Kinnigoli,13,Ward 13,0,,0,0,,0,0,0,karnataka
299321,3046858,Kinnigoli,14,Ward 14,0,,0,0,,0,0,0,karnataka
299321,3046859,Kinnigoli,15,Ward 15,0,,0,0,,0,0,0,karnataka
299321,3046860,Kinnigoli,16,Ward 16,0,,0,0,,0,0,0,karnataka
299321,3046861,Kinnigoli,17,Ward 17,0,,0,0,,0,0,0,karnataka
299321,3046862,Kinnigoli,18,Ward 18,0,,0,0,,0,0,0,karnataka
299321,3046846,Kinnigoli,2,Ward 2,0,,0,0,,0,0,0,karnataka
299321,3046847,Kinnigoli,3,Ward 3,0,,0,0,,0,0,0,karnataka
299321,3046848,Kinnigoli,4,Ward 4,0,,0,0,,0,0,0,karnataka
299321,3046849,Kinnigoli,5,Ward 5,0,,0,0,,0,0,0,karnataka
299321,3046850,Kinnigoli,6,Ward 6,0,,0,0,,0,0,0,karnataka
299321,3046851,Kinnigoli,7,Ward 7,0,,0,0,,0,0,0,karnataka
299321,3046852,Kinnigoli,8,Ward 8,0,,0,0,,0,0,0,karnataka
299321,3046853,Kinnigoli,9,Ward 9,0,,0,0,,0,0,0,karnataka
251985,64956,Kolar,1,Kolar (Cmc) - Ward No.1,0,,0,0,,0,0,0,karnataka
251985,64965,Kolar,10,Kolar (Cmc) - Ward No.10,0,,0,0,,0,0,0,karnataka
251985,64966,Kolar,11,Kolar (Cmc) - Ward No.11,0,,0,0,,0,0,0,karnataka
251985,64967,Kolar,12,Kolar (Cmc) - Ward No.12,0,,0,0,,0,0,0,karnataka
251985,64968,Kolar,13,Kolar (Cmc) - Ward No.13,0,,0,0,,0,0,0,karnataka
251985,64969,Kolar,14,Kolar (Cmc) - Ward No.14,0,,0,0,,0,0,0,karnataka
251985,64970,Kolar,15,Kolar (Cmc) - Ward No.15,0,,0,0,,0,0,0,karnataka
251985,64971,Kolar,16,Kolar (Cmc) - Ward No.16,0,,0,0,,0,0,0,karnataka
251985,64972,Kolar,17,Kolar (Cmc) - Ward No.17,0,,0,0,,0,0,0,karnataka
251985,64973,Kolar,18,Kolar (Cmc) - Ward No.18,0,,0,0,,0,0,0,karnataka
251985,64974,Kolar,19,Kolar (Cmc) - Ward No.19,0,,0,0,,0,0,0,karnataka
251985,64957,Kolar,2,Kolar (Cmc) - Ward No.2,0,,0,0,,0,0,0,karnataka
251985,64975,Kolar,20,Kolar (Cmc) - Ward No.20,0,,0,0,,0,0,0,karnataka
251985,64976,Kolar,21,Kolar (Cmc) - Ward No.21,0,,0,0,,0,0,0,karnataka
251985,64977,Kolar,22,Kolar (Cmc) - Ward No.22,0,,0,0,,0,0,0,karnataka
251985,64978,Kolar,23,Kolar (Cmc) - Ward No.23,0,,0,0,,0,0,0,karnataka
251985,64979,Kolar,24,Kolar (Cmc) - Ward No.24,0,,0,0,,0,0,0,karnataka
251985,65072,Kolar,25,Kolar (Cmc) - Ward No.25,0,,0,0,,0,0,0,karnataka
251985,65073,Kolar,26,Kolar (Cmc) - Ward No.26,0,,0,0,,0,0,0,karnataka
251985,65074,Kolar,27,Kolar (Cmc) - Ward No.27,0,,0,0,,0,0,0,karnataka
251985,65075,Kolar,28,Kolar (Cmc) - Ward No.28,0,,0,0,,0,0,0,karnataka
251985,65076,Kolar,29,Kolar (Cmc) - Ward No.29,0,,0,0,,0,0,0,karnataka
251985,64958,Kolar,3,Kolar (Cmc) - Ward No.3,0,,0,0,,0,0,0,karnataka
251985,65077,Kolar,30,Kolar (Cmc) - Ward No.30,0,,0,0,,0,0,0,karnataka
251985,65078,Kolar,31,Kolar (Cmc) - Ward No.31,0,,0,0,,0,0,0,karnataka
251985,1890534,Kolar,32,Kolar (Cmc) - Ward No.32,0,,0,0,,0,0,0,karnataka
251985,1890535,Kolar,33,Kolar (Cmc) - Ward No.33,0,,0,0,,0,0,0,karnataka
251985,1890536,Kolar,34,Kolar (Cmc) - Ward No.34,0,,0,0,,0,0,0,karnataka
251985,1890537,Kolar,35,Kolar (Cmc) - Ward No.35,0,,0,0,,0,0,0,karnataka
251985,64959,Kolar,4,Kolar (Cmc) - Ward No.4,0,,0,0,,0,0,0,karnataka
251985,64960,Kolar,5,Kolar (Cmc) - Ward No.5,0,,0,0,,0,0,0,karnataka
251985,64961,Kolar,6,Kolar (Cmc) - Ward No.6,0,,0,0,,0,0,0,karnataka
251985,64962,Kolar,7,Kolar (Cmc) - Ward No.7,0,,0,0,,0,0,0,karnataka
251985,64963,Kolar,8,Kolar (Cmc) - Ward No.8,0,,0,0,,0,0,0,karnataka
251985,64964,Kolar,9,Kolar (Cmc) - Ward No.9,0,,0,0,,0,0,0,karnataka
276543,1295875,Kolhara,1,Ward-1,0,,0,0,,0,928552,0,karnataka
276543,1295875,Kolhara,1,Ward-1,0,,0,0,,0,928552,0,karnataka
276543,1295884,Kolhara,10,Ward-10,0,,0,0,,0,928552,0,karnataka
276543,1295884,Kolhara,10,Ward-10,0,,0,0,,0,928552,0,karnataka
276543,1295885,Kolhara,11,Ward-11,0,,0,0,,0,928552,0,karnataka
276543,1295885,Kolhara,11,Ward-11,0,,0,0,,0,928552,0,karnataka
276543,1295886,Kolhara,12,Ward-12,530,Vijayapura,557,5452,Basavana Bagevadi,5452,0,0,karnataka
276543,1295886,Kolhara,12,Ward-12,530,Vijayapura,557,5452,Basavana Bagevadi,5452,0,0,karnataka
276543,1295887,Kolhara,13,Ward-13,530,Vijayapura,557,5452,Basavana Bagevadi,5452,0,0,karnataka
276543,1295887,Kolhara,13,Ward-13,530,Vijayapura,557,5452,Basavana Bagevadi,5452,0,0,karnataka
276543,1295888,Kolhara,14,Ward-14,0,,0,0,,0,928552,0,karnataka
276543,1295888,Kolhara,14,Ward-14,0,,0,0,,0,928552,0,karnataka
276543,1295889,Kolhara,15,Ward-15,530,Vijayapura,557,5452,Basavana Bagevadi,5452,0,0,karnataka
276543,1295889,Kolhara,15,Ward-15,530,Vijayapura,557,5452,Basavana Bagevadi,5452,0,0,karnataka
276543,1295890,Kolhara,16,Ward-16,530,Vijayapura,557,5452,Basavana Bagevadi,5452,0,0,karnataka
276543,1295890,Kolhara,16,Ward-16,530,Vijayapura,557,5452,Basavana Bagevadi,5452,0,0,karnataka
276543,1295891,Kolhara,17,Ward-17,0,,0,0,,0,928552,0,karnataka
276543,1295891,Kolhara,17,Ward-17,0,,0,0,,0,928552,0,karnataka
276543,1295876,Kolhara,2,Ward-2,530,Vijayapura,557,5452,Basavana Bagevadi,5452,0,0,karnataka
276543,1295876,Kolhara,2,Ward-2,530,Vijayapura,557,5452,Basavana Bagevadi,5452,0,0,karnataka
276543,1295877,Kolhara,3,Ward-3,530,Vijayapura,557,5452,Basavana Bagevadi,5452,0,0,karnataka
276543,1295877,Kolhara,3,Ward-3,530,Vijayapura,557,5452,Basavana Bagevadi,5452,0,0,karnataka
276543,1295878,Kolhara,4,Ward-4,0,,0,0,,0,928552,0,karnataka
276543,1295878,Kolhara,4,Ward-4,0,,0,0,,0,928552,0,karnataka
276543,1295879,Kolhara,5,Ward-5,530,Vijayapura,557,5452,Basavana Bagevadi,5452,0,0,karnataka
276543,1295879,Kolhara,5,Ward-5,530,Vijayapura,557,5452,Basavana Bagevadi,5452,0,0,karnataka
276543,1295880,Kolhara,6,Ward-6,0,,0,0,,0,928552,0,karnataka
276543,1295880,Kolhara,6,Ward-6,0,,0,0,,0,928552,0,karnataka
276543,1295881,Kolhara,7,Ward-7,0,,0,0,,0,928552,0,karnataka
276543,1295881,Kolhara,7,Ward-7,0,,0,0,,0,928552,0,karnataka
276543,1295882,Kolhara,8,Ward-8,530,Vijayapura,557,5452,Basavana Bagevadi,5452,0,0,karnataka
276543,1295882,Kolhara,8,Ward-8,530,Vijayapura,557,5452,Basavana Bagevadi,5452,0,0,karnataka
276543,1295883,Kolhara,9,Ward-9,0,,0,0,,0,928552,0,karnataka
276543,1295883,Kolhara,9,Ward-9,0,,0,0,,0,928552,0,karnataka
252056,29170,Kollegal,1,Kollegal (Cmc) - Ward No.1,0,,0,0,,0,0,0,karnataka
252056,29188,Kollegal,10,Kollegal (Cmc) - Ward No.10,0,,0,0,,0,0,0,karnataka
252056,29190,Kollegal,11,Kollegal (Cmc) - Ward No.11,0,,0,0,,0,0,0,karnataka
252056,29192,Kollegal,12,Kollegal (Cmc) - Ward No.12,0,,0,0,,0,0,0,karnataka
252056,29194,Kollegal,13,Kollegal (Cmc) - Ward No.13,0,,0,0,,0,0,0,karnataka
252056,29196,Kollegal,14,Kollegal (Cmc) - Ward No.14,0,,0,0,,0,0,0,karnataka
252056,29198,Kollegal,15,Kollegal (Cmc) - Ward No.15,0,,0,0,,0,0,0,karnataka
252056,29200,Kollegal,16,Kollegal (Cmc) - Ward No.16,0,,0,0,,0,0,0,karnataka
252056,29202,Kollegal,17,Kollegal (Cmc) - Ward No.17,0,,0,0,,0,0,0,karnataka
252056,29204,Kollegal,18,Kollegal (Cmc) - Ward No.18,0,,0,0,,0,0,0,karnataka
252056,29206,Kollegal,19,Kollegal (Cmc) - Ward No.19,0,,0,0,,0,0,0,karnataka
252056,29172,Kollegal,2,Kollegal (Cmc) - Ward No.2,0,,0,0,,0,0,0,karnataka
252056,29208,Kollegal,20,Kollegal (Cmc) - Ward No.20,0,,0,0,,0,0,0,karnataka
252056,29210,Kollegal,21,Kollegal (Cmc) - Ward No.21,0,,0,0,,0,0,0,karnataka
252056,29212,Kollegal,22,Kollegal (Cmc) - Ward No.22,0,,0,0,,0,0,0,karnataka
252056,29214,Kollegal,23,Kollegal (Cmc) - Ward No.23,0,,0,0,,0,0,0,karnataka
252056,29216,Kollegal,24,Kollegal (Cmc) - Ward No.24,0,,0,0,,0,0,0,karnataka
252056,29218,Kollegal,25,Kollegal (Cmc) - Ward No.25,0,,0,0,,0,0,0,karnataka
252056,29220,Kollegal,26,Kollegal (Cmc) - Ward No.26,0,,0,0,,0,0,0,karnataka
252056,29222,Kollegal,27,Kollegal (Cmc) - Ward No.27,0,,0,0,,0,0,0,karnataka
252056,2959,Kollegal,28,Kollegal (Cmc) - Ward No.28,0,,0,0,,0,0,0,karnataka
252056,2961,Kollegal,29,Kollegal (Cmc) - Ward No.29,0,,0,0,,0,0,0,karnataka
252056,29174,Kollegal,3,Kollegal (Cmc) - Ward No.3,0,,0,0,,0,0,0,karnataka
252056,2963,Kollegal,30,Kollegal (Cmc) - Ward No.30,0,,0,0,,0,0,0,karnataka
252056,2965,Kollegal,31,Kollegal (Cmc) - Ward No.31,0,,0,0,,0,0,0,karnataka
252056,29176,Kollegal,4,Kollegal (Cmc) - Ward No.4,0,,0,0,,0,0,0,karnataka
252056,29178,Kollegal,5,Kollegal (Cmc) - Ward No.5,0,,0,0,,0,0,0,karnataka
252056,29180,Kollegal,6,Kollegal (Cmc) - Ward No.6,0,,0,0,,0,0,0,karnataka
252056,29182,Kollegal,7,Kollegal (Cmc) - Ward No.7,0,,0,0,,0,0,0,karnataka
252056,29184,Kollegal,8,Kollegal (Cmc) - Ward No.8,0,,0,0,,0,0,0,karnataka
252056,29186,Kollegal,9,Kollegal (Cmc) - Ward No.9,0,,0,0,,0,0,0,karnataka
301790,3287798,Konappanaagrahara,1,Ward No.1,0,,0,0,,0,0,0,karnataka
301790,3287807,Konappanaagrahara,10,Ward No.10,0,,0,0,,0,0,0,karnataka
301790,3287808,Konappanaagrahara,11,Ward No.11,0,,0,0,,0,0,0,karnataka
301790,3287809,Konappanaagrahara,12,Ward No.12,0,,0,0,,0,0,0,karnataka
301790,3287810,Konappanaagrahara,13,Ward No.13,0,,0,0,,0,0,0,karnataka
301790,3287811,Konappanaagrahara,14,Ward No.14,0,,0,0,,0,0,0,karnataka
301790,3287812,Konappanaagrahara,15,Ward No.15,0,,0,0,,0,0,0,karnataka
301790,3287813,Konappanaagrahara,16,Ward No.16,0,,0,0,,0,0,0,karnataka
301790,3287814,Konappanaagrahara,17,Ward No.17,0,,0,0,,0,0,0,karnataka
301790,3287815,Konappanaagrahara,18,Ward No.18,0,,0,0,,0,0,0,karnataka
301790,3287816,Konappanaagrahara,19,Ward No.19,0,,0,0,,0,0,0,karnataka
301790,3287799,Konappanaagrahara,2,Ward No.2,0,,0,0,,0,0,0,karnataka
301790,3287817,Konappanaagrahara,20,Ward No.20,0,,0,0,,0,0,0,karnataka
301790,3287818,Konappanaagrahara,21,Ward No.21,0,,0,0,,0,0,0,karnataka
301790,3287819,Konappanaagrahara,22,Ward No.22,0,,0,0,,0,0,0,karnataka
301790,3287820,Konappanaagrahara,23,Ward No.23,0,,0,0,,0,0,0,karnataka
301790,3287800,Konappanaagrahara,3,Ward No.3,0,,0,0,,0,0,0,karnataka
301790,3287801,Konappanaagrahara,4,Ward No.4,0,,0,0,,0,0,0,karnataka
301790,3287802,Konappanaagrahara,5,Ward No.5,0,,0,0,,0,0,0,karnataka
301790,3287803,Konappanaagrahara,6,Ward No.6,0,,0,0,,0,0,0,karnataka
301790,3287804,Konappanaagrahara,7,Ward No.7,0,,0,0,,0,0,0,karnataka
301790,3287805,Konappanaagrahara,8,Ward No.8,0,,0,0,,0,0,0,karnataka
301790,3287806,Konappanaagrahara,9,Ward No.9,0,,0,0,,0,0,0,karnataka
251816,24743,Konnur,1,Konnur (TP) - Ward No.1,0,,0,0,,0,0,0,karnataka
251816,24752,Konnur,10,Konnur (TP) - Ward No.10,0,,0,0,,0,0,0,karnataka
251816,24753,Konnur,11,Konnur (TP) - Ward No.11,0,,0,0,,0,0,0,karnataka
251816,24754,Konnur,12,Konnur (TP) - Ward No.12,0,,0,0,,0,0,0,karnataka
251816,24755,Konnur,13,Konnur (TP) - Ward No.13,0,,0,0,,0,0,0,karnataka
251816,24756,Konnur,14,Konnur (TP) - Ward No.14,0,,0,0,,0,0,0,karnataka
251816,24757,Konnur,15,Konnur (TP) - Ward No.15,0,,0,0,,0,0,0,karnataka
251816,923218,Konnur,16,Konnur (TP) - Ward No.16,0,,0,0,,0,0,0,karnataka
251816,923220,Konnur,17,Konnur (TP) - Ward No.17,0,,0,0,,0,0,0,karnataka
251816,1884217,Konnur,18,Konnur (TP) - Ward No.18,0,,0,0,,0,0,0,karnataka
251816,1884218,Konnur,19,Konnur (TP) - Ward No.19,0,,0,0,,0,0,0,karnataka
251816,24744,Konnur,2,Konnur (TP) - Ward No.2,0,,0,0,,0,0,0,karnataka
251816,1884219,Konnur,20,Konnur (TP) - Ward No.20,0,,0,0,,0,0,0,karnataka
251816,1884220,Konnur,21,Konnur (TP) - Ward No.21,0,,0,0,,0,0,0,karnataka
251816,1884221,Konnur,22,Konnur (TP) - Ward No.22,0,,0,0,,0,0,0,karnataka
251816,1884222,Konnur,23,Konnur (TP) - Ward No.23,0,,0,0,,0,0,0,karnataka
251816,24745,Konnur,3,Konnur (TP) - Ward No.3,0,,0,0,,0,0,0,karnataka
251816,24746,Konnur,4,Konnur (TP) - Ward No.4,0,,0,0,,0,0,0,karnataka
251816,24747,Konnur,5,Konnur (TP) - Ward No.5,0,,0,0,,0,0,0,karnataka
251816,24748,Konnur,6,Konnur (TP) - Ward No.6,0,,0,0,,0,0,0,karnataka
251816,24749,Konnur,7,Konnur (TP) - Ward No.7,0,,0,0,,0,0,0,karnataka
251816,24750,Konnur,8,Konnur (TP) - Ward No.8,0,,0,0,,0,0,0,karnataka
251816,24751,Konnur,9,Konnur (TP) - Ward No.9,0,,0,0,,0,0,0,karnataka
251960,31795,Koppa,1,Koppa (TP) - Ward No.1,0,,0,0,,0,0,0,karnataka
251960,31804,Koppa,10,Koppa (TP) - Ward No.10,0,,0,0,,0,0,0,karnataka
251960,31805,Koppa,11,Koppa (TP) - Ward No.11,0,,0,0,,0,0,0,karnataka
251960,31796,Koppa,2,Koppa (TP) - Ward No.2,0,,0,0,,0,0,0,karnataka
251960,31797,Koppa,3,Koppa (TP) - Ward No.3,0,,0,0,,0,0,0,karnataka
251960,31798,Koppa,4,Koppa (TP) - Ward No.4,0,,0,0,,0,0,0,karnataka
251960,31799,Koppa,5,Koppa (TP) - Ward No.5,0,,0,0,,0,0,0,karnataka
251960,31800,Koppa,6,Koppa (TP) - Ward No.6,0,,0,0,,0,0,0,karnataka
251960,31801,Koppa,7,Koppa (TP) - Ward No.7,0,,0,0,,0,0,0,karnataka
251960,31802,Koppa,8,Koppa (TP) - Ward No.8,0,,0,0,,0,0,0,karnataka
251960,31803,Koppa,9,Koppa (TP) - Ward No.9,0,,0,0,,0,0,0,karnataka
251882,63798,Koppal,1,Koppal (Cmc) - Ward No.1,0,,0,0,,0,0,0,karnataka
251882,923361,Koppal,10,Koppal (Cmc) - Ward No.10,0,,0,0,,0,0,0,karnataka
251882,923362,Koppal,11,Koppal (Cmc) - Ward No.11,0,,0,0,,0,0,0,karnataka
251882,1891301,Koppal,12,Koppal (Cmc) - Ward No.12,0,,0,0,,0,0,0,karnataka
251882,1891302,Koppal,13,Koppal (Cmc) - Ward No.13,0,,0,0,,0,0,0,karnataka
251882,1891303,Koppal,14,Koppal (Cmc) - Ward No.14,0,,0,0,,0,0,0,karnataka
251882,1891304,Koppal,15,Koppal (Cmc) - Ward No.15,0,,0,0,,0,0,0,karnataka
251882,1891305,Koppal,16,Koppal (Cmc) - Ward No.16,0,,0,0,,0,0,0,karnataka
251882,1891306,Koppal,17,Koppal (Cmc) - Ward No.17,0,,0,0,,0,0,0,karnataka
251882,1891307,Koppal,18,Koppal (Cmc) - Ward No.18,0,,0,0,,0,0,0,karnataka
251882,1891308,Koppal,19,Koppal (Cmc) - Ward No.19,0,,0,0,,0,0,0,karnataka
251882,63799,Koppal,2,Koppal (Cmc) - Ward No.2,0,,0,0,,0,0,0,karnataka
251882,1891309,Koppal,20,Koppal (Cmc) - Ward No.20,0,,0,0,,0,0,0,karnataka
251882,1891310,Koppal,21,Koppal (Cmc) - Ward No.21,0,,0,0,,0,0,0,karnataka
251882,1891311,Koppal,22,Koppal (Cmc) - Ward No.22,0,,0,0,,0,0,0,karnataka
251882,1891312,Koppal,23,Koppal (Cmc) - Ward No.23,0,,0,0,,0,0,0,karnataka
251882,1891313,Koppal,24,Koppal (Cmc) - Ward No.24,0,,0,0,,0,0,0,karnataka
251882,1891314,Koppal,25,Koppal (Cmc) - Ward No.25,0,,0,0,,0,0,0,karnataka
251882,1891315,Koppal,26,Koppal (Cmc) - Ward No.26,0,,0,0,,0,0,0,karnataka
251882,1891316,Koppal,27,Koppal (Cmc) - Ward No.27,0,,0,0,,0,0,0,karnataka
251882,1891317,Koppal,28,Koppal (Cmc) - Ward No.28,0,,0,0,,0,0,0,karnataka
251882,1891318,Koppal,29,Koppal (Cmc) - Ward No.29,0,,0,0,,0,0,0,karnataka
251882,63800,Koppal,3,Koppal (Cmc) - Ward No.3,0,,0,0,,0,0,0,karnataka
251882,1891319,Koppal,30,Koppal (Cmc) - Ward No.30,0,,0,0,,0,0,0,karnataka
251882,1891320,Koppal,31,Koppal (Cmc) - Ward No.31,0,,0,0,,0,0,0,karnataka
251882,63801,Koppal,4,Koppal (Cmc) - Ward No.4,0,,0,0,,0,0,0,karnataka
251882,63802,Koppal,5,Koppal (Cmc) - Ward No.5,0,,0,0,,0,0,0,karnataka
251882,63803,Koppal,6,Koppal (Cmc) - Ward No.6,0,,0,0,,0,0,0,karnataka
251882,63804,Koppal,7,Koppal (Cmc) - Ward No.7,0,,0,0,,0,0,0,karnataka
251882,63805,Koppal,8,Koppal (Cmc) - Ward No.8,0,,0,0,,0,0,0,karnataka
251882,63806,Koppal,9,Koppal (Cmc) - Ward No.9,0,,0,0,,0,0,0,karnataka
251972,25398,Koratagere,1,Koratagere (TP) - Ward No.1,0,,0,0,,0,0,0,karnataka
251972,25407,Koratagere,10,Koratagere (TP) - Ward No.10,0,,0,0,,0,0,0,karnataka
251972,25408,Koratagere,11,Koratagere (TP) - Ward No.11,0,,0,0,,0,0,0,karnataka
251972,25409,Koratagere,12,Koratagere (TP) - Ward No.12,0,,0,0,,0,0,0,karnataka
251972,1922503,Koratagere,13,Koratagere (TP) - Ward No.13,0,,0,0,,0,0,0,karnataka
251972,1922504,Koratagere,14,Koratagere (TP) - Ward No.14,0,,0,0,,0,0,0,karnataka
251972,1922505,Koratagere,15,Koratagere (TP) - Ward No.15,0,,0,0,,0,0,0,karnataka
251972,25399,Koratagere,2,Koratagere (TP) - Ward No.2,0,,0,0,,0,0,0,karnataka
251972,25400,Koratagere,3,Koratagere (TP) - Ward No.3,0,,0,0,,0,0,0,karnataka
251972,25401,Koratagere,4,Koratagere (TP) - Ward No.4,0,,0,0,,0,0,0,karnataka
251972,25402,Koratagere,5,Koratagere (TP) - Ward No.5,0,,0,0,,0,0,0,karnataka
251972,25403,Koratagere,6,Koratagere (TP) - Ward No.6,0,,0,0,,0,0,0,karnataka
251972,25404,Koratagere,7,Koratagere (TP) - Ward No.7,0,,0,0,,0,0,0,karnataka
251972,25405,Koratagere,8,Koratagere (TP) - Ward No.8,0,,0,0,,0,0,0,karnataka
251972,25406,Koratagere,9,Koratagere (TP) - Ward No.9,0,,0,0,,0,0,0,karnataka
276555,1294252,Kotekar,1,Ward-1,0,,0,0,,0,928950,0,karnataka
276555,1294252,Kotekar,1,Ward-1,0,,0,0,,0,928950,0,karnataka
276555,1294261,Kotekar,10,Ward-10,534,Dakshina Kannada,575,5561,Mangaluru,5561,0,0,karnataka
276555,1294261,Kotekar,10,Ward-10,534,Dakshina Kannada,575,5561,Mangaluru,5561,0,0,karnataka
276555,1294262,Kotekar,11,Ward-11,534,Dakshina Kannada,575,5561,Mangaluru,5561,0,0,karnataka
276555,1294262,Kotekar,11,Ward-11,534,Dakshina Kannada,575,5561,Mangaluru,5561,0,0,karnataka
276555,1294263,Kotekar,12,Ward-12,534,Dakshina Kannada,575,5561,Mangaluru,5561,0,0,karnataka
276555,1294263,Kotekar,12,Ward-12,534,Dakshina Kannada,575,5561,Mangaluru,5561,0,0,karnataka
276555,1294264,Kotekar,13,Ward-13,0,,0,0,,0,928950,0,karnataka
276555,1294264,Kotekar,13,Ward-13,0,,0,0,,0,928950,0,karnataka
276555,1294265,Kotekar,14,Ward-14,534,Dakshina Kannada,575,5561,Mangaluru,5561,0,0,karnataka
276555,1294265,Kotekar,14,Ward-14,534,Dakshina Kannada,575,5561,Mangaluru,5561,0,0,karnataka
276555,1294266,Kotekar,15,Ward-15,0,,0,0,,0,928950,0,karnataka
276555,1294266,Kotekar,15,Ward-15,0,,0,0,,0,928950,0,karnataka
276555,1294267,Kotekar,16,Ward-16,0,,0,0,,0,928950,0,karnataka
276555,1294267,Kotekar,16,Ward-16,0,,0,0,,0,928950,0,karnataka
276555,1294268,Kotekar,17,Ward-17,0,,0,0,,0,928950,0,karnataka
276555,1294268,Kotekar,17,Ward-17,0,,0,0,,0,928950,0,karnataka
276555,1294253,Kotekar,2,Ward-2,534,Dakshina Kannada,575,5561,Mangaluru,5561,0,0,karnataka
276555,1294253,Kotekar,2,Ward-2,534,Dakshina Kannada,575,5561,Mangaluru,5561,0,0,karnataka
276555,1294254,Kotekar,3,Ward-3,0,,0,0,,0,928950,0,karnataka
276555,1294254,Kotekar,3,Ward-3,0,,0,0,,0,928950,0,karnataka
276555,1294255,Kotekar,4,Ward-4,0,,0,0,,0,928950,0,karnataka
276555,1294255,Kotekar,4,Ward-4,0,,0,0,,0,928950,0,karnataka
276555,1294256,Kotekar,5,Ward-5,534,Dakshina Kannada,575,5561,Mangaluru,5561,0,0,karnataka
276555,1294256,Kotekar,5,Ward-5,534,Dakshina Kannada,575,5561,Mangaluru,5561,0,0,karnataka
276555,1294257,Kotekar,6,Ward-6,0,,0,0,,0,928950,0,karnataka
276555,1294257,Kotekar,6,Ward-6,0,,0,0,,0,928950,0,karnataka
276555,1294258,Kotekar,7,Ward-7,534,Dakshina Kannada,575,5561,Mangaluru,5561,0,0,karnataka
276555,1294258,Kotekar,7,Ward-7,534,Dakshina Kannada,575,5561,Mangaluru,5561,0,0,karnataka
276555,1294259,Kotekar,8,Ward-8,0,,0,0,,0,928950,0,karnataka
276555,1294259,Kotekar,8,Ward-8,0,,0,0,,0,928950,0,karnataka
276555,1294260,Kotekar,9,Ward-9,0,,0,0,,0,928950,0,karnataka
276555,1294260,Kotekar,9,Ward-9,0,,0,0,,0,928950,0,karnataka
251931,61435,Kotturu,1,Kotturu (TP) - Ward No.1,0,,0,0,,0,0,0,karnataka
251931,61444,Kotturu,10,Kotturu (TP) - Ward No.10,0,,0,0,,0,0,0,karnataka
251931,61445,Kotturu,11,Kotturu (TP) - Ward No.11,0,,0,0,,0,0,0,karnataka
251931,61446,Kotturu,12,Kotturu (TP) - Ward No.12,0,,0,0,,0,0,0,karnataka
251931,61447,Kotturu,13,Kotturu (TP) - Ward No.13,0,,0,0,,0,0,0,karnataka
251931,61448,Kotturu,14,Kotturu (TP) - Ward No.14,0,,0,0,,0,0,0,karnataka
251931,61449,Kotturu,15,Kotturu (TP) - Ward No.15,0,,0,0,,0,0,0,karnataka
251931,61450,Kotturu,16,Kotturu (TP) - Ward No.16,0,,0,0,,0,0,0,karnataka
251931,61451,Kotturu,17,Kotturu (TP) - Ward No.17,0,,0,0,,0,0,0,karnataka
251931,61452,Kotturu,18,Kotturu (TP) - Ward No.18,0,,0,0,,0,0,0,karnataka
251931,61453,Kotturu,19,Kotturu (TP) - Ward No.19,0,,0,0,,0,0,0,karnataka
251931,61436,Kotturu,2,Kotturu (TP) - Ward No.2,0,,0,0,,0,0,0,karnataka
251931,61454,Kotturu,20,Kotturu (TP) - Ward No.20,0,,0,0,,0,0,0,karnataka
251931,61437,Kotturu,3,Kotturu (TP) - Ward No.3,0,,0,0,,0,0,0,karnataka
251931,61438,Kotturu,4,Kotturu (TP) - Ward No.4,0,,0,0,,0,0,0,karnataka
251931,61439,Kotturu,5,Kotturu (TP) - Ward No.5,0,,0,0,,0,0,0,karnataka
251931,61440,Kotturu,6,Kotturu (TP) - Ward No.6,0,,0,0,,0,0,0,karnataka
251931,61441,Kotturu,7,Kotturu (TP) - Ward No.7,0,,0,0,,0,0,0,karnataka
251931,61442,Kotturu,8,Kotturu (TP) - Ward No.8,0,,0,0,,0,0,0,karnataka
251931,61443,Kotturu,9,Kotturu (TP) - Ward No.9,0,,0,0,,0,0,0,karnataka
252001,26692,Krishnarajpet,1,Krishnarajpet (TP) - Ward No.1,0,,0,0,,0,0,0,karnataka
252001,26701,Krishnarajpet,10,Krishnarajpet (TP) - Ward No.10,0,,0,0,,0,0,0,karnataka
252001,26702,Krishnarajpet,11,Krishnarajpet (TP) - Ward No.11,0,,0,0,,0,0,0,karnataka
252001,26703,Krishnarajpet,12,Krishnarajpet (TP) - Ward No.12,0,,0,0,,0,0,0,karnataka
252001,26704,Krishnarajpet,13,Krishnarajpet (TP) - Ward No.13,0,,0,0,,0,0,0,karnataka
252001,26705,Krishnarajpet,14,Krishnarajpet (TP) - Ward No.14,0,,0,0,,0,0,0,karnataka
252001,26706,Krishnarajpet,15,Krishnarajpet (TP) - Ward No.15,0,,0,0,,0,0,0,karnataka
252001,26707,Krishnarajpet,16,Krishnarajpet (TP) - Ward No.16,0,,0,0,,0,0,0,karnataka
252001,26708,Krishnarajpet,17,Krishnarajpet (TP) - Ward No.17,0,,0,0,,0,0,0,karnataka
252001,26709,Krishnarajpet,18,Krishnarajpet (TP) - Ward No.18,0,,0,0,,0,0,0,karnataka
252001,1891749,Krishnarajpet,19,Krishnarajpet (TP) - Ward No.19,0,,0,0,,0,0,0,karnataka
252001,26693,Krishnarajpet,2,Krishnarajpet (TP) - Ward No.2,0,,0,0,,0,0,0,karnataka
252001,1891750,Krishnarajpet,20,Krishnarajpet (TP) - Ward No.20,0,,0,0,,0,0,0,karnataka
252001,1891751,Krishnarajpet,21,Krishnarajpet (TP) - Ward No.21,0,,0,0,,0,0,0,karnataka
252001,1891752,Krishnarajpet,22,Krishnarajpet (TP) - Ward No.22,0,,0,0,,0,0,0,karnataka
252001,1891753,Krishnarajpet,23,Krishnarajpet (TP) - Ward No.23,0,,0,0,,0,0,0,karnataka
252001,26694,Krishnarajpet,3,Krishnarajpet (TP) - Ward No.3,0,,0,0,,0,0,0,karnataka
252001,26695,Krishnarajpet,4,Krishnarajpet (TP) - Ward No.4,0,,0,0,,0,0,0,karnataka
252001,26696,Krishnarajpet,5,Krishnarajpet (TP) - Ward No.5,0,,0,0,,0,0,0,karnataka
252001,26697,Krishnarajpet,6,Krishnarajpet (TP) - Ward No.6,0,,0,0,,0,0,0,karnataka
252001,26698,Krishnarajpet,7,Krishnarajpet (TP) - Ward No.7,0,,0,0,,0,0,0,karnataka
252001,26699,Krishnarajpet,8,Krishnarajpet (TP) - Ward No.8,0,,0,0,,0,0,0,karnataka
252001,26700,Krishnarajpet,9,Krishnarajpet (TP) - Ward No.9,0,,0,0,,0,0,0,karnataka
301081,3068468,Kr Nagar,1,Ward 1,0,,0,0,,0,0,0,karnataka
301081,3068477,Kr Nagar,10,Ward 10,0,,0,0,,0,0,0,karnataka
301081,3068478,Kr Nagar,11,Ward 11,0,,0,0,,0,0,0,karnataka
301081,3068479,Kr Nagar,12,Ward 12,0,,0,0,,0,0,0,karnataka
301081,3068480,Kr Nagar,13,Ward 13,0,,0,0,,0,0,0,karnataka
301081,3068481,Kr Nagar,14,Ward 14,0,,0,0,,0,0,0,karnataka
301081,3068482,Kr Nagar,15,Ward 15,0,,0,0,,0,0,0,karnataka
301081,3068483,Kr Nagar,16,Ward 16,0,,0,0,,0,0,0,karnataka
301081,3068484,Kr Nagar,17,Ward 17,0,,0,0,,0,0,0,karnataka
301081,3068485,Kr Nagar,18,Ward 18,0,,0,0,,0,0,0,karnataka
301081,3068486,Kr Nagar,19,Ward 19,0,,0,0,,0,0,0,karnataka
301081,3068469,Kr Nagar,2,Ward 2,0,,0,0,,0,0,0,karnataka
301081,3068487,Kr Nagar,20,Ward 20,0,,0,0,,0,0,0,karnataka
301081,3068488,Kr Nagar,21,Ward 21,0,,0,0,,0,0,0,karnataka
301081,3068489,Kr Nagar,22,Ward 22,0,,0,0,,0,0,0,karnataka
301081,3068490,Kr Nagar,23,Ward 23,0,,0,0,,0,0,0,karnataka
301081,3068470,Kr Nagar,3,Ward 3,0,,0,0,,0,0,0,karnataka
301081,3068471,Kr Nagar,4,Ward 4,0,,0,0,,0,0,0,karnataka
301081,3068472,Kr Nagar,5,Ward 5,0,,0,0,,0,0,0,karnataka
301081,3068473,Kr Nagar,6,Ward 6,0,,0,0,,0,0,0,karnataka
301081,3068474,Kr Nagar,7,Ward 7,0,,0,0,,0,0,0,karnataka
301081,3068475,Kr Nagar,8,Ward 8,0,,0,0,,0,0,0,karnataka
301081,3068476,Kr Nagar,9,Ward 9,0,,0,0,,0,0,0,karnataka
251813,24687,Kudchi,1,Kudchi (TP) - Ward No.1,0,,0,0,,0,0,0,karnataka
251813,24696,Kudchi,10,Kudchi (TP) - Ward No.10,0,,0,0,,0,0,0,karnataka
251813,24697,Kudchi,11,Kudchi (TP) - Ward No.11,0,,0,0,,0,0,0,karnataka
251813,24698,Kudchi,12,Kudchi (TP) - Ward No.12,0,,0,0,,0,0,0,karnataka
251813,24699,Kudchi,13,Kudchi (TP) - Ward No.13,0,,0,0,,0,0,0,karnataka
251813,24700,Kudchi,14,Kudchi (TP) - Ward No.14,0,,0,0,,0,0,0,karnataka
251813,24701,Kudchi,15,Kudchi (TP) - Ward No.15,0,,0,0,,0,0,0,karnataka
251813,24702,Kudchi,16,Kudchi (TP) - Ward No.16,0,,0,0,,0,0,0,karnataka
251813,24703,Kudchi,17,Kudchi (TP) - Ward No.17,0,,0,0,,0,0,0,karnataka
251813,24704,Kudchi,18,Kudchi (TP) - Ward No.18,0,,0,0,,0,0,0,karnataka
251813,24705,Kudchi,19,Kudchi (TP) - Ward No.19,0,,0,0,,0,0,0,karnataka
251813,24688,Kudchi,2,Kudchi (TP) - Ward No.2,0,,0,0,,0,0,0,karnataka
251813,24706,Kudchi,20,Kudchi (TP) - Ward No.20,0,,0,0,,0,0,0,karnataka
251813,1883900,Kudchi,21,Kudchi (TP) - Ward No.21,0,,0,0,,0,0,0,karnataka
251813,1883901,Kudchi,22,Kudchi (TP) - Ward No.22,0,,0,0,,0,0,0,karnataka
251813,1883902,Kudchi,23,Kudchi (TP) - Ward No.23,0,,0,0,,0,0,0,karnataka
251813,24689,Kudchi,3,Kudchi (TP) - Ward No.3,0,,0,0,,0,0,0,karnataka
251813,24690,Kudchi,4,Kudchi (TP) - Ward No.4,0,,0,0,,0,0,0,karnataka
251813,24691,Kudchi,5,Kudchi (TP) - Ward No.5,0,,0,0,,0,0,0,karnataka
251813,24692,Kudchi,6,Kudchi (TP) - Ward No.6,0,,0,0,,0,0,0,karnataka
251813,24693,Kudchi,7,Kudchi (TP) - Ward No.7,0,,0,0,,0,0,0,karnataka
251813,24694,Kudchi,8,Kudchi (TP) - Ward No.8,0,,0,0,,0,0,0,karnataka
251813,24695,Kudchi,9,Kudchi (TP) - Ward No.9,0,,0,0,,0,0,0,karnataka
251930,30837,Kudligi,1,Kudligi (TP) - Ward No.1,0,,0,0,,0,0,0,karnataka
251930,30846,Kudligi,10,Kudligi (TP) - Ward No.10,0,,0,0,,0,0,0,karnataka
251930,30847,Kudligi,11,Kudligi (TP) - Ward No.11,0,,0,0,,0,0,0,karnataka
251930,30848,Kudligi,12,Kudligi (TP) - Ward No.12,0,,0,0,,0,0,0,karnataka
251930,30849,Kudligi,13,Kudligi (TP) - Ward No.13,0,,0,0,,0,0,0,karnataka
251930,30850,Kudligi,14,Kudligi (TP) - Ward No.14,0,,0,0,,0,0,0,karnataka
251930,30851,Kudligi,15,Kudligi (TP) - Ward No.15,0,,0,0,,0,0,0,karnataka
251930,30852,Kudligi,16,Kudligi (TP) - Ward No.16,0,,0,0,,0,0,0,karnataka
251930,30853,Kudligi,17,Kudligi (TP) - Ward No.17,0,,0,0,,0,0,0,karnataka
251930,30854,Kudligi,18,Kudligi (TP) - Ward No.18,0,,0,0,,0,0,0,karnataka
251930,1864731,Kudligi,19,Kudligi (TP) - Ward No.19,0,,0,0,,0,0,0,karnataka
251930,30838,Kudligi,2,Kudligi (TP) - Ward No.2,0,,0,0,,0,0,0,karnataka
251930,1864732,Kudligi,20,Kudligi (TP) - Ward No.20,0,,0,0,,0,0,0,karnataka
251930,30839,Kudligi,3,Kudligi (TP) - Ward No.3,0,,0,0,,0,0,0,karnataka
251930,30840,Kudligi,4,Kudligi (TP) - Ward No.4,0,,0,0,,0,0,0,karnataka
251930,30841,Kudligi,5,Kudligi (TP) - Ward No.5,0,,0,0,,0,0,0,karnataka
251930,30842,Kudligi,6,Kudligi (TP) - Ward No.6,0,,0,0,,0,0,0,karnataka
251930,30843,Kudligi,7,Kudligi (TP) - Ward No.7,0,,0,0,,0,0,0,karnataka
251930,30844,Kudligi,8,Kudligi (TP) - Ward No.8,0,,0,0,,0,0,0,karnataka
251930,30845,Kudligi,9,Kudligi (TP) - Ward No.9,0,,0,0,,0,0,0,karnataka
251967,32475,Kudremukh,1,Kudremukh (Nac) - Ward No.1,0,,0,0,,0,0,0,karnataka
276534,1296330,Kudutini,1,Ward-1,0,,0,0,,0,928697,0,karnataka
276534,1296330,Kudutini,1,Ward-1,0,,0,0,,0,928697,0,karnataka
276534,1296339,Kudutini,10,Ward-10,0,,0,0,,0,0,0,karnataka
276534,1296340,Kudutini,11,Ward-11,0,,0,0,,0,928697,0,karnataka
276534,1296340,Kudutini,11,Ward-11,0,,0,0,,0,928697,0,karnataka
276534,1296341,Kudutini,12,Ward-12,528,Ballari,565,5500,Ballari,5500,0,0,karnataka
276534,1296341,Kudutini,12,Ward-12,528,Ballari,565,5500,Ballari,5500,0,0,karnataka
276534,1296342,Kudutini,13,Ward-13,0,,0,0,,0,928697,0,karnataka
276534,1296342,Kudutini,13,Ward-13,0,,0,0,,0,928697,0,karnataka
276534,1296343,Kudutini,14,Ward-14,0,,0,0,,0,0,0,karnataka
276534,1296344,Kudutini,15,Ward-15,0,,0,0,,0,928697,0,karnataka
276534,1296344,Kudutini,15,Ward-15,0,,0,0,,0,928697,0,karnataka
276534,1296345,Kudutini,16,Ward-16,0,,0,0,,0,928697,0,karnataka
276534,1296345,Kudutini,16,Ward-16,0,,0,0,,0,928697,0,karnataka
276534,1296346,Kudutini,17,Ward-17,528,Ballari,565,5500,Ballari,5500,0,0,karnataka
276534,1296346,Kudutini,17,Ward-17,528,Ballari,565,5500,Ballari,5500,0,0,karnataka
276534,1296347,Kudutini,18,Ward-18,0,,0,0,,0,928697,0,karnataka
276534,1296347,Kudutini,18,Ward-18,0,,0,0,,0,928697,0,karnataka
276534,1296348,Kudutini,19,Ward-19,528,Ballari,565,5500,Ballari,5500,0,0,karnataka
276534,1296348,Kudutini,19,Ward-19,528,Ballari,565,5500,Ballari,5500,0,0,karnataka
276534,1296331,Kudutini,2,Ward-2,528,Ballari,565,5500,Ballari,5500,0,0,karnataka
276534,1296331,Kudutini,2,Ward-2,528,Ballari,565,5500,Ballari,5500,0,0,karnataka
276534,1296332,Kudutini,3,Ward-3,528,Ballari,565,5500,Ballari,5500,0,0,karnataka
276534,1296332,Kudutini,3,Ward-3,528,Ballari,565,5500,Ballari,5500,0,0,karnataka
276534,1296333,Kudutini,4,Ward-4,0,,0,0,,0,0,0,karnataka
276534,1296334,Kudutini,5,Ward-5,0,,0,0,,0,928697,0,karnataka
276534,1296334,Kudutini,5,Ward-5,0,,0,0,,0,928697,0,karnataka
276534,1296335,Kudutini,6,Ward-6,0,,0,0,,0,928697,0,karnataka
276534,1296335,Kudutini,6,Ward-6,0,,0,0,,0,928697,0,karnataka
276534,1296336,Kudutini,7,Ward-7,0,,0,0,,0,928697,0,karnataka
276534,1296336,Kudutini,7,Ward-7,0,,0,0,,0,928697,0,karnataka
276534,1296337,Kudutini,8,Ward-8,0,,0,0,,0,928697,0,karnataka
276534,1296337,Kudutini,8,Ward-8,0,,0,0,,0,928697,0,karnataka
276534,1296338,Kudutini,9,Ward-9,0,,0,0,,0,928697,0,karnataka
276534,1296338,Kudutini,9,Ward-9,0,,0,0,,0,928697,0,karnataka
276497,1293412,Kukanooru,1,Ward No-1,0,,0,0,,0,928476,0,karnataka
276497,1293412,Kukanooru,1,Ward No-1,0,,0,0,,0,928476,0,karnataka
276497,1293421,Kukanooru,10,Ward No-10,543,Koppal,560,5464,Yelbarga,5464,0,0,karnataka
276497,1293421,Kukanooru,10,Ward No-10,543,Koppal,560,5464,Yelbarga,5464,0,0,karnataka
276497,1293422,Kukanooru,11,Ward No-11,0,,0,0,,0,928476,0,karnataka
276497,1293422,Kukanooru,11,Ward No-11,0,,0,0,,0,928476,0,karnataka
276497,1293423,Kukanooru,12,Ward No-12,543,Koppal,560,5464,Yelbarga,5464,0,0,karnataka
276497,1293423,Kukanooru,12,Ward No-12,543,Koppal,560,5464,Yelbarga,5464,0,0,karnataka
276497,1293424,Kukanooru,13,Ward No-13,0,,0,0,,0,928476,0,karnataka
276497,1293424,Kukanooru,13,Ward No-13,0,,0,0,,0,928476,0,karnataka
276497,1293425,Kukanooru,14,Ward No-14,0,,0,0,,0,928476,0,karnataka
276497,1293425,Kukanooru,14,Ward No-14,0,,0,0,,0,928476,0,karnataka
276497,1293426,Kukanooru,15,Ward No-15,0,,0,0,,0,928476,0,karnataka
276497,1293426,Kukanooru,15,Ward No-15,0,,0,0,,0,928476,0,karnataka
276497,1293427,Kukanooru,16,Ward No-16,0,,0,0,,0,928476,0,karnataka
276497,1293427,Kukanooru,16,Ward No-16,0,,0,0,,0,928476,0,karnataka
276497,1293428,Kukanooru,17,Ward No-17,0,,0,0,,0,928476,0,karnataka
276497,1293428,Kukanooru,17,Ward No-17,0,,0,0,,0,928476,0,karnataka
276497,1293429,Kukanooru,18,Ward No-18,0,,0,0,,0,928476,0,karnataka
276497,1293429,Kukanooru,18,Ward No-18,0,,0,0,,0,928476,0,karnataka
276497,1293430,Kukanooru,19,Ward No-19,0,,0,0,,0,928476,0,karnataka
276497,1293430,Kukanooru,19,Ward No-19,0,,0,0,,0,928476,0,karnataka
276497,1293413,Kukanooru,2,Ward No-2,0,,0,0,,0,928476,0,karnataka
276497,1293413,Kukanooru,2,Ward No-2,0,,0,0,,0,928476,0,karnataka
276497,1293414,Kukanooru,3,Ward No-3,0,,0,0,,0,928476,0,karnataka
276497,1293414,Kukanooru,3,Ward No-3,0,,0,0,,0,928476,0,karnataka
276497,1293415,Kukanooru,4,Ward No-4,0,,0,0,,0,928476,0,karnataka
276497,1293415,Kukanooru,4,Ward No-4,0,,0,0,,0,928476,0,karnataka
276497,1293416,Kukanooru,5,Ward No-5,543,Koppal,560,5464,Yelbarga,5464,0,0,karnataka
276497,1293416,Kukanooru,5,Ward No-5,543,Koppal,560,5464,Yelbarga,5464,0,0,karnataka
276497,1293417,Kukanooru,6,Ward No-6,543,Koppal,560,5464,Yelbarga,5464,0,0,karnataka
276497,1293417,Kukanooru,6,Ward No-6,543,Koppal,560,5464,Yelbarga,5464,0,0,karnataka
276497,1293418,Kukanooru,7,Ward No-7,0,,0,0,,0,928476,0,karnataka
276497,1293418,Kukanooru,7,Ward No-7,0,,0,0,,0,928476,0,karnataka
276497,1293419,Kukanooru,8,Ward No-8,0,,0,0,,0,928476,0,karnataka
276497,1293419,Kukanooru,8,Ward No-8,0,,0,0,,0,928476,0,karnataka
276497,1293420,Kukanooru,9,Ward No-9,543,Koppal,560,5464,Yelbarga,5464,0,0,karnataka
276497,1293420,Kukanooru,9,Ward No-9,543,Koppal,560,5464,Yelbarga,5464,0,0,karnataka
251907,61033,Kumta,1,Kumta (TMC) - Ward No.1,0,,0,0,,0,0,0,karnataka
251907,61042,Kumta,10,Kumta (TMC) - Ward No.10,0,,0,0,,0,0,0,karnataka
251907,61043,Kumta,11,Kumta (TMC) - Ward No.11,0,,0,0,,0,0,0,karnataka
251907,61044,Kumta,12,Kumta (TMC) - Ward No.12,0,,0,0,,0,0,0,karnataka
251907,61045,Kumta,13,Kumta (TMC) - Ward No.13,0,,0,0,,0,0,0,karnataka
251907,61046,Kumta,14,Kumta (TMC) - Ward No.14,0,,0,0,,0,0,0,karnataka
251907,61047,Kumta,15,Kumta (TMC) - Ward No.15,0,,0,0,,0,0,0,karnataka
251907,61048,Kumta,16,Kumta (TMC) - Ward No.16,0,,0,0,,0,0,0,karnataka
251907,61049,Kumta,17,Kumta (TMC) - Ward No.17,0,,0,0,,0,0,0,karnataka
251907,61050,Kumta,18,Kumta (TMC) - Ward No.18,0,,0,0,,0,0,0,karnataka
251907,61051,Kumta,19,Kumta (TMC) - Ward No.19,0,,0,0,,0,0,0,karnataka
251907,61034,Kumta,2,Kumta (TMC) - Ward No.2,0,,0,0,,0,0,0,karnataka
251907,61052,Kumta,20,Kumta (TMC) - Ward No.20,0,,0,0,,0,0,0,karnataka
251907,61053,Kumta,21,Kumta (TMC) - Ward No.21,0,,0,0,,0,0,0,karnataka
251907,61054,Kumta,22,Kumta (TMC) - Ward No.22,0,,0,0,,0,0,0,karnataka
251907,61055,Kumta,23,Kumta (TMC) - Ward No.23,0,,0,0,,0,0,0,karnataka
251907,61035,Kumta,3,Kumta (TMC) - Ward No.3,0,,0,0,,0,0,0,karnataka
251907,61036,Kumta,4,Kumta (TMC) - Ward No.4,0,,0,0,,0,0,0,karnataka
251907,61037,Kumta,5,Kumta (TMC) - Ward No.5,0,,0,0,,0,0,0,karnataka
251907,61038,Kumta,6,Kumta (TMC) - Ward No.6,0,,0,0,,0,0,0,karnataka
251907,61039,Kumta,7,Kumta (TMC) - Ward No.7,0,,0,0,,0,0,0,karnataka
251907,61040,Kumta,8,Kumta (TMC) - Ward No.8,0,,0,0,,0,0,0,karnataka
251907,61041,Kumta,9,Kumta (TMC) - Ward No.9,0,,0,0,,0,0,0,karnataka
251953,61562,Kundapura,1,Kundapura (TMC) - Ward No.1,0,,0,0,,0,0,0,karnataka
251953,1922573,Kundapura,10,Kundapura (TMC) - Ward No.10,0,,0,0,,0,0,0,karnataka
251953,1922574,Kundapura,11,Kundapura (TMC) - Ward No.11,0,,0,0,,0,0,0,karnataka
251953,1922575,Kundapura,12,Kundapura (TMC) - Ward No.12,0,,0,0,,0,0,0,karnataka
251953,1922576,Kundapura,13,Kundapura (TMC) - Ward No.13,0,,0,0,,0,0,0,karnataka
251953,1922577,Kundapura,14,Kundapura (TMC) - Ward No.14,0,,0,0,,0,0,0,karnataka
251953,1922578,Kundapura,15,Kundapura (TMC) - Ward No.15,0,,0,0,,0,0,0,karnataka
251953,1922579,Kundapura,16,Kundapura (TMC) - Ward No.16,0,,0,0,,0,0,0,karnataka
251953,1922580,Kundapura,17,Kundapura (TMC) - Ward No.17,0,,0,0,,0,0,0,karnataka
251953,1922581,Kundapura,18,Kundapura (TMC) - Ward No.18,0,,0,0,,0,0,0,karnataka
251953,1922582,Kundapura,19,Kundapura (TMC) - Ward No.19,0,,0,0,,0,0,0,karnataka
251953,61563,Kundapura,2,Kundapura (TMC) - Ward No.2,0,,0,0,,0,0,0,karnataka
251953,1922583,Kundapura,20,Kundapura (TMC) - Ward No.20,0,,0,0,,0,0,0,karnataka
251953,1922584,Kundapura,21,Kundapura (TMC) - Ward No.21,0,,0,0,,0,0,0,karnataka
251953,1922585,Kundapura,22,Kundapura (TMC) - Ward No.22,0,,0,0,,0,0,0,karnataka
251953,1922586,Kundapura,23,Kundapura (TMC) - Ward No.23,0,,0,0,,0,0,0,karnataka
251953,61564,Kundapura,3,Kundapura (TMC) - Ward No.3,0,,0,0,,0,0,0,karnataka
251953,61565,Kundapura,4,Kundapura (TMC) - Ward No.4,0,,0,0,,0,0,0,karnataka
251953,61566,Kundapura,5,Kundapura (TMC) - Ward No.5,0,,0,0,,0,0,0,karnataka
251953,61567,Kundapura,6,Kundapura (TMC) - Ward No.6,0,,0,0,,0,0,0,karnataka
251953,61568,Kundapura,7,Kundapura (TMC) - Ward No.7,0,,0,0,,0,0,0,karnataka
251953,61569,Kundapura,8,Kundapura (TMC) - Ward No.8,0,,0,0,,0,0,0,karnataka
251953,61570,Kundapura,9,Kundapura (TMC) - Ward No.9,0,,0,0,,0,0,0,karnataka
251898,28149,Kundgol,1,Kundgol (TP) - Ward No.1,0,,0,0,,0,0,0,karnataka
251898,28158,Kundgol,10,Kundgol (TP) - Ward No.10,0,,0,0,,0,0,0,karnataka
251898,28159,Kundgol,11,Kundgol (TP) - Ward No.11,0,,0,0,,0,0,0,karnataka
251898,28160,Kundgol,12,Kundgol (TP) - Ward No.12,0,,0,0,,0,0,0,karnataka
251898,28161,Kundgol,13,Kundgol (TP) - Ward No.13,0,,0,0,,0,0,0,karnataka
251898,28162,Kundgol,14,Kundgol (TP) - Ward No.14,0,,0,0,,0,0,0,karnataka
251898,28163,Kundgol,15,Kundgol (TP) - Ward No.15,0,,0,0,,0,0,0,karnataka
251898,2443629,Kundgol,16,Kundgol (TP) - Ward No.16,0,,0,0,,0,0,0,karnataka
251898,2443630,Kundgol,17,Kundgol (TP) - Ward No.17,0,,0,0,,0,0,0,karnataka
251898,2443631,Kundgol,18,Kundgol (TP) - Ward No.18,0,,0,0,,0,0,0,karnataka
251898,2443632,Kundgol,19,Kundgol (TP) - Ward No.19,0,,0,0,,0,0,0,karnataka
251898,28150,Kundgol,2,Kundgol (TP) - Ward No.2,0,,0,0,,0,0,0,karnataka
251898,28151,Kundgol,3,Kundgol (TP) - Ward No.3,0,,0,0,,0,0,0,karnataka
251898,28152,Kundgol,4,Kundgol (TP) - Ward No.4,0,,0,0,,0,0,0,karnataka
251898,28153,Kundgol,5,Kundgol (TP) - Ward No.5,0,,0,0,,0,0,0,karnataka
251898,28154,Kundgol,6,Kundgol (TP) - Ward No.6,0,,0,0,,0,0,0,karnataka
251898,28155,Kundgol,7,Kundgol (TP) - Ward No.7,0,,0,0,,0,0,0,karnataka
251898,28156,Kundgol,8,Kundgol (TP) - Ward No.8,0,,0,0,,0,0,0,karnataka
251898,28157,Kundgol,9,Kundgol (TP) - Ward No.9,0,,0,0,,0,0,0,karnataka
251977,25436,Kunigal,1,Kunigal (TMC) - Ward No.1,0,,0,0,,0,0,0,karnataka
251977,25545,Kunigal,10,Kunigal (TMC) - Ward No.10,0,,0,0,,0,0,0,karnataka
251977,25547,Kunigal,11,Kunigal (TMC) - Ward No.11,0,,0,0,,0,0,0,karnataka
251977,25549,Kunigal,12,Kunigal (TMC) - Ward No.12,0,,0,0,,0,0,0,karnataka
251977,25551,Kunigal,13,Kunigal (TMC) - Ward No.13,0,,0,0,,0,0,0,karnataka
251977,25553,Kunigal,14,Kunigal (TMC) - Ward No.14,0,,0,0,,0,0,0,karnataka
251977,25555,Kunigal,15,Kunigal (TMC) - Ward No.15,0,,0,0,,0,0,0,karnataka
251977,25557,Kunigal,16,Kunigal (TMC) - Ward No.16,0,,0,0,,0,0,0,karnataka
251977,25559,Kunigal,17,Kunigal (TMC) - Ward No.17,0,,0,0,,0,0,0,karnataka
251977,25561,Kunigal,18,Kunigal (TMC) - Ward No.18,0,,0,0,,0,0,0,karnataka
251977,25563,Kunigal,19,Kunigal (TMC) - Ward No.19,0,,0,0,,0,0,0,karnataka
251977,25438,Kunigal,2,Kunigal (TMC) - Ward No.2,0,,0,0,,0,0,0,karnataka
251977,25565,Kunigal,20,Kunigal (TMC) - Ward No.20,0,,0,0,,0,0,0,karnataka
251977,25567,Kunigal,21,Kunigal (TMC) - Ward No.21,0,,0,0,,0,0,0,karnataka
251977,25569,Kunigal,22,Kunigal (TMC) - Ward No.22,0,,0,0,,0,0,0,karnataka
251977,25571,Kunigal,23,Kunigal (TMC) - Ward No.23,0,,0,0,,0,0,0,karnataka
251977,25440,Kunigal,3,Kunigal (TMC) - Ward No.3,0,,0,0,,0,0,0,karnataka
251977,25533,Kunigal,4,Kunigal (TMC) - Ward No.4,0,,0,0,,0,0,0,karnataka
251977,25535,Kunigal,5,Kunigal (TMC) - Ward No.5,0,,0,0,,0,0,0,karnataka
251977,25537,Kunigal,6,Kunigal (TMC) - Ward No.6,0,,0,0,,0,0,0,karnataka
251977,25539,Kunigal,7,Kunigal (TMC) - Ward No.7,0,,0,0,,0,0,0,karnataka
251977,25541,Kunigal,8,Kunigal (TMC) - Ward No.8,0,,0,0,,0,0,0,karnataka
251977,25543,Kunigal,9,Kunigal (TMC) - Ward No.9,0,,0,0,,0,0,0,karnataka
276538,1296349,Kurekuppa,1,Ward-1,528,Ballari,565,5501,Sandur,5501,0,0,karnataka
276538,1296349,Kurekuppa,1,Ward-1,528,Ballari,565,5501,Sandur,5501,0,0,karnataka
276538,1296358,Kurekuppa,10,Ward-10,528,Ballari,565,5501,Sandur,5501,0,0,karnataka
276538,1296358,Kurekuppa,10,Ward-10,528,Ballari,565,5501,Sandur,5501,0,0,karnataka
276538,1296359,Kurekuppa,11,Ward-11,0,,0,0,,0,928673,0,karnataka
276538,1296359,Kurekuppa,11,Ward-11,0,,0,0,,0,928673,0,karnataka
276538,1296360,Kurekuppa,12,Ward-12,0,,0,0,,0,928673,0,karnataka
276538,1296360,Kurekuppa,12,Ward-12,0,,0,0,,0,928673,0,karnataka
276538,1296361,Kurekuppa,13,Ward-13,0,,0,0,,0,0,0,karnataka
276538,1296362,Kurekuppa,14,Ward-14,528,Ballari,565,5501,Sandur,5501,0,0,karnataka
276538,1296362,Kurekuppa,14,Ward-14,528,Ballari,565,5501,Sandur,5501,0,0,karnataka
276538,1296363,Kurekuppa,15,Ward-15,0,,0,0,,0,928673,0,karnataka
276538,1296363,Kurekuppa,15,Ward-15,0,,0,0,,0,928673,0,karnataka
276538,1296364,Kurekuppa,16,Ward-16,528,Ballari,565,5501,Sandur,5501,0,0,karnataka
276538,1296364,Kurekuppa,16,Ward-16,528,Ballari,565,5501,Sandur,5501,0,0,karnataka
276538,1296365,Kurekuppa,17,Ward-17,0,,0,0,,0,928673,0,karnataka
276538,1296365,Kurekuppa,17,Ward-17,0,,0,0,,0,928673,0,karnataka
276538,1296366,Kurekuppa,18,Ward-18,528,Ballari,565,5501,Sandur,5501,0,0,karnataka
276538,1296366,Kurekuppa,18,Ward-18,528,Ballari,565,5501,Sandur,5501,0,0,karnataka
276538,1296367,Kurekuppa,19,Ward-19,528,Ballari,565,5501,Sandur,5501,0,0,karnataka
276538,1296367,Kurekuppa,19,Ward-19,528,Ballari,565,5501,Sandur,5501,0,0,karnataka
276538,1296350,Kurekuppa,2,Ward-2,0,,0,0,,0,928673,0,karnataka
276538,1296350,Kurekuppa,2,Ward-2,0,,0,0,,0,928673,0,karnataka
276538,1296368,Kurekuppa,20,Ward-20,528,Ballari,565,5501,Sandur,5501,0,0,karnataka
276538,1296368,Kurekuppa,20,Ward-20,528,Ballari,565,5501,Sandur,5501,0,0,karnataka
276538,1296369,Kurekuppa,21,Ward-21,0,,0,0,,0,928673,0,karnataka
276538,1296369,Kurekuppa,21,Ward-21,0,,0,0,,0,928673,0,karnataka
276538,1296370,Kurekuppa,22,Ward-22,0,,0,0,,0,928673,0,karnataka
276538,1296370,Kurekuppa,22,Ward-22,0,,0,0,,0,928673,0,karnataka
276538,1296371,Kurekuppa,23,Ward-23,528,Ballari,565,5501,Sandur,5501,0,0,karnataka
276538,1296371,Kurekuppa,23,Ward-23,528,Ballari,565,5501,Sandur,5501,0,0,karnataka
276538,1296351,Kurekuppa,3,Ward-3,528,Ballari,565,5501,Sandur,5501,0,0,karnataka
276538,1296351,Kurekuppa,3,Ward-3,528,Ballari,565,5501,Sandur,5501,0,0,karnataka
276538,1296352,Kurekuppa,4,Ward-4,0,,0,0,,0,0,0,karnataka
276538,1296353,Kurekuppa,5,Ward-5,0,,0,0,,0,0,0,karnataka
276538,1296354,Kurekuppa,6,Ward-6,528,Ballari,565,5501,Sandur,5501,0,0,karnataka
276538,1296354,Kurekuppa,6,Ward-6,528,Ballari,565,5501,Sandur,5501,0,0,karnataka
276538,1296355,Kurekuppa,7,Ward-7,528,Ballari,565,5501,Sandur,5501,0,0,karnataka
276538,1296355,Kurekuppa,7,Ward-7,528,Ballari,565,5501,Sandur,5501,0,0,karnataka
276538,1296356,Kurekuppa,8,Ward-8,528,Ballari,565,5501,Sandur,5501,0,0,karnataka
276538,1296356,Kurekuppa,8,Ward-8,528,Ballari,565,5501,Sandur,5501,0,0,karnataka
276538,1296357,Kurekuppa,9,Ward-9,0,,0,0,,0,928673,0,karnataka
276538,1296357,Kurekuppa,9,Ward-9,0,,0,0,,0,928673,0,karnataka
276532,1295852,Kurugodu,1,Ward-1,0,,0,0,,0,928684,0,karnataka
276532,1295852,Kurugodu,1,Ward-1,0,,0,0,,0,928684,0,karnataka
276532,1295861,Kurugodu,10,Ward-10,528,Ballari,565,5500,Ballari,5500,0,0,karnataka
276532,1295861,Kurugodu,10,Ward-10,528,Ballari,565,5500,Ballari,5500,0,0,karnataka
276532,1295862,Kurugodu,11,Ward-11,528,Ballari,565,5500,Ballari,5500,0,0,karnataka
276532,1295862,Kurugodu,11,Ward-11,528,Ballari,565,5500,Ballari,5500,0,0,karnataka
276532,1295863,Kurugodu,12,Ward-12,528,Ballari,565,5500,Ballari,5500,0,0,karnataka
276532,1295863,Kurugodu,12,Ward-12,528,Ballari,565,5500,Ballari,5500,0,0,karnataka
276532,1295864,Kurugodu,13,Ward-13,0,,0,0,,0,928684,0,karnataka
276532,1295864,Kurugodu,13,Ward-13,0,,0,0,,0,928684,0,karnataka
276532,1295865,Kurugodu,14,Ward-14,0,,0,0,,0,0,0,karnataka
276532,1295866,Kurugodu,15,Ward-15,0,,0,0,,0,928684,0,karnataka
276532,1295866,Kurugodu,15,Ward-15,0,,0,0,,0,928684,0,karnataka
276532,1295867,Kurugodu,16,Ward-16,0,,0,0,,0,928684,0,karnataka
276532,1295867,Kurugodu,16,Ward-16,0,,0,0,,0,928684,0,karnataka
276532,1295868,Kurugodu,17,Ward-17,0,,0,0,,0,0,0,karnataka
276532,1295869,Kurugodu,18,Ward-18,528,Ballari,565,5500,Ballari,5500,0,0,karnataka
276532,1295869,Kurugodu,18,Ward-18,528,Ballari,565,5500,Ballari,5500,0,0,karnataka
276532,1295870,Kurugodu,19,Ward-19,528,Ballari,565,5500,Ballari,5500,0,0,karnataka
276532,1295870,Kurugodu,19,Ward-19,528,Ballari,565,5500,Ballari,5500,0,0,karnataka
276532,1295853,Kurugodu,2,Ward-2,0,,0,0,,0,0,0,karnataka
276532,1295871,Kurugodu,20,Ward-20,528,Ballari,565,5500,Ballari,5500,0,0,karnataka
276532,1295871,Kurugodu,20,Ward-20,528,Ballari,565,5500,Ballari,5500,0,0,karnataka
276532,1295872,Kurugodu,21,Ward-21,528,Ballari,565,5500,Ballari,5500,0,0,karnataka
276532,1295872,Kurugodu,21,Ward-21,528,Ballari,565,5500,Ballari,5500,0,0,karnataka
276532,1295873,Kurugodu,22,Ward-22,0,,0,0,,0,0,0,karnataka
276532,1295874,Kurugodu,23,Ward-23,528,Ballari,565,5500,Ballari,5500,0,0,karnataka
276532,1295874,Kurugodu,23,Ward-23,528,Ballari,565,5500,Ballari,5500,0,0,karnataka
276532,1295854,Kurugodu,3,Ward-3,528,Ballari,565,5500,Ballari,5500,0,0,karnataka
276532,1295854,Kurugodu,3,Ward-3,528,Ballari,565,5500,Ballari,5500,0,0,karnataka
276532,1295855,Kurugodu,4,Ward-4,0,,0,0,,0,928684,0,karnataka
276532,1295855,Kurugodu,4,Ward-4,0,,0,0,,0,928684,0,karnataka
276532,1295856,Kurugodu,5,Ward-5,0,,0,0,,0,928684,0,karnataka
276532,1295856,Kurugodu,5,Ward-5,0,,0,0,,0,928684,0,karnataka
276532,1295857,Kurugodu,6,Ward-6,528,Ballari,565,5500,Ballari,5500,0,0,karnataka
276532,1295857,Kurugodu,6,Ward-6,528,Ballari,565,5500,Ballari,5500,0,0,karnataka
276532,1295858,Kurugodu,7,Ward-7,528,Ballari,565,5500,Ballari,5500,0,0,karnataka
276532,1295858,Kurugodu,7,Ward-7,528,Ballari,565,5500,Ballari,5500,0,0,karnataka
276532,1295859,Kurugodu,8,Ward-8,528,Ballari,565,5500,Ballari,5500,0,0,karnataka
276532,1295859,Kurugodu,8,Ward-8,528,Ballari,565,5500,Ballari,5500,0,0,karnataka
276532,1295860,Kurugodu,9,Ward-9,528,Ballari,565,5500,Ballari,5500,0,0,karnataka
276532,1295860,Kurugodu,9,Ward-9,528,Ballari,565,5500,Ballari,5500,0,0,karnataka
252039,2910,Kushalnagar,10,"Kushalnagar-10(Avadhani Layout,Basappa Layout)",0,,0,0,,0,0,0,karnataka
252039,2911,Kushalnagar,11,"Kushalnagar-11(Dr.S.Radhakrishna Layout,Leftwing Of Someshwara Layout,Industrial Layout)",0,,0,0,,0,0,0,karnataka
252039,2912,Kushalnagar,12,"Kushalnagar-12(Dr.Shivarmkarantha Layout,Khb Colony,Gowda Samaj Road)",0,,0,0,,0,0,0,karnataka
252039,2951,Kushalnagar,13,"Kushalnagar-13(Neharu Layout,Siddaiah Puranik Layout,Hrp Layout)",0,,0,0,,0,0,0,karnataka
252039,2140887,Kushalnagar,14,Kushalnagar-14,0,,0,0,,0,0,0,karnataka
252039,2140888,Kushalnagar,15,Kushalnagar-15,0,,0,0,,0,0,0,karnataka
252039,2140889,Kushalnagar,16,Kushalnagar-16,0,,0,0,,0,0,0,karnataka
252039,28764,Kushalnagar,1,"Kushalnagar-1(R.Gunda Rao, North Part Of Baichanalli",0,,0,0,,0,0,0,karnataka
252039,2518,Kushalnagar,2,"Kushalnagar-2(Dr. B.R.Ambedkar Layout, Nijamuddin Layout)",0,,0,0,,0,0,0,karnataka
252039,3380,Kushalnagar,3,"Kushalnagar-3(Cauvery Layout, Indira Layout, Rightwing Of Aiyappaswamy Temple Road)",0,,0,0,,0,0,0,karnataka
252039,3381,Kushalnagar,4,"Kushal Nagar-4(Main Road Of Dandinapete, Left Wing Of Aiyappaswamy Temple Road)",0,,0,0,,0,0,0,karnataka
252039,2519,Kushalnagar,5,"Kushal Nagar-5 (Dandinapete, Awabhi Layout, Shanthi Marg)",0,,0,0,,0,0,0,karnataka
252039,2907,Kushalnagar,6,"Kushalnagar-6(Bapuji Layout,Town Colony,Ratha Beedhi)",0,,0,0,,0,0,0,karnataka
252039,2908,Kushalnagar,7,"Kushalnagar-7(Adhi Shankaracharya Layout,Vivekananda Layout,Russel Layout)",0,,0,0,,0,0,0,karnataka
252039,2909,Kushalnagar,8,"Kushalnagar-8(Kalamma Colony,Adarsha Dravida Colony)",0,,0,0,,0,0,0,karnataka
252039,3112,Kushalnagar,9,"Kushalnagar-9(Netaji Layout,Shailaja Layout,Shringaramma Layout)",0,,0,0,,0,0,0,karnataka
251880,27835,Kushtagi,1,Kushtagi (TMC) - Ward No.1,0,,0,0,,0,0,0,karnataka
251880,27844,Kushtagi,10,Kushtagi (TMC) - Ward No.10,0,,0,0,,0,0,0,karnataka
251880,27845,Kushtagi,11,Kushtagi (TMC) - Ward No.11,0,,0,0,,0,0,0,karnataka
251880,27846,Kushtagi,12,Kushtagi (TMC) - Ward No.12,0,,0,0,,0,0,0,karnataka
251880,27847,Kushtagi,13,Kushtagi (TMC) - Ward No.13,0,,0,0,,0,0,0,karnataka
251880,27848,Kushtagi,14,Kushtagi (TMC) - Ward No.14,0,,0,0,,0,0,0,karnataka
251880,27849,Kushtagi,15,Kushtagi (TMC) - Ward No.15,0,,0,0,,0,0,0,karnataka
251880,923374,Kushtagi,16,Kushtagi (TMC) - Ward No.16,0,,0,0,,0,0,0,karnataka
251880,923375,Kushtagi,17,Kushtagi (TMC) - Ward No.17,0,,0,0,,0,0,0,karnataka
251880,923376,Kushtagi,18,Kushtagi (TMC) - Ward No.18,0,,0,0,,0,0,0,karnataka
251880,923377,Kushtagi,19,Kushtagi (TMC) - Ward No.19,0,,0,0,,0,0,0,karnataka
251880,27836,Kushtagi,2,Kushtagi (TMC) - Ward No.2,0,,0,0,,0,0,0,karnataka
251880,923378,Kushtagi,20,Kushtagi (TMC) - Ward No.20,0,,0,0,,0,0,0,karnataka
251880,923379,Kushtagi,21,Kushtagi (TMC) - Ward No.21,0,,0,0,,0,0,0,karnataka
251880,923380,Kushtagi,22,Kushtagi (TMC) - Ward No.22,0,,0,0,,0,0,0,karnataka
251880,923381,Kushtagi,23,Kushtagi (TMC) - Ward No.23,0,,0,0,,0,0,0,karnataka
251880,27837,Kushtagi,3,Kushtagi (TMC) - Ward No.3,0,,0,0,,0,0,0,karnataka
251880,27838,Kushtagi,4,Kushtagi (TMC) - Ward No.4,0,,0,0,,0,0,0,karnataka
251880,27839,Kushtagi,5,Kushtagi (TMC) - Ward No.5,0,,0,0,,0,0,0,karnataka
251880,27840,Kushtagi,6,Kushtagi (TMC) - Ward No.6,0,,0,0,,0,0,0,karnataka
251880,27841,Kushtagi,7,Kushtagi (TMC) - Ward No.7,0,,0,0,,0,0,0,karnataka
251880,27842,Kushtagi,8,Kushtagi (TMC) - Ward No.8,0,,0,0,,0,0,0,karnataka
251880,27843,Kushtagi,9,Kushtagi (TMC) - Ward No.9,0,,0,0,,0,0,0,karnataka
251891,27999,Lakshmeshwar,1,Lakshmeshwar (TMC) - Ward No.1,0,,0,0,,0,0,0,karnataka
251891,28008,Lakshmeshwar,10,Lakshmeshwar (TMC) - Ward No.10,0,,0,0,,0,0,0,karnataka
251891,28009,Lakshmeshwar,11,Lakshmeshwar (TMC) - Ward No.11,0,,0,0,,0,0,0,karnataka
251891,28010,Lakshmeshwar,12,Lakshmeshwar (TMC) - Ward No.12,0,,0,0,,0,0,0,karnataka
251891,28011,Lakshmeshwar,13,Lakshmeshwar (TMC) - Ward No.13,0,,0,0,,0,0,0,karnataka
251891,28012,Lakshmeshwar,14,Lakshmeshwar (TMC) - Ward No.14,0,,0,0,,0,0,0,karnataka
251891,28013,Lakshmeshwar,15,Lakshmeshwar (TMC) - Ward No.15,0,,0,0,,0,0,0,karnataka
251891,28014,Lakshmeshwar,16,Lakshmeshwar (TMC) - Ward No.16,0,,0,0,,0,0,0,karnataka
251891,28015,Lakshmeshwar,17,Lakshmeshwar (TMC) - Ward No.17,0,,0,0,,0,0,0,karnataka
251891,28016,Lakshmeshwar,18,Lakshmeshwar (TMC) - Ward No.18,0,,0,0,,0,0,0,karnataka
251891,28017,Lakshmeshwar,19,Lakshmeshwar (TMC) - Ward No.19,0,,0,0,,0,0,0,karnataka
251891,28000,Lakshmeshwar,2,Lakshmeshwar (TMC) - Ward No.2,0,,0,0,,0,0,0,karnataka
251891,28018,Lakshmeshwar,20,Lakshmeshwar (TMC) - Ward No.20,0,,0,0,,0,0,0,karnataka
251891,28019,Lakshmeshwar,21,Lakshmeshwar (TMC) - Ward No.21,0,,0,0,,0,0,0,karnataka
251891,28020,Lakshmeshwar,22,Lakshmeshwar (TMC) - Ward No.22,0,,0,0,,0,0,0,karnataka
251891,28021,Lakshmeshwar,23,Lakshmeshwar (TMC) - Ward No.23,0,,0,0,,0,0,0,karnataka
251891,28001,Lakshmeshwar,3,Lakshmeshwar (TMC) - Ward No.3,0,,0,0,,0,0,0,karnataka
251891,28002,Lakshmeshwar,4,Lakshmeshwar (TMC) - Ward No.4,0,,0,0,,0,0,0,karnataka
251891,28003,Lakshmeshwar,5,Lakshmeshwar (TMC) - Ward No.5,0,,0,0,,0,0,0,karnataka
251891,28004,Lakshmeshwar,6,Lakshmeshwar (TMC) - Ward No.6,0,,0,0,,0,0,0,karnataka
251891,28005,Lakshmeshwar,7,Lakshmeshwar (TMC) - Ward No.7,0,,0,0,,0,0,0,karnataka
251891,28006,Lakshmeshwar,8,Lakshmeshwar (TMC) - Ward No.8,0,,0,0,,0,0,0,karnataka
251891,28007,Lakshmeshwar,9,Lakshmeshwar (TMC) - Ward No.9,0,,0,0,,0,0,0,karnataka
251871,2146700,Lingasugur,21,Lingsugur-21,0,,0,0,,0,0,0,karnataka
251871,2146701,Lingasugur,22,Lingsugur-22,0,,0,0,,0,0,0,karnataka
251871,2146702,Lingasugur,23,Lingsugur-23,0,,0,0,,0,0,0,karnataka
251871,27619,Lingasugur,1,Lingsugur (TP) - Ward No.1,0,,0,0,,0,0,0,karnataka
251871,27628,Lingasugur,10,Lingsugur (TP) - Ward No.10,0,,0,0,,0,0,0,karnataka
251871,27629,Lingasugur,11,Lingsugur (TP) - Ward No.11,0,,0,0,,0,0,0,karnataka
251871,27630,Lingasugur,12,Lingsugur (TP) - Ward No.12,0,,0,0,,0,0,0,karnataka
251871,27631,Lingasugur,13,Lingsugur (TP) - Ward No.13,0,,0,0,,0,0,0,karnataka
251871,27632,Lingasugur,14,Lingsugur (TP) - Ward No.14,0,,0,0,,0,0,0,karnataka
251871,27633,Lingasugur,15,Lingsugur (TP) - Ward No.15,0,,0,0,,0,0,0,karnataka
251871,27634,Lingasugur,16,Lingsugur (TP) - Ward No.16,0,,0,0,,0,0,0,karnataka
251871,27635,Lingasugur,17,Lingsugur (TP) - Ward No.17,0,,0,0,,0,0,0,karnataka
251871,27636,Lingasugur,18,Lingsugur (TP) - Ward No.18,0,,0,0,,0,0,0,karnataka
251871,27637,Lingasugur,19,Lingsugur (TP) - Ward No.19,0,,0,0,,0,0,0,karnataka
251871,27620,Lingasugur,2,Lingsugur (TP) - Ward No.2,0,,0,0,,0,0,0,karnataka
251871,27638,Lingasugur,20,Lingsugur (TP) - Ward No.20,0,,0,0,,0,0,0,karnataka
251871,27621,Lingasugur,3,Lingsugur (TP) - Ward No.3,0,,0,0,,0,0,0,karnataka
251871,27622,Lingasugur,4,Lingsugur (TP) - Ward No.4,0,,0,0,,0,0,0,karnataka
251871,27623,Lingasugur,5,Lingsugur (TP) - Ward No.5,0,,0,0,,0,0,0,karnataka
251871,27624,Lingasugur,6,Lingsugur (TP) - Ward No.6,0,,0,0,,0,0,0,karnataka
251871,27625,Lingasugur,7,Lingsugur (TP) - Ward No.7,0,,0,0,,0,0,0,karnataka
251871,27626,Lingasugur,8,Lingsugur (TP) - Ward No.8,0,,0,0,,0,0,0,karnataka
251871,27627,Lingasugur,9,Lingsugur (TP) - Ward No.9,0,,0,0,,0,0,0,karnataka
299317,3044535,Lokapura,1,Ward 1,0,,0,0,,0,0,0,karnataka
299317,3044544,Lokapura,10,Ward 10,0,,0,0,,0,0,0,karnataka
299317,3044545,Lokapura,11,Ward 11,0,,0,0,,0,0,0,karnataka
299317,3044546,Lokapura,12,Ward 12,0,,0,0,,0,0,0,karnataka
299317,3044547,Lokapura,13,Ward 13,0,,0,0,,0,0,0,karnataka
299317,3044548,Lokapura,14,Ward 14,0,,0,0,,0,0,0,karnataka
299317,3044549,Lokapura,15,Ward 15,0,,0,0,,0,0,0,karnataka
299317,3044536,Lokapura,2,Ward 2,0,,0,0,,0,0,0,karnataka
299317,3044537,Lokapura,3,Ward 3,0,,0,0,,0,0,0,karnataka
299317,3044538,Lokapura,4,Ward 4,0,,0,0,,0,0,0,karnataka
299317,3044539,Lokapura,5,Ward 5,0,,0,0,,0,0,0,karnataka
299317,3044540,Lokapura,6,Ward 6,0,,0,0,,0,0,0,karnataka
299317,3044541,Lokapura,7,Ward 7,0,,0,0,,0,0,0,karnataka
299317,3044542,Lokapura,8,Ward 8,0,,0,0,,0,0,0,karnataka
299317,3044543,Lokapura,9,Ward 9,0,,0,0,,0,0,0,karnataka
299332,3321274,Machhe,1,Ward 1,0,,0,0,,0,0,0,karnataka
299332,3321283,Machhe,10,Ward 10,0,,0,0,,0,0,0,karnataka
299332,3321284,Machhe,11,Ward 11,0,,0,0,,0,0,0,karnataka
299332,3321285,Machhe,12,Ward 12,0,,0,0,,0,0,0,karnataka
299332,3321286,Machhe,13,Ward 13,0,,0,0,,0,0,0,karnataka
299332,3321287,Machhe,14,Ward 14,0,,0,0,,0,0,0,karnataka
299332,3321288,Machhe,15,Ward 15,0,,0,0,,0,0,0,karnataka
299332,3321289,Machhe,16,Ward 16,0,,0,0,,0,0,0,karnataka
299332,3321290,Machhe,17,Ward 17,0,,0,0,,0,0,0,karnataka
299332,3321291,Machhe,18,Ward 18,0,,0,0,,0,0,0,karnataka
299332,3321292,Machhe,19,Ward 19,0,,0,0,,0,0,0,karnataka
299332,3321275,Machhe,2,Ward 2,0,,0,0,,0,0,0,karnataka
299332,3321276,Machhe,3,Ward 3,0,,0,0,,0,0,0,karnataka
299332,3321277,Machhe,4,Ward 4,0,,0,0,,0,0,0,karnataka
299332,3321278,Machhe,5,Ward 5,0,,0,0,,0,0,0,karnataka
299332,3321279,Machhe,6,Ward 6,0,,0,0,,0,0,0,karnataka
299332,3321280,Machhe,7,Ward 7,0,,0,0,,0,0,0,karnataka
299332,3321281,Machhe,8,Ward 8,0,,0,0,,0,0,0,karnataka
299332,3321282,Machhe,9,Ward 9,0,,0,0,,0,0,0,karnataka
296975,2179279,Madanayakanahalli,1,Madanayakanahalli-1,0,,0,0,,0,0,0,karnataka
296975,2179288,Madanayakanahalli,10,Madanayakanahalli-10,0,,0,0,,0,0,0,karnataka
296975,2179289,Madanayakanahalli,11,Madanayakanahalli-11,0,,0,0,,0,0,0,karnataka
296975,2179290,Madanayakanahalli,12,Madanayakanahalli-12,0,,0,0,,0,0,0,karnataka
296975,2179291,Madanayakanahalli,13,Madanayakanahalli-13,0,,0,0,,0,0,0,karnataka
296975,2179292,Madanayakanahalli,14,Madanayakanahalli-14,0,,0,0,,0,0,0,karnataka
296975,2179293,Madanayakanahalli,15,Madanayakanahalli-15,0,,0,0,,0,0,0,karnataka
296975,2179294,Madanayakanahalli,16,Madanayakanahalli-16,0,,0,0,,0,0,0,karnataka
296975,2179295,Madanayakanahalli,17,Madanayakanahalli-17,0,,0,0,,0,0,0,karnataka
296975,2179296,Madanayakanahalli,18,Madanayakanahalli-18,0,,0,0,,0,0,0,karnataka
296975,2179297,Madanayakanahalli,19,Madanayakanahalli-19,0,,0,0,,0,0,0,karnataka
296975,2179280,Madanayakanahalli,2,Madanayakanahalli-2,0,,0,0,,0,0,0,karnataka
296975,2179298,Madanayakanahalli,20,Madanayakanahalli-20,0,,0,0,,0,0,0,karnataka
296975,2179299,Madanayakanahalli,21,Madanayakanahalli-21,0,,0,0,,0,0,0,karnataka
296975,2179300,Madanayakanahalli,22,Madanayakanahalli-22,0,,0,0,,0,0,0,karnataka
296975,2179301,Madanayakanahalli,23,Madanayakanahalli-23,0,,0,0,,0,0,0,karnataka
296975,2179281,Madanayakanahalli,3,Madanayakanahalli-3,0,,0,0,,0,0,0,karnataka
296975,2179282,Madanayakanahalli,4,Madanayakanahalli-4,0,,0,0,,0,0,0,karnataka
296975,2179283,Madanayakanahalli,5,Madanayakanahalli-5,0,,0,0,,0,0,0,karnataka
296975,2179284,Madanayakanahalli,6,Madanayakanahalli-6,0,,0,0,,0,0,0,karnataka
296975,2179285,Madanayakanahalli,7,Madanayakanahalli-7,0,,0,0,,0,0,0,karnataka
296975,2179286,Madanayakanahalli,8,Madanayakanahalli-8,0,,0,0,,0,0,0,karnataka
296975,2179287,Madanayakanahalli,9,Madanayakanahalli-9,0,,0,0,,0,0,0,karnataka
296975,3044621,Madanayakanahalli,24,Ward 24,0,,0,0,,0,0,0,karnataka
296975,3044622,Madanayakanahalli,25,Ward 25,0,,0,0,,0,0,0,karnataka
296975,3044623,Madanayakanahalli,26,Ward 26,0,,0,0,,0,0,0,karnataka
296975,3044624,Madanayakanahalli,27,Ward 27,0,,0,0,,0,0,0,karnataka
296975,3044625,Madanayakanahalli,28,Ward 28,0,,0,0,,0,0,0,karnataka
296975,3044626,Madanayakanahalli,29,Ward 29,0,,0,0,,0,0,0,karnataka
296975,3044627,Madanayakanahalli,30,Ward 30,0,,0,0,,0,0,0,karnataka
296975,3044628,Madanayakanahalli,31,Ward 31,0,,0,0,,0,0,0,karnataka
252006,26765,Maddur,1,Maddur (TMC) - Ward No.1,0,,0,0,,0,0,0,karnataka
252006,26774,Maddur,10,Maddur (TMC) - Ward No.10,0,,0,0,,0,0,0,karnataka
252006,26775,Maddur,11,Maddur (TMC) - Ward No.11,0,,0,0,,0,0,0,karnataka
252006,26776,Maddur,12,Maddur (TMC) - Ward No.12,0,,0,0,,0,0,0,karnataka
252006,26777,Maddur,13,Maddur (TMC) - Ward No.13,0,,0,0,,0,0,0,karnataka
252006,26778,Maddur,14,Maddur (TMC) - Ward No.14,0,,0,0,,0,0,0,karnataka
252006,26779,Maddur,15,Maddur (TMC) - Ward No.15,0,,0,0,,0,0,0,karnataka
252006,26780,Maddur,16,Maddur (TMC) - Ward No.16,0,,0,0,,0,0,0,karnataka
252006,26781,Maddur,17,Maddur (TMC) - Ward No.17,0,,0,0,,0,0,0,karnataka
252006,26782,Maddur,18,Maddur (TMC) - Ward No.18,0,,0,0,,0,0,0,karnataka
252006,26783,Maddur,19,Maddur (TMC) - Ward No.19,0,,0,0,,0,0,0,karnataka
252006,26766,Maddur,2,Maddur (TMC) - Ward No.2,0,,0,0,,0,0,0,karnataka
252006,26784,Maddur,20,Maddur (TMC) - Ward No.20,0,,0,0,,0,0,0,karnataka
252006,27721,Maddur,21,Maddur (TMC) - Ward No.21,0,,0,0,,0,0,0,karnataka
252006,27722,Maddur,22,Maddur (TMC) - Ward No.22,0,,0,0,,0,0,0,karnataka
252006,27723,Maddur,23,Maddur (TMC) - Ward No.23,0,,0,0,,0,0,0,karnataka
252006,26767,Maddur,3,Maddur (TMC) - Ward No.3,0,,0,0,,0,0,0,karnataka
252006,26768,Maddur,4,Maddur (TMC) - Ward No.4,0,,0,0,,0,0,0,karnataka
252006,26769,Maddur,5,Maddur (TMC) - Ward No.5,0,,0,0,,0,0,0,karnataka
252006,26770,Maddur,6,Maddur (TMC) - Ward No.6,0,,0,0,,0,0,0,karnataka
252006,26771,Maddur,7,Maddur (TMC) - Ward No.7,0,,0,0,,0,0,0,karnataka
252006,26772,Maddur,8,Maddur (TMC) - Ward No.8,0,,0,0,,0,0,0,karnataka
252006,26773,Maddur,9,Maddur (TMC) - Ward No.9,0,,0,0,,0,0,0,karnataka
252006,3320435,Maddur,24,Ward No.24,0,,0,0,,0,0,0,karnataka
252006,3320436,Maddur,25,Ward No.25,0,,0,0,,0,0,0,karnataka
252006,3320437,Maddur,26,Ward No.26,0,,0,0,,0,0,0,karnataka
252006,3320438,Maddur,27,Ward No.27,0,,0,0,,0,0,0,karnataka
252006,3320439,Maddur,28,Ward No.28,0,,0,0,,0,0,0,karnataka
252006,3320440,Maddur,29,Ward No.29,0,,0,0,,0,0,0,karnataka
252006,3320441,Maddur,30,Ward No.30,0,,0,0,,0,0,0,karnataka
252006,3320442,Maddur,31,Ward No.31,0,,0,0,,0,0,0,karnataka
251971,2146687,Madhugiri,3,Madhugiri-3,0,,0,0,,0,0,0,karnataka
251971,25376,Madhugiri,1,Madhugiri (TMC) - Ward No.1,0,,0,0,,0,0,0,karnataka
251971,25384,Madhugiri,10,Madhugiri (TMC) - Ward No.10,0,,0,0,,0,0,0,karnataka
251971,25385,Madhugiri,11,Madhugiri (TMC) - Ward No.11,0,,0,0,,0,0,0,karnataka
251971,25386,Madhugiri,12,Madhugiri (TMC) - Ward No.12,0,,0,0,,0,0,0,karnataka
251971,25387,Madhugiri,13,Madhugiri (TMC) - Ward No.13,0,,0,0,,0,0,0,karnataka
251971,25388,Madhugiri,14,Madhugiri (TMC) - Ward No.14,0,,0,0,,0,0,0,karnataka
251971,25389,Madhugiri,15,Madhugiri (TMC) - Ward No.15,0,,0,0,,0,0,0,karnataka
251971,25390,Madhugiri,16,Madhugiri (TMC) - Ward No.16,0,,0,0,,0,0,0,karnataka
251971,25391,Madhugiri,17,Madhugiri (TMC) - Ward No.17,0,,0,0,,0,0,0,karnataka
251971,25392,Madhugiri,18,Madhugiri (TMC) - Ward No.18,0,,0,0,,0,0,0,karnataka
251971,25393,Madhugiri,19,Madhugiri (TMC) - Ward No.19,0,,0,0,,0,0,0,karnataka
251971,25377,Madhugiri,2,Madhugiri (TMC) - Ward No.2,0,,0,0,,0,0,0,karnataka
251971,25394,Madhugiri,20,Madhugiri (TMC) - Ward No.20,0,,0,0,,0,0,0,karnataka
251971,25395,Madhugiri,21,Madhugiri (TMC) - Ward No.21,0,,0,0,,0,0,0,karnataka
251971,25396,Madhugiri,22,Madhugiri (TMC) - Ward No.22,0,,0,0,,0,0,0,karnataka
251971,25397,Madhugiri,23,Madhugiri (TMC) - Ward No.23,0,,0,0,,0,0,0,karnataka
251971,25378,Madhugiri,4,Madhugiri (TMC) - Ward No.4,0,,0,0,,0,0,0,karnataka
251971,25379,Madhugiri,5,Madhugiri (TMC) - Ward No.5,0,,0,0,,0,0,0,karnataka
251971,25380,Madhugiri,6,Madhugiri (TMC) - Ward No.6,0,,0,0,,0,0,0,karnataka
251971,25381,Madhugiri,7,Madhugiri (TMC) - Ward No.7,0,,0,0,,0,0,0,karnataka
251971,25382,Madhugiri,8,Madhugiri (TMC) - Ward No.8,0,,0,0,,0,0,0,karnataka
251971,25383,Madhugiri,9,Madhugiri (TMC) - Ward No.9,0,,0,0,,0,0,0,karnataka
252037,28739,Madikeri,10,"Madikeri-10(Gowil Stree Left Wing,Post Office Road)",0,,0,0,,0,0,0,karnataka
252037,28740,Madikeri,11,"Madikeri-11(Gowil Street Right Wing,Rajaseat Road,Part Of Racecourse Road-11)",0,,0,0,,0,0,0,karnataka
252037,28741,Madikeri,12,"Madikeri-12(Gt Road,Banemotte Road,Chamaraj Villa Road,Temple Road)",0,,0,0,,0,0,0,karnataka
252037,28742,Madikeri,13,"Madikeri-13(Gt Circle,Temple Road,Chamraj Villa,Jayanagar,Murnad Road)",0,,0,0,,0,0,0,karnataka
252037,28743,Madikeri,14,"Madikeri-14(Mangaladevi Nagar,Murnad Road,Mangalore Road)",0,,0,0,,0,0,0,karnataka
252037,28744,Madikeri,15,"Madikeri-15(Roshanara Road,Murnad Road,Mysore Road,Ashokpura,D.C.Bunglow Area)",0,,0,0,,0,0,0,karnataka
252037,28745,Madikeri,16,"Madikeri-16(Mysore Road,Chamaraj Villa Bunglow)",0,,0,0,,0,0,0,karnataka
252037,28746,Madikeri,17,"Madikeri-17(Putani Nagar,Mysore Road)",0,,0,0,,0,0,0,karnataka
252037,28747,Madikeri,18,"Madikeri-18(Junior College Road,Forest Ranger Quarters Area,Part Of Raghavendra Temple Road)",0,,0,0,,0,0,0,karnataka
252037,28748,Madikeri,19,"Madikeri-19(Part Of Kannandabane,Mysore Road,Housing Board,Man Compound Road)",0,,0,0,,0,0,0,karnataka
252037,28730,Madikeri,1,Madikeri-1(Vidya Nagar),0,,0,0,,0,0,0,karnataka
252037,28749,Madikeri,20,"Madikeri-20(Right Wing Of Rajas Tomb Area,Azad Nagar,Rajarajeshwari School,Sampigekatte Road)",0,,0,0,,0,0,0,karnataka
252037,28750,Madikeri,21,"Madikeri-21(Rajarajeshwari Nagar,Ukkuda,Azad Nagar Road)",0,,0,0,,0,0,0,karnataka
252037,28751,Madikeri,22,"Madikeri-22(Junior College Road,Kannandabane,Back Side Road Of Basappa Theatre)",0,,0,0,,0,0,0,karnataka
252037,28752,Madikeri,23,"Madikeri-23(Dasawala,Ganapathi Street)",0,,0,0,,0,0,0,karnataka
252037,28731,Madikeri,2,"Madikeri -2(D.A.R.Area,Subramanya Nagar)",0,,0,0,,0,0,0,karnataka
252037,28732,Madikeri,3,"Madikeri -3(I.T.I,Part Of Bhagavathi Nagar,Part Of Convent Road)",0,,0,0,,0,0,0,karnataka
252037,28733,Madikeri,4,"Madikeri-4(Khb Colony,St.Joseph Convent)",0,,0,0,,0,0,0,karnataka
252037,28734,Madikeri,5,"Madikeri-5(Vincent Compound,Stewart Hill Road,Part Of Old Police Quarters)",0,,0,0,,0,0,0,karnataka
252037,28735,Madikeri,6,"Madikeri -6(Stewart Hill Road,Part Of Old Police Quarters)",0,,0,0,,0,0,0,karnataka
252037,28736,Madikeri,7,"Madikeri -7(Indira Nagar,Chamundeshwari Nagar,Mangalore Road)",0,,0,0,,0,0,0,karnataka
252037,28737,Madikeri,8,"Madikeri-8(Christian Graveyard Road,Racecourse Road)",0,,0,0,,0,0,0,karnataka
252037,28738,Madikeri,9,"Madikeri-9(Private Bus Stand,Khadhi Bhandara,Part Of Racecouse Road)",0,,0,0,,0,0,0,karnataka
251996,65125,Magadi,1,Magadi (TMC) - Ward No.1,0,,0,0,,0,0,0,karnataka
251996,65143,Magadi,10,Magadi (TMC) - Ward No.10,0,,0,0,,0,0,0,karnataka
251996,65145,Magadi,11,Magadi (TMC) - Ward No.11,0,,0,0,,0,0,0,karnataka
251996,65147,Magadi,12,Magadi (TMC) - Ward No.12,0,,0,0,,0,0,0,karnataka
251996,65149,Magadi,13,Magadi (TMC) - Ward No.13,0,,0,0,,0,0,0,karnataka
251996,65151,Magadi,14,Magadi (TMC) - Ward No.14,0,,0,0,,0,0,0,karnataka
251996,65153,Magadi,15,Magadi (TMC) - Ward No.15,0,,0,0,,0,0,0,karnataka
251996,65155,Magadi,16,Magadi (TMC) - Ward No.16,0,,0,0,,0,0,0,karnataka
251996,65157,Magadi,17,Magadi (TMC) - Ward No.17,0,,0,0,,0,0,0,karnataka
251996,65159,Magadi,18,Magadi (TMC) - Ward No.18,0,,0,0,,0,0,0,karnataka
251996,65161,Magadi,19,Magadi (TMC) - Ward No.19,0,,0,0,,0,0,0,karnataka
251996,65127,Magadi,2,Magadi (TMC) - Ward No.2,0,,0,0,,0,0,0,karnataka
251996,65163,Magadi,20,Magadi (TMC) - Ward No.20,0,,0,0,,0,0,0,karnataka
251996,65544,Magadi,21,Magadi (TMC) - Ward No.21,0,,0,0,,0,0,0,karnataka
251996,65546,Magadi,22,Magadi (TMC) - Ward No.22,0,,0,0,,0,0,0,karnataka
251996,65548,Magadi,23,Magadi (TMC) - Ward No.23,0,,0,0,,0,0,0,karnataka
251996,65129,Magadi,3,Magadi (TMC) - Ward No.3,0,,0,0,,0,0,0,karnataka
251996,65131,Magadi,4,Magadi (TMC) - Ward No.4,0,,0,0,,0,0,0,karnataka
251996,65133,Magadi,5,Magadi (TMC) - Ward No.5,0,,0,0,,0,0,0,karnataka
251996,65135,Magadi,6,Magadi (TMC) - Ward No.6,0,,0,0,,0,0,0,karnataka
251996,65137,Magadi,7,Magadi (TMC) - Ward No.7,0,,0,0,,0,0,0,karnataka
251996,65139,Magadi,8,Magadi (TMC) - Ward No.8,0,,0,0,,0,0,0,karnataka
251996,65141,Magadi,9,Magadi (TMC) - Ward No.9,0,,0,0,,0,0,0,karnataka
251830,63202,Mahalingpur,1,Mahalingpur (TMC) - Ward No.1,0,,0,0,,0,0,0,karnataka
251830,63207,Mahalingpur,10,Mahalingpur (TMC) - Ward No.10,0,,0,0,,0,0,0,karnataka
251830,63208,Mahalingpur,11,Mahalingpur (TMC) - Ward No.11,0,,0,0,,0,0,0,karnataka
251830,63209,Mahalingpur,12,Mahalingpur (TMC) - Ward No.12,0,,0,0,,0,0,0,karnataka
251830,63210,Mahalingpur,13,Mahalingpur (TMC) - Ward No.13,0,,0,0,,0,0,0,karnataka
251830,63211,Mahalingpur,14,Mahalingpur (TMC) - Ward No.14,0,,0,0,,0,0,0,karnataka
251830,63212,Mahalingpur,15,Mahalingpur (TMC) - Ward No.15,0,,0,0,,0,0,0,karnataka
251830,63213,Mahalingpur,16,Mahalingpur (TMC) - Ward No.16,0,,0,0,,0,0,0,karnataka
251830,63214,Mahalingpur,17,Mahalingpur (TMC) - Ward No.17,0,,0,0,,0,0,0,karnataka
251830,63215,Mahalingpur,18,Mahalingpur (TMC) - Ward No.18,0,,0,0,,0,0,0,karnataka
251830,63216,Mahalingpur,19,Mahalingpur (TMC) - Ward No.19,0,,0,0,,0,0,0,karnataka
251830,63203,Mahalingpur,2,Mahalingpur (TMC) - Ward No.2,0,,0,0,,0,0,0,karnataka
251830,63217,Mahalingpur,20,Mahalingpur (TMC) - Ward No.20,0,,0,0,,0,0,0,karnataka
251830,63218,Mahalingpur,21,Mahalingpur (TMC) - Ward No.21,0,,0,0,,0,0,0,karnataka
251830,63219,Mahalingpur,22,Mahalingpur (TMC) - Ward No.22,0,,0,0,,0,0,0,karnataka
251830,63220,Mahalingpur,23,Mahalingpur (TMC) - Ward No.23,0,,0,0,,0,0,0,karnataka
251830,63204,Mahalingpur,3,Mahalingpur (TMC) - Ward No.3,0,,0,0,,0,0,0,karnataka
251830,63205,Mahalingpur,4,Mahalingpur (TMC) - Ward No.4,0,,0,0,,0,0,0,karnataka
251830,63198,Mahalingpur,5,Mahalingpur (TMC) - Ward No.5,0,,0,0,,0,0,0,karnataka
251830,63199,Mahalingpur,6,Mahalingpur (TMC) - Ward No.6,0,,0,0,,0,0,0,karnataka
251830,63200,Mahalingpur,7,Mahalingpur (TMC) - Ward No.7,0,,0,0,,0,0,0,karnataka
251830,63201,Mahalingpur,8,Mahalingpur (TMC) - Ward No.8,0,,0,0,,0,0,0,karnataka
251830,63206,Mahalingpur,9,Mahalingpur (TMC) - Ward No.9,0,,0,0,,0,0,0,karnataka
252007,65585,Malavalli,1,Malavalli (TMC) - Ward No.1,0,,0,0,,0,0,0,karnataka
252007,65594,Malavalli,10,Malavalli (TMC) - Ward No.10,0,,0,0,,0,0,0,karnataka
252007,65595,Malavalli,11,Malavalli (TMC) - Ward No.11,0,,0,0,,0,0,0,karnataka
252007,65596,Malavalli,12,Malavalli (TMC) - Ward No.12,0,,0,0,,0,0,0,karnataka
252007,65597,Malavalli,13,Malavalli (TMC) - Ward No.13,0,,0,0,,0,0,0,karnataka
252007,65598,Malavalli,14,Malavalli (TMC) - Ward No.14,0,,0,0,,0,0,0,karnataka
252007,65599,Malavalli,15,Malavalli (TMC) - Ward No.15,0,,0,0,,0,0,0,karnataka
252007,65600,Malavalli,16,Malavalli (TMC) - Ward No.16,0,,0,0,,0,0,0,karnataka
252007,65601,Malavalli,17,Malavalli (TMC) - Ward No.17,0,,0,0,,0,0,0,karnataka
252007,65602,Malavalli,18,Malavalli (TMC) - Ward No.18,0,,0,0,,0,0,0,karnataka
252007,65603,Malavalli,19,Malavalli (TMC) - Ward No.19,0,,0,0,,0,0,0,karnataka
252007,65586,Malavalli,2,Malavalli (TMC) - Ward No.2,0,,0,0,,0,0,0,karnataka
252007,65604,Malavalli,20,Malavalli (TMC) - Ward No.20,0,,0,0,,0,0,0,karnataka
252007,65605,Malavalli,21,Malavalli (TMC) - Ward No.21,0,,0,0,,0,0,0,karnataka
252007,65606,Malavalli,22,Malavalli (TMC) - Ward No.22,0,,0,0,,0,0,0,karnataka
252007,65607,Malavalli,23,Malavalli (TMC) - Ward No.23,0,,0,0,,0,0,0,karnataka
252007,65587,Malavalli,3,Malavalli (TMC) - Ward No.3,0,,0,0,,0,0,0,karnataka
252007,65588,Malavalli,4,Malavalli (TMC) - Ward No.4,0,,0,0,,0,0,0,karnataka
252007,65589,Malavalli,5,Malavalli (TMC) - Ward No.5,0,,0,0,,0,0,0,karnataka
252007,65590,Malavalli,6,Malavalli (TMC) - Ward No.6,0,,0,0,,0,0,0,karnataka
252007,65591,Malavalli,7,Malavalli (TMC) - Ward No.7,0,,0,0,,0,0,0,karnataka
252007,65592,Malavalli,8,Malavalli (TMC) - Ward No.8,0,,0,0,,0,0,0,karnataka
252007,65593,Malavalli,9,Malavalli (TMC) - Ward No.9,0,,0,0,,0,0,0,karnataka
276556,1294649,Malebennuru,1,Ward-1,0,,0,0,,0,928766,0,karnataka
276556,1294649,Malebennuru,1,Ward-1,0,,0,0,,0,928766,0,karnataka
276556,1294658,Malebennuru,10,Ward-10,0,,0,0,,0,928766,0,karnataka
276556,1294658,Malebennuru,10,Ward-10,0,,0,0,,0,928766,0,karnataka
276556,1294659,Malebennuru,11,Ward-11,0,,0,0,,0,928766,0,karnataka
276556,1294659,Malebennuru,11,Ward-11,0,,0,0,,0,928766,0,karnataka
276556,1294660,Malebennuru,12,Ward-12,535,Davanagere,567,5509,Harihar,5509,0,0,karnataka
276556,1294660,Malebennuru,12,Ward-12,535,Davanagere,567,5509,Harihar,5509,0,0,karnataka
276556,1294661,Malebennuru,13,Ward-13,0,,0,0,,0,0,0,karnataka
276556,1294662,Malebennuru,14,Ward-14,535,Davanagere,567,5509,Harihar,5509,0,0,karnataka
276556,1294662,Malebennuru,14,Ward-14,535,Davanagere,567,5509,Harihar,5509,0,0,karnataka
276556,1294663,Malebennuru,15,Ward-15,0,,0,0,,0,928766,0,karnataka
276556,1294663,Malebennuru,15,Ward-15,0,,0,0,,0,928766,0,karnataka
276556,1294664,Malebennuru,16,Ward-16,535,Davanagere,567,5509,Harihar,5509,0,0,karnataka
276556,1294664,Malebennuru,16,Ward-16,535,Davanagere,567,5509,Harihar,5509,0,0,karnataka
276556,1294665,Malebennuru,17,Ward-17,0,,0,0,,0,928766,0,karnataka
276556,1294665,Malebennuru,17,Ward-17,0,,0,0,,0,928766,0,karnataka
276556,1294666,Malebennuru,18,Ward-18,535,Davanagere,567,5509,Harihar,5509,0,0,karnataka
276556,1294666,Malebennuru,18,Ward-18,535,Davanagere,567,5509,Harihar,5509,0,0,karnataka
276556,2890336,Malebennuru,19,Ward 19,0,,0,0,,0,0,0,karnataka
276556,1294650,Malebennuru,2,Ward-2,535,Davanagere,567,5509,Harihar,5509,0,0,karnataka
276556,1294650,Malebennuru,2,Ward-2,535,Davanagere,567,5509,Harihar,5509,0,0,karnataka
276556,2890337,Malebennuru,20,Ward 20,0,,0,0,,0,0,0,karnataka
276556,2890338,Malebennuru,21,Ward21,0,,0,0,,0,0,0,karnataka
276556,2890339,Malebennuru,22,Ward22,0,,0,0,,0,0,0,karnataka
276556,2890340,Malebennuru,23,Ward23,0,,0,0,,0,0,0,karnataka
276556,1294651,Malebennuru,3,Ward-3,535,Davanagere,567,5509,Harihar,5509,0,0,karnataka
276556,1294651,Malebennuru,3,Ward-3,535,Davanagere,567,5509,Harihar,5509,0,0,karnataka
276556,1294652,Malebennuru,4,Ward-4,0,,0,0,,0,928766,0,karnataka
276556,1294652,Malebennuru,4,Ward-4,0,,0,0,,0,928766,0,karnataka
276556,1294653,Malebennuru,5,Ward-5,0,,0,0,,0,928766,0,karnataka
276556,1294653,Malebennuru,5,Ward-5,0,,0,0,,0,928766,0,karnataka
276556,1294654,Malebennuru,6,Ward-6,535,Davanagere,567,5509,Harihar,5509,0,0,karnataka
276556,1294654,Malebennuru,6,Ward-6,535,Davanagere,567,5509,Harihar,5509,0,0,karnataka
276556,1294655,Malebennuru,7,Ward-7,535,Davanagere,567,5509,Harihar,5509,0,0,karnataka
276556,1294655,Malebennuru,7,Ward-7,535,Davanagere,567,5509,Harihar,5509,0,0,karnataka
276556,1294656,Malebennuru,8,Ward-8,535,Davanagere,567,5509,Harihar,5509,0,0,karnataka
276556,1294656,Malebennuru,8,Ward-8,535,Davanagere,567,5509,Harihar,5509,0,0,karnataka
276556,1294657,Malebennuru,9,Ward-9,0,,0,0,,0,928766,0,karnataka
276556,1294657,Malebennuru,9,Ward-9,0,,0,0,,0,928766,0,karnataka
251986,25796,Malur,1,Malur (TMC) - Ward No.1,0,,0,0,,0,0,0,karnataka
251986,25805,Malur,10,Malur (TMC) - Ward No.10,0,,0,0,,0,0,0,karnataka
251986,25806,Malur,11,Malur (TMC) - Ward No.11,0,,0,0,,0,0,0,karnataka
251986,25807,Malur,12,Malur (TMC) - Ward No.12,0,,0,0,,0,0,0,karnataka
251986,25808,Malur,13,Malur (TMC) - Ward No.13,0,,0,0,,0,0,0,karnataka
251986,25809,Malur,14,Malur (TMC) - Ward No.14,0,,0,0,,0,0,0,karnataka
251986,25810,Malur,15,Malur (TMC) - Ward No.15,0,,0,0,,0,0,0,karnataka
251986,25811,Malur,16,Malur (TMC) - Ward No.16,0,,0,0,,0,0,0,karnataka
251986,25812,Malur,17,Malur (TMC) - Ward No.17,0,,0,0,,0,0,0,karnataka
251986,25813,Malur,18,Malur (TMC) - Ward No.18,0,,0,0,,0,0,0,karnataka
251986,25814,Malur,19,Malur (TMC) - Ward No.19,0,,0,0,,0,0,0,karnataka
251986,25797,Malur,2,Malur (TMC) - Ward No.2,0,,0,0,,0,0,0,karnataka
251986,25815,Malur,20,Malur (TMC) - Ward No.20,0,,0,0,,0,0,0,karnataka
251986,25816,Malur,21,Malur (TMC) - Ward No.21,0,,0,0,,0,0,0,karnataka
251986,25817,Malur,22,Malur (TMC) - Ward No.22,0,,0,0,,0,0,0,karnataka
251986,25818,Malur,23,Malur (TMC) - Ward No.23,0,,0,0,,0,0,0,karnataka
251986,2443637,Malur,24,Malur (TMC) - Ward No.24,0,,0,0,,0,0,0,karnataka
251986,2443638,Malur,25,Malur (TMC) - Ward No.25,0,,0,0,,0,0,0,karnataka
251986,2443639,Malur,26,Malur (TMC) - Ward No.26,0,,0,0,,0,0,0,karnataka
251986,2443640,Malur,27,Malur (TMC) - Ward No.27,0,,0,0,,0,0,0,karnataka
251986,25798,Malur,3,Malur (TMC) - Ward No.3,0,,0,0,,0,0,0,karnataka
251986,25799,Malur,4,Malur (TMC) - Ward No.4,0,,0,0,,0,0,0,karnataka
251986,25800,Malur,5,Malur (TMC) - Ward No.5,0,,0,0,,0,0,0,karnataka
251986,25801,Malur,6,Malur (TMC) - Ward No.6,0,,0,0,,0,0,0,karnataka
251986,25802,Malur,7,Malur (TMC) - Ward No.7,0,,0,0,,0,0,0,karnataka
251986,25803,Malur,8,Malur (TMC) - Ward No.8,0,,0,0,,0,0,0,karnataka
251986,25804,Malur,9,Malur (TMC) - Ward No.9,0,,0,0,,0,0,0,karnataka
251986,3320443,Malur,28,Ward No.28,0,,0,0,,0,0,0,karnataka
251986,3320444,Malur,29,Ward No.29,0,,0,0,,0,0,0,karnataka
251986,3320445,Malur,30,Ward No.30,0,,0,0,,0,0,0,karnataka
251986,3320446,Malur,31,Ward No.31,0,,0,0,,0,0,0,karnataka
276541,1296183,Managuli,1,Ward-1,530,Vijayapura,557,5452,Basavana Bagevadi,5452,0,0,karnataka
276541,1296183,Managuli,1,Ward-1,530,Vijayapura,557,5452,Basavana Bagevadi,5452,0,0,karnataka
276541,1296192,Managuli,10,Ward-10,530,Vijayapura,557,5452,Basavana Bagevadi,5452,0,0,karnataka
276541,1296192,Managuli,10,Ward-10,530,Vijayapura,557,5452,Basavana Bagevadi,5452,0,0,karnataka
276541,1296193,Managuli,11,Ward-11,530,Vijayapura,557,5452,Basavana Bagevadi,5452,0,0,karnataka
276541,1296193,Managuli,11,Ward-11,530,Vijayapura,557,5452,Basavana Bagevadi,5452,0,0,karnataka
276541,1296194,Managuli,12,Ward-12,0,,0,0,,0,928553,0,karnataka
276541,1296194,Managuli,12,Ward-12,0,,0,0,,0,928553,0,karnataka
276541,1296195,Managuli,13,Ward-13,0,,0,0,,0,928553,0,karnataka
276541,1296195,Managuli,13,Ward-13,0,,0,0,,0,928553,0,karnataka
276541,1296196,Managuli,14,Ward-14,0,,0,0,,0,928553,0,karnataka
276541,1296196,Managuli,14,Ward-14,0,,0,0,,0,928553,0,karnataka
276541,1296197,Managuli,15,Ward-15,530,Vijayapura,557,5452,Basavana Bagevadi,5452,0,0,karnataka
276541,1296197,Managuli,15,Ward-15,530,Vijayapura,557,5452,Basavana Bagevadi,5452,0,0,karnataka
276541,1296198,Managuli,16,Ward-16,0,,0,0,,0,928553,0,karnataka
276541,1296198,Managuli,16,Ward-16,0,,0,0,,0,928553,0,karnataka
276541,1296184,Managuli,2,Ward-2,0,,0,0,,0,0,0,karnataka
276541,1296185,Managuli,3,Ward-3,530,Vijayapura,557,5452,Basavana Bagevadi,5452,0,0,karnataka
276541,1296185,Managuli,3,Ward-3,530,Vijayapura,557,5452,Basavana Bagevadi,5452,0,0,karnataka
276541,1296186,Managuli,4,Ward-4,530,Vijayapura,557,5452,Basavana Bagevadi,5452,0,0,karnataka
276541,1296186,Managuli,4,Ward-4,530,Vijayapura,557,5452,Basavana Bagevadi,5452,0,0,karnataka
276541,1296187,Managuli,5,Ward-5,530,Vijayapura,557,5452,Basavana Bagevadi,5452,0,0,karnataka
276541,1296187,Managuli,5,Ward-5,530,Vijayapura,557,5452,Basavana Bagevadi,5452,0,0,karnataka
276541,1296188,Managuli,6,Ward-6,0,,0,0,,0,928553,0,karnataka
276541,1296188,Managuli,6,Ward-6,0,,0,0,,0,928553,0,karnataka
276541,1296189,Managuli,7,Ward-7,530,Vijayapura,557,5452,Basavana Bagevadi,5452,0,0,karnataka
276541,1296189,Managuli,7,Ward-7,530,Vijayapura,557,5452,Basavana Bagevadi,5452,0,0,karnataka
276541,1296190,Managuli,8,Ward-8,530,Vijayapura,557,5452,Basavana Bagevadi,5452,0,0,karnataka
276541,1296190,Managuli,8,Ward-8,530,Vijayapura,557,5452,Basavana Bagevadi,5452,0,0,karnataka
276541,1296191,Managuli,9,Ward-9,530,Vijayapura,557,5452,Basavana Bagevadi,5452,0,0,karnataka
276541,1296191,Managuli,9,Ward-9,530,Vijayapura,557,5452,Basavana Bagevadi,5452,0,0,karnataka
252005,65550,Mandya,1,Mandya (Cmc) - Ward No.1,0,,0,0,,0,0,0,karnataka
252005,65559,Mandya,10,Mandya (Cmc) - Ward No.10,0,,0,0,,0,0,0,karnataka
252005,65560,Mandya,11,Mandya (Cmc) - Ward No.11,0,,0,0,,0,0,0,karnataka
252005,65561,Mandya,12,Mandya (Cmc) - Ward No.12,0,,0,0,,0,0,0,karnataka
252005,65562,Mandya,13,Mandya (Cmc) - Ward No.13,0,,0,0,,0,0,0,karnataka
252005,65563,Mandya,14,Mandya (Cmc) - Ward No.14,0,,0,0,,0,0,0,karnataka
252005,65564,Mandya,15,Mandya (Cmc) - Ward No.15,0,,0,0,,0,0,0,karnataka
252005,65565,Mandya,16,Mandya (Cmc) - Ward No.16,0,,0,0,,0,0,0,karnataka
252005,65566,Mandya,17,Mandya (Cmc) - Ward No.17,0,,0,0,,0,0,0,karnataka
252005,65567,Mandya,18,Mandya (Cmc) - Ward No.18,0,,0,0,,0,0,0,karnataka
252005,65568,Mandya,19,Mandya (Cmc) - Ward No.19,0,,0,0,,0,0,0,karnataka
252005,65551,Mandya,2,Mandya (Cmc) - Ward No.2,0,,0,0,,0,0,0,karnataka
252005,65569,Mandya,20,Mandya (Cmc) - Ward No.20,0,,0,0,,0,0,0,karnataka
252005,65570,Mandya,21,Mandya (Cmc) - Ward No.21,0,,0,0,,0,0,0,karnataka
252005,65571,Mandya,22,Mandya (Cmc) - Ward No.22,0,,0,0,,0,0,0,karnataka
252005,65572,Mandya,23,Mandya (Cmc) - Ward No.23,0,,0,0,,0,0,0,karnataka
252005,65573,Mandya,24,Mandya (Cmc) - Ward No.24,0,,0,0,,0,0,0,karnataka
252005,65574,Mandya,25,Mandya (Cmc) - Ward No.25,0,,0,0,,0,0,0,karnataka
252005,65575,Mandya,26,Mandya (Cmc) - Ward No.26,0,,0,0,,0,0,0,karnataka
252005,65576,Mandya,27,Mandya (Cmc) - Ward No.27,0,,0,0,,0,0,0,karnataka
252005,65577,Mandya,28,Mandya (Cmc) - Ward No.28,0,,0,0,,0,0,0,karnataka
252005,65578,Mandya,29,Mandya (Cmc) - Ward No.29,0,,0,0,,0,0,0,karnataka
252005,65552,Mandya,3,Mandya (Cmc) - Ward No.3,0,,0,0,,0,0,0,karnataka
252005,65579,Mandya,30,Mandya (Cmc) - Ward No.30,0,,0,0,,0,0,0,karnataka
252005,65580,Mandya,31,Mandya (Cmc) - Ward No.31,0,,0,0,,0,0,0,karnataka
252005,65581,Mandya,32,Mandya (Cmc) - Ward No.32,0,,0,0,,0,0,0,karnataka
252005,65582,Mandya,33,Mandya (Cmc) - Ward No.33,0,,0,0,,0,0,0,karnataka
252005,65583,Mandya,34,Mandya (Cmc) - Ward No.34,0,,0,0,,0,0,0,karnataka
252005,65584,Mandya,35,Mandya (Cmc) - Ward No.35,0,,0,0,,0,0,0,karnataka
252005,65553,Mandya,4,Mandya (Cmc) - Ward No.4,0,,0,0,,0,0,0,karnataka
252005,65554,Mandya,5,Mandya (Cmc) - Ward No.5,0,,0,0,,0,0,0,karnataka
252005,65555,Mandya,6,Mandya (Cmc) - Ward No.6,0,,0,0,,0,0,0,karnataka
252005,65556,Mandya,7,Mandya (Cmc) - Ward No.7,0,,0,0,,0,0,0,karnataka
252005,65557,Mandya,8,Mandya (Cmc) - Ward No.8,0,,0,0,,0,0,0,karnataka
252005,65558,Mandya,9,Mandya (Cmc) - Ward No.9,0,,0,0,,0,0,0,karnataka
252021,28212,Mangaluru,1,Mangalore (M Corp.) - Ward No.1,0,,0,0,,0,0,0,karnataka
252021,28221,Mangaluru,10,Mangalore (M Corp.) - Ward No.10,0,,0,0,,0,0,0,karnataka
252021,28222,Mangaluru,11,Mangalore (M Corp.) - Ward No.11,0,,0,0,,0,0,0,karnataka
252021,28223,Mangaluru,12,Mangalore (M Corp.) - Ward No.12,0,,0,0,,0,0,0,karnataka
252021,28224,Mangaluru,13,Mangalore (M Corp.) - Ward No.13,0,,0,0,,0,0,0,karnataka
252021,28225,Mangaluru,14,Mangalore (M Corp.) - Ward No.14,0,,0,0,,0,0,0,karnataka
252021,28226,Mangaluru,15,Mangalore (M Corp.) - Ward No.15,0,,0,0,,0,0,0,karnataka
252021,28227,Mangaluru,16,Mangalore (M Corp.) - Ward No.16,0,,0,0,,0,0,0,karnataka
252021,28228,Mangaluru,17,Mangalore (M Corp.) - Ward No.17,0,,0,0,,0,0,0,karnataka
252021,28229,Mangaluru,18,Mangalore (M Corp.) - Ward No.18,0,,0,0,,0,0,0,karnataka
252021,28230,Mangaluru,19,Mangalore (M Corp.) - Ward No.19,0,,0,0,,0,0,0,karnataka
252021,28213,Mangaluru,2,Mangalore (M Corp.) - Ward No.2,0,,0,0,,0,0,0,karnataka
252021,28231,Mangaluru,20,Mangalore (M Corp.) - Ward No.20,0,,0,0,,0,0,0,karnataka
252021,28232,Mangaluru,21,Mangalore (M Corp.) - Ward No.21,0,,0,0,,0,0,0,karnataka
252021,28233,Mangaluru,22,Mangalore (M Corp.) - Ward No.22,0,,0,0,,0,0,0,karnataka
252021,28234,Mangaluru,23,Mangalore (M Corp.) - Ward No.23,0,,0,0,,0,0,0,karnataka
252021,28235,Mangaluru,24,Mangalore (M Corp.) - Ward No.24,0,,0,0,,0,0,0,karnataka
252021,28236,Mangaluru,25,Mangalore (M Corp.) - Ward No.25,0,,0,0,,0,0,0,karnataka
252021,28237,Mangaluru,26,Mangalore (M Corp.) - Ward No.26,0,,0,0,,0,0,0,karnataka
252021,28238,Mangaluru,27,Mangalore (M Corp.) - Ward No.27,0,,0,0,,0,0,0,karnataka
252021,28239,Mangaluru,28,Mangalore (M Corp.) - Ward No.28,0,,0,0,,0,0,0,karnataka
252021,28240,Mangaluru,29,Mangalore (M Corp.) - Ward No.29,0,,0,0,,0,0,0,karnataka
252021,28214,Mangaluru,3,Mangalore (M Corp.) - Ward No.3,0,,0,0,,0,0,0,karnataka
252021,28241,Mangaluru,30,Mangalore (M Corp.) - Ward No.30,0,,0,0,,0,0,0,karnataka
252021,28242,Mangaluru,31,Mangalore (M Corp.) - Ward No.31,0,,0,0,,0,0,0,karnataka
252021,28243,Mangaluru,32,Mangalore (M Corp.) - Ward No.32,0,,0,0,,0,0,0,karnataka
252021,28244,Mangaluru,33,Mangalore (M Corp.) - Ward No.33,0,,0,0,,0,0,0,karnataka
252021,28245,Mangaluru,34,Mangalore (M Corp.) - Ward No.34,0,,0,0,,0,0,0,karnataka
252021,28246,Mangaluru,35,Mangalore (M Corp.) - Ward No.35,0,,0,0,,0,0,0,karnataka
252021,28247,Mangaluru,36,Mangalore (M Corp.) - Ward No.36,0,,0,0,,0,0,0,karnataka
252021,28248,Mangaluru,37,Mangalore (M Corp.) - Ward No.37,0,,0,0,,0,0,0,karnataka
252021,28249,Mangaluru,38,Mangalore (M Corp.) - Ward No.38,0,,0,0,,0,0,0,karnataka
252021,28250,Mangaluru,39,Mangalore (M Corp.) - Ward No.39,0,,0,0,,0,0,0,karnataka
252021,28215,Mangaluru,4,Mangalore (M Corp.) - Ward No.4,0,,0,0,,0,0,0,karnataka
252021,28251,Mangaluru,40,Mangalore (M Corp.) - Ward No.40,0,,0,0,,0,0,0,karnataka
252021,28252,Mangaluru,41,Mangalore (M Corp.) - Ward No.41,0,,0,0,,0,0,0,karnataka
252021,28253,Mangaluru,42,Mangalore (M Corp.) - Ward No.42,0,,0,0,,0,0,0,karnataka
252021,28254,Mangaluru,43,Mangalore (M Corp.) - Ward No.43,0,,0,0,,0,0,0,karnataka
252021,28255,Mangaluru,44,Mangalore (M Corp.) - Ward No.44,0,,0,0,,0,0,0,karnataka
252021,28344,Mangaluru,45,Mangalore (M Corp.) - Ward No.45,0,,0,0,,0,0,0,karnataka
252021,28345,Mangaluru,46,Mangalore (M Corp.) - Ward No.46,0,,0,0,,0,0,0,karnataka
252021,28346,Mangaluru,47,Mangalore (M Corp.) - Ward No.47,0,,0,0,,0,0,0,karnataka
252021,28347,Mangaluru,48,Mangalore (M Corp.) - Ward No.48,0,,0,0,,0,0,0,karnataka
252021,28348,Mangaluru,49,Mangalore (M Corp.) - Ward No.49,0,,0,0,,0,0,0,karnataka
252021,28216,Mangaluru,5,Mangalore (M Corp.) - Ward No.5,0,,0,0,,0,0,0,karnataka
252021,28349,Mangaluru,50,Mangalore (M Corp.) - Ward No.50,0,,0,0,,0,0,0,karnataka
252021,28350,Mangaluru,51,Mangalore (M Corp.) - Ward No.51,0,,0,0,,0,0,0,karnataka
252021,28351,Mangaluru,52,Mangalore (M Corp.) - Ward No.52,0,,0,0,,0,0,0,karnataka
252021,28352,Mangaluru,53,Mangalore (M Corp.) - Ward No.53,0,,0,0,,0,0,0,karnataka
252021,28353,Mangaluru,54,Mangalore (M Corp.) - Ward No.54,0,,0,0,,0,0,0,karnataka
252021,28354,Mangaluru,55,Mangalore (M Corp.) - Ward No.55,0,,0,0,,0,0,0,karnataka
252021,28355,Mangaluru,56,Mangalore (M Corp.) - Ward No.56,0,,0,0,,0,0,0,karnataka
252021,28356,Mangaluru,57,Mangalore (M Corp.) - Ward No.57,0,,0,0,,0,0,0,karnataka
252021,28357,Mangaluru,58,Mangalore (M Corp.) - Ward No.58,0,,0,0,,0,0,0,karnataka
252021,28358,Mangaluru,59,Mangalore (M Corp.) - Ward No.59,0,,0,0,,0,0,0,karnataka
252021,28217,Mangaluru,6,Mangalore (M Corp.) - Ward No.6,0,,0,0,,0,0,0,karnataka
252021,28359,Mangaluru,60,Mangalore (M Corp.) - Ward No.60,0,,0,0,,0,0,0,karnataka
252021,28218,Mangaluru,7,Mangalore (M Corp.) - Ward No.7,0,,0,0,,0,0,0,karnataka
252021,28219,Mangaluru,8,Mangalore (M Corp.) - Ward No.8,0,,0,0,,0,0,0,karnataka
252021,28220,Mangaluru,9,Mangalore (M Corp.) - Ward No.9,0,,0,0,,0,0,0,karnataka
299328,3046825,Manki,1,Ward 1,0,,0,0,,0,0,0,karnataka
299328,3046834,Manki,10,Ward 10,0,,0,0,,0,0,0,karnataka
299328,3046835,Manki,11,Ward 11,0,,0,0,,0,0,0,karnataka
299328,3046836,Manki,12,Ward 12,0,,0,0,,0,0,0,karnataka
299328,3046837,Manki,13,Ward 13,0,,0,0,,0,0,0,karnataka
299328,3046838,Manki,14,Ward 14,0,,0,0,,0,0,0,karnataka
299328,3046839,Manki,15,Ward 15,0,,0,0,,0,0,0,karnataka
299328,3046840,Manki,16,Ward 16,0,,0,0,,0,0,0,karnataka
299328,3046841,Manki,17,Ward 17,0,,0,0,,0,0,0,karnataka
299328,3046842,Manki,18,Ward 18,0,,0,0,,0,0,0,karnataka
299328,3046843,Manki,19,Ward 19,0,,0,0,,0,0,0,karnataka
299328,3046826,Manki,2,Ward 2,0,,0,0,,0,0,0,karnataka
299328,3046844,Manki,20,Ward 20,0,,0,0,,0,0,0,karnataka
299328,3046827,Manki,3,Ward 3,0,,0,0,,0,0,0,karnataka
299328,3046828,Manki,4,Ward 4,0,,0,0,,0,0,0,karnataka
299328,3046829,Manki,5,Ward 5,0,,0,0,,0,0,0,karnataka
299328,3046830,Manki,6,Ward 6,0,,0,0,,0,0,0,karnataka
299328,3046831,Manki,7,Ward 7,0,,0,0,,0,0,0,karnataka
299328,3046832,Manki,8,Ward 8,0,,0,0,,0,0,0,karnataka
299328,3046833,Manki,9,Ward 9,0,,0,0,,0,0,0,karnataka
251877,27691,Manvi,1,Manvi (TMC) - Ward No.1,0,,0,0,,0,0,0,karnataka
251877,27700,Manvi,10,Manvi (TMC) - Ward No.10,0,,0,0,,0,0,0,karnataka
251877,27701,Manvi,11,Manvi (TMC) - Ward No.11,0,,0,0,,0,0,0,karnataka
251877,27702,Manvi,12,Manvi (TMC) - Ward No.12,0,,0,0,,0,0,0,karnataka
251877,27703,Manvi,13,Manvi (TMC) - Ward No.13,0,,0,0,,0,0,0,karnataka
251877,27704,Manvi,14,Manvi (TMC) - Ward No.14,0,,0,0,,0,0,0,karnataka
251877,27705,Manvi,15,Manvi (TMC) - Ward No.15,0,,0,0,,0,0,0,karnataka
251877,27706,Manvi,16,Manvi (TMC) - Ward No.16,0,,0,0,,0,0,0,karnataka
251877,27707,Manvi,17,Manvi (TMC) - Ward No.17,0,,0,0,,0,0,0,karnataka
251877,27708,Manvi,18,Manvi (TMC) - Ward No.18,0,,0,0,,0,0,0,karnataka
251877,27709,Manvi,19,Manvi (TMC) - Ward No.19,0,,0,0,,0,0,0,karnataka
251877,27692,Manvi,2,Manvi (TMC) - Ward No.2,0,,0,0,,0,0,0,karnataka
251877,27710,Manvi,20,Manvi (TMC) - Ward No.20,0,,0,0,,0,0,0,karnataka
251877,27711,Manvi,21,Manvi (TMC) - Ward No.21,0,,0,0,,0,0,0,karnataka
251877,27712,Manvi,22,Manvi (TMC) - Ward No.22,0,,0,0,,0,0,0,karnataka
251877,27713,Manvi,23,Manvi (TMC) - Ward No.23,0,,0,0,,0,0,0,karnataka
251877,2443645,Manvi,24,Manvi (TMC) - Ward No.24,0,,0,0,,0,0,0,karnataka
251877,2443646,Manvi,25,Manvi (TMC) - Ward No.25,0,,0,0,,0,0,0,karnataka
251877,2443647,Manvi,26,Manvi (TMC) - Ward No.26,0,,0,0,,0,0,0,karnataka
251877,2443648,Manvi,27,Manvi (TMC) - Ward No.27,0,,0,0,,0,0,0,karnataka
251877,27693,Manvi,3,Manvi (TMC) - Ward No.3,0,,0,0,,0,0,0,karnataka
251877,27694,Manvi,4,Manvi (TMC) - Ward No.4,0,,0,0,,0,0,0,karnataka
251877,27695,Manvi,5,Manvi (TMC) - Ward No.5,0,,0,0,,0,0,0,karnataka
251877,27696,Manvi,6,Manvi (TMC) - Ward No.6,0,,0,0,,0,0,0,karnataka
251877,27697,Manvi,7,Manvi (TMC) - Ward No.7,0,,0,0,,0,0,0,karnataka
251877,27698,Manvi,8,Manvi (TMC) - Ward No.8,0,,0,0,,0,0,0,karnataka
251877,27699,Manvi,9,Manvi (TMC) - Ward No.9,0,,0,0,,0,0,0,karnataka
276474,1295834,Mariyammanahalli,1,Ward-1,0,,0,0,,0,928199,0,karnataka
276474,1295834,Mariyammanahalli,1,Ward-1,0,,0,0,,0,928199,0,karnataka
276474,1295843,Mariyammanahalli,10,Ward-10,738,Vijayanagara,0,5498,Hosapete,5498,0,0,karnataka
276474,1295843,Mariyammanahalli,10,Ward-10,738,Vijayanagara,0,5498,Hosapete,5498,0,0,karnataka
276474,1295844,Mariyammanahalli,11,Ward-11,0,,0,0,,0,928199,0,karnataka
276474,1295844,Mariyammanahalli,11,Ward-11,0,,0,0,,0,928199,0,karnataka
276474,1295845,Mariyammanahalli,12,Ward-12,738,Vijayanagara,0,5498,Hosapete,5498,0,0,karnataka
276474,1295845,Mariyammanahalli,12,Ward-12,738,Vijayanagara,0,5498,Hosapete,5498,0,0,karnataka
276474,1295846,Mariyammanahalli,13,Ward-13,738,Vijayanagara,0,5498,Hosapete,5498,0,0,karnataka
276474,1295846,Mariyammanahalli,13,Ward-13,738,Vijayanagara,0,5498,Hosapete,5498,0,0,karnataka
276474,1295847,Mariyammanahalli,14,Ward-14,738,Vijayanagara,0,5498,Hosapete,5498,0,0,karnataka
276474,1295847,Mariyammanahalli,14,Ward-14,738,Vijayanagara,0,5498,Hosapete,5498,0,0,karnataka
276474,1295848,Mariyammanahalli,15,Ward-15,0,,0,0,,0,928199,0,karnataka
276474,1295848,Mariyammanahalli,15,Ward-15,0,,0,0,,0,928199,0,karnataka
276474,1295849,Mariyammanahalli,16,Ward-16,0,,0,0,,0,928199,0,karnataka
276474,1295849,Mariyammanahalli,16,Ward-16,0,,0,0,,0,928199,0,karnataka
276474,1295850,Mariyammanahalli,17,Ward-17,738,Vijayanagara,0,5498,Hosapete,5498,0,0,karnataka
276474,1295850,Mariyammanahalli,17,Ward-17,738,Vijayanagara,0,5498,Hosapete,5498,0,0,karnataka
276474,1295851,Mariyammanahalli,18,Ward-18,0,,0,0,,0,928199,0,karnataka
276474,1295851,Mariyammanahalli,18,Ward-18,0,,0,0,,0,928199,0,karnataka
276474,1295835,Mariyammanahalli,2,Ward-2,0,,0,0,,0,928199,0,karnataka
276474,1295835,Mariyammanahalli,2,Ward-2,0,,0,0,,0,928199,0,karnataka
276474,1295836,Mariyammanahalli,3,Ward-3,738,Vijayanagara,0,5498,Hosapete,5498,0,0,karnataka
276474,1295836,Mariyammanahalli,3,Ward-3,738,Vijayanagara,0,5498,Hosapete,5498,0,0,karnataka
276474,1295837,Mariyammanahalli,4,Ward-4,738,Vijayanagara,0,5498,Hosapete,5498,0,0,karnataka
276474,1295837,Mariyammanahalli,4,Ward-4,738,Vijayanagara,0,5498,Hosapete,5498,0,0,karnataka
276474,1295838,Mariyammanahalli,5,Ward-5,0,,0,0,,0,928199,0,karnataka
276474,1295838,Mariyammanahalli,5,Ward-5,0,,0,0,,0,928199,0,karnataka
276474,1295839,Mariyammanahalli,6,Ward-6,0,,0,0,,0,928199,0,karnataka
276474,1295839,Mariyammanahalli,6,Ward-6,0,,0,0,,0,928199,0,karnataka
276474,1295840,Mariyammanahalli,7,Ward-7,0,,0,0,,0,928199,0,karnataka
276474,1295840,Mariyammanahalli,7,Ward-7,0,,0,0,,0,928199,0,karnataka
276474,1295841,Mariyammanahalli,8,Ward-8,738,Vijayanagara,0,5498,Hosapete,5498,0,0,karnataka
276474,1295841,Mariyammanahalli,8,Ward-8,738,Vijayanagara,0,5498,Hosapete,5498,0,0,karnataka
276474,1295842,Mariyammanahalli,9,Ward-9,738,Vijayanagara,0,5498,Hosapete,5498,0,0,karnataka
276474,1295842,Mariyammanahalli,9,Ward-9,738,Vijayanagara,0,5498,Hosapete,5498,0,0,karnataka
276519,1293431,Maski,1,Ward-1,546,Raichur,559,5459,Lingasugur,5459,0,0,karnataka
276519,1293431,Maski,1,Ward-1,546,Raichur,559,5459,Lingasugur,5459,0,0,karnataka
276519,1293440,Maski,10,Ward-10,0,,0,0,,0,928639,0,karnataka
276519,1293440,Maski,10,Ward-10,0,,0,0,,0,928639,0,karnataka
276519,1293441,Maski,11,Ward-11,546,Raichur,559,5459,Lingasugur,5459,0,0,karnataka
276519,1293441,Maski,11,Ward-11,546,Raichur,559,5459,Lingasugur,5459,0,0,karnataka
276519,1293442,Maski,12,Ward-12,546,Raichur,559,5459,Lingasugur,5459,0,0,karnataka
276519,1293442,Maski,12,Ward-12,546,Raichur,559,5459,Lingasugur,5459,0,0,karnataka
276519,1293443,Maski,13,Ward-13,546,Raichur,559,5459,Lingasugur,5459,0,0,karnataka
276519,1293443,Maski,13,Ward-13,546,Raichur,559,5459,Lingasugur,5459,0,0,karnataka
276519,1293444,Maski,14,Ward-14,546,Raichur,559,5459,Lingasugur,5459,0,0,karnataka
276519,1293444,Maski,14,Ward-14,546,Raichur,559,5459,Lingasugur,5459,0,0,karnataka
276519,1293445,Maski,15,Ward-15,546,Raichur,559,5459,Lingasugur,5459,0,0,karnataka
276519,1293445,Maski,15,Ward-15,546,Raichur,559,5459,Lingasugur,5459,0,0,karnataka
276519,1293446,Maski,16,Ward-16,546,Raichur,559,5459,Lingasugur,5459,0,0,karnataka
276519,1293446,Maski,16,Ward-16,546,Raichur,559,5459,Lingasugur,5459,0,0,karnataka
276519,1293447,Maski,17,Ward-17,546,Raichur,559,5459,Lingasugur,5459,0,0,karnataka
276519,1293447,Maski,17,Ward-17,546,Raichur,559,5459,Lingasugur,5459,0,0,karnataka
276519,1293448,Maski,18,Ward-18,546,Raichur,559,5459,Lingasugur,5459,0,0,karnataka
276519,1293448,Maski,18,Ward-18,546,Raichur,559,5459,Lingasugur,5459,0,0,karnataka
276519,1293449,Maski,19,Ward-19,546,Raichur,559,5459,Lingasugur,5459,0,0,karnataka
276519,1293449,Maski,19,Ward-19,546,Raichur,559,5459,Lingasugur,5459,0,0,karnataka
276519,1293432,Maski,2,Ward-2,0,,0,0,,0,928639,0,karnataka
276519,1293432,Maski,2,Ward-2,0,,0,0,,0,928639,0,karnataka
276519,1293450,Maski,20,Ward-20,546,Raichur,559,5459,Lingasugur,5459,0,0,karnataka
276519,1293450,Maski,20,Ward-20,546,Raichur,559,5459,Lingasugur,5459,0,0,karnataka
276519,1293451,Maski,21,Ward-21,0,,0,0,,0,928639,0,karnataka
276519,1293451,Maski,21,Ward-21,0,,0,0,,0,928639,0,karnataka
276519,1293452,Maski,22,Ward-22,546,Raichur,559,5459,Lingasugur,5459,0,0,karnataka
276519,1293452,Maski,22,Ward-22,546,Raichur,559,5459,Lingasugur,5459,0,0,karnataka
276519,1293453,Maski,23,Ward-23,0,,0,0,,0,928639,0,karnataka
276519,1293453,Maski,23,Ward-23,0,,0,0,,0,928639,0,karnataka
276519,1293433,Maski,3,Ward-3,546,Raichur,559,5459,Lingasugur,5459,0,0,karnataka
276519,1293433,Maski,3,Ward-3,546,Raichur,559,5459,Lingasugur,5459,0,0,karnataka
276519,1293434,Maski,4,Ward-4,0,,0,0,,0,928639,0,karnataka
276519,1293434,Maski,4,Ward-4,0,,0,0,,0,928639,0,karnataka
276519,1293435,Maski,5,Ward-5,546,Raichur,559,5459,Lingasugur,5459,0,0,karnataka
276519,1293435,Maski,5,Ward-5,546,Raichur,559,5459,Lingasugur,5459,0,0,karnataka
276519,1293436,Maski,6,Ward-6,0,,0,0,,0,928639,0,karnataka
276519,1293436,Maski,6,Ward-6,0,,0,0,,0,928639,0,karnataka
276519,1293437,Maski,7,Ward-7,0,,0,0,,0,928639,0,karnataka
276519,1293437,Maski,7,Ward-7,0,,0,0,,0,928639,0,karnataka
276519,1293438,Maski,8,Ward-8,546,Raichur,559,5459,Lingasugur,5459,0,0,karnataka
276519,1293438,Maski,8,Ward-8,546,Raichur,559,5459,Lingasugur,5459,0,0,karnataka
276519,1293439,Maski,9,Ward-9,546,Raichur,559,5459,Lingasugur,5459,0,0,karnataka
276519,1293439,Maski,9,Ward-9,546,Raichur,559,5459,Lingasugur,5459,0,0,karnataka
299417,2867085,Mkhubballi,1,Ward 1,0,,0,0,,0,0,0,karnataka
299417,2867094,Mkhubballi,10,Ward 10,0,,0,0,,0,0,0,karnataka
299417,2867095,Mkhubballi,11,Ward 11,0,,0,0,,0,0,0,karnataka
299417,2867096,Mkhubballi,12,Ward 12,0,,0,0,,0,0,0,karnataka
299417,2867097,Mkhubballi,13,Ward 13,0,,0,0,,0,0,0,karnataka
299417,2867098,Mkhubballi,14,Ward 14,0,,0,0,,0,0,0,karnataka
299417,2867086,Mkhubballi,2,Ward 2,0,,0,0,,0,0,0,karnataka
299417,2867087,Mkhubballi,3,Ward 3,0,,0,0,,0,0,0,karnataka
299417,2867088,Mkhubballi,4,Ward 4,0,,0,0,,0,0,0,karnataka
299417,2867089,Mkhubballi,5,Ward 5,0,,0,0,,0,0,0,karnataka
299417,2867090,Mkhubballi,6,Ward 6,0,,0,0,,0,0,0,karnataka
299417,2867091,Mkhubballi,7,Ward 7,0,,0,0,,0,0,0,karnataka
299417,2867092,Mkhubballi,8,Ward 8,0,,0,0,,0,0,0,karnataka
299417,2867093,Mkhubballi,9,Ward 9,0,,0,0,,0,0,0,karnataka
251932,30855,Molakalmuru,1,Molakalmuru (TP) - Ward No.1,0,,0,0,,0,0,0,karnataka
251932,30864,Molakalmuru,10,Molakalmuru (TP) - Ward No.10,0,,0,0,,0,0,0,karnataka
251932,30865,Molakalmuru,11,Molakalmuru (TP) - Ward No.11,0,,0,0,,0,0,0,karnataka
251932,30866,Molakalmuru,12,Molakalmuru (TP) - Ward No.12,0,,0,0,,0,0,0,karnataka
251932,1886154,Molakalmuru,13,Molakalmuru (TP) - Ward No.13,0,,0,0,,0,0,0,karnataka
251932,1886155,Molakalmuru,14,Molakalmuru (TP) - Ward No.14,0,,0,0,,0,0,0,karnataka
251932,1886156,Molakalmuru,15,Molakalmuru (TP) - Ward No.15,0,,0,0,,0,0,0,karnataka
251932,1886157,Molakalmuru,16,Molakalmuru (TP) - Ward No.16,0,,0,0,,0,0,0,karnataka
251932,30856,Molakalmuru,2,Molakalmuru (TP) - Ward No.2,0,,0,0,,0,0,0,karnataka
251932,30857,Molakalmuru,3,Molakalmuru (TP) - Ward No.3,0,,0,0,,0,0,0,karnataka
251932,30858,Molakalmuru,4,Molakalmuru (TP) - Ward No.4,0,,0,0,,0,0,0,karnataka
251932,30859,Molakalmuru,5,Molakalmuru (TP) - Ward No.5,0,,0,0,,0,0,0,karnataka
251932,30860,Molakalmuru,6,Molakalmuru (TP) - Ward No.6,0,,0,0,,0,0,0,karnataka
251932,30861,Molakalmuru,7,Molakalmuru (TP) - Ward No.7,0,,0,0,,0,0,0,karnataka
251932,30862,Molakalmuru,8,Molakalmuru (TP) - Ward No.8,0,,0,0,,0,0,0,karnataka
251932,30863,Molakalmuru,9,Molakalmuru (TP) - Ward No.9,0,,0,0,,0,0,0,karnataka
251815,24720,Mudalgi,1,Mudalgi (TMC) - Ward No.1,0,,0,0,,0,0,0,karnataka
251815,24729,Mudalgi,10,Mudalgi (TMC) - Ward No.10,0,,0,0,,0,0,0,karnataka
251815,24730,Mudalgi,11,Mudalgi (TMC) - Ward No.11,0,,0,0,,0,0,0,karnataka
251815,24731,Mudalgi,12,Mudalgi (TMC) - Ward No.12,0,,0,0,,0,0,0,karnataka
251815,24732,Mudalgi,13,Mudalgi (TMC) - Ward No.13,0,,0,0,,0,0,0,karnataka
251815,24733,Mudalgi,14,Mudalgi (TMC) - Ward No.14,0,,0,0,,0,0,0,karnataka
251815,24734,Mudalgi,15,Mudalgi (TMC) - Ward No.15,0,,0,0,,0,0,0,karnataka
251815,24735,Mudalgi,16,Mudalgi (TMC) - Ward No.16,0,,0,0,,0,0,0,karnataka
251815,24736,Mudalgi,17,Mudalgi (TMC) - Ward No.17,0,,0,0,,0,0,0,karnataka
251815,24737,Mudalgi,18,Mudalgi (TMC) - Ward No.18,0,,0,0,,0,0,0,karnataka
251815,24738,Mudalgi,19,Mudalgi (TMC) - Ward No.19,0,,0,0,,0,0,0,karnataka
251815,24721,Mudalgi,2,Mudalgi (TMC) - Ward No.2,0,,0,0,,0,0,0,karnataka
251815,24739,Mudalgi,20,Mudalgi (TMC) - Ward No.20,0,,0,0,,0,0,0,karnataka
251815,24740,Mudalgi,21,Mudalgi (TMC) - Ward No.21,0,,0,0,,0,0,0,karnataka
251815,24741,Mudalgi,22,Mudalgi (TMC) - Ward No.22,0,,0,0,,0,0,0,karnataka
251815,24742,Mudalgi,23,Mudalgi (TMC) - Ward No.23,0,,0,0,,0,0,0,karnataka
251815,24722,Mudalgi,3,Mudalgi (TMC) - Ward No.3,0,,0,0,,0,0,0,karnataka
251815,24723,Mudalgi,4,Mudalgi (TMC) - Ward No.4,0,,0,0,,0,0,0,karnataka
251815,24724,Mudalgi,5,Mudalgi (TMC) - Ward No.5,0,,0,0,,0,0,0,karnataka
251815,24725,Mudalgi,6,Mudalgi (TMC) - Ward No.6,0,,0,0,,0,0,0,karnataka
251815,24726,Mudalgi,7,Mudalgi (TMC) - Ward No.7,0,,0,0,,0,0,0,karnataka
251815,24727,Mudalgi,8,Mudalgi (TMC) - Ward No.8,0,,0,0,,0,0,0,karnataka
251815,24728,Mudalgi,9,Mudalgi (TMC) - Ward No.9,0,,0,0,,0,0,0,karnataka
252018,65671,Mudbidri,1,Mudbidri (TMC) - Ward No.1,0,,0,0,,0,0,0,karnataka
252018,65680,Mudbidri,10,Mudbidri (TMC) - Ward No.10,0,,0,0,,0,0,0,karnataka
252018,65681,Mudbidri,11,Mudbidri (TMC) - Ward No.11,0,,0,0,,0,0,0,karnataka
252018,65682,Mudbidri,12,Mudbidri (TMC) - Ward No.12,0,,0,0,,0,0,0,karnataka
252018,65683,Mudbidri,13,Mudbidri (TMC) - Ward No.13,0,,0,0,,0,0,0,karnataka
252018,65684,Mudbidri,14,Mudbidri (TMC) - Ward No.14,0,,0,0,,0,0,0,karnataka
252018,65685,Mudbidri,15,Mudbidri (TMC) - Ward No.15,0,,0,0,,0,0,0,karnataka
252018,65686,Mudbidri,16,Mudbidri (TMC) - Ward No.16,0,,0,0,,0,0,0,karnataka
252018,65687,Mudbidri,17,Mudbidri (TMC) - Ward No.17,0,,0,0,,0,0,0,karnataka
252018,65688,Mudbidri,18,Mudbidri (TMC) - Ward No.18,0,,0,0,,0,0,0,karnataka
252018,65689,Mudbidri,19,Mudbidri (TMC) - Ward No.19,0,,0,0,,0,0,0,karnataka
252018,65672,Mudbidri,2,Mudbidri (TMC) - Ward No.2,0,,0,0,,0,0,0,karnataka
252018,65690,Mudbidri,20,Mudbidri (TMC) - Ward No.20,0,,0,0,,0,0,0,karnataka
252018,65691,Mudbidri,21,Mudbidri (TMC) - Ward No.21,0,,0,0,,0,0,0,karnataka
252018,65692,Mudbidri,22,Mudbidri (TMC) - Ward No.22,0,,0,0,,0,0,0,karnataka
252018,65693,Mudbidri,23,Mudbidri (TMC) - Ward No.23,0,,0,0,,0,0,0,karnataka
252018,65673,Mudbidri,3,Mudbidri (TMC) - Ward No.3,0,,0,0,,0,0,0,karnataka
252018,65674,Mudbidri,4,Mudbidri (TMC) - Ward No.4,0,,0,0,,0,0,0,karnataka
252018,65675,Mudbidri,5,Mudbidri (TMC) - Ward No.5,0,,0,0,,0,0,0,karnataka
252018,65676,Mudbidri,6,Mudbidri (TMC) - Ward No.6,0,,0,0,,0,0,0,karnataka
252018,65677,Mudbidri,7,Mudbidri (TMC) - Ward No.7,0,,0,0,,0,0,0,karnataka
252018,65678,Mudbidri,8,Mudbidri (TMC) - Ward No.8,0,,0,0,,0,0,0,karnataka
252018,65679,Mudbidri,9,Mudbidri (TMC) - Ward No.9,0,,0,0,,0,0,0,karnataka
251846,26376,Muddebihal,1,Muddebihal (TMC) - Ward No.1,0,,0,0,,0,0,0,karnataka
251846,26385,Muddebihal,10,Muddebihal (TMC) - Ward No.10,0,,0,0,,0,0,0,karnataka
251846,26386,Muddebihal,11,Muddebihal (TMC) - Ward No.11,0,,0,0,,0,0,0,karnataka
251846,26387,Muddebihal,12,Muddebihal (TMC) - Ward No.12,0,,0,0,,0,0,0,karnataka
251846,26388,Muddebihal,13,Muddebihal (TMC) - Ward No.13,0,,0,0,,0,0,0,karnataka
251846,26389,Muddebihal,14,Muddebihal (TMC) - Ward No.14,0,,0,0,,0,0,0,karnataka
251846,26390,Muddebihal,15,Muddebihal (TMC) - Ward No.15,0,,0,0,,0,0,0,karnataka
251846,26391,Muddebihal,16,Muddebihal (TMC) - Ward No.16,0,,0,0,,0,0,0,karnataka
251846,26392,Muddebihal,17,Muddebihal (TMC) - Ward No.17,0,,0,0,,0,0,0,karnataka
251846,26393,Muddebihal,18,Muddebihal (TMC) - Ward No.18,0,,0,0,,0,0,0,karnataka
251846,26394,Muddebihal,19,Muddebihal (TMC) - Ward No.19,0,,0,0,,0,0,0,karnataka
251846,26377,Muddebihal,2,Muddebihal (TMC) - Ward No.2,0,,0,0,,0,0,0,karnataka
251846,26395,Muddebihal,20,Muddebihal (TMC) - Ward No.20,0,,0,0,,0,0,0,karnataka
251846,26396,Muddebihal,21,Muddebihal (TMC) - Ward No.21,0,,0,0,,0,0,0,karnataka
251846,26397,Muddebihal,22,Muddebihal (TMC) - Ward No.22,0,,0,0,,0,0,0,karnataka
251846,26398,Muddebihal,23,Muddebihal (TMC) - Ward No.23,0,,0,0,,0,0,0,karnataka
251846,26378,Muddebihal,3,Muddebihal (TMC) - Ward No.3,0,,0,0,,0,0,0,karnataka
251846,26379,Muddebihal,4,Muddebihal (TMC) - Ward No.4,0,,0,0,,0,0,0,karnataka
251846,26380,Muddebihal,5,Muddebihal (TMC) - Ward No.5,0,,0,0,,0,0,0,karnataka
251846,26381,Muddebihal,6,Muddebihal (TMC) - Ward No.6,0,,0,0,,0,0,0,karnataka
251846,26382,Muddebihal,7,Muddebihal (TMC) - Ward No.7,0,,0,0,,0,0,0,karnataka
251846,26383,Muddebihal,8,Muddebihal (TMC) - Ward No.8,0,,0,0,,0,0,0,karnataka
251846,26384,Muddebihal,9,Muddebihal (TMC) - Ward No.9,0,,0,0,,0,0,0,karnataka
251870,27604,Mudgal,1,Mudgal (TP) - Ward No.1,0,,0,0,,0,0,0,karnataka
251870,27613,Mudgal,10,Mudgal (TP) - Ward No.10,0,,0,0,,0,0,0,karnataka
251870,27614,Mudgal,11,Mudgal (TP) - Ward No.11,0,,0,0,,0,0,0,karnataka
251870,27615,Mudgal,12,Mudgal (TP) - Ward No.12,0,,0,0,,0,0,0,karnataka
251870,27616,Mudgal,13,Mudgal (TP) - Ward No.13,0,,0,0,,0,0,0,karnataka
251870,27617,Mudgal,14,Mudgal (TP) - Ward No.14,0,,0,0,,0,0,0,karnataka
251870,27618,Mudgal,15,Mudgal (TP) - Ward No.15,0,,0,0,,0,0,0,karnataka
251870,1921499,Mudgal,16,Mudgal (TP) - Ward No.16,0,,0,0,,0,0,0,karnataka
251870,1921500,Mudgal,17,Mudgal (TP) - Ward No.17,0,,0,0,,0,0,0,karnataka
251870,1921501,Mudgal,18,Mudgal (TP) - Ward No.18,0,,0,0,,0,0,0,karnataka
251870,1921502,Mudgal,19,Mudgal (TP) - Ward No.19,0,,0,0,,0,0,0,karnataka
251870,27605,Mudgal,2,Mudgal (TP) - Ward No.2,0,,0,0,,0,0,0,karnataka
251870,1921503,Mudgal,20,Mudgal (TP) - Ward No.20,0,,0,0,,0,0,0,karnataka
251870,1921504,Mudgal,21,Mudgal (TP) - Ward No.21,0,,0,0,,0,0,0,karnataka
251870,1921505,Mudgal,22,Mudgal (TP) - Ward No.22,0,,0,0,,0,0,0,karnataka
251870,1921506,Mudgal,23,Mudgal (TP) - Ward No.23,0,,0,0,,0,0,0,karnataka
251870,27606,Mudgal,3,Mudgal (TP) - Ward No.3,0,,0,0,,0,0,0,karnataka
251870,27607,Mudgal,4,Mudgal (TP) - Ward No.4,0,,0,0,,0,0,0,karnataka
251870,27608,Mudgal,5,Mudgal (TP) - Ward No.5,0,,0,0,,0,0,0,karnataka
251870,27609,Mudgal,6,Mudgal (TP) - Ward No.6,0,,0,0,,0,0,0,karnataka
251870,27610,Mudgal,7,Mudgal (TP) - Ward No.7,0,,0,0,,0,0,0,karnataka
251870,27611,Mudgal,8,Mudgal (TP) - Ward No.8,0,,0,0,,0,0,0,karnataka
251870,27612,Mudgal,9,Mudgal (TP) - Ward No.9,0,,0,0,,0,0,0,karnataka
251835,2179112,Mudhol,24,Mudhol-24,0,,0,0,,0,0,0,karnataka
251835,2179113,Mudhol,25,Mudhol-25,0,,0,0,,0,0,0,karnataka
251835,2179114,Mudhol,26,Mudhol-26,0,,0,0,,0,0,0,karnataka
251835,2179115,Mudhol,27,Mudhol-27,0,,0,0,,0,0,0,karnataka
251835,2179116,Mudhol,28,Mudhol-28,0,,0,0,,0,0,0,karnataka
251835,2179117,Mudhol,29,Mudhol-29,0,,0,0,,0,0,0,karnataka
251835,2179118,Mudhol,30,Mudhol-30,0,,0,0,,0,0,0,karnataka
251835,2179119,Mudhol,31,Mudhol-31,0,,0,0,,0,0,0,karnataka
251835,63221,Mudhol,1,Mudhol (TMC) - Ward No.1,0,,0,0,,0,0,0,karnataka
251835,63230,Mudhol,10,Mudhol (TMC) - Ward No.10,0,,0,0,,0,0,0,karnataka
251835,63231,Mudhol,11,Mudhol (TMC) - Ward No.11,0,,0,0,,0,0,0,karnataka
251835,63232,Mudhol,12,Mudhol (TMC) - Ward No.12,0,,0,0,,0,0,0,karnataka
251835,63233,Mudhol,13,Mudhol (TMC) - Ward No.13,0,,0,0,,0,0,0,karnataka
251835,63234,Mudhol,14,Mudhol (TMC) - Ward No.14,0,,0,0,,0,0,0,karnataka
251835,63235,Mudhol,15,Mudhol (TMC) - Ward No.15,0,,0,0,,0,0,0,karnataka
251835,63236,Mudhol,16,Mudhol (TMC) - Ward No.16,0,,0,0,,0,0,0,karnataka
251835,63237,Mudhol,17,Mudhol (TMC) - Ward No.17,0,,0,0,,0,0,0,karnataka
251835,63238,Mudhol,18,Mudhol (TMC) - Ward No.18,0,,0,0,,0,0,0,karnataka
251835,63239,Mudhol,19,Mudhol (TMC) - Ward No.19,0,,0,0,,0,0,0,karnataka
251835,63222,Mudhol,2,Mudhol (TMC) - Ward No.2,0,,0,0,,0,0,0,karnataka
251835,63240,Mudhol,20,Mudhol (TMC) - Ward No.20,0,,0,0,,0,0,0,karnataka
251835,63241,Mudhol,21,Mudhol (TMC) - Ward No.21,0,,0,0,,0,0,0,karnataka
251835,63242,Mudhol,22,Mudhol (TMC) - Ward No.22,0,,0,0,,0,0,0,karnataka
251835,63243,Mudhol,23,Mudhol (TMC) - Ward No.23,0,,0,0,,0,0,0,karnataka
251835,63223,Mudhol,3,Mudhol (TMC) - Ward No.3,0,,0,0,,0,0,0,karnataka
251835,63224,Mudhol,4,Mudhol (TMC) - Ward No.4,0,,0,0,,0,0,0,karnataka
251835,63225,Mudhol,5,Mudhol (TMC) - Ward No.5,0,,0,0,,0,0,0,karnataka
251835,63226,Mudhol,6,Mudhol (TMC) - Ward No.6,0,,0,0,,0,0,0,karnataka
251835,63227,Mudhol,7,Mudhol (TMC) - Ward No.7,0,,0,0,,0,0,0,karnataka
251835,63228,Mudhol,8,Mudhol (TMC) - Ward No.8,0,,0,0,,0,0,0,karnataka
251835,63229,Mudhol,9,Mudhol (TMC) - Ward No.9,0,,0,0,,0,0,0,karnataka
301082,3068491,Mudigere,1,Ward 1,0,,0,0,,0,0,0,karnataka
301082,3068500,Mudigere,10,Ward 10,0,,0,0,,0,0,0,karnataka
301082,3068501,Mudigere,11,Ward 11,0,,0,0,,0,0,0,karnataka
301082,3068492,Mudigere,2,Ward 2,0,,0,0,,0,0,0,karnataka
301082,3068493,Mudigere,3,Ward 3,0,,0,0,,0,0,0,karnataka
301082,3068494,Mudigere,4,Ward 4,0,,0,0,,0,0,0,karnataka
301082,3068495,Mudigere,5,Ward 5,0,,0,0,,0,0,0,karnataka
301082,3068496,Mudigere,6,Ward 6,0,,0,0,,0,0,0,karnataka
301082,3068497,Mudigere,7,Ward 7,0,,0,0,,0,0,0,karnataka
301082,3068498,Mudigere,8,Ward 8,0,,0,0,,0,0,0,karnataka
301082,3068499,Mudigere,9,Ward 9,0,,0,0,,0,0,0,karnataka
276563,1295966,Mugalakoda,21,Angadi Tota,0,,0,0,,0,929120,0,karnataka
276563,1295966,Mugalakoda,21,Angadi Tota,0,,0,0,,0,929120,0,karnataka
276563,1295956,Mugalakoda,11,Babannavar Basati,527,Belagavi,555,5435,Raybag,5435,0,0,karnataka
276563,1295956,Mugalakoda,11,Babannavar Basati,527,Belagavi,555,5435,Raybag,5435,0,0,karnataka
276563,1295954,Mugalakoda,9,Badiger Yadavannavar Tota,527,Belagavi,555,5435,Raybag,5435,0,0,karnataka
276563,1295954,Mugalakoda,9,Badiger Yadavannavar Tota,527,Belagavi,555,5435,Raybag,5435,0,0,karnataka
276563,1295951,Mugalakoda,6,Basaveshwara Nagara,0,,0,0,,0,929120,0,karnataka
276563,1295951,Mugalakoda,6,Basaveshwara Nagara,0,,0,0,,0,929120,0,karnataka
276563,1295963,Mugalakoda,18,Bhajanthri Gali,527,Belagavi,555,5435,Raybag,5435,0,0,karnataka
276563,1295963,Mugalakoda,18,Bhajanthri Gali,527,Belagavi,555,5435,Raybag,5435,0,0,karnataka
276563,1295961,Mugalakoda,16,Dasara Tota,527,Belagavi,555,5435,Raybag,5435,0,0,karnataka
276563,1295961,Mugalakoda,16,Dasara Tota,527,Belagavi,555,5435,Raybag,5435,0,0,karnataka
276563,1295960,Mugalakoda,15,Haranakodi Tota,0,,0,0,,0,929120,0,karnataka
276563,1295960,Mugalakoda,15,Haranakodi Tota,0,,0,0,,0,929120,0,karnataka
276563,1295948,Mugalakoda,3,Harijanakeri Samaja Mandira,0,,0,0,,0,929120,0,karnataka
276563,1295948,Mugalakoda,3,Harijanakeri Samaja Mandira,0,,0,0,,0,929120,0,karnataka
276563,1295955,Mugalakoda,10,Hullolli Tota,527,Belagavi,555,5435,Raybag,5435,0,0,karnataka
276563,1295955,Mugalakoda,10,Hullolli Tota,527,Belagavi,555,5435,Raybag,5435,0,0,karnataka
276563,1295950,Mugalakoda,5,Janatha Plat,527,Belagavi,555,5435,Raybag,5435,0,0,karnataka
276563,1295950,Mugalakoda,5,Janatha Plat,527,Belagavi,555,5435,Raybag,5435,0,0,karnataka
276563,1295968,Mugalakoda,23,Kanteppanavar Tota,0,,0,0,,0,929120,0,karnataka
276563,1295968,Mugalakoda,23,Kanteppanavar Tota,0,,0,0,,0,929120,0,karnataka
276563,1295959,Mugalakoda,14,Kethagaudar Tota,0,,0,0,,0,929120,0,karnataka
276563,1295959,Mugalakoda,14,Kethagaudar Tota,0,,0,0,,0,929120,0,karnataka
276563,1295949,Mugalakoda,4,Lamani Thande,527,Belagavi,555,5435,Raybag,5435,0,0,karnataka
276563,1295949,Mugalakoda,4,Lamani Thande,527,Belagavi,555,5435,Raybag,5435,0,0,karnataka
276563,1295947,Mugalakoda,2,Market Road,0,,0,0,,0,929120,0,karnataka
276563,1295947,Mugalakoda,2,Market Road,0,,0,0,,0,929120,0,karnataka
276563,1295957,Mugalakoda,12,Nadavina Patti,0,,0,0,,0,929120,0,karnataka
276563,1295957,Mugalakoda,12,Nadavina Patti,0,,0,0,,0,929120,0,karnataka
276563,1295964,Mugalakoda,19,Neeralakodi Tota,0,,0,0,,0,929120,0,karnataka
276563,1295964,Mugalakoda,19,Neeralakodi Tota,0,,0,0,,0,929120,0,karnataka
276563,1295953,Mugalakoda,8,Shegunashi Tota,0,,0,0,,0,929120,0,karnataka
276563,1295953,Mugalakoda,8,Shegunashi Tota,0,,0,0,,0,929120,0,karnataka
276563,1295962,Mugalakoda,17,Shri Yallalingeshwara Mandira,0,,0,0,,0,929120,0,karnataka
276563,1295962,Mugalakoda,17,Shri Yallalingeshwara Mandira,0,,0,0,,0,929120,0,karnataka
276563,1295965,Mugalakoda,20,Siddarayana Maddi,527,Belagavi,555,5435,Raybag,5435,0,0,karnataka
276563,1295965,Mugalakoda,20,Siddarayana Maddi,527,Belagavi,555,5435,Raybag,5435,0,0,karnataka
276563,1295958,Mugalakoda,13,Unni Basaveshwara Mandira,527,Belagavi,555,5435,Raybag,5435,0,0,karnataka
276563,1295958,Mugalakoda,13,Unni Basaveshwara Mandira,527,Belagavi,555,5435,Raybag,5435,0,0,karnataka
276563,1295952,Mugalakoda,7,Venkateshwara Nagara,527,Belagavi,555,5435,Raybag,5435,0,0,karnataka
276563,1295952,Mugalakoda,7,Venkateshwara Nagara,527,Belagavi,555,5435,Raybag,5435,0,0,karnataka
276563,1295967,Mugalakoda,22,Yadiyankodi Tota,527,Belagavi,555,5435,Raybag,5435,0,0,karnataka
276563,1295967,Mugalakoda,22,Yadiyankodi Tota,527,Belagavi,555,5435,Raybag,5435,0,0,karnataka
276563,1295946,Mugalakoda,1,Yallamma Temple,0,,0,0,,0,929120,0,karnataka
276563,1295946,Mugalakoda,1,Yallamma Temple,0,,0,0,,0,929120,0,karnataka
251989,25860,Mulbagal,1,Mulbagal (TMC) - Ward No.1,0,,0,0,,0,0,0,karnataka
251989,25869,Mulbagal,10,Mulbagal (TMC) - Ward No.10,0,,0,0,,0,0,0,karnataka
251989,25870,Mulbagal,11,Mulbagal (TMC) - Ward No.11,0,,0,0,,0,0,0,karnataka
251989,25871,Mulbagal,12,Mulbagal (TMC) - Ward No.12,0,,0,0,,0,0,0,karnataka
251989,25872,Mulbagal,13,Mulbagal (TMC) - Ward No.13,0,,0,0,,0,0,0,karnataka
251989,25873,Mulbagal,14,Mulbagal (TMC) - Ward No.14,0,,0,0,,0,0,0,karnataka
251989,25874,Mulbagal,15,Mulbagal (TMC) - Ward No.15,0,,0,0,,0,0,0,karnataka
251989,25875,Mulbagal,16,Mulbagal (TMC) - Ward No.16,0,,0,0,,0,0,0,karnataka
251989,25876,Mulbagal,17,Mulbagal (TMC) - Ward No.17,0,,0,0,,0,0,0,karnataka
251989,25877,Mulbagal,18,Mulbagal (TMC) - Ward No.18,0,,0,0,,0,0,0,karnataka
251989,25878,Mulbagal,19,Mulbagal (TMC) - Ward No.19,0,,0,0,,0,0,0,karnataka
251989,25861,Mulbagal,2,Mulbagal (TMC) - Ward No.2,0,,0,0,,0,0,0,karnataka
251989,25879,Mulbagal,20,Mulbagal (TMC) - Ward No.20,0,,0,0,,0,0,0,karnataka
251989,25880,Mulbagal,21,Mulbagal (TMC) - Ward No.21,0,,0,0,,0,0,0,karnataka
251989,25881,Mulbagal,22,Mulbagal (TMC) - Ward No.22,0,,0,0,,0,0,0,karnataka
251989,25882,Mulbagal,23,Mulbagal (TMC) - Ward No.23,0,,0,0,,0,0,0,karnataka
251989,1890213,Mulbagal,24,Mulbagal (TMC) - Ward No.24,0,,0,0,,0,0,0,karnataka
251989,1890214,Mulbagal,25,Mulbagal (TMC) - Ward No.25,0,,0,0,,0,0,0,karnataka
251989,1890215,Mulbagal,26,Mulbagal (TMC) - Ward No.26,0,,0,0,,0,0,0,karnataka
251989,1890216,Mulbagal,27,Mulbagal (TMC) - Ward No.27,0,,0,0,,0,0,0,karnataka
251989,2443633,Mulbagal,28,Mulbagal (TMC) - Ward No.28,0,,0,0,,0,0,0,karnataka
251989,2443634,Mulbagal,29,Mulbagal (TMC) - Ward No.29,0,,0,0,,0,0,0,karnataka
251989,25862,Mulbagal,3,Mulbagal (TMC) - Ward No.3,0,,0,0,,0,0,0,karnataka
251989,2443635,Mulbagal,30,Mulbagal (TMC) - Ward No.30,0,,0,0,,0,0,0,karnataka
251989,2443636,Mulbagal,31,Mulbagal (TMC) - Ward No.31,0,,0,0,,0,0,0,karnataka
251989,25863,Mulbagal,4,Mulbagal (TMC) - Ward No.4,0,,0,0,,0,0,0,karnataka
251989,25864,Mulbagal,5,Mulbagal (TMC) - Ward No.5,0,,0,0,,0,0,0,karnataka
251989,25865,Mulbagal,6,Mulbagal (TMC) - Ward No.6,0,,0,0,,0,0,0,karnataka
251989,25866,Mulbagal,7,Mulbagal (TMC) - Ward No.7,0,,0,0,,0,0,0,karnataka
251989,25867,Mulbagal,8,Mulbagal (TMC) - Ward No.8,0,,0,0,,0,0,0,karnataka
251989,25868,Mulbagal,9,Mulbagal (TMC) - Ward No.9,0,,0,0,,0,0,0,karnataka
251889,63807,Mulgund,1,Mulgund (TP) - Ward No.1,0,,0,0,,0,0,0,karnataka
251889,63816,Mulgund,10,Mulgund (TP) - Ward No.10,0,,0,0,,0,0,0,karnataka
251889,63817,Mulgund,11,Mulgund (TP) - Ward No.11,0,,0,0,,0,0,0,karnataka
251889,63818,Mulgund,12,Mulgund (TP) - Ward No.12,0,,0,0,,0,0,0,karnataka
251889,60491,Mulgund,13,Mulgund (TP) - Ward No.13,0,,0,0,,0,0,0,karnataka
251889,60492,Mulgund,14,Mulgund (TP) - Ward No.14,0,,0,0,,0,0,0,karnataka
251889,60493,Mulgund,15,Mulgund (TP) - Ward No.15,0,,0,0,,0,0,0,karnataka
251889,60494,Mulgund,16,Mulgund (TP) - Ward No.16,0,,0,0,,0,0,0,karnataka
251889,2176786,Mulgund,17,Mulgund (TP) - Ward No.17,0,,0,0,,0,0,0,karnataka
251889,2176787,Mulgund,18,Mulgund (TP) - Ward No.18,0,,0,0,,0,0,0,karnataka
251889,2176788,Mulgund,19,Mulgund (TP) - Ward No.19,0,,0,0,,0,0,0,karnataka
251889,63808,Mulgund,2,Mulgund (TP) - Ward No.2,0,,0,0,,0,0,0,karnataka
251889,63809,Mulgund,3,Mulgund (TP) - Ward No.3,0,,0,0,,0,0,0,karnataka
251889,63810,Mulgund,4,Mulgund (TP) - Ward No.4,0,,0,0,,0,0,0,karnataka
251889,63811,Mulgund,5,Mulgund (TP) - Ward No.5,0,,0,0,,0,0,0,karnataka
251889,63812,Mulgund,6,Mulgund (TP) - Ward No.6,0,,0,0,,0,0,0,karnataka
251889,63813,Mulgund,7,Mulgund (TP) - Ward No.7,0,,0,0,,0,0,0,karnataka
251889,63814,Mulgund,8,Mulgund (TP) - Ward No.8,0,,0,0,,0,0,0,karnataka
251889,63815,Mulgund,9,Mulgund (TP) - Ward No.9,0,,0,0,,0,0,0,karnataka
252017,28196,Mulki,1,Mulki (TP) - Ward No.1,0,,0,0,,0,0,0,karnataka
252017,28205,Mulki,10,Mulki (TP) - Ward No.10,0,,0,0,,0,0,0,karnataka
252017,28206,Mulki,11,Mulki (TP) - Ward No.11,0,,0,0,,0,0,0,karnataka
252017,28207,Mulki,12,Mulki (TP) - Ward No.12,0,,0,0,,0,0,0,karnataka
252017,28208,Mulki,13,Mulki (TP) - Ward No.13,0,,0,0,,0,0,0,karnataka
252017,28209,Mulki,14,Mulki (TP) - Ward No.14,0,,0,0,,0,0,0,karnataka
252017,28210,Mulki,15,Mulki (TP) - Ward No.15,0,,0,0,,0,0,0,karnataka
252017,1888947,Mulki,16,Mulki (TP) - Ward No.16,0,,0,0,,0,0,0,karnataka
252017,1888948,Mulki,17,Mulki (TP) - Ward No.17,0,,0,0,,0,0,0,karnataka
252017,1888949,Mulki,18,Mulki (TP) - Ward No.18,0,,0,0,,0,0,0,karnataka
252017,28197,Mulki,2,Mulki (TP) - Ward No.2,0,,0,0,,0,0,0,karnataka
252017,28198,Mulki,3,Mulki (TP) - Ward No.3,0,,0,0,,0,0,0,karnataka
252017,28199,Mulki,4,Mulki (TP) - Ward No.4,0,,0,0,,0,0,0,karnataka
252017,28200,Mulki,5,Mulki (TP) - Ward No.5,0,,0,0,,0,0,0,karnataka
252017,28201,Mulki,6,Mulki (TP) - Ward No.6,0,,0,0,,0,0,0,karnataka
252017,28202,Mulki,7,Mulki (TP) - Ward No.7,0,,0,0,,0,0,0,karnataka
252017,28203,Mulki,8,Mulki (TP) - Ward No.8,0,,0,0,,0,0,0,karnataka
252017,28204,Mulki,9,Mulki (TP) - Ward No.9,0,,0,0,,0,0,0,karnataka
276564,1295969,Munavalli,1,Ward-1,527,Belagavi,555,5441,Savadatti,5441,0,0,karnataka
276564,1295969,Munavalli,1,Ward-1,527,Belagavi,555,5441,Savadatti,5441,0,0,karnataka
276564,1295978,Munavalli,10,Ward-10,527,Belagavi,555,5441,Savadatti,5441,0,0,karnataka
276564,1295978,Munavalli,10,Ward-10,527,Belagavi,555,5441,Savadatti,5441,0,0,karnataka
276564,1295979,Munavalli,11,Ward-11,527,Belagavi,555,5441,Savadatti,5441,0,0,karnataka
276564,1295979,Munavalli,11,Ward-11,527,Belagavi,555,5441,Savadatti,5441,0,0,karnataka
276564,1295980,Munavalli,12,Ward-12,0,,0,0,,0,929131,0,karnataka
276564,1295980,Munavalli,12,Ward-12,0,,0,0,,0,929131,0,karnataka
276564,1295981,Munavalli,13,Ward-13,0,,0,0,,0,929131,0,karnataka
276564,1295981,Munavalli,13,Ward-13,0,,0,0,,0,929131,0,karnataka
276564,1295982,Munavalli,14,Ward-14,0,,0,0,,0,929131,0,karnataka
276564,1295982,Munavalli,14,Ward-14,0,,0,0,,0,929131,0,karnataka
276564,1295983,Munavalli,15,Ward-15,0,,0,0,,0,929131,0,karnataka
276564,1295983,Munavalli,15,Ward-15,0,,0,0,,0,929131,0,karnataka
276564,1295984,Munavalli,16,Ward-16,527,Belagavi,555,5441,Savadatti,5441,0,0,karnataka
276564,1295984,Munavalli,16,Ward-16,527,Belagavi,555,5441,Savadatti,5441,0,0,karnataka
276564,1295985,Munavalli,17,Ward-17,0,,0,0,,0,929131,0,karnataka
276564,1295985,Munavalli,17,Ward-17,0,,0,0,,0,929131,0,karnataka
276564,1295986,Munavalli,18,Ward-18,527,Belagavi,555,5441,Savadatti,5441,0,0,karnataka
276564,1295986,Munavalli,18,Ward-18,527,Belagavi,555,5441,Savadatti,5441,0,0,karnataka
276564,1295987,Munavalli,19,Ward-19,527,Belagavi,555,5441,Savadatti,5441,0,0,karnataka
276564,1295987,Munavalli,19,Ward-19,527,Belagavi,555,5441,Savadatti,5441,0,0,karnataka
276564,1295970,Munavalli,2,Ward-2,527,Belagavi,555,5441,Savadatti,5441,0,0,karnataka
276564,1295970,Munavalli,2,Ward-2,527,Belagavi,555,5441,Savadatti,5441,0,0,karnataka
276564,1295988,Munavalli,20,Ward-20,527,Belagavi,555,5441,Savadatti,5441,0,0,karnataka
276564,1295988,Munavalli,20,Ward-20,527,Belagavi,555,5441,Savadatti,5441,0,0,karnataka
276564,1295989,Munavalli,21,Ward-21,527,Belagavi,555,5441,Savadatti,5441,0,0,karnataka
276564,1295989,Munavalli,21,Ward-21,527,Belagavi,555,5441,Savadatti,5441,0,0,karnataka
276564,1295990,Munavalli,22,Ward-22,0,,0,0,,0,929131,0,karnataka
276564,1295990,Munavalli,22,Ward-22,0,,0,0,,0,929131,0,karnataka
276564,1295991,Munavalli,23,Ward-23,527,Belagavi,555,5441,Savadatti,5441,0,0,karnataka
276564,1295991,Munavalli,23,Ward-23,527,Belagavi,555,5441,Savadatti,5441,0,0,karnataka
276564,1295971,Munavalli,3,Ward-3,0,,0,0,,0,929131,0,karnataka
276564,1295971,Munavalli,3,Ward-3,0,,0,0,,0,929131,0,karnataka
276564,1295972,Munavalli,4,Ward-4,0,,0,0,,0,929131,0,karnataka
276564,1295972,Munavalli,4,Ward-4,0,,0,0,,0,929131,0,karnataka
276564,1295973,Munavalli,5,Ward-5,0,,0,0,,0,929131,0,karnataka
276564,1295973,Munavalli,5,Ward-5,0,,0,0,,0,929131,0,karnataka
276564,1295974,Munavalli,6,Ward-6,527,Belagavi,555,5441,Savadatti,5441,0,0,karnataka
276564,1295974,Munavalli,6,Ward-6,527,Belagavi,555,5441,Savadatti,5441,0,0,karnataka
276564,1295975,Munavalli,7,Ward-7,0,,0,0,,0,929131,0,karnataka
276564,1295975,Munavalli,7,Ward-7,0,,0,0,,0,929131,0,karnataka
276564,1295976,Munavalli,8,Ward-8,527,Belagavi,555,5441,Savadatti,5441,0,0,karnataka
276564,1295976,Munavalli,8,Ward-8,527,Belagavi,555,5441,Savadatti,5441,0,0,karnataka
276564,1295977,Munavalli,9,Ward-9,0,,0,0,,0,929131,0,karnataka
276564,1295977,Munavalli,9,Ward-9,0,,0,0,,0,929131,0,karnataka
251892,28022,Mundargi,1,Mundargi (TP) - Ward No.1,0,,0,0,,0,0,0,karnataka
251892,28031,Mundargi,10,Mundargi (TP) - Ward No.10,0,,0,0,,0,0,0,karnataka
251892,28032,Mundargi,11,Mundargi (TP) - Ward No.11,0,,0,0,,0,0,0,karnataka
251892,28033,Mundargi,12,Mundargi (TP) - Ward No.12,0,,0,0,,0,0,0,karnataka
251892,28034,Mundargi,13,Mundargi (TP) - Ward No.13,0,,0,0,,0,0,0,karnataka
251892,28035,Mundargi,14,Mundargi (TP) - Ward No.14,0,,0,0,,0,0,0,karnataka
251892,28036,Mundargi,15,Mundargi (TP) - Ward No.15,0,,0,0,,0,0,0,karnataka
251892,28037,Mundargi,16,Mundargi (TP) - Ward No.16,0,,0,0,,0,0,0,karnataka
251892,28038,Mundargi,17,Mundargi (TP) - Ward No.17,0,,0,0,,0,0,0,karnataka
251892,1889215,Mundargi,18,Mundargi (TP) - Ward No.18,0,,0,0,,0,0,0,karnataka
251892,1889216,Mundargi,19,Mundargi (TP) - Ward No.19,0,,0,0,,0,0,0,karnataka
251892,28023,Mundargi,2,Mundargi (TP) - Ward No.2,0,,0,0,,0,0,0,karnataka
251892,1889217,Mundargi,20,Mundargi (TP) - Ward No.20,0,,0,0,,0,0,0,karnataka
251892,1889218,Mundargi,21,Mundargi (TP) - Ward No.21,0,,0,0,,0,0,0,karnataka
251892,1889219,Mundargi,22,Mundargi (TP) - Ward No.22,0,,0,0,,0,0,0,karnataka
251892,1889220,Mundargi,23,Mundargi (TP) - Ward No.23,0,,0,0,,0,0,0,karnataka
251892,28024,Mundargi,3,Mundargi (TP) - Ward No.3,0,,0,0,,0,0,0,karnataka
251892,28025,Mundargi,4,Mundargi (TP) - Ward No.4,0,,0,0,,0,0,0,karnataka
251892,28026,Mundargi,5,Mundargi (TP) - Ward No.5,0,,0,0,,0,0,0,karnataka
251892,28027,Mundargi,6,Mundargi (TP) - Ward No.6,0,,0,0,,0,0,0,karnataka
251892,28028,Mundargi,7,Mundargi (TP) - Ward No.7,0,,0,0,,0,0,0,karnataka
251892,28029,Mundargi,8,Mundargi (TP) - Ward No.8,0,,0,0,,0,0,0,karnataka
251892,28030,Mundargi,9,Mundargi (TP) - Ward No.9,0,,0,0,,0,0,0,karnataka
251904,61019,Mundgod,1,Mundgod (TP) - Ward No.1,0,,0,0,,0,0,0,karnataka
251904,61028,Mundgod,10,Mundgod (TP) - Ward No.10,0,,0,0,,0,0,0,karnataka
251904,61029,Mundgod,11,Mundgod (TP) - Ward No.11,0,,0,0,,0,0,0,karnataka
251904,61030,Mundgod,12,Mundgod (TP) - Ward No.12,0,,0,0,,0,0,0,karnataka
251904,61031,Mundgod,13,Mundgod (TP) - Ward No.13,0,,0,0,,0,0,0,karnataka
251904,61032,Mundgod,14,Mundgod (TP) - Ward No.14,0,,0,0,,0,0,0,karnataka
251904,2146654,Mundgod,15,Mundgod (TP) - Ward No.15,0,,0,0,,0,0,0,karnataka
251904,2146655,Mundgod,16,Mundgod (TP) - Ward No.16,0,,0,0,,0,0,0,karnataka
251904,2146656,Mundgod,17,Mundgod (TP) - Ward No.17,0,,0,0,,0,0,0,karnataka
251904,2146657,Mundgod,18,Mundgod (TP) - Ward No.18,0,,0,0,,0,0,0,karnataka
251904,2146658,Mundgod,19,Mundgod (TP) - Ward No.19,0,,0,0,,0,0,0,karnataka
251904,61020,Mundgod,2,Mundgod (TP) - Ward No.2,0,,0,0,,0,0,0,karnataka
251904,61021,Mundgod,3,Mundgod (TP) - Ward No.3,0,,0,0,,0,0,0,karnataka
251904,61022,Mundgod,4,Mundgod (TP) - Ward No.4,0,,0,0,,0,0,0,karnataka
251904,61023,Mundgod,5,Mundgod (TP) - Ward No.5,0,,0,0,,0,0,0,karnataka
251904,61024,Mundgod,6,Mundgod (TP) - Ward No.6,0,,0,0,,0,0,0,karnataka
251904,61025,Mundgod,7,Mundgod (TP) - Ward No.7,0,,0,0,,0,0,0,karnataka
251904,61026,Mundgod,8,Mundgod (TP) - Ward No.8,0,,0,0,,0,0,0,karnataka
251904,61027,Mundgod,9,Mundgod (TP) - Ward No.9,0,,0,0,,0,0,0,karnataka
252045,28806,Mysuru,1,Mysore (M Corp.) - Ward No.1,0,,0,0,,0,0,0,karnataka
252045,28815,Mysuru,10,Mysore (M Corp.) - Ward No.10,0,,0,0,,0,0,0,karnataka
252045,28816,Mysuru,11,Mysore (M Corp.) - Ward No.11,0,,0,0,,0,0,0,karnataka
252045,28817,Mysuru,12,Mysore (M Corp.) - Ward No.12,0,,0,0,,0,0,0,karnataka
252045,28818,Mysuru,13,Mysore (M Corp.) - Ward No.13,0,,0,0,,0,0,0,karnataka
252045,28819,Mysuru,14,Mysore (M Corp.) - Ward No.14,0,,0,0,,0,0,0,karnataka
252045,28820,Mysuru,15,Mysore (M Corp.) - Ward No.15,0,,0,0,,0,0,0,karnataka
252045,28821,Mysuru,16,Mysore (M Corp.) - Ward No.16,0,,0,0,,0,0,0,karnataka
252045,28822,Mysuru,17,Mysore (M Corp.) - Ward No.17,0,,0,0,,0,0,0,karnataka
252045,28823,Mysuru,18,Mysore (M Corp.) - Ward No.18,0,,0,0,,0,0,0,karnataka
252045,28824,Mysuru,19,Mysore (M Corp.) - Ward No.19,0,,0,0,,0,0,0,karnataka
252045,28807,Mysuru,2,Mysore (M Corp.) - Ward No.2,0,,0,0,,0,0,0,karnataka
252045,28825,Mysuru,20,Mysore (M Corp.) - Ward No.20,0,,0,0,,0,0,0,karnataka
252045,28826,Mysuru,21,Mysore (M Corp.) - Ward No.21,0,,0,0,,0,0,0,karnataka
252045,28827,Mysuru,22,Mysore (M Corp.) - Ward No.22,0,,0,0,,0,0,0,karnataka
252045,28828,Mysuru,23,Mysore (M Corp.) - Ward No.23,0,,0,0,,0,0,0,karnataka
252045,28829,Mysuru,24,Mysore (M Corp.) - Ward No.24,0,,0,0,,0,0,0,karnataka
252045,28830,Mysuru,25,Mysore (M Corp.) - Ward No.25,0,,0,0,,0,0,0,karnataka
252045,28831,Mysuru,26,Mysore (M Corp.) - Ward No.26,0,,0,0,,0,0,0,karnataka
252045,28832,Mysuru,27,Mysore (M Corp.) - Ward No.27,0,,0,0,,0,0,0,karnataka
252045,28833,Mysuru,28,Mysore (M Corp.) - Ward No.28,0,,0,0,,0,0,0,karnataka
252045,28834,Mysuru,29,Mysore (M Corp.) - Ward No.29,0,,0,0,,0,0,0,karnataka
252045,28808,Mysuru,3,Mysore (M Corp.) - Ward No.3,0,,0,0,,0,0,0,karnataka
252045,28835,Mysuru,30,Mysore (M Corp.) - Ward No.30,0,,0,0,,0,0,0,karnataka
252045,28836,Mysuru,31,Mysore (M Corp.) - Ward No.31,0,,0,0,,0,0,0,karnataka
252045,28837,Mysuru,32,Mysore (M Corp.) - Ward No.32,0,,0,0,,0,0,0,karnataka
252045,28838,Mysuru,33,Mysore (M Corp.) - Ward No.33,0,,0,0,,0,0,0,karnataka
252045,28839,Mysuru,34,Mysore (M Corp.) - Ward No.34,0,,0,0,,0,0,0,karnataka
252045,28840,Mysuru,35,Mysore (M Corp.) - Ward No.35,0,,0,0,,0,0,0,karnataka
252045,28841,Mysuru,36,Mysore (M Corp.) - Ward No.36,0,,0,0,,0,0,0,karnataka
252045,28842,Mysuru,37,Mysore (M Corp.) - Ward No.37,0,,0,0,,0,0,0,karnataka
252045,28843,Mysuru,38,Mysore (M Corp.) - Ward No.38,0,,0,0,,0,0,0,karnataka
252045,28844,Mysuru,39,Mysore (M Corp.) - Ward No.39,0,,0,0,,0,0,0,karnataka
252045,28809,Mysuru,4,Mysore (M Corp.) - Ward No.4,0,,0,0,,0,0,0,karnataka
252045,28845,Mysuru,40,Mysore (M Corp.) - Ward No.40,0,,0,0,,0,0,0,karnataka
252045,28846,Mysuru,41,Mysore (M Corp.) - Ward No.41,0,,0,0,,0,0,0,karnataka
252045,28847,Mysuru,42,Mysore (M Corp.) - Ward No.42,0,,0,0,,0,0,0,karnataka
252045,28848,Mysuru,43,Mysore (M Corp.) - Ward No.43,0,,0,0,,0,0,0,karnataka
252045,28849,Mysuru,44,Mysore (M Corp.) - Ward No.44,0,,0,0,,0,0,0,karnataka
252045,28850,Mysuru,45,Mysore (M Corp.) - Ward No.45,0,,0,0,,0,0,0,karnataka
252045,28851,Mysuru,46,Mysore (M Corp.) - Ward No.46,0,,0,0,,0,0,0,karnataka
252045,28852,Mysuru,47,Mysore (M Corp.) - Ward No.47,0,,0,0,,0,0,0,karnataka
252045,28853,Mysuru,48,Mysore (M Corp.) - Ward No.48,0,,0,0,,0,0,0,karnataka
252045,28854,Mysuru,49,Mysore (M Corp.) - Ward No.49,0,,0,0,,0,0,0,karnataka
252045,28810,Mysuru,5,Mysore (M Corp.) - Ward No.5,0,,0,0,,0,0,0,karnataka
252045,28855,Mysuru,50,Mysore (M Corp.) - Ward No.50,0,,0,0,,0,0,0,karnataka
252045,28856,Mysuru,51,Mysore (M Corp.) - Ward No.51,0,,0,0,,0,0,0,karnataka
252045,28857,Mysuru,52,Mysore (M Corp.) - Ward No.52,0,,0,0,,0,0,0,karnataka
252045,28858,Mysuru,53,Mysore (M Corp.) - Ward No.53,0,,0,0,,0,0,0,karnataka
252045,28859,Mysuru,54,Mysore (M Corp.) - Ward No.54,0,,0,0,,0,0,0,karnataka
252045,28860,Mysuru,55,Mysore (M Corp.) - Ward No.55,0,,0,0,,0,0,0,karnataka
252045,28861,Mysuru,56,Mysore (M Corp.) - Ward No.56,0,,0,0,,0,0,0,karnataka
252045,28862,Mysuru,57,Mysore (M Corp.) - Ward No.57,0,,0,0,,0,0,0,karnataka
252045,28863,Mysuru,58,Mysore (M Corp.) - Ward No.58,0,,0,0,,0,0,0,karnataka
252045,28864,Mysuru,59,Mysore (M Corp.) - Ward No.59,0,,0,0,,0,0,0,karnataka
252045,28811,Mysuru,6,Mysore (M Corp.) - Ward No.6,0,,0,0,,0,0,0,karnataka
252045,28865,Mysuru,60,Mysore (M Corp.) - Ward No.60,0,,0,0,,0,0,0,karnataka
252045,28866,Mysuru,61,Mysore (M Corp.) - Ward No.61,0,,0,0,,0,0,0,karnataka
252045,28867,Mysuru,62,Mysore (M Corp.) - Ward No.62,0,,0,0,,0,0,0,karnataka
252045,28868,Mysuru,63,Mysore (M Corp.) - Ward No.63,0,,0,0,,0,0,0,karnataka
252045,28869,Mysuru,64,Mysore (M Corp.) - Ward No.64,0,,0,0,,0,0,0,karnataka
252045,28870,Mysuru,65,Mysore (M Corp.) - Ward No.65,0,,0,0,,0,0,0,karnataka
252045,28812,Mysuru,7,Mysore (M Corp.) - Ward No.7,0,,0,0,,0,0,0,karnataka
252045,28813,Mysuru,8,Mysore (M Corp.) - Ward No.8,0,,0,0,,0,0,0,karnataka
252045,28814,Mysuru,9,Mysore (M Corp.) - Ward No.9,0,,0,0,,0,0,0,karnataka
252002,26710,Nagamangala,1,Nagamangala (TP) - Ward No.1,0,,0,0,,0,0,0,karnataka
252002,26719,Nagamangala,10,Nagamangala (TP) - Ward No.10,0,,0,0,,0,0,0,karnataka
252002,26720,Nagamangala,11,Nagamangala (TP) - Ward No.11,0,,0,0,,0,0,0,karnataka
252002,26721,Nagamangala,12,Nagamangala (TP) - Ward No.12,0,,0,0,,0,0,0,karnataka
252002,26722,Nagamangala,13,Nagamangala (TP) - Ward No.13,0,,0,0,,0,0,0,karnataka
252002,26723,Nagamangala,14,Nagamangala (TP) - Ward No.14,0,,0,0,,0,0,0,karnataka
252002,26724,Nagamangala,15,Nagamangala (TP) - Ward No.15,0,,0,0,,0,0,0,karnataka
252002,1891662,Nagamangala,16,Nagamangala (TP) - Ward No.16,0,,0,0,,0,0,0,karnataka
252002,1891663,Nagamangala,17,Nagamangala (TP) - Ward No.17,0,,0,0,,0,0,0,karnataka
252002,1891664,Nagamangala,18,Nagamangala (TP) - Ward No.18,0,,0,0,,0,0,0,karnataka
252002,1891665,Nagamangala,19,Nagamangala (TP) - Ward No.19,0,,0,0,,0,0,0,karnataka
252002,26711,Nagamangala,2,Nagamangala (TP) - Ward No.2,0,,0,0,,0,0,0,karnataka
252002,1891666,Nagamangala,20,Nagamangala (TP) - Ward No.20,0,,0,0,,0,0,0,karnataka
252002,1891667,Nagamangala,21,Nagamangala (TP) - Ward No.21,0,,0,0,,0,0,0,karnataka
252002,1891668,Nagamangala,22,Nagamangala (TP) - Ward No.22,0,,0,0,,0,0,0,karnataka
252002,1891669,Nagamangala,23,Nagamangala (TP) - Ward No.23,0,,0,0,,0,0,0,karnataka
252002,26712,Nagamangala,3,Nagamangala (TP) - Ward No.3,0,,0,0,,0,0,0,karnataka
252002,26713,Nagamangala,4,Nagamangala (TP) - Ward No.4,0,,0,0,,0,0,0,karnataka
252002,26714,Nagamangala,5,Nagamangala (TP) - Ward No.5,0,,0,0,,0,0,0,karnataka
252002,26715,Nagamangala,6,Nagamangala (TP) - Ward No.6,0,,0,0,,0,0,0,karnataka
252002,26716,Nagamangala,7,Nagamangala (TP) - Ward No.7,0,,0,0,,0,0,0,karnataka
252002,26717,Nagamangala,8,Nagamangala (TP) - Ward No.8,0,,0,0,,0,0,0,karnataka
252002,26718,Nagamangala,9,Nagamangala (TP) - Ward No.9,0,,0,0,,0,0,0,karnataka
301061,3068502,Naganur,1,Ward 1,0,,0,0,,0,0,0,karnataka
301061,3068511,Naganur,10,Ward 10,0,,0,0,,0,0,0,karnataka
301061,3068512,Naganur,11,Ward 11,0,,0,0,,0,0,0,karnataka
301061,3068513,Naganur,12,Ward 12,0,,0,0,,0,0,0,karnataka
301061,3068514,Naganur,13,Ward 13,0,,0,0,,0,0,0,karnataka
301061,3068515,Naganur,14,Ward 14,0,,0,0,,0,0,0,karnataka
301061,3068516,Naganur,15,Ward 15,0,,0,0,,0,0,0,karnataka
301061,3068517,Naganur,16,Ward 16,0,,0,0,,0,0,0,karnataka
301061,3068518,Naganur,17,Ward 17,0,,0,0,,0,0,0,karnataka
301061,3068503,Naganur,2,Ward 2,0,,0,0,,0,0,0,karnataka
301061,3068504,Naganur,3,Ward 3,0,,0,0,,0,0,0,karnataka
301061,3068505,Naganur,4,Ward 4,0,,0,0,,0,0,0,karnataka
301061,3068506,Naganur,5,Ward 5,0,,0,0,,0,0,0,karnataka
301061,3068507,Naganur,6,Ward 6,0,,0,0,,0,0,0,karnataka
301061,3068508,Naganur,7,Ward 7,0,,0,0,,0,0,0,karnataka
301061,3068509,Naganur,8,Ward 8,0,,0,0,,0,0,0,karnataka
301061,3068510,Naganur,9,Ward 9,0,,0,0,,0,0,0,karnataka
276544,1296203,Nalatavada,5,Ambedkar Nagar,530,Vijayapura,557,5453,Muddebihal,5453,0,0,karnataka
276544,1296203,Nalatavada,5,Ambedkar Nagar,530,Vijayapura,557,5453,Muddebihal,5453,0,0,karnataka
276544,1296205,Nalatavada,7,Avati Oni,0,,0,0,,0,928582,0,karnataka
276544,1296205,Nalatavada,7,Avati Oni,0,,0,0,,0,928582,0,karnataka
276544,1296202,Nalatavada,4,Barpet Galli,0,,0,0,,0,928582,0,karnataka
276544,1296202,Nalatavada,4,Barpet Galli,0,,0,0,,0,928582,0,karnataka
276544,1296209,Nalatavada,11,Deshamuk Oni,0,,0,0,,0,928582,0,karnataka
276544,1296209,Nalatavada,11,Deshamuk Oni,0,,0,0,,0,928582,0,karnataka
276544,1296211,Nalatavada,13,Gachchinbhavi Oni,0,,0,0,,0,928582,0,karnataka
276544,1296211,Nalatavada,13,Gachchinbhavi Oni,0,,0,0,,0,928582,0,karnataka
276544,1296208,Nalatavada,10,Hatti Oni,0,,0,0,,0,928582,0,karnataka
276544,1296208,Nalatavada,10,Hatti Oni,0,,0,0,,0,928582,0,karnataka
276544,1296199,Nalatavada,1,Jagadev Nagar,0,,0,0,,0,928582,0,karnataka
276544,1296199,Nalatavada,1,Jagadev Nagar,0,,0,0,,0,928582,0,karnataka
276544,1296212,Nalatavada,14,Jettingray Nagar,0,,0,0,,0,928582,0,karnataka
276544,1296212,Nalatavada,14,Jettingray Nagar,0,,0,0,,0,928582,0,karnataka
276544,1296210,Nalatavada,12,Nadadal Oni,0,,0,0,,0,0,0,karnataka
276544,1296204,Nalatavada,6,Nadagoudar Oni,0,,0,0,,0,928582,0,karnataka
276544,1296204,Nalatavada,6,Nadagoudar Oni,0,,0,0,,0,928582,0,karnataka
276544,1296206,Nalatavada,8,Nekar Oni,530,Vijayapura,557,5453,Muddebihal,5453,0,0,karnataka
276544,1296206,Nalatavada,8,Nekar Oni,530,Vijayapura,557,5453,Muddebihal,5453,0,0,karnataka
276544,1296207,Nalatavada,9,Redder Peta,0,,0,0,,0,928582,0,karnataka
276544,1296207,Nalatavada,9,Redder Peta,0,,0,0,,0,928582,0,karnataka
276544,1296200,Nalatavada,2,Vinayak Nagar,0,,0,0,,0,928582,0,karnataka
276544,1296200,Nalatavada,2,Vinayak Nagar,0,,0,0,,0,928582,0,karnataka
276544,1296201,Nalatavada,3,Yallamman Gudi Oni,0,,0,0,,0,928582,0,karnataka
276544,1296201,Nalatavada,3,Yallamman Gudi Oni,0,,0,0,,0,928582,0,karnataka
252050,65847,Nanjangud,1,Nanjangud (TMC) - Ward No.1,0,,0,0,,0,0,0,karnataka
252050,65856,Nanjangud,10,Nanjangud (TMC) - Ward No.10,0,,0,0,,0,0,0,karnataka
252050,65857,Nanjangud,11,Nanjangud (TMC) - Ward No.11,0,,0,0,,0,0,0,karnataka
252050,65858,Nanjangud,12,Nanjangud (TMC) - Ward No.12,0,,0,0,,0,0,0,karnataka
252050,65859,Nanjangud,13,Nanjangud (TMC) - Ward No.13,0,,0,0,,0,0,0,karnataka
252050,65860,Nanjangud,14,Nanjangud (TMC) - Ward No.14,0,,0,0,,0,0,0,karnataka
252050,65861,Nanjangud,15,Nanjangud (TMC) - Ward No.15,0,,0,0,,0,0,0,karnataka
252050,65862,Nanjangud,16,Nanjangud (TMC) - Ward No.16,0,,0,0,,0,0,0,karnataka
252050,65863,Nanjangud,17,Nanjangud (TMC) - Ward No.17,0,,0,0,,0,0,0,karnataka
252050,65864,Nanjangud,18,Nanjangud (TMC) - Ward No.18,0,,0,0,,0,0,0,karnataka
252050,65865,Nanjangud,19,Nanjangud (TMC) - Ward No.19,0,,0,0,,0,0,0,karnataka
252050,65848,Nanjangud,2,Nanjangud (TMC) - Ward No.2,0,,0,0,,0,0,0,karnataka
252050,65866,Nanjangud,20,Nanjangud (TMC) - Ward No.20,0,,0,0,,0,0,0,karnataka
252050,65867,Nanjangud,21,Nanjangud (TMC) - Ward No.21,0,,0,0,,0,0,0,karnataka
252050,65868,Nanjangud,22,Nanjangud (TMC) - Ward No.22,0,,0,0,,0,0,0,karnataka
252050,65869,Nanjangud,23,Nanjangud (TMC) - Ward No.23,0,,0,0,,0,0,0,karnataka
252050,65870,Nanjangud,24,Nanjangud (TMC) - Ward No.24,0,,0,0,,0,0,0,karnataka
252050,65871,Nanjangud,25,Nanjangud (TMC) - Ward No.25,0,,0,0,,0,0,0,karnataka
252050,65872,Nanjangud,26,Nanjangud (TMC) - Ward No.26,0,,0,0,,0,0,0,karnataka
252050,65873,Nanjangud,27,Nanjangud (TMC) - Ward No.27,0,,0,0,,0,0,0,karnataka
252050,1921374,Nanjangud,28,Nanjangud (TMC) - Ward No.28,0,,0,0,,0,0,0,karnataka
252050,1921375,Nanjangud,29,Nanjangud (TMC) - Ward No.29,0,,0,0,,0,0,0,karnataka
252050,65849,Nanjangud,3,Nanjangud (TMC) - Ward No.3,0,,0,0,,0,0,0,karnataka
252050,1921376,Nanjangud,30,Nanjangud (TMC) - Ward No.30,0,,0,0,,0,0,0,karnataka
252050,1921377,Nanjangud,31,Nanjangud (TMC) - Ward No.31,0,,0,0,,0,0,0,karnataka
252050,65850,Nanjangud,4,Nanjangud (TMC) - Ward No.4,0,,0,0,,0,0,0,karnataka
252050,65851,Nanjangud,5,Nanjangud (TMC) - Ward No.5,0,,0,0,,0,0,0,karnataka
252050,65852,Nanjangud,6,Nanjangud (TMC) - Ward No.6,0,,0,0,,0,0,0,karnataka
252050,65853,Nanjangud,7,Nanjangud (TMC) - Ward No.7,0,,0,0,,0,0,0,karnataka
252050,65854,Nanjangud,8,Nanjangud (TMC) - Ward No.8,0,,0,0,,0,0,0,karnataka
252050,65855,Nanjangud,9,Nanjangud (TMC) - Ward No.9,0,,0,0,,0,0,0,karnataka
251961,31806,Narasimharajapura,1,Narasimharajapura (TP) - Ward No.1,0,,0,0,,0,0,0,karnataka
251961,31815,Narasimharajapura,10,Narasimharajapura (TP) - Ward No.10,0,,0,0,,0,0,0,karnataka
251961,31816,Narasimharajapura,11,Narasimharajapura (TP) - Ward No.11,0,,0,0,,0,0,0,karnataka
251961,31807,Narasimharajapura,2,Narasimharajapura (TP) - Ward No.2,0,,0,0,,0,0,0,karnataka
251961,31808,Narasimharajapura,3,Narasimharajapura (TP) - Ward No.3,0,,0,0,,0,0,0,karnataka
251961,31809,Narasimharajapura,4,Narasimharajapura (TP) - Ward No.4,0,,0,0,,0,0,0,karnataka
251961,31810,Narasimharajapura,5,Narasimharajapura (TP) - Ward No.5,0,,0,0,,0,0,0,karnataka
251961,31811,Narasimharajapura,6,Narasimharajapura (TP) - Ward No.6,0,,0,0,,0,0,0,karnataka
251961,31812,Narasimharajapura,7,Narasimharajapura (TP) - Ward No.7,0,,0,0,,0,0,0,karnataka
251961,31813,Narasimharajapura,8,Narasimharajapura (TP) - Ward No.8,0,,0,0,,0,0,0,karnataka
251961,31814,Narasimharajapura,9,Narasimharajapura (TP) - Ward No.9,0,,0,0,,0,0,0,karnataka
251887,27949,Naregal,1,Naregal (TP) - Ward No.1,0,,0,0,,0,0,0,karnataka
251887,27958,Naregal,10,Naregal (TP) - Ward No.10,0,,0,0,,0,0,0,karnataka
251887,27959,Naregal,11,Naregal (TP) - Ward No.11,0,,0,0,,0,0,0,karnataka
251887,27960,Naregal,12,Naregal (TP) - Ward No.12,0,,0,0,,0,0,0,karnataka
251887,27961,Naregal,13,Naregal (TP) - Ward No.13,0,,0,0,,0,0,0,karnataka
251887,27962,Naregal,14,Naregal (TP) - Ward No.14,0,,0,0,,0,0,0,karnataka
251887,27963,Naregal,15,Naregal (TP) - Ward No.15,0,,0,0,,0,0,0,karnataka
251887,1889186,Naregal,16,Naregal (TP) - Ward No.16,0,,0,0,,0,0,0,karnataka
251887,1889187,Naregal,17,Naregal (TP) - Ward No.17,0,,0,0,,0,0,0,karnataka
251887,27950,Naregal,2,Naregal (TP) - Ward No.2,0,,0,0,,0,0,0,karnataka
251887,27951,Naregal,3,Naregal (TP) - Ward No.3,0,,0,0,,0,0,0,karnataka
251887,27952,Naregal,4,Naregal (TP) - Ward No.4,0,,0,0,,0,0,0,karnataka
251887,27953,Naregal,5,Naregal (TP) - Ward No.5,0,,0,0,,0,0,0,karnataka
251887,27954,Naregal,6,Naregal (TP) - Ward No.6,0,,0,0,,0,0,0,karnataka
251887,27955,Naregal,7,Naregal (TP) - Ward No.7,0,,0,0,,0,0,0,karnataka
251887,27956,Naregal,8,Naregal (TP) - Ward No.8,0,,0,0,,0,0,0,karnataka
251887,27957,Naregal,9,Naregal (TP) - Ward No.9,0,,0,0,,0,0,0,karnataka
251884,27883,Nargund,1,Nargund (TMC) - Ward No.1,0,,0,0,,0,0,0,karnataka
251884,27892,Nargund,10,Nargund (TMC) - Ward No.10,0,,0,0,,0,0,0,karnataka
251884,27893,Nargund,11,Nargund (TMC) - Ward No.11,0,,0,0,,0,0,0,karnataka
251884,27894,Nargund,12,Nargund (TMC) - Ward No.12,0,,0,0,,0,0,0,karnataka
251884,27895,Nargund,13,Nargund (TMC) - Ward No.13,0,,0,0,,0,0,0,karnataka
251884,27896,Nargund,14,Nargund (TMC) - Ward No.14,0,,0,0,,0,0,0,karnataka
251884,27897,Nargund,15,Nargund (TMC) - Ward No.15,0,,0,0,,0,0,0,karnataka
251884,27898,Nargund,16,Nargund (TMC) - Ward No.16,0,,0,0,,0,0,0,karnataka
251884,27899,Nargund,17,Nargund (TMC) - Ward No.17,0,,0,0,,0,0,0,karnataka
251884,27900,Nargund,18,Nargund (TMC) - Ward No.18,0,,0,0,,0,0,0,karnataka
251884,27901,Nargund,19,Nargund (TMC) - Ward No.19,0,,0,0,,0,0,0,karnataka
251884,27884,Nargund,2,Nargund (TMC) - Ward No.2,0,,0,0,,0,0,0,karnataka
251884,27902,Nargund,20,Nargund (TMC) - Ward No.20,0,,0,0,,0,0,0,karnataka
251884,27903,Nargund,21,Nargund (TMC) - Ward No.21,0,,0,0,,0,0,0,karnataka
251884,27904,Nargund,22,Nargund (TMC) - Ward No.22,0,,0,0,,0,0,0,karnataka
251884,27905,Nargund,23,Nargund (TMC) - Ward No.23,0,,0,0,,0,0,0,karnataka
251884,27885,Nargund,3,Nargund (TMC) - Ward No.3,0,,0,0,,0,0,0,karnataka
251884,27886,Nargund,4,Nargund (TMC) - Ward No.4,0,,0,0,,0,0,0,karnataka
251884,27887,Nargund,5,Nargund (TMC) - Ward No.5,0,,0,0,,0,0,0,karnataka
251884,27888,Nargund,6,Nargund (TMC) - Ward No.6,0,,0,0,,0,0,0,karnataka
251884,27889,Nargund,7,Nargund (TMC) - Ward No.7,0,,0,0,,0,0,0,karnataka
251884,27890,Nargund,8,Nargund (TMC) - Ward No.8,0,,0,0,,0,0,0,karnataka
251884,27891,Nargund,9,Nargund (TMC) - Ward No.9,0,,0,0,,0,0,0,karnataka
251895,60979,Navalgund,1,Navalgund (TMC) - Ward No.1,0,,0,0,,0,0,0,karnataka
251895,60988,Navalgund,10,Navalgund (TMC) - Ward No.10,0,,0,0,,0,0,0,karnataka
251895,60989,Navalgund,11,Navalgund (TMC) - Ward No.11,0,,0,0,,0,0,0,karnataka
251895,60990,Navalgund,12,Navalgund (TMC) - Ward No.12,0,,0,0,,0,0,0,karnataka
251895,60991,Navalgund,13,Navalgund (TMC) - Ward No.13,0,,0,0,,0,0,0,karnataka
251895,60992,Navalgund,14,Navalgund (TMC) - Ward No.14,0,,0,0,,0,0,0,karnataka
251895,60993,Navalgund,15,Navalgund (TMC) - Ward No.15,0,,0,0,,0,0,0,karnataka
251895,60994,Navalgund,16,Navalgund (TMC) - Ward No.16,0,,0,0,,0,0,0,karnataka
251895,60995,Navalgund,17,Navalgund (TMC) - Ward No.17,0,,0,0,,0,0,0,karnataka
251895,60996,Navalgund,18,Navalgund (TMC) - Ward No.18,0,,0,0,,0,0,0,karnataka
251895,60997,Navalgund,19,Navalgund (TMC) - Ward No.19,0,,0,0,,0,0,0,karnataka
251895,60980,Navalgund,2,Navalgund (TMC) - Ward No.2,0,,0,0,,0,0,0,karnataka
251895,60998,Navalgund,20,Navalgund (TMC) - Ward No.20,0,,0,0,,0,0,0,karnataka
251895,923397,Navalgund,21,Navalgund (TMC) - Ward No.21,0,,0,0,,0,0,0,karnataka
251895,923398,Navalgund,22,Navalgund (TMC) - Ward No.22,0,,0,0,,0,0,0,karnataka
251895,923399,Navalgund,23,Navalgund (TMC) - Ward No.23,0,,0,0,,0,0,0,karnataka
251895,60981,Navalgund,3,Navalgund (TMC) - Ward No.3,0,,0,0,,0,0,0,karnataka
251895,60982,Navalgund,4,Navalgund (TMC) - Ward No.4,0,,0,0,,0,0,0,karnataka
251895,60983,Navalgund,5,Navalgund (TMC) - Ward No.5,0,,0,0,,0,0,0,karnataka
251895,60984,Navalgund,6,Navalgund (TMC) - Ward No.6,0,,0,0,,0,0,0,karnataka
251895,60985,Navalgund,7,Navalgund (TMC) - Ward No.7,0,,0,0,,0,0,0,karnataka
251895,60986,Navalgund,8,Navalgund (TMC) - Ward No.8,0,,0,0,,0,0,0,karnataka
251895,60987,Navalgund,9,Navalgund (TMC) - Ward No.9,0,,0,0,,0,0,0,karnataka
276542,1295817,Nayakanahatti,15,Bosadevarahatty-1,533,Chitradurga,566,5504,Challakere,5504,0,0,karnataka
276542,1295817,Nayakanahatti,15,Bosadevarahatty-1,533,Chitradurga,566,5504,Challakere,5504,0,0,karnataka
276542,1295818,Nayakanahatti,16,Bosadevarahatty-2,0,,0,0,,0,928715,0,karnataka
276542,1295818,Nayakanahatti,16,Bosadevarahatty-2,0,,0,0,,0,928715,0,karnataka
276542,1295806,Nayakanahatti,4,Channabasaiahnahatty New Village Kondaiahna Kapile,0,,0,0,,0,928715,0,karnataka
276542,1295806,Nayakanahatti,4,Channabasaiahnahatty New Village Kondaiahna Kapile,0,,0,0,,0,928715,0,karnataka
276542,1295805,Nayakanahatti,3,Channabasaiahnahatty Old Village,0,,0,0,,0,928715,0,karnataka
276542,1295805,Nayakanahatti,3,Channabasaiahnahatty Old Village,0,,0,0,,0,928715,0,karnataka
276542,1295803,Nayakanahatti,1,Jagnur Hatty,533,Chitradurga,566,5504,Challakere,5504,0,0,karnataka
276542,1295803,Nayakanahatti,1,Jagnur Hatty,533,Chitradurga,566,5504,Challakere,5504,0,0,karnataka
276542,1295804,Nayakanahatti,2,Madayyanahatty,533,Chitradurga,566,5504,Challakere,5504,0,0,karnataka
276542,1295804,Nayakanahatti,2,Madayyanahatty,533,Chitradurga,566,5504,Challakere,5504,0,0,karnataka
276542,1295807,Nayakanahatti,5,Nayakanahatty-1,0,,0,0,,0,928715,0,karnataka
276542,1295807,Nayakanahatti,5,Nayakanahatty-1,0,,0,0,,0,928715,0,karnataka
276542,1295816,Nayakanahatti,14,Nayakanahatty-10,533,Chitradurga,566,5504,Challakere,5504,0,0,karnataka
276542,1295816,Nayakanahatti,14,Nayakanahatty-10,533,Chitradurga,566,5504,Challakere,5504,0,0,karnataka
276542,1295808,Nayakanahatti,6,Nayakanahatty-2,0,,0,0,,0,928715,0,karnataka
276542,1295808,Nayakanahatti,6,Nayakanahatty-2,0,,0,0,,0,928715,0,karnataka
276542,1295809,Nayakanahatti,7,Nayakanahatty-3,533,Chitradurga,566,5504,Challakere,5504,0,0,karnataka
276542,1295809,Nayakanahatti,7,Nayakanahatty-3,533,Chitradurga,566,5504,Challakere,5504,0,0,karnataka
276542,1295810,Nayakanahatti,8,Nayakanahatty-4,533,Chitradurga,566,5504,Challakere,5504,0,0,karnataka
276542,1295810,Nayakanahatti,8,Nayakanahatty-4,533,Chitradurga,566,5504,Challakere,5504,0,0,karnataka
276542,1295811,Nayakanahatti,9,Nayakanahatty-5,0,,0,0,,0,928715,0,karnataka
276542,1295811,Nayakanahatti,9,Nayakanahatty-5,0,,0,0,,0,928715,0,karnataka
276542,1295812,Nayakanahatti,10,Nayakanahatty-6,0,,0,0,,0,928715,0,karnataka
276542,1295812,Nayakanahatti,10,Nayakanahatty-6,0,,0,0,,0,928715,0,karnataka
276542,1295813,Nayakanahatti,11,Nayakanahatty-7,0,,0,0,,0,928715,0,karnataka
276542,1295813,Nayakanahatti,11,Nayakanahatty-7,0,,0,0,,0,928715,0,karnataka
276542,1295814,Nayakanahatti,12,Nayakanahatty-8,533,Chitradurga,566,5504,Challakere,5504,0,0,karnataka
276542,1295814,Nayakanahatti,12,Nayakanahatty-8,533,Chitradurga,566,5504,Challakere,5504,0,0,karnataka
276542,1295815,Nayakanahatti,13,Nayakanahatty-9,0,,0,0,,0,928715,0,karnataka
276542,1295815,Nayakanahatti,13,Nayakanahatty-9,0,,0,0,,0,928715,0,karnataka
251990,26452,Nelamangala,1,Nelamangala (TP) - Ward No.1,0,,0,0,,0,0,0,karnataka
251990,26461,Nelamangala,10,Nelamangala (TP) - Ward No.10,0,,0,0,,0,0,0,karnataka
251990,26462,Nelamangala,11,Nelamangala (TP) - Ward No.11,0,,0,0,,0,0,0,karnataka
251990,26463,Nelamangala,12,Nelamangala (TP) - Ward No.12,0,,0,0,,0,0,0,karnataka
251990,26464,Nelamangala,13,Nelamangala (TP) - Ward No.13,0,,0,0,,0,0,0,karnataka
251990,26465,Nelamangala,14,Nelamangala (TP) - Ward No.14,0,,0,0,,0,0,0,karnataka
251990,26466,Nelamangala,15,Nelamangala (TP) - Ward No.15,0,,0,0,,0,0,0,karnataka
251990,26467,Nelamangala,16,Nelamangala (TP) - Ward No.16,0,,0,0,,0,0,0,karnataka
251990,26468,Nelamangala,17,Nelamangala (TP) - Ward No.17,0,,0,0,,0,0,0,karnataka
251990,26469,Nelamangala,18,Nelamangala (TP) - Ward No.18,0,,0,0,,0,0,0,karnataka
251990,26453,Nelamangala,2,Nelamangala (TP) - Ward No.2,0,,0,0,,0,0,0,karnataka
251990,26454,Nelamangala,3,Nelamangala (TP) - Ward No.3,0,,0,0,,0,0,0,karnataka
251990,26455,Nelamangala,4,Nelamangala (TP) - Ward No.4,0,,0,0,,0,0,0,karnataka
251990,26456,Nelamangala,5,Nelamangala (TP) - Ward No.5,0,,0,0,,0,0,0,karnataka
251990,26457,Nelamangala,6,Nelamangala (TP) - Ward No.6,0,,0,0,,0,0,0,karnataka
251990,26458,Nelamangala,7,Nelamangala (TP) - Ward No.7,0,,0,0,,0,0,0,karnataka
251990,26459,Nelamangala,8,Nelamangala (TP) - Ward No.8,0,,0,0,,0,0,0,karnataka
251990,26460,Nelamangala,9,Nelamangala (TP) - Ward No.9,0,,0,0,,0,0,0,karnataka
251990,2176836,Nelamangala,19,Nelmangala-19,0,,0,0,,0,0,0,karnataka
251990,2176837,Nelamangala,20,Nelmangala-20,0,,0,0,,0,0,0,karnataka
251990,2176838,Nelamangala,21,Nelmangala-21,0,,0,0,,0,0,0,karnataka
251990,2176839,Nelamangala,22,Nelmangala-22,0,,0,0,,0,0,0,karnataka
251990,2176840,Nelamangala,23,Nelmangala-23,0,,0,0,,0,0,0,karnataka
251990,3044487,Nelamangala,24,Ward 24,0,,0,0,,0,0,0,karnataka
251990,3044488,Nelamangala,25,Ward 25,0,,0,0,,0,0,0,karnataka
251990,3044489,Nelamangala,26,Ward 26,0,,0,0,,0,0,0,karnataka
251990,3044490,Nelamangala,27,Ward 27,0,,0,0,,0,0,0,karnataka
251990,3044491,Nelamangala,28,Ward 28,0,,0,0,,0,0,0,karnataka
251990,3044492,Nelamangala,29,Ward 29,0,,0,0,,0,0,0,karnataka
251990,3044493,Nelamangala,30,Ward 30,0,,0,0,,0,0,0,karnataka
251990,3044494,Nelamangala,31,Ward 31,0,,0,0,,0,0,0,karnataka
276557,2179678,Nidagundi,1,Ward-1,0,,0,0,,0,0,0,karnataka
276557,2179687,Nidagundi,10,Ward-10,0,,0,0,,0,0,0,karnataka
276557,2179688,Nidagundi,11,Ward-11,0,,0,0,,0,0,0,karnataka
276557,2179689,Nidagundi,12,Ward-12,0,,0,0,,0,0,0,karnataka
276557,2179690,Nidagundi,13,Ward-13,0,,0,0,,0,0,0,karnataka
276557,2179691,Nidagundi,14,Ward-14,0,,0,0,,0,0,0,karnataka
276557,2179692,Nidagundi,15,Ward-15,0,,0,0,,0,0,0,karnataka
276557,2179693,Nidagundi,16,Ward-16,0,,0,0,,0,0,0,karnataka
276557,2179679,Nidagundi,2,Ward-2,0,,0,0,,0,0,0,karnataka
276557,2179680,Nidagundi,3,Ward-3,0,,0,0,,0,0,0,karnataka
276557,2179681,Nidagundi,4,Ward-4,0,,0,0,,0,0,0,karnataka
276557,2179682,Nidagundi,5,Ward-5,0,,0,0,,0,0,0,karnataka
276557,2179683,Nidagundi,6,Ward-6,0,,0,0,,0,0,0,karnataka
276557,2179684,Nidagundi,7,Ward-7,0,,0,0,,0,0,0,karnataka
276557,2179685,Nidagundi,8,Ward-8,0,,0,0,,0,0,0,karnataka
276557,2179686,Nidagundi,9,Ward-9,0,,0,0,,0,0,0,karnataka
251809,24434,Nipani,1,Nipani (Cmc) - Ward No.1,0,,0,0,,0,0,0,karnataka
251809,24443,Nipani,10,Nipani (Cmc) - Ward No.10,0,,0,0,,0,0,0,karnataka
251809,24444,Nipani,11,Nipani (Cmc) - Ward No.11,0,,0,0,,0,0,0,karnataka
251809,24445,Nipani,12,Nipani (Cmc) - Ward No.12,0,,0,0,,0,0,0,karnataka
251809,24446,Nipani,13,Nipani (Cmc) - Ward No.13,0,,0,0,,0,0,0,karnataka
251809,24447,Nipani,14,Nipani (Cmc) - Ward No.14,0,,0,0,,0,0,0,karnataka
251809,24448,Nipani,15,Nipani (Cmc) - Ward No.15,0,,0,0,,0,0,0,karnataka
251809,24449,Nipani,16,Nipani (Cmc) - Ward No.16,0,,0,0,,0,0,0,karnataka
251809,24450,Nipani,17,Nipani (Cmc) - Ward No.17,0,,0,0,,0,0,0,karnataka
251809,24451,Nipani,18,Nipani (Cmc) - Ward No.18,0,,0,0,,0,0,0,karnataka
251809,24452,Nipani,19,Nipani (Cmc) - Ward No.19,0,,0,0,,0,0,0,karnataka
251809,24435,Nipani,2,Nipani (Cmc) - Ward No.2,0,,0,0,,0,0,0,karnataka
251809,24453,Nipani,20,Nipani (Cmc) - Ward No.20,0,,0,0,,0,0,0,karnataka
251809,24454,Nipani,21,Nipani (Cmc) - Ward No.21,0,,0,0,,0,0,0,karnataka
251809,24455,Nipani,22,Nipani (Cmc) - Ward No.22,0,,0,0,,0,0,0,karnataka
251809,24456,Nipani,23,Nipani (Cmc) - Ward No.23,0,,0,0,,0,0,0,karnataka
251809,24457,Nipani,24,Nipani (Cmc) - Ward No.24,0,,0,0,,0,0,0,karnataka
251809,24458,Nipani,25,Nipani (Cmc) - Ward No.25,0,,0,0,,0,0,0,karnataka
251809,24459,Nipani,26,Nipani (Cmc) - Ward No.26,0,,0,0,,0,0,0,karnataka
251809,24460,Nipani,27,Nipani (Cmc) - Ward No.27,0,,0,0,,0,0,0,karnataka
251809,24461,Nipani,28,Nipani (Cmc) - Ward No.28,0,,0,0,,0,0,0,karnataka
251809,24462,Nipani,29,Nipani (Cmc) - Ward No.29,0,,0,0,,0,0,0,karnataka
251809,24436,Nipani,3,Nipani (Cmc) - Ward No.3,0,,0,0,,0,0,0,karnataka
251809,24463,Nipani,30,Nipani (Cmc) - Ward No.30,0,,0,0,,0,0,0,karnataka
251809,24464,Nipani,31,Nipani (Cmc) - Ward No.31,0,,0,0,,0,0,0,karnataka
251809,24437,Nipani,4,Nipani (Cmc) - Ward No.4,0,,0,0,,0,0,0,karnataka
251809,24438,Nipani,5,Nipani (Cmc) - Ward No.5,0,,0,0,,0,0,0,karnataka
251809,24439,Nipani,6,Nipani (Cmc) - Ward No.6,0,,0,0,,0,0,0,karnataka
251809,24440,Nipani,7,Nipani (Cmc) - Ward No.7,0,,0,0,,0,0,0,karnataka
251809,24441,Nipani,8,Nipani (Cmc) - Ward No.8,0,,0,0,,0,0,0,karnataka
251809,24442,Nipani,9,Nipani (Cmc) - Ward No.9,0,,0,0,,0,0,0,karnataka
299183,3044524,Nyamathi,1,Ward 1,0,,0,0,,0,0,0,karnataka
299183,3044533,Nyamathi,10,Ward 10,0,,0,0,,0,0,0,karnataka
299183,3044534,Nyamathi,11,Ward 11,0,,0,0,,0,0,0,karnataka
299183,3044525,Nyamathi,2,Ward 2,0,,0,0,,0,0,0,karnataka
299183,3044526,Nyamathi,3,Ward 3,0,,0,0,,0,0,0,karnataka
299183,3044527,Nyamathi,4,Ward 4,0,,0,0,,0,0,0,karnataka
299183,3044528,Nyamathi,5,Ward 5,0,,0,0,,0,0,0,karnataka
299183,3044529,Nyamathi,6,Ward 6,0,,0,0,,0,0,0,karnataka
299183,3044530,Nyamathi,7,Ward 7,0,,0,0,,0,0,0,karnataka
299183,3044531,Nyamathi,8,Ward 8,0,,0,0,,0,0,0,karnataka
299183,3044532,Nyamathi,9,Ward 9,0,,0,0,,0,0,0,karnataka
252003,26725,Pandavapura,1,Pandavapura (TP) - Ward No.1,0,,0,0,,0,0,0,karnataka
252003,26734,Pandavapura,10,Pandavapura (TP) - Ward No.10,0,,0,0,,0,0,0,karnataka
252003,26735,Pandavapura,11,Pandavapura (TP) - Ward No.11,0,,0,0,,0,0,0,karnataka
252003,26736,Pandavapura,12,Pandavapura (TP) - Ward No.12,0,,0,0,,0,0,0,karnataka
252003,26737,Pandavapura,13,Pandavapura (TP) - Ward No.13,0,,0,0,,0,0,0,karnataka
252003,26738,Pandavapura,14,Pandavapura (TP) - Ward No.14,0,,0,0,,0,0,0,karnataka
252003,26739,Pandavapura,15,Pandavapura (TP) - Ward No.15,0,,0,0,,0,0,0,karnataka
252003,26740,Pandavapura,16,Pandavapura (TP) - Ward No.16,0,,0,0,,0,0,0,karnataka
252003,26741,Pandavapura,17,Pandavapura (TP) - Ward No.17,0,,0,0,,0,0,0,karnataka
252003,1891445,Pandavapura,18,Pandavapura (TP) - Ward No.18,0,,0,0,,0,0,0,karnataka
252003,1891446,Pandavapura,19,Pandavapura (TP) - Ward No.19,0,,0,0,,0,0,0,karnataka
252003,26726,Pandavapura,2,Pandavapura (TP) - Ward No.2,0,,0,0,,0,0,0,karnataka
252003,1891447,Pandavapura,20,Pandavapura (TP) - Ward No.20,0,,0,0,,0,0,0,karnataka
252003,1891448,Pandavapura,21,Pandavapura (TP) - Ward No.21,0,,0,0,,0,0,0,karnataka
252003,1891449,Pandavapura,22,Pandavapura (TP) - Ward No.22,0,,0,0,,0,0,0,karnataka
252003,1891450,Pandavapura,23,Pandavapura (TP) - Ward No.23,0,,0,0,,0,0,0,karnataka
252003,26727,Pandavapura,3,Pandavapura (TP) - Ward No.3,0,,0,0,,0,0,0,karnataka
252003,26728,Pandavapura,4,Pandavapura (TP) - Ward No.4,0,,0,0,,0,0,0,karnataka
252003,26729,Pandavapura,5,Pandavapura (TP) - Ward No.5,0,,0,0,,0,0,0,karnataka
252003,26730,Pandavapura,6,Pandavapura (TP) - Ward No.6,0,,0,0,,0,0,0,karnataka
252003,26731,Pandavapura,7,Pandavapura (TP) - Ward No.7,0,,0,0,,0,0,0,karnataka
252003,26732,Pandavapura,8,Pandavapura (TP) - Ward No.8,0,,0,0,,0,0,0,karnataka
252003,26733,Pandavapura,9,Pandavapura (TP) - Ward No.9,0,,0,0,,0,0,0,karnataka
251970,25356,Pavagada,1,Pavagada (TP) - Ward No.1,0,,0,0,,0,0,0,karnataka
251970,25365,Pavagada,10,Pavagada (TP) - Ward No.10,0,,0,0,,0,0,0,karnataka
251970,25366,Pavagada,11,Pavagada (TP) - Ward No.11,0,,0,0,,0,0,0,karnataka
251970,25367,Pavagada,12,Pavagada (TP) - Ward No.12,0,,0,0,,0,0,0,karnataka
251970,25368,Pavagada,13,Pavagada (TP) - Ward No.13,0,,0,0,,0,0,0,karnataka
251970,25369,Pavagada,14,Pavagada (TP) - Ward No.14,0,,0,0,,0,0,0,karnataka
251970,25370,Pavagada,15,Pavagada (TP) - Ward No.15,0,,0,0,,0,0,0,karnataka
251970,25371,Pavagada,16,Pavagada (TP) - Ward No.16,0,,0,0,,0,0,0,karnataka
251970,25372,Pavagada,17,Pavagada (TP) - Ward No.17,0,,0,0,,0,0,0,karnataka
251970,25373,Pavagada,18,Pavagada (TP) - Ward No.18,0,,0,0,,0,0,0,karnataka
251970,25374,Pavagada,19,Pavagada (TP) - Ward No.19,0,,0,0,,0,0,0,karnataka
251970,25357,Pavagada,2,Pavagada (TP) - Ward No.2,0,,0,0,,0,0,0,karnataka
251970,25375,Pavagada,20,Pavagada (TP) - Ward No.20,0,,0,0,,0,0,0,karnataka
251970,1922460,Pavagada,21,Pavagada (TP) - Ward No.21,0,,0,0,,0,0,0,karnataka
251970,1922461,Pavagada,22,Pavagada (TP) - Ward No.22,0,,0,0,,0,0,0,karnataka
251970,1922462,Pavagada,23,Pavagada (TP) - Ward No.23,0,,0,0,,0,0,0,karnataka
251970,25358,Pavagada,3,Pavagada (TP) - Ward No.3,0,,0,0,,0,0,0,karnataka
251970,25359,Pavagada,4,Pavagada (TP) - Ward No.4,0,,0,0,,0,0,0,karnataka
251970,25360,Pavagada,5,Pavagada (TP) - Ward No.5,0,,0,0,,0,0,0,karnataka
251970,25361,Pavagada,6,Pavagada (TP) - Ward No.6,0,,0,0,,0,0,0,karnataka
251970,25362,Pavagada,7,Pavagada (TP) - Ward No.7,0,,0,0,,0,0,0,karnataka
251970,25363,Pavagada,8,Pavagada (TP) - Ward No.8,0,,0,0,,0,0,0,karnataka
251970,25364,Pavagada,9,Pavagada (TP) - Ward No.9,0,,0,0,,0,0,0,karnataka
299333,3310305,Peeranawadi,1,ward 1,0,,0,0,,0,0,0,karnataka
299333,3310314,Peeranawadi,10,ward 10,0,,0,0,,0,0,0,karnataka
299333,3310315,Peeranawadi,11,ward 11,0,,0,0,,0,0,0,karnataka
299333,3310316,Peeranawadi,12,ward 12,0,,0,0,,0,0,0,karnataka
299333,3310317,Peeranawadi,13,ward 13,0,,0,0,,0,0,0,karnataka
299333,3310318,Peeranawadi,14,ward 14,0,,0,0,,0,0,0,karnataka
299333,3310319,Peeranawadi,15,ward 15,0,,0,0,,0,0,0,karnataka
299333,3310320,Peeranawadi,16,ward 16,0,,0,0,,0,0,0,karnataka
299333,3310321,Peeranawadi,17,ward 17,0,,0,0,,0,0,0,karnataka
299333,3310322,Peeranawadi,18,ward 18,0,,0,0,,0,0,0,karnataka
299333,3310306,Peeranawadi,2,ward 2,0,,0,0,,0,0,0,karnataka
299333,3310307,Peeranawadi,3,ward 3,0,,0,0,,0,0,0,karnataka
299333,3310308,Peeranawadi,4,ward 4,0,,0,0,,0,0,0,karnataka
299333,3310309,Peeranawadi,5,ward 5,0,,0,0,,0,0,0,karnataka
299333,3310310,Peeranawadi,6,ward 6,0,,0,0,,0,0,0,karnataka
299333,3310311,Peeranawadi,7,ward 7,0,,0,0,,0,0,0,karnataka
299333,3310312,Peeranawadi,8,ward 8,0,,0,0,,0,0,0,karnataka
299333,3310313,Peeranawadi,9,ward 9,0,,0,0,,0,0,0,karnataka
252042,28770,Piriyapatna,1,Piriyapatna (TP) - Ward No.1,0,,0,0,,0,0,0,karnataka
252042,28779,Piriyapatna,10,Piriyapatna (TP) - Ward No.10,0,,0,0,,0,0,0,karnataka
252042,28780,Piriyapatna,11,Piriyapatna (TP) - Ward No.11,0,,0,0,,0,0,0,karnataka
252042,28781,Piriyapatna,12,Piriyapatna (TP) - Ward No.12,0,,0,0,,0,0,0,karnataka
252042,28782,Piriyapatna,13,Piriyapatna (TP) - Ward No.13,0,,0,0,,0,0,0,karnataka
252042,2523,Piriyapatna,14,Piriyapatna (TP) - Ward No.14,0,,0,0,,0,0,0,karnataka
252042,2524,Piriyapatna,15,Piriyapatna (TP) - Ward No.15,0,,0,0,,0,0,0,karnataka
252042,1920863,Piriyapatna,16,Piriyapatna (TP) - Ward No.16,0,,0,0,,0,0,0,karnataka
252042,1920864,Piriyapatna,17,Piriyapatna (TP) - Ward No.17,0,,0,0,,0,0,0,karnataka
252042,1920865,Piriyapatna,18,Piriyapatna (TP) - Ward No.18,0,,0,0,,0,0,0,karnataka
252042,1920866,Piriyapatna,19,Piriyapatna (TP) - Ward No.19,0,,0,0,,0,0,0,karnataka
252042,28771,Piriyapatna,2,Piriyapatna (TP) - Ward No.2,0,,0,0,,0,0,0,karnataka
252042,1920867,Piriyapatna,20,Piriyapatna (TP) - Ward No.20,0,,0,0,,0,0,0,karnataka
252042,1920868,Piriyapatna,21,Piriyapatna (TP) - Ward No.21,0,,0,0,,0,0,0,karnataka
252042,1920869,Piriyapatna,22,Piriyapatna (TP) - Ward No.22,0,,0,0,,0,0,0,karnataka
252042,1920870,Piriyapatna,23,Piriyapatna (TP) - Ward No.23,0,,0,0,,0,0,0,karnataka
252042,28772,Piriyapatna,3,Piriyapatna (TP) - Ward No.3,0,,0,0,,0,0,0,karnataka
252042,28773,Piriyapatna,4,Piriyapatna (TP) - Ward No.4,0,,0,0,,0,0,0,karnataka
252042,28774,Piriyapatna,5,Piriyapatna (TP) - Ward No.5,0,,0,0,,0,0,0,karnataka
252042,28775,Piriyapatna,6,Piriyapatna (TP) - Ward No.6,0,,0,0,,0,0,0,karnataka
252042,28776,Piriyapatna,7,Piriyapatna (TP) - Ward No.7,0,,0,0,,0,0,0,karnataka
252042,28777,Piriyapatna,8,Piriyapatna (TP) - Ward No.8,0,,0,0,,0,0,0,karnataka
252042,28778,Piriyapatna,9,Piriyapatna (TP) - Ward No.9,0,,0,0,,0,0,0,karnataka
252035,28405,Puttur,1,Puttur(TMC) - Ward No.1,0,,0,0,,0,0,0,karnataka
252035,28414,Puttur,10,Puttur(TMC) - Ward No.10,0,,0,0,,0,0,0,karnataka
252035,28415,Puttur,11,Puttur(TMC) - Ward No.11,0,,0,0,,0,0,0,karnataka
252035,28416,Puttur,12,Puttur(TMC) - Ward No.12,0,,0,0,,0,0,0,karnataka
252035,28417,Puttur,13,Puttur(TMC) - Ward No.13,0,,0,0,,0,0,0,karnataka
252035,28418,Puttur,14,Puttur(TMC) - Ward No.14,0,,0,0,,0,0,0,karnataka
252035,28419,Puttur,15,Puttur(TMC) - Ward No.15,0,,0,0,,0,0,0,karnataka
252035,28420,Puttur,16,Puttur(TMC) - Ward No.16,0,,0,0,,0,0,0,karnataka
252035,28421,Puttur,17,Puttur(TMC) - Ward No.17,0,,0,0,,0,0,0,karnataka
252035,28422,Puttur,18,Puttur(TMC) - Ward No.18,0,,0,0,,0,0,0,karnataka
252035,28423,Puttur,19,Puttur(TMC) - Ward No.19,0,,0,0,,0,0,0,karnataka
252035,28406,Puttur,2,Puttur(TMC) - Ward No.2,0,,0,0,,0,0,0,karnataka
252035,28424,Puttur,20,Puttur(TMC) - Ward No.20,0,,0,0,,0,0,0,karnataka
252035,28425,Puttur,21,Puttur(TMC) - Ward No.21,0,,0,0,,0,0,0,karnataka
252035,28426,Puttur,22,Puttur(TMC) - Ward No.22,0,,0,0,,0,0,0,karnataka
252035,28427,Puttur,23,Puttur(TMC) - Ward No.23,0,,0,0,,0,0,0,karnataka
252035,28428,Puttur,24,Puttur(TMC) - Ward No.24,0,,0,0,,0,0,0,karnataka
252035,28429,Puttur,25,Puttur(TMC) - Ward No.25,0,,0,0,,0,0,0,karnataka
252035,28430,Puttur,26,Puttur(TMC) - Ward No.26,0,,0,0,,0,0,0,karnataka
252035,28431,Puttur,27,Puttur(TMC) - Ward No.27,0,,0,0,,0,0,0,karnataka
252035,1888847,Puttur,28,Puttur (TMC) - Ward No.28,0,,0,0,,0,0,0,karnataka
252035,1888848,Puttur,29,Puttur (TMC) - Ward No.29,0,,0,0,,0,0,0,karnataka
252035,28407,Puttur,3,Puttur(TMC) - Ward No.3,0,,0,0,,0,0,0,karnataka
252035,1888849,Puttur,30,Puttur (TMC) - Ward No.30,0,,0,0,,0,0,0,karnataka
252035,1888850,Puttur,31,Puttur (TMC) - Ward No.31,0,,0,0,,0,0,0,karnataka
252035,28408,Puttur,4,Puttur(TMC) - Ward No.4,0,,0,0,,0,0,0,karnataka
252035,28409,Puttur,5,Puttur(TMC) - Ward No.5,0,,0,0,,0,0,0,karnataka
252035,28410,Puttur,6,Puttur(TMC) - Ward No.6,0,,0,0,,0,0,0,karnataka
252035,28411,Puttur,7,Puttur(TMC) - Ward No.7,0,,0,0,,0,0,0,karnataka
252035,28412,Puttur,8,Puttur(TMC) - Ward No.8,0,,0,0,,0,0,0,karnataka
252035,28413,Puttur,9,Puttur(TMC) - Ward No.9,0,,0,0,,0,0,0,karnataka
251833,25955,Rabkavi-Banhatti,1,Rabkavi-Banhatti (Cmc) - Ward No.1,0,,0,0,,0,0,0,karnataka
251833,25964,Rabkavi-Banhatti,10,Rabkavi-Banhatti (Cmc) - Ward No.10,0,,0,0,,0,0,0,karnataka
251833,25965,Rabkavi-Banhatti,11,Rabkavi-Banhatti (Cmc) - Ward No.11,0,,0,0,,0,0,0,karnataka
251833,25966,Rabkavi-Banhatti,12,Rabkavi-Banhatti (Cmc) - Ward No.12,0,,0,0,,0,0,0,karnataka
251833,25967,Rabkavi-Banhatti,13,Rabkavi-Banhatti (Cmc) - Ward No.13,0,,0,0,,0,0,0,karnataka
251833,25968,Rabkavi-Banhatti,14,Rabkavi-Banhatti (Cmc) - Ward No.14,0,,0,0,,0,0,0,karnataka
251833,25969,Rabkavi-Banhatti,15,Rabkavi-Banhatti (Cmc) - Ward No.15,0,,0,0,,0,0,0,karnataka
251833,25970,Rabkavi-Banhatti,16,Rabkavi-Banhatti (Cmc) - Ward No.16,0,,0,0,,0,0,0,karnataka
251833,25971,Rabkavi-Banhatti,17,Rabkavi-Banhatti (Cmc) - Ward No.17,0,,0,0,,0,0,0,karnataka
251833,25972,Rabkavi-Banhatti,18,Rabkavi-Banhatti (Cmc) - Ward No.18,0,,0,0,,0,0,0,karnataka
251833,25973,Rabkavi-Banhatti,19,Rabkavi-Banhatti (Cmc) - Ward No.19,0,,0,0,,0,0,0,karnataka
251833,25956,Rabkavi-Banhatti,2,Rabkavi-Banhatti (Cmc) - Ward No.2,0,,0,0,,0,0,0,karnataka
251833,26057,Rabkavi-Banhatti,20,Rabkavi-Banhatti (Cmc) - Ward No.20,0,,0,0,,0,0,0,karnataka
251833,26058,Rabkavi-Banhatti,21,Rabkavi-Banhatti (Cmc) - Ward No.21,0,,0,0,,0,0,0,karnataka
251833,26059,Rabkavi-Banhatti,22,Rabkavi-Banhatti (Cmc) - Ward No.22,0,,0,0,,0,0,0,karnataka
251833,26060,Rabkavi-Banhatti,23,Rabkavi-Banhatti (Cmc) - Ward No.23,0,,0,0,,0,0,0,karnataka
251833,26061,Rabkavi-Banhatti,24,Rabkavi-Banhatti (Cmc) - Ward No.24,0,,0,0,,0,0,0,karnataka
251833,26062,Rabkavi-Banhatti,25,Rabkavi-Banhatti (Cmc) - Ward No.25,0,,0,0,,0,0,0,karnataka
251833,26063,Rabkavi-Banhatti,26,Rabkavi-Banhatti (Cmc) - Ward No.26,0,,0,0,,0,0,0,karnataka
251833,26064,Rabkavi-Banhatti,27,Rabkavi-Banhatti (Cmc) - Ward No.27,0,,0,0,,0,0,0,karnataka
251833,26065,Rabkavi-Banhatti,28,Rabkavi-Banhatti (Cmc) - Ward No.28,0,,0,0,,0,0,0,karnataka
251833,26066,Rabkavi-Banhatti,29,Rabkavi-Banhatti (Cmc) - Ward No.29,0,,0,0,,0,0,0,karnataka
251833,25957,Rabkavi-Banhatti,3,Rabkavi-Banhatti (Cmc) - Ward No.3,0,,0,0,,0,0,0,karnataka
251833,26067,Rabkavi-Banhatti,30,Rabkavi-Banhatti (Cmc) - Ward No.30,0,,0,0,,0,0,0,karnataka
251833,26068,Rabkavi-Banhatti,31,Rabkavi-Banhatti (Cmc) - Ward No.31,0,,0,0,,0,0,0,karnataka
251833,25958,Rabkavi-Banhatti,4,Rabkavi-Banhatti (Cmc) - Ward No.4,0,,0,0,,0,0,0,karnataka
251833,25959,Rabkavi-Banhatti,5,Rabkavi-Banhatti (Cmc) - Ward No.5,0,,0,0,,0,0,0,karnataka
251833,25960,Rabkavi-Banhatti,6,Rabkavi-Banhatti (Cmc) - Ward No.6,0,,0,0,,0,0,0,karnataka
251833,25961,Rabkavi-Banhatti,7,Rabkavi-Banhatti (Cmc) - Ward No.7,0,,0,0,,0,0,0,karnataka
251833,25962,Rabkavi-Banhatti,8,Rabkavi-Banhatti (Cmc) - Ward No.8,0,,0,0,,0,0,0,karnataka
251833,25963,Rabkavi-Banhatti,9,Rabkavi-Banhatti (Cmc) - Ward No.9,0,,0,0,,0,0,0,karnataka
251876,27656,Raichur,1,Raichur (Cmc) - Ward No.1,0,,0,0,,0,0,0,karnataka
251876,27665,Raichur,10,Raichur (Cmc) - Ward No.10,0,,0,0,,0,0,0,karnataka
251876,27666,Raichur,11,Raichur (Cmc) - Ward No.11,0,,0,0,,0,0,0,karnataka
251876,27667,Raichur,12,Raichur (Cmc) - Ward No.12,0,,0,0,,0,0,0,karnataka
251876,27668,Raichur,13,Raichur (Cmc) - Ward No.13,0,,0,0,,0,0,0,karnataka
251876,27669,Raichur,14,Raichur (Cmc) - Ward No.14,0,,0,0,,0,0,0,karnataka
251876,27670,Raichur,15,Raichur (Cmc) - Ward No.15,0,,0,0,,0,0,0,karnataka
251876,27671,Raichur,16,Raichur (Cmc) - Ward No.16,0,,0,0,,0,0,0,karnataka
251876,27672,Raichur,17,Raichur (Cmc) - Ward No.17,0,,0,0,,0,0,0,karnataka
251876,27673,Raichur,18,Raichur (Cmc) - Ward No.18,0,,0,0,,0,0,0,karnataka
251876,27674,Raichur,19,Raichur (Cmc) - Ward No.19,0,,0,0,,0,0,0,karnataka
251876,27657,Raichur,2,Raichur (Cmc) - Ward No.2,0,,0,0,,0,0,0,karnataka
251876,27675,Raichur,20,Raichur (Cmc) - Ward No.20,0,,0,0,,0,0,0,karnataka
251876,27676,Raichur,21,Raichur (Cmc) - Ward No.21,0,,0,0,,0,0,0,karnataka
251876,27677,Raichur,22,Raichur (Cmc) - Ward No.22,0,,0,0,,0,0,0,karnataka
251876,27678,Raichur,23,Raichur (Cmc) - Ward No.23,0,,0,0,,0,0,0,karnataka
251876,27679,Raichur,24,Raichur (Cmc) - Ward No.24,0,,0,0,,0,0,0,karnataka
251876,27680,Raichur,25,Raichur (Cmc) - Ward No.25,0,,0,0,,0,0,0,karnataka
251876,27681,Raichur,26,Raichur (Cmc) - Ward No.26,0,,0,0,,0,0,0,karnataka
251876,27682,Raichur,27,Raichur (Cmc) - Ward No.27,0,,0,0,,0,0,0,karnataka
251876,27683,Raichur,28,Raichur (Cmc) - Ward No.28,0,,0,0,,0,0,0,karnataka
251876,27684,Raichur,29,Raichur (Cmc) - Ward No.29,0,,0,0,,0,0,0,karnataka
251876,27658,Raichur,3,Raichur (Cmc) - Ward No.3,0,,0,0,,0,0,0,karnataka
251876,27685,Raichur,30,Raichur (Cmc) - Ward No.30,0,,0,0,,0,0,0,karnataka
251876,27686,Raichur,31,Raichur (Cmc) - Ward No.31,0,,0,0,,0,0,0,karnataka
251876,27687,Raichur,32,Raichur (Cmc) - Ward No.32,0,,0,0,,0,0,0,karnataka
251876,27688,Raichur,33,Raichur (Cmc) - Ward No.33,0,,0,0,,0,0,0,karnataka
251876,27689,Raichur,34,Raichur (Cmc) - Ward No.34,0,,0,0,,0,0,0,karnataka
251876,27690,Raichur,35,Raichur (Cmc) - Ward No.35,0,,0,0,,0,0,0,karnataka
251876,27659,Raichur,4,Raichur (Cmc) - Ward No.4,0,,0,0,,0,0,0,karnataka
251876,27660,Raichur,5,Raichur (Cmc) - Ward No.5,0,,0,0,,0,0,0,karnataka
251876,27661,Raichur,6,Raichur (Cmc) - Ward No.6,0,,0,0,,0,0,0,karnataka
251876,27662,Raichur,7,Raichur (Cmc) - Ward No.7,0,,0,0,,0,0,0,karnataka
251876,27663,Raichur,8,Raichur (Cmc) - Ward No.8,0,,0,0,,0,0,0,karnataka
251876,27664,Raichur,9,Raichur (Cmc) - Ward No.9,0,,0,0,,0,0,0,karnataka
253186,2140084,Ramanagara,24,Ramanagara-Ward 24,0,,0,0,,0,0,0,karnataka
253186,2140085,Ramanagara,25,Ramanagara-Ward 25,0,,0,0,,0,0,0,karnataka
253186,2140086,Ramanagara,26,Ramanagara-Ward 26,0,,0,0,,0,0,0,karnataka
253186,2140087,Ramanagara,27,Ramanagara-Ward 27,0,,0,0,,0,0,0,karnataka
253186,2140088,Ramanagara,28,Ramanagara-Ward 28,0,,0,0,,0,0,0,karnataka
253186,2140089,Ramanagara,29,Ramanagara-Ward 29,0,,0,0,,0,0,0,karnataka
253186,2140090,Ramanagara,30,Ramanagara-Ward 30,0,,0,0,,0,0,0,karnataka
253186,2140091,Ramanagara,31,Ramanagara-Ward 31,0,,0,0,,0,0,0,karnataka
253186,65126,Ramanagara,1,Ramanagara-Ward No.1,0,,0,0,,0,0,0,karnataka
253186,65144,Ramanagara,10,Ramanagara-Ward No.10,0,,0,0,,0,0,0,karnataka
253186,65146,Ramanagara,11,Ramanagara- Ward No.11,0,,0,0,,0,0,0,karnataka
253186,65148,Ramanagara,12,Ramanagara-Ward No.12,0,,0,0,,0,0,0,karnataka
253186,65150,Ramanagara,13,Ramanagara-Ward No.13,0,,0,0,,0,0,0,karnataka
253186,65152,Ramanagara,14,Ramanagara-Ward No.14,0,,0,0,,0,0,0,karnataka
253186,65154,Ramanagara,15,Ramanagara- Ward No.15,0,,0,0,,0,0,0,karnataka
253186,65156,Ramanagara,16,Ramanagara- Ward No.16,0,,0,0,,0,0,0,karnataka
253186,65158,Ramanagara,17,Ramanagara- Ward No.17,0,,0,0,,0,0,0,karnataka
253186,65160,Ramanagara,18,Ramanagara-Ward No.18,0,,0,0,,0,0,0,karnataka
253186,65162,Ramanagara,19,Ramanagara-Ward No.19,0,,0,0,,0,0,0,karnataka
253186,65128,Ramanagara,2,Ramanagara-Ward No.2,0,,0,0,,0,0,0,karnataka
253186,65164,Ramanagara,20,Ramanagara- Ward No.20,0,,0,0,,0,0,0,karnataka
253186,65545,Ramanagara,21,Ramanagara-Ward No.21,0,,0,0,,0,0,0,karnataka
253186,65547,Ramanagara,22,Ramanagara-Ward No.22,0,,0,0,,0,0,0,karnataka
253186,65549,Ramanagara,23,Ramanagara- Ward No.23,0,,0,0,,0,0,0,karnataka
253186,65130,Ramanagara,3,Ramanagara- Ward No.3,0,,0,0,,0,0,0,karnataka
253186,65132,Ramanagara,4,Ramanagara- Ward No.4,0,,0,0,,0,0,0,karnataka
253186,65134,Ramanagara,5,Ramanagara-Ward No.5,0,,0,0,,0,0,0,karnataka
253186,65136,Ramanagara,6,Ramanagara-Ward No.6,0,,0,0,,0,0,0,karnataka
253186,65138,Ramanagara,7,Ramanagara-Ward No.7,0,,0,0,,0,0,0,karnataka
253186,65140,Ramanagara,8,Ramanagara-Ward No.8,0,,0,0,,0,0,0,karnataka
253186,65142,Ramanagara,9,Ramanagara- Ward No.9,0,,0,0,,0,0,0,karnataka
251829,25704,Ramdurg,1,Ramdurg (TMC) - Ward No.1,0,,0,0,,0,0,0,karnataka
251829,25892,Ramdurg,10,Ramdurg (TMC) - Ward No.10,0,,0,0,,0,0,0,karnataka
251829,25893,Ramdurg,11,Ramdurg (TMC) - Ward No.11,0,,0,0,,0,0,0,karnataka
251829,25894,Ramdurg,12,Ramdurg (TMC) - Ward No.12,0,,0,0,,0,0,0,karnataka
251829,25895,Ramdurg,13,Ramdurg (TMC) - Ward No.13,0,,0,0,,0,0,0,karnataka
251829,25896,Ramdurg,14,Ramdurg (TMC) - Ward No.14,0,,0,0,,0,0,0,karnataka
251829,25897,Ramdurg,15,Ramdurg (TMC) - Ward No.15,0,,0,0,,0,0,0,karnataka
251829,25898,Ramdurg,16,Ramdurg (TMC) - Ward No.16,0,,0,0,,0,0,0,karnataka
251829,25899,Ramdurg,17,Ramdurg (TMC) - Ward No.17,0,,0,0,,0,0,0,karnataka
251829,25900,Ramdurg,18,Ramdurg (TMC) - Ward No.18,0,,0,0,,0,0,0,karnataka
251829,25901,Ramdurg,19,Ramdurg (TMC) - Ward No.19,0,,0,0,,0,0,0,karnataka
251829,25705,Ramdurg,2,Ramdurg (TMC) - Ward No.2,0,,0,0,,0,0,0,karnataka
251829,25902,Ramdurg,20,Ramdurg (TMC) - Ward No.20,0,,0,0,,0,0,0,karnataka
251829,25903,Ramdurg,21,Ramdurg (TMC) - Ward No.21,0,,0,0,,0,0,0,karnataka
251829,25904,Ramdurg,22,Ramdurg (TMC) - Ward No.22,0,,0,0,,0,0,0,karnataka
251829,25905,Ramdurg,23,Ramdurg (TMC) - Ward No.23,0,,0,0,,0,0,0,karnataka
251829,25885,Ramdurg,3,Ramdurg (TMC) - Ward No.3,0,,0,0,,0,0,0,karnataka
251829,25886,Ramdurg,4,Ramdurg (TMC) - Ward No.4,0,,0,0,,0,0,0,karnataka
251829,25887,Ramdurg,5,Ramdurg (TMC) - Ward No.5,0,,0,0,,0,0,0,karnataka
251829,25888,Ramdurg,6,Ramdurg (TMC) - Ward No.6,0,,0,0,,0,0,0,karnataka
251829,25889,Ramdurg,7,Ramdurg (TMC) - Ward No.7,0,,0,0,,0,0,0,karnataka
251829,25890,Ramdurg,8,Ramdurg (TMC) - Ward No.8,0,,0,0,,0,0,0,karnataka
251829,25891,Ramdurg,9,Ramdurg (TMC) - Ward No.9,0,,0,0,,0,0,0,karnataka
251829,2440120,Ramdurg,24,Ward-24,0,,0,0,,0,0,0,karnataka
251829,2440121,Ramdurg,25,Ward-25,0,,0,0,,0,0,0,karnataka
251829,2440122,Ramdurg,26,Ward-26,0,,0,0,,0,0,0,karnataka
251829,2440123,Ramdurg,27,Ward-27,0,,0,0,,0,0,0,karnataka
251919,30078,Ranibennur,1,Ranibennur (Cmc) - Ward No.1,0,,0,0,,0,0,0,karnataka
251919,30087,Ranibennur,10,Ranibennur (Cmc) - Ward No.10,0,,0,0,,0,0,0,karnataka
251919,30088,Ranibennur,11,Ranibennur (Cmc) - Ward No.11,0,,0,0,,0,0,0,karnataka
251919,30089,Ranibennur,12,Ranibennur (Cmc) - Ward No.12,0,,0,0,,0,0,0,karnataka
251919,30090,Ranibennur,13,Ranibennur (Cmc) - Ward No.13,0,,0,0,,0,0,0,karnataka
251919,30091,Ranibennur,14,Ranibennur (Cmc) - Ward No.14,0,,0,0,,0,0,0,karnataka
251919,30092,Ranibennur,15,Ranibennur (Cmc) - Ward No.15,0,,0,0,,0,0,0,karnataka
251919,30093,Ranibennur,16,Ranibennur (Cmc) - Ward No.16,0,,0,0,,0,0,0,karnataka
251919,30094,Ranibennur,17,Ranibennur (Cmc) - Ward No.17,0,,0,0,,0,0,0,karnataka
251919,30095,Ranibennur,18,Ranibennur (Cmc) - Ward No.18,0,,0,0,,0,0,0,karnataka
251919,30096,Ranibennur,19,Ranibennur (Cmc) - Ward No.19,0,,0,0,,0,0,0,karnataka
251919,30079,Ranibennur,2,Ranibennur (Cmc) - Ward No.2,0,,0,0,,0,0,0,karnataka
251919,30097,Ranibennur,20,Ranibennur (Cmc) - Ward No.20,0,,0,0,,0,0,0,karnataka
251919,30098,Ranibennur,21,Ranibennur (Cmc) - Ward No.21,0,,0,0,,0,0,0,karnataka
251919,30099,Ranibennur,22,Ranibennur (Cmc) - Ward No.22,0,,0,0,,0,0,0,karnataka
251919,30100,Ranibennur,23,Ranibennur (Cmc) - Ward No.23,0,,0,0,,0,0,0,karnataka
251919,30101,Ranibennur,24,Ranibennur (Cmc) - Ward No.24,0,,0,0,,0,0,0,karnataka
251919,30102,Ranibennur,25,Ranibennur (Cmc) - Ward No.25,0,,0,0,,0,0,0,karnataka
251919,30103,Ranibennur,26,Ranibennur (Cmc) - Ward No.26,0,,0,0,,0,0,0,karnataka
251919,30104,Ranibennur,27,Ranibennur (Cmc) - Ward No.27,0,,0,0,,0,0,0,karnataka
251919,30105,Ranibennur,28,Ranibennur (Cmc) - Ward No.28,0,,0,0,,0,0,0,karnataka
251919,30106,Ranibennur,29,Ranibennur (Cmc) - Ward No.29,0,,0,0,,0,0,0,karnataka
251919,30080,Ranibennur,3,Ranibennur (Cmc) - Ward No.3,0,,0,0,,0,0,0,karnataka
251919,30107,Ranibennur,30,Ranibennur (Cmc) - Ward No.30,0,,0,0,,0,0,0,karnataka
251919,30108,Ranibennur,31,Ranibennur (Cmc) - Ward No.31,0,,0,0,,0,0,0,karnataka
251919,1889311,Ranibennur,32,Ranibennur (Cmc) - Ward No .32,0,,0,0,,0,0,0,karnataka
251919,1889312,Ranibennur,33,Ranibennur (Cmc) - Ward No .33,0,,0,0,,0,0,0,karnataka
251919,1889313,Ranibennur,34,Ranibennur (Cmc) - Ward No .34,0,,0,0,,0,0,0,karnataka
251919,1889314,Ranibennur,35,Ranibennur (Cmc) - Ward No .35,0,,0,0,,0,0,0,karnataka
251919,30081,Ranibennur,4,Ranibennur (Cmc) - Ward No.4,0,,0,0,,0,0,0,karnataka
251919,30082,Ranibennur,5,Ranibennur (Cmc) - Ward No.5,0,,0,0,,0,0,0,karnataka
251919,30083,Ranibennur,6,Ranibennur (Cmc) - Ward No.6,0,,0,0,,0,0,0,karnataka
251919,30084,Ranibennur,7,Ranibennur (Cmc) - Ward No.7,0,,0,0,,0,0,0,karnataka
251919,30085,Ranibennur,8,Ranibennur (Cmc) - Ward No.8,0,,0,0,,0,0,0,karnataka
251919,30086,Ranibennur,9,Ranibennur (Cmc) - Ward No.9,0,,0,0,,0,0,0,karnataka
296955,2491218,Rattihalli,1,Ward-1,0,,0,0,,0,0,0,karnataka
296955,2491227,Rattihalli,10,Ward-10,0,,0,0,,0,0,0,karnataka
296955,2491228,Rattihalli,11,Ward-11,0,,0,0,,0,0,0,karnataka
296955,2491229,Rattihalli,12,Ward-12,0,,0,0,,0,0,0,karnataka
296955,2491230,Rattihalli,13,Ward-13,0,,0,0,,0,0,0,karnataka
296955,2491231,Rattihalli,14,Ward-14,0,,0,0,,0,0,0,karnataka
296955,2491232,Rattihalli,15,Ward-15,0,,0,0,,0,0,0,karnataka
296955,2491219,Rattihalli,2,Ward-2,0,,0,0,,0,0,0,karnataka
296955,2491220,Rattihalli,3,Ward-3,0,,0,0,,0,0,0,karnataka
296955,2491221,Rattihalli,4,Ward-4,0,,0,0,,0,0,0,karnataka
296955,2491222,Rattihalli,5,Ward-5,0,,0,0,,0,0,0,karnataka
296955,2491223,Rattihalli,6,Ward-6,0,,0,0,,0,0,0,karnataka
296955,2491224,Rattihalli,7,Ward-7,0,,0,0,,0,0,0,karnataka
296955,2491225,Rattihalli,8,Ward-8,0,,0,0,,0,0,0,karnataka
296955,2491226,Rattihalli,9,Ward-9,0,,0,0,,0,0,0,karnataka
251814,24707,Raybag,1,Raybag (TP) - Ward No.1,0,,0,0,,0,0,0,karnataka
251814,24716,Raybag,10,Raybag (TP) - Ward No.10,0,,0,0,,0,0,0,karnataka
251814,24717,Raybag,11,Raybag (TP) - Ward No.11,0,,0,0,,0,0,0,karnataka
251814,24718,Raybag,12,Raybag (TP) - Ward No.12,0,,0,0,,0,0,0,karnataka
251814,24719,Raybag,13,Raybag (TP) - Ward No.13,0,,0,0,,0,0,0,karnataka
251814,923221,Raybag,14,Raybag (TP) - Ward No.14,0,,0,0,,0,0,0,karnataka
251814,923222,Raybag,15,Raybag (TP) - Ward No.15,0,,0,0,,0,0,0,karnataka
251814,1866252,Raybag,16,Raybag (TP) - Ward No.16,0,,0,0,,0,0,0,karnataka
251814,1866253,Raybag,17,Raybag (TP) - Ward No.17,0,,0,0,,0,0,0,karnataka
251814,1866254,Raybag,18,Raybag (TP) - Ward No.18,0,,0,0,,0,0,0,karnataka
251814,1866255,Raybag,19,Raybag (TP) - Ward No.19,0,,0,0,,0,0,0,karnataka
251814,24708,Raybag,2,Raybag (TP) - Ward No.2,0,,0,0,,0,0,0,karnataka
251814,24709,Raybag,3,Raybag (TP) - Ward No.3,0,,0,0,,0,0,0,karnataka
251814,24710,Raybag,4,Raybag (TP) - Ward No.4,0,,0,0,,0,0,0,karnataka
251814,24711,Raybag,5,Raybag (TP) - Ward No.5,0,,0,0,,0,0,0,karnataka
251814,24712,Raybag,6,Raybag (TP) - Ward No.6,0,,0,0,,0,0,0,karnataka
251814,24713,Raybag,7,Raybag (TP) - Ward No.7,0,,0,0,,0,0,0,karnataka
251814,24714,Raybag,8,Raybag (TP) - Ward No.8,0,,0,0,,0,0,0,karnataka
251814,24715,Raybag,9,Raybag (TP) - Ward No.9,0,,0,0,,0,0,0,karnataka
251988,25819,Robertson Pet,1,Robertson Pet (Cmc) - Ward No.1,0,,0,0,,0,0,0,karnataka
251988,25828,Robertson Pet,10,Robertson Pet (Cmc) - Ward No.10,0,,0,0,,0,0,0,karnataka
251988,25829,Robertson Pet,11,Robertson Pet (Cmc) - Ward No.11,0,,0,0,,0,0,0,karnataka
251988,25830,Robertson Pet,12,Robertson Pet (Cmc) - Ward No.12,0,,0,0,,0,0,0,karnataka
251988,25831,Robertson Pet,13,Robertson Pet (Cmc) - Ward No.13,0,,0,0,,0,0,0,karnataka
251988,25832,Robertson Pet,14,Robertson Pet (Cmc) - Ward No.14,0,,0,0,,0,0,0,karnataka
251988,25833,Robertson Pet,15,Robertson Pet (Cmc) - Ward No.15,0,,0,0,,0,0,0,karnataka
251988,25834,Robertson Pet,16,Robertson Pet (Cmc) - Ward No.16,0,,0,0,,0,0,0,karnataka
251988,25835,Robertson Pet,17,Robertson Pet (Cmc) - Ward No.17,0,,0,0,,0,0,0,karnataka
251988,25836,Robertson Pet,18,Robertson Pet (Cmc) - Ward No.18,0,,0,0,,0,0,0,karnataka
251988,25837,Robertson Pet,19,Robertson Pet (Cmc) - Ward No.19,0,,0,0,,0,0,0,karnataka
251988,25820,Robertson Pet,2,Robertson Pet (Cmc) - Ward No.2,0,,0,0,,0,0,0,karnataka
251988,25838,Robertson Pet,20,Robertson Pet (Cmc) - Ward No.20,0,,0,0,,0,0,0,karnataka
251988,25839,Robertson Pet,21,Robertson Pet (Cmc) - Ward No.21,0,,0,0,,0,0,0,karnataka
251988,25840,Robertson Pet,22,Robertson Pet (Cmc) - Ward No.22,0,,0,0,,0,0,0,karnataka
251988,25841,Robertson Pet,23,Robertson Pet (Cmc) - Ward No.23,0,,0,0,,0,0,0,karnataka
251988,25842,Robertson Pet,24,Robertson Pet (Cmc) - Ward No.24,0,,0,0,,0,0,0,karnataka
251988,25843,Robertson Pet,25,Robertson Pet (Cmc) - Ward No.25,0,,0,0,,0,0,0,karnataka
251988,25844,Robertson Pet,26,Robertson Pet (Cmc) - Ward No.26,0,,0,0,,0,0,0,karnataka
251988,25845,Robertson Pet,27,Robertson Pet (Cmc) - Ward No.27,0,,0,0,,0,0,0,karnataka
251988,25846,Robertson Pet,28,Robertson Pet (Cmc) - Ward No.28,0,,0,0,,0,0,0,karnataka
251988,25847,Robertson Pet,29,Robertson Pet (Cmc) - Ward No.29,0,,0,0,,0,0,0,karnataka
251988,25821,Robertson Pet,3,Robertson Pet (Cmc) - Ward No.3,0,,0,0,,0,0,0,karnataka
251988,25848,Robertson Pet,30,Robertson Pet (Cmc) - Ward No.30,0,,0,0,,0,0,0,karnataka
251988,25849,Robertson Pet,31,Robertson Pet (Cmc) - Ward No.31,0,,0,0,,0,0,0,karnataka
251988,25850,Robertson Pet,32,Robertson Pet (Cmc) - Ward No.32,0,,0,0,,0,0,0,karnataka
251988,25851,Robertson Pet,33,Robertson Pet (Cmc) - Ward No.33,0,,0,0,,0,0,0,karnataka
251988,25852,Robertson Pet,34,Robertson Pet (Cmc) - Ward No.34,0,,0,0,,0,0,0,karnataka
251988,25853,Robertson Pet,35,Robertson Pet (Cmc) - Ward No.35,0,,0,0,,0,0,0,karnataka
251988,25822,Robertson Pet,4,Robertson Pet (Cmc) - Ward No.4,0,,0,0,,0,0,0,karnataka
251988,25823,Robertson Pet,5,Robertson Pet (Cmc) - Ward No.5,0,,0,0,,0,0,0,karnataka
251988,25824,Robertson Pet,6,Robertson Pet (Cmc) - Ward No.6,0,,0,0,,0,0,0,karnataka
251988,25825,Robertson Pet,7,Robertson Pet (Cmc) - Ward No.7,0,,0,0,,0,0,0,karnataka
251988,25826,Robertson Pet,8,Robertson Pet (Cmc) - Ward No.8,0,,0,0,,0,0,0,karnataka
251988,25827,Robertson Pet,9,Robertson Pet (Cmc) - Ward No.9,0,,0,0,,0,0,0,karnataka
251885,27906,Ron,1,Ron (TP) - Ward No.1,0,,0,0,,0,0,0,karnataka
251885,27915,Ron,10,Ron (TP) - Ward No.10,0,,0,0,,0,0,0,karnataka
251885,27916,Ron,11,Ron (TP) - Ward No.11,0,,0,0,,0,0,0,karnataka
251885,27917,Ron,12,Ron (TP) - Ward No.12,0,,0,0,,0,0,0,karnataka
251885,27918,Ron,13,Ron (TP) - Ward No.13,0,,0,0,,0,0,0,karnataka
251885,27919,Ron,14,Ron (TP) - Ward No.14,0,,0,0,,0,0,0,karnataka
251885,27920,Ron,15,Ron (TP) - Ward No.15,0,,0,0,,0,0,0,karnataka
251885,27921,Ron,16,Ron (TP) - Ward No.16,0,,0,0,,0,0,0,karnataka
251885,27922,Ron,17,Ron (TP) - Ward No.17,0,,0,0,,0,0,0,karnataka
251885,27923,Ron,18,Ron (TP) - Ward No.18,0,,0,0,,0,0,0,karnataka
251885,27924,Ron,19,Ron (TP) - Ward No.19,0,,0,0,,0,0,0,karnataka
251885,27907,Ron,2,Ron (TP) - Ward No.2,0,,0,0,,0,0,0,karnataka
251885,27925,Ron,20,Ron (TP) - Ward No.20,0,,0,0,,0,0,0,karnataka
251885,2178675,Ron,21,Ron (TP) - Ward No - 21,0,,0,0,,0,0,0,karnataka
251885,2178676,Ron,22,Ron (TP) - Ward No - 22,0,,0,0,,0,0,0,karnataka
251885,2178677,Ron,23,Ron (TP) - Ward No - 23,0,,0,0,,0,0,0,karnataka
251885,27908,Ron,3,Ron (TP) - Ward No.3,0,,0,0,,0,0,0,karnataka
251885,27909,Ron,4,Ron (TP) - Ward No.4,0,,0,0,,0,0,0,karnataka
251885,27910,Ron,5,Ron (TP) - Ward No.5,0,,0,0,,0,0,0,karnataka
251885,27911,Ron,6,Ron (TP) - Ward No.6,0,,0,0,,0,0,0,karnataka
251885,27912,Ron,7,Ron (TP) - Ward No.7,0,,0,0,,0,0,0,karnataka
251885,27913,Ron,8,Ron (TP) - Ward No.8,0,,0,0,,0,0,0,karnataka
251885,27914,Ron,9,Ron (TP) - Ward No.9,0,,0,0,,0,0,0,karnataka
251810,63182,Sadalgi,1,Sadalgi (TP) - Ward No.1,0,,0,0,,0,0,0,karnataka
251810,63191,Sadalgi,10,Sadalgi (TP) - Ward No.10,0,,0,0,,0,0,0,karnataka
251810,63192,Sadalgi,11,Sadalgi (TP) - Ward No.11,0,,0,0,,0,0,0,karnataka
251810,63193,Sadalgi,12,Sadalgi (TP) - Ward No.12,0,,0,0,,0,0,0,karnataka
251810,63194,Sadalgi,13,Sadalgi (TP) - Ward No.13,0,,0,0,,0,0,0,karnataka
251810,63195,Sadalgi,14,Sadalgi (TP) - Ward No.14,0,,0,0,,0,0,0,karnataka
251810,63196,Sadalgi,15,Sadalgi (TP) - Ward No.15,0,,0,0,,0,0,0,karnataka
251810,63197,Sadalgi,16,Sadalgi (TP) - Ward No.16,0,,0,0,,0,0,0,karnataka
251810,923225,Sadalgi,17,Sadalgi (TP) - Ward No.17,0,,0,0,,0,0,0,karnataka
251810,923237,Sadalgi,18,Sadalgi (TP) - Ward No.18,0,,0,0,,0,0,0,karnataka
251810,923241,Sadalgi,19,Sadalgi (TP) - Ward No.19,0,,0,0,,0,0,0,karnataka
251810,63183,Sadalgi,2,Sadalgi (TP) - Ward No.2,0,,0,0,,0,0,0,karnataka
251810,923244,Sadalgi,20,Sadalgi (TP) - Ward No.20,0,,0,0,,0,0,0,karnataka
251810,1865577,Sadalgi,21,Sadalgi (TP) - Ward No. 21,0,,0,0,,0,0,0,karnataka
251810,1865578,Sadalgi,22,Sadalgi (TP) - Ward No. 22,0,,0,0,,0,0,0,karnataka
251810,1865579,Sadalgi,23,Sadalgi (TP) - Ward No. 23,0,,0,0,,0,0,0,karnataka
251810,63184,Sadalgi,3,Sadalgi (TP) - Ward No.3,0,,0,0,,0,0,0,karnataka
251810,63185,Sadalgi,4,Sadalgi (TP) - Ward No.4,0,,0,0,,0,0,0,karnataka
251810,63186,Sadalgi,5,Sadalgi (TP) - Ward No.5,0,,0,0,,0,0,0,karnataka
251810,63187,Sadalgi,6,Sadalgi (TP) - Ward No.6,0,,0,0,,0,0,0,karnataka
251810,63188,Sadalgi,7,Sadalgi (TP) - Ward No.7,0,,0,0,,0,0,0,karnataka
251810,63189,Sadalgi,8,Sadalgi (TP) - Ward No.8,0,,0,0,,0,0,0,karnataka
251810,63190,Sadalgi,9,Sadalgi (TP) - Ward No.9,0,,0,0,,0,0,0,karnataka
251945,31249,Sagar,1,Sagar (TMC) - Ward No.1,0,,0,0,,0,0,0,karnataka
251945,31258,Sagar,10,Sagar (TMC) - Ward No.10,0,,0,0,,0,0,0,karnataka
251945,31259,Sagar,11,Sagar (TMC) - Ward No.11,0,,0,0,,0,0,0,karnataka
251945,31260,Sagar,12,Sagar (TMC) - Ward No.12,0,,0,0,,0,0,0,karnataka
251945,31261,Sagar,13,Sagar (TMC) - Ward No.13,0,,0,0,,0,0,0,karnataka
251945,31262,Sagar,14,Sagar (TMC) - Ward No.14,0,,0,0,,0,0,0,karnataka
251945,31263,Sagar,15,Sagar (TMC) - Ward No.15,0,,0,0,,0,0,0,karnataka
251945,31264,Sagar,16,Sagar (TMC) - Ward No.16,0,,0,0,,0,0,0,karnataka
251945,31265,Sagar,17,Sagar (TMC) - Ward No.17,0,,0,0,,0,0,0,karnataka
251945,31266,Sagar,18,Sagar (TMC) - Ward No.18,0,,0,0,,0,0,0,karnataka
251945,31267,Sagar,19,Sagar (TMC) - Ward No.19,0,,0,0,,0,0,0,karnataka
251945,31250,Sagar,2,Sagar (TMC) - Ward No.2,0,,0,0,,0,0,0,karnataka
251945,31268,Sagar,20,Sagar (TMC) - Ward No.20,0,,0,0,,0,0,0,karnataka
251945,31269,Sagar,21,Sagar (TMC) - Ward No.21,0,,0,0,,0,0,0,karnataka
251945,31270,Sagar,22,Sagar (TMC) - Ward No.22,0,,0,0,,0,0,0,karnataka
251945,31271,Sagar,23,Sagar (TMC) - Ward No.23,0,,0,0,,0,0,0,karnataka
251945,31272,Sagar,24,Sagar (TMC) - Ward No.24,0,,0,0,,0,0,0,karnataka
251945,31273,Sagar,25,Sagar (TMC) - Ward No.25,0,,0,0,,0,0,0,karnataka
251945,31274,Sagar,26,Sagar (TMC) - Ward No.26,0,,0,0,,0,0,0,karnataka
251945,31275,Sagar,27,Sagar (TMC) - Ward No.27,0,,0,0,,0,0,0,karnataka
251945,1921875,Sagar,28,Sagar (TMC) - Ward no.28,0,,0,0,,0,0,0,karnataka
251945,1921876,Sagar,29,Sagar (TMC) - Ward no.29,0,,0,0,,0,0,0,karnataka
251945,31251,Sagar,3,Sagar (TMC) - Ward No.3,0,,0,0,,0,0,0,karnataka
251945,1921877,Sagar,30,Sagar (TMC) - Ward no.30,0,,0,0,,0,0,0,karnataka
251945,1921878,Sagar,31,Sagar (TMC) - Ward no.31,0,,0,0,,0,0,0,karnataka
251945,31252,Sagar,4,Sagar (TMC) - Ward No.4,0,,0,0,,0,0,0,karnataka
251945,31253,Sagar,5,Sagar (TMC) - Ward No.5,0,,0,0,,0,0,0,karnataka
251945,31254,Sagar,6,Sagar (TMC) - Ward No.6,0,,0,0,,0,0,0,karnataka
251945,31255,Sagar,7,Sagar (TMC) - Ward No.7,0,,0,0,,0,0,0,karnataka
251945,31256,Sagar,8,Sagar (TMC) - Ward No.8,0,,0,0,,0,0,0,karnataka
251945,31257,Sagar,9,Sagar (TMC) - Ward No.9,0,,0,0,,0,0,0,karnataka
252008,27724,Sakleshpur,1,Sakleshpur (TMC) - Ward No.1,0,,0,0,,0,0,0,karnataka
252008,27733,Sakleshpur,10,Sakleshpur (TMC) - Ward No.10,0,,0,0,,0,0,0,karnataka
252008,27734,Sakleshpur,11,Sakleshpur (TMC) - Ward No.11,0,,0,0,,0,0,0,karnataka
252008,27735,Sakleshpur,12,Sakleshpur (TMC) - Ward No.12,0,,0,0,,0,0,0,karnataka
252008,27736,Sakleshpur,13,Sakleshpur (TMC) - Ward No.13,0,,0,0,,0,0,0,karnataka
252008,27737,Sakleshpur,14,Sakleshpur (TMC) - Ward No.14,0,,0,0,,0,0,0,karnataka
252008,27738,Sakleshpur,15,Sakleshpur (TMC) - Ward No.15,0,,0,0,,0,0,0,karnataka
252008,27739,Sakleshpur,16,Sakleshpur (TMC) - Ward No.16,0,,0,0,,0,0,0,karnataka
252008,27740,Sakleshpur,17,Sakleshpur (TMC) - Ward No.17,0,,0,0,,0,0,0,karnataka
252008,27741,Sakleshpur,18,Sakleshpur (TMC) - Ward No.18,0,,0,0,,0,0,0,karnataka
252008,27742,Sakleshpur,19,Sakleshpur (TMC) - Ward No.19,0,,0,0,,0,0,0,karnataka
252008,27725,Sakleshpur,2,Sakleshpur (TMC) - Ward No.2,0,,0,0,,0,0,0,karnataka
252008,27743,Sakleshpur,20,Sakleshpur (TMC) - Ward No.20,0,,0,0,,0,0,0,karnataka
252008,27744,Sakleshpur,21,Sakleshpur (TMC) - Ward No.21,0,,0,0,,0,0,0,karnataka
252008,27745,Sakleshpur,22,Sakleshpur (TMC) - Ward No.22,0,,0,0,,0,0,0,karnataka
252008,27746,Sakleshpur,23,Sakleshpur (TMC) - Ward No.23,0,,0,0,,0,0,0,karnataka
252008,27726,Sakleshpur,3,Sakleshpur (TMC) - Ward No.3,0,,0,0,,0,0,0,karnataka
252008,27727,Sakleshpur,4,Sakleshpur (TMC) - Ward No.4,0,,0,0,,0,0,0,karnataka
252008,27728,Sakleshpur,5,Sakleshpur (TMC) - Ward No.5,0,,0,0,,0,0,0,karnataka
252008,27729,Sakleshpur,6,Sakleshpur (TMC) - Ward No.6,0,,0,0,,0,0,0,karnataka
252008,27730,Sakleshpur,7,Sakleshpur (TMC) - Ward No.7,0,,0,0,,0,0,0,karnataka
252008,27731,Sakleshpur,8,Sakleshpur (TMC) - Ward No.8,0,,0,0,,0,0,0,karnataka
252008,27732,Sakleshpur,9,Sakleshpur (TMC) - Ward No.9,0,,0,0,,0,0,0,karnataka
251954,31743,Saligram,1,Saligram (TMC) - Ward No.1,0,,0,0,,0,0,0,karnataka
251954,1922540,Saligram,10,Saligram (TMC) - Ward No.10,0,,0,0,,0,0,0,karnataka
251954,1922541,Saligram,11,Saligram (TMC) - Ward No.11,0,,0,0,,0,0,0,karnataka
251954,1922542,Saligram,12,Saligram (TMC) - Ward No.12,0,,0,0,,0,0,0,karnataka
251954,1922543,Saligram,13,Saligram (TMC) - Ward No.13,0,,0,0,,0,0,0,karnataka
251954,1922544,Saligram,14,Saligram (TMC) - Ward No.14,0,,0,0,,0,0,0,karnataka
251954,1922545,Saligram,15,Saligram (TMC) - Ward No.15,0,,0,0,,0,0,0,karnataka
251954,1922546,Saligram,16,Saligram (TMC) - Ward No.16,0,,0,0,,0,0,0,karnataka
251954,31744,Saligram,2,Saligram (TMC) - Ward No.2,0,,0,0,,0,0,0,karnataka
251954,31745,Saligram,3,Saligram (TMC) - Ward No.3,0,,0,0,,0,0,0,karnataka
251954,31746,Saligram,4,Saligram (TMC) - Ward No.4,0,,0,0,,0,0,0,karnataka
251954,1922535,Saligram,5,Saligram (TMC) - Ward No.5,0,,0,0,,0,0,0,karnataka
251954,1922536,Saligram,6,Saligram (TMC) - Ward No.6,0,,0,0,,0,0,0,karnataka
251954,1922537,Saligram,7,Saligram (TMC) - Ward No.7,0,,0,0,,0,0,0,karnataka
251954,1922538,Saligram,8,Saligram (TMC) - Ward No.8,0,,0,0,,0,0,0,karnataka
251954,1922539,Saligram,9,Saligram (TMC) - Ward No.9,0,,0,0,,0,0,0,karnataka
251929,61323,Sandur,1,Sandur (TP) - Ward No.1,0,,0,0,,0,0,0,karnataka
251929,61332,Sandur,10,Sandur (TP) - Ward No.10,0,,0,0,,0,0,0,karnataka
251929,61333,Sandur,11,Sandur (TP) - Ward No.11,0,,0,0,,0,0,0,karnataka
251929,61334,Sandur,12,Sandur (TP) - Ward No.12,0,,0,0,,0,0,0,karnataka
251929,61335,Sandur,13,Sandur (TP) - Ward No.13,0,,0,0,,0,0,0,karnataka
251929,61336,Sandur,14,Sandur (TP) - Ward No.14,0,,0,0,,0,0,0,karnataka
251929,61337,Sandur,15,Sandur (TP) - Ward No.15,0,,0,0,,0,0,0,karnataka
251929,61338,Sandur,16,Sandur (TP) - Ward No.16,0,,0,0,,0,0,0,karnataka
251929,61339,Sandur,17,Sandur (TP) - Ward No.17,0,,0,0,,0,0,0,karnataka
251929,61340,Sandur,18,Sandur (TP) - Ward No.18,0,,0,0,,0,0,0,karnataka
251929,61433,Sandur,19,Sandur (TP) - Ward No.19,0,,0,0,,0,0,0,karnataka
251929,61324,Sandur,2,Sandur (TP) - Ward No.2,0,,0,0,,0,0,0,karnataka
251929,61434,Sandur,20,Sandur (TP) - Ward No.20,0,,0,0,,0,0,0,karnataka
251929,1734617,Sandur,21,Sandur (TP) - Ward No.21,0,,0,0,,0,0,0,karnataka
251929,1734618,Sandur,22,Sandur (TP) - Ward No.22,0,,0,0,,0,0,0,karnataka
251929,1734619,Sandur,23,Sandur (TP) - Ward No.23,0,,0,0,,0,0,0,karnataka
251929,61325,Sandur,3,Sandur (TP) - Ward No.3,0,,0,0,,0,0,0,karnataka
251929,61326,Sandur,4,Sandur (TP) - Ward No.4,0,,0,0,,0,0,0,karnataka
251929,61327,Sandur,5,Sandur (TP) - Ward No.5,0,,0,0,,0,0,0,karnataka
251929,61328,Sandur,6,Sandur (TP) - Ward No.6,0,,0,0,,0,0,0,karnataka
251929,61329,Sandur,7,Sandur (TP) - Ward No.7,0,,0,0,,0,0,0,karnataka
251929,61330,Sandur,8,Sandur (TP) - Ward No.8,0,,0,0,,0,0,0,karnataka
251929,61331,Sandur,9,Sandur (TP) - Ward No.9,0,,0,0,,0,0,0,karnataka
251819,25444,Sankeshwar,1,Sankeshwar (TMC) - Ward No.1,0,,0,0,,0,0,0,karnataka
251819,25453,Sankeshwar,10,Sankeshwar (TMC) - Ward No.10,0,,0,0,,0,0,0,karnataka
251819,25454,Sankeshwar,11,Sankeshwar (TMC) - Ward No.11,0,,0,0,,0,0,0,karnataka
251819,25455,Sankeshwar,12,Sankeshwar (TMC) - Ward No.12,0,,0,0,,0,0,0,karnataka
251819,25456,Sankeshwar,13,Sankeshwar (TMC) - Ward No.13,0,,0,0,,0,0,0,karnataka
251819,25457,Sankeshwar,14,Sankeshwar (TMC) - Ward No.14,0,,0,0,,0,0,0,karnataka
251819,25458,Sankeshwar,15,Sankeshwar (TMC) - Ward No.15,0,,0,0,,0,0,0,karnataka
251819,25459,Sankeshwar,16,Sankeshwar (TMC) - Ward No.16,0,,0,0,,0,0,0,karnataka
251819,25460,Sankeshwar,17,Sankeshwar (TMC) - Ward No.17,0,,0,0,,0,0,0,karnataka
251819,25461,Sankeshwar,18,Sankeshwar (TMC) - Ward No.18,0,,0,0,,0,0,0,karnataka
251819,25462,Sankeshwar,19,Sankeshwar (TMC) - Ward No.19,0,,0,0,,0,0,0,karnataka
251819,25445,Sankeshwar,2,Sankeshwar (TMC) - Ward No.2,0,,0,0,,0,0,0,karnataka
251819,25463,Sankeshwar,20,Sankeshwar (TMC) - Ward No.20,0,,0,0,,0,0,0,karnataka
251819,25464,Sankeshwar,21,Sankeshwar (TMC) - Ward No.21,0,,0,0,,0,0,0,karnataka
251819,25465,Sankeshwar,22,Sankeshwar (TMC) - Ward No.22,0,,0,0,,0,0,0,karnataka
251819,25466,Sankeshwar,23,Sankeshwar (TMC) - Ward No.23,0,,0,0,,0,0,0,karnataka
251819,25446,Sankeshwar,3,Sankeshwar (TMC) - Ward No.3,0,,0,0,,0,0,0,karnataka
251819,25447,Sankeshwar,4,Sankeshwar (TMC) - Ward No.4,0,,0,0,,0,0,0,karnataka
251819,25448,Sankeshwar,5,Sankeshwar (TMC) - Ward No.5,0,,0,0,,0,0,0,karnataka
251819,25449,Sankeshwar,6,Sankeshwar (TMC) - Ward No.6,0,,0,0,,0,0,0,karnataka
251819,25450,Sankeshwar,7,Sankeshwar (TMC) - Ward No.7,0,,0,0,,0,0,0,karnataka
251819,25451,Sankeshwar,8,Sankeshwar (TMC) - Ward No.8,0,,0,0,,0,0,0,karnataka
251819,25452,Sankeshwar,9,Sankeshwar (TMC) - Ward No.9,0,,0,0,,0,0,0,karnataka
253132,2592,Saragur,1,Saragur (TP) - Ward No.1,0,,0,0,,0,0,0,karnataka
253132,29086,Saragur,10,Saragur (TP) - Ward No.10,0,,0,0,,0,0,0,karnataka
253132,29088,Saragur,11,Saragur (TP) - Ward No.11,0,,0,0,,0,0,0,karnataka
253132,1920862,Saragur,12,Saragur (TP) - Ward No.12,0,,0,0,,0,0,0,karnataka
253132,2594,Saragur,2,Saragur (TP) - Ward No.2,0,,0,0,,0,0,0,karnataka
253132,28881,Saragur,3,Saragur (TP) - Ward No.3,0,,0,0,,0,0,0,karnataka
253132,28883,Saragur,4,Saragur (TP) - Ward No.4,0,,0,0,,0,0,0,karnataka
253132,28885,Saragur,5,Saragur (TP) - Ward No.5,0,,0,0,,0,0,0,karnataka
253132,29078,Saragur,6,Saragur (TP) - Ward No.6,0,,0,0,,0,0,0,karnataka
253132,29080,Saragur,7,Saragur (TP) - Ward No.7,0,,0,0,,0,0,0,karnataka
253132,29082,Saragur,8,Saragur (TP) - Ward No.8,0,,0,0,,0,0,0,karnataka
253132,29084,Saragur,9,Saragur (TP) - Ward No.9,0,,0,0,,0,0,0,karnataka
251828,25681,Saundatti-Yellamma,1,Saundatti-Yellamma (TMC) - Ward No.1,0,,0,0,,0,0,0,karnataka
251828,25690,Saundatti-Yellamma,10,Saundatti-Yellamma (TMC) - Ward No.10,0,,0,0,,0,0,0,karnataka
251828,25691,Saundatti-Yellamma,11,Saundatti-Yellamma (TMC) - Ward No.11,0,,0,0,,0,0,0,karnataka
251828,25692,Saundatti-Yellamma,12,Saundatti-Yellamma (TMC) - Ward No.12,0,,0,0,,0,0,0,karnataka
251828,25693,Saundatti-Yellamma,13,Saundatti-Yellamma (TMC) - Ward No.13,0,,0,0,,0,0,0,karnataka
251828,25694,Saundatti-Yellamma,14,Saundatti-Yellamma (TMC) - Ward No.14,0,,0,0,,0,0,0,karnataka
251828,25695,Saundatti-Yellamma,15,Saundatti-Yellamma (TMC) - Ward No.15,0,,0,0,,0,0,0,karnataka
251828,25696,Saundatti-Yellamma,16,Saundatti-Yellamma (TMC) - Ward No.16,0,,0,0,,0,0,0,karnataka
251828,25697,Saundatti-Yellamma,17,Saundatti-Yellamma (TMC) - Ward No.17,0,,0,0,,0,0,0,karnataka
251828,25698,Saundatti-Yellamma,18,Saundatti-Yellamma (TMC) - Ward No.18,0,,0,0,,0,0,0,karnataka
251828,25699,Saundatti-Yellamma,19,Saundatti-Yellamma (TMC) - Ward No.19,0,,0,0,,0,0,0,karnataka
251828,25682,Saundatti-Yellamma,2,Saundatti-Yellamma (TMC) - Ward No.2,0,,0,0,,0,0,0,karnataka
251828,25700,Saundatti-Yellamma,20,Saundatti-Yellamma (TMC) - Ward No.20,0,,0,0,,0,0,0,karnataka
251828,25701,Saundatti-Yellamma,21,Saundatti-Yellamma (TMC) - Ward No.21,0,,0,0,,0,0,0,karnataka
251828,25702,Saundatti-Yellamma,22,Saundatti-Yellamma (TMC) - Ward No.22,0,,0,0,,0,0,0,karnataka
251828,25703,Saundatti-Yellamma,23,Saundatti-Yellamma (TMC) - Ward No.23,0,,0,0,,0,0,0,karnataka
251828,25683,Saundatti-Yellamma,3,Saundatti-Yellamma (TMC) - Ward No.3,0,,0,0,,0,0,0,karnataka
251828,25684,Saundatti-Yellamma,4,Saundatti-Yellamma (TMC) - Ward No.4,0,,0,0,,0,0,0,karnataka
251828,25685,Saundatti-Yellamma,5,Saundatti-Yellamma (TMC) - Ward No.5,0,,0,0,,0,0,0,karnataka
251828,25686,Saundatti-Yellamma,6,Saundatti-Yellamma (TMC) - Ward No.6,0,,0,0,,0,0,0,karnataka
251828,25687,Saundatti-Yellamma,7,Saundatti-Yellamma (TMC) - Ward No.7,0,,0,0,,0,0,0,karnataka
251828,25688,Saundatti-Yellamma,8,Saundatti-Yellamma (TMC) - Ward No.8,0,,0,0,,0,0,0,karnataka
251828,25689,Saundatti-Yellamma,9,Saundatti-Yellamma (TMC) - Ward No.9,0,,0,0,,0,0,0,karnataka
251828,2890332,Saundatti-Yellamma,24,Ward24,0,,0,0,,0,0,0,karnataka
251828,2890333,Saundatti-Yellamma,25,Ward25,0,,0,0,,0,0,0,karnataka
251828,2890334,Saundatti-Yellamma,26,Ward26,0,,0,0,,0,0,0,karnataka
251828,2890335,Saundatti-Yellamma,27,Ward27,0,,0,0,,0,0,0,karnataka
251914,61249,Savanur,1,Savanur (TMC) - Ward No.1,0,,0,0,,0,0,0,karnataka
251914,61258,Savanur,10,Savanur (TMC) - Ward No.10,0,,0,0,,0,0,0,karnataka
251914,61259,Savanur,11,Savanur (TMC) - Ward No.11,0,,0,0,,0,0,0,karnataka
251914,61260,Savanur,12,Savanur (TMC) - Ward No.12,0,,0,0,,0,0,0,karnataka
251914,61261,Savanur,13,Savanur (TMC) - Ward No.13,0,,0,0,,0,0,0,karnataka
251914,61262,Savanur,14,Savanur (TMC) - Ward No.14,0,,0,0,,0,0,0,karnataka
251914,61263,Savanur,15,Savanur (TMC) - Ward No.15,0,,0,0,,0,0,0,karnataka
251914,61264,Savanur,16,Savanur (TMC) - Ward No.16,0,,0,0,,0,0,0,karnataka
251914,61265,Savanur,17,Savanur (TMC) - Ward No.17,0,,0,0,,0,0,0,karnataka
251914,61266,Savanur,18,Savanur (TMC) - Ward No.18,0,,0,0,,0,0,0,karnataka
251914,61267,Savanur,19,Savanur (TMC) - Ward No.19,0,,0,0,,0,0,0,karnataka
251914,61250,Savanur,2,Savanur (TMC) - Ward No.2,0,,0,0,,0,0,0,karnataka
251914,61268,Savanur,20,Savanur (TMC) - Ward No.20,0,,0,0,,0,0,0,karnataka
251914,61269,Savanur,21,Savanur (TMC) - Ward No.21,0,,0,0,,0,0,0,karnataka
251914,61270,Savanur,22,Savanur (TMC) - Ward No.22,0,,0,0,,0,0,0,karnataka
251914,61271,Savanur,23,Savanur (TMC) - Ward No.23,0,,0,0,,0,0,0,karnataka
251914,3257465,Savanur,24,Savanur(TMC)-Ward No.24,0,,0,0,,0,0,0,karnataka
251914,3257466,Savanur,25,Savanur(TMC)-Ward No.25,0,,0,0,,0,0,0,karnataka
251914,3257467,Savanur,26,Savanur(TMC)-Ward No.26,0,,0,0,,0,0,0,karnataka
251914,3257468,Savanur,27,Savanur(TMC)-Ward No.27,0,,0,0,,0,0,0,karnataka
251914,61251,Savanur,3,Savanur (TMC) - Ward No.3,0,,0,0,,0,0,0,karnataka
251914,61252,Savanur,4,Savanur (TMC) - Ward No.4,0,,0,0,,0,0,0,karnataka
251914,61253,Savanur,5,Savanur (TMC) - Ward No.5,0,,0,0,,0,0,0,karnataka
251914,61254,Savanur,6,Savanur (TMC) - Ward No.6,0,,0,0,,0,0,0,karnataka
251914,61255,Savanur,7,Savanur (TMC) - Ward No.7,0,,0,0,,0,0,0,karnataka
251914,61256,Savanur,8,Savanur (TMC) - Ward No.8,0,,0,0,,0,0,0,karnataka
251914,61257,Savanur,9,Savanur (TMC) - Ward No.9,0,,0,0,,0,0,0,karnataka
251852,63484,Sedam,1,Sedam (TMC) - Ward No.1,0,,0,0,,0,0,0,karnataka
251852,63493,Sedam,10,Sedam (TMC) - Ward No.10,0,,0,0,,0,0,0,karnataka
251852,63494,Sedam,11,Sedam (TMC) - Ward No.11,0,,0,0,,0,0,0,karnataka
251852,63495,Sedam,12,Sedam (TMC) - Ward No.12,0,,0,0,,0,0,0,karnataka
251852,63496,Sedam,13,Sedam (TMC) - Ward No.13,0,,0,0,,0,0,0,karnataka
251852,63497,Sedam,14,Sedam (TMC) - Ward No.14,0,,0,0,,0,0,0,karnataka
251852,63498,Sedam,15,Sedam (TMC) - Ward No.15,0,,0,0,,0,0,0,karnataka
251852,63499,Sedam,16,Sedam (TMC) - Ward No.16,0,,0,0,,0,0,0,karnataka
251852,63500,Sedam,17,Sedam (TMC) - Ward No.17,0,,0,0,,0,0,0,karnataka
251852,63501,Sedam,18,Sedam (TMC) - Ward No.18,0,,0,0,,0,0,0,karnataka
251852,63502,Sedam,19,Sedam (TMC) - Ward No.19,0,,0,0,,0,0,0,karnataka
251852,63485,Sedam,2,Sedam (TMC) - Ward No.2,0,,0,0,,0,0,0,karnataka
251852,63503,Sedam,20,Sedam (TMC) - Ward No.20,0,,0,0,,0,0,0,karnataka
251852,63504,Sedam,21,Sedam (TMC) - Ward No.21,0,,0,0,,0,0,0,karnataka
251852,63505,Sedam,22,Sedam (TMC) - Ward No.22,0,,0,0,,0,0,0,karnataka
251852,63506,Sedam,23,Sedam (TMC) - Ward No.23,0,,0,0,,0,0,0,karnataka
251852,63486,Sedam,3,Sedam (TMC) - Ward No.3,0,,0,0,,0,0,0,karnataka
251852,63487,Sedam,4,Sedam (TMC) - Ward No.4,0,,0,0,,0,0,0,karnataka
251852,63488,Sedam,5,Sedam (TMC) - Ward No.5,0,,0,0,,0,0,0,karnataka
251852,63489,Sedam,6,Sedam (TMC) - Ward No.6,0,,0,0,,0,0,0,karnataka
251852,63490,Sedam,7,Sedam (TMC) - Ward No.7,0,,0,0,,0,0,0,karnataka
251852,63491,Sedam,8,Sedam (TMC) - Ward No.8,0,,0,0,,0,0,0,karnataka
251852,63492,Sedam,9,Sedam (TMC) - Ward No.9,0,,0,0,,0,0,0,karnataka
251855,27044,Shahabad,1,Shahabad (TMC) - Ward No.1,0,,0,0,,0,0,0,karnataka
251855,27053,Shahabad,10,Shahabad (TMC) - Ward No.10,0,,0,0,,0,0,0,karnataka
251855,27054,Shahabad,11,Shahabad (TMC) - Ward No.11,0,,0,0,,0,0,0,karnataka
251855,27055,Shahabad,12,Shahabad (TMC) - Ward No.12,0,,0,0,,0,0,0,karnataka
251855,27056,Shahabad,13,Shahabad (TMC) - Ward No.13,0,,0,0,,0,0,0,karnataka
251855,27341,Shahabad,14,Shahabad (TMC) - Ward No.14,0,,0,0,,0,0,0,karnataka
251855,27342,Shahabad,15,Shahabad (TMC) - Ward No.15,0,,0,0,,0,0,0,karnataka
251855,27343,Shahabad,16,Shahabad (TMC) - Ward No.16,0,,0,0,,0,0,0,karnataka
251855,27344,Shahabad,17,Shahabad (TMC) - Ward No.17,0,,0,0,,0,0,0,karnataka
251855,27345,Shahabad,18,Shahabad (TMC) - Ward No.18,0,,0,0,,0,0,0,karnataka
251855,27346,Shahabad,19,Shahabad (TMC) - Ward No.19,0,,0,0,,0,0,0,karnataka
251855,27045,Shahabad,2,Shahabad (TMC) - Ward No.2,0,,0,0,,0,0,0,karnataka
251855,27347,Shahabad,20,Shahabad (TMC) - Ward No.20,0,,0,0,,0,0,0,karnataka
251855,27348,Shahabad,21,Shahabad (TMC) - Ward No.21,0,,0,0,,0,0,0,karnataka
251855,27349,Shahabad,22,Shahabad (TMC) - Ward No.22,0,,0,0,,0,0,0,karnataka
251855,27350,Shahabad,23,Shahabad (TMC) - Ward No.23,0,,0,0,,0,0,0,karnataka
251855,27351,Shahabad,24,Shahabad (TMC) - Ward No.24,0,,0,0,,0,0,0,karnataka
251855,27352,Shahabad,25,Shahabad (TMC) - Ward No.25,0,,0,0,,0,0,0,karnataka
251855,27353,Shahabad,26,Shahabad (TMC) - Ward No.26,0,,0,0,,0,0,0,karnataka
251855,27354,Shahabad,27,Shahabad (TMC) - Ward No.27,0,,0,0,,0,0,0,karnataka
251855,27046,Shahabad,3,Shahabad (TMC) - Ward No.3,0,,0,0,,0,0,0,karnataka
251855,27047,Shahabad,4,Shahabad (TMC) - Ward No.4,0,,0,0,,0,0,0,karnataka
251855,27048,Shahabad,5,Shahabad (TMC) - Ward No.5,0,,0,0,,0,0,0,karnataka
251855,27049,Shahabad,6,Shahabad (TMC) - Ward No.6,0,,0,0,,0,0,0,karnataka
251855,27050,Shahabad,7,Shahabad (TMC) - Ward No.7,0,,0,0,,0,0,0,karnataka
251855,27051,Shahabad,8,Shahabad (TMC) - Ward No.8,0,,0,0,,0,0,0,karnataka
251855,27052,Shahabad,9,Shahabad (TMC) - Ward No.9,0,,0,0,,0,0,0,karnataka
251854,63508,Shahabad Acc,2,Bhankur (OG) - Ward No.2,0,,0,0,,0,0,0,karnataka
251854,63507,Shahabad Acc,1,Shahabad Acc (Nac) - Ward No.1,0,,0,0,,0,0,0,karnataka
251861,27368,Shahpur,1,Shahpur (TMC) - Ward No.1,0,,0,0,,0,0,0,karnataka
251861,27377,Shahpur,10,Shahpur (TMC) - Ward No.10,0,,0,0,,0,0,0,karnataka
251861,27378,Shahpur,11,Shahpur (TMC) - Ward No.11,0,,0,0,,0,0,0,karnataka
251861,27379,Shahpur,12,Shahpur (TMC) - Ward No.12,0,,0,0,,0,0,0,karnataka
251861,27380,Shahpur,13,Shahpur (TMC) - Ward No.13,0,,0,0,,0,0,0,karnataka
251861,27381,Shahpur,14,Shahpur (TMC) - Ward No.14,0,,0,0,,0,0,0,karnataka
251861,27382,Shahpur,15,Shahpur (TMC) - Ward No.15,0,,0,0,,0,0,0,karnataka
251861,27383,Shahpur,16,Shahpur (TMC) - Ward No.16,0,,0,0,,0,0,0,karnataka
251861,27384,Shahpur,17,Shahpur (TMC) - Ward No.17,0,,0,0,,0,0,0,karnataka
251861,27385,Shahpur,18,Shahpur (TMC) - Ward No.18,0,,0,0,,0,0,0,karnataka
251861,27386,Shahpur,19,Shahpur (TMC) - Ward No.19,0,,0,0,,0,0,0,karnataka
251861,27369,Shahpur,2,Shahpur (TMC) - Ward No.2,0,,0,0,,0,0,0,karnataka
251861,27387,Shahpur,20,Shahpur (TMC) - Ward No.20,0,,0,0,,0,0,0,karnataka
251861,27388,Shahpur,21,Shahpur (TMC) - Ward No.21,0,,0,0,,0,0,0,karnataka
251861,27389,Shahpur,22,Shahpur (TMC) - Ward No.22,0,,0,0,,0,0,0,karnataka
251861,27390,Shahpur,23,Shahpur (TMC) - Ward No.23,0,,0,0,,0,0,0,karnataka
251861,2146610,Shahpur,24,Shahpur (TMC) - Ward No.24,0,,0,0,,0,0,0,karnataka
251861,2146611,Shahpur,25,Shahpur (TMC) - Ward No.25,0,,0,0,,0,0,0,karnataka
251861,2146612,Shahpur,26,Shahpur (TMC) - Ward No.26,0,,0,0,,0,0,0,karnataka
251861,2146613,Shahpur,27,Shahpur (TMC) - Ward No.27,0,,0,0,,0,0,0,karnataka
251861,2146614,Shahpur,28,Shahpur (TMC) - Ward No.28,0,,0,0,,0,0,0,karnataka
251861,2146615,Shahpur,29,Shahpur (TMC) - Ward No.29,0,,0,0,,0,0,0,karnataka
251861,27370,Shahpur,3,Shahpur (TMC) - Ward No.3,0,,0,0,,0,0,0,karnataka
251861,2146616,Shahpur,30,Shahpur (TMC) - Ward No.30,0,,0,0,,0,0,0,karnataka
251861,2146617,Shahpur,31,Shahpur (TMC) - Ward No.31,0,,0,0,,0,0,0,karnataka
251861,27371,Shahpur,4,Shahpur (TMC) - Ward No.4,0,,0,0,,0,0,0,karnataka
251861,27372,Shahpur,5,Shahpur (TMC) - Ward No.5,0,,0,0,,0,0,0,karnataka
251861,27373,Shahpur,6,Shahpur (TMC) - Ward No.6,0,,0,0,,0,0,0,karnataka
251861,27374,Shahpur,7,Shahpur (TMC) - Ward No.7,0,,0,0,,0,0,0,karnataka
251861,27375,Shahpur,8,Shahpur (TMC) - Ward No.8,0,,0,0,,0,0,0,karnataka
251861,27376,Shahpur,9,Shahpur (TMC) - Ward No.9,0,,0,0,,0,0,0,karnataka
276579,1296032,Shedbala,1,Ward-1,0,,0,0,,0,929122,0,karnataka
276579,1296032,Shedbala,1,Ward-1,0,,0,0,,0,929122,0,karnataka
276579,1296041,Shedbala,10,Ward-10,527,Belagavi,555,5434,Athni,5434,0,0,karnataka
276579,1296041,Shedbala,10,Ward-10,527,Belagavi,555,5434,Athni,5434,0,0,karnataka
276579,1296042,Shedbala,11,Ward-11,527,Belagavi,555,5434,Athni,5434,0,0,karnataka
276579,1296042,Shedbala,11,Ward-11,527,Belagavi,555,5434,Athni,5434,0,0,karnataka
276579,1296043,Shedbala,12,Ward-12,0,,0,0,,0,929122,0,karnataka
276579,1296043,Shedbala,12,Ward-12,0,,0,0,,0,929122,0,karnataka
276579,1296044,Shedbala,13,Ward-13,0,,0,0,,0,929122,0,karnataka
276579,1296044,Shedbala,13,Ward-13,0,,0,0,,0,929122,0,karnataka
276579,1296045,Shedbala,14,Ward-14,0,,0,0,,0,929122,0,karnataka
276579,1296045,Shedbala,14,Ward-14,0,,0,0,,0,929122,0,karnataka
276579,1296046,Shedbala,15,Ward-15,527,Belagavi,555,5434,Athni,5434,0,0,karnataka
276579,1296046,Shedbala,15,Ward-15,527,Belagavi,555,5434,Athni,5434,0,0,karnataka
276579,1296047,Shedbala,16,Ward-16,527,Belagavi,555,5434,Athni,5434,0,0,karnataka
276579,1296047,Shedbala,16,Ward-16,527,Belagavi,555,5434,Athni,5434,0,0,karnataka
276579,1296033,Shedbala,2,Ward-2,0,,0,0,,0,929122,0,karnataka
276579,1296033,Shedbala,2,Ward-2,0,,0,0,,0,929122,0,karnataka
276579,1296034,Shedbala,3,Ward-3,0,,0,0,,0,929122,0,karnataka
276579,1296034,Shedbala,3,Ward-3,0,,0,0,,0,929122,0,karnataka
276579,1296035,Shedbala,4,Ward-4,527,Belagavi,555,5434,Athni,5434,0,0,karnataka
276579,1296035,Shedbala,4,Ward-4,527,Belagavi,555,5434,Athni,5434,0,0,karnataka
276579,1296036,Shedbala,5,Ward-5,527,Belagavi,555,5434,Athni,5434,0,0,karnataka
276579,1296036,Shedbala,5,Ward-5,527,Belagavi,555,5434,Athni,5434,0,0,karnataka
276579,1296037,Shedbala,6,Ward-6,527,Belagavi,555,5434,Athni,5434,0,0,karnataka
276579,1296037,Shedbala,6,Ward-6,527,Belagavi,555,5434,Athni,5434,0,0,karnataka
276579,1296038,Shedbala,7,Ward-7,0,,0,0,,0,929122,0,karnataka
276579,1296038,Shedbala,7,Ward-7,0,,0,0,,0,929122,0,karnataka
276579,1296039,Shedbala,8,Ward-8,527,Belagavi,555,5434,Athni,5434,0,0,karnataka
276579,1296039,Shedbala,8,Ward-8,527,Belagavi,555,5434,Athni,5434,0,0,karnataka
276579,1296040,Shedbala,9,Ward-9,527,Belagavi,555,5434,Athni,5434,0,0,karnataka
276579,1296040,Shedbala,9,Ward-9,527,Belagavi,555,5434,Athni,5434,0,0,karnataka
251912,61059,Shiggaon,1,Shiggaon (TMC) - Ward No.1,0,,0,0,,0,0,0,karnataka
251912,61068,Shiggaon,10,Shiggaon (TMC) - Ward No.10,0,,0,0,,0,0,0,karnataka
251912,61069,Shiggaon,11,Shiggaon (TMC) - Ward No.11,0,,0,0,,0,0,0,karnataka
251912,61070,Shiggaon,12,Shiggaon (TMC) - Ward No.12,0,,0,0,,0,0,0,karnataka
251912,61071,Shiggaon,13,Shiggaon (TMC) - Ward No.13,0,,0,0,,0,0,0,karnataka
251912,61072,Shiggaon,14,Shiggaon (TMC) - Ward No.14,0,,0,0,,0,0,0,karnataka
251912,61073,Shiggaon,15,Shiggaon (TMC) - Ward No.15,0,,0,0,,0,0,0,karnataka
251912,61244,Shiggaon,16,Shiggaon (TMC) - Ward No.16,0,,0,0,,0,0,0,karnataka
251912,61245,Shiggaon,17,Shiggaon (TMC) - Ward No.17,0,,0,0,,0,0,0,karnataka
251912,61246,Shiggaon,18,Shiggaon (TMC) - Ward No.18,0,,0,0,,0,0,0,karnataka
251912,61247,Shiggaon,19,Shiggaon (TMC) - Ward No.19,0,,0,0,,0,0,0,karnataka
251912,61060,Shiggaon,2,Shiggaon (TMC) - Ward No.2,0,,0,0,,0,0,0,karnataka
251912,61248,Shiggaon,20,Shiggaon (TMC) - Ward No.20,0,,0,0,,0,0,0,karnataka
251912,69704,Shiggaon,21,Shiggaon (TMC) - Ward No.21,0,,0,0,,0,0,0,karnataka
251912,69705,Shiggaon,22,Shiggaon (TMC) - Ward No.22,0,,0,0,,0,0,0,karnataka
251912,69706,Shiggaon,23,Shiggaon (TMC) - Ward No.23,0,,0,0,,0,0,0,karnataka
251912,61061,Shiggaon,3,Shiggaon (TMC) - Ward No.3,0,,0,0,,0,0,0,karnataka
251912,61062,Shiggaon,4,Shiggaon (TMC) - Ward No.4,0,,0,0,,0,0,0,karnataka
251912,61063,Shiggaon,5,Shiggaon (TMC) - Ward No.5,0,,0,0,,0,0,0,karnataka
251912,61064,Shiggaon,6,Shiggaon (TMC) - Ward No.6,0,,0,0,,0,0,0,karnataka
251912,61065,Shiggaon,7,Shiggaon (TMC) - Ward No.7,0,,0,0,,0,0,0,karnataka
251912,61066,Shiggaon,8,Shiggaon (TMC) - Ward No.8,0,,0,0,,0,0,0,karnataka
251912,61067,Shiggaon,9,Shiggaon (TMC) - Ward No.9,0,,0,0,,0,0,0,karnataka
251948,31289,Shikarpur,1,Shikarpur (TMC) - Ward No.1,0,,0,0,,0,0,0,karnataka
251948,31298,Shikarpur,10,Shikarpur (TMC) - Ward No.10,0,,0,0,,0,0,0,karnataka
251948,31299,Shikarpur,11,Shikarpur (TMC) - Ward No.11,0,,0,0,,0,0,0,karnataka
251948,31300,Shikarpur,12,Shikarpur (TMC) - Ward No.12,0,,0,0,,0,0,0,karnataka
251948,31301,Shikarpur,13,Shikarpur (TMC) - Ward No.13,0,,0,0,,0,0,0,karnataka
251948,31302,Shikarpur,14,Shikarpur (TMC) - Ward No.14,0,,0,0,,0,0,0,karnataka
251948,31303,Shikarpur,15,Shikarpur (TMC) - Ward No.15,0,,0,0,,0,0,0,karnataka
251948,31304,Shikarpur,16,Shikarpur (TMC) - Ward No.16,0,,0,0,,0,0,0,karnataka
251948,31305,Shikarpur,17,Shikarpur (TMC) - Ward No.17,0,,0,0,,0,0,0,karnataka
251948,31306,Shikarpur,18,Shikarpur (TMC) - Ward No.18,0,,0,0,,0,0,0,karnataka
251948,31307,Shikarpur,19,Shikarpur (TMC) - Ward No.19,0,,0,0,,0,0,0,karnataka
251948,31290,Shikarpur,2,Shikarpur (TMC) - Ward No.2,0,,0,0,,0,0,0,karnataka
251948,31308,Shikarpur,20,Shikarpur (TMC) - Ward No.20,0,,0,0,,0,0,0,karnataka
251948,31309,Shikarpur,21,Shikarpur (TMC) - Ward No.21,0,,0,0,,0,0,0,karnataka
251948,31310,Shikarpur,22,Shikarpur (TMC) - Ward No.22,0,,0,0,,0,0,0,karnataka
251948,31311,Shikarpur,23,Shikarpur (TMC) - Ward No.23,0,,0,0,,0,0,0,karnataka
251948,31291,Shikarpur,3,Shikarpur (TMC) - Ward No.3,0,,0,0,,0,0,0,karnataka
251948,31292,Shikarpur,4,Shikarpur (TMC) - Ward No.4,0,,0,0,,0,0,0,karnataka
251948,31293,Shikarpur,5,Shikarpur (TMC) - Ward No.5,0,,0,0,,0,0,0,karnataka
251948,31294,Shikarpur,6,Shikarpur (TMC) - Ward No.6,0,,0,0,,0,0,0,karnataka
251948,31295,Shikarpur,7,Shikarpur (TMC) - Ward No.7,0,,0,0,,0,0,0,karnataka
251948,31296,Shikarpur,8,Shikarpur (TMC) - Ward No.8,0,,0,0,,0,0,0,karnataka
251948,31297,Shikarpur,9,Shikarpur (TMC) - Ward No.9,0,,0,0,,0,0,0,karnataka
251890,2176768,Shirahatti,16,Shirhatti-16,0,,0,0,,0,0,0,karnataka
251890,2176769,Shirahatti,17,Shirhatti-17,0,,0,0,,0,0,0,karnataka
251890,2176770,Shirahatti,18,Shirhatti-18,0,,0,0,,0,0,0,karnataka
251890,60495,Shirahatti,1,Shirhatti (TP) - Ward No.1,0,,0,0,,0,0,0,karnataka
251890,60504,Shirahatti,10,Shirhatti (TP) - Ward No.10,0,,0,0,,0,0,0,karnataka
251890,60505,Shirahatti,11,Shirhatti (TP) - Ward No.11,0,,0,0,,0,0,0,karnataka
251890,60506,Shirahatti,12,Shirhatti (TP) - Ward No.12,0,,0,0,,0,0,0,karnataka
251890,60507,Shirahatti,13,Shirhatti (TP) - Ward No.13,0,,0,0,,0,0,0,karnataka
251890,60977,Shirahatti,14,Shirhatti (TP) - Ward No.14,0,,0,0,,0,0,0,karnataka
251890,60978,Shirahatti,15,Shirhatti (TP) - Ward No.15,0,,0,0,,0,0,0,karnataka
251890,60496,Shirahatti,2,Shirhatti (TP) - Ward No.2,0,,0,0,,0,0,0,karnataka
251890,60497,Shirahatti,3,Shirhatti (TP) - Ward No.3,0,,0,0,,0,0,0,karnataka
251890,60498,Shirahatti,4,Shirhatti (TP) - Ward No.4,0,,0,0,,0,0,0,karnataka
251890,60499,Shirahatti,5,Shirhatti (TP) - Ward No.5,0,,0,0,,0,0,0,karnataka
251890,60500,Shirahatti,6,Shirhatti (TP) - Ward No.6,0,,0,0,,0,0,0,karnataka
251890,60501,Shirahatti,7,Shirhatti (TP) - Ward No.7,0,,0,0,,0,0,0,karnataka
251890,60502,Shirahatti,8,Shirhatti (TP) - Ward No.8,0,,0,0,,0,0,0,karnataka
251890,60503,Shirahatti,9,Shirhatti (TP) - Ward No.9,0,,0,0,,0,0,0,karnataka
299179,3046790,Shiruru,1,Ward 1,0,,0,0,,0,0,0,karnataka
299179,3046799,Shiruru,10,Ward 10,0,,0,0,,0,0,0,karnataka
299179,3046800,Shiruru,11,Ward 11,0,,0,0,,0,0,0,karnataka
299179,3046801,Shiruru,12,Ward 12,0,,0,0,,0,0,0,karnataka
299179,3046802,Shiruru,13,Ward 13,0,,0,0,,0,0,0,karnataka
299179,3046803,Shiruru,14,Ward 14,0,,0,0,,0,0,0,karnataka
299179,3046804,Shiruru,15,Ward 15,0,,0,0,,0,0,0,karnataka
299179,3046805,Shiruru,16,Ward 16,0,,0,0,,0,0,0,karnataka
299179,3046806,Shiruru,17,Ward 17,0,,0,0,,0,0,0,karnataka
299179,3046791,Shiruru,2,Ward 2,0,,0,0,,0,0,0,karnataka
299179,3046792,Shiruru,3,Ward 3,0,,0,0,,0,0,0,karnataka
299179,3046793,Shiruru,4,Ward 4,0,,0,0,,0,0,0,karnataka
299179,3046794,Shiruru,5,Ward 5,0,,0,0,,0,0,0,karnataka
299179,3046795,Shiruru,6,Ward 6,0,,0,0,,0,0,0,karnataka
299179,3046796,Shiruru,7,Ward 7,0,,0,0,,0,0,0,karnataka
299179,3046797,Shiruru,8,Ward 8,0,,0,0,,0,0,0,karnataka
299179,3046798,Shiruru,9,Ward 9,0,,0,0,,0,0,0,karnataka
251951,31337,Shivamogga,1,Shimoga (Cmc) - Ward No.1,0,,0,0,,0,0,0,karnataka
251951,31346,Shivamogga,10,Shimoga (Cmc) - Ward No.10,0,,0,0,,0,0,0,karnataka
251951,31347,Shivamogga,11,Shimoga (Cmc) - Ward No.11,0,,0,0,,0,0,0,karnataka
251951,31348,Shivamogga,12,Shimoga (Cmc) - Ward No.12,0,,0,0,,0,0,0,karnataka
251951,31349,Shivamogga,13,Shimoga (Cmc) - Ward No.13,0,,0,0,,0,0,0,karnataka
251951,31350,Shivamogga,14,Shimoga (Cmc) - Ward No.14,0,,0,0,,0,0,0,karnataka
251951,31351,Shivamogga,15,Shimoga (Cmc) - Ward No.15,0,,0,0,,0,0,0,karnataka
251951,31352,Shivamogga,16,Shimoga (Cmc) - Ward No.16,0,,0,0,,0,0,0,karnataka
251951,31353,Shivamogga,17,Shimoga (Cmc) - Ward No.17,0,,0,0,,0,0,0,karnataka
251951,31354,Shivamogga,18,Shimoga (Cmc) - Ward No.18,0,,0,0,,0,0,0,karnataka
251951,31726,Shivamogga,19,Shimoga (Cmc) - Ward No.19,0,,0,0,,0,0,0,karnataka
251951,31338,Shivamogga,2,Shimoga (Cmc) - Ward No.2,0,,0,0,,0,0,0,karnataka
251951,31727,Shivamogga,20,Shimoga (Cmc) - Ward No.20,0,,0,0,,0,0,0,karnataka
251951,31728,Shivamogga,21,Shimoga (Cmc) - Ward No.21,0,,0,0,,0,0,0,karnataka
251951,31729,Shivamogga,22,Shimoga (Cmc) - Ward No.22,0,,0,0,,0,0,0,karnataka
251951,31730,Shivamogga,23,Shimoga (Cmc) - Ward No.23,0,,0,0,,0,0,0,karnataka
251951,31731,Shivamogga,24,Shimoga (Cmc) - Ward No.24,0,,0,0,,0,0,0,karnataka
251951,31732,Shivamogga,25,Shimoga (Cmc) - Ward No.25,0,,0,0,,0,0,0,karnataka
251951,31733,Shivamogga,26,Shimoga (Cmc) - Ward No.26,0,,0,0,,0,0,0,karnataka
251951,31734,Shivamogga,27,Shimoga (Cmc) - Ward No.27,0,,0,0,,0,0,0,karnataka
251951,31735,Shivamogga,28,Shimoga (Cmc) - Ward No.28,0,,0,0,,0,0,0,karnataka
251951,31736,Shivamogga,29,Shimoga (Cmc) - Ward No.29,0,,0,0,,0,0,0,karnataka
251951,31339,Shivamogga,3,Shimoga (Cmc) - Ward No.3,0,,0,0,,0,0,0,karnataka
251951,31737,Shivamogga,30,Shimoga (Cmc) - Ward No.30,0,,0,0,,0,0,0,karnataka
251951,31738,Shivamogga,31,Shimoga (Cmc) - Ward No.31,0,,0,0,,0,0,0,karnataka
251951,31739,Shivamogga,32,Shimoga (Cmc) - Ward No.32,0,,0,0,,0,0,0,karnataka
251951,31740,Shivamogga,33,Shimoga (Cmc) - Ward No.33,0,,0,0,,0,0,0,karnataka
251951,31741,Shivamogga,34,Shimoga (Cmc) - Ward No.34,0,,0,0,,0,0,0,karnataka
251951,31742,Shivamogga,35,Shimoga (Cmc) - Ward No.35,0,,0,0,,0,0,0,karnataka
251951,31340,Shivamogga,4,Shimoga (Cmc) - Ward No.4,0,,0,0,,0,0,0,karnataka
251951,31341,Shivamogga,5,Shimoga (Cmc) - Ward No.5,0,,0,0,,0,0,0,karnataka
251951,31342,Shivamogga,6,Shimoga (Cmc) - Ward No.6,0,,0,0,,0,0,0,karnataka
251951,31343,Shivamogga,7,Shimoga (Cmc) - Ward No.7,0,,0,0,,0,0,0,karnataka
251951,31344,Shivamogga,8,Shimoga (Cmc) - Ward No.8,0,,0,0,,0,0,0,karnataka
251951,31345,Shivamogga,9,Shimoga (Cmc) - Ward No.9,0,,0,0,,0,0,0,karnataka
252004,26742,Shrirangapattana,1,Shrirangapattana (TMC) - Ward No.1,0,,0,0,,0,0,0,karnataka
252004,26751,Shrirangapattana,10,Shrirangapattana (TMC) - Ward No.10,0,,0,0,,0,0,0,karnataka
252004,26752,Shrirangapattana,11,Shrirangapattana (TMC) - Ward No.11,0,,0,0,,0,0,0,karnataka
252004,26753,Shrirangapattana,12,Shrirangapattana (TMC) - Ward No.12,0,,0,0,,0,0,0,karnataka
252004,26754,Shrirangapattana,13,Shrirangapattana (TMC) - Ward No.13,0,,0,0,,0,0,0,karnataka
252004,26755,Shrirangapattana,14,Shrirangapattana (TMC) - Ward No.14,0,,0,0,,0,0,0,karnataka
252004,26756,Shrirangapattana,15,Shrirangapattana (TMC) - Ward No.15,0,,0,0,,0,0,0,karnataka
252004,26757,Shrirangapattana,16,Shrirangapattana (TMC) - Ward No.16,0,,0,0,,0,0,0,karnataka
252004,26758,Shrirangapattana,17,Shrirangapattana (TMC) - Ward No.17,0,,0,0,,0,0,0,karnataka
252004,26759,Shrirangapattana,18,Shrirangapattana (TMC) - Ward No.18,0,,0,0,,0,0,0,karnataka
252004,26760,Shrirangapattana,19,Shrirangapattana (TMC) - Ward No.19,0,,0,0,,0,0,0,karnataka
252004,26743,Shrirangapattana,2,Shrirangapattana (TMC) - Ward No.2,0,,0,0,,0,0,0,karnataka
252004,26761,Shrirangapattana,20,Shrirangapattana (TMC) - Ward No.20,0,,0,0,,0,0,0,karnataka
252004,26762,Shrirangapattana,21,Shrirangapattana (TMC) - Ward No.21,0,,0,0,,0,0,0,karnataka
252004,26763,Shrirangapattana,22,Shrirangapattana (TMC) - Ward No.22,0,,0,0,,0,0,0,karnataka
252004,26764,Shrirangapattana,23,Shrirangapattana (TMC) - Ward No.23,0,,0,0,,0,0,0,karnataka
252004,26744,Shrirangapattana,3,Shrirangapattana (TMC) - Ward No.3,0,,0,0,,0,0,0,karnataka
252004,26745,Shrirangapattana,4,Shrirangapattana (TMC) - Ward No.4,0,,0,0,,0,0,0,karnataka
252004,26746,Shrirangapattana,5,Shrirangapattana (TMC) - Ward No.5,0,,0,0,,0,0,0,karnataka
252004,26747,Shrirangapattana,6,Shrirangapattana (TMC) - Ward No.6,0,,0,0,,0,0,0,karnataka
252004,26748,Shrirangapattana,7,Shrirangapattana (TMC) - Ward No.7,0,,0,0,,0,0,0,karnataka
252004,26749,Shrirangapattana,8,Shrirangapattana (TMC) - Ward No.8,0,,0,0,,0,0,0,karnataka
252004,26750,Shrirangapattana,9,Shrirangapattana (TMC) - Ward No.9,0,,0,0,,0,0,0,karnataka
251908,29962,Siddapur,1,Siddapur (TP) - Ward No.1,0,,0,0,,0,0,0,karnataka
251908,29971,Siddapur,10,Siddapur (TP) - Ward No.10,0,,0,0,,0,0,0,karnataka
251908,29972,Siddapur,11,Siddapur (TP) - Ward No.11,0,,0,0,,0,0,0,karnataka
251908,29973,Siddapur,12,Siddapur (TP) - Ward No.12,0,,0,0,,0,0,0,karnataka
251908,29974,Siddapur,13,Siddapur (TP) - Ward No.13,0,,0,0,,0,0,0,karnataka
251908,1922660,Siddapur,14,Siddapur (TP) - Ward No.14,0,,0,0,,0,0,0,karnataka
251908,2443205,Siddapur,15,Siddapur (TP) - Ward No.15,0,,0,0,,0,0,0,karnataka
251908,29963,Siddapur,2,Siddapur (TP) - Ward No.2,0,,0,0,,0,0,0,karnataka
251908,29964,Siddapur,3,Siddapur (TP) - Ward No.3,0,,0,0,,0,0,0,karnataka
251908,29965,Siddapur,4,Siddapur (TP) - Ward No.4,0,,0,0,,0,0,0,karnataka
251908,29966,Siddapur,5,Siddapur (TP) - Ward No.5,0,,0,0,,0,0,0,karnataka
251908,29967,Siddapur,6,Siddapur (TP) - Ward No.6,0,,0,0,,0,0,0,karnataka
251908,29968,Siddapur,7,Siddapur (TP) - Ward No.7,0,,0,0,,0,0,0,karnataka
251908,29969,Siddapur,8,Siddapur (TP) - Ward No.8,0,,0,0,,0,0,0,karnataka
251908,29970,Siddapur,9,Siddapur (TP) - Ward No.9,0,,0,0,,0,0,0,karnataka
251982,25725,Sidlaghatta,1,Sidlaghatta (TMC) - Ward No.1,0,,0,0,,0,0,0,karnataka
251982,25734,Sidlaghatta,10,Sidlaghatta (TMC) - Ward No.10,0,,0,0,,0,0,0,karnataka
251982,25735,Sidlaghatta,11,Sidlaghatta (TMC) - Ward No.11,0,,0,0,,0,0,0,karnataka
251982,25736,Sidlaghatta,12,Sidlaghatta (TMC) - Ward No.12,0,,0,0,,0,0,0,karnataka
251982,25737,Sidlaghatta,13,Sidlaghatta (TMC) - Ward No.13,0,,0,0,,0,0,0,karnataka
251982,25738,Sidlaghatta,14,Sidlaghatta (TMC) - Ward No.14,0,,0,0,,0,0,0,karnataka
251982,25739,Sidlaghatta,15,Sidlaghatta (TMC) - Ward No.15,0,,0,0,,0,0,0,karnataka
251982,25740,Sidlaghatta,16,Sidlaghatta (TMC) - Ward No.16,0,,0,0,,0,0,0,karnataka
251982,25741,Sidlaghatta,17,Sidlaghatta (TMC) - Ward No.17,0,,0,0,,0,0,0,karnataka
251982,25742,Sidlaghatta,18,Sidlaghatta (TMC) - Ward No.18,0,,0,0,,0,0,0,karnataka
251982,25743,Sidlaghatta,19,Sidlaghatta (TMC) - Ward No.19,0,,0,0,,0,0,0,karnataka
251982,25726,Sidlaghatta,2,Sidlaghatta (TMC) - Ward No.2,0,,0,0,,0,0,0,karnataka
251982,25744,Sidlaghatta,20,Sidlaghatta (TMC) - Ward No.20,0,,0,0,,0,0,0,karnataka
251982,25745,Sidlaghatta,21,Sidlaghatta (TMC) - Ward No.21,0,,0,0,,0,0,0,karnataka
251982,25746,Sidlaghatta,22,Sidlaghatta (TMC) - Ward No.22,0,,0,0,,0,0,0,karnataka
251982,25747,Sidlaghatta,23,Sidlaghatta (TMC) - Ward No.23,0,,0,0,,0,0,0,karnataka
251982,946226,Sidlaghatta,24,Sidlaghatta (TMC) - Ward No.24,0,,0,0,,0,0,0,karnataka
251982,946228,Sidlaghatta,25,Sidlaghatta (TMC) - Ward No.25,0,,0,0,,0,0,0,karnataka
251982,946233,Sidlaghatta,26,Sidlaghatta (TMC) - Ward No.26,0,,0,0,,0,0,0,karnataka
251982,946237,Sidlaghatta,27,Sidlaghatta (TMC) - Ward No.27,0,,0,0,,0,0,0,karnataka
251982,1886072,Sidlaghatta,28,Sidlaghatta (TMC) - Ward No.28,0,,0,0,,0,0,0,karnataka
251982,1886073,Sidlaghatta,29,Sidlaghatta (TMC) - Ward No.29,0,,0,0,,0,0,0,karnataka
251982,25727,Sidlaghatta,3,Sidlaghatta (TMC) - Ward No.3,0,,0,0,,0,0,0,karnataka
251982,1886074,Sidlaghatta,30,Sidlaghatta (TMC) - Ward No.30,0,,0,0,,0,0,0,karnataka
251982,1886075,Sidlaghatta,31,Sidlaghatta (TMC) - Ward No.31,0,,0,0,,0,0,0,karnataka
251982,25728,Sidlaghatta,4,Sidlaghatta (TMC) - Ward No.4,0,,0,0,,0,0,0,karnataka
251982,25729,Sidlaghatta,5,Sidlaghatta (TMC) - Ward No.5,0,,0,0,,0,0,0,karnataka
251982,25730,Sidlaghatta,6,Sidlaghatta (TMC) - Ward No.6,0,,0,0,,0,0,0,karnataka
251982,25731,Sidlaghatta,7,Sidlaghatta (TMC) - Ward No.7,0,,0,0,,0,0,0,karnataka
251982,25732,Sidlaghatta,8,Sidlaghatta (TMC) - Ward No.8,0,,0,0,,0,0,0,karnataka
251982,25733,Sidlaghatta,9,Sidlaghatta (TMC) - Ward No.9,0,,0,0,,0,0,0,karnataka
251844,63441,Sindgi,1,Sindgi (TMC) - Ward No.1,0,,0,0,,0,0,0,karnataka
251844,63450,Sindgi,10,Sindgi (TMC) - Ward No.10,0,,0,0,,0,0,0,karnataka
251844,63451,Sindgi,11,Sindgi (TMC) - Ward No.11,0,,0,0,,0,0,0,karnataka
251844,63452,Sindgi,12,Sindgi (TMC) - Ward No.12,0,,0,0,,0,0,0,karnataka
251844,63453,Sindgi,13,Sindgi (TMC) - Ward No.13,0,,0,0,,0,0,0,karnataka
251844,63454,Sindgi,14,Sindgi (TMC) - Ward No.14,0,,0,0,,0,0,0,karnataka
251844,63455,Sindgi,15,Sindgi (TMC) - Ward No.15,0,,0,0,,0,0,0,karnataka
251844,63456,Sindgi,16,Sindgi (TMC) - Ward No.16,0,,0,0,,0,0,0,karnataka
251844,63457,Sindgi,17,Sindgi (TMC) - Ward No.17,0,,0,0,,0,0,0,karnataka
251844,63458,Sindgi,18,Sindgi (TMC) - Ward No.18,0,,0,0,,0,0,0,karnataka
251844,63459,Sindgi,19,Sindgi (TMC) - Ward No.19,0,,0,0,,0,0,0,karnataka
251844,63442,Sindgi,2,Sindgi (TMC) - Ward No.2,0,,0,0,,0,0,0,karnataka
251844,63460,Sindgi,20,Sindgi (TMC) - Ward No.20,0,,0,0,,0,0,0,karnataka
251844,63461,Sindgi,21,Sindgi (TMC) - Ward No.21,0,,0,0,,0,0,0,karnataka
251844,63462,Sindgi,22,Sindgi (TMC) - Ward No.22,0,,0,0,,0,0,0,karnataka
251844,63463,Sindgi,23,Sindgi (TMC) - Ward No.23,0,,0,0,,0,0,0,karnataka
251844,63443,Sindgi,3,Sindgi (TMC) - Ward No.3,0,,0,0,,0,0,0,karnataka
251844,63444,Sindgi,4,Sindgi (TMC) - Ward No.4,0,,0,0,,0,0,0,karnataka
251844,63445,Sindgi,5,Sindgi (TMC) - Ward No.5,0,,0,0,,0,0,0,karnataka
251844,63446,Sindgi,6,Sindgi (TMC) - Ward No.6,0,,0,0,,0,0,0,karnataka
251844,63447,Sindgi,7,Sindgi (TMC) - Ward No.7,0,,0,0,,0,0,0,karnataka
251844,63448,Sindgi,8,Sindgi (TMC) - Ward No.8,0,,0,0,,0,0,0,karnataka
251844,63449,Sindgi,9,Sindgi (TMC) - Ward No.9,0,,0,0,,0,0,0,karnataka
251878,2178780,Sindhnur,28,Sindhanur-28,0,,0,0,,0,0,0,karnataka
251878,2178781,Sindhnur,29,Sindhanur-29,0,,0,0,,0,0,0,karnataka
251878,2178782,Sindhnur,30,Sindhanur-30,0,,0,0,,0,0,0,karnataka
251878,2178783,Sindhnur,31,Sindhanur-31,0,,0,0,,0,0,0,karnataka
251878,27714,Sindhnur,1,Sindhnur (TMC) - Ward No.1,0,,0,0,,0,0,0,karnataka
251878,27817,Sindhnur,10,Sindhnur (TMC) - Ward No.10,0,,0,0,,0,0,0,karnataka
251878,27818,Sindhnur,11,Sindhnur (TMC) - Ward No.11,0,,0,0,,0,0,0,karnataka
251878,27819,Sindhnur,12,Sindhnur (TMC) - Ward No.12,0,,0,0,,0,0,0,karnataka
251878,27820,Sindhnur,13,Sindhnur (TMC) - Ward No.13,0,,0,0,,0,0,0,karnataka
251878,27821,Sindhnur,14,Sindhnur (TMC) - Ward No.14,0,,0,0,,0,0,0,karnataka
251878,27822,Sindhnur,15,Sindhnur (TMC) - Ward No.15,0,,0,0,,0,0,0,karnataka
251878,27823,Sindhnur,16,Sindhnur (TMC) - Ward No.16,0,,0,0,,0,0,0,karnataka
251878,27824,Sindhnur,17,Sindhnur (TMC) - Ward No.17,0,,0,0,,0,0,0,karnataka
251878,27825,Sindhnur,18,Sindhnur (TMC) - Ward No.18,0,,0,0,,0,0,0,karnataka
251878,27826,Sindhnur,19,Sindhnur (TMC) - Ward No.19,0,,0,0,,0,0,0,karnataka
251878,27715,Sindhnur,2,Sindhnur (TMC) - Ward No.2,0,,0,0,,0,0,0,karnataka
251878,27827,Sindhnur,20,Sindhnur (TMC) - Ward No.20,0,,0,0,,0,0,0,karnataka
251878,27828,Sindhnur,21,Sindhnur (TMC) - Ward No.21,0,,0,0,,0,0,0,karnataka
251878,27829,Sindhnur,22,Sindhnur (TMC) - Ward No.22,0,,0,0,,0,0,0,karnataka
251878,27830,Sindhnur,23,Sindhnur (TMC) - Ward No.23,0,,0,0,,0,0,0,karnataka
251878,27831,Sindhnur,24,Sindhnur (TMC) - Ward No.24,0,,0,0,,0,0,0,karnataka
251878,27832,Sindhnur,25,Sindhnur (TMC) - Ward No.25,0,,0,0,,0,0,0,karnataka
251878,27833,Sindhnur,26,Sindhnur (TMC) - Ward No.26,0,,0,0,,0,0,0,karnataka
251878,27834,Sindhnur,27,Sindhnur (TMC) - Ward No.27,0,,0,0,,0,0,0,karnataka
251878,27716,Sindhnur,3,Sindhnur (TMC) - Ward No.3,0,,0,0,,0,0,0,karnataka
251878,27717,Sindhnur,4,Sindhnur (TMC) - Ward No.4,0,,0,0,,0,0,0,karnataka
251878,27718,Sindhnur,5,Sindhnur (TMC) - Ward No.5,0,,0,0,,0,0,0,karnataka
251878,27719,Sindhnur,6,Sindhnur (TMC) - Ward No.6,0,,0,0,,0,0,0,karnataka
251878,27720,Sindhnur,7,Sindhnur (TMC) - Ward No.7,0,,0,0,,0,0,0,karnataka
251878,27815,Sindhnur,8,Sindhnur (TMC) - Ward No.8,0,,0,0,,0,0,0,karnataka
251878,27816,Sindhnur,9,Sindhnur (TMC) - Ward No.9,0,,0,0,,0,0,0,karnataka
251969,2146688,Sira,24,Sira-24,0,,0,0,,0,0,0,karnataka
251969,2146689,Sira,25,Sira-25,0,,0,0,,0,0,0,karnataka
251969,2146690,Sira,26,Sira-26,0,,0,0,,0,0,0,karnataka
251969,2146691,Sira,27,Sira-27,0,,0,0,,0,0,0,karnataka
251969,2146692,Sira,28,Sira-28,0,,0,0,,0,0,0,karnataka
251969,2146693,Sira,29,Sira-29,0,,0,0,,0,0,0,karnataka
251969,2146694,Sira,30,Sira-30,0,,0,0,,0,0,0,karnataka
251969,2146695,Sira,31,Sira-31,0,,0,0,,0,0,0,karnataka
251969,25333,Sira,1,Sira (TMC) - Ward No.1,0,,0,0,,0,0,0,karnataka
251969,25342,Sira,10,Sira (TMC) - Ward No.10,0,,0,0,,0,0,0,karnataka
251969,25343,Sira,11,Sira (TMC) - Ward No.11,0,,0,0,,0,0,0,karnataka
251969,25344,Sira,12,Sira (TMC) - Ward No.12,0,,0,0,,0,0,0,karnataka
251969,25345,Sira,13,Sira (TMC) - Ward No.13,0,,0,0,,0,0,0,karnataka
251969,25346,Sira,14,Sira (TMC) - Ward No.14,0,,0,0,,0,0,0,karnataka
251969,25347,Sira,15,Sira (TMC) - Ward No.15,0,,0,0,,0,0,0,karnataka
251969,25348,Sira,16,Sira (TMC) - Ward No.16,0,,0,0,,0,0,0,karnataka
251969,25349,Sira,17,Sira (TMC) - Ward No.17,0,,0,0,,0,0,0,karnataka
251969,25350,Sira,18,Sira (TMC) - Ward No.18,0,,0,0,,0,0,0,karnataka
251969,25351,Sira,19,Sira (TMC) - Ward No.19,0,,0,0,,0,0,0,karnataka
251969,25334,Sira,2,Sira (TMC) - Ward No.2,0,,0,0,,0,0,0,karnataka
251969,25352,Sira,20,Sira (TMC) - Ward No.20,0,,0,0,,0,0,0,karnataka
251969,25353,Sira,21,Sira (TMC) - Ward No.21,0,,0,0,,0,0,0,karnataka
251969,25354,Sira,22,Sira (TMC) - Ward No.22,0,,0,0,,0,0,0,karnataka
251969,25355,Sira,23,Sira (TMC) - Ward No.23,0,,0,0,,0,0,0,karnataka
251969,25335,Sira,3,Sira (TMC) - Ward No.3,0,,0,0,,0,0,0,karnataka
251969,25336,Sira,4,Sira (TMC) - Ward No.4,0,,0,0,,0,0,0,karnataka
251969,25337,Sira,5,Sira (TMC) - Ward No.5,0,,0,0,,0,0,0,karnataka
251969,25338,Sira,6,Sira (TMC) - Ward No.6,0,,0,0,,0,0,0,karnataka
251969,25339,Sira,7,Sira (TMC) - Ward No.7,0,,0,0,,0,0,0,karnataka
251969,25340,Sira,8,Sira (TMC) - Ward No.8,0,,0,0,,0,0,0,karnataka
251969,25341,Sira,9,Sira (TMC) - Ward No.9,0,,0,0,,0,0,0,karnataka
251947,31276,Siralkoppa,1,Siralkoppa (TP) - Ward No.1,0,,0,0,,0,0,0,karnataka
251947,31285,Siralkoppa,10,Siralkoppa (TP) - Ward No.10,0,,0,0,,0,0,0,karnataka
251947,31286,Siralkoppa,11,Siralkoppa (TP) - Ward No.11,0,,0,0,,0,0,0,karnataka
251947,31287,Siralkoppa,12,Siralkoppa (TP) - Ward No.12,0,,0,0,,0,0,0,karnataka
251947,31288,Siralkoppa,13,Siralkoppa (TP) - Ward No.13,0,,0,0,,0,0,0,karnataka
251947,1921829,Siralkoppa,14,Siralkoppa (TP) - Ward No.14,0,,0,0,,0,0,0,karnataka
251947,1921830,Siralkoppa,15,Siralkoppa (TP) - Ward No.15,0,,0,0,,0,0,0,karnataka
251947,2443649,Siralkoppa,16,Siralkoppa (TP) - Ward No.16,0,,0,0,,0,0,0,karnataka
251947,2443650,Siralkoppa,17,Siralkoppa (TP) - Ward No.17,0,,0,0,,0,0,0,karnataka
251947,31277,Siralkoppa,2,Siralkoppa (TP) - Ward No.2,0,,0,0,,0,0,0,karnataka
251947,31278,Siralkoppa,3,Siralkoppa (TP) - Ward No.3,0,,0,0,,0,0,0,karnataka
251947,31279,Siralkoppa,4,Siralkoppa (TP) - Ward No.4,0,,0,0,,0,0,0,karnataka
251947,31280,Siralkoppa,5,Siralkoppa (TP) - Ward No.5,0,,0,0,,0,0,0,karnataka
251947,31281,Siralkoppa,6,Siralkoppa (TP) - Ward No.6,0,,0,0,,0,0,0,karnataka
251947,31282,Siralkoppa,7,Siralkoppa (TP) - Ward No.7,0,,0,0,,0,0,0,karnataka
251947,31283,Siralkoppa,8,Siralkoppa (TP) - Ward No.8,0,,0,0,,0,0,0,karnataka
251947,31284,Siralkoppa,9,Siralkoppa (TP) - Ward No.9,0,,0,0,,0,0,0,karnataka
251947,3044517,Siralkoppa,18,Ward 18,0,,0,0,,0,0,0,karnataka
251947,3044518,Siralkoppa,19,Ward 19,0,,0,0,,0,0,0,karnataka
251947,3044519,Siralkoppa,20,Ward 20,0,,0,0,,0,0,0,karnataka
251947,3044520,Siralkoppa,21,Ward 21,0,,0,0,,0,0,0,karnataka
251947,3044521,Siralkoppa,22,Ward 22,0,,0,0,,0,0,0,karnataka
251947,3044522,Siralkoppa,23,Ward 23,0,,0,0,,0,0,0,karnataka
276605,1296233,Siravara,1,Ward-1,546,Raichur,559,5462,Manvi,5462,0,0,karnataka
276605,1296233,Siravara,1,Ward-1,546,Raichur,559,5462,Manvi,5462,0,0,karnataka
276605,1296242,Siravara,10,Ward-10,0,,0,0,,0,929056,0,karnataka
276605,1296242,Siravara,10,Ward-10,0,,0,0,,0,929056,0,karnataka
276605,1296243,Siravara,11,Ward-11,0,,0,0,,0,929056,0,karnataka
276605,1296243,Siravara,11,Ward-11,0,,0,0,,0,929056,0,karnataka
276605,1296244,Siravara,12,Ward-12,0,,0,0,,0,929056,0,karnataka
276605,1296244,Siravara,12,Ward-12,0,,0,0,,0,929056,0,karnataka
276605,1296245,Siravara,13,Ward-13,0,,0,0,,0,929056,0,karnataka
276605,1296245,Siravara,13,Ward-13,0,,0,0,,0,929056,0,karnataka
276605,1296246,Siravara,14,Ward-14,0,,0,0,,0,929056,0,karnataka
276605,1296246,Siravara,14,Ward-14,0,,0,0,,0,929056,0,karnataka
276605,1296247,Siravara,15,Ward-15,0,,0,0,,0,929056,0,karnataka
276605,1296247,Siravara,15,Ward-15,0,,0,0,,0,929056,0,karnataka
276605,1296248,Siravara,16,Ward-16,546,Raichur,559,5462,Manvi,5462,0,0,karnataka
276605,1296248,Siravara,16,Ward-16,546,Raichur,559,5462,Manvi,5462,0,0,karnataka
276605,1296249,Siravara,17,Ward-17,0,,0,0,,0,929056,0,karnataka
276605,1296249,Siravara,17,Ward-17,0,,0,0,,0,929056,0,karnataka
276605,1296250,Siravara,18,Ward-18,0,,0,0,,0,929056,0,karnataka
276605,1296250,Siravara,18,Ward-18,0,,0,0,,0,929056,0,karnataka
276605,1296251,Siravara,19,Ward-19,0,,0,0,,0,929056,0,karnataka
276605,1296251,Siravara,19,Ward-19,0,,0,0,,0,929056,0,karnataka
276605,1296234,Siravara,2,Ward-2,0,,0,0,,0,0,0,karnataka
276605,1296252,Siravara,20,Ward-20,546,Raichur,559,5462,Manvi,5462,0,0,karnataka
276605,1296252,Siravara,20,Ward-20,546,Raichur,559,5462,Manvi,5462,0,0,karnataka
276605,1296235,Siravara,3,Ward-3,0,,0,0,,0,929056,0,karnataka
276605,1296235,Siravara,3,Ward-3,0,,0,0,,0,929056,0,karnataka
276605,1296236,Siravara,4,Ward-4,0,,0,0,,0,929056,0,karnataka
276605,1296236,Siravara,4,Ward-4,0,,0,0,,0,929056,0,karnataka
276605,1296237,Siravara,5,Ward-5,0,,0,0,,0,929056,0,karnataka
276605,1296237,Siravara,5,Ward-5,0,,0,0,,0,929056,0,karnataka
276605,1296238,Siravara,6,Ward-6,0,,0,0,,0,929056,0,karnataka
276605,1296238,Siravara,6,Ward-6,0,,0,0,,0,929056,0,karnataka
276605,1296239,Siravara,7,Ward-7,546,Raichur,559,5462,Manvi,5462,0,0,karnataka
276605,1296239,Siravara,7,Ward-7,546,Raichur,559,5462,Manvi,5462,0,0,karnataka
276605,1296240,Siravara,8,Ward-8,546,Raichur,559,5462,Manvi,5462,0,0,karnataka
276605,1296240,Siravara,8,Ward-8,546,Raichur,559,5462,Manvi,5462,0,0,karnataka
276605,1296241,Siravara,9,Ward-9,0,,0,0,,0,929056,0,karnataka
276605,1296241,Siravara,9,Ward-9,0,,0,0,,0,929056,0,karnataka
251905,28703,Sirsi,1,Sirsi (Cmc) - Ward No.1,0,,0,0,,0,0,0,karnataka
251905,28712,Sirsi,10,Sirsi (Cmc) - Ward No.10,0,,0,0,,0,0,0,karnataka
251905,28713,Sirsi,11,Sirsi (Cmc) - Ward No.11,0,,0,0,,0,0,0,karnataka
251905,28714,Sirsi,12,Sirsi (Cmc) - Ward No.12,0,,0,0,,0,0,0,karnataka
251905,28715,Sirsi,13,Sirsi (Cmc) - Ward No.13,0,,0,0,,0,0,0,karnataka
251905,28716,Sirsi,14,Sirsi (Cmc) - Ward No.14,0,,0,0,,0,0,0,karnataka
251905,28717,Sirsi,15,Sirsi (Cmc) - Ward No.15,0,,0,0,,0,0,0,karnataka
251905,28718,Sirsi,16,Sirsi (Cmc) - Ward No.16,0,,0,0,,0,0,0,karnataka
251905,28719,Sirsi,17,Sirsi (Cmc) - Ward No.17,0,,0,0,,0,0,0,karnataka
251905,28720,Sirsi,18,Sirsi (Cmc) - Ward No.18,0,,0,0,,0,0,0,karnataka
251905,28721,Sirsi,19,Sirsi (Cmc) - Ward No.19,0,,0,0,,0,0,0,karnataka
251905,28704,Sirsi,2,Sirsi (Cmc) - Ward No.2,0,,0,0,,0,0,0,karnataka
251905,28722,Sirsi,20,Sirsi (Cmc) - Ward No.20,0,,0,0,,0,0,0,karnataka
251905,28723,Sirsi,21,Sirsi (Cmc) - Ward No.21,0,,0,0,,0,0,0,karnataka
251905,28724,Sirsi,22,Sirsi (Cmc) - Ward No.22,0,,0,0,,0,0,0,karnataka
251905,28725,Sirsi,23,Sirsi (Cmc) - Ward No.23,0,,0,0,,0,0,0,karnataka
251905,28726,Sirsi,24,Sirsi (Cmc) - Ward No.24,0,,0,0,,0,0,0,karnataka
251905,28727,Sirsi,25,Sirsi (Cmc) - Ward No.25,0,,0,0,,0,0,0,karnataka
251905,28728,Sirsi,26,Sirsi (Cmc) - Ward No.26,0,,0,0,,0,0,0,karnataka
251905,29930,Sirsi,27,Sirsi (Cmc) - Ward No.27,0,,0,0,,0,0,0,karnataka
251905,29931,Sirsi,28,Sirsi (Cmc) - Ward No.28,0,,0,0,,0,0,0,karnataka
251905,29932,Sirsi,29,Sirsi (Cmc) - Ward No.29,0,,0,0,,0,0,0,karnataka
251905,28705,Sirsi,3,Sirsi (Cmc) - Ward No.3,0,,0,0,,0,0,0,karnataka
251905,29933,Sirsi,30,Sirsi (Cmc) - Ward No.30,0,,0,0,,0,0,0,karnataka
251905,29934,Sirsi,31,Sirsi (Cmc) - Ward No.31,0,,0,0,,0,0,0,karnataka
251905,28706,Sirsi,4,Sirsi (Cmc) - Ward No.4,0,,0,0,,0,0,0,karnataka
251905,28707,Sirsi,5,Sirsi (Cmc) - Ward No.5,0,,0,0,,0,0,0,karnataka
251905,28708,Sirsi,6,Sirsi (Cmc) - Ward No.6,0,,0,0,,0,0,0,karnataka
251905,28709,Sirsi,7,Sirsi (Cmc) - Ward No.7,0,,0,0,,0,0,0,karnataka
251905,28710,Sirsi,8,Sirsi (Cmc) - Ward No.8,0,,0,0,,0,0,0,karnataka
251905,28711,Sirsi,9,Sirsi (Cmc) - Ward No.9,0,,0,0,,0,0,0,karnataka
251925,30475,Siruguppa,1,Siruguppa (TP) - Ward No.1,0,,0,0,,0,0,0,karnataka
251925,30484,Siruguppa,10,Siruguppa (TP) - Ward No.10,0,,0,0,,0,0,0,karnataka
251925,30485,Siruguppa,11,Siruguppa (TP) - Ward No.11,0,,0,0,,0,0,0,karnataka
251925,30486,Siruguppa,12,Siruguppa (TP) - Ward No.12,0,,0,0,,0,0,0,karnataka
251925,30487,Siruguppa,13,Siruguppa (TP) - Ward No.13,0,,0,0,,0,0,0,karnataka
251925,30488,Siruguppa,14,Siruguppa (TP) - Ward No.14,0,,0,0,,0,0,0,karnataka
251925,30489,Siruguppa,15,Siruguppa (TP) - Ward No.15,0,,0,0,,0,0,0,karnataka
251925,30490,Siruguppa,16,Siruguppa (TP) - Ward No.16,0,,0,0,,0,0,0,karnataka
251925,30491,Siruguppa,17,Siruguppa (TP) - Ward No.17,0,,0,0,,0,0,0,karnataka
251925,30492,Siruguppa,18,Siruguppa (TP) - Ward No.18,0,,0,0,,0,0,0,karnataka
251925,30493,Siruguppa,19,Siruguppa (TP) - Ward No.19,0,,0,0,,0,0,0,karnataka
251925,30476,Siruguppa,2,Siruguppa (TP) - Ward No.2,0,,0,0,,0,0,0,karnataka
251925,30494,Siruguppa,20,Siruguppa (TP) - Ward No.20,0,,0,0,,0,0,0,karnataka
251925,1864363,Siruguppa,21,Siruguppa (TP) - Ward No.21,0,,0,0,,0,0,0,karnataka
251925,1864364,Siruguppa,22,Siruguppa (TP) - Ward No.22,0,,0,0,,0,0,0,karnataka
251925,1864365,Siruguppa,23,Siruguppa (TP) - Ward No.23,0,,0,0,,0,0,0,karnataka
251925,1864366,Siruguppa,24,Siruguppa (TP) - Ward No.24,0,,0,0,,0,0,0,karnataka
251925,1864367,Siruguppa,25,Siruguppa (TP) - Ward No.25,0,,0,0,,0,0,0,karnataka
251925,1864368,Siruguppa,26,Siruguppa (TP) - Ward No.26,0,,0,0,,0,0,0,karnataka
251925,1864369,Siruguppa,27,Siruguppa (TP) - Ward No.27,0,,0,0,,0,0,0,karnataka
251925,1864370,Siruguppa,28,Siruguppa (TP) - Ward No.28,0,,0,0,,0,0,0,karnataka
251925,1864371,Siruguppa,29,Siruguppa (TP) - Ward No.29,0,,0,0,,0,0,0,karnataka
251925,30477,Siruguppa,3,Siruguppa (TP) - Ward No.3,0,,0,0,,0,0,0,karnataka
251925,1864372,Siruguppa,30,Siruguppa (TP) - Ward No.30,0,,0,0,,0,0,0,karnataka
251925,1864373,Siruguppa,31,Siruguppa (TP) - Ward No.31,0,,0,0,,0,0,0,karnataka
251925,30478,Siruguppa,4,Siruguppa (TP) - Ward No.4,0,,0,0,,0,0,0,karnataka
251925,30479,Siruguppa,5,Siruguppa (TP) - Ward No.5,0,,0,0,,0,0,0,karnataka
251925,30480,Siruguppa,6,Siruguppa (TP) - Ward No.6,0,,0,0,,0,0,0,karnataka
251925,30481,Siruguppa,7,Siruguppa (TP) - Ward No.7,0,,0,0,,0,0,0,karnataka
251925,30482,Siruguppa,8,Siruguppa (TP) - Ward No.8,0,,0,0,,0,0,0,karnataka
251925,30483,Siruguppa,9,Siruguppa (TP) - Ward No.9,0,,0,0,,0,0,0,karnataka
252029,65716,Someshwar,1,Someshwar (CT) - Ward No.1,0,,0,0,,0,0,0,karnataka
252029,3068750,Someshwar,10,ward No.10,0,,0,0,,0,0,0,karnataka
252029,3068751,Someshwar,11,ward No.11,0,,0,0,,0,0,0,karnataka
252029,3068752,Someshwar,12,ward No.12,0,,0,0,,0,0,0,karnataka
252029,3068753,Someshwar,13,ward No.13,0,,0,0,,0,0,0,karnataka
252029,3068754,Someshwar,14,ward No.14,0,,0,0,,0,0,0,karnataka
252029,3068755,Someshwar,15,ward No.15,0,,0,0,,0,0,0,karnataka
252029,3068756,Someshwar,16,ward No.16,0,,0,0,,0,0,0,karnataka
252029,3068757,Someshwar,17,ward No.17,0,,0,0,,0,0,0,karnataka
252029,3068758,Someshwar,18,ward No.18,0,,0,0,,0,0,0,karnataka
252029,3068759,Someshwar,19,ward No.19,0,,0,0,,0,0,0,karnataka
252029,3068742,Someshwar,2,ward No.2,0,,0,0,,0,0,0,karnataka
252029,3068760,Someshwar,20,ward No.20,0,,0,0,,0,0,0,karnataka
252029,3068761,Someshwar,21,ward No.21,0,,0,0,,0,0,0,karnataka
252029,3068762,Someshwar,22,ward No.22,0,,0,0,,0,0,0,karnataka
252029,3068763,Someshwar,23,ward No.23,0,,0,0,,0,0,0,karnataka
252029,3068743,Someshwar,3,ward No.3,0,,0,0,,0,0,0,karnataka
252029,3068744,Someshwar,4,ward No.4,0,,0,0,,0,0,0,karnataka
252029,3068745,Someshwar,5,ward No.5,0,,0,0,,0,0,0,karnataka
252029,3068746,Someshwar,6,ward No.6,0,,0,0,,0,0,0,karnataka
252029,3068747,Someshwar,7,ward No.7,0,,0,0,,0,0,0,karnataka
252029,3068748,Someshwar,8,ward No.8,0,,0,0,,0,0,0,karnataka
252029,3068749,Someshwar,9,ward No.9,0,,0,0,,0,0,0,karnataka
252038,28753,Somvarpet,1,Somvarpet (TP) - Ward No.1,0,,0,0,,0,0,0,karnataka
252038,28762,Somvarpet,10,Somvarpet (TP) - Ward No.10,0,,0,0,,0,0,0,karnataka
252038,28763,Somvarpet,11,Somvarpet (TP) - Ward No.11,0,,0,0,,0,0,0,karnataka
252038,28754,Somvarpet,2,Somvarpet (TP) - Ward No.2,0,,0,0,,0,0,0,karnataka
252038,28755,Somvarpet,3,Somvarpet (TP) - Ward No.3,0,,0,0,,0,0,0,karnataka
252038,28756,Somvarpet,4,Somvarpet (TP) - Ward No.4,0,,0,0,,0,0,0,karnataka
252038,28757,Somvarpet,5,Somvarpet (TP) - Ward No.5,0,,0,0,,0,0,0,karnataka
252038,28758,Somvarpet,6,Somvarpet (TP) - Ward No.6,0,,0,0,,0,0,0,karnataka
252038,28759,Somvarpet,7,Somvarpet (TP) - Ward No.7,0,,0,0,,0,0,0,karnataka
252038,28760,Somvarpet,8,Somvarpet (TP) - Ward No.8,0,,0,0,,0,0,0,karnataka
252038,28761,Somvarpet,9,Somvarpet (TP) - Ward No.9,0,,0,0,,0,0,0,karnataka
251946,61514,Sorab,1,Sorab (TP) - Ward No.1,0,,0,0,,0,0,0,karnataka
251946,61523,Sorab,10,Sorab (TP) - Ward No.10,0,,0,0,,0,0,0,karnataka
251946,61524,Sorab,11,Sorab (TP) - Ward No.11,0,,0,0,,0,0,0,karnataka
251946,61525,Sorab,12,Sorab (TP) - Ward No.12,0,,0,0,,0,0,0,karnataka
251946,61515,Sorab,2,Sorab (TP) - Ward No.2,0,,0,0,,0,0,0,karnataka
251946,61516,Sorab,3,Sorab (TP) - Ward No.3,0,,0,0,,0,0,0,karnataka
251946,61517,Sorab,4,Sorab (TP) - Ward No.4,0,,0,0,,0,0,0,karnataka
251946,61518,Sorab,5,Sorab (TP) - Ward No.5,0,,0,0,,0,0,0,karnataka
251946,61519,Sorab,6,Sorab (TP) - Ward No.6,0,,0,0,,0,0,0,karnataka
251946,61520,Sorab,7,Sorab (TP) - Ward No.7,0,,0,0,,0,0,0,karnataka
251946,61521,Sorab,8,Sorab (TP) - Ward No.8,0,,0,0,,0,0,0,karnataka
251946,61522,Sorab,9,Sorab (TP) - Ward No.9,0,,0,0,,0,0,0,karnataka
251946,3044506,Sorab,13,Ward 13,0,,0,0,,0,0,0,karnataka
251946,3044507,Sorab,14,Ward 14,0,,0,0,,0,0,0,karnataka
251946,3044508,Sorab,15,Ward 15,0,,0,0,,0,0,0,karnataka
251946,3044509,Sorab,16,Ward 16,0,,0,0,,0,0,0,karnataka
251946,3044510,Sorab,17,Ward 17,0,,0,0,,0,0,0,karnataka
251946,3044511,Sorab,18,Ward 18,0,,0,0,,0,0,0,karnataka
251946,3044512,Sorab,19,Ward 19,0,,0,0,,0,0,0,karnataka
251946,3044513,Sorab,20,Ward 20,0,,0,0,,0,0,0,karnataka
251946,3044514,Sorab,21,Ward 21,0,,0,0,,0,0,0,karnataka
251946,3044515,Sorab,22,Ward 22,0,,0,0,,0,0,0,karnataka
251946,3044516,Sorab,23,Ward 23,0,,0,0,,0,0,0,karnataka
251959,61571,Sringeri,1,Sringeri (TP) - Ward No.1,0,,0,0,,0,0,0,karnataka
251959,1885971,Sringeri,10,Sringeri (TP) - Ward No.10,0,,0,0,,0,0,0,karnataka
251959,1885972,Sringeri,11,Sringeri (TP) - Ward No.11,0,,0,0,,0,0,0,karnataka
251959,61572,Sringeri,2,Sringeri (TP) - Ward No.2,0,,0,0,,0,0,0,karnataka
251959,61573,Sringeri,3,Sringeri (TP) - Ward No.3,0,,0,0,,0,0,0,karnataka
251959,61574,Sringeri,4,Sringeri (TP) - Ward No.4,0,,0,0,,0,0,0,karnataka
251959,61575,Sringeri,5,Sringeri (TP) - Ward No.5,0,,0,0,,0,0,0,karnataka
251959,61576,Sringeri,6,Sringeri (TP) - Ward No.6,0,,0,0,,0,0,0,karnataka
251959,1885968,Sringeri,7,Sringeri (TP) - Ward No.7,0,,0,0,,0,0,0,karnataka
251959,1885969,Sringeri,8,Sringeri (TP) - Ward No.8,0,,0,0,,0,0,0,karnataka
251959,1885970,Sringeri,9,Sringeri (TP) - Ward No.9,0,,0,0,,0,0,0,karnataka
251984,25779,Srinivaspur,1,Srinivaspur (TP) - Ward No.1,0,,0,0,,0,0,0,karnataka
251984,25788,Srinivaspur,10,Srinivaspur (TP) - Ward No.10,0,,0,0,,0,0,0,karnataka
251984,25789,Srinivaspur,11,Srinivaspur (TP) - Ward No.11,0,,0,0,,0,0,0,karnataka
251984,25790,Srinivaspur,12,Srinivaspur (TP) - Ward No.12,0,,0,0,,0,0,0,karnataka
251984,25791,Srinivaspur,13,Srinivaspur (TP) - Ward No.13,0,,0,0,,0,0,0,karnataka
251984,25792,Srinivaspur,14,Srinivaspur (TP) - Ward No.14,0,,0,0,,0,0,0,karnataka
251984,25793,Srinivaspur,15,Srinivaspur (TP) - Ward No.15,0,,0,0,,0,0,0,karnataka
251984,25794,Srinivaspur,16,Srinivaspur (TP) - Ward No.16,0,,0,0,,0,0,0,karnataka
251984,25795,Srinivaspur,17,Srinivaspur (TP) - Ward No.17,0,,0,0,,0,0,0,karnataka
251984,1890486,Srinivaspur,18,Srinivaspur (TP) - Ward No. 18,0,,0,0,,0,0,0,karnataka
251984,1890487,Srinivaspur,19,Srinivaspur (TP) - Ward No. 19,0,,0,0,,0,0,0,karnataka
251984,25780,Srinivaspur,2,Srinivaspur (TP) - Ward No.2,0,,0,0,,0,0,0,karnataka
251984,1890488,Srinivaspur,20,Srinivaspur (TP) - Ward No. 20,0,,0,0,,0,0,0,karnataka
251984,1890489,Srinivaspur,21,Srinivaspur (TP) - Ward No. 21,0,,0,0,,0,0,0,karnataka
251984,1890490,Srinivaspur,22,Srinivaspur (TP) - Ward No. 22,0,,0,0,,0,0,0,karnataka
251984,1890491,Srinivaspur,23,Srinivaspur (TP) - Ward No. 23,0,,0,0,,0,0,0,karnataka
251984,25781,Srinivaspur,3,Srinivaspur (TP) - Ward No.3,0,,0,0,,0,0,0,karnataka
251984,25782,Srinivaspur,4,Srinivaspur (TP) - Ward No.4,0,,0,0,,0,0,0,karnataka
251984,25783,Srinivaspur,5,Srinivaspur (TP) - Ward No.5,0,,0,0,,0,0,0,karnataka
251984,25784,Srinivaspur,6,Srinivaspur (TP) - Ward No.6,0,,0,0,,0,0,0,karnataka
251984,25785,Srinivaspur,7,Srinivaspur (TP) - Ward No.7,0,,0,0,,0,0,0,karnataka
251984,25786,Srinivaspur,8,Srinivaspur (TP) - Ward No.8,0,,0,0,,0,0,0,karnataka
251984,25787,Srinivaspur,9,Srinivaspur (TP) - Ward No.9,0,,0,0,,0,0,0,karnataka
299325,3310286,Srirampura,1,ward 1,0,,0,0,,0,0,0,karnataka
299325,3310295,Srirampura,10,ward 10,0,,0,0,,0,0,0,karnataka
299325,3310296,Srirampura,11,ward 11,0,,0,0,,0,0,0,karnataka
299325,3310297,Srirampura,12,ward 12,0,,0,0,,0,0,0,karnataka
299325,3310298,Srirampura,13,ward 13,0,,0,0,,0,0,0,karnataka
299325,3310299,Srirampura,14,ward 14,0,,0,0,,0,0,0,karnataka
299325,3310300,Srirampura,15,ward 15,0,,0,0,,0,0,0,karnataka
299325,3310301,Srirampura,16,ward 16,0,,0,0,,0,0,0,karnataka
299325,3310302,Srirampura,17,ward 17,0,,0,0,,0,0,0,karnataka
299325,3310303,Srirampura,18,ward 18,0,,0,0,,0,0,0,karnataka
299325,3310304,Srirampura,19,ward 19,0,,0,0,,0,0,0,karnataka
299325,3310287,Srirampura,2,ward 2,0,,0,0,,0,0,0,karnataka
299325,3310288,Srirampura,3,ward 3,0,,0,0,,0,0,0,karnataka
299325,3310289,Srirampura,4,ward 4,0,,0,0,,0,0,0,karnataka
299325,3310290,Srirampura,5,ward 5,0,,0,0,,0,0,0,karnataka
299325,3310291,Srirampura,6,ward 6,0,,0,0,,0,0,0,karnataka
299325,3310292,Srirampura,7,ward 7,0,,0,0,,0,0,0,karnataka
299325,3310293,Srirampura,8,ward 8,0,,0,0,,0,0,0,karnataka
299325,3310294,Srirampura,9,ward 9,0,,0,0,,0,0,0,karnataka
252036,28432,Sulya,1,Sulya (TP) - Ward No.1,0,,0,0,,0,0,0,karnataka
252036,1887209,Sulya,10,Sulya (TP) - Ward No.10,0,,0,0,,0,0,0,karnataka
252036,1887210,Sulya,11,Sulya (TP) - Ward No.11,0,,0,0,,0,0,0,karnataka
252036,1887211,Sulya,12,Sulya (TP) - Ward No.12,0,,0,0,,0,0,0,karnataka
252036,1887212,Sulya,13,Sulya (TP) - Ward No.13,0,,0,0,,0,0,0,karnataka
252036,1887213,Sulya,14,Sulya (TP) - Ward No.14,0,,0,0,,0,0,0,karnataka
252036,1887214,Sulya,15,Sulya (TP) - Ward No.15,0,,0,0,,0,0,0,karnataka
252036,1887215,Sulya,16,Sulya (TP) - Ward No.16,0,,0,0,,0,0,0,karnataka
252036,1887216,Sulya,17,Sulya (TP) - Ward No.17,0,,0,0,,0,0,0,karnataka
252036,1887217,Sulya,18,Sulya (TP) - Ward No.18,0,,0,0,,0,0,0,karnataka
252036,1887218,Sulya,19,Sulya (TP) - Ward No.19,0,,0,0,,0,0,0,karnataka
252036,28433,Sulya,2,Sulya (TP) - Ward No.2,0,,0,0,,0,0,0,karnataka
252036,1887219,Sulya,20,Sulya (TP) - Ward No.20,0,,0,0,,0,0,0,karnataka
252036,28434,Sulya,3,Sulya (TP) - Ward No.3,0,,0,0,,0,0,0,karnataka
252036,28435,Sulya,4,Sulya (TP) - Ward No.4,0,,0,0,,0,0,0,karnataka
252036,28436,Sulya,5,Sulya (TP) - Ward No.5,0,,0,0,,0,0,0,karnataka
252036,28437,Sulya,6,Sulya (TP) - Ward No.6,0,,0,0,,0,0,0,karnataka
252036,28438,Sulya,7,Sulya (TP) - Ward No.7,0,,0,0,,0,0,0,karnataka
252036,28439,Sulya,8,Sulya (TP) - Ward No.8,0,,0,0,,0,0,0,karnataka
252036,28729,Sulya,9,Sulya (TP) - Ward No.9,0,,0,0,,0,0,0,karnataka
251859,63510,Surapur,1,Shorapur (TMC) - Ward No.1,0,,0,0,,0,0,0,karnataka
251859,63519,Surapur,10,Shorapur (TMC) - Ward No.10,0,,0,0,,0,0,0,karnataka
251859,63520,Surapur,11,Shorapur (TMC) - Ward No.11,0,,0,0,,0,0,0,karnataka
251859,63521,Surapur,12,Shorapur (TMC) - Ward No.12,0,,0,0,,0,0,0,karnataka
251859,63522,Surapur,13,Shorapur (TMC) - Ward No.13,0,,0,0,,0,0,0,karnataka
251859,63523,Surapur,14,Shorapur (TMC) - Ward No.14,0,,0,0,,0,0,0,karnataka
251859,63524,Surapur,15,Shorapur (TMC) - Ward No.15,0,,0,0,,0,0,0,karnataka
251859,63702,Surapur,16,Shorapur (TMC) - Ward No.16,0,,0,0,,0,0,0,karnataka
251859,63703,Surapur,17,Shorapur (TMC) - Ward No.17,0,,0,0,,0,0,0,karnataka
251859,63704,Surapur,18,Shorapur (TMC) - Ward No.18,0,,0,0,,0,0,0,karnataka
251859,63705,Surapur,19,Shorapur (TMC) - Ward No.19,0,,0,0,,0,0,0,karnataka
251859,63511,Surapur,2,Shorapur (TMC) - Ward No.2,0,,0,0,,0,0,0,karnataka
251859,63706,Surapur,20,Shorapur (TMC) - Ward No.20,0,,0,0,,0,0,0,karnataka
251859,63707,Surapur,21,Shorapur (TMC) - Ward No.21,0,,0,0,,0,0,0,karnataka
251859,63708,Surapur,22,Shorapur (TMC) - Ward No.22,0,,0,0,,0,0,0,karnataka
251859,63709,Surapur,23,Shorapur (TMC) - Ward No.23,0,,0,0,,0,0,0,karnataka
251859,63710,Surapur,24,Shorapur (TMC) - Ward No.24,0,,0,0,,0,0,0,karnataka
251859,1922776,Surapur,25,Shorapur (TMC) - Ward No.25,0,,0,0,,0,0,0,karnataka
251859,1922777,Surapur,26,Shorapur (TMC) - Ward No.26,0,,0,0,,0,0,0,karnataka
251859,1922778,Surapur,27,Shorapur (TMC) - Ward No.27,0,,0,0,,0,0,0,karnataka
251859,1922779,Surapur,28,Shorapur (TMC) - Ward No.28,0,,0,0,,0,0,0,karnataka
251859,1922780,Surapur,29,Shorapur (TMC) - Ward No.29,0,,0,0,,0,0,0,karnataka
251859,63512,Surapur,3,Shorapur (TMC) - Ward No.3,0,,0,0,,0,0,0,karnataka
251859,1922781,Surapur,30,Shorapur (TMC) - Ward No.30,0,,0,0,,0,0,0,karnataka
251859,1922782,Surapur,31,Shorapur (TMC) - Ward No.31,0,,0,0,,0,0,0,karnataka
251859,63513,Surapur,4,Shorapur (TMC) - Ward No.4,0,,0,0,,0,0,0,karnataka
251859,63514,Surapur,5,Shorapur (TMC) - Ward No.5,0,,0,0,,0,0,0,karnataka
251859,63515,Surapur,6,Shorapur (TMC) - Ward No.6,0,,0,0,,0,0,0,karnataka
251859,63516,Surapur,7,Shorapur (TMC) - Ward No.7,0,,0,0,,0,0,0,karnataka
251859,63517,Surapur,8,Shorapur (TMC) - Ward No.8,0,,0,0,,0,0,0,karnataka
251859,63518,Surapur,9,Shorapur (TMC) - Ward No.9,0,,0,0,,0,0,0,karnataka
251847,26399,Talikota,1,Talikota (TMC) - Ward No.1,0,,0,0,,0,0,0,karnataka
251847,26408,Talikota,10,Talikota (TMC) - Ward No.10,0,,0,0,,0,0,0,karnataka
251847,26409,Talikota,11,Talikota (TMC) - Ward No.11,0,,0,0,,0,0,0,karnataka
251847,26410,Talikota,12,Talikota (TMC) - Ward No.12,0,,0,0,,0,0,0,karnataka
251847,26411,Talikota,13,Talikota (TMC) - Ward No.13,0,,0,0,,0,0,0,karnataka
251847,26412,Talikota,14,Talikota (TMC) - Ward No.14,0,,0,0,,0,0,0,karnataka
251847,26413,Talikota,15,Talikota (TMC) - Ward No.15,0,,0,0,,0,0,0,karnataka
251847,26414,Talikota,16,Talikota (TMC) - Ward No.16,0,,0,0,,0,0,0,karnataka
251847,26415,Talikota,17,Talikota (TMC) - Ward No.17,0,,0,0,,0,0,0,karnataka
251847,26416,Talikota,18,Talikota (TMC) - Ward No.18,0,,0,0,,0,0,0,karnataka
251847,26417,Talikota,19,Talikota (TMC) - Ward No.19,0,,0,0,,0,0,0,karnataka
251847,26400,Talikota,2,Talikota (TMC) - Ward No.2,0,,0,0,,0,0,0,karnataka
251847,26418,Talikota,20,Talikota (TMC) - Ward No.20,0,,0,0,,0,0,0,karnataka
251847,26419,Talikota,21,Talikota (TMC) - Ward No.21,0,,0,0,,0,0,0,karnataka
251847,26420,Talikota,22,Talikota (TMC) - Ward No.22,0,,0,0,,0,0,0,karnataka
251847,26421,Talikota,23,Talikota (TMC) - Ward No.23,0,,0,0,,0,0,0,karnataka
251847,26401,Talikota,3,Talikota (TMC) - Ward No.3,0,,0,0,,0,0,0,karnataka
251847,26402,Talikota,4,Talikota (TMC) - Ward No.4,0,,0,0,,0,0,0,karnataka
251847,26403,Talikota,5,Talikota (TMC) - Ward No.5,0,,0,0,,0,0,0,karnataka
251847,26404,Talikota,6,Talikota (TMC) - Ward No.6,0,,0,0,,0,0,0,karnataka
251847,26405,Talikota,7,Talikota (TMC) - Ward No.7,0,,0,0,,0,0,0,karnataka
251847,26406,Talikota,8,Talikota (TMC) - Ward No.8,0,,0,0,,0,0,0,karnataka
251847,26407,Talikota,9,Talikota (TMC) - Ward No.9,0,,0,0,,0,0,0,karnataka
251962,2179089,Tarikere,21,Tarikere-21,0,,0,0,,0,0,0,karnataka
251962,2179090,Tarikere,22,Tarikere-22,0,,0,0,,0,0,0,karnataka
251962,31817,Tarikere,1,Tarikere (TP) - Ward No.1,0,,0,0,,0,0,0,karnataka
251962,32410,Tarikere,10,Tarikere (TP) - Ward No.10,0,,0,0,,0,0,0,karnataka
251962,32411,Tarikere,11,Tarikere (TP) - Ward No.11,0,,0,0,,0,0,0,karnataka
251962,32412,Tarikere,12,Tarikere (TP) - Ward No.12,0,,0,0,,0,0,0,karnataka
251962,32413,Tarikere,13,Tarikere (TP) - Ward No.13,0,,0,0,,0,0,0,karnataka
251962,32414,Tarikere,14,Tarikere (TP) - Ward No.14,0,,0,0,,0,0,0,karnataka
251962,32415,Tarikere,15,Tarikere (TP) - Ward No.15,0,,0,0,,0,0,0,karnataka
251962,32416,Tarikere,16,Tarikere (TP) - Ward No.16,0,,0,0,,0,0,0,karnataka
251962,32417,Tarikere,17,Tarikere (TP) - Ward No.17,0,,0,0,,0,0,0,karnataka
251962,32418,Tarikere,18,Tarikere (TP) - Ward No.18,0,,0,0,,0,0,0,karnataka
251962,32419,Tarikere,19,Tarikere (TP) - Ward No.19,0,,0,0,,0,0,0,karnataka
251962,31818,Tarikere,2,Tarikere (TP) - Ward No.2,0,,0,0,,0,0,0,karnataka
251962,32420,Tarikere,20,Tarikere (TP) - Ward No.20,0,,0,0,,0,0,0,karnataka
251962,31819,Tarikere,3,Tarikere (TP) - Ward No.3,0,,0,0,,0,0,0,karnataka
251962,31820,Tarikere,4,Tarikere (TP) - Ward No.4,0,,0,0,,0,0,0,karnataka
251962,31821,Tarikere,5,Tarikere (TP) - Ward No.5,0,,0,0,,0,0,0,karnataka
251962,32406,Tarikere,6,Tarikere (TP) - Ward No.6,0,,0,0,,0,0,0,karnataka
251962,32407,Tarikere,7,Tarikere (TP) - Ward No.7,0,,0,0,,0,0,0,karnataka
251962,32408,Tarikere,8,Tarikere (TP) - Ward No.8,0,,0,0,,0,0,0,karnataka
251962,32409,Tarikere,9,Tarikere (TP) - Ward No.9,0,,0,0,,0,0,0,karnataka
251962,2179091,Tarikere,23,Tarikrere-23,0,,0,0,,0,0,0,karnataka
276601,1296289,Tavaragera,1,Ward-1,543,Koppal,560,5465,Kushtagi,5465,0,0,karnataka
276601,1296289,Tavaragera,1,Ward-1,543,Koppal,560,5465,Kushtagi,5465,0,0,karnataka
276601,1296298,Tavaragera,10,Ward-10,543,Koppal,560,5465,Kushtagi,5465,0,0,karnataka
276601,1296298,Tavaragera,10,Ward-10,543,Koppal,560,5465,Kushtagi,5465,0,0,karnataka
276601,1296299,Tavaragera,11,Ward-11,543,Koppal,560,5465,Kushtagi,5465,0,0,karnataka
276601,1296299,Tavaragera,11,Ward-11,543,Koppal,560,5465,Kushtagi,5465,0,0,karnataka
276601,1296300,Tavaragera,12,Ward-12,0,,0,0,,0,928470,0,karnataka
276601,1296300,Tavaragera,12,Ward-12,0,,0,0,,0,928470,0,karnataka
276601,1296301,Tavaragera,13,Ward-13,0,,0,0,,0,928470,0,karnataka
276601,1296301,Tavaragera,13,Ward-13,0,,0,0,,0,928470,0,karnataka
276601,1296302,Tavaragera,14,Ward-14,543,Koppal,560,5465,Kushtagi,5465,0,0,karnataka
276601,1296302,Tavaragera,14,Ward-14,543,Koppal,560,5465,Kushtagi,5465,0,0,karnataka
276601,1296303,Tavaragera,15,Ward-15,543,Koppal,560,5465,Kushtagi,5465,0,0,karnataka
276601,1296303,Tavaragera,15,Ward-15,543,Koppal,560,5465,Kushtagi,5465,0,0,karnataka
276601,1296304,Tavaragera,16,Ward-16,0,,0,0,,0,928470,0,karnataka
276601,1296304,Tavaragera,16,Ward-16,0,,0,0,,0,928470,0,karnataka
276601,1296305,Tavaragera,17,Ward-17,0,,0,0,,0,928470,0,karnataka
276601,1296305,Tavaragera,17,Ward-17,0,,0,0,,0,928470,0,karnataka
276601,1296306,Tavaragera,18,Ward-18,543,Koppal,560,5465,Kushtagi,5465,0,0,karnataka
276601,1296306,Tavaragera,18,Ward-18,543,Koppal,560,5465,Kushtagi,5465,0,0,karnataka
276601,1296290,Tavaragera,2,Ward-2,0,,0,0,,0,928470,0,karnataka
276601,1296290,Tavaragera,2,Ward-2,0,,0,0,,0,928470,0,karnataka
276601,1296291,Tavaragera,3,Ward-3,543,Koppal,560,5465,Kushtagi,5465,0,0,karnataka
276601,1296291,Tavaragera,3,Ward-3,543,Koppal,560,5465,Kushtagi,5465,0,0,karnataka
276601,1296292,Tavaragera,4,Ward-4,0,,0,0,,0,928470,0,karnataka
276601,1296292,Tavaragera,4,Ward-4,0,,0,0,,0,928470,0,karnataka
276601,1296293,Tavaragera,5,Ward-5,0,,0,0,,0,0,0,karnataka
276601,1296294,Tavaragera,6,Ward-6,0,,0,0,,0,928470,0,karnataka
276601,1296294,Tavaragera,6,Ward-6,0,,0,0,,0,928470,0,karnataka
276601,1296295,Tavaragera,7,Ward-7,543,Koppal,560,5465,Kushtagi,5465,0,0,karnataka
276601,1296295,Tavaragera,7,Ward-7,543,Koppal,560,5465,Kushtagi,5465,0,0,karnataka
276601,1296296,Tavaragera,8,Ward-8,543,Koppal,560,5465,Kushtagi,5465,0,0,karnataka
276601,1296296,Tavaragera,8,Ward-8,543,Koppal,560,5465,Kushtagi,5465,0,0,karnataka
276601,1296297,Tavaragera,9,Ward-9,543,Koppal,560,5465,Kushtagi,5465,0,0,karnataka
276601,1296297,Tavaragera,9,Ward-9,543,Koppal,560,5465,Kushtagi,5465,0,0,karnataka
251926,30495,Tekkalakote,1,Tekkalakote (TP) - Ward No.1,0,,0,0,,0,0,0,karnataka
251926,30792,Tekkalakote,10,Tekkalakote (TP) - Ward No.10,0,,0,0,,0,0,0,karnataka
251926,30793,Tekkalakote,11,Tekkalakote (TP) - Ward No.11,0,,0,0,,0,0,0,karnataka
251926,30794,Tekkalakote,12,Tekkalakote (TP) - Ward No.12,0,,0,0,,0,0,0,karnataka
251926,30795,Tekkalakote,13,Tekkalakote (TP) - Ward No.13,0,,0,0,,0,0,0,karnataka
251926,30796,Tekkalakote,14,Tekkalakote (TP) - Ward No.14,0,,0,0,,0,0,0,karnataka
251926,30797,Tekkalakote,15,Tekkalakote (TP) - Ward No.15,0,,0,0,,0,0,0,karnataka
251926,30798,Tekkalakote,16,Tekkalakote (TP) - Ward No.16,0,,0,0,,0,0,0,karnataka
251926,30799,Tekkalakote,17,Tekkalakote (TP) - Ward No.17,0,,0,0,,0,0,0,karnataka
251926,30800,Tekkalakote,18,Tekkalakote (TP) - Ward No.18,0,,0,0,,0,0,0,karnataka
251926,30801,Tekkalakote,19,Tekkalakote (TP) - Ward No.19,0,,0,0,,0,0,0,karnataka
251926,30496,Tekkalakote,2,Tekkalakote (TP) - Ward No.2,0,,0,0,,0,0,0,karnataka
251926,1724566,Tekkalakote,20,Tekkalakote (TP) - Ward No. 20,0,,0,0,,0,0,0,karnataka
251926,30497,Tekkalakote,3,Tekkalakote (TP) - Ward No.3,0,,0,0,,0,0,0,karnataka
251926,30498,Tekkalakote,4,Tekkalakote (TP) - Ward No.4,0,,0,0,,0,0,0,karnataka
251926,30499,Tekkalakote,5,Tekkalakote (TP) - Ward No.5,0,,0,0,,0,0,0,karnataka
251926,30500,Tekkalakote,6,Tekkalakote (TP) - Ward No.6,0,,0,0,,0,0,0,karnataka
251926,30501,Tekkalakote,7,Tekkalakote (TP) - Ward No.7,0,,0,0,,0,0,0,karnataka
251926,30502,Tekkalakote,8,Tekkalakote (TP) - Ward No.8,0,,0,0,,0,0,0,karnataka
251926,30791,Tekkalakote,9,Tekkalakote (TP) - Ward No.9,0,,0,0,,0,0,0,karnataka
251831,25908,Terdal,1,Terdal (TP) - Ward No.1,0,,0,0,,0,0,0,karnataka
251831,25917,Terdal,10,Terdal (TP) - Ward No.10,0,,0,0,,0,0,0,karnataka
251831,25918,Terdal,11,Terdal (TP) - Ward No.11,0,,0,0,,0,0,0,karnataka
251831,25919,Terdal,12,Terdal (TP) - Ward No.12,0,,0,0,,0,0,0,karnataka
251831,25920,Terdal,13,Terdal (TP) - Ward No.13,0,,0,0,,0,0,0,karnataka
251831,25921,Terdal,14,Terdal (TP) - Ward No.14,0,,0,0,,0,0,0,karnataka
251831,25922,Terdal,15,Terdal (TP) - Ward No.15,0,,0,0,,0,0,0,karnataka
251831,25923,Terdal,16,Terdal (TP) - Ward No.16,0,,0,0,,0,0,0,karnataka
251831,25924,Terdal,17,Terdal (TP) - Ward No.17,0,,0,0,,0,0,0,karnataka
251831,25925,Terdal,18,Terdal (TP) - Ward No.18,0,,0,0,,0,0,0,karnataka
251831,25926,Terdal,19,Terdal (TP) - Ward No.19,0,,0,0,,0,0,0,karnataka
251831,25909,Terdal,2,Terdal (TP) - Ward No.2,0,,0,0,,0,0,0,karnataka
251831,25927,Terdal,20,Terdal (TP) - Ward No.20,0,,0,0,,0,0,0,karnataka
251831,1709481,Terdal,21,Terdal (TP) - Ward No 21,0,,0,0,,0,0,0,karnataka
251831,1709482,Terdal,22,Terdal (TP) - Ward No 22,0,,0,0,,0,0,0,karnataka
251831,1709483,Terdal,23,Terdal (TP) - Ward No 23,0,,0,0,,0,0,0,karnataka
251831,25910,Terdal,3,Terdal (TP) - Ward No.3,0,,0,0,,0,0,0,karnataka
251831,25911,Terdal,4,Terdal (TP) - Ward No.4,0,,0,0,,0,0,0,karnataka
251831,25912,Terdal,5,Terdal (TP) - Ward No.5,0,,0,0,,0,0,0,karnataka
251831,25913,Terdal,6,Terdal (TP) - Ward No.6,0,,0,0,,0,0,0,karnataka
251831,25914,Terdal,7,Terdal (TP) - Ward No.7,0,,0,0,,0,0,0,karnataka
251831,25915,Terdal,8,Terdal (TP) - Ward No.8,0,,0,0,,0,0,0,karnataka
251831,25916,Terdal,9,Terdal (TP) - Ward No.9,0,,0,0,,0,0,0,karnataka
297131,2440196,Tikota,1,Ward-1,0,,0,0,,0,0,0,karnataka
297131,2440205,Tikota,10,Ward-10,0,,0,0,,0,0,0,karnataka
297131,2440206,Tikota,11,Ward-11,0,,0,0,,0,0,0,karnataka
297131,2440197,Tikota,2,Ward-2,0,,0,0,,0,0,0,karnataka
297131,2440198,Tikota,3,Ward-3,0,,0,0,,0,0,0,karnataka
297131,2440199,Tikota,4,Ward-4,0,,0,0,,0,0,0,karnataka
297131,2440200,Tikota,5,Ward-5,0,,0,0,,0,0,0,karnataka
297131,2440201,Tikota,6,Ward-6,0,,0,0,,0,0,0,karnataka
297131,2440202,Tikota,7,Ward-7,0,,0,0,,0,0,0,karnataka
297131,2440203,Tikota,8,Ward-8,0,,0,0,,0,0,0,karnataka
297131,2440204,Tikota,9,Ward-9,0,,0,0,,0,0,0,karnataka
251975,64918,Tiptur,1,Tiptur (TMC) - Ward No.1,0,,0,0,,0,0,0,karnataka
251975,64927,Tiptur,10,Tiptur (TMC) - Ward No.10,0,,0,0,,0,0,0,karnataka
251975,64928,Tiptur,11,Tiptur (TMC) - Ward No.11,0,,0,0,,0,0,0,karnataka
251975,64929,Tiptur,12,Tiptur (TMC) - Ward No.12,0,,0,0,,0,0,0,karnataka
251975,64930,Tiptur,13,Tiptur (TMC) - Ward No.13,0,,0,0,,0,0,0,karnataka
251975,64931,Tiptur,14,Tiptur (TMC) - Ward No.14,0,,0,0,,0,0,0,karnataka
251975,64932,Tiptur,15,Tiptur (TMC) - Ward No.15,0,,0,0,,0,0,0,karnataka
251975,64933,Tiptur,16,Tiptur (TMC) - Ward No.16,0,,0,0,,0,0,0,karnataka
251975,64934,Tiptur,17,Tiptur (TMC) - Ward No.17,0,,0,0,,0,0,0,karnataka
251975,64935,Tiptur,18,Tiptur (TMC) - Ward No.18,0,,0,0,,0,0,0,karnataka
251975,64936,Tiptur,19,Tiptur (TMC) - Ward No.19,0,,0,0,,0,0,0,karnataka
251975,64919,Tiptur,2,Tiptur (TMC) - Ward No.2,0,,0,0,,0,0,0,karnataka
251975,64937,Tiptur,20,Tiptur (TMC) - Ward No.20,0,,0,0,,0,0,0,karnataka
251975,64938,Tiptur,21,Tiptur (TMC) - Ward No.21,0,,0,0,,0,0,0,karnataka
251975,64939,Tiptur,22,Tiptur (TMC) - Ward No.22,0,,0,0,,0,0,0,karnataka
251975,64940,Tiptur,23,Tiptur (TMC) - Ward No.23,0,,0,0,,0,0,0,karnataka
251975,64941,Tiptur,24,Tiptur (TMC) - Ward No.24,0,,0,0,,0,0,0,karnataka
251975,64942,Tiptur,25,Tiptur (TMC) - Ward No.25,0,,0,0,,0,0,0,karnataka
251975,64943,Tiptur,26,Tiptur (TMC) - Ward No.26,0,,0,0,,0,0,0,karnataka
251975,64944,Tiptur,27,Tiptur (TMC) - Ward No.27,0,,0,0,,0,0,0,karnataka
251975,2146696,Tiptur,28,Tiptur (TMC) - Ward No.28,0,,0,0,,0,0,0,karnataka
251975,2146697,Tiptur,29,Tiptur (TMC) - Ward No.29,0,,0,0,,0,0,0,karnataka
251975,64920,Tiptur,3,Tiptur (TMC) - Ward No.3,0,,0,0,,0,0,0,karnataka
251975,2146698,Tiptur,30,Tiptur (TMC) - Ward No.30,0,,0,0,,0,0,0,karnataka
251975,2146699,Tiptur,31,Tiptur (TMC) - Ward No.31,0,,0,0,,0,0,0,karnataka
251975,64921,Tiptur,4,Tiptur (TMC) - Ward No.4,0,,0,0,,0,0,0,karnataka
251975,64922,Tiptur,5,Tiptur (TMC) - Ward No.5,0,,0,0,,0,0,0,karnataka
251975,64923,Tiptur,6,Tiptur (TMC) - Ward No.6,0,,0,0,,0,0,0,karnataka
251975,64924,Tiptur,7,Tiptur (TMC) - Ward No.7,0,,0,0,,0,0,0,karnataka
251975,64925,Tiptur,8,Tiptur (TMC) - Ward No.8,0,,0,0,,0,0,0,karnataka
251975,64926,Tiptur,9,Tiptur (TMC) - Ward No.9,0,,0,0,,0,0,0,karnataka
251950,31323,Tirthahalli,1,Tirthahalli (TP) - Ward No.1,0,,0,0,,0,0,0,karnataka
251950,31332,Tirthahalli,10,Tirthahalli (TP) - Ward No.10,0,,0,0,,0,0,0,karnataka
251950,31333,Tirthahalli,11,Tirthahalli (TP) - Ward No.11,0,,0,0,,0,0,0,karnataka
251950,31334,Tirthahalli,12,Tirthahalli (TP) - Ward No.12,0,,0,0,,0,0,0,karnataka
251950,31335,Tirthahalli,13,Tirthahalli (TP) - Ward No.13,0,,0,0,,0,0,0,karnataka
251950,31336,Tirthahalli,14,Tirthahalli (TP) - Ward No.14,0,,0,0,,0,0,0,karnataka
251950,1921738,Tirthahalli,15,Tirthahalli (TP) - Ward No.15,0,,0,0,,0,0,0,karnataka
251950,31324,Tirthahalli,2,Tirthahalli (TP) - Ward No.2,0,,0,0,,0,0,0,karnataka
251950,31325,Tirthahalli,3,Tirthahalli (TP) - Ward No.3,0,,0,0,,0,0,0,karnataka
251950,31326,Tirthahalli,4,Tirthahalli (TP) - Ward No.4,0,,0,0,,0,0,0,karnataka
251950,31327,Tirthahalli,5,Tirthahalli (TP) - Ward No.5,0,,0,0,,0,0,0,karnataka
251950,31328,Tirthahalli,6,Tirthahalli (TP) - Ward No.6,0,,0,0,,0,0,0,karnataka
251950,31329,Tirthahalli,7,Tirthahalli (TP) - Ward No.7,0,,0,0,,0,0,0,karnataka
251950,31330,Tirthahalli,8,Tirthahalli (TP) - Ward No.8,0,,0,0,,0,0,0,karnataka
251950,31331,Tirthahalli,9,Tirthahalli (TP) - Ward No.9,0,,0,0,,0,0,0,karnataka
252052,29094,Tirumakudal - Narsipur,1,Tirumakudal - Narsipur (TP) - Ward No.1,0,,0,0,,0,0,0,karnataka
252052,29103,Tirumakudal - Narsipur,10,Tirumakudal - Narsipur (TP) - Ward No.10,0,,0,0,,0,0,0,karnataka
252052,29104,Tirumakudal - Narsipur,11,Tirumakudal - Narsipur (TP) - Ward No.11,0,,0,0,,0,0,0,karnataka
252052,1920850,Tirumakudal - Narsipur,12,Tirumakudal - Narsipur (TP) - Ward No. 12,0,,0,0,,0,0,0,karnataka
252052,1920851,Tirumakudal - Narsipur,13,Tirumakudal - Narsipur (TP) - Ward No.13,0,,0,0,,0,0,0,karnataka
252052,1920852,Tirumakudal - Narsipur,14,Tirumakudal - Narsipur (TP) - Ward No.14,0,,0,0,,0,0,0,karnataka
252052,1920853,Tirumakudal - Narsipur,15,Tirumakudal - Narsipur (TP) - Ward No.15,0,,0,0,,0,0,0,karnataka
252052,1920854,Tirumakudal - Narsipur,16,Tirumakudal - Narsipur (TP) - Ward No.16,0,,0,0,,0,0,0,karnataka
252052,1920855,Tirumakudal - Narsipur,17,Tirumakudal - Narsipur (TP) - Ward No.17,0,,0,0,,0,0,0,karnataka
252052,1920856,Tirumakudal - Narsipur,18,Tirumakudal - Narsipur (TP) - Ward No.18,0,,0,0,,0,0,0,karnataka
252052,1920857,Tirumakudal - Narsipur,19,Tirumakudal - Narsipur (TP) - Ward No.19,0,,0,0,,0,0,0,karnataka
252052,29095,Tirumakudal - Narsipur,2,Tirumakudal - Narsipur (TP) - Ward No.2,0,,0,0,,0,0,0,karnataka
252052,1920858,Tirumakudal - Narsipur,20,Tirumakudal - Narsipur (TP) - Ward No.20,0,,0,0,,0,0,0,karnataka
252052,1920859,Tirumakudal - Narsipur,21,Tirumakudal - Narsipur (TP) - Ward No.21,0,,0,0,,0,0,0,karnataka
252052,1920860,Tirumakudal - Narsipur,22,Tirumakudal - Narsipur (TP) - Ward No.22,0,,0,0,,0,0,0,karnataka
252052,1920861,Tirumakudal - Narsipur,23,Tirumakudal - Narsipur (TP) - Ward No.23,0,,0,0,,0,0,0,karnataka
252052,29096,Tirumakudal - Narsipur,3,Tirumakudal - Narsipur (TP) - Ward No.3,0,,0,0,,0,0,0,karnataka
252052,29097,Tirumakudal - Narsipur,4,Tirumakudal - Narsipur (TP) - Ward No.4,0,,0,0,,0,0,0,karnataka
252052,29098,Tirumakudal - Narsipur,5,Tirumakudal - Narsipur (TP) - Ward No.5,0,,0,0,,0,0,0,karnataka
252052,29099,Tirumakudal - Narsipur,6,Tirumakudal - Narsipur (TP) - Ward No.6,0,,0,0,,0,0,0,karnataka
252052,29100,Tirumakudal - Narsipur,7,Tirumakudal - Narsipur (TP) - Ward No.7,0,,0,0,,0,0,0,karnataka
252052,29101,Tirumakudal - Narsipur,8,Tirumakudal - Narsipur (TP) - Ward No.8,0,,0,0,,0,0,0,karnataka
252052,29102,Tirumakudal - Narsipur,9,Tirumakudal - Narsipur (TP) - Ward No.9,0,,0,0,,0,0,0,karnataka
251973,64883,Tumakuru,1,Tumkur (Cmc) - Ward No.1,0,,0,0,,0,0,0,karnataka
251973,64892,Tumakuru,10,Tumkur (Cmc) - Ward No.10,0,,0,0,,0,0,0,karnataka
251973,64893,Tumakuru,11,Tumkur (Cmc) - Ward No.11,0,,0,0,,0,0,0,karnataka
251973,64894,Tumakuru,12,Tumkur (Cmc) - Ward No.12,0,,0,0,,0,0,0,karnataka
251973,64895,Tumakuru,13,Tumkur (Cmc) - Ward No.13,0,,0,0,,0,0,0,karnataka
251973,64896,Tumakuru,14,Tumkur (Cmc) - Ward No.14,0,,0,0,,0,0,0,karnataka
251973,64897,Tumakuru,15,Tumkur (Cmc) - Ward No.15,0,,0,0,,0,0,0,karnataka
251973,64898,Tumakuru,16,Tumkur (Cmc) - Ward No.16,0,,0,0,,0,0,0,karnataka
251973,64899,Tumakuru,17,Tumkur (Cmc) - Ward No.17,0,,0,0,,0,0,0,karnataka
251973,64900,Tumakuru,18,Tumkur (Cmc) - Ward No.18,0,,0,0,,0,0,0,karnataka
251973,64901,Tumakuru,19,Tumkur (Cmc) - Ward No.19,0,,0,0,,0,0,0,karnataka
251973,64884,Tumakuru,2,Tumkur (Cmc) - Ward No.2,0,,0,0,,0,0,0,karnataka
251973,64902,Tumakuru,20,Tumkur (Cmc) - Ward No.20,0,,0,0,,0,0,0,karnataka
251973,64903,Tumakuru,21,Tumkur (Cmc) - Ward No.21,0,,0,0,,0,0,0,karnataka
251973,64904,Tumakuru,22,Tumkur (Cmc) - Ward No.22,0,,0,0,,0,0,0,karnataka
251973,64905,Tumakuru,23,Tumkur (Cmc) - Ward No.23,0,,0,0,,0,0,0,karnataka
251973,64906,Tumakuru,24,Tumkur (Cmc) - Ward No.24,0,,0,0,,0,0,0,karnataka
251973,64907,Tumakuru,25,Tumkur (Cmc) - Ward No.25,0,,0,0,,0,0,0,karnataka
251973,64908,Tumakuru,26,Tumkur (Cmc) - Ward No.26,0,,0,0,,0,0,0,karnataka
251973,64909,Tumakuru,27,Tumkur (Cmc) - Ward No.27,0,,0,0,,0,0,0,karnataka
251973,64910,Tumakuru,28,Tumkur (Cmc) - Ward No.28,0,,0,0,,0,0,0,karnataka
251973,64911,Tumakuru,29,Tumkur (Cmc) - Ward No.29,0,,0,0,,0,0,0,karnataka
251973,64885,Tumakuru,3,Tumkur (Cmc) - Ward No.3,0,,0,0,,0,0,0,karnataka
251973,64912,Tumakuru,30,Tumkur (Cmc) - Ward No.30,0,,0,0,,0,0,0,karnataka
251973,64913,Tumakuru,31,Tumkur (Cmc) - Ward No.31,0,,0,0,,0,0,0,karnataka
251973,64914,Tumakuru,32,Tumkur (Cmc) - Ward No.32,0,,0,0,,0,0,0,karnataka
251973,64915,Tumakuru,33,Tumkur (Cmc) - Ward No.33,0,,0,0,,0,0,0,karnataka
251973,64916,Tumakuru,34,Tumkur (Cmc) - Ward No.34,0,,0,0,,0,0,0,karnataka
251973,64917,Tumakuru,35,Tumkur (Cmc) - Ward No.35,0,,0,0,,0,0,0,karnataka
251973,64886,Tumakuru,4,Tumkur (Cmc) - Ward No.4,0,,0,0,,0,0,0,karnataka
251973,64887,Tumakuru,5,Tumkur (Cmc) - Ward No.5,0,,0,0,,0,0,0,karnataka
251973,64888,Tumakuru,6,Tumkur (Cmc) - Ward No.6,0,,0,0,,0,0,0,karnataka
251973,64889,Tumakuru,7,Tumkur (Cmc) - Ward No.7,0,,0,0,,0,0,0,karnataka
251973,64890,Tumakuru,8,Tumkur (Cmc) - Ward No.8,0,,0,0,,0,0,0,karnataka
251973,64891,Tumakuru,9,Tumkur (Cmc) - Ward No.9,0,,0,0,,0,0,0,karnataka
251976,25424,Turuvekere,1,Turuvekere (TP) - Ward No.1,0,,0,0,,0,0,0,karnataka
251976,25433,Turuvekere,10,Turuvekere (TP) - Ward No.10,0,,0,0,,0,0,0,karnataka
251976,25434,Turuvekere,11,Turuvekere (TP) - Ward No.11,0,,0,0,,0,0,0,karnataka
251976,25435,Turuvekere,12,Turuvekere (TP) - Ward No.12,0,,0,0,,0,0,0,karnataka
251976,1922035,Turuvekere,13,Turuvekere (TP) - Ward No.13,0,,0,0,,0,0,0,karnataka
251976,1922036,Turuvekere,14,Turuvekere (TP) - Ward No.14,0,,0,0,,0,0,0,karnataka
251976,25425,Turuvekere,2,Turuvekere (TP) - Ward No.2,0,,0,0,,0,0,0,karnataka
251976,25426,Turuvekere,3,Turuvekere (TP) - Ward No.3,0,,0,0,,0,0,0,karnataka
251976,25427,Turuvekere,4,Turuvekere (TP) - Ward No.4,0,,0,0,,0,0,0,karnataka
251976,25428,Turuvekere,5,Turuvekere (TP) - Ward No.5,0,,0,0,,0,0,0,karnataka
251976,25429,Turuvekere,6,Turuvekere (TP) - Ward No.6,0,,0,0,,0,0,0,karnataka
251976,25430,Turuvekere,7,Turuvekere (TP) - Ward No.7,0,,0,0,,0,0,0,karnataka
251976,25431,Turuvekere,8,Turuvekere (TP) - Ward No.8,0,,0,0,,0,0,0,karnataka
251976,25432,Turuvekere,9,Turuvekere (TP) - Ward No.9,0,,0,0,,0,0,0,karnataka
276524,1293523,Turvihal,1,Ward-1,546,Raichur,559,5463,Sindhnur,5463,0,0,karnataka
276524,1293523,Turvihal,1,Ward-1,546,Raichur,559,5463,Sindhnur,5463,0,0,karnataka
276524,1293532,Turvihal,10,Ward-10,546,Raichur,559,5463,Sindhnur,5463,0,0,karnataka
276524,1293532,Turvihal,10,Ward-10,546,Raichur,559,5463,Sindhnur,5463,0,0,karnataka
276524,1293533,Turvihal,11,Ward-11,546,Raichur,559,5463,Sindhnur,5463,0,0,karnataka
276524,1293533,Turvihal,11,Ward-11,546,Raichur,559,5463,Sindhnur,5463,0,0,karnataka
276524,1293534,Turvihal,12,Ward-12,0,,0,0,,0,928658,0,karnataka
276524,1293534,Turvihal,12,Ward-12,0,,0,0,,0,928658,0,karnataka
276524,1293535,Turvihal,13,Ward-13,0,,0,0,,0,928658,0,karnataka
276524,1293535,Turvihal,13,Ward-13,0,,0,0,,0,928658,0,karnataka
276524,1293536,Turvihal,14,Ward-14,546,Raichur,559,5463,Sindhnur,5463,0,0,karnataka
276524,1293536,Turvihal,14,Ward-14,546,Raichur,559,5463,Sindhnur,5463,0,0,karnataka
276524,1293524,Turvihal,2,Ward-2,546,Raichur,559,5463,Sindhnur,5463,0,0,karnataka
276524,1293524,Turvihal,2,Ward-2,546,Raichur,559,5463,Sindhnur,5463,0,0,karnataka
276524,1293525,Turvihal,3,Ward-3,546,Raichur,559,5463,Sindhnur,5463,0,0,karnataka
276524,1293525,Turvihal,3,Ward-3,546,Raichur,559,5463,Sindhnur,5463,0,0,karnataka
276524,1293526,Turvihal,4,Ward-4,546,Raichur,559,5463,Sindhnur,5463,0,0,karnataka
276524,1293526,Turvihal,4,Ward-4,546,Raichur,559,5463,Sindhnur,5463,0,0,karnataka
276524,1293527,Turvihal,5,Ward-5,0,,0,0,,0,928658,0,karnataka
276524,1293527,Turvihal,5,Ward-5,0,,0,0,,0,928658,0,karnataka
276524,1293528,Turvihal,6,Ward-6,546,Raichur,559,5463,Sindhnur,5463,0,0,karnataka
276524,1293528,Turvihal,6,Ward-6,546,Raichur,559,5463,Sindhnur,5463,0,0,karnataka
276524,1293529,Turvihal,7,Ward-7,0,,0,0,,0,928658,0,karnataka
276524,1293529,Turvihal,7,Ward-7,0,,0,0,,0,928658,0,karnataka
276524,1293530,Turvihal,8,Ward-8,0,,0,0,,0,928658,0,karnataka
276524,1293530,Turvihal,8,Ward-8,0,,0,0,,0,928658,0,karnataka
276524,1293531,Turvihal,9,Ward-9,0,,0,0,,0,928658,0,karnataka
276524,1293531,Turvihal,9,Ward-9,0,,0,0,,0,928658,0,karnataka
251955,31747,Udupi,1,Udupi (Cmc) - Ward No.1,0,,0,0,,0,0,0,karnataka
251955,31756,Udupi,10,Udupi (Cmc) - Ward No.10,0,,0,0,,0,0,0,karnataka
251955,31757,Udupi,11,Udupi (Cmc) - Ward No.11,0,,0,0,,0,0,0,karnataka
251955,31758,Udupi,12,Udupi (Cmc) - Ward No.12,0,,0,0,,0,0,0,karnataka
251955,31759,Udupi,13,Udupi (Cmc) - Ward No.13,0,,0,0,,0,0,0,karnataka
251955,31760,Udupi,14,Udupi (Cmc) - Ward No.14,0,,0,0,,0,0,0,karnataka
251955,31761,Udupi,15,Udupi (Cmc) - Ward No.15,0,,0,0,,0,0,0,karnataka
251955,31762,Udupi,16,Udupi (Cmc) - Ward No.16,0,,0,0,,0,0,0,karnataka
251955,31763,Udupi,17,Udupi (Cmc) - Ward No.17,0,,0,0,,0,0,0,karnataka
251955,31764,Udupi,18,Udupi (Cmc) - Ward No.18,0,,0,0,,0,0,0,karnataka
251955,31765,Udupi,19,Udupi (Cmc) - Ward No.19,0,,0,0,,0,0,0,karnataka
251955,31748,Udupi,2,Udupi (Cmc) - Ward No.2,0,,0,0,,0,0,0,karnataka
251955,31766,Udupi,20,Udupi (Cmc) - Ward No.20,0,,0,0,,0,0,0,karnataka
251955,31767,Udupi,21,Udupi (Cmc) - Ward No.21,0,,0,0,,0,0,0,karnataka
251955,31768,Udupi,22,Udupi (Cmc) - Ward No.22,0,,0,0,,0,0,0,karnataka
251955,31769,Udupi,23,Udupi (Cmc) - Ward No.23,0,,0,0,,0,0,0,karnataka
251955,31770,Udupi,24,Udupi (Cmc) - Ward No.24,0,,0,0,,0,0,0,karnataka
251955,31771,Udupi,25,Udupi (Cmc) - Ward No.25,0,,0,0,,0,0,0,karnataka
251955,31772,Udupi,26,Udupi (Cmc) - Ward No.26,0,,0,0,,0,0,0,karnataka
251955,31773,Udupi,27,Udupi (Cmc) - Ward No.27,0,,0,0,,0,0,0,karnataka
251955,31774,Udupi,28,Udupi (Cmc) - Ward No.28,0,,0,0,,0,0,0,karnataka
251955,31775,Udupi,29,Udupi (Cmc) - Ward No.29,0,,0,0,,0,0,0,karnataka
251955,31749,Udupi,3,Udupi (Cmc) - Ward No.3,0,,0,0,,0,0,0,karnataka
251955,31776,Udupi,30,Udupi (Cmc) - Ward No.30,0,,0,0,,0,0,0,karnataka
251955,31777,Udupi,31,Udupi (Cmc) - Ward No.31,0,,0,0,,0,0,0,karnataka
251955,31778,Udupi,32,Udupi (Cmc) - Ward No.32,0,,0,0,,0,0,0,karnataka
251955,31779,Udupi,33,Udupi (Cmc) - Ward No.33,0,,0,0,,0,0,0,karnataka
251955,31780,Udupi,34,Udupi (Cmc) - Ward No.34,0,,0,0,,0,0,0,karnataka
251955,31781,Udupi,35,Udupi (Cmc) - Ward No.35,0,,0,0,,0,0,0,karnataka
251955,31750,Udupi,4,Udupi (Cmc) - Ward No.4,0,,0,0,,0,0,0,karnataka
251955,31751,Udupi,5,Udupi (Cmc) - Ward No.5,0,,0,0,,0,0,0,karnataka
251955,31752,Udupi,6,Udupi (Cmc) - Ward No.6,0,,0,0,,0,0,0,karnataka
251955,31753,Udupi,7,Udupi (Cmc) - Ward No.7,0,,0,0,,0,0,0,karnataka
251955,31754,Udupi,8,Udupi (Cmc) - Ward No.8,0,,0,0,,0,0,0,karnataka
251955,31755,Udupi,9,Udupi (Cmc) - Ward No.9,0,,0,0,,0,0,0,karnataka
276565,1296088,Ugar Khurda,18,Badage Plot,0,,0,0,,0,929130,0,karnataka
276565,1296088,Ugar Khurda,18,Badage Plot,0,,0,0,,0,929130,0,karnataka
276565,1296076,Ugar Khurda,6,Chambar Galli,527,Belagavi,555,5434,Athni,5434,0,0,karnataka
276565,1296076,Ugar Khurda,6,Chambar Galli,527,Belagavi,555,5434,Athni,5434,0,0,karnataka
276565,1296074,Ugar Khurda,4,Chavadi Galli,0,,0,0,,0,929130,0,karnataka
276565,1296074,Ugar Khurda,4,Chavadi Galli,0,,0,0,,0,929130,0,karnataka
276565,1296084,Ugar Khurda,14,Ganesh Nagar,527,Belagavi,555,5434,Athni,5434,0,0,karnataka
276565,1296084,Ugar Khurda,14,Ganesh Nagar,527,Belagavi,555,5434,Athni,5434,0,0,karnataka
276565,1296073,Ugar Khurda,3,G Quater North Side,527,Belagavi,555,5434,Athni,5434,0,0,karnataka
276565,1296073,Ugar Khurda,3,G Quater North Side,527,Belagavi,555,5434,Athni,5434,0,0,karnataka
276565,1296072,Ugar Khurda,2,G Quater South Side,0,,0,0,,0,929130,0,karnataka
276565,1296072,Ugar Khurda,2,G Quater South Side,0,,0,0,,0,929130,0,karnataka
276565,1296092,Ugar Khurda,22,Halawai Galli,0,,0,0,,0,929130,0,karnataka
276565,1296092,Ugar Khurda,22,Halawai Galli,0,,0,0,,0,929130,0,karnataka
276565,1296093,Ugar Khurda,23,Haragapure Galli,0,,0,0,,0,929130,0,karnataka
276565,1296093,Ugar Khurda,23,Haragapure Galli,0,,0,0,,0,929130,0,karnataka
276565,1296082,Ugar Khurda,12,Kumbar Galli,527,Belagavi,555,5434,Athni,5434,0,0,karnataka
276565,1296082,Ugar Khurda,12,Kumbar Galli,527,Belagavi,555,5434,Athni,5434,0,0,karnataka
276565,1296075,Ugar Khurda,5,Maisahale Galli,527,Belagavi,555,5434,Athni,5434,0,0,karnataka
276565,1296075,Ugar Khurda,5,Maisahale Galli,527,Belagavi,555,5434,Athni,5434,0,0,karnataka
276565,1296071,Ugar Khurda,1,Maratha Galli,0,,0,0,,0,929130,0,karnataka
276565,1296071,Ugar Khurda,1,Maratha Galli,0,,0,0,,0,929130,0,karnataka
276565,1296087,Ugar Khurda,17,New Colony Kage Plot,0,,0,0,,0,929130,0,karnataka
276565,1296087,Ugar Khurda,17,New Colony Kage Plot,0,,0,0,,0,929130,0,karnataka
276565,1296079,Ugar Khurda,9,Nimbarkar Mala,527,Belagavi,555,5434,Athni,5434,0,0,karnataka
276565,1296079,Ugar Khurda,9,Nimbarkar Mala,527,Belagavi,555,5434,Athni,5434,0,0,karnataka
276565,1296080,Ugar Khurda,10,Onte Galli,0,,0,0,,0,929130,0,karnataka
276565,1296080,Ugar Khurda,10,Onte Galli,0,,0,0,,0,929130,0,karnataka
276565,1296083,Ugar Khurda,13,Patil Galli,0,,0,0,,0,929130,0,karnataka
276565,1296083,Ugar Khurda,13,Patil Galli,0,,0,0,,0,929130,0,karnataka
276565,1296077,Ugar Khurda,7,P.W.D Quaters,0,,0,0,,0,929130,0,karnataka
276565,1296077,Ugar Khurda,7,P.W.D Quaters,0,,0,0,,0,929130,0,karnataka
276565,1296085,Ugar Khurda,15,Renuka Nagar,0,,0,0,,0,929130,0,karnataka
276565,1296085,Ugar Khurda,15,Renuka Nagar,0,,0,0,,0,929130,0,karnataka
276565,1296078,Ugar Khurda,8,Sai Nagar,527,Belagavi,555,5434,Athni,5434,0,0,karnataka
276565,1296078,Ugar Khurda,8,Sai Nagar,527,Belagavi,555,5434,Athni,5434,0,0,karnataka
276565,1296089,Ugar Khurda,19,Siddeshwar Nagar,0,,0,0,,0,929130,0,karnataka
276565,1296089,Ugar Khurda,19,Siddeshwar Nagar,0,,0,0,,0,929130,0,karnataka
276565,1296090,Ugar Khurda,20,Siddeshwar Nagara,0,,0,0,,0,929130,0,karnataka
276565,1296090,Ugar Khurda,20,Siddeshwar Nagara,0,,0,0,,0,929130,0,karnataka
276565,1296081,Ugar Khurda,11,Thabaj Galli,527,Belagavi,555,5434,Athni,5434,0,0,karnataka
276565,1296081,Ugar Khurda,11,Thabaj Galli,527,Belagavi,555,5434,Athni,5434,0,0,karnataka
276565,1296086,Ugar Khurda,16,Vinayakwadi,0,,0,0,,0,0,0,karnataka
276565,1296091,Ugar Khurda,21,Vithal Temple Chougala Tota,0,,0,0,,0,929130,0,karnataka
276565,1296091,Ugar Khurda,21,Vithal Temple Chougala Tota,0,,0,0,,0,929130,0,karnataka
252027,65696,Ullal,1,Ullal (TP) - Ward No.1,0,,0,0,,0,0,0,karnataka
252027,65705,Ullal,10,Ullal (TP) - Ward No.10,0,,0,0,,0,0,0,karnataka
252027,65706,Ullal,11,Ullal (TP) - Ward No.11,0,,0,0,,0,0,0,karnataka
252027,65707,Ullal,12,Ullal (TP) - Ward No.12,0,,0,0,,0,0,0,karnataka
252027,65708,Ullal,13,Ullal (TP) - Ward No.13,0,,0,0,,0,0,0,karnataka
252027,65709,Ullal,14,Ullal (TP) - Ward No.14,0,,0,0,,0,0,0,karnataka
252027,65710,Ullal,15,Ullal (TP) - Ward No.15,0,,0,0,,0,0,0,karnataka
252027,65711,Ullal,16,Ullal (TP) - Ward No.16,0,,0,0,,0,0,0,karnataka
252027,65712,Ullal,17,Ullal (TP) - Ward No.17,0,,0,0,,0,0,0,karnataka
252027,65713,Ullal,18,Ullal (TP) - Ward No.18,0,,0,0,,0,0,0,karnataka
252027,65714,Ullal,19,Ullal (TP) - Ward No.19,0,,0,0,,0,0,0,karnataka
252027,65697,Ullal,2,Ullal (TP) - Ward No.2,0,,0,0,,0,0,0,karnataka
252027,65715,Ullal,20,Ullal (TP) - Ward No.20,0,,0,0,,0,0,0,karnataka
252027,1887744,Ullal,21,Ullal (TP) - Ward No.21,0,,0,0,,0,0,0,karnataka
252027,1887745,Ullal,22,Ullal (TP) - Ward No.22,0,,0,0,,0,0,0,karnataka
252027,1887746,Ullal,23,Ullal (TP) - Ward No.23,0,,0,0,,0,0,0,karnataka
252027,1887747,Ullal,24,Ullal (TP) - Ward No.24,0,,0,0,,0,0,0,karnataka
252027,1887748,Ullal,25,Ullal (TP) - Ward No.25,0,,0,0,,0,0,0,karnataka
252027,1887749,Ullal,26,Ullal (TP) - Ward No.26,0,,0,0,,0,0,0,karnataka
252027,1887750,Ullal,27,Ullal (TP) - Ward No.27,0,,0,0,,0,0,0,karnataka
252027,1887751,Ullal,28,Ullal (TP) - Ward No.28,0,,0,0,,0,0,0,karnataka
252027,1887752,Ullal,29,Ullal (TP) - Ward No.29,0,,0,0,,0,0,0,karnataka
252027,65698,Ullal,3,Ullal (TP) - Ward No.3,0,,0,0,,0,0,0,karnataka
252027,1887753,Ullal,30,Ullal (TP) - Ward No.30,0,,0,0,,0,0,0,karnataka
252027,1887754,Ullal,31,Ullal (TP) - Ward No.31,0,,0,0,,0,0,0,karnataka
252027,65699,Ullal,4,Ullal (TP) - Ward No.4,0,,0,0,,0,0,0,karnataka
252027,65700,Ullal,5,Ullal (TP) - Ward No.5,0,,0,0,,0,0,0,karnataka
252027,65701,Ullal,6,Ullal (TP) - Ward No.6,0,,0,0,,0,0,0,karnataka
252027,65702,Ullal,7,Ullal (TP) - Ward No.7,0,,0,0,,0,0,0,karnataka
252027,65703,Ullal,8,Ullal (TP) - Ward No.8,0,,0,0,,0,0,0,karnataka
252027,65704,Ullal,9,Ullal (TP) - Ward No.9,0,,0,0,,0,0,0,karnataka
301054,3068535,Vemgal-Kurugol,1,Ward 1,0,,0,0,,0,0,0,karnataka
301054,3068544,Vemgal-Kurugol,10,Ward 10,0,,0,0,,0,0,0,karnataka
301054,3068545,Vemgal-Kurugol,11,Ward 11,0,,0,0,,0,0,0,karnataka
301054,3068546,Vemgal-Kurugol,12,Ward 12,0,,0,0,,0,0,0,karnataka
301054,3068547,Vemgal-Kurugol,13,Ward 13,0,,0,0,,0,0,0,karnataka
301054,3068548,Vemgal-Kurugol,14,Ward 14,0,,0,0,,0,0,0,karnataka
301054,3068549,Vemgal-Kurugol,15,Ward 15,0,,0,0,,0,0,0,karnataka
301054,3068550,Vemgal-Kurugol,16,Ward 16,0,,0,0,,0,0,0,karnataka
301054,3068551,Vemgal-Kurugol,17,Ward 17,0,,0,0,,0,0,0,karnataka
301054,3068536,Vemgal-Kurugol,2,Ward 2,0,,0,0,,0,0,0,karnataka
301054,3068537,Vemgal-Kurugol,3,Ward 3,0,,0,0,,0,0,0,karnataka
301054,3068538,Vemgal-Kurugol,4,Ward 4,0,,0,0,,0,0,0,karnataka
301054,3068539,Vemgal-Kurugol,5,Ward 5,0,,0,0,,0,0,0,karnataka
301054,3068540,Vemgal-Kurugol,6,Ward 6,0,,0,0,,0,0,0,karnataka
301054,3068541,Vemgal-Kurugol,7,Ward 7,0,,0,0,,0,0,0,karnataka
301054,3068542,Vemgal-Kurugol,8,Ward 8,0,,0,0,,0,0,0,karnataka
301054,3068543,Vemgal-Kurugol,9,Ward 9,0,,0,0,,0,0,0,karnataka
251993,2440207,Vijayapura,1,Ward-1,0,,0,0,,0,0,0,karnataka
251842,2440242,Vijayapura,1,Ward-1,0,,0,0,,0,0,0,karnataka
251842,2440251,Vijayapura,10,Ward-10,0,,0,0,,0,0,0,karnataka
251993,2440216,Vijayapura,10,Ward-10,0,,0,0,,0,0,0,karnataka
251993,2440217,Vijayapura,11,Ward-11,0,,0,0,,0,0,0,karnataka
251842,2440252,Vijayapura,11,Ward-11,0,,0,0,,0,0,0,karnataka
251993,2440218,Vijayapura,12,Ward-12,0,,0,0,,0,0,0,karnataka
251842,2440253,Vijayapura,12,Ward-12,0,,0,0,,0,0,0,karnataka
251993,2440219,Vijayapura,13,Ward-13,0,,0,0,,0,0,0,karnataka
251842,2440254,Vijayapura,13,Ward-13,0,,0,0,,0,0,0,karnataka
251842,2440255,Vijayapura,14,Ward-14,0,,0,0,,0,0,0,karnataka
251993,2440220,Vijayapura,14,Ward-14,0,,0,0,,0,0,0,karnataka
251842,2440256,Vijayapura,15,Ward-15,0,,0,0,,0,0,0,karnataka
251993,2440221,Vijayapura,15,Ward-15,0,,0,0,,0,0,0,karnataka
251993,2440222,Vijayapura,16,Ward-16,0,,0,0,,0,0,0,karnataka
251842,2440257,Vijayapura,16,Ward-16,0,,0,0,,0,0,0,karnataka
251842,2440258,Vijayapura,17,Ward-17,0,,0,0,,0,0,0,karnataka
251993,2440223,Vijayapura,17,Ward-17,0,,0,0,,0,0,0,karnataka
251842,2440259,Vijayapura,18,Ward-18,0,,0,0,,0,0,0,karnataka
251993,2440224,Vijayapura,18,Ward-18,0,,0,0,,0,0,0,karnataka
251993,2440225,Vijayapura,19,Ward-19,0,,0,0,,0,0,0,karnataka
251842,2440260,Vijayapura,19,Ward-19,0,,0,0,,0,0,0,karnataka
251842,2440243,Vijayapura,2,Ward-2,0,,0,0,,0,0,0,karnataka
251993,2440208,Vijayapura,2,Ward-2,0,,0,0,,0,0,0,karnataka
251842,2440261,Vijayapura,20,Ward-20,0,,0,0,,0,0,0,karnataka
251993,2440226,Vijayapura,20,Ward-20,0,,0,0,,0,0,0,karnataka
251993,2440227,Vijayapura,21,Ward-21,0,,0,0,,0,0,0,karnataka
251842,2440262,Vijayapura,21,Ward-21,0,,0,0,,0,0,0,karnataka
251993,2440228,Vijayapura,22,Ward-22,0,,0,0,,0,0,0,karnataka
251842,2440263,Vijayapura,22,Ward-22,0,,0,0,,0,0,0,karnataka
251993,2440229,Vijayapura,23,Ward-23,0,,0,0,,0,0,0,karnataka
251842,2440264,Vijayapura,23,Ward-23,0,,0,0,,0,0,0,karnataka
251993,2440230,Vijayapura,24,Ward-24,0,,0,0,,0,0,0,karnataka
251993,2440231,Vijayapura,25,Ward-25,0,,0,0,,0,0,0,karnataka
251993,2440232,Vijayapura,26,Ward-26,0,,0,0,,0,0,0,karnataka
251993,2440233,Vijayapura,27,Ward-27,0,,0,0,,0,0,0,karnataka
251993,2440234,Vijayapura,28,Ward-28,0,,0,0,,0,0,0,karnataka
251993,2440235,Vijayapura,29,Ward-29,0,,0,0,,0,0,0,karnataka
251842,2440244,Vijayapura,3,Ward-3,0,,0,0,,0,0,0,karnataka
251993,2440209,Vijayapura,3,Ward-3,0,,0,0,,0,0,0,karnataka
251993,2440236,Vijayapura,30,Ward-30,0,,0,0,,0,0,0,karnataka
251993,2440237,Vijayapura,31,Ward-31,0,,0,0,,0,0,0,karnataka
251993,2440238,Vijayapura,32,Ward-32,0,,0,0,,0,0,0,karnataka
251993,2440239,Vijayapura,33,Ward-33,0,,0,0,,0,0,0,karnataka
251993,2440240,Vijayapura,34,Ward-34,0,,0,0,,0,0,0,karnataka
251993,2440241,Vijayapura,35,Ward-35,0,,0,0,,0,0,0,karnataka
251842,2440245,Vijayapura,4,Ward-4,0,,0,0,,0,0,0,karnataka
251993,2440210,Vijayapura,4,Ward-4,0,,0,0,,0,0,0,karnataka
251993,2440211,Vijayapura,5,Ward-5,0,,0,0,,0,0,0,karnataka
251842,2440246,Vijayapura,5,Ward-5,0,,0,0,,0,0,0,karnataka
251842,2440247,Vijayapura,6,Ward-6,0,,0,0,,0,0,0,karnataka
251993,2440212,Vijayapura,6,Ward-6,0,,0,0,,0,0,0,karnataka
251842,2440248,Vijayapura,7,Ward-7,0,,0,0,,0,0,0,karnataka
251993,2440213,Vijayapura,7,Ward-7,0,,0,0,,0,0,0,karnataka
251993,2440214,Vijayapura,8,Ward-8,0,,0,0,,0,0,0,karnataka
251842,2440249,Vijayapura,8,Ward-8,0,,0,0,,0,0,0,karnataka
251993,2440215,Vijayapura,9,Ward-9,0,,0,0,,0,0,0,karnataka
251842,2440250,Vijayapura,9,Ward-9,0,,0,0,,0,0,0,karnataka
252040,65726,Virajpet,10,Virajpet-10 (Panjarpet),0,,0,0,,0,0,0,karnataka
252040,65727,Virajpet,11,Virajpet-11 (Meenupet-1),0,,0,0,,0,0,0,karnataka
252040,65728,Virajpet,12,Virajpet-12 (Meenupet-2),0,,0,0,,0,0,0,karnataka
252040,65729,Virajpet,13,Virajpet-13 (Gowrikere),0,,0,0,,0,0,0,karnataka
252040,65730,Virajpet,14,Virajpet-14 (Gandhi Nagar),0,,0,0,,0,0,0,karnataka
252040,70721,Virajpet,15,Virajpet-15 (Chickpet),0,,0,0,,0,0,0,karnataka
252040,70720,Virajpet,16,Virajpet-16 (Shivakeri),0,,0,0,,0,0,0,karnataka
252040,2140965,Virajpet,17,Virajpet-17,0,,0,0,,0,0,0,karnataka
252040,2140966,Virajpet,18,Virajpet-18,0,,0,0,,0,0,0,karnataka
252040,65717,Virajpet,1,Virajpet-1 (Church Road),0,,0,0,,0,0,0,karnataka
252040,65718,Virajpet,2,Virajpet -2 (Devanga Street),0,,0,0,,0,0,0,karnataka
252040,65719,Virajpet,3,Virajpet-3 (Aarsu Nagar),0,,0,0,,0,0,0,karnataka
252040,65720,Virajpet,4,Virajpet-4 (Telugara Street),0,,0,0,,0,0,0,karnataka
252040,65721,Virajpet,5,Virajpet-5 (Mogaragalli),0,,0,0,,0,0,0,karnataka
252040,65722,Virajpet,6,Virajpet-6 (Harikere),0,,0,0,,0,0,0,karnataka
252040,65723,Virajpet,7,Virajpet-7 (Neharu Nagar-1),0,,0,0,,0,0,0,karnataka
252040,65724,Virajpet,8,Virajpet-8 (Neharu Nagar-2),0,,0,0,,0,0,0,karnataka
252040,65725,Virajpet,9,Virajpet-9 (Subhash Nagar),0,,0,0,,0,0,0,karnataka
276554,1294234,Vitla,1,Ward-1,534,Dakshina Kannada,575,5562,Bantval,5562,0,0,karnataka
276554,1294234,Vitla,1,Ward-1,534,Dakshina Kannada,575,5562,Bantval,5562,0,0,karnataka
276554,1294243,Vitla,10,Ward-10,0,,0,0,,0,928946,0,karnataka
276554,1294243,Vitla,10,Ward-10,0,,0,0,,0,928946,0,karnataka
276554,1294244,Vitla,11,Ward-11,0,,0,0,,0,928946,0,karnataka
276554,1294244,Vitla,11,Ward-11,0,,0,0,,0,928946,0,karnataka
276554,1294245,Vitla,12,Ward-12,534,Dakshina Kannada,575,5562,Bantval,5562,0,0,karnataka
276554,1294245,Vitla,12,Ward-12,534,Dakshina Kannada,575,5562,Bantval,5562,0,0,karnataka
276554,1294246,Vitla,13,Ward-13,534,Dakshina Kannada,575,5562,Bantval,5562,0,0,karnataka
276554,1294246,Vitla,13,Ward-13,534,Dakshina Kannada,575,5562,Bantval,5562,0,0,karnataka
276554,1294247,Vitla,14,Ward-14,534,Dakshina Kannada,575,5562,Bantval,5562,0,0,karnataka
276554,1294247,Vitla,14,Ward-14,534,Dakshina Kannada,575,5562,Bantval,5562,0,0,karnataka
276554,1294248,Vitla,15,Ward-15,0,,0,0,,0,928946,0,karnataka
276554,1294248,Vitla,15,Ward-15,0,,0,0,,0,928946,0,karnataka
276554,1294249,Vitla,16,Ward-16,0,,0,0,,0,928946,0,karnataka
276554,1294249,Vitla,16,Ward-16,0,,0,0,,0,928946,0,karnataka
276554,1294250,Vitla,17,Ward-17,0,,0,0,,0,928946,0,karnataka
276554,1294250,Vitla,17,Ward-17,0,,0,0,,0,928946,0,karnataka
276554,1294251,Vitla,18,Ward-18,0,,0,0,,0,928946,0,karnataka
276554,1294251,Vitla,18,Ward-18,0,,0,0,,0,928946,0,karnataka
276554,1294235,Vitla,2,Ward-2,0,,0,0,,0,928946,0,karnataka
276554,1294235,Vitla,2,Ward-2,0,,0,0,,0,928946,0,karnataka
276554,1294236,Vitla,3,Ward-3,534,Dakshina Kannada,575,5562,Bantval,5562,0,0,karnataka
276554,1294236,Vitla,3,Ward-3,534,Dakshina Kannada,575,5562,Bantval,5562,0,0,karnataka
276554,1294237,Vitla,4,Ward-4,534,Dakshina Kannada,575,5562,Bantval,5562,0,0,karnataka
276554,1294237,Vitla,4,Ward-4,534,Dakshina Kannada,575,5562,Bantval,5562,0,0,karnataka
276554,1294238,Vitla,5,Ward-5,0,,0,0,,0,928946,0,karnataka
276554,1294238,Vitla,5,Ward-5,0,,0,0,,0,928946,0,karnataka
276554,1294239,Vitla,6,Ward-6,0,,0,0,,0,0,0,karnataka
276554,1294240,Vitla,7,Ward-7,534,Dakshina Kannada,575,5562,Bantval,5562,0,0,karnataka
276554,1294240,Vitla,7,Ward-7,534,Dakshina Kannada,575,5562,Bantval,5562,0,0,karnataka
276554,1294241,Vitla,8,Ward-8,0,,0,0,,0,928946,0,karnataka
276554,1294241,Vitla,8,Ward-8,0,,0,0,,0,928946,0,karnataka
276554,1294242,Vitla,9,Ward-9,0,,0,0,,0,928946,0,karnataka
276554,1294242,Vitla,9,Ward-9,0,,0,0,,0,928946,0,karnataka
251856,27355,Wadi,1,Wadi (TMC) - Ward No.1,0,,0,0,,0,0,0,karnataka
251856,931342,Wadi,10,Wadi (TMC) - Ward No.10,0,,0,0,,0,0,0,karnataka
251856,931343,Wadi,11,Wadi (TMC) - Ward No.11,0,,0,0,,0,0,0,karnataka
251856,931349,Wadi,12,Wadi (TMC) - Ward No.12,0,,0,0,,0,0,0,karnataka
251856,931358,Wadi,13,Wadi (TMC) - Ward No.13,0,,0,0,,0,0,0,karnataka
251856,931359,Wadi,14,Wadi (TMC) - Ward No.14,0,,0,0,,0,0,0,karnataka
251856,931360,Wadi,15,Wadi (TMC) - Ward No.15,0,,0,0,,0,0,0,karnataka
251856,931366,Wadi,16,Wadi (TMC) - Ward No.16,0,,0,0,,0,0,0,karnataka
251856,931383,Wadi,17,Wadi (TMC) - Ward No.17,0,,0,0,,0,0,0,karnataka
251856,931385,Wadi,18,Wadi (TMC) - Ward No.18,0,,0,0,,0,0,0,karnataka
251856,931395,Wadi,19,Wadi (TMC) - Ward No.19,0,,0,0,,0,0,0,karnataka
251856,931325,Wadi,2,Wadi (TMC) - Ward No.2,0,,0,0,,0,0,0,karnataka
251856,931396,Wadi,20,Wadi (TMC) - Ward No.20,0,,0,0,,0,0,0,karnataka
251856,931408,Wadi,21,Wadi (TMC) - Ward No.21,0,,0,0,,0,0,0,karnataka
251856,931413,Wadi,22,Wadi (TMC) - Ward No.22,0,,0,0,,0,0,0,karnataka
251856,931420,Wadi,23,Wadi (TMC) - Ward No.23,0,,0,0,,0,0,0,karnataka
251856,931326,Wadi,3,Wadi (TMC) - Ward No.3,0,,0,0,,0,0,0,karnataka
251856,931332,Wadi,4,Wadi (TMC) - Ward No.4,0,,0,0,,0,0,0,karnataka
251856,931337,Wadi,5,Wadi (TMC) - Ward No.5,0,,0,0,,0,0,0,karnataka
251856,931338,Wadi,6,Wadi (TMC) - Ward No.6,0,,0,0,,0,0,0,karnataka
251856,931339,Wadi,7,Wadi (TMC) - Ward No.7,0,,0,0,,0,0,0,karnataka
251856,931340,Wadi,8,Wadi (TMC) - Ward No.8,0,,0,0,,0,0,0,karnataka
251856,931341,Wadi,9,Wadi (TMC) - Ward No.9,0,,0,0,,0,0,0,karnataka
251863,63712,Yadgir,1,Yadgir (TMC) - Ward No.1,0,,0,0,,0,0,0,karnataka
251863,63721,Yadgir,10,Yadgir (TMC) - Ward No.10,0,,0,0,,0,0,0,karnataka
251863,63722,Yadgir,11,Yadgir (TMC) - Ward No.11,0,,0,0,,0,0,0,karnataka
251863,63723,Yadgir,12,Yadgir (TMC) - Ward No.12,0,,0,0,,0,0,0,karnataka
251863,63724,Yadgir,13,Yadgir (TMC) - Ward No.13,0,,0,0,,0,0,0,karnataka
251863,63725,Yadgir,14,Yadgir (TMC) - Ward No.14,0,,0,0,,0,0,0,karnataka
251863,63726,Yadgir,15,Yadgir (TMC) - Ward No.15,0,,0,0,,0,0,0,karnataka
251863,63727,Yadgir,16,Yadgir (TMC) - Ward No.16,0,,0,0,,0,0,0,karnataka
251863,63728,Yadgir,17,Yadgir (TMC) - Ward No.17,0,,0,0,,0,0,0,karnataka
251863,63729,Yadgir,18,Yadgir (TMC) - Ward No.18,0,,0,0,,0,0,0,karnataka
251863,63730,Yadgir,19,Yadgir (TMC) - Ward No.19,0,,0,0,,0,0,0,karnataka
251863,63713,Yadgir,2,Yadgir (TMC) - Ward No.2,0,,0,0,,0,0,0,karnataka
251863,63731,Yadgir,20,Yadgir (TMC) - Ward No.20,0,,0,0,,0,0,0,karnataka
251863,63732,Yadgir,21,Yadgir (TMC) - Ward No.21,0,,0,0,,0,0,0,karnataka
251863,63733,Yadgir,22,Yadgir (TMC) - Ward No.22,0,,0,0,,0,0,0,karnataka
251863,63734,Yadgir,23,Yadgir (TMC) - Ward No.23,0,,0,0,,0,0,0,karnataka
251863,63735,Yadgir,24,Yadgir (TMC) - Ward No.24,0,,0,0,,0,0,0,karnataka
251863,63736,Yadgir,25,Yadgir (TMC) - Ward No.25,0,,0,0,,0,0,0,karnataka
251863,63737,Yadgir,26,Yadgir (TMC) - Ward No.26,0,,0,0,,0,0,0,karnataka
251863,63738,Yadgir,27,Yadgir (TMC) - Ward No.27,0,,0,0,,0,0,0,karnataka
251863,71953,Yadgir,28,Yadgir (TMC) - Ward No.28,0,,0,0,,0,0,0,karnataka
251863,71954,Yadgir,29,Yadgir (TMC) - Ward No.29,0,,0,0,,0,0,0,karnataka
251863,63714,Yadgir,3,Yadgir (TMC) - Ward No.3,0,,0,0,,0,0,0,karnataka
251863,71955,Yadgir,30,Yadgir (TMC) - Ward No.30,0,,0,0,,0,0,0,karnataka
251863,71956,Yadgir,31,Yadgir (TMC) - Ward No.31,0,,0,0,,0,0,0,karnataka
251863,63715,Yadgir,4,Yadgir (TMC) - Ward No.4,0,,0,0,,0,0,0,karnataka
251863,63716,Yadgir,5,Yadgir (TMC) - Ward No.5,0,,0,0,,0,0,0,karnataka
251863,63717,Yadgir,6,Yadgir (TMC) - Ward No.6,0,,0,0,,0,0,0,karnataka
251863,63718,Yadgir,7,Yadgir (TMC) - Ward No.7,0,,0,0,,0,0,0,karnataka
251863,63719,Yadgir,8,Yadgir (TMC) - Ward No.8,0,,0,0,,0,0,0,karnataka
251863,63720,Yadgir,9,Yadgir (TMC) - Ward No.9,0,,0,0,,0,0,0,karnataka
297132,3044495,Yadrami,1,Ward 1,0,,0,0,,0,0,0,karnataka
297132,3044504,Yadrami,10,Ward 10,0,,0,0,,0,0,0,karnataka
297132,3044505,Yadrami,11,Ward 11,0,,0,0,,0,0,0,karnataka
297132,3044496,Yadrami,2,Ward 2,0,,0,0,,0,0,0,karnataka
297132,3044497,Yadrami,3,Ward 3,0,,0,0,,0,0,0,karnataka
297132,3044498,Yadrami,4,Ward 4,0,,0,0,,0,0,0,karnataka
297132,3044499,Yadrami,5,Ward 5,0,,0,0,,0,0,0,karnataka
297132,3044500,Yadrami,6,Ward 6,0,,0,0,,0,0,0,karnataka
297132,3044501,Yadrami,7,Ward 7,0,,0,0,,0,0,0,karnataka
297132,3044502,Yadrami,8,Ward 8,0,,0,0,,0,0,0,karnataka
297132,3044503,Yadrami,9,Ward 9,0,,0,0,,0,0,0,karnataka
252055,29159,Yelandur,1,Yelandur (TP) - Ward No.1,0,,0,0,,0,0,0,karnataka
252055,29168,Yelandur,10,Yelandur (TP) - Ward No.10,0,,0,0,,0,0,0,karnataka
252055,29169,Yelandur,11,Yelandur (TP) - Ward No.11,0,,0,0,,0,0,0,karnataka
252055,29160,Yelandur,2,Yelandur (TP) - Ward No.2,0,,0,0,,0,0,0,karnataka
252055,29161,Yelandur,3,Yelandur (TP) - Ward No.3,0,,0,0,,0,0,0,karnataka
252055,29162,Yelandur,4,Yelandur (TP) - Ward No.4,0,,0,0,,0,0,0,karnataka
252055,29163,Yelandur,5,Yelandur (TP) - Ward No.5,0,,0,0,,0,0,0,karnataka
252055,29164,Yelandur,6,Yelandur (TP) - Ward No.6,0,,0,0,,0,0,0,karnataka
252055,29165,Yelandur,7,Yelandur (TP) - Ward No.7,0,,0,0,,0,0,0,karnataka
252055,29166,Yelandur,8,Yelandur (TP) - Ward No.8,0,,0,0,,0,0,0,karnataka
252055,29167,Yelandur,9,Yelandur (TP) - Ward No.9,0,,0,0,,0,0,0,karnataka
251879,63794,Yelburga,1,Yelbarga (TP) - Ward No.1,0,,0,0,,0,0,0,karnataka
251879,72037,Yelburga,10,Yelbarga(TP)-Ward No.10,0,,0,0,,0,0,0,karnataka
251879,72038,Yelburga,11,Yelbarga(TP)-Ward No.11,0,,0,0,,0,0,0,karnataka
251879,1890584,Yelburga,12,Yelbarga (TP) - Ward No.12,0,,0,0,,0,0,0,karnataka
251879,1890585,Yelburga,13,Yelbarga (TP) - Ward No.13,0,,0,0,,0,0,0,karnataka
251879,1890586,Yelburga,14,Yelbarga (TP) - Ward No.14,0,,0,0,,0,0,0,karnataka
251879,1890587,Yelburga,15,Yelbarga (TP) - Ward No.15,0,,0,0,,0,0,0,karnataka
251879,63795,Yelburga,2,Yelbarga (TP) - Ward No.2,0,,0,0,,0,0,0,karnataka
251879,63796,Yelburga,3,Yelbarga (TP) - Ward No.3,0,,0,0,,0,0,0,karnataka
251879,63797,Yelburga,4,Yelbarga (TP) - Ward No.4,0,,0,0,,0,0,0,karnataka
251879,72032,Yelburga,5,Yelbarga(TP)- Ward No. 5,0,,0,0,,0,0,0,karnataka
251879,72033,Yelburga,6,Yelbarga(TP)-Ward No. 6,0,,0,0,,0,0,0,karnataka
251879,72034,Yelburga,7,Yelbarga(TP)- Ward No.7,0,,0,0,,0,0,0,karnataka
251879,72035,Yelburga,8,Yelbarga(TP)-Ward No.8,0,,0,0,,0,0,0,karnataka
251879,72036,Yelburga,9,Yelbarga(TP)-Ward No.9,0,,0,0,,0,0,0,karnataka
251903,2890331,Yellapur,19,Ward 19,0,,0,0,,0,0,0,karnataka
251903,28688,Yellapur,1,Yellapur (TP) - Ward No.1,0,,0,0,,0,0,0,karnataka
251903,28697,Yellapur,10,Yellapur (TP) - Ward No.10,0,,0,0,,0,0,0,karnataka
251903,28698,Yellapur,11,Yellapur (TP) - Ward No.11,0,,0,0,,0,0,0,karnataka
251903,28699,Yellapur,12,Yellapur (TP) - Ward No.12,0,,0,0,,0,0,0,karnataka
251903,28700,Yellapur,13,Yellapur (TP) - Ward No.13,0,,0,0,,0,0,0,karnataka
251903,28701,Yellapur,14,Yellapur (TP) - Ward No.14,0,,0,0,,0,0,0,karnataka
251903,28702,Yellapur,15,Yellapur (TP) - Ward No.15,0,,0,0,,0,0,0,karnataka
251903,1922649,Yellapur,16,Yellapur (TP) - Ward No.16,0,,0,0,,0,0,0,karnataka
251903,1922650,Yellapur,17,Yellapur (TP) - Ward No.17,0,,0,0,,0,0,0,karnataka
251903,1922651,Yellapur,18,Yellapur (TP) - Ward No.18,0,,0,0,,0,0,0,karnataka
251903,28689,Yellapur,2,Yellapur (TP) - Ward No.2,0,,0,0,,0,0,0,karnataka
251903,28690,Yellapur,3,Yellapur (TP) - Ward No.3,0,,0,0,,0,0,0,karnataka
251903,28691,Yellapur,4,Yellapur (TP) - Ward No.4,0,,0,0,,0,0,0,karnataka
251903,28692,Yellapur,5,Yellapur (TP) - Ward No.5,0,,0,0,,0,0,0,karnataka
251903,28693,Yellapur,6,Yellapur (TP) - Ward No.6,0,,0,0,,0,0,0,karnataka
251903,28694,Yellapur,7,Yellapur (TP) - Ward No.7,0,,0,0,,0,0,0,karnataka
251903,28695,Yellapur,8,Yellapur (TP) - Ward No.8,0,,0,0,,0,0,0,karnataka
251903,28696,Yellapur,9,Yellapur (TP) - Ward No.9,0,,0,0,,0,0,0,karnataka
