local_body_code,ward_code,local_body_name,ward_number,ward_name,district_code,district_name,district_census_code,subdistrict_code,subdistrict_name,subdistrict_census_code,village_code,village_census_code,ward_source_state
251323,65521,Achalpur,1,Achalpur (M Ci) - Ward No. 1,0,,0,0,,0,0,0,maharashtra
251323,65530,Achalpur,10,Achalpur (M Ci) - Ward No. 10,0,,0,0,,0,0,0,maharashtra
251323,65531,Achalpur,11,Achalpur (M Ci) - Ward No. 11,0,,0,0,,0,0,0,maharashtra
251323,65532,Achalpur,12,Achalpur (M Ci) - Ward No. 12,0,,0,0,,0,0,0,maharashtra
251323,65533,Achalpur,13,Achalpur (M Ci) - Ward No. 13,0,,0,0,,0,0,0,maharashtra
251323,65534,Achalpur,14,Achalpur (M Ci) - Ward No. 14,0,,0,0,,0,0,0,maharashtra
251323,65535,Achalpur,15,Achalpur (M Ci) - Ward No. 15,0,,0,0,,0,0,0,maharashtra
251323,65536,Achalpur,16,Achalpur (M Ci) - Ward No. 16,0,,0,0,,0,0,0,maharashtra
251323,65537,Achalpur,17,Achalpur (M Ci) - Ward No. 17,0,,0,0,,0,0,0,maharashtra
251323,65538,Achalpur,18,Achalpur (M Ci) - Ward No. 18,0,,0,0,,0,0,0,maharashtra
251323,65539,Achalpur,19,Achalpur (M Ci) - Ward No. 19,0,,0,0,,0,0,0,maharashtra
251323,65522,Achalpur,2,Achalpur (M Ci) - Ward No. 2,0,,0,0,,0,0,0,maharashtra
251323,3231685,Achalpur,20,Achalpur (M Ci) - Ward No. 20,0,,0,0,,0,0,0,maharashtra
251323,65523,Achalpur,3,Achalpur (M Ci) - Ward No. 3,0,,0,0,,0,0,0,maharashtra
251323,65524,Achalpur,4,Achalpur (M Ci) - Ward No. 4,0,,0,0,,0,0,0,maharashtra
251323,65525,Achalpur,5,Achalpur (M Ci) - Ward No. 5,0,,0,0,,0,0,0,maharashtra
251323,65526,Achalpur,6,Achalpur (M Ci) - Ward No. 6,0,,0,0,,0,0,0,maharashtra
251323,65527,Achalpur,7,Achalpur (M Ci) - Ward No. 7,0,,0,0,,0,0,0,maharashtra
251323,65528,Achalpur,8,Achalpur (M Ci) - Ward No. 8,0,,0,0,,0,0,0,maharashtra
251323,65529,Achalpur,9,Achalpur (M Ci) - Ward No. 9,0,,0,0,,0,0,0,maharashtra
276327,1815413,Aheri,1,AHERI(NP)WARD NO-1,0,,0,0,,0,0,0,maharashtra
276327,1815422,Aheri,10,AHERI(NP)WARD NO-10,0,,0,0,,0,0,0,maharashtra
276327,1815423,Aheri,11,AHERI(NP)WARD NO-11,0,,0,0,,0,0,0,maharashtra
276327,1815424,Aheri,12,AHERI(NP)WARD NO-12,0,,0,0,,0,0,0,maharashtra
276327,1815425,Aheri,13,AHERI(NP)WARD NO-13,0,,0,0,,0,0,0,maharashtra
276327,1815426,Aheri,14,AHERI(NP)WARD NO-14,0,,0,0,,0,0,0,maharashtra
276327,1815427,Aheri,15,AHERI(NP)WARD NO-15,0,,0,0,,0,0,0,maharashtra
276327,1815428,Aheri,16,AHERI(NP)WARD NO-16,0,,0,0,,0,0,0,maharashtra
276327,1815429,Aheri,17,AHERI(NP)WARD NO-17,0,,0,0,,0,0,0,maharashtra
276327,1815414,Aheri,2,AHERI(NP)WARD NO-2,0,,0,0,,0,0,0,maharashtra
276327,1815415,Aheri,3,AHERI(NP)WARD NO-3,0,,0,0,,0,0,0,maharashtra
276327,1815416,Aheri,4,AHERI(NP)WARD NO-4,0,,0,0,,0,0,0,maharashtra
276327,1815417,Aheri,5,AHERI(NP)WARD NO-5,0,,0,0,,0,0,0,maharashtra
276327,1815418,Aheri,6,AHERI(NP)WARD NO-6,0,,0,0,,0,0,0,maharashtra
276327,1815419,Aheri,7,AHERI(NP)WARD NO-7,0,,0,0,,0,0,0,maharashtra
276327,1815420,Aheri,8,AHERI(NP)WARD NO-8,0,,0,0,,0,0,0,maharashtra
276327,1815421,Aheri,9,AHERI(NP)WARD NO-9,0,,0,0,,0,0,0,maharashtra
251548,58448,Ahmadnagar,1,Ahmadnagar (M Cl) - Ward N 1,0,,0,0,,0,0,0,maharashtra
251548,58457,Ahmadnagar,10,Ahmadnagar (M Cl) - Ward N 10,0,,0,0,,0,0,0,maharashtra
251548,58458,Ahmadnagar,11,Ahmadnagar (M Cl) - Ward N 11,0,,0,0,,0,0,0,maharashtra
251548,58459,Ahmadnagar,12,Ahmadnagar (M Cl) - Ward N 12,0,,0,0,,0,0,0,maharashtra
251548,58460,Ahmadnagar,13,Ahmadnagar (M Cl) - Ward N 13,0,,0,0,,0,0,0,maharashtra
251548,58461,Ahmadnagar,14,Ahmadnagar (M Cl) - Ward N 14,0,,0,0,,0,0,0,maharashtra
251548,58462,Ahmadnagar,15,Ahmadnagar (M Cl) - Ward N 15,0,,0,0,,0,0,0,maharashtra
251548,58463,Ahmadnagar,16,Ahmadnagar (M Cl) - Ward N 16,0,,0,0,,0,0,0,maharashtra
251548,58464,Ahmadnagar,17,Ahmadnagar (M Cl) - Ward N 17,0,,0,0,,0,0,0,maharashtra
251548,58471,Ahmadnagar,18,Ahmadnagar (M Cl) - Ward N 18,0,,0,0,,0,0,0,maharashtra
251548,3257415,Ahmadnagar,19,Ahmadnagar (M Cl) - Ward N 19,0,,0,0,,0,0,0,maharashtra
251548,58449,Ahmadnagar,2,Ahmadnagar (M Cl) - Ward N 2,0,,0,0,,0,0,0,maharashtra
251548,3257416,Ahmadnagar,20,Ahmadnagar (M Cl) - Ward N 20,0,,0,0,,0,0,0,maharashtra
251548,3257417,Ahmadnagar,21,Ahmadnagar (M Cl) - Ward N 21,0,,0,0,,0,0,0,maharashtra
251548,3257418,Ahmadnagar,22,Ahmadnagar (M Cl) - Ward N 22,0,,0,0,,0,0,0,maharashtra
251548,3257419,Ahmadnagar,23,Ahmadnagar (M Cl) - Ward N 23,0,,0,0,,0,0,0,maharashtra
251548,3257420,Ahmadnagar,24,Ahmadnagar (M Cl) - Ward N 24,0,,0,0,,0,0,0,maharashtra
251548,3257421,Ahmadnagar,25,Ahmadnagar (M Cl) - Ward N 25,0,,0,0,,0,0,0,maharashtra
251548,3257422,Ahmadnagar,26,Ahmadnagar (M Cl) - Ward N 26,0,,0,0,,0,0,0,maharashtra
251548,3257423,Ahmadnagar,27,Ahmadnagar (M Cl) - Ward N 27,0,,0,0,,0,0,0,maharashtra
251548,3257424,Ahmadnagar,28,Ahmadnagar (M Cl) - Ward N 28,0,,0,0,,0,0,0,maharashtra
251548,3257425,Ahmadnagar,29,Ahmadnagar (M Cl) - Ward N 29,0,,0,0,,0,0,0,maharashtra
251548,58450,Ahmadnagar,3,Ahmadnagar (M Cl) - Ward N 3,0,,0,0,,0,0,0,maharashtra
251548,3257426,Ahmadnagar,30,Ahmadnagar (M Cl) - Ward N 30,0,,0,0,,0,0,0,maharashtra
251548,3257427,Ahmadnagar,31,Ahmadnagar (M Cl) - Ward N 31,0,,0,0,,0,0,0,maharashtra
251548,3257428,Ahmadnagar,32,Ahmadnagar (M Cl) - Ward N 32,0,,0,0,,0,0,0,maharashtra
251548,3257429,Ahmadnagar,33,Ahmadnagar (M Cl) - Ward N 33,0,,0,0,,0,0,0,maharashtra
251548,3257430,Ahmadnagar,34,Ahmadnagar (M Cl) - Ward N 34,0,,0,0,,0,0,0,maharashtra
251548,3257431,Ahmadnagar,35,Ahmadnagar (M Cl) - Ward N 35,0,,0,0,,0,0,0,maharashtra
251548,3257432,Ahmadnagar,36,Ahmadnagar (M Cl) - Ward N 36,0,,0,0,,0,0,0,maharashtra
251548,3257433,Ahmadnagar,37,Ahmadnagar (M Cl) - Ward N 37,0,,0,0,,0,0,0,maharashtra
251548,3257434,Ahmadnagar,38,Ahmadnagar (M Cl) - Ward N 38,0,,0,0,,0,0,0,maharashtra
251548,3257435,Ahmadnagar,39,Ahmadnagar (M Cl) - Ward N 39,0,,0,0,,0,0,0,maharashtra
251548,58451,Ahmadnagar,4,Ahmadnagar (M Cl) - Ward N 4,0,,0,0,,0,0,0,maharashtra
251548,3257436,Ahmadnagar,40,Ahmadnagar (M Cl) - Ward N 40,0,,0,0,,0,0,0,maharashtra
251548,3257437,Ahmadnagar,41,Ahmadnagar (M Cl) - Ward N 41,0,,0,0,,0,0,0,maharashtra
251548,3257438,Ahmadnagar,42,Ahmadnagar (M Cl) - Ward N 42,0,,0,0,,0,0,0,maharashtra
251548,3257439,Ahmadnagar,43,Ahmadnagar (M Cl) - Ward N 43,0,,0,0,,0,0,0,maharashtra
251548,3257440,Ahmadnagar,44,Ahmadnagar (M Cl) - Ward N 44,0,,0,0,,0,0,0,maharashtra
251548,3257441,Ahmadnagar,45,Ahmadnagar (M Cl) - Ward N 45,0,,0,0,,0,0,0,maharashtra
251548,3257442,Ahmadnagar,46,Ahmadnagar (M Cl) - Ward N 46,0,,0,0,,0,0,0,maharashtra
251548,3257443,Ahmadnagar,47,Ahmadnagar (M Cl) - Ward N 47,0,,0,0,,0,0,0,maharashtra
251548,3257444,Ahmadnagar,48,Ahmadnagar (M Cl) - Ward N 48,0,,0,0,,0,0,0,maharashtra
251548,3257445,Ahmadnagar,49,Ahmadnagar (M Cl) - Ward N 49,0,,0,0,,0,0,0,maharashtra
251548,58452,Ahmadnagar,5,Ahmadnagar (M Cl) - Ward N 5,0,,0,0,,0,0,0,maharashtra
251548,3257446,Ahmadnagar,50,Ahmadnagar (M Cl) - Ward N 50,0,,0,0,,0,0,0,maharashtra
251548,3257447,Ahmadnagar,51,Ahmadnagar (M Cl) - Ward N 51,0,,0,0,,0,0,0,maharashtra
251548,3257448,Ahmadnagar,52,Ahmadnagar (M Cl) - Ward N 52,0,,0,0,,0,0,0,maharashtra
251548,3257449,Ahmadnagar,53,Ahmadnagar (M Cl) - Ward N 53,0,,0,0,,0,0,0,maharashtra
251548,3257450,Ahmadnagar,54,Ahmadnagar (M Cl) - Ward N 54,0,,0,0,,0,0,0,maharashtra
251548,3257451,Ahmadnagar,55,Ahmadnagar (M Cl) - Ward N 55,0,,0,0,,0,0,0,maharashtra
251548,3257452,Ahmadnagar,56,Ahmadnagar (M Cl) - Ward N 56,0,,0,0,,0,0,0,maharashtra
251548,3257453,Ahmadnagar,57,Ahmadnagar (M Cl) - Ward N 57,0,,0,0,,0,0,0,maharashtra
251548,3257454,Ahmadnagar,58,Ahmadnagar (M Cl) - Ward N 58,0,,0,0,,0,0,0,maharashtra
251548,3257455,Ahmadnagar,59,Ahmadnagar (M Cl) - Ward N 59,0,,0,0,,0,0,0,maharashtra
251548,58453,Ahmadnagar,6,Ahmadnagar (M Cl) - Ward N 6,0,,0,0,,0,0,0,maharashtra
251548,3257456,Ahmadnagar,60,Ahmadnagar (M Cl) - Ward N 60,0,,0,0,,0,0,0,maharashtra
251548,3257457,Ahmadnagar,61,Ahmadnagar (M Cl) - Ward N 61,0,,0,0,,0,0,0,maharashtra
251548,3257458,Ahmadnagar,62,Ahmadnagar (M Cl) - Ward N 62,0,,0,0,,0,0,0,maharashtra
251548,3257459,Ahmadnagar,63,Ahmadnagar (M Cl) - Ward N 63,0,,0,0,,0,0,0,maharashtra
251548,3257460,Ahmadnagar,64,Ahmadnagar (M Cl) - Ward N 64,0,,0,0,,0,0,0,maharashtra
251548,3257461,Ahmadnagar,65,Ahmadnagar (M Cl) - Ward N 65,0,,0,0,,0,0,0,maharashtra
251548,3257462,Ahmadnagar,66,Ahmadnagar (M Cl) - Ward N 66,0,,0,0,,0,0,0,maharashtra
251548,3257463,Ahmadnagar,67,Ahmadnagar (M Cl) - Ward N 67,0,,0,0,,0,0,0,maharashtra
251548,3257464,Ahmadnagar,68,Ahmadnagar (M Cl) - Ward N 68,0,,0,0,,0,0,0,maharashtra
251548,58454,Ahmadnagar,7,Ahmadnagar (M Cl) - Ward N 7,0,,0,0,,0,0,0,maharashtra
251548,58455,Ahmadnagar,8,Ahmadnagar (M Cl) - Ward N 8,0,,0,0,,0,0,0,maharashtra
251548,58456,Ahmadnagar,9,Ahmadnagar (M Cl) - Ward N 9,0,,0,0,,0,0,0,maharashtra
251562,61147,Ahmadpur,10,Ward No.10 Menkudale Galli-Chauda Galli-Marwad Galli-Seeti Galli-Dhor Galli-Khatik Galli-Line Galli-Hamne Galli,0,,0,0,,0,0,0,maharashtra
251562,61148,Ahmadpur,11,Ward No.11 Mirakle Nagar-Nagoba Nagar-Bank Colony-Shabari Bhag-Sharma Plotting-Deshmukh Wada-Brahman Galli-Patil Galli-Gadi Galli-Halse Galli Bhag-Bagwan Galli,0,,0,0,,0,0,0,maharashtra
251562,61138,Ahmadpur,1,Ward No.1 Buddh Nagar-Maulali Hill-Mondha-Revenue Colony-Part of Bhagyanagar Police Station,0,,0,0,,0,0,0,maharashtra
251562,61139,Ahmadpur,2,Ward No.2 Part of Bhagya Nagar-Samta Nagar-Siddharth Nagar-Vakil Colony-Karad Nagar-Part of Marshivani Tandya-Char Tangi,0,,0,0,,0,0,0,maharashtra
251562,61140,Ahmadpur,3,Ward No.3 Marshivani-Rest House Part-Phule Housing Society-Vidyanagar-Hanuman Hill-Kandangire and other plotting,0,,0,0,,0,0,0,maharashtra
251562,61141,Ahmadpur,4,Ward No.4 Bus Stand-Reddy Colony-Rukme Nagar-Jawahar Society-Nagesh Colony-Gurukul Colony-Noor Colony-Pochamma Nagar-Part of New Shopping,0,,0,0,,0,0,0,maharashtra
251562,61142,Ahmadpur,5,Ward No.5 Ahmedpur Housing Society-Shopping Center Area-Saraswati Colony-Reddy Petrol Pump Area-Venkatesh Nagar-Sattar Colony-Gaikwad Colony-Tembhurni Road Area-Rajasarathi Colony,0,,0,0,,0,0,0,maharashtra
251562,61143,Ahmadpur,6,Ward No.6 Phulenagar-Tehsil-Vadarwada-Gunale Galli-Halse Galli area-Warik Wada area-Dargapur area-Hanuman temple,0,,0,0,,0,0,0,maharashtra
251562,61144,Ahmadpur,7,Ward No.7 CHAUDA NAGAR-BHARAT NAGAR-POKRANA PLOTTING-MEHBUB NAGAR PART-ARABIC MADRASHA PART,0,,0,0,,0,0,0,maharashtra
251562,61145,Ahmadpur,8,Ward No.8 Part of Indira Nagar-Bhagwan Colony-Mehbubnagar,0,,0,0,,0,0,0,maharashtra
251562,61146,Ahmadpur,9,Ward No.9 Arafat Colony-Bhim Nagar-Fatepura-Sathe Nagar-Gawli Galli Part-Market Nirman Society-Hamne Galli Part-Shankar Nagar,0,,0,0,,0,0,0,maharashtra
251630,73688,Ajara,1,Ward No.1,0,,0,0,,0,0,0,maharashtra
251630,1828413,Ajara,10,Ward No. 10,0,,0,0,,0,0,0,maharashtra
251630,1828414,Ajara,11,Ward No. 11,0,,0,0,,0,0,0,maharashtra
251630,1828415,Ajara,12,Ward No. 12,0,,0,0,,0,0,0,maharashtra
251630,1828416,Ajara,13,Ward No. 13,0,,0,0,,0,0,0,maharashtra
251630,1828417,Ajara,14,Ward No. 14,0,,0,0,,0,0,0,maharashtra
251630,1828418,Ajara,15,Ward No. 15,0,,0,0,,0,0,0,maharashtra
251630,1828419,Ajara,16,Ward No. 16,0,,0,0,,0,0,0,maharashtra
251630,1828420,Ajara,17,Ward No. 17,0,,0,0,,0,0,0,maharashtra
251630,1828405,Ajara,2,Ward No. 2,0,,0,0,,0,0,0,maharashtra
251630,1828406,Ajara,3,Ward No. 3,0,,0,0,,0,0,0,maharashtra
251630,1828407,Ajara,4,Ward No. 4,0,,0,0,,0,0,0,maharashtra
251630,1828408,Ajara,5,Ward No. 5,0,,0,0,,0,0,0,maharashtra
251630,1828409,Ajara,6,Ward No. 6,0,,0,0,,0,0,0,maharashtra
251630,1828410,Ajara,7,Ward No. 7,0,,0,0,,0,0,0,maharashtra
251630,1828411,Ajara,8,Ward No. 8,0,,0,0,,0,0,0,maharashtra
251630,1828412,Ajara,9,Ward No. 9,0,,0,0,,0,0,0,maharashtra
251581,70973,Akkalkot,1,Akkalkot (M Cl) - Ward No.1,0,,0,0,,0,0,0,maharashtra
251581,70982,Akkalkot,10,Akkalkot (M Cl) - Ward No.10,0,,0,0,,0,0,0,maharashtra
251581,70983,Akkalkot,11,Akkalkot (M Cl) - Ward No.11,0,,0,0,,0,0,0,maharashtra
251581,70974,Akkalkot,2,Akkalkot (M Cl) - Ward No.2,0,,0,0,,0,0,0,maharashtra
251581,70975,Akkalkot,3,Akkalkot (M Cl) - Ward No.3,0,,0,0,,0,0,0,maharashtra
251581,70976,Akkalkot,4,Akkalkot (M Cl) - Ward No.4,0,,0,0,,0,0,0,maharashtra
251581,70977,Akkalkot,5,Akkalkot (M Cl) - Ward No.5,0,,0,0,,0,0,0,maharashtra
251581,70978,Akkalkot,6,Akkalkot (M Cl) - Ward No.6,0,,0,0,,0,0,0,maharashtra
251581,70979,Akkalkot,7,Akkalkot (M Cl) - Ward No.7,0,,0,0,,0,0,0,maharashtra
251581,70980,Akkalkot,8,Akkalkot (M Cl) - Ward No.8,0,,0,0,,0,0,0,maharashtra
251581,70981,Akkalkot,9,Akkalkot (M Cl) - Ward No.9,0,,0,0,,0,0,0,maharashtra
300383,3232988,Akluj,1,Akluj (M Cl) Ward No. 1,0,,0,0,,0,0,0,maharashtra
300383,3232997,Akluj,10,Akluj (M Cl) Ward No. 10,0,,0,0,,0,0,0,maharashtra
300383,3232998,Akluj,11,Akluj (M Cl) Ward No. 11,0,,0,0,,0,0,0,maharashtra
300383,3232999,Akluj,12,Akluj (M Cl) Ward No. 12,0,,0,0,,0,0,0,maharashtra
300383,3233000,Akluj,13,Akluj (M Cl) Ward No. 13,0,,0,0,,0,0,0,maharashtra
300383,3232989,Akluj,2,Akluj (M Cl) Ward No. 2,0,,0,0,,0,0,0,maharashtra
300383,3232990,Akluj,3,Akluj (M Cl) Ward No. 3,0,,0,0,,0,0,0,maharashtra
300383,3232991,Akluj,4,Akluj (M Cl) Ward No. 4,0,,0,0,,0,0,0,maharashtra
300383,3232992,Akluj,5,Akluj (M Cl) Ward No. 5,0,,0,0,,0,0,0,maharashtra
300383,3232993,Akluj,6,Akluj (M Cl) Ward No. 6,0,,0,0,,0,0,0,maharashtra
300383,3232994,Akluj,7,Akluj (M Cl) Ward No. 7,0,,0,0,,0,0,0,maharashtra
300383,3232995,Akluj,8,Akluj (M Cl) Ward No. 8,0,,0,0,,0,0,0,maharashtra
300383,3232996,Akluj,9,Akluj (M Cl) Ward No. 9,0,,0,0,,0,0,0,maharashtra
251312,65227,Akola,1,Akola (M Cl) - Ward No 1,0,,0,0,,0,0,0,maharashtra
251312,65236,Akola,10,Akola (M Cl) - Ward No 10,0,,0,0,,0,0,0,maharashtra
251312,65237,Akola,11,Akola (M Cl) - Ward No 11,0,,0,0,,0,0,0,maharashtra
251312,65238,Akola,12,Akola (M Cl) - Ward No 12,0,,0,0,,0,0,0,maharashtra
251312,65239,Akola,13,Akola (M Cl) - Ward No 13,0,,0,0,,0,0,0,maharashtra
251312,65240,Akola,14,Akola (M Cl) - Ward No 14,0,,0,0,,0,0,0,maharashtra
251312,65241,Akola,15,Akola (M Cl) - Ward No 15,0,,0,0,,0,0,0,maharashtra
251312,65242,Akola,16,Akola (M Cl) - Ward No 16,0,,0,0,,0,0,0,maharashtra
251312,65243,Akola,17,Akola (M Cl) - Ward No 17,0,,0,0,,0,0,0,maharashtra
251312,65244,Akola,18,Akola (M Cl) - Ward No 18,0,,0,0,,0,0,0,maharashtra
251312,65245,Akola,19,Akola (M Cl) - Ward No 19,0,,0,0,,0,0,0,maharashtra
251312,65228,Akola,2,Akola (M Cl) - Ward No 2,0,,0,0,,0,0,0,maharashtra
251312,65246,Akola,20,Akola (M Cl) - Ward No 20,0,,0,0,,0,0,0,maharashtra
251312,65229,Akola,3,Akola (M Cl) - Ward No 3,0,,0,0,,0,0,0,maharashtra
251312,65230,Akola,4,Akola (M Cl) - Ward No 4,0,,0,0,,0,0,0,maharashtra
251312,65231,Akola,5,Akola (M Cl) - Ward No 5,0,,0,0,,0,0,0,maharashtra
251312,65232,Akola,6,Akola (M Cl) - Ward No 6,0,,0,0,,0,0,0,maharashtra
251312,65233,Akola,7,Akola (M Cl) - Ward No 7,0,,0,0,,0,0,0,maharashtra
251312,65234,Akola,8,Akola (M Cl) - Ward No 8,0,,0,0,,0,0,0,maharashtra
251312,65235,Akola,9,Akola (M Cl) - Ward No 9,0,,0,0,,0,0,0,maharashtra
275728,2405363,Akole,1,Akole (NP) - Ward N 1,0,,0,0,,0,0,0,maharashtra
275728,2405372,Akole,10,Akole (NP) - Ward N 10,0,,0,0,,0,0,0,maharashtra
275728,2405373,Akole,11,Akole (NP) - Ward N 11,0,,0,0,,0,0,0,maharashtra
275728,2405374,Akole,12,Akole (NP) - Ward N 12,0,,0,0,,0,0,0,maharashtra
275728,2405375,Akole,13,Akole (NP) - Ward N 13,0,,0,0,,0,0,0,maharashtra
275728,2405376,Akole,14,Akole (NP) - Ward N 14,0,,0,0,,0,0,0,maharashtra
275728,2405377,Akole,15,Akole (NP) - Ward N 15,0,,0,0,,0,0,0,maharashtra
275728,2405378,Akole,16,Akole (NP) - Ward N 16,0,,0,0,,0,0,0,maharashtra
275728,2405379,Akole,17,Akole (NP) - Ward N 17,0,,0,0,,0,0,0,maharashtra
275728,2405364,Akole,2,Akole (NP) - Ward N 2,0,,0,0,,0,0,0,maharashtra
275728,2405365,Akole,3,Akole (NP) - Ward N 3,0,,0,0,,0,0,0,maharashtra
275728,2405366,Akole,4,Akole (NP) - Ward N 4,0,,0,0,,0,0,0,maharashtra
275728,2405367,Akole,5,Akole (NP) - Ward N 5,0,,0,0,,0,0,0,maharashtra
275728,2405368,Akole,6,Akole (NP) - Ward N 6,0,,0,0,,0,0,0,maharashtra
275728,2405369,Akole,7,Akole (NP) - Ward N 7,0,,0,0,,0,0,0,maharashtra
275728,2405370,Akole,8,Akole (NP) - Ward N 8,0,,0,0,,0,0,0,maharashtra
275728,2405371,Akole,9,Akole (NP) - Ward N 9,0,,0,0,,0,0,0,maharashtra
251310,3235298,Akot,17,Akot (M CI) -Ward No 17,0,,0,0,,0,0,0,maharashtra
251310,65199,Akot,1,Akot (M Cl) - Ward No.1,0,,0,0,,0,0,0,maharashtra
251310,65208,Akot,10,Akot (M Cl) - Ward No.10,0,,0,0,,0,0,0,maharashtra
251310,65209,Akot,11,Akot (M Cl) - Ward No.11,0,,0,0,,0,0,0,maharashtra
251310,65210,Akot,12,Akot (M Cl) - Ward No.12,0,,0,0,,0,0,0,maharashtra
251310,65211,Akot,13,Akot (M Cl) - Ward No.13,0,,0,0,,0,0,0,maharashtra
251310,65212,Akot,14,Akot (M Cl) - Ward No.14,0,,0,0,,0,0,0,maharashtra
251310,65213,Akot,15,Akot (M Cl) - Ward No.15,0,,0,0,,0,0,0,maharashtra
251310,65214,Akot,16,Akot (M Cl) - Ward No.16,0,,0,0,,0,0,0,maharashtra
251310,65200,Akot,2,Akot (M Cl) - Ward No.2,0,,0,0,,0,0,0,maharashtra
251310,65201,Akot,3,Akot (M Cl) - Ward No.3,0,,0,0,,0,0,0,maharashtra
251310,65202,Akot,4,Akot (M Cl) - Ward No.4,0,,0,0,,0,0,0,maharashtra
251310,65203,Akot,5,Akot (M Cl) - Ward No.5,0,,0,0,,0,0,0,maharashtra
251310,65204,Akot,6,Akot (M Cl) - Ward No.6,0,,0,0,,0,0,0,maharashtra
251310,65205,Akot,7,Akot (M Cl) - Ward No.7,0,,0,0,,0,0,0,maharashtra
251310,65206,Akot,8,Akot (M Cl) - Ward No.8,0,,0,0,,0,0,0,maharashtra
251310,65207,Akot,9,Akot (M Cl) - Ward No.9,0,,0,0,,0,0,0,maharashtra
251521,76934,Alandi,1,Alandi (M Cl) Ward No.1,0,,0,0,,0,0,0,maharashtra
251521,76935,Alandi,2,Alandi (M Cl) Ward No.2,0,,0,0,,0,0,0,maharashtra
251521,76936,Alandi,3,Alandi (M Cl) Ward No.3,0,,0,0,,0,0,0,maharashtra
251521,76937,Alandi,4,Alandi (M Cl) Ward No.4,0,,0,0,,0,0,0,maharashtra
251521,76938,Alandi,5,Alandi (M Cl) Ward No.5,0,,0,0,,0,0,0,maharashtra
251521,76939,Alandi,6,Alandi (M Cl) Ward No.6,0,,0,0,,0,0,0,maharashtra
251521,76940,Alandi,7,Alandi (M Cl) Ward No.7,0,,0,0,,0,0,0,maharashtra
251521,76941,Alandi,8,Alandi (M Cl) Ward No.8,0,,0,0,,0,0,0,maharashtra
251521,76942,Alandi,9,Alandi (M Cl) Ward No.9,0,,0,0,,0,0,0,maharashtra
251503,55839,Alibag,1,Ward No1,0,,0,0,,0,0,0,maharashtra
251503,3320429,Alibag,10,Ward No10,0,,0,0,,0,0,0,maharashtra
251503,55840,Alibag,2,Ward No2,0,,0,0,,0,0,0,maharashtra
251503,55841,Alibag,3,Ward No3,0,,0,0,,0,0,0,maharashtra
251503,55842,Alibag,4,Ward No4,0,,0,0,,0,0,0,maharashtra
251503,55843,Alibag,5,Ward No5,0,,0,0,,0,0,0,maharashtra
251503,55844,Alibag,6,Ward No6,0,,0,0,,0,0,0,maharashtra
251503,55845,Alibag,7,Ward No7,0,,0,0,,0,0,0,maharashtra
251503,55846,Alibag,8,Ward No8,0,,0,0,,0,0,0,maharashtra
251503,3320428,Alibag,9,Ward No9,0,,0,0,,0,0,0,maharashtra
251294,51435,Amalner,1,Amalner (M Cl) - Ward No.1,0,,0,0,,0,0,0,maharashtra
251294,51444,Amalner,10,Amalner (M Cl) - Ward No.10,0,,0,0,,0,0,0,maharashtra
251294,51445,Amalner,11,Amalner (M Cl) - Ward No.11,0,,0,0,,0,0,0,maharashtra
251294,51446,Amalner,12,Amalner (M Cl) - Ward No.12,0,,0,0,,0,0,0,maharashtra
251294,51447,Amalner,13,Amalner (M Cl) - Ward No.13,0,,0,0,,0,0,0,maharashtra
251294,51448,Amalner,14,Amalner (M Cl) - Ward No.14,0,,0,0,,0,0,0,maharashtra
251294,51449,Amalner,15,Amalner (M Cl) - Ward No.15,0,,0,0,,0,0,0,maharashtra
251294,51450,Amalner,16,Amalner (M Cl) - Ward No.16,0,,0,0,,0,0,0,maharashtra
251294,51451,Amalner,17,Amalner (M Cl) - Ward No.17,0,,0,0,,0,0,0,maharashtra
251294,51452,Amalner,18,Amalner (M Cl) - Ward No.18,0,,0,0,,0,0,0,maharashtra
251294,51453,Amalner,19,Amalner (M Cl) - Ward No.19,0,,0,0,,0,0,0,maharashtra
251294,51436,Amalner,2,Amalner (M Cl) - Ward No.2,0,,0,0,,0,0,0,maharashtra
251294,51454,Amalner,20,Amalner (M Cl) - Ward No.20,0,,0,0,,0,0,0,maharashtra
251294,51455,Amalner,21,Amalner (M Cl) - Ward No.21,0,,0,0,,0,0,0,maharashtra
251294,51456,Amalner,22,Amalner (M Cl) - Ward No.22,0,,0,0,,0,0,0,maharashtra
251294,51457,Amalner,23,Amalner (M Cl) - Ward No.23,0,,0,0,,0,0,0,maharashtra
251294,51458,Amalner,24,Amalner (M Cl) - Ward No.24,0,,0,0,,0,0,0,maharashtra
251294,51459,Amalner,25,Amalner (M Cl) - Ward No.25,0,,0,0,,0,0,0,maharashtra
251294,51460,Amalner,26,Amalner (M Cl) - Ward No.26,0,,0,0,,0,0,0,maharashtra
251294,51461,Amalner,27,Amalner (M Cl) - Ward No.27,0,,0,0,,0,0,0,maharashtra
251294,51462,Amalner,28,Amalner (M Cl) - Ward No.28,0,,0,0,,0,0,0,maharashtra
251294,51463,Amalner,29,Amalner (M Cl) - Ward No.29,0,,0,0,,0,0,0,maharashtra
251294,51437,Amalner,3,Amalner (M Cl) - Ward No.3,0,,0,0,,0,0,0,maharashtra
251294,51464,Amalner,30,Amalner (M Cl) - Ward No.30,0,,0,0,,0,0,0,maharashtra
251294,51438,Amalner,4,Amalner (M Cl) - Ward No.4,0,,0,0,,0,0,0,maharashtra
251294,51439,Amalner,5,Amalner (M Cl) - Ward No.5,0,,0,0,,0,0,0,maharashtra
251294,51440,Amalner,6,Amalner (M Cl) - Ward No.6,0,,0,0,,0,0,0,maharashtra
251294,51441,Amalner,7,Amalner (M Cl) - Ward No.7,0,,0,0,,0,0,0,maharashtra
251294,51442,Amalner,8,Amalner (M Cl) - Ward No.8,0,,0,0,,0,0,0,maharashtra
251294,51443,Amalner,9,Amalner (M Cl) - Ward No.9,0,,0,0,,0,0,0,maharashtra
251424,47740,Ambad,1,Ward No.1 Indani Colony - Shindenagar - Balanagar - Dhait Nagar - Police Colony - Sharda Nagar - Shamim Colony Part - Court Complex - Thakur Nagar Part,0,,0,0,,0,0,0,maharashtra
251424,47741,Ambad,2,Ward No.2 Changlenagar - Jawahar Colony - Athawadi Bazar - Phulenagar Part - Bijavitaran Company Complex - Joshi Hospital Complex (Part),0,,0,0,,0,0,0,maharashtra
251424,47742,Ambad,3,Ward No.3 Thakur Nagar Part - Mehboob A. J. Nagar Part - Raut Nagar Part,0,,0,0,,0,0,0,maharashtra
251424,47743,Ambad,4,Ward No.4 Shamim Colony Part - Raut Nagar Part - Mehboob Nagar Part - Gaware Colony - Gandhinagar Part - Indira Nagar Part,0,,0,0,,0,0,0,maharashtra
251424,47744,Ambad,5,Ward No.5 Indira Nagar Part - Pathan Mohalla,0,,0,0,,0,0,0,maharashtra
251424,47745,Ambad,6,Ward No.6 Arab Mohalla - Naikwadi Mohalla Part - S.D.M. Office premises - Ganpati Galli part - Balaji Mohalla - Ram Mandir Galli part - Khatib Mohalla - Mehboob Subhani Majid area.,0,,0,0,,0,0,0,maharashtra
251424,47746,Ambad,7,Ward No.7 Bagwan Mohalla Part - Ganpati Galli Part - Deshpande Galli - Naikwadi Mohalla Part - Max Tanks Area - Old Mondha Area - Maharashtra Dwar Area Kavandi Galli,0,,0,0,,0,0,0,maharashtra
251424,47747,Ambad,8,Ward No.8 Holkar Nagar-Ambedkar Nagar Part-Bagwan Mohalla Part,0,,0,0,,0,0,0,maharashtra
251424,47748,Ambad,9,Ward No.9 Kavandi Galli Part - Tilak Path - New Mondha - Pitinagar - Vikas Colony - Matsyodari Colony - Gudhe Nagar - Sathe Nagar - Ambedkar Nagar Part,0,,0,0,,0,0,0,maharashtra
251560,61121,Ambajogai,10,Ward No.10 Gavalipura,0,,0,0,,0,0,0,maharashtra
251560,61122,Ambajogai,11,Ward No.11 Lalnagar,0,,0,0,,0,0,0,maharashtra
251560,61123,Ambajogai,12,Ward No.12 S.R.T. Hospital,0,,0,0,,0,0,0,maharashtra
251560,61124,Ambajogai,13,Ward No.13 Sadar Bajar,0,,0,0,,0,0,0,maharashtra
251560,61125,Ambajogai,14,Ward No.14 Mondha,0,,0,0,,0,0,0,maharashtra
251560,61112,Ambajogai,1,Ward No.1 Yogeshwari,0,,0,0,,0,0,0,maharashtra
251560,61113,Ambajogai,2,Ward No.2 Ravivar Peth,0,,0,0,,0,0,0,maharashtra
251560,61114,Ambajogai,3,Ward No.3 Jire Galli,0,,0,0,,0,0,0,maharashtra
251560,61115,Ambajogai,4,Ward No.4 Parali Ves,0,,0,0,,0,0,0,maharashtra
251560,61116,Ambajogai,5,Ward No.5 Khadakpura,0,,0,0,,0,0,0,maharashtra
251560,61117,Ambajogai,6,Ward No.6 Adarsh Colony,0,,0,0,,0,0,0,maharashtra
251560,61118,Ambajogai,7,Ward No.7 Mangalwar Peth,0,,0,0,,0,0,0,maharashtra
251560,61119,Ambajogai,8,Ward No.8 Prashantnagar,0,,0,0,,0,0,0,maharashtra
251560,61120,Ambajogai,9,Ward No.9 Guruwar Peth,0,,0,0,,0,0,0,maharashtra
251485,48969,Ambarnath,17,Ambedkar Nagar-Radhe Govind Nagar area.,0,,0,0,,0,0,0,maharashtra
251485,48942,Ambarnath,8,Balaji Nagar Khuntavali Pada area.,0,,0,0,,0,0,0,maharashtra
251485,48936,Ambarnath,6,Bhaskar Nagar Khuntavali Varcha Pada.,0,,0,0,,0,0,0,maharashtra
251485,48933,Ambarnath,5,Buapada Sarvodaya Nagar.,0,,0,0,,0,0,0,maharashtra
251485,48927,Ambarnath,3,Chinchpada Narayan Nagar Navare Park Area.,0,,0,0,,0,0,0,maharashtra
251485,48921,Ambarnath,1,Javsai Village Phulenagar settelment panvelkar campus,0,,0,0,,0,0,0,maharashtra
251485,48993,Ambarnath,25,Kailash Nagar -Shivaji Nagar Area.,0,,0,0,,0,0,0,maharashtra
251485,48951,Ambarnath,11,Kailash Nagar Siddharth nagar Ordnace Factory North Area.,0,,0,0,,0,0,0,maharashtra
251485,48981,Ambarnath,21,Kansai village - Kansai section.,0,,0,0,,0,0,0,maharashtra
251485,48930,Ambarnath,4,Khamkar Wadi Shivaling nagar area.,0,,0,0,,0,0,0,maharashtra
251485,48939,Ambarnath,7,Khuntavli Gavthan Metal Nagar Khuntavali Varcha Pada area.,0,,0,0,,0,0,0,maharashtra
251485,48924,Ambarnath,2,Kohojgaon Kamalakar Nagar Kathodpada area.,0,,0,0,,0,0,0,maharashtra
251485,48996,Ambarnath,26,Mahalakshmi Nagar Santoshi mata Nagar.,0,,0,0,,0,0,0,maharashtra
251485,48945,Ambarnath,9,Maharashtra Housing Board New Colony Panvelkar Garden Area.,0,,0,0,,0,0,0,maharashtra
251485,48963,Ambarnath,15,Morivali Village -New Colony- Netaji Market Area.,0,,0,0,,0,0,0,maharashtra
251485,48966,Ambarnath,16,Navare Nagar -Nisarg green area.,0,,0,0,,0,0,0,maharashtra
251485,48960,Ambarnath,14,New Bhendipada -Ghadge nagar area.,0,,0,0,,0,0,0,maharashtra
251485,48954,Ambarnath,12,Old Bhendipada Vadolgaon Ordnance estate.,0,,0,0,,0,0,0,maharashtra
251485,49002,Ambarnath,28,Palegaon -Prakash Nagar -Phasepardhi Settlement Area.,0,,0,0,,0,0,0,maharashtra
251485,49005,Ambarnath,29,Palegaon South Region jambhivali Chikhaloli Village -Morivali pada area.,0,,0,0,,0,0,0,maharashtra
251485,48999,Ambarnath,27,Royal Park Loknagari area.,0,,0,0,,0,0,0,maharashtra
251485,48975,Ambarnath,19,Sai Section -Kher Section.,0,,0,0,,0,0,0,maharashtra
251485,48978,Ambarnath,20,Sai Section Mohan puram area.,0,,0,0,,0,0,0,maharashtra
251485,48987,Ambarnath,23,Shivaji Nagar Maruti temple -Godbole Garden Area.,0,,0,0,,0,0,0,maharashtra
251485,48984,Ambarnath,22,Sivagangar Nagar Barkucha Pada area.,0,,0,0,,0,0,0,maharashtra
251485,48957,Ambarnath,13,Swaminagar Shivnagar -Station Area West Sector.,0,,0,0,,0,0,0,maharashtra
251485,48972,Ambarnath,18,Vadavali -DD Scheme No.15- Dutt Kutir Slum.,0,,0,0,,0,0,0,maharashtra
251485,48990,Ambarnath,24,Vadavali Section Krishna nagar West Area.,0,,0,0,,0,0,0,maharashtra
251485,48948,Ambarnath,10,Vandra Pada Shastri Nagar area.,0,,0,0,,0,0,0,maharashtra
276364,3246728,Amgaon,1,Amgaon (M Cl) Ward No. 1,0,,0,0,,0,0,0,maharashtra
276364,3246737,Amgaon,10,Amgaon (M Cl) Ward No. 10,0,,0,0,,0,0,0,maharashtra
276364,3246738,Amgaon,11,Amgaon (M Cl) Ward No. 11,0,,0,0,,0,0,0,maharashtra
276364,3246729,Amgaon,2,Amgaon (M Cl) Ward No. 2,0,,0,0,,0,0,0,maharashtra
276364,3246730,Amgaon,3,Amgaon (M Cl) Ward No. 3,0,,0,0,,0,0,0,maharashtra
276364,3246731,Amgaon,4,Amgaon (M Cl) Ward No. 4,0,,0,0,,0,0,0,maharashtra
276364,3246732,Amgaon,5,Amgaon (M Cl) Ward No. 5,0,,0,0,,0,0,0,maharashtra
276364,3246733,Amgaon,6,Amgaon (M Cl) Ward No. 6,0,,0,0,,0,0,0,maharashtra
276364,3246734,Amgaon,7,Amgaon (M Cl) Ward No. 7,0,,0,0,,0,0,0,maharashtra
276364,3246735,Amgaon,8,Amgaon (M Cl) Ward No. 8,0,,0,0,,0,0,0,maharashtra
276364,3246736,Amgaon,9,Amgaon (M Cl) Ward No. 9,0,,0,0,,0,0,0,maharashtra
251328,46021,Amravati,33,Aathwadi Bazar,0,,0,0,,0,0,0,maharashtra
251328,46003,Amravati,15,Belpura,0,,0,0,,0,0,0,maharashtra
251328,46015,Amravati,27,Benoda,0,,0,0,,0,0,0,maharashtra
251328,45999,Amravati,11,Bicchu Tekdi,0,,0,0,,0,0,0,maharashtra
251328,46011,Amravati,23,Budhwara,0,,0,0,,0,0,0,maharashtra
251328,46016,Amravati,28,Dastur Nagar-Jewad.,0,,0,0,,0,0,0,maharashtra
251328,46020,Amravati,32,East Badnera,0,,0,0,,0,0,0,maharashtra
251328,46001,Amravati,13,Frezarpura,0,,0,0,,0,0,0,maharashtra
251328,46009,Amravati,21,Gadgadeshwar,0,,0,0,,0,0,0,maharashtra
251328,46006,Amravati,18,Habib Nagar- Academic High School,0,,0,0,,0,0,0,maharashtra
251328,46012,Amravati,24,H.V.P.M.,0,,0,0,,0,0,0,maharashtra
251328,45995,Amravati,7,Jamil Colony,0,,0,0,,0,0,0,maharashtra
251328,45998,Amravati,10,Jog Stadium,0,,0,0,,0,0,0,maharashtra
251328,46014,Amravati,26,Kiran Nagar,0,,0,0,,0,0,0,maharashtra
251328,45994,Amravati,6,Lalkhadi - Navsari,0,,0,0,,0,0,0,maharashtra
251328,45992,Amravati,4,Mahendra Colony-New Cotton Market,0,,0,0,,0,0,0,maharashtra
251328,46005,Amravati,17,Morbagh,0,,0,0,,0,0,0,maharashtra
251328,45993,Amravati,5,Navodaya Vidyalaya,0,,0,0,,0,0,0,maharashtra
251328,46004,Amravati,16,Nawathe- Ambapet,0,,0,0,,0,0,0,maharashtra
251328,46007,Amravati,19,Pathanpura,0,,0,0,,0,0,0,maharashtra
251328,46008,Amravati,20,Rahmat Nagar- Alim Nagar,0,,0,0,,0,0,0,maharashtra
251328,46013,Amravati,25,Rajapeth,0,,0,0,,0,0,0,maharashtra
251328,45997,Amravati,9,Rampuri Camp,0,,0,0,,0,0,0,maharashtra
251328,46017,Amravati,29,Sai Nagar,0,,0,0,,0,0,0,maharashtra
251328,46010,Amravati,22,Sarafa,0,,0,0,,0,0,0,maharashtra
251328,45989,Amravati,1,Shegaon-Rahatgaon,0,,0,0,,0,0,0,maharashtra
251328,45991,Amravati,3,Shri. Sant Gadgebaba,0,,0,0,,0,0,0,maharashtra
251328,46019,Amravati,31,Sutgirani,0,,0,0,,0,0,0,maharashtra
251328,46002,Amravati,14,Swami Vivekananda-Rukhmini Nagar,0,,0,0,,0,0,0,maharashtra
251328,45990,Amravati,2,Tapovan,0,,0,0,,0,0,0,maharashtra
251328,45996,Amravati,8,Vilas Nagar,0,,0,0,,0,0,0,maharashtra
251328,46000,Amravati,12,Wadali,0,,0,0,,0,0,0,maharashtra
251328,46018,Amravati,30,West Badnera,0,,0,0,,0,0,0,maharashtra
300382,3256065,Angar,1,Ward No.1,0,,0,0,,0,0,0,maharashtra
300382,3256074,Angar,10,Ward No.10,0,,0,0,,0,0,0,maharashtra
300382,3256075,Angar,11,Ward No.11,0,,0,0,,0,0,0,maharashtra
300382,3256076,Angar,12,Ward No.12,0,,0,0,,0,0,0,maharashtra
300382,3256077,Angar,13,Ward No.13,0,,0,0,,0,0,0,maharashtra
300382,3256078,Angar,14,Ward No.14,0,,0,0,,0,0,0,maharashtra
300382,3256079,Angar,15,Ward No.15,0,,0,0,,0,0,0,maharashtra
300382,3256080,Angar,16,Ward No.16,0,,0,0,,0,0,0,maharashtra
300382,3256081,Angar,17,Ward No.17,0,,0,0,,0,0,0,maharashtra
300382,3256066,Angar,2,Ward No.2,0,,0,0,,0,0,0,maharashtra
300382,3256067,Angar,3,Ward No.3,0,,0,0,,0,0,0,maharashtra
300382,3256068,Angar,4,Ward No.4,0,,0,0,,0,0,0,maharashtra
300382,3256069,Angar,5,Ward No.5,0,,0,0,,0,0,0,maharashtra
300382,3256070,Angar,6,Ward No.6,0,,0,0,,0,0,0,maharashtra
300382,3256071,Angar,7,Ward No.7,0,,0,0,,0,0,0,maharashtra
300382,3256072,Angar,8,Ward No.8,0,,0,0,,0,0,0,maharashtra
300382,3256073,Angar,9,Ward No.9,0,,0,0,,0,0,0,maharashtra
251322,1719402,Anjangaon,1,Anjangaon (M Ci) - Ward No. 1,0,,0,0,,0,0,0,maharashtra
251322,1719411,Anjangaon,10,Anjangaon (M Ci) - Ward No. 10,0,,0,0,,0,0,0,maharashtra
251322,1719412,Anjangaon,11,Anjangaon (M Ci) - Ward No. 11,0,,0,0,,0,0,0,maharashtra
251322,1719413,Anjangaon,12,Anjangaon (M Ci) - Ward No. 12,0,,0,0,,0,0,0,maharashtra
251322,1719414,Anjangaon,13,Anjangaon (M Ci) - Ward No. 13,0,,0,0,,0,0,0,maharashtra
251322,3253082,Anjangaon,14,Anjangaon (M Ci) - Ward No. 14,0,,0,0,,0,0,0,maharashtra
251322,1719403,Anjangaon,2,Anjangaon (M Ci) - Ward No. 2,0,,0,0,,0,0,0,maharashtra
251322,1719404,Anjangaon,3,Anjangaon (M Ci) - Ward No. 3,0,,0,0,,0,0,0,maharashtra
251322,1719405,Anjangaon,4,Anjangaon (M Ci) - Ward No. 4,0,,0,0,,0,0,0,maharashtra
251322,1719406,Anjangaon,5,Anjangaon (M Ci) - Ward No. 5,0,,0,0,,0,0,0,maharashtra
251322,1719407,Anjangaon,6,Anjangaon (M Ci) - Ward No. 6,0,,0,0,,0,0,0,maharashtra
251322,1719408,Anjangaon,7,Anjangaon (M Ci) - Ward No. 7,0,,0,0,,0,0,0,maharashtra
251322,1719409,Anjangaon,8,Anjangaon (M Ci) - Ward No. 8,0,,0,0,,0,0,0,maharashtra
251322,1719410,Anjangaon,9,Anjangaon (M Ci) - Ward No. 9,0,,0,0,,0,0,0,maharashtra
258020,1815781,Ardhapur,1,Ardhapur ( N P) - Ward No.1,0,,0,0,,0,0,0,maharashtra
258020,1815790,Ardhapur,10,Ardhapur ( N P) - Ward No.10,0,,0,0,,0,0,0,maharashtra
258020,1815791,Ardhapur,11,Ardhapur ( N P) - Ward No.11,0,,0,0,,0,0,0,maharashtra
258020,1815792,Ardhapur,12,Ardhapur ( N P) - Ward No.12,0,,0,0,,0,0,0,maharashtra
258020,1815793,Ardhapur,13,Ardhapur ( N P) - Ward No.13,0,,0,0,,0,0,0,maharashtra
258020,1815794,Ardhapur,14,Ardhapur ( N P) - Ward No.14,0,,0,0,,0,0,0,maharashtra
258020,1815795,Ardhapur,15,Ardhapur ( N P) - Ward No.15,0,,0,0,,0,0,0,maharashtra
258020,1815796,Ardhapur,16,Ardhapur ( N P) - Ward No.16,0,,0,0,,0,0,0,maharashtra
258020,1815797,Ardhapur,17,Ardhapur ( N P) - Ward No.17,0,,0,0,,0,0,0,maharashtra
258020,1815782,Ardhapur,2,Ardhapur ( N P) - Ward No.2,0,,0,0,,0,0,0,maharashtra
258020,1815783,Ardhapur,3,Ardhapur ( N P) - Ward No.3,0,,0,0,,0,0,0,maharashtra
258020,1815784,Ardhapur,4,Ardhapur ( N P) - Ward No.4,0,,0,0,,0,0,0,maharashtra
258020,1815785,Ardhapur,5,Ardhapur ( N P) - Ward No.5,0,,0,0,,0,0,0,maharashtra
258020,1815786,Ardhapur,6,Ardhapur ( N P) - Ward No.6,0,,0,0,,0,0,0,maharashtra
258020,1815787,Ardhapur,7,Ardhapur ( N P) - Ward No.7,0,,0,0,,0,0,0,maharashtra
258020,1815788,Ardhapur,8,Ardhapur ( N P) - Ward No.8,0,,0,0,,0,0,0,maharashtra
258020,1815789,Ardhapur,9,Ardhapur ( N P) - Ward No.9,0,,0,0,,0,0,0,maharashtra
276366,1884153,Arjuni,1,Arjuni (N P) Ward No.1,0,,0,0,,0,0,0,maharashtra
276366,1884162,Arjuni,10,Arjuni (N P) Ward No.10,0,,0,0,,0,0,0,maharashtra
276366,1884163,Arjuni,11,Arjuni (N P) Ward No.11,0,,0,0,,0,0,0,maharashtra
276366,1884164,Arjuni,12,Arjuni (N P) Ward No.12,0,,0,0,,0,0,0,maharashtra
276366,1884165,Arjuni,13,Arjuni (N P) Ward No.13,0,,0,0,,0,0,0,maharashtra
276366,1884166,Arjuni,14,Arjuni (N P) Ward No.14,0,,0,0,,0,0,0,maharashtra
276366,1884167,Arjuni,15,Arjuni (N P) Ward No.15,0,,0,0,,0,0,0,maharashtra
276366,1884168,Arjuni,16,Arjuni (N P) Ward No.16,0,,0,0,,0,0,0,maharashtra
276366,1884169,Arjuni,17,Arjuni (N P) Ward No.17,0,,0,0,,0,0,0,maharashtra
276366,1884154,Arjuni,2,Arjuni (N P) Ward No.2,0,,0,0,,0,0,0,maharashtra
276366,1884155,Arjuni,3,Arjuni (N P) Ward No.3,0,,0,0,,0,0,0,maharashtra
276366,1884156,Arjuni,4,Arjuni (N P) Ward No.4,0,,0,0,,0,0,0,maharashtra
276366,1884157,Arjuni,5,Arjuni (N P) Ward No.5,0,,0,0,,0,0,0,maharashtra
276366,1884158,Arjuni,6,Arjuni (N P) Ward No.6,0,,0,0,,0,0,0,maharashtra
276366,1884159,Arjuni,7,Arjuni (N P) Ward No.7,0,,0,0,,0,0,0,maharashtra
276366,1884160,Arjuni,8,Arjuni (N P) Ward No.8,0,,0,0,,0,0,0,maharashtra
276366,1884161,Arjuni,9,Arjuni (N P) Ward No.9,0,,0,0,,0,0,0,maharashtra
259703,1306388,Arni,1,Arni (M Cl) Ward No.1,0,,0,0,,0,0,0,maharashtra
259703,3257162,Arni,10,Arni (M Cl) Ward No.10,0,,0,0,,0,0,0,maharashtra
259703,3257166,Arni,11,Arni (M Cl) Ward No.11,0,,0,0,,0,0,0,maharashtra
259703,1306389,Arni,2,Arni (M Cl) Ward No.2,0,,0,0,,0,0,0,maharashtra
259703,1306390,Arni,3,Arni (M Cl) Ward No.3,0,,0,0,,0,0,0,maharashtra
259703,1306391,Arni,4,Arni (M Cl) Ward No.4,0,,0,0,,0,0,0,maharashtra
259703,1306392,Arni,5,Arni (M Cl) Ward No.5,0,,0,0,,0,0,0,maharashtra
259703,1306393,Arni,6,Arni (M Cl) Ward No.6,0,,0,0,,0,0,0,maharashtra
259703,1306394,Arni,7,Arni (M Cl) Ward No.7,0,,0,0,,0,0,0,maharashtra
259703,1306395,Arni,8,Arni (M Cl) Ward No.8,0,,0,0,,0,0,0,maharashtra
259703,1306396,Arni,9,Arni (M Cl) Ward No.9,0,,0,0,,0,0,0,maharashtra
251332,46080,Arvi,1,Arvi (M Cl) Ward No.1,0,,0,0,,0,0,0,maharashtra
251332,46098,Arvi,10,Arvi (M Cl) Ward No.10,0,,0,0,,0,0,0,maharashtra
251332,46100,Arvi,11,Arvi (M Cl) Ward No.11,0,,0,0,,0,0,0,maharashtra
251332,46082,Arvi,2,Arvi (M Cl) Ward No.2,0,,0,0,,0,0,0,maharashtra
251332,46084,Arvi,3,Arvi (M Cl) Ward No.3,0,,0,0,,0,0,0,maharashtra
251332,46086,Arvi,4,Arvi (M Cl) Ward No.4,0,,0,0,,0,0,0,maharashtra
251332,46088,Arvi,5,Arvi (M Cl) Ward No.5,0,,0,0,,0,0,0,maharashtra
251332,46090,Arvi,6,Arvi (M Cl) Ward No.6,0,,0,0,,0,0,0,maharashtra
251332,46092,Arvi,7,Arvi (M Cl) Ward No.7,0,,0,0,,0,0,0,maharashtra
251332,46094,Arvi,8,Arvi (M Cl) Ward No.8,0,,0,0,,0,0,0,maharashtra
251332,46096,Arvi,9,Arvi (M Cl) Ward No.9,0,,0,0,,0,0,0,maharashtra
251634,77394,Ashta,1,Ashta (Mcl) Ward No.1,0,,0,0,,0,0,0,maharashtra
251634,77403,Ashta,10,Ashta (M Cl) Ward No.10,0,,0,0,,0,0,0,maharashtra
251634,77395,Ashta,2,Ashta (M Cl) Ward No.2,0,,0,0,,0,0,0,maharashtra
251634,77396,Ashta,3,Ashta (M Cl) Ward No.3,0,,0,0,,0,0,0,maharashtra
251634,77397,Ashta,4,Ashta (M Cl) Ward No.4,0,,0,0,,0,0,0,maharashtra
251634,77398,Ashta,5,Ashta (M Cl) Ward No.5,0,,0,0,,0,0,0,maharashtra
251634,77399,Ashta,6,Ashta (M Cl) Ward No.6,0,,0,0,,0,0,0,maharashtra
251634,77400,Ashta,7,Ashta (M Cl) Ward No.7,0,,0,0,,0,0,0,maharashtra
251634,77401,Ashta,8,Ashta (M Cl) Ward No.8,0,,0,0,,0,0,0,maharashtra
251634,77402,Ashta,9,Ashta (M Cl) Ward No.9,0,,0,0,,0,0,0,maharashtra
275734,3257644,Ashti,10,Ward No.10 Mirza galli-Dhor Galli,0,,0,0,,0,0,0,maharashtra
275734,3257645,Ashti,11,Ward No.11 mali galli-Mogalpura,0,,0,0,,0,0,0,maharashtra
275734,3257646,Ashti,12,Ward No.12 Himayar Ngar-Fulenagar,0,,0,0,,0,0,0,maharashtra
275734,3257647,Ashti,13,Ward No.13 Bhimnagar,0,,0,0,,0,0,0,maharashtra
275734,3257648,Ashti,14,Ward No.14 Pethgalli-Kureshi Galli,0,,0,0,,0,0,0,maharashtra
275734,3257649,Ashti,15,Ward No.15 Bajartal Area-Police Colony,0,,0,0,,0,0,0,maharashtra
275734,3257650,Ashti,16,Ward No.16 Matoshree Colony,0,,0,0,,0,0,0,maharashtra
275734,3257651,Ashti,17,Ward No.17 Devigavhan Road Area-Redekar Wasti,0,,0,0,,0,0,0,maharashtra
275734,3257635,Ashti,1,Ward No.1 Saykadwasti-Warangulewasti,0,,0,0,,0,0,0,maharashtra
275734,3257636,Ashti,2,Ward No.2 kasba peth-sutarwada,0,,0,0,,0,0,0,maharashtra
275734,3257637,Ashti,3,Ward No.3 vadargalli-kasar galli,0,,0,0,,0,0,0,maharashtra
275734,3257638,Ashti,4,Ward No.4 Saykadgalli-Sutarwada,0,,0,0,,0,0,0,maharashtra
275734,3257639,Ashti,5,Ward No.5 vadargalli-daru galli,0,,0,0,,0,0,0,maharashtra
275734,3257640,Ashti,6,Ward No.6 gondhalgalli,0,,0,0,,0,0,0,maharashtra
275734,3257641,Ashti,7,Ward No.7 Azadnagar,0,,0,0,,0,0,0,maharashtra
275734,3257642,Ashti,8,Ward No.8 Dhonde Wasti-Gramin Rugnnalay area,0,,0,0,,0,0,0,maharashtra
275734,3257643,Ashti,9,Ward No.9 Warik Galli-Mirza Galli,0,,0,0,,0,0,0,maharashtra
276380,1741071,Ashti (Wardha),1,Ward No.1,0,,0,0,,0,0,0,maharashtra
276380,1741561,Ashti (Wardha),10,Ward No.10,0,,0,0,,0,0,0,maharashtra
276380,1741562,Ashti (Wardha),11,Ward No.11,0,,0,0,,0,0,0,maharashtra
276380,1741563,Ashti (Wardha),12,Ward No.12,0,,0,0,,0,0,0,maharashtra
276380,1741564,Ashti (Wardha),13,Ward No.13,0,,0,0,,0,0,0,maharashtra
276380,1741565,Ashti (Wardha),14,Ward No.14,0,,0,0,,0,0,0,maharashtra
276380,1741566,Ashti (Wardha),15,Ward No.15,0,,0,0,,0,0,0,maharashtra
276380,1741567,Ashti (Wardha),16,Ward No.16,0,,0,0,,0,0,0,maharashtra
276380,1741568,Ashti (Wardha),17,Ward No.17,0,,0,0,,0,0,0,maharashtra
276380,1741553,Ashti (Wardha),2,Ward No.2,0,,0,0,,0,0,0,maharashtra
276380,1741554,Ashti (Wardha),3,Ward No.3,0,,0,0,,0,0,0,maharashtra
276380,1741555,Ashti (Wardha),4,Ward No.4,0,,0,0,,0,0,0,maharashtra
276380,1741556,Ashti (Wardha),5,Ward No.5,0,,0,0,,0,0,0,maharashtra
276380,1741557,Ashti (Wardha),6,Ward No.6,0,,0,0,,0,0,0,maharashtra
276380,1741558,Ashti (Wardha),7,Ward No.7,0,,0,0,,0,0,0,maharashtra
276380,1741559,Ashti (Wardha),8,Ward No.8,0,,0,0,,0,0,0,maharashtra
276380,1741560,Ashti (Wardha),9,Ward No.9,0,,0,0,,0,0,0,maharashtra
300410,3257685,Atpadi,1,Ward no1,0,,0,0,,0,0,0,maharashtra
300410,3310097,Atpadi,10,Ward no 10,0,,0,0,,0,0,0,maharashtra
300410,3310098,Atpadi,11,Ward no 11,0,,0,0,,0,0,0,maharashtra
300410,3310099,Atpadi,12,Ward no 12,0,,0,0,,0,0,0,maharashtra
300410,3310100,Atpadi,13,Ward no 13,0,,0,0,,0,0,0,maharashtra
300410,3310101,Atpadi,14,Ward no 14,0,,0,0,,0,0,0,maharashtra
300410,3310102,Atpadi,15,Ward no 15,0,,0,0,,0,0,0,maharashtra
300410,3310103,Atpadi,16,Ward no 16,0,,0,0,,0,0,0,maharashtra
300410,3310104,Atpadi,17,Ward no 17,0,,0,0,,0,0,0,maharashtra
300410,3257686,Atpadi,2,Ward no2,0,,0,0,,0,0,0,maharashtra
300410,3257687,Atpadi,3,Ward no3,0,,0,0,,0,0,0,maharashtra
300410,3257688,Atpadi,4,Ward no4,0,,0,0,,0,0,0,maharashtra
300410,3310092,Atpadi,5,Ward no 5,0,,0,0,,0,0,0,maharashtra
300410,3310093,Atpadi,6,Ward no 6,0,,0,0,,0,0,0,maharashtra
300410,3310094,Atpadi,7,Ward no 7,0,,0,0,,0,0,0,maharashtra
300410,3310095,Atpadi,8,Ward no 8,0,,0,0,,0,0,0,maharashtra
300410,3310096,Atpadi,9,Ward no 9,0,,0,0,,0,0,0,maharashtra
296909,1793632,Aundha Nagnath,1,Aundha Nagnath Np - Ward No. 1,0,,0,0,,0,0,0,maharashtra
296909,1793641,Aundha Nagnath,10,Aundha Nagnath Np - Ward No. 10,0,,0,0,,0,0,0,maharashtra
296909,1793642,Aundha Nagnath,11,Aundha Nagnath Np - Ward No. 11,0,,0,0,,0,0,0,maharashtra
296909,1793643,Aundha Nagnath,12,Aundha Nagnath Np - Ward No. 12,0,,0,0,,0,0,0,maharashtra
296909,1793644,Aundha Nagnath,13,Aundha Nagnath Np - Ward No. 13,0,,0,0,,0,0,0,maharashtra
296909,1793645,Aundha Nagnath,14,Aundha Nagnath Np - Ward No. 14,0,,0,0,,0,0,0,maharashtra
296909,1793646,Aundha Nagnath,15,Aundha Nagnath Np - Ward No. 15,0,,0,0,,0,0,0,maharashtra
296909,1793647,Aundha Nagnath,16,Aundha Nagnath Np - Ward No. 16,0,,0,0,,0,0,0,maharashtra
296909,1793648,Aundha Nagnath,17,Aundha Nagnath Np - Ward No. 17,0,,0,0,,0,0,0,maharashtra
296909,1793633,Aundha Nagnath,2,Aundha Nagnath Np - Ward No. 2,0,,0,0,,0,0,0,maharashtra
296909,1793634,Aundha Nagnath,3,Aundha Nagnath Np - Ward No. 3,0,,0,0,,0,0,0,maharashtra
296909,1793635,Aundha Nagnath,4,Aundha Nagnath Np - Ward No. 4,0,,0,0,,0,0,0,maharashtra
296909,1793636,Aundha Nagnath,5,Aundha Nagnath Np - Ward No. 5,0,,0,0,,0,0,0,maharashtra
296909,1793637,Aundha Nagnath,6,Aundha Nagnath Np - Ward No. 6,0,,0,0,,0,0,0,maharashtra
296909,1793638,Aundha Nagnath,7,Aundha Nagnath Np - Ward No. 7,0,,0,0,,0,0,0,maharashtra
296909,1793639,Aundha Nagnath,8,Aundha Nagnath Np - Ward No. 8,0,,0,0,,0,0,0,maharashtra
296909,1793640,Aundha Nagnath,9,Aundha Nagnath Np - Ward No. 9,0,,0,0,,0,0,0,maharashtra
251428,61775,Aurangabad,34,Aaratinagar(Misarwadi),0,,0,0,,0,0,0,maharashtra
251428,61760,Aurangabad,19,Aaref-Colony-Pragati-Colony,0,,0,0,,0,0,0,maharashtra
251428,62021,Aurangabad,66,Ajabnagar,0,,0,0,,0,0,0,maharashtra
251428,61802,Aurangabad,61,Altamash-Colony,0,,0,0,,0,0,0,maharashtra
251428,61773,Aurangabad,32,Ambedkarnagar,0,,0,0,,0,0,0,maharashtra
251428,62037,Aurangabad,82,Ambikanagar-Mukundwadi,0,,0,0,,0,0,0,maharashtra
251428,61794,Aurangabad,53,Aurangpura,0,,0,0,,0,0,0,maharashtra
251428,61804,Aurangabad,63,Avishkar-Colony,0,,0,0,,0,0,0,maharashtra
251428,61780,Aurangabad,39,Ayodhyanagar,0,,0,0,,0,0,0,maharashtra
251428,3257494,Aurangabad,104,Bansilalnagar,0,,0,0,,0,0,0,maharashtra
251428,61799,Aurangabad,58,Baricolony,0,,0,0,,0,0,0,maharashtra
251428,61790,Aurangabad,49,Bhadkalgate,0,,0,0,,0,0,0,maharashtra
251428,61743,Aurangabad,2,Bhagatsingnagar Mhasobanagar,0,,0,0,,0,0,0,maharashtra
251428,3257503,Aurangabad,113,Bharatnagar-Shivajiangar,0,,0,0,,0,0,0,maharashtra
251428,61796,Aurangabad,55,Bhavaninagar,0,,0,0,,0,0,0,maharashtra
251428,61757,Aurangabad,16,Bhavsingpura Bhimnagar(South),0,,0,0,,0,0,0,maharashtra
251428,61754,Aurangabad,13,Bhimnagar(North),0,,0,0,,0,0,0,maharashtra
251428,62030,Aurangabad,75,Boudhhanagar-Uttamnagar,0,,0,0,,0,0,0,maharashtra
251428,61762,Aurangabad,21,Budhilain-Kabadipura,0,,0,0,,0,0,0,maharashtra
251428,61778,Aurangabad,37,ChaudhariColony-Chikalthana,0,,0,0,,0,0,0,maharashtra
251428,61764,Aurangabad,23,Chelipura-Kachiwada,0,,0,0,,0,0,0,maharashtra
251428,61745,Aurangabad,4,"Chetananagar,Rajnagar",0,,0,0,,0,0,0,maharashtra
251428,3257479,Aurangabad,89,Chikalthana,0,,0,0,,0,0,0,maharashtra
251428,3257490,Aurangabad,100,Dashmeshnagar-Jyotinagar,0,,0,0,,0,0,0,maharashtra
251428,3257504,Aurangabad,114,Deolai-Satara-Part,0,,0,0,,0,0,0,maharashtra
251428,3257499,Aurangabad,109,Devanagari,0,,0,0,,0,0,0,maharashtra
251428,3257474,Aurangabad,84,Dnyaneshwar-Colony-Mukundwadi,0,,0,0,,0,0,0,maharashtra
251428,3257491,Aurangabad,101,Eknathnagar(Mhada-Colony),0,,0,0,,0,0,0,maharashtra
251428,61744,Aurangabad,3,Ektanagar,0,,0,0,,0,0,0,maharashtra
251428,3257484,Aurangabad,94,Gajanannagar,0,,0,0,,0,0,0,maharashtra
251428,61795,Aurangabad,54,Gandhinagar-Bapunagar,0,,0,0,,0,0,0,maharashtra
251428,61766,Aurangabad,25,Ganesh-Colony,0,,0,0,,0,0,0,maharashtra
251428,61781,Aurangabad,40,Ganeshnagar,0,,0,0,,0,0,0,maharashtra
251428,3257486,Aurangabad,96,Garkheda-Mehernagar,0,,0,0,,0,0,0,maharashtra
251428,61789,Aurangabad,48,Gulmandi,0,,0,0,,0,0,0,maharashtra
251428,62019,Aurangabad,64,Gulmohar-Colony-Satyamnagar,0,,0,0,,0,0,0,maharashtra
251428,3257498,Aurangabad,108,Hamalwada-RailwayStation,0,,0,0,,0,0,0,maharashtra
251428,61742,Aurangabad,1,Harsul,0,,0,0,,0,0,0,maharashtra
251428,61801,Aurangabad,60,Indiranagar(North)-Bayjipura,0,,0,0,,0,0,0,maharashtra
251428,61800,Aurangabad,59,Indiranagar(South)-Bayjipura,0,,0,0,,0,0,0,maharashtra
251428,3257497,Aurangabad,107,Itkheda,0,,0,0,,0,0,0,maharashtra
251428,3257481,Aurangabad,91,Jaibhavani-Cidco-13th-Scheme,0,,0,0,,0,0,0,maharashtra
251428,3257489,Aurangabad,99,JaiVishwabharati-Colony,0,,0,0,,0,0,0,maharashtra
251428,62032,Aurangabad,77,Javahar-Colony,0,,0,0,,0,0,0,maharashtra
251428,61761,Aurangabad,20,JayBhimnagar-Ghati,0,,0,0,,0,0,0,maharashtra
251428,61759,Aurangabad,18,Jaysingpura,0,,0,0,,0,0,0,maharashtra
251428,3257492,Aurangabad,102,Kabirnagar,0,,0,0,,0,0,0,maharashtra
251428,61786,Aurangabad,45,Kaisar-Colony,0,,0,0,,0,0,0,maharashtra
251428,3257478,Aurangabad,88,Kamgar-Colony,0,,0,0,,0,0,0,maharashtra
251428,3257496,Aurangabad,106,Kanchanwadi-Nakshtrawadi,0,,0,0,,0,0,0,maharashtra
251428,61793,Aurangabad,52,Khadkeshwar,0,,0,0,,0,0,0,maharashtra
251428,61783,Aurangabad,42,Kiradpura,0,,0,0,,0,0,0,maharashtra
251428,62026,Aurangabad,71,Kokanwadi,0,,0,0,,0,0,0,maharashtra
251428,62024,Aurangabad,69,Kokanwadi-Kotala-Colony,0,,0,0,,0,0,0,maharashtra
251428,61791,Aurangabad,50,Kotwalpura-Garampani,0,,0,0,,0,0,0,maharashtra
251428,62027,Aurangabad,72,Krantichouk,0,,0,0,,0,0,0,maharashtra
251428,61763,Aurangabad,22,Lota-Karanja,0,,0,0,,0,0,0,maharashtra
251428,3257500,Aurangabad,110,Mayurban-Colony,0,,0,0,,0,0,0,maharashtra
251428,61750,Aurangabad,9,"Mayurnagar,Sudarshannagar",0,,0,0,,0,0,0,maharashtra
251428,61748,Aurangabad,7,Mayurpark,0,,0,0,,0,0,0,maharashtra
251428,61779,Aurangabad,38,M.I.D.C.-Chikalthana,0,,0,0,,0,0,0,maharashtra
251428,61774,Aurangabad,33,Misarwadi,0,,0,0,,0,0,0,maharashtra
251428,61756,Aurangabad,15,Mitmita,0,,0,0,,0,0,0,maharashtra
251428,62038,Aurangabad,83,Mukundwadi,0,,0,0,,0,0,0,maharashtra
251428,62035,Aurangabad,80,N3-N4-CIDCO-Parijatnagar,0,,0,0,,0,0,0,maharashtra
251428,61803,Aurangabad,62,N-6-Cidco,0,,0,0,,0,0,0,maharashtra
251428,61792,Aurangabad,51,Nageshvarwadi,0,,0,0,,0,0,0,maharashtra
251428,61758,Aurangabad,17,Nandanvan-Colony-Shantipura,0,,0,0,,0,0,0,maharashtra
251428,61776,Aurangabad,35,Naregaon,0,,0,0,,0,0,0,maharashtra
251428,61777,Aurangabad,36,Naregaon(Bridgewadi),0,,0,0,,0,0,0,maharashtra
251428,61787,Aurangabad,46,Nawabpura,0,,0,0,,0,0,0,maharashtra
251428,61767,Aurangabad,26,Neharunagar,0,,0,0,,0,0,0,maharashtra
251428,62034,Aurangabad,79,Nyaynagar,0,,0,0,,0,0,0,maharashtra
251428,62025,Aurangabad,70,Padampura,0,,0,0,,0,0,0,maharashtra
251428,61755,Aurangabad,14,Padegaon,0,,0,0,,0,0,0,maharashtra
251428,61753,Aurangabad,12,"Pahadsingpura,Begampura",0,,0,0,,0,0,0,maharashtra
251428,61771,Aurangabad,30,Pavannagar,0,,0,0,,0,0,0,maharashtra
251428,3257501,Aurangabad,111,Priydarshini-Indiranagar,0,,0,0,,0,0,0,maharashtra
251428,3257483,Aurangabad,93,Pundliknagar,0,,0,0,,0,0,0,maharashtra
251428,61782,Aurangabad,41,Rahemaniya-Colony,0,,0,0,,0,0,0,maharashtra
251428,3257495,Aurangabad,105,Rahulnagar-Sadatnagar,0,,0,0,,0,0,0,maharashtra
251428,61788,Aurangabad,47,Rajabajar,0,,0,0,,0,0,0,maharashtra
251428,3257480,Aurangabad,90,Rajnagar-Mukundnagar,0,,0,0,,0,0,0,maharashtra
251428,62028,Aurangabad,73,Ramanagar,0,,0,0,,0,0,0,maharashtra
251428,3257487,Aurangabad,97,Ramkrushnanagar-Kabranagar,0,,0,0,,0,0,0,maharashtra
251428,3257476,Aurangabad,86,Ramnagar,0,,0,0,,0,0,0,maharashtra
251428,61751,Aurangabad,10,Rojebag Bharatmatanagar,0,,0,0,,0,0,0,maharashtra
251428,61785,Aurangabad,44,Roshangate,0,,0,0,,0,0,0,maharashtra
251428,62023,Aurangabad,68,Samarthnagar,0,,0,0,,0,0,0,maharashtra
251428,62022,Aurangabad,67,Samtanagar,0,,0,0,,0,0,0,maharashtra
251428,61797,Aurangabad,56,Sanjaynagar,0,,0,0,,0,0,0,maharashtra
251428,61798,Aurangabad,57,Sanjaynagar-Jinsi,0,,0,0,,0,0,0,maharashtra
251428,3257475,Aurangabad,85,Sanjaynagar-Mukundwadi,0,,0,0,,0,0,0,maharashtra
251428,3257505,Aurangabad,115,Sataragaon-SataraTanda,0,,0,0,,0,0,0,maharashtra
251428,61765,Aurangabad,24,ShahaBajar,0,,0,0,,0,0,0,maharashtra
251428,61784,Aurangabad,43,Sharif-colony,0,,0,0,,0,0,0,maharashtra
251428,61768,Aurangabad,27,Shatabdinagar,0,,0,0,,0,0,0,maharashtra
251428,3257502,Aurangabad,112,Shivajinagar,0,,0,0,,0,0,0,maharashtra
251428,61772,Aurangabad,31,Shivneri-Colony,0,,0,0,,0,0,0,maharashtra
251428,62029,Aurangabad,74,Shivshankar-Colony-Balajinagar,0,,0,0,,0,0,0,maharashtra
251428,61770,Aurangabad,29,Shreekrushnanagar,0,,0,0,,0,0,0,maharashtra
251428,62020,Aurangabad,65,Surananagar,0,,0,0,,0,0,0,maharashtra
251428,61749,Aurangabad,8,Surewadi,0,,0,0,,0,0,0,maharashtra
251428,61769,Aurangabad,28,Swami-Vivekanand-Nagar,0,,0,0,,0,0,0,maharashtra
251428,62036,Aurangabad,81,Thakarenagar-N2-CIDCO,0,,0,0,,0,0,0,maharashtra
251428,3257488,Aurangabad,98,Ulkanagari,0,,0,0,,0,0,0,maharashtra
251428,3257493,Aurangabad,103,Vedantnagar,0,,0,0,,0,0,0,maharashtra
251428,62033,Aurangabad,78,Vidyanagar,0,,0,0,,0,0,0,maharashtra
251428,3257485,Aurangabad,95,Vijaynagar-Balkrushnanagar,0,,0,0,,0,0,0,maharashtra
251428,62031,Aurangabad,76,Vishnunagar,0,,0,0,,0,0,0,maharashtra
251428,3257482,Aurangabad,92,Vishrantinagar,0,,0,0,,0,0,0,maharashtra
251428,61752,Aurangabad,11,"Vishwasnagar,Harshnagar",0,,0,0,,0,0,0,maharashtra
251428,3257477,Aurangabad,87,Vitthalnagar,0,,0,0,,0,0,0,maharashtra
251428,61746,Aurangabad,5,Wankhedenagar,0,,0,0,,0,0,0,maharashtra
251428,61747,Aurangabad,6,Yadavnagar N-11,0,,0,0,,0,0,0,maharashtra
251563,77227,Ausa,10,Ward No.10 Khandak Galli-Indira Ngar,0,,0,0,,0,0,0,maharashtra
251563,77218,Ausa,1,Ward No.1 M-Fule Nagar-Bhim Nagar-Sanjay Nagar-Alka Nagar,0,,0,0,,0,0,0,maharashtra
251563,77219,Ausa,2,Ward No.2 Mukteshwar Road-Annapurna Nagar-Police quater-Pawar Nagar,0,,0,0,,0,0,0,maharashtra
251563,77220,Ausa,3,Ward No.3 Samta Nagar-Ganesh Nagar-North Side-Parimal Hos.Soc.,0,,0,0,,0,0,0,maharashtra
251563,77221,Ausa,4,Ward No.4 Ganesh Nagar-Nath Nagar-Vitthal Nagar -Jamal Nagar,0,,0,0,,0,0,0,maharashtra
251563,77222,Ausa,5,Ward No.5 Kazi Galli-Khatik Galli-Dandiya Galli,0,,0,0,,0,0,0,maharashtra
251563,77223,Ausa,6,Ward No.6 Kalan Galli-Bhoi Galli-Momin Galli-Dhor Galli,0,,0,0,,0,0,0,maharashtra
251563,77224,Ausa,7,Ward No.7 Mali Galli-Brahmahn Galli-Patil Galli,0,,0,0,,0,0,0,maharashtra
251563,77225,Ausa,8,Ward No.8 Kevalram Galli-Mahadev Galli-Katghar Galli-Karanje Galli,0,,0,0,,0,0,0,maharashtra
251563,77226,Ausa,9,Ward No.9 Navi Peth-Sambhaji Nagar-Mahadev Galli,0,,0,0,,0,0,0,maharashtra
272842,1306482,Babhulgaon Nagar Panchayat,1,Babhulgaon Nagarpanchayat Ward No.1,0,,0,0,,0,0,0,maharashtra
272842,1306491,Babhulgaon Nagar Panchayat,10,Babhulgaon Nagarpanchayat Ward No.10,0,,0,0,,0,0,0,maharashtra
272842,1306492,Babhulgaon Nagar Panchayat,11,Babhulgaon Nagarpanchayat Ward No.11,0,,0,0,,0,0,0,maharashtra
272842,1306493,Babhulgaon Nagar Panchayat,12,Babhulgaon Nagarpanchayat Ward No.12,0,,0,0,,0,0,0,maharashtra
272842,1306494,Babhulgaon Nagar Panchayat,13,Babhulgaon Nagarpanchayat Ward No.13,0,,0,0,,0,0,0,maharashtra
272842,1306495,Babhulgaon Nagar Panchayat,14,Babhulgaon Nagarpanchayat Ward No.14,0,,0,0,,0,0,0,maharashtra
272842,1306496,Babhulgaon Nagar Panchayat,15,Babhulgaon Nagarpanchayat Ward No.15,0,,0,0,,0,0,0,maharashtra
272842,1306497,Babhulgaon Nagar Panchayat,16,Babhulgaon Nagarpanchayat Ward No.16,0,,0,0,,0,0,0,maharashtra
272842,1306498,Babhulgaon Nagar Panchayat,17,Babhulgaon Nagarpanchayat Ward No.17,0,,0,0,,0,0,0,maharashtra
272842,1306483,Babhulgaon Nagar Panchayat,2,Babhulgaon Nagarpanchayat Ward No.2,0,,0,0,,0,0,0,maharashtra
272842,1306484,Babhulgaon Nagar Panchayat,3,Babhulgaon Nagarpanchayat Ward No.3,0,,0,0,,0,0,0,maharashtra
272842,1306485,Babhulgaon Nagar Panchayat,4,Babhulgaon Nagarpanchayat Ward No.4,0,,0,0,,0,0,0,maharashtra
272842,1306486,Babhulgaon Nagar Panchayat,5,Babhulgaon Nagarpanchayat Ward No.5,0,,0,0,,0,0,0,maharashtra
272842,1306487,Babhulgaon Nagar Panchayat,6,Babhulgaon Nagarpanchayat Ward No.6,0,,0,0,,0,0,0,maharashtra
272842,1306488,Babhulgaon Nagar Panchayat,7,Babhulgaon Nagarpanchayat Ward No.7,0,,0,0,,0,0,0,maharashtra
272842,1306489,Babhulgaon Nagar Panchayat,8,Babhulgaon Nagarpanchayat Ward No.8,0,,0,0,,0,0,0,maharashtra
272842,1306490,Babhulgaon Nagar Panchayat,9,Babhulgaon Nagarpanchayat Ward No.9,0,,0,0,,0,0,0,maharashtra
251486,49054,Badlapur,12,Aryaswanand Nagar Gaodevi,0,,0,0,,0,0,0,maharashtra
251486,49052,Badlapur,10,Badlapur Village Gaon,0,,0,0,,0,0,0,maharashtra
251486,49053,Badlapur,11,Barrage Samarth Nagar,0,,0,0,,0,0,0,maharashtra
251486,49047,Badlapur,5,Belavali Bhimnagar Pawar Complex,0,,0,0,,0,0,0,maharashtra
251486,49043,Badlapur,1,Belavali Shantinagar,0,,0,0,,0,0,0,maharashtra
251486,49061,Badlapur,19,Chaitanya Sankul,0,,0,0,,0,0,0,maharashtra
251486,49062,Badlapur,20,Ganesh Nagar MHADA,0,,0,0,,0,0,0,maharashtra
251486,49050,Badlapur,8,Ganeshnagar Mohan Valley,0,,0,0,,0,0,0,maharashtra
251486,49058,Badlapur,16,Katrap Manohar Shreeji Nirvana,0,,0,0,,0,0,0,maharashtra
251486,49056,Badlapur,14,Katrap New D P to Vivekanand Nagar,0,,0,0,,0,0,0,maharashtra
251486,49057,Badlapur,15,Katrap Pranji City,0,,0,0,,0,0,0,maharashtra
251486,49066,Badlapur,24,Kharvai Mankivali Juveli,0,,0,0,,0,0,0,maharashtra
251486,49046,Badlapur,4,Manjarli Ganeshnagar,0,,0,0,,0,0,0,maharashtra
251486,49045,Badlapur,3,Mohananand Nagar Shani Nagar Ayodhya Nagari,0,,0,0,,0,0,0,maharashtra
251486,49051,Badlapur,9,Ramesh Wadi Tata Colony,0,,0,0,,0,0,0,maharashtra
251486,49064,Badlapur,22,Samrat Ashok Nagar Gawliwada,0,,0,0,,0,0,0,maharashtra
251486,49049,Badlapur,7,Sanewadi Hendrepada,0,,0,0,,0,0,0,maharashtra
251486,49063,Badlapur,21,Sanjay Nagar Dattawadi,0,,0,0,,0,0,0,maharashtra
251486,49048,Badlapur,6,Shani Nagar Mohananand Nagar,0,,0,0,,0,0,0,maharashtra
251486,49060,Badlapur,18,Shirgaon Mohan Palms,0,,0,0,,0,0,0,maharashtra
251486,49065,Badlapur,23,Shirgaon Vajpe Marathon Nagari,0,,0,0,,0,0,0,maharashtra
251486,49059,Badlapur,17,Shubhsrushti Mohapada,0,,0,0,,0,0,0,maharashtra
251486,49055,Badlapur,13,Stationpada Patilpada,0,,0,0,,0,0,0,maharashtra
251486,49044,Badlapur,2,Valivali Eranjad Sonivali,0,,0,0,,0,0,0,maharashtra
276369,1305143,Badnapur,1,Badnapur (N P) - Ward No. 1,0,,0,0,,0,0,0,maharashtra
276369,1305152,Badnapur,10,Badnapur (N P) - Ward No.10,0,,0,0,,0,0,0,maharashtra
276369,1305153,Badnapur,11,Badnapur (N P) - Ward No. 11,0,,0,0,,0,0,0,maharashtra
276369,1305154,Badnapur,12,Badnapur (N P) - Ward No. 12,0,,0,0,,0,0,0,maharashtra
276369,1305155,Badnapur,13,Badnapur (N P) - Ward No. 13,0,,0,0,,0,0,0,maharashtra
276369,1305156,Badnapur,14,Badnapur (N P) - Ward No. 14,0,,0,0,,0,0,0,maharashtra
276369,1305157,Badnapur,15,Badnapur (N P) - Ward No. 15,0,,0,0,,0,0,0,maharashtra
276369,1305158,Badnapur,16,Badnapur (N P) - Ward No. 16,0,,0,0,,0,0,0,maharashtra
276369,1305159,Badnapur,17,Badnapur (N P) - Ward No. 17,0,,0,0,,0,0,0,maharashtra
276369,1305144,Badnapur,2,Badnapur (N P) - Ward No. 2,0,,0,0,,0,0,0,maharashtra
276369,1305145,Badnapur,3,Badnapur (N P) - Ward No. 3,0,,0,0,,0,0,0,maharashtra
276369,1305146,Badnapur,4,Badnapur (N P) - Ward No. 4,0,,0,0,,0,0,0,maharashtra
276369,1305147,Badnapur,5,Badnapur (N P) - Ward No. 5,0,,0,0,,0,0,0,maharashtra
276369,1305148,Badnapur,6,Badnapur (N P) - Ward No. 6,0,,0,0,,0,0,0,maharashtra
276369,1305149,Badnapur,7,Badnapur (N P) - Ward No. 7,0,,0,0,,0,0,0,maharashtra
276369,1305150,Badnapur,8,Badnapur (N P) - Ward No.8,0,,0,0,,0,0,0,maharashtra
276369,1305151,Badnapur,9,Badnapur (N P) - Ward No. 9,0,,0,0,,0,0,0,maharashtra
301085,3246036,Bahadura Nagar Panchayat,5,Bahadura-Ward No. 5,0,,0,0,,0,0,0,maharashtra
301085,3246032,Bahadura Nagar Panchayat,1,Gonhisim-Ward No.1,0,,0,0,,0,0,0,maharashtra
301085,3246037,Bahadura Nagar Panchayat,6,Gonhisim-Ward No.6,0,,0,0,,0,0,0,maharashtra
301085,3246033,Bahadura Nagar Panchayat,2,Kharbi-Ward No. 2,0,,0,0,,0,0,0,maharashtra
301085,3246034,Bahadura Nagar Panchayat,3,Kharbi-Ward No. 3,0,,0,0,,0,0,0,maharashtra
301085,3246035,Bahadura Nagar Panchayat,4,Kharbi-Ward No.4,0,,0,0,,0,0,0,maharashtra
251311,3235299,Balapur,12,Balapur(M CI) - Ward No.12,0,,0,0,,0,0,0,maharashtra
251311,45718,Balapur,1,Balapur (M Cl) - Ward No.1,0,,0,0,,0,0,0,maharashtra
251311,45727,Balapur,10,Balapur (M Cl) - Ward No.10,0,,0,0,,0,0,0,maharashtra
251311,45728,Balapur,11,Balapur (M Cl) - Ward No.11,0,,0,0,,0,0,0,maharashtra
251311,45719,Balapur,2,Balapur (M Cl) - Ward No.2,0,,0,0,,0,0,0,maharashtra
251311,45720,Balapur,3,Balapur (M Cl) - Ward No.3,0,,0,0,,0,0,0,maharashtra
251311,45721,Balapur,4,Balapur (M Cl) - Ward No.4,0,,0,0,,0,0,0,maharashtra
251311,45722,Balapur,5,Balapur (M Cl) - Ward No.5,0,,0,0,,0,0,0,maharashtra
251311,45723,Balapur,6,Balapur (M Cl) - Ward No.6,0,,0,0,,0,0,0,maharashtra
251311,45724,Balapur,7,Balapur (M Cl) - Ward No.7,0,,0,0,,0,0,0,maharashtra
251311,45725,Balapur,8,Balapur (M Cl) - Ward No.8,0,,0,0,,0,0,0,maharashtra
251311,45726,Balapur,9,Balapur (M Cl) - Ward No.9,0,,0,0,,0,0,0,maharashtra
251381,1789826,Ballarpur,1,Ballarpur (M Cl) - Ward No. 1,0,,0,0,,0,0,0,maharashtra
251381,1789835,Ballarpur,10,Ballarpur (M Cl) - Ward No. 10,0,,0,0,,0,0,0,maharashtra
251381,1789836,Ballarpur,11,Ballarpur (M Cl) - Ward No. 11,0,,0,0,,0,0,0,maharashtra
251381,1789837,Ballarpur,12,Ballarpur (M Cl) - Ward No. 12,0,,0,0,,0,0,0,maharashtra
251381,1789838,Ballarpur,13,Ballarpur (M Cl) - Ward No. 13,0,,0,0,,0,0,0,maharashtra
251381,1789839,Ballarpur,14,Ballarpur (M Cl) - Ward No. 14,0,,0,0,,0,0,0,maharashtra
251381,1789840,Ballarpur,15,Ballarpur (M Cl) - Ward No. 15,0,,0,0,,0,0,0,maharashtra
251381,1789841,Ballarpur,16,Ballarpur (M Cl) - Ward No. 16,0,,0,0,,0,0,0,maharashtra
251381,1789827,Ballarpur,2,Ballarpur (M Cl) - Ward No. 2,0,,0,0,,0,0,0,maharashtra
251381,1789828,Ballarpur,3,Ballarpur (M Cl) - Ward No. 3,0,,0,0,,0,0,0,maharashtra
251381,1789829,Ballarpur,4,Ballarpur (M Cl) - Ward No. 4,0,,0,0,,0,0,0,maharashtra
251381,1789830,Ballarpur,5,Ballarpur (M Cl) - Ward No. 5,0,,0,0,,0,0,0,maharashtra
251381,1789831,Ballarpur,6,Ballarpur (M Cl) - Ward No. 6,0,,0,0,,0,0,0,maharashtra
251381,1789832,Ballarpur,7,Ballarpur (M Cl) - Ward No. 7,0,,0,0,,0,0,0,maharashtra
251381,1789833,Ballarpur,8,Ballarpur (M Cl) - Ward No. 8,0,,0,0,,0,0,0,maharashtra
251381,1789834,Ballarpur,9,Ballarpur (M Cl) - Ward No. 9,0,,0,0,,0,0,0,maharashtra
251536,77128,Baramati,1,Baramati (M Cl) Ward No.1,0,,0,0,,0,0,0,maharashtra
251536,77137,Baramati,10,Baramati (M Cl) Ward No.10,0,,0,0,,0,0,0,maharashtra
251536,77138,Baramati,11,Baramati (M Cl) Ward No.11,0,,0,0,,0,0,0,maharashtra
251536,77139,Baramati,12,Baramati (M Cl) Ward No.12,0,,0,0,,0,0,0,maharashtra
251536,77140,Baramati,13,Baramati (M Cl) Ward No.13,0,,0,0,,0,0,0,maharashtra
251536,77141,Baramati,14,Baramati (M Cl) Ward No.14,0,,0,0,,0,0,0,maharashtra
251536,77142,Baramati,15,Baramati (M Cl) Ward No.15,0,,0,0,,0,0,0,maharashtra
251536,77143,Baramati,16,Baramati (M Cl) Ward No.16,0,,0,0,,0,0,0,maharashtra
251536,77144,Baramati,17,Baramati (M Cl) Ward No.17,0,,0,0,,0,0,0,maharashtra
251536,77145,Baramati,18,Baramati (M Cl) Ward No.18,0,,0,0,,0,0,0,maharashtra
251536,77146,Baramati,19,Baramati (M Cl) Ward No.19,0,,0,0,,0,0,0,maharashtra
251536,77129,Baramati,2,Baramati (M Cl) Ward No.2,0,,0,0,,0,0,0,maharashtra
251536,77130,Baramati,3,Baramati (M Cl) Ward No.3,0,,0,0,,0,0,0,maharashtra
251536,77131,Baramati,4,Baramati (M Cl) Ward No.4,0,,0,0,,0,0,0,maharashtra
251536,77132,Baramati,5,Baramati (M Cl) Ward No.5,0,,0,0,,0,0,0,maharashtra
251536,77133,Baramati,6,Baramati (M Cl) Ward No.6,0,,0,0,,0,0,0,maharashtra
251536,77134,Baramati,7,Baramati (M Cl) Ward No.7,0,,0,0,,0,0,0,maharashtra
251536,77135,Baramati,8,Baramati (M Cl) Ward No.8,0,,0,0,,0,0,0,maharashtra
251536,77136,Baramati,9,Baramati (M Cl) Ward No.9,0,,0,0,,0,0,0,maharashtra
251576,77286,Barshi,1,Barshi (M Cl) - Ward No.1,0,,0,0,,0,0,0,maharashtra
251576,77295,Barshi,10,Barshi (M Cl) - Ward No.10,0,,0,0,,0,0,0,maharashtra
251576,77296,Barshi,11,Barshi (M Cl) - Ward No.11,0,,0,0,,0,0,0,maharashtra
251576,77297,Barshi,12,Barshi (M Cl) - Ward No.12,0,,0,0,,0,0,0,maharashtra
251576,77298,Barshi,13,Barshi (M Cl) - Ward No.13,0,,0,0,,0,0,0,maharashtra
251576,77299,Barshi,14,Barshi (M Cl) - Ward No.14,0,,0,0,,0,0,0,maharashtra
251576,77300,Barshi,15,Barshi (M Cl) - Ward No.15,0,,0,0,,0,0,0,maharashtra
251576,77301,Barshi,16,Barshi (M Cl) - Ward No.16,0,,0,0,,0,0,0,maharashtra
251576,77302,Barshi,17,Barshi (M Cl) - Ward No.17,0,,0,0,,0,0,0,maharashtra
251576,77303,Barshi,18,Barshi (M Cl) - Ward No.18,0,,0,0,,0,0,0,maharashtra
251576,77304,Barshi,19,Barshi (M Cl) - Ward No.19,0,,0,0,,0,0,0,maharashtra
251576,77287,Barshi,2,Barshi (M Cl) - Ward No.2,0,,0,0,,0,0,0,maharashtra
251576,77305,Barshi,20,Barshi (M Cl) - Ward No.20,0,,0,0,,0,0,0,maharashtra
251576,77288,Barshi,3,Barshi (M Cl) - Ward No.3,0,,0,0,,0,0,0,maharashtra
251576,77289,Barshi,4,Barshi (M Cl) - Ward No.4,0,,0,0,,0,0,0,maharashtra
251576,77290,Barshi,5,Barshi (M Cl) - Ward No.5,0,,0,0,,0,0,0,maharashtra
251576,77291,Barshi,6,Barshi (M Cl) - Ward No.6,0,,0,0,,0,0,0,maharashtra
251576,77292,Barshi,7,Barshi (M Cl) - Ward No.7,0,,0,0,,0,0,0,maharashtra
251576,77293,Barshi,8,Barshi (M Cl) - Ward No.8,0,,0,0,,0,0,0,maharashtra
251576,77294,Barshi,9,Barshi (M Cl) - Ward No.9,0,,0,0,,0,0,0,maharashtra
276332,1306032,Barshitakli,1,Barshitakli - Ward No.1,0,,0,0,,0,0,0,maharashtra
276332,1306041,Barshitakli,10,Barshitakli - Ward No.10,0,,0,0,,0,0,0,maharashtra
276332,1306042,Barshitakli,11,Barshitakli - Ward No.11,0,,0,0,,0,0,0,maharashtra
276332,1306043,Barshitakli,12,Barshitakli - Ward No.12,0,,0,0,,0,0,0,maharashtra
276332,1306044,Barshitakli,13,Barshitakli - Ward No.13,0,,0,0,,0,0,0,maharashtra
276332,1306045,Barshitakli,14,Barshitakli - Ward No.14,0,,0,0,,0,0,0,maharashtra
276332,1306046,Barshitakli,15,Barshitakli - Ward No.15,0,,0,0,,0,0,0,maharashtra
276332,1306047,Barshitakli,16,Barshitakli - Ward No.16,0,,0,0,,0,0,0,maharashtra
276332,1306048,Barshitakli,17,Barshitakli - Ward No.17,0,,0,0,,0,0,0,maharashtra
276332,1306033,Barshitakli,2,Barshitakli - Ward No.2,0,,0,0,,0,0,0,maharashtra
276332,1306034,Barshitakli,3,Barshitakli - Ward No.3,0,,0,0,,0,0,0,maharashtra
276332,1306035,Barshitakli,4,Barshitakli - Ward No.4,0,,0,0,,0,0,0,maharashtra
276332,1306036,Barshitakli,5,Barshitakli - Ward No.5,0,,0,0,,0,0,0,maharashtra
276332,1306037,Barshitakli,6,Barshitakli - Ward No.6,0,,0,0,,0,0,0,maharashtra
276332,1306038,Barshitakli,7,Barshitakli - Ward No.7,0,,0,0,,0,0,0,maharashtra
276332,1306039,Barshitakli,8,Barshitakli - Ward No.8,0,,0,0,,0,0,0,maharashtra
276332,1306040,Barshitakli,9,Barshitakli - Ward No.9,0,,0,0,,0,0,0,maharashtra
251413,47526,Basmath,12,Bahirji nagar Swanand Colony Vidya nagar Sneh nagar Ganesh Nagar Shastri nagar Ipkalwar nagar Balaji nagar-Part of Shivaji nagar Mayur Nagar,0,,0,0,,0,0,0,maharashtra
251413,47525,Basmath,11,Bank colony Kali peth Housing society Old tahshil karyalaya Panchayat samiti Ganesh peth East side,0,,0,0,,0,0,0,maharashtra
251413,47516,Basmath,2,Boudhwada All-Ambedkar Nagar (East and North Side)-Gautam Nagar-Ratan Nagar-Shree Krishna Mandir Kautha Road Area,0,,0,0,,0,0,0,maharashtra
251413,47519,Basmath,5,Bramhan Galli Kale Galli Bhatti Galli Shahar Peth Area,0,,0,0,,0,0,0,maharashtra
251413,47518,Basmath,4,Gurudwara Area Bhoi Galli Matangwada All Sameer nagar Garodi Wasti Dargah Mohalla area-Mahu Nagar -Rahul Nagar Tathagat Nagar,0,,0,0,,0,0,0,maharashtra
251413,47528,Basmath,14,Harsh nagar Fule nagar Patil nagar Channe colony Shree nagar Old Irrigation colony East,0,,0,0,,0,0,0,maharashtra
251413,47527,Basmath,13,Jawahar colony Samrat colony Gulshan nagar area Shreenagar area Old irrigation part of West side,0,,0,0,,0,0,0,maharashtra
251413,47515,Basmath,1,Kathwad Galli-Survey no.1 and 2-Idgah-Zopad patti All-Darloom Area-Shukrawar Peth-Dhobi galli,0,,0,0,,0,0,0,maharashtra
251413,47523,Basmath,9,Nagareshwar Mandir Kadbi Mandi Railway Station Road Budhwar Peth Shahar Peth Lain Talab Mangalwara Matangwada All,0,,0,0,,0,0,0,maharashtra
251413,47524,Basmath,10,Nagarpalika Office Powerloom Mondha Mahadev mandir Railway Station East side Zopadpati-Saraswati nagar Vinkar Colony,0,,0,0,,0,0,0,maharashtra
251413,47517,Basmath,3,Pathan Mohalla Gawandi galli Khatik Galli Haji diwan Galli Gadi Mohalla,0,,0,0,,0,0,0,maharashtra
251413,47520,Basmath,6,Sabunghar Masjid Kalankai Zopadpatti Chota Talab Somwar Peth North side Zopadpatti-PanchshilNagar Ambedkar Nagar West side,0,,0,0,,0,0,0,maharashtra
251413,47522,Basmath,8,Somwarpath West Raviwar Peth Ganesh Peth Satyagrah chowk Police Station,0,,0,0,,0,0,0,maharashtra
251413,47521,Basmath,7,Somwar Peth Matangwada-Bukhari Takiya Samta Nagar Kohinoor nagar Vyankatramana nagar,0,,0,0,,0,0,0,maharashtra
301078,3246043,Besa Pipla Nagar Panchayat,1,Beltarodi-Ward No.1,0,,0,0,,0,0,0,maharashtra
301078,3246044,Besa Pipla Nagar Panchayat,2,Beltarodi-Ward No.2,0,,0,0,,0,0,0,maharashtra
301078,3246048,Besa Pipla Nagar Panchayat,6,Besa-Beltarodi-Ward No.6,0,,0,0,,0,0,0,maharashtra
301078,3246045,Besa Pipla Nagar Panchayat,3,Besa-Ward No.3,0,,0,0,,0,0,0,maharashtra
301078,3246046,Besa Pipla Nagar Panchayat,4,Besa-Ward No.4,0,,0,0,,0,0,0,maharashtra
301078,3246047,Besa Pipla Nagar Panchayat,5,Besa-Ward No.5,0,,0,0,,0,0,0,maharashtra
301078,3246049,Besa Pipla Nagar Panchayat,7,Ghogali-Pipla-Ward No.1,0,,0,0,,0,0,0,maharashtra
301078,3246050,Besa Pipla Nagar Panchayat,8,Pipla-Ward No.2,0,,0,0,,0,0,0,maharashtra
301078,3246051,Besa Pipla Nagar Panchayat,9,Pipla-Ward No.3,0,,0,0,,0,0,0,maharashtra
253140,51466,Bhadgaon,1,Bhadgaon (M Cl) - Ward N.1,0,,0,0,,0,0,0,maharashtra
253140,51484,Bhadgaon,10,Bhadgaon (M Cl) - Ward N.10,0,,0,0,,0,0,0,maharashtra
253140,51486,Bhadgaon,11,Bhadgaon (M Cl) - Ward N.11,0,,0,0,,0,0,0,maharashtra
253140,51488,Bhadgaon,12,Bhadgaon (M Cl) - Ward N.12,0,,0,0,,0,0,0,maharashtra
253140,51468,Bhadgaon,2,Bhadgaon (M Cl) - Ward N.2,0,,0,0,,0,0,0,maharashtra
253140,51470,Bhadgaon,3,Bhadgaon (M Cl) - Ward N.3,0,,0,0,,0,0,0,maharashtra
253140,51472,Bhadgaon,4,Bhadgaon (M Cl) - Ward N.4,0,,0,0,,0,0,0,maharashtra
253140,51474,Bhadgaon,5,Bhadgaon(M Cl) - Ward N.5,0,,0,0,,0,0,0,maharashtra
253140,51476,Bhadgaon,6,Bhadgaon (M Cl) - Ward N.6,0,,0,0,,0,0,0,maharashtra
253140,51478,Bhadgaon,7,Bhadgaon(M Cl) - Ward N.7,0,,0,0,,0,0,0,maharashtra
253140,51480,Bhadgaon,8,Bhadgaon (M Cl) - Ward N.8,0,,0,0,,0,0,0,maharashtra
253140,51482,Bhadgaon,9,Bhadgaon (M Cl) - Ward N.9,0,,0,0,,0,0,0,maharashtra
251375,2311531,Bhadravati,1,Bhadravati (M Cl) - Ward No. 1,0,,0,0,,0,0,0,maharashtra
251375,2311554,Bhadravati,10,Bhadravati (M Cl) - Ward No. 10,0,,0,0,,0,0,0,maharashtra
251375,2311555,Bhadravati,11,Bhadravati (M Cl) - Ward No. 11,0,,0,0,,0,0,0,maharashtra
251375,2311556,Bhadravati,12,Bhadravati (M Cl) - Ward No. 12,0,,0,0,,0,0,0,maharashtra
251375,2311557,Bhadravati,13,Bhadravati (M Cl) - Ward No. 13,0,,0,0,,0,0,0,maharashtra
251375,2311532,Bhadravati,2,Bhadravati (M Cl) - Ward No. 2,0,,0,0,,0,0,0,maharashtra
251375,2311533,Bhadravati,3,Bhadravati (M Cl) - Ward No. 3,0,,0,0,,0,0,0,maharashtra
251375,2311534,Bhadravati,4,Bhadravati (M Cl) - Ward No. 4,0,,0,0,,0,0,0,maharashtra
251375,2311549,Bhadravati,5,Bhadravati (M Cl) - Ward No. 5,0,,0,0,,0,0,0,maharashtra
251375,2311550,Bhadravati,6,Bhadravati (M Cl) - Ward No. 6,0,,0,0,,0,0,0,maharashtra
251375,2311551,Bhadravati,7,Bhadravati (M Cl) - Ward No. 7,0,,0,0,,0,0,0,maharashtra
251375,2311552,Bhadravati,8,Bhadravati (M Cl) - Ward No. 8,0,,0,0,,0,0,0,maharashtra
251375,2311553,Bhadravati,9,Bhadravati (M Cl) - Ward No. 9,0,,0,0,,0,0,0,maharashtra
251444,62139,Bhagur,1,Bhagur (Mu Cl) - Prabhag Kra.1,0,,0,0,,0,0,0,maharashtra
251444,62148,Bhagur,10,Bhagur (Mu Cl) - Prabhag Kra.10,0,,0,0,,0,0,0,maharashtra
251444,62149,Bhagur,11,Bhagur (Mu Cl) - Prabhag Kra.11,0,,0,0,,0,0,0,maharashtra
251444,62150,Bhagur,12,Bhagur (Mu Cl) - Prabhag Kra.12,0,,0,0,,0,0,0,maharashtra
251444,62151,Bhagur,13,Bhagur (Mu Cl) - Prabhag Kra.13,0,,0,0,,0,0,0,maharashtra
251444,62152,Bhagur,14,Bhagur (Mu Cl) - Prabhag Kra.14,0,,0,0,,0,0,0,maharashtra
251444,62153,Bhagur,15,Bhagur (Mu Cl) - Prabhag Kra.15,0,,0,0,,0,0,0,maharashtra
251444,62154,Bhagur,16,Bhagur (Mu Cl) - Prabhag Kra.16,0,,0,0,,0,0,0,maharashtra
251444,62155,Bhagur,17,Bhagur (Mu Cl) - Prabhag Kra.17,0,,0,0,,0,0,0,maharashtra
251444,62140,Bhagur,2,Bhagur (Mu Cl) - Prabhag Kra.2,0,,0,0,,0,0,0,maharashtra
251444,62141,Bhagur,3,Bhagur (Mu Cl) - Prabhag Kra.3,0,,0,0,,0,0,0,maharashtra
251444,62142,Bhagur,4,Bhagur (Mu Cl) - Prabhag Kra.4,0,,0,0,,0,0,0,maharashtra
251444,62143,Bhagur,5,Bhagur (Mu Cl) - Prabhag Kra.5,0,,0,0,,0,0,0,maharashtra
251444,62144,Bhagur,6,Bhagur (Mu Cl) - Prabhag Kra.6,0,,0,0,,0,0,0,maharashtra
251444,62145,Bhagur,7,Bhagur (Mu Cl) - Prabhag Kra.7,0,,0,0,,0,0,0,maharashtra
251444,62146,Bhagur,8,Bhagur (Mu Cl) - Prabhag Kra.8,0,,0,0,,0,0,0,maharashtra
251444,62147,Bhagur,9,Bhagur (Mu Cl) - Prabhag Kra.9,0,,0,0,,0,0,0,maharashtra
276283,1822445,Bhamragad,1,BHAMRAGAD(NP)WARD NO-1,0,,0,0,,0,0,0,maharashtra
276283,1822454,Bhamragad,10,BHAMRAGAD(NP)WARD NO-10,0,,0,0,,0,0,0,maharashtra
276283,1822455,Bhamragad,11,BHAMRAGAD(NP)WARD NO-11,0,,0,0,,0,0,0,maharashtra
276283,1822456,Bhamragad,12,BHAMRAGAD(NP)WARD NO-12,0,,0,0,,0,0,0,maharashtra
276283,1822457,Bhamragad,13,BHAMRAGAD(NP)WARD NO-13,0,,0,0,,0,0,0,maharashtra
276283,1822458,Bhamragad,14,BHAMRAGAD(NP)WARD NO-14,0,,0,0,,0,0,0,maharashtra
276283,1822459,Bhamragad,15,BHAMRAGAD(NP)WARD NO-15,0,,0,0,,0,0,0,maharashtra
276283,1822460,Bhamragad,16,BHAMRAGAD(NP)WARD NO-16,0,,0,0,,0,0,0,maharashtra
276283,1822461,Bhamragad,17,BHAMRAGAD(NP)WARD NO-17,0,,0,0,,0,0,0,maharashtra
276283,1822446,Bhamragad,2,BHAMRAGAD(NP)WARD NO-2,0,,0,0,,0,0,0,maharashtra
276283,1822447,Bhamragad,3,BHAMRAGAD(NP)WARD NO-3,0,,0,0,,0,0,0,maharashtra
276283,1822448,Bhamragad,4,BHAMRAGAD(NP)WARD NO-4,0,,0,0,,0,0,0,maharashtra
276283,1822449,Bhamragad,5,BHAMRAGAD(NP)WARD NO-5,0,,0,0,,0,0,0,maharashtra
276283,1822450,Bhamragad,6,BHAMRAGAD(NP)WARD NO-6,0,,0,0,,0,0,0,maharashtra
276283,1822451,Bhamragad,7,BHAMRAGAD(NP)WARD NO-7,0,,0,0,,0,0,0,maharashtra
276283,1822452,Bhamragad,8,BHAMRAGAD(NP)WARD NO-8,0,,0,0,,0,0,0,maharashtra
276283,1822453,Bhamragad,9,BHAMRAGAD(NP)WARD NO-9,0,,0,0,,0,0,0,maharashtra
248078,2302699,Bhandara,1,Bhandara (M C) - Ward No. 1,0,,0,0,,0,0,0,maharashtra
248078,2302708,Bhandara,10,Bhandara (M C) - Ward No. 10,0,,0,0,,0,0,0,maharashtra
248078,2302709,Bhandara,11,Bhandara (M C) - Ward No. 11,0,,0,0,,0,0,0,maharashtra
248078,2302710,Bhandara,12,Bhandara (M C) - Ward No. 12,0,,0,0,,0,0,0,maharashtra
248078,2302711,Bhandara,13,Bhandara (M C) - Ward No. 13,0,,0,0,,0,0,0,maharashtra
248078,2302712,Bhandara,14,Bhandara (M C) - Ward No. 14,0,,0,0,,0,0,0,maharashtra
248078,2302713,Bhandara,15,Bhandara (M C) - Ward No. 15,0,,0,0,,0,0,0,maharashtra
248078,2302714,Bhandara,16,Bhandara (M C) - Ward No. 16,0,,0,0,,0,0,0,maharashtra
248078,2302700,Bhandara,2,Bhandara (M C) - Ward No. 2,0,,0,0,,0,0,0,maharashtra
248078,2302701,Bhandara,3,Bhandara (M C) - Ward No. 3,0,,0,0,,0,0,0,maharashtra
248078,2302702,Bhandara,4,Bhandara (M C) - Ward No. 4,0,,0,0,,0,0,0,maharashtra
248078,2302703,Bhandara,5,Bhandara (M C) - Ward No. 5,0,,0,0,,0,0,0,maharashtra
248078,2302704,Bhandara,6,Bhandara (M C) - Ward No. 6,0,,0,0,,0,0,0,maharashtra
248078,2302705,Bhandara,7,Bhandara (M C) - Ward No. 7,0,,0,0,,0,0,0,maharashtra
248078,2302706,Bhandara,8,Bhandara (M C) - Ward No. 8,0,,0,0,,0,0,0,maharashtra
248078,2302707,Bhandara,9,Bhandara (M C) - Ward No. 9,0,,0,0,,0,0,0,maharashtra
276290,1724677,Bhatkuli,1,Bhatkuli (N Panchayat) - Ward No. 1,0,,0,0,,0,0,0,maharashtra
276290,1724686,Bhatkuli,10,Bhatkuli (N Panchayat) - Ward No. 10,0,,0,0,,0,0,0,maharashtra
276290,1724687,Bhatkuli,11,Bhatkuli (N Panchayat) - Ward No. 11,0,,0,0,,0,0,0,maharashtra
276290,1724688,Bhatkuli,12,Bhatkuli (N Panchayat) - Ward No. 12,0,,0,0,,0,0,0,maharashtra
276290,1724689,Bhatkuli,13,Bhatkuli (N Panchayat) - Ward No. 13,0,,0,0,,0,0,0,maharashtra
276290,1724690,Bhatkuli,14,Bhatkuli (N Panchayat) - Ward No. 14,0,,0,0,,0,0,0,maharashtra
276290,1724691,Bhatkuli,15,Bhatkuli (N Panchayat) - Ward No. 15,0,,0,0,,0,0,0,maharashtra
276290,1724692,Bhatkuli,16,Bhatkuli (N Panchayat) - Ward No. 16,0,,0,0,,0,0,0,maharashtra
276290,1724693,Bhatkuli,17,Bhatkuli (N Panchayat) - Ward No. 17,0,,0,0,,0,0,0,maharashtra
276290,1724678,Bhatkuli,2,Bhatkuli (N Panchayat) - Ward No. 2,0,,0,0,,0,0,0,maharashtra
276290,1724679,Bhatkuli,3,Bhatkuli (N Panchayat) - Ward No. 3,0,,0,0,,0,0,0,maharashtra
276290,1724680,Bhatkuli,4,Bhatkuli (N Panchayat) - Ward No. 4,0,,0,0,,0,0,0,maharashtra
276290,1724681,Bhatkuli,5,Bhatkuli (N Panchayat) - Ward No. 5,0,,0,0,,0,0,0,maharashtra
276290,1724682,Bhatkuli,6,Bhatkuli (N Panchayat) - Ward No. 6,0,,0,0,,0,0,0,maharashtra
276290,1724683,Bhatkuli,7,Bhatkuli (N Panchayat) - Ward No. 7,0,,0,0,,0,0,0,maharashtra
276290,1724684,Bhatkuli,8,Bhatkuli (N Panchayat) - Ward No. 8,0,,0,0,,0,0,0,maharashtra
276290,1724685,Bhatkuli,9,Bhatkuli (N Panchayat) - Ward No. 9,0,,0,0,,0,0,0,maharashtra
300392,3252841,Bhisi,1,Bhisi( NP) Ward no.1,0,,0,0,,0,0,0,maharashtra
300392,3252850,Bhisi,10,Bhisi( NP) Ward no.10,0,,0,0,,0,0,0,maharashtra
300392,3252851,Bhisi,11,Bhisi( NP) Ward no.11,0,,0,0,,0,0,0,maharashtra
300392,3252852,Bhisi,12,Bhisi( NP) Ward no.12,0,,0,0,,0,0,0,maharashtra
300392,3252853,Bhisi,13,Bhisi( NP) Ward no.13,0,,0,0,,0,0,0,maharashtra
300392,3252854,Bhisi,14,Bhisi( NP) Ward no.14,0,,0,0,,0,0,0,maharashtra
300392,3252855,Bhisi,15,Bhisi( NP) Ward no.15,0,,0,0,,0,0,0,maharashtra
300392,3252856,Bhisi,16,Bhisi( NP) Ward no.16,0,,0,0,,0,0,0,maharashtra
300392,3252857,Bhisi,17,Bhisi( NP) Ward no.17,0,,0,0,,0,0,0,maharashtra
300392,3252842,Bhisi,2,Bhisi( NP) Ward no.2,0,,0,0,,0,0,0,maharashtra
300392,3252843,Bhisi,3,Bhisi( NP) Ward no.3,0,,0,0,,0,0,0,maharashtra
300392,3252844,Bhisi,4,Bhisi( NP) Ward no.4,0,,0,0,,0,0,0,maharashtra
300392,3252845,Bhisi,5,Bhisi( NP) Ward no.5,0,,0,0,,0,0,0,maharashtra
300392,3252846,Bhisi,6,Bhisi( NP) Ward no.6,0,,0,0,,0,0,0,maharashtra
300392,3252847,Bhisi,7,Bhisi( NP) Ward no.7,0,,0,0,,0,0,0,maharashtra
300392,3252848,Bhisi,8,Bhisi( NP) Ward no.8,0,,0,0,,0,0,0,maharashtra
300392,3252849,Bhisi,9,Bhisi( NP) Ward no.9,0,,0,0,,0,0,0,maharashtra
251477,48602,Bhiwandi,1,Bhiwandi (M Cl) - Ward No.1,0,,0,0,,0,0,0,maharashtra
251477,48611,Bhiwandi,10,Bhiwandi (M Cl) - Ward No.10,0,,0,0,,0,0,0,maharashtra
251477,48612,Bhiwandi,11,Bhiwandi (M Cl) - Ward No.11,0,,0,0,,0,0,0,maharashtra
251477,48613,Bhiwandi,12,Bhiwandi (M Cl) - Ward No.12,0,,0,0,,0,0,0,maharashtra
251477,48614,Bhiwandi,13,Bhiwandi (M Cl) - Ward No.13,0,,0,0,,0,0,0,maharashtra
251477,48615,Bhiwandi,14,Bhiwandi (M Cl) - Ward No.14,0,,0,0,,0,0,0,maharashtra
251477,48616,Bhiwandi,15,Bhiwandi (M Cl) - Ward No.15,0,,0,0,,0,0,0,maharashtra
251477,48617,Bhiwandi,16,Bhiwandi (M Cl) - Ward No.16,0,,0,0,,0,0,0,maharashtra
251477,48618,Bhiwandi,17,Bhiwandi (M Cl) - Ward No.17,0,,0,0,,0,0,0,maharashtra
251477,48619,Bhiwandi,18,Bhiwandi (M Cl) - Ward No.18,0,,0,0,,0,0,0,maharashtra
251477,48620,Bhiwandi,19,Bhiwandi (M Cl) - Ward No.19,0,,0,0,,0,0,0,maharashtra
251477,48603,Bhiwandi,2,Bhiwandi (M Cl) - Ward No.2,0,,0,0,,0,0,0,maharashtra
251477,48621,Bhiwandi,20,Bhiwandi (M Cl) - Ward No.20,0,,0,0,,0,0,0,maharashtra
251477,48622,Bhiwandi,21,Bhiwandi (M Cl) - Ward No.21,0,,0,0,,0,0,0,maharashtra
251477,48623,Bhiwandi,22,Bhiwandi (M Cl) - Ward No.22,0,,0,0,,0,0,0,maharashtra
251477,48624,Bhiwandi,23,Bhiwandi (M Cl) - Ward No.23,0,,0,0,,0,0,0,maharashtra
251477,48625,Bhiwandi,24,Bhiwandi (M Cl) - Ward No.24,0,,0,0,,0,0,0,maharashtra
251477,48626,Bhiwandi,25,Bhiwandi (M Cl) - Ward No.25,0,,0,0,,0,0,0,maharashtra
251477,48627,Bhiwandi,26,Bhiwandi (M Cl) - Ward No.26,0,,0,0,,0,0,0,maharashtra
251477,48628,Bhiwandi,27,Bhiwandi (M Cl) - Ward No.27,0,,0,0,,0,0,0,maharashtra
251477,48629,Bhiwandi,28,Bhiwandi (M Cl) - Ward No.28,0,,0,0,,0,0,0,maharashtra
251477,48630,Bhiwandi,29,Bhiwandi (M Cl) - Ward No.29,0,,0,0,,0,0,0,maharashtra
251477,48604,Bhiwandi,3,Bhiwandi (M Cl) - Ward No.3,0,,0,0,,0,0,0,maharashtra
251477,48631,Bhiwandi,30,Bhiwandi (M Cl) - Ward No.30,0,,0,0,,0,0,0,maharashtra
251477,48632,Bhiwandi,31,Bhiwandi (M Cl) - Ward No.31,0,,0,0,,0,0,0,maharashtra
251477,48633,Bhiwandi,32,Bhiwandi (M Cl) - Ward No.32,0,,0,0,,0,0,0,maharashtra
251477,48634,Bhiwandi,33,Bhiwandi (M Cl) - Ward No.33,0,,0,0,,0,0,0,maharashtra
251477,48635,Bhiwandi,34,Bhiwandi (M Cl) - Ward No.34,0,,0,0,,0,0,0,maharashtra
251477,48636,Bhiwandi,35,Bhiwandi (M Cl) - Ward No.35,0,,0,0,,0,0,0,maharashtra
251477,48637,Bhiwandi,36,Bhiwandi (M Cl) - Ward No.36,0,,0,0,,0,0,0,maharashtra
251477,48638,Bhiwandi,37,Bhiwandi (M Cl) - Ward No.37,0,,0,0,,0,0,0,maharashtra
251477,48639,Bhiwandi,38,Bhiwandi (M Cl) - Ward No.38,0,,0,0,,0,0,0,maharashtra
251477,48640,Bhiwandi,39,Bhiwandi (M Cl) - Ward No.39,0,,0,0,,0,0,0,maharashtra
251477,48605,Bhiwandi,4,Bhiwandi (M Cl) - Ward No.4,0,,0,0,,0,0,0,maharashtra
251477,48641,Bhiwandi,40,Bhiwandi (M Cl) - Ward No.40,0,,0,0,,0,0,0,maharashtra
251477,48642,Bhiwandi,41,Bhiwandi (M Cl) - Ward No.41,0,,0,0,,0,0,0,maharashtra
251477,48643,Bhiwandi,42,Bhiwandi (M Cl) - Ward No.42,0,,0,0,,0,0,0,maharashtra
251477,48644,Bhiwandi,43,Bhiwandi (M Cl) - Ward No.43,0,,0,0,,0,0,0,maharashtra
251477,48645,Bhiwandi,44,Bhiwandi (M Cl) - Ward No.44,0,,0,0,,0,0,0,maharashtra
251477,48646,Bhiwandi,45,Bhiwandi (M Cl) - Ward No.45,0,,0,0,,0,0,0,maharashtra
251477,48647,Bhiwandi,46,Bhiwandi (M Cl) - Ward No.46,0,,0,0,,0,0,0,maharashtra
251477,48648,Bhiwandi,47,Bhiwandi (M Cl) - Ward No.47,0,,0,0,,0,0,0,maharashtra
251477,48649,Bhiwandi,48,Bhiwandi (M Cl) - Ward No.48,0,,0,0,,0,0,0,maharashtra
251477,48650,Bhiwandi,49,Bhiwandi (M Cl) - Ward No.49,0,,0,0,,0,0,0,maharashtra
251477,48606,Bhiwandi,5,Bhiwandi (M Cl) - Ward No.5,0,,0,0,,0,0,0,maharashtra
251477,48651,Bhiwandi,50,Bhiwandi (M Cl) - Ward No.50,0,,0,0,,0,0,0,maharashtra
251477,48652,Bhiwandi,51,Bhiwandi (M Cl) - Ward No.51,0,,0,0,,0,0,0,maharashtra
251477,48653,Bhiwandi,52,Bhiwandi (M Cl) - Ward No.52,0,,0,0,,0,0,0,maharashtra
251477,48654,Bhiwandi,53,Bhiwandi (M Cl) - Ward No.53,0,,0,0,,0,0,0,maharashtra
251477,48655,Bhiwandi,54,Bhiwandi (M Cl) - Ward No.54,0,,0,0,,0,0,0,maharashtra
251477,48656,Bhiwandi,55,Bhiwandi (M Cl) - Ward No.55,0,,0,0,,0,0,0,maharashtra
251477,48657,Bhiwandi,56,Bhiwandi (M Cl) - Ward No.56,0,,0,0,,0,0,0,maharashtra
251477,48658,Bhiwandi,57,Bhiwandi (M Cl) - Ward No.57,0,,0,0,,0,0,0,maharashtra
251477,48659,Bhiwandi,58,Bhiwandi (M Cl) - Ward No.58,0,,0,0,,0,0,0,maharashtra
251477,48660,Bhiwandi,59,Bhiwandi (M Cl) - Ward No.59,0,,0,0,,0,0,0,maharashtra
251477,48607,Bhiwandi,6,Bhiwandi (M Cl) - Ward No.6,0,,0,0,,0,0,0,maharashtra
251477,48661,Bhiwandi,60,Bhiwandi (M Cl) - Ward No.60,0,,0,0,,0,0,0,maharashtra
251477,48662,Bhiwandi,61,Bhiwandi (M Cl) - Ward No.61,0,,0,0,,0,0,0,maharashtra
251477,48663,Bhiwandi,62,Bhiwandi (M Cl) - Ward No.62,0,,0,0,,0,0,0,maharashtra
251477,48664,Bhiwandi,63,Bhiwandi (M Cl) - Ward No.63,0,,0,0,,0,0,0,maharashtra
251477,48665,Bhiwandi,64,Bhiwandi (M Cl) - Ward No.64,0,,0,0,,0,0,0,maharashtra
251477,48666,Bhiwandi,65,Bhiwandi (M Cl) - Ward No.65,0,,0,0,,0,0,0,maharashtra
251477,48608,Bhiwandi,7,Bhiwandi (M Cl) - Ward No.7,0,,0,0,,0,0,0,maharashtra
251477,48609,Bhiwandi,8,Bhiwandi (M Cl) - Ward No.8,0,,0,0,,0,0,0,maharashtra
251477,48610,Bhiwandi,9,Bhiwandi (M Cl) - Ward No.9,0,,0,0,,0,0,0,maharashtra
263363,1306929,Bhiwapur,1,Bhiwapur (N P) - Ward No.1,0,,0,0,,0,0,0,maharashtra
263363,1306938,Bhiwapur,10,Bhiwapur (N P) - Ward No.10,0,,0,0,,0,0,0,maharashtra
263363,1306939,Bhiwapur,11,Bhiwapur (N P) - Ward No.11,0,,0,0,,0,0,0,maharashtra
263363,1306940,Bhiwapur,12,Bhiwapur (N P) - Ward No.12,0,,0,0,,0,0,0,maharashtra
263363,1306941,Bhiwapur,13,Bhiwapur (N P) - Ward No.13,0,,0,0,,0,0,0,maharashtra
263363,1306942,Bhiwapur,14,Bhiwapur (N P) - Ward No.14,0,,0,0,,0,0,0,maharashtra
263363,1306943,Bhiwapur,15,Bhiwapur (N P) - Ward No.15,0,,0,0,,0,0,0,maharashtra
263363,1306944,Bhiwapur,16,Bhiwapur (N P) - Ward No.16,0,,0,0,,0,0,0,maharashtra
263363,1306945,Bhiwapur,17,Bhiwapur (N P) - Ward No.17,0,,0,0,,0,0,0,maharashtra
263363,1306930,Bhiwapur,2,Bhiwapur (N P) - Ward No.2,0,,0,0,,0,0,0,maharashtra
263363,1306931,Bhiwapur,3,Bhiwapur (N P) - Ward No.3,0,,0,0,,0,0,0,maharashtra
263363,1306932,Bhiwapur,4,Bhiwapur (N P) - Ward No.4,0,,0,0,,0,0,0,maharashtra
263363,1306933,Bhiwapur,5,Bhiwapur (N P) - Ward No.5,0,,0,0,,0,0,0,maharashtra
263363,1306934,Bhiwapur,6,Bhiwapur (N P) - Ward No.6,0,,0,0,,0,0,0,maharashtra
263363,1306935,Bhiwapur,7,Bhiwapur (N P) - Ward No.7,0,,0,0,,0,0,0,maharashtra
263363,1306936,Bhiwapur,8,Bhiwapur (N P) - Ward No.8,0,,0,0,,0,0,0,maharashtra
263363,1306937,Bhiwapur,9,Bhiwapur (N P) - Ward No.9,0,,0,0,,0,0,0,maharashtra
259697,1815245,Bhokar,1,Ward No.1,0,,0,0,,0,0,0,maharashtra
259697,1815254,Bhokar,10,Ward No.10,0,,0,0,,0,0,0,maharashtra
259697,1815255,Bhokar,11,Ward No.11,0,,0,0,,0,0,0,maharashtra
259697,1815246,Bhokar,2,Ward No.2,0,,0,0,,0,0,0,maharashtra
259697,1815247,Bhokar,3,Ward No.3,0,,0,0,,0,0,0,maharashtra
259697,1815248,Bhokar,4,Ward No.4,0,,0,0,,0,0,0,maharashtra
259697,1815249,Bhokar,5,Ward No.5,0,,0,0,,0,0,0,maharashtra
259697,1815250,Bhokar,6,Ward No.6,0,,0,0,,0,0,0,maharashtra
259697,1815251,Bhokar,7,Ward No.7,0,,0,0,,0,0,0,maharashtra
259697,1815252,Bhokar,8,Ward No.8,0,,0,0,,0,0,0,maharashtra
259697,1815253,Bhokar,9,Ward No.9,0,,0,0,,0,0,0,maharashtra
251422,47676,Bhokardan,1,Bhokardan (M Ci) - Ward No 1,0,,0,0,,0,0,0,maharashtra
251422,47677,Bhokardan,2,Bhokardan (M Ci) - Ward No 2,0,,0,0,,0,0,0,maharashtra
251422,47678,Bhokardan,3,Bhokardan (M Ci) - Ward No 3,0,,0,0,,0,0,0,maharashtra
251422,47679,Bhokardan,4,Bhokardan (M Ci) - Ward No 4,0,,0,0,,0,0,0,maharashtra
251422,47680,Bhokardan,5,Bhokardan (M Ci) - Ward No 5,0,,0,0,,0,0,0,maharashtra
251422,47681,Bhokardan,6,Bhokardan (M Ci) - Ward No 6,0,,0,0,,0,0,0,maharashtra
251422,47682,Bhokardan,7,Bhokardan (M Ci) - Ward No 7,0,,0,0,,0,0,0,maharashtra
251422,47683,Bhokardan,8,Bhokardan (M Ci) - Ward No 8,0,,0,0,,0,0,0,maharashtra
251535,52501,Bhor,1,Bhor (M Cl) Ward No.1,0,,0,0,,0,0,0,maharashtra
251535,52502,Bhor,2,Bhor (M Cl) Ward No.2,0,,0,0,,0,0,0,maharashtra
251535,52503,Bhor,3,Bhor (M Cl) Ward No.3,0,,0,0,,0,0,0,maharashtra
251535,52504,Bhor,4,Bhor (M Cl) Ward No.4,0,,0,0,,0,0,0,maharashtra
251535,52505,Bhor,5,Bhor (M Cl) Ward No.5,0,,0,0,,0,0,0,maharashtra
251535,52506,Bhor,6,Bhor (M Cl) Ward No.6,0,,0,0,,0,0,0,maharashtra
251535,52507,Bhor,7,Bhor (M Cl) Ward No.7,0,,0,0,,0,0,0,maharashtra
251535,52508,Bhor,8,Bhor (M Cl) Ward No.8,0,,0,0,,0,0,0,maharashtra
251567,77235,Bhum,1,Prabhag-1 Sablewadi-Ramharinagar-Avinashnagar-Kusumnagar,0,,0,0,,0,0,0,maharashtra
251567,77236,Bhum,2,Prabhag-2 Laxminagar-Vidyanagar-Galibnagar,0,,0,0,,0,0,0,maharashtra
251567,77237,Bhum,3,Prabhag-3 Nagiba galli-Koshti galli-Zagde Galli,0,,0,0,,0,0,0,maharashtra
251567,77238,Bhum,4,Prabhag-4 Bhimnagar-Sathenagar-Shendge maskar galli-Zolapur maruti Galli,0,,0,0,,0,0,0,maharashtra
251567,77239,Bhum,5,Prabhag-5 Garada shendge galli-Rath galli-Mogalvada,0,,0,0,,0,0,0,maharashtra
251567,77240,Bhum,6,Prabhag-6 All kasba vibhag except mogalvada and deshmukh galli,0,,0,0,,0,0,0,maharashtra
251567,77241,Bhum,q,Prabhag-7 Koshti galli-Momin galli-Shivajinagar,0,,0,0,,0,0,0,maharashtra
251567,77242,Bhum,8,Prabhag-8 Samarthnagar-Shivajinagar-Indiranagar-Shivshankarnagar,0,,0,0,,0,0,0,maharashtra
251290,51277,Bhusawal,1,Bhusawal (M Cl) Ward N.01,0,,0,0,,0,0,0,maharashtra
251290,51279,Bhusawal,2,Bhusawal (M Cl) Ward N.02,0,,0,0,,0,0,0,maharashtra
251290,51281,Bhusawal,3,Bhusawal (M Cl) Ward N.03,0,,0,0,,0,0,0,maharashtra
251290,51283,Bhusawal,4,Bhusawal (M Cl) Ward N.04,0,,0,0,,0,0,0,maharashtra
251290,51285,Bhusawal,5,Bhusawal (M Cl) Ward N.05,0,,0,0,,0,0,0,maharashtra
251290,51287,Bhusawal,6,Bhusawal (M Cl) Ward N.06,0,,0,0,,0,0,0,maharashtra
251290,51289,Bhusawal,7,Bhusawal (M Cl) Ward N.07,0,,0,0,,0,0,0,maharashtra
251290,51291,Bhusawal,8,Bhusawal (M Cl) Ward N.08,0,,0,0,,0,0,0,maharashtra
251290,51293,Bhusawal,9,Bhusawal (M Cl) Ward N.09,0,,0,0,,0,0,0,maharashtra
251290,51295,Bhusawal,10,Bhusawal (M Cl) Ward N.10,0,,0,0,,0,0,0,maharashtra
251290,51297,Bhusawal,11,Bhusawal (M Cl) Ward N.11,0,,0,0,,0,0,0,maharashtra
251290,51299,Bhusawal,12,Bhusawal (M Cl) Ward N.12,0,,0,0,,0,0,0,maharashtra
251290,51301,Bhusawal,13,Bhusawal (M Cl) Ward N.13,0,,0,0,,0,0,0,maharashtra
251290,51303,Bhusawal,14,Bhusawal (M Cl) Ward N.14,0,,0,0,,0,0,0,maharashtra
251290,51305,Bhusawal,15,Bhusawal (M Cl) Ward N.15,0,,0,0,,0,0,0,maharashtra
251290,51307,Bhusawal,16,Bhusawal (M Cl) Ward N.16,0,,0,0,,0,0,0,maharashtra
251290,51309,Bhusawal,17,Bhusawal (M Cl) Ward N.17,0,,0,0,,0,0,0,maharashtra
251290,51311,Bhusawal,18,Bhusawal (M Cl) Ward N.18,0,,0,0,,0,0,0,maharashtra
251290,51313,Bhusawal,19,Bhusawal (M Cl) Ward N.19,0,,0,0,,0,0,0,maharashtra
251290,51315,Bhusawal,20,Bhusawal (M Cl) Ward N.20,0,,0,0,,0,0,0,maharashtra
251290,51317,Bhusawal,21,Bhusawal (M Cl) Ward N.21,0,,0,0,,0,0,0,maharashtra
251290,51319,Bhusawal,22,Bhusawal (M Cl) Ward N.22,0,,0,0,,0,0,0,maharashtra
251290,51321,Bhusawal,23,Bhusawal (M Cl) Ward N.23,0,,0,0,,0,0,0,maharashtra
251290,51323,Bhusawal,24,Bhusawal (M Cl) Ward N.24,0,,0,0,,0,0,0,maharashtra
251557,61077,Bid,1,Ward No.01 Shahu nagar cannal road,0,,0,0,,0,0,0,maharashtra
251557,61078,Bid,2,Ward No.02 sawata mali chowk,0,,0,0,,0,0,0,maharashtra
251557,61079,Bid,3,Ward No.03 Wipra nagar m.i.d.c.,0,,0,0,,0,0,0,maharashtra
251557,1782133,Bid,4,Ward No.04 Nagoba galli,0,,0,0,,0,0,0,maharashtra
251557,1782134,Bid,5,Ward No.05 Karimpura,0,,0,0,,0,0,0,maharashtra
251557,1782135,Bid,6,Ward No.06 Juna bajar,0,,0,0,,0,0,0,maharashtra
251557,1782136,Bid,7,Ward No.07 Tilak road,0,,0,0,,0,0,0,maharashtra
251557,1782137,Bid,8,Ward No.08 New bhaji mandi,0,,0,0,,0,0,0,maharashtra
251557,1782138,Bid,9,Ward No.09 Shahu nagar part hanuman chowk,0,,0,0,,0,0,0,maharashtra
251557,1782139,Bid,10,Ward No.10 Kranti nagar shriram nagar,0,,0,0,,0,0,0,maharashtra
251557,1782140,Bid,11,Ward No.11 Aamraie bhakti construction,0,,0,0,,0,0,0,maharashtra
251557,1782141,Bid,12,Ward No.12 Roashan pura granmsevak colony,0,,0,0,,0,0,0,maharashtra
251557,1782142,Bid,13,Ward No.13 Chanakya puri,0,,0,0,,0,0,0,maharashtra
251557,1782143,Bid,14,Ward No.14 Shahinsha nagar,0,,0,0,,0,0,0,maharashtra
251557,1782144,Bid,15,Ward No.15 Rajury wes karanja,0,,0,0,,0,0,0,maharashtra
251557,1782145,Bid,16,Ward No.16 Khasbag,0,,0,0,,0,0,0,maharashtra
251557,1782146,Bid,17,Ward No.17 Bhaldarpura,0,,0,0,,0,0,0,maharashtra
251557,1782147,Bid,18,Ward No.18 Islampura,0,,0,0,,0,0,0,maharashtra
251557,1782148,Bid,19,Ward No.19 Gandhi nagar,0,,0,0,,0,0,0,maharashtra
251557,1782149,Bid,20,Ward No.20 Mohmmadia colony mominpura,0,,0,0,,0,0,0,maharashtra
251557,1782150,Bid,21,Ward No.21 Ashok nagar beedmamla,0,,0,0,,0,0,0,maharashtra
251557,1782151,Bid,22,Ward No.22 Swarajya nagar,0,,0,0,,0,0,0,maharashtra
251557,1782152,Bid,23,Ward No.23 Shivaji nagar,0,,0,0,,0,0,0,maharashtra
251557,1782153,Bid,24,Ward No.24 Santa namdev nagar west side,0,,0,0,,0,0,0,maharashtra
251557,1782154,Bid,25,Ward No.25 Barshi naka papneshwer mandir,0,,0,0,,0,0,0,maharashtra
303126,3301982,Bidgaon Tarodi Khurd Pandhurna,1,Ward no. 1,0,,0,0,,0,0,0,maharashtra
303126,3301991,Bidgaon Tarodi Khurd Pandhurna,10,Ward no. 10,0,,0,0,,0,0,0,maharashtra
303126,3301992,Bidgaon Tarodi Khurd Pandhurna,11,Ward no. 11,0,,0,0,,0,0,0,maharashtra
303126,3301993,Bidgaon Tarodi Khurd Pandhurna,12,Ward no. 12,0,,0,0,,0,0,0,maharashtra
303126,3301994,Bidgaon Tarodi Khurd Pandhurna,13,Ward no. 13,0,,0,0,,0,0,0,maharashtra
303126,3301995,Bidgaon Tarodi Khurd Pandhurna,14,Ward no. 14,0,,0,0,,0,0,0,maharashtra
303126,3301996,Bidgaon Tarodi Khurd Pandhurna,15,Ward no. 15,0,,0,0,,0,0,0,maharashtra
303126,3301997,Bidgaon Tarodi Khurd Pandhurna,16,Ward no. 16,0,,0,0,,0,0,0,maharashtra
303126,3301998,Bidgaon Tarodi Khurd Pandhurna,17,Ward no. 17,0,,0,0,,0,0,0,maharashtra
303126,3301983,Bidgaon Tarodi Khurd Pandhurna,2,Ward no. 2,0,,0,0,,0,0,0,maharashtra
303126,3301984,Bidgaon Tarodi Khurd Pandhurna,3,Ward no. 3,0,,0,0,,0,0,0,maharashtra
303126,3301985,Bidgaon Tarodi Khurd Pandhurna,4,Ward no. 4,0,,0,0,,0,0,0,maharashtra
303126,3301986,Bidgaon Tarodi Khurd Pandhurna,5,Ward no. 5,0,,0,0,,0,0,0,maharashtra
303126,3301987,Bidgaon Tarodi Khurd Pandhurna,6,Ward no. 6,0,,0,0,,0,0,0,maharashtra
303126,3301988,Bidgaon Tarodi Khurd Pandhurna,7,Ward no. 7,0,,0,0,,0,0,0,maharashtra
303126,3301989,Bidgaon Tarodi Khurd Pandhurna,8,Ward no. 8,0,,0,0,,0,0,0,maharashtra
303126,3301990,Bidgaon Tarodi Khurd Pandhurna,9,Ward no. 9,0,,0,0,,0,0,0,maharashtra
251406,61343,Biloli,1,Ward No.1 New Bus Stand to Idgahgalli Road,0,,0,0,,0,0,0,maharashtra
251406,61344,Biloli,2,Ward No.2 New Abadi to Panduwadi Galli Street,0,,0,0,,0,0,0,maharashtra
251406,61345,Biloli,3,Ward No.3 Meghmale Gali to Inamdar Gali Road,0,,0,0,,0,0,0,maharashtra
251406,61346,Biloli,4,Ward No.4 Lohar Galli to weekly market road,0,,0,0,,0,0,0,maharashtra
251406,61347,Biloli,5,Ward No.5 Mathagalli to Koligalli Road,0,,0,0,,0,0,0,maharashtra
251406,61348,Biloli,6,Ward No.6 Sathe Nagar to Ambedkar Nagar road,0,,0,0,,0,0,0,maharashtra
251406,61349,Biloli,7,Ward No.7 Deshmukh Nagar to Idira Awas Marg,0,,0,0,,0,0,0,maharashtra
251406,61350,Biloli,8,Ward No.8 Gandhi gar to Badi Masjid lane road,0,,0,0,,0,0,0,maharashtra
276272,2323983,Bodwad,1,Bodwad (M Cl) -Ward No.1,0,,0,0,,0,0,0,maharashtra
276272,2323992,Bodwad,10,Bodwad (M Cl) -Ward No.10,0,,0,0,,0,0,0,maharashtra
276272,2323993,Bodwad,11,Bodwad (M Cl) -Ward No.11,0,,0,0,,0,0,0,maharashtra
276272,2323994,Bodwad,12,Bodwad (M Cl) -Ward No.12,0,,0,0,,0,0,0,maharashtra
276272,2323995,Bodwad,13,Bodwad (M Cl) -Ward No.13,0,,0,0,,0,0,0,maharashtra
276272,2323996,Bodwad,14,Bodwad (M Cl) -Ward No.14,0,,0,0,,0,0,0,maharashtra
276272,2323997,Bodwad,15,Bodwad (M Cl) -Ward No.15,0,,0,0,,0,0,0,maharashtra
276272,2323998,Bodwad,16,Bodwad (M Cl) -Ward No.16,0,,0,0,,0,0,0,maharashtra
276272,2323999,Bodwad,17,Bodwad (M Cl) -Ward No.17,0,,0,0,,0,0,0,maharashtra
276272,2323984,Bodwad,2,Bodwad (M Cl) -Ward No.2,0,,0,0,,0,0,0,maharashtra
276272,2323985,Bodwad,3,Bodwad (M Cl) -Ward No.3,0,,0,0,,0,0,0,maharashtra
276272,2323986,Bodwad,4,Bodwad (M Cl) -Ward No.4,0,,0,0,,0,0,0,maharashtra
276272,2323987,Bodwad,5,Bodwad (M Cl) -Ward No.5,0,,0,0,,0,0,0,maharashtra
276272,2323988,Bodwad,6,Bodwad (M Cl) -Ward No.6,0,,0,0,,0,0,0,maharashtra
276272,2323989,Bodwad,7,Bodwad (M Cl) -Ward No.7,0,,0,0,,0,0,0,maharashtra
276272,2323990,Bodwad,8,Bodwad (M Cl) -Ward No.8,0,,0,0,,0,0,0,maharashtra
276272,2323991,Bodwad,9,Bodwad (M Cl) -Ward No.9,0,,0,0,,0,0,0,maharashtra
251373,2311915,Brahmapuri,1,Brahmapuri (M Cl) - Ward No. 1,0,,0,0,,0,0,0,maharashtra
251373,2311924,Brahmapuri,10,Brahmapuri (M Cl) - Ward No. 10,0,,0,0,,0,0,0,maharashtra
251373,2311916,Brahmapuri,2,Brahmapuri (M Cl) - Ward No. 2,0,,0,0,,0,0,0,maharashtra
251373,2311917,Brahmapuri,3,Brahmapuri (M Cl) - Ward No. 3,0,,0,0,,0,0,0,maharashtra
251373,2311918,Brahmapuri,4,Brahmapuri (M Cl) - Ward No. 4,0,,0,0,,0,0,0,maharashtra
251373,2311919,Brahmapuri,5,Brahmapuri (M Cl) - Ward No. 5,0,,0,0,,0,0,0,maharashtra
251373,2311920,Brahmapuri,6,Brahmapuri (M Cl) - Ward No. 6,0,,0,0,,0,0,0,maharashtra
251373,2311921,Brahmapuri,7,Brahmapuri (M Cl) - Ward No. 7,0,,0,0,,0,0,0,maharashtra
251373,2311922,Brahmapuri,8,Brahmapuri (M Cl) - Ward No. 8,0,,0,0,,0,0,0,maharashtra
251373,2311923,Brahmapuri,9,Brahmapuri (M Cl) - Ward No. 9,0,,0,0,,0,0,0,maharashtra
251305,65174,Buldana,1,Buldana (M Cl) - Ward No.1,0,,0,0,,0,0,0,maharashtra
251305,65183,Buldana,10,Buldana (M Cl) - Ward No.10,0,,0,0,,0,0,0,maharashtra
251305,65184,Buldana,11,Buldana (M Cl) - Ward No.11,0,,0,0,,0,0,0,maharashtra
251305,65185,Buldana,12,Buldana (M Cl) - Ward No.12,0,,0,0,,0,0,0,maharashtra
251305,65186,Buldana,13,Buldana (M Cl) - Ward No.13,0,,0,0,,0,0,0,maharashtra
251305,65187,Buldana,14,Buldana (M Cl) - Ward No.14,0,,0,0,,0,0,0,maharashtra
251305,65188,Buldana,15,Buldana (M Cl) - Ward No.15,0,,0,0,,0,0,0,maharashtra
251305,65175,Buldana,2,Buldana (M Cl) - Ward No.2,0,,0,0,,0,0,0,maharashtra
251305,65176,Buldana,3,Buldana (M Cl) - Ward No.3,0,,0,0,,0,0,0,maharashtra
251305,65177,Buldana,4,Buldana (M Cl) - Ward No.4,0,,0,0,,0,0,0,maharashtra
251305,65178,Buldana,5,Buldana (M Cl) - Ward No.5,0,,0,0,,0,0,0,maharashtra
251305,65179,Buldana,6,Buldana (M Cl) - Ward No.6,0,,0,0,,0,0,0,maharashtra
251305,65180,Buldana,7,Buldana (M Cl) - Ward No.7,0,,0,0,,0,0,0,maharashtra
251305,65181,Buldana,8,Buldana (M Cl) - Ward No.8,0,,0,0,,0,0,0,maharashtra
251305,65182,Buldana,9,Buldana (M Cl) - Ward No.9,0,,0,0,,0,0,0,maharashtra
277411,1306567,Butibori,1,Butibori (M Cl) Ward No.1,0,,0,0,,0,0,0,maharashtra
277411,1306568,Butibori,2,Butibori (M Cl) Ward No. 2,0,,0,0,,0,0,0,maharashtra
277411,1306569,Butibori,3,Butibori (M Cl) Ward No. 3,0,,0,0,,0,0,0,maharashtra
277411,1306570,Butibori,4,Butibori (M Cl) Ward No. 4,0,,0,0,,0,0,0,maharashtra
277411,1306571,Butibori,5,Butibori (M Cl) Ward No. 5,0,,0,0,,0,0,0,maharashtra
277411,1306572,Butibori,6,Butibori (M Cl) Ward No. 6,0,,0,0,,0,0,0,maharashtra
277411,1306573,Butibori,7,Butibori (M Cl) Ward No. 7,0,,0,0,,0,0,0,maharashtra
277411,1306574,Butibori,8,Butibori (M Cl) Ward No. 8,0,,0,0,,0,0,0,maharashtra
277411,1306575,Butibori,9,Butibori (M Cl) Ward No. 9,0,,0,0,,0,0,0,maharashtra
251520,76933,Chakan,1,Chakan (M Ci) - Ward No.1,0,,0,0,,0,0,0,maharashtra
251520,1306617,Chakan,10,Chakan (M Ci) - Ward No.10,0,,0,0,,0,0,0,maharashtra
251520,1306618,Chakan,11,Chakan (M Ci) - Ward No.11,0,,0,0,,0,0,0,maharashtra
251520,1306619,Chakan,12,Chakan (M Ci) - Ward No.12,0,,0,0,,0,0,0,maharashtra
251520,1306620,Chakan,13,Chakan (M Ci) - Ward No.13,0,,0,0,,0,0,0,maharashtra
251520,1306621,Chakan,14,Chakan (M Ci) - Ward No.14,0,,0,0,,0,0,0,maharashtra
251520,1306622,Chakan,15,Chakan (M Ci) - Ward No.15,0,,0,0,,0,0,0,maharashtra
251520,1306623,Chakan,16,Chakan (M Ci) - Ward No.16,0,,0,0,,0,0,0,maharashtra
251520,1306624,Chakan,17,Chakan (M Ci) - Ward No.17,0,,0,0,,0,0,0,maharashtra
251520,1306625,Chakan,18,Chakan (M Ci) - Ward No.18,0,,0,0,,0,0,0,maharashtra
251520,1306626,Chakan,19,Chakan (M Ci) - Ward No.19,0,,0,0,,0,0,0,maharashtra
251520,1306609,Chakan,2,Chakan (M Ci) - Ward No.2,0,,0,0,,0,0,0,maharashtra
251520,1306627,Chakan,20,Chakan (M Ci) - Ward No.20,0,,0,0,,0,0,0,maharashtra
251520,1306628,Chakan,21,Chakan (M Ci) - Ward No.21,0,,0,0,,0,0,0,maharashtra
251520,1306629,Chakan,22,Chakan (M Ci) - Ward No.22,0,,0,0,,0,0,0,maharashtra
251520,1306630,Chakan,23,Chakan (M Ci) - Ward No.23,0,,0,0,,0,0,0,maharashtra
251520,1306610,Chakan,3,Chakan (M Ci) - Ward No.3,0,,0,0,,0,0,0,maharashtra
251520,1306611,Chakan,4,Chakan (M Ci) - Ward No.4,0,,0,0,,0,0,0,maharashtra
251520,1306612,Chakan,5,Chakan (M Ci) - Ward No.5,0,,0,0,,0,0,0,maharashtra
251520,1306613,Chakan,6,Chakan (M Ci) - Ward No.6,0,,0,0,,0,0,0,maharashtra
251520,1306614,Chakan,7,Chakan (M Ci) - Ward No.7,0,,0,0,,0,0,0,maharashtra
251520,1306615,Chakan,8,Chakan (M Ci) - Ward No.8,0,,0,0,,0,0,0,maharashtra
251520,1306616,Chakan,9,Chakan (M Ci) - Ward No.9,0,,0,0,,0,0,0,maharashtra
276375,1756109,Chakur,10,Ward No.10 Police Station Part Part Sathe jogwada,0,,0,0,,0,0,0,maharashtra
276375,1756110,Chakur,11,Ward No.11 M.I.D.C Limboni Galli Sathe Jogwada,0,,0,0,,0,0,0,maharashtra
276375,1756111,Chakur,12,Ward No.12 Datta Mandir Ganesh Mandir Vetal Galli Rugnalaya,0,,0,0,,0,0,0,maharashtra
276375,1756112,Chakur,13,Ward No.13 Dyaneshwar mandir Datta mandir Bhag,0,,0,0,,0,0,0,maharashtra
276375,1756113,Chakur,14,Ward No.14 N.P.Office Part Khadakapure Bhag,0,,0,0,,0,0,0,maharashtra
276375,1756114,Chakur,15,Ward No.15 Peth Mohalla Dhangar Wada Sutarwada,0,,0,0,,0,0,0,maharashtra
276375,1756115,Chakur,16,Ward No.16 Mali Galli Patil Gadhi Chamabharwada Jaibhawani Mandir,0,,0,0,,0,0,0,maharashtra
276375,1756116,Chakur,17,Ward No.17 Lakshmi Nagar Mandir Mahurwadi,0,,0,0,,0,0,0,maharashtra
276375,1756100,Chakur,1,Ward No.1 Saranwadi Lecturer Colony,0,,0,0,,0,0,0,maharashtra
276375,1756101,Chakur,2,Ward No.2 Karewad Ploting Wastiwad Indira Nagar Part,0,,0,0,,0,0,0,maharashtra
276375,1756102,Chakur,3,Ward No.3 Chavahan Ploting Marewad Ploting Vishwashanti Dham,0,,0,0,,0,0,0,maharashtra
276375,1756103,Chakur,4,Ward No.4 Ddarsh Colony Bus Stand Tahsil Office,0,,0,0,,0,0,0,maharashtra
276375,1756104,Chakur,5,Ward No.5 Shani mandir Rahmatnagar bagwan complex,0,,0,0,,0,0,0,maharashtra
276375,1756105,Chakur,6,Ward No.6 Indira Nagar Part Rajmata School,0,,0,0,,0,0,0,maharashtra
276375,1756106,Chakur,7,Ward No.7 Indira Nagar Part Rahamat Nagar,0,,0,0,,0,0,0,maharashtra
276375,1756107,Chakur,8,Ward No.8 Rahmatnagar RB patil nagar,0,,0,0,,0,0,0,maharashtra
276375,1756108,Chakur,9,Ward No.9 Alif Nagar Mahalinge Plotting Gramin Rugnalaya Phulari Complex,0,,0,0,,0,0,0,maharashtra
251296,51501,Chalisgaon,1,Chalisgaon (M Cl) Ward No.01,0,,0,0,,0,0,0,maharashtra
251296,51502,Chalisgaon,2,Chalisgaon (M Cl) Ward No.02,0,,0,0,,0,0,0,maharashtra
251296,51503,Chalisgaon,3,Chalisgaon (M Cl) Ward No.03,0,,0,0,,0,0,0,maharashtra
251296,51504,Chalisgaon,4,Chalisgaon (M Cl) Ward No.04,0,,0,0,,0,0,0,maharashtra
251296,51505,Chalisgaon,5,Chalisgaon (M Cl) Ward No.05,0,,0,0,,0,0,0,maharashtra
251296,51506,Chalisgaon,6,Chalisgaon (M Cl) Ward No.06,0,,0,0,,0,0,0,maharashtra
251296,51507,Chalisgaon,7,Chalisgaon (M Cl) Ward No.07,0,,0,0,,0,0,0,maharashtra
251296,51508,Chalisgaon,8,Chalisgaon (M Cl) Ward No.08,0,,0,0,,0,0,0,maharashtra
251296,51509,Chalisgaon,9,Chalisgaon (M Cl) Ward No.09,0,,0,0,,0,0,0,maharashtra
251296,51510,Chalisgaon,10,Chalisgaon (M Cl) Ward No.10,0,,0,0,,0,0,0,maharashtra
251296,51511,Chalisgaon,11,Chalisgaon (M Cl) Ward No.11,0,,0,0,,0,0,0,maharashtra
251296,51512,Chalisgaon,12,Chalisgaon (M Cl) Ward No.12,0,,0,0,,0,0,0,maharashtra
251296,51513,Chalisgaon,13,Chalisgaon (M Cl) Ward No.13,0,,0,0,,0,0,0,maharashtra
251296,51514,Chalisgaon,14,Chalisgaon (M Cl) Ward No.14,0,,0,0,,0,0,0,maharashtra
251296,51515,Chalisgaon,15,Chalisgaon (M Cl) Ward No.15,0,,0,0,,0,0,0,maharashtra
251296,51516,Chalisgaon,16,Chalisgaon (M Cl) Ward No.16,0,,0,0,,0,0,0,maharashtra
251296,51517,Chalisgaon,17,Chalisgaon (M Cl) Ward No.17,0,,0,0,,0,0,0,maharashtra
251296,51518,Chalisgaon,18,Chalisgaon(M Cl) - Ward No.18,0,,0,0,,0,0,0,maharashtra
251296,51519,Chalisgaon,19,Chalisgaon(M Cl) - Ward No.19,0,,0,0,,0,0,0,maharashtra
251296,51520,Chalisgaon,20,Chalisgaon(M Cl) - Ward No.20,0,,0,0,,0,0,0,maharashtra
251296,51521,Chalisgaon,21,Chalisgaon(M Cl) - Ward No.21,0,,0,0,,0,0,0,maharashtra
251296,51522,Chalisgaon,22,Chalisgaon(M Cl) - Ward No.22,0,,0,0,,0,0,0,maharashtra
251296,51523,Chalisgaon,23,Chalisgaon(M Cl) - Ward No.23,0,,0,0,,0,0,0,maharashtra
251296,51524,Chalisgaon,24,Chalisgaon(M Cl) - Ward No.24,0,,0,0,,0,0,0,maharashtra
251296,51525,Chalisgaon,25,Chalisgaon(M Cl) - Ward No.25,0,,0,0,,0,0,0,maharashtra
251296,51526,Chalisgaon,26,Chalisgaon(M Cl) - Ward No.26,0,,0,0,,0,0,0,maharashtra
251296,51527,Chalisgaon,27,Chalisgaon(M Cl) - Ward No.27,0,,0,0,,0,0,0,maharashtra
251296,51528,Chalisgaon,28,Chalisgaon(M Cl) - Ward No.28,0,,0,0,,0,0,0,maharashtra
251296,51529,Chalisgaon,29,Chalisgaon(M Cl) - Ward No.29,0,,0,0,,0,0,0,maharashtra
251296,51530,Chalisgaon,30,Chalisgaon(M Cl) - Ward No.30,0,,0,0,,0,0,0,maharashtra
276329,1814228,Chamorshi,1,CHAMORSHI(NP)WARD NO-1,0,,0,0,,0,0,0,maharashtra
276329,1814237,Chamorshi,10,CHAMORSHI(NP)WARD NO-10,0,,0,0,,0,0,0,maharashtra
276329,1814238,Chamorshi,11,CHAMORSHI(NP)WARD NO-11,0,,0,0,,0,0,0,maharashtra
276329,1814239,Chamorshi,12,CHAMORSHI(NP)WARD NO-12,0,,0,0,,0,0,0,maharashtra
276329,1814240,Chamorshi,13,CHAMORSHI(NP)WARD NO-13,0,,0,0,,0,0,0,maharashtra
276329,1814241,Chamorshi,14,CHAMORSHI(NP)WARD NO-14,0,,0,0,,0,0,0,maharashtra
276329,1814242,Chamorshi,15,CHAMORSHI(NP)WARD NO-15,0,,0,0,,0,0,0,maharashtra
276329,1814243,Chamorshi,16,CHAMORSHI(NP)WARD NO-16,0,,0,0,,0,0,0,maharashtra
276329,1814244,Chamorshi,17,CHAMORSHI(NP)WARD NO-17,0,,0,0,,0,0,0,maharashtra
276329,1814229,Chamorshi,2,CHAMORSHI(NP)WARD NO-2,0,,0,0,,0,0,0,maharashtra
276329,1814230,Chamorshi,3,CHAMORSHI(NP)WARD NO-3,0,,0,0,,0,0,0,maharashtra
276329,1814231,Chamorshi,4,CHAMORSHI(NP)WARD NO-4,0,,0,0,,0,0,0,maharashtra
276329,1814232,Chamorshi,5,CHAMORSHI(NP)WARD NO-5,0,,0,0,,0,0,0,maharashtra
276329,1814233,Chamorshi,6,CHAMORSHI(NP)WARD NO-6,0,,0,0,,0,0,0,maharashtra
276329,1814234,Chamorshi,7,CHAMORSHI(NP)WARD NO-7,0,,0,0,,0,0,0,maharashtra
276329,1814235,Chamorshi,8,CHAMORSHI(NP)WARD NO-8,0,,0,0,,0,0,0,maharashtra
276329,1814236,Chamorshi,9,CHAMORSHI(NP)WARD NO-9,0,,0,0,,0,0,0,maharashtra
290433,1828910,Chandgad.,1,Ward No.1,0,,0,0,,0,0,0,maharashtra
290433,1828919,Chandgad.,10,Ward No.10,0,,0,0,,0,0,0,maharashtra
290433,1828920,Chandgad.,11,Ward No.11,0,,0,0,,0,0,0,maharashtra
290433,1828921,Chandgad.,12,Ward No.12,0,,0,0,,0,0,0,maharashtra
290433,1828922,Chandgad.,13,Ward No.13,0,,0,0,,0,0,0,maharashtra
290433,1828923,Chandgad.,14,Ward No.14,0,,0,0,,0,0,0,maharashtra
290433,1828924,Chandgad.,15,Ward No.15,0,,0,0,,0,0,0,maharashtra
290433,1828925,Chandgad.,16,Ward No.16,0,,0,0,,0,0,0,maharashtra
290433,1828926,Chandgad.,17,Ward No.17,0,,0,0,,0,0,0,maharashtra
290433,1828911,Chandgad.,2,Ward No.2,0,,0,0,,0,0,0,maharashtra
290433,1828912,Chandgad.,3,Ward No.3,0,,0,0,,0,0,0,maharashtra
290433,1828913,Chandgad.,4,Ward No.4,0,,0,0,,0,0,0,maharashtra
290433,1828914,Chandgad.,5,Ward No.5,0,,0,0,,0,0,0,maharashtra
290433,1828915,Chandgad.,6,Ward No.6,0,,0,0,,0,0,0,maharashtra
290433,1828916,Chandgad.,7,Ward No.7,0,,0,0,,0,0,0,maharashtra
290433,1828917,Chandgad.,8,Ward No.8,0,,0,0,,0,0,0,maharashtra
290433,1828918,Chandgad.,9,Ward No.9,0,,0,0,,0,0,0,maharashtra
248082,46990,Chandrapur,13,Babupeth,0,,0,0,,0,0,0,maharashtra
248082,46981,Chandrapur,4,Bangali Camp,0,,0,0,,0,0,0,maharashtra
248082,46988,Chandrapur,11,Bhanapeth,0,,0,0,,0,0,0,maharashtra
248082,46991,Chandrapur,14,Bhiwapur,0,,0,0,,0,0,0,maharashtra
248082,46978,Chandrapur,1,D.G. Tukum,0,,0,0,,0,0,0,maharashtra
248082,46994,Chandrapur,17,Dr. Babasaheb Ambedkar,0,,0,0,,0,0,0,maharashtra
248082,46987,Chandrapur,10,Ekori Mandir,0,,0,0,,0,0,0,maharashtra
248082,46993,Chandrapur,16,Hindustan Lalpeth Colory,0,,0,0,,0,0,0,maharashtra
248082,46983,Chandrapur,6,Industrial Estate,0,,0,0,,0,0,0,maharashtra
248082,46984,Chandrapur,7,Jatpura,0,,0,0,,0,0,0,maharashtra
248082,46989,Chandrapur,12,Mahakali Mandir,0,,0,0,,0,0,0,maharashtra
248082,46980,Chandrapur,3,M.E.L,0,,0,0,,0,0,0,maharashtra
248082,46986,Chandrapur,9,Naginabaag,0,,0,0,,0,0,0,maharashtra
248082,46979,Chandrapur,2,Shastri Nagar,0,,0,0,,0,0,0,maharashtra
248082,46992,Chandrapur,15,Vitthal Mandir,0,,0,0,,0,0,0,maharashtra
248082,46982,Chandrapur,5,Vivek Nagar,0,,0,0,,0,0,0,maharashtra
248082,46985,Chandrapur,8,Wadgaon,0,,0,0,,0,0,0,maharashtra
251330,1719146,Chandur,1,Chandur Railway (M Ci) - Ward No. 1,0,,0,0,,0,0,0,maharashtra
251330,3255965,Chandur,10,Chandur Railway (M Ci) - Ward No. 10,0,,0,0,,0,0,0,maharashtra
251330,1719147,Chandur,2,Chandur Railway (M Ci) - Ward No. 2,0,,0,0,,0,0,0,maharashtra
251330,1719148,Chandur,3,Chandur Railway (M Ci) - Ward No. 3,0,,0,0,,0,0,0,maharashtra
251330,1719149,Chandur,4,Chandur Railway (M Ci) - Ward No. 4,0,,0,0,,0,0,0,maharashtra
251330,1719150,Chandur,5,Chandur Railway (M Ci) - Ward No. 5,0,,0,0,,0,0,0,maharashtra
251330,1719151,Chandur,6,Chandur Railway (M Ci) - Ward No. 6,0,,0,0,,0,0,0,maharashtra
251330,1719152,Chandur,7,Chandur Railway (M Ci) - Ward No. 7,0,,0,0,,0,0,0,maharashtra
251330,1719153,Chandur,8,Chandur Railway (M Ci) - Ward No. 8,0,,0,0,,0,0,0,maharashtra
251330,3255964,Chandur,9,Chandur Railway (M Ci) - Ward No. 9,0,,0,0,,0,0,0,maharashtra
251324,45935,Chandurbazar,1,Chandurbazar (M Ci) - Ward No 1,0,,0,0,,0,0,0,maharashtra
251324,3255963,Chandurbazar,10,Chandurbazar (M Ci) - Ward No 10,0,,0,0,,0,0,0,maharashtra
251324,45936,Chandurbazar,2,Chandurbazar (M Ci) - Ward No 2,0,,0,0,,0,0,0,maharashtra
251324,45937,Chandurbazar,3,Chandurbazar (M Ci) - Ward No 3,0,,0,0,,0,0,0,maharashtra
251324,45938,Chandurbazar,4,Chandurbazar (M Ci) - Ward No 4,0,,0,0,,0,0,0,maharashtra
251324,45939,Chandurbazar,5,Chandurbazar (M Ci) - Ward No 5,0,,0,0,,0,0,0,maharashtra
251324,45940,Chandurbazar,6,Chandurbazar (M Ci) - Ward No 6,0,,0,0,,0,0,0,maharashtra
251324,45941,Chandurbazar,7,Chandurbazar (M Ci) - Ward No 7,0,,0,0,,0,0,0,maharashtra
251324,45942,Chandurbazar,8,Chandurbazar (M Ci) - Ward No 8,0,,0,0,,0,0,0,maharashtra
251324,3255962,Chandurbazar,9,Chandurbazar (M Ci) - Ward No 9,0,,0,0,,0,0,0,maharashtra
276281,1711053,Chandwad,1,Chandwad (Mu. Ci)- Ward No.01 01,0,,0,0,,0,0,0,maharashtra
276281,1711054,Chandwad,2,Chandwad (Mu. Ci)- Ward No.02 02,0,,0,0,,0,0,0,maharashtra
276281,1711055,Chandwad,3,Chandwad (Mu. Ci)- Ward No.03 03,0,,0,0,,0,0,0,maharashtra
276281,1711056,Chandwad,4,Chandwad (Mu. Ci)- Ward No.04 04,0,,0,0,,0,0,0,maharashtra
276281,1711057,Chandwad,5,Chandwad (Mu. Ci)- Ward No.05 05,0,,0,0,,0,0,0,maharashtra
276281,1711058,Chandwad,6,Chandwad (Mu. Ci)- Ward No.06 06,0,,0,0,,0,0,0,maharashtra
276281,1711059,Chandwad,7,Chandwad (Mu. Ci)- Ward No.07 07,0,,0,0,,0,0,0,maharashtra
276281,1711060,Chandwad,8,Chandwad (Mu. Ci)- Ward No.08 08,0,,0,0,,0,0,0,maharashtra
276281,1711061,Chandwad,9,Chandwad (Mu. Ci)- Ward No.09 09,0,,0,0,,0,0,0,maharashtra
276281,1711062,Chandwad,10,Chandwad (Mu. Ci)- Ward No. 1010,0,,0,0,,0,0,0,maharashtra
276281,1711063,Chandwad,11,Chandwad (Mu. Ci)- Ward No.11 11,0,,0,0,,0,0,0,maharashtra
276281,1711064,Chandwad,12,Chandwad (Mu. Ci)- Ward No.12 12,0,,0,0,,0,0,0,maharashtra
276281,1711065,Chandwad,13,Chandwad (Mu. Ci)- Ward No.13 13,0,,0,0,,0,0,0,maharashtra
276281,1711066,Chandwad,14,Chandwad (Mu. Ci)- Ward No.14 14,0,,0,0,,0,0,0,maharashtra
276281,1711067,Chandwad,15,Chandwad (Mu. Ci)- Ward No.15 15,0,,0,0,,0,0,0,maharashtra
276281,1711068,Chandwad,16,Chandwad (Mu. Ci)- Ward No.16 16,0,,0,0,,0,0,0,maharashtra
276281,1711069,Chandwad,17,Chandwad (Mu. Ci)- Ward No.17 17,0,,0,0,,0,0,0,maharashtra
276634,3255949,Chikhaldara,10,Chikhaldara (M Ci) - Ward No 10,0,,0,0,,0,0,0,maharashtra
276634,3255950,Chikhaldara,11,Chikhaldara (M Ci) - Ward No 11,0,,0,0,,0,0,0,maharashtra
276634,3255951,Chikhaldara,12,Chikhaldara (M Ci) - Ward No 12,0,,0,0,,0,0,0,maharashtra
276634,3255952,Chikhaldara,13,Chikhaldara (M Ci) - Ward No 13,0,,0,0,,0,0,0,maharashtra
276634,3255953,Chikhaldara,14,Chikhaldara (M Ci) - Ward No 14,0,,0,0,,0,0,0,maharashtra
276634,3255954,Chikhaldara,15,Chikhaldara (M Ci) - Ward No 15,0,,0,0,,0,0,0,maharashtra
276634,3255955,Chikhaldara,16,Chikhaldara (M Ci) - Ward No 16,0,,0,0,,0,0,0,maharashtra
276634,3255956,Chikhaldara,17,Chikhaldara (M Ci) - Ward No 17,0,,0,0,,0,0,0,maharashtra
276634,3253087,Chikhaldara,9,Chikhaldara (M Ci) - Ward No 9,0,,0,0,,0,0,0,maharashtra
276634,1718747,Chikhaldara,1,WARD NO. 1 Mariyampura,0,,0,0,,0,0,0,maharashtra
276634,1718748,Chikhaldara,2,WARD NO. 2 BRE Site,0,,0,0,,0,0,0,maharashtra
276634,1718749,Chikhaldara,3,WARD NO. 3 Mission Bangla,0,,0,0,,0,0,0,maharashtra
276634,1718750,Chikhaldara,4,WARD NO. 4 BABSAHEB AMBEDKAR,0,,0,0,,0,0,0,maharashtra
276634,1718751,Chikhaldara,5,WARD NO. 5 PALIKA BHAVAN,0,,0,0,,0,0,0,maharashtra
276634,1718752,Chikhaldara,6,WARD NO. 6 MAHATMA FULE,0,,0,0,,0,0,0,maharashtra
276634,1718753,Chikhaldara,7,WARD NO. 7 DEVI POINT,0,,0,0,,0,0,0,maharashtra
276634,1718754,Chikhaldara,8,WARD NO. 8 PANDHARI,0,,0,0,,0,0,0,maharashtra
251304,45446,Chikhli,1,Chikhli (M Cl) - Ward No.1,0,,0,0,,0,0,0,maharashtra
251304,45455,Chikhli,10,Chikhli (M Cl) - Ward No.10,0,,0,0,,0,0,0,maharashtra
251304,45456,Chikhli,11,Chikhli (M Cl) - Ward No.11,0,,0,0,,0,0,0,maharashtra
251304,45457,Chikhli,12,Chikhli (M Cl) - Ward No.12,0,,0,0,,0,0,0,maharashtra
251304,45458,Chikhli,13,Chikhli (M Cl) - Ward No.13,0,,0,0,,0,0,0,maharashtra
251304,45447,Chikhli,2,Chikhli (M Cl) - Ward No.2,0,,0,0,,0,0,0,maharashtra
251304,45448,Chikhli,3,Chikhli (M Cl) - Ward No.3,0,,0,0,,0,0,0,maharashtra
251304,45449,Chikhli,4,Chikhli (M Cl) - Ward No.4,0,,0,0,,0,0,0,maharashtra
251304,45450,Chikhli,5,Chikhli (M Cl) - Ward No.5,0,,0,0,,0,0,0,maharashtra
251304,45451,Chikhli,6,Chikhli (M Cl) - Ward No.6,0,,0,0,,0,0,0,maharashtra
251304,45452,Chikhli,7,Chikhli (M Cl) - Ward No.7,0,,0,0,,0,0,0,maharashtra
251304,45453,Chikhli,8,Chikhli (M Cl) - Ward No.8,0,,0,0,,0,0,0,maharashtra
251304,45454,Chikhli,9,Chikhli (M Cl) - Ward No.9,0,,0,0,,0,0,0,maharashtra
265713,2311894,Chimur,1,Chimur (M Cl) - Ward No. 1,0,,0,0,,0,0,0,maharashtra
265713,2311903,Chimur,10,Chimur (M Cl) - Ward No. 10,0,,0,0,,0,0,0,maharashtra
265713,2311895,Chimur,2,Chimur (M Cl) - Ward No. 2,0,,0,0,,0,0,0,maharashtra
265713,2311896,Chimur,3,Chimur (M Cl) - Ward No. 3,0,,0,0,,0,0,0,maharashtra
265713,2311897,Chimur,4,Chimur (M Cl) - Ward No. 4,0,,0,0,,0,0,0,maharashtra
265713,2311898,Chimur,5,Chimur (M Cl) - Ward No. 5,0,,0,0,,0,0,0,maharashtra
265713,2311899,Chimur,6,Chimur (M Cl) - Ward No. 6,0,,0,0,,0,0,0,maharashtra
265713,2311900,Chimur,7,Chimur (M Cl) - Ward No. 7,0,,0,0,,0,0,0,maharashtra
265713,2311901,Chimur,8,Chimur (M Cl) - Ward No. 8,0,,0,0,,0,0,0,maharashtra
265713,2311902,Chimur,9,Chimur (M Cl) - Ward No. 9,0,,0,0,,0,0,0,maharashtra
251602,77337,Chiplun,1,Chiplun (M Cl) - Ward No.1,0,,0,0,,0,0,0,maharashtra
251602,77346,Chiplun,10,Chiplun (M Cl) - Ward No.10,0,,0,0,,0,0,0,maharashtra
251602,77347,Chiplun,11,Chiplun (M Cl) - Ward No.11,0,,0,0,,0,0,0,maharashtra
251602,77348,Chiplun,12,Chiplun (M Cl) - Ward No.12,0,,0,0,,0,0,0,maharashtra
251602,77349,Chiplun,13,Chiplun (M Cl) - Ward No.13,0,,0,0,,0,0,0,maharashtra
251602,77350,Chiplun,14,Chiplun (M Cl) - Ward No.14,0,,0,0,,0,0,0,maharashtra
251602,77351,Chiplun,15,Chiplun (M Cl) - Ward No.15,0,,0,0,,0,0,0,maharashtra
251602,77352,Chiplun,16,Chiplun (M Cl) - Ward No.16,0,,0,0,,0,0,0,maharashtra
251602,77353,Chiplun,17,Chiplun (M Cl) - Ward No.17,0,,0,0,,0,0,0,maharashtra
251602,77354,Chiplun,18,Chiplun (M Cl) - Ward No.18,0,,0,0,,0,0,0,maharashtra
251602,77355,Chiplun,19,Chiplun (M Cl) - Ward No.19,0,,0,0,,0,0,0,maharashtra
251602,77338,Chiplun,2,Chiplun (M Cl) - Ward No.2,0,,0,0,,0,0,0,maharashtra
251602,77356,Chiplun,20,Chiplun (M Cl) - Ward No.20,0,,0,0,,0,0,0,maharashtra
251602,77339,Chiplun,3,Chiplun (M Cl) - Ward No.3,0,,0,0,,0,0,0,maharashtra
251602,77340,Chiplun,4,Chiplun (M Cl) - Ward No.4,0,,0,0,,0,0,0,maharashtra
251602,77341,Chiplun,5,Chiplun (M Cl) - Ward No.5,0,,0,0,,0,0,0,maharashtra
251602,77342,Chiplun,6,Chiplun (M Cl) - Ward No.6,0,,0,0,,0,0,0,maharashtra
251602,77343,Chiplun,7,Chiplun (M Cl) - Ward No.7,0,,0,0,,0,0,0,maharashtra
251602,77344,Chiplun,8,Chiplun (M Cl) - Ward No.8,0,,0,0,,0,0,0,maharashtra
251602,77345,Chiplun,9,Chiplun (M Cl) - Ward No.9,0,,0,0,,0,0,0,maharashtra
251283,701367,Chopda,123,Budhagaon,478,Jalgaon,499,3960,Chopda,3960,0,0,maharashtra
251283,50814,Chopda,1,Chopda (M Cl) - Ward No.1,0,,0,0,,0,0,0,maharashtra
251283,50823,Chopda,10,Chopda (M Cl) - Ward No.10,0,,0,0,,0,0,0,maharashtra
251283,50824,Chopda,11,Chopda (M Cl) - Ward No.11,0,,0,0,,0,0,0,maharashtra
251283,50825,Chopda,12,Chopda (M Cl) - Ward No.12,0,,0,0,,0,0,0,maharashtra
251283,50826,Chopda,13,Chopda (M Cl) - Ward No.13,0,,0,0,,0,0,0,maharashtra
251283,50827,Chopda,14,Chopda (M Cl) - Ward No.14,0,,0,0,,0,0,0,maharashtra
251283,50828,Chopda,15,Chopda (M Cl) - Ward No.15,0,,0,0,,0,0,0,maharashtra
251283,50829,Chopda,16,Chopda (M Cl) - Ward No.16,0,,0,0,,0,0,0,maharashtra
251283,50830,Chopda,17,Chopda (M Cl) - Ward No.17,0,,0,0,,0,0,0,maharashtra
251283,50831,Chopda,18,Chopda (M Cl) - Ward No.18,0,,0,0,,0,0,0,maharashtra
251283,50832,Chopda,19,Chopda (M Cl) - Ward No.19,0,,0,0,,0,0,0,maharashtra
251283,50815,Chopda,2,Chopda (M Cl) - Ward No.2,0,,0,0,,0,0,0,maharashtra
251283,50833,Chopda,20,Chopda (M Cl) - Ward No.20,0,,0,0,,0,0,0,maharashtra
251283,50834,Chopda,21,Chopda (M Cl) - Ward No.21,0,,0,0,,0,0,0,maharashtra
251283,50835,Chopda,22,Chopda (M Cl) - Ward No.22,0,,0,0,,0,0,0,maharashtra
251283,50836,Chopda,23,Chopda (M Cl) - Ward No.23,0,,0,0,,0,0,0,maharashtra
251283,50837,Chopda,24,Chopda (M Cl) - Ward No.24,0,,0,0,,0,0,0,maharashtra
251283,50816,Chopda,3,Chopda (M Cl) - Ward No.3,0,,0,0,,0,0,0,maharashtra
251283,50817,Chopda,4,Chopda (M Cl) - Ward No.4,0,,0,0,,0,0,0,maharashtra
251283,50818,Chopda,5,Chopda (M Cl) - Ward No.5,0,,0,0,,0,0,0,maharashtra
251283,50819,Chopda,6,Chopda (M Cl) - Ward No.6,0,,0,0,,0,0,0,maharashtra
251283,50820,Chopda,7,Chopda (M Cl) - Ward No.7,0,,0,0,,0,0,0,maharashtra
251283,50821,Chopda,8,Chopda (M Cl) - Ward No.8,0,,0,0,,0,0,0,maharashtra
251283,50822,Chopda,9,Chopda (M Cl) - Ward No.9,0,,0,0,,0,0,0,maharashtra
251451,48032,Dahanu,1,Dahanu (M Cl) - Ward No.1,0,,0,0,,0,0,0,maharashtra
251451,48041,Dahanu,10,Dahanu (M Cl) - Ward No.10,0,,0,0,,0,0,0,maharashtra
251451,48042,Dahanu,11,Dahanu (M Cl) - Ward No.11,0,,0,0,,0,0,0,maharashtra
251451,48043,Dahanu,12,Dahanu (M Cl) - Ward No.12,0,,0,0,,0,0,0,maharashtra
251451,48033,Dahanu,2,Dahanu (M Cl) - Ward No.2,0,,0,0,,0,0,0,maharashtra
251451,48034,Dahanu,3,Dahanu (M Cl) - Ward No.3,0,,0,0,,0,0,0,maharashtra
251451,48035,Dahanu,4,Dahanu (M Cl) - Ward No.4,0,,0,0,,0,0,0,maharashtra
251451,48036,Dahanu,5,Dahanu (M Cl) - Ward No.5,0,,0,0,,0,0,0,maharashtra
251451,48037,Dahanu,6,Dahanu (M Cl) - Ward No.6,0,,0,0,,0,0,0,maharashtra
251451,48038,Dahanu,7,Dahanu (M Cl) - Ward No.7,0,,0,0,,0,0,0,maharashtra
251451,48039,Dahanu,8,Dahanu (M Cl) - Ward No.8,0,,0,0,,0,0,0,maharashtra
251451,48040,Dahanu,9,Dahanu (M Cl) - Ward No.9,0,,0,0,,0,0,0,maharashtra
276417,1756013,Dahiwadi,1,Dahivadi Nagarpanchayat Ward No.1,0,,0,0,,0,0,0,maharashtra
276417,1746121,Dahiwadi,10,Dahivadi Nagarpanchayat Ward No.10,0,,0,0,,0,0,0,maharashtra
276417,1746122,Dahiwadi,11,Dahivadi Nagarpanchayat Ward No.11,0,,0,0,,0,0,0,maharashtra
276417,1746123,Dahiwadi,12,Dahivadi Nagarpanchayat Ward No.12,0,,0,0,,0,0,0,maharashtra
276417,1746124,Dahiwadi,13,Dahivadi Nagarpanchayat Ward No.13,0,,0,0,,0,0,0,maharashtra
276417,1746125,Dahiwadi,14,Dahivadi Nagarpanchayat Ward No.14,0,,0,0,,0,0,0,maharashtra
276417,1746126,Dahiwadi,15,Dahivadi Nagarpanchayat Ward No.15,0,,0,0,,0,0,0,maharashtra
276417,1746127,Dahiwadi,16,Dahivadi Nagarpanchayat Ward No.16,0,,0,0,,0,0,0,maharashtra
276417,1746128,Dahiwadi,17,Dahivadi Nagarpanchayat Ward No.17,0,,0,0,,0,0,0,maharashtra
276417,1756014,Dahiwadi,2,Dahivadi Nagarpanchayat Ward No.2,0,,0,0,,0,0,0,maharashtra
276417,1756015,Dahiwadi,3,Dahivadi Nagarpanchayat Ward No.3,0,,0,0,,0,0,0,maharashtra
276417,1756016,Dahiwadi,4,Dahivadi Nagarpanchayat Ward No.4,0,,0,0,,0,0,0,maharashtra
276417,1756017,Dahiwadi,5,Dahivadi Nagarpanchayat Ward No.5,0,,0,0,,0,0,0,maharashtra
276417,1756018,Dahiwadi,6,Dahivadi Nagarpanchayat Ward No.6,0,,0,0,,0,0,0,maharashtra
276417,1756019,Dahiwadi,7,Dahivadi Nagarpanchayat Ward No.7,0,,0,0,,0,0,0,maharashtra
276417,1756020,Dahiwadi,8,Dahivadi Nagarpanchayat Ward No.8,0,,0,0,,0,0,0,maharashtra
276417,1746120,Dahiwadi,9,Dahivadi Nagarpanchayat Ward No.9,0,,0,0,,0,0,0,maharashtra
251599,77336,Dapoli Camp,1,Dapoli Np Ward No.1,0,,0,0,,0,0,0,maharashtra
251599,2307936,Dapoli Camp,10,Dapoli Np Ward No. 10,0,,0,0,,0,0,0,maharashtra
251599,2307937,Dapoli Camp,11,Dapoli Np Ward No. 11,0,,0,0,,0,0,0,maharashtra
251599,2307938,Dapoli Camp,12,Dapoli Np Ward No. 12,0,,0,0,,0,0,0,maharashtra
251599,2307939,Dapoli Camp,13,Dapoli Np Ward No. 13,0,,0,0,,0,0,0,maharashtra
251599,2307940,Dapoli Camp,14,Dapoli Np Ward No. 14,0,,0,0,,0,0,0,maharashtra
251599,2307941,Dapoli Camp,15,Dapoli Np Ward No. 15,0,,0,0,,0,0,0,maharashtra
251599,2307942,Dapoli Camp,16,Dapoli Np Ward No. 16,0,,0,0,,0,0,0,maharashtra
251599,2307943,Dapoli Camp,17,Dapoli Np Ward No. 17,0,,0,0,,0,0,0,maharashtra
251599,2307928,Dapoli Camp,2,Dapoli Np Ward No. 2,0,,0,0,,0,0,0,maharashtra
251599,2307929,Dapoli Camp,3,Dapoli Np Ward No. 3,0,,0,0,,0,0,0,maharashtra
251599,2307930,Dapoli Camp,4,Dapoli Np Ward No. 4,0,,0,0,,0,0,0,maharashtra
251599,2307931,Dapoli Camp,5,Dapoli Np Ward No. 5,0,,0,0,,0,0,0,maharashtra
251599,2307932,Dapoli Camp,6,Dapoli Np Ward No. 6,0,,0,0,,0,0,0,maharashtra
251599,2307933,Dapoli Camp,7,Dapoli Np Ward No. 7,0,,0,0,,0,0,0,maharashtra
251599,2307934,Dapoli Camp,8,Dapoli Np Ward No. 8,0,,0,0,,0,0,0,maharashtra
251599,2307935,Dapoli Camp,9,Dapoli Np Ward No. 9,0,,0,0,,0,0,0,maharashtra
251389,60824,Darwha,1,Darwha (M Cl) Ward No.1,0,,0,0,,0,0,0,maharashtra
251389,60833,Darwha,10,Darwha (M Cl) Ward No.10,0,,0,0,,0,0,0,maharashtra
251389,60825,Darwha,2,Darwha (M Cl) Ward No.2,0,,0,0,,0,0,0,maharashtra
251389,60826,Darwha,3,Darwha (M Cl) Ward No.3,0,,0,0,,0,0,0,maharashtra
251389,60827,Darwha,4,Darwha (M Cl) Ward No.4,0,,0,0,,0,0,0,maharashtra
251389,60828,Darwha,5,Darwha (M Cl) Ward No.5,0,,0,0,,0,0,0,maharashtra
251389,60829,Darwha,6,Darwha (M Cl) Ward No.6,0,,0,0,,0,0,0,maharashtra
251389,60830,Darwha,7,Darwha (M Cl) Ward No.7,0,,0,0,,0,0,0,maharashtra
251389,60831,Darwha,8,Darwha (M Cl) Ward No.8,0,,0,0,,0,0,0,maharashtra
251389,60832,Darwha,9,Darwha (M Cl) Ward No.9,0,,0,0,,0,0,0,maharashtra
251329,1718666,Daryapur Banosa,1,Daryapur (M Ci) - Ward No 1,0,,0,0,,0,0,0,maharashtra
251329,1718675,Daryapur Banosa,10,Daryapur (M Ci) - Ward No 10,0,,0,0,,0,0,0,maharashtra
251329,3230989,Daryapur Banosa,11,Daryapur (M Ci) - Ward No 11,0,,0,0,,0,0,0,maharashtra
251329,3241718,Daryapur Banosa,12,Daryapur (M Ci) - Ward No 12,0,,0,0,,0,0,0,maharashtra
251329,1718667,Daryapur Banosa,2,Daryapur (M Ci) - Ward No 2,0,,0,0,,0,0,0,maharashtra
251329,1718668,Daryapur Banosa,3,Daryapur (M Ci) - Ward No 3,0,,0,0,,0,0,0,maharashtra
251329,1718669,Daryapur Banosa,4,Daryapur (M Ci) - Ward No 4,0,,0,0,,0,0,0,maharashtra
251329,1718670,Daryapur Banosa,5,Daryapur (M Ci) - Ward No 5,0,,0,0,,0,0,0,maharashtra
251329,1718671,Daryapur Banosa,6,Daryapur (M Ci) - Ward No 6,0,,0,0,,0,0,0,maharashtra
251329,1718672,Daryapur Banosa,7,Daryapur (M Ci) - Ward No 7,0,,0,0,,0,0,0,maharashtra
251329,1718673,Daryapur Banosa,8,Daryapur (M Ci) - Ward No 8,0,,0,0,,0,0,0,maharashtra
251329,1718674,Daryapur Banosa,9,Daryapur (M Ci) - Ward No 9,0,,0,0,,0,0,0,maharashtra
251331,66238,Dattapur Dhamangaon,1,Dhamangaon (M Cl) - Ward No. 1,0,,0,0,,0,0,0,maharashtra
251331,3255967,Dattapur Dhamangaon,10,Dhamangaon (M Cl) - Ward No. 10,0,,0,0,,0,0,0,maharashtra
251331,66239,Dattapur Dhamangaon,2,Dhamangaon (M Cl) - Ward No. 2,0,,0,0,,0,0,0,maharashtra
251331,66240,Dattapur Dhamangaon,3,Dhamangaon (M Cl) - Ward No. 3,0,,0,0,,0,0,0,maharashtra
251331,66241,Dattapur Dhamangaon,4,Dhamangaon (M Cl) - Ward No. 4,0,,0,0,,0,0,0,maharashtra
251331,66242,Dattapur Dhamangaon,5,Dhamangaon (M Cl) - Ward No. 5,0,,0,0,,0,0,0,maharashtra
251331,66243,Dattapur Dhamangaon,6,Dhamangaon (M Cl) - Ward No. 6,0,,0,0,,0,0,0,maharashtra
251331,66244,Dattapur Dhamangaon,7,Dhamangaon (M Cl) - Ward No. 7,0,,0,0,,0,0,0,maharashtra
251331,66245,Dattapur Dhamangaon,8,Dhamangaon (M Cl) - Ward No. 8,0,,0,0,,0,0,0,maharashtra
251331,3255966,Dattapur Dhamangaon,9,Dhamangaon (M Cl) - Ward No. 9,0,,0,0,,0,0,0,maharashtra
251531,51606,Daund,1,Daund (M Cl) Ward No.1,0,,0,0,,0,0,0,maharashtra
251531,52456,Daund,10,Daund (M Cl) Ward No.10,0,,0,0,,0,0,0,maharashtra
251531,52457,Daund,11,Daund (M Cl) Ward No.11,0,,0,0,,0,0,0,maharashtra
251531,52458,Daund,12,Daund (M Cl) Ward No.12,0,,0,0,,0,0,0,maharashtra
251531,52448,Daund,2,Daund (M Cl) Ward No.2,0,,0,0,,0,0,0,maharashtra
251531,52449,Daund,3,Daund (M Cl) Ward No.3,0,,0,0,,0,0,0,maharashtra
251531,52450,Daund,4,Daund (M Cl) Ward No.4,0,,0,0,,0,0,0,maharashtra
251531,52451,Daund,5,Daund (M Cl) Ward No.5,0,,0,0,,0,0,0,maharashtra
251531,52452,Daund,6,Daund (M Cl) Ward No.6,0,,0,0,,0,0,0,maharashtra
251531,52453,Daund,7,Daund (M Cl) Ward No.7,0,,0,0,,0,0,0,maharashtra
251531,52454,Daund,8,Daund (M Cl) Ward No.8,0,,0,0,,0,0,0,maharashtra
251531,52455,Daund,9,Daund (M Cl) Ward No.9,0,,0,0,,0,0,0,maharashtra
251410,47498,Deglur,10,Ward No.10 Sainagar-Shardanagar Anandnagar-Ekta Nagar-Sadhana Nagar-Shanti Nagar-Nagsen Chowk,0,,0,0,,0,0,0,maharashtra
251410,47499,Deglur,11,Ward No.11 Raghavendra Temple Azad Colony-Sangharsh Nagar-Vidyanagar-Deglur College-Ambedkar Nagar-Shivneri-Kranti Nagar-Moula Takiya,0,,0,0,,0,0,0,maharashtra
251410,47500,Deglur,12,Ward No.12 Navin Nagar Parishad-Phulenagar-Jia Colony-Bapunagar-Dattanagar-Gandhinagar-Subhashnagar-Nathnagar Brahmakumari,0,,0,0,,0,0,0,maharashtra
251410,47489,Deglur,1,Ward No.1 Gavdevi-Bhawani Chowk Bhoigalli-Mastan Shah Valli-Gokul Nagar,0,,0,0,,0,0,0,maharashtra
251410,47490,Deglur,2,Ward No.2 Chamkumdi-Gokulnagar-Mominagalli-Siddhartha Nagar (Old),0,,0,0,,0,0,0,maharashtra
251410,47491,Deglur,3,Ward No.3 Dargah-Rest House-New Bus Stand-Shivaji Park Samaj Mandir-Siddharthnagar,0,,0,0,,0,0,0,maharashtra
251410,47492,Deglur,4,Ward No.4 Hotel Base Natkar Gali Khajababanagar-Panchayat Samiti-Tehsil Lokmanya Tilak Nagar,0,,0,0,,0,0,0,maharashtra
251410,47493,Deglur,5,Ward No.5 Shahajinagar-Balaji Mandir-Bhatgali-Jama Masjid-Dapande Gali-Kalaskar Gali,0,,0,0,,0,0,0,maharashtra
251410,47494,Deglur,6,Ward No.6 Idgah-Old Municipal Council-Court-Police Station-Lohiya Maidan-Peth Amrapur-Z.P. School Boys.-the new serapha,0,,0,0,,0,0,0,maharashtra
251410,47495,Deglur,7,Ward No.7 Mondha-Shetkari Niwas-Jaibhimnagar-Rokada Maroti Mandir-Mochi Colony-Balaji Zenda,0,,0,0,,0,0,0,maharashtra
251410,47496,Deglur,8,Ward No.8 Durga Temple Nageshwar Nagar-Mahatma Phule Nagar-Linegalli,0,,0,0,,0,0,0,maharashtra
251410,47497,Deglur,9,Ward No.9 Dutt Mandir-Firozdin Talkies-Sharda Nagar-Joshi Galli-Line Galli,0,,0,0,,0,0,0,maharashtra
298888,3257241,Dehu,1,Ward No. 1,0,,0,0,,0,0,0,maharashtra
298888,3257250,Dehu,10,Ward No. 10,0,,0,0,,0,0,0,maharashtra
298888,3257251,Dehu,11,Ward No. 11,0,,0,0,,0,0,0,maharashtra
298888,3257252,Dehu,12,Ward No. 12,0,,0,0,,0,0,0,maharashtra
298888,3257253,Dehu,13,Ward No. 13,0,,0,0,,0,0,0,maharashtra
298888,3257254,Dehu,14,Ward No. 14,0,,0,0,,0,0,0,maharashtra
298888,3257255,Dehu,15,Ward No. 15,0,,0,0,,0,0,0,maharashtra
298888,3257256,Dehu,16,Ward No. 16,0,,0,0,,0,0,0,maharashtra
298888,3257257,Dehu,17,Ward No. 17,0,,0,0,,0,0,0,maharashtra
298888,3257242,Dehu,2,Ward No. 2,0,,0,0,,0,0,0,maharashtra
298888,3257243,Dehu,3,Ward No. 3,0,,0,0,,0,0,0,maharashtra
298888,3257244,Dehu,4,Ward No. 4,0,,0,0,,0,0,0,maharashtra
298888,3257245,Dehu,5,Ward No. 5,0,,0,0,,0,0,0,maharashtra
298888,3257246,Dehu,6,Ward No. 6,0,,0,0,,0,0,0,maharashtra
298888,3257247,Dehu,7,Ward No. 7,0,,0,0,,0,0,0,maharashtra
298888,3257248,Dehu,8,Ward No. 8,0,,0,0,,0,0,0,maharashtra
298888,3257249,Dehu,9,Ward No. 9,0,,0,0,,0,0,0,maharashtra
276277,2313624,Deola,1,Deola (Mu Cl) - Ward No.01,0,,0,0,,0,0,0,maharashtra
276277,2313625,Deola,2,Deola (Mu Cl) - Ward No.02,0,,0,0,,0,0,0,maharashtra
276277,2313626,Deola,3,Deola (Mu Cl) - Ward No.03,0,,0,0,,0,0,0,maharashtra
276277,2313627,Deola,4,Deola (Mu Cl) - Ward No.04,0,,0,0,,0,0,0,maharashtra
276277,2313628,Deola,5,Deola (Mu Cl) - Ward No.05,0,,0,0,,0,0,0,maharashtra
276277,2313629,Deola,6,Deola (Mu Cl) - Ward No.06,0,,0,0,,0,0,0,maharashtra
276277,2313630,Deola,7,Deola (Mu Cl) - Ward No.07,0,,0,0,,0,0,0,maharashtra
276277,2313631,Deola,8,Deola (Mu Cl) - Ward No.08,0,,0,0,,0,0,0,maharashtra
276277,2313632,Deola,9,Deola (Mu Cl) - Ward No.09,0,,0,0,,0,0,0,maharashtra
276277,2313633,Deola,10,Deola (Mu Cl) - Ward No.10,0,,0,0,,0,0,0,maharashtra
276277,2313634,Deola,11,Deola (Mu Cl) - Ward No.11,0,,0,0,,0,0,0,maharashtra
276277,2313635,Deola,12,Deola (Mu Cl) - Ward No.12,0,,0,0,,0,0,0,maharashtra
276277,2313636,Deola,13,Deola (Mu Cl) - Ward No.13,0,,0,0,,0,0,0,maharashtra
276277,2313637,Deola,14,Deola (Mu Cl) - Ward No.14,0,,0,0,,0,0,0,maharashtra
276277,2313638,Deola,15,Deola (Mu Cl) - Ward No.15,0,,0,0,,0,0,0,maharashtra
276277,2313639,Deola,16,Deola (Mu Cl) - Ward No.16,0,,0,0,,0,0,0,maharashtra
276277,2313640,Deola,17,Deola (Mu Cl) - Ward No.17,0,,0,0,,0,0,0,maharashtra
251552,58797,Deolali Pravara,1,Deolali Pravara (MC) - Ward Kra. 1,0,,0,0,,0,0,0,maharashtra
251552,58798,Deolali Pravara,2,Deolali Pravara (MC) - Ward Kra. 2,0,,0,0,,0,0,0,maharashtra
251552,58799,Deolali Pravara,3,Deolali Pravara (MC) - Ward Kra. 3,0,,0,0,,0,0,0,maharashtra
251552,58800,Deolali Pravara,4,Deolali Pravara (MC) - Ward Kra. 4,0,,0,0,,0,0,0,maharashtra
251552,58801,Deolali Pravara,5,Deolali Pravara (MC) - Ward Kra. 5,0,,0,0,,0,0,0,maharashtra
251552,58802,Deolali Pravara,6,Deolali Pravara (MC) - Ward Kra. 6,0,,0,0,,0,0,0,maharashtra
251552,58803,Deolali Pravara,7,Deolali Pravara (MC) - Ward Kra. 7,0,,0,0,,0,0,0,maharashtra
251552,58804,Deolali Pravara,8,Deolali Pravara (MC) - Ward Kra. 8,0,,0,0,,0,0,0,maharashtra
251552,58805,Deolali Pravara,9,Deolali Pravara (MC) - Ward Kra. 9,0,,0,0,,0,0,0,maharashtra
251337,46198,Deoli,1,Deoli (M Cl) Prabhag No.1,0,,0,0,,0,0,0,maharashtra
251337,46199,Deoli,2,Deoli (M Cl) Prabhag No.2,0,,0,0,,0,0,0,maharashtra
251337,46200,Deoli,3,Deoli (M Cl) Prabhag No.3,0,,0,0,,0,0,0,maharashtra
251337,46201,Deoli,4,Deoli (M Cl) Prabhag No.4,0,,0,0,,0,0,0,maharashtra
251337,46202,Deoli,5,Deoli (M Cl) Prabhag No.5,0,,0,0,,0,0,0,maharashtra
251337,46203,Deoli,6,Deoli (M Cl ) Prabhag No.6,0,,0,0,,0,0,0,maharashtra
251337,46204,Deoli,7,Deoli (M Cl) Prabhag No. 7,0,,0,0,,0,0,0,maharashtra
251337,46205,Deoli,8,Deoli (M Cl) Prabhag No.8,0,,0,0,,0,0,0,maharashtra
276377,1758011,Deoni (Bk),10,Ward No.10 Fukat Nagar,0,,0,0,,0,0,0,maharashtra
276377,1758012,Deoni (Bk),11,Ward No.11 M S E B Area,0,,0,0,,0,0,0,maharashtra
276377,1758013,Deoni (Bk),12,Ward No.12 Virbhadra Galli,0,,0,0,,0,0,0,maharashtra
276377,1758014,Deoni (Bk),13,Ward No.13 Sathe Nagar,0,,0,0,,0,0,0,maharashtra
276377,1758015,Deoni (Bk),14,Ward No.14 Basweshwar Nagar,0,,0,0,,0,0,0,maharashtra
276377,1758016,Deoni (Bk),15,Ward No.15 Khandoba Galli,0,,0,0,,0,0,0,maharashtra
276377,1758017,Deoni (Bk),16,Ward No.16 Vidya Nagar,0,,0,0,,0,0,0,maharashtra
276377,1758018,Deoni (Bk),17,Ward No.17 Jawai Nagar,0,,0,0,,0,0,0,maharashtra
276377,1758002,Deoni (Bk),1,Ward No.1 Mahadev Galli,0,,0,0,,0,0,0,maharashtra
276377,1758003,Deoni (Bk),2,Ward No.2 Landge Galli,0,,0,0,,0,0,0,maharashtra
276377,1758004,Deoni (Bk),3,Ward No.3 Panchayat Samiti Area,0,,0,0,,0,0,0,maharashtra
276377,1758005,Deoni (Bk),4,Ward No.4 Landge Mangal Karyalay,0,,0,0,,0,0,0,maharashtra
276377,1758006,Deoni (Bk),5,Ward No.5 Sidharth Nagar,0,,0,0,,0,0,0,maharashtra
276377,1758007,Deoni (Bk),6,Ward No.6 Gandhi Chowk Area,0,,0,0,,0,0,0,maharashtra
276377,1758008,Deoni (Bk),7,Ward No.7 Lulle galli,0,,0,0,,0,0,0,maharashtra
276377,1758009,Deoni (Bk),8,Ward No.8 Gavandi Galli,0,,0,0,,0,0,0,maharashtra
276377,1758010,Deoni (Bk),9,Ward No.9 Dhangar Galli,0,,0,0,,0,0,0,maharashtra
276363,1884289,Deori,1,Deori (N P) Ward No.1,0,,0,0,,0,0,0,maharashtra
276363,1884298,Deori,10,Deori (N P) Ward No.10,0,,0,0,,0,0,0,maharashtra
276363,1884299,Deori,11,Deori (N P) Ward No.11,0,,0,0,,0,0,0,maharashtra
276363,1884300,Deori,12,Deori (N P) Ward No.12,0,,0,0,,0,0,0,maharashtra
276363,1884301,Deori,13,Deori (N P) Ward No.13,0,,0,0,,0,0,0,maharashtra
276363,1884302,Deori,14,Deori (N P) Ward No.14,0,,0,0,,0,0,0,maharashtra
276363,1884303,Deori,15,Deori (N P) Ward No.15,0,,0,0,,0,0,0,maharashtra
276363,1884304,Deori,16,Deori (N P) Ward No.16,0,,0,0,,0,0,0,maharashtra
276363,1884305,Deori,17,Deori (N P) Ward No.17,0,,0,0,,0,0,0,maharashtra
276363,1884290,Deori,2,Deori (N P) Ward No.2,0,,0,0,,0,0,0,maharashtra
276363,1884291,Deori,3,Deori (N P) Ward No.3,0,,0,0,,0,0,0,maharashtra
276363,1884292,Deori,4,Deori (N P) Ward No.4,0,,0,0,,0,0,0,maharashtra
276363,1884293,Deori,5,Deori (N P) Ward No.5,0,,0,0,,0,0,0,maharashtra
276363,1884294,Deori,6,Deori (N P) Ward No.6,0,,0,0,,0,0,0,maharashtra
276363,1884295,Deori,7,Deori (N P) Ward No.7,0,,0,0,,0,0,0,maharashtra
276363,1884296,Deori,8,Deori (N P) Ward No.8,0,,0,0,,0,0,0,maharashtra
276363,1884297,Deori,9,Deori (N P) Ward No.9,0,,0,0,,0,0,0,maharashtra
251306,45467,Deulgaon Raja,1,Deulgaon Raja (M Cl) - Ward No.1,0,,0,0,,0,0,0,maharashtra
251306,45476,Deulgaon Raja,10,Deulgaon Raja (M Cl) - Ward No.10,0,,0,0,,0,0,0,maharashtra
251306,45468,Deulgaon Raja,2,Deulgaon Raja (M Cl) - Ward No.2,0,,0,0,,0,0,0,maharashtra
251306,45469,Deulgaon Raja,3,Deulgaon Raja (M Cl) - Ward No.3,0,,0,0,,0,0,0,maharashtra
251306,45470,Deulgaon Raja,4,Deulgaon Raja (M Cl) - Ward No.4,0,,0,0,,0,0,0,maharashtra
251306,45471,Deulgaon Raja,5,Deulgaon Raja (M Cl) - Ward No.5,0,,0,0,,0,0,0,maharashtra
251306,45472,Deulgaon Raja,6,Deulgaon Raja (M Cl) - Ward No.6,0,,0,0,,0,0,0,maharashtra
251306,45473,Deulgaon Raja,7,Deulgaon Raja (M Cl) - Ward No.7,0,,0,0,,0,0,0,maharashtra
251306,45474,Deulgaon Raja,8,Deulgaon Raja (M Cl) - Ward No.8,0,,0,0,,0,0,0,maharashtra
251306,45475,Deulgaon Raja,9,Deulgaon Raja (M Cl) - Ward No.9,0,,0,0,,0,0,0,maharashtra
276321,1304845,Devgad-Jamsande,1,Ward No.1,0,,0,0,,0,0,0,maharashtra
276321,1304854,Devgad-Jamsande,10,Ward No. 10,0,,0,0,,0,0,0,maharashtra
276321,1304855,Devgad-Jamsande,11,Ward No. 11,0,,0,0,,0,0,0,maharashtra
276321,1304856,Devgad-Jamsande,12,Ward No. 12,0,,0,0,,0,0,0,maharashtra
276321,1304857,Devgad-Jamsande,13,Ward No. 13,0,,0,0,,0,0,0,maharashtra
276321,1304858,Devgad-Jamsande,14,Ward No. 14,0,,0,0,,0,0,0,maharashtra
276321,1304859,Devgad-Jamsande,15,Ward No. 15,0,,0,0,,0,0,0,maharashtra
276321,1304860,Devgad-Jamsande,16,Ward No. 16,0,,0,0,,0,0,0,maharashtra
276321,1304861,Devgad-Jamsande,17,Ward No. 17,0,,0,0,,0,0,0,maharashtra
276321,1304846,Devgad-Jamsande,2,Ward No. 2,0,,0,0,,0,0,0,maharashtra
276321,1304847,Devgad-Jamsande,3,Ward No. 3,0,,0,0,,0,0,0,maharashtra
276321,1304848,Devgad-Jamsande,4,Ward No. 4,0,,0,0,,0,0,0,maharashtra
276321,1304849,Devgad-Jamsande,5,Ward No. 5,0,,0,0,,0,0,0,maharashtra
276321,1304850,Devgad-Jamsande,6,Ward No. 6,0,,0,0,,0,0,0,maharashtra
276321,1304851,Devgad-Jamsande,7,Ward No. 7,0,,0,0,,0,0,0,maharashtra
276321,1304852,Devgad-Jamsande,8,Ward No. 8,0,,0,0,,0,0,0,maharashtra
276321,1304853,Devgad-Jamsande,9,Ward No. 9,0,,0,0,,0,0,0,maharashtra
259684,1721114,Devrukh,10,Ward No 10,0,,0,0,,0,0,0,maharashtra
259684,1721115,Devrukh,11,Ward No 11,0,,0,0,,0,0,0,maharashtra
259684,1721116,Devrukh,12,Ward No 12,0,,0,0,,0,0,0,maharashtra
259684,1721117,Devrukh,13,Ward No 13,0,,0,0,,0,0,0,maharashtra
259684,1721118,Devrukh,14,Ward No 14,0,,0,0,,0,0,0,maharashtra
259684,1721119,Devrukh,15,Ward No 15,0,,0,0,,0,0,0,maharashtra
259684,1721120,Devrukh,16,Ward No 16,0,,0,0,,0,0,0,maharashtra
259684,1721121,Devrukh,17,Ward No 17,0,,0,0,,0,0,0,maharashtra
259684,1721106,Devrukh,2,Ward No 2,0,,0,0,,0,0,0,maharashtra
259684,1721107,Devrukh,3,Ward No 3,0,,0,0,,0,0,0,maharashtra
259684,1721108,Devrukh,4,Ward No 4,0,,0,0,,0,0,0,maharashtra
259684,1721109,Devrukh,5,Ward No 5,0,,0,0,,0,0,0,maharashtra
259684,1721110,Devrukh,6,Ward No 6,0,,0,0,,0,0,0,maharashtra
259684,1721111,Devrukh,7,Ward No 7,0,,0,0,,0,0,0,maharashtra
259684,1721112,Devrukh,8,Ward No 8,0,,0,0,,0,0,0,maharashtra
259684,1721113,Devrukh,9,Ward No 9,0,,0,0,,0,0,0,maharashtra
276345,1302912,Dhadgaon,1,Dhadagaon Ward No.1,0,,0,0,,0,0,0,maharashtra
276345,1302921,Dhadgaon,10,Dhadagaon Ward No.10,0,,0,0,,0,0,0,maharashtra
276345,1302922,Dhadgaon,11,Dhadagaon Ward No.11,0,,0,0,,0,0,0,maharashtra
276345,1302923,Dhadgaon,12,Dhadagaon Ward No.12,0,,0,0,,0,0,0,maharashtra
276345,1302924,Dhadgaon,13,Dhadagaon Ward No.13,0,,0,0,,0,0,0,maharashtra
276345,1302925,Dhadgaon,14,Dhadagaon Ward No.14,0,,0,0,,0,0,0,maharashtra
276345,1302926,Dhadgaon,15,Dhadagaon Ward No.15,0,,0,0,,0,0,0,maharashtra
276345,1302927,Dhadgaon,16,Dhadagaon Ward No.16,0,,0,0,,0,0,0,maharashtra
276345,1302928,Dhadgaon,17,Dhadagaon Ward No.17,0,,0,0,,0,0,0,maharashtra
276345,1302913,Dhadgaon,2,Dhadagaon Ward No.2,0,,0,0,,0,0,0,maharashtra
276345,1302914,Dhadgaon,3,Dhadagaon Ward No.3,0,,0,0,,0,0,0,maharashtra
276345,1302915,Dhadgaon,4,Dhadagaon Ward No.4,0,,0,0,,0,0,0,maharashtra
276345,1302916,Dhadgaon,5,Dhadagaon Ward No.5,0,,0,0,,0,0,0,maharashtra
276345,1302917,Dhadgaon,6,Dhadagaon Ward No.6,0,,0,0,,0,0,0,maharashtra
276345,1302918,Dhadgaon,7,Dhadagaon Ward No.7,0,,0,0,,0,0,0,maharashtra
276345,1302919,Dhadgaon,8,Dhadagaon Ward No.8,0,,0,0,,0,0,0,maharashtra
276345,1302920,Dhadgaon,9,Dhadagaon Ward No.9,0,,0,0,,0,0,0,maharashtra
290430,1306550,Dhanki,1,Dhanki Nagarpanchayat Ward No.1,0,,0,0,,0,0,0,maharashtra
290430,1306559,Dhanki,10,Dhanki Nagarpanchayat Ward No.10,0,,0,0,,0,0,0,maharashtra
290430,1306560,Dhanki,11,Dhanki Nagarpanchayat Ward No.11,0,,0,0,,0,0,0,maharashtra
290430,1306561,Dhanki,12,Dhanki Nagarpanchayat Ward No.12,0,,0,0,,0,0,0,maharashtra
290430,1306562,Dhanki,13,Dhanki Nagarpanchayat Ward No.13,0,,0,0,,0,0,0,maharashtra
290430,1306563,Dhanki,14,Dhanki Nagarpanchayat Ward No.14,0,,0,0,,0,0,0,maharashtra
290430,1306564,Dhanki,15,Dhanki Nagarpanchayat Ward No.15,0,,0,0,,0,0,0,maharashtra
290430,1306565,Dhanki,16,Dhanki Nagarpanchayat Ward No.16,0,,0,0,,0,0,0,maharashtra
290430,1306566,Dhanki,17,Dhanki Nagarpanchayat Ward No.17,0,,0,0,,0,0,0,maharashtra
290430,1306551,Dhanki,2,Dhanki Nagarpanchayat Ward No.2,0,,0,0,,0,0,0,maharashtra
290430,1306552,Dhanki,3,Dhanki Nagarpanchayat Ward No.3,0,,0,0,,0,0,0,maharashtra
290430,1306553,Dhanki,4,Dhanki Nagarpanchayat Ward No.4,0,,0,0,,0,0,0,maharashtra
290430,1306554,Dhanki,5,Dhanki Nagarpanchayat Ward No.5,0,,0,0,,0,0,0,maharashtra
290430,1306555,Dhanki,6,Dhanki Nagarpanchayat Ward No.6,0,,0,0,,0,0,0,maharashtra
290430,1306556,Dhanki,7,Dhanki Nagarpanchayat Ward No.7,0,,0,0,,0,0,0,maharashtra
290430,1306557,Dhanki,8,Dhanki Nagarpanchayat Ward No.8,0,,0,0,,0,0,0,maharashtra
290430,1306558,Dhanki,9,Dhanki Nagarpanchayat Ward No.9,0,,0,0,,0,0,0,maharashtra
276284,1813844,Dhanora,1,DHANORA(NP) WARD NO-1,0,,0,0,,0,0,0,maharashtra
276284,1813853,Dhanora,10,DHANORA(NP) WARD NO-10,0,,0,0,,0,0,0,maharashtra
276284,1813854,Dhanora,11,DHANORA(NP) WARD NO-11,0,,0,0,,0,0,0,maharashtra
276284,1813855,Dhanora,12,DHANORA(NP) WARD NO-12,0,,0,0,,0,0,0,maharashtra
276284,1813856,Dhanora,13,DHANORA(NP) WARD NO-13,0,,0,0,,0,0,0,maharashtra
276284,1813857,Dhanora,14,DHANORA(NP) WARD NO-14,0,,0,0,,0,0,0,maharashtra
276284,1813858,Dhanora,15,DHANORA(NP) WARD NO-15,0,,0,0,,0,0,0,maharashtra
276284,1813859,Dhanora,16,DHANORA(NP) WARD NO-16,0,,0,0,,0,0,0,maharashtra
276284,1813860,Dhanora,17,DHANORA(NP) WARD NO-17,0,,0,0,,0,0,0,maharashtra
276284,1813845,Dhanora,2,DHANORA(NP) WARD NO-2,0,,0,0,,0,0,0,maharashtra
276284,1813846,Dhanora,3,DHANORA(NP) WARD NO-3,0,,0,0,,0,0,0,maharashtra
276284,1813847,Dhanora,4,DHANORA(NP) WARD NO-4,0,,0,0,,0,0,0,maharashtra
276284,1813848,Dhanora,5,DHANORA(NP) WARD NO-5,0,,0,0,,0,0,0,maharashtra
276284,1813849,Dhanora,6,DHANORA(NP) WARD NO-6,0,,0,0,,0,0,0,maharashtra
276284,1813850,Dhanora,7,DHANORA(NP) WARD NO-7,0,,0,0,,0,0,0,maharashtra
276284,1813851,Dhanora,8,DHANORA(NP) WARD NO-8,0,,0,0,,0,0,0,maharashtra
276284,1813852,Dhanora,9,DHANORA(NP) WARD NO-9,0,,0,0,,0,0,0,maharashtra
251293,55343,Dharangaon,1,Dharangaon (M Cl) Ward No.01,0,,0,0,,0,0,0,maharashtra
251293,55344,Dharangaon,2,Dharangaon (M Cl) Ward No.02,0,,0,0,,0,0,0,maharashtra
251293,55345,Dharangaon,3,Dharangaon (M Cl) Ward No.03,0,,0,0,,0,0,0,maharashtra
251293,55346,Dharangaon,4,Dharangaon (M Cl) Ward No.04,0,,0,0,,0,0,0,maharashtra
251293,55347,Dharangaon,5,Dharangaon (M Cl) Ward No.05,0,,0,0,,0,0,0,maharashtra
251293,55348,Dharangaon,6,Dharangaon (M Cl) Ward No.06,0,,0,0,,0,0,0,maharashtra
251293,55349,Dharangaon,7,Dharangaon (M Cl) Ward No.07,0,,0,0,,0,0,0,maharashtra
251293,55350,Dharangaon,8,Dharangaon (M Cl) Ward No.08,0,,0,0,,0,0,0,maharashtra
251293,55351,Dharangaon,9,Dharangaon (M Cl) Ward No.09,0,,0,0,,0,0,0,maharashtra
251293,55352,Dharangaon,10,Dharangaon (M Cl) Ward No.10,0,,0,0,,0,0,0,maharashtra
251293,55353,Dharangaon,11,Dharangaon (M Cl) - Ward No.11,0,,0,0,,0,0,0,maharashtra
251293,55354,Dharangaon,12,Dharangaon (M Cl) - Ward No.12,0,,0,0,,0,0,0,maharashtra
251293,55355,Dharangaon,13,Dharangaon (M Cl) - Ward No.13,0,,0,0,,0,0,0,maharashtra
251293,55356,Dharangaon,14,Dharangaon (M Cl) - Ward No.14,0,,0,0,,0,0,0,maharashtra
251293,55357,Dharangaon,15,Dharangaon (M Cl) - Ward No.15,0,,0,0,,0,0,0,maharashtra
251293,55358,Dharangaon,16,Dharangaon (M Cl) - Ward No.16,0,,0,0,,0,0,0,maharashtra
251293,55359,Dharangaon,17,Dharangaon (M Cl) - Ward No.17,0,,0,0,,0,0,0,maharashtra
251293,55360,Dharangaon,18,Dharangaon (M Cl) - Ward No.18,0,,0,0,,0,0,0,maharashtra
251293,55361,Dharangaon,19,Dharangaon (M Cl) - Ward No.19,0,,0,0,,0,0,0,maharashtra
251404,47312,Dharmabad,1,Ward No-1 Shastrinagar,0,,0,0,,0,0,0,maharashtra
251404,47313,Dharmabad,2,Ward No-2 Patelnagar,0,,0,0,,0,0,0,maharashtra
251404,47314,Dharmabad,3,Ward No-3 Tilaknagar,0,,0,0,,0,0,0,maharashtra
251404,47315,Dharmabad,4,Ward No-4 Vithaleshwarnagar,0,,0,0,,0,0,0,maharashtra
251404,47316,Dharmabad,5,Ward No-5 Sidharthanagar,0,,0,0,,0,0,0,maharashtra
251404,47317,Dharmabad,6,Ward No-6 Gandhinagar,0,,0,0,,0,0,0,maharashtra
251404,47318,Dharmabad,7,Ward No-7 Pansarenagar,0,,0,0,,0,0,0,maharashtra
251404,47319,Dharmabad,8,Ward No-8 Shankarnagar,0,,0,0,,0,0,0,maharashtra
251404,47320,Dharmabad,9,Ward No-9 Gokulnagar,0,,0,0,,0,0,0,maharashtra
276292,1725098,Dharni,1,Dharni (N Panchayat) - Ward No. 1,0,,0,0,,0,0,0,maharashtra
276292,1725107,Dharni,10,Dharni (N Panchayat) - Ward No. 10,0,,0,0,,0,0,0,maharashtra
276292,1725108,Dharni,11,Dharni (N Panchayat) - Ward No. 11,0,,0,0,,0,0,0,maharashtra
276292,1725109,Dharni,12,Dharni (N Panchayat) - Ward No. 12,0,,0,0,,0,0,0,maharashtra
276292,1725110,Dharni,13,Dharni (N Panchayat) - Ward No. 13,0,,0,0,,0,0,0,maharashtra
276292,1725111,Dharni,14,Dharni (N Panchayat) - Ward No. 14,0,,0,0,,0,0,0,maharashtra
276292,1725112,Dharni,15,Dharni (N Panchayat) - Ward No. 15,0,,0,0,,0,0,0,maharashtra
276292,1725113,Dharni,16,Dharni (N Panchayat) - Ward No. 16,0,,0,0,,0,0,0,maharashtra
276292,1725114,Dharni,17,Dharni (N Panchayat) - Ward No. 17,0,,0,0,,0,0,0,maharashtra
276292,1725099,Dharni,2,Dharni (N Panchayat) - Ward No. 2,0,,0,0,,0,0,0,maharashtra
276292,1725100,Dharni,3,Dharni (N Panchayat) - Ward No. 3,0,,0,0,,0,0,0,maharashtra
276292,1725101,Dharni,4,Dharni (N Panchayat) - Ward No. 4,0,,0,0,,0,0,0,maharashtra
276292,1725102,Dharni,5,Dharni (N Panchayat) - Ward No. 5,0,,0,0,,0,0,0,maharashtra
276292,1725103,Dharni,6,Dharni (N Panchayat) - Ward No. 6,0,,0,0,,0,0,0,maharashtra
276292,1725104,Dharni,7,Dharni (N Panchayat) - Ward No.7,0,,0,0,,0,0,0,maharashtra
276292,1725105,Dharni,8,Dharni (N Panchayat) - Ward No. 8,0,,0,0,,0,0,0,maharashtra
276292,1725106,Dharni,9,Dharni (N Panchayat) - Ward No. 9,0,,0,0,,0,0,0,maharashtra
251282,55282,Dhule,1,Dhule (M Cl) - Prabhag Kra.1,0,,0,0,,0,0,0,maharashtra
251282,55291,Dhule,10,Dhule (M Cl) - Prabhag Kra.10,0,,0,0,,0,0,0,maharashtra
251282,55292,Dhule,11,Dhule (M Cl) - Prabhag Kra.11,0,,0,0,,0,0,0,maharashtra
251282,55293,Dhule,12,Dhule (M Cl) - Prabhag Kra.12,0,,0,0,,0,0,0,maharashtra
251282,55294,Dhule,13,Dhule (M Cl) - Prabhag Kra.13,0,,0,0,,0,0,0,maharashtra
251282,55295,Dhule,14,Dhule (M Cl) - Prabhag Kra.14,0,,0,0,,0,0,0,maharashtra
251282,55296,Dhule,15,Dhule (M Cl) - Prabhag Kra.15,0,,0,0,,0,0,0,maharashtra
251282,55297,Dhule,16,Dhule (M Cl) - Prabhag Kra.16,0,,0,0,,0,0,0,maharashtra
251282,55298,Dhule,17,Dhule (M Cl) - Prabhag Kra.17,0,,0,0,,0,0,0,maharashtra
251282,55299,Dhule,18,Dhule (M Cl) - Prabhag Kra.18,0,,0,0,,0,0,0,maharashtra
251282,55300,Dhule,19,Dhule (M Cl) - Prabhag Kra.19,0,,0,0,,0,0,0,maharashtra
251282,55283,Dhule,2,Dhule (M Cl) - Prabhag Kra.2,0,,0,0,,0,0,0,maharashtra
251282,55284,Dhule,3,Dhule (M Cl) - Prabhag Kra.3,0,,0,0,,0,0,0,maharashtra
251282,55285,Dhule,4,Dhule (M Cl) - Prabhag Kra.4,0,,0,0,,0,0,0,maharashtra
251282,55286,Dhule,5,Dhule (M Cl) - Prabhag Kra.5,0,,0,0,,0,0,0,maharashtra
251282,55287,Dhule,6,Dhule (M Cl) - Prabhag Kra.6,0,,0,0,,0,0,0,maharashtra
251282,55288,Dhule,7,Dhule (M Cl) - Prabhag Kra.7,0,,0,0,,0,0,0,maharashtra
251282,55289,Dhule,8,Dhule (M Cl) - Prabhag Kra.8,0,,0,0,,0,0,0,maharashtra
251282,55290,Dhule,9,Dhule (M Cl) - Prabhag Kra.9,0,,0,0,,0,0,0,maharashtra
303127,3310137,Digdoh Devi Municipal Council,Ward No. 1,Ward No. 1,0,,0,0,,0,0,0,maharashtra
303127,3310146,Digdoh Devi Municipal Council,Ward No.10,Ward No.10,0,,0,0,,0,0,0,maharashtra
303127,3310147,Digdoh Devi Municipal Council,Ward No.11,Ward No.11,0,,0,0,,0,0,0,maharashtra
303127,3310148,Digdoh Devi Municipal Council,Ward No.12,Ward No.12,0,,0,0,,0,0,0,maharashtra
303127,3310138,Digdoh Devi Municipal Council,Ward No. 2,Ward No. 2,0,,0,0,,0,0,0,maharashtra
303127,3310139,Digdoh Devi Municipal Council,Ward No. 3,Ward No. 3,0,,0,0,,0,0,0,maharashtra
303127,3310140,Digdoh Devi Municipal Council,Ward No. 4,Ward No. 4,0,,0,0,,0,0,0,maharashtra
303127,3310141,Digdoh Devi Municipal Council,Ward No. 5,Ward No. 5,0,,0,0,,0,0,0,maharashtra
303127,3310142,Digdoh Devi Municipal Council,Ward No. 6,Ward No. 6,0,,0,0,,0,0,0,maharashtra
303127,3310143,Digdoh Devi Municipal Council,Ward No. 7,Ward No. 7,0,,0,0,,0,0,0,maharashtra
303127,3310144,Digdoh Devi Municipal Council,Ward No. 8,Ward No. 8,0,,0,0,,0,0,0,maharashtra
303127,3310145,Digdoh Devi Municipal Council,Ward No. 9,Ward No. 9,0,,0,0,,0,0,0,maharashtra
251390,60841,Digras,1,Digras (M Cl) Ward No.1,0,,0,0,,0,0,0,maharashtra
251390,60850,Digras,10,Digras (M Cl) Ward No.10,0,,0,0,,0,0,0,maharashtra
251390,60851,Digras,11,Digras (M Cl) Ward No.11,0,,0,0,,0,0,0,maharashtra
251390,60842,Digras,2,Digras (M Cl) Ward No.2,0,,0,0,,0,0,0,maharashtra
251390,60843,Digras,3,Digras (M Cl) Ward No.3,0,,0,0,,0,0,0,maharashtra
251390,60844,Digras,4,Digras (M Cl) Ward No.4,0,,0,0,,0,0,0,maharashtra
251390,60845,Digras,5,Digras (M Cl) Ward No.5,0,,0,0,,0,0,0,maharashtra
251390,60846,Digras,6,Digras (M Cl) Ward No.6,0,,0,0,,0,0,0,maharashtra
251390,60847,Digras,7,Digras (M Cl) Ward No.7,0,,0,0,,0,0,0,maharashtra
251390,60848,Digras,8,Digras (M Cl) Ward No.8,0,,0,0,,0,0,0,maharashtra
251390,60849,Digras,9,Digras (M Cl) Ward No.9,0,,0,0,,0,0,0,maharashtra
276276,2313658,Dindori,1,Dindori (Mu Cl) - Ward N.01,0,,0,0,,0,0,0,maharashtra
276276,2313659,Dindori,2,Dindori (Mu Cl) - Ward N.02,0,,0,0,,0,0,0,maharashtra
276276,2313660,Dindori,3,Dindori (Mu Cl) - Ward N.03,0,,0,0,,0,0,0,maharashtra
276276,2313661,Dindori,4,Dindori (Mu Cl) - Ward N.04,0,,0,0,,0,0,0,maharashtra
276276,2313662,Dindori,5,Dindori (Mu Cl) - Ward N.05,0,,0,0,,0,0,0,maharashtra
276276,2313663,Dindori,6,Dindori (Mu Cl) - Ward N.06,0,,0,0,,0,0,0,maharashtra
276276,2313664,Dindori,7,Dindori (Mu Cl) - Ward N.07,0,,0,0,,0,0,0,maharashtra
276276,2313665,Dindori,8,Dindori (Mu Cl) - Ward N.08,0,,0,0,,0,0,0,maharashtra
276276,2313666,Dindori,9,Dindori (Mu Cl) - Ward N.09,0,,0,0,,0,0,0,maharashtra
276276,2313667,Dindori,10,Dindori (Mu Cl) - Ward N.10,0,,0,0,,0,0,0,maharashtra
276276,2313668,Dindori,11,Dindori (Mu Cl) - Ward N.11,0,,0,0,,0,0,0,maharashtra
276276,2313669,Dindori,12,Dindori (Mu Cl) - Ward N.12,0,,0,0,,0,0,0,maharashtra
276276,2313670,Dindori,13,Dindori (Mu Cl) - Ward N.13,0,,0,0,,0,0,0,maharashtra
276276,2313671,Dindori,14,Dindori (Mu Cl) - Ward N.14,0,,0,0,,0,0,0,maharashtra
276276,2313672,Dindori,15,Dindori (Mu Cl) - Ward N.15,0,,0,0,,0,0,0,maharashtra
276276,2313673,Dindori,16,Dindori (Mu Cl) - Ward N.16,0,,0,0,,0,0,0,maharashtra
276276,2313674,Dindori,17,Dindori (Mu Cl) - Ward N.17,0,,0,0,,0,0,0,maharashtra
251281,50509,Dondaicha-Warwade,1,Dondaicha-Warwade(M Cl) - Prabhag Kra.- 1,0,,0,0,,0,0,0,maharashtra
251281,50803,Dondaicha-Warwade,10,Dondaicha-Warwade(M Cl) - Prabhag Kra. - 10,0,,0,0,,0,0,0,maharashtra
251281,50804,Dondaicha-Warwade,11,Dondaicha-Warwade(M Cl) - Prabhag Kra. - 11,0,,0,0,,0,0,0,maharashtra
251281,50805,Dondaicha-Warwade,12,Dondaicha-Warwade(M Cl) - Prabhag Kra. - 12,0,,0,0,,0,0,0,maharashtra
251281,50806,Dondaicha-Warwade,13,Dondaicha-Warwade(M Cl) - Prabhag Kra. - 13,0,,0,0,,0,0,0,maharashtra
251281,50807,Dondaicha-Warwade,14,Dondaicha-Warwade(M Cl) - Prabhag Kra. - 14,0,,0,0,,0,0,0,maharashtra
251281,50808,Dondaicha-Warwade,15,Dondaicha-Warwade(M Cl) - Prabhag Kra. - 15,0,,0,0,,0,0,0,maharashtra
251281,50809,Dondaicha-Warwade,16,Dondaicha-Warwade(M Cl) - Prabhag Kra. - 16,0,,0,0,,0,0,0,maharashtra
251281,50810,Dondaicha-Warwade,17,Dondaicha-Warwade(M Cl) - Prabhag Kra. - 17,0,,0,0,,0,0,0,maharashtra
251281,50811,Dondaicha-Warwade,18,Dondaicha-Warwade(M Cl) - Prabhag Kra. - 18,0,,0,0,,0,0,0,maharashtra
251281,50812,Dondaicha-Warwade,19,Dondaicha-Warwade(M Cl) - Prabhag Kra. - 19,0,,0,0,,0,0,0,maharashtra
251281,50510,Dondaicha-Warwade,2,Dondaicha-Warwade(M Cl) - Prabhag Kra. - 2,0,,0,0,,0,0,0,maharashtra
251281,50813,Dondaicha-Warwade,20,Dondaicha-Warwade(M Cl) - Prabhag Kra. - 20,0,,0,0,,0,0,0,maharashtra
251281,54363,Dondaicha-Warwade,21,Dondaicha-Warwade(M Cl) - Prabhag Kra. - 21,0,,0,0,,0,0,0,maharashtra
251281,54364,Dondaicha-Warwade,22,Dondaicha-Warwade(M Cl) - Prabhag Kra. - 22,0,,0,0,,0,0,0,maharashtra
251281,54365,Dondaicha-Warwade,23,Dondaicha-Warwade(M Cl) - Prabhag Kra. - 23,0,,0,0,,0,0,0,maharashtra
251281,1799818,Dondaicha-Warwade,24,Dondaicha-Warwade(M Cl) - Prabhag Kra. 24,0,,0,0,,0,0,0,maharashtra
251281,50511,Dondaicha-Warwade,3,Dondaicha-Warwade(M Cl) - Prabhag Kra. - 3,0,,0,0,,0,0,0,maharashtra
251281,50797,Dondaicha-Warwade,4,Dondaicha-Warwade(M Cl) - Prabhag Kra. - 4,0,,0,0,,0,0,0,maharashtra
251281,50798,Dondaicha-Warwade,5,Dondaicha-Warwade(M Cl) - Prabhag Kra. - 5,0,,0,0,,0,0,0,maharashtra
251281,50799,Dondaicha-Warwade,6,Dondaicha-Warwade(M Cl) - Prabhag Kra. - 6,0,,0,0,,0,0,0,maharashtra
251281,50800,Dondaicha-Warwade,7,Dondaicha-Warwade(M Cl) - Prabhag Kra. - 7,0,,0,0,,0,0,0,maharashtra
251281,50801,Dondaicha-Warwade,8,Dondaicha-Warwade(M Cl) - Prabhag Kra. - 8,0,,0,0,,0,0,0,maharashtra
251281,50802,Dondaicha-Warwade,9,Dondaicha-Warwade(M Cl) - Prabhag Kra. - 9,0,,0,0,,0,0,0,maharashtra
251583,71208,Dudhani,1,Dudhani (M Cl) - Ward No.1,0,,0,0,,0,0,0,maharashtra
251583,71209,Dudhani,2,Dudhani (M Cl) - Ward No.2,0,,0,0,,0,0,0,maharashtra
251583,71210,Dudhani,3,Dudhani (M Cl) - Ward No.3,0,,0,0,,0,0,0,maharashtra
251583,71211,Dudhani,4,Dudhani (M Cl) - Ward No.4,0,,0,0,,0,0,0,maharashtra
251583,71212,Dudhani,5,Dudhani (M Cl) - Ward No.5,0,,0,0,,0,0,0,maharashtra
251583,71213,Dudhani,6,Dudhani (M Cl) - Ward No.6,0,,0,0,,0,0,0,maharashtra
251583,71214,Dudhani,7,Dudhani (M Cl) - Ward No.7,0,,0,0,,0,0,0,maharashtra
251583,71215,Dudhani,8,Dudhani (M Cl) - Ward No.8,0,,0,0,,0,0,0,maharashtra
251292,51418,Erandol,1,Erandol (MC) - Ward No.1,0,,0,0,,0,0,0,maharashtra
251292,51427,Erandol,10,Erandol (MC) - Ward No.10,0,,0,0,,0,0,0,maharashtra
251292,51428,Erandol,11,Erandol (MC) - Ward No.11,0,,0,0,,0,0,0,maharashtra
251292,51429,Erandol,12,Erandol (MC) - Ward No.12,0,,0,0,,0,0,0,maharashtra
251292,51430,Erandol,13,Erandol (MC) - Ward No.13,0,,0,0,,0,0,0,maharashtra
251292,51431,Erandol,14,Erandol (MC) - Ward No.14,0,,0,0,,0,0,0,maharashtra
251292,51432,Erandol,15,Erandol (MC) - Ward No.15,0,,0,0,,0,0,0,maharashtra
251292,51433,Erandol,16,Erandol (MC) - Ward No.16,0,,0,0,,0,0,0,maharashtra
251292,51434,Erandol,17,Erandol (MC) - Ward No.17,0,,0,0,,0,0,0,maharashtra
251292,51419,Erandol,2,Erandol (MC) - Ward No.2,0,,0,0,,0,0,0,maharashtra
251292,51420,Erandol,3,Erandol (MC) - Ward No.3,0,,0,0,,0,0,0,maharashtra
251292,51421,Erandol,4,Erandol (MC) - Ward No.4,0,,0,0,,0,0,0,maharashtra
251292,51422,Erandol,5,Erandol (MC) - Ward No.5,0,,0,0,,0,0,0,maharashtra
251292,51423,Erandol,6,Erandol (MC) - Ward No.6,0,,0,0,,0,0,0,maharashtra
251292,51424,Erandol,7,Erandol (MC) - Ward No.7,0,,0,0,,0,0,0,maharashtra
251292,51425,Erandol,8,Erandol (MC) - Ward No.8,0,,0,0,,0,0,0,maharashtra
251292,51426,Erandol,9,Erandol (MC) - Ward No.9,0,,0,0,,0,0,0,maharashtra
276330,1822072,Etapalli,1,ETAPALLI(NP)WARD NO-1,0,,0,0,,0,0,0,maharashtra
276330,1822081,Etapalli,10,ETAPALLI(NP)WARD NO-10,0,,0,0,,0,0,0,maharashtra
276330,1822082,Etapalli,11,ETAPALLI(NP)WARD NO-11,0,,0,0,,0,0,0,maharashtra
276330,1822083,Etapalli,12,ETAPALLI(NP)WARD NO-12,0,,0,0,,0,0,0,maharashtra
276330,1822084,Etapalli,13,ETAPALLI(NP)WARD NO-13,0,,0,0,,0,0,0,maharashtra
276330,1822085,Etapalli,14,ETAPALLI(NP)WARD NO-14,0,,0,0,,0,0,0,maharashtra
276330,1822086,Etapalli,15,ETAPALLI(NP)WARD NO-15,0,,0,0,,0,0,0,maharashtra
276330,1822087,Etapalli,16,ETAPALLI(NP)WARD NO-16,0,,0,0,,0,0,0,maharashtra
276330,1822088,Etapalli,17,ETAPALLI(NP)WARD NO-17,0,,0,0,,0,0,0,maharashtra
276330,1822073,Etapalli,2,ETAPALLI(NP)WARD NO-2,0,,0,0,,0,0,0,maharashtra
276330,1822074,Etapalli,3,ETAPALLI(NP)WARD NO-3,0,,0,0,,0,0,0,maharashtra
276330,1822075,Etapalli,4,ETAPALLI(NP)WARD NO-4,0,,0,0,,0,0,0,maharashtra
276330,1822076,Etapalli,5,ETAPALLI(NP)WARD NO-5,0,,0,0,,0,0,0,maharashtra
276330,1822077,Etapalli,6,ETAPALLI(NP)WARD NO-6,0,,0,0,,0,0,0,maharashtra
276330,1822078,Etapalli,7,ETAPALLI(NP)WARD NO-7,0,,0,0,,0,0,0,maharashtra
276330,1822079,Etapalli,8,ETAPALLI(NP)WARD NO-8,0,,0,0,,0,0,0,maharashtra
276330,1822080,Etapalli,9,ETAPALLI(NP)WARD NO-9,0,,0,0,,0,0,0,maharashtra
251285,50856,Faizpur,1,Faizpur (M Cl) - Ward No.1,0,,0,0,,0,0,0,maharashtra
251285,50865,Faizpur,10,Faizpur (M Cl) - Ward No.10,0,,0,0,,0,0,0,maharashtra
251285,50866,Faizpur,11,Faizpur (M Cl) - Ward No.11,0,,0,0,,0,0,0,maharashtra
251285,50867,Faizpur,12,Faizpur (M Cl) - Ward No.12,0,,0,0,,0,0,0,maharashtra
251285,50868,Faizpur,13,Faizpur (M Cl) - Ward No.13,0,,0,0,,0,0,0,maharashtra
251285,50869,Faizpur,14,Faizpur (M Cl) - Ward No.14,0,,0,0,,0,0,0,maharashtra
251285,50870,Faizpur,15,Faizpur (M Cl) - Ward No.15,0,,0,0,,0,0,0,maharashtra
251285,50871,Faizpur,16,Faizpur (M Cl) - Ward No.16,0,,0,0,,0,0,0,maharashtra
251285,50872,Faizpur,17,Faizpur (M Cl) - Ward No.17,0,,0,0,,0,0,0,maharashtra
251285,50857,Faizpur,2,Faizpur (M Cl) - Ward No.2,0,,0,0,,0,0,0,maharashtra
251285,50858,Faizpur,3,Faizpur (M Cl) - Ward No.3,0,,0,0,,0,0,0,maharashtra
251285,50859,Faizpur,4,Faizpur (M Cl) - Ward No.4,0,,0,0,,0,0,0,maharashtra
251285,50860,Faizpur,5,Faizpur (M Cl) - Ward No.5,0,,0,0,,0,0,0,maharashtra
251285,50861,Faizpur,6,Faizpur (M Cl) - Ward No.6,0,,0,0,,0,0,0,maharashtra
251285,50862,Faizpur,7,Faizpur (M Cl) - Ward No.7,0,,0,0,,0,0,0,maharashtra
251285,50863,Faizpur,8,Faizpur (M Cl) - Ward No.8,0,,0,0,,0,0,0,maharashtra
251285,50864,Faizpur,9,Faizpur (M Cl) - Ward No.9,0,,0,0,,0,0,0,maharashtra
276353,3257349,Fulambri,1,Ward No. 1,0,,0,0,,0,0,0,maharashtra
276353,3257358,Fulambri,10,Ward No. 10,0,,0,0,,0,0,0,maharashtra
276353,3257359,Fulambri,11,Ward No. 11,0,,0,0,,0,0,0,maharashtra
276353,3257360,Fulambri,12,Ward No. 12,0,,0,0,,0,0,0,maharashtra
276353,3257361,Fulambri,13,Ward No. 13,0,,0,0,,0,0,0,maharashtra
276353,3257362,Fulambri,14,Ward No. 14,0,,0,0,,0,0,0,maharashtra
276353,3257363,Fulambri,15,Ward No. 15,0,,0,0,,0,0,0,maharashtra
276353,3257364,Fulambri,16,Ward No. 16,0,,0,0,,0,0,0,maharashtra
276353,3257365,Fulambri,17,Ward No. 17,0,,0,0,,0,0,0,maharashtra
276353,3257350,Fulambri,2,Ward No. 2,0,,0,0,,0,0,0,maharashtra
276353,3257351,Fulambri,3,Ward No. 3,0,,0,0,,0,0,0,maharashtra
276353,3257352,Fulambri,4,Ward No. 4,0,,0,0,,0,0,0,maharashtra
276353,3257353,Fulambri,5,Ward No. 5,0,,0,0,,0,0,0,maharashtra
276353,3257354,Fulambri,6,Ward No. 6,0,,0,0,,0,0,0,maharashtra
276353,3257355,Fulambri,7,Ward No. 7,0,,0,0,,0,0,0,maharashtra
276353,3257356,Fulambri,8,Ward No. 8,0,,0,0,,0,0,0,maharashtra
276353,3257357,Fulambri,9,Ward No. 9,0,,0,0,,0,0,0,maharashtra
303134,3310105,Fursungi Uruli Devachi,1,Fursungi Uruli Devachi (M Cl) Ward No.1,0,,0,0,,0,0,0,maharashtra
303134,3310114,Fursungi Uruli Devachi,10,Fursungi Uruli Devachi (M Cl) Ward No.10,0,,0,0,,0,0,0,maharashtra
303134,3310136,Fursungi Uruli Devachi,11,Fursungi Uruli Devachi (M Cl) Ward No.11,0,,0,0,,0,0,0,maharashtra
303134,3310115,Fursungi Uruli Devachi,12,Fursungi Uruli Devachi (M Cl) Ward No.12,0,,0,0,,0,0,0,maharashtra
303134,3310116,Fursungi Uruli Devachi,13,Fursungi Uruli Devachi (M Cl) Ward No.13,0,,0,0,,0,0,0,maharashtra
303134,3310117,Fursungi Uruli Devachi,14,Fursungi Uruli Devachi (M Cl) Ward No.14,0,,0,0,,0,0,0,maharashtra
303134,3310118,Fursungi Uruli Devachi,15,Fursungi Uruli Devachi (M Cl) Ward No.15,0,,0,0,,0,0,0,maharashtra
303134,3310119,Fursungi Uruli Devachi,16,Fursungi Uruli Devachi (M Cl) Ward No.16,0,,0,0,,0,0,0,maharashtra
303134,3310120,Fursungi Uruli Devachi,17,Fursungi Uruli Devachi (M Cl) Ward No.17,0,,0,0,,0,0,0,maharashtra
303134,3310121,Fursungi Uruli Devachi,18,Fursungi Uruli Devachi (M Cl) Ward No.18,0,,0,0,,0,0,0,maharashtra
303134,3310122,Fursungi Uruli Devachi,19,Fursungi Uruli Devachi (M Cl) Ward No.19,0,,0,0,,0,0,0,maharashtra
303134,3310106,Fursungi Uruli Devachi,2,Fursungi Uruli Devachi (M Cl) Ward No.2,0,,0,0,,0,0,0,maharashtra
303134,3310123,Fursungi Uruli Devachi,20,Fursungi Uruli Devachi (M Cl) Ward No.20,0,,0,0,,0,0,0,maharashtra
303134,3310124,Fursungi Uruli Devachi,21,Fursungi Uruli Devachi (M Cl) Ward No.21,0,,0,0,,0,0,0,maharashtra
303134,3310125,Fursungi Uruli Devachi,22,Fursungi Uruli Devachi (M Cl) Ward No.22,0,,0,0,,0,0,0,maharashtra
303134,3310126,Fursungi Uruli Devachi,23,Fursungi Uruli Devachi (M Cl) Ward No.23,0,,0,0,,0,0,0,maharashtra
303134,3310127,Fursungi Uruli Devachi,24,Fursungi Uruli Devachi (M Cl) Ward No.24,0,,0,0,,0,0,0,maharashtra
303134,3310128,Fursungi Uruli Devachi,25,Fursungi Uruli Devachi (M Cl) Ward No.25,0,,0,0,,0,0,0,maharashtra
303134,3310129,Fursungi Uruli Devachi,26,Fursungi Uruli Devachi (M Cl) Ward No.26,0,,0,0,,0,0,0,maharashtra
303134,3310130,Fursungi Uruli Devachi,27,Fursungi Uruli Devachi (M Cl) Ward No.27,0,,0,0,,0,0,0,maharashtra
303134,3310131,Fursungi Uruli Devachi,28,Fursungi Uruli Devachi (M Cl) Ward No.28,0,,0,0,,0,0,0,maharashtra
303134,3310132,Fursungi Uruli Devachi,29,Fursungi Uruli Devachi (M Cl) Ward No.29,0,,0,0,,0,0,0,maharashtra
303134,3310107,Fursungi Uruli Devachi,3,Fursungi Uruli Devachi (M Cl) Ward No.3,0,,0,0,,0,0,0,maharashtra
303134,3310133,Fursungi Uruli Devachi,30,Fursungi Uruli Devachi (M Cl) Ward No.30,0,,0,0,,0,0,0,maharashtra
303134,3310134,Fursungi Uruli Devachi,31,Fursungi Uruli Devachi (M Cl) Ward No.31,0,,0,0,,0,0,0,maharashtra
303134,3310135,Fursungi Uruli Devachi,32,Fursungi Uruli Devachi (M Cl) Ward No.32,0,,0,0,,0,0,0,maharashtra
303134,3310108,Fursungi Uruli Devachi,4,Fursungi Uruli Devachi (M Cl) Ward No.4,0,,0,0,,0,0,0,maharashtra
303134,3310109,Fursungi Uruli Devachi,5,Fursungi Uruli Devachi (M Cl) Ward No.5,0,,0,0,,0,0,0,maharashtra
303134,3310110,Fursungi Uruli Devachi,6,Fursungi Uruli Devachi (M Cl) Ward No.6,0,,0,0,,0,0,0,maharashtra
303134,3310111,Fursungi Uruli Devachi,7,Fursungi Uruli Devachi (M Cl) Ward No.7,0,,0,0,,0,0,0,maharashtra
303134,3310112,Fursungi Uruli Devachi,8,Fursungi Uruli Devachi (M Cl) Ward No.8,0,,0,0,,0,0,0,maharashtra
303134,3310113,Fursungi Uruli Devachi,9,Fursungi Uruli Devachi (M Cl) Ward No.9,0,,0,0,,0,0,0,maharashtra
265791,2311794,Gadchandur Nagar Parishad,1,Gadchandur (M Cl) Ward No. 1,0,,0,0,,0,0,0,maharashtra
265791,2311795,Gadchandur Nagar Parishad,2,Gadchandur (M Cl) Ward No. 2,0,,0,0,,0,0,0,maharashtra
265791,2311796,Gadchandur Nagar Parishad,3,Gadchandur (M Cl) Ward No. 3,0,,0,0,,0,0,0,maharashtra
265791,2311797,Gadchandur Nagar Parishad,4,Gadchandur (M Cl) Ward No. 4,0,,0,0,,0,0,0,maharashtra
265791,2311798,Gadchandur Nagar Parishad,5,Gadchandur (M Cl) Ward No. 5,0,,0,0,,0,0,0,maharashtra
265791,2311799,Gadchandur Nagar Parishad,6,Gadchandur (M Cl) Ward No. 6,0,,0,0,,0,0,0,maharashtra
265791,2311800,Gadchandur Nagar Parishad,7,Gadchandur (M Cl) Ward No. 7,0,,0,0,,0,0,0,maharashtra
265791,2311801,Gadchandur Nagar Parishad,8,Gadchandur (M Cl) Ward No. 8,0,,0,0,,0,0,0,maharashtra
251631,77386,Gadhinglaj,10,Gadhinglaj (M Cl) - Ward No.10,0,,0,0,,0,0,0,maharashtra
251631,77387,Gadhinglaj,11,Gadhinglaj (M Cl) - Ward No.11,0,,0,0,,0,0,0,maharashtra
251631,77388,Gadhinglaj,12,Gadhinglaj (M Cl) - Ward No.12,0,,0,0,,0,0,0,maharashtra
251631,77389,Gadhinglaj,13,Gadhinglaj (M Cl) - Ward No.13,0,,0,0,,0,0,0,maharashtra
251631,77390,Gadhinglaj,14,Gadhinglaj (M Cl) - Ward No.14,0,,0,0,,0,0,0,maharashtra
251631,77391,Gadhinglaj,15,Gadhinglaj (M Cl) - Ward No.15,0,,0,0,,0,0,0,maharashtra
251631,77392,Gadhinglaj,16,Gadhinglaj (M Cl) - Ward No.16,0,,0,0,,0,0,0,maharashtra
251631,77393,Gadhinglaj,17,Gadhinglaj (M Cl) - Ward No.17,0,,0,0,,0,0,0,maharashtra
251631,77377,Gadhinglaj,1,Ward No.1,0,,0,0,,0,0,0,maharashtra
251631,77378,Gadhinglaj,2,Ward No.2,0,,0,0,,0,0,0,maharashtra
251631,77379,Gadhinglaj,3,Ward No.3,0,,0,0,,0,0,0,maharashtra
251631,77380,Gadhinglaj,4,Ward No.4,0,,0,0,,0,0,0,maharashtra
251631,77381,Gadhinglaj,5,Ward No.5,0,,0,0,,0,0,0,maharashtra
251631,77382,Gadhinglaj,6,Ward No.6,0,,0,0,,0,0,0,maharashtra
251631,77383,Gadhinglaj,7,Ward No.7,0,,0,0,,0,0,0,maharashtra
251631,77384,Gadhinglaj,8,Ward No.8,0,,0,0,,0,0,0,maharashtra
251631,77385,Gadhinglaj,9,Ward No.9,0,,0,0,,0,0,0,maharashtra
251420,61419,Gangakhed,1,Ward No.1,0,,0,0,,0,0,0,maharashtra
251420,61428,Gangakhed,10,Ward No.10,0,,0,0,,0,0,0,maharashtra
251420,61429,Gangakhed,11,Ward No.11,0,,0,0,,0,0,0,maharashtra
251420,61430,Gangakhed,12,Ward No.12,0,,0,0,,0,0,0,maharashtra
251420,61420,Gangakhed,2,Ward No.2,0,,0,0,,0,0,0,maharashtra
251420,61421,Gangakhed,3,Ward No.3,0,,0,0,,0,0,0,maharashtra
251420,61422,Gangakhed,4,Ward No.4,0,,0,0,,0,0,0,maharashtra
251420,61423,Gangakhed,5,Ward No.5,0,,0,0,,0,0,0,maharashtra
251420,61424,Gangakhed,6,Ward No.6,0,,0,0,,0,0,0,maharashtra
251420,61425,Gangakhed,7,Ward No.7,0,,0,0,,0,0,0,maharashtra
251420,61426,Gangakhed,8,Ward No.8,0,,0,0,,0,0,0,maharashtra
251420,61427,Gangakhed,9,Ward No.9,0,,0,0,,0,0,0,maharashtra
251432,47827,Gangapur,1,Ward No.1,0,,0,0,,0,0,0,maharashtra
251432,3318621,Gangapur,10,WARD NO.10,0,,0,0,,0,0,0,maharashtra
251432,47828,Gangapur,2,Ward No.2,0,,0,0,,0,0,0,maharashtra
251432,47829,Gangapur,3,Ward No.3,0,,0,0,,0,0,0,maharashtra
251432,47830,Gangapur,4,Ward No.4,0,,0,0,,0,0,0,maharashtra
251432,47831,Gangapur,5,Ward No.5,0,,0,0,,0,0,0,maharashtra
251432,47832,Gangapur,6,Ward No.6,0,,0,0,,0,0,0,maharashtra
251432,47833,Gangapur,7,Ward No.7,0,,0,0,,0,0,0,maharashtra
251432,47834,Gangapur,8,Ward No.8,0,,0,0,,0,0,0,maharashtra
251432,3318620,Gangapur,9,WARD NO.9,0,,0,0,,0,0,0,maharashtra
251555,58820,Georai,1,Ward No.1 Sanjay Nagar-Shivaji Nagar,0,,0,0,,0,0,0,maharashtra
251555,58821,Georai,2,Ward No.2 shahu Nagar-Bhagwan Nagar-Naik Nagar,0,,0,0,,0,0,0,maharashtra
251555,58822,Georai,3,Ward No.3 Ganesh Nagar-Saraswati colony-Siddhivinayak Nagar-Mauli Nagar,0,,0,0,,0,0,0,maharashtra
251555,58823,Georai,4,Ward No.4 Bhim Nagar-Nikam Galli-bedre Galli-Veer lahuji Nagar,0,,0,0,,0,0,0,maharashtra
251555,58824,Georai,5,Ward No.5 Islam pura-bajar Galli-mote Galli-bhagavati complex,0,,0,0,,0,0,0,maharashtra
251555,58825,Georai,6,Ward No.6 rangar chauk-Borde Galli-Pawar Galli-ram mandir Galli-dhangar Galli -Laxmi Narayan Galli,0,,0,0,,0,0,0,maharashtra
251555,58826,Georai,7,Ward No.7 savta Nagar-Mein road -korbu Galli-Mondha,0,,0,0,,0,0,0,maharashtra
251555,58827,Georai,8,Ward No.8 sathe Nagar-Sangha Mitra Nagar-Nikam Galli-matang Wada-main road,0,,0,0,,0,0,0,maharashtra
251555,58828,Georai,9,Ward No.9 santosh Nagar-jayakwadi wasahat-Teacher colony-tayab Nagar,0,,0,0,,0,0,0,maharashtra
276370,1305135,Ghansawangi,10,Ward No.10 Ganpati Temple,0,,0,0,,0,0,0,maharashtra
276370,1305136,Ghansawangi,11,Ward No.11 Maruti Temple,0,,0,0,,0,0,0,maharashtra
276370,1305137,Ghansawangi,12,Ward No.12 Buddha Vihar Late Dattasaheb Deshmukh School,0,,0,0,,0,0,0,maharashtra
276370,1305138,Ghansawangi,13,Ward No.13 Yadgar Hotel Polis Station Nagar Panchayt Office,0,,0,0,,0,0,0,maharashtra
276370,1305139,Ghansawangi,14,Ward No.14 Bazar Chowk Maruti Temple,0,,0,0,,0,0,0,maharashtra
276370,1305140,Ghansawangi,15,Ward No.15 Madhuban Hotel Bajaj Nagar Munjaba Templ,0,,0,0,,0,0,0,maharashtra
276370,1305141,Ghansawangi,16,Ward No.16 Late dadasahen deshmukh ZP School Kharedi Vikri Sangh Bank Of Maharashtra,0,,0,0,,0,0,0,maharashtra
276370,1305142,Ghansawangi,17,Ward No.17 Mahavitran Office Sant Ramdas Collge Tukai Temple,0,,0,0,,0,0,0,maharashtra
276370,1305126,Ghansawangi,1,Ward No.1 Ghansawangi tanda New Bus Stand Idgah Area,0,,0,0,,0,0,0,maharashtra
276370,1305127,Ghansawangi,2,Ward No.2 Nursimha Temple Old Grampanchayt Goverment Offices Campus,0,,0,0,,0,0,0,maharashtra
276370,1305128,Ghansawangi,3,Ward No.3 Laxmi Aai Temple,0,,0,0,,0,0,0,maharashtra
276370,1305129,Ghansawangi,4,Ward No.4 Annabhau Sathe Samaj Mandir Maruti Temple Of Vanjar Galli,0,,0,0,,0,0,0,maharashtra
276370,1305130,Ghansawangi,5,Ward No.5 Zopdpatti,0,,0,0,,0,0,0,maharashtra
276370,1305131,Ghansawangi,6,Ward No.6 Barav Takiya Area,0,,0,0,,0,0,0,maharashtra
276370,1305132,Ghansawangi,7,Ward No.7 Jama Masjid,0,,0,0,,0,0,0,maharashtra
276370,1305133,Ghansawangi,8,Ward No.8 Anganwadi,0,,0,0,,0,0,0,maharashtra
276370,1305134,Ghansawangi,9,Ward No.9 Vitthal Rukhmani Temple Seth Meghraj Surana English School,0,,0,0,,0,0,0,maharashtra
251394,47197,Ghatanji,1,Ghatanji (M Cl) Ward No.1,0,,0,0,,0,0,0,maharashtra
251394,3257165,Ghatanji,10,Ghatanji (M Cl) Ward No.10,0,,0,0,,0,0,0,maharashtra
251394,47198,Ghatanji,2,Ghatanji (M Cl) Ward No.2,0,,0,0,,0,0,0,maharashtra
251394,47199,Ghatanji,3,Ghatanji (M Cl) Ward No.3,0,,0,0,,0,0,0,maharashtra
251394,47200,Ghatanji,4,Ghatanji (M Cl) Ward No.4,0,,0,0,,0,0,0,maharashtra
251394,47201,Ghatanji,5,Ghatanji (M Cl) Ward No.5,0,,0,0,,0,0,0,maharashtra
251394,47202,Ghatanji,6,Ghatanji (M Cl) Ward No.6,0,,0,0,,0,0,0,maharashtra
251394,47203,Ghatanji,7,Ghatanji (M Cl) Ward No.7,0,,0,0,,0,0,0,maharashtra
251394,47204,Ghatanji,8,Ghatanji (M Cl) Ward No.8,0,,0,0,,0,0,0,maharashtra
251394,3257164,Ghatanji,9,Ghatanji (M Cl) Ward No.9,0,,0,0,,0,0,0,maharashtra
298902,3252858,Ghugus,1,Ghugus (M C) Ward No.1,0,,0,0,,0,0,0,maharashtra
298902,3252867,Ghugus,10,Ghugus (M C) Ward No.10,0,,0,0,,0,0,0,maharashtra
298902,3252868,Ghugus,11,Ghugus (M C) Ward No.11,0,,0,0,,0,0,0,maharashtra
298902,3252859,Ghugus,2,Ghugus (M C) Ward No.2,0,,0,0,,0,0,0,maharashtra
298902,3252860,Ghugus,3,Ghugus (M C) Ward No.3,0,,0,0,,0,0,0,maharashtra
298902,3252861,Ghugus,4,Ghugus (M C) Ward No.4,0,,0,0,,0,0,0,maharashtra
298902,3252862,Ghugus,5,Ghugus (M C) Ward No.5,0,,0,0,,0,0,0,maharashtra
298902,3252863,Ghugus,6,Ghugus (M C) Ward No.6,0,,0,0,,0,0,0,maharashtra
298902,3252864,Ghugus,7,Ghugus (M C) Ward No.7,0,,0,0,,0,0,0,maharashtra
298902,3252865,Ghugus,8,Ghugus (M C) Ward No.8,0,,0,0,,0,0,0,maharashtra
298902,3252866,Ghugus,9,Ghugus (M C) Ward No.9,0,,0,0,,0,0,0,maharashtra
303128,3302305,Godhani Railway,1,Ward No. 01,0,,0,0,,0,0,0,maharashtra
303128,3302306,Godhani Railway,2,Ward No. 02,0,,0,0,,0,0,0,maharashtra
303128,3302307,Godhani Railway,3,Ward No. 03,0,,0,0,,0,0,0,maharashtra
303128,3302308,Godhani Railway,4,Ward No. 04,0,,0,0,,0,0,0,maharashtra
303128,3302309,Godhani Railway,5,Ward No. 05,0,,0,0,,0,0,0,maharashtra
303128,3302310,Godhani Railway,6,Ward No. 06,0,,0,0,,0,0,0,maharashtra
303128,3302311,Godhani Railway,7,Ward No. 07,0,,0,0,,0,0,0,maharashtra
303128,3302312,Godhani Railway,8,Ward No. 08,0,,0,0,,0,0,0,maharashtra
303128,3302313,Godhani Railway,9,Ward No. 09,0,,0,0,,0,0,0,maharashtra
303128,3302314,Godhani Railway,10,Ward No. 10,0,,0,0,,0,0,0,maharashtra
303128,3302315,Godhani Railway,11,Ward No. 11,0,,0,0,,0,0,0,maharashtra
303128,3302316,Godhani Railway,12,Ward No. 12,0,,0,0,,0,0,0,maharashtra
303128,3302317,Godhani Railway,13,Ward No. 13,0,,0,0,,0,0,0,maharashtra
303128,3302318,Godhani Railway,14,Ward No. 14,0,,0,0,,0,0,0,maharashtra
303128,3302319,Godhani Railway,15,Ward No. 15,0,,0,0,,0,0,0,maharashtra
303128,3302320,Godhani Railway,16,Ward No. 16,0,,0,0,,0,0,0,maharashtra
303128,3302321,Godhani Railway,17,Ward No. 17,0,,0,0,,0,0,0,maharashtra
251371,46879,Gondiya,1,Gondiya (M Cl) Ward No 1,0,,0,0,,0,0,0,maharashtra
251371,46888,Gondiya,10,Gondiya (M Cl) Ward No 10,0,,0,0,,0,0,0,maharashtra
251371,46889,Gondiya,11,Gondiya (M Cl) Ward No 11,0,,0,0,,0,0,0,maharashtra
251371,46890,Gondiya,12,Gondiya (M Cl) Ward No 12,0,,0,0,,0,0,0,maharashtra
251371,46891,Gondiya,13,Gondiya (M Cl) Ward No 13,0,,0,0,,0,0,0,maharashtra
251371,46892,Gondiya,14,Gondiya (M Cl) Ward No 14,0,,0,0,,0,0,0,maharashtra
251371,46893,Gondiya,15,Gondiya (M Cl) Ward No 15,0,,0,0,,0,0,0,maharashtra
251371,46894,Gondiya,16,Gondiya (M Cl) Ward No 16,0,,0,0,,0,0,0,maharashtra
251371,46895,Gondiya,17,Gondiya (M Cl) Ward No 17,0,,0,0,,0,0,0,maharashtra
251371,46896,Gondiya,18,Gondiya (M Cl) Ward No 18,0,,0,0,,0,0,0,maharashtra
251371,46897,Gondiya,19,Gondiya (M Cl) Ward No 19,0,,0,0,,0,0,0,maharashtra
251371,46880,Gondiya,2,Gondiya (M Cl) Ward No 2,0,,0,0,,0,0,0,maharashtra
251371,46898,Gondiya,20,Gondiya (M Cl) Ward No 20,0,,0,0,,0,0,0,maharashtra
251371,46899,Gondiya,21,Gondiya (M Cl) Ward No 21,0,,0,0,,0,0,0,maharashtra
251371,46881,Gondiya,3,Gondiya (M Cl) Ward No 3,0,,0,0,,0,0,0,maharashtra
251371,46882,Gondiya,4,Gondiya (M Cl) Ward No 4,0,,0,0,,0,0,0,maharashtra
251371,46883,Gondiya,5,Gondiya (M Cl) Ward No 5,0,,0,0,,0,0,0,maharashtra
251371,46884,Gondiya,6,Gondiya (M Cl) Ward No 6,0,,0,0,,0,0,0,maharashtra
251371,46885,Gondiya,7,Gondiya (M Cl) Ward No 7,0,,0,0,,0,0,0,maharashtra
251371,46886,Gondiya,8,Gondiya (M Cl) Ward No 8,0,,0,0,,0,0,0,maharashtra
251371,46887,Gondiya,9,Gondiya (M Cl) Ward No 9,0,,0,0,,0,0,0,maharashtra
276358,2312013,Gondpimpri,1,Gondpimpri (N P) - Ward No. 1,0,,0,0,,0,0,0,maharashtra
276358,2312022,Gondpimpri,10,Gondpimpri (N P) - Ward No. 10,0,,0,0,,0,0,0,maharashtra
276358,2312023,Gondpimpri,11,Gondpimpri (N P) - Ward No. 11,0,,0,0,,0,0,0,maharashtra
276358,2312024,Gondpimpri,12,Gondpimpri (N P) - Ward No. 12,0,,0,0,,0,0,0,maharashtra
276358,2312025,Gondpimpri,13,Gondpimpri (N P) - Ward No. 13,0,,0,0,,0,0,0,maharashtra
276358,2312026,Gondpimpri,14,Gondpimpri (N P) - Ward No. 14,0,,0,0,,0,0,0,maharashtra
276358,2312027,Gondpimpri,15,Gondpimpri (N P) - Ward No. 15,0,,0,0,,0,0,0,maharashtra
276358,2312028,Gondpimpri,16,Gondpimpri (N P) - Ward No. 16,0,,0,0,,0,0,0,maharashtra
276358,2312029,Gondpimpri,17,Gondpimpri (N P) - Ward No. 17,0,,0,0,,0,0,0,maharashtra
276358,2312014,Gondpimpri,2,Gondpimpri (N P) - Ward No. 2,0,,0,0,,0,0,0,maharashtra
276358,2312015,Gondpimpri,3,Gondpimpri (N P) - Ward No. 3,0,,0,0,,0,0,0,maharashtra
276358,2312016,Gondpimpri,4,Gondpimpri (N P) - Ward No. 4,0,,0,0,,0,0,0,maharashtra
276358,2312017,Gondpimpri,5,Gondpimpri (N P) - Ward No. 5,0,,0,0,,0,0,0,maharashtra
276358,2312018,Gondpimpri,6,Gondpimpri (N P) - Ward No. 6,0,,0,0,,0,0,0,maharashtra
276358,2312019,Gondpimpri,7,Gondpimpri (N P) - Ward No. 7,0,,0,0,,0,0,0,maharashtra
276358,2312020,Gondpimpri,8,Gondpimpri (N P) - Ward No. 8,0,,0,0,,0,0,0,maharashtra
276358,2312021,Gondpimpri,9,Gondpimpri (N P) - Ward No. 9,0,,0,0,,0,0,0,maharashtra
251510,55857,Goregaon,1,Goregaon (NP) Ward No.1,0,,0,0,,0,0,0,maharashtra
251510,1884507,Goregaon,10,Goregaon (NP) Ward No.10,0,,0,0,,0,0,0,maharashtra
251510,1884508,Goregaon,11,Goregaon (NP) Ward No.11,0,,0,0,,0,0,0,maharashtra
251510,1884509,Goregaon,12,Goregaon (NP) Ward No.12,0,,0,0,,0,0,0,maharashtra
251510,1884510,Goregaon,13,Goregaon (NP) Ward No.13,0,,0,0,,0,0,0,maharashtra
251510,1884511,Goregaon,14,Goregaon (NP) Ward No.14,0,,0,0,,0,0,0,maharashtra
251510,1884512,Goregaon,15,Goregaon (NP) Ward No.15,0,,0,0,,0,0,0,maharashtra
251510,1884513,Goregaon,16,Goregaon (NP) - Ward No.16,0,,0,0,,0,0,0,maharashtra
251510,1884514,Goregaon,17,Goregaon (NP) Ward No.17,0,,0,0,,0,0,0,maharashtra
251510,1884499,Goregaon,2,Goregaon (NP) Ward No.2,0,,0,0,,0,0,0,maharashtra
251510,1884500,Goregaon,3,Goregaon (NP) Ward No.3,0,,0,0,,0,0,0,maharashtra
251510,1884501,Goregaon,4,Goregaon (NP) Ward No.4,0,,0,0,,0,0,0,maharashtra
251510,1884502,Goregaon,5,Goregaon (NP) Ward No.5,0,,0,0,,0,0,0,maharashtra
251510,1884503,Goregaon,6,Goregaon (NP) Ward No.6,0,,0,0,,0,0,0,maharashtra
251510,1884504,Goregaon,7,Goregaon (NP) Ward No.7,0,,0,0,,0,0,0,maharashtra
251510,1884505,Goregaon,8,Goregaon (NP) Ward No.8,0,,0,0,,0,0,0,maharashtra
251510,1884506,Goregaon,9,Goregaon (NP) Ward No.9,0,,0,0,,0,0,0,maharashtra
251488,1291779,Greater Mumbai,225,A - Ward No. 225,0,,0,0,,0,0,0,maharashtra
251488,1291780,Greater Mumbai,226,A - Ward No. 226,0,,0,0,,0,0,0,maharashtra
251488,1291781,Greater Mumbai,227,A - Ward No. 227,0,,0,0,,0,0,0,maharashtra
251488,1291777,Greater Mumbai,223,B - Ward No. 223,0,,0,0,,0,0,0,maharashtra
251488,1291778,Greater Mumbai,224,B - Ward No. 224,0,,0,0,,0,0,0,maharashtra
251488,1291774,Greater Mumbai,220,C - Ward No. 220,0,,0,0,,0,0,0,maharashtra
251488,1291775,Greater Mumbai,221,C - Ward No. 221,0,,0,0,,0,0,0,maharashtra
251488,1291776,Greater Mumbai,222,C - Ward No. 222,0,,0,0,,0,0,0,maharashtra
251488,1291768,Greater Mumbai,214,D - Ward No. 214,0,,0,0,,0,0,0,maharashtra
251488,1291769,Greater Mumbai,215,D - Ward No. 215,0,,0,0,,0,0,0,maharashtra
251488,1291770,Greater Mumbai,216,D - Ward No. 216,0,,0,0,,0,0,0,maharashtra
251488,1291771,Greater Mumbai,217,D - Ward No. 217,0,,0,0,,0,0,0,maharashtra
251488,1291772,Greater Mumbai,218,D - Ward No. 218,0,,0,0,,0,0,0,maharashtra
251488,1291773,Greater Mumbai,219,D - Ward No. 219,0,,0,0,,0,0,0,maharashtra
251488,1291761,Greater Mumbai,207,E - Ward No. 207,0,,0,0,,0,0,0,maharashtra
251488,1291762,Greater Mumbai,208,E - Ward No. 208,0,,0,0,,0,0,0,maharashtra
251488,1291763,Greater Mumbai,209,E - Ward No. 209,0,,0,0,,0,0,0,maharashtra
251488,1291764,Greater Mumbai,210,E - Ward No. 210,0,,0,0,,0,0,0,maharashtra
251488,1291765,Greater Mumbai,211,E - Ward No. 211,0,,0,0,,0,0,0,maharashtra
251488,1291766,Greater Mumbai,212,E - Ward No. 212,0,,0,0,,0,0,0,maharashtra
251488,1291767,Greater Mumbai,213,E - Ward No. 213,0,,0,0,,0,0,0,maharashtra
251488,1291726,Greater Mumbai,172,F/North - Ward No. 172,0,,0,0,,0,0,0,maharashtra
251488,1291727,Greater Mumbai,173,F/North - Ward No. 173,0,,0,0,,0,0,0,maharashtra
251488,1291728,Greater Mumbai,174,F/North - Ward No. 174,0,,0,0,,0,0,0,maharashtra
251488,1291729,Greater Mumbai,175,F/North - Ward No. 175,0,,0,0,,0,0,0,maharashtra
251488,1291730,Greater Mumbai,176,F/North - Ward No. 176,0,,0,0,,0,0,0,maharashtra
251488,1291731,Greater Mumbai,177,F/North - Ward No. 177,0,,0,0,,0,0,0,maharashtra
251488,1291732,Greater Mumbai,178,F/North - Ward No. 178,0,,0,0,,0,0,0,maharashtra
251488,1291733,Greater Mumbai,179,F/North - Ward No. 179,0,,0,0,,0,0,0,maharashtra
251488,1291734,Greater Mumbai,180,F/North - Ward No. 180,0,,0,0,,0,0,0,maharashtra
251488,1291735,Greater Mumbai,181,F/North - Ward No. 181,0,,0,0,,0,0,0,maharashtra
251488,1291754,Greater Mumbai,200,F/South - Ward No. 200,0,,0,0,,0,0,0,maharashtra
251488,1291755,Greater Mumbai,201,F/South - Ward No. 201,0,,0,0,,0,0,0,maharashtra
251488,1291756,Greater Mumbai,202,F/South - Ward No. 202,0,,0,0,,0,0,0,maharashtra
251488,1291757,Greater Mumbai,203,F/South - Ward No. 203,0,,0,0,,0,0,0,maharashtra
251488,1291758,Greater Mumbai,204,F/South - Ward No. 204,0,,0,0,,0,0,0,maharashtra
251488,1291759,Greater Mumbai,205,F/South - Ward No. 205,0,,0,0,,0,0,0,maharashtra
251488,1291760,Greater Mumbai,206,F/South - Ward No. 206,0,,0,0,,0,0,0,maharashtra
251488,1291736,Greater Mumbai,182,G/North - Ward No. 182,0,,0,0,,0,0,0,maharashtra
251488,1291737,Greater Mumbai,183,G/North - Ward No. 183,0,,0,0,,0,0,0,maharashtra
251488,1291738,Greater Mumbai,184,G/North - Ward No. 184,0,,0,0,,0,0,0,maharashtra
251488,1291739,Greater Mumbai,185,G/North - Ward No. 185,0,,0,0,,0,0,0,maharashtra
251488,1291740,Greater Mumbai,186,G/North - Ward No. 186,0,,0,0,,0,0,0,maharashtra
251488,1291741,Greater Mumbai,187,G/North - Ward No. 187,0,,0,0,,0,0,0,maharashtra
251488,1291742,Greater Mumbai,188,G/North - Ward No. 188,0,,0,0,,0,0,0,maharashtra
251488,1291743,Greater Mumbai,189,G/North - Ward No. 189,0,,0,0,,0,0,0,maharashtra
251488,1291744,Greater Mumbai,190,G/North - Ward No. 190,0,,0,0,,0,0,0,maharashtra
251488,1291745,Greater Mumbai,191,G/North - Ward No. 191,0,,0,0,,0,0,0,maharashtra
251488,1291746,Greater Mumbai,192,G/North - Ward No. 192,0,,0,0,,0,0,0,maharashtra
251488,1291747,Greater Mumbai,193,G/South - Ward No. 193,0,,0,0,,0,0,0,maharashtra
251488,1291748,Greater Mumbai,194,G/South - Ward No. 194,0,,0,0,,0,0,0,maharashtra
251488,1291749,Greater Mumbai,195,G/South - Ward No. 195,0,,0,0,,0,0,0,maharashtra
251488,1291750,Greater Mumbai,196,G/South - Ward No. 196,0,,0,0,,0,0,0,maharashtra
251488,1291751,Greater Mumbai,197,G/South - Ward No. 197,0,,0,0,,0,0,0,maharashtra
251488,1291752,Greater Mumbai,198,G/South - Ward No. 198,0,,0,0,,0,0,0,maharashtra
251488,1291753,Greater Mumbai,199,G/South - Ward No. 199,0,,0,0,,0,0,0,maharashtra
251488,1291641,Greater Mumbai,87,H/East - Ward No. 87,0,,0,0,,0,0,0,maharashtra
251488,1291642,Greater Mumbai,88,H/East - Ward No. 88,0,,0,0,,0,0,0,maharashtra
251488,1291643,Greater Mumbai,89,H/East - Ward No. 89,0,,0,0,,0,0,0,maharashtra
251488,1291644,Greater Mumbai,90,H/East - Ward No. 90,0,,0,0,,0,0,0,maharashtra
251488,1291645,Greater Mumbai,91,H/East - Ward No. 91,0,,0,0,,0,0,0,maharashtra
251488,1291646,Greater Mumbai,92,H/East - Ward No. 92,0,,0,0,,0,0,0,maharashtra
251488,1291647,Greater Mumbai,93,H/East - Ward No. 93,0,,0,0,,0,0,0,maharashtra
251488,1291648,Greater Mumbai,94,H/East - Ward No. 94,0,,0,0,,0,0,0,maharashtra
251488,1291649,Greater Mumbai,95,H/East - Ward No. 95,0,,0,0,,0,0,0,maharashtra
251488,1291650,Greater Mumbai,96,H/East - Ward No. 96,0,,0,0,,0,0,0,maharashtra
251488,1291654,Greater Mumbai,100,H/West - Ward No. 100,0,,0,0,,0,0,0,maharashtra
251488,1291655,Greater Mumbai,101,H/West - Ward No. 101,0,,0,0,,0,0,0,maharashtra
251488,1291656,Greater Mumbai,102,H/West - Ward No. 102,0,,0,0,,0,0,0,maharashtra
251488,1291651,Greater Mumbai,97,H/West - Ward No. 97,0,,0,0,,0,0,0,maharashtra
251488,1291652,Greater Mumbai,98,H/West - Ward No. 98,0,,0,0,,0,0,0,maharashtra
251488,1291653,Greater Mumbai,99,H/West - Ward No. 99,0,,0,0,,0,0,0,maharashtra
251488,1291626,Greater Mumbai,72,K/East - Ward No. 72,0,,0,0,,0,0,0,maharashtra
251488,1291627,Greater Mumbai,73,K/East - Ward No. 73,0,,0,0,,0,0,0,maharashtra
251488,1291628,Greater Mumbai,74,K/East - Ward No. 74,0,,0,0,,0,0,0,maharashtra
251488,1291629,Greater Mumbai,75,K/East - Ward No. 75,0,,0,0,,0,0,0,maharashtra
251488,1291630,Greater Mumbai,76,K/East - Ward No. 76,0,,0,0,,0,0,0,maharashtra
251488,1291631,Greater Mumbai,77,K/East - Ward No. 77,0,,0,0,,0,0,0,maharashtra
251488,1291632,Greater Mumbai,78,K/East - Ward No. 78,0,,0,0,,0,0,0,maharashtra
251488,1291633,Greater Mumbai,79,K/East - Ward No. 79,0,,0,0,,0,0,0,maharashtra
251488,1291634,Greater Mumbai,80,K/East - Ward No. 80,0,,0,0,,0,0,0,maharashtra
251488,1291635,Greater Mumbai,81,K/East - Ward No. 81,0,,0,0,,0,0,0,maharashtra
251488,1291636,Greater Mumbai,82,K/East - Ward No. 82,0,,0,0,,0,0,0,maharashtra
251488,1291637,Greater Mumbai,83,K/East - Ward No. 83,0,,0,0,,0,0,0,maharashtra
251488,1291638,Greater Mumbai,84,K/East - Ward No. 84,0,,0,0,,0,0,0,maharashtra
251488,1291639,Greater Mumbai,85,K/East - Ward No. 85,0,,0,0,,0,0,0,maharashtra
251488,1291640,Greater Mumbai,86,K/East - Ward No. 86,0,,0,0,,0,0,0,maharashtra
251488,55813,Greater Mumbai,59,K/West - Ward No. 59,0,,0,0,,0,0,0,maharashtra
251488,55814,Greater Mumbai,60,K/West - Ward No. 60,0,,0,0,,0,0,0,maharashtra
251488,1291615,Greater Mumbai,61,K/West - Ward No. 61,0,,0,0,,0,0,0,maharashtra
251488,1291616,Greater Mumbai,62,K/West - Ward No. 62,0,,0,0,,0,0,0,maharashtra
251488,1291617,Greater Mumbai,63,K/West - Ward No. 63,0,,0,0,,0,0,0,maharashtra
251488,1291618,Greater Mumbai,64,K/West - Ward No. 64,0,,0,0,,0,0,0,maharashtra
251488,1291619,Greater Mumbai,65,K/West - Ward No. 65,0,,0,0,,0,0,0,maharashtra
251488,1291620,Greater Mumbai,66,K/West - Ward No. 66,0,,0,0,,0,0,0,maharashtra
251488,1291621,Greater Mumbai,67,K/West - Ward No. 67,0,,0,0,,0,0,0,maharashtra
251488,1291622,Greater Mumbai,68,K/West - Ward No. 68,0,,0,0,,0,0,0,maharashtra
251488,1291623,Greater Mumbai,69,K/West - Ward No. 69,0,,0,0,,0,0,0,maharashtra
251488,1291624,Greater Mumbai,70,K/West - Ward No. 70,0,,0,0,,0,0,0,maharashtra
251488,1291625,Greater Mumbai,71,K/West - Ward No. 71,0,,0,0,,0,0,0,maharashtra
251488,1291710,Greater Mumbai,156,L - Ward No. 156,0,,0,0,,0,0,0,maharashtra
251488,1291711,Greater Mumbai,157,L - Ward No. 157,0,,0,0,,0,0,0,maharashtra
251488,1291712,Greater Mumbai,158,L - Ward No. 158,0,,0,0,,0,0,0,maharashtra
251488,1291713,Greater Mumbai,159,L - Ward No. 159,0,,0,0,,0,0,0,maharashtra
251488,1291714,Greater Mumbai,160,L - Ward No. 160,0,,0,0,,0,0,0,maharashtra
251488,1291715,Greater Mumbai,161,L - Ward No. 161,0,,0,0,,0,0,0,maharashtra
251488,1291716,Greater Mumbai,162,L - Ward No. 162,0,,0,0,,0,0,0,maharashtra
251488,1291717,Greater Mumbai,163,L - Ward No. 163,0,,0,0,,0,0,0,maharashtra
251488,1291718,Greater Mumbai,164,L - Ward No. 164,0,,0,0,,0,0,0,maharashtra
251488,1291719,Greater Mumbai,165,L - Ward No. 165,0,,0,0,,0,0,0,maharashtra
251488,1291720,Greater Mumbai,166,L - Ward No. 166,0,,0,0,,0,0,0,maharashtra
251488,1291721,Greater Mumbai,167,L - Ward No. 167,0,,0,0,,0,0,0,maharashtra
251488,1291722,Greater Mumbai,168,L - Ward No. 168,0,,0,0,,0,0,0,maharashtra
251488,1291723,Greater Mumbai,169,L - Ward No. 169,0,,0,0,,0,0,0,maharashtra
251488,1291724,Greater Mumbai,170,L - Ward No. 170,0,,0,0,,0,0,0,maharashtra
251488,1291725,Greater Mumbai,171,L - Ward No. 171,0,,0,0,,0,0,0,maharashtra
251488,1291688,Greater Mumbai,134,M/East - Ward No. 134,0,,0,0,,0,0,0,maharashtra
251488,1291689,Greater Mumbai,135,M/East - Ward No. 135,0,,0,0,,0,0,0,maharashtra
251488,1291690,Greater Mumbai,136,M/East - Ward No. 136,0,,0,0,,0,0,0,maharashtra
251488,1291691,Greater Mumbai,137,M/East - Ward No. 137,0,,0,0,,0,0,0,maharashtra
251488,1291692,Greater Mumbai,138,M/East - Ward No. 138,0,,0,0,,0,0,0,maharashtra
251488,1291693,Greater Mumbai,139,M/East - Ward No. 139,0,,0,0,,0,0,0,maharashtra
251488,1291694,Greater Mumbai,140,M/East - Ward No. 140,0,,0,0,,0,0,0,maharashtra
251488,1291695,Greater Mumbai,141,M/East - Ward No. 141,0,,0,0,,0,0,0,maharashtra
251488,1291696,Greater Mumbai,142,M/East - Ward No. 142,0,,0,0,,0,0,0,maharashtra
251488,1291697,Greater Mumbai,143,M/East - Ward No. 143,0,,0,0,,0,0,0,maharashtra
251488,1291698,Greater Mumbai,144,M/East - Ward No. 144,0,,0,0,,0,0,0,maharashtra
251488,1291699,Greater Mumbai,145,M/East - Ward No. 145,0,,0,0,,0,0,0,maharashtra
251488,1291700,Greater Mumbai,146,M/East - Ward No. 146,0,,0,0,,0,0,0,maharashtra
251488,1291701,Greater Mumbai,147,M/East - Ward No. 147,0,,0,0,,0,0,0,maharashtra
251488,1291702,Greater Mumbai,148,M/East - Ward No. 148,0,,0,0,,0,0,0,maharashtra
251488,1291703,Greater Mumbai,149,M/West - Ward No. 149,0,,0,0,,0,0,0,maharashtra
251488,1291704,Greater Mumbai,150,M/West - Ward No. 150,0,,0,0,,0,0,0,maharashtra
251488,1291705,Greater Mumbai,151,M/West - Ward No. 151,0,,0,0,,0,0,0,maharashtra
251488,1291706,Greater Mumbai,152,M/West - Ward No. 152,0,,0,0,,0,0,0,maharashtra
251488,1291707,Greater Mumbai,153,M/West - Ward No. 153,0,,0,0,,0,0,0,maharashtra
251488,1291708,Greater Mumbai,154,M/West - Ward No. 154,0,,0,0,,0,0,0,maharashtra
251488,1291709,Greater Mumbai,155,M/West - Ward No. 155,0,,0,0,,0,0,0,maharashtra
251488,1291677,Greater Mumbai,123,N - Ward No. 123,0,,0,0,,0,0,0,maharashtra
251488,1291678,Greater Mumbai,124,N - Ward No. 124,0,,0,0,,0,0,0,maharashtra
251488,1291679,Greater Mumbai,125,N - Ward No. 125,0,,0,0,,0,0,0,maharashtra
251488,1291680,Greater Mumbai,126,N - Ward No. 126,0,,0,0,,0,0,0,maharashtra
251488,1291681,Greater Mumbai,127,N - Ward No. 127,0,,0,0,,0,0,0,maharashtra
251488,1291682,Greater Mumbai,128,N - Ward No. 128,0,,0,0,,0,0,0,maharashtra
251488,1291683,Greater Mumbai,129,N - Ward No. 129,0,,0,0,,0,0,0,maharashtra
251488,1291684,Greater Mumbai,130,N - Ward No. 130,0,,0,0,,0,0,0,maharashtra
251488,1291685,Greater Mumbai,131,N - Ward No. 131,0,,0,0,,0,0,0,maharashtra
251488,1291686,Greater Mumbai,132,N - Ward No. 132,0,,0,0,,0,0,0,maharashtra
251488,1291687,Greater Mumbai,133,N - Ward No. 133,0,,0,0,,0,0,0,maharashtra
251488,55786,Greater Mumbai,32,P/North - Ward No. 32,0,,0,0,,0,0,0,maharashtra
251488,55787,Greater Mumbai,33,P/North - Ward No. 33,0,,0,0,,0,0,0,maharashtra
251488,55788,Greater Mumbai,34,P/North - Ward No. 34,0,,0,0,,0,0,0,maharashtra
251488,55789,Greater Mumbai,35,P/North - Ward No. 35,0,,0,0,,0,0,0,maharashtra
251488,55790,Greater Mumbai,36,P/North - Ward No. 36,0,,0,0,,0,0,0,maharashtra
251488,55791,Greater Mumbai,37,P/North - Ward No. 37,0,,0,0,,0,0,0,maharashtra
251488,55792,Greater Mumbai,38,P/North - Ward No. 38,0,,0,0,,0,0,0,maharashtra
251488,55793,Greater Mumbai,39,P/North - Ward No. 39,0,,0,0,,0,0,0,maharashtra
251488,55794,Greater Mumbai,40,P/North - Ward No. 40,0,,0,0,,0,0,0,maharashtra
251488,55795,Greater Mumbai,41,P/North - Ward No. 41,0,,0,0,,0,0,0,maharashtra
251488,55796,Greater Mumbai,42,P/North - Ward No. 42,0,,0,0,,0,0,0,maharashtra
251488,55797,Greater Mumbai,43,P/North - Ward No. 43,0,,0,0,,0,0,0,maharashtra
251488,55798,Greater Mumbai,44,P/North - Ward No. 44,0,,0,0,,0,0,0,maharashtra
251488,55799,Greater Mumbai,45,P/North - Ward No. 45,0,,0,0,,0,0,0,maharashtra
251488,55800,Greater Mumbai,46,P/North - Ward No. 46,0,,0,0,,0,0,0,maharashtra
251488,55801,Greater Mumbai,47,P/North - Ward No. 47,0,,0,0,,0,0,0,maharashtra
251488,55802,Greater Mumbai,48,P/North - Ward No. 48,0,,0,0,,0,0,0,maharashtra
251488,55803,Greater Mumbai,49,P/North - Ward No. 49,0,,0,0,,0,0,0,maharashtra
251488,55804,Greater Mumbai,50,P/South - Ward No. 50,0,,0,0,,0,0,0,maharashtra
251488,55805,Greater Mumbai,51,P/South - Ward No. 51,0,,0,0,,0,0,0,maharashtra
251488,55806,Greater Mumbai,52,P/South - Ward No. 52,0,,0,0,,0,0,0,maharashtra
251488,55807,Greater Mumbai,53,P/South - Ward No. 53,0,,0,0,,0,0,0,maharashtra
251488,55808,Greater Mumbai,54,P/South - Ward No. 54,0,,0,0,,0,0,0,maharashtra
251488,55809,Greater Mumbai,55,P/South - Ward No. 55,0,,0,0,,0,0,0,maharashtra
251488,55810,Greater Mumbai,56,P/South - Ward No. 56,0,,0,0,,0,0,0,maharashtra
251488,55811,Greater Mumbai,57,P/South - Ward No. 57,0,,0,0,,0,0,0,maharashtra
251488,55812,Greater Mumbai,58,P/South - Ward No. 58,0,,0,0,,0,0,0,maharashtra
251488,55764,Greater Mumbai,10,R/Central - Ward No. 10,0,,0,0,,0,0,0,maharashtra
251488,55765,Greater Mumbai,11,R/Central - Ward No. 11,0,,0,0,,0,0,0,maharashtra
251488,55766,Greater Mumbai,12,R/Central - Ward No. 12,0,,0,0,,0,0,0,maharashtra
251488,55767,Greater Mumbai,13,R/Central - Ward No. 13,0,,0,0,,0,0,0,maharashtra
251488,55768,Greater Mumbai,14,R/Central - Ward No. 14,0,,0,0,,0,0,0,maharashtra
251488,55769,Greater Mumbai,15,R/Central - Ward No. 15,0,,0,0,,0,0,0,maharashtra
251488,55770,Greater Mumbai,16,R/Central - Ward No. 16,0,,0,0,,0,0,0,maharashtra
251488,55771,Greater Mumbai,17,R/Central - Ward No. 17,0,,0,0,,0,0,0,maharashtra
251488,55772,Greater Mumbai,18,R/Central - Ward No. 18,0,,0,0,,0,0,0,maharashtra
251488,55763,Greater Mumbai,9,R/Central - Ward No. 9,0,,0,0,,0,0,0,maharashtra
251488,55755,Greater Mumbai,1,R/North Mcgm - Ward No.1,0,,0,0,,0,0,0,maharashtra
251488,55756,Greater Mumbai,2,R/North Mcgm - Ward No.2,0,,0,0,,0,0,0,maharashtra
251488,55757,Greater Mumbai,3,R/North - Ward No. 3,0,,0,0,,0,0,0,maharashtra
251488,55758,Greater Mumbai,4,R/North - Ward No. 4,0,,0,0,,0,0,0,maharashtra
251488,55759,Greater Mumbai,5,R/North - Ward No. 5,0,,0,0,,0,0,0,maharashtra
251488,55760,Greater Mumbai,6,R/North - Ward No. 6,0,,0,0,,0,0,0,maharashtra
251488,55761,Greater Mumbai,7,R/North - Ward No. 7,0,,0,0,,0,0,0,maharashtra
251488,55762,Greater Mumbai,8,R/North - Ward No. 8,0,,0,0,,0,0,0,maharashtra
251488,55773,Greater Mumbai,19,R/South - Ward No. 19,0,,0,0,,0,0,0,maharashtra
251488,55774,Greater Mumbai,20,R/South - Ward No. 20,0,,0,0,,0,0,0,maharashtra
251488,55775,Greater Mumbai,21,R/South - Ward No. 21,0,,0,0,,0,0,0,maharashtra
251488,55776,Greater Mumbai,22,R/South - Ward No. 22,0,,0,0,,0,0,0,maharashtra
251488,55777,Greater Mumbai,23,R/South - Ward No. 23,0,,0,0,,0,0,0,maharashtra
251488,55778,Greater Mumbai,24,R/South - Ward No. 24,0,,0,0,,0,0,0,maharashtra
251488,55779,Greater Mumbai,25,R/South - Ward No. 25,0,,0,0,,0,0,0,maharashtra
251488,55780,Greater Mumbai,26,R/South - Ward No. 26,0,,0,0,,0,0,0,maharashtra
251488,55781,Greater Mumbai,27,R/South - Ward No. 27,0,,0,0,,0,0,0,maharashtra
251488,55782,Greater Mumbai,28,R/South - Ward No. 28,0,,0,0,,0,0,0,maharashtra
251488,55783,Greater Mumbai,29,R/South - Ward No. 29,0,,0,0,,0,0,0,maharashtra
251488,55784,Greater Mumbai,30,R/South - Ward No. 30,0,,0,0,,0,0,0,maharashtra
251488,55785,Greater Mumbai,31,R/South - Ward No. 31,0,,0,0,,0,0,0,maharashtra
251488,1291663,Greater Mumbai,109,S - Ward No. 109,0,,0,0,,0,0,0,maharashtra
251488,1291664,Greater Mumbai,110,S - Ward No. 110,0,,0,0,,0,0,0,maharashtra
251488,1291665,Greater Mumbai,111,S - Ward No. 111,0,,0,0,,0,0,0,maharashtra
251488,1291666,Greater Mumbai,112,S - Ward No. 112,0,,0,0,,0,0,0,maharashtra
251488,1291667,Greater Mumbai,113,S - Ward No. 113,0,,0,0,,0,0,0,maharashtra
251488,1291668,Greater Mumbai,114,S - Ward No. 114,0,,0,0,,0,0,0,maharashtra
251488,1291669,Greater Mumbai,115,S - Ward No. 115,0,,0,0,,0,0,0,maharashtra
251488,1291670,Greater Mumbai,116,S - Ward No. 116,0,,0,0,,0,0,0,maharashtra
251488,1291671,Greater Mumbai,117,S - Ward No. 117,0,,0,0,,0,0,0,maharashtra
251488,1291672,Greater Mumbai,118,S - Ward No. 118,0,,0,0,,0,0,0,maharashtra
251488,1291673,Greater Mumbai,119,S - Ward No. 119,0,,0,0,,0,0,0,maharashtra
251488,1291674,Greater Mumbai,120,S - Ward No. 120,0,,0,0,,0,0,0,maharashtra
251488,1291675,Greater Mumbai,121,S - Ward No. 121,0,,0,0,,0,0,0,maharashtra
251488,1291676,Greater Mumbai,122,S - Ward No. 122,0,,0,0,,0,0,0,maharashtra
251488,1291657,Greater Mumbai,103,T - Ward No. 103,0,,0,0,,0,0,0,maharashtra
251488,1291658,Greater Mumbai,104,T - Ward No. 104,0,,0,0,,0,0,0,maharashtra
251488,1291659,Greater Mumbai,105,T - Ward No. 105,0,,0,0,,0,0,0,maharashtra
251488,1291660,Greater Mumbai,106,T - Ward No. 106,0,,0,0,,0,0,0,maharashtra
251488,1291661,Greater Mumbai,107,T - Ward No. 107,0,,0,0,,0,0,0,maharashtra
251488,1291662,Greater Mumbai,108,T - Ward No. 108,0,,0,0,,0,0,0,maharashtra
251604,73134,Guhagar,1,Guhagar Np Ward No.1,0,,0,0,,0,0,0,maharashtra
251604,2307920,Guhagar,10,Guhagar Np Ward No. 10,0,,0,0,,0,0,0,maharashtra
251604,2307921,Guhagar,11,Guhagar Np Ward No. 11,0,,0,0,,0,0,0,maharashtra
251604,2307922,Guhagar,12,Guhagar Np Ward No. 12,0,,0,0,,0,0,0,maharashtra
251604,2307923,Guhagar,13,Guhagar Np Ward No. 13,0,,0,0,,0,0,0,maharashtra
251604,2307924,Guhagar,14,Guhagar Np Ward No. 14,0,,0,0,,0,0,0,maharashtra
251604,2307925,Guhagar,15,Guhagar Np Ward No. 15,0,,0,0,,0,0,0,maharashtra
251604,2307926,Guhagar,16,Guhagar Np Ward No. 16,0,,0,0,,0,0,0,maharashtra
251604,2307927,Guhagar,17,Guhagar Np Ward No. 17,0,,0,0,,0,0,0,maharashtra
251604,2307912,Guhagar,2,Guhagar Np Ward No. 2,0,,0,0,,0,0,0,maharashtra
251604,2307913,Guhagar,3,Guhagar Np Ward No. 3,0,,0,0,,0,0,0,maharashtra
251604,2307914,Guhagar,4,Guhagar Np Ward No. 4,0,,0,0,,0,0,0,maharashtra
251604,2307915,Guhagar,5,Guhagar Np Ward No. 5,0,,0,0,,0,0,0,maharashtra
251604,2307916,Guhagar,6,Guhagar Np Ward No. 6,0,,0,0,,0,0,0,maharashtra
251604,2307917,Guhagar,7,Guhagar Np Ward No. 7,0,,0,0,,0,0,0,maharashtra
251604,2307918,Guhagar,8,Guhagar Np Ward No. 8,0,,0,0,,0,0,0,maharashtra
251604,2307919,Guhagar,9,Guhagar Np Ward No. 9,0,,0,0,,0,0,0,maharashtra
251399,47274,Hadgaon,1,Ward No.1 Damkondwar Khari - Pogre Galli - Deshmukh Galli - Bapu Nagar.,0,,0,0,,0,0,0,maharashtra
251399,47275,Hadgaon,2,Ward No. 2 Annabhau Sathe Nagar - Rohidas Nagar - Sutar Kamtha - Ahilyadevi Nagar,0,,0,0,,0,0,0,maharashtra
251399,47276,Hadgaon,3,Ward No. 3 Ahilyadevi Nagar - Jain Gali - Tabela - Boudh Nagar.,0,,0,0,,0,0,0,maharashtra
251399,47277,Hadgaon,4,Ward No. 4 Bhoiwada - Kaushalya Nagar - Yashwant Nagar - Dronagiri Nagar.,0,,0,0,,0,0,0,maharashtra
251399,47278,Hadgaon,5,Ward No. 5 Kadam Nagar - Ayodhya Nagar - Athwadi Market Area - Vadar Galli - Idgah Road - Pashu,0,,0,0,,0,0,0,maharashtra
251399,47279,Hadgaon,6,Ward No. 6 Shivaji Chowk area - Sambhaji Nagar - Kedarnath Chowk area - Nagsen Nagar.,0,,0,0,,0,0,0,maharashtra
251399,47280,Hadgaon,7,Ward No. 7 Duttabardi Tanda - Jining area - Devi Tanda area,0,,0,0,,0,0,0,maharashtra
251399,47281,Hadgaon,8,Ward No. 8 Phule Nagar-Idgah area-Ramai Nagar-Navi Abadi-Vajpayee Nagar,0,,0,0,,0,0,0,maharashtra
290434,1829210,Hatkanangale.,1,Ward No.1,0,,0,0,,0,0,0,maharashtra
290434,1829219,Hatkanangale.,10,Ward No.10,0,,0,0,,0,0,0,maharashtra
290434,1829220,Hatkanangale.,11,Ward No.11,0,,0,0,,0,0,0,maharashtra
290434,1829221,Hatkanangale.,12,Ward No.12,0,,0,0,,0,0,0,maharashtra
290434,1829222,Hatkanangale.,13,Ward No.13,0,,0,0,,0,0,0,maharashtra
290434,1829223,Hatkanangale.,14,Ward No.14,0,,0,0,,0,0,0,maharashtra
290434,1829224,Hatkanangale.,15,Ward No.15,0,,0,0,,0,0,0,maharashtra
290434,1829225,Hatkanangale.,16,Ward No.16,0,,0,0,,0,0,0,maharashtra
290434,1829226,Hatkanangale.,17,Ward No.17,0,,0,0,,0,0,0,maharashtra
290434,1829211,Hatkanangale.,2,Ward No.2,0,,0,0,,0,0,0,maharashtra
290434,1829212,Hatkanangale.,3,Ward No.3,0,,0,0,,0,0,0,maharashtra
290434,1829213,Hatkanangale.,4,Ward No.4,0,,0,0,,0,0,0,maharashtra
290434,1829214,Hatkanangale.,5,Ward No.5,0,,0,0,,0,0,0,maharashtra
290434,1829215,Hatkanangale.,6,Ward No.6,0,,0,0,,0,0,0,maharashtra
290434,1829216,Hatkanangale.,7,Ward No.7,0,,0,0,,0,0,0,maharashtra
290434,1829217,Hatkanangale.,8,Ward No.8,0,,0,0,,0,0,0,maharashtra
290434,1829218,Hatkanangale.,9,Ward No.9,0,,0,0,,0,0,0,maharashtra
276606,1816346,Himayatnagar Nagarpanchayat,10,Ward No.10 Naka Galli-Kazi Mohalla-Populwad Mala,0,,0,0,,0,0,0,maharashtra
276606,1816347,Himayatnagar Nagarpanchayat,11,Ward No 11 Datta Nagar-Rukhmini Nagar-Krantisingh Nagar Kanya shala Parisar,0,,0,0,,0,0,0,maharashtra
276606,1816348,Himayatnagar Nagarpanchayat,12,Ward No 12 parmeshwar Galli pratap Galli,0,,0,0,,0,0,0,maharashtra
276606,1816349,Himayatnagar Nagarpanchayat,13,Ward No. 13 Wanarasi Galli Rahim Colony-Rural Hospital magil Parisar,0,,0,0,,0,0,0,maharashtra
276606,1816350,Himayatnagar Nagarpanchayat,14,Ward No 14 Khureshi Galli Navi abadi,0,,0,0,,0,0,0,maharashtra
276606,1816351,Himayatnagar Nagarpanchayat,15,Ward No 15 Krushi Karyalay Parisar Rajendra sing Mala Navi abadi,0,,0,0,,0,0,0,maharashtra
276606,1816352,Himayatnagar Nagarpanchayat,16,WARD No 16 Baliram Singh Colony-Hanuman Singh Colony-Murtujh Shabbir Colony-Vasudev Nagar,0,,0,0,,0,0,0,maharashtra
276606,1816353,Himayatnagar Nagarpanchayat,17,Ward No 17 Barhali Tanda-phule Nagar-Railway Colony-Chhatrapati Nagar,0,,0,0,,0,0,0,maharashtra
276606,1816337,Himayatnagar Nagarpanchayat,1,Ward No.1 Shivaji Chowk and Pavanekar Khari,0,,0,0,,0,0,0,maharashtra
276606,1816338,Himayatnagar Nagarpanchayat,2,Ward No.2 Kalika Mandir and Momin Gali,0,,0,0,,0,0,0,maharashtra
276606,1816339,Himayatnagar Nagarpanchayat,3,Ward No.3 Bajar chowk-Police Colony-Ginning Parisar,0,,0,0,,0,0,0,maharashtra
276606,1816340,Himayatnagar Nagarpanchayat,4,Ward No.4 Ganeshwadi-Royal Nagar-Nehru Nagar part,0,,0,0,,0,0,0,maharashtra
276606,1816341,Himayatnagar Nagarpanchayat,5,Ward no.5 Nehru Nagar some part-Rest House surrounding area-Navi abadi,0,,0,0,,0,0,0,maharashtra
276606,1816342,Himayatnagar Nagarpanchayat,6,Ward No.6 Janta Colony-Vadar Wada,0,,0,0,,0,0,0,maharashtra
276606,1816343,Himayatnagar Nagarpanchayat,7,Ward No.7 Matang Wada-Boudh Wada,0,,0,0,,0,0,0,maharashtra
276606,1816344,Himayatnagar Nagarpanchayat,8,Ward no.8 Pathan Galli-Golewar Galli-Bagvan Galli,0,,0,0,,0,0,0,maharashtra
276606,1816345,Himayatnagar Nagarpanchayat,9,Ward No.9 Pavansoot Galli-Shivaji Chowk-Shipai Mohalla-Ganesh Chowk,0,,0,0,,0,0,0,maharashtra
251338,46215,Hinganghat,1,Hinganghat - Ward No.1,0,,0,0,,0,0,0,maharashtra
251338,46224,Hinganghat,10,Hinganghat - Ward No.10,0,,0,0,,0,0,0,maharashtra
251338,46225,Hinganghat,11,Hinganghat - Ward No.11,0,,0,0,,0,0,0,maharashtra
251338,46226,Hinganghat,12,Hinganghat - Ward No.12,0,,0,0,,0,0,0,maharashtra
251338,46227,Hinganghat,13,Hinganghat - Ward No.13,0,,0,0,,0,0,0,maharashtra
251338,46228,Hinganghat,14,Hinganghat - Ward No.14,0,,0,0,,0,0,0,maharashtra
251338,46229,Hinganghat,15,Hinganghat - Ward No.15,0,,0,0,,0,0,0,maharashtra
251338,46230,Hinganghat,16,Hinganghat - Ward No.16,0,,0,0,,0,0,0,maharashtra
251338,46231,Hinganghat,17,Hinganghat - Ward No.17,0,,0,0,,0,0,0,maharashtra
251338,46232,Hinganghat,18,Hinganghat - Ward No.18,0,,0,0,,0,0,0,maharashtra
251338,46233,Hinganghat,19,Hinganghat - Ward No.19,0,,0,0,,0,0,0,maharashtra
251338,46216,Hinganghat,2,Hinganghat - Ward No.2,0,,0,0,,0,0,0,maharashtra
251338,46217,Hinganghat,3,Hinganghat - Ward No.3,0,,0,0,,0,0,0,maharashtra
251338,46218,Hinganghat,4,Hinganghat - Ward No.4,0,,0,0,,0,0,0,maharashtra
251338,46219,Hinganghat,5,Hinganghat - Ward No.5,0,,0,0,,0,0,0,maharashtra
251338,46220,Hinganghat,6,Hinganghat - Ward No.6,0,,0,0,,0,0,0,maharashtra
251338,46221,Hinganghat,7,Hinganghat - Ward No.7,0,,0,0,,0,0,0,maharashtra
251338,46222,Hinganghat,8,Hinganghat - Ward No.8,0,,0,0,,0,0,0,maharashtra
251338,46223,Hinganghat,9,Hinganghat - Ward No.9,0,,0,0,,0,0,0,maharashtra
263362,1306987,Hingna,1,Hingna (N P) Ward No. 1,0,,0,0,,0,0,0,maharashtra
263362,1306996,Hingna,10,Hingna (N P) Ward No. 10,0,,0,0,,0,0,0,maharashtra
263362,1306997,Hingna,11,Hingna (N P) Ward No. 11,0,,0,0,,0,0,0,maharashtra
263362,1306998,Hingna,12,Hingna (N P) Ward No. 12,0,,0,0,,0,0,0,maharashtra
263362,1306999,Hingna,13,Hingna (N P) Ward No. 13,0,,0,0,,0,0,0,maharashtra
263362,1307000,Hingna,14,Hingna (N P) Ward No. 14,0,,0,0,,0,0,0,maharashtra
263362,1307001,Hingna,15,Hingna (N P) Ward No. 15,0,,0,0,,0,0,0,maharashtra
263362,1307002,Hingna,16,Hingna (N P) Ward No. 16,0,,0,0,,0,0,0,maharashtra
263362,1307003,Hingna,17,Hingna (N P) Ward No. 17,0,,0,0,,0,0,0,maharashtra
263362,1306988,Hingna,2,Hingna (N P) Ward No. 2,0,,0,0,,0,0,0,maharashtra
263362,1306989,Hingna,3,Hingna (N P) Ward No. 3,0,,0,0,,0,0,0,maharashtra
263362,1306990,Hingna,4,Hingna (N P) Ward No. 4,0,,0,0,,0,0,0,maharashtra
263362,1306991,Hingna,5,Hingna (N P) Ward No. 5,0,,0,0,,0,0,0,maharashtra
263362,1306992,Hingna,6,Hingna (N P) Ward No. 6,0,,0,0,,0,0,0,maharashtra
263362,1306993,Hingna,7,Hingna (N P) Ward No. 7,0,,0,0,,0,0,0,maharashtra
263362,1306994,Hingna,8,Hingna (N P) Ward No. 8,0,,0,0,,0,0,0,maharashtra
263362,1306995,Hingna,9,Hingna (N P) Ward No. 9,0,,0,0,,0,0,0,maharashtra
251411,61360,Hingoli,1,Adarsh Collage,0,,0,0,,0,0,0,maharashtra
251411,61370,Hingoli,11,Bhoipura-Sadar Bazaar-Khadakpura,0,,0,0,,0,0,0,maharashtra
251411,61364,Hingoli,5,Kushal Nagar-Sai Nagar-Indira Nagar-Hamalwadi,0,,0,0,,0,0,0,maharashtra
251411,61368,Hingoli,9,Mahadev Wadi-Bhoipura-Tale Hall,0,,0,0,,0,0,0,maharashtra
251411,61372,Hingoli,13,Mastanshah Nagar,0,,0,0,,0,0,0,maharashtra
251411,61367,Hingoli,8,New Mondha-Gadipura-Marwad Galli-Komti Galli-Part Of Gawlipura,0,,0,0,,0,0,0,maharashtra
251411,61373,Hingoli,14,Paltan-Pardiwada-Vaddarwada-Part Of Bustand Back side-Devada Nagar,0,,0,0,,0,0,0,maharashtra
251411,61375,Hingoli,16,Part Of Azam Colony-Bavan Kholi-M.C. Colony-Shivraj Nagar-NTC-Naikenagar,0,,0,0,,0,0,0,maharashtra
251411,61361,Hingoli,2,Part Of Risala Bazar-Garmal,0,,0,0,,0,0,0,maharashtra
251411,61365,Hingoli,6,Part Of Siddharthnagar-Bagwanpura,0,,0,0,,0,0,0,maharashtra
251411,61371,Hingoli,12,Pensionpura-Gawlipura-Adarsh Nagar,0,,0,0,,0,0,0,maharashtra
251411,61362,Hingoli,3,Risala-shivajinagar-Mahasul colony-Biyani Nagar-Narayan Nagar,0,,0,0,,0,0,0,maharashtra
251411,61363,Hingoli,4,Saraswati Nagar,0,,0,0,,0,0,0,maharashtra
251411,61374,Hingoli,15,SRP Camp-Police Vasahat-Part Of Azam Colony,0,,0,0,,0,0,0,maharashtra
251411,61366,Hingoli,7,Tofkhana-Ara machine Line-Talab katta,0,,0,0,,0,0,0,maharashtra
251411,61369,Hingoli,10,Vanjarwada-Part of Niranjan Baba Chawk-Part Of Pola Maroti,0,,0,0,,0,0,0,maharashtra
303119,3301822,Hiwarkhed,1,WARD NO. 01,0,,0,0,,0,0,0,maharashtra
303119,3301823,Hiwarkhed,2,WARD NO. 02,0,,0,0,,0,0,0,maharashtra
303119,3301824,Hiwarkhed,3,WARD NO. 03,0,,0,0,,0,0,0,maharashtra
303119,3301825,Hiwarkhed,4,WARD NO. 04,0,,0,0,,0,0,0,maharashtra
303119,3301826,Hiwarkhed,5,WARD NO. 05,0,,0,0,,0,0,0,maharashtra
303119,3301827,Hiwarkhed,6,WARD NO. 06,0,,0,0,,0,0,0,maharashtra
303119,3301828,Hiwarkhed,7,WARD NO. 07,0,,0,0,,0,0,0,maharashtra
303119,3301829,Hiwarkhed,8,WARD NO. 08,0,,0,0,,0,0,0,maharashtra
303119,3301830,Hiwarkhed,9,WARD NO. 09,0,,0,0,,0,0,0,maharashtra
303119,3301831,Hiwarkhed,10,WARD NO. 10,0,,0,0,,0,0,0,maharashtra
276296,1846932,Hupari,1,Ward No.1,0,,0,0,,0,0,0,maharashtra
276296,1846933,Hupari,2,Ward No.2,0,,0,0,,0,0,0,maharashtra
276296,1846934,Hupari,3,Ward No.3,0,,0,0,,0,0,0,maharashtra
276296,1846935,Hupari,4,Ward No.4,0,,0,0,,0,0,0,maharashtra
276296,1846936,Hupari,5,Ward No.5,0,,0,0,,0,0,0,maharashtra
276296,1846937,Hupari,6,Ward No.6,0,,0,0,,0,0,0,maharashtra
276296,1846938,Hupari,7,Ward No.7,0,,0,0,,0,0,0,maharashtra
276296,1846939,Hupari,8,Ward No.8,0,,0,0,,0,0,0,maharashtra
276296,1846940,Hupari,9,Ward No.9,0,,0,0,,0,0,0,maharashtra
251619,73326,Ichalkaranji,1,Ward No.1,0,,0,0,,0,0,0,maharashtra
251619,73335,Ichalkaranji,10,Ward No.10,0,,0,0,,0,0,0,maharashtra
251619,73336,Ichalkaranji,11,Ward No.11,0,,0,0,,0,0,0,maharashtra
251619,73337,Ichalkaranji,12,Ward No.12,0,,0,0,,0,0,0,maharashtra
251619,73338,Ichalkaranji,13,Ward No.13,0,,0,0,,0,0,0,maharashtra
251619,73339,Ichalkaranji,14,Ward No.14,0,,0,0,,0,0,0,maharashtra
251619,73340,Ichalkaranji,15,Ward No.15,0,,0,0,,0,0,0,maharashtra
251619,73341,Ichalkaranji,16,Ward No.16,0,,0,0,,0,0,0,maharashtra
251619,73342,Ichalkaranji,17,Ward No.17,0,,0,0,,0,0,0,maharashtra
251619,73343,Ichalkaranji,18,Ward No.18,0,,0,0,,0,0,0,maharashtra
251619,73344,Ichalkaranji,19,Ward No.19,0,,0,0,,0,0,0,maharashtra
251619,73327,Ichalkaranji,2,Ward No.2,0,,0,0,,0,0,0,maharashtra
251619,73345,Ichalkaranji,20,Ward No.20,0,,0,0,,0,0,0,maharashtra
251619,73346,Ichalkaranji,21,Ward No.21,0,,0,0,,0,0,0,maharashtra
251619,73347,Ichalkaranji,22,Ward No.22,0,,0,0,,0,0,0,maharashtra
251619,73348,Ichalkaranji,23,Ward No.23,0,,0,0,,0,0,0,maharashtra
251619,73349,Ichalkaranji,24,Ward No.24,0,,0,0,,0,0,0,maharashtra
251619,73350,Ichalkaranji,25,Ward No.25,0,,0,0,,0,0,0,maharashtra
251619,1822667,Ichalkaranji,26,Ward No.26,0,,0,0,,0,0,0,maharashtra
251619,1822668,Ichalkaranji,27,Ward No.27,0,,0,0,,0,0,0,maharashtra
251619,1822669,Ichalkaranji,28,Ward No.28,0,,0,0,,0,0,0,maharashtra
251619,1822670,Ichalkaranji,29,Ward No.29,0,,0,0,,0,0,0,maharashtra
251619,73328,Ichalkaranji,3,Ward No.3,0,,0,0,,0,0,0,maharashtra
251619,1822671,Ichalkaranji,30,Ward No.30,0,,0,0,,0,0,0,maharashtra
251619,1822672,Ichalkaranji,31,Ward No.31,0,,0,0,,0,0,0,maharashtra
251619,73329,Ichalkaranji,4,Ward No.4,0,,0,0,,0,0,0,maharashtra
251619,73330,Ichalkaranji,5,Ward No.5,0,,0,0,,0,0,0,maharashtra
251619,73331,Ichalkaranji,6,Ward No.6,0,,0,0,,0,0,0,maharashtra
251619,73332,Ichalkaranji,7,Ward No.7,0,,0,0,,0,0,0,maharashtra
251619,73333,Ichalkaranji,8,Ward No.8,0,,0,0,,0,0,0,maharashtra
251619,73334,Ichalkaranji,9,Ward No.9,0,,0,0,,0,0,0,maharashtra
251445,2313895,Igatpuri,1,Igatpuri (Mu Cl) - Ward Kra.01,0,,0,0,,0,0,0,maharashtra
251445,2313896,Igatpuri,2,Igatpuri (Mu Cl) - Ward Kra.02,0,,0,0,,0,0,0,maharashtra
251445,2313897,Igatpuri,3,Igatpuri (Mu Cl) - Ward Kra.03,0,,0,0,,0,0,0,maharashtra
251445,2313898,Igatpuri,4,Igatpuri (Mu Cl) - Ward Kra.04,0,,0,0,,0,0,0,maharashtra
251445,2313899,Igatpuri,5,Igatpuri (Mu Cl) - Ward Kra.05,0,,0,0,,0,0,0,maharashtra
251445,2313900,Igatpuri,6,Igatpuri (Mu Cl) - Ward Kra.06,0,,0,0,,0,0,0,maharashtra
251445,2313901,Igatpuri,7,Igatpuri (Mu Cl) - Ward Kra.07,0,,0,0,,0,0,0,maharashtra
251445,2313902,Igatpuri,8,Igatpuri (Mu Cl) - Ward Kra.08,0,,0,0,,0,0,0,maharashtra
251445,2313903,Igatpuri,9,Igatpuri (Mu Cl) - Ward Kra.09,0,,0,0,,0,0,0,maharashtra
251537,52518,Indapur,1,Indapur (M Cl) Ward No.1,0,,0,0,,0,0,0,maharashtra
251537,52519,Indapur,2,Indapur (M Cl) Ward No.2,0,,0,0,,0,0,0,maharashtra
251537,52520,Indapur,3,Indapur (M Cl) Ward No.3,0,,0,0,,0,0,0,maharashtra
251537,52521,Indapur,4,Indapur (M Cl) Ward No.4,0,,0,0,,0,0,0,maharashtra
251537,52522,Indapur,5,Indapur (M Cl) Ward No.5,0,,0,0,,0,0,0,maharashtra
251537,52523,Indapur,6,Indapur (M Cl) Ward No.6,0,,0,0,,0,0,0,maharashtra
251537,52524,Indapur,7,Indapur (M Cl) Ward No.7,0,,0,0,,0,0,0,maharashtra
251537,52525,Indapur,8,Indapur (M Cl) Ward No.8,0,,0,0,,0,0,0,maharashtra
276372,1305109,Jafrabad,1,Ward No. 1,0,,0,0,,0,0,0,maharashtra
276372,1305118,Jafrabad,10,Ward No. 10,0,,0,0,,0,0,0,maharashtra
276372,1305119,Jafrabad,11,Ward No. 11,0,,0,0,,0,0,0,maharashtra
276372,1305120,Jafrabad,12,Ward No. 12,0,,0,0,,0,0,0,maharashtra
276372,1305121,Jafrabad,13,Ward No. 13,0,,0,0,,0,0,0,maharashtra
276372,1305122,Jafrabad,14,Ward No. 14,0,,0,0,,0,0,0,maharashtra
276372,1305123,Jafrabad,15,Ward No. 15,0,,0,0,,0,0,0,maharashtra
276372,1305124,Jafrabad,16,Ward No.16,0,,0,0,,0,0,0,maharashtra
276372,1305125,Jafrabad,17,Ward No. 17,0,,0,0,,0,0,0,maharashtra
276372,1305110,Jafrabad,2,Ward No. 2,0,,0,0,,0,0,0,maharashtra
276372,1305111,Jafrabad,3,Ward No. 3,0,,0,0,,0,0,0,maharashtra
276372,1305112,Jafrabad,4,Ward No. 4,0,,0,0,,0,0,0,maharashtra
276372,1305113,Jafrabad,5,Ward No. 5,0,,0,0,,0,0,0,maharashtra
276372,1305114,Jafrabad,6,Ward No. 6,0,,0,0,,0,0,0,maharashtra
276372,1305115,Jafrabad,7,Ward No. 7,0,,0,0,,0,0,0,maharashtra
276372,1305116,Jafrabad,8,Ward No. 8,0,,0,0,,0,0,0,maharashtra
276372,1305117,Jafrabad,9,Ward No. 9,0,,0,0,,0,0,0,maharashtra
276571,2323961,Jalgaon,1,Jalgaon (M Co) Prabha Kra.1,0,,0,0,,0,0,0,maharashtra
276571,2323970,Jalgaon,10,Jalgaon (M Co) Prabha Kra.10,0,,0,0,,0,0,0,maharashtra
276571,2323971,Jalgaon,11,Jalgaon (M Co) Prabha Kra.11,0,,0,0,,0,0,0,maharashtra
276571,2323972,Jalgaon,12,Jalgaon (M Co) Prabha Kra.12,0,,0,0,,0,0,0,maharashtra
276571,2323973,Jalgaon,13,Jalgaon (M Co) Prabha Kra.13,0,,0,0,,0,0,0,maharashtra
276571,2323974,Jalgaon,14,Jalgaon (M Co) Prabha Kra.14,0,,0,0,,0,0,0,maharashtra
276571,2323975,Jalgaon,15,Jalgaon (M Co) Prabha Kra.15,0,,0,0,,0,0,0,maharashtra
276571,2323976,Jalgaon,16,Jalgaon (M Co) Prabha Kra.16,0,,0,0,,0,0,0,maharashtra
276571,2323977,Jalgaon,17,Jalgaon (M Co) Prabha Kra.17,0,,0,0,,0,0,0,maharashtra
276571,2323978,Jalgaon,18,Jalgaon (M Co) Prabha Kra.18,0,,0,0,,0,0,0,maharashtra
276571,2323979,Jalgaon,19,Jalgaon (M Co) Prabha Kra.19,0,,0,0,,0,0,0,maharashtra
276571,2323962,Jalgaon,2,Jalgaon (M Co) Prabha Kra.2,0,,0,0,,0,0,0,maharashtra
276571,2323963,Jalgaon,3,Jalgaon (M Co) Prabha Kra.3,0,,0,0,,0,0,0,maharashtra
276571,2323964,Jalgaon,4,Jalgaon (M Co) Prabha Kra.4,0,,0,0,,0,0,0,maharashtra
276571,2323965,Jalgaon,5,Jalgaon (M Co) Prabha Kra.5,0,,0,0,,0,0,0,maharashtra
276571,2323966,Jalgaon,6,Jalgaon (M Co) Prabha Kra.6,0,,0,0,,0,0,0,maharashtra
276571,2323967,Jalgaon,7,Jalgaon (M Co) Prabha Kra.7,0,,0,0,,0,0,0,maharashtra
276571,2323968,Jalgaon,8,Jalgaon (M Co) Prabha Kra.8,0,,0,0,,0,0,0,maharashtra
276571,2323969,Jalgaon,9,Jalgaon (M Co) Prabha Kra.9,0,,0,0,,0,0,0,maharashtra
251298,64441,Jalgaon - Jamod,1,Jalgaon (Jamod) (M Cl) - Ward No.1,0,,0,0,,0,0,0,maharashtra
251298,64538,Jalgaon - Jamod,10,Jalgaon (Jamod) (M Cl) - Ward No.10,0,,0,0,,0,0,0,maharashtra
251298,64442,Jalgaon - Jamod,2,Jalgaon (Jamod) (M Cl) - Ward No.2,0,,0,0,,0,0,0,maharashtra
251298,64443,Jalgaon - Jamod,3,Jalgaon (Jamod) (M Cl) - Ward No.3,0,,0,0,,0,0,0,maharashtra
251298,64444,Jalgaon - Jamod,4,Jalgaon (Jamod) (M Cl) - Ward No.4,0,,0,0,,0,0,0,maharashtra
251298,64533,Jalgaon - Jamod,5,Jalgaon (Jamod) (M Cl) - Ward No.5,0,,0,0,,0,0,0,maharashtra
251298,64534,Jalgaon - Jamod,6,Jalgaon (Jamod) (M Cl) - Ward No.6,0,,0,0,,0,0,0,maharashtra
251298,64535,Jalgaon - Jamod,7,Jalgaon (Jamod) (M Cl) - Ward No.7,0,,0,0,,0,0,0,maharashtra
251298,64536,Jalgaon - Jamod,8,Jalgaon (Jamod) (M Cl) - Ward No.8,0,,0,0,,0,0,0,maharashtra
251298,64537,Jalgaon - Jamod,9,Jalgaon (Jamod) (M Cl) - Ward No.9,0,,0,0,,0,0,0,maharashtra
276373,1758101,Jalkot,10,Ward No.10 Shivaji Chowk Matang Wasti,0,,0,0,,0,0,0,maharashtra
276373,1758102,Jalkot,11,Ward No.11 Nagar Panchayat-Ambedkar Chowk -Market Yard,0,,0,0,,0,0,0,maharashtra
276373,1758103,Jalkot,12,Ward No.12 Datta Mandir Parisaratil Navi Abadi,0,,0,0,,0,0,0,maharashtra
276373,1758104,Jalkot,13,Ward No.13 Bus Stand Panchayat Samiti,0,,0,0,,0,0,0,maharashtra
276373,1758105,Jalkot,14,Ward No.14 Market Yard Dal Mil,0,,0,0,,0,0,0,maharashtra
276373,1758106,Jalkot,15,Ward No.15 Khaja Garib Navaj Urdu School-Oil Mil,0,,0,0,,0,0,0,maharashtra
276373,1758107,Jalkot,16,Ward No.16 Gurudatt School-Datta Mandir-Kargil Nagar Parisar,0,,0,0,,0,0,0,maharashtra
276373,1758108,Jalkot,17,Ward No.17 Gramin Hospital-Jalkot Tanda,0,,0,0,,0,0,0,maharashtra
276373,1758092,Jalkot,1,Ward No.1 Nawin Panyachi Taki-Polic Quarter-Kunki Chowk -Industrial Estate,0,,0,0,,0,0,0,maharashtra
276373,1758093,Jalkot,2,Ward No.2 Khatik DP,0,,0,0,,0,0,0,maharashtra
276373,1758094,Jalkot,3,Ward No.3 Virbhadra Mandir,0,,0,0,,0,0,0,maharashtra
276373,1758095,Jalkot,4,Ward No.4 Jamma Majid-Bagwan Galli,0,,0,0,,0,0,0,maharashtra
276373,1758096,Jalkot,5,Ward No.5 Lohar Galli-Ram Mandir -Mulla Devsthan,0,,0,0,,0,0,0,maharashtra
276373,1758097,Jalkot,6,Ward No.6 Wanje Galli,0,,0,0,,0,0,0,maharashtra
276373,1758098,Jalkot,7,Ward No.7 Momin Galli-Ladde Galli,0,,0,0,,0,0,0,maharashtra
276373,1758099,Jalkot,8,Ward No.8 Narshih Mandir,0,,0,0,,0,0,0,maharashtra
276373,1758100,Jalkot,9,Ward No.9 Darnal Saheb Majid Matang Wasti,0,,0,0,,0,0,0,maharashtra
251423,47702,Jalna,10,Jalna (M Ci) - Ward No.10 Sambhaji Udyan-Yogeshwari Colony-New MIDC Area,0,,0,0,,0,0,0,maharashtra
251423,47703,Jalna,11,Jalna (M Ci) - Ward No.11 Sanjaynagar Shastri Mohalla-Dukhhinagar area,0,,0,0,,0,0,0,maharashtra
251423,47704,Jalna,12,Jalna (M Ci) - Ward No.12 Tattupura-Rajabag Sawar Darga Area,0,,0,0,,0,0,0,maharashtra
251423,47705,Jalna,13,Jalna (M Ci) - Ward No.13 Kaikadi Mohalla-Malipura-Shishtekdi,0,,0,0,,0,0,0,maharashtra
251423,47706,Jalna,14,Jalna (M Ci) - Ward No.14 Panives-Polas Galli-Khadakpura-Sangamnagar,0,,0,0,,0,0,0,maharashtra
251423,47707,Jalna,15,Jalna (M Ci) - Ward No.15 Nalagalli-Kajipura-Kapada Bazar,0,,0,0,,0,0,0,maharashtra
251423,47708,Jalna,16,Jalna (M Ci) - Ward No.16 Shivaji Statue-Karwanagar-Mission Hospital Area,0,,0,0,,0,0,0,maharashtra
251423,47709,Jalna,17,Jalna (M Ci) - Ward No.17 Ramnagar Police Colony-Pritisudha Nagar Civil Club Area,0,,0,0,,0,0,0,maharashtra
251423,47710,Jalna,18,Jalna (M Ci) - Ward No.18 Suvarnakarnagar-Gandhinagar-Agrasennagar-Nirmalnagar,0,,0,0,,0,0,0,maharashtra
251423,47711,Jalna,19,Jalna (M Ci) - Ward No.19 Balajinagar-Christi Camp-Aref Colony-Renukamata Temple Area,0,,0,0,,0,0,0,maharashtra
251423,47693,Jalna,1,Jalna (M Ci) - Ward No.1 Chhatrapati Shivaji Sankul-Shrikrushna Nagar-Manish Nagar Area,0,,0,0,,0,0,0,maharashtra
251423,47712,Jalna,20,Jalna (M Ci) - Ward No.20 Mangalbazar-Lodhi Mohalla-Valimamu Darga area,0,,0,0,,0,0,0,maharashtra
251423,47713,Jalna,21,Jalna (M Ci) - Ward No.21 Kadrabad-Dargaves area,0,,0,0,,0,0,0,maharashtra
251423,47714,Jalna,22,Jalna (M Ci) - Ward No.22 Mastgarh-Miyasab Dargah-Nariman Nagar,0,,0,0,,0,0,0,maharashtra
251423,47715,Jalna,23,Jalna (M Ci) - Ward No.23 Madhuban Colony-Gandhi Chowk-Ghayalnagar,0,,0,0,,0,0,0,maharashtra
251423,47716,Jalna,24,Jalna (M Ci) - Ward No.24 Town Hall-Bhajimandi-Kacheri Road,0,,0,0,,0,0,0,maharashtra
251423,47717,Jalna,25,Jalna (M Ci) - Ward No.25 Bhagyanagar-Indiranagar,0,,0,0,,0,0,0,maharashtra
251423,47718,Jalna,26,Jalna (M Ci) - Ward No.26 Motibag Resthouse Kanchannagar-Shivnagar,0,,0,0,,0,0,0,maharashtra
251423,47719,Jalna,27,Jalna (M Ci) - Ward No.27 Ram Mandir Area-Sahakar Bank Colony-Ambedkar Nagar Area,0,,0,0,,0,0,0,maharashtra
251423,47720,Jalna,28,Jalna (M Ci) - Ward No.28 Nutan Vasahat,0,,0,0,,0,0,0,maharashtra
251423,47721,Jalna,29,Jalna (M Ci) - Ward No.29 Revenue Colony-Bhagyodayanagar-Ashirwad Nagar,0,,0,0,,0,0,0,maharashtra
251423,47694,Jalna,2,Jalna (M Ci) - Ward No.2 Kanhaiya Nagar Powerloom Forest Department Area,0,,0,0,,0,0,0,maharashtra
251423,47722,Jalna,30,Jalna (M Ci) - Ward No.30 Anandnagar-Rajputwadi-Yeshwantnagar,0,,0,0,,0,0,0,maharashtra
251423,47695,Jalna,3,Jalna (M Ci) - Ward No.3 R.P.T.C.S.-Shakuntala Nagar-Telecom Colony-S.R.P.F.,0,,0,0,,0,0,0,maharashtra
251423,47696,Jalna,4,Jalna (M Ci) - Ward No.4 Lalbagh-Hanumanghat-J.E.S.College Area,0,,0,0,,0,0,0,maharashtra
251423,47697,Jalna,5,Jalna (M Ci) - Ward No.5 Modikhana-Pensionpura-Hamalpura,0,,0,0,,0,0,0,maharashtra
251423,47698,Jalna,6,Jalna (M Ci) - Ward No.6 Rautnagar-Rahemanganj-Mahatma Phule Market,0,,0,0,,0,0,0,maharashtra
251423,47699,Jalna,7,Jalna (M Ci) - Ward No.7 Dhawaleshwar-Sambhajinagar-Lakkadkot-Kadaria Masjid area,0,,0,0,,0,0,0,maharashtra
251423,47700,Jalna,8,Jalna (M Ci) -Ward No.8 Chandanzira-Bajajnagar-Nationalnagar,0,,0,0,,0,0,0,maharashtra
251423,47701,Jalna,9,Jalna (M Ci) - Ward No.9 Nagewadi,0,,0,0,,0,0,0,maharashtra
251554,58814,Jamkhed,1,Jamkhed (MC) - Ward N. 1,0,,0,0,,0,0,0,maharashtra
251554,2340909,Jamkhed,10,Jamkhed (MC)- Ward N. 10,0,,0,0,,0,0,0,maharashtra
251554,2340910,Jamkhed,11,Jamkhed (MC) - Ward N. 11,0,,0,0,,0,0,0,maharashtra
251554,2340911,Jamkhed,12,Jamkhed (MC) - Ward N. 12,0,,0,0,,0,0,0,maharashtra
251554,2340912,Jamkhed,13,Jamkhed (MC) - Ward N. 13,0,,0,0,,0,0,0,maharashtra
251554,2340913,Jamkhed,14,Jamkhed (MC) - Ward N. 14,0,,0,0,,0,0,0,maharashtra
251554,2340914,Jamkhed,15,Jamkhed (MC) - Ward N. 15,0,,0,0,,0,0,0,maharashtra
251554,2340915,Jamkhed,16,Jamkhed (MC) - Ward N. 16,0,,0,0,,0,0,0,maharashtra
251554,2340916,Jamkhed,17,Jamkhed (MC) - Ward N. 17,0,,0,0,,0,0,0,maharashtra
251554,2340917,Jamkhed,18,Jamkhed (MC) - Ward N. 18,0,,0,0,,0,0,0,maharashtra
251554,2340918,Jamkhed,19,Jamkhed (MC)- Ward N. 19,0,,0,0,,0,0,0,maharashtra
251554,58815,Jamkhed,2,Jamkhed (MC) - Ward N. 2,0,,0,0,,0,0,0,maharashtra
251554,2340919,Jamkhed,20,Jamkhed (MC) - Ward N. 20,0,,0,0,,0,0,0,maharashtra
251554,2340920,Jamkhed,21,Jamkhed (MC) - Ward N. 21,0,,0,0,,0,0,0,maharashtra
251554,58816,Jamkhed,3,Jamkhed (MC) - Ward N. 3,0,,0,0,,0,0,0,maharashtra
251554,58817,Jamkhed,4,Jamkhed (MC) - Ward N. 4,0,,0,0,,0,0,0,maharashtra
251554,58818,Jamkhed,5,Jamkhed (MC) - Ward N. 5,0,,0,0,,0,0,0,maharashtra
251554,58819,Jamkhed,6,Jamkhed (MC) - Ward N. 6,0,,0,0,,0,0,0,maharashtra
251554,2340906,Jamkhed,7,Jamkhed (MC) - Ward N. 7,0,,0,0,,0,0,0,maharashtra
251554,2340907,Jamkhed,8,Jamkhed (MC) - Ward N. 8,0,,0,0,,0,0,0,maharashtra
251554,2340908,Jamkhed,9,Jamkhed (MC) - Ward N. 9,0,,0,0,,0,0,0,maharashtra
253139,51532,Jamner,1,Pachora (M Cl) - Ward No.1,0,,0,0,,0,0,0,maharashtra
253139,51621,Jamner,10,Pachora (M Cl) - Ward No.10,0,,0,0,,0,0,0,maharashtra
253139,51623,Jamner,11,Pachora (M Cl) - Ward No.11,0,,0,0,,0,0,0,maharashtra
253139,51625,Jamner,12,Pachora (M Cl) - Ward No.12,0,,0,0,,0,0,0,maharashtra
253139,51627,Jamner,13,Pachora (M Cl) - Ward No.13,0,,0,0,,0,0,0,maharashtra
253139,45361,Jamner,14,Pachora (M Cl) - Ward No.14,0,,0,0,,0,0,0,maharashtra
253139,45363,Jamner,15,Pachora (M Cl) - Ward No.15,0,,0,0,,0,0,0,maharashtra
253139,45365,Jamner,16,Pachora (M Cl) - Ward No.16,0,,0,0,,0,0,0,maharashtra
253139,45367,Jamner,17,Pachora (M Cl) - Ward No.17,0,,0,0,,0,0,0,maharashtra
253139,45369,Jamner,18,Pachora (M Cl) - Ward No.18,0,,0,0,,0,0,0,maharashtra
253139,45371,Jamner,19,Pachora (M Cl) - Ward No.19,0,,0,0,,0,0,0,maharashtra
253139,51534,Jamner,2,Pachora (M Cl) - Ward No.2,0,,0,0,,0,0,0,maharashtra
253139,45373,Jamner,20,Pachora (M Cl) - Ward No.20,0,,0,0,,0,0,0,maharashtra
253139,45375,Jamner,21,Pachora (M Cl) - Ward No.21,0,,0,0,,0,0,0,maharashtra
253139,45377,Jamner,22,Pachora (M Cl) - Ward No.22,0,,0,0,,0,0,0,maharashtra
253139,45379,Jamner,23,Pachora (M Cl) - Ward No.23,0,,0,0,,0,0,0,maharashtra
253139,51607,Jamner,3,Pachora (M Cl) - Ward No.3,0,,0,0,,0,0,0,maharashtra
253139,51609,Jamner,4,Pachora (M Cl) - Ward No.4,0,,0,0,,0,0,0,maharashtra
253139,51611,Jamner,5,Pachora (M Cl) - Ward No.5,0,,0,0,,0,0,0,maharashtra
253139,51613,Jamner,6,Pachora (M Cl) - Ward No.6,0,,0,0,,0,0,0,maharashtra
253139,51615,Jamner,7,Pachora (M Cl) - Ward No.7,0,,0,0,,0,0,0,maharashtra
253139,51617,Jamner,8,Pachora (M Cl) - Ward No.8,0,,0,0,,0,0,0,maharashtra
253139,51619,Jamner,9,Pachora (M Cl) - Ward No.9,0,,0,0,,0,0,0,maharashtra
259699,1303704,Jath,1,Jat (Mci) Ward No.1,0,,0,0,,0,0,0,maharashtra
259699,1303713,Jath,10,Jat (Mci) Ward No.10,0,,0,0,,0,0,0,maharashtra
259699,1303705,Jath,2,Jat (Mci) Ward No.2,0,,0,0,,0,0,0,maharashtra
259699,1303706,Jath,3,Jat (Mci) Ward No.3,0,,0,0,,0,0,0,maharashtra
259699,1303707,Jath,4,Jat (Mci) Ward No.4,0,,0,0,,0,0,0,maharashtra
259699,1303708,Jath,5,Jat (Mci) Ward No.5,0,,0,0,,0,0,0,maharashtra
259699,1303709,Jath,6,Jat (Mci) Ward No.6,0,,0,0,,0,0,0,maharashtra
259699,1303710,Jath,7,Jat (Mci) Ward No.7,0,,0,0,,0,0,0,maharashtra
259699,1303711,Jath,8,Jat (Mci) Ward No.8,0,,0,0,,0,0,0,maharashtra
259699,1303712,Jath,9,Jat (Mci) Ward No.9,0,,0,0,,0,0,0,maharashtra
251453,48052,Jawhar,1,Jawhar (M Cl) - Ward No.1,0,,0,0,,0,0,0,maharashtra
251453,3319262,Jawhar,10,Jawhar (M Cl) - Ward No.10,0,,0,0,,0,0,0,maharashtra
251453,48053,Jawhar,2,Jawhar (M Cl) - Ward No.2,0,,0,0,,0,0,0,maharashtra
251453,48054,Jawhar,3,Jawhar (M Cl) - Ward No.3,0,,0,0,,0,0,0,maharashtra
251453,48055,Jawhar,4,Jawhar (M Cl) - Ward No.4,0,,0,0,,0,0,0,maharashtra
251453,48056,Jawhar,5,Jawhar (M Cl) - Ward No.5,0,,0,0,,0,0,0,maharashtra
251453,48057,Jawhar,6,Jawhar (M Cl) - Ward No.6,0,,0,0,,0,0,0,maharashtra
251453,48058,Jawhar,7,Jawhar (M Cl) - Ward No.7,0,,0,0,,0,0,0,maharashtra
251453,48059,Jawhar,8,Jawhar (M Cl) - Ward No.8,0,,0,0,,0,0,0,maharashtra
251453,3319261,Jawhar,9,Jawhar (M Cl) - Ward No.9,0,,0,0,,0,0,0,maharashtra
251621,73352,Jaysingpur,1,Ward No.1,0,,0,0,,0,0,0,maharashtra
251621,73361,Jaysingpur,10,Ward No.10,0,,0,0,,0,0,0,maharashtra
251621,73362,Jaysingpur,11,Ward No.11,0,,0,0,,0,0,0,maharashtra
251621,73363,Jaysingpur,12,Ward No.12,0,,0,0,,0,0,0,maharashtra
251621,73353,Jaysingpur,2,Ward No.2,0,,0,0,,0,0,0,maharashtra
251621,73354,Jaysingpur,3,Ward No.3,0,,0,0,,0,0,0,maharashtra
251621,73355,Jaysingpur,4,Ward No.4,0,,0,0,,0,0,0,maharashtra
251621,73356,Jaysingpur,5,Ward No.5,0,,0,0,,0,0,0,maharashtra
251621,73357,Jaysingpur,6,Ward No.6,0,,0,0,,0,0,0,maharashtra
251621,73358,Jaysingpur,7,Ward No.7,0,,0,0,,0,0,0,maharashtra
251621,73359,Jaysingpur,8,Ward No.8,0,,0,0,,0,0,0,maharashtra
251621,73360,Jaysingpur,9,Ward No.9,0,,0,0,,0,0,0,maharashtra
251533,52483,Jejuri,1,Jejuri (M Cl) Ward No.1,0,,0,0,,0,0,0,maharashtra
251533,52484,Jejuri,2,Jejuri (M Cl) Ward No.2,0,,0,0,,0,0,0,maharashtra
251533,52485,Jejuri,3,Jejuri (M Cl) Ward No.3,0,,0,0,,0,0,0,maharashtra
251533,52486,Jejuri,4,Jejuri (M Cl) Ward No.4,0,,0,0,,0,0,0,maharashtra
251533,52487,Jejuri,5,Jejuri (M Cl) Ward No.5,0,,0,0,,0,0,0,maharashtra
251533,52488,Jejuri,6,Jejuri (M Cl) Ward No.6,0,,0,0,,0,0,0,maharashtra
251533,52489,Jejuri,7,Jejuri (M Cl) Ward No.7,0,,0,0,,0,0,0,maharashtra
251533,52490,Jejuri,8,Jejuri (M Cl) Ward No.8,0,,0,0,,0,0,0,maharashtra
251415,47557,Jintur,1,Ward No.1,0,,0,0,,0,0,0,maharashtra
251415,47566,Jintur,10,Ward No.10,0,,0,0,,0,0,0,maharashtra
251415,47567,Jintur,11,Ward No.11,0,,0,0,,0,0,0,maharashtra
251415,47558,Jintur,2,Ward No.2,0,,0,0,,0,0,0,maharashtra
251415,47559,Jintur,3,Ward No.3,0,,0,0,,0,0,0,maharashtra
251415,47560,Jintur,4,Ward No.4,0,,0,0,,0,0,0,maharashtra
251415,47561,Jintur,5,Ward No.5,0,,0,0,,0,0,0,maharashtra
251415,47562,Jintur,6,Ward No.6,0,,0,0,,0,0,0,maharashtra
251415,47563,Jintur,7,Ward No.7,0,,0,0,,0,0,0,maharashtra
251415,47564,Jintur,8,Ward No.8,0,,0,0,,0,0,0,maharashtra
251415,47565,Jintur,9,Ward No.9,0,,0,0,,0,0,0,maharashtra
276355,2311925,Jiwati,1,Jiwati (N P) Ward No. 1,0,,0,0,,0,0,0,maharashtra
276355,2311934,Jiwati,10,Jiwati (N P) Ward No. 10,0,,0,0,,0,0,0,maharashtra
276355,2311935,Jiwati,11,Jiwati (N P) Ward No. 11,0,,0,0,,0,0,0,maharashtra
276355,2311936,Jiwati,12,Jiwati (N P) Ward No. 12,0,,0,0,,0,0,0,maharashtra
276355,2311937,Jiwati,13,Jiwati (N P) Ward No. 13,0,,0,0,,0,0,0,maharashtra
276355,2311938,Jiwati,14,Jiwati (N P) Ward No. 14,0,,0,0,,0,0,0,maharashtra
276355,2311939,Jiwati,15,Jiwati (N P) Ward No. 15,0,,0,0,,0,0,0,maharashtra
276355,2311940,Jiwati,16,Jiwati (N P) Ward No. 16,0,,0,0,,0,0,0,maharashtra
276355,2311941,Jiwati,17,Jiwati (N P) Ward No. 17,0,,0,0,,0,0,0,maharashtra
276355,2311926,Jiwati,2,Jiwati (N P) Ward No. 2,0,,0,0,,0,0,0,maharashtra
276355,2311927,Jiwati,3,Jiwati (N P) Ward No. 3,0,,0,0,,0,0,0,maharashtra
276355,2311928,Jiwati,4,Jiwati (N P) Ward No. 4,0,,0,0,,0,0,0,maharashtra
276355,2311929,Jiwati,5,Jiwati (N P) Ward No. 5,0,,0,0,,0,0,0,maharashtra
276355,2311930,Jiwati,6,Jiwati (N P) Ward No. 6,0,,0,0,,0,0,0,maharashtra
276355,2311931,Jiwati,7,Jiwati (N P) Ward No. 7,0,,0,0,,0,0,0,maharashtra
276355,2311932,Jiwati,8,Jiwati (N P) Ward No. 8,0,,0,0,,0,0,0,maharashtra
276355,2311933,Jiwati,9,Jiwati (N P) Ward No. 9,0,,0,0,,0,0,0,maharashtra
251516,76916,Junnar,1,Junnar (M Cl) Ward No.1,0,,0,0,,0,0,0,maharashtra
251516,76917,Junnar,2,Junnar (M Cl) Ward No.2,0,,0,0,,0,0,0,maharashtra
251516,76918,Junnar,3,Junnar (M Cl) Ward No.3,0,,0,0,,0,0,0,maharashtra
251516,76919,Junnar,4,Junnar (M Cl) Ward No.4,0,,0,0,,0,0,0,maharashtra
251516,76920,Junnar,5,Junnar (M Cl) Ward No.5,0,,0,0,,0,0,0,maharashtra
251516,76921,Junnar,6,Junnar (M Cl) Ward No.6,0,,0,0,,0,0,0,maharashtra
251516,76922,Junnar,7,Junnar (M Cl) Ward No.7,0,,0,0,,0,0,0,maharashtra
251516,76923,Junnar,8,Junnar (M Cl) Ward No.8,0,,0,0,,0,0,0,maharashtra
290358,1727636,Kadegaon.,1,Kadegaon (Mci) Ward No.1,0,,0,0,,0,0,0,maharashtra
290358,1727645,Kadegaon.,10,Kadegaon (Mci) Ward No.10,0,,0,0,,0,0,0,maharashtra
290358,1727646,Kadegaon.,11,Kadegaon (Mci) Ward No.11,0,,0,0,,0,0,0,maharashtra
290358,1727647,Kadegaon.,12,Kadegaon (Mci) Ward No.12,0,,0,0,,0,0,0,maharashtra
290358,1727648,Kadegaon.,13,Kadegaon (Mci) Ward No.13,0,,0,0,,0,0,0,maharashtra
290358,1727649,Kadegaon.,14,Kadegaon (Mci) Ward No.14,0,,0,0,,0,0,0,maharashtra
290358,1727650,Kadegaon.,15,Kadegaon (Mci) Ward No.15,0,,0,0,,0,0,0,maharashtra
290358,1727651,Kadegaon.,16,Kadegaon (Mci) Ward No.16,0,,0,0,,0,0,0,maharashtra
290358,1727652,Kadegaon.,17,Kadegaon (Mci) Ward No.17,0,,0,0,,0,0,0,maharashtra
290358,1727637,Kadegaon.,2,Kadegaon (Mci) Ward No.2,0,,0,0,,0,0,0,maharashtra
290358,1727638,Kadegaon.,3,Kadegaon (Mci) Ward No.3,0,,0,0,,0,0,0,maharashtra
290358,1727639,Kadegaon.,4,Kadegaon (Mci) Ward No.4,0,,0,0,,0,0,0,maharashtra
290358,1727640,Kadegaon.,5,Kadegaon (Mci) Ward No.5,0,,0,0,,0,0,0,maharashtra
290358,1727641,Kadegaon.,6,Kadegaon (Mci) Ward No.6,0,,0,0,,0,0,0,maharashtra
290358,1727642,Kadegaon.,7,Kadegaon (Mci) Ward No.7,0,,0,0,,0,0,0,maharashtra
290358,1727643,Kadegaon.,8,Kadegaon (Mci) Ward No.8,0,,0,0,,0,0,0,maharashtra
290358,1727644,Kadegaon.,9,Kadegaon (Mci) Ward No.9,0,,0,0,,0,0,0,maharashtra
251628,73654,Kagal,1,Ward No.1,0,,0,0,,0,0,0,maharashtra
251628,73663,Kagal,10,Ward No.10,0,,0,0,,0,0,0,maharashtra
251628,73655,Kagal,2,Ward No.2,0,,0,0,,0,0,0,maharashtra
251628,73656,Kagal,3,Ward No.3,0,,0,0,,0,0,0,maharashtra
251628,73657,Kagal,4,Ward No.4,0,,0,0,,0,0,0,maharashtra
251628,73658,Kagal,5,Ward No.5,0,,0,0,,0,0,0,maharashtra
251628,73659,Kagal,6,Ward No.6,0,,0,0,,0,0,0,maharashtra
251628,73660,Kagal,7,Ward No.7,0,,0,0,,0,0,0,maharashtra
251628,73661,Kagal,8,Ward No.8,0,,0,0,,0,0,0,maharashtra
251628,73662,Kagal,9,Ward No.9,0,,0,0,,0,0,0,maharashtra
259696,1839385,Kaij,10,Ward No.10 Maulana Azad Chowk-Raza mohalla,0,,0,0,,0,0,0,maharashtra
259696,1839386,Kaij,11,Ward No.11 State Bank Of India (Roza mohalla) Bagwan Galli,0,,0,0,,0,0,0,maharashtra
259696,1839387,Kaij,12,Ward No.12 Mangalwar Peth-Tailer Galli-Gund Galli,0,,0,0,,0,0,0,maharashtra
259696,1839388,Kaij,13,Ward No.13 Mali Galli-Deshpande Galli-Shani Mandir,0,,0,0,,0,0,0,maharashtra
259696,1839389,Kaij,14,Ward No.14 Pandhar Galli-Balaji Mandir-Aziz Pura,0,,0,0,,0,0,0,maharashtra
259696,1839390,Kaij,15,Ward No.15 Siddharth Nagar-Gund Galli,0,,0,0,,0,0,0,maharashtra
259696,1839391,Kaij,16,Ward No.16 Bhim ngar-Shanti nagar-Khureshi Mohalla,0,,0,0,,0,0,0,maharashtra
259696,1839392,Kaij,17,Ward No.17 Roza mohalla-Noorjahan School,0,,0,0,,0,0,0,maharashtra
259696,1839376,Kaij,1,Ward No.1 Kranti Nagar-Kolhe Wasti,0,,0,0,,0,0,0,maharashtra
259696,1839377,Kaij,2,Ward No.2 Madhav Nagar. Bhawani Nagar Sub Station,0,,0,0,,0,0,0,maharashtra
259696,1839378,Kaij,3,Ward No.3 Samarth Nagar,0,,0,0,,0,0,0,maharashtra
259696,1839379,Kaij,4,Ward No.4 Prashant nagar,0,,0,0,,0,0,0,maharashtra
259696,1839380,Kaij,5,Ward No.5 Ahilyadevi Nagar-Shahu nagar,0,,0,0,,0,0,0,maharashtra
259696,1839381,Kaij,6,Ward No.6 Shikshak Colony-Wadar Wasti Samta Nagar,0,,0,0,,0,0,0,maharashtra
259696,1839382,Kaij,7,Ward No.7 Phule Nagar(South),0,,0,0,,0,0,0,maharashtra
259696,1839383,Kaij,8,Ward No.8 Housing Colony,0,,0,0,,0,0,0,maharashtra
259696,1839384,Kaij,9,Ward No.9 Phule Nagar (North) Water Tank,0,,0,0,,0,0,0,maharashtra
251568,62442,Kalamb,1,Ward No. 1 Dakshinmukhi Hanuman Temple Area,0,,0,0,,0,0,0,maharashtra
251568,62443,Kalamb,2,Ward No. 2 kathale chauk- Dayanand chauk Area,0,,0,0,,0,0,0,maharashtra
251568,62444,Kalamb,3,Ward No.3 Bhim Nagar-Sathe nagar Area,0,,0,0,,0,0,0,maharashtra
251568,62445,Kalamb,4,Ward No.4 Savargaon-hanuman temple-buddha vihar Area,0,,0,0,,0,0,0,maharashtra
251568,62446,Kalamb,5,Ward No.5 Savargaon (p) Area Market Yard,0,,0,0,,0,0,0,maharashtra
251568,62447,Kalamb,6,Ward No.6 Indira Nagar Area,0,,0,0,,0,0,0,maharashtra
251568,62448,Kalamb,7,Ward no.7 Datta Nagar Area,0,,0,0,,0,0,0,maharashtra
251568,62449,Kalamb,8,Ward No.8 Kalpana nagar Pardhi Vasti Area,0,,0,0,,0,0,0,maharashtra
266073,1306465,Kalamb Nagar Panchayat,1,Kalamb Nagarpanchayat Ward No.1,0,,0,0,,0,0,0,maharashtra
266073,1306474,Kalamb Nagar Panchayat,10,Kalamb Nagarpanchayat Ward No.10,0,,0,0,,0,0,0,maharashtra
266073,1306475,Kalamb Nagar Panchayat,11,Kalamb Nagarpanchayat Ward No.11,0,,0,0,,0,0,0,maharashtra
266073,1306476,Kalamb Nagar Panchayat,12,Kalamb Nagarpanchayat Ward No.12,0,,0,0,,0,0,0,maharashtra
266073,1306477,Kalamb Nagar Panchayat,13,Kalamb Nagarpanchayat Ward No.13,0,,0,0,,0,0,0,maharashtra
266073,1306478,Kalamb Nagar Panchayat,14,Kalamb Nagarpanchayat Ward No.14,0,,0,0,,0,0,0,maharashtra
266073,1306479,Kalamb Nagar Panchayat,15,Kalamb Nagarpanchayat Ward No.15,0,,0,0,,0,0,0,maharashtra
266073,1306480,Kalamb Nagar Panchayat,16,Kalamb Nagarpanchayat Ward No.16,0,,0,0,,0,0,0,maharashtra
266073,1306481,Kalamb Nagar Panchayat,17,Kalamb Nagarpanchayat Ward No.17,0,,0,0,,0,0,0,maharashtra
266073,1306466,Kalamb Nagar Panchayat,2,Kalamb Nagarpanchayat Ward No.2,0,,0,0,,0,0,0,maharashtra
266073,1306467,Kalamb Nagar Panchayat,3,Kalamb Nagarpanchayat Ward No.3,0,,0,0,,0,0,0,maharashtra
266073,1306468,Kalamb Nagar Panchayat,4,Kalamb Nagarpanchayat Ward No.4,0,,0,0,,0,0,0,maharashtra
266073,1306469,Kalamb Nagar Panchayat,5,Kalamb Nagarpanchayat Ward No.5,0,,0,0,,0,0,0,maharashtra
266073,1306470,Kalamb Nagar Panchayat,6,Kalamb Nagarpanchayat Ward No.6,0,,0,0,,0,0,0,maharashtra
266073,1306471,Kalamb Nagar Panchayat,7,Kalamb Nagarpanchayat Ward No.7,0,,0,0,,0,0,0,maharashtra
266073,1306472,Kalamb Nagar Panchayat,8,Kalamb Nagarpanchayat Ward No.8,0,,0,0,,0,0,0,maharashtra
266073,1306473,Kalamb Nagar Panchayat,9,Kalamb Nagarpanchayat Ward No.9,0,,0,0,,0,0,0,maharashtra
251342,46366,Kalameshwar,1,Kalameshwar-bramhni (M Cl) Ward No.1,0,,0,0,,0,0,0,maharashtra
251342,46367,Kalameshwar,2,Kalameshwar-bramhni (M Cl) Ward No.2,0,,0,0,,0,0,0,maharashtra
251342,46368,Kalameshwar,3,Kalameshwar-bramhni (M Cl) Ward No.3,0,,0,0,,0,0,0,maharashtra
251342,46369,Kalameshwar,4,Kalameshwar-bramhni (M Cl) Ward No.4,0,,0,0,,0,0,0,maharashtra
251342,46370,Kalameshwar,5,Kalameshwar-bramhni (M Cl) Ward No.5,0,,0,0,,0,0,0,maharashtra
251342,46371,Kalameshwar,6,Kalameshwar-bramhni (M Cl) Ward No.6,0,,0,0,,0,0,0,maharashtra
251342,46372,Kalameshwar,7,Kalameshwar-bramhni (M Cl) Ward No.7,0,,0,0,,0,0,0,maharashtra
251342,46373,Kalameshwar,8,Kalameshwar-bramhni (M Cl) Ward No.8,0,,0,0,,0,0,0,maharashtra
251412,61391,Kalamnuri,7,Bhim Nagars part-raja Maidan-Naikwadi mohalls part-Noori baba darga,0,,0,0,,0,0,0,maharashtra
251412,61392,Kalamnuri,8,Bhim nagars part-Thakur galli-Motha Maroti Mandir-Bajrang oil mill,0,,0,0,,0,0,0,maharashtra
251412,61386,Kalamnuri,2,Indira Nagar-Budhashil Nagar-Vadarwada,0,,0,0,,0,0,0,maharashtra
251412,61389,Kalamnuri,5,Kaji gallis part-Bagwan gallis pat-Jain galli,0,,0,0,,0,0,0,maharashtra
251412,61387,Kalamnuri,3,Nai Abdis part-Bhoi gallis part-attached old bus stand,0,,0,0,,0,0,0,maharashtra
251412,61390,Kalamnuri,6,Noori Mohllas part-Imam Mamu kabrastan-Post office-Athwadi bazaar parts,0,,0,0,,0,0,0,maharashtra
251412,61385,Kalamnuri,1,Shastri Nagar-Sahyog Nagar-Jam-jam Colony-Khaja Colony,0,,0,0,,0,0,0,maharashtra
251412,61388,Kalamnuri,4,Vikas Nagar-Mali Gallis Part,0,,0,0,,0,0,0,maharashtra
276278,2313590,Kalwan,1,Kalwan (Mu Cl) - Ward No.01,0,,0,0,,0,0,0,maharashtra
276278,2313591,Kalwan,2,Kalwan (Mu Cl) - Ward No.02,0,,0,0,,0,0,0,maharashtra
276278,2313592,Kalwan,3,Kalwan (Mu Cl) - Ward No.03,0,,0,0,,0,0,0,maharashtra
276278,2313593,Kalwan,4,Kalwan (Mu Cl) - Ward No.04,0,,0,0,,0,0,0,maharashtra
276278,2313594,Kalwan,5,Kalwan (Mu Cl) - Ward No.05,0,,0,0,,0,0,0,maharashtra
276278,2313595,Kalwan,6,Kalwan (Mu Cl) - Ward No.06,0,,0,0,,0,0,0,maharashtra
276278,2313596,Kalwan,7,Kalwan (Mu Cl) - Ward No.07,0,,0,0,,0,0,0,maharashtra
276278,2313597,Kalwan,8,Kalwan (Mu Cl) - Ward No.08,0,,0,0,,0,0,0,maharashtra
276278,2313598,Kalwan,9,Kalwan (Mu Cl) - Ward No.09,0,,0,0,,0,0,0,maharashtra
276278,2313599,Kalwan,10,Kalwan (Mu Cl) - Ward No.10,0,,0,0,,0,0,0,maharashtra
276278,2313600,Kalwan,11,Kalwan (Mu Cl) - Ward No.11,0,,0,0,,0,0,0,maharashtra
276278,2313601,Kalwan,12,Kalwan (Mu Cl) - Ward No.12,0,,0,0,,0,0,0,maharashtra
276278,2313602,Kalwan,13,Kalwan (Mu Cl) - Ward No.13,0,,0,0,,0,0,0,maharashtra
276278,2313603,Kalwan,14,Kalwan (Mu Cl) - Ward No.14,0,,0,0,,0,0,0,maharashtra
276278,2313604,Kalwan,15,Kalwan (Mu Cl) - Ward No.15,0,,0,0,,0,0,0,maharashtra
276278,2313605,Kalwan,16,Kalwan (Mu Cl) - Ward No.16,0,,0,0,,0,0,0,maharashtra
276278,2313606,Kalwan,17,Kalwan (Mu Cl) - Ward No.17,0,,0,0,,0,0,0,maharashtra
251483,48671,Kalyan-Dombivli,1,Kalyan-Dombivli (M Corp.) - Ward No.1,0,,0,0,,0,0,0,maharashtra
251483,48680,Kalyan-Dombivli,10,Kalyan-Dombivli (M Corp.) - Ward No.10,0,,0,0,,0,0,0,maharashtra
251483,2517860,Kalyan-Dombivli,100,Kalyan-Dombivli (M Corp.) - Ward No.100,0,,0,0,,0,0,0,maharashtra
251483,2517861,Kalyan-Dombivli,101,Kalyan-Dombivli (M Corp.) - Ward No.101,0,,0,0,,0,0,0,maharashtra
251483,2517862,Kalyan-Dombivli,102,Kalyan-Dombivli (M Corp.) - Ward No.102,0,,0,0,,0,0,0,maharashtra
251483,2517863,Kalyan-Dombivli,103,Kalyan-Dombivli (M Corp.) - Ward No.103,0,,0,0,,0,0,0,maharashtra
251483,2517864,Kalyan-Dombivli,104,Kalyan-Dombivli (M Corp.) - Ward No.104,0,,0,0,,0,0,0,maharashtra
251483,2517865,Kalyan-Dombivli,105,Kalyan-Dombivli (M Corp.) - Ward No.105,0,,0,0,,0,0,0,maharashtra
251483,2517866,Kalyan-Dombivli,106,Kalyan-Dombivli (M Corp.) - Ward No.106,0,,0,0,,0,0,0,maharashtra
251483,2517867,Kalyan-Dombivli,107,Kalyan-Dombivli (M Corp.) - Ward No.107,0,,0,0,,0,0,0,maharashtra
251483,2517868,Kalyan-Dombivli,108,Kalyan-Dombivli (M Corp.) - Ward No.108,0,,0,0,,0,0,0,maharashtra
251483,2517869,Kalyan-Dombivli,109,Kalyan-Dombivli (M Corp.) - Ward No.109,0,,0,0,,0,0,0,maharashtra
251483,48681,Kalyan-Dombivli,11,Kalyan-Dombivli (M Corp.) - Ward No.11,0,,0,0,,0,0,0,maharashtra
251483,2517870,Kalyan-Dombivli,110,Kalyan-Dombivli (M Corp.) - Ward No.110,0,,0,0,,0,0,0,maharashtra
251483,2517871,Kalyan-Dombivli,111,Kalyan-Dombivli (M Corp.) - Ward No.111,0,,0,0,,0,0,0,maharashtra
251483,2517872,Kalyan-Dombivli,112,Kalyan-Dombivli (M Corp.) - Ward No.112,0,,0,0,,0,0,0,maharashtra
251483,2517873,Kalyan-Dombivli,113,Kalyan-Dombivli (M Corp.) - Ward No.113,0,,0,0,,0,0,0,maharashtra
251483,2517874,Kalyan-Dombivli,114,Kalyan-Dombivli (M Corp.) - Ward No.114,0,,0,0,,0,0,0,maharashtra
251483,2517875,Kalyan-Dombivli,115,Kalyan-Dombivli (M Corp.) - Ward No.115,0,,0,0,,0,0,0,maharashtra
251483,2517876,Kalyan-Dombivli,116,Kalyan-Dombivli (M Corp.) - Ward No.116,0,,0,0,,0,0,0,maharashtra
251483,2517877,Kalyan-Dombivli,117,Kalyan-Dombivli (M Corp.) - Ward No.117,0,,0,0,,0,0,0,maharashtra
251483,2517878,Kalyan-Dombivli,118,Kalyan-Dombivli (M Corp.) - Ward No.118,0,,0,0,,0,0,0,maharashtra
251483,2517879,Kalyan-Dombivli,119,Kalyan-Dombivli (M Corp.) - Ward No.119,0,,0,0,,0,0,0,maharashtra
251483,48682,Kalyan-Dombivli,12,Kalyan-Dombivli (M Corp.) - Ward No.12,0,,0,0,,0,0,0,maharashtra
251483,2517880,Kalyan-Dombivli,120,Kalyan-Dombivli (M Corp.) - Ward No.120,0,,0,0,,0,0,0,maharashtra
251483,2517881,Kalyan-Dombivli,121,Kalyan-Dombivli (M Corp.) - Ward No.121,0,,0,0,,0,0,0,maharashtra
251483,2517882,Kalyan-Dombivli,122,Kalyan-Dombivli (M Corp.) - Ward No.122,0,,0,0,,0,0,0,maharashtra
251483,48683,Kalyan-Dombivli,13,Kalyan-Dombivli (M Corp.) - Ward No.13,0,,0,0,,0,0,0,maharashtra
251483,48684,Kalyan-Dombivli,14,Kalyan-Dombivli (M Corp.) - Ward No.14,0,,0,0,,0,0,0,maharashtra
251483,48685,Kalyan-Dombivli,15,Kalyan-Dombivli (M Corp.) - Ward No.15,0,,0,0,,0,0,0,maharashtra
251483,48686,Kalyan-Dombivli,16,Kalyan-Dombivli (M Corp.) - Ward No.16,0,,0,0,,0,0,0,maharashtra
251483,48687,Kalyan-Dombivli,17,Kalyan-Dombivli (M Corp.) - Ward No.17,0,,0,0,,0,0,0,maharashtra
251483,48688,Kalyan-Dombivli,18,Kalyan-Dombivli (M Corp.) - Ward No.18,0,,0,0,,0,0,0,maharashtra
251483,48689,Kalyan-Dombivli,19,Kalyan-Dombivli (M Corp.) - Ward No.19,0,,0,0,,0,0,0,maharashtra
251483,48672,Kalyan-Dombivli,2,Kalyan-Dombivli (M Corp.) - Ward No.2,0,,0,0,,0,0,0,maharashtra
251483,48690,Kalyan-Dombivli,20,Kalyan-Dombivli (M Corp.) - Ward No.20,0,,0,0,,0,0,0,maharashtra
251483,48691,Kalyan-Dombivli,21,Kalyan-Dombivli (M Corp.) - Ward No.21,0,,0,0,,0,0,0,maharashtra
251483,48692,Kalyan-Dombivli,22,Kalyan-Dombivli (M Corp.) - Ward No.22,0,,0,0,,0,0,0,maharashtra
251483,48693,Kalyan-Dombivli,23,Kalyan-Dombivli (M Corp.) - Ward No.23,0,,0,0,,0,0,0,maharashtra
251483,48694,Kalyan-Dombivli,24,Kalyan-Dombivli (M Corp.) - Ward No.24,0,,0,0,,0,0,0,maharashtra
251483,48695,Kalyan-Dombivli,25,Kalyan-Dombivli (M Corp.) - Ward No.25,0,,0,0,,0,0,0,maharashtra
251483,48696,Kalyan-Dombivli,26,Kalyan-Dombivli (M Corp.) - Ward No.26,0,,0,0,,0,0,0,maharashtra
251483,48697,Kalyan-Dombivli,27,Kalyan-Dombivli (M Corp.) - Ward No.27,0,,0,0,,0,0,0,maharashtra
251483,48698,Kalyan-Dombivli,28,Kalyan-Dombivli (M Corp.) - Ward No.28,0,,0,0,,0,0,0,maharashtra
251483,48699,Kalyan-Dombivli,29,Kalyan-Dombivli (M Corp.) - Ward No.29,0,,0,0,,0,0,0,maharashtra
251483,48673,Kalyan-Dombivli,3,Kalyan-Dombivli (M Corp.) - Ward No.3,0,,0,0,,0,0,0,maharashtra
251483,48700,Kalyan-Dombivli,30,Kalyan-Dombivli (M Corp.) - Ward No.30,0,,0,0,,0,0,0,maharashtra
251483,48701,Kalyan-Dombivli,31,Kalyan-Dombivli (M Corp.) - Ward No.31,0,,0,0,,0,0,0,maharashtra
251483,48702,Kalyan-Dombivli,32,Kalyan-Dombivli (M Corp.) - Ward No.32,0,,0,0,,0,0,0,maharashtra
251483,48703,Kalyan-Dombivli,33,Kalyan-Dombivli (M Corp.) - Ward No.33,0,,0,0,,0,0,0,maharashtra
251483,48704,Kalyan-Dombivli,34,Kalyan-Dombivli (M Corp.) - Ward No.34,0,,0,0,,0,0,0,maharashtra
251483,48705,Kalyan-Dombivli,35,Kalyan-Dombivli (M Corp.) - Ward No.35,0,,0,0,,0,0,0,maharashtra
251483,48706,Kalyan-Dombivli,36,Kalyan-Dombivli (M Corp.) - Ward No.36,0,,0,0,,0,0,0,maharashtra
251483,48707,Kalyan-Dombivli,37,Kalyan-Dombivli (M Corp.) - Ward No.37,0,,0,0,,0,0,0,maharashtra
251483,48708,Kalyan-Dombivli,38,Kalyan-Dombivli (M Corp.) - Ward No.38,0,,0,0,,0,0,0,maharashtra
251483,48709,Kalyan-Dombivli,39,Kalyan-Dombivli (M Corp.) - Ward No.39,0,,0,0,,0,0,0,maharashtra
251483,48674,Kalyan-Dombivli,4,Kalyan-Dombivli (M Corp.) - Ward No.4,0,,0,0,,0,0,0,maharashtra
251483,48710,Kalyan-Dombivli,40,Kalyan-Dombivli (M Corp.) - Ward No.40,0,,0,0,,0,0,0,maharashtra
251483,48864,Kalyan-Dombivli,41,Kalyan-Dombivli (M Corp.) - Ward No.41,0,,0,0,,0,0,0,maharashtra
251483,48865,Kalyan-Dombivli,42,Kalyan-Dombivli (M Corp.) - Ward No.42,0,,0,0,,0,0,0,maharashtra
251483,48866,Kalyan-Dombivli,43,Kalyan-Dombivli (M Corp.) - Ward No.43,0,,0,0,,0,0,0,maharashtra
251483,48867,Kalyan-Dombivli,44,Kalyan-Dombivli (M Corp.) - Ward No.44,0,,0,0,,0,0,0,maharashtra
251483,48868,Kalyan-Dombivli,45,Kalyan-Dombivli (M Corp.) - Ward No.45,0,,0,0,,0,0,0,maharashtra
251483,48869,Kalyan-Dombivli,46,Kalyan-Dombivli (M Corp.) - Ward No.46,0,,0,0,,0,0,0,maharashtra
251483,48870,Kalyan-Dombivli,47,Kalyan-Dombivli (M Corp.) - Ward No.47,0,,0,0,,0,0,0,maharashtra
251483,48871,Kalyan-Dombivli,48,Kalyan-Dombivli (M Corp.) - Ward No.48,0,,0,0,,0,0,0,maharashtra
251483,48872,Kalyan-Dombivli,49,Kalyan-Dombivli (M Corp.) - Ward No.49,0,,0,0,,0,0,0,maharashtra
251483,48675,Kalyan-Dombivli,5,Kalyan-Dombivli (M Corp.) - Ward No.5,0,,0,0,,0,0,0,maharashtra
251483,48873,Kalyan-Dombivli,50,Kalyan-Dombivli (M Corp.) - Ward No.50,0,,0,0,,0,0,0,maharashtra
251483,48874,Kalyan-Dombivli,51,Kalyan-Dombivli (M Corp.) - Ward No.51,0,,0,0,,0,0,0,maharashtra
251483,48875,Kalyan-Dombivli,52,Kalyan-Dombivli (M Corp.) - Ward No.52,0,,0,0,,0,0,0,maharashtra
251483,48876,Kalyan-Dombivli,53,Kalyan-Dombivli (M Corp.) - Ward No.53,0,,0,0,,0,0,0,maharashtra
251483,48877,Kalyan-Dombivli,54,Kalyan-Dombivli (M Corp.) - Ward No.54,0,,0,0,,0,0,0,maharashtra
251483,48878,Kalyan-Dombivli,55,Kalyan-Dombivli (M Corp.) - Ward No.55,0,,0,0,,0,0,0,maharashtra
251483,48879,Kalyan-Dombivli,56,Kalyan-Dombivli (M Corp.) - Ward No.56,0,,0,0,,0,0,0,maharashtra
251483,48880,Kalyan-Dombivli,57,Kalyan-Dombivli (M Corp.) - Ward No.57,0,,0,0,,0,0,0,maharashtra
251483,48881,Kalyan-Dombivli,58,Kalyan-Dombivli (M Corp.) - Ward No.58,0,,0,0,,0,0,0,maharashtra
251483,48882,Kalyan-Dombivli,59,Kalyan-Dombivli (M Corp.) - Ward No.59,0,,0,0,,0,0,0,maharashtra
251483,48676,Kalyan-Dombivli,6,Kalyan-Dombivli (M Corp.) - Ward No.6,0,,0,0,,0,0,0,maharashtra
251483,48883,Kalyan-Dombivli,60,Kalyan-Dombivli (M Corp.) - Ward No.60,0,,0,0,,0,0,0,maharashtra
251483,48884,Kalyan-Dombivli,61,Kalyan-Dombivli (M Corp.) - Ward No.61,0,,0,0,,0,0,0,maharashtra
251483,48885,Kalyan-Dombivli,62,Kalyan-Dombivli (M Corp.) - Ward No.62,0,,0,0,,0,0,0,maharashtra
251483,48886,Kalyan-Dombivli,63,Kalyan-Dombivli (M Corp.) - Ward No.63,0,,0,0,,0,0,0,maharashtra
251483,48887,Kalyan-Dombivli,64,Kalyan-Dombivli (M Corp.) - Ward No.64,0,,0,0,,0,0,0,maharashtra
251483,48888,Kalyan-Dombivli,65,Kalyan-Dombivli (M Corp.) - Ward No.65,0,,0,0,,0,0,0,maharashtra
251483,48889,Kalyan-Dombivli,66,Kalyan-Dombivli (M Corp.) - Ward No.66,0,,0,0,,0,0,0,maharashtra
251483,48890,Kalyan-Dombivli,67,Kalyan-Dombivli (M Corp.) - Ward No.67,0,,0,0,,0,0,0,maharashtra
251483,48891,Kalyan-Dombivli,68,Kalyan-Dombivli (M Corp.) - Ward No.68,0,,0,0,,0,0,0,maharashtra
251483,48892,Kalyan-Dombivli,69,Kalyan-Dombivli (M Corp.) - Ward No.69,0,,0,0,,0,0,0,maharashtra
251483,48677,Kalyan-Dombivli,7,Kalyan-Dombivli (M Corp.) - Ward No.7,0,,0,0,,0,0,0,maharashtra
251483,48893,Kalyan-Dombivli,70,Kalyan-Dombivli (M Corp.) - Ward No.70,0,,0,0,,0,0,0,maharashtra
251483,48894,Kalyan-Dombivli,71,Kalyan-Dombivli (M Corp.) - Ward No.71,0,,0,0,,0,0,0,maharashtra
251483,48895,Kalyan-Dombivli,72,Kalyan-Dombivli (M Corp.) - Ward No.72,0,,0,0,,0,0,0,maharashtra
251483,48896,Kalyan-Dombivli,73,Kalyan-Dombivli (M Corp.) - Ward No.73,0,,0,0,,0,0,0,maharashtra
251483,48897,Kalyan-Dombivli,74,Kalyan-Dombivli (M Corp.) - Ward No.74,0,,0,0,,0,0,0,maharashtra
251483,48898,Kalyan-Dombivli,75,Kalyan-Dombivli (M Corp.) - Ward No.75,0,,0,0,,0,0,0,maharashtra
251483,48899,Kalyan-Dombivli,76,Kalyan-Dombivli (M Corp.) - Ward No.76,0,,0,0,,0,0,0,maharashtra
251483,48900,Kalyan-Dombivli,77,Kalyan-Dombivli (M Corp.) - Ward No.77,0,,0,0,,0,0,0,maharashtra
251483,48901,Kalyan-Dombivli,78,Kalyan-Dombivli (M Corp.) - Ward No.78,0,,0,0,,0,0,0,maharashtra
251483,48902,Kalyan-Dombivli,79,Kalyan-Dombivli (M Corp.) - Ward No.79,0,,0,0,,0,0,0,maharashtra
251483,48678,Kalyan-Dombivli,8,Kalyan-Dombivli (M Corp.) - Ward No.8,0,,0,0,,0,0,0,maharashtra
251483,48903,Kalyan-Dombivli,80,Kalyan-Dombivli (M Corp.) - Ward No.80,0,,0,0,,0,0,0,maharashtra
251483,48904,Kalyan-Dombivli,81,Kalyan-Dombivli (M Corp.) - Ward No.81,0,,0,0,,0,0,0,maharashtra
251483,48905,Kalyan-Dombivli,82,Kalyan-Dombivli (M Corp.) - Ward No.82,0,,0,0,,0,0,0,maharashtra
251483,48906,Kalyan-Dombivli,83,Kalyan-Dombivli (M Corp.) - Ward No.83,0,,0,0,,0,0,0,maharashtra
251483,48907,Kalyan-Dombivli,84,Kalyan-Dombivli (M Corp.) - Ward No.84,0,,0,0,,0,0,0,maharashtra
251483,48908,Kalyan-Dombivli,85,Kalyan-Dombivli (M Corp.) - Ward No.85,0,,0,0,,0,0,0,maharashtra
251483,48909,Kalyan-Dombivli,86,Kalyan-Dombivli (M Corp.) - Ward No.86,0,,0,0,,0,0,0,maharashtra
251483,48910,Kalyan-Dombivli,87,Kalyan-Dombivli (M Corp.) - Ward No.87,0,,0,0,,0,0,0,maharashtra
251483,48911,Kalyan-Dombivli,88,Kalyan-Dombivli (M Corp.) - Ward No.88,0,,0,0,,0,0,0,maharashtra
251483,48912,Kalyan-Dombivli,89,Kalyan-Dombivli (M Corp.) - Ward No.89,0,,0,0,,0,0,0,maharashtra
251483,48679,Kalyan-Dombivli,9,Kalyan-Dombivli (M Corp.) - Ward No.9,0,,0,0,,0,0,0,maharashtra
251483,48913,Kalyan-Dombivli,90,Kalyan-Dombivli (M Corp.) - Ward No.90,0,,0,0,,0,0,0,maharashtra
251483,48914,Kalyan-Dombivli,91,Kalyan-Dombivli (M Corp.) - Ward No.91,0,,0,0,,0,0,0,maharashtra
251483,48915,Kalyan-Dombivli,92,Kalyan-Dombivli (M Corp.) - Ward No.92,0,,0,0,,0,0,0,maharashtra
251483,48916,Kalyan-Dombivli,93,Kalyan-Dombivli (M Corp.) - Ward No.93,0,,0,0,,0,0,0,maharashtra
251483,48917,Kalyan-Dombivli,94,Kalyan-Dombivli (M Corp.) - Ward No.94,0,,0,0,,0,0,0,maharashtra
251483,48918,Kalyan-Dombivli,95,Kalyan-Dombivli (M Corp.) - Ward No.95,0,,0,0,,0,0,0,maharashtra
251483,48919,Kalyan-Dombivli,96,Kalyan-Dombivli (M Corp.) - Ward No.96,0,,0,0,,0,0,0,maharashtra
251483,2517857,Kalyan-Dombivli,97,Kalyan-Dombivli (M Corp.) - Ward No.97,0,,0,0,,0,0,0,maharashtra
251483,2517858,Kalyan-Dombivli,98,Kalyan-Dombivli (M Corp.) - Ward No.98,0,,0,0,,0,0,0,maharashtra
251483,2517859,Kalyan-Dombivli,99,Kalyan-Dombivli (M Corp.) - Ward No.99,0,,0,0,,0,0,0,maharashtra
251356,46743,Kamptee,1,Kamptee (M Cl) Ward No.1,0,,0,0,,0,0,0,maharashtra
251356,46752,Kamptee,10,Kamptee (M Cl) Ward No.10,0,,0,0,,0,0,0,maharashtra
251356,46753,Kamptee,11,Kamptee (M Cl) Ward No.11,0,,0,0,,0,0,0,maharashtra
251356,46754,Kamptee,12,Kamptee (M Cl) Ward No.12,0,,0,0,,0,0,0,maharashtra
251356,46755,Kamptee,13,Kamptee (M Cl) Ward No.13,0,,0,0,,0,0,0,maharashtra
251356,46756,Kamptee,14,Kamptee (M Cl) Ward No.14,0,,0,0,,0,0,0,maharashtra
251356,46757,Kamptee,15,Kamptee (M Cl) Ward No.15,0,,0,0,,0,0,0,maharashtra
251356,46758,Kamptee,16,Kamptee (M Cl) Ward No.16,0,,0,0,,0,0,0,maharashtra
251356,46744,Kamptee,2,Kamptee (M Cl) Ward No.2,0,,0,0,,0,0,0,maharashtra
251356,46745,Kamptee,3,Kamptee (M Cl) Ward No.3,0,,0,0,,0,0,0,maharashtra
251356,46746,Kamptee,4,Kamptee (M Cl) Ward No.4,0,,0,0,,0,0,0,maharashtra
251356,46747,Kamptee,5,Kamptee (M Cl) Ward No.5,0,,0,0,,0,0,0,maharashtra
251356,46748,Kamptee,6,Kamptee (M Cl) Ward No.6,0,,0,0,,0,0,0,maharashtra
251356,46749,Kamptee,7,Kamptee (M Cl) Ward No.7,0,,0,0,,0,0,0,maharashtra
251356,46750,Kamptee,8,Kamptee (M Cl) Ward No.8,0,,0,0,,0,0,0,maharashtra
251356,46751,Kamptee,9,Kamptee (M Cl) Ward No.9,0,,0,0,,0,0,0,maharashtra
251408,47452,Kandhar,1,Ward No. 1,0,,0,0,,0,0,0,maharashtra
251408,47453,Kandhar,2,Ward No. 2,0,,0,0,,0,0,0,maharashtra
251408,47454,Kandhar,3,Ward No. 3,0,,0,0,,0,0,0,maharashtra
251408,47455,Kandhar,4,Ward No. 4,0,,0,0,,0,0,0,maharashtra
251408,47456,Kandhar,5,Ward No. 5,0,,0,0,,0,0,0,maharashtra
251408,47457,Kandhar,6,Ward No. 6,0,,0,0,,0,0,0,maharashtra
251408,47458,Kandhar,7,Ward No. 7,0,,0,0,,0,0,0,maharashtra
251408,47459,Kandhar,8,Ward No. 8,0,,0,0,,0,0,0,maharashtra
301086,3246136,Kandri Kanhan Nagar Panchayat,1,Kandri (Kanhan) (N P) Ward No. 1,0,,0,0,,0,0,0,maharashtra
301086,3246137,Kandri Kanhan Nagar Panchayat,2,Kandri (Kanhan) (N P) Ward No. 2,0,,0,0,,0,0,0,maharashtra
301086,3246138,Kandri Kanhan Nagar Panchayat,3,Kandri (Kanhan) (N P) Ward No. 3,0,,0,0,,0,0,0,maharashtra
301086,3246139,Kandri Kanhan Nagar Panchayat,4,Kandri (Kanhan) (N P) Ward No. 4,0,,0,0,,0,0,0,maharashtra
301086,3246140,Kandri Kanhan Nagar Panchayat,5,Kandri (Kanhan) (N P) Ward No. 5,0,,0,0,,0,0,0,maharashtra
301086,3246141,Kandri Kanhan Nagar Panchayat,6,Kandri (Kanhan) (N P) Ward No. 6,0,,0,0,,0,0,0,maharashtra
251350,46715,Kanhan - Pipri,1,Kanhan Pipri (M Cl) Ward No.1,0,,0,0,,0,0,0,maharashtra
251350,46716,Kanhan - Pipri,2,Kanhan Pipri (M Cl) Ward No.2,0,,0,0,,0,0,0,maharashtra
251350,46717,Kanhan - Pipri,3,Kanhan Pipri (M Cl) Ward No.3,0,,0,0,,0,0,0,maharashtra
251350,46718,Kanhan - Pipri,4,Kanhan Pipri (M Cl) Ward No.4,0,,0,0,,0,0,0,maharashtra
251350,46719,Kanhan - Pipri,5,Kanhan Pipri (M Cl) Ward No.5,0,,0,0,,0,0,0,maharashtra
251350,2049996,Kanhan - Pipri,6,Kanhan Pipri (M Cl) Ward No. 6,0,,0,0,,0,0,0,maharashtra
251350,2049997,Kanhan - Pipri,7,Kanhan Pipri (M Cl) Ward No. 7,0,,0,0,,0,0,0,maharashtra
251350,2049998,Kanhan - Pipri,8,Kanhan Pipri (M Cl) Ward No. 8,0,,0,0,,0,0,0,maharashtra
251609,73180,Kankavli,1,Kankavli (CT) - Ward No.1,0,,0,0,,0,0,0,maharashtra
251609,1304870,Kankavli,10,Kankavli (CT) - Ward No. 10,0,,0,0,,0,0,0,maharashtra
251609,1304871,Kankavli,11,Kankavli (CT) - Ward No. 11,0,,0,0,,0,0,0,maharashtra
251609,1304872,Kankavli,12,Kankavli (CT) - Ward No. 12,0,,0,0,,0,0,0,maharashtra
251609,1304873,Kankavli,13,Kankavli (CT) - Ward No. 13,0,,0,0,,0,0,0,maharashtra
251609,1304874,Kankavli,14,Kankavli (CT) - Ward No. 14,0,,0,0,,0,0,0,maharashtra
251609,1304875,Kankavli,15,Kankavli (CT) - Ward No. 15,0,,0,0,,0,0,0,maharashtra
251609,1304876,Kankavli,16,Kankavli (CT) - Ward No. 16,0,,0,0,,0,0,0,maharashtra
251609,1304877,Kankavli,17,Kankavli (CT) - Ward No. 17,0,,0,0,,0,0,0,maharashtra
251609,1304862,Kankavli,2,Kankavli (CT) - Ward No. 2,0,,0,0,,0,0,0,maharashtra
251609,1304863,Kankavli,3,Kankavli (CT) - Ward No. 3,0,,0,0,,0,0,0,maharashtra
251609,1304864,Kankavli,4,Kankavli (CT) - Ward No. 4,0,,0,0,,0,0,0,maharashtra
251609,1304865,Kankavli,5,Kankavli (CT) - Ward No. 5,0,,0,0,,0,0,0,maharashtra
251609,1304866,Kankavli,6,Kankavli (CT) - Ward No. 6,0,,0,0,,0,0,0,maharashtra
251609,1304867,Kankavli,7,Kankavli (CT) - Ward No. 7,0,,0,0,,0,0,0,maharashtra
251609,1304868,Kankavli,8,Kankavli (CT) - Ward No. 8,0,,0,0,,0,0,0,maharashtra
251609,1304869,Kankavli,9,Kankavli (CT) - Ward No. 9,0,,0,0,,0,0,0,maharashtra
251426,61725,Kannad,1,Ward No.1,0,,0,0,,0,0,0,maharashtra
251426,61734,Kannad,10,Ward No.10,0,,0,0,,0,0,0,maharashtra
251426,61735,Kannad,11,Ward No.11,0,,0,0,,0,0,0,maharashtra
251426,3318415,Kannad,12,Ward No.12,0,,0,0,,0,0,0,maharashtra
251426,61726,Kannad,2,Ward No.2,0,,0,0,,0,0,0,maharashtra
251426,61727,Kannad,3,Ward No.3,0,,0,0,,0,0,0,maharashtra
251426,61728,Kannad,4,Ward No.4,0,,0,0,,0,0,0,maharashtra
251426,61729,Kannad,5,Ward No.5,0,,0,0,,0,0,0,maharashtra
251426,61730,Kannad,6,Ward No.6,0,,0,0,,0,0,0,maharashtra
251426,61731,Kannad,7,Ward No.7,0,,0,0,,0,0,0,maharashtra
251426,61732,Kannad,8,Ward No.8,0,,0,0,,0,0,0,maharashtra
251426,61733,Kannad,9,Ward No.9,0,,0,0,,0,0,0,maharashtra
251598,72161,Karad,1,Karad (M Cl) Ward No1,0,,0,0,,0,0,0,maharashtra
251598,72170,Karad,10,Karad (M Cl) Ward No. 10,0,,0,0,,0,0,0,maharashtra
251598,72171,Karad,11,Karad (M Cl) Ward No. 11,0,,0,0,,0,0,0,maharashtra
251598,72172,Karad,12,Karad (M Cl) Ward No. 12,0,,0,0,,0,0,0,maharashtra
251598,72173,Karad,13,Karad (M Cl) Ward No. 13,0,,0,0,,0,0,0,maharashtra
251598,72174,Karad,14,Karad (M Cl) Ward No. 14,0,,0,0,,0,0,0,maharashtra
251598,72162,Karad,2,Karad (M Cl) Ward No. 2,0,,0,0,,0,0,0,maharashtra
251598,72163,Karad,3,Karad (M Cl) Ward No. 3,0,,0,0,,0,0,0,maharashtra
251598,72164,Karad,4,Karad (M Cl) Ward No. 4,0,,0,0,,0,0,0,maharashtra
251598,72165,Karad,5,Karad (M Cl) Ward No. 5,0,,0,0,,0,0,0,maharashtra
251598,72166,Karad,6,Karad (M Cl) Ward No. 6,0,,0,0,,0,0,0,maharashtra
251598,72167,Karad,7,Karad (M Cl) Ward No. 7,0,,0,0,,0,0,0,maharashtra
251598,72168,Karad,8,Karad (M Cl) Ward No. 8,0,,0,0,,0,0,0,maharashtra
251598,72169,Karad,9,Karad (M Cl) Ward No. 9,0,,0,0,,0,0,0,maharashtra
251318,3257366,Karanja,1,Ward No. 1,0,,0,0,,0,0,0,maharashtra
251318,3257375,Karanja,10,Ward No. 10,0,,0,0,,0,0,0,maharashtra
251318,3257376,Karanja,11,Ward No. 11,0,,0,0,,0,0,0,maharashtra
251318,3257377,Karanja,12,Ward No.12,0,,0,0,,0,0,0,maharashtra
251318,3257378,Karanja,13,Ward No. 13,0,,0,0,,0,0,0,maharashtra
251318,3257379,Karanja,14,Ward No. 14,0,,0,0,,0,0,0,maharashtra
251318,3257380,Karanja,15,Ward No.15,0,,0,0,,0,0,0,maharashtra
251318,3257367,Karanja,2,Ward No. 2,0,,0,0,,0,0,0,maharashtra
251318,3257368,Karanja,3,Ward No. 3,0,,0,0,,0,0,0,maharashtra
251318,3257369,Karanja,4,Ward No. 4,0,,0,0,,0,0,0,maharashtra
251318,3257370,Karanja,5,Ward No. 5,0,,0,0,,0,0,0,maharashtra
251318,3257371,Karanja,6,Ward No.6,0,,0,0,,0,0,0,maharashtra
251318,3257372,Karanja,7,Ward No. 7,0,,0,0,,0,0,0,maharashtra
251318,3257373,Karanja,8,Ward No.8,0,,0,0,,0,0,0,maharashtra
251318,3257374,Karanja,9,Ward No.9,0,,0,0,,0,0,0,maharashtra
276633,2005838,Karanja Wardha,1,Ward No.1,0,,0,0,,0,0,0,maharashtra
276633,2005847,Karanja Wardha,10,Ward No.10,0,,0,0,,0,0,0,maharashtra
276633,2005848,Karanja Wardha,11,Ward No.11,0,,0,0,,0,0,0,maharashtra
276633,2005849,Karanja Wardha,12,Ward No.12,0,,0,0,,0,0,0,maharashtra
276633,2005850,Karanja Wardha,13,Ward No.13,0,,0,0,,0,0,0,maharashtra
276633,2005851,Karanja Wardha,14,Ward No.14,0,,0,0,,0,0,0,maharashtra
276633,2005852,Karanja Wardha,15,Ward No.15,0,,0,0,,0,0,0,maharashtra
276633,2005853,Karanja Wardha,16,Ward No.16,0,,0,0,,0,0,0,maharashtra
276633,2005854,Karanja Wardha,17,Ward No.17,0,,0,0,,0,0,0,maharashtra
276633,2005839,Karanja Wardha,2,Ward No.2,0,,0,0,,0,0,0,maharashtra
276633,2005840,Karanja Wardha,3,Ward No.3,0,,0,0,,0,0,0,maharashtra
276633,2005841,Karanja Wardha,4,Ward No.4,0,,0,0,,0,0,0,maharashtra
276633,2005842,Karanja Wardha,5,Ward No.5,0,,0,0,,0,0,0,maharashtra
276633,2005843,Karanja Wardha,6,Ward No.6,0,,0,0,,0,0,0,maharashtra
276633,2005844,Karanja Wardha,7,Ward No.7,0,,0,0,,0,0,0,maharashtra
276633,2005845,Karanja Wardha,8,Ward No.8,0,,0,0,,0,0,0,maharashtra
276633,2005846,Karanja Wardha,9,Ward No.9,0,,0,0,,0,0,0,maharashtra
275729,2405380,Karjat,1,Karjat (NP) - Ward No.1,0,,0,0,,0,0,0,maharashtra
275729,2405389,Karjat,10,Karjat (NP) - Ward No.10,0,,0,0,,0,0,0,maharashtra
275729,2405390,Karjat,11,Karjat (NP) - Ward No.11,0,,0,0,,0,0,0,maharashtra
275729,2405391,Karjat,12,Karjat (NP) - Ward No.12,0,,0,0,,0,0,0,maharashtra
275729,2405392,Karjat,13,Karjat (NP) - Ward No.13,0,,0,0,,0,0,0,maharashtra
275729,2405393,Karjat,14,Karjat (NP) - Ward No.14,0,,0,0,,0,0,0,maharashtra
275729,2405394,Karjat,15,Karjat (NP) - Ward No.15,0,,0,0,,0,0,0,maharashtra
275729,2405395,Karjat,16,Karjat (NP) - Ward No.16,0,,0,0,,0,0,0,maharashtra
275729,2405396,Karjat,17,Karjat (NP) - Ward No.17,0,,0,0,,0,0,0,maharashtra
275729,2405381,Karjat,2,Karjat (NP) - Ward No.2,0,,0,0,,0,0,0,maharashtra
275729,2405382,Karjat,3,Karjat (NP) - Ward No.3,0,,0,0,,0,0,0,maharashtra
275729,2405383,Karjat,4,Karjat (NP) - Ward No.4,0,,0,0,,0,0,0,maharashtra
275729,2405384,Karjat,5,Karjat (NP) - Ward No.5,0,,0,0,,0,0,0,maharashtra
275729,2405385,Karjat,6,Karjat (NP) - Ward No.6,0,,0,0,,0,0,0,maharashtra
275729,2405386,Karjat,7,Karjat (NP) - Ward No.7,0,,0,0,,0,0,0,maharashtra
275729,2405387,Karjat,8,Karjat (NP) - Ward No.8,0,,0,0,,0,0,0,maharashtra
275729,2405388,Karjat,9,Karjat (NP) - Ward No.9,0,,0,0,,0,0,0,maharashtra
251498,49205,Karjat,1,Ward No.1,0,,0,0,,0,0,0,maharashtra
251498,3257323,Karjat,10,Ward No.10,0,,0,0,,0,0,0,maharashtra
251498,49206,Karjat,2,Ward No.2,0,,0,0,,0,0,0,maharashtra
251498,49207,Karjat,3,Ward No.3,0,,0,0,,0,0,0,maharashtra
251498,49208,Karjat,4,Ward No.4,0,,0,0,,0,0,0,maharashtra
251498,49209,Karjat,5,Ward No.5,0,,0,0,,0,0,0,maharashtra
251498,49210,Karjat,6,Ward No.6,0,,0,0,,0,0,0,maharashtra
251498,49211,Karjat,7,Ward No.7,0,,0,0,,0,0,0,maharashtra
251498,49212,Karjat,8,Ward No.8,0,,0,0,,0,0,0,maharashtra
251498,49213,Karjat,9,Ward No.9,0,,0,0,,0,0,0,maharashtra
251574,77269,Karmala,1,Karmala (M Cl) - Ward No.1,0,,0,0,,0,0,0,maharashtra
251574,77278,Karmala,10,Karmala (M Cl) - Ward No.10,0,,0,0,,0,0,0,maharashtra
251574,77279,Karmala,11,Karmala (M Cl) - Ward No.11,0,,0,0,,0,0,0,maharashtra
251574,77280,Karmala,12,Karmala (M Cl) - Ward No.12,0,,0,0,,0,0,0,maharashtra
251574,77281,Karmala,13,Karmala (M Cl) - Ward No.13,0,,0,0,,0,0,0,maharashtra
251574,77282,Karmala,14,Karmala (M Cl) - Ward No.14,0,,0,0,,0,0,0,maharashtra
251574,77283,Karmala,15,Karmala (M Cl) - Ward No.15,0,,0,0,,0,0,0,maharashtra
251574,77284,Karmala,16,Karmala (M Cl) - Ward No.16,0,,0,0,,0,0,0,maharashtra
251574,77285,Karmala,17,Karmala (M Cl) - Ward No.17,0,,0,0,,0,0,0,maharashtra
251574,77270,Karmala,2,Karmala (M Cl) - Ward No.2,0,,0,0,,0,0,0,maharashtra
251574,77271,Karmala,3,Karmala (M Cl) - Ward No.3,0,,0,0,,0,0,0,maharashtra
251574,77272,Karmala,4,Karmala (M Cl) - Ward No.4,0,,0,0,,0,0,0,maharashtra
251574,77273,Karmala,5,Karmala (M Cl) - Ward No.5,0,,0,0,,0,0,0,maharashtra
251574,77274,Karmala,6,Karmala (M Cl) - Ward No.6,0,,0,0,,0,0,0,maharashtra
251574,77275,Karmala,7,Karmala (M Cl) - Ward No.7,0,,0,0,,0,0,0,maharashtra
251574,77276,Karmala,8,Karmala (M Cl) - Ward No.8,0,,0,0,,0,0,0,maharashtra
251574,77277,Karmala,9,Karmala (M Cl) - Ward No.9,0,,0,0,,0,0,0,maharashtra
263884,1304878,Kasai Dodamarg,1,Ward No.1,0,,0,0,,0,0,0,maharashtra
263884,1304887,Kasai Dodamarg,10,Ward No. 10,0,,0,0,,0,0,0,maharashtra
263884,1304888,Kasai Dodamarg,11,Ward No. 11,0,,0,0,,0,0,0,maharashtra
263884,1304889,Kasai Dodamarg,12,Ward No. 12,0,,0,0,,0,0,0,maharashtra
263884,1304890,Kasai Dodamarg,13,Ward No. 13,0,,0,0,,0,0,0,maharashtra
263884,1304891,Kasai Dodamarg,14,Ward No. 14,0,,0,0,,0,0,0,maharashtra
263884,1304892,Kasai Dodamarg,15,Ward No. 15,0,,0,0,,0,0,0,maharashtra
263884,1304893,Kasai Dodamarg,16,Ward No. 16,0,,0,0,,0,0,0,maharashtra
263884,1304894,Kasai Dodamarg,17,Ward No. 17,0,,0,0,,0,0,0,maharashtra
263884,1304879,Kasai Dodamarg,2,Ward No. 2,0,,0,0,,0,0,0,maharashtra
263884,1304880,Kasai Dodamarg,3,Ward No. 3,0,,0,0,,0,0,0,maharashtra
263884,1304881,Kasai Dodamarg,4,Ward No. 4,0,,0,0,,0,0,0,maharashtra
263884,1304882,Kasai Dodamarg,5,Ward No. 5,0,,0,0,,0,0,0,maharashtra
263884,1304883,Kasai Dodamarg,6,Ward No. 6,0,,0,0,,0,0,0,maharashtra
263884,1304884,Kasai Dodamarg,7,Ward No. 7,0,,0,0,,0,0,0,maharashtra
263884,1304885,Kasai Dodamarg,8,Ward No. 8,0,,0,0,,0,0,0,maharashtra
263884,1304886,Kasai Dodamarg,9,Ward No. 9,0,,0,0,,0,0,0,maharashtra
251341,46349,Katol,1,Katol (M Cl) Ward No.1,0,,0,0,,0,0,0,maharashtra
251341,46358,Katol,10,Katol (M Cl) Ward No.10,0,,0,0,,0,0,0,maharashtra
251341,46359,Katol,11,Katol (M Cl) Ward No.11,0,,0,0,,0,0,0,maharashtra
251341,46350,Katol,2,Katol (M Cl) Ward No.2,0,,0,0,,0,0,0,maharashtra
251341,46351,Katol,3,Katol (M Cl) Ward No.3,0,,0,0,,0,0,0,maharashtra
251341,46352,Katol,4,Katol (M Cl) Ward No.4,0,,0,0,,0,0,0,maharashtra
251341,46353,Katol,5,Katol (M Cl) Ward No.5,0,,0,0,,0,0,0,maharashtra
251341,46354,Katol,6,Katol (M Cl) Ward No.6,0,,0,0,,0,0,0,maharashtra
251341,46355,Katol,7,Katol (M Cl) Ward No.7,0,,0,0,,0,0,0,maharashtra
251341,46356,Katol,8,Katol (M Cl) Ward No.8,0,,0,0,,0,0,0,maharashtra
251341,46357,Katol,9,Katol (M Cl) Ward No.9,0,,0,0,,0,0,0,maharashtra
276346,1727406,Kavthemahankal,1,Kavathe Mahankal (Mci) Ward No.1,0,,0,0,,0,0,0,maharashtra
276346,1727415,Kavthemahankal,10,Kavathe Mahankal (Mci) Ward No.10,0,,0,0,,0,0,0,maharashtra
276346,1727416,Kavthemahankal,11,Kavathe Mahankal (Mci) Ward No.11,0,,0,0,,0,0,0,maharashtra
276346,1727417,Kavthemahankal,12,Kavathe Mahankal (Mci) Ward No.12,0,,0,0,,0,0,0,maharashtra
276346,1727418,Kavthemahankal,13,Kavathe Mahankal (Mci) Ward No.13,0,,0,0,,0,0,0,maharashtra
276346,1727419,Kavthemahankal,14,Kavathe Mahankal (Mci) Ward No.14,0,,0,0,,0,0,0,maharashtra
276346,1727420,Kavthemahankal,15,Kavathe Mahankal (Mci) Ward No.15,0,,0,0,,0,0,0,maharashtra
276346,1727421,Kavthemahankal,16,Kavathe Mahankal (Mci) Ward No.16,0,,0,0,,0,0,0,maharashtra
276346,1727422,Kavthemahankal,17,Kavathe Mahankal (Mci) Ward No.17,0,,0,0,,0,0,0,maharashtra
276346,1727407,Kavthemahankal,2,Kavathe Mahankal (Mci) Ward No.2,0,,0,0,,0,0,0,maharashtra
276346,1727408,Kavthemahankal,3,Kavathe Mahankal (Mci) Ward No.3,0,,0,0,,0,0,0,maharashtra
276346,1727409,Kavthemahankal,4,Kavathe Mahankal (Mci) Ward No.4,0,,0,0,,0,0,0,maharashtra
276346,1727410,Kavthemahankal,5,Kavathe Mahankal (Mci) Ward No.5,0,,0,0,,0,0,0,maharashtra
276346,1727411,Kavthemahankal,6,Kavathe Mahankal (Mci) Ward No.6,0,,0,0,,0,0,0,maharashtra
276346,1727412,Kavthemahankal,7,Kavathe Mahankal (Mci) Ward No.7,0,,0,0,,0,0,0,maharashtra
276346,1727413,Kavthemahankal,8,Kavathe Mahankal (Mci) Ward No.8,0,,0,0,,0,0,0,maharashtra
276346,1727414,Kavthemahankal,9,Kavathe Mahankal (Mci) Ward No.9,0,,0,0,,0,0,0,maharashtra
276267,1306320,Khalapur,17,Aadivasi Wadi,0,,0,0,,0,0,0,maharashtra
276267,1306313,Khalapur,10,Bajarpeth,0,,0,0,,0,0,0,maharashtra
276267,1306318,Khalapur,15,Bramhan Ali,0,,0,0,,0,0,0,maharashtra
276267,1306314,Khalapur,11,Chalke Ali,0,,0,0,,0,0,0,maharashtra
276267,1306308,Khalapur,5,Dandwadi,0,,0,0,,0,0,0,maharashtra
276267,1306315,Khalapur,12,Farat Ali,0,,0,0,,0,0,0,maharashtra
276267,1306319,Khalapur,16,Gurav Ali,0,,0,0,,0,0,0,maharashtra
276267,1306311,Khalapur,8,Khadak Ali,0,,0,0,,0,0,0,maharashtra
276267,1306317,Khalapur,14,Kranti Nagar,0,,0,0,,0,0,0,maharashtra
276267,1306316,Khalapur,13,Kumbhar Ali,0,,0,0,,0,0,0,maharashtra
276267,1306312,Khalapur,9,More wadi,0,,0,0,,0,0,0,maharashtra
276267,1306307,Khalapur,4,Nimbode,0,,0,0,,0,0,0,maharashtra
276267,1306310,Khalapur,7,Patil Ali,0,,0,0,,0,0,0,maharashtra
276267,1306304,Khalapur,1,Sabai nagar,0,,0,0,,0,0,0,maharashtra
276267,1306305,Khalapur,2,Shirwali Wadi,0,,0,0,,0,0,0,maharashtra
276267,1306309,Khalapur,6,Vanve Gaon,0,,0,0,,0,0,0,maharashtra
276267,1306306,Khalapur,3,Vanve wadi,0,,0,0,,0,0,0,maharashtra
251302,64603,Khamgaon,1,Amrut Nagar,0,,0,0,,0,0,0,maharashtra
251302,64616,Khamgaon,14,Balapur Fail,0,,0,0,,0,0,0,maharashtra
251302,64618,Khamgaon,16,Barde Plot,0,,0,0,,0,0,0,maharashtra
251302,64609,Khamgaon,7,Chandmari,0,,0,0,,0,0,0,maharashtra
251302,64614,Khamgaon,12,Dal Fail,0,,0,0,,0,0,0,maharashtra
251302,64608,Khamgaon,6,Farshi,0,,0,0,,0,0,0,maharashtra
251302,64605,Khamgaon,3,Gajanan Colony,0,,0,0,,0,0,0,maharashtra
251302,64613,Khamgaon,11,Gandhi Layout,0,,0,0,,0,0,0,maharashtra
251302,64612,Khamgaon,10,Gopal Nagar,0,,0,0,,0,0,0,maharashtra
251302,64617,Khamgaon,15,Gupta Plot,0,,0,0,,0,0,0,maharashtra
251302,64607,Khamgaon,5,Raigad Colny,0,,0,0,,0,0,0,maharashtra
251302,64606,Khamgaon,4,Railway Satation,0,,0,0,,0,0,0,maharashtra
251302,64604,Khamgaon,2,Samata Nagar,0,,0,0,,0,0,0,maharashtra
251302,64615,Khamgaon,13,Sati Fail,0,,0,0,,0,0,0,maharashtra
251302,64611,Khamgaon,9,Shivaji Nagar,0,,0,0,,0,0,0,maharashtra
251302,64610,Khamgaon,8,Shivaji Ves,0,,0,0,,0,0,0,maharashtra
276348,1728047,Khanapur,1,Khanapur (Mci) Ward No.1,0,,0,0,,0,0,0,maharashtra
276348,1728056,Khanapur,10,Khanapur (Mci) Ward No.10,0,,0,0,,0,0,0,maharashtra
276348,1728057,Khanapur,11,Khanapur (Mci) Ward No.11,0,,0,0,,0,0,0,maharashtra
276348,1728058,Khanapur,12,Khanapur (Mci) Ward No.12,0,,0,0,,0,0,0,maharashtra
276348,1728059,Khanapur,13,Khanapur (Mci) Ward No.13,0,,0,0,,0,0,0,maharashtra
276348,1728060,Khanapur,14,Khanapur (Mci) Ward No.14,0,,0,0,,0,0,0,maharashtra
276348,1728061,Khanapur,15,Khanapur (Mci) Ward No.15,0,,0,0,,0,0,0,maharashtra
276348,1728062,Khanapur,16,Khanapur (Mci) Ward No.16,0,,0,0,,0,0,0,maharashtra
276348,1728063,Khanapur,17,Khanapur (Mci) Ward No.17,0,,0,0,,0,0,0,maharashtra
276348,1728048,Khanapur,2,Khanapur (Mci) Ward No.2,0,,0,0,,0,0,0,maharashtra
276348,1728049,Khanapur,3,Khanapur (Mci) Ward No.3,0,,0,0,,0,0,0,maharashtra
276348,1728050,Khanapur,4,Khanapur (Mci) Ward No.4,0,,0,0,,0,0,0,maharashtra
276348,1728051,Khanapur,5,Khanapur (Mci) Ward No.5,0,,0,0,,0,0,0,maharashtra
276348,1728052,Khanapur,6,Khanapur (Mci) Ward No.6,0,,0,0,,0,0,0,maharashtra
276348,1728053,Khanapur,7,Khanapur (Mci) Ward No.7,0,,0,0,,0,0,0,maharashtra
276348,1728054,Khanapur,8,Khanapur (Mci) Ward No.8,0,,0,0,,0,0,0,maharashtra
276348,1728055,Khanapur,9,Khanapur (Mci) Ward No.9,0,,0,0,,0,0,0,maharashtra
276383,1756198,Khandala,1,Khandala Nagarpanchayat Ward No. 1,0,,0,0,,0,0,0,maharashtra
276383,1756207,Khandala,10,Khandala Nagarpanchayat Ward No. 10,0,,0,0,,0,0,0,maharashtra
276383,1756208,Khandala,11,Khandala Nagarpanchayat Ward No. 11,0,,0,0,,0,0,0,maharashtra
276383,1756209,Khandala,12,Khandala Nagarpanchayat Ward No. 12,0,,0,0,,0,0,0,maharashtra
276383,1756210,Khandala,13,Khandala Nagarpanchayat Ward No. 13,0,,0,0,,0,0,0,maharashtra
276383,1756211,Khandala,14,Khandala Nagarpanchayat Ward No. 14,0,,0,0,,0,0,0,maharashtra
276383,1756212,Khandala,15,Khandala Nagarpanchayat Ward No. 15,0,,0,0,,0,0,0,maharashtra
276383,1756213,Khandala,16,Khandala Nagarpanchayat Ward No. 16,0,,0,0,,0,0,0,maharashtra
276383,1756214,Khandala,17,Khandala Nagarpanchayat Ward No. 17,0,,0,0,,0,0,0,maharashtra
276383,1756199,Khandala,2,Khandala Nagarpanchayat Ward No. 2,0,,0,0,,0,0,0,maharashtra
276383,1756200,Khandala,3,Khandala Nagarpanchayat Ward No.3,0,,0,0,,0,0,0,maharashtra
276383,1756201,Khandala,4,Khandala Nagarpanchayat Ward No. 4,0,,0,0,,0,0,0,maharashtra
276383,1756202,Khandala,5,Khandala Nagarpanchayat Ward No. 5,0,,0,0,,0,0,0,maharashtra
276383,1756203,Khandala,6,Khandala Nagarpanchayat Ward No. 6,0,,0,0,,0,0,0,maharashtra
276383,1756204,Khandala,7,Khandala Nagarpanchayat Ward No. 7,0,,0,0,,0,0,0,maharashtra
276383,1756205,Khandala,8,Khandala Nagarpanchayat Ward No. 8,0,,0,0,,0,0,0,maharashtra
276383,1756206,Khandala,9,Khandala Nagarpanchayat Ward No. 9,0,,0,0,,0,0,0,maharashtra
251345,66272,Khapa,1,Khapa (M Cl) Ward No.1,0,,0,0,,0,0,0,maharashtra
251345,66273,Khapa,2,Khapa (M Cl) Ward No.2,0,,0,0,,0,0,0,maharashtra
251345,66274,Khapa,3,Khapa (M Cl) Ward No.3,0,,0,0,,0,0,0,maharashtra
251345,66275,Khapa,4,Khapa (M Cl) Ward No.4,0,,0,0,,0,0,0,maharashtra
251345,66276,Khapa,5,Khapa (M Cl) Ward No.5,0,,0,0,,0,0,0,maharashtra
251345,66277,Khapa,6,Khapa (M Cl) Ward No.6,0,,0,0,,0,0,0,maharashtra
251345,66278,Khapa,7,Khapa (M Cl) Ward No.7,0,,0,0,,0,0,0,maharashtra
251345,66279,Khapa,8,Khapa (M Cl) Ward No.8,0,,0,0,,0,0,0,maharashtra
251601,72187,Khed,1,Khed (M Cl) - Ward No.1,0,,0,0,,0,0,0,maharashtra
251601,72196,Khed,10,Khed (M Cl) - Ward No.10,0,,0,0,,0,0,0,maharashtra
251601,72197,Khed,11,Khed (M Cl) - Ward No.11,0,,0,0,,0,0,0,maharashtra
251601,72198,Khed,12,Khed (M Cl) - Ward No.12,0,,0,0,,0,0,0,maharashtra
251601,73128,Khed,13,Khed (M Cl) - Ward No.13,0,,0,0,,0,0,0,maharashtra
251601,73129,Khed,14,Khed (M Cl) - Ward No.14,0,,0,0,,0,0,0,maharashtra
251601,73130,Khed,15,Khed (M Cl) - Ward No.15,0,,0,0,,0,0,0,maharashtra
251601,73131,Khed,16,Khed (M Cl) - Ward No.16,0,,0,0,,0,0,0,maharashtra
251601,73132,Khed,17,Khed (M Cl) - Ward No.17,0,,0,0,,0,0,0,maharashtra
251601,72188,Khed,2,Khed (M Cl) - Ward No.2,0,,0,0,,0,0,0,maharashtra
251601,72189,Khed,3,Khed (M Cl) - Ward No.3,0,,0,0,,0,0,0,maharashtra
251601,72190,Khed,4,Khed (M Cl) - Ward No.4,0,,0,0,,0,0,0,maharashtra
251601,72191,Khed,5,Khed (M Cl) - Ward No.5,0,,0,0,,0,0,0,maharashtra
251601,72192,Khed,6,Khed (M Cl) - Ward No.6,0,,0,0,,0,0,0,maharashtra
251601,72193,Khed,7,Khed (M Cl) - Ward No.7,0,,0,0,,0,0,0,maharashtra
251601,72194,Khed,8,Khed (M Cl) - Ward No.8,0,,0,0,,0,0,0,maharashtra
251601,72195,Khed,9,Khed (M Cl) - Ward No.9,0,,0,0,,0,0,0,maharashtra
251501,55815,Khopoli,1,Ward No1,0,,0,0,,0,0,0,maharashtra
251501,55824,Khopoli,10,Ward No10,0,,0,0,,0,0,0,maharashtra
251501,55825,Khopoli,11,Ward No11,0,,0,0,,0,0,0,maharashtra
251501,55826,Khopoli,12,Ward No12,0,,0,0,,0,0,0,maharashtra
251501,55827,Khopoli,13,Ward No13,0,,0,0,,0,0,0,maharashtra
251501,55828,Khopoli,14,Ward No14,0,,0,0,,0,0,0,maharashtra
251501,3320430,Khopoli,15,Ward No15,0,,0,0,,0,0,0,maharashtra
251501,55816,Khopoli,2,Ward No2,0,,0,0,,0,0,0,maharashtra
251501,55817,Khopoli,3,Ward No3,0,,0,0,,0,0,0,maharashtra
251501,55818,Khopoli,4,Ward No4,0,,0,0,,0,0,0,maharashtra
251501,55819,Khopoli,5,Ward No5,0,,0,0,,0,0,0,maharashtra
251501,55820,Khopoli,6,Ward No6,0,,0,0,,0,0,0,maharashtra
251501,55821,Khopoli,7,Ward No7,0,,0,0,,0,0,0,maharashtra
251501,55822,Khopoli,8,Ward No8,0,,0,0,,0,0,0,maharashtra
251501,55823,Khopoli,9,Ward No9,0,,0,0,,0,0,0,maharashtra
251430,47795,Khuldabad,4,Aajamshahipura Emambada Kureshi Mohalla,0,,0,0,,0,0,0,maharashtra
251430,47796,Khuldabad,5,Bada Darvaja Saliwada,0,,0,0,,0,0,0,maharashtra
251430,47794,Khuldabad,3,Bhillawada Takarwadi Mothi Kunabi Aali,0,,0,0,,0,0,0,maharashtra
251430,47799,Khuldabad,8,Fakirwada-Wadachi Aali-Mangalpeth-Zopadpatti-Kazicha Haoud Farsh,0,,0,0,,0,0,0,maharashtra
251430,47792,Khuldabad,1,Mothi-Kunabi-aali-Panchayat-Samiti,0,,0,0,,0,0,0,maharashtra
251430,47798,Khuldabad,7,Rajiv Gandhinagar-Lahani Kunabi Aali,0,,0,0,,0,0,0,maharashtra
251430,47793,Khuldabad,2,Rajwada Bajarpeth,0,,0,0,,0,0,0,maharashtra
251430,47797,Khuldabad,6,Saliwada Guljar Mohalla Hamalwadi Saidani Ma Mangalpeth,0,,0,0,,0,0,0,maharashtra
251558,61080,Kille Dharur,1,Ward No.1 Nath Nagar-Ashok Nagar,0,,0,0,,0,0,0,maharashtra
251558,61081,Kille Dharur,2,Ward No.2 Pratibha Nagar-Laxminagar-Udaynagar,0,,0,0,,0,0,0,maharashtra
251558,61082,Kille Dharur,3,Ward No.3 Kadaribag-Wadgaonkar Galli East Area,0,,0,0,,0,0,0,maharashtra
251558,1864463,Kille Dharur,4,Ward No.4 Aydhyanagar-Peth Dhangar Wada,0,,0,0,,0,0,0,maharashtra
251558,1864464,Kille Dharur,5,Ward No.5 Katgharpura-Patel Galli,0,,0,0,,0,0,0,maharashtra
251558,1864465,Kille Dharur,6,Ward No.6 Dudhiya Galli-Wadgaonkar Galli West Area,0,,0,0,,0,0,0,maharashtra
251558,1864466,Kille Dharur,7,Ward No.7 Jadhav Galli-Khamkar Galli-Math Galli-Deshpande Galli,0,,0,0,,0,0,0,maharashtra
251558,1864467,Kille Dharur,8,Ward No.8 Shingare Galli-fule nagar-Veer Pandurang Chwok-Kasba Dhangarwada,0,,0,0,,0,0,0,maharashtra
251398,47254,Kinwat,1,Ward No.1 Mominpura-Nalagadda-Mamidguda-Vodamma Nala Road area and parts of Ramnagar,0,,0,0,,0,0,0,maharashtra
251398,47255,Kinwat,2,Ward No.2 Sathenagar Siddharthnagar Velmapura Loharagalli,0,,0,0,,0,0,0,maharashtra
251398,47256,Kinwat,3,Ward No.3 Bhoigalli-Kumbharagalli-Dhobigalli-Ramnagar-baba rmanjan,0,,0,0,,0,0,0,maharashtra
251398,47257,Kinwat,4,Ward No.4 Balakonda-Khasavagalli-Kumbharagalli-Shivaji Chowk area-Bhoigalli,0,,0,0,,0,0,0,maharashtra
251398,47258,Kinwat,5,Ward No.5 Bhagat Singh Nagar Athwadi Vazar Rajendranagar Shivajinagar Khairoddin Marg Gandhinagar FDCM,0,,0,0,,0,0,0,maharashtra
251398,47259,Kinwat,6,Ward No.6 SVM Area Vellore Kolamkheda,0,,0,0,,0,0,0,maharashtra
251398,47260,Kinwat,7,Ward No.7 Khairuddin Marg Panchayat Samiti-Sports Complex Area-Saidattnagar-Ganganagar Sai Temple and Gajanan Temple Area,0,,0,0,,0,0,0,maharashtra
251398,47261,Kinwat,8,Ward No.8 Sardarnagar Subhashnagar Area,0,,0,0,,0,0,0,maharashtra
251398,3257613,Kinwat,9,Ward No.9 Subhashnagar Area Samtanagar,0,,0,0,,0,0,0,maharashtra
251625,73388,Kolhapur,1,Ward No.1,0,,0,0,,0,0,0,maharashtra
251625,73397,Kolhapur,10,Ward No.10,0,,0,0,,0,0,0,maharashtra
251625,73398,Kolhapur,11,Ward No.11,0,,0,0,,0,0,0,maharashtra
251625,73399,Kolhapur,12,Ward No.12,0,,0,0,,0,0,0,maharashtra
251625,73400,Kolhapur,13,Ward No.13,0,,0,0,,0,0,0,maharashtra
251625,73401,Kolhapur,14,Ward No.14,0,,0,0,,0,0,0,maharashtra
251625,73402,Kolhapur,15,Ward No.15,0,,0,0,,0,0,0,maharashtra
251625,73403,Kolhapur,16,Ward No.16,0,,0,0,,0,0,0,maharashtra
251625,73404,Kolhapur,17,Ward No.17,0,,0,0,,0,0,0,maharashtra
251625,73405,Kolhapur,18,Ward No.18,0,,0,0,,0,0,0,maharashtra
251625,73406,Kolhapur,19,Ward No.19,0,,0,0,,0,0,0,maharashtra
251625,73389,Kolhapur,2,Ward No.2,0,,0,0,,0,0,0,maharashtra
251625,73407,Kolhapur,20,Ward No.20,0,,0,0,,0,0,0,maharashtra
251625,73408,Kolhapur,21,Ward No.21,0,,0,0,,0,0,0,maharashtra
251625,73409,Kolhapur,22,Ward No.22,0,,0,0,,0,0,0,maharashtra
251625,73410,Kolhapur,23,Ward No.23,0,,0,0,,0,0,0,maharashtra
251625,73411,Kolhapur,24,Ward No.24,0,,0,0,,0,0,0,maharashtra
251625,73412,Kolhapur,25,Ward No.25,0,,0,0,,0,0,0,maharashtra
251625,73413,Kolhapur,26,Ward No.26,0,,0,0,,0,0,0,maharashtra
251625,73414,Kolhapur,27,Ward No.27,0,,0,0,,0,0,0,maharashtra
251625,73415,Kolhapur,28,Ward No.28,0,,0,0,,0,0,0,maharashtra
251625,73416,Kolhapur,29,Ward No.29,0,,0,0,,0,0,0,maharashtra
251625,73390,Kolhapur,3,Ward No.3,0,,0,0,,0,0,0,maharashtra
251625,73417,Kolhapur,30,Ward No.30,0,,0,0,,0,0,0,maharashtra
251625,73418,Kolhapur,31,Ward No.31,0,,0,0,,0,0,0,maharashtra
251625,73419,Kolhapur,32,Ward No.32,0,,0,0,,0,0,0,maharashtra
251625,73420,Kolhapur,33,Ward No.33,0,,0,0,,0,0,0,maharashtra
251625,73421,Kolhapur,34,Ward No.34,0,,0,0,,0,0,0,maharashtra
251625,73422,Kolhapur,35,Ward No.35,0,,0,0,,0,0,0,maharashtra
251625,73423,Kolhapur,36,Ward No.36,0,,0,0,,0,0,0,maharashtra
251625,73424,Kolhapur,37,Ward No.37,0,,0,0,,0,0,0,maharashtra
251625,73425,Kolhapur,38,Ward No.38,0,,0,0,,0,0,0,maharashtra
251625,73426,Kolhapur,39,Ward No.39,0,,0,0,,0,0,0,maharashtra
251625,73391,Kolhapur,4,Ward No.4,0,,0,0,,0,0,0,maharashtra
251625,73427,Kolhapur,40,Ward No.40,0,,0,0,,0,0,0,maharashtra
251625,73428,Kolhapur,41,Ward No.41,0,,0,0,,0,0,0,maharashtra
251625,73429,Kolhapur,42,Ward No.42,0,,0,0,,0,0,0,maharashtra
251625,73430,Kolhapur,43,Ward No.43,0,,0,0,,0,0,0,maharashtra
251625,73431,Kolhapur,44,Ward No.44,0,,0,0,,0,0,0,maharashtra
251625,73432,Kolhapur,45,Ward No.45,0,,0,0,,0,0,0,maharashtra
251625,73433,Kolhapur,46,Ward No.46,0,,0,0,,0,0,0,maharashtra
251625,73434,Kolhapur,47,Ward No.47,0,,0,0,,0,0,0,maharashtra
251625,73435,Kolhapur,48,Ward No.48,0,,0,0,,0,0,0,maharashtra
251625,73629,Kolhapur,49,Ward No.49,0,,0,0,,0,0,0,maharashtra
251625,73392,Kolhapur,5,Ward No.5,0,,0,0,,0,0,0,maharashtra
251625,73630,Kolhapur,50,Ward No.50,0,,0,0,,0,0,0,maharashtra
251625,73631,Kolhapur,51,Ward No.51,0,,0,0,,0,0,0,maharashtra
251625,73632,Kolhapur,52,Ward No.52,0,,0,0,,0,0,0,maharashtra
251625,73633,Kolhapur,53,Ward No.53,0,,0,0,,0,0,0,maharashtra
251625,73634,Kolhapur,54,Ward No.54,0,,0,0,,0,0,0,maharashtra
251625,73635,Kolhapur,55,Ward No.55,0,,0,0,,0,0,0,maharashtra
251625,73636,Kolhapur,56,Ward No.56,0,,0,0,,0,0,0,maharashtra
251625,73637,Kolhapur,57,Ward No.57,0,,0,0,,0,0,0,maharashtra
251625,73638,Kolhapur,58,Ward No.58,0,,0,0,,0,0,0,maharashtra
251625,73639,Kolhapur,59,Ward No.59,0,,0,0,,0,0,0,maharashtra
251625,73393,Kolhapur,6,Ward No.6,0,,0,0,,0,0,0,maharashtra
251625,73640,Kolhapur,60,Ward No.60,0,,0,0,,0,0,0,maharashtra
251625,73641,Kolhapur,61,Ward No.61,0,,0,0,,0,0,0,maharashtra
251625,73642,Kolhapur,62,Ward No.62,0,,0,0,,0,0,0,maharashtra
251625,73643,Kolhapur,63,Ward No.63,0,,0,0,,0,0,0,maharashtra
251625,73644,Kolhapur,64,Ward No.64,0,,0,0,,0,0,0,maharashtra
251625,73645,Kolhapur,65,Ward No.65,0,,0,0,,0,0,0,maharashtra
251625,73646,Kolhapur,66,Ward No.66,0,,0,0,,0,0,0,maharashtra
251625,73647,Kolhapur,67,Ward No.67,0,,0,0,,0,0,0,maharashtra
251625,73648,Kolhapur,68,Ward No.68,0,,0,0,,0,0,0,maharashtra
251625,73649,Kolhapur,69,Ward No.69,0,,0,0,,0,0,0,maharashtra
251625,73394,Kolhapur,7,Ward No.7,0,,0,0,,0,0,0,maharashtra
251625,73650,Kolhapur,70,Ward No.70,0,,0,0,,0,0,0,maharashtra
251625,73651,Kolhapur,71,Ward No.71,0,,0,0,,0,0,0,maharashtra
251625,73652,Kolhapur,72,Ward No.72,0,,0,0,,0,0,0,maharashtra
251625,2331176,Kolhapur,73,Ward No.73,0,,0,0,,0,0,0,maharashtra
251625,2331177,Kolhapur,74,Ward No.74,0,,0,0,,0,0,0,maharashtra
251625,2331178,Kolhapur,75,Ward No.75,0,,0,0,,0,0,0,maharashtra
251625,2331179,Kolhapur,76,Ward No.76,0,,0,0,,0,0,0,maharashtra
251625,2331180,Kolhapur,77,Ward No.77,0,,0,0,,0,0,0,maharashtra
251625,2331181,Kolhapur,78,Ward No.78,0,,0,0,,0,0,0,maharashtra
251625,2331182,Kolhapur,79,Ward No.79,0,,0,0,,0,0,0,maharashtra
251625,73395,Kolhapur,8,Ward No.8,0,,0,0,,0,0,0,maharashtra
251625,2331183,Kolhapur,80,Ward No.80,0,,0,0,,0,0,0,maharashtra
251625,2331184,Kolhapur,81,Ward No.81,0,,0,0,,0,0,0,maharashtra
251625,73396,Kolhapur,9,Ward No.9,0,,0,0,,0,0,0,maharashtra
303129,3302254,Kondhali,1,1,0,,0,0,,0,0,0,maharashtra
303129,3302263,Kondhali,10,10,0,,0,0,,0,0,0,maharashtra
303129,3302264,Kondhali,11,11,0,,0,0,,0,0,0,maharashtra
303129,3302265,Kondhali,12,12,0,,0,0,,0,0,0,maharashtra
303129,3302266,Kondhali,13,13,0,,0,0,,0,0,0,maharashtra
303129,3302267,Kondhali,14,14,0,,0,0,,0,0,0,maharashtra
303129,3302268,Kondhali,15,15,0,,0,0,,0,0,0,maharashtra
303129,3302269,Kondhali,16,16,0,,0,0,,0,0,0,maharashtra
303129,3302270,Kondhali,17,17,0,,0,0,,0,0,0,maharashtra
303129,3302255,Kondhali,2,2,0,,0,0,,0,0,0,maharashtra
303129,3302256,Kondhali,3,3,0,,0,0,,0,0,0,maharashtra
303129,3302257,Kondhali,4,4,0,,0,0,,0,0,0,maharashtra
303129,3302258,Kondhali,5,5,0,,0,0,,0,0,0,maharashtra
303129,3302259,Kondhali,6,6,0,,0,0,,0,0,0,maharashtra
303129,3302260,Kondhali,7,7,0,,0,0,,0,0,0,maharashtra
303129,3302261,Kondhali,8,8,0,,0,0,,0,0,0,maharashtra
303129,3302262,Kondhali,9,9,0,,0,0,,0,0,0,maharashtra
251540,57528,Kopargaon,1,Kopargaon (MC) - Ward Kra.1,0,,0,0,,0,0,0,maharashtra
251540,57537,Kopargaon,10,Kopargaon (MC) - Ward Kra. 10,0,,0,0,,0,0,0,maharashtra
251540,57538,Kopargaon,11,Kopargaon (MC) - Ward Kra. 11,0,,0,0,,0,0,0,maharashtra
251540,57539,Kopargaon,12,Kopargaon (MC) - Ward Kra. 12,0,,0,0,,0,0,0,maharashtra
251540,57540,Kopargaon,13,Kopargaon (MC) - Ward Kra. 13,0,,0,0,,0,0,0,maharashtra
251540,57541,Kopargaon,14,Kopargaon(MC)- Ward Kra. 14,0,,0,0,,0,0,0,maharashtra
251540,57529,Kopargaon,2,Kopargaon (MC) - Ward Kra. 2,0,,0,0,,0,0,0,maharashtra
251540,57530,Kopargaon,3,Kopargaon (MC) - Ward Kra. 3,0,,0,0,,0,0,0,maharashtra
251540,57531,Kopargaon,4,Kopargaon (MC) - Ward Kra. 4,0,,0,0,,0,0,0,maharashtra
251540,57532,Kopargaon,5,Kopargaon (MC) - Ward Kra. 5,0,,0,0,,0,0,0,maharashtra
251540,57533,Kopargaon,6,Kopargaon (MC) - Ward Kra. 6,0,,0,0,,0,0,0,maharashtra
251540,57534,Kopargaon,7,Kopargaon (MC) - Ward Kra. 7,0,,0,0,,0,0,0,maharashtra
251540,57535,Kopargaon,8,Kopargaon (MC) - Ward Kra. 8,0,,0,0,,0,0,0,maharashtra
251540,57536,Kopargaon,9,Kopargaon (MC) - Ward Kra. 9,0,,0,0,,0,0,0,maharashtra
305207,3310149,Korchi,Ward No.1,Nil1,0,,0,0,,0,0,0,maharashtra
305207,3310158,Korchi,Ward No.10,Nil10,0,,0,0,,0,0,0,maharashtra
305207,3310159,Korchi,Ward No.11,Nil11,0,,0,0,,0,0,0,maharashtra
305207,3310160,Korchi,Ward No.12,Nil12,0,,0,0,,0,0,0,maharashtra
305207,3310161,Korchi,Ward No.13,Nil13,0,,0,0,,0,0,0,maharashtra
305207,3310162,Korchi,Ward No.14,Nil14,0,,0,0,,0,0,0,maharashtra
305207,3310163,Korchi,Ward No.15,Nil15,0,,0,0,,0,0,0,maharashtra
305207,3310164,Korchi,Ward No.16,Nil16,0,,0,0,,0,0,0,maharashtra
305207,3310165,Korchi,Ward No.17,Nil17,0,,0,0,,0,0,0,maharashtra
305207,3310150,Korchi,Ward No.2,Nil2,0,,0,0,,0,0,0,maharashtra
305207,3310151,Korchi,Ward No. 3,Nil3,0,,0,0,,0,0,0,maharashtra
305207,3310152,Korchi,Ward No. 4,Nil4,0,,0,0,,0,0,0,maharashtra
305207,3310153,Korchi,Ward No. 5,Nil5,0,,0,0,,0,0,0,maharashtra
305207,3310154,Korchi,Ward No. 6,Nil6,0,,0,0,,0,0,0,maharashtra
305207,3310155,Korchi,Ward No. 7,Nil7,0,,0,0,,0,0,0,maharashtra
305207,3310156,Korchi,Ward No. 8,Nil8,0,,0,0,,0,0,0,maharashtra
305207,3310157,Korchi,Ward No. 9,Nil9,0,,0,0,,0,0,0,maharashtra
276381,1749195,Koregaon,1,Koregaon Nagarpanchayat Ward No.1,0,,0,0,,0,0,0,maharashtra
276381,1749204,Koregaon,10,Koregaon Nagarpanchayat Ward No.10,0,,0,0,,0,0,0,maharashtra
276381,1749205,Koregaon,11,Koregaon Nagarpanchayat Ward No.11,0,,0,0,,0,0,0,maharashtra
276381,1749206,Koregaon,12,Koregaon Nagarpanchayat Ward No.12,0,,0,0,,0,0,0,maharashtra
276381,1749207,Koregaon,13,Koregaon Nagarpanchayat Ward No.13,0,,0,0,,0,0,0,maharashtra
276381,1749208,Koregaon,14,Koregaon Nagarpanchayat Ward No.14,0,,0,0,,0,0,0,maharashtra
276381,1749209,Koregaon,15,Koregaon Nagarpanchayat Ward No.15,0,,0,0,,0,0,0,maharashtra
276381,1749210,Koregaon,16,Koregaon Nagarpanchayat Ward No.16,0,,0,0,,0,0,0,maharashtra
276381,1749211,Koregaon,17,Koregaon Nagarpanchayat Ward No.17,0,,0,0,,0,0,0,maharashtra
276381,1749196,Koregaon,2,Koregaon Nagarpanchayat Ward No. 2,0,,0,0,,0,0,0,maharashtra
276381,1749197,Koregaon,3,Koregaon Nagarpanchayat Ward No. 3,0,,0,0,,0,0,0,maharashtra
276381,1749198,Koregaon,4,Koregaon Nagarpanchayat Ward No. 4,0,,0,0,,0,0,0,maharashtra
276381,1749199,Koregaon,5,Koregaon Nagarpanchayat Ward No.5,0,,0,0,,0,0,0,maharashtra
276381,1749200,Koregaon,6,Koregaon Nagarpanchayat Ward No.6,0,,0,0,,0,0,0,maharashtra
276381,1749201,Koregaon,7,Koregaon Nagarpanchayat Ward No.7,0,,0,0,,0,0,0,maharashtra
276381,1749202,Koregaon,8,Koregaon Nagarpanchayat Ward No.8,0,,0,0,,0,0,0,maharashtra
276381,1749203,Koregaon,9,Koregaon Nagarpanchayat Ward No.9,0,,0,0,,0,0,0,maharashtra
276357,2311942,Korpana,1,Korpana (N P) Ward No. 1,0,,0,0,,0,0,0,maharashtra
276357,2311951,Korpana,10,Korpana (N P) Ward No. 10,0,,0,0,,0,0,0,maharashtra
276357,2311952,Korpana,11,Korpana (N P) Ward No. 11,0,,0,0,,0,0,0,maharashtra
276357,2311953,Korpana,12,Korpana (N P) Ward No. 12,0,,0,0,,0,0,0,maharashtra
276357,2311954,Korpana,13,Korpana (N P) Ward No. 13,0,,0,0,,0,0,0,maharashtra
276357,2311955,Korpana,14,Korpana (N P) Ward No. 14,0,,0,0,,0,0,0,maharashtra
276357,2311956,Korpana,15,Korpana (N P) Ward No. 15,0,,0,0,,0,0,0,maharashtra
276357,2311957,Korpana,16,Korpana (N P) Ward No. 16,0,,0,0,,0,0,0,maharashtra
276357,2311958,Korpana,17,Korpana (N P) Ward No. 17,0,,0,0,,0,0,0,maharashtra
276357,2311943,Korpana,2,Korpana (N P) Ward No. 2,0,,0,0,,0,0,0,maharashtra
276357,2311944,Korpana,3,Korpana (N P) Ward No. 3,0,,0,0,,0,0,0,maharashtra
276357,2311945,Korpana,4,Korpana (N P) Ward No. 4,0,,0,0,,0,0,0,maharashtra
276357,2311946,Korpana,5,Korpana (N P) Ward No. 5,0,,0,0,,0,0,0,maharashtra
276357,2311947,Korpana,6,Korpana (N P) Ward No. 6,0,,0,0,,0,0,0,maharashtra
276357,2311948,Korpana,7,Korpana (N P) Ward No. 7,0,,0,0,,0,0,0,maharashtra
276357,2311949,Korpana,8,Korpana (N P) Ward No. 8,0,,0,0,,0,0,0,maharashtra
276357,2311950,Korpana,9,Korpana (N P) Ward No. 9,0,,0,0,,0,0,0,maharashtra
251612,73215,Kudal,1,Kudal (CT) - Ward No.1,0,,0,0,,0,0,0,maharashtra
251612,1304920,Kudal,10,Ward No. 10,0,,0,0,,0,0,0,maharashtra
251612,1304921,Kudal,11,Ward No. 11,0,,0,0,,0,0,0,maharashtra
251612,1304922,Kudal,12,Ward No. 12,0,,0,0,,0,0,0,maharashtra
251612,1304923,Kudal,13,Ward No. 13,0,,0,0,,0,0,0,maharashtra
251612,1304924,Kudal,14,Ward No. 14,0,,0,0,,0,0,0,maharashtra
251612,1304925,Kudal,15,Ward No. 15,0,,0,0,,0,0,0,maharashtra
251612,1304926,Kudal,16,Ward No. 16,0,,0,0,,0,0,0,maharashtra
251612,1304927,Kudal,17,Ward No. 17,0,,0,0,,0,0,0,maharashtra
251612,1304912,Kudal,2,Ward No. 2,0,,0,0,,0,0,0,maharashtra
251612,1304913,Kudal,3,Ward No. 3,0,,0,0,,0,0,0,maharashtra
251612,1304914,Kudal,4,Ward No. 4,0,,0,0,,0,0,0,maharashtra
251612,1304915,Kudal,5,Ward No. 5,0,,0,0,,0,0,0,maharashtra
251612,1304916,Kudal,6,Ward No. 6,0,,0,0,,0,0,0,maharashtra
251612,1304917,Kudal,7,Ward No. 7,0,,0,0,,0,0,0,maharashtra
251612,1304918,Kudal,8,Ward No. 8,0,,0,0,,0,0,0,maharashtra
251612,1304919,Kudal,9,Ward No. 9,0,,0,0,,0,0,0,maharashtra
263364,1307004,Kuhi Nagar Parishad,1,Kuhi(N P) Ward No. 1,0,,0,0,,0,0,0,maharashtra
263364,1307013,Kuhi Nagar Parishad,10,Kuhi(N P) Ward No. 10,0,,0,0,,0,0,0,maharashtra
263364,1307014,Kuhi Nagar Parishad,11,Kuhi(N P) Ward No. 11,0,,0,0,,0,0,0,maharashtra
263364,1307015,Kuhi Nagar Parishad,12,Kuhi(N P) Ward No. 12,0,,0,0,,0,0,0,maharashtra
263364,1307016,Kuhi Nagar Parishad,13,Kuhi(N P) Ward No. 13,0,,0,0,,0,0,0,maharashtra
263364,1307017,Kuhi Nagar Parishad,14,Kuhi(N P) Ward No. 14,0,,0,0,,0,0,0,maharashtra
263364,1307018,Kuhi Nagar Parishad,15,Kuhi(N P) Ward No. 15,0,,0,0,,0,0,0,maharashtra
263364,1307019,Kuhi Nagar Parishad,16,Kuhi(N P) Ward No. 16,0,,0,0,,0,0,0,maharashtra
263364,1307020,Kuhi Nagar Parishad,17,Kuhi(N P) Ward No. 17,0,,0,0,,0,0,0,maharashtra
263364,1307005,Kuhi Nagar Parishad,2,Kuhi(N P) Ward No. 2,0,,0,0,,0,0,0,maharashtra
263364,1307006,Kuhi Nagar Parishad,3,Kuhi(N P) Ward No. 3,0,,0,0,,0,0,0,maharashtra
263364,1307007,Kuhi Nagar Parishad,4,Kuhi(N P) Ward No. 4,0,,0,0,,0,0,0,maharashtra
263364,1307008,Kuhi Nagar Parishad,5,Kuhi(N P) Ward No. 5,0,,0,0,,0,0,0,maharashtra
263364,1307009,Kuhi Nagar Parishad,6,Kuhi(N P) Ward No. 6,0,,0,0,,0,0,0,maharashtra
263364,1307010,Kuhi Nagar Parishad,7,Kuhi(N P) Ward No. 7,0,,0,0,,0,0,0,maharashtra
263364,1307011,Kuhi Nagar Parishad,8,Kuhi(N P) Ward No. 8,0,,0,0,,0,0,0,maharashtra
263364,1307012,Kuhi Nagar Parishad,9,Kuhi(N P) Ward No. 9,0,,0,0,,0,0,0,maharashtra
251405,47329,Kundalwadi,1,Ward-no.1 Bhoi Gali-Narra Galli,0,,0,0,,0,0,0,maharashtra
251405,47330,Kundalwadi,2,Ward no.2 Sathe Nagar-Aambedkar Nagr-Vanjar Galli,0,,0,0,,0,0,0,maharashtra
251405,47331,Kundalwadi,3,Ward no.3 Dastgir Galli-Pochamma Gali,0,,0,0,,0,0,0,maharashtra
251405,47332,Kundalwadi,4,Ward no.4 Kotlawar Galli-Aathavadi bazar,0,,0,0,,0,0,0,maharashtra
251405,47333,Kundalwadi,5,Ward no.5 Shataranj Galli-Baghwan Galli-Dhobi Galli,0,,0,0,,0,0,0,maharashtra
251405,47334,Kundalwadi,6,Ward no.6 Burud Galli-Hatkar Galli,0,,0,0,,0,0,0,maharashtra
251405,47335,Kundalwadi,7,Ward no.7 Naikwad Galli-Deshmukh Galli-,0,,0,0,,0,0,0,maharashtra
251405,47336,Kundalwadi,8,Ward no.8 Kumbhar Galli-Ram Mandir Area Galli,0,,0,0,,0,0,0,maharashtra
251575,65971,Kurduvadi,1,Kurduvadi (M Cl) - Ward No.1,0,,0,0,,0,0,0,maharashtra
251575,65980,Kurduvadi,10,Kurduvadi (M Cl) - Ward No.10,0,,0,0,,0,0,0,maharashtra
251575,65981,Kurduvadi,11,Kurduvadi (M Cl) - Ward No.11,0,,0,0,,0,0,0,maharashtra
251575,65982,Kurduvadi,12,Kurduvadi (M Cl) - Ward No.12,0,,0,0,,0,0,0,maharashtra
251575,65983,Kurduvadi,13,Kurduvadi (M Cl) - Ward No.13,0,,0,0,,0,0,0,maharashtra
251575,65984,Kurduvadi,14,Kurduvadi (M Cl) - Ward No.14,0,,0,0,,0,0,0,maharashtra
251575,65985,Kurduvadi,15,Kurduvadi (M Cl) - Ward No.15,0,,0,0,,0,0,0,maharashtra
251575,65986,Kurduvadi,16,Kurduvadi (M Cl) - Ward No.16,0,,0,0,,0,0,0,maharashtra
251575,65987,Kurduvadi,17,Kurduvadi (M Cl) - Ward No.17,0,,0,0,,0,0,0,maharashtra
251575,65972,Kurduvadi,2,Kurduvadi (M Cl) - Ward No.2,0,,0,0,,0,0,0,maharashtra
251575,65973,Kurduvadi,3,Kurduvadi (M Cl) - Ward No.3,0,,0,0,,0,0,0,maharashtra
251575,65974,Kurduvadi,4,Kurduvadi (M Cl) - Ward No.4,0,,0,0,,0,0,0,maharashtra
251575,65975,Kurduvadi,5,Kurduvadi (M Cl) - Ward No.5,0,,0,0,,0,0,0,maharashtra
251575,65976,Kurduvadi,6,Kurduvadi (M Cl) - Ward No.6,0,,0,0,,0,0,0,maharashtra
251575,65977,Kurduvadi,7,Kurduvadi (M Cl) - Ward No.7,0,,0,0,,0,0,0,maharashtra
251575,65978,Kurduvadi,8,Kurduvadi (M Cl) - Ward No.8,0,,0,0,,0,0,0,maharashtra
251575,65979,Kurduvadi,9,Kurduvadi (M Cl) - Ward No.9,0,,0,0,,0,0,0,maharashtra
276286,2512506,Kurkheda,1,1a,0,,0,0,,0,0,0,maharashtra
276286,2512507,Kurkheda,2,1b,0,,0,0,,0,0,0,maharashtra
276286,2512508,Kurkheda,3,2a,0,,0,0,,0,0,0,maharashtra
276286,2512509,Kurkheda,4,2b,0,,0,0,,0,0,0,maharashtra
276286,2512510,Kurkheda,5,3a,0,,0,0,,0,0,0,maharashtra
276286,2512511,Kurkheda,6,3b,0,,0,0,,0,0,0,maharashtra
276286,2512512,Kurkheda,7,4a,0,,0,0,,0,0,0,maharashtra
276286,2512513,Kurkheda,8,4b,0,,0,0,,0,0,0,maharashtra
276286,2512514,Kurkheda,9,5a,0,,0,0,,0,0,0,maharashtra
276286,2512515,Kurkheda,10,5b,0,,0,0,,0,0,0,maharashtra
276286,2512516,Kurkheda,11,6a,0,,0,0,,0,0,0,maharashtra
276286,2512517,Kurkheda,12,6b,0,,0,0,,0,0,0,maharashtra
276286,2512518,Kurkheda,13,7a,0,,0,0,,0,0,0,maharashtra
276286,2512519,Kurkheda,14,7b,0,,0,0,,0,0,0,maharashtra
276286,2512520,Kurkheda,15,8a,0,,0,0,,0,0,0,maharashtra
276286,2512521,Kurkheda,16,8b,0,,0,0,,0,0,0,maharashtra
276286,2512522,Kurkheda,17,8c,0,,0,0,,0,0,0,maharashtra
251622,73371,Kurundvad,1,Ward No.1,0,,0,0,,0,0,0,maharashtra
251622,73372,Kurundvad,2,Ward No.2,0,,0,0,,0,0,0,maharashtra
251622,73373,Kurundvad,3,Ward No.3,0,,0,0,,0,0,0,maharashtra
251622,73374,Kurundvad,4,Ward No.4,0,,0,0,,0,0,0,maharashtra
251622,73375,Kurundvad,5,Ward No.5,0,,0,0,,0,0,0,maharashtra
251622,73376,Kurundvad,6,Ward No.6,0,,0,0,,0,0,0,maharashtra
251622,73377,Kurundvad,7,Ward No.7,0,,0,0,,0,0,0,maharashtra
251622,73378,Kurundvad,8,Ward No.8,0,,0,0,,0,0,0,maharashtra
276324,1306355,Lakhandur,1,Lakhandur(NP) Ward No. 1,0,,0,0,,0,0,0,maharashtra
276324,1306364,Lakhandur,10,Lakhandur(NP) Ward No. 10,0,,0,0,,0,0,0,maharashtra
276324,1306365,Lakhandur,11,Lakhandur(NP) Ward No. 11,0,,0,0,,0,0,0,maharashtra
276324,1306366,Lakhandur,12,Lakhandur(NP) Ward No. 12,0,,0,0,,0,0,0,maharashtra
276324,1306367,Lakhandur,13,Lakhandur(NP) Ward No. 13,0,,0,0,,0,0,0,maharashtra
276324,1306368,Lakhandur,14,Lakhandur(NP) Ward No. 14,0,,0,0,,0,0,0,maharashtra
276324,1306369,Lakhandur,15,Lakhandur(NP) Ward No. 15,0,,0,0,,0,0,0,maharashtra
276324,1306370,Lakhandur,16,Lakhandur(NP) Ward No. 16,0,,0,0,,0,0,0,maharashtra
276324,1306371,Lakhandur,17,Lakhandur(NP) Ward No. 17,0,,0,0,,0,0,0,maharashtra
276324,1306356,Lakhandur,2,Lakhandur(NP) Ward No. 2,0,,0,0,,0,0,0,maharashtra
276324,1306357,Lakhandur,3,Lakhandur(NP) Ward No. 3,0,,0,0,,0,0,0,maharashtra
276324,1306358,Lakhandur,4,Lakhandur(NP) Ward No. 4,0,,0,0,,0,0,0,maharashtra
276324,1306359,Lakhandur,5,Lakhandur(NP) Ward No. 5,0,,0,0,,0,0,0,maharashtra
276324,1306360,Lakhandur,6,Lakhandur(NP) Ward No. 6,0,,0,0,,0,0,0,maharashtra
276324,1306361,Lakhandur,7,Lakhandur(NP) Ward No. 7,0,,0,0,,0,0,0,maharashtra
276324,1306362,Lakhandur,8,Lakhandur(NP) Ward No. 8,0,,0,0,,0,0,0,maharashtra
276324,1306363,Lakhandur,9,Lakhandur(NP) Ward No. 9,0,,0,0,,0,0,0,maharashtra
276323,1306321,Lakhani,1,Lakhani (N.P.) Ward No. 1,0,,0,0,,0,0,0,maharashtra
276323,1306330,Lakhani,10,Lakhani (N.P.) Ward No. 10,0,,0,0,,0,0,0,maharashtra
276323,1306331,Lakhani,11,Lakhani (N.P.) Ward No. 11,0,,0,0,,0,0,0,maharashtra
276323,1306332,Lakhani,12,Lakhani (N.P.) Ward No. 12,0,,0,0,,0,0,0,maharashtra
276323,1306333,Lakhani,13,Lakhani (N.P.) Ward No. 13,0,,0,0,,0,0,0,maharashtra
276323,1306334,Lakhani,14,Lakhani (N.P.) Ward No. 14,0,,0,0,,0,0,0,maharashtra
276323,1306335,Lakhani,15,Lakhani (N.P.) Ward No. 15,0,,0,0,,0,0,0,maharashtra
276323,1306336,Lakhani,16,Lakhani (N.P.) Ward No. 16,0,,0,0,,0,0,0,maharashtra
276323,1306337,Lakhani,17,Lakhani (N.P.) Ward No. 17,0,,0,0,,0,0,0,maharashtra
276323,1306322,Lakhani,2,Lakhani (N.P.) Ward No. 2,0,,0,0,,0,0,0,maharashtra
276323,1306323,Lakhani,3,Lakhani (N.P.) Ward No. 3,0,,0,0,,0,0,0,maharashtra
276323,1306324,Lakhani,4,Lakhani (N.P.) Ward No. 4,0,,0,0,,0,0,0,maharashtra
276323,1306325,Lakhani,5,Lakhani (N.P.) Ward No. 5,0,,0,0,,0,0,0,maharashtra
276323,1306326,Lakhani,6,Lakhani (N.P.) Ward No. 6,0,,0,0,,0,0,0,maharashtra
276323,1306327,Lakhani,7,Lakhani (N.P.) Ward No. 7,0,,0,0,,0,0,0,maharashtra
276323,1306328,Lakhani,8,Lakhani (N.P.) Ward No. 8,0,,0,0,,0,0,0,maharashtra
276323,1306329,Lakhani,9,Lakhani (N.P.) Ward No. 9,0,,0,0,,0,0,0,maharashtra
251607,73162,Lanja,1,Lanja Np Ward No.1,0,,0,0,,0,0,0,maharashtra
251607,2307865,Lanja,10,Lanja Np Ward No.10,0,,0,0,,0,0,0,maharashtra
251607,2307866,Lanja,11,Lanja Np Ward No.11,0,,0,0,,0,0,0,maharashtra
251607,2307867,Lanja,12,Lanja Np Ward No.12,0,,0,0,,0,0,0,maharashtra
251607,2307868,Lanja,13,Lanja Np Ward No.13,0,,0,0,,0,0,0,maharashtra
251607,2307869,Lanja,14,Lanja Np Ward No.14,0,,0,0,,0,0,0,maharashtra
251607,2307870,Lanja,15,Lanja Np Ward No.15,0,,0,0,,0,0,0,maharashtra
251607,2307871,Lanja,16,Lanja Np Ward No.16,0,,0,0,,0,0,0,maharashtra
251607,2307872,Lanja,17,Lanja Np Ward No.17,0,,0,0,,0,0,0,maharashtra
251607,2307857,Lanja,2,Lanja Np Ward No.2,0,,0,0,,0,0,0,maharashtra
251607,2307858,Lanja,3,Lanja Np Ward No.3,0,,0,0,,0,0,0,maharashtra
251607,2307859,Lanja,4,Lanja Np Ward No.4,0,,0,0,,0,0,0,maharashtra
251607,2307860,Lanja,5,Lanja Np Ward No.5,0,,0,0,,0,0,0,maharashtra
251607,2307861,Lanja,6,Lanja Np Ward No.6,0,,0,0,,0,0,0,maharashtra
251607,2307862,Lanja,7,Lanja Np Ward No.7,0,,0,0,,0,0,0,maharashtra
251607,2307863,Lanja,8,Lanja Np Ward No.8,0,,0,0,,0,0,0,maharashtra
251607,2307864,Lanja,9,Lanja Np Ward No.9,0,,0,0,,0,0,0,maharashtra
251561,77168,Latur,1,Ward No.1,0,,0,0,,0,0,0,maharashtra
251561,77177,Latur,10,Ward No.10,0,,0,0,,0,0,0,maharashtra
251561,77178,Latur,11,Ward No.11,0,,0,0,,0,0,0,maharashtra
251561,77179,Latur,12,Ward No.12,0,,0,0,,0,0,0,maharashtra
251561,77180,Latur,13,Ward No.13,0,,0,0,,0,0,0,maharashtra
251561,77181,Latur,14,Ward No.14,0,,0,0,,0,0,0,maharashtra
251561,77182,Latur,15,Ward No.15,0,,0,0,,0,0,0,maharashtra
251561,77183,Latur,16,Ward No.16,0,,0,0,,0,0,0,maharashtra
251561,77184,Latur,17,Ward No.17,0,,0,0,,0,0,0,maharashtra
251561,77185,Latur,18,Ward No.18,0,,0,0,,0,0,0,maharashtra
251561,77169,Latur,2,Ward No.2,0,,0,0,,0,0,0,maharashtra
251561,77170,Latur,3,Ward No.3,0,,0,0,,0,0,0,maharashtra
251561,77171,Latur,4,Ward No.4,0,,0,0,,0,0,0,maharashtra
251561,77172,Latur,5,Ward No.5,0,,0,0,,0,0,0,maharashtra
251561,77173,Latur,6,Ward No.6,0,,0,0,,0,0,0,maharashtra
251561,77174,Latur,7,Ward No.7,0,,0,0,,0,0,0,maharashtra
251561,77175,Latur,8,Ward No.8,0,,0,0,,0,0,0,maharashtra
251561,77176,Latur,9,Ward No.9,0,,0,0,,0,0,0,maharashtra
251407,47435,Loha,1,Loha (M Ci) - Ward No.1,0,,0,0,,0,0,0,maharashtra
251407,47436,Loha,2,Loha (M Ci) - Ward No.2,0,,0,0,,0,0,0,maharashtra
251407,47437,Loha,3,Loha (M Ci) - Ward No.3,0,,0,0,,0,0,0,maharashtra
251407,47438,Loha,4,Loha (M Ci) - Ward No.4,0,,0,0,,0,0,0,maharashtra
251407,47439,Loha,5,Loha (M Ci) - Ward No.5,0,,0,0,,0,0,0,maharashtra
251407,47440,Loha,6,Loha (M Ci) - Ward No.6,0,,0,0,,0,0,0,maharashtra
251407,47441,Loha,7,Loha (M Ci) - Ward No.7,0,,0,0,,0,0,0,maharashtra
251407,47442,Loha,8,Loha (M Ci) - Ward No.8,0,,0,0,,0,0,0,maharashtra
276313,3257623,Lohara (Bk),10,Ward No.10 Tahsil Office Zingade Plotting Sathe Nagar,0,,0,0,,0,0,0,maharashtra
276313,3257624,Lohara (Bk),11,Ward No.11 Vasantdada Patil Highschool Gramin Hospital,0,,0,0,,0,0,0,maharashtra
276313,3257625,Lohara (Bk),12,Ward No.12 Shivnagar-Kakayya Nagar,0,,0,0,,0,0,0,maharashtra
276313,3257626,Lohara (Bk),13,Ward No.13 Bara Imam Mohalla- Kadam Plotting,0,,0,0,,0,0,0,maharashtra
276313,3257627,Lohara (Bk),14,Ward No.14 Chhatrabharati-Old Tahsil Office,0,,0,0,,0,0,0,maharashtra
276313,3257628,Lohara (Bk),15,Ward No.15 Ganesh Kadam plotting - Talathi Office,0,,0,0,,0,0,0,maharashtra
276313,3257629,Lohara (Bk),16,Ward No.16 Idgah Mohalla,0,,0,0,,0,0,0,maharashtra
276313,3257630,Lohara (Bk),17,Ward No.17 Sutar Plotting Jatte Plotting,0,,0,0,,0,0,0,maharashtra
276313,3257614,Lohara (Bk),1,Ward No.1 Jewalikar Plotting Zopadpatti,0,,0,0,,0,0,0,maharashtra
276313,3257615,Lohara (Bk),2,Ward No.2 Indira Nagar Zopadpatti,0,,0,0,,0,0,0,maharashtra
276313,3257616,Lohara (Bk),3,Ward No.3 Old Nagar Panchayat Hanuman Mandir- Momin Masjid- Mahadev Mandir,0,,0,0,,0,0,0,maharashtra
276313,3257617,Lohara (Bk),4,Ward No.4 Bhawani Mandir-Ganesh Mandir- Old Ves,0,,0,0,,0,0,0,maharashtra
276313,3257618,Lohara (Bk),5,Ward No.5 Shivaji Chowk- Gavatale,0,,0,0,,0,0,0,maharashtra
276313,3257619,Lohara (Bk),6,Ward No.6 Shikshak Collany -Bus Stand MSEB,0,,0,0,,0,0,0,maharashtra
276313,3257620,Lohara (Bk),7,Ward No.7 Guru Bangle Plotting - Ahilyabai Holkar chowk,0,,0,0,,0,0,0,maharashtra
276313,3257621,Lohara (Bk),8,Ward No.8 Vishnu Bangle Plotting,0,,0,0,,0,0,0,maharashtra
276313,3257622,Lohara (Bk),9,Ward No.9 Registry Office- Pandhare- Mashalkar Zingade Plotting,0,,0,0,,0,0,0,maharashtra
276414,1752193,Lonand,1,Lonand Nagarpanchayat Ward No. 1,0,,0,0,,0,0,0,maharashtra
276414,1752202,Lonand,10,Lonand Nagarpanchayat Ward No. 10,0,,0,0,,0,0,0,maharashtra
276414,1752203,Lonand,11,Lonand Nagarpanchayat Ward No. 11,0,,0,0,,0,0,0,maharashtra
276414,1752204,Lonand,12,Lonand Nagarpanchayat Ward No. 12,0,,0,0,,0,0,0,maharashtra
276414,1752205,Lonand,13,Lonand Nagarpanchayat Ward No. 13,0,,0,0,,0,0,0,maharashtra
276414,1752206,Lonand,14,Lonand Nagarpanchayat Ward No. 14,0,,0,0,,0,0,0,maharashtra
276414,1752207,Lonand,15,Lonand Nagarpanchayat Ward No. 15,0,,0,0,,0,0,0,maharashtra
276414,1752208,Lonand,16,Lonand Nagarpanchayat Ward No. 16,0,,0,0,,0,0,0,maharashtra
276414,1752209,Lonand,17,Lonand Nagarpanchayat Ward No. 17,0,,0,0,,0,0,0,maharashtra
276414,1752194,Lonand,2,Lonand Nagarpanchayat Ward No. 2,0,,0,0,,0,0,0,maharashtra
276414,1752195,Lonand,3,Lonand Nagarpanchayat Ward No. 3,0,,0,0,,0,0,0,maharashtra
276414,1752196,Lonand,4,Lonand Nagarpanchayat Ward No. 4,0,,0,0,,0,0,0,maharashtra
276414,1752197,Lonand,5,Lonand Nagarpanchayat Ward No. 5,0,,0,0,,0,0,0,maharashtra
276414,1752198,Lonand,6,Lonand Nagarpanchayat Ward No. 6,0,,0,0,,0,0,0,maharashtra
276414,1752199,Lonand,7,Lonand Nagarpanchayat Ward No. 7,0,,0,0,,0,0,0,maharashtra
276414,1752200,Lonand,8,Lonand Nagarpanchayat Ward No. 8,0,,0,0,,0,0,0,maharashtra
276414,1752201,Lonand,9,Lonand Nagarpanchayat Ward No. 9,0,,0,0,,0,0,0,maharashtra
251308,45501,Lonar,1,Lonar (M Cl) - Ward No.1,0,,0,0,,0,0,0,maharashtra
251308,45502,Lonar,2,Lonar (M Cl) - Ward No.2,0,,0,0,,0,0,0,maharashtra
251308,45503,Lonar,3,Lonar (M Cl) - Ward No.3,0,,0,0,,0,0,0,maharashtra
251308,45504,Lonar,4,Lonar (M Cl) - Ward No.4,0,,0,0,,0,0,0,maharashtra
251308,45505,Lonar,5,Lonar (M Cl) - Ward No.5,0,,0,0,,0,0,0,maharashtra
251308,45506,Lonar,6,Lonar (M Cl) - Ward No.6,0,,0,0,,0,0,0,maharashtra
251308,45507,Lonar,7,Lonar (M Cl) - Ward No.7,0,,0,0,,0,0,0,maharashtra
251308,45508,Lonar,8,Lonar (M Cl) - Ward No.8,0,,0,0,,0,0,0,maharashtra
251526,76955,Lonavala,5,Lonavala (M Cl) Bhangarwadi,0,,0,0,,0,0,0,maharashtra
251526,76962,Lonavala,12,Lonavala (M Cl) Bhushi,0,,0,0,,0,0,0,maharashtra
251526,76958,Lonavala,8,Lonavala (M Cl) Gavaliwada,0,,0,0,,0,0,0,maharashtra
251526,76959,Lonavala,9,Lonavala (M Cl) Khandala,0,,0,0,,0,0,0,maharashtra
251526,76961,Lonavala,11,Lonavala (M Cl) Lonavala Gaothan,0,,0,0,,0,0,0,maharashtra
251526,76956,Lonavala,6,Lonavala (M Cl) Municipal Office,0,,0,0,,0,0,0,maharashtra
251526,76954,Lonavala,4,Lonavala (M Cl) Nangargaon,0,,0,0,,0,0,0,maharashtra
251526,76951,Lonavala,1,Lonavala (M Cl) New Tungarli,0,,0,0,,0,0,0,maharashtra
251526,76960,Lonavala,10,Lonavala (M Cl) Old Khandala,0,,0,0,,0,0,0,maharashtra
251526,76957,Lonavala,7,Lonavala (M Cl) Railway,0,,0,0,,0,0,0,maharashtra
251526,76952,Lonavala,2,Lonavala (M Cl) Tungarli Gaothan,0,,0,0,,0,0,0,maharashtra
251526,76953,Lonavala,3,Lonavala (M Cl) Valvan,0,,0,0,,0,0,0,maharashtra
276302,1306244,Madha,1,Madha (N P)-Ward No.1,0,,0,0,,0,0,0,maharashtra
276302,1306253,Madha,10,Madha (N P)-Ward No.10,0,,0,0,,0,0,0,maharashtra
276302,1306254,Madha,11,Madha (N P)-Ward No.11,0,,0,0,,0,0,0,maharashtra
276302,1306255,Madha,12,Madha (N P)-Ward No.12,0,,0,0,,0,0,0,maharashtra
276302,1306256,Madha,13,Madha (N P)-Ward No.13,0,,0,0,,0,0,0,maharashtra
276302,1306257,Madha,14,Madha (N P)-Ward No.14,0,,0,0,,0,0,0,maharashtra
276302,1306258,Madha,15,Madha (N P)-Ward No.15,0,,0,0,,0,0,0,maharashtra
276302,1306259,Madha,16,Madha (N P)-Ward No.16,0,,0,0,,0,0,0,maharashtra
276302,1306260,Madha,17,Madha (N P)-Ward No.17,0,,0,0,,0,0,0,maharashtra
276302,1306245,Madha,2,Madha (N P)-Ward No.2,0,,0,0,,0,0,0,maharashtra
276302,1306246,Madha,3,Madha (N P)-Ward No.3,0,,0,0,,0,0,0,maharashtra
276302,1306247,Madha,4,Madha (N P)-Ward No.4,0,,0,0,,0,0,0,maharashtra
276302,1306248,Madha,5,Madha (N P)-Ward No.5,0,,0,0,,0,0,0,maharashtra
276302,1306249,Madha,6,Madha (N P)-Ward No.6,0,,0,0,,0,0,0,maharashtra
276302,1306250,Madha,7,Madha (N P)-Ward No.7,0,,0,0,,0,0,0,maharashtra
276302,1306251,Madha,8,Madha (N P)-Ward No.8,0,,0,0,,0,0,0,maharashtra
276302,1306252,Madha,9,Madha (N P)-Ward No.9,0,,0,0,,0,0,0,maharashtra
251584,71225,Mahabaleshwar,1,Mahabaleshwar (M Cl) Ward No.1,0,,0,0,,0,0,0,maharashtra
251584,71226,Mahabaleshwar,2,Mahabaleshwar (M Cl) Ward No.2,0,,0,0,,0,0,0,maharashtra
251584,71227,Mahabaleshwar,3,Mahabaleshwar (M Cl) Ward No.3,0,,0,0,,0,0,0,maharashtra
251584,71228,Mahabaleshwar,4,Mahabaleshwar (M Cl) Ward No.4,0,,0,0,,0,0,0,maharashtra
251584,71229,Mahabaleshwar,5,Mahabaleshwar (M Cl) Ward No.5,0,,0,0,,0,0,0,maharashtra
251584,71230,Mahabaleshwar,6,Mahabaleshwar (M Cl) Ward No.6,0,,0,0,,0,0,0,maharashtra
251584,71231,Mahabaleshwar,7,Mahabaleshwar (M Cl) Ward No.7,0,,0,0,,0,0,0,maharashtra
251584,71232,Mahabaleshwar,8,Mahabaleshwar (M Cl) Ward No.8,0,,0,0,,0,0,0,maharashtra
251513,76899,Mahad,1,Ward No1,0,,0,0,,0,0,0,maharashtra
251513,3320434,Mahad,10,Ward No10,0,,0,0,,0,0,0,maharashtra
251513,76900,Mahad,2,Ward No2,0,,0,0,,0,0,0,maharashtra
251513,76901,Mahad,3,Ward No3,0,,0,0,,0,0,0,maharashtra
251513,76902,Mahad,4,Ward No4,0,,0,0,,0,0,0,maharashtra
251513,76903,Mahad,5,Ward No5,0,,0,0,,0,0,0,maharashtra
251513,76904,Mahad,6,Ward No6,0,,0,0,,0,0,0,maharashtra
251513,76905,Mahad,7,Ward No7,0,,0,0,,0,0,0,maharashtra
251513,76906,Mahad,8,Ward No8,0,,0,0,,0,0,0,maharashtra
251513,3320433,Mahad,9,Ward No9,0,,0,0,,0,0,0,maharashtra
251358,66575,Mahadula,1,Mahadula (CT) - Ward No.1,0,,0,0,,0,0,0,maharashtra
251358,1306979,Mahadula,10,Mahadula (CT) - Ward No.10,0,,0,0,,0,0,0,maharashtra
251358,1306980,Mahadula,11,Mahadula (CT) - Ward No.11,0,,0,0,,0,0,0,maharashtra
251358,1306981,Mahadula,12,Mahadula (CT) - Ward No.12,0,,0,0,,0,0,0,maharashtra
251358,1306982,Mahadula,13,Mahadula (CT) - Ward No.13,0,,0,0,,0,0,0,maharashtra
251358,1306983,Mahadula,14,Mahadula (CT) - Ward No.14,0,,0,0,,0,0,0,maharashtra
251358,1306984,Mahadula,15,Mahadula (CT) - Ward No.15,0,,0,0,,0,0,0,maharashtra
251358,1306985,Mahadula,16,Mahadula (CT) - Ward No.16,0,,0,0,,0,0,0,maharashtra
251358,1306986,Mahadula,17,Mahadula (CT) - Ward No.17,0,,0,0,,0,0,0,maharashtra
251358,66576,Mahadula,2,Mahadula (CT) - Ward No.2,0,,0,0,,0,0,0,maharashtra
251358,66577,Mahadula,3,Mahadula (CT) - Ward No.3,0,,0,0,,0,0,0,maharashtra
251358,66578,Mahadula,4,Mahadula (CT) - Ward No.4,0,,0,0,,0,0,0,maharashtra
251358,66579,Mahadula,5,Mahadula (CT) - Ward No.5,0,,0,0,,0,0,0,maharashtra
251358,66580,Mahadula,6,Mahadula (CT) - Ward No.6,0,,0,0,,0,0,0,maharashtra
251358,1306976,Mahadula,7,Mahadula (CT) - Ward No.7,0,,0,0,,0,0,0,maharashtra
251358,1306977,Mahadula,8,Mahadula (CT) - Ward No.8,0,,0,0,,0,0,0,maharashtra
251358,1306978,Mahadula,9,Mahadula (CT) - Ward No.9,0,,0,0,,0,0,0,maharashtra
276309,1306516,Mahagaon,1,Mahagaon Nagarpanchayat Ward No.1,0,,0,0,,0,0,0,maharashtra
276309,1306525,Mahagaon,10,Mahagaon Nagarpanchayat Ward No.10,0,,0,0,,0,0,0,maharashtra
276309,1306526,Mahagaon,11,Mahagaon Nagarpanchayat Ward No.11,0,,0,0,,0,0,0,maharashtra
276309,1306527,Mahagaon,12,Mahagaon Nagarpanchayat Ward No.12,0,,0,0,,0,0,0,maharashtra
276309,1306528,Mahagaon,13,Mahagaon Nagarpanchayat Ward No.13,0,,0,0,,0,0,0,maharashtra
276309,1306529,Mahagaon,14,Mahagaon Nagarpanchayat Ward No.14,0,,0,0,,0,0,0,maharashtra
276309,1306530,Mahagaon,15,Mahagaon Nagarpanchayat Ward No.15,0,,0,0,,0,0,0,maharashtra
276309,1306531,Mahagaon,16,Mahagaon Nagarpanchayat Ward No.16,0,,0,0,,0,0,0,maharashtra
276309,1306532,Mahagaon,17,Mahagaon Nagarpanchayat Ward No.17,0,,0,0,,0,0,0,maharashtra
276309,1306517,Mahagaon,2,Mahagaon Nagarpanchayat Ward No.2,0,,0,0,,0,0,0,maharashtra
276309,1306518,Mahagaon,3,Mahagaon Nagarpanchayat Ward No.3,0,,0,0,,0,0,0,maharashtra
276309,1306519,Mahagaon,4,Mahagaon Nagarpanchayat Ward No.4,0,,0,0,,0,0,0,maharashtra
276309,1306520,Mahagaon,5,Mahagaon Nagarpanchayat Ward No.5,0,,0,0,,0,0,0,maharashtra
276309,1306521,Mahagaon,6,Mahagaon Nagarpanchayat Ward No.6,0,,0,0,,0,0,0,maharashtra
276309,1306522,Mahagaon,7,Mahagaon Nagarpanchayat Ward No.7,0,,0,0,,0,0,0,maharashtra
276309,1306523,Mahagaon,8,Mahagaon Nagarpanchayat Ward No.8,0,,0,0,,0,0,0,maharashtra
276309,1306524,Mahagaon,9,Mahagaon Nagarpanchayat Ward No.9,0,,0,0,,0,0,0,maharashtra
298893,3233114,Mahalung Shripur,1,Mahalung Shripur (M Cl) Ward No. 1,0,,0,0,,0,0,0,maharashtra
298893,3233123,Mahalung Shripur,10,Mahalung Shripur (M Cl) Ward No. 10,0,,0,0,,0,0,0,maharashtra
298893,3233124,Mahalung Shripur,11,Mahalung Shripur (M Cl) Ward No. 11,0,,0,0,,0,0,0,maharashtra
298893,3233125,Mahalung Shripur,12,Mahalung Shripur (M Cl) Ward No. 12,0,,0,0,,0,0,0,maharashtra
298893,3233126,Mahalung Shripur,13,Mahalung Shripur (M Cl) Ward No. 13,0,,0,0,,0,0,0,maharashtra
298893,3233127,Mahalung Shripur,14,Mahalung Shripur (M Cl) Ward No. 14,0,,0,0,,0,0,0,maharashtra
298893,3233128,Mahalung Shripur,15,Mahalung Shripur (M Cl) Ward No. 15,0,,0,0,,0,0,0,maharashtra
298893,3233129,Mahalung Shripur,16,Mahalung Shripur (M Cl) Ward No. 16,0,,0,0,,0,0,0,maharashtra
298893,3233130,Mahalung Shripur,17,Mahalung Shripur (M Cl) Ward No. 17,0,,0,0,,0,0,0,maharashtra
298893,3233115,Mahalung Shripur,2,Mahalung Shripur (M Cl) Ward No. 2,0,,0,0,,0,0,0,maharashtra
298893,3233116,Mahalung Shripur,3,Mahalung Shripur (M Cl) Ward No. 3,0,,0,0,,0,0,0,maharashtra
298893,3233117,Mahalung Shripur,4,Mahalung Shripur (M Cl) Ward No. 4,0,,0,0,,0,0,0,maharashtra
298893,3233118,Mahalung Shripur,5,Mahalung Shripur (M Cl) Ward No. 5,0,,0,0,,0,0,0,maharashtra
298893,3233119,Mahalung Shripur,6,Mahalung Shripur (M Cl) Ward No. 6,0,,0,0,,0,0,0,maharashtra
298893,3233120,Mahalung Shripur,7,Mahalung Shripur (M Cl) Ward No. 7,0,,0,0,,0,0,0,maharashtra
298893,3233121,Mahalung Shripur,8,Mahalung Shripur (M Cl) Ward No. 8,0,,0,0,,0,0,0,maharashtra
298893,3233122,Mahalung Shripur,9,Mahalung Shripur (M Cl) Ward No. 9,0,,0,0,,0,0,0,maharashtra
258024,1816911,Mahur,10,Ward No.10 Police Station area and Godani Vihir Area,0,,0,0,,0,0,0,maharashtra
258024,1816912,Mahur,11,Ward No.11 Baripura,0,,0,0,,0,0,0,maharashtra
258024,1816913,Mahur,12,Ward No.12 Bramhan Galli,0,,0,0,,0,0,0,maharashtra
258024,1816914,Mahur,13,Ward No.13 Renuka Hotel area-Mathura nagar,0,,0,0,,0,0,0,maharashtra
258024,1816915,Mahur,14,Ward No.14 Raje madhukar deshmukh mominpura-lakad pura,0,,0,0,,0,0,0,maharashtra
258024,1816916,Mahur,15,Ward No.15 Momin pura-lakad pura,0,,0,0,,0,0,0,maharashtra
258024,1816917,Mahur,16,Ward No.16 Muslim Kabrsthan area,0,,0,0,,0,0,0,maharashtra
258024,1816918,Mahur,17,Ward No.17 Ganesh Nagar-Govt-rest house,0,,0,0,,0,0,0,maharashtra
258024,1816902,Mahur,1,Ward No.1 Bus Station area-Kapil Nagar area and Tanusha-Bhanusha Dargah area,0,,0,0,,0,0,0,maharashtra
258024,1816903,Mahur,2,Ward No.2 Aabasaheb Parvekar Nagar-Wadar Pura- B.N.Nagar,0,,0,0,,0,0,0,maharashtra
258024,1816904,Mahur,3,Ward No.3 Darmavadi School (Bhudhpura) area,0,,0,0,,0,0,0,maharashtra
258024,1816905,Mahur,4,Ward No.4 Gavali Pura-old Jagadamba School area jwellary Market-Dr.Pande Hospital area.,0,,0,0,,0,0,0,maharashtra
258024,1816906,Mahur,5,Ward No.5 Kashi vishveshwar temple area and komati pura,0,,0,0,,0,0,0,maharashtra
258024,1816907,Mahur,6,Ward No.6 Bagawan Pura and Khatik Pura,0,,0,0,,0,0,0,maharashtra
258024,1816908,Mahur,7,Ward No.7 Ambedkar Nagar (Bhodhapura),0,,0,0,,0,0,0,maharashtra
258024,1816909,Mahur,8,Ward No.8 Kolam Pura,0,,0,0,,0,0,0,maharashtra
258024,1816910,Mahur,9,Ward No.9 Police Station Back Side area-Fakir Mohala-Datt Nagar,0,,0,0,,0,0,0,maharashtra
251582,70993,Maindargi,1,Maindargi (M Cl) - Ward No.1,0,,0,0,,0,0,0,maharashtra
251582,70994,Maindargi,2,Maindargi (M Cl) - Ward No.2,0,,0,0,,0,0,0,maharashtra
251582,70995,Maindargi,3,Maindargi (M Cl) - Ward No.3,0,,0,0,,0,0,0,maharashtra
251582,70996,Maindargi,4,Maindargi (M Cl) - Ward No.4,0,,0,0,,0,0,0,maharashtra
251582,70997,Maindargi,5,Maindargi (M Cl) - Ward No.5,0,,0,0,,0,0,0,maharashtra
251582,70998,Maindargi,6,Maindargi (M Cl) - Ward No.6,0,,0,0,,0,0,0,maharashtra
251582,70999,Maindargi,7,Maindargi (M Cl) - Ward No.7,0,,0,0,,0,0,0,maharashtra
251556,58848,Majalgaon,12,Ambedkar Chauk-Dharur Raod-Mondha Bhag-Siddique Colony-Bhim Nagar-Azad Nagar-Gautam Nagar-Maulana Azad Chauk to Chandra Dhaba Baypass Road,0,,0,0,,0,0,0,maharashtra
251556,58847,Majalgaon,11,Ambedkar Chauk-Tanaji Nagar-Khandoba Maidan-Aarafat Colony-Rajesthani Mangal Karyalaya-Gandhanpura-Main Road,0,,0,0,,0,0,0,maharashtra
251556,58844,Majalgaon,8,Beed Road-Dabadgaonkar Colony-Court Road-Wadar Nagar-Raj Galli-Syed Galli-Pashu Vaidyakiy Davakhana-Taqiya Colony,0,,0,0,,0,0,0,maharashtra
251556,58842,Majalgaon,6,Beed Road-Shivaji Nagar-Aaysha Nagar-Phule Nagar-Police Colony,0,,0,0,,0,0,0,maharashtra
251556,58837,Majalgaon,1,Chhatraati Nagar-Tawani Complex Parisar-Sambaji Chauk-Samta Colony-Mangalnath Colony-Vivekananad nagar-Bank Colony,0,,0,0,,0,0,0,maharashtra
251556,58840,Majalgaon,4,Dr.Pawar Hopital-Tahsil Office-Shejul Oil Miil-Gajanan Nagar-B and C Road-Shahu Nagar-Khurpe Colony-Idgah Mohalla,0,,0,0,,0,0,0,maharashtra
251556,58843,Majalgaon,7,Gajanan Road-Radha Tokis-Jaybhim Nagar-Bilal Mohalla-Banjara Nagar-Bhim Nagar-Ayodhya Nagar-Dudh Deari-Mondha part-DR. Babasaheb Ambedkar chauk,0,,0,0,,0,0,0,maharashtra
251556,58846,Majalgaon,10,Main Road Markas Masjid-Math Road-Jujgar Galli-Nurani Masjid-Moghal Mohalla-Shelke Galli-Chaus Galli-Bhat Galli-Old Tahsil Road-Nagzari Dag Bangala Road-Zinzurke Galli,0,,0,0,,0,0,0,maharashtra
251556,58845,Majalgaon,9,Main Road-Old Part Bazar Road-Keli Market-Raj Galli-Kaikad Galli-Bhoi Galli-Khatik Galli-Bagwan Galli-Patil Galli-Kumbharwada-Sathe Nagar,0,,0,0,,0,0,0,maharashtra
251556,58838,Majalgaon,2,Samta Colony-Indira Nagar-Panchishil Nagar-Bhagatsing Chauk-Datt Mandir-Ashok nagar Part-Mahatma Fule School Back side part,0,,0,0,,0,0,0,maharashtra
251556,58839,Majalgaon,3,Samta Colony Part-Ashok Nagar-Jijamata Nagar-Kalika Nagar-Shivaji Nagar Part,0,,0,0,,0,0,0,maharashtra
251556,58841,Majalgaon,5,Shivaji Nagar-Jijimata Nagar-Aayesha Nagar part-Chandani Ground-Phule Nagar Part,0,,0,0,,0,0,0,maharashtra
251438,2339920,Malegaon,74,Bhayagaon (OG) WARD NO. 74,0,,0,0,,0,0,0,maharashtra
251438,2339919,Malegaon,73,Daregaon (OG) WARD NO. 73,0,,0,0,,0,0,0,maharashtra
251438,3257469,Malegaon,75,Dyane(CT),0,,0,0,,0,0,0,maharashtra
251438,3257472,Malegaon,78,Maldhe (CT),0,,0,0,,0,0,0,maharashtra
251438,62056,Malegaon,1,Malegaon (Mu Corp. + Og) Ward No. 01,0,,0,0,,0,0,0,maharashtra
251438,62057,Malegaon,2,Malegaon (Mu Corp. + Og) Ward No. 02,0,,0,0,,0,0,0,maharashtra
251438,62058,Malegaon,3,Malegaon (Mu Corp. + Og) Ward No. 03,0,,0,0,,0,0,0,maharashtra
251438,62059,Malegaon,4,Malegaon (Mu Corp. + Og) Ward No. 04,0,,0,0,,0,0,0,maharashtra
251438,62060,Malegaon,5,Malegaon (Mu Corp. + Og) Ward No. 05,0,,0,0,,0,0,0,maharashtra
251438,62061,Malegaon,6,Malegaon (Mu Corp. + Og) Ward No. 06,0,,0,0,,0,0,0,maharashtra
251438,62062,Malegaon,7,Malegaon (Mu Corp. + Og) Ward No. 07,0,,0,0,,0,0,0,maharashtra
251438,62063,Malegaon,8,Malegaon (Mu Corp. + Og) Ward No. 08,0,,0,0,,0,0,0,maharashtra
251438,62064,Malegaon,9,Malegaon (Mu Corp. + Og) Ward No. 09,0,,0,0,,0,0,0,maharashtra
251438,62065,Malegaon,10,Malegaon (Mu Corp. + Og) Ward No. 10,0,,0,0,,0,0,0,maharashtra
251438,62066,Malegaon,11,Malegaon (Mu Corp. + Og) Ward No. 11,0,,0,0,,0,0,0,maharashtra
251438,62067,Malegaon,12,Malegaon (Mu Corp. + Og) Ward No. 12,0,,0,0,,0,0,0,maharashtra
251438,62068,Malegaon,13,Malegaon (Mu Corp. + Og) Ward No. 13,0,,0,0,,0,0,0,maharashtra
251438,62069,Malegaon,14,Malegaon (Mu Corp. + Og) Ward No. 14,0,,0,0,,0,0,0,maharashtra
251438,62070,Malegaon,15,Malegaon (Mu Corp. + Og) Ward No. 15,0,,0,0,,0,0,0,maharashtra
251438,62071,Malegaon,16,Malegaon (Mu Corp. + Og) Ward No. 16,0,,0,0,,0,0,0,maharashtra
251438,62072,Malegaon,17,Malegaon (Mu Corp. + Og) Ward No. 17,0,,0,0,,0,0,0,maharashtra
251438,62073,Malegaon,18,Malegaon (Mu Corp. + Og) Ward No. 18,0,,0,0,,0,0,0,maharashtra
251438,62074,Malegaon,19,Malegaon (Mu Corp. + Og) Ward No. 19,0,,0,0,,0,0,0,maharashtra
251438,62075,Malegaon,20,Malegaon (Mu Corp. + Og) Ward No. 20,0,,0,0,,0,0,0,maharashtra
251438,62076,Malegaon,21,Malegaon (Mu Corp. + Og) Ward No. 21,0,,0,0,,0,0,0,maharashtra
251438,62077,Malegaon,22,Malegaon (Mu Corp. + Og) Ward No. 22,0,,0,0,,0,0,0,maharashtra
251438,62078,Malegaon,23,Malegaon (Mu Corp. + Og) Ward No. 23,0,,0,0,,0,0,0,maharashtra
251438,62079,Malegaon,24,Malegaon (Mu Corp. + Og) Ward No. 24,0,,0,0,,0,0,0,maharashtra
251438,62080,Malegaon,25,Malegaon (Mu Corp. + Og) Ward No. 25,0,,0,0,,0,0,0,maharashtra
251438,62081,Malegaon,26,Malegaon (Mu Corp. + Og) Ward No. 26,0,,0,0,,0,0,0,maharashtra
251438,62082,Malegaon,27,Malegaon (Mu Corp. + Og) Ward No. 27,0,,0,0,,0,0,0,maharashtra
251438,62083,Malegaon,28,Malegaon (Mu Corp. + Og) Ward No. 28,0,,0,0,,0,0,0,maharashtra
251438,62084,Malegaon,29,Malegaon (Mu Corp. + Og) Ward No. 29,0,,0,0,,0,0,0,maharashtra
251438,62085,Malegaon,30,Malegaon (Mu Corp. + Og) Ward No. 30,0,,0,0,,0,0,0,maharashtra
251438,62086,Malegaon,31,Malegaon (Mu Corp. + Og) Ward No. 31,0,,0,0,,0,0,0,maharashtra
251438,62087,Malegaon,32,Malegaon (Mu Corp. + Og) Ward No. 32,0,,0,0,,0,0,0,maharashtra
251438,62088,Malegaon,33,Malegaon (Mu Corp. + Og) Ward No. 33,0,,0,0,,0,0,0,maharashtra
251438,62089,Malegaon,34,Malegaon (Mu Corp. + Og) Ward No. 34,0,,0,0,,0,0,0,maharashtra
251438,62090,Malegaon,35,Malegaon (Mu Corp. + Og) Ward No. 35,0,,0,0,,0,0,0,maharashtra
251438,62091,Malegaon,36,Malegaon (Mu Corp. + Og) Ward No. 36,0,,0,0,,0,0,0,maharashtra
251438,62092,Malegaon,37,Malegaon (Mu Corp. + Og) Ward No. 37,0,,0,0,,0,0,0,maharashtra
251438,62093,Malegaon,38,Malegaon (Mu Corp. + Og) Ward No. 38,0,,0,0,,0,0,0,maharashtra
251438,62094,Malegaon,39,Malegaon (Mu Corp. + Og) Ward No. 39,0,,0,0,,0,0,0,maharashtra
251438,62095,Malegaon,40,Malegaon (Mu Corp. + Og) Ward No. 40,0,,0,0,,0,0,0,maharashtra
251438,62096,Malegaon,41,Malegaon (Mu Corp. + Og) Ward No. 41,0,,0,0,,0,0,0,maharashtra
251438,62097,Malegaon,42,Malegaon (Mu Corp. + Og) Ward No. 42,0,,0,0,,0,0,0,maharashtra
251438,62098,Malegaon,43,Malegaon (Mu Corp. + Og) Ward No. 43,0,,0,0,,0,0,0,maharashtra
251438,62099,Malegaon,44,Malegaon (Mu Corp. + Og) Ward No. 44,0,,0,0,,0,0,0,maharashtra
251438,62100,Malegaon,45,Malegaon (Mu Corp. + Og) Ward No. 45,0,,0,0,,0,0,0,maharashtra
251438,62101,Malegaon,46,Malegaon (Mu Corp. + Og) Ward No. 46,0,,0,0,,0,0,0,maharashtra
251438,62102,Malegaon,47,Malegaon (Mu Corp. + Og) Ward No. 47,0,,0,0,,0,0,0,maharashtra
251438,62103,Malegaon,48,Malegaon (Mu Corp. + Og) Ward No. 48,0,,0,0,,0,0,0,maharashtra
251438,62104,Malegaon,49,Malegaon (Mu Corp. + Og) Ward No. 49,0,,0,0,,0,0,0,maharashtra
251438,62105,Malegaon,50,Malegaon (Mu Corp. + Og) Ward No. 50,0,,0,0,,0,0,0,maharashtra
251438,62106,Malegaon,51,Malegaon (Mu Corp. + Og) Ward No. 51,0,,0,0,,0,0,0,maharashtra
251438,62107,Malegaon,52,Malegaon (Mu Corp. + Og) Ward No. 52,0,,0,0,,0,0,0,maharashtra
251438,62108,Malegaon,53,Malegaon (Mu Corp. + Og) Ward No. 53,0,,0,0,,0,0,0,maharashtra
251438,62109,Malegaon,54,Malegaon (Mu Corp. + Og) Ward No. 54,0,,0,0,,0,0,0,maharashtra
251438,62110,Malegaon,55,Malegaon (Mu Corp. + Og) Ward No. 55,0,,0,0,,0,0,0,maharashtra
251438,62111,Malegaon,56,Malegaon (Mu Corp. + Og) Ward No. 56,0,,0,0,,0,0,0,maharashtra
251438,62112,Malegaon,57,Malegaon (Mu Corp. + Og) Ward No. 57,0,,0,0,,0,0,0,maharashtra
251438,62113,Malegaon,58,Malegaon (Mu Corp. + Og) Ward No. 58,0,,0,0,,0,0,0,maharashtra
251438,62114,Malegaon,59,Malegaon (Mu Corp. + Og) Ward No. 59,0,,0,0,,0,0,0,maharashtra
251438,62115,Malegaon,60,Malegaon (Mu Corp. + Og) Ward No. 60,0,,0,0,,0,0,0,maharashtra
251438,62116,Malegaon,61,Malegaon (Mu Corp. + Og) Ward No. 61,0,,0,0,,0,0,0,maharashtra
251438,62117,Malegaon,62,Malegaon (Mu Corp. + Og) Ward No. 62,0,,0,0,,0,0,0,maharashtra
251438,62118,Malegaon,63,Malegaon (Mu Corp. + Og) Ward No. 63,0,,0,0,,0,0,0,maharashtra
251438,62119,Malegaon,64,Malegaon (Mu Corp. + Og) Ward No. 64,0,,0,0,,0,0,0,maharashtra
251438,62120,Malegaon,65,Malegaon (Mu Corp. + Og) Ward No. 65,0,,0,0,,0,0,0,maharashtra
251438,69665,Malegaon,66,Malegaon (Mu Corp. + Og) Ward No. 66,0,,0,0,,0,0,0,maharashtra
251438,69666,Malegaon,67,Malegaon (Mu Corp. + Og) Ward No. 67,0,,0,0,,0,0,0,maharashtra
251438,69667,Malegaon,68,Malegaon (Mu Corp. + Og) Ward No. 68,0,,0,0,,0,0,0,maharashtra
251438,69668,Malegaon,69,Malegaon (Mu Corp. + Og) Ward No. 69,0,,0,0,,0,0,0,maharashtra
251438,69669,Malegaon,70,Malegaon (Mu Corp. + Og) Ward No. 70,0,,0,0,,0,0,0,maharashtra
251438,69670,Malegaon,71,Malegaon (Mu Corp. + Og) Ward No. 71,0,,0,0,,0,0,0,maharashtra
251438,69723,Malegaon,72,Malegaon (Mu Corp. + Og) Ward No. 72,0,,0,0,,0,0,0,maharashtra
276293,1800870,Malegaon,1,Malegaon (NP)- Ward No. 1,0,,0,0,,0,0,0,maharashtra
276293,2325365,Malegaon,10,Malegaon (NP)- Ward No. 10,0,,0,0,,0,0,0,maharashtra
276293,2325366,Malegaon,11,Malegaon (NP)- Ward No. 11,0,,0,0,,0,0,0,maharashtra
276293,2325476,Malegaon,12,Malegaon (NP)- Ward No. 12,0,,0,0,,0,0,0,maharashtra
276293,2325477,Malegaon,13,Malegaon (NP)- Ward No. 13,0,,0,0,,0,0,0,maharashtra
276293,2325478,Malegaon,14,Malegaon (NP)- Ward No. 14,0,,0,0,,0,0,0,maharashtra
276293,2325479,Malegaon,15,Malegaon (NP)- Ward No. 15,0,,0,0,,0,0,0,maharashtra
276293,2325480,Malegaon,16,Malegaon (NP)- Ward No. 16,0,,0,0,,0,0,0,maharashtra
276293,2325481,Malegaon,17,Malegaon (NP)- Ward No. 17,0,,0,0,,0,0,0,maharashtra
276293,1800871,Malegaon,2,Malegaon (NP)- Ward No. 2,0,,0,0,,0,0,0,maharashtra
276293,1800872,Malegaon,3,Malegaon (NP)- Ward No. 3,0,,0,0,,0,0,0,maharashtra
276293,1800873,Malegaon,4,Malegaon (NP)- Ward No. 4,0,,0,0,,0,0,0,maharashtra
276293,1800874,Malegaon,5,Malegaon (NP)- Ward No. 5,0,,0,0,,0,0,0,maharashtra
276293,1800875,Malegaon,6,Malegaon (NP)- Ward No. 6,0,,0,0,,0,0,0,maharashtra
276293,2325362,Malegaon,7,Malegaon (NP)- Ward No. 7,0,,0,0,,0,0,0,maharashtra
276293,2325363,Malegaon,8,Malegaon (NP)- Ward No. 8,0,,0,0,,0,0,0,maharashtra
276293,2325364,Malegaon,9,Malegaon (NP)- Ward No. 9,0,,0,0,,0,0,0,maharashtra
251438,3257471,Malegaon,77,Sangameshwar (CT),0,,0,0,,0,0,0,maharashtra
251438,3257473,Malegaon,79,Saybe Bk,0,,0,0,,0,0,0,maharashtra
251438,3257470,Malegaon,76,Soygaon (CT),0,,0,0,,0,0,0,maharashtra
300394,3257258,Malegaon Budruk,1,ward no. 1,0,,0,0,,0,0,0,maharashtra
300394,3257267,Malegaon Budruk,10,ward no. 10,0,,0,0,,0,0,0,maharashtra
300394,3257268,Malegaon Budruk,11,ward no. 11,0,,0,0,,0,0,0,maharashtra
300394,3257269,Malegaon Budruk,12,ward no. 12,0,,0,0,,0,0,0,maharashtra
300394,3257270,Malegaon Budruk,13,ward no. 13,0,,0,0,,0,0,0,maharashtra
300394,3257271,Malegaon Budruk,14,ward no. 14,0,,0,0,,0,0,0,maharashtra
300394,3257272,Malegaon Budruk,15,ward no. 15,0,,0,0,,0,0,0,maharashtra
300394,3257273,Malegaon Budruk,16,ward no. 16,0,,0,0,,0,0,0,maharashtra
300394,3257274,Malegaon Budruk,17,ward no. 17,0,,0,0,,0,0,0,maharashtra
300394,3257259,Malegaon Budruk,2,ward no. 2,0,,0,0,,0,0,0,maharashtra
300394,3257260,Malegaon Budruk,3,ward no. 3,0,,0,0,,0,0,0,maharashtra
300394,3257261,Malegaon Budruk,4,ward no. 4,0,,0,0,,0,0,0,maharashtra
300394,3257262,Malegaon Budruk,5,ward no. 5,0,,0,0,,0,0,0,maharashtra
300394,3257263,Malegaon Budruk,6,ward no. 6,0,,0,0,,0,0,0,maharashtra
300394,3257264,Malegaon Budruk,7,ward no. 7,0,,0,0,,0,0,0,maharashtra
300394,3257265,Malegaon Budruk,8,ward no. 8,0,,0,0,,0,0,0,maharashtra
300394,3257266,Malegaon Budruk,9,ward no. 9,0,,0,0,,0,0,0,maharashtra
251301,45403,Malkapur,1,Ahmedshahpura,0,,0,0,,0,0,0,maharashtra
251301,45408,Malkapur,6,Bhim Nagar,0,,0,0,,0,0,0,maharashtra
251301,45412,Malkapur,10,chalis bigha,0,,0,0,,0,0,0,maharashtra
251301,45407,Malkapur,5,Cyclepura,0,,0,0,,0,0,0,maharashtra
251301,45405,Malkapur,3,Durga Nagar,0,,0,0,,0,0,0,maharashtra
251301,45415,Malkapur,13,Hodkar Ward,0,,0,0,,0,0,0,maharashtra
251301,45416,Malkapur,14,Madar Hill,0,,0,0,,0,0,0,maharashtra
251314,1755557,Malkapur,1,Malkapur-Satara Ward No. 1,0,,0,0,,0,0,0,maharashtra
251314,1755558,Malkapur,2,Malkapur-Satara Ward No. 2,0,,0,0,,0,0,0,maharashtra
251314,1755559,Malkapur,3,Malkapur-Satara Ward No. 3,0,,0,0,,0,0,0,maharashtra
251314,1755560,Malkapur,4,Malkapur-Satara Ward No. 4,0,,0,0,,0,0,0,maharashtra
251314,1755561,Malkapur,5,Malkapur-Satara Ward No. 5,0,,0,0,,0,0,0,maharashtra
251314,1755562,Malkapur,6,Malkapur-Satara Ward No. 6,0,,0,0,,0,0,0,maharashtra
251314,1755563,Malkapur,7,Malkapur-Satara Ward No. 7,0,,0,0,,0,0,0,maharashtra
251314,1755564,Malkapur,8,Malkapur-Satara Ward No. 8,0,,0,0,,0,0,0,maharashtra
251314,3257292,Malkapur,9,Malkapur-Satara Ward No. 9,0,,0,0,,0,0,0,maharashtra
251301,45406,Malkapur,4,Mangal Gate,0,,0,0,,0,0,0,maharashtra
251301,45404,Malkapur,2,Mohanpura,0,,0,0,,0,0,0,maharashtra
251301,45414,Malkapur,12,Qureshi Nagar,0,,0,0,,0,0,0,maharashtra
251301,45413,Malkapur,11,Radhakrishna Chal,0,,0,0,,0,0,0,maharashtra
251301,45411,Malkapur,9,Ramwadi,0,,0,0,,0,0,0,maharashtra
251301,45417,Malkapur,15,Salipura,0,,0,0,,0,0,0,maharashtra
251301,45410,Malkapur,8,Shivaji Nagar,0,,0,0,,0,0,0,maharashtra
251301,45409,Malkapur,7,Swami Vivekananda Nagar,0,,0,0,,0,0,0,maharashtra
251614,77366,Malkapur-Kolhapur,10,Malkapur (M Cl) - Ward No.10,0,,0,0,,0,0,0,maharashtra
251614,77367,Malkapur-Kolhapur,11,Malkapur (M Cl) - Ward No.11,0,,0,0,,0,0,0,maharashtra
251614,77368,Malkapur-Kolhapur,12,Malkapur (M Cl) - Ward No.12,0,,0,0,,0,0,0,maharashtra
251614,77369,Malkapur-Kolhapur,13,Malkapur (M Cl) - Ward No.13,0,,0,0,,0,0,0,maharashtra
251614,77370,Malkapur-Kolhapur,14,Malkapur (M Cl) - Ward No.14,0,,0,0,,0,0,0,maharashtra
251614,77371,Malkapur-Kolhapur,15,Malkapur (M Cl) - Ward No.15,0,,0,0,,0,0,0,maharashtra
251614,77372,Malkapur-Kolhapur,16,Malkapur (M Cl) - Ward No.16,0,,0,0,,0,0,0,maharashtra
251614,77373,Malkapur-Kolhapur,17,Malkapur (M Cl) - Ward No.17,0,,0,0,,0,0,0,maharashtra
251614,77365,Malkapur-Kolhapur,9,Malkapur (M Cl) - Ward No.9,0,,0,0,,0,0,0,maharashtra
251614,77357,Malkapur-Kolhapur,1,Ward No.1,0,,0,0,,0,0,0,maharashtra
251614,77358,Malkapur-Kolhapur,2,Ward No.2,0,,0,0,,0,0,0,maharashtra
251614,77359,Malkapur-Kolhapur,3,Ward No.3,0,,0,0,,0,0,0,maharashtra
251614,77360,Malkapur-Kolhapur,4,Ward No.4,0,,0,0,,0,0,0,maharashtra
251614,77361,Malkapur-Kolhapur,5,Ward No.5,0,,0,0,,0,0,0,maharashtra
251614,77362,Malkapur-Kolhapur,6,Ward No.6,0,,0,0,,0,0,0,maharashtra
251614,77363,Malkapur-Kolhapur,7,Ward No.7,0,,0,0,,0,0,0,maharashtra
251614,77364,Malkapur-Kolhapur,8,Ward No.8,0,,0,0,,0,0,0,maharashtra
276303,1306261,Malshiras,1,Malshiras (N P)-Ward No.1,0,,0,0,,0,0,0,maharashtra
276303,1306270,Malshiras,10,Malshiras (N P)-Ward No.10,0,,0,0,,0,0,0,maharashtra
276303,1306271,Malshiras,11,Malshiras (N P)-Ward No.11,0,,0,0,,0,0,0,maharashtra
276303,1306272,Malshiras,12,Malshiras (N P)-Ward No.12,0,,0,0,,0,0,0,maharashtra
276303,1306273,Malshiras,13,Malshiras (N P)-Ward No.13,0,,0,0,,0,0,0,maharashtra
276303,1306274,Malshiras,14,Malshiras (N P)-Ward No.14,0,,0,0,,0,0,0,maharashtra
276303,1306275,Malshiras,15,Malshiras (N P)-Ward No.15,0,,0,0,,0,0,0,maharashtra
276303,1306276,Malshiras,16,Malshiras (N P)-Ward No.16,0,,0,0,,0,0,0,maharashtra
276303,1306277,Malshiras,17,Malshiras (N P)-Ward No.17,0,,0,0,,0,0,0,maharashtra
276303,1306262,Malshiras,2,Malshiras (N P)-Ward No.2,0,,0,0,,0,0,0,maharashtra
276303,1306263,Malshiras,3,Malshiras (N P)-Ward No.3,0,,0,0,,0,0,0,maharashtra
276303,1306264,Malshiras,4,Malshiras (N P)-Ward No.4,0,,0,0,,0,0,0,maharashtra
276303,1306265,Malshiras,5,Malshiras (N P)-Ward No.5,0,,0,0,,0,0,0,maharashtra
276303,1306266,Malshiras,6,Malshiras (N P)-Ward No.6,0,,0,0,,0,0,0,maharashtra
276303,1306267,Malshiras,7,Malshiras (N P)-Ward No.7,0,,0,0,,0,0,0,maharashtra
276303,1306268,Malshiras,8,Malshiras (N P)-Ward No.8,0,,0,0,,0,0,0,maharashtra
276303,1306269,Malshiras,9,Malshiras (N P)-Ward No.9,0,,0,0,,0,0,0,maharashtra
251610,73181,Malwan,1,Malwan (M Cl) - Ward No.1,0,,0,0,,0,0,0,maharashtra
251610,73190,Malwan,10,Malwan (M Cl) - Ward No.10,0,,0,0,,0,0,0,maharashtra
251610,73191,Malwan,11,Malwan (M Cl) - Ward No.11,0,,0,0,,0,0,0,maharashtra
251610,73192,Malwan,12,Malwan (M Cl) - Ward No.12,0,,0,0,,0,0,0,maharashtra
251610,73193,Malwan,13,Malwan (M Cl) - Ward No.13,0,,0,0,,0,0,0,maharashtra
251610,73194,Malwan,14,Malwan (M Cl) - Ward No.14,0,,0,0,,0,0,0,maharashtra
251610,73195,Malwan,15,Malwan (M Cl) - Ward No.15,0,,0,0,,0,0,0,maharashtra
251610,73196,Malwan,16,Malwan (M Cl) - Ward No.16,0,,0,0,,0,0,0,maharashtra
251610,73197,Malwan,17,Malwan (M Cl) - Ward No.17,0,,0,0,,0,0,0,maharashtra
251610,73182,Malwan,2,Malwan (M Cl) - Ward No.2,0,,0,0,,0,0,0,maharashtra
251610,73183,Malwan,3,Malwan (M Cl) - Ward No.3,0,,0,0,,0,0,0,maharashtra
251610,73184,Malwan,4,Malwan (M Cl) - Ward No.4,0,,0,0,,0,0,0,maharashtra
251610,73185,Malwan,5,Malwan (M Cl) - Ward No.5,0,,0,0,,0,0,0,maharashtra
251610,73186,Malwan,6,Malwan (M Cl) - Ward No.6,0,,0,0,,0,0,0,maharashtra
251610,73187,Malwan,7,Malwan (M Cl) - Ward No.7,0,,0,0,,0,0,0,maharashtra
251610,73188,Malwan,8,Malwan (M Cl) - Ward No.8,0,,0,0,,0,0,0,maharashtra
251610,73189,Malwan,9,Malwan (M Cl) - Ward No.9,0,,0,0,,0,0,0,maharashtra
300391,3257275,Manchar,1,ward no. 1,0,,0,0,,0,0,0,maharashtra
300391,3257284,Manchar,10,ward no. 10,0,,0,0,,0,0,0,maharashtra
300391,3257285,Manchar,11,ward no. 11,0,,0,0,,0,0,0,maharashtra
300391,3257286,Manchar,12,ward no. 12,0,,0,0,,0,0,0,maharashtra
300391,3257287,Manchar,13,ward no. 13,0,,0,0,,0,0,0,maharashtra
300391,3257288,Manchar,14,ward no. 14,0,,0,0,,0,0,0,maharashtra
300391,3257289,Manchar,15,ward no. 15,0,,0,0,,0,0,0,maharashtra
300391,3257290,Manchar,16,ward no. 16,0,,0,0,,0,0,0,maharashtra
300391,3257291,Manchar,17,ward no. 17,0,,0,0,,0,0,0,maharashtra
300391,3257276,Manchar,2,ward no. 2,0,,0,0,,0,0,0,maharashtra
300391,3257277,Manchar,3,ward no. 3,0,,0,0,,0,0,0,maharashtra
300391,3257278,Manchar,4,ward no. 4,0,,0,0,,0,0,0,maharashtra
300391,3257279,Manchar,5,ward no. 5,0,,0,0,,0,0,0,maharashtra
300391,3257280,Manchar,6,ward no. 6,0,,0,0,,0,0,0,maharashtra
300391,3257281,Manchar,7,ward no. 7,0,,0,0,,0,0,0,maharashtra
300391,3257282,Manchar,8,ward no. 8,0,,0,0,,0,0,0,maharashtra
300391,3257283,Manchar,9,ward no. 9,0,,0,0,,0,0,0,maharashtra
276295,2307944,Mandangad,1,Mandangad Np Ward No. 1,0,,0,0,,0,0,0,maharashtra
276295,2307953,Mandangad,10,Mandangad Np Ward No. 10,0,,0,0,,0,0,0,maharashtra
276295,2307954,Mandangad,11,Mandangad Np Ward No. 11,0,,0,0,,0,0,0,maharashtra
276295,2307955,Mandangad,12,Mandangad Np Ward No. 12,0,,0,0,,0,0,0,maharashtra
276295,2307956,Mandangad,13,Mandangad Np Ward No. 13,0,,0,0,,0,0,0,maharashtra
276295,2307957,Mandangad,14,Mandangad Np Ward No. 14,0,,0,0,,0,0,0,maharashtra
276295,2307958,Mandangad,15,Mandangad Np Ward No. 15,0,,0,0,,0,0,0,maharashtra
276295,2307959,Mandangad,16,Mandangad Np Ward No. 16,0,,0,0,,0,0,0,maharashtra
276295,2307960,Mandangad,17,Mandangad Np Ward No. 17,0,,0,0,,0,0,0,maharashtra
276295,2307945,Mandangad,2,Mandangad Np Ward No. 2,0,,0,0,,0,0,0,maharashtra
276295,2307946,Mandangad,3,Mandangad Np Ward No. 3,0,,0,0,,0,0,0,maharashtra
276295,2307947,Mandangad,4,Mandangad Np Ward No. 4,0,,0,0,,0,0,0,maharashtra
276295,2307948,Mandangad,5,Mandangad Np Ward No. 5,0,,0,0,,0,0,0,maharashtra
276295,2307949,Mandangad,6,Mandangad Np Ward No. 6,0,,0,0,,0,0,0,maharashtra
276295,2307950,Mandangad,7,Mandangad Np Ward No. 7,0,,0,0,,0,0,0,maharashtra
276295,2307951,Mandangad,8,Mandangad Np Ward No. 8,0,,0,0,,0,0,0,maharashtra
276295,2307952,Mandangad,9,Mandangad Np Ward No. 9,0,,0,0,,0,0,0,maharashtra
251580,70956,Mangalvedhe,1,Mangalvedhe (M Cl) - Ward No.1,0,,0,0,,0,0,0,maharashtra
251580,70957,Mangalvedhe,2,Mangalvedhe (M Cl) - Ward No.2,0,,0,0,,0,0,0,maharashtra
251580,70958,Mangalvedhe,3,Mangalvedhe (M Cl) - Ward No.3,0,,0,0,,0,0,0,maharashtra
251580,70959,Mangalvedhe,4,Mangalvedhe (M Cl) - Ward No.4,0,,0,0,,0,0,0,maharashtra
251580,70960,Mangalvedhe,5,Mangalvedhe (M Cl) - Ward No.5,0,,0,0,,0,0,0,maharashtra
251580,70961,Mangalvedhe,6,Mangalvedhe (M Cl) - Ward No.6,0,,0,0,,0,0,0,maharashtra
251580,70962,Mangalvedhe,7,Mangalvedhe (M Cl) - Ward No.7,0,,0,0,,0,0,0,maharashtra
251580,70963,Mangalvedhe,8,Mangalvedhe (M Cl) - Ward No.8,0,,0,0,,0,0,0,maharashtra
276268,1306410,Mangaon,5,Bhadav-5,0,,0,0,,0,0,0,maharashtra
276268,1306417,Mangaon,12,Khandad-12,0,,0,0,,0,0,0,maharashtra
276268,1306420,Mangaon,15,Khandad-15,0,,0,0,,0,0,0,maharashtra
276268,1306421,Mangaon,16,Khandad-16,0,,0,0,,0,0,0,maharashtra
276268,1306422,Mangaon,17,Mangaon-17,0,,0,0,,0,0,0,maharashtra
276268,1306416,Mangaon,11,Nanore-11,0,,0,0,,0,0,0,maharashtra
276268,1306406,Mangaon,1,Utekhol-1,0,,0,0,,0,0,0,maharashtra
276268,1306415,Mangaon,10,Utekhol-10,0,,0,0,,0,0,0,maharashtra
276268,1306418,Mangaon,13,Utekhol-13,0,,0,0,,0,0,0,maharashtra
276268,1306419,Mangaon,14,Utekhol-14,0,,0,0,,0,0,0,maharashtra
276268,1306407,Mangaon,2,Utekhol-2,0,,0,0,,0,0,0,maharashtra
276268,1306408,Mangaon,3,Utekhol-3,0,,0,0,,0,0,0,maharashtra
276268,1306409,Mangaon,4,Utekhol-4,0,,0,0,,0,0,0,maharashtra
276268,1306411,Mangaon,6,Utekhol-6,0,,0,0,,0,0,0,maharashtra
276268,1306412,Mangaon,7,Utekhol-7,0,,0,0,,0,0,0,maharashtra
276268,1306413,Mangaon,8,Utekhol-8,0,,0,0,,0,0,0,maharashtra
276268,1306414,Mangaon,9,Utekhol-9,0,,0,0,,0,0,0,maharashtra
251317,2324804,Mangrulpir,01,Mangrulpir(M Cl)- Ward No. 01,0,,0,0,,0,0,0,maharashtra
251317,2324805,Mangrulpir,02,Mangrulpir(M Cl)- Ward No. 02,0,,0,0,,0,0,0,maharashtra
251317,2324806,Mangrulpir,03,Mangrulpir(M Cl)- Ward No. 03,0,,0,0,,0,0,0,maharashtra
251317,2324807,Mangrulpir,04,Mangrulpir(M Cl)- Ward No. 04,0,,0,0,,0,0,0,maharashtra
251317,2324808,Mangrulpir,05,Mangrulpir(M Cl)- Ward No. 05,0,,0,0,,0,0,0,maharashtra
251317,2324809,Mangrulpir,06,Mangrulpir(M Cl)- Ward No. 06,0,,0,0,,0,0,0,maharashtra
251317,2324810,Mangrulpir,07,Mangrulpir(M Cl)- Ward No. 07,0,,0,0,,0,0,0,maharashtra
251317,2324811,Mangrulpir,08,Mangrulpir(M Cl)- Ward No. 08,0,,0,0,,0,0,0,maharashtra
251317,2324812,Mangrulpir,09,Mangrulpir(M Cl)- Ward No. 09,0,,0,0,,0,0,0,maharashtra
251440,47881,Manmad,1,Manmad (Mu Cl) - Ward N.01,0,,0,0,,0,0,0,maharashtra
251440,47882,Manmad,2,Manmad (Mu Cl) - Ward N.02,0,,0,0,,0,0,0,maharashtra
251440,47883,Manmad,3,Manmad (Mu Cl) - Ward N.03,0,,0,0,,0,0,0,maharashtra
251440,47884,Manmad,4,Manmad (Mu Cl) - Ward N.04,0,,0,0,,0,0,0,maharashtra
251440,47885,Manmad,5,Manmad (Mu Cl) - Ward N.05,0,,0,0,,0,0,0,maharashtra
251440,47886,Manmad,6,Manmad (Mu Cl) - Ward N.06,0,,0,0,,0,0,0,maharashtra
251440,47887,Manmad,7,Manmad (Mu Cl) - Ward N.07,0,,0,0,,0,0,0,maharashtra
251440,47888,Manmad,8,Manmad (Mu Cl) - Ward N.08,0,,0,0,,0,0,0,maharashtra
251440,47889,Manmad,9,Manmad (Mu Cl) - Ward N.09,0,,0,0,,0,0,0,maharashtra
251440,47890,Manmad,10,Manmad (Mu Cl) - Ward N.10,0,,0,0,,0,0,0,maharashtra
251440,47891,Manmad,11,Manmad (Mu Cl) - Ward N.11,0,,0,0,,0,0,0,maharashtra
251440,47892,Manmad,12,Manmad (Mu Cl) - Ward N.12,0,,0,0,,0,0,0,maharashtra
251440,47893,Manmad,13,Manmad (Mu Cl) - Ward N.13,0,,0,0,,0,0,0,maharashtra
251440,47894,Manmad,14,Manmad (Mu Cl) - Ward N.14,0,,0,0,,0,0,0,maharashtra
251440,47895,Manmad,15,Manmad (Mu Cl) - Ward N.15,0,,0,0,,0,0,0,maharashtra
251440,47896,Manmad,16,Manmad (Mu Cl) - Ward N.16,0,,0,0,,0,0,0,maharashtra
251440,47897,Manmad,17,Manmad (Mu Cl) - Ward N.17,0,,0,0,,0,0,0,maharashtra
251440,47898,Manmad,18,Manmad (Mu Cl) - Ward N.18,0,,0,0,,0,0,0,maharashtra
251440,47899,Manmad,19,Manmad (Mu Cl) - Ward N.19,0,,0,0,,0,0,0,maharashtra
251440,47900,Manmad,20,Manmad (Mu Cl) - Ward N.20,0,,0,0,,0,0,0,maharashtra
251440,47901,Manmad,21,Manmad (Mu Cl) - Ward N.21,0,,0,0,,0,0,0,maharashtra
251440,47902,Manmad,22,Manmad (Mu Cl) - Ward N.22,0,,0,0,,0,0,0,maharashtra
251440,47903,Manmad,23,Manmad (Mu Cl) - Ward N.23,0,,0,0,,0,0,0,maharashtra
251440,47904,Manmad,24,Manmad (Mu Cl) - Ward N.24,0,,0,0,,0,0,0,maharashtra
251440,47905,Manmad,25,Manmad (Mu Cl) - Ward N.25,0,,0,0,,0,0,0,maharashtra
251440,47906,Manmad,26,Manmad (Mu Cl) - Ward N.26,0,,0,0,,0,0,0,maharashtra
251440,47907,Manmad,27,Manmad (Mu Cl) - Ward N.27,0,,0,0,,0,0,0,maharashtra
251440,2312707,Manmad,28,Manmad (Mu Cl) - Ward N.28,0,,0,0,,0,0,0,maharashtra
251440,2312708,Manmad,29,Manmad (Mu Cl) - Ward N.29,0,,0,0,,0,0,0,maharashtra
251440,2312709,Manmad,30,Manmad (Mu Cl) - Ward N.30,0,,0,0,,0,0,0,maharashtra
251440,2312710,Manmad,31,Manmad (Mu Cl) - Ward N.31,0,,0,0,,0,0,0,maharashtra
276294,3257381,Manora,01,Manora (NP) Ward No. 1,0,,0,0,,0,0,0,maharashtra
276294,3257390,Manora,10,Manora (NP) Ward No. 10,0,,0,0,,0,0,0,maharashtra
276294,3257391,Manora,11,Manora (NP) Ward No. 11,0,,0,0,,0,0,0,maharashtra
276294,3257392,Manora,12,Manora (NP) Ward No. 12,0,,0,0,,0,0,0,maharashtra
276294,3257393,Manora,13,Manora (NP) Ward No. 13,0,,0,0,,0,0,0,maharashtra
276294,3257394,Manora,14,Manora (NP) Ward No. 14,0,,0,0,,0,0,0,maharashtra
276294,3257395,Manora,15,Manora (NP) Ward No. 15,0,,0,0,,0,0,0,maharashtra
276294,3257396,Manora,16,Manora (NP) Ward No. 16,0,,0,0,,0,0,0,maharashtra
276294,3257397,Manora,17,Manora (NP) Ward No. 17,0,,0,0,,0,0,0,maharashtra
276294,3257382,Manora,02,Manora (NP) Ward No. 2,0,,0,0,,0,0,0,maharashtra
276294,3257383,Manora,03,Manora (NP) Ward No. 3,0,,0,0,,0,0,0,maharashtra
276294,3257384,Manora,04,Manora (NP) Ward No. 4,0,,0,0,,0,0,0,maharashtra
276294,3257385,Manora,05,Manora (NP) Ward No. 5,0,,0,0,,0,0,0,maharashtra
276294,3257386,Manora,06,Manora (NP) Ward No. 6,0,,0,0,,0,0,0,maharashtra
276294,3257387,Manora,07,Manora (NP) Ward No. 7,0,,0,0,,0,0,0,maharashtra
276294,3257388,Manora,08,Manora (NP) Ward No. 8,0,,0,0,,0,0,0,maharashtra
276294,3257389,Manora,09,Manora (NP) Ward No. 9,0,,0,0,,0,0,0,maharashtra
276294,3257398,Manora,1,Ward No.01,0,,0,0,,0,0,0,maharashtra
276294,3257399,Manora,2,Ward No.02,0,,0,0,,0,0,0,maharashtra
276294,3257400,Manora,3,Ward No.03,0,,0,0,,0,0,0,maharashtra
276294,3257401,Manora,4,Ward No.04,0,,0,0,,0,0,0,maharashtra
276294,3257407,Manora,10,Ward No. 10,0,,0,0,,0,0,0,maharashtra
276294,3257408,Manora,11,Ward No. 11,0,,0,0,,0,0,0,maharashtra
276294,3257409,Manora,12,Ward No.12,0,,0,0,,0,0,0,maharashtra
276294,3257410,Manora,13,Ward No. 13,0,,0,0,,0,0,0,maharashtra
276294,3257411,Manora,14,Ward No. 14,0,,0,0,,0,0,0,maharashtra
276294,3257412,Manora,15,Ward No.15,0,,0,0,,0,0,0,maharashtra
276294,3257413,Manora,16,Ward No.16,0,,0,0,,0,0,0,maharashtra
276294,3257414,Manora,17,Ward No.17,0,,0,0,,0,0,0,maharashtra
276294,3257402,Manora,5,Ward No. 5,0,,0,0,,0,0,0,maharashtra
276294,3257403,Manora,6,Ward No.6,0,,0,0,,0,0,0,maharashtra
276294,3257404,Manora,7,Ward No. 7,0,,0,0,,0,0,0,maharashtra
276294,3257405,Manora,8,Ward No.8,0,,0,0,,0,0,0,maharashtra
276294,3257406,Manora,9,Ward No.9,0,,0,0,,0,0,0,maharashtra
276371,1305092,Mantha,1,Mantha (N P) - Ward No. 1,0,,0,0,,0,0,0,maharashtra
276371,1305101,Mantha,10,Mantha (N P) - Ward No. 10,0,,0,0,,0,0,0,maharashtra
276371,1305102,Mantha,11,Mantha (N P) - Ward No. 11,0,,0,0,,0,0,0,maharashtra
276371,1305103,Mantha,12,Mantha (N P) - Ward No. 12,0,,0,0,,0,0,0,maharashtra
276371,1305104,Mantha,13,Mantha (N P) - Ward No. 13,0,,0,0,,0,0,0,maharashtra
276371,1305105,Mantha,14,Mantha (N P) - Ward No. 14,0,,0,0,,0,0,0,maharashtra
276371,1305106,Mantha,15,Mantha (N P) - Ward No. 15,0,,0,0,,0,0,0,maharashtra
276371,1305107,Mantha,16,Mantha (N P) - Ward No. 16,0,,0,0,,0,0,0,maharashtra
276371,1305108,Mantha,17,Mantha (N P) - Ward No. 17,0,,0,0,,0,0,0,maharashtra
276371,1305093,Mantha,2,Mantha (N P) - Ward No. 2,0,,0,0,,0,0,0,maharashtra
276371,1305094,Mantha,3,Mantha (N P) - Ward No. 3,0,,0,0,,0,0,0,maharashtra
276371,1305095,Mantha,4,Mantha (N P) - Ward No. 4,0,,0,0,,0,0,0,maharashtra
276371,1305096,Mantha,5,Mantha (N P) - Ward No. 5,0,,0,0,,0,0,0,maharashtra
276371,1305097,Mantha,6,Mantha (N P) - Ward No. 6,0,,0,0,,0,0,0,maharashtra
276371,1305098,Mantha,7,Mantha (N P) - Ward No. 7,0,,0,0,,0,0,0,maharashtra
276371,1305099,Mantha,8,Mantha (N P) - Ward No. 8,0,,0,0,,0,0,0,maharashtra
276371,1305100,Mantha,9,Mantha (N P) - Ward No. 9,0,,0,0,,0,0,0,maharashtra
251417,61402,Manwath,1,Ward No.1,0,,0,0,,0,0,0,maharashtra
251417,61403,Manwath,2,Ward No.2,0,,0,0,,0,0,0,maharashtra
251417,61404,Manwath,3,Ward No.3,0,,0,0,,0,0,0,maharashtra
251417,61405,Manwath,4,Ward No.4,0,,0,0,,0,0,0,maharashtra
251417,61406,Manwath,5,Ward No.5,0,,0,0,,0,0,0,maharashtra
251417,61407,Manwath,6,Ward No.6,0,,0,0,,0,0,0,maharashtra
251417,61408,Manwath,7,Ward No.7,0,,0,0,,0,0,0,maharashtra
251417,61409,Manwath,8,Ward No.8,0,,0,0,,0,0,0,maharashtra
251417,61410,Manwath,9,Ward No.9,0,,0,0,,0,0,0,maharashtra
276310,1306499,Maregaon,1,Maregaon Nagarpanchayat Ward No.1,0,,0,0,,0,0,0,maharashtra
276310,1306508,Maregaon,10,Maregaon Nagarpanchayat Ward No.10,0,,0,0,,0,0,0,maharashtra
276310,1306509,Maregaon,11,Maregaon Nagarpanchayat Ward No.11,0,,0,0,,0,0,0,maharashtra
276310,1306510,Maregaon,12,Maregaon Nagarpanchayat Ward No.12,0,,0,0,,0,0,0,maharashtra
276310,1306511,Maregaon,13,Maregaon Nagarpanchayat Ward No.13,0,,0,0,,0,0,0,maharashtra
276310,1306512,Maregaon,14,Maregaon Nagarpanchayat Ward No.14,0,,0,0,,0,0,0,maharashtra
276310,1306513,Maregaon,15,Maregaon Nagarpanchayat Ward No.15,0,,0,0,,0,0,0,maharashtra
276310,1306514,Maregaon,16,Maregaon Nagarpanchayat Ward No.16,0,,0,0,,0,0,0,maharashtra
276310,1306515,Maregaon,17,Maregaon Nagarpanchayat Ward No.17,0,,0,0,,0,0,0,maharashtra
276310,1306500,Maregaon,2,Maregaon Nagarpanchayat Ward No.2,0,,0,0,,0,0,0,maharashtra
276310,1306501,Maregaon,3,Maregaon Nagarpanchayat Ward No.3,0,,0,0,,0,0,0,maharashtra
276310,1306502,Maregaon,4,Maregaon Nagarpanchayat Ward No.4,0,,0,0,,0,0,0,maharashtra
276310,1306503,Maregaon,5,Maregaon Nagarpanchayat Ward No.5,0,,0,0,,0,0,0,maharashtra
276310,1306504,Maregaon,6,Maregaon Nagarpanchayat Ward No.6,0,,0,0,,0,0,0,maharashtra
276310,1306505,Maregaon,7,Maregaon Nagarpanchayat Ward No.7,0,,0,0,,0,0,0,maharashtra
276310,1306506,Maregaon,8,Maregaon Nagarpanchayat Ward No.8,0,,0,0,,0,0,0,maharashtra
276310,1306507,Maregaon,9,Maregaon Nagarpanchayat Ward No.9,0,,0,0,,0,0,0,maharashtra
251497,49189,Matheran,2,Area of Sunset and Monkey Point,0,,0,0,,0,0,0,maharashtra
251497,49188,Matheran,1,Indira Nagar and Monkey Point Area,0,,0,0,,0,0,0,maharashtra
251497,49196,Matheran,9,Kotwal Nagar Kapadia Market Area,0,,0,0,,0,0,0,maharashtra
251497,49190,Matheran,3,Merry line Area,0,,0,0,,0,0,0,maharashtra
251497,3320044,Matheran,10,One Tree Hill Wakhari Naka Area,0,,0,0,,0,0,0,maharashtra
251497,49195,Matheran,8,Panchavati Nagar and Shivaji Nagar Area.,0,,0,0,,0,0,0,maharashtra
251497,49192,Matheran,5,Panchsheel Nagar Area,0,,0,0,,0,0,0,maharashtra
251497,49194,Matheran,7,Sant Gadge Maharaj Road and Panchavati Nagar Area.,0,,0,0,,0,0,0,maharashtra
251497,49193,Matheran,6,Sant Rohidas Nagar and Muslim Mohalla Area,0,,0,0,,0,0,0,maharashtra
251497,49191,Matheran,4,Valmik Nagar Area,0,,0,0,,0,0,0,maharashtra
276415,1749491,Medha,1,Medha Nagarpanchayat Ward No.1,0,,0,0,,0,0,0,maharashtra
276415,1749500,Medha,10,Medha Nagarpanchayat Ward No.10,0,,0,0,,0,0,0,maharashtra
276415,1749501,Medha,11,Medha Nagarpanchayat Ward No.11,0,,0,0,,0,0,0,maharashtra
276415,1749502,Medha,12,Medha Nagarpanchayat Ward No.12,0,,0,0,,0,0,0,maharashtra
276415,1749503,Medha,13,Medha Nagarpanchayat Ward No.13,0,,0,0,,0,0,0,maharashtra
276415,1749504,Medha,14,Medha Nagarpanchayat Ward No.14,0,,0,0,,0,0,0,maharashtra
276415,1749505,Medha,15,Medha Nagarpanchayat Ward No.15,0,,0,0,,0,0,0,maharashtra
276415,1749506,Medha,16,Medha Nagarpanchayat Ward No.16,0,,0,0,,0,0,0,maharashtra
276415,1749507,Medha,17,Medha Nagarpanchayat Ward No.17,0,,0,0,,0,0,0,maharashtra
276415,1749492,Medha,2,Medha Nagarpanchayat Ward No.2,0,,0,0,,0,0,0,maharashtra
276415,1749493,Medha,3,Medha Nagarpanchayat Ward No.3,0,,0,0,,0,0,0,maharashtra
276415,1749494,Medha,4,Medha Nagarpanchayat Ward No.4,0,,0,0,,0,0,0,maharashtra
276415,1749495,Medha,5,Medha Nagarpanchayat Ward No.5,0,,0,0,,0,0,0,maharashtra
276415,1749496,Medha,6,Medha Nagarpanchayat Ward No.6,0,,0,0,,0,0,0,maharashtra
276415,1749497,Medha,7,Medha Nagarpanchayat Ward No.7,0,,0,0,,0,0,0,maharashtra
276415,1749498,Medha,8,Medha Nagarpanchayat Ward No.8,0,,0,0,,0,0,0,maharashtra
276415,1749499,Medha,9,Medha Nagarpanchayat Ward No.9,0,,0,0,,0,0,0,maharashtra
251303,45437,Mehkar,10,Ward No.10 (M Cl),0,,0,0,,0,0,0,maharashtra
251303,45438,Mehkar,11,Ward No.11 (M Cl),0,,0,0,,0,0,0,maharashtra
251303,45439,Mehkar,12,Ward No.12 (M Cl),0,,0,0,,0,0,0,maharashtra
251303,45428,Mehkar,1,Ward No.1(M Cl),0,,0,0,,0,0,0,maharashtra
251303,45429,Mehkar,2,Ward No.2 (M Cl),0,,0,0,,0,0,0,maharashtra
251303,45430,Mehkar,3,Ward No.3 (M Cl),0,,0,0,,0,0,0,maharashtra
251303,45431,Mehkar,4,Ward No.4 (M Cl),0,,0,0,,0,0,0,maharashtra
251303,45432,Mehkar,5,Ward No.5 (M Cl),0,,0,0,,0,0,0,maharashtra
251303,45433,Mehkar,6,Ward No.6 (M Cl),0,,0,0,,0,0,0,maharashtra
251303,45434,Mehkar,7,Ward No.7 (M Cl),0,,0,0,,0,0,0,maharashtra
251303,45435,Mehkar,8,Ward No.8 (M Cl),0,,0,0,,0,0,0,maharashtra
251303,45436,Mehkar,9,Ward No.9 (M Cl),0,,0,0,,0,0,0,maharashtra
251512,48843,Mhasla,1,Mhasla N P Ward No.1,0,,0,0,,0,0,0,maharashtra
251512,1306380,Mhasla,10,Mhasla N P Ward No 10,0,,0,0,,0,0,0,maharashtra
251512,1306381,Mhasla,11,Mhasla N P Ward No 11,0,,0,0,,0,0,0,maharashtra
251512,1306382,Mhasla,12,Mhasla N P Ward No 12,0,,0,0,,0,0,0,maharashtra
251512,1306383,Mhasla,13,Mhasla N P Ward No 13,0,,0,0,,0,0,0,maharashtra
251512,1306384,Mhasla,14,Mhasla N P Ward No 14,0,,0,0,,0,0,0,maharashtra
251512,1306385,Mhasla,15,Mhasla N P Ward No 15,0,,0,0,,0,0,0,maharashtra
251512,1306386,Mhasla,16,Mhasla N P Ward No 16,0,,0,0,,0,0,0,maharashtra
251512,1306387,Mhasla,17,Mhasla N P Ward No 17,0,,0,0,,0,0,0,maharashtra
251512,1306372,Mhasla,2,Mhasla N P Ward No 2,0,,0,0,,0,0,0,maharashtra
251512,1306373,Mhasla,3,Mhasla N P Ward No 3,0,,0,0,,0,0,0,maharashtra
251512,1306374,Mhasla,4,Mhasla N P Ward No 4,0,,0,0,,0,0,0,maharashtra
251512,1306375,Mhasla,5,Mhasla N P Ward No 5,0,,0,0,,0,0,0,maharashtra
251512,1306376,Mhasla,6,Mhasla N P Ward No 6,0,,0,0,,0,0,0,maharashtra
251512,1306377,Mhasla,7,Mhasla N P Ward No 7,0,,0,0,,0,0,0,maharashtra
251512,1306378,Mhasla,8,Mhasla N P Ward No 8,0,,0,0,,0,0,0,maharashtra
251512,1306379,Mhasla,9,Mhasla N P Ward No 9,0,,0,0,,0,0,0,maharashtra
251589,71283,Mhaswad,1,Mhaswad (M Cl) Ward No.1,0,,0,0,,0,0,0,maharashtra
251589,71284,Mhaswad,2,Mhaswad (M Cl) Ward No.2,0,,0,0,,0,0,0,maharashtra
251589,71285,Mhaswad,3,Mhaswad (M Cl) Ward No.3,0,,0,0,,0,0,0,maharashtra
251589,71286,Mhaswad,4,Mhaswad (M Cl) Ward No.4,0,,0,0,,0,0,0,maharashtra
251589,71287,Mhaswad,5,Mhaswad (M Cl) Ward No.5,0,,0,0,,0,0,0,maharashtra
251589,71288,Mhaswad,6,Mhaswad (M Cl) Ward No.6,0,,0,0,,0,0,0,maharashtra
251589,71289,Mhaswad,7,Mhaswad (M Cl) Ward No.7,0,,0,0,,0,0,0,maharashtra
251589,71290,Mhaswad,8,Mhaswad (M Cl) Ward No.8,0,,0,0,,0,0,0,maharashtra
251470,62690,Mira-Bhayandar,1,Mira-Bhayandar (M Cl) - Ward No.1,0,,0,0,,0,0,0,maharashtra
251470,62699,Mira-Bhayandar,10,Mira-Bhayandar (M Cl) - Ward No.10,0,,0,0,,0,0,0,maharashtra
251470,62700,Mira-Bhayandar,11,Mira-Bhayandar (M Cl) - Ward No.11,0,,0,0,,0,0,0,maharashtra
251470,62701,Mira-Bhayandar,12,Mira-Bhayandar (M Cl) - Ward No.12,0,,0,0,,0,0,0,maharashtra
251470,62702,Mira-Bhayandar,13,Mira-Bhayandar (M Cl) - Ward No.13,0,,0,0,,0,0,0,maharashtra
251470,62703,Mira-Bhayandar,14,Mira-Bhayandar (M Cl) - Ward No.14,0,,0,0,,0,0,0,maharashtra
251470,62704,Mira-Bhayandar,15,Mira-Bhayandar (M Cl) - Ward No.15,0,,0,0,,0,0,0,maharashtra
251470,62705,Mira-Bhayandar,16,Mira-Bhayandar (M Cl) - Ward No.16,0,,0,0,,0,0,0,maharashtra
251470,62706,Mira-Bhayandar,17,Mira-Bhayandar (M Cl) - Ward No.17,0,,0,0,,0,0,0,maharashtra
251470,62707,Mira-Bhayandar,18,Mira-Bhayandar (M Cl) - Ward No.18,0,,0,0,,0,0,0,maharashtra
251470,62708,Mira-Bhayandar,19,Mira-Bhayandar (M Cl) - Ward No.19,0,,0,0,,0,0,0,maharashtra
251470,62691,Mira-Bhayandar,2,Mira-Bhayandar (M Cl) - Ward No.2,0,,0,0,,0,0,0,maharashtra
251470,62709,Mira-Bhayandar,20,Mira-Bhayandar (M Cl) - Ward No.20,0,,0,0,,0,0,0,maharashtra
251470,62710,Mira-Bhayandar,21,Mira-Bhayandar (M Cl) - Ward No.21,0,,0,0,,0,0,0,maharashtra
251470,62711,Mira-Bhayandar,22,Mira-Bhayandar (M Cl) - Ward No.22,0,,0,0,,0,0,0,maharashtra
251470,62712,Mira-Bhayandar,23,Mira-Bhayandar (M Cl) - Ward No.23,0,,0,0,,0,0,0,maharashtra
251470,62713,Mira-Bhayandar,24,Mira-Bhayandar (M Cl) - Ward No.24,0,,0,0,,0,0,0,maharashtra
251470,62714,Mira-Bhayandar,25,Mira-Bhayandar (M Cl) - Ward No.25,0,,0,0,,0,0,0,maharashtra
251470,62715,Mira-Bhayandar,26,Mira-Bhayandar (M Cl) - Ward No.26,0,,0,0,,0,0,0,maharashtra
251470,62716,Mira-Bhayandar,27,Mira-Bhayandar (M Cl) - Ward No.27,0,,0,0,,0,0,0,maharashtra
251470,62717,Mira-Bhayandar,28,Mira-Bhayandar (M Cl) - Ward No.28,0,,0,0,,0,0,0,maharashtra
251470,62718,Mira-Bhayandar,29,Mira-Bhayandar (M Cl) - Ward No.29,0,,0,0,,0,0,0,maharashtra
251470,62692,Mira-Bhayandar,3,Mira-Bhayandar (M Cl) - Ward No.3,0,,0,0,,0,0,0,maharashtra
251470,62719,Mira-Bhayandar,30,Mira-Bhayandar (M Cl) - Ward No.30,0,,0,0,,0,0,0,maharashtra
251470,62720,Mira-Bhayandar,31,Mira-Bhayandar (M Cl) - Ward No.31,0,,0,0,,0,0,0,maharashtra
251470,62721,Mira-Bhayandar,32,Mira-Bhayandar (M Cl) - Ward No.32,0,,0,0,,0,0,0,maharashtra
251470,62722,Mira-Bhayandar,33,Mira-Bhayandar (M Cl) - Ward No.33,0,,0,0,,0,0,0,maharashtra
251470,62723,Mira-Bhayandar,34,Mira-Bhayandar (M Cl) - Ward No.34,0,,0,0,,0,0,0,maharashtra
251470,62724,Mira-Bhayandar,35,Mira-Bhayandar (M Cl) - Ward No.35,0,,0,0,,0,0,0,maharashtra
251470,62725,Mira-Bhayandar,36,Mira-Bhayandar (M Cl) - Ward No.36,0,,0,0,,0,0,0,maharashtra
251470,62726,Mira-Bhayandar,37,Mira-Bhayandar (M Cl) - Ward No.37,0,,0,0,,0,0,0,maharashtra
251470,62727,Mira-Bhayandar,38,Mira-Bhayandar (M Cl) - Ward No.38,0,,0,0,,0,0,0,maharashtra
251470,62728,Mira-Bhayandar,39,Mira-Bhayandar (M Cl) - Ward No.39,0,,0,0,,0,0,0,maharashtra
251470,62693,Mira-Bhayandar,4,Mira-Bhayandar (M Cl) - Ward No.4,0,,0,0,,0,0,0,maharashtra
251470,62729,Mira-Bhayandar,40,Mira-Bhayandar (M Cl) - Ward No.40,0,,0,0,,0,0,0,maharashtra
251470,62730,Mira-Bhayandar,41,Mira-Bhayandar (M Cl) - Ward No.41,0,,0,0,,0,0,0,maharashtra
251470,62731,Mira-Bhayandar,42,Mira-Bhayandar (M Cl) - Ward No.42,0,,0,0,,0,0,0,maharashtra
251470,62732,Mira-Bhayandar,43,Mira-Bhayandar (M Cl) - Ward No.43,0,,0,0,,0,0,0,maharashtra
251470,62733,Mira-Bhayandar,44,Mira-Bhayandar (M Cl) - Ward No.44,0,,0,0,,0,0,0,maharashtra
251470,62734,Mira-Bhayandar,45,Mira-Bhayandar (M Cl) - Ward No.45,0,,0,0,,0,0,0,maharashtra
251470,62735,Mira-Bhayandar,46,Mira-Bhayandar (M Cl) - Ward No.46,0,,0,0,,0,0,0,maharashtra
251470,62736,Mira-Bhayandar,47,Mira-Bhayandar (M Cl) - Ward No.47,0,,0,0,,0,0,0,maharashtra
251470,62694,Mira-Bhayandar,5,Mira-Bhayandar (M Cl) - Ward No.5,0,,0,0,,0,0,0,maharashtra
251470,62695,Mira-Bhayandar,6,Mira-Bhayandar (M Cl) - Ward No.6,0,,0,0,,0,0,0,maharashtra
251470,62696,Mira-Bhayandar,7,Mira-Bhayandar (M Cl) - Ward No.7,0,,0,0,,0,0,0,maharashtra
251470,62697,Mira-Bhayandar,8,Mira-Bhayandar (M Cl) - Ward No.8,0,,0,0,,0,0,0,maharashtra
251470,62698,Mira-Bhayandar,9,Mira-Bhayandar (M Cl) - Ward No.9,0,,0,0,,0,0,0,maharashtra
276325,2302748,Mohadi,1,Mohadi (NP) Ward No. 1,0,,0,0,,0,0,0,maharashtra
276325,2302757,Mohadi,10,Mohadi (NP) Ward No. 10,0,,0,0,,0,0,0,maharashtra
276325,2302758,Mohadi,11,Mohadi (NP) Ward No. 11,0,,0,0,,0,0,0,maharashtra
276325,2302759,Mohadi,12,Mohadi (NP) Ward No. 12,0,,0,0,,0,0,0,maharashtra
276325,2302760,Mohadi,13,Mohadi (NP) Ward No. 13,0,,0,0,,0,0,0,maharashtra
276325,2302761,Mohadi,14,Mohadi (NP) Ward No. 14,0,,0,0,,0,0,0,maharashtra
276325,2302762,Mohadi,15,Mohadi (NP) Ward No. 15,0,,0,0,,0,0,0,maharashtra
276325,2302763,Mohadi,16,Mohadi (NP) Ward No. 16,0,,0,0,,0,0,0,maharashtra
276325,2302764,Mohadi,17,Mohadi (NP) Ward No. 17,0,,0,0,,0,0,0,maharashtra
276325,2302749,Mohadi,2,Mohadi (NP) Ward No. 2,0,,0,0,,0,0,0,maharashtra
276325,2302750,Mohadi,3,Mohadi (NP) Ward No. 3,0,,0,0,,0,0,0,maharashtra
276325,2302751,Mohadi,4,Mohadi (NP) Ward No. 4,0,,0,0,,0,0,0,maharashtra
276325,2302752,Mohadi,5,Mohadi (NP) Ward No. 5,0,,0,0,,0,0,0,maharashtra
276325,2302753,Mohadi,6,Mohadi (NP) Ward No. 6,0,,0,0,,0,0,0,maharashtra
276325,2302754,Mohadi,7,Mohadi (NP) Ward No. 7,0,,0,0,,0,0,0,maharashtra
276325,2302755,Mohadi,8,Mohadi (NP) Ward No. 8,0,,0,0,,0,0,0,maharashtra
276325,2302756,Mohadi,9,Mohadi (NP) Ward No. 9,0,,0,0,,0,0,0,maharashtra
276301,1305995,Mohol,1,Mohol (M Cl)-Ward No.1,0,,0,0,,0,0,0,maharashtra
276301,1306004,Mohol,10,Mohol (M Cl)-Ward No.10,0,,0,0,,0,0,0,maharashtra
276301,1306005,Mohol,11,Mohol (M Cl)-Ward No.11,0,,0,0,,0,0,0,maharashtra
276301,1306006,Mohol,12,Mohol (M Cl)-Ward No.12,0,,0,0,,0,0,0,maharashtra
276301,1306007,Mohol,13,Mohol (M Cl)-Ward No.13,0,,0,0,,0,0,0,maharashtra
276301,1306008,Mohol,14,Mohol (M Cl)-Ward No.14,0,,0,0,,0,0,0,maharashtra
276301,1306009,Mohol,15,Mohol (M Cl)-Ward No.15,0,,0,0,,0,0,0,maharashtra
276301,1306010,Mohol,16,Mohol (M Cl)-Ward No.16,0,,0,0,,0,0,0,maharashtra
276301,1306011,Mohol,17,Mohol (M Cl)-Ward No.17,0,,0,0,,0,0,0,maharashtra
276301,1305996,Mohol,2,Mohol (M Cl)-Ward No.2,0,,0,0,,0,0,0,maharashtra
276301,1305997,Mohol,3,Mohol (M Cl)-Ward No.3,0,,0,0,,0,0,0,maharashtra
276301,1305998,Mohol,4,Mohol (M Cl)-Ward No.4,0,,0,0,,0,0,0,maharashtra
276301,1305999,Mohol,5,Mohol (M Cl)-Ward No.5,0,,0,0,,0,0,0,maharashtra
276301,1306000,Mohol,6,Mohol (M Cl)-Ward No.6,0,,0,0,,0,0,0,maharashtra
276301,1306001,Mohol,7,Mohol (M Cl)-Ward No.7,0,,0,0,,0,0,0,maharashtra
276301,1306002,Mohol,8,Mohol (M Cl)-Ward No.8,0,,0,0,,0,0,0,maharashtra
276301,1306003,Mohol,9,Mohol (M Cl)-Ward No.9,0,,0,0,,0,0,0,maharashtra
251343,46383,Mohpa,1,Mohpa (M Cl) Ward No.1,0,,0,0,,0,0,0,maharashtra
251343,46384,Mohpa,2,Mohpa (M Cl) Ward No.2,0,,0,0,,0,0,0,maharashtra
251343,46385,Mohpa,3,Mohpa (M Cl) Ward No.3,0,,0,0,,0,0,0,maharashtra
251343,46386,Mohpa,4,Mohpa (M Cl) Ward No.4,0,,0,0,,0,0,0,maharashtra
251343,46387,Mohpa,5,Mohpa (M Cl) Ward No.5,0,,0,0,,0,0,0,maharashtra
251343,46388,Mohpa,6,Mohpa (M Cl) Ward No.6,0,,0,0,,0,0,0,maharashtra
251343,46389,Mohpa,7,Mohpa (M Cl) Ward No.7,0,,0,0,,0,0,0,maharashtra
251343,46390,Mohpa,8,Mohpa (M Cl) Ward No.8,0,,0,0,,0,0,0,maharashtra
276317,1933179,Mokhada,1,Mokhada (N P) - Ward No.1,0,,0,0,,0,0,0,maharashtra
276317,1933188,Mokhada,10,Mokhada (N P) - Ward No.10,0,,0,0,,0,0,0,maharashtra
276317,1933189,Mokhada,11,Mokhada (N P) - Ward No.11,0,,0,0,,0,0,0,maharashtra
276317,1933190,Mokhada,12,Mokhada (N P) - Ward No.12,0,,0,0,,0,0,0,maharashtra
276317,1933191,Mokhada,13,Mokhada (N P) - Ward No.13,0,,0,0,,0,0,0,maharashtra
276317,1933192,Mokhada,14,Mokhada (N P) - Ward No.14,0,,0,0,,0,0,0,maharashtra
276317,1933193,Mokhada,15,Mokhada (N P) - Ward No.15,0,,0,0,,0,0,0,maharashtra
276317,1933194,Mokhada,16,Mokhada (N P) - Ward No.16,0,,0,0,,0,0,0,maharashtra
276317,1933195,Mokhada,17,Mokhada (N P) - Ward No.17,0,,0,0,,0,0,0,maharashtra
276317,1933180,Mokhada,2,Mokhada (N P) - Ward No.2,0,,0,0,,0,0,0,maharashtra
276317,1933181,Mokhada,3,Mokhada (N P) - Ward No.3,0,,0,0,,0,0,0,maharashtra
276317,1933182,Mokhada,4,Mokhada (N P) - Ward No.4,0,,0,0,,0,0,0,maharashtra
276317,1933183,Mokhada,5,Mokhada (N P) - Ward No.5,0,,0,0,,0,0,0,maharashtra
276317,1933184,Mokhada,6,Mokhada (N P) - Ward No.6,0,,0,0,,0,0,0,maharashtra
276317,1933185,Mokhada,7,Mokhada (N P) - Ward No.7,0,,0,0,,0,0,0,maharashtra
276317,1933186,Mokhada,8,Mokhada (N P) - Ward No.8,0,,0,0,,0,0,0,maharashtra
276317,1933187,Mokhada,9,Mokhada (N P) - Ward No.9,0,,0,0,,0,0,0,maharashtra
251325,66202,Morshi,1,Morshi (M Cl) - Ward No. 1,0,,0,0,,0,0,0,maharashtra
251325,66211,Morshi,10,Morshi (M Cl) - Ward No. 10,0,,0,0,,0,0,0,maharashtra
251325,3253083,Morshi,11,Morshi (M Cl) - Ward No. 11,0,,0,0,,0,0,0,maharashtra
251325,3253084,Morshi,12,Morshi (M Cl) - Ward No. 12,0,,0,0,,0,0,0,maharashtra
251325,66203,Morshi,2,Morshi (M Cl) - Ward No. 2,0,,0,0,,0,0,0,maharashtra
251325,66204,Morshi,3,Morshi (M Cl) - Ward No. 3,0,,0,0,,0,0,0,maharashtra
251325,66205,Morshi,4,Morshi (M Cl) - Ward No. 4,0,,0,0,,0,0,0,maharashtra
251325,66206,Morshi,5,Morshi (M Cl) - Ward No. 5,0,,0,0,,0,0,0,maharashtra
251325,66207,Morshi,6,Morshi (M Cl) - Ward No. 6,0,,0,0,,0,0,0,maharashtra
251325,66208,Morshi,7,Morshi (M Cl) - Ward No. 7,0,,0,0,,0,0,0,maharashtra
251325,66209,Morshi,8,Morshi (M Cl) - Ward No. 8,0,,0,0,,0,0,0,maharashtra
251325,66210,Morshi,9,Morshi (M Cl) - Ward No. 9,0,,0,0,,0,0,0,maharashtra
276275,2306869,Motala,1,Adarsh Nagar,0,,0,0,,0,0,0,maharashtra
276275,2307105,Motala,13,"Bajar cahuk, Devi Mandir",0,,0,0,,0,0,0,maharashtra
276275,2307103,Motala,11,Barada Parisar,0,,0,0,,0,0,0,maharashtra
276275,2307106,Motala,14,Bombe Nivas Bhag,0,,0,0,,0,0,0,maharashtra
276275,2307104,Motala,12,Buddha vihar,0,,0,0,,0,0,0,maharashtra
276275,2307095,Motala,3,Buddha Wada Chambhar Wada,0,,0,0,,0,0,0,maharashtra
276275,2307100,Motala,8,Deshapande Lay Out,0,,0,0,,0,0,0,maharashtra
276275,2307096,Motala,4,Dhote le Out,0,,0,0,,0,0,0,maharashtra
276275,2307098,Motala,6,Juna Gaon,0,,0,0,,0,0,0,maharashtra
276275,2307108,Motala,16,"Juni Chal, Vrudavan Nagar",0,,0,0,,0,0,0,maharashtra
276275,2307094,Motala,2,Juni Jama Masjjid,0,,0,0,,0,0,0,maharashtra
276275,2307099,Motala,7,Nadi Varil bhag Sarveshwar nagar,0,,0,0,,0,0,0,maharashtra
276275,2307109,Motala,17,"Nagar Panchayat, Jain Mandir",0,,0,0,,0,0,0,maharashtra
276275,2307101,Motala,9,Nalanda Colon Ganapati Nagar,0,,0,0,,0,0,0,maharashtra
276275,2307107,Motala,15,Navin Masjjid,0,,0,0,,0,0,0,maharashtra
276275,2307102,Motala,10,"Pachpol Lay Out,Indira Nagar",0,,0,0,,0,0,0,maharashtra
276275,2307097,Motala,5,Shri Mahadev mali mandir,0,,0,0,,0,0,0,maharashtra
259672,1306959,Mouda,1,Mouda (N P) -Ward No. 1,0,,0,0,,0,0,0,maharashtra
259672,1306968,Mouda,10,Mouda (N P) -Ward No. 10,0,,0,0,,0,0,0,maharashtra
259672,1306969,Mouda,11,Mouda (N P) -Ward No. 11,0,,0,0,,0,0,0,maharashtra
259672,1306970,Mouda,12,Mouda (N P) -Ward No. 12,0,,0,0,,0,0,0,maharashtra
259672,1306971,Mouda,13,Mouda (N P) -Ward No. 13,0,,0,0,,0,0,0,maharashtra
259672,1306972,Mouda,14,Mouda (N P) -Ward No. 14,0,,0,0,,0,0,0,maharashtra
259672,1306973,Mouda,15,Mouda (N P) -Ward No. 15,0,,0,0,,0,0,0,maharashtra
259672,1306974,Mouda,16,Mouda (N P) -Ward No. 16,0,,0,0,,0,0,0,maharashtra
259672,1306975,Mouda,17,Mouda (N P) -Ward No. 17,0,,0,0,,0,0,0,maharashtra
259672,1306960,Mouda,2,Mouda (N P) -Ward No. 2,0,,0,0,,0,0,0,maharashtra
259672,1306961,Mouda,3,Mouda (N P) -Ward No. 3,0,,0,0,,0,0,0,maharashtra
259672,1306962,Mouda,4,Mouda (N P) -Ward No. 4,0,,0,0,,0,0,0,maharashtra
259672,1306963,Mouda,5,Mouda (N P) -Ward No. 5,0,,0,0,,0,0,0,maharashtra
259672,1306964,Mouda,6,Mouda (N P) -Ward No. 6,0,,0,0,,0,0,0,maharashtra
259672,1306965,Mouda,7,Mouda (N P) -Ward No. 7,0,,0,0,,0,0,0,maharashtra
259672,1306966,Mouda,8,Mouda (N P) -Ward No. 8,0,,0,0,,0,0,0,maharashtra
259672,1306967,Mouda,9,Mouda (N P) -Ward No. 9,0,,0,0,,0,0,0,maharashtra
251339,46332,Mowad,1,Mowad (M Cl) Ward No.1,0,,0,0,,0,0,0,maharashtra
251339,46341,Mowad,10,Mowad (M Cl) Ward No.10,0,,0,0,,0,0,0,maharashtra
251339,46342,Mowad,11,Mowad (M Cl) Ward No.11,0,,0,0,,0,0,0,maharashtra
251339,46343,Mowad,12,Mowad (M Cl) Ward No.12,0,,0,0,,0,0,0,maharashtra
251339,46344,Mowad,13,Mowad (M Cl) Ward No.13,0,,0,0,,0,0,0,maharashtra
251339,46345,Mowad,14,Mowad (M Cl) Ward No.14,0,,0,0,,0,0,0,maharashtra
251339,46346,Mowad,15,Mowad (M Cl) Ward No.15,0,,0,0,,0,0,0,maharashtra
251339,46347,Mowad,16,Mowad (M Cl) Ward No.16,0,,0,0,,0,0,0,maharashtra
251339,46348,Mowad,17,Mowad (M Cl) Ward No.17,0,,0,0,,0,0,0,maharashtra
251339,46333,Mowad,2,Mowad (M Cl) Ward No.2,0,,0,0,,0,0,0,maharashtra
251339,46334,Mowad,3,Mowad (M Cl) Ward No.3,0,,0,0,,0,0,0,maharashtra
251339,46335,Mowad,4,Mowad (M Cl) Ward No.4,0,,0,0,,0,0,0,maharashtra
251339,46336,Mowad,5,Mowad (M Cl) Ward No.5,0,,0,0,,0,0,0,maharashtra
251339,46337,Mowad,6,Mowad (M Cl) Ward No.6,0,,0,0,,0,0,0,maharashtra
251339,46338,Mowad,7,Mowad (M Cl) Ward No.7,0,,0,0,,0,0,0,maharashtra
251339,46339,Mowad,8,Mowad (M Cl) Ward No.8,0,,0,0,,0,0,0,maharashtra
251339,46340,Mowad,9,Mowad (M Cl) Ward No.9,0,,0,0,,0,0,0,maharashtra
251402,47292,Mudkhed,1,Ward-no.1 Bramhan Galli-Balaji Mandir Parisar-Math Galli-Dhanagar Tekdi -Marath Galli,0,,0,0,,0,0,0,maharashtra
251402,47293,Mudkhed,2,Ward-no.2 Bagmar Galli-Bhim Nagar Area-Deshmukh Tekdi Part-2-Bhim Nagar South Side Area,0,,0,0,,0,0,0,maharashtra
251402,47294,Mudkhed,3,Ward No.3 UPP Colony-Mondha North Side-Dena Bank Area-Lumini Nagar-Railway Station North Side-Ram Nagar-Mati Wadar Wada-Navi Abadi Railway Side Area,0,,0,0,,0,0,0,maharashtra
251402,47295,Mudkhed,4,Ward No.4 Mahadev Galli Part-1-Islampura Part-1-Bajr Galli Part-2-Matangwada-Sharada Nagar-UPP colony-Mondha North Side part-1 Subhash Ganj South Side,0,,0,0,,0,0,0,maharashtra
251402,47296,Mudkhed,5,Ward No.5 Mahadev Galli Part-2-Islampura Part-2-Matangwada Sharada Nagar Part-1-Marath gallli Dhangar Tekdi Part-2 Subhash Ganj South Side Part-2,0,,0,0,,0,0,0,maharashtra
251402,47297,Mudkhed,6,Ward No.6 Shivaji Nagar Railway Patrim Wadar wada-Police colony Part-2-Shivaji Nagar-Nandi Nagar-Krishna Nagar-Wadar Wada-Police colony part-2-Vasant Nagr Tanda,0,,0,0,,0,0,0,maharashtra
251402,47298,Mudkhed,7,Ward No.7 Raiway Sataion Part-1-Durga Nagar-Sation Masjid Area-Railway Station Side-Chintamani Galli Area-Millat Nagar-Vasant Nagar Tanda Bhag-1-Nyahali Vasant Nagar Tanda Part-2,0,,0,0,,0,0,0,maharashtra
251402,47299,Mudkhed,8,Ward No.8 Railway Station Side Part-2-Nyahali Vasant Nagar Tanda part-1-Nyahali Road-Galli Parisar Nyahaji,0,,0,0,,0,0,0,maharashtra
251409,47469,Mukhed,1,Ward No.1,0,,0,0,,0,0,0,maharashtra
251409,47470,Mukhed,2,Ward No.2,0,,0,0,,0,0,0,maharashtra
251409,47471,Mukhed,3,Ward No.3,0,,0,0,,0,0,0,maharashtra
251409,47472,Mukhed,4,Ward No.4,0,,0,0,,0,0,0,maharashtra
251409,47473,Mukhed,5,Ward No.5,0,,0,0,,0,0,0,maharashtra
251409,47474,Mukhed,6,Ward No.6,0,,0,0,,0,0,0,maharashtra
251409,47475,Mukhed,7,Ward No.7,0,,0,0,,0,0,0,maharashtra
251409,47476,Mukhed,8,Ward No.8,0,,0,0,,0,0,0,maharashtra
276421,2324067,Muktainagar,1,Muktainagar (M Cl) - Ward No.1,0,,0,0,,0,0,0,maharashtra
276421,2324076,Muktainagar,10,Muktainagar (M Cl) - Ward No.10,0,,0,0,,0,0,0,maharashtra
276421,2324077,Muktainagar,11,Muktainagar (M Cl) - Ward No.11,0,,0,0,,0,0,0,maharashtra
276421,2324078,Muktainagar,12,Muktainagar (M Cl) - Ward No.12,0,,0,0,,0,0,0,maharashtra
276421,2324079,Muktainagar,13,Muktainagar (M Cl) - Ward No.13,0,,0,0,,0,0,0,maharashtra
276421,2324080,Muktainagar,14,Muktainagar (M Cl) - Ward No.14,0,,0,0,,0,0,0,maharashtra
276421,2324081,Muktainagar,15,Muktainagar (M Cl) - Ward No.15,0,,0,0,,0,0,0,maharashtra
276421,2324082,Muktainagar,16,Muktainagar (M Cl) - Ward No.16,0,,0,0,,0,0,0,maharashtra
276421,2324083,Muktainagar,17,Muktainagar (M Cl) - Ward No.17,0,,0,0,,0,0,0,maharashtra
276421,2324068,Muktainagar,2,Muktainagar (M Cl) - Ward No.2,0,,0,0,,0,0,0,maharashtra
276421,2324069,Muktainagar,3,Muktainagar (M Cl) - Ward No.3,0,,0,0,,0,0,0,maharashtra
276421,2324070,Muktainagar,4,Muktainagar (M Cl) - Ward No.4,0,,0,0,,0,0,0,maharashtra
276421,2324071,Muktainagar,5,Muktainagar (M Cl) - Ward No.5,0,,0,0,,0,0,0,maharashtra
276421,2324072,Muktainagar,6,Muktainagar (M Cl) - Ward No.6,0,,0,0,,0,0,0,maharashtra
276421,2324073,Muktainagar,7,Muktainagar (M Cl) - Ward No.7,0,,0,0,,0,0,0,maharashtra
276421,2324074,Muktainagar,8,Muktainagar (M Cl) - Ward No.8,0,,0,0,,0,0,0,maharashtra
276421,2324075,Muktainagar,9,Muktainagar (M Cl) - Ward No.9,0,,0,0,,0,0,0,maharashtra
276421,2324050,Muktainagar,1,Muktainagar (NP) Ward No.1,0,,0,0,,0,0,0,maharashtra
276421,2324059,Muktainagar,10,Muktainagar (NP) Ward No.10,0,,0,0,,0,0,0,maharashtra
276421,2324060,Muktainagar,11,Muktainagar (NP) Ward No.11,0,,0,0,,0,0,0,maharashtra
276421,2324061,Muktainagar,12,Muktainagar (NP) Ward No.12,0,,0,0,,0,0,0,maharashtra
276421,2324062,Muktainagar,13,Muktainagar (NP) Ward No.13,0,,0,0,,0,0,0,maharashtra
276421,2324063,Muktainagar,14,Muktainagar (NP) Ward No.14,0,,0,0,,0,0,0,maharashtra
276421,2324064,Muktainagar,15,Muktainagar (NP) Ward No.15,0,,0,0,,0,0,0,maharashtra
276421,2324065,Muktainagar,16,Muktainagar (NP) Ward No.16,0,,0,0,,0,0,0,maharashtra
276421,2324066,Muktainagar,17,Muktainagar (NP) Ward No.17,0,,0,0,,0,0,0,maharashtra
276421,2324051,Muktainagar,2,Muktainagar (NP) Ward No.2,0,,0,0,,0,0,0,maharashtra
276421,2324052,Muktainagar,3,Muktainagar (NP) Ward No.3,0,,0,0,,0,0,0,maharashtra
276421,2324053,Muktainagar,4,Muktainagar (NP) Ward No.4,0,,0,0,,0,0,0,maharashtra
276421,2324054,Muktainagar,5,Muktainagar (NP) Ward No.5,0,,0,0,,0,0,0,maharashtra
276421,2324055,Muktainagar,6,Muktainagar (NP) Ward No.6,0,,0,0,,0,0,0,maharashtra
276421,2324056,Muktainagar,7,Muktainagar (NP) Ward No.7,0,,0,0,,0,0,0,maharashtra
276421,2324057,Muktainagar,8,Muktainagar (NP) Ward No.8,0,,0,0,,0,0,0,maharashtra
276421,2324058,Muktainagar,9,Muktainagar (NP) Ward No.9,0,,0,0,,0,0,0,maharashtra
251382,2312041,Mul,1,Mul (M Cl) Ward No. 1,0,,0,0,,0,0,0,maharashtra
251382,2312034,Mul,2,Mul (M Cl) Ward No. 2,0,,0,0,,0,0,0,maharashtra
251382,2312035,Mul,3,Mul (M Cl) Ward No. 3,0,,0,0,,0,0,0,maharashtra
251382,2312036,Mul,4,Mul (M Cl) Ward No. 4,0,,0,0,,0,0,0,maharashtra
251382,2312037,Mul,5,Mul (M Cl) Ward No. 5,0,,0,0,,0,0,0,maharashtra
251382,2312038,Mul,6,Mul (M Cl) Ward No. 6,0,,0,0,,0,0,0,maharashtra
251382,2312039,Mul,7,Mul (M Cl) Ward No. 7,0,,0,0,,0,0,0,maharashtra
251382,2312040,Mul,8,Mul (M Cl) Ward No. 8,0,,0,0,,0,0,0,maharashtra
276287,1814881,Mulchera,1,MULCHERA(NP)WARD NO-1,0,,0,0,,0,0,0,maharashtra
276287,1814890,Mulchera,10,MULCHERA(NP)WARD NO-10,0,,0,0,,0,0,0,maharashtra
276287,1814891,Mulchera,11,MULCHERA(NP)WARD NO-11,0,,0,0,,0,0,0,maharashtra
276287,1814892,Mulchera,12,MULCHERA(NP)WARD NO-12,0,,0,0,,0,0,0,maharashtra
276287,1814893,Mulchera,13,MULCHERA(NP)WARD NO-13,0,,0,0,,0,0,0,maharashtra
276287,1814894,Mulchera,14,MULCHERA(NP)WARD NO-14,0,,0,0,,0,0,0,maharashtra
276287,1814895,Mulchera,15,MULCHERA(NP)WARD NO-15,0,,0,0,,0,0,0,maharashtra
276287,1814896,Mulchera,16,MULCHERA(NP)WARD NO-16,0,,0,0,,0,0,0,maharashtra
276287,1814897,Mulchera,17,MULCHERA(NP)WARD NO-17,0,,0,0,,0,0,0,maharashtra
276287,1814882,Mulchera,2,MULCHERA(NP)WARD NO-2,0,,0,0,,0,0,0,maharashtra
276287,1814883,Mulchera,3,MULCHERA(NP)WARD NO-3,0,,0,0,,0,0,0,maharashtra
276287,1814884,Mulchera,4,MULCHERA(NP)WARD NO-4,0,,0,0,,0,0,0,maharashtra
276287,1814885,Mulchera,5,MULCHERA(NP)WARD NO-5,0,,0,0,,0,0,0,maharashtra
276287,1814886,Mulchera,6,MULCHERA(NP)WARD NO-6,0,,0,0,,0,0,0,maharashtra
276287,1814887,Mulchera,7,MULCHERA(NP)WARD NO-7,0,,0,0,,0,0,0,maharashtra
276287,1814888,Mulchera,8,MULCHERA(NP)WARD NO-8,0,,0,0,,0,0,0,maharashtra
276287,1814889,Mulchera,9,MULCHERA(NP)WARD NO-9,0,,0,0,,0,0,0,maharashtra
297866,2512446,Municipal Council Armori,1,Armori (MC) Ward No. 1,0,,0,0,,0,0,0,maharashtra
297866,2512447,Municipal Council Armori,2,Armori (MC) Ward No. 2,0,,0,0,,0,0,0,maharashtra
297866,2512448,Municipal Council Armori,3,Armori (MC) Ward No. 3,0,,0,0,,0,0,0,maharashtra
297866,2512449,Municipal Council Armori,4,Armori (MC) Ward No. 4,0,,0,0,,0,0,0,maharashtra
297866,2512450,Municipal Council Armori,5,Armori (MC) Ward No. 5,0,,0,0,,0,0,0,maharashtra
297866,2512451,Municipal Council Armori,6,Armori (MC) Ward No. 6,0,,0,0,,0,0,0,maharashtra
297866,2512452,Municipal Council Armori,7,Armori (MC) Ward No. 7,0,,0,0,,0,0,0,maharashtra
297866,2512453,Municipal Council Armori,8,Armori (MC) Ward No. 8,0,,0,0,,0,0,0,maharashtra
248081,59907,Municipal Council Desaiganj ( Wadsa),1,Desaiganj (M Cl) - Ward No.1,0,,0,0,,0,0,0,maharashtra
248081,59916,Municipal Council Desaiganj ( Wadsa),10,Desaiganj (M Cl) - Ward No.10,0,,0,0,,0,0,0,maharashtra
248081,59917,Municipal Council Desaiganj ( Wadsa),11,Desaiganj (M Cl) - Ward No.11,0,,0,0,,0,0,0,maharashtra
248081,59918,Municipal Council Desaiganj ( Wadsa),12,Desaiganj (M Cl) - Ward No.12,0,,0,0,,0,0,0,maharashtra
248081,59919,Municipal Council Desaiganj ( Wadsa),13,Desaiganj (M Cl) - Ward No.13,0,,0,0,,0,0,0,maharashtra
248081,59920,Municipal Council Desaiganj ( Wadsa),14,Desaiganj (M Cl) - Ward No.14,0,,0,0,,0,0,0,maharashtra
248081,59921,Municipal Council Desaiganj ( Wadsa),15,Desaiganj (M Cl) - Ward No.15,0,,0,0,,0,0,0,maharashtra
248081,59922,Municipal Council Desaiganj ( Wadsa),16,Desaiganj (M Cl) - Ward No.16,0,,0,0,,0,0,0,maharashtra
248081,59923,Municipal Council Desaiganj ( Wadsa),17,Desaiganj (M Cl) - Ward No.17,0,,0,0,,0,0,0,maharashtra
248081,59908,Municipal Council Desaiganj ( Wadsa),2,Desaiganj (M Cl) - Ward No.2,0,,0,0,,0,0,0,maharashtra
248081,59909,Municipal Council Desaiganj ( Wadsa),3,Desaiganj (M Cl) - Ward No.3,0,,0,0,,0,0,0,maharashtra
248081,59910,Municipal Council Desaiganj ( Wadsa),4,Desaiganj (M Cl) - Ward No.4,0,,0,0,,0,0,0,maharashtra
248081,59911,Municipal Council Desaiganj ( Wadsa),5,Desaiganj (M Cl) - Ward No.5,0,,0,0,,0,0,0,maharashtra
248081,59912,Municipal Council Desaiganj ( Wadsa),6,Desaiganj (M Cl) - Ward No.6,0,,0,0,,0,0,0,maharashtra
248081,59913,Municipal Council Desaiganj ( Wadsa),7,Desaiganj (M Cl) - Ward No.7,0,,0,0,,0,0,0,maharashtra
248081,59914,Municipal Council Desaiganj ( Wadsa),8,Desaiganj (M Cl) - Ward No.8,0,,0,0,,0,0,0,maharashtra
248081,59915,Municipal Council Desaiganj ( Wadsa),9,Desaiganj (M Cl) - Ward No.9,0,,0,0,,0,0,0,maharashtra
248080,46918,Municipal Council Gadchiroli,1,Gadchiroli (M Cl) - Ward No.1,0,,0,0,,0,0,0,maharashtra
248080,46927,Municipal Council Gadchiroli,10,Gadchiroli (M Cl) - Ward No.10,0,,0,0,,0,0,0,maharashtra
248080,46928,Municipal Council Gadchiroli,11,Gadchiroli (M Cl) - Ward No.11,0,,0,0,,0,0,0,maharashtra
248080,46929,Municipal Council Gadchiroli,12,Gadchiroli (M Cl) - Ward No.12,0,,0,0,,0,0,0,maharashtra
248080,46930,Municipal Council Gadchiroli,13,Gadchiroli (M Cl) - Ward No.13,0,,0,0,,0,0,0,maharashtra
248080,46931,Municipal Council Gadchiroli,14,Gadchiroli (M Cl) - Ward No.14,0,,0,0,,0,0,0,maharashtra
248080,46932,Municipal Council Gadchiroli,15,Gadchiroli (M Cl) - Ward No.15,0,,0,0,,0,0,0,maharashtra
248080,46933,Municipal Council Gadchiroli,16,Gadchiroli (M Cl) - Ward No.16,0,,0,0,,0,0,0,maharashtra
248080,46934,Municipal Council Gadchiroli,17,Gadchiroli (M Cl) - Ward No.17,0,,0,0,,0,0,0,maharashtra
248080,46935,Municipal Council Gadchiroli,18,Gadchiroli (M Cl) - Ward No.18,0,,0,0,,0,0,0,maharashtra
248080,1291,Municipal Council Gadchiroli,19,Gadchiroli (M Cl) - Ward No.19,0,,0,0,,0,0,0,maharashtra
248080,46919,Municipal Council Gadchiroli,2,Gadchiroli (M Cl) - Ward No.2,0,,0,0,,0,0,0,maharashtra
248080,1292,Municipal Council Gadchiroli,20,Gadchiroli (M Cl) - Ward No.20,0,,0,0,,0,0,0,maharashtra
248080,1293,Municipal Council Gadchiroli,21,Gadchiroli (M Cl) - Ward No.21,0,,0,0,,0,0,0,maharashtra
248080,1294,Municipal Council Gadchiroli,22,Gadchiroli (M Cl) - Ward No.22,0,,0,0,,0,0,0,maharashtra
248080,1295,Municipal Council Gadchiroli,23,Gadchiroli (M Cl) - Ward No.23,0,,0,0,,0,0,0,maharashtra
248080,46920,Municipal Council Gadchiroli,3,Gadchiroli (M Cl) - Ward No.3,0,,0,0,,0,0,0,maharashtra
248080,46921,Municipal Council Gadchiroli,4,Gadchiroli (M Cl) - Ward No.4,0,,0,0,,0,0,0,maharashtra
248080,46922,Municipal Council Gadchiroli,5,Gadchiroli (M Cl) - Ward No.5,0,,0,0,,0,0,0,maharashtra
248080,46923,Municipal Council Gadchiroli,6,Gadchiroli (M Cl) - Ward No.6,0,,0,0,,0,0,0,maharashtra
248080,46924,Municipal Council Gadchiroli,7,Gadchiroli (M Cl) - Ward No.7,0,,0,0,,0,0,0,maharashtra
248080,46925,Municipal Council Gadchiroli,8,Gadchiroli (M Cl) - Ward No.8,0,,0,0,,0,0,0,maharashtra
248080,46926,Municipal Council Gadchiroli,9,Gadchiroli (M Cl) - Ward No.9,0,,0,0,,0,0,0,maharashtra
251487,2509439,Murbad,11,Ganesh nagar Devichi Aali,0,,0,0,,0,0,0,maharashtra
251487,2509434,Murbad,6,Hanuman Aali Muslim Mohalla Rohidas wada Ambedkar Nagar,0,,0,0,,0,0,0,maharashtra
251487,2509442,Murbad,14,Khot Aali Sonar Aali Cinema Phata bazarpeth Jain Mandir.,0,,0,0,,0,0,0,maharashtra
251487,2509430,Murbad,2,Lambachi Wadi Kharbawadi Dohalyacha Pada Vidyanagar Devdarshan Society,0,,0,0,,0,0,0,maharashtra
251487,2509436,Murbad,8,Matanagar Dak Bungalow Slum Arunodaya Society Tad Aali,0,,0,0,,0,0,0,maharashtra
251487,2509443,Murbad,15,Mauli Nagar Tondlikar Nagar Sambhaji Nagar Bageshwari Pump House.,0,,0,0,,0,0,0,maharashtra
251487,55754,Murbad,1,MIDC premises Nagacha Khadak,0,,0,0,,0,0,0,maharashtra
251487,2509432,Murbad,4,Saisansar Colony Mhasa Road Area bazarpeth Khadakban Wada Annabhau Sathe Nagar,0,,0,0,,0,0,0,maharashtra
251487,2509444,Murbad,16,Sambhaji nagar Deherkar wada Kumbhar wada Pachamba Goryacha pada Kranti Talkies area and Ram Mandir Colony,0,,0,0,,0,0,0,maharashtra
251487,2509433,Murbad,5,Sambhaji nagar Hanuman Temple Param Bhakta Vibhag,0,,0,0,,0,0,0,maharashtra
251487,2509441,Murbad,13,Shankar Mandir Ugale Aali Bhadewada Vaishya Samaj Hall bazarpeth,0,,0,0,,0,0,0,maharashtra
251487,2509445,Murbad,17,Shastri Nagar Markepada,0,,0,0,,0,0,0,maharashtra
251487,2509431,Murbad,3,Shelkepada Matanagar Forest Colony.,0,,0,0,,0,0,0,maharashtra
251487,2509438,Murbad,10,Sonarpada.,0,,0,0,,0,0,0,maharashtra
251487,2509437,Murbad,9,Sonarpada Ganesh nagar Matanagar.,0,,0,0,,0,0,0,maharashtra
251487,2509435,Murbad,7,Tad Aali Devichi Aali Dnyandeep Nagar,0,,0,0,,0,0,0,maharashtra
251487,2509440,Murbad,12,Trinayana Building Malinagar,0,,0,0,,0,0,0,maharashtra
251629,73671,Murgud,1,Ward No.1,0,,0,0,,0,0,0,maharashtra
251629,73672,Murgud,2,Ward No.2,0,,0,0,,0,0,0,maharashtra
251629,73673,Murgud,3,Ward No.3,0,,0,0,,0,0,0,maharashtra
251629,73674,Murgud,4,Ward No.4,0,,0,0,,0,0,0,maharashtra
251629,73675,Murgud,5,Ward No.5,0,,0,0,,0,0,0,maharashtra
251629,73676,Murgud,6,Ward No.6,0,,0,0,,0,0,0,maharashtra
251629,73677,Murgud,7,Ward No.7,0,,0,0,,0,0,0,maharashtra
251629,73678,Murgud,8,Ward No.8,0,,0,0,,0,0,0,maharashtra
251315,3235300,Murtijapur,12,Murtijapur (M CI)-Ward No .12,0,,0,0,,0,0,0,maharashtra
251315,45737,Murtijapur,1,Murtijapur (M Cl) - Ward No.1,0,,0,0,,0,0,0,maharashtra
251315,45746,Murtijapur,10,Murtijapur (M Cl) - Ward No.10,0,,0,0,,0,0,0,maharashtra
251315,45747,Murtijapur,11,Murtijapur (M Cl) - Ward No.11,0,,0,0,,0,0,0,maharashtra
251315,45738,Murtijapur,2,Murtijapur (M Cl) - Ward No.2,0,,0,0,,0,0,0,maharashtra
251315,45739,Murtijapur,3,Murtijapur (M Cl) - Ward No.3,0,,0,0,,0,0,0,maharashtra
251315,45740,Murtijapur,4,Murtijapur (M Cl) - Ward No.4,0,,0,0,,0,0,0,maharashtra
251315,45741,Murtijapur,5,Murtijapur (M Cl) - Ward No.5,0,,0,0,,0,0,0,maharashtra
251315,45742,Murtijapur,6,Murtijapur (M Cl) - Ward No.6,0,,0,0,,0,0,0,maharashtra
251315,45743,Murtijapur,7,Murtijapur (M Cl) - Ward No.7,0,,0,0,,0,0,0,maharashtra
251315,45744,Murtijapur,8,Murtijapur (M Cl) - Ward No.8,0,,0,0,,0,0,0,maharashtra
251315,45745,Murtijapur,9,Murtijapur (M Cl) - Ward No.9,0,,0,0,,0,0,0,maharashtra
251504,49241,Murud,1,Murud (M Cl) Ward No.1,0,,0,0,,0,0,0,maharashtra
251504,3320046,Murud,10,Murud (M Cl) Ward No.10,0,,0,0,,0,0,0,maharashtra
251504,49242,Murud,2,Murud (M Cl) Ward No.2,0,,0,0,,0,0,0,maharashtra
251504,49243,Murud,3,Murud (M Cl) Ward No.3,0,,0,0,,0,0,0,maharashtra
251504,49244,Murud,4,Murud (M Cl) Ward No.4,0,,0,0,,0,0,0,maharashtra
251504,49245,Murud,5,Murud (M Cl) Ward No.5,0,,0,0,,0,0,0,maharashtra
251504,49246,Murud,6,Murud (M Cl) Ward No.6,0,,0,0,,0,0,0,maharashtra
251504,49247,Murud,7,Murud (M Cl) Ward No.7,0,,0,0,,0,0,0,maharashtra
251504,49248,Murud,8,Murud (M Cl) Ward No.8,0,,0,0,,0,0,0,maharashtra
251504,3320045,Murud,9,Murud (M Cl) Ward No.9,0,,0,0,,0,0,0,maharashtra
251572,77252,Murum,1,Prabhag-1 (Nagoba Galli-Mahadev Nagar-Shastri Nagar),0,,0,0,,0,0,0,maharashtra
251572,77253,Murum,2,Prabhag-2 (Shastri Nagar purv bhag-Shaskiy Rugnalay pathimagil baju-Yashwant Nagar Pashchim baju),0,,0,0,,0,0,0,maharashtra
251572,77254,Murum,3,Prabhag-3 (Kanya shala pathimagil baju-Bus stand pathimagil baju-Sambhaji Nagar),0,,0,0,,0,0,0,maharashtra
251572,77255,Murum,4,Prabhag-4 (Market yard pathimagil baju-Janavar davakhana-Neharu Nagar),0,,0,0,,0,0,0,maharashtra
251572,77256,Murum,5,Prabhag-5 (Kendriy shala-Post Office-Ashok Chauk-Sonar Galli),0,,0,0,,0,0,0,maharashtra
251572,77257,Murum,6,Prabhag-6 (Gandhi Chauk-Hanuman Chauk-Dhangar galli),0,,0,0,,0,0,0,maharashtra
251572,77258,Murum,7,Prabhag-7 (Kisan Chauk-Zurale Galli),0,,0,0,,0,0,0,maharashtra
251572,77259,Murum,8,Prabhag-8 (Bhimnagar-Mudkanna Galli-Khyade Galli),0,,0,0,,0,0,0,maharashtra
276361,2312086,Nagbhid Muncipal Council,1,Ward No. 1,0,,0,0,,0,0,0,maharashtra
276361,2312087,Nagbhid Muncipal Council,2,Ward No. 2,0,,0,0,,0,0,0,maharashtra
276361,2312088,Nagbhid Muncipal Council,3,Ward No. 3,0,,0,0,,0,0,0,maharashtra
276361,2312089,Nagbhid Muncipal Council,4,Ward No. 4,0,,0,0,,0,0,0,maharashtra
276361,2312090,Nagbhid Muncipal Council,5,Ward No. 5,0,,0,0,,0,0,0,maharashtra
276361,2312091,Nagbhid Muncipal Council,6,Ward No. 6,0,,0,0,,0,0,0,maharashtra
276361,2312092,Nagbhid Muncipal Council,7,Ward No. 7,0,,0,0,,0,0,0,maharashtra
276361,2312093,Nagbhid Muncipal Council,8,Ward No. 8,0,,0,0,,0,0,0,maharashtra
251362,3256093,Nagpur,1,NMC Prabhag No-1,0,,0,0,,0,0,0,maharashtra
251362,3256102,Nagpur,10,NMC Prabhag No-10,0,,0,0,,0,0,0,maharashtra
251362,3256103,Nagpur,11,NMC Prabhag No-11,0,,0,0,,0,0,0,maharashtra
251362,3256104,Nagpur,12,NMC Prabhag No-12,0,,0,0,,0,0,0,maharashtra
251362,3256105,Nagpur,13,NMC Prabhag No-13,0,,0,0,,0,0,0,maharashtra
251362,3256106,Nagpur,14,NMC Prabhag No-14,0,,0,0,,0,0,0,maharashtra
251362,3256107,Nagpur,15,NMC Prabhag No-15,0,,0,0,,0,0,0,maharashtra
251362,3256108,Nagpur,16,NMC Prabhag No-16,0,,0,0,,0,0,0,maharashtra
251362,3256109,Nagpur,17,NMC Prabhag No-17,0,,0,0,,0,0,0,maharashtra
251362,3256110,Nagpur,18,NMC Prabhag No-18,0,,0,0,,0,0,0,maharashtra
251362,3256111,Nagpur,19,NMC Prabhag No-19,0,,0,0,,0,0,0,maharashtra
251362,3256094,Nagpur,2,NMC Prabhag No-2,0,,0,0,,0,0,0,maharashtra
251362,3256112,Nagpur,20,NMC Prabhag No-20,0,,0,0,,0,0,0,maharashtra
251362,3256113,Nagpur,21,NMC Prabhag No-21,0,,0,0,,0,0,0,maharashtra
251362,3256114,Nagpur,22,NMC Prabhag No-22,0,,0,0,,0,0,0,maharashtra
251362,3256115,Nagpur,23,NMC Prabhag No-23,0,,0,0,,0,0,0,maharashtra
251362,3256116,Nagpur,24,NMC Prabhag No-24,0,,0,0,,0,0,0,maharashtra
251362,3256117,Nagpur,25,NMC Prabhag No-25,0,,0,0,,0,0,0,maharashtra
251362,3256118,Nagpur,26,NMC Prabhag No-26,0,,0,0,,0,0,0,maharashtra
251362,3256119,Nagpur,27,NMC Prabhag No-27,0,,0,0,,0,0,0,maharashtra
251362,3256120,Nagpur,28,NMC Prabhag No-28,0,,0,0,,0,0,0,maharashtra
251362,3256121,Nagpur,29,NMC Prabhag No-29,0,,0,0,,0,0,0,maharashtra
251362,3256095,Nagpur,3,NMC Prabhag No-3,0,,0,0,,0,0,0,maharashtra
251362,3256122,Nagpur,30,NMC Prabhag No-30,0,,0,0,,0,0,0,maharashtra
251362,3256123,Nagpur,31,NMC Prabhag No-31,0,,0,0,,0,0,0,maharashtra
251362,3256124,Nagpur,32,NMC Prabhag No-32,0,,0,0,,0,0,0,maharashtra
251362,3256125,Nagpur,33,NMC Prabhag No-33,0,,0,0,,0,0,0,maharashtra
251362,3256126,Nagpur,34,NMC Prabhag No-34,0,,0,0,,0,0,0,maharashtra
251362,3256127,Nagpur,35,NMC Prabhag No-35,0,,0,0,,0,0,0,maharashtra
251362,3256128,Nagpur,36,NMC Prabhag No-36,0,,0,0,,0,0,0,maharashtra
251362,3256129,Nagpur,37,NMC Prabhag No-37,0,,0,0,,0,0,0,maharashtra
251362,3256130,Nagpur,38,NMC Prabhag No-38,0,,0,0,,0,0,0,maharashtra
251362,3256096,Nagpur,4,NMC Prabhag No-4,0,,0,0,,0,0,0,maharashtra
251362,3256097,Nagpur,5,NMC Prabhag No-5,0,,0,0,,0,0,0,maharashtra
251362,3256098,Nagpur,6,NMC Prabhag No-6,0,,0,0,,0,0,0,maharashtra
251362,3256099,Nagpur,7,NMC Prabhag No-7,0,,0,0,,0,0,0,maharashtra
251362,3256100,Nagpur,8,NMC Prabhag No-8,0,,0,0,,0,0,0,maharashtra
251362,3256101,Nagpur,9,NMC Prabhag No-9,0,,0,0,,0,0,0,maharashtra
276623,1817383,Naigaon (Khairgaon),10,Ward No. 10 Old Zopadpatti,0,,0,0,,0,0,0,maharashtra
276623,1817384,Naigaon (Khairgaon),11,Ward No. 11 Mahatma Fule Colony,0,,0,0,,0,0,0,maharashtra
276623,1817385,Naigaon (Khairgaon),12,Ward No. 12 Vasant Nagar,0,,0,0,,0,0,0,maharashtra
276623,1817386,Naigaon (Khairgaon),13,Ward No. 13 Bhajipala Market Area,0,,0,0,,0,0,0,maharashtra
276623,1817387,Naigaon (Khairgaon),14,Ward No. 14 Madewad Galli-Amrutnagar,0,,0,0,,0,0,0,maharashtra
276623,1817388,Naigaon (Khairgaon),15,Ward No. 15 Kalyan Galli,0,,0,0,,0,0,0,maharashtra
276623,1817389,Naigaon (Khairgaon),16,Ward No. 16 Chavan Galli,0,,0,0,,0,0,0,maharashtra
276623,1817390,Naigaon (Khairgaon),17,Ward No. 17 Datta Nagar-Shankar Nagar,0,,0,0,,0,0,0,maharashtra
276623,1817374,Naigaon (Khairgaon),1,Ward No. 1 Belagenagar,0,,0,0,,0,0,0,maharashtra
276623,1817375,Naigaon (Khairgaon),2,Ward No. 2 Balwantnagar,0,,0,0,,0,0,0,maharashtra
276623,1817376,Naigaon (Khairgaon),3,Ward No. 3 Sahyognagar,0,,0,0,,0,0,0,maharashtra
276623,1817377,Naigaon (Khairgaon),4,Ward No. 4 Siddharthnagar,0,,0,0,,0,0,0,maharashtra
276623,1817378,Naigaon (Khairgaon),5,Ward No. 5 Vitthalnagar,0,,0,0,,0,0,0,maharashtra
276623,1817379,Naigaon (Khairgaon),6,Ward No. 6 Vyankateshnagar,0,,0,0,,0,0,0,maharashtra
276623,1817380,Naigaon (Khairgaon),7,Ward No. 7 Javai nagar,0,,0,0,,0,0,0,maharashtra
276623,1817381,Naigaon (Khairgaon),8,Ward No. 8 Rohidas nagar,0,,0,0,,0,0,0,maharashtra
276623,1817382,Naigaon (Khairgaon),9,Ward No. 9 Pansare nagar,0,,0,0,,0,0,0,maharashtra
251571,65937,Naldurg,1,Ward No. 1 (Bori Dharan-Vasant nagar),0,,0,0,,0,0,0,maharashtra
251571,65938,Naldurg,2,Ward No. 2 (Indira nagar-vaishnav nagar-vyas nagar),0,,0,0,,0,0,0,maharashtra
251571,65939,Naldurg,3,Ward No.3(Vaishnav Nagar-Vyas Nagar-Shanivarwada),0,,0,0,,0,0,0,maharashtra
251571,65940,Naldurg,4,Ward No.4 (Kasar Galli-Bori Nadi and Mahmadpanna Galli),0,,0,0,,0,0,0,maharashtra
251571,65941,Naldurg,5,Ward No.5 (Mohmadpanna galli-Lohar Galli-Bhoi galli ),0,,0,0,,0,0,0,maharashtra
251571,65942,Naldurg,6,Ward No.6 (Bhoi galli-Killa get-Khatik galli),0,,0,0,,0,0,0,maharashtra
251571,65943,Naldurg,7,Ward no.7 (Khatik galli-Hatti Galli Rahim nagar),0,,0,0,,0,0,0,maharashtra
251571,65944,Naldurg,8,Ward No.8(Rahim nagar-Bhim nagar-Boudh Nagar),0,,0,0,,0,0,0,maharashtra
251401,60878,Nanded-Waghala,1,Ward No.1,0,,0,0,,0,0,0,maharashtra
251401,61173,Nanded-Waghala,10,Ward No.10,0,,0,0,,0,0,0,maharashtra
251401,61174,Nanded-Waghala,11,Ward No.11,0,,0,0,,0,0,0,maharashtra
251401,61175,Nanded-Waghala,12,Ward No.12,0,,0,0,,0,0,0,maharashtra
251401,61176,Nanded-Waghala,13,Ward No.13,0,,0,0,,0,0,0,maharashtra
251401,61177,Nanded-Waghala,14,Ward No.14,0,,0,0,,0,0,0,maharashtra
251401,61178,Nanded-Waghala,15,Ward No.15,0,,0,0,,0,0,0,maharashtra
251401,61179,Nanded-Waghala,16,Ward No.16,0,,0,0,,0,0,0,maharashtra
251401,61180,Nanded-Waghala,17,Ward No.17,0,,0,0,,0,0,0,maharashtra
251401,61181,Nanded-Waghala,18,Ward No.18,0,,0,0,,0,0,0,maharashtra
251401,61182,Nanded-Waghala,19,Ward No.19,0,,0,0,,0,0,0,maharashtra
251401,60879,Nanded-Waghala,2,Ward No.2,0,,0,0,,0,0,0,maharashtra
251401,61183,Nanded-Waghala,20,Ward No.20,0,,0,0,,0,0,0,maharashtra
251401,60880,Nanded-Waghala,3,Ward No.3,0,,0,0,,0,0,0,maharashtra
251401,61167,Nanded-Waghala,4,Ward No.4,0,,0,0,,0,0,0,maharashtra
251401,61168,Nanded-Waghala,5,Ward No.5,0,,0,0,,0,0,0,maharashtra
251401,61169,Nanded-Waghala,6,Ward No.6,0,,0,0,,0,0,0,maharashtra
251401,61170,Nanded-Waghala,7,Ward No.7,0,,0,0,,0,0,0,maharashtra
251401,61171,Nanded-Waghala,8,Ward No.8,0,,0,0,,0,0,0,maharashtra
251401,61172,Nanded-Waghala,9,Ward No.9,0,,0,0,,0,0,0,maharashtra
251439,47864,Nandgaon,1,Nandgaon (Mu Cl) - Prabhag Kra.01,0,,0,0,,0,0,0,maharashtra
251439,47865,Nandgaon,2,Nandgaon (Mu Cl) - Prabhag Kra.02,0,,0,0,,0,0,0,maharashtra
251439,47866,Nandgaon,3,Nandgaon (Mu Cl) - Prabhag Kra.03,0,,0,0,,0,0,0,maharashtra
251439,47867,Nandgaon,4,Nandgaon (Mu Cl) - Prabhag Kra.04,0,,0,0,,0,0,0,maharashtra
251439,47868,Nandgaon,5,Nandgaon (Mu Cl) - Prabhag Kra.05,0,,0,0,,0,0,0,maharashtra
251439,47869,Nandgaon,6,Nandgaon (Mu Cl) - Prabhag Kra.06,0,,0,0,,0,0,0,maharashtra
251439,47870,Nandgaon,7,Nandgaon (Mu Cl) - Prabhag Kra.07,0,,0,0,,0,0,0,maharashtra
251439,47871,Nandgaon,8,Nandgaon (Mu Cl) - Prabhag Kra.08,0,,0,0,,0,0,0,maharashtra
276291,1751291,Nandgaon Khandeshwar,1,Nandgaon Kh (N Panchayat) - Ward No. 1,0,,0,0,,0,0,0,maharashtra
276291,1751300,Nandgaon Khandeshwar,10,Nandgaon Kh (N Panchayat) - Ward No. 10,0,,0,0,,0,0,0,maharashtra
276291,1751301,Nandgaon Khandeshwar,11,Nandgaon Kh (N Panchayat) - Ward No. 11,0,,0,0,,0,0,0,maharashtra
276291,1751302,Nandgaon Khandeshwar,12,Nandgaon Kh (N Panchayat) - Ward No. 12,0,,0,0,,0,0,0,maharashtra
276291,1751303,Nandgaon Khandeshwar,13,Nandgaon Kh (N Panchayat) - Ward No. 13,0,,0,0,,0,0,0,maharashtra
276291,1751304,Nandgaon Khandeshwar,14,Nandgaon Kh (N Panchayat) - Ward No. 14,0,,0,0,,0,0,0,maharashtra
276291,1751305,Nandgaon Khandeshwar,15,Nandgaon Kh (N Panchayat) - Ward No. 15,0,,0,0,,0,0,0,maharashtra
276291,1751306,Nandgaon Khandeshwar,16,Nandgaon Kh (N Panchayat) - Ward No. 16,0,,0,0,,0,0,0,maharashtra
276291,1751307,Nandgaon Khandeshwar,17,Nandgaon Kh (N Panchayat) - Ward No. 17,0,,0,0,,0,0,0,maharashtra
276291,1751292,Nandgaon Khandeshwar,2,Nandgaon Kh (N Panchayat) - Ward No. 2,0,,0,0,,0,0,0,maharashtra
276291,1751293,Nandgaon Khandeshwar,3,Nandgaon Kh (N Panchayat) - Ward No. 3,0,,0,0,,0,0,0,maharashtra
276291,1751294,Nandgaon Khandeshwar,4,Nandgaon Kh (N Panchayat) - Ward No. 4,0,,0,0,,0,0,0,maharashtra
276291,1751295,Nandgaon Khandeshwar,5,Nandgaon Kh (N Panchayat) - Ward No. 5,0,,0,0,,0,0,0,maharashtra
276291,1751296,Nandgaon Khandeshwar,6,Nandgaon Kh (N Panchayat) - Ward No. 6,0,,0,0,,0,0,0,maharashtra
276291,1751297,Nandgaon Khandeshwar,7,Nandgaon Kh (N Panchayat) - Ward No. 7,0,,0,0,,0,0,0,maharashtra
276291,1751298,Nandgaon Khandeshwar,8,Nandgaon Kh (N Panchayat) - Ward No. 8,0,,0,0,,0,0,0,maharashtra
276291,1751299,Nandgaon Khandeshwar,9,Nandgaon Kh (N Panchayat) - Ward No. 9,0,,0,0,,0,0,0,maharashtra
251300,64547,Nandura,1,Nandura (M Cl) - Ward No.1,0,,0,0,,0,0,0,maharashtra
251300,64574,Nandura,10,Nandura (M Cl) - Ward No.10,0,,0,0,,0,0,0,maharashtra
251300,64577,Nandura,11,Nandura (M Cl) - Ward No.11,0,,0,0,,0,0,0,maharashtra
251300,64580,Nandura,12,Nandura (M Cl) - Ward No.12,0,,0,0,,0,0,0,maharashtra
251300,64550,Nandura,2,Nandura (M Cl) - Ward No.2,0,,0,0,,0,0,0,maharashtra
251300,64553,Nandura,3,Nandura (M Cl) - Ward No.3,0,,0,0,,0,0,0,maharashtra
251300,64556,Nandura,4,Nandura (M Cl) - Ward No.4,0,,0,0,,0,0,0,maharashtra
251300,64559,Nandura,5,Nandura (M Cl) - Ward No.5,0,,0,0,,0,0,0,maharashtra
251300,64562,Nandura,6,Nandura (M Cl) - Ward No.6,0,,0,0,,0,0,0,maharashtra
251300,64565,Nandura,7,Nandura (M Cl) - Ward No.7,0,,0,0,,0,0,0,maharashtra
251300,64568,Nandura,8,Nandura (M Cl) - Ward No.8,0,,0,0,,0,0,0,maharashtra
251300,64571,Nandura,9,Nandura (M Cl) - Ward No.9,0,,0,0,,0,0,0,maharashtra
251278,55252,Nandurbar,1,Nandurbar (M Cl) - Ward No.1,0,,0,0,,0,0,0,maharashtra
251278,55261,Nandurbar,10,Nandurbar (M Cl) - Ward No.10,0,,0,0,,0,0,0,maharashtra
251278,55262,Nandurbar,11,Nandurbar (M Cl) - Ward No.11,0,,0,0,,0,0,0,maharashtra
251278,55263,Nandurbar,12,Nandurbar (M Cl) - Ward No.12,0,,0,0,,0,0,0,maharashtra
251278,55264,Nandurbar,13,Nandurbar (M Cl) - Ward No.13,0,,0,0,,0,0,0,maharashtra
251278,55265,Nandurbar,14,Nandurbar (M Cl) - Ward No.14,0,,0,0,,0,0,0,maharashtra
251278,55266,Nandurbar,15,Nandurbar (M Cl) - Ward No.15,0,,0,0,,0,0,0,maharashtra
251278,55267,Nandurbar,16,Nandurbar (M Cl) - Ward No.16,0,,0,0,,0,0,0,maharashtra
251278,55268,Nandurbar,17,Nandurbar (M Cl) - Ward No.17,0,,0,0,,0,0,0,maharashtra
251278,55269,Nandurbar,18,Nandurbar (M Cl) - Ward No.18,0,,0,0,,0,0,0,maharashtra
251278,55270,Nandurbar,19,Nandurbar (M Cl) - Ward No.19,0,,0,0,,0,0,0,maharashtra
251278,55253,Nandurbar,2,Nandurbar (M Cl) - Ward No.2,0,,0,0,,0,0,0,maharashtra
251278,55254,Nandurbar,3,Nandurbar (M Cl) - Ward No.3,0,,0,0,,0,0,0,maharashtra
251278,55255,Nandurbar,4,Nandurbar (M Cl) - Ward No.4,0,,0,0,,0,0,0,maharashtra
251278,55256,Nandurbar,5,Nandurbar (M Cl) - Ward No.5,0,,0,0,,0,0,0,maharashtra
251278,55257,Nandurbar,6,Nandurbar (M Cl) - Ward No.6,0,,0,0,,0,0,0,maharashtra
251278,55258,Nandurbar,7,Nandurbar (M Cl) - Ward No.7,0,,0,0,,0,0,0,maharashtra
251278,55259,Nandurbar,8,Nandurbar (M Cl) - Ward No.8,0,,0,0,,0,0,0,maharashtra
251278,55260,Nandurbar,9,Nandurbar (M Cl) - Ward No.9,0,,0,0,,0,0,0,maharashtra
251340,66255,Narkhed,1,Narkhed (M Cl) Ward No.1,0,,0,0,,0,0,0,maharashtra
251340,66256,Narkhed,2,Narkhed (M Cl) Ward No.2,0,,0,0,,0,0,0,maharashtra
251340,66257,Narkhed,3,Narkhed (M Cl) Ward No.3,0,,0,0,,0,0,0,maharashtra
251340,66258,Narkhed,4,Narkhed (M Cl) Ward No.4,0,,0,0,,0,0,0,maharashtra
251340,66259,Narkhed,5,Narkhed (M Cl) Ward No.5,0,,0,0,,0,0,0,maharashtra
251340,66260,Narkhed,6,Narkhed (M Cl) Ward No.6,0,,0,0,,0,0,0,maharashtra
251340,66261,Narkhed,7,Narkhed (M Cl) Ward No.7,0,,0,0,,0,0,0,maharashtra
251340,66262,Narkhed,8,Narkhed (M Cl) Ward No.8,0,,0,0,,0,0,0,maharashtra
251442,47908,Nashik,1,Nashik (M Corp.) - Ward No.1,0,,0,0,,0,0,0,maharashtra
251442,47917,Nashik,10,Nashik (M Corp.) - Ward No.10,0,,0,0,,0,0,0,maharashtra
251442,3131,Nashik,100,Nashik (M Corp.) - Ward No.100,0,,0,0,,0,0,0,maharashtra
251442,3132,Nashik,101,Nashik (M Corp.) - Ward No.101,0,,0,0,,0,0,0,maharashtra
251442,3665,Nashik,102,Nashik (M Corp.) - Ward No.102,0,,0,0,,0,0,0,maharashtra
251442,3781,Nashik,103,Nashik (M Corp.) - Ward No.103,0,,0,0,,0,0,0,maharashtra
251442,3881,Nashik,104,Nashik (M Corp.) - Ward No.104,0,,0,0,,0,0,0,maharashtra
251442,3882,Nashik,105,Nashik (M Corp.) - Ward No.105,0,,0,0,,0,0,0,maharashtra
251442,3883,Nashik,106,Nashik (M Corp.) - Ward No.106,0,,0,0,,0,0,0,maharashtra
251442,3884,Nashik,107,Nashik (M Corp.) - Ward No.107,0,,0,0,,0,0,0,maharashtra
251442,3885,Nashik,108,Nashik (M Corp.) - Ward No.108,0,,0,0,,0,0,0,maharashtra
251442,47918,Nashik,11,Nashik (M Corp.) - Ward No.11,0,,0,0,,0,0,0,maharashtra
251442,47919,Nashik,12,Nashik (M Corp.) - Ward No.12,0,,0,0,,0,0,0,maharashtra
251442,47920,Nashik,13,Nashik (M Corp.) - Ward No.13,0,,0,0,,0,0,0,maharashtra
251442,47921,Nashik,14,Nashik (M Corp.) - Ward No.14,0,,0,0,,0,0,0,maharashtra
251442,47922,Nashik,15,Nashik (M Corp.) - Ward No.15,0,,0,0,,0,0,0,maharashtra
251442,47923,Nashik,16,Nashik (M Corp.) - Ward No.16,0,,0,0,,0,0,0,maharashtra
251442,47924,Nashik,17,Nashik (M Corp.) - Ward No.17,0,,0,0,,0,0,0,maharashtra
251442,47925,Nashik,18,Nashik (M Corp.) - Ward No.18,0,,0,0,,0,0,0,maharashtra
251442,47926,Nashik,19,Nashik (M Corp.) - Ward No.19,0,,0,0,,0,0,0,maharashtra
251442,47909,Nashik,2,Nashik (M Corp.) - Ward No.2,0,,0,0,,0,0,0,maharashtra
251442,47927,Nashik,20,Nashik (M Corp.) - Ward No.20,0,,0,0,,0,0,0,maharashtra
251442,47928,Nashik,21,Nashik (M Corp.) - Ward No.21,0,,0,0,,0,0,0,maharashtra
251442,47929,Nashik,22,Nashik (M Corp.) - Ward No.22,0,,0,0,,0,0,0,maharashtra
251442,47930,Nashik,23,Nashik (M Corp.) - Ward No.23,0,,0,0,,0,0,0,maharashtra
251442,47931,Nashik,24,Nashik (M Corp.) - Ward No.24,0,,0,0,,0,0,0,maharashtra
251442,47932,Nashik,25,Nashik (M Corp.) - Ward No.25,0,,0,0,,0,0,0,maharashtra
251442,47933,Nashik,26,Nashik (M Corp.) - Ward No.26,0,,0,0,,0,0,0,maharashtra
251442,47934,Nashik,27,Nashik (M Corp.) - Ward No.27,0,,0,0,,0,0,0,maharashtra
251442,47935,Nashik,28,Nashik (M Corp.) - Ward No.28,0,,0,0,,0,0,0,maharashtra
251442,47936,Nashik,29,Nashik (M Corp.) - Ward No.29,0,,0,0,,0,0,0,maharashtra
251442,47910,Nashik,3,Nashik (M Corp.) - Ward No.3,0,,0,0,,0,0,0,maharashtra
251442,47937,Nashik,30,Nashik (M Corp.) - Ward No.30,0,,0,0,,0,0,0,maharashtra
251442,47938,Nashik,31,Nashik (M Corp.) - Ward No.31,0,,0,0,,0,0,0,maharashtra
251442,47939,Nashik,32,Nashik (M Corp.) - Ward No.32,0,,0,0,,0,0,0,maharashtra
251442,47940,Nashik,33,Nashik (M Corp.) - Ward No.33,0,,0,0,,0,0,0,maharashtra
251442,47941,Nashik,34,Nashik (M Corp.) - Ward No.34,0,,0,0,,0,0,0,maharashtra
251442,47942,Nashik,35,Nashik (M Corp.) - Ward No.35,0,,0,0,,0,0,0,maharashtra
251442,47943,Nashik,36,Nashik (M Corp.) - Ward No.36,0,,0,0,,0,0,0,maharashtra
251442,47944,Nashik,37,Nashik (M Corp.) - Ward No.37,0,,0,0,,0,0,0,maharashtra
251442,47945,Nashik,38,Nashik (M Corp.) - Ward No.38,0,,0,0,,0,0,0,maharashtra
251442,47946,Nashik,39,Nashik (M Corp.) - Ward No.39,0,,0,0,,0,0,0,maharashtra
251442,47911,Nashik,4,Nashik (M Corp.) - Ward No.4,0,,0,0,,0,0,0,maharashtra
251442,47947,Nashik,40,Nashik (M Corp.) - Ward No.40,0,,0,0,,0,0,0,maharashtra
251442,47948,Nashik,41,Nashik (M Corp.) - Ward No.41,0,,0,0,,0,0,0,maharashtra
251442,47949,Nashik,42,Nashik (M Corp.) - Ward No.42,0,,0,0,,0,0,0,maharashtra
251442,47950,Nashik,43,Nashik (M Corp.) - Ward No.43,0,,0,0,,0,0,0,maharashtra
251442,47951,Nashik,44,Nashik (M Corp.) - Ward No.44,0,,0,0,,0,0,0,maharashtra
251442,47952,Nashik,45,Nashik (M Corp.) - Ward No.45,0,,0,0,,0,0,0,maharashtra
251442,47953,Nashik,46,Nashik (M Corp.) - Ward No.46,0,,0,0,,0,0,0,maharashtra
251442,47954,Nashik,47,Nashik (M Corp.) - Ward No.47,0,,0,0,,0,0,0,maharashtra
251442,47955,Nashik,48,Nashik (M Corp.) - Ward No.48,0,,0,0,,0,0,0,maharashtra
251442,47956,Nashik,49,Nashik (M Corp.) - Ward No.49,0,,0,0,,0,0,0,maharashtra
251442,47912,Nashik,5,Nashik (M Corp.) - Ward No.5,0,,0,0,,0,0,0,maharashtra
251442,47957,Nashik,50,Nashik (M Corp.) - Ward No.50,0,,0,0,,0,0,0,maharashtra
251442,47958,Nashik,51,Nashik (M Corp.) - Ward No.51,0,,0,0,,0,0,0,maharashtra
251442,47959,Nashik,52,Nashik (M Corp.) - Ward No.52,0,,0,0,,0,0,0,maharashtra
251442,47960,Nashik,53,Nashik (M Corp.) - Ward No.53,0,,0,0,,0,0,0,maharashtra
251442,47961,Nashik,54,Nashik (M Corp.) - Ward No.54,0,,0,0,,0,0,0,maharashtra
251442,47962,Nashik,55,Nashik (M Corp.) - Ward No.55,0,,0,0,,0,0,0,maharashtra
251442,47963,Nashik,56,Nashik (M Corp.) - Ward No.56,0,,0,0,,0,0,0,maharashtra
251442,47964,Nashik,57,Nashik (M Corp.) - Ward No.57,0,,0,0,,0,0,0,maharashtra
251442,47965,Nashik,58,Nashik (M Corp.) - Ward No.58,0,,0,0,,0,0,0,maharashtra
251442,47966,Nashik,59,Nashik (M Corp.) - Ward No.59,0,,0,0,,0,0,0,maharashtra
251442,47913,Nashik,6,Nashik (M Corp.) - Ward No.6,0,,0,0,,0,0,0,maharashtra
251442,47967,Nashik,60,Nashik (M Corp.) - Ward No.60,0,,0,0,,0,0,0,maharashtra
251442,47968,Nashik,61,Nashik (M Corp.) - Ward No.61,0,,0,0,,0,0,0,maharashtra
251442,47969,Nashik,62,Nashik (M Corp.) - Ward No.62,0,,0,0,,0,0,0,maharashtra
251442,47970,Nashik,63,Nashik (M Corp.) - Ward No.63,0,,0,0,,0,0,0,maharashtra
251442,47971,Nashik,64,Nashik (M Corp.) - Ward No.64,0,,0,0,,0,0,0,maharashtra
251442,47972,Nashik,65,Nashik (M Corp.) - Ward No.65,0,,0,0,,0,0,0,maharashtra
251442,47973,Nashik,66,Nashik (M Corp.) - Ward No.66,0,,0,0,,0,0,0,maharashtra
251442,47974,Nashik,67,Nashik (M Corp.) - Ward No.67,0,,0,0,,0,0,0,maharashtra
251442,47975,Nashik,68,Nashik (M Corp.) - Ward No.68,0,,0,0,,0,0,0,maharashtra
251442,47976,Nashik,69,Nashik (M Corp.) - Ward No.69,0,,0,0,,0,0,0,maharashtra
251442,47914,Nashik,7,Nashik (M Corp.) - Ward No.7,0,,0,0,,0,0,0,maharashtra
251442,47977,Nashik,70,Nashik (M Corp.) - Ward No.70,0,,0,0,,0,0,0,maharashtra
251442,47978,Nashik,71,Nashik (M Corp.) - Ward No.71,0,,0,0,,0,0,0,maharashtra
251442,47979,Nashik,72,Nashik (M Corp.) - Ward No.72,0,,0,0,,0,0,0,maharashtra
251442,47980,Nashik,73,Nashik (M Corp.) - Ward No.73,0,,0,0,,0,0,0,maharashtra
251442,47981,Nashik,74,Nashik (M Corp.) - Ward No.74,0,,0,0,,0,0,0,maharashtra
251442,47982,Nashik,75,Nashik (M Corp.) - Ward No.75,0,,0,0,,0,0,0,maharashtra
251442,47983,Nashik,76,Nashik (M Corp.) - Ward No.76,0,,0,0,,0,0,0,maharashtra
251442,47984,Nashik,77,Nashik (M Corp.) - Ward No.77,0,,0,0,,0,0,0,maharashtra
251442,47985,Nashik,78,Nashik (M Corp.) - Ward No.78,0,,0,0,,0,0,0,maharashtra
251442,47986,Nashik,79,Nashik (M Corp.) - Ward No.79,0,,0,0,,0,0,0,maharashtra
251442,47915,Nashik,8,Nashik (M Corp.) - Ward No.8,0,,0,0,,0,0,0,maharashtra
251442,47987,Nashik,80,Nashik (M Corp.) - Ward No.80,0,,0,0,,0,0,0,maharashtra
251442,47988,Nashik,81,Nashik (M Corp.) - Ward No.81,0,,0,0,,0,0,0,maharashtra
251442,47989,Nashik,82,Nashik (M Corp.) - Ward No.82,0,,0,0,,0,0,0,maharashtra
251442,47990,Nashik,83,Nashik (M Corp.) - Ward No.83,0,,0,0,,0,0,0,maharashtra
251442,47991,Nashik,84,Nashik (M Corp.) - Ward No.84,0,,0,0,,0,0,0,maharashtra
251442,47992,Nashik,85,Nashik (M Corp.) - Ward No.85,0,,0,0,,0,0,0,maharashtra
251442,47993,Nashik,86,Nashik (M Corp.) - Ward No.86,0,,0,0,,0,0,0,maharashtra
251442,47994,Nashik,87,Nashik (M Corp.) - Ward No.87,0,,0,0,,0,0,0,maharashtra
251442,3119,Nashik,88,Nashik (M Corp.) - Ward No.88,0,,0,0,,0,0,0,maharashtra
251442,3120,Nashik,89,Nashik (M Corp.) - Ward No.89,0,,0,0,,0,0,0,maharashtra
251442,47916,Nashik,9,Nashik (M Corp.) - Ward No.9,0,,0,0,,0,0,0,maharashtra
251442,3121,Nashik,90,Nashik (M Corp.) - Ward No.90,0,,0,0,,0,0,0,maharashtra
251442,3122,Nashik,91,Nashik (M Corp.) - Ward No.91,0,,0,0,,0,0,0,maharashtra
251442,3123,Nashik,92,Nashik (M Corp.) - Ward No.92,0,,0,0,,0,0,0,maharashtra
251442,3124,Nashik,93,Nashik (M Corp.) - Ward No.93,0,,0,0,,0,0,0,maharashtra
251442,3125,Nashik,94,Nashik (M Corp.) - Ward No.94,0,,0,0,,0,0,0,maharashtra
251442,3126,Nashik,95,Nashik (M Corp.) - Ward No.95,0,,0,0,,0,0,0,maharashtra
251442,3127,Nashik,96,Nashik (M Corp.) - Ward No.96,0,,0,0,,0,0,0,maharashtra
251442,3128,Nashik,97,Nashik (M Corp.) - Ward No.97,0,,0,0,,0,0,0,maharashtra
251442,3129,Nashik,98,Nashik (M Corp.) - Ward No.98,0,,0,0,,0,0,0,maharashtra
251442,3130,Nashik,99,Nashik (M Corp.) - Ward No.99,0,,0,0,,0,0,0,maharashtra
300384,3256048,Natepute,1,Ward No.1,0,,0,0,,0,0,0,maharashtra
300384,3256057,Natepute,10,Ward No.10,0,,0,0,,0,0,0,maharashtra
300384,3256058,Natepute,11,Ward No.11,0,,0,0,,0,0,0,maharashtra
300384,3256059,Natepute,12,Ward No.12,0,,0,0,,0,0,0,maharashtra
300384,3256060,Natepute,13,Ward No.13,0,,0,0,,0,0,0,maharashtra
300384,3256061,Natepute,14,Ward No.14,0,,0,0,,0,0,0,maharashtra
300384,3256062,Natepute,15,Ward No.15,0,,0,0,,0,0,0,maharashtra
300384,3256063,Natepute,16,Ward No.16,0,,0,0,,0,0,0,maharashtra
300384,3256064,Natepute,17,Ward No.17,0,,0,0,,0,0,0,maharashtra
300384,3256049,Natepute,2,Ward No.2,0,,0,0,,0,0,0,maharashtra
300384,3256050,Natepute,3,Ward No.3,0,,0,0,,0,0,0,maharashtra
300384,3256051,Natepute,4,Ward No.4,0,,0,0,,0,0,0,maharashtra
300384,3256052,Natepute,5,Ward No.5,0,,0,0,,0,0,0,maharashtra
300384,3256053,Natepute,6,Ward No.6,0,,0,0,,0,0,0,maharashtra
300384,3256054,Natepute,7,Ward No.7,0,,0,0,,0,0,0,maharashtra
300384,3256055,Natepute,8,Ward No.8,0,,0,0,,0,0,0,maharashtra
300384,3256056,Natepute,9,Ward No.9,0,,0,0,,0,0,0,maharashtra
251472,48168,Navi Mumbai,1,Navi Mumbai (M Corp.) - Ward No.1,0,,0,0,,0,0,0,maharashtra
251472,48177,Navi Mumbai,10,Navi Mumbai (M Corp.) - Ward No.10,0,,0,0,,0,0,0,maharashtra
251472,2517963,Navi Mumbai,100,Navi Mumbai (M Corp.) - Ward No.100,0,,0,0,,0,0,0,maharashtra
251472,2517964,Navi Mumbai,101,Navi Mumbai (M Corp.) - Ward No.101,0,,0,0,,0,0,0,maharashtra
251472,2517965,Navi Mumbai,102,Navi Mumbai (M Corp.) - Ward No.102,0,,0,0,,0,0,0,maharashtra
251472,2517966,Navi Mumbai,103,Navi Mumbai (M Corp.) - Ward No.103,0,,0,0,,0,0,0,maharashtra
251472,2517967,Navi Mumbai,104,Navi Mumbai (M Corp.) - Ward No.104,0,,0,0,,0,0,0,maharashtra
251472,2517968,Navi Mumbai,105,Navi Mumbai (M Corp.) - Ward No.105,0,,0,0,,0,0,0,maharashtra
251472,2517969,Navi Mumbai,106,Navi Mumbai (M Corp.) - Ward No.106,0,,0,0,,0,0,0,maharashtra
251472,2517970,Navi Mumbai,107,Navi Mumbai (M Corp.) - Ward No.107,0,,0,0,,0,0,0,maharashtra
251472,2517971,Navi Mumbai,108,Navi Mumbai (M Corp.) - Ward No.108,0,,0,0,,0,0,0,maharashtra
251472,2517972,Navi Mumbai,109,Navi Mumbai (M Corp.) - Ward No.109,0,,0,0,,0,0,0,maharashtra
251472,48178,Navi Mumbai,11,Navi Mumbai (M Corp.) - Ward No.11,0,,0,0,,0,0,0,maharashtra
251472,2517973,Navi Mumbai,110,Navi Mumbai (M Corp.) - Ward No.110,0,,0,0,,0,0,0,maharashtra
251472,2517974,Navi Mumbai,111,Navi Mumbai (M Corp.) - Ward No.111,0,,0,0,,0,0,0,maharashtra
251472,48179,Navi Mumbai,12,Navi Mumbai (M Corp.) - Ward No.12,0,,0,0,,0,0,0,maharashtra
251472,48544,Navi Mumbai,13,Navi Mumbai (M Corp.) - Ward No.13,0,,0,0,,0,0,0,maharashtra
251472,48545,Navi Mumbai,14,Navi Mumbai (M Corp.) - Ward No.14,0,,0,0,,0,0,0,maharashtra
251472,48546,Navi Mumbai,15,Navi Mumbai (M Corp.) - Ward No.15,0,,0,0,,0,0,0,maharashtra
251472,48547,Navi Mumbai,16,Navi Mumbai (M Corp.) - Ward No.16,0,,0,0,,0,0,0,maharashtra
251472,48548,Navi Mumbai,17,Navi Mumbai (M Corp.) - Ward No.17,0,,0,0,,0,0,0,maharashtra
251472,48549,Navi Mumbai,18,Navi Mumbai (M Corp.) - Ward No.18,0,,0,0,,0,0,0,maharashtra
251472,48550,Navi Mumbai,19,Navi Mumbai (M Corp.) - Ward No.19,0,,0,0,,0,0,0,maharashtra
251472,48169,Navi Mumbai,2,Navi Mumbai (M Corp.) - Ward No.2,0,,0,0,,0,0,0,maharashtra
251472,48551,Navi Mumbai,20,Navi Mumbai (M Corp.) - Ward No.20,0,,0,0,,0,0,0,maharashtra
251472,48552,Navi Mumbai,21,Navi Mumbai (M Corp.) - Ward No.21,0,,0,0,,0,0,0,maharashtra
251472,48553,Navi Mumbai,22,Navi Mumbai (M Corp.) - Ward No.22,0,,0,0,,0,0,0,maharashtra
251472,48554,Navi Mumbai,23,Navi Mumbai (M Corp.) - Ward No.23,0,,0,0,,0,0,0,maharashtra
251472,48555,Navi Mumbai,24,Navi Mumbai (M Corp.) - Ward No.24,0,,0,0,,0,0,0,maharashtra
251472,48556,Navi Mumbai,25,Navi Mumbai (M Corp.) - Ward No.25,0,,0,0,,0,0,0,maharashtra
251472,48557,Navi Mumbai,26,Navi Mumbai (M Corp.) - Ward No.26,0,,0,0,,0,0,0,maharashtra
251472,48558,Navi Mumbai,27,Navi Mumbai (M Corp.) - Ward No.27,0,,0,0,,0,0,0,maharashtra
251472,48559,Navi Mumbai,28,Navi Mumbai (M Corp.) - Ward No.28,0,,0,0,,0,0,0,maharashtra
251472,48560,Navi Mumbai,29,Navi Mumbai (M Corp.) - Ward No.29,0,,0,0,,0,0,0,maharashtra
251472,48170,Navi Mumbai,3,Navi Mumbai (M Corp.) - Ward No.3,0,,0,0,,0,0,0,maharashtra
251472,48561,Navi Mumbai,30,Navi Mumbai (M Corp.) - Ward No.30,0,,0,0,,0,0,0,maharashtra
251472,48562,Navi Mumbai,31,Navi Mumbai (M Corp.) - Ward No.31,0,,0,0,,0,0,0,maharashtra
251472,48563,Navi Mumbai,32,Navi Mumbai (M Corp.) - Ward No.32,0,,0,0,,0,0,0,maharashtra
251472,48564,Navi Mumbai,33,Navi Mumbai (M Corp.) - Ward No.33,0,,0,0,,0,0,0,maharashtra
251472,48565,Navi Mumbai,34,Navi Mumbai (M Corp.) - Ward No.34,0,,0,0,,0,0,0,maharashtra
251472,48566,Navi Mumbai,35,Navi Mumbai (M Corp.) - Ward No.35,0,,0,0,,0,0,0,maharashtra
251472,48567,Navi Mumbai,36,Navi Mumbai (M Corp.) - Ward No.36,0,,0,0,,0,0,0,maharashtra
251472,48568,Navi Mumbai,37,Navi Mumbai (M Corp.) - Ward No.37,0,,0,0,,0,0,0,maharashtra
251472,48569,Navi Mumbai,38,Navi Mumbai (M Corp.) - Ward No.38,0,,0,0,,0,0,0,maharashtra
251472,48570,Navi Mumbai,39,Navi Mumbai (M Corp.) - Ward No.39,0,,0,0,,0,0,0,maharashtra
251472,48171,Navi Mumbai,4,Navi Mumbai (M Corp.) - Ward No.4,0,,0,0,,0,0,0,maharashtra
251472,48571,Navi Mumbai,40,Navi Mumbai (M Corp.) - Ward No.40,0,,0,0,,0,0,0,maharashtra
251472,48572,Navi Mumbai,41,Navi Mumbai (M Corp.) - Ward No.41,0,,0,0,,0,0,0,maharashtra
251472,48573,Navi Mumbai,42,Navi Mumbai (M Corp.) - Ward No.42,0,,0,0,,0,0,0,maharashtra
251472,48574,Navi Mumbai,43,Navi Mumbai (M Corp.) - Ward No.43,0,,0,0,,0,0,0,maharashtra
251472,48575,Navi Mumbai,44,Navi Mumbai (M Corp.) - Ward No.44,0,,0,0,,0,0,0,maharashtra
251472,48576,Navi Mumbai,45,Navi Mumbai (M Corp.) - Ward No.45,0,,0,0,,0,0,0,maharashtra
251472,48577,Navi Mumbai,46,Navi Mumbai (M Corp.) - Ward No.46,0,,0,0,,0,0,0,maharashtra
251472,48578,Navi Mumbai,47,Navi Mumbai (M Corp.) - Ward No.47,0,,0,0,,0,0,0,maharashtra
251472,48579,Navi Mumbai,48,Navi Mumbai (M Corp.) - Ward No.48,0,,0,0,,0,0,0,maharashtra
251472,48580,Navi Mumbai,49,Navi Mumbai (M Corp.) - Ward No.49,0,,0,0,,0,0,0,maharashtra
251472,48172,Navi Mumbai,5,Navi Mumbai (M Corp.) - Ward No.5,0,,0,0,,0,0,0,maharashtra
251472,48581,Navi Mumbai,50,Navi Mumbai (M Corp.) - Ward No.50,0,,0,0,,0,0,0,maharashtra
251472,48582,Navi Mumbai,51,Navi Mumbai (M Corp.) - Ward No.51,0,,0,0,,0,0,0,maharashtra
251472,48583,Navi Mumbai,52,Navi Mumbai (M Corp.) - Ward No.52,0,,0,0,,0,0,0,maharashtra
251472,48584,Navi Mumbai,53,Navi Mumbai (M Corp.) - Ward No.53,0,,0,0,,0,0,0,maharashtra
251472,48585,Navi Mumbai,54,Navi Mumbai (M Corp.) - Ward No.54,0,,0,0,,0,0,0,maharashtra
251472,48586,Navi Mumbai,55,Navi Mumbai (M Corp.) - Ward No.55,0,,0,0,,0,0,0,maharashtra
251472,48587,Navi Mumbai,56,Navi Mumbai (M Corp.) - Ward No.56,0,,0,0,,0,0,0,maharashtra
251472,48588,Navi Mumbai,57,Navi Mumbai (M Corp.) - Ward No.57,0,,0,0,,0,0,0,maharashtra
251472,48589,Navi Mumbai,58,Navi Mumbai (M Corp.) - Ward No.58,0,,0,0,,0,0,0,maharashtra
251472,48590,Navi Mumbai,59,Navi Mumbai (M Corp.) - Ward No.59,0,,0,0,,0,0,0,maharashtra
251472,48173,Navi Mumbai,6,Navi Mumbai (M Corp.) - Ward No.6,0,,0,0,,0,0,0,maharashtra
251472,48591,Navi Mumbai,60,Navi Mumbai (M Corp.) - Ward No.60,0,,0,0,,0,0,0,maharashtra
251472,48592,Navi Mumbai,61,Navi Mumbai (M Corp.) - Ward No.61,0,,0,0,,0,0,0,maharashtra
251472,48593,Navi Mumbai,62,Navi Mumbai (M Corp.) - Ward No.62,0,,0,0,,0,0,0,maharashtra
251472,48594,Navi Mumbai,63,Navi Mumbai (M Corp.) - Ward No.63,0,,0,0,,0,0,0,maharashtra
251472,48595,Navi Mumbai,64,Navi Mumbai (M Corp.) - Ward No.64,0,,0,0,,0,0,0,maharashtra
251472,48596,Navi Mumbai,65,Navi Mumbai (M Corp.) - Ward No.65,0,,0,0,,0,0,0,maharashtra
251472,48597,Navi Mumbai,66,Navi Mumbai (M Corp.) - Ward No.66,0,,0,0,,0,0,0,maharashtra
251472,2517930,Navi Mumbai,67,Navi Mumbai (M Corp.) - Ward No.67,0,,0,0,,0,0,0,maharashtra
251472,2517931,Navi Mumbai,68,Navi Mumbai (M Corp.) - Ward No.68,0,,0,0,,0,0,0,maharashtra
251472,2517932,Navi Mumbai,69,Navi Mumbai (M Corp.) - Ward No.69,0,,0,0,,0,0,0,maharashtra
251472,48174,Navi Mumbai,7,Navi Mumbai (M Corp.) - Ward No.7,0,,0,0,,0,0,0,maharashtra
251472,2517933,Navi Mumbai,70,Navi Mumbai (M Corp.) - Ward No.70,0,,0,0,,0,0,0,maharashtra
251472,2517934,Navi Mumbai,71,Navi Mumbai (M Corp.) - Ward No.71,0,,0,0,,0,0,0,maharashtra
251472,2517935,Navi Mumbai,72,Navi Mumbai (M Corp.) - Ward No.72,0,,0,0,,0,0,0,maharashtra
251472,2517936,Navi Mumbai,73,Navi Mumbai (M Corp.) - Ward No.73,0,,0,0,,0,0,0,maharashtra
251472,2517937,Navi Mumbai,74,Navi Mumbai (M Corp.) - Ward No.74,0,,0,0,,0,0,0,maharashtra
251472,2517938,Navi Mumbai,75,Navi Mumbai (M Corp.) - Ward No.75,0,,0,0,,0,0,0,maharashtra
251472,2517939,Navi Mumbai,76,Navi Mumbai (M Corp.) - Ward No.76,0,,0,0,,0,0,0,maharashtra
251472,2517940,Navi Mumbai,77,Navi Mumbai (M Corp.) - Ward No.77,0,,0,0,,0,0,0,maharashtra
251472,2517941,Navi Mumbai,78,Navi Mumbai (M Corp.) - Ward No.78,0,,0,0,,0,0,0,maharashtra
251472,2517942,Navi Mumbai,79,Navi Mumbai (M Corp.) - Ward No.79,0,,0,0,,0,0,0,maharashtra
251472,48175,Navi Mumbai,8,Navi Mumbai (M Corp.) - Ward No.8,0,,0,0,,0,0,0,maharashtra
251472,2517943,Navi Mumbai,80,Navi Mumbai (M Corp.) - Ward No.80,0,,0,0,,0,0,0,maharashtra
251472,2517944,Navi Mumbai,81,Navi Mumbai (M Corp.) - Ward No.81,0,,0,0,,0,0,0,maharashtra
251472,2517945,Navi Mumbai,82,Navi Mumbai (M Corp.) - Ward No.82,0,,0,0,,0,0,0,maharashtra
251472,2517946,Navi Mumbai,83,Navi Mumbai (M Corp.) - Ward No.83,0,,0,0,,0,0,0,maharashtra
251472,2517947,Navi Mumbai,84,Navi Mumbai (M Corp.) - Ward No.84,0,,0,0,,0,0,0,maharashtra
251472,2517948,Navi Mumbai,85,Navi Mumbai (M Corp.) - Ward No.85,0,,0,0,,0,0,0,maharashtra
251472,2517949,Navi Mumbai,86,Navi Mumbai (M Corp.) - Ward No.86,0,,0,0,,0,0,0,maharashtra
251472,2517950,Navi Mumbai,87,Navi Mumbai (M Corp.) - Ward No.87,0,,0,0,,0,0,0,maharashtra
251472,2517951,Navi Mumbai,88,Navi Mumbai (M Corp.) - Ward No.88,0,,0,0,,0,0,0,maharashtra
251472,2517952,Navi Mumbai,89,Navi Mumbai (M Corp.) - Ward No.89,0,,0,0,,0,0,0,maharashtra
251472,48176,Navi Mumbai,9,Navi Mumbai (M Corp.) - Ward No.9,0,,0,0,,0,0,0,maharashtra
251472,2517953,Navi Mumbai,90,Navi Mumbai (M Corp.) - Ward No.90,0,,0,0,,0,0,0,maharashtra
251472,2517954,Navi Mumbai,91,Navi Mumbai (M Corp.) - Ward No.91,0,,0,0,,0,0,0,maharashtra
251472,2517955,Navi Mumbai,92,Navi Mumbai (M Corp.) - Ward No.92,0,,0,0,,0,0,0,maharashtra
251472,2517956,Navi Mumbai,93,Navi Mumbai (M Corp.) - Ward No.93,0,,0,0,,0,0,0,maharashtra
251472,2517957,Navi Mumbai,94,Navi Mumbai (M Corp.) - Ward No.94,0,,0,0,,0,0,0,maharashtra
251472,2517958,Navi Mumbai,95,Navi Mumbai (M Corp.) - Ward No.95,0,,0,0,,0,0,0,maharashtra
251472,2517959,Navi Mumbai,96,Navi Mumbai (M Corp.) - Ward No.96,0,,0,0,,0,0,0,maharashtra
251472,2517960,Navi Mumbai,97,Navi Mumbai (M Corp.) - Ward No.97,0,,0,0,,0,0,0,maharashtra
251472,2517961,Navi Mumbai,98,Navi Mumbai (M Corp.) - Ward No.98,0,,0,0,,0,0,0,maharashtra
251472,2517962,Navi Mumbai,99,Navi Mumbai (M Corp.) - Ward No.99,0,,0,0,,0,0,0,maharashtra
251279,50468,Nawapur,1,Nawapur (M Cl) - Prabhag Kra.1,0,,0,0,,0,0,0,maharashtra
251279,50477,Nawapur,10,Nawapur (M Cl) - Prabhag Kra.10,0,,0,0,,0,0,0,maharashtra
251279,50469,Nawapur,2,Nawapur (M Cl) - Prabhag Kra.2,0,,0,0,,0,0,0,maharashtra
251279,50470,Nawapur,3,Nawapur (M Cl) - Prabhag Kra.3,0,,0,0,,0,0,0,maharashtra
251279,50471,Nawapur,4,Nawapur (M Cl) - Prabhag Kra.4,0,,0,0,,0,0,0,maharashtra
251279,50472,Nawapur,5,Nawapur (M Cl) - Prabhag Kra.5,0,,0,0,,0,0,0,maharashtra
251279,50473,Nawapur,6,Nawapur (M Cl) - Prabhag Kra.6,0,,0,0,,0,0,0,maharashtra
251279,50474,Nawapur,7,Nawapur (M Cl) - Prabhag Kra.7,0,,0,0,,0,0,0,maharashtra
251279,50476,Nawapur,9,Nawapur (M Cl) - Prabhag Kra.9,0,,0,0,,0,0,0,maharashtra
251279,50475,Nawapur,8,Nawapur (M Cl) -Prabhag Krao.8,0,,0,0,,0,0,0,maharashtra
259704,1306397,Ner Nababpur,1,Ner (M Cl) Ward No.1,0,,0,0,,0,0,0,maharashtra
259704,1306398,Ner Nababpur,2,Ner (M Cl) Ward No.2,0,,0,0,,0,0,0,maharashtra
259704,1306399,Ner Nababpur,3,Ner (M Cl) Ward No.3,0,,0,0,,0,0,0,maharashtra
259704,1306400,Ner Nababpur,4,Ner (M Cl) Ward No.4,0,,0,0,,0,0,0,maharashtra
259704,1306401,Ner Nababpur,5,Ner (M Cl) Ward No.5,0,,0,0,,0,0,0,maharashtra
259704,1306402,Ner Nababpur,6,Ner (M Cl) Ward No.6,0,,0,0,,0,0,0,maharashtra
259704,1306403,Ner Nababpur,7,Ner (M Cl) Ward No.7,0,,0,0,,0,0,0,maharashtra
259704,1306404,Ner Nababpur,8,Ner (M Cl) Ward No.8,0,,0,0,,0,0,0,maharashtra
259704,1306405,Ner Nababpur,9,Ner (M Cl) Ward No.9,0,,0,0,,0,0,0,maharashtra
276320,2405397,Nevasa,1,Nevasa (NP) - Ward Kra. 1,0,,0,0,,0,0,0,maharashtra
276320,2405406,Nevasa,10,Nevasa (NP) - Ward Kra. 10,0,,0,0,,0,0,0,maharashtra
276320,2405407,Nevasa,11,Nevasa (NP) - Ward Kra. 11,0,,0,0,,0,0,0,maharashtra
276320,2405408,Nevasa,12,Nevasa (NP) - Ward Kra. 12,0,,0,0,,0,0,0,maharashtra
276320,2405409,Nevasa,13,Nevasa (NP) - Ward Kra. 13,0,,0,0,,0,0,0,maharashtra
276320,2405410,Nevasa,14,Nevasa (NP) - Ward Kra. 14,0,,0,0,,0,0,0,maharashtra
276320,2405411,Nevasa,15,Nevasa (NP) - Ward Kra 15,0,,0,0,,0,0,0,maharashtra
276320,2405412,Nevasa,16,Nevasa (NP) - Ward Kra. 16,0,,0,0,,0,0,0,maharashtra
276320,2405413,Nevasa,17,Nevasa (NP) - Ward Kra. 17,0,,0,0,,0,0,0,maharashtra
276320,2405398,Nevasa,2,Nevasa (NP) - Ward Kra. 2,0,,0,0,,0,0,0,maharashtra
276320,2405399,Nevasa,3,Nevasa (NP) - Ward Kra. 3,0,,0,0,,0,0,0,maharashtra
276320,2405400,Nevasa,4,Nevasa (NP) - Ward Kra. 4,0,,0,0,,0,0,0,maharashtra
276320,2405401,Nevasa,5,Nevasa (NP) - Ward Kra. 5,0,,0,0,,0,0,0,maharashtra
276320,2405402,Nevasa,6,Nevasa (NP) - Ward Kra. 6,0,,0,0,,0,0,0,maharashtra
276320,2405403,Nevasa,7,Nevasa (NP) - Ward Kra. 7,0,,0,0,,0,0,0,maharashtra
276320,2405404,Nevasa,8,Nevasa (NP) - Ward Kra. 8,0,,0,0,,0,0,0,maharashtra
276320,2405405,Nevasa,9,Nevasa (NP) - Ward Kra. 9,0,,0,0,,0,0,0,maharashtra
251564,61160,Nilanga,6,Annabhau Sathe nagar-Kolle Galli-Salve Nagar-Naik Galli-Khatib Galli-Arya samaj Galli-Dhor Galli-Sorde Galli,0,,0,0,,0,0,0,maharashtra
251564,61161,Nilanga,7,Ashok Nagar-Milind Nagar-Kumbhar Galli,0,,0,0,,0,0,0,maharashtra
251564,61164,Nilanga,10,buaddha Nagar-khatik Galli-Mujavar Galli,0,,0,0,,0,0,0,maharashtra
251564,61163,Nilanga,9,Datta Nagar South-Narayan Nagar-Nilkatheshvar Market-Aurangpur,0,,0,0,,0,0,0,maharashtra
251564,61162,Nilanga,8,Mahadev Galli-Bramhan Galli-Marwad Galli-Khindi Galli-Kazi Galli,0,,0,0,,0,0,0,maharashtra
251564,61156,Nilanga,2,Panchal Colony-Basveshwar Nagar-Mahalaxmi Colony-Terna Colony,0,,0,0,,0,0,0,maharashtra
251564,61155,Nilanga,1,Shivaji nagar north-S.T. colony-Londhe nagar-Dudh dairy-Latur Bidar road-Adat market hadga road,0,,0,0,,0,0,0,maharashtra
251564,61159,Nilanga,5,Shivaji Nagar South mhada Colony-Datta Nagar North,0,,0,0,,0,0,0,maharashtra
251564,61158,Nilanga,4,Shivaji Nagar South Shivshakti Lodge,0,,0,0,,0,0,0,maharashtra
251564,61157,Nilanga,3,Vidya nagar-Dadapir Darga-Gandhi Nagar-Saraswati Colony.,0,,0,0,,0,0,0,maharashtra
303130,3301805,NIldoh,1,Ward No. 01,0,,0,0,,0,0,0,maharashtra
303130,3301806,NIldoh,2,Ward No. 02,0,,0,0,,0,0,0,maharashtra
303130,3301807,NIldoh,3,Ward No. 03,0,,0,0,,0,0,0,maharashtra
303130,3301808,NIldoh,4,Ward No. 04,0,,0,0,,0,0,0,maharashtra
303130,3301809,NIldoh,5,Ward No. 05,0,,0,0,,0,0,0,maharashtra
303130,3301810,NIldoh,6,Ward No. 06,0,,0,0,,0,0,0,maharashtra
303130,3301811,NIldoh,7,Ward No. 07,0,,0,0,,0,0,0,maharashtra
303130,3301812,NIldoh,8,Ward No. 08,0,,0,0,,0,0,0,maharashtra
303130,3301813,NIldoh,9,Ward No. 09,0,,0,0,,0,0,0,maharashtra
303130,3301814,NIldoh,10,Ward No. 10,0,,0,0,,0,0,0,maharashtra
303130,3301815,NIldoh,11,Ward No. 11,0,,0,0,,0,0,0,maharashtra
303130,3301816,NIldoh,12,Ward No. 12,0,,0,0,,0,0,0,maharashtra
303130,3301817,NIldoh,13,Ward No. 13,0,,0,0,,0,0,0,maharashtra
303130,3301818,NIldoh,14,Ward No. 14,0,,0,0,,0,0,0,maharashtra
303130,3301819,NIldoh,15,Ward No. 15,0,,0,0,,0,0,0,maharashtra
303130,3301820,NIldoh,16,Ward No. 16,0,,0,0,,0,0,0,maharashtra
303130,3301821,NIldoh,17,Ward No. 17,0,,0,0,,0,0,0,maharashtra
276279,2313641,Niphad,1,Niphad (Mu Cl) - Ward No.01,0,,0,0,,0,0,0,maharashtra
276279,2313642,Niphad,2,Niphad (Mu Cl) - Ward No.02,0,,0,0,,0,0,0,maharashtra
276279,2313643,Niphad,3,Niphad (Mu Cl) - Ward No.03,0,,0,0,,0,0,0,maharashtra
276279,2313644,Niphad,4,Niphad (Mu Cl) - Ward No.04,0,,0,0,,0,0,0,maharashtra
276279,2313645,Niphad,5,Niphad (Mu Cl) - Ward No.05,0,,0,0,,0,0,0,maharashtra
276279,2313646,Niphad,6,Niphad (Mu Cl) - Ward No.06,0,,0,0,,0,0,0,maharashtra
276279,2313647,Niphad,7,Niphad (Mu Cl) - Ward No.07,0,,0,0,,0,0,0,maharashtra
276279,2313648,Niphad,8,Niphad (Mu Cl) - Ward No.08,0,,0,0,,0,0,0,maharashtra
276279,2313649,Niphad,9,Niphad (Mu Cl) - Ward No.09,0,,0,0,,0,0,0,maharashtra
276279,2313650,Niphad,10,Niphad (Mu Cl) - Ward No.10,0,,0,0,,0,0,0,maharashtra
276279,2313651,Niphad,11,Niphad (Mu Cl) - Ward No.11,0,,0,0,,0,0,0,maharashtra
276279,2313652,Niphad,12,Niphad (Mu Cl) - Ward No.12,0,,0,0,,0,0,0,maharashtra
276279,2313653,Niphad,13,Niphad (Mu Cl) - Ward No.13,0,,0,0,,0,0,0,maharashtra
276279,2313654,Niphad,14,Niphad (Mu Cl) - Ward No.14,0,,0,0,,0,0,0,maharashtra
276279,2313655,Niphad,15,Niphad (Mu Cl) - Ward No.15,0,,0,0,,0,0,0,maharashtra
276279,2313656,Niphad,16,Niphad (Mu Cl) - Ward No.16,0,,0,0,,0,0,0,maharashtra
276279,2313657,Niphad,17,Niphad (Mu Cl) - Ward No.17,0,,0,0,,0,0,0,maharashtra
251569,62472,Osmanabad,14,Osmanabad (M Cl) - Ward No.14,0,,0,0,,0,0,0,maharashtra
251569,62473,Osmanabad,15,Osmanabad (M Cl) - Ward No.15,0,,0,0,,0,0,0,maharashtra
251569,62474,Osmanabad,16,Osmanabad (M Cl) - Ward No.16,0,,0,0,,0,0,0,maharashtra
251569,62475,Osmanabad,17,Osmanabad (M Cl) - Ward No.17,0,,0,0,,0,0,0,maharashtra
251569,62476,Osmanabad,18,Osmanabad (M Cl) - Ward No.18,0,,0,0,,0,0,0,maharashtra
251569,62477,Osmanabad,19,Osmanabad (M Cl) - Ward No.19,0,,0,0,,0,0,0,maharashtra
251569,62468,Osmanabad,10,Ward No. 10 Bypass Extension Border - Samarth Nagar - Sherkhane Plots - Bus Stand North Side - Aryachankya Mahavidya - Lay Complex - Parashuram Colony -,0,,0,0,,0,0,0,maharashtra
251569,62469,Osmanabad,11,Ward No. 11 Sherkhane Plots - ST Colony - Shivaji Nagar (Sanja Road) - Akshata Mangal Office - MSEB. Substation - Bharat Chitramandir - N.P. Extended Boundary,0,,0,0,,0,0,0,maharashtra
251569,62470,Osmanabad,12,Ward No. 12 Kings Corner - Taj Mahal Chitra Mandir - MSEB Savarkar Chowk. Jijamata Udayan - Bhajimandai area - Kotagalli - Dakbangla - Gawale Galli - Dhangarwada - Pashrudwad,0,,0,0,,0,0,0,maharashtra
251569,62471,Osmanabad,13,Ward No. 13 Gaikwad Galli - Munde Galli - Galli - Bhim Ugra - Vairag Road - Boudh Vihar area - Khadakpura - Khirnimala.,0,,0,0,,0,0,0,maharashtra
251569,62459,Osmanabad,1,Ward No. 1 Municipal Council Extended Boundary - Kings Hotel - Dutt Nagar - Terna College - Milli Colony,0,,0,0,,0,0,0,maharashtra
251569,62460,Osmanabad,2,Ward No. 2 Gandhi Nagar-Mamta Society-Old Upala Road-Bhanunagar-Bhupalsingh Nagar-Police Quarters-Vikas Nagar-RD Plots-Extension,0,,0,0,,0,0,0,maharashtra
251569,62461,Osmanabad,3,Ward No. 3 Police Quarters-Bank Colony-Post Colony-Tapre Building Bypass Extended Range-Srinagar-Shams Colony,0,,0,0,,0,0,0,maharashtra
251569,62462,Osmanabad,4,Ward No. 4 Ramnagar - Veterinary College - Anandnagar - Samata Bhagal Office - Government Residences,0,,0,0,,0,0,0,maharashtra
251569,62463,Osmanabad,5,Ward No. 5 Galib Nagar - Kakade Plot - Sultanpura - District Industries Centre - Sambhaji Nagar - Manik Chowk,0,,0,0,,0,0,0,maharashtra
251569,62464,Osmanabad,6,Ward No. 6 Ghatangri Road - Teachers Colony - Gawli Wada - Ramakrishna Colony - Umbre Kotha - Yashwant Nagar - T.P.S. Road - Bombay Hanuman Complex,0,,0,0,,0,0,0,maharashtra
251569,62465,Osmanabad,7,Ward No. 7 Barshinaka - Parimal Mangal Karyalaya - Adarsh Colony - Gadrasta - Teachers Colony - Malkhare Plots - Hambire Plots - Survey No. 16 Mali Plot - Backward Class Society,0,,0,0,,0,0,0,maharashtra
251569,62466,Osmanabad,8,Ward No. 8 Ladies Club - No. 14 - Limbonibagh - Tambari Section near Church - Chhatrapati Shivaji High School - Government Hospital behind Savitribai Society,0,,0,0,,0,0,0,maharashtra
251569,62467,Osmanabad,9,Ward No. 9 Samta Nagar - B. & c. Quarter Ramnagar D.I.C. Road Tuljabhavani Stadium - S. R.T. Colony - Bhosale High School - Vidyanagar - Dhoble - Lot - Naikwadi Nagar - Pushpak Colony,0,,0,0,,0,0,0,maharashtra
251297,51531,Pachora,1,Pachora (M Cl) - Ward No.1,0,,0,0,,0,0,0,maharashtra
251297,51620,Pachora,10,Pachora (M Cl) - Ward No.10,0,,0,0,,0,0,0,maharashtra
251297,51622,Pachora,11,Pachora (M Cl) - Ward No.11,0,,0,0,,0,0,0,maharashtra
251297,51624,Pachora,12,Pachora (M Cl) - Ward No.12,0,,0,0,,0,0,0,maharashtra
251297,51626,Pachora,13,Pachora (M Cl) - Ward No.13,0,,0,0,,0,0,0,maharashtra
251297,45360,Pachora,14,Pachora (M Cl) - Ward No.14,0,,0,0,,0,0,0,maharashtra
251297,45362,Pachora,15,Pachora (M Cl) - Ward No.15,0,,0,0,,0,0,0,maharashtra
251297,45364,Pachora,16,Pachora (M Cl) - Ward No.16,0,,0,0,,0,0,0,maharashtra
251297,45366,Pachora,17,Pachora (M Cl) - Ward No.17,0,,0,0,,0,0,0,maharashtra
251297,45368,Pachora,18,Pachora (M Cl) - Ward No.18,0,,0,0,,0,0,0,maharashtra
251297,45370,Pachora,19,Pachora (M Cl) - Ward No.19,0,,0,0,,0,0,0,maharashtra
251297,51533,Pachora,2,Pachora (M Cl) - Ward No.2,0,,0,0,,0,0,0,maharashtra
251297,45372,Pachora,20,Pachora (M Cl) - Ward No.20,0,,0,0,,0,0,0,maharashtra
251297,45374,Pachora,21,Pachora (M Cl) - Ward No.21,0,,0,0,,0,0,0,maharashtra
251297,45376,Pachora,22,Pachora (M Cl) - Ward No.22,0,,0,0,,0,0,0,maharashtra
251297,45378,Pachora,23,Pachora (M Cl) - Ward No.23,0,,0,0,,0,0,0,maharashtra
251297,51535,Pachora,3,Pachora (M Cl) - Ward No.3,0,,0,0,,0,0,0,maharashtra
251297,51608,Pachora,4,Pachora (M Cl) - Ward No.4,0,,0,0,,0,0,0,maharashtra
251297,51610,Pachora,5,Pachora (M Cl) - Ward No.5,0,,0,0,,0,0,0,maharashtra
251297,51612,Pachora,6,Pachora (M Cl) - Ward No.6,0,,0,0,,0,0,0,maharashtra
251297,51614,Pachora,7,Pachora (M Cl) - Ward No.7,0,,0,0,,0,0,0,maharashtra
251297,51616,Pachora,8,Pachora (M Cl) - Ward No.8,0,,0,0,,0,0,0,maharashtra
251297,51618,Pachora,9,Pachora (M Cl) - Ward No.9,0,,0,0,,0,0,0,maharashtra
251433,62039,Paithan,1,Ward No.1,0,,0,0,,0,0,0,maharashtra
251433,62048,Paithan,10,Ward No.10,0,,0,0,,0,0,0,maharashtra
251433,62049,Paithan,11,Ward No.11,0,,0,0,,0,0,0,maharashtra
251433,3318471,Paithan,12,Ward No.12,0,,0,0,,0,0,0,maharashtra
251433,62040,Paithan,2,Ward No.2,0,,0,0,,0,0,0,maharashtra
251433,62041,Paithan,3,Ward No.3,0,,0,0,,0,0,0,maharashtra
251433,62042,Paithan,4,Ward No.4,0,,0,0,,0,0,0,maharashtra
251433,62043,Paithan,5,Ward No.5,0,,0,0,,0,0,0,maharashtra
251433,62044,Paithan,6,Ward No.6,0,,0,0,,0,0,0,maharashtra
251433,62045,Paithan,7,Ward No.7,0,,0,0,,0,0,0,maharashtra
251433,62046,Paithan,8,Ward No.8,0,,0,0,,0,0,0,maharashtra
251433,62047,Paithan,9,Ward No.9,0,,0,0,,0,0,0,maharashtra
276297,2503440,Palam,1,Ward No 1,0,,0,0,,0,0,0,maharashtra
276297,2503449,Palam,10,Ward No 10,0,,0,0,,0,0,0,maharashtra
276297,2503450,Palam,11,Ward No 11,0,,0,0,,0,0,0,maharashtra
276297,2503451,Palam,12,Ward No 12,0,,0,0,,0,0,0,maharashtra
276297,2503452,Palam,13,Ward No 13,0,,0,0,,0,0,0,maharashtra
276297,2503453,Palam,14,Ward No 14,0,,0,0,,0,0,0,maharashtra
276297,2503454,Palam,15,Ward No 15,0,,0,0,,0,0,0,maharashtra
276297,2503455,Palam,16,Ward No 16,0,,0,0,,0,0,0,maharashtra
276297,2503456,Palam,17,Ward No 17,0,,0,0,,0,0,0,maharashtra
276297,2503441,Palam,2,Ward No 2,0,,0,0,,0,0,0,maharashtra
276297,2503442,Palam,3,Ward No 3,0,,0,0,,0,0,0,maharashtra
276297,2503443,Palam,4,Ward No 4,0,,0,0,,0,0,0,maharashtra
276297,2503444,Palam,5,Ward No 5,0,,0,0,,0,0,0,maharashtra
276297,2503445,Palam,6,Ward No 6,0,,0,0,,0,0,0,maharashtra
276297,2503446,Palam,7,Ward No 7,0,,0,0,,0,0,0,maharashtra
276297,2503447,Palam,8,Ward No 8,0,,0,0,,0,0,0,maharashtra
276297,2503448,Palam,9,Ward No 9,0,,0,0,,0,0,0,maharashtra
251460,48074,Palghar,1,Palghar (M Cl) - Ward No.1,0,,0,0,,0,0,0,maharashtra
251460,48083,Palghar,10,Palghar (M Cl) - Ward No.10,0,,0,0,,0,0,0,maharashtra
251460,48084,Palghar,11,Palghar (M Cl) - Ward No.11,0,,0,0,,0,0,0,maharashtra
251460,48085,Palghar,12,Palghar (M Cl) - Ward No.12,0,,0,0,,0,0,0,maharashtra
251460,48086,Palghar,13,Palghar (M Cl) - Ward No.13,0,,0,0,,0,0,0,maharashtra
251460,48087,Palghar,14,Palghar (M Cl) - Ward No.14,0,,0,0,,0,0,0,maharashtra
251460,48075,Palghar,2,Palghar (M Cl) - Ward No.2,0,,0,0,,0,0,0,maharashtra
251460,48076,Palghar,3,Palghar (M Cl) - Ward No.3,0,,0,0,,0,0,0,maharashtra
251460,48077,Palghar,4,Palghar (M Cl) - Ward No.4,0,,0,0,,0,0,0,maharashtra
251460,48078,Palghar,5,Palghar (M Cl) - Ward No.5,0,,0,0,,0,0,0,maharashtra
251460,48079,Palghar,6,Palghar (M Cl) - Ward No.6,0,,0,0,,0,0,0,maharashtra
251460,48080,Palghar,7,Palghar (M Cl) - Ward No.7,0,,0,0,,0,0,0,maharashtra
251460,48081,Palghar,8,Palghar (M Cl) - Ward No.8,0,,0,0,,0,0,0,maharashtra
251460,48082,Palghar,9,Palghar (M Cl) - Ward No.9,0,,0,0,,0,0,0,maharashtra
300027,3257224,Pali,1,Ward No. 1,0,,0,0,,0,0,0,maharashtra
300027,3257233,Pali,10,Ward No. 10,0,,0,0,,0,0,0,maharashtra
300027,3257234,Pali,11,Ward No. 11,0,,0,0,,0,0,0,maharashtra
300027,3257235,Pali,12,Ward No. 12,0,,0,0,,0,0,0,maharashtra
300027,3257236,Pali,13,Ward No. 13,0,,0,0,,0,0,0,maharashtra
300027,3257237,Pali,14,Ward No. 14,0,,0,0,,0,0,0,maharashtra
300027,3257238,Pali,15,Ward No. 15,0,,0,0,,0,0,0,maharashtra
300027,3257239,Pali,16,Ward No. 16,0,,0,0,,0,0,0,maharashtra
300027,3257240,Pali,17,Ward No. 17,0,,0,0,,0,0,0,maharashtra
300027,3257225,Pali,2,Ward No. 2,0,,0,0,,0,0,0,maharashtra
300027,3257226,Pali,3,Ward No. 3,0,,0,0,,0,0,0,maharashtra
300027,3257227,Pali,4,Ward No. 4,0,,0,0,,0,0,0,maharashtra
300027,3257228,Pali,5,Ward No. 5,0,,0,0,,0,0,0,maharashtra
300027,3257229,Pali,6,Ward No. 6,0,,0,0,,0,0,0,maharashtra
300027,3257230,Pali,7,Ward No. 7,0,,0,0,,0,0,0,maharashtra
300027,3257231,Pali,8,Ward No. 8,0,,0,0,,0,0,0,maharashtra
300027,3257232,Pali,9,Ward No. 9,0,,0,0,,0,0,0,maharashtra
276350,1729764,Palus,1,Palus (Mci) Ward No.1,0,,0,0,,0,0,0,maharashtra
276350,1729765,Palus,2,Palus (Mci) Ward No.2,0,,0,0,,0,0,0,maharashtra
276350,1729766,Palus,3,Palus (Mci) Ward No.3,0,,0,0,,0,0,0,maharashtra
276350,1729767,Palus,4,Palus (Mci) Ward No.4,0,,0,0,,0,0,0,maharashtra
276350,1729768,Palus,5,Palus (Mci) Ward No.5,0,,0,0,,0,0,0,maharashtra
276350,1729769,Palus,6,Palus (Mci) Ward No.6,0,,0,0,,0,0,0,maharashtra
276350,1729770,Palus,7,Palus (Mci) Ward No.7,0,,0,0,,0,0,0,maharashtra
276350,1729771,Palus,8,Palus (Mci) Ward No.8,0,,0,0,,0,0,0,maharashtra
251585,71242,Panchgani,1,Panchgani (M Cl) Ward No.1,0,,0,0,,0,0,0,maharashtra
251585,71243,Panchgani,2,Panchgani (M Cl) Ward No.2,0,,0,0,,0,0,0,maharashtra
251585,71244,Panchgani,3,Panchgani (M Cl) Ward No.3,0,,0,0,,0,0,0,maharashtra
251585,71245,Panchgani,4,Panchgani (M Cl) Ward No.4,0,,0,0,,0,0,0,maharashtra
251585,71246,Panchgani,5,Panchgani (M Cl) Ward No.5,0,,0,0,,0,0,0,maharashtra
251585,71247,Panchgani,6,Panchgani (M Cl) Ward No.6,0,,0,0,,0,0,0,maharashtra
251585,71248,Panchgani,7,Panchgani (M Cl) Ward No.7,0,,0,0,,0,0,0,maharashtra
251585,71249,Panchgani,8,Panchgani (M Cl) Ward No.8,0,,0,0,,0,0,0,maharashtra
251395,47214,Pandharkawda,1,Pandharkaoda (M Cl) Ward No.1,0,,0,0,,0,0,0,maharashtra
251395,47215,Pandharkawda,2,Pandharkaoda (M Cl) Ward No.2,0,,0,0,,0,0,0,maharashtra
251395,47216,Pandharkawda,3,Pandharkaoda (M Cl) Ward No.3,0,,0,0,,0,0,0,maharashtra
251395,47217,Pandharkawda,4,Pandharkaoda (M Cl) Ward No.4,0,,0,0,,0,0,0,maharashtra
251395,47218,Pandharkawda,5,Pandharkaoda (M Cl) Ward No.5,0,,0,0,,0,0,0,maharashtra
251395,47219,Pandharkawda,6,Pandharkaoda (M Cl) Ward No.6,0,,0,0,,0,0,0,maharashtra
251395,47220,Pandharkawda,7,Pandharkaoda (M Cl) Ward No.7,0,,0,0,,0,0,0,maharashtra
251395,47221,Pandharkawda,8,Pandharkaoda (M Cl) Ward No.8,0,,0,0,,0,0,0,maharashtra
251395,47222,Pandharkawda,9,Pandharkaoda (M Cl) Ward No.9,0,,0,0,,0,0,0,maharashtra
297006,2316039,Pandharpur,1,Ward No 1,0,,0,0,,0,0,0,maharashtra
297006,3233279,Pandharpur,10,Ward No 10,0,,0,0,,0,0,0,maharashtra
297006,3233280,Pandharpur,11,Ward No 11,0,,0,0,,0,0,0,maharashtra
297006,3233281,Pandharpur,12,Ward No 12,0,,0,0,,0,0,0,maharashtra
297006,3233282,Pandharpur,13,Ward No 13,0,,0,0,,0,0,0,maharashtra
297006,3233283,Pandharpur,14,Ward No 14,0,,0,0,,0,0,0,maharashtra
297006,3233284,Pandharpur,15,Ward No 15,0,,0,0,,0,0,0,maharashtra
297006,3233285,Pandharpur,16,Ward No 16,0,,0,0,,0,0,0,maharashtra
297006,3233286,Pandharpur,17,Ward No 17,0,,0,0,,0,0,0,maharashtra
297006,2316040,Pandharpur,2,Ward No 2,0,,0,0,,0,0,0,maharashtra
297006,2316041,Pandharpur,3,Ward No 3,0,,0,0,,0,0,0,maharashtra
297006,2316042,Pandharpur,4,Ward No 4,0,,0,0,,0,0,0,maharashtra
297006,2316043,Pandharpur,5,Ward No 5,0,,0,0,,0,0,0,maharashtra
297006,2316044,Pandharpur,6,Ward No 6,0,,0,0,,0,0,0,maharashtra
297006,2316045,Pandharpur,7,Ward No 7,0,,0,0,,0,0,0,maharashtra
297006,2316046,Pandharpur,8,Ward No 8,0,,0,0,,0,0,0,maharashtra
297006,2316047,Pandharpur,9,Ward No 9,0,,0,0,,0,0,0,maharashtra
251615,73274,Panhala,1,Ward No.1,0,,0,0,,0,0,0,maharashtra
251615,73276,Panhala,2,Ward No.2,0,,0,0,,0,0,0,maharashtra
251615,73278,Panhala,3,Ward No.3,0,,0,0,,0,0,0,maharashtra
251615,73280,Panhala,4,Ward No.4,0,,0,0,,0,0,0,maharashtra
251615,73282,Panhala,5,Ward No.5,0,,0,0,,0,0,0,maharashtra
251615,73284,Panhala,6,Ward No.6,0,,0,0,,0,0,0,maharashtra
251615,73286,Panhala,7,Ward No.7,0,,0,0,,0,0,0,maharashtra
251615,73288,Panhala,8,Ward No.8,0,,0,0,,0,0,0,maharashtra
251492,49168,Panvel,10,Panvel (M Cl) - Ward No.10 &#2346;&#2381;&#2352;&#2349;&#2366;&#2327; &#2325;&#2381;&#2352; 10 &#2325;&#2366;&#2355;&#2306;&#2332; &#2360;&#2350;&#2366;&#2332; &#2361;&#2377;&#2354;,0,,0,0,,0,0,0,maharashtra
251492,49169,Panvel,11,Panvel (M Cl) - Ward No.11 &#2346;&#2381;&#2352;&#2349;&#2366;&#2327; &#2325;&#2381;&#2352; 11 &#2346;&#2366;&#2351;&#2379;&#2344;&#2367;&#2351;&#2352; &#2360;&#2379;,0,,0,0,,0,0,0,maharashtra
251492,49170,Panvel,12,Panvel (M Cl) - Ward No.12 &#2346;&#2381;&#2352;&#2349;&#2366;&#2327; &#2325;&#2381;&#2352; 12 &#2357;&#2337;&#2366;&#2355;&#2375; &#2340;&#2354;&#2366;&#2357;,0,,0,0,,0,0,0,maharashtra
251492,49085,Panvel,1,Panvel (M Cl) - Ward No.1 &#2346;&#2381;&#2352;&#2349;&#2366;&#2327; &#2325;&#2381;&#2352; 1 &#2350;&#2361;&#2366;&#2340;&#2381;&#2350;&#2366; &#2360;&#2381;&#2325;&#2369;&#2354;,0,,0,0,,0,0,0,maharashtra
251492,49171,Panvel,13,Panvel (M Cl) - Ward No.13 &#2346;&#2381;&#2352;&#2349;&#2366;&#2327; &#2325;&#2381;&#2352; 13 &#2360;&#2367;&#2337;&#2325;&#2379; &#2309;&#2327;&#2381;&#2344;&#2367;&#2358;&#2366;&#2350;&#2325; &#2325;&#2375;&#2306;&#2342;&#2381;&#2352;,0,,0,0,,0,0,0,maharashtra
251492,49172,Panvel,14,Panvel (M Cl) - Ward No.14 &#2346;&#2381;&#2352;&#2349;&#2366;&#2327; &#2325;&#2381;&#2352; 14 &#2360;&#2367;&#2337;&#2325;&#2379; &#2325;&#2366;&#2352;&#2381;&#2351;&#2366;&#2354;&#2351;,0,,0,0,,0,0,0,maharashtra
251492,49173,Panvel,15,Panvel (M Cl) - Ward No.15 &#2346;&#2381;&#2352;&#2349;&#2366;&#2327; &#2325;&#2381;&#2352; 15 &#2346;&#2379;&#2360;&#2381;&#2335; &#2321;&#2347;&#2368;&#2360;,0,,0,0,,0,0,0,maharashtra
251492,49174,Panvel,16,Panvel (M Cl) - Ward No.16 &#2346;&#2381;&#2352;&#2349;&#2366;&#2327; &#2325;&#2381;&#2352; 16 &#2325;&#2366;&#2354;&#2368;&#2350;&#2366;&#2340;&#2366; &#2350;&#2306;&#2342;&#2368;&#2352;,0,,0,0,,0,0,0,maharashtra
251492,49175,Panvel,17,Panvel (M Cl) - Ward No.17 &#2346;&#2381;&#2352;&#2349;&#2366;&#2327; &#2325;&#2381;&#2352; 17 &#2309;&#2350;&#2371;&#2340; &#2357;&#2375;&#2354; &#2309;&#2346;&#2366;,0,,0,0,,0,0,0,maharashtra
251492,49176,Panvel,18,Panvel (M Cl) - Ward No.18 &#2346;&#2381;&#2352;&#2349;&#2366;&#2327; &#2325;&#2381;&#2352; 18 &#2360;&#2306;&#2340; &#2360;&#2366;&#2312;&#2348;&#2366;&#2348;&#2366; &#2358;&#2366;&#2355;&#2366;,0,,0,0,,0,0,0,maharashtra
251492,49177,Panvel,19,Panvel (M Cl) - Ward No.19 &#2346;&#2381;&#2352;&#2349;&#2366;&#2327; &#2325;&#2381;&#2352; 19 &#2360;&#2367; &#2325;&#2375; &#2335;&#2368; &#2350;&#2361;&#2366;&#2357;&#2367;&#2342;&#2381;&#2351;&#2366;&#2354;&#2351;,0,,0,0,,0,0,0,maharashtra
251492,49178,Panvel,20,Panvel (M Cl) - Ward No.20 &#2346;&#2381;&#2352;&#2349;&#2366;&#2327; &#2325;&#2381;&#2352; 20 &#2354;&#2379;&#2325;&#2350;&#2366;&#2344;&#2381;&#2351; &#2344;&#2327;&#2352;,0,,0,0,,0,0,0,maharashtra
251492,49179,Panvel,21,Panvel (M Cl) - Ward No.21&#2346;&#2381;&#2352;&#2349;&#2366;&#2327; &#2325;&#2381;&#2352; 21 &#2354;&#2366;&#2312;&#2344; &#2310;&#2355;&#2368;,0,,0,0,,0,0,0,maharashtra
251492,49180,Panvel,22,Panvel (M Cl) - Ward No.22 &#2346;&#2381;&#2352;&#2349;&#2366;&#2327; &#2325;&#2381;&#2352; 22 &#2327;&#2366;&#2357;&#2342;&#2375;&#2357;&#2368; &#2350;&#2306;&#2342;&#2368;&#2352;,0,,0,0,,0,0,0,maharashtra
251492,49160,Panvel,2,Panvel (M Cl) - Ward No.2 &#2346;&#2381;&#2352;&#2349;&#2366;&#2327; &#2325;&#2381;&#2352; 2 &#2361;&#2366;&#2357;&#2352;&#2375; &#2357;&#2371;&#2306;&#2342;&#2366;&#2357;&#2344; &#2346;&#2373;&#2354;&#2375;&#2360;,0,,0,0,,0,0,0,maharashtra
251492,49181,Panvel,23,Panvel (M Cl) - Ward No.23 &#2346;&#2381;&#2352;&#2349;&#2366;&#2327; &#2325;&#2381;&#2352; 23 &#2343;&#2370;&#2340;&#2346;&#2366;&#2346;&#2375;&#2358;&#2381;&#2357;&#2352; &#2325;&#2366;&#2352;&#2326;&#2366;&#2344;&#2366;,0,,0,0,,0,0,0,maharashtra
251492,49182,Panvel,24,Panvel (M Cl) - Ward No.24 &#2346;&#2381;&#2352;&#2349;&#2366;&#2327; &#2325;&#2381;&#2352; 24 &#2340;&#2366; &#2346;&#2379;&#2354;&#2368;&#2360; &#2360;&#2381;Ž&#2335;&#2375;&#2358;&#2344;,0,,0,0,,0,0,0,maharashtra
251492,49183,Panvel,25,Panvel (M Cl) - Ward No.25 &#2346;&#2381;&#2352;&#2349;&#2366;&#2327; &#2325;&#2381;&#2352; 25&#2346;&#2352;&#2342;&#2375;&#2358;&#2368; &#2310;&#2355;&#2368; &#2350;&#2366;&#2339;&#2368;&#2325; &#2344;&#2327;&#2352;,0,,0,0,,0,0,0,maharashtra
251492,49184,Panvel,26,Panvel (M Cl) - Ward No.26 &#2346;&#2381;&#2352;&#2349;&#2366;&#2327; &#2325;&#2381;&#2352; 26 &#2346;&#2344;&#2357;&#2375;&#2354; &#2325;&#2379;&#2352;&#2381;&#2335;,0,,0,0,,0,0,0,maharashtra
251492,7791,Panvel,27,Panvel (M Cl) - Ward No.27 &#2346;&#2381;&#2352;&#2349;&#2366;&#2327; &#2325;&#2381;&#2352; 27 &#2325;&#2330;&#2381;&#8205;&#2331;&#2368; &#2350;&#2379;&#2361;&#2354;&#2381;&#8205;&#2354;&#2366;,0,,0,0,,0,0,0,maharashtra
251492,7792,Panvel,28,Panvel (M Cl) - Ward No.28 &#2346;&#2381;&#2352;&#2349;&#2366;&#2327; &#2325;&#2381;&#2352; 28 &#2344;&#2327;&#2352;&#2346;&#2352;&#2367;&#2359;&#2342; &#2325;&#2366;&#2352;&#2381;&#2351;&#2366;&#2354;&#2351;,0,,0,0,,0,0,0,maharashtra
251492,7793,Panvel,29,Panvel (M Cl) - Ward No.29 &#2346;&#2381;&#2352;&#2349;&#2366;&#2327; &#2325;&#2381;&#2352; 29 &#2346;&#2335;&#2375;&#2354; &#2350;&#2379;&#2361;&#2354;&#2381;&#8205;&#2354;&#2366;,0,,0,0,,0,0,0,maharashtra
251492,7794,Panvel,30,Panvel (M Cl) - Ward No.30 &#2346;&#2381;&#2352;&#2349;&#2366;&#2327; &#2325;&#2381;&#2352; 30 &#2325;&#2379;&#2355;&#2368;&#2357;&#2366;&#2337;&#2366;,0,,0,0,,0,0,0,maharashtra
251492,7795,Panvel,31,Panvel (M Cl) - Ward No.31 &#2346;&#2381;&#2352;&#2349;&#2366;&#2327; &#2325;&#2381;&#2352; 31 &#2352;&#2379;&#2361;&#2368;&#2342;&#2366;&#2360; &#2357;&#2366;&#2337;&#2366;,0,,0,0,,0,0,0,maharashtra
251492,7796,Panvel,32,Panvel (M Cl) - Ward No.32 &#2361;&#2369;&#2340;&#2366;&#2340;&#2381;&#8205;&#2350;&#2366; &#2360;&#2381;&#8205;&#2350;&#2366;&#2352;&#2325;,0,,0,0,,0,0,0,maharashtra
251492,49161,Panvel,3,Panvel (M Cl) - Ward No.3 &#2346;&#2381;&#2352;&#2349;&#2366;&#2327; &#2325;&#2381;&#2352; 3 &#2360;&#2375;&#2306;&#2335; &#2332;&#2379;&#2360;&#2375;&#2347; &#2360;&#2381;Ž&#2325;&#2369;&#2354;,0,,0,0,,0,0,0,maharashtra
251492,7797,Panvel,33,Panvel (M Cl) - Ward No.33 &#2350;&#2368; &#2325;&#2381;&#8205;&#2354;&#2366; &#2361;&#2366;&#2314; &#2360;&#2379;,0,,0,0,,0,0,0,maharashtra
251492,7798,Panvel,34,Panvel (M Cl) - Ward No.34 &#2340;&#2325;&#2381;&#8205;&#2325;&#2366;&#2327;&#2366;&#2306;&#2357;,0,,0,0,,0,0,0,maharashtra
251492,7799,Panvel,35,Panvel (M Cl) - Ward No.35 &#2346;&#2379;&#2342;&#2368; &#2346;&#2381;&#2352;&#2366; &#2358;&#2366;&#2355;&#2366;,0,,0,0,,0,0,0,maharashtra
251492,7800,Panvel,36,Panvel (M Cl) - Ward No.36 &#2346;&#2367;&#2354;&#2381;&#8205;&#2354;&#2312; &#2325;&#2377;&#2354;&#2375;&#2332;,0,,0,0,,0,0,0,maharashtra
251492,7801,Panvel,37,Panvel (M Cl) - Ward No.37 &#2346;&#2344;&#2357;&#2375;&#2354; &#2352;&#2375;&#2354;&#2381;&#8205;&#2357;&#2375; &#2360;&#2381;&#8205;&#2335;&#2375;&#2358;&#2344;,0,,0,0,,0,0,0,maharashtra
251492,7802,Panvel,38,Panvel (M Cl) - Ward No.38 &#2327;&#2379;&#2342;&#2352;&#2375;&#2332; &#2325;&#2377;&#2354;&#2344;&#2368;,0,,0,0,,0,0,0,maharashtra
251492,49162,Panvel,4,Panvel (M Cl) - Ward No.4 &#2346;&#2381;&#2352;&#2349;&#2366;&#2327; &#2325;&#2381;&#2352; 4 &#2337;&#2367; &#2320; &#2348;&#2368; &#2346;&#2348;&#2381;&#2354;&#2368;&#2325; &#2360;&#2381;Ž&#2325;&#2369;&#2354;,0,,0,0,,0,0,0,maharashtra
251492,49163,Panvel,5,Panvel (M Cl) - Ward No.5 &#2346;&#2381;&#2352;&#2349;&#2366;&#2327; &#2325;&#2381;&#2352; 5 &#2360;&#2367; &#2325;&#2375; &#2335;&#2368; &#2350;&#2361;&#2366;&#2357;&#2367;&#2342;&#2381;&#2351;&#2366;&#2354;&#2351;,0,,0,0,,0,0,0,maharashtra
251492,49164,Panvel,6,Panvel (M Cl) - Ward No.6 &#2346;&#2381;&#2352;&#2349;&#2366;&#2327; &#2325;&#2381;&#2352; 6 &#2346;&#2344;&#2357;&#2375;&#2354; &#2311;&#2306;&#2337;&#2360;&#2381;&#2335;&#2381;&#2352;&#2367;&#2351;&#2354; &#2311;&#2360;&#2381;Ž&#2335;&#2375;&#2335;,0,,0,0,,0,0,0,maharashtra
251492,49165,Panvel,7,Panvel (M Cl) - Ward No.7 &#2346;&#2381;&#2352;&#2349;&#2366;&#2327; &#2325;&#2381;&#2352; 7 &#2350;&#2379;&#2336;&#2366; &#2326;&#2366;&#2306;&#2342;&#2366;,0,,0,0,,0,0,0,maharashtra
251492,49166,Panvel,8,Panvel (M Cl) - Ward No.8 &#2346;&#2381;&#2352;&#2349;&#2366;&#2327; &#2325;&#2381;&#2352; 8 &#2343;&#2366;&#2325;&#2335;&#2366; &#2326;&#2366;&#2306;&#2342;&#2366;,0,,0,0,,0,0,0,maharashtra
251492,49167,Panvel,9,Panvel (M Cl) - Ward No.9 &#2346;&#2381;&#2352;&#2349;&#2366;&#2327; &#2325;&#2381;&#2352; 9 &#2360;&#2366;&#2312; &#2344;&#2327;&#2352; &#2310;&#2342;&#2352;&#2381;&#2358; &#2360;&#2379;,0,,0,0,,0,0,0,maharashtra
251566,62425,Paranda,1,Ward No. 1 (Madari vasti-kasim baag kasaab galli-mujavar galli),0,,0,0,,0,0,0,maharashtra
251566,62426,Paranda,2,Ward No. 2 (bagwan galli-kashid galli-mimin galli-east rajapura galli),0,,0,0,,0,0,0,maharashtra
251566,62427,Paranda,3,Ward No.3 (narsinh nagar-pancyat samiti area and samarth nagar-sub district hospital shivaju nagar b&c colony police colony),0,,0,0,,0,0,0,maharashtra
251566,62428,Paranda,4,Ward No.4 (Nijampura east-momin galli west-killa area-mandai mangwada),0,,0,0,,0,0,0,maharashtra
251566,62429,Paranda,5,Ward No.5 (kurhad galli-hansaraj swami math area-mandai bhimnagar-nijampura west-waiduwadi gosavi galli),0,,0,0,,0,0,0,maharashtra
251566,62430,Paranda,6,Ward No.6 (patil galli sutar galli-mali galli kumbhar galli-kavthe bhimnagar somavar galli east),0,,0,0,,0,0,0,maharashtra
251566,62431,Paranda,7,Ward no.7 (somvar galli wst-mangalwar peth east-palla galli-nalsab galli-mogal masjid parisar-shahbarfiwale galli),0,,0,0,,0,0,0,maharashtra
251566,62432,Paranda,8,Ward No.8 (sikalkar galli-samtanagar slum indira nagar slum sina kolegav colony-devgaon road B&C colomy and shikshak society),0,,0,0,,0,0,0,maharashtra
251416,47575,Parbhani,1,PRABHAG No.1,0,,0,0,,0,0,0,maharashtra
251416,47584,Parbhani,10,PRABHAG No.10,0,,0,0,,0,0,0,maharashtra
251416,47585,Parbhani,11,PRABHAG No.11,0,,0,0,,0,0,0,maharashtra
251416,47586,Parbhani,12,PRABHAG No.12,0,,0,0,,0,0,0,maharashtra
251416,47587,Parbhani,13,PRABHAG No.13,0,,0,0,,0,0,0,maharashtra
251416,47588,Parbhani,14,PRABHAG No.14,0,,0,0,,0,0,0,maharashtra
251416,47589,Parbhani,15,PRABHAG No.15,0,,0,0,,0,0,0,maharashtra
251416,47590,Parbhani,16,PRABHAG No.16,0,,0,0,,0,0,0,maharashtra
251416,47576,Parbhani,2,PRABHAG No.2,0,,0,0,,0,0,0,maharashtra
251416,47577,Parbhani,3,PRABHAG No.3,0,,0,0,,0,0,0,maharashtra
251416,47578,Parbhani,4,PRABHAG No.4,0,,0,0,,0,0,0,maharashtra
251416,47579,Parbhani,5,PRABHAG No.5,0,,0,0,,0,0,0,maharashtra
251416,47580,Parbhani,6,PRABHAG No.6,0,,0,0,,0,0,0,maharashtra
251416,47581,Parbhani,7,PRABHAG No.7,0,,0,0,,0,0,0,maharashtra
251416,47582,Parbhani,8,PRABHAG No.8,0,,0,0,,0,0,0,maharashtra
251416,47583,Parbhani,9,PRABHAG No.9,0,,0,0,,0,0,0,maharashtra
251559,61092,Parli,10,Ward No.10 Dr. Babasaheb Ambedkar Shopping Complex Premises,0,,0,0,,0,0,0,maharashtra
251559,61093,Parli,11,Ward No.11 Vidyanagar Irrigation Colony Area,0,,0,0,,0,0,0,maharashtra
251559,61094,Parli,12,Ward No.12 Agricultural Produce Market Committee premises,0,,0,0,,0,0,0,maharashtra
251559,61095,Parli,13,Ward No.13 Industrial estate area,0,,0,0,,0,0,0,maharashtra
251559,61096,Parli,14,Ward No.14 Peth Mohalla Surveshwar Temple Precinct,0,,0,0,,0,0,0,maharashtra
251559,61097,Parli,15,Ward No.15 Ambewes Nandurwes area,0,,0,0,,0,0,0,maharashtra
251559,61098,Parli,16,Ward No.16 Vaidyanath Temple Malikpura Manik Nagar Complex,0,,0,0,,0,0,0,maharashtra
251559,61083,Parli,1,Ward No.1 T.P.S. Colony-Milind Nagar,0,,0,0,,0,0,0,maharashtra
251559,61084,Parli,2,Ward No.2 Barkat Nagar Shivnagar area,0,,0,0,,0,0,0,maharashtra
251559,61085,Parli,3,Ward No.3 Ukhlawes area,0,,0,0,,0,0,0,maharashtra
251559,61086,Parli,4,Ward No.4 Ganeshpar Kalratri Temple Premises,0,,0,0,,0,0,0,maharashtra
251559,61087,Parli,5,Ward No.5 Savatmali Temple Precincts,0,,0,0,,0,0,0,maharashtra
251559,61088,Parli,6,Ward No.6 Padmavati Galli Indiranagar area,0,,0,0,,0,0,0,maharashtra
251559,61089,Parli,7,Ward No.7 Bhimwadi area,0,,0,0,,0,0,0,maharashtra
251559,61090,Parli,8,Ward No.8 Siddharth Nagar Gautam Nagar area,0,,0,0,,0,0,0,maharashtra
251559,61091,Parli,9,Ward No.9 Shivaji Nagar Thermal Complex,0,,0,0,,0,0,0,maharashtra
275730,2405414,Parner,1,Parner (NP) - Ward Kra. 1,0,,0,0,,0,0,0,maharashtra
275730,2405423,Parner,10,Parner (NP) - Ward Kra. 10,0,,0,0,,0,0,0,maharashtra
275730,2405424,Parner,11,Parner (NP) - Ward Kra. 11,0,,0,0,,0,0,0,maharashtra
275730,2405425,Parner,12,Parner (NP) - Ward Kra. 12,0,,0,0,,0,0,0,maharashtra
275730,2405426,Parner,13,Parner (NP) - Ward Kra. 13,0,,0,0,,0,0,0,maharashtra
275730,2405427,Parner,14,Parner (NP) - Ward Kra. 14,0,,0,0,,0,0,0,maharashtra
275730,2405428,Parner,15,Parner (NP) - Ward Kra. 15,0,,0,0,,0,0,0,maharashtra
275730,2405429,Parner,16,Parner (NP) - Ward Kra. 16,0,,0,0,,0,0,0,maharashtra
275730,2405430,Parner,17,Parner (NP) - Ward Kra. 17,0,,0,0,,0,0,0,maharashtra
275730,2405415,Parner,2,Parner (NP) - Ward Kra. 2,0,,0,0,,0,0,0,maharashtra
275730,2405416,Parner,3,Parner (NP) - Ward Kra. 3,0,,0,0,,0,0,0,maharashtra
275730,2405417,Parner,4,Parner (NP) - Ward Kra. 4,0,,0,0,,0,0,0,maharashtra
275730,2405418,Parner,5,Parner (NP) - Ward Kra. 5,0,,0,0,,0,0,0,maharashtra
275730,2405419,Parner,6,Parner (NP) - Ward Kra. 6,0,,0,0,,0,0,0,maharashtra
275730,2405420,Parner,7,Parner (NP) - Ward Kra. 7,0,,0,0,,0,0,0,maharashtra
275730,2405421,Parner,8,Parner (NP) - Ward Kra. 8,0,,0,0,,0,0,0,maharashtra
275730,2405422,Parner,9,Parner (NP) - Ward Kra. 9,0,,0,0,,0,0,0,maharashtra
251295,51465,Parola,1,Parola (M Cl) - Ward No.1,0,,0,0,,0,0,0,maharashtra
251295,51483,Parola,10,Parola (M Cl) - Ward No.10,0,,0,0,,0,0,0,maharashtra
251295,51485,Parola,11,Parola (M Cl) - Ward No.11,0,,0,0,,0,0,0,maharashtra
251295,51487,Parola,12,Parola (M Cl) - Ward No.12,0,,0,0,,0,0,0,maharashtra
251295,51489,Parola,13,Parola (M Cl) - Ward No.13,0,,0,0,,0,0,0,maharashtra
251295,51491,Parola,14,Parola (M Cl) - Ward No.14,0,,0,0,,0,0,0,maharashtra
251295,51493,Parola,15,Parola (M Cl) - Ward No.15,0,,0,0,,0,0,0,maharashtra
251295,51495,Parola,16,Parola (M Cl) - Ward No.16,0,,0,0,,0,0,0,maharashtra
251295,51497,Parola,17,Parola (M Cl) - Ward No.17,0,,0,0,,0,0,0,maharashtra
251295,51499,Parola,18,Parola (M Cl) - Ward No.18,0,,0,0,,0,0,0,maharashtra
251295,51467,Parola,2,Parola (M Cl) - Ward No.2,0,,0,0,,0,0,0,maharashtra
251295,51469,Parola,3,Parola (M Cl) - Ward No.3,0,,0,0,,0,0,0,maharashtra
251295,51471,Parola,4,Parola (M Cl) - Ward No.4,0,,0,0,,0,0,0,maharashtra
251295,51473,Parola,5,Parola (M Cl) - Ward No.5,0,,0,0,,0,0,0,maharashtra
251295,51475,Parola,6,Parola (M Cl) - Ward No.6,0,,0,0,,0,0,0,maharashtra
251295,51477,Parola,7,Parola (M Cl) - Ward No.7,0,,0,0,,0,0,0,maharashtra
251295,51479,Parola,8,Parola (M Cl) - Ward No.8,0,,0,0,,0,0,0,maharashtra
251295,51481,Parola,9,Parola (M Cl) - Ward No.9,0,,0,0,,0,0,0,maharashtra
276305,1307021,Parshivni,1,Parshivni (N P) Ward No. 1,0,,0,0,,0,0,0,maharashtra
276305,1307030,Parshivni,10,Parshivni (N P) Ward No. 10,0,,0,0,,0,0,0,maharashtra
276305,1307031,Parshivni,11,Parshivni (N P) Ward No. 11,0,,0,0,,0,0,0,maharashtra
276305,1307032,Parshivni,12,Parshivni (N P) Ward No. 12,0,,0,0,,0,0,0,maharashtra
276305,1307033,Parshivni,13,Parshivni (N P) Ward No. 13,0,,0,0,,0,0,0,maharashtra
276305,1307034,Parshivni,14,Parshivni (N P) Ward No. 14,0,,0,0,,0,0,0,maharashtra
276305,1307035,Parshivni,15,Parshivni (N P) Ward No. 15,0,,0,0,,0,0,0,maharashtra
276305,1307036,Parshivni,16,Parshivni (N P) Ward No. 16,0,,0,0,,0,0,0,maharashtra
276305,1307037,Parshivni,17,Parshivni (N P) Ward No. 17,0,,0,0,,0,0,0,maharashtra
276305,1307022,Parshivni,2,Parshivni (N P) Ward No. 2,0,,0,0,,0,0,0,maharashtra
276305,1307023,Parshivni,3,Parshivni (N P) Ward No. 3,0,,0,0,,0,0,0,maharashtra
276305,1307024,Parshivni,4,Parshivni (N P) Ward No. 4,0,,0,0,,0,0,0,maharashtra
276305,1307025,Parshivni,5,Parshivni (N P) Ward No. 5,0,,0,0,,0,0,0,maharashtra
276305,1307026,Parshivni,6,Parshivni (N P) Ward No. 6,0,,0,0,,0,0,0,maharashtra
276305,1307027,Parshivni,7,Parshivni (N P) Ward No. 7,0,,0,0,,0,0,0,maharashtra
276305,1307028,Parshivni,8,Parshivni (N P) Ward No. 8,0,,0,0,,0,0,0,maharashtra
276305,1307029,Parshivni,9,Parshivni (N P) Ward No. 9,0,,0,0,,0,0,0,maharashtra
251425,47757,Partur,1,Partur Prabhag-01 Indira nagar-Ambedkar Nagar-Lal Masjid Kabrastan-Jama Masjid-Balekhan Talav,0,,0,0,,0,0,0,maharashtra
251425,47758,Partur,2,Partur Prabhag -02 Bagal galli-Rameshwar Galli-Deshpande galli-Mujmule galli-Ubale galli,0,,0,0,,0,0,0,maharashtra
251425,47759,Partur,3,Partur Prabhag-03 kaji galli-khatib galli-kasar galli-naikwadi galli-Kayamkhani Galli-Bhaji Mandai Ahilya nagar,0,,0,0,,0,0,0,maharashtra
251425,47760,Partur,4,Partur Prabhag No-04 Momin galli-Kureshi Galli-Mahebub subhani galli-pardhiwada-Yunus colony,0,,0,0,,0,0,0,maharashtra
251425,47761,Partur,5,Partur Prabhag No-05 Ladda colony gaon-Sartaj colony-Shindikhana-Khatija Masjid-Kankaya Nagar,0,,0,0,,0,0,0,maharashtra
251425,47762,Partur,6,Partur Prabhag No-06 Chikani Parisar-Bus stand-Abubakkar colony-Sanmitra Colony-Ekta Nagar-Tahsil parisar more mala,0,,0,0,,0,0,0,maharashtra
251425,47763,Partur,7,Partur Prabhag No-07 Juna Post Office road-Devkar galli-Pathanpura-Akshay Nagar-Rajput Galli,0,,0,0,,0,0,0,maharashtra
251425,47764,Partur,8,Partur Prabhag No-08 Raut Mala-lal bahadur shastri college-Adarsh colony-Shahu nagar-Sambhaji Nagar-Vitthal Nagar-Sai Nagar,0,,0,0,,0,0,0,maharashtra
251425,47765,Partur,9,Partur Prabhag No-09 Jijau Nagar-Saraswati colony-Shivaji Nagar-Dargad galli-Sitanand Park,0,,0,0,,0,0,0,maharashtra
251425,47766,Partur,10,Partur Prabhag No-10 Sahyog nagar-Pawar colony-Shani mandir parisar-wakhar mahamandal-jay bhavani colony-gavali galli-Gajanan Mandir Parisar,0,,0,0,,0,0,0,maharashtra
251425,3257669,Partur,11,Partur Prabhag No-11 Sathe Nagar-Dnyaneshwar Nagar-Panchshil Nagar-Hiralal Nagar-Balaji Nagar-Vyankates Nagar,0,,0,0,,0,0,0,maharashtra
251596,1748570,Patan,1,Patan Nagarpanchayat Ward No.1,0,,0,0,,0,0,0,maharashtra
251596,1748579,Patan,10,Patan Nagarpanchayat Ward No.10,0,,0,0,,0,0,0,maharashtra
251596,1748580,Patan,11,Patan Nagarpanchayat Ward No.11,0,,0,0,,0,0,0,maharashtra
251596,1748581,Patan,12,Patan Nagarpanchayat Ward No.12,0,,0,0,,0,0,0,maharashtra
251596,1748582,Patan,13,Patan Nagarpanchayat Ward No.13,0,,0,0,,0,0,0,maharashtra
251596,1748583,Patan,14,Patan Nagarpanchayat Ward No.14,0,,0,0,,0,0,0,maharashtra
251596,1748584,Patan,15,Patan Nagarpanchayat Ward No.15,0,,0,0,,0,0,0,maharashtra
251596,1748585,Patan,16,Patan Nagarpanchayat Ward No.16,0,,0,0,,0,0,0,maharashtra
251596,1748586,Patan,17,Patan Nagarpanchayat Ward No.17,0,,0,0,,0,0,0,maharashtra
251596,1748571,Patan,2,Patan Nagarpanchayat Ward No.2,0,,0,0,,0,0,0,maharashtra
251596,1748572,Patan,3,Patan Nagarpanchayat Ward No.3,0,,0,0,,0,0,0,maharashtra
251596,1748573,Patan,4,Patan Nagarpanchayat Ward No.4,0,,0,0,,0,0,0,maharashtra
251596,1748574,Patan,5,Patan Nagarpanchayat Ward No.5,0,,0,0,,0,0,0,maharashtra
251596,1748575,Patan,6,Patan Nagarpanchayat Ward No.6,0,,0,0,,0,0,0,maharashtra
251596,1748576,Patan,7,Patan Nagarpanchayat Ward No.7,0,,0,0,,0,0,0,maharashtra
251596,1748577,Patan,8,Patan Nagarpanchayat Ward No.8,0,,0,0,,0,0,0,maharashtra
251596,1748578,Patan,9,Patan Nagarpanchayat Ward No.9,0,,0,0,,0,0,0,maharashtra
251546,58430,Pathardi,1,Pathardi (M Cl) - Ward Kra 1,0,,0,0,,0,0,0,maharashtra
251546,58431,Pathardi,2,Pathardi (M Cl) - Ward Kra 2,0,,0,0,,0,0,0,maharashtra
251546,58432,Pathardi,3,Pathardi (M Cl) - Ward Kra 3,0,,0,0,,0,0,0,maharashtra
251546,58433,Pathardi,4,Pathardi (M Cl) - Ward Kra 4,0,,0,0,,0,0,0,maharashtra
251546,58434,Pathardi,5,Pathardi (M Cl) - Ward Kra 5,0,,0,0,,0,0,0,maharashtra
251546,58435,Pathardi,6,Pathardi (M Cl) - Ward Kra 6,0,,0,0,,0,0,0,maharashtra
251546,58436,Pathardi,7,Pathardi (M Cl) - Ward Kra 7,0,,0,0,,0,0,0,maharashtra
251546,58437,Pathardi,8,Pathardi (M Cl) - Ward Kra 8,0,,0,0,,0,0,0,maharashtra
251418,47628,Pathri,5,Ekta Nagar,0,,0,0,,0,0,0,maharashtra
251418,47625,Pathri,2,Hanuman Nagar,0,,0,0,,0,0,0,maharashtra
251418,47624,Pathri,1,Indira Nagar,0,,0,0,,0,0,0,maharashtra
251418,47627,Pathri,4,Karanja Mohalla,0,,0,0,,0,0,0,maharashtra
251418,47633,Pathri,10,Namdev Nagar,0,,0,0,,0,0,0,maharashtra
251418,47630,Pathri,7,Pathan Mohalla,0,,0,0,,0,0,0,maharashtra
251418,47632,Pathri,9,Shriram Mandir,0,,0,0,,0,0,0,maharashtra
251418,47631,Pathri,8,Someshwar Mandir,0,,0,0,,0,0,0,maharashtra
251418,47626,Pathri,3,Ulhas Nagar,0,,0,0,,0,0,0,maharashtra
251418,47629,Pathri,6,Vitthal Mandir Maliwada,0,,0,0,,0,0,0,maharashtra
275732,1839125,Patoda.,1,Patoda (N P) - Ward No.1,0,,0,0,,0,0,0,maharashtra
275732,1839134,Patoda.,10,Patoda (N P) - Ward No.10,0,,0,0,,0,0,0,maharashtra
275732,1839135,Patoda.,11,Patoda (N P) - Ward No.11,0,,0,0,,0,0,0,maharashtra
275732,1839136,Patoda.,12,Patoda (N P) - Ward No.12,0,,0,0,,0,0,0,maharashtra
275732,1839137,Patoda.,13,Patoda (N P) - Ward No.13,0,,0,0,,0,0,0,maharashtra
275732,1839138,Patoda.,14,Patoda (N P) - Ward No.14,0,,0,0,,0,0,0,maharashtra
275732,1839139,Patoda.,15,Patoda (N P) - Ward No.15,0,,0,0,,0,0,0,maharashtra
275732,1839140,Patoda.,16,Patoda (N P) - Ward No.16,0,,0,0,,0,0,0,maharashtra
275732,1839141,Patoda.,17,Patoda (N P) - Ward No.17,0,,0,0,,0,0,0,maharashtra
275732,1839126,Patoda.,2,Patoda (N P) - Ward No.2,0,,0,0,,0,0,0,maharashtra
275732,1839127,Patoda.,3,Patoda (N P) - Ward No.3,0,,0,0,,0,0,0,maharashtra
275732,1839128,Patoda.,4,Patoda (N P) - Ward No.4,0,,0,0,,0,0,0,maharashtra
275732,1839129,Patoda.,5,Patoda (N P) - Ward No.5,0,,0,0,,0,0,0,maharashtra
275732,1839130,Patoda.,6,Patoda (N P) - Ward No.6,0,,0,0,,0,0,0,maharashtra
275732,1839131,Patoda.,7,Patoda (N P) - Ward No.7,0,,0,0,,0,0,0,maharashtra
275732,1839132,Patoda.,8,Patoda (N P) - Ward No.8,0,,0,0,,0,0,0,maharashtra
275732,1839133,Patoda.,9,Patoda (N P) - Ward No.9,0,,0,0,,0,0,0,maharashtra
251316,45757,Patur,1,Patur (M Cl) - Ward No.1,0,,0,0,,0,0,0,maharashtra
251316,45758,Patur,2,Patur (M Cl) - Ward No.2,0,,0,0,,0,0,0,maharashtra
251316,45759,Patur,3,Patur (M Cl) - Ward No.3,0,,0,0,,0,0,0,maharashtra
251316,45760,Patur,4,Patur (M Cl) - Ward No.4,0,,0,0,,0,0,0,maharashtra
251316,45761,Patur,5,Patur (M Cl) - Ward No.5,0,,0,0,,0,0,0,maharashtra
251316,45762,Patur,6,Patur (M Cl) - Ward No.6,0,,0,0,,0,0,0,maharashtra
251316,45763,Patur,7,Patur (M Cl) - Ward No.7,0,,0,0,,0,0,0,maharashtra
251316,45764,Patur,8,Patur (M Cl) - Ward No.8,0,,0,0,,0,0,0,maharashtra
248077,2302765,Pauni,1,Pauni ( M C ) - Ward No. 1,0,,0,0,,0,0,0,maharashtra
248077,2302766,Pauni,2,Pauni ( M C ) - Ward No. 2,0,,0,0,,0,0,0,maharashtra
248077,2302767,Pauni,3,Pauni ( M C ) - Ward No. 3,0,,0,0,,0,0,0,maharashtra
248077,2302768,Pauni,4,Pauni ( M C ) - Ward No. 4,0,,0,0,,0,0,0,maharashtra
248077,2302769,Pauni,5,Pauni ( M C ) - Ward No. 5,0,,0,0,,0,0,0,maharashtra
248077,2302770,Pauni,6,Pauni ( M C ) - Ward No. 6,0,,0,0,,0,0,0,maharashtra
248077,2302771,Pauni,7,Pauni ( M C) - Ward No. 7,0,,0,0,,0,0,0,maharashtra
248077,2302772,Pauni,8,Pauni ( M C ) - Ward No. 8,0,,0,0,,0,0,0,maharashtra
251502,49224,Pen,1,Pen (M Cl) Ward No.1,0,,0,0,,0,0,0,maharashtra
251502,1751710,Pen,10,Pen (M Cl) Ward No.10,0,,0,0,,0,0,0,maharashtra
251502,3314324,Pen,11,Pen (M Cl) Ward No.11,0,,0,0,,0,0,0,maharashtra
251502,3314325,Pen,12,Pen (M Cl) Ward No.12,0,,0,0,,0,0,0,maharashtra
251502,49225,Pen,2,Pen (M Cl) Ward No.2,0,,0,0,,0,0,0,maharashtra
251502,49226,Pen,3,Pen (M Cl) Ward No.3,0,,0,0,,0,0,0,maharashtra
251502,49227,Pen,4,Pen (M Cl) Ward No.4,0,,0,0,,0,0,0,maharashtra
251502,49228,Pen,5,Pen (M Cl) Ward No.5,0,,0,0,,0,0,0,maharashtra
251502,49229,Pen,6,Pen (M Cl) Ward No.6,0,,0,0,,0,0,0,maharashtra
251502,49230,Pen,7,Pen (M Cl) Ward No.7,0,,0,0,,0,0,0,maharashtra
251502,49231,Pen,8,Pen (M Cl) Ward No.8,0,,0,0,,0,0,0,maharashtra
251502,1751709,Pen,9,Pen (M Cl) Ward No.9,0,,0,0,,0,0,0,maharashtra
276280,2313607,Peth,1,Peth (Mu Cl) - Ward N.01,0,,0,0,,0,0,0,maharashtra
276280,2313608,Peth,2,Peth (Mu Cl) - Ward N.02,0,,0,0,,0,0,0,maharashtra
276280,2313609,Peth,3,Peth (Mu Cl) - Ward N.03,0,,0,0,,0,0,0,maharashtra
276280,2313610,Peth,4,Peth (Mu Cl) - Ward N.04,0,,0,0,,0,0,0,maharashtra
276280,2313611,Peth,5,Peth (Mu Cl) - Ward N.05,0,,0,0,,0,0,0,maharashtra
276280,2313612,Peth,6,Peth (Mu Cl) - Ward N.06,0,,0,0,,0,0,0,maharashtra
276280,2313613,Peth,7,Peth (Mu Cl) - Ward N.07,0,,0,0,,0,0,0,maharashtra
276280,2313614,Peth,8,Peth (Mu Cl) - Ward N.08,0,,0,0,,0,0,0,maharashtra
276280,2313615,Peth,9,Peth (Mu Cl) - Ward N.09,0,,0,0,,0,0,0,maharashtra
276280,2313616,Peth,10,Peth (Mu Cl) - Ward N.10,0,,0,0,,0,0,0,maharashtra
276280,2313617,Peth,11,Peth (Mu Cl) - Ward N.11,0,,0,0,,0,0,0,maharashtra
276280,2313618,Peth,12,Peth (Mu Cl) - Ward N.12,0,,0,0,,0,0,0,maharashtra
276280,2313619,Peth,13,Peth (Mu Cl) - Ward N.13,0,,0,0,,0,0,0,maharashtra
276280,2313620,Peth,14,Peth (Mu Cl) - Ward N.14,0,,0,0,,0,0,0,maharashtra
276280,2313621,Peth,15,Peth (Mu Cl) - Ward N.15,0,,0,0,,0,0,0,maharashtra
276280,2313622,Peth,16,Peth (Mu Cl) - Ward N.16,0,,0,0,,0,0,0,maharashtra
276280,2313623,Peth,17,Peth (Mu Cl) - Ward N.17,0,,0,0,,0,0,0,maharashtra
251403,61229,Peth Umri,1,Ward-no.1 UPP Colony-Police Colony Govt.Rest House-Ganesh Nagar Area-Yeshwant Highschool Area,0,,0,0,,0,0,0,maharashtra
251403,61230,Peth Umri,2,Ward-no.2 Yenkatesh Nagar Buddha Vihar-Area of Yeshwant Highschool-Railway Quarter and Municipal Council Area,0,,0,0,,0,0,0,maharashtra
251403,61231,Peth Umri,3,Ward No.3 Islampura-Mukbadheer School area and Nagzari Nagar-Keshari Compound-Function Hall Area,0,,0,0,,0,0,0,maharashtra
251403,61232,Peth Umri,4,Ward No.4 Rapatwar Nagar-Ravinagar-Pahad Galli.,0,,0,0,,0,0,0,maharashtra
251403,61233,Peth Umri,5,Ward No.5 Pahad Galli-Shri. Laxmi Nagar-Shri.Mahdev Temple Aria-shri. Saibaba temple Area-Shri Maroti Temple Area-Masjid Area,0,,0,0,,0,0,0,maharashtra
251403,61234,Peth Umri,6,Ward No.6 Dr.Ambdekar Nagar-Chowk Galli-Datta Temple Area-Vithal TempleArea-Shri Ram Temple Area and New Bus Stand Area.,0,,0,0,,0,0,0,maharashtra
251403,61235,Peth Umri,7,Ward No.7 Area of Shri Balaji Temple Shri.Balaji temple area-Dharmashala Area-Aarya samaj Temple Area and Area of Mhada Colony,0,,0,0,,0,0,0,maharashtra
251403,61236,Peth Umri,8,Ward No.8 Area of shri. Maata Mahakali Temple-Old Post office Area-Mondha Area-Old Venkatesh Tokies area-Market Committee Area and area of Jinning Pressing,0,,0,0,,0,0,0,maharashtra
251588,71260,Phaltan,1,Phaltan (M Cl) Ward No.1,0,,0,0,,0,0,0,maharashtra
251588,71269,Phaltan,10,Phaltan (M Cl) Ward No.10,0,,0,0,,0,0,0,maharashtra
251588,71270,Phaltan,11,Phaltan (M Cl) Ward No.11,0,,0,0,,0,0,0,maharashtra
251588,71271,Phaltan,12,Phaltan (M Cl) Ward No.12,0,,0,0,,0,0,0,maharashtra
251588,71261,Phaltan,2,Phaltan (M Cl) Ward No.2,0,,0,0,,0,0,0,maharashtra
251588,71262,Phaltan,3,Phaltan (M Cl) Ward No.3,0,,0,0,,0,0,0,maharashtra
251588,71263,Phaltan,4,Phaltan (M Cl) Ward No.4,0,,0,0,,0,0,0,maharashtra
251588,71264,Phaltan,5,Phaltan (M Cl) Ward No.5,0,,0,0,,0,0,0,maharashtra
251588,71265,Phaltan,6,Phaltan (M Cl) Ward No.6,0,,0,0,,0,0,0,maharashtra
251588,71266,Phaltan,7,Phaltan (M Cl) Ward No.7,0,,0,0,,0,0,0,maharashtra
251588,71267,Phaltan,8,Phaltan (M Cl) Ward No.8,0,,0,0,,0,0,0,maharashtra
251588,71268,Phaltan,9,Phaltan (M Cl) Ward No.9,0,,0,0,,0,0,0,maharashtra
303075,3310693,Pimpalgaon Baswant,1,PRABHAG KR. 1,0,,0,0,,0,0,0,maharashtra
303075,3310702,Pimpalgaon Baswant,10,PRABHAG KR. 10,0,,0,0,,0,0,0,maharashtra
303075,3310703,Pimpalgaon Baswant,11,PRABHAG KR. 11,0,,0,0,,0,0,0,maharashtra
303075,3310704,Pimpalgaon Baswant,12,PRABHAG KR. 12,0,,0,0,,0,0,0,maharashtra
303075,3310694,Pimpalgaon Baswant,2,PRABHAG KR. 2,0,,0,0,,0,0,0,maharashtra
303075,3310695,Pimpalgaon Baswant,3,PRABHAG KR. 3,0,,0,0,,0,0,0,maharashtra
303075,3310696,Pimpalgaon Baswant,4,PRABHAG KR. 4,0,,0,0,,0,0,0,maharashtra
303075,3310697,Pimpalgaon Baswant,5,PRABHAG KR. 5,0,,0,0,,0,0,0,maharashtra
303075,3310698,Pimpalgaon Baswant,6,PRABHAG KR. 6,0,,0,0,,0,0,0,maharashtra
303075,3310699,Pimpalgaon Baswant,7,PRABHAG KR. 7,0,,0,0,,0,0,0,maharashtra
303075,3310700,Pimpalgaon Baswant,8,PRABHAG KR. 8,0,,0,0,,0,0,0,maharashtra
303075,3310701,Pimpalgaon Baswant,9,PRABHAG KR. 9,0,,0,0,,0,0,0,maharashtra
303133,3310726,Pimpalner Nagar Pnchayat,1,ward no 1,0,,0,0,,0,0,0,maharashtra
303133,3310735,Pimpalner Nagar Pnchayat,10,ward no 10,0,,0,0,,0,0,0,maharashtra
303133,3310727,Pimpalner Nagar Pnchayat,2,ward no 2,0,,0,0,,0,0,0,maharashtra
303133,3310728,Pimpalner Nagar Pnchayat,3,ward no 3,0,,0,0,,0,0,0,maharashtra
303133,3310729,Pimpalner Nagar Pnchayat,4,ward no 4,0,,0,0,,0,0,0,maharashtra
303133,3310730,Pimpalner Nagar Pnchayat,5,ward no 5,0,,0,0,,0,0,0,maharashtra
303133,3310731,Pimpalner Nagar Pnchayat,6,ward no 6,0,,0,0,,0,0,0,maharashtra
303133,3310732,Pimpalner Nagar Pnchayat,7,ward no 7,0,,0,0,,0,0,0,maharashtra
303133,3310733,Pimpalner Nagar Pnchayat,8,ward no 8,0,,0,0,,0,0,0,maharashtra
303133,3310734,Pimpalner Nagar Pnchayat,9,ward no 9,0,,0,0,,0,0,0,maharashtra
251528,49109,Pimpri Chinchwad,1,Pimpri Chinchwad (M Corp.) - Ward No.1,0,,0,0,,0,0,0,maharashtra
251528,49127,Pimpri Chinchwad,10,Pimpri Chinchwad (M Corp.) - Ward No.10,0,,0,0,,0,0,0,maharashtra
251528,49129,Pimpri Chinchwad,11,Pimpri Chinchwad (M Corp.) - Ward No.11,0,,0,0,,0,0,0,maharashtra
251528,49131,Pimpri Chinchwad,12,Pimpri Chinchwad (M Corp.) - Ward No.12,0,,0,0,,0,0,0,maharashtra
251528,49133,Pimpri Chinchwad,13,Pimpri Chinchwad (M Corp.) - Ward No.13,0,,0,0,,0,0,0,maharashtra
251528,49135,Pimpri Chinchwad,14,Pimpri Chinchwad (M Corp.) - Ward No.14,0,,0,0,,0,0,0,maharashtra
251528,49137,Pimpri Chinchwad,15,Pimpri Chinchwad (M Corp.) - Ward No.15,0,,0,0,,0,0,0,maharashtra
251528,49139,Pimpri Chinchwad,16,Pimpri Chinchwad (M Corp.) - Ward No.16,0,,0,0,,0,0,0,maharashtra
251528,49141,Pimpri Chinchwad,17,Pimpri Chinchwad (M Corp.) - Ward No.17,0,,0,0,,0,0,0,maharashtra
251528,49143,Pimpri Chinchwad,18,Pimpri Chinchwad (M Corp.) - Ward No.18,0,,0,0,,0,0,0,maharashtra
251528,49145,Pimpri Chinchwad,19,Pimpri Chinchwad (M Corp.) - Ward No.19,0,,0,0,,0,0,0,maharashtra
251528,49111,Pimpri Chinchwad,2,Pimpri Chinchwad (M Corp.) - Ward No.2,0,,0,0,,0,0,0,maharashtra
251528,49147,Pimpri Chinchwad,20,Pimpri Chinchwad (M Corp.) - Ward No.20,0,,0,0,,0,0,0,maharashtra
251528,49149,Pimpri Chinchwad,21,Pimpri Chinchwad (M Corp.) - Ward No.21,0,,0,0,,0,0,0,maharashtra
251528,49151,Pimpri Chinchwad,22,Pimpri Chinchwad (M Corp.) - Ward No.22,0,,0,0,,0,0,0,maharashtra
251528,49153,Pimpri Chinchwad,23,Pimpri Chinchwad (M Corp.) - Ward No.23,0,,0,0,,0,0,0,maharashtra
251528,49155,Pimpri Chinchwad,24,Pimpri Chinchwad (M Corp.) - Ward No.24,0,,0,0,,0,0,0,maharashtra
251528,49157,Pimpri Chinchwad,25,Pimpri Chinchwad (M Corp.) - Ward No.25,0,,0,0,,0,0,0,maharashtra
251528,49159,Pimpri Chinchwad,26,Pimpri Chinchwad (M Corp.) - Ward No.26,0,,0,0,,0,0,0,maharashtra
251528,50165,Pimpri Chinchwad,27,Pimpri Chinchwad (M Corp.) - Ward No.27,0,,0,0,,0,0,0,maharashtra
251528,50167,Pimpri Chinchwad,28,Pimpri Chinchwad (M Corp.) - Ward No.28,0,,0,0,,0,0,0,maharashtra
251528,50169,Pimpri Chinchwad,29,Pimpri Chinchwad (M Corp.) - Ward No.29,0,,0,0,,0,0,0,maharashtra
251528,49113,Pimpri Chinchwad,3,Pimpri Chinchwad (M Corp.) - Ward No.3,0,,0,0,,0,0,0,maharashtra
251528,50171,Pimpri Chinchwad,30,Pimpri Chinchwad (M Corp.) - Ward No.30,0,,0,0,,0,0,0,maharashtra
251528,50173,Pimpri Chinchwad,31,Pimpri Chinchwad (M Corp.) - Ward No.31,0,,0,0,,0,0,0,maharashtra
251528,50175,Pimpri Chinchwad,32,Pimpri Chinchwad (M Corp.) - Ward No.32,0,,0,0,,0,0,0,maharashtra
251528,49115,Pimpri Chinchwad,4,Pimpri Chinchwad (M Corp.) - Ward No.4,0,,0,0,,0,0,0,maharashtra
251528,49117,Pimpri Chinchwad,5,Pimpri Chinchwad (M Corp.) - Ward No.5,0,,0,0,,0,0,0,maharashtra
251528,49119,Pimpri Chinchwad,6,Pimpri Chinchwad (M Corp.) - Ward No.6,0,,0,0,,0,0,0,maharashtra
251528,49121,Pimpri Chinchwad,7,Pimpri Chinchwad (M Corp.) - Ward No.7,0,,0,0,,0,0,0,maharashtra
251528,49123,Pimpri Chinchwad,8,Pimpri Chinchwad (M Corp.) - Ward No.8,0,,0,0,,0,0,0,maharashtra
251528,49125,Pimpri Chinchwad,9,Pimpri Chinchwad (M Corp.) - Ward No.9.,0,,0,0,,0,0,0,maharashtra
276636,1798012,Poladpur,1,Poladpur N P Ward No 1,0,,0,0,,0,0,0,maharashtra
276636,1798021,Poladpur,10,Poladpur N P Ward No 10,0,,0,0,,0,0,0,maharashtra
276636,1798022,Poladpur,11,Poladpur N P Ward No 11,0,,0,0,,0,0,0,maharashtra
276636,1798023,Poladpur,12,Poladpur N P Ward No 12,0,,0,0,,0,0,0,maharashtra
276636,1798024,Poladpur,13,Poladpur N P Ward No 13,0,,0,0,,0,0,0,maharashtra
276636,1798025,Poladpur,14,Poladpur N P Ward No 14,0,,0,0,,0,0,0,maharashtra
276636,1798026,Poladpur,15,Poladpur N P Ward No 15,0,,0,0,,0,0,0,maharashtra
276636,1798027,Poladpur,16,Poladpur N P Ward No 16,0,,0,0,,0,0,0,maharashtra
276636,1798028,Poladpur,17,Poladpur N P Ward No 17,0,,0,0,,0,0,0,maharashtra
276636,1798013,Poladpur,2,Poladpur N P Ward No 2,0,,0,0,,0,0,0,maharashtra
276636,1798014,Poladpur,3,Poladpur N P Ward No 3,0,,0,0,,0,0,0,maharashtra
276636,1798015,Poladpur,4,Poladpur N P Ward No 4,0,,0,0,,0,0,0,maharashtra
276636,1798016,Poladpur,5,Poladpur N P Ward No 5,0,,0,0,,0,0,0,maharashtra
276636,1798017,Poladpur,6,Poladpur N P Ward No 6,0,,0,0,,0,0,0,maharashtra
276636,1798018,Poladpur,7,Poladpur N P Ward No 7,0,,0,0,,0,0,0,maharashtra
276636,1798019,Poladpur,8,Poladpur N P Ward No 8,0,,0,0,,0,0,0,maharashtra
276636,1798020,Poladpur,9,Poladpur N P Ward No 9,0,,0,0,,0,0,0,maharashtra
276359,2311962,Pombhurna,1,Ward No. 1,0,,0,0,,0,0,0,maharashtra
276359,2311971,Pombhurna,10,Ward No. 10,0,,0,0,,0,0,0,maharashtra
276359,2311972,Pombhurna,11,Ward No. 11,0,,0,0,,0,0,0,maharashtra
276359,2311973,Pombhurna,12,Ward No. 12,0,,0,0,,0,0,0,maharashtra
276359,2311974,Pombhurna,13,Ward No. 13,0,,0,0,,0,0,0,maharashtra
276359,2311975,Pombhurna,14,Ward No. 14,0,,0,0,,0,0,0,maharashtra
276359,2311976,Pombhurna,15,Ward No. 15,0,,0,0,,0,0,0,maharashtra
276359,2311977,Pombhurna,16,Ward No. 16,0,,0,0,,0,0,0,maharashtra
276359,2311978,Pombhurna,17,Ward No. 17,0,,0,0,,0,0,0,maharashtra
276359,2311963,Pombhurna,2,Ward No. 2,0,,0,0,,0,0,0,maharashtra
276359,2311964,Pombhurna,3,Ward No. 3,0,,0,0,,0,0,0,maharashtra
276359,2311965,Pombhurna,4,Ward No. 4,0,,0,0,,0,0,0,maharashtra
276359,2311966,Pombhurna,5,Ward No. 5,0,,0,0,,0,0,0,maharashtra
276359,2311967,Pombhurna,6,Ward No. 6,0,,0,0,,0,0,0,maharashtra
276359,2311968,Pombhurna,7,Ward No. 7,0,,0,0,,0,0,0,maharashtra
276359,2311969,Pombhurna,8,Ward No. 8,0,,0,0,,0,0,0,maharashtra
276359,2311970,Pombhurna,9,Ward No. 9,0,,0,0,,0,0,0,maharashtra
251336,46179,Pulgaon,1,Pulgaon (M Cl) Ward No.1,0,,0,0,,0,0,0,maharashtra
251336,46180,Pulgaon,2,Pulgaon (M Cl) Ward No.2,0,,0,0,,0,0,0,maharashtra
251336,46181,Pulgaon,3,Pulgaon (M Cl) Ward No.3,0,,0,0,,0,0,0,maharashtra
251336,46182,Pulgaon,4,Pulgaon (M Cl) Ward No.4,0,,0,0,,0,0,0,maharashtra
251336,46183,Pulgaon,5,Pulgaon (M Cl) Ward No.5,0,,0,0,,0,0,0,maharashtra
251336,46184,Pulgaon,6,Pulgaon (M Cl) Ward No.6,0,,0,0,,0,0,0,maharashtra
251336,46185,Pulgaon,7,Pulgaon (M Cl) Ward No.7,0,,0,0,,0,0,0,maharashtra
251336,46186,Pulgaon,8,Pulgaon (M Cl) Ward No.8,0,,0,0,,0,0,0,maharashtra
251336,46187,Pulgaon,9,Pulgaon (M Cl) Ward No.9,0,,0,0,,0,0,0,maharashtra
251530,76975,Pune,10,Pune(M Corp.) Ward No.10 बावधन - कोथरुड डेपो,0,,0,0,,0,0,0,maharashtra
251530,76976,Pune,11,Pune(M Corp.) Ward No.11 Rambagh Colony-Shivatirtha Nagar,0,,0,0,,0,0,0,maharashtra
251530,76977,Pune,12,Pune(M Corp.) Ward No.12 Mayur Colony-Dahanukar Colony,0,,0,0,,0,0,0,maharashtra
251530,76978,Pune,13,Pune(M Corp.) Ward No. 13 Erandawana - Happy Colony,0,,0,0,,0,0,0,maharashtra
251530,76979,Pune,14,Pune(M Corp.) Ward No.14 Deccan Gymkhana-Model Colony,0,,0,0,,0,0,0,maharashtra
251530,76980,Pune,15,Pune(M Corp.) Ward No. 15 Shaniwar Peth - Sadashiv Peth,0,,0,0,,0,0,0,maharashtra
251530,76981,Pune,16,Pune(M Corp.) Ward No.16 Kasba Peth - Somwar Peth,0,,0,0,,0,0,0,maharashtra
251530,76982,Pune,17,Pune(M Corp.) Ward No. 17 Rasta Peth - Sunday Peth,0,,0,0,,0,0,0,maharashtra
251530,76983,Pune,18,Pune(M Corp.) Ward No. 18 Khadakmal Ali- Mahatma Fule Peth,0,,0,0,,0,0,0,maharashtra
251530,76984,Pune,19,Pune(M Corp.) Ward No. 19 Lohianagar - Kasewadi,0,,0,0,,0,0,0,maharashtra
251530,76966,Pune,1,Pune (M Corp) Ward No. 1 Kalas - Dhanori,0,,0,0,,0,0,0,maharashtra
251530,76985,Pune,20,Pune(M Corp.) Ward No. 20 ताडीवाला रोड - ससून हॉस्पिटल,0,,0,0,,0,0,0,maharashtra
251530,76986,Pune,21,Pune(M Corp.) Ward No. 21 Koregaon Park - Ghorpadi,0,,0,0,,0,0,0,maharashtra
251530,76987,Pune,22,Pune(M Corp.) Ward No. 22 Mundhwa - Magarpatta City,0,,0,0,,0,0,0,maharashtra
251530,76988,Pune,23,Pune(M Corp.) Ward No. 23 Hadapsar Gaothan - Satavwadi,0,,0,0,,0,0,0,maharashtra
251530,76989,Pune,24,Pune(M Corp.) Ward No. 24 Ramtekdi - Syednagar,0,,0,0,,0,0,0,maharashtra
251530,76990,Pune,25,Pune(M Corp.) Ward No. 25 वानवडी,0,,0,0,,0,0,0,maharashtra
251530,76991,Pune,26,Pune(M Corp.) Ward No. 26 Mahammadwadi - Kausar Bagh,0,,0,0,,0,0,0,maharashtra
251530,76992,Pune,27,Pune(M Corp.) Ward No. 27 Kondhwa Khurd - Mitha Nagar,0,,0,0,,0,0,0,maharashtra
251530,76993,Pune,28,Pune(M Corp.) Ward No. 28 Salisbury Park - Maharshi Nagar,0,,0,0,,0,0,0,maharashtra
251530,76994,Pune,29,Pune(M Corp.) Ward No. 29 Navi Peth - Parvati,0,,0,0,,0,0,0,maharashtra
251530,76967,Pune,2,Pune (M Corp) Ward No. 2 Phulenagar- Nagpurchal,0,,0,0,,0,0,0,maharashtra
251530,76995,Pune,30,Pune(M Corp.) Ward No. 30 Janata Colony - Dattawadi,0,,0,0,,0,0,0,maharashtra
251530,76996,Pune,31,Pune(M Corp.) Ward No. 31 Kothrud Gaothan Shivtirthnagar,0,,0,0,,0,0,0,maharashtra
251530,76997,Pune,32,Pune(M Corp.) Ward No. 32 Bhusari Colony Bavdhan khurd,0,,0,0,,0,0,0,maharashtra
251530,76998,Pune,33,Pune(M Corp.) Ward No. 33 Ideal Colony Mahatma Society,0,,0,0,,0,0,0,maharashtra
251530,76999,Pune,34,Pune(M Corp.) Ward No. 34 Varje Kondhave Dhavade,0,,0,0,,0,0,0,maharashtra
251530,77000,Pune,35,Pune(M Corp.) Ward No. 35 Ramnagar Uttamnagar Shivane,0,,0,0,,0,0,0,maharashtra
251530,77001,Pune,36,Pune(M Corp.) Ward No. 36 Karvenagar,0,,0,0,,0,0,0,maharashtra
251530,77002,Pune,37,Pune(M Corp.) Ward No. 37 Janata Vasahat Dattawadi,0,,0,0,,0,0,0,maharashtra
251530,77003,Pune,38,Pune(M Corp.) Ward No. 38 Shivdarshan Padmavati,0,,0,0,,0,0,0,maharashtra
251530,77004,Pune,39,Pune(M Corp.) Ward No. 39 Marketyard Maharshinagar,0,,0,0,,0,0,0,maharashtra
251530,76968,Pune,3,Pune (M Corp) Ward No. 3 Vimannagar - Somnath Nagar,0,,0,0,,0,0,0,maharashtra
251530,77005,Pune,40,Pune(M Corp.) Ward No. 40 Bibavewadi Gangadham,0,,0,0,,0,0,0,maharashtra
251530,77006,Pune,41,Pune(M Corp.) Ward No. 41 Kondhva Khurd Mithanagar,0,,0,0,,0,0,0,maharashtra
251530,77007,Pune,42,Pune (M Corp) Ward No. 42 Ramtekadi Sayyadnagar,0,,0,0,,0,0,0,maharashtra
251530,76969,Pune,4,Pune (M Corp) Ward No.4 Kharadi - Chandannagar,0,,0,0,,0,0,0,maharashtra
251530,76970,Pune,5,Pune (M Corp) Ward No.5 Vadgaonsheri - Kalyaninagar,0,,0,0,,0,0,0,maharashtra
251530,76971,Pune,6,Pune(M Corp.) Ward No.6 Yerwada,0,,0,0,,0,0,0,maharashtra
251530,76972,Pune,7,Pune(M Corp.) Ward No.7 Pune Vidyapeeth - Wakdewadi,0,,0,0,,0,0,0,maharashtra
251530,76973,Pune,8,Pune (M Corp) Ward No.8 Aundh - Bopodi,0,,0,0,,0,0,0,maharashtra
251530,76974,Pune,9,Pune(M Corp.) Ward No.9 Baner - Balewadi - Pashan,0,,0,0,,0,0,0,maharashtra
251421,47658,Purna,1,Ward No.1,0,,0,0,,0,0,0,maharashtra
251421,47667,Purna,10,Ward No.10,0,,0,0,,0,0,0,maharashtra
251421,47659,Purna,2,Ward No.2,0,,0,0,,0,0,0,maharashtra
251421,47660,Purna,3,Ward No.3,0,,0,0,,0,0,0,maharashtra
251421,47661,Purna,4,Ward No.4,0,,0,0,,0,0,0,maharashtra
251421,47662,Purna,5,Ward No.5,0,,0,0,,0,0,0,maharashtra
251421,47663,Purna,6,Ward No.6,0,,0,0,,0,0,0,maharashtra
251421,47664,Purna,7,Ward No.7,0,,0,0,,0,0,0,maharashtra
251421,47665,Purna,8,Ward No.8,0,,0,0,,0,0,0,maharashtra
251421,47666,Purna,9,Ward No.9,0,,0,0,,0,0,0,maharashtra
251391,47170,Pusad,1,Pusad (M Cl) Ward No.1,0,,0,0,,0,0,0,maharashtra
251391,47179,Pusad,10,Pusad (M Cl) Ward No.10,0,,0,0,,0,0,0,maharashtra
251391,47180,Pusad,11,Pusad (M Cl) Ward No.11,0,,0,0,,0,0,0,maharashtra
251391,47181,Pusad,12,Pusad (M Cl) Ward No.12,0,,0,0,,0,0,0,maharashtra
251391,47182,Pusad,13,Pusad (M Cl) Ward No.13,0,,0,0,,0,0,0,maharashtra
251391,47183,Pusad,14,Pusad (M Cl) Ward No.14,0,,0,0,,0,0,0,maharashtra
251391,47171,Pusad,2,Pusad (M Cl) Ward No.2,0,,0,0,,0,0,0,maharashtra
251391,47172,Pusad,3,Pusad (M Cl) Ward No.3,0,,0,0,,0,0,0,maharashtra
251391,47173,Pusad,4,Pusad (M Cl) Ward No.4,0,,0,0,,0,0,0,maharashtra
251391,47174,Pusad,5,Pusad (M Cl) Ward No.5,0,,0,0,,0,0,0,maharashtra
251391,47175,Pusad,6,Pusad (M Cl) Ward No.6,0,,0,0,,0,0,0,maharashtra
251391,47176,Pusad,7,Pusad (M Cl) Ward No.7,0,,0,0,,0,0,0,maharashtra
251391,47177,Pusad,8,Pusad (M Cl) Ward No.8,0,,0,0,,0,0,0,maharashtra
251391,47178,Pusad,9,Pusad (M Cl) Ward No.9,0,,0,0,,0,0,0,maharashtra
251590,72106,Rahimatpur,1,Rahimatpur ( Mci ) Ward No.1,0,,0,0,,0,0,0,maharashtra
251590,72107,Rahimatpur,2,Rahimatpur ( Mci )Ward No.2,0,,0,0,,0,0,0,maharashtra
251590,72108,Rahimatpur,3,Rahimatpur ( Mci )Ward No.3,0,,0,0,,0,0,0,maharashtra
251590,72109,Rahimatpur,4,Rahimatpur ( Mci )Ward No.4,0,,0,0,,0,0,0,maharashtra
251590,72110,Rahimatpur,5,Rahimatpur ( Mci )Ward No.5,0,,0,0,,0,0,0,maharashtra
251590,72111,Rahimatpur,6,Rahimatpur ( Mci )Ward No.6,0,,0,0,,0,0,0,maharashtra
251590,72112,Rahimatpur,7,Rahimatpur ( Mci )Ward No.7,0,,0,0,,0,0,0,maharashtra
251590,72113,Rahimatpur,8,Rahimatpur ( Mci ) Ward No.8,0,,0,0,,0,0,0,maharashtra
251543,57563,Rahta Pimplas,1,Rahata Pimplas (M Cl) - Ward No.1,0,,0,0,,0,0,0,maharashtra
251543,57565,Rahta Pimplas,2,Rahata Pimplas (M Cl) - Ward No.2,0,,0,0,,0,0,0,maharashtra
251543,57567,Rahta Pimplas,3,Rahata Pimplas (M Cl) - Ward No.3,0,,0,0,,0,0,0,maharashtra
251543,57569,Rahta Pimplas,4,Rahata Pimplas (M Cl) - Ward No.4,0,,0,0,,0,0,0,maharashtra
251543,57571,Rahta Pimplas,5,Rahata Pimplas (M Cl) - Ward No.5,0,,0,0,,0,0,0,maharashtra
251543,57573,Rahta Pimplas,6,Rahata Pimplas (M Cl) - Ward No.6,0,,0,0,,0,0,0,maharashtra
251543,2405452,Rahta Pimplas,7,Rahata Pimplas (M Cl) - Ward No. 7,0,,0,0,,0,0,0,maharashtra
251543,2405453,Rahta Pimplas,8,Rahata Pimplas (M Cl) - Ward No. 8,0,,0,0,,0,0,0,maharashtra
251551,58779,Rahuri,1,Rahuri(MC) - Prabhag Kra . 1,0,,0,0,,0,0,0,maharashtra
251551,58788,Rahuri,10,Rahuri(MC) - Prabhag Kra .10,0,,0,0,,0,0,0,maharashtra
251551,58780,Rahuri,2,Rahuri(MC) - Prabhag Kra . 2,0,,0,0,,0,0,0,maharashtra
251551,58781,Rahuri,3,Rahuri(MC) - Prabhag Kra . 3,0,,0,0,,0,0,0,maharashtra
251551,58782,Rahuri,4,Rahuri(MC) - Prabhag Kra .4,0,,0,0,,0,0,0,maharashtra
251551,58783,Rahuri,5,Rahuri(MC) - Prabhag Kra . 5,0,,0,0,,0,0,0,maharashtra
251551,58784,Rahuri,6,Rahuri(MC) - Prabhag Kra . 6,0,,0,0,,0,0,0,maharashtra
251551,58785,Rahuri,7,Rahuri(MC) - Prabhag Kra .7,0,,0,0,,0,0,0,maharashtra
251551,58786,Rahuri,8,Rahuri(MC) - Prabhag Kra . 8,0,,0,0,,0,0,0,maharashtra
251551,58787,Rahuri,9,Rahuri(MC) - Prabhag Kra . 9,0,,0,0,,0,0,0,maharashtra
251608,73163,Rajapur,1,Rajapur (M Cl) - Ward No.1,0,,0,0,,0,0,0,maharashtra
251608,73172,Rajapur,10,Rajapur (M Cl) - Ward No.10,0,,0,0,,0,0,0,maharashtra
251608,73173,Rajapur,11,Rajapur (M Cl) - Ward No.11,0,,0,0,,0,0,0,maharashtra
251608,73174,Rajapur,12,Rajapur (M Cl) - Ward No.12,0,,0,0,,0,0,0,maharashtra
251608,73175,Rajapur,13,Rajapur (M Cl) - Ward No.13,0,,0,0,,0,0,0,maharashtra
251608,73176,Rajapur,14,Rajapur (M Cl) - Ward No.14,0,,0,0,,0,0,0,maharashtra
251608,73177,Rajapur,15,Rajapur (M Cl) - Ward No.15,0,,0,0,,0,0,0,maharashtra
251608,73178,Rajapur,16,Rajapur (M Cl) - Ward No.16,0,,0,0,,0,0,0,maharashtra
251608,73179,Rajapur,17,Rajapur (M Cl) - Ward No.17,0,,0,0,,0,0,0,maharashtra
251608,73164,Rajapur,2,Rajapur (M Cl) - Ward No.2,0,,0,0,,0,0,0,maharashtra
251608,73165,Rajapur,3,Rajapur (M Cl) - Ward No.3,0,,0,0,,0,0,0,maharashtra
251608,73166,Rajapur,4,Rajapur (M Cl) - Ward No.4,0,,0,0,,0,0,0,maharashtra
251608,73167,Rajapur,5,Rajapur (M Cl) - Ward No.5,0,,0,0,,0,0,0,maharashtra
251608,73168,Rajapur,6,Rajapur (M Cl) - Ward No.6,0,,0,0,,0,0,0,maharashtra
251608,73169,Rajapur,7,Rajapur (M Cl) - Ward No.7,0,,0,0,,0,0,0,maharashtra
251608,73170,Rajapur,8,Rajapur (M Cl) - Ward No.8,0,,0,0,,0,0,0,maharashtra
251608,73171,Rajapur,9,Rajapur (M Cl) - Ward No.9,0,,0,0,,0,0,0,maharashtra
296912,1800092,Rajgurunagar,1,Rajgurunagar (M Cl) - Ward No. 1,0,,0,0,,0,0,0,maharashtra
296912,1800721,Rajgurunagar,10,Rajgurunagar (M Cl) - Ward No. 10,0,,0,0,,0,0,0,maharashtra
296912,1800722,Rajgurunagar,11,Rajgurunagar (M Cl) - Ward No. 11,0,,0,0,,0,0,0,maharashtra
296912,1800723,Rajgurunagar,12,Rajgurunagar (M Cl) - Ward No. 12,0,,0,0,,0,0,0,maharashtra
296912,1800724,Rajgurunagar,13,Rajgurunagar (M Cl) - Ward No. 13,0,,0,0,,0,0,0,maharashtra
296912,1800725,Rajgurunagar,14,Rajgurunagar (M Cl) - Ward No. 14,0,,0,0,,0,0,0,maharashtra
296912,1800726,Rajgurunagar,15,Rajgurunagar (M Cl) - Ward No. 15,0,,0,0,,0,0,0,maharashtra
296912,1800727,Rajgurunagar,16,Rajgurunagar (M Cl) - Ward No. 16,0,,0,0,,0,0,0,maharashtra
296912,1800728,Rajgurunagar,17,Rajgurunagar (M Cl) - Ward No. 17,0,,0,0,,0,0,0,maharashtra
296912,1800729,Rajgurunagar,18,Rajgurunagar (M Cl) - Ward No. 18,0,,0,0,,0,0,0,maharashtra
296912,1800713,Rajgurunagar,2,Rajgurunagar (M Cl) - Ward No. 2,0,,0,0,,0,0,0,maharashtra
296912,1800714,Rajgurunagar,3,Rajgurunagar (M Cl) - Ward No. 3,0,,0,0,,0,0,0,maharashtra
296912,1800715,Rajgurunagar,4,Rajgurunagar (M Cl) - Ward No. 4,0,,0,0,,0,0,0,maharashtra
296912,1800716,Rajgurunagar,5,Rajgurunagar (M Cl) - Ward No. 5,0,,0,0,,0,0,0,maharashtra
296912,1800717,Rajgurunagar,6,Rajgurunagar (M Cl) - Ward No. 6,0,,0,0,,0,0,0,maharashtra
296912,1800718,Rajgurunagar,7,Rajgurunagar (M Cl) - Ward No. 7,0,,0,0,,0,0,0,maharashtra
296912,1800719,Rajgurunagar,8,Rajgurunagar (M Cl) - Ward No. 8,0,,0,0,,0,0,0,maharashtra
296912,1800720,Rajgurunagar,9,Rajgurunagar (M Cl) - Ward No. 9,0,,0,0,,0,0,0,maharashtra
251384,2312240,Rajura,1,Rajura (M Cl) - Ward No. 1,0,,0,0,,0,0,0,maharashtra
251384,2312241,Rajura,2,Rajura (M Cl) - Ward No. 2,0,,0,0,,0,0,0,maharashtra
251384,2312242,Rajura,3,Rajura (M Cl) - Ward No. 3,0,,0,0,,0,0,0,maharashtra
251384,2312243,Rajura,4,Rajura (M Cl) - Ward No. 4,0,,0,0,,0,0,0,maharashtra
251384,2312244,Rajura,5,Rajura (M Cl) - Ward No. 5,0,,0,0,,0,0,0,maharashtra
251384,2312245,Rajura,6,Rajura (M Cl) - Ward No. 6,0,,0,0,,0,0,0,maharashtra
251384,2312246,Rajura,7,Rajura (M Cl) - Ward No. 7,0,,0,0,,0,0,0,maharashtra
251384,2312247,Rajura,8,Rajura (M Cl) - Ward No. 8,0,,0,0,,0,0,0,maharashtra
251384,2312248,Rajura,9,Rajura (M Cl) - Ward No. 9,0,,0,0,,0,0,0,maharashtra
276308,1715191,Ralegaon,1,Ralegaon Nagarpanchayat Ward No.1,0,,0,0,,0,0,0,maharashtra
276308,1715200,Ralegaon,10,Ralegaon Nagarpanchayat Ward No.10,0,,0,0,,0,0,0,maharashtra
276308,1715201,Ralegaon,11,Ralegaon Nagarpanchayat Ward No.11,0,,0,0,,0,0,0,maharashtra
276308,1715202,Ralegaon,12,Ralegaon Nagarpanchayat Ward No.12,0,,0,0,,0,0,0,maharashtra
276308,1715203,Ralegaon,13,Ralegaon Nagarpanchayat Ward No.13,0,,0,0,,0,0,0,maharashtra
276308,1715204,Ralegaon,14,Ralegaon Nagarpanchayat Ward No.14,0,,0,0,,0,0,0,maharashtra
276308,1715205,Ralegaon,15,Ralegaon Nagarpanchayat Ward No.15,0,,0,0,,0,0,0,maharashtra
276308,1715206,Ralegaon,16,Ralegaon Nagarpanchayat Ward No.16,0,,0,0,,0,0,0,maharashtra
276308,1715207,Ralegaon,17,Ralegaon Nagarpanchayat Ward No.17,0,,0,0,,0,0,0,maharashtra
276308,1715192,Ralegaon,2,Ralegaon Nagarpanchayat Ward No.2,0,,0,0,,0,0,0,maharashtra
276308,1715193,Ralegaon,3,Ralegaon Nagarpanchayat Ward No.3,0,,0,0,,0,0,0,maharashtra
276308,1715194,Ralegaon,4,Ralegaon Nagarpanchayat Ward No.4,0,,0,0,,0,0,0,maharashtra
276308,1715195,Ralegaon,5,Ralegaon Nagarpanchayat Ward No.5,0,,0,0,,0,0,0,maharashtra
276308,1715196,Ralegaon,6,Ralegaon Nagarpanchayat Ward No.6,0,,0,0,,0,0,0,maharashtra
276308,1715197,Ralegaon,7,Ralegaon Nagarpanchayat Ward No.7,0,,0,0,,0,0,0,maharashtra
276308,1715198,Ralegaon,8,Ralegaon Nagarpanchayat Ward No.8,0,,0,0,,0,0,0,maharashtra
276308,1715199,Ralegaon,9,Ralegaon Nagarpanchayat Ward No.9,0,,0,0,,0,0,0,maharashtra
251353,46726,Ramtek,1,Ramtek (M Cl) Ward No.1,0,,0,0,,0,0,0,maharashtra
251353,46727,Ramtek,2,Ramtek (M Cl) Ward No.2,0,,0,0,,0,0,0,maharashtra
251353,46728,Ramtek,3,Ramtek (M Cl) Ward No.3,0,,0,0,,0,0,0,maharashtra
251353,46729,Ramtek,4,Ramtek (M Cl) Ward No.4,0,,0,0,,0,0,0,maharashtra
251353,46730,Ramtek,5,Ramtek (M Cl) Ward No.5,0,,0,0,,0,0,0,maharashtra
251353,46731,Ramtek,6,Ramtek (M Cl) Ward No.6,0,,0,0,,0,0,0,maharashtra
251353,46732,Ramtek,7,Ramtek (M Cl) Ward No.7,0,,0,0,,0,0,0,maharashtra
251353,46733,Ramtek,8,Ramtek (M Cl) Ward No.8,0,,0,0,,0,0,0,maharashtra
251605,73135,Ratnagiri,1,Ratnagiri (M Cl) - Ward No.1,0,,0,0,,0,0,0,maharashtra
251605,73144,Ratnagiri,10,Ratnagiri (M Cl) - Ward No.10,0,,0,0,,0,0,0,maharashtra
251605,73145,Ratnagiri,11,Ratnagiri (M Cl) - Ward No.11,0,,0,0,,0,0,0,maharashtra
251605,73146,Ratnagiri,12,Ratnagiri (M Cl) - Ward No.12,0,,0,0,,0,0,0,maharashtra
251605,73147,Ratnagiri,13,Ratnagiri (M Cl) - Ward No.13,0,,0,0,,0,0,0,maharashtra
251605,73148,Ratnagiri,14,Ratnagiri (M Cl) - Ward No.14,0,,0,0,,0,0,0,maharashtra
251605,73149,Ratnagiri,15,Ratnagiri (M Cl) - Ward No.15,0,,0,0,,0,0,0,maharashtra
251605,73150,Ratnagiri,16,Ratnagiri (M Cl) - Ward No.16,0,,0,0,,0,0,0,maharashtra
251605,73151,Ratnagiri,17,Ratnagiri (M Cl) - Ward No.17,0,,0,0,,0,0,0,maharashtra
251605,73152,Ratnagiri,18,Ratnagiri (M Cl) - Ward No.18,0,,0,0,,0,0,0,maharashtra
251605,73153,Ratnagiri,19,Ratnagiri (M Cl) - Ward No.19,0,,0,0,,0,0,0,maharashtra
251605,73136,Ratnagiri,2,Ratnagiri (M Cl) - Ward No.2,0,,0,0,,0,0,0,maharashtra
251605,73154,Ratnagiri,20,Ratnagiri (M Cl) - Ward No.20,0,,0,0,,0,0,0,maharashtra
251605,73155,Ratnagiri,21,Ratnagiri (M Cl) - Ward No.21,0,,0,0,,0,0,0,maharashtra
251605,73156,Ratnagiri,22,Ratnagiri (M Cl) - Ward No.22,0,,0,0,,0,0,0,maharashtra
251605,73157,Ratnagiri,23,Ratnagiri (M Cl) - Ward No.23,0,,0,0,,0,0,0,maharashtra
251605,73158,Ratnagiri,24,Ratnagiri (M Cl) - Ward No.24,0,,0,0,,0,0,0,maharashtra
251605,73159,Ratnagiri,25,Ratnagiri (M Cl) - Ward No.25,0,,0,0,,0,0,0,maharashtra
251605,73160,Ratnagiri,26,Ratnagiri (M Cl) - Ward No.26,0,,0,0,,0,0,0,maharashtra
251605,73137,Ratnagiri,3,Ratnagiri (M Cl) - Ward No.3,0,,0,0,,0,0,0,maharashtra
251605,73138,Ratnagiri,4,Ratnagiri (M Cl) - Ward No.4,0,,0,0,,0,0,0,maharashtra
251605,73139,Ratnagiri,5,Ratnagiri (M Cl) - Ward No.5,0,,0,0,,0,0,0,maharashtra
251605,73140,Ratnagiri,6,Ratnagiri (M Cl) - Ward No.6,0,,0,0,,0,0,0,maharashtra
251605,73141,Ratnagiri,7,Ratnagiri (M Cl) - Ward No.7,0,,0,0,,0,0,0,maharashtra
251605,73142,Ratnagiri,8,Ratnagiri (M Cl) - Ward No.8,0,,0,0,,0,0,0,maharashtra
251605,73143,Ratnagiri,9,Ratnagiri (M Cl) - Ward No.9,0,,0,0,,0,0,0,maharashtra
251287,51259,Raver,1,Raver (M Cl) - Ward No.1,0,,0,0,,0,0,0,maharashtra
251287,51268,Raver,10,Raver (M Cl) - Ward No.10,0,,0,0,,0,0,0,maharashtra
251287,51269,Raver,11,Raver (M Cl) - Ward No.11,0,,0,0,,0,0,0,maharashtra
251287,51270,Raver,12,Raver (M Cl) - Ward No.12,0,,0,0,,0,0,0,maharashtra
251287,51271,Raver,13,Raver (M Cl) - Ward No.13,0,,0,0,,0,0,0,maharashtra
251287,51272,Raver,14,Raver (M Cl) - Ward No.14,0,,0,0,,0,0,0,maharashtra
251287,51273,Raver,15,Raver (M Cl) - Ward No.15,0,,0,0,,0,0,0,maharashtra
251287,51274,Raver,16,Raver (M Cl) - Ward No.16,0,,0,0,,0,0,0,maharashtra
251287,51275,Raver,17,Raver (M Cl) - Ward No.17,0,,0,0,,0,0,0,maharashtra
251287,51260,Raver,2,Raver (M Cl) - Ward No.2,0,,0,0,,0,0,0,maharashtra
251287,51261,Raver,3,Raver (M Cl) - Ward No.3,0,,0,0,,0,0,0,maharashtra
251287,51262,Raver,4,Raver (M Cl) - Ward No.4,0,,0,0,,0,0,0,maharashtra
251287,51263,Raver,5,Raver (M Cl) - Ward No.5,0,,0,0,,0,0,0,maharashtra
251287,51264,Raver,6,Raver (M Cl) - Ward No.6,0,,0,0,,0,0,0,maharashtra
251287,51265,Raver,7,Raver (M Cl) - Ward No.7,0,,0,0,,0,0,0,maharashtra
251287,51266,Raver,8,Raver (M Cl) - Ward No.8,0,,0,0,,0,0,0,maharashtra
251287,51267,Raver,9,Raver (M Cl) - Ward No.9,0,,0,0,,0,0,0,maharashtra
276376,1758365,Renapur,1,Renapur (N P)- Word No.1,0,,0,0,,0,0,0,maharashtra
276376,1758374,Renapur,10,Renapur (N P)- Word No.10,0,,0,0,,0,0,0,maharashtra
276376,1758375,Renapur,11,Renapur (N P)- Word No.11,0,,0,0,,0,0,0,maharashtra
276376,1758376,Renapur,12,Renapur (N P)- Word No.12,0,,0,0,,0,0,0,maharashtra
276376,1758377,Renapur,13,Renapur (N P)- Word No.13,0,,0,0,,0,0,0,maharashtra
276376,1758378,Renapur,14,Renapur (N P)- Word No.14,0,,0,0,,0,0,0,maharashtra
276376,1758379,Renapur,15,Renapur (N P)- Word No.15,0,,0,0,,0,0,0,maharashtra
276376,1758380,Renapur,16,Renapur (N P)- Word No.16,0,,0,0,,0,0,0,maharashtra
276376,1758381,Renapur,17,Renapur (N P)- Word No.17,0,,0,0,,0,0,0,maharashtra
276376,1758366,Renapur,2,Renapur (N P)- Word No.2,0,,0,0,,0,0,0,maharashtra
276376,1758367,Renapur,3,Renapur (N P)- Word No.3,0,,0,0,,0,0,0,maharashtra
276376,1758368,Renapur,4,Renapur (N P)- Word No.4,0,,0,0,,0,0,0,maharashtra
276376,1758369,Renapur,5,Renapur (N P)- Word No.5,0,,0,0,,0,0,0,maharashtra
276376,1758370,Renapur,6,Renapur (N P)- Word No.6,0,,0,0,,0,0,0,maharashtra
276376,1758371,Renapur,7,Renapur (N P)- Word No.7,0,,0,0,,0,0,0,maharashtra
276376,1758372,Renapur,8,Renapur (N P)- Word No.8,0,,0,0,,0,0,0,maharashtra
276376,1758373,Renapur,9,Renapur (N P)- Word No.9,0,,0,0,,0,0,0,maharashtra
251320,65504,Risod,1,Risod (M Cl) - Ward No.01,0,,0,0,,0,0,0,maharashtra
251320,65505,Risod,2,Risod (M Cl)- Ward No. 02,0,,0,0,,0,0,0,maharashtra
251320,65506,Risod,3,Risod (M Cl)- Ward No. 03,0,,0,0,,0,0,0,maharashtra
251320,65507,Risod,4,Risod (M Cl)- Ward No. 04,0,,0,0,,0,0,0,maharashtra
251320,65508,Risod,5,Risod (M Cl)- Ward No. 05,0,,0,0,,0,0,0,maharashtra
251320,65509,Risod,6,Risod (M Cl)- Ward No. 06,0,,0,0,,0,0,0,maharashtra
251320,65510,Risod,7,Risod(M Cl)- Ward no 07,0,,0,0,,0,0,0,maharashtra
251320,65511,Risod,8,Risod (M Cl)-Ward no 08,0,,0,0,,0,0,0,maharashtra
251320,65512,Risod,9,Risod (M Cl) - Ward No.09,0,,0,0,,0,0,0,maharashtra
251320,65513,Risod,10,Risod (M Cl)- Ward No 10,0,,0,0,,0,0,0,maharashtra
251506,49263,Roha Ashtami,6,Andhar Ali and Dhangar Ali and Bazarpeth,0,,0,0,,0,0,0,maharashtra
251506,49258,Roha Ashtami,1,Ashtami Kasar Ali and Maratha Aali and Ambedkar Nagar,0,,0,0,,0,0,0,maharashtra
251506,49259,Roha Ashtami,2,Ashtami Upper Mohalla and Lower Mohalla and Raikar Park,0,,0,0,,0,0,0,maharashtra
251506,49264,Roha Ashtami,7,Bazarpeth and Roha Kolad Road and Nehru Nagar,0,,0,0,,0,0,0,maharashtra
251506,3320432,Roha Ashtami,10,Chhatrapati Shivaji Nagar and Hanumaan Nagar and Mangalwadi,0,,0,0,,0,0,0,maharashtra
251506,49265,Roha Ashtami,8,Raikar Park and Damkhadi and Trimurti Nagar,0,,0,0,,0,0,0,maharashtra
251506,49260,Roha Ashtami,3,Roha Lower Mohalla and Mahatma PhuleNagar and Mhada Colony,0,,0,0,,0,0,0,maharashtra
251506,49262,Roha Ashtami,5,Sonar Ali and Bazarpeth and Roha Upper Mohalla,0,,0,0,,0,0,0,maharashtra
251506,49261,Roha Ashtami,4,Sundar Nagar and Sidharth Nagar and More Ali,0,,0,0,,0,0,0,maharashtra
251506,3320431,Roha Ashtami,9,Trimurti Nagar and Ganesh Nagar and Chhatrapati Sambhaji Nagar(Bungle Ali),0,,0,0,,0,0,0,maharashtra
276368,1884623,Sadak-Arjuni,1,Sadak Arjuni (N P) Ward No.1,0,,0,0,,0,0,0,maharashtra
276368,1884632,Sadak-Arjuni,10,Sadak Arjuni (N P) Ward No.10,0,,0,0,,0,0,0,maharashtra
276368,1884633,Sadak-Arjuni,11,Sadak Arjuni (N P) Ward No.11,0,,0,0,,0,0,0,maharashtra
276368,1884634,Sadak-Arjuni,12,Sadak Arjuni (N P) Ward No.12,0,,0,0,,0,0,0,maharashtra
276368,1884635,Sadak-Arjuni,13,Sadak Arjuni (N P) Ward No.13,0,,0,0,,0,0,0,maharashtra
276368,1884636,Sadak-Arjuni,14,Sadak Arjuni (N P) Ward No.14,0,,0,0,,0,0,0,maharashtra
276368,1884637,Sadak-Arjuni,15,Sadak Arjuni (N P) Ward No.15,0,,0,0,,0,0,0,maharashtra
276368,1884638,Sadak-Arjuni,16,Sadak Arjuni (N P) Ward No.16,0,,0,0,,0,0,0,maharashtra
276368,1884639,Sadak-Arjuni,17,Sadak Arjuni (N P) Ward No.17,0,,0,0,,0,0,0,maharashtra
276368,1884624,Sadak-Arjuni,2,Sadak Arjuni (N P) Ward No.2,0,,0,0,,0,0,0,maharashtra
276368,1884625,Sadak-Arjuni,3,Sadak Arjuni (N P) Ward No.3,0,,0,0,,0,0,0,maharashtra
276368,1884626,Sadak-Arjuni,4,Sadak Arjuni (N P) Ward No.4,0,,0,0,,0,0,0,maharashtra
276368,1884627,Sadak-Arjuni,5,Sadak Arjuni (N P) Ward No.5,0,,0,0,,0,0,0,maharashtra
276368,1884628,Sadak-Arjuni,6,Sadak Arjuni (N P) Ward No.6,0,,0,0,,0,0,0,maharashtra
276368,1884629,Sadak-Arjuni,7,Sadak Arjuni (N P) Ward No.7,0,,0,0,,0,0,0,maharashtra
276368,1884630,Sadak-Arjuni,8,Sadak Arjuni (N P) Ward No.8,0,,0,0,,0,0,0,maharashtra
276368,1884631,Sadak-Arjuni,9,Sadak Arjuni (N P) Ward No.9,0,,0,0,,0,0,0,maharashtra
251414,47538,Sailu,1,Ward No.1,0,,0,0,,0,0,0,maharashtra
251414,47547,Sailu,10,Ward No.10,0,,0,0,,0,0,0,maharashtra
251414,47548,Sailu,11,Ward No.11,0,,0,0,,0,0,0,maharashtra
251414,47549,Sailu,12,Ward No.12,0,,0,0,,0,0,0,maharashtra
251414,47539,Sailu,2,Ward No.2,0,,0,0,,0,0,0,maharashtra
251414,47540,Sailu,3,Ward No.3,0,,0,0,,0,0,0,maharashtra
251414,47541,Sailu,4,Ward No.4,0,,0,0,,0,0,0,maharashtra
251414,47542,Sailu,5,Ward No.5,0,,0,0,,0,0,0,maharashtra
251414,47543,Sailu,6,Ward No.6,0,,0,0,,0,0,0,maharashtra
251414,47544,Sailu,7,Ward No.7,0,,0,0,,0,0,0,maharashtra
251414,47545,Sailu,8,Ward No.8,0,,0,0,,0,0,0,maharashtra
251414,47546,Sailu,9,Ward No.9,0,,0,0,,0,0,0,maharashtra
276319,2302720,Sakoli,1,Sakoli ( M. C. ) Ward No. 1,0,,0,0,,0,0,0,maharashtra
276319,2302721,Sakoli,2,Sakoli ( M.C.) Ward No. 2,0,,0,0,,0,0,0,maharashtra
276319,2302722,Sakoli,3,Sakoli ( M.C. ) Ward No. 3,0,,0,0,,0,0,0,maharashtra
276319,2302723,Sakoli,4,Sakoli ( M. C. ) Ward No. 4,0,,0,0,,0,0,0,maharashtra
276319,2302724,Sakoli,5,Sakoli ( M. C. ) Ward No. 5,0,,0,0,,0,0,0,maharashtra
276319,2302725,Sakoli,6,Sakoli ( M. C. ) Ward No. 6,0,,0,0,,0,0,0,maharashtra
276319,2302726,Sakoli,7,Sakoli ( M.C.) Ward No. 7,0,,0,0,,0,0,0,maharashtra
276319,2302727,Sakoli,8,Sakoli ( M. C.) - Ward No. 8,0,,0,0,,0,0,0,maharashtra
276339,1890057,Sakri,1,SAKRI (NP) - Ward Kra.- 1,0,,0,0,,0,0,0,maharashtra
276339,1890066,Sakri,10,SAKRI (NP) - Ward Kra.- 10,0,,0,0,,0,0,0,maharashtra
276339,1890067,Sakri,11,SAKRI (NP) - Ward Kra.- 11,0,,0,0,,0,0,0,maharashtra
276339,1890068,Sakri,12,SAKRI (NP) - Ward Kra.- 12,0,,0,0,,0,0,0,maharashtra
276339,1890069,Sakri,13,SAKRI (NP) - Ward Kra.- 13,0,,0,0,,0,0,0,maharashtra
276339,1890070,Sakri,14,SAKRI (NP) - Ward Kra.- 14,0,,0,0,,0,0,0,maharashtra
276339,1890071,Sakri,15,SAKRI (NP) - Ward Kra.- 15,0,,0,0,,0,0,0,maharashtra
276339,1890072,Sakri,16,SAKRI (NP) - Ward Kra.- 16,0,,0,0,,0,0,0,maharashtra
276339,1890073,Sakri,17,SAKRI (NP) - Ward Kra.- 17,0,,0,0,,0,0,0,maharashtra
276339,1890058,Sakri,2,SAKRI (NP) - Ward Kra.- 2,0,,0,0,,0,0,0,maharashtra
276339,1890059,Sakri,3,SAKRI (NP) - Ward Kra.- 3,0,,0,0,,0,0,0,maharashtra
276339,1890060,Sakri,4,SAKRI (NP) - Ward Kra.- 4,0,,0,0,,0,0,0,maharashtra
276339,1890061,Sakri,5,SAKRI (NP) - Ward Kra.- 5,0,,0,0,,0,0,0,maharashtra
276339,1890062,Sakri,6,SAKRI (NP) - Ward Kra.- 6,0,,0,0,,0,0,0,maharashtra
276339,1890063,Sakri,7,SAKRI (NP) - Ward Kra.- 7,0,,0,0,,0,0,0,maharashtra
276339,1890064,Sakri,8,SAKRI (NP) - Ward Kra.- 8,0,,0,0,,0,0,0,maharashtra
276339,1890065,Sakri,9,SAKRI (NP) - Ward Kra.- 9,0,,0,0,,0,0,0,maharashtra
276365,1884824,Salekasa,1,Salekasa (N P) Ward No.1,0,,0,0,,0,0,0,maharashtra
276365,1884833,Salekasa,10,Salekasa (N P) Ward No.10,0,,0,0,,0,0,0,maharashtra
276365,1884834,Salekasa,11,Salekasa (N P) Ward No.11,0,,0,0,,0,0,0,maharashtra
276365,1884835,Salekasa,12,Salekasa (N P) Ward No.12,0,,0,0,,0,0,0,maharashtra
276365,1884836,Salekasa,13,Salekasa (N P) Ward No.13,0,,0,0,,0,0,0,maharashtra
276365,1884837,Salekasa,14,Salekasa (N P) Ward No.14,0,,0,0,,0,0,0,maharashtra
276365,1884838,Salekasa,15,Salekasa (N P) Ward No.15,0,,0,0,,0,0,0,maharashtra
276365,1884839,Salekasa,16,Salekasa (N P) Ward No.16,0,,0,0,,0,0,0,maharashtra
276365,1884840,Salekasa,17,Salekasa (N P) Ward No.17,0,,0,0,,0,0,0,maharashtra
276365,1884825,Salekasa,2,Salekasa (N P) Ward No.2,0,,0,0,,0,0,0,maharashtra
276365,1884826,Salekasa,3,Salekasa (N P) Ward No.3,0,,0,0,,0,0,0,maharashtra
276365,1884827,Salekasa,4,Salekasa (N P) Ward No.4,0,,0,0,,0,0,0,maharashtra
276365,1884828,Salekasa,5,Salekasa (N P) Ward No.5,0,,0,0,,0,0,0,maharashtra
276365,1884829,Salekasa,6,Salekasa (N P) Ward No.6,0,,0,0,,0,0,0,maharashtra
276365,1884830,Salekasa,7,Salekasa (N P) Ward No.7,0,,0,0,,0,0,0,maharashtra
276365,1884831,Salekasa,8,Salekasa (N P) Ward No.8,0,,0,0,,0,0,0,maharashtra
276365,1884832,Salekasa,9,Salekasa (N P) Ward No.9,0,,0,0,,0,0,0,maharashtra
276379,1741585,Samudrapur,1,Ward No.1,0,,0,0,,0,0,0,maharashtra
276379,1741594,Samudrapur,10,Ward No.10,0,,0,0,,0,0,0,maharashtra
276379,1741595,Samudrapur,11,Ward No.11,0,,0,0,,0,0,0,maharashtra
276379,1741596,Samudrapur,12,Ward No.12,0,,0,0,,0,0,0,maharashtra
276379,1741597,Samudrapur,13,Ward No.13,0,,0,0,,0,0,0,maharashtra
276379,1741598,Samudrapur,14,Ward No.14,0,,0,0,,0,0,0,maharashtra
276379,1741599,Samudrapur,15,Ward No.15,0,,0,0,,0,0,0,maharashtra
276379,1741600,Samudrapur,16,Ward No.16,0,,0,0,,0,0,0,maharashtra
276379,1741601,Samudrapur,17,Ward No.17,0,,0,0,,0,0,0,maharashtra
276379,1741586,Samudrapur,2,Ward No.2,0,,0,0,,0,0,0,maharashtra
276379,1741587,Samudrapur,3,Ward No.3,0,,0,0,,0,0,0,maharashtra
276379,1741588,Samudrapur,4,Ward No.4,0,,0,0,,0,0,0,maharashtra
276379,1741589,Samudrapur,5,Ward No.5,0,,0,0,,0,0,0,maharashtra
276379,1741590,Samudrapur,6,Ward No.6,0,,0,0,,0,0,0,maharashtra
276379,1741591,Samudrapur,7,Ward No.7,0,,0,0,,0,0,0,maharashtra
276379,1741592,Samudrapur,8,Ward No.8,0,,0,0,,0,0,0,maharashtra
276379,1741593,Samudrapur,9,Ward No.9,0,,0,0,,0,0,0,maharashtra
251539,52536,Sangamner,1,Sangamner(MC)- Prabhag Kra. 1,0,,0,0,,0,0,0,maharashtra
251539,57513,Sangamner,10,Sangamner(MC)- Prabhag Kra. 10,0,,0,0,,0,0,0,maharashtra
251539,57514,Sangamner,11,Sangamner(MC)- Prabhag Kra. 11,0,,0,0,,0,0,0,maharashtra
251539,57515,Sangamner,12,Sangamner(MC)- Prabhag Kra. 12,0,,0,0,,0,0,0,maharashtra
251539,57516,Sangamner,13,Sangamner(MC)- Prabhag Kra. 13,0,,0,0,,0,0,0,maharashtra
251539,57517,Sangamner,14,Sangamner(MC)- Prabhag Kra. 14,0,,0,0,,0,0,0,maharashtra
251539,52537,Sangamner,2,Sangamner(MC)- Prabhag Kra. 2,0,,0,0,,0,0,0,maharashtra
251539,52538,Sangamner,3,Sangamner(MC)- Prabhag Kra. 3,0,,0,0,,0,0,0,maharashtra
251539,52539,Sangamner,4,Sangamner(MC)- Prabhag Kra. 4,0,,0,0,,0,0,0,maharashtra
251539,52540,Sangamner,5,Sangamner(MC)- Prabhag Kra. 5,0,,0,0,,0,0,0,maharashtra
251539,52541,Sangamner,6,Sangamner(MC)- Prabhag Kra. 6,0,,0,0,,0,0,0,maharashtra
251539,52542,Sangamner,7,Sangamner(MC)- Prabhag Kra. 7,0,,0,0,,0,0,0,maharashtra
251539,52543,Sangamner,8,Sangamner(MC)- Prabhag Kra. 8,0,,0,0,,0,0,0,maharashtra
251539,57512,Sangamner,9,Sangamner(MC)- Prabhag Kra. 9,0,,0,0,,0,0,0,maharashtra
251639,77420,Sangli-Miraj Kupwad,10,Ward 10 Sangli Timber Area,0,,0,0,,0,0,0,maharashtra
251639,77421,Sangli-Miraj Kupwad,11,Ward 11 Chintamani Nagar Sangli Industrial Area,0,,0,0,,0,0,0,maharashtra
251639,77422,Sangli-Miraj Kupwad,12,Ward 12 Karnal Road Datnagar Ramnagar,0,,0,0,,0,0,0,maharashtra
251639,77423,Sangli-Miraj Kupwad,13,Ward 13 Sangliwadi,0,,0,0,,0,0,0,maharashtra
251639,77424,Sangli-Miraj Kupwad,14,Ward 14 Gaonbhag,0,,0,0,,0,0,0,maharashtra
251639,77425,Sangli-Miraj Kupwad,15,Ward 15 Ganeshnagar,0,,0,0,,0,0,0,maharashtra
251639,77426,Sangli-Miraj Kupwad,16,Ward 16 Khanbhag Nalbhag,0,,0,0,,0,0,0,maharashtra
251639,77427,Sangli-Miraj Kupwad,17,Ward 17 Mahaveer Udyan Mali Chitra Mandir,0,,0,0,,0,0,0,maharashtra
251639,77428,Sangli-Miraj Kupwad,18,Ward 18 Shamrao Nagar Road Kolhapur Road,0,,0,0,,0,0,0,maharashtra
251639,77429,Sangli-Miraj Kupwad,19,Ward 19 Government Colony Walnesswadi South part,0,,0,0,,0,0,0,maharashtra
251639,77411,Sangli-Miraj Kupwad,1,Ward 1 - Kupwad Prakash Nagar Ramkrishna Nagar Kapase Plot,0,,0,0,,0,0,0,maharashtra
251639,77430,Sangli-Miraj Kupwad,20,Ward 20 Uttamnagar Inamdar Mala Vasaht Krishna Ghat Vasahat,0,,0,0,,0,0,0,maharashtra
251639,77412,Sangli-Miraj Kupwad,2,Ward - 2 Kupwad Gaonthan Miraj Wanlesswadi Road Extension Area,0,,0,0,,0,0,0,maharashtra
251639,77413,Sangli-Miraj Kupwad,3,Ward - 3Mission Hospital Sanjay Nagar Vasahat,0,,0,0,,0,0,0,maharashtra
251639,77414,Sangli-Miraj Kupwad,4,Ward 4 Brahmanpuri Malaon Road,0,,0,0,,0,0,0,maharashtra
251639,77415,Sangli-Miraj Kupwad,5,Ward 5 Miraj Fort Area Mhaisal Ves,0,,0,0,,0,0,0,maharashtra
251639,77416,Sangli-Miraj Kupwad,6,Ward 6 Mirasaheb Darga Bara Imam Darga,0,,0,0,,0,0,0,maharashtra
251639,77417,Sangli-Miraj Kupwad,7,Ward 7 Miraj Mala Government Milk Dairy,0,,0,0,,0,0,0,maharashtra
251639,77418,Sangli-Miraj Kupwad,8,Ward 8 Wanlsswadi Vijaynagar East - West,0,,0,0,,0,0,0,maharashtra
251639,77419,Sangli-Miraj Kupwad,9,Ward 9 Sahyadri Nagar,0,,0,0,,0,0,0,maharashtra
251579,70939,Sangole,1,Sangole (M Cl) - Ward No.1,0,,0,0,,0,0,0,maharashtra
251579,70948,Sangole,10,Sangole (M Cl) - Ward No.10,0,,0,0,,0,0,0,maharashtra
251579,70940,Sangole,2,Sangole (M Cl) - Ward No.2,0,,0,0,,0,0,0,maharashtra
251579,70941,Sangole,3,Sangole (M Cl) - Ward No.3,0,,0,0,,0,0,0,maharashtra
251579,70942,Sangole,4,Sangole (M Cl) - Ward No.4,0,,0,0,,0,0,0,maharashtra
251579,70943,Sangole,5,Sangole (M Cl) - Ward No.5,0,,0,0,,0,0,0,maharashtra
251579,70944,Sangole,6,Sangole (M Cl) - Ward No.6,0,,0,0,,0,0,0,maharashtra
251579,70945,Sangole,7,Sangole (M Cl) - Ward No.7,0,,0,0,,0,0,0,maharashtra
251579,70946,Sangole,8,Sangole (M Cl) - Ward No.8,0,,0,0,,0,0,0,maharashtra
251579,70947,Sangole,9,Sangole (M Cl) - Ward No.9,0,,0,0,,0,0,0,maharashtra
276274,2309214,Sangrampur,1,Balkhandi Palshi pura,0,,0,0,,0,0,0,maharashtra
276274,2309219,Sangrampur,6,Balushaha Baba Darga,0,,0,0,,0,0,0,maharashtra
276274,2309225,Sangrampur,12,"Deshmukh Plot ,Anandadevi Temple",0,,0,0,,0,0,0,maharashtra
276274,2309222,Sangrampur,9,"Down side old Road ,Visharmgruh",0,,0,0,,0,0,0,maharashtra
276274,2309220,Sangrampur,7,"Ghate ,Umarkar and rajankar NA Plots",0,,0,0,,0,0,0,maharashtra
276274,3257633,Sangrampur,4,Hanuman Temple front kondwada matangpura baoudhpura,0,,0,0,,0,0,0,maharashtra
276274,2309215,Sangrampur,2,"J. P . Plot ,sab Ragister Galli",0,,0,0,,0,0,0,maharashtra
276274,3257631,Sangrampur,3,Kondwada Matangpura Baudhpura,0,,0,0,,0,0,0,maharashtra
276274,2309226,Sangrampur,13,"Panchmadhi Down side Road ,Vishramgruh to shankar Nagar area",0,,0,0,,0,0,0,maharashtra
276274,2309221,Sangrampur,8,Rajenkar Welkar Plot,0,,0,0,,0,0,0,maharashtra
276274,3257632,Sangrampur,4,saouth side balkhandi wankhade to deshmukh compay,0,,0,0,,0,0,0,maharashtra
276274,3257634,Sangrampur,5,south side Balkhandi wankhade to Deshmukh Company,0,,0,0,,0,0,0,maharashtra
276274,2309223,Sangrampur,10,Water Tank Road and Slum Area 1,0,,0,0,,0,0,0,maharashtra
276274,2309224,Sangrampur,11,Water Tank Road and Slum Area 2,0,,0,0,,0,0,0,maharashtra
276356,2311979,Saoli,1,Saoli (N P) Ward No. 1,0,,0,0,,0,0,0,maharashtra
276356,2311988,Saoli,10,Saoli (N P) Ward No. 10,0,,0,0,,0,0,0,maharashtra
276356,2311989,Saoli,11,Saoli (N P) Ward No. 11,0,,0,0,,0,0,0,maharashtra
276356,2311990,Saoli,12,Saoli (N P) Ward No. 12,0,,0,0,,0,0,0,maharashtra
276356,2311991,Saoli,13,Saoli (N P) Ward No. 13,0,,0,0,,0,0,0,maharashtra
276356,2311992,Saoli,14,Saoli (N P) Ward No. 14,0,,0,0,,0,0,0,maharashtra
276356,2311993,Saoli,15,Saoli (N P) Ward No. 15,0,,0,0,,0,0,0,maharashtra
276356,2311994,Saoli,16,Saoli (N P) Ward No. 16,0,,0,0,,0,0,0,maharashtra
276356,2311995,Saoli,17,Saoli (N P) Ward No. 17,0,,0,0,,0,0,0,maharashtra
276356,2311980,Saoli,2,Saoli (N P) Ward No. 2,0,,0,0,,0,0,0,maharashtra
276356,2311981,Saoli,3,Saoli (N P) Ward No. 3,0,,0,0,,0,0,0,maharashtra
276356,2311982,Saoli,4,Saoli (N P) Ward No. 4,0,,0,0,,0,0,0,maharashtra
276356,2311983,Saoli,5,Saoli (N P) Ward No.5,0,,0,0,,0,0,0,maharashtra
276356,2311984,Saoli,6,Saoli (N P) Ward No. 6,0,,0,0,,0,0,0,maharashtra
276356,2311985,Saoli,7,Saoli (N P) Ward No. 7,0,,0,0,,0,0,0,maharashtra
276356,2311986,Saoli,8,Saoli (N P) Ward No. 8,0,,0,0,,0,0,0,maharashtra
276356,2311987,Saoli,9,Saoli (N P) Ward No. 9,0,,0,0,,0,0,0,maharashtra
251532,52466,Sasvad,1,Sasvad(M Ci) Ward No.1,0,,0,0,,0,0,0,maharashtra
251532,52467,Sasvad,2,Sasvad(M Ci) Ward No.2,0,,0,0,,0,0,0,maharashtra
251532,52468,Sasvad,3,Sasvad(M Ci) Ward No.3,0,,0,0,,0,0,0,maharashtra
251532,52469,Sasvad,4,Sasvad(M Ci) Ward No.4,0,,0,0,,0,0,0,maharashtra
251532,52470,Sasvad,5,Sasvad(M Ci) Ward No.5,0,,0,0,,0,0,0,maharashtra
251532,52471,Sasvad,6,Sasvad(M Ci) Ward No.6,0,,0,0,,0,0,0,maharashtra
251532,52472,Sasvad,7,Sasvad(M Ci) Ward No.7,0,,0,0,,0,0,0,maharashtra
251532,52473,Sasvad,8,Sasvad(M Ci) Ward No.8,0,,0,0,,0,0,0,maharashtra
251532,52474,Sasvad,9,Sasvad(M Ci) Ward No.9,0,,0,0,,0,0,0,maharashtra
251435,47848,Satana,4,Satana (Mu Cl) - PPrabhag Kra.04,0,,0,0,,0,0,0,maharashtra
251435,47845,Satana,1,Satana (Mu Cl) - Prabhag Kra.01,0,,0,0,,0,0,0,maharashtra
251435,47846,Satana,2,Satana (Mu Cl) - Prabhag Kra.02,0,,0,0,,0,0,0,maharashtra
251435,47847,Satana,3,Satana (Mu Cl) - Prabhag Kra.03,0,,0,0,,0,0,0,maharashtra
251435,47849,Satana,5,Satana (Mu Cl) - Prabhag Kra.05,0,,0,0,,0,0,0,maharashtra
251435,47850,Satana,6,Satana (Mu Cl) - Prabhag Kra.06,0,,0,0,,0,0,0,maharashtra
251435,47851,Satana,7,Satana (Mu Cl) - Prabhag Kra.07,0,,0,0,,0,0,0,maharashtra
251435,47852,Satana,8,Satana (Mu Cl) - Prabhag Kra.08,0,,0,0,,0,0,0,maharashtra
251435,47853,Satana,9,Satana (Mu Cl) - Prabhag Kra.09,0,,0,0,,0,0,0,maharashtra
251435,47854,Satana,10,Satana (Mu Cl) - Prabhag Kra.10,0,,0,0,,0,0,0,maharashtra
251593,72124,Satara,1,Satara (M Cl) Ward No.1,0,,0,0,,0,0,0,maharashtra
251593,72133,Satara,10,Satara (M Cl) Ward No.10,0,,0,0,,0,0,0,maharashtra
251593,72134,Satara,11,Satara (M Cl) Ward No.11,0,,0,0,,0,0,0,maharashtra
251593,72135,Satara,12,Satara (M Cl) Ward No.12,0,,0,0,,0,0,0,maharashtra
251593,72136,Satara,13,Satara (M Cl) Ward No.13,0,,0,0,,0,0,0,maharashtra
251593,72137,Satara,14,Satara (M Cl) Ward No.14,0,,0,0,,0,0,0,maharashtra
251593,72138,Satara,15,Satara (M Cl) Ward No.15,0,,0,0,,0,0,0,maharashtra
251593,72139,Satara,16,Satara (M Cl) Ward No.16,0,,0,0,,0,0,0,maharashtra
251593,72140,Satara,17,Satara (M Cl) Ward No.17,0,,0,0,,0,0,0,maharashtra
251593,72141,Satara,18,Satara (M Cl) Ward No.18,0,,0,0,,0,0,0,maharashtra
251593,72142,Satara,19,Satara (M Cl) Ward No.19,0,,0,0,,0,0,0,maharashtra
251593,72125,Satara,2,Satara (M Cl) Ward No.2,0,,0,0,,0,0,0,maharashtra
251593,72143,Satara,20,Satara (M Cl) Ward No.20,0,,0,0,,0,0,0,maharashtra
251593,72126,Satara,3,Satara (M Cl) Ward No.3,0,,0,0,,0,0,0,maharashtra
251593,72127,Satara,4,Satara (M Cl) Ward No.4,0,,0,0,,0,0,0,maharashtra
251593,72128,Satara,5,Satara (M Cl) Ward No.5,0,,0,0,,0,0,0,maharashtra
251593,72129,Satara,6,Satara (M Cl) Ward No.6,0,,0,0,,0,0,0,maharashtra
251593,72130,Satara,7,Satara (M Cl) Ward No.7,0,,0,0,,0,0,0,maharashtra
251593,72131,Satara,8,Satara (M Cl) Ward No.8,0,,0,0,,0,0,0,maharashtra
251593,72132,Satara,9,Satara (M Cl) Ward No.9,0,,0,0,,0,0,0,maharashtra
251286,50873,Savda,1,Savda (M Cl) - Ward No.1,0,,0,0,,0,0,0,maharashtra
251286,50882,Savda,10,Savda (M Cl) - Ward No.10,0,,0,0,,0,0,0,maharashtra
251286,50883,Savda,11,Savda (M Cl) - Ward No.11,0,,0,0,,0,0,0,maharashtra
251286,50884,Savda,12,Savda (M Cl) - Ward No.12,0,,0,0,,0,0,0,maharashtra
251286,50885,Savda,13,Savda (M Cl) - Ward No.13,0,,0,0,,0,0,0,maharashtra
251286,50886,Savda,14,Savda (M Cl) - Ward No.14,0,,0,0,,0,0,0,maharashtra
251286,50887,Savda,15,Savda (M Cl) - Ward No.15,0,,0,0,,0,0,0,maharashtra
251286,50888,Savda,16,Savda (M Cl) - Ward No.16,0,,0,0,,0,0,0,maharashtra
251286,51258,Savda,17,Savda (M Cl) - Ward No.17,0,,0,0,,0,0,0,maharashtra
251286,50874,Savda,2,Savda (M Cl) - Ward No.2,0,,0,0,,0,0,0,maharashtra
251286,50875,Savda,3,Savda (M Cl) - Ward No.3,0,,0,0,,0,0,0,maharashtra
251286,50876,Savda,4,Savda (M Cl) - Ward No.4,0,,0,0,,0,0,0,maharashtra
251286,50877,Savda,5,Savda (M Cl) - Ward No.5,0,,0,0,,0,0,0,maharashtra
251286,50878,Savda,6,Savda (M Cl) - Ward No.6,0,,0,0,,0,0,0,maharashtra
251286,50879,Savda,7,Savda (M Cl) - Ward No.7,0,,0,0,,0,0,0,maharashtra
251286,50880,Savda,8,Savda (M Cl) - Ward No.8,0,,0,0,,0,0,0,maharashtra
251286,50881,Savda,9,Savda (M Cl) - Ward No.9,0,,0,0,,0,0,0,maharashtra
251344,46400,Savner,1,Savner (M Cl) Ward No.1,0,,0,0,,0,0,0,maharashtra
251344,46409,Savner,10,Savner (M Cl) Ward No.10,0,,0,0,,0,0,0,maharashtra
251344,46401,Savner,2,Savner (M Cl) Ward No.2,0,,0,0,,0,0,0,maharashtra
251344,46402,Savner,3,Savner (M Cl) Ward No.3,0,,0,0,,0,0,0,maharashtra
251344,46403,Savner,4,Savner (M Cl) Ward No.4,0,,0,0,,0,0,0,maharashtra
251344,46404,Savner,5,Savner (M Cl) Ward No.5,0,,0,0,,0,0,0,maharashtra
251344,46405,Savner,6,Savner (M Cl) Ward No.6,0,,0,0,,0,0,0,maharashtra
251344,46406,Savner,7,Savner (M Cl) Ward No.7,0,,0,0,,0,0,0,maharashtra
251344,46407,Savner,8,Savner (M Cl) Ward No.8,0,,0,0,,0,0,0,maharashtra
251344,46408,Savner,9,Savner (M Cl) Ward No.9,0,,0,0,,0,0,0,maharashtra
251613,73216,Sawantwadi,1,Sawantwadi (M Cl) - Ward No.1,0,,0,0,,0,0,0,maharashtra
251613,73266,Sawantwadi,10,Sawantwadi (M Cl) - Ward No.10,0,,0,0,,0,0,0,maharashtra
251613,73267,Sawantwadi,11,Sawantwadi (M Cl) - Ward No.11,0,,0,0,,0,0,0,maharashtra
251613,73268,Sawantwadi,12,Sawantwadi (M Cl) - Ward No.12,0,,0,0,,0,0,0,maharashtra
251613,73269,Sawantwadi,13,Sawantwadi (M Cl) - Ward No.13,0,,0,0,,0,0,0,maharashtra
251613,73270,Sawantwadi,14,Sawantwadi (M Cl) - Ward No.14,0,,0,0,,0,0,0,maharashtra
251613,73271,Sawantwadi,15,Sawantwadi (M Cl) - Ward No.15,0,,0,0,,0,0,0,maharashtra
251613,73272,Sawantwadi,16,Sawantwadi (M Cl) - Ward No.16,0,,0,0,,0,0,0,maharashtra
251613,73273,Sawantwadi,17,Sawantwadi (M Cl) - Ward No.17,0,,0,0,,0,0,0,maharashtra
251613,73217,Sawantwadi,2,Sawantwadi (M Cl) - Ward No.2,0,,0,0,,0,0,0,maharashtra
251613,73218,Sawantwadi,3,Sawantwadi (M Cl) - Ward No.3,0,,0,0,,0,0,0,maharashtra
251613,73219,Sawantwadi,4,Sawantwadi (M Cl) - Ward No.4,0,,0,0,,0,0,0,maharashtra
251613,73220,Sawantwadi,5,Sawantwadi (M Cl) - Ward No.5,0,,0,0,,0,0,0,maharashtra
251613,73262,Sawantwadi,6,Sawantwadi (M Cl) - Ward No.6,0,,0,0,,0,0,0,maharashtra
251613,73263,Sawantwadi,7,Sawantwadi (M Cl) - Ward No.7,0,,0,0,,0,0,0,maharashtra
251613,73264,Sawantwadi,8,Sawantwadi (M Cl) - Ward No.8,0,,0,0,,0,0,0,maharashtra
251613,73265,Sawantwadi,9,Sawantwadi (M Cl) - Ward No.9,0,,0,0,,0,0,0,maharashtra
276378,1741634,Seloo,1,Ward No.1,0,,0,0,,0,0,0,maharashtra
276378,1741643,Seloo,10,Ward No.10,0,,0,0,,0,0,0,maharashtra
276378,1741644,Seloo,11,Ward No.11,0,,0,0,,0,0,0,maharashtra
276378,1741645,Seloo,12,Ward No.12,0,,0,0,,0,0,0,maharashtra
276378,1741646,Seloo,13,Ward No.13,0,,0,0,,0,0,0,maharashtra
276378,1741647,Seloo,14,Ward No.14,0,,0,0,,0,0,0,maharashtra
276378,1741648,Seloo,15,Ward No.15,0,,0,0,,0,0,0,maharashtra
276378,1741649,Seloo,16,Ward No.16,0,,0,0,,0,0,0,maharashtra
276378,1741650,Seloo,17,Ward No.17,0,,0,0,,0,0,0,maharashtra
276378,1741635,Seloo,2,Ward No.2,0,,0,0,,0,0,0,maharashtra
276378,1741636,Seloo,3,Ward No.3,0,,0,0,,0,0,0,maharashtra
276378,1741637,Seloo,4,Ward No.4,0,,0,0,,0,0,0,maharashtra
276378,1741638,Seloo,5,Ward No.5,0,,0,0,,0,0,0,maharashtra
276378,1741639,Seloo,6,Ward No.6,0,,0,0,,0,0,0,maharashtra
276378,1741640,Seloo,7,Ward No.7,0,,0,0,,0,0,0,maharashtra
276378,1741641,Seloo,8,Ward No.8,0,,0,0,,0,0,0,maharashtra
276378,1741642,Seloo,9,Ward No.9,0,,0,0,,0,0,0,maharashtra
296910,1793754,Sengaon,16,Anna Bhau Sathe Nagar,0,,0,0,,0,0,0,maharashtra
296910,1793744,Sengaon,6,Area Opposite to animal pond and Deshmukh Galli,0,,0,0,,0,0,0,maharashtra
296910,1793741,Sengaon,3,Area Opposite to Appaswami Temple,0,,0,0,,0,0,0,maharashtra
296910,1793740,Sengaon,2,Balaji Temple Premise,0,,0,0,,0,0,0,maharashtra
296910,1793755,Sengaon,17,Barda Village,0,,0,0,,0,0,0,maharashtra
296910,1793751,Sengaon,13,Bus stand and Satarkar Nagar,0,,0,0,,0,0,0,maharashtra
296910,1793748,Sengaon,10,Datta Temple Premise and Sugandha Nagari,0,,0,0,,0,0,0,maharashtra
296910,1793742,Sengaon,4,Dhumal Galli,0,,0,0,,0,0,0,maharashtra
296910,1793746,Sengaon,8,Indiranagar,0,,0,0,,0,0,0,maharashtra
296910,1793749,Sengaon,11,Indiranagar and MSEB,0,,0,0,,0,0,0,maharashtra
296910,1793745,Sengaon,7,Laxminagar,0,,0,0,,0,0,0,maharashtra
296910,1793743,Sengaon,5,Maroti Temple Premise,0,,0,0,,0,0,0,maharashtra
296910,1793739,Sengaon,1,Nagnath Temple Premise,0,,0,0,,0,0,0,maharashtra
296910,1793752,Sengaon,14,Old Govt Hospital Premise,0,,0,0,,0,0,0,maharashtra
296910,1793750,Sengaon,12,Samta Nagar,0,,0,0,,0,0,0,maharashtra
296910,1793747,Sengaon,9,Teachers Colony,0,,0,0,,0,0,0,maharashtra
296910,1793753,Sengaon,15,Vitthal Temple and Jain Temple premise,0,,0,0,,0,0,0,maharashtra
251277,55232,Shahade,1,Shahade (M Cl) - Ward No.1,0,,0,0,,0,0,0,maharashtra
251277,55241,Shahade,10,Shahade (M Cl) - Ward No.10,0,,0,0,,0,0,0,maharashtra
251277,55242,Shahade,11,Shahade (M Cl) - Ward No.11,0,,0,0,,0,0,0,maharashtra
251277,55243,Shahade,12,Shahade (M Cl) - Ward No.12,0,,0,0,,0,0,0,maharashtra
251277,55244,Shahade,13,Shahade (M Cl) - Ward No.13,0,,0,0,,0,0,0,maharashtra
251277,55233,Shahade,2,Shahade (M Cl) - Ward No.2,0,,0,0,,0,0,0,maharashtra
251277,55234,Shahade,3,Shahade (M Cl) - Ward No.3,0,,0,0,,0,0,0,maharashtra
251277,55235,Shahade,4,Shahade (M Cl) - Ward No.4,0,,0,0,,0,0,0,maharashtra
251277,55236,Shahade,5,Shahade (M Cl) - Ward No.5,0,,0,0,,0,0,0,maharashtra
251277,55237,Shahade,6,Shahade (M Cl) - Ward No.6,0,,0,0,,0,0,0,maharashtra
251277,55238,Shahade,7,Shahade (M Cl) - Ward No.7,0,,0,0,,0,0,0,maharashtra
251277,55239,Shahade,8,Shahade (M Cl) - Ward No.8,0,,0,0,,0,0,0,maharashtra
251277,55240,Shahade,9,Shahade (M Cl) - Ward No.9,0,,0,0,,0,0,0,maharashtra
276333,2509449,Shahapur,1,Ward No. 1,0,,0,0,,0,0,0,maharashtra
276333,2509458,Shahapur,10,Ward No.10,0,,0,0,,0,0,0,maharashtra
276333,2509459,Shahapur,11,Ward No.11,0,,0,0,,0,0,0,maharashtra
276333,2509460,Shahapur,12,Ward No.12,0,,0,0,,0,0,0,maharashtra
276333,2509461,Shahapur,13,Ward No.13,0,,0,0,,0,0,0,maharashtra
276333,2509462,Shahapur,14,Ward No.14,0,,0,0,,0,0,0,maharashtra
276333,2509463,Shahapur,15,Ward No.15,0,,0,0,,0,0,0,maharashtra
276333,2509464,Shahapur,16,Ward No.16,0,,0,0,,0,0,0,maharashtra
276333,2509465,Shahapur,17,Ward No.17,0,,0,0,,0,0,0,maharashtra
276333,2509450,Shahapur,2,Ward No.2,0,,0,0,,0,0,0,maharashtra
276333,2509451,Shahapur,3,Ward No.3,0,,0,0,,0,0,0,maharashtra
276333,2509452,Shahapur,4,Ward No.4,0,,0,0,,0,0,0,maharashtra
276333,2509453,Shahapur,5,Ward No.5,0,,0,0,,0,0,0,maharashtra
276333,2509454,Shahapur,6,Ward No.6,0,,0,0,,0,0,0,maharashtra
276333,2509455,Shahapur,7,Ward No.7,0,,0,0,,0,0,0,maharashtra
276333,2509456,Shahapur,8,Ward No.8,0,,0,0,,0,0,0,maharashtra
276333,2509457,Shahapur,9,Ward No.9,0,,0,0,,0,0,0,maharashtra
251299,45380,Shegaon,1,Shegaon (M Cl) - Ward No.1,0,,0,0,,0,0,0,maharashtra
251299,45389,Shegaon,10,Shegaon (M Cl) - Ward No.10,0,,0,0,,0,0,0,maharashtra
251299,45390,Shegaon,11,Shegaon (M Cl) - Ward No.11,0,,0,0,,0,0,0,maharashtra
251299,45391,Shegaon,12,Shegaon (M Cl) - Ward No.12,0,,0,0,,0,0,0,maharashtra
251299,45392,Shegaon,13,Shegaon (M Cl) - Ward No.13,0,,0,0,,0,0,0,maharashtra
251299,45393,Shegaon,14,Shegaon (M Cl) - Ward No.14,0,,0,0,,0,0,0,maharashtra
251299,45394,Shegaon,15,Shegaon (M Cl) - Ward No.15,0,,0,0,,0,0,0,maharashtra
251299,45395,Shegaon,16,Shegaon (M Cl) - Ward No.16,0,,0,0,,0,0,0,maharashtra
251299,45396,Shegaon,17,Shegaon (M Cl) - Ward No.17,0,,0,0,,0,0,0,maharashtra
251299,45397,Shegaon,18,Shegaon (M Cl) - Ward No.18,0,,0,0,,0,0,0,maharashtra
251299,45398,Shegaon,19,Shegaon (M Cl) - Ward No.19,0,,0,0,,0,0,0,maharashtra
251299,45381,Shegaon,2,Shegaon (M Cl) - Ward No.2,0,,0,0,,0,0,0,maharashtra
251299,45399,Shegaon,20,Shegaon (M Cl) - Ward No.20,0,,0,0,,0,0,0,maharashtra
251299,45400,Shegaon,21,Shegaon (M Cl) - Ward No.21,0,,0,0,,0,0,0,maharashtra
251299,45401,Shegaon,22,Shegaon (M Cl) - Ward No.22,0,,0,0,,0,0,0,maharashtra
251299,45402,Shegaon,23,Shegaon (M Cl) - Ward No.23,0,,0,0,,0,0,0,maharashtra
251299,45382,Shegaon,3,Shegaon (M Cl) - Ward No.3,0,,0,0,,0,0,0,maharashtra
251299,45383,Shegaon,4,Shegaon (M Cl) - Ward No.4,0,,0,0,,0,0,0,maharashtra
251299,45384,Shegaon,5,Shegaon (M Cl) - Ward No.5,0,,0,0,,0,0,0,maharashtra
251299,45385,Shegaon,6,Shegaon (M Cl) - Ward No.6,0,,0,0,,0,0,0,maharashtra
251299,45386,Shegaon,7,Shegaon (M Cl) - Ward No.7,0,,0,0,,0,0,0,maharashtra
251299,45387,Shegaon,8,Shegaon (M Cl) - Ward No.8,0,,0,0,,0,0,0,maharashtra
251299,45388,Shegaon,9,Shegaon (M Cl) - Ward No.9,0,,0,0,,0,0,0,maharashtra
251327,1721138,Shendurjana,1,Shendurjana (M Ci) - Ward No. 1,0,,0,0,,0,0,0,maharashtra
251327,3253086,Shendurjana,10,Shendurjana (M Ci) - Ward No. 10,0,,0,0,,0,0,0,maharashtra
251327,1721139,Shendurjana,2,Shendurjana (M Ci) - Ward No. 2,0,,0,0,,0,0,0,maharashtra
251327,1721140,Shendurjana,3,Shendurjana (M Ci) - Ward No. 3,0,,0,0,,0,0,0,maharashtra
251327,1721141,Shendurjana,4,Shendurjana (M Ci) - Ward No. 4,0,,0,0,,0,0,0,maharashtra
251327,1721142,Shendurjana,5,Shendurjana (M Ci) - Ward No. 5,0,,0,0,,0,0,0,maharashtra
251327,1721143,Shendurjana,6,Shendurjana (M Ci) - Ward No. 6,0,,0,0,,0,0,0,maharashtra
251327,1721144,Shendurjana,7,Shendurjana (M Ci) - Ward No. 7,0,,0,0,,0,0,0,maharashtra
251327,1721145,Shendurjana,8,Shendurjana (M Ci) - Ward No. 8,0,,0,0,,0,0,0,maharashtra
251327,3253085,Shendurjana,9,Shendurjana (M Ci) - Ward No. 9,0,,0,0,,0,0,0,maharashtra
277413,2324117,Shendurni,1,Shendurni (M Cl)-Ward No.1,0,,0,0,,0,0,0,maharashtra
277413,2324126,Shendurni,10,Shendurni (M Cl)-Ward No.10,0,,0,0,,0,0,0,maharashtra
277413,2324127,Shendurni,11,Shendurni (M Cl)-Ward No.11,0,,0,0,,0,0,0,maharashtra
277413,2324128,Shendurni,12,Shendurni (M Cl)-Ward No.12,0,,0,0,,0,0,0,maharashtra
277413,2324129,Shendurni,13,Shendurni (M Cl)-Ward No.13,0,,0,0,,0,0,0,maharashtra
277413,2324130,Shendurni,14,Shendurni (M Cl)-Ward No.14,0,,0,0,,0,0,0,maharashtra
277413,2324131,Shendurni,15,Shendurni (M Cl)-Ward No.15,0,,0,0,,0,0,0,maharashtra
277413,2324132,Shendurni,16,Shendurni (M Cl)-Ward No.16,0,,0,0,,0,0,0,maharashtra
277413,2324133,Shendurni,17,Shendurni (M Cl)-Ward No.17,0,,0,0,,0,0,0,maharashtra
277413,2324118,Shendurni,2,Shendurni (M Cl)-Ward No.2,0,,0,0,,0,0,0,maharashtra
277413,2324119,Shendurni,3,Shendurni (M Cl)-Ward No.3,0,,0,0,,0,0,0,maharashtra
277413,2324120,Shendurni,4,Shendurni (M Cl)-Ward No.4,0,,0,0,,0,0,0,maharashtra
277413,2324121,Shendurni,5,Shendurni (M Cl)-Ward No.5,0,,0,0,,0,0,0,maharashtra
277413,2324122,Shendurni,6,Shendurni (M Cl)-Ward No.6,0,,0,0,,0,0,0,maharashtra
277413,2324123,Shendurni,7,Shendurni (M Cl)-Ward No.7,0,,0,0,,0,0,0,maharashtra
277413,2324124,Shendurni,8,Shendurni (M Cl)-Ward No.8,0,,0,0,,0,0,0,maharashtra
277413,2324125,Shendurni,9,Shendurni (M Cl)-Ward No.9,0,,0,0,,0,0,0,maharashtra
276331,2405431,Shevgaon,1,Shevgaon (MC) -Ward Kra 1,0,,0,0,,0,0,0,maharashtra
276331,2405440,Shevgaon,10,Shevgaon (MC) -Ward Kra 10,0,,0,0,,0,0,0,maharashtra
276331,2405441,Shevgaon,11,Shevgaon (MC) -Ward Kra 11,0,,0,0,,0,0,0,maharashtra
276331,2405442,Shevgaon,12,Shevgaon (MC) -Ward Kra 12,0,,0,0,,0,0,0,maharashtra
276331,2405443,Shevgaon,13,Shevgaon (MC) -Ward Kra 13,0,,0,0,,0,0,0,maharashtra
276331,2405444,Shevgaon,14,Shevgaon (MC) -Ward Kra 14,0,,0,0,,0,0,0,maharashtra
276331,2405445,Shevgaon,15,Shevgaon (MC) -Ward Kra 15,0,,0,0,,0,0,0,maharashtra
276331,2405446,Shevgaon,16,Shevgaon (MC) -Ward Kra 16,0,,0,0,,0,0,0,maharashtra
276331,2405447,Shevgaon,17,Shevgaon (MC) -Ward Kra 17,0,,0,0,,0,0,0,maharashtra
276331,2405448,Shevgaon,18,Shevgaon (MC) -Ward Kra 18,0,,0,0,,0,0,0,maharashtra
276331,2405449,Shevgaon,19,Shevgaon (MC) -Ward Kra 19,0,,0,0,,0,0,0,maharashtra
276331,2405432,Shevgaon,2,Shevgaon (MC) -Ward Kra 2,0,,0,0,,0,0,0,maharashtra
276331,2405450,Shevgaon,20,Shevgaon (MC) -Ward Kra 20,0,,0,0,,0,0,0,maharashtra
276331,2405451,Shevgaon,21,Shevgaon (MC) -Ward Kra 21,0,,0,0,,0,0,0,maharashtra
276331,2405433,Shevgaon,3,Shevgaon (MC) -Ward Kra 3,0,,0,0,,0,0,0,maharashtra
276331,2405434,Shevgaon,4,Shevgaon (MC) -Ward Kra 4,0,,0,0,,0,0,0,maharashtra
276331,2405435,Shevgaon,5,Shevgaon (MC) -Ward Kra 5,0,,0,0,,0,0,0,maharashtra
276331,2405436,Shevgaon,6,Shevgaon (MC) -Ward Kra 6,0,,0,0,,0,0,0,maharashtra
276331,2405437,Shevgaon,7,Shevgaon (MC) -Ward Kra 7,0,,0,0,,0,0,0,maharashtra
276331,2405438,Shevgaon,8,Shevgaon (MC) -Ward Kra 8,0,,0,0,,0,0,0,maharashtra
276331,2405439,Shevgaon,9,Shevgaon (MC) -Ward Kra 9,0,,0,0,,0,0,0,maharashtra
276349,1728171,Shirala,1,Shirala (Mci) Ward No.1,0,,0,0,,0,0,0,maharashtra
276349,1728180,Shirala,10,Shirala (Mci) Ward No.10,0,,0,0,,0,0,0,maharashtra
276349,1728181,Shirala,11,Shirala (Mci) Ward No.11,0,,0,0,,0,0,0,maharashtra
276349,1728182,Shirala,12,Shirala (Mci) Ward No.12,0,,0,0,,0,0,0,maharashtra
276349,1728183,Shirala,13,Shirala (Mci) Ward No.13,0,,0,0,,0,0,0,maharashtra
276349,1728184,Shirala,14,Shirala (Mci) Ward No.14,0,,0,0,,0,0,0,maharashtra
276349,1728185,Shirala,15,Shirala (Mci) Ward No.15,0,,0,0,,0,0,0,maharashtra
276349,1728186,Shirala,16,Shirala (Mci) Ward No.16,0,,0,0,,0,0,0,maharashtra
276349,1728187,Shirala,17,Shirala (Mci) Ward No.17,0,,0,0,,0,0,0,maharashtra
276349,1728172,Shirala,2,Shirala (Mci) Ward No.2,0,,0,0,,0,0,0,maharashtra
276349,1728173,Shirala,3,Shirala (Mci) Ward No.3,0,,0,0,,0,0,0,maharashtra
276349,1728174,Shirala,4,Shirala (Mci) Ward No.4,0,,0,0,,0,0,0,maharashtra
276349,1728175,Shirala,5,Shirala (Mci) Ward No.5,0,,0,0,,0,0,0,maharashtra
276349,1728176,Shirala,6,Shirala (Mci) Ward No.6,0,,0,0,,0,0,0,maharashtra
276349,1728177,Shirala,7,Shirala (Mci) Ward No.7,0,,0,0,,0,0,0,maharashtra
276349,1728178,Shirala,8,Shirala (Mci) Ward No.8,0,,0,0,,0,0,0,maharashtra
276349,1728179,Shirala,9,Shirala (Mci) Ward No.9,0,,0,0,,0,0,0,maharashtra
251542,57553,Shirdi,1,Shirdi (NP) - Ward No.1,0,,0,0,,0,0,0,maharashtra
251542,57562,Shirdi,10,Shirdi (NP) - Ward No.10,0,,0,0,,0,0,0,maharashtra
251542,3138,Shirdi,11,Shirdi (NP) - Ward No.11,0,,0,0,,0,0,0,maharashtra
251542,3139,Shirdi,12,Shirdi (NP) - Ward No.12,0,,0,0,,0,0,0,maharashtra
251542,3140,Shirdi,13,Shirdi (NP) - Ward No.13,0,,0,0,,0,0,0,maharashtra
251542,3141,Shirdi,14,Shirdi (NP) - Ward No.14,0,,0,0,,0,0,0,maharashtra
251542,3142,Shirdi,15,Shirdi (NP) - Ward No.15,0,,0,0,,0,0,0,maharashtra
251542,3143,Shirdi,16,Shirdi (NP) - Ward No.16,0,,0,0,,0,0,0,maharashtra
251542,3144,Shirdi,17,Shirdi (NP) - Ward No.17,0,,0,0,,0,0,0,maharashtra
251542,57554,Shirdi,2,Shirdi (NP) - Ward No.2,0,,0,0,,0,0,0,maharashtra
251542,57555,Shirdi,3,Shirdi (NP) - Ward No.3,0,,0,0,,0,0,0,maharashtra
251542,57556,Shirdi,4,Shirdi (NP) - Ward No.4,0,,0,0,,0,0,0,maharashtra
251542,57557,Shirdi,5,Shirdi (NP) - Ward No.5,0,,0,0,,0,0,0,maharashtra
251542,57558,Shirdi,6,Shirdi (NP) - Ward No.6,0,,0,0,,0,0,0,maharashtra
251542,57559,Shirdi,7,Shirdi (NP) - Ward No.7,0,,0,0,,0,0,0,maharashtra
251542,57560,Shirdi,8,Shirdi (NP) - Ward No.8,0,,0,0,,0,0,0,maharashtra
251542,57561,Shirdi,9,Shirdi (NP) - Ward No.9,0,,0,0,,0,0,0,maharashtra
276635,1826016,Shirol,1,Ward No.1,0,,0,0,,0,0,0,maharashtra
276635,1826017,Shirol,2,Ward No.2,0,,0,0,,0,0,0,maharashtra
276635,1826018,Shirol,3,Ward No.3,0,,0,0,,0,0,0,maharashtra
276635,1826019,Shirol,4,Ward No.4,0,,0,0,,0,0,0,maharashtra
276635,1826020,Shirol,5,Ward No.5,0,,0,0,,0,0,0,maharashtra
276635,1826021,Shirol,6,Ward No.6,0,,0,0,,0,0,0,maharashtra
276635,1826022,Shirol,7,Ward No.7,0,,0,0,,0,0,0,maharashtra
276635,1826023,Shirol,8,Ward No.8,0,,0,0,,0,0,0,maharashtra
251280,50485,Shirpur-Warwade,1,Shirpur-Warwade (M Cl) - Ward N. - 1,0,,0,0,,0,0,0,maharashtra
251280,50494,Shirpur-Warwade,10,Shirpur-Warwade (M Cl) - Ward N. - 10,0,,0,0,,0,0,0,maharashtra
251280,50495,Shirpur-Warwade,11,Shirpur-Warwade (M Cl) - Ward N. - 11,0,,0,0,,0,0,0,maharashtra
251280,50496,Shirpur-Warwade,12,Shirpur-Warwade (M Cl) - Ward N. - 12,0,,0,0,,0,0,0,maharashtra
251280,50497,Shirpur-Warwade,13,Shirpur-Warwade (M Cl) - Ward N. - 13,0,,0,0,,0,0,0,maharashtra
251280,50498,Shirpur-Warwade,14,Shirpur-Warwade (M Cl) - Ward N. - 14,0,,0,0,,0,0,0,maharashtra
251280,50499,Shirpur-Warwade,15,Shirpur-Warwade (M Cl) - Ward N. - 15,0,,0,0,,0,0,0,maharashtra
251280,50500,Shirpur-Warwade,16,Shirpur-Warwade (M Cl) - Ward N. - 16,0,,0,0,,0,0,0,maharashtra
251280,50501,Shirpur-Warwade,17,Shirpur-Warwade (M Cl) - Ward N. - 17,0,,0,0,,0,0,0,maharashtra
251280,50502,Shirpur-Warwade,18,Shirpur-Warwade (M Cl) - Ward N. - 18,0,,0,0,,0,0,0,maharashtra
251280,50503,Shirpur-Warwade,19,Shirpur-Warwade (M Cl) - Ward N. - 19,0,,0,0,,0,0,0,maharashtra
251280,50486,Shirpur-Warwade,2,Shirpur-Warwade (M Cl) - Ward N. - 2,0,,0,0,,0,0,0,maharashtra
251280,50504,Shirpur-Warwade,20,Shirpur-Warwade (M Cl) - Ward N. - 20,0,,0,0,,0,0,0,maharashtra
251280,50505,Shirpur-Warwade,21,Shirpur-Warwade (M Cl) - Ward N. - 21,0,,0,0,,0,0,0,maharashtra
251280,50506,Shirpur-Warwade,22,Shirpur-Warwade (M Cl) - Ward N. - 22,0,,0,0,,0,0,0,maharashtra
251280,50507,Shirpur-Warwade,23,Shirpur-Warwade (M Cl) - Ward N. - 23,0,,0,0,,0,0,0,maharashtra
251280,50508,Shirpur-Warwade,24,Shirpur-Warwade (M Cl) - Ward N. - 24,0,,0,0,,0,0,0,maharashtra
251280,54366,Shirpur-Warwade,25,Shirpur-Warwade (M Cl) - Ward N. - 25,0,,0,0,,0,0,0,maharashtra
251280,54367,Shirpur-Warwade,26,Shirpur-Warwade (M Cl) - Ward N. - 26,0,,0,0,,0,0,0,maharashtra
251280,54368,Shirpur-Warwade,27,Shirpur-Warwade (M Cl) - Ward N. - 27,0,,0,0,,0,0,0,maharashtra
251280,50487,Shirpur-Warwade,3,Shirpur-Warwade (M Cl) - Ward N. - 3,0,,0,0,,0,0,0,maharashtra
251280,50488,Shirpur-Warwade,4,Shirpur-Warwade (M Cl) - Ward N.- 4,0,,0,0,,0,0,0,maharashtra
251280,50489,Shirpur-Warwade,5,Shirpur-Warwade (M Cl) - Ward N. - 5,0,,0,0,,0,0,0,maharashtra
251280,50490,Shirpur-Warwade,6,Shirpur-Warwade (M Cl) - Ward N. - 6,0,,0,0,,0,0,0,maharashtra
251280,50491,Shirpur-Warwade,7,Shirpur-Warwade (M Cl) - Ward N. - 7,0,,0,0,,0,0,0,maharashtra
251280,50492,Shirpur-Warwade,8,Shirpur-Warwade (M Cl) - Ward N. - 8,0,,0,0,,0,0,0,maharashtra
251280,50493,Shirpur-Warwade,9,Shirpur-Warwade (M Cl) - Ward N. - 9,0,,0,0,,0,0,0,maharashtra
251518,48847,Shirur,1,Shirur (M Cl) Ward No.1,0,,0,0,,0,0,0,maharashtra
251518,48856,Shirur,10,Shirur (M Cl) Ward No.10,0,,0,0,,0,0,0,maharashtra
251518,48848,Shirur,2,Shirur (M Cl) Ward No.2,0,,0,0,,0,0,0,maharashtra
251518,48849,Shirur,3,Shirur (M Cl) Ward No.3,0,,0,0,,0,0,0,maharashtra
251518,48850,Shirur,4,Shirur (M Cl) Ward No.4,0,,0,0,,0,0,0,maharashtra
251518,48851,Shirur,5,Shirur (M Cl) Ward No.5,0,,0,0,,0,0,0,maharashtra
251518,48852,Shirur,6,Shirur (M Cl) Ward No.6,0,,0,0,,0,0,0,maharashtra
251518,48853,Shirur,7,Shirur (M Cl) Ward No.7,0,,0,0,,0,0,0,maharashtra
251518,48854,Shirur,8,Shirur (M Cl) Ward No.8,0,,0,0,,0,0,0,maharashtra
251518,48855,Shirur,9,Shirur (M Cl) Ward No.9,0,,0,0,,0,0,0,maharashtra
276374,1758504,Shirur-Anantpal,10,Ward No.10 Mahadev mandir to telephone office-mahadev nagar-basaweshwar chowk,0,,0,0,,0,0,0,maharashtra
276374,1758505,Shirur-Anantpal,11,Ward No.11 basaweshwar chowk area-jama masjid-rekulge nagar,0,,0,0,,0,0,0,maharashtra
276374,1758506,Shirur-Anantpal,12,Ward No.12 sambhale nagar-anantpal school-kumarswami nagar area-laxmi nagar,0,,0,0,,0,0,0,maharashtra
276374,1758507,Shirur-Anantpal,13,Ward No.13 kumarswami nagar-z.p. School-kumarswami mandir,0,,0,0,,0,0,0,maharashtra
276374,1758508,Shirur-Anantpal,14,Ward No.14 kumarswami nagar-sangmeshwar society krishna mandir,0,,0,0,,0,0,0,maharashtra
276374,1758509,Shirur-Anantpal,15,Ward No.15 Bhojraj nagar slum area,0,,0,0,,0,0,0,maharashtra
276374,1758510,Shirur-Anantpal,16,Ward No.16 bhojrarj nagar area-shri hospital anantpal society-new bus stand avale nagar library,0,,0,0,,0,0,0,maharashtra
276374,1758511,Shirur-Anantpal,17,Ward No.17 Nagar panchayat office-basweshwar chowk-part of ajani road hattarge nagar-vanar maroti nagar,0,,0,0,,0,0,0,maharashtra
276374,1758495,Shirur-Anantpal,1,Ward No.1 Jagadamba Chowk-Anantpal Chowk-Tilak Chowk-Mallikarjun Galli,0,,0,0,,0,0,0,maharashtra
276374,1758496,Shirur-Anantpal,2,Ward No.2 Nrishinha mandir-neharu chowk-gandhi chowk-jain mandir-shri anantalpal galli-channabashweshwar chowk-hanuman mandir,0,,0,0,,0,0,0,maharashtra
276374,1758497,Shirur-Anantpal,3,Ward No.3 Nrishinha chowk-neharu chowk-kisan galli-sangmeshwar galli,0,,0,0,,0,0,0,maharashtra
276374,1758498,Shirur-Anantpal,4,Ward No.4 gandhi chowk-narayan galli-jai malhar galli-sangmeshwar galli,0,,0,0,,0,0,0,maharashtra
276374,1758499,Shirur-Anantpal,5,Ward No.5 Pump house-police station-z.p. School-animal husbandary hospital-masjid-mariaai mandir-rohidas mandir-jai malhar galli-narayan mandir galli,0,,0,0,,0,0,0,maharashtra
276374,1758500,Shirur-Anantpal,6,Ward No.6 Idgah ground-rudrawar nagar-samata nagar-sai nagar-agricultural product market comittee-z.p. School,0,,0,0,,0,0,0,maharashtra
276374,1758501,Shirur-Anantpal,7,Ward No.7 Sangmeshwar chowk-jai malhar galli-udgir road,0,,0,0,,0,0,0,maharashtra
276374,1758502,Shirur-Anantpal,8,Ward No.8 Azad chowk-nrishinha galli-sangmeshwar galli-udgir road,0,,0,0,,0,0,0,maharashtra
276374,1758503,Shirur-Anantpal,9,Ward No.9 Mallikarjun chowk-tilak chowk-azad chowk-basaweshwar chowk,0,,0,0,,0,0,0,maharashtra
275726,1825160,Shirur Kasar,10,Ward No.10 Indira nagar (North),0,,0,0,,0,0,0,maharashtra
275726,1825161,Shirur Kasar,11,Ward No.11 Indira nagar (South),0,,0,0,,0,0,0,maharashtra
275726,1825162,Shirur Kasar,12,Ward No.12 Sidharth Nagar,0,,0,0,,0,0,0,maharashtra
275726,1825163,Shirur Kasar,13,Ward No.13 Balaji Nagar,0,,0,0,,0,0,0,maharashtra
275726,1825164,Shirur Kasar,14,Ward No.14 Bhagwan Nagar,0,,0,0,,0,0,0,maharashtra
275726,1825165,Shirur Kasar,15,Ward No.15 Adrsh Nagar,0,,0,0,,0,0,0,maharashtra
275726,1825166,Shirur Kasar,16,Ward No.16 Shivaji Nagar,0,,0,0,,0,0,0,maharashtra
275726,1825167,Shirur Kasar,17,Ward No.17 Jijamata Chowk,0,,0,0,,0,0,0,maharashtra
275726,1825151,Shirur Kasar,1,Ward No.1 Budhawihar-and Thorat Wasti,0,,0,0,,0,0,0,maharashtra
275726,1825152,Shirur Kasar,2,Ward No.2 Sutarnet and Mali Galli,0,,0,0,,0,0,0,maharashtra
275726,1825153,Shirur Kasar,3,Ward No.3 Junawada-Warik Gali,0,,0,0,,0,0,0,maharashtra
275726,1825154,Shirur Kasar,4,Ward No.4 Chambhar Galli,0,,0,0,,0,0,0,maharashtra
275726,1825155,Shirur Kasar,5,Ward No.5 Hanuman Temple Road,0,,0,0,,0,0,0,maharashtra
275726,1825156,Shirur Kasar,6,Ward No.6 Main Peth,0,,0,0,,0,0,0,maharashtra
275726,1825157,Shirur Kasar,7,Ward No.7 Kalika devi Mandir,0,,0,0,,0,0,0,maharashtra
275726,1825158,Shirur Kasar,8,Ward No.8 Dagade Galli,0,,0,0,,0,0,0,maharashtra
275726,1825159,Shirur Kasar,9,Ward No.9 BajarTal Area,0,,0,0,,0,0,0,maharashtra
251553,77151,Shrigonda,1,Shrigonda (MC) -Ward Kra 1,0,,0,0,,0,0,0,maharashtra
251553,77152,Shrigonda,2,Shrigonda (MC) -Ward Kra 2,0,,0,0,,0,0,0,maharashtra
251553,77153,Shrigonda,3,Shrigonda (MC) -Ward Kra 3,0,,0,0,,0,0,0,maharashtra
251553,77154,Shrigonda,4,Shrigonda (MC) -Ward Kra 4,0,,0,0,,0,0,0,maharashtra
251553,77155,Shrigonda,5,Shrigonda (MC) -Ward Kra 5,0,,0,0,,0,0,0,maharashtra
251553,77156,Shrigonda,6,Shrigonda (MC) -Ward Kra 6,0,,0,0,,0,0,0,maharashtra
251553,77157,Shrigonda,7,Shrigonda (MC) -Ward Kra 7,0,,0,0,,0,0,0,maharashtra
251553,77158,Shrigonda,8,Shrigonda (MC) -Ward Kra 8,0,,0,0,,0,0,0,maharashtra
251553,77159,Shrigonda,9,Shrigonda (MC) -Ward Kra 9,0,,0,0,,0,0,0,maharashtra
251544,57593,Shrirampur,1,Shrirampur (MC) - Ward No 1,0,,0,0,,0,0,0,maharashtra
251544,58410,Shrirampur,10,Shrirampur (MC) - Ward No 10,0,,0,0,,0,0,0,maharashtra
251544,58411,Shrirampur,11,Shrirampur (MC) - Ward No 11,0,,0,0,,0,0,0,maharashtra
251544,58412,Shrirampur,12,Shrirampur (MC) - Ward No 12,0,,0,0,,0,0,0,maharashtra
251544,58413,Shrirampur,13,Shrirampur (MC) - Ward No 13,0,,0,0,,0,0,0,maharashtra
251544,58414,Shrirampur,14,Shrirampur (MC) - Ward No 14,0,,0,0,,0,0,0,maharashtra
251544,58415,Shrirampur,15,Shrirampur (MC) - Ward No 15,0,,0,0,,0,0,0,maharashtra
251544,58416,Shrirampur,16,Shrirampur (MC) - Ward No 16,0,,0,0,,0,0,0,maharashtra
251544,57594,Shrirampur,2,Shrirampur (MC) - Ward No 2,0,,0,0,,0,0,0,maharashtra
251544,57595,Shrirampur,3,Shrirampur (MC) - Ward No 3,0,,0,0,,0,0,0,maharashtra
251544,57596,Shrirampur,4,Shrirampur (MC) - Ward No 4,0,,0,0,,0,0,0,maharashtra
251544,57597,Shrirampur,5,Shrirampur (MC) - Ward No 5,0,,0,0,,0,0,0,maharashtra
251544,57598,Shrirampur,6,Shrirampur (MC) - Ward No 6,0,,0,0,,0,0,0,maharashtra
251544,58407,Shrirampur,7,Shrirampur (MC) - Ward No 7,0,,0,0,,0,0,0,maharashtra
251544,58408,Shrirampur,8,Shrirampur (MC) - Ward No 8,0,,0,0,,0,0,0,maharashtra
251544,58409,Shrirampur,9,Shrirampur (MC) - Ward No 9,0,,0,0,,0,0,0,maharashtra
251511,49277,Shrivardhan,1,Shrivardhan (M Cl) Ward No.1,0,,0,0,,0,0,0,maharashtra
251511,3320081,Shrivardhan,10,Shrivardhan (M Cl) Ward No.10,0,,0,0,,0,0,0,maharashtra
251511,49278,Shrivardhan,2,Shrivardhan (M Cl) Ward No.2,0,,0,0,,0,0,0,maharashtra
251511,49279,Shrivardhan,3,Shrivardhan (M Cl) Ward No.3,0,,0,0,,0,0,0,maharashtra
251511,49280,Shrivardhan,4,Shrivardhan (M Cl) Ward No.4,0,,0,0,,0,0,0,maharashtra
251511,49281,Shrivardhan,5,Shrivardhan (M Cl) Ward No.5,0,,0,0,,0,0,0,maharashtra
251511,49282,Shrivardhan,6,Shrivardhan (M Cl) Ward No.6,0,,0,0,,0,0,0,maharashtra
251511,49283,Shrivardhan,7,Shrivardhan (M Cl) Ward No.7,0,,0,0,,0,0,0,maharashtra
251511,49284,Shrivardhan,8,Shrivardhan (M Cl) Ward No.8,0,,0,0,,0,0,0,maharashtra
251511,3320080,Shrivardhan,9,Shrivardhan (M Cl) Ward No.9,0,,0,0,,0,0,0,maharashtra
297092,3257553,Sillod Municipal Council,1,WARD NO-1,0,,0,0,,0,0,0,maharashtra
297092,3257562,Sillod Municipal Council,10,WARD NO-10,0,,0,0,,0,0,0,maharashtra
297092,3257563,Sillod Municipal Council,11,WARD NO-11,0,,0,0,,0,0,0,maharashtra
297092,3257564,Sillod Municipal Council,12,WARD NO-12,0,,0,0,,0,0,0,maharashtra
297092,3257565,Sillod Municipal Council,13,WARD NO-13,0,,0,0,,0,0,0,maharashtra
297092,3257554,Sillod Municipal Council,2,WARD NO-2,0,,0,0,,0,0,0,maharashtra
297092,3257555,Sillod Municipal Council,3,WARD NO-3,0,,0,0,,0,0,0,maharashtra
297092,3257556,Sillod Municipal Council,4,WARD NO-4,0,,0,0,,0,0,0,maharashtra
297092,3257557,Sillod Municipal Council,5,WARD NO-5,0,,0,0,,0,0,0,maharashtra
297092,3257558,Sillod Municipal Council,6,WARD NO-6,0,,0,0,,0,0,0,maharashtra
297092,3257559,Sillod Municipal Council,7,WARD NO-7,0,,0,0,,0,0,0,maharashtra
297092,3257560,Sillod Municipal Council,8,WARD NO-8,0,,0,0,,0,0,0,maharashtra
297092,3257561,Sillod Municipal Council,9,WARD NO-9,0,,0,0,,0,0,0,maharashtra
276362,2311996,Sindewahi,1,Sindewahi (N P) - Ward No. 1,0,,0,0,,0,0,0,maharashtra
276362,2312005,Sindewahi,10,Sindewahi (N P) - Ward No. 10,0,,0,0,,0,0,0,maharashtra
276362,2312006,Sindewahi,11,Sindewahi (N P) - Ward No. 11,0,,0,0,,0,0,0,maharashtra
276362,2312007,Sindewahi,12,Sindewahi (N P) - Ward No. 12,0,,0,0,,0,0,0,maharashtra
276362,2312008,Sindewahi,13,Sindewahi (N P) - Ward No. 13,0,,0,0,,0,0,0,maharashtra
276362,2312009,Sindewahi,14,Sindewahi (N P) - Ward No. 14,0,,0,0,,0,0,0,maharashtra
276362,2312010,Sindewahi,15,Sindewahi (N P) - Ward No. 15,0,,0,0,,0,0,0,maharashtra
276362,2312011,Sindewahi,16,Sindewahi (N P) - Ward No. 16,0,,0,0,,0,0,0,maharashtra
276362,2312012,Sindewahi,17,Sindewahi (N P) - Ward No. 17,0,,0,0,,0,0,0,maharashtra
276362,2311997,Sindewahi,2,Sindewahi (N P) - Ward No. 2,0,,0,0,,0,0,0,maharashtra
276362,2311998,Sindewahi,3,Sindewahi (N P) - Ward No. 3,0,,0,0,,0,0,0,maharashtra
276362,2311999,Sindewahi,4,Sindewahi (N P) - Ward No. 4,0,,0,0,,0,0,0,maharashtra
276362,2312000,Sindewahi,5,Sindewahi (N P) - Ward No. 5,0,,0,0,,0,0,0,maharashtra
276362,2312001,Sindewahi,6,Sindewahi (N P) - Ward No. 6,0,,0,0,,0,0,0,maharashtra
276362,2312002,Sindewahi,7,Sindewahi (N P) - Ward No. 7,0,,0,0,,0,0,0,maharashtra
276362,2312003,Sindewahi,8,Sindewahi (N P) - Ward No. 8,0,,0,0,,0,0,0,maharashtra
276362,2312004,Sindewahi,9,Sindewahi (N P) - Ward No. 9,0,,0,0,,0,0,0,maharashtra
259701,889603,Sindhakeda,1,Ward No 1,0,,0,0,,0,0,0,maharashtra
259701,889627,Sindhakeda,10,Ward No 10,0,,0,0,,0,0,0,maharashtra
259701,889634,Sindhakeda,11,Ward No 11,0,,0,0,,0,0,0,maharashtra
259701,889635,Sindhakeda,12,Ward No 12,0,,0,0,,0,0,0,maharashtra
259701,889629,Sindhakeda,13,Ward No 13,0,,0,0,,0,0,0,maharashtra
259701,889630,Sindhakeda,14,Ward No 14,0,,0,0,,0,0,0,maharashtra
259701,889631,Sindhakeda,15,Ward No 15,0,,0,0,,0,0,0,maharashtra
259701,889632,Sindhakeda,16,Ward No 16,0,,0,0,,0,0,0,maharashtra
259701,889633,Sindhakeda,17,Ward No 17,0,,0,0,,0,0,0,maharashtra
259701,889618,Sindhakeda,2,Ward No 2,0,,0,0,,0,0,0,maharashtra
259701,889619,Sindhakeda,3,Ward No 3,0,,0,0,,0,0,0,maharashtra
259701,889621,Sindhakeda,4,Ward No 4,0,,0,0,,0,0,0,maharashtra
259701,889622,Sindhakeda,5,Ward No 5,0,,0,0,,0,0,0,maharashtra
259701,889623,Sindhakeda,6,Ward No 6,0,,0,0,,0,0,0,maharashtra
259701,889624,Sindhakeda,7,Ward No 7,0,,0,0,,0,0,0,maharashtra
259701,889625,Sindhakeda,8,Ward No 8,0,,0,0,,0,0,0,maharashtra
259701,889626,Sindhakeda,9,Ward No 9,0,,0,0,,0,0,0,maharashtra
251333,46120,Sindi,1,Sindi (M Cl) Ward No.1,0,,0,0,,0,0,0,maharashtra
251333,46121,Sindi,2,Sindi (M Cl) Ward No.2,0,,0,0,,0,0,0,maharashtra
251333,46122,Sindi,3,Sindi (M Cl) Ward No.3,0,,0,0,,0,0,0,maharashtra
251333,46123,Sindi,4,Sindi (M Cl) Ward No.4,0,,0,0,,0,0,0,maharashtra
251333,46124,Sindi,5,Sindi (M Cl) Ward No.5,0,,0,0,,0,0,0,maharashtra
251333,46125,Sindi,6,Sindi (M Cl) Ward No.6,0,,0,0,,0,0,0,maharashtra
251333,46126,Sindi,7,Sindi (M Cl) Ward No.7,0,,0,0,,0,0,0,maharashtra
251333,46127,Sindi,8,Sindi (M Cl) Ward No.8,0,,0,0,,0,0,0,maharashtra
251307,45484,Sindkhed Raja,1,Sindkhed Raja (M Cl) - Ward No.1,0,,0,0,,0,0,0,maharashtra
251307,45493,Sindkhed Raja,10,Sindkhed Raja (M Cl) - Ward No.10,0,,0,0,,0,0,0,maharashtra
251307,45494,Sindkhed Raja,11,Sindkhed Raja (M Cl) - Ward No.11,0,,0,0,,0,0,0,maharashtra
251307,45495,Sindkhed Raja,12,Sindkhed Raja (M Cl) - Ward No.12,0,,0,0,,0,0,0,maharashtra
251307,45496,Sindkhed Raja,13,Sindkhed Raja (M Cl) - Ward No.13,0,,0,0,,0,0,0,maharashtra
251307,45497,Sindkhed Raja,14,Sindkhed Raja (M Cl) - Ward No.14,0,,0,0,,0,0,0,maharashtra
251307,45498,Sindkhed Raja,15,Sindkhed Raja (M Cl) - Ward No.15,0,,0,0,,0,0,0,maharashtra
251307,45499,Sindkhed Raja,16,Sindkhed Raja (M Cl) - Ward No.16,0,,0,0,,0,0,0,maharashtra
251307,45500,Sindkhed Raja,17,Sindkhed Raja (M Cl) - Ward No.17,0,,0,0,,0,0,0,maharashtra
251307,45485,Sindkhed Raja,2,Sindkhed Raja (M Cl) - Ward No.2,0,,0,0,,0,0,0,maharashtra
251307,45486,Sindkhed Raja,3,Sindkhed Raja (M Cl) - Ward No.3,0,,0,0,,0,0,0,maharashtra
251307,45487,Sindkhed Raja,4,Sindkhed Raja (M Cl) - Ward No.4,0,,0,0,,0,0,0,maharashtra
251307,45488,Sindkhed Raja,5,Sindkhed Raja (M Cl) - Ward No.5,0,,0,0,,0,0,0,maharashtra
251307,45489,Sindkhed Raja,6,Sindkhed Raja (M Cl) - Ward No.6,0,,0,0,,0,0,0,maharashtra
251307,45490,Sindkhed Raja,7,Sindkhed Raja (M Cl) - Ward No.7,0,,0,0,,0,0,0,maharashtra
251307,45491,Sindkhed Raja,8,Sindkhed Raja (M Cl) - Ward No.8,0,,0,0,,0,0,0,maharashtra
251307,45492,Sindkhed Raja,9,Sindkhed Raja (M Cl) - Ward No.9,0,,0,0,,0,0,0,maharashtra
251447,48014,Sinnar,1,Sinnar (Mu Cl) - Prabhag No.01,0,,0,0,,0,0,0,maharashtra
251447,48015,Sinnar,2,Sinnar (Mu Cl) - Prabhag No.02,0,,0,0,,0,0,0,maharashtra
251447,48016,Sinnar,3,Sinnar (Mu Cl) - Prabhag No.03,0,,0,0,,0,0,0,maharashtra
251447,48017,Sinnar,4,Sinnar (Mu Cl) - Prabhag No.04,0,,0,0,,0,0,0,maharashtra
251447,48018,Sinnar,5,Sinnar (Mu Cl) - Prabhag No.05,0,,0,0,,0,0,0,maharashtra
251447,48019,Sinnar,6,Sinnar (Mu Cl) - Prabhag No.06,0,,0,0,,0,0,0,maharashtra
251447,48020,Sinnar,7,Sinnar (Mu Cl) - Prabhag No.07,0,,0,0,,0,0,0,maharashtra
251447,48021,Sinnar,8,Sinnar (Mu Cl) - Prabhag No.08,0,,0,0,,0,0,0,maharashtra
251447,48022,Sinnar,9,Sinnar (Mu Cl) - Prabhag No.09,0,,0,0,,0,0,0,maharashtra
251447,48023,Sinnar,10,Sinnar (Mu Cl) - Prabhag No.10,0,,0,0,,0,0,0,maharashtra
251447,48024,Sinnar,11,Sinnar (Mu Cl) - Prabhag No.11,0,,0,0,,0,0,0,maharashtra
251447,48025,Sinnar,12,Sinnar (Mu Cl) - Prabhag No.12,0,,0,0,,0,0,0,maharashtra
251447,48026,Sinnar,13,Sinnar (Mu Cl) - Prabhag No.13,0,,0,0,,0,0,0,maharashtra
251447,48027,Sinnar,14,Sinnar (Mu Cl) - Prabhag No.14,0,,0,0,,0,0,0,maharashtra
276288,1821989,Sironcha,1,SIRONCHA(NP)WARD NO-1,0,,0,0,,0,0,0,maharashtra
276288,1821998,Sironcha,10,SIRONCHA(NP)WARD NO-10,0,,0,0,,0,0,0,maharashtra
276288,1821999,Sironcha,11,SIRONCHA(NP)WARD NO-11,0,,0,0,,0,0,0,maharashtra
276288,1822000,Sironcha,12,SIRONCHA(NP)WARD NO-12,0,,0,0,,0,0,0,maharashtra
276288,1822001,Sironcha,13,SIRONCHA(NP)WARD NO-13,0,,0,0,,0,0,0,maharashtra
276288,1822002,Sironcha,14,SIRONCHA(NP)WARD NO-14,0,,0,0,,0,0,0,maharashtra
276288,1822003,Sironcha,15,SIRONCHA(NP)WARD NO-15,0,,0,0,,0,0,0,maharashtra
276288,1822004,Sironcha,16,SIRONCHA(NP)WARD NO-16,0,,0,0,,0,0,0,maharashtra
276288,1822005,Sironcha,17,SIRONCHA(NP)WARD NO-17,0,,0,0,,0,0,0,maharashtra
276288,1821990,Sironcha,2,SIRONCHA(NP)WARD NO-2,0,,0,0,,0,0,0,maharashtra
276288,1821991,Sironcha,3,SIRONCHA(NP)WARD NO-3,0,,0,0,,0,0,0,maharashtra
276288,1821992,Sironcha,4,SIRONCHA(NP)WARD NO-4,0,,0,0,,0,0,0,maharashtra
276288,1821993,Sironcha,5,SIRONCHA(NP)WARD NO-5,0,,0,0,,0,0,0,maharashtra
276288,1821994,Sironcha,6,SIRONCHA(NP)WARD NO-6,0,,0,0,,0,0,0,maharashtra
276288,1821995,Sironcha,7,SIRONCHA(NP)WARD NO-7,0,,0,0,,0,0,0,maharashtra
276288,1821996,Sironcha,8,SIRONCHA(NP)WARD NO-8,0,,0,0,,0,0,0,maharashtra
276288,1821997,Sironcha,9,SIRONCHA(NP)WARD NO-9,0,,0,0,,0,0,0,maharashtra
251577,65989,Solapur,1,Solapur (M Corp.) - Ward 01 - Kasbe Solapur-2 Shelagi(Gaothan) etc.,0,,0,0,,0,0,0,maharashtra
251577,65991,Solapur,2,Solapur (M Corp.) - Ward 02 - Dahitane Dayanand Collage Satpute Vasti Joshi Galli (Part) Kamakshi Nagar Mitra Nagar Shelgi.,0,,0,0,,0,0,0,maharashtra
251577,65993,Solapur,3,Solapur (M Corp.) - Ward 03 -Shahir Vasti Ghongade Vasti Jodbhavi Peth,0,,0,0,,0,0,0,maharashtra
251577,65995,Solapur,4,Solapur (M Corp.) - Ward 04 -Bagale Vasti Yalleshwarwadi West Mangalwar Peth East Mangalwar Peth,0,,0,0,,0,0,0,maharashtra
251577,65997,Solapur,5,Solapur (M Corp.) - Ward 05 -Kegaon Shivaji Nagar Bale etc.,0,,0,0,,0,0,0,maharashtra
251577,65999,Solapur,6,Solapur (M Corp.) - Ward 06 -Basveshwar Nagar Degaon Amrai Damani Nagar etc.,0,,0,0,,0,0,0,maharashtra
251577,66001,Solapur,7,Solapur (M Corp.) - Ward 07 -Nirale Vasti Uma Nagari North Kasba (Part) South Kasba (Part) etc.,0,,0,0,,0,0,0,maharashtra
251577,66003,Solapur,8,Solapur (M Corp.) - Ward 08 -North Kasba (Part) South Kasba (Part) Shukrawar Peth Ganesh Peth Sakhar Peth etc.,0,,0,0,,0,0,0,maharashtra
251577,66005,Solapur,9,"Solapur (M Corp.) - Ward 09 -Market Yard, Kuchan Highschool",0,,0,0,,0,0,0,maharashtra
251577,66007,Solapur,10,Solapur (M Corp.) - Ward 10 -Sagar Chowk Mahalaxmi Chowk Rangraj nagar Pogul Farms,0,,0,0,,0,0,0,maharashtra
251577,66009,Solapur,11,Solapur (M Corp.) - Ward 11 -Sambhaji Highschool Samadhan Nagar Mallikarjun Nagar.,0,,0,0,,0,0,0,maharashtra
251577,68346,Solapur,12,Solapur (M Corp.) - Ward 12 -Sunil Nagar M.I.D.C.,0,,0,0,,0,0,0,maharashtra
251577,68348,Solapur,13,Solapur (M Corp.) - Ward 13 -Police Head Quarters Walchand Collage Area,0,,0,0,,0,0,0,maharashtra
251577,68350,Solapur,14,Solapur (M Corp.) - Ward 14 -Begam Peth North Sadar Bazar (Part),0,,0,0,,0,0,0,maharashtra
251577,68352,Solapur,15,Solapur (M Corp.) - Ward 15 -Siddheshwar Mandir Solapur Municipal Corporation Fort area etc.,0,,0,0,,0,0,0,maharashtra
251577,68354,Solapur,16,Solapur (M Corp.) - Ward 16 -Modi Govt. Rest House Police Commissioner Office and Area etc.,0,,0,0,,0,0,0,maharashtra
251577,68356,Solapur,17,Solapur (M Corp.) - Ward 17 -Kongad Kumbhar Vasti Shastri Nagar,0,,0,0,,0,0,0,maharashtra
251577,68358,Solapur,18,Solapur (M Corp.) - Ward 18 -Shaskiya Krida Sankul Radio Station,0,,0,0,,0,0,0,maharashtra
251577,68360,Solapur,19,Solapur (M Corp.) - Ward 19 -Nilam Nagar and Shrmjivi Nagar,0,,0,0,,0,0,0,maharashtra
251577,68362,Solapur,20,Solapur (M Corp.) - Ward 20 -Parshi Vihir Swagat Nagar,0,,0,0,,0,0,0,maharashtra
251577,68364,Solapur,21,Solapur (M Corp.) - Ward 21 -Mohite Nagar Sahara Nagar Gurunanak Nagar,0,,0,0,,0,0,0,maharashtra
251577,68366,Solapur,22,Solapur (M Corp.) - Ward 22 -Ramwadi Limyewadi Revansiddheshwar Mandir.,0,,0,0,,0,0,0,maharashtra
251577,68368,Solapur,23,Solapur (M Corp.) - Ward 23 -Salgar Vasti Nirmiti Vihar Rajaswa Nagar Soregaon Pratap Nagar,0,,0,0,,0,0,0,maharashtra
251577,68370,Solapur,24,Solapur (M Corp.) - Ward 24 -Sambhaji Talav D Mart I.T.I Jule Solapur (Part) and Area etc.,0,,0,0,,0,0,0,maharashtra
251577,68372,Solapur,25,Solapur (M Corp.) - Ward 25 -Air Port Hatture Vasti Siddheshwar Shugar Factory.,0,,0,0,,0,0,0,maharashtra
251577,68374,Solapur,26,Solapur (M Corp.) - Ward 26 -Kalyan Nagar S.R.P. Camp Kumthe Gaothan,0,,0,0,,0,0,0,maharashtra
251419,47641,Sonpeth,1,Ward No.1,0,,0,0,,0,0,0,maharashtra
251419,47642,Sonpeth,2,Ward No.2,0,,0,0,,0,0,0,maharashtra
251419,47643,Sonpeth,3,Ward No.3,0,,0,0,,0,0,0,maharashtra
251419,47644,Sonpeth,4,Ward No.4,0,,0,0,,0,0,0,maharashtra
251419,47645,Sonpeth,5,Ward No.5,0,,0,0,,0,0,0,maharashtra
251419,47646,Sonpeth,6,Ward No.6,0,,0,0,,0,0,0,maharashtra
251419,47647,Sonpeth,7,Ward No.7,0,,0,0,,0,0,0,maharashtra
251419,47648,Sonpeth,8,Ward No.8,0,,0,0,,0,0,0,maharashtra
251436,47862,Soyagaon,1,Ward No.1,0,,0,0,,0,0,0,maharashtra
251436,3257574,Soyagaon,10,Ward No. 10,0,,0,0,,0,0,0,maharashtra
251436,3257575,Soyagaon,11,Ward No. 11,0,,0,0,,0,0,0,maharashtra
251436,3257576,Soyagaon,12,Ward No. 12,0,,0,0,,0,0,0,maharashtra
251436,3257577,Soyagaon,13,Ward No. 13,0,,0,0,,0,0,0,maharashtra
251436,3257578,Soyagaon,14,Ward No. 14,0,,0,0,,0,0,0,maharashtra
251436,3257579,Soyagaon,15,Ward No. 15,0,,0,0,,0,0,0,maharashtra
251436,3257580,Soyagaon,16,Ward No. 16,0,,0,0,,0,0,0,maharashtra
251436,3257581,Soyagaon,17,Ward No. 17,0,,0,0,,0,0,0,maharashtra
251436,3257566,Soyagaon,2,Ward No.2,0,,0,0,,0,0,0,maharashtra
251436,3257567,Soyagaon,3,Ward No.3,0,,0,0,,0,0,0,maharashtra
251436,3257568,Soyagaon,4,Ward No.4,0,,0,0,,0,0,0,maharashtra
251436,3257569,Soyagaon,5,Ward No.5,0,,0,0,,0,0,0,maharashtra
251436,3257570,Soyagaon,6,Ward No. 6,0,,0,0,,0,0,0,maharashtra
251436,3257571,Soyagaon,7,Ward No. 7,0,,0,0,,0,0,0,maharashtra
251436,3257572,Soyagaon,8,Ward No. 8,0,,0,0,,0,0,0,maharashtra
251436,3257573,Soyagaon,9,Ward No. 9,0,,0,0,,0,0,0,maharashtra
251434,2318287,Surgana,2,Azad Lane,0,,0,0,,0,0,0,maharashtra
251434,2318300,Surgana,15,Davakhana Pada,0,,0,0,,0,0,0,maharashtra
251434,2318292,Surgana,7,Gandhinagar Adjescent Vasti,0,,0,0,,0,0,0,maharashtra
251434,2318301,Surgana,16,Holi Chauk Vasti,0,,0,0,,0,0,0,maharashtra
251434,2318288,Surgana,3,Hospital Road Area,0,,0,0,,0,0,0,maharashtra
251434,2318289,Surgana,4,Khatik Galli Area,0,,0,0,,0,0,0,maharashtra
251434,2318302,Surgana,17,Khokartala Marathi School South Area,0,,0,0,,0,0,0,maharashtra
251434,2318293,Surgana,8,Khokartala Vasti,0,,0,0,,0,0,0,maharashtra
251434,47844,Surgana,1,Marathi School Road,0,,0,0,,0,0,0,maharashtra
251434,2318294,Surgana,9,Masjid Adjescent Vasti,0,,0,0,,0,0,0,maharashtra
251434,2318299,Surgana,14,Nashik Road Adjescent Vasti,0,,0,0,,0,0,0,maharashtra
251434,2318296,Surgana,11,Panchal Galli Vasti,0,,0,0,,0,0,0,maharashtra
251434,2318295,Surgana,10,Panchayat Samiti Road Vasti,0,,0,0,,0,0,0,maharashtra
251434,2318290,Surgana,5,Ratan Chaudhari House East Side Area,0,,0,0,,0,0,0,maharashtra
251434,2318297,Surgana,12,Shanti Nagar,0,,0,0,,0,0,0,maharashtra
251434,2318298,Surgana,13,Shanti Nagar East Road,0,,0,0,,0,0,0,maharashtra
251434,2318291,Surgana,6,Yatra Maal Mahadeo Temple Area,0,,0,0,,0,0,0,maharashtra
276270,1306438,Tala,16,Ambeli Aadivasiwadi,0,,0,0,,0,0,0,maharashtra
276270,1306424,Tala,2,Anandwadi,0,,0,0,,0,0,0,maharashtra
276270,1306425,Tala,3,Bamanghar,0,,0,0,,0,0,0,maharashtra
276270,1306437,Tala,15,Bhoirwadi,0,,0,0,,0,0,0,maharashtra
276270,1306435,Tala,13,Boudhwadi - Samarth Nagar,0,,0,0,,0,0,0,maharashtra
276270,1306436,Tala,14,Fondalwadi - Met Mohalla,0,,0,0,,0,0,0,maharashtra
276270,1306429,Tala,7,Jogwadi,0,,0,0,,0,0,0,maharashtra
276270,1306428,Tala,6,Kasar Aali,0,,0,0,,0,0,0,maharashtra
276270,1306431,Tala,9,Madhali Aali,0,,0,0,,0,0,0,maharashtra
276270,1306434,Tala,12,Parit Aali,0,,0,0,,0,0,0,maharashtra
276270,1306427,Tala,5,Pusati,0,,0,0,,0,0,0,maharashtra
276270,1306439,Tala,17,Ranechi Wadi,0,,0,0,,0,0,0,maharashtra
276270,1306433,Tala,11,Sant Rohidas Nagar,0,,0,0,,0,0,0,maharashtra
276270,1306432,Tala,10,Sonar Aali - Bazar Peth,0,,0,0,,0,0,0,maharashtra
276270,1306430,Tala,8,Tarne,0,,0,0,,0,0,0,maharashtra
276270,1306423,Tala,1,Vadachi Wadi,0,,0,0,,0,0,0,maharashtra
276270,1306426,Tala,4,Varcha Mohalla,0,,0,0,,0,0,0,maharashtra
276315,1933328,Talasari,1,Talasari (N P) - Ward No.1,0,,0,0,,0,0,0,maharashtra
276315,1933337,Talasari,10,Talasari (N P) - Ward No.10,0,,0,0,,0,0,0,maharashtra
276315,1933338,Talasari,11,Talasari (N P) - Ward No.11,0,,0,0,,0,0,0,maharashtra
276315,1933339,Talasari,12,Talasari (N P) - Ward No.12,0,,0,0,,0,0,0,maharashtra
276315,1933340,Talasari,13,Talasari (N P) - Ward No.13,0,,0,0,,0,0,0,maharashtra
276315,1933341,Talasari,14,Talasari (N P) - Ward No.14,0,,0,0,,0,0,0,maharashtra
276315,1933342,Talasari,15,Talasari (N P) - Ward No.15,0,,0,0,,0,0,0,maharashtra
276315,1933343,Talasari,16,Talasari (N P) - Ward No.16,0,,0,0,,0,0,0,maharashtra
276315,1933344,Talasari,17,Talasari (N P) - Ward No.17,0,,0,0,,0,0,0,maharashtra
276315,1933329,Talasari,2,Talasari (N P) - Ward No.2,0,,0,0,,0,0,0,maharashtra
276315,1933330,Talasari,3,Talasari (N P) - Ward No.3,0,,0,0,,0,0,0,maharashtra
276315,1933331,Talasari,4,Talasari (N P) - Ward No.4,0,,0,0,,0,0,0,maharashtra
276315,1933332,Talasari,5,Talasari (N P) - Ward No.5,0,,0,0,,0,0,0,maharashtra
276315,1933333,Talasari,6,Talasari (N P) - Ward No.6,0,,0,0,,0,0,0,maharashtra
276315,1933334,Talasari,7,Talasari (N P) - Ward No.7,0,,0,0,,0,0,0,maharashtra
276315,1933335,Talasari,8,Talasari (N P) - Ward No.8,0,,0,0,,0,0,0,maharashtra
276315,1933336,Talasari,9,Talasari (N P) - Ward No.9,0,,0,0,,0,0,0,maharashtra
251522,49087,Talegaon Dabhade,1,Talegaon Dabhade (M Cl) Ward No.1,0,,0,0,,0,0,0,maharashtra
251522,49096,Talegaon Dabhade,10,Talegaon Dabhade (M Cl) Ward No.10,0,,0,0,,0,0,0,maharashtra
251522,49097,Talegaon Dabhade,11,Talegaon Dabhade (M Cl) Ward No.11,0,,0,0,,0,0,0,maharashtra
251522,49098,Talegaon Dabhade,12,Talegaon Dabhade (M Cl) Ward No.12,0,,0,0,,0,0,0,maharashtra
251522,49099,Talegaon Dabhade,13,Talegaon Dabhade (M Cl) Ward No.13,0,,0,0,,0,0,0,maharashtra
251522,49088,Talegaon Dabhade,2,Talegaon Dabhade (M Cl) Ward No.2,0,,0,0,,0,0,0,maharashtra
251522,49089,Talegaon Dabhade,3,Talegaon Dabhade (M Cl) Ward No.3,0,,0,0,,0,0,0,maharashtra
251522,49090,Talegaon Dabhade,4,Talegaon Dabhade (M Cl) Ward No.4,0,,0,0,,0,0,0,maharashtra
251522,49091,Talegaon Dabhade,5,Talegaon Dabhade (M Cl) Ward No.5,0,,0,0,,0,0,0,maharashtra
251522,49092,Talegaon Dabhade,6,Talegaon Dabhade (M Cl) Ward No.6,0,,0,0,,0,0,0,maharashtra
251522,49093,Talegaon Dabhade,7,Talegaon Dabhade (M Cl) Ward No.7,0,,0,0,,0,0,0,maharashtra
251522,49094,Talegaon Dabhade,8,Talegaon Dabhade (M Cl) Ward No.8,0,,0,0,,0,0,0,maharashtra
251522,49095,Talegaon Dabhade,9,Talegaon Dabhade (M Cl) Ward No.9,0,,0,0,,0,0,0,maharashtra
251275,50450,Talode,1,Talode (M Cl) - Prabhag Kra.1,0,,0,0,,0,0,0,maharashtra
251275,50451,Talode,2,Talode (M Cl) - Prabhag Kra.2,0,,0,0,,0,0,0,maharashtra
251275,50452,Talode,3,Talode (M Cl) - Prabhag Kra.3,0,,0,0,,0,0,0,maharashtra
251275,50453,Talode,4,Talode (M Cl) - Prabhag Kra.4,0,,0,0,,0,0,0,maharashtra
251275,50454,Talode,5,Talode (M Cl) - Prabhag Kra.5,0,,0,0,,0,0,0,maharashtra
251275,50455,Talode,6,Talode (M Cl) - Prabhag Kra.6,0,,0,0,,0,0,0,maharashtra
251275,50456,Talode,7,Talode (M Cl) - Prabhag Kra.7,0,,0,0,,0,0,0,maharashtra
251275,50457,Talode,8,Talode (M Cl) - Prabhag Kra.8,0,,0,0,,0,0,0,maharashtra
251275,50458,Talode,9,Talode (M Cl) - Prabhag Kra.9,0,,0,0,,0,0,0,maharashtra
251636,75537,Tasgaon,1,Tasgaon (M Cl) Ward No.1,0,,0,0,,0,0,0,maharashtra
251636,75546,Tasgaon,10,Tasgaon (M Cl) Ward No.10,0,,0,0,,0,0,0,maharashtra
251636,75538,Tasgaon,2,Tasgaon (M Cl) Ward No.2,0,,0,0,,0,0,0,maharashtra
251636,75539,Tasgaon,3,Tasgaon (M Cl) Ward No.3,0,,0,0,,0,0,0,maharashtra
251636,75540,Tasgaon,4,Tasgaon (M Cl) Ward No.4,0,,0,0,,0,0,0,maharashtra
251636,75541,Tasgaon,5,Tasgaon (M Cl) Ward No.5,0,,0,0,,0,0,0,maharashtra
251636,75542,Tasgaon,6,Tasgaon (M Cl) Ward No.6,0,,0,0,,0,0,0,maharashtra
251636,75543,Tasgaon,7,Tasgaon (M Cl) Ward No.7,0,,0,0,,0,0,0,maharashtra
251636,75544,Tasgaon,8,Tasgaon (M Cl) Ward No.8,0,,0,0,,0,0,0,maharashtra
251636,75545,Tasgaon,9,Tasgaon (M Cl) Ward No.9,0,,0,0,,0,0,0,maharashtra
251309,3236070,Telhara,10,Telhara(M CI)-Ward No.10,0,,0,0,,0,0,0,maharashtra
251309,3236029,Telhara,9,Telhara(M CI) - ward No.9,0,,0,0,,0,0,0,maharashtra
251309,45518,Telhara,1,Telhara (M Cl) - Ward No.1,0,,0,0,,0,0,0,maharashtra
251309,45519,Telhara,2,Telhara (M Cl) - Ward No.2,0,,0,0,,0,0,0,maharashtra
251309,45520,Telhara,3,Telhara (M Cl) - Ward No.3,0,,0,0,,0,0,0,maharashtra
251309,45521,Telhara,4,Telhara (M Cl) - Ward No.4,0,,0,0,,0,0,0,maharashtra
251309,45522,Telhara,5,Telhara (M Cl) - Ward No.5,0,,0,0,,0,0,0,maharashtra
251309,45523,Telhara,6,Telhara (M Cl) - Ward No.6,0,,0,0,,0,0,0,maharashtra
251309,45524,Telhara,7,Telhara (M Cl) - Ward No.7,0,,0,0,,0,0,0,maharashtra
251309,45708,Telhara,8,Telhara (M Cl) - Ward No.8,0,,0,0,,0,0,0,maharashtra
251471,62737,Thane,1,Thane (M Corp.) - Ward No.1,0,,0,0,,0,0,0,maharashtra
251471,62755,Thane,10,Thane (M Corp.) - Ward No.10,0,,0,0,,0,0,0,maharashtra
251471,62757,Thane,11,Thane (M Corp.) - Ward No.11,0,,0,0,,0,0,0,maharashtra
251471,62759,Thane,12,Thane (M Corp.) - Ward No.12,0,,0,0,,0,0,0,maharashtra
251471,62761,Thane,13,Thane (M Corp.) - Ward No.13,0,,0,0,,0,0,0,maharashtra
251471,2518969,Thane,14,Thane (M Corp.) - Ward No.14,0,,0,0,,0,0,0,maharashtra
251471,2518970,Thane,15,Thane (M Corp.) - Ward No.15,0,,0,0,,0,0,0,maharashtra
251471,2518971,Thane,16,Thane (M Corp.) - Ward No.16,0,,0,0,,0,0,0,maharashtra
251471,2518972,Thane,17,Thane (M Corp.) - Ward No.17,0,,0,0,,0,0,0,maharashtra
251471,2518973,Thane,18,Thane (M Corp.) - Ward No.18,0,,0,0,,0,0,0,maharashtra
251471,2518974,Thane,19,Thane (M Corp.) - Ward No.19,0,,0,0,,0,0,0,maharashtra
251471,62739,Thane,2,Thane (M Corp.) - Ward No.2,0,,0,0,,0,0,0,maharashtra
251471,2518975,Thane,20,Thane (M Corp.) - Ward No.20,0,,0,0,,0,0,0,maharashtra
251471,2518976,Thane,21,Thane (M Corp.) - Ward No.21,0,,0,0,,0,0,0,maharashtra
251471,2518977,Thane,22,Thane (M Corp.) - Ward No.22,0,,0,0,,0,0,0,maharashtra
251471,2518978,Thane,23,Thane (M Corp.) - Ward No.23,0,,0,0,,0,0,0,maharashtra
251471,2518979,Thane,24,Thane (M Corp.) - Ward No.24,0,,0,0,,0,0,0,maharashtra
251471,2518980,Thane,25,Thane (M Corp.) - Ward No.25,0,,0,0,,0,0,0,maharashtra
251471,2518981,Thane,26,Thane (M Corp.) - Ward No.26,0,,0,0,,0,0,0,maharashtra
251471,2518982,Thane,27,Thane (M Corp.) - Ward No.27,0,,0,0,,0,0,0,maharashtra
251471,2518983,Thane,28,Thane (M Corp.) - Ward No.28,0,,0,0,,0,0,0,maharashtra
251471,2518984,Thane,29,Thane (M Corp.) - Ward No.29,0,,0,0,,0,0,0,maharashtra
251471,62741,Thane,3,Thane (M Corp.) - Ward No.3,0,,0,0,,0,0,0,maharashtra
251471,2518985,Thane,30,Thane (M Corp.) - Ward No.30,0,,0,0,,0,0,0,maharashtra
251471,2518986,Thane,31,Thane (M Corp.) - Ward No.31,0,,0,0,,0,0,0,maharashtra
251471,2518987,Thane,32,Thane (M Corp.) - Ward No.32,0,,0,0,,0,0,0,maharashtra
251471,2518988,Thane,33,Thane (M Corp.) - Ward No.33,0,,0,0,,0,0,0,maharashtra
251471,62743,Thane,4,Thane (M Corp.) - Ward No.4,0,,0,0,,0,0,0,maharashtra
251471,62745,Thane,5,Thane (M Corp.) - Ward No.5,0,,0,0,,0,0,0,maharashtra
251471,62747,Thane,6,Thane (M Corp.) - Ward No.6,0,,0,0,,0,0,0,maharashtra
251471,62749,Thane,7,Thane (M Corp.) - Ward No.7,0,,0,0,,0,0,0,maharashtra
251471,62751,Thane,8,Thane (M Corp.) - Ward No.8,0,,0,0,,0,0,0,maharashtra
251471,62753,Thane,9,Thane (M Corp.) - Ward No.9,0,,0,0,,0,0,0,maharashtra
251370,46862,Tirora,1,Municipal Council TiroraWard No 1,0,,0,0,,0,0,0,maharashtra
251370,46863,Tirora,2,Municipal Council Tirora Ward No 2,0,,0,0,,0,0,0,maharashtra
251370,46864,Tirora,3,Municipal Council Tirora Ward No 3,0,,0,0,,0,0,0,maharashtra
251370,46865,Tirora,4,Municipal Council Tirora Ward No 4,0,,0,0,,0,0,0,maharashtra
251370,46866,Tirora,5,Municipal Council Tirora Ward No 5,0,,0,0,,0,0,0,maharashtra
251370,46867,Tirora,6,Municipal Council Tirora Ward No 6,0,,0,0,,0,0,0,maharashtra
251370,46868,Tirora,7,Municipal Council Tirora Ward No 7,0,,0,0,,0,0,0,maharashtra
251370,46869,Tirora,8,Municipal Council Tirora Ward No 8,0,,0,0,,0,0,0,maharashtra
276289,1750638,Tiwsa,1,Tiwsa (N Panchayat) - Ward No 1,0,,0,0,,0,0,0,maharashtra
276289,1750647,Tiwsa,10,Tiwsa (N Panchayat) - Ward No 10,0,,0,0,,0,0,0,maharashtra
276289,1750648,Tiwsa,11,Tiwsa (N Panchayat) - Ward No 11,0,,0,0,,0,0,0,maharashtra
276289,1750649,Tiwsa,12,Tiwsa (N Panchayat) - Ward No 12,0,,0,0,,0,0,0,maharashtra
276289,1750650,Tiwsa,13,Tiwsa (N Panchayat) - Ward No 13,0,,0,0,,0,0,0,maharashtra
276289,1750651,Tiwsa,14,Tiwsa (N Panchayat) - Ward No 14,0,,0,0,,0,0,0,maharashtra
276289,1750652,Tiwsa,15,Tiwsa (N Panchayat) - Ward No 15,0,,0,0,,0,0,0,maharashtra
276289,1750653,Tiwsa,16,Tiwsa (N Panchayat) - Ward No16,0,,0,0,,0,0,0,maharashtra
276289,1750654,Tiwsa,17,Tiwsa (N Panchayat) - Ward No 17,0,,0,0,,0,0,0,maharashtra
276289,1750639,Tiwsa,2,Tiwsa (N Panchayat) - Ward No 2,0,,0,0,,0,0,0,maharashtra
276289,1750640,Tiwsa,3,Tiwsa (N Panchayat) - Ward No 3,0,,0,0,,0,0,0,maharashtra
276289,1750641,Tiwsa,4,Tiwsa (N Panchayat) - Ward No 4,0,,0,0,,0,0,0,maharashtra
276289,1750642,Tiwsa,5,Tiwsa (N Panchayat) - Ward No 5,0,,0,0,,0,0,0,maharashtra
276289,1750643,Tiwsa,6,Tiwsa (N Panchayat) - Ward No 6,0,,0,0,,0,0,0,maharashtra
276289,1750644,Tiwsa,7,Tiwsa (N Panchayat) - Ward No 7,0,,0,0,,0,0,0,maharashtra
276289,1750645,Tiwsa,8,Tiwsa (N Panchayat) - Ward No 8,0,,0,0,,0,0,0,maharashtra
276289,1750646,Tiwsa,9,Tiwsa (N Panchayat) - Ward No 9,0,,0,0,,0,0,0,maharashtra
251441,62121,Trimbak,1,Trimbak (Mu Cl) - Ward No.01,0,,0,0,,0,0,0,maharashtra
251441,62122,Trimbak,2,Trimbak (Mu Cl) - Ward No.02,0,,0,0,,0,0,0,maharashtra
251441,62123,Trimbak,3,Trimbak (Mu Cl) - Ward No.03,0,,0,0,,0,0,0,maharashtra
251441,62124,Trimbak,4,Trimbak (Mu Cl) - Ward No.04,0,,0,0,,0,0,0,maharashtra
251441,62125,Trimbak,5,Trimbak (Mu Cl) - Ward No.05,0,,0,0,,0,0,0,maharashtra
251441,62126,Trimbak,6,Trimbak (Mu Cl) - Ward No.06,0,,0,0,,0,0,0,maharashtra
251441,62127,Trimbak,7,Trimbak (Mu Cl) - Ward No.07,0,,0,0,,0,0,0,maharashtra
251441,62128,Trimbak,8,Trimbak (Mu Cl) - Ward No.08,0,,0,0,,0,0,0,maharashtra
251441,62129,Trimbak,9,Trimbak (Mu Cl) - Ward No.09,0,,0,0,,0,0,0,maharashtra
251441,62130,Trimbak,10,Trimbak (Mu Cl) - Ward No.10,0,,0,0,,0,0,0,maharashtra
251441,62131,Trimbak,11,Trimbak (Mu Cl) - Ward No.11,0,,0,0,,0,0,0,maharashtra
251441,62132,Trimbak,12,Trimbak (Mu Cl) - Ward No.12,0,,0,0,,0,0,0,maharashtra
251441,62133,Trimbak,13,Trimbak (Mu Cl) - Ward No.13,0,,0,0,,0,0,0,maharashtra
251441,62134,Trimbak,14,Trimbak (Mu Cl) - Ward No.14,0,,0,0,,0,0,0,maharashtra
251441,62135,Trimbak,15,Trimbak (Mu Cl) - Ward No.15,0,,0,0,,0,0,0,maharashtra
251441,62136,Trimbak,16,Trimbak (Mu Cl) - Ward No.16,0,,0,0,,0,0,0,maharashtra
251441,62137,Trimbak,17,Trimbak (Mu Cl) - Ward No.17,0,,0,0,,0,0,0,maharashtra
251570,65929,Tuljapur,10,ward no.10 s.t.colony.papanas zopadpatti-dayanand nagar-mauli nagr- waze ploting-lohiya mangal karyalay.,0,,0,0,,0,0,0,maharashtra
251570,65920,Tuljapur,1,ward no.1-khurd tuljapur-sara gourav-pujari mandal-apsinga road brick manufacturing area,0,,0,0,,0,0,0,maharashtra
251570,65921,Tuljapur,2,ward no.2 -laman tanda-sambhaji nagar-vishvas nagar-some area of hadco,0,,0,0,,0,0,0,maharashtra
251570,65922,Tuljapur,3,ward no.3 jijamata nagar-late ploting-dakkalvar galli.,0,,0,0,,0,0,0,maharashtra
251570,65923,Tuljapur,4,ward no.4-maske galli-pandharpurkar galli-manakavati galli-salunke galli.,0,,0,0,,0,0,0,maharashtra
251570,65924,Tuljapur,5,ward no.5 khadkal galli-kane galli-matang nagar-bhosle galli,0,,0,0,,0,0,0,maharashtra
251570,65925,Tuljapur,6,ward no.6 amrutrav galli-aradhavadi-bhim nagar-siddharth nagar-some area of wethal nagar.,0,,0,0,,0,0,0,maharashtra
251570,65926,Tuljapur,7,ward no.7 -charmakar galli-ghatshil road-wadar wada-some area of vetal nagar-bidkar talav.,0,,0,0,,0,0,0,maharashtra
251570,65927,Tuljapur,8,ward no.8 - east mangalvar peth-west mangalvar peth-mulan galli-rawal galli-jawahar galli-ambedkar chowk area.,0,,0,0,,0,0,0,maharashtra
251570,65928,Tuljapur,9,ward no.9 - vasudev galli-wadarwada-papnas zopdpatti-z.p. high school.,0,,0,0,,0,0,0,maharashtra
248079,2302663,Tumsar,1,Tumsar (M Cl) - Ward No. 1,0,,0,0,,0,0,0,maharashtra
248079,2302672,Tumsar,10,Tumsar (M Cl) - Ward No. 10,0,,0,0,,0,0,0,maharashtra
248079,2302664,Tumsar,2,Tumsar (M Cl) - Ward No. 2,0,,0,0,,0,0,0,maharashtra
248079,2302667,Tumsar,5,Tumsar (M Cl) - Ward No. 5,0,,0,0,,0,0,0,maharashtra
248079,2302668,Tumsar,6,Tumsar (M Cl) - Ward No. 6,0,,0,0,,0,0,0,maharashtra
248079,2302669,Tumsar,7,Tumsar (M Cl) - Ward No. 7,0,,0,0,,0,0,0,maharashtra
248079,2302670,Tumsar,8,Tumsar (M Cl) - Ward No. 8,0,,0,0,,0,0,0,maharashtra
248079,2302671,Tumsar,9,Tumsar (M Cl) - Ward No. 9,0,,0,0,,0,0,0,maharashtra
248079,2302673,Tumsar,11,Tumsar (M C) - Ward No. 11,0,,0,0,,0,0,0,maharashtra
248079,2302665,Tumsar,3,Tumsar (M C) - Ward No. 3,0,,0,0,,0,0,0,maharashtra
248079,2302666,Tumsar,4,Tumsar (M C) - Ward No. 4,0,,0,0,,0,0,0,maharashtra
251565,62411,Udgir,16,Ashok Nagar-Yerame Nagar-Shyam Society-Ram Nagar-Shahu Society,0,,0,0,,0,0,0,maharashtra
251565,62400,Udgir,5,Azad Nagar-Aggibaswanna-Vidya Nagar-Gudebag-Hawagi swami Galli-Kumbhar Galli-Kalal Galli,0,,0,0,,0,0,0,maharashtra
251565,62407,Udgir,12,Banshelki raod-nalanda nagar-sant kabir nagar-gopal nagar and part of samata nagar,0,,0,0,,0,0,0,maharashtra
251565,62398,Udgir,3,DabirPura KapaleGalli-Fulari Galli-PinjarGalli-Bhoi Galli,0,,0,0,,0,0,0,maharashtra
251565,62405,Udgir,10,Datta Nagar-Siddharth Society-Chandrama nagar-Govind Nagar-Jai Prakash Nagar,0,,0,0,,0,0,0,maharashtra
251565,62404,Udgir,9,Gandhi nagar-Phule Nagar-Dhangar Society-Sangram Colony-Baagbandi area-Sanjay Nagar,0,,0,0,,0,0,0,maharashtra
251565,62414,Udgir,19,Hanuman Nagar-Mahadev Nagar-jai santoshi mata nagar-yenaki road-krishna nagar-dam road eastern area.,0,,0,0,,0,0,0,maharashtra
251565,62406,Udgir,11,KalaMandir-Musa Nagar-Anand Nagar-Ganga Nagar-Uday Nagar-Harkare Nagar-Hamalwadi-Jaibheem Nagar,0,,0,0,,0,0,0,maharashtra
251565,62397,Udgir,2,Khaja Basha and AllahaBallaha-Gawandi Galli-Lendi Nala-Pinjar Mosque-Nagarkhana Area,0,,0,0,,0,0,0,maharashtra
251565,62401,Udgir,6,Khatik Galli-Khadakali Galli-Mominpura Khankha-Rajmohamad Dargah road,0,,0,0,,0,0,0,maharashtra
251565,62396,Udgir,1,Killa Galli-Annabhau Sathe Nagar-Sherkhan Mohalla-Brahaman Galli-Holi Chowk-Peth Chowk-Peth wes-Phule Nagar-Bauddha Chowk Area,0,,0,0,,0,0,0,maharashtra
251565,62402,Udgir,7,Kunekari Galli-Laad galli-Panchakki Galli-Bhaji Market-Kamali Math Galli-Fadtar line Shahsailani D.R.T Qtr.,0,,0,0,,0,0,0,maharashtra
251565,62399,Udgir,4,Nideban Ves-Azad Nagar-Naik Nagar-Shivshakti Nagar-Alameen Nagar-India Nagar,0,,0,0,,0,0,0,maharashtra
251565,62409,Udgir,14,Nobel colony-Saibaba Temple-Hawagi swami College Backside area-Cloth Market-Sarvodaya Society-police qtr. Shah sailani area part,0,,0,0,,0,0,0,maharashtra
251565,62403,Udgir,8,Parkatti Galli-Brahman Galli-Gawali Galli-Mukkawar Galli-Talwes-Fadtar Line-Saraf Line-Malage Galli-Aathwadi Bazar,0,,0,0,,0,0,0,maharashtra
251565,62410,Udgir,15,Raj mohamad Dargah road-Vikas Nagar-Khatib colony-Church Road-Back side area of court,0,,0,0,,0,0,0,maharashtra
251565,62413,Udgir,18,Rohidas Society-Shivaji Society-Yeshwant Society-Shivnagar-Shrinagar-Mondha road,0,,0,0,,0,0,0,maharashtra
251565,62408,Udgir,13,Samata nagar-ali nagar-hawagi swami-kridangan,0,,0,0,,0,0,0,maharashtra
251565,62412,Udgir,17,Vikas nagar-Shashtri Colony-Reddy Colony-Vivekanand Nagar-Noor Patel Colony-Sahjivan Colony-Vitthal Nagar-Ahilyabai Holkar Garden area,0,,0,0,,0,0,0,maharashtra
251484,62764,Ulhasnagar,1,Ulhasnagar (M Corp.) - Ward No.1,0,,0,0,,0,0,0,maharashtra
251484,63531,Ulhasnagar,10,Ulhasnagar (M Corp.) - Ward No.10,0,,0,0,,0,0,0,maharashtra
251484,63532,Ulhasnagar,11,Ulhasnagar (M Corp.) - Ward No.11,0,,0,0,,0,0,0,maharashtra
251484,63533,Ulhasnagar,12,Ulhasnagar (M Corp.) - Ward No.12,0,,0,0,,0,0,0,maharashtra
251484,63534,Ulhasnagar,13,Ulhasnagar (M Corp.) - Ward No.13,0,,0,0,,0,0,0,maharashtra
251484,63535,Ulhasnagar,14,Ulhasnagar (M Corp.) - Ward No.14,0,,0,0,,0,0,0,maharashtra
251484,63536,Ulhasnagar,15,Ulhasnagar (M Corp.) - Ward No.15,0,,0,0,,0,0,0,maharashtra
251484,63537,Ulhasnagar,16,Ulhasnagar (M Corp.) - Ward No.16,0,,0,0,,0,0,0,maharashtra
251484,63538,Ulhasnagar,17,Ulhasnagar (M Corp.) - Ward No.17,0,,0,0,,0,0,0,maharashtra
251484,63539,Ulhasnagar,18,Ulhasnagar (M Corp.) - Ward No.18,0,,0,0,,0,0,0,maharashtra
251484,63540,Ulhasnagar,19,Ulhasnagar (M Corp.) - Ward No.19,0,,0,0,,0,0,0,maharashtra
251484,62765,Ulhasnagar,2,Ulhasnagar (M Corp.) - Ward No.2,0,,0,0,,0,0,0,maharashtra
251484,63541,Ulhasnagar,20,Ulhasnagar (M Corp.) - Ward No.20,0,,0,0,,0,0,0,maharashtra
251484,63542,Ulhasnagar,21,Ulhasnagar (M Corp.) - Ward No.21,0,,0,0,,0,0,0,maharashtra
251484,63543,Ulhasnagar,22,Ulhasnagar (M Corp.) - Ward No.22,0,,0,0,,0,0,0,maharashtra
251484,63544,Ulhasnagar,23,Ulhasnagar (M Corp.) - Ward No.23,0,,0,0,,0,0,0,maharashtra
251484,63545,Ulhasnagar,24,Ulhasnagar (M Corp.) - Ward No.24,0,,0,0,,0,0,0,maharashtra
251484,63546,Ulhasnagar,25,Ulhasnagar (M Corp.) - Ward No.25,0,,0,0,,0,0,0,maharashtra
251484,63547,Ulhasnagar,26,Ulhasnagar (M Corp.) - Ward No.26,0,,0,0,,0,0,0,maharashtra
251484,63548,Ulhasnagar,27,Ulhasnagar (M Corp.) - Ward No.27,0,,0,0,,0,0,0,maharashtra
251484,63549,Ulhasnagar,28,Ulhasnagar (M Corp.) - Ward No.28,0,,0,0,,0,0,0,maharashtra
251484,63550,Ulhasnagar,29,Ulhasnagar (M Corp.) - Ward No.29,0,,0,0,,0,0,0,maharashtra
251484,62766,Ulhasnagar,3,Ulhasnagar (M Corp.) - Ward No.3,0,,0,0,,0,0,0,maharashtra
251484,63551,Ulhasnagar,30,Ulhasnagar (M Corp.) - Ward No.30,0,,0,0,,0,0,0,maharashtra
251484,63552,Ulhasnagar,31,Ulhasnagar (M Corp.) - Ward No.31,0,,0,0,,0,0,0,maharashtra
251484,63553,Ulhasnagar,32,Ulhasnagar (M Corp.) - Ward No.32,0,,0,0,,0,0,0,maharashtra
251484,63554,Ulhasnagar,33,Ulhasnagar (M Corp.) - Ward No.33,0,,0,0,,0,0,0,maharashtra
251484,55718,Ulhasnagar,34,Ulhasnagar (M Corp.) - Ward No.34,0,,0,0,,0,0,0,maharashtra
251484,55719,Ulhasnagar,35,Ulhasnagar (M Corp.) - Ward No.35,0,,0,0,,0,0,0,maharashtra
251484,55720,Ulhasnagar,36,Ulhasnagar (M Corp.) - Ward No.36,0,,0,0,,0,0,0,maharashtra
251484,55721,Ulhasnagar,37,Ulhasnagar (M Corp.) - Ward No.37,0,,0,0,,0,0,0,maharashtra
251484,55722,Ulhasnagar,38,Ulhasnagar (M Corp.) - Ward No.38,0,,0,0,,0,0,0,maharashtra
251484,55723,Ulhasnagar,39,Ulhasnagar (M Corp.) - Ward No.39,0,,0,0,,0,0,0,maharashtra
251484,63525,Ulhasnagar,4,Ulhasnagar (M Corp.) - Ward No.4,0,,0,0,,0,0,0,maharashtra
251484,55724,Ulhasnagar,40,Ulhasnagar (M Corp.) - Ward No.40,0,,0,0,,0,0,0,maharashtra
251484,55725,Ulhasnagar,41,Ulhasnagar (M Corp.) - Ward No.41,0,,0,0,,0,0,0,maharashtra
251484,55726,Ulhasnagar,42,Ulhasnagar (M Corp.) - Ward No.42,0,,0,0,,0,0,0,maharashtra
251484,55727,Ulhasnagar,43,Ulhasnagar (M Corp.) - Ward No.43,0,,0,0,,0,0,0,maharashtra
251484,55728,Ulhasnagar,44,Ulhasnagar (M Corp.) - Ward No.44,0,,0,0,,0,0,0,maharashtra
251484,55729,Ulhasnagar,45,Ulhasnagar (M Corp.) - Ward No.45,0,,0,0,,0,0,0,maharashtra
251484,55730,Ulhasnagar,46,Ulhasnagar (M Corp.) - Ward No.46,0,,0,0,,0,0,0,maharashtra
251484,55731,Ulhasnagar,47,Ulhasnagar (M Corp.) - Ward No.47,0,,0,0,,0,0,0,maharashtra
251484,55732,Ulhasnagar,48,Ulhasnagar (M Corp.) - Ward No.48,0,,0,0,,0,0,0,maharashtra
251484,55733,Ulhasnagar,49,Ulhasnagar (M Corp.) - Ward No.49,0,,0,0,,0,0,0,maharashtra
251484,63526,Ulhasnagar,5,Ulhasnagar (M Corp.) - Ward No.5,0,,0,0,,0,0,0,maharashtra
251484,55734,Ulhasnagar,50,Ulhasnagar (M Corp.) - Ward No.50,0,,0,0,,0,0,0,maharashtra
251484,55735,Ulhasnagar,51,Ulhasnagar (M Corp.) - Ward No.51,0,,0,0,,0,0,0,maharashtra
251484,55736,Ulhasnagar,52,Ulhasnagar (M Corp.) - Ward No.52,0,,0,0,,0,0,0,maharashtra
251484,55737,Ulhasnagar,53,Ulhasnagar (M Corp.) - Ward No.53,0,,0,0,,0,0,0,maharashtra
251484,55738,Ulhasnagar,54,Ulhasnagar (M Corp.) - Ward No.54,0,,0,0,,0,0,0,maharashtra
251484,55739,Ulhasnagar,55,Ulhasnagar (M Corp.) - Ward No.55,0,,0,0,,0,0,0,maharashtra
251484,55740,Ulhasnagar,56,Ulhasnagar (M Corp.) - Ward No.56,0,,0,0,,0,0,0,maharashtra
251484,55741,Ulhasnagar,57,Ulhasnagar (M Corp.) - Ward No.57,0,,0,0,,0,0,0,maharashtra
251484,55742,Ulhasnagar,58,Ulhasnagar (M Corp.) - Ward No.58,0,,0,0,,0,0,0,maharashtra
251484,55743,Ulhasnagar,59,Ulhasnagar (M Corp.) - Ward No.59,0,,0,0,,0,0,0,maharashtra
251484,63527,Ulhasnagar,6,Ulhasnagar (M Corp.) - Ward No.6,0,,0,0,,0,0,0,maharashtra
251484,55744,Ulhasnagar,60,Ulhasnagar (M Corp.) - Ward No.60,0,,0,0,,0,0,0,maharashtra
251484,55745,Ulhasnagar,61,Ulhasnagar (M Corp.) - Ward No.61,0,,0,0,,0,0,0,maharashtra
251484,55746,Ulhasnagar,62,Ulhasnagar (M Corp.) - Ward No.62,0,,0,0,,0,0,0,maharashtra
251484,55747,Ulhasnagar,63,Ulhasnagar (M Corp.) - Ward No.63,0,,0,0,,0,0,0,maharashtra
251484,55748,Ulhasnagar,64,Ulhasnagar (M Corp.) - Ward No.64,0,,0,0,,0,0,0,maharashtra
251484,55749,Ulhasnagar,65,Ulhasnagar (M Corp.) - Ward No.65,0,,0,0,,0,0,0,maharashtra
251484,55750,Ulhasnagar,66,Ulhasnagar (M Corp.) - Ward No.66,0,,0,0,,0,0,0,maharashtra
251484,55751,Ulhasnagar,67,Ulhasnagar (M Corp.) - Ward No.67,0,,0,0,,0,0,0,maharashtra
251484,55752,Ulhasnagar,68,Ulhasnagar (M Corp.) - Ward No.68,0,,0,0,,0,0,0,maharashtra
251484,55753,Ulhasnagar,69,Ulhasnagar (M Corp.) - Ward No.69,0,,0,0,,0,0,0,maharashtra
251484,63528,Ulhasnagar,7,Ulhasnagar (M Corp.) - Ward No.7,0,,0,0,,0,0,0,maharashtra
251484,2518013,Ulhasnagar,70,Ulhasnagar (M Corp.) - Ward No.70,0,,0,0,,0,0,0,maharashtra
251484,2518014,Ulhasnagar,71,Ulhasnagar (M Corp.) - Ward No.71,0,,0,0,,0,0,0,maharashtra
251484,2518015,Ulhasnagar,72,Ulhasnagar (M Corp.) - Ward No.72,0,,0,0,,0,0,0,maharashtra
251484,2518016,Ulhasnagar,73,Ulhasnagar (M Corp.) - Ward No.73,0,,0,0,,0,0,0,maharashtra
251484,2518017,Ulhasnagar,74,Ulhasnagar (M Corp.) - Ward No.74,0,,0,0,,0,0,0,maharashtra
251484,2518018,Ulhasnagar,75,Ulhasnagar (M Corp.) - Ward No.75,0,,0,0,,0,0,0,maharashtra
251484,2518019,Ulhasnagar,76,Ulhasnagar (M Corp.) - Ward No.76,0,,0,0,,0,0,0,maharashtra
251484,2518020,Ulhasnagar,77,Ulhasnagar (M Corp.) - Ward No.77,0,,0,0,,0,0,0,maharashtra
251484,2518021,Ulhasnagar,78,Ulhasnagar (M Corp.) - Ward No.78,0,,0,0,,0,0,0,maharashtra
251484,63529,Ulhasnagar,8,Ulhasnagar (M Corp.) - Ward No.8,0,,0,0,,0,0,0,maharashtra
251484,63530,Ulhasnagar,9,Ulhasnagar (M Corp.) - Ward No.9,0,,0,0,,0,0,0,maharashtra
251573,65963,Umarga,10,Ward No-10 Husenbasha Galli-Ajay Nagar,0,,0,0,,0,0,0,maharashtra
251573,65964,Umarga,11,Ward No-11 Kumbharpatti,0,,0,0,,0,0,0,maharashtra
251573,65965,Umarga,12,Ward No-12 Sivpuri-Jakapur Colony-Arogya Nagar,0,,0,0,,0,0,0,maharashtra
251573,65954,Umarga,1,Ward No-1 Mahadev Mandir Parisar-Bus Stand,0,,0,0,,0,0,0,maharashtra
251573,65955,Umarga,2,Ward No-2 Bazar Peth-Gautam Nagar-Mashalkar Galli,0,,0,0,,0,0,0,maharashtra
251573,65956,Umarga,3,Ward No-3 Bhim Nagar-Juni Peth-Balaji Mandir,0,,0,0,,0,0,0,maharashtra
251573,65957,Umarga,4,Ward No-4 Bharat Nagar-Hamid Nagar-Kulkarni Plot,0,,0,0,,0,0,0,maharashtra
251573,65958,Umarga,5,Ward No-5 Kale Plot,0,,0,0,,0,0,0,maharashtra
251573,65959,Umarga,6,Ward No-6 Balaji Nagar,0,,0,0,,0,0,0,maharashtra
251573,65960,Umarga,7,Ward No-7 ST Colony-Shasakiya Zopadapatti,0,,0,0,,0,0,0,maharashtra
251573,65961,Umarga,8,Ward No-8 Diggi Road-Karle Plot,0,,0,0,,0,0,0,maharashtra
251573,65962,Umarga,9,Ward No-9 Shastri ngar-Malang Plot,0,,0,0,,0,0,0,maharashtra
251393,60860,Umarkhed,1,Umarkhed (M Cl) Ward No.1,0,,0,0,,0,0,0,maharashtra
251393,60869,Umarkhed,10,Umarkhed (M Cl) Ward No.10,0,,0,0,,0,0,0,maharashtra
251393,60870,Umarkhed,11,Umarkhed (M Cl) Ward No.11,0,,0,0,,0,0,0,maharashtra
251393,60871,Umarkhed,12,Umarkhed (M Cl) Ward No.12,0,,0,0,,0,0,0,maharashtra
251393,60861,Umarkhed,2,Umarkhed (M Cl) Ward No.2,0,,0,0,,0,0,0,maharashtra
251393,60862,Umarkhed,3,Umarkhed (M Cl) Ward No.3,0,,0,0,,0,0,0,maharashtra
251393,60863,Umarkhed,4,Umarkhed (M Cl) Ward No.4,0,,0,0,,0,0,0,maharashtra
251393,60864,Umarkhed,5,Umarkhed (M Cl) Ward No.5,0,,0,0,,0,0,0,maharashtra
251393,60865,Umarkhed,6,Umarkhed (M Cl) Ward No.6,0,,0,0,,0,0,0,maharashtra
251393,60866,Umarkhed,7,Umarkhed (M Cl) Ward No.7,0,,0,0,,0,0,0,maharashtra
251393,60867,Umarkhed,8,Umarkhed (M Cl) Ward No.8,0,,0,0,,0,0,0,maharashtra
251393,60868,Umarkhed,9,Umarkhed (M Cl) Ward No.9,0,,0,0,,0,0,0,maharashtra
251366,59879,Umred,1,Umred (M Cl) Ward No.1,0,,0,0,,0,0,0,maharashtra
251366,59888,Umred,10,Umred (M Cl) Ward No.10,0,,0,0,,0,0,0,maharashtra
251366,59889,Umred,11,Umred (M Cl) Ward No.11,0,,0,0,,0,0,0,maharashtra
251366,59890,Umred,12,Umred (M Cl) Ward No.12,0,,0,0,,0,0,0,maharashtra
251366,59880,Umred,2,Umred (M Cl) Ward No.2,0,,0,0,,0,0,0,maharashtra
251366,59881,Umred,3,Umred (M Cl) Ward No.3,0,,0,0,,0,0,0,maharashtra
251366,59882,Umred,4,Umred (M Cl) Ward No.4,0,,0,0,,0,0,0,maharashtra
251366,59883,Umred,5,Umred (M Cl) Ward No.5,0,,0,0,,0,0,0,maharashtra
251366,59884,Umred,6,Umred (M Cl) Ward No.6,0,,0,0,,0,0,0,maharashtra
251366,59885,Umred,7,Umred (M Cl) Ward No.7,0,,0,0,,0,0,0,maharashtra
251366,59886,Umred,8,Umred (M Cl) Ward No.8,0,,0,0,,0,0,0,maharashtra
251366,59887,Umred,9,Umred (M Cl) Ward No.9,0,,0,0,,0,0,0,maharashtra
251491,49068,Uran,1,Ward No.1,0,,0,0,,0,0,0,maharashtra
251491,3320493,Uran,10,Ward No.10,0,,0,0,,0,0,0,maharashtra
251491,49069,Uran,2,Ward No.2,0,,0,0,,0,0,0,maharashtra
251491,49070,Uran,3,Ward No.3,0,,0,0,,0,0,0,maharashtra
251491,49071,Uran,4,Ward No.4,0,,0,0,,0,0,0,maharashtra
251491,49072,Uran,5,Ward No.5,0,,0,0,,0,0,0,maharashtra
251491,49073,Uran,6,Ward No.6,0,,0,0,,0,0,0,maharashtra
251491,49074,Uran,7,Ward No.7,0,,0,0,,0,0,0,maharashtra
251491,49075,Uran,8,Ward No.8,0,,0,0,,0,0,0,maharashtra
251491,49076,Uran,9,Ward No.9,0,,0,0,,0,0,0,maharashtra
251633,73690,Uran Islampur,1,Uran Islampur (M Cl) Ward No.1,0,,0,0,,0,0,0,maharashtra
251633,73699,Uran Islampur,10,Uran Islampur (M Cl) Ward No.10,0,,0,0,,0,0,0,maharashtra
251633,73700,Uran Islampur,11,Uran Islampur (M Cl) Ward No.11,0,,0,0,,0,0,0,maharashtra
251633,73701,Uran Islampur,12,Uran Islampur (M Cl) Ward No.12,0,,0,0,,0,0,0,maharashtra
251633,73702,Uran Islampur,13,Uran Islampur (M Cl) Ward No.13,0,,0,0,,0,0,0,maharashtra
251633,73703,Uran Islampur,14,Uran Islampur (M Cl) Ward No.14,0,,0,0,,0,0,0,maharashtra
251633,73691,Uran Islampur,2,Uran Islampur (M Cl) Ward No.2,0,,0,0,,0,0,0,maharashtra
251633,73692,Uran Islampur,3,Uran Islampur (M Cl) Ward No.3,0,,0,0,,0,0,0,maharashtra
251633,73693,Uran Islampur,4,Uran Islampur (M Cl) Ward No.4,0,,0,0,,0,0,0,maharashtra
251633,73694,Uran Islampur,5,Uran Islampur (M Cl) Ward No.5,0,,0,0,,0,0,0,maharashtra
251633,73695,Uran Islampur,6,Uran Islampur (M Cl) Ward No.6,0,,0,0,,0,0,0,maharashtra
251633,73696,Uran Islampur,7,Uran Islampur (M Cl) Ward No.7,0,,0,0,,0,0,0,maharashtra
251633,73697,Uran Islampur,8,Uran Islampur (M Cl) Ward No.8,0,,0,0,,0,0,0,maharashtra
251633,73698,Uran Islampur,9,Uran Islampur (M Cl) Ward No.9,0,,0,0,,0,0,0,maharashtra
263834,1304895,Vabhave Vaibhavwadi Nagar Panchayat,1,Ward No.1,0,,0,0,,0,0,0,maharashtra
263834,1304904,Vabhave Vaibhavwadi Nagar Panchayat,10,Ward No. 10,0,,0,0,,0,0,0,maharashtra
263834,1304905,Vabhave Vaibhavwadi Nagar Panchayat,11,Ward No. 11,0,,0,0,,0,0,0,maharashtra
263834,1304906,Vabhave Vaibhavwadi Nagar Panchayat,12,Ward No. 12,0,,0,0,,0,0,0,maharashtra
263834,1304907,Vabhave Vaibhavwadi Nagar Panchayat,13,Ward No. 13,0,,0,0,,0,0,0,maharashtra
263834,1304908,Vabhave Vaibhavwadi Nagar Panchayat,14,Ward No. 14,0,,0,0,,0,0,0,maharashtra
263834,1304909,Vabhave Vaibhavwadi Nagar Panchayat,15,Ward No. 15,0,,0,0,,0,0,0,maharashtra
263834,1304910,Vabhave Vaibhavwadi Nagar Panchayat,16,Ward No. 16,0,,0,0,,0,0,0,maharashtra
263834,1304911,Vabhave Vaibhavwadi Nagar Panchayat,17,Ward No. 17,0,,0,0,,0,0,0,maharashtra
263834,1304896,Vabhave Vaibhavwadi Nagar Panchayat,2,Ward No. 2,0,,0,0,,0,0,0,maharashtra
263834,1304897,Vabhave Vaibhavwadi Nagar Panchayat,3,Ward No. 3,0,,0,0,,0,0,0,maharashtra
263834,1304898,Vabhave Vaibhavwadi Nagar Panchayat,4,Ward No. 4,0,,0,0,,0,0,0,maharashtra
263834,1304899,Vabhave Vaibhavwadi Nagar Panchayat,5,Ward No. 5,0,,0,0,,0,0,0,maharashtra
263834,1304900,Vabhave Vaibhavwadi Nagar Panchayat,6,Ward No. 6,0,,0,0,,0,0,0,maharashtra
263834,1304901,Vabhave Vaibhavwadi Nagar Panchayat,7,Ward No. 7,0,,0,0,,0,0,0,maharashtra
263834,1304902,Vabhave Vaibhavwadi Nagar Panchayat,8,Ward No. 8,0,,0,0,,0,0,0,maharashtra
263834,1304903,Vabhave Vaibhavwadi Nagar Panchayat,9,Ward No. 9,0,,0,0,,0,0,0,maharashtra
251616,73317,Vadgaon Kasba,10,Vadgaon Kasba (M Cl) - Ward No.10,0,,0,0,,0,0,0,maharashtra
251616,73318,Vadgaon Kasba,11,Vadgaon Kasba (M Cl) - Ward No.11,0,,0,0,,0,0,0,maharashtra
251616,73319,Vadgaon Kasba,12,Vadgaon Kasba (M Cl) - Ward No.12,0,,0,0,,0,0,0,maharashtra
251616,73320,Vadgaon Kasba,13,Vadgaon Kasba (M Cl) - Ward No.13,0,,0,0,,0,0,0,maharashtra
251616,73321,Vadgaon Kasba,14,Vadgaon Kasba (M Cl) - Ward No.14,0,,0,0,,0,0,0,maharashtra
251616,73322,Vadgaon Kasba,15,Vadgaon Kasba (M Cl) - Ward No.15,0,,0,0,,0,0,0,maharashtra
251616,73323,Vadgaon Kasba,16,Vadgaon Kasba (M Cl) - Ward No.16,0,,0,0,,0,0,0,maharashtra
251616,73324,Vadgaon Kasba,17,Vadgaon Kasba (M Cl) - Ward No.17,0,,0,0,,0,0,0,maharashtra
251616,73316,Vadgaon Kasba,9,Vadgaon Kasba (M Cl) - Ward No.9,0,,0,0,,0,0,0,maharashtra
251616,73308,Vadgaon Kasba,1,Ward No.1,0,,0,0,,0,0,0,maharashtra
251616,73309,Vadgaon Kasba,2,Ward No.2,0,,0,0,,0,0,0,maharashtra
251616,73310,Vadgaon Kasba,3,Ward No.3,0,,0,0,,0,0,0,maharashtra
251616,73311,Vadgaon Kasba,4,Ward No.4,0,,0,0,,0,0,0,maharashtra
251616,73312,Vadgaon Kasba,5,Ward No.5,0,,0,0,,0,0,0,maharashtra
251616,73313,Vadgaon Kasba,6,Ward No.6,0,,0,0,,0,0,0,maharashtra
251616,73314,Vadgaon Kasba,7,Ward No.7,0,,0,0,,0,0,0,maharashtra
251616,73315,Vadgaon Kasba,8,Ward No.8,0,,0,0,,0,0,0,maharashtra
276637,1306657,Vadgaon Mawal,1,Vadgaon Maval Ward No.1,0,,0,0,,0,0,0,maharashtra
276637,1306666,Vadgaon Mawal,10,Vadgaon Maval Ward No.10,0,,0,0,,0,0,0,maharashtra
276637,1306667,Vadgaon Mawal,11,Vadgaon Maval Ward No.11,0,,0,0,,0,0,0,maharashtra
276637,1306668,Vadgaon Mawal,12,Vadgaon Maval Ward No.12,0,,0,0,,0,0,0,maharashtra
276637,1306669,Vadgaon Mawal,13,Vadgaon Maval Ward No.13,0,,0,0,,0,0,0,maharashtra
276637,1306670,Vadgaon Mawal,14,Vadgaon Maval Ward No.14,0,,0,0,,0,0,0,maharashtra
276637,1306671,Vadgaon Mawal,15,Vadgaon Maval Ward No.15,0,,0,0,,0,0,0,maharashtra
276637,1306672,Vadgaon Mawal,16,Vadgaon Maval Ward No.16,0,,0,0,,0,0,0,maharashtra
276637,1306673,Vadgaon Mawal,17,Vadgaon Maval Ward No.17,0,,0,0,,0,0,0,maharashtra
276637,1306658,Vadgaon Mawal,2,Vadgaon Maval Ward No.2,0,,0,0,,0,0,0,maharashtra
276637,1306659,Vadgaon Mawal,3,Vadgaon Maval Ward No.3,0,,0,0,,0,0,0,maharashtra
276637,1306660,Vadgaon Mawal,4,Vadgaon Maval Ward No.4,0,,0,0,,0,0,0,maharashtra
276637,1306661,Vadgaon Mawal,5,Vadgaon Maval Ward No.5,0,,0,0,,0,0,0,maharashtra
276637,1306662,Vadgaon Mawal,6,Vadgaon Maval Ward No.6,0,,0,0,,0,0,0,maharashtra
276637,1306663,Vadgaon Mawal,7,Vadgaon Maval Ward No.7,0,,0,0,,0,0,0,maharashtra
276637,1306664,Vadgaon Mawal,8,Vadgaon Maval Ward No.8,0,,0,0,,0,0,0,maharashtra
276637,1306665,Vadgaon Mawal,9,Vadgaon Maval Ward No.9,0,,0,0,,0,0,0,maharashtra
276416,1748936,Vaduj,1,Vaduj Nagarpanchayat Ward No.1,0,,0,0,,0,0,0,maharashtra
276416,1748945,Vaduj,10,Vaduj Nagarpanchayat Ward No.10,0,,0,0,,0,0,0,maharashtra
276416,1748946,Vaduj,11,Vaduj Nagarpanchayat Ward No.11,0,,0,0,,0,0,0,maharashtra
276416,1748947,Vaduj,12,Vaduj Nagarpanchayat Ward No.12,0,,0,0,,0,0,0,maharashtra
276416,1748948,Vaduj,13,Vaduj Nagarpanchayat Ward No.13,0,,0,0,,0,0,0,maharashtra
276416,1748949,Vaduj,14,Vaduj Nagarpanchayat Ward No.14,0,,0,0,,0,0,0,maharashtra
276416,1748950,Vaduj,15,Vaduj Nagarpanchayat Ward No.15,0,,0,0,,0,0,0,maharashtra
276416,1748951,Vaduj,16,Vaduj Nagarpanchayat Ward No.16,0,,0,0,,0,0,0,maharashtra
276416,1748952,Vaduj,17,Vaduj Nagarpanchayat Ward No.17,0,,0,0,,0,0,0,maharashtra
276416,1748937,Vaduj,2,Vaduj Nagarpanchayat Ward No. 2,0,,0,0,,0,0,0,maharashtra
276416,1748938,Vaduj,3,Vaduj Nagarpanchayat Ward No.3,0,,0,0,,0,0,0,maharashtra
276416,1748939,Vaduj,4,Vaduj Nagarpanchayat Ward No.4,0,,0,0,,0,0,0,maharashtra
276416,1748940,Vaduj,5,Vaduj Nagarpanchayat Ward No.5,0,,0,0,,0,0,0,maharashtra
276416,1748941,Vaduj,6,Vaduj Nagarpanchayat Ward No.6,0,,0,0,,0,0,0,maharashtra
276416,1748942,Vaduj,7,Vaduj Nagarpanchayat Ward No.7,0,,0,0,,0,0,0,maharashtra
276416,1748943,Vaduj,8,Vaduj Nagarpanchayat Ward No.8,0,,0,0,,0,0,0,maharashtra
276416,1748944,Vaduj,9,Vaduj Nagarpanchayat Ward No.9,0,,0,0,,0,0,0,maharashtra
251431,47809,Vaijapur,1,Ward No.1,0,,0,0,,0,0,0,maharashtra
251431,47818,Vaijapur,10,Ward No.10,0,,0,0,,0,0,0,maharashtra
251431,47819,Vaijapur,11,Ward No.11,0,,0,0,,0,0,0,maharashtra
251431,3318729,Vaijapur,12,Ward No.12,0,,0,0,,0,0,0,maharashtra
251431,47810,Vaijapur,2,Ward No.2,0,,0,0,,0,0,0,maharashtra
251431,47811,Vaijapur,3,Ward No.3,0,,0,0,,0,0,0,maharashtra
251431,47812,Vaijapur,4,Ward No.4,0,,0,0,,0,0,0,maharashtra
251431,47813,Vaijapur,5,Ward No.5,0,,0,0,,0,0,0,maharashtra
251431,47814,Vaijapur,6,Ward No.6,0,,0,0,,0,0,0,maharashtra
251431,47815,Vaijapur,7,Ward No.7,0,,0,0,,0,0,0,maharashtra
251431,47816,Vaijapur,8,Ward No.8,0,,0,0,,0,0,0,maharashtra
251431,47817,Vaijapur,9,Ward No.9,0,,0,0,,0,0,0,maharashtra
300385,3256031,Vairag,1,Ward No.1,0,,0,0,,0,0,0,maharashtra
300385,3256040,Vairag,10,Ward No.10,0,,0,0,,0,0,0,maharashtra
300385,3256041,Vairag,11,Ward No.11,0,,0,0,,0,0,0,maharashtra
300385,3256042,Vairag,12,Ward No.12,0,,0,0,,0,0,0,maharashtra
300385,3256043,Vairag,13,Ward No.13,0,,0,0,,0,0,0,maharashtra
300385,3256044,Vairag,14,Ward No.14,0,,0,0,,0,0,0,maharashtra
300385,3256045,Vairag,15,Ward No.15,0,,0,0,,0,0,0,maharashtra
300385,3256046,Vairag,16,Ward No.16,0,,0,0,,0,0,0,maharashtra
300385,3256047,Vairag,17,Ward No.17,0,,0,0,,0,0,0,maharashtra
300385,3256032,Vairag,2,Ward No.2,0,,0,0,,0,0,0,maharashtra
300385,3256033,Vairag,3,Ward No.3,0,,0,0,,0,0,0,maharashtra
300385,3256034,Vairag,4,Ward No.4,0,,0,0,,0,0,0,maharashtra
300385,3256035,Vairag,5,Ward No.5,0,,0,0,,0,0,0,maharashtra
300385,3256036,Vairag,6,Ward No.6,0,,0,0,,0,0,0,maharashtra
300385,3256037,Vairag,7,Ward No.7,0,,0,0,,0,0,0,maharashtra
300385,3256038,Vairag,8,Ward No.8,0,,0,0,,0,0,0,maharashtra
300385,3256039,Vairag,9,Ward No.9,0,,0,0,,0,0,0,maharashtra
276273,2324012,Varangaon,1,Varangaon (M Cl) Ward No.1,0,,0,0,,0,0,0,maharashtra
276273,2324021,Varangaon,10,Varangaon (M Cl) Ward No.10,0,,0,0,,0,0,0,maharashtra
276273,2324022,Varangaon,11,Varangaon (M Cl) Ward No.11,0,,0,0,,0,0,0,maharashtra
276273,2324023,Varangaon,12,Varangaon (M Cl) Ward No.12,0,,0,0,,0,0,0,maharashtra
276273,2324024,Varangaon,13,Varangaon (M Cl) Ward No.13,0,,0,0,,0,0,0,maharashtra
276273,2324025,Varangaon,14,Varangaon (M Cl) Ward No.14,0,,0,0,,0,0,0,maharashtra
276273,2324026,Varangaon,15,Varangaon (M Cl) Ward No.15,0,,0,0,,0,0,0,maharashtra
276273,2324027,Varangaon,16,Varangaon (M Cl) Ward No.16,0,,0,0,,0,0,0,maharashtra
276273,2324028,Varangaon,17,Varangaon (M Cl) Ward No.17,0,,0,0,,0,0,0,maharashtra
276273,2324029,Varangaon,18,Varangaon (M Cl) Ward No.18,0,,0,0,,0,0,0,maharashtra
276273,2324013,Varangaon,2,Varangaon (M Cl) Ward No.2,0,,0,0,,0,0,0,maharashtra
276273,2324014,Varangaon,3,Varangaon (M Cl) Ward No.3,0,,0,0,,0,0,0,maharashtra
276273,2324015,Varangaon,4,Varangaon (M Cl) Ward No.4,0,,0,0,,0,0,0,maharashtra
276273,2324016,Varangaon,5,Varangaon (M Cl) Ward No.5,0,,0,0,,0,0,0,maharashtra
276273,2324017,Varangaon,6,Varangaon (M Cl) Ward No.6,0,,0,0,,0,0,0,maharashtra
276273,2324018,Varangaon,7,Varangaon (M Cl) Ward No.7,0,,0,0,,0,0,0,maharashtra
276273,2324019,Varangaon,8,Varangaon (M Cl) Ward No.8,0,,0,0,,0,0,0,maharashtra
276273,2324020,Varangaon,9,Varangaon (M Cl) Ward No.9,0,,0,0,,0,0,0,maharashtra
251463,48093,Vasai-Virar,1,Virar (M Cl) - Ward No.1,0,,0,0,,0,0,0,maharashtra
251463,48102,Vasai-Virar,10,Virar (M Cl) - Ward No.10,0,,0,0,,0,0,0,maharashtra
251463,48103,Vasai-Virar,11,Virar (M Cl) - Ward No.11,0,,0,0,,0,0,0,maharashtra
251463,48104,Vasai-Virar,12,Virar (M Cl) - Ward No.12,0,,0,0,,0,0,0,maharashtra
251463,48105,Vasai-Virar,13,Virar (M Cl) - Ward No.13,0,,0,0,,0,0,0,maharashtra
251463,48106,Vasai-Virar,14,Virar (M Cl) - Ward No.14,0,,0,0,,0,0,0,maharashtra
251463,48107,Vasai-Virar,15,Virar (M Cl) - Ward No.15,0,,0,0,,0,0,0,maharashtra
251463,48108,Vasai-Virar,16,Virar (M Cl) - Ward No.16,0,,0,0,,0,0,0,maharashtra
251463,48109,Vasai-Virar,17,Virar (M Cl) - Ward No.17,0,,0,0,,0,0,0,maharashtra
251463,48110,Vasai-Virar,18,Virar (M Cl) - Ward No.18,0,,0,0,,0,0,0,maharashtra
251463,48111,Vasai-Virar,19,Virar (M Cl) - Ward No.19,0,,0,0,,0,0,0,maharashtra
251463,48094,Vasai-Virar,2,Virar (M Cl) - Ward No.2,0,,0,0,,0,0,0,maharashtra
251463,48112,Vasai-Virar,20,Virar (M Cl) - Ward No.20,0,,0,0,,0,0,0,maharashtra
251463,48113,Vasai-Virar,21,Virar (M Cl) - Ward No.21,0,,0,0,,0,0,0,maharashtra
251463,48114,Vasai-Virar,22,Virar (M Cl) - Ward No.22,0,,0,0,,0,0,0,maharashtra
251463,48115,Vasai-Virar,23,Virar (M Cl) - Ward No.23,0,,0,0,,0,0,0,maharashtra
251463,48116,Vasai-Virar,24,Virar (M Cl) - Ward No.24,0,,0,0,,0,0,0,maharashtra
251463,48117,Vasai-Virar,25,Virar (M Cl) - Ward No.25,0,,0,0,,0,0,0,maharashtra
251463,48118,Vasai-Virar,26,Virar (M Cl) - Ward No.26,0,,0,0,,0,0,0,maharashtra
251463,48095,Vasai-Virar,3,Virar (M Cl) - Ward No.3,0,,0,0,,0,0,0,maharashtra
251463,48096,Vasai-Virar,4,Virar (M Cl) - Ward No.4,0,,0,0,,0,0,0,maharashtra
251463,48097,Vasai-Virar,5,Virar (M Cl) - Ward No.5,0,,0,0,,0,0,0,maharashtra
251463,48098,Vasai-Virar,6,Virar (M Cl) - Ward No.6,0,,0,0,,0,0,0,maharashtra
251463,48099,Vasai-Virar,7,Virar (M Cl) - Ward No.7,0,,0,0,,0,0,0,maharashtra
251463,48100,Vasai-Virar,8,Virar (M Cl) - Ward No.8,0,,0,0,,0,0,0,maharashtra
251463,48101,Vasai-Virar,9,Virar (M Cl) - Ward No.9,0,,0,0,,0,0,0,maharashtra
251611,73198,Vengurla,1,Vengurla (M Cl) - Ward No.1,0,,0,0,,0,0,0,maharashtra
251611,73207,Vengurla,10,Vengurla (M Cl) - Ward No.10,0,,0,0,,0,0,0,maharashtra
251611,73208,Vengurla,11,Vengurla (M Cl) - Ward No.11,0,,0,0,,0,0,0,maharashtra
251611,73209,Vengurla,12,Vengurla (M Cl) - Ward No.12,0,,0,0,,0,0,0,maharashtra
251611,73210,Vengurla,13,Vengurla (M Cl) - Ward No.13,0,,0,0,,0,0,0,maharashtra
251611,73211,Vengurla,14,Vengurla (M Cl) - Ward No.14,0,,0,0,,0,0,0,maharashtra
251611,73212,Vengurla,15,Vengurla (M Cl) - Ward No.15,0,,0,0,,0,0,0,maharashtra
251611,73213,Vengurla,16,Vengurla (M Cl) - Ward No.16,0,,0,0,,0,0,0,maharashtra
251611,73214,Vengurla,17,Vengurla (M Cl) - Ward No.17,0,,0,0,,0,0,0,maharashtra
251611,73199,Vengurla,2,Vengurla (M Cl) - Ward No.2,0,,0,0,,0,0,0,maharashtra
251611,73200,Vengurla,3,Vengurla (M Cl) - Ward No.3,0,,0,0,,0,0,0,maharashtra
251611,73201,Vengurla,4,Vengurla (M Cl) - Ward No.4,0,,0,0,,0,0,0,maharashtra
251611,73202,Vengurla,5,Vengurla (M Cl) - Ward No.5,0,,0,0,,0,0,0,maharashtra
251611,73203,Vengurla,6,Vengurla (M Cl) - Ward No.6,0,,0,0,,0,0,0,maharashtra
251611,73204,Vengurla,7,Vengurla (M Cl) - Ward No.7,0,,0,0,,0,0,0,maharashtra
251611,73205,Vengurla,8,Vengurla (M Cl) - Ward No.8,0,,0,0,,0,0,0,maharashtra
251611,73206,Vengurla,9,Vengurla (M Cl) - Ward No.9,0,,0,0,,0,0,0,maharashtra
276316,1933695,Vikramgad,1,Vikramgad (N P) - Ward No.1,0,,0,0,,0,0,0,maharashtra
276316,1933704,Vikramgad,10,Vikramgad (N P) - Ward No.10,0,,0,0,,0,0,0,maharashtra
276316,1933705,Vikramgad,11,Vikramgad (N P) - Ward No.11,0,,0,0,,0,0,0,maharashtra
276316,1933706,Vikramgad,12,Vikramgad (N P) - Ward No.12,0,,0,0,,0,0,0,maharashtra
276316,1933707,Vikramgad,13,Vikramgad (N P) - Ward No.13,0,,0,0,,0,0,0,maharashtra
276316,1933708,Vikramgad,14,Vikramgad (N P) - Ward No.14,0,,0,0,,0,0,0,maharashtra
276316,1933709,Vikramgad,15,Vikramgad (N P) - Ward No.15,0,,0,0,,0,0,0,maharashtra
276316,1933710,Vikramgad,16,Vikramgad (N P) - Ward No.16,0,,0,0,,0,0,0,maharashtra
276316,1933711,Vikramgad,17,Vikramgad (N P) - Ward No.17,0,,0,0,,0,0,0,maharashtra
276316,1933696,Vikramgad,2,Vikramgad (N P) - Ward No.2,0,,0,0,,0,0,0,maharashtra
276316,1933697,Vikramgad,3,Vikramgad (N P) - Ward No.3,0,,0,0,,0,0,0,maharashtra
276316,1933698,Vikramgad,4,Vikramgad (N P) - Ward No.4,0,,0,0,,0,0,0,maharashtra
276316,1933699,Vikramgad,5,Vikramgad (N P) - Ward No.5,0,,0,0,,0,0,0,maharashtra
276316,1933700,Vikramgad,6,Vikramgad (N P) - Ward No.6,0,,0,0,,0,0,0,maharashtra
276316,1933701,Vikramgad,7,Vikramgad (N P) - Ward No.7,0,,0,0,,0,0,0,maharashtra
276316,1933702,Vikramgad,8,Vikramgad (N P) - Ward No.8,0,,0,0,,0,0,0,maharashtra
276316,1933703,Vikramgad,9,Vikramgad (N P) - Ward No.9,0,,0,0,,0,0,0,maharashtra
251635,73713,Vita,1,Vita (M Cl) Ward No.1,0,,0,0,,0,0,0,maharashtra
251635,75527,Vita,10,Vita (M Cl) Ward No.10,0,,0,0,,0,0,0,maharashtra
251635,75528,Vita,11,Vita (M Cl) Ward No.11,0,,0,0,,0,0,0,maharashtra
251635,75529,Vita,12,Vita (M Cl) Ward No.12,0,,0,0,,0,0,0,maharashtra
251635,73714,Vita,2,Vita (M Cl) Ward No.2,0,,0,0,,0,0,0,maharashtra
251635,73715,Vita,3,Vita (M Cl) Ward No.3,0,,0,0,,0,0,0,maharashtra
251635,73716,Vita,4,Vita (M Cl) Ward No.4,0,,0,0,,0,0,0,maharashtra
251635,73717,Vita,5,Vita (M Cl) Ward No.5,0,,0,0,,0,0,0,maharashtra
251635,75523,Vita,6,Vita (M Cl) Ward No.6,0,,0,0,,0,0,0,maharashtra
251635,75524,Vita,7,Vita (M Cl) Ward No.7,0,,0,0,,0,0,0,maharashtra
251635,75525,Vita,8,Vita (M Cl) Ward No.8,0,,0,0,,0,0,0,maharashtra
251635,75526,Vita,9,Vita (M Cl) Ward No.9,0,,0,0,,0,0,0,maharashtra
276318,1934002,Wada,1,Wada (N P) - Ward No.1,0,,0,0,,0,0,0,maharashtra
276318,1934011,Wada,10,Wada (N P) - Ward No.10,0,,0,0,,0,0,0,maharashtra
276318,1934012,Wada,11,Wada (N P) - Ward No.11,0,,0,0,,0,0,0,maharashtra
276318,1934013,Wada,12,Wada (N P) - Ward No.12,0,,0,0,,0,0,0,maharashtra
276318,1934014,Wada,13,Wada (N P) - Ward No.13,0,,0,0,,0,0,0,maharashtra
276318,1934015,Wada,14,Wada (N P) - Ward No.14,0,,0,0,,0,0,0,maharashtra
276318,1934016,Wada,15,Wada (N P) - Ward No.15,0,,0,0,,0,0,0,maharashtra
276318,1934017,Wada,16,Wada (N P) - Ward No.16,0,,0,0,,0,0,0,maharashtra
276318,1934018,Wada,17,Wada (N P) - Ward No.17,0,,0,0,,0,0,0,maharashtra
276318,1934003,Wada,2,Wada (N P) - Ward No.2,0,,0,0,,0,0,0,maharashtra
276318,1934004,Wada,3,Wada (N P) - Ward No.3,0,,0,0,,0,0,0,maharashtra
276318,1934005,Wada,4,Wada (N P) - Ward No.4,0,,0,0,,0,0,0,maharashtra
276318,1934006,Wada,5,Wada (N P) - Ward No.5,0,,0,0,,0,0,0,maharashtra
276318,1934007,Wada,6,Wada (N P) - Ward No.6,0,,0,0,,0,0,0,maharashtra
276318,1934008,Wada,7,Wada (N P) - Ward No.7,0,,0,0,,0,0,0,maharashtra
276318,1934009,Wada,8,Wada (N P) - Ward No.8,0,,0,0,,0,0,0,maharashtra
276318,1934010,Wada,9,Wada (N P) - Ward No.9,0,,0,0,,0,0,0,maharashtra
277475,3233328,Wadgaon,1,Ward No. 1,0,,0,0,,0,0,0,maharashtra
277475,3233329,Wadgaon,2,Ward No. 2,0,,0,0,,0,0,0,maharashtra
277475,3233330,Wadgaon,3,Ward No. 3,0,,0,0,,0,0,0,maharashtra
277475,3233331,Wadgaon,4,Ward No. 4,0,,0,0,,0,0,0,maharashtra
277475,3233332,Wadgaon,5,Ward No. 5,0,,0,0,,0,0,0,maharashtra
277475,3233333,Wadgaon,6,Ward No. 6,0,,0,0,,0,0,0,maharashtra
277475,3233334,Wadgaon,7,Ward No. 7,0,,0,0,,0,0,0,maharashtra
277475,3233335,Wadgaon,8,Ward No. 8,0,,0,0,,0,0,0,maharashtra
251359,1306903,Wadi,1,Wadi (M Cl) Ward No. 1,0,,0,0,,0,0,0,maharashtra
251359,1306912,Wadi,10,Wadi (M Cl) Ward No. 10,0,,0,0,,0,0,0,maharashtra
251359,1306913,Wadi,11,Wadi (M Cl) Ward No. 11,0,,0,0,,0,0,0,maharashtra
251359,1306914,Wadi,12,Wadi (M Cl) Ward No. 12,0,,0,0,,0,0,0,maharashtra
251359,1306946,Wadi,13,Wadi (M Cl) Ward No. 13,0,,0,0,,0,0,0,maharashtra
251359,1306947,Wadi,14,Wadi (M Cl) Ward No. 14,0,,0,0,,0,0,0,maharashtra
251359,1306948,Wadi,15,Wadi (M Cl) Ward No. 15,0,,0,0,,0,0,0,maharashtra
251359,1306949,Wadi,16,Wadi (M Cl) Ward No. 16,0,,0,0,,0,0,0,maharashtra
251359,1306950,Wadi,17,Wadi (M Cl) Ward No. 17,0,,0,0,,0,0,0,maharashtra
251359,1306951,Wadi,18,Wadi (M Cl) Ward No. 18,0,,0,0,,0,0,0,maharashtra
251359,1306952,Wadi,19,Wadi (M Cl) Ward No. 19,0,,0,0,,0,0,0,maharashtra
251359,1306904,Wadi,2,Wadi (M Cl) Ward No. 2,0,,0,0,,0,0,0,maharashtra
251359,1306953,Wadi,20,Wadi (M Cl) Ward No. 20,0,,0,0,,0,0,0,maharashtra
251359,1306954,Wadi,21,Wadi (M Cl) Ward No. 21,0,,0,0,,0,0,0,maharashtra
251359,1306955,Wadi,22,Wadi (M Cl) Ward No. 22,0,,0,0,,0,0,0,maharashtra
251359,1306956,Wadi,23,Wadi (M Cl) Ward No. 23,0,,0,0,,0,0,0,maharashtra
251359,1306957,Wadi,24,Wadi (M Cl) Ward No. 24,0,,0,0,,0,0,0,maharashtra
251359,1306958,Wadi,25,Wadi (M Cl) Ward No. 25,0,,0,0,,0,0,0,maharashtra
251359,1306905,Wadi,3,Wadi (M Cl) Ward No. 3,0,,0,0,,0,0,0,maharashtra
251359,1306906,Wadi,4,Wadi (M Cl) Ward No. 4,0,,0,0,,0,0,0,maharashtra
251359,1306907,Wadi,5,Wadi (M Cl) Ward No. 5,0,,0,0,,0,0,0,maharashtra
251359,1306908,Wadi,6,Wadi (M Cl) Ward No. 6,0,,0,0,,0,0,0,maharashtra
251359,1306909,Wadi,7,Wadi (M Cl) Ward No. 7,0,,0,0,,0,0,0,maharashtra
251359,1306910,Wadi,8,Wadi (M Cl) Ward No. 8,0,,0,0,,0,0,0,maharashtra
251359,1306911,Wadi,9,Wadi (M Cl) Ward No. 9,0,,0,0,,0,0,0,maharashtra
275731,1839108,Wadvani,1,Wadvani (N P) - Ward No.1,0,,0,0,,0,0,0,maharashtra
275731,1839117,Wadvani,10,Wadvani (N P) - Ward No.10,0,,0,0,,0,0,0,maharashtra
275731,1839118,Wadvani,11,Wadvani (N P) - Ward No.11,0,,0,0,,0,0,0,maharashtra
275731,1839119,Wadvani,12,Wadvani (N P) - Ward No.12,0,,0,0,,0,0,0,maharashtra
275731,1839120,Wadvani,13,Wadvani (N P) - Ward No.13,0,,0,0,,0,0,0,maharashtra
275731,1839121,Wadvani,14,Wadvani (N P) - Ward No.14,0,,0,0,,0,0,0,maharashtra
275731,1839122,Wadvani,15,Wadvani (N P) - Ward No.15,0,,0,0,,0,0,0,maharashtra
275731,1839123,Wadvani,16,Wadvani (N P) - Ward No.16,0,,0,0,,0,0,0,maharashtra
275731,1839124,Wadvani,17,Wadvani (N P) - Ward No.17,0,,0,0,,0,0,0,maharashtra
275731,1839109,Wadvani,2,Wadvani (N P) - Ward No.2,0,,0,0,,0,0,0,maharashtra
275731,1839110,Wadvani,3,Wadvani (N P) - Ward No.3,0,,0,0,,0,0,0,maharashtra
275731,1839111,Wadvani,4,Wadvani (N P) - Ward No.4,0,,0,0,,0,0,0,maharashtra
275731,1839112,Wadvani,5,Wadvani (N P) - Ward No.5,0,,0,0,,0,0,0,maharashtra
275731,1839113,Wadvani,6,Wadvani (N P) - Ward No.6,0,,0,0,,0,0,0,maharashtra
275731,1839114,Wadvani,7,Wadvani (N P) - Ward No.7,0,,0,0,,0,0,0,maharashtra
275731,1839115,Wadvani,8,Wadvani (N P) - Ward No.8,0,,0,0,,0,0,0,maharashtra
275731,1839116,Wadvani,9,Wadvani (N P) - Ward No.9,0,,0,0,,0,0,0,maharashtra
251586,77318,Wai,1,Wai (M Cl) Ward No.1,0,,0,0,,0,0,0,maharashtra
251586,77327,Wai,10,Wai (M Cl) Ward No.10,0,,0,0,,0,0,0,maharashtra
251586,77319,Wai,2,Wai (M Cl) Ward No.2,0,,0,0,,0,0,0,maharashtra
251586,77320,Wai,3,Wai (M Cl) Ward No.3,0,,0,0,,0,0,0,maharashtra
251586,77321,Wai,4,Wai (M Cl) Ward No.4,0,,0,0,,0,0,0,maharashtra
251586,77322,Wai,5,Wai (M Cl) Ward No.5,0,,0,0,,0,0,0,maharashtra
251586,77323,Wai,6,Wai (M Cl) Ward No.6,0,,0,0,,0,0,0,maharashtra
251586,77324,Wai,7,Wai (M Cl) Ward No.7,0,,0,0,,0,0,0,maharashtra
251586,77325,Wai,8,Wai (M Cl) Ward No.8,0,,0,0,,0,0,0,maharashtra
251586,77326,Wai,9,Wai (M Cl) Ward No.9,0,,0,0,,0,0,0,maharashtra
251363,59873,Wanadongri,1,Wanadongri (M Cl) Ward No. 1,0,,0,0,,0,0,0,maharashtra
251363,1306921,Wanadongri,10,Wanadongri (M Cl) Ward No. 10,0,,0,0,,0,0,0,maharashtra
251363,59874,Wanadongri,2,Wanadongri (M Cl) Ward No..2,0,,0,0,,0,0,0,maharashtra
251363,59875,Wanadongri,3,Wanadongri (M Cl) Ward No. 3,0,,0,0,,0,0,0,maharashtra
251363,59876,Wanadongri,4,Wanadongri (M Cl) Ward No. 4,0,,0,0,,0,0,0,maharashtra
251363,59877,Wanadongri,5,Wanadongri (M Cl) Ward No. 5,0,,0,0,,0,0,0,maharashtra
251363,59878,Wanadongri,6,Wanadongri (M Cl) Ward No. 6,0,,0,0,,0,0,0,maharashtra
251363,1306918,Wanadongri,7,Wanadongri (M Cl) Ward No. 7,0,,0,0,,0,0,0,maharashtra
251363,1306919,Wanadongri,8,Wanadongri (M Cl) Ward No. 8,0,,0,0,,0,0,0,maharashtra
251363,1306920,Wanadongri,9,Wanadongri (M Cl) Ward No. 9,0,,0,0,,0,0,0,maharashtra
251397,47231,Wani,1,Wani (M Cl) Ward No.1,0,,0,0,,0,0,0,maharashtra
251397,47240,Wani,10,Wani (M Cl) Ward No.10,0,,0,0,,0,0,0,maharashtra
251397,47241,Wani,11,Wani (M Cl) Ward No.11,0,,0,0,,0,0,0,maharashtra
251397,47242,Wani,12,Wani (M Cl) Ward No.12,0,,0,0,,0,0,0,maharashtra
251397,47243,Wani,13,Wani (M Cl) Ward No.13,0,,0,0,,0,0,0,maharashtra
251397,3257163,Wani,14,Wani (M Cl) Ward No.14,0,,0,0,,0,0,0,maharashtra
251397,47232,Wani,2,Wani (M Cl) Ward No.2,0,,0,0,,0,0,0,maharashtra
251397,47233,Wani,3,Wani (M Cl) Ward No.3,0,,0,0,,0,0,0,maharashtra
251397,47234,Wani,4,Wani (M Cl) Ward No.4,0,,0,0,,0,0,0,maharashtra
251397,47235,Wani,5,Wani (M Cl) Ward No.5,0,,0,0,,0,0,0,maharashtra
251397,47236,Wani,6,Wani (M Cl) Ward No.6,0,,0,0,,0,0,0,maharashtra
251397,47237,Wani,7,Wani (M Cl) Ward No.7,0,,0,0,,0,0,0,maharashtra
251397,47238,Wani,8,Wani (M Cl) Ward No.8,0,,0,0,,0,0,0,maharashtra
251397,47239,Wani,9,Wani (M Cl) Ward No.9,0,,0,0,,0,0,0,maharashtra
251334,46137,Wardha,1,Wardha (M Cl) Ward No.1,0,,0,0,,0,0,0,maharashtra
251334,46146,Wardha,10,Wardha (M Cl) Ward No.10,0,,0,0,,0,0,0,maharashtra
251334,46147,Wardha,11,Wardha (M Cl) Ward No.11,0,,0,0,,0,0,0,maharashtra
251334,46148,Wardha,12,Wardha (M Cl) Ward No.12,0,,0,0,,0,0,0,maharashtra
251334,46149,Wardha,13,Wardha (M Cl) Ward No.13,0,,0,0,,0,0,0,maharashtra
251334,46150,Wardha,14,Wardha (M Cl) Ward No.14,0,,0,0,,0,0,0,maharashtra
251334,46151,Wardha,15,Wardha (M Cl) Ward No.15,0,,0,0,,0,0,0,maharashtra
251334,46152,Wardha,16,Wardha (M Cl) Ward No.16,0,,0,0,,0,0,0,maharashtra
251334,46153,Wardha,17,Wardha (M Cl) Ward No.17,0,,0,0,,0,0,0,maharashtra
251334,46154,Wardha,18,Wardha (M Cl) Ward No.18,0,,0,0,,0,0,0,maharashtra
251334,46155,Wardha,19,Wardha (M Cl) Ward No.19,0,,0,0,,0,0,0,maharashtra
251334,46138,Wardha,2,Wardha (M Cl) Ward No.2,0,,0,0,,0,0,0,maharashtra
251334,46139,Wardha,3,Wardha (M Cl) Ward No.3,0,,0,0,,0,0,0,maharashtra
251334,46140,Wardha,4,Wardha (M Cl) Ward No.4,0,,0,0,,0,0,0,maharashtra
251334,46141,Wardha,5,Wardha (M Cl) Ward No.5,0,,0,0,,0,0,0,maharashtra
251334,46142,Wardha,6,Wardha (M Cl) Ward No.6,0,,0,0,,0,0,0,maharashtra
251334,46143,Wardha,7,Wardha (M Cl) Ward No.7,0,,0,0,,0,0,0,maharashtra
251334,46144,Wardha,8,Wardha (M Cl) Ward No.8,0,,0,0,,0,0,0,maharashtra
251334,46145,Wardha,9,Wardha (M Cl) Ward No.9,0,,0,0,,0,0,0,maharashtra
251376,2312063,Warora,2,Dr. Babasaheb Ambedkar Prabhag No 2,0,,0,0,,0,0,0,maharashtra
251376,2312071,Warora,10,Dr. Rajendra Prasad Prabhag No 10,0,,0,0,,0,0,0,maharashtra
251376,2312069,Warora,8,Jijamata Prabhag No 8,0,,0,0,,0,0,0,maharashtra
251376,2312072,Warora,11,Kamla Nehru Prabhag No 11,0,,0,0,,0,0,0,maharashtra
251376,2312064,Warora,3,Lokmanya Tilak Prabhag No 3,0,,0,0,,0,0,0,maharashtra
251376,2312066,Warora,5,Mahatma Jyotiba Fule Prabhag No 5,0,,0,0,,0,0,0,maharashtra
251376,2312062,Warora,1,Malviy Prabhag No 1,0,,0,0,,0,0,0,maharashtra
251376,2312070,Warora,9,Maulana Azad Prabhag No 9,0,,0,0,,0,0,0,maharashtra
251376,2312068,Warora,7,Santa Gadgebaba Prabhag No 7,0,,0,0,,0,0,0,maharashtra
251376,2312065,Warora,4,Shahid Baburao Shedmake Prabhag No 4,0,,0,0,,0,0,0,maharashtra
251376,2312067,Warora,6,Shivaji Prabhag No 6,0,,0,0,,0,0,0,maharashtra
251376,2312073,Warora,12,Subhash Prabhag No 12,0,,0,0,,0,0,0,maharashtra
251326,45952,Warud,1,Warud (M Cl) - Ward No. 1,0,,0,0,,0,0,0,maharashtra
251326,45961,Warud,10,Warud (M Cl) - Ward No. 10,0,,0,0,,0,0,0,maharashtra
251326,45962,Warud,11,Warud (M Cl) - Ward No. 11,0,,0,0,,0,0,0,maharashtra
251326,45963,Warud,12,Warud (M Cl) - Ward No. 12,0,,0,0,,0,0,0,maharashtra
251326,3241717,Warud,13,Warud (M Cl) - Ward No. 13,0,,0,0,,0,0,0,maharashtra
251326,45953,Warud,2,Warud (M Cl) - Ward No. 2,0,,0,0,,0,0,0,maharashtra
251326,45954,Warud,3,Warud (M Cl) - Ward No. 3,0,,0,0,,0,0,0,maharashtra
251326,45955,Warud,4,Warud (M Cl) - Ward No. 4,0,,0,0,,0,0,0,maharashtra
251326,45956,Warud,5,Warud (M Cl) - Ward No. 5,0,,0,0,,0,0,0,maharashtra
251326,45957,Warud,6,Warud (M Cl) - Ward No. 6,0,,0,0,,0,0,0,maharashtra
251326,45958,Warud,7,Warud (M Cl) - Ward No. 7,0,,0,0,,0,0,0,maharashtra
251326,45959,Warud,8,Warud (M Cl) - Ward No. 8,0,,0,0,,0,0,0,maharashtra
251326,45960,Warud,9,Warud (M Cl) - Ward No. 9,0,,0,0,,0,0,0,maharashtra
276312,3257661,Washi,10,Ward No.10 Tapovan bhag,0,,0,0,,0,0,0,maharashtra
276312,3257662,Washi,11,Ward No.11 Ghumtacha fad,0,,0,0,,0,0,0,maharashtra
276312,3257663,Washi,12,Ward No.12 Bramhan galli,0,,0,0,,0,0,0,maharashtra
276312,3257664,Washi,13,Ward No.13 kawade galli and Chede galli,0,,0,0,,0,0,0,maharashtra
276312,3257665,Washi,14,Ward No.14 shivaji Nagar North Zone,0,,0,0,,0,0,0,maharashtra
276312,3257666,Washi,15,Ward No.15 Unadre Galli,0,,0,0,,0,0,0,maharashtra
276312,3257667,Washi,16,Ward No.16 JuniHaveli north Side,0,,0,0,,0,0,0,maharashtra
276312,3257668,Washi,17,Ward No.17 Sathe Nagar,0,,0,0,,0,0,0,maharashtra
276312,3257652,Washi,1,Ward No.1 Shivshakti Nagar,0,,0,0,,0,0,0,maharashtra
276312,3257653,Washi,2,Ward No.2 Kawadewadi,0,,0,0,,0,0,0,maharashtra
276312,3257654,Washi,3,Ward No.3 Indira Nagar,0,,0,0,,0,0,0,maharashtra
276312,3257655,Washi,4,Ward No.4 Technical Shala,0,,0,0,,0,0,0,maharashtra
276312,3257656,Washi,5,Ward No.5 Bhimnagar Main,0,,0,0,,0,0,0,maharashtra
276312,3257657,Washi,6,Ward No.6 Shivaji Nagar South Zone,0,,0,0,,0,0,0,maharashtra
276312,3257658,Washi,7,Ward No.7 Bajar samiti te loni bhag,0,,0,0,,0,0,0,maharashtra
276312,3257659,Washi,8,Ward No.8 Kelewadi,0,,0,0,,0,0,0,maharashtra
276312,3257660,Washi,9,Ward No.9 Ramnagar,0,,0,0,,0,0,0,maharashtra
251319,2322949,Washim,01,Washim(M Cl)- Ward No. 01,0,,0,0,,0,0,0,maharashtra
251319,2322950,Washim,02,Washim(M Cl)- Ward No. 02,0,,0,0,,0,0,0,maharashtra
251319,2322951,Washim,03,Washim(M Cl)- Ward No. 03,0,,0,0,,0,0,0,maharashtra
251319,2322952,Washim,04,Washim(M Cl)- Ward No. 04,0,,0,0,,0,0,0,maharashtra
251319,2322953,Washim,05,Washim(M Cl)- Ward No. 05,0,,0,0,,0,0,0,maharashtra
251319,2322954,Washim,06,Washim(M Cl)- Ward No. 06,0,,0,0,,0,0,0,maharashtra
251319,2322955,Washim,07,Washim(M Cl)- Ward No. 07,0,,0,0,,0,0,0,maharashtra
251319,2322956,Washim,08,Washim(M Cl)- Ward No. 08,0,,0,0,,0,0,0,maharashtra
251319,2322957,Washim,09,Washim(M Cl)- Ward No. 09,0,,0,0,,0,0,0,maharashtra
251319,2322958,Washim,10,Washim(M Cl)- Ward No.10,0,,0,0,,0,0,0,maharashtra
251319,2322959,Washim,11,Washim(M Cl)- Ward No. 11,0,,0,0,,0,0,0,maharashtra
251319,2322960,Washim,12,Washim(M Cl)- Ward No. 12,0,,0,0,,0,0,0,maharashtra
251319,2322961,Washim,13,Washim(M Cl)- Ward No. 13,0,,0,0,,0,0,0,maharashtra
251319,2322962,Washim,14,Washim(M Cl)- Ward No. 14,0,,0,0,,0,0,0,maharashtra
251319,2322963,Washim,15,Washim(M Cl)- Ward No. 15,0,,0,0,,0,0,0,maharashtra
251386,47129,Yavatmal,1,Yavatmal (M Cl) Ward No.1,0,,0,0,,0,0,0,maharashtra
251386,47138,Yavatmal,10,Yavatmal (M Cl) Ward No.10,0,,0,0,,0,0,0,maharashtra
251386,47139,Yavatmal,11,Yavatmal (M Cl) Ward No.11,0,,0,0,,0,0,0,maharashtra
251386,47140,Yavatmal,12,Yavatmal (M Cl) Ward No.12,0,,0,0,,0,0,0,maharashtra
251386,47141,Yavatmal,13,Yavatmal (M Cl) Ward No.13,0,,0,0,,0,0,0,maharashtra
251386,47142,Yavatmal,14,Yavatmal (M Cl) Ward No.14,0,,0,0,,0,0,0,maharashtra
251386,47143,Yavatmal,15,Yavatmal (M Cl) Ward No.15,0,,0,0,,0,0,0,maharashtra
251386,47144,Yavatmal,16,Yavatmal (M Cl) Ward No.16,0,,0,0,,0,0,0,maharashtra
251386,47145,Yavatmal,17,Yavatmal (M Cl) Ward No.17,0,,0,0,,0,0,0,maharashtra
251386,47146,Yavatmal,18,Yavatmal (M Cl) Ward No.18,0,,0,0,,0,0,0,maharashtra
251386,47147,Yavatmal,19,Yavatmal (M Cl) Ward No.19,0,,0,0,,0,0,0,maharashtra
251386,47130,Yavatmal,2,Yavatmal (M Cl) Ward No.2,0,,0,0,,0,0,0,maharashtra
251386,47148,Yavatmal,20,Yavatmal (M Cl) Ward No.20,0,,0,0,,0,0,0,maharashtra
251386,47149,Yavatmal,21,Yavatmal (M Cl) Ward No.21,0,,0,0,,0,0,0,maharashtra
251386,47150,Yavatmal,22,Yavatmal (M Cl) Ward No.22,0,,0,0,,0,0,0,maharashtra
251386,47151,Yavatmal,23,Yavatmal (M Cl) Ward No.23,0,,0,0,,0,0,0,maharashtra
251386,47152,Yavatmal,24,Yavatmal (M Cl) Ward No.24,0,,0,0,,0,0,0,maharashtra
251386,47153,Yavatmal,25,Yavatmal (M Cl) Ward No.25,0,,0,0,,0,0,0,maharashtra
251386,47154,Yavatmal,26,Yavatmal (M Cl) Ward No.26,0,,0,0,,0,0,0,maharashtra
251386,47155,Yavatmal,27,Yavatmal (M Cl) Ward No.27,0,,0,0,,0,0,0,maharashtra
251386,47156,Yavatmal,28,Yavatmal (M Cl) Ward No.28,0,,0,0,,0,0,0,maharashtra
251386,3257331,Yavatmal,29,Yavatmal (M Cl) Ward No.29,0,,0,0,,0,0,0,maharashtra
251386,47131,Yavatmal,3,Yavatmal (M Cl) Ward No.3,0,,0,0,,0,0,0,maharashtra
251386,47132,Yavatmal,4,Yavatmal (M Cl) Ward No.4,0,,0,0,,0,0,0,maharashtra
251386,47133,Yavatmal,5,Yavatmal (M Cl) Ward No.5,0,,0,0,,0,0,0,maharashtra
251386,47134,Yavatmal,6,Yavatmal (M Cl) Ward No.6,0,,0,0,,0,0,0,maharashtra
251386,47135,Yavatmal,7,Yavatmal (M Cl) Ward No.7,0,,0,0,,0,0,0,maharashtra
251386,47136,Yavatmal,8,Yavatmal (M Cl) Ward No.8,0,,0,0,,0,0,0,maharashtra
251386,47137,Yavatmal,9,Yavatmal (M Cl) Ward No.9,0,,0,0,,0,0,0,maharashtra
251284,149777,Yawal,215,Ward No 215,478,Jalgaon,499,3961,Yawal,3961,0,0,maharashtra
251284,149781,Yawal,216,Ward No 216,478,Jalgaon,499,3961,Yawal,3961,0,0,maharashtra
251284,149787,Yawal,217,Ward No 217,478,Jalgaon,499,3961,Yawal,3961,0,0,maharashtra
251284,149794,Yawal,218,Ward No 218,478,Jalgaon,499,3961,Yawal,3961,0,0,maharashtra
251284,149804,Yawal,219,Ward No 219,478,Jalgaon,499,3961,Yawal,3961,0,0,maharashtra
251284,149816,Yawal,220,Ward No 220,478,Jalgaon,499,3961,Yawal,3961,0,0,maharashtra
251284,50838,Yawal,1,Yawal (M Cl) - Ward No.1,0,,0,0,,0,0,0,maharashtra
251284,50847,Yawal,10,Yawal (M Cl) - Ward No.10,0,,0,0,,0,0,0,maharashtra
251284,50848,Yawal,11,Yawal (M Cl) - Ward No.11,0,,0,0,,0,0,0,maharashtra
251284,50849,Yawal,12,Yawal (M Cl) - Ward No.12,0,,0,0,,0,0,0,maharashtra
251284,50850,Yawal,13,Yawal (M Cl) - Ward No.13,0,,0,0,,0,0,0,maharashtra
251284,50851,Yawal,14,Yawal (M Cl) - Ward No.14,0,,0,0,,0,0,0,maharashtra
251284,50852,Yawal,15,Yawal (M Cl) - Ward No.15,0,,0,0,,0,0,0,maharashtra
251284,50853,Yawal,16,Yawal (M Cl) - Ward No.16,0,,0,0,,0,0,0,maharashtra
251284,50854,Yawal,17,Yawal (M Cl) - Ward No.17,0,,0,0,,0,0,0,maharashtra
251284,50855,Yawal,18,Yawal (M Cl) - Ward No.18,0,,0,0,,0,0,0,maharashtra
251284,50839,Yawal,2,Yawal (M Cl) - Ward No.2,0,,0,0,,0,0,0,maharashtra
251284,50840,Yawal,3,Yawal (M Cl) - Ward No.3,0,,0,0,,0,0,0,maharashtra
251284,50841,Yawal,4,Yawal (M Cl) - Ward No.4,0,,0,0,,0,0,0,maharashtra
251284,50842,Yawal,5,Yawal (M Cl) - Ward No.5,0,,0,0,,0,0,0,maharashtra
251284,50843,Yawal,6,Yawal (M Cl) - Ward No.6,0,,0,0,,0,0,0,maharashtra
251284,50844,Yawal,7,Yawal (M Cl) - Ward No.7,0,,0,0,,0,0,0,maharashtra
251284,50845,Yawal,8,Yawal (M Cl) - Ward No.8,0,,0,0,,0,0,0,maharashtra
251284,50846,Yawal,9,Yawal (M Cl) - Ward No.9,0,,0,0,,0,0,0,maharashtra
303131,3302288,Yerkheda,1,Ward No. 01,0,,0,0,,0,0,0,maharashtra
303131,3302289,Yerkheda,2,Ward No. 02,0,,0,0,,0,0,0,maharashtra
303131,3302290,Yerkheda,3,Ward No. 03,0,,0,0,,0,0,0,maharashtra
303131,3302291,Yerkheda,4,Ward No. 04,0,,0,0,,0,0,0,maharashtra
303131,3302292,Yerkheda,5,Ward No. 05,0,,0,0,,0,0,0,maharashtra
303131,3302293,Yerkheda,6,Ward No. 06,0,,0,0,,0,0,0,maharashtra
303131,3302294,Yerkheda,7,Ward No. 07,0,,0,0,,0,0,0,maharashtra
303131,3302295,Yerkheda,8,Ward No. 08,0,,0,0,,0,0,0,maharashtra
303131,3302296,Yerkheda,9,Ward No. 09,0,,0,0,,0,0,0,maharashtra
303131,3302297,Yerkheda,10,Ward No. 10,0,,0,0,,0,0,0,maharashtra
303131,3302298,Yerkheda,11,Ward No. 11,0,,0,0,,0,0,0,maharashtra
303131,3302299,Yerkheda,12,Ward No. 12,0,,0,0,,0,0,0,maharashtra
303131,3302300,Yerkheda,13,Ward No. 13,0,,0,0,,0,0,0,maharashtra
303131,3302301,Yerkheda,14,Ward No. 14,0,,0,0,,0,0,0,maharashtra
303131,3302302,Yerkheda,15,Ward No. 15,0,,0,0,,0,0,0,maharashtra
303131,3302303,Yerkheda,16,Ward No. 16,0,,0,0,,0,0,0,maharashtra
303131,3302304,Yerkheda,17,Ward No. 17,0,,0,0,,0,0,0,maharashtra
251450,62158,Yevla,1,Yeola (Mu Cl) - Prabhag Kra.01,0,,0,0,,0,0,0,maharashtra
251450,62159,Yevla,2,Yeola (Mu Cl) - Prabhag Kra.02,0,,0,0,,0,0,0,maharashtra
251450,62160,Yevla,3,Yeola (Mu Cl) - Prabhag Kra.03,0,,0,0,,0,0,0,maharashtra
251450,62161,Yevla,4,Yeola (Mu Cl) - Prabhag Kra.04,0,,0,0,,0,0,0,maharashtra
251450,62162,Yevla,5,Yeola (Mu Cl) - Prabhag Kra.05,0,,0,0,,0,0,0,maharashtra
251450,62163,Yevla,6,Yeola (Mu Cl) - Prabhag Kra.06,0,,0,0,,0,0,0,maharashtra
251450,62164,Yevla,7,Yeola (Mu Cl) - Prabhag Kra.07,0,,0,0,,0,0,0,maharashtra
251450,62165,Yevla,8,Yeola (Mu Cl) - Prabhag Kra.08,0,,0,0,,0,0,0,maharashtra
251450,62166,Yevla,9,Yeola (Mu Cl) - Prabhag Kra.09,0,,0,0,,0,0,0,maharashtra
251450,62167,Yevla,10,Yeola (Mu Cl) - Prabhag Kra.10,0,,0,0,,0,0,0,maharashtra
251450,62168,Yevla,11,Yeola (Mu Cl) - Prabhag Kra.11,0,,0,0,,0,0,0,maharashtra
251450,62169,Yevla,12,Yeola (Mu Cl) - Prabhag Kra.12,0,,0,0,,0,0,0,maharashtra
272845,1306533,Zari Zamani,1,Zari Jamni Nagarpanchayat Ward No.1,0,,0,0,,0,0,0,maharashtra
272845,1306542,Zari Zamani,10,Zari Jamni Nagarpanchayat Ward No.10,0,,0,0,,0,0,0,maharashtra
272845,1306543,Zari Zamani,11,Zari Jamni Nagarpanchayat Ward No.11,0,,0,0,,0,0,0,maharashtra
272845,1306544,Zari Zamani,12,Zari Jamni Nagarpanchayat Ward No.12,0,,0,0,,0,0,0,maharashtra
272845,1306545,Zari Zamani,13,Zari Jamni Nagarpanchayat Ward No.13,0,,0,0,,0,0,0,maharashtra
272845,1306546,Zari Zamani,14,Zari Jamni Nagarpanchayat Ward No.14,0,,0,0,,0,0,0,maharashtra
272845,1306547,Zari Zamani,15,Zari Jamni Nagarpanchayat Ward No.15,0,,0,0,,0,0,0,maharashtra
272845,1306548,Zari Zamani,16,Zari Jamni Nagarpanchayat Ward No.16,0,,0,0,,0,0,0,maharashtra
272845,1306549,Zari Zamani,17,Zari Jamni Nagarpanchayat Ward No.17,0,,0,0,,0,0,0,maharashtra
272845,1306534,Zari Zamani,2,Zari Jamni Nagarpanchayat Ward No.2,0,,0,0,,0,0,0,maharashtra
272845,1306535,Zari Zamani,3,Zari Jamni Nagarpanchayat Ward No.3,0,,0,0,,0,0,0,maharashtra
272845,1306536,Zari Zamani,4,Zari Jamni Nagarpanchayat Ward No.4,0,,0,0,,0,0,0,maharashtra
272845,1306537,Zari Zamani,5,Zari Jamni Nagarpanchayat Ward No.5,0,,0,0,,0,0,0,maharashtra
272845,1306538,Zari Zamani,6,Zari Jamni Nagarpanchayat Ward No.6,0,,0,0,,0,0,0,maharashtra
272845,1306539,Zari Zamani,7,Zari Jamni Nagarpanchayat Ward No.7,0,,0,0,,0,0,0,maharashtra
272845,1306540,Zari Zamani,8,Zari Jamni Nagarpanchayat Ward No.8,0,,0,0,,0,0,0,maharashtra
272845,1306541,Zari Zamani,9,Zari Jamni Nagarpanchayat Ward No.9,0,,0,0,,0,0,0,maharashtra
