{"type":"FeatureCollection","features":[{"type":"Feature","properties":{"id":"nh_access:h3:84209a3ffffffff","field":"national_highways","kind":"nh_access","source":"osm+worldpop","confidence":0.9,"population":77947.0,"nh_distance_km":4.06,"pipeline_access_gain_km":0.0,"share_within_10km":0.893},"geometry":{"type":"Polygon","coordinates":[[[73.7348,34.5887],[74.0154,34.4906],[74.0484,34.245],[73.8028,34.0978],[73.5234,34.1951],[73.4885,34.4405],[73.7348,34.5887]]]}},{"type":"Feature","properties":{"id":"nh_access:h3:84209b1ffffffff","field":"national_highways","kind":"nh_access","source":"osm+worldpop","confidence":0.9,"population":83595.0,"nh_distance_km":23.52,"pipeline_access_gain_km":0.0,"share_within_10km":0.0},"geometry":{"type":"Polygon","coordinates":[[[74.4803,35.0311],[74.7615,34.9309],[74.7918,34.6845],[74.543,34.5384],[74.263,34.6377],[74.2307,34.884],[74.4803,35.0311]]]}},{"type":"Feature","properties":{"id":"nh_access:h3:84209b3ffffffff","field":"national_highways","kind":"nh_access","source":"osm+worldpop","confidence":0.9,"population":2226.0,"nh_distance_km":40.8,"pipeline_access_gain_km":0.0,"share_within_10km":0.0},"geometry":{"type":"Polygon","coordinates":[[[75.0123,35.0769],[75.2928,34.9755],[75.321,34.729],[75.071,34.584],[74.7918,34.6845],[74.7615,34.9309],[75.0123,35.0769]]]}},{"type":"Feature","properties":{"id":"nh_access:h3:84209b5ffffffff","field":"national_highways","kind":"nh_access","source":"osm+worldpop","confidence":0.9,"population":1392132.0,"nh_distance_km":5.03,"pipeline_access_gain_km":0.0,"share_within_10km":0.843},"geometry":{"type":"Polygon","coordinates":[[[74.263,34.6377],[74.543,34.5384],[74.5739,34.2927],[74.327,34.1465],[74.0484,34.245],[74.0154,34.4906],[74.263,34.6377]]]}},{"type":"Feature","properties":{"id":"nh_access:h3:84209b7ffffffff","field":"national_highways","kind":"nh_access","source":"osm+worldpop","confidence":0.9,"population":440260.0,"nh_distance_km":12.02,"pipeline_access_gain_km":0.0,"share_within_10km":0.5},"geometry":{"type":"Polygon","coordinates":[[[74.7918,34.6845],[75.071,34.584],[75.0999,34.3381],[74.8518,34.193],[74.5739,34.2927],[74.543,34.5384],[74.7918,34.6845]]]}},{"type":"Feature","properties":{"id":"nh_access:h3:84209bdffffffff","field":"national_highways","kind":"nh_access","source":"osm+worldpop","confidence":0.9,"population":35651.0,"nh_distance_km":6.93,"pipeline_access_gain_km":0.0,"share_within_10km":0.941},"geometry":{"type":"Polygon","coordinates":[[[73.9487,34.9829],[74.2307,34.884],[74.263,34.6377],[74.0154,34.4906],[73.7348,34.5887],[73.7004,34.8348],[73.9487,34.9829]]]}},{"type":"Feature","properties":{"id":"nh_access:h3:843c0a1ffffffff","field":"national_highways","kind":"nh_access","source":"osm+worldpop","confidence":0.9,"population":13312.0,"nh_distance_km":1.79,"pipeline_access_gain_km":0.0,"share_within_10km":0.992},"geometry":{"type":"Polygon","coordinates":[[[88.9852,27.2342],[88.7566,27.3537],[88.771,27.5865],[89.0143,27.7001],[89.2434,27.5807],[89.2286,27.3477],[88.9852,27.2342]]]}},{"type":"Feature","properties":{"id":"nh_access:h3:843c0a5ffffffff","field":"national_highways","kind":"nh_access","source":"osm+worldpop","confidence":0.9,"population":306644.0,"nh_distance_km":3.45,"pipeline_access_gain_km":0.0,"share_within_10km":0.94},"geometry":{"type":"Polygon","coordinates":[[[88.728,26.8862],[88.4998,27.0059],[88.5139,27.2395],[88.7566,27.3537],[88.9852,27.2342],[88.9707,27.0004],[88.728,26.8862]]]}},{"type":"Feature","properties":{"id":"nh_access:h3:843c0a9ffffffff","field":"national_highways","kind":"nh_access","source":"osm+worldpop","confidence":0.9,"population":3794.0,"nh_distance_km":4.61,"pipeline_access_gain_km":0.0,"share_within_10km":0.884},"geometry":{"type":"Polygon","coordinates":[[[88.771,27.5865],[88.5422,27.705],[88.5563,27.9369],[88.7997,28.0504],[89.0289,27.9321],[89.0143,27.7001],[88.771,27.5865]]]}},{"type":"Feature","properties":{"id":"nh_access:h3:843c0adffffffff","field":"national_highways","kind":"nh_access","source":"osm+worldpop","confidence":0.9,"population":245817.0,"nh_distance_km":2.33,"pipeline_access_gain_km":0.0,"share_within_10km":0.981},"geometry":{"type":"Polygon","coordinates":[[[88.5139,27.2395],[88.2855,27.3581],[88.2995,27.5908],[88.5422,27.705],[88.771,27.5865],[88.7566,27.3537],[88.5139,27.2395]]]}},{"type":"Feature","properties":{"id":"nh_access:h3:843c0e3ffffffff","field":"national_highways","kind":"nh_access","source":"osm+worldpop","confidence":0.9,"population":424.0,"nh_distance_km":17.86,"pipeline_access_gain_km":0.0,"share_within_10km":0.018},"geometry":{"type":"Polygon","coordinates":[[[88.5563,27.9369],[88.3274,28.0543],[88.3414,28.2852],[88.5847,28.3988],[88.8141,28.2815],[88.7997,28.0504],[88.5563,27.9369]]]}},{"type":"Feature","properties":{"id":"nh_access:h3:843c0e7ffffffff","field":"national_highways","kind":"nh_access","source":"osm+worldpop","confidence":0.9,"population":4273.0,"nh_distance_km":19.6,"pipeline_access_gain_km":0.0,"share_within_10km":0.189},"geometry":{"type":"Polygon","coordinates":[[[88.2995,27.5908],[88.0709,27.7083],[88.0847,27.94],[88.3274,28.0543],[88.5563,27.9369],[88.5422,27.705],[88.2995,27.5908]]]}},{"type":"Feature","properties":{"id":"nh_access:h3:843c101ffffffff","field":"national_highways","kind":"nh_access","source":"osm+worldpop","confidence":0.9,"population":2863372.0,"nh_distance_km":6.93,"pipeline_access_gain_km":0.09,"share_within_10km":0.705},"geometry":{"type":"Polygon","coordinates":[[[84.2594,25.8211],[84.0358,25.9342],[84.0458,26.1678],[84.2799,26.2886],[84.504,26.1757],[84.4936,25.9418],[84.2594,25.8211]]]}},{"type":"Feature","properties":{"id":"nh_access:h3:843c103ffffffff","field":"national_highways","kind":"nh_access","source":"osm+worldpop","confidence":0.9,"population":3033246.0,"nh_distance_km":6.82,"pipeline_access_gain_km":0.0,"share_within_10km":0.743},"geometry":{"type":"Polygon","coordinates":[[[84.7177,25.8278],[84.4936,25.9418],[84.504,26.1757],[84.739,26.296],[84.9637,26.1822],[84.9528,25.9479],[84.7177,25.8278]]]}},{"type":"Feature","properties":{"id":"nh_access:h3:843c105ffffffff","field":"national_highways","kind":"nh_access","source":"osm+worldpop","confidence":0.9,"population":2071454.0,"nh_distance_km":3.12,"pipeline_access_gain_km":0.5,"share_within_10km":0.997},"geometry":{"type":"Polygon","coordinates":[[[84.0157,25.4653],[83.7927,25.5786],[83.8025,25.8129],[84.0358,25.9342],[84.2594,25.8211],[84.2492,25.5865],[84.0157,25.4653]]]}},{"type":"Feature","properties":{"id":"nh_access:h3:843c107ffffffff","field":"national_highways","kind":"nh_access","source":"osm+worldpop","confidence":0.9,"population":2096388.0,"nh_distance_km":3.77,"pipeline_access_gain_km":0.27,"share_within_10km":0.972},"geometry":{"type":"Polygon","coordinates":[[[84.4727,25.4723],[84.2492,25.5865],[84.2594,25.8211],[84.4936,25.9418],[84.7177,25.8278],[84.7071,25.5929],[84.4727,25.4723]]]}},{"type":"Feature","properties":{"id":"nh_access:h3:843c109ffffffff","field":"national_highways","kind":"nh_access","source":"osm+worldpop","confidence":0.9,"population":2352335.0,"nh_distance_km":5.54,"pipeline_access_gain_km":0.0,"share_within_10km":0.83},"geometry":{"type":"Polygon","coordinates":[[[84.0458,26.1678],[83.8222,26.2799],[83.832,26.5126],[84.066,26.6335],[84.2902,26.5216],[84.2799,26.2886],[84.0458,26.1678]]]}},{"type":"Feature","properties":{"id":"nh_access:h3:843c10bffffffff","field":"national_highways","kind":"nh_access","source":"osm+worldpop","confidence":0.9,"population":2710841.0,"nh_distance_km":3.06,"pipeline_access_gain_km":0.0,"share_within_10km":0.986},"geometry":{"type":"Polygon","coordinates":[[[84.504,26.1757],[84.2799,26.2886],[84.2902,26.5216],[84.525,26.642],[84.7497,26.5293],[84.739,26.296],[84.504,26.1757]]]}},{"type":"Feature","properties":{"id":"nh_access:h3:843c10dffffffff","field":"national_highways","kind":"nh_access","source":"osm+worldpop","confidence":0.9,"population":2068738.0,"nh_distance_km":5.39,"pipeline_access_gain_km":0.0,"share_within_10km":0.827},"geometry":{"type":"Polygon","coordinates":[[[83.8025,25.8129],[83.5794,25.9252],[83.5891,26.1585],[83.8222,26.2799],[84.0458,26.1678],[84.0358,25.9342],[83.8025,25.8129]]]}},{"type":"Feature","properties":{"id":"nh_access:h3:843c111ffffffff","field":"national_highways","kind":"nh_access","source":"osm+worldpop","confidence":0.9,"population":3830058.0,"nh_distance_km":3.53,"pipeline_access_gain_km":0.0,"share_within_10km":0.98},"geometry":{"type":"Polygon","coordinates":[[[85.4247,26.1872],[85.1996,26.3019],[85.2107,26.5355],[85.4473,26.6547],[85.673,26.5402],[85.6614,26.3063],[85.4247,26.1872]]]}},{"type":"Feature","properties":{"id":"nh_access:h3:843c113ffffffff","field":"national_highways","kind":"nh_access","source":"osm+worldpop","confidence":0.9,"population":2999151.0,"nh_distance_km":3.1,"pipeline_access_gain_km":0.0,"share_within_10km":0.99},"geometry":{"type":"Polygon","coordinates":[[[85.887,26.1908],[85.6614,26.3063],[85.673,26.5402],[85.9105,26.6588],[86.1365,26.5434],[86.1246,26.3093],[85.887,26.1908]]]}},{"type":"Feature","properties":{"id":"nh_access:h3:843c115ffffffff","field":"national_highways","kind":"nh_access","source":"osm+worldpop","confidence":0.9,"population":3518999.0,"nh_distance_km":3.57,"pipeline_access_gain_km":0.0,"share_within_10km":0.95},"geometry":{"type":"Polygon","coordinates":[[[85.1774,25.8331],[84.9528,25.9479],[84.9637,26.1822],[85.1996,26.3019],[85.4247,26.1872],[85.4134,25.9527],[85.1774,25.8331]]]}},{"type":"Feature","properties":{"id":"nh_access:h3:843c117ffffffff","field":"national_highways","kind":"nh_access","source":"osm+worldpop","confidence":0.9,"population":3304258.0,"nh_distance_km":3.51,"pipeline_access_gain_km":0.22,"share_within_10km":0.989},"geometry":{"type":"Polygon","coordinates":[[[85.6385,25.837],[85.4134,25.9527],[85.4247,26.1872],[85.6614,26.3063],[85.887,26.1908],[85.8753,25.956],[85.6385,25.837]]]}},{"type":"Feature","properties":{"id":"nh_access:h3:843c119ffffffff","field":"national_highways","kind":"nh_access","source":"osm+worldpop","confidence":0.9,"population":1838492.0,"nh_distance_km":8.04,"pipeline_access_gain_km":0.17,"share_within_10km":0.673},"geometry":{"type":"Polygon","coordinates":[[[85.2107,26.5355],[84.9855,26.6491],[84.9964,26.8817],[85.2329,27.001],[85.4587,26.8876],[85.4473,26.6547],[85.2107,26.5355]]]}},{"type":"Feature","properties":{"id":"nh_access:h3:843c11bffffffff","field":"national_highways","kind":"nh_access","source":"osm+worldpop","confidence":0.9,"population":1203258.0,"nh_distance_km":3.95,"pipeline_access_gain_km":0.0,"share_within_10km":0.953},"geometry":{"type":"Polygon","coordinates":[[[85.673,26.5402],[85.4473,26.6547],[85.4587,26.8876],[85.6961,27.0063],[85.9222,26.892],[85.9105,26.6588],[85.673,26.5402]]]}},{"type":"Feature","properties":{"id":"nh_access:h3:843c11dffffffff","field":"national_highways","kind":"nh_access","source":"osm+worldpop","confidence":0.9,"population":2762896.0,"nh_distance_km":2.51,"pipeline_access_gain_km":0.0,"share_within_10km":0.998},"geometry":{"type":"Polygon","coordinates":[[[84.9637,26.1822],[84.739,26.296],[84.7497,26.5293],[84.9855,26.6491],[85.2107,26.5355],[85.1996,26.3019],[84.9637,26.1822]]]}},{"type":"Feature","properties":{"id":"nh_access:h3:843c121ffffffff","field":"national_highways","kind":"nh_access","source":"osm+worldpop","confidence":0.9,"population":1930513.0,"nh_distance_km":3.96,"pipeline_access_gain_km":0.64,"share_within_10km":0.921},"geometry":{"type":"Polygon","coordinates":[[[83.9858,24.7582],[83.7634,24.8728],[83.7731,25.1086],[84.0057,25.2301],[84.2288,25.1158],[84.2186,24.8796],[83.9858,24.7582]]]}},{"type":"Feature","properties":{"id":"nh_access:h3:843c123ffffffff","field":"national_highways","kind":"nh_access","source":"osm+worldpop","confidence":0.9,"population":2176125.0,"nh_distance_km":5.01,"pipeline_access_gain_km":0.0,"share_within_10km":0.87},"geometry":{"type":"Polygon","coordinates":[[[84.4416,24.7642],[84.2186,24.8796],[84.2288,25.1158],[84.4623,25.2368],[84.6859,25.1216],[84.6753,24.8851],[84.4416,24.7642]]]}},{"type":"Feature","properties":{"id":"nh_access:h3:843c125ffffffff","field":"national_highways","kind":"nh_access","source":"osm+worldpop","confidence":0.9,"population":392357.0,"nh_distance_km":8.01,"pipeline_access_gain_km":0.46,"share_within_10km":0.675},"geometry":{"type":"Polygon","coordinates":[[[83.7439,24.3997],[83.522,24.5145],[83.5315,24.7509],[83.7634,24.8728],[83.9858,24.7582],[83.9759,24.5215],[83.7439,24.3997]]]}},{"type":"Feature","properties":{"id":"nh_access:h3:843c127ffffffff","field":"national_highways","kind":"nh_access","source":"osm+worldpop","confidence":0.9,"population":1227029.0,"nh_distance_km":5.35,"pipeline_access_gain_km":1.08,"share_within_10km":0.811},"geometry":{"type":"Polygon","coordinates":[[[84.1983,24.4059],[83.9759,24.5215],[83.9858,24.7582],[84.2186,24.8796],[84.4416,24.7642],[84.4312,24.5272],[84.1983,24.4059]]]}},{"type":"Feature","properties":{"id":"nh_access:h3:843c129ffffffff","field":"national_highways","kind":"nh_access","source":"osm+worldpop","confidence":0.9,"population":1668539.0,"nh_distance_km":4.31,"pipeline_access_gain_km":0.0,"share_within_10km":0.916},"geometry":{"type":"Polygon","coordinates":[[[83.7731,25.1086],[83.5506,25.2221],[83.5602,25.457],[83.7927,25.5786],[84.0157,25.4653],[84.0057,25.2301],[83.7731,25.1086]]]}},{"type":"Feature","properties":{"id":"nh_access:h3:843c12bffffffff","field":"national_highways","kind":"nh_access","source":"osm+worldpop","confidence":0.9,"population":2221386.0,"nh_distance_km":3.67,"pipeline_access_gain_km":0.0,"share_within_10km":0.943},"geometry":{"type":"Polygon","coordinates":[[[84.2288,25.1158],[84.0057,25.2301],[84.0157,25.4653],[84.2492,25.5865],[84.4727,25.4723],[84.4623,25.2368],[84.2288,25.1158]]]}},{"type":"Feature","properties":{"id":"nh_access:h3:843c12dffffffff","field":"national_highways","kind":"nh_access","source":"osm+worldpop","confidence":0.9,"population":1100295.0,"nh_distance_km":4.88,"pipeline_access_gain_km":1.17,"share_within_10km":0.864},"geometry":{"type":"Polygon","coordinates":[[[83.5315,24.7509],[83.3096,24.8646],[83.3189,25.1],[83.5506,25.2221],[83.7731,25.1086],[83.7634,24.8728],[83.5315,24.7509]]]}},{"type":"Feature","properties":{"id":"nh_access:h3:843c131ffffffff","field":"national_highways","kind":"nh_access","source":"osm+worldpop","confidence":0.9,"population":3330186.0,"nh_distance_km":3.59,"pipeline_access_gain_km":0.75,"share_within_10km":0.968},"geometry":{"type":"Polygon","coordinates":[[[85.1443,25.126],[84.9203,25.242],[84.9311,25.4779],[85.1664,25.5979],[85.3909,25.482],[85.3797,25.2459],[85.1443,25.126]]]}},{"type":"Feature","properties":{"id":"nh_access:h3:843c133ffffffff","field":"national_highways","kind":"nh_access","source":"osm+worldpop","confidence":0.9,"population":2771271.0,"nh_distance_km":2.67,"pipeline_access_gain_km":0.0,"share_within_10km":1.0},"geometry":{"type":"Polygon","coordinates":[[[85.6041,25.129],[85.3797,25.2459],[85.3909,25.482],[85.627,25.6015],[85.852,25.4847],[85.8403,25.2483],[85.6041,25.129]]]}},{"type":"Feature","properties":{"id":"nh_access:h3:843c135ffffffff","field":"national_highways","kind":"nh_access","source":"osm+worldpop","confidence":0.9,"population":2260483.0,"nh_distance_km":5.39,"pipeline_access_gain_km":0.77,"share_within_10km":0.833},"geometry":{"type":"Polygon","coordinates":[[[84.8988,24.7689],[84.6753,24.8851],[84.6859,25.1216],[84.9203,25.242],[85.1443,25.126],[85.1333,24.8892],[84.8988,24.7689]]]}},{"type":"Feature","properties":{"id":"nh_access:h3:843c137ffffffff","field":"national_highways","kind":"nh_access","source":"osm+worldpop","confidence":0.9,"population":2395596.0,"nh_distance_km":6.14,"pipeline_access_gain_km":0.12,"share_within_10km":0.753},"geometry":{"type":"Polygon","coordinates":[[[85.3573,24.7721],[85.1333,24.8892],[85.1443,25.126],[85.3797,25.2459],[85.6041,25.129],[85.5927,24.8919],[85.3573,24.7721]]]}},{"type":"Feature","properties":{"id":"nh_access:h3:843c139ffffffff","field":"national_highways","kind":"nh_access","source":"osm+worldpop","confidence":0.9,"population":4098893.0,"nh_distance_km":1.97,"pipeline_access_gain_km":0.0,"share_within_10km":0.998},"geometry":{"type":"Polygon","coordinates":[[[84.9311,25.4779],[84.7071,25.5929],[84.7177,25.8278],[84.9528,25.9479],[85.1774,25.8331],[85.1664,25.5979],[84.9311,25.4779]]]}},{"type":"Feature","properties":{"id":"nh_access:h3:843c13bffffffff","field":"national_highways","kind":"nh_access","source":"osm+worldpop","confidence":0.9,"population":4739147.0,"nh_distance_km":3.81,"pipeline_access_gain_km":1.01,"share_within_10km":0.899},"geometry":{"type":"Polygon","coordinates":[[[85.3909,25.482],[85.1664,25.5979],[85.1774,25.8331],[85.4134,25.9527],[85.6385,25.837],[85.627,25.6015],[85.3909,25.482]]]}},{"type":"Feature","properties":{"id":"nh_access:h3:843c13dffffffff","field":"national_highways","kind":"nh_access","source":"osm+worldpop","confidence":0.9,"population":2527148.0,"nh_distance_km":4.31,"pipeline_access_gain_km":0.0,"share_within_10km":0.965},"geometry":{"type":"Polygon","coordinates":[[[84.6859,25.1216],[84.4623,25.2368],[84.4727,25.4723],[84.7071,25.5929],[84.9311,25.4779],[84.9203,25.242],[84.6859,25.1216]]]}},{"type":"Feature","properties":{"id":"nh_access:h3:843c141ffffffff","field":"national_highways","kind":"nh_access","source":"osm+worldpop","confidence":0.9,"population":3067829.0,"nh_distance_km":2.7,"pipeline_access_gain_km":0.34,"share_within_10km":0.997},"geometry":{"type":"Polygon","coordinates":[[[83.3754,26.502],[83.1523,26.6121],[83.1616,26.8435],[83.3944,26.9651],[83.6181,26.8552],[83.6084,26.6235],[83.3754,26.502]]]}},{"type":"Feature","properties":{"id":"nh_access:h3:843c143ffffffff","field":"national_highways","kind":"nh_access","source":"osm+worldpop","confidence":0.9,"population":2728683.0,"nh_distance_km":4.22,"pipeline_access_gain_km":0.82,"share_within_10km":0.933},"geometry":{"type":"Polygon","coordinates":[[[83.832,26.5126],[83.6084,26.6235],[83.6181,26.8552],[83.8518,26.9763],[84.076,26.8655],[84.066,26.6335],[83.832,26.5126]]]}},{"type":"Feature","properties":{"id":"nh_access:h3:843c145ffffffff","field":"national_highways","kind":"nh_access","source":"osm+worldpop","confidence":0.9,"population":1867825.0,"nh_distance_km":4.02,"pipeline_access_gain_km":0.0,"share_within_10km":0.926},"geometry":{"type":"Polygon","coordinates":[[[83.1338,26.1478],[82.9113,26.2581],[82.9203,26.4901],[83.1523,26.6121],[83.3754,26.502],[83.366,26.2697],[83.1338,26.1478]]]}},{"type":"Feature","properties":{"id":"nh_access:h3:843c147ffffffff","field":"national_highways","kind":"nh_access","source":"osm+worldpop","confidence":0.9,"population":2053903.0,"nh_distance_km":4.71,"pipeline_access_gain_km":0.0,"share_within_10km":0.876},"geometry":{"type":"Polygon","coordinates":[[[83.5891,26.1585],[83.366,26.2697],[83.3754,26.502],[83.6084,26.6235],[83.832,26.5126],[83.8222,26.2799],[83.5891,26.1585]]]}},{"type":"Feature","properties":{"id":"nh_access:h3:843c149ffffffff","field":"national_highways","kind":"nh_access","source":"osm+worldpop","confidence":0.9,"population":2087095.0,"nh_distance_km":3.9,"pipeline_access_gain_km":0.0,"share_within_10km":0.939},"geometry":{"type":"Polygon","coordinates":[[[83.1729,27.3015],[83.4039,27.1959],[83.3944,26.9651],[83.1616,26.8435],[82.9385,26.9525],[82.9397,27.1794],[83.1729,27.3015]]]}},{"type":"Feature","properties":{"id":"nh_access:h3:843c14bffffffff","field":"national_highways","kind":"nh_access","source":"osm+worldpop","confidence":0.9,"population":2212735.0,"nh_distance_km":4.83,"pipeline_access_gain_km":0.01,"share_within_10km":0.879},"geometry":{"type":"Polygon","coordinates":[[[83.6181,26.8552],[83.3944,26.9651],[83.4039,27.1959],[83.6375,27.317],[83.8617,27.2073],[83.8518,26.9763],[83.6181,26.8552]]]}},{"type":"Feature","properties":{"id":"nh_access:h3:843c14dffffffff","field":"national_highways","kind":"nh_access","source":"osm+worldpop","confidence":0.9,"population":2095157.0,"nh_distance_km":3.21,"pipeline_access_gain_km":0.0,"share_within_10km":0.981},"geometry":{"type":"Polygon","coordinates":[[[82.9203,26.4901],[82.6978,26.5993],[82.7067,26.8304],[82.9385,26.9525],[83.1616,26.8435],[83.1523,26.6121],[82.9203,26.4901]]]}},{"type":"Feature","properties":{"id":"nh_access:h3:843c151ffffffff","field":"national_highways","kind":"nh_access","source":"osm+worldpop","confidence":0.9,"population":1709188.0,"nh_distance_km":11.94,"pipeline_access_gain_km":0.0,"share_within_10km":0.358},"geometry":{"type":"Polygon","coordinates":[[[84.5355,26.8744],[84.3108,26.986],[84.3211,27.2174],[84.5566,27.3374],[84.7819,27.2259],[84.7711,26.9942],[84.5355,26.8744]]]}},{"type":"Feature","properties":{"id":"nh_access:h3:843c153ffffffff","field":"national_highways","kind":"nh_access","source":"osm+worldpop","confidence":0.9,"population":250288.0,"nh_distance_km":5.54,"pipeline_access_gain_km":3.06,"share_within_10km":0.767},"geometry":{"type":"Polygon","coordinates":[[[84.9964,26.8817],[84.7711,26.9942],[84.7819,27.2259],[85.0183,27.3453],[85.2441,27.233],[85.2329,27.001],[84.9964,26.8817]]]}},{"type":"Feature","properties":{"id":"nh_access:h3:843c155ffffffff","field":"national_highways","kind":"nh_access","source":"osm+worldpop","confidence":0.9,"population":2450886.0,"nh_distance_km":4.25,"pipeline_access_gain_km":0.56,"share_within_10km":0.923},"geometry":{"type":"Polygon","coordinates":[[[84.2902,26.5216],[84.066,26.6335],[84.076,26.8655],[84.3108,26.986],[84.5355,26.8744],[84.525,26.642],[84.2902,26.5216]]]}},{"type":"Feature","properties":{"id":"nh_access:h3:843c157ffffffff","field":"national_highways","kind":"nh_access","source":"osm+worldpop","confidence":0.9,"population":2609434.0,"nh_distance_km":5.04,"pipeline_access_gain_km":0.09,"share_within_10km":0.863},"geometry":{"type":"Polygon","coordinates":[[[84.7497,26.5293],[84.525,26.642],[84.5355,26.8744],[84.7711,26.9942],[84.9964,26.8817],[84.9855,26.6491],[84.7497,26.5293]]]}},{"type":"Feature","properties":{"id":"nh_access:h3:843c159ffffffff","field":"national_highways","kind":"nh_access","source":"osm+worldpop","confidence":0.9,"population":123320.0,"nh_distance_km":21.54,"pipeline_access_gain_km":0.0,"share_within_10km":0.04},"geometry":{"type":"Polygon","coordinates":[[[84.3211,27.2174],[84.0963,27.3279],[84.1064,27.5583],[84.3418,27.6784],[84.5671,27.568],[84.5566,27.3374],[84.3211,27.2174]]]}},{"type":"Feature","properties":{"id":"nh_access:h3:843c15bffffffff","field":"national_highways","kind":"nh_access","source":"osm+worldpop","confidence":0.9,"population":8113.0,"nh_distance_km":2.19,"pipeline_access_gain_km":0.0,"share_within_10km":1.0},"geometry":{"type":"Polygon","coordinates":[[[84.7819,27.2259],[84.5566,27.3374],[84.5671,27.568],[84.8034,27.6875],[85.0293,27.5762],[85.0183,27.3453],[84.7819,27.2259]]]}},{"type":"Feature","properties":{"id":"nh_access:h3:843c15dffffffff","field":"national_highways","kind":"nh_access","source":"osm+worldpop","confidence":0.9,"population":1585441.0,"nh_distance_km":4.92,"pipeline_access_gain_km":0.0,"share_within_10km":0.88},"geometry":{"type":"Polygon","coordinates":[[[84.076,26.8655],[83.8518,26.9763],[83.8617,27.2073],[84.0963,27.3279],[84.3211,27.2174],[84.3108,26.986],[84.076,26.8655]]]}},{"type":"Feature","properties":{"id":"nh_access:h3:843c161ffffffff","field":"national_highways","kind":"nh_access","source":"osm+worldpop","confidence":0.9,"population":2031922.0,"nh_distance_km":5.22,"pipeline_access_gain_km":0.0,"share_within_10km":0.83},"geometry":{"type":"Polygon","coordinates":[[[83.1062,25.4472],[82.8843,25.5589],[82.8933,25.7925],[83.1246,25.9148],[83.3471,25.8034],[83.3377,25.5694],[83.1062,25.4472]]]}},{"type":"Feature","properties":{"id":"nh_access:h3:843c163ffffffff","field":"national_highways","kind":"nh_access","source":"osm+worldpop","confidence":0.9,"population":2304773.0,"nh_distance_km":2.79,"pipeline_access_gain_km":0.3,"share_within_10km":1.0},"geometry":{"type":"Polygon","coordinates":[[[83.5602,25.457],[83.3377,25.5694],[83.3471,25.8034],[83.5794,25.9252],[83.8025,25.8129],[83.7927,25.5786],[83.5602,25.457]]]}},{"type":"Feature","properties":{"id":"nh_access:h3:843c165ffffffff","field":"national_highways","kind":"nh_access","source":"osm+worldpop","confidence":0.9,"population":4682651.0,"nh_distance_km":1.98,"pipeline_access_gain_km":0.0,"share_within_10km":1.0},"geometry":{"type":"Polygon","coordinates":[[[82.8663,25.0902],[82.645,25.202],[82.6537,25.4362],[82.8843,25.5589],[83.1062,25.4472],[83.097,25.2127],[82.8663,25.0902]]]}},{"type":"Feature","properties":{"id":"nh_access:h3:843c167ffffffff","field":"national_highways","kind":"nh_access","source":"osm+worldpop","confidence":0.9,"population":2021729.0,"nh_distance_km":4.44,"pipeline_access_gain_km":0.23,"share_within_10km":0.9},"geometry":{"type":"Polygon","coordinates":[[[83.3189,25.1],[83.097,25.2127],[83.1062,25.4472],[83.3377,25.5694],[83.5602,25.457],[83.5506,25.2221],[83.3189,25.1]]]}},{"type":"Feature","properties":{"id":"nh_access:h3:843c169ffffffff","field":"national_highways","kind":"nh_access","source":"osm+worldpop","confidence":0.9,"population":2079857.0,"nh_distance_km":4.83,"pipeline_access_gain_km":0.0,"share_within_10km":0.884},"geometry":{"type":"Polygon","coordinates":[[[82.8933,25.7925],[82.6713,25.903],[82.6801,26.1356],[82.9113,26.2581],[83.1338,26.1478],[83.1246,25.9148],[82.8933,25.7925]]]}},{"type":"Feature","properties":{"id":"nh_access:h3:843c16bffffffff","field":"national_highways","kind":"nh_access","source":"osm+worldpop","confidence":0.9,"population":2846508.0,"nh_distance_km":3.38,"pipeline_access_gain_km":0.0,"share_within_10km":0.946},"geometry":{"type":"Polygon","coordinates":[[[83.3471,25.8034],[83.1246,25.9148],[83.1338,26.1478],[83.366,26.2697],[83.5891,26.1585],[83.5794,25.9252],[83.3471,25.8034]]]}},{"type":"Feature","properties":{"id":"nh_access:h3:843c16dffffffff","field":"national_highways","kind":"nh_access","source":"osm+worldpop","confidence":0.9,"population":2323815.0,"nh_distance_km":3.03,"pipeline_access_gain_km":0.0,"share_within_10km":0.988},"geometry":{"type":"Polygon","coordinates":[[[82.6537,25.4362],[82.4324,25.5469],[82.441,25.7802],[82.6713,25.903],[82.8933,25.7925],[82.8843,25.5589],[82.6537,25.4362]]]}},{"type":"Feature","properties":{"id":"nh_access:h3:843c181ffffffff","field":"national_highways","kind":"nh_access","source":"osm+worldpop","confidence":0.9,"population":2479296.0,"nh_distance_km":5.46,"pipeline_access_gain_km":0.0,"share_within_10km":0.835},"geometry":{"type":"Polygon","coordinates":[[[87.4949,25.8378],[87.2683,25.957],[87.2813,26.1926],[87.5212,26.3092],[87.7483,26.1902],[87.7349,25.9544],[87.4949,25.8378]]]}},{"type":"Feature","properties":{"id":"nh_access:h3:843c183ffffffff","field":"national_highways","kind":"nh_access","source":"osm+worldpop","confidence":0.9,"population":1760848.0,"nh_distance_km":6.41,"pipeline_access_gain_km":0.0,"share_within_10km":0.827},"geometry":{"type":"Polygon","coordinates":[[[87.9618,25.8343],[87.7349,25.9544],[87.7483,26.1902],[87.9889,26.3062],[88.2163,26.1863],[88.2025,25.9502],[87.9618,25.8343]]]}},{"type":"Feature","properties":{"id":"nh_access:h3:843c185ffffffff","field":"national_highways","kind":"nh_access","source":"osm+worldpop","confidence":0.9,"population":2159977.0,"nh_distance_km":7.34,"pipeline_access_gain_km":0.01,"share_within_10km":0.665},"geometry":{"type":"Polygon","coordinates":[[[87.2425,25.4842],[87.0164,25.6036],[87.0291,25.8398],[87.2683,25.957],[87.4949,25.8378],[87.4818,25.6013],[87.2425,25.4842]]]}},{"type":"Feature","properties":{"id":"nh_access:h3:843c187ffffffff","field":"national_highways","kind":"nh_access","source":"osm+worldpop","confidence":0.9,"population":2474107.0,"nh_distance_km":6.51,"pipeline_access_gain_km":0.0,"share_within_10km":0.717},"geometry":{"type":"Polygon","coordinates":[[[87.7083,25.4811],[87.4818,25.6013],[87.4949,25.8378],[87.7349,25.9544],[87.9618,25.8343],[87.9483,25.5976],[87.7083,25.4811]]]}},{"type":"Feature","properties":{"id":"nh_access:h3:843c189ffffffff","field":"national_highways","kind":"nh_access","source":"osm+worldpop","confidence":0.9,"population":1048228.0,"nh_distance_km":6.57,"pipeline_access_gain_km":0.0,"share_within_10km":0.742},"geometry":{"type":"Polygon","coordinates":[[[87.2813,26.1926],[87.0545,26.3108],[87.0673,26.5454],[87.3072,26.6621],[87.5344,26.5441],[87.5212,26.3092],[87.2813,26.1926]]]}},{"type":"Feature","properties":{"id":"nh_access:h3:843c18bffffffff","field":"national_highways","kind":"nh_access","source":"osm+worldpop","confidence":0.9,"population":984426.0,"nh_distance_km":8.9,"pipeline_access_gain_km":0.0,"share_within_10km":0.632},"geometry":{"type":"Polygon","coordinates":[[[87.7483,26.1902],[87.5212,26.3092],[87.5344,26.5441],[87.7751,26.6602],[88.0026,26.5413],[87.9889,26.3062],[87.7483,26.1902]]]}},{"type":"Feature","properties":{"id":"nh_access:h3:843c18dffffffff","field":"national_highways","kind":"nh_access","source":"osm+worldpop","confidence":0.9,"population":2144867.0,"nh_distance_km":5.04,"pipeline_access_gain_km":0.0,"share_within_10km":0.911},"geometry":{"type":"Polygon","coordinates":[[[87.0291,25.8398],[86.8028,25.9581],[86.8154,26.1935],[87.0545,26.3108],[87.2813,26.1926],[87.2683,25.957],[87.0291,25.8398]]]}},{"type":"Feature","properties":{"id":"nh_access:h3:843c191ffffffff","field":"national_highways","kind":"nh_access","source":"osm+worldpop","confidence":0.9,"population":1308692.0,"nh_distance_km":6.5,"pipeline_access_gain_km":0.0,"share_within_10km":0.741},"geometry":{"type":"Polygon","coordinates":[[[88.6853,26.1808],[88.4577,26.3016],[88.4717,26.5369],[88.7137,26.6517],[88.9418,26.531],[88.9273,26.2955],[88.6853,26.1808]]]}},{"type":"Feature","properties":{"id":"nh_access:h3:843c193ffffffff","field":"national_highways","kind":"nh_access","source":"osm+worldpop","confidence":0.9,"population":1419580.0,"nh_distance_km":8.94,"pipeline_access_gain_km":0.0,"share_within_10km":0.643},"geometry":{"type":"Polygon","coordinates":[[[89.1552,26.1739],[88.9273,26.2955],[88.9418,26.531],[89.1845,26.6451],[89.4127,26.5236],[89.3979,26.2879],[89.1552,26.1739]]]}},{"type":"Feature","properties":{"id":"nh_access:h3:843c195ffffffff","field":"national_highways","kind":"nh_access","source":"osm+worldpop","confidence":0.9,"population":27848.0,"nh_distance_km":8.95,"pipeline_access_gain_km":0.0,"share_within_10km":0.634},"geometry":{"type":"Polygon","coordinates":[[[88.4297,25.8293],[88.2025,25.9502],[88.2163,26.1863],[88.4577,26.3016],[88.6853,26.1808],[88.6711,25.9446],[88.4297,25.8293]]]}},{"type":"Feature","properties":{"id":"nh_access:h3:843c197ffffffff","field":"national_highways","kind":"nh_access","source":"osm+worldpop","confidence":0.9,"population":16324.0,"nh_distance_km":17.33,"pipeline_access_gain_km":0.0,"share_within_10km":0.0},"geometry":{"type":"Polygon","coordinates":[[[88.8985,25.8228],[88.6711,25.9446],[88.6853,26.1808],[88.9273,26.2955],[89.1552,26.1739],[89.1406,25.9374],[88.8985,25.8228]]]}},{"type":"Feature","properties":{"id":"nh_access:h3:843c199ffffffff","field":"national_highways","kind":"nh_access","source":"osm+worldpop","confidence":0.9,"population":1165989.0,"nh_distance_km":3.67,"pipeline_access_gain_km":0.0,"share_within_10km":0.92},"geometry":{"type":"Polygon","coordinates":[[[88.4717,26.5369],[88.2439,26.6567],[88.2578,26.8911],[88.4998,27.0059],[88.728,26.8862],[88.7137,26.6517],[88.4717,26.5369]]]}},{"type":"Feature","properties":{"id":"nh_access:h3:843c19bffffffff","field":"national_highways","kind":"nh_access","source":"osm+worldpop","confidence":0.9,"population":1029013.0,"nh_distance_km":3.53,"pipeline_access_gain_km":0.0,"share_within_10km":0.968},"geometry":{"type":"Polygon","coordinates":[[[88.9418,26.531],[88.7137,26.6517],[88.728,26.8862],[88.9707,27.0004],[89.1992,26.8798],[89.1845,26.6451],[88.9418,26.531]]]}},{"type":"Feature","properties":{"id":"nh_access:h3:843c19dffffffff","field":"national_highways","kind":"nh_access","source":"osm+worldpop","confidence":0.9,"population":1226485.0,"nh_distance_km":3.89,"pipeline_access_gain_km":0.0,"share_within_10km":0.946},"geometry":{"type":"Polygon","coordinates":[[[88.2163,26.1863],[87.9889,26.3062],[88.0026,26.5413],[88.2439,26.6567],[88.4717,26.5369],[88.4577,26.3016],[88.2163,26.1863]]]}},{"type":"Feature","properties":{"id":"nh_access:h3:843c1a1ffffffff","field":"national_highways","kind":"nh_access","source":"osm+worldpop","confidence":0.9,"population":2762657.0,"nh_distance_km":5.96,"pipeline_access_gain_km":0.28,"share_within_10km":0.806},"geometry":{"type":"Polygon","coordinates":[[[87.2039,24.7711],[86.9784,24.8916],[86.991,25.1294],[87.2296,25.247],[87.4556,25.1267],[87.4426,24.8886],[87.2039,24.7711]]]}},{"type":"Feature","properties":{"id":"nh_access:h3:843c1a3ffffffff","field":"national_highways","kind":"nh_access","source":"osm+worldpop","confidence":0.9,"population":1442932.0,"nh_distance_km":6.23,"pipeline_access_gain_km":0.01,"share_within_10km":0.799},"geometry":{"type":"Polygon","coordinates":[[[87.6684,24.7673],[87.4426,24.8886],[87.4556,25.1267],[87.695,25.2437],[87.9213,25.1225],[87.9078,24.8842],[87.6684,24.7673]]]}},{"type":"Feature","properties":{"id":"nh_access:h3:843c1a5ffffffff","field":"national_highways","kind":"nh_access","source":"osm+worldpop","confidence":0.9,"population":1016260.0,"nh_distance_km":4.18,"pipeline_access_gain_km":0.0,"share_within_10km":0.936},"geometry":{"type":"Polygon","coordinates":[[[86.9532,24.4144],[86.7281,24.535],[86.7405,24.7735],[86.9784,24.8916],[87.2039,24.7711],[87.1911,24.5324],[86.9532,24.4144]]]}},{"type":"Feature","properties":{"id":"nh_access:h3:843c1a7ffffffff","field":"national_highways","kind":"nh_access","source":"osm+worldpop","confidence":0.9,"population":489562.0,"nh_distance_km":9.63,"pipeline_access_gain_km":0.0,"share_within_10km":0.57},"geometry":{"type":"Polygon","coordinates":[[[87.4165,24.4109],[87.1911,24.5324],[87.2039,24.7711],[87.4426,24.8886],[87.6684,24.7673],[87.6552,24.5283],[87.4165,24.4109]]]}},{"type":"Feature","properties":{"id":"nh_access:h3:843c1a9ffffffff","field":"national_highways","kind":"nh_access","source":"osm+worldpop","confidence":0.9,"population":2101640.0,"nh_distance_km":4.13,"pipeline_access_gain_km":0.21,"share_within_10km":0.921},"geometry":{"type":"Polygon","coordinates":[[[86.991,25.1294],[86.7654,25.2489],[86.7778,25.4859],[87.0164,25.6036],[87.2425,25.4842],[87.2296,25.247],[86.991,25.1294]]]}},{"type":"Feature","properties":{"id":"nh_access:h3:843c1abffffffff","field":"national_highways","kind":"nh_access","source":"osm+worldpop","confidence":0.9,"population":2116777.0,"nh_distance_km":3.81,"pipeline_access_gain_km":0.12,"share_within_10km":0.928},"geometry":{"type":"Polygon","coordinates":[[[87.4556,25.1267],[87.2296,25.247],[87.2425,25.4842],[87.4818,25.6013],[87.7083,25.4811],[87.695,25.2437],[87.4556,25.1267]]]}},{"type":"Feature","properties":{"id":"nh_access:h3:843c1adffffffff","field":"national_highways","kind":"nh_access","source":"osm+worldpop","confidence":0.9,"population":2145405.0,"nh_distance_km":10.43,"pipeline_access_gain_km":0.31,"share_within_10km":0.484},"geometry":{"type":"Polygon","coordinates":[[[86.7405,24.7735],[86.5153,24.8931],[86.5275,25.1307],[86.7654,25.2489],[86.991,25.1294],[86.9784,24.8916],[86.7405,24.7735]]]}},{"type":"Feature","properties":{"id":"nh_access:h3:843c1b1ffffffff","field":"national_highways","kind":"nh_access","source":"osm+worldpop","confidence":0.9,"population":1330456.0,"nh_distance_km":7.04,"pipeline_access_gain_km":0.0,"share_within_10km":0.723},"geometry":{"type":"Polygon","coordinates":[[[88.3879,25.1169],[88.1613,25.2389],[88.175,25.4765],[88.4158,25.5924],[88.6428,25.4705],[88.6287,25.2326],[88.3879,25.1169]]]}},{"type":"Feature","properties":{"id":"nh_access:h3:843c1b3ffffffff","field":"national_highways","kind":"nh_access","source":"osm+worldpop","confidence":0.9,"population":820692.0,"nh_distance_km":4.7,"pipeline_access_gain_km":0.0,"share_within_10km":0.881},"geometry":{"type":"Polygon","coordinates":[[[88.8555,25.1097],[88.6287,25.2326],[88.6428,25.4705],[88.8842,25.5857],[89.1114,25.4629],[89.0969,25.2248],[88.8555,25.1097]]]}},{"type":"Feature","properties":{"id":"nh_access:h3:843c1b5ffffffff","field":"national_highways","kind":"nh_access","source":"osm+worldpop","confidence":0.9,"population":2012535.0,"nh_distance_km":4.84,"pipeline_access_gain_km":0.0,"share_within_10km":0.899},"geometry":{"type":"Polygon","coordinates":[[[88.134,24.762],[87.9078,24.8842],[87.9213,25.1225],[88.1613,25.2389],[88.3879,25.1169],[88.374,24.8783],[88.134,24.762]]]}},{"type":"Feature","properties":{"id":"nh_access:h3:843c1b7ffffffff","field":"national_highways","kind":"nh_access","source":"osm+worldpop","confidence":0.9,"population":59417.0,"nh_distance_km":20.72,"pipeline_access_gain_km":0.0,"share_within_10km":0.0},"geometry":{"type":"Polygon","coordinates":[[[88.6005,24.7553],[88.374,24.8783],[88.3879,25.1169],[88.6287,25.2326],[88.8555,25.1097],[88.8412,24.871],[88.6005,24.7553]]]}},{"type":"Feature","properties":{"id":"nh_access:h3:843c1b9ffffffff","field":"national_highways","kind":"nh_access","source":"osm+worldpop","confidence":0.9,"population":1724856.0,"nh_distance_km":7.81,"pipeline_access_gain_km":0.0,"share_within_10km":0.675},"geometry":{"type":"Polygon","coordinates":[[[88.175,25.4765],[87.9483,25.5976],[87.9618,25.8343],[88.2025,25.9502],[88.4297,25.8293],[88.4158,25.5924],[88.175,25.4765]]]}},{"type":"Feature","properties":{"id":"nh_access:h3:843c1bbffffffff","field":"national_highways","kind":"nh_access","source":"osm+worldpop","confidence":0.9,"population":64212.0,"nh_distance_km":19.81,"pipeline_access_gain_km":0.0,"share_within_10km":0.0},"geometry":{"type":"Polygon","coordinates":[[[88.6428,25.4705],[88.4158,25.5924],[88.4297,25.8293],[88.6711,25.9446],[88.8985,25.8228],[88.8842,25.5857],[88.6428,25.4705]]]}},{"type":"Feature","properties":{"id":"nh_access:h3:843c1bdffffffff","field":"national_highways","kind":"nh_access","source":"osm+worldpop","confidence":0.9,"population":2200651.0,"nh_distance_km":4.4,"pipeline_access_gain_km":0.15,"share_within_10km":0.936},"geometry":{"type":"Polygon","coordinates":[[[87.9213,25.1225],[87.695,25.2437],[87.7083,25.4811],[87.9483,25.5976],[88.175,25.4765],[88.1613,25.2389],[87.9213,25.1225]]]}},{"type":"Feature","properties":{"id":"nh_access:h3:843c1c3ffffffff","field":"national_highways","kind":"nh_access","source":"osm+worldpop","confidence":0.9,"population":20037.0,"nh_distance_km":2.85,"pipeline_access_gain_km":0.0,"share_within_10km":1.0},"geometry":{"type":"Polygon","coordinates":[[[87.0673,26.5454],[86.8405,26.6625],[86.8531,26.8962],[87.0929,27.013],[87.3202,26.8961],[87.3072,26.6621],[87.0673,26.5454]]]}},{"type":"Feature","properties":{"id":"nh_access:h3:843c1c5ffffffff","field":"national_highways","kind":"nh_access","source":"osm+worldpop","confidence":0.9,"population":1999469.0,"nh_distance_km":4.66,"pipeline_access_gain_km":0.0,"share_within_10km":0.92},"geometry":{"type":"Polygon","coordinates":[[[86.3506,26.1929],[86.1246,26.3093],[86.1365,26.5434],[86.3749,26.6614],[86.6013,26.5452],[86.589,26.3108],[86.3506,26.1929]]]}},{"type":"Feature","properties":{"id":"nh_access:h3:843c1c7ffffffff","field":"national_highways","kind":"nh_access","source":"osm+worldpop","confidence":0.9,"population":1187056.0,"nh_distance_km":3.41,"pipeline_access_gain_km":0.0,"share_within_10km":0.967},"geometry":{"type":"Polygon","coordinates":[[[86.8154,26.1935],[86.589,26.3108],[86.6013,26.5452],[86.8405,26.6625],[87.0673,26.5454],[87.0545,26.3108],[86.8154,26.1935]]]}},{"type":"Feature","properties":{"id":"nh_access:h3:843c1cdffffffff","field":"national_highways","kind":"nh_access","source":"osm+worldpop","confidence":0.9,"population":297359.0,"nh_distance_km":1.59,"pipeline_access_gain_km":0.0,"share_within_10km":1.0},"geometry":{"type":"Polygon","coordinates":[[[86.1365,26.5434],[85.9105,26.6588],[85.9222,26.892],[86.1605,27.0101],[86.387,26.8949],[86.3749,26.6614],[86.1365,26.5434]]]}},{"type":"Feature","properties":{"id":"nh_access:h3:843c1d1ffffffff","field":"national_highways","kind":"nh_access","source":"osm+worldpop","confidence":0.9,"population":3595.0,"nh_distance_km":23.02,"pipeline_access_gain_km":0.0,"share_within_10km":0.0},"geometry":{"type":"Polygon","coordinates":[[[87.7885,26.8943],[87.5608,27.0122],[87.5741,27.2454],[87.8154,27.3609],[88.0435,27.2432],[88.0298,27.0098],[87.7885,26.8943]]]}},{"type":"Feature","properties":{"id":"nh_access:h3:843c1d3ffffffff","field":"national_highways","kind":"nh_access","source":"osm+worldpop","confidence":0.9,"population":1189964.0,"nh_distance_km":4.07,"pipeline_access_gain_km":0.0,"share_within_10km":0.899},"geometry":{"type":"Polygon","coordinates":[[[88.2578,26.8911],[88.0298,27.0098],[88.0435,27.2432],[88.2855,27.3581],[88.5139,27.2395],[88.4998,27.0059],[88.2578,26.8911]]]}},{"type":"Feature","properties":{"id":"nh_access:h3:843c1d7ffffffff","field":"national_highways","kind":"nh_access","source":"osm+worldpop","confidence":0.9,"population":182130.0,"nh_distance_km":4.01,"pipeline_access_gain_km":0.0,"share_within_10km":0.959},"geometry":{"type":"Polygon","coordinates":[[[88.0026,26.5413],[87.7751,26.6602],[87.7885,26.8943],[88.0298,27.0098],[88.2578,26.8911],[88.2439,26.6567],[88.0026,26.5413]]]}},{"type":"Feature","properties":{"id":"nh_access:h3:843c1dbffffffff","field":"national_highways","kind":"nh_access","source":"osm+worldpop","confidence":0.9,"population":24361.0,"nh_distance_km":12.95,"pipeline_access_gain_km":0.0,"share_within_10km":0.568},"geometry":{"type":"Polygon","coordinates":[[[88.0435,27.2432],[87.8154,27.3609],[87.8289,27.5934],[88.0709,27.7083],[88.2995,27.5908],[88.2855,27.3581],[88.0435,27.2432]]]}},{"type":"Feature","properties":{"id":"nh_access:h3:843c1e1ffffffff","field":"national_highways","kind":"nh_access","source":"osm+worldpop","confidence":0.9,"population":3076857.0,"nh_distance_km":13.76,"pipeline_access_gain_km":0.0,"share_within_10km":0.266},"geometry":{"type":"Polygon","coordinates":[[[86.3143,25.486],[86.0889,25.6036],[86.1008,25.8394],[86.3385,25.9578],[86.5643,25.8403],[86.5521,25.6043],[86.3143,25.486]]]}},{"type":"Feature","properties":{"id":"nh_access:h3:843c1e3ffffffff","field":"national_highways","kind":"nh_access","source":"osm+worldpop","confidence":0.9,"population":2441675.0,"nh_distance_km":4.24,"pipeline_access_gain_km":0.05,"share_within_10km":0.98},"geometry":{"type":"Polygon","coordinates":[[[86.7778,25.4859],[86.5521,25.6043],[86.5643,25.8403],[86.8028,25.9581],[87.0291,25.8398],[87.0164,25.6036],[86.7778,25.4859]]]}},{"type":"Feature","properties":{"id":"nh_access:h3:843c1e5ffffffff","field":"national_highways","kind":"nh_access","source":"osm+worldpop","confidence":0.9,"population":2953395.0,"nh_distance_km":3.93,"pipeline_access_gain_km":0.0,"share_within_10km":0.91},"geometry":{"type":"Polygon","coordinates":[[[86.0652,25.1306],[85.8403,25.2483],[85.852,25.4847],[86.0889,25.6036],[86.3143,25.486],[86.3023,25.2493],[86.0652,25.1306]]]}},{"type":"Feature","properties":{"id":"nh_access:h3:843c1e7ffffffff","field":"national_highways","kind":"nh_access","source":"osm+worldpop","confidence":0.9,"population":2628145.0,"nh_distance_km":2.96,"pipeline_access_gain_km":0.32,"share_within_10km":0.993},"geometry":{"type":"Polygon","coordinates":[[[86.5275,25.1307],[86.3023,25.2493],[86.3143,25.486],[86.5521,25.6043],[86.7778,25.4859],[86.7654,25.2489],[86.5275,25.1307]]]}},{"type":"Feature","properties":{"id":"nh_access:h3:843c1e9ffffffff","field":"national_highways","kind":"nh_access","source":"osm+worldpop","confidence":0.9,"population":3753743.0,"nh_distance_km":6.51,"pipeline_access_gain_km":0.16,"share_within_10km":0.748},"geometry":{"type":"Polygon","coordinates":[[[86.1008,25.8394],[85.8753,25.956],[85.887,26.1908],[86.1246,26.3093],[86.3506,26.1929],[86.3385,25.9578],[86.1008,25.8394]]]}},{"type":"Feature","properties":{"id":"nh_access:h3:843c1ebffffffff","field":"national_highways","kind":"nh_access","source":"osm+worldpop","confidence":0.9,"population":2465982.0,"nh_distance_km":4.29,"pipeline_access_gain_km":0.1,"share_within_10km":0.919},"geometry":{"type":"Polygon","coordinates":[[[86.5643,25.8403],[86.3385,25.9578],[86.3506,26.1929],[86.589,26.3108],[86.8154,26.1935],[86.8028,25.9581],[86.5643,25.8403]]]}},{"type":"Feature","properties":{"id":"nh_access:h3:843c1edffffffff","field":"national_highways","kind":"nh_access","source":"osm+worldpop","confidence":0.9,"population":3472164.0,"nh_distance_km":4.73,"pipeline_access_gain_km":0.09,"share_within_10km":0.907},"geometry":{"type":"Polygon","coordinates":[[[85.852,25.4847],[85.627,25.6015],[85.6385,25.837],[85.8753,25.956],[86.1008,25.8394],[86.0889,25.6036],[85.852,25.4847]]]}},{"type":"Feature","properties":{"id":"nh_access:h3:843c321ffffffff","field":"national_highways","kind":"nh_access","source":"osm+worldpop","confidence":0.9,"population":1661964.0,"nh_distance_km":13.89,"pipeline_access_gain_km":0.0,"share_within_10km":0.383},"geometry":{"type":"Polygon","coordinates":[[[82.4741,27.6174],[82.708,27.5123],[82.7076,27.2843],[82.4748,27.1614],[82.2415,27.2656],[82.2404,27.4937],[82.4741,27.6174]]]}},{"type":"Feature","properties":{"id":"nh_access:h3:843c323ffffffff","field":"national_highways","kind":"nh_access","source":"osm+worldpop","confidence":0.9,"population":1404809.0,"nh_distance_km":4.93,"pipeline_access_gain_km":0.0,"share_within_10km":0.837},"geometry":{"type":"Polygon","coordinates":[[[82.9422,27.6351],[83.175,27.5292],[83.1729,27.3015],[82.9397,27.1794],[82.7076,27.2843],[82.708,27.5123],[82.9422,27.6351]]]}},{"type":"Feature","properties":{"id":"nh_access:h3:843c325ffffffff","field":"national_highways","kind":"nh_access","source":"osm+worldpop","confidence":0.9,"population":1634514.0,"nh_distance_km":6.39,"pipeline_access_gain_km":0.3,"share_within_10km":0.761},"geometry":{"type":"Polygon","coordinates":[[[82.2415,27.2656],[82.4748,27.1614],[82.4752,26.9343],[82.2438,26.8113],[82.0112,26.9146],[82.0093,27.1418],[82.2415,27.2656]]]}},{"type":"Feature","properties":{"id":"nh_access:h3:843c327ffffffff","field":"national_highways","kind":"nh_access","source":"osm+worldpop","confidence":0.9,"population":1921567.0,"nh_distance_km":10.77,"pipeline_access_gain_km":0.0,"share_within_10km":0.525},"geometry":{"type":"Polygon","coordinates":[[[82.7076,27.2843],[82.9397,27.1794],[82.9385,26.9525],[82.7067,26.8304],[82.4752,26.9343],[82.4748,27.1614],[82.7076,27.2843]]]}},{"type":"Feature","properties":{"id":"nh_access:h3:843c329ffffffff","field":"national_highways","kind":"nh_access","source":"osm+worldpop","confidence":0.9,"population":540422.0,"nh_distance_km":18.81,"pipeline_access_gain_km":0.0,"share_within_10km":0.181},"geometry":{"type":"Polygon","coordinates":[[[82.2381,27.9518],[82.4738,27.8464],[82.4741,27.6174],[82.2404,27.4937],[82.0053,27.5982],[82.0034,27.8273],[82.2381,27.9518]]]}},{"type":"Feature","properties":{"id":"nh_access:h3:843c32bffffffff","field":"national_highways","kind":"nh_access","source":"osm+worldpop","confidence":0.9,"population":151424.0,"nh_distance_km":5.78,"pipeline_access_gain_km":0.0,"share_within_10km":0.927},"geometry":{"type":"Polygon","coordinates":[[[82.709,27.97],[82.9435,27.8638],[82.9422,27.6351],[82.708,27.5123],[82.4741,27.6174],[82.4738,27.8464],[82.709,27.97]]]}},{"type":"Feature","properties":{"id":"nh_access:h3:843c32dffffffff","field":"national_highways","kind":"nh_access","source":"osm+worldpop","confidence":0.9,"population":1865726.0,"nh_distance_km":6.42,"pipeline_access_gain_km":0.0,"share_within_10km":0.744},"geometry":{"type":"Polygon","coordinates":[[[82.0053,27.5982],[82.2404,27.4937],[82.2415,27.2656],[82.0093,27.1418],[81.7748,27.2453],[81.7721,27.4736],[82.0053,27.5982]]]}},{"type":"Feature","properties":{"id":"nh_access:h3:843c335ffffffff","field":"national_highways","kind":"nh_access","source":"osm+worldpop","confidence":0.9,"population":869676.0,"nh_distance_km":4.81,"pipeline_access_gain_km":0.03,"share_within_10km":0.902},"geometry":{"type":"Polygon","coordinates":[[[83.4096,27.6511],[83.6411,27.5445],[83.6375,27.317],[83.4039,27.1959],[83.1729,27.3015],[83.175,27.5292],[83.4096,27.6511]]]}},{"type":"Feature","properties":{"id":"nh_access:h3:843c337ffffffff","field":"national_highways","kind":"nh_access","source":"osm+worldpop","confidence":0.9,"population":486829.0,"nh_distance_km":6.72,"pipeline_access_gain_km":0.0,"share_within_10km":0.744},"geometry":{"type":"Polygon","coordinates":[[[83.8761,27.6655],[84.1064,27.5583],[84.0963,27.3279],[83.8617,27.2073],[83.6375,27.317],[83.6411,27.5445],[83.8761,27.6655]]]}},{"type":"Feature","properties":{"id":"nh_access:h3:843c361ffffffff","field":"national_highways","kind":"nh_access","source":"osm+worldpop","confidence":0.9,"population":772002.0,"nh_distance_km":4.28,"pipeline_access_gain_km":0.0,"share_within_10km":0.894},"geometry":{"type":"Polygon","coordinates":[[[81.525,28.2671],[81.7637,28.1622],[81.7665,27.932],[81.5323,27.8066],[81.2943,27.9106],[81.2898,28.1409],[81.525,28.2671]]]}},{"type":"Feature","properties":{"id":"nh_access:h3:843c363ffffffff","field":"national_highways","kind":"nh_access","source":"osm+worldpop","confidence":0.9,"population":39227.0,"nh_distance_km":37.54,"pipeline_access_gain_km":0.0,"share_within_10km":0.0},"geometry":{"type":"Polygon","coordinates":[[[81.9994,28.2874],[82.2369,28.1818],[82.2381,27.9518],[82.0034,27.8273],[81.7665,27.932],[81.7637,28.1622],[81.9994,28.2874]]]}},{"type":"Feature","properties":{"id":"nh_access:h3:843c365ffffffff","field":"national_highways","kind":"nh_access","source":"osm+worldpop","confidence":0.9,"population":1274195.0,"nh_distance_km":15.51,"pipeline_access_gain_km":0.0,"share_within_10km":0.193},"geometry":{"type":"Polygon","coordinates":[[[81.2943,27.9106],[81.5323,27.8066],[81.5359,27.5773],[81.3032,27.4519],[81.0659,27.5549],[81.0607,27.7843],[81.2943,27.9106]]]}},{"type":"Feature","properties":{"id":"nh_access:h3:843c367ffffffff","field":"national_highways","kind":"nh_access","source":"osm+worldpop","confidence":0.9,"population":1681510.0,"nh_distance_km":9.55,"pipeline_access_gain_km":0.0,"share_within_10km":0.597},"geometry":{"type":"Polygon","coordinates":[[[81.7665,27.932],[82.0034,27.8273],[82.0053,27.5982],[81.7721,27.4736],[81.5359,27.5773],[81.5323,27.8066],[81.7665,27.932]]]}},{"type":"Feature","properties":{"id":"nh_access:h3:843c369ffffffff","field":"national_highways","kind":"nh_access","source":"osm+worldpop","confidence":0.9,"population":139050.0,"nh_distance_km":4.36,"pipeline_access_gain_km":0.0,"share_within_10km":0.982},"geometry":{"type":"Polygon","coordinates":[[[81.2808,28.6033],[81.5213,28.4982],[81.525,28.2671],[81.2898,28.1409],[81.05,28.245],[81.0447,28.4763],[81.2808,28.6033]]]}},{"type":"Feature","properties":{"id":"nh_access:h3:843c36dffffffff","field":"national_highways","kind":"nh_access","source":"osm+worldpop","confidence":0.9,"population":1164603.0,"nh_distance_km":8.79,"pipeline_access_gain_km":0.0,"share_within_10km":0.632},"geometry":{"type":"Polygon","coordinates":[[[81.05,28.245],[81.2898,28.1409],[81.2943,27.9106],[81.0607,27.7843],[80.8216,27.8875],[80.8155,28.1179],[81.05,28.245]]]}},{"type":"Feature","properties":{"id":"nh_access:h3:843c427ffffffff","field":"national_highways","kind":"nh_access","source":"osm+worldpop","confidence":0.9,"population":362.0,"nh_distance_km":82.03,"pipeline_access_gain_km":0.0,"share_within_10km":0.0},"geometry":{"type":"Polygon","coordinates":[[[94.3868,29.1585],[94.1558,29.2846],[94.175,29.5132],[94.4256,29.6158],[94.6568,29.4898],[94.6372,29.2611],[94.3868,29.1585]]]}},{"type":"Feature","properties":{"id":"nh_access:h3:843c503ffffffff","field":"national_highways","kind":"nh_access","source":"osm+worldpop","confidence":0.9,"population":6352.0,"nh_distance_km":46.54,"pipeline_access_gain_km":0.0,"share_within_10km":0.0},"geometry":{"type":"Polygon","coordinates":[[[93.1022,28.1741],[92.8718,28.2995],[92.8898,28.5308],[93.1386,28.6368],[93.3692,28.5115],[93.3508,28.2801],[93.1022,28.1741]]]}},{"type":"Feature","properties":{"id":"nh_access:h3:843c507ffffffff","field":"national_highways","kind":"nh_access","source":"osm+worldpop","confidence":0.9,"population":8431.0,"nh_distance_km":44.37,"pipeline_access_gain_km":0.0,"share_within_10km":0.0},"geometry":{"type":"Polygon","coordinates":[[[92.8359,27.835],[92.6058,27.9605],[92.6235,28.1927],[92.8718,28.2995],[93.1022,28.1741],[93.084,27.9418],[92.8359,27.835]]]}},{"type":"Feature","properties":{"id":"nh_access:h3:843c511ffffffff","field":"national_highways","kind":"nh_access","source":"osm+worldpop","confidence":0.9,"population":5537.0,"nh_distance_km":75.72,"pipeline_access_gain_km":0.0,"share_within_10km":0.0},"geometry":{"type":"Polygon","coordinates":[[[93.8489,28.4904],[93.6184,28.6166],[93.6371,28.8471],[93.8867,28.9515],[94.1175,28.8253],[94.0984,28.5948],[93.8489,28.4904]]]}},{"type":"Feature","properties":{"id":"nh_access:h3:843c513ffffffff","field":"national_highways","kind":"nh_access","source":"osm+worldpop","confidence":0.9,"population":7903.0,"nh_distance_km":63.26,"pipeline_access_gain_km":0.0,"share_within_10km":0.0},"geometry":{"type":"Polygon","coordinates":[[[94.3288,28.4676],[94.0984,28.5948],[94.1175,28.8253],[94.3674,28.9288],[94.5981,28.8018],[94.5786,28.5712],[94.3288,28.4676]]]}},{"type":"Feature","properties":{"id":"nh_access:h3:843c515ffffffff","field":"national_highways","kind":"nh_access","source":"osm+worldpop","confidence":0.9,"population":7822.0,"nh_distance_km":48.01,"pipeline_access_gain_km":0.0,"share_within_10km":0.0},"geometry":{"type":"Polygon","coordinates":[[[93.5811,28.1538],[93.3508,28.2801],[93.3692,28.5115],[93.6184,28.6166],[93.8489,28.4904],[93.8301,28.2589],[93.5811,28.1538]]]}},{"type":"Feature","properties":{"id":"nh_access:h3:843c517ffffffff","field":"national_highways","kind":"nh_access","source":"osm+worldpop","confidence":0.9,"population":28632.0,"nh_distance_km":36.51,"pipeline_access_gain_km":0.0,"share_within_10km":0.0},"geometry":{"type":"Polygon","coordinates":[[[94.0603,28.1317],[93.8301,28.2589],[93.8489,28.4904],[94.0984,28.5948],[94.3288,28.4676],[94.3096,28.2361],[94.0603,28.1317]]]}},{"type":"Feature","properties":{"id":"nh_access:h3:843c51bffffffff","field":"national_highways","kind":"nh_access","source":"osm+worldpop","confidence":0.9,"population":2123.0,"nh_distance_km":85.05,"pipeline_access_gain_km":0.0,"share_within_10km":0.0},"geometry":{"type":"Polygon","coordinates":[[[94.1175,28.8253],[93.8867,28.9515],[93.9056,29.1811],[94.1558,29.2846],[94.3868,29.1585],[94.3674,28.9288],[94.1175,28.8253]]]}},{"type":"Feature","properties":{"id":"nh_access:h3:843c51dffffffff","field":"national_highways","kind":"nh_access","source":"osm+worldpop","confidence":0.9,"population":991.0,"nh_distance_km":77.12,"pipeline_access_gain_km":0.0,"share_within_10km":0.0},"geometry":{"type":"Polygon","coordinates":[[[93.3692,28.5115],[93.1386,28.6368],[93.1569,28.8672],[93.4062,28.9724],[93.6371,28.8471],[93.6184,28.6166],[93.3692,28.5115]]]}},{"type":"Feature","properties":{"id":"nh_access:h3:843c521ffffffff","field":"national_highways","kind":"nh_access","source":"osm+worldpop","confidence":0.9,"population":47813.0,"nh_distance_km":3.78,"pipeline_access_gain_km":0.0,"share_within_10km":0.871},"geometry":{"type":"Polygon","coordinates":[[[92.3056,27.152],[92.0761,27.2776],[92.0933,27.5116],[92.3405,27.6199],[92.5703,27.4943],[92.5527,27.2603],[92.3056,27.152]]]}},{"type":"Feature","properties":{"id":"nh_access:h3:843c523ffffffff","field":"national_highways","kind":"nh_access","source":"osm+worldpop","confidence":0.9,"population":50057.0,"nh_distance_km":5.68,"pipeline_access_gain_km":0.0,"share_within_10km":0.803},"geometry":{"type":"Polygon","coordinates":[[[92.7822,27.1337],[92.5527,27.2603],[92.5703,27.4943],[92.8179,27.6019],[93.0477,27.4754],[93.0296,27.2413],[92.7822,27.1337]]]}},{"type":"Feature","properties":{"id":"nh_access:h3:843c525ffffffff","field":"national_highways","kind":"nh_access","source":"osm+worldpop","confidence":0.9,"population":44896.0,"nh_distance_km":10.45,"pipeline_access_gain_km":0.0,"share_within_10km":0.5},"geometry":{"type":"Polygon","coordinates":[[[92.0416,26.8081],[91.8124,26.9338],[91.8294,27.1686],[92.0761,27.2776],[92.3056,27.152],[92.2882,26.9171],[92.0416,26.8081]]]}},{"type":"Feature","properties":{"id":"nh_access:h3:843c527ffffffff","field":"national_highways","kind":"nh_access","source":"osm+worldpop","confidence":0.9,"population":170999.0,"nh_distance_km":16.22,"pipeline_access_gain_km":0.0,"share_within_10km":0.113},"geometry":{"type":"Polygon","coordinates":[[[92.5174,26.7905],[92.2882,26.9171],[92.3056,27.152],[92.5527,27.2603],[92.7822,27.1337],[92.7643,26.8988],[92.5174,26.7905]]]}},{"type":"Feature","properties":{"id":"nh_access:h3:843c529ffffffff","field":"national_highways","kind":"nh_access","source":"osm+worldpop","confidence":0.9,"population":16579.0,"nh_distance_km":6.09,"pipeline_access_gain_km":0.0,"share_within_10km":0.851},"geometry":{"type":"Polygon","coordinates":[[[92.0933,27.5116],[91.8636,27.6363],[91.8807,27.8692],[92.128,27.9776],[92.358,27.8529],[92.3405,27.6199],[92.0933,27.5116]]]}},{"type":"Feature","properties":{"id":"nh_access:h3:843c52bffffffff","field":"national_highways","kind":"nh_access","source":"osm+worldpop","confidence":0.9,"population":6963.0,"nh_distance_km":37.6,"pipeline_access_gain_km":0.0,"share_within_10km":0.0},"geometry":{"type":"Polygon","coordinates":[[[92.5703,27.4943],[92.3405,27.6199],[92.358,27.8529],[92.6058,27.9605],[92.8359,27.835],[92.8179,27.6019],[92.5703,27.4943]]]}},{"type":"Feature","properties":{"id":"nh_access:h3:843c52dffffffff","field":"national_highways","kind":"nh_access","source":"osm+worldpop","confidence":0.9,"population":36476.0,"nh_distance_km":4.24,"pipeline_access_gain_km":0.0,"share_within_10km":0.817},"geometry":{"type":"Polygon","coordinates":[[[91.8294,27.1686],[91.6,27.2934],[91.6168,27.5272],[91.8636,27.6363],[92.0933,27.5116],[92.0761,27.2776],[91.8294,27.1686]]]}},{"type":"Feature","properties":{"id":"nh_access:h3:843c531ffffffff","field":"national_highways","kind":"nh_access","source":"osm+worldpop","confidence":0.9,"population":77160.0,"nh_distance_km":5.64,"pipeline_access_gain_km":0.0,"share_within_10km":0.801},"geometry":{"type":"Polygon","coordinates":[[[93.5254,27.4548],[93.2957,27.5822],[93.314,27.8154],[93.5625,27.9214],[93.7925,27.7941],[93.7737,27.5608],[93.5254,27.4548]]]}},{"type":"Feature","properties":{"id":"nh_access:h3:843c533ffffffff","field":"national_highways","kind":"nh_access","source":"osm+worldpop","confidence":0.9,"population":78615.0,"nh_distance_km":3.08,"pipeline_access_gain_km":0.0,"share_within_10km":0.889},"geometry":{"type":"Polygon","coordinates":[[[94.0034,27.4326],[93.7737,27.5608],[93.7925,27.7941],[94.0413,27.8993],[94.2712,27.7712],[94.252,27.5378],[94.0034,27.4326]]]}},{"type":"Feature","properties":{"id":"nh_access:h3:843c535ffffffff","field":"national_highways","kind":"nh_access","source":"osm+worldpop","confidence":0.9,"population":45522.0,"nh_distance_km":6.3,"pipeline_access_gain_km":0.0,"share_within_10km":0.757},"geometry":{"type":"Polygon","coordinates":[[[93.2591,27.1139],[93.0296,27.2413],[93.0477,27.4754],[93.2957,27.5822],[93.5254,27.4548],[93.5069,27.2206],[93.2591,27.1139]]]}},{"type":"Feature","properties":{"id":"nh_access:h3:843c537ffffffff","field":"national_highways","kind":"nh_access","source":"osm+worldpop","confidence":0.9,"population":156543.0,"nh_distance_km":3.73,"pipeline_access_gain_km":0.0,"share_within_10km":0.903},"geometry":{"type":"Polygon","coordinates":[[[93.7363,27.0924],[93.5069,27.2206],[93.5254,27.4548],[93.7737,27.5608],[94.0034,27.4326],[93.9845,27.1984],[93.7363,27.0924]]]}},{"type":"Feature","properties":{"id":"nh_access:h3:843c539ffffffff","field":"national_highways","kind":"nh_access","source":"osm+worldpop","confidence":0.9,"population":34416.0,"nh_distance_km":11.6,"pipeline_access_gain_km":0.0,"share_within_10km":0.513},"geometry":{"type":"Polygon","coordinates":[[[93.314,27.8154],[93.084,27.9418],[93.1022,28.1741],[93.3508,28.2801],[93.5811,28.1538],[93.5625,27.9214],[93.314,27.8154]]]}},{"type":"Feature","properties":{"id":"nh_access:h3:843c53bffffffff","field":"national_highways","kind":"nh_access","source":"osm+worldpop","confidence":0.9,"population":65627.0,"nh_distance_km":22.97,"pipeline_access_gain_km":0.0,"share_within_10km":0.001},"geometry":{"type":"Polygon","coordinates":[[[93.7925,27.7941],[93.5625,27.9214],[93.5811,28.1538],[93.8301,28.2589],[94.0603,28.1317],[94.0413,27.8993],[93.7925,27.7941]]]}},{"type":"Feature","properties":{"id":"nh_access:h3:843c53dffffffff","field":"national_highways","kind":"nh_access","source":"osm+worldpop","confidence":0.9,"population":20108.0,"nh_distance_km":27.1,"pipeline_access_gain_km":0.0,"share_within_10km":0.0},"geometry":{"type":"Polygon","coordinates":[[[93.0477,27.4754],[92.8179,27.6019],[92.8359,27.835],[93.084,27.9418],[93.314,27.8154],[93.2957,27.5822],[93.0477,27.4754]]]}},{"type":"Feature","properties":{"id":"nh_access:h3:843c567ffffffff","field":"national_highways","kind":"nh_access","source":"osm+worldpop","confidence":0.9,"population":7509.0,"nh_distance_km":14.25,"pipeline_access_gain_km":0.0,"share_within_10km":0.305},"geometry":{"type":"Polygon","coordinates":[[[91.6168,27.5272],[91.3871,27.651],[91.4038,27.8838],[91.6506,27.993],[91.8807,27.8692],[91.8636,27.6363],[91.6168,27.5272]]]}},{"type":"Feature","properties":{"id":"nh_access:h3:843c581ffffffff","field":"national_highways","kind":"nh_access","source":"osm+worldpop","confidence":0.9,"population":15557.0,"nh_distance_km":4.05,"pipeline_access_gain_km":0.0,"share_within_10km":0.87},"geometry":{"type":"Polygon","coordinates":[[[95.9783,28.0269],[95.7487,28.1575],[95.7692,28.3891],[96.0196,28.4902],[96.2493,28.3596],[96.2284,28.1279],[95.9783,28.0269]]]}},{"type":"Feature","properties":{"id":"nh_access:h3:843c583ffffffff","field":"national_highways","kind":"nh_access","source":"osm+worldpop","confidence":0.9,"population":9784.0,"nh_distance_km":14.88,"pipeline_access_gain_km":0.0,"share_within_10km":0.377},"geometry":{"type":"Polygon","coordinates":[[[96.4577,27.9965],[96.2284,28.1279],[96.2493,28.3596],[96.4999,28.4598],[96.7293,28.3283],[96.708,28.0967],[96.4577,27.9965]]]}},{"type":"Feature","properties":{"id":"nh_access:h3:843c585ffffffff","field":"national_highways","kind":"nh_access","source":"osm+worldpop","confidence":0.9,"population":183114.0,"nh_distance_km":5.48,"pipeline_access_gain_km":0.0,"share_within_10km":0.837},"geometry":{"type":"Polygon","coordinates":[[[95.7079,27.6924],[95.4785,27.8231],[95.4987,28.0556],[95.7487,28.1575],[95.9783,28.0269],[95.9577,27.7943],[95.7079,27.6924]]]}},{"type":"Feature","properties":{"id":"nh_access:h3:843c587ffffffff","field":"national_highways","kind":"nh_access","source":"osm+worldpop","confidence":0.9,"population":67473.0,"nh_distance_km":3.03,"pipeline_access_gain_km":0.0,"share_within_10km":0.97},"geometry":{"type":"Polygon","coordinates":[[[96.1868,27.6628],[95.9577,27.7943],[95.9783,28.0269],[96.2284,28.1279],[96.4577,27.9965],[96.4367,27.7639],[96.1868,27.6628]]]}},{"type":"Feature","properties":{"id":"nh_access:h3:843c589ffffffff","field":"national_highways","kind":"nh_access","source":"osm+worldpop","confidence":0.9,"population":2542.0,"nh_distance_km":6.11,"pipeline_access_gain_km":0.0,"share_within_10km":0.7},"geometry":{"type":"Polygon","coordinates":[[[95.7692,28.3891],[95.5393,28.5189],[95.5596,28.7496],[95.8102,28.8505],[96.0403,28.7209],[96.0196,28.4902],[95.7692,28.3891]]]}},{"type":"Feature","properties":{"id":"nh_access:h3:843c58bffffffff","field":"national_highways","kind":"nh_access","source":"osm+worldpop","confidence":0.9,"population":1318.0,"nh_distance_km":27.61,"pipeline_access_gain_km":0.0,"share_within_10km":0.0},"geometry":{"type":"Polygon","coordinates":[[[96.2493,28.3596],[96.0196,28.4902],[96.0403,28.7209],[96.2911,28.821],[96.521,28.6905],[96.4999,28.4598],[96.2493,28.3596]]]}},{"type":"Feature","properties":{"id":"nh_access:h3:843c58dffffffff","field":"national_highways","kind":"nh_access","source":"osm+worldpop","confidence":0.9,"population":14111.0,"nh_distance_km":4.84,"pipeline_access_gain_km":0.0,"share_within_10km":0.891},"geometry":{"type":"Polygon","coordinates":[[[95.4987,28.0556],[95.269,28.1854],[95.289,28.417],[95.5393,28.5189],[95.7692,28.3891],[95.7487,28.1575],[95.4987,28.0556]]]}},{"type":"Feature","properties":{"id":"nh_access:h3:843c591ffffffff","field":"national_highways","kind":"nh_access","source":"osm+worldpop","confidence":0.9,"population":16.0,"nh_distance_km":12.91,"pipeline_access_gain_km":0.0,"share_within_10km":0.0},"geometry":{"type":"Polygon","coordinates":[[[97.2091,28.2954],[96.98,28.4277],[97.0015,28.6584],[97.2525,28.7568],[97.4818,28.6246],[97.4599,28.3939],[97.2091,28.2954]]]}},{"type":"Feature","properties":{"id":"nh_access:h3:843c595ffffffff","field":"national_highways","kind":"nh_access","source":"osm+worldpop","confidence":0.9,"population":6631.0,"nh_distance_km":11.01,"pipeline_access_gain_km":0.0,"share_within_10km":0.43},"geometry":{"type":"Polygon","coordinates":[[[96.9371,27.9644],[96.708,28.0967],[96.7293,28.3283],[96.98,28.4277],[97.2091,28.2954],[97.1875,28.0637],[96.9371,27.9644]]]}},{"type":"Feature","properties":{"id":"nh_access:h3:843c597ffffffff","field":"national_highways","kind":"nh_access","source":"osm+worldpop","confidence":0.9,"population":857.0,"nh_distance_km":27.94,"pipeline_access_gain_km":0.0,"share_within_10km":0.0},"geometry":{"type":"Polygon","coordinates":[[[97.4162,27.9306],[97.1875,28.0637],[97.2091,28.2954],[97.4599,28.3939],[97.6887,28.2608],[97.6666,28.0292],[97.4162,27.9306]]]}},{"type":"Feature","properties":{"id":"nh_access:h3:843c59dffffffff","field":"national_highways","kind":"nh_access","source":"osm+worldpop","confidence":0.9,"population":445.0,"nh_distance_km":33.69,"pipeline_access_gain_km":0.0,"share_within_10km":0.0},"geometry":{"type":"Polygon","coordinates":[[[96.7293,28.3283],[96.4999,28.4598],[96.521,28.6905],[96.7719,28.7897],[97.0015,28.6584],[96.98,28.4277],[96.7293,28.3283]]]}},{"type":"Feature","properties":{"id":"nh_access:h3:843c5a1ffffffff","field":"national_highways","kind":"nh_access","source":"osm+worldpop","confidence":0.9,"population":378545.0,"nh_distance_km":3.62,"pipeline_access_gain_km":0.0,"share_within_10km":0.921},"geometry":{"type":"Polygon","coordinates":[[[95.6469,26.9901],[95.4181,27.1217],[95.4382,27.3561],[95.6876,27.4589],[95.9166,27.3273],[95.896,27.0929],[95.6469,26.9901]]]}},{"type":"Feature","properties":{"id":"nh_access:h3:843c5a3ffffffff","field":"national_highways","kind":"nh_access","source":"osm+worldpop","confidence":0.9,"population":16242.0,"nh_distance_km":4.15,"pipeline_access_gain_km":0.0,"share_within_10km":0.823},"geometry":{"type":"Polygon","coordinates":[[[96.1247,26.9604],[95.896,27.0929],[95.9166,27.3273],[96.1661,27.4293],[96.3948,27.2969],[96.3739,27.0625],[96.1247,26.9604]]]}},{"type":"Feature","properties":{"id":"nh_access:h3:843c5a5ffffffff","field":"national_highways","kind":"nh_access","source":"osm+worldpop","confidence":0.9,"population":105474.0,"nh_distance_km":5.6,"pipeline_access_gain_km":0.0,"share_within_10km":0.789},"geometry":{"type":"Polygon","coordinates":[[[95.378,26.6512],[95.1493,26.7828],[95.1692,27.0181],[95.4181,27.1217],[95.6469,26.9901],[95.6267,26.7548],[95.378,26.6512]]]}},{"type":"Feature","properties":{"id":"nh_access:h3:843c5a7ffffffff","field":"national_highways","kind":"nh_access","source":"osm+worldpop","confidence":0.9,"population":5986.0,"nh_distance_km":12.96,"pipeline_access_gain_km":0.0,"share_within_10km":0.162},"geometry":{"type":"Polygon","coordinates":[[[95.8551,26.6223],[95.6267,26.7548],[95.6469,26.9901],[95.896,27.0929],[96.1247,26.9604],[96.104,26.7251],[95.8551,26.6223]]]}},{"type":"Feature","properties":{"id":"nh_access:h3:843c5a9ffffffff","field":"national_highways","kind":"nh_access","source":"osm+worldpop","confidence":0.9,"population":838652.0,"nh_distance_km":4.1,"pipeline_access_gain_km":0.0,"share_within_10km":0.901},"geometry":{"type":"Polygon","coordinates":[[[95.4382,27.3561],[95.209,27.4868],[95.2289,27.7203],[95.4785,27.8231],[95.7079,27.6924],[95.6876,27.4589],[95.4382,27.3561]]]}},{"type":"Feature","properties":{"id":"nh_access:h3:843c5abffffffff","field":"national_highways","kind":"nh_access","source":"osm+worldpop","confidence":0.9,"population":321070.0,"nh_distance_km":6.0,"pipeline_access_gain_km":0.0,"share_within_10km":0.752},"geometry":{"type":"Polygon","coordinates":[[[95.9166,27.3273],[95.6876,27.4589],[95.7079,27.6924],[95.9577,27.7943],[96.1868,27.6628],[96.1661,27.4293],[95.9166,27.3273]]]}},{"type":"Feature","properties":{"id":"nh_access:h3:843c5adffffffff","field":"national_highways","kind":"nh_access","source":"osm+worldpop","confidence":0.9,"population":961172.0,"nh_distance_km":5.64,"pipeline_access_gain_km":0.0,"share_within_10km":0.829},"geometry":{"type":"Polygon","coordinates":[[[95.1692,27.0181],[94.9401,27.1489],[94.9598,27.3833],[95.209,27.4868],[95.4382,27.3561],[95.4181,27.1217],[95.1692,27.0181]]]}},{"type":"Feature","properties":{"id":"nh_access:h3:843c5b1ffffffff","field":"national_highways","kind":"nh_access","source":"osm+worldpop","confidence":0.9,"population":5625.0,"nh_distance_km":42.74,"pipeline_access_gain_km":0.0,"share_within_10km":0.0},"geometry":{"type":"Polygon","coordinates":[[[96.873,27.2648],[96.6445,27.398],[96.6656,27.6315],[96.9157,27.7318],[97.1443,27.5986],[97.1227,27.3651],[96.873,27.2648]]]}},{"type":"Feature","properties":{"id":"nh_access:h3:843c5b5ffffffff","field":"national_highways","kind":"nh_access","source":"osm+worldpop","confidence":0.9,"population":580.0,"nh_distance_km":39.07,"pipeline_access_gain_km":0.0,"share_within_10km":0.0},"geometry":{"type":"Polygon","coordinates":[[[96.6023,26.9292],[96.3739,27.0625],[96.3948,27.2969],[96.6445,27.398],[96.873,27.2648],[96.8517,27.0304],[96.6023,26.9292]]]}},{"type":"Feature","properties":{"id":"nh_access:h3:843c5b7ffffffff","field":"national_highways","kind":"nh_access","source":"osm+worldpop","confidence":0.9,"population":3158.0,"nh_distance_km":72.1,"pipeline_access_gain_km":0.0,"share_within_10km":0.0},"geometry":{"type":"Polygon","coordinates":[[[97.0798,26.8963],[96.8517,27.0304],[96.873,27.2648],[97.1227,27.3651],[97.3509,27.2311],[97.3293,26.9967],[97.0798,26.8963]]]}},{"type":"Feature","properties":{"id":"nh_access:h3:843c5b9ffffffff","field":"national_highways","kind":"nh_access","source":"osm+worldpop","confidence":0.9,"population":5997.0,"nh_distance_km":7.51,"pipeline_access_gain_km":0.0,"share_within_10km":0.701},"geometry":{"type":"Polygon","coordinates":[[[96.6656,27.6315],[96.4367,27.7639],[96.4577,27.9965],[96.708,28.0967],[96.9371,27.9644],[96.9157,27.7318],[96.6656,27.6315]]]}},{"type":"Feature","properties":{"id":"nh_access:h3:843c5bbffffffff","field":"national_highways","kind":"nh_access","source":"osm+worldpop","confidence":0.9,"population":1870.0,"nh_distance_km":16.21,"pipeline_access_gain_km":0.0,"share_within_10km":0.288},"geometry":{"type":"Polygon","coordinates":[[[97.1443,27.5986],[96.9157,27.7318],[96.9371,27.9644],[97.1875,28.0637],[97.4162,27.9306],[97.3944,27.698],[97.1443,27.5986]]]}},{"type":"Feature","properties":{"id":"nh_access:h3:843c5bdffffffff","field":"national_highways","kind":"nh_access","source":"osm+worldpop","confidence":0.9,"population":22881.0,"nh_distance_km":25.32,"pipeline_access_gain_km":0.0,"share_within_10km":0.016},"geometry":{"type":"Polygon","coordinates":[[[96.3948,27.2969],[96.1661,27.4293],[96.1868,27.6628],[96.4367,27.7639],[96.6656,27.6315],[96.6445,27.398],[96.3948,27.2969]]]}},{"type":"Feature","properties":{"id":"nh_access:h3:843c5c1ffffffff","field":"national_highways","kind":"nh_access","source":"osm+worldpop","confidence":0.9,"population":2092.0,"nh_distance_km":38.59,"pipeline_access_gain_km":0.0,"share_within_10km":0.0},"geometry":{"type":"Polygon","coordinates":[[[95.0788,28.7765],[94.8483,28.9045],[94.8681,29.1341],[95.1187,29.2359],[95.3494,29.1081],[95.3293,28.8784],[95.0788,28.7765]]]}},{"type":"Feature","properties":{"id":"nh_access:h3:843c5c3ffffffff","field":"national_highways","kind":"nh_access","source":"osm+worldpop","confidence":0.9,"population":415.0,"nh_distance_km":38.53,"pipeline_access_gain_km":0.0,"share_within_10km":0.0},"geometry":{"type":"Polygon","coordinates":[[[95.5596,28.7496],[95.3293,28.8784],[95.3494,29.1081],[95.6003,29.209],[95.8308,29.0803],[95.8102,28.8505],[95.5596,28.7496]]]}},{"type":"Feature","properties":{"id":"nh_access:h3:843c5c5ffffffff","field":"national_highways","kind":"nh_access","source":"osm+worldpop","confidence":0.9,"population":7371.0,"nh_distance_km":13.75,"pipeline_access_gain_km":0.0,"share_within_10km":0.441},"geometry":{"type":"Polygon","coordinates":[[[94.8089,28.4432],[94.5786,28.5712],[94.5981,28.8018],[94.8483,28.9045],[95.0788,28.7765],[95.0589,28.5459],[94.8089,28.4432]]]}},{"type":"Feature","properties":{"id":"nh_access:h3:843c5c7ffffffff","field":"national_highways","kind":"nh_access","source":"osm+worldpop","confidence":0.9,"population":14010.0,"nh_distance_km":8.96,"pipeline_access_gain_km":0.0,"share_within_10km":0.563},"geometry":{"type":"Polygon","coordinates":[[[95.289,28.417],[95.0589,28.5459],[95.0788,28.7765],[95.3293,28.8784],[95.5596,28.7496],[95.5393,28.5189],[95.289,28.417]]]}},{"type":"Feature","properties":{"id":"nh_access:h3:843c5c9ffffffff","field":"national_highways","kind":"nh_access","source":"osm+worldpop","confidence":0.9,"population":378.0,"nh_distance_km":72.14,"pipeline_access_gain_km":0.0,"share_within_10km":0.0},"geometry":{"type":"Polygon","coordinates":[[[94.8681,29.1341],[94.6372,29.2611],[94.6568,29.4898],[94.9077,29.5916],[95.1387,29.4647],[95.1187,29.2359],[94.8681,29.1341]]]}},{"type":"Feature","properties":{"id":"nh_access:h3:843c5cbffffffff","field":"national_highways","kind":"nh_access","source":"osm+worldpop","confidence":0.9,"population":21.0,"nh_distance_km":56.21,"pipeline_access_gain_km":0.0,"share_within_10km":0.0},"geometry":{"type":"Polygon","coordinates":[[[95.3494,29.1081],[95.1187,29.2359],[95.1387,29.4647],[95.3898,29.5656],[95.6207,29.4378],[95.6003,29.209],[95.3494,29.1081]]]}},{"type":"Feature","properties":{"id":"nh_access:h3:843c5cdffffffff","field":"national_highways","kind":"nh_access","source":"osm+worldpop","confidence":0.9,"population":3425.0,"nh_distance_km":60.86,"pipeline_access_gain_km":0.0,"share_within_10km":0.0},"geometry":{"type":"Polygon","coordinates":[[[94.5981,28.8018],[94.3674,28.9288],[94.3868,29.1585],[94.6372,29.2611],[94.8681,29.1341],[94.8483,28.9045],[94.5981,28.8018]]]}},{"type":"Feature","properties":{"id":"nh_access:h3:843c5d1ffffffff","field":"national_highways","kind":"nh_access","source":"osm+worldpop","confidence":0.9,"population":873.0,"nh_distance_km":55.06,"pipeline_access_gain_km":0.0,"share_within_10km":0.0},"geometry":{"type":"Polygon","coordinates":[[[96.3121,29.0508],[96.0818,29.1804],[96.1027,29.4092],[96.3541,29.5083],[96.5845,29.3788],[96.5633,29.15],[96.3121,29.0508]]]}},{"type":"Feature","properties":{"id":"nh_access:h3:843c5d5ffffffff","field":"national_highways","kind":"nh_access","source":"osm+worldpop","confidence":0.9,"population":2885.0,"nh_distance_km":18.58,"pipeline_access_gain_km":0.0,"share_within_10km":0.353},"geometry":{"type":"Polygon","coordinates":[[[96.0403,28.7209],[95.8102,28.8505],[95.8308,29.0803],[96.0818,29.1804],[96.3121,29.0508],[96.2911,28.821],[96.0403,28.7209]]]}},{"type":"Feature","properties":{"id":"nh_access:h3:843c5d7ffffffff","field":"national_highways","kind":"nh_access","source":"osm+worldpop","confidence":0.9,"population":417.0,"nh_distance_km":51.81,"pipeline_access_gain_km":0.0,"share_within_10km":0.0},"geometry":{"type":"Polygon","coordinates":[[[96.521,28.6905],[96.2911,28.821],[96.3121,29.0508],[96.5633,29.15],[96.7933,29.0195],[96.7719,28.7897],[96.521,28.6905]]]}},{"type":"Feature","properties":{"id":"nh_access:h3:843c5d9ffffffff","field":"national_highways","kind":"nh_access","source":"osm+worldpop","confidence":0.9,"population":36.0,"nh_distance_km":70.67,"pipeline_access_gain_km":0.0,"share_within_10km":0.0},"geometry":{"type":"Polygon","coordinates":[[[96.1027,29.4092],[95.872,29.5378],[95.8927,29.7657],[96.1444,29.8648],[96.3752,29.7362],[96.3541,29.5083],[96.1027,29.4092]]]}},{"type":"Feature","properties":{"id":"nh_access:h3:843c5ddffffffff","field":"national_highways","kind":"nh_access","source":"osm+worldpop","confidence":0.9,"population":579.0,"nh_distance_km":51.75,"pipeline_access_gain_km":0.0,"share_within_10km":0.0},"geometry":{"type":"Polygon","coordinates":[[[95.8308,29.0803],[95.6003,29.209],[95.6207,29.4378],[95.872,29.5378],[96.1027,29.4092],[96.0818,29.1804],[95.8308,29.0803]]]}},{"type":"Feature","properties":{"id":"nh_access:h3:843c5e1ffffffff","field":"national_highways","kind":"nh_access","source":"osm+worldpop","confidence":0.9,"population":61147.0,"nh_distance_km":4.28,"pipeline_access_gain_km":0.0,"share_within_10km":0.876},"geometry":{"type":"Polygon","coordinates":[[[94.75,27.7466],[94.5203,27.8756],[94.5397,28.1081],[94.7892,28.2116],[95.0192,28.0827],[94.9994,27.8501],[94.75,27.7466]]]}},{"type":"Feature","properties":{"id":"nh_access:h3:843c5e3ffffffff","field":"national_highways","kind":"nh_access","source":"osm+worldpop","confidence":0.9,"population":143297.0,"nh_distance_km":3.96,"pipeline_access_gain_km":0.0,"share_within_10km":0.894},"geometry":{"type":"Polygon","coordinates":[[[95.2289,27.7203],[94.9994,27.8501],[95.0192,28.0827],[95.269,28.1854],[95.4987,28.0556],[95.4785,27.8231],[95.2289,27.7203]]]}},{"type":"Feature","properties":{"id":"nh_access:h3:843c5e5ffffffff","field":"national_highways","kind":"nh_access","source":"osm+worldpop","confidence":0.9,"population":233541.0,"nh_distance_km":3.78,"pipeline_access_gain_km":0.0,"share_within_10km":0.924},"geometry":{"type":"Polygon","coordinates":[[[94.4815,27.4088],[94.252,27.5378],[94.2712,27.7712],[94.5203,27.8756],[94.75,27.7466],[94.7305,27.5132],[94.4815,27.4088]]]}},{"type":"Feature","properties":{"id":"nh_access:h3:843c5e7ffffffff","field":"national_highways","kind":"nh_access","source":"osm+worldpop","confidence":0.9,"population":553449.0,"nh_distance_km":4.49,"pipeline_access_gain_km":0.0,"share_within_10km":0.904},"geometry":{"type":"Polygon","coordinates":[[[94.9598,27.3833],[94.7305,27.5132],[94.75,27.7466],[94.9994,27.8501],[95.2289,27.7203],[95.209,27.4868],[94.9598,27.3833]]]}},{"type":"Feature","properties":{"id":"nh_access:h3:843c5e9ffffffff","field":"national_highways","kind":"nh_access","source":"osm+worldpop","confidence":0.9,"population":23284.0,"nh_distance_km":20.68,"pipeline_access_gain_km":0.0,"share_within_10km":0.142},"geometry":{"type":"Polygon","coordinates":[[[94.5397,28.1081],[94.3096,28.2361],[94.3288,28.4676],[94.5786,28.5712],[94.8089,28.4432],[94.7892,28.2116],[94.5397,28.1081]]]}},{"type":"Feature","properties":{"id":"nh_access:h3:843c5ebffffffff","field":"national_highways","kind":"nh_access","source":"osm+worldpop","confidence":0.9,"population":35010.0,"nh_distance_km":6.81,"pipeline_access_gain_km":0.0,"share_within_10km":0.697},"geometry":{"type":"Polygon","coordinates":[[[95.0192,28.0827],[94.7892,28.2116],[94.8089,28.4432],[95.0589,28.5459],[95.289,28.417],[95.269,28.1854],[95.0192,28.0827]]]}},{"type":"Feature","properties":{"id":"nh_access:h3:843c5edffffffff","field":"national_highways","kind":"nh_access","source":"osm+worldpop","confidence":0.9,"population":73730.0,"nh_distance_km":5.41,"pipeline_access_gain_km":0.0,"share_within_10km":0.765},"geometry":{"type":"Polygon","coordinates":[[[94.2712,27.7712],[94.0413,27.8993],[94.0603,28.1317],[94.3096,28.2361],[94.5397,28.1081],[94.5203,27.8756],[94.2712,27.7712]]]}},{"type":"Feature","properties":{"id":"nh_access:h3:843c801ffffffff","field":"national_highways","kind":"nh_access","source":"osm+worldpop","confidence":0.9,"population":287880.0,"nh_distance_km":9.08,"pipeline_access_gain_km":0.0,"share_within_10km":0.594},"geometry":{"type":"Polygon","coordinates":[[[84.0484,20.795],[83.8288,20.9164],[83.8385,21.1597],[84.0681,21.2819],[84.2882,21.1606],[84.2781,20.917],[84.0484,20.795]]]}},{"type":"Feature","properties":{"id":"nh_access:h3:843c803ffffffff","field":"national_highways","kind":"nh_access","source":"osm+worldpop","confidence":0.9,"population":184744.0,"nh_distance_km":5.57,"pipeline_access_gain_km":0.0,"share_within_10km":0.793},"geometry":{"type":"Polygon","coordinates":[[[84.4982,20.7948],[84.2781,20.917],[84.2882,21.1606],[84.5188,21.2824],[84.7393,21.1603],[84.7289,20.9164],[84.4982,20.7948]]]}},{"type":"Feature","properties":{"id":"nh_access:h3:843c805ffffffff","field":"national_highways","kind":"nh_access","source":"osm+worldpop","confidence":0.9,"population":384091.0,"nh_distance_km":9.56,"pipeline_access_gain_km":0.01,"share_within_10km":0.599},"geometry":{"type":"Polygon","coordinates":[[[83.8095,20.4288],[83.5905,20.5504],[83.5999,20.794],[83.8288,20.9164],[84.0484,20.795],[84.0385,20.551],[83.8095,20.4288]]]}},{"type":"Feature","properties":{"id":"nh_access:h3:843c807ffffffff","field":"national_highways","kind":"nh_access","source":"osm+worldpop","confidence":0.9,"population":353328.0,"nh_distance_km":4.55,"pipeline_access_gain_km":0.0,"share_within_10km":0.845},"geometry":{"type":"Polygon","coordinates":[[[84.258,20.4286],[84.0385,20.551],[84.0484,20.795],[84.2781,20.917],[84.4982,20.7948],[84.4879,20.5504],[84.258,20.4286]]]}},{"type":"Feature","properties":{"id":"nh_access:h3:843c809ffffffff","field":"national_highways","kind":"nh_access","source":"osm+worldpop","confidence":0.9,"population":818722.0,"nh_distance_km":4.77,"pipeline_access_gain_km":0.0,"share_within_10km":0.835},"geometry":{"type":"Polygon","coordinates":[[[83.8385,21.1597],[83.6189,21.2802],[83.6284,21.5227],[83.8579,21.6451],[84.078,21.5248],[84.0681,21.2819],[83.8385,21.1597]]]}},{"type":"Feature","properties":{"id":"nh_access:h3:843c80bffffffff","field":"national_highways","kind":"nh_access","source":"osm+worldpop","confidence":0.9,"population":209952.0,"nh_distance_km":5.6,"pipeline_access_gain_km":0.0,"share_within_10km":0.832},"geometry":{"type":"Polygon","coordinates":[[[84.2882,21.1606],[84.0681,21.2819],[84.078,21.5248],[84.3084,21.6467],[84.5291,21.5256],[84.5188,21.2824],[84.2882,21.1606]]]}},{"type":"Feature","properties":{"id":"nh_access:h3:843c80dffffffff","field":"national_highways","kind":"nh_access","source":"osm+worldpop","confidence":0.9,"population":699236.0,"nh_distance_km":5.13,"pipeline_access_gain_km":0.0,"share_within_10km":0.853},"geometry":{"type":"Polygon","coordinates":[[[83.5999,20.794],[83.3809,20.9147],[83.3902,21.1576],[83.6189,21.2802],[83.8385,21.1597],[83.8288,20.9164],[83.5999,20.794]]]}},{"type":"Feature","properties":{"id":"nh_access:h3:843c811ffffffff","field":"national_highways","kind":"nh_access","source":"osm+worldpop","confidence":0.9,"population":252873.0,"nh_distance_km":4.81,"pipeline_access_gain_km":0.0,"share_within_10km":0.875},"geometry":{"type":"Polygon","coordinates":[[[85.1918,21.1588],[84.9708,21.2817],[84.9815,21.5252],[85.2136,21.6463],[85.4352,21.5236],[85.4241,21.2797],[85.1918,21.1588]]]}},{"type":"Feature","properties":{"id":"nh_access:h3:843c813ffffffff","field":"national_highways","kind":"nh_access","source":"osm+worldpop","confidence":0.9,"population":298772.0,"nh_distance_km":5.41,"pipeline_access_gain_km":0.0,"share_within_10km":0.832},"geometry":{"type":"Polygon","coordinates":[[[85.6456,21.1561],[85.4241,21.2797],[85.4352,21.5236],[85.6682,21.6442],[85.8902,21.5208],[85.8786,21.2766],[85.6456,21.1561]]]}},{"type":"Feature","properties":{"id":"nh_access:h3:843c815ffffffff","field":"national_highways","kind":"nh_access","source":"osm+worldpop","confidence":0.9,"population":507399.0,"nh_distance_km":5.61,"pipeline_access_gain_km":0.0,"share_within_10km":0.85},"geometry":{"type":"Polygon","coordinates":[[[84.9494,20.7934],[84.7289,20.9164],[84.7393,21.1603],[84.9708,21.2817],[85.1918,21.1588],[85.1809,20.9145],[84.9494,20.7934]]]}},{"type":"Feature","properties":{"id":"nh_access:h3:843c817ffffffff","field":"national_highways","kind":"nh_access","source":"osm+worldpop","confidence":0.9,"population":443520.0,"nh_distance_km":6.85,"pipeline_access_gain_km":0.0,"share_within_10km":0.745},"geometry":{"type":"Polygon","coordinates":[[[85.4019,20.7908],[85.1809,20.9145],[85.1918,21.1588],[85.4241,21.2797],[85.6456,21.1561],[85.6343,20.9115],[85.4019,20.7908]]]}},{"type":"Feature","properties":{"id":"nh_access:h3:843c819ffffffff","field":"national_highways","kind":"nh_access","source":"osm+worldpop","confidence":0.9,"population":275643.0,"nh_distance_km":5.91,"pipeline_access_gain_km":0.0,"share_within_10km":0.8},"geometry":{"type":"Polygon","coordinates":[[[84.9815,21.5252],[84.7604,21.6471],[84.7709,21.8899],[85.0029,22.0111],[85.2246,21.8894],[85.2136,21.6463],[84.9815,21.5252]]]}},{"type":"Feature","properties":{"id":"nh_access:h3:843c81bffffffff","field":"national_highways","kind":"nh_access","source":"osm+worldpop","confidence":0.9,"population":417777.0,"nh_distance_km":6.21,"pipeline_access_gain_km":0.0,"share_within_10km":0.775},"geometry":{"type":"Polygon","coordinates":[[[85.4352,21.5236],[85.2136,21.6463],[85.2246,21.8894],[85.4575,22.0101],[85.6795,21.8876],[85.6682,21.6442],[85.4352,21.5236]]]}},{"type":"Feature","properties":{"id":"nh_access:h3:843c81dffffffff","field":"national_highways","kind":"nh_access","source":"osm+worldpop","confidence":0.9,"population":238708.0,"nh_distance_km":3.96,"pipeline_access_gain_km":0.0,"share_within_10km":0.948},"geometry":{"type":"Polygon","coordinates":[[[84.7393,21.1603],[84.5188,21.2824],[84.5291,21.5256],[84.7604,21.6471],[84.9815,21.5252],[84.9708,21.2817],[84.7393,21.1603]]]}},{"type":"Feature","properties":{"id":"nh_access:h3:843c821ffffffff","field":"national_highways","kind":"nh_access","source":"osm+worldpop","confidence":0.9,"population":129616.0,"nh_distance_km":9.73,"pipeline_access_gain_km":0.0,"share_within_10km":0.582},"geometry":{"type":"Polygon","coordinates":[[[83.7806,19.6946],[83.5622,19.8173],[83.5716,20.062],[83.7998,20.1844],[84.0188,20.0619],[84.009,19.8168],[83.7806,19.6946]]]}},{"type":"Feature","properties":{"id":"nh_access:h3:843c823ffffffff","field":"national_highways","kind":"nh_access","source":"osm+worldpop","confidence":0.9,"population":205368.0,"nh_distance_km":8.73,"pipeline_access_gain_km":0.0,"share_within_10km":0.571},"geometry":{"type":"Polygon","coordinates":[[[84.228,19.6933],[84.009,19.8168],[84.0188,20.0619],[84.248,20.1839],[84.4675,20.0606],[84.4573,19.8151],[84.228,19.6933]]]}},{"type":"Feature","properties":{"id":"nh_access:h3:843c825ffffffff","field":"national_highways","kind":"nh_access","source":"osm+worldpop","confidence":0.9,"population":241101.0,"nh_distance_km":29.58,"pipeline_access_gain_km":0.0,"share_within_10km":0.006},"geometry":{"type":"Polygon","coordinates":[[[83.5434,19.3268],[83.3255,19.4497],[83.3347,19.6947],[83.5622,19.8173],[83.7806,19.6946],[83.771,19.4492],[83.5434,19.3268]]]}},{"type":"Feature","properties":{"id":"nh_access:h3:843c827ffffffff","field":"national_highways","kind":"nh_access","source":"osm+worldpop","confidence":0.9,"population":135287.0,"nh_distance_km":12.66,"pipeline_access_gain_km":0.0,"share_within_10km":0.422},"geometry":{"type":"Polygon","coordinates":[[[83.9894,19.3256],[83.771,19.4492],[83.7806,19.6946],[84.009,19.8168],[84.228,19.6933],[84.218,19.4475],[83.9894,19.3256]]]}},{"type":"Feature","properties":{"id":"nh_access:h3:843c829ffffffff","field":"national_highways","kind":"nh_access","source":"osm+worldpop","confidence":0.9,"population":328698.0,"nh_distance_km":11.09,"pipeline_access_gain_km":0.0,"share_within_10km":0.532},"geometry":{"type":"Polygon","coordinates":[[[83.5716,20.062],[83.3531,20.1838],[83.3624,20.4278],[83.5905,20.5504],[83.8095,20.4288],[83.7998,20.1844],[83.5716,20.062]]]}},{"type":"Feature","properties":{"id":"nh_access:h3:843c82bffffffff","field":"national_highways","kind":"nh_access","source":"osm+worldpop","confidence":0.9,"population":200216.0,"nh_distance_km":10.53,"pipeline_access_gain_km":0.0,"share_within_10km":0.475},"geometry":{"type":"Polygon","coordinates":[[[84.0188,20.0619],[83.7998,20.1844],[83.8095,20.4288],[84.0385,20.551],[84.258,20.4286],[84.248,20.1839],[84.0188,20.0619]]]}},{"type":"Feature","properties":{"id":"nh_access:h3:843c82dffffffff","field":"national_highways","kind":"nh_access","source":"osm+worldpop","confidence":0.9,"population":413469.0,"nh_distance_km":11.14,"pipeline_access_gain_km":0.0,"share_within_10km":0.486},"geometry":{"type":"Polygon","coordinates":[[[83.3347,19.6947],[83.1168,19.8167],[83.1258,20.061],[83.3531,20.1838],[83.5716,20.062],[83.5622,19.8173],[83.3347,19.6947]]]}},{"type":"Feature","properties":{"id":"nh_access:h3:843c831ffffffff","field":"national_highways","kind":"nh_access","source":"osm+worldpop","confidence":0.9,"population":330759.0,"nh_distance_km":10.5,"pipeline_access_gain_km":0.0,"share_within_10km":0.524},"geometry":{"type":"Polygon","coordinates":[[[84.9175,20.0582],[84.6975,20.1822],[84.7079,20.4273],[84.9387,20.5487],[85.1592,20.4248],[85.1484,20.1794],[84.9175,20.0582]]]}},{"type":"Feature","properties":{"id":"nh_access:h3:843c833ffffffff","field":"national_highways","kind":"nh_access","source":"osm+worldpop","confidence":0.9,"population":959762.0,"nh_distance_km":10.78,"pipeline_access_gain_km":0.0,"share_within_10km":0.47},"geometry":{"type":"Polygon","coordinates":[[[85.3688,20.0546],[85.1484,20.1794],[85.1592,20.4248],[85.3908,20.5458],[85.6118,20.4211],[85.6005,20.1754],[85.3688,20.0546]]]}},{"type":"Feature","properties":{"id":"nh_access:h3:843c835ffffffff","field":"national_highways","kind":"nh_access","source":"osm+worldpop","confidence":0.9,"population":534274.0,"nh_distance_km":11.36,"pipeline_access_gain_km":0.02,"share_within_10km":0.523},"geometry":{"type":"Polygon","coordinates":[[[84.6767,19.691],[84.4573,19.8151],[84.4675,20.0606],[84.6975,20.1822],[84.9175,20.0582],[84.9069,19.8124],[84.6767,19.691]]]}},{"type":"Feature","properties":{"id":"nh_access:h3:843c837ffffffff","field":"national_highways","kind":"nh_access","source":"osm+worldpop","confidence":0.9,"population":753325.0,"nh_distance_km":8.08,"pipeline_access_gain_km":0.81,"share_within_10km":0.634},"geometry":{"type":"Polygon","coordinates":[[[85.1268,19.6875],[84.9069,19.8124],[84.9175,20.0582],[85.1484,20.1794],[85.3688,20.0546],[85.3578,19.8085],[85.1268,19.6875]]]}},{"type":"Feature","properties":{"id":"nh_access:h3:843c839ffffffff","field":"national_highways","kind":"nh_access","source":"osm+worldpop","confidence":0.9,"population":173358.0,"nh_distance_km":15.52,"pipeline_access_gain_km":0.0,"share_within_10km":0.188},"geometry":{"type":"Polygon","coordinates":[[[84.7079,20.4273],[84.4879,20.5504],[84.4982,20.7948],[84.7289,20.9164],[84.9494,20.7934],[84.9387,20.5487],[84.7079,20.4273]]]}},{"type":"Feature","properties":{"id":"nh_access:h3:843c83bffffffff","field":"national_highways","kind":"nh_access","source":"osm+worldpop","confidence":0.9,"population":612879.0,"nh_distance_km":5.29,"pipeline_access_gain_km":0.0,"share_within_10km":0.842},"geometry":{"type":"Polygon","coordinates":[[[85.1592,20.4248],[84.9387,20.5487],[84.9494,20.7934],[85.1809,20.9145],[85.4019,20.7908],[85.3908,20.5458],[85.1592,20.4248]]]}},{"type":"Feature","properties":{"id":"nh_access:h3:843c83dffffffff","field":"national_highways","kind":"nh_access","source":"osm+worldpop","confidence":0.9,"population":207409.0,"nh_distance_km":5.52,"pipeline_access_gain_km":0.0,"share_within_10km":0.835},"geometry":{"type":"Polygon","coordinates":[[[84.4675,20.0606],[84.248,20.1839],[84.258,20.4286],[84.4879,20.5504],[84.7079,20.4273],[84.6975,20.1822],[84.4675,20.0606]]]}},{"type":"Feature","properties":{"id":"nh_access:h3:843c841ffffffff","field":"national_highways","kind":"nh_access","source":"osm+worldpop","confidence":0.9,"population":772515.0,"nh_distance_km":7.15,"pipeline_access_gain_km":0.07,"share_within_10km":0.672},"geometry":{"type":"Polygon","coordinates":[[[83.1803,21.5195],[82.9613,21.6383],[82.9702,21.8796],[83.1986,22.0026],[83.4182,21.884],[83.4088,21.6423],[83.1803,21.5195]]]}},{"type":"Feature","properties":{"id":"nh_access:h3:843c843ffffffff","field":"national_highways","kind":"nh_access","source":"osm+worldpop","confidence":0.9,"population":294490.0,"nh_distance_km":6.92,"pipeline_access_gain_km":0.0,"share_within_10km":0.734},"geometry":{"type":"Polygon","coordinates":[[[83.6284,21.5227],[83.4088,21.6423],[83.4182,21.884],[83.6475,22.0065],[83.8677,21.8872],[83.8579,21.6451],[83.6284,21.5227]]]}},{"type":"Feature","properties":{"id":"nh_access:h3:843c845ffffffff","field":"national_highways","kind":"nh_access","source":"osm+worldpop","confidence":0.9,"population":475533.0,"nh_distance_km":5.76,"pipeline_access_gain_km":0.0,"share_within_10km":0.789},"geometry":{"type":"Polygon","coordinates":[[[82.9434,21.1544],[82.7249,21.2733],[82.7337,21.5151],[82.9613,21.6383],[83.1803,21.5195],[83.1712,21.2774],[82.9434,21.1544]]]}},{"type":"Feature","properties":{"id":"nh_access:h3:843c847ffffffff","field":"national_highways","kind":"nh_access","source":"osm+worldpop","confidence":0.9,"population":514103.0,"nh_distance_km":7.85,"pipeline_access_gain_km":0.07,"share_within_10km":0.638},"geometry":{"type":"Polygon","coordinates":[[[83.3902,21.1576],[83.1712,21.2774],[83.1803,21.5195],[83.4088,21.6423],[83.6284,21.5227],[83.6189,21.2802],[83.3902,21.1576]]]}},{"type":"Feature","properties":{"id":"nh_access:h3:843c849ffffffff","field":"national_highways","kind":"nh_access","source":"osm+worldpop","confidence":0.9,"population":553580.0,"nh_distance_km":5.88,"pipeline_access_gain_km":0.01,"share_within_10km":0.801},"geometry":{"type":"Polygon","coordinates":[[[82.9702,21.8796],[82.7512,21.9974],[82.7599,22.238],[82.9881,22.3611],[83.2077,22.2435],[83.1986,22.0026],[82.9702,21.8796]]]}},{"type":"Feature","properties":{"id":"nh_access:h3:843c84bffffffff","field":"national_highways","kind":"nh_access","source":"osm+worldpop","confidence":0.9,"population":438903.0,"nh_distance_km":16.34,"pipeline_access_gain_km":0.02,"share_within_10km":0.339},"geometry":{"type":"Polygon","coordinates":[[[83.4182,21.884],[83.1986,22.0026],[83.2077,22.2435],[83.4369,22.3662],[83.6571,22.2478],[83.6475,22.0065],[83.4182,21.884]]]}},{"type":"Feature","properties":{"id":"nh_access:h3:843c84dffffffff","field":"national_highways","kind":"nh_access","source":"osm+worldpop","confidence":0.9,"population":942363.0,"nh_distance_km":8.77,"pipeline_access_gain_km":0.0,"share_within_10km":0.582},"geometry":{"type":"Polygon","coordinates":[[[82.7337,21.5151],[82.5152,21.6331],[82.5238,21.8741],[82.7512,21.9974],[82.9702,21.8796],[82.9613,21.6383],[82.7337,21.5151]]]}},{"type":"Feature","properties":{"id":"nh_access:h3:843c851ffffffff","field":"national_highways","kind":"nh_access","source":"osm+worldpop","confidence":0.9,"population":358844.0,"nh_distance_km":16.83,"pipeline_access_gain_km":0.0,"share_within_10km":0.262},"geometry":{"type":"Polygon","coordinates":[[[84.3186,21.8891],[84.0979,22.0093],[84.1079,22.2509],[84.3389,22.3728],[84.5601,22.2528],[84.5497,22.0108],[84.3186,21.8891]]]}},{"type":"Feature","properties":{"id":"nh_access:h3:843c853ffffffff","field":"national_highways","kind":"nh_access","source":"osm+worldpop","confidence":0.9,"population":1026626.0,"nh_distance_km":3.7,"pipeline_access_gain_km":0.0,"share_within_10km":0.888},"geometry":{"type":"Polygon","coordinates":[[[84.7709,21.8899],[84.5497,22.0108],[84.5601,22.2528],[84.792,22.3742],[85.0137,22.2534],[85.0029,22.0111],[84.7709,21.8899]]]}},{"type":"Feature","properties":{"id":"nh_access:h3:843c855ffffffff","field":"national_highways","kind":"nh_access","source":"osm+worldpop","confidence":0.9,"population":622685.0,"nh_distance_km":6.55,"pipeline_access_gain_km":0.0,"share_within_10km":0.753},"geometry":{"type":"Polygon","coordinates":[[[84.078,21.5248],[83.8579,21.6451],[83.8677,21.8872],[84.0979,22.0093],[84.3186,21.8891],[84.3084,21.6467],[84.078,21.5248]]]}},{"type":"Feature","properties":{"id":"nh_access:h3:843c857ffffffff","field":"national_highways","kind":"nh_access","source":"osm+worldpop","confidence":0.9,"population":203287.0,"nh_distance_km":10.19,"pipeline_access_gain_km":0.0,"share_within_10km":0.523},"geometry":{"type":"Polygon","coordinates":[[[84.5291,21.5256],[84.3084,21.6467],[84.3186,21.8891],[84.5497,22.0108],[84.7709,21.8899],[84.7604,21.6471],[84.5291,21.5256]]]}},{"type":"Feature","properties":{"id":"nh_access:h3:843c859ffffffff","field":"national_highways","kind":"nh_access","source":"osm+worldpop","confidence":0.9,"population":331693.0,"nh_distance_km":25.59,"pipeline_access_gain_km":0.0,"share_within_10km":0.044},"geometry":{"type":"Polygon","coordinates":[[[84.1079,22.2509],[83.8872,22.3701],[83.897,22.611],[84.1279,22.733],[84.3491,22.614],[84.3389,22.3728],[84.1079,22.2509]]]}},{"type":"Feature","properties":{"id":"nh_access:h3:843c85bffffffff","field":"national_highways","kind":"nh_access","source":"osm+worldpop","confidence":0.9,"population":351724.0,"nh_distance_km":5.21,"pipeline_access_gain_km":0.0,"share_within_10km":0.836},"geometry":{"type":"Polygon","coordinates":[[[84.5601,22.2528],[84.3389,22.3728],[84.3491,22.614],[84.5809,22.7355],[84.8026,22.6157],[84.792,22.3742],[84.5601,22.2528]]]}},{"type":"Feature","properties":{"id":"nh_access:h3:843c85dffffffff","field":"national_highways","kind":"nh_access","source":"osm+worldpop","confidence":0.9,"population":353817.0,"nh_distance_km":27.27,"pipeline_access_gain_km":0.0,"share_within_10km":0.03},"geometry":{"type":"Polygon","coordinates":[[[83.8677,21.8872],[83.6475,22.0065],[83.6571,22.2478],[83.8872,22.3701],[84.1079,22.2509],[84.0979,22.0093],[83.8677,21.8872]]]}},{"type":"Feature","properties":{"id":"nh_access:h3:843c861ffffffff","field":"national_highways","kind":"nh_access","source":"osm+worldpop","confidence":0.9,"population":449159.0,"nh_distance_km":26.33,"pipeline_access_gain_km":0.0,"share_within_10km":0.019},"geometry":{"type":"Polygon","coordinates":[[[82.9168,20.4257],[82.6989,20.5458],[82.7075,20.7887],[82.9345,20.9119],[83.153,20.7919],[83.1439,20.5487],[82.9168,20.4257]]]}},{"type":"Feature","properties":{"id":"nh_access:h3:843c863ffffffff","field":"national_highways","kind":"nh_access","source":"osm+worldpop","confidence":0.9,"population":690642.0,"nh_distance_km":9.13,"pipeline_access_gain_km":0.11,"share_within_10km":0.616},"geometry":{"type":"Polygon","coordinates":[[[83.3624,20.4278],[83.1439,20.5487],[83.153,20.7919],[83.3809,20.9147],[83.5999,20.794],[83.5905,20.5504],[83.3624,20.4278]]]}},{"type":"Feature","properties":{"id":"nh_access:h3:843c865ffffffff","field":"national_highways","kind":"nh_access","source":"osm+worldpop","confidence":0.9,"population":425719.0,"nh_distance_km":5.18,"pipeline_access_gain_km":0.0,"share_within_10km":0.87},"geometry":{"type":"Polygon","coordinates":[[[82.6816,20.059],[82.4642,20.1792],[82.4727,20.4225],[82.6989,20.5458],[82.9168,20.4257],[82.9079,20.1821],[82.6816,20.059]]]}},{"type":"Feature","properties":{"id":"nh_access:h3:843c867ffffffff","field":"national_highways","kind":"nh_access","source":"osm+worldpop","confidence":0.9,"population":599992.0,"nh_distance_km":6.26,"pipeline_access_gain_km":0.01,"share_within_10km":0.756},"geometry":{"type":"Polygon","coordinates":[[[83.1258,20.061],[82.9079,20.1821],[82.9168,20.4257],[83.1439,20.5487],[83.3624,20.4278],[83.3531,20.1838],[83.1258,20.061]]]}},{"type":"Feature","properties":{"id":"nh_access:h3:843c869ffffffff","field":"national_highways","kind":"nh_access","source":"osm+worldpop","confidence":0.9,"population":394180.0,"nh_distance_km":16.23,"pipeline_access_gain_km":0.0,"share_within_10km":0.238},"geometry":{"type":"Polygon","coordinates":[[[82.7075,20.7887],[82.4896,20.9078],[82.4982,21.15],[82.7249,21.2733],[82.9434,21.1544],[82.9345,20.9119],[82.7075,20.7887]]]}},{"type":"Feature","properties":{"id":"nh_access:h3:843c86bffffffff","field":"national_highways","kind":"nh_access","source":"osm+worldpop","confidence":0.9,"population":400575.0,"nh_distance_km":24.76,"pipeline_access_gain_km":0.0,"share_within_10km":0.04},"geometry":{"type":"Polygon","coordinates":[[[83.153,20.7919],[82.9345,20.9119],[82.9434,21.1544],[83.1712,21.2774],[83.3902,21.1576],[83.3809,20.9147],[83.153,20.7919]]]}},{"type":"Feature","properties":{"id":"nh_access:h3:843c86dffffffff","field":"national_highways","kind":"nh_access","source":"osm+worldpop","confidence":0.9,"population":260285.0,"nh_distance_km":7.6,"pipeline_access_gain_km":0.0,"share_within_10km":0.69},"geometry":{"type":"Polygon","coordinates":[[[82.4727,20.4225],[82.2554,20.5418],[82.2637,20.7843],[82.4896,20.9078],[82.7075,20.7887],[82.6989,20.5458],[82.4727,20.4225]]]}},{"type":"Feature","properties":{"id":"nh_access:h3:843c885ffffffff","field":"national_highways","kind":"nh_access","source":"osm+worldpop","confidence":0.9,"population":220209.0,"nh_distance_km":15.73,"pipeline_access_gain_km":0.0,"share_within_10km":0.169},"geometry":{"type":"Polygon","coordinates":[[[86.9766,20.403],[86.7546,20.5299],[86.7668,20.7758],[87.0016,20.8952],[87.2241,20.7684],[87.2114,20.5222],[86.9766,20.403]]]}},{"type":"Feature","properties":{"id":"nh_access:h3:843c889ffffffff","field":"national_highways","kind":"nh_access","source":"osm+worldpop","confidence":0.9,"population":622488.0,"nh_distance_km":5.73,"pipeline_access_gain_km":0.0,"share_within_10km":0.842},"geometry":{"type":"Polygon","coordinates":[[[87.014,21.1407],[86.7914,21.2666],[86.8037,21.5113],[87.0391,21.6305],[87.2622,21.5047],[87.2495,21.2597],[87.014,21.1407]]]}},{"type":"Feature","properties":{"id":"nh_access:h3:843c88bffffffff","field":"national_highways","kind":"nh_access","source":"osm+worldpop","confidence":0.9,"population":37677.0,"nh_distance_km":2.04,"pipeline_access_gain_km":0.0,"share_within_10km":0.982},"geometry":{"type":"Polygon","coordinates":[[[87.4724,21.133],[87.2495,21.2597],[87.2622,21.5047],[87.4983,21.6234],[87.7217,21.4968],[87.7086,21.2515],[87.4724,21.133]]]}},{"type":"Feature","properties":{"id":"nh_access:h3:843c88dffffffff","field":"national_highways","kind":"nh_access","source":"osm+worldpop","confidence":0.9,"population":860503.0,"nh_distance_km":7.54,"pipeline_access_gain_km":0.0,"share_within_10km":0.693},"geometry":{"type":"Polygon","coordinates":[[[86.7668,20.7758],[86.5446,20.9018],[86.5567,21.1471],[86.7914,21.2666],[87.014,21.1407],[87.0016,20.8952],[86.7668,20.7758]]]}},{"type":"Feature","properties":{"id":"nh_access:h3:843c891ffffffff","field":"national_highways","kind":"nh_access","source":"osm+worldpop","confidence":0.9,"population":1396.0,"nh_distance_km":23.52,"pipeline_access_gain_km":0.0,"share_within_10km":0.0},"geometry":{"type":"Polygon","coordinates":[[[88.3923,21.114],[88.1687,21.2421],[88.1822,21.4877],[88.4197,21.6053],[88.6437,21.4772],[88.6297,21.2315],[88.3923,21.114]]]}},{"type":"Feature","properties":{"id":"nh_access:h3:843c893ffffffff","field":"national_highways","kind":"nh_access","source":"osm+worldpop","confidence":0.9,"population":3662.0,"nh_distance_km":60.7,"pipeline_access_gain_km":0.0,"share_within_10km":0.0},"geometry":{"type":"Polygon","coordinates":[[[88.8536,21.1025],[88.6297,21.2315],[88.6437,21.4772],[88.8818,21.5943],[89.106,21.4655],[89.0917,21.2195],[88.8536,21.1025]]]}},{"type":"Feature","properties":{"id":"nh_access:h3:843c899ffffffff","field":"national_highways","kind":"nh_access","source":"osm+worldpop","confidence":0.9,"population":1029349.0,"nh_distance_km":8.21,"pipeline_access_gain_km":0.0,"share_within_10km":0.589},"geometry":{"type":"Polygon","coordinates":[[[88.1822,21.4877],[87.9585,21.615],[87.9719,21.8598],[88.2093,21.9775],[88.4335,21.8503],[88.4197,21.6053],[88.1822,21.4877]]]}},{"type":"Feature","properties":{"id":"nh_access:h3:843c89bffffffff","field":"national_highways","kind":"nh_access","source":"osm+worldpop","confidence":0.9,"population":193955.0,"nh_distance_km":30.64,"pipeline_access_gain_km":0.0,"share_within_10km":0.0},"geometry":{"type":"Polygon","coordinates":[[[88.6437,21.4772],[88.4197,21.6053],[88.4335,21.8503],[88.6716,21.9675],[88.896,21.8396],[88.8818,21.5943],[88.6437,21.4772]]]}},{"type":"Feature","properties":{"id":"nh_access:h3:843c89dffffffff","field":"national_highways","kind":"nh_access","source":"osm+worldpop","confidence":0.9,"population":6.0,"nh_distance_km":23.54,"pipeline_access_gain_km":0.0,"share_within_10km":0.0},"geometry":{"type":"Polygon","coordinates":[[[87.9319,21.1241],[87.7086,21.2515],[87.7217,21.4968],[87.9585,21.615],[88.1822,21.4877],[88.1687,21.2421],[87.9319,21.1241]]]}},{"type":"Feature","properties":{"id":"nh_access:h3:843c8a9ffffffff","field":"national_highways","kind":"nh_access","source":"osm+worldpop","confidence":0.9,"population":447391.0,"nh_distance_km":6.05,"pipeline_access_gain_km":0.0,"share_within_10km":0.782},"geometry":{"type":"Polygon","coordinates":[[[86.7301,20.0369],[86.5085,20.1639],[86.5205,20.4103],[86.7546,20.5299],[86.9766,20.403],[86.9642,20.1564],[86.7301,20.0369]]]}},{"type":"Feature","properties":{"id":"nh_access:h3:843c8adffffffff","field":"national_highways","kind":"nh_access","source":"osm+worldpop","confidence":0.9,"population":131554.0,"nh_distance_km":15.62,"pipeline_access_gain_km":0.0,"share_within_10km":0.052},"geometry":{"type":"Polygon","coordinates":[[[86.4845,19.6701],[86.2634,19.7972],[86.2752,20.044],[86.5085,20.1639],[86.7301,20.0369],[86.7179,19.7899],[86.4845,19.6701]]]}},{"type":"Feature","properties":{"id":"nh_access:h3:843c8c1ffffffff","field":"national_highways","kind":"nh_access","source":"osm+worldpop","confidence":0.9,"population":138837.0,"nh_distance_km":29.22,"pipeline_access_gain_km":0.0,"share_within_10km":0.002},"geometry":{"type":"Polygon","coordinates":[[[86.3464,21.5167],[86.124,21.6409],[86.1357,21.8846],[86.3702,22.0044],[86.5931,21.8803],[86.581,21.6363],[86.3464,21.5167]]]}},{"type":"Feature","properties":{"id":"nh_access:h3:843c8c3ffffffff","field":"national_highways","kind":"nh_access","source":"osm+worldpop","confidence":0.9,"population":969751.0,"nh_distance_km":8.78,"pipeline_access_gain_km":0.0,"share_within_10km":0.616},"geometry":{"type":"Polygon","coordinates":[[[86.8037,21.5113],[86.581,21.6363],[86.5931,21.8803],[86.8284,21.9996],[87.0516,21.8747],[87.0391,21.6305],[86.8037,21.5113]]]}},{"type":"Feature","properties":{"id":"nh_access:h3:843c8c5ffffffff","field":"national_highways","kind":"nh_access","source":"osm+worldpop","confidence":0.9,"population":389803.0,"nh_distance_km":10.22,"pipeline_access_gain_km":0.0,"share_within_10km":0.569},"geometry":{"type":"Polygon","coordinates":[[[86.1005,21.1522],[85.8786,21.2766],[85.8902,21.5208],[86.124,21.6409],[86.3464,21.5167],[86.3344,21.2722],[86.1005,21.1522]]]}},{"type":"Feature","properties":{"id":"nh_access:h3:843c8c7ffffffff","field":"national_highways","kind":"nh_access","source":"osm+worldpop","confidence":0.9,"population":877899.0,"nh_distance_km":14.28,"pipeline_access_gain_km":0.0,"share_within_10km":0.459},"geometry":{"type":"Polygon","coordinates":[[[86.5567,21.1471],[86.3344,21.2722],[86.3464,21.5167],[86.581,21.6363],[86.8037,21.5113],[86.7914,21.2666],[86.5567,21.1471]]]}},{"type":"Feature","properties":{"id":"nh_access:h3:843c8c9ffffffff","field":"national_highways","kind":"nh_access","source":"osm+worldpop","confidence":0.9,"population":484035.0,"nh_distance_km":5.16,"pipeline_access_gain_km":0.0,"share_within_10km":0.871},"geometry":{"type":"Polygon","coordinates":[[[86.1357,21.8846],[85.9132,22.0079],[85.9248,22.2508],[86.1593,22.3708],[86.3822,22.2476],[86.3702,22.0044],[86.1357,21.8846]]]}},{"type":"Feature","properties":{"id":"nh_access:h3:843c8cbffffffff","field":"national_highways","kind":"nh_access","source":"osm+worldpop","confidence":0.9,"population":586507.0,"nh_distance_km":4.87,"pipeline_access_gain_km":0.0,"share_within_10km":0.87},"geometry":{"type":"Polygon","coordinates":[[[86.5931,21.8803],[86.3702,22.0044],[86.3822,22.2476],[86.6175,22.3671],[86.8408,22.2431],[86.8284,21.9996],[86.5931,21.8803]]]}},{"type":"Feature","properties":{"id":"nh_access:h3:843c8cdffffffff","field":"national_highways","kind":"nh_access","source":"osm+worldpop","confidence":0.9,"population":525323.0,"nh_distance_km":5.38,"pipeline_access_gain_km":0.0,"share_within_10km":0.859},"geometry":{"type":"Polygon","coordinates":[[[85.8902,21.5208],[85.6682,21.6442],[85.6795,21.8876],[85.9132,22.0079],[86.1357,21.8846],[86.124,21.6409],[85.8902,21.5208]]]}},{"type":"Feature","properties":{"id":"nh_access:h3:843c8d1ffffffff","field":"national_highways","kind":"nh_access","source":"osm+worldpop","confidence":0.9,"population":1832531.0,"nh_distance_km":12.74,"pipeline_access_gain_km":0.0,"share_within_10km":0.33},"geometry":{"type":"Polygon","coordinates":[[[87.5112,21.8679],[87.2877,21.9935],[87.3005,22.2373],[87.5372,22.3557],[87.7612,22.2302],[87.748,21.9862],[87.5112,21.8679]]]}},{"type":"Feature","properties":{"id":"nh_access:h3:843c8d3ffffffff","field":"national_highways","kind":"nh_access","source":"osm+worldpop","confidence":0.9,"population":2567309.0,"nh_distance_km":6.18,"pipeline_access_gain_km":0.0,"share_within_10km":0.771},"geometry":{"type":"Polygon","coordinates":[[[87.9719,21.8598],[87.748,21.9862],[87.7612,22.2302],[87.9987,22.3481],[88.2229,22.2218],[88.2093,21.9775],[87.9719,21.8598]]]}},{"type":"Feature","properties":{"id":"nh_access:h3:843c8d5ffffffff","field":"national_highways","kind":"nh_access","source":"osm+worldpop","confidence":0.9,"population":1438036.0,"nh_distance_km":6.8,"pipeline_access_gain_km":0.0,"share_within_10km":0.722},"geometry":{"type":"Polygon","coordinates":[[[87.2622,21.5047],[87.0391,21.6305],[87.0516,21.8747],[87.2877,21.9935],[87.5112,21.8679],[87.4983,21.6234],[87.2622,21.5047]]]}},{"type":"Feature","properties":{"id":"nh_access:h3:843c8d7ffffffff","field":"national_highways","kind":"nh_access","source":"osm+worldpop","confidence":0.9,"population":1324629.0,"nh_distance_km":6.21,"pipeline_access_gain_km":0.0,"share_within_10km":0.76},"geometry":{"type":"Polygon","coordinates":[[[87.7217,21.4968],[87.4983,21.6234],[87.5112,21.8679],[87.748,21.9862],[87.9719,21.8598],[87.9585,21.615],[87.7217,21.4968]]]}},{"type":"Feature","properties":{"id":"nh_access:h3:843c8d9ffffffff","field":"national_highways","kind":"nh_access","source":"osm+worldpop","confidence":0.9,"population":1819284.0,"nh_distance_km":3.96,"pipeline_access_gain_km":0.2,"share_within_10km":0.945},"geometry":{"type":"Polygon","coordinates":[[[87.3005,22.2373],[87.0768,22.362],[87.0894,22.605],[87.3261,22.7236],[87.5502,22.599],[87.5372,22.3557],[87.3005,22.2373]]]}},{"type":"Feature","properties":{"id":"nh_access:h3:843c8dbffffffff","field":"national_highways","kind":"nh_access","source":"osm+worldpop","confidence":0.9,"population":3129517.0,"nh_distance_km":6.96,"pipeline_access_gain_km":2.14,"share_within_10km":0.705},"geometry":{"type":"Polygon","coordinates":[[[87.7612,22.2302],[87.5372,22.3557],[87.5502,22.599],[87.7877,22.717],[88.0121,22.5916],[87.9987,22.3481],[87.7612,22.2302]]]}},{"type":"Feature","properties":{"id":"nh_access:h3:843c8ddffffffff","field":"national_highways","kind":"nh_access","source":"osm+worldpop","confidence":0.9,"population":796892.0,"nh_distance_km":13.52,"pipeline_access_gain_km":0.0,"share_within_10km":0.31},"geometry":{"type":"Polygon","coordinates":[[[87.0516,21.8747],[86.8284,21.9996],[86.8408,22.2431],[87.0768,22.362],[87.3005,22.2373],[87.2877,21.9935],[87.0516,21.8747]]]}},{"type":"Feature","properties":{"id":"nh_access:h3:843c8e1ffffffff","field":"national_highways","kind":"nh_access","source":"osm+worldpop","confidence":0.9,"population":1379115.0,"nh_distance_km":4.75,"pipeline_access_gain_km":0.13,"share_within_10km":0.889},"geometry":{"type":"Polygon","coordinates":[[[86.0656,20.4163],[85.8442,20.5417],[85.8557,20.787],[86.0889,20.9073],[86.3107,20.782],[86.2988,20.5364],[86.0656,20.4163]]]}},{"type":"Feature","properties":{"id":"nh_access:h3:843c8e3ffffffff","field":"national_highways","kind":"nh_access","source":"osm+worldpop","confidence":0.9,"population":1683390.0,"nh_distance_km":5.4,"pipeline_access_gain_km":0.0,"share_within_10km":0.825},"geometry":{"type":"Polygon","coordinates":[[[86.5205,20.4103],[86.2988,20.5364],[86.3107,20.782],[86.5446,20.9018],[86.7668,20.7758],[86.7546,20.5299],[86.5205,20.4103]]]}},{"type":"Feature","properties":{"id":"nh_access:h3:843c8e5ffffffff","field":"national_highways","kind":"nh_access","source":"osm+worldpop","confidence":0.9,"population":2828070.0,"nh_distance_km":2.74,"pipeline_access_gain_km":0.0,"share_within_10km":0.974},"geometry":{"type":"Polygon","coordinates":[[[85.8214,20.0499],[85.6005,20.1754],[85.6118,20.4211],[85.8442,20.5417],[86.0656,20.4163],[86.0539,20.1702],[85.8214,20.0499]]]}},{"type":"Feature","properties":{"id":"nh_access:h3:843c8e7ffffffff","field":"national_highways","kind":"nh_access","source":"osm+worldpop","confidence":0.9,"population":1405583.0,"nh_distance_km":5.73,"pipeline_access_gain_km":0.0,"share_within_10km":0.822},"geometry":{"type":"Polygon","coordinates":[[[86.2752,20.044],[86.0539,20.1702],[86.0656,20.4163],[86.2988,20.5364],[86.5205,20.4103],[86.5085,20.1639],[86.2752,20.044]]]}},{"type":"Feature","properties":{"id":"nh_access:h3:843c8e9ffffffff","field":"national_highways","kind":"nh_access","source":"osm+worldpop","confidence":0.9,"population":577534.0,"nh_distance_km":4.62,"pipeline_access_gain_km":0.0,"share_within_10km":0.913},"geometry":{"type":"Polygon","coordinates":[[[85.8557,20.787],[85.6343,20.9115],[85.6456,21.1561],[85.8786,21.2766],[86.1005,21.1522],[86.0889,20.9073],[85.8557,20.787]]]}},{"type":"Feature","properties":{"id":"nh_access:h3:843c8ebffffffff","field":"national_highways","kind":"nh_access","source":"osm+worldpop","confidence":0.9,"population":1399105.0,"nh_distance_km":5.79,"pipeline_access_gain_km":0.0,"share_within_10km":0.793},"geometry":{"type":"Polygon","coordinates":[[[86.3107,20.782],[86.0889,20.9073],[86.1005,21.1522],[86.3344,21.2722],[86.5567,21.1471],[86.5446,20.9018],[86.3107,20.782]]]}},{"type":"Feature","properties":{"id":"nh_access:h3:843c8edffffffff","field":"national_highways","kind":"nh_access","source":"osm+worldpop","confidence":0.9,"population":782550.0,"nh_distance_km":4.98,"pipeline_access_gain_km":0.06,"share_within_10km":0.853},"geometry":{"type":"Polygon","coordinates":[[[85.6118,20.4211],[85.3908,20.5458],[85.4019,20.7908],[85.6343,20.9115],[85.8557,20.787],[85.8442,20.5417],[85.6118,20.4211]]]}},{"type":"Feature","properties":{"id":"nh_access:h3:843c901ffffffff","field":"national_highways","kind":"nh_access","source":"osm+worldpop","confidence":0.9,"population":196339.0,"nh_distance_km":17.05,"pipeline_access_gain_km":0.01,"share_within_10km":0.274},"geometry":{"type":"Polygon","coordinates":[[[82.397,18.2216],[82.1814,18.3442],[82.1896,18.5897],[82.4138,18.7129],[82.63,18.5904],[82.6214,18.3445],[82.397,18.2216]]]}},{"type":"Feature","properties":{"id":"nh_access:h3:843c903ffffffff","field":"national_highways","kind":"nh_access","source":"osm+worldpop","confidence":0.9,"population":273057.0,"nh_distance_km":8.54,"pipeline_access_gain_km":1.61,"share_within_10km":0.642},"geometry":{"type":"Polygon","coordinates":[[[82.8376,18.2212],[82.6214,18.3445],[82.63,18.5904],[82.8551,18.7133],[83.0719,18.5901],[83.063,18.3438],[82.8376,18.2212]]]}},{"type":"Feature","properties":{"id":"nh_access:h3:843c905ffffffff","field":"national_highways","kind":"nh_access","source":"osm+worldpop","confidence":0.9,"population":163325.0,"nh_distance_km":20.86,"pipeline_access_gain_km":0.0,"share_within_10km":0.07},"geometry":{"type":"Polygon","coordinates":[[[82.1651,17.8525],[81.9501,17.9754],[81.958,18.221],[82.1814,18.3442],[82.397,18.2216],[82.3887,17.9755],[82.1651,17.8525]]]}},{"type":"Feature","properties":{"id":"nh_access:h3:843c907ffffffff","field":"national_highways","kind":"nh_access","source":"osm+worldpop","confidence":0.9,"population":242458.0,"nh_distance_km":8.41,"pipeline_access_gain_km":0.0,"share_within_10km":0.614},"geometry":{"type":"Polygon","coordinates":[[[82.6044,17.852],[82.3887,17.9755],[82.397,18.2216],[82.6214,18.3445],[82.8376,18.2212],[82.8289,17.9747],[82.6044,17.852]]]}},{"type":"Feature","properties":{"id":"nh_access:h3:843c909ffffffff","field":"national_highways","kind":"nh_access","source":"osm+worldpop","confidence":0.9,"population":340580.0,"nh_distance_km":13.48,"pipeline_access_gain_km":0.0,"share_within_10km":0.287},"geometry":{"type":"Polygon","coordinates":[[[82.1896,18.5897],[81.974,18.7114],[81.9819,18.9562],[82.2059,19.0796],[82.4221,18.9581],[82.4138,18.7129],[82.1896,18.5897]]]}},{"type":"Feature","properties":{"id":"nh_access:h3:843c90bffffffff","field":"national_highways","kind":"nh_access","source":"osm+worldpop","confidence":0.9,"population":496986.0,"nh_distance_km":4.25,"pipeline_access_gain_km":0.68,"share_within_10km":0.863},"geometry":{"type":"Polygon","coordinates":[[[82.63,18.5904],[82.4138,18.7129],[82.4221,18.9581],[82.6471,19.0812],[82.8639,18.9589],[82.8551,18.7133],[82.63,18.5904]]]}},{"type":"Feature","properties":{"id":"nh_access:h3:843c90dffffffff","field":"national_highways","kind":"nh_access","source":"osm+worldpop","confidence":0.9,"population":326596.0,"nh_distance_km":7.05,"pipeline_access_gain_km":0.0,"share_within_10km":0.708},"geometry":{"type":"Polygon","coordinates":[[[81.958,18.221],[81.743,18.3429],[81.7508,18.5879],[81.974,18.7114],[82.1896,18.5897],[82.1814,18.3442],[81.958,18.221]]]}},{"type":"Feature","properties":{"id":"nh_access:h3:843c911ffffffff","field":"national_highways","kind":"nh_access","source":"osm+worldpop","confidence":0.9,"population":499210.0,"nh_distance_km":32.02,"pipeline_access_gain_km":0.0,"share_within_10km":0.0},"geometry":{"type":"Polygon","coordinates":[[[83.5153,18.5887],[83.298,18.7127],[83.3071,18.9586],[83.534,19.0811],[83.7519,18.9574],[83.7423,18.711],[83.5153,18.5887]]]}},{"type":"Feature","properties":{"id":"nh_access:h3:843c913ffffffff","field":"national_highways","kind":"nh_access","source":"osm+worldpop","confidence":0.9,"population":568457.0,"nh_distance_km":10.66,"pipeline_access_gain_km":0.0,"share_within_10km":0.555},"geometry":{"type":"Polygon","coordinates":[[[83.9602,18.5864],[83.7423,18.711],[83.7519,18.9574],[83.9797,19.0795],[84.1981,18.955],[84.1881,18.7083],[83.9602,18.5864]]]}},{"type":"Feature","properties":{"id":"nh_access:h3:843c915ffffffff","field":"national_highways","kind":"nh_access","source":"osm+worldpop","confidence":0.9,"population":687968.0,"nh_distance_km":9.26,"pipeline_access_gain_km":0.93,"share_within_10km":0.55},"geometry":{"type":"Polygon","coordinates":[[[83.2797,18.2198],[83.063,18.3438],[83.0719,18.5901],[83.298,18.7127],[83.5153,18.5887],[83.506,18.3421],[83.2797,18.2198]]]}},{"type":"Feature","properties":{"id":"nh_access:h3:843c917ffffffff","field":"national_highways","kind":"nh_access","source":"osm+worldpop","confidence":0.9,"population":923040.0,"nh_distance_km":17.31,"pipeline_access_gain_km":0.0,"share_within_10km":0.302},"geometry":{"type":"Polygon","coordinates":[[[83.7233,18.2173],[83.506,18.3421],[83.5153,18.5887],[83.7423,18.711],[83.9602,18.5864],[83.9505,18.3393],[83.7233,18.2173]]]}},{"type":"Feature","properties":{"id":"nh_access:h3:843c919ffffffff","field":"national_highways","kind":"nh_access","source":"osm+worldpop","confidence":0.9,"population":409391.0,"nh_distance_km":6.59,"pipeline_access_gain_km":0.0,"share_within_10km":0.73},"geometry":{"type":"Polygon","coordinates":[[[83.3071,18.9586],[83.0898,19.0817],[83.0988,19.327],[83.3255,19.4497],[83.5434,19.3268],[83.534,19.0811],[83.3071,18.9586]]]}},{"type":"Feature","properties":{"id":"nh_access:h3:843c91bffffffff","field":"national_highways","kind":"nh_access","source":"osm+worldpop","confidence":0.9,"population":315793.0,"nh_distance_km":9.77,"pipeline_access_gain_km":0.0,"share_within_10km":0.535},"geometry":{"type":"Polygon","coordinates":[[[83.7519,18.9574],[83.534,19.0811],[83.5434,19.3268],[83.771,19.4492],[83.9894,19.3256],[83.9797,19.0795],[83.7519,18.9574]]]}},{"type":"Feature","properties":{"id":"nh_access:h3:843c91dffffffff","field":"national_highways","kind":"nh_access","source":"osm+worldpop","confidence":0.9,"population":289520.0,"nh_distance_km":11.11,"pipeline_access_gain_km":0.67,"share_within_10km":0.504},"geometry":{"type":"Polygon","coordinates":[[[83.0719,18.5901],[82.8551,18.7133],[82.8639,18.9589],[83.0898,19.0817],[83.3071,18.9586],[83.298,18.7127],[83.0719,18.5901]]]}},{"type":"Feature","properties":{"id":"nh_access:h3:843c921ffffffff","field":"national_highways","kind":"nh_access","source":"osm+worldpop","confidence":0.9,"population":482061.0,"nh_distance_km":4.64,"pipeline_access_gain_km":0.0,"share_within_10km":0.897},"geometry":{"type":"Polygon","coordinates":[[[82.1408,17.113],[81.9263,17.2368],[81.9342,17.4833],[82.157,17.6063],[82.3721,17.4826],[82.3638,17.2357],[82.1408,17.113]]]}},{"type":"Feature","properties":{"id":"nh_access:h3:843c923ffffffff","field":"national_highways","kind":"nh_access","source":"osm+worldpop","confidence":0.9,"population":676804.0,"nh_distance_km":5.82,"pipeline_access_gain_km":0.0,"share_within_10km":0.793},"geometry":{"type":"Polygon","coordinates":[[[82.5789,17.1112],[82.3638,17.2357],[82.3721,17.4826],[82.5959,17.6053],[82.8115,17.4809],[82.8028,17.2337],[82.5789,17.1112]]]}},{"type":"Feature","properties":{"id":"nh_access:h3:843c925ffffffff","field":"national_highways","kind":"nh_access","source":"osm+worldpop","confidence":0.9,"population":1836232.0,"nh_distance_km":6.34,"pipeline_access_gain_km":0.0,"share_within_10km":0.719},"geometry":{"type":"Polygon","coordinates":[[[81.9105,16.7433],[81.6966,16.8673],[81.7043,17.1138],[81.9263,17.2368],[82.1408,17.113],[82.1327,16.866],[81.9105,16.7433]]]}},{"type":"Feature","properties":{"id":"nh_access:h3:843c927ffffffff","field":"national_highways","kind":"nh_access","source":"osm+worldpop","confidence":0.9,"population":1060587.0,"nh_distance_km":2.73,"pipeline_access_gain_km":0.0,"share_within_10km":0.984},"geometry":{"type":"Polygon","coordinates":[[[82.3472,16.7413],[82.1327,16.866],[82.1408,17.113],[82.3638,17.2357],[82.5789,17.1112],[82.5704,16.8638],[82.3472,16.7413]]]}},{"type":"Feature","properties":{"id":"nh_access:h3:843c929ffffffff","field":"national_highways","kind":"nh_access","source":"osm+worldpop","confidence":0.9,"population":52650.0,"nh_distance_km":19.74,"pipeline_access_gain_km":0.0,"share_within_10km":0.11},"geometry":{"type":"Polygon","coordinates":[[[81.9342,17.4833],[81.7197,17.6063],[81.7275,17.8521],[81.9501,17.9754],[82.1651,17.8525],[82.157,17.6063],[81.9342,17.4833]]]}},{"type":"Feature","properties":{"id":"nh_access:h3:843c92bffffffff","field":"national_highways","kind":"nh_access","source":"osm+worldpop","confidence":0.9,"population":247023.0,"nh_distance_km":4.06,"pipeline_access_gain_km":0.0,"share_within_10km":0.89},"geometry":{"type":"Polygon","coordinates":[[[82.3721,17.4826],[82.157,17.6063],[82.1651,17.8525],[82.3887,17.9755],[82.6044,17.852],[82.5959,17.6053],[82.3721,17.4826]]]}},{"type":"Feature","properties":{"id":"nh_access:h3:843c92dffffffff","field":"national_highways","kind":"nh_access","source":"osm+worldpop","confidence":0.9,"population":241017.0,"nh_distance_km":4.96,"pipeline_access_gain_km":0.0,"share_within_10km":0.89},"geometry":{"type":"Polygon","coordinates":[[[81.7043,17.1138],[81.4904,17.237],[81.4979,17.483],[81.7197,17.6063],[81.9342,17.4833],[81.9263,17.2368],[81.7043,17.1138]]]}},{"type":"Feature","properties":{"id":"nh_access:h3:843c931ffffffff","field":"national_highways","kind":"nh_access","source":"osm+worldpop","confidence":0.9,"population":2288730.0,"nh_distance_km":2.94,"pipeline_access_gain_km":0.05,"share_within_10km":0.989},"geometry":{"type":"Polygon","coordinates":[[[83.2525,17.4783],[83.0362,17.6034],[83.0451,17.8505],[83.2706,17.9729],[83.4874,17.848],[83.4781,17.6005],[83.2525,17.4783]]]}},{"type":"Feature","properties":{"id":"nh_access:h3:843c935ffffffff","field":"national_highways","kind":"nh_access","source":"osm+worldpop","confidence":0.9,"population":158222.0,"nh_distance_km":11.46,"pipeline_access_gain_km":0.0,"share_within_10km":0.294},"geometry":{"type":"Polygon","coordinates":[[[83.0185,17.1084],[82.8028,17.2337],[82.8115,17.4809],[83.0362,17.6034],[83.2525,17.4783],[83.2434,17.2306],[83.0185,17.1084]]]}},{"type":"Feature","properties":{"id":"nh_access:h3:843c939ffffffff","field":"national_highways","kind":"nh_access","source":"osm+worldpop","confidence":0.9,"population":430319.0,"nh_distance_km":7.57,"pipeline_access_gain_km":1.16,"share_within_10km":0.704},"geometry":{"type":"Polygon","coordinates":[[[83.0451,17.8505],[82.8289,17.9747],[82.8376,18.2212],[83.063,18.3438],[83.2797,18.2198],[83.2706,17.9729],[83.0451,17.8505]]]}},{"type":"Feature","properties":{"id":"nh_access:h3:843c93bffffffff","field":"national_highways","kind":"nh_access","source":"osm+worldpop","confidence":0.9,"population":955885.0,"nh_distance_km":4.71,"pipeline_access_gain_km":0.37,"share_within_10km":0.885},"geometry":{"type":"Polygon","coordinates":[[[83.4874,17.848],[83.2706,17.9729],[83.2797,18.2198],[83.506,18.3421],[83.7233,18.2173],[83.7138,17.9701],[83.4874,17.848]]]}},{"type":"Feature","properties":{"id":"nh_access:h3:843c93dffffffff","field":"national_highways","kind":"nh_access","source":"osm+worldpop","confidence":0.9,"population":1017328.0,"nh_distance_km":9.06,"pipeline_access_gain_km":0.0,"share_within_10km":0.593},"geometry":{"type":"Polygon","coordinates":[[[82.8115,17.4809],[82.5959,17.6053],[82.6044,17.852],[82.8289,17.9747],[83.0451,17.8505],[83.0362,17.6034],[82.8115,17.4809]]]}},{"type":"Feature","properties":{"id":"nh_access:h3:843c941ffffffff","field":"national_highways","kind":"nh_access","source":"osm+worldpop","confidence":0.9,"population":201538.0,"nh_distance_km":16.66,"pipeline_access_gain_km":0.0,"share_within_10km":0.204},"geometry":{"type":"Polygon","coordinates":[[[81.5434,18.9533],[81.3284,19.0734],[81.3359,19.3171],[81.5586,19.4411],[81.7742,19.3212],[81.7664,19.0771],[81.5434,18.9533]]]}},{"type":"Feature","properties":{"id":"nh_access:h3:843c943ffffffff","field":"national_highways","kind":"nh_access","source":"osm+worldpop","confidence":0.9,"population":435009.0,"nh_distance_km":6.47,"pipeline_access_gain_km":0.07,"share_within_10km":0.779},"geometry":{"type":"Polygon","coordinates":[[[81.9819,18.9562],[81.7664,19.0771],[81.7742,19.3212],[81.998,19.4448],[82.2141,19.3242],[82.2059,19.0796],[81.9819,18.9562]]]}},{"type":"Feature","properties":{"id":"nh_access:h3:843c945ffffffff","field":"national_highways","kind":"nh_access","source":"osm+worldpop","confidence":0.9,"population":212754.0,"nh_distance_km":8.97,"pipeline_access_gain_km":0.0,"share_within_10km":0.603},"geometry":{"type":"Polygon","coordinates":[[[81.3136,18.5852],[81.0992,18.7055],[81.1065,18.9494],[81.3284,19.0734],[81.5434,18.9533],[81.5358,18.709],[81.3136,18.5852]]]}},{"type":"Feature","properties":{"id":"nh_access:h3:843c947ffffffff","field":"national_highways","kind":"nh_access","source":"osm+worldpop","confidence":0.9,"population":204713.0,"nh_distance_km":6.13,"pipeline_access_gain_km":0.0,"share_within_10km":0.778},"geometry":{"type":"Polygon","coordinates":[[[81.7508,18.5879],[81.5358,18.709],[81.5434,18.9533],[81.7664,19.0771],[81.9819,18.9562],[81.974,18.7114],[81.7508,18.5879]]]}},{"type":"Feature","properties":{"id":"nh_access:h3:843c949ffffffff","field":"national_highways","kind":"nh_access","source":"osm+worldpop","confidence":0.9,"population":120568.0,"nh_distance_km":8.97,"pipeline_access_gain_km":0.0,"share_within_10km":0.644},"geometry":{"type":"Polygon","coordinates":[[[81.3359,19.3171],[81.1209,19.4363],[81.1282,19.6793],[81.3508,19.8035],[81.5663,19.6845],[81.5586,19.4411],[81.3359,19.3171]]]}},{"type":"Feature","properties":{"id":"nh_access:h3:843c94bffffffff","field":"national_highways","kind":"nh_access","source":"osm+worldpop","confidence":0.9,"population":243760.0,"nh_distance_km":9.3,"pipeline_access_gain_km":0.78,"share_within_10km":0.627},"geometry":{"type":"Polygon","coordinates":[[[81.7742,19.3212],[81.5586,19.4411],[81.5663,19.6845],[81.7899,19.8084],[82.006,19.6887],[81.998,19.4448],[81.7742,19.3212]]]}},{"type":"Feature","properties":{"id":"nh_access:h3:843c94dffffffff","field":"national_highways","kind":"nh_access","source":"osm+worldpop","confidence":0.9,"population":65419.0,"nh_distance_km":9.81,"pipeline_access_gain_km":0.04,"share_within_10km":0.609},"geometry":{"type":"Polygon","coordinates":[[[81.1065,18.9494],[80.8921,19.0688],[80.8992,19.312],[81.1209,19.4363],[81.3359,19.3171],[81.3284,19.0734],[81.1065,18.9494]]]}},{"type":"Feature","properties":{"id":"nh_access:h3:843c951ffffffff","field":"national_highways","kind":"nh_access","source":"osm+worldpop","confidence":0.9,"population":491403.0,"nh_distance_km":10.27,"pipeline_access_gain_km":0.0,"share_within_10km":0.514},"geometry":{"type":"Polygon","coordinates":[[[82.6557,19.3261],[82.4389,19.4475],[82.4473,19.6918],[82.6729,19.815],[82.8903,19.6938],[82.8814,19.4491],[82.6557,19.3261]]]}},{"type":"Feature","properties":{"id":"nh_access:h3:843c953ffffffff","field":"national_highways","kind":"nh_access","source":"osm+worldpop","confidence":0.9,"population":183983.0,"nh_distance_km":26.12,"pipeline_access_gain_km":0.0,"share_within_10km":0.002},"geometry":{"type":"Polygon","coordinates":[[[83.0988,19.327],[82.8814,19.4491],[82.8903,19.6938],[83.1168,19.8167],[83.3347,19.6947],[83.3255,19.4497],[83.0988,19.327]]]}},{"type":"Feature","properties":{"id":"nh_access:h3:843c955ffffffff","field":"national_highways","kind":"nh_access","source":"osm+worldpop","confidence":0.9,"population":646496.0,"nh_distance_km":6.23,"pipeline_access_gain_km":1.74,"share_within_10km":0.782},"geometry":{"type":"Polygon","coordinates":[[[82.4221,18.9581],[82.2059,19.0796],[82.2141,19.3242],[82.4389,19.4475],[82.6557,19.3261],[82.6471,19.0812],[82.4221,18.9581]]]}},{"type":"Feature","properties":{"id":"nh_access:h3:843c957ffffffff","field":"national_highways","kind":"nh_access","source":"osm+worldpop","confidence":0.9,"population":316909.0,"nh_distance_km":20.6,"pipeline_access_gain_km":0.96,"share_within_10km":0.028},"geometry":{"type":"Polygon","coordinates":[[[82.8639,18.9589],[82.6471,19.0812],[82.6557,19.3261],[82.8814,19.4491],[83.0988,19.327],[83.0898,19.0817],[82.8639,18.9589]]]}},{"type":"Feature","properties":{"id":"nh_access:h3:843c959ffffffff","field":"national_highways","kind":"nh_access","source":"osm+worldpop","confidence":0.9,"population":378752.0,"nh_distance_km":9.89,"pipeline_access_gain_km":0.36,"share_within_10km":0.583},"geometry":{"type":"Polygon","coordinates":[[[82.4473,19.6918],[82.2306,19.8122],[82.2388,20.0558],[82.4642,20.1792],[82.6816,20.059],[82.6729,19.815],[82.4473,19.6918]]]}},{"type":"Feature","properties":{"id":"nh_access:h3:843c95bffffffff","field":"national_highways","kind":"nh_access","source":"osm+worldpop","confidence":0.9,"population":592325.0,"nh_distance_km":5.48,"pipeline_access_gain_km":0.0,"share_within_10km":0.839},"geometry":{"type":"Polygon","coordinates":[[[82.8903,19.6938],[82.6729,19.815],[82.6816,20.059],[82.9079,20.1821],[83.1258,20.061],[83.1168,19.8167],[82.8903,19.6938]]]}},{"type":"Feature","properties":{"id":"nh_access:h3:843c95dffffffff","field":"national_highways","kind":"nh_access","source":"osm+worldpop","confidence":0.9,"population":422824.0,"nh_distance_km":32.8,"pipeline_access_gain_km":23.71,"share_within_10km":0.0},"geometry":{"type":"Polygon","coordinates":[[[82.2141,19.3242],[81.998,19.4448],[82.006,19.6887],[82.2306,19.8122],[82.4473,19.6918],[82.4389,19.4475],[82.2141,19.3242]]]}},{"type":"Feature","properties":{"id":"nh_access:h3:843c961ffffffff","field":"national_highways","kind":"nh_access","source":"osm+worldpop","confidence":0.9,"population":67391.0,"nh_distance_km":12.79,"pipeline_access_gain_km":0.0,"share_within_10km":0.517},"geometry":{"type":"Polygon","coordinates":[[[81.2914,17.8507],[81.0776,17.9721],[81.0848,18.2168],[81.3062,18.3406],[81.5206,18.2194],[81.513,17.9742],[81.2914,17.8507]]]}},{"type":"Feature","properties":{"id":"nh_access:h3:843c963ffffffff","field":"national_highways","kind":"nh_access","source":"osm+worldpop","confidence":0.9,"population":215127.0,"nh_distance_km":6.33,"pipeline_access_gain_km":0.0,"share_within_10km":0.788},"geometry":{"type":"Polygon","coordinates":[[[81.7275,17.8521],[81.513,17.9742],[81.5206,18.2194],[81.743,18.3429],[81.958,18.221],[81.9501,17.9754],[81.7275,17.8521]]]}},{"type":"Feature","properties":{"id":"nh_access:h3:843c965ffffffff","field":"national_highways","kind":"nh_access","source":"osm+worldpop","confidence":0.9,"population":229554.0,"nh_distance_km":6.9,"pipeline_access_gain_km":0.0,"share_within_10km":0.71},"geometry":{"type":"Polygon","coordinates":[[[81.0633,17.4818],[80.8501,17.6034],[80.8571,17.8483],[81.0776,17.9721],[81.2914,17.8507],[81.2841,17.6053],[81.0633,17.4818]]]}},{"type":"Feature","properties":{"id":"nh_access:h3:843c967ffffffff","field":"national_highways","kind":"nh_access","source":"osm+worldpop","confidence":0.9,"population":93197.0,"nh_distance_km":7.07,"pipeline_access_gain_km":0.0,"share_within_10km":0.715},"geometry":{"type":"Polygon","coordinates":[[[81.4979,17.483],[81.2841,17.6053],[81.2914,17.8507],[81.513,17.9742],[81.7275,17.8521],[81.7197,17.6063],[81.4979,17.483]]]}},{"type":"Feature","properties":{"id":"nh_access:h3:843c969ffffffff","field":"national_highways","kind":"nh_access","source":"osm+worldpop","confidence":0.9,"population":70531.0,"nh_distance_km":34.2,"pipeline_access_gain_km":0.0,"share_within_10km":0.0},"geometry":{"type":"Polygon","coordinates":[[[81.0848,18.2168],[80.8711,18.3374],[80.8781,18.5815],[81.0992,18.7055],[81.3136,18.5852],[81.3062,18.3406],[81.0848,18.2168]]]}},{"type":"Feature","properties":{"id":"nh_access:h3:843c96bffffffff","field":"national_highways","kind":"nh_access","source":"osm+worldpop","confidence":0.9,"population":125883.0,"nh_distance_km":10.11,"pipeline_access_gain_km":0.0,"share_within_10km":0.573},"geometry":{"type":"Polygon","coordinates":[[[81.5206,18.2194],[81.3062,18.3406],[81.3136,18.5852],[81.5358,18.709],[81.7508,18.5879],[81.743,18.3429],[81.5206,18.2194]]]}},{"type":"Feature","properties":{"id":"nh_access:h3:843c96dffffffff","field":"national_highways","kind":"nh_access","source":"osm+worldpop","confidence":0.9,"population":202105.0,"nh_distance_km":32.43,"pipeline_access_gain_km":0.0,"share_within_10km":0.0},"geometry":{"type":"Polygon","coordinates":[[[80.8571,17.8483],[80.6439,17.969],[80.6507,18.2133],[80.8711,18.3374],[81.0848,18.2168],[81.0776,17.9721],[80.8571,17.8483]]]}},{"type":"Feature","properties":{"id":"nh_access:h3:843c9c1ffffffff","field":"national_highways","kind":"nh_access","source":"osm+worldpop","confidence":0.9,"population":1354647.0,"nh_distance_km":4.44,"pipeline_access_gain_km":0.0,"share_within_10km":0.856},"geometry":{"type":"Polygon","coordinates":[[[84.6456,18.9516],[84.4267,19.0768],[84.4369,19.3232],[84.6663,19.4448],[84.8857,19.3198],[84.8752,19.073],[84.6456,18.9516]]]}},{"type":"Feature","properties":{"id":"nh_access:h3:843c9c3ffffffff","field":"national_highways","kind":"nh_access","source":"osm+worldpop","confidence":0.9,"population":169121.0,"nh_distance_km":0.88,"pipeline_access_gain_km":0.0,"share_within_10km":1.0},"geometry":{"type":"Polygon","coordinates":[[[85.0945,18.947],[84.8752,19.073],[84.8857,19.3198],[85.116,19.441],[85.3358,19.3152],[85.3249,19.068],[85.0945,18.947]]]}},{"type":"Feature","properties":{"id":"nh_access:h3:843c9c5ffffffff","field":"national_highways","kind":"nh_access","source":"osm+worldpop","confidence":0.9,"population":522520.0,"nh_distance_km":4.73,"pipeline_access_gain_km":0.0,"share_within_10km":0.891},"geometry":{"type":"Polygon","coordinates":[[[84.4065,18.5829],[84.1881,18.7083],[84.1981,18.955],[84.4267,19.0768],[84.6456,18.9516],[84.6353,18.7045],[84.4065,18.5829]]]}},{"type":"Feature","properties":{"id":"nh_access:h3:843c9c7ffffffff","field":"national_highways","kind":"nh_access","source":"osm+worldpop","confidence":0.9,"population":2164.0,"nh_distance_km":8.23,"pipeline_access_gain_km":0.0,"share_within_10km":1.0},"geometry":{"type":"Polygon","coordinates":[[[84.8541,18.5784],[84.6353,18.7045],[84.6456,18.9516],[84.8752,19.073],[85.0945,18.947],[85.0838,18.6996],[84.8541,18.5784]]]}},{"type":"Feature","properties":{"id":"nh_access:h3:843c9c9ffffffff","field":"national_highways","kind":"nh_access","source":"osm+worldpop","confidence":0.9,"population":593534.0,"nh_distance_km":3.82,"pipeline_access_gain_km":0.0,"share_within_10km":0.9},"geometry":{"type":"Polygon","coordinates":[[[84.4369,19.3232],[84.218,19.4475],[84.228,19.6933],[84.4573,19.8151],[84.6767,19.691],[84.6663,19.4448],[84.4369,19.3232]]]}},{"type":"Feature","properties":{"id":"nh_access:h3:843c9cbffffffff","field":"national_highways","kind":"nh_access","source":"osm+worldpop","confidence":0.9,"population":1215100.0,"nh_distance_km":9.02,"pipeline_access_gain_km":0.0,"share_within_10km":0.595},"geometry":{"type":"Polygon","coordinates":[[[84.8857,19.3198],[84.6663,19.4448],[84.6767,19.691],[84.9069,19.8124],[85.1268,19.6875],[85.116,19.441],[84.8857,19.3198]]]}},{"type":"Feature","properties":{"id":"nh_access:h3:843c9cdffffffff","field":"national_highways","kind":"nh_access","source":"osm+worldpop","confidence":0.9,"population":210401.0,"nh_distance_km":7.22,"pipeline_access_gain_km":0.0,"share_within_10km":0.683},"geometry":{"type":"Polygon","coordinates":[[[84.1981,18.955],[83.9797,19.0795],[83.9894,19.3256],[84.218,19.4475],[84.4369,19.3232],[84.4267,19.0768],[84.1981,18.955]]]}},{"type":"Feature","properties":{"id":"nh_access:h3:843c9d1ffffffff","field":"national_highways","kind":"nh_access","source":"osm+worldpop","confidence":0.9,"population":47142.0,"nh_distance_km":0.43,"pipeline_access_gain_km":0.0,"share_within_10km":1.0},"geometry":{"type":"Polygon","coordinates":[[[85.7872,19.3095],[85.567,19.436],[85.5781,19.6828],[85.81,19.8034],[86.0307,19.677],[86.0192,19.4299],[85.7872,19.3095]]]}},{"type":"Feature","properties":{"id":"nh_access:h3:843c9d9ffffffff","field":"national_highways","kind":"nh_access","source":"osm+worldpop","confidence":0.9,"population":1008362.0,"nh_distance_km":5.74,"pipeline_access_gain_km":0.0,"share_within_10km":0.79},"geometry":{"type":"Polygon","coordinates":[[[85.5781,19.6828],[85.3578,19.8085],[85.3688,20.0546],[85.6005,20.1754],[85.8214,20.0499],[85.81,19.8034],[85.5781,19.6828]]]}},{"type":"Feature","properties":{"id":"nh_access:h3:843c9dbffffffff","field":"national_highways","kind":"nh_access","source":"osm+worldpop","confidence":0.9,"population":1010643.0,"nh_distance_km":4.31,"pipeline_access_gain_km":0.0,"share_within_10km":0.884},"geometry":{"type":"Polygon","coordinates":[[[86.0307,19.677],[85.81,19.8034],[85.8214,20.0499],[86.0539,20.1702],[86.2752,20.044],[86.2634,19.7972],[86.0307,19.677]]]}},{"type":"Feature","properties":{"id":"nh_access:h3:843c9ddffffffff","field":"national_highways","kind":"nh_access","source":"osm+worldpop","confidence":0.9,"population":130965.0,"nh_distance_km":1.38,"pipeline_access_gain_km":0.0,"share_within_10km":1.0},"geometry":{"type":"Polygon","coordinates":[[[85.3358,19.3152],[85.116,19.441],[85.1268,19.6875],[85.3578,19.8085],[85.5781,19.6828],[85.567,19.436],[85.3358,19.3152]]]}},{"type":"Feature","properties":{"id":"nh_access:h3:843c9e9ffffffff","field":"national_highways","kind":"nh_access","source":"osm+worldpop","confidence":0.9,"population":551601.0,"nh_distance_km":3.83,"pipeline_access_gain_km":0.0,"share_within_10km":0.942},"geometry":{"type":"Polygon","coordinates":[[[84.1683,18.2138],[83.9505,18.3393],[83.9602,18.5864],[84.1881,18.7083],[84.4065,18.5829],[84.3964,18.3355],[84.1683,18.2138]]]}},{"type":"Feature","properties":{"id":"nh_access:h3:843c9edffffffff","field":"national_highways","kind":"nh_access","source":"osm+worldpop","confidence":0.9,"population":281739.0,"nh_distance_km":4.18,"pipeline_access_gain_km":0.0,"share_within_10km":0.944},"geometry":{"type":"Polygon","coordinates":[[[83.9311,17.8444],[83.7138,17.9701],[83.7233,18.2173],[83.9505,18.3393],[84.1683,18.2138],[84.1584,17.9662],[83.9311,17.8444]]]}},{"type":"Feature","properties":{"id":"nh_access:h3:843ca01ffffffff","field":"national_highways","kind":"nh_access","source":"osm+worldpop","confidence":0.9,"population":109070.0,"nh_distance_km":20.98,"pipeline_access_gain_km":0.0,"share_within_10km":0.221},"geometry":{"type":"Polygon","coordinates":[[[82.5754,23.3111],[82.3558,23.4257],[82.3642,23.6633],[82.5927,23.7867],[82.8128,23.6723],[82.804,23.4344],[82.5754,23.3111]]]}},{"type":"Feature","properties":{"id":"nh_access:h3:843ca03ffffffff","field":"national_highways","kind":"nh_access","source":"osm+worldpop","confidence":0.9,"population":216297.0,"nh_distance_km":29.47,"pipeline_access_gain_km":0.0,"share_within_10km":0.0},"geometry":{"type":"Polygon","coordinates":[[[83.0242,23.319],[82.804,23.4344],[82.8128,23.6723],[83.0423,23.7952],[83.2631,23.6801],[83.2538,23.4417],[83.0242,23.319]]]}},{"type":"Feature","properties":{"id":"nh_access:h3:843ca05ffffffff","field":"national_highways","kind":"nh_access","source":"osm+worldpop","confidence":0.9,"population":454813.0,"nh_distance_km":9.14,"pipeline_access_gain_km":0.0,"share_within_10km":0.589},"geometry":{"type":"Polygon","coordinates":[[[82.3389,22.9492],[82.1199,23.064],[82.1281,23.302],[82.3558,23.4257],[82.5754,23.3111],[82.5667,23.0727],[82.3389,22.9492]]]}},{"type":"Feature","properties":{"id":"nh_access:h3:843ca07ffffffff","field":"national_highways","kind":"nh_access","source":"osm+worldpop","confidence":0.9,"population":481417.0,"nh_distance_km":7.46,"pipeline_access_gain_km":0.0,"share_within_10km":0.675},"geometry":{"type":"Polygon","coordinates":[[[82.7863,22.9571],[82.5667,23.0727],[82.5754,23.3111],[82.804,23.4344],[83.0242,23.319],[83.0151,23.0802],[82.7863,22.9571]]]}},{"type":"Feature","properties":{"id":"nh_access:h3:843ca09ffffffff","field":"national_highways","kind":"nh_access","source":"osm+worldpop","confidence":0.9,"population":204574.0,"nh_distance_km":21.94,"pipeline_access_gain_km":0.0,"share_within_10km":0.143},"geometry":{"type":"Polygon","coordinates":[[[82.3642,23.6633],[82.1446,23.7768],[82.1529,24.0135],[82.3812,24.1371],[82.6013,24.0237],[82.5927,23.7867],[82.3642,23.6633]]]}},{"type":"Feature","properties":{"id":"nh_access:h3:843ca0bffffffff","field":"national_highways","kind":"nh_access","source":"osm+worldpop","confidence":0.9,"population":281240.0,"nh_distance_km":20.36,"pipeline_access_gain_km":0.0,"share_within_10km":0.078},"geometry":{"type":"Polygon","coordinates":[[[82.8128,23.6723],[82.5927,23.7867],[82.6013,24.0237],[82.8306,24.1468],[83.0514,24.0327],[83.0423,23.7952],[82.8128,23.6723]]]}},{"type":"Feature","properties":{"id":"nh_access:h3:843ca0dffffffff","field":"national_highways","kind":"nh_access","source":"osm+worldpop","confidence":0.9,"population":85144.0,"nh_distance_km":24.82,"pipeline_access_gain_km":0.0,"share_within_10km":0.046},"geometry":{"type":"Polygon","coordinates":[[[82.1281,23.302],[81.9091,23.4158],[81.9172,23.653],[82.1446,23.7768],[82.3642,23.6633],[82.3558,23.4257],[82.1281,23.302]]]}},{"type":"Feature","properties":{"id":"nh_access:h3:843ca11ffffffff","field":"national_highways","kind":"nh_access","source":"osm+worldpop","confidence":0.9,"population":488414.0,"nh_distance_km":7.99,"pipeline_access_gain_km":0.0,"share_within_10km":0.663},"geometry":{"type":"Polygon","coordinates":[[[83.7148,23.6865],[83.4935,23.8025],[83.503,24.0403],[83.7342,24.1625],[83.956,24.0467],[83.9462,23.8085],[83.7148,23.6865]]]}},{"type":"Feature","properties":{"id":"nh_access:h3:843ca13ffffffff","field":"national_highways","kind":"nh_access","source":"osm+worldpop","confidence":0.9,"population":928014.0,"nh_distance_km":6.58,"pipeline_access_gain_km":0.0,"share_within_10km":0.712},"geometry":{"type":"Polygon","coordinates":[[[84.168,23.6917],[83.9462,23.8085],[83.956,24.0467],[84.1882,24.1683],[84.4106,24.0517],[84.4003,23.8132],[84.168,23.6917]]]}},{"type":"Feature","properties":{"id":"nh_access:h3:843ca15ffffffff","field":"national_highways","kind":"nh_access","source":"osm+worldpop","confidence":0.9,"population":211313.0,"nh_distance_km":10.59,"pipeline_access_gain_km":0.0,"share_within_10km":0.547},"geometry":{"type":"Polygon","coordinates":[[[83.4746,23.3255],[83.2538,23.4417],[83.2631,23.6801],[83.4935,23.8025],[83.7148,23.6865],[83.7051,23.4479],[83.4746,23.3255]]]}},{"type":"Feature","properties":{"id":"nh_access:h3:843ca17ffffffff","field":"national_highways","kind":"nh_access","source":"osm+worldpop","confidence":0.9,"population":216483.0,"nh_distance_km":18.35,"pipeline_access_gain_km":0.0,"share_within_10km":0.155},"geometry":{"type":"Polygon","coordinates":[[[83.9264,23.3309],[83.7051,23.4479],[83.7148,23.6865],[83.9462,23.8085],[84.168,23.6917],[84.1579,23.4527],[83.9264,23.3309]]]}},{"type":"Feature","properties":{"id":"nh_access:h3:843ca19ffffffff","field":"national_highways","kind":"nh_access","source":"osm+worldpop","confidence":0.9,"population":795684.0,"nh_distance_km":7.2,"pipeline_access_gain_km":0.0,"share_within_10km":0.699},"geometry":{"type":"Polygon","coordinates":[[[83.503,24.0403],[83.2816,24.1553],[83.2909,24.3922],[83.522,24.5145],[83.7439,24.3997],[83.7342,24.1625],[83.503,24.0403]]]}},{"type":"Feature","properties":{"id":"nh_access:h3:843ca1bffffffff","field":"national_highways","kind":"nh_access","source":"osm+worldpop","confidence":0.9,"population":1087411.0,"nh_distance_km":8.77,"pipeline_access_gain_km":0.0,"share_within_10km":0.594},"geometry":{"type":"Polygon","coordinates":[[[83.956,24.0467],[83.7342,24.1625],[83.7439,24.3997],[83.9759,24.5215],[84.1983,24.4059],[84.1882,24.1683],[83.956,24.0467]]]}},{"type":"Feature","properties":{"id":"nh_access:h3:843ca1dffffffff","field":"national_highways","kind":"nh_access","source":"osm+worldpop","confidence":0.9,"population":242705.0,"nh_distance_km":29.14,"pipeline_access_gain_km":0.0,"share_within_10km":0.013},"geometry":{"type":"Polygon","coordinates":[[[83.2631,23.6801],[83.0423,23.7952],[83.0514,24.0327],[83.2816,24.1553],[83.503,24.0403],[83.4935,23.8025],[83.2631,23.6801]]]}},{"type":"Feature","properties":{"id":"nh_access:h3:843ca21ffffffff","field":"national_highways","kind":"nh_access","source":"osm+worldpop","confidence":0.9,"population":343078.0,"nh_distance_km":6.06,"pipeline_access_gain_km":0.0,"share_within_10km":0.798},"geometry":{"type":"Polygon","coordinates":[[[82.3137,22.2312],[82.0952,22.3472],[82.1034,22.5866],[82.3305,22.7103],[82.5495,22.5945],[82.5409,22.3548],[82.3137,22.2312]]]}},{"type":"Feature","properties":{"id":"nh_access:h3:843ca23ffffffff","field":"national_highways","kind":"nh_access","source":"osm+worldpop","confidence":0.9,"population":593155.0,"nh_distance_km":3.92,"pipeline_access_gain_km":0.02,"share_within_10km":0.891},"geometry":{"type":"Polygon","coordinates":[[[82.7599,22.238],[82.5409,22.3548],[82.5495,22.5945],[82.7775,22.7178],[82.9971,22.6012],[82.9881,22.3611],[82.7599,22.238]]]}},{"type":"Feature","properties":{"id":"nh_access:h3:843ca25ffffffff","field":"national_highways","kind":"nh_access","source":"osm+worldpop","confidence":0.9,"population":1419803.0,"nh_distance_km":2.59,"pipeline_access_gain_km":0.04,"share_within_10km":0.984},"geometry":{"type":"Polygon","coordinates":[[[82.0789,21.8673],[81.8611,21.9835],[81.869,22.2233],[82.0952,22.3472],[82.3137,22.2312],[82.3053,21.9911],[82.0789,21.8673]]]}},{"type":"Feature","properties":{"id":"nh_access:h3:843ca27ffffffff","field":"national_highways","kind":"nh_access","source":"osm+worldpop","confidence":0.9,"population":809806.0,"nh_distance_km":3.88,"pipeline_access_gain_km":0.16,"share_within_10km":0.935},"geometry":{"type":"Polygon","coordinates":[[[82.5238,21.8741],[82.3053,21.9911],[82.3137,22.2312],[82.5409,22.3548],[82.7599,22.238],[82.7512,21.9974],[82.5238,21.8741]]]}},{"type":"Feature","properties":{"id":"nh_access:h3:843ca29ffffffff","field":"national_highways","kind":"nh_access","source":"osm+worldpop","confidence":0.9,"population":309953.0,"nh_distance_km":17.98,"pipeline_access_gain_km":0.0,"share_within_10km":0.176},"geometry":{"type":"Polygon","coordinates":[[[82.1034,22.5866],[81.885,22.7016],[81.8931,22.9401],[82.1199,23.064],[82.3389,22.9492],[82.3305,22.7103],[82.1034,22.5866]]]}},{"type":"Feature","properties":{"id":"nh_access:h3:843ca2bffffffff","field":"national_highways","kind":"nh_access","source":"osm+worldpop","confidence":0.9,"population":232880.0,"nh_distance_km":11.63,"pipeline_access_gain_km":0.0,"share_within_10km":0.452},"geometry":{"type":"Polygon","coordinates":[[[82.5495,22.5945],[82.3305,22.7103],[82.3389,22.9492],[82.5667,23.0727],[82.7863,22.9571],[82.7775,22.7178],[82.5495,22.5945]]]}},{"type":"Feature","properties":{"id":"nh_access:h3:843ca2dffffffff","field":"national_highways","kind":"nh_access","source":"osm+worldpop","confidence":0.9,"population":216908.0,"nh_distance_km":8.86,"pipeline_access_gain_km":0.0,"share_within_10km":0.615},"geometry":{"type":"Polygon","coordinates":[[[81.869,22.2233],[81.6512,22.3385],[81.659,22.5775],[81.885,22.7016],[82.1034,22.5866],[82.0952,22.3472],[81.869,22.2233]]]}},{"type":"Feature","properties":{"id":"nh_access:h3:843ca31ffffffff","field":"national_highways","kind":"nh_access","source":"osm+worldpop","confidence":0.9,"population":361213.0,"nh_distance_km":8.22,"pipeline_access_gain_km":0.0,"share_within_10km":0.639},"geometry":{"type":"Polygon","coordinates":[[[83.4463,22.6067],[83.2261,22.7241],[83.2353,22.9638],[83.4651,23.0864],[83.6859,22.9692],[83.6762,22.7292],[83.4463,22.6067]]]}},{"type":"Feature","properties":{"id":"nh_access:h3:843ca33ffffffff","field":"national_highways","kind":"nh_access","source":"osm+worldpop","confidence":0.9,"population":272320.0,"nh_distance_km":8.94,"pipeline_access_gain_km":0.0,"share_within_10km":0.645},"geometry":{"type":"Polygon","coordinates":[[[83.897,22.611],[83.6762,22.7292],[83.6859,22.9692],[83.9166,23.0913],[84.1379,22.9733],[84.1279,22.733],[83.897,22.611]]]}},{"type":"Feature","properties":{"id":"nh_access:h3:843ca35ffffffff","field":"national_highways","kind":"nh_access","source":"osm+worldpop","confidence":0.9,"population":198189.0,"nh_distance_km":7.61,"pipeline_access_gain_km":0.11,"share_within_10km":0.69},"geometry":{"type":"Polygon","coordinates":[[[83.2077,22.2435],[82.9881,22.3611],[82.9971,22.6012],[83.2261,22.7241],[83.4463,22.6067],[83.4369,22.3662],[83.2077,22.2435]]]}},{"type":"Feature","properties":{"id":"nh_access:h3:843ca37ffffffff","field":"national_highways","kind":"nh_access","source":"osm+worldpop","confidence":0.9,"population":377702.0,"nh_distance_km":12.3,"pipeline_access_gain_km":0.31,"share_within_10km":0.492},"geometry":{"type":"Polygon","coordinates":[[[83.6571,22.2478],[83.4369,22.3662],[83.4463,22.6067],[83.6762,22.7292],[83.897,22.611],[83.8872,22.3701],[83.6571,22.2478]]]}},{"type":"Feature","properties":{"id":"nh_access:h3:843ca39ffffffff","field":"national_highways","kind":"nh_access","source":"osm+worldpop","confidence":0.9,"population":595202.0,"nh_distance_km":4.73,"pipeline_access_gain_km":0.0,"share_within_10km":0.847},"geometry":{"type":"Polygon","coordinates":[[[83.2353,22.9638],[83.0151,23.0802],[83.0242,23.319],[83.2538,23.4417],[83.4746,23.3255],[83.4651,23.0864],[83.2353,22.9638]]]}},{"type":"Feature","properties":{"id":"nh_access:h3:843ca3bffffffff","field":"national_highways","kind":"nh_access","source":"osm+worldpop","confidence":0.9,"population":231113.0,"nh_distance_km":22.94,"pipeline_access_gain_km":0.0,"share_within_10km":0.028},"geometry":{"type":"Polygon","coordinates":[[[83.6859,22.9692],[83.4651,23.0864],[83.4746,23.3255],[83.7051,23.4479],[83.9264,23.3309],[83.9166,23.0913],[83.6859,22.9692]]]}},{"type":"Feature","properties":{"id":"nh_access:h3:843ca3dffffffff","field":"national_highways","kind":"nh_access","source":"osm+worldpop","confidence":0.9,"population":258363.0,"nh_distance_km":8.69,"pipeline_access_gain_km":0.0,"share_within_10km":0.668},"geometry":{"type":"Polygon","coordinates":[[[82.9971,22.6012],[82.7775,22.7178],[82.7863,22.9571],[83.0151,23.0802],[83.2353,22.9638],[83.2261,22.7241],[82.9971,22.6012]]]}},{"type":"Feature","properties":{"id":"nh_access:h3:843ca41ffffffff","field":"national_highways","kind":"nh_access","source":"osm+worldpop","confidence":0.9,"population":554309.0,"nh_distance_km":15.7,"pipeline_access_gain_km":0.0,"share_within_10km":0.373},"geometry":{"type":"Polygon","coordinates":[[[81.7061,24.002],[81.4872,24.1137],[81.4949,24.3491],[81.7219,24.4733],[81.9415,24.3618],[81.9334,24.126],[81.7061,24.002]]]}},{"type":"Feature","properties":{"id":"nh_access:h3:843ca43ffffffff","field":"national_highways","kind":"nh_access","source":"osm+worldpop","confidence":0.9,"population":408058.0,"nh_distance_km":10.86,"pipeline_access_gain_km":0.0,"share_within_10km":0.561},"geometry":{"type":"Polygon","coordinates":[[[82.1529,24.0135],[81.9334,24.126],[81.9415,24.3618],[82.1695,24.4855],[82.3897,24.3732],[82.3812,24.1371],[82.1529,24.0135]]]}},{"type":"Feature","properties":{"id":"nh_access:h3:843ca45ffffffff","field":"national_highways","kind":"nh_access","source":"osm+worldpop","confidence":0.9,"population":278849.0,"nh_distance_km":43.55,"pipeline_access_gain_km":0.0,"share_within_10km":0.0},"geometry":{"type":"Polygon","coordinates":[[[81.4719,23.6415],[81.2536,23.7534],[81.2611,23.9893],[81.4872,24.1137],[81.7061,24.002],[81.6983,23.7657],[81.4719,23.6415]]]}},{"type":"Feature","properties":{"id":"nh_access:h3:843ca47ffffffff","field":"national_highways","kind":"nh_access","source":"osm+worldpop","confidence":0.9,"population":146859.0,"nh_distance_km":44.07,"pipeline_access_gain_km":0.0,"share_within_10km":0.0},"geometry":{"type":"Polygon","coordinates":[[[81.9172,23.653],[81.6983,23.7657],[81.7061,24.002],[81.9334,24.126],[82.1529,24.0135],[82.1446,23.7768],[81.9172,23.653]]]}},{"type":"Feature","properties":{"id":"nh_access:h3:843ca49ffffffff","field":"national_highways","kind":"nh_access","source":"osm+worldpop","confidence":0.9,"population":923887.0,"nh_distance_km":4.53,"pipeline_access_gain_km":0.01,"share_within_10km":0.93},"geometry":{"type":"Polygon","coordinates":[[[81.4949,24.3491],[81.2761,24.4598],[81.2836,24.6943],[81.5104,24.8186],[81.7299,24.7082],[81.7219,24.4733],[81.4949,24.3491]]]}},{"type":"Feature","properties":{"id":"nh_access:h3:843ca4bffffffff","field":"national_highways","kind":"nh_access","source":"osm+worldpop","confidence":0.9,"population":625072.0,"nh_distance_km":6.44,"pipeline_access_gain_km":0.0,"share_within_10km":0.747},"geometry":{"type":"Polygon","coordinates":[[[81.9415,24.3618],[81.7219,24.4733],[81.7299,24.7082],[81.9577,24.832],[82.1778,24.7208],[82.1695,24.4855],[81.9415,24.3618]]]}},{"type":"Feature","properties":{"id":"nh_access:h3:843ca4dffffffff","field":"national_highways","kind":"nh_access","source":"osm+worldpop","confidence":0.9,"population":536590.0,"nh_distance_km":10.43,"pipeline_access_gain_km":0.0,"share_within_10km":0.509},"geometry":{"type":"Polygon","coordinates":[[[81.2611,23.9893],[81.0428,24.1002],[81.0501,24.3352],[81.2761,24.4598],[81.4949,24.3491],[81.4872,24.1137],[81.2611,23.9893]]]}},{"type":"Feature","properties":{"id":"nh_access:h3:843ca51ffffffff","field":"national_highways","kind":"nh_access","source":"osm+worldpop","confidence":0.9,"population":640458.0,"nh_distance_km":28.36,"pipeline_access_gain_km":0.0,"share_within_10km":0.029},"geometry":{"type":"Polygon","coordinates":[[[82.8395,24.3834],[82.6188,24.4965],[82.6275,24.7321],[82.8574,24.8551],[83.0787,24.7422],[83.0696,24.5061],[82.8395,24.3834]]]}},{"type":"Feature","properties":{"id":"nh_access:h3:843ca53ffffffff","field":"national_highways","kind":"nh_access","source":"osm+worldpop","confidence":0.9,"population":428894.0,"nh_distance_km":27.21,"pipeline_access_gain_km":0.0,"share_within_10km":0.064},"geometry":{"type":"Polygon","coordinates":[[[83.2909,24.3922],[83.0696,24.5061],[83.0787,24.7422],[83.3096,24.8646],[83.5315,24.7509],[83.522,24.5145],[83.2909,24.3922]]]}},{"type":"Feature","properties":{"id":"nh_access:h3:843ca55ffffffff","field":"national_highways","kind":"nh_access","source":"osm+worldpop","confidence":0.9,"population":1117223.0,"nh_distance_km":2.7,"pipeline_access_gain_km":0.39,"share_within_10km":0.967},"geometry":{"type":"Polygon","coordinates":[[[82.6013,24.0237],[82.3812,24.1371],[82.3897,24.3732],[82.6188,24.4965],[82.8395,24.3834],[82.8306,24.1468],[82.6013,24.0237]]]}},{"type":"Feature","properties":{"id":"nh_access:h3:843ca57ffffffff","field":"national_highways","kind":"nh_access","source":"osm+worldpop","confidence":0.9,"population":498752.0,"nh_distance_km":10.96,"pipeline_access_gain_km":0.0,"share_within_10km":0.435},"geometry":{"type":"Polygon","coordinates":[[[83.0514,24.0327],[82.8306,24.1468],[82.8395,24.3834],[83.0696,24.5061],[83.2909,24.3922],[83.2816,24.1553],[83.0514,24.0327]]]}},{"type":"Feature","properties":{"id":"nh_access:h3:843ca59ffffffff","field":"national_highways","kind":"nh_access","source":"osm+worldpop","confidence":0.9,"population":1062525.0,"nh_distance_km":7.5,"pipeline_access_gain_km":0.0,"share_within_10km":0.715},"geometry":{"type":"Polygon","coordinates":[[[82.6275,24.7321],[82.4067,24.8442],[82.4153,25.0789],[82.645,25.202],[82.8663,25.0902],[82.8574,24.8551],[82.6275,24.7321]]]}},{"type":"Feature","properties":{"id":"nh_access:h3:843ca5bffffffff","field":"national_highways","kind":"nh_access","source":"osm+worldpop","confidence":0.9,"population":933123.0,"nh_distance_km":15.52,"pipeline_access_gain_km":0.66,"share_within_10km":0.297},"geometry":{"type":"Polygon","coordinates":[[[83.0787,24.7422],[82.8574,24.8551],[82.8663,25.0902],[83.097,25.2127],[83.3189,25.1],[83.3096,24.8646],[83.0787,24.7422]]]}},{"type":"Feature","properties":{"id":"nh_access:h3:843ca5dffffffff","field":"national_highways","kind":"nh_access","source":"osm+worldpop","confidence":0.9,"population":354827.0,"nh_distance_km":8.99,"pipeline_access_gain_km":0.0,"share_within_10km":0.539},"geometry":{"type":"Polygon","coordinates":[[[82.3897,24.3732],[82.1695,24.4855],[82.1778,24.7208],[82.4067,24.8442],[82.6275,24.7321],[82.6188,24.4965],[82.3897,24.3732]]]}},{"type":"Feature","properties":{"id":"nh_access:h3:843ca61ffffffff","field":"national_highways","kind":"nh_access","source":"osm+worldpop","confidence":0.9,"population":440517.0,"nh_distance_km":4.49,"pipeline_access_gain_km":0.0,"share_within_10km":0.906},"geometry":{"type":"Polygon","coordinates":[[[81.4489,22.9298],[81.2312,23.043],[81.2386,23.2802],[81.4642,23.4047],[81.6825,23.2917],[81.6747,23.0541],[81.4489,22.9298]]]}},{"type":"Feature","properties":{"id":"nh_access:h3:843ca63ffffffff","field":"national_highways","kind":"nh_access","source":"osm+worldpop","confidence":0.9,"population":591971.0,"nh_distance_km":9.8,"pipeline_access_gain_km":0.0,"share_within_10km":0.509},"geometry":{"type":"Polygon","coordinates":[[[81.8931,22.9401],[81.6747,23.0541],[81.6825,23.2917],[81.9091,23.4158],[82.1281,23.302],[82.1199,23.064],[81.8931,22.9401]]]}},{"type":"Feature","properties":{"id":"nh_access:h3:843ca65ffffffff","field":"national_highways","kind":"nh_access","source":"osm+worldpop","confidence":0.9,"population":156863.0,"nh_distance_km":7.1,"pipeline_access_gain_km":0.01,"share_within_10km":0.744},"geometry":{"type":"Polygon","coordinates":[[[81.2163,22.5672],[80.9992,22.6806],[81.0064,22.9183],[81.2312,23.043],[81.4489,22.9298],[81.4413,22.6917],[81.2163,22.5672]]]}},{"type":"Feature","properties":{"id":"nh_access:h3:843ca67ffffffff","field":"national_highways","kind":"nh_access","source":"osm+worldpop","confidence":0.9,"population":240977.0,"nh_distance_km":14.44,"pipeline_access_gain_km":0.0,"share_within_10km":0.329},"geometry":{"type":"Polygon","coordinates":[[[81.659,22.5775],[81.4413,22.6917],[81.4489,22.9298],[81.6747,23.0541],[81.8931,22.9401],[81.885,22.7016],[81.659,22.5775]]]}},{"type":"Feature","properties":{"id":"nh_access:h3:843ca69ffffffff","field":"national_highways","kind":"nh_access","source":"osm+worldpop","confidence":0.9,"population":247441.0,"nh_distance_km":18.66,"pipeline_access_gain_km":0.0,"share_within_10km":0.313},"geometry":{"type":"Polygon","coordinates":[[[81.2386,23.2802],[81.021,23.3924],[81.0282,23.6288],[81.2536,23.7534],[81.4719,23.6415],[81.4642,23.4047],[81.2386,23.2802]]]}},{"type":"Feature","properties":{"id":"nh_access:h3:843ca6bffffffff","field":"national_highways","kind":"nh_access","source":"osm+worldpop","confidence":0.9,"population":223144.0,"nh_distance_km":31.18,"pipeline_access_gain_km":0.0,"share_within_10km":0.001},"geometry":{"type":"Polygon","coordinates":[[[81.6825,23.2917],[81.4642,23.4047],[81.4719,23.6415],[81.6983,23.7657],[81.9172,23.653],[81.9091,23.4158],[81.6825,23.2917]]]}},{"type":"Feature","properties":{"id":"nh_access:h3:843ca6dffffffff","field":"national_highways","kind":"nh_access","source":"osm+worldpop","confidence":0.9,"population":209787.0,"nh_distance_km":6.28,"pipeline_access_gain_km":0.04,"share_within_10km":0.758},"geometry":{"type":"Polygon","coordinates":[[[81.0064,22.9183],[80.7894,23.0307],[80.7965,23.2675],[81.021,23.3924],[81.2386,23.2802],[81.2312,23.043],[81.0064,22.9183]]]}},{"type":"Feature","properties":{"id":"nh_access:h3:843ca81ffffffff","field":"national_highways","kind":"nh_access","source":"osm+worldpop","confidence":0.9,"population":925038.0,"nh_distance_km":5.94,"pipeline_access_gain_km":1.63,"share_within_10km":0.762},"geometry":{"type":"Polygon","coordinates":[[[85.748,23.3391],[85.5248,23.4594],[85.536,23.6993],[85.7709,23.8193],[85.9947,23.6992],[85.983,23.4589],[85.748,23.3391]]]}},{"type":"Feature","properties":{"id":"nh_access:h3:843ca83ffffffff","field":"national_highways","kind":"nh_access","source":"osm+worldpop","confidence":0.9,"population":2126918.0,"nh_distance_km":3.76,"pipeline_access_gain_km":0.36,"share_within_10km":0.971},"geometry":{"type":"Polygon","coordinates":[[[86.2066,23.3378],[85.983,23.4589],[85.9947,23.6992],[86.2304,23.8186],[86.4545,23.6977],[86.4424,23.4572],[86.2066,23.3378]]]}},{"type":"Feature","properties":{"id":"nh_access:h3:843ca85ffffffff","field":"national_highways","kind":"nh_access","source":"osm+worldpop","confidence":0.9,"population":1095450.0,"nh_distance_km":4.32,"pipeline_access_gain_km":0.0,"share_within_10km":0.892},"geometry":{"type":"Polygon","coordinates":[[[85.5022,22.9781],[85.2795,23.0985],[85.2906,23.339],[85.5248,23.4594],[85.748,23.3391],[85.7365,23.0983],[85.5022,22.9781]]]}},{"type":"Feature","properties":{"id":"nh_access:h3:843ca87ffffffff","field":"national_highways","kind":"nh_access","source":"osm+worldpop","confidence":0.9,"population":851645.0,"nh_distance_km":19.0,"pipeline_access_gain_km":1.99,"share_within_10km":0.136},"geometry":{"type":"Polygon","coordinates":[[[85.9597,22.977],[85.7365,23.0983],[85.748,23.3391],[85.983,23.4589],[86.2066,23.3378],[86.1947,23.0968],[85.9597,22.977]]]}},{"type":"Feature","properties":{"id":"nh_access:h3:843ca89ffffffff","field":"national_highways","kind":"nh_access","source":"osm+worldpop","confidence":0.9,"population":989232.0,"nh_distance_km":4.03,"pipeline_access_gain_km":0.32,"share_within_10km":0.916},"geometry":{"type":"Polygon","coordinates":[[[85.536,23.6993],[85.3127,23.8186],[85.3239,24.0577],[85.5587,24.1778],[85.7825,24.0587],[85.7709,23.8193],[85.536,23.6993]]]}},{"type":"Feature","properties":{"id":"nh_access:h3:843ca8bffffffff","field":"national_highways","kind":"nh_access","source":"osm+worldpop","confidence":0.9,"population":1218017.0,"nh_distance_km":8.13,"pipeline_access_gain_km":0.02,"share_within_10km":0.597},"geometry":{"type":"Polygon","coordinates":[[[85.9947,23.6992],[85.7709,23.8193],[85.7825,24.0587],[86.0181,24.1783],[86.2423,24.0583],[86.2304,23.8186],[85.9947,23.6992]]]}},{"type":"Feature","properties":{"id":"nh_access:h3:843ca8dffffffff","field":"national_highways","kind":"nh_access","source":"osm+worldpop","confidence":0.9,"population":1940528.0,"nh_distance_km":6.7,"pipeline_access_gain_km":1.12,"share_within_10km":0.746},"geometry":{"type":"Polygon","coordinates":[[[85.2906,23.339],[85.0678,23.4585],[85.0787,23.6981],[85.3127,23.8186],[85.536,23.6993],[85.5248,23.4594],[85.2906,23.339]]]}},{"type":"Feature","properties":{"id":"nh_access:h3:843ca91ffffffff","field":"national_highways","kind":"nh_access","source":"osm+worldpop","confidence":0.9,"population":1387887.0,"nh_distance_km":6.95,"pipeline_access_gain_km":0.0,"share_within_10km":0.693},"geometry":{"type":"Polygon","coordinates":[[[86.9155,23.6948],[86.691,23.8166],[86.7034,24.0566],[86.9406,24.175],[87.1656,24.0534],[87.1528,23.8132],[86.9155,23.6948]]]}},{"type":"Feature","properties":{"id":"nh_access:h3:843ca93ffffffff","field":"national_highways","kind":"nh_access","source":"osm+worldpop","confidence":0.9,"population":1294113.0,"nh_distance_km":6.03,"pipeline_access_gain_km":0.0,"share_within_10km":0.79},"geometry":{"type":"Polygon","coordinates":[[[87.3777,23.6906],[87.1528,23.8132],[87.1656,24.0534],[87.4036,24.1713],[87.6288,24.0489],[87.6157,23.8084],[87.3777,23.6906]]]}},{"type":"Feature","properties":{"id":"nh_access:h3:843ca95ffffffff","field":"national_highways","kind":"nh_access","source":"osm+worldpop","confidence":0.9,"population":2011131.0,"nh_distance_km":9.26,"pipeline_access_gain_km":0.0,"share_within_10km":0.642},"geometry":{"type":"Polygon","coordinates":[[[86.6664,23.3353],[86.4424,23.4572],[86.4545,23.6977],[86.691,23.8166],[86.9155,23.6948],[86.903,23.454],[86.6664,23.3353]]]}},{"type":"Feature","properties":{"id":"nh_access:h3:843ca97ffffffff","field":"national_highways","kind":"nh_access","source":"osm+worldpop","confidence":0.9,"population":2740810.0,"nh_distance_km":4.09,"pipeline_access_gain_km":0.0,"share_within_10km":0.946},"geometry":{"type":"Polygon","coordinates":[[[87.1274,23.3313],[86.903,23.454],[86.9155,23.6948],[87.1528,23.8132],[87.3777,23.6906],[87.3647,23.4495],[87.1274,23.3313]]]}},{"type":"Feature","properties":{"id":"nh_access:h3:843ca99ffffffff","field":"national_highways","kind":"nh_access","source":"osm+worldpop","confidence":0.9,"population":1434025.0,"nh_distance_km":5.25,"pipeline_access_gain_km":0.0,"share_within_10km":0.824},"geometry":{"type":"Polygon","coordinates":[[[86.7034,24.0566],[86.4788,24.1773],[86.4909,24.4164],[86.7281,24.535],[86.9532,24.4144],[86.9406,24.175],[86.7034,24.0566]]]}},{"type":"Feature","properties":{"id":"nh_access:h3:843ca9bffffffff","field":"national_highways","kind":"nh_access","source":"osm+worldpop","confidence":0.9,"population":862726.0,"nh_distance_km":7.95,"pipeline_access_gain_km":0.0,"share_within_10km":0.625},"geometry":{"type":"Polygon","coordinates":[[[87.1656,24.0534],[86.9406,24.175],[86.9532,24.4144],[87.1911,24.5324],[87.4165,24.4109],[87.4036,24.1713],[87.1656,24.0534]]]}},{"type":"Feature","properties":{"id":"nh_access:h3:843ca9dffffffff","field":"national_highways","kind":"nh_access","source":"osm+worldpop","confidence":0.9,"population":2266382.0,"nh_distance_km":4.49,"pipeline_access_gain_km":0.0,"share_within_10km":0.821},"geometry":{"type":"Polygon","coordinates":[[[86.4545,23.6977],[86.2304,23.8186],[86.2423,24.0583],[86.4788,24.1773],[86.7034,24.0566],[86.691,23.8166],[86.4545,23.6977]]]}},{"type":"Feature","properties":{"id":"nh_access:h3:843caa1ffffffff","field":"national_highways","kind":"nh_access","source":"osm+worldpop","confidence":0.9,"population":305060.0,"nh_distance_km":5.36,"pipeline_access_gain_km":0.0,"share_within_10km":0.828},"geometry":{"type":"Polygon","coordinates":[[[85.4686,22.2528],[85.2465,22.3743],[85.2575,22.6162],[85.491,22.7367],[85.7137,22.6153],[85.7023,22.3732],[85.4686,22.2528]]]}},{"type":"Feature","properties":{"id":"nh_access:h3:843caa3ffffffff","field":"national_highways","kind":"nh_access","source":"osm+worldpop","confidence":0.9,"population":831749.0,"nh_distance_km":4.21,"pipeline_access_gain_km":0.0,"share_within_10km":0.877},"geometry":{"type":"Polygon","coordinates":[[[85.9248,22.2508],[85.7023,22.3732],[85.7137,22.6153],[85.948,22.7354],[86.1711,22.6132],[86.1593,22.3708],[85.9248,22.2508]]]}},{"type":"Feature","properties":{"id":"nh_access:h3:843caa5ffffffff","field":"national_highways","kind":"nh_access","source":"osm+worldpop","confidence":0.9,"population":354439.0,"nh_distance_km":3.67,"pipeline_access_gain_km":0.0,"share_within_10km":0.96},"geometry":{"type":"Polygon","coordinates":[[[85.2246,21.8894],[85.0029,22.0111],[85.0137,22.2534],[85.2465,22.3743],[85.4686,22.2528],[85.4575,22.0101],[85.2246,21.8894]]]}},{"type":"Feature","properties":{"id":"nh_access:h3:843caa7ffffffff","field":"national_highways","kind":"nh_access","source":"osm+worldpop","confidence":0.9,"population":540942.0,"nh_distance_km":5.8,"pipeline_access_gain_km":0.0,"share_within_10km":0.793},"geometry":{"type":"Polygon","coordinates":[[[85.6795,21.8876],[85.4575,22.0101],[85.4686,22.2528],[85.7023,22.3732],[85.9248,22.2508],[85.9132,22.0079],[85.6795,21.8876]]]}},{"type":"Feature","properties":{"id":"nh_access:h3:843caa9ffffffff","field":"national_highways","kind":"nh_access","source":"osm+worldpop","confidence":0.9,"population":383416.0,"nh_distance_km":4.32,"pipeline_access_gain_km":0.0,"share_within_10km":0.861},"geometry":{"type":"Polygon","coordinates":[[[85.2575,22.6162],[85.0353,22.7368],[85.0461,22.9778],[85.2795,23.0985],[85.5022,22.9781],[85.491,22.7367],[85.2575,22.6162]]]}},{"type":"Feature","properties":{"id":"nh_access:h3:843caabffffffff","field":"national_highways","kind":"nh_access","source":"osm+worldpop","confidence":0.9,"population":583178.0,"nh_distance_km":6.28,"pipeline_access_gain_km":0.0,"share_within_10km":0.766},"geometry":{"type":"Polygon","coordinates":[[[85.7137,22.6153],[85.491,22.7367],[85.5022,22.9781],[85.7365,23.0983],[85.9597,22.977],[85.948,22.7354],[85.7137,22.6153]]]}},{"type":"Feature","properties":{"id":"nh_access:h3:843caadffffffff","field":"national_highways","kind":"nh_access","source":"osm+worldpop","confidence":0.9,"population":394960.0,"nh_distance_km":6.65,"pipeline_access_gain_km":0.0,"share_within_10km":0.718},"geometry":{"type":"Polygon","coordinates":[[[85.0137,22.2534],[84.792,22.3742],[84.8026,22.6157],[85.0353,22.7368],[85.2575,22.6162],[85.2465,22.3743],[85.0137,22.2534]]]}},{"type":"Feature","properties":{"id":"nh_access:h3:843cab1ffffffff","field":"national_highways","kind":"nh_access","source":"osm+worldpop","confidence":0.9,"population":690800.0,"nh_distance_km":26.43,"pipeline_access_gain_km":4.97,"share_within_10km":0.045},"geometry":{"type":"Polygon","coordinates":[[[86.6297,22.6098],[86.4062,22.7328],[86.4183,22.9747],[86.6542,23.0939],[86.8781,22.971],[86.8656,22.7288],[86.6297,22.6098]]]}},{"type":"Feature","properties":{"id":"nh_access:h3:843cab3ffffffff","field":"national_highways","kind":"nh_access","source":"osm+worldpop","confidence":0.9,"population":838198.0,"nh_distance_km":22.32,"pipeline_access_gain_km":9.61,"share_within_10km":0.168},"geometry":{"type":"Polygon","coordinates":[[[87.0894,22.605],[86.8656,22.7288],[86.8781,22.971],[87.1147,23.0897],[87.339,22.966],[87.3261,22.7236],[87.0894,22.605]]]}},{"type":"Feature","properties":{"id":"nh_access:h3:843cab5ffffffff","field":"national_highways","kind":"nh_access","source":"osm+worldpop","confidence":0.9,"population":602189.0,"nh_distance_km":7.32,"pipeline_access_gain_km":0.0,"share_within_10km":0.691},"geometry":{"type":"Polygon","coordinates":[[[86.3822,22.2476],[86.1593,22.3708],[86.1711,22.6132],[86.4062,22.7328],[86.6297,22.6098],[86.6175,22.3671],[86.3822,22.2476]]]}},{"type":"Feature","properties":{"id":"nh_access:h3:843cab7ffffffff","field":"national_highways","kind":"nh_access","source":"osm+worldpop","confidence":0.9,"population":815398.0,"nh_distance_km":16.34,"pipeline_access_gain_km":0.04,"share_within_10km":0.329},"geometry":{"type":"Polygon","coordinates":[[[86.8408,22.2431],[86.6175,22.3671],[86.6297,22.6098],[86.8656,22.7288],[87.0894,22.605],[87.0768,22.362],[86.8408,22.2431]]]}},{"type":"Feature","properties":{"id":"nh_access:h3:843cab9ffffffff","field":"national_highways","kind":"nh_access","source":"osm+worldpop","confidence":0.9,"population":1135443.0,"nh_distance_km":7.22,"pipeline_access_gain_km":1.24,"share_within_10km":0.732},"geometry":{"type":"Polygon","coordinates":[[[86.4183,22.9747],[86.1947,23.0968],[86.2066,23.3378],[86.4424,23.4572],[86.6664,23.3353],[86.6542,23.0939],[86.4183,22.9747]]]}},{"type":"Feature","properties":{"id":"nh_access:h3:843cabbffffffff","field":"national_highways","kind":"nh_access","source":"osm+worldpop","confidence":0.9,"population":1174062.0,"nh_distance_km":8.33,"pipeline_access_gain_km":4.32,"share_within_10km":0.662},"geometry":{"type":"Polygon","coordinates":[[[86.8781,22.971],[86.6542,23.0939],[86.6664,23.3353],[86.903,23.454],[87.1274,23.3313],[87.1147,23.0897],[86.8781,22.971]]]}},{"type":"Feature","properties":{"id":"nh_access:h3:843cabdffffffff","field":"national_highways","kind":"nh_access","source":"osm+worldpop","confidence":0.9,"population":2308422.0,"nh_distance_km":3.82,"pipeline_access_gain_km":0.0,"share_within_10km":0.949},"geometry":{"type":"Polygon","coordinates":[[[86.1711,22.6132],[85.948,22.7354],[85.9597,22.977],[86.1947,23.0968],[86.4183,22.9747],[86.4062,22.7328],[86.1711,22.6132]]]}},{"type":"Feature","properties":{"id":"nh_access:h3:843cac1ffffffff","field":"national_highways","kind":"nh_access","source":"osm+worldpop","confidence":0.9,"population":708815.0,"nh_distance_km":6.89,"pipeline_access_gain_km":1.81,"share_within_10km":0.71},"geometry":{"type":"Polygon","coordinates":[[[84.8665,24.0554],[84.6437,24.1728],[84.6542,24.4108],[84.888,24.5315],[85.1114,24.4142],[85.1005,24.176],[84.8665,24.0554]]]}},{"type":"Feature","properties":{"id":"nh_access:h3:843cac3ffffffff","field":"national_highways","kind":"nh_access","source":"osm+worldpop","confidence":0.9,"population":886163.0,"nh_distance_km":6.01,"pipeline_access_gain_km":0.18,"share_within_10km":0.783},"geometry":{"type":"Polygon","coordinates":[[[85.3239,24.0577],[85.1005,24.176],[85.1114,24.4142],[85.3461,24.5345],[85.57,24.4164],[85.5587,24.1778],[85.3239,24.0577]]]}},{"type":"Feature","properties":{"id":"nh_access:h3:843cac5ffffffff","field":"national_highways","kind":"nh_access","source":"osm+worldpop","confidence":0.9,"population":462116.0,"nh_distance_km":11.35,"pipeline_access_gain_km":0.01,"share_within_10km":0.539},"geometry":{"type":"Polygon","coordinates":[[[84.6227,23.6956],[84.4003,23.8132],[84.4106,24.0517],[84.6437,24.1728],[84.8665,24.0554],[84.8558,23.8166],[84.6227,23.6956]]]}},{"type":"Feature","properties":{"id":"nh_access:h3:843cac7ffffffff","field":"national_highways","kind":"nh_access","source":"osm+worldpop","confidence":0.9,"population":603746.0,"nh_distance_km":10.71,"pipeline_access_gain_km":1.28,"share_within_10km":0.506},"geometry":{"type":"Polygon","coordinates":[[[85.0787,23.6981],[84.8558,23.8166],[84.8665,24.0554],[85.1005,24.176],[85.3239,24.0577],[85.3127,23.8186],[85.0787,23.6981]]]}},{"type":"Feature","properties":{"id":"nh_access:h3:843cac9ffffffff","field":"national_highways","kind":"nh_access","source":"osm+worldpop","confidence":0.9,"population":1674700.0,"nh_distance_km":8.47,"pipeline_access_gain_km":2.52,"share_within_10km":0.593},"geometry":{"type":"Polygon","coordinates":[[[84.6542,24.4108],[84.4312,24.5272],[84.4416,24.7642],[84.6753,24.8851],[84.8988,24.7689],[84.888,24.5315],[84.6542,24.4108]]]}},{"type":"Feature","properties":{"id":"nh_access:h3:843cacbffffffff","field":"national_highways","kind":"nh_access","source":"osm+worldpop","confidence":0.9,"population":2295812.0,"nh_distance_km":5.65,"pipeline_access_gain_km":0.0,"share_within_10km":0.768},"geometry":{"type":"Polygon","coordinates":[[[85.1114,24.4142],[84.888,24.5315],[84.8988,24.7689],[85.1333,24.8892],[85.3573,24.7721],[85.3461,24.5345],[85.1114,24.4142]]]}},{"type":"Feature","properties":{"id":"nh_access:h3:843cacdffffffff","field":"national_highways","kind":"nh_access","source":"osm+worldpop","confidence":0.9,"population":709432.0,"nh_distance_km":18.99,"pipeline_access_gain_km":6.77,"share_within_10km":0.125},"geometry":{"type":"Polygon","coordinates":[[[84.4106,24.0517],[84.1882,24.1683],[84.1983,24.4059],[84.4312,24.5272],[84.6542,24.4108],[84.6437,24.1728],[84.4106,24.0517]]]}},{"type":"Feature","properties":{"id":"nh_access:h3:843cad1ffffffff","field":"national_highways","kind":"nh_access","source":"osm+worldpop","confidence":0.9,"population":751971.0,"nh_distance_km":19.42,"pipeline_access_gain_km":0.0,"share_within_10km":0.207},"geometry":{"type":"Polygon","coordinates":[[[86.0299,24.4171],[85.8056,24.5361],[85.8171,24.774],[86.0534,24.8932],[86.2782,24.7744],[86.2662,24.5362],[86.0299,24.4171]]]}},{"type":"Feature","properties":{"id":"nh_access:h3:843cad3ffffffff","field":"national_highways","kind":"nh_access","source":"osm+worldpop","confidence":0.9,"population":1023775.0,"nh_distance_km":3.95,"pipeline_access_gain_km":0.0,"share_within_10km":0.935},"geometry":{"type":"Polygon","coordinates":[[[86.4909,24.4164],[86.2662,24.5362],[86.2782,24.7744],[86.5153,24.8931],[86.7405,24.7735],[86.7281,24.535],[86.4909,24.4164]]]}},{"type":"Feature","properties":{"id":"nh_access:h3:843cad5ffffffff","field":"national_highways","kind":"nh_access","source":"osm+worldpop","confidence":0.9,"population":1088927.0,"nh_distance_km":17.52,"pipeline_access_gain_km":0.0,"share_within_10km":0.278},"geometry":{"type":"Polygon","coordinates":[[[85.7825,24.0587],[85.5587,24.1778],[85.57,24.4164],[85.8056,24.5361],[86.0299,24.4171],[86.0181,24.1783],[85.7825,24.0587]]]}},{"type":"Feature","properties":{"id":"nh_access:h3:843cad7ffffffff","field":"national_highways","kind":"nh_access","source":"osm+worldpop","confidence":0.9,"population":1282591.0,"nh_distance_km":8.93,"pipeline_access_gain_km":0.0,"share_within_10km":0.625},"geometry":{"type":"Polygon","coordinates":[[[86.2423,24.0583],[86.0181,24.1783],[86.0299,24.4171],[86.2662,24.5362],[86.4909,24.4164],[86.4788,24.1773],[86.2423,24.0583]]]}},{"type":"Feature","properties":{"id":"nh_access:h3:843cad9ffffffff","field":"national_highways","kind":"nh_access","source":"osm+worldpop","confidence":0.9,"population":2200094.0,"nh_distance_km":10.16,"pipeline_access_gain_km":0.0,"share_within_10km":0.549},"geometry":{"type":"Polygon","coordinates":[[[85.8171,24.774],[85.5927,24.8919],[85.6041,25.129],[85.8403,25.2483],[86.0652,25.1306],[86.0534,24.8932],[85.8171,24.774]]]}},{"type":"Feature","properties":{"id":"nh_access:h3:843cadbffffffff","field":"national_highways","kind":"nh_access","source":"osm+worldpop","confidence":0.9,"population":1508020.0,"nh_distance_km":4.77,"pipeline_access_gain_km":0.0,"share_within_10km":0.878},"geometry":{"type":"Polygon","coordinates":[[[86.2782,24.7744],[86.0534,24.8932],[86.0652,25.1306],[86.3023,25.2493],[86.5275,25.1307],[86.5153,24.8931],[86.2782,24.7744]]]}},{"type":"Feature","properties":{"id":"nh_access:h3:843caddffffffff","field":"national_highways","kind":"nh_access","source":"osm+worldpop","confidence":0.9,"population":1459642.0,"nh_distance_km":6.48,"pipeline_access_gain_km":0.0,"share_within_10km":0.789},"geometry":{"type":"Polygon","coordinates":[[[85.57,24.4164],[85.3461,24.5345],[85.3573,24.7721],[85.5927,24.8919],[85.8171,24.774],[85.8056,24.5361],[85.57,24.4164]]]}},{"type":"Feature","properties":{"id":"nh_access:h3:843cae1ffffffff","field":"national_highways","kind":"nh_access","source":"osm+worldpop","confidence":0.9,"population":621068.0,"nh_distance_km":4.13,"pipeline_access_gain_km":0.0,"share_within_10km":0.936},"geometry":{"type":"Polygon","coordinates":[[[84.5913,22.9762],[84.3695,23.095],[84.3798,23.3349],[84.6122,23.4562],[84.8345,23.3376],[84.8239,23.0974],[84.5913,22.9762]]]}},{"type":"Feature","properties":{"id":"nh_access:h3:843cae3ffffffff","field":"national_highways","kind":"nh_access","source":"osm+worldpop","confidence":0.9,"population":680969.0,"nh_distance_km":3.96,"pipeline_access_gain_km":0.0,"share_within_10km":0.931},"geometry":{"type":"Polygon","coordinates":[[[85.0461,22.9778],[84.8239,23.0974],[84.8345,23.3376],[85.0678,23.4585],[85.2906,23.339],[85.2795,23.0985],[85.0461,22.9778]]]}},{"type":"Feature","properties":{"id":"nh_access:h3:843cae5ffffffff","field":"national_highways","kind":"nh_access","source":"osm+worldpop","confidence":0.9,"population":292129.0,"nh_distance_km":6.98,"pipeline_access_gain_km":0.0,"share_within_10km":0.704},"geometry":{"type":"Polygon","coordinates":[[[84.3491,22.614],[84.1279,22.733],[84.1379,22.9733],[84.3695,23.095],[84.5913,22.9762],[84.5809,22.7355],[84.3491,22.614]]]}},{"type":"Feature","properties":{"id":"nh_access:h3:843cae7ffffffff","field":"national_highways","kind":"nh_access","source":"osm+worldpop","confidence":0.9,"population":408981.0,"nh_distance_km":5.61,"pipeline_access_gain_km":0.0,"share_within_10km":0.809},"geometry":{"type":"Polygon","coordinates":[[[84.8026,22.6157],[84.5809,22.7355],[84.5913,22.9762],[84.8239,23.0974],[85.0461,22.9778],[85.0353,22.7368],[84.8026,22.6157]]]}},{"type":"Feature","properties":{"id":"nh_access:h3:843cae9ffffffff","field":"national_highways","kind":"nh_access","source":"osm+worldpop","confidence":0.9,"population":282571.0,"nh_distance_km":11.81,"pipeline_access_gain_km":0.0,"share_within_10km":0.458},"geometry":{"type":"Polygon","coordinates":[[[84.3798,23.3349],[84.1579,23.4527],[84.168,23.6917],[84.4003,23.8132],[84.6227,23.6956],[84.6122,23.4562],[84.3798,23.3349]]]}},{"type":"Feature","properties":{"id":"nh_access:h3:843caebffffffff","field":"national_highways","kind":"nh_access","source":"osm+worldpop","confidence":0.9,"population":855887.0,"nh_distance_km":6.07,"pipeline_access_gain_km":0.0,"share_within_10km":0.801},"geometry":{"type":"Polygon","coordinates":[[[84.8345,23.3376],[84.6122,23.4562],[84.6227,23.6956],[84.8558,23.8166],[85.0787,23.6981],[85.0678,23.4585],[84.8345,23.3376]]]}},{"type":"Feature","properties":{"id":"nh_access:h3:843caedffffffff","field":"national_highways","kind":"nh_access","source":"osm+worldpop","confidence":0.9,"population":271778.0,"nh_distance_km":7.86,"pipeline_access_gain_km":0.0,"share_within_10km":0.657},"geometry":{"type":"Polygon","coordinates":[[[84.1379,22.9733],[83.9166,23.0913],[83.9264,23.3309],[84.1579,23.4527],[84.3798,23.3349],[84.3695,23.095],[84.1379,22.9733]]]}},{"type":"Feature","properties":{"id":"nh_access:h3:843cb01ffffffff","field":"national_highways","kind":"nh_access","source":"osm+worldpop","confidence":0.9,"population":647596.0,"nh_distance_km":7.93,"pipeline_access_gain_km":3.42,"share_within_10km":0.665},"geometry":{"type":"Polygon","coordinates":[[[80.9418,20.7645],[80.7264,20.8806],[80.7334,21.121],[80.9561,21.2458],[81.172,21.1299],[81.1647,20.8891],[80.9418,20.7645]]]}},{"type":"Feature","properties":{"id":"nh_access:h3:843cb03ffffffff","field":"national_highways","kind":"nh_access","source":"osm+worldpop","confidence":0.9,"population":1548106.0,"nh_distance_km":6.89,"pipeline_access_gain_km":2.21,"share_within_10km":0.712},"geometry":{"type":"Polygon","coordinates":[[[81.3807,20.7722],[81.1647,20.8891],[81.172,21.1299],[81.3958,21.2544],[81.6124,21.1377],[81.6047,20.8964],[81.3807,20.7722]]]}},{"type":"Feature","properties":{"id":"nh_access:h3:843cb05ffffffff","field":"national_highways","kind":"nh_access","source":"osm+worldpop","confidence":0.9,"population":265564.0,"nh_distance_km":19.18,"pipeline_access_gain_km":9.67,"share_within_10km":0.13},"geometry":{"type":"Polygon","coordinates":[[[80.7125,20.3986],[80.4978,20.5149],[80.5045,20.7557],[80.7264,20.8806],[80.9418,20.7645],[80.9346,20.5233],[80.7125,20.3986]]]}},{"type":"Feature","properties":{"id":"nh_access:h3:843cb07ffffffff","field":"national_highways","kind":"nh_access","source":"osm+worldpop","confidence":0.9,"population":468296.0,"nh_distance_km":6.8,"pipeline_access_gain_km":0.0,"share_within_10km":0.722},"geometry":{"type":"Polygon","coordinates":[[[81.1501,20.4062],[80.9346,20.5233],[80.9418,20.7645],[81.1647,20.8891],[81.3807,20.7722],[81.3732,20.5305],[81.1501,20.4062]]]}},{"type":"Feature","properties":{"id":"nh_access:h3:843cb09ffffffff","field":"national_highways","kind":"nh_access","source":"osm+worldpop","confidence":0.9,"population":362839.0,"nh_distance_km":22.24,"pipeline_access_gain_km":0.0,"share_within_10km":0.046},"geometry":{"type":"Polygon","coordinates":[[[80.7334,21.121],[80.5181,21.2362],[80.5248,21.4758],[80.7473,21.6008],[80.9632,21.4859],[80.9561,21.2458],[80.7334,21.121]]]}},{"type":"Feature","properties":{"id":"nh_access:h3:843cb0bffffffff","field":"national_highways","kind":"nh_access","source":"osm+worldpop","confidence":0.9,"population":751478.0,"nh_distance_km":14.13,"pipeline_access_gain_km":0.0,"share_within_10km":0.475},"geometry":{"type":"Polygon","coordinates":[[[81.172,21.1299],[80.9561,21.2458],[80.9632,21.4859],[81.1867,21.6106],[81.4033,21.4949],[81.3958,21.2544],[81.172,21.1299]]]}},{"type":"Feature","properties":{"id":"nh_access:h3:843cb0dffffffff","field":"national_highways","kind":"nh_access","source":"osm+worldpop","confidence":0.9,"population":317674.0,"nh_distance_km":7.27,"pipeline_access_gain_km":1.57,"share_within_10km":0.708},"geometry":{"type":"Polygon","coordinates":[[[80.5045,20.7557],[80.2899,20.8711],[80.2964,21.1111],[80.5181,21.2362],[80.7334,21.121],[80.7264,20.8806],[80.5045,20.7557]]]}},{"type":"Feature","properties":{"id":"nh_access:h3:843cb11ffffffff","field":"national_highways","kind":"nh_access","source":"osm+worldpop","confidence":0.9,"population":947209.0,"nh_distance_km":6.57,"pipeline_access_gain_km":0.0,"share_within_10km":0.746},"geometry":{"type":"Polygon","coordinates":[[[82.0545,21.1444],[81.8372,21.2618],[81.8451,21.5028],[82.0707,21.6267],[82.2886,21.5095],[82.2803,21.2682],[82.0545,21.1444]]]}},{"type":"Feature","properties":{"id":"nh_access:h3:843cb13ffffffff","field":"national_highways","kind":"nh_access","source":"osm+worldpop","confidence":0.9,"population":310241.0,"nh_distance_km":8.08,"pipeline_access_gain_km":0.0,"share_within_10km":0.637},"geometry":{"type":"Polygon","coordinates":[[[82.4982,21.15],[82.2803,21.2682],[82.2886,21.5095],[82.5152,21.6331],[82.7337,21.5151],[82.7249,21.2733],[82.4982,21.15]]]}},{"type":"Feature","properties":{"id":"nh_access:h3:843cb15ffffffff","field":"national_highways","kind":"nh_access","source":"osm+worldpop","confidence":0.9,"population":1021045.0,"nh_distance_km":4.3,"pipeline_access_gain_km":0.98,"share_within_10km":0.904},"geometry":{"type":"Polygon","coordinates":[[[81.8214,20.7788],[81.6047,20.8964],[81.6124,21.1377],[81.8372,21.2618],[82.0545,21.1444],[82.0464,20.9027],[81.8214,20.7788]]]}},{"type":"Feature","properties":{"id":"nh_access:h3:843cb17ffffffff","field":"national_highways","kind":"nh_access","source":"osm+worldpop","confidence":0.9,"population":402968.0,"nh_distance_km":7.66,"pipeline_access_gain_km":0.0,"share_within_10km":0.708},"geometry":{"type":"Polygon","coordinates":[[[82.2637,20.7843],[82.0464,20.9027],[82.0545,21.1444],[82.2803,21.2682],[82.4982,21.15],[82.4896,20.9078],[82.2637,20.7843]]]}},{"type":"Feature","properties":{"id":"nh_access:h3:843cb19ffffffff","field":"national_highways","kind":"nh_access","source":"osm+worldpop","confidence":0.9,"population":771674.0,"nh_distance_km":8.73,"pipeline_access_gain_km":0.0,"share_within_10km":0.543},"geometry":{"type":"Polygon","coordinates":[[[81.8451,21.5028],[81.6279,21.6192],[81.6357,21.8594],[81.8611,21.9835],[82.0789,21.8673],[82.0707,21.6267],[81.8451,21.5028]]]}},{"type":"Feature","properties":{"id":"nh_access:h3:843cb1bffffffff","field":"national_highways","kind":"nh_access","source":"osm+worldpop","confidence":0.9,"population":672184.0,"nh_distance_km":8.11,"pipeline_access_gain_km":0.0,"share_within_10km":0.644},"geometry":{"type":"Polygon","coordinates":[[[82.2886,21.5095],[82.0707,21.6267],[82.0789,21.8673],[82.3053,21.9911],[82.5238,21.8741],[82.5152,21.6331],[82.2886,21.5095]]]}},{"type":"Feature","properties":{"id":"nh_access:h3:843cb1dffffffff","field":"national_highways","kind":"nh_access","source":"osm+worldpop","confidence":0.9,"population":1935865.0,"nh_distance_km":2.76,"pipeline_access_gain_km":0.0,"share_within_10km":0.935},"geometry":{"type":"Polygon","coordinates":[[[81.6124,21.1377],[81.3958,21.2544],[81.4033,21.4949],[81.6279,21.6192],[81.8451,21.5028],[81.8372,21.2618],[81.6124,21.1377]]]}},{"type":"Feature","properties":{"id":"nh_access:h3:843cb21ffffffff","field":"national_highways","kind":"nh_access","source":"osm+worldpop","confidence":0.9,"population":179857.0,"nh_distance_km":36.7,"pipeline_access_gain_km":0.02,"share_within_10km":0.0},"geometry":{"type":"Polygon","coordinates":[[[80.6918,19.673],[80.4776,19.7905],[80.4844,20.0323],[80.7056,20.1571],[80.9204,20.0398],[80.9133,19.7975],[80.6918,19.673]]]}},{"type":"Feature","properties":{"id":"nh_access:h3:843cb23ffffffff","field":"national_highways","kind":"nh_access","source":"osm+worldpop","confidence":0.9,"population":90641.0,"nh_distance_km":27.35,"pipeline_access_gain_km":0.0,"share_within_10km":0.101},"geometry":{"type":"Polygon","coordinates":[[[81.1282,19.6793],[80.9133,19.7975],[80.9204,20.0398],[81.1428,20.1642],[81.3582,20.0462],[81.3508,19.8035],[81.1282,19.6793]]]}},{"type":"Feature","properties":{"id":"nh_access:h3:843cb25ffffffff","field":"national_highways","kind":"nh_access","source":"osm+worldpop","confidence":0.9,"population":79330.0,"nh_distance_km":14.88,"pipeline_access_gain_km":0.0,"share_within_10km":0.366},"geometry":{"type":"Polygon","coordinates":[[[80.4643,19.306],[80.2507,19.4237],[80.2572,19.6657],[80.4776,19.7905],[80.6918,19.673],[80.6849,19.4305],[80.4643,19.306]]]}},{"type":"Feature","properties":{"id":"nh_access:h3:843cb27ffffffff","field":"national_highways","kind":"nh_access","source":"osm+worldpop","confidence":0.9,"population":22969.0,"nh_distance_km":9.12,"pipeline_access_gain_km":0.92,"share_within_10km":0.625},"geometry":{"type":"Polygon","coordinates":[[[80.8992,19.312],[80.6849,19.4305],[80.6918,19.673],[80.9133,19.7975],[81.1282,19.6793],[81.1209,19.4363],[80.8992,19.312]]]}},{"type":"Feature","properties":{"id":"nh_access:h3:843cb29ffffffff","field":"national_highways","kind":"nh_access","source":"osm+worldpop","confidence":0.9,"population":133995.0,"nh_distance_km":10.76,"pipeline_access_gain_km":0.25,"share_within_10km":0.517},"geometry":{"type":"Polygon","coordinates":[[[80.4844,20.0323],[80.2702,20.1489],[80.2768,20.39],[80.4978,20.5149],[80.7125,20.3986],[80.7056,20.1571],[80.4844,20.0323]]]}},{"type":"Feature","properties":{"id":"nh_access:h3:843cb2bffffffff","field":"national_highways","kind":"nh_access","source":"osm+worldpop","confidence":0.9,"population":199772.0,"nh_distance_km":18.41,"pipeline_access_gain_km":0.0,"share_within_10km":0.285},"geometry":{"type":"Polygon","coordinates":[[[80.9204,20.0398],[80.7056,20.1571],[80.7125,20.3986],[80.9346,20.5233],[81.1501,20.4062],[81.1428,20.1642],[80.9204,20.0398]]]}},{"type":"Feature","properties":{"id":"nh_access:h3:843cb2dffffffff","field":"national_highways","kind":"nh_access","source":"osm+worldpop","confidence":0.9,"population":109843.0,"nh_distance_km":27.24,"pipeline_access_gain_km":0.0,"share_within_10km":0.03},"geometry":{"type":"Polygon","coordinates":[[[80.2572,19.6657],[80.0437,19.7825],[80.05,20.0239],[80.2702,20.1489],[80.4844,20.0323],[80.4776,19.7905],[80.2572,19.6657]]]}},{"type":"Feature","properties":{"id":"nh_access:h3:843cb31ffffffff","field":"national_highways","kind":"nh_access","source":"osm+worldpop","confidence":0.9,"population":241165.0,"nh_distance_km":23.67,"pipeline_access_gain_km":14.0,"share_within_10km":0.028},"geometry":{"type":"Polygon","coordinates":[[[81.7977,20.0515],[81.5816,20.1703],[81.5893,20.4127],[81.8135,20.5367],[82.0302,20.4181],[82.0221,20.1753],[81.7977,20.0515]]]}},{"type":"Feature","properties":{"id":"nh_access:h3:843cb33ffffffff","field":"national_highways","kind":"nh_access","source":"osm+worldpop","confidence":0.9,"population":112381.0,"nh_distance_km":7.14,"pipeline_access_gain_km":0.0,"share_within_10km":0.685},"geometry":{"type":"Polygon","coordinates":[[[82.2388,20.0558],[82.0221,20.1753],[82.0302,20.4181],[82.2554,20.5418],[82.4727,20.4225],[82.4642,20.1792],[82.2388,20.0558]]]}},{"type":"Feature","properties":{"id":"nh_access:h3:843cb35ffffffff","field":"national_highways","kind":"nh_access","source":"osm+worldpop","confidence":0.9,"population":236717.0,"nh_distance_km":8.77,"pipeline_access_gain_km":0.65,"share_within_10km":0.576},"geometry":{"type":"Polygon","coordinates":[[[81.5663,19.6845],[81.3508,19.8035],[81.3582,20.0462],[81.5816,20.1703],[81.7977,20.0515],[81.7899,19.8084],[81.5663,19.6845]]]}},{"type":"Feature","properties":{"id":"nh_access:h3:843cb37ffffffff","field":"national_highways","kind":"nh_access","source":"osm+worldpop","confidence":0.9,"population":326698.0,"nh_distance_km":29.41,"pipeline_access_gain_km":21.07,"share_within_10km":0.0},"geometry":{"type":"Polygon","coordinates":[[[82.006,19.6887],[81.7899,19.8084],[81.7977,20.0515],[82.0221,20.1753],[82.2388,20.0558],[82.2306,19.8122],[82.006,19.6887]]]}},{"type":"Feature","properties":{"id":"nh_access:h3:843cb39ffffffff","field":"national_highways","kind":"nh_access","source":"osm+worldpop","confidence":0.9,"population":531713.0,"nh_distance_km":6.66,"pipeline_access_gain_km":1.86,"share_within_10km":0.765},"geometry":{"type":"Polygon","coordinates":[[[81.5893,20.4127],[81.3732,20.5305],[81.3807,20.7722],[81.6047,20.8964],[81.8214,20.7788],[81.8135,20.5367],[81.5893,20.4127]]]}},{"type":"Feature","properties":{"id":"nh_access:h3:843cb3bffffffff","field":"national_highways","kind":"nh_access","source":"osm+worldpop","confidence":0.9,"population":261872.0,"nh_distance_km":9.42,"pipeline_access_gain_km":0.84,"share_within_10km":0.591},"geometry":{"type":"Polygon","coordinates":[[[82.0302,20.4181],[81.8135,20.5367],[81.8214,20.7788],[82.0464,20.9027],[82.2637,20.7843],[82.2554,20.5418],[82.0302,20.4181]]]}},{"type":"Feature","properties":{"id":"nh_access:h3:843cb3dffffffff","field":"national_highways","kind":"nh_access","source":"osm+worldpop","confidence":0.9,"population":320060.0,"nh_distance_km":8.88,"pipeline_access_gain_km":0.0,"share_within_10km":0.637},"geometry":{"type":"Polygon","coordinates":[[[81.3582,20.0462],[81.1428,20.1642],[81.1501,20.4062],[81.3732,20.5305],[81.5893,20.4127],[81.5816,20.1703],[81.3582,20.0462]]]}},{"type":"Feature","properties":{"id":"nh_access:h3:843cb41ffffffff","field":"national_highways","kind":"nh_access","source":"osm+worldpop","confidence":0.9,"population":705096.0,"nh_distance_km":4.43,"pipeline_access_gain_km":0.42,"share_within_10km":0.915},"geometry":{"type":"Polygon","coordinates":[[[80.0882,21.4646],[79.8737,21.578],[79.8799,21.8164],[80.1011,21.9419],[80.3162,21.8288],[80.3096,21.59],[80.0882,21.4646]]]}},{"type":"Feature","properties":{"id":"nh_access:h3:843cb43ffffffff","field":"national_highways","kind":"nh_access","source":"osm+worldpop","confidence":0.9,"population":239329.0,"nh_distance_km":24.95,"pipeline_access_gain_km":0.0,"share_within_10km":0.055},"geometry":{"type":"Polygon","coordinates":[[[80.5248,21.4758],[80.3096,21.59],[80.3162,21.8288],[80.5384,21.954],[80.7543,21.8401],[80.7473,21.6008],[80.5248,21.4758]]]}},{"type":"Feature","properties":{"id":"nh_access:h3:843cb45ffffffff","field":"national_highways","kind":"nh_access","source":"osm+worldpop","confidence":0.9,"population":499575.0,"nh_distance_km":3.87,"pipeline_access_gain_km":0.67,"share_within_10km":0.913},"geometry":{"type":"Polygon","coordinates":[[[79.8613,21.1],[79.6474,21.2136],[79.6534,21.4524],[79.8737,21.578],[80.0882,21.4646],[80.0818,21.2254],[79.8613,21.1]]]}},{"type":"Feature","properties":{"id":"nh_access:h3:843cb47ffffffff","field":"national_highways","kind":"nh_access","source":"osm+worldpop","confidence":0.9,"population":844490.0,"nh_distance_km":4.41,"pipeline_access_gain_km":0.07,"share_within_10km":0.878},"geometry":{"type":"Polygon","coordinates":[[[80.2964,21.1111],[80.0818,21.2254],[80.0882,21.4646],[80.3096,21.59],[80.5248,21.4758],[80.5181,21.2362],[80.2964,21.1111]]]}},{"type":"Feature","properties":{"id":"nh_access:h3:843cb49ffffffff","field":"national_highways","kind":"nh_access","source":"osm+worldpop","confidence":0.9,"population":325003.0,"nh_distance_km":17.66,"pipeline_access_gain_km":0.0,"share_within_10km":0.191},"geometry":{"type":"Polygon","coordinates":[[[79.8799,21.8164],[79.6655,21.9287],[79.6716,22.1664],[79.8924,22.2921],[80.1075,22.18],[80.1011,21.9419],[79.8799,21.8164]]]}},{"type":"Feature","properties":{"id":"nh_access:h3:843cb4bffffffff","field":"national_highways","kind":"nh_access","source":"osm+worldpop","confidence":0.9,"population":213450.0,"nh_distance_km":16.33,"pipeline_access_gain_km":0.0,"share_within_10km":0.358},"geometry":{"type":"Polygon","coordinates":[[[80.3162,21.8288],[80.1011,21.9419],[80.1075,22.18],[80.3295,22.3054],[80.5452,22.1925],[80.5384,21.954],[80.3162,21.8288]]]}},{"type":"Feature","properties":{"id":"nh_access:h3:843cb4dffffffff","field":"national_highways","kind":"nh_access","source":"osm+worldpop","confidence":0.9,"population":299559.0,"nh_distance_km":15.21,"pipeline_access_gain_km":0.0,"share_within_10km":0.209},"geometry":{"type":"Polygon","coordinates":[[[79.6534,21.4524],[79.4397,21.5649],[79.4455,21.8029],[79.6655,21.9287],[79.8799,21.8164],[79.8737,21.578],[79.6534,21.4524]]]}},{"type":"Feature","properties":{"id":"nh_access:h3:843cb51ffffffff","field":"national_highways","kind":"nh_access","source":"osm+worldpop","confidence":0.9,"population":501937.0,"nh_distance_km":5.2,"pipeline_access_gain_km":0.0,"share_within_10km":0.867},"geometry":{"type":"Polygon","coordinates":[[[81.1941,21.8503],[80.9776,21.965],[80.9848,22.2039],[81.2089,22.3286],[81.4261,22.2142],[81.4185,21.9748],[81.1941,21.8503]]]}},{"type":"Feature","properties":{"id":"nh_access:h3:843cb53ffffffff","field":"national_highways","kind":"nh_access","source":"osm+worldpop","confidence":0.9,"population":755191.0,"nh_distance_km":9.35,"pipeline_access_gain_km":0.0,"share_within_10km":0.546},"geometry":{"type":"Polygon","coordinates":[[[81.6357,21.8594],[81.4185,21.9748],[81.4261,22.2142],[81.6512,22.3385],[81.869,22.2233],[81.8611,21.9835],[81.6357,21.8594]]]}},{"type":"Feature","properties":{"id":"nh_access:h3:843cb55ffffffff","field":"national_highways","kind":"nh_access","source":"osm+worldpop","confidence":0.9,"population":342228.0,"nh_distance_km":35.54,"pipeline_access_gain_km":0.0,"share_within_10km":0.0},"geometry":{"type":"Polygon","coordinates":[[[80.9632,21.4859],[80.7473,21.6008],[80.7543,21.8401],[80.9776,21.965],[81.1941,21.8503],[81.1867,21.6106],[80.9632,21.4859]]]}},{"type":"Feature","properties":{"id":"nh_access:h3:843cb57ffffffff","field":"national_highways","kind":"nh_access","source":"osm+worldpop","confidence":0.9,"population":608070.0,"nh_distance_km":11.23,"pipeline_access_gain_km":0.0,"share_within_10km":0.517},"geometry":{"type":"Polygon","coordinates":[[[81.4033,21.4949],[81.1867,21.6106],[81.1941,21.8503],[81.4185,21.9748],[81.6357,21.8594],[81.6279,21.6192],[81.4033,21.4949]]]}},{"type":"Feature","properties":{"id":"nh_access:h3:843cb59ffffffff","field":"national_highways","kind":"nh_access","source":"osm+worldpop","confidence":0.9,"population":183282.0,"nh_distance_km":13.26,"pipeline_access_gain_km":0.0,"share_within_10km":0.445},"geometry":{"type":"Polygon","coordinates":[[[80.9848,22.2039],[80.7683,22.3176],[80.7753,22.5557],[80.9992,22.6806],[81.2163,22.5672],[81.2089,22.3286],[80.9848,22.2039]]]}},{"type":"Feature","properties":{"id":"nh_access:h3:843cb5bffffffff","field":"national_highways","kind":"nh_access","source":"osm+worldpop","confidence":0.9,"population":218231.0,"nh_distance_km":22.4,"pipeline_access_gain_km":0.0,"share_within_10km":0.009},"geometry":{"type":"Polygon","coordinates":[[[81.4261,22.2142],[81.2089,22.3286],[81.2163,22.5672],[81.4413,22.6917],[81.659,22.5775],[81.6512,22.3385],[81.4261,22.2142]]]}},{"type":"Feature","properties":{"id":"nh_access:h3:843cb5dffffffff","field":"national_highways","kind":"nh_access","source":"osm+worldpop","confidence":0.9,"population":273570.0,"nh_distance_km":32.28,"pipeline_access_gain_km":0.0,"share_within_10km":0.015},"geometry":{"type":"Polygon","coordinates":[[[80.7543,21.8401],[80.5384,21.954],[80.5452,22.1925],[80.7683,22.3176],[80.9848,22.2039],[80.9776,21.965],[80.7543,21.8401]]]}},{"type":"Feature","properties":{"id":"nh_access:h3:843cb61ffffffff","field":"national_highways","kind":"nh_access","source":"osm+worldpop","confidence":0.9,"population":437361.0,"nh_distance_km":4.14,"pipeline_access_gain_km":0.63,"share_within_10km":0.898},"geometry":{"type":"Polygon","coordinates":[[[79.8428,20.3803],[79.6295,20.4951],[79.6354,20.735],[79.8551,20.8605],[80.0691,20.7459],[80.0627,20.5055],[79.8428,20.3803]]]}},{"type":"Feature","properties":{"id":"nh_access:h3:843cb63ffffffff","field":"national_highways","kind":"nh_access","source":"osm+worldpop","confidence":0.9,"population":187789.0,"nh_distance_km":7.18,"pipeline_access_gain_km":1.87,"share_within_10km":0.672},"geometry":{"type":"Polygon","coordinates":[[[80.2768,20.39],[80.0627,20.5055],[80.0691,20.7459],[80.2899,20.8711],[80.5045,20.7557],[80.4978,20.5149],[80.2768,20.39]]]}},{"type":"Feature","properties":{"id":"nh_access:h3:843cb65ffffffff","field":"national_highways","kind":"nh_access","source":"osm+worldpop","confidence":0.9,"population":269786.0,"nh_distance_km":15.14,"pipeline_access_gain_km":0.02,"share_within_10km":0.292},"geometry":{"type":"Polygon","coordinates":[[[79.6175,20.0144],[79.4048,20.1294],[79.4106,20.3696],[79.6295,20.4951],[79.8428,20.3803],[79.8366,20.1397],[79.6175,20.0144]]]}},{"type":"Feature","properties":{"id":"nh_access:h3:843cb67ffffffff","field":"national_highways","kind":"nh_access","source":"osm+worldpop","confidence":0.9,"population":278585.0,"nh_distance_km":5.33,"pipeline_access_gain_km":1.55,"share_within_10km":0.824},"geometry":{"type":"Polygon","coordinates":[[[80.05,20.0239],[79.8366,20.1397],[79.8428,20.3803],[80.0627,20.5055],[80.2768,20.39],[80.2702,20.1489],[80.05,20.0239]]]}},{"type":"Feature","properties":{"id":"nh_access:h3:843cb69ffffffff","field":"national_highways","kind":"nh_access","source":"osm+worldpop","confidence":0.9,"population":496331.0,"nh_distance_km":4.23,"pipeline_access_gain_km":1.3,"share_within_10km":0.884},"geometry":{"type":"Polygon","coordinates":[[[79.6354,20.735],[79.4222,20.8488],[79.428,21.0879],[79.6474,21.2136],[79.8613,21.1],[79.8551,20.8605],[79.6354,20.735]]]}},{"type":"Feature","properties":{"id":"nh_access:h3:843cb6bffffffff","field":"national_highways","kind":"nh_access","source":"osm+worldpop","confidence":0.9,"population":419680.0,"nh_distance_km":5.61,"pipeline_access_gain_km":0.0,"share_within_10km":0.8},"geometry":{"type":"Polygon","coordinates":[[[80.0691,20.7459],[79.8551,20.8605],[79.8613,21.1],[80.0818,21.2254],[80.2964,21.1111],[80.2899,20.8711],[80.0691,20.7459]]]}},{"type":"Feature","properties":{"id":"nh_access:h3:843cb6dffffffff","field":"national_highways","kind":"nh_access","source":"osm+worldpop","confidence":0.9,"population":261055.0,"nh_distance_km":4.93,"pipeline_access_gain_km":0.0,"share_within_10km":0.867},"geometry":{"type":"Polygon","coordinates":[[[79.4106,20.3696],[79.198,20.4837],[79.2036,20.723],[79.4222,20.8488],[79.6354,20.735],[79.6295,20.4951],[79.4106,20.3696]]]}},{"type":"Feature","properties":{"id":"nh_access:h3:843cc01ffffffff","field":"national_highways","kind":"nh_access","source":"osm+worldpop","confidence":0.9,"population":15410.0,"nh_distance_km":34.77,"pipeline_access_gain_km":0.0,"share_within_10km":0.0},"geometry":{"type":"Polygon","coordinates":[[[92.2567,23.1964],[92.0303,23.3279],[92.0473,23.5708],[92.291,23.6824],[92.5177,23.551],[92.5003,23.308],[92.2567,23.1964]]]}},{"type":"Feature","properties":{"id":"nh_access:h3:843cc03ffffffff","field":"national_highways","kind":"nh_access","source":"osm+worldpop","confidence":0.9,"population":84966.0,"nh_distance_km":8.61,"pipeline_access_gain_km":0.0,"share_within_10km":0.642},"geometry":{"type":"Polygon","coordinates":[[[92.7267,23.1757],[92.5003,23.308],[92.5177,23.551],[92.7619,23.6619],[92.9886,23.5297],[92.9708,23.2866],[92.7267,23.1757]]]}},{"type":"Feature","properties":{"id":"nh_access:h3:843cc05ffffffff","field":"national_highways","kind":"nh_access","source":"osm+worldpop","confidence":0.9,"population":13035.0,"nh_distance_km":13.96,"pipeline_access_gain_km":0.0,"share_within_10km":0.139},"geometry":{"type":"Polygon","coordinates":[[[91.9964,22.8406],[91.7703,22.9721],[91.787,23.2157],[92.0303,23.3279],[92.2567,23.1964],[92.2395,22.9527],[91.9964,22.8406]]]}},{"type":"Feature","properties":{"id":"nh_access:h3:843cc07ffffffff","field":"national_highways","kind":"nh_access","source":"osm+worldpop","confidence":0.9,"population":41753.0,"nh_distance_km":12.02,"pipeline_access_gain_km":0.0,"share_within_10km":0.579},"geometry":{"type":"Polygon","coordinates":[[[92.4656,22.8204],[92.2395,22.9527],[92.2567,23.1964],[92.5003,23.308],[92.7267,23.1757],[92.7092,22.9319],[92.4656,22.8204]]]}},{"type":"Feature","properties":{"id":"nh_access:h3:843cc09ffffffff","field":"national_highways","kind":"nh_access","source":"osm+worldpop","confidence":0.9,"population":225649.0,"nh_distance_km":8.9,"pipeline_access_gain_km":0.0,"share_within_10km":0.599},"geometry":{"type":"Polygon","coordinates":[[[92.0473,23.5708],[91.8206,23.7015],[91.8374,23.9436],[92.0813,24.0552],[92.3083,23.9247],[92.291,23.6824],[92.0473,23.5708]]]}},{"type":"Feature","properties":{"id":"nh_access:h3:843cc0bffffffff","field":"national_highways","kind":"nh_access","source":"osm+worldpop","confidence":0.9,"population":414336.0,"nh_distance_km":2.46,"pipeline_access_gain_km":0.0,"share_within_10km":0.956},"geometry":{"type":"Polygon","coordinates":[[[92.5177,23.551],[92.291,23.6824],[92.3083,23.9247],[92.5526,24.0356],[92.7796,23.9043],[92.7619,23.6619],[92.5177,23.551]]]}},{"type":"Feature","properties":{"id":"nh_access:h3:843cc0dffffffff","field":"national_highways","kind":"nh_access","source":"osm+worldpop","confidence":0.9,"population":245072.0,"nh_distance_km":8.17,"pipeline_access_gain_km":0.0,"share_within_10km":0.698},"geometry":{"type":"Polygon","coordinates":[[[91.787,23.2157],[91.5607,23.3464],[91.5772,23.5892],[91.8206,23.7015],[92.0473,23.5708],[92.0303,23.3279],[91.787,23.2157]]]}},{"type":"Feature","properties":{"id":"nh_access:h3:843cc11ffffffff","field":"national_highways","kind":"nh_access","source":"osm+worldpop","confidence":0.9,"population":19965.0,"nh_distance_km":17.14,"pipeline_access_gain_km":0.0,"share_within_10km":0.065},"geometry":{"type":"Polygon","coordinates":[[[93.4598,23.507],[93.2332,23.64],[93.2512,23.8824],[93.4963,23.992],[93.7231,23.8591],[93.7047,23.6166],[93.4598,23.507]]]}},{"type":"Feature","properties":{"id":"nh_access:h3:843cc13ffffffff","field":"national_highways","kind":"nh_access","source":"osm+worldpop","confidence":0.9,"population":1192.0,"nh_distance_km":6.86,"pipeline_access_gain_km":0.0,"share_within_10km":0.738},"geometry":{"type":"Polygon","coordinates":[[[93.9312,23.4829],[93.7047,23.6166],[93.7231,23.8591],[93.9685,23.968],[94.1953,23.8343],[94.1764,23.5917],[93.9312,23.4829]]]}},{"type":"Feature","properties":{"id":"nh_access:h3:843cc15ffffffff","field":"national_highways","kind":"nh_access","source":"osm+worldpop","confidence":0.9,"population":89568.0,"nh_distance_km":7.93,"pipeline_access_gain_km":0.0,"share_within_10km":0.647},"geometry":{"type":"Polygon","coordinates":[[[93.1972,23.1536],[92.9708,23.2866],[92.9886,23.5297],[93.2332,23.64],[93.4598,23.507],[93.4416,23.2638],[93.1972,23.1536]]]}},{"type":"Feature","properties":{"id":"nh_access:h3:843cc19ffffffff","field":"national_highways","kind":"nh_access","source":"osm+worldpop","confidence":0.9,"population":49028.0,"nh_distance_km":4.02,"pipeline_access_gain_km":0.0,"share_within_10km":0.922},"geometry":{"type":"Polygon","coordinates":[[[93.2512,23.8824],[93.0243,24.0145],[93.0422,24.2562],[93.2874,24.3658],[93.5145,24.2337],[93.4963,23.992],[93.2512,23.8824]]]}},{"type":"Feature","properties":{"id":"nh_access:h3:843cc1bffffffff","field":"national_highways","kind":"nh_access","source":"osm+worldpop","confidence":0.9,"population":114306.0,"nh_distance_km":11.95,"pipeline_access_gain_km":0.0,"share_within_10km":0.437},"geometry":{"type":"Polygon","coordinates":[[[93.7231,23.8591],[93.4963,23.992],[93.5145,24.2337],[93.7601,24.3426],[93.9872,24.2098],[93.9685,23.968],[93.7231,23.8591]]]}},{"type":"Feature","properties":{"id":"nh_access:h3:843cc1dffffffff","field":"national_highways","kind":"nh_access","source":"osm+worldpop","confidence":0.9,"population":84077.0,"nh_distance_km":3.14,"pipeline_access_gain_km":0.0,"share_within_10km":0.943},"geometry":{"type":"Polygon","coordinates":[[[92.9886,23.5297],[92.7619,23.6619],[92.7796,23.9043],[93.0243,24.0145],[93.2512,23.8824],[93.2332,23.64],[92.9886,23.5297]]]}},{"type":"Feature","properties":{"id":"nh_access:h3:843cc23ffffffff","field":"national_highways","kind":"nh_access","source":"osm+worldpop","confidence":0.9,"population":26668.0,"nh_distance_km":15.7,"pipeline_access_gain_km":0.0,"share_within_10km":0.021},"geometry":{"type":"Polygon","coordinates":[[[92.4138,22.0856],[92.1882,22.2188],[92.2053,22.4639],[92.4483,22.576],[92.6742,22.4429],[92.6567,22.1976],[92.4138,22.0856]]]}},{"type":"Feature","properties":{"id":"nh_access:h3:843cc31ffffffff","field":"national_highways","kind":"nh_access","source":"osm+worldpop","confidence":0.9,"population":31672.0,"nh_distance_km":9.2,"pipeline_access_gain_km":0.0,"share_within_10km":0.571},"geometry":{"type":"Polygon","coordinates":[[[93.1434,22.4204],[92.9176,22.5543],[92.9353,22.7989],[93.1792,22.9097],[93.4053,22.7759],[93.3872,22.5312],[93.1434,22.4204]]]}},{"type":"Feature","properties":{"id":"nh_access:h3:843cc35ffffffff","field":"national_highways","kind":"nh_access","source":"osm+worldpop","confidence":0.9,"population":100168.0,"nh_distance_km":4.63,"pipeline_access_gain_km":0.03,"share_within_10km":0.867},"geometry":{"type":"Polygon","coordinates":[[[92.8823,22.0637],[92.6567,22.1976],[92.6742,22.4429],[92.9176,22.5543],[93.1434,22.4204],[93.1256,22.1751],[92.8823,22.0637]]]}},{"type":"Feature","properties":{"id":"nh_access:h3:843cc37ffffffff","field":"national_highways","kind":"nh_access","source":"osm+worldpop","confidence":0.9,"population":7683.0,"nh_distance_km":13.83,"pipeline_access_gain_km":0.0,"share_within_10km":0.037},"geometry":{"type":"Polygon","coordinates":[[[93.3511,22.0405],[93.1256,22.1751],[93.1434,22.4204],[93.3872,22.5312],[93.613,22.3966],[93.5947,22.1512],[93.3511,22.0405]]]}},{"type":"Feature","properties":{"id":"nh_access:h3:843cc39ffffffff","field":"national_highways","kind":"nh_access","source":"osm+worldpop","confidence":0.9,"population":78062.0,"nh_distance_km":9.42,"pipeline_access_gain_km":0.0,"share_within_10km":0.563},"geometry":{"type":"Polygon","coordinates":[[[92.9353,22.7989],[92.7092,22.9319],[92.7267,23.1757],[92.9708,23.2866],[93.1972,23.1536],[93.1792,22.9097],[92.9353,22.7989]]]}},{"type":"Feature","properties":{"id":"nh_access:h3:843cc3bffffffff","field":"national_highways","kind":"nh_access","source":"osm+worldpop","confidence":0.9,"population":11502.0,"nh_distance_km":26.75,"pipeline_access_gain_km":0.0,"share_within_10km":0.0},"geometry":{"type":"Polygon","coordinates":[[[93.4053,22.7759],[93.1792,22.9097],[93.1972,23.1536],[93.4416,23.2638],[93.6679,23.13],[93.6496,22.886],[93.4053,22.7759]]]}},{"type":"Feature","properties":{"id":"nh_access:h3:843cc3dffffffff","field":"national_highways","kind":"nh_access","source":"osm+worldpop","confidence":0.9,"population":108409.0,"nh_distance_km":8.22,"pipeline_access_gain_km":0.0,"share_within_10km":0.642},"geometry":{"type":"Polygon","coordinates":[[[92.6742,22.4429],[92.4483,22.576],[92.4656,22.8204],[92.7092,22.9319],[92.9353,22.7989],[92.9176,22.5543],[92.6742,22.4429]]]}},{"type":"Feature","properties":{"id":"nh_access:h3:843cc41ffffffff","field":"national_highways","kind":"nh_access","source":"osm+worldpop","confidence":0.9,"population":151748.0,"nh_distance_km":3.47,"pipeline_access_gain_km":0.01,"share_within_10km":0.927},"geometry":{"type":"Polygon","coordinates":[[[91.3671,23.9611],[91.1402,24.09],[91.1565,24.3312],[91.4,24.4436],[91.6272,24.3147],[91.6105,24.0734],[91.3671,23.9611]]]}},{"type":"Feature","properties":{"id":"nh_access:h3:843cc43ffffffff","field":"national_highways","kind":"nh_access","source":"osm+worldpop","confidence":0.9,"population":538078.0,"nh_distance_km":3.58,"pipeline_access_gain_km":0.0,"share_within_10km":0.984},"geometry":{"type":"Polygon","coordinates":[[[91.8374,23.9436],[91.6105,24.0734],[91.6272,24.3147],[91.8712,24.4263],[92.0984,24.2967],[92.0813,24.0552],[91.8374,23.9436]]]}},{"type":"Feature","properties":{"id":"nh_access:h3:843cc45ffffffff","field":"national_highways","kind":"nh_access","source":"osm+worldpop","confidence":0.9,"population":815741.0,"nh_distance_km":2.91,"pipeline_access_gain_km":0.0,"share_within_10km":0.99},"geometry":{"type":"Polygon","coordinates":[[[91.1077,23.6062],[90.8812,23.7352],[90.8972,23.9771],[91.1402,24.09],[91.3671,23.9611],[91.3506,23.7191],[91.1077,23.6062]]]}},{"type":"Feature","properties":{"id":"nh_access:h3:843cc47ffffffff","field":"national_highways","kind":"nh_access","source":"osm+worldpop","confidence":0.9,"population":635939.0,"nh_distance_km":3.29,"pipeline_access_gain_km":0.0,"share_within_10km":0.947},"geometry":{"type":"Polygon","coordinates":[[[91.5772,23.5892],[91.3506,23.7191],[91.3671,23.9611],[91.6105,24.0734],[91.8374,23.9436],[91.8206,23.7015],[91.5772,23.5892]]]}},{"type":"Feature","properties":{"id":"nh_access:h3:843cc51ffffffff","field":"national_highways","kind":"nh_access","source":"osm+worldpop","confidence":0.9,"population":1084926.0,"nh_distance_km":5.04,"pipeline_access_gain_km":0.0,"share_within_10km":0.876},"geometry":{"type":"Polygon","coordinates":[[[92.5701,24.2772],[92.3428,24.4077],[92.3602,24.6484],[92.6051,24.7587],[92.8327,24.6283],[92.8149,24.3875],[92.5701,24.2772]]]}},{"type":"Feature","properties":{"id":"nh_access:h3:843cc53ffffffff","field":"national_highways","kind":"nh_access","source":"osm+worldpop","confidence":0.9,"population":226695.0,"nh_distance_km":8.57,"pipeline_access_gain_km":0.0,"share_within_10km":0.611},"geometry":{"type":"Polygon","coordinates":[[[93.0422,24.2562],[92.8149,24.3875],[92.8327,24.6283],[93.078,24.7379],[93.3055,24.6067],[93.2874,24.3658],[93.0422,24.2562]]]}},{"type":"Feature","properties":{"id":"nh_access:h3:843cc55ffffffff","field":"national_highways","kind":"nh_access","source":"osm+worldpop","confidence":0.9,"population":371363.0,"nh_distance_km":5.1,"pipeline_access_gain_km":0.0,"share_within_10km":0.845},"geometry":{"type":"Polygon","coordinates":[[[92.3083,23.9247],[92.0813,24.0552],[92.0984,24.2967],[92.3428,24.4077],[92.5701,24.2772],[92.5526,24.0356],[92.3083,23.9247]]]}},{"type":"Feature","properties":{"id":"nh_access:h3:843cc57ffffffff","field":"national_highways","kind":"nh_access","source":"osm+worldpop","confidence":0.9,"population":99953.0,"nh_distance_km":2.14,"pipeline_access_gain_km":0.0,"share_within_10km":0.987},"geometry":{"type":"Polygon","coordinates":[[[92.7796,23.9043],[92.5526,24.0356],[92.5701,24.2772],[92.8149,24.3875],[93.0422,24.2562],[93.0243,24.0145],[92.7796,23.9043]]]}},{"type":"Feature","properties":{"id":"nh_access:h3:843cc59ffffffff","field":"national_highways","kind":"nh_access","source":"osm+worldpop","confidence":0.9,"population":1078385.0,"nh_distance_km":2.42,"pipeline_access_gain_km":0.05,"share_within_10km":1.0},"geometry":{"type":"Polygon","coordinates":[[[92.3602,24.6484],[92.1326,24.778],[92.1498,25.0179],[92.3949,25.1282],[92.6227,24.9987],[92.6051,24.7587],[92.3602,24.6484]]]}},{"type":"Feature","properties":{"id":"nh_access:h3:843cc5bffffffff","field":"national_highways","kind":"nh_access","source":"osm+worldpop","confidence":0.9,"population":1472543.0,"nh_distance_km":3.27,"pipeline_access_gain_km":0.06,"share_within_10km":0.98},"geometry":{"type":"Polygon","coordinates":[[[92.8327,24.6283],[92.6051,24.7587],[92.6227,24.9987],[92.8682,25.1084],[93.096,24.978],[93.078,24.7379],[92.8327,24.6283]]]}},{"type":"Feature","properties":{"id":"nh_access:h3:843cc5dffffffff","field":"national_highways","kind":"nh_access","source":"osm+worldpop","confidence":0.9,"population":455154.0,"nh_distance_km":2.31,"pipeline_access_gain_km":0.0,"share_within_10km":1.0},"geometry":{"type":"Polygon","coordinates":[[[92.0984,24.2967],[91.8712,24.4263],[91.8881,24.667],[92.1326,24.778],[92.3602,24.6484],[92.3428,24.4077],[92.0984,24.2967]]]}},{"type":"Feature","properties":{"id":"nh_access:h3:843cc63ffffffff","field":"national_highways","kind":"nh_access","source":"osm+worldpop","confidence":0.9,"population":331889.0,"nh_distance_km":5.39,"pipeline_access_gain_km":0.0,"share_within_10km":0.838},"geometry":{"type":"Polygon","coordinates":[[[91.5276,22.8594],[91.3015,22.9902],[91.3179,23.2336],[91.5607,23.3464],[91.787,23.2157],[91.7703,22.9721],[91.5276,22.8594]]]}},{"type":"Feature","properties":{"id":"nh_access:h3:843cc6bffffffff","field":"national_highways","kind":"nh_access","source":"osm+worldpop","confidence":0.9,"population":731889.0,"nh_distance_km":3.84,"pipeline_access_gain_km":0.0,"share_within_10km":0.939},"geometry":{"type":"Polygon","coordinates":[[[91.3179,23.2336],[91.0916,23.3635],[91.1077,23.6062],[91.3506,23.7191],[91.5772,23.5892],[91.5607,23.3464],[91.3179,23.2336]]]}},{"type":"Feature","properties":{"id":"nh_access:h3:843ccc9ffffffff","field":"national_highways","kind":"nh_access","source":"osm+worldpop","confidence":0.9,"population":17366.0,"nh_distance_km":6.65,"pipeline_access_gain_km":0.0,"share_within_10km":0.775},"geometry":{"type":"Polygon","coordinates":[[[94.46,24.1844],[94.233,24.318],[94.252,24.5591],[94.4983,24.6666],[94.7255,24.533],[94.7061,24.2919],[94.46,24.1844]]]}},{"type":"Feature","properties":{"id":"nh_access:h3:843cccdffffffff","field":"national_highways","kind":"nh_access","source":"osm+worldpop","confidence":0.9,"population":47527.0,"nh_distance_km":7.63,"pipeline_access_gain_km":0.0,"share_within_10km":0.662},"geometry":{"type":"Polygon","coordinates":[[[94.1953,23.8343],[93.9685,23.968],[93.9872,24.2098],[94.233,24.318],[94.46,24.1844],[94.441,23.9425],[94.1953,23.8343]]]}},{"type":"Feature","properties":{"id":"nh_access:h3:843cd4dffffffff","field":"national_highways","kind":"nh_access","source":"osm+worldpop","confidence":0.9,"population":34571.0,"nh_distance_km":75.37,"pipeline_access_gain_km":0.0,"share_within_10km":0.0},"geometry":{"type":"Polygon","coordinates":[[[89.106,21.4655],[88.8818,21.5943],[88.896,21.8396],[89.1348,21.9562],[89.3594,21.8275],[89.3448,21.582],[89.106,21.4655]]]}},{"type":"Feature","properties":{"id":"nh_access:h3:843cdc9ffffffff","field":"national_highways","kind":"nh_access","source":"osm+worldpop","confidence":0.9,"population":12299.0,"nh_distance_km":13.64,"pipeline_access_gain_km":1.23,"share_within_10km":0.137},"geometry":{"type":"Polygon","coordinates":[[[92.6219,21.7058],[92.3966,21.8398],[92.4138,22.0856],[92.6567,22.1976],[92.8823,22.0637],[92.8647,21.8178],[92.6219,21.7058]]]}},{"type":"Feature","properties":{"id":"nh_access:h3:843cdcbffffffff","field":"national_highways","kind":"nh_access","source":"osm+worldpop","confidence":0.9,"population":4032.0,"nh_distance_km":19.55,"pipeline_access_gain_km":2.09,"share_within_10km":0.0},"geometry":{"type":"Polygon","coordinates":[[[93.0899,21.6831],[92.8647,21.8178],[92.8823,22.0637],[93.1256,22.1751],[93.3511,22.0405],[93.3331,21.7944],[93.0899,21.6831]]]}},{"type":"Feature","properties":{"id":"nh_access:h3:843ce01ffffffff","field":"national_highways","kind":"nh_access","source":"osm+worldpop","confidence":0.9,"population":867110.0,"nh_distance_km":8.18,"pipeline_access_gain_km":0.0,"share_within_10km":0.638},"geometry":{"type":"Polygon","coordinates":[[[90.782,25.7815],[90.5539,25.9067],[90.5697,26.1436],[90.8141,26.2555],[91.0426,26.1304],[91.0264,25.8933],[90.782,25.7815]]]}},{"type":"Feature","properties":{"id":"nh_access:h3:843ce03ffffffff","field":"national_highways","kind":"nh_access","source":"osm+worldpop","confidence":0.9,"population":885393.0,"nh_distance_km":9.04,"pipeline_access_gain_km":0.0,"share_within_10km":0.54},"geometry":{"type":"Polygon","coordinates":[[[91.2546,25.7673],[91.0264,25.8933],[91.0426,26.1304],[91.2876,26.2416],[91.5162,26.1157],[91.4995,25.8784],[91.2546,25.7673]]]}},{"type":"Feature","properties":{"id":"nh_access:h3:843ce05ffffffff","field":"national_highways","kind":"nh_access","source":"osm+worldpop","confidence":0.9,"population":218800.0,"nh_distance_km":3.49,"pipeline_access_gain_km":0.0,"share_within_10km":0.929},"geometry":{"type":"Polygon","coordinates":[[[90.5222,25.4311],[90.2944,25.5564],[90.31,25.7941],[90.5539,25.9067],[90.782,25.7815],[90.766,25.5436],[90.5222,25.4311]]]}},{"type":"Feature","properties":{"id":"nh_access:h3:843ce07ffffffff","field":"national_highways","kind":"nh_access","source":"osm+worldpop","confidence":0.9,"population":158042.0,"nh_distance_km":5.19,"pipeline_access_gain_km":0.0,"share_within_10km":0.792},"geometry":{"type":"Polygon","coordinates":[[[90.9939,25.4175],[90.766,25.5436],[90.782,25.7815],[91.0264,25.8933],[91.2546,25.7673],[91.2382,25.5293],[90.9939,25.4175]]]}},{"type":"Feature","properties":{"id":"nh_access:h3:843ce09ffffffff","field":"national_highways","kind":"nh_access","source":"osm+worldpop","confidence":0.9,"population":1298093.0,"nh_distance_km":5.5,"pipeline_access_gain_km":0.0,"share_within_10km":0.855},"geometry":{"type":"Polygon","coordinates":[[[90.5697,26.1436],[90.3413,26.2679],[90.357,26.5039],[90.6015,26.6159],[90.8302,26.4917],[90.8141,26.2555],[90.5697,26.1436]]]}},{"type":"Feature","properties":{"id":"nh_access:h3:843ce0bffffffff","field":"national_highways","kind":"nh_access","source":"osm+worldpop","confidence":0.9,"population":1611515.0,"nh_distance_km":5.5,"pipeline_access_gain_km":0.0,"share_within_10km":0.822},"geometry":{"type":"Polygon","coordinates":[[[91.0426,26.1304],[90.8141,26.2555],[90.8302,26.4917],[91.0753,26.603],[91.3041,26.478],[91.2876,26.2416],[91.0426,26.1304]]]}},{"type":"Feature","properties":{"id":"nh_access:h3:843ce0dffffffff","field":"national_highways","kind":"nh_access","source":"osm+worldpop","confidence":0.9,"population":803947.0,"nh_distance_km":10.76,"pipeline_access_gain_km":0.18,"share_within_10km":0.499},"geometry":{"type":"Polygon","coordinates":[[[90.31,25.7941],[90.082,25.9185],[90.0975,26.1553],[90.3413,26.2679],[90.5697,26.1436],[90.5539,25.9067],[90.31,25.7941]]]}},{"type":"Feature","properties":{"id":"nh_access:h3:843ce11ffffffff","field":"national_highways","kind":"nh_access","source":"osm+worldpop","confidence":0.9,"population":974499.0,"nh_distance_km":5.7,"pipeline_access_gain_km":0.0,"share_within_10km":0.839},"geometry":{"type":"Polygon","coordinates":[[[91.9902,26.0994],[91.7616,26.2262],[91.7785,26.4626],[92.0245,26.5724],[92.2534,26.4457],[92.2361,26.2091],[91.9902,26.0994]]]}},{"type":"Feature","properties":{"id":"nh_access:h3:843ce13ffffffff","field":"national_highways","kind":"nh_access","source":"osm+worldpop","confidence":0.9,"population":1887662.0,"nh_distance_km":10.22,"pipeline_access_gain_km":0.0,"share_within_10km":0.527},"geometry":{"type":"Polygon","coordinates":[[[92.4647,26.0815],[92.2361,26.2091],[92.2534,26.4457],[92.4998,26.5547],[92.7287,26.4271],[92.711,26.1905],[92.4647,26.0815]]]}},{"type":"Feature","properties":{"id":"nh_access:h3:843ce15ffffffff","field":"national_highways","kind":"nh_access","source":"osm+worldpop","confidence":0.9,"population":1500029.0,"nh_distance_km":3.26,"pipeline_access_gain_km":0.0,"share_within_10km":0.976},"geometry":{"type":"Polygon","coordinates":[[[91.7278,25.7515],[91.4995,25.8784],[91.5162,26.1157],[91.7616,26.2262],[91.9902,26.0994],[91.9731,25.862],[91.7278,25.7515]]]}},{"type":"Feature","properties":{"id":"nh_access:h3:843ce17ffffffff","field":"national_highways","kind":"nh_access","source":"osm+worldpop","confidence":0.9,"population":294725.0,"nh_distance_km":5.42,"pipeline_access_gain_km":0.0,"share_within_10km":0.764},"geometry":{"type":"Polygon","coordinates":[[[92.2015,25.7343],[91.9731,25.862],[91.9902,26.0994],[92.2361,26.2091],[92.4647,26.0815],[92.4472,25.844],[92.2015,25.7343]]]}},{"type":"Feature","properties":{"id":"nh_access:h3:843ce19ffffffff","field":"national_highways","kind":"nh_access","source":"osm+worldpop","confidence":0.9,"population":737532.0,"nh_distance_km":15.22,"pipeline_access_gain_km":0.0,"share_within_10km":0.233},"geometry":{"type":"Polygon","coordinates":[[[91.7785,26.4626],[91.5496,26.5885],[91.5664,26.824],[91.8124,26.9338],[92.0416,26.8081],[92.0245,26.5724],[91.7785,26.4626]]]}},{"type":"Feature","properties":{"id":"nh_access:h3:843ce1bffffffff","field":"national_highways","kind":"nh_access","source":"osm+worldpop","confidence":0.9,"population":1178704.0,"nh_distance_km":5.72,"pipeline_access_gain_km":0.0,"share_within_10km":0.827},"geometry":{"type":"Polygon","coordinates":[[[92.2534,26.4457],[92.0245,26.5724],[92.0416,26.8081],[92.2882,26.9171],[92.5174,26.7905],[92.4998,26.5547],[92.2534,26.4457]]]}},{"type":"Feature","properties":{"id":"nh_access:h3:843ce1dffffffff","field":"national_highways","kind":"nh_access","source":"osm+worldpop","confidence":0.9,"population":1402066.0,"nh_distance_km":4.11,"pipeline_access_gain_km":0.0,"share_within_10km":0.977},"geometry":{"type":"Polygon","coordinates":[[[91.5162,26.1157],[91.2876,26.2416],[91.3041,26.478],[91.5496,26.5885],[91.7785,26.4626],[91.7616,26.2262],[91.5162,26.1157]]]}},{"type":"Feature","properties":{"id":"nh_access:h3:843ce21ffffffff","field":"national_highways","kind":"nh_access","source":"osm+worldpop","confidence":0.9,"population":3203.0,"nh_distance_km":0.67,"pipeline_access_gain_km":0.0,"share_within_10km":1.0},"geometry":{"type":"Polygon","coordinates":[[[90.475,24.7137],[90.2478,24.8401],[90.2633,25.0794],[90.5065,25.1925],[90.734,25.0663],[90.7181,24.8268],[90.475,24.7137]]]}},{"type":"Feature","properties":{"id":"nh_access:h3:843ce29ffffffff","field":"national_highways","kind":"nh_access","source":"osm+worldpop","confidence":0.9,"population":191121.0,"nh_distance_km":5.69,"pipeline_access_gain_km":0.0,"share_within_10km":0.759},"geometry":{"type":"Polygon","coordinates":[[[90.2633,25.0794],[90.0359,25.2048],[90.0512,25.4432],[90.2944,25.5564],[90.5222,25.4311],[90.5065,25.1925],[90.2633,25.0794]]]}},{"type":"Feature","properties":{"id":"nh_access:h3:843ce2bffffffff","field":"national_highways","kind":"nh_access","source":"osm+worldpop","confidence":0.9,"population":109378.0,"nh_distance_km":5.72,"pipeline_access_gain_km":0.0,"share_within_10km":0.813},"geometry":{"type":"Polygon","coordinates":[[[90.734,25.0663],[90.5065,25.1925],[90.5222,25.4311],[90.766,25.5436],[90.9939,25.4175],[90.9777,25.1787],[90.734,25.0663]]]}},{"type":"Feature","properties":{"id":"nh_access:h3:843ce31ffffffff","field":"national_highways","kind":"nh_access","source":"osm+worldpop","confidence":0.9,"population":215998.0,"nh_distance_km":14.8,"pipeline_access_gain_km":0.0,"share_within_10km":0.379},"geometry":{"type":"Polygon","coordinates":[[[91.6774,25.0355],[91.4496,25.1634],[91.4662,25.4023],[91.711,25.5134],[91.939,25.3856],[91.922,25.1466],[91.6774,25.0355]]]}},{"type":"Feature","properties":{"id":"nh_access:h3:843ce33ffffffff","field":"national_highways","kind":"nh_access","source":"osm+worldpop","confidence":0.9,"population":223532.0,"nh_distance_km":3.5,"pipeline_access_gain_km":0.0,"share_within_10km":0.923},"geometry":{"type":"Polygon","coordinates":[[[92.1498,25.0179],[91.922,25.1466],[91.939,25.3856],[92.1842,25.496],[92.4123,25.3674],[92.3949,25.1282],[92.1498,25.0179]]]}},{"type":"Feature","properties":{"id":"nh_access:h3:843ce35ffffffff","field":"national_highways","kind":"nh_access","source":"osm+worldpop","confidence":0.9,"population":268.0,"nh_distance_km":40.33,"pipeline_access_gain_km":0.0,"share_within_10km":0.0},"geometry":{"type":"Polygon","coordinates":[[[91.4165,24.684],[91.1891,24.812],[91.2054,25.0516],[91.4496,25.1634],[91.6774,25.0355],[91.6606,24.7958],[91.4165,24.684]]]}},{"type":"Feature","properties":{"id":"nh_access:h3:843ce39ffffffff","field":"national_highways","kind":"nh_access","source":"osm+worldpop","confidence":0.9,"population":230942.0,"nh_distance_km":7.97,"pipeline_access_gain_km":0.0,"share_within_10km":0.698},"geometry":{"type":"Polygon","coordinates":[[[91.4662,25.4023],[91.2382,25.5293],[91.2546,25.7673],[91.4995,25.8784],[91.7278,25.7515],[91.711,25.5134],[91.4662,25.4023]]]}},{"type":"Feature","properties":{"id":"nh_access:h3:843ce3bffffffff","field":"national_highways","kind":"nh_access","source":"osm+worldpop","confidence":0.9,"population":897640.0,"nh_distance_km":2.36,"pipeline_access_gain_km":0.0,"share_within_10km":0.977},"geometry":{"type":"Polygon","coordinates":[[[91.939,25.3856],[91.711,25.5134],[91.7278,25.7515],[91.9731,25.862],[92.2015,25.7343],[92.1842,25.496],[91.939,25.3856]]]}},{"type":"Feature","properties":{"id":"nh_access:h3:843ce3dffffffff","field":"national_highways","kind":"nh_access","source":"osm+worldpop","confidence":0.9,"population":131412.0,"nh_distance_km":21.29,"pipeline_access_gain_km":0.0,"share_within_10km":0.161},"geometry":{"type":"Polygon","coordinates":[[[91.2054,25.0516],[90.9777,25.1787],[90.9939,25.4175],[91.2382,25.5293],[91.4662,25.4023],[91.4496,25.1634],[91.2054,25.0516]]]}},{"type":"Feature","properties":{"id":"nh_access:h3:843ce41ffffffff","field":"national_highways","kind":"nh_access","source":"osm+worldpop","confidence":0.9,"population":177333.0,"nh_distance_km":14.7,"pipeline_access_gain_km":0.0,"share_within_10km":0.204},"geometry":{"type":"Polygon","coordinates":[[[89.8845,26.5145],[89.6561,26.6369],[89.6712,26.8719],[89.9151,26.9846],[90.1439,26.8623],[90.1284,26.6272],[89.8845,26.5145]]]}},{"type":"Feature","properties":{"id":"nh_access:h3:843ce43ffffffff","field":"national_highways","kind":"nh_access","source":"osm+worldpop","confidence":0.9,"population":240920.0,"nh_distance_km":5.91,"pipeline_access_gain_km":0.0,"share_within_10km":0.782},"geometry":{"type":"Polygon","coordinates":[[[90.357,26.5039],[90.1284,26.6272],[90.1439,26.8623],[90.3885,26.9743],[90.6174,26.8511],[90.6015,26.6159],[90.357,26.5039]]]}},{"type":"Feature","properties":{"id":"nh_access:h3:843ce45ffffffff","field":"national_highways","kind":"nh_access","source":"osm+worldpop","confidence":0.9,"population":1373447.0,"nh_distance_km":4.06,"pipeline_access_gain_km":0.0,"share_within_10km":0.975},"geometry":{"type":"Polygon","coordinates":[[[89.6259,26.1653],[89.3979,26.2879],[89.4127,26.5236],[89.6561,26.6369],[89.8845,26.5145],[89.8692,26.2786],[89.6259,26.1653]]]}},{"type":"Feature","properties":{"id":"nh_access:h3:843ce47ffffffff","field":"national_highways","kind":"nh_access","source":"osm+worldpop","confidence":0.9,"population":1149003.0,"nh_distance_km":4.33,"pipeline_access_gain_km":0.0,"share_within_10km":0.932},"geometry":{"type":"Polygon","coordinates":[[[90.0975,26.1553],[89.8692,26.2786],[89.8845,26.5145],[90.1284,26.6272],[90.357,26.5039],[90.3413,26.2679],[90.0975,26.1553]]]}},{"type":"Feature","properties":{"id":"nh_access:h3:843ce4dffffffff","field":"national_highways","kind":"nh_access","source":"osm+worldpop","confidence":0.9,"population":604828.0,"nh_distance_km":4.18,"pipeline_access_gain_km":0.0,"share_within_10km":0.917},"geometry":{"type":"Polygon","coordinates":[[[89.4127,26.5236],[89.1845,26.6451],[89.1992,26.8798],[89.4425,26.9933],[89.6712,26.8719],[89.6561,26.6369],[89.4127,26.5236]]]}},{"type":"Feature","properties":{"id":"nh_access:h3:843ce55ffffffff","field":"national_highways","kind":"nh_access","source":"osm+worldpop","confidence":0.9,"population":411009.0,"nh_distance_km":12.71,"pipeline_access_gain_km":0.0,"share_within_10km":0.305},"geometry":{"type":"Polygon","coordinates":[[[90.8302,26.4917],[90.6015,26.6159],[90.6174,26.8511],[90.8625,26.9624],[91.0916,26.8384],[91.0753,26.603],[90.8302,26.4917]]]}},{"type":"Feature","properties":{"id":"nh_access:h3:843ce57ffffffff","field":"national_highways","kind":"nh_access","source":"osm+worldpop","confidence":0.9,"population":760578.0,"nh_distance_km":3.55,"pipeline_access_gain_km":0.0,"share_within_10km":0.994},"geometry":{"type":"Polygon","coordinates":[[[91.3041,26.478],[91.0753,26.603],[91.0916,26.8384],[91.3372,26.9489],[91.5664,26.824],[91.5496,26.5885],[91.3041,26.478]]]}},{"type":"Feature","properties":{"id":"nh_access:h3:843ce61ffffffff","field":"national_highways","kind":"nh_access","source":"osm+worldpop","confidence":0.9,"population":377.0,"nh_distance_km":8.66,"pipeline_access_gain_km":0.0,"share_within_10km":1.0},"geometry":{"type":"Polygon","coordinates":[[[89.5809,25.4538],[89.3535,25.5774],[89.3682,25.8148],[89.6109,25.9287],[89.8388,25.8052],[89.8236,25.5677],[89.5809,25.4538]]]}},{"type":"Feature","properties":{"id":"nh_access:h3:843ce63ffffffff","field":"national_highways","kind":"nh_access","source":"osm+worldpop","confidence":0.9,"population":882213.0,"nh_distance_km":4.24,"pipeline_access_gain_km":0.06,"share_within_10km":0.925},"geometry":{"type":"Polygon","coordinates":[[[90.0512,25.4432],[89.8236,25.5677],[89.8388,25.8052],[90.082,25.9185],[90.31,25.7941],[90.2944,25.5564],[90.0512,25.4432]]]}},{"type":"Feature","properties":{"id":"nh_access:h3:843ce67ffffffff","field":"national_highways","kind":"nh_access","source":"osm+worldpop","confidence":0.9,"population":105377.0,"nh_distance_km":20.96,"pipeline_access_gain_km":0.0,"share_within_10km":0.0},"geometry":{"type":"Polygon","coordinates":[[[89.7933,25.091],[89.566,25.2156],[89.5809,25.4538],[89.8236,25.5677],[90.0512,25.4432],[90.0359,25.2048],[89.7933,25.091]]]}},{"type":"Feature","properties":{"id":"nh_access:h3:843ce69ffffffff","field":"national_highways","kind":"nh_access","source":"osm+worldpop","confidence":0.9,"population":916745.0,"nh_distance_km":21.78,"pipeline_access_gain_km":0.0,"share_within_10km":0.029},"geometry":{"type":"Polygon","coordinates":[[[89.3682,25.8148],[89.1406,25.9374],[89.1552,26.1739],[89.3979,26.2879],[89.6259,26.1653],[89.6109,25.9287],[89.3682,25.8148]]]}},{"type":"Feature","properties":{"id":"nh_access:h3:843ce6bffffffff","field":"national_highways","kind":"nh_access","source":"osm+worldpop","confidence":0.9,"population":935942.0,"nh_distance_km":4.49,"pipeline_access_gain_km":0.98,"share_within_10km":0.906},"geometry":{"type":"Polygon","coordinates":[[[89.8388,25.8052],[89.6109,25.9287],[89.6259,26.1653],[89.8692,26.2786],[90.0975,26.1553],[90.082,25.9185],[89.8388,25.8052]]]}},{"type":"Feature","properties":{"id":"nh_access:h3:843ce81ffffffff","field":"national_highways","kind":"nh_access","source":"osm+worldpop","confidence":0.9,"population":243147.0,"nh_distance_km":4.97,"pipeline_access_gain_km":0.0,"share_within_10km":0.785},"geometry":{"type":"Polygon","coordinates":[[[94.0999,25.6495],[93.8717,25.7806],[93.8904,26.0183],[94.1378,26.1251],[94.3662,25.9941],[94.3471,25.7563],[94.0999,25.6495]]]}},{"type":"Feature","properties":{"id":"nh_access:h3:843ce83ffffffff","field":"national_highways","kind":"nh_access","source":"osm+worldpop","confidence":0.9,"population":150065.0,"nh_distance_km":3.62,"pipeline_access_gain_km":0.0,"share_within_10km":0.911},"geometry":{"type":"Polygon","coordinates":[[[94.5752,25.6245],[94.3471,25.7563],[94.3662,25.9941],[94.6138,26.1001],[94.8421,25.9683],[94.8226,25.7305],[94.5752,25.6245]]]}},{"type":"Feature","properties":{"id":"nh_access:h3:843ce85ffffffff","field":"national_highways","kind":"nh_access","source":"osm+worldpop","confidence":0.9,"population":235593.0,"nh_distance_km":2.77,"pipeline_access_gain_km":0.0,"share_within_10km":0.976},"geometry":{"type":"Polygon","coordinates":[[[93.8344,25.3034],[93.6064,25.4345],[93.6249,25.6731],[93.8717,25.7806],[94.0999,25.6495],[94.0811,25.4109],[93.8344,25.3034]]]}},{"type":"Feature","properties":{"id":"nh_access:h3:843ce87ffffffff","field":"national_highways","kind":"nh_access","source":"osm+worldpop","confidence":0.9,"population":408225.0,"nh_distance_km":2.67,"pipeline_access_gain_km":0.0,"share_within_10km":0.97},"geometry":{"type":"Polygon","coordinates":[[[94.3089,25.279],[94.0811,25.4109],[94.0999,25.6495],[94.3471,25.7563],[94.5752,25.6245],[94.5559,25.3858],[94.3089,25.279]]]}},{"type":"Feature","properties":{"id":"nh_access:h3:843ce89ffffffff","field":"national_highways","kind":"nh_access","source":"osm+worldpop","confidence":0.9,"population":477997.0,"nh_distance_km":10.79,"pipeline_access_gain_km":0.0,"share_within_10km":0.461},"geometry":{"type":"Polygon","coordinates":[[[93.8904,26.0183],[93.6619,26.1484],[93.6805,26.3853],[93.928,26.4921],[94.1567,26.362],[94.1378,26.1251],[93.8904,26.0183]]]}},{"type":"Feature","properties":{"id":"nh_access:h3:843ce8bffffffff","field":"national_highways","kind":"nh_access","source":"osm+worldpop","confidence":0.9,"population":242065.0,"nh_distance_km":3.26,"pipeline_access_gain_km":0.0,"share_within_10km":0.896},"geometry":{"type":"Polygon","coordinates":[[[94.3662,25.9941],[94.1378,26.1251],[94.1567,26.362],[94.4045,26.468],[94.6331,26.3371],[94.6138,26.1001],[94.3662,25.9941]]]}},{"type":"Feature","properties":{"id":"nh_access:h3:843ce8dffffffff","field":"national_highways","kind":"nh_access","source":"osm+worldpop","confidence":0.9,"population":733995.0,"nh_distance_km":1.98,"pipeline_access_gain_km":0.0,"share_within_10km":0.99},"geometry":{"type":"Polygon","coordinates":[[[93.6249,25.6731],[93.3966,25.8033],[93.4149,26.0409],[93.6619,26.1484],[93.8904,26.0183],[93.8717,25.7806],[93.6249,25.6731]]]}},{"type":"Feature","properties":{"id":"nh_access:h3:843ce91ffffffff","field":"national_highways","kind":"nh_access","source":"osm+worldpop","confidence":0.9,"population":3999.0,"nh_distance_km":22.75,"pipeline_access_gain_km":0.0,"share_within_10km":0.0},"geometry":{"type":"Polygon","coordinates":[[[95.318,25.941],[95.0899,26.0736],[95.1097,26.3106],[95.358,26.415],[95.5863,26.2825],[95.5661,26.0454],[95.318,25.941]]]}},{"type":"Feature","properties":{"id":"nh_access:h3:843ce95ffffffff","field":"national_highways","kind":"nh_access","source":"osm+worldpop","confidence":0.9,"population":21779.0,"nh_distance_km":11.83,"pipeline_access_gain_km":0.0,"share_within_10km":0.386},"geometry":{"type":"Polygon","coordinates":[[[95.0505,25.5978],[94.8226,25.7305],[94.8421,25.9683],[95.0899,26.0736],[95.318,25.941],[95.2981,25.7031],[95.0505,25.5978]]]}},{"type":"Feature","properties":{"id":"nh_access:h3:843ce99ffffffff","field":"national_highways","kind":"nh_access","source":"osm+worldpop","confidence":0.9,"population":139628.0,"nh_distance_km":6.69,"pipeline_access_gain_km":0.0,"share_within_10km":0.702},"geometry":{"type":"Polygon","coordinates":[[[95.1097,26.3106],[94.8812,26.4423],[94.9008,26.6784],[95.1493,26.7828],[95.378,26.6512],[95.358,26.415],[95.1097,26.3106]]]}},{"type":"Feature","properties":{"id":"nh_access:h3:843ce9dffffffff","field":"national_highways","kind":"nh_access","source":"osm+worldpop","confidence":0.9,"population":189683.0,"nh_distance_km":4.96,"pipeline_access_gain_km":0.0,"share_within_10km":0.847},"geometry":{"type":"Polygon","coordinates":[[[94.8421,25.9683],[94.6138,26.1001],[94.6331,26.3371],[94.8812,26.4423],[95.1097,26.3106],[95.0899,26.0736],[94.8421,25.9683]]]}},{"type":"Feature","properties":{"id":"nh_access:h3:843cea1ffffffff","field":"national_highways","kind":"nh_access","source":"osm+worldpop","confidence":0.9,"population":1214863.0,"nh_distance_km":1.78,"pipeline_access_gain_km":0.0,"share_within_10km":0.995},"geometry":{"type":"Polygon","coordinates":[[[93.7786,24.5836],[93.5512,24.7156],[93.5696,24.9558],[93.8158,25.064],[94.0434,24.9321],[94.0246,24.6919],[93.7786,24.5836]]]}},{"type":"Feature","properties":{"id":"nh_access:h3:843cea3ffffffff","field":"national_highways","kind":"nh_access","source":"osm+worldpop","confidence":0.9,"population":150221.0,"nh_distance_km":5.2,"pipeline_access_gain_km":0.0,"share_within_10km":0.892},"geometry":{"type":"Polygon","coordinates":[[[94.252,24.5591],[94.0246,24.6919],[94.0434,24.9321],[94.2899,25.0396],[94.5174,24.9068],[94.4983,24.6666],[94.252,24.5591]]]}},{"type":"Feature","properties":{"id":"nh_access:h3:843cea5ffffffff","field":"national_highways","kind":"nh_access","source":"osm+worldpop","confidence":0.9,"population":249428.0,"nh_distance_km":3.0,"pipeline_access_gain_km":0.0,"share_within_10km":0.902},"geometry":{"type":"Polygon","coordinates":[[[93.5145,24.2337],[93.2874,24.3658],[93.3055,24.6067],[93.5512,24.7156],[93.7786,24.5836],[93.7601,24.3426],[93.5145,24.2337]]]}},{"type":"Feature","properties":{"id":"nh_access:h3:843cea7ffffffff","field":"national_highways","kind":"nh_access","source":"osm+worldpop","confidence":0.9,"population":664021.0,"nh_distance_km":4.25,"pipeline_access_gain_km":0.0,"share_within_10km":0.859},"geometry":{"type":"Polygon","coordinates":[[[93.9872,24.2098],[93.7601,24.3426],[93.7786,24.5836],[94.0246,24.6919],[94.252,24.5591],[94.233,24.318],[93.9872,24.2098]]]}},{"type":"Feature","properties":{"id":"nh_access:h3:843cea9ffffffff","field":"national_highways","kind":"nh_access","source":"osm+worldpop","confidence":0.9,"population":79508.0,"nh_distance_km":16.62,"pipeline_access_gain_km":0.0,"share_within_10km":0.194},"geometry":{"type":"Polygon","coordinates":[[[93.5696,24.9558],[93.3418,25.087],[93.3601,25.3263],[93.6064,25.4345],[93.8344,25.3034],[93.8158,25.064],[93.5696,24.9558]]]}},{"type":"Feature","properties":{"id":"nh_access:h3:843ceabffffffff","field":"national_highways","kind":"nh_access","source":"osm+worldpop","confidence":0.9,"population":358613.0,"nh_distance_km":5.09,"pipeline_access_gain_km":0.0,"share_within_10km":0.828},"geometry":{"type":"Polygon","coordinates":[[[94.0434,24.9321],[93.8158,25.064],[93.8344,25.3034],[94.0811,25.4109],[94.3089,25.279],[94.2899,25.0396],[94.0434,24.9321]]]}},{"type":"Feature","properties":{"id":"nh_access:h3:843ceadffffffff","field":"national_highways","kind":"nh_access","source":"osm+worldpop","confidence":0.9,"population":197554.0,"nh_distance_km":2.97,"pipeline_access_gain_km":0.0,"share_within_10km":0.972},"geometry":{"type":"Polygon","coordinates":[[[93.3055,24.6067],[93.078,24.7379],[93.096,24.978],[93.3418,25.087],[93.5696,24.9558],[93.5512,24.7156],[93.3055,24.6067]]]}},{"type":"Feature","properties":{"id":"nh_access:h3:843ceb5ffffffff","field":"national_highways","kind":"nh_access","source":"osm+worldpop","confidence":0.9,"population":8748.0,"nh_distance_km":18.4,"pipeline_access_gain_km":0.0,"share_within_10km":0.093},"geometry":{"type":"Polygon","coordinates":[[[94.7255,24.533],[94.4983,24.6666],[94.5174,24.9068],[94.7642,25.0136],[94.9916,24.8801],[94.972,24.6398],[94.7255,24.533]]]}},{"type":"Feature","properties":{"id":"nh_access:h3:843ceb9ffffffff","field":"national_highways","kind":"nh_access","source":"osm+worldpop","confidence":0.9,"population":13992.0,"nh_distance_km":10.39,"pipeline_access_gain_km":0.0,"share_within_10km":0.459},"geometry":{"type":"Polygon","coordinates":[[[94.7836,25.2531],[94.5559,25.3858],[94.5752,25.6245],[94.8226,25.7305],[95.0505,25.5978],[95.0308,25.3591],[94.7836,25.2531]]]}},{"type":"Feature","properties":{"id":"nh_access:h3:843cebdffffffff","field":"national_highways","kind":"nh_access","source":"osm+worldpop","confidence":0.9,"population":111143.0,"nh_distance_km":3.97,"pipeline_access_gain_km":0.0,"share_within_10km":0.887},"geometry":{"type":"Polygon","coordinates":[[[94.5174,24.9068],[94.2899,25.0396],[94.3089,25.279],[94.5559,25.3858],[94.7836,25.2531],[94.7642,25.0136],[94.5174,24.9068]]]}},{"type":"Feature","properties":{"id":"nh_access:h3:843cec1ffffffff","field":"national_highways","kind":"nh_access","source":"osm+worldpop","confidence":0.9,"population":521076.0,"nh_distance_km":3.98,"pipeline_access_gain_km":0.0,"share_within_10km":0.965},"geometry":{"type":"Polygon","coordinates":[[[93.2044,26.407],[92.9755,26.5354],[92.9935,26.7713],[93.2409,26.8788],[93.47,26.7505],[93.4516,26.5146],[93.2044,26.407]]]}},{"type":"Feature","properties":{"id":"nh_access:h3:843cec3ffffffff","field":"national_highways","kind":"nh_access","source":"osm+worldpop","confidence":0.9,"population":466156.0,"nh_distance_km":4.94,"pipeline_access_gain_km":0.0,"share_within_10km":0.886},"geometry":{"type":"Polygon","coordinates":[[[93.6805,26.3853],[93.4516,26.5146],[93.47,26.7505],[93.7177,26.8573],[93.9468,26.7281],[93.928,26.4921],[93.6805,26.3853]]]}},{"type":"Feature","properties":{"id":"nh_access:h3:843cec5ffffffff","field":"national_highways","kind":"nh_access","source":"osm+worldpop","confidence":0.9,"population":860656.0,"nh_distance_km":3.56,"pipeline_access_gain_km":0.0,"share_within_10km":0.967},"geometry":{"type":"Polygon","coordinates":[[[92.9396,26.062],[92.711,26.1905],[92.7287,26.4271],[92.9755,26.5354],[93.2044,26.407],[93.1863,26.1702],[92.9396,26.062]]]}},{"type":"Feature","properties":{"id":"nh_access:h3:843cec7ffffffff","field":"national_highways","kind":"nh_access","source":"osm+worldpop","confidence":0.9,"population":48250.0,"nh_distance_km":17.37,"pipeline_access_gain_km":0.0,"share_within_10km":0.158},"geometry":{"type":"Polygon","coordinates":[[[93.4149,26.0409],[93.1863,26.1702],[93.2044,26.407],[93.4516,26.5146],[93.6805,26.3853],[93.6619,26.1484],[93.4149,26.0409]]]}},{"type":"Feature","properties":{"id":"nh_access:h3:843cec9ffffffff","field":"national_highways","kind":"nh_access","source":"osm+worldpop","confidence":0.9,"population":194086.0,"nh_distance_km":9.38,"pipeline_access_gain_km":0.0,"share_within_10km":0.598},"geometry":{"type":"Polygon","coordinates":[[[92.9935,26.7713],[92.7643,26.8988],[92.7822,27.1337],[93.0296,27.2413],[93.2591,27.1139],[93.2409,26.8788],[92.9935,26.7713]]]}},{"type":"Feature","properties":{"id":"nh_access:h3:843cecbffffffff","field":"national_highways","kind":"nh_access","source":"osm+worldpop","confidence":0.9,"population":389049.0,"nh_distance_km":3.12,"pipeline_access_gain_km":0.0,"share_within_10km":0.975},"geometry":{"type":"Polygon","coordinates":[[[93.47,26.7505],[93.2409,26.8788],[93.2591,27.1139],[93.5069,27.2206],[93.7363,27.0924],[93.7177,26.8573],[93.47,26.7505]]]}},{"type":"Feature","properties":{"id":"nh_access:h3:843cecdffffffff","field":"national_highways","kind":"nh_access","source":"osm+worldpop","confidence":0.9,"population":1042379.0,"nh_distance_km":5.71,"pipeline_access_gain_km":0.0,"share_within_10km":0.817},"geometry":{"type":"Polygon","coordinates":[[[92.7287,26.4271],[92.4998,26.5547],[92.5174,26.7905],[92.7643,26.8988],[92.9935,26.7713],[92.9755,26.5354],[92.7287,26.4271]]]}},{"type":"Feature","properties":{"id":"nh_access:h3:843ced1ffffffff","field":"national_highways","kind":"nh_access","source":"osm+worldpop","confidence":0.9,"population":617213.0,"nh_distance_km":6.38,"pipeline_access_gain_km":0.0,"share_within_10km":0.801},"geometry":{"type":"Polygon","coordinates":[[[94.4237,26.7041],[94.1947,26.8341],[94.2138,27.0693],[94.4622,27.1745],[94.6914,27.0445],[94.672,26.8093],[94.4237,26.7041]]]}},{"type":"Feature","properties":{"id":"nh_access:h3:843ced3ffffffff","field":"national_highways","kind":"nh_access","source":"osm+worldpop","confidence":0.9,"population":611810.0,"nh_distance_km":4.69,"pipeline_access_gain_km":0.0,"share_within_10km":0.91},"geometry":{"type":"Polygon","coordinates":[[[94.9008,26.6784],[94.672,26.8093],[94.6914,27.0445],[94.9401,27.1489],[95.1692,27.0181],[95.1493,26.7828],[94.9008,26.6784]]]}},{"type":"Feature","properties":{"id":"nh_access:h3:843ced5ffffffff","field":"national_highways","kind":"nh_access","source":"osm+worldpop","confidence":0.9,"population":1093527.0,"nh_distance_km":7.01,"pipeline_access_gain_km":0.0,"share_within_10km":0.704},"geometry":{"type":"Polygon","coordinates":[[[94.1567,26.362],[93.928,26.4921],[93.9468,26.7281],[94.1947,26.8341],[94.4237,26.7041],[94.4045,26.468],[94.1567,26.362]]]}},{"type":"Feature","properties":{"id":"nh_access:h3:843ced7ffffffff","field":"national_highways","kind":"nh_access","source":"osm+worldpop","confidence":0.9,"population":208297.0,"nh_distance_km":5.03,"pipeline_access_gain_km":0.0,"share_within_10km":0.881},"geometry":{"type":"Polygon","coordinates":[[[94.6331,26.3371],[94.4045,26.468],[94.4237,26.7041],[94.672,26.8093],[94.9008,26.6784],[94.8812,26.4423],[94.6331,26.3371]]]}},{"type":"Feature","properties":{"id":"nh_access:h3:843ced9ffffffff","field":"national_highways","kind":"nh_access","source":"osm+worldpop","confidence":0.9,"population":570992.0,"nh_distance_km":8.35,"pipeline_access_gain_km":0.0,"share_within_10km":0.639},"geometry":{"type":"Polygon","coordinates":[[[94.2138,27.0693],[93.9845,27.1984],[94.0034,27.4326],[94.252,27.5378],[94.4815,27.4088],[94.4622,27.1745],[94.2138,27.0693]]]}},{"type":"Feature","properties":{"id":"nh_access:h3:843cedbffffffff","field":"national_highways","kind":"nh_access","source":"osm+worldpop","confidence":0.9,"population":606200.0,"nh_distance_km":5.48,"pipeline_access_gain_km":0.0,"share_within_10km":0.814},"geometry":{"type":"Polygon","coordinates":[[[94.6914,27.0445],[94.4622,27.1745],[94.4815,27.4088],[94.7305,27.5132],[94.9598,27.3833],[94.9401,27.1489],[94.6914,27.0445]]]}},{"type":"Feature","properties":{"id":"nh_access:h3:843ceddffffffff","field":"national_highways","kind":"nh_access","source":"osm+worldpop","confidence":0.9,"population":725427.0,"nh_distance_km":7.52,"pipeline_access_gain_km":0.0,"share_within_10km":0.686},"geometry":{"type":"Polygon","coordinates":[[[93.9468,26.7281],[93.7177,26.8573],[93.7363,27.0924],[93.9845,27.1984],[94.2138,27.0693],[94.1947,26.8341],[93.9468,26.7281]]]}},{"type":"Feature","properties":{"id":"nh_access:h3:843cee1ffffffff","field":"national_highways","kind":"nh_access","source":"osm+worldpop","confidence":0.9,"population":120855.0,"nh_distance_km":3.43,"pipeline_access_gain_km":0.0,"share_within_10km":0.947},"geometry":{"type":"Polygon","coordinates":[[[92.886,25.3476],[92.6579,25.4771],[92.6756,25.7154],[92.9217,25.8244],[93.1501,25.695],[93.132,25.4566],[92.886,25.3476]]]}},{"type":"Feature","properties":{"id":"nh_access:h3:843cee3ffffffff","field":"national_highways","kind":"nh_access","source":"osm+worldpop","confidence":0.9,"population":59602.0,"nh_distance_km":10.51,"pipeline_access_gain_km":0.0,"share_within_10km":0.533},"geometry":{"type":"Polygon","coordinates":[[[93.3601,25.3263],[93.132,25.4566],[93.1501,25.695],[93.3966,25.8033],[93.6249,25.6731],[93.6064,25.4345],[93.3601,25.3263]]]}},{"type":"Feature","properties":{"id":"nh_access:h3:843cee5ffffffff","field":"national_highways","kind":"nh_access","source":"osm+worldpop","confidence":0.9,"population":90511.0,"nh_distance_km":9.5,"pipeline_access_gain_km":0.0,"share_within_10km":0.557},"geometry":{"type":"Polygon","coordinates":[[[92.6227,24.9987],[92.3949,25.1282],[92.4123,25.3674],[92.6579,25.4771],[92.886,25.3476],[92.8682,25.1084],[92.6227,24.9987]]]}},{"type":"Feature","properties":{"id":"nh_access:h3:843cee7ffffffff","field":"national_highways","kind":"nh_access","source":"osm+worldpop","confidence":0.9,"population":126225.0,"nh_distance_km":2.7,"pipeline_access_gain_km":0.01,"share_within_10km":0.968},"geometry":{"type":"Polygon","coordinates":[[[93.096,24.978],[92.8682,25.1084],[92.886,25.3476],[93.132,25.4566],[93.3601,25.3263],[93.3418,25.087],[93.096,24.978]]]}},{"type":"Feature","properties":{"id":"nh_access:h3:843cee9ffffffff","field":"national_highways","kind":"nh_access","source":"osm+worldpop","confidence":0.9,"population":898608.0,"nh_distance_km":5.5,"pipeline_access_gain_km":0.0,"share_within_10km":0.863},"geometry":{"type":"Polygon","coordinates":[[[92.6756,25.7154],[92.4472,25.844],[92.4647,26.0815],[92.711,26.1905],[92.9396,26.062],[92.9217,25.8244],[92.6756,25.7154]]]}},{"type":"Feature","properties":{"id":"nh_access:h3:843ceebffffffff","field":"national_highways","kind":"nh_access","source":"osm+worldpop","confidence":0.9,"population":685248.0,"nh_distance_km":4.35,"pipeline_access_gain_km":0.0,"share_within_10km":0.919},"geometry":{"type":"Polygon","coordinates":[[[93.1501,25.695],[92.9217,25.8244],[92.9396,26.062],[93.1863,26.1702],[93.4149,26.0409],[93.3966,25.8033],[93.1501,25.695]]]}},{"type":"Feature","properties":{"id":"nh_access:h3:843ceedffffffff","field":"national_highways","kind":"nh_access","source":"osm+worldpop","confidence":0.9,"population":257685.0,"nh_distance_km":13.87,"pipeline_access_gain_km":0.0,"share_within_10km":0.322},"geometry":{"type":"Polygon","coordinates":[[[92.4123,25.3674],[92.1842,25.496],[92.2015,25.7343],[92.4472,25.844],[92.6756,25.7154],[92.6579,25.4771],[92.4123,25.3674]]]}},{"type":"Feature","properties":{"id":"nh_access:h3:843cf01ffffffff","field":"national_highways","kind":"nh_access","source":"osm+worldpop","confidence":0.9,"population":32698.0,"nh_distance_km":19.8,"pipeline_access_gain_km":0.0,"share_within_10km":0.0},"geometry":{"type":"Polygon","coordinates":[[[88.9815,23.3018],[88.756,23.4278],[88.7701,23.6696],[89.0102,23.7856],[89.2361,23.6597],[89.2216,23.4178],[88.9815,23.3018]]]}},{"type":"Feature","properties":{"id":"nh_access:h3:843cf05ffffffff","field":"national_highways","kind":"nh_access","source":"osm+worldpop","confidence":0.9,"population":1783071.0,"nh_distance_km":4.4,"pipeline_access_gain_km":0.0,"share_within_10km":0.942},"geometry":{"type":"Polygon","coordinates":[[[88.7278,22.9429],[88.5027,23.0689],[88.5166,23.3113],[88.756,23.4278],[88.9815,23.3018],[88.9672,23.0593],[88.7278,22.9429]]]}},{"type":"Feature","properties":{"id":"nh_access:h3:843cf07ffffffff","field":"national_highways","kind":"nh_access","source":"osm+worldpop","confidence":0.9,"population":6292.0,"nh_distance_km":12.8,"pipeline_access_gain_km":0.0,"share_within_10km":0.0},"geometry":{"type":"Polygon","coordinates":[[[89.1925,22.9324],[88.9672,23.0593],[88.9815,23.3018],[89.2216,23.4178],[89.4473,23.291],[89.4326,23.0482],[89.1925,22.9324]]]}},{"type":"Feature","properties":{"id":"nh_access:h3:843cf09ffffffff","field":"national_highways","kind":"nh_access","source":"osm+worldpop","confidence":0.9,"population":426287.0,"nh_distance_km":3.39,"pipeline_access_gain_km":0.0,"share_within_10km":0.993},"geometry":{"type":"Polygon","coordinates":[[[88.7701,23.6696],[88.5444,23.7946],[88.5584,24.0355],[88.7985,24.1516],[89.0246,24.0267],[89.0102,23.7856],[88.7701,23.6696]]]}},{"type":"Feature","properties":{"id":"nh_access:h3:843cf0dffffffff","field":"national_highways","kind":"nh_access","source":"osm+worldpop","confidence":0.9,"population":2362544.0,"nh_distance_km":3.98,"pipeline_access_gain_km":0.0,"share_within_10km":0.908},"geometry":{"type":"Polygon","coordinates":[[[88.5166,23.3113],[88.2913,23.4364],[88.305,23.678],[88.5444,23.7946],[88.7701,23.6696],[88.756,23.4278],[88.5166,23.3113]]]}},{"type":"Feature","properties":{"id":"nh_access:h3:843cf21ffffffff","field":"national_highways","kind":"nh_access","source":"osm+worldpop","confidence":0.9,"population":2683938.0,"nh_distance_km":23.89,"pipeline_access_gain_km":0.0,"share_within_10km":0.046},"geometry":{"type":"Polygon","coordinates":[[[88.6856,22.212],[88.4611,22.3391],[88.4749,22.5828],[88.7137,22.6997],[88.9386,22.5727],[88.9244,22.3288],[88.6856,22.212]]]}},{"type":"Feature","properties":{"id":"nh_access:h3:843cf23ffffffff","field":"national_highways","kind":"nh_access","source":"osm+worldpop","confidence":0.9,"population":169266.0,"nh_distance_km":26.73,"pipeline_access_gain_km":0.0,"share_within_10km":0.0},"geometry":{"type":"Polygon","coordinates":[[[89.1492,22.2009],[88.9244,22.3288],[88.9386,22.5727],[89.1781,22.689],[89.4032,22.5613],[89.3886,22.3171],[89.1492,22.2009]]]}},{"type":"Feature","properties":{"id":"nh_access:h3:843cf25ffffffff","field":"national_highways","kind":"nh_access","source":"osm+worldpop","confidence":0.9,"population":2702759.0,"nh_distance_km":17.55,"pipeline_access_gain_km":0.0,"share_within_10km":0.282},"geometry":{"type":"Polygon","coordinates":[[[88.4335,21.8503],[88.2093,21.9775],[88.2229,22.2218],[88.4611,22.3391],[88.6856,22.212],[88.6716,21.9675],[88.4335,21.8503]]]}},{"type":"Feature","properties":{"id":"nh_access:h3:843cf27ffffffff","field":"national_highways","kind":"nh_access","source":"osm+worldpop","confidence":0.9,"population":555946.0,"nh_distance_km":50.45,"pipeline_access_gain_km":0.0,"share_within_10km":0.0},"geometry":{"type":"Polygon","coordinates":[[[88.896,21.8396],[88.6716,21.9675],[88.6856,22.212],[88.9244,22.3288],[89.1492,22.2009],[89.1348,21.9562],[88.896,21.8396]]]}},{"type":"Feature","properties":{"id":"nh_access:h3:843cf29ffffffff","field":"national_highways","kind":"nh_access","source":"osm+worldpop","confidence":0.9,"population":7110502.0,"nh_distance_km":2.69,"pipeline_access_gain_km":0.0,"share_within_10km":0.982},"geometry":{"type":"Polygon","coordinates":[[[88.4749,22.5828],[88.2502,22.709],[88.2639,22.9519],[88.5027,23.0689],[88.7278,22.9429],[88.7137,22.6997],[88.4749,22.5828]]]}},{"type":"Feature","properties":{"id":"nh_access:h3:843cf2bffffffff","field":"national_highways","kind":"nh_access","source":"osm+worldpop","confidence":0.9,"population":1309289.0,"nh_distance_km":4.39,"pipeline_access_gain_km":0.11,"share_within_10km":0.94},"geometry":{"type":"Polygon","coordinates":[[[88.9386,22.5727],[88.7137,22.6997],[88.7278,22.9429],[88.9672,23.0593],[89.1925,22.9324],[89.1781,22.689],[88.9386,22.5727]]]}},{"type":"Feature","properties":{"id":"nh_access:h3:843cf2dffffffff","field":"national_highways","kind":"nh_access","source":"osm+worldpop","confidence":0.9,"population":14523022.0,"nh_distance_km":3.88,"pipeline_access_gain_km":0.0,"share_within_10km":0.953},"geometry":{"type":"Polygon","coordinates":[[[88.2229,22.2218],[87.9987,22.3481],[88.0121,22.5916],[88.2502,22.709],[88.4749,22.5828],[88.4611,22.3391],[88.2229,22.2218]]]}},{"type":"Feature","properties":{"id":"nh_access:h3:843cf41ffffffff","field":"national_highways","kind":"nh_access","source":"osm+worldpop","confidence":0.9,"population":2463806.0,"nh_distance_km":3.54,"pipeline_access_gain_km":0.16,"share_within_10km":0.972},"geometry":{"type":"Polygon","coordinates":[[[88.0931,24.0429],[87.8676,24.1662],[87.881,24.406],[88.1203,24.5228],[88.3464,24.3997],[88.3326,24.1596],[88.0931,24.0429]]]}},{"type":"Feature","properties":{"id":"nh_access:h3:843cf43ffffffff","field":"national_highways","kind":"nh_access","source":"osm+worldpop","confidence":0.9,"population":1203008.0,"nh_distance_km":5.98,"pipeline_access_gain_km":0.0,"share_within_10km":0.782},"geometry":{"type":"Polygon","coordinates":[[[88.5584,24.0355],[88.3326,24.1596],[88.3464,24.3997],[88.5864,24.5159],[88.8127,24.3919],[88.7985,24.1516],[88.5584,24.0355]]]}},{"type":"Feature","properties":{"id":"nh_access:h3:843cf45ffffffff","field":"national_highways","kind":"nh_access","source":"osm+worldpop","confidence":0.9,"population":1848963.0,"nh_distance_km":5.22,"pipeline_access_gain_km":0.36,"share_within_10km":0.894},"geometry":{"type":"Polygon","coordinates":[[[87.8408,23.685],[87.6157,23.8084],[87.6288,24.0489],[87.8676,24.1662],[88.0931,24.0429],[88.0796,23.8022],[87.8408,23.685]]]}},{"type":"Feature","properties":{"id":"nh_access:h3:843cf47ffffffff","field":"national_highways","kind":"nh_access","source":"osm+worldpop","confidence":0.9,"population":3345418.0,"nh_distance_km":5.57,"pipeline_access_gain_km":0.03,"share_within_10km":0.789},"geometry":{"type":"Polygon","coordinates":[[[88.305,23.678],[88.0796,23.8022],[88.0931,24.0429],[88.3326,24.1596],[88.5584,24.0355],[88.5444,23.7946],[88.305,23.678]]]}},{"type":"Feature","properties":{"id":"nh_access:h3:843cf49ffffffff","field":"national_highways","kind":"nh_access","source":"osm+worldpop","confidence":0.9,"population":2644003.0,"nh_distance_km":4.7,"pipeline_access_gain_km":0.0,"share_within_10km":0.853},"geometry":{"type":"Polygon","coordinates":[[[87.881,24.406],[87.6552,24.5283],[87.6684,24.7673],[87.9078,24.8842],[88.134,24.762],[88.1203,24.5228],[87.881,24.406]]]}},{"type":"Feature","properties":{"id":"nh_access:h3:843cf4bffffffff","field":"national_highways","kind":"nh_access","source":"osm+worldpop","confidence":0.9,"population":5357.0,"nh_distance_km":5.4,"pipeline_access_gain_km":0.0,"share_within_10km":1.0},"geometry":{"type":"Polygon","coordinates":[[[88.3464,24.3997],[88.1203,24.5228],[88.134,24.762],[88.374,24.8783],[88.6005,24.7553],[88.5864,24.5159],[88.3464,24.3997]]]}},{"type":"Feature","properties":{"id":"nh_access:h3:843cf4dffffffff","field":"national_highways","kind":"nh_access","source":"osm+worldpop","confidence":0.9,"population":994543.0,"nh_distance_km":8.31,"pipeline_access_gain_km":0.0,"share_within_10km":0.648},"geometry":{"type":"Polygon","coordinates":[[[87.6288,24.0489],[87.4036,24.1713],[87.4165,24.4109],[87.6552,24.5283],[87.881,24.406],[87.8676,24.1662],[87.6288,24.0489]]]}},{"type":"Feature","properties":{"id":"nh_access:h3:843cf61ffffffff","field":"national_highways","kind":"nh_access","source":"osm+worldpop","confidence":0.9,"population":1542438.0,"nh_distance_km":5.43,"pipeline_access_gain_km":1.24,"share_within_10km":0.826},"geometry":{"type":"Polygon","coordinates":[[[87.8009,22.9597],[87.5764,23.0841],[87.5894,23.326],[87.8275,23.4437],[88.0525,23.3193],[88.039,23.0772],[87.8009,22.9597]]]}},{"type":"Feature","properties":{"id":"nh_access:h3:843cf63ffffffff","field":"national_highways","kind":"nh_access","source":"osm+worldpop","confidence":0.9,"population":2567440.0,"nh_distance_km":9.87,"pipeline_access_gain_km":0.0,"share_within_10km":0.541},"geometry":{"type":"Polygon","coordinates":[[[88.2639,22.9519],[88.039,23.0772],[88.0525,23.3193],[88.2913,23.4364],[88.5166,23.3113],[88.5027,23.0689],[88.2639,22.9519]]]}},{"type":"Feature","properties":{"id":"nh_access:h3:843cf65ffffffff","field":"national_highways","kind":"nh_access","source":"osm+worldpop","confidence":0.9,"population":1495883.0,"nh_distance_km":6.26,"pipeline_access_gain_km":2.38,"share_within_10km":0.769},"geometry":{"type":"Polygon","coordinates":[[[87.5502,22.599],[87.3261,22.7236],[87.339,22.966],[87.5764,23.0841],[87.8009,22.9597],[87.7877,22.717],[87.5502,22.599]]]}},{"type":"Feature","properties":{"id":"nh_access:h3:843cf67ffffffff","field":"national_highways","kind":"nh_access","source":"osm+worldpop","confidence":0.9,"population":2763511.0,"nh_distance_km":13.09,"pipeline_access_gain_km":1.46,"share_within_10km":0.308},"geometry":{"type":"Polygon","coordinates":[[[88.0121,22.5916],[87.7877,22.717],[87.8009,22.9597],[88.039,23.0772],[88.2639,22.9519],[88.2502,22.709],[88.0121,22.5916]]]}},{"type":"Feature","properties":{"id":"nh_access:h3:843cf69ffffffff","field":"national_highways","kind":"nh_access","source":"osm+worldpop","confidence":0.9,"population":1064803.0,"nh_distance_km":5.77,"pipeline_access_gain_km":0.03,"share_within_10km":0.779},"geometry":{"type":"Polygon","coordinates":[[[87.5894,23.326],[87.3647,23.4495],[87.3777,23.6906],[87.6157,23.8084],[87.8408,23.685],[87.8275,23.4437],[87.5894,23.326]]]}},{"type":"Feature","properties":{"id":"nh_access:h3:843cf6bffffffff","field":"national_highways","kind":"nh_access","source":"osm+worldpop","confidence":0.9,"population":1844173.0,"nh_distance_km":11.93,"pipeline_access_gain_km":1.32,"share_within_10km":0.406},"geometry":{"type":"Polygon","coordinates":[[[88.0525,23.3193],[87.8275,23.4437],[87.8408,23.685],[88.0796,23.8022],[88.305,23.678],[88.2913,23.4364],[88.0525,23.3193]]]}},{"type":"Feature","properties":{"id":"nh_access:h3:843cf6dffffffff","field":"national_highways","kind":"nh_access","source":"osm+worldpop","confidence":0.9,"population":1149430.0,"nh_distance_km":10.5,"pipeline_access_gain_km":0.35,"share_within_10km":0.505},"geometry":{"type":"Polygon","coordinates":[[[87.339,22.966],[87.1147,23.0897],[87.1274,23.3313],[87.3647,23.4495],[87.5894,23.326],[87.5764,23.0841],[87.339,22.966]]]}},{"type":"Feature","properties":{"id":"nh_access:h3:843d001ffffffff","field":"national_highways","kind":"nh_access","source":"osm+worldpop","confidence":0.9,"population":2038.0,"nh_distance_km":112.53,"pipeline_access_gain_km":0.0,"share_within_10km":0.0},"geometry":{"type":"Polygon","coordinates":[[[79.1109,33.5045],[79.3757,33.3962],[79.3878,33.153],[79.1371,33.018],[78.8733,33.1254],[78.8592,33.3687],[79.1109,33.5045]]]}},{"type":"Feature","properties":{"id":"nh_access:h3:843d003ffffffff","field":"national_highways","kind":"nh_access","source":"osm+worldpop","confidence":0.9,"population":25.0,"nh_distance_km":137.49,"pipeline_access_gain_km":0.0,"share_within_10km":0.0},"geometry":{"type":"Polygon","coordinates":[[[79.6282,33.5309],[79.8918,33.4215],[79.902,33.1783],[79.6505,33.0445],[79.3878,33.153],[79.3757,33.3962],[79.6282,33.5309]]]}},{"type":"Feature","properties":{"id":"nh_access:h3:843d005ffffffff","field":"national_highways","kind":"nh_access","source":"osm+worldpop","confidence":0.9,"population":3003.0,"nh_distance_km":91.34,"pipeline_access_gain_km":0.0,"share_within_10km":0.0},"geometry":{"type":"Polygon","coordinates":[[[78.8733,33.1254],[79.1371,33.018],[79.15,32.7755],[78.9011,32.6404],[78.6382,32.7468],[78.6234,32.9894],[78.8733,33.1254]]]}},{"type":"Feature","properties":{"id":"nh_access:h3:843d007ffffffff","field":"national_highways","kind":"nh_access","source":"osm+worldpop","confidence":0.9,"population":3036.0,"nh_distance_km":110.22,"pipeline_access_gain_km":0.0,"share_within_10km":0.0},"geometry":{"type":"Polygon","coordinates":[[[79.3878,33.153],[79.6505,33.0445],[79.6615,32.8021],[79.4117,32.668],[79.15,32.7755],[79.1371,33.018],[79.3878,33.153]]]}},{"type":"Feature","properties":{"id":"nh_access:h3:843d009ffffffff","field":"national_highways","kind":"nh_access","source":"osm+worldpop","confidence":0.9,"population":2152.0,"nh_distance_km":74.89,"pipeline_access_gain_km":0.0,"share_within_10km":0.0},"geometry":{"type":"Polygon","coordinates":[[[78.8308,33.8567],[79.0977,33.7485],[79.1109,33.5045],[78.8592,33.3687],[78.5933,33.476],[78.5781,33.72],[78.8308,33.8567]]]}},{"type":"Feature","properties":{"id":"nh_access:h3:843d00dffffffff","field":"national_highways","kind":"nh_access","source":"osm+worldpop","confidence":0.9,"population":3214.0,"nh_distance_km":65.19,"pipeline_access_gain_km":0.0,"share_within_10km":0.0},"geometry":{"type":"Polygon","coordinates":[[[78.5933,33.476],[78.8592,33.3687],[78.8733,33.1254],[78.6234,32.9894],[78.3585,33.0958],[78.3425,33.3391],[78.5933,33.476]]]}},{"type":"Feature","properties":{"id":"nh_access:h3:843d021ffffffff","field":"national_highways","kind":"nh_access","source":"osm+worldpop","confidence":0.9,"population":37.0,"nh_distance_km":29.34,"pipeline_access_gain_km":0.0,"share_within_10km":0.257},"geometry":{"type":"Polygon","coordinates":[[[78.9148,32.3986],[79.1756,32.292],[79.1882,32.051],[78.942,31.9165],[78.6822,32.0222],[78.6677,32.2632],[78.9148,32.3986]]]}},{"type":"Feature","properties":{"id":"nh_access:h3:843d025ffffffff","field":"national_highways","kind":"nh_access","source":"osm+worldpop","confidence":0.9,"population":9290.0,"nh_distance_km":4.89,"pipeline_access_gain_km":0.0,"share_within_10km":0.866},"geometry":{"type":"Polygon","coordinates":[[[78.6822,32.0222],[78.942,31.9165],[78.9554,31.6763],[78.7109,31.5416],[78.4521,31.6464],[78.4368,31.8866],[78.6822,32.0222]]]}},{"type":"Feature","properties":{"id":"nh_access:h3:843d029ffffffff","field":"national_highways","kind":"nh_access","source":"osm+worldpop","confidence":0.9,"population":670.0,"nh_distance_km":60.34,"pipeline_access_gain_km":0.0,"share_within_10km":0.0},"geometry":{"type":"Polygon","coordinates":[[[78.6382,32.7468],[78.9011,32.6404],[78.9148,32.3986],[78.6677,32.2632],[78.4058,32.3688],[78.3902,32.6106],[78.6382,32.7468]]]}},{"type":"Feature","properties":{"id":"nh_access:h3:843d02bffffffff","field":"national_highways","kind":"nh_access","source":"osm+worldpop","confidence":0.9,"population":3227.0,"nh_distance_km":73.05,"pipeline_access_gain_km":0.0,"share_within_10km":0.0},"geometry":{"type":"Polygon","coordinates":[[[79.15,32.7755],[79.4117,32.668],[79.4236,32.4263],[79.1756,32.292],[78.9148,32.3986],[78.9011,32.6404],[79.15,32.7755]]]}},{"type":"Feature","properties":{"id":"nh_access:h3:843d02dffffffff","field":"national_highways","kind":"nh_access","source":"osm+worldpop","confidence":0.9,"population":5165.0,"nh_distance_km":5.79,"pipeline_access_gain_km":0.0,"share_within_10km":0.839},"geometry":{"type":"Polygon","coordinates":[[[78.4058,32.3688],[78.6677,32.2632],[78.6822,32.0222],[78.4368,31.8866],[78.1759,31.9913],[78.1595,32.2324],[78.4058,32.3688]]]}},{"type":"Feature","properties":{"id":"nh_access:h3:843d03dffffffff","field":"national_highways","kind":"nh_access","source":"osm+worldpop","confidence":0.9,"population":319.0,"nh_distance_km":105.93,"pipeline_access_gain_km":0.0,"share_within_10km":0.0},"geometry":{"type":"Polygon","coordinates":[[[79.6615,32.8021],[79.922,32.6936],[79.932,32.4519],[79.6832,32.3187],[79.4236,32.4263],[79.4117,32.668],[79.6615,32.8021]]]}},{"type":"Feature","properties":{"id":"nh_access:h3:843d041ffffffff","field":"national_highways","kind":"nh_access","source":"osm+worldpop","confidence":0.9,"population":6297.0,"nh_distance_km":17.65,"pipeline_access_gain_km":0.0,"share_within_10km":0.359},"geometry":{"type":"Polygon","coordinates":[[[78.0236,34.1789],[78.2937,34.0719],[78.3101,33.8272],[78.0583,33.6894],[77.7892,33.7954],[77.7709,34.0402],[78.0236,34.1789]]]}},{"type":"Feature","properties":{"id":"nh_access:h3:843d043ffffffff","field":"national_highways","kind":"nh_access","source":"osm+worldpop","confidence":0.9,"population":2611.0,"nh_distance_km":67.17,"pipeline_access_gain_km":0.0,"share_within_10km":0.0},"geometry":{"type":"Polygon","coordinates":[[[78.5473,34.2095],[78.8164,34.1014],[78.8308,33.8567],[78.5781,33.72],[78.3101,33.8272],[78.2937,34.0719],[78.5473,34.2095]]]}},{"type":"Feature","properties":{"id":"nh_access:h3:843d045ffffffff","field":"national_highways","kind":"nh_access","source":"osm+worldpop","confidence":0.9,"population":5878.0,"nh_distance_km":8.14,"pipeline_access_gain_km":0.0,"share_within_10km":0.694},"geometry":{"type":"Polygon","coordinates":[[[77.7892,33.7954],[78.0583,33.6894],[78.0755,33.4453],[77.8256,33.3073],[77.5576,33.4124],[77.5384,33.6565],[77.7892,33.7954]]]}},{"type":"Feature","properties":{"id":"nh_access:h3:843d047ffffffff","field":"national_highways","kind":"nh_access","source":"osm+worldpop","confidence":0.9,"population":4281.0,"nh_distance_km":45.48,"pipeline_access_gain_km":0.0,"share_within_10km":0.0},"geometry":{"type":"Polygon","coordinates":[[[78.3101,33.8272],[78.5781,33.72],[78.5933,33.476],[78.3425,33.3391],[78.0755,33.4453],[78.0583,33.6894],[78.3101,33.8272]]]}},{"type":"Feature","properties":{"id":"nh_access:h3:843d049ffffffff","field":"national_highways","kind":"nh_access","source":"osm+worldpop","confidence":0.9,"population":22073.0,"nh_distance_km":6.92,"pipeline_access_gain_km":0.0,"share_within_10km":0.793},"geometry":{"type":"Polygon","coordinates":[[[77.7337,34.5311],[78.006,34.4243],[78.0236,34.1789],[77.7709,34.0402],[77.4997,34.146],[77.4801,34.3915],[77.7337,34.5311]]]}},{"type":"Feature","properties":{"id":"nh_access:h3:843d04bffffffff","field":"national_highways","kind":"nh_access","source":"osm+worldpop","confidence":0.9,"population":2313.0,"nh_distance_km":64.81,"pipeline_access_gain_km":0.0,"share_within_10km":0.0},"geometry":{"type":"Polygon","coordinates":[[[78.2606,34.5628],[78.5318,34.4549],[78.5473,34.2095],[78.2937,34.0719],[78.0236,34.1789],[78.006,34.4243],[78.2606,34.5628]]]}},{"type":"Feature","properties":{"id":"nh_access:h3:843d04dffffffff","field":"national_highways","kind":"nh_access","source":"osm+worldpop","confidence":0.9,"population":24112.0,"nh_distance_km":4.38,"pipeline_access_gain_km":0.0,"share_within_10km":0.844},"geometry":{"type":"Polygon","coordinates":[[[77.4997,34.146],[77.7709,34.0402],[77.7892,33.7954],[77.5384,33.6565],[77.2683,33.7614],[77.2479,34.0062],[77.4997,34.146]]]}},{"type":"Feature","properties":{"id":"nh_access:h3:843d05dffffffff","field":"national_highways","kind":"nh_access","source":"osm+worldpop","confidence":0.9,"population":851.0,"nh_distance_km":100.14,"pipeline_access_gain_km":0.0,"share_within_10km":0.0},"geometry":{"type":"Polygon","coordinates":[[[78.7873,34.5922],[79.0574,34.4832],[79.0709,34.2379],[78.8164,34.1014],[78.5473,34.2095],[78.5318,34.4549],[78.7873,34.5922]]]}},{"type":"Feature","properties":{"id":"nh_access:h3:843d061ffffffff","field":"national_highways","kind":"nh_access","source":"osm+worldpop","confidence":0.9,"population":1065.0,"nh_distance_km":21.89,"pipeline_access_gain_km":0.0,"share_within_10km":0.15},"geometry":{"type":"Polygon","coordinates":[[[77.8436,33.0639],[78.1095,32.9586],[78.1263,32.716],[77.8791,32.5787],[77.6142,32.6831],[77.5955,32.9257],[77.8436,33.0639]]]}},{"type":"Feature","properties":{"id":"nh_access:h3:843d063ffffffff","field":"national_highways","kind":"nh_access","source":"osm+worldpop","confidence":0.9,"population":2210.0,"nh_distance_km":56.28,"pipeline_access_gain_km":0.0,"share_within_10km":0.0},"geometry":{"type":"Polygon","coordinates":[[[78.3585,33.0958],[78.6234,32.9894],[78.6382,32.7468],[78.3902,32.6106],[78.1263,32.716],[78.1095,32.9586],[78.3585,33.0958]]]}},{"type":"Feature","properties":{"id":"nh_access:h3:843d065ffffffff","field":"national_highways","kind":"nh_access","source":"osm+worldpop","confidence":0.9,"population":1564.0,"nh_distance_km":6.15,"pipeline_access_gain_km":0.0,"share_within_10km":0.767},"geometry":{"type":"Polygon","coordinates":[[[77.6142,32.6831],[77.8791,32.5787],[77.8967,32.3369],[77.6512,32.1994],[77.3874,32.3029],[77.3679,32.5448],[77.6142,32.6831]]]}},{"type":"Feature","properties":{"id":"nh_access:h3:843d067ffffffff","field":"national_highways","kind":"nh_access","source":"osm+worldpop","confidence":0.9,"population":2267.0,"nh_distance_km":11.16,"pipeline_access_gain_km":0.0,"share_within_10km":0.671},"geometry":{"type":"Polygon","coordinates":[[[78.1263,32.716],[78.3902,32.6106],[78.4058,32.3688],[78.1595,32.2324],[77.8967,32.3369],[77.8791,32.5787],[78.1263,32.716]]]}},{"type":"Feature","properties":{"id":"nh_access:h3:843d069ffffffff","field":"national_highways","kind":"nh_access","source":"osm+worldpop","confidence":0.9,"population":2152.0,"nh_distance_km":9.99,"pipeline_access_gain_km":0.0,"share_within_10km":0.609},"geometry":{"type":"Polygon","coordinates":[[[77.5576,33.4124],[77.8256,33.3073],[77.8436,33.0639],[77.5955,32.9257],[77.3285,33.03],[77.3086,33.2733],[77.5576,33.4124]]]}},{"type":"Feature","properties":{"id":"nh_access:h3:843d06bffffffff","field":"national_highways","kind":"nh_access","source":"osm+worldpop","confidence":0.9,"population":3487.0,"nh_distance_km":23.27,"pipeline_access_gain_km":0.0,"share_within_10km":0.186},"geometry":{"type":"Polygon","coordinates":[[[78.0755,33.4453],[78.3425,33.3391],[78.3585,33.0958],[78.1095,32.9586],[77.8436,33.0639],[77.8256,33.3073],[78.0755,33.4453]]]}},{"type":"Feature","properties":{"id":"nh_access:h3:843d06dffffffff","field":"national_highways","kind":"nh_access","source":"osm+worldpop","confidence":0.9,"population":3696.0,"nh_distance_km":6.81,"pipeline_access_gain_km":0.0,"share_within_10km":0.735},"geometry":{"type":"Polygon","coordinates":[[[77.3285,33.03],[77.5955,32.9257],[77.6142,32.6831],[77.3679,32.5448],[77.1021,32.6481],[77.0814,32.8907],[77.3285,33.03]]]}},{"type":"Feature","properties":{"id":"nh_access:h3:843d101ffffffff","field":"national_highways","kind":"nh_access","source":"osm+worldpop","confidence":0.9,"population":362974.0,"nh_distance_km":5.36,"pipeline_access_gain_km":0.0,"share_within_10km":0.793},"geometry":{"type":"Polygon","coordinates":[[[77.5012,30.8629],[77.7591,30.7609],[77.7766,30.5231],[77.5381,30.3872],[77.2812,30.4882],[77.2619,30.726],[77.5012,30.8629]]]}},{"type":"Feature","properties":{"id":"nh_access:h3:843d103ffffffff","field":"national_highways","kind":"nh_access","source":"osm+worldpop","confidence":0.9,"population":301789.0,"nh_distance_km":3.27,"pipeline_access_gain_km":0.0,"share_within_10km":0.972},"geometry":{"type":"Polygon","coordinates":[[[77.9994,30.8968],[78.2563,30.7939],[78.272,30.556],[78.0326,30.4211],[77.7766,30.5231],[77.7591,30.7609],[77.9994,30.8968]]]}},{"type":"Feature","properties":{"id":"nh_access:h3:843d105ffffffff","field":"national_highways","kind":"nh_access","source":"osm+worldpop","confidence":0.9,"population":1452050.0,"nh_distance_km":3.52,"pipeline_access_gain_km":0.16,"share_within_10km":0.919},"geometry":{"type":"Polygon","coordinates":[[[77.2812,30.4882],[77.5381,30.3872],[77.5563,30.1502],[77.3195,30.0142],[77.0636,30.1144],[77.0436,30.3514],[77.2812,30.4882]]]}},{"type":"Feature","properties":{"id":"nh_access:h3:843d107ffffffff","field":"national_highways","kind":"nh_access","source":"osm+worldpop","confidence":0.9,"population":1403887.0,"nh_distance_km":5.02,"pipeline_access_gain_km":0.0,"share_within_10km":0.847},"geometry":{"type":"Polygon","coordinates":[[[77.7766,30.5231],[78.0326,30.4211],[78.049,30.184],[77.8113,30.049],[77.5563,30.1502],[77.5381,30.3872],[77.7766,30.5231]]]}},{"type":"Feature","properties":{"id":"nh_access:h3:843d109ffffffff","field":"national_highways","kind":"nh_access","source":"osm+worldpop","confidence":0.9,"population":613681.0,"nh_distance_km":3.74,"pipeline_access_gain_km":0.0,"share_within_10km":0.875},"geometry":{"type":"Polygon","coordinates":[[[77.2228,31.2034],[77.4826,31.1015],[77.5012,30.8629],[77.2619,30.726],[77.0031,30.827],[76.9827,31.0657],[77.2228,31.2034]]]}},{"type":"Feature","properties":{"id":"nh_access:h3:843d10bffffffff","field":"national_highways","kind":"nh_access","source":"osm+worldpop","confidence":0.9,"population":236467.0,"nh_distance_km":5.41,"pipeline_access_gain_km":0.0,"share_within_10km":0.818},"geometry":{"type":"Polygon","coordinates":[[[77.7237,31.2383],[77.9825,31.1354],[77.9994,30.8968],[77.7591,30.7609],[77.5012,30.8629],[77.4826,31.1015],[77.7237,31.2383]]]}},{"type":"Feature","properties":{"id":"nh_access:h3:843d10dffffffff","field":"national_highways","kind":"nh_access","source":"osm+worldpop","confidence":0.9,"population":1431874.0,"nh_distance_km":2.05,"pipeline_access_gain_km":0.0,"share_within_10km":0.987},"geometry":{"type":"Polygon","coordinates":[[[77.0031,30.827],[77.2619,30.726],[77.2812,30.4882],[77.0436,30.3514],[76.7858,30.4515],[76.7647,30.6893],[77.0031,30.827]]]}},{"type":"Feature","properties":{"id":"nh_access:h3:843d111ffffffff","field":"national_highways","kind":"nh_access","source":"osm+worldpop","confidence":0.9,"population":32607.0,"nh_distance_km":5.97,"pipeline_access_gain_km":0.0,"share_within_10km":0.818},"geometry":{"type":"Polygon","coordinates":[[[78.7252,31.3022],[78.982,31.1974],[78.9952,30.9588],[78.7533,30.8249],[78.4974,30.9287],[78.4824,31.1674],[78.7252,31.3022]]]}},{"type":"Feature","properties":{"id":"nh_access:h3:843d113ffffffff","field":"national_highways","kind":"nh_access","source":"osm+worldpop","confidence":0.9,"population":6355.0,"nh_distance_km":7.32,"pipeline_access_gain_km":0.0,"share_within_10km":0.71},"geometry":{"type":"Polygon","coordinates":[[[79.2256,31.3311],[79.4814,31.2254],[79.4927,30.9868],[79.2501,30.854],[78.9952,30.9588],[78.982,31.1974],[79.2256,31.3311]]]}},{"type":"Feature","properties":{"id":"nh_access:h3:843d115ffffffff","field":"national_highways","kind":"nh_access","source":"osm+worldpop","confidence":0.9,"population":229131.0,"nh_distance_km":6.03,"pipeline_access_gain_km":0.0,"share_within_10km":0.74},"geometry":{"type":"Polygon","coordinates":[[[78.4974,30.9287],[78.7533,30.8249],[78.7672,30.587],[78.527,30.4531],[78.272,30.556],[78.2563,30.7939],[78.4974,30.9287]]]}},{"type":"Feature","properties":{"id":"nh_access:h3:843d117ffffffff","field":"national_highways","kind":"nh_access","source":"osm+worldpop","confidence":0.9,"population":66490.0,"nh_distance_km":8.33,"pipeline_access_gain_km":0.0,"share_within_10km":0.617},"geometry":{"type":"Polygon","coordinates":[[[78.9952,30.9588],[79.2501,30.854],[79.2622,30.6162],[79.0212,30.4832],[78.7672,30.587],[78.7533,30.8249],[78.9952,30.9588]]]}},{"type":"Feature","properties":{"id":"nh_access:h3:843d119ffffffff","field":"national_highways","kind":"nh_access","source":"osm+worldpop","confidence":0.9,"population":21783.0,"nh_distance_km":11.62,"pipeline_access_gain_km":0.0,"share_within_10km":0.562},"geometry":{"type":"Polygon","coordinates":[[[78.4521,31.6464],[78.7109,31.5416],[78.7252,31.3022],[78.4824,31.1674],[78.2245,31.2712],[78.2084,31.5107],[78.4521,31.6464]]]}},{"type":"Feature","properties":{"id":"nh_access:h3:843d11bffffffff","field":"national_highways","kind":"nh_access","source":"osm+worldpop","confidence":0.9,"population":8189.0,"nh_distance_km":7.84,"pipeline_access_gain_km":0.0,"share_within_10km":0.725},"geometry":{"type":"Polygon","coordinates":[[[78.9554,31.6763],[79.2132,31.5706],[79.2256,31.3311],[78.982,31.1974],[78.7252,31.3022],[78.7109,31.5416],[78.9554,31.6763]]]}},{"type":"Feature","properties":{"id":"nh_access:h3:843d11dffffffff","field":"national_highways","kind":"nh_access","source":"osm+worldpop","confidence":0.9,"population":105379.0,"nh_distance_km":12.27,"pipeline_access_gain_km":0.0,"share_within_10km":0.425},"geometry":{"type":"Polygon","coordinates":[[[78.2245,31.2712],[78.4824,31.1674],[78.4974,30.9287],[78.2563,30.7939],[77.9994,30.8968],[77.9825,31.1354],[78.2245,31.2712]]]}},{"type":"Feature","properties":{"id":"nh_access:h3:843d121ffffffff","field":"national_highways","kind":"nh_access","source":"osm+worldpop","confidence":0.9,"population":1825647.0,"nh_distance_km":3.61,"pipeline_access_gain_km":0.97,"share_within_10km":0.926},"geometry":{"type":"Polygon","coordinates":[[[77.3384,29.7781],[77.5924,29.6779],[77.6102,29.4426],[77.3758,29.3076],[77.1228,29.4069],[77.1032,29.6422],[77.3384,29.7781]]]}},{"type":"Feature","properties":{"id":"nh_access:h3:843d123ffffffff","field":"national_highways","kind":"nh_access","source":"osm+worldpop","confidence":0.9,"population":2237690.0,"nh_distance_km":3.8,"pipeline_access_gain_km":0.76,"share_within_10km":0.907},"geometry":{"type":"Polygon","coordinates":[[[77.8285,29.8129],[78.0816,29.7117],[78.0977,29.4765],[77.8624,29.3423],[77.6102,29.4426],[77.5924,29.6779],[77.8285,29.8129]]]}},{"type":"Feature","properties":{"id":"nh_access:h3:843d125ffffffff","field":"national_highways","kind":"nh_access","source":"osm+worldpop","confidence":0.9,"population":1883427.0,"nh_distance_km":3.22,"pipeline_access_gain_km":0.0,"share_within_10km":0.959},"geometry":{"type":"Polygon","coordinates":[[[77.1228,29.4069],[77.3758,29.3076],[77.3943,29.0732],[77.1615,28.9382],[76.9094,29.0367],[76.8892,29.271],[77.1228,29.4069]]]}},{"type":"Feature","properties":{"id":"nh_access:h3:843d127ffffffff","field":"national_highways","kind":"nh_access","source":"osm+worldpop","confidence":0.9,"population":2506379.0,"nh_distance_km":4.21,"pipeline_access_gain_km":0.05,"share_within_10km":0.922},"geometry":{"type":"Polygon","coordinates":[[[77.6102,29.4426],[77.8624,29.3423],[77.8792,29.1079],[77.6455,28.9738],[77.3943,29.0732],[77.3758,29.3076],[77.6102,29.4426]]]}},{"type":"Feature","properties":{"id":"nh_access:h3:843d129ffffffff","field":"national_highways","kind":"nh_access","source":"osm+worldpop","confidence":0.9,"population":1402021.0,"nh_distance_km":8.45,"pipeline_access_gain_km":4.0,"share_within_10km":0.579},"geometry":{"type":"Polygon","coordinates":[[[77.0636,30.1144],[77.3195,30.0142],[77.3384,29.7781],[77.1032,29.6422],[76.8483,29.7415],[76.8276,29.9776],[77.0636,30.1144]]]}},{"type":"Feature","properties":{"id":"nh_access:h3:843d12bffffffff","field":"national_highways","kind":"nh_access","source":"osm+worldpop","confidence":0.9,"population":2810218.0,"nh_distance_km":3.79,"pipeline_access_gain_km":0.61,"share_within_10km":0.914},"geometry":{"type":"Polygon","coordinates":[[[77.5563,30.1502],[77.8113,30.049],[77.8285,29.8129],[77.5924,29.6779],[77.3384,29.7781],[77.3195,30.0142],[77.5563,30.1502]]]}},{"type":"Feature","properties":{"id":"nh_access:h3:843d12dffffffff","field":"national_highways","kind":"nh_access","source":"osm+worldpop","confidence":0.9,"population":1838300.0,"nh_distance_km":4.42,"pipeline_access_gain_km":0.06,"share_within_10km":0.857},"geometry":{"type":"Polygon","coordinates":[[[76.8483,29.7415],[77.1032,29.6422],[77.1228,29.4069],[76.8892,29.271],[76.6353,29.3695],[76.614,29.6047],[76.8483,29.7415]]]}},{"type":"Feature","properties":{"id":"nh_access:h3:843d131ffffffff","field":"national_highways","kind":"nh_access","source":"osm+worldpop","confidence":0.9,"population":224227.0,"nh_distance_km":5.05,"pipeline_access_gain_km":0.0,"share_within_10km":0.853},"geometry":{"type":"Polygon","coordinates":[[[78.5416,30.2161],[78.7947,30.1131],[78.8083,29.877],[78.5706,29.7438],[78.3185,29.8459],[78.3031,30.082],[78.5416,30.2161]]]}},{"type":"Feature","properties":{"id":"nh_access:h3:843d133ffffffff","field":"national_highways","kind":"nh_access","source":"osm+worldpop","confidence":0.9,"population":225240.0,"nh_distance_km":5.48,"pipeline_access_gain_km":0.0,"share_within_10km":0.838},"geometry":{"type":"Polygon","coordinates":[[[79.034,30.2462],[79.2861,30.1423],[79.2979,29.9063],[79.0595,29.774],[78.8083,29.877],[78.7947,30.1131],[79.034,30.2462]]]}},{"type":"Feature","properties":{"id":"nh_access:h3:843d135ffffffff","field":"national_highways","kind":"nh_access","source":"osm+worldpop","confidence":0.9,"population":1400961.0,"nh_distance_km":3.73,"pipeline_access_gain_km":0.53,"share_within_10km":0.929},"geometry":{"type":"Polygon","coordinates":[[[78.3185,29.8459],[78.5706,29.7438],[78.585,29.5085],[78.3489,29.3753],[78.0977,29.4765],[78.0816,29.7117],[78.3185,29.8459]]]}},{"type":"Feature","properties":{"id":"nh_access:h3:843d137ffffffff","field":"national_highways","kind":"nh_access","source":"osm+worldpop","confidence":0.9,"population":160491.0,"nh_distance_km":11.7,"pipeline_access_gain_km":0.0,"share_within_10km":0.364},"geometry":{"type":"Polygon","coordinates":[[[78.8083,29.877],[79.0595,29.774],[79.0721,29.5388],[78.8352,29.4065],[78.585,29.5085],[78.5706,29.7438],[78.8083,29.877]]]}},{"type":"Feature","properties":{"id":"nh_access:h3:843d139ffffffff","field":"national_highways","kind":"nh_access","source":"osm+worldpop","confidence":0.9,"population":1126945.0,"nh_distance_km":2.93,"pipeline_access_gain_km":0.0,"share_within_10km":0.982},"geometry":{"type":"Polygon","coordinates":[[[78.272,30.556],[78.527,30.4531],[78.5416,30.2161],[78.3031,30.082],[78.049,30.184],[78.0326,30.4211],[78.272,30.556]]]}},{"type":"Feature","properties":{"id":"nh_access:h3:843d13bffffffff","field":"national_highways","kind":"nh_access","source":"osm+worldpop","confidence":0.9,"population":402800.0,"nh_distance_km":5.24,"pipeline_access_gain_km":0.0,"share_within_10km":0.813},"geometry":{"type":"Polygon","coordinates":[[[78.7672,30.587],[79.0212,30.4832],[79.034,30.2462],[78.7947,30.1131],[78.5416,30.2161],[78.527,30.4531],[78.7672,30.587]]]}},{"type":"Feature","properties":{"id":"nh_access:h3:843d13dffffffff","field":"national_highways","kind":"nh_access","source":"osm+worldpop","confidence":0.9,"population":1893178.0,"nh_distance_km":2.91,"pipeline_access_gain_km":0.18,"share_within_10km":0.974},"geometry":{"type":"Polygon","coordinates":[[[78.049,30.184],[78.3031,30.082],[78.3185,29.8459],[78.0816,29.7117],[77.8285,29.8129],[77.8113,30.049],[78.049,30.184]]]}},{"type":"Feature","properties":{"id":"nh_access:h3:843d141ffffffff","field":"national_highways","kind":"nh_access","source":"osm+worldpop","confidence":0.9,"population":805027.0,"nh_distance_km":5.24,"pipeline_access_gain_km":0.0,"share_within_10km":0.863},"geometry":{"type":"Polygon","coordinates":[[[76.4377,31.5067],[76.7004,31.4059],[76.722,31.1665],[76.4828,31.0278],[76.2212,31.1277],[76.1978,31.3671],[76.4377,31.5067]]]}},{"type":"Feature","properties":{"id":"nh_access:h3:843d143ffffffff","field":"national_highways","kind":"nh_access","source":"osm+worldpop","confidence":0.9,"population":478140.0,"nh_distance_km":5.33,"pipeline_access_gain_km":0.0,"share_within_10km":0.846},"geometry":{"type":"Polygon","coordinates":[[[76.9413,31.5446],[77.2031,31.4429],[77.2228,31.2034],[76.9827,31.0657],[76.722,31.1665],[76.7004,31.4059],[76.9413,31.5446]]]}},{"type":"Feature","properties":{"id":"nh_access:h3:843d145ffffffff","field":"national_highways","kind":"nh_access","source":"osm+worldpop","confidence":0.9,"population":1234432.0,"nh_distance_km":3.53,"pipeline_access_gain_km":1.35,"share_within_10km":0.933},"geometry":{"type":"Polygon","coordinates":[[[76.2212,31.1277],[76.4828,31.0278],[76.505,30.7892],[76.2676,30.6506],[76.0071,30.7495],[75.983,30.9881],[76.2212,31.1277]]]}},{"type":"Feature","properties":{"id":"nh_access:h3:843d147ffffffff","field":"national_highways","kind":"nh_access","source":"osm+worldpop","confidence":0.9,"population":1831271.0,"nh_distance_km":2.83,"pipeline_access_gain_km":0.05,"share_within_10km":0.979},"geometry":{"type":"Polygon","coordinates":[[[76.722,31.1665],[76.9827,31.0657],[77.0031,30.827],[76.7647,30.6893],[76.505,30.7892],[76.4828,31.0278],[76.722,31.1665]]]}},{"type":"Feature","properties":{"id":"nh_access:h3:843d149ffffffff","field":"national_highways","kind":"nh_access","source":"osm+worldpop","confidence":0.9,"population":676473.0,"nh_distance_km":2.34,"pipeline_access_gain_km":0.02,"share_within_10km":0.991},"geometry":{"type":"Polygon","coordinates":[[[76.1504,31.8474],[76.415,31.7469],[76.4377,31.5067],[76.1978,31.3671],[75.9343,31.4667],[75.9096,31.7069],[76.1504,31.8474]]]}},{"type":"Feature","properties":{"id":"nh_access:h3:843d14bffffffff","field":"national_highways","kind":"nh_access","source":"osm+worldpop","confidence":0.9,"population":902126.0,"nh_distance_km":3.84,"pipeline_access_gain_km":0.07,"share_within_10km":0.939},"geometry":{"type":"Polygon","coordinates":[[[76.6567,31.8864],[76.9204,31.7848],[76.9413,31.5446],[76.7004,31.4059],[76.4377,31.5067],[76.415,31.7469],[76.6567,31.8864]]]}},{"type":"Feature","properties":{"id":"nh_access:h3:843d14dffffffff","field":"national_highways","kind":"nh_access","source":"osm+worldpop","confidence":0.9,"population":1161039.0,"nh_distance_km":3.97,"pipeline_access_gain_km":0.23,"share_within_10km":0.92},"geometry":{"type":"Polygon","coordinates":[[[75.9343,31.4667],[76.1978,31.3671],[76.2212,31.1277],[75.983,30.9881],[75.7206,31.0869],[75.6953,31.3262],[75.9343,31.4667]]]}},{"type":"Feature","properties":{"id":"nh_access:h3:843d151ffffffff","field":"national_highways","kind":"nh_access","source":"osm+worldpop","confidence":0.9,"population":70579.0,"nh_distance_km":13.17,"pipeline_access_gain_km":0.0,"share_within_10km":0.455},"geometry":{"type":"Polygon","coordinates":[[[77.6695,31.9584],[77.9314,31.8547],[77.9486,31.6144],[77.7058,31.4778],[77.4449,31.5805],[77.4259,31.8208],[77.6695,31.9584]]]}},{"type":"Feature","properties":{"id":"nh_access:h3:843d153ffffffff","field":"national_highways","kind":"nh_access","source":"osm+worldpop","confidence":0.9,"population":23796.0,"nh_distance_km":8.65,"pipeline_access_gain_km":0.0,"share_within_10km":0.653},"geometry":{"type":"Polygon","coordinates":[[[78.1759,31.9913],[78.4368,31.8866],[78.4521,31.6464],[78.2084,31.5107],[77.9486,31.6144],[77.9314,31.8547],[78.1759,31.9913]]]}},{"type":"Feature","properties":{"id":"nh_access:h3:843d155ffffffff","field":"national_highways","kind":"nh_access","source":"osm+worldpop","confidence":0.9,"population":330461.0,"nh_distance_km":5.13,"pipeline_access_gain_km":0.0,"share_within_10km":0.821},"geometry":{"type":"Polygon","coordinates":[[[77.4449,31.5805],[77.7058,31.4778],[77.7237,31.2383],[77.4826,31.1015],[77.2228,31.2034],[77.2031,31.4429],[77.4449,31.5805]]]}},{"type":"Feature","properties":{"id":"nh_access:h3:843d157ffffffff","field":"national_highways","kind":"nh_access","source":"osm+worldpop","confidence":0.9,"population":126605.0,"nh_distance_km":13.35,"pipeline_access_gain_km":0.0,"share_within_10km":0.338},"geometry":{"type":"Polygon","coordinates":[[[77.9486,31.6144],[78.2084,31.5107],[78.2245,31.2712],[77.9825,31.1354],[77.7237,31.2383],[77.7058,31.4778],[77.9486,31.6144]]]}},{"type":"Feature","properties":{"id":"nh_access:h3:843d159ffffffff","field":"national_highways","kind":"nh_access","source":"osm+worldpop","confidence":0.9,"population":109223.0,"nh_distance_km":16.22,"pipeline_access_gain_km":0.0,"share_within_10km":0.329},"geometry":{"type":"Polygon","coordinates":[[[77.3874,32.3029],[77.6512,32.1994],[77.6695,31.9584],[77.4259,31.8208],[77.1631,31.9234],[77.1429,32.1645],[77.3874,32.3029]]]}},{"type":"Feature","properties":{"id":"nh_access:h3:843d15bffffffff","field":"national_highways","kind":"nh_access","source":"osm+worldpop","confidence":0.9,"population":5462.0,"nh_distance_km":15.88,"pipeline_access_gain_km":0.0,"share_within_10km":0.346},"geometry":{"type":"Polygon","coordinates":[[[77.8967,32.3369],[78.1595,32.2324],[78.1759,31.9913],[77.9314,31.8547],[77.6695,31.9584],[77.6512,32.1994],[77.8967,32.3369]]]}},{"type":"Feature","properties":{"id":"nh_access:h3:843d15dffffffff","field":"national_highways","kind":"nh_access","source":"osm+worldpop","confidence":0.9,"population":402010.0,"nh_distance_km":4.03,"pipeline_access_gain_km":0.0,"share_within_10km":0.902},"geometry":{"type":"Polygon","coordinates":[[[77.1631,31.9234],[77.4259,31.8208],[77.4449,31.5805],[77.2031,31.4429],[76.9413,31.5446],[76.9204,31.7848],[77.1631,31.9234]]]}},{"type":"Feature","properties":{"id":"nh_access:h3:843d161ffffffff","field":"national_highways","kind":"nh_access","source":"osm+worldpop","confidence":0.9,"population":1239523.0,"nh_distance_km":7.17,"pipeline_access_gain_km":0.0,"share_within_10km":0.677},"geometry":{"type":"Polygon","coordinates":[[[76.2905,30.4128],[76.5491,30.3137],[76.5709,30.0768],[76.3358,29.9391],[76.0783,30.0373],[76.0547,30.2742],[76.2905,30.4128]]]}},{"type":"Feature","properties":{"id":"nh_access:h3:843d163ffffffff","field":"national_highways","kind":"nh_access","source":"osm+worldpop","confidence":0.9,"population":1439387.0,"nh_distance_km":2.99,"pipeline_access_gain_km":0.51,"share_within_10km":0.952},"geometry":{"type":"Polygon","coordinates":[[[76.7858,30.4515],[77.0436,30.3514],[77.0636,30.1144],[76.8276,29.9776],[76.5709,30.0768],[76.5491,30.3137],[76.7858,30.4515]]]}},{"type":"Feature","properties":{"id":"nh_access:h3:843d165ffffffff","field":"national_highways","kind":"nh_access","source":"osm+worldpop","confidence":0.9,"population":924578.0,"nh_distance_km":3.26,"pipeline_access_gain_km":0.0,"share_within_10km":0.97},"geometry":{"type":"Polygon","coordinates":[[[76.0783,30.0373],[76.3358,29.9391],[76.3583,29.703],[76.1249,29.5653],[75.8684,29.6627],[75.8442,29.8987],[76.0783,30.0373]]]}},{"type":"Feature","properties":{"id":"nh_access:h3:843d167ffffffff","field":"national_highways","kind":"nh_access","source":"osm+worldpop","confidence":0.9,"population":1147823.0,"nh_distance_km":4.87,"pipeline_access_gain_km":0.01,"share_within_10km":0.868},"geometry":{"type":"Polygon","coordinates":[[[76.5709,30.0768],[76.8276,29.9776],[76.8483,29.7415],[76.614,29.6047],[76.3583,29.703],[76.3358,29.9391],[76.5709,30.0768]]]}},{"type":"Feature","properties":{"id":"nh_access:h3:843d169ffffffff","field":"national_highways","kind":"nh_access","source":"osm+worldpop","confidence":0.9,"population":1224947.0,"nh_distance_km":10.16,"pipeline_access_gain_km":4.04,"share_within_10km":0.478},"geometry":{"type":"Polygon","coordinates":[[[76.0071,30.7495],[76.2676,30.6506],[76.2905,30.4128],[76.0547,30.2742],[75.7953,30.3723],[75.7706,30.6099],[76.0071,30.7495]]]}},{"type":"Feature","properties":{"id":"nh_access:h3:843d16bffffffff","field":"national_highways","kind":"nh_access","source":"osm+worldpop","confidence":0.9,"population":1570031.0,"nh_distance_km":3.07,"pipeline_access_gain_km":0.29,"share_within_10km":0.967},"geometry":{"type":"Polygon","coordinates":[[[76.505,30.7892],[76.7647,30.6893],[76.7858,30.4515],[76.5491,30.3137],[76.2905,30.4128],[76.2676,30.6506],[76.505,30.7892]]]}},{"type":"Feature","properties":{"id":"nh_access:h3:843d16dffffffff","field":"national_highways","kind":"nh_access","source":"osm+worldpop","confidence":0.9,"population":843907.0,"nh_distance_km":3.93,"pipeline_access_gain_km":0.0,"share_within_10km":0.929},"geometry":{"type":"Polygon","coordinates":[[[75.7953,30.3723],[76.0547,30.2742],[76.0783,30.0373],[75.8442,29.8987],[75.5859,29.996],[75.5605,30.2327],[75.7953,30.3723]]]}},{"type":"Feature","properties":{"id":"nh_access:h3:843d185ffffffff","field":"national_highways","kind":"nh_access","source":"osm+worldpop","confidence":0.9,"population":4720.0,"nh_distance_km":4.27,"pipeline_access_gain_km":0.0,"share_within_10km":0.903},"geometry":{"type":"Polygon","coordinates":[[[80.7451,30.6922],[80.9947,30.5846],[81.0004,30.3481],[80.7583,30.2189],[80.5095,30.3254],[80.502,30.5621],[80.7451,30.6922]]]}},{"type":"Feature","properties":{"id":"nh_access:h3:843d1a1ffffffff","field":"national_highways","kind":"nh_access","source":"osm+worldpop","confidence":0.9,"population":1722.0,"nh_distance_km":0.45,"pipeline_access_gain_km":0.0,"share_within_10km":1.0},"geometry":{"type":"Polygon","coordinates":[[[80.7648,29.9831],[81.0117,29.8766],[81.0173,29.6417],[80.7778,29.5132],[80.5316,29.6187],[80.5243,29.8537],[80.7648,29.9831]]]}},{"type":"Feature","properties":{"id":"nh_access:h3:843d1a5ffffffff","field":"national_highways","kind":"nh_access","source":"osm+worldpop","confidence":0.9,"population":1335.0,"nh_distance_km":14.97,"pipeline_access_gain_km":0.0,"share_within_10km":0.239},"geometry":{"type":"Polygon","coordinates":[[[80.5316,29.6187],[80.7778,29.5132],[80.7841,29.2791],[80.5462,29.1505],[80.3008,29.255],[80.2927,29.4892],[80.5316,29.6187]]]}},{"type":"Feature","properties":{"id":"nh_access:h3:843d1a9ffffffff","field":"national_highways","kind":"nh_access","source":"osm+worldpop","confidence":0.9,"population":47420.0,"nh_distance_km":8.17,"pipeline_access_gain_km":0.0,"share_within_10km":0.608},"geometry":{"type":"Polygon","coordinates":[[[80.5095,30.3254],[80.7583,30.2189],[80.7648,29.9831],[80.5243,29.8537],[80.2763,29.9593],[80.268,30.1952],[80.5095,30.3254]]]}},{"type":"Feature","properties":{"id":"nh_access:h3:843d1abffffffff","field":"national_highways","kind":"nh_access","source":"osm+worldpop","confidence":0.9,"population":5446.0,"nh_distance_km":2.3,"pipeline_access_gain_km":0.0,"share_within_10km":1.0},"geometry":{"type":"Polygon","coordinates":[[[81.0004,30.3481],[81.2481,30.2406],[81.2529,30.005],[81.0117,29.8766],[80.7648,29.9831],[80.7583,30.2189],[81.0004,30.3481]]]}},{"type":"Feature","properties":{"id":"nh_access:h3:843d1adffffffff","field":"national_highways","kind":"nh_access","source":"osm+worldpop","confidence":0.9,"population":303450.0,"nh_distance_km":3.55,"pipeline_access_gain_km":0.0,"share_within_10km":0.966},"geometry":{"type":"Polygon","coordinates":[[[80.2763,29.9593],[80.5243,29.8537],[80.5316,29.6187],[80.2927,29.4892],[80.0455,29.5939],[80.0364,29.829],[80.2763,29.9593]]]}},{"type":"Feature","properties":{"id":"nh_access:h3:843d1c5ffffffff","field":"national_highways","kind":"nh_access","source":"osm+worldpop","confidence":0.9,"population":412.0,"nh_distance_km":26.82,"pipeline_access_gain_km":0.0,"share_within_10km":0.038},"geometry":{"type":"Polygon","coordinates":[[[79.7258,31.3582],[79.9805,31.2515],[79.99,31.013],[79.7466,30.8811],[79.4927,30.9868],[79.4814,31.2254],[79.7258,31.3582]]]}},{"type":"Feature","properties":{"id":"nh_access:h3:843d1e1ffffffff","field":"national_highways","kind":"nh_access","source":"osm+worldpop","confidence":0.9,"population":30269.0,"nh_distance_km":11.29,"pipeline_access_gain_km":0.0,"share_within_10km":0.482},"geometry":{"type":"Polygon","coordinates":[[[79.7569,30.6434],[80.0087,30.5377],[80.018,30.3009],[79.7772,30.1697],[79.5262,30.2745],[79.5151,30.5114],[79.7569,30.6434]]]}},{"type":"Feature","properties":{"id":"nh_access:h3:843d1e3ffffffff","field":"national_highways","kind":"nh_access","source":"osm+worldpop","confidence":0.9,"population":12758.0,"nh_distance_km":24.6,"pipeline_access_gain_km":0.0,"share_within_10km":0.0},"geometry":{"type":"Polygon","coordinates":[[[80.2512,30.6687],[80.502,30.5621],[80.5095,30.3254],[80.268,30.1952],[80.018,30.3009],[80.0087,30.5377],[80.2512,30.6687]]]}},{"type":"Feature","properties":{"id":"nh_access:h3:843d1e5ffffffff","field":"national_highways","kind":"nh_access","source":"osm+worldpop","confidence":0.9,"population":225764.0,"nh_distance_km":4.64,"pipeline_access_gain_km":0.0,"share_within_10km":0.875},"geometry":{"type":"Polygon","coordinates":[[[79.5262,30.2745],[79.7772,30.1697],[79.7873,29.9337],[79.5481,29.8024],[79.2979,29.9063],[79.2861,30.1423],[79.5262,30.2745]]]}},{"type":"Feature","properties":{"id":"nh_access:h3:843d1e7ffffffff","field":"national_highways","kind":"nh_access","source":"osm+worldpop","confidence":0.9,"population":123316.0,"nh_distance_km":7.35,"pipeline_access_gain_km":0.0,"share_within_10km":0.744},"geometry":{"type":"Polygon","coordinates":[[[80.018,30.3009],[80.268,30.1952],[80.2763,29.9593],[80.0364,29.829],[79.7873,29.9337],[79.7772,30.1697],[80.018,30.3009]]]}},{"type":"Feature","properties":{"id":"nh_access:h3:843d1e9ffffffff","field":"national_highways","kind":"nh_access","source":"osm+worldpop","confidence":0.9,"population":27373.0,"nh_distance_km":5.16,"pipeline_access_gain_km":0.0,"share_within_10km":0.783},"geometry":{"type":"Polygon","coordinates":[[[79.4927,30.9868],[79.7466,30.8811],[79.7569,30.6434],[79.5151,30.5114],[79.2622,30.6162],[79.2501,30.854],[79.4927,30.9868]]]}},{"type":"Feature","properties":{"id":"nh_access:h3:843d1ebffffffff","field":"national_highways","kind":"nh_access","source":"osm+worldpop","confidence":0.9,"population":9072.0,"nh_distance_km":12.55,"pipeline_access_gain_km":0.0,"share_within_10km":0.453},"geometry":{"type":"Polygon","coordinates":[[[79.99,31.013],[80.2427,30.9063],[80.2512,30.6687],[80.0087,30.5377],[79.7569,30.6434],[79.7466,30.8811],[79.99,31.013]]]}},{"type":"Feature","properties":{"id":"nh_access:h3:843d1edffffffff","field":"national_highways","kind":"nh_access","source":"osm+worldpop","confidence":0.9,"population":291246.0,"nh_distance_km":2.97,"pipeline_access_gain_km":0.0,"share_within_10km":0.95},"geometry":{"type":"Polygon","coordinates":[[[79.2622,30.6162],[79.5151,30.5114],[79.5262,30.2745],[79.2861,30.1423],[79.034,30.2462],[79.0212,30.4832],[79.2622,30.6162]]]}},{"type":"Feature","properties":{"id":"nh_access:h3:843d207ffffffff","field":"national_highways","kind":"nh_access","source":"osm+worldpop","confidence":0.9,"population":173.0,"nh_distance_km":109.8,"pipeline_access_gain_km":0.0,"share_within_10km":0.0},"geometry":{"type":"Polygon","coordinates":[[[77.3797,35.6253],[77.6575,35.5181],[77.6768,35.2707],[77.4203,35.1305],[77.1437,35.2367],[77.1223,35.4841],[77.3797,35.6253]]]}},{"type":"Feature","properties":{"id":"nh_access:h3:843d221ffffffff","field":"national_highways","kind":"nh_access","source":"osm+worldpop","confidence":0.9,"population":3707.0,"nh_distance_km":25.81,"pipeline_access_gain_km":0.0,"share_within_10km":0.125},"geometry":{"type":"Polygon","coordinates":[[[76.9104,34.8485],[77.1859,34.7432],[77.2067,34.4971],[76.9541,34.3563],[76.6798,34.4608],[76.6569,34.7068],[76.9104,34.8485]]]}},{"type":"Feature","properties":{"id":"nh_access:h3:843d223ffffffff","field":"national_highways","kind":"nh_access","source":"osm+worldpop","confidence":0.9,"population":10085.0,"nh_distance_km":50.22,"pipeline_access_gain_km":0.0,"share_within_10km":0.0},"geometry":{"type":"Polygon","coordinates":[[[77.4404,34.8837],[77.7149,34.7772],[77.7337,34.5311],[77.4801,34.3915],[77.2067,34.4971],[77.1859,34.7432],[77.4404,34.8837]]]}},{"type":"Feature","properties":{"id":"nh_access:h3:843d225ffffffff","field":"national_highways","kind":"nh_access","source":"osm+worldpop","confidence":0.9,"population":8269.0,"nh_distance_km":7.7,"pipeline_access_gain_km":0.0,"share_within_10km":0.663},"geometry":{"type":"Polygon","coordinates":[[[76.6798,34.4608],[76.9541,34.3563],[76.9757,34.1109],[76.725,33.9699],[76.4519,34.0735],[76.4282,34.3189],[76.6798,34.4608]]]}},{"type":"Feature","properties":{"id":"nh_access:h3:843d227ffffffff","field":"national_highways","kind":"nh_access","source":"osm+worldpop","confidence":0.9,"population":19160.0,"nh_distance_km":4.25,"pipeline_access_gain_km":0.0,"share_within_10km":0.871},"geometry":{"type":"Polygon","coordinates":[[[77.2067,34.4971],[77.4801,34.3915],[77.4997,34.146],[77.2479,34.0062],[76.9757,34.1109],[76.9541,34.3563],[77.2067,34.4971]]]}},{"type":"Feature","properties":{"id":"nh_access:h3:843d229ffffffff","field":"national_highways","kind":"nh_access","source":"osm+worldpop","confidence":0.9,"population":1008.0,"nh_distance_km":57.38,"pipeline_access_gain_km":0.0,"share_within_10km":0.0},"geometry":{"type":"Polygon","coordinates":[[[76.6106,35.2003],[76.8882,35.0952],[76.9104,34.8485],[76.6569,34.7068],[76.3804,34.811],[76.3562,35.0577],[76.6106,35.2003]]]}},{"type":"Feature","properties":{"id":"nh_access:h3:843d22bffffffff","field":"national_highways","kind":"nh_access","source":"osm+worldpop","confidence":0.9,"population":2605.0,"nh_distance_km":71.39,"pipeline_access_gain_km":0.0,"share_within_10km":0.0},"geometry":{"type":"Polygon","coordinates":[[[77.1437,35.2367],[77.4203,35.1305],[77.4404,34.8837],[77.1859,34.7432],[76.9104,34.8485],[76.8882,35.0952],[77.1437,35.2367]]]}},{"type":"Feature","properties":{"id":"nh_access:h3:843d22dffffffff","field":"national_highways","kind":"nh_access","source":"osm+worldpop","confidence":0.9,"population":26776.0,"nh_distance_km":8.18,"pipeline_access_gain_km":0.0,"share_within_10km":0.699},"geometry":{"type":"Polygon","coordinates":[[[76.3804,34.811],[76.6569,34.7068],[76.6798,34.4608],[76.4282,34.3189],[76.1529,34.4222],[76.128,34.6682],[76.3804,34.811]]]}},{"type":"Feature","properties":{"id":"nh_access:h3:843d231ffffffff","field":"national_highways","kind":"nh_access","source":"osm+worldpop","confidence":0.9,"population":261.0,"nh_distance_km":109.84,"pipeline_access_gain_km":0.0,"share_within_10km":0.0},"geometry":{"type":"Polygon","coordinates":[[[78.2099,35.3024],[78.4844,35.1938],[78.5003,34.9471],[78.2438,34.8089],[77.9704,34.9166],[77.9524,35.1633],[78.2099,35.3024]]]}},{"type":"Feature","properties":{"id":"nh_access:h3:843d235ffffffff","field":"national_highways","kind":"nh_access","source":"osm+worldpop","confidence":0.9,"population":961.0,"nh_distance_km":64.02,"pipeline_access_gain_km":0.0,"share_within_10km":0.0},"geometry":{"type":"Polygon","coordinates":[[[77.9704,34.9166],[78.2438,34.8089],[78.2606,34.5628],[78.006,34.4243],[77.7337,34.5311],[77.7149,34.7772],[77.9704,34.9166]]]}},{"type":"Feature","properties":{"id":"nh_access:h3:843d237ffffffff","field":"national_highways","kind":"nh_access","source":"osm+worldpop","confidence":0.9,"population":316.0,"nh_distance_km":91.24,"pipeline_access_gain_km":0.0,"share_within_10km":0.0},"geometry":{"type":"Polygon","coordinates":[[[78.5003,34.9471],[78.7726,34.8383],[78.7873,34.5922],[78.5318,34.4549],[78.2606,34.5628],[78.2438,34.8089],[78.5003,34.9471]]]}},{"type":"Feature","properties":{"id":"nh_access:h3:843d239ffffffff","field":"national_highways","kind":"nh_access","source":"osm+worldpop","confidence":0.9,"population":560.0,"nh_distance_km":132.15,"pipeline_access_gain_km":0.0,"share_within_10km":0.0},"geometry":{"type":"Polygon","coordinates":[[[77.916,35.6581],[78.1927,35.5498],[78.2099,35.3024],[77.9524,35.1633],[77.6768,35.2707],[77.6575,35.5181],[77.916,35.6581]]]}},{"type":"Feature","properties":{"id":"nh_access:h3:843d23dffffffff","field":"national_highways","kind":"nh_access","source":"osm+worldpop","confidence":0.9,"population":1707.0,"nh_distance_km":85.94,"pipeline_access_gain_km":0.0,"share_within_10km":0.0},"geometry":{"type":"Polygon","coordinates":[[[77.6768,35.2707],[77.9524,35.1633],[77.9704,34.9166],[77.7149,34.7772],[77.4404,34.8837],[77.4203,35.1305],[77.6768,35.2707]]]}},{"type":"Feature","properties":{"id":"nh_access:h3:843d301ffffffff","field":"national_highways","kind":"nh_access","source":"osm+worldpop","confidence":0.9,"population":571330.0,"nh_distance_km":9.35,"pipeline_access_gain_km":0.0,"share_within_10km":0.617},"geometry":{"type":"Polygon","coordinates":[[[75.4863,33.2591],[75.758,33.1584],[75.7838,32.9152],[75.5397,32.7729],[75.2692,32.8727],[75.2415,33.1158],[75.4863,33.2591]]]}},{"type":"Feature","properties":{"id":"nh_access:h3:843d303ffffffff","field":"national_highways","kind":"nh_access","source":"osm+worldpop","confidence":0.9,"population":202698.0,"nh_distance_km":20.7,"pipeline_access_gain_km":0.0,"share_within_10km":0.176},"geometry":{"type":"Polygon","coordinates":[[[76.0039,33.3007],[76.2747,33.1989],[76.2985,32.9556],[76.0534,32.8143],[75.7838,32.9152],[75.758,33.1584],[76.0039,33.3007]]]}},{"type":"Feature","properties":{"id":"nh_access:h3:843d305ffffffff","field":"national_highways","kind":"nh_access","source":"osm+worldpop","confidence":0.9,"population":605126.0,"nh_distance_km":12.19,"pipeline_access_gain_km":0.11,"share_within_10km":0.443},"geometry":{"type":"Polygon","coordinates":[[[75.2692,32.8727],[75.5397,32.7729],[75.5661,32.5305],[75.324,32.3881],[75.0546,32.4871],[75.0263,32.7293],[75.2692,32.8727]]]}},{"type":"Feature","properties":{"id":"nh_access:h3:843d307ffffffff","field":"national_highways","kind":"nh_access","source":"osm+worldpop","confidence":0.9,"population":356719.0,"nh_distance_km":16.64,"pipeline_access_gain_km":0.0,"share_within_10km":0.339},"geometry":{"type":"Polygon","coordinates":[[[75.7838,32.9152],[76.0534,32.8143],[76.0779,32.5718],[75.8347,32.4304],[75.5661,32.5305],[75.5397,32.7729],[75.7838,32.9152]]]}},{"type":"Feature","properties":{"id":"nh_access:h3:843d309ffffffff","field":"national_highways","kind":"nh_access","source":"osm+worldpop","confidence":0.9,"population":577781.0,"nh_distance_km":6.37,"pipeline_access_gain_km":0.0,"share_within_10km":0.752},"geometry":{"type":"Polygon","coordinates":[[[75.1855,33.6033],[75.4593,33.5029],[75.4863,33.2591],[75.2415,33.1158],[74.969,33.2153],[74.94,33.4591],[75.1855,33.6033]]]}},{"type":"Feature","properties":{"id":"nh_access:h3:843d30bffffffff","field":"national_highways","kind":"nh_access","source":"osm+worldpop","confidence":0.9,"population":131441.0,"nh_distance_km":6.56,"pipeline_access_gain_km":0.0,"share_within_10km":0.735},"geometry":{"type":"Polygon","coordinates":[[[75.7059,33.6462],[75.9788,33.5446],[76.0039,33.3007],[75.758,33.1584],[75.4863,33.2591],[75.4593,33.5029],[75.7059,33.6462]]]}},{"type":"Feature","properties":{"id":"nh_access:h3:843d30dffffffff","field":"national_highways","kind":"nh_access","source":"osm+worldpop","confidence":0.9,"population":729721.0,"nh_distance_km":3.73,"pipeline_access_gain_km":0.03,"share_within_10km":0.933},"geometry":{"type":"Polygon","coordinates":[[[74.969,33.2153],[75.2415,33.1158],[75.2692,32.8727],[75.0263,32.7293],[74.755,32.8281],[74.7254,33.071],[74.969,33.2153]]]}},{"type":"Feature","properties":{"id":"nh_access:h3:843d311ffffffff","field":"national_highways","kind":"nh_access","source":"osm+worldpop","confidence":0.9,"population":7138.0,"nh_distance_km":6.64,"pipeline_access_gain_km":0.0,"share_within_10km":0.75},"geometry":{"type":"Polygon","coordinates":[[[76.7474,33.7252],[77.0185,33.6214],[77.0396,33.3774],[76.7916,33.2372],[76.5217,33.3401],[76.4986,33.5841],[76.7474,33.7252]]]}},{"type":"Feature","properties":{"id":"nh_access:h3:843d313ffffffff","field":"national_highways","kind":"nh_access","source":"osm+worldpop","confidence":0.9,"population":1510.0,"nh_distance_km":20.44,"pipeline_access_gain_km":0.0,"share_within_10km":0.156},"geometry":{"type":"Polygon","coordinates":[[[77.2683,33.7614],[77.5384,33.6565],[77.5576,33.4124],[77.3086,33.2733],[77.0396,33.3774],[77.0185,33.6214],[77.2683,33.7614]]]}},{"type":"Feature","properties":{"id":"nh_access:h3:843d315ffffffff","field":"national_highways","kind":"nh_access","source":"osm+worldpop","confidence":0.9,"population":22106.0,"nh_distance_km":50.06,"pipeline_access_gain_km":0.0,"share_within_10km":0.0},"geometry":{"type":"Polygon","coordinates":[[[76.5217,33.3401],[76.7916,33.2372],[76.8135,32.9939],[76.5674,32.8536],[76.2985,32.9556],[76.2747,33.1989],[76.5217,33.3401]]]}},{"type":"Feature","properties":{"id":"nh_access:h3:843d317ffffffff","field":"national_highways","kind":"nh_access","source":"osm+worldpop","confidence":0.9,"population":3023.0,"nh_distance_km":30.19,"pipeline_access_gain_km":0.0,"share_within_10km":0.0},"geometry":{"type":"Polygon","coordinates":[[[77.0396,33.3774],[77.3086,33.2733],[77.3285,33.03],[77.0814,32.8907],[76.8135,32.9939],[76.7916,33.2372],[77.0396,33.3774]]]}},{"type":"Feature","properties":{"id":"nh_access:h3:843d319ffffffff","field":"national_highways","kind":"nh_access","source":"osm+worldpop","confidence":0.9,"population":6431.0,"nh_distance_km":6.71,"pipeline_access_gain_km":0.0,"share_within_10km":0.732},"geometry":{"type":"Polygon","coordinates":[[[76.4519,34.0735],[76.725,33.9699],[76.7474,33.7252],[76.4986,33.5841],[76.2266,33.6868],[76.2022,33.9315],[76.4519,34.0735]]]}},{"type":"Feature","properties":{"id":"nh_access:h3:843d31bffffffff","field":"national_highways","kind":"nh_access","source":"osm+worldpop","confidence":0.9,"population":2981.0,"nh_distance_km":21.42,"pipeline_access_gain_km":0.0,"share_within_10km":0.109},"geometry":{"type":"Polygon","coordinates":[[[76.9757,34.1109],[77.2479,34.0062],[77.2683,33.7614],[77.0185,33.6214],[76.7474,33.7252],[76.725,33.9699],[76.9757,34.1109]]]}},{"type":"Feature","properties":{"id":"nh_access:h3:843d31dffffffff","field":"national_highways","kind":"nh_access","source":"osm+worldpop","confidence":0.9,"population":30459.0,"nh_distance_km":33.07,"pipeline_access_gain_km":0.0,"share_within_10km":0.0},"geometry":{"type":"Polygon","coordinates":[[[76.2266,33.6868],[76.4986,33.5841],[76.5217,33.3401],[76.2747,33.1989],[76.0039,33.3007],[75.9788,33.5446],[76.2266,33.6868]]]}},{"type":"Feature","properties":{"id":"nh_access:h3:843d321ffffffff","field":"national_highways","kind":"nh_access","source":"osm+worldpop","confidence":0.9,"population":1313516.0,"nh_distance_km":4.49,"pipeline_access_gain_km":1.24,"share_within_10km":0.879},"geometry":{"type":"Polygon","coordinates":[[[75.351,32.1465],[75.6184,32.0472],[75.6442,31.8063],[75.4046,31.6649],[75.1383,31.7633],[75.1106,32.004],[75.351,32.1465]]]}},{"type":"Feature","properties":{"id":"nh_access:h3:843d323ffffffff","field":"national_highways","kind":"nh_access","source":"osm+worldpop","confidence":0.9,"population":614056.0,"nh_distance_km":12.73,"pipeline_access_gain_km":0.0,"share_within_10km":0.347},"geometry":{"type":"Polygon","coordinates":[[[75.8598,32.1887],[76.1264,32.0884],[76.1504,31.8474],[75.9096,31.7069],[75.6442,31.8063],[75.6184,32.0472],[75.8598,32.1887]]]}},{"type":"Feature","properties":{"id":"nh_access:h3:843d325ffffffff","field":"national_highways","kind":"nh_access","source":"osm+worldpop","confidence":0.9,"population":1707946.0,"nh_distance_km":2.4,"pipeline_access_gain_km":0.27,"share_within_10km":0.999},"geometry":{"type":"Polygon","coordinates":[[[75.1383,31.7633],[75.4046,31.6649],[75.431,31.4248],[75.1931,31.2833],[74.9281,31.3809],[74.8998,31.6208],[75.1383,31.7633]]]}},{"type":"Feature","properties":{"id":"nh_access:h3:843d327ffffffff","field":"national_highways","kind":"nh_access","source":"osm+worldpop","confidence":0.9,"population":1266477.0,"nh_distance_km":3.08,"pipeline_access_gain_km":0.49,"share_within_10km":0.953},"geometry":{"type":"Polygon","coordinates":[[[75.6442,31.8063],[75.9096,31.7069],[75.9343,31.4667],[75.6953,31.3262],[75.431,31.4248],[75.4046,31.6649],[75.6442,31.8063]]]}},{"type":"Feature","properties":{"id":"nh_access:h3:843d329ffffffff","field":"national_highways","kind":"nh_access","source":"osm+worldpop","confidence":0.9,"population":110857.0,"nh_distance_km":7.7,"pipeline_access_gain_km":0.06,"share_within_10km":0.649},"geometry":{"type":"Polygon","coordinates":[[[75.0546,32.4871],[75.324,32.3881],[75.351,32.1465],[75.1106,32.004],[74.8425,32.1022],[74.8135,32.3437],[75.0546,32.4871]]]}},{"type":"Feature","properties":{"id":"nh_access:h3:843d32bffffffff","field":"national_highways","kind":"nh_access","source":"osm+worldpop","confidence":0.9,"population":1179107.0,"nh_distance_km":3.77,"pipeline_access_gain_km":0.52,"share_within_10km":0.912},"geometry":{"type":"Polygon","coordinates":[[[75.5661,32.5305],[75.8347,32.4304],[75.8598,32.1887],[75.6184,32.0472],[75.351,32.1465],[75.324,32.3881],[75.5661,32.5305]]]}},{"type":"Feature","properties":{"id":"nh_access:h3:843d32dffffffff","field":"national_highways","kind":"nh_access","source":"osm+worldpop","confidence":0.9,"population":1276153.0,"nh_distance_km":4.3,"pipeline_access_gain_km":0.31,"share_within_10km":0.906},"geometry":{"type":"Polygon","coordinates":[[[74.8425,32.1022],[75.1106,32.004],[75.1383,31.7633],[74.8998,31.6208],[74.6328,31.7182],[74.6032,31.9588],[74.8425,32.1022]]]}},{"type":"Feature","properties":{"id":"nh_access:h3:843d331ffffffff","field":"national_highways","kind":"nh_access","source":"osm+worldpop","confidence":0.9,"population":57352.0,"nh_distance_km":9.74,"pipeline_access_gain_km":0.0,"share_within_10km":0.562},"geometry":{"type":"Polygon","coordinates":[[[76.5899,32.611],[76.8567,32.5087],[76.8781,32.2669],[76.6346,32.1274],[76.3689,32.2288],[76.3456,32.4706],[76.5899,32.611]]]}},{"type":"Feature","properties":{"id":"nh_access:h3:843d333ffffffff","field":"national_highways","kind":"nh_access","source":"osm+worldpop","confidence":0.9,"population":45460.0,"nh_distance_km":3.04,"pipeline_access_gain_km":0.0,"share_within_10km":0.948},"geometry":{"type":"Polygon","coordinates":[[[77.1021,32.6481],[77.3679,32.5448],[77.3874,32.3029],[77.1429,32.1645],[76.8781,32.2669],[76.8567,32.5087],[77.1021,32.6481]]]}},{"type":"Feature","properties":{"id":"nh_access:h3:843d335ffffffff","field":"national_highways","kind":"nh_access","source":"osm+worldpop","confidence":0.9,"population":826900.0,"nh_distance_km":4.13,"pipeline_access_gain_km":0.0,"share_within_10km":0.88},"geometry":{"type":"Polygon","coordinates":[[[76.3689,32.2288],[76.6346,32.1274],[76.6567,31.8864],[76.415,31.7469],[76.1504,31.8474],[76.1264,32.0884],[76.3689,32.2288]]]}},{"type":"Feature","properties":{"id":"nh_access:h3:843d337ffffffff","field":"national_highways","kind":"nh_access","source":"osm+worldpop","confidence":0.9,"population":378503.0,"nh_distance_km":4.41,"pipeline_access_gain_km":0.0,"share_within_10km":0.908},"geometry":{"type":"Polygon","coordinates":[[[76.8781,32.2669],[77.1429,32.1645],[77.1631,31.9234],[76.9204,31.7848],[76.6567,31.8864],[76.6346,32.1274],[76.8781,32.2669]]]}},{"type":"Feature","properties":{"id":"nh_access:h3:843d339ffffffff","field":"national_highways","kind":"nh_access","source":"osm+worldpop","confidence":0.9,"population":167467.0,"nh_distance_km":13.22,"pipeline_access_gain_km":0.0,"share_within_10km":0.449},"geometry":{"type":"Polygon","coordinates":[[[76.2985,32.9556],[76.5674,32.8536],[76.5899,32.611],[76.3456,32.4706],[76.0779,32.5718],[76.0534,32.8143],[76.2985,32.9556]]]}},{"type":"Feature","properties":{"id":"nh_access:h3:843d33bffffffff","field":"national_highways","kind":"nh_access","source":"osm+worldpop","confidence":0.9,"population":8184.0,"nh_distance_km":26.41,"pipeline_access_gain_km":0.0,"share_within_10km":0.097},"geometry":{"type":"Polygon","coordinates":[[[76.8135,32.9939],[77.0814,32.8907],[77.1021,32.6481],[76.8567,32.5087],[76.5899,32.611],[76.5674,32.8536],[76.8135,32.9939]]]}},{"type":"Feature","properties":{"id":"nh_access:h3:843d33dffffffff","field":"national_highways","kind":"nh_access","source":"osm+worldpop","confidence":0.9,"population":474270.0,"nh_distance_km":4.62,"pipeline_access_gain_km":0.0,"share_within_10km":0.879},"geometry":{"type":"Polygon","coordinates":[[[76.0779,32.5718],[76.3456,32.4706],[76.3689,32.2288],[76.1264,32.0884],[75.8598,32.1887],[75.8347,32.4304],[76.0779,32.5718]]]}},{"type":"Feature","properties":{"id":"nh_access:h3:843d341ffffffff","field":"national_highways","kind":"nh_access","source":"osm+worldpop","confidence":0.9,"population":575547.0,"nh_distance_km":10.25,"pipeline_access_gain_km":0.0,"share_within_10km":0.585},"geometry":{"type":"Polygon","coordinates":[[[74.3586,33.9016],[74.6352,33.8027],[74.6655,33.5583],[74.4212,33.413],[74.1459,33.5111],[74.1137,33.7553],[74.3586,33.9016]]]}},{"type":"Feature","properties":{"id":"nh_access:h3:843d343ffffffff","field":"national_highways","kind":"nh_access","source":"osm+worldpop","confidence":0.9,"population":1524789.0,"nh_distance_km":4.28,"pipeline_access_gain_km":0.0,"share_within_10km":0.901},"geometry":{"type":"Polygon","coordinates":[[[74.8814,33.9479],[75.1572,33.8478],[75.1855,33.6033],[74.94,33.4591],[74.6655,33.5583],[74.6352,33.8027],[74.8814,33.9479]]]}},{"type":"Feature","properties":{"id":"nh_access:h3:843d345ffffffff","field":"national_highways","kind":"nh_access","source":"osm+worldpop","confidence":0.9,"population":318502.0,"nh_distance_km":5.1,"pipeline_access_gain_km":0.0,"share_within_10km":0.887},"geometry":{"type":"Polygon","coordinates":[[[74.1459,33.5111],[74.4212,33.413],[74.4521,33.1694],[74.2097,33.0241],[73.9357,33.1214],[73.9028,33.3648],[74.1459,33.5111]]]}},{"type":"Feature","properties":{"id":"nh_access:h3:843d347ffffffff","field":"national_highways","kind":"nh_access","source":"osm+worldpop","confidence":0.9,"population":379897.0,"nh_distance_km":19.98,"pipeline_access_gain_km":0.0,"share_within_10km":0.108},"geometry":{"type":"Polygon","coordinates":[[[74.6655,33.5583],[74.94,33.4591],[74.969,33.2153],[74.7254,33.071],[74.4521,33.1694],[74.4212,33.413],[74.6655,33.5583]]]}},{"type":"Feature","properties":{"id":"nh_access:h3:843d349ffffffff","field":"national_highways","kind":"nh_access","source":"osm+worldpop","confidence":0.9,"population":356297.0,"nh_distance_km":5.42,"pipeline_access_gain_km":0.0,"share_within_10km":0.802},"geometry":{"type":"Polygon","coordinates":[[[74.0484,34.245],[74.327,34.1465],[74.3586,33.9016],[74.1137,33.7553],[73.8364,33.853],[73.8028,34.0978],[74.0484,34.245]]]}},{"type":"Feature","properties":{"id":"nh_access:h3:843d34bffffffff","field":"national_highways","kind":"nh_access","source":"osm+worldpop","confidence":0.9,"population":1966418.0,"nh_distance_km":4.52,"pipeline_access_gain_km":0.0,"share_within_10km":0.844},"geometry":{"type":"Polygon","coordinates":[[[74.5739,34.2927],[74.8518,34.193],[74.8814,33.9479],[74.6352,33.8027],[74.3586,33.9016],[74.327,34.1465],[74.5739,34.2927]]]}},{"type":"Feature","properties":{"id":"nh_access:h3:843d34dffffffff","field":"national_highways","kind":"nh_access","source":"osm+worldpop","confidence":0.9,"population":121045.0,"nh_distance_km":9.08,"pipeline_access_gain_km":0.0,"share_within_10km":0.526},"geometry":{"type":"Polygon","coordinates":[[[73.8364,33.853],[74.1137,33.7553],[74.1459,33.5111],[73.9028,33.3648],[73.6268,33.4617],[73.5926,33.7058],[73.8364,33.853]]]}},{"type":"Feature","properties":{"id":"nh_access:h3:843d351ffffffff","field":"national_highways","kind":"nh_access","source":"osm+worldpop","confidence":0.9,"population":48253.0,"nh_distance_km":8.02,"pipeline_access_gain_km":0.05,"share_within_10km":0.718},"geometry":{"type":"Polygon","coordinates":[[[75.6263,34.3813],[75.9025,34.2792],[75.9281,34.0339],[75.6796,33.8907],[75.4046,33.992],[75.377,34.2372],[75.6263,34.3813]]]}},{"type":"Feature","properties":{"id":"nh_access:h3:843d353ffffffff","field":"national_highways","kind":"nh_access","source":"osm+worldpop","confidence":0.9,"population":35849.0,"nh_distance_km":5.85,"pipeline_access_gain_km":0.0,"share_within_10km":0.739},"geometry":{"type":"Polygon","coordinates":[[[76.1529,34.4222],[76.4282,34.3189],[76.4519,34.0735],[76.2022,33.9315],[75.9281,34.0339],[75.9025,34.2792],[76.1529,34.4222]]]}},{"type":"Feature","properties":{"id":"nh_access:h3:843d355ffffffff","field":"national_highways","kind":"nh_access","source":"osm+worldpop","confidence":0.9,"population":718131.0,"nh_distance_km":3.49,"pipeline_access_gain_km":0.0,"share_within_10km":0.939},"geometry":{"type":"Polygon","coordinates":[[[75.4046,33.992],[75.6796,33.8907],[75.7059,33.6462],[75.4593,33.5029],[75.1855,33.6033],[75.1572,33.8478],[75.4046,33.992]]]}},{"type":"Feature","properties":{"id":"nh_access:h3:843d357ffffffff","field":"national_highways","kind":"nh_access","source":"osm+worldpop","confidence":0.9,"population":18012.0,"nh_distance_km":25.43,"pipeline_access_gain_km":0.0,"share_within_10km":0.024},"geometry":{"type":"Polygon","coordinates":[[[75.9281,34.0339],[76.2022,33.9315],[76.2266,33.6868],[75.9788,33.5446],[75.7059,33.6462],[75.6796,33.8907],[75.9281,34.0339]]]}},{"type":"Feature","properties":{"id":"nh_access:h3:843d359ffffffff","field":"national_highways","kind":"nh_access","source":"osm+worldpop","confidence":0.9,"population":53016.0,"nh_distance_km":6.66,"pipeline_access_gain_km":0.02,"share_within_10km":0.749},"geometry":{"type":"Polygon","coordinates":[[[75.321,34.729],[75.5993,34.6272],[75.6263,34.3813],[75.377,34.2372],[75.0999,34.3381],[75.071,34.584],[75.321,34.729]]]}},{"type":"Feature","properties":{"id":"nh_access:h3:843d35bffffffff","field":"national_highways","kind":"nh_access","source":"osm+worldpop","confidence":0.9,"population":54344.0,"nh_distance_km":2.39,"pipeline_access_gain_km":0.0,"share_within_10km":0.987},"geometry":{"type":"Polygon","coordinates":[[[75.8506,34.7711],[76.128,34.6682],[76.1529,34.4222],[75.9025,34.2792],[75.6263,34.3813],[75.5993,34.6272],[75.8506,34.7711]]]}},{"type":"Feature","properties":{"id":"nh_access:h3:843d35dffffffff","field":"national_highways","kind":"nh_access","source":"osm+worldpop","confidence":0.9,"population":1435270.0,"nh_distance_km":6.87,"pipeline_access_gain_km":0.0,"share_within_10km":0.768},"geometry":{"type":"Polygon","coordinates":[[[75.0999,34.3381],[75.377,34.2372],[75.4046,33.992],[75.1572,33.8478],[74.8814,33.9479],[74.8518,34.193],[75.0999,34.3381]]]}},{"type":"Feature","properties":{"id":"nh_access:h3:843d363ffffffff","field":"national_highways","kind":"nh_access","source":"osm+worldpop","confidence":0.9,"population":1436566.0,"nh_distance_km":3.1,"pipeline_access_gain_km":0.0,"share_within_10km":0.914},"geometry":{"type":"Polygon","coordinates":[[[74.755,32.8281],[75.0263,32.7293],[75.0546,32.4871],[74.8135,32.3437],[74.5435,32.4416],[74.5132,32.6837],[74.755,32.8281]]]}},{"type":"Feature","properties":{"id":"nh_access:h3:843d36bffffffff","field":"national_highways","kind":"nh_access","source":"osm+worldpop","confidence":0.9,"population":346649.0,"nh_distance_km":8.79,"pipeline_access_gain_km":0.0,"share_within_10km":0.586},"geometry":{"type":"Polygon","coordinates":[[[74.4521,33.1694],[74.7254,33.071],[74.755,32.8281],[74.5132,32.6837],[74.2412,32.7813],[74.2097,33.0241],[74.4521,33.1694]]]}},{"type":"Feature","properties":{"id":"nh_access:h3:843d801ffffffff","field":"national_highways","kind":"nh_access","source":"osm+worldpop","confidence":0.9,"population":313618.0,"nh_distance_km":14.26,"pipeline_access_gain_km":0.0,"share_within_10km":0.361},"geometry":{"type":"Polygon","coordinates":[[[77.8633,25.987],[78.1022,25.8914],[78.1173,25.6665],[77.8951,25.5372],[77.657,25.632],[77.6403,25.8569],[77.8633,25.987]]]}},{"type":"Feature","properties":{"id":"nh_access:h3:843d803ffffffff","field":"national_highways","kind":"nh_access","source":"osm+worldpop","confidence":0.9,"population":761047.0,"nh_distance_km":7.95,"pipeline_access_gain_km":0.0,"share_within_10km":0.663},"geometry":{"type":"Polygon","coordinates":[[[78.3259,26.0208],[78.564,25.9244],[78.5775,25.6995],[78.3546,25.571],[78.1173,25.6665],[78.1022,25.8914],[78.3259,26.0208]]]}},{"type":"Feature","properties":{"id":"nh_access:h3:843d805ffffffff","field":"national_highways","kind":"nh_access","source":"osm+worldpop","confidence":0.9,"population":400459.0,"nh_distance_km":4.6,"pipeline_access_gain_km":0.0,"share_within_10km":0.883},"geometry":{"type":"Polygon","coordinates":[[[77.657,25.632],[77.8951,25.5372],[77.9108,25.3133],[77.6901,25.1842],[77.4528,25.2781],[77.4355,25.502],[77.657,25.632]]]}},{"type":"Feature","properties":{"id":"nh_access:h3:843d807ffffffff","field":"national_highways","kind":"nh_access","source":"osm+worldpop","confidence":0.9,"population":366924.0,"nh_distance_km":8.08,"pipeline_access_gain_km":0.0,"share_within_10km":0.615},"geometry":{"type":"Polygon","coordinates":[[[78.1173,25.6665],[78.3546,25.571],[78.3688,25.347],[78.1473,25.2186],[77.9108,25.3133],[77.8951,25.5372],[78.1173,25.6665]]]}},{"type":"Feature","properties":{"id":"nh_access:h3:843d809ffffffff","field":"national_highways","kind":"nh_access","source":"osm+worldpop","confidence":0.9,"population":273296.0,"nh_distance_km":10.66,"pipeline_access_gain_km":0.0,"share_within_10km":0.479},"geometry":{"type":"Polygon","coordinates":[[[77.6066,26.3087],[77.8472,26.2129],[77.8633,25.987],[77.6403,25.8569],[77.4006,25.9518],[77.383,26.1777],[77.6066,26.3087]]]}},{"type":"Feature","properties":{"id":"nh_access:h3:843d80bffffffff","field":"national_highways","kind":"nh_access","source":"osm+worldpop","confidence":0.9,"population":1598908.0,"nh_distance_km":3.37,"pipeline_access_gain_km":0.0,"share_within_10km":0.962},"geometry":{"type":"Polygon","coordinates":[[[78.0716,26.3432],[78.3114,26.2467],[78.3259,26.0208],[78.1022,25.8914],[77.8633,25.987],[77.8472,26.2129],[78.0716,26.3432]]]}},{"type":"Feature","properties":{"id":"nh_access:h3:843d80dffffffff","field":"national_highways","kind":"nh_access","source":"osm+worldpop","confidence":0.9,"population":212056.0,"nh_distance_km":23.92,"pipeline_access_gain_km":0.0,"share_within_10km":0.012},"geometry":{"type":"Polygon","coordinates":[[[77.4006,25.9518],[77.6403,25.8569],[77.657,25.632],[77.4355,25.502],[77.1967,25.596],[77.1784,25.8209],[77.4006,25.9518]]]}},{"type":"Feature","properties":{"id":"nh_access:h3:843d811ffffffff","field":"national_highways","kind":"nh_access","source":"osm+worldpop","confidence":0.9,"population":609608.0,"nh_distance_km":8.44,"pipeline_access_gain_km":0.0,"share_within_10km":0.573},"geometry":{"type":"Polygon","coordinates":[[[79.0013,26.4077],[79.2393,26.3097],[79.2507,26.0838],[79.0256,25.9559],[78.7884,26.0531],[78.7755,26.279],[79.0013,26.4077]]]}},{"type":"Feature","properties":{"id":"nh_access:h3:843d813ffffffff","field":"national_highways","kind":"nh_access","source":"osm+worldpop","confidence":0.9,"population":769756.0,"nh_distance_km":5.97,"pipeline_access_gain_km":0.0,"share_within_10km":0.818},"geometry":{"type":"Polygon","coordinates":[[[79.4658,26.4376],[79.7029,26.3389],[79.7127,26.1131],[79.4869,25.9859],[79.2507,26.0838],[79.2393,26.3097],[79.4658,26.4376]]]}},{"type":"Feature","properties":{"id":"nh_access:h3:843d815ffffffff","field":"national_highways","kind":"nh_access","source":"osm+worldpop","confidence":0.9,"population":536467.0,"nh_distance_km":6.21,"pipeline_access_gain_km":0.0,"share_within_10km":0.771},"geometry":{"type":"Polygon","coordinates":[[[78.7884,26.0531],[79.0256,25.9559],[79.0376,25.731],[78.8139,25.6032],[78.5775,25.6995],[78.564,25.9244],[78.7884,26.0531]]]}},{"type":"Feature","properties":{"id":"nh_access:h3:843d817ffffffff","field":"national_highways","kind":"nh_access","source":"osm+worldpop","confidence":0.9,"population":640251.0,"nh_distance_km":6.02,"pipeline_access_gain_km":0.0,"share_within_10km":0.765},"geometry":{"type":"Polygon","coordinates":[[[79.2507,26.0838],[79.4869,25.9859],[79.4974,25.7611],[79.2731,25.6341],[79.0376,25.731],[79.0256,25.9559],[79.2507,26.0838]]]}},{"type":"Feature","properties":{"id":"nh_access:h3:843d819ffffffff","field":"national_highways","kind":"nh_access","source":"osm+worldpop","confidence":0.9,"population":971865.0,"nh_distance_km":4.1,"pipeline_access_gain_km":0.06,"share_within_10km":0.896},"geometry":{"type":"Polygon","coordinates":[[[78.7494,26.7327],[78.9891,26.6346],[79.0013,26.4077],[78.7755,26.279],[78.5366,26.3762],[78.5227,26.6031],[78.7494,26.7327]]]}},{"type":"Feature","properties":{"id":"nh_access:h3:843d81bffffffff","field":"national_highways","kind":"nh_access","source":"osm+worldpop","confidence":0.9,"population":945512.0,"nh_distance_km":5.81,"pipeline_access_gain_km":0.0,"share_within_10km":0.781},"geometry":{"type":"Polygon","coordinates":[[[79.2164,26.7634],[79.4552,26.6645],[79.4658,26.4376],[79.2393,26.3097],[79.0013,26.4077],[78.9891,26.6346],[79.2164,26.7634]]]}},{"type":"Feature","properties":{"id":"nh_access:h3:843d81dffffffff","field":"national_highways","kind":"nh_access","source":"osm+worldpop","confidence":0.9,"population":446022.0,"nh_distance_km":17.18,"pipeline_access_gain_km":0.0,"share_within_10km":0.119},"geometry":{"type":"Polygon","coordinates":[[[78.5366,26.3762],[78.7755,26.279],[78.7884,26.0531],[78.564,25.9244],[78.3259,26.0208],[78.3114,26.2467],[78.5366,26.3762]]]}},{"type":"Feature","properties":{"id":"nh_access:h3:843d821ffffffff","field":"national_highways","kind":"nh_access","source":"osm+worldpop","confidence":0.9,"population":339406.0,"nh_distance_km":23.6,"pipeline_access_gain_km":0.0,"share_within_10km":0.068},"geometry":{"type":"Polygon","coordinates":[[[77.7064,24.9613],[77.942,24.8675],[77.9575,24.6456],[77.7388,24.5176],[77.504,24.6105],[77.4871,24.8324],[77.7064,24.9613]]]}},{"type":"Feature","properties":{"id":"nh_access:h3:843d823ffffffff","field":"national_highways","kind":"nh_access","source":"osm+worldpop","confidence":0.9,"population":367194.0,"nh_distance_km":12.08,"pipeline_access_gain_km":0.0,"share_within_10km":0.423},"geometry":{"type":"Polygon","coordinates":[[[78.1621,24.9957],[78.3969,24.9012],[78.4108,24.6793],[78.1915,24.552],[77.9575,24.6456],[77.942,24.8675],[78.1621,24.9957]]]}},{"type":"Feature","properties":{"id":"nh_access:h3:843d825ffffffff","field":"national_highways","kind":"nh_access","source":"osm+worldpop","confidence":0.9,"population":405009.0,"nh_distance_km":24.88,"pipeline_access_gain_km":0.0,"share_within_10km":0.0},"geometry":{"type":"Polygon","coordinates":[[[77.504,24.6105],[77.7388,24.5176],[77.7548,24.2968],[77.5376,24.1689],[77.3036,24.261],[77.2861,24.4818],[77.504,24.6105]]]}},{"type":"Feature","properties":{"id":"nh_access:h3:843d827ffffffff","field":"national_highways","kind":"nh_access","source":"osm+worldpop","confidence":0.9,"population":483916.0,"nh_distance_km":9.01,"pipeline_access_gain_km":0.0,"share_within_10km":0.599},"geometry":{"type":"Polygon","coordinates":[[[77.9575,24.6456],[78.1915,24.552],[78.206,24.3311],[77.988,24.204],[77.7548,24.2968],[77.7388,24.5176],[77.9575,24.6456]]]}},{"type":"Feature","properties":{"id":"nh_access:h3:843d829ffffffff","field":"national_highways","kind":"nh_access","source":"osm+worldpop","confidence":0.9,"population":301578.0,"nh_distance_km":7.53,"pipeline_access_gain_km":0.0,"share_within_10km":0.705},"geometry":{"type":"Polygon","coordinates":[[[77.4528,25.2781],[77.6901,25.1842],[77.7064,24.9613],[77.4871,24.8324],[77.2507,24.9255],[77.2328,25.1483],[77.4528,25.2781]]]}},{"type":"Feature","properties":{"id":"nh_access:h3:843d82bffffffff","field":"national_highways","kind":"nh_access","source":"osm+worldpop","confidence":0.9,"population":313837.0,"nh_distance_km":25.44,"pipeline_access_gain_km":0.0,"share_within_10km":0.01},"geometry":{"type":"Polygon","coordinates":[[[77.9108,25.3133],[78.1473,25.2186],[78.1621,24.9957],[77.942,24.8675],[77.7064,24.9613],[77.6901,25.1842],[77.9108,25.3133]]]}},{"type":"Feature","properties":{"id":"nh_access:h3:843d82dffffffff","field":"national_highways","kind":"nh_access","source":"osm+worldpop","confidence":0.9,"population":459956.0,"nh_distance_km":7.24,"pipeline_access_gain_km":0.0,"share_within_10km":0.696},"geometry":{"type":"Polygon","coordinates":[[[77.2507,24.9255],[77.4871,24.8324],[77.504,24.6105],[77.2861,24.4818],[77.0505,24.5741],[77.0321,24.7959],[77.2507,24.9255]]]}},{"type":"Feature","properties":{"id":"nh_access:h3:843d831ffffffff","field":"national_highways","kind":"nh_access","source":"osm+worldpop","confidence":0.9,"population":627851.0,"nh_distance_km":6.99,"pipeline_access_gain_km":0.0,"share_within_10km":0.727},"geometry":{"type":"Polygon","coordinates":[[[78.8266,25.3793],[79.0613,25.2832],[79.0731,25.0604],[78.8516,24.9335],[78.6177,25.0288],[78.6044,25.2517],[78.8266,25.3793]]]}},{"type":"Feature","properties":{"id":"nh_access:h3:843d833ffffffff","field":"national_highways","kind":"nh_access","source":"osm+worldpop","confidence":0.9,"population":620829.0,"nh_distance_km":6.02,"pipeline_access_gain_km":0.0,"share_within_10km":0.767},"geometry":{"type":"Polygon","coordinates":[[[79.2842,25.4102],[79.5181,25.3134],[79.5283,25.0905],[79.3062,24.9644],[79.0731,25.0604],[79.0613,25.2832],[79.2842,25.4102]]]}},{"type":"Feature","properties":{"id":"nh_access:h3:843d835ffffffff","field":"national_highways","kind":"nh_access","source":"osm+worldpop","confidence":0.9,"population":674164.0,"nh_distance_km":7.32,"pipeline_access_gain_km":0.0,"share_within_10km":0.647},"geometry":{"type":"Polygon","coordinates":[[[78.6177,25.0288],[78.8516,24.9335],[78.8641,24.7117],[78.644,24.585],[78.4108,24.6793],[78.3969,24.9012],[78.6177,25.0288]]]}},{"type":"Feature","properties":{"id":"nh_access:h3:843d837ffffffff","field":"national_highways","kind":"nh_access","source":"osm+worldpop","confidence":0.9,"population":512292.0,"nh_distance_km":17.21,"pipeline_access_gain_km":0.0,"share_within_10km":0.176},"geometry":{"type":"Polygon","coordinates":[[[79.0731,25.0604],[79.3062,24.9644],[79.3004,24.7325],[79.0792,24.6062],[78.8641,24.7117],[78.8516,24.9335],[79.0731,25.0604]]]}},{"type":"Feature","properties":{"id":"nh_access:h3:843d839ffffffff","field":"national_highways","kind":"nh_access","source":"osm+worldpop","confidence":0.9,"population":1144155.0,"nh_distance_km":2.93,"pipeline_access_gain_km":0.0,"share_within_10km":0.969},"geometry":{"type":"Polygon","coordinates":[[[78.5775,25.6995],[78.8139,25.6032],[78.8266,25.3793],[78.6044,25.2517],[78.3688,25.347],[78.3546,25.571],[78.5775,25.6995]]]}},{"type":"Feature","properties":{"id":"nh_access:h3:843d83bffffffff","field":"national_highways","kind":"nh_access","source":"osm+worldpop","confidence":0.9,"population":454577.0,"nh_distance_km":12.7,"pipeline_access_gain_km":0.0,"share_within_10km":0.436},"geometry":{"type":"Polygon","coordinates":[[[79.0376,25.731],[79.2731,25.6341],[79.2842,25.4102],[79.0613,25.2832],[78.8266,25.3793],[78.8139,25.6032],[79.0376,25.731]]]}},{"type":"Feature","properties":{"id":"nh_access:h3:843d83dffffffff","field":"national_highways","kind":"nh_access","source":"osm+worldpop","confidence":0.9,"population":491188.0,"nh_distance_km":9.72,"pipeline_access_gain_km":0.0,"share_within_10km":0.585},"geometry":{"type":"Polygon","coordinates":[[[78.3688,25.347],[78.6044,25.2517],[78.6177,25.0288],[78.3969,24.9012],[78.1621,24.9957],[78.1473,25.2186],[78.3688,25.347]]]}},{"type":"Feature","properties":{"id":"nh_access:h3:843d841ffffffff","field":"national_highways","kind":"nh_access","source":"osm+worldpop","confidence":0.9,"population":682514.0,"nh_distance_km":6.95,"pipeline_access_gain_km":0.26,"share_within_10km":0.698},"geometry":{"type":"Polygon","coordinates":[[[76.8799,26.5945],[77.123,26.4995],[77.1416,26.2726],[76.9187,26.1409],[76.6765,26.235],[76.6563,26.4618],[76.8799,26.5945]]]}},{"type":"Feature","properties":{"id":"nh_access:h3:843d843ffffffff","field":"national_highways","kind":"nh_access","source":"osm+worldpop","confidence":0.9,"population":494360.0,"nh_distance_km":5.67,"pipeline_access_gain_km":2.36,"share_within_10km":0.777},"geometry":{"type":"Polygon","coordinates":[[[77.3473,26.6314],[77.5896,26.5356],[77.6066,26.3087],[77.383,26.1777],[77.1416,26.2726],[77.123,26.4995],[77.3473,26.6314]]]}},{"type":"Feature","properties":{"id":"nh_access:h3:843d845ffffffff","field":"national_highways","kind":"nh_access","source":"osm+worldpop","confidence":0.9,"population":251769.0,"nh_distance_km":14.62,"pipeline_access_gain_km":5.81,"share_within_10km":0.27},"geometry":{"type":"Polygon","coordinates":[[[76.6765,26.235],[76.9187,26.1409],[76.9379,25.915],[76.7165,25.7834],[76.4753,25.8768],[76.4545,26.1026],[76.6765,26.235]]]}},{"type":"Feature","properties":{"id":"nh_access:h3:843d847ffffffff","field":"national_highways","kind":"nh_access","source":"osm+worldpop","confidence":0.9,"population":260688.0,"nh_distance_km":8.25,"pipeline_access_gain_km":0.86,"share_within_10km":0.644},"geometry":{"type":"Polygon","coordinates":[[[77.1416,26.2726],[77.383,26.1777],[77.4006,25.9518],[77.1784,25.8209],[76.9379,25.915],[76.9187,26.1409],[77.1416,26.2726]]]}},{"type":"Feature","properties":{"id":"nh_access:h3:843d849ffffffff","field":"national_highways","kind":"nh_access","source":"osm+worldpop","confidence":0.9,"population":634816.0,"nh_distance_km":12.47,"pipeline_access_gain_km":0.0,"share_within_10km":0.381},"geometry":{"type":"Polygon","coordinates":[[[76.6155,26.9173],[76.8603,26.8223],[76.8799,26.5945],[76.6563,26.4618],[76.4125,26.5561],[76.3913,26.7838],[76.6155,26.9173]]]}},{"type":"Feature","properties":{"id":"nh_access:h3:843d84bffffffff","field":"national_highways","kind":"nh_access","source":"osm+worldpop","confidence":0.9,"population":929479.0,"nh_distance_km":19.76,"pipeline_access_gain_km":0.0,"share_within_10km":0.123},"geometry":{"type":"Polygon","coordinates":[[[77.0853,26.9551],[77.3293,26.8592],[77.3473,26.6314],[77.123,26.4995],[76.8799,26.5945],[76.8603,26.8223],[77.0853,26.9551]]]}},{"type":"Feature","properties":{"id":"nh_access:h3:843d84dffffffff","field":"national_highways","kind":"nh_access","source":"osm+worldpop","confidence":0.9,"population":496206.0,"nh_distance_km":6.44,"pipeline_access_gain_km":0.0,"share_within_10km":0.756},"geometry":{"type":"Polygon","coordinates":[[[76.4125,26.5561],[76.6563,26.4618],[76.6765,26.235],[76.4545,26.1026],[76.2116,26.1959],[76.1898,26.4227],[76.4125,26.5561]]]}},{"type":"Feature","properties":{"id":"nh_access:h3:843d851ffffffff","field":"national_highways","kind":"nh_access","source":"osm+worldpop","confidence":0.9,"population":1203659.0,"nh_distance_km":6.54,"pipeline_access_gain_km":1.31,"share_within_10km":0.734},"geometry":{"type":"Polygon","coordinates":[[[78.025,27.0259],[78.2673,26.9284],[78.2821,26.7005],[78.0562,26.5701],[77.8148,26.6667],[77.7984,26.8946],[78.025,27.0259]]]}},{"type":"Feature","properties":{"id":"nh_access:h3:843d853ffffffff","field":"national_highways","kind":"nh_access","source":"osm+worldpop","confidence":0.9,"population":987460.0,"nh_distance_km":7.43,"pipeline_access_gain_km":1.84,"share_within_10km":0.636},"geometry":{"type":"Polygon","coordinates":[[[78.4947,27.0589],[78.7362,26.9606],[78.7494,26.7327],[78.5227,26.6031],[78.2821,26.7005],[78.2673,26.9284],[78.4947,27.0589]]]}},{"type":"Feature","properties":{"id":"nh_access:h3:843d855ffffffff","field":"national_highways","kind":"nh_access","source":"osm+worldpop","confidence":0.9,"population":856551.0,"nh_distance_km":4.15,"pipeline_access_gain_km":1.24,"share_within_10km":0.886},"geometry":{"type":"Polygon","coordinates":[[[77.8148,26.6667],[78.0562,26.5701],[78.0716,26.3432],[77.8472,26.2129],[77.6066,26.3087],[77.5896,26.5356],[77.8148,26.6667]]]}},{"type":"Feature","properties":{"id":"nh_access:h3:843d857ffffffff","field":"national_highways","kind":"nh_access","source":"osm+worldpop","confidence":0.9,"population":901581.0,"nh_distance_km":4.6,"pipeline_access_gain_km":0.0,"share_within_10km":0.876},"geometry":{"type":"Polygon","coordinates":[[[78.2821,26.7005],[78.5227,26.6031],[78.5366,26.3762],[78.3114,26.2467],[78.0716,26.3432],[78.0562,26.5701],[78.2821,26.7005]]]}},{"type":"Feature","properties":{"id":"nh_access:h3:843d859ffffffff","field":"national_highways","kind":"nh_access","source":"osm+worldpop","confidence":0.9,"population":2728238.0,"nh_distance_km":2.4,"pipeline_access_gain_km":0.01,"share_within_10km":0.986},"geometry":{"type":"Polygon","coordinates":[[[77.7652,27.3522],[78.0093,27.2547],[78.025,27.0259],[77.7984,26.8946],[77.5552,26.9913],[77.5378,27.2201],[77.7652,27.3522]]]}},{"type":"Feature","properties":{"id":"nh_access:h3:843d85bffffffff","field":"national_highways","kind":"nh_access","source":"osm+worldpop","confidence":0.9,"population":3223129.0,"nh_distance_km":3.57,"pipeline_access_gain_km":0.06,"share_within_10km":0.956},"geometry":{"type":"Polygon","coordinates":[[[78.2374,27.3861],[78.4806,27.2877],[78.4947,27.0589],[78.2673,26.9284],[78.025,27.0259],[78.0093,27.2547],[78.2374,27.3861]]]}},{"type":"Feature","properties":{"id":"nh_access:h3:843d85dffffffff","field":"national_highways","kind":"nh_access","source":"osm+worldpop","confidence":0.9,"population":745993.0,"nh_distance_km":7.49,"pipeline_access_gain_km":0.0,"share_within_10km":0.699},"geometry":{"type":"Polygon","coordinates":[[[77.5552,26.9913],[77.7984,26.8946],[77.8148,26.6667],[77.5896,26.5356],[77.3473,26.6314],[77.3293,26.8592],[77.5552,26.9913]]]}},{"type":"Feature","properties":{"id":"nh_access:h3:843d861ffffffff","field":"national_highways","kind":"nh_access","source":"osm+worldpop","confidence":0.9,"population":238227.0,"nh_distance_km":18.16,"pipeline_access_gain_km":0.0,"share_within_10km":0.136},"geometry":{"type":"Polygon","coordinates":[[[76.7363,25.5586],[76.976,25.4654],[76.9948,25.2415],[76.7755,25.111],[76.5368,25.2035],[76.5164,25.4272],[76.7363,25.5586]]]}},{"type":"Feature","properties":{"id":"nh_access:h3:843d863ffffffff","field":"national_highways","kind":"nh_access","source":"osm+worldpop","confidence":0.9,"population":184890.0,"nh_distance_km":12.04,"pipeline_access_gain_km":0.0,"share_within_10km":0.423},"geometry":{"type":"Polygon","coordinates":[[[77.1967,25.596],[77.4355,25.502],[77.4528,25.2781],[77.2328,25.1483],[76.9948,25.2415],[76.976,25.4654],[77.1967,25.596]]]}},{"type":"Feature","properties":{"id":"nh_access:h3:843d865ffffffff","field":"national_highways","kind":"nh_access","source":"osm+worldpop","confidence":0.9,"population":434738.0,"nh_distance_km":5.8,"pipeline_access_gain_km":0.0,"share_within_10km":0.799},"geometry":{"type":"Polygon","coordinates":[[[76.5368,25.2035],[76.7755,25.111],[76.7949,24.8882],[76.5771,24.758],[76.3393,24.8496],[76.3183,25.0723],[76.5368,25.2035]]]}},{"type":"Feature","properties":{"id":"nh_access:h3:843d867ffffffff","field":"national_highways","kind":"nh_access","source":"osm+worldpop","confidence":0.9,"population":226105.0,"nh_distance_km":12.93,"pipeline_access_gain_km":0.0,"share_within_10km":0.442},"geometry":{"type":"Polygon","coordinates":[[[76.9948,25.2415],[77.2328,25.1483],[77.2507,24.9255],[77.0321,24.7959],[76.7949,24.8882],[76.7755,25.111],[76.9948,25.2415]]]}},{"type":"Feature","properties":{"id":"nh_access:h3:843d869ffffffff","field":"national_highways","kind":"nh_access","source":"osm+worldpop","confidence":0.9,"population":441385.0,"nh_distance_km":10.9,"pipeline_access_gain_km":0.0,"share_within_10km":0.476},"geometry":{"type":"Polygon","coordinates":[[[76.4753,25.8768],[76.7165,25.7834],[76.7363,25.5586],[76.5164,25.4272],[76.2761,25.5198],[76.2547,25.7445],[76.4753,25.8768]]]}},{"type":"Feature","properties":{"id":"nh_access:h3:843d86bffffffff","field":"national_highways","kind":"nh_access","source":"osm+worldpop","confidence":0.9,"population":103390.0,"nh_distance_km":7.52,"pipeline_access_gain_km":0.08,"share_within_10km":0.702},"geometry":{"type":"Polygon","coordinates":[[[76.9379,25.915],[77.1784,25.8209],[77.1967,25.596],[76.976,25.4654],[76.7363,25.5586],[76.7165,25.7834],[76.9379,25.915]]]}},{"type":"Feature","properties":{"id":"nh_access:h3:843d86dffffffff","field":"national_highways","kind":"nh_access","source":"osm+worldpop","confidence":0.9,"population":414511.0,"nh_distance_km":8.86,"pipeline_access_gain_km":0.0,"share_within_10km":0.624},"geometry":{"type":"Polygon","coordinates":[[[76.2761,25.5198],[76.5164,25.4272],[76.5368,25.2035],[76.3183,25.0723],[76.0789,25.164],[76.057,25.3877],[76.2761,25.5198]]]}},{"type":"Feature","properties":{"id":"nh_access:h3:843d881ffffffff","field":"national_highways","kind":"nh_access","source":"osm+worldpop","confidence":0.9,"population":1391400.0,"nh_distance_km":4.92,"pipeline_access_gain_km":0.0,"share_within_10km":0.863},"geometry":{"type":"Polygon","coordinates":[[[81.0966,26.1918],[81.329,26.0911],[81.3214,25.8596],[81.0942,25.7353],[80.8749,25.8424],[80.8691,26.0671],[81.0966,26.1918]]]}},{"type":"Feature","properties":{"id":"nh_access:h3:843d883ffffffff","field":"national_highways","kind":"nh_access","source":"osm+worldpop","confidence":0.9,"population":1502818.0,"nh_distance_km":4.3,"pipeline_access_gain_km":0.0,"share_within_10km":0.941},"geometry":{"type":"Polygon","coordinates":[[[81.5414,25.7516],[81.3214,25.8596],[81.329,26.0911],[81.5571,26.215],[81.7777,26.1073],[81.7697,25.8754],[81.5414,25.7516]]]}},{"type":"Feature","properties":{"id":"nh_access:h3:843d885ffffffff","field":"national_highways","kind":"nh_access","source":"osm+worldpop","confidence":0.9,"population":737574.0,"nh_distance_km":16.2,"pipeline_access_gain_km":0.0,"share_within_10km":0.142},"geometry":{"type":"Polygon","coordinates":[[[80.8605,25.3786],[80.6418,25.486],[80.6488,25.7177],[80.8749,25.8424],[81.0942,25.7353],[81.0869,25.5032],[80.8605,25.3786]]]}},{"type":"Feature","properties":{"id":"nh_access:h3:843d887ffffffff","field":"national_highways","kind":"nh_access","source":"osm+worldpop","confidence":0.9,"population":1629075.0,"nh_distance_km":4.25,"pipeline_access_gain_km":0.0,"share_within_10km":0.911},"geometry":{"type":"Polygon","coordinates":[[[81.3063,25.3949],[81.0869,25.5032],[81.0942,25.7353],[81.3214,25.8596],[81.5414,25.7516],[81.5337,25.5191],[81.3063,25.3949]]]}},{"type":"Feature","properties":{"id":"nh_access:h3:843d889ffffffff","field":"national_highways","kind":"nh_access","source":"osm+worldpop","confidence":0.9,"population":1321416.0,"nh_distance_km":6.17,"pipeline_access_gain_km":0.03,"share_within_10km":0.747},"geometry":{"type":"Polygon","coordinates":[[[80.8575,26.5183],[81.0916,26.4174],[81.0966,26.1918],[80.8691,26.0671],[80.6357,26.1671],[80.6291,26.3927],[80.8575,26.5183]]]}},{"type":"Feature","properties":{"id":"nh_access:h3:843d88bffffffff","field":"national_highways","kind":"nh_access","source":"osm+worldpop","confidence":0.9,"population":1655052.0,"nh_distance_km":3.86,"pipeline_access_gain_km":0.0,"share_within_10km":0.902},"geometry":{"type":"Polygon","coordinates":[[[81.3205,26.5421],[81.5536,26.4405],[81.5571,26.215],[81.329,26.0911],[81.0966,26.1918],[81.0916,26.4174],[81.3205,26.5421]]]}},{"type":"Feature","properties":{"id":"nh_access:h3:843d88dffffffff","field":"national_highways","kind":"nh_access","source":"osm+worldpop","confidence":0.9,"population":1299130.0,"nh_distance_km":5.49,"pipeline_access_gain_km":0.0,"share_within_10km":0.836},"geometry":{"type":"Polygon","coordinates":[[[80.6357,26.1671],[80.8691,26.0671],[80.8749,25.8424],[80.6488,25.7177],[80.4161,25.8168],[80.4088,26.0415],[80.6357,26.1671]]]}},{"type":"Feature","properties":{"id":"nh_access:h3:843d891ffffffff","field":"national_highways","kind":"nh_access","source":"osm+worldpop","confidence":0.9,"population":1937748.0,"nh_distance_km":3.78,"pipeline_access_gain_km":0.4,"share_within_10km":0.94},"geometry":{"type":"Polygon","coordinates":[[[82.2281,26.1221],[82.0068,26.2307],[82.015,26.4621],[82.245,26.5851],[82.4669,26.4768],[82.4582,26.2451],[82.2281,26.1221]]]}},{"type":"Feature","properties":{"id":"nh_access:h3:843d893ffffffff","field":"national_highways","kind":"nh_access","source":"osm+worldpop","confidence":0.9,"population":2128415.0,"nh_distance_km":3.1,"pipeline_access_gain_km":0.0,"share_within_10km":0.992},"geometry":{"type":"Polygon","coordinates":[[[82.6801,26.1356],[82.4582,26.2451],[82.4669,26.4768],[82.6978,26.5993],[82.9203,26.4901],[82.9113,26.2581],[82.6801,26.1356]]]}},{"type":"Feature","properties":{"id":"nh_access:h3:843d895ffffffff","field":"national_highways","kind":"nh_access","source":"osm+worldpop","confidence":0.9,"population":1822919.0,"nh_distance_km":4.73,"pipeline_access_gain_km":0.0,"share_within_10km":0.866},"geometry":{"type":"Polygon","coordinates":[[[81.9904,25.7665],[81.7697,25.8754],[81.7777,26.1073],[82.0068,26.2307],[82.2281,26.1221],[82.2197,25.8899],[81.9904,25.7665]]]}},{"type":"Feature","properties":{"id":"nh_access:h3:843d897ffffffff","field":"national_highways","kind":"nh_access","source":"osm+worldpop","confidence":0.9,"population":1697740.0,"nh_distance_km":5.33,"pipeline_access_gain_km":0.0,"share_within_10km":0.828},"geometry":{"type":"Polygon","coordinates":[[[82.441,25.7802],[82.2197,25.8899],[82.2281,26.1221],[82.4582,26.2451],[82.6801,26.1356],[82.6713,25.903],[82.441,25.7802]]]}},{"type":"Feature","properties":{"id":"nh_access:h3:843d899ffffffff","field":"national_highways","kind":"nh_access","source":"osm+worldpop","confidence":0.9,"population":1920502.0,"nh_distance_km":3.42,"pipeline_access_gain_km":1.14,"share_within_10km":0.97},"geometry":{"type":"Polygon","coordinates":[[[82.0112,26.9146],[82.2438,26.8113],[82.245,26.5851],[82.015,26.4621],[81.783,26.5644],[81.7803,26.7907],[82.0112,26.9146]]]}},{"type":"Feature","properties":{"id":"nh_access:h3:843d89bffffffff","field":"national_highways","kind":"nh_access","source":"osm+worldpop","confidence":0.9,"population":1726527.0,"nh_distance_km":3.11,"pipeline_access_gain_km":0.62,"share_within_10km":0.991},"geometry":{"type":"Polygon","coordinates":[[[82.4752,26.9343],[82.7067,26.8304],[82.6978,26.5993],[82.4669,26.4768],[82.245,26.5851],[82.2438,26.8113],[82.4752,26.9343]]]}},{"type":"Feature","properties":{"id":"nh_access:h3:843d89dffffffff","field":"national_highways","kind":"nh_access","source":"osm+worldpop","confidence":0.9,"population":1675063.0,"nh_distance_km":2.42,"pipeline_access_gain_km":0.0,"share_within_10km":1.0},"geometry":{"type":"Polygon","coordinates":[[[81.783,26.5644],[82.015,26.4621],[82.0068,26.2307],[81.7777,26.1073],[81.5571,26.215],[81.5536,26.4405],[81.783,26.5644]]]}},{"type":"Feature","properties":{"id":"nh_access:h3:843d8a1ffffffff","field":"national_highways","kind":"nh_access","source":"osm+worldpop","confidence":0.9,"population":315597.0,"nh_distance_km":9.35,"pipeline_access_gain_km":0.0,"share_within_10km":0.579},"geometry":{"type":"Polygon","coordinates":[[[80.8391,24.6791],[80.6209,24.7878],[80.6279,25.021],[80.8534,25.1459],[81.0721,25.0374],[81.0648,24.8038],[80.8391,24.6791]]]}},{"type":"Feature","properties":{"id":"nh_access:h3:843d8a3ffffffff","field":"national_highways","kind":"nh_access","source":"osm+worldpop","confidence":0.9,"population":648711.0,"nh_distance_km":7.04,"pipeline_access_gain_km":0.0,"share_within_10km":0.728},"geometry":{"type":"Polygon","coordinates":[[[81.2836,24.6943],[81.0648,24.8038],[81.0721,25.0374],[81.2987,25.1619],[81.5181,25.0526],[81.5104,24.8186],[81.2836,24.6943]]]}},{"type":"Feature","properties":{"id":"nh_access:h3:843d8a5ffffffff","field":"national_highways","kind":"nh_access","source":"osm+worldpop","confidence":0.9,"population":676660.0,"nh_distance_km":4.04,"pipeline_access_gain_km":0.0,"share_within_10km":0.89},"geometry":{"type":"Polygon","coordinates":[[[80.6071,24.32],[80.3896,24.429],[80.3963,24.6627],[80.6209,24.7878],[80.8391,24.6791],[80.8319,24.445],[80.6071,24.32]]]}},{"type":"Feature","properties":{"id":"nh_access:h3:843d8a7ffffffff","field":"national_highways","kind":"nh_access","source":"osm+worldpop","confidence":0.9,"population":928580.0,"nh_distance_km":4.26,"pipeline_access_gain_km":0.02,"share_within_10km":0.889},"geometry":{"type":"Polygon","coordinates":[[[81.0501,24.3352],[80.8319,24.445],[80.8391,24.6791],[81.0648,24.8038],[81.2836,24.6943],[81.2761,24.4598],[81.0501,24.3352]]]}},{"type":"Feature","properties":{"id":"nh_access:h3:843d8a9ffffffff","field":"national_highways","kind":"nh_access","source":"osm+worldpop","confidence":0.9,"population":777206.0,"nh_distance_km":6.67,"pipeline_access_gain_km":0.06,"share_within_10km":0.73},"geometry":{"type":"Polygon","coordinates":[[[80.6279,25.021],[80.4098,25.1287],[80.4166,25.361],[80.6418,25.486],[80.8605,25.3786],[80.8534,25.1459],[80.6279,25.021]]]}},{"type":"Feature","properties":{"id":"nh_access:h3:843d8abffffffff","field":"national_highways","kind":"nh_access","source":"osm+worldpop","confidence":0.9,"population":832111.0,"nh_distance_km":4.13,"pipeline_access_gain_km":0.0,"share_within_10km":0.915},"geometry":{"type":"Polygon","coordinates":[[[81.0721,25.0374],[80.8534,25.1459],[80.8605,25.3786],[81.0869,25.5032],[81.3063,25.3949],[81.2987,25.1619],[81.0721,25.0374]]]}},{"type":"Feature","properties":{"id":"nh_access:h3:843d8adffffffff","field":"national_highways","kind":"nh_access","source":"osm+worldpop","confidence":0.9,"population":326614.0,"nh_distance_km":25.99,"pipeline_access_gain_km":0.0,"share_within_10km":0.031},"geometry":{"type":"Polygon","coordinates":[[[80.3963,24.6627],[80.1789,24.7706],[80.1855,25.0034],[80.4098,25.1287],[80.6279,25.021],[80.6209,24.7878],[80.3963,24.6627]]]}},{"type":"Feature","properties":{"id":"nh_access:h3:843d8b1ffffffff","field":"national_highways","kind":"nh_access","source":"osm+worldpop","confidence":0.9,"population":2854990.0,"nh_distance_km":2.47,"pipeline_access_gain_km":0.07,"share_within_10km":0.999},"geometry":{"type":"Polygon","coordinates":[[[81.9659,25.0664],[81.7458,25.1765],[81.7537,25.41],[81.9822,25.5337],[82.2029,25.4237],[82.1945,25.1899],[81.9659,25.0664]]]}},{"type":"Feature","properties":{"id":"nh_access:h3:843d8b3ffffffff","field":"national_highways","kind":"nh_access","source":"osm+worldpop","confidence":0.9,"population":2739903.0,"nh_distance_km":3.11,"pipeline_access_gain_km":0.0,"share_within_10km":1.0},"geometry":{"type":"Polygon","coordinates":[[[82.4153,25.0789],[82.1945,25.1899],[82.2029,25.4237],[82.4324,25.5469],[82.6537,25.4362],[82.645,25.202],[82.4153,25.0789]]]}},{"type":"Feature","properties":{"id":"nh_access:h3:843d8b5ffffffff","field":"national_highways","kind":"nh_access","source":"osm+worldpop","confidence":0.9,"population":812974.0,"nh_distance_km":7.67,"pipeline_access_gain_km":0.0,"share_within_10km":0.653},"geometry":{"type":"Polygon","coordinates":[[[81.7299,24.7082],[81.5104,24.8186],[81.5181,25.0526],[81.7458,25.1765],[81.9659,25.0664],[81.9577,24.832],[81.7299,24.7082]]]}},{"type":"Feature","properties":{"id":"nh_access:h3:843d8b7ffffffff","field":"national_highways","kind":"nh_access","source":"osm+worldpop","confidence":0.9,"population":823094.0,"nh_distance_km":4.21,"pipeline_access_gain_km":0.0,"share_within_10km":0.945},"geometry":{"type":"Polygon","coordinates":[[[82.1778,24.7208],[81.9577,24.832],[81.9659,25.0664],[82.1945,25.1899],[82.4153,25.0789],[82.4067,24.8442],[82.1778,24.7208]]]}},{"type":"Feature","properties":{"id":"nh_access:h3:843d8b9ffffffff","field":"national_highways","kind":"nh_access","source":"osm+worldpop","confidence":0.9,"population":2639400.0,"nh_distance_km":2.07,"pipeline_access_gain_km":0.07,"share_within_10km":1.0},"geometry":{"type":"Polygon","coordinates":[[[81.7537,25.41],[81.5337,25.5191],[81.5414,25.7516],[81.7697,25.8754],[81.9904,25.7665],[81.9822,25.5337],[81.7537,25.41]]]}},{"type":"Feature","properties":{"id":"nh_access:h3:843d8bbffffffff","field":"national_highways","kind":"nh_access","source":"osm+worldpop","confidence":0.9,"population":1931650.0,"nh_distance_km":4.06,"pipeline_access_gain_km":0.0,"share_within_10km":0.956},"geometry":{"type":"Polygon","coordinates":[[[82.2029,25.4237],[81.9822,25.5337],[81.9904,25.7665],[82.2197,25.8899],[82.441,25.7802],[82.4324,25.5469],[82.2029,25.4237]]]}},{"type":"Feature","properties":{"id":"nh_access:h3:843d8bdffffffff","field":"national_highways","kind":"nh_access","source":"osm+worldpop","confidence":0.9,"population":1384491.0,"nh_distance_km":7.93,"pipeline_access_gain_km":0.0,"share_within_10km":0.678},"geometry":{"type":"Polygon","coordinates":[[[81.5181,25.0526],[81.2987,25.1619],[81.3063,25.3949],[81.5337,25.5191],[81.7537,25.41],[81.7458,25.1765],[81.5181,25.0526]]]}},{"type":"Feature","properties":{"id":"nh_access:h3:843d8c1ffffffff","field":"national_highways","kind":"nh_access","source":"osm+worldpop","confidence":0.9,"population":2633879.0,"nh_distance_km":3.39,"pipeline_access_gain_km":0.47,"share_within_10km":0.908},"geometry":{"type":"Polygon","coordinates":[[[80.1497,26.82],[80.3865,26.7196],[80.394,26.4929],[80.1662,26.3666],[79.9301,26.4661],[79.921,26.6928],[80.1497,26.82]]]}},{"type":"Feature","properties":{"id":"nh_access:h3:843d8c3ffffffff","field":"national_highways","kind":"nh_access","source":"osm+worldpop","confidence":0.9,"population":1621312.0,"nh_distance_km":3.62,"pipeline_access_gain_km":0.25,"share_within_10km":0.956},"geometry":{"type":"Polygon","coordinates":[[[80.6158,26.846],[80.8516,26.7449],[80.8575,26.5183],[80.6291,26.3927],[80.394,26.4929],[80.3865,26.7196],[80.6158,26.846]]]}},{"type":"Feature","properties":{"id":"nh_access:h3:843d8c5ffffffff","field":"national_highways","kind":"nh_access","source":"osm+worldpop","confidence":0.9,"population":1090200.0,"nh_distance_km":4.81,"pipeline_access_gain_km":0.01,"share_within_10km":0.833},"geometry":{"type":"Polygon","coordinates":[[[79.9301,26.4661],[80.1662,26.3666],[80.1744,26.1408],[79.948,26.0145],[79.7127,26.1131],[79.7029,26.3389],[79.9301,26.4661]]]}},{"type":"Feature","properties":{"id":"nh_access:h3:843d8c7ffffffff","field":"national_highways","kind":"nh_access","source":"osm+worldpop","confidence":0.9,"population":2633653.0,"nh_distance_km":3.38,"pipeline_access_gain_km":0.26,"share_within_10km":0.912},"geometry":{"type":"Polygon","coordinates":[[[80.394,26.4929],[80.6291,26.3927],[80.6357,26.1671],[80.4088,26.0415],[80.1744,26.1408],[80.1662,26.3666],[80.394,26.4929]]]}},{"type":"Feature","properties":{"id":"nh_access:h3:843d8c9ffffffff","field":"national_highways","kind":"nh_access","source":"osm+worldpop","confidence":0.9,"population":1256247.0,"nh_distance_km":3.39,"pipeline_access_gain_km":0.0,"share_within_10km":0.935},"geometry":{"type":"Polygon","coordinates":[[[79.9027,27.1483],[80.1413,27.0477],[80.1497,26.82],[79.921,26.6928],[79.6832,26.7925],[79.6732,27.0203],[79.9027,27.1483]]]}},{"type":"Feature","properties":{"id":"nh_access:h3:843d8cbffffffff","field":"national_highways","kind":"nh_access","source":"osm+worldpop","confidence":0.9,"population":1461982.0,"nh_distance_km":3.78,"pipeline_access_gain_km":0.0,"share_within_10km":0.975},"geometry":{"type":"Polygon","coordinates":[[[80.3714,27.175],[80.609,27.0736],[80.6158,26.846],[80.3865,26.7196],[80.1497,26.82],[80.1413,27.0477],[80.3714,27.175]]]}},{"type":"Feature","properties":{"id":"nh_access:h3:843d8cdffffffff","field":"national_highways","kind":"nh_access","source":"osm+worldpop","confidence":0.9,"population":1376191.0,"nh_distance_km":12.61,"pipeline_access_gain_km":0.0,"share_within_10km":0.381},"geometry":{"type":"Polygon","coordinates":[[[79.6832,26.7925],[79.921,26.6928],[79.9301,26.4661],[79.7029,26.3389],[79.4658,26.4376],[79.4552,26.6645],[79.6832,26.7925]]]}},{"type":"Feature","properties":{"id":"nh_access:h3:843d8d1ffffffff","field":"national_highways","kind":"nh_access","source":"osm+worldpop","confidence":0.9,"population":1845154.0,"nh_distance_km":3.96,"pipeline_access_gain_km":0.04,"share_within_10km":0.923},"geometry":{"type":"Polygon","coordinates":[[[81.3076,27.2235],[81.5431,27.1207],[81.5466,26.8933],[81.3162,26.7686],[81.0814,26.8704],[81.0763,27.0979],[81.3076,27.2235]]]}},{"type":"Feature","properties":{"id":"nh_access:h3:843d8d3ffffffff","field":"national_highways","kind":"nh_access","source":"osm+worldpop","confidence":0.9,"population":1771470.0,"nh_distance_km":7.25,"pipeline_access_gain_km":3.25,"share_within_10km":0.663},"geometry":{"type":"Polygon","coordinates":[[[81.7748,27.2453],[82.0093,27.1418],[82.0112,26.9146],[81.7803,26.7907],[81.5466,26.8933],[81.5431,27.1207],[81.7748,27.2453]]]}},{"type":"Feature","properties":{"id":"nh_access:h3:843d8d5ffffffff","field":"national_highways","kind":"nh_access","source":"osm+worldpop","confidence":0.9,"population":2186104.0,"nh_distance_km":2.81,"pipeline_access_gain_km":0.03,"share_within_10km":0.95},"geometry":{"type":"Polygon","coordinates":[[[81.0814,26.8704],[81.3162,26.7686],[81.3205,26.5421],[81.0916,26.4174],[80.8575,26.5183],[80.8516,26.7449],[81.0814,26.8704]]]}},{"type":"Feature","properties":{"id":"nh_access:h3:843d8d7ffffffff","field":"national_highways","kind":"nh_access","source":"osm+worldpop","confidence":0.9,"population":1704547.0,"nh_distance_km":4.63,"pipeline_access_gain_km":0.57,"share_within_10km":0.891},"geometry":{"type":"Polygon","coordinates":[[[81.5466,26.8933],[81.7803,26.7907],[81.783,26.5644],[81.5536,26.4405],[81.3205,26.5421],[81.3162,26.7686],[81.5466,26.8933]]]}},{"type":"Feature","properties":{"id":"nh_access:h3:843d8d9ffffffff","field":"national_highways","kind":"nh_access","source":"osm+worldpop","confidence":0.9,"population":1586274.0,"nh_distance_km":7.14,"pipeline_access_gain_km":0.0,"share_within_10km":0.715},"geometry":{"type":"Polygon","coordinates":[[[81.0659,27.5549],[81.3032,27.4519],[81.3076,27.2235],[81.0763,27.0979],[80.8397,27.2],[80.8337,27.4285],[81.0659,27.5549]]]}},{"type":"Feature","properties":{"id":"nh_access:h3:843d8dbffffffff","field":"national_highways","kind":"nh_access","source":"osm+worldpop","confidence":0.9,"population":1527328.0,"nh_distance_km":8.29,"pipeline_access_gain_km":0.0,"share_within_10km":0.604},"geometry":{"type":"Polygon","coordinates":[[[81.5359,27.5773],[81.7721,27.4736],[81.7748,27.2453],[81.5431,27.1207],[81.3076,27.2235],[81.3032,27.4519],[81.5359,27.5773]]]}},{"type":"Feature","properties":{"id":"nh_access:h3:843d8ddffffffff","field":"national_highways","kind":"nh_access","source":"osm+worldpop","confidence":0.9,"population":4199860.0,"nh_distance_km":2.31,"pipeline_access_gain_km":0.0,"share_within_10km":0.97},"geometry":{"type":"Polygon","coordinates":[[[80.8397,27.2],[81.0763,27.0979],[81.0814,26.8704],[80.8516,26.7449],[80.6158,26.846],[80.609,27.0736],[80.8397,27.2]]]}},{"type":"Feature","properties":{"id":"nh_access:h3:843d8e1ffffffff","field":"national_highways","kind":"nh_access","source":"osm+worldpop","confidence":0.9,"population":511518.0,"nh_distance_km":4.91,"pipeline_access_gain_km":0.0,"share_within_10km":0.862},"geometry":{"type":"Polygon","coordinates":[[[79.9569,25.7897],[80.1906,25.6913],[80.1986,25.4675],[79.9745,25.3421],[79.7416,25.4396],[79.732,25.6634],[79.9569,25.7897]]]}},{"type":"Feature","properties":{"id":"nh_access:h3:843d8e3ffffffff","field":"national_highways","kind":"nh_access","source":"osm+worldpop","confidence":0.9,"population":800108.0,"nh_distance_km":5.57,"pipeline_access_gain_km":0.0,"share_within_10km":0.788},"geometry":{"type":"Polygon","coordinates":[[[80.4161,25.8168],[80.6488,25.7177],[80.6418,25.486],[80.4166,25.361],[80.1986,25.4675],[80.1906,25.6913],[80.4161,25.8168]]]}},{"type":"Feature","properties":{"id":"nh_access:h3:843d8e5ffffffff","field":"national_highways","kind":"nh_access","source":"osm+worldpop","confidence":0.9,"population":627953.0,"nh_distance_km":4.62,"pipeline_access_gain_km":0.0,"share_within_10km":0.87},"geometry":{"type":"Polygon","coordinates":[[[79.7416,25.4396],[79.9745,25.3421],[79.9681,25.1102],[79.7449,24.9845],[79.5283,25.0905],[79.5181,25.3134],[79.7416,25.4396]]]}},{"type":"Feature","properties":{"id":"nh_access:h3:843d8e7ffffffff","field":"national_highways","kind":"nh_access","source":"osm+worldpop","confidence":0.9,"population":478489.0,"nh_distance_km":17.36,"pipeline_access_gain_km":0.0,"share_within_10km":0.284},"geometry":{"type":"Polygon","coordinates":[[[80.1855,25.0034],[79.9681,25.1102],[79.9745,25.3421],[80.1986,25.4675],[80.4166,25.361],[80.4098,25.1287],[80.1855,25.0034]]]}},{"type":"Feature","properties":{"id":"nh_access:h3:843d8e9ffffffff","field":"national_highways","kind":"nh_access","source":"osm+worldpop","confidence":0.9,"population":429837.0,"nh_distance_km":12.05,"pipeline_access_gain_km":0.05,"share_within_10km":0.431},"geometry":{"type":"Polygon","coordinates":[[[79.7127,26.1131],[79.948,26.0145],[79.9569,25.7897],[79.732,25.6634],[79.4974,25.7611],[79.4869,25.9859],[79.7127,26.1131]]]}},{"type":"Feature","properties":{"id":"nh_access:h3:843d8ebffffffff","field":"national_highways","kind":"nh_access","source":"osm+worldpop","confidence":0.9,"population":734284.0,"nh_distance_km":8.66,"pipeline_access_gain_km":0.21,"share_within_10km":0.6},"geometry":{"type":"Polygon","coordinates":[[[80.1744,26.1408],[80.4088,26.0415],[80.4161,25.8168],[80.1906,25.6913],[79.9569,25.7897],[79.948,26.0145],[80.1744,26.1408]]]}},{"type":"Feature","properties":{"id":"nh_access:h3:843d8edffffffff","field":"national_highways","kind":"nh_access","source":"osm+worldpop","confidence":0.9,"population":531464.0,"nh_distance_km":9.54,"pipeline_access_gain_km":0.01,"share_within_10km":0.51},"geometry":{"type":"Polygon","coordinates":[[[79.4974,25.7611],[79.732,25.6634],[79.7416,25.4396],[79.5181,25.3134],[79.2842,25.4102],[79.2731,25.6341],[79.4974,25.7611]]]}},{"type":"Feature","properties":{"id":"nh_access:h3:843d901ffffffff","field":"national_highways","kind":"nh_access","source":"osm+worldpop","confidence":0.9,"population":487052.0,"nh_distance_km":12.74,"pipeline_access_gain_km":0.0,"share_within_10km":0.357},"geometry":{"type":"Polygon","coordinates":[[[76.4619,23.5277],[76.6949,23.4379],[76.6915,23.2061],[76.4786,23.078],[76.2696,23.1816],[76.249,23.3991],[76.4619,23.5277]]]}},{"type":"Feature","properties":{"id":"nh_access:h3:843d903ffffffff","field":"national_highways","kind":"nh_access","source":"osm+worldpop","confidence":0.9,"population":602353.0,"nh_distance_km":7.63,"pipeline_access_gain_km":0.0,"share_within_10km":0.623},"geometry":{"type":"Polygon","coordinates":[[[76.9014,23.1018],[76.6915,23.2061],[76.6949,23.4379],[76.9087,23.5659],[77.1193,23.4619],[77.1154,23.2296],[76.9014,23.1018]]]}},{"type":"Feature","properties":{"id":"nh_access:h3:843d905ffffffff","field":"national_highways","kind":"nh_access","source":"osm+worldpop","confidence":0.9,"population":605948.0,"nh_distance_km":12.25,"pipeline_access_gain_km":0.0,"share_within_10km":0.431},"geometry":{"type":"Polygon","coordinates":[[[76.2634,22.7178],[76.0551,22.8216],[76.058,23.0533],[76.2696,23.1816],[76.4786,23.078],[76.4753,22.8459],[76.2634,22.7178]]]}},{"type":"Feature","properties":{"id":"nh_access:h3:843d907ffffffff","field":"national_highways","kind":"nh_access","source":"osm+worldpop","confidence":0.9,"population":422073.0,"nh_distance_km":10.56,"pipeline_access_gain_km":0.0,"share_within_10km":0.468},"geometry":{"type":"Polygon","coordinates":[[[76.6845,22.7413],[76.4753,22.8459],[76.4786,23.078],[76.6915,23.2061],[76.9014,23.1018],[76.8977,22.8692],[76.6845,22.7413]]]}},{"type":"Feature","properties":{"id":"nh_access:h3:843d909ffffffff","field":"national_highways","kind":"nh_access","source":"osm+worldpop","confidence":0.9,"population":406324.0,"nh_distance_km":10.67,"pipeline_access_gain_km":0.0,"share_within_10km":0.437},"geometry":{"type":"Polygon","coordinates":[[[76.2073,23.8362],[76.4418,23.7463],[76.4619,23.5277],[76.249,23.3991],[76.0153,23.4882],[75.9937,23.7067],[76.2073,23.8362]]]}},{"type":"Feature","properties":{"id":"nh_access:h3:843d90bffffffff","field":"national_highways","kind":"nh_access","source":"osm+worldpop","confidence":0.9,"population":532067.0,"nh_distance_km":4.45,"pipeline_access_gain_km":0.0,"share_within_10km":0.891},"geometry":{"type":"Polygon","coordinates":[[[76.6562,23.8751],[76.89,23.7845],[76.9087,23.5659],[76.6949,23.4379],[76.4619,23.5277],[76.4418,23.7463],[76.6562,23.8751]]]}},{"type":"Feature","properties":{"id":"nh_access:h3:843d90dffffffff","field":"national_highways","kind":"nh_access","source":"osm+worldpop","confidence":0.9,"population":492942.0,"nh_distance_km":6.72,"pipeline_access_gain_km":0.0,"share_within_10km":0.706},"geometry":{"type":"Polygon","coordinates":[[[76.0153,23.4882],[76.249,23.3991],[76.2696,23.1816],[76.058,23.0533],[75.8252,23.1416],[75.8031,23.359],[76.0153,23.4882]]]}},{"type":"Feature","properties":{"id":"nh_access:h3:843d911ffffffff","field":"national_highways","kind":"nh_access","source":"osm+worldpop","confidence":0.9,"population":415769.0,"nh_distance_km":8.76,"pipeline_access_gain_km":0.0,"share_within_10km":0.623},"geometry":{"type":"Polygon","coordinates":[[[77.5457,23.4849],[77.3343,23.5896],[77.3383,23.8215],[77.5542,23.9491],[77.7663,23.8447],[77.7619,23.6123],[77.5457,23.4849]]]}},{"type":"Feature","properties":{"id":"nh_access:h3:843d913ffffffff","field":"national_highways","kind":"nh_access","source":"osm+worldpop","confidence":0.9,"population":378614.0,"nh_distance_km":7.12,"pipeline_access_gain_km":0.0,"share_within_10km":0.744},"geometry":{"type":"Polygon","coordinates":[[[77.9742,23.5068],[77.7619,23.6123],[77.7663,23.8447],[77.9834,23.972],[78.1964,23.8668],[78.1916,23.6339],[77.9742,23.5068]]]}},{"type":"Feature","properties":{"id":"nh_access:h3:843d915ffffffff","field":"national_highways","kind":"nh_access","source":"osm+worldpop","confidence":0.9,"population":2243390.0,"nh_distance_km":6.01,"pipeline_access_gain_km":0.0,"share_within_10km":0.88},"geometry":{"type":"Polygon","coordinates":[[[77.3262,23.1246],[77.1154,23.2296],[77.1193,23.4619],[77.3343,23.5896],[77.5457,23.4849],[77.5415,23.2521],[77.3262,23.1246]]]}},{"type":"Feature","properties":{"id":"nh_access:h3:843d917ffffffff","field":"national_highways","kind":"nh_access","source":"osm+worldpop","confidence":0.9,"population":487827.0,"nh_distance_km":3.97,"pipeline_access_gain_km":0.03,"share_within_10km":0.871},"geometry":{"type":"Polygon","coordinates":[[[77.7531,23.1463],[77.5415,23.2521],[77.5457,23.4849],[77.7619,23.6123],[77.9742,23.5068],[77.9696,23.2735],[77.7531,23.1463]]]}},{"type":"Feature","properties":{"id":"nh_access:h3:843d919ffffffff","field":"national_highways","kind":"nh_access","source":"osm+worldpop","confidence":0.9,"population":357933.0,"nh_distance_km":7.34,"pipeline_access_gain_km":0.0,"share_within_10km":0.692},"geometry":{"type":"Polygon","coordinates":[[[77.3036,24.261],[77.5376,24.1689],[77.5542,23.9491],[77.3383,23.8215],[77.1052,23.9128],[77.0871,24.1325],[77.3036,24.261]]]}},{"type":"Feature","properties":{"id":"nh_access:h3:843d91bffffffff","field":"national_highways","kind":"nh_access","source":"osm+worldpop","confidence":0.9,"population":325328.0,"nh_distance_km":7.7,"pipeline_access_gain_km":0.0,"share_within_10km":0.639},"geometry":{"type":"Polygon","coordinates":[[[77.7548,24.2968],[77.988,24.204],[77.9834,23.972],[77.7663,23.8447],[77.5542,23.9491],[77.5376,24.1689],[77.7548,24.2968]]]}},{"type":"Feature","properties":{"id":"nh_access:h3:843d91dffffffff","field":"national_highways","kind":"nh_access","source":"osm+worldpop","confidence":0.9,"population":486082.0,"nh_distance_km":6.61,"pipeline_access_gain_km":0.0,"share_within_10km":0.74},"geometry":{"type":"Polygon","coordinates":[[[77.1052,23.9128],[77.3383,23.8215],[77.3343,23.5896],[77.1193,23.4619],[76.9087,23.5659],[76.89,23.7845],[77.1052,23.9128]]]}},{"type":"Feature","properties":{"id":"nh_access:h3:843d921ffffffff","field":"national_highways","kind":"nh_access","source":"osm+worldpop","confidence":0.9,"population":345857.0,"nh_distance_km":15.81,"pipeline_access_gain_km":0.02,"share_within_10km":0.39},"geometry":{"type":"Polygon","coordinates":[[[76.2541,22.0192],[76.0463,22.1244],[76.0492,22.3572],[76.2603,22.4853],[76.4688,22.3804],[76.4655,22.1471],[76.2541,22.0192]]]}},{"type":"Feature","properties":{"id":"nh_access:h3:843d923ffffffff","field":"national_highways","kind":"nh_access","source":"osm+worldpop","confidence":0.9,"population":146301.0,"nh_distance_km":28.19,"pipeline_access_gain_km":0.0,"share_within_10km":0.0},"geometry":{"type":"Polygon","coordinates":[[[76.6742,22.0411],[76.4655,22.1471],[76.4688,22.3804],[76.6811,22.5083],[76.8904,22.4026],[76.8868,22.1688],[76.6742,22.0411]]]}},{"type":"Feature","properties":{"id":"nh_access:h3:843d925ffffffff","field":"national_highways","kind":"nh_access","source":"osm+worldpop","confidence":0.9,"population":465831.0,"nh_distance_km":5.67,"pipeline_access_gain_km":0.01,"share_within_10km":0.791},"geometry":{"type":"Polygon","coordinates":[[[76.0405,21.6576],[75.8335,21.7631],[75.8362,21.9963],[76.0463,22.1244],[76.2541,22.0192],[76.251,21.7855],[76.0405,21.6576]]]}},{"type":"Feature","properties":{"id":"nh_access:h3:843d927ffffffff","field":"national_highways","kind":"nh_access","source":"osm+worldpop","confidence":0.9,"population":579725.0,"nh_distance_km":6.5,"pipeline_access_gain_km":0.0,"share_within_10km":0.745},"geometry":{"type":"Polygon","coordinates":[[[76.459,21.6792],[76.251,21.7855],[76.2541,22.0192],[76.4655,22.1471],[76.6742,22.0411],[76.6707,21.8069],[76.459,21.6792]]]}},{"type":"Feature","properties":{"id":"nh_access:h3:843d929ffffffff","field":"national_highways","kind":"nh_access","source":"osm+worldpop","confidence":0.9,"population":1649109.0,"nh_distance_km":2.25,"pipeline_access_gain_km":0.03,"share_within_10km":0.962},"geometry":{"type":"Polygon","coordinates":[[[76.0492,22.3572],[75.8416,22.4613],[75.8444,22.6933],[76.0551,22.8216],[76.2634,22.7178],[76.2603,22.4853],[76.0492,22.3572]]]}},{"type":"Feature","properties":{"id":"nh_access:h3:843d92bffffffff","field":"national_highways","kind":"nh_access","source":"osm+worldpop","confidence":0.9,"population":251532.0,"nh_distance_km":10.52,"pipeline_access_gain_km":0.0,"share_within_10km":0.522},"geometry":{"type":"Polygon","coordinates":[[[76.4688,22.3804],[76.2603,22.4853],[76.2634,22.7178],[76.4753,22.8459],[76.6845,22.7413],[76.6811,22.5083],[76.4688,22.3804]]]}},{"type":"Feature","properties":{"id":"nh_access:h3:843d92dffffffff","field":"national_highways","kind":"nh_access","source":"osm+worldpop","confidence":0.9,"population":462835.0,"nh_distance_km":11.89,"pipeline_access_gain_km":0.68,"share_within_10km":0.39},"geometry":{"type":"Polygon","coordinates":[[[75.8362,21.9963],[75.6293,22.1007],[75.6319,22.333],[75.8416,22.4613],[76.0492,22.3572],[76.0463,22.1244],[75.8362,21.9963]]]}},{"type":"Feature","properties":{"id":"nh_access:h3:843d931ffffffff","field":"national_highways","kind":"nh_access","source":"osm+worldpop","confidence":0.9,"population":335668.0,"nh_distance_km":8.22,"pipeline_access_gain_km":0.0,"share_within_10km":0.631},"geometry":{"type":"Polygon","coordinates":[[[77.3142,22.4239],[77.1039,22.5303],[77.1078,22.7638],[77.3222,22.8914],[77.5331,22.7853],[77.5289,22.5513],[77.3142,22.4239]]]}},{"type":"Feature","properties":{"id":"nh_access:h3:843d933ffffffff","field":"national_highways","kind":"nh_access","source":"osm+worldpop","confidence":0.9,"population":523240.0,"nh_distance_km":5.09,"pipeline_access_gain_km":0.0,"share_within_10km":0.843},"geometry":{"type":"Polygon","coordinates":[[[77.74,22.4441],[77.5289,22.5513],[77.5331,22.7853],[77.7487,22.9126],[77.9605,22.8057],[77.9559,22.5712],[77.74,22.4441]]]}},{"type":"Feature","properties":{"id":"nh_access:h3:843d935ffffffff","field":"national_highways","kind":"nh_access","source":"osm+worldpop","confidence":0.9,"population":400419.0,"nh_distance_km":10.55,"pipeline_access_gain_km":0.0,"share_within_10km":0.55},"geometry":{"type":"Polygon","coordinates":[[[77.0963,22.0621],[76.8868,22.1688],[76.8904,22.4026],[77.1039,22.5303],[77.3142,22.4239],[77.3102,22.1895],[77.0963,22.0621]]]}},{"type":"Feature","properties":{"id":"nh_access:h3:843d937ffffffff","field":"national_highways","kind":"nh_access","source":"osm+worldpop","confidence":0.9,"population":194484.0,"nh_distance_km":13.5,"pipeline_access_gain_km":0.0,"share_within_10km":0.372},"geometry":{"type":"Polygon","coordinates":[[[77.5205,22.082],[77.3102,22.1895],[77.3142,22.4239],[77.5289,22.5513],[77.74,22.4441],[77.7356,22.2092],[77.5205,22.082]]]}},{"type":"Feature","properties":{"id":"nh_access:h3:843d939ffffffff","field":"national_highways","kind":"nh_access","source":"osm+worldpop","confidence":0.9,"population":369713.0,"nh_distance_km":15.23,"pipeline_access_gain_km":0.0,"share_within_10km":0.248},"geometry":{"type":"Polygon","coordinates":[[[77.1078,22.7638],[76.8977,22.8692],[76.9014,23.1018],[77.1154,23.2296],[77.3262,23.1246],[77.3222,22.8914],[77.1078,22.7638]]]}},{"type":"Feature","properties":{"id":"nh_access:h3:843d93bffffffff","field":"national_highways","kind":"nh_access","source":"osm+worldpop","confidence":0.9,"population":730283.0,"nh_distance_km":4.15,"pipeline_access_gain_km":0.0,"share_within_10km":0.925},"geometry":{"type":"Polygon","coordinates":[[[77.5331,22.7853],[77.3222,22.8914],[77.3262,23.1246],[77.5415,23.2521],[77.7531,23.1463],[77.7487,22.9126],[77.5331,22.7853]]]}},{"type":"Feature","properties":{"id":"nh_access:h3:843d93dffffffff","field":"national_highways","kind":"nh_access","source":"osm+worldpop","confidence":0.9,"population":363774.0,"nh_distance_km":6.53,"pipeline_access_gain_km":0.0,"share_within_10km":0.727},"geometry":{"type":"Polygon","coordinates":[[[76.8904,22.4026],[76.6811,22.5083],[76.6845,22.7413],[76.8977,22.8692],[77.1078,22.7638],[77.1039,22.5303],[76.8904,22.4026]]]}},{"type":"Feature","properties":{"id":"nh_access:h3:843d941ffffffff","field":"national_highways","kind":"nh_access","source":"osm+worldpop","confidence":0.9,"population":419399.0,"nh_distance_km":9.16,"pipeline_access_gain_km":0.0,"share_within_10km":0.583},"geometry":{"type":"Polygon","coordinates":[[[75.4993,24.1046],[75.736,24.0154],[75.7585,23.7959],[75.5458,23.6658],[75.3099,23.7543],[75.286,23.9736],[75.4993,24.1046]]]}},{"type":"Feature","properties":{"id":"nh_access:h3:843d943ffffffff","field":"national_highways","kind":"nh_access","source":"osm+worldpop","confidence":0.9,"population":336972.0,"nh_distance_km":6.4,"pipeline_access_gain_km":0.0,"share_within_10km":0.759},"geometry":{"type":"Polygon","coordinates":[[[75.9501,24.1457],[76.1862,24.0557],[76.2073,23.8362],[75.9937,23.7067],[75.7585,23.7959],[75.736,24.0154],[75.9501,24.1457]]]}},{"type":"Feature","properties":{"id":"nh_access:h3:843d945ffffffff","field":"national_highways","kind":"nh_access","source":"osm+worldpop","confidence":0.9,"population":602161.0,"nh_distance_km":19.83,"pipeline_access_gain_km":0.0,"share_within_10km":0.211},"geometry":{"type":"Polygon","coordinates":[[[75.3099,23.7543],[75.5458,23.6658],[75.5688,23.4474],[75.3574,23.3176],[75.1225,23.4053],[75.098,23.6236],[75.3099,23.7543]]]}},{"type":"Feature","properties":{"id":"nh_access:h3:843d947ffffffff","field":"national_highways","kind":"nh_access","source":"osm+worldpop","confidence":0.9,"population":444094.0,"nh_distance_km":7.21,"pipeline_access_gain_km":0.0,"share_within_10km":0.701},"geometry":{"type":"Polygon","coordinates":[[[75.7585,23.7959],[75.9937,23.7067],[76.0153,23.4882],[75.8031,23.359],[75.5688,23.4474],[75.5458,23.6658],[75.7585,23.7959]]]}},{"type":"Feature","properties":{"id":"nh_access:h3:843d949ffffffff","field":"national_highways","kind":"nh_access","source":"osm+worldpop","confidence":0.9,"population":459055.0,"nh_distance_km":12.56,"pipeline_access_gain_km":0.0,"share_within_10km":0.43},"geometry":{"type":"Polygon","coordinates":[[[75.2375,24.4145],[75.4758,24.3251],[75.4993,24.1046],[75.286,23.9736],[75.0486,24.0622],[75.0236,24.2826],[75.2375,24.4145]]]}},{"type":"Feature","properties":{"id":"nh_access:h3:843d94bffffffff","field":"national_highways","kind":"nh_access","source":"osm+worldpop","confidence":0.9,"population":437293.0,"nh_distance_km":8.25,"pipeline_access_gain_km":0.0,"share_within_10km":0.67},"geometry":{"type":"Polygon","coordinates":[[[75.6905,24.4564],[75.9281,24.3663],[75.9501,24.1457],[75.736,24.0154],[75.4993,24.1046],[75.4758,24.3251],[75.6905,24.4564]]]}},{"type":"Feature","properties":{"id":"nh_access:h3:843d94dffffffff","field":"national_highways","kind":"nh_access","source":"osm+worldpop","confidence":0.9,"population":463170.0,"nh_distance_km":8.06,"pipeline_access_gain_km":0.07,"share_within_10km":0.635},"geometry":{"type":"Polygon","coordinates":[[[75.0486,24.0622],[75.286,23.9736],[75.3099,23.7543],[75.098,23.6236],[74.8616,23.7114],[74.8362,23.9306],[75.0486,24.0622]]]}},{"type":"Feature","properties":{"id":"nh_access:h3:843d951ffffffff","field":"national_highways","kind":"nh_access","source":"osm+worldpop","confidence":0.9,"population":447172.0,"nh_distance_km":8.42,"pipeline_access_gain_km":0.0,"share_within_10km":0.653},"geometry":{"type":"Polygon","coordinates":[[[76.5971,24.5362],[76.8333,24.4447],[76.8524,24.2239],[76.6366,24.0948],[76.4012,24.1855],[76.3807,24.4062],[76.5971,24.5362]]]}},{"type":"Feature","properties":{"id":"nh_access:h3:843d953ffffffff","field":"national_highways","kind":"nh_access","source":"osm+worldpop","confidence":0.9,"population":388004.0,"nh_distance_km":7.11,"pipeline_access_gain_km":0.0,"share_within_10km":0.719},"geometry":{"type":"Polygon","coordinates":[[[77.0505,24.5741],[77.2861,24.4818],[77.3036,24.261],[77.0871,24.1325],[76.8524,24.2239],[76.8333,24.4447],[77.0505,24.5741]]]}},{"type":"Feature","properties":{"id":"nh_access:h3:843d955ffffffff","field":"national_highways","kind":"nh_access","source":"osm+worldpop","confidence":0.9,"population":384229.0,"nh_distance_km":5.42,"pipeline_access_gain_km":0.0,"share_within_10km":0.818},"geometry":{"type":"Polygon","coordinates":[[[76.4012,24.1855],[76.6366,24.0948],[76.6562,23.8751],[76.4418,23.7463],[76.2073,23.8362],[76.1862,24.0557],[76.4012,24.1855]]]}},{"type":"Feature","properties":{"id":"nh_access:h3:843d957ffffffff","field":"national_highways","kind":"nh_access","source":"osm+worldpop","confidence":0.9,"population":482550.0,"nh_distance_km":4.34,"pipeline_access_gain_km":0.0,"share_within_10km":0.894},"geometry":{"type":"Polygon","coordinates":[[[76.8524,24.2239],[77.0871,24.1325],[77.1052,23.9128],[76.89,23.7845],[76.6562,23.8751],[76.6366,24.0948],[76.8524,24.2239]]]}},{"type":"Feature","properties":{"id":"nh_access:h3:843d959ffffffff","field":"national_highways","kind":"nh_access","source":"osm+worldpop","confidence":0.9,"population":434383.0,"nh_distance_km":11.75,"pipeline_access_gain_km":0.0,"share_within_10km":0.497},"geometry":{"type":"Polygon","coordinates":[[[76.3393,24.8496],[76.5771,24.758],[76.5971,24.5362],[76.3807,24.4062],[76.1437,24.497],[76.1223,24.7187],[76.3393,24.8496]]]}},{"type":"Feature","properties":{"id":"nh_access:h3:843d95bffffffff","field":"national_highways","kind":"nh_access","source":"osm+worldpop","confidence":0.9,"population":398576.0,"nh_distance_km":11.0,"pipeline_access_gain_km":0.0,"share_within_10km":0.477},"geometry":{"type":"Polygon","coordinates":[[[76.7949,24.8882],[77.0321,24.7959],[77.0505,24.5741],[76.8333,24.4447],[76.5971,24.5362],[76.5771,24.758],[76.7949,24.8882]]]}},{"type":"Feature","properties":{"id":"nh_access:h3:843d95dffffffff","field":"national_highways","kind":"nh_access","source":"osm+worldpop","confidence":0.9,"population":386609.0,"nh_distance_km":8.88,"pipeline_access_gain_km":0.0,"share_within_10km":0.588},"geometry":{"type":"Polygon","coordinates":[[[76.1437,24.497],[76.3807,24.4062],[76.4012,24.1855],[76.1862,24.0557],[75.9501,24.1457],[75.9281,24.3663],[76.1437,24.497]]]}},{"type":"Feature","properties":{"id":"nh_access:h3:843d961ffffffff","field":"national_highways","kind":"nh_access","source":"osm+worldpop","confidence":0.9,"population":476318.0,"nh_distance_km":7.77,"pipeline_access_gain_km":0.0,"share_within_10km":0.664},"geometry":{"type":"Polygon","coordinates":[[[75.381,23.1003],[75.6144,23.0127],[75.637,22.7964],[75.4276,22.6678],[75.195,22.7547],[75.171,22.9709],[75.381,23.1003]]]}},{"type":"Feature","properties":{"id":"nh_access:h3:843d963ffffffff","field":"national_highways","kind":"nh_access","source":"osm+worldpop","confidence":0.9,"population":1763639.0,"nh_distance_km":3.98,"pipeline_access_gain_km":0.01,"share_within_10km":0.922},"geometry":{"type":"Polygon","coordinates":[[[75.8252,23.1416],[76.058,23.0533],[76.0551,22.8216],[75.8444,22.6933],[75.637,22.7964],[75.6144,23.0127],[75.8252,23.1416]]]}},{"type":"Feature","properties":{"id":"nh_access:h3:843d965ffffffff","field":"national_highways","kind":"nh_access","source":"osm+worldpop","confidence":0.9,"population":443600.0,"nh_distance_km":6.93,"pipeline_access_gain_km":0.0,"share_within_10km":0.742},"geometry":{"type":"Polygon","coordinates":[[[75.195,22.7547],[75.4276,22.6678],[75.4252,22.4364],[75.2167,22.3079],[75.0109,22.4106],[74.9864,22.6256],[75.195,22.7547]]]}},{"type":"Feature","properties":{"id":"nh_access:h3:843d967ffffffff","field":"national_highways","kind":"nh_access","source":"osm+worldpop","confidence":0.9,"population":1407694.0,"nh_distance_km":2.87,"pipeline_access_gain_km":0.0,"share_within_10km":0.982},"geometry":{"type":"Polygon","coordinates":[[[75.6319,22.333],[75.4252,22.4364],[75.4276,22.6678],[75.637,22.7964],[75.8444,22.6933],[75.8416,22.4613],[75.6319,22.333]]]}},{"type":"Feature","properties":{"id":"nh_access:h3:843d969ffffffff","field":"national_highways","kind":"nh_access","source":"osm+worldpop","confidence":0.9,"population":670910.0,"nh_distance_km":5.65,"pipeline_access_gain_km":0.0,"share_within_10km":0.777},"geometry":{"type":"Polygon","coordinates":[[[75.1225,23.4053],[75.3574,23.3176],[75.381,23.1003],[75.171,22.9709],[74.937,23.0578],[74.912,23.275],[75.1225,23.4053]]]}},{"type":"Feature","properties":{"id":"nh_access:h3:843d96bffffffff","field":"national_highways","kind":"nh_access","source":"osm+worldpop","confidence":0.9,"population":812355.0,"nh_distance_km":5.49,"pipeline_access_gain_km":0.0,"share_within_10km":0.797},"geometry":{"type":"Polygon","coordinates":[[[75.5688,23.4474],[75.8031,23.359],[75.8252,23.1416],[75.6144,23.0127],[75.381,23.1003],[75.3574,23.3176],[75.5688,23.4474]]]}},{"type":"Feature","properties":{"id":"nh_access:h3:843d96dffffffff","field":"national_highways","kind":"nh_access","source":"osm+worldpop","confidence":0.9,"population":434221.0,"nh_distance_km":9.06,"pipeline_access_gain_km":0.0,"share_within_10km":0.547},"geometry":{"type":"Polygon","coordinates":[[[74.937,23.0578],[75.171,22.9709],[75.195,22.7547],[74.9864,22.6256],[74.7533,22.7118],[74.7279,22.9278],[74.937,23.0578]]]}},{"type":"Feature","properties":{"id":"nh_access:h3:843d981ffffffff","field":"national_highways","kind":"nh_access","source":"osm+worldpop","confidence":0.9,"population":284383.0,"nh_distance_km":9.38,"pipeline_access_gain_km":0.0,"share_within_10km":0.565},"geometry":{"type":"Polygon","coordinates":[[[79.4807,23.2223],[79.2659,23.3313],[79.2717,23.5659],[79.4926,23.6921],[79.708,23.5834],[79.7019,23.3483],[79.4807,23.2223]]]}},{"type":"Feature","properties":{"id":"nh_access:h3:843d983ffffffff","field":"national_highways","kind":"nh_access","source":"osm+worldpop","confidence":0.9,"population":481966.0,"nh_distance_km":9.69,"pipeline_access_gain_km":0.0,"share_within_10km":0.567},"geometry":{"type":"Polygon","coordinates":[[[79.9175,23.2385],[79.7019,23.3483],[79.708,23.5834],[79.9301,23.7092],[80.1463,23.5997],[80.1398,23.3641],[79.9175,23.2385]]]}},{"type":"Feature","properties":{"id":"nh_access:h3:843d985ffffffff","field":"national_highways","kind":"nh_access","source":"osm+worldpop","confidence":0.9,"population":360935.0,"nh_distance_km":4.98,"pipeline_access_gain_km":0.0,"share_within_10km":0.852},"geometry":{"type":"Polygon","coordinates":[[[79.2545,22.8606],[79.0404,22.9699],[79.0459,23.2049],[79.2659,23.3313],[79.4807,23.2223],[79.4748,22.9868],[79.2545,22.8606]]]}},{"type":"Feature","properties":{"id":"nh_access:h3:843d987ffffffff","field":"national_highways","kind":"nh_access","source":"osm+worldpop","confidence":0.9,"population":886946.0,"nh_distance_km":3.8,"pipeline_access_gain_km":0.0,"share_within_10km":0.882},"geometry":{"type":"Polygon","coordinates":[[[79.6897,22.8768],[79.4748,22.9868],[79.4807,23.2223],[79.7019,23.3483],[79.9175,23.2385],[79.9112,23.0025],[79.6897,22.8768]]]}},{"type":"Feature","properties":{"id":"nh_access:h3:843d989ffffffff","field":"national_highways","kind":"nh_access","source":"osm+worldpop","confidence":0.9,"population":496415.0,"nh_distance_km":10.26,"pipeline_access_gain_km":0.0,"share_within_10km":0.594},"geometry":{"type":"Polygon","coordinates":[[[79.2717,23.5659],[79.057,23.6738],[79.0625,23.9076],[79.2831,24.0339],[79.4985,23.9263],[79.4926,23.6921],[79.2717,23.5659]]]}},{"type":"Feature","properties":{"id":"nh_access:h3:843d98bffffffff","field":"national_highways","kind":"nh_access","source":"osm+worldpop","confidence":0.9,"population":332460.0,"nh_distance_km":18.54,"pipeline_access_gain_km":0.0,"share_within_10km":0.287},"geometry":{"type":"Polygon","coordinates":[[[79.708,23.5834],[79.4926,23.6921],[79.4985,23.9263],[79.7203,24.0523],[79.9364,23.9438],[79.9301,23.7092],[79.708,23.5834]]]}},{"type":"Feature","properties":{"id":"nh_access:h3:843d98dffffffff","field":"national_highways","kind":"nh_access","source":"osm+worldpop","confidence":0.9,"population":370862.0,"nh_distance_km":9.51,"pipeline_access_gain_km":0.0,"share_within_10km":0.564},"geometry":{"type":"Polygon","coordinates":[[[79.0459,23.2049],[78.8319,23.3131],[78.8372,23.5473],[79.057,23.6738],[79.2717,23.5659],[79.2659,23.3313],[79.0459,23.2049]]]}},{"type":"Feature","properties":{"id":"nh_access:h3:843d991ffffffff","field":"national_highways","kind":"nh_access","source":"osm+worldpop","confidence":0.9,"population":671962.0,"nh_distance_km":7.02,"pipeline_access_gain_km":0.0,"share_within_10km":0.748},"geometry":{"type":"Polygon","coordinates":[[[80.5864,23.6148],[80.3694,23.7251],[80.3761,23.9602],[80.6002,24.0854],[80.8177,23.9754],[80.8106,23.7399],[80.5864,23.6148]]]}},{"type":"Feature","properties":{"id":"nh_access:h3:843d993ffffffff","field":"national_highways","kind":"nh_access","source":"osm+worldpop","confidence":0.9,"population":320170.0,"nh_distance_km":33.11,"pipeline_access_gain_km":0.0,"share_within_10km":0.0},"geometry":{"type":"Polygon","coordinates":[[[81.0282,23.6288],[80.8106,23.7399],[80.8177,23.9754],[81.0428,24.1002],[81.2611,23.9893],[81.2536,23.7534],[81.0282,23.6288]]]}},{"type":"Feature","properties":{"id":"nh_access:h3:843d995ffffffff","field":"national_highways","kind":"nh_access","source":"osm+worldpop","confidence":0.9,"population":490093.0,"nh_distance_km":12.08,"pipeline_access_gain_km":0.0,"share_within_10km":0.386},"geometry":{"type":"Polygon","coordinates":[[[80.3561,23.2536],[80.1398,23.3641],[80.1463,23.5997],[80.3694,23.7251],[80.5864,23.6148],[80.5795,23.3788],[80.3561,23.2536]]]}},{"type":"Feature","properties":{"id":"nh_access:h3:843d997ffffffff","field":"national_highways","kind":"nh_access","source":"osm+worldpop","confidence":0.9,"population":361317.0,"nh_distance_km":7.35,"pipeline_access_gain_km":0.0,"share_within_10km":0.663},"geometry":{"type":"Polygon","coordinates":[[[80.7965,23.2675],[80.5795,23.3788],[80.5864,23.6148],[80.8106,23.7399],[81.0282,23.6288],[81.021,23.3924],[80.7965,23.2675]]]}},{"type":"Feature","properties":{"id":"nh_access:h3:843d999ffffffff","field":"national_highways","kind":"nh_access","source":"osm+worldpop","confidence":0.9,"population":239859.0,"nh_distance_km":5.24,"pipeline_access_gain_km":0.0,"share_within_10km":0.829},"geometry":{"type":"Polygon","coordinates":[[[80.3761,23.9602],[80.1593,24.0694],[80.1658,24.3036],[80.3896,24.429],[80.6071,24.32],[80.6002,24.0854],[80.3761,23.9602]]]}},{"type":"Feature","properties":{"id":"nh_access:h3:843d99bffffffff","field":"national_highways","kind":"nh_access","source":"osm+worldpop","confidence":0.9,"population":622262.0,"nh_distance_km":6.16,"pipeline_access_gain_km":0.0,"share_within_10km":0.763},"geometry":{"type":"Polygon","coordinates":[[[80.8177,23.9754],[80.6002,24.0854],[80.6071,24.32],[80.8319,24.445],[81.0501,24.3352],[81.0428,24.1002],[80.8177,23.9754]]]}},{"type":"Feature","properties":{"id":"nh_access:h3:843d99dffffffff","field":"national_highways","kind":"nh_access","source":"osm+worldpop","confidence":0.9,"population":401083.0,"nh_distance_km":12.78,"pipeline_access_gain_km":0.0,"share_within_10km":0.493},"geometry":{"type":"Polygon","coordinates":[[[80.1463,23.5997],[79.9301,23.7092],[79.9364,23.9438],[80.1593,24.0694],[80.3761,23.9602],[80.3694,23.7251],[80.1463,23.5997]]]}},{"type":"Feature","properties":{"id":"nh_access:h3:843d9a1ffffffff","field":"national_highways","kind":"nh_access","source":"osm+worldpop","confidence":0.9,"population":269136.0,"nh_distance_km":8.47,"pipeline_access_gain_km":0.0,"share_within_10km":0.567},"geometry":{"type":"Polygon","coordinates":[[[79.2375,22.1516],[79.0239,22.2621],[79.0294,22.4985],[79.2488,22.6247],[79.4631,22.5144],[79.4572,22.2777],[79.2375,22.1516]]]}},{"type":"Feature","properties":{"id":"nh_access:h3:843d9a3ffffffff","field":"national_highways","kind":"nh_access","source":"osm+worldpop","confidence":0.9,"population":340666.0,"nh_distance_km":11.5,"pipeline_access_gain_km":0.0,"share_within_10km":0.525},"geometry":{"type":"Polygon","coordinates":[[[79.6716,22.1664],[79.4572,22.2777],[79.4631,22.5144],[79.6837,22.6404],[79.8987,22.5293],[79.8924,22.2921],[79.6716,22.1664]]]}},{"type":"Feature","properties":{"id":"nh_access:h3:843d9a5ffffffff","field":"national_highways","kind":"nh_access","source":"osm+worldpop","confidence":0.9,"population":644501.0,"nh_distance_km":5.15,"pipeline_access_gain_km":0.0,"share_within_10km":0.89},"geometry":{"type":"Polygon","coordinates":[[[79.0129,21.7883],[78.8,21.8991],[78.8053,22.1358],[79.0239,22.2621],[79.2375,22.1516],[79.2318,21.9145],[79.0129,21.7883]]]}},{"type":"Feature","properties":{"id":"nh_access:h3:843d9a7ffffffff","field":"national_highways","kind":"nh_access","source":"osm+worldpop","confidence":0.9,"population":391041.0,"nh_distance_km":5.47,"pipeline_access_gain_km":0.0,"share_within_10km":0.809},"geometry":{"type":"Polygon","coordinates":[[[79.4455,21.8029],[79.2318,21.9145],[79.2375,22.1516],[79.4572,22.2777],[79.6716,22.1664],[79.6655,21.9287],[79.4455,21.8029]]]}},{"type":"Feature","properties":{"id":"nh_access:h3:843d9a9ffffffff","field":"national_highways","kind":"nh_access","source":"osm+worldpop","confidence":0.9,"population":312525.0,"nh_distance_km":12.03,"pipeline_access_gain_km":0.0,"share_within_10km":0.471},"geometry":{"type":"Polygon","coordinates":[[[79.0294,22.4985],[78.8159,22.608],[78.8212,22.8434],[79.0404,22.9699],[79.2545,22.8606],[79.2488,22.6247],[79.0294,22.4985]]]}},{"type":"Feature","properties":{"id":"nh_access:h3:843d9abffffffff","field":"national_highways","kind":"nh_access","source":"osm+worldpop","confidence":0.9,"population":259508.0,"nh_distance_km":6.6,"pipeline_access_gain_km":0.0,"share_within_10km":0.736},"geometry":{"type":"Polygon","coordinates":[[[79.4631,22.5144],[79.2488,22.6247],[79.2545,22.8606],[79.4748,22.9868],[79.6897,22.8768],[79.6837,22.6404],[79.4631,22.5144]]]}},{"type":"Feature","properties":{"id":"nh_access:h3:843d9adffffffff","field":"national_highways","kind":"nh_access","source":"osm+worldpop","confidence":0.9,"population":339433.0,"nh_distance_km":25.94,"pipeline_access_gain_km":0.0,"share_within_10km":0.008},"geometry":{"type":"Polygon","coordinates":[[[78.8053,22.1358],[78.5925,22.2456],[78.5976,22.4814],[78.8159,22.608],[79.0294,22.4985],[79.0239,22.2621],[78.8053,22.1358]]]}},{"type":"Feature","properties":{"id":"nh_access:h3:843d9b1ffffffff","field":"national_highways","kind":"nh_access","source":"osm+worldpop","confidence":0.9,"population":314330.0,"nh_distance_km":5.1,"pipeline_access_gain_km":0.0,"share_within_10km":0.826},"geometry":{"type":"Polygon","coordinates":[[[80.3361,22.5431],[80.1204,22.6549],[80.1268,22.8917],[80.3494,23.0172],[80.5657,22.9056],[80.5589,22.6683],[80.3361,22.5431]]]}},{"type":"Feature","properties":{"id":"nh_access:h3:843d9b3ffffffff","field":"national_highways","kind":"nh_access","source":"osm+worldpop","confidence":0.9,"population":202101.0,"nh_distance_km":9.19,"pipeline_access_gain_km":0.0,"share_within_10km":0.584},"geometry":{"type":"Polygon","coordinates":[[[80.7753,22.5557],[80.5589,22.6683],[80.5657,22.9056],[80.7894,23.0307],[81.0064,22.9183],[80.9992,22.6806],[80.7753,22.5557]]]}},{"type":"Feature","properties":{"id":"nh_access:h3:843d9b5ffffffff","field":"national_highways","kind":"nh_access","source":"osm+worldpop","confidence":0.9,"population":306313.0,"nh_distance_km":8.86,"pipeline_access_gain_km":0.0,"share_within_10km":0.595},"geometry":{"type":"Polygon","coordinates":[[[80.1075,22.18],[79.8924,22.2921],[79.8987,22.5293],[80.1204,22.6549],[80.3361,22.5431],[80.3295,22.3054],[80.1075,22.18]]]}},{"type":"Feature","properties":{"id":"nh_access:h3:843d9b7ffffffff","field":"national_highways","kind":"nh_access","source":"osm+worldpop","confidence":0.9,"population":292947.0,"nh_distance_km":6.69,"pipeline_access_gain_km":0.0,"share_within_10km":0.752},"geometry":{"type":"Polygon","coordinates":[[[80.5452,22.1925],[80.3295,22.3054],[80.3361,22.5431],[80.5589,22.6683],[80.7753,22.5557],[80.7683,22.3176],[80.5452,22.1925]]]}},{"type":"Feature","properties":{"id":"nh_access:h3:843d9b9ffffffff","field":"national_highways","kind":"nh_access","source":"osm+worldpop","confidence":0.9,"population":1285788.0,"nh_distance_km":2.43,"pipeline_access_gain_km":0.0,"share_within_10km":0.972},"geometry":{"type":"Polygon","coordinates":[[[80.1268,22.8917],[79.9112,23.0025],[79.9175,23.2385],[80.1398,23.3641],[80.3561,23.2536],[80.3494,23.0172],[80.1268,22.8917]]]}},{"type":"Feature","properties":{"id":"nh_access:h3:843d9bbffffffff","field":"national_highways","kind":"nh_access","source":"osm+worldpop","confidence":0.9,"population":681716.0,"nh_distance_km":6.95,"pipeline_access_gain_km":0.0,"share_within_10km":0.714},"geometry":{"type":"Polygon","coordinates":[[[80.5657,22.9056],[80.3494,23.0172],[80.3561,23.2536],[80.5795,23.3788],[80.7965,23.2675],[80.7894,23.0307],[80.5657,22.9056]]]}},{"type":"Feature","properties":{"id":"nh_access:h3:843d9bdffffffff","field":"national_highways","kind":"nh_access","source":"osm+worldpop","confidence":0.9,"population":297941.0,"nh_distance_km":12.43,"pipeline_access_gain_km":0.0,"share_within_10km":0.448},"geometry":{"type":"Polygon","coordinates":[[[79.8987,22.5293],[79.6837,22.6404],[79.6897,22.8768],[79.9112,23.0025],[80.1268,22.8917],[80.1204,22.6549],[79.8987,22.5293]]]}},{"type":"Feature","properties":{"id":"nh_access:h3:843d9c1ffffffff","field":"national_highways","kind":"nh_access","source":"osm+worldpop","confidence":0.9,"population":344941.0,"nh_distance_km":7.1,"pipeline_access_gain_km":0.06,"share_within_10km":0.689},"geometry":{"type":"Polygon","coordinates":[[[78.6285,23.8877],[78.4147,23.9938],[78.4197,24.2262],[78.6388,24.353],[78.8533,24.2473],[78.8479,24.0144],[78.6285,23.8877]]]}},{"type":"Feature","properties":{"id":"nh_access:h3:843d9c3ffffffff","field":"national_highways","kind":"nh_access","source":"osm+worldpop","confidence":0.9,"population":343393.0,"nh_distance_km":6.94,"pipeline_access_gain_km":0.0,"share_within_10km":0.705},"geometry":{"type":"Polygon","coordinates":[[[79.0625,23.9076],[78.8479,24.0144],[78.8533,24.2473],[79.0736,24.3738],[79.2889,24.2672],[79.2831,24.0339],[79.0625,23.9076]]]}},{"type":"Feature","properties":{"id":"nh_access:h3:843d9c5ffffffff","field":"national_highways","kind":"nh_access","source":"osm+worldpop","confidence":0.9,"population":405201.0,"nh_distance_km":7.87,"pipeline_access_gain_km":0.0,"share_within_10km":0.668},"geometry":{"type":"Polygon","coordinates":[[[78.4047,23.5276],[78.1916,23.6339],[78.1964,23.8668],[78.4147,23.9938],[78.6285,23.8877],[78.6233,23.6544],[78.4047,23.5276]]]}},{"type":"Feature","properties":{"id":"nh_access:h3:843d9c7ffffffff","field":"national_highways","kind":"nh_access","source":"osm+worldpop","confidence":0.9,"population":790698.0,"nh_distance_km":4.3,"pipeline_access_gain_km":0.01,"share_within_10km":0.867},"geometry":{"type":"Polygon","coordinates":[[[78.8372,23.5473],[78.6233,23.6544],[78.6285,23.8877],[78.8479,24.0144],[79.0625,23.9076],[79.057,23.6738],[78.8372,23.5473]]]}},{"type":"Feature","properties":{"id":"nh_access:h3:843d9c9ffffffff","field":"national_highways","kind":"nh_access","source":"osm+worldpop","confidence":0.9,"population":399121.0,"nh_distance_km":8.45,"pipeline_access_gain_km":0.0,"share_within_10km":0.6},"geometry":{"type":"Polygon","coordinates":[[[78.4108,24.6793],[78.644,24.585],[78.6388,24.353],[78.4197,24.2262],[78.206,24.3311],[78.1915,24.552],[78.4108,24.6793]]]}},{"type":"Feature","properties":{"id":"nh_access:h3:843d9cbffffffff","field":"national_highways","kind":"nh_access","source":"osm+worldpop","confidence":0.9,"population":401026.0,"nh_distance_km":12.65,"pipeline_access_gain_km":0.0,"share_within_10km":0.387},"geometry":{"type":"Polygon","coordinates":[[[78.8533,24.2473],[78.6388,24.353],[78.644,24.585],[78.8641,24.7117],[79.0792,24.6062],[79.0736,24.3738],[78.8533,24.2473]]]}},{"type":"Feature","properties":{"id":"nh_access:h3:843d9cdffffffff","field":"national_highways","kind":"nh_access","source":"osm+worldpop","confidence":0.9,"population":529143.0,"nh_distance_km":7.8,"pipeline_access_gain_km":0.0,"share_within_10km":0.661},"geometry":{"type":"Polygon","coordinates":[[[78.1964,23.8668],[77.9834,23.972],[77.988,24.204],[78.206,24.3311],[78.4197,24.2262],[78.4147,23.9938],[78.1964,23.8668]]]}},{"type":"Feature","properties":{"id":"nh_access:h3:843d9d1ffffffff","field":"national_highways","kind":"nh_access","source":"osm+worldpop","confidence":0.9,"population":170246.0,"nh_distance_km":7.44,"pipeline_access_gain_km":0.0,"share_within_10km":0.669},"geometry":{"type":"Polygon","coordinates":[[[79.7264,24.286],[79.5104,24.3934],[79.5163,24.6262],[79.7387,24.7522],[79.9554,24.6451],[79.949,24.4118],[79.7264,24.286]]]}},{"type":"Feature","properties":{"id":"nh_access:h3:843d9d3ffffffff","field":"national_highways","kind":"nh_access","source":"osm+worldpop","confidence":0.9,"population":363263.0,"nh_distance_km":5.42,"pipeline_access_gain_km":0.0,"share_within_10km":0.828},"geometry":{"type":"Polygon","coordinates":[[[80.1658,24.3036],[79.949,24.4118],[79.9554,24.6451],[80.1789,24.7706],[80.3963,24.6627],[80.3896,24.429],[80.1658,24.3036]]]}},{"type":"Feature","properties":{"id":"nh_access:h3:843d9d5ffffffff","field":"national_highways","kind":"nh_access","source":"osm+worldpop","confidence":0.9,"population":298317.0,"nh_distance_km":13.26,"pipeline_access_gain_km":0.0,"share_within_10km":0.436},"geometry":{"type":"Polygon","coordinates":[[[79.4985,23.9263],[79.2831,24.0339],[79.2889,24.2672],[79.5104,24.3934],[79.7264,24.286],[79.7203,24.0523],[79.4985,23.9263]]]}},{"type":"Feature","properties":{"id":"nh_access:h3:843d9d7ffffffff","field":"national_highways","kind":"nh_access","source":"osm+worldpop","confidence":0.9,"population":238138.0,"nh_distance_km":16.88,"pipeline_access_gain_km":0.0,"share_within_10km":0.33},"geometry":{"type":"Polygon","coordinates":[[[79.9364,23.9438],[79.7203,24.0523],[79.7264,24.286],[79.949,24.4118],[80.1658,24.3036],[80.1593,24.0694],[79.9364,23.9438]]]}},{"type":"Feature","properties":{"id":"nh_access:h3:843d9d9ffffffff","field":"national_highways","kind":"nh_access","source":"osm+worldpop","confidence":0.9,"population":557308.0,"nh_distance_km":4.73,"pipeline_access_gain_km":0.0,"share_within_10km":0.849},"geometry":{"type":"Polygon","coordinates":[[[79.5163,24.6262],[79.3004,24.7325],[79.3062,24.9644],[79.5283,25.0905],[79.7449,24.9845],[79.7387,24.7522],[79.5163,24.6262]]]}},{"type":"Feature","properties":{"id":"nh_access:h3:843d9dbffffffff","field":"national_highways","kind":"nh_access","source":"osm+worldpop","confidence":0.9,"population":366877.0,"nh_distance_km":11.75,"pipeline_access_gain_km":0.0,"share_within_10km":0.45},"geometry":{"type":"Polygon","coordinates":[[[79.9554,24.6451],[79.7387,24.7522],[79.7449,24.9845],[79.9681,25.1102],[80.1855,25.0034],[80.1789,24.7706],[79.9554,24.6451]]]}},{"type":"Feature","properties":{"id":"nh_access:h3:843d9ddffffffff","field":"national_highways","kind":"nh_access","source":"osm+worldpop","confidence":0.9,"population":371932.0,"nh_distance_km":5.11,"pipeline_access_gain_km":0.0,"share_within_10km":0.856},"geometry":{"type":"Polygon","coordinates":[[[79.2889,24.2672],[79.0736,24.3738],[79.0792,24.6062],[79.3004,24.7325],[79.5163,24.6262],[79.5104,24.3934],[79.2889,24.2672]]]}},{"type":"Feature","properties":{"id":"nh_access:h3:843d9e1ffffffff","field":"national_highways","kind":"nh_access","source":"osm+worldpop","confidence":0.9,"population":427480.0,"nh_distance_km":8.06,"pipeline_access_gain_km":0.0,"share_within_10km":0.614},"geometry":{"type":"Polygon","coordinates":[[[78.3899,22.8251],[78.1773,22.9328],[78.1821,23.1669],[78.3998,23.2939],[78.613,23.1865],[78.6079,22.9519],[78.3899,22.8251]]]}},{"type":"Feature","properties":{"id":"nh_access:h3:843d9e3ffffffff","field":"national_highways","kind":"nh_access","source":"osm+worldpop","confidence":0.9,"population":430095.0,"nh_distance_km":11.06,"pipeline_access_gain_km":0.0,"share_within_10km":0.512},"geometry":{"type":"Polygon","coordinates":[[[78.8212,22.8434],[78.6079,22.9519],[78.613,23.1865],[78.8319,23.3131],[79.0459,23.2049],[79.0404,22.9699],[78.8212,22.8434]]]}},{"type":"Feature","properties":{"id":"nh_access:h3:843d9e5ffffffff","field":"national_highways","kind":"nh_access","source":"osm+worldpop","confidence":0.9,"population":363187.0,"nh_distance_km":23.45,"pipeline_access_gain_km":0.0,"share_within_10km":0.053},"geometry":{"type":"Polygon","coordinates":[[[78.1678,22.4633],[77.9559,22.5712],[77.9605,22.8057],[78.1773,22.9328],[78.3899,22.8251],[78.3849,22.5901],[78.1678,22.4633]]]}},{"type":"Feature","properties":{"id":"nh_access:h3:843d9e7ffffffff","field":"national_highways","kind":"nh_access","source":"osm+worldpop","confidence":0.9,"population":331450.0,"nh_distance_km":34.88,"pipeline_access_gain_km":0.0,"share_within_10km":0.0},"geometry":{"type":"Polygon","coordinates":[[[78.5976,22.4814],[78.3849,22.5901],[78.3899,22.8251],[78.6079,22.9519],[78.8212,22.8434],[78.8159,22.608],[78.5976,22.4814]]]}},{"type":"Feature","properties":{"id":"nh_access:h3:843d9e9ffffffff","field":"national_highways","kind":"nh_access","source":"osm+worldpop","confidence":0.9,"population":253933.0,"nh_distance_km":22.88,"pipeline_access_gain_km":0.0,"share_within_10km":0.033},"geometry":{"type":"Polygon","coordinates":[[[78.1821,23.1669],[77.9696,23.2735],[77.9742,23.5068],[78.1916,23.6339],[78.4047,23.5276],[78.3998,23.2939],[78.1821,23.1669]]]}},{"type":"Feature","properties":{"id":"nh_access:h3:843d9ebffffffff","field":"national_highways","kind":"nh_access","source":"osm+worldpop","confidence":0.9,"population":278914.0,"nh_distance_km":21.85,"pipeline_access_gain_km":0.0,"share_within_10km":0.037},"geometry":{"type":"Polygon","coordinates":[[[78.613,23.1865],[78.3998,23.2939],[78.4047,23.5276],[78.6233,23.6544],[78.8372,23.5473],[78.8319,23.3131],[78.613,23.1865]]]}},{"type":"Feature","properties":{"id":"nh_access:h3:843d9edffffffff","field":"national_highways","kind":"nh_access","source":"osm+worldpop","confidence":0.9,"population":219264.0,"nh_distance_km":4.56,"pipeline_access_gain_km":0.0,"share_within_10km":0.887},"geometry":{"type":"Polygon","coordinates":[[[77.9605,22.8057],[77.7487,22.9126],[77.7531,23.1463],[77.9696,23.2735],[78.1821,23.1669],[78.1773,22.9328],[77.9605,22.8057]]]}},{"type":"Feature","properties":{"id":"nh_access:h3:843da01ffffffff","field":"national_highways","kind":"nh_access","source":"osm+worldpop","confidence":0.9,"population":869455.0,"nh_distance_km":4.09,"pipeline_access_gain_km":0.0,"share_within_10km":0.916},"geometry":{"type":"Polygon","coordinates":[[[76.01,28.2594],[76.2609,28.1635],[76.283,27.932],[76.0559,27.7964],[75.806,27.8915],[75.7822,28.1229],[76.01,28.2594]]]}},{"type":"Feature","properties":{"id":"nh_access:h3:843da03ffffffff","field":"national_highways","kind":"nh_access","source":"osm+worldpop","confidence":0.9,"population":1072521.0,"nh_distance_km":4.59,"pipeline_access_gain_km":0.0,"share_within_10km":0.859},"geometry":{"type":"Polygon","coordinates":[[[76.4896,28.2992],[76.7397,28.2024],[76.7602,27.9708],[76.5322,27.8361],[76.283,27.932],[76.2609,28.1635],[76.4896,28.2992]]]}},{"type":"Feature","properties":{"id":"nh_access:h3:843da05ffffffff","field":"national_highways","kind":"nh_access","source":"osm+worldpop","confidence":0.9,"population":722589.0,"nh_distance_km":21.08,"pipeline_access_gain_km":0.0,"share_within_10km":0.095},"geometry":{"type":"Polygon","coordinates":[[[75.806,27.8915],[76.0559,27.7964],[76.0786,27.5659],[75.853,27.4305],[75.6041,27.5247],[75.5798,27.7551],[75.806,27.8915]]]}},{"type":"Feature","properties":{"id":"nh_access:h3:843da07ffffffff","field":"national_highways","kind":"nh_access","source":"osm+worldpop","confidence":0.9,"population":1037906.0,"nh_distance_km":7.85,"pipeline_access_gain_km":0.0,"share_within_10km":0.642},"geometry":{"type":"Polygon","coordinates":[[[76.283,27.932],[76.5322,27.8361],[76.5532,27.6054],[76.3268,27.4708],[76.0786,27.5659],[76.0559,27.7964],[76.283,27.932]]]}},{"type":"Feature","properties":{"id":"nh_access:h3:843da09ffffffff","field":"national_highways","kind":"nh_access","source":"osm+worldpop","confidence":0.9,"population":737132.0,"nh_distance_km":5.28,"pipeline_access_gain_km":0.0,"share_within_10km":0.82},"geometry":{"type":"Polygon","coordinates":[[[75.7342,28.5876],[75.9868,28.4918],[76.01,28.2594],[75.7822,28.1229],[75.5306,28.2179],[75.5057,28.4502],[75.7342,28.5876]]]}},{"type":"Feature","properties":{"id":"nh_access:h3:843da0bffffffff","field":"national_highways","kind":"nh_access","source":"osm+worldpop","confidence":0.9,"population":873607.0,"nh_distance_km":6.1,"pipeline_access_gain_km":0.01,"share_within_10km":0.755},"geometry":{"type":"Polygon","coordinates":[[[76.2162,28.6284],[76.4681,28.5316],[76.4896,28.2992],[76.2609,28.1635],[76.01,28.2594],[75.9868,28.4918],[76.2162,28.6284]]]}},{"type":"Feature","properties":{"id":"nh_access:h3:843da0dffffffff","field":"national_highways","kind":"nh_access","source":"osm+worldpop","confidence":0.9,"population":710976.0,"nh_distance_km":7.16,"pipeline_access_gain_km":0.0,"share_within_10km":0.704},"geometry":{"type":"Polygon","coordinates":[[[75.5306,28.2179],[75.7822,28.1229],[75.806,27.8915],[75.5798,27.7551],[75.3292,27.8493],[75.3038,28.0806],[75.5306,28.2179]]]}},{"type":"Feature","properties":{"id":"nh_access:h3:843da11ffffffff","field":"national_highways","kind":"nh_access","source":"osm+worldpop","confidence":0.9,"population":15208039.0,"nh_distance_km":2.15,"pipeline_access_gain_km":0.01,"share_within_10km":0.999},"geometry":{"type":"Polygon","coordinates":[[[77.1807,28.7047],[77.431,28.6062],[77.4491,28.3737],[77.2186,28.2396],[76.9693,28.3373],[76.9495,28.5698],[77.1807,28.7047]]]}},{"type":"Feature","properties":{"id":"nh_access:h3:843da13ffffffff","field":"national_highways","kind":"nh_access","source":"osm+worldpop","confidence":0.9,"population":2824381.0,"nh_distance_km":3.05,"pipeline_access_gain_km":0.0,"share_within_10km":0.992},"geometry":{"type":"Polygon","coordinates":[[[77.663,28.7403],[77.9124,28.6409],[77.9288,28.4084],[77.6975,28.2752],[77.4491,28.3737],[77.431,28.6062],[77.663,28.7403]]]}},{"type":"Feature","properties":{"id":"nh_access:h3:843da15ffffffff","field":"national_highways","kind":"nh_access","source":"osm+worldpop","confidence":0.9,"population":1501528.0,"nh_distance_km":3.89,"pipeline_access_gain_km":0.0,"share_within_10km":0.891},"geometry":{"type":"Polygon","coordinates":[[[76.9693,28.3373],[77.2186,28.2396],[77.2374,28.008],[77.0085,27.874],[76.7602,27.9708],[76.7397,28.2024],[76.9693,28.3373]]]}},{"type":"Feature","properties":{"id":"nh_access:h3:843da17ffffffff","field":"national_highways","kind":"nh_access","source":"osm+worldpop","confidence":0.9,"population":1455297.0,"nh_distance_km":2.92,"pipeline_access_gain_km":0.09,"share_within_10km":0.971},"geometry":{"type":"Polygon","coordinates":[[[77.4491,28.3737],[77.6975,28.2752],[77.7146,28.0435],[77.4849,27.9104],[77.2374,28.008],[77.2186,28.2396],[77.4491,28.3737]]]}},{"type":"Feature","properties":{"id":"nh_access:h3:843da19ffffffff","field":"national_highways","kind":"nh_access","source":"osm+worldpop","confidence":0.9,"population":6828993.0,"nh_distance_km":1.7,"pipeline_access_gain_km":0.02,"share_within_10km":1.0},"geometry":{"type":"Polygon","coordinates":[[[76.9094,29.0367],[77.1615,28.9382],[77.1807,28.7047],[76.9495,28.5698],[76.6984,28.6674],[76.6775,28.9008],[76.9094,29.0367]]]}},{"type":"Feature","properties":{"id":"nh_access:h3:843da1bffffffff","field":"national_highways","kind":"nh_access","source":"osm+worldpop","confidence":0.9,"population":8688290.0,"nh_distance_km":1.13,"pipeline_access_gain_km":0.0,"share_within_10km":0.999},"geometry":{"type":"Polygon","coordinates":[[[77.3943,29.0732],[77.6455,28.9738],[77.663,28.7403],[77.431,28.6062],[77.1807,28.7047],[77.1615,28.9382],[77.3943,29.0732]]]}},{"type":"Feature","properties":{"id":"nh_access:h3:843da1dffffffff","field":"national_highways","kind":"nh_access","source":"osm+worldpop","confidence":0.9,"population":1442261.0,"nh_distance_km":3.23,"pipeline_access_gain_km":0.02,"share_within_10km":0.97},"geometry":{"type":"Polygon","coordinates":[[[76.6984,28.6674],[76.9495,28.5698],[76.9693,28.3373],[76.7397,28.2024],[76.4896,28.2992],[76.4681,28.5316],[76.6984,28.6674]]]}},{"type":"Feature","properties":{"id":"nh_access:h3:843da21ffffffff","field":"national_highways","kind":"nh_access","source":"osm+worldpop","confidence":0.9,"population":4113484.0,"nh_distance_km":1.82,"pipeline_access_gain_km":0.01,"share_within_10km":0.999},"geometry":{"type":"Polygon","coordinates":[[[75.8763,27.2009],[76.1235,27.1067],[76.1458,26.878],[75.9224,26.7437],[75.6762,26.8371],[75.6523,27.0657],[75.8763,27.2009]]]}},{"type":"Feature","properties":{"id":"nh_access:h3:843da23ffffffff","field":"national_highways","kind":"nh_access","source":"osm+worldpop","confidence":0.9,"population":1078056.0,"nh_distance_km":4.06,"pipeline_access_gain_km":0.07,"share_within_10km":0.885},"geometry":{"type":"Polygon","coordinates":[[[76.3484,27.2412],[76.5949,27.1461],[76.6155,26.9173],[76.3913,26.7838],[76.1458,26.878],[76.1235,27.1067],[76.3484,27.2412]]]}},{"type":"Feature","properties":{"id":"nh_access:h3:843da25ffffffff","field":"national_highways","kind":"nh_access","source":"osm+worldpop","confidence":0.9,"population":551425.0,"nh_distance_km":9.98,"pipeline_access_gain_km":0.0,"share_within_10km":0.59},"geometry":{"type":"Polygon","coordinates":[[[75.6762,26.8371],[75.9224,26.7437],[75.9452,26.5161],[75.7234,26.382],[75.4782,26.4746],[75.4537,26.7021],[75.6762,26.8371]]]}},{"type":"Feature","properties":{"id":"nh_access:h3:843da27ffffffff","field":"national_highways","kind":"nh_access","source":"osm+worldpop","confidence":0.9,"population":753614.0,"nh_distance_km":4.54,"pipeline_access_gain_km":0.0,"share_within_10km":0.865},"geometry":{"type":"Polygon","coordinates":[[[76.1458,26.878],[76.3913,26.7838],[76.4125,26.5561],[76.1898,26.4227],[75.9452,26.5161],[75.9224,26.7437],[76.1458,26.878]]]}},{"type":"Feature","properties":{"id":"nh_access:h3:843da29ffffffff","field":"national_highways","kind":"nh_access","source":"osm+worldpop","confidence":0.9,"population":912254.0,"nh_distance_km":7.8,"pipeline_access_gain_km":0.0,"share_within_10km":0.65},"geometry":{"type":"Polygon","coordinates":[[[75.6041,27.5247],[75.853,27.4305],[75.8763,27.2009],[75.6523,27.0657],[75.4044,27.1591],[75.3795,27.3885],[75.6041,27.5247]]]}},{"type":"Feature","properties":{"id":"nh_access:h3:843da2bffffffff","field":"national_highways","kind":"nh_access","source":"osm+worldpop","confidence":0.9,"population":773683.0,"nh_distance_km":3.98,"pipeline_access_gain_km":0.0,"share_within_10km":0.906},"geometry":{"type":"Polygon","coordinates":[[[76.0786,27.5659],[76.3268,27.4708],[76.3484,27.2412],[76.1235,27.1067],[75.8763,27.2009],[75.853,27.4305],[76.0786,27.5659]]]}},{"type":"Feature","properties":{"id":"nh_access:h3:843da2dffffffff","field":"national_highways","kind":"nh_access","source":"osm+worldpop","confidence":0.9,"population":884846.0,"nh_distance_km":12.09,"pipeline_access_gain_km":0.0,"share_within_10km":0.46},"geometry":{"type":"Polygon","coordinates":[[[75.4044,27.1591],[75.6523,27.0657],[75.6762,26.8371],[75.4537,26.7021],[75.2068,26.7947],[75.1814,27.0231],[75.4044,27.1591]]]}},{"type":"Feature","properties":{"id":"nh_access:h3:843da31ffffffff","field":"national_highways","kind":"nh_access","source":"osm+worldpop","confidence":0.9,"population":999176.0,"nh_distance_km":15.36,"pipeline_access_gain_km":0.0,"share_within_10km":0.278},"geometry":{"type":"Polygon","coordinates":[[[77.0279,27.6434],[77.2745,27.5466],[77.2929,27.3168],[77.0663,27.1839],[76.8206,27.2798],[76.8006,27.5095],[77.0279,27.6434]]]}},{"type":"Feature","properties":{"id":"nh_access:h3:843da33ffffffff","field":"national_highways","kind":"nh_access","source":"osm+worldpop","confidence":0.9,"population":2027230.0,"nh_distance_km":9.29,"pipeline_access_gain_km":0.0,"share_within_10km":0.585},"geometry":{"type":"Polygon","coordinates":[[[77.5027,27.6796],[77.7485,27.582],[77.7652,27.3522],[77.5378,27.2201],[77.2929,27.3168],[77.2745,27.5466],[77.5027,27.6796]]]}},{"type":"Feature","properties":{"id":"nh_access:h3:843da35ffffffff","field":"national_highways","kind":"nh_access","source":"osm+worldpop","confidence":0.9,"population":887037.0,"nh_distance_km":5.04,"pipeline_access_gain_km":0.0,"share_within_10km":0.857},"geometry":{"type":"Polygon","coordinates":[[[76.8206,27.2798],[77.0663,27.1839],[77.0853,26.9551],[76.8603,26.8223],[76.6155,26.9173],[76.5949,27.1461],[76.8206,27.2798]]]}},{"type":"Feature","properties":{"id":"nh_access:h3:843da37ffffffff","field":"national_highways","kind":"nh_access","source":"osm+worldpop","confidence":0.9,"population":1089136.0,"nh_distance_km":7.93,"pipeline_access_gain_km":0.0,"share_within_10km":0.683},"geometry":{"type":"Polygon","coordinates":[[[77.2929,27.3168],[77.5378,27.2201],[77.5552,26.9913],[77.3293,26.8592],[77.0853,26.9551],[77.0663,27.1839],[77.2929,27.3168]]]}},{"type":"Feature","properties":{"id":"nh_access:h3:843da39ffffffff","field":"national_highways","kind":"nh_access","source":"osm+worldpop","confidence":0.9,"population":985868.0,"nh_distance_km":10.82,"pipeline_access_gain_km":0.36,"share_within_10km":0.534},"geometry":{"type":"Polygon","coordinates":[[[76.7602,27.9708],[77.0085,27.874],[77.0279,27.6434],[76.8006,27.5095],[76.5532,27.6054],[76.5322,27.8361],[76.7602,27.9708]]]}},{"type":"Feature","properties":{"id":"nh_access:h3:843da3bffffffff","field":"national_highways","kind":"nh_access","source":"osm+worldpop","confidence":0.9,"population":1567684.0,"nh_distance_km":9.49,"pipeline_access_gain_km":0.0,"share_within_10km":0.552},"geometry":{"type":"Polygon","coordinates":[[[77.2374,28.008],[77.4849,27.9104],[77.5027,27.6796],[77.2745,27.5466],[77.0279,27.6434],[77.0085,27.874],[77.2374,28.008]]]}},{"type":"Feature","properties":{"id":"nh_access:h3:843da3dffffffff","field":"national_highways","kind":"nh_access","source":"osm+worldpop","confidence":0.9,"population":970791.0,"nh_distance_km":4.05,"pipeline_access_gain_km":0.0,"share_within_10km":0.917},"geometry":{"type":"Polygon","coordinates":[[[76.5532,27.6054],[76.8006,27.5095],[76.8206,27.2798],[76.5949,27.1461],[76.3484,27.2412],[76.3268,27.4708],[76.5532,27.6054]]]}},{"type":"Feature","properties":{"id":"nh_access:h3:843da41ffffffff","field":"national_highways","kind":"nh_access","source":"osm+worldpop","confidence":0.9,"population":225948.0,"nh_distance_km":7.84,"pipeline_access_gain_km":0.0,"share_within_10km":0.659},"geometry":{"type":"Polygon","coordinates":[[[74.9712,28.8731],[75.2264,28.7782],[75.2523,28.5451],[75.0249,28.4069],[74.7708,28.5009],[74.7432,28.7339],[74.9712,28.8731]]]}},{"type":"Feature","properties":{"id":"nh_access:h3:843da43ffffffff","field":"national_highways","kind":"nh_access","source":"osm+worldpop","confidence":0.9,"population":350161.0,"nh_distance_km":7.26,"pipeline_access_gain_km":0.0,"share_within_10km":0.671},"geometry":{"type":"Polygon","coordinates":[[[75.4555,28.9166],[75.7099,28.8209],[75.7342,28.5876],[75.5057,28.4502],[75.2523,28.5451],[75.2264,28.7782],[75.4555,28.9166]]]}},{"type":"Feature","properties":{"id":"nh_access:h3:843da45ffffffff","field":"national_highways","kind":"nh_access","source":"osm+worldpop","confidence":0.9,"population":406489.0,"nh_distance_km":8.08,"pipeline_access_gain_km":0.0,"share_within_10km":0.672},"geometry":{"type":"Polygon","coordinates":[[[74.7708,28.5009],[75.0249,28.4069],[75.0514,28.1747],[74.8256,28.0367],[74.5726,28.1299],[74.5444,28.3619],[74.7708,28.5009]]]}},{"type":"Feature","properties":{"id":"nh_access:h3:843da47ffffffff","field":"national_highways","kind":"nh_access","source":"osm+worldpop","confidence":0.9,"population":432763.0,"nh_distance_km":8.56,"pipeline_access_gain_km":0.0,"share_within_10km":0.591},"geometry":{"type":"Polygon","coordinates":[[[75.2523,28.5451],[75.5057,28.4502],[75.5306,28.2179],[75.3038,28.0806],[75.0514,28.1747],[75.0249,28.4069],[75.2523,28.5451]]]}},{"type":"Feature","properties":{"id":"nh_access:h3:843da49ffffffff","field":"national_highways","kind":"nh_access","source":"osm+worldpop","confidence":0.9,"population":228177.0,"nh_distance_km":11.78,"pipeline_access_gain_km":0.0,"share_within_10km":0.52},"geometry":{"type":"Polygon","coordinates":[[[74.6872,29.2017],[74.9441,29.107],[74.9712,28.8731],[74.7432,28.7339],[74.4874,28.8278],[74.4585,29.0616],[74.6872,29.2017]]]}},{"type":"Feature","properties":{"id":"nh_access:h3:843da4bffffffff","field":"national_highways","kind":"nh_access","source":"osm+worldpop","confidence":0.9,"population":359452.0,"nh_distance_km":25.05,"pipeline_access_gain_km":0.0,"share_within_10km":0.033},"geometry":{"type":"Polygon","coordinates":[[[75.1739,29.2463],[75.4301,29.1507],[75.4555,28.9166],[75.2264,28.7782],[74.9712,28.8731],[74.9441,29.107],[75.1739,29.2463]]]}},{"type":"Feature","properties":{"id":"nh_access:h3:843da4dffffffff","field":"national_highways","kind":"nh_access","source":"osm+worldpop","confidence":0.9,"population":205324.0,"nh_distance_km":37.67,"pipeline_access_gain_km":0.0,"share_within_10km":0.0},"geometry":{"type":"Polygon","coordinates":[[[74.4874,28.8278],[74.7432,28.7339],[74.7708,28.5009],[74.5444,28.3619],[74.2896,28.455],[74.2603,28.6879],[74.4874,28.8278]]]}},{"type":"Feature","properties":{"id":"nh_access:h3:843da51ffffffff","field":"national_highways","kind":"nh_access","source":"osm+worldpop","confidence":0.9,"population":827137.0,"nh_distance_km":3.64,"pipeline_access_gain_km":0.0,"share_within_10km":0.929},"geometry":{"type":"Polygon","coordinates":[[[76.148,29.3302],[76.4027,29.2327],[76.4246,28.9984],[76.1936,28.8617],[75.94,28.9584],[75.9163,29.1926],[76.148,29.3302]]]}},{"type":"Feature","properties":{"id":"nh_access:h3:843da53ffffffff","field":"national_highways","kind":"nh_access","source":"osm+worldpop","confidence":0.9,"population":919851.0,"nh_distance_km":3.1,"pipeline_access_gain_km":0.0,"share_within_10km":0.968},"geometry":{"type":"Polygon","coordinates":[[[76.6353,29.3695],[76.8892,29.271],[76.9094,29.0367],[76.6775,28.9008],[76.4246,28.9984],[76.4027,29.2327],[76.6353,29.3695]]]}},{"type":"Feature","properties":{"id":"nh_access:h3:843da55ffffffff","field":"national_highways","kind":"nh_access","source":"osm+worldpop","confidence":0.9,"population":815491.0,"nh_distance_km":4.99,"pipeline_access_gain_km":0.0,"share_within_10km":0.809},"geometry":{"type":"Polygon","coordinates":[[[75.94,28.9584],[76.1936,28.8617],[76.2162,28.6284],[75.9868,28.4918],[75.7342,28.5876],[75.7099,28.8209],[75.94,28.9584]]]}},{"type":"Feature","properties":{"id":"nh_access:h3:843da57ffffffff","field":"national_highways","kind":"nh_access","source":"osm+worldpop","confidence":0.9,"population":1132717.0,"nh_distance_km":2.46,"pipeline_access_gain_km":0.0,"share_within_10km":0.985},"geometry":{"type":"Polygon","coordinates":[[[76.4246,28.9984],[76.6775,28.9008],[76.6984,28.6674],[76.4681,28.5316],[76.2162,28.6284],[76.1936,28.8617],[76.4246,28.9984]]]}},{"type":"Feature","properties":{"id":"nh_access:h3:843da59ffffffff","field":"national_highways","kind":"nh_access","source":"osm+worldpop","confidence":0.9,"population":764523.0,"nh_distance_km":6.41,"pipeline_access_gain_km":0.0,"share_within_10km":0.756},"geometry":{"type":"Polygon","coordinates":[[[75.8684,29.6627],[76.1249,29.5653],[76.148,29.3302],[75.9163,29.1926],[75.6608,29.2892],[75.636,29.5242],[75.8684,29.6627]]]}},{"type":"Feature","properties":{"id":"nh_access:h3:843da5bffffffff","field":"national_highways","kind":"nh_access","source":"osm+worldpop","confidence":0.9,"population":1047445.0,"nh_distance_km":2.85,"pipeline_access_gain_km":0.0,"share_within_10km":0.991},"geometry":{"type":"Polygon","coordinates":[[[76.3583,29.703],[76.614,29.6047],[76.6353,29.3695],[76.4027,29.2327],[76.148,29.3302],[76.1249,29.5653],[76.3583,29.703]]]}},{"type":"Feature","properties":{"id":"nh_access:h3:843da5dffffffff","field":"national_highways","kind":"nh_access","source":"osm+worldpop","confidence":0.9,"population":909807.0,"nh_distance_km":4.97,"pipeline_access_gain_km":0.0,"share_within_10km":0.844},"geometry":{"type":"Polygon","coordinates":[[[75.6608,29.2892],[75.9163,29.1926],[75.94,28.9584],[75.7099,28.8209],[75.4555,28.9166],[75.4301,29.1507],[75.6608,29.2892]]]}},{"type":"Feature","properties":{"id":"nh_access:h3:843da61ffffffff","field":"national_highways","kind":"nh_access","source":"osm+worldpop","confidence":0.9,"population":551264.0,"nh_distance_km":15.08,"pipeline_access_gain_km":0.0,"share_within_10km":0.314},"geometry":{"type":"Polygon","coordinates":[[[74.8527,27.8055],[75.1039,27.7122],[75.1299,27.4819],[74.9063,27.345],[74.656,27.4375],[74.6284,27.6677],[74.8527,27.8055]]]}},{"type":"Feature","properties":{"id":"nh_access:h3:843da63ffffffff","field":"national_highways","kind":"nh_access","source":"osm+worldpop","confidence":0.9,"population":872212.0,"nh_distance_km":10.49,"pipeline_access_gain_km":0.0,"share_within_10km":0.57},"geometry":{"type":"Polygon","coordinates":[[[75.3292,27.8493],[75.5798,27.7551],[75.6041,27.5247],[75.3795,27.3885],[75.1299,27.4819],[75.1039,27.7122],[75.3292,27.8493]]]}},{"type":"Feature","properties":{"id":"nh_access:h3:843da65ffffffff","field":"national_highways","kind":"nh_access","source":"osm+worldpop","confidence":0.9,"population":626172.0,"nh_distance_km":27.95,"pipeline_access_gain_km":0.0,"share_within_10km":0.091},"geometry":{"type":"Polygon","coordinates":[[[74.656,27.4375],[74.9063,27.345],[74.9328,27.1157],[74.7107,26.979],[74.4615,27.0707],[74.4333,27.2998],[74.656,27.4375]]]}},{"type":"Feature","properties":{"id":"nh_access:h3:843da67ffffffff","field":"national_highways","kind":"nh_access","source":"osm+worldpop","confidence":0.9,"population":512664.0,"nh_distance_km":29.45,"pipeline_access_gain_km":0.0,"share_within_10km":0.008},"geometry":{"type":"Polygon","coordinates":[[[75.1299,27.4819],[75.3795,27.3885],[75.4044,27.1591],[75.1814,27.0231],[74.9328,27.1157],[74.9063,27.345],[75.1299,27.4819]]]}},{"type":"Feature","properties":{"id":"nh_access:h3:843da69ffffffff","field":"national_highways","kind":"nh_access","source":"osm+worldpop","confidence":0.9,"population":424376.0,"nh_distance_km":6.95,"pipeline_access_gain_km":0.0,"share_within_10km":0.684},"geometry":{"type":"Polygon","coordinates":[[[74.5726,28.1299],[74.8256,28.0367],[74.8527,27.8055],[74.6284,27.6677],[74.3765,27.7601],[74.3477,27.9911],[74.5726,28.1299]]]}},{"type":"Feature","properties":{"id":"nh_access:h3:843da6bffffffff","field":"national_highways","kind":"nh_access","source":"osm+worldpop","confidence":0.9,"population":755152.0,"nh_distance_km":7.77,"pipeline_access_gain_km":0.0,"share_within_10km":0.67},"geometry":{"type":"Polygon","coordinates":[[[75.0514,28.1747],[75.3038,28.0806],[75.3292,27.8493],[75.1039,27.7122],[74.8527,27.8055],[74.8256,28.0367],[75.0514,28.1747]]]}},{"type":"Feature","properties":{"id":"nh_access:h3:843da6dffffffff","field":"national_highways","kind":"nh_access","source":"osm+worldpop","confidence":0.9,"population":442674.0,"nh_distance_km":4.6,"pipeline_access_gain_km":0.0,"share_within_10km":0.881},"geometry":{"type":"Polygon","coordinates":[[[74.3765,27.7601],[74.6284,27.6677],[74.656,27.4375],[74.4333,27.2998],[74.1825,27.3915],[74.1532,27.6215],[74.3765,27.7601]]]}},{"type":"Feature","properties":{"id":"nh_access:h3:843da81ffffffff","field":"national_highways","kind":"nh_access","source":"osm+worldpop","confidence":0.9,"population":2967529.0,"nh_distance_km":3.44,"pipeline_access_gain_km":0.0,"share_within_10km":0.912},"geometry":{"type":"Polygon","coordinates":[[[79.3672,28.5022],[79.612,28.4003],[79.6224,28.1687],[79.3897,28.039],[79.1458,28.1399],[79.1337,28.3716],[79.3672,28.5022]]]}},{"type":"Feature","properties":{"id":"nh_access:h3:843da83ffffffff","field":"national_highways","kind":"nh_access","source":"osm+worldpop","confidence":0.9,"population":1275482.0,"nh_distance_km":4.59,"pipeline_access_gain_km":1.31,"share_within_10km":0.89},"geometry":{"type":"Polygon","coordinates":[[[79.8462,28.53],[80.09,28.4273],[80.0987,28.1958],[79.8653,28.067],[79.6224,28.1687],[79.612,28.4003],[79.8462,28.53]]]}},{"type":"Feature","properties":{"id":"nh_access:h3:843da85ffffffff","field":"national_highways","kind":"nh_access","source":"osm+worldpop","confidence":0.9,"population":1521033.0,"nh_distance_km":10.05,"pipeline_access_gain_km":0.0,"share_within_10km":0.566},"geometry":{"type":"Polygon","coordinates":[[[79.1458,28.1399],[79.3897,28.039],[79.4008,27.8083],[79.1696,27.6786],[78.9265,27.7786],[78.9138,28.0093],[79.1458,28.1399]]]}},{"type":"Feature","properties":{"id":"nh_access:h3:843da87ffffffff","field":"national_highways","kind":"nh_access","source":"osm+worldpop","confidence":0.9,"population":1405556.0,"nh_distance_km":3.74,"pipeline_access_gain_km":0.0,"share_within_10km":0.969},"geometry":{"type":"Polygon","coordinates":[[[79.6224,28.1687],[79.8653,28.067],[79.8748,27.8364],[79.6429,27.7075],[79.4008,27.8083],[79.3897,28.039],[79.6224,28.1687]]]}},{"type":"Feature","properties":{"id":"nh_access:h3:843da89ffffffff","field":"national_highways","kind":"nh_access","source":"osm+worldpop","confidence":0.9,"population":1942432.0,"nh_distance_km":7.95,"pipeline_access_gain_km":0.71,"share_within_10km":0.629},"geometry":{"type":"Polygon","coordinates":[[[79.1093,28.8366],[79.3559,28.7347],[79.3672,28.5022],[79.1337,28.3716],[78.888,28.4726],[78.8749,28.7052],[79.1093,28.8366]]]}},{"type":"Feature","properties":{"id":"nh_access:h3:843da8bffffffff","field":"national_highways","kind":"nh_access","source":"osm+worldpop","confidence":0.9,"population":1919772.0,"nh_distance_km":7.48,"pipeline_access_gain_km":3.19,"share_within_10km":0.672},"geometry":{"type":"Polygon","coordinates":[[[79.591,28.8653],[79.8366,28.7625],[79.8462,28.53],[79.612,28.4003],[79.3672,28.5022],[79.3559,28.7347],[79.591,28.8653]]]}},{"type":"Feature","properties":{"id":"nh_access:h3:843da8dffffffff","field":"national_highways","kind":"nh_access","source":"osm+worldpop","confidence":0.9,"population":1578538.0,"nh_distance_km":8.52,"pipeline_access_gain_km":0.0,"share_within_10km":0.637},"geometry":{"type":"Polygon","coordinates":[[[78.888,28.4726],[79.1337,28.3716],[79.1458,28.1399],[78.9138,28.0093],[78.6689,28.1095],[78.6551,28.3411],[78.888,28.4726]]]}},{"type":"Feature","properties":{"id":"nh_access:h3:843da91ffffffff","field":"national_highways","kind":"nh_access","source":"osm+worldpop","confidence":0.9,"population":287429.0,"nh_distance_km":9.99,"pipeline_access_gain_km":0.0,"share_within_10km":0.534},"geometry":{"type":"Polygon","coordinates":[[[80.5533,28.9173],[80.7968,28.8128],[80.8031,28.5806],[80.5676,28.4526],[80.3249,28.5561],[80.3169,28.7885],[80.5533,28.9173]]]}},{"type":"Feature","properties":{"id":"nh_access:h3:843da95ffffffff","field":"national_highways","kind":"nh_access","source":"osm+worldpop","confidence":0.9,"population":695650.0,"nh_distance_km":4.92,"pipeline_access_gain_km":0.0,"share_within_10km":0.85},"geometry":{"type":"Polygon","coordinates":[[[80.3249,28.5561],[80.5676,28.4526],[80.5746,28.2212],[80.3406,28.0933],[80.0987,28.1958],[80.09,28.4273],[80.3249,28.5561]]]}},{"type":"Feature","properties":{"id":"nh_access:h3:843da97ffffffff","field":"national_highways","kind":"nh_access","source":"osm+worldpop","confidence":0.9,"population":687836.0,"nh_distance_km":14.83,"pipeline_access_gain_km":0.0,"share_within_10km":0.309},"geometry":{"type":"Polygon","coordinates":[[[80.8031,28.5806],[81.0447,28.4763],[81.05,28.245],[80.8155,28.1179],[80.5746,28.2212],[80.5676,28.4526],[80.8031,28.5806]]]}},{"type":"Feature","properties":{"id":"nh_access:h3:843da99ffffffff","field":"national_highways","kind":"nh_access","source":"osm+worldpop","confidence":0.9,"population":57413.0,"nh_distance_km":3.03,"pipeline_access_gain_km":0.0,"share_within_10km":0.884},"geometry":{"type":"Polygon","coordinates":[[[80.3008,29.255],[80.5462,29.1505],[80.5533,28.9173],[80.3169,28.7885],[80.0724,28.8921],[80.0635,29.1255],[80.3008,29.255]]]}},{"type":"Feature","properties":{"id":"nh_access:h3:843da9dffffffff","field":"national_highways","kind":"nh_access","source":"osm+worldpop","confidence":0.9,"population":725023.0,"nh_distance_km":6.05,"pipeline_access_gain_km":0.0,"share_within_10km":0.745},"geometry":{"type":"Polygon","coordinates":[[[80.0724,28.8921],[80.3169,28.7885],[80.3249,28.5561],[80.09,28.4273],[79.8462,28.53],[79.8366,28.7625],[80.0724,28.8921]]]}},{"type":"Feature","properties":{"id":"nh_access:h3:843daa1ffffffff","field":"national_highways","kind":"nh_access","source":"osm+worldpop","confidence":0.9,"population":1589972.0,"nh_distance_km":6.9,"pipeline_access_gain_km":0.46,"share_within_10km":0.687},"geometry":{"type":"Polygon","coordinates":[[[79.1814,27.4488],[79.4228,27.3489],[79.4337,27.1201],[79.2048,26.9912],[78.9643,27.0903],[78.9518,27.3191],[79.1814,27.4488]]]}},{"type":"Feature","properties":{"id":"nh_access:h3:843daa3ffffffff","field":"national_highways","kind":"nh_access","source":"osm+worldpop","confidence":0.9,"population":1786926.0,"nh_distance_km":3.93,"pipeline_access_gain_km":0.14,"share_within_10km":0.931},"geometry":{"type":"Polygon","coordinates":[[[79.6531,27.4778],[79.8935,27.377],[79.9027,27.1483],[79.6732,27.0203],[79.4337,27.1201],[79.4228,27.3489],[79.6531,27.4778]]]}},{"type":"Feature","properties":{"id":"nh_access:h3:843daa5ffffffff","field":"national_highways","kind":"nh_access","source":"osm+worldpop","confidence":0.9,"population":1492770.0,"nh_distance_km":3.01,"pipeline_access_gain_km":0.28,"share_within_10km":0.964},"geometry":{"type":"Polygon","coordinates":[[[78.9643,27.0903],[79.2048,26.9912],[79.2164,26.7634],[78.9891,26.6346],[78.7494,26.7327],[78.7362,26.9606],[78.9643,27.0903]]]}},{"type":"Feature","properties":{"id":"nh_access:h3:843daa7ffffffff","field":"national_highways","kind":"nh_access","source":"osm+worldpop","confidence":0.9,"population":1320533.0,"nh_distance_km":4.06,"pipeline_access_gain_km":0.3,"share_within_10km":0.971},"geometry":{"type":"Polygon","coordinates":[[[79.4337,27.1201],[79.6732,27.0203],[79.6832,26.7925],[79.4552,26.6645],[79.2164,26.7634],[79.2048,26.9912],[79.4337,27.1201]]]}},{"type":"Feature","properties":{"id":"nh_access:h3:843daa9ffffffff","field":"national_highways","kind":"nh_access","source":"osm+worldpop","confidence":0.9,"population":1361588.0,"nh_distance_km":13.66,"pipeline_access_gain_km":0.0,"share_within_10km":0.415},"geometry":{"type":"Polygon","coordinates":[[[78.9265,27.7786],[79.1696,27.6786],[79.1814,27.4488],[78.9518,27.3191],[78.7095,27.4182],[78.6961,27.648],[78.9265,27.7786]]]}},{"type":"Feature","properties":{"id":"nh_access:h3:843daabffffffff","field":"national_highways","kind":"nh_access","source":"osm+worldpop","confidence":0.9,"population":1339437.0,"nh_distance_km":19.17,"pipeline_access_gain_km":2.8,"share_within_10km":0.184},"geometry":{"type":"Polygon","coordinates":[[[79.4008,27.8083],[79.6429,27.7075],[79.6531,27.4778],[79.4228,27.3489],[79.1814,27.4488],[79.1696,27.6786],[79.4008,27.8083]]]}},{"type":"Feature","properties":{"id":"nh_access:h3:843daadffffffff","field":"national_highways","kind":"nh_access","source":"osm+worldpop","confidence":0.9,"population":1431128.0,"nh_distance_km":9.32,"pipeline_access_gain_km":0.0,"share_within_10km":0.531},"geometry":{"type":"Polygon","coordinates":[[[78.7095,27.4182],[78.9518,27.3191],[78.9643,27.0903],[78.7362,26.9606],[78.4947,27.0589],[78.4806,27.2877],[78.7095,27.4182]]]}},{"type":"Feature","properties":{"id":"nh_access:h3:843dab1ffffffff","field":"national_highways","kind":"nh_access","source":"osm+worldpop","confidence":0.9,"population":1425041.0,"nh_distance_km":7.83,"pipeline_access_gain_km":0.0,"share_within_10km":0.633},"geometry":{"type":"Polygon","coordinates":[[[80.3484,27.8627],[80.5885,27.7603],[80.5954,27.5308],[80.3638,27.4036],[80.1244,27.5051],[80.1159,27.7347],[80.3484,27.8627]]]}},{"type":"Feature","properties":{"id":"nh_access:h3:843dab3ffffffff","field":"national_highways","kind":"nh_access","source":"osm+worldpop","confidence":0.9,"population":1884443.0,"nh_distance_km":5.39,"pipeline_access_gain_km":0.0,"share_within_10km":0.84},"geometry":{"type":"Polygon","coordinates":[[[80.8216,27.8875],[81.0607,27.7843],[81.0659,27.5549],[80.8337,27.4285],[80.5954,27.5308],[80.5885,27.7603],[80.8216,27.8875]]]}},{"type":"Feature","properties":{"id":"nh_access:h3:843dab5ffffffff","field":"national_highways","kind":"nh_access","source":"osm+worldpop","confidence":0.9,"population":1618605.0,"nh_distance_km":3.89,"pipeline_access_gain_km":0.0,"share_within_10km":0.936},"geometry":{"type":"Polygon","coordinates":[[[80.1244,27.5051],[80.3638,27.4036],[80.3714,27.175],[80.1413,27.0477],[79.9027,27.1483],[79.8935,27.377],[80.1244,27.5051]]]}},{"type":"Feature","properties":{"id":"nh_access:h3:843dab7ffffffff","field":"national_highways","kind":"nh_access","source":"osm+worldpop","confidence":0.9,"population":1375907.0,"nh_distance_km":7.6,"pipeline_access_gain_km":0.0,"share_within_10km":0.669},"geometry":{"type":"Polygon","coordinates":[[[80.5954,27.5308],[80.8337,27.4285],[80.8397,27.2],[80.609,27.0736],[80.3714,27.175],[80.3638,27.4036],[80.5954,27.5308]]]}},{"type":"Feature","properties":{"id":"nh_access:h3:843dab9ffffffff","field":"national_highways","kind":"nh_access","source":"osm+worldpop","confidence":0.9,"population":1673314.0,"nh_distance_km":3.06,"pipeline_access_gain_km":0.06,"share_within_10km":0.972},"geometry":{"type":"Polygon","coordinates":[[[80.0987,28.1958],[80.3406,28.0933],[80.3484,27.8627],[80.1159,27.7347],[79.8748,27.8364],[79.8653,28.067],[80.0987,28.1958]]]}},{"type":"Feature","properties":{"id":"nh_access:h3:843dabbffffffff","field":"national_highways","kind":"nh_access","source":"osm+worldpop","confidence":0.9,"population":1541466.0,"nh_distance_km":7.81,"pipeline_access_gain_km":0.0,"share_within_10km":0.622},"geometry":{"type":"Polygon","coordinates":[[[80.5746,28.2212],[80.8155,28.1179],[80.8216,27.8875],[80.5885,27.7603],[80.3484,27.8627],[80.3406,28.0933],[80.5746,28.2212]]]}},{"type":"Feature","properties":{"id":"nh_access:h3:843dabdffffffff","field":"national_highways","kind":"nh_access","source":"osm+worldpop","confidence":0.9,"population":1396797.0,"nh_distance_km":4.55,"pipeline_access_gain_km":0.01,"share_within_10km":0.912},"geometry":{"type":"Polygon","coordinates":[[[79.8748,27.8364],[80.1159,27.7347],[80.1244,27.5051],[79.8935,27.377],[79.6531,27.4778],[79.6429,27.7075],[79.8748,27.8364]]]}},{"type":"Feature","properties":{"id":"nh_access:h3:843dac1ffffffff","field":"national_highways","kind":"nh_access","source":"osm+worldpop","confidence":0.9,"population":2081309.0,"nh_distance_km":10.44,"pipeline_access_gain_km":2.5,"share_within_10km":0.576},"geometry":{"type":"Polygon","coordinates":[[[78.3639,29.1409],[78.6133,29.0398],[78.6274,28.8063],[78.3937,28.6739],[78.1452,28.7742],[78.1295,29.0077],[78.3639,29.1409]]]}},{"type":"Feature","properties":{"id":"nh_access:h3:843dac3ffffffff","field":"national_highways","kind":"nh_access","source":"osm+worldpop","confidence":0.9,"population":3478169.0,"nh_distance_km":5.12,"pipeline_access_gain_km":2.17,"share_within_10km":0.831},"geometry":{"type":"Polygon","coordinates":[[[78.8486,29.1721],[79.097,29.0701],[79.1093,28.8366],[78.8749,28.7052],[78.6274,28.8063],[78.6133,29.0398],[78.8486,29.1721]]]}},{"type":"Feature","properties":{"id":"nh_access:h3:843dac5ffffffff","field":"national_highways","kind":"nh_access","source":"osm+worldpop","confidence":0.9,"population":1641857.0,"nh_distance_km":11.56,"pipeline_access_gain_km":0.0,"share_within_10km":0.423},"geometry":{"type":"Polygon","coordinates":[[[78.1452,28.7742],[78.3937,28.6739],[78.4085,28.4413],[78.1764,28.309],[77.9288,28.4084],[77.9124,28.6409],[78.1452,28.7742]]]}},{"type":"Feature","properties":{"id":"nh_access:h3:843dac7ffffffff","field":"national_highways","kind":"nh_access","source":"osm+worldpop","confidence":0.9,"population":2591020.0,"nh_distance_km":5.68,"pipeline_access_gain_km":0.0,"share_within_10km":0.83},"geometry":{"type":"Polygon","coordinates":[[[78.6274,28.8063],[78.8749,28.7052],[78.888,28.4726],[78.6551,28.3411],[78.4085,28.4413],[78.3937,28.6739],[78.6274,28.8063]]]}},{"type":"Feature","properties":{"id":"nh_access:h3:843dac9ffffffff","field":"national_highways","kind":"nh_access","source":"osm+worldpop","confidence":0.9,"population":1473120.0,"nh_distance_km":9.98,"pipeline_access_gain_km":2.79,"share_within_10km":0.589},"geometry":{"type":"Polygon","coordinates":[[[78.0977,29.4765],[78.3489,29.3753],[78.3639,29.1409],[78.1295,29.0077],[77.8792,29.1079],[77.8624,29.3423],[78.0977,29.4765]]]}},{"type":"Feature","properties":{"id":"nh_access:h3:843dacbffffffff","field":"national_highways","kind":"nh_access","source":"osm+worldpop","confidence":0.9,"population":2043178.0,"nh_distance_km":9.29,"pipeline_access_gain_km":5.65,"share_within_10km":0.583},"geometry":{"type":"Polygon","coordinates":[[[78.585,29.5085],[78.8352,29.4065],[78.8486,29.1721],[78.6133,29.0398],[78.3639,29.1409],[78.3489,29.3753],[78.585,29.5085]]]}},{"type":"Feature","properties":{"id":"nh_access:h3:843dacdffffffff","field":"national_highways","kind":"nh_access","source":"osm+worldpop","confidence":0.9,"population":2950547.0,"nh_distance_km":2.41,"pipeline_access_gain_km":0.14,"share_within_10km":0.961},"geometry":{"type":"Polygon","coordinates":[[[77.8792,29.1079],[78.1295,29.0077],[78.1452,28.7742],[77.9124,28.6409],[77.663,28.7403],[77.6455,28.9738],[77.8792,29.1079]]]}},{"type":"Feature","properties":{"id":"nh_access:h3:843dad1ffffffff","field":"national_highways","kind":"nh_access","source":"osm+worldpop","confidence":0.9,"population":633860.0,"nh_distance_km":4.9,"pipeline_access_gain_km":0.0,"share_within_10km":0.816},"geometry":{"type":"Polygon","coordinates":[[[79.5589,29.5672],[79.8072,29.4634],[79.8171,29.2292],[79.5804,29.0987],[79.333,29.2015],[79.3214,29.4359],[79.5589,29.5672]]]}},{"type":"Feature","properties":{"id":"nh_access:h3:843dad3ffffffff","field":"national_highways","kind":"nh_access","source":"osm+worldpop","confidence":0.9,"population":288519.0,"nh_distance_km":6.85,"pipeline_access_gain_km":0.0,"share_within_10km":0.705},"geometry":{"type":"Polygon","coordinates":[[[80.0455,29.5939],[80.2927,29.4892],[80.3008,29.255],[80.0635,29.1255],[79.8171,29.2292],[79.8072,29.4634],[80.0455,29.5939]]]}},{"type":"Feature","properties":{"id":"nh_access:h3:843dad5ffffffff","field":"national_highways","kind":"nh_access","source":"osm+worldpop","confidence":0.9,"population":1559843.0,"nh_distance_km":3.89,"pipeline_access_gain_km":0.96,"share_within_10km":0.903},"geometry":{"type":"Polygon","coordinates":[[[79.333,29.2015],[79.5804,29.0987],[79.591,28.8653],[79.3559,28.7347],[79.1093,28.8366],[79.097,29.0701],[79.333,29.2015]]]}},{"type":"Feature","properties":{"id":"nh_access:h3:843dad7ffffffff","field":"national_highways","kind":"nh_access","source":"osm+worldpop","confidence":0.9,"population":754123.0,"nh_distance_km":5.3,"pipeline_access_gain_km":0.0,"share_within_10km":0.81},"geometry":{"type":"Polygon","coordinates":[[[79.8171,29.2292],[80.0635,29.1255],[80.0724,28.8921],[79.8366,28.7625],[79.591,28.8653],[79.5804,29.0987],[79.8171,29.2292]]]}},{"type":"Feature","properties":{"id":"nh_access:h3:843dad9ffffffff","field":"national_highways","kind":"nh_access","source":"osm+worldpop","confidence":0.9,"population":323656.0,"nh_distance_km":5.6,"pipeline_access_gain_km":0.0,"share_within_10km":0.794},"geometry":{"type":"Polygon","coordinates":[[[79.2979,29.9063],[79.5481,29.8024],[79.5589,29.5672],[79.3214,29.4359],[79.0721,29.5388],[79.0595,29.774],[79.2979,29.9063]]]}},{"type":"Feature","properties":{"id":"nh_access:h3:843dadbffffffff","field":"national_highways","kind":"nh_access","source":"osm+worldpop","confidence":0.9,"population":373544.0,"nh_distance_km":3.51,"pipeline_access_gain_km":0.0,"share_within_10km":0.938},"geometry":{"type":"Polygon","coordinates":[[[79.7873,29.9337],[80.0364,29.829],[80.0455,29.5939],[79.8072,29.4634],[79.5589,29.5672],[79.5481,29.8024],[79.7873,29.9337]]]}},{"type":"Feature","properties":{"id":"nh_access:h3:843daddffffffff","field":"national_highways","kind":"nh_access","source":"osm+worldpop","confidence":0.9,"population":1049297.0,"nh_distance_km":3.47,"pipeline_access_gain_km":0.0,"share_within_10km":0.921},"geometry":{"type":"Polygon","coordinates":[[[79.0721,29.5388],[79.3214,29.4359],[79.333,29.2015],[79.097,29.0701],[78.8486,29.1721],[78.8352,29.4065],[79.0721,29.5388]]]}},{"type":"Feature","properties":{"id":"nh_access:h3:843dae1ffffffff","field":"national_highways","kind":"nh_access","source":"osm+worldpop","confidence":0.9,"population":2827675.0,"nh_distance_km":4.6,"pipeline_access_gain_km":0.0,"share_within_10km":0.861},"geometry":{"type":"Polygon","coordinates":[[[78.1918,28.0773],[78.4376,27.978],[78.4521,27.7473],[78.2223,27.6158],[77.9774,27.7143],[77.9613,27.945],[78.1918,28.0773]]]}},{"type":"Feature","properties":{"id":"nh_access:h3:843dae3ffffffff","field":"national_highways","kind":"nh_access","source":"osm+worldpop","confidence":0.9,"population":1554726.0,"nh_distance_km":8.38,"pipeline_access_gain_km":0.0,"share_within_10km":0.626},"geometry":{"type":"Polygon","coordinates":[[[78.6689,28.1095],[78.9138,28.0093],[78.9265,27.7786],[78.6961,27.648],[78.4521,27.7473],[78.4376,27.978],[78.6689,28.1095]]]}},{"type":"Feature","properties":{"id":"nh_access:h3:843dae5ffffffff","field":"national_highways","kind":"nh_access","source":"osm+worldpop","confidence":0.9,"population":1528605.0,"nh_distance_km":3.32,"pipeline_access_gain_km":0.0,"share_within_10km":0.973},"geometry":{"type":"Polygon","coordinates":[[[77.9774,27.7143],[78.2223,27.6158],[78.2374,27.3861],[78.0093,27.2547],[77.7652,27.3522],[77.7485,27.582],[77.9774,27.7143]]]}},{"type":"Feature","properties":{"id":"nh_access:h3:843dae7ffffffff","field":"national_highways","kind":"nh_access","source":"osm+worldpop","confidence":0.9,"population":1482297.0,"nh_distance_km":4.19,"pipeline_access_gain_km":0.0,"share_within_10km":0.897},"geometry":{"type":"Polygon","coordinates":[[[78.4521,27.7473],[78.6961,27.648],[78.7095,27.4182],[78.4806,27.2877],[78.2374,27.3861],[78.2223,27.6158],[78.4521,27.7473]]]}},{"type":"Feature","properties":{"id":"nh_access:h3:843dae9ffffffff","field":"national_highways","kind":"nh_access","source":"osm+worldpop","confidence":0.9,"population":1668971.0,"nh_distance_km":6.26,"pipeline_access_gain_km":0.0,"share_within_10km":0.78},"geometry":{"type":"Polygon","coordinates":[[[77.9288,28.4084],[78.1764,28.309],[78.1918,28.0773],[77.9613,27.945],[77.7146,28.0435],[77.6975,28.2752],[77.9288,28.4084]]]}},{"type":"Feature","properties":{"id":"nh_access:h3:843daebffffffff","field":"national_highways","kind":"nh_access","source":"osm+worldpop","confidence":0.9,"population":1493940.0,"nh_distance_km":8.03,"pipeline_access_gain_km":0.0,"share_within_10km":0.656},"geometry":{"type":"Polygon","coordinates":[[[78.4085,28.4413],[78.6551,28.3411],[78.6689,28.1095],[78.4376,27.978],[78.1918,28.0773],[78.1764,28.309],[78.4085,28.4413]]]}},{"type":"Feature","properties":{"id":"nh_access:h3:843daedffffffff","field":"national_highways","kind":"nh_access","source":"osm+worldpop","confidence":0.9,"population":1346254.0,"nh_distance_km":5.23,"pipeline_access_gain_km":0.0,"share_within_10km":0.849},"geometry":{"type":"Polygon","coordinates":[[[77.7146,28.0435],[77.9613,27.945],[77.9774,27.7143],[77.7485,27.582],[77.5027,27.6796],[77.4849,27.9104],[77.7146,28.0435]]]}},{"type":"Feature","properties":{"id":"nh_access:h3:843db01ffffffff","field":"national_highways","kind":"nh_access","source":"osm+worldpop","confidence":0.9,"population":750722.0,"nh_distance_km":4.81,"pipeline_access_gain_km":0.0,"share_within_10km":0.895},"geometry":{"type":"Polygon","coordinates":[[[74.6264,25.7091],[74.8703,25.6189],[74.8963,25.3945],[74.6799,25.2604],[74.4369,25.3498],[74.4094,25.5741],[74.6264,25.7091]]]}},{"type":"Feature","properties":{"id":"nh_access:h3:843db03ffffffff","field":"national_highways","kind":"nh_access","source":"osm+worldpop","confidence":0.9,"population":403879.0,"nh_distance_km":8.07,"pipeline_access_gain_km":0.0,"share_within_10km":0.608},"geometry":{"type":"Polygon","coordinates":[[[75.0882,25.7532],[75.3316,25.6622],[75.356,25.4377],[75.1387,25.3043],[74.8963,25.3945],[74.8703,25.6189],[75.0882,25.7532]]]}},{"type":"Feature","properties":{"id":"nh_access:h3:843db05ffffffff","field":"national_highways","kind":"nh_access","source":"osm+worldpop","confidence":0.9,"population":446410.0,"nh_distance_km":6.14,"pipeline_access_gain_km":0.0,"share_within_10km":0.738},"geometry":{"type":"Polygon","coordinates":[[[74.4369,25.3498],[74.6799,25.2604],[74.7064,25.0371],[74.4914,24.9033],[74.2494,24.992],[74.2214,25.2152],[74.4369,25.3498]]]}},{"type":"Feature","properties":{"id":"nh_access:h3:843db07ffffffff","field":"national_highways","kind":"nh_access","source":"osm+worldpop","confidence":0.9,"population":330782.0,"nh_distance_km":4.54,"pipeline_access_gain_km":0.0,"share_within_10km":0.935},"geometry":{"type":"Polygon","coordinates":[[[74.8963,25.3945],[75.1387,25.3043],[75.1636,25.0808],[74.9477,24.9477],[74.7064,25.0371],[74.6799,25.2604],[74.8963,25.3945]]]}},{"type":"Feature","properties":{"id":"nh_access:h3:843db09ffffffff","field":"national_highways","kind":"nh_access","source":"osm+worldpop","confidence":0.9,"population":388916.0,"nh_distance_km":3.6,"pipeline_access_gain_km":0.0,"share_within_10km":0.966},"geometry":{"type":"Polygon","coordinates":[[[74.3538,26.0245],[74.5994,25.9344],[74.6264,25.7091],[74.4094,25.5741],[74.1649,25.6635],[74.1363,25.8886],[74.3538,26.0245]]]}},{"type":"Feature","properties":{"id":"nh_access:h3:843db0bffffffff","field":"national_highways","kind":"nh_access","source":"osm+worldpop","confidence":0.9,"population":414152.0,"nh_distance_km":6.88,"pipeline_access_gain_km":0.0,"share_within_10km":0.734},"geometry":{"type":"Polygon","coordinates":[[[74.8178,26.0696],[75.0628,25.9786],[75.0882,25.7532],[74.8703,25.6189],[74.6264,25.7091],[74.5994,25.9344],[74.8178,26.0696]]]}},{"type":"Feature","properties":{"id":"nh_access:h3:843db0dffffffff","field":"national_highways","kind":"nh_access","source":"osm+worldpop","confidence":0.9,"population":342010.0,"nh_distance_km":16.11,"pipeline_access_gain_km":0.0,"share_within_10km":0.131},"geometry":{"type":"Polygon","coordinates":[[[74.1649,25.6635],[74.4094,25.5741],[74.4369,25.3498],[74.2214,25.2152],[73.9779,25.3038],[73.9489,25.5279],[74.1649,25.6635]]]}},{"type":"Feature","properties":{"id":"nh_access:h3:843db11ffffffff","field":"national_highways","kind":"nh_access","source":"osm+worldpop","confidence":0.9,"population":394282.0,"nh_distance_km":4.47,"pipeline_access_gain_km":0.0,"share_within_10km":0.898},"geometry":{"type":"Polygon","coordinates":[[[75.7468,26.1553],[75.9904,26.0627],[76.0127,25.8371],[75.793,25.7041],[75.5504,25.7959],[75.5265,26.0214],[75.7468,26.1553]]]}},{"type":"Feature","properties":{"id":"nh_access:h3:843db13ffffffff","field":"national_highways","kind":"nh_access","source":"osm+worldpop","confidence":0.9,"population":541360.0,"nh_distance_km":3.21,"pipeline_access_gain_km":0.0,"share_within_10km":0.949},"geometry":{"type":"Polygon","coordinates":[[[76.2116,26.1959],[76.4545,26.1026],[76.4753,25.8768],[76.2547,25.7445],[76.0127,25.8371],[75.9904,26.0627],[76.2116,26.1959]]]}},{"type":"Feature","properties":{"id":"nh_access:h3:843db15ffffffff","field":"national_highways","kind":"nh_access","source":"osm+worldpop","confidence":0.9,"population":404763.0,"nh_distance_km":4.11,"pipeline_access_gain_km":0.0,"share_within_10km":0.926},"geometry":{"type":"Polygon","coordinates":[[[75.5504,25.7959],[75.793,25.7041],[75.8159,25.4794],[75.5977,25.3467],[75.356,25.4377],[75.3316,25.6622],[75.5504,25.7959]]]}},{"type":"Feature","properties":{"id":"nh_access:h3:843db17ffffffff","field":"national_highways","kind":"nh_access","source":"osm+worldpop","confidence":0.9,"population":392295.0,"nh_distance_km":10.85,"pipeline_access_gain_km":0.0,"share_within_10km":0.464},"geometry":{"type":"Polygon","coordinates":[[[76.0127,25.8371],[76.2547,25.7445],[76.2761,25.5198],[76.057,25.3877],[75.8159,25.4794],[75.793,25.7041],[76.0127,25.8371]]]}},{"type":"Feature","properties":{"id":"nh_access:h3:843db19ffffffff","field":"national_highways","kind":"nh_access","source":"osm+worldpop","confidence":0.9,"population":332940.0,"nh_distance_km":28.55,"pipeline_access_gain_km":0.0,"share_within_10km":0.065},"geometry":{"type":"Polygon","coordinates":[[[75.4782,26.4746],[75.7234,26.382],[75.7468,26.1553],[75.5265,26.0214],[75.2822,26.1132],[75.2572,26.3397],[75.4782,26.4746]]]}},{"type":"Feature","properties":{"id":"nh_access:h3:843db1bffffffff","field":"national_highways","kind":"nh_access","source":"osm+worldpop","confidence":0.9,"population":573538.0,"nh_distance_km":5.58,"pipeline_access_gain_km":0.0,"share_within_10km":0.787},"geometry":{"type":"Polygon","coordinates":[[[75.9452,26.5161],[76.1898,26.4227],[76.2116,26.1959],[75.9904,26.0627],[75.7468,26.1553],[75.7234,26.382],[75.9452,26.5161]]]}},{"type":"Feature","properties":{"id":"nh_access:h3:843db1dffffffff","field":"national_highways","kind":"nh_access","source":"osm+worldpop","confidence":0.9,"population":403768.0,"nh_distance_km":16.3,"pipeline_access_gain_km":0.0,"share_within_10km":0.316},"geometry":{"type":"Polygon","coordinates":[[[75.2822,26.1132],[75.5265,26.0214],[75.5504,25.7959],[75.3316,25.6622],[75.0882,25.7532],[75.0628,25.9786],[75.2822,26.1132]]]}},{"type":"Feature","properties":{"id":"nh_access:h3:843db21ffffffff","field":"national_highways","kind":"nh_access","source":"osm+worldpop","confidence":0.9,"population":438085.0,"nh_distance_km":12.08,"pipeline_access_gain_km":0.0,"share_within_10km":0.452},"geometry":{"type":"Polygon","coordinates":[[[74.5184,24.6811],[74.7588,24.5925],[74.7848,24.3712],[74.5718,24.2387],[74.3323,24.3265],[74.3049,24.5477],[74.5184,24.6811]]]}},{"type":"Feature","properties":{"id":"nh_access:h3:843db23ffffffff","field":"national_highways","kind":"nh_access","source":"osm+worldpop","confidence":0.9,"population":545808.0,"nh_distance_km":10.06,"pipeline_access_gain_km":0.0,"share_within_10km":0.618},"geometry":{"type":"Polygon","coordinates":[[[74.9732,24.7253],[75.213,24.6359],[75.2375,24.4145],[75.0236,24.2826],[74.7848,24.3712],[74.7588,24.5925],[74.9732,24.7253]]]}},{"type":"Feature","properties":{"id":"nh_access:h3:843db25ffffffff","field":"national_highways","kind":"nh_access","source":"osm+worldpop","confidence":0.9,"population":388008.0,"nh_distance_km":28.71,"pipeline_access_gain_km":0.0,"share_within_10km":0.0},"geometry":{"type":"Polygon","coordinates":[[[74.3323,24.3265],[74.5718,24.2387],[74.5982,24.0185],[74.3867,23.8863],[74.1482,23.9734],[74.1203,24.1934],[74.3323,24.3265]]]}},{"type":"Feature","properties":{"id":"nh_access:h3:843db27ffffffff","field":"national_highways","kind":"nh_access","source":"osm+worldpop","confidence":0.9,"population":435514.0,"nh_distance_km":5.13,"pipeline_access_gain_km":0.24,"share_within_10km":0.847},"geometry":{"type":"Polygon","coordinates":[[[74.7848,24.3712],[75.0236,24.2826],[75.0486,24.0622],[74.8362,23.9306],[74.5982,24.0185],[74.5718,24.2387],[74.7848,24.3712]]]}},{"type":"Feature","properties":{"id":"nh_access:h3:843db29ffffffff","field":"national_highways","kind":"nh_access","source":"osm+worldpop","confidence":0.9,"population":537777.0,"nh_distance_km":8.76,"pipeline_access_gain_km":0.0,"share_within_10km":0.595},"geometry":{"type":"Polygon","coordinates":[[[74.2494,24.992],[74.4914,24.9033],[74.5184,24.6811],[74.3049,24.5477],[74.0639,24.6355],[74.0354,24.8576],[74.2494,24.992]]]}},{"type":"Feature","properties":{"id":"nh_access:h3:843db2bffffffff","field":"national_highways","kind":"nh_access","source":"osm+worldpop","confidence":0.9,"population":557794.0,"nh_distance_km":4.66,"pipeline_access_gain_km":0.0,"share_within_10km":0.873},"geometry":{"type":"Polygon","coordinates":[[[74.7064,25.0371],[74.9477,24.9477],[74.9732,24.7253],[74.7588,24.5925],[74.5184,24.6811],[74.4914,24.9033],[74.7064,25.0371]]]}},{"type":"Feature","properties":{"id":"nh_access:h3:843db2dffffffff","field":"national_highways","kind":"nh_access","source":"osm+worldpop","confidence":0.9,"population":460076.0,"nh_distance_km":19.97,"pipeline_access_gain_km":0.0,"share_within_10km":0.202},"geometry":{"type":"Polygon","coordinates":[[[74.0639,24.6355],[74.3049,24.5477],[74.3323,24.3265],[74.1203,24.1934],[73.8803,24.2805],[73.8513,24.5015],[74.0639,24.6355]]]}},{"type":"Feature","properties":{"id":"nh_access:h3:843db31ffffffff","field":"national_highways","kind":"nh_access","source":"osm+worldpop","confidence":0.9,"population":232427.0,"nh_distance_km":13.58,"pipeline_access_gain_km":0.0,"share_within_10km":0.336},"geometry":{"type":"Polygon","coordinates":[[[75.6211,25.1231],[75.8613,25.0322],[75.8837,24.8095],[75.6675,24.678],[75.4283,24.7681],[75.4044,24.9906],[75.6211,25.1231]]]}},{"type":"Feature","properties":{"id":"nh_access:h3:843db33ffffffff","field":"national_highways","kind":"nh_access","source":"osm+worldpop","confidence":0.9,"population":392460.0,"nh_distance_km":9.58,"pipeline_access_gain_km":0.0,"share_within_10km":0.577},"geometry":{"type":"Polygon","coordinates":[[[76.0789,25.164],[76.3183,25.0723],[76.3393,24.8496],[76.1223,24.7187],[75.8837,24.8095],[75.8613,25.0322],[76.0789,25.164]]]}},{"type":"Feature","properties":{"id":"nh_access:h3:843db35ffffffff","field":"national_highways","kind":"nh_access","source":"osm+worldpop","confidence":0.9,"population":188328.0,"nh_distance_km":28.83,"pipeline_access_gain_km":0.0,"share_within_10km":0.031},"geometry":{"type":"Polygon","coordinates":[[[75.4283,24.7681],[75.6675,24.678],[75.6905,24.4564],[75.4758,24.3251],[75.2375,24.4145],[75.213,24.6359],[75.4283,24.7681]]]}},{"type":"Feature","properties":{"id":"nh_access:h3:843db37ffffffff","field":"national_highways","kind":"nh_access","source":"osm+worldpop","confidence":0.9,"population":591827.0,"nh_distance_km":5.63,"pipeline_access_gain_km":0.01,"share_within_10km":0.856},"geometry":{"type":"Polygon","coordinates":[[[75.8837,24.8095],[76.1223,24.7187],[76.1437,24.497],[75.9281,24.3663],[75.6905,24.4564],[75.6675,24.678],[75.8837,24.8095]]]}},{"type":"Feature","properties":{"id":"nh_access:h3:843db39ffffffff","field":"national_highways","kind":"nh_access","source":"osm+worldpop","confidence":0.9,"population":280337.0,"nh_distance_km":7.16,"pipeline_access_gain_km":0.0,"share_within_10km":0.673},"geometry":{"type":"Polygon","coordinates":[[[75.356,25.4377],[75.5977,25.3467],[75.6211,25.1231],[75.4044,24.9906],[75.1636,25.0808],[75.1387,25.3043],[75.356,25.4377]]]}},{"type":"Feature","properties":{"id":"nh_access:h3:843db3bffffffff","field":"national_highways","kind":"nh_access","source":"osm+worldpop","confidence":0.9,"population":1459583.0,"nh_distance_km":3.19,"pipeline_access_gain_km":0.0,"share_within_10km":0.922},"geometry":{"type":"Polygon","coordinates":[[[75.8159,25.4794],[76.057,25.3877],[76.0789,25.164],[75.8613,25.0322],[75.6211,25.1231],[75.5977,25.3467],[75.8159,25.4794]]]}},{"type":"Feature","properties":{"id":"nh_access:h3:843db3dffffffff","field":"national_highways","kind":"nh_access","source":"osm+worldpop","confidence":0.9,"population":194496.0,"nh_distance_km":21.8,"pipeline_access_gain_km":0.0,"share_within_10km":0.133},"geometry":{"type":"Polygon","coordinates":[[[75.1636,25.0808],[75.4044,24.9906],[75.4283,24.7681],[75.213,24.6359],[74.9732,24.7253],[74.9477,24.9477],[75.1636,25.0808]]]}},{"type":"Feature","properties":{"id":"nh_access:h3:843db41ffffffff","field":"national_highways","kind":"nh_access","source":"osm+worldpop","confidence":0.9,"population":262290.0,"nh_distance_km":6.13,"pipeline_access_gain_km":0.0,"share_within_10km":0.753},"geometry":{"type":"Polygon","coordinates":[[[73.6129,26.2933],[73.8606,26.204],[73.8902,25.978],[73.6737,25.8414],[73.427,25.9299],[73.3958,26.1558],[73.6129,26.2933]]]}},{"type":"Feature","properties":{"id":"nh_access:h3:843db43ffffffff","field":"national_highways","kind":"nh_access","source":"osm+worldpop","confidence":0.9,"population":592399.0,"nh_distance_km":1.91,"pipeline_access_gain_km":0.02,"share_within_10km":0.993},"geometry":{"type":"Polygon","coordinates":[[[74.0786,26.3409],[74.3257,26.2508],[74.3538,26.0245],[74.1363,25.8886],[73.8902,25.978],[73.8606,26.204],[74.0786,26.3409]]]}},{"type":"Feature","properties":{"id":"nh_access:h3:843db45ffffffff","field":"national_highways","kind":"nh_access","source":"osm+worldpop","confidence":0.9,"population":448805.0,"nh_distance_km":5.48,"pipeline_access_gain_km":0.0,"share_within_10km":0.803},"geometry":{"type":"Polygon","coordinates":[[[73.427,25.9299],[73.6737,25.8414],[73.7038,25.6164],[73.4888,25.4802],[73.2432,25.568],[73.2115,25.7928],[73.427,25.9299]]]}},{"type":"Feature","properties":{"id":"nh_access:h3:843db47ffffffff","field":"national_highways","kind":"nh_access","source":"osm+worldpop","confidence":0.9,"population":338850.0,"nh_distance_km":7.0,"pipeline_access_gain_km":0.0,"share_within_10km":0.711},"geometry":{"type":"Polygon","coordinates":[[[73.8902,25.978],[74.1363,25.8886],[74.1649,25.6635],[73.9489,25.5279],[73.7038,25.6164],[73.6737,25.8414],[73.8902,25.978]]]}},{"type":"Feature","properties":{"id":"nh_access:h3:843db49ffffffff","field":"national_highways","kind":"nh_access","source":"osm+worldpop","confidence":0.9,"population":399454.0,"nh_distance_km":8.94,"pipeline_access_gain_km":0.0,"share_within_10km":0.582},"geometry":{"type":"Polygon","coordinates":[[[73.3328,26.6094],[73.5821,26.5202],[73.6129,26.2933],[73.3958,26.1558],[73.1476,26.2442],[73.1153,26.471],[73.3328,26.6094]]]}},{"type":"Feature","properties":{"id":"nh_access:h3:843db4bffffffff","field":"national_highways","kind":"nh_access","source":"osm+worldpop","confidence":0.9,"population":285315.0,"nh_distance_km":15.59,"pipeline_access_gain_km":0.0,"share_within_10km":0.324},"geometry":{"type":"Polygon","coordinates":[[[73.8007,26.658],[74.0495,26.568],[74.0786,26.3409],[73.8606,26.204],[73.6129,26.2933],[73.5821,26.5202],[73.8007,26.658]]]}},{"type":"Feature","properties":{"id":"nh_access:h3:843db4dffffffff","field":"national_highways","kind":"nh_access","source":"osm+worldpop","confidence":0.9,"population":319779.0,"nh_distance_km":6.97,"pipeline_access_gain_km":0.0,"share_within_10km":0.742},"geometry":{"type":"Polygon","coordinates":[[[73.1476,26.2442],[73.3958,26.1558],[73.427,25.9299],[73.2115,25.7928],[72.9644,25.8805],[72.9316,26.1061],[73.1476,26.2442]]]}},{"type":"Feature","properties":{"id":"nh_access:h3:843db51ffffffff","field":"national_highways","kind":"nh_access","source":"osm+worldpop","confidence":0.9,"population":1225801.0,"nh_distance_km":2.39,"pipeline_access_gain_km":0.0,"share_within_10km":0.949},"geometry":{"type":"Polygon","coordinates":[[[74.7378,26.7507],[74.9853,26.6589],[75.0113,26.4315],[74.7913,26.296],[74.5448,26.387],[74.5172,26.6142],[74.7378,26.7507]]]}},{"type":"Feature","properties":{"id":"nh_access:h3:843db53ffffffff","field":"national_highways","kind":"nh_access","source":"osm+worldpop","confidence":0.9,"population":361889.0,"nh_distance_km":11.07,"pipeline_access_gain_km":0.0,"share_within_10km":0.538},"geometry":{"type":"Polygon","coordinates":[[[75.2068,26.7947],[75.4537,26.7021],[75.4782,26.4746],[75.2572,26.3397],[75.0113,26.4315],[74.9853,26.6589],[75.2068,26.7947]]]}},{"type":"Feature","properties":{"id":"nh_access:h3:843db55ffffffff","field":"national_highways","kind":"nh_access","source":"osm+worldpop","confidence":0.9,"population":489905.0,"nh_distance_km":4.5,"pipeline_access_gain_km":0.0,"share_within_10km":0.885},"geometry":{"type":"Polygon","coordinates":[[[74.5448,26.387],[74.7913,26.296],[74.8178,26.0696],[74.5994,25.9344],[74.3538,26.0245],[74.3257,26.2508],[74.5448,26.387]]]}},{"type":"Feature","properties":{"id":"nh_access:h3:843db57ffffffff","field":"national_highways","kind":"nh_access","source":"osm+worldpop","confidence":0.9,"population":302113.0,"nh_distance_km":28.56,"pipeline_access_gain_km":0.0,"share_within_10km":0.034},"geometry":{"type":"Polygon","coordinates":[[[75.0113,26.4315],[75.2572,26.3397],[75.2822,26.1132],[75.0628,25.9786],[74.8178,26.0696],[74.7913,26.296],[75.0113,26.4315]]]}},{"type":"Feature","properties":{"id":"nh_access:h3:843db59ffffffff","field":"national_highways","kind":"nh_access","source":"osm+worldpop","confidence":0.9,"population":353207.0,"nh_distance_km":17.31,"pipeline_access_gain_km":0.0,"share_within_10km":0.266},"geometry":{"type":"Polygon","coordinates":[[[74.4615,27.0707],[74.7107,26.979],[74.7378,26.7507],[74.5172,26.6142],[74.269,26.7051],[74.2404,26.9333],[74.4615,27.0707]]]}},{"type":"Feature","properties":{"id":"nh_access:h3:843db5bffffffff","field":"national_highways","kind":"nh_access","source":"osm+worldpop","confidence":0.9,"population":463052.0,"nh_distance_km":29.78,"pipeline_access_gain_km":0.0,"share_within_10km":0.023},"geometry":{"type":"Polygon","coordinates":[[[74.9328,27.1157],[75.1814,27.0231],[75.2068,26.7947],[74.9853,26.6589],[74.7378,26.7507],[74.7107,26.979],[74.9328,27.1157]]]}},{"type":"Feature","properties":{"id":"nh_access:h3:843db5dffffffff","field":"national_highways","kind":"nh_access","source":"osm+worldpop","confidence":0.9,"population":292968.0,"nh_distance_km":6.55,"pipeline_access_gain_km":0.0,"share_within_10km":0.747},"geometry":{"type":"Polygon","coordinates":[[[74.269,26.7051],[74.5172,26.6142],[74.5448,26.387],[74.3257,26.2508],[74.0786,26.3409],[74.0495,26.568],[74.269,26.7051]]]}},{"type":"Feature","properties":{"id":"nh_access:h3:843db61ffffffff","field":"national_highways","kind":"nh_access","source":"osm+worldpop","confidence":0.9,"population":304128.0,"nh_distance_km":11.1,"pipeline_access_gain_km":0.0,"share_within_10km":0.475},"geometry":{"type":"Polygon","coordinates":[[[73.5193,25.2563],[73.7634,25.1685],[73.7929,24.9455],[73.5798,24.8105],[73.3368,24.8976],[73.3058,25.1204],[73.5193,25.2563]]]}},{"type":"Feature","properties":{"id":"nh_access:h3:843db63ffffffff","field":"national_highways","kind":"nh_access","source":"osm+worldpop","confidence":0.9,"population":677862.0,"nh_distance_km":3.67,"pipeline_access_gain_km":0.0,"share_within_10km":0.9},"geometry":{"type":"Polygon","coordinates":[[[73.9779,25.3038],[74.2214,25.2152],[74.2494,24.992],[74.0354,24.8576],[73.7929,24.9455],[73.7634,25.1685],[73.9779,25.3038]]]}},{"type":"Feature","properties":{"id":"nh_access:h3:843db65ffffffff","field":"national_highways","kind":"nh_access","source":"osm+worldpop","confidence":0.9,"population":346890.0,"nh_distance_km":6.61,"pipeline_access_gain_km":0.0,"share_within_10km":0.741},"geometry":{"type":"Polygon","coordinates":[[[73.3368,24.8976],[73.5798,24.8105],[73.6098,24.5886],[73.3982,24.454],[73.1562,24.5404],[73.1247,24.7621],[73.3368,24.8976]]]}},{"type":"Feature","properties":{"id":"nh_access:h3:843db67ffffffff","field":"national_highways","kind":"nh_access","source":"osm+worldpop","confidence":0.9,"population":1025204.0,"nh_distance_km":1.83,"pipeline_access_gain_km":0.0,"share_within_10km":0.995},"geometry":{"type":"Polygon","coordinates":[[[73.7929,24.9455],[74.0354,24.8576],[74.0639,24.6355],[73.8513,24.5015],[73.6098,24.5886],[73.5798,24.8105],[73.7929,24.9455]]]}},{"type":"Feature","properties":{"id":"nh_access:h3:843db69ffffffff","field":"national_highways","kind":"nh_access","source":"osm+worldpop","confidence":0.9,"population":348005.0,"nh_distance_km":7.83,"pipeline_access_gain_km":0.0,"share_within_10km":0.666},"geometry":{"type":"Polygon","coordinates":[[[73.2432,25.568],[73.4888,25.4802],[73.5193,25.2563],[73.3058,25.1204],[73.0612,25.2074],[73.0292,25.4311],[73.2432,25.568]]]}},{"type":"Feature","properties":{"id":"nh_access:h3:843db6bffffffff","field":"national_highways","kind":"nh_access","source":"osm+worldpop","confidence":0.9,"population":372465.0,"nh_distance_km":7.29,"pipeline_access_gain_km":0.0,"share_within_10km":0.655},"geometry":{"type":"Polygon","coordinates":[[[73.7038,25.6164],[73.9489,25.5279],[73.9779,25.3038],[73.7634,25.1685],[73.5193,25.2563],[73.4888,25.4802],[73.7038,25.6164]]]}},{"type":"Feature","properties":{"id":"nh_access:h3:843db6dffffffff","field":"national_highways","kind":"nh_access","source":"osm+worldpop","confidence":0.9,"population":449742.0,"nh_distance_km":7.7,"pipeline_access_gain_km":0.0,"share_within_10km":0.671},"geometry":{"type":"Polygon","coordinates":[[[73.0612,25.2074],[73.3058,25.1204],[73.3368,24.8976],[73.1247,24.7621],[72.8812,24.8484],[72.8487,25.0709],[73.0612,25.2074]]]}},{"type":"Feature","properties":{"id":"nh_access:h3:8442481ffffffff","field":"national_highways","kind":"nh_access","source":"osm+worldpop","confidence":0.9,"population":583660.0,"nh_distance_km":7.08,"pipeline_access_gain_km":0.06,"share_within_10km":0.679},"geometry":{"type":"Polygon","coordinates":[[[74.0179,30.5716],[74.2813,30.4767],[74.3114,30.2394],[74.0798,30.0973],[73.8176,30.1914],[73.7857,30.4285],[74.0179,30.5716]]]}},{"type":"Feature","properties":{"id":"nh_access:h3:8442483ffffffff","field":"national_highways","kind":"nh_access","source":"osm+worldpop","confidence":0.9,"population":857669.0,"nh_distance_km":5.01,"pipeline_access_gain_km":0.0,"share_within_10km":0.822},"geometry":{"type":"Polygon","coordinates":[[[74.5146,30.619],[74.7774,30.523],[74.8057,30.2856],[74.573,30.1443],[74.3114,30.2394],[74.2813,30.4767],[74.5146,30.619]]]}},{"type":"Feature","properties":{"id":"nh_access:h3:8442485ffffffff","field":"national_highways","kind":"nh_access","source":"osm+worldpop","confidence":0.9,"population":666360.0,"nh_distance_km":4.89,"pipeline_access_gain_km":0.0,"share_within_10km":0.821},"geometry":{"type":"Polygon","coordinates":[[[73.8176,30.1914],[74.0798,30.0973],[74.1104,29.861],[73.8805,29.7189],[73.6195,29.8123],[73.5871,30.0485],[73.8176,30.1914]]]}},{"type":"Feature","properties":{"id":"nh_access:h3:8442487ffffffff","field":"national_highways","kind":"nh_access","source":"osm+worldpop","confidence":0.9,"population":603207.0,"nh_distance_km":5.49,"pipeline_access_gain_km":0.01,"share_within_10km":0.833},"geometry":{"type":"Polygon","coordinates":[[[74.3114,30.2394],[74.573,30.1443],[74.6019,29.9078],[74.3709,29.7666],[74.1104,29.861],[74.0798,30.0973],[74.3114,30.2394]]]}},{"type":"Feature","properties":{"id":"nh_access:h3:844248bffffffff","field":"national_highways","kind":"nh_access","source":"osm+worldpop","confidence":0.9,"population":426962.0,"nh_distance_km":10.3,"pipeline_access_gain_km":0.0,"share_within_10km":0.491},"geometry":{"type":"Polygon","coordinates":[[[74.2205,30.9529],[74.4851,30.8571],[74.5146,30.619],[74.2813,30.4767],[74.0179,30.5716],[73.9866,30.8096],[74.2205,30.9529]]]}},{"type":"Feature","properties":{"id":"nh_access:h3:8442491ffffffff","field":"national_highways","kind":"nh_access","source":"osm+worldpop","confidence":0.9,"population":933407.0,"nh_distance_km":3.55,"pipeline_access_gain_km":0.47,"share_within_10km":0.955},"geometry":{"type":"Polygon","coordinates":[[[75.2202,31.0442],[75.4834,30.9464],[75.5093,30.7079],[75.2738,30.5674],[75.0118,30.6644],[74.9841,30.9027],[75.2202,31.0442]]]}},{"type":"Feature","properties":{"id":"nh_access:h3:8442493ffffffff","field":"national_highways","kind":"nh_access","source":"osm+worldpop","confidence":0.9,"population":2695003.0,"nh_distance_km":4.38,"pipeline_access_gain_km":2.22,"share_within_10km":0.848},"geometry":{"type":"Polygon","coordinates":[[[75.7206,31.0869],[75.983,30.9881],[76.0071,30.7495],[75.7706,30.6099],[75.5093,30.7079],[75.4834,30.9464],[75.7206,31.0869]]]}},{"type":"Feature","properties":{"id":"nh_access:h3:8442495ffffffff","field":"national_highways","kind":"nh_access","source":"osm+worldpop","confidence":0.9,"population":810350.0,"nh_distance_km":3.88,"pipeline_access_gain_km":0.48,"share_within_10km":0.933},"geometry":{"type":"Polygon","coordinates":[[[75.0118,30.6644],[75.2738,30.5674],[75.3003,30.3299],[75.0666,30.1894],[74.8057,30.2856],[74.7774,30.523],[75.0118,30.6644]]]}},{"type":"Feature","properties":{"id":"nh_access:h3:8442497ffffffff","field":"national_highways","kind":"nh_access","source":"osm+worldpop","confidence":0.9,"population":974392.0,"nh_distance_km":10.16,"pipeline_access_gain_km":5.76,"share_within_10km":0.532},"geometry":{"type":"Polygon","coordinates":[[[75.5093,30.7079],[75.7706,30.6099],[75.7953,30.3723],[75.5605,30.2327],[75.3003,30.3299],[75.2738,30.5674],[75.5093,30.7079]]]}},{"type":"Feature","properties":{"id":"nh_access:h3:8442499ffffffff","field":"national_highways","kind":"nh_access","source":"osm+worldpop","confidence":0.9,"population":788040.0,"nh_distance_km":3.4,"pipeline_access_gain_km":0.14,"share_within_10km":0.986},"geometry":{"type":"Polygon","coordinates":[[[74.9281,31.3809],[75.1931,31.2833],[75.2202,31.0442],[74.9841,30.9027],[74.7202,30.9995],[74.6913,31.2385],[74.9281,31.3809]]]}},{"type":"Feature","properties":{"id":"nh_access:h3:844249bffffffff","field":"national_highways","kind":"nh_access","source":"osm+worldpop","confidence":0.9,"population":1836314.0,"nh_distance_km":2.97,"pipeline_access_gain_km":1.06,"share_within_10km":0.929},"geometry":{"type":"Polygon","coordinates":[[[75.431,31.4248],[75.6953,31.3262],[75.7206,31.0869],[75.4834,30.9464],[75.2202,31.0442],[75.1931,31.2833],[75.431,31.4248]]]}},{"type":"Feature","properties":{"id":"nh_access:h3:844249dffffffff","field":"national_highways","kind":"nh_access","source":"osm+worldpop","confidence":0.9,"population":842631.0,"nh_distance_km":3.66,"pipeline_access_gain_km":0.0,"share_within_10km":0.975},"geometry":{"type":"Polygon","coordinates":[[[74.7202,30.9995],[74.9841,30.9027],[75.0118,30.6644],[74.7774,30.523],[74.5146,30.619],[74.4851,30.8571],[74.7202,30.9995]]]}},{"type":"Feature","properties":{"id":"nh_access:h3:84424a1ffffffff","field":"national_highways","kind":"nh_access","source":"osm+worldpop","confidence":0.9,"population":304835.0,"nh_distance_km":5.3,"pipeline_access_gain_km":0.0,"share_within_10km":0.803},"geometry":{"type":"Polygon","coordinates":[[[73.9117,29.4835],[74.171,29.39],[74.201,29.1554],[73.9734,29.0145],[73.7152,29.1072],[73.6835,29.3417],[73.9117,29.4835]]]}},{"type":"Feature","properties":{"id":"nh_access:h3:84424a3ffffffff","field":"national_highways","kind":"nh_access","source":"osm+worldpop","confidence":0.9,"population":325722.0,"nh_distance_km":15.85,"pipeline_access_gain_km":0.0,"share_within_10km":0.27},"geometry":{"type":"Polygon","coordinates":[[[74.4003,29.531],[74.659,29.4365],[74.6872,29.2017],[74.4585,29.0616],[74.201,29.1554],[74.171,29.39],[74.4003,29.531]]]}},{"type":"Feature","properties":{"id":"nh_access:h3:84424a5ffffffff","field":"national_highways","kind":"nh_access","source":"osm+worldpop","confidence":0.9,"population":91299.0,"nh_distance_km":7.47,"pipeline_access_gain_km":0.07,"share_within_10km":0.755},"geometry":{"type":"Polygon","coordinates":[[[73.7152,29.1072],[73.9734,29.0145],[74.0039,28.7808],[73.7779,28.6401],[73.5208,28.7321],[73.4887,28.9656],[73.7152,29.1072]]]}},{"type":"Feature","properties":{"id":"nh_access:h3:84424a7ffffffff","field":"national_highways","kind":"nh_access","source":"osm+worldpop","confidence":0.9,"population":154367.0,"nh_distance_km":18.86,"pipeline_access_gain_km":0.04,"share_within_10km":0.246},"geometry":{"type":"Polygon","coordinates":[[[74.201,29.1554],[74.4585,29.0616],[74.4874,28.8278],[74.2603,28.6879],[74.0039,28.7808],[73.9734,29.0145],[74.201,29.1554]]]}},{"type":"Feature","properties":{"id":"nh_access:h3:84424a9ffffffff","field":"national_highways","kind":"nh_access","source":"osm+worldpop","confidence":0.9,"population":372344.0,"nh_distance_km":6.55,"pipeline_access_gain_km":0.0,"share_within_10km":0.744},"geometry":{"type":"Polygon","coordinates":[[[73.6195,29.8123],[73.8805,29.7189],[73.9117,29.4835],[73.6835,29.3417],[73.4236,29.4343],[73.3907,29.6695],[73.6195,29.8123]]]}},{"type":"Feature","properties":{"id":"nh_access:h3:84424abffffffff","field":"national_highways","kind":"nh_access","source":"osm+worldpop","confidence":0.9,"population":545890.0,"nh_distance_km":3.1,"pipeline_access_gain_km":0.0,"share_within_10km":0.961},"geometry":{"type":"Polygon","coordinates":[[[74.1104,29.861],[74.3709,29.7666],[74.4003,29.531],[74.171,29.39],[73.9117,29.4835],[73.8805,29.7189],[74.1104,29.861]]]}},{"type":"Feature","properties":{"id":"nh_access:h3:84424adffffffff","field":"national_highways","kind":"nh_access","source":"osm+worldpop","confidence":0.9,"population":302472.0,"nh_distance_km":20.5,"pipeline_access_gain_km":0.0,"share_within_10km":0.15},"geometry":{"type":"Polygon","coordinates":[[[73.4236,29.4343],[73.6835,29.3417],[73.7152,29.1072],[73.4887,28.9656],[73.2299,29.0574],[73.1965,29.2916],[73.4236,29.4343]]]}},{"type":"Feature","properties":{"id":"nh_access:h3:84424b1ffffffff","field":"national_highways","kind":"nh_access","source":"osm+worldpop","confidence":0.9,"population":765676.0,"nh_distance_km":5.09,"pipeline_access_gain_km":0.0,"share_within_10km":0.826},"geometry":{"type":"Polygon","coordinates":[[[75.0937,29.9528],[75.3528,29.8565],[75.3787,29.6206],[75.1473,29.4812],[74.8893,29.5767],[74.8617,29.8125],[75.0937,29.9528]]]}},{"type":"Feature","properties":{"id":"nh_access:h3:84424b3ffffffff","field":"national_highways","kind":"nh_access","source":"osm+worldpop","confidence":0.9,"population":692314.0,"nh_distance_km":10.2,"pipeline_access_gain_km":0.0,"share_within_10km":0.492},"geometry":{"type":"Polygon","coordinates":[[[75.5859,29.996],[75.8442,29.8987],[75.8684,29.6627],[75.636,29.5242],[75.3787,29.6206],[75.3528,29.8565],[75.5859,29.996]]]}},{"type":"Feature","properties":{"id":"nh_access:h3:84424b5ffffffff","field":"national_highways","kind":"nh_access","source":"osm+worldpop","confidence":0.9,"population":540251.0,"nh_distance_km":15.03,"pipeline_access_gain_km":0.0,"share_within_10km":0.305},"geometry":{"type":"Polygon","coordinates":[[[74.8893,29.5767],[75.1473,29.4812],[75.1739,29.2463],[74.9441,29.107],[74.6872,29.2017],[74.659,29.4365],[74.8893,29.5767]]]}},{"type":"Feature","properties":{"id":"nh_access:h3:84424b7ffffffff","field":"national_highways","kind":"nh_access","source":"osm+worldpop","confidence":0.9,"population":663977.0,"nh_distance_km":9.51,"pipeline_access_gain_km":0.0,"share_within_10km":0.601},"geometry":{"type":"Polygon","coordinates":[[[75.3787,29.6206],[75.636,29.5242],[75.6608,29.2892],[75.4301,29.1507],[75.1739,29.2463],[75.1473,29.4812],[75.3787,29.6206]]]}},{"type":"Feature","properties":{"id":"nh_access:h3:84424b9ffffffff","field":"national_highways","kind":"nh_access","source":"osm+worldpop","confidence":0.9,"population":1039306.0,"nh_distance_km":2.77,"pipeline_access_gain_km":0.13,"share_within_10km":0.993},"geometry":{"type":"Polygon","coordinates":[[[74.8057,30.2856],[75.0666,30.1894],[75.0937,29.9528],[74.8617,29.8125],[74.6019,29.9078],[74.573,30.1443],[74.8057,30.2856]]]}},{"type":"Feature","properties":{"id":"nh_access:h3:84424bbffffffff","field":"national_highways","kind":"nh_access","source":"osm+worldpop","confidence":0.9,"population":662500.0,"nh_distance_km":3.25,"pipeline_access_gain_km":0.16,"share_within_10km":0.973},"geometry":{"type":"Polygon","coordinates":[[[75.3003,30.3299],[75.5605,30.2327],[75.5859,29.996],[75.3528,29.8565],[75.0937,29.9528],[75.0666,30.1894],[75.3003,30.3299]]]}},{"type":"Feature","properties":{"id":"nh_access:h3:84424bdffffffff","field":"national_highways","kind":"nh_access","source":"osm+worldpop","confidence":0.9,"population":545844.0,"nh_distance_km":12.07,"pipeline_access_gain_km":0.0,"share_within_10km":0.486},"geometry":{"type":"Polygon","coordinates":[[[74.6019,29.9078],[74.8617,29.8125],[74.8893,29.5767],[74.659,29.4365],[74.4003,29.531],[74.3709,29.7666],[74.6019,29.9078]]]}},{"type":"Feature","properties":{"id":"nh_access:h3:84424d3ffffffff","field":"national_highways","kind":"nh_access","source":"osm+worldpop","confidence":0.9,"population":975969.0,"nh_distance_km":3.01,"pipeline_access_gain_km":0.19,"share_within_10km":0.99},"geometry":{"type":"Polygon","coordinates":[[[74.6328,31.7182],[74.8998,31.6208],[74.9281,31.3809],[74.6913,31.2385],[74.4255,31.3351],[74.3953,31.5748],[74.6328,31.7182]]]}},{"type":"Feature","properties":{"id":"nh_access:h3:84424d7ffffffff","field":"national_highways","kind":"nh_access","source":"osm+worldpop","confidence":0.9,"population":311343.0,"nh_distance_km":3.92,"pipeline_access_gain_km":0.0,"share_within_10km":0.905},"geometry":{"type":"Polygon","coordinates":[[[74.4255,31.3351],[74.6913,31.2385],[74.7202,30.9995],[74.4851,30.8571],[74.2205,30.9529],[74.1898,31.1918],[74.4255,31.3351]]]}},{"type":"Feature","properties":{"id":"nh_access:h3:84424dbffffffff","field":"national_highways","kind":"nh_access","source":"osm+worldpop","confidence":0.9,"population":58049.0,"nh_distance_km":14.62,"pipeline_access_gain_km":0.1,"share_within_10km":0.045},"geometry":{"type":"Polygon","coordinates":[[[74.3344,32.0559],[74.6032,31.9588],[74.6328,31.7182],[74.3953,31.5748],[74.1277,31.6711],[74.0963,31.9116],[74.3344,32.0559]]]}},{"type":"Feature","properties":{"id":"nh_access:h3:84424e3ffffffff","field":"national_highways","kind":"nh_access","source":"osm+worldpop","confidence":0.9,"population":145871.0,"nh_distance_km":18.1,"pipeline_access_gain_km":0.0,"share_within_10km":0.101},"geometry":{"type":"Polygon","coordinates":[[[73.3242,30.1416],[73.5871,30.0485],[73.6195,29.8123],[73.3907,29.6695],[73.129,29.7618],[73.0949,29.9978],[73.3242,30.1416]]]}},{"type":"Feature","properties":{"id":"nh_access:h3:84424e7ffffffff","field":"national_highways","kind":"nh_access","source":"osm+worldpop","confidence":0.9,"population":96690.0,"nh_distance_km":6.16,"pipeline_access_gain_km":0.0,"share_within_10km":0.808},"geometry":{"type":"Polygon","coordinates":[[[73.129,29.7618],[73.3907,29.6695],[73.4236,29.4343],[73.1965,29.2916],[72.936,29.3832],[72.9014,29.6182],[73.129,29.7618]]]}},{"type":"Feature","properties":{"id":"nh_access:h3:8442501ffffffff","field":"national_highways","kind":"nh_access","source":"osm+worldpop","confidence":0.9,"population":518.0,"nh_distance_km":42.81,"pipeline_access_gain_km":0.0,"share_within_10km":0.0},"geometry":{"type":"Polygon","coordinates":[[[69.3447,27.5294],[69.6026,27.4463],[69.6473,27.2179],[69.4357,27.0729],[69.1791,27.1552],[69.1328,27.3833],[69.3447,27.5294]]]}},{"type":"Feature","properties":{"id":"nh_access:h3:8442503ffffffff","field":"national_highways","kind":"nh_access","source":"osm+worldpop","confidence":0.9,"population":11981.0,"nh_distance_km":17.86,"pipeline_access_gain_km":0.0,"share_within_10km":0.21},"geometry":{"type":"Polygon","coordinates":[[[69.8158,27.5918],[70.0734,27.5079],[70.1166,27.2791],[69.9037,27.1346],[69.6473,27.2179],[69.6026,27.4463],[69.8158,27.5918]]]}},{"type":"Feature","properties":{"id":"nh_access:h3:8442507ffffffff","field":"national_highways","kind":"nh_access","source":"osm+worldpop","confidence":0.9,"population":15789.0,"nh_distance_km":47.44,"pipeline_access_gain_km":0.0,"share_within_10km":0.0},"geometry":{"type":"Polygon","coordinates":[[[69.6473,27.2179],[69.9037,27.1346],[69.9472,26.9069],[69.7359,26.7628],[69.4808,26.8455],[69.4357,27.0729],[69.6473,27.2179]]]}},{"type":"Feature","properties":{"id":"nh_access:h3:8442511ffffffff","field":"national_highways","kind":"nh_access","source":"osm+worldpop","confidence":0.9,"population":8670.0,"nh_distance_km":14.62,"pipeline_access_gain_km":0.0,"share_within_10km":0.383},"geometry":{"type":"Polygon","coordinates":[[[70.4612,28.0279],[70.7197,27.9423],[70.761,27.7122],[70.5453,27.5679],[70.2879,27.6528],[70.2451,27.8826],[70.4612,28.0279]]]}},{"type":"Feature","properties":{"id":"nh_access:h3:8442513ffffffff","field":"national_highways","kind":"nh_access","source":"osm+worldpop","confidence":0.9,"population":2972.0,"nh_distance_km":11.2,"pipeline_access_gain_km":0.0,"share_within_10km":0.487},"geometry":{"type":"Polygon","coordinates":[[[70.9371,28.087],[71.1953,28.0005],[71.235,27.77],[71.018,27.6264],[70.761,27.7122],[70.7197,27.9423],[70.9371,28.087]]]}},{"type":"Feature","properties":{"id":"nh_access:h3:8442515ffffffff","field":"national_highways","kind":"nh_access","source":"osm+worldpop","confidence":0.9,"population":17579.0,"nh_distance_km":5.63,"pipeline_access_gain_km":0.0,"share_within_10km":0.797},"geometry":{"type":"Polygon","coordinates":[[[70.2879,27.6528],[70.5453,27.5679],[70.5869,27.3388],[70.3727,27.1949],[70.1166,27.2791],[70.0734,27.5079],[70.2879,27.6528]]]}},{"type":"Feature","properties":{"id":"nh_access:h3:8442517ffffffff","field":"national_highways","kind":"nh_access","source":"osm+worldpop","confidence":0.9,"population":23084.0,"nh_distance_km":7.86,"pipeline_access_gain_km":0.0,"share_within_10km":0.656},"geometry":{"type":"Polygon","coordinates":[[[70.761,27.7122],[71.018,27.6264],[71.058,27.3969],[70.8427,27.2536],[70.5869,27.3388],[70.5453,27.5679],[70.761,27.7122]]]}},{"type":"Feature","properties":{"id":"nh_access:h3:8442519ffffffff","field":"national_highways","kind":"nh_access","source":"osm+worldpop","confidence":0.9,"population":3173.0,"nh_distance_km":19.82,"pipeline_access_gain_km":0.0,"share_within_10km":0.0},"geometry":{"type":"Polygon","coordinates":[[[70.1585,28.3441],[70.4187,28.2588],[70.4612,28.0279],[70.2451,27.8826],[69.9862,27.9672],[69.9421,28.1978],[70.1585,28.3441]]]}},{"type":"Feature","properties":{"id":"nh_access:h3:844251bffffffff","field":"national_highways","kind":"nh_access","source":"osm+worldpop","confidence":0.9,"population":1208.0,"nh_distance_km":30.08,"pipeline_access_gain_km":0.0,"share_within_10km":0.0},"geometry":{"type":"Polygon","coordinates":[[[70.6364,28.4044],[70.8962,28.3182],[70.9371,28.087],[70.7197,27.9423],[70.4612,28.0279],[70.4187,28.2588],[70.6364,28.4044]]]}},{"type":"Feature","properties":{"id":"nh_access:h3:844251dffffffff","field":"national_highways","kind":"nh_access","source":"osm+worldpop","confidence":0.9,"population":8813.0,"nh_distance_km":13.57,"pipeline_access_gain_km":0.0,"share_within_10km":0.169},"geometry":{"type":"Polygon","coordinates":[[[69.9862,27.9672],[70.2451,27.8826],[70.2879,27.6528],[70.0734,27.5079],[69.8158,27.5918],[69.7714,27.8213],[69.9862,27.9672]]]}},{"type":"Feature","properties":{"id":"nh_access:h3:844252bffffffff","field":"national_highways","kind":"nh_access","source":"osm+worldpop","confidence":0.9,"population":3589.0,"nh_distance_km":65.88,"pipeline_access_gain_km":0.0,"share_within_10km":0.0},"geometry":{"type":"Polygon","coordinates":[[[69.4808,26.8455],[69.7359,26.7628],[69.7797,26.5362],[69.57,26.3926],[69.316,26.4746],[69.2707,26.7009],[69.4808,26.8455]]]}},{"type":"Feature","properties":{"id":"nh_access:h3:8442531ffffffff","field":"national_highways","kind":"nh_access","source":"osm+worldpop","confidence":0.9,"population":18031.0,"nh_distance_km":9.16,"pipeline_access_gain_km":0.0,"share_within_10km":0.514},"geometry":{"type":"Polygon","coordinates":[[[70.4147,26.9668],[70.6693,26.8824],[70.71,26.6551],[70.4978,26.5126],[70.2444,26.5964],[70.2021,26.8233],[70.4147,26.9668]]]}},{"type":"Feature","properties":{"id":"nh_access:h3:8442533ffffffff","field":"national_highways","kind":"nh_access","source":"osm+worldpop","confidence":0.9,"population":91866.0,"nh_distance_km":4.3,"pipeline_access_gain_km":0.0,"share_within_10km":0.848},"geometry":{"type":"Polygon","coordinates":[[[70.8831,27.0253],[71.1373,26.9399],[71.1765,26.7123],[70.9631,26.5704],[70.71,26.6551],[70.6693,26.8824],[70.8831,27.0253]]]}},{"type":"Feature","properties":{"id":"nh_access:h3:8442535ffffffff","field":"national_highways","kind":"nh_access","source":"osm+worldpop","confidence":0.9,"population":21493.0,"nh_distance_km":5.05,"pipeline_access_gain_km":0.0,"share_within_10km":0.904},"geometry":{"type":"Polygon","coordinates":[[[70.2444,26.5964],[70.4978,26.5126],[70.5389,26.2864],[70.3282,26.1443],[70.076,26.2274],[70.0334,26.4533],[70.2444,26.5964]]]}},{"type":"Feature","properties":{"id":"nh_access:h3:8442537ffffffff","field":"national_highways","kind":"nh_access","source":"osm+worldpop","confidence":0.9,"population":34387.0,"nh_distance_km":17.85,"pipeline_access_gain_km":0.0,"share_within_10km":0.259},"geometry":{"type":"Polygon","coordinates":[[[70.71,26.6551],[70.9631,26.5704],[71.0027,26.3439],[70.7908,26.2024],[70.5389,26.2864],[70.4978,26.5126],[70.71,26.6551]]]}},{"type":"Feature","properties":{"id":"nh_access:h3:8442539ffffffff","field":"national_highways","kind":"nh_access","source":"osm+worldpop","confidence":0.9,"population":8753.0,"nh_distance_km":12.63,"pipeline_access_gain_km":0.0,"share_within_10km":0.47},"geometry":{"type":"Polygon","coordinates":[[[70.1166,27.2791],[70.3727,27.1949],[70.4147,26.9668],[70.2021,26.8233],[69.9472,26.9069],[69.9037,27.1346],[70.1166,27.2791]]]}},{"type":"Feature","properties":{"id":"nh_access:h3:844253bffffffff","field":"national_highways","kind":"nh_access","source":"osm+worldpop","confidence":0.9,"population":24343.0,"nh_distance_km":6.18,"pipeline_access_gain_km":0.0,"share_within_10km":0.743},"geometry":{"type":"Polygon","coordinates":[[[70.5869,27.3388],[70.8427,27.2536],[70.8831,27.0253],[70.6693,26.8824],[70.4147,26.9668],[70.3727,27.1949],[70.5869,27.3388]]]}},{"type":"Feature","properties":{"id":"nh_access:h3:844253dffffffff","field":"national_highways","kind":"nh_access","source":"osm+worldpop","confidence":0.9,"population":7059.0,"nh_distance_km":27.52,"pipeline_access_gain_km":0.0,"share_within_10km":0.127},"geometry":{"type":"Polygon","coordinates":[[[69.9472,26.9069],[70.2021,26.8233],[70.2444,26.5964],[70.0334,26.4533],[69.7797,26.5362],[69.7359,26.7628],[69.9472,26.9069]]]}},{"type":"Feature","properties":{"id":"nh_access:h3:8442581ffffffff","field":"national_highways","kind":"nh_access","source":"osm+worldpop","confidence":0.9,"population":82018.0,"nh_distance_km":8.42,"pipeline_access_gain_km":0.0,"share_within_10km":0.591},"geometry":{"type":"Polygon","coordinates":[[[72.6616,27.934],[72.9169,27.8445],[72.9506,27.614],[72.7305,27.4733],[72.4764,27.5621],[72.4411,27.7923],[72.6616,27.934]]]}},{"type":"Feature","properties":{"id":"nh_access:h3:8442583ffffffff","field":"national_highways","kind":"nh_access","source":"osm+worldpop","confidence":0.9,"population":312989.0,"nh_distance_km":6.71,"pipeline_access_gain_km":0.0,"share_within_10km":0.756},"geometry":{"type":"Polygon","coordinates":[[[73.1386,27.9854],[73.3933,27.895],[73.4253,27.6643],[73.2042,27.5243],[72.9506,27.614],[72.9169,27.8445],[73.1386,27.9854]]]}},{"type":"Feature","properties":{"id":"nh_access:h3:8442585ffffffff","field":"national_highways","kind":"nh_access","source":"osm+worldpop","confidence":0.9,"population":156984.0,"nh_distance_km":9.14,"pipeline_access_gain_km":0.0,"share_within_10km":0.629},"geometry":{"type":"Polygon","coordinates":[[[72.4764,27.5621],[72.7305,27.4733],[72.7646,27.2439],[72.5462,27.1035],[72.2931,27.1915],[72.2575,27.4207],[72.4764,27.5621]]]}},{"type":"Feature","properties":{"id":"nh_access:h3:8442587ffffffff","field":"national_highways","kind":"nh_access","source":"osm+worldpop","confidence":0.9,"population":129891.0,"nh_distance_km":12.11,"pipeline_access_gain_km":0.1,"share_within_10km":0.481},"geometry":{"type":"Polygon","coordinates":[[[72.9506,27.614],[73.2042,27.5243],[73.2367,27.2946],[73.0171,27.1549],[72.7646,27.2439],[72.7305,27.4733],[72.9506,27.614]]]}},{"type":"Feature","properties":{"id":"nh_access:h3:8442589ffffffff","field":"national_highways","kind":"nh_access","source":"osm+worldpop","confidence":0.9,"population":82034.0,"nh_distance_km":12.2,"pipeline_access_gain_km":0.0,"share_within_10km":0.417},"geometry":{"type":"Polygon","coordinates":[[[72.3699,28.2546],[72.6268,28.1653],[72.6616,27.934],[72.4411,27.7923],[72.1853,27.8809],[72.1489,28.112],[72.3699,28.2546]]]}},{"type":"Feature","properties":{"id":"nh_access:h3:844258bffffffff","field":"national_highways","kind":"nh_access","source":"osm+worldpop","confidence":0.9,"population":64801.0,"nh_distance_km":9.6,"pipeline_access_gain_km":0.0,"share_within_10km":0.629},"geometry":{"type":"Polygon","coordinates":[[[72.8489,28.3072],[73.1054,28.2169],[73.1386,27.9854],[72.9169,27.8445],[72.6616,27.934],[72.6268,28.1653],[72.8489,28.3072]]]}},{"type":"Feature","properties":{"id":"nh_access:h3:844258dffffffff","field":"national_highways","kind":"nh_access","source":"osm+worldpop","confidence":0.9,"population":65974.0,"nh_distance_km":8.89,"pipeline_access_gain_km":0.0,"share_within_10km":0.561},"geometry":{"type":"Polygon","coordinates":[[[72.1853,27.8809],[72.4411,27.7923],[72.4764,27.5621],[72.2575,27.4207],[72.0028,27.5086],[71.966,27.7386],[72.1853,27.8809]]]}},{"type":"Feature","properties":{"id":"nh_access:h3:8442591ffffffff","field":"national_highways","kind":"nh_access","source":"osm+worldpop","confidence":0.9,"population":225559.0,"nh_distance_km":5.62,"pipeline_access_gain_km":0.01,"share_within_10km":0.792},"geometry":{"type":"Polygon","coordinates":[[[73.8089,28.4074],[74.0642,28.3153],[74.0941,28.0834],[73.8703,27.9439],[73.6161,28.0352],[73.5845,28.2669],[73.8089,28.4074]]]}},{"type":"Feature","properties":{"id":"nh_access:h3:8442593ffffffff","field":"national_highways","kind":"nh_access","source":"osm+worldpop","confidence":0.9,"population":203721.0,"nh_distance_km":16.61,"pipeline_access_gain_km":0.0,"share_within_10km":0.339},"geometry":{"type":"Polygon","coordinates":[[[74.2896,28.455],[74.5444,28.3619],[74.5726,28.1299],[74.3477,27.9911],[74.0941,28.0834],[74.0642,28.3153],[74.2896,28.455]]]}},{"type":"Feature","properties":{"id":"nh_access:h3:8442595ffffffff","field":"national_highways","kind":"nh_access","source":"osm+worldpop","confidence":0.9,"population":350503.0,"nh_distance_km":15.15,"pipeline_access_gain_km":0.01,"share_within_10km":0.385},"geometry":{"type":"Polygon","coordinates":[[[73.6161,28.0352],[73.8703,27.9439],[73.9007,27.713],[73.6785,27.5737],[73.4253,27.6643],[73.3933,27.895],[73.6161,28.0352]]]}},{"type":"Feature","properties":{"id":"nh_access:h3:8442597ffffffff","field":"national_highways","kind":"nh_access","source":"osm+worldpop","confidence":0.9,"population":216800.0,"nh_distance_km":20.14,"pipeline_access_gain_km":0.0,"share_within_10km":0.093},"geometry":{"type":"Polygon","coordinates":[[[74.0941,28.0834],[74.3477,27.9911],[74.3765,27.7601],[74.1532,27.6215],[73.9007,27.713],[73.8703,27.9439],[74.0941,28.0834]]]}},{"type":"Feature","properties":{"id":"nh_access:h3:8442599ffffffff","field":"national_highways","kind":"nh_access","source":"osm+worldpop","confidence":0.9,"population":122202.0,"nh_distance_km":7.16,"pipeline_access_gain_km":0.0,"share_within_10km":0.746},"geometry":{"type":"Polygon","coordinates":[[[73.5208,28.7321],[73.7779,28.6401],[73.8089,28.4074],[73.5845,28.2669],[73.3286,28.3581],[73.296,28.5906],[73.5208,28.7321]]]}},{"type":"Feature","properties":{"id":"nh_access:h3:844259bffffffff","field":"national_highways","kind":"nh_access","source":"osm+worldpop","confidence":0.9,"population":143508.0,"nh_distance_km":16.96,"pipeline_access_gain_km":0.01,"share_within_10km":0.317},"geometry":{"type":"Polygon","coordinates":[[[74.0039,28.7808],[74.2603,28.6879],[74.2896,28.455],[74.0642,28.3153],[73.8089,28.4074],[73.7779,28.6401],[74.0039,28.7808]]]}},{"type":"Feature","properties":{"id":"nh_access:h3:844259dffffffff","field":"national_highways","kind":"nh_access","source":"osm+worldpop","confidence":0.9,"population":965295.0,"nh_distance_km":2.52,"pipeline_access_gain_km":0.0,"share_within_10km":0.995},"geometry":{"type":"Polygon","coordinates":[[[73.3286,28.3581],[73.5845,28.2669],[73.6161,28.0352],[73.3933,27.895],[73.1386,27.9854],[73.1054,28.2169],[73.3286,28.3581]]]}},{"type":"Feature","properties":{"id":"nh_access:h3:84425a1ffffffff","field":"national_highways","kind":"nh_access","source":"osm+worldpop","confidence":0.9,"population":214531.0,"nh_distance_km":9.19,"pipeline_access_gain_km":0.02,"share_within_10km":0.595},"geometry":{"type":"Polygon","coordinates":[[[72.5807,26.8751],[72.8321,26.7869],[72.8655,26.5593],[72.6491,26.4202],[72.3988,26.5077],[72.3638,26.735],[72.5807,26.8751]]]}},{"type":"Feature","properties":{"id":"nh_access:h3:84425a3ffffffff","field":"national_highways","kind":"nh_access","source":"osm+worldpop","confidence":0.9,"population":286116.0,"nh_distance_km":10.22,"pipeline_access_gain_km":0.02,"share_within_10km":0.464},"geometry":{"type":"Polygon","coordinates":[[[73.0501,26.9263],[73.301,26.8372],[73.3328,26.6094],[73.1153,26.471],[72.8655,26.5593],[72.8321,26.7869],[73.0501,26.9263]]]}},{"type":"Feature","properties":{"id":"nh_access:h3:84425a5ffffffff","field":"national_highways","kind":"nh_access","source":"osm+worldpop","confidence":0.9,"population":246609.0,"nh_distance_km":7.62,"pipeline_access_gain_km":0.01,"share_within_10km":0.692},"geometry":{"type":"Polygon","coordinates":[[[72.3988,26.5077],[72.6491,26.4202],[72.6829,26.1937],[72.468,26.0549],[72.2188,26.1417],[72.1834,26.3679],[72.3988,26.5077]]]}},{"type":"Feature","properties":{"id":"nh_access:h3:84425a7ffffffff","field":"national_highways","kind":"nh_access","source":"osm+worldpop","confidence":0.9,"population":1471430.0,"nh_distance_km":1.75,"pipeline_access_gain_km":0.0,"share_within_10km":0.978},"geometry":{"type":"Polygon","coordinates":[[[72.8655,26.5593],[73.1153,26.471],[73.1476,26.2442],[72.9316,26.1061],[72.6829,26.1937],[72.6491,26.4202],[72.8655,26.5593]]]}},{"type":"Feature","properties":{"id":"nh_access:h3:84425a9ffffffff","field":"national_highways","kind":"nh_access","source":"osm+worldpop","confidence":0.9,"population":311118.0,"nh_distance_km":6.41,"pipeline_access_gain_km":0.0,"share_within_10km":0.753},"geometry":{"type":"Polygon","coordinates":[[[72.2931,27.1915],[72.5462,27.1035],[72.5807,26.8751],[72.3638,26.735],[72.1119,26.8223],[72.0758,27.0505],[72.2931,27.1915]]]}},{"type":"Feature","properties":{"id":"nh_access:h3:84425abffffffff","field":"national_highways","kind":"nh_access","source":"osm+worldpop","confidence":0.9,"population":207603.0,"nh_distance_km":14.43,"pipeline_access_gain_km":0.03,"share_within_10km":0.372},"geometry":{"type":"Polygon","coordinates":[[[72.7646,27.2439],[73.0171,27.1549],[73.0501,26.9263],[72.8321,26.7869],[72.5807,26.8751],[72.5462,27.1035],[72.7646,27.2439]]]}},{"type":"Feature","properties":{"id":"nh_access:h3:84425adffffffff","field":"national_highways","kind":"nh_access","source":"osm+worldpop","confidence":0.9,"population":163042.0,"nh_distance_km":13.53,"pipeline_access_gain_km":0.0,"share_within_10km":0.426},"geometry":{"type":"Polygon","coordinates":[[[72.1119,26.8223],[72.3638,26.735],[72.3988,26.5077],[72.1834,26.3679],[71.9327,26.4546],[71.8962,26.6816],[72.1119,26.8223]]]}},{"type":"Feature","properties":{"id":"nh_access:h3:84425b1ffffffff","field":"national_highways","kind":"nh_access","source":"osm+worldpop","confidence":0.9,"population":405595.0,"nh_distance_km":5.45,"pipeline_access_gain_km":0.0,"share_within_10km":0.844},"geometry":{"type":"Polygon","coordinates":[[[73.7093,27.3438],[73.9608,27.2531],[73.9906,27.0241],[73.7704,26.886],[73.5201,26.976],[73.4887,27.2048],[73.7093,27.3438]]]}},{"type":"Feature","properties":{"id":"nh_access:h3:84425b3ffffffff","field":"national_highways","kind":"nh_access","source":"osm+worldpop","confidence":0.9,"population":296180.0,"nh_distance_km":9.74,"pipeline_access_gain_km":0.0,"share_within_10km":0.489},"geometry":{"type":"Polygon","coordinates":[[[74.1825,27.3915],[74.4333,27.2998],[74.4615,27.0707],[74.2404,26.9333],[73.9906,27.0241],[73.9608,27.2531],[74.1825,27.3915]]]}},{"type":"Feature","properties":{"id":"nh_access:h3:84425b5ffffffff","field":"national_highways","kind":"nh_access","source":"osm+worldpop","confidence":0.9,"population":432185.0,"nh_distance_km":19.21,"pipeline_access_gain_km":0.0,"share_within_10km":0.208},"geometry":{"type":"Polygon","coordinates":[[[73.5201,26.976],[73.7704,26.886],[73.8007,26.658],[73.5821,26.5202],[73.3328,26.6094],[73.301,26.8372],[73.5201,26.976]]]}},{"type":"Feature","properties":{"id":"nh_access:h3:84425b7ffffffff","field":"national_highways","kind":"nh_access","source":"osm+worldpop","confidence":0.9,"population":361478.0,"nh_distance_km":6.87,"pipeline_access_gain_km":0.0,"share_within_10km":0.703},"geometry":{"type":"Polygon","coordinates":[[[73.9906,27.0241],[74.2404,26.9333],[74.269,26.7051],[74.0495,26.568],[73.8007,26.658],[73.7704,26.886],[73.9906,27.0241]]]}},{"type":"Feature","properties":{"id":"nh_access:h3:84425b9ffffffff","field":"national_highways","kind":"nh_access","source":"osm+worldpop","confidence":0.9,"population":234042.0,"nh_distance_km":7.1,"pipeline_access_gain_km":0.0,"share_within_10km":0.721},"geometry":{"type":"Polygon","coordinates":[[[73.4253,27.6643],[73.6785,27.5737],[73.7093,27.3438],[73.4887,27.2048],[73.2367,27.2946],[73.2042,27.5243],[73.4253,27.6643]]]}},{"type":"Feature","properties":{"id":"nh_access:h3:84425bbffffffff","field":"national_highways","kind":"nh_access","source":"osm+worldpop","confidence":0.9,"population":243770.0,"nh_distance_km":12.86,"pipeline_access_gain_km":0.0,"share_within_10km":0.428},"geometry":{"type":"Polygon","coordinates":[[[73.9007,27.713],[74.1532,27.6215],[74.1825,27.3915],[73.9608,27.2531],[73.7093,27.3438],[73.6785,27.5737],[73.9007,27.713]]]}},{"type":"Feature","properties":{"id":"nh_access:h3:84425bdffffffff","field":"national_highways","kind":"nh_access","source":"osm+worldpop","confidence":0.9,"population":249937.0,"nh_distance_km":12.23,"pipeline_access_gain_km":0.02,"share_within_10km":0.365},"geometry":{"type":"Polygon","coordinates":[[[73.2367,27.2946],[73.4887,27.2048],[73.5201,26.976],[73.301,26.8372],[73.0501,26.9263],[73.0171,27.1549],[73.2367,27.2946]]]}},{"type":"Feature","properties":{"id":"nh_access:h3:84425c3ffffffff","field":"national_highways","kind":"nh_access","source":"osm+worldpop","confidence":0.9,"population":23209.0,"nh_distance_km":18.02,"pipeline_access_gain_km":0.0,"share_within_10km":0.121},"geometry":{"type":"Polygon","coordinates":[[[72.0753,28.5758],[72.3339,28.4866],[72.3699,28.2546],[72.1489,28.112],[71.8915,28.2004],[71.8539,28.4321],[72.0753,28.5758]]]}},{"type":"Feature","properties":{"id":"nh_access:h3:84425c5ffffffff","field":"national_highways","kind":"nh_access","source":"osm+worldpop","confidence":0.9,"population":6675.0,"nh_distance_km":49.11,"pipeline_access_gain_km":0.0,"share_within_10km":0.0},"geometry":{"type":"Polygon","coordinates":[[[71.4139,28.1445],[71.6717,28.057],[71.7098,27.8263],[71.4916,27.6833],[71.235,27.77],[71.1953,28.0005],[71.4139,28.1445]]]}},{"type":"Feature","properties":{"id":"nh_access:h3:84425c7ffffffff","field":"national_highways","kind":"nh_access","source":"osm+worldpop","confidence":0.9,"population":29614.0,"nh_distance_km":16.59,"pipeline_access_gain_km":0.0,"share_within_10km":0.316},"geometry":{"type":"Polygon","coordinates":[[[71.8915,28.2004],[72.1489,28.112],[72.1853,27.8809],[71.966,27.7386],[71.7098,27.8263],[71.6717,28.057],[71.8915,28.2004]]]}},{"type":"Feature","properties":{"id":"nh_access:h3:84425d1ffffffff","field":"national_highways","kind":"nh_access","source":"osm+worldpop","confidence":0.9,"population":168100.0,"nh_distance_km":14.76,"pipeline_access_gain_km":0.0,"share_within_10km":0.262},"geometry":{"type":"Polygon","coordinates":[[[72.7452,29.0058],[73.0045,28.9149],[73.0384,28.6817],[72.8146,28.5395],[72.5565,28.6296],[72.5209,28.8626],[72.7452,29.0058]]]}},{"type":"Feature","properties":{"id":"nh_access:h3:84425d3ffffffff","field":"national_highways","kind":"nh_access","source":"osm+worldpop","confidence":0.9,"population":102452.0,"nh_distance_km":12.3,"pipeline_access_gain_km":0.0,"share_within_10km":0.507},"geometry":{"type":"Polygon","coordinates":[[[73.2299,29.0574],[73.4887,28.9656],[73.5208,28.7321],[73.296,28.5906],[73.0384,28.6817],[73.0045,28.9149],[73.2299,29.0574]]]}},{"type":"Feature","properties":{"id":"nh_access:h3:84425d5ffffffff","field":"national_highways","kind":"nh_access","source":"osm+worldpop","confidence":0.9,"population":44432.0,"nh_distance_km":7.87,"pipeline_access_gain_km":0.0,"share_within_10km":0.646},"geometry":{"type":"Polygon","coordinates":[[[72.5565,28.6296],[72.8146,28.5395],[72.8489,28.3072],[72.6268,28.1653],[72.3699,28.2546],[72.3339,28.4866],[72.5565,28.6296]]]}},{"type":"Feature","properties":{"id":"nh_access:h3:84425d7ffffffff","field":"national_highways","kind":"nh_access","source":"osm+worldpop","confidence":0.9,"population":42184.0,"nh_distance_km":9.52,"pipeline_access_gain_km":0.0,"share_within_10km":0.566},"geometry":{"type":"Polygon","coordinates":[[[73.0384,28.6817],[73.296,28.5906],[73.3286,28.3581],[73.1054,28.2169],[72.8489,28.3072],[72.8146,28.5395],[73.0384,28.6817]]]}},{"type":"Feature","properties":{"id":"nh_access:h3:84425dbffffffff","field":"national_highways","kind":"nh_access","source":"osm+worldpop","confidence":0.9,"population":141432.0,"nh_distance_km":6.32,"pipeline_access_gain_km":0.0,"share_within_10km":0.719},"geometry":{"type":"Polygon","coordinates":[[[72.936,29.3832],[73.1965,29.2916],[73.2299,29.0574],[73.0045,28.9149],[72.7452,29.0058],[72.7101,29.2398],[72.936,29.3832]]]}},{"type":"Feature","properties":{"id":"nh_access:h3:84425ddffffffff","field":"national_highways","kind":"nh_access","source":"osm+worldpop","confidence":0.9,"population":29654.0,"nh_distance_km":17.43,"pipeline_access_gain_km":0.0,"share_within_10km":0.093},"geometry":{"type":"Polygon","coordinates":[[[72.2611,28.9525],[72.5209,28.8626],[72.5565,28.6296],[72.3339,28.4866],[72.0753,28.5758],[72.0381,28.8086],[72.2611,28.9525]]]}},{"type":"Feature","properties":{"id":"nh_access:h3:84425e1ffffffff","field":"national_highways","kind":"nh_access","source":"osm+worldpop","confidence":0.9,"population":47864.0,"nh_distance_km":18.66,"pipeline_access_gain_km":0.0,"share_within_10km":0.281},"geometry":{"type":"Polygon","coordinates":[[[71.53,27.4536],[71.7851,27.3666],[71.8224,27.1376],[71.6062,26.996],[71.3523,27.0822],[71.3135,27.3109],[71.53,27.4536]]]}},{"type":"Feature","properties":{"id":"nh_access:h3:84425e3ffffffff","field":"national_highways","kind":"nh_access","source":"osm+worldpop","confidence":0.9,"population":98300.0,"nh_distance_km":18.21,"pipeline_access_gain_km":0.0,"share_within_10km":0.2},"geometry":{"type":"Polygon","coordinates":[[[72.0028,27.5086],[72.2575,27.4207],[72.2931,27.1915],[72.0758,27.0505],[71.8224,27.1376],[71.7851,27.3666],[72.0028,27.5086]]]}},{"type":"Feature","properties":{"id":"nh_access:h3:84425e5ffffffff","field":"national_highways","kind":"nh_access","source":"osm+worldpop","confidence":0.9,"population":46880.0,"nh_distance_km":12.9,"pipeline_access_gain_km":0.0,"share_within_10km":0.442},"geometry":{"type":"Polygon","coordinates":[[[71.3523,27.0822],[71.6062,26.996],[71.6439,26.7681],[71.4292,26.6268],[71.1765,26.7123],[71.1373,26.9399],[71.3523,27.0822]]]}},{"type":"Feature","properties":{"id":"nh_access:h3:84425e7ffffffff","field":"national_highways","kind":"nh_access","source":"osm+worldpop","confidence":0.9,"population":122760.0,"nh_distance_km":5.33,"pipeline_access_gain_km":0.0,"share_within_10km":0.812},"geometry":{"type":"Polygon","coordinates":[[[71.8224,27.1376],[72.0758,27.0505],[72.1119,26.8223],[71.8962,26.6816],[71.6439,26.7681],[71.6062,26.996],[71.8224,27.1376]]]}},{"type":"Feature","properties":{"id":"nh_access:h3:84425e9ffffffff","field":"national_highways","kind":"nh_access","source":"osm+worldpop","confidence":0.9,"population":14856.0,"nh_distance_km":33.62,"pipeline_access_gain_km":0.0,"share_within_10km":0.001},"geometry":{"type":"Polygon","coordinates":[[[71.235,27.77],[71.4916,27.6833],[71.53,27.4536],[71.3135,27.3109],[71.058,27.3969],[71.018,27.6264],[71.235,27.77]]]}},{"type":"Feature","properties":{"id":"nh_access:h3:84425ebffffffff","field":"national_highways","kind":"nh_access","source":"osm+worldpop","confidence":0.9,"population":49886.0,"nh_distance_km":38.96,"pipeline_access_gain_km":0.0,"share_within_10km":0.0},"geometry":{"type":"Polygon","coordinates":[[[71.7098,27.8263],[71.966,27.7386],[72.0028,27.5086],[71.7851,27.3666],[71.53,27.4536],[71.4916,27.6833],[71.7098,27.8263]]]}},{"type":"Feature","properties":{"id":"nh_access:h3:84425edffffffff","field":"national_highways","kind":"nh_access","source":"osm+worldpop","confidence":0.9,"population":31440.0,"nh_distance_km":19.73,"pipeline_access_gain_km":0.0,"share_within_10km":0.195},"geometry":{"type":"Polygon","coordinates":[[[71.058,27.3969],[71.3135,27.3109],[71.3523,27.0822],[71.1373,26.9399],[70.8831,27.0253],[70.8427,27.2536],[71.058,27.3969]]]}},{"type":"Feature","properties":{"id":"nh_access:h3:8442c01ffffffff","field":"national_highways","kind":"nh_access","source":"osm+worldpop","confidence":0.9,"population":174375.0,"nh_distance_km":3.7,"pipeline_access_gain_km":0.0,"share_within_10km":0.97},"geometry":{"type":"Polygon","coordinates":[[[70.2426,22.861],[70.4823,22.7811],[70.5213,22.5662],[70.3219,22.4314],[70.0833,22.5106],[70.043,22.7252],[70.2426,22.861]]]}},{"type":"Feature","properties":{"id":"nh_access:h3:8442c03ffffffff","field":"national_highways","kind":"nh_access","source":"osm+worldpop","confidence":0.9,"population":518830.0,"nh_distance_km":6.89,"pipeline_access_gain_km":0.0,"share_within_10km":0.722},"geometry":{"type":"Polygon","coordinates":[[[70.6831,22.9165],[70.9225,22.8359],[70.9601,22.6207],[70.7596,22.4863],[70.5213,22.5662],[70.4823,22.7811],[70.6831,22.9165]]]}},{"type":"Feature","properties":{"id":"nh_access:h3:8442c05ffffffff","field":"national_highways","kind":"nh_access","source":"osm+worldpop","confidence":0.9,"population":595145.0,"nh_distance_km":3.86,"pipeline_access_gain_km":0.0,"share_within_10km":0.947},"geometry":{"type":"Polygon","coordinates":[[[70.0833,22.5106],[70.3219,22.4314],[70.3612,22.2177],[70.1632,22.0835],[69.9256,22.162],[69.885,22.3755],[70.0833,22.5106]]]}},{"type":"Feature","properties":{"id":"nh_access:h3:8442c07ffffffff","field":"national_highways","kind":"nh_access","source":"osm+worldpop","confidence":0.9,"population":748869.0,"nh_distance_km":4.65,"pipeline_access_gain_km":0.0,"share_within_10km":0.804},"geometry":{"type":"Polygon","coordinates":[[[70.5213,22.5662],[70.7596,22.4863],[70.7976,22.2723],[70.5985,22.1384],[70.3612,22.2177],[70.3219,22.4314],[70.5213,22.5662]]]}},{"type":"Feature","properties":{"id":"nh_access:h3:8442c09ffffffff","field":"national_highways","kind":"nh_access","source":"osm+worldpop","confidence":0.9,"population":482225.0,"nh_distance_km":2.74,"pipeline_access_gain_km":0.0,"share_within_10km":0.948},"geometry":{"type":"Polygon","coordinates":[[[69.9615,23.1565],[70.2026,23.0768],[70.2426,22.861],[70.043,22.7252],[69.803,22.8043],[69.7616,23.0198],[69.9615,23.1565]]]}},{"type":"Feature","properties":{"id":"nh_access:h3:8442c0bffffffff","field":"national_highways","kind":"nh_access","source":"osm+worldpop","confidence":0.9,"population":140878.0,"nh_distance_km":8.42,"pipeline_access_gain_km":0.0,"share_within_10km":0.665},"geometry":{"type":"Polygon","coordinates":[[[70.4036,23.213],[70.6444,23.1325],[70.6831,22.9165],[70.4823,22.7811],[70.2426,22.861],[70.2026,23.0768],[70.4036,23.213]]]}},{"type":"Feature","properties":{"id":"nh_access:h3:8442c0dffffffff","field":"national_highways","kind":"nh_access","source":"osm+worldpop","confidence":0.9,"population":307597.0,"nh_distance_km":4.2,"pipeline_access_gain_km":0.0,"share_within_10km":0.944},"geometry":{"type":"Polygon","coordinates":[[[69.803,22.8043],[70.043,22.7252],[70.0833,22.5106],[69.885,22.3755],[69.6461,22.4539],[69.6044,22.6682],[69.803,22.8043]]]}},{"type":"Feature","properties":{"id":"nh_access:h3:8442c11ffffffff","field":"national_highways","kind":"nh_access","source":"osm+worldpop","confidence":0.9,"population":234641.0,"nh_distance_km":3.92,"pipeline_access_gain_km":0.0,"share_within_10km":0.902},"geometry":{"type":"Polygon","coordinates":[[[71.2903,23.3225],[71.5304,23.2406],[71.5663,23.0239],[71.3634,22.8895],[71.1243,22.9708],[71.087,23.1872],[71.2903,23.3225]]]}},{"type":"Feature","properties":{"id":"nh_access:h3:8442c13ffffffff","field":"national_highways","kind":"nh_access","source":"osm+worldpop","confidence":0.9,"population":198734.0,"nh_distance_km":11.85,"pipeline_access_gain_km":0.06,"share_within_10km":0.47},"geometry":{"type":"Polygon","coordinates":[[[71.7347,23.3755],[71.9745,23.2928],[72.009,23.0759],[71.8051,22.9419],[71.5663,23.0239],[71.5304,23.2406],[71.7347,23.3755]]]}},{"type":"Feature","properties":{"id":"nh_access:h3:8442c15ffffffff","field":"national_highways","kind":"nh_access","source":"osm+worldpop","confidence":0.9,"population":334328.0,"nh_distance_km":13.85,"pipeline_access_gain_km":0.0,"share_within_10km":0.271},"geometry":{"type":"Polygon","coordinates":[[[71.1243,22.9708],[71.3634,22.8895],[71.3997,22.674],[71.1982,22.5401],[70.9601,22.6207],[70.9225,22.8359],[71.1243,22.9708]]]}},{"type":"Feature","properties":{"id":"nh_access:h3:8442c17ffffffff","field":"national_highways","kind":"nh_access","source":"osm+worldpop","confidence":0.9,"population":442734.0,"nh_distance_km":4.76,"pipeline_access_gain_km":0.0,"share_within_10km":0.813},"geometry":{"type":"Polygon","coordinates":[[[71.5663,23.0239],[71.8051,22.9419],[71.8399,22.7261],[71.6374,22.5926],[71.3997,22.674],[71.3634,22.8895],[71.5663,23.0239]]]}},{"type":"Feature","properties":{"id":"nh_access:h3:8442c19ffffffff","field":"national_highways","kind":"nh_access","source":"osm+worldpop","confidence":0.9,"population":62869.0,"nh_distance_km":5.77,"pipeline_access_gain_km":0.0,"share_within_10km":0.832},"geometry":{"type":"Polygon","coordinates":[[[71.0118,23.622],[71.2533,23.5401],[71.2903,23.3225],[71.087,23.1872],[70.8466,23.2684],[70.8082,23.4856],[71.0118,23.622]]]}},{"type":"Feature","properties":{"id":"nh_access:h3:8442c1bffffffff","field":"national_highways","kind":"nh_access","source":"osm+worldpop","confidence":0.9,"population":96779.0,"nh_distance_km":30.38,"pipeline_access_gain_km":0.32,"share_within_10km":0.0},"geometry":{"type":"Polygon","coordinates":[[[71.458,23.6759],[71.6992,23.5933],[71.7347,23.3755],[71.5304,23.2406],[71.2903,23.3225],[71.2533,23.5401],[71.458,23.6759]]]}},{"type":"Feature","properties":{"id":"nh_access:h3:8442c1dffffffff","field":"national_highways","kind":"nh_access","source":"osm+worldpop","confidence":0.9,"population":186273.0,"nh_distance_km":4.65,"pipeline_access_gain_km":0.0,"share_within_10km":0.89},"geometry":{"type":"Polygon","coordinates":[[[70.8466,23.2684],[71.087,23.1872],[71.1243,22.9708],[70.9225,22.8359],[70.6831,22.9165],[70.6444,23.1325],[70.8466,23.2684]]]}},{"type":"Feature","properties":{"id":"nh_access:h3:8442c21ffffffff","field":"national_highways","kind":"nh_access","source":"osm+worldpop","confidence":0.9,"population":454178.0,"nh_distance_km":5.36,"pipeline_access_gain_km":0.0,"share_within_10km":0.821},"geometry":{"type":"Polygon","coordinates":[[[70.2027,21.8709],[70.439,21.7923],[70.4775,21.5806],[70.2811,21.4479],[70.0459,21.5259],[70.0061,21.7373],[70.2027,21.8709]]]}},{"type":"Feature","properties":{"id":"nh_access:h3:8442c23ffffffff","field":"national_highways","kind":"nh_access","source":"osm+worldpop","confidence":0.9,"population":524155.0,"nh_distance_km":3.92,"pipeline_access_gain_km":0.0,"share_within_10km":0.89},"geometry":{"type":"Polygon","coordinates":[[[70.6367,21.9256],[70.8727,21.8463],[70.9099,21.6343],[70.7125,21.502],[70.4775,21.5806],[70.439,21.7923],[70.6367,21.9256]]]}},{"type":"Feature","properties":{"id":"nh_access:h3:8442c25ffffffff","field":"national_highways","kind":"nh_access","source":"osm+worldpop","confidence":0.9,"population":508361.0,"nh_distance_km":5.04,"pipeline_access_gain_km":0.0,"share_within_10km":0.816},"geometry":{"type":"Polygon","coordinates":[[[70.0459,21.5259],[70.2811,21.4479],[70.32,21.2374],[70.1249,21.1053],[69.8907,21.1827],[69.8506,21.3928],[70.0459,21.5259]]]}},{"type":"Feature","properties":{"id":"nh_access:h3:8442c27ffffffff","field":"national_highways","kind":"nh_access","source":"osm+worldpop","confidence":0.9,"population":609645.0,"nh_distance_km":10.62,"pipeline_access_gain_km":0.0,"share_within_10km":0.558},"geometry":{"type":"Polygon","coordinates":[[[70.4775,21.5806],[70.7125,21.502],[70.75,21.2912],[70.5539,21.1594],[70.32,21.2374],[70.2811,21.4479],[70.4775,21.5806]]]}},{"type":"Feature","properties":{"id":"nh_access:h3:8442c29ffffffff","field":"national_highways","kind":"nh_access","source":"osm+worldpop","confidence":0.9,"population":209503.0,"nh_distance_km":5.85,"pipeline_access_gain_km":0.0,"share_within_10km":0.757},"geometry":{"type":"Polygon","coordinates":[[[69.9256,22.162],[70.1632,22.0835],[70.2027,21.8709],[70.0061,21.7373],[69.7696,21.8152],[69.7287,22.0274],[69.9256,22.162]]]}},{"type":"Feature","properties":{"id":"nh_access:h3:8442c2bffffffff","field":"national_highways","kind":"nh_access","source":"osm+worldpop","confidence":0.9,"population":208972.0,"nh_distance_km":7.09,"pipeline_access_gain_km":0.0,"share_within_10km":0.673},"geometry":{"type":"Polygon","coordinates":[[[70.3612,22.2177],[70.5985,22.1384],[70.6367,21.9256],[70.439,21.7923],[70.2027,21.8709],[70.1632,22.0835],[70.3612,22.2177]]]}},{"type":"Feature","properties":{"id":"nh_access:h3:8442c2dffffffff","field":"national_highways","kind":"nh_access","source":"osm+worldpop","confidence":0.9,"population":382019.0,"nh_distance_km":2.7,"pipeline_access_gain_km":0.0,"share_within_10km":0.953},"geometry":{"type":"Polygon","coordinates":[[[69.7696,21.8152],[70.0061,21.7373],[70.0459,21.5259],[69.8506,21.3928],[69.6151,21.4701],[69.574,21.6812],[69.7696,21.8152]]]}},{"type":"Feature","properties":{"id":"nh_access:h3:8442c31ffffffff","field":"national_highways","kind":"nh_access","source":"osm+worldpop","confidence":0.9,"population":396106.0,"nh_distance_km":8.73,"pipeline_access_gain_km":0.0,"share_within_10km":0.601},"geometry":{"type":"Polygon","coordinates":[[[71.2347,22.3257],[71.4714,22.2451],[71.507,22.0316],[71.3072,21.8992],[71.0715,21.9792],[71.0346,22.1923],[71.2347,22.3257]]]}},{"type":"Feature","properties":{"id":"nh_access:h3:8442c33ffffffff","field":"national_highways","kind":"nh_access","source":"osm+worldpop","confidence":0.9,"population":483335.0,"nh_distance_km":9.38,"pipeline_access_gain_km":0.0,"share_within_10km":0.543},"geometry":{"type":"Polygon","coordinates":[[[71.6726,22.3781],[71.9089,22.2967],[71.9431,22.083],[71.7423,21.9509],[71.507,22.0316],[71.4714,22.2451],[71.6726,22.3781]]]}},{"type":"Feature","properties":{"id":"nh_access:h3:8442c35ffffffff","field":"national_highways","kind":"nh_access","source":"osm+worldpop","confidence":0.9,"population":350717.0,"nh_distance_km":9.93,"pipeline_access_gain_km":0.0,"share_within_10km":0.534},"geometry":{"type":"Polygon","coordinates":[[[71.0715,21.9792],[71.3072,21.8992],[71.343,21.6869],[71.1446,21.555],[70.9099,21.6343],[70.8727,21.8463],[71.0715,21.9792]]]}},{"type":"Feature","properties":{"id":"nh_access:h3:8442c37ffffffff","field":"national_highways","kind":"nh_access","source":"osm+worldpop","confidence":0.9,"population":416863.0,"nh_distance_km":5.27,"pipeline_access_gain_km":0.0,"share_within_10km":0.82},"geometry":{"type":"Polygon","coordinates":[[[71.507,22.0316],[71.7423,21.9509],[71.7768,21.7384],[71.5774,21.6069],[71.343,21.6869],[71.3072,21.8992],[71.507,22.0316]]]}},{"type":"Feature","properties":{"id":"nh_access:h3:8442c39ffffffff","field":"national_highways","kind":"nh_access","source":"osm+worldpop","confidence":0.9,"population":958278.0,"nh_distance_km":3.0,"pipeline_access_gain_km":0.0,"share_within_10km":0.933},"geometry":{"type":"Polygon","coordinates":[[[70.9601,22.6207],[71.1982,22.5401],[71.2347,22.3257],[71.0346,22.1923],[70.7976,22.2723],[70.7596,22.4863],[70.9601,22.6207]]]}},{"type":"Feature","properties":{"id":"nh_access:h3:8442c3bffffffff","field":"national_highways","kind":"nh_access","source":"osm+worldpop","confidence":0.9,"population":348099.0,"nh_distance_km":7.89,"pipeline_access_gain_km":0.0,"share_within_10km":0.653},"geometry":{"type":"Polygon","coordinates":[[[71.3997,22.674],[71.6374,22.5926],[71.6726,22.3781],[71.4714,22.2451],[71.2347,22.3257],[71.1982,22.5401],[71.3997,22.674]]]}},{"type":"Feature","properties":{"id":"nh_access:h3:8442c3dffffffff","field":"national_highways","kind":"nh_access","source":"osm+worldpop","confidence":0.9,"population":797657.0,"nh_distance_km":5.0,"pipeline_access_gain_km":0.0,"share_within_10km":0.79},"geometry":{"type":"Polygon","coordinates":[[[70.7976,22.2723],[71.0346,22.1923],[71.0715,21.9792],[70.8727,21.8463],[70.6367,21.9256],[70.5985,22.1384],[70.7976,22.2723]]]}},{"type":"Feature","properties":{"id":"nh_access:h3:8442c41ffffffff","field":"national_highways","kind":"nh_access","source":"osm+worldpop","confidence":0.9,"population":166507.0,"nh_distance_km":23.61,"pipeline_access_gain_km":0.0,"share_within_10km":0.055},"geometry":{"type":"Polygon","coordinates":[[[69.2352,23.3939],[69.4778,23.3151],[69.5203,23.0988],[69.3215,22.9617],[69.08,23.0399],[69.0362,23.2559],[69.2352,23.3939]]]}},{"type":"Feature","properties":{"id":"nh_access:h3:8442c43ffffffff","field":"national_highways","kind":"nh_access","source":"osm+worldpop","confidence":0.9,"population":199403.0,"nh_distance_km":6.04,"pipeline_access_gain_km":0.0,"share_within_10km":0.768},"geometry":{"type":"Polygon","coordinates":[[[69.678,23.4527],[69.9204,23.3731],[69.9615,23.1565],[69.7616,23.0198],[69.5203,23.0988],[69.4778,23.3151],[69.678,23.4527]]]}},{"type":"Feature","properties":{"id":"nh_access:h3:8442c45ffffffff","field":"national_highways","kind":"nh_access","source":"osm+worldpop","confidence":0.9,"population":75147.0,"nh_distance_km":3.16,"pipeline_access_gain_km":0.04,"share_within_10km":0.975},"geometry":{"type":"Polygon","coordinates":[[[69.08,23.0399],[69.3215,22.9617],[69.3643,22.7466],[69.1668,22.6101],[68.9265,22.6877],[68.8824,22.9025],[69.08,23.0399]]]}},{"type":"Feature","properties":{"id":"nh_access:h3:8442c47ffffffff","field":"national_highways","kind":"nh_access","source":"osm+worldpop","confidence":0.9,"population":329322.0,"nh_distance_km":6.78,"pipeline_access_gain_km":0.02,"share_within_10km":0.768},"geometry":{"type":"Polygon","coordinates":[[[69.5203,23.0988],[69.7616,23.0198],[69.803,22.8043],[69.6044,22.6682],[69.3643,22.7466],[69.3215,22.9617],[69.5203,23.0988]]]}},{"type":"Feature","properties":{"id":"nh_access:h3:8442c49ffffffff","field":"national_highways","kind":"nh_access","source":"osm+worldpop","confidence":0.9,"population":85951.0,"nh_distance_km":26.26,"pipeline_access_gain_km":0.0,"share_within_10km":0.091},"geometry":{"type":"Polygon","coordinates":[[[68.9477,23.6898],[69.1916,23.6111],[69.2352,23.3939],[69.0362,23.2559],[68.7934,23.334],[68.7484,23.5507],[68.9477,23.6898]]]}},{"type":"Feature","properties":{"id":"nh_access:h3:8442c4bffffffff","field":"national_highways","kind":"nh_access","source":"osm+worldpop","confidence":0.9,"population":56592.0,"nh_distance_km":24.79,"pipeline_access_gain_km":0.0,"share_within_10km":0.138},"geometry":{"type":"Polygon","coordinates":[[[69.3921,23.7497],[69.6358,23.6702],[69.678,23.4527],[69.4778,23.3151],[69.2352,23.3939],[69.1916,23.6111],[69.3921,23.7497]]]}},{"type":"Feature","properties":{"id":"nh_access:h3:8442c4dffffffff","field":"national_highways","kind":"nh_access","source":"osm+worldpop","confidence":0.9,"population":76628.0,"nh_distance_km":6.73,"pipeline_access_gain_km":0.0,"share_within_10km":0.724},"geometry":{"type":"Polygon","coordinates":[[[68.7934,23.334],[69.0362,23.2559],[69.08,23.0399],[68.8824,22.9025],[68.6407,22.98],[68.5955,23.1955],[68.7934,23.334]]]}},{"type":"Feature","properties":{"id":"nh_access:h3:8442c51ffffffff","field":"national_highways","kind":"nh_access","source":"osm+worldpop","confidence":0.9,"population":52876.0,"nh_distance_km":20.19,"pipeline_access_gain_km":0.0,"share_within_10km":0.082},"geometry":{"type":"Polygon","coordinates":[[[70.2837,23.8659],[70.5269,23.7849],[70.5664,23.5668],[70.3639,23.43],[70.1218,23.5104],[70.081,23.7282],[70.2837,23.8659]]]}},{"type":"Feature","properties":{"id":"nh_access:h3:8442c53ffffffff","field":"national_highways","kind":"nh_access","source":"osm+worldpop","confidence":0.9,"population":127176.0,"nh_distance_km":8.96,"pipeline_access_gain_km":0.0,"share_within_10km":0.565},"geometry":{"type":"Polygon","coordinates":[[[70.7308,23.9222],[70.9738,23.8404],[71.0118,23.622],[70.8082,23.4856],[70.5664,23.5668],[70.5269,23.7849],[70.7308,23.9222]]]}},{"type":"Feature","properties":{"id":"nh_access:h3:8442c55ffffffff","field":"national_highways","kind":"nh_access","source":"osm+worldpop","confidence":0.9,"population":290161.0,"nh_distance_km":4.91,"pipeline_access_gain_km":0.0,"share_within_10km":0.82},"geometry":{"type":"Polygon","coordinates":[[[70.1218,23.5104],[70.3639,23.43],[70.4036,23.213],[70.2026,23.0768],[69.9615,23.1565],[69.9204,23.3731],[70.1218,23.5104]]]}},{"type":"Feature","properties":{"id":"nh_access:h3:8442c57ffffffff","field":"national_highways","kind":"nh_access","source":"osm+worldpop","confidence":0.9,"population":155555.0,"nh_distance_km":4.65,"pipeline_access_gain_km":0.0,"share_within_10km":0.885},"geometry":{"type":"Polygon","coordinates":[[[70.5664,23.5668],[70.8082,23.4856],[70.8466,23.2684],[70.6444,23.1325],[70.4036,23.213],[70.3639,23.43],[70.5664,23.5668]]]}},{"type":"Feature","properties":{"id":"nh_access:h3:8442c59ffffffff","field":"national_highways","kind":"nh_access","source":"osm+worldpop","confidence":0.9,"population":18330.0,"nh_distance_km":26.0,"pipeline_access_gain_km":0.0,"share_within_10km":0.099},"geometry":{"type":"Polygon","coordinates":[[[69.9985,24.1658],[70.2432,24.0849],[70.2837,23.8659],[70.081,23.7282],[69.8374,23.8084],[69.7955,24.027],[69.9985,24.1658]]]}},{"type":"Feature","properties":{"id":"nh_access:h3:8442c5bffffffff","field":"national_highways","kind":"nh_access","source":"osm+worldpop","confidence":0.9,"population":24537.0,"nh_distance_km":20.77,"pipeline_access_gain_km":0.0,"share_within_10km":0.225},"geometry":{"type":"Polygon","coordinates":[[[70.4474,24.2231],[70.6917,24.1414],[70.7308,23.9222],[70.5269,23.7849],[70.2837,23.8659],[70.2432,24.0849],[70.4474,24.2231]]]}},{"type":"Feature","properties":{"id":"nh_access:h3:8442c5dffffffff","field":"national_highways","kind":"nh_access","source":"osm+worldpop","confidence":0.9,"population":34433.0,"nh_distance_km":13.32,"pipeline_access_gain_km":0.0,"share_within_10km":0.408},"geometry":{"type":"Polygon","coordinates":[[[69.8374,23.8084],[70.081,23.7282],[70.1218,23.5104],[69.9204,23.3731],[69.678,23.4527],[69.6358,23.6702],[69.8374,23.8084]]]}},{"type":"Feature","properties":{"id":"nh_access:h3:8442c61ffffffff","field":"national_highways","kind":"nh_access","source":"osm+worldpop","confidence":0.9,"population":175638.0,"nh_distance_km":5.42,"pipeline_access_gain_km":0.0,"share_within_10km":0.804},"geometry":{"type":"Polygon","coordinates":[[[69.2098,22.3961],[69.4489,22.3184],[69.4909,22.1053],[69.295,21.9703],[69.057,22.0474],[69.0138,22.2602],[69.2098,22.3961]]]}},{"type":"Feature","properties":{"id":"nh_access:h3:8442c63ffffffff","field":"national_highways","kind":"nh_access","source":"osm+worldpop","confidence":0.9,"population":413672.0,"nh_distance_km":4.95,"pipeline_access_gain_km":0.0,"share_within_10km":0.876},"geometry":{"type":"Polygon","coordinates":[[[69.6461,22.4539],[69.885,22.3755],[69.9256,22.162],[69.7287,22.0274],[69.4909,22.1053],[69.4489,22.3184],[69.6461,22.4539]]]}},{"type":"Feature","properties":{"id":"nh_access:h3:8442c65ffffffff","field":"national_highways","kind":"nh_access","source":"osm+worldpop","confidence":0.9,"population":25257.0,"nh_distance_km":1.71,"pipeline_access_gain_km":0.0,"share_within_10km":1.0},"geometry":{"type":"Polygon","coordinates":[[[69.057,22.0474],[69.295,21.9703],[69.3372,21.7584],[69.1428,21.624],[68.9059,21.7006],[68.8623,21.9121],[69.057,22.0474]]]}},{"type":"Feature","properties":{"id":"nh_access:h3:8442c67ffffffff","field":"national_highways","kind":"nh_access","source":"osm+worldpop","confidence":0.9,"population":303508.0,"nh_distance_km":3.19,"pipeline_access_gain_km":0.0,"share_within_10km":0.944},"geometry":{"type":"Polygon","coordinates":[[[69.4909,22.1053],[69.7287,22.0274],[69.7696,21.8152],[69.574,21.6812],[69.3372,21.7584],[69.295,21.9703],[69.4909,22.1053]]]}},{"type":"Feature","properties":{"id":"nh_access:h3:8442c69ffffffff","field":"national_highways","kind":"nh_access","source":"osm+worldpop","confidence":0.9,"population":104934.0,"nh_distance_km":2.23,"pipeline_access_gain_km":0.0,"share_within_10km":0.956},"geometry":{"type":"Polygon","coordinates":[[[68.9265,22.6877],[69.1668,22.6101],[69.2098,22.3961],[69.0138,22.2602],[68.7745,22.3372],[68.7302,22.5508],[68.9265,22.6877]]]}},{"type":"Feature","properties":{"id":"nh_access:h3:8442c6bffffffff","field":"national_highways","kind":"nh_access","source":"osm+worldpop","confidence":0.9,"population":6443.0,"nh_distance_km":19.88,"pipeline_access_gain_km":0.0,"share_within_10km":0.0},"geometry":{"type":"Polygon","coordinates":[[[69.3643,22.7466],[69.6044,22.6682],[69.6461,22.4539],[69.4489,22.3184],[69.2098,22.3961],[69.1668,22.6101],[69.3643,22.7466]]]}},{"type":"Feature","properties":{"id":"nh_access:h3:8442c6dffffffff","field":"national_highways","kind":"nh_access","source":"osm+worldpop","confidence":0.9,"population":37515.0,"nh_distance_km":0.73,"pipeline_access_gain_km":0.0,"share_within_10km":1.0},"geometry":{"type":"Polygon","coordinates":[[[68.7745,22.3372],[69.0138,22.2602],[69.057,22.0474],[68.8623,21.9121],[68.6242,21.9885],[68.5796,22.2009],[68.7745,22.3372]]]}},{"type":"Feature","properties":{"id":"nh_access:h3:8442c81ffffffff","field":"national_highways","kind":"nh_access","source":"osm+worldpop","confidence":0.9,"population":783368.0,"nh_distance_km":9.93,"pipeline_access_gain_km":0.0,"share_within_10km":0.572},"geometry":{"type":"Polygon","coordinates":[[[73.3406,23.2245],[73.5777,23.1396],[73.6069,22.9229],[73.4005,22.7914],[73.1644,22.8755],[73.1337,23.092],[73.3406,23.2245]]]}},{"type":"Feature","properties":{"id":"nh_access:h3:8442c83ffffffff","field":"national_highways","kind":"nh_access","source":"osm+worldpop","confidence":0.9,"population":907702.0,"nh_distance_km":20.73,"pipeline_access_gain_km":0.0,"share_within_10km":0.134},"geometry":{"type":"Polygon","coordinates":[[[73.7855,23.2716],[74.0221,23.186],[74.0499,22.9691],[73.8425,22.8381],[73.6069,22.9229],[73.5777,23.1396],[73.7855,23.2716]]]}},{"type":"Feature","properties":{"id":"nh_access:h3:8442c85ffffffff","field":"national_highways","kind":"nh_access","source":"osm+worldpop","confidence":0.9,"population":946641.0,"nh_distance_km":9.01,"pipeline_access_gain_km":0.01,"share_within_10km":0.56},"geometry":{"type":"Polygon","coordinates":[[[73.1644,22.8755],[73.4005,22.7914],[73.4301,22.5758],[73.2251,22.4447],[72.9899,22.5281],[72.9589,22.7434],[73.1644,22.8755]]]}},{"type":"Feature","properties":{"id":"nh_access:h3:8442c87ffffffff","field":"national_highways","kind":"nh_access","source":"osm+worldpop","confidence":0.9,"population":1102174.0,"nh_distance_km":5.84,"pipeline_access_gain_km":0.01,"share_within_10km":0.803},"geometry":{"type":"Polygon","coordinates":[[[73.6069,22.9229],[73.8425,22.8381],[73.8708,22.6223],[73.6648,22.4917],[73.4301,22.5758],[73.4005,22.7914],[73.6069,22.9229]]]}},{"type":"Feature","properties":{"id":"nh_access:h3:8442c89ffffffff","field":"national_highways","kind":"nh_access","source":"osm+worldpop","confidence":0.9,"population":587877.0,"nh_distance_km":9.36,"pipeline_access_gain_km":0.27,"share_within_10km":0.541},"geometry":{"type":"Polygon","coordinates":[[[73.0718,23.527],[73.3104,23.4421],[73.3406,23.2245],[73.1337,23.092],[72.8962,23.1762],[72.8645,23.3936],[73.0718,23.527]]]}},{"type":"Feature","properties":{"id":"nh_access:h3:8442c8bffffffff","field":"national_highways","kind":"nh_access","source":"osm+worldpop","confidence":0.9,"population":573193.0,"nh_distance_km":25.72,"pipeline_access_gain_km":0.0,"share_within_10km":0.066},"geometry":{"type":"Polygon","coordinates":[[[73.5186,23.575],[73.7567,23.4894],[73.7855,23.2716],[73.5777,23.1396],[73.3406,23.2245],[73.3104,23.4421],[73.5186,23.575]]]}},{"type":"Feature","properties":{"id":"nh_access:h3:8442c8dffffffff","field":"national_highways","kind":"nh_access","source":"osm+worldpop","confidence":0.9,"population":804382.0,"nh_distance_km":3.84,"pipeline_access_gain_km":0.37,"share_within_10km":0.93},"geometry":{"type":"Polygon","coordinates":[[[72.8962,23.1762],[73.1337,23.092],[73.1644,22.8755],[72.9589,22.7434],[72.7223,22.8269],[72.6903,23.0432],[72.8962,23.1762]]]}},{"type":"Feature","properties":{"id":"nh_access:h3:8442c91ffffffff","field":"national_highways","kind":"nh_access","source":"osm+worldpop","confidence":0.9,"population":981351.0,"nh_distance_km":5.6,"pipeline_access_gain_km":0.0,"share_within_10km":0.811},"geometry":{"type":"Polygon","coordinates":[[[74.4136,23.6672],[74.6506,23.5801],[74.6765,23.362],[74.4669,23.2311],[74.2308,23.3174],[74.2034,23.5354],[74.4136,23.6672]]]}},{"type":"Feature","properties":{"id":"nh_access:h3:8442c93ffffffff","field":"national_highways","kind":"nh_access","source":"osm+worldpop","confidence":0.9,"population":569377.0,"nh_distance_km":5.6,"pipeline_access_gain_km":0.0,"share_within_10km":0.796},"geometry":{"type":"Polygon","coordinates":[[[74.8616,23.7114],[75.098,23.6236],[75.1225,23.4053],[74.912,23.275],[74.6765,23.362],[74.6506,23.5801],[74.8616,23.7114]]]}},{"type":"Feature","properties":{"id":"nh_access:h3:8442c95ffffffff","field":"national_highways","kind":"nh_access","source":"osm+worldpop","confidence":0.9,"population":1039789.0,"nh_distance_km":5.83,"pipeline_access_gain_km":0.76,"share_within_10km":0.792},"geometry":{"type":"Polygon","coordinates":[[[74.2308,23.3174],[74.4669,23.2311],[74.4933,23.0141],[74.285,22.8835],[74.0499,22.9691],[74.0221,23.186],[74.2308,23.3174]]]}},{"type":"Feature","properties":{"id":"nh_access:h3:8442c97ffffffff","field":"national_highways","kind":"nh_access","source":"osm+worldpop","confidence":0.9,"population":533470.0,"nh_distance_km":8.32,"pipeline_access_gain_km":0.11,"share_within_10km":0.659},"geometry":{"type":"Polygon","coordinates":[[[74.6765,23.362],[74.912,23.275],[74.937,23.0578],[74.7279,22.9278],[74.4933,23.0141],[74.4669,23.2311],[74.6765,23.362]]]}},{"type":"Feature","properties":{"id":"nh_access:h3:8442c99ffffffff","field":"national_highways","kind":"nh_access","source":"osm+worldpop","confidence":0.9,"population":789380.0,"nh_distance_km":9.51,"pipeline_access_gain_km":0.0,"share_within_10km":0.583},"geometry":{"type":"Polygon","coordinates":[[[74.1482,23.9734],[74.3867,23.8863],[74.4136,23.6672],[74.2034,23.5354],[73.9659,23.6217],[73.9375,23.8406],[74.1482,23.9734]]]}},{"type":"Feature","properties":{"id":"nh_access:h3:8442c9bffffffff","field":"national_highways","kind":"nh_access","source":"osm+worldpop","confidence":0.9,"population":376370.0,"nh_distance_km":8.13,"pipeline_access_gain_km":0.0,"share_within_10km":0.616},"geometry":{"type":"Polygon","coordinates":[[[74.5982,24.0185],[74.8362,23.9306],[74.8616,23.7114],[74.6506,23.5801],[74.4136,23.6672],[74.3867,23.8863],[74.5982,24.0185]]]}},{"type":"Feature","properties":{"id":"nh_access:h3:8442c9dffffffff","field":"national_highways","kind":"nh_access","source":"osm+worldpop","confidence":0.9,"population":867656.0,"nh_distance_km":18.34,"pipeline_access_gain_km":0.0,"share_within_10km":0.157},"geometry":{"type":"Polygon","coordinates":[[[73.9659,23.6217],[74.2034,23.5354],[74.2308,23.3174],[74.0221,23.186],[73.7855,23.2716],[73.7567,23.4894],[73.9659,23.6217]]]}},{"type":"Feature","properties":{"id":"nh_access:h3:8442ca1ffffffff","field":"national_highways","kind":"nh_access","source":"osm+worldpop","confidence":0.9,"population":565524.0,"nh_distance_km":10.1,"pipeline_access_gain_km":0.0,"share_within_10km":0.512},"geometry":{"type":"Polygon","coordinates":[[[73.2551,22.2303],[73.4889,22.1469],[73.518,21.9335],[73.3147,21.8037],[73.0819,21.8864],[73.0514,22.0996],[73.2551,22.2303]]]}},{"type":"Feature","properties":{"id":"nh_access:h3:8442ca3ffffffff","field":"national_highways","kind":"nh_access","source":"osm+worldpop","confidence":0.9,"population":553255.0,"nh_distance_km":8.83,"pipeline_access_gain_km":0.0,"share_within_10km":0.597},"geometry":{"type":"Polygon","coordinates":[[[73.6935,22.2771],[73.9267,22.1931],[73.9545,21.9795],[73.7503,21.8502],[73.518,21.9335],[73.4889,22.1469],[73.6935,22.2771]]]}},{"type":"Feature","properties":{"id":"nh_access:h3:8442ca5ffffffff","field":"national_highways","kind":"nh_access","source":"osm+worldpop","confidence":0.9,"population":1074667.0,"nh_distance_km":4.16,"pipeline_access_gain_km":0.0,"share_within_10km":0.854},"geometry":{"type":"Polygon","coordinates":[[[73.0819,21.8864],[73.3147,21.8037],[73.3442,21.5915],[73.1422,21.4622],[72.9104,21.5441],[72.8795,21.7562],[73.0819,21.8864]]]}},{"type":"Feature","properties":{"id":"nh_access:h3:8442ca7ffffffff","field":"national_highways","kind":"nh_access","source":"osm+worldpop","confidence":0.9,"population":344120.0,"nh_distance_km":4.99,"pipeline_access_gain_km":0.0,"share_within_10km":0.851},"geometry":{"type":"Polygon","coordinates":[[[73.518,21.9335],[73.7503,21.8502],[73.7784,21.6377],[73.5756,21.5088],[73.3442,21.5915],[73.3147,21.8037],[73.518,21.9335]]]}},{"type":"Feature","properties":{"id":"nh_access:h3:8442ca9ffffffff","field":"national_highways","kind":"nh_access","source":"osm+worldpop","confidence":0.9,"population":3170125.0,"nh_distance_km":1.88,"pipeline_access_gain_km":0.0,"share_within_10km":0.993},"geometry":{"type":"Polygon","coordinates":[[[72.9899,22.5281],[73.2251,22.4447],[73.2551,22.2303],[73.0514,22.0996],[72.8173,22.1824],[72.7858,22.3965],[72.9899,22.5281]]]}},{"type":"Feature","properties":{"id":"nh_access:h3:8442cabffffffff","field":"national_highways","kind":"nh_access","source":"osm+worldpop","confidence":0.9,"population":658021.0,"nh_distance_km":6.68,"pipeline_access_gain_km":0.0,"share_within_10km":0.765},"geometry":{"type":"Polygon","coordinates":[[[73.4301,22.5758],[73.6648,22.4917],[73.6935,22.2771],[73.4889,22.1469],[73.2551,22.2303],[73.2251,22.4447],[73.4301,22.5758]]]}},{"type":"Feature","properties":{"id":"nh_access:h3:8442cadffffffff","field":"national_highways","kind":"nh_access","source":"osm+worldpop","confidence":0.9,"population":314071.0,"nh_distance_km":5.58,"pipeline_access_gain_km":0.0,"share_within_10km":0.806},"geometry":{"type":"Polygon","coordinates":[[[72.8173,22.1824],[73.0514,22.0996],[73.0819,21.8864],[72.8795,21.7562],[72.6463,21.8382],[72.6145,22.0512],[72.8173,22.1824]]]}},{"type":"Feature","properties":{"id":"nh_access:h3:8442cb1ffffffff","field":"national_highways","kind":"nh_access","source":"osm+worldpop","confidence":0.9,"population":516757.0,"nh_distance_km":5.51,"pipeline_access_gain_km":0.0,"share_within_10km":0.809},"geometry":{"type":"Polygon","coordinates":[[[74.3119,22.6677],[74.5455,22.5822],[74.5714,22.3673],[74.365,22.238],[74.1323,22.3228],[74.105,22.5375],[74.3119,22.6677]]]}},{"type":"Feature","properties":{"id":"nh_access:h3:8442cb3ffffffff","field":"national_highways","kind":"nh_access","source":"osm+worldpop","confidence":0.9,"population":380353.0,"nh_distance_km":20.46,"pipeline_access_gain_km":0.0,"share_within_10km":0.118},"geometry":{"type":"Polygon","coordinates":[[[74.7533,22.7118],[74.9864,22.6256],[75.0109,22.4106],[74.8036,22.2818],[74.5714,22.3673],[74.5455,22.5822],[74.7533,22.7118]]]}},{"type":"Feature","properties":{"id":"nh_access:h3:8442cb5ffffffff","field":"national_highways","kind":"nh_access","source":"osm+worldpop","confidence":0.9,"population":448310.0,"nh_distance_km":21.62,"pipeline_access_gain_km":0.0,"share_within_10km":0.092},"geometry":{"type":"Polygon","coordinates":[[[74.1323,22.3228],[74.365,22.238],[74.3914,22.0243],[74.1863,21.8954],[73.9545,21.9795],[73.9267,22.1931],[74.1323,22.3228]]]}},{"type":"Feature","properties":{"id":"nh_access:h3:8442cb7ffffffff","field":"national_highways","kind":"nh_access","source":"osm+worldpop","confidence":0.9,"population":453053.0,"nh_distance_km":23.77,"pipeline_access_gain_km":0.0,"share_within_10km":0.014},"geometry":{"type":"Polygon","coordinates":[[[74.5714,22.3673],[74.8036,22.2818],[74.8018,22.0507],[74.5955,21.922],[74.3914,22.0243],[74.365,22.238],[74.5714,22.3673]]]}},{"type":"Feature","properties":{"id":"nh_access:h3:8442cb9ffffffff","field":"national_highways","kind":"nh_access","source":"osm+worldpop","confidence":0.9,"population":1266777.0,"nh_distance_km":6.32,"pipeline_access_gain_km":0.09,"share_within_10km":0.736},"geometry":{"type":"Polygon","coordinates":[[[74.0499,22.9691],[74.285,22.8835],[74.3119,22.6677],[74.105,22.5375],[73.8708,22.6223],[73.8425,22.8381],[74.0499,22.9691]]]}},{"type":"Feature","properties":{"id":"nh_access:h3:8442cbbffffffff","field":"national_highways","kind":"nh_access","source":"osm+worldpop","confidence":0.9,"population":864140.0,"nh_distance_km":5.93,"pipeline_access_gain_km":0.31,"share_within_10km":0.791},"geometry":{"type":"Polygon","coordinates":[[[74.4933,23.0141],[74.7279,22.9278],[74.7533,22.7118],[74.5455,22.5822],[74.3119,22.6677],[74.285,22.8835],[74.4933,23.0141]]]}},{"type":"Feature","properties":{"id":"nh_access:h3:8442cbdffffffff","field":"national_highways","kind":"nh_access","source":"osm+worldpop","confidence":0.9,"population":565443.0,"nh_distance_km":8.06,"pipeline_access_gain_km":0.0,"share_within_10km":0.658},"geometry":{"type":"Polygon","coordinates":[[[73.8708,22.6223],[74.105,22.5375],[74.1323,22.3228],[73.9267,22.1931],[73.6935,22.2771],[73.6648,22.4917],[73.8708,22.6223]]]}},{"type":"Feature","properties":{"id":"nh_access:h3:8442cc1ffffffff","field":"national_highways","kind":"nh_access","source":"osm+worldpop","confidence":0.9,"population":1116576.0,"nh_distance_km":6.36,"pipeline_access_gain_km":0.96,"share_within_10km":0.762},"geometry":{"type":"Polygon","coordinates":[[[72.3524,23.7802],[72.5928,23.696],[72.6255,23.4777],[72.4192,23.3438],[72.1798,23.4272],[72.1457,23.6453],[72.3524,23.7802]]]}},{"type":"Feature","properties":{"id":"nh_access:h3:8442cc3ffffffff","field":"national_highways","kind":"nh_access","source":"osm+worldpop","confidence":0.9,"population":835044.0,"nh_distance_km":5.67,"pipeline_access_gain_km":0.0,"share_within_10km":0.801},"geometry":{"type":"Polygon","coordinates":[[[72.8006,23.8304],[73.0406,23.7455],[73.0718,23.527],[72.8645,23.3936],[72.6255,23.4777],[72.5928,23.696],[72.8006,23.8304]]]}},{"type":"Feature","properties":{"id":"nh_access:h3:8442cc5ffffffff","field":"national_highways","kind":"nh_access","source":"osm+worldpop","confidence":0.9,"population":547988.0,"nh_distance_km":14.66,"pipeline_access_gain_km":1.19,"share_within_10km":0.364},"geometry":{"type":"Polygon","coordinates":[[[72.1798,23.4272],[72.4192,23.3438],[72.4523,23.1266],[72.2474,22.9931],[72.009,23.0759],[71.9745,23.2928],[72.1798,23.4272]]]}},{"type":"Feature","properties":{"id":"nh_access:h3:8442cc7ffffffff","field":"national_highways","kind":"nh_access","source":"osm+worldpop","confidence":0.9,"population":1688225.0,"nh_distance_km":5.18,"pipeline_access_gain_km":1.17,"share_within_10km":0.835},"geometry":{"type":"Polygon","coordinates":[[[72.6255,23.4777],[72.8645,23.3936],[72.8962,23.1762],[72.6903,23.0432],[72.4523,23.1266],[72.4192,23.3438],[72.6255,23.4777]]]}},{"type":"Feature","properties":{"id":"nh_access:h3:8442cc9ffffffff","field":"national_highways","kind":"nh_access","source":"osm+worldpop","confidence":0.9,"population":639075.0,"nh_distance_km":7.24,"pipeline_access_gain_km":3.39,"share_within_10km":0.698},"geometry":{"type":"Polygon","coordinates":[[[72.0768,24.0835],[72.3187,23.9994],[72.3524,23.7802],[72.1457,23.6453],[71.9049,23.7287],[71.8697,23.9477],[72.0768,24.0835]]]}},{"type":"Feature","properties":{"id":"nh_access:h3:8442ccbffffffff","field":"national_highways","kind":"nh_access","source":"osm+worldpop","confidence":0.9,"population":794684.0,"nh_distance_km":12.94,"pipeline_access_gain_km":2.67,"share_within_10km":0.38},"geometry":{"type":"Polygon","coordinates":[[[72.5268,24.1347],[72.7683,24.0498],[72.8006,23.8304],[72.5928,23.696],[72.3524,23.7802],[72.3187,23.9994],[72.5268,24.1347]]]}},{"type":"Feature","properties":{"id":"nh_access:h3:8442ccdffffffff","field":"national_highways","kind":"nh_access","source":"osm+worldpop","confidence":0.9,"population":323488.0,"nh_distance_km":23.71,"pipeline_access_gain_km":9.17,"share_within_10km":0.047},"geometry":{"type":"Polygon","coordinates":[[[71.9049,23.7287],[72.1457,23.6453],[72.1798,23.4272],[71.9745,23.2928],[71.7347,23.3755],[71.6992,23.5933],[71.9049,23.7287]]]}},{"type":"Feature","properties":{"id":"nh_access:h3:8442cd1ffffffff","field":"national_highways","kind":"nh_access","source":"osm+worldpop","confidence":0.9,"population":484293.0,"nh_distance_km":3.98,"pipeline_access_gain_km":0.0,"share_within_10km":0.926},"geometry":{"type":"Polygon","coordinates":[[[73.4286,24.2332],[73.6691,24.1469],[73.6985,23.927],[73.4888,23.7937],[73.2493,23.8793],[73.2185,24.099],[73.4286,24.2332]]]}},{"type":"Feature","properties":{"id":"nh_access:h3:8442cd3ffffffff","field":"national_highways","kind":"nh_access","source":"osm+worldpop","confidence":0.9,"population":625633.0,"nh_distance_km":21.67,"pipeline_access_gain_km":0.0,"share_within_10km":0.187},"geometry":{"type":"Polygon","coordinates":[[[73.8803,24.2805],[74.1203,24.1934],[74.1482,23.9734],[73.9375,23.8406],[73.6985,23.927],[73.6691,24.1469],[73.8803,24.2805]]]}},{"type":"Feature","properties":{"id":"nh_access:h3:8442cd5ffffffff","field":"national_highways","kind":"nh_access","source":"osm+worldpop","confidence":0.9,"population":667945.0,"nh_distance_km":4.21,"pipeline_access_gain_km":0.0,"share_within_10km":0.913},"geometry":{"type":"Polygon","coordinates":[[[73.2493,23.8793],[73.4888,23.7937],[73.5186,23.575],[73.3104,23.4421],[73.0718,23.527],[73.0406,23.7455],[73.2493,23.8793]]]}},{"type":"Feature","properties":{"id":"nh_access:h3:8442cd7ffffffff","field":"national_highways","kind":"nh_access","source":"osm+worldpop","confidence":0.9,"population":659887.0,"nh_distance_km":10.77,"pipeline_access_gain_km":0.0,"share_within_10km":0.518},"geometry":{"type":"Polygon","coordinates":[[[73.6985,23.927],[73.9375,23.8406],[73.9659,23.6217],[73.7567,23.4894],[73.5186,23.575],[73.4888,23.7937],[73.6985,23.927]]]}},{"type":"Feature","properties":{"id":"nh_access:h3:8442cd9ffffffff","field":"national_highways","kind":"nh_access","source":"osm+worldpop","confidence":0.9,"population":271506.0,"nh_distance_km":8.36,"pipeline_access_gain_km":0.0,"share_within_10km":0.639},"geometry":{"type":"Polygon","coordinates":[[[73.1562,24.5404],[73.3982,24.454],[73.4286,24.2332],[73.2185,24.099],[72.9775,24.1846],[72.9456,24.4052],[73.1562,24.5404]]]}},{"type":"Feature","properties":{"id":"nh_access:h3:8442cdbffffffff","field":"national_highways","kind":"nh_access","source":"osm+worldpop","confidence":0.9,"population":541976.0,"nh_distance_km":4.73,"pipeline_access_gain_km":0.0,"share_within_10km":0.857},"geometry":{"type":"Polygon","coordinates":[[[73.6098,24.5886],[73.8513,24.5015],[73.8803,24.2805],[73.6691,24.1469],[73.4286,24.2332],[73.3982,24.454],[73.6098,24.5886]]]}},{"type":"Feature","properties":{"id":"nh_access:h3:8442cddffffffff","field":"national_highways","kind":"nh_access","source":"osm+worldpop","confidence":0.9,"population":582173.0,"nh_distance_km":5.49,"pipeline_access_gain_km":0.0,"share_within_10km":0.805},"geometry":{"type":"Polygon","coordinates":[[[72.9775,24.1846],[73.2185,24.099],[73.2493,23.8793],[73.0406,23.7455],[72.8006,23.8304],[72.7683,24.0498],[72.9775,24.1846]]]}},{"type":"Feature","properties":{"id":"nh_access:h3:8442ce1ffffffff","field":"national_highways","kind":"nh_access","source":"osm+worldpop","confidence":0.9,"population":372193.0,"nh_distance_km":3.33,"pipeline_access_gain_km":0.0,"share_within_10km":0.962},"geometry":{"type":"Polygon","coordinates":[[[72.2808,22.7771],[72.5178,22.6944],[72.5502,22.4793],[72.3471,22.3472],[72.1111,22.4292],[72.0773,22.6441],[72.2808,22.7771]]]}},{"type":"Feature","properties":{"id":"nh_access:h3:8442ce3ffffffff","field":"national_highways","kind":"nh_access","source":"osm+worldpop","confidence":0.9,"population":1647730.0,"nh_distance_km":2.94,"pipeline_access_gain_km":0.0,"share_within_10km":0.982},"geometry":{"type":"Polygon","coordinates":[[[72.7223,22.8269],[72.9589,22.7434],[72.9899,22.5281],[72.7858,22.3965],[72.5502,22.4793],[72.5178,22.6944],[72.7223,22.8269]]]}},{"type":"Feature","properties":{"id":"nh_access:h3:8442ce5ffffffff","field":"national_highways","kind":"nh_access","source":"osm+worldpop","confidence":0.9,"population":170123.0,"nh_distance_km":8.63,"pipeline_access_gain_km":0.0,"share_within_10km":0.627},"geometry":{"type":"Polygon","coordinates":[[[72.1111,22.4292],[72.3471,22.3472],[72.3799,22.1333],[72.1781,22.0016],[71.9431,22.083],[71.9089,22.2967],[72.1111,22.4292]]]}},{"type":"Feature","properties":{"id":"nh_access:h3:8442ce7ffffffff","field":"national_highways","kind":"nh_access","source":"osm+worldpop","confidence":0.9,"population":447892.0,"nh_distance_km":13.99,"pipeline_access_gain_km":0.0,"share_within_10km":0.229},"geometry":{"type":"Polygon","coordinates":[[[72.5502,22.4793],[72.7858,22.3965],[72.8173,22.1824],[72.6145,22.0512],[72.3799,22.1333],[72.3471,22.3472],[72.5502,22.4793]]]}},{"type":"Feature","properties":{"id":"nh_access:h3:8442ce9ffffffff","field":"national_highways","kind":"nh_access","source":"osm+worldpop","confidence":0.9,"population":203840.0,"nh_distance_km":14.52,"pipeline_access_gain_km":0.0,"share_within_10km":0.267},"geometry":{"type":"Polygon","coordinates":[[[72.009,23.0759],[72.2474,22.9931],[72.2808,22.7771],[72.0773,22.6441],[71.8399,22.7261],[71.8051,22.9419],[72.009,23.0759]]]}},{"type":"Feature","properties":{"id":"nh_access:h3:8442cebffffffff","field":"national_highways","kind":"nh_access","source":"osm+worldpop","confidence":0.9,"population":6942793.0,"nh_distance_km":1.81,"pipeline_access_gain_km":0.0,"share_within_10km":1.0},"geometry":{"type":"Polygon","coordinates":[[[72.4523,23.1266],[72.6903,23.0432],[72.7223,22.8269],[72.5178,22.6944],[72.2808,22.7771],[72.2474,22.9931],[72.4523,23.1266]]]}},{"type":"Feature","properties":{"id":"nh_access:h3:8442cedffffffff","field":"national_highways","kind":"nh_access","source":"osm+worldpop","confidence":0.9,"population":320194.0,"nh_distance_km":6.51,"pipeline_access_gain_km":0.0,"share_within_10km":0.745},"geometry":{"type":"Polygon","coordinates":[[[71.8399,22.7261],[72.0773,22.6441],[72.1111,22.4292],[71.9089,22.2967],[71.6726,22.3781],[71.6374,22.5926],[71.8399,22.7261]]]}},{"type":"Feature","properties":{"id":"nh_access:h3:8442d13ffffffff","field":"national_highways","kind":"nh_access","source":"osm+worldpop","confidence":0.9,"population":345905.0,"nh_distance_km":3.78,"pipeline_access_gain_km":0.0,"share_within_10km":0.992},"geometry":{"type":"Polygon","coordinates":[[[70.5917,20.9498],[70.8243,20.8718],[70.8612,20.6631],[70.6667,20.5328],[70.435,20.6102],[70.3969,20.8186],[70.5917,20.9498]]]}},{"type":"Feature","properties":{"id":"nh_access:h3:8442d19ffffffff","field":"national_highways","kind":"nh_access","source":"osm+worldpop","confidence":0.9,"population":10449.0,"nh_distance_km":2.3,"pipeline_access_gain_km":0.0,"share_within_10km":1.0},"geometry":{"type":"Polygon","coordinates":[[[69.8907,21.1827],[70.1249,21.1053],[70.164,20.896],[69.9702,20.7644],[69.7371,20.8412],[69.6967,21.0501],[69.8907,21.1827]]]}},{"type":"Feature","properties":{"id":"nh_access:h3:8442d1bffffffff","field":"national_highways","kind":"nh_access","source":"osm+worldpop","confidence":0.9,"population":640297.0,"nh_distance_km":4.23,"pipeline_access_gain_km":0.0,"share_within_10km":0.87},"geometry":{"type":"Polygon","coordinates":[[[70.32,21.2374],[70.5539,21.1594],[70.5917,20.9498],[70.3969,20.8186],[70.164,20.896],[70.1249,21.1053],[70.32,21.2374]]]}},{"type":"Feature","properties":{"id":"nh_access:h3:8442d53ffffffff","field":"national_highways","kind":"nh_access","source":"osm+worldpop","confidence":0.9,"population":2904.0,"nh_distance_km":0.37,"pipeline_access_gain_km":0.0,"share_within_10km":1.0},"geometry":{"type":"Polygon","coordinates":[[[69.6151,21.4701],[69.8506,21.3928],[69.8907,21.1827],[69.6967,21.0501],[69.4623,21.1269],[69.4209,21.3367],[69.6151,21.4701]]]}},{"type":"Feature","properties":{"id":"nh_access:h3:8442d5bffffffff","field":"national_highways","kind":"nh_access","source":"osm+worldpop","confidence":0.9,"population":12424.0,"nh_distance_km":1.71,"pipeline_access_gain_km":0.0,"share_within_10km":1.0},"geometry":{"type":"Polygon","coordinates":[[[69.3372,21.7584],[69.574,21.6812],[69.6151,21.4701],[69.4209,21.3367],[69.1852,21.4133],[69.1428,21.624],[69.3372,21.7584]]]}},{"type":"Feature","properties":{"id":"nh_access:h3:8442d89ffffffff","field":"national_highways","kind":"nh_access","source":"osm+worldpop","confidence":0.9,"population":2825.0,"nh_distance_km":6.21,"pipeline_access_gain_km":0.0,"share_within_10km":1.0},"geometry":{"type":"Polygon","coordinates":[[[71.8792,21.1052],[72.1108,21.0252],[72.1438,20.8157],[71.9463,20.6865],[71.7156,20.7659],[71.6814,20.9751],[71.8792,21.1052]]]}},{"type":"Feature","properties":{"id":"nh_access:h3:8442d91ffffffff","field":"national_highways","kind":"nh_access","source":"osm+worldpop","confidence":0.9,"population":1006731.0,"nh_distance_km":3.96,"pipeline_access_gain_km":0.29,"share_within_10km":0.933},"geometry":{"type":"Polygon","coordinates":[[[73.1712,20.7901],[72.9712,20.892],[72.9715,21.1222],[73.1721,21.2511],[73.3728,21.1495],[73.3722,20.9188],[73.1712,20.7901]]]}},{"type":"Feature","properties":{"id":"nh_access:h3:8442d93ffffffff","field":"national_highways","kind":"nh_access","source":"osm+worldpop","confidence":0.9,"population":430386.0,"nh_distance_km":3.68,"pipeline_access_gain_km":0.0,"share_within_10km":0.947},"geometry":{"type":"Polygon","coordinates":[[[73.5731,20.8162],[73.3722,20.9188],[73.3728,21.1495],[73.5748,21.2783],[73.7764,21.176],[73.7755,20.9447],[73.5731,20.8162]]]}},{"type":"Feature","properties":{"id":"nh_access:h3:8442d95ffffffff","field":"national_highways","kind":"nh_access","source":"osm+worldpop","confidence":0.9,"population":1133106.0,"nh_distance_km":3.72,"pipeline_access_gain_km":0.61,"share_within_10km":0.924},"geometry":{"type":"Polygon","coordinates":[[[72.9705,20.4307],[72.7713,20.533],[72.7715,20.7633],[72.9712,20.892],[73.1712,20.7901],[73.1707,20.5592],[72.9705,20.4307]]]}},{"type":"Feature","properties":{"id":"nh_access:h3:8442d97ffffffff","field":"national_highways","kind":"nh_access","source":"osm+worldpop","confidence":0.9,"population":600391.0,"nh_distance_km":5.18,"pipeline_access_gain_km":2.16,"share_within_10km":0.824},"geometry":{"type":"Polygon","coordinates":[[[73.3709,20.4562],[73.1707,20.5592],[73.1712,20.7901],[73.3722,20.9188],[73.5731,20.8162],[73.5723,20.5846],[73.3709,20.4562]]]}},{"type":"Feature","properties":{"id":"nh_access:h3:8442d99ffffffff","field":"national_highways","kind":"nh_access","source":"osm+worldpop","confidence":0.9,"population":2175750.0,"nh_distance_km":1.69,"pipeline_access_gain_km":0.0,"share_within_10km":0.975},"geometry":{"type":"Polygon","coordinates":[[[72.9104,21.5441],[73.1422,21.4622],[73.1721,21.2511],[72.9715,21.1222],[72.7406,21.2035],[72.7094,21.4144],[72.9104,21.5441]]]}},{"type":"Feature","properties":{"id":"nh_access:h3:8442d9bffffffff","field":"national_highways","kind":"nh_access","source":"osm+worldpop","confidence":0.9,"population":534521.0,"nh_distance_km":6.9,"pipeline_access_gain_km":0.0,"share_within_10km":0.697},"geometry":{"type":"Polygon","coordinates":[[[73.3442,21.5915],[73.5756,21.5088],[73.5748,21.2783],[73.3728,21.1495],[73.1721,21.2511],[73.1422,21.4622],[73.3442,21.5915]]]}},{"type":"Feature","properties":{"id":"nh_access:h3:8442d9dffffffff","field":"national_highways","kind":"nh_access","source":"osm+worldpop","confidence":0.9,"population":4055679.0,"nh_distance_km":1.32,"pipeline_access_gain_km":0.0,"share_within_10km":0.995},"geometry":{"type":"Polygon","coordinates":[[[72.7406,21.2035],[72.9715,21.1222],[72.9712,20.892],[72.7715,20.7633],[72.5725,20.8645],[72.5409,21.0742],[72.7406,21.2035]]]}},{"type":"Feature","properties":{"id":"nh_access:h3:8442db1ffffffff","field":"national_highways","kind":"nh_access","source":"osm+worldpop","confidence":0.9,"population":653058.0,"nh_distance_km":5.78,"pipeline_access_gain_km":1.54,"share_within_10km":0.775},"geometry":{"type":"Polygon","coordinates":[[[72.9696,19.7364],[72.7708,19.84],[72.771,20.0713],[72.9702,20.1996],[73.1697,20.0963],[73.1692,19.8644],[72.9696,19.7364]]]}},{"type":"Feature","properties":{"id":"nh_access:h3:8442db3ffffffff","field":"national_highways","kind":"nh_access","source":"osm+worldpop","confidence":0.9,"population":367228.0,"nh_distance_km":6.95,"pipeline_access_gain_km":0.0,"share_within_10km":0.684},"geometry":{"type":"Polygon","coordinates":[[[73.3689,19.7601],[73.1692,19.8644],[73.1697,20.0963],[73.3702,20.2245],[73.5707,20.1205],[73.5698,19.888],[73.3689,19.7601]]]}},{"type":"Feature","properties":{"id":"nh_access:h3:8442db5ffffffff","field":"national_highways","kind":"nh_access","source":"osm+worldpop","confidence":0.9,"population":1380281.0,"nh_distance_km":6.12,"pipeline_access_gain_km":2.62,"share_within_10km":0.853},"geometry":{"type":"Polygon","coordinates":[[[72.7705,19.3765],[72.5725,19.4805],[72.5725,19.7119],[72.7708,19.84],[72.9696,19.7364],[72.9692,19.5043],[72.7705,19.3765]]]}},{"type":"Feature","properties":{"id":"nh_access:h3:8442db7ffffffff","field":"national_highways","kind":"nh_access","source":"osm+worldpop","confidence":0.9,"population":525667.0,"nh_distance_km":4.68,"pipeline_access_gain_km":0.31,"share_within_10km":0.929},"geometry":{"type":"Polygon","coordinates":[[[73.1682,19.3997],[72.9692,19.5043],[72.9696,19.7364],[73.1692,19.8644],[73.3689,19.7601],[73.3683,19.5274],[73.1682,19.3997]]]}},{"type":"Feature","properties":{"id":"nh_access:h3:8442db9ffffffff","field":"national_highways","kind":"nh_access","source":"osm+worldpop","confidence":0.9,"population":915815.0,"nh_distance_km":3.42,"pipeline_access_gain_km":0.36,"share_within_10km":0.887},"geometry":{"type":"Polygon","coordinates":[[[72.771,20.0713],[72.5725,20.1739],[72.5725,20.4044],[72.7713,20.533],[72.9705,20.4307],[72.9702,20.1996],[72.771,20.0713]]]}},{"type":"Feature","properties":{"id":"nh_access:h3:8442dbbffffffff","field":"national_highways","kind":"nh_access","source":"osm+worldpop","confidence":0.9,"population":1048072.0,"nh_distance_km":3.9,"pipeline_access_gain_km":0.18,"share_within_10km":0.909},"geometry":{"type":"Polygon","coordinates":[[[73.1697,20.0963],[72.9702,20.1996],[72.9705,20.4307],[73.1707,20.5592],[73.3709,20.4562],[73.3702,20.2245],[73.1697,20.0963]]]}},{"type":"Feature","properties":{"id":"nh_access:h3:8442dbdffffffff","field":"national_highways","kind":"nh_access","source":"osm+worldpop","confidence":0.9,"population":255637.0,"nh_distance_km":18.44,"pipeline_access_gain_km":4.66,"share_within_10km":0.0},"geometry":{"type":"Polygon","coordinates":[[[72.5725,19.7119],[72.3748,19.8149],[72.3746,20.0456],[72.5725,20.1739],[72.771,20.0713],[72.7708,19.84],[72.5725,19.7119]]]}},{"type":"Feature","properties":{"id":"nh_access:h3:8442dc1ffffffff","field":"national_highways","kind":"nh_access","source":"osm+worldpop","confidence":0.9,"population":239033.0,"nh_distance_km":4.04,"pipeline_access_gain_km":0.0,"share_within_10km":0.966},"geometry":{"type":"Polygon","coordinates":[[[71.1808,21.3439],[71.4141,21.2646],[71.4493,21.0544],[71.2525,20.9239],[71.0202,21.0026],[70.9836,21.2125],[71.1808,21.3439]]]}},{"type":"Feature","properties":{"id":"nh_access:h3:8442dc3ffffffff","field":"national_highways","kind":"nh_access","source":"osm+worldpop","confidence":0.9,"population":483517.0,"nh_distance_km":5.74,"pipeline_access_gain_km":0.0,"share_within_10km":0.796},"geometry":{"type":"Polygon","coordinates":[[[71.6123,21.3956],[71.8453,21.3156],[71.8792,21.1052],[71.6814,20.9751],[71.4493,21.0544],[71.4141,21.2646],[71.6123,21.3956]]]}},{"type":"Feature","properties":{"id":"nh_access:h3:8442dc5ffffffff","field":"national_highways","kind":"nh_access","source":"osm+worldpop","confidence":0.9,"population":449170.0,"nh_distance_km":2.93,"pipeline_access_gain_km":0.0,"share_within_10km":0.965},"geometry":{"type":"Polygon","coordinates":[[[71.0202,21.0026],[71.2525,20.9239],[71.288,20.715],[71.0925,20.5851],[70.8612,20.6631],[70.8243,20.8718],[71.0202,21.0026]]]}},{"type":"Feature","properties":{"id":"nh_access:h3:8442dc7ffffffff","field":"national_highways","kind":"nh_access","source":"osm+worldpop","confidence":0.9,"population":205521.0,"nh_distance_km":5.13,"pipeline_access_gain_km":0.0,"share_within_10km":0.977},"geometry":{"type":"Polygon","coordinates":[[[71.4493,21.0544],[71.6814,20.9751],[71.7156,20.7659],[71.5191,20.6363],[71.288,20.715],[71.2525,20.9239],[71.4493,21.0544]]]}},{"type":"Feature","properties":{"id":"nh_access:h3:8442dc9ffffffff","field":"national_highways","kind":"nh_access","source":"osm+worldpop","confidence":0.9,"population":344630.0,"nh_distance_km":5.8,"pipeline_access_gain_km":0.0,"share_within_10km":0.8},"geometry":{"type":"Polygon","coordinates":[[[70.9099,21.6343],[71.1446,21.555],[71.1808,21.3439],[70.9836,21.2125],[70.75,21.2912],[70.7125,21.502],[70.9099,21.6343]]]}},{"type":"Feature","properties":{"id":"nh_access:h3:8442dcbffffffff","field":"national_highways","kind":"nh_access","source":"osm+worldpop","confidence":0.9,"population":426669.0,"nh_distance_km":9.21,"pipeline_access_gain_km":0.0,"share_within_10km":0.607},"geometry":{"type":"Polygon","coordinates":[[[71.343,21.6869],[71.5774,21.6069],[71.6123,21.3956],[71.4141,21.2646],[71.1808,21.3439],[71.1446,21.555],[71.343,21.6869]]]}},{"type":"Feature","properties":{"id":"nh_access:h3:8442dcdffffffff","field":"national_highways","kind":"nh_access","source":"osm+worldpop","confidence":0.9,"population":184778.0,"nh_distance_km":14.76,"pipeline_access_gain_km":0.0,"share_within_10km":0.233},"geometry":{"type":"Polygon","coordinates":[[[70.75,21.2912],[70.9836,21.2125],[71.0202,21.0026],[70.8243,20.8718],[70.5917,20.9498],[70.5539,21.1594],[70.75,21.2912]]]}},{"type":"Feature","properties":{"id":"nh_access:h3:8442dd1ffffffff","field":"national_highways","kind":"nh_access","source":"osm+worldpop","confidence":0.9,"population":532489.0,"nh_distance_km":4.71,"pipeline_access_gain_km":0.0,"share_within_10km":0.877},"geometry":{"type":"Polygon","coordinates":[[[72.2113,21.7889],[72.4449,21.7075],[72.4771,21.4957],[72.277,21.3655],[72.0444,21.4462],[72.0108,21.6578],[72.2113,21.7889]]]}},{"type":"Feature","properties":{"id":"nh_access:h3:8442dd3ffffffff","field":"national_highways","kind":"nh_access","source":"osm+worldpop","confidence":0.9,"population":160160.0,"nh_distance_km":16.3,"pipeline_access_gain_km":0.0,"share_within_10km":0.373},"geometry":{"type":"Polygon","coordinates":[[[72.6463,21.8382],[72.8795,21.7562],[72.9104,21.5441],[72.7094,21.4144],[72.4771,21.4957],[72.4449,21.7075],[72.6463,21.8382]]]}},{"type":"Feature","properties":{"id":"nh_access:h3:8442dd5ffffffff","field":"national_highways","kind":"nh_access","source":"osm+worldpop","confidence":0.9,"population":323440.0,"nh_distance_km":4.86,"pipeline_access_gain_km":0.0,"share_within_10km":0.908},"geometry":{"type":"Polygon","coordinates":[[[72.0444,21.4462],[72.277,21.3655],[72.3096,21.1549],[72.1108,21.0252],[71.8792,21.1052],[71.8453,21.3156],[72.0444,21.4462]]]}},{"type":"Feature","properties":{"id":"nh_access:h3:8442dd7ffffffff","field":"national_highways","kind":"nh_access","source":"osm+worldpop","confidence":0.9,"population":1236721.0,"nh_distance_km":1.29,"pipeline_access_gain_km":0.0,"share_within_10km":0.99},"geometry":{"type":"Polygon","coordinates":[[[72.4771,21.4957],[72.7094,21.4144],[72.7406,21.2035],[72.5409,21.0742],[72.3096,21.1549],[72.277,21.3655],[72.4771,21.4957]]]}},{"type":"Feature","properties":{"id":"nh_access:h3:8442dd9ffffffff","field":"national_highways","kind":"nh_access","source":"osm+worldpop","confidence":0.9,"population":794402.0,"nh_distance_km":4.46,"pipeline_access_gain_km":0.0,"share_within_10km":0.854},"geometry":{"type":"Polygon","coordinates":[[[71.9431,22.083],[72.1781,22.0016],[72.2113,21.7889],[72.0108,21.6578],[71.7768,21.7384],[71.7423,21.9509],[71.9431,22.083]]]}},{"type":"Feature","properties":{"id":"nh_access:h3:8442ddbffffffff","field":"national_highways","kind":"nh_access","source":"osm+worldpop","confidence":0.9,"population":49536.0,"nh_distance_km":22.52,"pipeline_access_gain_km":0.0,"share_within_10km":0.1},"geometry":{"type":"Polygon","coordinates":[[[72.3799,22.1333],[72.6145,22.0512],[72.6463,21.8382],[72.4449,21.7075],[72.2113,21.7889],[72.1781,22.0016],[72.3799,22.1333]]]}},{"type":"Feature","properties":{"id":"nh_access:h3:8442dddffffffff","field":"national_highways","kind":"nh_access","source":"osm+worldpop","confidence":0.9,"population":518440.0,"nh_distance_km":16.12,"pipeline_access_gain_km":0.0,"share_within_10km":0.185},"geometry":{"type":"Polygon","coordinates":[[[71.7768,21.7384],[72.0108,21.6578],[72.0444,21.4462],[71.8453,21.3156],[71.6123,21.3956],[71.5774,21.6069],[71.7768,21.7384]]]}},{"type":"Feature","properties":{"id":"nh_access:h3:8442e21ffffffff","field":"national_highways","kind":"nh_access","source":"osm+worldpop","confidence":0.9,"population":15680.0,"nh_distance_km":23.21,"pipeline_access_gain_km":0.0,"share_within_10km":0.028},"geometry":{"type":"Polygon","coordinates":[[[68.2128,23.924],[68.4582,23.8462],[68.5043,23.6287],[68.3062,23.4892],[68.062,23.5664],[68.0146,23.7836],[68.2128,23.924]]]}},{"type":"Feature","properties":{"id":"nh_access:h3:8442e23ffffffff","field":"national_highways","kind":"nh_access","source":"osm+worldpop","confidence":0.9,"population":42320.0,"nh_distance_km":16.96,"pipeline_access_gain_km":0.0,"share_within_10km":0.2},"geometry":{"type":"Polygon","coordinates":[[[68.6577,23.9862],[68.903,23.9077],[68.9477,23.6898],[68.7484,23.5507],[68.5043,23.6287],[68.4582,23.8462],[68.6577,23.9862]]]}},{"type":"Feature","properties":{"id":"nh_access:h3:8442e27ffffffff","field":"national_highways","kind":"nh_access","source":"osm+worldpop","confidence":0.9,"population":54854.0,"nh_distance_km":6.93,"pipeline_access_gain_km":0.0,"share_within_10km":0.728},"geometry":{"type":"Polygon","coordinates":[[[68.5043,23.6287],[68.7484,23.5507],[68.7934,23.334],[68.5955,23.1955],[68.3525,23.2729],[68.3062,23.4892],[68.5043,23.6287]]]}},{"type":"Feature","properties":{"id":"nh_access:h3:8442e2bffffffff","field":"national_highways","kind":"nh_access","source":"osm+worldpop","confidence":0.9,"population":1912.0,"nh_distance_km":27.85,"pipeline_access_gain_km":0.0,"share_within_10km":0.0},"geometry":{"type":"Polygon","coordinates":[[[68.3652,24.2833],[68.6119,24.2049],[68.6577,23.9862],[68.4582,23.8462],[68.2128,23.924],[68.1656,24.1423],[68.3652,24.2833]]]}},{"type":"Feature","properties":{"id":"nh_access:h3:8442e31ffffffff","field":"national_highways","kind":"nh_access","source":"osm+worldpop","confidence":0.9,"population":8710.0,"nh_distance_km":34.57,"pipeline_access_gain_km":0.0,"share_within_10km":0.004},"geometry":{"type":"Polygon","coordinates":[[[69.2613,24.4065],[69.5076,24.3266],[69.5506,24.1071],[69.3488,23.968],[69.1037,24.0473],[69.0592,24.2664],[69.2613,24.4065]]]}},{"type":"Feature","properties":{"id":"nh_access:h3:8442e33ffffffff","field":"national_highways","kind":"nh_access","source":"osm+worldpop","confidence":0.9,"population":7763.0,"nh_distance_km":18.15,"pipeline_access_gain_km":0.0,"share_within_10km":0.114},"geometry":{"type":"Polygon","coordinates":[[[69.7109,24.4663],[69.9569,24.3855],[69.9985,24.1658],[69.7955,24.027],[69.5506,24.1071],[69.5076,24.3266],[69.7109,24.4663]]]}},{"type":"Feature","properties":{"id":"nh_access:h3:8442e35ffffffff","field":"national_highways","kind":"nh_access","source":"osm+worldpop","confidence":0.9,"population":14426.0,"nh_distance_km":43.25,"pipeline_access_gain_km":0.0,"share_within_10km":0.0},"geometry":{"type":"Polygon","coordinates":[[[69.1037,24.0473],[69.3488,23.968],[69.3921,23.7497],[69.1916,23.6111],[68.9477,23.6898],[68.903,23.9077],[69.1037,24.0473]]]}},{"type":"Feature","properties":{"id":"nh_access:h3:8442e37ffffffff","field":"national_highways","kind":"nh_access","source":"osm+worldpop","confidence":0.9,"population":31388.0,"nh_distance_km":8.92,"pipeline_access_gain_km":0.0,"share_within_10km":0.656},"geometry":{"type":"Polygon","coordinates":[[[69.5506,24.1071],[69.7955,24.027],[69.8374,23.8084],[69.6358,23.6702],[69.3921,23.7497],[69.3488,23.968],[69.5506,24.1071]]]}},{"type":"Feature","properties":{"id":"nh_access:h3:8442e3dffffffff","field":"national_highways","kind":"nh_access","source":"osm+worldpop","confidence":0.9,"population":5011.0,"nh_distance_km":56.64,"pipeline_access_gain_km":0.0,"share_within_10km":0.0},"geometry":{"type":"Polygon","coordinates":[[[68.8128,24.3455],[69.0592,24.2664],[69.1037,24.0473],[68.903,23.9077],[68.6577,23.9862],[68.6119,24.2049],[68.8128,24.3455]]]}},{"type":"Feature","properties":{"id":"nh_access:h3:8442e81ffffffff","field":"national_highways","kind":"nh_access","source":"osm+worldpop","confidence":0.9,"population":211718.0,"nh_distance_km":5.77,"pipeline_access_gain_km":0.0,"share_within_10km":0.792},"geometry":{"type":"Polygon","coordinates":[[[71.4065,25.36],[71.6538,25.2755],[71.6904,25.0525],[71.4811,24.9144],[71.2348,24.9982],[71.1968,25.2208],[71.4065,25.36]]]}},{"type":"Feature","properties":{"id":"nh_access:h3:8442e83ffffffff","field":"national_highways","kind":"nh_access","source":"osm+worldpop","confidence":0.9,"population":318114.0,"nh_distance_km":5.31,"pipeline_access_gain_km":0.01,"share_within_10km":0.848},"geometry":{"type":"Polygon","coordinates":[[[71.8647,25.4141],[72.1116,25.3288],[72.1467,25.1055],[71.9363,24.9679],[71.6904,25.0525],[71.6538,25.2755],[71.8647,25.4141]]]}},{"type":"Feature","properties":{"id":"nh_access:h3:8442e85ffffffff","field":"national_highways","kind":"nh_access","source":"osm+worldpop","confidence":0.9,"population":200123.0,"nh_distance_km":10.45,"pipeline_access_gain_km":3.68,"share_within_10km":0.57},"geometry":{"type":"Polygon","coordinates":[[[71.2348,24.9982],[71.4811,24.9144],[71.518,24.6925],[71.3102,24.5548],[71.065,24.6379],[71.0266,24.8595],[71.2348,24.9982]]]}},{"type":"Feature","properties":{"id":"nh_access:h3:8442e87ffffffff","field":"national_highways","kind":"nh_access","source":"osm+worldpop","confidence":0.9,"population":447128.0,"nh_distance_km":5.18,"pipeline_access_gain_km":0.03,"share_within_10km":0.826},"geometry":{"type":"Polygon","coordinates":[[[71.6904,25.0525],[71.9363,24.9679],[71.9718,24.7458],[71.7628,24.6086],[71.518,24.6925],[71.4811,24.9144],[71.6904,25.0525]]]}},{"type":"Feature","properties":{"id":"nh_access:h3:8442e89ffffffff","field":"national_highways","kind":"nh_access","source":"osm+worldpop","confidence":0.9,"population":178035.0,"nh_distance_km":11.0,"pipeline_access_gain_km":0.0,"share_within_10km":0.446},"geometry":{"type":"Polygon","coordinates":[[[71.1199,25.6681],[71.3688,25.5838],[71.4065,25.36],[71.1968,25.2208],[70.9491,25.3045],[70.9099,25.528],[71.1199,25.6681]]]}},{"type":"Feature","properties":{"id":"nh_access:h3:8442e8bffffffff","field":"national_highways","kind":"nh_access","source":"osm+worldpop","confidence":0.9,"population":153408.0,"nh_distance_km":11.92,"pipeline_access_gain_km":0.0,"share_within_10km":0.391},"geometry":{"type":"Polygon","coordinates":[[[71.58,25.7234],[71.8285,25.6382],[71.8647,25.4141],[71.6538,25.2755],[71.4065,25.36],[71.3688,25.5838],[71.58,25.7234]]]}},{"type":"Feature","properties":{"id":"nh_access:h3:8442e8dffffffff","field":"national_highways","kind":"nh_access","source":"osm+worldpop","confidence":0.9,"population":183724.0,"nh_distance_km":8.38,"pipeline_access_gain_km":0.0,"share_within_10km":0.614},"geometry":{"type":"Polygon","coordinates":[[[70.9491,25.3045],[71.1968,25.2208],[71.2348,24.9982],[71.0266,24.8595],[70.78,24.9425],[70.7405,25.1648],[70.9491,25.3045]]]}},{"type":"Feature","properties":{"id":"nh_access:h3:8442e91ffffffff","field":"national_highways","kind":"nh_access","source":"osm+worldpop","confidence":0.9,"population":278583.0,"nh_distance_km":7.96,"pipeline_access_gain_km":0.13,"share_within_10km":0.642},"geometry":{"type":"Polygon","coordinates":[[[72.5022,25.8295],[72.7499,25.7426],[72.7831,25.5181],[72.5701,25.3806],[72.3235,25.4668],[72.2889,25.6911],[72.5022,25.8295]]]}},{"type":"Feature","properties":{"id":"nh_access:h3:8442e93ffffffff","field":"national_highways","kind":"nh_access","source":"osm+worldpop","confidence":0.9,"population":166607.0,"nh_distance_km":20.83,"pipeline_access_gain_km":0.0,"share_within_10km":0.083},"geometry":{"type":"Polygon","coordinates":[[[72.9644,25.8805],[73.2115,25.7928],[73.2432,25.568],[73.0292,25.4311],[72.7831,25.5181],[72.7499,25.7426],[72.9644,25.8805]]]}},{"type":"Feature","properties":{"id":"nh_access:h3:8442e95ffffffff","field":"national_highways","kind":"nh_access","source":"osm+worldpop","confidence":0.9,"population":339936.0,"nh_distance_km":20.05,"pipeline_access_gain_km":0.0,"share_within_10km":0.093},"geometry":{"type":"Polygon","coordinates":[[[72.3235,25.4668],[72.5701,25.3806],[72.6037,25.1572],[72.3922,25.0201],[72.1467,25.1055],[72.1116,25.3288],[72.3235,25.4668]]]}},{"type":"Feature","properties":{"id":"nh_access:h3:8442e97ffffffff","field":"national_highways","kind":"nh_access","source":"osm+worldpop","confidence":0.9,"population":339312.0,"nh_distance_km":6.36,"pipeline_access_gain_km":0.03,"share_within_10km":0.741},"geometry":{"type":"Polygon","coordinates":[[[72.7831,25.5181],[73.0292,25.4311],[73.0612,25.2074],[72.8487,25.0709],[72.6037,25.1572],[72.5701,25.3806],[72.7831,25.5181]]]}},{"type":"Feature","properties":{"id":"nh_access:h3:8442e99ffffffff","field":"national_highways","kind":"nh_access","source":"osm+worldpop","confidence":0.9,"population":390667.0,"nh_distance_km":3.5,"pipeline_access_gain_km":0.01,"share_within_10km":0.911},"geometry":{"type":"Polygon","coordinates":[[[72.2188,26.1417],[72.468,26.0549],[72.5022,25.8295],[72.2889,25.6911],[72.0408,25.7771],[72.005,26.0023],[72.2188,26.1417]]]}},{"type":"Feature","properties":{"id":"nh_access:h3:8442e9bffffffff","field":"national_highways","kind":"nh_access","source":"osm+worldpop","confidence":0.9,"population":262704.0,"nh_distance_km":10.83,"pipeline_access_gain_km":0.01,"share_within_10km":0.523},"geometry":{"type":"Polygon","coordinates":[[[72.6829,26.1937],[72.9316,26.1061],[72.9644,25.8805],[72.7499,25.7426],[72.5022,25.8295],[72.468,26.0549],[72.6829,26.1937]]]}},{"type":"Feature","properties":{"id":"nh_access:h3:8442e9dffffffff","field":"national_highways","kind":"nh_access","source":"osm+worldpop","confidence":0.9,"population":245864.0,"nh_distance_km":4.21,"pipeline_access_gain_km":0.01,"share_within_10km":0.949},"geometry":{"type":"Polygon","coordinates":[[[72.0408,25.7771],[72.2889,25.6911],[72.3235,25.4668],[72.1116,25.3288],[71.8647,25.4141],[71.8285,25.6382],[72.0408,25.7771]]]}},{"type":"Feature","properties":{"id":"nh_access:h3:8442ea1ffffffff","field":"national_highways","kind":"nh_access","source":"osm+worldpop","confidence":0.9,"population":225688.0,"nh_distance_km":6.14,"pipeline_access_gain_km":0.0,"share_within_10km":0.795},"geometry":{"type":"Polygon","coordinates":[[[71.3475,24.3341],[71.5912,24.2508],[71.6274,24.031],[71.4214,23.8946],[71.1787,23.9772],[71.1411,24.1968],[71.3475,24.3341]]]}},{"type":"Feature","properties":{"id":"nh_access:h3:8442ea3ffffffff","field":"national_highways","kind":"nh_access","source":"osm+worldpop","confidence":0.9,"population":689757.0,"nh_distance_km":6.78,"pipeline_access_gain_km":2.12,"share_within_10km":0.698},"geometry":{"type":"Polygon","coordinates":[[[71.7987,24.3876],[72.042,24.3036],[72.0768,24.0835],[71.8697,23.9477],[71.6274,24.031],[71.5912,24.2508],[71.7987,24.3876]]]}},{"type":"Feature","properties":{"id":"nh_access:h3:8442ea5ffffffff","field":"national_highways","kind":"nh_access","source":"osm+worldpop","confidence":0.9,"population":128299.0,"nh_distance_km":5.03,"pipeline_access_gain_km":0.0,"share_within_10km":0.847},"geometry":{"type":"Polygon","coordinates":[[[71.1787,23.9772],[71.4214,23.8946],[71.458,23.6759],[71.2533,23.5401],[71.0118,23.622],[70.9738,23.8404],[71.1787,23.9772]]]}},{"type":"Feature","properties":{"id":"nh_access:h3:8442ea7ffffffff","field":"national_highways","kind":"nh_access","source":"osm+worldpop","confidence":0.9,"population":377624.0,"nh_distance_km":5.28,"pipeline_access_gain_km":0.0,"share_within_10km":0.821},"geometry":{"type":"Polygon","coordinates":[[[71.6274,24.031],[71.8697,23.9477],[71.9049,23.7287],[71.6992,23.5933],[71.458,23.6759],[71.4214,23.8946],[71.6274,24.031]]]}},{"type":"Feature","properties":{"id":"nh_access:h3:8442ea9ffffffff","field":"national_highways","kind":"nh_access","source":"osm+worldpop","confidence":0.9,"population":16999.0,"nh_distance_km":36.31,"pipeline_access_gain_km":2.75,"share_within_10km":0.0},"geometry":{"type":"Polygon","coordinates":[[[71.065,24.6379],[71.3102,24.5548],[71.3475,24.3341],[71.1411,24.1968],[70.897,24.2792],[70.8583,24.4996],[71.065,24.6379]]]}},{"type":"Feature","properties":{"id":"nh_access:h3:8442eabffffffff","field":"national_highways","kind":"nh_access","source":"osm+worldpop","confidence":0.9,"population":343091.0,"nh_distance_km":7.61,"pipeline_access_gain_km":1.65,"share_within_10km":0.697},"geometry":{"type":"Polygon","coordinates":[[[71.518,24.6925],[71.7628,24.6086],[71.7987,24.3876],[71.5912,24.2508],[71.3475,24.3341],[71.3102,24.5548],[71.518,24.6925]]]}},{"type":"Feature","properties":{"id":"nh_access:h3:8442eadffffffff","field":"national_highways","kind":"nh_access","source":"osm+worldpop","confidence":0.9,"population":12602.0,"nh_distance_km":34.3,"pipeline_access_gain_km":0.0,"share_within_10km":0.0},"geometry":{"type":"Polygon","coordinates":[[[70.897,24.2792],[71.1411,24.1968],[71.1787,23.9772],[70.9738,23.8404],[70.7308,23.9222],[70.6917,24.1414],[70.897,24.2792]]]}},{"type":"Feature","properties":{"id":"nh_access:h3:8442eb1ffffffff","field":"national_highways","kind":"nh_access","source":"osm+worldpop","confidence":0.9,"population":369904.0,"nh_distance_km":6.93,"pipeline_access_gain_km":0.0,"share_within_10km":0.71},"geometry":{"type":"Polygon","coordinates":[[[72.4262,24.7978],[72.6702,24.7122],[72.7031,24.4908],[72.4935,24.355],[72.2506,24.4398],[72.2162,24.6611],[72.4262,24.7978]]]}},{"type":"Feature","properties":{"id":"nh_access:h3:8442eb3ffffffff","field":"national_highways","kind":"nh_access","source":"osm+worldpop","confidence":0.9,"population":441510.0,"nh_distance_km":3.24,"pipeline_access_gain_km":0.0,"share_within_10km":0.983},"geometry":{"type":"Polygon","coordinates":[[[72.8812,24.8484],[73.1247,24.7621],[73.1562,24.5404],[72.9456,24.4052],[72.7031,24.4908],[72.6702,24.7122],[72.8812,24.8484]]]}},{"type":"Feature","properties":{"id":"nh_access:h3:8442eb5ffffffff","field":"national_highways","kind":"nh_access","source":"osm+worldpop","confidence":0.9,"population":1051721.0,"nh_distance_km":5.4,"pipeline_access_gain_km":0.22,"share_within_10km":0.802},"geometry":{"type":"Polygon","coordinates":[[[72.2506,24.4398],[72.4935,24.355],[72.5268,24.1347],[72.3187,23.9994],[72.0768,24.0835],[72.042,24.3036],[72.2506,24.4398]]]}},{"type":"Feature","properties":{"id":"nh_access:h3:8442eb7ffffffff","field":"national_highways","kind":"nh_access","source":"osm+worldpop","confidence":0.9,"population":521299.0,"nh_distance_km":7.12,"pipeline_access_gain_km":0.0,"share_within_10km":0.678},"geometry":{"type":"Polygon","coordinates":[[[72.7031,24.4908],[72.9456,24.4052],[72.9775,24.1846],[72.7683,24.0498],[72.5268,24.1347],[72.4935,24.355],[72.7031,24.4908]]]}},{"type":"Feature","properties":{"id":"nh_access:h3:8442eb9ffffffff","field":"national_highways","kind":"nh_access","source":"osm+worldpop","confidence":0.9,"population":438556.0,"nh_distance_km":24.82,"pipeline_access_gain_km":0.01,"share_within_10km":0.035},"geometry":{"type":"Polygon","coordinates":[[[72.1467,25.1055],[72.3922,25.0201],[72.4262,24.7978],[72.2162,24.6611],[71.9718,24.7458],[71.9363,24.9679],[72.1467,25.1055]]]}},{"type":"Feature","properties":{"id":"nh_access:h3:8442ebbffffffff","field":"national_highways","kind":"nh_access","source":"osm+worldpop","confidence":0.9,"population":352217.0,"nh_distance_km":16.53,"pipeline_access_gain_km":0.0,"share_within_10km":0.337},"geometry":{"type":"Polygon","coordinates":[[[72.6037,25.1572],[72.8487,25.0709],[72.8812,24.8484],[72.6702,24.7122],[72.4262,24.7978],[72.3922,25.0201],[72.6037,25.1572]]]}},{"type":"Feature","properties":{"id":"nh_access:h3:8442ebdffffffff","field":"national_highways","kind":"nh_access","source":"osm+worldpop","confidence":0.9,"population":501033.0,"nh_distance_km":5.51,"pipeline_access_gain_km":0.0,"share_within_10km":0.829},"geometry":{"type":"Polygon","coordinates":[[[71.9718,24.7458],[72.2162,24.6611],[72.2506,24.4398],[72.042,24.3036],[71.7987,24.3876],[71.7628,24.6086],[71.9718,24.7458]]]}},{"type":"Feature","properties":{"id":"nh_access:h3:8442ec1ffffffff","field":"national_highways","kind":"nh_access","source":"osm+worldpop","confidence":0.9,"population":45769.0,"nh_distance_km":4.34,"pipeline_access_gain_km":0.0,"share_within_10km":0.933},"geometry":{"type":"Polygon","coordinates":[[[70.3697,25.9192],[70.6204,25.8359],[70.6607,25.6116],[70.4518,25.4709],[70.2023,25.5536],[70.1605,25.7776],[70.3697,25.9192]]]}},{"type":"Feature","properties":{"id":"nh_access:h3:8442ec3ffffffff","field":"national_highways","kind":"nh_access","source":"osm+worldpop","confidence":0.9,"population":152389.0,"nh_distance_km":6.39,"pipeline_access_gain_km":0.0,"share_within_10km":0.779},"geometry":{"type":"Polygon","coordinates":[[[70.8307,25.977],[71.0811,25.8928],[71.1199,25.6681],[70.9099,25.528],[70.6607,25.6116],[70.6204,25.8359],[70.8307,25.977]]]}},{"type":"Feature","properties":{"id":"nh_access:h3:8442ec7ffffffff","field":"national_highways","kind":"nh_access","source":"osm+worldpop","confidence":0.9,"population":97129.0,"nh_distance_km":8.14,"pipeline_access_gain_km":0.0,"share_within_10km":0.589},"geometry":{"type":"Polygon","coordinates":[[[70.6607,25.6116],[70.9099,25.528],[70.9491,25.3045],[70.7405,25.1648],[70.4924,25.2477],[70.4518,25.4709],[70.6607,25.6116]]]}},{"type":"Feature","properties":{"id":"nh_access:h3:8442ec9ffffffff","field":"national_highways","kind":"nh_access","source":"osm+worldpop","confidence":0.9,"population":17648.0,"nh_distance_km":6.61,"pipeline_access_gain_km":0.0,"share_within_10km":0.76},"geometry":{"type":"Polygon","coordinates":[[[70.076,26.2274],[70.3282,26.1443],[70.3697,25.9192],[70.1605,25.7776],[69.9095,25.86],[69.8665,26.0848],[70.076,26.2274]]]}},{"type":"Feature","properties":{"id":"nh_access:h3:8442ecbffffffff","field":"national_highways","kind":"nh_access","source":"osm+worldpop","confidence":0.9,"population":49439.0,"nh_distance_km":23.53,"pipeline_access_gain_km":0.0,"share_within_10km":0.025},"geometry":{"type":"Polygon","coordinates":[[[70.5389,26.2864],[70.7908,26.2024],[70.8307,25.977],[70.6204,25.8359],[70.3697,25.9192],[70.3282,26.1443],[70.5389,26.2864]]]}},{"type":"Feature","properties":{"id":"nh_access:h3:8442ed1ffffffff","field":"national_highways","kind":"nh_access","source":"osm+worldpop","confidence":0.9,"population":109537.0,"nh_distance_km":18.63,"pipeline_access_gain_km":0.0,"share_within_10km":0.253},"geometry":{"type":"Polygon","coordinates":[[[71.4673,26.4],[71.7184,26.3142],[71.7554,26.0882],[71.5427,25.9483],[71.2927,26.0333],[71.2542,26.259],[71.4673,26.4]]]}},{"type":"Feature","properties":{"id":"nh_access:h3:8442ed3ffffffff","field":"national_highways","kind":"nh_access","source":"osm+worldpop","confidence":0.9,"population":137646.0,"nh_distance_km":30.91,"pipeline_access_gain_km":0.0,"share_within_10km":0.004},"geometry":{"type":"Polygon","coordinates":[[[71.9327,26.4546],[72.1834,26.3679],[72.2188,26.1417],[72.005,26.0023],[71.7554,26.0882],[71.7184,26.3142],[71.9327,26.4546]]]}},{"type":"Feature","properties":{"id":"nh_access:h3:8442ed5ffffffff","field":"national_highways","kind":"nh_access","source":"osm+worldpop","confidence":0.9,"population":514103.0,"nh_distance_km":2.88,"pipeline_access_gain_km":0.0,"share_within_10km":0.974},"geometry":{"type":"Polygon","coordinates":[[[71.2927,26.0333],[71.5427,25.9483],[71.58,25.7234],[71.3688,25.5838],[71.1199,25.6681],[71.0811,25.8928],[71.2927,26.0333]]]}},{"type":"Feature","properties":{"id":"nh_access:h3:8442ed7ffffffff","field":"national_highways","kind":"nh_access","source":"osm+worldpop","confidence":0.9,"population":176308.0,"nh_distance_km":7.93,"pipeline_access_gain_km":0.0,"share_within_10km":0.631},"geometry":{"type":"Polygon","coordinates":[[[71.7554,26.0882],[72.005,26.0023],[72.0408,25.7771],[71.8285,25.6382],[71.58,25.7234],[71.5427,25.9483],[71.7554,26.0882]]]}},{"type":"Feature","properties":{"id":"nh_access:h3:8442ed9ffffffff","field":"national_highways","kind":"nh_access","source":"osm+worldpop","confidence":0.9,"population":52266.0,"nh_distance_km":8.49,"pipeline_access_gain_km":0.0,"share_within_10km":0.631},"geometry":{"type":"Polygon","coordinates":[[[71.1765,26.7123],[71.4292,26.6268],[71.4673,26.4],[71.2542,26.259],[71.0027,26.3439],[70.9631,26.5704],[71.1765,26.7123]]]}},{"type":"Feature","properties":{"id":"nh_access:h3:8442edbffffffff","field":"national_highways","kind":"nh_access","source":"osm+worldpop","confidence":0.9,"population":74841.0,"nh_distance_km":37.47,"pipeline_access_gain_km":0.0,"share_within_10km":0.0},"geometry":{"type":"Polygon","coordinates":[[[71.6439,26.7681],[71.8962,26.6816],[71.9327,26.4546],[71.7184,26.3142],[71.4673,26.4],[71.4292,26.6268],[71.6439,26.7681]]]}},{"type":"Feature","properties":{"id":"nh_access:h3:8442eddffffffff","field":"national_highways","kind":"nh_access","source":"osm+worldpop","confidence":0.9,"population":77712.0,"nh_distance_km":17.97,"pipeline_access_gain_km":0.0,"share_within_10km":0.297},"geometry":{"type":"Polygon","coordinates":[[[71.0027,26.3439],[71.2542,26.259],[71.2927,26.0333],[71.0811,25.8928],[70.8307,25.977],[70.7908,26.2024],[71.0027,26.3439]]]}},{"type":"Feature","properties":{"id":"nh_access:h3:8442ee3ffffffff","field":"national_highways","kind":"nh_access","source":"osm+worldpop","confidence":0.9,"population":1868.0,"nh_distance_km":14.44,"pipeline_access_gain_km":0.0,"share_within_10km":0.068},"geometry":{"type":"Polygon","coordinates":[[[70.78,24.9425],[71.0266,24.8595],[71.065,24.6379],[70.8583,24.4996],[70.6128,24.582],[70.5729,24.8032],[70.78,24.9425]]]}},{"type":"Feature","properties":{"id":"nh_access:h3:8442ee5ffffffff","field":"national_highways","kind":"nh_access","source":"osm+worldpop","confidence":0.9,"population":4358.0,"nh_distance_km":55.41,"pipeline_access_gain_km":0.0,"share_within_10km":0.0},"geometry":{"type":"Polygon","coordinates":[[[70.1614,24.5248],[70.4072,24.4432],[70.4474,24.2231],[70.2432,24.0849],[69.9985,24.1658],[69.9569,24.3855],[70.1614,24.5248]]]}},{"type":"Feature","properties":{"id":"nh_access:h3:8442ee7ffffffff","field":"national_highways","kind":"nh_access","source":"osm+worldpop","confidence":0.9,"population":8247.0,"nh_distance_km":48.71,"pipeline_access_gain_km":0.0,"share_within_10km":0.0},"geometry":{"type":"Polygon","coordinates":[[[70.6128,24.582],[70.8583,24.4996],[70.897,24.2792],[70.6917,24.1414],[70.4474,24.2231],[70.4072,24.4432],[70.6128,24.582]]]}},{"type":"Feature","properties":{"id":"nh_access:h3:8460017ffffffff","field":"national_highways","kind":"nh_access","source":"osm+worldpop","confidence":0.9,"population":11578.0,"nh_distance_km":220.07,"pipeline_access_gain_km":0.0,"share_within_10km":0.0},"geometry":{"type":"Polygon","coordinates":[[[73.7334,10.5379],[73.539,10.6582],[73.5397,10.8968],[73.7352,11.0158],[73.9304,10.8957],[73.9293,10.6564],[73.7334,10.5379]]]}},{"type":"Feature","properties":{"id":"nh_access:h3:846001bffffffff","field":"national_highways","kind":"nh_access","source":"osm+worldpop","confidence":0.9,"population":4572.0,"nh_distance_km":263.55,"pipeline_access_gain_km":0.0,"share_within_10km":0.0},"geometry":{"type":"Polygon","coordinates":[[[73.7306,9.821],[73.5367,9.9423],[73.5374,10.1809],[73.7325,10.2989],[73.9271,10.1778],[73.9261,9.9386],[73.7306,9.821]]]}},{"type":"Feature","properties":{"id":"nh_access:h3:8460021ffffffff","field":"national_highways","kind":"nh_access","source":"osm+worldpop","confidence":0.9,"population":101310.0,"nh_distance_km":7.15,"pipeline_access_gain_km":0.01,"share_within_10km":0.995},"geometry":{"type":"Polygon","coordinates":[[[75.121,11.6128],[74.9227,11.7336],[74.9246,11.9744],[75.1251,12.095],[75.324,11.9743],[75.3218,11.7329],[75.121,11.6128]]]}},{"type":"Feature","properties":{"id":"nh_access:h3:8460025ffffffff","field":"national_highways","kind":"nh_access","source":"osm+worldpop","confidence":0.9,"population":959985.0,"nh_distance_km":5.5,"pipeline_access_gain_km":0.04,"share_within_10km":0.816},"geometry":{"type":"Polygon","coordinates":[[[75.324,11.9743],[75.1251,12.095],[75.1272,12.336],[75.3285,12.457],[75.5281,12.3365],[75.5257,12.0948],[75.324,11.9743]]]}},{"type":"Feature","properties":{"id":"nh_access:h3:8460027ffffffff","field":"national_highways","kind":"nh_access","source":"osm+worldpop","confidence":0.9,"population":194700.0,"nh_distance_km":1.59,"pipeline_access_gain_km":0.0,"share_within_10km":1.0},"geometry":{"type":"Polygon","coordinates":[[[74.9246,11.9744],[74.7266,12.0945],[74.7283,12.3349],[74.9284,12.4559],[75.1272,12.336],[75.1251,12.095],[74.9246,11.9744]]]}},{"type":"Feature","properties":{"id":"nh_access:h3:846002dffffffff","field":"national_highways","kind":"nh_access","source":"osm+worldpop","confidence":0.9,"population":1922649.0,"nh_distance_km":6.05,"pipeline_access_gain_km":0.17,"share_within_10km":0.77},"geometry":{"type":"Polygon","coordinates":[[[75.5209,11.6114],[75.3218,11.7329],[75.324,11.9743],[75.5257,12.0948],[75.7255,11.9736],[75.7229,11.7315],[75.5209,11.6114]]]}},{"type":"Feature","properties":{"id":"nh_access:h3:8460045ffffffff","field":"national_highways","kind":"nh_access","source":"osm+worldpop","confidence":0.9,"population":223640.0,"nh_distance_km":1.35,"pipeline_access_gain_km":0.12,"share_within_10km":1.0},"geometry":{"type":"Polygon","coordinates":[[[75.9067,10.1551],[75.7077,10.279],[75.7103,10.5211],[75.9121,10.6399],[76.1117,10.5162],[76.1089,10.2735],[75.9067,10.1551]]]}},{"type":"Feature","properties":{"id":"nh_access:h3:846004dffffffff","field":"national_highways","kind":"nh_access","source":"osm+worldpop","confidence":0.9,"population":1183881.0,"nh_distance_km":1.93,"pipeline_access_gain_km":0.02,"share_within_10km":1.0},"geometry":{"type":"Polygon","coordinates":[[[76.1032,9.7881],[75.904,9.9127],[75.9067,10.1551],[76.1089,10.2735],[76.3087,10.149],[76.3057,9.906],[76.1032,9.7881]]]}},{"type":"Feature","properties":{"id":"nh_access:h3:8460061ffffffff","field":"national_highways","kind":"nh_access","source":"osm+worldpop","confidence":0.9,"population":3348381.0,"nh_distance_km":3.61,"pipeline_access_gain_km":0.67,"share_within_10km":0.945},"geometry":{"type":"Polygon","coordinates":[[[75.9148,10.8823],[75.7153,11.0053],[75.7178,11.2474],[75.9202,11.3671],[76.1203,11.2443],[76.1174,11.0016],[75.9148,10.8823]]]}},{"type":"Feature","properties":{"id":"nh_access:h3:8460065ffffffff","field":"national_highways","kind":"nh_access","source":"osm+worldpop","confidence":0.9,"population":732772.0,"nh_distance_km":9.15,"pipeline_access_gain_km":0.89,"share_within_10km":0.658},"geometry":{"type":"Polygon","coordinates":[[[76.1203,11.2443],[75.9202,11.3671],[75.9229,11.6095],[76.1261,11.7296],[76.3268,11.607],[76.3238,11.364],[76.1203,11.2443]]]}},{"type":"Feature","properties":{"id":"nh_access:h3:8460067ffffffff","field":"national_highways","kind":"nh_access","source":"osm+worldpop","confidence":0.9,"population":1635418.0,"nh_distance_km":5.05,"pipeline_access_gain_km":0.0,"share_within_10km":0.803},"geometry":{"type":"Polygon","coordinates":[[[75.7178,11.2474],[75.5185,11.3696],[75.5209,11.6114],[75.7229,11.7315],[75.9229,11.6095],[75.9202,11.3671],[75.7178,11.2474]]]}},{"type":"Feature","properties":{"id":"nh_access:h3:8460069ffffffff","field":"national_highways","kind":"nh_access","source":"osm+worldpop","confidence":0.9,"population":2516145.0,"nh_distance_km":8.34,"pipeline_access_gain_km":0.0,"share_within_10km":0.621},"geometry":{"type":"Polygon","coordinates":[[[76.1117,10.5162],[75.9121,10.6399],[75.9148,10.8823],[76.1174,11.0016],[76.3177,10.878],[76.3147,10.635],[76.1117,10.5162]]]}},{"type":"Feature","properties":{"id":"nh_access:h3:846006bffffffff","field":"national_highways","kind":"nh_access","source":"osm+worldpop","confidence":0.9,"population":48033.0,"nh_distance_km":9.26,"pipeline_access_gain_km":0.0,"share_within_10km":0.628},"geometry":{"type":"Polygon","coordinates":[[[75.7103,10.5211],[75.5115,10.6442],[75.5138,10.886],[75.7153,11.0053],[75.9148,10.8823],[75.9121,10.6399],[75.7103,10.5211]]]}},{"type":"Feature","properties":{"id":"nh_access:h3:846006dffffffff","field":"national_highways","kind":"nh_access","source":"osm+worldpop","confidence":0.9,"population":1313784.0,"nh_distance_km":11.14,"pipeline_access_gain_km":5.4,"share_within_10km":0.561},"geometry":{"type":"Polygon","coordinates":[[[76.3177,10.878],[76.1174,11.0016],[76.1203,11.2443],[76.3238,11.364],[76.5248,11.2406],[76.5216,10.9973],[76.3177,10.878]]]}},{"type":"Feature","properties":{"id":"nh_access:h3:8460081ffffffff","field":"national_highways","kind":"nh_access","source":"osm+worldpop","confidence":0.9,"population":7892.0,"nh_distance_km":354.55,"pipeline_access_gain_km":0.0,"share_within_10km":0.0},"geometry":{"type":"Polygon","coordinates":[[[72.1898,10.5425],[71.999,10.6605],[71.9986,10.8965],[72.1892,11.0151],[72.3806,10.8973],[72.3808,10.6606],[72.1898,10.5425]]]}},{"type":"Feature","properties":{"id":"nh_access:h3:8460085ffffffff","field":"national_highways","kind":"nh_access","source":"osm+worldpop","confidence":0.9,"population":11.0,"nh_distance_km":338.82,"pipeline_access_gain_km":0.0,"share_within_10km":0.0},"geometry":{"type":"Polygon","coordinates":[[[72.3806,10.8973],[72.1892,11.0151],[72.1889,11.2514],[72.3803,11.3706],[72.5725,11.253],[72.5725,11.016],[72.3806,10.8973]]]}},{"type":"Feature","properties":{"id":"nh_access:h3:84600abffffffff","field":"national_highways","kind":"nh_access","source":"osm+worldpop","confidence":0.9,"population":204.0,"nh_distance_km":319.6,"pipeline_access_gain_km":0.0,"share_within_10km":0.0},"geometry":{"type":"Polygon","coordinates":[[[72.1889,11.2514],[71.9977,11.3684],[71.9972,11.6044],[72.1883,11.724],[72.3802,11.6072],[72.3803,11.3706],[72.1889,11.2514]]]}},{"type":"Feature","properties":{"id":"nh_access:h3:84600adffffffff","field":"national_highways","kind":"nh_access","source":"osm+worldpop","confidence":0.9,"population":2428.0,"nh_distance_km":262.58,"pipeline_access_gain_km":0.0,"share_within_10km":0.0},"geometry":{"type":"Polygon","coordinates":[[[72.7653,11.6096],[72.5725,11.7269],[72.5725,11.9638],[72.7656,12.0841],[72.9591,11.9669],[72.9588,11.7293],[72.7653,11.6096]]]}},{"type":"Feature","properties":{"id":"nh_access:h3:84600c7ffffffff","field":"national_highways","kind":"nh_access","source":"osm+worldpop","confidence":0.9,"population":11584.0,"nh_distance_km":330.32,"pipeline_access_gain_km":0.0,"share_within_10km":0.0},"geometry":{"type":"Polygon","coordinates":[[[72.7644,10.1856],[72.5725,10.305],[72.5725,10.542],[72.7647,10.6603],[72.9573,10.5411],[72.957,10.3035],[72.7644,10.1856]]]}},{"type":"Feature","properties":{"id":"nh_access:h3:84600d5ffffffff","field":"national_highways","kind":"nh_access","source":"osm+worldpop","confidence":0.9,"population":25.0,"nh_distance_km":389.68,"pipeline_access_gain_km":0.0,"share_within_10km":0.0},"geometry":{"type":"Polygon","coordinates":[[[72.1907,9.8336],[72.0004,9.9526],[71.9999,10.1885],[72.1901,10.3061],[72.3811,10.1873],[72.3812,9.9507],[72.1907,9.8336]]]}},{"type":"Feature","properties":{"id":"nh_access:h3:84600e3ffffffff","field":"national_highways","kind":"nh_access","source":"osm+worldpop","confidence":0.9,"population":13516.0,"nh_distance_km":285.9,"pipeline_access_gain_km":0.0,"share_within_10km":0.0},"geometry":{"type":"Polygon","coordinates":[[[72.7648,10.8976],[72.5725,11.016],[72.5725,11.253],[72.7651,11.3723],[72.9582,11.2541],[72.9579,11.0164],[72.7648,10.8976]]]}},{"type":"Feature","properties":{"id":"nh_access:h3:84600e7ffffffff","field":"national_highways","kind":"nh_access","source":"osm+worldpop","confidence":0.9,"population":4082.0,"nh_distance_km":243.43,"pipeline_access_gain_km":0.0,"share_within_10km":0.0},"geometry":{"type":"Polygon","coordinates":[[[72.9582,11.2541],[72.7651,11.3723],[72.7653,11.6096],[72.9588,11.7293],[73.1526,11.6114],[73.1521,11.3734],[72.9582,11.2541]]]}},{"type":"Feature","properties":{"id":"nh_access:h3:8460101ffffffff","field":"national_highways","kind":"nh_access","source":"osm+worldpop","confidence":0.9,"population":470821.0,"nh_distance_km":5.94,"pipeline_access_gain_km":0.0,"share_within_10km":0.766},"geometry":{"type":"Polygon","coordinates":[[[76.3452,13.0639],[76.1434,13.1846],[76.1463,13.4268],[76.3513,13.549],[76.5538,13.4285],[76.5505,13.1856],[76.3452,13.0639]]]}},{"type":"Feature","properties":{"id":"nh_access:h3:8460103ffffffff","field":"national_highways","kind":"nh_access","source":"osm+worldpop","confidence":0.9,"population":435664.0,"nh_distance_km":3.12,"pipeline_access_gain_km":0.0,"share_within_10km":0.979},"geometry":{"type":"Polygon","coordinates":[[[75.9392,13.0628],[75.7383,13.1829],[75.7408,13.4245],[75.9447,13.5467],[76.1463,13.4268],[76.1434,13.1846],[75.9392,13.0628]]]}},{"type":"Feature","properties":{"id":"nh_access:h3:8460105ffffffff","field":"national_highways","kind":"nh_access","source":"osm+worldpop","confidence":0.9,"population":277291.0,"nh_distance_km":5.06,"pipeline_access_gain_km":0.0,"share_within_10km":0.87},"geometry":{"type":"Polygon","coordinates":[[[76.5538,13.4285],[76.3513,13.549],[76.3544,13.7913],[76.5603,13.9138],[76.7634,13.7935],[76.76,13.5506],[76.5538,13.4285]]]}},{"type":"Feature","properties":{"id":"nh_access:h3:8460107ffffffff","field":"national_highways","kind":"nh_access","source":"osm+worldpop","confidence":0.9,"population":383648.0,"nh_distance_km":5.09,"pipeline_access_gain_km":0.01,"share_within_10km":0.836},"geometry":{"type":"Polygon","coordinates":[[[76.1463,13.4268],[75.9447,13.5467],[75.9474,13.7885],[76.1521,13.911],[76.3544,13.7913],[76.3513,13.549],[76.1463,13.4268]]]}},{"type":"Feature","properties":{"id":"nh_access:h3:8460109ffffffff","field":"national_highways","kind":"nh_access","source":"osm+worldpop","confidence":0.9,"population":433497.0,"nh_distance_km":7.28,"pipeline_access_gain_km":0.0,"share_within_10km":0.682},"geometry":{"type":"Polygon","coordinates":[[[76.5441,12.6997],[76.3421,12.8212],[76.3452,13.0639],[76.5505,13.1856],[76.7531,13.0644],[76.7497,12.8211],[76.5441,12.6997]]]}},{"type":"Feature","properties":{"id":"nh_access:h3:846010bffffffff","field":"national_highways","kind":"nh_access","source":"osm+worldpop","confidence":0.9,"population":627134.0,"nh_distance_km":5.04,"pipeline_access_gain_km":0.0,"share_within_10km":0.844},"geometry":{"type":"Polygon","coordinates":[[[76.1376,12.6999],[75.9365,12.8207],[75.9392,13.0628],[76.1434,13.1846],[76.3452,13.0639],[76.3421,12.8212],[76.1376,12.6999]]]}},{"type":"Feature","properties":{"id":"nh_access:h3:846010dffffffff","field":"national_highways","kind":"nh_access","source":"osm+worldpop","confidence":0.9,"population":408003.0,"nh_distance_km":5.33,"pipeline_access_gain_km":0.0,"share_within_10km":0.802},"geometry":{"type":"Polygon","coordinates":[[[76.7531,13.0644],[76.5505,13.1856],[76.5538,13.4285],[76.76,13.5506],[76.9632,13.4295],[76.9597,13.1861],[76.7531,13.0644]]]}},{"type":"Feature","properties":{"id":"nh_access:h3:8460111ffffffff","field":"national_highways","kind":"nh_access","source":"osm+worldpop","confidence":0.9,"population":419110.0,"nh_distance_km":4.0,"pipeline_access_gain_km":0.0,"share_within_10km":0.936},"geometry":{"type":"Polygon","coordinates":[[[75.3307,12.6982],[75.1313,12.8179],[75.1333,13.0588],[75.3352,13.1805],[75.5352,13.0611],[75.5329,12.8196],[75.3307,12.6982]]]}},{"type":"Feature","properties":{"id":"nh_access:h3:8460113ffffffff","field":"national_highways","kind":"nh_access","source":"osm+worldpop","confidence":0.9,"population":1592274.0,"nh_distance_km":2.74,"pipeline_access_gain_km":0.02,"share_within_10km":0.991},"geometry":{"type":"Polygon","coordinates":[[[74.9303,12.6965],[74.7318,12.8156],[74.7335,13.0558],[74.9341,13.1776],[75.1333,13.0588],[75.1313,12.8179],[74.9303,12.6965]]]}},{"type":"Feature","properties":{"id":"nh_access:h3:8460115ffffffff","field":"national_highways","kind":"nh_access","source":"osm+worldpop","confidence":0.9,"population":194796.0,"nh_distance_km":10.65,"pipeline_access_gain_km":0.0,"share_within_10km":0.485},"geometry":{"type":"Polygon","coordinates":[[[75.5352,13.0611],[75.3352,13.1805],[75.3374,13.4216],[75.5401,13.5438],[75.7408,13.4245],[75.7383,13.1829],[75.5352,13.0611]]]}},{"type":"Feature","properties":{"id":"nh_access:h3:8460117ffffffff","field":"national_highways","kind":"nh_access","source":"osm+worldpop","confidence":0.9,"population":194972.0,"nh_distance_km":6.01,"pipeline_access_gain_km":0.0,"share_within_10km":0.781},"geometry":{"type":"Polygon","coordinates":[[[75.1333,13.0588],[74.9341,13.1776],[74.936,13.418],[75.1375,13.5402],[75.3374,13.4216],[75.3352,13.1805],[75.1333,13.0588]]]}},{"type":"Feature","properties":{"id":"nh_access:h3:8460119ffffffff","field":"national_highways","kind":"nh_access","source":"osm+worldpop","confidence":0.9,"population":234486.0,"nh_distance_km":7.18,"pipeline_access_gain_km":0.0,"share_within_10km":0.673},"geometry":{"type":"Polygon","coordinates":[[[75.5281,12.3365],[75.3285,12.457],[75.3307,12.6982],[75.5329,12.8196],[75.7331,12.6994],[75.7306,12.4575],[75.5281,12.3365]]]}},{"type":"Feature","properties":{"id":"nh_access:h3:846011bffffffff","field":"national_highways","kind":"nh_access","source":"osm+worldpop","confidence":0.9,"population":865407.0,"nh_distance_km":4.09,"pipeline_access_gain_km":0.0,"share_within_10km":0.888},"geometry":{"type":"Polygon","coordinates":[[[75.1272,12.336],[74.9284,12.4559],[74.9303,12.6965],[75.1313,12.8179],[75.3307,12.6982],[75.3285,12.457],[75.1272,12.336]]]}},{"type":"Feature","properties":{"id":"nh_access:h3:846011dffffffff","field":"national_highways","kind":"nh_access","source":"osm+worldpop","confidence":0.9,"population":257564.0,"nh_distance_km":5.32,"pipeline_access_gain_km":0.0,"share_within_10km":0.853},"geometry":{"type":"Polygon","coordinates":[[[75.7331,12.6994],[75.5329,12.8196],[75.5352,13.0611],[75.7383,13.1829],[75.9392,13.0628],[75.9365,12.8207],[75.7331,12.6994]]]}},{"type":"Feature","properties":{"id":"nh_access:h3:8460121ffffffff","field":"national_highways","kind":"nh_access","source":"osm+worldpop","confidence":0.9,"population":410094.0,"nh_distance_km":5.16,"pipeline_access_gain_km":1.47,"share_within_10km":0.855},"geometry":{"type":"Polygon","coordinates":[[[76.5635,14.1563],[76.3606,14.2758],[76.3637,14.5178],[76.5701,14.641],[76.7737,14.5218],[76.7703,14.2791],[76.5635,14.1563]]]}},{"type":"Feature","properties":{"id":"nh_access:h3:8460123ffffffff","field":"national_highways","kind":"nh_access","source":"osm+worldpop","confidence":0.9,"population":501389.0,"nh_distance_km":7.78,"pipeline_access_gain_km":0.0,"share_within_10km":0.666},"geometry":{"type":"Polygon","coordinates":[[[76.155,14.1529],[75.9529,14.2717],[75.9557,14.5132],[76.1609,14.6364],[76.3637,14.5178],[76.3606,14.2758],[76.155,14.1529]]]}},{"type":"Feature","properties":{"id":"nh_access:h3:8460125ffffffff","field":"national_highways","kind":"nh_access","source":"osm+worldpop","confidence":0.9,"population":376305.0,"nh_distance_km":5.12,"pipeline_access_gain_km":0.0,"share_within_10km":0.841},"geometry":{"type":"Polygon","coordinates":[[[76.7737,14.5218],[76.5701,14.641],[76.5733,14.8831],[76.7806,15.0066],[76.9849,14.8876],[76.9813,14.6449],[76.7737,14.5218]]]}},{"type":"Feature","properties":{"id":"nh_access:h3:8460127ffffffff","field":"national_highways","kind":"nh_access","source":"osm+worldpop","confidence":0.9,"population":360249.0,"nh_distance_km":9.14,"pipeline_access_gain_km":2.27,"share_within_10km":0.602},"geometry":{"type":"Polygon","coordinates":[[[76.3637,14.5178],[76.1609,14.6364],[76.1638,14.8779],[76.3699,15.0014],[76.5733,14.8831],[76.5701,14.641],[76.3637,14.5178]]]}},{"type":"Feature","properties":{"id":"nh_access:h3:8460129ffffffff","field":"national_highways","kind":"nh_access","source":"osm+worldpop","confidence":0.9,"population":319330.0,"nh_distance_km":9.29,"pipeline_access_gain_km":5.16,"share_within_10km":0.605},"geometry":{"type":"Polygon","coordinates":[[[76.7634,13.7935],[76.5603,13.9138],[76.5635,14.1563],[76.7703,14.2791],[76.974,14.1591],[76.9704,13.916],[76.7634,13.7935]]]}},{"type":"Feature","properties":{"id":"nh_access:h3:846012bffffffff","field":"national_highways","kind":"nh_access","source":"osm+worldpop","confidence":0.9,"population":421171.0,"nh_distance_km":4.41,"pipeline_access_gain_km":0.0,"share_within_10km":0.862},"geometry":{"type":"Polygon","coordinates":[[[76.3544,13.7913],[76.1521,13.911],[76.155,14.1529],[76.3606,14.2758],[76.5635,14.1563],[76.5603,13.9138],[76.3544,13.7913]]]}},{"type":"Feature","properties":{"id":"nh_access:h3:846012dffffffff","field":"national_highways","kind":"nh_access","source":"osm+worldpop","confidence":0.9,"population":325120.0,"nh_distance_km":19.11,"pipeline_access_gain_km":2.04,"share_within_10km":0.185},"geometry":{"type":"Polygon","coordinates":[[[76.974,14.1591],[76.7703,14.2791],[76.7737,14.5218],[76.9813,14.6449],[77.1857,14.525],[77.1819,14.2818],[76.974,14.1591]]]}},{"type":"Feature","properties":{"id":"nh_access:h3:8460131ffffffff","field":"national_highways","kind":"nh_access","source":"osm+worldpop","confidence":0.9,"population":727559.0,"nh_distance_km":6.75,"pipeline_access_gain_km":0.07,"share_within_10km":0.73},"geometry":{"type":"Polygon","coordinates":[[[75.5425,13.7849],[75.3419,13.9033],[75.3441,14.1441],[75.5473,14.267],[75.7486,14.1488],[75.746,13.9075],[75.5425,13.7849]]]}},{"type":"Feature","properties":{"id":"nh_access:h3:8460133ffffffff","field":"national_highways","kind":"nh_access","source":"osm+worldpop","confidence":0.9,"population":197187.0,"nh_distance_km":4.06,"pipeline_access_gain_km":0.0,"share_within_10km":0.892},"geometry":{"type":"Polygon","coordinates":[[[75.1396,13.7808],[74.9399,13.8986],[74.9418,14.1387],[75.1437,14.2616],[75.3441,14.1441],[75.3419,13.9033],[75.1396,13.7808]]]}},{"type":"Feature","properties":{"id":"nh_access:h3:8460135ffffffff","field":"national_highways","kind":"nh_access","source":"osm+worldpop","confidence":0.9,"population":1037721.0,"nh_distance_km":8.51,"pipeline_access_gain_km":0.0,"share_within_10km":0.667},"geometry":{"type":"Polygon","coordinates":[[[75.7486,14.1488],[75.5473,14.267],[75.5497,14.5078],[75.7537,14.6311],[75.9557,14.5132],[75.9529,14.2717],[75.7486,14.1488]]]}},{"type":"Feature","properties":{"id":"nh_access:h3:8460137ffffffff","field":"national_highways","kind":"nh_access","source":"osm+worldpop","confidence":0.9,"population":481564.0,"nh_distance_km":10.34,"pipeline_access_gain_km":0.0,"share_within_10km":0.54},"geometry":{"type":"Polygon","coordinates":[[[75.3441,14.1441],[75.1437,14.2616],[75.1458,14.5018],[75.3486,14.6251],[75.5497,14.5078],[75.5473,14.267],[75.3441,14.1441]]]}},{"type":"Feature","properties":{"id":"nh_access:h3:8460139ffffffff","field":"national_highways","kind":"nh_access","source":"osm+worldpop","confidence":0.9,"population":423039.0,"nh_distance_km":4.6,"pipeline_access_gain_km":0.0,"share_within_10km":0.839},"geometry":{"type":"Polygon","coordinates":[[[75.7408,13.4245],[75.5401,13.5438],[75.5425,13.7849],[75.746,13.9075],[75.9474,13.7885],[75.9447,13.5467],[75.7408,13.4245]]]}},{"type":"Feature","properties":{"id":"nh_access:h3:846013bffffffff","field":"national_highways","kind":"nh_access","source":"osm+worldpop","confidence":0.9,"population":227416.0,"nh_distance_km":4.96,"pipeline_access_gain_km":0.0,"share_within_10km":0.842},"geometry":{"type":"Polygon","coordinates":[[[75.3374,13.4216],[75.1375,13.5402],[75.1396,13.7808],[75.3419,13.9033],[75.5425,13.7849],[75.5401,13.5438],[75.3374,13.4216]]]}},{"type":"Feature","properties":{"id":"nh_access:h3:846013dffffffff","field":"national_highways","kind":"nh_access","source":"osm+worldpop","confidence":0.9,"population":421732.0,"nh_distance_km":9.28,"pipeline_access_gain_km":0.0,"share_within_10km":0.549},"geometry":{"type":"Polygon","coordinates":[[[75.9474,13.7885],[75.746,13.9075],[75.7486,14.1488],[75.9529,14.2717],[76.155,14.1529],[76.1521,13.911],[75.9474,13.7885]]]}},{"type":"Feature","properties":{"id":"nh_access:h3:8460141ffffffff","field":"national_highways","kind":"nh_access","source":"osm+worldpop","confidence":0.9,"population":758791.0,"nh_distance_km":5.03,"pipeline_access_gain_km":0.01,"share_within_10km":0.857},"geometry":{"type":"Polygon","coordinates":[[[77.1519,12.3325],[76.9489,12.4554],[76.9525,12.699],[77.1593,12.8203],[77.3629,12.6976],[77.359,12.4534],[77.1519,12.3325]]]}},{"type":"Feature","properties":{"id":"nh_access:h3:8460143ffffffff","field":"national_highways","kind":"nh_access","source":"osm+worldpop","confidence":0.9,"population":756849.0,"nh_distance_km":5.42,"pipeline_access_gain_km":0.14,"share_within_10km":0.828},"geometry":{"type":"Polygon","coordinates":[[[76.7429,12.3344],[76.5408,12.4567],[76.5441,12.6997],[76.7497,12.8211],[76.9525,12.699],[76.9489,12.4554],[76.7429,12.3344]]]}},{"type":"Feature","properties":{"id":"nh_access:h3:8460145ffffffff","field":"national_highways","kind":"nh_access","source":"osm+worldpop","confidence":0.9,"population":6794449.0,"nh_distance_km":1.5,"pipeline_access_gain_km":0.16,"share_within_10km":0.999},"geometry":{"type":"Polygon","coordinates":[[[77.3629,12.6976],[77.1593,12.8203],[77.1631,13.0642],[77.3707,13.1859],[77.575,13.0633],[77.5709,12.8189],[77.3629,12.6976]]]}},{"type":"Feature","properties":{"id":"nh_access:h3:8460147ffffffff","field":"national_highways","kind":"nh_access","source":"osm+worldpop","confidence":0.9,"population":411596.0,"nh_distance_km":6.82,"pipeline_access_gain_km":0.0,"share_within_10km":0.726},"geometry":{"type":"Polygon","coordinates":[[[76.9525,12.699],[76.7497,12.8211],[76.7531,13.0644],[76.9597,13.1861],[77.1631,13.0642],[77.1593,12.8203],[76.9525,12.699]]]}},{"type":"Feature","properties":{"id":"nh_access:h3:8460149ffffffff","field":"national_highways","kind":"nh_access","source":"osm+worldpop","confidence":0.9,"population":312729.0,"nh_distance_km":19.82,"pipeline_access_gain_km":0.0,"share_within_10km":0.223},"geometry":{"type":"Polygon","coordinates":[[[77.3512,11.9648],[77.1481,12.0885],[77.1519,12.3325],[77.359,12.4534],[77.5627,12.33],[77.5586,12.0854],[77.3512,11.9648]]]}},{"type":"Feature","properties":{"id":"nh_access:h3:846014bffffffff","field":"national_highways","kind":"nh_access","source":"osm+worldpop","confidence":0.9,"population":901961.0,"nh_distance_km":6.7,"pipeline_access_gain_km":0.0,"share_within_10km":0.753},"geometry":{"type":"Polygon","coordinates":[[[76.9418,11.9679],[76.7396,12.091],[76.7429,12.3344],[76.9489,12.4554],[77.1519,12.3325],[77.1481,12.0885],[76.9418,11.9679]]]}},{"type":"Feature","properties":{"id":"nh_access:h3:846014dffffffff","field":"national_highways","kind":"nh_access","source":"osm+worldpop","confidence":0.9,"population":681638.0,"nh_distance_km":6.45,"pipeline_access_gain_km":1.52,"share_within_10km":0.792},"geometry":{"type":"Polygon","coordinates":[[[77.5627,12.33],[77.359,12.4534],[77.3629,12.6976],[77.5709,12.8189],[77.7752,12.6956],[77.771,12.4509],[77.5627,12.33]]]}},{"type":"Feature","properties":{"id":"nh_access:h3:8460151ffffffff","field":"national_highways","kind":"nh_access","source":"osm+worldpop","confidence":0.9,"population":387754.0,"nh_distance_km":9.25,"pipeline_access_gain_km":0.3,"share_within_10km":0.655},"geometry":{"type":"Polygon","coordinates":[[[76.1289,11.9723],[75.9283,12.0941],[75.931,12.3364],[76.1347,12.4574],[76.336,12.3357],[76.3329,12.0929],[76.1289,11.9723]]]}},{"type":"Feature","properties":{"id":"nh_access:h3:8460153ffffffff","field":"national_highways","kind":"nh_access","source":"osm+worldpop","confidence":0.9,"population":317040.0,"nh_distance_km":20.75,"pipeline_access_gain_km":0.03,"share_within_10km":0.22},"geometry":{"type":"Polygon","coordinates":[[[75.7255,11.9736],[75.5257,12.0948],[75.5281,12.3365],[75.7306,12.4575],[75.931,12.3364],[75.9283,12.0941],[75.7255,11.9736]]]}},{"type":"Feature","properties":{"id":"nh_access:h3:8460155ffffffff","field":"national_highways","kind":"nh_access","source":"osm+worldpop","confidence":0.9,"population":627524.0,"nh_distance_km":8.35,"pipeline_access_gain_km":0.16,"share_within_10km":0.598},"geometry":{"type":"Polygon","coordinates":[[[76.336,12.3357],[76.1347,12.4574],[76.1376,12.6999],[76.3421,12.8212],[76.5441,12.6997],[76.5408,12.4567],[76.336,12.3357]]]}},{"type":"Feature","properties":{"id":"nh_access:h3:8460157ffffffff","field":"national_highways","kind":"nh_access","source":"osm+worldpop","confidence":0.9,"population":434211.0,"nh_distance_km":12.96,"pipeline_access_gain_km":0.09,"share_within_10km":0.386},"geometry":{"type":"Polygon","coordinates":[[[75.931,12.3364],[75.7306,12.4575],[75.7331,12.6994],[75.9365,12.8207],[76.1376,12.6999],[76.1347,12.4574],[75.931,12.3364]]]}},{"type":"Feature","properties":{"id":"nh_access:h3:8460159ffffffff","field":"national_highways","kind":"nh_access","source":"osm+worldpop","confidence":0.9,"population":335715.0,"nh_distance_km":15.37,"pipeline_access_gain_km":0.0,"share_within_10km":0.371},"geometry":{"type":"Polygon","coordinates":[[[76.3268,11.607],[76.1261,11.7296],[76.1289,11.9723],[76.3329,12.0929],[76.5344,11.9704],[76.5312,11.7272],[76.3268,11.607]]]}},{"type":"Feature","properties":{"id":"nh_access:h3:846015bffffffff","field":"national_highways","kind":"nh_access","source":"osm+worldpop","confidence":0.9,"population":441697.0,"nh_distance_km":23.27,"pipeline_access_gain_km":0.0,"share_within_10km":0.036},"geometry":{"type":"Polygon","coordinates":[[[75.9229,11.6095],[75.7229,11.7315],[75.7255,11.9736],[75.9283,12.0941],[76.1289,11.9723],[76.1261,11.7296],[75.9229,11.6095]]]}},{"type":"Feature","properties":{"id":"nh_access:h3:846015dffffffff","field":"national_highways","kind":"nh_access","source":"osm+worldpop","confidence":0.9,"population":1800415.0,"nh_distance_km":3.88,"pipeline_access_gain_km":0.1,"share_within_10km":0.875},"geometry":{"type":"Polygon","coordinates":[[[76.5344,11.9704],[76.3329,12.0929],[76.336,12.3357],[76.5408,12.4567],[76.7429,12.3344],[76.7396,12.091],[76.5344,11.9704]]]}},{"type":"Feature","properties":{"id":"nh_access:h3:8460161ffffffff","field":"national_highways","kind":"nh_access","source":"osm+worldpop","confidence":0.9,"population":705269.0,"nh_distance_km":6.67,"pipeline_access_gain_km":0.18,"share_within_10km":0.738},"geometry":{"type":"Polygon","coordinates":[[[77.3747,13.4298],[77.1706,13.5515],[77.1744,13.7951],[77.3826,13.9175],[77.5873,13.7959],[77.5832,13.5518],[77.3747,13.4298]]]}},{"type":"Feature","properties":{"id":"nh_access:h3:8460163ffffffff","field":"national_highways","kind":"nh_access","source":"osm+worldpop","confidence":0.9,"population":428102.0,"nh_distance_km":3.75,"pipeline_access_gain_km":0.51,"share_within_10km":0.93},"geometry":{"type":"Polygon","coordinates":[[[76.9632,13.4295],[76.76,13.5506],[76.7634,13.7935],[76.9704,13.916],[77.1744,13.7951],[77.1706,13.5515],[76.9632,13.4295]]]}},{"type":"Feature","properties":{"id":"nh_access:h3:8460165ffffffff","field":"national_highways","kind":"nh_access","source":"osm+worldpop","confidence":0.9,"population":429799.0,"nh_distance_km":4.32,"pipeline_access_gain_km":0.04,"share_within_10km":0.87},"geometry":{"type":"Polygon","coordinates":[[[77.5873,13.7959],[77.3826,13.9175],[77.3865,14.1611],[77.5955,14.2838],[77.8009,14.1625],[77.7966,13.9183],[77.5873,13.7959]]]}},{"type":"Feature","properties":{"id":"nh_access:h3:8460167ffffffff","field":"national_highways","kind":"nh_access","source":"osm+worldpop","confidence":0.9,"population":415495.0,"nh_distance_km":15.86,"pipeline_access_gain_km":1.45,"share_within_10km":0.35},"geometry":{"type":"Polygon","coordinates":[[[77.1744,13.7951],[76.9704,13.916],[76.974,14.1591],[77.1819,14.2818],[77.3865,14.1611],[77.3826,13.9175],[77.1744,13.7951]]]}},{"type":"Feature","properties":{"id":"nh_access:h3:8460169ffffffff","field":"national_highways","kind":"nh_access","source":"osm+worldpop","confidence":0.9,"population":3046985.0,"nh_distance_km":4.12,"pipeline_access_gain_km":0.96,"share_within_10km":0.947},"geometry":{"type":"Polygon","coordinates":[[[77.575,13.0633],[77.3707,13.1859],[77.3747,13.4298],[77.5832,13.5518],[77.788,13.4295],[77.7838,13.185],[77.575,13.0633]]]}},{"type":"Feature","properties":{"id":"nh_access:h3:846016bffffffff","field":"national_highways","kind":"nh_access","source":"osm+worldpop","confidence":0.9,"population":859133.0,"nh_distance_km":5.23,"pipeline_access_gain_km":1.36,"share_within_10km":0.799},"geometry":{"type":"Polygon","coordinates":[[[77.1631,13.0642],[76.9597,13.1861],[76.9632,13.4295],[77.1706,13.5515],[77.3747,13.4298],[77.3707,13.1859],[77.1631,13.0642]]]}},{"type":"Feature","properties":{"id":"nh_access:h3:846016dffffffff","field":"national_highways","kind":"nh_access","source":"osm+worldpop","confidence":0.9,"population":444480.0,"nh_distance_km":6.42,"pipeline_access_gain_km":0.02,"share_within_10km":0.765},"geometry":{"type":"Polygon","coordinates":[[[77.788,13.4295],[77.5832,13.5518],[77.5873,13.7959],[77.7966,13.9183],[78.0021,13.7961],[77.9977,13.5515],[77.788,13.4295]]]}},{"type":"Feature","properties":{"id":"nh_access:h3:84601a5ffffffff","field":"national_highways","kind":"nh_access","source":"osm+worldpop","confidence":0.9,"population":48967.0,"nh_distance_km":0.85,"pipeline_access_gain_km":0.0,"share_within_10km":1.0},"geometry":{"type":"Polygon","coordinates":[[[73.9468,14.48],[73.7493,14.5948],[73.7502,14.8326],[73.949,14.9563],[74.1472,14.8418],[74.1459,14.6033],[73.9468,14.48]]]}},{"type":"Feature","properties":{"id":"nh_access:h3:84601cdffffffff","field":"national_highways","kind":"nh_access","source":"osm+worldpop","confidence":0.9,"population":78167.0,"nh_distance_km":0.5,"pipeline_access_gain_km":0.0,"share_within_10km":1.0},"geometry":{"type":"Polygon","coordinates":[[[74.7283,12.3349],[74.5305,12.4542],[74.532,12.6942],[74.7318,12.8156],[74.9303,12.6965],[74.9284,12.4559],[74.7283,12.3349]]]}},{"type":"Feature","properties":{"id":"nh_access:h3:84601e1ffffffff","field":"national_highways","kind":"nh_access","source":"osm+worldpop","confidence":0.9,"population":216949.0,"nh_distance_km":1.52,"pipeline_access_gain_km":0.0,"share_within_10km":1.0},"geometry":{"type":"Polygon","coordinates":[[[74.5368,13.4139],[74.3386,13.5312],[74.3401,13.7706],[74.5399,13.8931],[74.7388,13.776],[74.737,13.536],[74.5368,13.4139]]]}},{"type":"Feature","properties":{"id":"nh_access:h3:84601e5ffffffff","field":"national_highways","kind":"nh_access","source":"osm+worldpop","confidence":0.9,"population":214413.0,"nh_distance_km":2.82,"pipeline_access_gain_km":0.0,"share_within_10km":0.952},"geometry":{"type":"Polygon","coordinates":[[[74.7388,13.776],[74.5399,13.8931],[74.5415,14.1326],[74.7423,14.2556],[74.9418,14.1387],[74.9399,13.8986],[74.7388,13.776]]]}},{"type":"Feature","properties":{"id":"nh_access:h3:84601e7ffffffff","field":"national_highways","kind":"nh_access","source":"osm+worldpop","confidence":0.9,"population":101798.0,"nh_distance_km":1.09,"pipeline_access_gain_km":0.0,"share_within_10km":1.0},"geometry":{"type":"Polygon","coordinates":[[[74.3401,13.7706],[74.1421,13.8871],[74.1434,14.126],[74.3429,14.2489],[74.5415,14.1326],[74.5399,13.8931],[74.3401,13.7706]]]}},{"type":"Feature","properties":{"id":"nh_access:h3:84601e9ffffffff","field":"national_highways","kind":"nh_access","source":"osm+worldpop","confidence":0.9,"population":562957.0,"nh_distance_km":2.74,"pipeline_access_gain_km":0.0,"share_within_10km":0.971},"geometry":{"type":"Polygon","coordinates":[[[74.7335,13.0558],[74.5352,13.1741],[74.5368,13.4139],[74.737,13.536],[74.936,13.418],[74.9341,13.1776],[74.7335,13.0558]]]}},{"type":"Feature","properties":{"id":"nh_access:h3:84601edffffffff","field":"national_highways","kind":"nh_access","source":"osm+worldpop","confidence":0.9,"population":202283.0,"nh_distance_km":9.87,"pipeline_access_gain_km":0.0,"share_within_10km":0.539},"geometry":{"type":"Polygon","coordinates":[[[74.936,13.418],[74.737,13.536],[74.7388,13.776],[74.9399,13.8986],[75.1396,13.7808],[75.1375,13.5402],[74.936,13.418]]]}},{"type":"Feature","properties":{"id":"nh_access:h3:8460221ffffffff","field":"national_highways","kind":"nh_access","source":"osm+worldpop","confidence":0.9,"population":1965507.0,"nh_distance_km":3.12,"pipeline_access_gain_km":0.0,"share_within_10km":0.989},"geometry":{"type":"Polygon","coordinates":[[[76.4962,9.0514],[76.2967,9.1774],[76.2997,9.4202],[76.5025,9.5377],[76.7026,9.4119],[76.6993,9.1684],[76.4962,9.0514]]]}},{"type":"Feature","properties":{"id":"nh_access:h3:8460225ffffffff","field":"national_highways","kind":"nh_access","source":"osm+worldpop","confidence":0.9,"population":1381051.0,"nh_distance_km":8.59,"pipeline_access_gain_km":0.0,"share_within_10km":0.622},"geometry":{"type":"Polygon","coordinates":[[[76.7026,9.4119],[76.5025,9.5377],[76.5057,9.7809],[76.7093,9.8989],[76.9101,9.7732],[76.9066,9.5294],[76.7026,9.4119]]]}},{"type":"Feature","properties":{"id":"nh_access:h3:8460227ffffffff","field":"national_highways","kind":"nh_access","source":"osm+worldpop","confidence":0.9,"population":1359234.0,"nh_distance_km":4.15,"pipeline_access_gain_km":0.0,"share_within_10km":0.875},"geometry":{"type":"Polygon","coordinates":[[[76.2997,9.4202],[76.1004,9.5455],[76.1032,9.7881],[76.3057,9.906],[76.5057,9.7809],[76.5025,9.5377],[76.2997,9.4202]]]}},{"type":"Feature","properties":{"id":"nh_access:h3:8460229ffffffff","field":"national_highways","kind":"nh_access","source":"osm+worldpop","confidence":0.9,"population":2257677.0,"nh_distance_km":3.16,"pipeline_access_gain_km":0.14,"share_within_10km":0.96},"geometry":{"type":"Polygon","coordinates":[[[76.6927,8.6817],[76.493,8.8083],[76.4962,9.0514],[76.6993,9.1684],[76.8996,9.0419],[76.8961,8.7983],[76.6927,8.6817]]]}},{"type":"Feature","properties":{"id":"nh_access:h3:846022dffffffff","field":"national_highways","kind":"nh_access","source":"osm+worldpop","confidence":0.9,"population":861045.0,"nh_distance_km":5.61,"pipeline_access_gain_km":0.0,"share_within_10km":0.878},"geometry":{"type":"Polygon","coordinates":[[[76.8996,9.0419],[76.6993,9.1684],[76.7026,9.4119],[76.9066,9.5294],[77.1075,9.403],[77.1038,9.159],[76.8996,9.0419]]]}},{"type":"Feature","properties":{"id":"nh_access:h3:8460261ffffffff","field":"national_highways","kind":"nh_access","source":"osm+worldpop","confidence":0.9,"population":670384.0,"nh_distance_km":16.67,"pipeline_access_gain_km":1.42,"share_within_10km":0.303},"geometry":{"type":"Polygon","coordinates":[[[77.2935,8.2995],[77.0929,8.4273],[77.0965,8.6711],[77.3011,8.7877],[77.5023,8.6601],[77.4983,8.4157],[77.2935,8.2995]]]}},{"type":"Feature","properties":{"id":"nh_access:h3:8460263ffffffff","field":"national_highways","kind":"nh_access","source":"osm+worldpop","confidence":0.9,"population":2365204.0,"nh_distance_km":5.95,"pipeline_access_gain_km":3.23,"share_within_10km":0.808},"geometry":{"type":"Polygon","coordinates":[[[76.8892,8.3112],[76.6894,8.4385],[76.6927,8.6817],[76.8961,8.7983],[77.0965,8.6711],[77.0929,8.4273],[76.8892,8.3112]]]}},{"type":"Feature","properties":{"id":"nh_access:h3:8460265ffffffff","field":"national_highways","kind":"nh_access","source":"osm+worldpop","confidence":0.9,"population":1211398.0,"nh_distance_km":15.94,"pipeline_access_gain_km":0.0,"share_within_10km":0.245},"geometry":{"type":"Polygon","coordinates":[[[77.5023,8.6601],[77.3011,8.7877],[77.3049,9.0319],[77.5103,9.149],[77.7121,9.0215],[77.708,8.7767],[77.5023,8.6601]]]}},{"type":"Feature","properties":{"id":"nh_access:h3:8460267ffffffff","field":"national_highways","kind":"nh_access","source":"osm+worldpop","confidence":0.9,"population":621775.0,"nh_distance_km":8.13,"pipeline_access_gain_km":1.68,"share_within_10km":0.659},"geometry":{"type":"Polygon","coordinates":[[[77.0965,8.6711],[76.8961,8.7983],[76.8996,9.0419],[77.1038,9.159],[77.3049,9.0319],[77.3011,8.7877],[77.0965,8.6711]]]}},{"type":"Feature","properties":{"id":"nh_access:h3:8460269ffffffff","field":"national_highways","kind":"nh_access","source":"osm+worldpop","confidence":0.9,"population":1214275.0,"nh_distance_km":3.16,"pipeline_access_gain_km":0.29,"share_within_10km":0.963},"geometry":{"type":"Polygon","coordinates":[[[77.4904,7.9272],[77.2897,8.0555],[77.2935,8.2995],[77.4983,8.4157],[77.6997,8.2874],[77.6955,8.0428],[77.4904,7.9272]]]}},{"type":"Feature","properties":{"id":"nh_access:h3:846026bffffffff","field":"national_highways","kind":"nh_access","source":"osm+worldpop","confidence":0.9,"population":990496.0,"nh_distance_km":4.14,"pipeline_access_gain_km":1.06,"share_within_10km":0.95},"geometry":{"type":"Polygon","coordinates":[[[77.0856,7.9399],[76.8857,8.0678],[76.8892,8.3112],[77.0929,8.4273],[77.2935,8.2995],[77.2897,8.0555],[77.0856,7.9399]]]}},{"type":"Feature","properties":{"id":"nh_access:h3:846026dffffffff","field":"national_highways","kind":"nh_access","source":"osm+worldpop","confidence":0.9,"population":823895.0,"nh_distance_km":8.23,"pipeline_access_gain_km":0.0,"share_within_10km":0.685},"geometry":{"type":"Polygon","coordinates":[[[77.6997,8.2874],[77.4983,8.4157],[77.5023,8.6601],[77.708,8.7767],[77.9099,8.6485],[77.9056,8.4036],[77.6997,8.2874]]]}},{"type":"Feature","properties":{"id":"nh_access:h3:8460283ffffffff","field":"national_highways","kind":"nh_access","source":"osm+worldpop","confidence":0.9,"population":10808.0,"nh_distance_km":388.35,"pipeline_access_gain_km":0.0,"share_within_10km":0.0},"geometry":{"type":"Polygon","coordinates":[[[73.1458,8.0436],[72.9543,8.1663],[72.9546,8.4035],[73.1467,8.5187],[73.3388,8.3962],[73.3382,8.1583],[73.1458,8.0436]]]}},{"type":"Feature","properties":{"id":"nh_access:h3:8460301ffffffff","field":"national_highways","kind":"nh_access","source":"osm+worldpop","confidence":0.9,"population":465840.0,"nh_distance_km":6.49,"pipeline_access_gain_km":0.0,"share_within_10km":0.739},"geometry":{"type":"Polygon","coordinates":[[[77.7372,10.4911],[77.5343,10.6171],[77.5384,10.8619],[77.7456,10.9812],[77.9491,10.8554],[77.9447,10.61],[77.7372,10.4911]]]}},{"type":"Feature","properties":{"id":"nh_access:h3:8460303ffffffff","field":"national_highways","kind":"nh_access","source":"osm+worldpop","confidence":0.9,"population":903640.0,"nh_distance_km":7.13,"pipeline_access_gain_km":0.0,"share_within_10km":0.708},"geometry":{"type":"Polygon","coordinates":[[[77.3279,10.4982],[77.1259,10.6236],[77.1296,10.8678],[77.3357,10.9872],[77.5384,10.8619],[77.5343,10.6171],[77.3279,10.4982]]]}},{"type":"Feature","properties":{"id":"nh_access:h3:8460305ffffffff","field":"national_highways","kind":"nh_access","source":"osm+worldpop","confidence":0.9,"population":1049496.0,"nh_distance_km":5.09,"pipeline_access_gain_km":0.0,"share_within_10km":0.84},"geometry":{"type":"Polygon","coordinates":[[[77.9491,10.8554],[77.7456,10.9812],[77.7498,11.2262],[77.9578,11.3459],[78.1619,11.2202],[78.1574,10.9747],[77.9491,10.8554]]]}},{"type":"Feature","properties":{"id":"nh_access:h3:8460307ffffffff","field":"national_highways","kind":"nh_access","source":"osm+worldpop","confidence":0.9,"population":1300064.0,"nh_distance_km":3.6,"pipeline_access_gain_km":0.0,"share_within_10km":0.942},"geometry":{"type":"Polygon","coordinates":[[[77.5384,10.8619],[77.3357,10.9872],[77.3395,11.2316],[77.5465,11.3513],[77.7498,11.2262],[77.7456,10.9812],[77.5384,10.8619]]]}},{"type":"Feature","properties":{"id":"nh_access:h3:8460309ffffffff","field":"national_highways","kind":"nh_access","source":"osm+worldpop","confidence":0.9,"population":1110020.0,"nh_distance_km":2.66,"pipeline_access_gain_km":0.0,"share_within_10km":0.99},"geometry":{"type":"Polygon","coordinates":[[[77.936,10.1195],[77.733,10.2461],[77.7372,10.4911],[77.9447,10.61],[78.1483,10.4835],[78.1438,10.2379],[77.936,10.1195]]]}},{"type":"Feature","properties":{"id":"nh_access:h3:846030bffffffff","field":"national_highways","kind":"nh_access","source":"osm+worldpop","confidence":0.9,"population":470356.0,"nh_distance_km":7.42,"pipeline_access_gain_km":0.0,"share_within_10km":0.704},"geometry":{"type":"Polygon","coordinates":[[[77.5263,10.1277],[77.3241,10.2538],[77.3279,10.4982],[77.5343,10.6171],[77.7372,10.4911],[77.733,10.2461],[77.5263,10.1277]]]}},{"type":"Feature","properties":{"id":"nh_access:h3:846030dffffffff","field":"national_highways","kind":"nh_access","source":"osm+worldpop","confidence":0.9,"population":573571.0,"nh_distance_km":9.77,"pipeline_access_gain_km":0.0,"share_within_10km":0.517},"geometry":{"type":"Polygon","coordinates":[[[78.1483,10.4835],[77.9447,10.61],[77.9491,10.8554],[78.1574,10.9747],[78.3616,10.8483],[78.3569,10.6024],[78.1483,10.4835]]]}},{"type":"Feature","properties":{"id":"nh_access:h3:8460311ffffffff","field":"national_highways","kind":"nh_access","source":"osm+worldpop","confidence":0.9,"population":244245.0,"nh_distance_km":21.09,"pipeline_access_gain_km":0.0,"share_within_10km":0.002},"geometry":{"type":"Polygon","coordinates":[[[76.7126,10.1424],[76.512,10.2674],[76.5152,10.5107],[76.7193,10.6296],[76.9206,10.5048],[76.9171,10.2609],[76.7126,10.1424]]]}},{"type":"Feature","properties":{"id":"nh_access:h3:8460313ffffffff","field":"national_highways","kind":"nh_access","source":"osm+worldpop","confidence":0.9,"population":2000976.0,"nh_distance_km":4.16,"pipeline_access_gain_km":0.05,"share_within_10km":0.969},"geometry":{"type":"Polygon","coordinates":[[[76.3087,10.149],[76.1089,10.2735],[76.1117,10.5162],[76.3147,10.635],[76.5152,10.5107],[76.512,10.2674],[76.3087,10.149]]]}},{"type":"Feature","properties":{"id":"nh_access:h3:8460315ffffffff","field":"national_highways","kind":"nh_access","source":"osm+worldpop","confidence":0.9,"population":1966710.0,"nh_distance_km":5.04,"pipeline_access_gain_km":0.0,"share_within_10km":0.844},"geometry":{"type":"Polygon","coordinates":[[[76.9206,10.5048],[76.7193,10.6296],[76.7227,10.8732],[76.9277,10.9925],[77.1296,10.8678],[77.1259,10.6236],[76.9206,10.5048]]]}},{"type":"Feature","properties":{"id":"nh_access:h3:8460317ffffffff","field":"national_highways","kind":"nh_access","source":"osm+worldpop","confidence":0.9,"population":1486532.0,"nh_distance_km":7.17,"pipeline_access_gain_km":0.11,"share_within_10km":0.713},"geometry":{"type":"Polygon","coordinates":[[[76.5152,10.5107],[76.3147,10.635],[76.3177,10.878],[76.5216,10.9973],[76.7227,10.8732],[76.7193,10.6296],[76.5152,10.5107]]]}},{"type":"Feature","properties":{"id":"nh_access:h3:8460319ffffffff","field":"national_highways","kind":"nh_access","source":"osm+worldpop","confidence":0.9,"population":412229.0,"nh_distance_km":7.25,"pipeline_access_gain_km":0.0,"share_within_10km":0.685},"geometry":{"type":"Polygon","coordinates":[[[76.9101,9.7732],[76.7093,9.8989],[76.7126,10.1424],[76.9171,10.2609],[77.1185,10.1353],[77.1148,9.8912],[76.9101,9.7732]]]}},{"type":"Feature","properties":{"id":"nh_access:h3:846031bffffffff","field":"national_highways","kind":"nh_access","source":"osm+worldpop","confidence":0.9,"population":2086846.0,"nh_distance_km":4.87,"pipeline_access_gain_km":0.0,"share_within_10km":0.827},"geometry":{"type":"Polygon","coordinates":[[[76.5057,9.7809],[76.3057,9.906],[76.3087,10.149],[76.512,10.2674],[76.7126,10.1424],[76.7093,9.8989],[76.5057,9.7809]]]}},{"type":"Feature","properties":{"id":"nh_access:h3:846031dffffffff","field":"national_highways","kind":"nh_access","source":"osm+worldpop","confidence":0.9,"population":342466.0,"nh_distance_km":15.44,"pipeline_access_gain_km":0.0,"share_within_10km":0.311},"geometry":{"type":"Polygon","coordinates":[[[77.1185,10.1353],[76.9171,10.2609],[76.9206,10.5048],[77.1259,10.6236],[77.3279,10.4982],[77.3241,10.2538],[77.1185,10.1353]]]}},{"type":"Feature","properties":{"id":"nh_access:h3:8460321ffffffff","field":"national_highways","kind":"nh_access","source":"osm+worldpop","confidence":0.9,"population":1239630.0,"nh_distance_km":4.76,"pipeline_access_gain_km":0.0,"share_within_10km":0.859},"geometry":{"type":"Polygon","coordinates":[[[77.9622,11.5912],[77.7583,11.7162],[77.7625,11.9611],[77.9711,12.0816],[78.1757,11.9568],[78.1711,11.7113],[77.9622,11.5912]]]}},{"type":"Feature","properties":{"id":"nh_access:h3:8460323ffffffff","field":"national_highways","kind":"nh_access","source":"osm+worldpop","confidence":0.9,"population":230393.0,"nh_distance_km":19.24,"pipeline_access_gain_km":0.0,"share_within_10km":0.198},"geometry":{"type":"Polygon","coordinates":[[[77.5505,11.5961],[77.3473,11.7205],[77.3512,11.9648],[77.5586,12.0854],[77.7625,11.9611],[77.7583,11.7162],[77.5505,11.5961]]]}},{"type":"Feature","properties":{"id":"nh_access:h3:8460325ffffffff","field":"national_highways","kind":"nh_access","source":"osm+worldpop","confidence":0.9,"population":1073145.0,"nh_distance_km":6.23,"pipeline_access_gain_km":0.0,"share_within_10km":0.743},"geometry":{"type":"Polygon","coordinates":[[[78.1757,11.9568],[77.9711,12.0816],[77.9755,12.3268],[78.1849,12.4477],[78.3901,12.323],[78.3853,12.0773],[78.1757,11.9568]]]}},{"type":"Feature","properties":{"id":"nh_access:h3:8460327ffffffff","field":"national_highways","kind":"nh_access","source":"osm+worldpop","confidence":0.9,"population":253313.0,"nh_distance_km":23.67,"pipeline_access_gain_km":0.0,"share_within_10km":0.004},"geometry":{"type":"Polygon","coordinates":[[[77.7625,11.9611],[77.5586,12.0854],[77.5627,12.33],[77.771,12.4509],[77.9755,12.3268],[77.9711,12.0816],[77.7625,11.9611]]]}},{"type":"Feature","properties":{"id":"nh_access:h3:8460329ffffffff","field":"national_highways","kind":"nh_access","source":"osm+worldpop","confidence":0.9,"population":2091774.0,"nh_distance_km":4.07,"pipeline_access_gain_km":0.05,"share_within_10km":0.88},"geometry":{"type":"Polygon","coordinates":[[[78.1619,11.2202],[77.9578,11.3459],[77.9622,11.5912],[78.1711,11.7113],[78.3758,11.5858],[78.3711,11.3399],[78.1619,11.2202]]]}},{"type":"Feature","properties":{"id":"nh_access:h3:846032bffffffff","field":"national_highways","kind":"nh_access","source":"osm+worldpop","confidence":0.9,"population":1760215.0,"nh_distance_km":4.51,"pipeline_access_gain_km":0.0,"share_within_10km":0.852},"geometry":{"type":"Polygon","coordinates":[[[77.7498,11.2262],[77.5465,11.3513],[77.5505,11.5961],[77.7583,11.7162],[77.9622,11.5912],[77.9578,11.3459],[77.7498,11.2262]]]}},{"type":"Feature","properties":{"id":"nh_access:h3:846032dffffffff","field":"national_highways","kind":"nh_access","source":"osm+worldpop","confidence":0.9,"population":621046.0,"nh_distance_km":5.64,"pipeline_access_gain_km":0.14,"share_within_10km":0.792},"geometry":{"type":"Polygon","coordinates":[[[78.3758,11.5858],[78.1711,11.7113],[78.1757,11.9568],[78.3853,12.0773],[78.5907,11.9519],[78.5858,11.7058],[78.3758,11.5858]]]}},{"type":"Feature","properties":{"id":"nh_access:h3:8460331ffffffff","field":"national_highways","kind":"nh_access","source":"osm+worldpop","confidence":0.9,"population":476158.0,"nh_distance_km":6.53,"pipeline_access_gain_km":0.0,"share_within_10km":0.784},"geometry":{"type":"Polygon","coordinates":[[[76.9312,11.2364],[76.7294,11.3604],[76.7328,11.6039],[76.9383,11.7241],[77.1407,11.6003],[77.137,11.3562],[76.9312,11.2364]]]}},{"type":"Feature","properties":{"id":"nh_access:h3:8460333ffffffff","field":"national_highways","kind":"nh_access","source":"osm+worldpop","confidence":0.9,"population":420596.0,"nh_distance_km":7.05,"pipeline_access_gain_km":0.0,"share_within_10km":0.716},"geometry":{"type":"Polygon","coordinates":[[[76.5248,11.2406],[76.3238,11.364],[76.3268,11.607],[76.5312,11.7272],[76.7328,11.6039],[76.7294,11.3604],[76.5248,11.2406]]]}},{"type":"Feature","properties":{"id":"nh_access:h3:8460335ffffffff","field":"national_highways","kind":"nh_access","source":"osm+worldpop","confidence":0.9,"population":253994.0,"nh_distance_km":7.31,"pipeline_access_gain_km":0.0,"share_within_10km":0.73},"geometry":{"type":"Polygon","coordinates":[[[77.1407,11.6003],[76.9383,11.7241],[76.9418,11.9679],[77.1481,12.0885],[77.3512,11.9648],[77.3473,11.7205],[77.1407,11.6003]]]}},{"type":"Feature","properties":{"id":"nh_access:h3:8460337ffffffff","field":"national_highways","kind":"nh_access","source":"osm+worldpop","confidence":0.9,"population":501935.0,"nh_distance_km":5.47,"pipeline_access_gain_km":0.0,"share_within_10km":0.798},"geometry":{"type":"Polygon","coordinates":[[[76.7328,11.6039],[76.5312,11.7272],[76.5344,11.9704],[76.7396,12.091],[76.9418,11.9679],[76.9383,11.7241],[76.7328,11.6039]]]}},{"type":"Feature","properties":{"id":"nh_access:h3:8460339ffffffff","field":"national_highways","kind":"nh_access","source":"osm+worldpop","confidence":0.9,"population":2340218.0,"nh_distance_km":2.19,"pipeline_access_gain_km":0.0,"share_within_10km":0.994},"geometry":{"type":"Polygon","coordinates":[[[77.1296,10.8678],[76.9277,10.9925],[76.9312,11.2364],[77.137,11.3562],[77.3395,11.2316],[77.3357,10.9872],[77.1296,10.8678]]]}},{"type":"Feature","properties":{"id":"nh_access:h3:846033bffffffff","field":"national_highways","kind":"nh_access","source":"osm+worldpop","confidence":0.9,"population":777083.0,"nh_distance_km":11.64,"pipeline_access_gain_km":0.37,"share_within_10km":0.413},"geometry":{"type":"Polygon","coordinates":[[[76.7227,10.8732],[76.5216,10.9973],[76.5248,11.2406],[76.7294,11.3604],[76.9312,11.2364],[76.9277,10.9925],[76.7227,10.8732]]]}},{"type":"Feature","properties":{"id":"nh_access:h3:846033dffffffff","field":"national_highways","kind":"nh_access","source":"osm+worldpop","confidence":0.9,"population":731838.0,"nh_distance_km":12.03,"pipeline_access_gain_km":0.0,"share_within_10km":0.379},"geometry":{"type":"Polygon","coordinates":[[[77.3395,11.2316],[77.137,11.3562],[77.1407,11.6003],[77.3473,11.7205],[77.5505,11.5961],[77.5465,11.3513],[77.3395,11.2316]]]}},{"type":"Feature","properties":{"id":"nh_access:h3:8460341ffffffff","field":"national_highways","kind":"nh_access","source":"osm+worldpop","confidence":0.9,"population":675940.0,"nh_distance_km":3.47,"pipeline_access_gain_km":0.01,"share_within_10km":0.964},"geometry":{"type":"Polygon","coordinates":[[[78.5466,9.737],[78.3428,9.8649],[78.3475,10.1107],[78.5564,10.2292],[78.7608,10.1014],[78.7558,9.8551],[78.5466,9.737]]]}},{"type":"Feature","properties":{"id":"nh_access:h3:8460343ffffffff","field":"national_highways","kind":"nh_access","source":"osm+worldpop","confidence":0.9,"population":2676878.0,"nh_distance_km":1.93,"pipeline_access_gain_km":0.27,"share_within_10km":0.999},"geometry":{"type":"Polygon","coordinates":[[[78.1347,9.7469],[77.9316,9.8742],[77.936,10.1195],[78.1438,10.2379],[78.3475,10.1107],[78.3428,9.8649],[78.1347,9.7469]]]}},{"type":"Feature","properties":{"id":"nh_access:h3:8460345ffffffff","field":"national_highways","kind":"nh_access","source":"osm+worldpop","confidence":0.9,"population":777594.0,"nh_distance_km":6.57,"pipeline_access_gain_km":0.0,"share_within_10km":0.732},"geometry":{"type":"Polygon","coordinates":[[[78.7608,10.1014],[78.5564,10.2292],[78.5612,10.4753],[78.7709,10.5942],[78.976,10.4665],[78.9708,10.2199],[78.7608,10.1014]]]}},{"type":"Feature","properties":{"id":"nh_access:h3:8460347ffffffff","field":"national_highways","kind":"nh_access","source":"osm+worldpop","confidence":0.9,"population":687907.0,"nh_distance_km":4.18,"pipeline_access_gain_km":0.0,"share_within_10km":0.91},"geometry":{"type":"Polygon","coordinates":[[[78.3475,10.1107],[78.1438,10.2379],[78.1483,10.4835],[78.3569,10.6024],[78.5612,10.4753],[78.5564,10.2292],[78.3475,10.1107]]]}},{"type":"Feature","properties":{"id":"nh_access:h3:8460349ffffffff","field":"national_highways","kind":"nh_access","source":"osm+worldpop","confidence":0.9,"population":609728.0,"nh_distance_km":6.05,"pipeline_access_gain_km":0.0,"share_within_10km":0.76},"geometry":{"type":"Polygon","coordinates":[[[78.7457,9.3625],[78.5418,9.491],[78.5466,9.737],[78.7558,9.8551],[78.9603,9.7266],[78.9551,9.4801],[78.7457,9.3625]]]}},{"type":"Feature","properties":{"id":"nh_access:h3:846034bffffffff","field":"national_highways","kind":"nh_access","source":"osm+worldpop","confidence":0.9,"population":505284.0,"nh_distance_km":8.2,"pipeline_access_gain_km":0.05,"share_within_10km":0.653},"geometry":{"type":"Polygon","coordinates":[[[78.3334,9.3734],[78.1302,9.5014],[78.1347,9.7469],[78.3428,9.8649],[78.5466,9.737],[78.5418,9.491],[78.3334,9.3734]]]}},{"type":"Feature","properties":{"id":"nh_access:h3:846034dffffffff","field":"national_highways","kind":"nh_access","source":"osm+worldpop","confidence":0.9,"population":620158.0,"nh_distance_km":9.62,"pipeline_access_gain_km":0.0,"share_within_10km":0.572},"geometry":{"type":"Polygon","coordinates":[[[78.9603,9.7266],[78.7558,9.8551],[78.7608,10.1014],[78.9708,10.2199],[79.176,10.0916],[79.1706,9.8447],[78.9603,9.7266]]]}},{"type":"Feature","properties":{"id":"nh_access:h3:8460351ffffffff","field":"national_highways","kind":"nh_access","source":"osm+worldpop","confidence":0.9,"population":645337.0,"nh_distance_km":6.97,"pipeline_access_gain_km":0.0,"share_within_10km":0.692},"geometry":{"type":"Polygon","coordinates":[[[77.5143,9.3936],[77.3126,9.5205],[77.3164,9.7649],[77.5223,9.8829],[77.7246,9.7562],[77.7204,9.5112],[77.5143,9.3936]]]}},{"type":"Feature","properties":{"id":"nh_access:h3:8460353ffffffff","field":"national_highways","kind":"nh_access","source":"osm+worldpop","confidence":0.9,"population":571900.0,"nh_distance_km":3.87,"pipeline_access_gain_km":0.0,"share_within_10km":0.931},"geometry":{"type":"Polygon","coordinates":[[[77.1075,9.403],[76.9066,9.5294],[76.9101,9.7732],[77.1148,9.8912],[77.3164,9.7649],[77.3126,9.5205],[77.1075,9.403]]]}},{"type":"Feature","properties":{"id":"nh_access:h3:8460355ffffffff","field":"national_highways","kind":"nh_access","source":"osm+worldpop","confidence":0.9,"population":865253.0,"nh_distance_km":5.1,"pipeline_access_gain_km":0.0,"share_within_10km":0.862},"geometry":{"type":"Polygon","coordinates":[[[77.7246,9.7562],[77.5223,9.8829],[77.5263,10.1277],[77.733,10.2461],[77.936,10.1195],[77.9316,9.8742],[77.7246,9.7562]]]}},{"type":"Feature","properties":{"id":"nh_access:h3:8460357ffffffff","field":"national_highways","kind":"nh_access","source":"osm+worldpop","confidence":0.9,"population":795663.0,"nh_distance_km":4.01,"pipeline_access_gain_km":0.0,"share_within_10km":0.91},"geometry":{"type":"Polygon","coordinates":[[[77.3164,9.7649],[77.1148,9.8912],[77.1185,10.1353],[77.3241,10.2538],[77.5263,10.1277],[77.5223,9.8829],[77.3164,9.7649]]]}},{"type":"Feature","properties":{"id":"nh_access:h3:8460359ffffffff","field":"national_highways","kind":"nh_access","source":"osm+worldpop","confidence":0.9,"population":993649.0,"nh_distance_km":10.55,"pipeline_access_gain_km":0.0,"share_within_10km":0.445},"geometry":{"type":"Polygon","coordinates":[[[77.7121,9.0215],[77.5103,9.149],[77.5143,9.3936],[77.7204,9.5112],[77.9229,9.3838],[77.9186,9.1386],[77.7121,9.0215]]]}},{"type":"Feature","properties":{"id":"nh_access:h3:846035bffffffff","field":"national_highways","kind":"nh_access","source":"osm+worldpop","confidence":0.9,"population":499055.0,"nh_distance_km":3.94,"pipeline_access_gain_km":0.0,"share_within_10km":0.906},"geometry":{"type":"Polygon","coordinates":[[[77.3049,9.0319],[77.1038,9.159],[77.1075,9.403],[77.3126,9.5205],[77.5143,9.3936],[77.5103,9.149],[77.3049,9.0319]]]}},{"type":"Feature","properties":{"id":"nh_access:h3:846035dffffffff","field":"national_highways","kind":"nh_access","source":"osm+worldpop","confidence":0.9,"population":947700.0,"nh_distance_km":4.22,"pipeline_access_gain_km":0.05,"share_within_10km":0.887},"geometry":{"type":"Polygon","coordinates":[[[77.9229,9.3838],[77.7204,9.5112],[77.7246,9.7562],[77.9316,9.8742],[78.1347,9.7469],[78.1302,9.5014],[77.9229,9.3838]]]}},{"type":"Feature","properties":{"id":"nh_access:h3:8460361ffffffff","field":"national_highways","kind":"nh_access","source":"osm+worldpop","confidence":0.9,"population":846281.0,"nh_distance_km":7.13,"pipeline_access_gain_km":0.0,"share_within_10km":0.733},"geometry":{"type":"Polygon","coordinates":[[[78.776,10.8406],[78.571,10.9676],[78.5759,11.2137],[78.7862,11.3333],[78.9918,11.2065],[78.9865,10.9598],[78.776,10.8406]]]}},{"type":"Feature","properties":{"id":"nh_access:h3:8460363ffffffff","field":"national_highways","kind":"nh_access","source":"osm+worldpop","confidence":0.9,"population":803583.0,"nh_distance_km":8.64,"pipeline_access_gain_km":0.0,"share_within_10km":0.681},"geometry":{"type":"Polygon","coordinates":[[[78.3616,10.8483],[78.1574,10.9747],[78.1619,11.2202],[78.3711,11.3399],[78.5759,11.2137],[78.571,10.9676],[78.3616,10.8483]]]}},{"type":"Feature","properties":{"id":"nh_access:h3:8460365ffffffff","field":"national_highways","kind":"nh_access","source":"osm+worldpop","confidence":0.9,"population":673864.0,"nh_distance_km":5.13,"pipeline_access_gain_km":0.0,"share_within_10km":0.871},"geometry":{"type":"Polygon","coordinates":[[[78.9918,11.2065],[78.7862,11.3333],[78.7913,11.5797],[79.0023,11.6997],[79.2085,11.573],[79.203,11.3261],[78.9918,11.2065]]]}},{"type":"Feature","properties":{"id":"nh_access:h3:8460367ffffffff","field":"national_highways","kind":"nh_access","source":"osm+worldpop","confidence":0.9,"population":659582.0,"nh_distance_km":10.16,"pipeline_access_gain_km":0.0,"share_within_10km":0.603},"geometry":{"type":"Polygon","coordinates":[[[78.5759,11.2137],[78.3711,11.3399],[78.3758,11.5858],[78.5858,11.7058],[78.7913,11.5797],[78.7862,11.3333],[78.5759,11.2137]]]}},{"type":"Feature","properties":{"id":"nh_access:h3:8460369ffffffff","field":"national_highways","kind":"nh_access","source":"osm+worldpop","confidence":0.9,"population":1136417.0,"nh_distance_km":3.82,"pipeline_access_gain_km":0.0,"share_within_10km":0.924},"geometry":{"type":"Polygon","coordinates":[[[78.976,10.4665],[78.7709,10.5942],[78.776,10.8406],[78.9865,10.9598],[79.1922,10.8323],[79.1868,10.5854],[78.976,10.4665]]]}},{"type":"Feature","properties":{"id":"nh_access:h3:846036bffffffff","field":"national_highways","kind":"nh_access","source":"osm+worldpop","confidence":0.9,"population":1780466.0,"nh_distance_km":2.36,"pipeline_access_gain_km":0.0,"share_within_10km":0.956},"geometry":{"type":"Polygon","coordinates":[[[78.5612,10.4753],[78.3569,10.6024],[78.3616,10.8483],[78.571,10.9676],[78.776,10.8406],[78.7709,10.5942],[78.5612,10.4753]]]}},{"type":"Feature","properties":{"id":"nh_access:h3:846036dffffffff","field":"national_highways","kind":"nh_access","source":"osm+worldpop","confidence":0.9,"population":1015789.0,"nh_distance_km":3.23,"pipeline_access_gain_km":0.0,"share_within_10km":0.952},"geometry":{"type":"Polygon","coordinates":[[[79.1922,10.8323],[78.9865,10.9598],[78.9918,11.2065],[79.203,11.3261],[79.4093,11.1987],[79.4037,10.9515],[79.1922,10.8323]]]}},{"type":"Feature","properties":{"id":"nh_access:h3:8460801ffffffff","field":"national_highways","kind":"nh_access","source":"osm+worldpop","confidence":0.9,"population":871973.0,"nh_distance_km":3.7,"pipeline_access_gain_km":0.0,"share_within_10km":0.897},"geometry":{"type":"Polygon","coordinates":[[[76.4107,18.1274],[76.2054,18.2402],[76.2084,18.4787],[76.4171,18.6049],[76.6231,18.4924],[76.6198,18.2534],[76.4107,18.1274]]]}},{"type":"Feature","properties":{"id":"nh_access:h3:8460803ffffffff","field":"national_highways","kind":"nh_access","source":"osm+worldpop","confidence":0.9,"population":556448.0,"nh_distance_km":3.7,"pipeline_access_gain_km":0.0,"share_within_10km":0.938},"geometry":{"type":"Polygon","coordinates":[[[75.9976,18.1141],[75.7931,18.2262],[75.7958,18.4641],[76.0032,18.5905],[76.2084,18.4787],[76.2054,18.2402],[75.9976,18.1141]]]}},{"type":"Feature","properties":{"id":"nh_access:h3:8460805ffffffff","field":"national_highways","kind":"nh_access","source":"osm+worldpop","confidence":0.9,"population":657750.0,"nh_distance_km":2.09,"pipeline_access_gain_km":0.0,"share_within_10km":1.0},"geometry":{"type":"Polygon","coordinates":[[[76.6231,18.4924],[76.4171,18.6049],[76.4203,18.8433],[76.6299,18.9697],[76.8366,18.8575],[76.833,18.6186],[76.6231,18.4924]]]}},{"type":"Feature","properties":{"id":"nh_access:h3:8460807ffffffff","field":"national_highways","kind":"nh_access","source":"osm+worldpop","confidence":0.9,"population":536164.0,"nh_distance_km":5.32,"pipeline_access_gain_km":0.0,"share_within_10km":0.793},"geometry":{"type":"Polygon","coordinates":[[[76.2084,18.4787],[76.0032,18.5905],[76.0061,18.8282],[76.2144,18.9548],[76.4203,18.8433],[76.4171,18.6049],[76.2084,18.4787]]]}},{"type":"Feature","properties":{"id":"nh_access:h3:8460809ffffffff","field":"national_highways","kind":"nh_access","source":"osm+worldpop","confidence":0.9,"population":534636.0,"nh_distance_km":5.43,"pipeline_access_gain_km":0.0,"share_within_10km":0.838},"geometry":{"type":"Polygon","coordinates":[[[76.6131,17.7746],[76.4076,17.8883],[76.4107,18.1274],[76.6198,18.2534],[76.826,18.14],[76.8224,17.9003],[76.6131,17.7746]]]}},{"type":"Feature","properties":{"id":"nh_access:h3:846080bffffffff","field":"national_highways","kind":"nh_access","source":"osm+worldpop","confidence":0.9,"population":396414.0,"nh_distance_km":5.09,"pipeline_access_gain_km":0.07,"share_within_10km":0.842},"geometry":{"type":"Polygon","coordinates":[[[76.1994,17.7625],[75.9947,17.8755],[75.9976,18.1141],[76.2054,18.2402],[76.4107,18.1274],[76.4076,17.8883],[76.1994,17.7625]]]}},{"type":"Feature","properties":{"id":"nh_access:h3:846080dffffffff","field":"national_highways","kind":"nh_access","source":"osm+worldpop","confidence":0.9,"population":583401.0,"nh_distance_km":4.7,"pipeline_access_gain_km":0.0,"share_within_10km":0.876},"geometry":{"type":"Polygon","coordinates":[[[76.826,18.14],[76.6198,18.2534],[76.6231,18.4924],[76.833,18.6186],[77.0399,18.5054],[77.0362,18.2658],[76.826,18.14]]]}},{"type":"Feature","properties":{"id":"nh_access:h3:8460811ffffffff","field":"national_highways","kind":"nh_access","source":"osm+worldpop","confidence":0.9,"population":435120.0,"nh_distance_km":3.63,"pipeline_access_gain_km":0.0,"share_within_10km":0.931},"geometry":{"type":"Polygon","coordinates":[[[75.3783,17.7359],[75.1754,17.8476],[75.1775,18.085],[75.3829,18.2113],[75.5865,18.0999],[75.584,17.862],[75.3783,17.7359]]]}},{"type":"Feature","properties":{"id":"nh_access:h3:8460813ffffffff","field":"national_highways","kind":"nh_access","source":"osm+worldpop","confidence":0.9,"population":655403.0,"nh_distance_km":2.61,"pipeline_access_gain_km":0.0,"share_within_10km":0.985},"geometry":{"type":"Polygon","coordinates":[[[74.9709,17.7215],[74.7689,17.8325],[74.7707,18.0693],[74.9748,18.1957],[75.1775,18.085],[75.1754,17.8476],[74.9709,17.7215]]]}},{"type":"Feature","properties":{"id":"nh_access:h3:8460815ffffffff","field":"national_highways","kind":"nh_access","source":"osm+worldpop","confidence":0.9,"population":375168.0,"nh_distance_km":9.86,"pipeline_access_gain_km":3.82,"share_within_10km":0.526},"geometry":{"type":"Polygon","coordinates":[[[75.5865,18.0999],[75.3829,18.2113],[75.3852,18.4486],[75.5915,18.5752],[75.7958,18.4641],[75.7931,18.2262],[75.5865,18.0999]]]}},{"type":"Feature","properties":{"id":"nh_access:h3:8460817ffffffff","field":"national_highways","kind":"nh_access","source":"osm+worldpop","confidence":0.9,"population":316370.0,"nh_distance_km":7.05,"pipeline_access_gain_km":0.26,"share_within_10km":0.718},"geometry":{"type":"Polygon","coordinates":[[[75.1775,18.085],[74.9748,18.1957],[74.9768,18.4324],[75.1818,18.559],[75.3852,18.4486],[75.3829,18.2113],[75.1775,18.085]]]}},{"type":"Feature","properties":{"id":"nh_access:h3:8460819ffffffff","field":"national_highways","kind":"nh_access","source":"osm+worldpop","confidence":0.9,"population":412325.0,"nh_distance_km":3.47,"pipeline_access_gain_km":0.0,"share_within_10km":0.96},"geometry":{"type":"Polygon","coordinates":[[[75.5791,17.3852],[75.376,17.4979],[75.3783,17.7359],[75.584,17.862],[75.7878,17.7496],[75.7851,17.511],[75.5791,17.3852]]]}},{"type":"Feature","properties":{"id":"nh_access:h3:846081bffffffff","field":"national_highways","kind":"nh_access","source":"osm+worldpop","confidence":0.9,"population":556464.0,"nh_distance_km":2.68,"pipeline_access_gain_km":0.0,"share_within_10km":0.971},"geometry":{"type":"Polygon","coordinates":[[[75.1711,17.3721],[74.9689,17.484],[74.9709,17.7215],[75.1754,17.8476],[75.3783,17.7359],[75.376,17.4979],[75.1711,17.3721]]]}},{"type":"Feature","properties":{"id":"nh_access:h3:846081dffffffff","field":"national_highways","kind":"nh_access","source":"osm+worldpop","confidence":0.9,"population":389949.0,"nh_distance_km":11.61,"pipeline_access_gain_km":4.65,"share_within_10km":0.402},"geometry":{"type":"Polygon","coordinates":[[[75.7878,17.7496],[75.584,17.862],[75.5865,18.0999],[75.7931,18.2262],[75.9976,18.1141],[75.9947,17.8755],[75.7878,17.7496]]]}},{"type":"Feature","properties":{"id":"nh_access:h3:8460821ffffffff","field":"national_highways","kind":"nh_access","source":"osm+worldpop","confidence":0.9,"population":573928.0,"nh_distance_km":3.43,"pipeline_access_gain_km":0.3,"share_within_10km":0.959},"geometry":{"type":"Polygon","coordinates":[[[76.6332,19.2079],[76.4267,19.3191],[76.4299,19.5566],[76.64,19.6834],[76.8472,19.5724],[76.8437,19.3344],[76.6332,19.2079]]]}},{"type":"Feature","properties":{"id":"nh_access:h3:8460823ffffffff","field":"national_highways","kind":"nh_access","source":"osm+worldpop","confidence":0.9,"population":386365.0,"nh_distance_km":6.08,"pipeline_access_gain_km":0.76,"share_within_10km":0.823},"geometry":{"type":"Polygon","coordinates":[[[76.2175,19.1924],[76.0118,19.3029],[76.0146,19.5399],[76.2235,19.6668],[76.4299,19.5566],[76.4267,19.3191],[76.2175,19.1924]]]}},{"type":"Feature","properties":{"id":"nh_access:h3:8460825ffffffff","field":"national_highways","kind":"nh_access","source":"osm+worldpop","confidence":0.9,"population":417182.0,"nh_distance_km":6.1,"pipeline_access_gain_km":0.0,"share_within_10km":0.796},"geometry":{"type":"Polygon","coordinates":[[[76.8472,19.5724],[76.64,19.6834],[76.6434,19.9206],[76.8544,20.0475],[77.0623,19.9369],[77.0586,19.699],[76.8472,19.5724]]]}},{"type":"Feature","properties":{"id":"nh_access:h3:8460827ffffffff","field":"national_highways","kind":"nh_access","source":"osm+worldpop","confidence":0.9,"population":427781.0,"nh_distance_km":5.45,"pipeline_access_gain_km":0.0,"share_within_10km":0.817},"geometry":{"type":"Polygon","coordinates":[[[76.4299,19.5566],[76.2235,19.6668],[76.2265,19.9035],[76.4363,20.0306],[76.6434,19.9206],[76.64,19.6834],[76.4299,19.5566]]]}},{"type":"Feature","properties":{"id":"nh_access:h3:8460829ffffffff","field":"national_highways","kind":"nh_access","source":"osm+worldpop","confidence":0.9,"population":785218.0,"nh_distance_km":2.65,"pipeline_access_gain_km":0.17,"share_within_10km":0.996},"geometry":{"type":"Polygon","coordinates":[[[76.8366,18.8575],[76.6299,18.9697],[76.6332,19.2079],[76.8437,19.3344],[77.0511,19.2224],[77.0473,18.9837],[76.8366,18.8575]]]}},{"type":"Feature","properties":{"id":"nh_access:h3:846082bffffffff","field":"national_highways","kind":"nh_access","source":"osm+worldpop","confidence":0.9,"population":507643.0,"nh_distance_km":4.83,"pipeline_access_gain_km":0.0,"share_within_10km":0.852},"geometry":{"type":"Polygon","coordinates":[[[76.4203,18.8433],[76.2144,18.9548],[76.2175,19.1924],[76.4267,19.3191],[76.6332,19.2079],[76.6299,18.9697],[76.4203,18.8433]]]}},{"type":"Feature","properties":{"id":"nh_access:h3:846082dffffffff","field":"national_highways","kind":"nh_access","source":"osm+worldpop","confidence":0.9,"population":530397.0,"nh_distance_km":6.92,"pipeline_access_gain_km":0.1,"share_within_10km":0.717},"geometry":{"type":"Polygon","coordinates":[[[77.0511,19.2224],[76.8437,19.3344],[76.8472,19.5724],[77.0586,19.699],[77.2666,19.5874],[77.2627,19.3488],[77.0511,19.2224]]]}},{"type":"Feature","properties":{"id":"nh_access:h3:8460831ffffffff","field":"national_highways","kind":"nh_access","source":"osm+worldpop","confidence":0.9,"population":548622.0,"nh_distance_km":2.25,"pipeline_access_gain_km":0.0,"share_within_10km":0.993},"geometry":{"type":"Polygon","coordinates":[[[75.594,18.8124],[75.3899,18.9225],[75.3922,19.159],[75.599,19.2859],[75.8038,19.1761],[75.8011,18.939],[75.594,18.8124]]]}},{"type":"Feature","properties":{"id":"nh_access:h3:8460833ffffffff","field":"national_highways","kind":"nh_access","source":"osm+worldpop","confidence":0.9,"population":395860.0,"nh_distance_km":6.1,"pipeline_access_gain_km":0.01,"share_within_10km":0.753},"geometry":{"type":"Polygon","coordinates":[[[75.184,18.7957],[74.9808,18.9051],[74.9828,19.141],[75.1883,19.2681],[75.3922,19.159],[75.3899,18.9225],[75.184,18.7957]]]}},{"type":"Feature","properties":{"id":"nh_access:h3:8460835ffffffff","field":"national_highways","kind":"nh_access","source":"osm+worldpop","confidence":0.9,"population":473921.0,"nh_distance_km":7.89,"pipeline_access_gain_km":0.0,"share_within_10km":0.659},"geometry":{"type":"Polygon","coordinates":[[[75.8038,19.1761],[75.599,19.2859],[75.6015,19.5223],[75.8091,19.6494],[76.0146,19.5399],[76.0118,19.3029],[75.8038,19.1761]]]}},{"type":"Feature","properties":{"id":"nh_access:h3:8460837ffffffff","field":"national_highways","kind":"nh_access","source":"osm+worldpop","confidence":0.9,"population":453619.0,"nh_distance_km":6.74,"pipeline_access_gain_km":0.0,"share_within_10km":0.709},"geometry":{"type":"Polygon","coordinates":[[[75.3922,19.159],[75.1883,19.2681],[75.1904,19.5039],[75.3969,19.6311],[75.6015,19.5223],[75.599,19.2859],[75.3922,19.159]]]}},{"type":"Feature","properties":{"id":"nh_access:h3:8460839ffffffff","field":"national_highways","kind":"nh_access","source":"osm+worldpop","confidence":0.9,"population":375893.0,"nh_distance_km":4.62,"pipeline_access_gain_km":0.0,"share_within_10km":0.914},"geometry":{"type":"Polygon","coordinates":[[[75.7958,18.4641],[75.5915,18.5752],[75.594,18.8124],[75.8011,18.939],[76.0061,18.8282],[76.0032,18.5905],[75.7958,18.4641]]]}},{"type":"Feature","properties":{"id":"nh_access:h3:846083bffffffff","field":"national_highways","kind":"nh_access","source":"osm+worldpop","confidence":0.9,"population":313652.0,"nh_distance_km":5.13,"pipeline_access_gain_km":1.75,"share_within_10km":0.824},"geometry":{"type":"Polygon","coordinates":[[[75.3852,18.4486],[75.1818,18.559],[75.184,18.7957],[75.3899,18.9225],[75.594,18.8124],[75.5915,18.5752],[75.3852,18.4486]]]}},{"type":"Feature","properties":{"id":"nh_access:h3:846083dffffffff","field":"national_highways","kind":"nh_access","source":"osm+worldpop","confidence":0.9,"population":408333.0,"nh_distance_km":3.59,"pipeline_access_gain_km":0.0,"share_within_10km":0.951},"geometry":{"type":"Polygon","coordinates":[[[76.0061,18.8282],[75.8011,18.939],[75.8038,19.1761],[76.0118,19.3029],[76.2175,19.1924],[76.2144,18.9548],[76.0061,18.8282]]]}},{"type":"Feature","properties":{"id":"nh_access:h3:8460841ffffffff","field":"national_highways","kind":"nh_access","source":"osm+worldpop","confidence":0.9,"population":516873.0,"nh_distance_km":4.63,"pipeline_access_gain_km":0.0,"share_within_10km":0.866},"geometry":{"type":"Polygon","coordinates":[[[77.2316,17.4301],[77.0251,17.5455],[77.0288,17.7858],[77.2393,17.9114],[77.4465,17.7963],[77.4425,17.5554],[77.2316,17.4301]]]}},{"type":"Feature","properties":{"id":"nh_access:h3:8460843ffffffff","field":"national_highways","kind":"nh_access","source":"osm+worldpop","confidence":0.9,"population":450423.0,"nh_distance_km":9.31,"pipeline_access_gain_km":0.0,"share_within_10km":0.578},"geometry":{"type":"Polygon","coordinates":[[[76.8154,17.4201],[76.6097,17.5348],[76.6131,17.7746],[76.8224,17.9003],[77.0288,17.7858],[77.0251,17.5455],[76.8154,17.4201]]]}},{"type":"Feature","properties":{"id":"nh_access:h3:8460845ffffffff","field":"national_highways","kind":"nh_access","source":"osm+worldpop","confidence":0.9,"population":664288.0,"nh_distance_km":3.95,"pipeline_access_gain_km":0.0,"share_within_10km":0.917},"geometry":{"type":"Polygon","coordinates":[[[77.4465,17.7963],[77.2393,17.9114],[77.2432,18.1516],[77.4546,18.2773],[77.6625,18.1625],[77.6582,17.9217],[77.4465,17.7963]]]}},{"type":"Feature","properties":{"id":"nh_access:h3:8460847ffffffff","field":"national_highways","kind":"nh_access","source":"osm+worldpop","confidence":0.9,"population":535127.0,"nh_distance_km":6.09,"pipeline_access_gain_km":0.0,"share_within_10km":0.817},"geometry":{"type":"Polygon","coordinates":[[[77.0288,17.7858],[76.8224,17.9003],[76.826,18.14],[77.0362,18.2658],[77.2432,18.1516],[77.2393,17.9114],[77.0288,17.7858]]]}},{"type":"Feature","properties":{"id":"nh_access:h3:8460849ffffffff","field":"national_highways","kind":"nh_access","source":"osm+worldpop","confidence":0.9,"population":574338.0,"nh_distance_km":8.62,"pipeline_access_gain_km":0.17,"share_within_10km":0.662},"geometry":{"type":"Polygon","coordinates":[[[77.4344,17.0729],[77.2277,17.1892],[77.2316,17.4301],[77.4425,17.5554],[77.6498,17.4393],[77.6456,17.1978],[77.4344,17.0729]]]}},{"type":"Feature","properties":{"id":"nh_access:h3:846084bffffffff","field":"national_highways","kind":"nh_access","source":"osm+worldpop","confidence":0.9,"population":816982.0,"nh_distance_km":5.9,"pipeline_access_gain_km":0.0,"share_within_10km":0.786},"geometry":{"type":"Polygon","coordinates":[[[77.0177,17.0641],[76.8119,17.1797],[76.8154,17.4201],[77.0251,17.5455],[77.2316,17.4301],[77.2277,17.1892],[77.0177,17.0641]]]}},{"type":"Feature","properties":{"id":"nh_access:h3:846084dffffffff","field":"national_highways","kind":"nh_access","source":"osm+worldpop","confidence":0.9,"population":573519.0,"nh_distance_km":6.44,"pipeline_access_gain_km":0.0,"share_within_10km":0.775},"geometry":{"type":"Polygon","coordinates":[[[77.6498,17.4393],[77.4425,17.5554],[77.4465,17.7963],[77.6582,17.9217],[77.8662,17.8059],[77.8618,17.5644],[77.6498,17.4393]]]}},{"type":"Feature","properties":{"id":"nh_access:h3:8460851ffffffff","field":"national_highways","kind":"nh_access","source":"osm+worldpop","confidence":0.9,"population":369307.0,"nh_distance_km":5.26,"pipeline_access_gain_km":0.19,"share_within_10km":0.783},"geometry":{"type":"Polygon","coordinates":[[[76.1904,17.0441],[75.9863,17.1584],[75.9891,17.3976],[76.1964,17.5233],[76.4012,17.4093],[76.3981,17.1694],[76.1904,17.0441]]]}},{"type":"Feature","properties":{"id":"nh_access:h3:8460853ffffffff","field":"national_highways","kind":"nh_access","source":"osm+worldpop","confidence":0.9,"population":384742.0,"nh_distance_km":5.33,"pipeline_access_gain_km":0.0,"share_within_10km":0.857},"geometry":{"type":"Polygon","coordinates":[[[75.7799,17.033],[75.5766,17.1465],[75.5791,17.3852],[75.7851,17.511],[75.9891,17.3976],[75.9863,17.1584],[75.7799,17.033]]]}},{"type":"Feature","properties":{"id":"nh_access:h3:8460855ffffffff","field":"national_highways","kind":"nh_access","source":"osm+worldpop","confidence":0.9,"population":414898.0,"nh_distance_km":6.45,"pipeline_access_gain_km":0.08,"share_within_10km":0.764},"geometry":{"type":"Polygon","coordinates":[[[76.4012,17.4093],[76.1964,17.5233],[76.1994,17.7625],[76.4076,17.8883],[76.6131,17.7746],[76.6097,17.5348],[76.4012,17.4093]]]}},{"type":"Feature","properties":{"id":"nh_access:h3:8460857ffffffff","field":"national_highways","kind":"nh_access","source":"osm+worldpop","confidence":0.9,"population":1345851.0,"nh_distance_km":1.77,"pipeline_access_gain_km":0.28,"share_within_10km":1.0},"geometry":{"type":"Polygon","coordinates":[[[75.9891,17.3976],[75.7851,17.511],[75.7878,17.7496],[75.9947,17.8755],[76.1994,17.7625],[76.1964,17.5233],[75.9891,17.3976]]]}},{"type":"Feature","properties":{"id":"nh_access:h3:8460859ffffffff","field":"national_highways","kind":"nh_access","source":"osm+worldpop","confidence":0.9,"population":371871.0,"nh_distance_km":8.25,"pipeline_access_gain_km":0.0,"share_within_10km":0.696},"geometry":{"type":"Polygon","coordinates":[[[76.3918,16.689],[76.1875,16.8042],[76.1904,17.0441],[76.3981,17.1694],[76.6031,17.0545],[76.5997,16.814],[76.3918,16.689]]]}},{"type":"Feature","properties":{"id":"nh_access:h3:846085bffffffff","field":"national_highways","kind":"nh_access","source":"osm+worldpop","confidence":0.9,"population":354381.0,"nh_distance_km":4.62,"pipeline_access_gain_km":0.0,"share_within_10km":0.885},"geometry":{"type":"Polygon","coordinates":[[[75.9807,16.6791],[75.7772,16.7936],[75.7799,17.033],[75.9863,17.1584],[76.1904,17.0441],[76.1875,16.8042],[75.9807,16.6791]]]}},{"type":"Feature","properties":{"id":"nh_access:h3:846085dffffffff","field":"national_highways","kind":"nh_access","source":"osm+worldpop","confidence":0.9,"population":458008.0,"nh_distance_km":6.91,"pipeline_access_gain_km":0.91,"share_within_10km":0.727},"geometry":{"type":"Polygon","coordinates":[[[76.6031,17.0545],[76.3981,17.1694],[76.4012,17.4093],[76.6097,17.5348],[76.8154,17.4201],[76.8119,17.1797],[76.6031,17.0545]]]}},{"type":"Feature","properties":{"id":"nh_access:h3:8460861ffffffff","field":"national_highways","kind":"nh_access","source":"osm+worldpop","confidence":0.9,"population":458215.0,"nh_distance_km":3.81,"pipeline_access_gain_km":0.0,"share_within_10km":0.966},"geometry":{"type":"Polygon","coordinates":[[[77.4587,18.5174],[77.251,18.6313],[77.2549,18.8708],[77.4669,18.9969],[77.6752,18.8832],[77.671,18.6433],[77.4587,18.5174]]]}},{"type":"Feature","properties":{"id":"nh_access:h3:8460863ffffffff","field":"national_highways","kind":"nh_access","source":"osm+worldpop","confidence":0.9,"population":614574.0,"nh_distance_km":4.23,"pipeline_access_gain_km":0.0,"share_within_10km":0.941},"geometry":{"type":"Polygon","coordinates":[[[77.0399,18.5054],[76.833,18.6186],[76.8366,18.8575],[77.0473,18.9837],[77.2549,18.8708],[77.251,18.6313],[77.0399,18.5054]]]}},{"type":"Feature","properties":{"id":"nh_access:h3:8460865ffffffff","field":"national_highways","kind":"nh_access","source":"osm+worldpop","confidence":0.9,"population":543892.0,"nh_distance_km":6.02,"pipeline_access_gain_km":0.0,"share_within_10km":0.767},"geometry":{"type":"Polygon","coordinates":[[[77.6752,18.8832],[77.4669,18.9969],[77.4709,19.2361],[77.6838,19.3623],[77.8928,19.2489],[77.8884,19.0091],[77.6752,18.8832]]]}},{"type":"Feature","properties":{"id":"nh_access:h3:8460867ffffffff","field":"national_highways","kind":"nh_access","source":"osm+worldpop","confidence":0.9,"population":1372339.0,"nh_distance_km":1.91,"pipeline_access_gain_km":0.09,"share_within_10km":1.0},"geometry":{"type":"Polygon","coordinates":[[[77.2549,18.8708],[77.0473,18.9837],[77.0511,19.2224],[77.2627,19.3488],[77.4709,19.2361],[77.4669,18.9969],[77.2549,18.8708]]]}},{"type":"Feature","properties":{"id":"nh_access:h3:8460869ffffffff","field":"national_highways","kind":"nh_access","source":"osm+worldpop","confidence":0.9,"population":501315.0,"nh_distance_km":4.76,"pipeline_access_gain_km":0.0,"share_within_10km":0.892},"geometry":{"type":"Polygon","coordinates":[[[77.6625,18.1625],[77.4546,18.2773],[77.4587,18.5174],[77.671,18.6433],[77.8795,18.5287],[77.8751,18.288],[77.6625,18.1625]]]}},{"type":"Feature","properties":{"id":"nh_access:h3:846086bffffffff","field":"national_highways","kind":"nh_access","source":"osm+worldpop","confidence":0.9,"population":564419.0,"nh_distance_km":3.33,"pipeline_access_gain_km":0.0,"share_within_10km":0.983},"geometry":{"type":"Polygon","coordinates":[[[77.2432,18.1516],[77.0362,18.2658],[77.0399,18.5054],[77.251,18.6313],[77.4587,18.5174],[77.4546,18.2773],[77.2432,18.1516]]]}},{"type":"Feature","properties":{"id":"nh_access:h3:846086dffffffff","field":"national_highways","kind":"nh_access","source":"osm+worldpop","confidence":0.9,"population":753678.0,"nh_distance_km":6.73,"pipeline_access_gain_km":0.0,"share_within_10km":0.716},"geometry":{"type":"Polygon","coordinates":[[[77.8795,18.5287],[77.671,18.6433],[77.6752,18.8832],[77.8884,19.0091],[78.0976,18.8948],[78.0929,18.6543],[77.8795,18.5287]]]}},{"type":"Feature","properties":{"id":"nh_access:h3:8460881ffffffff","field":"national_highways","kind":"nh_access","source":"osm+worldpop","confidence":0.9,"population":254225.0,"nh_distance_km":6.27,"pipeline_access_gain_km":1.77,"share_within_10km":0.73},"geometry":{"type":"Polygon","coordinates":[[[73.5633,18.0176],[73.3644,18.1256],[73.365,18.3599],[73.565,18.4868],[73.7647,18.3791],[73.7637,18.1442],[73.5633,18.0176]]]}},{"type":"Feature","properties":{"id":"nh_access:h3:8460883ffffffff","field":"national_highways","kind":"nh_access","source":"osm+worldpop","confidence":0.9,"population":389482.0,"nh_distance_km":2.89,"pipeline_access_gain_km":0.02,"share_within_10km":0.998},"geometry":{"type":"Polygon","coordinates":[[[73.1653,17.9989],[72.9673,18.1062],[72.9676,18.3399],[73.1663,18.4669],[73.365,18.3599],[73.3644,18.1256],[73.1653,17.9989]]]}},{"type":"Feature","properties":{"id":"nh_access:h3:8460885ffffffff","field":"national_highways","kind":"nh_access","source":"osm+worldpop","confidence":0.9,"population":7061668.0,"nh_distance_km":1.3,"pipeline_access_gain_km":0.11,"share_within_10km":1.0},"geometry":{"type":"Polygon","coordinates":[[[73.7647,18.3791],[73.565,18.4868],[73.5658,18.721],[73.7666,18.8482],[73.967,18.7408],[73.9659,18.506],[73.7647,18.3791]]]}},{"type":"Feature","properties":{"id":"nh_access:h3:8460887ffffffff","field":"national_highways","kind":"nh_access","source":"osm+worldpop","confidence":0.9,"population":356678.0,"nh_distance_km":2.5,"pipeline_access_gain_km":0.01,"share_within_10km":0.976},"geometry":{"type":"Polygon","coordinates":[[[73.365,18.3599],[73.1663,18.4669],[73.1668,18.7005],[73.3663,18.8277],[73.5658,18.721],[73.565,18.4868],[73.365,18.3599]]]}},{"type":"Feature","properties":{"id":"nh_access:h3:8460889ffffffff","field":"national_highways","kind":"nh_access","source":"osm+worldpop","confidence":0.9,"population":350346.0,"nh_distance_km":12.32,"pipeline_access_gain_km":0.0,"share_within_10km":0.434},"geometry":{"type":"Polygon","coordinates":[[[73.7617,17.6736],[73.5625,17.7826],[73.5633,18.0176],[73.7637,18.1442],[73.9636,18.0355],[73.9625,17.7999],[73.7617,17.6736]]]}},{"type":"Feature","properties":{"id":"nh_access:h3:846088bffffffff","field":"national_highways","kind":"nh_access","source":"osm+worldpop","confidence":0.9,"population":279782.0,"nh_distance_km":5.17,"pipeline_access_gain_km":0.0,"share_within_10km":0.824},"geometry":{"type":"Polygon","coordinates":[[[73.3631,17.6562],[73.1648,17.7645],[73.1653,17.9989],[73.3644,18.1256],[73.5633,18.0176],[73.5625,17.7826],[73.3631,17.6562]]]}},{"type":"Feature","properties":{"id":"nh_access:h3:846088dffffffff","field":"national_highways","kind":"nh_access","source":"osm+worldpop","confidence":0.9,"population":829567.0,"nh_distance_km":2.15,"pipeline_access_gain_km":0.41,"share_within_10km":0.997},"geometry":{"type":"Polygon","coordinates":[[[73.9636,18.0355],[73.7637,18.1442],[73.7647,18.3791],[73.9659,18.506],[74.1665,18.3976],[74.1652,18.1621],[73.9636,18.0355]]]}},{"type":"Feature","properties":{"id":"nh_access:h3:8460895ffffffff","field":"national_highways","kind":"nh_access","source":"osm+worldpop","confidence":0.9,"population":15122.0,"nh_distance_km":4.04,"pipeline_access_gain_km":0.0,"share_within_10km":0.985},"geometry":{"type":"Polygon","coordinates":[[[72.7695,17.9795],[72.5725,18.0861],[72.5725,18.3192],[72.7699,18.4462],[72.9676,18.3399],[72.9673,18.1062],[72.7695,17.9795]]]}},{"type":"Feature","properties":{"id":"nh_access:h3:846089dffffffff","field":"national_highways","kind":"nh_access","source":"osm+worldpop","confidence":0.9,"population":90624.0,"nh_distance_km":14.83,"pipeline_access_gain_km":0.0,"share_within_10km":0.099},"geometry":{"type":"Polygon","coordinates":[[[72.9667,17.6381],[72.7694,17.7458],[72.7695,17.9795],[72.9673,18.1062],[73.1653,17.9989],[73.1648,17.7645],[72.9667,17.6381]]]}},{"type":"Feature","properties":{"id":"nh_access:h3:84608a1ffffffff","field":"national_highways","kind":"nh_access","source":"osm+worldpop","confidence":0.9,"population":376020.0,"nh_distance_km":7.95,"pipeline_access_gain_km":0.0,"share_within_10km":0.653},"geometry":{"type":"Polygon","coordinates":[[[73.7676,19.0823],[73.5674,19.1887],[73.5682,19.4221],[73.7695,19.5497],[73.9704,19.4437],[73.9693,19.2097],[73.7676,19.0823]]]}},{"type":"Feature","properties":{"id":"nh_access:h3:84608a3ffffffff","field":"national_highways","kind":"nh_access","source":"osm+worldpop","confidence":0.9,"population":2456409.0,"nh_distance_km":2.87,"pipeline_access_gain_km":0.04,"share_within_10km":0.994},"geometry":{"type":"Polygon","coordinates":[[[73.367,19.0612],[73.1677,19.1669],[73.1682,19.3997],[73.3683,19.5274],[73.5682,19.4221],[73.5674,19.1887],[73.367,19.0612]]]}},{"type":"Feature","properties":{"id":"nh_access:h3:84608a5ffffffff","field":"national_highways","kind":"nh_access","source":"osm+worldpop","confidence":0.9,"population":502014.0,"nh_distance_km":7.64,"pipeline_access_gain_km":0.0,"share_within_10km":0.669},"geometry":{"type":"Polygon","coordinates":[[[73.9704,19.4437],[73.7695,19.5497],[73.7705,19.783],[73.9727,19.9108],[74.1744,19.8051],[74.1731,19.5713],[73.9704,19.4437]]]}},{"type":"Feature","properties":{"id":"nh_access:h3:84608a7ffffffff","field":"national_highways","kind":"nh_access","source":"osm+worldpop","confidence":0.9,"population":420004.0,"nh_distance_km":3.7,"pipeline_access_gain_km":0.0,"share_within_10km":0.895},"geometry":{"type":"Polygon","coordinates":[[[73.5682,19.4221],[73.3683,19.5274],[73.3689,19.7601],[73.5698,19.888],[73.7705,19.783],[73.7695,19.5497],[73.5682,19.4221]]]}},{"type":"Feature","properties":{"id":"nh_access:h3:84608a9ffffffff","field":"national_highways","kind":"nh_access","source":"osm+worldpop","confidence":0.9,"population":541130.0,"nh_distance_km":6.44,"pipeline_access_gain_km":0.0,"share_within_10km":0.756},"geometry":{"type":"Polygon","coordinates":[[[73.967,18.7408],[73.7666,18.8482],[73.7676,19.0823],[73.9693,19.2097],[74.1704,19.1027],[74.1691,18.8679],[73.967,18.7408]]]}},{"type":"Feature","properties":{"id":"nh_access:h3:84608abffffffff","field":"national_highways","kind":"nh_access","source":"osm+worldpop","confidence":0.9,"population":329465.0,"nh_distance_km":9.35,"pipeline_access_gain_km":0.16,"share_within_10km":0.598},"geometry":{"type":"Polygon","coordinates":[[[73.5658,18.721],[73.3663,18.8277],[73.367,19.0612],[73.5674,19.1887],[73.7676,19.0823],[73.7666,18.8482],[73.5658,18.721]]]}},{"type":"Feature","properties":{"id":"nh_access:h3:84608adffffffff","field":"national_highways","kind":"nh_access","source":"osm+worldpop","confidence":0.9,"population":430053.0,"nh_distance_km":5.34,"pipeline_access_gain_km":0.03,"share_within_10km":0.794},"geometry":{"type":"Polygon","coordinates":[[[74.1704,19.1027],[73.9693,19.2097],[73.9704,19.4437],[74.1731,19.5713],[74.3749,19.4646],[74.3734,19.2299],[74.1704,19.1027]]]}},{"type":"Feature","properties":{"id":"nh_access:h3:84608b1ffffffff","field":"national_highways","kind":"nh_access","source":"osm+worldpop","confidence":0.9,"population":6120511.0,"nh_distance_km":0.89,"pipeline_access_gain_km":0.06,"share_within_10km":0.998},"geometry":{"type":"Polygon","coordinates":[[[72.77,18.6792],[72.5725,18.7845],[72.5725,19.0168],[72.7703,19.1444],[72.9686,19.0394],[72.9683,18.8065],[72.77,18.6792]]]}},{"type":"Feature","properties":{"id":"nh_access:h3:84608b5ffffffff","field":"national_highways","kind":"nh_access","source":"osm+worldpop","confidence":0.9,"population":14842901.0,"nh_distance_km":2.0,"pipeline_access_gain_km":0.42,"share_within_10km":0.997},"geometry":{"type":"Polygon","coordinates":[[[72.9686,19.0394],[72.7703,19.1444],[72.7705,19.3765],[72.9692,19.5043],[73.1682,19.3997],[73.1677,19.1669],[72.9686,19.0394]]]}},{"type":"Feature","properties":{"id":"nh_access:h3:84608b7ffffffff","field":"national_highways","kind":"nh_access","source":"osm+worldpop","confidence":0.9,"population":5326.0,"nh_distance_km":12.3,"pipeline_access_gain_km":11.23,"share_within_10km":0.0},"geometry":{"type":"Polygon","coordinates":[[[72.5725,19.0168],[72.3752,19.1211],[72.3751,19.3526],[72.5725,19.4805],[72.7705,19.3765],[72.7703,19.1444],[72.5725,19.0168]]]}},{"type":"Feature","properties":{"id":"nh_access:h3:84608b9ffffffff","field":"national_highways","kind":"nh_access","source":"osm+worldpop","confidence":0.9,"population":526612.0,"nh_distance_km":4.72,"pipeline_access_gain_km":0.0,"share_within_10km":0.834},"geometry":{"type":"Polygon","coordinates":[[[72.9676,18.3399],[72.7699,18.4462],[72.77,18.6792],[72.9683,18.8065],[73.1668,18.7005],[73.1663,18.4669],[72.9676,18.3399]]]}},{"type":"Feature","properties":{"id":"nh_access:h3:84608bdffffffff","field":"national_highways","kind":"nh_access","source":"osm+worldpop","confidence":0.9,"population":1664480.0,"nh_distance_km":2.27,"pipeline_access_gain_km":0.37,"share_within_10km":0.995},"geometry":{"type":"Polygon","coordinates":[[[73.1668,18.7005],[72.9683,18.8065],[72.9686,19.0394],[73.1677,19.1669],[73.367,19.0612],[73.3663,18.8277],[73.1668,18.7005]]]}},{"type":"Feature","properties":{"id":"nh_access:h3:84608c1ffffffff","field":"national_highways","kind":"nh_access","source":"osm+worldpop","confidence":0.9,"population":395018.0,"nh_distance_km":8.25,"pipeline_access_gain_km":1.61,"share_within_10km":0.597},"geometry":{"type":"Polygon","coordinates":[[[74.3617,17.3434],[74.1613,17.454],[74.1626,17.6903],[74.3646,17.8166],[74.5657,17.7063],[74.564,17.4694],[74.3617,17.3434]]]}},{"type":"Feature","properties":{"id":"nh_access:h3:84608c3ffffffff","field":"national_highways","kind":"nh_access","source":"osm+worldpop","confidence":0.9,"population":665142.0,"nh_distance_km":4.76,"pipeline_access_gain_km":0.0,"share_within_10km":0.865},"geometry":{"type":"Polygon","coordinates":[[[73.9602,17.328],[73.7608,17.438],[73.7617,17.6736],[73.9625,17.7999],[74.1626,17.6903],[74.1613,17.454],[73.9602,17.328]]]}},{"type":"Feature","properties":{"id":"nh_access:h3:84608c5ffffffff","field":"national_highways","kind":"nh_access","source":"osm+worldpop","confidence":0.9,"population":593805.0,"nh_distance_km":3.31,"pipeline_access_gain_km":0.05,"share_within_10km":0.966},"geometry":{"type":"Polygon","coordinates":[[[74.5657,17.7063],[74.3646,17.8166],[74.3661,18.0528],[74.5689,18.1793],[74.7707,18.0693],[74.7689,17.8325],[74.5657,17.7063]]]}},{"type":"Feature","properties":{"id":"nh_access:h3:84608c7ffffffff","field":"national_highways","kind":"nh_access","source":"osm+worldpop","confidence":0.9,"population":515680.0,"nh_distance_km":3.68,"pipeline_access_gain_km":0.91,"share_within_10km":0.934},"geometry":{"type":"Polygon","coordinates":[[[74.1626,17.6903],[73.9625,17.7999],[73.9636,18.0355],[74.1652,18.1621],[74.3661,18.0528],[74.3646,17.8166],[74.1626,17.6903]]]}},{"type":"Feature","properties":{"id":"nh_access:h3:84608c9ffffffff","field":"national_highways","kind":"nh_access","source":"osm+worldpop","confidence":0.9,"population":499978.0,"nh_distance_km":3.52,"pipeline_access_gain_km":0.67,"share_within_10km":0.96},"geometry":{"type":"Polygon","coordinates":[[[74.5608,16.995],[74.3602,17.1065],[74.3617,17.3434],[74.564,17.4694],[74.7653,17.3581],[74.7635,17.1206],[74.5608,16.995]]]}},{"type":"Feature","properties":{"id":"nh_access:h3:84608cbffffffff","field":"national_highways","kind":"nh_access","source":"osm+worldpop","confidence":0.9,"population":902499.0,"nh_distance_km":3.52,"pipeline_access_gain_km":0.0,"share_within_10km":0.909},"geometry":{"type":"Polygon","coordinates":[[[74.1587,16.9808],[73.9591,17.0917],[73.9602,17.328],[74.1613,17.454],[74.3617,17.3434],[74.3602,17.1065],[74.1587,16.9808]]]}},{"type":"Feature","properties":{"id":"nh_access:h3:84608cdffffffff","field":"national_highways","kind":"nh_access","source":"osm+worldpop","confidence":0.9,"population":293015.0,"nh_distance_km":8.26,"pipeline_access_gain_km":0.01,"share_within_10km":0.633},"geometry":{"type":"Polygon","coordinates":[[[74.7653,17.3581],[74.564,17.4694],[74.5657,17.7063],[74.7689,17.8325],[74.9709,17.7215],[74.9689,17.484],[74.7653,17.3581]]]}},{"type":"Feature","properties":{"id":"nh_access:h3:84608d1ffffffff","field":"national_highways","kind":"nh_access","source":"osm+worldpop","confidence":0.9,"population":348599.0,"nh_distance_km":8.34,"pipeline_access_gain_km":0.0,"share_within_10km":0.631},"geometry":{"type":"Polygon","coordinates":[[[73.3612,16.9505],[73.1634,17.0601],[73.1639,17.2951],[73.3624,17.4212],[73.5609,17.3119],[73.5601,17.0763],[73.3612,16.9505]]]}},{"type":"Feature","properties":{"id":"nh_access:h3:84608d5ffffffff","field":"national_highways","kind":"nh_access","source":"osm+worldpop","confidence":0.9,"population":316953.0,"nh_distance_km":3.95,"pipeline_access_gain_km":0.0,"share_within_10km":0.894},"geometry":{"type":"Polygon","coordinates":[[[73.5609,17.3119],[73.3624,17.4212],[73.3631,17.6562],[73.5625,17.7826],[73.7617,17.6736],[73.7608,17.438],[73.5609,17.3119]]]}},{"type":"Feature","properties":{"id":"nh_access:h3:84608d7ffffffff","field":"national_highways","kind":"nh_access","source":"osm+worldpop","confidence":0.9,"population":172898.0,"nh_distance_km":10.72,"pipeline_access_gain_km":0.0,"share_within_10km":0.471},"geometry":{"type":"Polygon","coordinates":[[[73.1639,17.2951],[72.9663,17.4037],[72.9667,17.6381],[73.1648,17.7645],[73.3631,17.6562],[73.3624,17.4212],[73.1639,17.2951]]]}},{"type":"Feature","properties":{"id":"nh_access:h3:84608d9ffffffff","field":"national_highways","kind":"nh_access","source":"osm+worldpop","confidence":0.9,"population":221558.0,"nh_distance_km":6.19,"pipeline_access_gain_km":0.0,"share_within_10km":0.778},"geometry":{"type":"Polygon","coordinates":[[[73.5585,16.6043],[73.3605,16.7148],[73.3612,16.9505],[73.5601,17.0763],[73.7588,16.966],[73.7579,16.7297],[73.5585,16.6043]]]}},{"type":"Feature","properties":{"id":"nh_access:h3:84608dbffffffff","field":"national_highways","kind":"nh_access","source":"osm+worldpop","confidence":0.9,"population":61687.0,"nh_distance_km":10.89,"pipeline_access_gain_km":0.0,"share_within_10km":0.536},"geometry":{"type":"Polygon","coordinates":[[[73.1624,16.5894],[72.9654,16.6993],[72.9657,16.9343],[73.1634,17.0601],[73.3612,16.9505],[73.3605,16.7148],[73.1624,16.5894]]]}},{"type":"Feature","properties":{"id":"nh_access:h3:84608ddffffffff","field":"national_highways","kind":"nh_access","source":"osm+worldpop","confidence":0.9,"population":206323.0,"nh_distance_km":8.22,"pipeline_access_gain_km":0.0,"share_within_10km":0.644},"geometry":{"type":"Polygon","coordinates":[[[73.7588,16.966],[73.5601,17.0763],[73.5609,17.3119],[73.7608,17.438],[73.9602,17.328],[73.9591,17.0917],[73.7588,16.966]]]}},{"type":"Feature","properties":{"id":"nh_access:h3:84608e1ffffffff","field":"national_highways","kind":"nh_access","source":"osm+worldpop","confidence":0.9,"population":428130.0,"nh_distance_km":4.26,"pipeline_access_gain_km":0.0,"share_within_10km":0.93},"geometry":{"type":"Polygon","coordinates":[[[74.5706,18.4154],[74.369,18.5244],[74.3705,18.7599],[74.5739,18.8869],[74.7761,18.7782],[74.7743,18.5421],[74.5706,18.4154]]]}},{"type":"Feature","properties":{"id":"nh_access:h3:84608e3ffffffff","field":"national_highways","kind":"nh_access","source":"osm+worldpop","confidence":0.9,"population":852936.0,"nh_distance_km":2.73,"pipeline_access_gain_km":0.31,"share_within_10km":0.973},"geometry":{"type":"Polygon","coordinates":[[[74.1665,18.3976],[73.9659,18.506],[73.967,18.7408],[74.1691,18.8679],[74.3705,18.7599],[74.369,18.5244],[74.1665,18.3976]]]}},{"type":"Feature","properties":{"id":"nh_access:h3:84608e5ffffffff","field":"national_highways","kind":"nh_access","source":"osm+worldpop","confidence":0.9,"population":745732.0,"nh_distance_km":1.92,"pipeline_access_gain_km":0.13,"share_within_10km":0.998},"geometry":{"type":"Polygon","coordinates":[[[74.7761,18.7782],[74.5739,18.8869],[74.5755,19.1222],[74.7798,19.2494],[74.9828,19.141],[74.9808,18.9051],[74.7761,18.7782]]]}},{"type":"Feature","properties":{"id":"nh_access:h3:84608e7ffffffff","field":"national_highways","kind":"nh_access","source":"osm+worldpop","confidence":0.9,"population":327735.0,"nh_distance_km":3.91,"pipeline_access_gain_km":0.0,"share_within_10km":0.945},"geometry":{"type":"Polygon","coordinates":[[[74.3705,18.7599],[74.1691,18.8679],[74.1704,19.1027],[74.3734,19.2299],[74.5755,19.1222],[74.5739,18.8869],[74.3705,18.7599]]]}},{"type":"Feature","properties":{"id":"nh_access:h3:84608e9ffffffff","field":"national_highways","kind":"nh_access","source":"osm+worldpop","confidence":0.9,"population":486477.0,"nh_distance_km":5.55,"pipeline_access_gain_km":0.0,"share_within_10km":0.813},"geometry":{"type":"Polygon","coordinates":[[[74.7707,18.0693],[74.5689,18.1793],[74.5706,18.4154],[74.7743,18.5421],[74.9768,18.4324],[74.9748,18.1957],[74.7707,18.0693]]]}},{"type":"Feature","properties":{"id":"nh_access:h3:84608ebffffffff","field":"national_highways","kind":"nh_access","source":"osm+worldpop","confidence":0.9,"population":509924.0,"nh_distance_km":4.01,"pipeline_access_gain_km":0.0,"share_within_10km":0.92},"geometry":{"type":"Polygon","coordinates":[[[74.3661,18.0528],[74.1652,18.1621],[74.1665,18.3976],[74.369,18.5244],[74.5706,18.4154],[74.5689,18.1793],[74.3661,18.0528]]]}},{"type":"Feature","properties":{"id":"nh_access:h3:84608edffffffff","field":"national_highways","kind":"nh_access","source":"osm+worldpop","confidence":0.9,"population":296727.0,"nh_distance_km":5.21,"pipeline_access_gain_km":0.47,"share_within_10km":0.864},"geometry":{"type":"Polygon","coordinates":[[[74.9768,18.4324],[74.7743,18.5421],[74.7761,18.7782],[74.9808,18.9051],[75.184,18.7957],[75.1818,18.559],[74.9768,18.4324]]]}},{"type":"Feature","properties":{"id":"nh_access:h3:8460901ffffffff","field":"national_highways","kind":"nh_access","source":"osm+worldpop","confidence":0.9,"population":955905.0,"nh_distance_km":3.95,"pipeline_access_gain_km":0.0,"share_within_10km":0.882},"geometry":{"type":"Polygon","coordinates":[[[77.9197,20.6812],[77.7096,20.792],[77.7139,21.0291],[77.9287,21.1559],[78.1395,21.0453],[78.1348,20.8077],[77.9197,20.6812]]]}},{"type":"Feature","properties":{"id":"nh_access:h3:8460903ffffffff","field":"national_highways","kind":"nh_access","source":"osm+worldpop","confidence":0.9,"population":446032.0,"nh_distance_km":11.49,"pipeline_access_gain_km":0.0,"share_within_10km":0.445},"geometry":{"type":"Polygon","coordinates":[[[77.4956,20.6653],[77.2863,20.7754],[77.2903,21.012],[77.5039,21.139],[77.7139,21.0291],[77.7096,20.792],[77.4956,20.6653]]]}},{"type":"Feature","properties":{"id":"nh_access:h3:8460905ffffffff","field":"national_highways","kind":"nh_access","source":"osm+worldpop","confidence":0.9,"population":352565.0,"nh_distance_km":3.14,"pipeline_access_gain_km":0.0,"share_within_10km":0.979},"geometry":{"type":"Polygon","coordinates":[[[78.1395,21.0453],[77.9287,21.1559],[77.9332,21.3927],[78.1489,21.5195],[78.3604,21.4092],[78.3555,21.1719],[78.1395,21.0453]]]}},{"type":"Feature","properties":{"id":"nh_access:h3:8460907ffffffff","field":"national_highways","kind":"nh_access","source":"osm+worldpop","confidence":0.9,"population":519109.0,"nh_distance_km":5.01,"pipeline_access_gain_km":0.0,"share_within_10km":0.849},"geometry":{"type":"Polygon","coordinates":[[[77.7139,21.0291],[77.5039,21.139],[77.508,21.3753],[77.7225,21.5023],[77.9332,21.3927],[77.9287,21.1559],[77.7139,21.0291]]]}},{"type":"Feature","properties":{"id":"nh_access:h3:8460909ffffffff","field":"national_highways","kind":"nh_access","source":"osm+worldpop","confidence":0.9,"population":517679.0,"nh_distance_km":4.69,"pipeline_access_gain_km":0.0,"share_within_10km":0.842},"geometry":{"type":"Polygon","coordinates":[[[78.1254,20.3314],[77.9152,20.4433],[77.9197,20.6812],[78.1348,20.8077],[78.3457,20.6961],[78.3409,20.4577],[78.1254,20.3314]]]}},{"type":"Feature","properties":{"id":"nh_access:h3:846090bffffffff","field":"national_highways","kind":"nh_access","source":"osm+worldpop","confidence":0.9,"population":392700.0,"nh_distance_km":3.84,"pipeline_access_gain_km":0.0,"share_within_10km":0.96},"geometry":{"type":"Polygon","coordinates":[[[77.7009,20.3168],[77.4915,20.4279],[77.4956,20.6653],[77.7096,20.792],[77.9197,20.6812],[77.9152,20.4433],[77.7009,20.3168]]]}},{"type":"Feature","properties":{"id":"nh_access:h3:846090dffffffff","field":"national_highways","kind":"nh_access","source":"osm+worldpop","confidence":0.9,"population":276267.0,"nh_distance_km":3.55,"pipeline_access_gain_km":0.0,"share_within_10km":0.949},"geometry":{"type":"Polygon","coordinates":[[[78.3457,20.6961],[78.1348,20.8077],[78.1395,21.0453],[78.3555,21.1719],[78.5671,21.0605],[78.562,20.8224],[78.3457,20.6961]]]}},{"type":"Feature","properties":{"id":"nh_access:h3:8460911ffffffff","field":"national_highways","kind":"nh_access","source":"osm+worldpop","confidence":0.9,"population":522385.0,"nh_distance_km":3.08,"pipeline_access_gain_km":0.0,"share_within_10km":0.975},"geometry":{"type":"Polygon","coordinates":[[[76.858,20.2846],[76.6502,20.3943],[76.6536,20.6306],[76.8651,20.7578],[77.0736,20.6484],[77.0698,20.4115],[76.858,20.2846]]]}},{"type":"Feature","properties":{"id":"nh_access:h3:8460913ffffffff","field":"national_highways","kind":"nh_access","source":"osm+worldpop","confidence":0.9,"population":454109.0,"nh_distance_km":3.69,"pipeline_access_gain_km":0.0,"share_within_10km":0.999},"geometry":{"type":"Polygon","coordinates":[[[76.4395,20.2671],[76.2326,20.3761],[76.2357,20.6118],[76.446,20.7392],[76.6536,20.6306],[76.6502,20.3943],[76.4395,20.2671]]]}},{"type":"Feature","properties":{"id":"nh_access:h3:8460915ffffffff","field":"national_highways","kind":"nh_access","source":"osm+worldpop","confidence":0.9,"population":892275.0,"nh_distance_km":4.1,"pipeline_access_gain_km":0.0,"share_within_10km":0.87},"geometry":{"type":"Polygon","coordinates":[[[77.0736,20.6484],[76.8651,20.7578],[76.8687,20.9938],[77.0811,21.1211],[77.2903,21.012],[77.2863,20.7754],[77.0736,20.6484]]]}},{"type":"Feature","properties":{"id":"nh_access:h3:8460917ffffffff","field":"national_highways","kind":"nh_access","source":"osm+worldpop","confidence":0.9,"population":542673.0,"nh_distance_km":2.94,"pipeline_access_gain_km":0.0,"share_within_10km":0.988},"geometry":{"type":"Polygon","coordinates":[[[76.6536,20.6306],[76.446,20.7392],[76.4492,20.9748],[76.6604,21.1022],[76.8687,20.9938],[76.8651,20.7578],[76.6536,20.6306]]]}},{"type":"Feature","properties":{"id":"nh_access:h3:8460919ffffffff","field":"national_highways","kind":"nh_access","source":"osm+worldpop","confidence":0.9,"population":446675.0,"nh_distance_km":3.29,"pipeline_access_gain_km":0.0,"share_within_10km":0.957},"geometry":{"type":"Polygon","coordinates":[[[77.0623,19.9369],[76.8544,20.0475],[76.858,20.2846],[77.0698,20.4115],[77.2784,20.3012],[77.2745,20.0635],[77.0623,19.9369]]]}},{"type":"Feature","properties":{"id":"nh_access:h3:846091bffffffff","field":"national_highways","kind":"nh_access","source":"osm+worldpop","confidence":0.9,"population":502122.0,"nh_distance_km":3.71,"pipeline_access_gain_km":0.0,"share_within_10km":0.946},"geometry":{"type":"Polygon","coordinates":[[[76.6434,19.9206],[76.4363,20.0306],[76.4395,20.2671],[76.6502,20.3943],[76.858,20.2846],[76.8544,20.0475],[76.6434,19.9206]]]}},{"type":"Feature","properties":{"id":"nh_access:h3:846091dffffffff","field":"national_highways","kind":"nh_access","source":"osm+worldpop","confidence":0.9,"population":464789.0,"nh_distance_km":3.64,"pipeline_access_gain_km":0.0,"share_within_10km":0.923},"geometry":{"type":"Polygon","coordinates":[[[77.2784,20.3012],[77.0698,20.4115],[77.0736,20.6484],[77.2863,20.7754],[77.4956,20.6653],[77.4915,20.4279],[77.2784,20.3012]]]}},{"type":"Feature","properties":{"id":"nh_access:h3:8460921ffffffff","field":"national_highways","kind":"nh_access","source":"osm+worldpop","confidence":0.9,"population":486551.0,"nh_distance_km":16.88,"pipeline_access_gain_km":0.0,"share_within_10km":0.3},"geometry":{"type":"Polygon","coordinates":[[[78.1536,21.756],[77.9423,21.8653],[77.9468,22.101],[78.1631,22.2279],[78.3751,22.1189],[78.3702,21.8827],[78.1536,21.756]]]}},{"type":"Feature","properties":{"id":"nh_access:h3:8460923ffffffff","field":"national_highways","kind":"nh_access","source":"osm+worldpop","confidence":0.9,"population":306779.0,"nh_distance_km":3.2,"pipeline_access_gain_km":0.0,"share_within_10km":0.97},"geometry":{"type":"Polygon","coordinates":[[[77.7269,21.7383],[77.5164,21.8468],[77.5205,22.082],[77.7356,22.2092],[77.9468,22.101],[77.9423,21.8653],[77.7269,21.7383]]]}},{"type":"Feature","properties":{"id":"nh_access:h3:8460925ffffffff","field":"national_highways","kind":"nh_access","source":"osm+worldpop","confidence":0.9,"population":167103.0,"nh_distance_km":42.21,"pipeline_access_gain_km":0.0,"share_within_10km":0.0},"geometry":{"type":"Polygon","coordinates":[[[78.3751,22.1189],[78.1631,22.2279],[78.1678,22.4633],[78.3849,22.5901],[78.5976,22.4814],[78.5925,22.2456],[78.3751,22.1189]]]}},{"type":"Feature","properties":{"id":"nh_access:h3:8460927ffffffff","field":"national_highways","kind":"nh_access","source":"osm+worldpop","confidence":0.9,"population":285110.0,"nh_distance_km":7.94,"pipeline_access_gain_km":0.0,"share_within_10km":0.688},"geometry":{"type":"Polygon","coordinates":[[[77.9468,22.101],[77.7356,22.2092],[77.74,22.4441],[77.9559,22.5712],[78.1678,22.4633],[78.1631,22.2279],[77.9468,22.101]]]}},{"type":"Feature","properties":{"id":"nh_access:h3:8460929ffffffff","field":"national_highways","kind":"nh_access","source":"osm+worldpop","confidence":0.9,"population":397180.0,"nh_distance_km":3.61,"pipeline_access_gain_km":0.0,"share_within_10km":0.942},"geometry":{"type":"Polygon","coordinates":[[[78.3604,21.4092],[78.1489,21.5195],[78.1536,21.756],[78.3702,21.8827],[78.5823,21.7727],[78.5772,21.5357],[78.3604,21.4092]]]}},{"type":"Feature","properties":{"id":"nh_access:h3:846092bffffffff","field":"national_highways","kind":"nh_access","source":"osm+worldpop","confidence":0.9,"population":282243.0,"nh_distance_km":12.33,"pipeline_access_gain_km":0.0,"share_within_10km":0.365},"geometry":{"type":"Polygon","coordinates":[[[77.9332,21.3927],[77.7225,21.5023],[77.7269,21.7383],[77.9423,21.8653],[78.1536,21.756],[78.1489,21.5195],[77.9332,21.3927]]]}},{"type":"Feature","properties":{"id":"nh_access:h3:846092dffffffff","field":"national_highways","kind":"nh_access","source":"osm+worldpop","confidence":0.9,"population":330864.0,"nh_distance_km":14.55,"pipeline_access_gain_km":0.0,"share_within_10km":0.429},"geometry":{"type":"Polygon","coordinates":[[[78.5823,21.7727],[78.3702,21.8827],[78.3751,22.1189],[78.5925,22.2456],[78.8053,22.1358],[78.8,21.8991],[78.5823,21.7727]]]}},{"type":"Feature","properties":{"id":"nh_access:h3:8460931ffffffff","field":"national_highways","kind":"nh_access","source":"osm+worldpop","confidence":0.9,"population":190624.0,"nh_distance_km":26.58,"pipeline_access_gain_km":0.0,"share_within_10km":0.077},"geometry":{"type":"Polygon","coordinates":[[[77.0849,21.3569],[76.8759,21.4649],[76.8795,21.6999],[77.0925,21.8274],[77.3022,21.7196],[77.2982,21.4841],[77.0849,21.3569]]]}},{"type":"Feature","properties":{"id":"nh_access:h3:8460933ffffffff","field":"national_highways","kind":"nh_access","source":"osm+worldpop","confidence":0.9,"population":323183.0,"nh_distance_km":27.87,"pipeline_access_gain_km":0.0,"share_within_10km":0.0},"geometry":{"type":"Polygon","coordinates":[[[76.6639,21.3375],[76.4557,21.4448],[76.459,21.6792],[76.6707,21.8069],[76.8795,21.6999],[76.8759,21.4649],[76.6639,21.3375]]]}},{"type":"Feature","properties":{"id":"nh_access:h3:8460935ffffffff","field":"national_highways","kind":"nh_access","source":"osm+worldpop","confidence":0.9,"population":159416.0,"nh_distance_km":9.45,"pipeline_access_gain_km":0.0,"share_within_10km":0.613},"geometry":{"type":"Polygon","coordinates":[[[77.3022,21.7196],[77.0925,21.8274],[77.0963,22.0621],[77.3102,22.1895],[77.5205,22.082],[77.5164,21.8468],[77.3022,21.7196]]]}},{"type":"Feature","properties":{"id":"nh_access:h3:8460937ffffffff","field":"national_highways","kind":"nh_access","source":"osm+worldpop","confidence":0.9,"population":248928.0,"nh_distance_km":11.85,"pipeline_access_gain_km":0.0,"share_within_10km":0.447},"geometry":{"type":"Polygon","coordinates":[[[76.8795,21.6999],[76.6707,21.8069],[76.6742,22.0411],[76.8868,22.1688],[77.0963,22.0621],[77.0925,21.8274],[76.8795,21.6999]]]}},{"type":"Feature","properties":{"id":"nh_access:h3:8460939ffffffff","field":"national_highways","kind":"nh_access","source":"osm+worldpop","confidence":0.9,"population":415264.0,"nh_distance_km":5.5,"pipeline_access_gain_km":0.0,"share_within_10km":0.827},"geometry":{"type":"Polygon","coordinates":[[[77.2903,21.012],[77.0811,21.1211],[77.0849,21.3569],[77.2982,21.4841],[77.508,21.3753],[77.5039,21.139],[77.2903,21.012]]]}},{"type":"Feature","properties":{"id":"nh_access:h3:846093bffffffff","field":"national_highways","kind":"nh_access","source":"osm+worldpop","confidence":0.9,"population":283313.0,"nh_distance_km":15.84,"pipeline_access_gain_km":0.0,"share_within_10km":0.303},"geometry":{"type":"Polygon","coordinates":[[[76.8687,20.9938],[76.6604,21.1022],[76.6639,21.3375],[76.8759,21.4649],[77.0849,21.3569],[77.0811,21.1211],[76.8687,20.9938]]]}},{"type":"Feature","properties":{"id":"nh_access:h3:846093dffffffff","field":"national_highways","kind":"nh_access","source":"osm+worldpop","confidence":0.9,"population":175932.0,"nh_distance_km":11.2,"pipeline_access_gain_km":0.0,"share_within_10km":0.476},"geometry":{"type":"Polygon","coordinates":[[[77.508,21.3753],[77.2982,21.4841],[77.3022,21.7196],[77.5164,21.8468],[77.7269,21.7383],[77.7225,21.5023],[77.508,21.3753]]]}},{"type":"Feature","properties":{"id":"nh_access:h3:8460941ffffffff","field":"national_highways","kind":"nh_access","source":"osm+worldpop","confidence":0.9,"population":324934.0,"nh_distance_km":4.8,"pipeline_access_gain_km":0.0,"share_within_10km":0.871},"geometry":{"type":"Polygon","coordinates":[[[78.758,19.9924],[78.5469,20.106],[78.5519,20.3451],[78.7685,20.4712],[78.9803,20.3579],[78.9749,20.1182],[78.758,19.9924]]]}},{"type":"Feature","properties":{"id":"nh_access:h3:8460943ffffffff","field":"national_highways","kind":"nh_access","source":"osm+worldpop","confidence":0.9,"population":273789.0,"nh_distance_km":14.57,"pipeline_access_gain_km":6.2,"share_within_10km":0.287},"geometry":{"type":"Polygon","coordinates":[[[78.3312,19.9799],[78.1208,20.0928],[78.1254,20.3314],[78.3409,20.4577],[78.5519,20.3451],[78.5469,20.106],[78.3312,19.9799]]]}},{"type":"Feature","properties":{"id":"nh_access:h3:8460945ffffffff","field":"national_highways","kind":"nh_access","source":"osm+worldpop","confidence":0.9,"population":269735.0,"nh_distance_km":4.28,"pipeline_access_gain_km":0.0,"share_within_10km":0.882},"geometry":{"type":"Polygon","coordinates":[[[78.9803,20.3579],[78.7685,20.4712],[78.7737,20.7101],[78.9912,20.8361],[79.2036,20.723],[79.198,20.4837],[78.9803,20.3579]]]}},{"type":"Feature","properties":{"id":"nh_access:h3:8460947ffffffff","field":"national_highways","kind":"nh_access","source":"osm+worldpop","confidence":0.9,"population":586941.0,"nh_distance_km":2.99,"pipeline_access_gain_km":0.18,"share_within_10km":0.962},"geometry":{"type":"Polygon","coordinates":[[[78.5519,20.3451],[78.3409,20.4577],[78.3457,20.6961],[78.562,20.8224],[78.7737,20.7101],[78.7685,20.4712],[78.5519,20.3451]]]}},{"type":"Feature","properties":{"id":"nh_access:h3:8460949ffffffff","field":"national_highways","kind":"nh_access","source":"osm+worldpop","confidence":0.9,"population":442585.0,"nh_distance_km":8.84,"pipeline_access_gain_km":0.0,"share_within_10km":0.531},"geometry":{"type":"Polygon","coordinates":[[[78.9641,19.6379],[78.7528,19.7525],[78.758,19.9924],[78.9749,20.1182],[79.1868,20.0039],[79.1813,19.7635],[78.9641,19.6379]]]}},{"type":"Feature","properties":{"id":"nh_access:h3:846094bffffffff","field":"national_highways","kind":"nh_access","source":"osm+worldpop","confidence":0.9,"population":449705.0,"nh_distance_km":4.99,"pipeline_access_gain_km":0.0,"share_within_10km":0.837},"geometry":{"type":"Polygon","coordinates":[[[78.5368,19.6267],[78.3263,19.7405],[78.3312,19.9799],[78.5469,20.106],[78.758,19.9924],[78.7528,19.7525],[78.5368,19.6267]]]}},{"type":"Feature","properties":{"id":"nh_access:h3:846094dffffffff","field":"national_highways","kind":"nh_access","source":"osm+worldpop","confidence":0.9,"population":258245.0,"nh_distance_km":4.43,"pipeline_access_gain_km":0.0,"share_within_10km":0.865},"geometry":{"type":"Polygon","coordinates":[[[79.1868,20.0039],[78.9749,20.1182],[78.9803,20.3579],[79.198,20.4837],[79.4106,20.3696],[79.4048,20.1294],[79.1868,20.0039]]]}},{"type":"Feature","properties":{"id":"nh_access:h3:8460951ffffffff","field":"national_highways","kind":"nh_access","source":"osm+worldpop","confidence":0.9,"population":509335.0,"nh_distance_km":12.68,"pipeline_access_gain_km":0.05,"share_within_10km":0.434},"geometry":{"type":"Polygon","coordinates":[[[77.6881,19.6014],[77.4791,19.7138],[77.4833,19.9521],[77.6966,20.0786],[77.9062,19.9665],[77.9017,19.7276],[77.6881,19.6014]]]}},{"type":"Feature","properties":{"id":"nh_access:h3:8460953ffffffff","field":"national_highways","kind":"nh_access","source":"osm+worldpop","confidence":0.9,"population":511075.0,"nh_distance_km":7.45,"pipeline_access_gain_km":0.0,"share_within_10km":0.701},"geometry":{"type":"Polygon","coordinates":[[[77.2666,19.5874],[77.0586,19.699],[77.0623,19.9369],[77.2745,20.0635],[77.4833,19.9521],[77.4791,19.7138],[77.2666,19.5874]]]}},{"type":"Feature","properties":{"id":"nh_access:h3:8460955ffffffff","field":"national_highways","kind":"nh_access","source":"osm+worldpop","confidence":0.9,"population":502946.0,"nh_distance_km":4.45,"pipeline_access_gain_km":0.35,"share_within_10km":0.883},"geometry":{"type":"Polygon","coordinates":[[[77.9062,19.9665],[77.6966,20.0786],[77.7009,20.3168],[77.9152,20.4433],[78.1254,20.3314],[78.1208,20.0928],[77.9062,19.9665]]]}},{"type":"Feature","properties":{"id":"nh_access:h3:8460957ffffffff","field":"national_highways","kind":"nh_access","source":"osm+worldpop","confidence":0.9,"population":418128.0,"nh_distance_km":7.01,"pipeline_access_gain_km":0.0,"share_within_10km":0.758},"geometry":{"type":"Polygon","coordinates":[[[77.4833,19.9521],[77.2745,20.0635],[77.2784,20.3012],[77.4915,20.4279],[77.7009,20.3168],[77.6966,20.0786],[77.4833,19.9521]]]}},{"type":"Feature","properties":{"id":"nh_access:h3:8460959ffffffff","field":"national_highways","kind":"nh_access","source":"osm+worldpop","confidence":0.9,"population":404573.0,"nh_distance_km":4.61,"pipeline_access_gain_km":0.0,"share_within_10km":0.897},"geometry":{"type":"Polygon","coordinates":[[[77.8928,19.2489],[77.6838,19.3623],[77.6881,19.6014],[77.9017,19.7276],[78.1115,19.6145],[78.1068,19.3749],[77.8928,19.2489]]]}},{"type":"Feature","properties":{"id":"nh_access:h3:846095bffffffff","field":"national_highways","kind":"nh_access","source":"osm+worldpop","confidence":0.9,"population":497619.0,"nh_distance_km":4.47,"pipeline_access_gain_km":0.0,"share_within_10km":0.882},"geometry":{"type":"Polygon","coordinates":[[[77.4709,19.2361],[77.2627,19.3488],[77.2666,19.5874],[77.4791,19.7138],[77.6881,19.6014],[77.6838,19.3623],[77.4709,19.2361]]]}},{"type":"Feature","properties":{"id":"nh_access:h3:846095dffffffff","field":"national_highways","kind":"nh_access","source":"osm+worldpop","confidence":0.9,"population":303568.0,"nh_distance_km":8.75,"pipeline_access_gain_km":1.07,"share_within_10km":0.614},"geometry":{"type":"Polygon","coordinates":[[[78.1115,19.6145],[77.9017,19.7276],[77.9062,19.9665],[78.1208,20.0928],[78.3312,19.9799],[78.3263,19.7405],[78.1115,19.6145]]]}},{"type":"Feature","properties":{"id":"nh_access:h3:8460961ffffffff","field":"national_highways","kind":"nh_access","source":"osm+worldpop","confidence":0.9,"population":2456471.0,"nh_distance_km":1.07,"pipeline_access_gain_km":0.0,"share_within_10km":0.999},"geometry":{"type":"Polygon","coordinates":[[[78.9966,21.0747],[78.7842,21.1868],[78.7895,21.4246],[79.0075,21.5508],[79.2205,21.439],[79.2149,21.2007],[78.9966,21.0747]]]}},{"type":"Feature","properties":{"id":"nh_access:h3:8460963ffffffff","field":"national_highways","kind":"nh_access","source":"osm+worldpop","confidence":0.9,"population":373903.0,"nh_distance_km":4.18,"pipeline_access_gain_km":0.0,"share_within_10km":0.903},"geometry":{"type":"Polygon","coordinates":[[[78.5671,21.0605],[78.3555,21.1719],[78.3604,21.4092],[78.5772,21.5357],[78.7895,21.4246],[78.7842,21.1868],[78.5671,21.0605]]]}},{"type":"Feature","properties":{"id":"nh_access:h3:8460965ffffffff","field":"national_highways","kind":"nh_access","source":"osm+worldpop","confidence":0.9,"population":212907.0,"nh_distance_km":15.27,"pipeline_access_gain_km":0.0,"share_within_10km":0.345},"geometry":{"type":"Polygon","coordinates":[[[79.2205,21.439],[79.0075,21.5508],[79.0129,21.7883],[79.2318,21.9145],[79.4455,21.8029],[79.4397,21.5649],[79.2205,21.439]]]}},{"type":"Feature","properties":{"id":"nh_access:h3:8460967ffffffff","field":"national_highways","kind":"nh_access","source":"osm+worldpop","confidence":0.9,"population":332049.0,"nh_distance_km":4.99,"pipeline_access_gain_km":0.0,"share_within_10km":0.839},"geometry":{"type":"Polygon","coordinates":[[[78.7895,21.4246],[78.5772,21.5357],[78.5823,21.7727],[78.8,21.8991],[79.0129,21.7883],[79.0075,21.5508],[78.7895,21.4246]]]}},{"type":"Feature","properties":{"id":"nh_access:h3:8460969ffffffff","field":"national_highways","kind":"nh_access","source":"osm+worldpop","confidence":0.9,"population":1281452.0,"nh_distance_km":1.92,"pipeline_access_gain_km":0.07,"share_within_10km":0.985},"geometry":{"type":"Polygon","coordinates":[[[79.2036,20.723],[78.9912,20.8361],[78.9966,21.0747],[79.2149,21.2007],[79.428,21.0879],[79.4222,20.8488],[79.2036,20.723]]]}},{"type":"Feature","properties":{"id":"nh_access:h3:846096bffffffff","field":"national_highways","kind":"nh_access","source":"osm+worldpop","confidence":0.9,"population":555392.0,"nh_distance_km":3.45,"pipeline_access_gain_km":0.0,"share_within_10km":0.911},"geometry":{"type":"Polygon","coordinates":[[[78.7737,20.7101],[78.562,20.8224],[78.5671,21.0605],[78.7842,21.1868],[78.9966,21.0747],[78.9912,20.8361],[78.7737,20.7101]]]}},{"type":"Feature","properties":{"id":"nh_access:h3:846096dffffffff","field":"national_highways","kind":"nh_access","source":"osm+worldpop","confidence":0.9,"population":438333.0,"nh_distance_km":3.09,"pipeline_access_gain_km":0.02,"share_within_10km":0.981},"geometry":{"type":"Polygon","coordinates":[[[79.428,21.0879],[79.2149,21.2007],[79.2205,21.439],[79.4397,21.5649],[79.6534,21.4524],[79.6474,21.2136],[79.428,21.0879]]]}},{"type":"Feature","properties":{"id":"nh_access:h3:8460981ffffffff","field":"national_highways","kind":"nh_access","source":"osm+worldpop","confidence":0.9,"population":448433.0,"nh_distance_km":5.16,"pipeline_access_gain_km":0.0,"share_within_10km":0.85},"geometry":{"type":"Polygon","coordinates":[[[74.9947,20.5503],[74.7907,20.656],[74.7926,20.8893],[74.9988,21.0174],[75.2035,20.912],[75.2013,20.6781],[74.9947,20.5503]]]}},{"type":"Feature","properties":{"id":"nh_access:h3:8460983ffffffff","field":"national_highways","kind":"nh_access","source":"osm+worldpop","confidence":0.9,"population":932134.0,"nh_distance_km":2.67,"pipeline_access_gain_km":0.0,"share_within_10km":0.951},"geometry":{"type":"Polygon","coordinates":[[[74.5854,20.528],[74.3823,20.633],[74.3838,20.8658],[74.5888,20.994],[74.7926,20.8893],[74.7907,20.656],[74.5854,20.528]]]}},{"type":"Feature","properties":{"id":"nh_access:h3:8460985ffffffff","field":"national_highways","kind":"nh_access","source":"osm+worldpop","confidence":0.9,"population":655624.0,"nh_distance_km":8.59,"pipeline_access_gain_km":0.0,"share_within_10km":0.617},"geometry":{"type":"Polygon","coordinates":[[[75.2035,20.912],[74.9988,21.0174],[75.0008,21.2505],[75.2079,21.3787],[75.4133,21.2736],[75.4109,21.04],[75.2035,20.912]]]}},{"type":"Feature","properties":{"id":"nh_access:h3:8460987ffffffff","field":"national_highways","kind":"nh_access","source":"osm+worldpop","confidence":0.9,"population":694416.0,"nh_distance_km":4.21,"pipeline_access_gain_km":0.0,"share_within_10km":0.901},"geometry":{"type":"Polygon","coordinates":[[[74.7926,20.8893],[74.5888,20.994],[74.5904,21.2266],[74.7962,21.3549],[75.0008,21.2505],[74.9988,21.0174],[74.7926,20.8893]]]}},{"type":"Feature","properties":{"id":"nh_access:h3:8460989ffffffff","field":"national_highways","kind":"nh_access","source":"osm+worldpop","confidence":0.9,"population":570429.0,"nh_distance_km":7.24,"pipeline_access_gain_km":0.0,"share_within_10km":0.72},"geometry":{"type":"Polygon","coordinates":[[[75.197,20.2094],[74.9927,20.3162],[74.9947,20.5503],[75.2013,20.6781],[75.4062,20.5717],[75.4039,20.337],[75.197,20.2094]]]}},{"type":"Feature","properties":{"id":"nh_access:h3:846098bffffffff","field":"national_highways","kind":"nh_access","source":"osm+worldpop","confidence":0.9,"population":489793.0,"nh_distance_km":6.58,"pipeline_access_gain_km":0.0,"share_within_10km":0.73},"geometry":{"type":"Polygon","coordinates":[[[74.7871,20.1884],[74.5838,20.2945],[74.5854,20.528],[74.7907,20.656],[74.9947,20.5503],[74.9927,20.3162],[74.7871,20.1884]]]}},{"type":"Feature","properties":{"id":"nh_access:h3:846098dffffffff","field":"national_highways","kind":"nh_access","source":"osm+worldpop","confidence":0.9,"population":594767.0,"nh_distance_km":4.06,"pipeline_access_gain_km":0.0,"share_within_10km":0.919},"geometry":{"type":"Polygon","coordinates":[[[75.4062,20.5717],[75.2013,20.6781],[75.2035,20.912],[75.4109,21.04],[75.6166,20.9338],[75.6141,20.6994],[75.4062,20.5717]]]}},{"type":"Feature","properties":{"id":"nh_access:h3:8460991ffffffff","field":"national_highways","kind":"nh_access","source":"osm+worldpop","confidence":0.9,"population":504999.0,"nh_distance_km":6.8,"pipeline_access_gain_km":0.0,"share_within_10km":0.704},"geometry":{"type":"Polygon","coordinates":[[[73.9739,20.1439],[73.7725,20.2486],[73.7735,20.481],[73.9762,20.6092],[74.1783,20.5049],[74.177,20.272],[73.9739,20.1439]]]}},{"type":"Feature","properties":{"id":"nh_access:h3:8460993ffffffff","field":"national_highways","kind":"nh_access","source":"osm+worldpop","confidence":0.9,"population":346176.0,"nh_distance_km":8.4,"pipeline_access_gain_km":3.54,"share_within_10km":0.642},"geometry":{"type":"Polygon","coordinates":[[[73.5707,20.1205],[73.3702,20.2245],[73.3709,20.4562],[73.5723,20.5846],[73.7735,20.481],[73.7725,20.2486],[73.5707,20.1205]]]}},{"type":"Feature","properties":{"id":"nh_access:h3:8460995ffffffff","field":"national_highways","kind":"nh_access","source":"osm+worldpop","confidence":0.9,"population":464652.0,"nh_distance_km":9.6,"pipeline_access_gain_km":0.0,"share_within_10km":0.575},"geometry":{"type":"Polygon","coordinates":[[[74.1783,20.5049],[73.9762,20.6092],[73.9774,20.8414],[74.181,20.9698],[74.3838,20.8658],[74.3823,20.633],[74.1783,20.5049]]]}},{"type":"Feature","properties":{"id":"nh_access:h3:8460997ffffffff","field":"national_highways","kind":"nh_access","source":"osm+worldpop","confidence":0.9,"population":281138.0,"nh_distance_km":8.65,"pipeline_access_gain_km":0.0,"share_within_10km":0.603},"geometry":{"type":"Polygon","coordinates":[[[73.7735,20.481],[73.5723,20.5846],[73.5731,20.8162],[73.7755,20.9447],[73.9774,20.8414],[73.9762,20.6092],[73.7735,20.481]]]}},{"type":"Feature","properties":{"id":"nh_access:h3:8460999ffffffff","field":"national_highways","kind":"nh_access","source":"osm+worldpop","confidence":0.9,"population":753622.0,"nh_distance_km":12.64,"pipeline_access_gain_km":1.83,"share_within_10km":0.319},"geometry":{"type":"Polygon","coordinates":[[[74.1744,19.8051],[73.9727,19.9108],[73.9739,20.1439],[74.177,20.272],[74.3794,20.1666],[74.3779,19.9329],[74.1744,19.8051]]]}},{"type":"Feature","properties":{"id":"nh_access:h3:846099bffffffff","field":"national_highways","kind":"nh_access","source":"osm+worldpop","confidence":0.9,"population":2305029.0,"nh_distance_km":2.11,"pipeline_access_gain_km":0.16,"share_within_10km":0.982},"geometry":{"type":"Polygon","coordinates":[[[73.7705,19.783],[73.5698,19.888],[73.5707,20.1205],[73.7725,20.2486],[73.9739,20.1439],[73.9727,19.9108],[73.7705,19.783]]]}},{"type":"Feature","properties":{"id":"nh_access:h3:846099dffffffff","field":"national_highways","kind":"nh_access","source":"osm+worldpop","confidence":0.9,"population":884435.0,"nh_distance_km":2.98,"pipeline_access_gain_km":0.0,"share_within_10km":0.942},"geometry":{"type":"Polygon","coordinates":[[[74.3794,20.1666],[74.177,20.272],[74.1783,20.5049],[74.3823,20.633],[74.5854,20.528],[74.5838,20.2945],[74.3794,20.1666]]]}},{"type":"Feature","properties":{"id":"nh_access:h3:84609a1ffffffff","field":"national_highways","kind":"nh_access","source":"osm+worldpop","confidence":0.9,"population":525805.0,"nh_distance_km":4.12,"pipeline_access_gain_km":0.0,"share_within_10km":0.88},"geometry":{"type":"Polygon","coordinates":[[[75.2101,21.6116],[75.0048,21.7156],[75.0068,21.9477],[75.2144,22.0762],[75.4204,21.9724],[75.418,21.7399],[75.2101,21.6116]]]}},{"type":"Feature","properties":{"id":"nh_access:h3:84609a3ffffffff","field":"national_highways","kind":"nh_access","source":"osm+worldpop","confidence":0.9,"population":496090.0,"nh_distance_km":10.21,"pipeline_access_gain_km":0.0,"share_within_10km":0.508},"geometry":{"type":"Polygon","coordinates":[[[74.7981,21.5872],[74.5938,21.6905],[74.5955,21.922],[74.8018,22.0507],[75.0068,21.9477],[75.0048,21.7156],[74.7981,21.5872]]]}},{"type":"Feature","properties":{"id":"nh_access:h3:84609a5ffffffff","field":"national_highways","kind":"nh_access","source":"osm+worldpop","confidence":0.9,"population":505081.0,"nh_distance_km":5.14,"pipeline_access_gain_km":0.0,"share_within_10km":0.857},"geometry":{"type":"Polygon","coordinates":[[[75.4204,21.9724],[75.2144,22.0762],[75.2167,22.3079],[75.4252,22.4364],[75.6319,22.333],[75.6293,22.1007],[75.4204,21.9724]]]}},{"type":"Feature","properties":{"id":"nh_access:h3:84609a7ffffffff","field":"national_highways","kind":"nh_access","source":"osm+worldpop","confidence":0.9,"population":741033.0,"nh_distance_km":14.44,"pipeline_access_gain_km":0.0,"share_within_10km":0.364},"geometry":{"type":"Polygon","coordinates":[[[75.0068,21.9477],[74.8018,22.0507],[74.8036,22.2818],[75.0109,22.4106],[75.2167,22.3079],[75.2144,22.0762],[75.0068,21.9477]]]}},{"type":"Feature","properties":{"id":"nh_access:h3:84609a9ffffffff","field":"national_highways","kind":"nh_access","source":"osm+worldpop","confidence":0.9,"population":315643.0,"nh_distance_km":19.67,"pipeline_access_gain_km":0.0,"share_within_10km":0.042},"geometry":{"type":"Polygon","coordinates":[[[75.4133,21.2736],[75.2079,21.3787],[75.2101,21.6116],[75.418,21.7399],[75.6242,21.6351],[75.6217,21.4017],[75.4133,21.2736]]]}},{"type":"Feature","properties":{"id":"nh_access:h3:84609abffffffff","field":"national_highways","kind":"nh_access","source":"osm+worldpop","confidence":0.9,"population":494176.0,"nh_distance_km":4.31,"pipeline_access_gain_km":0.0,"share_within_10km":0.849},"geometry":{"type":"Polygon","coordinates":[[[75.0008,21.2505],[74.7962,21.3549],[74.7981,21.5872],[75.0048,21.7156],[75.2101,21.6116],[75.2079,21.3787],[75.0008,21.2505]]]}},{"type":"Feature","properties":{"id":"nh_access:h3:84609adffffffff","field":"national_highways","kind":"nh_access","source":"osm+worldpop","confidence":0.9,"population":559088.0,"nh_distance_km":4.15,"pipeline_access_gain_km":0.0,"share_within_10km":0.94},"geometry":{"type":"Polygon","coordinates":[[[75.6242,21.6351],[75.418,21.7399],[75.4204,21.9724],[75.6293,22.1007],[75.8362,21.9963],[75.8335,21.7631],[75.6242,21.6351]]]}},{"type":"Feature","properties":{"id":"nh_access:h3:84609b1ffffffff","field":"national_highways","kind":"nh_access","source":"osm+worldpop","confidence":0.9,"population":727877.0,"nh_distance_km":3.35,"pipeline_access_gain_km":0.0,"share_within_10km":0.942},"geometry":{"type":"Polygon","coordinates":[[[74.1823,21.2017],[73.9797,21.3047],[73.9808,21.5358],[74.185,21.6646],[74.3883,21.5619],[74.3868,21.3302],[74.1823,21.2017]]]}},{"type":"Feature","properties":{"id":"nh_access:h3:84609b3ffffffff","field":"national_highways","kind":"nh_access","source":"osm+worldpop","confidence":0.9,"population":374959.0,"nh_distance_km":7.63,"pipeline_access_gain_km":0.0,"share_within_10km":0.646},"geometry":{"type":"Polygon","coordinates":[[[73.7764,21.176],[73.5748,21.2783],[73.5756,21.5088],[73.7784,21.6377],[73.9808,21.5358],[73.9797,21.3047],[73.7764,21.176]]]}},{"type":"Feature","properties":{"id":"nh_access:h3:84609b5ffffffff","field":"national_highways","kind":"nh_access","source":"osm+worldpop","confidence":0.9,"population":358179.0,"nh_distance_km":17.63,"pipeline_access_gain_km":0.0,"share_within_10km":0.301},"geometry":{"type":"Polygon","coordinates":[[[74.3883,21.5619],[74.185,21.6646],[74.1863,21.8954],[74.3914,22.0243],[74.5955,21.922],[74.5938,21.6905],[74.3883,21.5619]]]}},{"type":"Feature","properties":{"id":"nh_access:h3:84609b7ffffffff","field":"national_highways","kind":"nh_access","source":"osm+worldpop","confidence":0.9,"population":390007.0,"nh_distance_km":18.9,"pipeline_access_gain_km":0.0,"share_within_10km":0.201},"geometry":{"type":"Polygon","coordinates":[[[73.9808,21.5358],[73.7784,21.6377],[73.7503,21.8502],[73.9545,21.9795],[74.1863,21.8954],[74.185,21.6646],[73.9808,21.5358]]]}},{"type":"Feature","properties":{"id":"nh_access:h3:84609b9ffffffff","field":"national_highways","kind":"nh_access","source":"osm+worldpop","confidence":0.9,"population":397827.0,"nh_distance_km":4.09,"pipeline_access_gain_km":0.0,"share_within_10km":0.94},"geometry":{"type":"Polygon","coordinates":[[[74.3838,20.8658],[74.181,20.9698],[74.1823,21.2017],[74.3868,21.3302],[74.5904,21.2266],[74.5888,20.994],[74.3838,20.8658]]]}},{"type":"Feature","properties":{"id":"nh_access:h3:84609bbffffffff","field":"national_highways","kind":"nh_access","source":"osm+worldpop","confidence":0.9,"population":441360.0,"nh_distance_km":8.47,"pipeline_access_gain_km":0.0,"share_within_10km":0.648},"geometry":{"type":"Polygon","coordinates":[[[73.9774,20.8414],[73.7755,20.9447],[73.7764,21.176],[73.9797,21.3047],[74.1823,21.2017],[74.181,20.9698],[73.9774,20.8414]]]}},{"type":"Feature","properties":{"id":"nh_access:h3:84609bdffffffff","field":"national_highways","kind":"nh_access","source":"osm+worldpop","confidence":0.9,"population":626558.0,"nh_distance_km":2.59,"pipeline_access_gain_km":0.0,"share_within_10km":0.982},"geometry":{"type":"Polygon","coordinates":[[[74.5904,21.2266],[74.3868,21.3302],[74.3883,21.5619],[74.5938,21.6905],[74.7981,21.5872],[74.7962,21.3549],[74.5904,21.2266]]]}},{"type":"Feature","properties":{"id":"nh_access:h3:84609c1ffffffff","field":"national_highways","kind":"nh_access","source":"osm+worldpop","confidence":0.9,"population":464272.0,"nh_distance_km":3.2,"pipeline_access_gain_km":0.0,"share_within_10km":0.976},"geometry":{"type":"Polygon","coordinates":[[[75.8118,19.8856],[75.6065,19.9941],[75.609,20.2295],[75.8172,20.357],[76.0232,20.2488],[76.0203,20.0128],[75.8118,19.8856]]]}},{"type":"Feature","properties":{"id":"nh_access:h3:84609c3ffffffff","field":"national_highways","kind":"nh_access","source":"osm+worldpop","confidence":0.9,"population":824266.0,"nh_distance_km":3.48,"pipeline_access_gain_km":0.0,"share_within_10km":0.907},"geometry":{"type":"Polygon","coordinates":[[[75.3992,19.8667],[75.1948,19.9745],[75.197,20.2094],[75.4039,20.337],[75.609,20.2295],[75.6065,19.9941],[75.3992,19.8667]]]}},{"type":"Feature","properties":{"id":"nh_access:h3:84609c5ffffffff","field":"national_highways","kind":"nh_access","source":"osm+worldpop","confidence":0.9,"population":555916.0,"nh_distance_km":4.37,"pipeline_access_gain_km":0.0,"share_within_10km":0.893},"geometry":{"type":"Polygon","coordinates":[[[76.0232,20.2488],[75.8172,20.357],[75.8199,20.5922],[76.029,20.7198],[76.2357,20.6118],[76.2326,20.3761],[76.0232,20.2488]]]}},{"type":"Feature","properties":{"id":"nh_access:h3:84609c7ffffffff","field":"national_highways","kind":"nh_access","source":"osm+worldpop","confidence":0.9,"population":562628.0,"nh_distance_km":8.24,"pipeline_access_gain_km":0.0,"share_within_10km":0.608},"geometry":{"type":"Polygon","coordinates":[[[75.609,20.2295],[75.4039,20.337],[75.4062,20.5717],[75.6141,20.6994],[75.8199,20.5922],[75.8172,20.357],[75.609,20.2295]]]}},{"type":"Feature","properties":{"id":"nh_access:h3:84609c9ffffffff","field":"national_highways","kind":"nh_access","source":"osm+worldpop","confidence":0.9,"population":704106.0,"nh_distance_km":3.76,"pipeline_access_gain_km":0.33,"share_within_10km":0.884},"geometry":{"type":"Polygon","coordinates":[[[76.0146,19.5399],[75.8091,19.6494],[75.8118,19.8856],[76.0203,20.0128],[76.2265,19.9035],[76.2235,19.6668],[76.0146,19.5399]]]}},{"type":"Feature","properties":{"id":"nh_access:h3:84609cbffffffff","field":"national_highways","kind":"nh_access","source":"osm+worldpop","confidence":0.9,"population":645697.0,"nh_distance_km":3.12,"pipeline_access_gain_km":0.0,"share_within_10km":0.977},"geometry":{"type":"Polygon","coordinates":[[[75.6015,19.5223],[75.3969,19.6311],[75.3992,19.8667],[75.6065,19.9941],[75.8118,19.8856],[75.8091,19.6494],[75.6015,19.5223]]]}},{"type":"Feature","properties":{"id":"nh_access:h3:84609cdffffffff","field":"national_highways","kind":"nh_access","source":"osm+worldpop","confidence":0.9,"population":400437.0,"nh_distance_km":3.89,"pipeline_access_gain_km":0.0,"share_within_10km":0.896},"geometry":{"type":"Polygon","coordinates":[[[76.2265,19.9035],[76.0203,20.0128],[76.0232,20.2488],[76.2326,20.3761],[76.4395,20.2671],[76.4363,20.0306],[76.2265,19.9035]]]}},{"type":"Feature","properties":{"id":"nh_access:h3:84609d1ffffffff","field":"national_highways","kind":"nh_access","source":"osm+worldpop","confidence":0.9,"population":537431.0,"nh_distance_km":13.09,"pipeline_access_gain_km":0.0,"share_within_10km":0.259},"geometry":{"type":"Polygon","coordinates":[[[74.7816,19.4846],[74.5788,19.592],[74.5805,19.8265],[74.7852,19.9541],[74.9887,19.847],[74.9867,19.612],[74.7816,19.4846]]]}},{"type":"Feature","properties":{"id":"nh_access:h3:84609d3ffffffff","field":"national_highways","kind":"nh_access","source":"osm+worldpop","confidence":0.9,"population":796089.0,"nh_distance_km":3.41,"pipeline_access_gain_km":0.4,"share_within_10km":0.947},"geometry":{"type":"Polygon","coordinates":[[[74.3749,19.4646],[74.1731,19.5713],[74.1744,19.8051],[74.3779,19.9329],[74.5805,19.8265],[74.5788,19.592],[74.3749,19.4646]]]}},{"type":"Feature","properties":{"id":"nh_access:h3:84609d5ffffffff","field":"national_highways","kind":"nh_access","source":"osm+worldpop","confidence":0.9,"population":402972.0,"nh_distance_km":4.2,"pipeline_access_gain_km":0.0,"share_within_10km":0.856},"geometry":{"type":"Polygon","coordinates":[[[74.9887,19.847],[74.7852,19.9541],[74.7871,20.1884],[74.9927,20.3162],[75.197,20.2094],[75.1948,19.9745],[74.9887,19.847]]]}},{"type":"Feature","properties":{"id":"nh_access:h3:84609d7ffffffff","field":"national_highways","kind":"nh_access","source":"osm+worldpop","confidence":0.9,"population":566340.0,"nh_distance_km":4.17,"pipeline_access_gain_km":0.0,"share_within_10km":0.885},"geometry":{"type":"Polygon","coordinates":[[[74.5805,19.8265],[74.3779,19.9329],[74.3794,20.1666],[74.5838,20.2945],[74.7871,20.1884],[74.7852,19.9541],[74.5805,19.8265]]]}},{"type":"Feature","properties":{"id":"nh_access:h3:84609d9ffffffff","field":"national_highways","kind":"nh_access","source":"osm+worldpop","confidence":0.9,"population":467345.0,"nh_distance_km":7.46,"pipeline_access_gain_km":0.0,"share_within_10km":0.682},"geometry":{"type":"Polygon","coordinates":[[[74.9828,19.141],[74.7798,19.2494],[74.7816,19.4846],[74.9867,19.612],[75.1904,19.5039],[75.1883,19.2681],[74.9828,19.141]]]}},{"type":"Feature","properties":{"id":"nh_access:h3:84609dbffffffff","field":"national_highways","kind":"nh_access","source":"osm+worldpop","confidence":0.9,"population":463712.0,"nh_distance_km":5.71,"pipeline_access_gain_km":1.26,"share_within_10km":0.814},"geometry":{"type":"Polygon","coordinates":[[[74.5755,19.1222],[74.3734,19.2299],[74.3749,19.4646],[74.5788,19.592],[74.7816,19.4846],[74.7798,19.2494],[74.5755,19.1222]]]}},{"type":"Feature","properties":{"id":"nh_access:h3:84609ddffffffff","field":"national_highways","kind":"nh_access","source":"osm+worldpop","confidence":0.9,"population":1533633.0,"nh_distance_km":1.53,"pipeline_access_gain_km":0.0,"share_within_10km":0.988},"geometry":{"type":"Polygon","coordinates":[[[75.1904,19.5039],[74.9867,19.612],[74.9887,19.847],[75.1948,19.9745],[75.3992,19.8667],[75.3969,19.6311],[75.1904,19.5039]]]}},{"type":"Feature","properties":{"id":"nh_access:h3:84609e1ffffffff","field":"national_highways","kind":"nh_access","source":"osm+worldpop","confidence":0.9,"population":892205.0,"nh_distance_km":2.3,"pipeline_access_gain_km":0.0,"share_within_10km":0.996},"geometry":{"type":"Polygon","coordinates":[[[76.0318,20.9547],[75.8253,21.0616],[75.828,21.2958],[76.0376,21.4237],[76.2449,21.3171],[76.2418,21.0824],[76.0318,20.9547]]]}},{"type":"Feature","properties":{"id":"nh_access:h3:84609e3ffffffff","field":"national_highways","kind":"nh_access","source":"osm+worldpop","confidence":0.9,"population":1124259.0,"nh_distance_km":2.39,"pipeline_access_gain_km":0.0,"share_within_10km":0.977},"geometry":{"type":"Polygon","coordinates":[[[75.6166,20.9338],[75.4109,21.04],[75.4133,21.2736],[75.6217,21.4017],[75.828,21.2958],[75.8253,21.0616],[75.6166,20.9338]]]}},{"type":"Feature","properties":{"id":"nh_access:h3:84609e5ffffffff","field":"national_highways","kind":"nh_access","source":"osm+worldpop","confidence":0.9,"population":370829.0,"nh_distance_km":6.82,"pipeline_access_gain_km":0.0,"share_within_10km":0.672},"geometry":{"type":"Polygon","coordinates":[[[76.2449,21.3171],[76.0376,21.4237],[76.0405,21.6576],[76.251,21.7855],[76.459,21.6792],[76.4557,21.4448],[76.2449,21.3171]]]}},{"type":"Feature","properties":{"id":"nh_access:h3:84609e7ffffffff","field":"national_highways","kind":"nh_access","source":"osm+worldpop","confidence":0.9,"population":387496.0,"nh_distance_km":7.46,"pipeline_access_gain_km":0.0,"share_within_10km":0.716},"geometry":{"type":"Polygon","coordinates":[[[75.828,21.2958],[75.6217,21.4017],[75.6242,21.6351],[75.8335,21.7631],[76.0405,21.6576],[76.0376,21.4237],[75.828,21.2958]]]}},{"type":"Feature","properties":{"id":"nh_access:h3:84609e9ffffffff","field":"national_highways","kind":"nh_access","source":"osm+worldpop","confidence":0.9,"population":572474.0,"nh_distance_km":4.76,"pipeline_access_gain_km":0.0,"share_within_10km":0.874},"geometry":{"type":"Polygon","coordinates":[[[76.2357,20.6118],[76.029,20.7198],[76.0318,20.9547],[76.2418,21.0824],[76.4492,20.9748],[76.446,20.7392],[76.2357,20.6118]]]}},{"type":"Feature","properties":{"id":"nh_access:h3:84609ebffffffff","field":"national_highways","kind":"nh_access","source":"osm+worldpop","confidence":0.9,"population":643990.0,"nh_distance_km":4.12,"pipeline_access_gain_km":0.0,"share_within_10km":0.891},"geometry":{"type":"Polygon","coordinates":[[[75.8199,20.5922],[75.6141,20.6994],[75.6166,20.9338],[75.8253,21.0616],[76.0318,20.9547],[76.029,20.7198],[75.8199,20.5922]]]}},{"type":"Feature","properties":{"id":"nh_access:h3:84609edffffffff","field":"national_highways","kind":"nh_access","source":"osm+worldpop","confidence":0.9,"population":387480.0,"nh_distance_km":9.67,"pipeline_access_gain_km":0.0,"share_within_10km":0.56},"geometry":{"type":"Polygon","coordinates":[[[76.4492,20.9748],[76.2418,21.0824],[76.2449,21.3171],[76.4557,21.4448],[76.6639,21.3375],[76.6604,21.1022],[76.4492,20.9748]]]}},{"type":"Feature","properties":{"id":"nh_access:h3:8460a01ffffffff","field":"national_highways","kind":"nh_access","source":"osm+worldpop","confidence":0.9,"population":728593.0,"nh_distance_km":9.5,"pipeline_access_gain_km":3.82,"share_within_10km":0.585},"geometry":{"type":"Polygon","coordinates":[[[77.8269,15.6248],[77.6204,15.7441],[77.6246,15.9869],[77.8356,16.111],[78.0426,15.992],[78.0381,15.7486],[77.8269,15.6248]]]}},{"type":"Feature","properties":{"id":"nh_access:h3:8460a03ffffffff","field":"national_highways","kind":"nh_access","source":"osm+worldpop","confidence":0.9,"population":605133.0,"nh_distance_km":6.92,"pipeline_access_gain_km":0.18,"share_within_10km":0.695},"geometry":{"type":"Polygon","coordinates":[[[77.4103,15.6202],[77.2047,15.7387],[77.2085,15.981],[77.4183,16.1052],[77.6246,15.9869],[77.6204,15.7441],[77.4103,15.6202]]]}},{"type":"Feature","properties":{"id":"nh_access:h3:8460a05ffffffff","field":"national_highways","kind":"nh_access","source":"osm+worldpop","confidence":0.9,"population":547399.0,"nh_distance_km":9.13,"pipeline_access_gain_km":0.0,"share_within_10km":0.508},"geometry":{"type":"Polygon","coordinates":[[[78.0426,15.992],[77.8356,16.111],[77.8399,16.3538],[78.0517,16.4781],[78.2594,16.3593],[78.2547,16.116],[78.0426,15.992]]]}},{"type":"Feature","properties":{"id":"nh_access:h3:8460a07ffffffff","field":"national_highways","kind":"nh_access","source":"osm+worldpop","confidence":0.9,"population":505967.0,"nh_distance_km":14.94,"pipeline_access_gain_km":4.34,"share_within_10km":0.189},"geometry":{"type":"Polygon","coordinates":[[[77.6246,15.9869],[77.4183,16.1052],[77.4223,16.3474],[77.633,16.4719],[77.8399,16.3538],[77.8356,16.111],[77.6246,15.9869]]]}},{"type":"Feature","properties":{"id":"nh_access:h3:8460a09ffffffff","field":"national_highways","kind":"nh_access","source":"osm+worldpop","confidence":0.9,"population":445812.0,"nh_distance_km":3.23,"pipeline_access_gain_km":0.0,"share_within_10km":0.971},"geometry":{"type":"Polygon","coordinates":[[[78.0291,15.2614],[77.8225,15.3815],[77.8269,15.6248],[78.0381,15.7486],[78.2453,15.6288],[78.2406,15.3849],[78.0291,15.2614]]]}},{"type":"Feature","properties":{"id":"nh_access:h3:8460a0bffffffff","field":"national_highways","kind":"nh_access","source":"osm+worldpop","confidence":0.9,"population":346140.0,"nh_distance_km":19.02,"pipeline_access_gain_km":0.0,"share_within_10km":0.084},"geometry":{"type":"Polygon","coordinates":[[[77.6121,15.2579],[77.4063,15.3774],[77.4103,15.6202],[77.6204,15.7441],[77.8269,15.6248],[77.8225,15.3815],[77.6121,15.2579]]]}},{"type":"Feature","properties":{"id":"nh_access:h3:8460a0dffffffff","field":"national_highways","kind":"nh_access","source":"osm+worldpop","confidence":0.9,"population":535608.0,"nh_distance_km":4.74,"pipeline_access_gain_km":0.0,"share_within_10km":0.861},"geometry":{"type":"Polygon","coordinates":[[[78.2453,15.6288],[78.0381,15.7486],[78.0426,15.992],[78.2547,16.116],[78.4626,15.9963],[78.4577,15.7524],[78.2453,15.6288]]]}},{"type":"Feature","properties":{"id":"nh_access:h3:8460a11ffffffff","field":"national_highways","kind":"nh_access","source":"osm+worldpop","confidence":0.9,"population":667755.0,"nh_distance_km":10.71,"pipeline_access_gain_km":0.0,"share_within_10km":0.532},"geometry":{"type":"Polygon","coordinates":[[[76.784,15.2487],[76.5799,15.3669],[76.5832,15.6085],[76.791,15.7326],[76.9958,15.6147],[76.9921,15.3725],[76.784,15.2487]]]}},{"type":"Feature","properties":{"id":"nh_access:h3:8460a13ffffffff","field":"national_highways","kind":"nh_access","source":"osm+worldpop","confidence":0.9,"population":771429.0,"nh_distance_km":9.87,"pipeline_access_gain_km":0.0,"share_within_10km":0.554},"geometry":{"type":"Polygon","coordinates":[[[76.373,15.2431],[76.1697,15.3605],[76.1726,15.6016],[76.3792,15.7258],[76.5832,15.6085],[76.5799,15.3669],[76.373,15.2431]]]}},{"type":"Feature","properties":{"id":"nh_access:h3:8460a15ffffffff","field":"national_highways","kind":"nh_access","source":"osm+worldpop","confidence":0.9,"population":449636.0,"nh_distance_km":19.57,"pipeline_access_gain_km":3.44,"share_within_10km":0.198},"geometry":{"type":"Polygon","coordinates":[[[76.9958,15.6147],[76.791,15.7326],[76.7944,15.9743],[77.0031,16.0986],[77.2085,15.981],[77.2047,15.7387],[76.9958,15.6147]]]}},{"type":"Feature","properties":{"id":"nh_access:h3:8460a17ffffffff","field":"national_highways","kind":"nh_access","source":"osm+worldpop","confidence":0.9,"population":448012.0,"nh_distance_km":10.0,"pipeline_access_gain_km":1.02,"share_within_10km":0.567},"geometry":{"type":"Polygon","coordinates":[[[76.5832,15.6085],[76.3792,15.7258],[76.3824,15.9669],[76.5898,16.0913],[76.7944,15.9743],[76.791,15.7326],[76.5832,15.6085]]]}},{"type":"Feature","properties":{"id":"nh_access:h3:8460a19ffffffff","field":"national_highways","kind":"nh_access","source":"osm+worldpop","confidence":0.9,"population":840148.0,"nh_distance_km":3.14,"pipeline_access_gain_km":0.0,"share_within_10km":0.931},"geometry":{"type":"Polygon","coordinates":[[[76.9849,14.8876],[76.7806,15.0066],[76.784,15.2487],[76.9921,15.3725],[77.1971,15.2537],[77.1933,15.011],[76.9849,14.8876]]]}},{"type":"Feature","properties":{"id":"nh_access:h3:8460a1bffffffff","field":"national_highways","kind":"nh_access","source":"osm+worldpop","confidence":0.9,"population":584657.0,"nh_distance_km":5.79,"pipeline_access_gain_km":0.02,"share_within_10km":0.794},"geometry":{"type":"Polygon","coordinates":[[[76.5733,14.8831],[76.3699,15.0014],[76.373,15.2431],[76.5799,15.3669],[76.784,15.2487],[76.7806,15.0066],[76.5733,14.8831]]]}},{"type":"Feature","properties":{"id":"nh_access:h3:8460a1dffffffff","field":"national_highways","kind":"nh_access","source":"osm+worldpop","confidence":0.9,"population":530831.0,"nh_distance_km":6.58,"pipeline_access_gain_km":0.0,"share_within_10km":0.676},"geometry":{"type":"Polygon","coordinates":[[[77.1971,15.2537],[76.9921,15.3725],[76.9958,15.6147],[77.2047,15.7387],[77.4103,15.6202],[77.4063,15.3774],[77.1971,15.2537]]]}},{"type":"Feature","properties":{"id":"nh_access:h3:8460a21ffffffff","field":"national_highways","kind":"nh_access","source":"osm+worldpop","confidence":0.9,"population":662949.0,"nh_distance_km":6.47,"pipeline_access_gain_km":0.0,"share_within_10km":0.695},"geometry":{"type":"Polygon","coordinates":[[[78.0563,16.7208],[77.8487,16.8387],[77.853,17.0808],[78.0654,17.2056],[78.2736,17.088],[78.2689,16.8453],[78.0563,16.7208]]]}},{"type":"Feature","properties":{"id":"nh_access:h3:8460a23ffffffff","field":"national_highways","kind":"nh_access","source":"osm+worldpop","confidence":0.9,"population":541690.0,"nh_distance_km":8.82,"pipeline_access_gain_km":0.0,"share_within_10km":0.631},"geometry":{"type":"Polygon","coordinates":[[[77.6372,16.7141],[77.4304,16.8313],[77.4344,17.0729],[77.6456,17.1978],[77.853,17.0808],[77.8487,16.8387],[77.6372,16.7141]]]}},{"type":"Feature","properties":{"id":"nh_access:h3:8460a25ffffffff","field":"national_highways","kind":"nh_access","source":"osm+worldpop","confidence":0.9,"population":4502779.0,"nh_distance_km":1.38,"pipeline_access_gain_km":0.0,"share_within_10km":0.988},"geometry":{"type":"Polygon","coordinates":[[[78.2736,17.088],[78.0654,17.2056],[78.07,17.4477],[78.2831,17.5726],[78.492,17.4552],[78.4871,17.2126],[78.2736,17.088]]]}},{"type":"Feature","properties":{"id":"nh_access:h3:8460a27ffffffff","field":"national_highways","kind":"nh_access","source":"osm+worldpop","confidence":0.9,"population":624547.0,"nh_distance_km":10.63,"pipeline_access_gain_km":0.41,"share_within_10km":0.47},"geometry":{"type":"Polygon","coordinates":[[[77.853,17.0808],[77.6456,17.1978],[77.6498,17.4393],[77.8618,17.5644],[78.07,17.4477],[78.0654,17.2056],[77.853,17.0808]]]}},{"type":"Feature","properties":{"id":"nh_access:h3:8460a29ffffffff","field":"national_highways","kind":"nh_access","source":"osm+worldpop","confidence":0.9,"population":483395.0,"nh_distance_km":6.79,"pipeline_access_gain_km":0.0,"share_within_10km":0.705},"geometry":{"type":"Polygon","coordinates":[[[78.2594,16.3593],[78.0517,16.4781],[78.0563,16.7208],[78.2689,16.8453],[78.4773,16.7267],[78.4724,16.4835],[78.2594,16.3593]]]}},{"type":"Feature","properties":{"id":"nh_access:h3:8460a2bffffffff","field":"national_highways","kind":"nh_access","source":"osm+worldpop","confidence":0.9,"population":670157.0,"nh_distance_km":4.62,"pipeline_access_gain_km":0.0,"share_within_10km":0.852},"geometry":{"type":"Polygon","coordinates":[[[77.8399,16.3538],[77.633,16.4719],[77.6372,16.7141],[77.8487,16.8387],[78.0563,16.7208],[78.0517,16.4781],[77.8399,16.3538]]]}},{"type":"Feature","properties":{"id":"nh_access:h3:8460a2dffffffff","field":"national_highways","kind":"nh_access","source":"osm+worldpop","confidence":0.9,"population":408010.0,"nh_distance_km":7.63,"pipeline_access_gain_km":0.0,"share_within_10km":0.661},"geometry":{"type":"Polygon","coordinates":[[[78.4773,16.7267],[78.2689,16.8453],[78.2736,17.088],[78.4871,17.2126],[78.6961,17.0943],[78.691,16.8511],[78.4773,16.7267]]]}},{"type":"Feature","properties":{"id":"nh_access:h3:8460a31ffffffff","field":"national_highways","kind":"nh_access","source":"osm+worldpop","confidence":0.9,"population":424734.0,"nh_distance_km":10.29,"pipeline_access_gain_km":3.62,"share_within_10km":0.528},"geometry":{"type":"Polygon","coordinates":[[[77.0067,16.3403],[76.8014,16.4571],[76.8049,16.6982],[77.0141,16.823],[77.22,16.7065],[77.2162,16.4649],[77.0067,16.3403]]]}},{"type":"Feature","properties":{"id":"nh_access:h3:8460a33ffffffff","field":"national_highways","kind":"nh_access","source":"osm+worldpop","confidence":0.9,"population":468379.0,"nh_distance_km":14.92,"pipeline_access_gain_km":0.0,"share_within_10km":0.366},"geometry":{"type":"Polygon","coordinates":[[[76.5931,16.3324],[76.3886,16.4485],[76.3918,16.689],[76.5997,16.814],[76.8049,16.6982],[76.8014,16.4571],[76.5931,16.3324]]]}},{"type":"Feature","properties":{"id":"nh_access:h3:8460a35ffffffff","field":"national_highways","kind":"nh_access","source":"osm+worldpop","confidence":0.9,"population":454992.0,"nh_distance_km":10.61,"pipeline_access_gain_km":0.0,"share_within_10km":0.48},"geometry":{"type":"Polygon","coordinates":[[[77.22,16.7065],[77.0141,16.823],[77.0177,17.0641],[77.2277,17.1892],[77.4344,17.0729],[77.4304,16.8313],[77.22,16.7065]]]}},{"type":"Feature","properties":{"id":"nh_access:h3:8460a37ffffffff","field":"national_highways","kind":"nh_access","source":"osm+worldpop","confidence":0.9,"population":422344.0,"nh_distance_km":4.9,"pipeline_access_gain_km":1.01,"share_within_10km":0.873},"geometry":{"type":"Polygon","coordinates":[[[76.8049,16.6982],[76.5997,16.814],[76.6031,17.0545],[76.8119,17.1797],[77.0177,17.0641],[77.0141,16.823],[76.8049,16.6982]]]}},{"type":"Feature","properties":{"id":"nh_access:h3:8460a39ffffffff","field":"national_highways","kind":"nh_access","source":"osm+worldpop","confidence":0.9,"population":591423.0,"nh_distance_km":9.5,"pipeline_access_gain_km":5.49,"share_within_10km":0.637},"geometry":{"type":"Polygon","coordinates":[[[77.2085,15.981],[77.0031,16.0986],[77.0067,16.3403],[77.2162,16.4649],[77.4223,16.3474],[77.4183,16.1052],[77.2085,15.981]]]}},{"type":"Feature","properties":{"id":"nh_access:h3:8460a3bffffffff","field":"national_highways","kind":"nh_access","source":"osm+worldpop","confidence":0.9,"population":348900.0,"nh_distance_km":17.15,"pipeline_access_gain_km":9.17,"share_within_10km":0.312},"geometry":{"type":"Polygon","coordinates":[[[76.7944,15.9743],[76.5898,16.0913],[76.5931,16.3324],[76.8014,16.4571],[77.0067,16.3403],[77.0031,16.0986],[76.7944,15.9743]]]}},{"type":"Feature","properties":{"id":"nh_access:h3:8460a3dffffffff","field":"national_highways","kind":"nh_access","source":"osm+worldpop","confidence":0.9,"population":425210.0,"nh_distance_km":10.1,"pipeline_access_gain_km":0.05,"share_within_10km":0.569},"geometry":{"type":"Polygon","coordinates":[[[77.4223,16.3474],[77.2162,16.4649],[77.22,16.7065],[77.4304,16.8313],[77.6372,16.7141],[77.633,16.4719],[77.4223,16.3474]]]}},{"type":"Feature","properties":{"id":"nh_access:h3:8460a41ffffffff","field":"national_highways","kind":"nh_access","source":"osm+worldpop","confidence":0.9,"population":259901.0,"nh_distance_km":5.85,"pipeline_access_gain_km":1.39,"share_within_10km":0.788},"geometry":{"type":"Polygon","coordinates":[[[78.6505,14.8982],[78.4431,15.0197],[78.4479,15.2641],[78.6606,15.3875],[78.8687,15.2661],[78.8634,15.0212],[78.6505,14.8982]]]}},{"type":"Feature","properties":{"id":"nh_access:h3:8460a43ffffffff","field":"national_highways","kind":"nh_access","source":"osm+worldpop","confidence":0.9,"population":316139.0,"nh_distance_km":4.24,"pipeline_access_gain_km":1.16,"share_within_10km":0.91},"geometry":{"type":"Polygon","coordinates":[[[78.2312,14.8966],[78.0246,15.0176],[78.0291,15.2614],[78.2406,15.3849],[78.4479,15.2641],[78.4431,15.0197],[78.2312,14.8966]]]}},{"type":"Feature","properties":{"id":"nh_access:h3:8460a45ffffffff","field":"national_highways","kind":"nh_access","source":"osm+worldpop","confidence":0.9,"population":181253.0,"nh_distance_km":6.63,"pipeline_access_gain_km":0.72,"share_within_10km":0.737},"geometry":{"type":"Polygon","coordinates":[[[78.8687,15.2661],[78.6606,15.3875],[78.6656,15.6319],[78.8791,15.7554],[79.0878,15.6342],[79.0824,15.3893],[78.8687,15.2661]]]}},{"type":"Feature","properties":{"id":"nh_access:h3:8460a47ffffffff","field":"national_highways","kind":"nh_access","source":"osm+worldpop","confidence":0.9,"population":626896.0,"nh_distance_km":3.06,"pipeline_access_gain_km":0.0,"share_within_10km":0.924},"geometry":{"type":"Polygon","coordinates":[[[78.4479,15.2641],[78.2406,15.3849],[78.2453,15.6288],[78.4577,15.7524],[78.6656,15.6319],[78.6606,15.3875],[78.4479,15.2641]]]}},{"type":"Feature","properties":{"id":"nh_access:h3:8460a49ffffffff","field":"national_highways","kind":"nh_access","source":"osm+worldpop","confidence":0.9,"population":369883.0,"nh_distance_km":3.11,"pipeline_access_gain_km":0.21,"share_within_10km":0.964},"geometry":{"type":"Polygon","coordinates":[[[78.853,14.5309],[78.6455,14.6533],[78.6505,14.8982],[78.8634,15.0212],[79.0716,14.8989],[79.0662,14.6535],[78.853,14.5309]]]}},{"type":"Feature","properties":{"id":"nh_access:h3:8460a4bffffffff","field":"national_highways","kind":"nh_access","source":"osm+worldpop","confidence":0.9,"population":592902.0,"nh_distance_km":2.55,"pipeline_access_gain_km":0.08,"share_within_10km":0.989},"geometry":{"type":"Polygon","coordinates":[[[78.4334,14.5305],[78.2266,14.6523],[78.2312,14.8966],[78.4431,15.0197],[78.6505,14.8982],[78.6455,14.6533],[78.4334,14.5305]]]}},{"type":"Feature","properties":{"id":"nh_access:h3:8460a4dffffffff","field":"national_highways","kind":"nh_access","source":"osm+worldpop","confidence":0.9,"population":218817.0,"nh_distance_km":7.07,"pipeline_access_gain_km":0.43,"share_within_10km":0.68},"geometry":{"type":"Polygon","coordinates":[[[79.0716,14.8989],[78.8634,15.0212],[78.8687,15.2661],[79.0824,15.3893],[79.2912,15.2673],[79.2857,15.0218],[79.0716,14.8989]]]}},{"type":"Feature","properties":{"id":"nh_access:h3:8460a51ffffffff","field":"national_highways","kind":"nh_access","source":"osm+worldpop","confidence":0.9,"population":690670.0,"nh_distance_km":2.27,"pipeline_access_gain_km":0.24,"share_within_10km":0.959},"geometry":{"type":"Polygon","coordinates":[[[77.5997,14.5276],[77.3944,14.6481],[77.3984,14.8913],[77.608,15.0146],[77.8139,14.8943],[77.8095,14.6505],[77.5997,14.5276]]]}},{"type":"Feature","properties":{"id":"nh_access:h3:8460a53ffffffff","field":"national_highways","kind":"nh_access","source":"osm+worldpop","confidence":0.9,"population":329399.0,"nh_distance_km":6.28,"pipeline_access_gain_km":0.0,"share_within_10km":0.755},"geometry":{"type":"Polygon","coordinates":[[[77.1857,14.525],[76.9813,14.6449],[76.9849,14.8876],[77.1933,15.011],[77.3984,14.8913],[77.3944,14.6481],[77.1857,14.525]]]}},{"type":"Feature","properties":{"id":"nh_access:h3:8460a55ffffffff","field":"national_highways","kind":"nh_access","source":"osm+worldpop","confidence":0.9,"population":359117.0,"nh_distance_km":4.98,"pipeline_access_gain_km":0.0,"share_within_10km":0.848},"geometry":{"type":"Polygon","coordinates":[[[77.8139,14.8943],[77.608,15.0146],[77.6121,15.2579],[77.8225,15.3815],[78.0291,15.2614],[78.0246,15.0176],[77.8139,14.8943]]]}},{"type":"Feature","properties":{"id":"nh_access:h3:8460a57ffffffff","field":"national_highways","kind":"nh_access","source":"osm+worldpop","confidence":0.9,"population":389050.0,"nh_distance_km":5.74,"pipeline_access_gain_km":0.0,"share_within_10km":0.768},"geometry":{"type":"Polygon","coordinates":[[[77.3984,14.8913],[77.1933,15.011],[77.1971,15.2537],[77.4063,15.3774],[77.6121,15.2579],[77.608,15.0146],[77.3984,14.8913]]]}},{"type":"Feature","properties":{"id":"nh_access:h3:8460a59ffffffff","field":"national_highways","kind":"nh_access","source":"osm+worldpop","confidence":0.9,"population":424786.0,"nh_distance_km":5.64,"pipeline_access_gain_km":0.1,"share_within_10km":0.878},"geometry":{"type":"Polygon","coordinates":[[[77.8009,14.1625],[77.5955,14.2838],[77.5997,14.5276],[77.8095,14.6505],[78.0156,14.5294],[78.0111,14.2851],[77.8009,14.1625]]]}},{"type":"Feature","properties":{"id":"nh_access:h3:8460a5bffffffff","field":"national_highways","kind":"nh_access","source":"osm+worldpop","confidence":0.9,"population":223883.0,"nh_distance_km":18.42,"pipeline_access_gain_km":0.02,"share_within_10km":0.212},"geometry":{"type":"Polygon","coordinates":[[[77.3865,14.1611],[77.1819,14.2818],[77.1857,14.525],[77.3944,14.6481],[77.5997,14.5276],[77.5955,14.2838],[77.3865,14.1611]]]}},{"type":"Feature","properties":{"id":"nh_access:h3:8460a5dffffffff","field":"national_highways","kind":"nh_access","source":"osm+worldpop","confidence":0.9,"population":365854.0,"nh_distance_km":5.76,"pipeline_access_gain_km":1.58,"share_within_10km":0.754},"geometry":{"type":"Polygon","coordinates":[[[78.0156,14.5294],[77.8095,14.6505],[77.8139,14.8943],[78.0246,15.0176],[78.2312,14.8966],[78.2266,14.6523],[78.0156,14.5294]]]}},{"type":"Feature","properties":{"id":"nh_access:h3:8460a61ffffffff","field":"national_highways","kind":"nh_access","source":"osm+worldpop","confidence":0.9,"population":82784.0,"nh_distance_km":8.01,"pipeline_access_gain_km":0.0,"share_within_10km":0.671},"geometry":{"type":"Polygon","coordinates":[[[78.8844,15.9998],[78.6758,16.1202],[78.6808,16.364],[78.8949,16.488],[79.1041,16.3679],[79.0987,16.1236],[78.8844,15.9998]]]}},{"type":"Feature","properties":{"id":"nh_access:h3:8460a63ffffffff","field":"national_highways","kind":"nh_access","source":"osm+worldpop","confidence":0.9,"population":300086.0,"nh_distance_km":8.7,"pipeline_access_gain_km":0.0,"share_within_10km":0.587},"geometry":{"type":"Polygon","coordinates":[[[78.4626,15.9963],[78.2547,16.116],[78.2594,16.3593],[78.4724,16.4835],[78.6808,16.364],[78.6758,16.1202],[78.4626,15.9963]]]}},{"type":"Feature","properties":{"id":"nh_access:h3:8460a65ffffffff","field":"national_highways","kind":"nh_access","source":"osm+worldpop","confidence":0.9,"population":287500.0,"nh_distance_km":6.69,"pipeline_access_gain_km":0.0,"share_within_10km":0.754},"geometry":{"type":"Polygon","coordinates":[[[79.1041,16.3679],[78.8949,16.488],[78.9002,16.7318],[79.115,16.856],[79.3249,16.7361],[79.3193,16.4918],[79.1041,16.3679]]]}},{"type":"Feature","properties":{"id":"nh_access:h3:8460a67ffffffff","field":"national_highways","kind":"nh_access","source":"osm+worldpop","confidence":0.9,"population":331849.0,"nh_distance_km":5.62,"pipeline_access_gain_km":0.0,"share_within_10km":0.809},"geometry":{"type":"Polygon","coordinates":[[[78.6808,16.364],[78.4724,16.4835],[78.4773,16.7267],[78.691,16.8511],[78.9002,16.7318],[78.8949,16.488],[78.6808,16.364]]]}},{"type":"Feature","properties":{"id":"nh_access:h3:8460a69ffffffff","field":"national_highways","kind":"nh_access","source":"osm+worldpop","confidence":0.9,"population":173239.0,"nh_distance_km":3.64,"pipeline_access_gain_km":0.0,"share_within_10km":0.901},"geometry":{"type":"Polygon","coordinates":[[[79.0878,15.6342],[78.8791,15.7554],[78.8844,15.9998],[79.0987,16.1236],[79.308,16.0026],[79.3024,15.7576],[79.0878,15.6342]]]}},{"type":"Feature","properties":{"id":"nh_access:h3:8460a6bffffffff","field":"national_highways","kind":"nh_access","source":"osm+worldpop","confidence":0.9,"population":180312.0,"nh_distance_km":4.43,"pipeline_access_gain_km":0.0,"share_within_10km":0.872},"geometry":{"type":"Polygon","coordinates":[[[78.6656,15.6319],[78.4577,15.7524],[78.4626,15.9963],[78.6758,16.1202],[78.8844,15.9998],[78.8791,15.7554],[78.6656,15.6319]]]}},{"type":"Feature","properties":{"id":"nh_access:h3:8460a6dffffffff","field":"national_highways","kind":"nh_access","source":"osm+worldpop","confidence":0.9,"population":143471.0,"nh_distance_km":6.57,"pipeline_access_gain_km":0.0,"share_within_10km":0.747},"geometry":{"type":"Polygon","coordinates":[[[79.308,16.0026],[79.0987,16.1236],[79.1041,16.3679],[79.3193,16.4918],[79.5293,16.371],[79.5235,16.1261],[79.308,16.0026]]]}},{"type":"Feature","properties":{"id":"nh_access:h3:8460a81ffffffff","field":"national_highways","kind":"nh_access","source":"osm+worldpop","confidence":0.9,"population":548856.0,"nh_distance_km":23.81,"pipeline_access_gain_km":14.33,"share_within_10km":0.097},"geometry":{"type":"Polygon","coordinates":[[[74.9533,15.5765],[74.7528,15.6912],[74.7546,15.9299],[74.9572,16.0546],[75.1584,15.9402],[75.1563,15.7009],[74.9533,15.5765]]]}},{"type":"Feature","properties":{"id":"nh_access:h3:8460a83ffffffff","field":"national_highways","kind":"nh_access","source":"osm+worldpop","confidence":0.9,"population":1234967.0,"nh_distance_km":3.99,"pipeline_access_gain_km":0.6,"share_within_10km":0.905},"geometry":{"type":"Polygon","coordinates":[[[74.5511,15.5668],[74.3515,15.6808],[74.353,15.9189],[74.5543,16.0436],[74.7546,15.9299],[74.7528,15.6912],[74.5511,15.5668]]]}},{"type":"Feature","properties":{"id":"nh_access:h3:8460a85ffffffff","field":"national_highways","kind":"nh_access","source":"osm+worldpop","confidence":0.9,"population":508142.0,"nh_distance_km":40.77,"pipeline_access_gain_km":28.32,"share_within_10km":0.0},"geometry":{"type":"Polygon","coordinates":[[[75.1584,15.9402],[74.9572,16.0546],[74.9592,16.2933],[75.1626,16.4183],[75.3645,16.3042],[75.3622,16.0648],[75.1584,15.9402]]]}},{"type":"Feature","properties":{"id":"nh_access:h3:8460a87ffffffff","field":"national_highways","kind":"nh_access","source":"osm+worldpop","confidence":0.9,"population":735329.0,"nh_distance_km":25.09,"pipeline_access_gain_km":2.31,"share_within_10km":0.099},"geometry":{"type":"Polygon","coordinates":[[[74.7546,15.9299],[74.5543,16.0436],[74.5559,16.2817],[74.7582,16.4068],[74.9592,16.2933],[74.9572,16.0546],[74.7546,15.9299]]]}},{"type":"Feature","properties":{"id":"nh_access:h3:8460a89ffffffff","field":"national_highways","kind":"nh_access","source":"osm+worldpop","confidence":0.9,"population":1051629.0,"nh_distance_km":5.4,"pipeline_access_gain_km":0.0,"share_within_10km":0.83},"geometry":{"type":"Polygon","coordinates":[[[75.1521,15.2217],[74.9514,15.3373],[74.9533,15.5765],[75.1563,15.7009],[75.3577,15.5856],[75.3554,15.3457],[75.1521,15.2217]]]}},{"type":"Feature","properties":{"id":"nh_access:h3:8460a8bffffffff","field":"national_highways","kind":"nh_access","source":"osm+worldpop","confidence":0.9,"population":750728.0,"nh_distance_km":3.97,"pipeline_access_gain_km":0.0,"share_within_10km":0.913},"geometry":{"type":"Polygon","coordinates":[[[74.7493,15.2132],[74.5495,15.3281],[74.5511,15.5668],[74.7528,15.6912],[74.9533,15.5765],[74.9514,15.3373],[74.7493,15.2132]]]}},{"type":"Feature","properties":{"id":"nh_access:h3:8460a8dffffffff","field":"national_highways","kind":"nh_access","source":"osm+worldpop","confidence":0.9,"population":408123.0,"nh_distance_km":11.54,"pipeline_access_gain_km":3.33,"share_within_10km":0.508},"geometry":{"type":"Polygon","coordinates":[[[75.3577,15.5856],[75.1563,15.7009],[75.1584,15.9402],[75.3622,16.0648],[75.5643,15.9498],[75.5619,15.7099],[75.3577,15.5856]]]}},{"type":"Feature","properties":{"id":"nh_access:h3:8460a91ffffffff","field":"national_highways","kind":"nh_access","source":"osm+worldpop","confidence":0.9,"population":1065056.0,"nh_distance_km":2.43,"pipeline_access_gain_km":0.0,"share_within_10km":0.992},"geometry":{"type":"Polygon","coordinates":[[[73.9501,15.1943],[73.7521,15.3079],[73.7531,15.5453],[73.9523,15.6697],[74.151,15.5564],[74.1497,15.3183],[73.9501,15.1943]]]}},{"type":"Feature","properties":{"id":"nh_access:h3:8460a95ffffffff","field":"national_highways","kind":"nh_access","source":"osm+worldpop","confidence":0.9,"population":205041.0,"nh_distance_km":12.04,"pipeline_access_gain_km":0.0,"share_within_10km":0.358},"geometry":{"type":"Polygon","coordinates":[[[74.151,15.5564],[73.9523,15.6697],[73.9535,15.9072],[74.1536,16.032],[74.353,15.9189],[74.3515,15.6808],[74.151,15.5564]]]}},{"type":"Feature","properties":{"id":"nh_access:h3:8460a97ffffffff","field":"national_highways","kind":"nh_access","source":"osm+worldpop","confidence":0.9,"population":372422.0,"nh_distance_km":4.87,"pipeline_access_gain_km":0.0,"share_within_10km":0.846},"geometry":{"type":"Polygon","coordinates":[[[73.7531,15.5453],[73.5553,15.658],[73.5561,15.8948],[73.755,16.0196],[73.9535,15.9072],[73.9523,15.6697],[73.7531,15.5453]]]}},{"type":"Feature","properties":{"id":"nh_access:h3:8460a99ffffffff","field":"national_highways","kind":"nh_access","source":"osm+worldpop","confidence":0.9,"population":308942.0,"nh_distance_km":5.86,"pipeline_access_gain_km":0.0,"share_within_10km":0.774},"geometry":{"type":"Polygon","coordinates":[[[74.1472,14.8418],[73.949,14.9563],[73.9501,15.1943],[74.1497,15.3183],[74.3486,15.2041],[74.3472,14.9655],[74.1472,14.8418]]]}},{"type":"Feature","properties":{"id":"nh_access:h3:8460a9bffffffff","field":"national_highways","kind":"nh_access","source":"osm+worldpop","confidence":0.9,"population":11774.0,"nh_distance_km":6.88,"pipeline_access_gain_km":0.0,"share_within_10km":0.941},"geometry":{"type":"Polygon","coordinates":[[[73.7502,14.8326],[73.553,14.9465],[73.5538,15.1838],[73.7521,15.3079],[73.9501,15.1943],[73.949,14.9563],[73.7502,14.8326]]]}},{"type":"Feature","properties":{"id":"nh_access:h3:8460a9dffffffff","field":"national_highways","kind":"nh_access","source":"osm+worldpop","confidence":0.9,"population":113527.0,"nh_distance_km":5.01,"pipeline_access_gain_km":0.0,"share_within_10km":0.872},"geometry":{"type":"Polygon","coordinates":[[[74.3486,15.2041],[74.1497,15.3183],[74.151,15.5564],[74.3515,15.6808],[74.5511,15.5668],[74.5495,15.3281],[74.3486,15.2041]]]}},{"type":"Feature","properties":{"id":"nh_access:h3:8460aa1ffffffff","field":"national_highways","kind":"nh_access","source":"osm+worldpop","confidence":0.9,"population":391800.0,"nh_distance_km":4.87,"pipeline_access_gain_km":0.27,"share_within_10km":0.837},"geometry":{"type":"Polygon","coordinates":[[[75.1648,16.6571],[74.9631,16.7702],[74.965,17.0084],[75.169,17.1339],[75.3714,17.021],[75.3691,16.7823],[75.1648,16.6571]]]}},{"type":"Feature","properties":{"id":"nh_access:h3:8460aa3ffffffff","field":"national_highways","kind":"nh_access","source":"osm+worldpop","confidence":0.9,"population":1284638.0,"nh_distance_km":2.67,"pipeline_access_gain_km":0.5,"share_within_10km":0.965},"geometry":{"type":"Polygon","coordinates":[[[74.76,16.6449],[74.5592,16.7574],[74.5608,16.995],[74.7635,17.1206],[74.965,17.0084],[74.9631,16.7702],[74.76,16.6449]]]}},{"type":"Feature","properties":{"id":"nh_access:h3:8460aa5ffffffff","field":"national_highways","kind":"nh_access","source":"osm+worldpop","confidence":0.9,"population":275138.0,"nh_distance_km":8.48,"pipeline_access_gain_km":0.0,"share_within_10km":0.624},"geometry":{"type":"Polygon","coordinates":[[[75.3714,17.021],[75.169,17.1339],[75.1711,17.3721],[75.376,17.4979],[75.5791,17.3852],[75.5766,17.1465],[75.3714,17.021]]]}},{"type":"Feature","properties":{"id":"nh_access:h3:8460aa7ffffffff","field":"national_highways","kind":"nh_access","source":"osm+worldpop","confidence":0.9,"population":380524.0,"nh_distance_km":5.63,"pipeline_access_gain_km":0.04,"share_within_10km":0.808},"geometry":{"type":"Polygon","coordinates":[[[74.965,17.0084],[74.7635,17.1206],[74.7653,17.3581],[74.9689,17.484],[75.1711,17.3721],[75.169,17.1339],[74.965,17.0084]]]}},{"type":"Feature","properties":{"id":"nh_access:h3:8460aa9ffffffff","field":"national_highways","kind":"nh_access","source":"osm+worldpop","confidence":0.9,"population":510793.0,"nh_distance_km":22.33,"pipeline_access_gain_km":10.72,"share_within_10km":0.084},"geometry":{"type":"Polygon","coordinates":[[[75.3645,16.3042],[75.1626,16.4183],[75.1648,16.6571],[75.3691,16.7823],[75.5717,16.6685],[75.5692,16.4291],[75.3645,16.3042]]]}},{"type":"Feature","properties":{"id":"nh_access:h3:8460aabffffffff","field":"national_highways","kind":"nh_access","source":"osm+worldpop","confidence":0.9,"population":821848.0,"nh_distance_km":21.05,"pipeline_access_gain_km":7.95,"share_within_10km":0.178},"geometry":{"type":"Polygon","coordinates":[[[74.9592,16.2933],[74.7582,16.4068],[74.76,16.6449],[74.9631,16.7702],[75.1648,16.6571],[75.1626,16.4183],[74.9592,16.2933]]]}},{"type":"Feature","properties":{"id":"nh_access:h3:8460aadffffffff","field":"national_highways","kind":"nh_access","source":"osm+worldpop","confidence":0.9,"population":611694.0,"nh_distance_km":2.54,"pipeline_access_gain_km":0.0,"share_within_10km":0.945},"geometry":{"type":"Polygon","coordinates":[[[75.5717,16.6685],[75.3691,16.7823],[75.3714,17.021],[75.5766,17.1465],[75.7799,17.033],[75.7772,16.7936],[75.5717,16.6685]]]}},{"type":"Feature","properties":{"id":"nh_access:h3:8460ab1ffffffff","field":"national_highways","kind":"nh_access","source":"osm+worldpop","confidence":0.9,"population":1177556.0,"nh_distance_km":7.31,"pipeline_access_gain_km":0.0,"share_within_10km":0.7},"geometry":{"type":"Polygon","coordinates":[[[74.1549,16.2695],[73.9557,16.3816],[73.9568,16.6185],[74.1574,16.7439],[74.3573,16.6321],[74.3559,16.3945],[74.1549,16.2695]]]}},{"type":"Feature","properties":{"id":"nh_access:h3:8460ab3ffffffff","field":"national_highways","kind":"nh_access","source":"osm+worldpop","confidence":0.9,"population":220654.0,"nh_distance_km":5.98,"pipeline_access_gain_km":0.0,"share_within_10km":0.784},"geometry":{"type":"Polygon","coordinates":[[[73.756,16.2565],[73.5577,16.368],[73.5585,16.6043],[73.7579,16.7297],[73.9568,16.6185],[73.9557,16.3816],[73.756,16.2565]]]}},{"type":"Feature","properties":{"id":"nh_access:h3:8460ab5ffffffff","field":"national_highways","kind":"nh_access","source":"osm+worldpop","confidence":0.9,"population":1755896.0,"nh_distance_km":3.24,"pipeline_access_gain_km":0.02,"share_within_10km":0.996},"geometry":{"type":"Polygon","coordinates":[[[74.3573,16.6321],[74.1574,16.7439],[74.1587,16.9808],[74.3602,17.1065],[74.5608,16.995],[74.5592,16.7574],[74.3573,16.6321]]]}},{"type":"Feature","properties":{"id":"nh_access:h3:8460ab7ffffffff","field":"national_highways","kind":"nh_access","source":"osm+worldpop","confidence":0.9,"population":383063.0,"nh_distance_km":6.05,"pipeline_access_gain_km":0.0,"share_within_10km":0.779},"geometry":{"type":"Polygon","coordinates":[[[73.9568,16.6185],[73.7579,16.7297],[73.7588,16.966],[73.9591,17.0917],[74.1587,16.9808],[74.1574,16.7439],[73.9568,16.6185]]]}},{"type":"Feature","properties":{"id":"nh_access:h3:8460ab9ffffffff","field":"national_highways","kind":"nh_access","source":"osm+worldpop","confidence":0.9,"population":663742.0,"nh_distance_km":4.86,"pipeline_access_gain_km":0.0,"share_within_10km":0.826},"geometry":{"type":"Polygon","coordinates":[[[74.353,15.9189],[74.1536,16.032],[74.1549,16.2695],[74.3559,16.3945],[74.5559,16.2817],[74.5543,16.0436],[74.353,15.9189]]]}},{"type":"Feature","properties":{"id":"nh_access:h3:8460abbffffffff","field":"national_highways","kind":"nh_access","source":"osm+worldpop","confidence":0.9,"population":214770.0,"nh_distance_km":11.74,"pipeline_access_gain_km":0.0,"share_within_10km":0.412},"geometry":{"type":"Polygon","coordinates":[[[73.9535,15.9072],[73.755,16.0196],[73.756,16.2565],[73.9557,16.3816],[74.1549,16.2695],[74.1536,16.032],[73.9535,15.9072]]]}},{"type":"Feature","properties":{"id":"nh_access:h3:8460abdffffffff","field":"national_highways","kind":"nh_access","source":"osm+worldpop","confidence":0.9,"population":1109622.0,"nh_distance_km":7.21,"pipeline_access_gain_km":0.0,"share_within_10km":0.719},"geometry":{"type":"Polygon","coordinates":[[[74.5559,16.2817],[74.3559,16.3945],[74.3573,16.6321],[74.5592,16.7574],[74.76,16.6449],[74.7582,16.4068],[74.5559,16.2817]]]}},{"type":"Feature","properties":{"id":"nh_access:h3:8460ac1ffffffff","field":"national_highways","kind":"nh_access","source":"osm+worldpop","confidence":0.9,"population":352821.0,"nh_distance_km":28.84,"pipeline_access_gain_km":3.58,"share_within_10km":0.015},"geometry":{"type":"Polygon","coordinates":[[[75.7563,14.872],[75.5546,14.9891],[75.557,15.2295],[75.7615,15.3535],[75.964,15.2366],[75.9612,14.9956],[75.7563,14.872]]]}},{"type":"Feature","properties":{"id":"nh_access:h3:8460ac3ffffffff","field":"national_highways","kind":"nh_access","source":"osm+worldpop","confidence":0.9,"population":517487.0,"nh_distance_km":13.1,"pipeline_access_gain_km":0.0,"share_within_10km":0.43},"geometry":{"type":"Polygon","coordinates":[[[75.3509,14.8655],[75.15,14.9819],[75.1521,15.2217],[75.3554,15.3457],[75.557,15.2295],[75.5546,14.9891],[75.3509,14.8655]]]}},{"type":"Feature","properties":{"id":"nh_access:h3:8460ac5ffffffff","field":"national_highways","kind":"nh_access","source":"osm+worldpop","confidence":0.9,"population":341933.0,"nh_distance_km":5.51,"pipeline_access_gain_km":1.87,"share_within_10km":0.831},"geometry":{"type":"Polygon","coordinates":[[[75.964,15.2366],[75.7615,15.3535],[75.7641,15.594],[75.9695,15.7182],[76.1726,15.6016],[76.1697,15.3605],[75.964,15.2366]]]}},{"type":"Feature","properties":{"id":"nh_access:h3:8460ac7ffffffff","field":"national_highways","kind":"nh_access","source":"osm+worldpop","confidence":0.9,"population":547741.0,"nh_distance_km":6.73,"pipeline_access_gain_km":0.77,"share_within_10km":0.734},"geometry":{"type":"Polygon","coordinates":[[[75.557,15.2295],[75.3554,15.3457],[75.3577,15.5856],[75.5619,15.7099],[75.7641,15.594],[75.7615,15.3535],[75.557,15.2295]]]}},{"type":"Feature","properties":{"id":"nh_access:h3:8460ac9ffffffff","field":"national_highways","kind":"nh_access","source":"osm+worldpop","confidence":0.9,"population":403873.0,"nh_distance_km":27.09,"pipeline_access_gain_km":3.02,"share_within_10km":0.023},"geometry":{"type":"Polygon","coordinates":[[[75.9557,14.5132],[75.7537,14.6311],[75.7563,14.872],[75.9612,14.9956],[76.1638,14.8779],[76.1609,14.6364],[75.9557,14.5132]]]}},{"type":"Feature","properties":{"id":"nh_access:h3:8460acbffffffff","field":"national_highways","kind":"nh_access","source":"osm+worldpop","confidence":0.9,"population":598409.0,"nh_distance_km":8.91,"pipeline_access_gain_km":0.0,"share_within_10km":0.624},"geometry":{"type":"Polygon","coordinates":[[[75.5497,14.5078],[75.3486,14.6251],[75.3509,14.8655],[75.5546,14.9891],[75.7563,14.872],[75.7537,14.6311],[75.5497,14.5078]]]}},{"type":"Feature","properties":{"id":"nh_access:h3:8460acdffffffff","field":"national_highways","kind":"nh_access","source":"osm+worldpop","confidence":0.9,"population":404511.0,"nh_distance_km":12.31,"pipeline_access_gain_km":7.53,"share_within_10km":0.472},"geometry":{"type":"Polygon","coordinates":[[[76.1638,14.8779],[75.9612,14.9956],[75.964,15.2366],[76.1697,15.3605],[76.373,15.2431],[76.3699,15.0014],[76.1638,14.8779]]]}},{"type":"Feature","properties":{"id":"nh_access:h3:8460ad1ffffffff","field":"national_highways","kind":"nh_access","source":"osm+worldpop","confidence":0.9,"population":191970.0,"nh_distance_km":4.88,"pipeline_access_gain_km":0.0,"share_within_10km":0.823},"geometry":{"type":"Polygon","coordinates":[[[74.744,14.4952],[74.5447,14.6112],[74.5463,14.8504],[74.7475,14.974],[74.9475,14.8582],[74.9456,14.6185],[74.744,14.4952]]]}},{"type":"Feature","properties":{"id":"nh_access:h3:8460ad3ffffffff","field":"national_highways","kind":"nh_access","source":"osm+worldpop","confidence":0.9,"population":259392.0,"nh_distance_km":5.08,"pipeline_access_gain_km":0.01,"share_within_10km":0.828},"geometry":{"type":"Polygon","coordinates":[[[74.3443,14.4879],[74.1459,14.6033],[74.1472,14.8418],[74.3472,14.9655],[74.5463,14.8504],[74.5447,14.6112],[74.3443,14.4879]]]}},{"type":"Feature","properties":{"id":"nh_access:h3:8460ad5ffffffff","field":"national_highways","kind":"nh_access","source":"osm+worldpop","confidence":0.9,"population":326166.0,"nh_distance_km":7.66,"pipeline_access_gain_km":0.0,"share_within_10km":0.655},"geometry":{"type":"Polygon","coordinates":[[[74.9475,14.8582],[74.7475,14.974],[74.7493,15.2132],[74.9514,15.3373],[75.1521,15.2217],[75.15,14.9819],[74.9475,14.8582]]]}},{"type":"Feature","properties":{"id":"nh_access:h3:8460ad7ffffffff","field":"national_highways","kind":"nh_access","source":"osm+worldpop","confidence":0.9,"population":104081.0,"nh_distance_km":15.51,"pipeline_access_gain_km":0.0,"share_within_10km":0.209},"geometry":{"type":"Polygon","coordinates":[[[74.5463,14.8504],[74.3472,14.9655],[74.3486,15.2041],[74.5495,15.3281],[74.7493,15.2132],[74.7475,14.974],[74.5463,14.8504]]]}},{"type":"Feature","properties":{"id":"nh_access:h3:8460ad9ffffffff","field":"national_highways","kind":"nh_access","source":"osm+worldpop","confidence":0.9,"population":288847.0,"nh_distance_km":14.06,"pipeline_access_gain_km":0.0,"share_within_10km":0.312},"geometry":{"type":"Polygon","coordinates":[[[74.9418,14.1387],[74.7423,14.2556],[74.744,14.4952],[74.9456,14.6185],[75.1458,14.5018],[75.1437,14.2616],[74.9418,14.1387]]]}},{"type":"Feature","properties":{"id":"nh_access:h3:8460adbffffffff","field":"national_highways","kind":"nh_access","source":"osm+worldpop","confidence":0.9,"population":314521.0,"nh_distance_km":2.37,"pipeline_access_gain_km":0.0,"share_within_10km":0.957},"geometry":{"type":"Polygon","coordinates":[[[74.5415,14.1326],[74.3429,14.2489],[74.3443,14.4879],[74.5447,14.6112],[74.744,14.4952],[74.7423,14.2556],[74.5415,14.1326]]]}},{"type":"Feature","properties":{"id":"nh_access:h3:8460addffffffff","field":"national_highways","kind":"nh_access","source":"osm+worldpop","confidence":0.9,"population":509538.0,"nh_distance_km":7.5,"pipeline_access_gain_km":0.0,"share_within_10km":0.68},"geometry":{"type":"Polygon","coordinates":[[[75.1458,14.5018],[74.9456,14.6185],[74.9475,14.8582],[75.15,14.9819],[75.3509,14.8655],[75.3486,14.6251],[75.1458,14.5018]]]}},{"type":"Feature","properties":{"id":"nh_access:h3:8460ae1ffffffff","field":"national_highways","kind":"nh_access","source":"osm+worldpop","confidence":0.9,"population":436919.0,"nh_distance_km":7.64,"pipeline_access_gain_km":0.99,"share_within_10km":0.677},"geometry":{"type":"Polygon","coordinates":[[[75.9723,15.9587],[75.7694,16.0744],[75.772,16.3143],[75.9779,16.4392],[76.1815,16.3237],[76.1786,16.0832],[75.9723,15.9587]]]}},{"type":"Feature","properties":{"id":"nh_access:h3:8460ae3ffffffff","field":"national_highways","kind":"nh_access","source":"osm+worldpop","confidence":0.9,"population":530423.0,"nh_distance_km":6.31,"pipeline_access_gain_km":2.66,"share_within_10km":0.775},"geometry":{"type":"Polygon","coordinates":[[[75.5643,15.9498],[75.3622,16.0648],[75.3645,16.3042],[75.5692,16.4291],[75.772,16.3143],[75.7694,16.0744],[75.5643,15.9498]]]}},{"type":"Feature","properties":{"id":"nh_access:h3:8460ae5ffffffff","field":"national_highways","kind":"nh_access","source":"osm+worldpop","confidence":0.9,"population":341475.0,"nh_distance_km":24.57,"pipeline_access_gain_km":0.0,"share_within_10km":0.03},"geometry":{"type":"Polygon","coordinates":[[[76.1815,16.3237],[75.9779,16.4392],[75.9807,16.6791],[76.1875,16.8042],[76.3918,16.689],[76.3886,16.4485],[76.1815,16.3237]]]}},{"type":"Feature","properties":{"id":"nh_access:h3:8460ae7ffffffff","field":"national_highways","kind":"nh_access","source":"osm+worldpop","confidence":0.9,"population":368145.0,"nh_distance_km":5.17,"pipeline_access_gain_km":0.0,"share_within_10km":0.85},"geometry":{"type":"Polygon","coordinates":[[[75.772,16.3143],[75.5692,16.4291],[75.5717,16.6685],[75.7772,16.7936],[75.9807,16.6791],[75.9779,16.4392],[75.772,16.3143]]]}},{"type":"Feature","properties":{"id":"nh_access:h3:8460ae9ffffffff","field":"national_highways","kind":"nh_access","source":"osm+worldpop","confidence":0.9,"population":439550.0,"nh_distance_km":5.82,"pipeline_access_gain_km":1.07,"share_within_10km":0.785},"geometry":{"type":"Polygon","coordinates":[[[76.1726,15.6016],[75.9695,15.7182],[75.9723,15.9587],[76.1786,16.0832],[76.3824,15.9669],[76.3792,15.7258],[76.1726,15.6016]]]}},{"type":"Feature","properties":{"id":"nh_access:h3:8460aebffffffff","field":"national_highways","kind":"nh_access","source":"osm+worldpop","confidence":0.9,"population":434718.0,"nh_distance_km":7.08,"pipeline_access_gain_km":3.31,"share_within_10km":0.689},"geometry":{"type":"Polygon","coordinates":[[[75.7641,15.594],[75.5619,15.7099],[75.5643,15.9498],[75.7694,16.0744],[75.9723,15.9587],[75.9695,15.7182],[75.7641,15.594]]]}},{"type":"Feature","properties":{"id":"nh_access:h3:8460aedffffffff","field":"national_highways","kind":"nh_access","source":"osm+worldpop","confidence":0.9,"population":375017.0,"nh_distance_km":15.26,"pipeline_access_gain_km":3.09,"share_within_10km":0.301},"geometry":{"type":"Polygon","coordinates":[[[76.3824,15.9669],[76.1786,16.0832],[76.1815,16.3237],[76.3886,16.4485],[76.5931,16.3324],[76.5898,16.0913],[76.3824,15.9669]]]}},{"type":"Feature","properties":{"id":"nh_access:h3:8460b01ffffffff","field":"national_highways","kind":"nh_access","source":"osm+worldpop","confidence":0.9,"population":719241.0,"nh_distance_km":7.23,"pipeline_access_gain_km":1.59,"share_within_10km":0.691},"geometry":{"type":"Polygon","coordinates":[[[79.3589,18.197],[79.148,18.3147],[79.1535,18.5569],[79.3704,18.6819],[79.582,18.5645],[79.5761,18.3218],[79.3589,18.197]]]}},{"type":"Feature","properties":{"id":"nh_access:h3:8460b03ffffffff","field":"national_highways","kind":"nh_access","source":"osm+worldpop","confidence":0.9,"population":885838.0,"nh_distance_km":5.0,"pipeline_access_gain_km":0.04,"share_within_10km":0.818},"geometry":{"type":"Polygon","coordinates":[[[78.932,18.1897],[78.7218,18.3067],[78.7269,18.5484],[78.9427,18.6736],[79.1535,18.5569],[79.148,18.3147],[78.932,18.1897]]]}},{"type":"Feature","properties":{"id":"nh_access:h3:8460b05ffffffff","field":"national_highways","kind":"nh_access","source":"osm+worldpop","confidence":0.9,"population":769107.0,"nh_distance_km":4.21,"pipeline_access_gain_km":1.44,"share_within_10km":0.857},"geometry":{"type":"Polygon","coordinates":[[[79.582,18.5645],[79.3704,18.6819],[79.3761,18.9239],[79.5938,19.049],[79.806,18.9318],[79.7999,18.6892],[79.582,18.5645]]]}},{"type":"Feature","properties":{"id":"nh_access:h3:8460b07ffffffff","field":"national_highways","kind":"nh_access","source":"osm+worldpop","confidence":0.9,"population":555660.0,"nh_distance_km":7.97,"pipeline_access_gain_km":2.38,"share_within_10km":0.635},"geometry":{"type":"Polygon","coordinates":[[[79.1535,18.5569],[78.9427,18.6736],[78.948,18.9151],[79.1646,19.0404],[79.3761,18.9239],[79.3704,18.6819],[79.1535,18.5569]]]}},{"type":"Feature","properties":{"id":"nh_access:h3:8460b09ffffffff","field":"national_highways","kind":"nh_access","source":"osm+worldpop","confidence":0.9,"population":1435875.0,"nh_distance_km":3.31,"pipeline_access_gain_km":0.61,"share_within_10km":0.936},"geometry":{"type":"Polygon","coordinates":[[[79.5643,17.8356],[79.3533,17.9541],[79.3589,18.197],[79.5761,18.3218],[79.7877,18.2034],[79.7817,17.96],[79.5643,17.8356]]]}},{"type":"Feature","properties":{"id":"nh_access:h3:8460b0bffffffff","field":"national_highways","kind":"nh_access","source":"osm+worldpop","confidence":0.9,"population":464649.0,"nh_distance_km":7.45,"pipeline_access_gain_km":0.0,"share_within_10km":0.686},"geometry":{"type":"Polygon","coordinates":[[[79.137,17.8295],[78.9267,17.9474],[78.932,18.1897],[79.148,18.3147],[79.3589,18.197],[79.3533,17.9541],[79.137,17.8295]]]}},{"type":"Feature","properties":{"id":"nh_access:h3:8460b0dffffffff","field":"national_highways","kind":"nh_access","source":"osm+worldpop","confidence":0.9,"population":343425.0,"nh_distance_km":9.52,"pipeline_access_gain_km":5.0,"share_within_10km":0.604},"geometry":{"type":"Polygon","coordinates":[[[79.7877,18.2034],[79.5761,18.3218],[79.582,18.5645],[79.7999,18.6892],[80.0122,18.5711],[80.006,18.3279],[79.7877,18.2034]]]}},{"type":"Feature","properties":{"id":"nh_access:h3:8460b11ffffffff","field":"national_highways","kind":"nh_access","source":"osm+worldpop","confidence":0.9,"population":531515.0,"nh_distance_km":3.64,"pipeline_access_gain_km":0.12,"share_within_10km":0.945},"geometry":{"type":"Polygon","coordinates":[[[78.2879,17.8146],[78.0791,17.9311],[78.0837,18.1724],[78.2975,18.2978],[78.5069,18.1815],[78.5019,17.9397],[78.2879,17.8146]]]}},{"type":"Feature","properties":{"id":"nh_access:h3:8460b13ffffffff","field":"national_highways","kind":"nh_access","source":"osm+worldpop","confidence":0.9,"population":514090.0,"nh_distance_km":4.48,"pipeline_access_gain_km":0.0,"share_within_10km":0.897},"geometry":{"type":"Polygon","coordinates":[[[77.8662,17.8059],[77.6582,17.9217],[77.6625,18.1625],[77.8751,18.288],[78.0837,18.1724],[78.0791,17.9311],[77.8662,17.8059]]]}},{"type":"Feature","properties":{"id":"nh_access:h3:8460b15ffffffff","field":"national_highways","kind":"nh_access","source":"osm+worldpop","confidence":0.9,"population":484129.0,"nh_distance_km":11.45,"pipeline_access_gain_km":0.0,"share_within_10km":0.447},"geometry":{"type":"Polygon","coordinates":[[[78.5069,18.1815],[78.2975,18.2978],[78.3023,18.539],[78.5168,18.6644],[78.7269,18.5484],[78.7218,18.3067],[78.5069,18.1815]]]}},{"type":"Feature","properties":{"id":"nh_access:h3:8460b17ffffffff","field":"national_highways","kind":"nh_access","source":"osm+worldpop","confidence":0.9,"population":434278.0,"nh_distance_km":6.6,"pipeline_access_gain_km":0.0,"share_within_10km":0.713},"geometry":{"type":"Polygon","coordinates":[[[78.0837,18.1724],[77.8751,18.288],[77.8795,18.5287],[78.0929,18.6543],[78.3023,18.539],[78.2975,18.2978],[78.0837,18.1724]]]}},{"type":"Feature","properties":{"id":"nh_access:h3:8460b19ffffffff","field":"national_highways","kind":"nh_access","source":"osm+worldpop","confidence":0.9,"population":2293537.0,"nh_distance_km":2.93,"pipeline_access_gain_km":0.09,"share_within_10km":0.983},"geometry":{"type":"Polygon","coordinates":[[[78.492,17.4552],[78.2831,17.5726],[78.2879,17.8146],[78.5019,17.9397],[78.7115,17.8225],[78.7064,17.58],[78.492,17.4552]]]}},{"type":"Feature","properties":{"id":"nh_access:h3:8460b1bffffffff","field":"national_highways","kind":"nh_access","source":"osm+worldpop","confidence":0.9,"population":696117.0,"nh_distance_km":3.51,"pipeline_access_gain_km":0.2,"share_within_10km":0.942},"geometry":{"type":"Polygon","coordinates":[[[78.07,17.4477],[77.8618,17.5644],[77.8662,17.8059],[78.0791,17.9311],[78.2879,17.8146],[78.2831,17.5726],[78.07,17.4477]]]}},{"type":"Feature","properties":{"id":"nh_access:h3:8460b1dffffffff","field":"national_highways","kind":"nh_access","source":"osm+worldpop","confidence":0.9,"population":624523.0,"nh_distance_km":5.03,"pipeline_access_gain_km":0.12,"share_within_10km":0.848},"geometry":{"type":"Polygon","coordinates":[[[78.7115,17.8225],[78.5019,17.9397],[78.5069,18.1815],[78.7218,18.3067],[78.932,18.1897],[78.9267,17.9474],[78.7115,17.8225]]]}},{"type":"Feature","properties":{"id":"nh_access:h3:8460b21ffffffff","field":"national_highways","kind":"nh_access","source":"osm+worldpop","confidence":0.9,"population":261957.0,"nh_distance_km":13.73,"pipeline_access_gain_km":7.5,"share_within_10km":0.281},"geometry":{"type":"Polygon","coordinates":[[[79.5997,19.2908],[79.3876,19.4071],[79.3933,19.6482],[79.6116,19.7735],[79.8243,19.6575],[79.8182,19.4159],[79.5997,19.2908]]]}},{"type":"Feature","properties":{"id":"nh_access:h3:8460b23ffffffff","field":"national_highways","kind":"nh_access","source":"osm+worldpop","confidence":0.9,"population":255334.0,"nh_distance_km":9.18,"pipeline_access_gain_km":0.0,"share_within_10km":0.621},"geometry":{"type":"Polygon","coordinates":[[[79.1701,19.2818],[78.9587,19.3973],[78.9641,19.6379],[79.1813,19.7635],[79.3933,19.6482],[79.3876,19.4071],[79.1701,19.2818]]]}},{"type":"Feature","properties":{"id":"nh_access:h3:8460b25ffffffff","field":"national_highways","kind":"nh_access","source":"osm+worldpop","confidence":0.9,"population":311750.0,"nh_distance_km":6.0,"pipeline_access_gain_km":1.94,"share_within_10km":0.797},"geometry":{"type":"Polygon","coordinates":[[[79.8243,19.6575],[79.6116,19.7735],[79.6175,20.0144],[79.8366,20.1397],[80.05,20.0239],[80.0437,19.7825],[79.8243,19.6575]]]}},{"type":"Feature","properties":{"id":"nh_access:h3:8460b27ffffffff","field":"national_highways","kind":"nh_access","source":"osm+worldpop","confidence":0.9,"population":640799.0,"nh_distance_km":2.91,"pipeline_access_gain_km":0.01,"share_within_10km":0.964},"geometry":{"type":"Polygon","coordinates":[[[79.3933,19.6482],[79.1813,19.7635],[79.1868,20.0039],[79.4048,20.1294],[79.6175,20.0144],[79.6116,19.7735],[79.3933,19.6482]]]}},{"type":"Feature","properties":{"id":"nh_access:h3:8460b29ffffffff","field":"national_highways","kind":"nh_access","source":"osm+worldpop","confidence":0.9,"population":136818.0,"nh_distance_km":20.11,"pipeline_access_gain_km":5.79,"share_within_10km":0.082},"geometry":{"type":"Polygon","coordinates":[[[79.806,18.9318],[79.5938,19.049],[79.5997,19.2908],[79.8182,19.4159],[80.0311,19.2989],[80.0248,19.0566],[79.806,18.9318]]]}},{"type":"Feature","properties":{"id":"nh_access:h3:8460b2bffffffff","field":"national_highways","kind":"nh_access","source":"osm+worldpop","confidence":0.9,"population":322380.0,"nh_distance_km":6.2,"pipeline_access_gain_km":1.35,"share_within_10km":0.74},"geometry":{"type":"Polygon","coordinates":[[[79.3761,18.9239],[79.1646,19.0404],[79.1701,19.2818],[79.3876,19.4071],[79.5997,19.2908],[79.5938,19.049],[79.3761,18.9239]]]}},{"type":"Feature","properties":{"id":"nh_access:h3:8460b2dffffffff","field":"national_highways","kind":"nh_access","source":"osm+worldpop","confidence":0.9,"population":138501.0,"nh_distance_km":9.37,"pipeline_access_gain_km":0.0,"share_within_10km":0.615},"geometry":{"type":"Polygon","coordinates":[[[80.0311,19.2989],[79.8182,19.4159],[79.8243,19.6575],[80.0437,19.7825],[80.2572,19.6657],[80.2507,19.4237],[80.0311,19.2989]]]}},{"type":"Feature","properties":{"id":"nh_access:h3:8460b31ffffffff","field":"national_highways","kind":"nh_access","source":"osm+worldpop","confidence":0.9,"population":325251.0,"nh_distance_km":4.31,"pipeline_access_gain_km":0.0,"share_within_10km":0.869},"geometry":{"type":"Polygon","coordinates":[[[78.5218,18.9054],[78.3119,19.0205],[78.3167,19.2608],[78.5318,19.3866],[78.7425,19.2718],[78.7373,19.0309],[78.5218,18.9054]]]}},{"type":"Feature","properties":{"id":"nh_access:h3:8460b33ffffffff","field":"national_highways","kind":"nh_access","source":"osm+worldpop","confidence":0.9,"population":368456.0,"nh_distance_km":7.26,"pipeline_access_gain_km":0.0,"share_within_10km":0.667},"geometry":{"type":"Polygon","coordinates":[[[78.0976,18.8948],[77.8884,19.0091],[77.8928,19.2489],[78.1068,19.3749],[78.3167,19.2608],[78.3119,19.0205],[78.0976,18.8948]]]}},{"type":"Feature","properties":{"id":"nh_access:h3:8460b35ffffffff","field":"national_highways","kind":"nh_access","source":"osm+worldpop","confidence":0.9,"population":266710.0,"nh_distance_km":16.98,"pipeline_access_gain_km":0.0,"share_within_10km":0.314},"geometry":{"type":"Polygon","coordinates":[[[78.7425,19.2718],[78.5318,19.3866],[78.5368,19.6267],[78.7528,19.7525],[78.9641,19.6379],[78.9587,19.3973],[78.7425,19.2718]]]}},{"type":"Feature","properties":{"id":"nh_access:h3:8460b37ffffffff","field":"national_highways","kind":"nh_access","source":"osm+worldpop","confidence":0.9,"population":323654.0,"nh_distance_km":5.25,"pipeline_access_gain_km":0.0,"share_within_10km":0.813},"geometry":{"type":"Polygon","coordinates":[[[78.3167,19.2608],[78.1068,19.3749],[78.1115,19.6145],[78.3263,19.7405],[78.5368,19.6267],[78.5318,19.3866],[78.3167,19.2608]]]}},{"type":"Feature","properties":{"id":"nh_access:h3:8460b39ffffffff","field":"national_highways","kind":"nh_access","source":"osm+worldpop","confidence":0.9,"population":693519.0,"nh_distance_km":4.31,"pipeline_access_gain_km":0.0,"share_within_10km":0.876},"geometry":{"type":"Polygon","coordinates":[[[78.7269,18.5484],[78.5168,18.6644],[78.5218,18.9054],[78.7373,19.0309],[78.948,18.9151],[78.9427,18.6736],[78.7269,18.5484]]]}},{"type":"Feature","properties":{"id":"nh_access:h3:8460b3bffffffff","field":"national_highways","kind":"nh_access","source":"osm+worldpop","confidence":0.9,"population":905208.0,"nh_distance_km":4.16,"pipeline_access_gain_km":0.0,"share_within_10km":0.858},"geometry":{"type":"Polygon","coordinates":[[[78.3023,18.539],[78.0929,18.6543],[78.0976,18.8948],[78.3119,19.0205],[78.5218,18.9054],[78.5168,18.6644],[78.3023,18.539]]]}},{"type":"Feature","properties":{"id":"nh_access:h3:8460b3dffffffff","field":"national_highways","kind":"nh_access","source":"osm+worldpop","confidence":0.9,"population":177432.0,"nh_distance_km":19.61,"pipeline_access_gain_km":0.0,"share_within_10km":0.193},"geometry":{"type":"Polygon","coordinates":[[[78.948,18.9151],[78.7373,19.0309],[78.7425,19.2718],[78.9587,19.3973],[79.1701,19.2818],[79.1646,19.0404],[78.948,18.9151]]]}},{"type":"Feature","properties":{"id":"nh_access:h3:8460b41ffffffff","field":"national_highways","kind":"nh_access","source":"osm+worldpop","confidence":0.9,"population":263901.0,"nh_distance_km":4.82,"pipeline_access_gain_km":0.0,"share_within_10km":0.833},"geometry":{"type":"Polygon","coordinates":[[[80.1991,17.4765],[79.9872,17.5967],[79.9935,17.8407],[80.2119,17.965],[80.4244,17.845],[80.4178,17.6005],[80.1991,17.4765]]]}},{"type":"Feature","properties":{"id":"nh_access:h3:8460b43ffffffff","field":"national_highways","kind":"nh_access","source":"osm+worldpop","confidence":0.9,"population":635237.0,"nh_distance_km":6.59,"pipeline_access_gain_km":2.98,"share_within_10km":0.705},"geometry":{"type":"Polygon","coordinates":[[[79.7696,17.4725],[79.5584,17.5921],[79.5643,17.8356],[79.7817,17.96],[79.9935,17.8407],[79.9872,17.5967],[79.7696,17.4725]]]}},{"type":"Feature","properties":{"id":"nh_access:h3:8460b45ffffffff","field":"national_highways","kind":"nh_access","source":"osm+worldpop","confidence":0.9,"population":110639.0,"nh_distance_km":19.97,"pipeline_access_gain_km":0.0,"share_within_10km":0.215},"geometry":{"type":"Polygon","coordinates":[[[80.4244,17.845],[80.2119,17.965],[80.2183,18.2088],[80.4376,18.3331],[80.6507,18.2133],[80.6439,17.969],[80.4244,17.845]]]}},{"type":"Feature","properties":{"id":"nh_access:h3:8460b47ffffffff","field":"national_highways","kind":"nh_access","source":"osm+worldpop","confidence":0.9,"population":325222.0,"nh_distance_km":4.27,"pipeline_access_gain_km":0.04,"share_within_10km":0.908},"geometry":{"type":"Polygon","coordinates":[[[79.9935,17.8407],[79.7817,17.96],[79.7877,18.2034],[80.006,18.3279],[80.2183,18.2088],[80.2119,17.965],[79.9935,17.8407]]]}},{"type":"Feature","properties":{"id":"nh_access:h3:8460b49ffffffff","field":"national_highways","kind":"nh_access","source":"osm+worldpop","confidence":0.9,"population":545145.0,"nh_distance_km":6.44,"pipeline_access_gain_km":0.71,"share_within_10km":0.698},"geometry":{"type":"Polygon","coordinates":[[[80.4046,17.1108],[80.1927,17.2319],[80.1991,17.4765],[80.4178,17.6005],[80.6303,17.4796],[80.6235,17.2345],[80.4046,17.1108]]]}},{"type":"Feature","properties":{"id":"nh_access:h3:8460b4bffffffff","field":"national_highways","kind":"nh_access","source":"osm+worldpop","confidence":0.9,"population":711593.0,"nh_distance_km":2.7,"pipeline_access_gain_km":0.4,"share_within_10km":0.968},"geometry":{"type":"Polygon","coordinates":[[[79.9748,17.108],[79.7636,17.2284],[79.7696,17.4725],[79.9872,17.5967],[80.1991,17.4765],[80.1927,17.2319],[79.9748,17.108]]]}},{"type":"Feature","properties":{"id":"nh_access:h3:8460b4dffffffff","field":"national_highways","kind":"nh_access","source":"osm+worldpop","confidence":0.9,"population":400546.0,"nh_distance_km":4.55,"pipeline_access_gain_km":0.0,"share_within_10km":0.841},"geometry":{"type":"Polygon","coordinates":[[[80.6303,17.4796],[80.4178,17.6005],[80.4244,17.845],[80.6439,17.969],[80.8571,17.8483],[80.8501,17.6034],[80.6303,17.4796]]]}},{"type":"Feature","properties":{"id":"nh_access:h3:8460b51ffffffff","field":"national_highways","kind":"nh_access","source":"osm+worldpop","confidence":0.9,"population":404094.0,"nh_distance_km":4.39,"pipeline_access_gain_km":0.16,"share_within_10km":0.913},"geometry":{"type":"Polygon","coordinates":[[[79.1205,17.0997],[78.9107,17.2188],[78.916,17.4619],[79.1315,17.5865],[79.3419,17.4677],[79.3362,17.224],[79.1205,17.0997]]]}},{"type":"Feature","properties":{"id":"nh_access:h3:8460b53ffffffff","field":"national_highways","kind":"nh_access","source":"osm+worldpop","confidence":0.9,"population":3961608.0,"nh_distance_km":2.49,"pipeline_access_gain_km":0.0,"share_within_10km":0.99},"geometry":{"type":"Polygon","coordinates":[[[78.6961,17.0943],[78.4871,17.2126],[78.492,17.4552],[78.7064,17.58],[78.916,17.4619],[78.9107,17.2188],[78.6961,17.0943]]]}},{"type":"Feature","properties":{"id":"nh_access:h3:8460b55ffffffff","field":"national_highways","kind":"nh_access","source":"osm+worldpop","confidence":0.9,"population":499005.0,"nh_distance_km":5.36,"pipeline_access_gain_km":0.0,"share_within_10km":0.837},"geometry":{"type":"Polygon","coordinates":[[[79.3419,17.4677],[79.1315,17.5865],[79.137,17.8295],[79.3533,17.9541],[79.5643,17.8356],[79.5584,17.5921],[79.3419,17.4677]]]}},{"type":"Feature","properties":{"id":"nh_access:h3:8460b57ffffffff","field":"national_highways","kind":"nh_access","source":"osm+worldpop","confidence":0.9,"population":451223.0,"nh_distance_km":3.76,"pipeline_access_gain_km":0.39,"share_within_10km":0.94},"geometry":{"type":"Polygon","coordinates":[[[78.916,17.4619],[78.7064,17.58],[78.7115,17.8225],[78.9267,17.9474],[79.137,17.8295],[79.1315,17.5865],[78.916,17.4619]]]}},{"type":"Feature","properties":{"id":"nh_access:h3:8460b59ffffffff","field":"national_highways","kind":"nh_access","source":"osm+worldpop","confidence":0.9,"population":602010.0,"nh_distance_km":3.93,"pipeline_access_gain_km":0.0,"share_within_10km":0.876},"geometry":{"type":"Polygon","coordinates":[[[79.3249,16.7361],[79.115,16.856],[79.1205,17.0997],[79.3362,17.224],[79.5467,17.1043],[79.5409,16.8601],[79.3249,16.7361]]]}},{"type":"Feature","properties":{"id":"nh_access:h3:8460b5bffffffff","field":"national_highways","kind":"nh_access","source":"osm+worldpop","confidence":0.9,"population":322771.0,"nh_distance_km":18.53,"pipeline_access_gain_km":0.0,"share_within_10km":0.083},"geometry":{"type":"Polygon","coordinates":[[[78.9002,16.7318],[78.691,16.8511],[78.6961,17.0943],[78.9107,17.2188],[79.1205,17.0997],[79.115,16.856],[78.9002,16.7318]]]}},{"type":"Feature","properties":{"id":"nh_access:h3:8460b5dffffffff","field":"national_highways","kind":"nh_access","source":"osm+worldpop","confidence":0.9,"population":541406.0,"nh_distance_km":2.9,"pipeline_access_gain_km":0.0,"share_within_10km":0.995},"geometry":{"type":"Polygon","coordinates":[[[79.5467,17.1043],[79.3362,17.224],[79.3419,17.4677],[79.5584,17.5921],[79.7696,17.4725],[79.7636,17.2284],[79.5467,17.1043]]]}},{"type":"Feature","properties":{"id":"nh_access:h3:8460b61ffffffff","field":"national_highways","kind":"nh_access","source":"osm+worldpop","confidence":0.9,"population":48732.0,"nh_distance_km":5.35,"pipeline_access_gain_km":0.0,"share_within_10km":0.83},"geometry":{"type":"Polygon","coordinates":[[[80.4443,18.5768],[80.2313,18.6956],[80.2377,18.9386],[80.4576,19.0632],[80.6712,18.9445],[80.6644,18.7011],[80.4443,18.5768]]]}},{"type":"Feature","properties":{"id":"nh_access:h3:8460b63ffffffff","field":"national_highways","kind":"nh_access","source":"osm+worldpop","confidence":0.9,"population":141127.0,"nh_distance_km":4.1,"pipeline_access_gain_km":0.0,"share_within_10km":0.899},"geometry":{"type":"Polygon","coordinates":[[[80.0122,18.5711],[79.7999,18.6892],[79.806,18.9318],[80.0248,19.0566],[80.2377,18.9386],[80.2313,18.6956],[80.0122,18.5711]]]}},{"type":"Feature","properties":{"id":"nh_access:h3:8460b65ffffffff","field":"national_highways","kind":"nh_access","source":"osm+worldpop","confidence":0.9,"population":43241.0,"nh_distance_km":18.41,"pipeline_access_gain_km":0.0,"share_within_10km":0.136},"geometry":{"type":"Polygon","coordinates":[[[80.6712,18.9445],[80.4576,19.0632],[80.4643,19.306],[80.6849,19.4305],[80.8992,19.312],[80.8921,19.0688],[80.6712,18.9445]]]}},{"type":"Feature","properties":{"id":"nh_access:h3:8460b67ffffffff","field":"national_highways","kind":"nh_access","source":"osm+worldpop","confidence":0.9,"population":70150.0,"nh_distance_km":8.58,"pipeline_access_gain_km":0.0,"share_within_10km":0.633},"geometry":{"type":"Polygon","coordinates":[[[80.2377,18.9386],[80.0248,19.0566],[80.0311,19.2989],[80.2507,19.4237],[80.4643,19.306],[80.4576,19.0632],[80.2377,18.9386]]]}},{"type":"Feature","properties":{"id":"nh_access:h3:8460b69ffffffff","field":"national_highways","kind":"nh_access","source":"osm+worldpop","confidence":0.9,"population":52485.0,"nh_distance_km":15.91,"pipeline_access_gain_km":0.0,"share_within_10km":0.266},"geometry":{"type":"Polygon","coordinates":[[[80.6507,18.2133],[80.4376,18.3331],[80.4443,18.5768],[80.6644,18.7011],[80.8781,18.5815],[80.8711,18.3374],[80.6507,18.2133]]]}},{"type":"Feature","properties":{"id":"nh_access:h3:8460b6bffffffff","field":"national_highways","kind":"nh_access","source":"osm+worldpop","confidence":0.9,"population":93197.0,"nh_distance_km":10.94,"pipeline_access_gain_km":0.0,"share_within_10km":0.443},"geometry":{"type":"Polygon","coordinates":[[[80.2183,18.2088],[80.006,18.3279],[80.0122,18.5711],[80.2313,18.6956],[80.4443,18.5768],[80.4376,18.3331],[80.2183,18.2088]]]}},{"type":"Feature","properties":{"id":"nh_access:h3:8460b6dffffffff","field":"national_highways","kind":"nh_access","source":"osm+worldpop","confidence":0.9,"population":77000.0,"nh_distance_km":7.72,"pipeline_access_gain_km":0.0,"share_within_10km":0.703},"geometry":{"type":"Polygon","coordinates":[[[80.8781,18.5815],[80.6644,18.7011],[80.6712,18.9445],[80.8921,19.0688],[81.1065,18.9494],[81.0992,18.7055],[80.8781,18.5815]]]}},{"type":"Feature","properties":{"id":"nh_access:h3:8460f65ffffffff","field":"national_highways","kind":"nh_access","source":"osm+worldpop","confidence":0.9,"population":127348.0,"nh_distance_km":18.01,"pipeline_access_gain_km":0.0,"share_within_10km":0.147},"geometry":{"type":"Polygon","coordinates":[[[73.3593,16.2429],[73.162,16.3537],[73.1624,16.5894],[73.3605,16.7148],[73.5585,16.6043],[73.5577,16.368],[73.3593,16.2429]]]}},{"type":"Feature","properties":{"id":"nh_access:h3:8460f6dffffffff","field":"national_highways","kind":"nh_access","source":"osm+worldpop","confidence":0.9,"population":251031.0,"nh_distance_km":10.32,"pipeline_access_gain_km":0.0,"share_within_10km":0.532},"geometry":{"type":"Polygon","coordinates":[[[73.5561,15.8948],[73.3586,16.0066],[73.3593,16.2429],[73.5577,16.368],[73.756,16.2565],[73.755,16.0196],[73.5561,15.8948]]]}},{"type":"Feature","properties":{"id":"nh_access:h3:8461197ffffffff","field":"national_highways","kind":"nh_access","source":"osm+worldpop","confidence":0.9,"population":147947.0,"nh_distance_km":3.51,"pipeline_access_gain_km":0.0,"share_within_10km":0.994},"geometry":{"type":"Polygon","coordinates":[[[77.897,7.9139],[77.6955,8.0428],[77.6997,8.2874],[77.9056,8.4036],[78.1077,8.2748],[78.1033,8.0297],[77.897,7.9139]]]}},{"type":"Feature","properties":{"id":"nh_access:h3:84611a1ffffffff","field":"national_highways","kind":"nh_access","source":"osm+worldpop","confidence":0.9,"population":92322.0,"nh_distance_km":1.05,"pipeline_access_gain_km":0.0,"share_within_10km":1.0},"geometry":{"type":"Polygon","coordinates":[[[79.3592,8.9746],[79.1544,9.1043],[79.1598,9.351],[79.3703,9.4686],[79.5756,9.339],[79.5699,9.0918],[79.3592,8.9746]]]}},{"type":"Feature","properties":{"id":"nh_access:h3:84611a3ffffffff","field":"national_highways","kind":"nh_access","source":"osm+worldpop","confidence":0.9,"population":354728.0,"nh_distance_km":2.06,"pipeline_access_gain_km":0.0,"share_within_10km":0.999},"geometry":{"type":"Polygon","coordinates":[[[78.9448,8.9871],[78.7407,9.1162],[78.7457,9.3625],[78.9551,9.4801],[79.1598,9.351],[79.1544,9.1043],[78.9448,8.9871]]]}},{"type":"Feature","properties":{"id":"nh_access:h3:84611a7ffffffff","field":"national_highways","kind":"nh_access","source":"osm+worldpop","confidence":0.9,"population":20965.0,"nh_distance_km":0.86,"pipeline_access_gain_km":0.0,"share_within_10km":1.0},"geometry":{"type":"Polygon","coordinates":[[[79.1598,9.351],[78.9551,9.4801],[78.9603,9.7266],[79.1706,9.8447],[79.3758,9.7157],[79.3703,9.4686],[79.1598,9.351]]]}},{"type":"Feature","properties":{"id":"nh_access:h3:84611b1ffffffff","field":"national_highways","kind":"nh_access","source":"osm+worldpop","confidence":0.9,"population":351301.0,"nh_distance_km":2.7,"pipeline_access_gain_km":0.0,"share_within_10km":1.0},"geometry":{"type":"Polygon","coordinates":[[[78.3194,8.6365],[78.1167,8.7652],[78.1212,9.0105],[78.3287,9.1277],[78.5321,8.9991],[78.5272,8.7532],[78.3194,8.6365]]]}},{"type":"Feature","properties":{"id":"nh_access:h3:84611b3ffffffff","field":"national_highways","kind":"nh_access","source":"osm+worldpop","confidence":0.9,"population":648238.0,"nh_distance_km":3.55,"pipeline_access_gain_km":0.0,"share_within_10km":0.922},"geometry":{"type":"Polygon","coordinates":[[[77.9099,8.6485],[77.708,8.7767],[77.7121,9.0215],[77.9186,9.1386],[78.1212,9.0105],[78.1167,8.7652],[77.9099,8.6485]]]}},{"type":"Feature","properties":{"id":"nh_access:h3:84611b5ffffffff","field":"national_highways","kind":"nh_access","source":"osm+worldpop","confidence":0.9,"population":361815.0,"nh_distance_km":8.73,"pipeline_access_gain_km":0.0,"share_within_10km":0.639},"geometry":{"type":"Polygon","coordinates":[[[78.5321,8.9991],[78.3287,9.1277],[78.3334,9.3734],[78.5418,9.491],[78.7457,9.3625],[78.7407,9.1162],[78.5321,8.9991]]]}},{"type":"Feature","properties":{"id":"nh_access:h3:84611b7ffffffff","field":"national_highways","kind":"nh_access","source":"osm+worldpop","confidence":0.9,"population":378642.0,"nh_distance_km":7.63,"pipeline_access_gain_km":0.0,"share_within_10km":0.706},"geometry":{"type":"Polygon","coordinates":[[[78.1212,9.0105],[77.9186,9.1386],[77.9229,9.3838],[78.1302,9.5014],[78.3334,9.3734],[78.3287,9.1277],[78.1212,9.0105]]]}},{"type":"Feature","properties":{"id":"nh_access:h3:84611bbffffffff","field":"national_highways","kind":"nh_access","source":"osm+worldpop","confidence":0.9,"population":540588.0,"nh_distance_km":4.63,"pipeline_access_gain_km":0.0,"share_within_10km":0.833},"geometry":{"type":"Polygon","coordinates":[[[78.1077,8.2748],[77.9056,8.4036],[77.9099,8.6485],[78.1167,8.7652],[78.3194,8.6365],[78.3148,8.391],[78.1077,8.2748]]]}},{"type":"Feature","properties":{"id":"nh_access:h3:8461881ffffffff","field":"national_highways","kind":"nh_access","source":"osm+worldpop","confidence":0.9,"population":722688.0,"nh_distance_km":4.59,"pipeline_access_gain_km":0.12,"share_within_10km":0.829},"geometry":{"type":"Polygon","coordinates":[[[79.2414,13.0533],[79.0341,13.1783],[79.0394,13.4244],[79.2524,13.5461],[79.4602,13.4213],[79.4545,13.1746],[79.2414,13.0533]]]}},{"type":"Feature","properties":{"id":"nh_access:h3:8461883ffffffff","field":"national_highways","kind":"nh_access","source":"osm+worldpop","confidence":0.9,"population":449127.0,"nh_distance_km":5.72,"pipeline_access_gain_km":0.25,"share_within_10km":0.802},"geometry":{"type":"Polygon","coordinates":[[[78.822,13.0568],[78.6155,13.1812],[78.6205,13.4268],[78.8323,13.5486],[79.0394,13.4244],[79.0341,13.1783],[78.822,13.0568]]]}},{"type":"Feature","properties":{"id":"nh_access:h3:8461885ffffffff","field":"national_highways","kind":"nh_access","source":"osm+worldpop","confidence":0.9,"population":909169.0,"nh_distance_km":3.04,"pipeline_access_gain_km":0.0,"share_within_10km":0.979},"geometry":{"type":"Polygon","coordinates":[[[79.4602,13.4213],[79.2524,13.5461],[79.2579,13.7924],[79.4716,13.9144],[79.6801,13.7897],[79.6742,13.5429],[79.4602,13.4213]]]}},{"type":"Feature","properties":{"id":"nh_access:h3:8461887ffffffff","field":"national_highways","kind":"nh_access","source":"osm+worldpop","confidence":0.9,"population":307670.0,"nh_distance_km":5.06,"pipeline_access_gain_km":0.0,"share_within_10km":0.846},"geometry":{"type":"Polygon","coordinates":[[[79.0394,13.4244],[78.8323,13.5486],[78.8375,13.7944],[79.0501,13.9164],[79.2579,13.7924],[79.2524,13.5461],[79.0394,13.4244]]]}},{"type":"Feature","properties":{"id":"nh_access:h3:8461889ffffffff","field":"national_highways","kind":"nh_access","source":"osm+worldpop","confidence":0.9,"population":1139365.0,"nh_distance_km":7.1,"pipeline_access_gain_km":2.32,"share_within_10km":0.659},"geometry":{"type":"Polygon","coordinates":[[[79.4432,12.681],[79.2359,12.8067],[79.2414,13.0533],[79.4545,13.1746],[79.6625,13.0491],[79.6566,12.802],[79.4432,12.681]]]}},{"type":"Feature","properties":{"id":"nh_access:h3:846188bffffffff","field":"national_highways","kind":"nh_access","source":"osm+worldpop","confidence":0.9,"population":1451039.0,"nh_distance_km":2.43,"pipeline_access_gain_km":0.06,"share_within_10km":0.96},"geometry":{"type":"Polygon","coordinates":[[[79.0235,12.6857],[78.8168,12.8108],[78.822,13.0568],[79.0341,13.1783],[79.2414,13.0533],[79.2359,12.8067],[79.0235,12.6857]]]}},{"type":"Feature","properties":{"id":"nh_access:h3:846188dffffffff","field":"national_highways","kind":"nh_access","source":"osm+worldpop","confidence":0.9,"population":918763.0,"nh_distance_km":3.92,"pipeline_access_gain_km":0.04,"share_within_10km":0.887},"geometry":{"type":"Polygon","coordinates":[[[79.6625,13.0491],[79.4545,13.1746],[79.4602,13.4213],[79.6742,13.5429],[79.8828,13.4175],[79.8768,13.1703],[79.6625,13.0491]]]}},{"type":"Feature","properties":{"id":"nh_access:h3:8461891ffffffff","field":"national_highways","kind":"nh_access","source":"osm+worldpop","confidence":0.9,"population":848047.0,"nh_distance_km":6.98,"pipeline_access_gain_km":0.06,"share_within_10km":0.704},"geometry":{"type":"Polygon","coordinates":[[[78.1895,12.693],[77.9843,12.8169],[77.9888,13.0618],[78.1987,13.1834],[78.4045,13.0597],[78.3997,12.8142],[78.1895,12.693]]]}},{"type":"Feature","properties":{"id":"nh_access:h3:8461893ffffffff","field":"national_highways","kind":"nh_access","source":"osm+worldpop","confidence":0.9,"population":4924791.0,"nh_distance_km":2.01,"pipeline_access_gain_km":0.22,"share_within_10km":0.998},"geometry":{"type":"Polygon","coordinates":[[[77.7752,12.6956],[77.5709,12.8189],[77.575,13.0633],[77.7838,13.185],[77.9888,13.0618],[77.9843,12.8169],[77.7752,12.6956]]]}},{"type":"Feature","properties":{"id":"nh_access:h3:8461895ffffffff","field":"national_highways","kind":"nh_access","source":"osm+worldpop","confidence":0.9,"population":561581.0,"nh_distance_km":5.3,"pipeline_access_gain_km":0.0,"share_within_10km":0.821},"geometry":{"type":"Polygon","coordinates":[[[78.4045,13.0597],[78.1987,13.1834],[78.2033,13.4285],[78.4141,13.5504],[78.6205,13.4268],[78.6155,13.1812],[78.4045,13.0597]]]}},{"type":"Feature","properties":{"id":"nh_access:h3:8461897ffffffff","field":"national_highways","kind":"nh_access","source":"osm+worldpop","confidence":0.9,"population":791582.0,"nh_distance_km":6.08,"pipeline_access_gain_km":0.0,"share_within_10km":0.806},"geometry":{"type":"Polygon","coordinates":[[[77.9888,13.0618],[77.7838,13.185],[77.788,13.4295],[77.9977,13.5515],[78.2033,13.4285],[78.1987,13.1834],[77.9888,13.0618]]]}},{"type":"Feature","properties":{"id":"nh_access:h3:8461899ffffffff","field":"national_highways","kind":"nh_access","source":"osm+worldpop","confidence":0.9,"population":1183937.0,"nh_distance_km":2.97,"pipeline_access_gain_km":0.0,"share_within_10km":0.974},"geometry":{"type":"Polygon","coordinates":[[[78.3901,12.323],[78.1849,12.4477],[78.1895,12.693],[78.3997,12.8142],[78.6055,12.6897],[78.6006,12.4438],[78.3901,12.323]]]}},{"type":"Feature","properties":{"id":"nh_access:h3:846189bffffffff","field":"national_highways","kind":"nh_access","source":"osm+worldpop","confidence":0.9,"population":740887.0,"nh_distance_km":4.71,"pipeline_access_gain_km":0.53,"share_within_10km":0.872},"geometry":{"type":"Polygon","coordinates":[[[77.9755,12.3268],[77.771,12.4509],[77.7752,12.6956],[77.9843,12.8169],[78.1895,12.693],[78.1849,12.4477],[77.9755,12.3268]]]}},{"type":"Feature","properties":{"id":"nh_access:h3:846189dffffffff","field":"national_highways","kind":"nh_access","source":"osm+worldpop","confidence":0.9,"population":870742.0,"nh_distance_km":2.99,"pipeline_access_gain_km":0.02,"share_within_10km":0.959},"geometry":{"type":"Polygon","coordinates":[[[78.6055,12.6897],[78.3997,12.8142],[78.4045,13.0597],[78.6155,13.1812],[78.822,13.0568],[78.8168,12.8108],[78.6055,12.6897]]]}},{"type":"Feature","properties":{"id":"nh_access:h3:84618a1ffffffff","field":"national_highways","kind":"nh_access","source":"osm+worldpop","confidence":0.9,"population":205616.0,"nh_distance_km":8.99,"pipeline_access_gain_km":0.0,"share_within_10km":0.571},"geometry":{"type":"Polygon","coordinates":[[[79.4774,14.1607],[79.269,14.2846],[79.2745,14.5305],[79.4888,14.653],[79.6978,14.5293],[79.6919,14.2829],[79.4774,14.1607]]]}},{"type":"Feature","properties":{"id":"nh_access:h3:84618a3ffffffff","field":"national_highways","kind":"nh_access","source":"osm+worldpop","confidence":0.9,"population":362163.0,"nh_distance_km":4.77,"pipeline_access_gain_km":0.0,"share_within_10km":0.792},"geometry":{"type":"Polygon","coordinates":[[[79.0555,14.1623],[78.8478,14.2855],[78.853,14.5309],[79.0662,14.6535],[79.2745,14.5305],[79.269,14.2846],[79.0555,14.1623]]]}},{"type":"Feature","properties":{"id":"nh_access:h3:84618a5ffffffff","field":"national_highways","kind":"nh_access","source":"osm+worldpop","confidence":0.9,"population":301335.0,"nh_distance_km":5.23,"pipeline_access_gain_km":0.0,"share_within_10km":0.861},"geometry":{"type":"Polygon","coordinates":[[[79.6978,14.5293],[79.4888,14.653],[79.4946,14.8989],[79.7097,15.0217],[79.9193,14.8982],[79.9132,14.6517],[79.6978,14.5293]]]}},{"type":"Feature","properties":{"id":"nh_access:h3:84618a7ffffffff","field":"national_highways","kind":"nh_access","source":"osm+worldpop","confidence":0.9,"population":196781.0,"nh_distance_km":3.47,"pipeline_access_gain_km":0.0,"share_within_10km":0.982},"geometry":{"type":"Polygon","coordinates":[[[79.2745,14.5305],[79.0662,14.6535],[79.0716,14.8989],[79.2857,15.0218],[79.4946,14.8989],[79.4888,14.653],[79.2745,14.5305]]]}},{"type":"Feature","properties":{"id":"nh_access:h3:84618a9ffffffff","field":"national_highways","kind":"nh_access","source":"osm+worldpop","confidence":0.9,"population":448925.0,"nh_distance_km":5.51,"pipeline_access_gain_km":0.0,"share_within_10km":0.817},"geometry":{"type":"Polygon","coordinates":[[[79.6801,13.7897],[79.4716,13.9144],[79.4774,14.1607],[79.6919,14.2829],[79.901,14.1584],[79.8949,13.9116],[79.6801,13.7897]]]}},{"type":"Feature","properties":{"id":"nh_access:h3:84618abffffffff","field":"national_highways","kind":"nh_access","source":"osm+worldpop","confidence":0.9,"population":294459.0,"nh_distance_km":4.91,"pipeline_access_gain_km":0.0,"share_within_10km":0.8},"geometry":{"type":"Polygon","coordinates":[[[79.2579,13.7924],[79.0501,13.9164],[79.0555,14.1623],[79.269,14.2846],[79.4774,14.1607],[79.4716,13.9144],[79.2579,13.7924]]]}},{"type":"Feature","properties":{"id":"nh_access:h3:84618adffffffff","field":"national_highways","kind":"nh_access","source":"osm+worldpop","confidence":0.9,"population":1170373.0,"nh_distance_km":3.48,"pipeline_access_gain_km":0.0,"share_within_10km":0.925},"geometry":{"type":"Polygon","coordinates":[[[79.901,14.1584],[79.6919,14.2829],[79.6978,14.5293],[79.9132,14.6517],[80.1229,14.5274],[80.1166,14.2805],[79.901,14.1584]]]}},{"type":"Feature","properties":{"id":"nh_access:h3:84618b1ffffffff","field":"national_highways","kind":"nh_access","source":"osm+worldpop","confidence":0.9,"population":219061.0,"nh_distance_km":13.51,"pipeline_access_gain_km":0.0,"share_within_10km":0.275},"geometry":{"type":"Polygon","coordinates":[[[78.4189,13.7956],[78.2126,13.9184],[78.2172,14.1631],[78.4285,14.2857],[78.6354,14.1631],[78.6304,13.9178],[78.4189,13.7956]]]}},{"type":"Feature","properties":{"id":"nh_access:h3:84618b3ffffffff","field":"national_highways","kind":"nh_access","source":"osm+worldpop","confidence":0.9,"population":406040.0,"nh_distance_km":4.1,"pipeline_access_gain_km":0.85,"share_within_10km":0.89},"geometry":{"type":"Polygon","coordinates":[[[78.0021,13.7961],[77.7966,13.9183],[77.8009,14.1625],[78.0111,14.2851],[78.2172,14.1631],[78.2126,13.9184],[78.0021,13.7961]]]}},{"type":"Feature","properties":{"id":"nh_access:h3:84618b5ffffffff","field":"national_highways","kind":"nh_access","source":"osm+worldpop","confidence":0.9,"population":543562.0,"nh_distance_km":2.81,"pipeline_access_gain_km":0.03,"share_within_10km":0.953},"geometry":{"type":"Polygon","coordinates":[[[78.6354,14.1631],[78.4285,14.2857],[78.4334,14.5305],[78.6455,14.6533],[78.853,14.5309],[78.8478,14.2855],[78.6354,14.1631]]]}},{"type":"Feature","properties":{"id":"nh_access:h3:84618b7ffffffff","field":"national_highways","kind":"nh_access","source":"osm+worldpop","confidence":0.9,"population":269868.0,"nh_distance_km":5.21,"pipeline_access_gain_km":0.76,"share_within_10km":0.843},"geometry":{"type":"Polygon","coordinates":[[[78.2172,14.1631],[78.0111,14.2851],[78.0156,14.5294],[78.2266,14.6523],[78.4334,14.5305],[78.4285,14.2857],[78.2172,14.1631]]]}},{"type":"Feature","properties":{"id":"nh_access:h3:84618b9ffffffff","field":"national_highways","kind":"nh_access","source":"osm+worldpop","confidence":0.9,"population":553953.0,"nh_distance_km":3.28,"pipeline_access_gain_km":0.0,"share_within_10km":0.961},"geometry":{"type":"Polygon","coordinates":[[[78.6205,13.4268],[78.4141,13.5504],[78.4189,13.7956],[78.6304,13.9178],[78.8375,13.7944],[78.8323,13.5486],[78.6205,13.4268]]]}},{"type":"Feature","properties":{"id":"nh_access:h3:84618bbffffffff","field":"national_highways","kind":"nh_access","source":"osm+worldpop","confidence":0.9,"population":358988.0,"nh_distance_km":13.49,"pipeline_access_gain_km":0.0,"share_within_10km":0.309},"geometry":{"type":"Polygon","coordinates":[[[78.2033,13.4285],[77.9977,13.5515],[78.0021,13.7961],[78.2126,13.9184],[78.4189,13.7956],[78.4141,13.5504],[78.2033,13.4285]]]}},{"type":"Feature","properties":{"id":"nh_access:h3:84618bdffffffff","field":"national_highways","kind":"nh_access","source":"osm+worldpop","confidence":0.9,"population":379543.0,"nh_distance_km":7.36,"pipeline_access_gain_km":0.0,"share_within_10km":0.696},"geometry":{"type":"Polygon","coordinates":[[[78.8375,13.7944],[78.6304,13.9178],[78.6354,14.1631],[78.8478,14.2855],[79.0555,14.1623],[79.0501,13.9164],[78.8375,13.7944]]]}},{"type":"Feature","properties":{"id":"nh_access:h3:84618c1ffffffff","field":"national_highways","kind":"nh_access","source":"osm+worldpop","confidence":0.9,"population":909972.0,"nh_distance_km":4.81,"pipeline_access_gain_km":0.02,"share_within_10km":0.874},"geometry":{"type":"Polygon","coordinates":[[[80.0668,12.3012],[79.8587,12.4283],[79.8647,12.6757],[80.0792,12.7966],[80.2879,12.6697],[80.2815,12.4217],[80.0668,12.3012]]]}},{"type":"Feature","properties":{"id":"nh_access:h3:84618c3ffffffff","field":"national_highways","kind":"nh_access","source":"osm+worldpop","confidence":0.9,"population":890379.0,"nh_distance_km":15.31,"pipeline_access_gain_km":7.76,"share_within_10km":0.249},"geometry":{"type":"Polygon","coordinates":[[[79.645,12.3077],[79.4375,12.4341],[79.4432,12.681],[79.6566,12.802],[79.8647,12.6757],[79.8587,12.4283],[79.645,12.3077]]]}},{"type":"Feature","properties":{"id":"nh_access:h3:84618c5ffffffff","field":"national_highways","kind":"nh_access","source":"osm+worldpop","confidence":0.9,"population":7902598.0,"nh_distance_km":3.27,"pipeline_access_gain_km":0.47,"share_within_10km":0.948},"geometry":{"type":"Polygon","coordinates":[[[80.2879,12.6697],[80.0792,12.7966],[80.0854,13.0441],[80.3007,13.1653],[80.51,13.0385],[80.5034,12.7904],[80.2879,12.6697]]]}},{"type":"Feature","properties":{"id":"nh_access:h3:84618c7ffffffff","field":"national_highways","kind":"nh_access","source":"osm+worldpop","confidence":0.9,"population":2194095.0,"nh_distance_km":3.38,"pipeline_access_gain_km":0.97,"share_within_10km":0.934},"geometry":{"type":"Polygon","coordinates":[[[79.8647,12.6757],[79.6566,12.802],[79.6625,13.0491],[79.8768,13.1703],[80.0854,13.0441],[80.0792,12.7966],[79.8647,12.6757]]]}},{"type":"Feature","properties":{"id":"nh_access:h3:84618cbffffffff","field":"national_highways","kind":"nh_access","source":"osm+worldpop","confidence":0.9,"population":848972.0,"nh_distance_km":3.37,"pipeline_access_gain_km":0.0,"share_within_10km":0.947},"geometry":{"type":"Polygon","coordinates":[[[79.8466,11.9332],[79.6391,12.0604],[79.645,12.3077],[79.8587,12.4283],[80.0668,12.3012],[80.0606,12.0534],[79.8466,11.9332]]]}},{"type":"Feature","properties":{"id":"nh_access:h3:84618d1ffffffff","field":"national_highways","kind":"nh_access","source":"osm+worldpop","confidence":0.9,"population":1035969.0,"nh_distance_km":5.13,"pipeline_access_gain_km":0.75,"share_within_10km":0.835},"geometry":{"type":"Polygon","coordinates":[[[79.0076,11.9463],[78.8015,12.0723],[78.8066,12.3185],[79.0182,12.4393],[79.2249,12.3134],[79.2194,12.0667],[79.0076,11.9463]]]}},{"type":"Feature","properties":{"id":"nh_access:h3:84618d3ffffffff","field":"national_highways","kind":"nh_access","source":"osm+worldpop","confidence":0.9,"population":678294.0,"nh_distance_km":3.7,"pipeline_access_gain_km":0.48,"share_within_10km":0.944},"geometry":{"type":"Polygon","coordinates":[[[78.5907,11.9519],[78.3853,12.0773],[78.3901,12.323],[78.6006,12.4438],[78.8066,12.3185],[78.8015,12.0723],[78.5907,11.9519]]]}},{"type":"Feature","properties":{"id":"nh_access:h3:84618d5ffffffff","field":"national_highways","kind":"nh_access","source":"osm+worldpop","confidence":0.9,"population":990693.0,"nh_distance_km":7.47,"pipeline_access_gain_km":1.1,"share_within_10km":0.687},"geometry":{"type":"Polygon","coordinates":[[[79.2249,12.3134],[79.0182,12.4393],[79.0235,12.6857],[79.2359,12.8067],[79.4432,12.681],[79.4375,12.4341],[79.2249,12.3134]]]}},{"type":"Feature","properties":{"id":"nh_access:h3:84618d7ffffffff","field":"national_highways","kind":"nh_access","source":"osm+worldpop","confidence":0.9,"population":614296.0,"nh_distance_km":10.06,"pipeline_access_gain_km":1.06,"share_within_10km":0.515},"geometry":{"type":"Polygon","coordinates":[[[78.8066,12.3185],[78.6006,12.4438],[78.6055,12.6897],[78.8168,12.8108],[79.0235,12.6857],[79.0182,12.4393],[78.8066,12.3185]]]}},{"type":"Feature","properties":{"id":"nh_access:h3:84618d9ffffffff","field":"national_highways","kind":"nh_access","source":"osm+worldpop","confidence":0.9,"population":1055377.0,"nh_distance_km":8.42,"pipeline_access_gain_km":0.0,"share_within_10km":0.615},"geometry":{"type":"Polygon","coordinates":[[[79.2085,11.573],[79.0023,11.6997],[79.0076,11.9463],[79.2194,12.0667],[79.4262,11.9401],[79.4206,11.693],[79.2085,11.573]]]}},{"type":"Feature","properties":{"id":"nh_access:h3:84618dbffffffff","field":"national_highways","kind":"nh_access","source":"osm+worldpop","confidence":0.9,"population":622812.0,"nh_distance_km":11.09,"pipeline_access_gain_km":0.0,"share_within_10km":0.451},"geometry":{"type":"Polygon","coordinates":[[[78.7913,11.5797],[78.5858,11.7058],[78.5907,11.9519],[78.8015,12.0723],[79.0076,11.9463],[79.0023,11.6997],[78.7913,11.5797]]]}},{"type":"Feature","properties":{"id":"nh_access:h3:84618ddffffffff","field":"national_highways","kind":"nh_access","source":"osm+worldpop","confidence":0.9,"population":941643.0,"nh_distance_km":4.44,"pipeline_access_gain_km":0.0,"share_within_10km":0.888},"geometry":{"type":"Polygon","coordinates":[[[79.4262,11.9401],[79.2194,12.0667],[79.2249,12.3134],[79.4375,12.4341],[79.645,12.3077],[79.6391,12.0604],[79.4262,11.9401]]]}},{"type":"Feature","properties":{"id":"nh_access:h3:84618e1ffffffff","field":"national_highways","kind":"nh_access","source":"osm+worldpop","confidence":0.9,"population":78215.0,"nh_distance_km":18.43,"pipeline_access_gain_km":0.2,"share_within_10km":0.06},"geometry":{"type":"Polygon","coordinates":[[[80.3071,13.413],[80.0979,13.539],[80.1041,13.7863],[80.32,13.908],[80.5298,13.7821],[80.5232,13.5344],[80.3071,13.413]]]}},{"type":"Feature","properties":{"id":"nh_access:h3:84618e3ffffffff","field":"national_highways","kind":"nh_access","source":"osm+worldpop","confidence":0.9,"population":434253.0,"nh_distance_km":5.56,"pipeline_access_gain_km":0.0,"share_within_10km":0.775},"geometry":{"type":"Polygon","coordinates":[[[79.8828,13.4175],[79.6742,13.5429],[79.6801,13.7897],[79.8949,13.9116],[80.1041,13.7863],[80.0979,13.539],[79.8828,13.4175]]]}},{"type":"Feature","properties":{"id":"nh_access:h3:84618e7ffffffff","field":"national_highways","kind":"nh_access","source":"osm+worldpop","confidence":0.9,"population":257133.0,"nh_distance_km":10.33,"pipeline_access_gain_km":0.0,"share_within_10km":0.545},"geometry":{"type":"Polygon","coordinates":[[[80.1041,13.7863],[79.8949,13.9116],[79.901,14.1584],[80.1166,14.2805],[80.3264,14.1554],[80.32,13.908],[80.1041,13.7863]]]}},{"type":"Feature","properties":{"id":"nh_access:h3:84618e9ffffffff","field":"national_highways","kind":"nh_access","source":"osm+worldpop","confidence":0.9,"population":163307.0,"nh_distance_km":8.23,"pipeline_access_gain_km":2.0,"share_within_10km":0.929},"geometry":{"type":"Polygon","coordinates":[[[80.51,13.0385],[80.3007,13.1653],[80.3071,13.413],[80.5232,13.5344],[80.7331,13.4077],[80.7263,13.1595],[80.51,13.0385]]]}},{"type":"Feature","properties":{"id":"nh_access:h3:84618ebffffffff","field":"national_highways","kind":"nh_access","source":"osm+worldpop","confidence":0.9,"population":2646893.0,"nh_distance_km":2.62,"pipeline_access_gain_km":0.28,"share_within_10km":0.983},"geometry":{"type":"Polygon","coordinates":[[[80.0854,13.0441],[79.8768,13.1703],[79.8828,13.4175],[80.0979,13.539],[80.3071,13.413],[80.3007,13.1653],[80.0854,13.0441]]]}},{"type":"Feature","properties":{"id":"nh_access:h3:8461933ffffffff","field":"national_highways","kind":"nh_access","source":"osm+worldpop","confidence":0.9,"population":551.0,"nh_distance_km":13.85,"pipeline_access_gain_km":0.0,"share_within_10km":0.0},"geometry":{"type":"Polygon","coordinates":[[[82.5535,16.3682],[82.339,16.4937],[82.3472,16.7413],[82.5704,16.8638],[82.7855,16.7384],[82.7769,16.4904],[82.5535,16.3682]]]}},{"type":"Feature","properties":{"id":"nh_access:h3:8461981ffffffff","field":"national_highways","kind":"nh_access","source":"osm+worldpop","confidence":0.9,"population":399827.0,"nh_distance_km":6.54,"pipeline_access_gain_km":0.0,"share_within_10km":0.741},"geometry":{"type":"Polygon","coordinates":[[[80.7946,15.6355],[80.5831,15.7593],[80.5898,16.0057],[80.8084,16.1287],[81.0205,16.0051],[81.0134,15.7582],[80.7946,15.6355]]]}},{"type":"Feature","properties":{"id":"nh_access:h3:8461983ffffffff","field":"national_highways","kind":"nh_access","source":"osm+worldpop","confidence":0.9,"population":772881.0,"nh_distance_km":4.08,"pipeline_access_gain_km":0.0,"share_within_10km":0.864},"geometry":{"type":"Polygon","coordinates":[[[80.3653,15.6364],[80.1545,15.7596],[80.1608,16.0055],[80.3784,16.1287],[80.5898,16.0057],[80.5831,15.7593],[80.3653,15.6364]]]}},{"type":"Feature","properties":{"id":"nh_access:h3:8461985ffffffff","field":"national_highways","kind":"nh_access","source":"osm+worldpop","confidence":0.9,"population":1046469.0,"nh_distance_km":3.12,"pipeline_access_gain_km":0.0,"share_within_10km":0.948},"geometry":{"type":"Polygon","coordinates":[[[81.0205,16.0051],[80.8084,16.1287],[80.8153,16.3751],[81.0347,16.4982],[81.2474,16.3747],[81.2402,16.1279],[81.0205,16.0051]]]}},{"type":"Feature","properties":{"id":"nh_access:h3:8461987ffffffff","field":"national_highways","kind":"nh_access","source":"osm+worldpop","confidence":0.9,"population":1925784.0,"nh_distance_km":6.42,"pipeline_access_gain_km":0.0,"share_within_10km":0.721},"geometry":{"type":"Polygon","coordinates":[[[80.5898,16.0057],[80.3784,16.1287],[80.3849,16.3746],[80.6033,16.4979],[80.8153,16.3751],[80.8084,16.1287],[80.5898,16.0057]]]}},{"type":"Feature","properties":{"id":"nh_access:h3:8461989ffffffff","field":"national_highways","kind":"nh_access","source":"osm+worldpop","confidence":0.9,"population":6.0,"nh_distance_km":34.72,"pipeline_access_gain_km":0.0,"share_within_10km":0.0},"geometry":{"type":"Polygon","coordinates":[[[80.9993,15.2639],[80.7877,15.3886],[80.7946,15.6355],[81.0134,15.7582],[81.2256,15.6337],[81.2184,15.3863],[80.9993,15.2639]]]}},{"type":"Feature","properties":{"id":"nh_access:h3:846198dffffffff","field":"national_highways","kind":"nh_access","source":"osm+worldpop","confidence":0.9,"population":15376.0,"nh_distance_km":15.9,"pipeline_access_gain_km":0.0,"share_within_10km":0.0},"geometry":{"type":"Polygon","coordinates":[[[81.2256,15.6337],[81.0134,15.7582],[81.0205,16.0051],[81.2402,16.1279],[81.4529,16.0036],[81.4455,15.7562],[81.2256,15.6337]]]}},{"type":"Feature","properties":{"id":"nh_access:h3:8461991ffffffff","field":"national_highways","kind":"nh_access","source":"osm+worldpop","confidence":0.9,"population":380486.0,"nh_distance_km":15.76,"pipeline_access_gain_km":7.23,"share_within_10km":0.216},"geometry":{"type":"Polygon","coordinates":[[[79.7156,15.2676],[79.5061,15.3903],[79.5119,15.6358],[79.7276,15.759],[79.9377,15.6365],[79.9316,15.3906],[79.7156,15.2676]]]}},{"type":"Feature","properties":{"id":"nh_access:h3:8461993ffffffff","field":"national_highways","kind":"nh_access","source":"osm+worldpop","confidence":0.9,"population":304889.0,"nh_distance_km":5.98,"pipeline_access_gain_km":0.97,"share_within_10km":0.761},"geometry":{"type":"Polygon","coordinates":[[[79.2912,15.2673],[79.0824,15.3893],[79.0878,15.6342],[79.3024,15.7576],[79.5119,15.6358],[79.5061,15.3903],[79.2912,15.2673]]]}},{"type":"Feature","properties":{"id":"nh_access:h3:8461995ffffffff","field":"national_highways","kind":"nh_access","source":"osm+worldpop","confidence":0.9,"population":531618.0,"nh_distance_km":8.3,"pipeline_access_gain_km":3.98,"share_within_10km":0.656},"geometry":{"type":"Polygon","coordinates":[[[79.9377,15.6365],[79.7276,15.759],[79.7335,16.0044],[79.95,16.1278],[80.1608,16.0055],[80.1545,15.7596],[79.9377,15.6365]]]}},{"type":"Feature","properties":{"id":"nh_access:h3:8461997ffffffff","field":"national_highways","kind":"nh_access","source":"osm+worldpop","confidence":0.9,"population":337567.0,"nh_distance_km":8.84,"pipeline_access_gain_km":3.54,"share_within_10km":0.62},"geometry":{"type":"Polygon","coordinates":[[[79.5119,15.6358],[79.3024,15.7576],[79.308,16.0026],[79.5235,16.1261],[79.7335,16.0044],[79.7276,15.759],[79.5119,15.6358]]]}},{"type":"Feature","properties":{"id":"nh_access:h3:8461999ffffffff","field":"national_highways","kind":"nh_access","source":"osm+worldpop","confidence":0.9,"population":465136.0,"nh_distance_km":4.71,"pipeline_access_gain_km":0.0,"share_within_10km":0.853},"geometry":{"type":"Polygon","coordinates":[[[79.9193,14.8982],[79.7097,15.0217],[79.7156,15.2676],[79.9316,15.3906],[80.1418,15.2672],[80.1355,15.0208],[79.9193,14.8982]]]}},{"type":"Feature","properties":{"id":"nh_access:h3:846199bffffffff","field":"national_highways","kind":"nh_access","source":"osm+worldpop","confidence":0.9,"population":243797.0,"nh_distance_km":5.01,"pipeline_access_gain_km":0.59,"share_within_10km":0.858},"geometry":{"type":"Polygon","coordinates":[[[79.4946,14.8989],[79.2857,15.0218],[79.2912,15.2673],[79.5061,15.3903],[79.7156,15.2676],[79.7097,15.0217],[79.4946,14.8989]]]}},{"type":"Feature","properties":{"id":"nh_access:h3:846199dffffffff","field":"national_highways","kind":"nh_access","source":"osm+worldpop","confidence":0.9,"population":585592.0,"nh_distance_km":3.79,"pipeline_access_gain_km":0.0,"share_within_10km":0.915},"geometry":{"type":"Polygon","coordinates":[[[80.1418,15.2672],[79.9316,15.3906],[79.9377,15.6365],[80.1545,15.7596],[80.3653,15.6364],[80.3588,15.39],[80.1418,15.2672]]]}},{"type":"Feature","properties":{"id":"nh_access:h3:84619a1ffffffff","field":"national_highways","kind":"nh_access","source":"osm+worldpop","confidence":0.9,"population":442421.0,"nh_distance_km":8.34,"pipeline_access_gain_km":0.06,"share_within_10km":0.624},"geometry":{"type":"Polygon","coordinates":[[[81.0418,16.7444],[80.8292,16.8671],[80.8361,17.1128],[81.0561,17.2362],[81.2694,17.1138],[81.2621,16.8676],[81.0418,16.7444]]]}},{"type":"Feature","properties":{"id":"nh_access:h3:84619a3ffffffff","field":"national_highways","kind":"nh_access","source":"osm+worldpop","confidence":0.9,"population":528866.0,"nh_distance_km":6.22,"pipeline_access_gain_km":2.1,"share_within_10km":0.756},"geometry":{"type":"Polygon","coordinates":[[[80.61,16.7437],[80.398,16.8656],[80.4046,17.1108],[80.6235,17.2345],[80.8361,17.1128],[80.8292,16.8671],[80.61,16.7437]]]}},{"type":"Feature","properties":{"id":"nh_access:h3:84619a5ffffffff","field":"national_highways","kind":"nh_access","source":"osm+worldpop","confidence":0.9,"population":192375.0,"nh_distance_km":10.25,"pipeline_access_gain_km":0.0,"share_within_10km":0.575},"geometry":{"type":"Polygon","coordinates":[[[81.2694,17.1138],[81.0561,17.2362],[81.0633,17.4818],[81.2841,17.6053],[81.4979,17.483],[81.4904,17.237],[81.2694,17.1138]]]}},{"type":"Feature","properties":{"id":"nh_access:h3:84619a7ffffffff","field":"national_highways","kind":"nh_access","source":"osm+worldpop","confidence":0.9,"population":306249.0,"nh_distance_km":4.84,"pipeline_access_gain_km":0.01,"share_within_10km":0.823},"geometry":{"type":"Polygon","coordinates":[[[80.8361,17.1128],[80.6235,17.2345],[80.6303,17.4796],[80.8501,17.6034],[81.0633,17.4818],[81.0561,17.2362],[80.8361,17.1128]]]}},{"type":"Feature","properties":{"id":"nh_access:h3:84619a9ffffffff","field":"national_highways","kind":"nh_access","source":"osm+worldpop","confidence":0.9,"population":993586.0,"nh_distance_km":4.2,"pipeline_access_gain_km":0.0,"share_within_10km":0.938},"geometry":{"type":"Polygon","coordinates":[[[81.2474,16.3747],[81.0347,16.4982],[81.0418,16.7444],[81.2621,16.8676],[81.4754,16.7443],[81.4679,16.4976],[81.2474,16.3747]]]}},{"type":"Feature","properties":{"id":"nh_access:h3:84619abffffffff","field":"national_highways","kind":"nh_access","source":"osm+worldpop","confidence":0.9,"population":1938025.0,"nh_distance_km":2.32,"pipeline_access_gain_km":0.06,"share_within_10km":0.983},"geometry":{"type":"Polygon","coordinates":[[[80.8153,16.3751],[80.6033,16.4979],[80.61,16.7437],[80.8292,16.8671],[81.0418,16.7444],[81.0347,16.4982],[80.8153,16.3751]]]}},{"type":"Feature","properties":{"id":"nh_access:h3:84619adffffffff","field":"national_highways","kind":"nh_access","source":"osm+worldpop","confidence":0.9,"population":881477.0,"nh_distance_km":3.47,"pipeline_access_gain_km":0.01,"share_within_10km":0.916},"geometry":{"type":"Polygon","coordinates":[[[81.4754,16.7443],[81.2621,16.8676],[81.2694,17.1138],[81.4904,17.237],[81.7043,17.1138],[81.6966,16.8673],[81.4754,16.7443]]]}},{"type":"Feature","properties":{"id":"nh_access:h3:84619b1ffffffff","field":"national_highways","kind":"nh_access","source":"osm+worldpop","confidence":0.9,"population":508711.0,"nh_distance_km":8.96,"pipeline_access_gain_km":0.0,"share_within_10km":0.526},"geometry":{"type":"Polygon","coordinates":[[[79.9562,16.3732],[79.7455,16.4947],[79.7515,16.7395],[79.9686,16.8633],[80.1799,16.742],[80.1735,16.4967],[79.9562,16.3732]]]}},{"type":"Feature","properties":{"id":"nh_access:h3:84619b3ffffffff","field":"national_highways","kind":"nh_access","source":"osm+worldpop","confidence":0.9,"population":547557.0,"nh_distance_km":4.24,"pipeline_access_gain_km":0.0,"share_within_10km":0.913},"geometry":{"type":"Polygon","coordinates":[[[79.5293,16.371],[79.3193,16.4918],[79.3249,16.7361],[79.5409,16.8601],[79.7515,16.7395],[79.7455,16.4947],[79.5293,16.371]]]}},{"type":"Feature","properties":{"id":"nh_access:h3:84619b5ffffffff","field":"national_highways","kind":"nh_access","source":"osm+worldpop","confidence":0.9,"population":609925.0,"nh_distance_km":7.11,"pipeline_access_gain_km":2.41,"share_within_10km":0.695},"geometry":{"type":"Polygon","coordinates":[[[80.1799,16.742],[79.9686,16.8633],[79.9748,17.108],[80.1927,17.2319],[80.4046,17.1108],[80.398,16.8656],[80.1799,16.742]]]}},{"type":"Feature","properties":{"id":"nh_access:h3:84619b7ffffffff","field":"national_highways","kind":"nh_access","source":"osm+worldpop","confidence":0.9,"population":704700.0,"nh_distance_km":3.38,"pipeline_access_gain_km":0.0,"share_within_10km":0.936},"geometry":{"type":"Polygon","coordinates":[[[79.7515,16.7395],[79.5409,16.8601],[79.5467,17.1043],[79.7636,17.2284],[79.9748,17.108],[79.9686,16.8633],[79.7515,16.7395]]]}},{"type":"Feature","properties":{"id":"nh_access:h3:84619b9ffffffff","field":"national_highways","kind":"nh_access","source":"osm+worldpop","confidence":0.9,"population":1100166.0,"nh_distance_km":2.36,"pipeline_access_gain_km":0.23,"share_within_10km":0.992},"geometry":{"type":"Polygon","coordinates":[[[80.1608,16.0055],[79.95,16.1278],[79.9562,16.3732],[80.1735,16.4967],[80.3849,16.3746],[80.3784,16.1287],[80.1608,16.0055]]]}},{"type":"Feature","properties":{"id":"nh_access:h3:84619bbffffffff","field":"national_highways","kind":"nh_access","source":"osm+worldpop","confidence":0.9,"population":401164.0,"nh_distance_km":8.56,"pipeline_access_gain_km":0.0,"share_within_10km":0.615},"geometry":{"type":"Polygon","coordinates":[[[79.7335,16.0044],[79.5235,16.1261],[79.5293,16.371],[79.7455,16.4947],[79.9562,16.3732],[79.95,16.1278],[79.7335,16.0044]]]}},{"type":"Feature","properties":{"id":"nh_access:h3:84619bdffffffff","field":"national_highways","kind":"nh_access","source":"osm+worldpop","confidence":0.9,"population":854986.0,"nh_distance_km":5.54,"pipeline_access_gain_km":1.41,"share_within_10km":0.74},"geometry":{"type":"Polygon","coordinates":[[[80.3849,16.3746],[80.1735,16.4967],[80.1799,16.742],[80.398,16.8656],[80.61,16.7437],[80.6033,16.4979],[80.3849,16.3746]]]}},{"type":"Feature","properties":{"id":"nh_access:h3:84619d3ffffffff","field":"national_highways","kind":"nh_access","source":"osm+worldpop","confidence":0.9,"population":313988.0,"nh_distance_km":5.29,"pipeline_access_gain_km":0.0,"share_within_10km":0.824},"geometry":{"type":"Polygon","coordinates":[[[80.1229,14.5274],[79.9132,14.6517],[79.9193,14.8982],[80.1355,15.0208],[80.3458,14.8966],[80.3393,14.6497],[80.1229,14.5274]]]}},{"type":"Feature","properties":{"id":"nh_access:h3:84619dbffffffff","field":"national_highways","kind":"nh_access","source":"osm+worldpop","confidence":0.9,"population":64362.0,"nh_distance_km":12.44,"pipeline_access_gain_km":0.0,"share_within_10km":0.297},"geometry":{"type":"Polygon","coordinates":[[[80.3264,14.1554],[80.1166,14.2805],[80.1229,14.5274],[80.3393,14.6497],[80.5497,14.5247],[80.5431,14.2773],[80.3264,14.1554]]]}},{"type":"Feature","properties":{"id":"nh_access:h3:84619e1ffffffff","field":"national_highways","kind":"nh_access","source":"osm+worldpop","confidence":0.9,"population":180452.0,"nh_distance_km":6.34,"pipeline_access_gain_km":0.1,"share_within_10km":0.868},"geometry":{"type":"Polygon","coordinates":[[[81.8869,16.0012],[81.6736,16.1262],[81.6812,16.3734],[81.9026,16.4961],[82.1166,16.3713],[82.1086,16.1236],[81.8869,16.0012]]]}},{"type":"Feature","properties":{"id":"nh_access:h3:84619e3ffffffff","field":"national_highways","kind":"nh_access","source":"osm+worldpop","confidence":0.9,"population":161222.0,"nh_distance_km":3.08,"pipeline_access_gain_km":0.0,"share_within_10km":1.0},"geometry":{"type":"Polygon","coordinates":[[[81.4529,16.0036],[81.2402,16.1279],[81.2474,16.3747],[81.4679,16.4976],[81.6812,16.3734],[81.6736,16.1262],[81.4529,16.0036]]]}},{"type":"Feature","properties":{"id":"nh_access:h3:84619e5ffffffff","field":"national_highways","kind":"nh_access","source":"osm+worldpop","confidence":0.9,"population":1097913.0,"nh_distance_km":5.29,"pipeline_access_gain_km":0.0,"share_within_10km":0.832},"geometry":{"type":"Polygon","coordinates":[[[82.1166,16.3713],[81.9026,16.4961],[81.9105,16.7433],[82.1327,16.866],[82.3472,16.7413],[82.339,16.4937],[82.1166,16.3713]]]}},{"type":"Feature","properties":{"id":"nh_access:h3:84619e7ffffffff","field":"national_highways","kind":"nh_access","source":"osm+worldpop","confidence":0.9,"population":1939130.0,"nh_distance_km":3.97,"pipeline_access_gain_km":0.0,"share_within_10km":0.929},"geometry":{"type":"Polygon","coordinates":[[[81.6812,16.3734],[81.4679,16.4976],[81.4754,16.7443],[81.6966,16.8673],[81.9105,16.7433],[81.9026,16.4961],[81.6812,16.3734]]]}},{"type":"Feature","properties":{"id":"nh_access:h3:8461a91ffffffff","field":"national_highways","kind":"nh_access","source":"osm+worldpop","confidence":0.9,"population":416716.0,"nh_distance_km":6.25,"pipeline_access_gain_km":0.0,"share_within_10km":0.804},"geometry":{"type":"Polygon","coordinates":[[[79.5928,10.0811],[79.387,10.21],[79.3926,10.4572],[79.6044,10.576],[79.8108,10.4472],[79.8049,10.1995],[79.5928,10.0811]]]}},{"type":"Feature","properties":{"id":"nh_access:h3:8461a93ffffffff","field":"national_highways","kind":"nh_access","source":"osm+worldpop","confidence":0.9,"population":800109.0,"nh_distance_km":13.11,"pipeline_access_gain_km":0.0,"share_within_10km":0.311},"geometry":{"type":"Polygon","coordinates":[[[79.176,10.0916],[78.9708,10.2199],[78.976,10.4665],[79.1868,10.5854],[79.3926,10.4572],[79.387,10.21],[79.176,10.0916]]]}},{"type":"Feature","properties":{"id":"nh_access:h3:8461a95ffffffff","field":"national_highways","kind":"nh_access","source":"osm+worldpop","confidence":0.9,"population":880181.0,"nh_distance_km":3.73,"pipeline_access_gain_km":0.3,"share_within_10km":0.924},"geometry":{"type":"Polygon","coordinates":[[[79.8108,10.4472],[79.6044,10.576],[79.6101,10.8234],[79.8227,10.9426],[80.0298,10.814],[80.0237,10.566],[79.8108,10.4472]]]}},{"type":"Feature","properties":{"id":"nh_access:h3:8461a97ffffffff","field":"national_highways","kind":"nh_access","source":"osm+worldpop","confidence":0.9,"population":1165768.0,"nh_distance_km":9.48,"pipeline_access_gain_km":0.0,"share_within_10km":0.558},"geometry":{"type":"Polygon","coordinates":[[[79.3926,10.4572],[79.1868,10.5854],[79.1922,10.8323],[79.4037,10.9515],[79.6101,10.8234],[79.6044,10.576],[79.3926,10.4572]]]}},{"type":"Feature","properties":{"id":"nh_access:h3:8461a9bffffffff","field":"national_highways","kind":"nh_access","source":"osm+worldpop","confidence":0.9,"population":51287.0,"nh_distance_km":1.7,"pipeline_access_gain_km":0.0,"share_within_10km":1.0},"geometry":{"type":"Polygon","coordinates":[[[79.3758,9.7157],[79.1706,9.8447],[79.176,10.0916],[79.387,10.21],[79.5928,10.0811],[79.5871,9.8337],[79.3758,9.7157]]]}},{"type":"Feature","properties":{"id":"nh_access:h3:8461a9dffffffff","field":"national_highways","kind":"nh_access","source":"osm+worldpop","confidence":0.9,"population":65639.0,"nh_distance_km":25.19,"pipeline_access_gain_km":0.0,"share_within_10km":0.0},"geometry":{"type":"Polygon","coordinates":[[[80.0115,10.0701],[79.8049,10.1995],[79.8108,10.4472],[80.0237,10.566],[80.2308,10.4367],[80.2246,10.1885],[80.0115,10.0701]]]}},{"type":"Feature","properties":{"id":"nh_access:h3:8461ab1ffffffff","field":"national_highways","kind":"nh_access","source":"osm+worldpop","confidence":0.9,"population":733732.0,"nh_distance_km":3.96,"pipeline_access_gain_km":0.0,"share_within_10km":0.94},"geometry":{"type":"Polygon","coordinates":[[[79.8287,11.1903],[79.6217,11.3183],[79.6275,11.5657],[79.8407,11.6856],[80.0483,11.5577],[80.0421,11.3098],[79.8287,11.1903]]]}},{"type":"Feature","properties":{"id":"nh_access:h3:8461ab3ffffffff","field":"national_highways","kind":"nh_access","source":"osm+worldpop","confidence":0.9,"population":1209909.0,"nh_distance_km":4.92,"pipeline_access_gain_km":0.02,"share_within_10km":0.857},"geometry":{"type":"Polygon","coordinates":[[[79.4093,11.1987],[79.203,11.3261],[79.2085,11.573],[79.4206,11.693],[79.6275,11.5657],[79.6217,11.3183],[79.4093,11.1987]]]}},{"type":"Feature","properties":{"id":"nh_access:h3:8461ab7ffffffff","field":"national_highways","kind":"nh_access","source":"osm+worldpop","confidence":0.9,"population":2605671.0,"nh_distance_km":2.23,"pipeline_access_gain_km":0.09,"share_within_10km":0.994},"geometry":{"type":"Polygon","coordinates":[[[79.6275,11.5657],[79.4206,11.693],[79.4262,11.9401],[79.6391,12.0604],[79.8466,11.9332],[79.8407,11.6856],[79.6275,11.5657]]]}},{"type":"Feature","properties":{"id":"nh_access:h3:8461ab9ffffffff","field":"national_highways","kind":"nh_access","source":"osm+worldpop","confidence":0.9,"population":109519.0,"nh_distance_km":2.59,"pipeline_access_gain_km":0.04,"share_within_10km":0.997},"geometry":{"type":"Polygon","coordinates":[[[80.0298,10.814],[79.8227,10.9426],[79.8287,11.1903],[80.0421,11.3098],[80.2498,11.1813],[80.2434,10.9331],[80.0298,10.814]]]}},{"type":"Feature","properties":{"id":"nh_access:h3:8461abbffffffff","field":"national_highways","kind":"nh_access","source":"osm+worldpop","confidence":0.9,"population":1520438.0,"nh_distance_km":4.87,"pipeline_access_gain_km":0.16,"share_within_10km":0.873},"geometry":{"type":"Polygon","coordinates":[[[79.6101,10.8234],[79.4037,10.9515],[79.4093,11.1987],[79.6217,11.3183],[79.8287,11.1903],[79.8227,10.9426],[79.6101,10.8234]]]}},{"type":"Feature","properties":{"id":"nh_access:h3:8464087ffffffff","field":"national_highways","kind":"nh_access","source":"osm+worldpop","confidence":0.9,"population":450.0,"nh_distance_km":107.6,"pipeline_access_gain_km":0.0,"share_within_10km":0.0},"geometry":{"type":"Polygon","coordinates":[[[92.7697,10.2592],[92.5524,10.4019],[92.5692,10.6587],[92.8036,10.773],[93.0211,10.6302],[93.004,10.3733],[92.7697,10.2592]]]}},{"type":"Feature","properties":{"id":"nh_access:h3:84640a3ffffffff","field":"national_highways","kind":"nh_access","source":"osm+worldpop","confidence":0.9,"population":1848.0,"nh_distance_km":25.07,"pipeline_access_gain_km":0.0,"share_within_10km":0.0},"geometry":{"type":"Polygon","coordinates":[[[92.8205,11.0298],[92.6027,11.1723],[92.6195,11.4291],[92.8545,11.5434],[93.0726,11.4008],[93.0554,11.144],[92.8205,11.0298]]]}},{"type":"Feature","properties":{"id":"nh_access:h3:84640a7ffffffff","field":"national_highways","kind":"nh_access","source":"osm+worldpop","confidence":0.9,"population":4381.0,"nh_distance_km":37.93,"pipeline_access_gain_km":0.0,"share_within_10km":0.0},"geometry":{"type":"Polygon","coordinates":[[[93.0726,11.4008],[92.8545,11.5434],[92.8716,11.8001],[93.107,11.9143],[93.3253,11.7716],[93.3079,11.5148],[93.0726,11.4008]]]}},{"type":"Feature","properties":{"id":"nh_access:h3:84640b1ffffffff","field":"national_highways","kind":"nh_access","source":"osm+worldpop","confidence":0.9,"population":65.0,"nh_distance_km":84.96,"pipeline_access_gain_km":0.0,"share_within_10km":0.0},"geometry":{"type":"Polygon","coordinates":[[[92.1176,10.6866],[91.9,10.8286],[91.9162,11.0852],[92.1504,11.2],[92.3682,11.0579],[92.3516,10.8011],[92.1176,10.6866]]]}},{"type":"Feature","properties":{"id":"nh_access:h3:84640b5ffffffff","field":"national_highways","kind":"nh_access","source":"osm+worldpop","confidence":0.9,"population":281.0,"nh_distance_km":27.01,"pipeline_access_gain_km":0.0,"share_within_10km":0.0},"geometry":{"type":"Polygon","coordinates":[[[92.3682,11.0579],[92.1504,11.2],[92.1668,11.4566],[92.4014,11.5712],[92.6195,11.4291],[92.6027,11.1723],[92.3682,11.0579]]]}},{"type":"Feature","properties":{"id":"nh_access:h3:84640b9ffffffff","field":"national_highways","kind":"nh_access","source":"osm+worldpop","confidence":0.9,"population":11957.0,"nh_distance_km":112.47,"pipeline_access_gain_km":0.0,"share_within_10km":0.0},"geometry":{"type":"Polygon","coordinates":[[[92.3185,10.2876],[92.1012,10.4299],[92.1176,10.6866],[92.3516,10.8011],[92.5692,10.6587],[92.5524,10.4019],[92.3185,10.2876]]]}},{"type":"Feature","properties":{"id":"nh_access:h3:84640bdffffffff","field":"national_highways","kind":"nh_access","source":"osm+worldpop","confidence":0.9,"population":8385.0,"nh_distance_km":97.77,"pipeline_access_gain_km":0.0,"share_within_10km":0.0},"geometry":{"type":"Polygon","coordinates":[[[92.5692,10.6587],[92.3516,10.8011],[92.3682,11.0579],[92.6027,11.1723],[92.8205,11.0298],[92.8036,10.773],[92.5692,10.6587]]]}},{"type":"Feature","properties":{"id":"nh_access:h3:84640d1ffffffff","field":"national_highways","kind":"nh_access","source":"osm+worldpop","confidence":0.9,"population":5639.0,"nh_distance_km":272.85,"pipeline_access_gain_km":0.0,"share_within_10km":0.0},"geometry":{"type":"Polygon","coordinates":[[[92.6688,8.7182],[92.4526,8.8611],[92.4691,9.1178],[92.7024,9.2318],[92.9189,9.0887],[92.9019,8.8319],[92.6688,8.7182]]]}},{"type":"Feature","properties":{"id":"nh_access:h3:84640d5ffffffff","field":"national_highways","kind":"nh_access","source":"osm+worldpop","confidence":0.9,"population":9864.0,"nh_distance_km":267.92,"pipeline_access_gain_km":0.0,"share_within_10km":0.0},"geometry":{"type":"Polygon","coordinates":[[[92.9189,9.0887],[92.7024,9.2318],[92.7192,9.4886],[92.9529,9.6025],[93.1696,9.4593],[93.1525,9.2024],[92.9189,9.0887]]]}},{"type":"Feature","properties":{"id":"nh_access:h3:84640d9ffffffff","field":"national_highways","kind":"nh_access","source":"osm+worldpop","confidence":0.9,"population":207.0,"nh_distance_km":353.64,"pipeline_access_gain_km":0.0,"share_within_10km":0.0},"geometry":{"type":"Polygon","coordinates":[[[92.8681,8.3184],[92.6521,8.4615],[92.6688,8.7182],[92.9019,8.8319],[93.1182,8.6887],[93.1011,8.4319],[92.8681,8.3184]]]}},{"type":"Feature","properties":{"id":"nh_access:h3:8464193ffffffff","field":"national_highways","kind":"nh_access","source":"osm+worldpop","confidence":0.9,"population":8675.0,"nh_distance_km":3.55,"pipeline_access_gain_km":0.0,"share_within_10km":0.854},"geometry":{"type":"Polygon","coordinates":[[[93.1243,12.1709],[92.9057,12.3133],[92.9229,12.5697],[93.1589,12.6839],[93.3777,12.5415],[93.3602,12.2849],[93.1243,12.1709]]]}},{"type":"Feature","properties":{"id":"nh_access:h3:846419dffffffff","field":"national_highways","kind":"nh_access","source":"osm+worldpop","confidence":0.9,"population":156.0,"nh_distance_km":100.51,"pipeline_access_gain_km":0.0,"share_within_10km":0.0},"geometry":{"type":"Polygon","coordinates":[[[94.0335,12.1126],[93.815,12.2558],[93.8329,12.5124],[94.0696,12.6259],[94.2882,12.4826],[94.27,12.226],[94.0335,12.1126]]]}},{"type":"Feature","properties":{"id":"nh_access:h3:84641bdffffffff","field":"national_highways","kind":"nh_access","source":"osm+worldpop","confidence":0.9,"population":10.0,"nh_distance_km":133.39,"pipeline_access_gain_km":0.0,"share_within_10km":0.0},"geometry":{"type":"Polygon","coordinates":[[[94.3431,13.252],[94.1239,13.395],[94.1421,13.6511],[94.3798,13.7643],[94.5992,13.6211],[94.5806,13.365],[94.3431,13.252]]]}},{"type":"Feature","properties":{"id":"nh_access:h3:8464283ffffffff","field":"national_highways","kind":"nh_access","source":"osm+worldpop","confidence":0.9,"population":306.0,"nh_distance_km":505.31,"pipeline_access_gain_km":0.0,"share_within_10km":0.0},"geometry":{"type":"Polygon","coordinates":[[[93.9113,7.0877],[93.6962,7.2314],[93.7137,7.4879],[93.9467,7.6008],[94.162,7.4568],[94.1442,7.2003],[93.9113,7.0877]]]}},{"type":"Feature","properties":{"id":"nh_access:h3:846428bffffffff","field":"national_highways","kind":"nh_access","source":"osm+worldpop","confidence":0.9,"population":2071.0,"nh_distance_km":535.95,"pipeline_access_gain_km":0.0,"share_within_10km":0.0},"geometry":{"type":"Polygon","coordinates":[[[94.1085,6.6875],[93.8937,6.8313],[93.9113,7.0877],[94.1442,7.2003],[94.3592,7.0563],[94.3412,6.7999],[94.1085,6.6875]]]}},{"type":"Feature","properties":{"id":"nh_access:h3:8464295ffffffff","field":"national_highways","kind":"nh_access","source":"osm+worldpop","confidence":0.9,"population":415.0,"nh_distance_km":492.25,"pipeline_access_gain_km":0.0,"share_within_10km":0.0},"geometry":{"type":"Polygon","coordinates":[[[93.4636,7.1186],[93.2484,7.2621],[93.2655,7.5186],[93.4982,7.6316],[93.7137,7.4879],[93.6962,7.2314],[93.4636,7.1186]]]}},{"type":"Feature","properties":{"id":"nh_access:h3:846429dffffffff","field":"national_highways","kind":"nh_access","source":"osm+worldpop","confidence":0.9,"population":3901.0,"nh_distance_km":534.22,"pipeline_access_gain_km":0.0,"share_within_10km":0.0},"geometry":{"type":"Polygon","coordinates":[[[93.6613,6.7188],[93.4463,6.8623],[93.4636,7.1186],[93.6962,7.2314],[93.9113,7.0877],[93.8937,6.8313],[93.6613,6.7188]]]}},{"type":"Feature","properties":{"id":"nh_access:h3:84642b1ffffffff","field":"national_highways","kind":"nh_access","source":"osm+worldpop","confidence":0.9,"population":5421.0,"nh_distance_km":402.15,"pipeline_access_gain_km":0.0,"share_within_10km":0.0},"geometry":{"type":"Polygon","coordinates":[[[93.5156,7.8882],[93.2999,8.0318],[93.3171,8.2885],[93.5504,8.4017],[93.7663,8.258],[93.7488,8.0013],[93.5156,7.8882]]]}},{"type":"Feature","properties":{"id":"nh_access:h3:84642b3ffffffff","field":"national_highways","kind":"nh_access","source":"osm+worldpop","confidence":0.9,"population":2813.0,"nh_distance_km":376.73,"pipeline_access_gain_km":0.0,"share_within_10km":0.0},"geometry":{"type":"Polygon","coordinates":[[[93.067,7.9185],[92.8513,8.0618],[92.8681,8.3184],[93.1011,8.4319],[93.3171,8.2885],[93.2999,8.0318],[93.067,7.9185]]]}},{"type":"Feature","properties":{"id":"nh_access:h3:84642b5ffffffff","field":"national_highways","kind":"nh_access","source":"osm+worldpop","confidence":0.9,"population":26.0,"nh_distance_km":361.18,"pipeline_access_gain_km":0.0,"share_within_10km":0.0},"geometry":{"type":"Polygon","coordinates":[[[93.7663,8.258],[93.5504,8.4017],[93.5679,8.6586],[93.8016,8.7718],[94.0177,8.628],[93.9999,8.3711],[93.7663,8.258]]]}},{"type":"Feature","properties":{"id":"nh_access:h3:84642bbffffffff","field":"national_highways","kind":"nh_access","source":"osm+worldpop","confidence":0.9,"population":774.0,"nh_distance_km":415.84,"pipeline_access_gain_km":0.0,"share_within_10km":0.0},"geometry":{"type":"Polygon","coordinates":[[[93.2655,7.5186],[93.05,7.6619],[93.067,7.9185],[93.2999,8.0318],[93.5156,7.8882],[93.4982,7.6316],[93.2655,7.5186]]]}},{"type":"Feature","properties":{"id":"nh_access:h3:84642d7ffffffff","field":"national_highways","kind":"nh_access","source":"osm+worldpop","confidence":0.9,"population":577.0,"nh_distance_km":553.8,"pipeline_access_gain_km":0.0,"share_within_10km":0.0},"geometry":{"type":"Polygon","coordinates":[[[93.8585,6.319],[93.6438,6.4626],[93.6613,6.7188],[93.8937,6.8313],[94.1085,6.6875],[94.0908,6.4314],[93.8585,6.319]]]}},{"type":"Feature","properties":{"id":"nh_access:h3:8464e41ffffffff","field":"national_highways","kind":"nh_access","source":"osm+worldpop","confidence":0.9,"population":1063.0,"nh_distance_km":7.91,"pipeline_access_gain_km":0.0,"share_within_10km":0.867},"geometry":{"type":"Polygon","coordinates":[[[92.4181,11.8278],[92.1998,11.9697],[92.2163,12.2261],[92.4515,12.3408],[92.6701,12.1989],[92.6532,11.9423],[92.4181,11.8278]]]}},{"type":"Feature","properties":{"id":"nh_access:h3:8464e45ffffffff","field":"national_highways","kind":"nh_access","source":"osm+worldpop","confidence":0.9,"population":16879.0,"nh_distance_km":2.59,"pipeline_access_gain_km":0.0,"share_within_10km":0.953},"geometry":{"type":"Polygon","coordinates":[[[92.6701,12.1989],[92.4515,12.3408],[92.4683,12.5972],[92.704,12.7117],[92.9229,12.5697],[92.9057,12.3133],[92.6701,12.1989]]]}},{"type":"Feature","properties":{"id":"nh_access:h3:8464e49ffffffff","field":"national_highways","kind":"nh_access","source":"osm+worldpop","confidence":0.9,"population":218380.0,"nh_distance_km":2.09,"pipeline_access_gain_km":0.0,"share_within_10km":0.988},"geometry":{"type":"Polygon","coordinates":[[[92.6195,11.4291],[92.4014,11.5712],[92.4181,11.8278],[92.6532,11.9423],[92.8716,11.8001],[92.8545,11.5434],[92.6195,11.4291]]]}},{"type":"Feature","properties":{"id":"nh_access:h3:8464e4bffffffff","field":"national_highways","kind":"nh_access","source":"osm+worldpop","confidence":0.9,"population":1260.0,"nh_distance_km":45.68,"pipeline_access_gain_km":0.0,"share_within_10km":0.0},"geometry":{"type":"Polygon","coordinates":[[[92.1668,11.4566],[91.9487,11.5984],[91.965,11.8548],[92.1998,11.9697],[92.4181,11.8278],[92.4014,11.5712],[92.1668,11.4566]]]}},{"type":"Feature","properties":{"id":"nh_access:h3:8464e4dffffffff","field":"national_highways","kind":"nh_access","source":"osm+worldpop","confidence":0.9,"population":18844.0,"nh_distance_km":19.44,"pipeline_access_gain_km":0.0,"share_within_10km":0.341},"geometry":{"type":"Polygon","coordinates":[[[92.8716,11.8001],[92.6532,11.9423],[92.6701,12.1989],[92.9057,12.3133],[93.1243,12.1709],[93.107,11.9143],[92.8716,11.8001]]]}},{"type":"Feature","properties":{"id":"nh_access:h3:8464e61ffffffff","field":"national_highways","kind":"nh_access","source":"osm+worldpop","confidence":0.9,"population":16683.0,"nh_distance_km":4.54,"pipeline_access_gain_km":0.0,"share_within_10km":0.874},"geometry":{"type":"Polygon","coordinates":[[[92.721,12.968],[92.5019,13.1096],[92.5187,13.3656],[92.755,13.4801],[92.9744,13.3385],[92.9572,13.0823],[92.721,12.968]]]}},{"type":"Feature","properties":{"id":"nh_access:h3:8464e65ffffffff","field":"national_highways","kind":"nh_access","source":"osm+worldpop","confidence":0.9,"population":8206.0,"nh_distance_km":19.6,"pipeline_access_gain_km":0.0,"share_within_10km":0.069},"geometry":{"type":"Polygon","coordinates":[[[92.9744,13.3385],[92.755,13.4801],[92.7721,13.736],[93.0089,13.8503],[93.2285,13.7086],[93.2111,13.4526],[92.9744,13.3385]]]}},{"type":"Feature","properties":{"id":"nh_access:h3:8464e69ffffffff","field":"national_highways","kind":"nh_access","source":"osm+worldpop","confidence":0.9,"population":31236.0,"nh_distance_km":3.44,"pipeline_access_gain_km":0.0,"share_within_10km":0.936},"geometry":{"type":"Polygon","coordinates":[[[92.9229,12.5697],[92.704,12.7117],[92.721,12.968],[92.9572,13.0823],[93.1763,12.9403],[93.1589,12.6839],[92.9229,12.5697]]]}},{"type":"Feature","properties":{"id":"nh_access:h3:8464e6bffffffff","field":"national_highways","kind":"nh_access","source":"osm+worldpop","confidence":0.9,"population":1624.0,"nh_distance_km":16.91,"pipeline_access_gain_km":0.0,"share_within_10km":0.0},"geometry":{"type":"Polygon","coordinates":[[[92.4683,12.5972],[92.2494,12.7387],[92.266,12.9948],[92.5019,13.1096],[92.721,12.968],[92.704,12.7117],[92.4683,12.5972]]]}},{"type":"Feature","properties":{"id":"nh_access:h3:8464e6dffffffff","field":"national_highways","kind":"nh_access","source":"osm+worldpop","confidence":0.9,"population":15794.0,"nh_distance_km":2.01,"pipeline_access_gain_km":0.0,"share_within_10km":0.951},"geometry":{"type":"Polygon","coordinates":[[[93.1763,12.9403],[92.9572,13.0823],[92.9744,13.3385],[93.2111,13.4526],[93.4304,13.3105],[93.4128,13.0542],[93.1763,12.9403]]]}},{"type":"Feature","properties":{"id":"nh_access:h3:8464f59ffffffff","field":"national_highways","kind":"nh_access","source":"osm+worldpop","confidence":0.9,"population":52.0,"nh_distance_km":81.11,"pipeline_access_gain_km":0.0,"share_within_10km":0.0},"geometry":{"type":"Polygon","coordinates":[[[93.2285,13.7086],[93.0089,13.8503],[93.0262,14.106],[93.2635,14.2201],[93.4833,14.0783],[93.4657,13.8225],[93.2285,13.7086]]]}}]}