{"type":"FeatureCollection","features":[{"type":"Feature","properties":{"id":"toll_plaza:osm:node/2667272737","field":"national_highways","kind":"toll_plaza","name":null,"ref":null,"status":"operational","opened_on":null,"expected_completion":null,"agency":null,"source":"osm","confidence":0.9},"geometry":{"type":"Point","coordinates":[77.3607,13.0681]}},{"type":"Feature","properties":{"id":"toll_plaza:osm:node/2689800809","field":"national_highways","kind":"toll_plaza","name":null,"ref":null,"status":"operational","opened_on":null,"expected_completion":null,"agency":null,"source":"osm","confidence":0.9},"geometry":{"type":"Point","coordinates":[86.9594,24.5422]}},{"type":"Feature","properties":{"id":"toll_plaza:osm:node/2925614283","field":"national_highways","kind":"toll_plaza","name":"Dhaneshwar","ref":null,"status":"operational","opened_on":null,"expected_completion":null,"agency":null,"source":"osm","confidence":0.9},"geometry":{"type":"Point","coordinates":[75.5985,25.0728]}},{"type":"Feature","properties":{"id":"toll_plaza:osm:node/3324067893","field":"national_highways","kind":"toll_plaza","name":null,"ref":null,"status":"operational","opened_on":null,"expected_completion":null,"agency":null,"source":"osm","confidence":0.9},"geometry":{"type":"Point","coordinates":[77.0045,14.6986]}},{"type":"Feature","properties":{"id":"toll_plaza:osm:node/3447892790","field":"national_highways","kind":"toll_plaza","name":"Khalapur Toll Plaza","ref":null,"status":"operational","opened_on":null,"expected_completion":null,"agency":null,"source":"osm","confidence":0.9},"geometry":{"type":"Point","coordinates":[73.285,18.8009]}},{"type":"Feature","properties":{"id":"toll_plaza:osm:node/3736878493","field":"national_highways","kind":"toll_plaza","name":null,"ref":null,"status":"operational","opened_on":null,"expected_completion":null,"agency":null,"source":"osm","confidence":0.9},"geometry":{"type":"Point","coordinates":[92.8694,26.5676]}},{"type":"Feature","properties":{"id":"toll_plaza:osm:node/3884882305","field":"national_highways","kind":"toll_plaza","name":null,"ref":null,"status":"operational","opened_on":null,"expected_completion":null,"agency":null,"source":"osm","confidence":0.9},"geometry":{"type":"Point","coordinates":[80.169,13.2175]}},{"type":"Feature","properties":{"id":"toll_plaza:osm:node/3902506021","field":"national_highways","kind":"toll_plaza","name":"Vanageri Toll Plaza","ref":null,"status":"operational","opened_on":null,"expected_completion":null,"agency":null,"source":"osm","confidence":0.9},"geometry":{"type":"Point","coordinates":[76.1751,15.8193]}},{"type":"Feature","properties":{"id":"toll_plaza:osm:node/4102450292","field":"national_highways","kind":"toll_plaza","name":null,"ref":null,"status":"operational","opened_on":null,"expected_completion":null,"agency":null,"source":"osm","confidence":0.9},"geometry":{"type":"Point","coordinates":[77.4942,23.1475]}},{"type":"Feature","properties":{"id":"toll_plaza:osm:node/4102450293","field":"national_highways","kind":"toll_plaza","name":null,"ref":null,"status":"operational","opened_on":null,"expected_completion":null,"agency":null,"source":"osm","confidence":0.9},"geometry":{"type":"Point","coordinates":[77.4941,23.1477]}},{"type":"Feature","properties":{"id":"toll_plaza:osm:node/4308409913","field":"national_highways","kind":"toll_plaza","name":null,"ref":null,"status":"operational","opened_on":null,"expected_completion":null,"agency":null,"source":"osm","confidence":0.9},"geometry":{"type":"Point","coordinates":[78.6476,17.5144]}},{"type":"Feature","properties":{"id":"toll_plaza:osm:node/4308409915","field":"national_highways","kind":"toll_plaza","name":null,"ref":null,"status":"operational","opened_on":null,"expected_completion":null,"agency":null,"source":"osm","confidence":0.9},"geometry":{"type":"Point","coordinates":[78.6484,17.5147]}},{"type":"Feature","properties":{"id":"toll_plaza:osm:node/4308409947","field":"national_highways","kind":"toll_plaza","name":null,"ref":null,"status":"operational","opened_on":null,"expected_completion":null,"agency":null,"source":"osm","confidence":0.9},"geometry":{"type":"Point","coordinates":[78.6465,17.5164]}},{"type":"Feature","properties":{"id":"toll_plaza:osm:node/4308409949","field":"national_highways","kind":"toll_plaza","name":null,"ref":null,"status":"operational","opened_on":null,"expected_completion":null,"agency":null,"source":"osm","confidence":0.9},"geometry":{"type":"Point","coordinates":[78.6474,17.5167]}},{"type":"Feature","properties":{"id":"toll_plaza:osm:node/4308788519","field":"national_highways","kind":"toll_plaza","name":null,"ref":null,"status":"operational","opened_on":null,"expected_completion":null,"agency":null,"source":"osm","confidence":0.9},"geometry":{"type":"Point","coordinates":[78.3995,17.203]}},{"type":"Feature","properties":{"id":"toll_plaza:osm:node/4308788532","field":"national_highways","kind":"toll_plaza","name":null,"ref":null,"status":"operational","opened_on":null,"expected_completion":null,"agency":null,"source":"osm","confidence":0.9},"geometry":{"type":"Point","coordinates":[78.3976,17.2031]}},{"type":"Feature","properties":{"id":"toll_plaza:osm:node/4308788579","field":"national_highways","kind":"toll_plaza","name":null,"ref":null,"status":"operational","opened_on":null,"expected_completion":null,"agency":null,"source":"osm","confidence":0.9},"geometry":{"type":"Point","coordinates":[78.3998,17.204]}},{"type":"Feature","properties":{"id":"toll_plaza:osm:node/4308788891","field":"national_highways","kind":"toll_plaza","name":null,"ref":null,"status":"operational","opened_on":null,"expected_completion":null,"agency":null,"source":"osm","confidence":0.9},"geometry":{"type":"Point","coordinates":[78.3979,17.204]}},{"type":"Feature","properties":{"id":"toll_plaza:osm:node/4394517867","field":"national_highways","kind":"toll_plaza","name":"Toll Plaza","ref":null,"status":"operational","opened_on":null,"expected_completion":null,"agency":null,"source":"osm","confidence":0.9},"geometry":{"type":"Point","coordinates":[76.3999,28.9375]}},{"type":"Feature","properties":{"id":"toll_plaza:osm:node/5447681512","field":"national_highways","kind":"toll_plaza","name":null,"ref":null,"status":"operational","opened_on":null,"expected_completion":null,"agency":null,"source":"osm","confidence":0.9},"geometry":{"type":"Point","coordinates":[75.0761,27.7257]}},{"type":"Feature","properties":{"id":"toll_plaza:osm:node/5486809116","field":"national_highways","kind":"toll_plaza","name":"Fatehpur","ref":null,"status":"operational","opened_on":null,"expected_completion":null,"agency":null,"source":"osm","confidence":0.9},"geometry":{"type":"Point","coordinates":[76.5732,25.1217]}},{"type":"Feature","properties":{"id":"toll_plaza:osm:node/5486809450","field":"national_highways","kind":"toll_plaza","name":"Rithola","ref":null,"status":"operational","opened_on":null,"expected_completion":null,"agency":null,"source":"osm","confidence":0.9},"geometry":{"type":"Point","coordinates":[74.5821,24.8501]}},{"type":"Feature","properties":{"id":"toll_plaza:osm:node/5486809451","field":"national_highways","kind":"toll_plaza","name":"Rithola","ref":null,"status":"operational","opened_on":null,"expected_completion":null,"agency":null,"source":"osm","confidence":0.9},"geometry":{"type":"Point","coordinates":[74.5823,24.85]}},{"type":"Feature","properties":{"id":"toll_plaza:osm:node/5499642112","field":"national_highways","kind":"toll_plaza","name":"Salemgarh Toll Tax","ref":null,"status":"operational","opened_on":null,"expected_completion":null,"agency":null,"source":"osm","confidence":0.9},"geometry":{"type":"Point","coordinates":[84.2383,26.6318]}},{"type":"Feature","properties":{"id":"toll_plaza:osm:node/5499642113","field":"national_highways","kind":"toll_plaza","name":"Salemgarh Toll Tax","ref":null,"status":"operational","opened_on":null,"expected_completion":null,"agency":null,"source":"osm","confidence":0.9},"geometry":{"type":"Point","coordinates":[84.2382,26.6317]}},{"type":"Feature","properties":{"id":"toll_plaza:osm:node/5499643798","field":"national_highways","kind":"toll_plaza","name":"Ronahi","ref":null,"status":"operational","opened_on":null,"expected_completion":null,"agency":null,"source":"osm","confidence":0.9},"geometry":{"type":"Point","coordinates":[81.9496,26.768]}},{"type":"Feature","properties":{"id":"toll_plaza:osm:node/5499643799","field":"national_highways","kind":"toll_plaza","name":"Ronahi","ref":null,"status":"operational","opened_on":null,"expected_completion":null,"agency":null,"source":"osm","confidence":0.9},"geometry":{"type":"Point","coordinates":[81.9495,26.7678]}},{"type":"Feature","properties":{"id":"toll_plaza:osm:node/5499643821","field":"national_highways","kind":"toll_plaza","name":"Ahmadpur","ref":null,"status":"operational","opened_on":null,"expected_completion":null,"agency":null,"source":"osm","confidence":0.9},"geometry":{"type":"Point","coordinates":[81.4225,26.8585]}},{"type":"Feature","properties":{"id":"toll_plaza:osm:node/5503890484","field":"national_highways","kind":"toll_plaza","name":null,"ref":null,"status":"operational","opened_on":null,"expected_completion":null,"agency":null,"source":"osm","confidence":0.9},"geometry":{"type":"Point","coordinates":[76.5452,30.908]}},{"type":"Feature","properties":{"id":"toll_plaza:osm:node/5524084379","field":"national_highways","kind":"toll_plaza","name":"Pimpalgaon","ref":null,"status":"operational","opened_on":null,"expected_completion":null,"agency":null,"source":"osm","confidence":0.9},"geometry":{"type":"Point","coordinates":[73.9766,20.1415]}},{"type":"Feature","properties":{"id":"toll_plaza:osm:node/6030018100","field":"national_highways","kind":"toll_plaza","name":"Khaniwade Toll Plaza","ref":null,"status":"operational","opened_on":null,"expected_completion":null,"agency":null,"source":"osm","confidence":0.9},"geometry":{"type":"Point","coordinates":[72.9169,19.519]}},{"type":"Feature","properties":{"id":"toll_plaza:osm:node/6030018102","field":"national_highways","kind":"toll_plaza","name":null,"ref":null,"status":"operational","opened_on":null,"expected_completion":null,"agency":null,"source":"osm","confidence":0.9},"geometry":{"type":"Point","coordinates":[72.917,19.5205]}},{"type":"Feature","properties":{"id":"toll_plaza:osm:node/6291527246","field":"national_highways","kind":"toll_plaza","name":null,"ref":null,"status":"operational","opened_on":null,"expected_completion":null,"agency":null,"source":"osm","confidence":0.9},"geometry":{"type":"Point","coordinates":[78.5812,10.6414]}},{"type":"Feature","properties":{"id":"toll_plaza:osm:node/6291527251","field":"national_highways","kind":"toll_plaza","name":null,"ref":null,"status":"operational","opened_on":null,"expected_completion":null,"agency":null,"source":"osm","confidence":0.9},"geometry":{"type":"Point","coordinates":[78.5815,10.6412]}},{"type":"Feature","properties":{"id":"toll_plaza:osm:node/6588921855","field":"national_highways","kind":"toll_plaza","name":null,"ref":null,"status":"operational","opened_on":null,"expected_completion":null,"agency":null,"source":"osm","confidence":0.9},"geometry":{"type":"Point","coordinates":[85.2406,25.5728]}},{"type":"Feature","properties":{"id":"toll_plaza:osm:node/6816090152","field":"national_highways","kind":"toll_plaza","name":null,"ref":null,"status":"operational","opened_on":null,"expected_completion":null,"agency":null,"source":"osm","confidence":0.9},"geometry":{"type":"Point","coordinates":[78.3352,9.7807]}},{"type":"Feature","properties":{"id":"toll_plaza:osm:node/6919141081","field":"national_highways","kind":"toll_plaza","name":null,"ref":null,"status":"operational","opened_on":null,"expected_completion":null,"agency":null,"source":"osm","confidence":0.9},"geometry":{"type":"Point","coordinates":[79.0792,26.9497]}},{"type":"Feature","properties":{"id":"toll_plaza:osm:node/6919141082","field":"national_highways","kind":"toll_plaza","name":null,"ref":null,"status":"operational","opened_on":null,"expected_completion":null,"agency":null,"source":"osm","confidence":0.9},"geometry":{"type":"Point","coordinates":[79.0778,26.9493]}},{"type":"Feature","properties":{"id":"toll_plaza:osm:node/6919141083","field":"national_highways","kind":"toll_plaza","name":null,"ref":null,"status":"operational","opened_on":null,"expected_completion":null,"agency":null,"source":"osm","confidence":0.9},"geometry":{"type":"Point","coordinates":[79.0771,26.9505]}},{"type":"Feature","properties":{"id":"toll_plaza:osm:node/6919141084","field":"national_highways","kind":"toll_plaza","name":null,"ref":null,"status":"operational","opened_on":null,"expected_completion":null,"agency":null,"source":"osm","confidence":0.9},"geometry":{"type":"Point","coordinates":[79.0757,26.9499]}},{"type":"Feature","properties":{"id":"toll_plaza:osm:node/6919144706","field":"national_highways","kind":"toll_plaza","name":null,"ref":null,"status":"operational","opened_on":null,"expected_completion":null,"agency":null,"source":"osm","confidence":0.9},"geometry":{"type":"Point","coordinates":[83.8406,25.6396]}},{"type":"Feature","properties":{"id":"toll_plaza:osm:node/7018918296","field":"national_highways","kind":"toll_plaza","name":null,"ref":null,"status":"operational","opened_on":null,"expected_completion":null,"agency":null,"source":"osm","confidence":0.9},"geometry":{"type":"Point","coordinates":[71.9461,27.0255]}},{"type":"Feature","properties":{"id":"toll_plaza:osm:node/7018918309","field":"national_highways","kind":"toll_plaza","name":null,"ref":null,"status":"operational","opened_on":null,"expected_completion":null,"agency":null,"source":"osm","confidence":0.9},"geometry":{"type":"Point","coordinates":[72.3233,27.2834]}},{"type":"Feature","properties":{"id":"toll_plaza:osm:node/7019094881","field":"national_highways","kind":"toll_plaza","name":null,"ref":null,"status":"operational","opened_on":null,"expected_completion":null,"agency":null,"source":"osm","confidence":0.9},"geometry":{"type":"Point","coordinates":[71.4465,27.0301]}},{"type":"Feature","properties":{"id":"toll_plaza:osm:node/7628259647","field":"national_highways","kind":"toll_plaza","name":"Korlapadu Plaza","ref":null,"status":"operational","opened_on":null,"expected_completion":null,"agency":null,"source":"osm","confidence":0.9},"geometry":{"type":"Point","coordinates":[79.4748,17.1598]}},{"type":"Feature","properties":{"id":"toll_plaza:osm:node/7628259648","field":"national_highways","kind":"toll_plaza","name":"Korlapadu Plaza","ref":null,"status":"operational","opened_on":null,"expected_completion":null,"agency":null,"source":"osm","confidence":0.9},"geometry":{"type":"Point","coordinates":[79.475,17.1594]}},{"type":"Feature","properties":{"id":"toll_plaza:osm:node/7628259663","field":"national_highways","kind":"toll_plaza","name":"Korlapadu Plaza","ref":null,"status":"operational","opened_on":null,"expected_completion":null,"agency":null,"source":"osm","confidence":0.9},"geometry":{"type":"Point","coordinates":[79.4748,17.1598]}},{"type":"Feature","properties":{"id":"toll_plaza:osm:node/7628259666","field":"national_highways","kind":"toll_plaza","name":"Korlapadu Plaza","ref":null,"status":"operational","opened_on":null,"expected_completion":null,"agency":null,"source":"osm","confidence":0.9},"geometry":{"type":"Point","coordinates":[79.4748,17.1599]}},{"type":"Feature","properties":{"id":"toll_plaza:osm:node/7628259675","field":"national_highways","kind":"toll_plaza","name":"Korlapadu Plaza","ref":null,"status":"operational","opened_on":null,"expected_completion":null,"agency":null,"source":"osm","confidence":0.9},"geometry":{"type":"Point","coordinates":[79.475,17.1595]}},{"type":"Feature","properties":{"id":"toll_plaza:osm:node/7628259676","field":"national_highways","kind":"toll_plaza","name":"Korlapadu Plaza","ref":null,"status":"operational","opened_on":null,"expected_completion":null,"agency":null,"source":"osm","confidence":0.9},"geometry":{"type":"Point","coordinates":[79.4749,17.1595]}},{"type":"Feature","properties":{"id":"toll_plaza:osm:node/7794358352","field":"national_highways","kind":"toll_plaza","name":null,"ref":null,"status":"operational","opened_on":null,"expected_completion":null,"agency":null,"source":"osm","confidence":0.9},"geometry":{"type":"Point","coordinates":[80.1495,13.0435]}},{"type":"Feature","properties":{"id":"toll_plaza:osm:node/7794358353","field":"national_highways","kind":"toll_plaza","name":null,"ref":null,"status":"operational","opened_on":null,"expected_completion":null,"agency":null,"source":"osm","confidence":0.9},"geometry":{"type":"Point","coordinates":[80.1496,13.0435]}},{"type":"Feature","properties":{"id":"toll_plaza:osm:node/7794358354","field":"national_highways","kind":"toll_plaza","name":null,"ref":null,"status":"operational","opened_on":null,"expected_completion":null,"agency":null,"source":"osm","confidence":0.9},"geometry":{"type":"Point","coordinates":[80.1497,13.0436]}},{"type":"Feature","properties":{"id":"toll_plaza:osm:node/7794358355","field":"national_highways","kind":"toll_plaza","name":null,"ref":null,"status":"operational","opened_on":null,"expected_completion":null,"agency":null,"source":"osm","confidence":0.9},"geometry":{"type":"Point","coordinates":[80.1498,13.0436]}},{"type":"Feature","properties":{"id":"toll_plaza:osm:node/7891100482","field":"national_highways","kind":"toll_plaza","name":null,"ref":null,"status":"operational","opened_on":null,"expected_completion":null,"agency":null,"source":"osm","confidence":0.9},"geometry":{"type":"Point","coordinates":[78.3705,20.4492]}},{"type":"Feature","properties":{"id":"toll_plaza:osm:node/8194249410","field":"national_highways","kind":"toll_plaza","name":null,"ref":null,"status":"operational","opened_on":null,"expected_completion":null,"agency":null,"source":"osm","confidence":0.9},"geometry":{"type":"Point","coordinates":[76.5065,29.9104]}},{"type":"Feature","properties":{"id":"toll_plaza:osm:node/8460284652","field":"national_highways","kind":"toll_plaza","name":null,"ref":null,"status":"operational","opened_on":null,"expected_completion":null,"agency":null,"source":"osm","confidence":0.9},"geometry":{"type":"Point","coordinates":[72.756,26.3162]}},{"type":"Feature","properties":{"id":"toll_plaza:osm:node/8460284658","field":"national_highways","kind":"toll_plaza","name":null,"ref":null,"status":"operational","opened_on":null,"expected_completion":null,"agency":null,"source":"osm","confidence":0.9},"geometry":{"type":"Point","coordinates":[72.7553,26.316]}},{"type":"Feature","properties":{"id":"toll_plaza:osm:node/8816013067","field":"national_highways","kind":"toll_plaza","name":null,"ref":null,"status":"operational","opened_on":null,"expected_completion":null,"agency":null,"source":"osm","confidence":0.9},"geometry":{"type":"Point","coordinates":[77.518,28.7077]}},{"type":"Feature","properties":{"id":"toll_plaza:osm:node/8949434172","field":"national_highways","kind":"toll_plaza","name":null,"ref":null,"status":"operational","opened_on":null,"expected_completion":null,"agency":null,"source":"osm","confidence":0.9},"geometry":{"type":"Point","coordinates":[74.3209,27.5149]}},{"type":"Feature","properties":{"id":"toll_plaza:osm:node/8949434431","field":"national_highways","kind":"toll_plaza","name":null,"ref":null,"status":"operational","opened_on":null,"expected_completion":null,"agency":null,"source":"osm","confidence":0.9},"geometry":{"type":"Point","coordinates":[74.7474,27.7861]}},{"type":"Feature","properties":{"id":"toll_plaza:osm:node/8949470610","field":"national_highways","kind":"toll_plaza","name":null,"ref":null,"status":"operational","opened_on":null,"expected_completion":null,"agency":null,"source":"osm","confidence":0.9},"geometry":{"type":"Point","coordinates":[75.0703,28.3458]}},{"type":"Feature","properties":{"id":"toll_plaza:osm:node/8949555351","field":"national_highways","kind":"toll_plaza","name":null,"ref":null,"status":"operational","opened_on":null,"expected_completion":null,"agency":null,"source":"osm","confidence":0.9},"geometry":{"type":"Point","coordinates":[73.1146,28.004]}},{"type":"Feature","properties":{"id":"toll_plaza:osm:node/8949555498","field":"national_highways","kind":"toll_plaza","name":null,"ref":null,"status":"operational","opened_on":null,"expected_completion":null,"agency":null,"source":"osm","confidence":0.9},"geometry":{"type":"Point","coordinates":[73.3725,28.1398]}},{"type":"Feature","properties":{"id":"toll_plaza:osm:node/8979526784","field":"national_highways","kind":"toll_plaza","name":null,"ref":null,"status":"operational","opened_on":null,"expected_completion":null,"agency":null,"source":"osm","confidence":0.9},"geometry":{"type":"Point","coordinates":[80.8086,22.3906]}},{"type":"Feature","properties":{"id":"toll_plaza:osm:node/8979530132","field":"national_highways","kind":"toll_plaza","name":null,"ref":null,"status":"operational","opened_on":null,"expected_completion":null,"agency":null,"source":"osm","confidence":0.9},"geometry":{"type":"Point","coordinates":[80.0875,23.4337]}},{"type":"Feature","properties":{"id":"toll_plaza:osm:node/9006873532","field":"national_highways","kind":"toll_plaza","name":null,"ref":null,"status":"operational","opened_on":null,"expected_completion":null,"agency":null,"source":"osm","confidence":0.9},"geometry":{"type":"Point","coordinates":[76.0886,29.5784]}},{"type":"Feature","properties":{"id":"toll_plaza:osm:node/9006873747","field":"national_highways","kind":"toll_plaza","name":null,"ref":null,"status":"operational","opened_on":null,"expected_completion":null,"agency":null,"source":"osm","confidence":0.9},"geometry":{"type":"Point","coordinates":[76.0884,29.5786]}},{"type":"Feature","properties":{"id":"toll_plaza:osm:node/9007077634","field":"national_highways","kind":"toll_plaza","name":null,"ref":null,"status":"operational","opened_on":null,"expected_completion":null,"agency":null,"source":"osm","confidence":0.9},"geometry":{"type":"Point","coordinates":[74.7936,29.8806]}},{"type":"Feature","properties":{"id":"toll_plaza:osm:node/9007077695","field":"national_highways","kind":"toll_plaza","name":null,"ref":null,"status":"operational","opened_on":null,"expected_completion":null,"agency":null,"source":"osm","confidence":0.9},"geometry":{"type":"Point","coordinates":[74.7938,29.8808]}},{"type":"Feature","properties":{"id":"toll_plaza:osm:node/9043998470","field":"national_highways","kind":"toll_plaza","name":null,"ref":null,"status":"operational","opened_on":null,"expected_completion":null,"agency":null,"source":"osm","confidence":0.9},"geometry":{"type":"Point","coordinates":[86.1174,21.147]}},{"type":"Feature","properties":{"id":"toll_plaza:osm:node/9043998751","field":"national_highways","kind":"toll_plaza","name":null,"ref":null,"status":"operational","opened_on":null,"expected_completion":null,"agency":null,"source":"osm","confidence":0.9},"geometry":{"type":"Point","coordinates":[86.1176,21.147]}},{"type":"Feature","properties":{"id":"toll_plaza:osm:node/9044136902","field":"national_highways","kind":"toll_plaza","name":null,"ref":null,"status":"operational","opened_on":null,"expected_completion":null,"agency":null,"source":"osm","confidence":0.9},"geometry":{"type":"Point","coordinates":[85.5837,21.7099]}},{"type":"Feature","properties":{"id":"toll_plaza:osm:node/9044136912","field":"national_highways","kind":"toll_plaza","name":null,"ref":null,"status":"operational","opened_on":null,"expected_completion":null,"agency":null,"source":"osm","confidence":0.9},"geometry":{"type":"Point","coordinates":[85.5835,21.7099]}},{"type":"Feature","properties":{"id":"toll_plaza:osm:node/9101502812","field":"national_highways","kind":"toll_plaza","name":null,"ref":null,"status":"operational","opened_on":null,"expected_completion":null,"agency":null,"source":"osm","confidence":0.9},"geometry":{"type":"Point","coordinates":[81.6496,25.5925]}},{"type":"Feature","properties":{"id":"toll_plaza:osm:node/2619274063","field":"national_highways","kind":"toll_plaza","name":null,"ref":null,"status":"operational","opened_on":null,"expected_completion":null,"agency":null,"source":"osm","confidence":0.9},"geometry":{"type":"Point","coordinates":[88.4032,22.9666]}},{"type":"Feature","properties":{"id":"toll_plaza:osm:node/3227458797","field":"national_highways","kind":"toll_plaza","name":null,"ref":null,"status":"operational","opened_on":null,"expected_completion":null,"agency":null,"source":"osm","confidence":0.9},"geometry":{"type":"Point","coordinates":[72.6862,23.0962]}},{"type":"Feature","properties":{"id":"toll_plaza:osm:node/3227458798","field":"national_highways","kind":"toll_plaza","name":null,"ref":null,"status":"operational","opened_on":null,"expected_completion":null,"agency":null,"source":"osm","confidence":0.9},"geometry":{"type":"Point","coordinates":[72.6863,23.0963]}},{"type":"Feature","properties":{"id":"toll_plaza:osm:node/3316933054","field":"national_highways","kind":"toll_plaza","name":null,"ref":null,"status":"operational","opened_on":null,"expected_completion":null,"agency":null,"source":"osm","confidence":0.9},"geometry":{"type":"Point","coordinates":[83.0691,17.7474]}},{"type":"Feature","properties":{"id":"toll_plaza:osm:node/3444404208","field":"national_highways","kind":"toll_plaza","name":null,"ref":null,"status":"operational","opened_on":null,"expected_completion":null,"agency":null,"source":"osm","confidence":0.9},"geometry":{"type":"Point","coordinates":[87.8694,22.3354]}},{"type":"Feature","properties":{"id":"toll_plaza:osm:node/3444404210","field":"national_highways","kind":"toll_plaza","name":null,"ref":null,"status":"operational","opened_on":null,"expected_completion":null,"agency":null,"source":"osm","confidence":0.9},"geometry":{"type":"Point","coordinates":[87.8696,22.3355]}},{"type":"Feature","properties":{"id":"toll_plaza:osm:node/3656588467","field":"national_highways","kind":"toll_plaza","name":null,"ref":null,"status":"operational","opened_on":null,"expected_completion":null,"agency":null,"source":"osm","confidence":0.9},"geometry":{"type":"Point","coordinates":[77.9572,21.8637]}},{"type":"Feature","properties":{"id":"toll_plaza:osm:node/3656588471","field":"national_highways","kind":"toll_plaza","name":null,"ref":null,"status":"operational","opened_on":null,"expected_completion":null,"agency":null,"source":"osm","confidence":0.9},"geometry":{"type":"Point","coordinates":[77.9571,21.8638]}},{"type":"Feature","properties":{"id":"toll_plaza:osm:node/3656677738","field":"national_highways","kind":"toll_plaza","name":null,"ref":null,"status":"operational","opened_on":null,"expected_completion":null,"agency":null,"source":"osm","confidence":0.9},"geometry":{"type":"Point","coordinates":[72.9574,22.9128]}},{"type":"Feature","properties":{"id":"toll_plaza:osm:node/3656677739","field":"national_highways","kind":"toll_plaza","name":null,"ref":null,"status":"operational","opened_on":null,"expected_completion":null,"agency":null,"source":"osm","confidence":0.9},"geometry":{"type":"Point","coordinates":[72.9575,22.9128]}},{"type":"Feature","properties":{"id":"toll_plaza:osm:node/3680503180","field":"national_highways","kind":"toll_plaza","name":null,"ref":null,"status":"operational","opened_on":null,"expected_completion":null,"agency":null,"source":"osm","confidence":0.9},"geometry":{"type":"Point","coordinates":[76.6236,12.9582]}},{"type":"Feature","properties":{"id":"toll_plaza:osm:node/3896846139","field":"national_highways","kind":"toll_plaza","name":"Parsoni Khem","ref":null,"status":"operational","opened_on":null,"expected_completion":null,"agency":null,"source":"osm","confidence":0.9},"geometry":{"type":"Point","coordinates":[85.0227,26.4517]}},{"type":"Feature","properties":{"id":"toll_plaza:osm:node/3897173093","field":"national_highways","kind":"toll_plaza","name":null,"ref":null,"status":"operational","opened_on":null,"expected_completion":null,"agency":null,"source":"osm","confidence":0.9},"geometry":{"type":"Point","coordinates":[92.5415,26.2457]}},{"type":"Feature","properties":{"id":"toll_plaza:osm:node/3897173094","field":"national_highways","kind":"toll_plaza","name":null,"ref":null,"status":"operational","opened_on":null,"expected_completion":null,"agency":null,"source":"osm","confidence":0.9},"geometry":{"type":"Point","coordinates":[92.5414,26.2459]}},{"type":"Feature","properties":{"id":"toll_plaza:osm:node/3909304481","field":"national_highways","kind":"toll_plaza","name":null,"ref":null,"status":"operational","opened_on":null,"expected_completion":null,"agency":null,"source":"osm","confidence":0.9},"geometry":{"type":"Point","coordinates":[76.8832,12.2436]}},{"type":"Feature","properties":{"id":"toll_plaza:osm:node/4271292155","field":"national_highways","kind":"toll_plaza","name":"Korlapadu Plaza","ref":null,"status":"operational","opened_on":null,"expected_completion":null,"agency":null,"source":"osm","confidence":0.9},"geometry":{"type":"Point","coordinates":[79.4749,17.1596]}},{"type":"Feature","properties":{"id":"toll_plaza:osm:node/5339749822","field":"national_highways","kind":"toll_plaza","name":null,"ref":null,"status":"operational","opened_on":null,"expected_completion":null,"agency":null,"source":"osm","confidence":0.9},"geometry":{"type":"Point","coordinates":[73.5333,22.7924]}},{"type":"Feature","properties":{"id":"toll_plaza:osm:node/5339749831","field":"national_highways","kind":"toll_plaza","name":null,"ref":null,"status":"operational","opened_on":null,"expected_completion":null,"agency":null,"source":"osm","confidence":0.9},"geometry":{"type":"Point","coordinates":[73.5332,22.7922]}},{"type":"Feature","properties":{"id":"toll_plaza:osm:node/5378919830","field":"national_highways","kind":"toll_plaza","name":"Rahanka Toll","ref":null,"status":"operational","opened_on":null,"expected_completion":null,"agency":null,"source":"osm","confidence":0.9},"geometry":{"type":"Point","coordinates":[78.1148,27.2022]}},{"type":"Feature","properties":{"id":"toll_plaza:osm:node/5378919831","field":"national_highways","kind":"toll_plaza","name":"Rahanka Toll","ref":null,"status":"operational","opened_on":null,"expected_completion":null,"agency":null,"source":"osm","confidence":0.9},"geometry":{"type":"Point","coordinates":[78.1145,27.2022]}},{"type":"Feature","properties":{"id":"toll_plaza:osm:node/5378919832","field":"national_highways","kind":"toll_plaza","name":"Jewar Toll Plaza","ref":null,"status":"operational","opened_on":null,"expected_completion":null,"agency":null,"source":"osm","confidence":0.9},"geometry":{"type":"Point","coordinates":[77.5755,28.1142]}},{"type":"Feature","properties":{"id":"toll_plaza:osm:node/5378919833","field":"national_highways","kind":"toll_plaza","name":"Jewar Toll Plaza","ref":null,"status":"operational","opened_on":null,"expected_completion":null,"agency":null,"source":"osm","confidence":0.9},"geometry":{"type":"Point","coordinates":[77.5747,28.1147]}},{"type":"Feature","properties":{"id":"toll_plaza:osm:node/5480054956","field":"national_highways","kind":"toll_plaza","name":"Navayuga Devanhally/Sadahalli","ref":null,"status":"operational","opened_on":null,"expected_completion":null,"agency":null,"source":"osm","confidence":0.9},"geometry":{"type":"Point","coordinates":[77.6497,13.1937]}},{"type":"Feature","properties":{"id":"toll_plaza:osm:node/5480054957","field":"national_highways","kind":"toll_plaza","name":"Amakathadu","ref":null,"status":"operational","opened_on":null,"expected_completion":null,"agency":null,"source":"osm","confidence":0.9},"geometry":{"type":"Point","coordinates":[77.9011,15.4865]}},{"type":"Feature","properties":{"id":"toll_plaza:osm:node/5480054958","field":"national_highways","kind":"toll_plaza","name":"Amakathadu","ref":null,"status":"operational","opened_on":null,"expected_completion":null,"agency":null,"source":"osm","confidence":0.9},"geometry":{"type":"Point","coordinates":[77.9012,15.4864]}},{"type":"Feature","properties":{"id":"toll_plaza:osm:node/5491933133","field":"national_highways","kind":"toll_plaza","name":"Tundla","ref":null,"status":"operational","opened_on":null,"expected_completion":null,"agency":null,"source":"osm","confidence":0.9},"geometry":{"type":"Point","coordinates":[78.2724,27.2185]}},{"type":"Feature","properties":{"id":"toll_plaza:osm:node/5491933134","field":"national_highways","kind":"toll_plaza","name":"Tundla","ref":null,"status":"operational","opened_on":null,"expected_completion":null,"agency":null,"source":"osm","confidence":0.9},"geometry":{"type":"Point","coordinates":[78.2723,27.2181]}},{"type":"Feature","properties":{"id":"toll_plaza:osm:node/5492020855","field":"national_highways","kind":"toll_plaza","name":"Barajod (Bara)","ref":null,"status":"operational","opened_on":null,"expected_completion":null,"agency":null,"source":"osm","confidence":0.9},"geometry":{"type":"Point","coordinates":[80.0191,26.3853]}},{"type":"Feature","properties":{"id":"toll_plaza:osm:node/5492020856","field":"national_highways","kind":"toll_plaza","name":"Barajod (Bara)","ref":null,"status":"operational","opened_on":null,"expected_completion":null,"agency":null,"source":"osm","confidence":0.9},"geometry":{"type":"Point","coordinates":[80.019,26.3854]}},{"type":"Feature","properties":{"id":"toll_plaza:osm:node/5492070184","field":"national_highways","kind":"toll_plaza","name":"Handia/Sujala","ref":null,"status":"operational","opened_on":null,"expected_completion":null,"agency":null,"source":"osm","confidence":0.9},"geometry":{"type":"Point","coordinates":[82.1568,25.3787]}},{"type":"Feature","properties":{"id":"toll_plaza:osm:node/5492070185","field":"national_highways","kind":"toll_plaza","name":"Handia/Sujala","ref":null,"status":"operational","opened_on":null,"expected_completion":null,"agency":null,"source":"osm","confidence":0.9},"geometry":{"type":"Point","coordinates":[82.1566,25.3788]}},{"type":"Feature","properties":{"id":"toll_plaza:osm:node/5492184983","field":"national_highways","kind":"toll_plaza","name":"Beliyad","ref":null,"status":"operational","opened_on":null,"expected_completion":null,"agency":null,"source":"osm","confidence":0.9},"geometry":{"type":"Point","coordinates":[86.7988,23.7639]}},{"type":"Feature","properties":{"id":"toll_plaza:osm:node/5492184986","field":"national_highways","kind":"toll_plaza","name":"Ghanghri","ref":null,"status":"operational","opened_on":null,"expected_completion":null,"agency":null,"source":"osm","confidence":0.9},"geometry":{"type":"Point","coordinates":[85.9488,24.0301]}},{"type":"Feature","properties":{"id":"toll_plaza:osm:node/5492184987","field":"national_highways","kind":"toll_plaza","name":"Ghanghri","ref":null,"status":"operational","opened_on":null,"expected_completion":null,"agency":null,"source":"osm","confidence":0.9},"geometry":{"type":"Point","coordinates":[85.9483,24.0301]}},{"type":"Feature","properties":{"id":"toll_plaza:osm:node/5492185786","field":"national_highways","kind":"toll_plaza","name":"Lalanagar","ref":null,"status":"operational","opened_on":null,"expected_completion":null,"agency":null,"source":"osm","confidence":0.9},"geometry":{"type":"Point","coordinates":[82.4859,25.2682]}},{"type":"Feature","properties":{"id":"toll_plaza:osm:node/5492185787","field":"national_highways","kind":"toll_plaza","name":"Lalanagar","ref":null,"status":"operational","opened_on":null,"expected_completion":null,"agency":null,"source":"osm","confidence":0.9},"geometry":{"type":"Point","coordinates":[82.4889,25.2674]}},{"type":"Feature","properties":{"id":"toll_plaza:osm:node/5759798985","field":"national_highways","kind":"toll_plaza","name":null,"ref":null,"status":"operational","opened_on":null,"expected_completion":null,"agency":null,"source":"osm","confidence":0.9},"geometry":{"type":"Point","coordinates":[82.3841,17.7144]}},{"type":"Feature","properties":{"id":"toll_plaza:osm:node/5883306402","field":"national_highways","kind":"toll_plaza","name":null,"ref":null,"status":"operational","opened_on":null,"expected_completion":null,"agency":null,"source":"osm","confidence":0.9},"geometry":{"type":"Point","coordinates":[77.1052,10.0565]}},{"type":"Feature","properties":{"id":"toll_plaza:osm:node/6801305026","field":"national_highways","kind":"toll_plaza","name":"BETL Two Wheeler Toll Booth","ref":null,"status":"operational","opened_on":null,"expected_completion":null,"agency":null,"source":"osm","confidence":0.9},"geometry":{"type":"Point","coordinates":[77.6714,12.8465]}},{"type":"Feature","properties":{"id":"toll_plaza:osm:node/7091117974","field":"national_highways","kind":"toll_plaza","name":null,"ref":null,"status":"operational","opened_on":null,"expected_completion":null,"agency":null,"source":"osm","confidence":0.9},"geometry":{"type":"Point","coordinates":[73.0611,21.7024]}},{"type":"Feature","properties":{"id":"toll_plaza:osm:node/7169885889","field":"national_highways","kind":"toll_plaza","name":"Ulundhurpet Toll Plaza","ref":null,"status":"operational","opened_on":null,"expected_completion":null,"agency":null,"source":"osm","confidence":0.9},"geometry":{"type":"Point","coordinates":[79.3224,11.7061]}},{"type":"Feature","properties":{"id":"toll_plaza:osm:node/7581243533","field":"national_highways","kind":"toll_plaza","name":null,"ref":null,"status":"operational","opened_on":null,"expected_completion":null,"agency":null,"source":"osm","confidence":0.9},"geometry":{"type":"Point","coordinates":[77.7291,25.6815]}},{"type":"Feature","properties":{"id":"toll_plaza:osm:node/7581244224","field":"national_highways","kind":"toll_plaza","name":null,"ref":null,"status":"operational","opened_on":null,"expected_completion":null,"agency":null,"source":"osm","confidence":0.9},"geometry":{"type":"Point","coordinates":[78.0159,26.0977]}},{"type":"Feature","properties":{"id":"toll_plaza:osm:node/7677130677","field":"national_highways","kind":"toll_plaza","name":null,"ref":null,"status":"operational","opened_on":null,"expected_completion":null,"agency":null,"source":"osm","confidence":0.9},"geometry":{"type":"Point","coordinates":[76.663,12.2131]}},{"type":"Feature","properties":{"id":"toll_plaza:osm:node/8113744574","field":"national_highways","kind":"toll_plaza","name":null,"ref":null,"status":"operational","opened_on":null,"expected_completion":null,"agency":null,"source":"osm","confidence":0.9},"geometry":{"type":"Point","coordinates":[81.7195,17.0273]}},{"type":"Feature","properties":{"id":"toll_plaza:osm:node/8113744575","field":"national_highways","kind":"toll_plaza","name":null,"ref":null,"status":"operational","opened_on":null,"expected_completion":null,"agency":null,"source":"osm","confidence":0.9},"geometry":{"type":"Point","coordinates":[81.7195,17.0272]}},{"type":"Feature","properties":{"id":"toll_plaza:osm:node/8191115234","field":"national_highways","kind":"toll_plaza","name":null,"ref":null,"status":"operational","opened_on":null,"expected_completion":null,"agency":null,"source":"osm","confidence":0.9},"geometry":{"type":"Point","coordinates":[75.7687,26.7476]}},{"type":"Feature","properties":{"id":"toll_plaza:osm:node/8191115235","field":"national_highways","kind":"toll_plaza","name":null,"ref":null,"status":"operational","opened_on":null,"expected_completion":null,"agency":null,"source":"osm","confidence":0.9},"geometry":{"type":"Point","coordinates":[75.7686,26.7474]}},{"type":"Feature","properties":{"id":"toll_plaza:osm:node/8598281499","field":"national_highways","kind":"toll_plaza","name":null,"ref":null,"status":"operational","opened_on":null,"expected_completion":null,"agency":null,"source":"osm","confidence":0.9},"geometry":{"type":"Point","coordinates":[77.5202,28.7055]}},{"type":"Feature","properties":{"id":"toll_plaza:osm:node/8598281511","field":"national_highways","kind":"toll_plaza","name":null,"ref":null,"status":"operational","opened_on":null,"expected_completion":null,"agency":null,"source":"osm","confidence":0.9},"geometry":{"type":"Point","coordinates":[77.5176,28.7073]}},{"type":"Feature","properties":{"id":"toll_plaza:osm:node/8670941584","field":"national_highways","kind":"toll_plaza","name":null,"ref":null,"status":"operational","opened_on":null,"expected_completion":null,"agency":null,"source":"osm","confidence":0.9},"geometry":{"type":"Point","coordinates":[77.4168,27.1785]}},{"type":"Feature","properties":{"id":"toll_plaza:osm:node/8670941594","field":"national_highways","kind":"toll_plaza","name":null,"ref":null,"status":"operational","opened_on":null,"expected_completion":null,"agency":null,"source":"osm","confidence":0.9},"geometry":{"type":"Point","coordinates":[77.4168,27.1786]}},{"type":"Feature","properties":{"id":"toll_plaza:osm:node/8670941599","field":"national_highways","kind":"toll_plaza","name":null,"ref":null,"status":"operational","opened_on":null,"expected_completion":null,"agency":null,"source":"osm","confidence":0.9},"geometry":{"type":"Point","coordinates":[77.4167,27.1786]}},{"type":"Feature","properties":{"id":"toll_plaza:osm:node/8670941603","field":"national_highways","kind":"toll_plaza","name":null,"ref":null,"status":"operational","opened_on":null,"expected_completion":null,"agency":null,"source":"osm","confidence":0.9},"geometry":{"type":"Point","coordinates":[77.4167,27.1787]}},{"type":"Feature","properties":{"id":"toll_plaza:osm:node/8670944375","field":"national_highways","kind":"toll_plaza","name":"Ludhewai Toll Plaza","ref":null,"status":"operational","opened_on":null,"expected_completion":null,"agency":null,"source":"osm","confidence":0.9},"geometry":{"type":"Point","coordinates":[77.4169,27.1784]}},{"type":"Feature","properties":{"id":"toll_plaza:osm:node/8670944379","field":"national_highways","kind":"toll_plaza","name":"Ludhewai Toll Plaza","ref":null,"status":"operational","opened_on":null,"expected_completion":null,"agency":null,"source":"osm","confidence":0.9},"geometry":{"type":"Point","coordinates":[77.4169,27.1783]}},{"type":"Feature","properties":{"id":"toll_plaza:osm:node/8670944384","field":"national_highways","kind":"toll_plaza","name":"Ludhewai Toll Plaza","ref":null,"status":"operational","opened_on":null,"expected_completion":null,"agency":null,"source":"osm","confidence":0.9},"geometry":{"type":"Point","coordinates":[77.4169,27.1783]}},{"type":"Feature","properties":{"id":"toll_plaza:osm:node/8670944389","field":"national_highways","kind":"toll_plaza","name":"Ludhewai Toll Plaza","ref":null,"status":"operational","opened_on":null,"expected_completion":null,"agency":null,"source":"osm","confidence":0.9},"geometry":{"type":"Point","coordinates":[77.4169,27.1782]}},{"type":"Feature","properties":{"id":"toll_plaza:osm:node/8717985328","field":"national_highways","kind":"toll_plaza","name":null,"ref":null,"status":"operational","opened_on":null,"expected_completion":null,"agency":null,"source":"osm","confidence":0.9},"geometry":{"type":"Point","coordinates":[73.6927,16.1747]}},{"type":"Feature","properties":{"id":"toll_plaza:osm:node/8717985329","field":"national_highways","kind":"toll_plaza","name":null,"ref":null,"status":"operational","opened_on":null,"expected_completion":null,"agency":null,"source":"osm","confidence":0.9},"geometry":{"type":"Point","coordinates":[73.6928,16.1746]}},{"type":"Feature","properties":{"id":"toll_plaza:osm:node/8951593845","field":"national_highways","kind":"toll_plaza","name":null,"ref":null,"status":"operational","opened_on":null,"expected_completion":null,"agency":null,"source":"osm","confidence":0.9},"geometry":{"type":"Point","coordinates":[71.6307,25.8659]}},{"type":"Feature","properties":{"id":"toll_plaza:osm:node/8951593846","field":"national_highways","kind":"toll_plaza","name":null,"ref":null,"status":"operational","opened_on":null,"expected_completion":null,"agency":null,"source":"osm","confidence":0.9},"geometry":{"type":"Point","coordinates":[71.6295,25.8659]}},{"type":"Feature","properties":{"id":"toll_plaza:osm:node/8953280203","field":"national_highways","kind":"toll_plaza","name":null,"ref":null,"status":"operational","opened_on":null,"expected_completion":null,"agency":null,"source":"osm","confidence":0.9},"geometry":{"type":"Point","coordinates":[74.6853,26.1042]}},{"type":"Feature","properties":{"id":"toll_plaza:osm:node/8953280204","field":"national_highways","kind":"toll_plaza","name":null,"ref":null,"status":"operational","opened_on":null,"expected_completion":null,"agency":null,"source":"osm","confidence":0.9},"geometry":{"type":"Point","coordinates":[74.6854,26.1041]}},{"type":"Feature","properties":{"id":"toll_plaza:osm:node/8968559118","field":"national_highways","kind":"toll_plaza","name":"Azizpur Toll Plaza","ref":null,"status":"operational","opened_on":null,"expected_completion":null,"agency":null,"source":"osm","confidence":0.9},"geometry":{"type":"Point","coordinates":[76.7593,30.593]}},{"type":"Feature","properties":{"id":"toll_plaza:osm:node/8968559153","field":"national_highways","kind":"toll_plaza","name":"Azizpur Toll Plaza","ref":null,"status":"operational","opened_on":null,"expected_completion":null,"agency":null,"source":"osm","confidence":0.9},"geometry":{"type":"Point","coordinates":[76.7591,30.5931]}},{"type":"Feature","properties":{"id":"toll_plaza:osm:node/8968970338","field":"national_highways","kind":"toll_plaza","name":null,"ref":null,"status":"operational","opened_on":null,"expected_completion":null,"agency":null,"source":"osm","confidence":0.9},"geometry":{"type":"Point","coordinates":[74.9164,30.8266]}},{"type":"Feature","properties":{"id":"toll_plaza:osm:node/8973346586","field":"national_highways","kind":"toll_plaza","name":null,"ref":null,"status":"operational","opened_on":null,"expected_completion":null,"agency":null,"source":"osm","confidence":0.9},"geometry":{"type":"Point","coordinates":[72.885,20.2636]}},{"type":"Feature","properties":{"id":"toll_plaza:osm:node/8973346590","field":"national_highways","kind":"toll_plaza","name":null,"ref":null,"status":"operational","opened_on":null,"expected_completion":null,"agency":null,"source":"osm","confidence":0.9},"geometry":{"type":"Point","coordinates":[73.3945,23.7173]}},{"type":"Feature","properties":{"id":"toll_plaza:osm:node/8978879840","field":"national_highways","kind":"toll_plaza","name":null,"ref":null,"status":"operational","opened_on":null,"expected_completion":null,"agency":null,"source":"osm","confidence":0.9},"geometry":{"type":"Point","coordinates":[74.7999,23.4928]}},{"type":"Feature","properties":{"id":"toll_plaza:osm:node/8978919339","field":"national_highways","kind":"toll_plaza","name":null,"ref":null,"status":"operational","opened_on":null,"expected_completion":null,"agency":null,"source":"osm","confidence":0.9},"geometry":{"type":"Point","coordinates":[81.6863,24.9507]}},{"type":"Feature","properties":{"id":"toll_plaza:osm:node/8983885534","field":"national_highways","kind":"toll_plaza","name":null,"ref":null,"status":"operational","opened_on":null,"expected_completion":null,"agency":null,"source":"osm","confidence":0.9},"geometry":{"type":"Point","coordinates":[76.9846,24.0875]}},{"type":"Feature","properties":{"id":"toll_plaza:osm:node/8983946362","field":"national_highways","kind":"toll_plaza","name":null,"ref":null,"status":"operational","opened_on":null,"expected_completion":null,"agency":null,"source":"osm","confidence":0.9},"geometry":{"type":"Point","coordinates":[77.186,24.5074]}},{"type":"Feature","properties":{"id":"toll_plaza:osm:node/8983996626","field":"national_highways","kind":"toll_plaza","name":null,"ref":null,"status":"operational","opened_on":null,"expected_completion":null,"agency":null,"source":"osm","confidence":0.9},"geometry":{"type":"Point","coordinates":[77.6037,25.1656]}},{"type":"Feature","properties":{"id":"toll_plaza:osm:node/8983996627","field":"national_highways","kind":"toll_plaza","name":null,"ref":null,"status":"operational","opened_on":null,"expected_completion":null,"agency":null,"source":"osm","confidence":0.9},"geometry":{"type":"Point","coordinates":[77.6039,25.1655]}},{"type":"Feature","properties":{"id":"toll_plaza:osm:node/8983998733","field":"national_highways","kind":"toll_plaza","name":null,"ref":null,"status":"operational","opened_on":null,"expected_completion":null,"agency":null,"source":"osm","confidence":0.9},"geometry":{"type":"Point","coordinates":[77.1863,24.5073]}},{"type":"Feature","properties":{"id":"toll_plaza:osm:node/8984065773","field":"national_highways","kind":"toll_plaza","name":null,"ref":null,"status":"operational","opened_on":null,"expected_completion":null,"agency":null,"source":"osm","confidence":0.9},"geometry":{"type":"Point","coordinates":[77.7289,25.6814]}},{"type":"Feature","properties":{"id":"toll_plaza:osm:node/9006059398","field":"national_highways","kind":"toll_plaza","name":null,"ref":null,"status":"operational","opened_on":null,"expected_completion":null,"agency":null,"source":"osm","confidence":0.9},"geometry":{"type":"Point","coordinates":[76.9452,30.5858]}},{"type":"Feature","properties":{"id":"toll_plaza:osm:node/9026328441","field":"national_highways","kind":"toll_plaza","name":null,"ref":null,"status":"operational","opened_on":null,"expected_completion":null,"agency":null,"source":"osm","confidence":0.9},"geometry":{"type":"Point","coordinates":[88.9193,26.5602]}},{"type":"Feature","properties":{"id":"toll_plaza:osm:node/9026328442","field":"national_highways","kind":"toll_plaza","name":null,"ref":null,"status":"operational","opened_on":null,"expected_completion":null,"agency":null,"source":"osm","confidence":0.9},"geometry":{"type":"Point","coordinates":[87.8431,25.9335]}},{"type":"Feature","properties":{"id":"toll_plaza:osm:node/9026328443","field":"national_highways","kind":"toll_plaza","name":null,"ref":null,"status":"operational","opened_on":null,"expected_completion":null,"agency":null,"source":"osm","confidence":0.9},"geometry":{"type":"Point","coordinates":[87.8432,25.9335]}},{"type":"Feature","properties":{"id":"toll_plaza:osm:node/9026450468","field":"national_highways","kind":"toll_plaza","name":null,"ref":null,"status":"operational","opened_on":null,"expected_completion":null,"agency":null,"source":"osm","confidence":0.9},"geometry":{"type":"Point","coordinates":[88.2305,26.6874]}},{"type":"Feature","properties":{"id":"toll_plaza:osm:node/9043424869","field":"national_highways","kind":"toll_plaza","name":null,"ref":null,"status":"operational","opened_on":null,"expected_completion":null,"agency":null,"source":"osm","confidence":0.9},"geometry":{"type":"Point","coordinates":[85.8393,20.1372]}},{"type":"Feature","properties":{"id":"toll_plaza:osm:node/9043424870","field":"national_highways","kind":"toll_plaza","name":null,"ref":null,"status":"operational","opened_on":null,"expected_completion":null,"agency":null,"source":"osm","confidence":0.9},"geometry":{"type":"Point","coordinates":[85.8391,20.1372]}},{"type":"Feature","properties":{"id":"toll_plaza:osm:node/9043429302","field":"national_highways","kind":"toll_plaza","name":null,"ref":null,"status":"operational","opened_on":null,"expected_completion":null,"agency":null,"source":"osm","confidence":0.9},"geometry":{"type":"Point","coordinates":[86.0108,20.5659]}},{"type":"Feature","properties":{"id":"toll_plaza:osm:node/9043429303","field":"national_highways","kind":"toll_plaza","name":null,"ref":null,"status":"operational","opened_on":null,"expected_completion":null,"agency":null,"source":"osm","confidence":0.9},"geometry":{"type":"Point","coordinates":[86.011,20.5656]}},{"type":"Feature","properties":{"id":"toll_plaza:osm:node/9043529319","field":"national_highways","kind":"toll_plaza","name":null,"ref":null,"status":"operational","opened_on":null,"expected_completion":null,"agency":null,"source":"osm","confidence":0.9},"geometry":{"type":"Point","coordinates":[86.6436,22.0741]}},{"type":"Feature","properties":{"id":"toll_plaza:osm:node/9043529325","field":"national_highways","kind":"toll_plaza","name":null,"ref":null,"status":"operational","opened_on":null,"expected_completion":null,"agency":null,"source":"osm","confidence":0.9},"geometry":{"type":"Point","coordinates":[86.6438,22.0742]}},{"type":"Feature","properties":{"id":"toll_plaza:osm:node/9043972178","field":"national_highways","kind":"toll_plaza","name":null,"ref":null,"status":"operational","opened_on":null,"expected_completion":null,"agency":null,"source":"osm","confidence":0.9},"geometry":{"type":"Point","coordinates":[77.4841,10.8096]}},{"type":"Feature","properties":{"id":"toll_plaza:osm:node/9043972179","field":"national_highways","kind":"toll_plaza","name":null,"ref":null,"status":"operational","opened_on":null,"expected_completion":null,"agency":null,"source":"osm","confidence":0.9},"geometry":{"type":"Point","coordinates":[77.4842,10.8096]}},{"type":"Feature","properties":{"id":"toll_plaza:osm:node/2953119370","field":"national_highways","kind":"toll_plaza","name":null,"ref":null,"status":"operational","opened_on":null,"expected_completion":null,"agency":null,"source":"osm","confidence":0.9},"geometry":{"type":"Point","coordinates":[77.9152,14.9874]}},{"type":"Feature","properties":{"id":"toll_plaza:osm:node/3213150695","field":"national_highways","kind":"toll_plaza","name":null,"ref":null,"status":"operational","opened_on":null,"expected_completion":null,"agency":null,"source":"osm","confidence":0.9},"geometry":{"type":"Point","coordinates":[78.0586,21.0829]}},{"type":"Feature","properties":{"id":"toll_plaza:osm:node/3512712893","field":"national_highways","kind":"toll_plaza","name":"Ladpalwan","ref":null,"status":"operational","opened_on":null,"expected_completion":null,"agency":null,"source":"osm","confidence":0.9},"geometry":{"type":"Point","coordinates":[75.5336,32.1979]}},{"type":"Feature","properties":{"id":"toll_plaza:osm:node/3752329634","field":"national_highways","kind":"toll_plaza","name":null,"ref":null,"status":"operational","opened_on":null,"expected_completion":null,"agency":null,"source":"osm","confidence":0.9},"geometry":{"type":"Point","coordinates":[81.7164,16.7497]}},{"type":"Feature","properties":{"id":"toll_plaza:osm:node/3752329635","field":"national_highways","kind":"toll_plaza","name":null,"ref":null,"status":"operational","opened_on":null,"expected_completion":null,"agency":null,"source":"osm","confidence":0.9},"geometry":{"type":"Point","coordinates":[81.7164,16.7498]}},{"type":"Feature","properties":{"id":"toll_plaza:osm:node/3752329636","field":"national_highways","kind":"toll_plaza","name":"Rasoiya Dhamna","ref":null,"status":"operational","opened_on":null,"expected_completion":null,"agency":null,"source":"osm","confidence":0.9},"geometry":{"type":"Point","coordinates":[85.3882,24.3236]}},{"type":"Feature","properties":{"id":"toll_plaza:osm:node/3752329637","field":"national_highways","kind":"toll_plaza","name":"Mohania","ref":null,"status":"operational","opened_on":null,"expected_completion":null,"agency":null,"source":"osm","confidence":0.9},"geometry":{"type":"Point","coordinates":[83.5615,25.1883]}},{"type":"Feature","properties":{"id":"toll_plaza:osm:node/4310386237","field":"national_highways","kind":"toll_plaza","name":null,"ref":null,"status":"operational","opened_on":null,"expected_completion":null,"agency":null,"source":"osm","confidence":0.9},"geometry":{"type":"Point","coordinates":[78.3307,17.4066]}},{"type":"Feature","properties":{"id":"toll_plaza:osm:node/4310386274","field":"national_highways","kind":"toll_plaza","name":null,"ref":null,"status":"operational","opened_on":null,"expected_completion":null,"agency":null,"source":"osm","confidence":0.9},"geometry":{"type":"Point","coordinates":[78.3286,17.4077]}},{"type":"Feature","properties":{"id":"toll_plaza:osm:node/4310386989","field":"national_highways","kind":"toll_plaza","name":null,"ref":null,"status":"operational","opened_on":null,"expected_completion":null,"agency":null,"source":"osm","confidence":0.9},"geometry":{"type":"Point","coordinates":[78.3296,17.4079]}},{"type":"Feature","properties":{"id":"toll_plaza:osm:node/4310432934","field":"national_highways","kind":"toll_plaza","name":null,"ref":null,"status":"operational","opened_on":null,"expected_completion":null,"agency":null,"source":"osm","confidence":0.9},"geometry":{"type":"Point","coordinates":[78.6809,17.3715]}},{"type":"Feature","properties":{"id":"toll_plaza:osm:node/4310432935","field":"national_highways","kind":"toll_plaza","name":null,"ref":null,"status":"operational","opened_on":null,"expected_completion":null,"agency":null,"source":"osm","confidence":0.9},"geometry":{"type":"Point","coordinates":[78.6819,17.3717]}},{"type":"Feature","properties":{"id":"toll_plaza:osm:node/4310434999","field":"national_highways","kind":"toll_plaza","name":null,"ref":null,"status":"operational","opened_on":null,"expected_completion":null,"agency":null,"source":"osm","confidence":0.9},"geometry":{"type":"Point","coordinates":[78.6824,17.3741]}},{"type":"Feature","properties":{"id":"toll_plaza:osm:node/4310435000","field":"national_highways","kind":"toll_plaza","name":null,"ref":null,"status":"operational","opened_on":null,"expected_completion":null,"agency":null,"source":"osm","confidence":0.9},"geometry":{"type":"Point","coordinates":[78.6814,17.3743]}},{"type":"Feature","properties":{"id":"toll_plaza:osm:node/4361921382","field":"national_highways","kind":"toll_plaza","name":null,"ref":null,"status":"operational","opened_on":null,"expected_completion":null,"agency":null,"source":"osm","confidence":0.9},"geometry":{"type":"Point","coordinates":[74.511,15.4299]}},{"type":"Feature","properties":{"id":"toll_plaza:osm:node/5343706409","field":"national_highways","kind":"toll_plaza","name":null,"ref":null,"status":"operational","opened_on":null,"expected_completion":null,"agency":null,"source":"osm","confidence":0.9},"geometry":{"type":"Point","coordinates":[78.5814,10.6412]}},{"type":"Feature","properties":{"id":"toll_plaza:osm:node/5450209783","field":"national_highways","kind":"toll_plaza","name":null,"ref":null,"status":"operational","opened_on":null,"expected_completion":null,"agency":null,"source":"osm","confidence":0.9},"geometry":{"type":"Point","coordinates":[78.0707,15.7409]}},{"type":"Feature","properties":{"id":"toll_plaza:osm:node/5474213495","field":"national_highways","kind":"toll_plaza","name":null,"ref":null,"status":"operational","opened_on":null,"expected_completion":null,"agency":null,"source":"osm","confidence":0.9},"geometry":{"type":"Point","coordinates":[74.9162,30.8267]}},{"type":"Feature","properties":{"id":"toll_plaza:osm:node/5476526283","field":"national_highways","kind":"toll_plaza","name":null,"ref":null,"status":"operational","opened_on":null,"expected_completion":null,"agency":null,"source":"osm","confidence":0.9},"geometry":{"type":"Point","coordinates":[75.0424,31.7326]}},{"type":"Feature","properties":{"id":"toll_plaza:osm:node/5485942700","field":"national_highways","kind":"toll_plaza","name":null,"ref":null,"status":"operational","opened_on":null,"expected_completion":null,"agency":null,"source":"osm","confidence":0.9},"geometry":{"type":"Point","coordinates":[74.0594,26.0637]}},{"type":"Feature","properties":{"id":"toll_plaza:osm:node/5485942730","field":"national_highways","kind":"toll_plaza","name":null,"ref":null,"status":"operational","opened_on":null,"expected_completion":null,"agency":null,"source":"osm","confidence":0.9},"geometry":{"type":"Point","coordinates":[74.0595,26.0635]}},{"type":"Feature","properties":{"id":"toll_plaza:osm:node/5494586896","field":"national_highways","kind":"toll_plaza","name":"Daroda","ref":null,"status":"operational","opened_on":null,"expected_completion":null,"agency":null,"source":"osm","confidence":0.9},"geometry":{"type":"Point","coordinates":[78.7554,20.4506]}},{"type":"Feature","properties":{"id":"toll_plaza:osm:node/5494586897","field":"national_highways","kind":"toll_plaza","name":"Daroda","ref":null,"status":"operational","opened_on":null,"expected_completion":null,"agency":null,"source":"osm","confidence":0.9},"geometry":{"type":"Point","coordinates":[78.7553,20.4507]}},{"type":"Feature","properties":{"id":"toll_plaza:osm:node/5494587110","field":"national_highways","kind":"toll_plaza","name":"Borkhedi (Nagpur ByPass)","ref":null,"status":"operational","opened_on":null,"expected_completion":null,"agency":null,"source":"osm","confidence":0.9},"geometry":{"type":"Point","coordinates":[78.9629,20.8548]}},{"type":"Feature","properties":{"id":"toll_plaza:osm:node/5494733773","field":"national_highways","kind":"toll_plaza","name":"Manoharabad","ref":null,"status":"operational","opened_on":null,"expected_completion":null,"agency":null,"source":"osm","confidence":0.9},"geometry":{"type":"Point","coordinates":[78.4717,17.8012]}},{"type":"Feature","properties":{"id":"toll_plaza:osm:node/5494733774","field":"national_highways","kind":"toll_plaza","name":"Manoharabad","ref":null,"status":"operational","opened_on":null,"expected_completion":null,"agency":null,"source":"osm","confidence":0.9},"geometry":{"type":"Point","coordinates":[78.4716,17.8011]}},{"type":"Feature","properties":{"id":"toll_plaza:osm:node/5499821271","field":"national_highways","kind":"toll_plaza","name":"Maithi","ref":null,"status":"operational","opened_on":null,"expected_completion":null,"agency":null,"source":"osm","confidence":0.9},"geometry":{"type":"Point","coordinates":[85.565,26.1127]}},{"type":"Feature","properties":{"id":"toll_plaza:osm:node/5499821272","field":"national_highways","kind":"toll_plaza","name":"Maithi","ref":null,"status":"operational","opened_on":null,"expected_completion":null,"agency":null,"source":"osm","confidence":0.9},"geometry":{"type":"Point","coordinates":[85.565,26.1126]}},{"type":"Feature","properties":{"id":"toll_plaza:osm:node/5499821280","field":"national_highways","kind":"toll_plaza","name":"Parsoni Khem","ref":null,"status":"operational","opened_on":null,"expected_completion":null,"agency":null,"source":"osm","confidence":0.9},"geometry":{"type":"Point","coordinates":[85.0229,26.4518]}},{"type":"Feature","properties":{"id":"toll_plaza:osm:node/5541408816","field":"national_highways","kind":"toll_plaza","name":null,"ref":null,"status":"operational","opened_on":null,"expected_completion":null,"agency":null,"source":"osm","confidence":0.9},"geometry":{"type":"Point","coordinates":[76.0857,19.7458]}},{"type":"Feature","properties":{"id":"toll_plaza:osm:node/5541408817","field":"national_highways","kind":"toll_plaza","name":null,"ref":null,"status":"operational","opened_on":null,"expected_completion":null,"agency":null,"source":"osm","confidence":0.9},"geometry":{"type":"Point","coordinates":[76.0858,19.7457]}},{"type":"Feature","properties":{"id":"toll_plaza:osm:node/5566112843","field":"national_highways","kind":"toll_plaza","name":null,"ref":null,"status":"operational","opened_on":null,"expected_completion":null,"agency":null,"source":"osm","confidence":0.9},"geometry":{"type":"Point","coordinates":[80.1692,13.2176]}},{"type":"Feature","properties":{"id":"toll_plaza:osm:node/5613342059","field":"national_highways","kind":"toll_plaza","name":null,"ref":null,"status":"operational","opened_on":null,"expected_completion":null,"agency":null,"source":"osm","confidence":0.9},"geometry":{"type":"Point","coordinates":[72.9602,18.9528]}},{"type":"Feature","properties":{"id":"toll_plaza:osm:node/5613484216","field":"national_highways","kind":"toll_plaza","name":"Kharghar Toll Booth","ref":null,"status":"operational","opened_on":null,"expected_completion":null,"agency":null,"source":"osm","confidence":0.9},"geometry":{"type":"Point","coordinates":[73.0784,19.0374]}},{"type":"Feature","properties":{"id":"toll_plaza:osm:node/5613484531","field":"national_highways","kind":"toll_plaza","name":"Kharghar Toll Booth","ref":null,"status":"operational","opened_on":null,"expected_completion":null,"agency":null,"source":"osm","confidence":0.9},"geometry":{"type":"Point","coordinates":[73.0899,19.0298]}},{"type":"Feature","properties":{"id":"toll_plaza:osm:node/6345218994","field":"national_highways","kind":"toll_plaza","name":null,"ref":null,"status":"operational","opened_on":null,"expected_completion":null,"agency":null,"source":"osm","confidence":0.9},"geometry":{"type":"Point","coordinates":[77.3681,28.0994]}},{"type":"Feature","properties":{"id":"toll_plaza:osm:node/6499187395","field":"national_highways","kind":"toll_plaza","name":null,"ref":null,"status":"operational","opened_on":null,"expected_completion":null,"agency":null,"source":"osm","confidence":0.9},"geometry":{"type":"Point","coordinates":[77.0594,29.0757]}},{"type":"Feature","properties":{"id":"toll_plaza:osm:node/6745775497","field":"national_highways","kind":"toll_plaza","name":null,"ref":null,"status":"operational","opened_on":null,"expected_completion":null,"agency":null,"source":"osm","confidence":0.9},"geometry":{"type":"Point","coordinates":[78.3315,17.4069]}},{"type":"Feature","properties":{"id":"toll_plaza:osm:node/7296807424","field":"national_highways","kind":"toll_plaza","name":"Rolmamda Toll","ref":null,"status":"operational","opened_on":null,"expected_completion":null,"agency":null,"source":"osm","confidence":0.9},"geometry":{"type":"Point","coordinates":[78.4094,19.2802]}},{"type":"Feature","properties":{"id":"toll_plaza:osm:node/7785321612","field":"national_highways","kind":"toll_plaza","name":"Sarore Toll Plaza","ref":null,"status":"operational","opened_on":null,"expected_completion":null,"agency":null,"source":"osm","confidence":0.9},"geometry":{"type":"Point","coordinates":[74.9376,32.6121]}},{"type":"Feature","properties":{"id":"toll_plaza:osm:node/7785321613","field":"national_highways","kind":"toll_plaza","name":"Sarore Toll Plaza","ref":null,"status":"operational","opened_on":null,"expected_completion":null,"agency":null,"source":"osm","confidence":0.9},"geometry":{"type":"Point","coordinates":[74.9387,32.6114]}},{"type":"Feature","properties":{"id":"toll_plaza:osm:node/7994200240","field":"national_highways","kind":"toll_plaza","name":null,"ref":null,"status":"operational","opened_on":null,"expected_completion":null,"agency":null,"source":"osm","confidence":0.9},"geometry":{"type":"Point","coordinates":[78.2772,27.0536]}},{"type":"Feature","properties":{"id":"toll_plaza:osm:node/7994200241","field":"national_highways","kind":"toll_plaza","name":null,"ref":null,"status":"operational","opened_on":null,"expected_completion":null,"agency":null,"source":"osm","confidence":0.9},"geometry":{"type":"Point","coordinates":[78.2774,27.0537]}},{"type":"Feature","properties":{"id":"toll_plaza:osm:node/8014384035","field":"national_highways","kind":"toll_plaza","name":"Pawangaon Toll Plaza","ref":null,"status":"operational","opened_on":null,"expected_completion":null,"agency":null,"source":"osm","confidence":0.9},"geometry":{"type":"Point","coordinates":[79.1813,21.1816]}},{"type":"Feature","properties":{"id":"toll_plaza:osm:node/8014387110","field":"national_highways","kind":"toll_plaza","name":"Pawangaon Toll Plaza","ref":null,"status":"operational","opened_on":null,"expected_completion":null,"agency":null,"source":"osm","confidence":0.9},"geometry":{"type":"Point","coordinates":[79.1811,21.1815]}},{"type":"Feature","properties":{"id":"toll_plaza:osm:node/8014518900","field":"national_highways","kind":"toll_plaza","name":null,"ref":null,"status":"operational","opened_on":null,"expected_completion":null,"agency":null,"source":"osm","confidence":0.9},"geometry":{"type":"Point","coordinates":[77.4604,8.2061]}},{"type":"Feature","properties":{"id":"toll_plaza:osm:node/8014519097","field":"national_highways","kind":"toll_plaza","name":null,"ref":null,"status":"operational","opened_on":null,"expected_completion":null,"agency":null,"source":"osm","confidence":0.9},"geometry":{"type":"Point","coordinates":[77.4604,8.2063]}},{"type":"Feature","properties":{"id":"toll_plaza:osm:node/8665630190","field":"national_highways","kind":"toll_plaza","name":null,"ref":null,"status":"operational","opened_on":null,"expected_completion":null,"agency":null,"source":"osm","confidence":0.9},"geometry":{"type":"Point","coordinates":[77.0909,27.1014]}},{"type":"Feature","properties":{"id":"toll_plaza:osm:node/8665630191","field":"national_highways","kind":"toll_plaza","name":null,"ref":null,"status":"operational","opened_on":null,"expected_completion":null,"agency":null,"source":"osm","confidence":0.9},"geometry":{"type":"Point","coordinates":[77.0909,27.1014]}},{"type":"Feature","properties":{"id":"toll_plaza:osm:node/8665630192","field":"national_highways","kind":"toll_plaza","name":null,"ref":null,"status":"operational","opened_on":null,"expected_completion":null,"agency":null,"source":"osm","confidence":0.9},"geometry":{"type":"Point","coordinates":[77.0909,27.1015]}},{"type":"Feature","properties":{"id":"toll_plaza:osm:node/8665630193","field":"national_highways","kind":"toll_plaza","name":null,"ref":null,"status":"operational","opened_on":null,"expected_completion":null,"agency":null,"source":"osm","confidence":0.9},"geometry":{"type":"Point","coordinates":[77.0909,27.1016]}},{"type":"Feature","properties":{"id":"toll_plaza:osm:node/8665630195","field":"national_highways","kind":"toll_plaza","name":null,"ref":null,"status":"operational","opened_on":null,"expected_completion":null,"agency":null,"source":"osm","confidence":0.9},"geometry":{"type":"Point","coordinates":[77.0909,27.1016]}},{"type":"Feature","properties":{"id":"toll_plaza:osm:node/8665630197","field":"national_highways","kind":"toll_plaza","name":null,"ref":null,"status":"operational","opened_on":null,"expected_completion":null,"agency":null,"source":"osm","confidence":0.9},"geometry":{"type":"Point","coordinates":[77.0909,27.1012]}},{"type":"Feature","properties":{"id":"toll_plaza:osm:node/8665630198","field":"national_highways","kind":"toll_plaza","name":null,"ref":null,"status":"operational","opened_on":null,"expected_completion":null,"agency":null,"source":"osm","confidence":0.9},"geometry":{"type":"Point","coordinates":[77.0909,27.1012]}},{"type":"Feature","properties":{"id":"toll_plaza:osm:node/8665630199","field":"national_highways","kind":"toll_plaza","name":null,"ref":null,"status":"operational","opened_on":null,"expected_completion":null,"agency":null,"source":"osm","confidence":0.9},"geometry":{"type":"Point","coordinates":[77.0909,27.1011]}},{"type":"Feature","properties":{"id":"toll_plaza:osm:node/8665630200","field":"national_highways","kind":"toll_plaza","name":null,"ref":null,"status":"operational","opened_on":null,"expected_completion":null,"agency":null,"source":"osm","confidence":0.9},"geometry":{"type":"Point","coordinates":[77.091,27.101]}},{"type":"Feature","properties":{"id":"toll_plaza:osm:node/8665630201","field":"national_highways","kind":"toll_plaza","name":null,"ref":null,"status":"operational","opened_on":null,"expected_completion":null,"agency":null,"source":"osm","confidence":0.9},"geometry":{"type":"Point","coordinates":[77.091,27.101]}},{"type":"Feature","properties":{"id":"toll_plaza:osm:node/8902655910","field":"national_highways","kind":"toll_plaza","name":null,"ref":null,"status":"operational","opened_on":null,"expected_completion":null,"agency":null,"source":"osm","confidence":0.9},"geometry":{"type":"Point","coordinates":[76.3395,26.7705]}},{"type":"Feature","properties":{"id":"toll_plaza:osm:node/8902655914","field":"national_highways","kind":"toll_plaza","name":null,"ref":null,"status":"operational","opened_on":null,"expected_completion":null,"agency":null,"source":"osm","confidence":0.9},"geometry":{"type":"Point","coordinates":[76.3393,26.7706]}},{"type":"Feature","properties":{"id":"toll_plaza:osm:node/8960258567","field":"national_highways","kind":"toll_plaza","name":null,"ref":null,"status":"operational","opened_on":null,"expected_completion":null,"agency":null,"source":"osm","confidence":0.9},"geometry":{"type":"Point","coordinates":[76.1328,30.8474]}},{"type":"Feature","properties":{"id":"toll_plaza:osm:node/8963995613","field":"national_highways","kind":"toll_plaza","name":null,"ref":null,"status":"operational","opened_on":null,"expected_completion":null,"agency":null,"source":"osm","confidence":0.9},"geometry":{"type":"Point","coordinates":[75.8769,31.2043]}},{"type":"Feature","properties":{"id":"toll_plaza:osm:node/8963995691","field":"national_highways","kind":"toll_plaza","name":null,"ref":null,"status":"operational","opened_on":null,"expected_completion":null,"agency":null,"source":"osm","confidence":0.9},"geometry":{"type":"Point","coordinates":[75.8769,31.2042]}},{"type":"Feature","properties":{"id":"toll_plaza:osm:node/8964168296","field":"national_highways","kind":"toll_plaza","name":null,"ref":null,"status":"operational","opened_on":null,"expected_completion":null,"agency":null,"source":"osm","confidence":0.9},"geometry":{"type":"Point","coordinates":[75.4418,30.4025]}},{"type":"Feature","properties":{"id":"toll_plaza:osm:node/8964168342","field":"national_highways","kind":"toll_plaza","name":null,"ref":null,"status":"operational","opened_on":null,"expected_completion":null,"agency":null,"source":"osm","confidence":0.9},"geometry":{"type":"Point","coordinates":[75.4418,30.4024]}},{"type":"Feature","properties":{"id":"toll_plaza:osm:node/8971436086","field":"national_highways","kind":"toll_plaza","name":null,"ref":null,"status":"operational","opened_on":null,"expected_completion":null,"agency":null,"source":"osm","confidence":0.9},"geometry":{"type":"Point","coordinates":[74.9842,30.3879]}},{"type":"Feature","properties":{"id":"toll_plaza:osm:node/8971436087","field":"national_highways","kind":"toll_plaza","name":null,"ref":null,"status":"operational","opened_on":null,"expected_completion":null,"agency":null,"source":"osm","confidence":0.9},"geometry":{"type":"Point","coordinates":[74.9829,30.3851]}},{"type":"Feature","properties":{"id":"toll_plaza:osm:node/8980807286","field":"national_highways","kind":"toll_plaza","name":null,"ref":null,"status":"operational","opened_on":null,"expected_completion":null,"agency":null,"source":"osm","confidence":0.9},"geometry":{"type":"Point","coordinates":[82.065,24.7604]}},{"type":"Feature","properties":{"id":"toll_plaza:osm:node/8980807682","field":"national_highways","kind":"toll_plaza","name":null,"ref":null,"status":"operational","opened_on":null,"expected_completion":null,"agency":null,"source":"osm","confidence":0.9},"geometry":{"type":"Point","coordinates":[82.0651,24.7603]}},{"type":"Feature","properties":{"id":"toll_plaza:osm:node/9051555028","field":"national_highways","kind":"toll_plaza","name":null,"ref":null,"status":"operational","opened_on":null,"expected_completion":null,"agency":null,"source":"osm","confidence":0.9},"geometry":{"type":"Point","coordinates":[78.6346,20.1334]}},{"type":"Feature","properties":{"id":"toll_plaza:osm:node/9051591049","field":"national_highways","kind":"toll_plaza","name":null,"ref":null,"status":"operational","opened_on":null,"expected_completion":null,"agency":null,"source":"osm","confidence":0.9},"geometry":{"type":"Point","coordinates":[79.3329,19.6012]}},{"type":"Feature","properties":{"id":"toll_plaza:osm:node/9051591056","field":"national_highways","kind":"toll_plaza","name":null,"ref":null,"status":"operational","opened_on":null,"expected_completion":null,"agency":null,"source":"osm","confidence":0.9},"geometry":{"type":"Point","coordinates":[79.3345,19.601]}},{"type":"Feature","properties":{"id":"toll_plaza:osm:node/9051597248","field":"national_highways","kind":"toll_plaza","name":null,"ref":null,"status":"operational","opened_on":null,"expected_completion":null,"agency":null,"source":"osm","confidence":0.9},"geometry":{"type":"Point","coordinates":[79.0295,20.2002]}},{"type":"Feature","properties":{"id":"toll_plaza:osm:node/9051597253","field":"national_highways","kind":"toll_plaza","name":null,"ref":null,"status":"operational","opened_on":null,"expected_completion":null,"agency":null,"source":"osm","confidence":0.9},"geometry":{"type":"Point","coordinates":[79.0294,20.2002]}},{"type":"Feature","properties":{"id":"toll_plaza:osm:node/9054341613","field":"national_highways","kind":"toll_plaza","name":null,"ref":null,"status":"operational","opened_on":null,"expected_completion":null,"agency":null,"source":"osm","confidence":0.9},"geometry":{"type":"Point","coordinates":[76.392,18.676]}},{"type":"Feature","properties":{"id":"toll_plaza:osm:node/9057059707","field":"national_highways","kind":"toll_plaza","name":null,"ref":null,"status":"operational","opened_on":null,"expected_completion":null,"agency":null,"source":"osm","confidence":0.9},"geometry":{"type":"Point","coordinates":[73.6521,21.9247]}},{"type":"Feature","properties":{"id":"toll_plaza:osm:node/9057134621","field":"national_highways","kind":"toll_plaza","name":null,"ref":null,"status":"operational","opened_on":null,"expected_completion":null,"agency":null,"source":"osm","confidence":0.9},"geometry":{"type":"Point","coordinates":[73.6518,21.9228]}},{"type":"Feature","properties":{"id":"toll_plaza:osm:node/9057182451","field":"national_highways","kind":"toll_plaza","name":null,"ref":null,"status":"operational","opened_on":null,"expected_completion":null,"agency":null,"source":"osm","confidence":0.9},"geometry":{"type":"Point","coordinates":[75.698,18.6288]}},{"type":"Feature","properties":{"id":"toll_plaza:osm:node/9057182654","field":"national_highways","kind":"toll_plaza","name":null,"ref":null,"status":"operational","opened_on":null,"expected_completion":null,"agency":null,"source":"osm","confidence":0.9},"geometry":{"type":"Point","coordinates":[75.6977,18.6288]}},{"type":"Feature","properties":{"id":"toll_plaza:osm:node/9057223389","field":"national_highways","kind":"toll_plaza","name":null,"ref":null,"status":"operational","opened_on":null,"expected_completion":null,"agency":null,"source":"osm","confidence":0.9},"geometry":{"type":"Point","coordinates":[75.9892,18.3076]}},{"type":"Feature","properties":{"id":"toll_plaza:osm:node/9057237229","field":"national_highways","kind":"toll_plaza","name":null,"ref":null,"status":"operational","opened_on":null,"expected_completion":null,"agency":null,"source":"osm","confidence":0.9},"geometry":{"type":"Point","coordinates":[75.9893,18.3078]}},{"type":"Feature","properties":{"id":"toll_plaza:osm:node/9070530292","field":"national_highways","kind":"toll_plaza","name":null,"ref":null,"status":"operational","opened_on":null,"expected_completion":null,"agency":null,"source":"osm","confidence":0.9},"geometry":{"type":"Point","coordinates":[78.4519,15.4605]}},{"type":"Feature","properties":{"id":"toll_plaza:osm:node/9070530293","field":"national_highways","kind":"toll_plaza","name":null,"ref":null,"status":"operational","opened_on":null,"expected_completion":null,"agency":null,"source":"osm","confidence":0.9},"geometry":{"type":"Point","coordinates":[78.4518,15.4603]}},{"type":"Feature","properties":{"id":"toll_plaza:osm:node/9076069632","field":"national_highways","kind":"toll_plaza","name":null,"ref":null,"status":"operational","opened_on":null,"expected_completion":null,"agency":null,"source":"osm","confidence":0.9},"geometry":{"type":"Point","coordinates":[76.427,14.538]}},{"type":"Feature","properties":{"id":"toll_plaza:osm:node/9418252796","field":"national_highways","kind":"toll_plaza","name":null,"ref":null,"status":"operational","opened_on":null,"expected_completion":null,"agency":null,"source":"osm","confidence":0.9},"geometry":{"type":"Point","coordinates":[76.7246,28.7133]}},{"type":"Feature","properties":{"id":"toll_plaza:osm:node/9418252797","field":"national_highways","kind":"toll_plaza","name":null,"ref":null,"status":"operational","opened_on":null,"expected_completion":null,"agency":null,"source":"osm","confidence":0.9},"geometry":{"type":"Point","coordinates":[76.7244,28.7134]}},{"type":"Feature","properties":{"id":"toll_plaza:osm:node/9418830062","field":"national_highways","kind":"toll_plaza","name":null,"ref":null,"status":"operational","opened_on":null,"expected_completion":null,"agency":null,"source":"osm","confidence":0.9},"geometry":{"type":"Point","coordinates":[78.4467,29.4075]}},{"type":"Feature","properties":{"id":"toll_plaza:osm:node/9418830088","field":"national_highways","kind":"toll_plaza","name":null,"ref":null,"status":"operational","opened_on":null,"expected_completion":null,"agency":null,"source":"osm","confidence":0.9},"geometry":{"type":"Point","coordinates":[78.4465,29.4075]}},{"type":"Feature","properties":{"id":"toll_plaza:osm:node/9419314571","field":"national_highways","kind":"toll_plaza","name":null,"ref":null,"status":"operational","opened_on":null,"expected_completion":null,"agency":null,"source":"osm","confidence":0.9},"geometry":{"type":"Point","coordinates":[80.7867,24.6537]}},{"type":"Feature","properties":{"id":"toll_plaza:osm:node/9419378732","field":"national_highways","kind":"toll_plaza","name":null,"ref":null,"status":"operational","opened_on":null,"expected_completion":null,"agency":null,"source":"osm","confidence":0.9},"geometry":{"type":"Point","coordinates":[79.0307,10.6125]}},{"type":"Feature","properties":{"id":"toll_plaza:osm:node/9431242932","field":"national_highways","kind":"toll_plaza","name":null,"ref":null,"status":"operational","opened_on":null,"expected_completion":null,"agency":null,"source":"osm","confidence":0.9},"geometry":{"type":"Point","coordinates":[75.2783,33.0462]}},{"type":"Feature","properties":{"id":"toll_plaza:osm:node/9431242940","field":"national_highways","kind":"toll_plaza","name":null,"ref":null,"status":"operational","opened_on":null,"expected_completion":null,"agency":null,"source":"osm","confidence":0.9},"geometry":{"type":"Point","coordinates":[75.2783,33.0462]}},{"type":"Feature","properties":{"id":"toll_plaza:osm:node/9431242979","field":"national_highways","kind":"toll_plaza","name":null,"ref":null,"status":"operational","opened_on":null,"expected_completion":null,"agency":null,"source":"osm","confidence":0.9},"geometry":{"type":"Point","coordinates":[75.2942,33.1305]}},{"type":"Feature","properties":{"id":"toll_plaza:osm:node/9431242986","field":"national_highways","kind":"toll_plaza","name":null,"ref":null,"status":"operational","opened_on":null,"expected_completion":null,"agency":null,"source":"osm","confidence":0.9},"geometry":{"type":"Point","coordinates":[75.2942,33.1306]}},{"type":"Feature","properties":{"id":"toll_plaza:osm:node/9431242992","field":"national_highways","kind":"toll_plaza","name":null,"ref":null,"status":"operational","opened_on":null,"expected_completion":null,"agency":null,"source":"osm","confidence":0.9},"geometry":{"type":"Point","coordinates":[75.2941,33.1306]}},{"type":"Feature","properties":{"id":"toll_plaza:osm:node/9431440175","field":"national_highways","kind":"toll_plaza","name":null,"ref":null,"status":"operational","opened_on":null,"expected_completion":null,"agency":null,"source":"osm","confidence":0.9},"geometry":{"type":"Point","coordinates":[76.0455,22.9285]}},{"type":"Feature","properties":{"id":"toll_plaza:osm:node/9431440176","field":"national_highways","kind":"toll_plaza","name":null,"ref":null,"status":"operational","opened_on":null,"expected_completion":null,"agency":null,"source":"osm","confidence":0.9},"geometry":{"type":"Point","coordinates":[76.0456,22.9283]}},{"type":"Feature","properties":{"id":"toll_plaza:osm:node/9431820932","field":"national_highways","kind":"toll_plaza","name":null,"ref":null,"status":"operational","opened_on":null,"expected_completion":null,"agency":null,"source":"osm","confidence":0.9},"geometry":{"type":"Point","coordinates":[76.2526,29.3947]}},{"type":"Feature","properties":{"id":"toll_plaza:osm:node/9431820940","field":"national_highways","kind":"toll_plaza","name":null,"ref":null,"status":"operational","opened_on":null,"expected_completion":null,"agency":null,"source":"osm","confidence":0.9},"geometry":{"type":"Point","coordinates":[76.2525,29.3946]}},{"type":"Feature","properties":{"id":"toll_plaza:osm:node/9434338480","field":"national_highways","kind":"toll_plaza","name":null,"ref":null,"status":"operational","opened_on":null,"expected_completion":null,"agency":null,"source":"osm","confidence":0.9},"geometry":{"type":"Point","coordinates":[75.0127,24.1688]}},{"type":"Feature","properties":{"id":"toll_plaza:osm:node/9434338481","field":"national_highways","kind":"toll_plaza","name":null,"ref":null,"status":"operational","opened_on":null,"expected_completion":null,"agency":null,"source":"osm","confidence":0.9},"geometry":{"type":"Point","coordinates":[75.0129,24.1689]}},{"type":"Feature","properties":{"id":"toll_plaza:osm:node/9434437586","field":"national_highways","kind":"toll_plaza","name":null,"ref":null,"status":"operational","opened_on":null,"expected_completion":null,"agency":null,"source":"osm","confidence":0.9},"geometry":{"type":"Point","coordinates":[73.8148,25.2039]}},{"type":"Feature","properties":{"id":"toll_plaza:osm:node/9434437587","field":"national_highways","kind":"toll_plaza","name":null,"ref":null,"status":"operational","opened_on":null,"expected_completion":null,"agency":null,"source":"osm","confidence":0.9},"geometry":{"type":"Point","coordinates":[73.8146,25.2038]}},{"type":"Feature","properties":{"id":"toll_plaza:osm:node/3894539986","field":"national_highways","kind":"toll_plaza","name":null,"ref":null,"status":"operational","opened_on":null,"expected_completion":null,"agency":null,"source":"osm","confidence":0.9},"geometry":{"type":"Point","coordinates":[76.3129,15.3578]}},{"type":"Feature","properties":{"id":"toll_plaza:osm:node/5306747397","field":"national_highways","kind":"toll_plaza","name":null,"ref":null,"status":"operational","opened_on":null,"expected_completion":null,"agency":null,"source":"osm","confidence":0.9},"geometry":{"type":"Point","coordinates":[83.6842,21.3532]}},{"type":"Feature","properties":{"id":"toll_plaza:osm:node/5306747411","field":"national_highways","kind":"toll_plaza","name":"Chuipali toll gate","ref":null,"status":"operational","opened_on":null,"expected_completion":null,"agency":null,"source":"osm","confidence":0.9},"geometry":{"type":"Point","coordinates":[82.9428,21.2998]}},{"type":"Feature","properties":{"id":"toll_plaza:osm:node/5306747412","field":"national_highways","kind":"toll_plaza","name":null,"ref":null,"status":"operational","opened_on":null,"expected_completion":null,"agency":null,"source":"osm","confidence":0.9},"geometry":{"type":"Point","coordinates":[82.4225,21.227]}},{"type":"Feature","properties":{"id":"toll_plaza:osm:node/5393663610","field":"national_highways","kind":"toll_plaza","name":null,"ref":null,"status":"operational","opened_on":null,"expected_completion":null,"agency":null,"source":"osm","confidence":0.9},"geometry":{"type":"Point","coordinates":[70.3345,20.9613]}},{"type":"Feature","properties":{"id":"toll_plaza:osm:node/5497480821","field":"national_highways","kind":"toll_plaza","name":"Vaghasia","ref":null,"status":"operational","opened_on":null,"expected_completion":null,"agency":null,"source":"osm","confidence":0.9},"geometry":{"type":"Point","coordinates":[71.0888,22.4231]}},{"type":"Feature","properties":{"id":"toll_plaza:osm:node/5497480822","field":"national_highways","kind":"toll_plaza","name":"Vaghasia","ref":null,"status":"operational","opened_on":null,"expected_completion":null,"agency":null,"source":"osm","confidence":0.9},"geometry":{"type":"Point","coordinates":[71.0888,22.423]}},{"type":"Feature","properties":{"id":"toll_plaza:osm:node/5497503688","field":"national_highways","kind":"toll_plaza","name":null,"ref":null,"status":"operational","opened_on":null,"expected_completion":null,"agency":null,"source":"osm","confidence":0.9},"geometry":{"type":"Point","coordinates":[70.9555,22.6479]}},{"type":"Feature","properties":{"id":"toll_plaza:osm:node/5502605574","field":"national_highways","kind":"toll_plaza","name":null,"ref":null,"status":"operational","opened_on":null,"expected_completion":null,"agency":null,"source":"osm","confidence":0.9},"geometry":{"type":"Point","coordinates":[75.1714,21.7987]}},{"type":"Feature","properties":{"id":"toll_plaza:osm:node/5502605575","field":"national_highways","kind":"toll_plaza","name":null,"ref":null,"status":"operational","opened_on":null,"expected_completion":null,"agency":null,"source":"osm","confidence":0.9},"geometry":{"type":"Point","coordinates":[75.1711,21.7988]}},{"type":"Feature","properties":{"id":"toll_plaza:osm:node/5503012313","field":"national_highways","kind":"toll_plaza","name":null,"ref":null,"status":"operational","opened_on":null,"expected_completion":null,"agency":null,"source":"osm","confidence":0.9},"geometry":{"type":"Point","coordinates":[80.7528,27.5038]}},{"type":"Feature","properties":{"id":"toll_plaza:osm:node/5503012314","field":"national_highways","kind":"toll_plaza","name":null,"ref":null,"status":"operational","opened_on":null,"expected_completion":null,"agency":null,"source":"osm","confidence":0.9},"geometry":{"type":"Point","coordinates":[80.7527,27.5037]}},{"type":"Feature","properties":{"id":"toll_plaza:osm:node/5571006546","field":"national_highways","kind":"toll_plaza","name":null,"ref":null,"status":"operational","opened_on":null,"expected_completion":null,"agency":null,"source":"osm","confidence":0.9},"geometry":{"type":"Point","coordinates":[81.0663,26.5246]}},{"type":"Feature","properties":{"id":"toll_plaza:osm:node/5571006819","field":"national_highways","kind":"toll_plaza","name":null,"ref":null,"status":"operational","opened_on":null,"expected_completion":null,"agency":null,"source":"osm","confidence":0.9},"geometry":{"type":"Point","coordinates":[81.0661,26.5245]}},{"type":"Feature","properties":{"id":"toll_plaza:osm:node/5818860243","field":"national_highways","kind":"toll_plaza","name":"Kashi Fee Plaza","ref":null,"status":"operational","opened_on":null,"expected_completion":null,"agency":null,"source":"osm","confidence":0.9},"geometry":{"type":"Point","coordinates":[77.645,28.8964]}},{"type":"Feature","properties":{"id":"toll_plaza:osm:node/5859075240","field":"national_highways","kind":"toll_plaza","name":"Not yet Started","ref":null,"status":"operational","opened_on":null,"expected_completion":null,"agency":null,"source":"osm","confidence":0.9},"geometry":{"type":"Point","coordinates":[78.9362,11.5769]}},{"type":"Feature","properties":{"id":"toll_plaza:osm:node/6030475359","field":"national_highways","kind":"toll_plaza","name":null,"ref":null,"status":"operational","opened_on":null,"expected_completion":null,"agency":null,"source":"osm","confidence":0.9},"geometry":{"type":"Point","coordinates":[73.9721,17.8092]}},{"type":"Feature","properties":{"id":"toll_plaza:osm:node/6030475361","field":"national_highways","kind":"toll_plaza","name":null,"ref":null,"status":"operational","opened_on":null,"expected_completion":null,"agency":null,"source":"osm","confidence":0.9},"geometry":{"type":"Point","coordinates":[73.9702,17.8122]}},{"type":"Feature","properties":{"id":"toll_plaza:osm:node/6354148070","field":"national_highways","kind":"toll_plaza","name":null,"ref":null,"status":"operational","opened_on":null,"expected_completion":null,"agency":null,"source":"osm","confidence":0.9},"geometry":{"type":"Point","coordinates":[82.1474,16.6723]}},{"type":"Feature","properties":{"id":"toll_plaza:osm:node/6927277271","field":"national_highways","kind":"toll_plaza","name":null,"ref":null,"status":"operational","opened_on":null,"expected_completion":null,"agency":null,"source":"osm","confidence":0.9},"geometry":{"type":"Point","coordinates":[76.2578,10.0103]}},{"type":"Feature","properties":{"id":"toll_plaza:osm:node/6927277272","field":"national_highways","kind":"toll_plaza","name":null,"ref":null,"status":"operational","opened_on":null,"expected_completion":null,"agency":null,"source":"osm","confidence":0.9},"geometry":{"type":"Point","coordinates":[76.2581,10.0105]}},{"type":"Feature","properties":{"id":"toll_plaza:osm:node/6989162154","field":"national_highways","kind":"toll_plaza","name":null,"ref":null,"status":"operational","opened_on":null,"expected_completion":null,"agency":null,"source":"osm","confidence":0.9},"geometry":{"type":"Point","coordinates":[85.2405,25.5725]}},{"type":"Feature","properties":{"id":"toll_plaza:osm:node/7227893858","field":"national_highways","kind":"toll_plaza","name":null,"ref":null,"status":"operational","opened_on":null,"expected_completion":null,"agency":null,"source":"osm","confidence":0.9},"geometry":{"type":"Point","coordinates":[83.8086,26.7339]}},{"type":"Feature","properties":{"id":"toll_plaza:osm:node/7227893859","field":"national_highways","kind":"toll_plaza","name":null,"ref":null,"status":"operational","opened_on":null,"expected_completion":null,"agency":null,"source":"osm","confidence":0.9},"geometry":{"type":"Point","coordinates":[83.8086,26.7337]}},{"type":"Feature","properties":{"id":"toll_plaza:osm:node/7707311380","field":"national_highways","kind":"toll_plaza","name":null,"ref":null,"status":"operational","opened_on":null,"expected_completion":null,"agency":null,"source":"osm","confidence":0.9},"geometry":{"type":"Point","coordinates":[71.4513,27.0304]}},{"type":"Feature","properties":{"id":"toll_plaza:osm:node/7913602950","field":"national_highways","kind":"toll_plaza","name":null,"ref":null,"status":"operational","opened_on":null,"expected_completion":null,"agency":null,"source":"osm","confidence":0.9},"geometry":{"type":"Point","coordinates":[79.4999,18.0217]}},{"type":"Feature","properties":{"id":"toll_plaza:osm:node/7913603081","field":"national_highways","kind":"toll_plaza","name":null,"ref":null,"status":"operational","opened_on":null,"expected_completion":null,"agency":null,"source":"osm","confidence":0.9},"geometry":{"type":"Point","coordinates":[79.4998,18.0218]}},{"type":"Feature","properties":{"id":"toll_plaza:osm:node/7991945500","field":"national_highways","kind":"toll_plaza","name":null,"ref":null,"status":"operational","opened_on":null,"expected_completion":null,"agency":null,"source":"osm","confidence":0.9},"geometry":{"type":"Point","coordinates":[79.3399,19.8899]}},{"type":"Feature","properties":{"id":"toll_plaza:osm:node/8196558247","field":"national_highways","kind":"toll_plaza","name":null,"ref":null,"status":"operational","opened_on":null,"expected_completion":null,"agency":null,"source":"osm","confidence":0.9},"geometry":{"type":"Point","coordinates":[75.7766,25.1562]}},{"type":"Feature","properties":{"id":"toll_plaza:osm:node/8397258926","field":"national_highways","kind":"toll_plaza","name":"Sarore Toll Plaza","ref":null,"status":"operational","opened_on":null,"expected_completion":null,"agency":null,"source":"osm","confidence":0.9},"geometry":{"type":"Point","coordinates":[74.9376,32.6121]}},{"type":"Feature","properties":{"id":"toll_plaza:osm:node/8397258930","field":"national_highways","kind":"toll_plaza","name":"Sarore Toll Plaza","ref":null,"status":"operational","opened_on":null,"expected_completion":null,"agency":null,"source":"osm","confidence":0.9},"geometry":{"type":"Point","coordinates":[74.9376,32.612]}},{"type":"Feature","properties":{"id":"toll_plaza:osm:node/8397258937","field":"national_highways","kind":"toll_plaza","name":"Sarore Toll Plaza","ref":null,"status":"operational","opened_on":null,"expected_completion":null,"agency":null,"source":"osm","confidence":0.9},"geometry":{"type":"Point","coordinates":[74.9375,32.612]}},{"type":"Feature","properties":{"id":"toll_plaza:osm:node/8397258957","field":"national_highways","kind":"toll_plaza","name":"Sarore Toll Plaza","ref":null,"status":"operational","opened_on":null,"expected_completion":null,"agency":null,"source":"osm","confidence":0.9},"geometry":{"type":"Point","coordinates":[74.9386,32.6114]}},{"type":"Feature","properties":{"id":"toll_plaza:osm:node/8397258963","field":"national_highways","kind":"toll_plaza","name":"Sarore Toll Plaza","ref":null,"status":"operational","opened_on":null,"expected_completion":null,"agency":null,"source":"osm","confidence":0.9},"geometry":{"type":"Point","coordinates":[74.9387,32.6115]}},{"type":"Feature","properties":{"id":"toll_plaza:osm:node/8397258967","field":"national_highways","kind":"toll_plaza","name":"Sarore Toll Plaza","ref":null,"status":"operational","opened_on":null,"expected_completion":null,"agency":null,"source":"osm","confidence":0.9},"geometry":{"type":"Point","coordinates":[74.9387,32.6115]}},{"type":"Feature","properties":{"id":"toll_plaza:osm:node/8399195846","field":"national_highways","kind":"toll_plaza","name":"Ban Toll Plaza","ref":null,"status":"operational","opened_on":null,"expected_completion":null,"agency":null,"source":"osm","confidence":0.9},"geometry":{"type":"Point","coordinates":[74.9402,32.839]}},{"type":"Feature","properties":{"id":"toll_plaza:osm:node/8399195854","field":"national_highways","kind":"toll_plaza","name":"Ban Toll Plaza","ref":null,"status":"operational","opened_on":null,"expected_completion":null,"agency":null,"source":"osm","confidence":0.9},"geometry":{"type":"Point","coordinates":[74.9402,32.839]}},{"type":"Feature","properties":{"id":"toll_plaza:osm:node/8399195865","field":"national_highways","kind":"toll_plaza","name":"Ban Toll Plaza","ref":null,"status":"operational","opened_on":null,"expected_completion":null,"agency":null,"source":"osm","confidence":0.9},"geometry":{"type":"Point","coordinates":[74.9403,32.839]}},{"type":"Feature","properties":{"id":"toll_plaza:osm:node/8399195898","field":"national_highways","kind":"toll_plaza","name":"Ban Toll Plaza","ref":null,"status":"operational","opened_on":null,"expected_completion":null,"agency":null,"source":"osm","confidence":0.9},"geometry":{"type":"Point","coordinates":[74.9405,32.839]}},{"type":"Feature","properties":{"id":"toll_plaza:osm:node/8399195905","field":"national_highways","kind":"toll_plaza","name":"Ban Toll Plaza","ref":null,"status":"operational","opened_on":null,"expected_completion":null,"agency":null,"source":"osm","confidence":0.9},"geometry":{"type":"Point","coordinates":[74.9404,32.839]}},{"type":"Feature","properties":{"id":"toll_plaza:osm:node/8399195915","field":"national_highways","kind":"toll_plaza","name":"Ban Toll Plaza","ref":null,"status":"operational","opened_on":null,"expected_completion":null,"agency":null,"source":"osm","confidence":0.9},"geometry":{"type":"Point","coordinates":[74.9406,32.839]}},{"type":"Feature","properties":{"id":"toll_plaza:osm:node/8577408943","field":"national_highways","kind":"toll_plaza","name":null,"ref":null,"status":"operational","opened_on":null,"expected_completion":null,"agency":null,"source":"osm","confidence":0.9},"geometry":{"type":"Point","coordinates":[76.53,25.884]}},{"type":"Feature","properties":{"id":"toll_plaza:osm:node/8668498913","field":"national_highways","kind":"toll_plaza","name":"Kashi Free Plaza","ref":null,"status":"operational","opened_on":null,"expected_completion":null,"agency":null,"source":"osm","confidence":0.9},"geometry":{"type":"Point","coordinates":[77.6454,28.8966]}},{"type":"Feature","properties":{"id":"toll_plaza:osm:node/9026642572","field":"national_highways","kind":"toll_plaza","name":null,"ref":null,"status":"operational","opened_on":null,"expected_completion":null,"agency":null,"source":"osm","confidence":0.9},"geometry":{"type":"Point","coordinates":[87.1259,22.3447]}},{"type":"Feature","properties":{"id":"toll_plaza:osm:node/9026642575","field":"national_highways","kind":"toll_plaza","name":null,"ref":null,"status":"operational","opened_on":null,"expected_completion":null,"agency":null,"source":"osm","confidence":0.9},"geometry":{"type":"Point","coordinates":[87.126,22.3448]}},{"type":"Feature","properties":{"id":"toll_plaza:osm:node/9067351684","field":"national_highways","kind":"toll_plaza","name":null,"ref":null,"status":"operational","opened_on":null,"expected_completion":null,"agency":null,"source":"osm","confidence":0.9},"geometry":{"type":"Point","coordinates":[76.1936,17.7995]}},{"type":"Feature","properties":{"id":"toll_plaza:osm:node/9079983229","field":"national_highways","kind":"toll_plaza","name":null,"ref":null,"status":"operational","opened_on":null,"expected_completion":null,"agency":null,"source":"osm","confidence":0.9},"geometry":{"type":"Point","coordinates":[74.874,12.7596]}},{"type":"Feature","properties":{"id":"toll_plaza:osm:node/9079983230","field":"national_highways","kind":"toll_plaza","name":null,"ref":null,"status":"operational","opened_on":null,"expected_completion":null,"agency":null,"source":"osm","confidence":0.9},"geometry":{"type":"Point","coordinates":[74.8742,12.7596]}},{"type":"Feature","properties":{"id":"toll_plaza:osm:node/9819774565","field":"national_highways","kind":"toll_plaza","name":null,"ref":null,"status":"operational","opened_on":null,"expected_completion":null,"agency":null,"source":"osm","confidence":0.9},"geometry":{"type":"Point","coordinates":[78.9666,10.9974]}},{"type":"Feature","properties":{"id":"toll_plaza:osm:node/9819774679","field":"national_highways","kind":"toll_plaza","name":null,"ref":null,"status":"operational","opened_on":null,"expected_completion":null,"agency":null,"source":"osm","confidence":0.9},"geometry":{"type":"Point","coordinates":[78.9669,10.9971]}},{"type":"Feature","properties":{"id":"toll_plaza:osm:node/9996881805","field":"national_highways","kind":"toll_plaza","name":null,"ref":null,"status":"operational","opened_on":null,"expected_completion":null,"agency":null,"source":"osm","confidence":0.9},"geometry":{"type":"Point","coordinates":[78.1255,30.2095]}},{"type":"Feature","properties":{"id":"toll_plaza:osm:node/10037673700","field":"national_highways","kind":"toll_plaza","name":null,"ref":null,"status":"operational","opened_on":null,"expected_completion":null,"agency":null,"source":"osm","confidence":0.9},"geometry":{"type":"Point","coordinates":[74.3516,25.7988]}},{"type":"Feature","properties":{"id":"toll_plaza:osm:node/10037731845","field":"national_highways","kind":"toll_plaza","name":null,"ref":null,"status":"operational","opened_on":null,"expected_completion":null,"agency":null,"source":"osm","confidence":0.9},"geometry":{"type":"Point","coordinates":[76.1587,28.693]}},{"type":"Feature","properties":{"id":"toll_plaza:osm:node/10037731846","field":"national_highways","kind":"toll_plaza","name":null,"ref":null,"status":"operational","opened_on":null,"expected_completion":null,"agency":null,"source":"osm","confidence":0.9},"geometry":{"type":"Point","coordinates":[76.1585,28.6929]}},{"type":"Feature","properties":{"id":"toll_plaza:osm:node/10045450351","field":"national_highways","kind":"toll_plaza","name":null,"ref":null,"status":"operational","opened_on":null,"expected_completion":null,"agency":null,"source":"osm","confidence":0.9},"geometry":{"type":"Point","coordinates":[78.8478,9.888]}},{"type":"Feature","properties":{"id":"toll_plaza:osm:node/10045466628","field":"national_highways","kind":"toll_plaza","name":null,"ref":null,"status":"operational","opened_on":null,"expected_completion":null,"agency":null,"source":"osm","confidence":0.9},"geometry":{"type":"Point","coordinates":[92.4047,24.8435]}},{"type":"Feature","properties":{"id":"toll_plaza:osm:node/10279482510","field":"national_highways","kind":"toll_plaza","name":null,"ref":null,"status":"operational","opened_on":null,"expected_completion":null,"agency":null,"source":"osm","confidence":0.9},"geometry":{"type":"Point","coordinates":[77.2237,20.3932]}},{"type":"Feature","properties":{"id":"toll_plaza:osm:node/10934924605","field":"national_highways","kind":"toll_plaza","name":null,"ref":null,"status":"operational","opened_on":null,"expected_completion":null,"agency":null,"source":"osm","confidence":0.9},"geometry":{"type":"Point","coordinates":[83.0689,17.7476]}},{"type":"Feature","properties":{"id":"toll_plaza:osm:node/11074993935","field":"national_highways","kind":"toll_plaza","name":null,"ref":null,"status":"operational","opened_on":null,"expected_completion":null,"agency":null,"source":"osm","confidence":0.9},"geometry":{"type":"Point","coordinates":[84.6406,19.0563]}},{"type":"Feature","properties":{"id":"toll_plaza:osm:node/11074993936","field":"national_highways","kind":"toll_plaza","name":null,"ref":null,"status":"operational","opened_on":null,"expected_completion":null,"agency":null,"source":"osm","confidence":0.9},"geometry":{"type":"Point","coordinates":[84.6408,19.0561]}},{"type":"Feature","properties":{"id":"toll_plaza:osm:node/11208930298","field":"national_highways","kind":"toll_plaza","name":null,"ref":null,"status":"operational","opened_on":null,"expected_completion":null,"agency":null,"source":"osm","confidence":0.9},"geometry":{"type":"Point","coordinates":[75.4137,23.9775]}},{"type":"Feature","properties":{"id":"toll_plaza:osm:node/11208930382","field":"national_highways","kind":"toll_plaza","name":null,"ref":null,"status":"operational","opened_on":null,"expected_completion":null,"agency":null,"source":"osm","confidence":0.9},"geometry":{"type":"Point","coordinates":[75.1499,23.6051]}},{"type":"Feature","properties":{"id":"toll_plaza:osm:node/11208930392","field":"national_highways","kind":"toll_plaza","name":null,"ref":null,"status":"operational","opened_on":null,"expected_completion":null,"agency":null,"source":"osm","confidence":0.9},"geometry":{"type":"Point","coordinates":[75.1518,23.6105]}},{"type":"Feature","properties":{"id":"toll_plaza:osm:node/11208930397","field":"national_highways","kind":"toll_plaza","name":null,"ref":null,"status":"operational","opened_on":null,"expected_completion":null,"agency":null,"source":"osm","confidence":0.9},"geometry":{"type":"Point","coordinates":[75.1526,23.6101]}},{"type":"Feature","properties":{"id":"toll_plaza:osm:node/11348452843","field":"national_highways","kind":"toll_plaza","name":"Navayuga Devanhalli","ref":null,"status":"operational","opened_on":null,"expected_completion":null,"agency":null,"source":"osm","confidence":0.9},"geometry":{"type":"Point","coordinates":[77.7627,13.2076]}},{"type":"Feature","properties":{"id":"toll_plaza:osm:node/11389544522","field":"national_highways","kind":"toll_plaza","name":null,"ref":null,"status":"operational","opened_on":null,"expected_completion":null,"agency":null,"source":"osm","confidence":0.9},"geometry":{"type":"Point","coordinates":[82.1068,17.4588]}},{"type":"Feature","properties":{"id":"toll_plaza:osm:node/11405503433","field":"national_highways","kind":"toll_plaza","name":null,"ref":null,"status":"operational","opened_on":null,"expected_completion":null,"agency":null,"source":"osm","confidence":0.9},"geometry":{"type":"Point","coordinates":[74.595,25.5864]}},{"type":"Feature","properties":{"id":"toll_plaza:osm:node/11405503434","field":"national_highways","kind":"toll_plaza","name":null,"ref":null,"status":"operational","opened_on":null,"expected_completion":null,"agency":null,"source":"osm","confidence":0.9},"geometry":{"type":"Point","coordinates":[74.5951,25.5864]}},{"type":"Feature","properties":{"id":"toll_plaza:osm:node/11510325770","field":"national_highways","kind":"toll_plaza","name":null,"ref":null,"status":"operational","opened_on":null,"expected_completion":null,"agency":null,"source":"osm","confidence":0.9},"geometry":{"type":"Point","coordinates":[76.2231,28.8047]}},{"type":"Feature","properties":{"id":"toll_plaza:osm:node/11510334082","field":"national_highways","kind":"toll_plaza","name":null,"ref":null,"status":"operational","opened_on":null,"expected_completion":null,"agency":null,"source":"osm","confidence":0.9},"geometry":{"type":"Point","coordinates":[77.4329,29.6458]}},{"type":"Feature","properties":{"id":"toll_plaza:osm:node/11514199958","field":"national_highways","kind":"toll_plaza","name":"Lalanagar","ref":null,"status":"operational","opened_on":null,"expected_completion":null,"agency":null,"source":"osm","confidence":0.9},"geometry":{"type":"Point","coordinates":[82.4859,25.2681]}},{"type":"Feature","properties":{"id":"toll_plaza:osm:node/11514199959","field":"national_highways","kind":"toll_plaza","name":null,"ref":null,"status":"operational","opened_on":null,"expected_completion":null,"agency":null,"source":"osm","confidence":0.9},"geometry":{"type":"Point","coordinates":[82.9996,25.2493]}},{"type":"Feature","properties":{"id":"toll_plaza:osm:node/11514447126","field":"national_highways","kind":"toll_plaza","name":"Somanahalli Toll Plaza","ref":null,"status":"operational","opened_on":null,"expected_completion":null,"agency":null,"source":"osm","confidence":0.9},"geometry":{"type":"Point","coordinates":[77.5009,12.7834]}},{"type":"Feature","properties":{"id":"toll_plaza:osm:node/11665970540","field":"national_highways","kind":"toll_plaza","name":null,"ref":null,"status":"operational","opened_on":null,"expected_completion":null,"agency":null,"source":"osm","confidence":0.9},"geometry":{"type":"Point","coordinates":[78.4252,11.9671]}},{"type":"Feature","properties":{"id":"toll_plaza:osm:node/11711805852","field":"national_highways","kind":"toll_plaza","name":null,"ref":null,"status":"operational","opened_on":null,"expected_completion":null,"agency":null,"source":"osm","confidence":0.9},"geometry":{"type":"Point","coordinates":[75.4939,11.7715]}},{"type":"Feature","properties":{"id":"toll_plaza:osm:node/11711805853","field":"national_highways","kind":"toll_plaza","name":null,"ref":null,"status":"operational","opened_on":null,"expected_completion":null,"agency":null,"source":"osm","confidence":0.9},"geometry":{"type":"Point","coordinates":[75.4939,11.7716]}},{"type":"Feature","properties":{"id":"toll_plaza:osm:node/11789305846","field":"national_highways","kind":"toll_plaza","name":null,"ref":null,"status":"operational","opened_on":null,"expected_completion":null,"agency":null,"source":"osm","confidence":0.9},"geometry":{"type":"Point","coordinates":[81.8278,16.7152]}},{"type":"Feature","properties":{"id":"toll_plaza:osm:node/11789305847","field":"national_highways","kind":"toll_plaza","name":null,"ref":null,"status":"operational","opened_on":null,"expected_completion":null,"agency":null,"source":"osm","confidence":0.9},"geometry":{"type":"Point","coordinates":[81.8279,16.7152]}},{"type":"Feature","properties":{"id":"toll_plaza:osm:node/11831934594","field":"national_highways","kind":"toll_plaza","name":null,"ref":null,"status":"operational","opened_on":null,"expected_completion":null,"agency":null,"source":"osm","confidence":0.9},"geometry":{"type":"Point","coordinates":[88.9151,26.874]}},{"type":"Feature","properties":{"id":"toll_plaza:osm:node/11875004530","field":"national_highways","kind":"toll_plaza","name":"Guabari","ref":null,"status":"operational","opened_on":null,"expected_completion":null,"agency":null,"source":"osm","confidence":0.9},"geometry":{"type":"Point","coordinates":[89.7566,26.4767]}},{"type":"Feature","properties":{"id":"toll_plaza:osm:node/11875004531","field":"national_highways","kind":"toll_plaza","name":"Guabari","ref":null,"status":"operational","opened_on":null,"expected_completion":null,"agency":null,"source":"osm","confidence":0.9},"geometry":{"type":"Point","coordinates":[89.7566,26.4766]}},{"type":"Feature","properties":{"id":"toll_plaza:osm:node/11875132553","field":"national_highways","kind":"toll_plaza","name":null,"ref":null,"status":"operational","opened_on":null,"expected_completion":null,"agency":null,"source":"osm","confidence":0.9},"geometry":{"type":"Point","coordinates":[89.9427,26.444]}},{"type":"Feature","properties":{"id":"toll_plaza:osm:node/11875132554","field":"national_highways","kind":"toll_plaza","name":null,"ref":null,"status":"operational","opened_on":null,"expected_completion":null,"agency":null,"source":"osm","confidence":0.9},"geometry":{"type":"Point","coordinates":[89.9427,26.4441]}},{"type":"Feature","properties":{"id":"toll_plaza:osm:node/11985254645","field":"national_highways","kind":"toll_plaza","name":"Brahamarakotlu Toll Plaza","ref":null,"status":"operational","opened_on":null,"expected_completion":null,"agency":null,"source":"osm","confidence":0.9},"geometry":{"type":"Point","coordinates":[75.0055,12.8752]}},{"type":"Feature","properties":{"id":"toll_plaza:osm:node/11985254647","field":"national_highways","kind":"toll_plaza","name":"Brahamarakotlu Toll Plaza","ref":null,"status":"operational","opened_on":null,"expected_completion":null,"agency":null,"source":"osm","confidence":0.9},"geometry":{"type":"Point","coordinates":[75.0039,12.8752]}},{"type":"Feature","properties":{"id":"toll_plaza:osm:node/12006358363","field":"national_highways","kind":"toll_plaza","name":null,"ref":null,"status":"operational","opened_on":null,"expected_completion":null,"agency":null,"source":"osm","confidence":0.9},"geometry":{"type":"Point","coordinates":[77.2761,29.1651]}},{"type":"Feature","properties":{"id":"toll_plaza:osm:node/12006358364","field":"national_highways","kind":"toll_plaza","name":null,"ref":null,"status":"operational","opened_on":null,"expected_completion":null,"agency":null,"source":"osm","confidence":0.9},"geometry":{"type":"Point","coordinates":[77.2763,29.1651]}},{"type":"Feature","properties":{"id":"toll_plaza:osm:node/12006580736","field":"national_highways","kind":"toll_plaza","name":null,"ref":null,"status":"operational","opened_on":null,"expected_completion":null,"agency":null,"source":"osm","confidence":0.9},"geometry":{"type":"Point","coordinates":[76.7171,27.5273]}},{"type":"Feature","properties":{"id":"toll_plaza:osm:node/12006580737","field":"national_highways","kind":"toll_plaza","name":null,"ref":null,"status":"operational","opened_on":null,"expected_completion":null,"agency":null,"source":"osm","confidence":0.9},"geometry":{"type":"Point","coordinates":[76.7171,27.5274]}},{"type":"Feature","properties":{"id":"toll_plaza:osm:node/12167848629","field":"national_highways","kind":"toll_plaza","name":"Atal Setu Toll Plaza","ref":null,"status":"operational","opened_on":null,"expected_completion":null,"agency":null,"source":"osm","confidence":0.9},"geometry":{"type":"Point","coordinates":[73.0187,18.9518]}},{"type":"Feature","properties":{"id":"toll_plaza:osm:node/12167848630","field":"national_highways","kind":"toll_plaza","name":"Atal Setu Toll Plaza","ref":null,"status":"operational","opened_on":null,"expected_completion":null,"agency":null,"source":"osm","confidence":0.9},"geometry":{"type":"Point","coordinates":[73.0189,18.9521]}},{"type":"Feature","properties":{"id":"toll_plaza:osm:node/12197077111","field":"national_highways","kind":"toll_plaza","name":null,"ref":null,"status":"operational","opened_on":null,"expected_completion":null,"agency":null,"source":"osm","confidence":0.9},"geometry":{"type":"Point","coordinates":[75.5488,28.3995]}},{"type":"Feature","properties":{"id":"toll_plaza:osm:node/12258762624","field":"national_highways","kind":"toll_plaza","name":null,"ref":null,"status":"operational","opened_on":null,"expected_completion":null,"agency":null,"source":"osm","confidence":0.9},"geometry":{"type":"Point","coordinates":[82.4832,22.4548]}},{"type":"Feature","properties":{"id":"toll_plaza:osm:node/12258762625","field":"national_highways","kind":"toll_plaza","name":null,"ref":null,"status":"operational","opened_on":null,"expected_completion":null,"agency":null,"source":"osm","confidence":0.9},"geometry":{"type":"Point","coordinates":[82.4833,22.4547]}},{"type":"Feature","properties":{"id":"toll_plaza:osm:node/12478966678","field":"national_highways","kind":"toll_plaza","name":null,"ref":null,"status":"operational","opened_on":null,"expected_completion":null,"agency":null,"source":"osm","confidence":0.9},"geometry":{"type":"Point","coordinates":[73.7717,19.7452]}},{"type":"Feature","properties":{"id":"toll_plaza:osm:node/12478966679","field":"national_highways","kind":"toll_plaza","name":null,"ref":null,"status":"operational","opened_on":null,"expected_completion":null,"agency":null,"source":"osm","confidence":0.9},"geometry":{"type":"Point","coordinates":[73.7706,19.7454]}},{"type":"Feature","properties":{"id":"toll_plaza:osm:node/12570795939","field":"national_highways","kind":"toll_plaza","name":null,"ref":null,"status":"operational","opened_on":null,"expected_completion":null,"agency":null,"source":"osm","confidence":0.9},"geometry":{"type":"Point","coordinates":[78.1221,23.0179]}},{"type":"Feature","properties":{"id":"toll_plaza:osm:node/12607756049","field":"national_highways","kind":"toll_plaza","name":null,"ref":null,"status":"operational","opened_on":null,"expected_completion":null,"agency":null,"source":"osm","confidence":0.9},"geometry":{"type":"Point","coordinates":[78.364,17.5613]}},{"type":"Feature","properties":{"id":"toll_plaza:osm:node/12607756050","field":"national_highways","kind":"toll_plaza","name":null,"ref":null,"status":"operational","opened_on":null,"expected_completion":null,"agency":null,"source":"osm","confidence":0.9},"geometry":{"type":"Point","coordinates":[78.3661,17.5617]}},{"type":"Feature","properties":{"id":"toll_plaza:osm:node/12607756051","field":"national_highways","kind":"toll_plaza","name":null,"ref":null,"status":"operational","opened_on":null,"expected_completion":null,"agency":null,"source":"osm","confidence":0.9},"geometry":{"type":"Point","coordinates":[78.3686,17.5615]}},{"type":"Feature","properties":{"id":"toll_plaza:osm:node/12607756052","field":"national_highways","kind":"toll_plaza","name":null,"ref":null,"status":"operational","opened_on":null,"expected_completion":null,"agency":null,"source":"osm","confidence":0.9},"geometry":{"type":"Point","coordinates":[78.3686,17.5609]}},{"type":"Feature","properties":{"id":"toll_plaza:osm:node/12645271523","field":"national_highways","kind":"toll_plaza","name":null,"ref":null,"status":"operational","opened_on":null,"expected_completion":null,"agency":null,"source":"osm","confidence":0.9},"geometry":{"type":"Point","coordinates":[77.1458,31.8995]}},{"type":"Feature","properties":{"id":"toll_plaza:osm:node/12673337653","field":"national_highways","kind":"toll_plaza","name":null,"ref":null,"status":"operational","opened_on":null,"expected_completion":null,"agency":null,"source":"osm","confidence":0.9},"geometry":{"type":"Point","coordinates":[89.6189,26.3051]}},{"type":"Feature","properties":{"id":"toll_plaza:osm:node/12690283772","field":"national_highways","kind":"toll_plaza","name":null,"ref":null,"status":"operational","opened_on":null,"expected_completion":null,"agency":null,"source":"osm","confidence":0.9},"geometry":{"type":"Point","coordinates":[83.0566,25.979]}},{"type":"Feature","properties":{"id":"toll_plaza:osm:node/12690283773","field":"national_highways","kind":"toll_plaza","name":null,"ref":null,"status":"operational","opened_on":null,"expected_completion":null,"agency":null,"source":"osm","confidence":0.9},"geometry":{"type":"Point","coordinates":[83.0567,25.9789]}},{"type":"Feature","properties":{"id":"toll_plaza:osm:node/12690283774","field":"national_highways","kind":"toll_plaza","name":null,"ref":null,"status":"operational","opened_on":null,"expected_completion":null,"agency":null,"source":"osm","confidence":0.9},"geometry":{"type":"Point","coordinates":[82.8867,26.3683]}},{"type":"Feature","properties":{"id":"toll_plaza:osm:node/12690283775","field":"national_highways","kind":"toll_plaza","name":null,"ref":null,"status":"operational","opened_on":null,"expected_completion":null,"agency":null,"source":"osm","confidence":0.9},"geometry":{"type":"Point","coordinates":[82.8867,26.3682]}},{"type":"Feature","properties":{"id":"toll_plaza:osm:node/12707722809","field":"national_highways","kind":"toll_plaza","name":null,"ref":null,"status":"operational","opened_on":null,"expected_completion":null,"agency":null,"source":"osm","confidence":0.9},"geometry":{"type":"Point","coordinates":[77.2584,18.095]}},{"type":"Feature","properties":{"id":"toll_plaza:osm:node/12959050725","field":"national_highways","kind":"toll_plaza","name":null,"ref":null,"status":"operational","opened_on":null,"expected_completion":null,"agency":null,"source":"osm","confidence":0.9},"geometry":{"type":"Point","coordinates":[77.9123,13.0442]}},{"type":"Feature","properties":{"id":"toll_plaza:osm:node/12959050739","field":"national_highways","kind":"toll_plaza","name":null,"ref":null,"status":"operational","opened_on":null,"expected_completion":null,"agency":null,"source":"osm","confidence":0.9},"geometry":{"type":"Point","coordinates":[77.9124,13.0443]}},{"type":"Feature","properties":{"id":"toll_plaza:osm:node/12959050741","field":"national_highways","kind":"toll_plaza","name":null,"ref":null,"status":"operational","opened_on":null,"expected_completion":null,"agency":null,"source":"osm","confidence":0.9},"geometry":{"type":"Point","coordinates":[77.9124,13.0443]}},{"type":"Feature","properties":{"id":"toll_plaza:osm:node/12959050744","field":"national_highways","kind":"toll_plaza","name":null,"ref":null,"status":"operational","opened_on":null,"expected_completion":null,"agency":null,"source":"osm","confidence":0.9},"geometry":{"type":"Point","coordinates":[77.9125,13.0443]}},{"type":"Feature","properties":{"id":"toll_plaza:osm:node/12959050747","field":"national_highways","kind":"toll_plaza","name":null,"ref":null,"status":"operational","opened_on":null,"expected_completion":null,"agency":null,"source":"osm","confidence":0.9},"geometry":{"type":"Point","coordinates":[77.9125,13.0444]}},{"type":"Feature","properties":{"id":"toll_plaza:osm:node/12959050750","field":"national_highways","kind":"toll_plaza","name":null,"ref":null,"status":"operational","opened_on":null,"expected_completion":null,"agency":null,"source":"osm","confidence":0.9},"geometry":{"type":"Point","coordinates":[77.9126,13.0444]}},{"type":"Feature","properties":{"id":"toll_plaza:osm:node/12959050753","field":"national_highways","kind":"toll_plaza","name":null,"ref":null,"status":"operational","opened_on":null,"expected_completion":null,"agency":null,"source":"osm","confidence":0.9},"geometry":{"type":"Point","coordinates":[77.9126,13.0444]}},{"type":"Feature","properties":{"id":"toll_plaza:osm:node/12959050756","field":"national_highways","kind":"toll_plaza","name":null,"ref":null,"status":"operational","opened_on":null,"expected_completion":null,"agency":null,"source":"osm","confidence":0.9},"geometry":{"type":"Point","coordinates":[77.9127,13.0445]}},{"type":"Feature","properties":{"id":"toll_plaza:osm:node/12959050759","field":"national_highways","kind":"toll_plaza","name":null,"ref":null,"status":"operational","opened_on":null,"expected_completion":null,"agency":null,"source":"osm","confidence":0.9},"geometry":{"type":"Point","coordinates":[77.9127,13.0445]}},{"type":"Feature","properties":{"id":"toll_plaza:osm:node/12959050879","field":"national_highways","kind":"toll_plaza","name":null,"ref":null,"status":"operational","opened_on":null,"expected_completion":null,"agency":null,"source":"osm","confidence":0.9},"geometry":{"type":"Point","coordinates":[77.9176,13.0446]}},{"type":"Feature","properties":{"id":"toll_plaza:osm:node/12959050881","field":"national_highways","kind":"toll_plaza","name":null,"ref":null,"status":"operational","opened_on":null,"expected_completion":null,"agency":null,"source":"osm","confidence":0.9},"geometry":{"type":"Point","coordinates":[77.9175,13.0445]}},{"type":"Feature","properties":{"id":"toll_plaza:osm:node/12959050884","field":"national_highways","kind":"toll_plaza","name":null,"ref":null,"status":"operational","opened_on":null,"expected_completion":null,"agency":null,"source":"osm","confidence":0.9},"geometry":{"type":"Point","coordinates":[77.9175,13.0445]}},{"type":"Feature","properties":{"id":"toll_plaza:osm:node/12959050887","field":"national_highways","kind":"toll_plaza","name":null,"ref":null,"status":"operational","opened_on":null,"expected_completion":null,"agency":null,"source":"osm","confidence":0.9},"geometry":{"type":"Point","coordinates":[77.9174,13.0444]}},{"type":"Feature","properties":{"id":"toll_plaza:osm:node/12959050890","field":"national_highways","kind":"toll_plaza","name":null,"ref":null,"status":"operational","opened_on":null,"expected_completion":null,"agency":null,"source":"osm","confidence":0.9},"geometry":{"type":"Point","coordinates":[77.9174,13.0444]}},{"type":"Feature","properties":{"id":"toll_plaza:osm:node/12959050893","field":"national_highways","kind":"toll_plaza","name":null,"ref":null,"status":"operational","opened_on":null,"expected_completion":null,"agency":null,"source":"osm","confidence":0.9},"geometry":{"type":"Point","coordinates":[77.9173,13.0444]}},{"type":"Feature","properties":{"id":"toll_plaza:osm:node/12959050896","field":"national_highways","kind":"toll_plaza","name":null,"ref":null,"status":"operational","opened_on":null,"expected_completion":null,"agency":null,"source":"osm","confidence":0.9},"geometry":{"type":"Point","coordinates":[77.9173,13.0443]}},{"type":"Feature","properties":{"id":"toll_plaza:osm:node/12959050899","field":"national_highways","kind":"toll_plaza","name":null,"ref":null,"status":"operational","opened_on":null,"expected_completion":null,"agency":null,"source":"osm","confidence":0.9},"geometry":{"type":"Point","coordinates":[77.9173,13.0443]}},{"type":"Feature","properties":{"id":"toll_plaza:osm:node/12959050902","field":"national_highways","kind":"toll_plaza","name":null,"ref":null,"status":"operational","opened_on":null,"expected_completion":null,"agency":null,"source":"osm","confidence":0.9},"geometry":{"type":"Point","coordinates":[77.9172,13.0443]}},{"type":"Feature","properties":{"id":"toll_plaza:osm:node/12968753753","field":"national_highways","kind":"toll_plaza","name":null,"ref":null,"status":"operational","opened_on":null,"expected_completion":null,"agency":null,"source":"osm","confidence":0.9},"geometry":{"type":"Point","coordinates":[78.7808,11.5927]}},{"type":"Feature","properties":{"id":"toll_plaza:osm:node/13098711466","field":"national_highways","kind":"toll_plaza","name":null,"ref":null,"status":"operational","opened_on":null,"expected_completion":null,"agency":null,"source":"osm","confidence":0.9},"geometry":{"type":"Point","coordinates":[79.8714,17.1922]}},{"type":"Feature","properties":{"id":"toll_plaza:osm:node/13105173586","field":"national_highways","kind":"toll_plaza","name":null,"ref":null,"status":"operational","opened_on":null,"expected_completion":null,"agency":null,"source":"osm","confidence":0.9},"geometry":{"type":"Point","coordinates":[71.4692,24.0878]}},{"type":"Feature","properties":{"id":"toll_plaza:osm:node/13112743122","field":"national_highways","kind":"toll_plaza","name":null,"ref":null,"status":"operational","opened_on":null,"expected_completion":null,"agency":null,"source":"osm","confidence":0.9},"geometry":{"type":"Point","coordinates":[76.1941,28.2122]}},{"type":"Feature","properties":{"id":"toll_plaza:osm:node/13112743123","field":"national_highways","kind":"toll_plaza","name":null,"ref":null,"status":"operational","opened_on":null,"expected_completion":null,"agency":null,"source":"osm","confidence":0.9},"geometry":{"type":"Point","coordinates":[76.1933,28.2124]}},{"type":"Feature","properties":{"id":"toll_plaza:osm:node/13147917561","field":"national_highways","kind":"toll_plaza","name":"Mundka - Bakkarwala Toll Plaza - Towards IGI Airport (UER-2)","ref":null,"status":"operational","opened_on":null,"expected_completion":null,"agency":null,"source":"osm","confidence":0.9},"geometry":{"type":"Point","coordinates":[77.0111,28.6728]}},{"type":"Feature","properties":{"id":"toll_plaza:osm:node/13147917562","field":"national_highways","kind":"toll_plaza","name":"Mundka - Bakkarwala Toll Plaza - Towards GT Road (UER-2)","ref":null,"status":"operational","opened_on":null,"expected_completion":null,"agency":null,"source":"osm","confidence":0.9},"geometry":{"type":"Point","coordinates":[77.011,28.6731]}},{"type":"Feature","properties":{"id":"toll_plaza:osm:node/13369303402","field":"national_highways","kind":"toll_plaza","name":null,"ref":null,"status":"operational","opened_on":null,"expected_completion":null,"agency":null,"source":"osm","confidence":0.9},"geometry":{"type":"Point","coordinates":[79.759,11.8229]}},{"type":"Feature","properties":{"id":"toll_plaza:osm:node/13369303403","field":"national_highways","kind":"toll_plaza","name":null,"ref":null,"status":"operational","opened_on":null,"expected_completion":null,"agency":null,"source":"osm","confidence":0.9},"geometry":{"type":"Point","coordinates":[79.7592,11.8229]}},{"type":"Feature","properties":{"id":"toll_plaza:osm:node/14008149144","field":"national_highways","kind":"toll_plaza","name":null,"ref":null,"status":"operational","opened_on":null,"expected_completion":null,"agency":null,"source":"osm","confidence":0.9},"geometry":{"type":"Point","coordinates":[80.4489,26.4685]}},{"type":"Feature","properties":{"id":"toll_plaza:osm:node/245654830","field":"national_highways","kind":"toll_plaza","name":null,"ref":null,"status":"operational","opened_on":null,"expected_completion":null,"agency":null,"source":"osm","confidence":0.9},"geometry":{"type":"Point","coordinates":[73.1788,18.9473]}},{"type":"Feature","properties":{"id":"toll_plaza:osm:node/278166417","field":"national_highways","kind":"toll_plaza","name":null,"ref":null,"status":"operational","opened_on":null,"expected_completion":null,"agency":null,"source":"osm","confidence":0.9},"geometry":{"type":"Point","coordinates":[76.9817,28.3957]}},{"type":"Feature","properties":{"id":"toll_plaza:osm:node/435338461","field":"national_highways","kind":"toll_plaza","name":"Kariyamangalam Toll Plaza","ref":null,"status":"operational","opened_on":null,"expected_completion":null,"agency":null,"source":"osm","confidence":0.9},"geometry":{"type":"Point","coordinates":[78.8285,12.2883]}},{"type":"Feature","properties":{"id":"toll_plaza:osm:node/435452961","field":"national_highways","kind":"toll_plaza","name":null,"ref":null,"status":"operational","opened_on":null,"expected_completion":null,"agency":null,"source":"osm","confidence":0.9},"geometry":{"type":"Point","coordinates":[78.2906,13.1485]}},{"type":"Feature","properties":{"id":"toll_plaza:osm:node/514921812","field":"national_highways","kind":"toll_plaza","name":null,"ref":null,"status":"operational","opened_on":null,"expected_completion":null,"agency":null,"source":"osm","confidence":0.9},"geometry":{"type":"Point","coordinates":[73.7478,18.7391]}},{"type":"Feature","properties":{"id":"toll_plaza:osm:node/654128759","field":"national_highways","kind":"toll_plaza","name":"Nalavadi toll plaza","ref":null,"status":"operational","opened_on":null,"expected_completion":null,"agency":null,"source":"osm","confidence":0.9},"geometry":{"type":"Point","coordinates":[75.3575,15.3698]}},{"type":"Feature","properties":{"id":"toll_plaza:osm:node/676755906","field":"national_highways","kind":"toll_plaza","name":null,"ref":null,"status":"operational","opened_on":null,"expected_completion":null,"agency":null,"source":"osm","confidence":0.9},"geometry":{"type":"Point","coordinates":[74.2535,18.7595]}},{"type":"Feature","properties":{"id":"toll_plaza:osm:node/1115439992","field":"national_highways","kind":"toll_plaza","name":"Sawkala","ref":null,"status":"operational","opened_on":null,"expected_completion":null,"agency":null,"source":"osm","confidence":0.9},"geometry":{"type":"Point","coordinates":[84.7028,24.5997]}},{"type":"Feature","properties":{"id":"toll_plaza:osm:node/1115440073","field":"national_highways","kind":"toll_plaza","name":"Sasaram","ref":null,"status":"operational","opened_on":null,"expected_completion":null,"agency":null,"source":"osm","confidence":0.9},"geometry":{"type":"Point","coordinates":[83.9549,24.9571]}},{"type":"Feature","properties":{"id":"toll_plaza:osm:node/1115448483","field":"national_highways","kind":"toll_plaza","name":"Sasaram","ref":null,"status":"operational","opened_on":null,"expected_completion":null,"agency":null,"source":"osm","confidence":0.9},"geometry":{"type":"Point","coordinates":[83.955,24.9572]}},{"type":"Feature","properties":{"id":"toll_plaza:osm:node/1115448878","field":"national_highways","kind":"toll_plaza","name":"Sawkala","ref":null,"status":"operational","opened_on":null,"expected_completion":null,"agency":null,"source":"osm","confidence":0.9},"geometry":{"type":"Point","coordinates":[84.7027,24.5995]}},{"type":"Feature","properties":{"id":"toll_plaza:osm:node/1131077221","field":"national_highways","kind":"toll_plaza","name":null,"ref":null,"status":"operational","opened_on":null,"expected_completion":null,"agency":null,"source":"osm","confidence":0.9},"geometry":{"type":"Point","coordinates":[73.4397,18.7601]}},{"type":"Feature","properties":{"id":"toll_plaza:osm:node/1131077654","field":"national_highways","kind":"toll_plaza","name":"Kusgaon","ref":null,"status":"operational","opened_on":null,"expected_completion":null,"agency":null,"source":"osm","confidence":0.9},"geometry":{"type":"Point","coordinates":[73.4281,18.7604]}},{"type":"Feature","properties":{"id":"toll_plaza:osm:node/1179950698","field":"national_highways","kind":"toll_plaza","name":null,"ref":null,"status":"operational","opened_on":null,"expected_completion":null,"agency":null,"source":"osm","confidence":0.9},"geometry":{"type":"Point","coordinates":[88.1817,22.5734]}},{"type":"Feature","properties":{"id":"toll_plaza:osm:node/1207880744","field":"national_highways","kind":"toll_plaza","name":null,"ref":null,"status":"operational","opened_on":null,"expected_completion":null,"agency":null,"source":"osm","confidence":0.9},"geometry":{"type":"Point","coordinates":[78.7515,28.7884]}},{"type":"Feature","properties":{"id":"toll_plaza:osm:node/1313568444","field":"national_highways","kind":"toll_plaza","name":"Paschim Madati","ref":null,"status":"operational","opened_on":null,"expected_completion":null,"agency":null,"source":"osm","confidence":0.9},"geometry":{"type":"Point","coordinates":[88.2754,26.569]}},{"type":"Feature","properties":{"id":"toll_plaza:osm:node/1313568450","field":"national_highways","kind":"toll_plaza","name":"Paschim Madati","ref":null,"status":"operational","opened_on":null,"expected_completion":null,"agency":null,"source":"osm","confidence":0.9},"geometry":{"type":"Point","coordinates":[88.2753,26.5691]}},{"type":"Feature","properties":{"id":"toll_plaza:osm:node/1323261108","field":"national_highways","kind":"toll_plaza","name":"Sale Tax Barrier","ref":null,"status":"operational","opened_on":null,"expected_completion":null,"agency":null,"source":"osm","confidence":0.9},"geometry":{"type":"Point","coordinates":[76.696,30.7334]}},{"type":"Feature","properties":{"id":"toll_plaza:osm:node/1328110478","field":"national_highways","kind":"toll_plaza","name":"TOLL PLAZA TANDA ROAD","ref":null,"status":"operational","opened_on":null,"expected_completion":null,"agency":null,"source":"osm","confidence":0.9},"geometry":{"type":"Point","coordinates":[75.8471,31.5625]}},{"type":"Feature","properties":{"id":"toll_plaza:osm:node/1397294070","field":"national_highways","kind":"toll_plaza","name":null,"ref":null,"status":"operational","opened_on":null,"expected_completion":null,"agency":null,"source":"osm","confidence":0.9},"geometry":{"type":"Point","coordinates":[76.9529,28.9224]}},{"type":"Feature","properties":{"id":"toll_plaza:osm:node/1589532577","field":"national_highways","kind":"toll_plaza","name":null,"ref":null,"status":"operational","opened_on":null,"expected_completion":null,"agency":null,"source":"osm","confidence":0.9},"geometry":{"type":"Point","coordinates":[77.472,12.9902]}},{"type":"Feature","properties":{"id":"toll_plaza:osm:node/1589532596","field":"national_highways","kind":"toll_plaza","name":null,"ref":null,"status":"operational","opened_on":null,"expected_completion":null,"agency":null,"source":"osm","confidence":0.9},"geometry":{"type":"Point","coordinates":[77.4728,12.99]}},{"type":"Feature","properties":{"id":"toll_plaza:osm:node/1672995438","field":"national_highways","kind":"toll_plaza","name":null,"ref":null,"status":"operational","opened_on":null,"expected_completion":null,"agency":null,"source":"osm","confidence":0.9},"geometry":{"type":"Point","coordinates":[74.2107,20.3252]}},{"type":"Feature","properties":{"id":"toll_plaza:osm:node/1728899852","field":"national_highways","kind":"toll_plaza","name":null,"ref":null,"status":"operational","opened_on":null,"expected_completion":null,"agency":null,"source":"osm","confidence":0.9},"geometry":{"type":"Point","coordinates":[76.9847,24.0874]}},{"type":"Feature","properties":{"id":"toll_plaza:osm:node/1736182349","field":"national_highways","kind":"toll_plaza","name":null,"ref":null,"status":"operational","opened_on":null,"expected_completion":null,"agency":null,"source":"osm","confidence":0.9},"geometry":{"type":"Point","coordinates":[78.0735,11.7202]}},{"type":"Feature","properties":{"id":"toll_plaza:osm:node/1759741973","field":"national_highways","kind":"toll_plaza","name":"Dhadhar","ref":null,"status":"operational","opened_on":null,"expected_completion":null,"agency":null,"source":"osm","confidence":0.9},"geometry":{"type":"Point","coordinates":[75.0565,28.3304]}},{"type":"Feature","properties":{"id":"toll_plaza:osm:node/1863322849","field":"national_highways","kind":"toll_plaza","name":"Jajau (Old Baretha)","ref":null,"status":"operational","opened_on":null,"expected_completion":null,"agency":null,"source":"osm","confidence":0.9},"geometry":{"type":"Point","coordinates":[77.9335,26.9325]}},{"type":"Feature","properties":{"id":"toll_plaza:osm:node/1863322854","field":"national_highways","kind":"toll_plaza","name":"Jajau (Old Baretha)","ref":null,"status":"operational","opened_on":null,"expected_completion":null,"agency":null,"source":"osm","confidence":0.9},"geometry":{"type":"Point","coordinates":[77.9336,26.9325]}},{"type":"Feature","properties":{"id":"toll_plaza:osm:node/1863322913","field":"national_highways","kind":"toll_plaza","name":"Choundha","ref":null,"status":"operational","opened_on":null,"expected_completion":null,"agency":null,"source":"osm","confidence":0.9},"geometry":{"type":"Point","coordinates":[78.011,26.4672]}},{"type":"Feature","properties":{"id":"toll_plaza:osm:node/1863322935","field":"national_highways","kind":"toll_plaza","name":"Choundha","ref":null,"status":"operational","opened_on":null,"expected_completion":null,"agency":null,"source":"osm","confidence":0.9},"geometry":{"type":"Point","coordinates":[78.0095,26.4682]}},{"type":"Feature","properties":{"id":"toll_plaza:osm:node/1933771937","field":"national_highways","kind":"toll_plaza","name":null,"ref":null,"status":"operational","opened_on":null,"expected_completion":null,"agency":null,"source":"osm","confidence":0.9},"geometry":{"type":"Point","coordinates":[78.0039,27.303]}},{"type":"Feature","properties":{"id":"toll_plaza:osm:node/1933771949","field":"national_highways","kind":"toll_plaza","name":null,"ref":null,"status":"operational","opened_on":null,"expected_completion":null,"agency":null,"source":"osm","confidence":0.9},"geometry":{"type":"Point","coordinates":[78.0039,27.3033]}},{"type":"Feature","properties":{"id":"toll_plaza:osm:node/2090009467","field":"national_highways","kind":"toll_plaza","name":null,"ref":null,"status":"operational","opened_on":null,"expected_completion":null,"agency":null,"source":"osm","confidence":0.9},"geometry":{"type":"Point","coordinates":[78.5309,17.2126]}},{"type":"Feature","properties":{"id":"toll_plaza:osm:node/2090009494","field":"national_highways","kind":"toll_plaza","name":null,"ref":null,"status":"operational","opened_on":null,"expected_completion":null,"agency":null,"source":"osm","confidence":0.9},"geometry":{"type":"Point","coordinates":[78.5309,17.2131]}},{"type":"Feature","properties":{"id":"toll_plaza:osm:node/2090009495","field":"national_highways","kind":"toll_plaza","name":null,"ref":null,"status":"operational","opened_on":null,"expected_completion":null,"agency":null,"source":"osm","confidence":0.9},"geometry":{"type":"Point","coordinates":[78.5245,17.2117]}},{"type":"Feature","properties":{"id":"toll_plaza:osm:node/2090009786","field":"national_highways","kind":"toll_plaza","name":null,"ref":null,"status":"operational","opened_on":null,"expected_completion":null,"agency":null,"source":"osm","confidence":0.9},"geometry":{"type":"Point","coordinates":[78.5253,17.2113]}},{"type":"Feature","properties":{"id":"toll_plaza:osm:node/2090103386","field":"national_highways","kind":"toll_plaza","name":null,"ref":null,"status":"operational","opened_on":null,"expected_completion":null,"agency":null,"source":"osm","confidence":0.9},"geometry":{"type":"Point","coordinates":[78.4779,17.2042]}},{"type":"Feature","properties":{"id":"toll_plaza:osm:node/2090103405","field":"national_highways","kind":"toll_plaza","name":null,"ref":null,"status":"operational","opened_on":null,"expected_completion":null,"agency":null,"source":"osm","confidence":0.9},"geometry":{"type":"Point","coordinates":[78.4745,17.2042]}},{"type":"Feature","properties":{"id":"toll_plaza:osm:node/2090103678","field":"national_highways","kind":"toll_plaza","name":null,"ref":null,"status":"operational","opened_on":null,"expected_completion":null,"agency":null,"source":"osm","confidence":0.9},"geometry":{"type":"Point","coordinates":[78.4778,17.2035]}},{"type":"Feature","properties":{"id":"toll_plaza:osm:node/2090103712","field":"national_highways","kind":"toll_plaza","name":null,"ref":null,"status":"operational","opened_on":null,"expected_completion":null,"agency":null,"source":"osm","confidence":0.9},"geometry":{"type":"Point","coordinates":[78.4746,17.2036]}},{"type":"Feature","properties":{"id":"toll_plaza:osm:node/2143498593","field":"national_highways","kind":"toll_plaza","name":null,"ref":null,"status":"operational","opened_on":null,"expected_completion":null,"agency":null,"source":"osm","confidence":0.9},"geometry":{"type":"Point","coordinates":[73.1659,19.3613]}},{"type":"Feature","properties":{"id":"toll_plaza:osm:node/2163741765","field":"national_highways","kind":"toll_plaza","name":null,"ref":null,"status":"operational","opened_on":null,"expected_completion":null,"agency":null,"source":"osm","confidence":0.9},"geometry":{"type":"Point","coordinates":[88.3165,22.5645]}},{"type":"Feature","properties":{"id":"toll_plaza:osm:node/2188495337","field":"national_highways","kind":"toll_plaza","name":null,"ref":null,"status":"operational","opened_on":null,"expected_completion":null,"agency":null,"source":"osm","confidence":0.9},"geometry":{"type":"Point","coordinates":[78.3756,17.3238]}},{"type":"Feature","properties":{"id":"toll_plaza:osm:node/2188495338","field":"national_highways","kind":"toll_plaza","name":null,"ref":null,"status":"operational","opened_on":null,"expected_completion":null,"agency":null,"source":"osm","confidence":0.9},"geometry":{"type":"Point","coordinates":[78.3751,17.3235]}},{"type":"Feature","properties":{"id":"toll_plaza:osm:node/2239095869","field":"national_highways","kind":"toll_plaza","name":null,"ref":null,"status":"operational","opened_on":null,"expected_completion":null,"agency":null,"source":"osm","confidence":0.9},"geometry":{"type":"Point","coordinates":[78.8752,25.6367]}},{"type":"Feature","properties":{"id":"toll_plaza:osm:node/2239294042","field":"national_highways","kind":"toll_plaza","name":null,"ref":null,"status":"operational","opened_on":null,"expected_completion":null,"agency":null,"source":"osm","confidence":0.9},"geometry":{"type":"Point","coordinates":[82.9251,23.1952]}},{"type":"Feature","properties":{"id":"toll_plaza:osm:node/2249202040","field":"national_highways","kind":"toll_plaza","name":"Toll Naka","ref":null,"status":"operational","opened_on":null,"expected_completion":null,"agency":null,"source":"osm","confidence":0.9},"geometry":{"type":"Point","coordinates":[72.8711,19.2571]}},{"type":"Feature","properties":{"id":"toll_plaza:osm:node/2266982872","field":"national_highways","kind":"toll_plaza","name":null,"ref":null,"status":"operational","opened_on":null,"expected_completion":null,"agency":null,"source":"osm","confidence":0.9},"geometry":{"type":"Point","coordinates":[77.7884,20.9511]}},{"type":"Feature","properties":{"id":"toll_plaza:osm:node/2267031668","field":"national_highways","kind":"toll_plaza","name":null,"ref":null,"status":"operational","opened_on":null,"expected_completion":null,"agency":null,"source":"osm","confidence":0.9},"geometry":{"type":"Point","coordinates":[78.3881,21.1575]}},{"type":"Feature","properties":{"id":"toll_plaza:osm:node/2267031676","field":"national_highways","kind":"toll_plaza","name":null,"ref":null,"status":"operational","opened_on":null,"expected_completion":null,"agency":null,"source":"osm","confidence":0.9},"geometry":{"type":"Point","coordinates":[78.388,21.1577]}},{"type":"Feature","properties":{"id":"toll_plaza:osm:node/2267136077","field":"national_highways","kind":"toll_plaza","name":null,"ref":null,"status":"operational","opened_on":null,"expected_completion":null,"agency":null,"source":"osm","confidence":0.9},"geometry":{"type":"Point","coordinates":[78.8965,21.1369]}},{"type":"Feature","properties":{"id":"toll_plaza:osm:node/2267136103","field":"national_highways","kind":"toll_plaza","name":null,"ref":null,"status":"operational","opened_on":null,"expected_completion":null,"agency":null,"source":"osm","confidence":0.9},"geometry":{"type":"Point","coordinates":[78.8965,21.1371]}},{"type":"Feature","properties":{"id":"toll_plaza:osm:node/2267325936","field":"national_highways","kind":"toll_plaza","name":null,"ref":null,"status":"operational","opened_on":null,"expected_completion":null,"agency":null,"source":"osm","confidence":0.9},"geometry":{"type":"Point","coordinates":[80.0341,21.0882]}},{"type":"Feature","properties":{"id":"toll_plaza:osm:node/2267325944","field":"national_highways","kind":"toll_plaza","name":null,"ref":null,"status":"operational","opened_on":null,"expected_completion":null,"agency":null,"source":"osm","confidence":0.9},"geometry":{"type":"Point","coordinates":[80.0341,21.0883]}},{"type":"Feature","properties":{"id":"toll_plaza:osm:node/2267472878","field":"national_highways","kind":"toll_plaza","name":null,"ref":null,"status":"operational","opened_on":null,"expected_completion":null,"agency":null,"source":"osm","confidence":0.9},"geometry":{"type":"Point","coordinates":[81.3368,21.2046]}},{"type":"Feature","properties":{"id":"toll_plaza:osm:node/2284509560","field":"national_highways","kind":"toll_plaza","name":null,"ref":null,"status":"operational","opened_on":null,"expected_completion":null,"agency":null,"source":"osm","confidence":0.9},"geometry":{"type":"Point","coordinates":[77.3179,17.7457]}},{"type":"Feature","properties":{"id":"toll_plaza:osm:node/2284745486","field":"national_highways","kind":"toll_plaza","name":null,"ref":null,"status":"operational","opened_on":null,"expected_completion":null,"agency":null,"source":"osm","confidence":0.9},"geometry":{"type":"Point","coordinates":[75.7559,17.7648]}},{"type":"Feature","properties":{"id":"toll_plaza:osm:node/2287839681","field":"national_highways","kind":"toll_plaza","name":null,"ref":null,"status":"operational","opened_on":null,"expected_completion":null,"agency":null,"source":"osm","confidence":0.9},"geometry":{"type":"Point","coordinates":[75.7281,14.5569]}},{"type":"Feature","properties":{"id":"toll_plaza:osm:node/2288074050","field":"national_highways","kind":"toll_plaza","name":null,"ref":null,"status":"operational","opened_on":null,"expected_completion":null,"agency":null,"source":"osm","confidence":0.9},"geometry":{"type":"Point","coordinates":[76.5604,14.0537]}},{"type":"Feature","properties":{"id":"toll_plaza:osm:node/2288179161","field":"national_highways","kind":"toll_plaza","name":"NHAI Karjeevanhalli Toll Plaza","ref":null,"status":"operational","opened_on":null,"expected_completion":null,"agency":null,"source":"osm","confidence":0.9},"geometry":{"type":"Point","coordinates":[76.9542,13.6121]}},{"type":"Feature","properties":{"id":"toll_plaza:osm:node/2288701043","field":"national_highways","kind":"toll_plaza","name":null,"ref":null,"status":"operational","opened_on":null,"expected_completion":null,"agency":null,"source":"osm","confidence":0.9},"geometry":{"type":"Point","coordinates":[78.2906,13.1487]}},{"type":"Feature","properties":{"id":"toll_plaza:osm:node/2288704055","field":"national_highways","kind":"toll_plaza","name":"Walajapet Toll","ref":null,"status":"operational","opened_on":null,"expected_completion":null,"agency":null,"source":"osm","confidence":0.9},"geometry":{"type":"Point","coordinates":[79.4011,12.9108]}},{"type":"Feature","properties":{"id":"toll_plaza:osm:node/2288704056","field":"national_highways","kind":"toll_plaza","name":"Walajapet Toll","ref":null,"status":"operational","opened_on":null,"expected_completion":null,"agency":null,"source":"osm","confidence":0.9},"geometry":{"type":"Point","coordinates":[79.4012,12.9111]}},{"type":"Feature","properties":{"id":"toll_plaza:osm:node/2299500168","field":"national_highways","kind":"toll_plaza","name":null,"ref":null,"status":"operational","opened_on":null,"expected_completion":null,"agency":null,"source":"osm","confidence":0.9},"geometry":{"type":"Point","coordinates":[74.9822,19.5555]}},{"type":"Feature","properties":{"id":"toll_plaza:osm:node/2299500451","field":"national_highways","kind":"toll_plaza","name":null,"ref":null,"status":"operational","opened_on":null,"expected_completion":null,"agency":null,"source":"osm","confidence":0.9},"geometry":{"type":"Point","coordinates":[75.1946,19.7797]}},{"type":"Feature","properties":{"id":"toll_plaza:osm:node/2313656975","field":"national_highways","kind":"toll_plaza","name":null,"ref":null,"status":"operational","opened_on":null,"expected_completion":null,"agency":null,"source":"osm","confidence":0.9},"geometry":{"type":"Point","coordinates":[73.3032,23.5051]}},{"type":"Feature","properties":{"id":"toll_plaza:osm:node/2313656977","field":"national_highways","kind":"toll_plaza","name":null,"ref":null,"status":"operational","opened_on":null,"expected_completion":null,"agency":null,"source":"osm","confidence":0.9},"geometry":{"type":"Point","coordinates":[73.3036,23.5052]}},{"type":"Feature","properties":{"id":"toll_plaza:osm:node/2376121392","field":"national_highways","kind":"toll_plaza","name":null,"ref":null,"status":"operational","opened_on":null,"expected_completion":null,"agency":null,"source":"osm","confidence":0.9},"geometry":{"type":"Point","coordinates":[75.7663,18.2755]}},{"type":"Feature","properties":{"id":"toll_plaza:osm:node/2382058621","field":"national_highways","kind":"toll_plaza","name":"Bhildi","ref":null,"status":"operational","opened_on":null,"expected_completion":null,"agency":null,"source":"osm","confidence":0.9},"geometry":{"type":"Point","coordinates":[71.9772,24.1438]}},{"type":"Feature","properties":{"id":"toll_plaza:osm:node/2382058622","field":"national_highways","kind":"toll_plaza","name":"Bhildi","ref":null,"status":"operational","opened_on":null,"expected_completion":null,"agency":null,"source":"osm","confidence":0.9},"geometry":{"type":"Point","coordinates":[71.9771,24.1439]}},{"type":"Feature","properties":{"id":"toll_plaza:osm:node/2405218635","field":"national_highways","kind":"toll_plaza","name":null,"ref":null,"status":"operational","opened_on":null,"expected_completion":null,"agency":null,"source":"osm","confidence":0.9},"geometry":{"type":"Point","coordinates":[87.8524,22.0783]}},{"type":"Feature","properties":{"id":"toll_plaza:osm:node/2405412250","field":"national_highways","kind":"toll_plaza","name":"Mandawnagar","ref":null,"status":"operational","opened_on":null,"expected_completion":null,"agency":null,"source":"osm","confidence":0.9},"geometry":{"type":"Point","coordinates":[82.7315,26.8107]}},{"type":"Feature","properties":{"id":"toll_plaza:osm:node/2405412252","field":"national_highways","kind":"toll_plaza","name":"Mandawnagar","ref":null,"status":"operational","opened_on":null,"expected_completion":null,"agency":null,"source":"osm","confidence":0.9},"geometry":{"type":"Point","coordinates":[82.7314,26.8108]}},{"type":"Feature","properties":{"id":"toll_plaza:osm:node/2470788465","field":"national_highways","kind":"toll_plaza","name":null,"ref":null,"status":"operational","opened_on":null,"expected_completion":null,"agency":null,"source":"osm","confidence":0.9},"geometry":{"type":"Point","coordinates":[82.3393,26.0542]}},{"type":"Feature","properties":{"id":"toll_plaza:osm:node/2513649048","field":"national_highways","kind":"toll_plaza","name":null,"ref":null,"status":"operational","opened_on":null,"expected_completion":null,"agency":null,"source":"osm","confidence":0.9},"geometry":{"type":"Point","coordinates":[80.0741,14.267]}},{"type":"Feature","properties":{"id":"toll_plaza:osm:node/2535494878","field":"national_highways","kind":"toll_plaza","name":null,"ref":null,"status":"operational","opened_on":null,"expected_completion":null,"agency":null,"source":"osm","confidence":0.9},"geometry":{"type":"Point","coordinates":[76.7704,12.9628]}},{"type":"Feature","properties":{"id":"toll_plaza:osm:node/256215709","field":"national_highways","kind":"toll_plaza","name":"Nemili","ref":null,"status":"operational","opened_on":null,"expected_completion":null,"agency":null,"source":"osm","confidence":0.9},"geometry":{"type":"Point","coordinates":[79.9692,12.9818]}},{"type":"Feature","properties":{"id":"toll_plaza:osm:node/308449884","field":"national_highways","kind":"toll_plaza","name":null,"ref":null,"status":"operational","opened_on":null,"expected_completion":null,"agency":null,"source":"osm","confidence":0.9},"geometry":{"type":"Point","coordinates":[77.0732,11.0128]}},{"type":"Feature","properties":{"id":"toll_plaza:osm:node/308453172","field":"national_highways","kind":"toll_plaza","name":null,"ref":null,"status":"operational","opened_on":null,"expected_completion":null,"agency":null,"source":"osm","confidence":0.9},"geometry":{"type":"Point","coordinates":[76.9893,10.9212]}},{"type":"Feature","properties":{"id":"toll_plaza:osm:node/308453173","field":"national_highways","kind":"toll_plaza","name":null,"ref":null,"status":"operational","opened_on":null,"expected_completion":null,"agency":null,"source":"osm","confidence":0.9},"geometry":{"type":"Point","coordinates":[77.0691,11.0049]}},{"type":"Feature","properties":{"id":"toll_plaza:osm:node/323157821","field":"national_highways","kind":"toll_plaza","name":null,"ref":null,"status":"operational","opened_on":null,"expected_completion":null,"agency":null,"source":"osm","confidence":0.9},"geometry":{"type":"Point","coordinates":[72.3489,23.0063]}},{"type":"Feature","properties":{"id":"toll_plaza:osm:node/353119704","field":"national_highways","kind":"toll_plaza","name":null,"ref":null,"status":"operational","opened_on":null,"expected_completion":null,"agency":null,"source":"osm","confidence":0.9},"geometry":{"type":"Point","coordinates":[71.9509,27.026]}},{"type":"Feature","properties":{"id":"toll_plaza:osm:node/559380390","field":"national_highways","kind":"toll_plaza","name":null,"ref":null,"status":"operational","opened_on":null,"expected_completion":null,"agency":null,"source":"osm","confidence":0.9},"geometry":{"type":"Point","coordinates":[76.7255,30.41]}},{"type":"Feature","properties":{"id":"toll_plaza:osm:node/778608571","field":"national_highways","kind":"toll_plaza","name":null,"ref":null,"status":"operational","opened_on":null,"expected_completion":null,"agency":null,"source":"osm","confidence":0.9},"geometry":{"type":"Point","coordinates":[72.6639,22.9838]}},{"type":"Feature","properties":{"id":"toll_plaza:osm:node/1119157387","field":"national_highways","kind":"toll_plaza","name":null,"ref":null,"status":"operational","opened_on":null,"expected_completion":null,"agency":null,"source":"osm","confidence":0.9},"geometry":{"type":"Point","coordinates":[75.8292,21.04]}},{"type":"Feature","properties":{"id":"toll_plaza:osm:node/1194204759","field":"national_highways","kind":"toll_plaza","name":null,"ref":null,"status":"operational","opened_on":null,"expected_completion":null,"agency":null,"source":"osm","confidence":0.9},"geometry":{"type":"Point","coordinates":[80.0707,15.8866]}},{"type":"Feature","properties":{"id":"toll_plaza:osm:node/1194206478","field":"national_highways","kind":"toll_plaza","name":null,"ref":null,"status":"operational","opened_on":null,"expected_completion":null,"agency":null,"source":"osm","confidence":0.9},"geometry":{"type":"Point","coordinates":[80.0399,15.3583]}},{"type":"Feature","properties":{"id":"toll_plaza:osm:node/1207420822","field":"national_highways","kind":"toll_plaza","name":null,"ref":null,"status":"operational","opened_on":null,"expected_completion":null,"agency":null,"source":"osm","confidence":0.9},"geometry":{"type":"Point","coordinates":[78.77,28.7861]}},{"type":"Feature","properties":{"id":"toll_plaza:osm:node/1207752792","field":"national_highways","kind":"toll_plaza","name":"Civic Toll","ref":null,"status":"operational","opened_on":null,"expected_completion":null,"agency":null,"source":"osm","confidence":0.9},"geometry":{"type":"Point","coordinates":[77.5492,8.0926]}},{"type":"Feature","properties":{"id":"toll_plaza:osm:node/1269903024","field":"national_highways","kind":"toll_plaza","name":"Anantram","ref":null,"status":"operational","opened_on":null,"expected_completion":null,"agency":null,"source":"osm","confidence":0.9},"geometry":{"type":"Point","coordinates":[79.2683,26.595]}},{"type":"Feature","properties":{"id":"toll_plaza:osm:node/1269905344","field":"national_highways","kind":"toll_plaza","name":"Anantram","ref":null,"status":"operational","opened_on":null,"expected_completion":null,"agency":null,"source":"osm","confidence":0.9},"geometry":{"type":"Point","coordinates":[79.268,26.5948]}},{"type":"Feature","properties":{"id":"toll_plaza:osm:node/1327291770","field":"national_highways","kind":"toll_plaza","name":"Banskopa Toll Plaza","ref":null,"status":"operational","opened_on":null,"expected_completion":null,"agency":null,"source":"osm","confidence":0.9},"geometry":{"type":"Point","coordinates":[87.3765,23.4911]}},{"type":"Feature","properties":{"id":"toll_plaza:osm:node/1327291772","field":"national_highways","kind":"toll_plaza","name":"Banskopa Toll Plaza","ref":null,"status":"operational","opened_on":null,"expected_completion":null,"agency":null,"source":"osm","confidence":0.9},"geometry":{"type":"Point","coordinates":[87.3766,23.4912]}},{"type":"Feature","properties":{"id":"toll_plaza:osm:node/1508878126","field":"national_highways","kind":"toll_plaza","name":"Ramnagar","ref":null,"status":"operational","opened_on":null,"expected_completion":null,"agency":null,"source":"osm","confidence":0.9},"geometry":{"type":"Point","coordinates":[77.6144,25.2789]}},{"type":"Feature","properties":{"id":"toll_plaza:osm:node/1508878132","field":"national_highways","kind":"toll_plaza","name":"Ramnagar","ref":null,"status":"operational","opened_on":null,"expected_completion":null,"agency":null,"source":"osm","confidence":0.9},"geometry":{"type":"Point","coordinates":[77.6144,25.279]}},{"type":"Feature","properties":{"id":"toll_plaza:osm:node/1568095068","field":"national_highways","kind":"toll_plaza","name":null,"ref":null,"status":"operational","opened_on":null,"expected_completion":null,"agency":null,"source":"osm","confidence":0.9},"geometry":{"type":"Point","coordinates":[70.9556,22.648]}},{"type":"Feature","properties":{"id":"toll_plaza:osm:node/1645663508","field":"national_highways","kind":"toll_plaza","name":"Kharpada Toll Naka","ref":null,"status":"operational","opened_on":null,"expected_completion":null,"agency":null,"source":"osm","confidence":0.9},"geometry":{"type":"Point","coordinates":[73.0945,18.845]}},{"type":"Feature","properties":{"id":"toll_plaza:osm:node/1656029184","field":"national_highways","kind":"toll_plaza","name":null,"ref":null,"status":"operational","opened_on":null,"expected_completion":null,"agency":null,"source":"osm","confidence":0.9},"geometry":{"type":"Point","coordinates":[72.8067,24.8387]}},{"type":"Feature","properties":{"id":"toll_plaza:osm:node/1719192088","field":"national_highways","kind":"toll_plaza","name":null,"ref":null,"status":"operational","opened_on":null,"expected_completion":null,"agency":null,"source":"osm","confidence":0.9},"geometry":{"type":"Point","coordinates":[77.4728,12.99]}},{"type":"Feature","properties":{"id":"toll_plaza:osm:node/1719192218","field":"national_highways","kind":"toll_plaza","name":null,"ref":null,"status":"operational","opened_on":null,"expected_completion":null,"agency":null,"source":"osm","confidence":0.9},"geometry":{"type":"Point","coordinates":[77.4721,12.9902]}},{"type":"Feature","properties":{"id":"toll_plaza:osm:node/1725691286","field":"national_highways","kind":"toll_plaza","name":null,"ref":null,"status":"operational","opened_on":null,"expected_completion":null,"agency":null,"source":"osm","confidence":0.9},"geometry":{"type":"Point","coordinates":[77.6675,12.8455]}},{"type":"Feature","properties":{"id":"toll_plaza:osm:node/1742970364","field":"national_highways","kind":"toll_plaza","name":null,"ref":null,"status":"operational","opened_on":null,"expected_completion":null,"agency":null,"source":"osm","confidence":0.9},"geometry":{"type":"Point","coordinates":[76.2231,28.8048]}},{"type":"Feature","properties":{"id":"toll_plaza:osm:node/1757138320","field":"national_highways","kind":"toll_plaza","name":null,"ref":null,"status":"operational","opened_on":null,"expected_completion":null,"agency":null,"source":"osm","confidence":0.9},"geometry":{"type":"Point","coordinates":[79.7883,11.9832]}},{"type":"Feature","properties":{"id":"toll_plaza:osm:node/1804139887","field":"national_highways","kind":"toll_plaza","name":null,"ref":null,"status":"operational","opened_on":null,"expected_completion":null,"agency":null,"source":"osm","confidence":0.9},"geometry":{"type":"Point","coordinates":[76.9454,30.5856]}},{"type":"Feature","properties":{"id":"toll_plaza:osm:node/1815927173","field":"national_highways","kind":"toll_plaza","name":"Srinagar - Kanyakumari Highway","ref":null,"status":"operational","opened_on":null,"expected_completion":null,"agency":null,"source":"osm","confidence":0.9},"geometry":{"type":"Point","coordinates":[77.3329,28.0069]}},{"type":"Feature","properties":{"id":"toll_plaza:osm:node/1815928383","field":"national_highways","kind":"toll_plaza","name":"Rohad","ref":null,"status":"operational","opened_on":null,"expected_completion":null,"agency":null,"source":"osm","confidence":0.9},"geometry":{"type":"Point","coordinates":[77.3055,28.4748]}},{"type":"Feature","properties":{"id":"toll_plaza:osm:node/1815928415","field":"national_highways","kind":"toll_plaza","name":"Rohad","ref":null,"status":"operational","opened_on":null,"expected_completion":null,"agency":null,"source":"osm","confidence":0.9},"geometry":{"type":"Point","coordinates":[77.3056,28.4763]}},{"type":"Feature","properties":{"id":"toll_plaza:osm:node/1855478562","field":"national_highways","kind":"toll_plaza","name":null,"ref":null,"status":"operational","opened_on":null,"expected_completion":null,"agency":null,"source":"osm","confidence":0.9},"geometry":{"type":"Point","coordinates":[72.4235,22.5066]}},{"type":"Feature","properties":{"id":"toll_plaza:osm:node/1863934716","field":"national_highways","kind":"toll_plaza","name":null,"ref":null,"status":"operational","opened_on":null,"expected_completion":null,"agency":null,"source":"osm","confidence":0.9},"geometry":{"type":"Point","coordinates":[73.7607,24.7998]}},{"type":"Feature","properties":{"id":"toll_plaza:osm:node/1875945306","field":"national_highways","kind":"toll_plaza","name":null,"ref":null,"status":"operational","opened_on":null,"expected_completion":null,"agency":null,"source":"osm","confidence":0.9},"geometry":{"type":"Point","coordinates":[72.741,22.7161]}},{"type":"Feature","properties":{"id":"toll_plaza:osm:node/1875974969","field":"national_highways","kind":"toll_plaza","name":null,"ref":null,"status":"operational","opened_on":null,"expected_completion":null,"agency":null,"source":"osm","confidence":0.9},"geometry":{"type":"Point","coordinates":[72.741,22.7162]}},{"type":"Feature","properties":{"id":"toll_plaza:osm:node/2034274892","field":"national_highways","kind":"toll_plaza","name":null,"ref":null,"status":"operational","opened_on":null,"expected_completion":null,"agency":null,"source":"osm","confidence":0.9},"geometry":{"type":"Point","coordinates":[77.3747,13.1148]}},{"type":"Feature","properties":{"id":"toll_plaza:osm:node/2093316389","field":"national_highways","kind":"toll_plaza","name":"Bagepalli","ref":null,"status":"operational","opened_on":null,"expected_completion":null,"agency":null,"source":"osm","confidence":0.9},"geometry":{"type":"Point","coordinates":[77.7643,13.7929]}},{"type":"Feature","properties":{"id":"toll_plaza:osm:node/2093321044","field":"national_highways","kind":"toll_plaza","name":"Kasepalli","ref":null,"status":"operational","opened_on":null,"expected_completion":null,"agency":null,"source":"osm","confidence":0.9},"geometry":{"type":"Point","coordinates":[77.6303,15.0617]}},{"type":"Feature","properties":{"id":"toll_plaza:osm:node/2153110285","field":"national_highways","kind":"toll_plaza","name":"Khalghat -MP/Maharashtra Border(Sendhwa, Jamli)","ref":null,"status":"operational","opened_on":null,"expected_completion":null,"agency":null,"source":"osm","confidence":0.9},"geometry":{"type":"Point","coordinates":[75.1566,21.7563]}},{"type":"Feature","properties":{"id":"toll_plaza:osm:node/2153110288","field":"national_highways","kind":"toll_plaza","name":"Khalghat -MP/Maharashtra Border(Sendhwa, Jamli)","ref":null,"status":"operational","opened_on":null,"expected_completion":null,"agency":null,"source":"osm","confidence":0.9},"geometry":{"type":"Point","coordinates":[75.1564,21.7564]}},{"type":"Feature","properties":{"id":"toll_plaza:osm:node/2242778613","field":"national_highways","kind":"toll_plaza","name":"Raikal","ref":null,"status":"operational","opened_on":null,"expected_completion":null,"agency":null,"source":"osm","confidence":0.9},"geometry":{"type":"Point","coordinates":[78.1945,17.0065]}},{"type":"Feature","properties":{"id":"toll_plaza:osm:node/2242778614","field":"national_highways","kind":"toll_plaza","name":"Raikal","ref":null,"status":"operational","opened_on":null,"expected_completion":null,"agency":null,"source":"osm","confidence":0.9},"geometry":{"type":"Point","coordinates":[78.1948,17.0065]}},{"type":"Feature","properties":{"id":"toll_plaza:osm:node/2268151924","field":"national_highways","kind":"toll_plaza","name":null,"ref":null,"status":"operational","opened_on":null,"expected_completion":null,"agency":null,"source":"osm","confidence":0.9},"geometry":{"type":"Point","coordinates":[74.2535,18.7595]}},{"type":"Feature","properties":{"id":"toll_plaza:osm:node/2286558200","field":"national_highways","kind":"toll_plaza","name":null,"ref":null,"status":"operational","opened_on":null,"expected_completion":null,"agency":null,"source":"osm","confidence":0.9},"geometry":{"type":"Point","coordinates":[74.5171,16.1433]}},{"type":"Feature","properties":{"id":"toll_plaza:osm:node/2286558201","field":"national_highways","kind":"toll_plaza","name":null,"ref":null,"status":"operational","opened_on":null,"expected_completion":null,"agency":null,"source":"osm","confidence":0.9},"geometry":{"type":"Point","coordinates":[74.5168,16.1434]}},{"type":"Feature","properties":{"id":"toll_plaza:osm:node/2347573688","field":"national_highways","kind":"toll_plaza","name":null,"ref":null,"status":"operational","opened_on":null,"expected_completion":null,"agency":null,"source":"osm","confidence":0.9},"geometry":{"type":"Point","coordinates":[72.1793,22.6307]}},{"type":"Feature","properties":{"id":"toll_plaza:osm:node/2347573691","field":"national_highways","kind":"toll_plaza","name":null,"ref":null,"status":"operational","opened_on":null,"expected_completion":null,"agency":null,"source":"osm","confidence":0.9},"geometry":{"type":"Point","coordinates":[72.1792,22.6308]}},{"type":"Feature","properties":{"id":"toll_plaza:osm:node/2457608766","field":"national_highways","kind":"toll_plaza","name":"Paliyekkara Toll, National Highway 47","ref":null,"status":"operational","opened_on":null,"expected_completion":null,"agency":null,"source":"osm","confidence":0.9},"geometry":{"type":"Point","coordinates":[76.2602,10.4429]}},{"type":"Feature","properties":{"id":"toll_plaza:osm:node/2457608767","field":"national_highways","kind":"toll_plaza","name":"Paliyekkara Toll, National Highway 47","ref":null,"status":"operational","opened_on":null,"expected_completion":null,"agency":null,"source":"osm","confidence":0.9},"geometry":{"type":"Point","coordinates":[76.26,10.4428]}},{"type":"Feature","properties":{"id":"toll_plaza:osm:node/2483369189","field":"national_highways","kind":"toll_plaza","name":null,"ref":null,"status":"operational","opened_on":null,"expected_completion":null,"agency":null,"source":"osm","confidence":0.9},"geometry":{"type":"Point","coordinates":[81.9053,21.2029]}},{"type":"Feature","properties":{"id":"toll_plaza:osm:node/2483369212","field":"national_highways","kind":"toll_plaza","name":null,"ref":null,"status":"operational","opened_on":null,"expected_completion":null,"agency":null,"source":"osm","confidence":0.9},"geometry":{"type":"Point","coordinates":[81.9053,21.2031]}},{"type":"Feature","properties":{"id":"toll_plaza:osm:node/2483558596","field":"national_highways","kind":"toll_plaza","name":null,"ref":null,"status":"operational","opened_on":null,"expected_completion":null,"agency":null,"source":"osm","confidence":0.9},"geometry":{"type":"Point","coordinates":[81.1224,21.1178]}},{"type":"Feature","properties":{"id":"toll_plaza:osm:node/2483558598","field":"national_highways","kind":"toll_plaza","name":null,"ref":null,"status":"operational","opened_on":null,"expected_completion":null,"agency":null,"source":"osm","confidence":0.9},"geometry":{"type":"Point","coordinates":[81.1223,21.118]}},{"type":"Feature","properties":{"id":"toll_plaza:osm:node/2502506608","field":"national_highways","kind":"toll_plaza","name":null,"ref":null,"status":"operational","opened_on":null,"expected_completion":null,"agency":null,"source":"osm","confidence":0.9},"geometry":{"type":"Point","coordinates":[74.5656,16.8011]}},{"type":"Feature","properties":{"id":"toll_plaza:osm:node/2517281262","field":"national_highways","kind":"toll_plaza","name":"Madurai Toll","ref":null,"status":"operational","opened_on":null,"expected_completion":null,"agency":null,"source":"osm","confidence":0.9},"geometry":{"type":"Point","coordinates":[78.1385,9.8812]}},{"type":"Feature","properties":{"id":"toll_plaza:osm:node/2554127530","field":"national_highways","kind":"toll_plaza","name":null,"ref":null,"status":"operational","opened_on":null,"expected_completion":null,"agency":null,"source":"osm","confidence":0.9},"geometry":{"type":"Point","coordinates":[75.1076,30.735]}},{"type":"Feature","properties":{"id":"toll_plaza:osm:node/2606203296","field":"national_highways","kind":"toll_plaza","name":"Toll Plaza Kumbalam","ref":null,"status":"operational","opened_on":null,"expected_completion":null,"agency":null,"source":"osm","confidence":0.9},"geometry":{"type":"Point","coordinates":[76.3135,9.8953]}},{"type":"Feature","properties":{"id":"toll_plaza:osm:node/2635662902","field":"national_highways","kind":"toll_plaza","name":"Dhilwan","ref":null,"status":"operational","opened_on":null,"expected_completion":null,"agency":null,"source":"osm","confidence":0.9},"geometry":{"type":"Point","coordinates":[75.323,31.4994]}},{"type":"Feature","properties":{"id":"toll_plaza:osm:node/3267141657","field":"national_highways","kind":"toll_plaza","name":null,"ref":null,"status":"operational","opened_on":null,"expected_completion":null,"agency":null,"source":"osm","confidence":0.9},"geometry":{"type":"Point","coordinates":[78.39,21.6936]}},{"type":"Feature","properties":{"id":"toll_plaza:osm:node/9247935932","field":"national_highways","kind":"toll_plaza","name":null,"ref":null,"status":"operational","opened_on":null,"expected_completion":null,"agency":null,"source":"osm","confidence":0.9},"geometry":{"type":"Point","coordinates":[78.825,10.739]}},{"type":"Feature","properties":{"id":"toll_plaza:osm:node/9416097633","field":"national_highways","kind":"toll_plaza","name":null,"ref":null,"status":"operational","opened_on":null,"expected_completion":null,"agency":null,"source":"osm","confidence":0.9},"geometry":{"type":"Point","coordinates":[79.6734,23.3019]}},{"type":"Feature","properties":{"id":"toll_plaza:osm:node/9416193853","field":"national_highways","kind":"toll_plaza","name":null,"ref":null,"status":"operational","opened_on":null,"expected_completion":null,"agency":null,"source":"osm","confidence":0.9},"geometry":{"type":"Point","coordinates":[79.9074,23.047]}},{"type":"Feature","properties":{"id":"toll_plaza:osm:node/9416295048","field":"national_highways","kind":"toll_plaza","name":null,"ref":null,"status":"operational","opened_on":null,"expected_completion":null,"agency":null,"source":"osm","confidence":0.9},"geometry":{"type":"Point","coordinates":[80.1631,26.0698]}},{"type":"Feature","properties":{"id":"toll_plaza:osm:node/9426266426","field":"national_highways","kind":"toll_plaza","name":null,"ref":null,"status":"operational","opened_on":null,"expected_completion":null,"agency":null,"source":"osm","confidence":0.9},"geometry":{"type":"Point","coordinates":[76.9098,23.8797]}},{"type":"Feature","properties":{"id":"toll_plaza:osm:node/9426266539","field":"national_highways","kind":"toll_plaza","name":null,"ref":null,"status":"operational","opened_on":null,"expected_completion":null,"agency":null,"source":"osm","confidence":0.9},"geometry":{"type":"Point","coordinates":[76.9099,23.8798]}},{"type":"Feature","properties":{"id":"toll_plaza:osm:node/9428818001","field":"national_highways","kind":"toll_plaza","name":null,"ref":null,"status":"operational","opened_on":null,"expected_completion":null,"agency":null,"source":"osm","confidence":0.9},"geometry":{"type":"Point","coordinates":[76.0641,27.2423]}},{"type":"Feature","properties":{"id":"toll_plaza:osm:node/9430225797","field":"national_highways","kind":"toll_plaza","name":null,"ref":null,"status":"operational","opened_on":null,"expected_completion":null,"agency":null,"source":"osm","confidence":0.9},"geometry":{"type":"Point","coordinates":[76.357,15.0573]}},{"type":"Feature","properties":{"id":"toll_plaza:osm:node/9430225798","field":"national_highways","kind":"toll_plaza","name":null,"ref":null,"status":"operational","opened_on":null,"expected_completion":null,"agency":null,"source":"osm","confidence":0.9},"geometry":{"type":"Point","coordinates":[76.3568,15.0573]}},{"type":"Feature","properties":{"id":"toll_plaza:osm:node/9430957562","field":"national_highways","kind":"toll_plaza","name":null,"ref":null,"status":"operational","opened_on":null,"expected_completion":null,"agency":null,"source":"osm","confidence":0.9},"geometry":{"type":"Point","coordinates":[77.2455,16.7143]}},{"type":"Feature","properties":{"id":"toll_plaza:osm:node/9441843898","field":"national_highways","kind":"toll_plaza","name":null,"ref":null,"status":"operational","opened_on":null,"expected_completion":null,"agency":null,"source":"osm","confidence":0.9},"geometry":{"type":"Point","coordinates":[79.4592,15.2253]}},{"type":"Feature","properties":{"id":"toll_plaza:osm:node/9772574474","field":"national_highways","kind":"toll_plaza","name":null,"ref":null,"status":"operational","opened_on":null,"expected_completion":null,"agency":null,"source":"osm","confidence":0.9},"geometry":{"type":"Point","coordinates":[76.953,28.9222]}},{"type":"Feature","properties":{"id":"toll_plaza:osm:node/10130905488","field":"national_highways","kind":"toll_plaza","name":"Paliyekkara Toll, National Highway 47","ref":null,"status":"operational","opened_on":null,"expected_completion":null,"agency":null,"source":"osm","confidence":0.9},"geometry":{"type":"Point","coordinates":[76.2603,10.443]}},{"type":"Feature","properties":{"id":"toll_plaza:osm:node/10130905489","field":"national_highways","kind":"toll_plaza","name":"Paliyekkara Toll, National Highway 47","ref":null,"status":"operational","opened_on":null,"expected_completion":null,"agency":null,"source":"osm","confidence":0.9},"geometry":{"type":"Point","coordinates":[76.2602,10.4429]}},{"type":"Feature","properties":{"id":"toll_plaza:osm:node/10130905490","field":"national_highways","kind":"toll_plaza","name":"Paliyekkara Toll, National Highway 47","ref":null,"status":"operational","opened_on":null,"expected_completion":null,"agency":null,"source":"osm","confidence":0.9},"geometry":{"type":"Point","coordinates":[76.2601,10.4429]}},{"type":"Feature","properties":{"id":"toll_plaza:osm:node/10130905491","field":"national_highways","kind":"toll_plaza","name":"Paliyekkara Toll, National Highway 47","ref":null,"status":"operational","opened_on":null,"expected_completion":null,"agency":null,"source":"osm","confidence":0.9},"geometry":{"type":"Point","coordinates":[76.26,10.4428]}},{"type":"Feature","properties":{"id":"toll_plaza:osm:node/10130949036","field":"national_highways","kind":"toll_plaza","name":null,"ref":null,"status":"operational","opened_on":null,"expected_completion":null,"agency":null,"source":"osm","confidence":0.9},"geometry":{"type":"Point","coordinates":[76.4587,10.5909]}},{"type":"Feature","properties":{"id":"toll_plaza:osm:node/10130949037","field":"national_highways","kind":"toll_plaza","name":null,"ref":null,"status":"operational","opened_on":null,"expected_completion":null,"agency":null,"source":"osm","confidence":0.9},"geometry":{"type":"Point","coordinates":[76.4586,10.591]}},{"type":"Feature","properties":{"id":"toll_plaza:osm:node/10130949038","field":"national_highways","kind":"toll_plaza","name":null,"ref":null,"status":"operational","opened_on":null,"expected_completion":null,"agency":null,"source":"osm","confidence":0.9},"geometry":{"type":"Point","coordinates":[76.4586,10.5911]}},{"type":"Feature","properties":{"id":"toll_plaza:osm:node/10130949039","field":"national_highways","kind":"toll_plaza","name":null,"ref":null,"status":"operational","opened_on":null,"expected_completion":null,"agency":null,"source":"osm","confidence":0.9},"geometry":{"type":"Point","coordinates":[76.4585,10.5912]}},{"type":"Feature","properties":{"id":"toll_plaza:osm:node/10130949040","field":"national_highways","kind":"toll_plaza","name":null,"ref":null,"status":"operational","opened_on":null,"expected_completion":null,"agency":null,"source":"osm","confidence":0.9},"geometry":{"type":"Point","coordinates":[76.4585,10.5913]}},{"type":"Feature","properties":{"id":"toll_plaza:osm:node/10130949041","field":"national_highways","kind":"toll_plaza","name":null,"ref":null,"status":"operational","opened_on":null,"expected_completion":null,"agency":null,"source":"osm","confidence":0.9},"geometry":{"type":"Point","coordinates":[76.4584,10.5913]}},{"type":"Feature","properties":{"id":"toll_plaza:osm:node/10130949042","field":"national_highways","kind":"toll_plaza","name":null,"ref":null,"status":"operational","opened_on":null,"expected_completion":null,"agency":null,"source":"osm","confidence":0.9},"geometry":{"type":"Point","coordinates":[76.4584,10.5914]}},{"type":"Feature","properties":{"id":"toll_plaza:osm:node/10198205098","field":"national_highways","kind":"toll_plaza","name":"Nandani Toll Plaza","ref":null,"status":"operational","opened_on":null,"expected_completion":null,"agency":null,"source":"osm","confidence":0.9},"geometry":{"type":"Point","coordinates":[75.8552,17.4732]}},{"type":"Feature","properties":{"id":"toll_plaza:osm:node/10272416070","field":"national_highways","kind":"toll_plaza","name":null,"ref":null,"status":"operational","opened_on":null,"expected_completion":null,"agency":null,"source":"osm","confidence":0.9},"geometry":{"type":"Point","coordinates":[76.318,20.0342]}},{"type":"Feature","properties":{"id":"toll_plaza:osm:node/10272416078","field":"national_highways","kind":"toll_plaza","name":null,"ref":null,"status":"operational","opened_on":null,"expected_completion":null,"agency":null,"source":"osm","confidence":0.9},"geometry":{"type":"Point","coordinates":[76.3166,20.0342]}},{"type":"Feature","properties":{"id":"toll_plaza:osm:node/10272416084","field":"national_highways","kind":"toll_plaza","name":null,"ref":null,"status":"operational","opened_on":null,"expected_completion":null,"agency":null,"source":"osm","confidence":0.9},"geometry":{"type":"Point","coordinates":[76.3112,20.0309]}},{"type":"Feature","properties":{"id":"toll_plaza:osm:node/10272416090","field":"national_highways","kind":"toll_plaza","name":null,"ref":null,"status":"operational","opened_on":null,"expected_completion":null,"agency":null,"source":"osm","confidence":0.9},"geometry":{"type":"Point","coordinates":[76.311,20.0314]}},{"type":"Feature","properties":{"id":"toll_plaza:osm:node/10608624116","field":"national_highways","kind":"toll_plaza","name":null,"ref":null,"status":"operational","opened_on":null,"expected_completion":null,"agency":null,"source":"osm","confidence":0.9},"geometry":{"type":"Point","coordinates":[81.3354,21.2044]}},{"type":"Feature","properties":{"id":"toll_plaza:osm:node/10660674826","field":"national_highways","kind":"toll_plaza","name":null,"ref":null,"status":"operational","opened_on":null,"expected_completion":null,"agency":null,"source":"osm","confidence":0.9},"geometry":{"type":"Point","coordinates":[88.4055,22.967]}},{"type":"Feature","properties":{"id":"toll_plaza:osm:node/10695114857","field":"national_highways","kind":"toll_plaza","name":"Kaniminke Toll Plaza","ref":null,"status":"operational","opened_on":null,"expected_completion":null,"agency":null,"source":"osm","confidence":0.9},"geometry":{"type":"Point","coordinates":[77.4311,12.8596]}},{"type":"Feature","properties":{"id":"toll_plaza:osm:node/10707518995","field":"national_highways","kind":"toll_plaza","name":"Patas Toll Plaza","ref":null,"status":"operational","opened_on":null,"expected_completion":null,"agency":null,"source":"osm","confidence":0.9},"geometry":{"type":"Point","coordinates":[74.4659,18.4244]}},{"type":"Feature","properties":{"id":"toll_plaza:osm:node/10707518996","field":"national_highways","kind":"toll_plaza","name":"Patas Toll Plaza","ref":null,"status":"operational","opened_on":null,"expected_completion":null,"agency":null,"source":"osm","confidence":0.9},"geometry":{"type":"Point","coordinates":[74.4659,18.4243]}},{"type":"Feature","properties":{"id":"toll_plaza:osm:node/10736574494","field":"national_highways","kind":"toll_plaza","name":null,"ref":null,"status":"operational","opened_on":null,"expected_completion":null,"agency":null,"source":"osm","confidence":0.9},"geometry":{"type":"Point","coordinates":[76.7606,12.4725]}},{"type":"Feature","properties":{"id":"toll_plaza:osm:node/10736574495","field":"national_highways","kind":"toll_plaza","name":null,"ref":null,"status":"operational","opened_on":null,"expected_completion":null,"agency":null,"source":"osm","confidence":0.9},"geometry":{"type":"Point","coordinates":[76.7602,12.473]}},{"type":"Feature","properties":{"id":"toll_plaza:osm:node/10751418932","field":"national_highways","kind":"toll_plaza","name":"Valsang","ref":null,"status":"operational","opened_on":null,"expected_completion":null,"agency":null,"source":"osm","confidence":0.9},"geometry":{"type":"Point","coordinates":[76.0745,17.5897]}},{"type":"Feature","properties":{"id":"toll_plaza:osm:node/10832483214","field":"national_highways","kind":"toll_plaza","name":null,"ref":null,"status":"operational","opened_on":null,"expected_completion":null,"agency":null,"source":"osm","confidence":0.9},"geometry":{"type":"Point","coordinates":[79.2617,14.757]}},{"type":"Feature","properties":{"id":"toll_plaza:osm:node/10939161914","field":"national_highways","kind":"toll_plaza","name":null,"ref":null,"status":"operational","opened_on":null,"expected_completion":null,"agency":null,"source":"osm","confidence":0.9},"geometry":{"type":"Point","coordinates":[77.1888,31.7989]}},{"type":"Feature","properties":{"id":"toll_plaza:osm:node/10939161915","field":"national_highways","kind":"toll_plaza","name":null,"ref":null,"status":"operational","opened_on":null,"expected_completion":null,"agency":null,"source":"osm","confidence":0.9},"geometry":{"type":"Point","coordinates":[77.189,31.7989]}},{"type":"Feature","properties":{"id":"toll_plaza:osm:node/11397834130","field":"national_highways","kind":"toll_plaza","name":null,"ref":null,"status":"operational","opened_on":null,"expected_completion":null,"agency":null,"source":"osm","confidence":0.9},"geometry":{"type":"Point","coordinates":[73.4268,17.6783]}},{"type":"Feature","properties":{"id":"toll_plaza:osm:node/11397934253","field":"national_highways","kind":"toll_plaza","name":null,"ref":null,"status":"operational","opened_on":null,"expected_completion":null,"agency":null,"source":"osm","confidence":0.9},"geometry":{"type":"Point","coordinates":[73.4657,18.055]}},{"type":"Feature","properties":{"id":"toll_plaza:osm:node/11511900643","field":"national_highways","kind":"toll_plaza","name":null,"ref":null,"status":"operational","opened_on":null,"expected_completion":null,"agency":null,"source":"osm","confidence":0.9},"geometry":{"type":"Point","coordinates":[87.1247,23.5379]}},{"type":"Feature","properties":{"id":"toll_plaza:osm:node/11801796633","field":"national_highways","kind":"toll_plaza","name":null,"ref":null,"status":"operational","opened_on":null,"expected_completion":null,"agency":null,"source":"osm","confidence":0.9},"geometry":{"type":"Point","coordinates":[79.5156,14.6854]}},{"type":"Feature","properties":{"id":"toll_plaza:osm:node/11801797217","field":"national_highways","kind":"toll_plaza","name":null,"ref":null,"status":"operational","opened_on":null,"expected_completion":null,"agency":null,"source":"osm","confidence":0.9},"geometry":{"type":"Point","coordinates":[79.8622,14.5434]}},{"type":"Feature","properties":{"id":"toll_plaza:osm:node/11834828087","field":"national_highways","kind":"toll_plaza","name":null,"ref":null,"status":"operational","opened_on":null,"expected_completion":null,"agency":null,"source":"osm","confidence":0.9},"geometry":{"type":"Point","coordinates":[77.4498,14.6704]}},{"type":"Feature","properties":{"id":"toll_plaza:osm:node/11955053614","field":"national_highways","kind":"toll_plaza","name":null,"ref":null,"status":"operational","opened_on":null,"expected_completion":null,"agency":null,"source":"osm","confidence":0.9},"geometry":{"type":"Point","coordinates":[75.0493,31.0539]}},{"type":"Feature","properties":{"id":"toll_plaza:osm:node/11955053615","field":"national_highways","kind":"toll_plaza","name":null,"ref":null,"status":"operational","opened_on":null,"expected_completion":null,"agency":null,"source":"osm","confidence":0.9},"geometry":{"type":"Point","coordinates":[75.0499,31.053]}},{"type":"Feature","properties":{"id":"toll_plaza:osm:node/11966754784","field":"national_highways","kind":"toll_plaza","name":null,"ref":null,"status":"operational","opened_on":null,"expected_completion":null,"agency":null,"source":"osm","confidence":0.9},"geometry":{"type":"Point","coordinates":[76.6963,13.319]}},{"type":"Feature","properties":{"id":"toll_plaza:osm:node/11977571343","field":"national_highways","kind":"toll_plaza","name":"Kiratpur Toll Plaza","ref":null,"status":"operational","opened_on":null,"expected_completion":null,"agency":null,"source":"osm","confidence":0.9},"geometry":{"type":"Point","coordinates":[76.5525,31.2041]}},{"type":"Feature","properties":{"id":"toll_plaza:osm:node/11982614843","field":"national_highways","kind":"toll_plaza","name":null,"ref":null,"status":"operational","opened_on":null,"expected_completion":null,"agency":null,"source":"osm","confidence":0.9},"geometry":{"type":"Point","coordinates":[79.8627,28.5788]}},{"type":"Feature","properties":{"id":"toll_plaza:osm:node/11982614845","field":"national_highways","kind":"toll_plaza","name":null,"ref":null,"status":"operational","opened_on":null,"expected_completion":null,"agency":null,"source":"osm","confidence":0.9},"geometry":{"type":"Point","coordinates":[79.8638,28.5783]}},{"type":"Feature","properties":{"id":"toll_plaza:osm:node/11991408170","field":"national_highways","kind":"toll_plaza","name":null,"ref":null,"status":"operational","opened_on":null,"expected_completion":null,"agency":null,"source":"osm","confidence":0.9},"geometry":{"type":"Point","coordinates":[78.1386,9.8811]}},{"type":"Feature","properties":{"id":"toll_plaza:osm:node/12006713243","field":"national_highways","kind":"toll_plaza","name":null,"ref":null,"status":"operational","opened_on":null,"expected_completion":null,"agency":null,"source":"osm","confidence":0.9},"geometry":{"type":"Point","coordinates":[87.1245,23.5378]}},{"type":"Feature","properties":{"id":"toll_plaza:osm:node/12103756021","field":"national_highways","kind":"toll_plaza","name":null,"ref":null,"status":"operational","opened_on":null,"expected_completion":null,"agency":null,"source":"osm","confidence":0.9},"geometry":{"type":"Point","coordinates":[77.1245,28.2132]}},{"type":"Feature","properties":{"id":"toll_plaza:osm:node/12103756022","field":"national_highways","kind":"toll_plaza","name":null,"ref":null,"status":"operational","opened_on":null,"expected_completion":null,"agency":null,"source":"osm","confidence":0.9},"geometry":{"type":"Point","coordinates":[77.1238,28.2127]}},{"type":"Feature","properties":{"id":"toll_plaza:osm:node/12282501069","field":"national_highways","kind":"toll_plaza","name":null,"ref":null,"status":"operational","opened_on":null,"expected_completion":null,"agency":null,"source":"osm","confidence":0.9},"geometry":{"type":"Point","coordinates":[75.9274,26.8804]}},{"type":"Feature","properties":{"id":"toll_plaza:osm:node/12351676039","field":"national_highways","kind":"toll_plaza","name":null,"ref":null,"status":"operational","opened_on":null,"expected_completion":null,"agency":null,"source":"osm","confidence":0.9},"geometry":{"type":"Point","coordinates":[76.127,27.9328]}},{"type":"Feature","properties":{"id":"toll_plaza:osm:node/12351676040","field":"national_highways","kind":"toll_plaza","name":null,"ref":null,"status":"operational","opened_on":null,"expected_completion":null,"agency":null,"source":"osm","confidence":0.9},"geometry":{"type":"Point","coordinates":[76.1274,27.9326]}},{"type":"Feature","properties":{"id":"toll_plaza:osm:node/12512650534","field":"national_highways","kind":"toll_plaza","name":null,"ref":null,"status":"operational","opened_on":null,"expected_completion":null,"agency":null,"source":"osm","confidence":0.9},"geometry":{"type":"Point","coordinates":[77.6369,10.4804]}},{"type":"Feature","properties":{"id":"toll_plaza:osm:node/12512650535","field":"national_highways","kind":"toll_plaza","name":null,"ref":null,"status":"operational","opened_on":null,"expected_completion":null,"agency":null,"source":"osm","confidence":0.9},"geometry":{"type":"Point","coordinates":[77.6371,10.4805]}},{"type":"Feature","properties":{"id":"toll_plaza:osm:node/12690540799","field":"national_highways","kind":"toll_plaza","name":null,"ref":null,"status":"operational","opened_on":null,"expected_completion":null,"agency":null,"source":"osm","confidence":0.9},"geometry":{"type":"Point","coordinates":[93.9212,26.4953]}},{"type":"Feature","properties":{"id":"toll_plaza:osm:node/12704199668","field":"national_highways","kind":"toll_plaza","name":null,"ref":null,"status":"operational","opened_on":null,"expected_completion":null,"agency":null,"source":"osm","confidence":0.9},"geometry":{"type":"Point","coordinates":[77.7376,27.3372]}},{"type":"Feature","properties":{"id":"toll_plaza:osm:node/12704318795","field":"national_highways","kind":"toll_plaza","name":null,"ref":null,"status":"operational","opened_on":null,"expected_completion":null,"agency":null,"source":"osm","confidence":0.9},"geometry":{"type":"Point","coordinates":[79.4331,21.7024]}},{"type":"Feature","properties":{"id":"toll_plaza:osm:node/12704318796","field":"national_highways","kind":"toll_plaza","name":null,"ref":null,"status":"operational","opened_on":null,"expected_completion":null,"agency":null,"source":"osm","confidence":0.9},"geometry":{"type":"Point","coordinates":[79.4334,21.7022]}},{"type":"Feature","properties":{"id":"toll_plaza:osm:node/12821597671","field":"national_highways","kind":"toll_plaza","name":null,"ref":null,"status":"operational","opened_on":null,"expected_completion":null,"agency":null,"source":"osm","confidence":0.9},"geometry":{"type":"Point","coordinates":[84.5921,24.9964]}},{"type":"Feature","properties":{"id":"toll_plaza:osm:node/12821597672","field":"national_highways","kind":"toll_plaza","name":null,"ref":null,"status":"operational","opened_on":null,"expected_completion":null,"agency":null,"source":"osm","confidence":0.9},"geometry":{"type":"Point","coordinates":[84.5932,24.9954]}},{"type":"Feature","properties":{"id":"toll_plaza:osm:node/12822453945","field":"national_highways","kind":"toll_plaza","name":null,"ref":null,"status":"operational","opened_on":null,"expected_completion":null,"agency":null,"source":"osm","confidence":0.9},"geometry":{"type":"Point","coordinates":[85.507,24.6854]}},{"type":"Feature","properties":{"id":"toll_plaza:osm:node/12822559073","field":"national_highways","kind":"toll_plaza","name":null,"ref":null,"status":"operational","opened_on":null,"expected_completion":null,"agency":null,"source":"osm","confidence":0.9},"geometry":{"type":"Point","coordinates":[85.1194,21.9912]}},{"type":"Feature","properties":{"id":"toll_plaza:osm:node/12822559074","field":"national_highways","kind":"toll_plaza","name":null,"ref":null,"status":"operational","opened_on":null,"expected_completion":null,"agency":null,"source":"osm","confidence":0.9},"geometry":{"type":"Point","coordinates":[85.1194,21.9913]}},{"type":"Feature","properties":{"id":"toll_plaza:osm:node/12822559075","field":"national_highways","kind":"toll_plaza","name":null,"ref":null,"status":"operational","opened_on":null,"expected_completion":null,"agency":null,"source":"osm","confidence":0.9},"geometry":{"type":"Point","coordinates":[85.4944,22.0521]}},{"type":"Feature","properties":{"id":"toll_plaza:osm:node/12822559076","field":"national_highways","kind":"toll_plaza","name":null,"ref":null,"status":"operational","opened_on":null,"expected_completion":null,"agency":null,"source":"osm","confidence":0.9},"geometry":{"type":"Point","coordinates":[85.4943,22.0519]}},{"type":"Feature","properties":{"id":"toll_plaza:osm:node/12826329473","field":"national_highways","kind":"toll_plaza","name":null,"ref":null,"status":"operational","opened_on":null,"expected_completion":null,"agency":null,"source":"osm","confidence":0.9},"geometry":{"type":"Point","coordinates":[77.4047,16.0327]}},{"type":"Feature","properties":{"id":"toll_plaza:osm:node/12827428137","field":"national_highways","kind":"toll_plaza","name":null,"ref":null,"status":"operational","opened_on":null,"expected_completion":null,"agency":null,"source":"osm","confidence":0.9},"geometry":{"type":"Point","coordinates":[83.2326,27.083]}},{"type":"Feature","properties":{"id":"toll_plaza:osm:node/12829902866","field":"national_highways","kind":"toll_plaza","name":null,"ref":null,"status":"operational","opened_on":null,"expected_completion":null,"agency":null,"source":"osm","confidence":0.9},"geometry":{"type":"Point","coordinates":[77.4027,27.8554]}},{"type":"Feature","properties":{"id":"toll_plaza:osm:node/12829902867","field":"national_highways","kind":"toll_plaza","name":null,"ref":null,"status":"operational","opened_on":null,"expected_completion":null,"agency":null,"source":"osm","confidence":0.9},"geometry":{"type":"Point","coordinates":[77.4028,27.8554]}},{"type":"Feature","properties":{"id":"toll_plaza:osm:node/12965604686","field":"national_highways","kind":"toll_plaza","name":null,"ref":null,"status":"operational","opened_on":null,"expected_completion":null,"agency":null,"source":"osm","confidence":0.9},"geometry":{"type":"Point","coordinates":[78.4252,11.9671]}},{"type":"Feature","properties":{"id":"toll_plaza:osm:node/13438255508","field":"national_highways","kind":"toll_plaza","name":null,"ref":null,"status":"operational","opened_on":null,"expected_completion":null,"agency":null,"source":"osm","confidence":0.9},"geometry":{"type":"Point","coordinates":[75.7624,13.7545]}},{"type":"Feature","properties":{"id":"toll_plaza:osm:node/13438255546","field":"national_highways","kind":"toll_plaza","name":null,"ref":null,"status":"operational","opened_on":null,"expected_completion":null,"agency":null,"source":"osm","confidence":0.9},"geometry":{"type":"Point","coordinates":[75.7626,13.7545]}},{"type":"Feature","properties":{"id":"toll_plaza:osm:node/13598374589","field":"national_highways","kind":"toll_plaza","name":null,"ref":null,"status":"operational","opened_on":null,"expected_completion":null,"agency":null,"source":"osm","confidence":0.9},"geometry":{"type":"Point","coordinates":[77.2523,28.908]}},{"type":"Feature","properties":{"id":"toll_plaza:osm:node/13598374590","field":"national_highways","kind":"toll_plaza","name":null,"ref":null,"status":"operational","opened_on":null,"expected_completion":null,"agency":null,"source":"osm","confidence":0.9},"geometry":{"type":"Point","coordinates":[77.252,28.908]}},{"type":"Feature","properties":{"id":"toll_plaza:osm:node/13648386480","field":"national_highways","kind":"toll_plaza","name":null,"ref":null,"status":"operational","opened_on":null,"expected_completion":null,"agency":null,"source":"osm","confidence":0.9},"geometry":{"type":"Point","coordinates":[76.3892,31.0143]}},{"type":"Feature","properties":{"id":"toll_plaza:osm:node/13766214100","field":"national_highways","kind":"toll_plaza","name":null,"ref":null,"status":"operational","opened_on":null,"expected_completion":null,"agency":null,"source":"osm","confidence":0.9},"geometry":{"type":"Point","coordinates":[77.0081,11.8245]}},{"type":"Feature","properties":{"id":"toll_plaza:osm:node/13923826559","field":"national_highways","kind":"toll_plaza","name":null,"ref":null,"status":"operational","opened_on":null,"expected_completion":null,"agency":null,"source":"osm","confidence":0.9},"geometry":{"type":"Point","coordinates":[79.6116,13.698]}},{"type":"Feature","properties":{"id":"toll_plaza:osm:node/13923826560","field":"national_highways","kind":"toll_plaza","name":null,"ref":null,"status":"operational","opened_on":null,"expected_completion":null,"agency":null,"source":"osm","confidence":0.9},"geometry":{"type":"Point","coordinates":[79.6117,13.6983]}},{"type":"Feature","properties":{"id":"toll_plaza:osm:node/13952247434","field":"national_highways","kind":"toll_plaza","name":null,"ref":null,"status":"operational","opened_on":null,"expected_completion":null,"agency":null,"source":"osm","confidence":0.9},"geometry":{"type":"Point","coordinates":[77.7117,30.4122]}},{"type":"Feature","properties":{"id":"toll_plaza:osm:node/14042850751","field":"national_highways","kind":"toll_plaza","name":null,"ref":null,"status":"operational","opened_on":null,"expected_completion":null,"agency":null,"source":"osm","confidence":0.9},"geometry":{"type":"Point","coordinates":[73.1167,22.4618]}},{"type":"Feature","properties":{"id":"toll_plaza:osm:node/14057704202","field":"national_highways","kind":"toll_plaza","name":null,"ref":null,"status":"operational","opened_on":null,"expected_completion":null,"agency":null,"source":"osm","confidence":0.9},"geometry":{"type":"Point","coordinates":[81.0308,17.7025]}},{"type":"Feature","properties":{"id":"toll_plaza:osm:node/14184103956","field":"national_highways","kind":"toll_plaza","name":null,"ref":null,"status":"operational","opened_on":null,"expected_completion":null,"agency":null,"source":"osm","confidence":0.9},"geometry":{"type":"Point","coordinates":[84.4685,21.0253]}},{"type":"Feature","properties":{"id":"toll_plaza:osm:node/14184103957","field":"national_highways","kind":"toll_plaza","name":null,"ref":null,"status":"operational","opened_on":null,"expected_completion":null,"agency":null,"source":"osm","confidence":0.9},"geometry":{"type":"Point","coordinates":[84.4683,21.0253]}},{"type":"Feature","properties":{"id":"toll_plaza:osm:node/2738257620","field":"national_highways","kind":"toll_plaza","name":null,"ref":null,"status":"operational","opened_on":null,"expected_completion":null,"agency":null,"source":"osm","confidence":0.9},"geometry":{"type":"Point","coordinates":[76.7952,28.7545]}},{"type":"Feature","properties":{"id":"toll_plaza:osm:node/2738257623","field":"national_highways","kind":"toll_plaza","name":null,"ref":null,"status":"operational","opened_on":null,"expected_completion":null,"agency":null,"source":"osm","confidence":0.9},"geometry":{"type":"Point","coordinates":[76.7953,28.7546]}},{"type":"Feature","properties":{"id":"toll_plaza:osm:node/2848307330","field":"national_highways","kind":"toll_plaza","name":null,"ref":null,"status":"operational","opened_on":null,"expected_completion":null,"agency":null,"source":"osm","confidence":0.9},"geometry":{"type":"Point","coordinates":[74.631,25.7566]}},{"type":"Feature","properties":{"id":"toll_plaza:osm:node/2848307331","field":"national_highways","kind":"toll_plaza","name":null,"ref":null,"status":"operational","opened_on":null,"expected_completion":null,"agency":null,"source":"osm","confidence":0.9},"geometry":{"type":"Point","coordinates":[74.6309,25.7567]}},{"type":"Feature","properties":{"id":"toll_plaza:osm:node/3120449395","field":"national_highways","kind":"toll_plaza","name":"Vaikundam Toll Gate","ref":null,"status":"operational","opened_on":null,"expected_completion":null,"agency":null,"source":"osm","confidence":0.9},"geometry":{"type":"Point","coordinates":[77.9236,11.5137]}},{"type":"Feature","properties":{"id":"toll_plaza:osm:node/3126689201","field":"national_highways","kind":"toll_plaza","name":null,"ref":null,"status":"operational","opened_on":null,"expected_completion":null,"agency":null,"source":"osm","confidence":0.9},"geometry":{"type":"Point","coordinates":[79.249,21.2446]}},{"type":"Feature","properties":{"id":"toll_plaza:osm:node/3126689202","field":"national_highways","kind":"toll_plaza","name":null,"ref":null,"status":"operational","opened_on":null,"expected_completion":null,"agency":null,"source":"osm","confidence":0.9},"geometry":{"type":"Point","coordinates":[79.2492,21.2446]}},{"type":"Feature","properties":{"id":"toll_plaza:osm:node/3269618429","field":"national_highways","kind":"toll_plaza","name":null,"ref":null,"status":"operational","opened_on":null,"expected_completion":null,"agency":null,"source":"osm","confidence":0.9},"geometry":{"type":"Point","coordinates":[79.3651,21.1395]}},{"type":"Feature","properties":{"id":"toll_plaza:osm:node/3269618432","field":"national_highways","kind":"toll_plaza","name":null,"ref":null,"status":"operational","opened_on":null,"expected_completion":null,"agency":null,"source":"osm","confidence":0.9},"geometry":{"type":"Point","coordinates":[79.3652,21.1396]}},{"type":"Feature","properties":{"id":"toll_plaza:osm:node/4377499247","field":"national_highways","kind":"toll_plaza","name":"Ramayana","ref":null,"status":"operational","opened_on":null,"expected_completion":null,"agency":null,"source":"osm","confidence":0.9},"geometry":{"type":"Point","coordinates":[75.8849,29.1008]}},{"type":"Feature","properties":{"id":"toll_plaza:osm:node/4377499249","field":"national_highways","kind":"toll_plaza","name":"Ramayana","ref":null,"status":"operational","opened_on":null,"expected_completion":null,"agency":null,"source":"osm","confidence":0.9},"geometry":{"type":"Point","coordinates":[75.885,29.1009]}},{"type":"Feature","properties":{"id":"toll_plaza:osm:node/5120587299","field":"national_highways","kind":"toll_plaza","name":null,"ref":null,"status":"operational","opened_on":null,"expected_completion":null,"agency":null,"source":"osm","confidence":0.9},"geometry":{"type":"Point","coordinates":[77.3347,28.1015]}},{"type":"Feature","properties":{"id":"toll_plaza:osm:node/5120587535","field":"national_highways","kind":"toll_plaza","name":null,"ref":null,"status":"operational","opened_on":null,"expected_completion":null,"agency":null,"source":"osm","confidence":0.9},"geometry":{"type":"Point","coordinates":[77.364,28.0994]}},{"type":"Feature","properties":{"id":"toll_plaza:osm:node/5312515842","field":"national_highways","kind":"toll_plaza","name":null,"ref":null,"status":"operational","opened_on":null,"expected_completion":null,"agency":null,"source":"osm","confidence":0.9},"geometry":{"type":"Point","coordinates":[78.1596,8.7575]}},{"type":"Feature","properties":{"id":"toll_plaza:osm:node/5312516444","field":"national_highways","kind":"toll_plaza","name":null,"ref":null,"status":"operational","opened_on":null,"expected_completion":null,"agency":null,"source":"osm","confidence":0.9},"geometry":{"type":"Point","coordinates":[78.0652,8.7555]}},{"type":"Feature","properties":{"id":"toll_plaza:osm:node/5312724786","field":"national_highways","kind":"toll_plaza","name":null,"ref":null,"status":"operational","opened_on":null,"expected_completion":null,"agency":null,"source":"osm","confidence":0.9},"geometry":{"type":"Point","coordinates":[78.1596,8.7577]}},{"type":"Feature","properties":{"id":"toll_plaza:osm:node/5474895903","field":"national_highways","kind":"toll_plaza","name":"Tendua (Gorakhpur Bypass)","ref":null,"status":"operational","opened_on":null,"expected_completion":null,"agency":null,"source":"osm","confidence":0.9},"geometry":{"type":"Point","coordinates":[83.2745,26.7241]}},{"type":"Feature","properties":{"id":"toll_plaza:osm:node/5474895937","field":"national_highways","kind":"toll_plaza","name":"Tendua (Gorakhpur Bypass)","ref":null,"status":"operational","opened_on":null,"expected_completion":null,"agency":null,"source":"osm","confidence":0.9},"geometry":{"type":"Point","coordinates":[83.2744,26.724]}},{"type":"Feature","properties":{"id":"toll_plaza:osm:node/5474902672","field":"national_highways","kind":"toll_plaza","name":null,"ref":null,"status":"operational","opened_on":null,"expected_completion":null,"agency":null,"source":"osm","confidence":0.9},"geometry":{"type":"Point","coordinates":[74.9548,31.3701]}},{"type":"Feature","properties":{"id":"toll_plaza:osm:node/5474902799","field":"national_highways","kind":"toll_plaza","name":null,"ref":null,"status":"operational","opened_on":null,"expected_completion":null,"agency":null,"source":"osm","confidence":0.9},"geometry":{"type":"Point","coordinates":[74.955,31.3701]}},{"type":"Feature","properties":{"id":"toll_plaza:osm:node/5479853416","field":"national_highways","kind":"toll_plaza","name":"Vighaket","ref":null,"status":"operational","opened_on":null,"expected_completion":null,"agency":null,"source":"osm","confidence":0.9},"geometry":{"type":"Point","coordinates":[78.4488,24.7896]}},{"type":"Feature","properties":{"id":"toll_plaza:osm:node/5479853417","field":"national_highways","kind":"toll_plaza","name":"Vighaket","ref":null,"status":"operational","opened_on":null,"expected_completion":null,"agency":null,"source":"osm","confidence":0.9},"geometry":{"type":"Point","coordinates":[78.4481,24.7889]}},{"type":"Feature","properties":{"id":"toll_plaza:osm:node/5493116313","field":"national_highways","kind":"toll_plaza","name":null,"ref":null,"status":"operational","opened_on":null,"expected_completion":null,"agency":null,"source":"osm","confidence":0.9},"geometry":{"type":"Point","coordinates":[75.6144,32.0616]}},{"type":"Feature","properties":{"id":"toll_plaza:osm:node/5493116314","field":"national_highways","kind":"toll_plaza","name":null,"ref":null,"status":"operational","opened_on":null,"expected_completion":null,"agency":null,"source":"osm","confidence":0.9},"geometry":{"type":"Point","coordinates":[75.6143,32.0616]}},{"type":"Feature","properties":{"id":"toll_plaza:osm:node/5493116850","field":"national_highways","kind":"toll_plaza","name":"Lakhanpur/ Rajbagh","ref":null,"status":"operational","opened_on":null,"expected_completion":null,"agency":null,"source":"osm","confidence":0.9},"geometry":{"type":"Point","coordinates":[75.5987,32.3825]}},{"type":"Feature","properties":{"id":"toll_plaza:osm:node/5493117437","field":"national_highways","kind":"toll_plaza","name":"Ban Toll Plaza","ref":null,"status":"operational","opened_on":null,"expected_completion":null,"agency":null,"source":"osm","confidence":0.9},"geometry":{"type":"Point","coordinates":[74.9405,32.839]}},{"type":"Feature","properties":{"id":"toll_plaza:osm:node/5493117438","field":"national_highways","kind":"toll_plaza","name":"Ban Toll Plaza","ref":null,"status":"operational","opened_on":null,"expected_completion":null,"agency":null,"source":"osm","confidence":0.9},"geometry":{"type":"Point","coordinates":[74.9403,32.839]}},{"type":"Feature","properties":{"id":"toll_plaza:osm:node/5493117440","field":"national_highways","kind":"toll_plaza","name":"Kachkoot","ref":null,"status":"operational","opened_on":null,"expected_completion":null,"agency":null,"source":"osm","confidence":0.9},"geometry":{"type":"Point","coordinates":[75.0434,33.8745]}},{"type":"Feature","properties":{"id":"toll_plaza:osm:node/5493117441","field":"national_highways","kind":"toll_plaza","name":"Kachkoot","ref":null,"status":"operational","opened_on":null,"expected_completion":null,"agency":null,"source":"osm","confidence":0.9},"geometry":{"type":"Point","coordinates":[75.0432,33.8743]}},{"type":"Feature","properties":{"id":"toll_plaza:osm:node/5493331504","field":"national_highways","kind":"toll_plaza","name":null,"ref":null,"status":"operational","opened_on":null,"expected_completion":null,"agency":null,"source":"osm","confidence":0.9},"geometry":{"type":"Point","coordinates":[75.6405,31.6238]}},{"type":"Feature","properties":{"id":"toll_plaza:osm:node/5493362655","field":"national_highways","kind":"toll_plaza","name":"Gharaunda (Karnal)","ref":null,"status":"operational","opened_on":null,"expected_completion":null,"agency":null,"source":"osm","confidence":0.9},"geometry":{"type":"Point","coordinates":[76.9784,29.5811]}},{"type":"Feature","properties":{"id":"toll_plaza:osm:node/5501702894","field":"national_highways","kind":"toll_plaza","name":null,"ref":null,"status":"operational","opened_on":null,"expected_completion":null,"agency":null,"source":"osm","confidence":0.9},"geometry":{"type":"Point","coordinates":[90.7121,26.4763]}},{"type":"Feature","properties":{"id":"toll_plaza:osm:node/5501702895","field":"national_highways","kind":"toll_plaza","name":null,"ref":null,"status":"operational","opened_on":null,"expected_completion":null,"agency":null,"source":"osm","confidence":0.9},"geometry":{"type":"Point","coordinates":[90.7121,26.4762]}},{"type":"Feature","properties":{"id":"toll_plaza:osm:node/5501703010","field":"national_highways","kind":"toll_plaza","name":"Guabari","ref":null,"status":"operational","opened_on":null,"expected_completion":null,"agency":null,"source":"osm","confidence":0.9},"geometry":{"type":"Point","coordinates":[89.7565,26.4763]}},{"type":"Feature","properties":{"id":"toll_plaza:osm:node/5501703011","field":"national_highways","kind":"toll_plaza","name":"Guabari","ref":null,"status":"operational","opened_on":null,"expected_completion":null,"agency":null,"source":"osm","confidence":0.9},"geometry":{"type":"Point","coordinates":[89.7566,26.4769]}},{"type":"Feature","properties":{"id":"toll_plaza:osm:node/5502011036","field":"national_highways","kind":"toll_plaza","name":null,"ref":null,"status":"operational","opened_on":null,"expected_completion":null,"agency":null,"source":"osm","confidence":0.9},"geometry":{"type":"Point","coordinates":[75.7415,27.0898]}},{"type":"Feature","properties":{"id":"toll_plaza:osm:node/5502011037","field":"national_highways","kind":"toll_plaza","name":null,"ref":null,"status":"operational","opened_on":null,"expected_completion":null,"agency":null,"source":"osm","confidence":0.9},"geometry":{"type":"Point","coordinates":[75.7414,27.0897]}},{"type":"Feature","properties":{"id":"toll_plaza:osm:node/5502025149","field":"national_highways","kind":"toll_plaza","name":"Badopatti","ref":null,"status":"operational","opened_on":null,"expected_completion":null,"agency":null,"source":"osm","confidence":0.9},"geometry":{"type":"Point","coordinates":[75.8199,29.2992]}},{"type":"Feature","properties":{"id":"toll_plaza:osm:node/5502051144","field":"national_highways","kind":"toll_plaza","name":"Barkheda (Chandlai)","ref":null,"status":"operational","opened_on":null,"expected_completion":null,"agency":null,"source":"osm","confidence":0.9},"geometry":{"type":"Point","coordinates":[75.9048,26.6883]}},{"type":"Feature","properties":{"id":"toll_plaza:osm:node/5502051145","field":"national_highways","kind":"toll_plaza","name":"Barkheda (Chandlai)","ref":null,"status":"operational","opened_on":null,"expected_completion":null,"agency":null,"source":"osm","confidence":0.9},"geometry":{"type":"Point","coordinates":[75.9046,26.6882]}},{"type":"Feature","properties":{"id":"toll_plaza:osm:node/5502125274","field":"national_highways","kind":"toll_plaza","name":null,"ref":null,"status":"operational","opened_on":null,"expected_completion":null,"agency":null,"source":"osm","confidence":0.9},"geometry":{"type":"Point","coordinates":[75.4734,25.6205]}},{"type":"Feature","properties":{"id":"toll_plaza:osm:node/5502125275","field":"national_highways","kind":"toll_plaza","name":null,"ref":null,"status":"operational","opened_on":null,"expected_completion":null,"agency":null,"source":"osm","confidence":0.9},"geometry":{"type":"Point","coordinates":[75.4733,25.6205]}},{"type":"Feature","properties":{"id":"toll_plaza:osm:node/5502125544","field":"national_highways","kind":"toll_plaza","name":"Sonwa (Sonva)","ref":null,"status":"operational","opened_on":null,"expected_completion":null,"agency":null,"source":"osm","confidence":0.9},"geometry":{"type":"Point","coordinates":[75.7448,26.1099]}},{"type":"Feature","properties":{"id":"toll_plaza:osm:node/5502125545","field":"national_highways","kind":"toll_plaza","name":"Sonwa (Sonva)","ref":null,"status":"operational","opened_on":null,"expected_completion":null,"agency":null,"source":"osm","confidence":0.9},"geometry":{"type":"Point","coordinates":[75.7449,26.1098]}},{"type":"Feature","properties":{"id":"toll_plaza:osm:node/5502142073","field":"national_highways","kind":"toll_plaza","name":"Methoon","ref":null,"status":"operational","opened_on":null,"expected_completion":null,"agency":null,"source":"osm","confidence":0.9},"geometry":{"type":"Point","coordinates":[76.5035,24.42]}},{"type":"Feature","properties":{"id":"toll_plaza:osm:node/5502155113","field":"national_highways","kind":"toll_plaza","name":"Indore Dewas (Indore Bypass)","ref":null,"status":"operational","opened_on":null,"expected_completion":null,"agency":null,"source":"osm","confidence":0.9},"geometry":{"type":"Point","coordinates":[75.9383,22.8247]}},{"type":"Feature","properties":{"id":"toll_plaza:osm:node/5502155114","field":"national_highways","kind":"toll_plaza","name":"Indore Dewas (Indore Bypass)","ref":null,"status":"operational","opened_on":null,"expected_completion":null,"agency":null,"source":"osm","confidence":0.9},"geometry":{"type":"Point","coordinates":[75.9385,22.8247]}},{"type":"Feature","properties":{"id":"toll_plaza:osm:node/5535776236","field":"national_highways","kind":"toll_plaza","name":null,"ref":null,"status":"operational","opened_on":null,"expected_completion":null,"agency":null,"source":"osm","confidence":0.9},"geometry":{"type":"Point","coordinates":[75.0672,18.0967]}},{"type":"Feature","properties":{"id":"toll_plaza:osm:node/5535776237","field":"national_highways","kind":"toll_plaza","name":null,"ref":null,"status":"operational","opened_on":null,"expected_completion":null,"agency":null,"source":"osm","confidence":0.9},"geometry":{"type":"Point","coordinates":[75.0671,18.0966]}},{"type":"Feature","properties":{"id":"toll_plaza:osm:node/5970167509","field":"national_highways","kind":"toll_plaza","name":null,"ref":null,"status":"operational","opened_on":null,"expected_completion":null,"agency":null,"source":"osm","confidence":0.9},"geometry":{"type":"Point","coordinates":[79.5329,13.5256]}},{"type":"Feature","properties":{"id":"toll_plaza:osm:node/5976185202","field":"national_highways","kind":"toll_plaza","name":null,"ref":null,"status":"operational","opened_on":null,"expected_completion":null,"agency":null,"source":"osm","confidence":0.9},"geometry":{"type":"Point","coordinates":[77.7781,29.5851]}},{"type":"Feature","properties":{"id":"toll_plaza:osm:node/6037302849","field":"national_highways","kind":"toll_plaza","name":null,"ref":null,"status":"operational","opened_on":null,"expected_completion":null,"agency":null,"source":"osm","confidence":0.9},"geometry":{"type":"Point","coordinates":[74.6288,24.8259]}},{"type":"Feature","properties":{"id":"toll_plaza:osm:node/6037302861","field":"national_highways","kind":"toll_plaza","name":null,"ref":null,"status":"operational","opened_on":null,"expected_completion":null,"agency":null,"source":"osm","confidence":0.9},"geometry":{"type":"Point","coordinates":[74.6286,24.8258]}},{"type":"Feature","properties":{"id":"toll_plaza:osm:node/6037455643","field":"national_highways","kind":"toll_plaza","name":null,"ref":null,"status":"operational","opened_on":null,"expected_completion":null,"agency":null,"source":"osm","confidence":0.9},"geometry":{"type":"Point","coordinates":[74.151,23.0257]}},{"type":"Feature","properties":{"id":"toll_plaza:osm:node/6043324879","field":"national_highways","kind":"toll_plaza","name":null,"ref":null,"status":"operational","opened_on":null,"expected_completion":null,"agency":null,"source":"osm","confidence":0.9},"geometry":{"type":"Point","coordinates":[77.4541,15.8187]}},{"type":"Feature","properties":{"id":"toll_plaza:osm:node/7025078883","field":"national_highways","kind":"toll_plaza","name":null,"ref":null,"status":"operational","opened_on":null,"expected_completion":null,"agency":null,"source":"osm","confidence":0.9},"geometry":{"type":"Point","coordinates":[87.0098,25.2323]}},{"type":"Feature","properties":{"id":"toll_plaza:osm:node/7475642183","field":"national_highways","kind":"toll_plaza","name":null,"ref":null,"status":"operational","opened_on":null,"expected_completion":null,"agency":null,"source":"osm","confidence":0.9},"geometry":{"type":"Point","coordinates":[76.7737,10.0533]}},{"type":"Feature","properties":{"id":"toll_plaza:osm:node/7551297443","field":"national_highways","kind":"toll_plaza","name":null,"ref":null,"status":"operational","opened_on":null,"expected_completion":null,"agency":null,"source":"osm","confidence":0.9},"geometry":{"type":"Point","coordinates":[72.9602,18.9525]}},{"type":"Feature","properties":{"id":"toll_plaza:osm:node/8607523869","field":"national_highways","kind":"toll_plaza","name":null,"ref":null,"status":"operational","opened_on":null,"expected_completion":null,"agency":null,"source":"osm","confidence":0.9},"geometry":{"type":"Point","coordinates":[80.6688,26.8506]}},{"type":"Feature","properties":{"id":"toll_plaza:osm:node/8607526990","field":"national_highways","kind":"toll_plaza","name":null,"ref":null,"status":"operational","opened_on":null,"expected_completion":null,"agency":null,"source":"osm","confidence":0.9},"geometry":{"type":"Point","coordinates":[80.7106,26.8453]}},{"type":"Feature","properties":{"id":"toll_plaza:osm:node/8607526991","field":"national_highways","kind":"toll_plaza","name":null,"ref":null,"status":"operational","opened_on":null,"expected_completion":null,"agency":null,"source":"osm","confidence":0.9},"geometry":{"type":"Point","coordinates":[80.7106,26.8455]}},{"type":"Feature","properties":{"id":"toll_plaza:osm:node/8811079884","field":"national_highways","kind":"toll_plaza","name":null,"ref":null,"status":"operational","opened_on":null,"expected_completion":null,"agency":null,"source":"osm","confidence":0.9},"geometry":{"type":"Point","coordinates":[82.9994,25.2496]}},{"type":"Feature","properties":{"id":"toll_plaza:osm:node/8933829473","field":"national_highways","kind":"toll_plaza","name":null,"ref":null,"status":"operational","opened_on":null,"expected_completion":null,"agency":null,"source":"osm","confidence":0.9},"geometry":{"type":"Point","coordinates":[80.4849,26.9049]}},{"type":"Feature","properties":{"id":"toll_plaza:osm:node/8933829493","field":"national_highways","kind":"toll_plaza","name":null,"ref":null,"status":"operational","opened_on":null,"expected_completion":null,"agency":null,"source":"osm","confidence":0.9},"geometry":{"type":"Point","coordinates":[80.5096,26.903]}},{"type":"Feature","properties":{"id":"toll_plaza:osm:node/8964739421","field":"national_highways","kind":"toll_plaza","name":null,"ref":null,"status":"operational","opened_on":null,"expected_completion":null,"agency":null,"source":"osm","confidence":0.9},"geometry":{"type":"Point","coordinates":[75.2998,31.0174]}},{"type":"Feature","properties":{"id":"toll_plaza:osm:node/8964739454","field":"national_highways","kind":"toll_plaza","name":null,"ref":null,"status":"operational","opened_on":null,"expected_completion":null,"agency":null,"source":"osm","confidence":0.9},"geometry":{"type":"Point","coordinates":[75.3,31.0174]}},{"type":"Feature","properties":{"id":"toll_plaza:osm:node/9006506328","field":"national_highways","kind":"toll_plaza","name":null,"ref":null,"status":"operational","opened_on":null,"expected_completion":null,"agency":null,"source":"osm","confidence":0.9},"geometry":{"type":"Point","coordinates":[77.2908,28.2491]}},{"type":"Feature","properties":{"id":"toll_plaza:osm:node/9006506329","field":"national_highways","kind":"toll_plaza","name":null,"ref":null,"status":"operational","opened_on":null,"expected_completion":null,"agency":null,"source":"osm","confidence":0.9},"geometry":{"type":"Point","coordinates":[77.2901,28.2491]}},{"type":"Feature","properties":{"id":"toll_plaza:osm:node/9006506330","field":"national_highways","kind":"toll_plaza","name":null,"ref":null,"status":"operational","opened_on":null,"expected_completion":null,"agency":null,"source":"osm","confidence":0.9},"geometry":{"type":"Point","coordinates":[77.0608,29.0716]}},{"type":"Feature","properties":{"id":"toll_plaza:osm:node/9006640121","field":"national_highways","kind":"toll_plaza","name":null,"ref":null,"status":"operational","opened_on":null,"expected_completion":null,"agency":null,"source":"osm","confidence":0.9},"geometry":{"type":"Point","coordinates":[77.1944,30.2114]}},{"type":"Feature","properties":{"id":"toll_plaza:osm:node/9006640184","field":"national_highways","kind":"toll_plaza","name":null,"ref":null,"status":"operational","opened_on":null,"expected_completion":null,"agency":null,"source":"osm","confidence":0.9},"geometry":{"type":"Point","coordinates":[77.1943,30.2112]}},{"type":"Feature","properties":{"id":"toll_plaza:osm:node/9015231235","field":"national_highways","kind":"toll_plaza","name":null,"ref":null,"status":"operational","opened_on":null,"expected_completion":null,"agency":null,"source":"osm","confidence":0.9},"geometry":{"type":"Point","coordinates":[81.6334,27.579]}},{"type":"Feature","properties":{"id":"toll_plaza:osm:node/9015231236","field":"national_highways","kind":"toll_plaza","name":null,"ref":null,"status":"operational","opened_on":null,"expected_completion":null,"agency":null,"source":"osm","confidence":0.9},"geometry":{"type":"Point","coordinates":[81.6327,27.5804]}},{"type":"Feature","properties":{"id":"toll_plaza:osm:node/9015363797","field":"national_highways","kind":"toll_plaza","name":null,"ref":null,"status":"operational","opened_on":null,"expected_completion":null,"agency":null,"source":"osm","confidence":0.9},"geometry":{"type":"Point","coordinates":[81.3331,26.6296]}},{"type":"Feature","properties":{"id":"toll_plaza:osm:node/9015364880","field":"national_highways","kind":"toll_plaza","name":null,"ref":null,"status":"operational","opened_on":null,"expected_completion":null,"agency":null,"source":"osm","confidence":0.9},"geometry":{"type":"Point","coordinates":[83.1476,25.4948]}},{"type":"Feature","properties":{"id":"toll_plaza:osm:node/9015364881","field":"national_highways","kind":"toll_plaza","name":null,"ref":null,"status":"operational","opened_on":null,"expected_completion":null,"agency":null,"source":"osm","confidence":0.9},"geometry":{"type":"Point","coordinates":[83.1474,25.4947]}},{"type":"Feature","properties":{"id":"toll_plaza:osm:node/9015364882","field":"national_highways","kind":"toll_plaza","name":null,"ref":null,"status":"operational","opened_on":null,"expected_completion":null,"agency":null,"source":"osm","confidence":0.9},"geometry":{"type":"Point","coordinates":[82.3159,25.6729]}},{"type":"Feature","properties":{"id":"toll_plaza:osm:node/9015364888","field":"national_highways","kind":"toll_plaza","name":null,"ref":null,"status":"operational","opened_on":null,"expected_completion":null,"agency":null,"source":"osm","confidence":0.9},"geometry":{"type":"Point","coordinates":[81.5576,25.9844]}},{"type":"Feature","properties":{"id":"toll_plaza:osm:node/9015364889","field":"national_highways","kind":"toll_plaza","name":null,"ref":null,"status":"operational","opened_on":null,"expected_completion":null,"agency":null,"source":"osm","confidence":0.9},"geometry":{"type":"Point","coordinates":[81.033,26.1979]}},{"type":"Feature","properties":{"id":"toll_plaza:osm:node/9015413817","field":"national_highways","kind":"toll_plaza","name":null,"ref":null,"status":"operational","opened_on":null,"expected_completion":null,"agency":null,"source":"osm","confidence":0.9},"geometry":{"type":"Point","coordinates":[81.333,26.6294]}},{"type":"Feature","properties":{"id":"toll_plaza:osm:node/9024835325","field":"national_highways","kind":"toll_plaza","name":null,"ref":null,"status":"operational","opened_on":null,"expected_completion":null,"agency":null,"source":"osm","confidence":0.9},"geometry":{"type":"Point","coordinates":[88.0197,24.5632]}},{"type":"Feature","properties":{"id":"toll_plaza:osm:node/9024835379","field":"national_highways","kind":"toll_plaza","name":null,"ref":null,"status":"operational","opened_on":null,"expected_completion":null,"agency":null,"source":"osm","confidence":0.9},"geometry":{"type":"Point","coordinates":[88.02,24.5632]}},{"type":"Feature","properties":{"id":"toll_plaza:osm:node/9025016686","field":"national_highways","kind":"toll_plaza","name":"Shibpur Toll Plaza","ref":null,"status":"operational","opened_on":null,"expected_completion":null,"agency":null,"source":"osm","confidence":0.9},"geometry":{"type":"Point","coordinates":[88.1863,24.1506]}},{"type":"Feature","properties":{"id":"toll_plaza:osm:node/9070315474","field":"national_highways","kind":"toll_plaza","name":null,"ref":null,"status":"operational","opened_on":null,"expected_completion":null,"agency":null,"source":"osm","confidence":0.9},"geometry":{"type":"Point","coordinates":[82.2716,17.1388]}},{"type":"Feature","properties":{"id":"toll_plaza:osm:node/9070315513","field":"national_highways","kind":"toll_plaza","name":null,"ref":null,"status":"operational","opened_on":null,"expected_completion":null,"agency":null,"source":"osm","confidence":0.9},"geometry":{"type":"Point","coordinates":[82.2717,17.1387]}},{"type":"Feature","properties":{"id":"toll_plaza:osm:node/9143088713","field":"national_highways","kind":"toll_plaza","name":null,"ref":null,"status":"operational","opened_on":null,"expected_completion":null,"agency":null,"source":"osm","confidence":0.9},"geometry":{"type":"Point","coordinates":[78.0217,29.9121]}},{"type":"Feature","properties":{"id":"toll_plaza:osm:node/9143088714","field":"national_highways","kind":"toll_plaza","name":null,"ref":null,"status":"operational","opened_on":null,"expected_completion":null,"agency":null,"source":"osm","confidence":0.9},"geometry":{"type":"Point","coordinates":[78.0198,29.9113]}},{"type":"Feature","properties":{"id":"toll_plaza:osm:node/9200144948","field":"national_highways","kind":"toll_plaza","name":null,"ref":null,"status":"operational","opened_on":null,"expected_completion":null,"agency":null,"source":"osm","confidence":0.9},"geometry":{"type":"Point","coordinates":[83.3018,26.9082]}},{"type":"Feature","properties":{"id":"toll_plaza:osm:node/9283926457","field":"national_highways","kind":"toll_plaza","name":null,"ref":null,"status":"operational","opened_on":null,"expected_completion":null,"agency":null,"source":"osm","confidence":0.9},"geometry":{"type":"Point","coordinates":[86.3487,24.2856]}},{"type":"Feature","properties":{"id":"toll_plaza:osm:node/9322694624","field":"national_highways","kind":"toll_plaza","name":null,"ref":null,"status":"operational","opened_on":null,"expected_completion":null,"agency":null,"source":"osm","confidence":0.9},"geometry":{"type":"Point","coordinates":[79.0964,28.8304]}},{"type":"Feature","properties":{"id":"toll_plaza:osm:node/9397503959","field":"national_highways","kind":"toll_plaza","name":null,"ref":null,"status":"operational","opened_on":null,"expected_completion":null,"agency":null,"source":"osm","confidence":0.9},"geometry":{"type":"Point","coordinates":[77.5154,26.613]}},{"type":"Feature","properties":{"id":"toll_plaza:osm:node/9406881908","field":"national_highways","kind":"toll_plaza","name":null,"ref":null,"status":"operational","opened_on":null,"expected_completion":null,"agency":null,"source":"osm","confidence":0.9},"geometry":{"type":"Point","coordinates":[86.5983,22.4461]}},{"type":"Feature","properties":{"id":"toll_plaza:osm:node/9406881909","field":"national_highways","kind":"toll_plaza","name":null,"ref":null,"status":"operational","opened_on":null,"expected_completion":null,"agency":null,"source":"osm","confidence":0.9},"geometry":{"type":"Point","coordinates":[86.5981,22.4459]}},{"type":"Feature","properties":{"id":"toll_plaza:osm:node/9421376175","field":"national_highways","kind":"toll_plaza","name":null,"ref":null,"status":"operational","opened_on":null,"expected_completion":null,"agency":null,"source":"osm","confidence":0.9},"geometry":{"type":"Point","coordinates":[77.362,14.7927]}},{"type":"Feature","properties":{"id":"toll_plaza:osm:node/3826802612","field":"national_highways","kind":"toll_plaza","name":"Chaukadi","ref":null,"status":"operational","opened_on":null,"expected_completion":null,"agency":null,"source":"osm","confidence":0.9},"geometry":{"type":"Point","coordinates":[82.4171,26.7813]}},{"type":"Feature","properties":{"id":"toll_plaza:osm:node/3826802613","field":"national_highways","kind":"toll_plaza","name":"Chaukadi","ref":null,"status":"operational","opened_on":null,"expected_completion":null,"agency":null,"source":"osm","confidence":0.9},"geometry":{"type":"Point","coordinates":[82.417,26.7814]}},{"type":"Feature","properties":{"id":"toll_plaza:osm:node/3862971494","field":"national_highways","kind":"toll_plaza","name":"Patas Toll Plaza","ref":null,"status":"operational","opened_on":null,"expected_completion":null,"agency":null,"source":"osm","confidence":0.9},"geometry":{"type":"Point","coordinates":[74.4663,18.4246]}},{"type":"Feature","properties":{"id":"toll_plaza:osm:node/3957118786","field":"national_highways","kind":"toll_plaza","name":"Mansar (Kamptee - Kanhan Bypass)/ Tekadi","ref":null,"status":"operational","opened_on":null,"expected_completion":null,"agency":null,"source":"osm","confidence":0.9},"geometry":{"type":"Point","coordinates":[79.2535,21.3823]}},{"type":"Feature","properties":{"id":"toll_plaza:osm:node/4009677211","field":"national_highways","kind":"toll_plaza","name":null,"ref":null,"status":"operational","opened_on":null,"expected_completion":null,"agency":null,"source":"osm","confidence":0.9},"geometry":{"type":"Point","coordinates":[78.2734,17.5235]}},{"type":"Feature","properties":{"id":"toll_plaza:osm:node/4086254150","field":"national_highways","kind":"toll_plaza","name":null,"ref":null,"status":"operational","opened_on":null,"expected_completion":null,"agency":null,"source":"osm","confidence":0.9},"geometry":{"type":"Point","coordinates":[75.4541,11.7919]}},{"type":"Feature","properties":{"id":"toll_plaza:osm:node/4086254151","field":"national_highways","kind":"toll_plaza","name":null,"ref":null,"status":"operational","opened_on":null,"expected_completion":null,"agency":null,"source":"osm","confidence":0.9},"geometry":{"type":"Point","coordinates":[75.4542,11.7919]}},{"type":"Feature","properties":{"id":"toll_plaza:osm:node/4143908301","field":"national_highways","kind":"toll_plaza","name":null,"ref":null,"status":"operational","opened_on":null,"expected_completion":null,"agency":null,"source":"osm","confidence":0.9},"geometry":{"type":"Point","coordinates":[74.7847,13.1082]}},{"type":"Feature","properties":{"id":"toll_plaza:osm:node/4249586013","field":"national_highways","kind":"toll_plaza","name":null,"ref":null,"status":"operational","opened_on":null,"expected_completion":null,"agency":null,"source":"osm","confidence":0.9},"geometry":{"type":"Point","coordinates":[85.4679,23.4051]}},{"type":"Feature","properties":{"id":"toll_plaza:osm:node/4335283876","field":"national_highways","kind":"toll_plaza","name":null,"ref":null,"status":"operational","opened_on":null,"expected_completion":null,"agency":null,"source":"osm","confidence":0.9},"geometry":{"type":"Point","coordinates":[76.8948,28.3109]}},{"type":"Feature","properties":{"id":"toll_plaza:osm:node/4335283878","field":"national_highways","kind":"toll_plaza","name":null,"ref":null,"status":"operational","opened_on":null,"expected_completion":null,"agency":null,"source":"osm","confidence":0.9},"geometry":{"type":"Point","coordinates":[76.8958,28.3111]}},{"type":"Feature","properties":{"id":"toll_plaza:osm:node/4667590579","field":"national_highways","kind":"toll_plaza","name":"Somna","ref":null,"status":"operational","opened_on":null,"expected_completion":null,"agency":null,"source":"osm","confidence":0.9},"geometry":{"type":"Point","coordinates":[77.9459,28.0627]}},{"type":"Feature","properties":{"id":"toll_plaza:osm:node/4667590580","field":"national_highways","kind":"toll_plaza","name":"Somna","ref":null,"status":"operational","opened_on":null,"expected_completion":null,"agency":null,"source":"osm","confidence":0.9},"geometry":{"type":"Point","coordinates":[77.946,28.0628]}},{"type":"Feature","properties":{"id":"toll_plaza:osm:node/4774989599","field":"national_highways","kind":"toll_plaza","name":"Madina Korsan","ref":null,"status":"operational","opened_on":null,"expected_completion":null,"agency":null,"source":"osm","confidence":0.9},"geometry":{"type":"Point","coordinates":[76.4423,28.9267]}},{"type":"Feature","properties":{"id":"toll_plaza:osm:node/4774989865","field":"national_highways","kind":"toll_plaza","name":"Toll Plaza","ref":null,"status":"operational","opened_on":null,"expected_completion":null,"agency":null,"source":"osm","confidence":0.9},"geometry":{"type":"Point","coordinates":[76.3999,28.9376]}},{"type":"Feature","properties":{"id":"toll_plaza:osm:node/4826882773","field":"national_highways","kind":"toll_plaza","name":"Korlapadu Plaza","ref":null,"status":"operational","opened_on":null,"expected_completion":null,"agency":null,"source":"osm","confidence":0.9},"geometry":{"type":"Point","coordinates":[79.4749,17.1597]}},{"type":"Feature","properties":{"id":"toll_plaza:osm:node/4844510599","field":"national_highways","kind":"toll_plaza","name":null,"ref":null,"status":"operational","opened_on":null,"expected_completion":null,"agency":null,"source":"osm","confidence":0.9},"geometry":{"type":"Point","coordinates":[72.8248,19.0435]}},{"type":"Feature","properties":{"id":"toll_plaza:osm:node/4877281392","field":"national_highways","kind":"toll_plaza","name":null,"ref":null,"status":"operational","opened_on":null,"expected_completion":null,"agency":null,"source":"osm","confidence":0.9},"geometry":{"type":"Point","coordinates":[75.8374,19.8638]}},{"type":"Feature","properties":{"id":"toll_plaza:osm:node/5457291048","field":"national_highways","kind":"toll_plaza","name":null,"ref":null,"status":"operational","opened_on":null,"expected_completion":null,"agency":null,"source":"osm","confidence":0.9},"geometry":{"type":"Point","coordinates":[73.4784,21.1349]}},{"type":"Feature","properties":{"id":"toll_plaza:osm:node/5457291087","field":"national_highways","kind":"toll_plaza","name":null,"ref":null,"status":"operational","opened_on":null,"expected_completion":null,"agency":null,"source":"osm","confidence":0.9},"geometry":{"type":"Point","coordinates":[73.4784,21.1351]}},{"type":"Feature","properties":{"id":"toll_plaza:osm:node/5478132652","field":"national_highways","kind":"toll_plaza","name":null,"ref":null,"status":"operational","opened_on":null,"expected_completion":null,"agency":null,"source":"osm","confidence":0.9},"geometry":{"type":"Point","coordinates":[85.2835,25.8028]}},{"type":"Feature","properties":{"id":"toll_plaza:osm:node/5478143450","field":"national_highways","kind":"toll_plaza","name":null,"ref":null,"status":"operational","opened_on":null,"expected_completion":null,"agency":null,"source":"osm","confidence":0.9},"geometry":{"type":"Point","coordinates":[85.2833,25.803]}},{"type":"Feature","properties":{"id":"toll_plaza:osm:node/5486016917","field":"national_highways","kind":"toll_plaza","name":null,"ref":null,"status":"operational","opened_on":null,"expected_completion":null,"agency":null,"source":"osm","confidence":0.9},"geometry":{"type":"Point","coordinates":[73.4599,25.8297]}},{"type":"Feature","properties":{"id":"toll_plaza:osm:node/5486016921","field":"national_highways","kind":"toll_plaza","name":null,"ref":null,"status":"operational","opened_on":null,"expected_completion":null,"agency":null,"source":"osm","confidence":0.9},"geometry":{"type":"Point","coordinates":[73.4599,25.8296]}},{"type":"Feature","properties":{"id":"toll_plaza:osm:node/5486098692","field":"national_highways","kind":"toll_plaza","name":null,"ref":null,"status":"operational","opened_on":null,"expected_completion":null,"agency":null,"source":"osm","confidence":0.9},"geometry":{"type":"Point","coordinates":[73.2013,25.3712]}},{"type":"Feature","properties":{"id":"toll_plaza:osm:node/5486098694","field":"national_highways","kind":"toll_plaza","name":null,"ref":null,"status":"operational","opened_on":null,"expected_completion":null,"agency":null,"source":"osm","confidence":0.9},"geometry":{"type":"Point","coordinates":[73.2016,25.3711]}},{"type":"Feature","properties":{"id":"toll_plaza:osm:node/5489581013","field":"national_highways","kind":"toll_plaza","name":"Madina Korsan","ref":null,"status":"operational","opened_on":null,"expected_completion":null,"agency":null,"source":"osm","confidence":0.9},"geometry":{"type":"Point","coordinates":[76.4423,28.9269]}},{"type":"Feature","properties":{"id":"toll_plaza:osm:node/5489581015","field":"national_highways","kind":"toll_plaza","name":"Dahar","ref":null,"status":"operational","opened_on":null,"expected_completion":null,"agency":null,"source":"osm","confidence":0.9},"geometry":{"type":"Point","coordinates":[76.9184,29.3192]}},{"type":"Feature","properties":{"id":"toll_plaza:osm:node/5489581016","field":"national_highways","kind":"toll_plaza","name":"Dahar","ref":null,"status":"operational","opened_on":null,"expected_completion":null,"agency":null,"source":"osm","confidence":0.9},"geometry":{"type":"Point","coordinates":[76.9185,29.3191]}},{"type":"Feature","properties":{"id":"toll_plaza:osm:node/5489581017","field":"national_highways","kind":"toll_plaza","name":"Gharaunda (Karnal)","ref":null,"status":"operational","opened_on":null,"expected_completion":null,"agency":null,"source":"osm","confidence":0.9},"geometry":{"type":"Point","coordinates":[76.979,29.5844]}},{"type":"Feature","properties":{"id":"toll_plaza:osm:node/5489581019","field":"national_highways","kind":"toll_plaza","name":"Sambhu (Ghaggar)","ref":null,"status":"operational","opened_on":null,"expected_completion":null,"agency":null,"source":"osm","confidence":0.9},"geometry":{"type":"Point","coordinates":[76.7369,30.4039]}},{"type":"Feature","properties":{"id":"toll_plaza:osm:node/5489581020","field":"national_highways","kind":"toll_plaza","name":"Sambhu (Ghaggar)","ref":null,"status":"operational","opened_on":null,"expected_completion":null,"agency":null,"source":"osm","confidence":0.9},"geometry":{"type":"Point","coordinates":[76.736,30.4038]}},{"type":"Feature","properties":{"id":"toll_plaza:osm:node/5489723741","field":"national_highways","kind":"toll_plaza","name":"Joya","ref":null,"status":"operational","opened_on":null,"expected_completion":null,"agency":null,"source":"osm","confidence":0.9},"geometry":{"type":"Point","coordinates":[78.4206,28.8363]}},{"type":"Feature","properties":{"id":"toll_plaza:osm:node/5489723742","field":"national_highways","kind":"toll_plaza","name":"Joya","ref":null,"status":"operational","opened_on":null,"expected_completion":null,"agency":null,"source":"osm","confidence":0.9},"geometry":{"type":"Point","coordinates":[78.4206,28.8362]}},{"type":"Feature","properties":{"id":"toll_plaza:osm:node/5489723743","field":"national_highways","kind":"toll_plaza","name":"Brijghat","ref":null,"status":"operational","opened_on":null,"expected_completion":null,"agency":null,"source":"osm","confidence":0.9},"geometry":{"type":"Point","coordinates":[78.1082,28.7679]}},{"type":"Feature","properties":{"id":"toll_plaza:osm:node/5489723744","field":"national_highways","kind":"toll_plaza","name":"Brijghat","ref":null,"status":"operational","opened_on":null,"expected_completion":null,"agency":null,"source":"osm","confidence":0.9},"geometry":{"type":"Point","coordinates":[78.1082,28.7678]}},{"type":"Feature","properties":{"id":"toll_plaza:osm:node/5489723747","field":"national_highways","kind":"toll_plaza","name":"Siwaya","ref":null,"status":"operational","opened_on":null,"expected_completion":null,"agency":null,"source":"osm","confidence":0.9},"geometry":{"type":"Point","coordinates":[77.7111,29.0956]}},{"type":"Feature","properties":{"id":"toll_plaza:osm:node/5489723748","field":"national_highways","kind":"toll_plaza","name":"Siwaya","ref":null,"status":"operational","opened_on":null,"expected_completion":null,"agency":null,"source":"osm","confidence":0.9},"geometry":{"type":"Point","coordinates":[77.7109,29.0956]}},{"type":"Feature","properties":{"id":"toll_plaza:osm:node/5489723749","field":"national_highways","kind":"toll_plaza","name":"Lasedi","ref":null,"status":"operational","opened_on":null,"expected_completion":null,"agency":null,"source":"osm","confidence":0.9},"geometry":{"type":"Point","coordinates":[75.4816,28.712]}},{"type":"Feature","properties":{"id":"toll_plaza:osm:node/5489723750","field":"national_highways","kind":"toll_plaza","name":"Chaudhriwas","ref":null,"status":"operational","opened_on":null,"expected_completion":null,"agency":null,"source":"osm","confidence":0.9},"geometry":{"type":"Point","coordinates":[75.6045,28.9981]}},{"type":"Feature","properties":{"id":"toll_plaza:osm:node/5493839337","field":"national_highways","kind":"toll_plaza","name":"Gwalior Bypass (Mehra)","ref":null,"status":"operational","opened_on":null,"expected_completion":null,"agency":null,"source":"osm","confidence":0.9},"geometry":{"type":"Point","coordinates":[78.2408,26.1975]}},{"type":"Feature","properties":{"id":"toll_plaza:osm:node/5493839338","field":"national_highways","kind":"toll_plaza","name":"Gwalior Bypass (Mehra)","ref":null,"status":"operational","opened_on":null,"expected_completion":null,"agency":null,"source":"osm","confidence":0.9},"geometry":{"type":"Point","coordinates":[78.2406,26.1977]}},{"type":"Feature","properties":{"id":"toll_plaza:osm:node/5493839347","field":"national_highways","kind":"toll_plaza","name":"Raibha","ref":null,"status":"operational","opened_on":null,"expected_completion":null,"agency":null,"source":"osm","confidence":0.9},"geometry":{"type":"Point","coordinates":[77.8113,27.1776]}},{"type":"Feature","properties":{"id":"toll_plaza:osm:node/5494058135","field":"national_highways","kind":"toll_plaza","name":"Allonia","ref":null,"status":"operational","opened_on":null,"expected_completion":null,"agency":null,"source":"osm","confidence":0.9},"geometry":{"type":"Point","coordinates":[79.5451,22.2697]}},{"type":"Feature","properties":{"id":"toll_plaza:osm:node/5494058136","field":"national_highways","kind":"toll_plaza","name":"Allonia","ref":null,"status":"operational","opened_on":null,"expected_completion":null,"agency":null,"source":"osm","confidence":0.9},"geometry":{"type":"Point","coordinates":[79.5452,22.2697]}},{"type":"Feature","properties":{"id":"toll_plaza:osm:node/5494058920","field":"national_highways","kind":"toll_plaza","name":"Titarpani","ref":null,"status":"operational","opened_on":null,"expected_completion":null,"agency":null,"source":"osm","confidence":0.9},"geometry":{"type":"Point","coordinates":[79.0472,23.2339]}},{"type":"Feature","properties":{"id":"toll_plaza:osm:node/5494058926","field":"national_highways","kind":"toll_plaza","name":"Chitora","ref":null,"status":"operational","opened_on":null,"expected_completion":null,"agency":null,"source":"osm","confidence":0.9},"geometry":{"type":"Point","coordinates":[78.8092,23.7254]}},{"type":"Feature","properties":{"id":"toll_plaza:osm:node/5494058927","field":"national_highways","kind":"toll_plaza","name":"Chitora","ref":null,"status":"operational","opened_on":null,"expected_completion":null,"agency":null,"source":"osm","confidence":0.9},"geometry":{"type":"Point","coordinates":[78.8091,23.7254]}},{"type":"Feature","properties":{"id":"toll_plaza:osm:node/5499057458","field":"national_highways","kind":"toll_plaza","name":"Aroli","ref":null,"status":"operational","opened_on":null,"expected_completion":null,"agency":null,"source":"osm","confidence":0.9},"geometry":{"type":"Point","coordinates":[75.1991,25.0912]}},{"type":"Feature","properties":{"id":"toll_plaza:osm:node/5499057459","field":"national_highways","kind":"toll_plaza","name":"Aroli","ref":null,"status":"operational","opened_on":null,"expected_completion":null,"agency":null,"source":"osm","confidence":0.9},"geometry":{"type":"Point","coordinates":[75.199,25.0911]}},{"type":"Feature","properties":{"id":"toll_plaza:osm:node/5499155778","field":"national_highways","kind":"toll_plaza","name":null,"ref":null,"status":"operational","opened_on":null,"expected_completion":null,"agency":null,"source":"osm","confidence":0.9},"geometry":{"type":"Point","coordinates":[77.4069,25.2679]}},{"type":"Feature","properties":{"id":"toll_plaza:osm:node/5499155779","field":"national_highways","kind":"toll_plaza","name":null,"ref":null,"status":"operational","opened_on":null,"expected_completion":null,"agency":null,"source":"osm","confidence":0.9},"geometry":{"type":"Point","coordinates":[77.4063,25.2687]}},{"type":"Feature","properties":{"id":"toll_plaza:osm:node/5499195499","field":"national_highways","kind":"toll_plaza","name":"Semri","ref":null,"status":"operational","opened_on":null,"expected_completion":null,"agency":null,"source":"osm","confidence":0.9},"geometry":{"type":"Point","coordinates":[79.2104,25.88]}},{"type":"Feature","properties":{"id":"toll_plaza:osm:node/5499195500","field":"national_highways","kind":"toll_plaza","name":"Semri","ref":null,"status":"operational","opened_on":null,"expected_completion":null,"agency":null,"source":"osm","confidence":0.9},"geometry":{"type":"Point","coordinates":[79.2104,25.8799]}},{"type":"Feature","properties":{"id":"toll_plaza:osm:node/5499195675","field":"national_highways","kind":"toll_plaza","name":null,"ref":null,"status":"operational","opened_on":null,"expected_completion":null,"agency":null,"source":"osm","confidence":0.9},"geometry":{"type":"Point","coordinates":[78.8751,25.6368]}},{"type":"Feature","properties":{"id":"toll_plaza:osm:node/5499219897","field":"national_highways","kind":"toll_plaza","name":"Usaka ( Chamari)","ref":null,"status":"operational","opened_on":null,"expected_completion":null,"agency":null,"source":"osm","confidence":0.9},"geometry":{"type":"Point","coordinates":[79.578,26.0367]}},{"type":"Feature","properties":{"id":"toll_plaza:osm:node/5499219898","field":"national_highways","kind":"toll_plaza","name":"Usaka ( Chamari)","ref":null,"status":"operational","opened_on":null,"expected_completion":null,"agency":null,"source":"osm","confidence":0.9},"geometry":{"type":"Point","coordinates":[79.578,26.0366]}},{"type":"Feature","properties":{"id":"toll_plaza:osm:node/5506483034","field":"national_highways","kind":"toll_plaza","name":"Kasaba User Fee Plaza","ref":null,"status":"operational","opened_on":null,"expected_completion":null,"agency":null,"source":"osm","confidence":0.9},"geometry":{"type":"Point","coordinates":[75.7399,16.7869]}},{"type":"Feature","properties":{"id":"toll_plaza:osm:node/5506483094","field":"national_highways","kind":"toll_plaza","name":"Kasaba User Fee Plaza","ref":null,"status":"operational","opened_on":null,"expected_completion":null,"agency":null,"source":"osm","confidence":0.9},"geometry":{"type":"Point","coordinates":[75.7397,16.7868]}},{"type":"Feature","properties":{"id":"toll_plaza:osm:node/5515850749","field":"national_highways","kind":"toll_plaza","name":null,"ref":null,"status":"operational","opened_on":null,"expected_completion":null,"agency":null,"source":"osm","confidence":0.9},"geometry":{"type":"Point","coordinates":[75.7558,17.7647]}},{"type":"Feature","properties":{"id":"toll_plaza:osm:node/5536160307","field":"national_highways","kind":"toll_plaza","name":"Patas Toll Plaza","ref":null,"status":"operational","opened_on":null,"expected_completion":null,"agency":null,"source":"osm","confidence":0.9},"geometry":{"type":"Point","coordinates":[74.4661,18.4244]}},{"type":"Feature","properties":{"id":"toll_plaza:osm:node/7067975923","field":"national_highways","kind":"toll_plaza","name":null,"ref":null,"status":"operational","opened_on":null,"expected_completion":null,"agency":null,"source":"osm","confidence":0.9},"geometry":{"type":"Point","coordinates":[78.1696,9.9222]}},{"type":"Feature","properties":{"id":"toll_plaza:osm:node/7551686607","field":"national_highways","kind":"toll_plaza","name":null,"ref":null,"status":"operational","opened_on":null,"expected_completion":null,"agency":null,"source":"osm","confidence":0.9},"geometry":{"type":"Point","coordinates":[72.9505,18.9358]}},{"type":"Feature","properties":{"id":"toll_plaza:osm:node/7551686608","field":"national_highways","kind":"toll_plaza","name":null,"ref":null,"status":"operational","opened_on":null,"expected_completion":null,"agency":null,"source":"osm","confidence":0.9},"geometry":{"type":"Point","coordinates":[72.9506,18.9359]}},{"type":"Feature","properties":{"id":"toll_plaza:osm:node/7850149967","field":"national_highways","kind":"toll_plaza","name":null,"ref":null,"status":"operational","opened_on":null,"expected_completion":null,"agency":null,"source":"osm","confidence":0.9},"geometry":{"type":"Point","coordinates":[77.4046,16.0327]}},{"type":"Feature","properties":{"id":"toll_plaza:osm:node/8749660568","field":"national_highways","kind":"toll_plaza","name":null,"ref":null,"status":"operational","opened_on":null,"expected_completion":null,"agency":null,"source":"osm","confidence":0.9},"geometry":{"type":"Point","coordinates":[76.671,14.504]}},{"type":"Feature","properties":{"id":"toll_plaza:osm:node/8749660574","field":"national_highways","kind":"toll_plaza","name":null,"ref":null,"status":"operational","opened_on":null,"expected_completion":null,"agency":null,"source":"osm","confidence":0.9},"geometry":{"type":"Point","coordinates":[76.6711,14.504]}},{"type":"Feature","properties":{"id":"toll_plaza:osm:node/8749660580","field":"national_highways","kind":"toll_plaza","name":null,"ref":null,"status":"operational","opened_on":null,"expected_completion":null,"agency":null,"source":"osm","confidence":0.9},"geometry":{"type":"Point","coordinates":[76.6711,14.5039]}},{"type":"Feature","properties":{"id":"toll_plaza:osm:node/8837357236","field":"national_highways","kind":"toll_plaza","name":null,"ref":null,"status":"operational","opened_on":null,"expected_completion":null,"agency":null,"source":"osm","confidence":0.9},"geometry":{"type":"Point","coordinates":[77.6209,28.7018]}},{"type":"Feature","properties":{"id":"toll_plaza:osm:node/8837357237","field":"national_highways","kind":"toll_plaza","name":null,"ref":null,"status":"operational","opened_on":null,"expected_completion":null,"agency":null,"source":"osm","confidence":0.9},"geometry":{"type":"Point","coordinates":[77.621,28.7017]}},{"type":"Feature","properties":{"id":"toll_plaza:osm:node/8953476508","field":"national_highways","kind":"toll_plaza","name":null,"ref":null,"status":"operational","opened_on":null,"expected_completion":null,"agency":null,"source":"osm","confidence":0.9},"geometry":{"type":"Point","coordinates":[74.6665,24.5523]}},{"type":"Feature","properties":{"id":"toll_plaza:osm:node/9007811889","field":"national_highways","kind":"toll_plaza","name":null,"ref":null,"status":"operational","opened_on":null,"expected_completion":null,"agency":null,"source":"osm","confidence":0.9},"geometry":{"type":"Point","coordinates":[78.11,28.7672]}},{"type":"Feature","properties":{"id":"toll_plaza:osm:node/9007811890","field":"national_highways","kind":"toll_plaza","name":null,"ref":null,"status":"operational","opened_on":null,"expected_completion":null,"agency":null,"source":"osm","confidence":0.9},"geometry":{"type":"Point","coordinates":[78.1114,28.7666]}},{"type":"Feature","properties":{"id":"toll_plaza:osm:node/9007840418","field":"national_highways","kind":"toll_plaza","name":null,"ref":null,"status":"operational","opened_on":null,"expected_completion":null,"agency":null,"source":"osm","confidence":0.9},"geometry":{"type":"Point","coordinates":[78.3632,28.1861]}},{"type":"Feature","properties":{"id":"toll_plaza:osm:node/9010260867","field":"national_highways","kind":"toll_plaza","name":null,"ref":null,"status":"operational","opened_on":null,"expected_completion":null,"agency":null,"source":"osm","confidence":0.9},"geometry":{"type":"Point","coordinates":[83.302,26.9083]}},{"type":"Feature","properties":{"id":"toll_plaza:osm:node/9025269401","field":"national_highways","kind":"toll_plaza","name":null,"ref":null,"status":"operational","opened_on":null,"expected_completion":null,"agency":null,"source":"osm","confidence":0.9},"geometry":{"type":"Point","coordinates":[87.2466,23.1144]}},{"type":"Feature","properties":{"id":"toll_plaza:osm:node/9025424508","field":"national_highways","kind":"toll_plaza","name":null,"ref":null,"status":"operational","opened_on":null,"expected_completion":null,"agency":null,"source":"osm","confidence":0.9},"geometry":{"type":"Point","coordinates":[87.392,22.2408]}},{"type":"Feature","properties":{"id":"toll_plaza:osm:node/9025424509","field":"national_highways","kind":"toll_plaza","name":null,"ref":null,"status":"operational","opened_on":null,"expected_completion":null,"agency":null,"source":"osm","confidence":0.9},"geometry":{"type":"Point","coordinates":[87.3922,22.2408]}},{"type":"Feature","properties":{"id":"toll_plaza:osm:node/9032808537","field":"national_highways","kind":"toll_plaza","name":null,"ref":null,"status":"operational","opened_on":null,"expected_completion":null,"agency":null,"source":"osm","confidence":0.9},"geometry":{"type":"Point","coordinates":[86.1434,22.7996]}},{"type":"Feature","properties":{"id":"toll_plaza:osm:node/9032808538","field":"national_highways","kind":"toll_plaza","name":null,"ref":null,"status":"operational","opened_on":null,"expected_completion":null,"agency":null,"source":"osm","confidence":0.9},"geometry":{"type":"Point","coordinates":[86.1434,22.7999]}},{"type":"Feature","properties":{"id":"toll_plaza:osm:node/9032970169","field":"national_highways","kind":"toll_plaza","name":null,"ref":null,"status":"operational","opened_on":null,"expected_completion":null,"agency":null,"source":"osm","confidence":0.9},"geometry":{"type":"Point","coordinates":[85.5028,23.5429]}},{"type":"Feature","properties":{"id":"toll_plaza:osm:node/9032970170","field":"national_highways","kind":"toll_plaza","name":null,"ref":null,"status":"operational","opened_on":null,"expected_completion":null,"agency":null,"source":"osm","confidence":0.9},"geometry":{"type":"Point","coordinates":[85.5029,23.5428]}},{"type":"Feature","properties":{"id":"toll_plaza:osm:node/9033002526","field":"national_highways","kind":"toll_plaza","name":null,"ref":null,"status":"operational","opened_on":null,"expected_completion":null,"agency":null,"source":"osm","confidence":0.9},"geometry":{"type":"Point","coordinates":[85.7568,23.5488]}},{"type":"Feature","properties":{"id":"toll_plaza:osm:node/9035501807","field":"national_highways","kind":"toll_plaza","name":null,"ref":null,"status":"operational","opened_on":null,"expected_completion":null,"agency":null,"source":"osm","confidence":0.9},"geometry":{"type":"Point","coordinates":[86.0633,22.8901]}},{"type":"Feature","properties":{"id":"toll_plaza:osm:node/9040460469","field":"national_highways","kind":"toll_plaza","name":null,"ref":null,"status":"operational","opened_on":null,"expected_completion":null,"agency":null,"source":"osm","confidence":0.9},"geometry":{"type":"Point","coordinates":[82.4225,21.2268]}},{"type":"Feature","properties":{"id":"toll_plaza:osm:node/9052428077","field":"national_highways","kind":"toll_plaza","name":null,"ref":null,"status":"operational","opened_on":null,"expected_completion":null,"agency":null,"source":"osm","confidence":0.9},"geometry":{"type":"Point","coordinates":[78.8725,21.4714]}},{"type":"Feature","properties":{"id":"toll_plaza:osm:node/9052428078","field":"national_highways","kind":"toll_plaza","name":null,"ref":null,"status":"operational","opened_on":null,"expected_completion":null,"agency":null,"source":"osm","confidence":0.9},"geometry":{"type":"Point","coordinates":[78.8595,21.4889]}},{"type":"Feature","properties":{"id":"toll_plaza:osm:node/9062229716","field":"national_highways","kind":"toll_plaza","name":null,"ref":null,"status":"operational","opened_on":null,"expected_completion":null,"agency":null,"source":"osm","confidence":0.9},"geometry":{"type":"Point","coordinates":[73.8978,21.5347]}},{"type":"Feature","properties":{"id":"toll_plaza:osm:node/9062252017","field":"national_highways","kind":"toll_plaza","name":null,"ref":null,"status":"operational","opened_on":null,"expected_completion":null,"agency":null,"source":"osm","confidence":0.9},"geometry":{"type":"Point","coordinates":[73.8998,21.5346]}},{"type":"Feature","properties":{"id":"toll_plaza:osm:node/9077564467","field":"national_highways","kind":"toll_plaza","name":null,"ref":null,"status":"operational","opened_on":null,"expected_completion":null,"agency":null,"source":"osm","confidence":0.9},"geometry":{"type":"Point","coordinates":[74.4193,14.3594]}},{"type":"Feature","properties":{"id":"toll_plaza:osm:node/9077564538","field":"national_highways","kind":"toll_plaza","name":null,"ref":null,"status":"operational","opened_on":null,"expected_completion":null,"agency":null,"source":"osm","confidence":0.9},"geometry":{"type":"Point","coordinates":[74.4191,14.3594]}},{"type":"Feature","properties":{"id":"toll_plaza:osm:node/9297791831","field":"national_highways","kind":"toll_plaza","name":null,"ref":null,"status":"operational","opened_on":null,"expected_completion":null,"agency":null,"source":"osm","confidence":0.9},"geometry":{"type":"Point","coordinates":[85.4678,23.4051]}},{"type":"Feature","properties":{"id":"toll_plaza:osm:node/9420841288","field":"national_highways","kind":"toll_plaza","name":null,"ref":null,"status":"operational","opened_on":null,"expected_completion":null,"agency":null,"source":"osm","confidence":0.9},"geometry":{"type":"Point","coordinates":[79.3768,25.1342]}},{"type":"Feature","properties":{"id":"toll_plaza:osm:node/9420841303","field":"national_highways","kind":"toll_plaza","name":null,"ref":null,"status":"operational","opened_on":null,"expected_completion":null,"agency":null,"source":"osm","confidence":0.9},"geometry":{"type":"Point","coordinates":[79.3766,25.134]}},{"type":"Feature","properties":{"id":"toll_plaza:osm:node/9431998051","field":"national_highways","kind":"toll_plaza","name":null,"ref":null,"status":"operational","opened_on":null,"expected_completion":null,"agency":null,"source":"osm","confidence":0.9},"geometry":{"type":"Point","coordinates":[75.1859,33.5678]}},{"type":"Feature","properties":{"id":"toll_plaza:osm:node/9432129818","field":"national_highways","kind":"toll_plaza","name":null,"ref":null,"status":"operational","opened_on":null,"expected_completion":null,"agency":null,"source":"osm","confidence":0.9},"geometry":{"type":"Point","coordinates":[75.9385,25.9927]}},{"type":"Feature","properties":{"id":"toll_plaza:osm:node/9788494486","field":"national_highways","kind":"toll_plaza","name":null,"ref":null,"status":"operational","opened_on":null,"expected_completion":null,"agency":null,"source":"osm","confidence":0.9},"geometry":{"type":"Point","coordinates":[78.0709,15.741]}},{"type":"Feature","properties":{"id":"toll_plaza:osm:node/9816861639","field":"national_highways","kind":"toll_plaza","name":null,"ref":null,"status":"operational","opened_on":null,"expected_completion":null,"agency":null,"source":"osm","confidence":0.9},"geometry":{"type":"Point","coordinates":[79.0965,28.8303]}},{"type":"Feature","properties":{"id":"toll_plaza:osm:node/9816861640","field":"national_highways","kind":"toll_plaza","name":null,"ref":null,"status":"operational","opened_on":null,"expected_completion":null,"agency":null,"source":"osm","confidence":0.9},"geometry":{"type":"Point","coordinates":[79.0964,28.8305]}},{"type":"Feature","properties":{"id":"toll_plaza:osm:node/9830461282","field":"national_highways","kind":"toll_plaza","name":null,"ref":null,"status":"operational","opened_on":null,"expected_completion":null,"agency":null,"source":"osm","confidence":0.9},"geometry":{"type":"Point","coordinates":[79.0184,13.1949]}},{"type":"Feature","properties":{"id":"toll_plaza:osm:node/9867223766","field":"national_highways","kind":"toll_plaza","name":null,"ref":null,"status":"operational","opened_on":null,"expected_completion":null,"agency":null,"source":"osm","confidence":0.9},"geometry":{"type":"Point","coordinates":[78.5919,20.8011]}},{"type":"Feature","properties":{"id":"toll_plaza:osm:node/9881626425","field":"national_highways","kind":"toll_plaza","name":null,"ref":null,"status":"operational","opened_on":null,"expected_completion":null,"agency":null,"source":"osm","confidence":0.9},"geometry":{"type":"Point","coordinates":[74.5036,15.6915]}},{"type":"Feature","properties":{"id":"toll_plaza:osm:node/9881626426","field":"national_highways","kind":"toll_plaza","name":null,"ref":null,"status":"operational","opened_on":null,"expected_completion":null,"agency":null,"source":"osm","confidence":0.9},"geometry":{"type":"Point","coordinates":[74.5034,15.6915]}},{"type":"Feature","properties":{"id":"toll_plaza:osm:node/9895722590","field":"national_highways","kind":"toll_plaza","name":null,"ref":null,"status":"operational","opened_on":null,"expected_completion":null,"agency":null,"source":"osm","confidence":0.9},"geometry":{"type":"Point","coordinates":[83.2938,26.8218]}},{"type":"Feature","properties":{"id":"toll_plaza:osm:node/9895722591","field":"national_highways","kind":"toll_plaza","name":null,"ref":null,"status":"operational","opened_on":null,"expected_completion":null,"agency":null,"source":"osm","confidence":0.9},"geometry":{"type":"Point","coordinates":[83.2939,26.8218]}},{"type":"Feature","properties":{"id":"toll_plaza:osm:node/10056626339","field":"national_highways","kind":"toll_plaza","name":null,"ref":null,"status":"operational","opened_on":null,"expected_completion":null,"agency":null,"source":"osm","confidence":0.9},"geometry":{"type":"Point","coordinates":[77.7226,26.8541]}},{"type":"Feature","properties":{"id":"toll_plaza:osm:node/316741276","field":"national_highways","kind":"toll_plaza","name":null,"ref":null,"status":"operational","opened_on":null,"expected_completion":null,"agency":null,"source":"osm","confidence":0.9},"geometry":{"type":"Point","coordinates":[75.6156,26.8433]}},{"type":"Feature","properties":{"id":"toll_plaza:osm:node/316920256","field":"national_highways","kind":"toll_plaza","name":null,"ref":null,"status":"operational","opened_on":null,"expected_completion":null,"agency":null,"source":"osm","confidence":0.9},"geometry":{"type":"Point","coordinates":[73.0707,22.4532]}},{"type":"Feature","properties":{"id":"toll_plaza:osm:node/335885681","field":"national_highways","kind":"toll_plaza","name":null,"ref":null,"status":"operational","opened_on":null,"expected_completion":null,"agency":null,"source":"osm","confidence":0.9},"geometry":{"type":"Point","coordinates":[79.8347,13.1507]}},{"type":"Feature","properties":{"id":"toll_plaza:osm:node/338666200","field":"national_highways","kind":"toll_plaza","name":null,"ref":null,"status":"operational","opened_on":null,"expected_completion":null,"agency":null,"source":"osm","confidence":0.9},"geometry":{"type":"Point","coordinates":[80.1495,13.0435]}},{"type":"Feature","properties":{"id":"toll_plaza:osm:node/445476273","field":"national_highways","kind":"toll_plaza","name":null,"ref":null,"status":"operational","opened_on":null,"expected_completion":null,"agency":null,"source":"osm","confidence":0.9},"geometry":{"type":"Point","coordinates":[77.3605,13.0683]}},{"type":"Feature","properties":{"id":"toll_plaza:osm:node/510160093","field":"national_highways","kind":"toll_plaza","name":null,"ref":null,"status":"operational","opened_on":null,"expected_completion":null,"agency":null,"source":"osm","confidence":0.9},"geometry":{"type":"Point","coordinates":[73.052,20.8856]}},{"type":"Feature","properties":{"id":"toll_plaza:osm:node/510196647","field":"national_highways","kind":"toll_plaza","name":null,"ref":null,"status":"operational","opened_on":null,"expected_completion":null,"agency":null,"source":"osm","confidence":0.9},"geometry":{"type":"Point","coordinates":[73.1147,22.0145]}},{"type":"Feature","properties":{"id":"toll_plaza:osm:node/510197010","field":"national_highways","kind":"toll_plaza","name":null,"ref":null,"status":"operational","opened_on":null,"expected_completion":null,"agency":null,"source":"osm","confidence":0.9},"geometry":{"type":"Point","coordinates":[73.0608,21.7021]}},{"type":"Feature","properties":{"id":"toll_plaza:osm:node/510317580","field":"national_highways","kind":"toll_plaza","name":null,"ref":null,"status":"operational","opened_on":null,"expected_completion":null,"agency":null,"source":"osm","confidence":0.9},"geometry":{"type":"Point","coordinates":[71.7848,23.0719]}},{"type":"Feature","properties":{"id":"toll_plaza:osm:node/569607618","field":"national_highways","kind":"toll_plaza","name":null,"ref":null,"status":"operational","opened_on":null,"expected_completion":null,"agency":null,"source":"osm","confidence":0.9},"geometry":{"type":"Point","coordinates":[87.967,24.8224]}},{"type":"Feature","properties":{"id":"toll_plaza:osm:node/569929204","field":"national_highways","kind":"toll_plaza","name":null,"ref":null,"status":"operational","opened_on":null,"expected_completion":null,"agency":null,"source":"osm","confidence":0.9},"geometry":{"type":"Point","coordinates":[86.2165,20.8979]}},{"type":"Feature","properties":{"id":"toll_plaza:osm:node/569930147","field":"national_highways","kind":"toll_plaza","name":null,"ref":null,"status":"operational","opened_on":null,"expected_completion":null,"agency":null,"source":"osm","confidence":0.9},"geometry":{"type":"Point","coordinates":[87.5229,22.3969]}},{"type":"Feature","properties":{"id":"toll_plaza:osm:node/569930439","field":"national_highways","kind":"toll_plaza","name":null,"ref":null,"status":"operational","opened_on":null,"expected_completion":null,"agency":null,"source":"osm","confidence":0.9},"geometry":{"type":"Point","coordinates":[88.1817,22.573]}},{"type":"Feature","properties":{"id":"toll_plaza:osm:node/569930467","field":"national_highways","kind":"toll_plaza","name":null,"ref":null,"status":"operational","opened_on":null,"expected_completion":null,"agency":null,"source":"osm","confidence":0.9},"geometry":{"type":"Point","coordinates":[88.3166,22.5646]}},{"type":"Feature","properties":{"id":"toll_plaza:osm:node/802301593","field":"national_highways","kind":"toll_plaza","name":null,"ref":null,"status":"operational","opened_on":null,"expected_completion":null,"agency":null,"source":"osm","confidence":0.9},"geometry":{"type":"Point","coordinates":[77.069,11.0049]}},{"type":"Feature","properties":{"id":"toll_plaza:osm:node/802301815","field":"national_highways","kind":"toll_plaza","name":null,"ref":null,"status":"operational","opened_on":null,"expected_completion":null,"agency":null,"source":"osm","confidence":0.9},"geometry":{"type":"Point","coordinates":[76.9892,10.9212]}},{"type":"Feature","properties":{"id":"toll_plaza:osm:node/839113210","field":"national_highways","kind":"toll_plaza","name":null,"ref":null,"status":"operational","opened_on":null,"expected_completion":null,"agency":null,"source":"osm","confidence":0.9},"geometry":{"type":"Point","coordinates":[75.2797,14.9099]}},{"type":"Feature","properties":{"id":"toll_plaza:osm:node/839113377","field":"national_highways","kind":"toll_plaza","name":null,"ref":null,"status":"operational","opened_on":null,"expected_completion":null,"agency":null,"source":"osm","confidence":0.9},"geometry":{"type":"Point","coordinates":[75.7279,14.5567]}},{"type":"Feature","properties":{"id":"toll_plaza:osm:node/904827606","field":"national_highways","kind":"toll_plaza","name":"Khaniwade Toll Plaza","ref":null,"status":"operational","opened_on":null,"expected_completion":null,"agency":null,"source":"osm","confidence":0.9},"geometry":{"type":"Point","coordinates":[72.917,19.519]}},{"type":"Feature","properties":{"id":"toll_plaza:osm:node/904977060","field":"national_highways","kind":"toll_plaza","name":null,"ref":null,"status":"operational","opened_on":null,"expected_completion":null,"agency":null,"source":"osm","confidence":0.9},"geometry":{"type":"Point","coordinates":[87.5229,22.3971]}},{"type":"Feature","properties":{"id":"toll_plaza:osm:node/926685223","field":"national_highways","kind":"toll_plaza","name":null,"ref":null,"status":"operational","opened_on":null,"expected_completion":null,"agency":null,"source":"osm","confidence":0.9},"geometry":{"type":"Point","coordinates":[75.3647,19.9568]}},{"type":"Feature","properties":{"id":"toll_plaza:osm:node/1126049916","field":"national_highways","kind":"toll_plaza","name":null,"ref":null,"status":"operational","opened_on":null,"expected_completion":null,"agency":null,"source":"osm","confidence":0.9},"geometry":{"type":"Point","coordinates":[74.9383,15.4569]}},{"type":"Feature","properties":{"id":"toll_plaza:osm:node/1240966173","field":"national_highways","kind":"toll_plaza","name":"041","ref":null,"status":"operational","opened_on":null,"expected_completion":null,"agency":null,"source":"osm","confidence":0.9},"geometry":{"type":"Point","coordinates":[70.8296,22.3116]}},{"type":"Feature","properties":{"id":"toll_plaza:osm:node/1310594755","field":"national_highways","kind":"toll_plaza","name":"Rasoiya Dhamna","ref":null,"status":"operational","opened_on":null,"expected_completion":null,"agency":null,"source":"osm","confidence":0.9},"geometry":{"type":"Point","coordinates":[85.388,24.3234]}},{"type":"Feature","properties":{"id":"toll_plaza:osm:node/1315968816","field":"national_highways","kind":"toll_plaza","name":null,"ref":null,"status":"operational","opened_on":null,"expected_completion":null,"agency":null,"source":"osm","confidence":0.9},"geometry":{"type":"Point","coordinates":[72.6428,23.1154]}},{"type":"Feature","properties":{"id":"toll_plaza:osm:node/1315970141","field":"national_highways","kind":"toll_plaza","name":null,"ref":null,"status":"operational","opened_on":null,"expected_completion":null,"agency":null,"source":"osm","confidence":0.9},"geometry":{"type":"Point","coordinates":[72.5926,23.1286]}},{"type":"Feature","properties":{"id":"toll_plaza:osm:node/1368884167","field":"national_highways","kind":"toll_plaza","name":null,"ref":null,"status":"operational","opened_on":null,"expected_completion":null,"agency":null,"source":"osm","confidence":0.9},"geometry":{"type":"Point","coordinates":[87.152,21.7537]}},{"type":"Feature","properties":{"id":"toll_plaza:osm:node/1704795235","field":"national_highways","kind":"toll_plaza","name":"Ulundurpet Tollgate","ref":null,"status":"operational","opened_on":null,"expected_completion":null,"agency":null,"source":"osm","confidence":0.9},"geometry":{"type":"Point","coordinates":[79.3224,11.706]}},{"type":"Feature","properties":{"id":"toll_plaza:osm:node/1705393201","field":"national_highways","kind":"toll_plaza","name":"Vikravandi Toll Plaza","ref":null,"status":"operational","opened_on":null,"expected_completion":null,"agency":null,"source":"osm","confidence":0.9},"geometry":{"type":"Point","coordinates":[79.5379,12.0245]}},{"type":"Feature","properties":{"id":"toll_plaza:osm:node/1705393331","field":"national_highways","kind":"toll_plaza","name":null,"ref":null,"status":"operational","opened_on":null,"expected_completion":null,"agency":null,"source":"osm","confidence":0.9},"geometry":{"type":"Point","coordinates":[79.7799,12.3468]}},{"type":"Feature","properties":{"id":"toll_plaza:osm:node/1705458152","field":"national_highways","kind":"toll_plaza","name":"Ulundurpet Tollgate","ref":null,"status":"operational","opened_on":null,"expected_completion":null,"agency":null,"source":"osm","confidence":0.9},"geometry":{"type":"Point","coordinates":[79.3223,11.7061]}},{"type":"Feature","properties":{"id":"toll_plaza:osm:node/1705646206","field":"national_highways","kind":"toll_plaza","name":"Toll_booth Trichy -Dindigul Highway","ref":null,"status":"operational","opened_on":null,"expected_completion":null,"agency":null,"source":"osm","confidence":0.9},"geometry":{"type":"Point","coordinates":[78.257,10.5365]}},{"type":"Feature","properties":{"id":"toll_plaza:osm:node/1705646489","field":"national_highways","kind":"toll_plaza","name":"Toll_booth Trichy -Dindigul Highway","ref":null,"status":"operational","opened_on":null,"expected_completion":null,"agency":null,"source":"osm","confidence":0.9},"geometry":{"type":"Point","coordinates":[78.2571,10.5363]}},{"type":"Feature","properties":{"id":"toll_plaza:osm:node/1728843376","field":"national_highways","kind":"toll_plaza","name":"Toll Booth","ref":null,"status":"operational","opened_on":null,"expected_completion":null,"agency":null,"source":"osm","confidence":0.9},"geometry":{"type":"Point","coordinates":[75.9205,23.0613]}},{"type":"Feature","properties":{"id":"toll_plaza:osm:node/1761296450","field":"national_highways","kind":"toll_plaza","name":null,"ref":null,"status":"operational","opened_on":null,"expected_completion":null,"agency":null,"source":"osm","confidence":0.9},"geometry":{"type":"Point","coordinates":[81.3527,24.3393]}},{"type":"Feature","properties":{"id":"toll_plaza:osm:node/1798674100","field":"national_highways","kind":"toll_plaza","name":"Landhari","ref":null,"status":"operational","opened_on":null,"expected_completion":null,"agency":null,"source":"osm","confidence":0.9},"geometry":{"type":"Point","coordinates":[75.6483,29.2924]}},{"type":"Feature","properties":{"id":"toll_plaza:osm:node/1832892675","field":"national_highways","kind":"toll_plaza","name":null,"ref":null,"status":"operational","opened_on":null,"expected_completion":null,"agency":null,"source":"osm","confidence":0.9},"geometry":{"type":"Point","coordinates":[77.3039,28.4898]}},{"type":"Feature","properties":{"id":"toll_plaza:osm:node/1832892676","field":"national_highways","kind":"toll_plaza","name":null,"ref":null,"status":"operational","opened_on":null,"expected_completion":null,"agency":null,"source":"osm","confidence":0.9},"geometry":{"type":"Point","coordinates":[77.3044,28.49]}},{"type":"Feature","properties":{"id":"toll_plaza:osm:node/1837764310","field":"national_highways","kind":"toll_plaza","name":null,"ref":null,"status":"operational","opened_on":null,"expected_completion":null,"agency":null,"source":"osm","confidence":0.9},"geometry":{"type":"Point","coordinates":[73.6279,23.9935]}},{"type":"Feature","properties":{"id":"toll_plaza:osm:node/1847079452","field":"national_highways","kind":"toll_plaza","name":null,"ref":null,"status":"operational","opened_on":null,"expected_completion":null,"agency":null,"source":"osm","confidence":0.9},"geometry":{"type":"Point","coordinates":[75.958,25.8838]}},{"type":"Feature","properties":{"id":"toll_plaza:osm:node/1906793655","field":"national_highways","kind":"toll_plaza","name":null,"ref":null,"status":"operational","opened_on":null,"expected_completion":null,"agency":null,"source":"osm","confidence":0.9},"geometry":{"type":"Point","coordinates":[72.9428,19.8905]}},{"type":"Feature","properties":{"id":"toll_plaza:osm:node/1985586293","field":"national_highways","kind":"toll_plaza","name":null,"ref":null,"status":"operational","opened_on":null,"expected_completion":null,"agency":null,"source":"osm","confidence":0.9},"geometry":{"type":"Point","coordinates":[76.8131,30.5275]}},{"type":"Feature","properties":{"id":"toll_plaza:osm:node/1985586294","field":"national_highways","kind":"toll_plaza","name":null,"ref":null,"status":"operational","opened_on":null,"expected_completion":null,"agency":null,"source":"osm","confidence":0.9},"geometry":{"type":"Point","coordinates":[76.813,30.5275]}},{"type":"Feature","properties":{"id":"toll_plaza:osm:node/2044427139","field":"national_highways","kind":"toll_plaza","name":null,"ref":null,"status":"operational","opened_on":null,"expected_completion":null,"agency":null,"source":"osm","confidence":0.9},"geometry":{"type":"Point","coordinates":[77.7334,27.6601]}},{"type":"Feature","properties":{"id":"toll_plaza:osm:node/2044427145","field":"national_highways","kind":"toll_plaza","name":null,"ref":null,"status":"operational","opened_on":null,"expected_completion":null,"agency":null,"source":"osm","confidence":0.9},"geometry":{"type":"Point","coordinates":[77.7326,27.6605]}},{"type":"Feature","properties":{"id":"toll_plaza:osm:node/2130868648","field":"national_highways","kind":"toll_plaza","name":null,"ref":null,"status":"operational","opened_on":null,"expected_completion":null,"agency":null,"source":"osm","confidence":0.9},"geometry":{"type":"Point","coordinates":[77.4721,13.057]}},{"type":"Feature","properties":{"id":"toll_plaza:osm:node/2180951824","field":"national_highways","kind":"toll_plaza","name":"Toll Booth RGI ORR Exit","ref":null,"status":"operational","opened_on":null,"expected_completion":null,"agency":null,"source":"osm","confidence":0.9},"geometry":{"type":"Point","coordinates":[78.3794,17.2536]}},{"type":"Feature","properties":{"id":"toll_plaza:osm:node/2180951825","field":"national_highways","kind":"toll_plaza","name":null,"ref":null,"status":"operational","opened_on":null,"expected_completion":null,"agency":null,"source":"osm","confidence":0.9},"geometry":{"type":"Point","coordinates":[78.3798,17.2532]}},{"type":"Feature","properties":{"id":"toll_plaza:osm:node/2180951890","field":"national_highways","kind":"toll_plaza","name":"ORR Toll Plaza Entry","ref":null,"status":"operational","opened_on":null,"expected_completion":null,"agency":null,"source":"osm","confidence":0.9},"geometry":{"type":"Point","coordinates":[78.3541,17.4075]}},{"type":"Feature","properties":{"id":"toll_plaza:osm:node/2180951902","field":"national_highways","kind":"toll_plaza","name":"ORR Toll Plaza Exit","ref":null,"status":"operational","opened_on":null,"expected_completion":null,"agency":null,"source":"osm","confidence":0.9},"geometry":{"type":"Point","coordinates":[78.3539,17.4075]}},{"type":"Feature","properties":{"id":"toll_plaza:osm:node/2180952062","field":"national_highways","kind":"toll_plaza","name":null,"ref":null,"status":"operational","opened_on":null,"expected_completion":null,"agency":null,"source":"osm","confidence":0.9},"geometry":{"type":"Point","coordinates":[78.3747,17.2487]}},{"type":"Feature","properties":{"id":"toll_plaza:osm:node/2180952103","field":"national_highways","kind":"toll_plaza","name":null,"ref":null,"status":"operational","opened_on":null,"expected_completion":null,"agency":null,"source":"osm","confidence":0.9},"geometry":{"type":"Point","coordinates":[78.3753,17.2497]}},{"type":"Feature","properties":{"id":"toll_plaza:osm:node/2241091900","field":"national_highways","kind":"toll_plaza","name":null,"ref":null,"status":"operational","opened_on":null,"expected_completion":null,"agency":null,"source":"osm","confidence":0.9},"geometry":{"type":"Point","coordinates":[79.2368,21.2729]}},{"type":"Feature","properties":{"id":"toll_plaza:osm:node/2241091901","field":"national_highways","kind":"toll_plaza","name":null,"ref":null,"status":"operational","opened_on":null,"expected_completion":null,"agency":null,"source":"osm","confidence":0.9},"geometry":{"type":"Point","coordinates":[79.2365,21.2729]}},{"type":"Feature","properties":{"id":"toll_plaza:osm:node/2267473854","field":"national_highways","kind":"toll_plaza","name":null,"ref":null,"status":"operational","opened_on":null,"expected_completion":null,"agency":null,"source":"osm","confidence":0.9},"geometry":{"type":"Point","coordinates":[81.537,21.2526]}},{"type":"Feature","properties":{"id":"toll_plaza:osm:node/2267473857","field":"national_highways","kind":"toll_plaza","name":null,"ref":null,"status":"operational","opened_on":null,"expected_completion":null,"agency":null,"source":"osm","confidence":0.9},"geometry":{"type":"Point","coordinates":[81.5369,21.2528]}},{"type":"Feature","properties":{"id":"toll_plaza:osm:node/2267615642","field":"national_highways","kind":"toll_plaza","name":null,"ref":null,"status":"operational","opened_on":null,"expected_completion":null,"agency":null,"source":"osm","confidence":0.9},"geometry":{"type":"Point","coordinates":[80.8835,27.1034]}},{"type":"Feature","properties":{"id":"toll_plaza:osm:node/2267615643","field":"national_highways","kind":"toll_plaza","name":null,"ref":null,"status":"operational","opened_on":null,"expected_completion":null,"agency":null,"source":"osm","confidence":0.9},"geometry":{"type":"Point","coordinates":[80.8837,27.1035]}},{"type":"Feature","properties":{"id":"toll_plaza:osm:node/2299386904","field":"national_highways","kind":"toll_plaza","name":null,"ref":null,"status":"operational","opened_on":null,"expected_completion":null,"agency":null,"source":"osm","confidence":0.9},"geometry":{"type":"Point","coordinates":[74.7836,19.2007]}},{"type":"Feature","properties":{"id":"toll_plaza:osm:node/2382614754","field":"national_highways","kind":"toll_plaza","name":null,"ref":null,"status":"operational","opened_on":null,"expected_completion":null,"agency":null,"source":"osm","confidence":0.9},"geometry":{"type":"Point","coordinates":[71.7848,23.0716]}},{"type":"Feature","properties":{"id":"toll_plaza:osm:node/2382624450","field":"national_highways","kind":"toll_plaza","name":null,"ref":null,"status":"operational","opened_on":null,"expected_completion":null,"agency":null,"source":"osm","confidence":0.9},"geometry":{"type":"Point","coordinates":[70.9283,23.0373]}},{"type":"Feature","properties":{"id":"toll_plaza:osm:node/2431206504","field":"national_highways","kind":"toll_plaza","name":null,"ref":null,"status":"operational","opened_on":null,"expected_completion":null,"agency":null,"source":"osm","confidence":0.9},"geometry":{"type":"Point","coordinates":[77.4792,13.0554]}},{"type":"Feature","properties":{"id":"toll_plaza:osm:node/2459740931","field":"national_highways","kind":"toll_plaza","name":null,"ref":null,"status":"operational","opened_on":null,"expected_completion":null,"agency":null,"source":"osm","confidence":0.9},"geometry":{"type":"Point","coordinates":[74.9973,31.5776]}},{"type":"Feature","properties":{"id":"toll_plaza:osm:node/2459741922","field":"national_highways","kind":"toll_plaza","name":"Nijjarpura","ref":null,"status":"operational","opened_on":null,"expected_completion":null,"agency":null,"source":"osm","confidence":0.9},"geometry":{"type":"Point","coordinates":[74.9973,31.5776]}},{"type":"Feature","properties":{"id":"toll_plaza:osm:node/2473169225","field":"national_highways","kind":"toll_plaza","name":null,"ref":null,"status":"operational","opened_on":null,"expected_completion":null,"agency":null,"source":"osm","confidence":0.9},"geometry":{"type":"Point","coordinates":[78.7476,10.6242]}},{"type":"Feature","properties":{"id":"toll_plaza:osm:node/2473498184","field":"national_highways","kind":"toll_plaza","name":null,"ref":null,"status":"operational","opened_on":null,"expected_completion":null,"agency":null,"source":"osm","confidence":0.9},"geometry":{"type":"Point","coordinates":[78.117,8.8628]}},{"type":"Feature","properties":{"id":"toll_plaza:osm:node/2473498185","field":"national_highways","kind":"toll_plaza","name":null,"ref":null,"status":"operational","opened_on":null,"expected_completion":null,"agency":null,"source":"osm","confidence":0.9},"geometry":{"type":"Point","coordinates":[78.1173,8.8629]}},{"type":"Feature","properties":{"id":"toll_plaza:osm:node/2473722707","field":"national_highways","kind":"toll_plaza","name":null,"ref":null,"status":"operational","opened_on":null,"expected_completion":null,"agency":null,"source":"osm","confidence":0.9},"geometry":{"type":"Point","coordinates":[78.0947,9.783]}},{"type":"Feature","properties":{"id":"toll_plaza:osm:node/2473722710","field":"national_highways","kind":"toll_plaza","name":null,"ref":null,"status":"operational","opened_on":null,"expected_completion":null,"agency":null,"source":"osm","confidence":0.9},"geometry":{"type":"Point","coordinates":[78.0944,9.783]}},{"type":"Feature","properties":{"id":"toll_plaza:osm:node/2473923328","field":"national_highways","kind":"toll_plaza","name":null,"ref":null,"status":"operational","opened_on":null,"expected_completion":null,"agency":null,"source":"osm","confidence":0.9},"geometry":{"type":"Point","coordinates":[78.7441,10.9292]}},{"type":"Feature","properties":{"id":"toll_plaza:osm:node/2473923330","field":"national_highways","kind":"toll_plaza","name":null,"ref":null,"status":"operational","opened_on":null,"expected_completion":null,"agency":null,"source":"osm","confidence":0.9},"geometry":{"type":"Point","coordinates":[78.744,10.9294]}},{"type":"Feature","properties":{"id":"toll_plaza:osm:node/2480963126","field":"national_highways","kind":"toll_plaza","name":"Vanageri Toll Plaza","ref":null,"status":"operational","opened_on":null,"expected_completion":null,"agency":null,"source":"osm","confidence":0.9},"geometry":{"type":"Point","coordinates":[76.1748,15.8193]}},{"type":"Feature","properties":{"id":"toll_plaza:osm:node/2784785423","field":"national_highways","kind":"toll_plaza","name":null,"ref":null,"status":"operational","opened_on":null,"expected_completion":null,"agency":null,"source":"osm","confidence":0.9},"geometry":{"type":"Point","coordinates":[78.7809,11.5925]}},{"type":"Feature","properties":{"id":"toll_plaza:osm:node/2784785484","field":"national_highways","kind":"toll_plaza","name":null,"ref":null,"status":"operational","opened_on":null,"expected_completion":null,"agency":null,"source":"osm","confidence":0.9},"geometry":{"type":"Point","coordinates":[78.3306,11.6616]}},{"type":"Feature","properties":{"id":"toll_plaza:osm:node/2784785485","field":"national_highways","kind":"toll_plaza","name":null,"ref":null,"status":"operational","opened_on":null,"expected_completion":null,"agency":null,"source":"osm","confidence":0.9},"geometry":{"type":"Point","coordinates":[78.3307,11.6618]}},{"type":"Feature","properties":{"id":"toll_plaza:osm:node/2954009657","field":"national_highways","kind":"toll_plaza","name":null,"ref":null,"status":"operational","opened_on":null,"expected_completion":null,"agency":null,"source":"osm","confidence":0.9},"geometry":{"type":"Point","coordinates":[76.6235,12.9584]}},{"type":"Feature","properties":{"id":"toll_plaza:osm:node/2954631017","field":"national_highways","kind":"toll_plaza","name":null,"ref":null,"status":"operational","opened_on":null,"expected_completion":null,"agency":null,"source":"osm","confidence":0.9},"geometry":{"type":"Point","coordinates":[85.1401,19.6382]}},{"type":"Feature","properties":{"id":"toll_plaza:osm:node/2954631018","field":"national_highways","kind":"toll_plaza","name":null,"ref":null,"status":"operational","opened_on":null,"expected_completion":null,"agency":null,"source":"osm","confidence":0.9},"geometry":{"type":"Point","coordinates":[85.14,19.6382]}},{"type":"Feature","properties":{"id":"toll_plaza:osm:node/3217786046","field":"national_highways","kind":"toll_plaza","name":"Dighal","ref":null,"status":"operational","opened_on":null,"expected_completion":null,"agency":null,"source":"osm","confidence":0.9},"geometry":{"type":"Point","coordinates":[76.6213,28.7774]}},{"type":"Feature","properties":{"id":"toll_plaza:osm:node/3217786047","field":"national_highways","kind":"toll_plaza","name":"Dighal","ref":null,"status":"operational","opened_on":null,"expected_completion":null,"agency":null,"source":"osm","confidence":0.9},"geometry":{"type":"Point","coordinates":[76.6214,28.7775]}},{"type":"Feature","properties":{"id":"toll_plaza:osm:node/3294064418","field":"national_highways","kind":"toll_plaza","name":null,"ref":null,"status":"operational","opened_on":null,"expected_completion":null,"agency":null,"source":"osm","confidence":0.9},"geometry":{"type":"Point","coordinates":[78.5749,14.9796]}},{"type":"Feature","properties":{"id":"toll_plaza:osm:node/3302277334","field":"national_highways","kind":"toll_plaza","name":null,"ref":null,"status":"operational","opened_on":null,"expected_completion":null,"agency":null,"source":"osm","confidence":0.9},"geometry":{"type":"Point","coordinates":[75.0423,31.7327]}},{"type":"Feature","properties":{"id":"toll_plaza:osm:node/206291071","field":"national_highways","kind":"toll_plaza","name":"Vashi Toll Plaza","ref":null,"status":"operational","opened_on":null,"expected_completion":null,"agency":null,"source":"osm","confidence":0.9},"geometry":{"type":"Point","coordinates":[72.9805,19.0641]}},{"type":"Feature","properties":{"id":"toll_plaza:osm:node/312726323","field":"national_highways","kind":"toll_plaza","name":null,"ref":null,"status":"operational","opened_on":null,"expected_completion":null,"agency":null,"source":"osm","confidence":0.9},"geometry":{"type":"Point","coordinates":[78.896,21.193]}},{"type":"Feature","properties":{"id":"toll_plaza:osm:node/343371732","field":"national_highways","kind":"toll_plaza","name":null,"ref":null,"status":"operational","opened_on":null,"expected_completion":null,"agency":null,"source":"osm","confidence":0.9},"geometry":{"type":"Point","coordinates":[74.1234,18.6944]}},{"type":"Feature","properties":{"id":"toll_plaza:osm:node/440615944","field":"national_highways","kind":"toll_plaza","name":null,"ref":null,"status":"operational","opened_on":null,"expected_completion":null,"agency":null,"source":"osm","confidence":0.9},"geometry":{"type":"Point","coordinates":[72.6637,22.9838]}},{"type":"Feature","properties":{"id":"toll_plaza:osm:node/459504845","field":"national_highways","kind":"toll_plaza","name":null,"ref":null,"status":"operational","opened_on":null,"expected_completion":null,"agency":null,"source":"osm","confidence":0.9},"geometry":{"type":"Point","coordinates":[77.6558,12.8588]}},{"type":"Feature","properties":{"id":"toll_plaza:osm:node/533708752","field":"national_highways","kind":"toll_plaza","name":"Khalapur Toll Plaza","ref":null,"status":"operational","opened_on":null,"expected_completion":null,"agency":null,"source":"osm","confidence":0.9},"geometry":{"type":"Point","coordinates":[73.2852,18.801]}},{"type":"Feature","properties":{"id":"toll_plaza:osm:node/692168912","field":"national_highways","kind":"toll_plaza","name":null,"ref":null,"status":"operational","opened_on":null,"expected_completion":null,"agency":null,"source":"osm","confidence":0.9},"geometry":{"type":"Point","coordinates":[74.6477,15.7631]}},{"type":"Feature","properties":{"id":"toll_plaza:osm:node/773204561","field":"national_highways","kind":"toll_plaza","name":null,"ref":null,"status":"operational","opened_on":null,"expected_completion":null,"agency":null,"source":"osm","confidence":0.9},"geometry":{"type":"Point","coordinates":[77.7944,10.194]}},{"type":"Feature","properties":{"id":"toll_plaza:osm:node/1070247352","field":"national_highways","kind":"toll_plaza","name":null,"ref":null,"status":"operational","opened_on":null,"expected_completion":null,"agency":null,"source":"osm","confidence":0.9},"geometry":{"type":"Point","coordinates":[79.9161,14.3123]}},{"type":"Feature","properties":{"id":"toll_plaza:osm:node/1110309030","field":"national_highways","kind":"toll_plaza","name":null,"ref":null,"status":"operational","opened_on":null,"expected_completion":null,"agency":null,"source":"osm","confidence":0.9},"geometry":{"type":"Point","coordinates":[77.4704,12.9014]}},{"type":"Feature","properties":{"id":"toll_plaza:osm:node/1110309088","field":"national_highways","kind":"toll_plaza","name":null,"ref":null,"status":"operational","opened_on":null,"expected_completion":null,"agency":null,"source":"osm","confidence":0.9},"geometry":{"type":"Point","coordinates":[77.4703,12.9013]}},{"type":"Feature","properties":{"id":"toll_plaza:osm:node/1150463478","field":"national_highways","kind":"toll_plaza","name":null,"ref":null,"status":"operational","opened_on":null,"expected_completion":null,"agency":null,"source":"osm","confidence":0.9},"geometry":{"type":"Point","coordinates":[81.9407,26.3044]}},{"type":"Feature","properties":{"id":"toll_plaza:osm:node/1365119541","field":"national_highways","kind":"toll_plaza","name":"Dharamtar Toll Naka","ref":null,"status":"operational","opened_on":null,"expected_completion":null,"agency":null,"source":"osm","confidence":0.9},"geometry":{"type":"Point","coordinates":[73.0357,18.7034]}},{"type":"Feature","properties":{"id":"toll_plaza:osm:node/1447312218","field":"national_highways","kind":"toll_plaza","name":null,"ref":null,"status":"operational","opened_on":null,"expected_completion":null,"agency":null,"source":"osm","confidence":0.9},"geometry":{"type":"Point","coordinates":[76.7256,30.4101]}},{"type":"Feature","properties":{"id":"toll_plaza:osm:node/1817639599","field":"national_highways","kind":"toll_plaza","name":null,"ref":null,"status":"operational","opened_on":null,"expected_completion":null,"agency":null,"source":"osm","confidence":0.9},"geometry":{"type":"Point","coordinates":[79.8944,14.0598]}},{"type":"Feature","properties":{"id":"toll_plaza:osm:node/1830560590","field":"national_highways","kind":"toll_plaza","name":null,"ref":null,"status":"operational","opened_on":null,"expected_completion":null,"agency":null,"source":"osm","confidence":0.9},"geometry":{"type":"Point","coordinates":[76.3893,31.0145]}},{"type":"Feature","properties":{"id":"toll_plaza:osm:node/1830574495","field":"national_highways","kind":"toll_plaza","name":null,"ref":null,"status":"operational","opened_on":null,"expected_completion":null,"agency":null,"source":"osm","confidence":0.9},"geometry":{"type":"Point","coordinates":[76.5454,30.9081]}},{"type":"Feature","properties":{"id":"toll_plaza:osm:node/1870222585","field":"national_highways","kind":"toll_plaza","name":null,"ref":null,"status":"operational","opened_on":null,"expected_completion":null,"agency":null,"source":"osm","confidence":0.9},"geometry":{"type":"Point","coordinates":[78.5813,10.6413]}},{"type":"Feature","properties":{"id":"toll_plaza:osm:node/1870225525","field":"national_highways","kind":"toll_plaza","name":null,"ref":null,"status":"operational","opened_on":null,"expected_completion":null,"agency":null,"source":"osm","confidence":0.9},"geometry":{"type":"Point","coordinates":[78.244,9.9897]}},{"type":"Feature","properties":{"id":"toll_plaza:osm:node/1945556554","field":"national_highways","kind":"toll_plaza","name":null,"ref":null,"status":"operational","opened_on":null,"expected_completion":null,"agency":null,"source":"osm","confidence":0.9},"geometry":{"type":"Point","coordinates":[78.2442,9.9896]}},{"type":"Feature","properties":{"id":"toll_plaza:osm:node/2054883473","field":"national_highways","kind":"toll_plaza","name":null,"ref":null,"status":"operational","opened_on":null,"expected_completion":null,"agency":null,"source":"osm","confidence":0.9},"geometry":{"type":"Point","coordinates":[78.9517,12.9059]}},{"type":"Feature","properties":{"id":"toll_plaza:osm:node/2055111109","field":"national_highways","kind":"toll_plaza","name":"Jaitpur","ref":null,"status":"operational","opened_on":null,"expected_completion":null,"agency":null,"source":"osm","confidence":0.9},"geometry":{"type":"Point","coordinates":[79.6007,22.55]}},{"type":"Feature","properties":{"id":"toll_plaza:osm:node/2055111110","field":"national_highways","kind":"toll_plaza","name":"Jaitpur","ref":null,"status":"operational","opened_on":null,"expected_completion":null,"agency":null,"source":"osm","confidence":0.9},"geometry":{"type":"Point","coordinates":[79.6006,22.55]}},{"type":"Feature","properties":{"id":"toll_plaza:osm:node/2188391769","field":"national_highways","kind":"toll_plaza","name":null,"ref":null,"status":"operational","opened_on":null,"expected_completion":null,"agency":null,"source":"osm","confidence":0.9},"geometry":{"type":"Point","coordinates":[78.3592,17.3503]}},{"type":"Feature","properties":{"id":"toll_plaza:osm:node/2215898743","field":"national_highways","kind":"toll_plaza","name":null,"ref":null,"status":"operational","opened_on":null,"expected_completion":null,"agency":null,"source":"osm","confidence":0.9},"geometry":{"type":"Point","coordinates":[73.8466,18.6868]}},{"type":"Feature","properties":{"id":"toll_plaza:osm:node/2215898746","field":"national_highways","kind":"toll_plaza","name":null,"ref":null,"status":"operational","opened_on":null,"expected_completion":null,"agency":null,"source":"osm","confidence":0.9},"geometry":{"type":"Point","coordinates":[73.8467,18.6868]}},{"type":"Feature","properties":{"id":"toll_plaza:osm:node/2215899617","field":"national_highways","kind":"toll_plaza","name":null,"ref":null,"status":"operational","opened_on":null,"expected_completion":null,"agency":null,"source":"osm","confidence":0.9},"geometry":{"type":"Point","coordinates":[73.8801,18.8378]}},{"type":"Feature","properties":{"id":"toll_plaza:osm:node/2215899618","field":"national_highways","kind":"toll_plaza","name":null,"ref":null,"status":"operational","opened_on":null,"expected_completion":null,"agency":null,"source":"osm","confidence":0.9},"geometry":{"type":"Point","coordinates":[73.88,18.8379]}},{"type":"Feature","properties":{"id":"toll_plaza:osm:node/2244736139","field":"national_highways","kind":"toll_plaza","name":"Bagepalli","ref":null,"status":"operational","opened_on":null,"expected_completion":null,"agency":null,"source":"osm","confidence":0.9},"geometry":{"type":"Point","coordinates":[77.7644,13.793]}},{"type":"Feature","properties":{"id":"toll_plaza:osm:node/2244738652","field":"national_highways","kind":"toll_plaza","name":"Marur","ref":null,"status":"operational","opened_on":null,"expected_completion":null,"agency":null,"source":"osm","confidence":0.9},"geometry":{"type":"Point","coordinates":[77.6315,14.502]}},{"type":"Feature","properties":{"id":"toll_plaza:osm:node/2244738653","field":"national_highways","kind":"toll_plaza","name":"Marur","ref":null,"status":"operational","opened_on":null,"expected_completion":null,"agency":null,"source":"osm","confidence":0.9},"geometry":{"type":"Point","coordinates":[77.6312,14.502]}},{"type":"Feature","properties":{"id":"toll_plaza:osm:node/2268360188","field":"national_highways","kind":"toll_plaza","name":null,"ref":null,"status":"operational","opened_on":null,"expected_completion":null,"agency":null,"source":"osm","confidence":0.9},"geometry":{"type":"Point","coordinates":[78.0157,26.0978]}},{"type":"Feature","properties":{"id":"toll_plaza:osm:node/2268547858","field":"national_highways","kind":"toll_plaza","name":null,"ref":null,"status":"operational","opened_on":null,"expected_completion":null,"agency":null,"source":"osm","confidence":0.9},"geometry":{"type":"Point","coordinates":[77.2615,24.6203]}},{"type":"Feature","properties":{"id":"toll_plaza:osm:node/2268547863","field":"national_highways","kind":"toll_plaza","name":null,"ref":null,"status":"operational","opened_on":null,"expected_completion":null,"agency":null,"source":"osm","confidence":0.9},"geometry":{"type":"Point","coordinates":[77.2613,24.6204]}},{"type":"Feature","properties":{"id":"toll_plaza:osm:node/2268743507","field":"national_highways","kind":"toll_plaza","name":"Songir","ref":null,"status":"operational","opened_on":null,"expected_completion":null,"agency":null,"source":"osm","confidence":0.9},"geometry":{"type":"Point","coordinates":[74.7849,21.051]}},{"type":"Feature","properties":{"id":"toll_plaza:osm:node/2268743510","field":"national_highways","kind":"toll_plaza","name":"Songir","ref":null,"status":"operational","opened_on":null,"expected_completion":null,"agency":null,"source":"osm","confidence":0.9},"geometry":{"type":"Point","coordinates":[74.7851,21.051]}},{"type":"Feature","properties":{"id":"toll_plaza:osm:node/2268744254","field":"national_highways","kind":"toll_plaza","name":"Shirpur","ref":null,"status":"operational","opened_on":null,"expected_completion":null,"agency":null,"source":"osm","confidence":0.9},"geometry":{"type":"Point","coordinates":[74.8893,21.3196]}},{"type":"Feature","properties":{"id":"toll_plaza:osm:node/2268744255","field":"national_highways","kind":"toll_plaza","name":"Shirpur","ref":null,"status":"operational","opened_on":null,"expected_completion":null,"agency":null,"source":"osm","confidence":0.9},"geometry":{"type":"Point","coordinates":[74.8892,21.3198]}},{"type":"Feature","properties":{"id":"toll_plaza:osm:node/2269053023","field":"national_highways","kind":"toll_plaza","name":null,"ref":null,"status":"operational","opened_on":null,"expected_completion":null,"agency":null,"source":"osm","confidence":0.9},"geometry":{"type":"Point","coordinates":[74.7544,20.833]}},{"type":"Feature","properties":{"id":"toll_plaza:osm:node/2269053024","field":"national_highways","kind":"toll_plaza","name":null,"ref":null,"status":"operational","opened_on":null,"expected_completion":null,"agency":null,"source":"osm","confidence":0.9},"geometry":{"type":"Point","coordinates":[74.7542,20.8331]}},{"type":"Feature","properties":{"id":"toll_plaza:osm:node/2269081498","field":"national_highways","kind":"toll_plaza","name":null,"ref":null,"status":"operational","opened_on":null,"expected_completion":null,"agency":null,"source":"osm","confidence":0.9},"geometry":{"type":"Point","coordinates":[74.2108,20.325]}},{"type":"Feature","properties":{"id":"toll_plaza:osm:node/2269109237","field":"national_highways","kind":"toll_plaza","name":"Pimpalgaon","ref":null,"status":"operational","opened_on":null,"expected_completion":null,"agency":null,"source":"osm","confidence":0.9},"geometry":{"type":"Point","coordinates":[73.9763,20.1419]}},{"type":"Feature","properties":{"id":"toll_plaza:osm:node/2293897943","field":"national_highways","kind":"toll_plaza","name":null,"ref":null,"status":"operational","opened_on":null,"expected_completion":null,"agency":null,"source":"osm","confidence":0.9},"geometry":{"type":"Point","coordinates":[72.5785,24.5956]}},{"type":"Feature","properties":{"id":"toll_plaza:osm:node/2447513315","field":"national_highways","kind":"toll_plaza","name":"Vaikundam Toll Gate","ref":null,"status":"operational","opened_on":null,"expected_completion":null,"agency":null,"source":"osm","confidence":0.9},"geometry":{"type":"Point","coordinates":[77.9238,11.5135]}},{"type":"Feature","properties":{"id":"toll_plaza:osm:node/2476290713","field":"national_highways","kind":"toll_plaza","name":null,"ref":null,"status":"operational","opened_on":null,"expected_completion":null,"agency":null,"source":"osm","confidence":0.9},"geometry":{"type":"Point","coordinates":[79.0783,13.3756]}},{"type":"Feature","properties":{"id":"toll_plaza:osm:node/2476344287","field":"national_highways","kind":"toll_plaza","name":null,"ref":null,"status":"operational","opened_on":null,"expected_completion":null,"agency":null,"source":"osm","confidence":0.9},"geometry":{"type":"Point","coordinates":[78.5746,14.9795]}},{"type":"Feature","properties":{"id":"toll_plaza:osm:node/11030760087","field":"national_highways","kind":"toll_plaza","name":"Sohna Gurgaon Toll","ref":null,"status":"operational","opened_on":null,"expected_completion":null,"agency":null,"source":"osm","confidence":0.9},"geometry":{"type":"Point","coordinates":[77.0677,28.3335]}},{"type":"Feature","properties":{"id":"toll_plaza:osm:node/11030760088","field":"national_highways","kind":"toll_plaza","name":"Sohna Gurgaon Toll","ref":null,"status":"operational","opened_on":null,"expected_completion":null,"agency":null,"source":"osm","confidence":0.9},"geometry":{"type":"Point","coordinates":[77.0675,28.3335]}},{"type":"Feature","properties":{"id":"toll_plaza:osm:node/11110461996","field":"national_highways","kind":"toll_plaza","name":null,"ref":null,"status":"operational","opened_on":null,"expected_completion":null,"agency":null,"source":"osm","confidence":0.9},"geometry":{"type":"Point","coordinates":[76.8228,28.5717]}},{"type":"Feature","properties":{"id":"toll_plaza:osm:node/11262604497","field":"national_highways","kind":"toll_plaza","name":null,"ref":null,"status":"operational","opened_on":null,"expected_completion":null,"agency":null,"source":"osm","confidence":0.9},"geometry":{"type":"Point","coordinates":[77.3247,28.6762]}},{"type":"Feature","properties":{"id":"toll_plaza:osm:node/11411631041","field":"national_highways","kind":"toll_plaza","name":null,"ref":null,"status":"operational","opened_on":null,"expected_completion":null,"agency":null,"source":"osm","confidence":0.9},"geometry":{"type":"Point","coordinates":[78.3652,14.7705]}},{"type":"Feature","properties":{"id":"toll_plaza:osm:node/11554057594","field":"national_highways","kind":"toll_plaza","name":null,"ref":null,"status":"operational","opened_on":null,"expected_completion":null,"agency":null,"source":"osm","confidence":0.9},"geometry":{"type":"Point","coordinates":[82.384,23.2944]}},{"type":"Feature","properties":{"id":"toll_plaza:osm:node/11780002605","field":"national_highways","kind":"toll_plaza","name":null,"ref":null,"status":"operational","opened_on":null,"expected_completion":null,"agency":null,"source":"osm","confidence":0.9},"geometry":{"type":"Point","coordinates":[81.2207,16.3199]}},{"type":"Feature","properties":{"id":"toll_plaza:osm:node/11832296313","field":"national_highways","kind":"toll_plaza","name":"Waifal Toll","ref":null,"status":"operational","opened_on":null,"expected_completion":null,"agency":null,"source":"osm","confidence":0.9},"geometry":{"type":"Point","coordinates":[78.9321,20.978]}},{"type":"Feature","properties":{"id":"toll_plaza:osm:node/11832296314","field":"national_highways","kind":"toll_plaza","name":"Waifal Toll","ref":null,"status":"operational","opened_on":null,"expected_completion":null,"agency":null,"source":"osm","confidence":0.9},"geometry":{"type":"Point","coordinates":[78.9321,20.9784]}},{"type":"Feature","properties":{"id":"toll_plaza:osm:node/11874823527","field":"national_highways","kind":"toll_plaza","name":null,"ref":null,"status":"operational","opened_on":null,"expected_completion":null,"agency":null,"source":"osm","confidence":0.9},"geometry":{"type":"Point","coordinates":[76.737,23.5855]}},{"type":"Feature","properties":{"id":"toll_plaza:osm:node/11957969755","field":"national_highways","kind":"toll_plaza","name":null,"ref":null,"status":"operational","opened_on":null,"expected_completion":null,"agency":null,"source":"osm","confidence":0.9},"geometry":{"type":"Point","coordinates":[77.0253,28.9102]}},{"type":"Feature","properties":{"id":"toll_plaza:osm:node/11957969756","field":"national_highways","kind":"toll_plaza","name":null,"ref":null,"status":"operational","opened_on":null,"expected_completion":null,"agency":null,"source":"osm","confidence":0.9},"geometry":{"type":"Point","coordinates":[77.0253,28.9101]}},{"type":"Feature","properties":{"id":"toll_plaza:osm:node/11958005130","field":"national_highways","kind":"toll_plaza","name":null,"ref":null,"status":"operational","opened_on":null,"expected_completion":null,"agency":null,"source":"osm","confidence":0.9},"geometry":{"type":"Point","coordinates":[77.1612,28.9173]}},{"type":"Feature","properties":{"id":"toll_plaza:osm:node/11958005131","field":"national_highways","kind":"toll_plaza","name":null,"ref":null,"status":"operational","opened_on":null,"expected_completion":null,"agency":null,"source":"osm","confidence":0.9},"geometry":{"type":"Point","coordinates":[77.1611,28.9168]}},{"type":"Feature","properties":{"id":"toll_plaza:osm:node/11962675155","field":"national_highways","kind":"toll_plaza","name":null,"ref":null,"status":"operational","opened_on":null,"expected_completion":null,"agency":null,"source":"osm","confidence":0.9},"geometry":{"type":"Point","coordinates":[82.3394,26.0544]}},{"type":"Feature","properties":{"id":"toll_plaza:osm:node/11971548578","field":"national_highways","kind":"toll_plaza","name":null,"ref":null,"status":"operational","opened_on":null,"expected_completion":null,"agency":null,"source":"osm","confidence":0.9},"geometry":{"type":"Point","coordinates":[78.2861,27.7915]}},{"type":"Feature","properties":{"id":"toll_plaza:osm:node/11971548635","field":"national_highways","kind":"toll_plaza","name":null,"ref":null,"status":"operational","opened_on":null,"expected_completion":null,"agency":null,"source":"osm","confidence":0.9},"geometry":{"type":"Point","coordinates":[78.2866,27.7919]}},{"type":"Feature","properties":{"id":"toll_plaza:osm:node/11974753874","field":"national_highways","kind":"toll_plaza","name":null,"ref":null,"status":"operational","opened_on":null,"expected_completion":null,"agency":null,"source":"osm","confidence":0.9},"geometry":{"type":"Point","coordinates":[78.8875,18.0003]}},{"type":"Feature","properties":{"id":"toll_plaza:osm:node/11989934178","field":"national_highways","kind":"toll_plaza","name":null,"ref":null,"status":"operational","opened_on":null,"expected_completion":null,"agency":null,"source":"osm","confidence":0.9},"geometry":{"type":"Point","coordinates":[85.2941,20.9373]}},{"type":"Feature","properties":{"id":"toll_plaza:osm:node/12119971061","field":"national_highways","kind":"toll_plaza","name":null,"ref":null,"status":"operational","opened_on":null,"expected_completion":null,"agency":null,"source":"osm","confidence":0.9},"geometry":{"type":"Point","coordinates":[77.2154,28.6944]}},{"type":"Feature","properties":{"id":"toll_plaza:osm:node/12463302441","field":"national_highways","kind":"toll_plaza","name":"Talegaon Toll Plaza","ref":null,"status":"operational","opened_on":null,"expected_completion":null,"agency":null,"source":"osm","confidence":0.9},"geometry":{"type":"Point","coordinates":[73.6246,18.714]}},{"type":"Feature","properties":{"id":"toll_plaza:osm:node/12463302442","field":"national_highways","kind":"toll_plaza","name":"Talegaon Toll Plaza","ref":null,"status":"operational","opened_on":null,"expected_completion":null,"agency":null,"source":"osm","confidence":0.9},"geometry":{"type":"Point","coordinates":[73.6294,18.715]}},{"type":"Feature","properties":{"id":"toll_plaza:osm:node/12669631300","field":"national_highways","kind":"toll_plaza","name":null,"ref":null,"status":"operational","opened_on":null,"expected_completion":null,"agency":null,"source":"osm","confidence":0.9},"geometry":{"type":"Point","coordinates":[93.8398,27.0843]}},{"type":"Feature","properties":{"id":"toll_plaza:osm:node/12819996738","field":"national_highways","kind":"toll_plaza","name":null,"ref":null,"status":"operational","opened_on":null,"expected_completion":null,"agency":null,"source":"osm","confidence":0.9},"geometry":{"type":"Point","coordinates":[86.2871,23.389]}},{"type":"Feature","properties":{"id":"toll_plaza:osm:node/12830459375","field":"national_highways","kind":"toll_plaza","name":null,"ref":null,"status":"operational","opened_on":null,"expected_completion":null,"agency":null,"source":"osm","confidence":0.9},"geometry":{"type":"Point","coordinates":[79.0725,15.466]}},{"type":"Feature","properties":{"id":"toll_plaza:osm:node/13105254783","field":"national_highways","kind":"toll_plaza","name":null,"ref":null,"status":"operational","opened_on":null,"expected_completion":null,"agency":null,"source":"osm","confidence":0.9},"geometry":{"type":"Point","coordinates":[72.1129,25.3936]}},{"type":"Feature","properties":{"id":"toll_plaza:osm:node/13105254786","field":"national_highways","kind":"toll_plaza","name":null,"ref":null,"status":"operational","opened_on":null,"expected_completion":null,"agency":null,"source":"osm","confidence":0.9},"geometry":{"type":"Point","coordinates":[72.1136,25.3932]}},{"type":"Feature","properties":{"id":"toll_plaza:osm:node/13227408996","field":"national_highways","kind":"toll_plaza","name":"Toll gate","ref":null,"status":"operational","opened_on":null,"expected_completion":null,"agency":null,"source":"osm","confidence":0.9},"geometry":{"type":"Point","coordinates":[88.4097,22.9676]}},{"type":"Feature","properties":{"id":"toll_plaza:osm:node/13587331566","field":"national_highways","kind":"toll_plaza","name":null,"ref":null,"status":"operational","opened_on":null,"expected_completion":null,"agency":null,"source":"osm","confidence":0.9},"geometry":{"type":"Point","coordinates":[83.2839,18.146]}},{"type":"Feature","properties":{"id":"toll_plaza:osm:node/13720105393","field":"national_highways","kind":"toll_plaza","name":null,"ref":null,"status":"operational","opened_on":null,"expected_completion":null,"agency":null,"source":"osm","confidence":0.9},"geometry":{"type":"Point","coordinates":[77.2689,28.754]}},{"type":"Feature","properties":{"id":"toll_plaza:osm:node/13720105394","field":"national_highways","kind":"toll_plaza","name":null,"ref":null,"status":"operational","opened_on":null,"expected_completion":null,"agency":null,"source":"osm","confidence":0.9},"geometry":{"type":"Point","coordinates":[77.2674,28.7513]}},{"type":"Feature","properties":{"id":"toll_plaza:osm:node/13909224151","field":"national_highways","kind":"toll_plaza","name":null,"ref":null,"status":"operational","opened_on":null,"expected_completion":null,"agency":null,"source":"osm","confidence":0.9},"geometry":{"type":"Point","coordinates":[81.5278,17.0508]}},{"type":"Feature","properties":{"id":"toll_plaza:osm:node/13909224152","field":"national_highways","kind":"toll_plaza","name":null,"ref":null,"status":"operational","opened_on":null,"expected_completion":null,"agency":null,"source":"osm","confidence":0.9},"geometry":{"type":"Point","coordinates":[81.5279,17.0508]}},{"type":"Feature","properties":{"id":"toll_plaza:osm:node/13913445687","field":"national_highways","kind":"toll_plaza","name":"Bajathur Barike Toll","ref":null,"status":"operational","opened_on":null,"expected_completion":null,"agency":null,"source":"osm","confidence":0.9},"geometry":{"type":"Point","coordinates":[75.3166,12.8491]}},{"type":"Feature","properties":{"id":"toll_plaza:osm:node/13913445688","field":"national_highways","kind":"toll_plaza","name":"Bajathur Barike Toll","ref":null,"status":"operational","opened_on":null,"expected_completion":null,"agency":null,"source":"osm","confidence":0.9},"geometry":{"type":"Point","coordinates":[75.3166,12.849]}},{"type":"Feature","properties":{"id":"toll_plaza:osm:node/13984755883","field":"national_highways","kind":"toll_plaza","name":null,"ref":null,"status":"operational","opened_on":null,"expected_completion":null,"agency":null,"source":"osm","confidence":0.9},"geometry":{"type":"Point","coordinates":[80.6302,17.1492]}},{"type":"Feature","properties":{"id":"toll_plaza:osm:node/13984755884","field":"national_highways","kind":"toll_plaza","name":null,"ref":null,"status":"operational","opened_on":null,"expected_completion":null,"agency":null,"source":"osm","confidence":0.9},"geometry":{"type":"Point","coordinates":[80.628,17.1496]}},{"type":"Feature","properties":{"id":"toll_plaza:osm:node/13984755885","field":"national_highways","kind":"toll_plaza","name":null,"ref":null,"status":"operational","opened_on":null,"expected_completion":null,"agency":null,"source":"osm","confidence":0.9},"geometry":{"type":"Point","coordinates":[80.6281,17.15]}},{"type":"Feature","properties":{"id":"toll_plaza:osm:node/14173154951","field":"national_highways","kind":"toll_plaza","name":null,"ref":null,"status":"operational","opened_on":null,"expected_completion":null,"agency":null,"source":"osm","confidence":0.9},"geometry":{"type":"Point","coordinates":[69.9099,21.3182]}},{"type":"Feature","properties":{"id":"toll_plaza:osm:node/105616977","field":"national_highways","kind":"toll_plaza","name":"Nijjarpura","ref":null,"status":"operational","opened_on":null,"expected_completion":null,"agency":null,"source":"osm","confidence":0.9},"geometry":{"type":"Point","coordinates":[74.9972,31.5775]}},{"type":"Feature","properties":{"id":"toll_plaza:osm:node/245628525","field":"national_highways","kind":"toll_plaza","name":"Sonampetty","ref":null,"status":"operational","opened_on":null,"expected_completion":null,"agency":null,"source":"osm","confidence":0.9},"geometry":{"type":"Point","coordinates":[79.9789,14.6938]}},{"type":"Feature","properties":{"id":"toll_plaza:osm:node/315731888","field":"national_highways","kind":"toll_plaza","name":"Amoli Toll Plaza","ref":null,"status":"operational","opened_on":null,"expected_completion":null,"agency":null,"source":"osm","confidence":0.9},"geometry":{"type":"Point","coordinates":[77.0909,27.1013]}},{"type":"Feature","properties":{"id":"toll_plaza:osm:node/315731954","field":"national_highways","kind":"toll_plaza","name":"Ludhewai Toll Plaza","ref":null,"status":"operational","opened_on":null,"expected_completion":null,"agency":null,"source":"osm","confidence":0.9},"geometry":{"type":"Point","coordinates":[77.4168,27.1784]}},{"type":"Feature","properties":{"id":"toll_plaza:osm:node/315733005","field":"national_highways","kind":"toll_plaza","name":null,"ref":null,"status":"operational","opened_on":null,"expected_completion":null,"agency":null,"source":"osm","confidence":0.9},"geometry":{"type":"Point","coordinates":[76.5575,26.9445]}},{"type":"Feature","properties":{"id":"toll_plaza:osm:node/350392787","field":"national_highways","kind":"toll_plaza","name":null,"ref":null,"status":"operational","opened_on":null,"expected_completion":null,"agency":null,"source":"osm","confidence":0.9},"geometry":{"type":"Point","coordinates":[81.2311,24.5152]}},{"type":"Feature","properties":{"id":"toll_plaza:osm:node/448467387","field":"national_highways","kind":"toll_plaza","name":null,"ref":null,"status":"operational","opened_on":null,"expected_completion":null,"agency":null,"source":"osm","confidence":0.9},"geometry":{"type":"Point","coordinates":[78.1253,30.2094]}},{"type":"Feature","properties":{"id":"toll_plaza:osm:node/471965534","field":"national_highways","kind":"toll_plaza","name":null,"ref":null,"status":"operational","opened_on":null,"expected_completion":null,"agency":null,"source":"osm","confidence":0.9},"geometry":{"type":"Point","coordinates":[76.9458,10.8956]}},{"type":"Feature","properties":{"id":"toll_plaza:osm:node/477193652","field":"national_highways","kind":"toll_plaza","name":"Toll Plaza","ref":null,"status":"operational","opened_on":null,"expected_completion":null,"agency":null,"source":"osm","confidence":0.9},"geometry":{"type":"Point","coordinates":[75.7906,30.989]}},{"type":"Feature","properties":{"id":"toll_plaza:osm:node/569317565","field":"national_highways","kind":"toll_plaza","name":null,"ref":null,"status":"operational","opened_on":null,"expected_completion":null,"agency":null,"source":"osm","confidence":0.9},"geometry":{"type":"Point","coordinates":[89.8332,26.1369]}},{"type":"Feature","properties":{"id":"toll_plaza:osm:node/603685859","field":"national_highways","kind":"toll_plaza","name":"Indore Dewas (Indore side)","ref":null,"status":"operational","opened_on":null,"expected_completion":null,"agency":null,"source":"osm","confidence":0.9},"geometry":{"type":"Point","coordinates":[76.0843,22.9595]}},{"type":"Feature","properties":{"id":"toll_plaza:osm:node/660699849","field":"national_highways","kind":"toll_plaza","name":null,"ref":null,"status":"operational","opened_on":null,"expected_completion":null,"agency":null,"source":"osm","confidence":0.9},"geometry":{"type":"Point","coordinates":[80.3243,16.7182]}},{"type":"Feature","properties":{"id":"toll_plaza:osm:node/748400252","field":"national_highways","kind":"toll_plaza","name":null,"ref":null,"status":"operational","opened_on":null,"expected_completion":null,"agency":null,"source":"osm","confidence":0.9},"geometry":{"type":"Point","coordinates":[75.1946,19.7798]}},{"type":"Feature","properties":{"id":"toll_plaza:osm:node/792279407","field":"national_highways","kind":"toll_plaza","name":null,"ref":null,"status":"operational","opened_on":null,"expected_completion":null,"agency":null,"source":"osm","confidence":0.9},"geometry":{"type":"Point","coordinates":[79.982,12.7242]}},{"type":"Feature","properties":{"id":"toll_plaza:osm:node/968057478","field":"national_highways","kind":"toll_plaza","name":null,"ref":null,"status":"operational","opened_on":null,"expected_completion":null,"agency":null,"source":"osm","confidence":0.9},"geometry":{"type":"Point","coordinates":[78.7707,10.2996]}},{"type":"Feature","properties":{"id":"toll_plaza:osm:node/1078664195","field":"national_highways","kind":"toll_plaza","name":null,"ref":null,"status":"operational","opened_on":null,"expected_completion":null,"agency":null,"source":"osm","confidence":0.9},"geometry":{"type":"Point","coordinates":[73.0717,19.0976]}},{"type":"Feature","properties":{"id":"toll_plaza:osm:node/1185821056","field":"national_highways","kind":"toll_plaza","name":null,"ref":null,"status":"operational","opened_on":null,"expected_completion":null,"agency":null,"source":"osm","confidence":0.9},"geometry":{"type":"Point","coordinates":[72.9173,20.435]}},{"type":"Feature","properties":{"id":"toll_plaza:osm:node/1185821061","field":"national_highways","kind":"toll_plaza","name":null,"ref":null,"status":"operational","opened_on":null,"expected_completion":null,"agency":null,"source":"osm","confidence":0.9},"geometry":{"type":"Point","coordinates":[72.8846,20.2615]}},{"type":"Feature","properties":{"id":"toll_plaza:osm:node/1330190347","field":"national_highways","kind":"toll_plaza","name":"Dankuni","ref":null,"status":"operational","opened_on":null,"expected_completion":null,"agency":null,"source":"osm","confidence":0.9},"geometry":{"type":"Point","coordinates":[88.2888,22.6988]}},{"type":"Feature","properties":{"id":"toll_plaza:osm:node/1330190349","field":"national_highways","kind":"toll_plaza","name":"Dankuni","ref":null,"status":"operational","opened_on":null,"expected_completion":null,"agency":null,"source":"osm","confidence":0.9},"geometry":{"type":"Point","coordinates":[88.2889,22.6989]}},{"type":"Feature","properties":{"id":"toll_plaza:osm:node/1330190767","field":"national_highways","kind":"toll_plaza","name":"Palsit","ref":null,"status":"operational","opened_on":null,"expected_completion":null,"agency":null,"source":"osm","confidence":0.9},"geometry":{"type":"Point","coordinates":[88.0263,23.1787]}},{"type":"Feature","properties":{"id":"toll_plaza:osm:node/1330190768","field":"national_highways","kind":"toll_plaza","name":"Palsit","ref":null,"status":"operational","opened_on":null,"expected_completion":null,"agency":null,"source":"osm","confidence":0.9},"geometry":{"type":"Point","coordinates":[88.0264,23.1787]}},{"type":"Feature","properties":{"id":"toll_plaza:osm:node/1330216635","field":"national_highways","kind":"toll_plaza","name":"Nivedita Setu","ref":null,"status":"operational","opened_on":null,"expected_completion":null,"agency":null,"source":"osm","confidence":0.9},"geometry":{"type":"Point","coordinates":[88.3251,22.6541]}},{"type":"Feature","properties":{"id":"toll_plaza:osm:node/1330216657","field":"national_highways","kind":"toll_plaza","name":"Nivedita Setu","ref":null,"status":"operational","opened_on":null,"expected_completion":null,"agency":null,"source":"osm","confidence":0.9},"geometry":{"type":"Point","coordinates":[88.3251,22.6545]}},{"type":"Feature","properties":{"id":"toll_plaza:osm:node/1418667978","field":"national_highways","kind":"toll_plaza","name":null,"ref":null,"status":"operational","opened_on":null,"expected_completion":null,"agency":null,"source":"osm","confidence":0.9},"geometry":{"type":"Point","coordinates":[75.0761,27.7256]}},{"type":"Feature","properties":{"id":"toll_plaza:osm:node/1448720414","field":"national_highways","kind":"toll_plaza","name":null,"ref":null,"status":"operational","opened_on":null,"expected_completion":null,"agency":null,"source":"osm","confidence":0.9},"geometry":{"type":"Point","coordinates":[72.5925,23.1284]}},{"type":"Feature","properties":{"id":"toll_plaza:osm:node/1676894944","field":"national_highways","kind":"toll_plaza","name":null,"ref":null,"status":"operational","opened_on":null,"expected_completion":null,"agency":null,"source":"osm","confidence":0.9},"geometry":{"type":"Point","coordinates":[73.1145,28.0042]}},{"type":"Feature","properties":{"id":"toll_plaza:osm:node/1802090177","field":"national_highways","kind":"toll_plaza","name":"Panipat Bypass Toll","ref":null,"status":"operational","opened_on":null,"expected_completion":null,"agency":null,"source":"osm","confidence":0.9},"geometry":{"type":"Point","coordinates":[76.9704,29.4333]}},{"type":"Feature","properties":{"id":"toll_plaza:osm:node/1802090178","field":"national_highways","kind":"toll_plaza","name":"Panipat Bypass Toll","ref":null,"status":"operational","opened_on":null,"expected_completion":null,"agency":null,"source":"osm","confidence":0.9},"geometry":{"type":"Point","coordinates":[76.9699,29.4334]}},{"type":"Feature","properties":{"id":"toll_plaza:osm:node/1815764432","field":"national_highways","kind":"toll_plaza","name":null,"ref":null,"status":"operational","opened_on":null,"expected_completion":null,"agency":null,"source":"osm","confidence":0.9},"geometry":{"type":"Point","coordinates":[77.3253,28.0982]}},{"type":"Feature","properties":{"id":"toll_plaza:osm:node/1815764468","field":"national_highways","kind":"toll_plaza","name":null,"ref":null,"status":"operational","opened_on":null,"expected_completion":null,"agency":null,"source":"osm","confidence":0.9},"geometry":{"type":"Point","coordinates":[77.3051,28.1022]}},{"type":"Feature","properties":{"id":"toll_plaza:osm:node/1815764469","field":"national_highways","kind":"toll_plaza","name":null,"ref":null,"status":"operational","opened_on":null,"expected_completion":null,"agency":null,"source":"osm","confidence":0.9},"geometry":{"type":"Point","coordinates":[77.3051,28.1024]}},{"type":"Feature","properties":{"id":"toll_plaza:osm:node/1942853993","field":"national_highways","kind":"toll_plaza","name":null,"ref":null,"status":"operational","opened_on":null,"expected_completion":null,"agency":null,"source":"osm","confidence":0.9},"geometry":{"type":"Point","coordinates":[77.5043,12.8858]}},{"type":"Feature","properties":{"id":"toll_plaza:osm:node/1942853998","field":"national_highways","kind":"toll_plaza","name":null,"ref":null,"status":"operational","opened_on":null,"expected_completion":null,"agency":null,"source":"osm","confidence":0.9},"geometry":{"type":"Point","coordinates":[77.5005,12.8839]}},{"type":"Feature","properties":{"id":"toll_plaza:osm:node/1942854006","field":"national_highways","kind":"toll_plaza","name":null,"ref":null,"status":"operational","opened_on":null,"expected_completion":null,"agency":null,"source":"osm","confidence":0.9},"geometry":{"type":"Point","coordinates":[77.5047,12.8855]}},{"type":"Feature","properties":{"id":"toll_plaza:osm:node/1942854012","field":"national_highways","kind":"toll_plaza","name":null,"ref":null,"status":"operational","opened_on":null,"expected_completion":null,"agency":null,"source":"osm","confidence":0.9},"geometry":{"type":"Point","coordinates":[77.5009,12.8833]}},{"type":"Feature","properties":{"id":"toll_plaza:osm:node/2075269159","field":"national_highways","kind":"toll_plaza","name":null,"ref":null,"status":"operational","opened_on":null,"expected_completion":null,"agency":null,"source":"osm","confidence":0.9},"geometry":{"type":"Point","coordinates":[81.8032,24.3956]}},{"type":"Feature","properties":{"id":"toll_plaza:osm:node/2147389417","field":"national_highways","kind":"toll_plaza","name":"Attibele (BETL)","ref":null,"status":"operational","opened_on":null,"expected_completion":null,"agency":null,"source":"osm","confidence":0.9},"geometry":{"type":"Point","coordinates":[77.7772,12.777]}},{"type":"Feature","properties":{"id":"toll_plaza:osm:node/2246485998","field":"national_highways","kind":"toll_plaza","name":null,"ref":null,"status":"operational","opened_on":null,"expected_completion":null,"agency":null,"source":"osm","confidence":0.9},"geometry":{"type":"Point","coordinates":[78.0805,12.0065]}},{"type":"Feature","properties":{"id":"toll_plaza:osm:node/2247638116","field":"national_highways","kind":"toll_plaza","name":null,"ref":null,"status":"operational","opened_on":null,"expected_completion":null,"agency":null,"source":"osm","confidence":0.9},"geometry":{"type":"Point","coordinates":[78.2504,17.462]}},{"type":"Feature","properties":{"id":"toll_plaza:osm:node/2247638127","field":"national_highways","kind":"toll_plaza","name":null,"ref":null,"status":"operational","opened_on":null,"expected_completion":null,"agency":null,"source":"osm","confidence":0.9},"geometry":{"type":"Point","coordinates":[78.25,17.4639]}},{"type":"Feature","properties":{"id":"toll_plaza:osm:node/2247638193","field":"national_highways","kind":"toll_plaza","name":null,"ref":null,"status":"operational","opened_on":null,"expected_completion":null,"agency":null,"source":"osm","confidence":0.9},"geometry":{"type":"Point","coordinates":[78.2489,17.4645]}},{"type":"Feature","properties":{"id":"toll_plaza:osm:node/2247638222","field":"national_highways","kind":"toll_plaza","name":null,"ref":null,"status":"operational","opened_on":null,"expected_completion":null,"agency":null,"source":"osm","confidence":0.9},"geometry":{"type":"Point","coordinates":[78.2492,17.4623]}},{"type":"Feature","properties":{"id":"toll_plaza:osm:node/2257292411","field":"national_highways","kind":"toll_plaza","name":"Khemana","ref":null,"status":"operational","opened_on":null,"expected_completion":null,"agency":null,"source":"osm","confidence":0.9},"geometry":{"type":"Point","coordinates":[72.4628,24.2413]}},{"type":"Feature","properties":{"id":"toll_plaza:osm:node/2271183451","field":"national_highways","kind":"toll_plaza","name":null,"ref":null,"status":"operational","opened_on":null,"expected_completion":null,"agency":null,"source":"osm","confidence":0.9},"geometry":{"type":"Point","coordinates":[71.3727,23.0013]}},{"type":"Feature","properties":{"id":"toll_plaza:osm:node/2271183455","field":"national_highways","kind":"toll_plaza","name":null,"ref":null,"status":"operational","opened_on":null,"expected_completion":null,"agency":null,"source":"osm","confidence":0.9},"geometry":{"type":"Point","coordinates":[71.3727,23.0015]}},{"type":"Feature","properties":{"id":"toll_plaza:osm:node/2282995155","field":"national_highways","kind":"toll_plaza","name":null,"ref":null,"status":"operational","opened_on":null,"expected_completion":null,"agency":null,"source":"osm","confidence":0.9},"geometry":{"type":"Point","coordinates":[86.1655,20.6788]}},{"type":"Feature","properties":{"id":"toll_plaza:osm:node/2283031281","field":"national_highways","kind":"toll_plaza","name":null,"ref":null,"status":"operational","opened_on":null,"expected_completion":null,"agency":null,"source":"osm","confidence":0.9},"geometry":{"type":"Point","coordinates":[86.1656,20.6789]}},{"type":"Feature","properties":{"id":"toll_plaza:osm:node/2283909753","field":"national_highways","kind":"toll_plaza","name":null,"ref":null,"status":"operational","opened_on":null,"expected_completion":null,"agency":null,"source":"osm","confidence":0.9},"geometry":{"type":"Point","coordinates":[80.3244,16.718]}},{"type":"Feature","properties":{"id":"toll_plaza:osm:node/2289479098","field":"national_highways","kind":"toll_plaza","name":null,"ref":null,"status":"operational","opened_on":null,"expected_completion":null,"agency":null,"source":"osm","confidence":0.9},"geometry":{"type":"Point","coordinates":[72.9143,19.4968]}},{"type":"Feature","properties":{"id":"toll_plaza:osm:node/2289976841","field":"national_highways","kind":"toll_plaza","name":null,"ref":null,"status":"operational","opened_on":null,"expected_completion":null,"agency":null,"source":"osm","confidence":0.9},"geometry":{"type":"Point","coordinates":[73.0523,20.8858]}},{"type":"Feature","properties":{"id":"toll_plaza:osm:node/2289980981","field":"national_highways","kind":"toll_plaza","name":null,"ref":null,"status":"operational","opened_on":null,"expected_completion":null,"agency":null,"source":"osm","confidence":0.9},"geometry":{"type":"Point","coordinates":[72.9542,21.3031]}},{"type":"Feature","properties":{"id":"toll_plaza:osm:node/2289980982","field":"national_highways","kind":"toll_plaza","name":null,"ref":null,"status":"operational","opened_on":null,"expected_completion":null,"agency":null,"source":"osm","confidence":0.9},"geometry":{"type":"Point","coordinates":[72.954,21.3031]}},{"type":"Feature","properties":{"id":"toll_plaza:osm:node/2290013368","field":"national_highways","kind":"toll_plaza","name":null,"ref":null,"status":"operational","opened_on":null,"expected_completion":null,"agency":null,"source":"osm","confidence":0.9},"geometry":{"type":"Point","coordinates":[73.1154,22.0148]}},{"type":"Feature","properties":{"id":"toll_plaza:osm:node/2290049672","field":"national_highways","kind":"toll_plaza","name":"Vadwal Toll Booth","ref":null,"status":"operational","opened_on":null,"expected_completion":null,"agency":null,"source":"osm","confidence":0.9},"geometry":{"type":"Point","coordinates":[73.2766,18.7894]}},{"type":"Feature","properties":{"id":"toll_plaza:osm:node/2290095618","field":"national_highways","kind":"toll_plaza","name":"Dharamtar Toll Naka","ref":null,"status":"operational","opened_on":null,"expected_completion":null,"agency":null,"source":"osm","confidence":0.9},"geometry":{"type":"Point","coordinates":[73.0356,18.7034]}},{"type":"Feature","properties":{"id":"toll_plaza:osm:node/2379108045","field":"national_highways","kind":"toll_plaza","name":null,"ref":null,"status":"operational","opened_on":null,"expected_completion":null,"agency":null,"source":"osm","confidence":0.9},"geometry":{"type":"Point","coordinates":[76.2096,20.4781]}},{"type":"Feature","properties":{"id":"toll_plaza:osm:node/2477284934","field":"national_highways","kind":"toll_plaza","name":null,"ref":null,"status":"operational","opened_on":null,"expected_completion":null,"agency":null,"source":"osm","confidence":0.9},"geometry":{"type":"Point","coordinates":[75.2942,33.1306]}},{"type":"Feature","properties":{"id":"toll_plaza:osm:node/245691184","field":"national_highways","kind":"toll_plaza","name":null,"ref":null,"status":"operational","opened_on":null,"expected_completion":null,"agency":null,"source":"osm","confidence":0.9},"geometry":{"type":"Point","coordinates":[76.2025,20.8261]}},{"type":"Feature","properties":{"id":"toll_plaza:osm:node/283091489","field":"national_highways","kind":"toll_plaza","name":null,"ref":null,"status":"operational","opened_on":null,"expected_completion":null,"agency":null,"source":"osm","confidence":0.9},"geometry":{"type":"Point","coordinates":[77.0889,11.0608]}},{"type":"Feature","properties":{"id":"toll_plaza:osm:node/283092400","field":"national_highways","kind":"toll_plaza","name":"Vijayamangalam Toll","ref":null,"status":"operational","opened_on":null,"expected_completion":null,"agency":null,"source":"osm","confidence":0.9},"geometry":{"type":"Point","coordinates":[77.5197,11.2455]}},{"type":"Feature","properties":{"id":"toll_plaza:osm:node/283103460","field":"national_highways","kind":"toll_plaza","name":null,"ref":null,"status":"operational","opened_on":null,"expected_completion":null,"agency":null,"source":"osm","confidence":0.9},"geometry":{"type":"Point","coordinates":[77.924,11.5132]}},{"type":"Feature","properties":{"id":"toll_plaza:osm:node/283138803","field":"national_highways","kind":"toll_plaza","name":null,"ref":null,"status":"operational","opened_on":null,"expected_completion":null,"agency":null,"source":"osm","confidence":0.9},"geometry":{"type":"Point","coordinates":[73.4397,18.7602]}},{"type":"Feature","properties":{"id":"toll_plaza:osm:node/349126518","field":"national_highways","kind":"toll_plaza","name":null,"ref":null,"status":"operational","opened_on":null,"expected_completion":null,"agency":null,"source":"osm","confidence":0.9},"geometry":{"type":"Point","coordinates":[72.9171,20.435]}},{"type":"Feature","properties":{"id":"toll_plaza:osm:node/349129219","field":"national_highways","kind":"toll_plaza","name":null,"ref":null,"status":"operational","opened_on":null,"expected_completion":null,"agency":null,"source":"osm","confidence":0.9},"geometry":{"type":"Point","coordinates":[72.9426,19.8904]}},{"type":"Feature","properties":{"id":"toll_plaza:osm:node/349131075","field":"national_highways","kind":"toll_plaza","name":null,"ref":null,"status":"operational","opened_on":null,"expected_completion":null,"agency":null,"source":"osm","confidence":0.9},"geometry":{"type":"Point","coordinates":[72.9142,19.4969]}},{"type":"Feature","properties":{"id":"toll_plaza:osm:node/456359264","field":"national_highways","kind":"toll_plaza","name":null,"ref":null,"status":"operational","opened_on":null,"expected_completion":null,"agency":null,"source":"osm","confidence":0.9},"geometry":{"type":"Point","coordinates":[78.8858,29.2435]}},{"type":"Feature","properties":{"id":"toll_plaza:osm:node/457459986","field":"national_highways","kind":"toll_plaza","name":null,"ref":null,"status":"operational","opened_on":null,"expected_completion":null,"agency":null,"source":"osm","confidence":0.9},"geometry":{"type":"Point","coordinates":[72.8245,19.0431]}},{"type":"Feature","properties":{"id":"toll_plaza:osm:node/594903849","field":"national_highways","kind":"toll_plaza","name":"Toll Plaza Kumbalam","ref":null,"status":"operational","opened_on":null,"expected_completion":null,"agency":null,"source":"osm","confidence":0.9},"geometry":{"type":"Point","coordinates":[76.3136,9.8953]}},{"type":"Feature","properties":{"id":"toll_plaza:osm:node/623201771","field":"national_highways","kind":"toll_plaza","name":null,"ref":null,"status":"operational","opened_on":null,"expected_completion":null,"agency":null,"source":"osm","confidence":0.9},"geometry":{"type":"Point","coordinates":[78.1698,9.9222]}},{"type":"Feature","properties":{"id":"toll_plaza:osm:node/733538535","field":"national_highways","kind":"toll_plaza","name":null,"ref":null,"status":"operational","opened_on":null,"expected_completion":null,"agency":null,"source":"osm","confidence":0.9},"geometry":{"type":"Point","coordinates":[78.0586,21.0828]}},{"type":"Feature","properties":{"id":"toll_plaza:osm:node/836659569","field":"national_highways","kind":"toll_plaza","name":null,"ref":null,"status":"operational","opened_on":null,"expected_completion":null,"agency":null,"source":"osm","confidence":0.9},"geometry":{"type":"Point","coordinates":[73.6278,23.9937]}},{"type":"Feature","properties":{"id":"toll_plaza:osm:node/836660893","field":"national_highways","kind":"toll_plaza","name":null,"ref":null,"status":"operational","opened_on":null,"expected_completion":null,"agency":null,"source":"osm","confidence":0.9},"geometry":{"type":"Point","coordinates":[73.2543,23.6162]}},{"type":"Feature","properties":{"id":"toll_plaza:osm:node/836663546","field":"national_highways","kind":"toll_plaza","name":null,"ref":null,"status":"operational","opened_on":null,"expected_completion":null,"agency":null,"source":"osm","confidence":0.9},"geometry":{"type":"Point","coordinates":[73.3964,23.7197]}},{"type":"Feature","properties":{"id":"toll_plaza:osm:node/836663829","field":"national_highways","kind":"toll_plaza","name":"Narayanpura","ref":null,"status":"operational","opened_on":null,"expected_completion":null,"agency":null,"source":"osm","confidence":0.9},"geometry":{"type":"Point","coordinates":[74.2318,24.6137]}},{"type":"Feature","properties":{"id":"toll_plaza:osm:node/913409300","field":"national_highways","kind":"toll_plaza","name":null,"ref":null,"status":"operational","opened_on":null,"expected_completion":null,"agency":null,"source":"osm","confidence":0.9},"geometry":{"type":"Point","coordinates":[73.4655,18.055]}},{"type":"Feature","properties":{"id":"toll_plaza:osm:node/1004163363","field":"national_highways","kind":"toll_plaza","name":"Korai Toll Plaza","ref":null,"status":"operational","opened_on":null,"expected_completion":null,"agency":null,"source":"osm","confidence":0.9},"geometry":{"type":"Point","coordinates":[77.7159,27.1149]}},{"type":"Feature","properties":{"id":"toll_plaza:osm:node/1004163529","field":"national_highways","kind":"toll_plaza","name":"Korai Toll Plaza","ref":null,"status":"operational","opened_on":null,"expected_completion":null,"agency":null,"source":"osm","confidence":0.9},"geometry":{"type":"Point","coordinates":[77.7159,27.115]}},{"type":"Feature","properties":{"id":"toll_plaza:osm:node/1074446930","field":"national_highways","kind":"toll_plaza","name":null,"ref":null,"status":"operational","opened_on":null,"expected_completion":null,"agency":null,"source":"osm","confidence":0.9},"geometry":{"type":"Point","coordinates":[85.4941,26.3736]}},{"type":"Feature","properties":{"id":"toll_plaza:osm:node/1192534111","field":"national_highways","kind":"toll_plaza","name":null,"ref":null,"status":"operational","opened_on":null,"expected_completion":null,"agency":null,"source":"osm","confidence":0.9},"geometry":{"type":"Point","coordinates":[77.6675,12.8457]}},{"type":"Feature","properties":{"id":"toll_plaza:osm:node/1192534195","field":"national_highways","kind":"toll_plaza","name":"Elevated Section/ Electronic City","ref":null,"status":"operational","opened_on":null,"expected_completion":null,"agency":null,"source":"osm","confidence":0.9},"geometry":{"type":"Point","coordinates":[77.6717,12.8462]}},{"type":"Feature","properties":{"id":"toll_plaza:osm:node/1365826533","field":"national_highways","kind":"toll_plaza","name":null,"ref":null,"status":"operational","opened_on":null,"expected_completion":null,"agency":null,"source":"osm","confidence":0.9},"geometry":{"type":"Point","coordinates":[76.9541,11.8881]}},{"type":"Feature","properties":{"id":"toll_plaza:osm:node/1377771727","field":"national_highways","kind":"toll_plaza","name":"Shivapur Toll Plaza","ref":null,"status":"operational","opened_on":null,"expected_completion":null,"agency":null,"source":"osm","confidence":0.9},"geometry":{"type":"Point","coordinates":[73.8524,18.3314]}},{"type":"Feature","properties":{"id":"toll_plaza:osm:node/1431033472","field":"national_highways","kind":"toll_plaza","name":null,"ref":null,"status":"operational","opened_on":null,"expected_completion":null,"agency":null,"source":"osm","confidence":0.9},"geometry":{"type":"Point","coordinates":[81.288,21.2145]}},{"type":"Feature","properties":{"id":"toll_plaza:osm:node/1462433561","field":"national_highways","kind":"toll_plaza","name":null,"ref":null,"status":"operational","opened_on":null,"expected_completion":null,"agency":null,"source":"osm","confidence":0.9},"geometry":{"type":"Point","coordinates":[77.3745,13.1146]}},{"type":"Feature","properties":{"id":"toll_plaza:osm:node/1602342687","field":"national_highways","kind":"toll_plaza","name":null,"ref":null,"status":"operational","opened_on":null,"expected_completion":null,"agency":null,"source":"osm","confidence":0.9},"geometry":{"type":"Point","coordinates":[77.1458,31.8994]}},{"type":"Feature","properties":{"id":"toll_plaza:osm:node/1645524582","field":"national_highways","kind":"toll_plaza","name":null,"ref":null,"status":"operational","opened_on":null,"expected_completion":null,"agency":null,"source":"osm","confidence":0.9},"geometry":{"type":"Point","coordinates":[73.1789,18.9474]}},{"type":"Feature","properties":{"id":"toll_plaza:osm:node/1802400063","field":"national_highways","kind":"toll_plaza","name":null,"ref":null,"status":"operational","opened_on":null,"expected_completion":null,"agency":null,"source":"osm","confidence":0.9},"geometry":{"type":"Point","coordinates":[74.4929,25.275]}},{"type":"Feature","properties":{"id":"toll_plaza:osm:node/1861762345","field":"national_highways","kind":"toll_plaza","name":null,"ref":null,"status":"operational","opened_on":null,"expected_completion":null,"agency":null,"source":"osm","confidence":0.9},"geometry":{"type":"Point","coordinates":[75.8346,27.0869]}},{"type":"Feature","properties":{"id":"toll_plaza:osm:node/1861762346","field":"national_highways","kind":"toll_plaza","name":null,"ref":null,"status":"operational","opened_on":null,"expected_completion":null,"agency":null,"source":"osm","confidence":0.9},"geometry":{"type":"Point","coordinates":[75.8344,27.0869]}},{"type":"Feature","properties":{"id":"toll_plaza:osm:node/1927109785","field":"national_highways","kind":"toll_plaza","name":null,"ref":null,"status":"operational","opened_on":null,"expected_completion":null,"agency":null,"source":"osm","confidence":0.9},"geometry":{"type":"Point","coordinates":[76.5606,14.0538]}},{"type":"Feature","properties":{"id":"toll_plaza:osm:node/2085368998","field":"national_highways","kind":"toll_plaza","name":"Indalwai","ref":null,"status":"operational","opened_on":null,"expected_completion":null,"agency":null,"source":"osm","confidence":0.9},"geometry":{"type":"Point","coordinates":[78.2399,18.5382]}},{"type":"Feature","properties":{"id":"toll_plaza:osm:node/2160223045","field":"national_highways","kind":"toll_plaza","name":"Mohania","ref":null,"status":"operational","opened_on":null,"expected_completion":null,"agency":null,"source":"osm","confidence":0.9},"geometry":{"type":"Point","coordinates":[83.5616,25.1883]}},{"type":"Feature","properties":{"id":"toll_plaza:osm:node/2160599357","field":"national_highways","kind":"toll_plaza","name":null,"ref":null,"status":"operational","opened_on":null,"expected_completion":null,"agency":null,"source":"osm","confidence":0.9},"geometry":{"type":"Point","coordinates":[82.059,23.2493]}},{"type":"Feature","properties":{"id":"toll_plaza:osm:node/2186040510","field":"national_highways","kind":"toll_plaza","name":"Fatehpur","ref":null,"status":"operational","opened_on":null,"expected_completion":null,"agency":null,"source":"osm","confidence":0.9},"geometry":{"type":"Point","coordinates":[76.573,25.1219]}},{"type":"Feature","properties":{"id":"toll_plaza:osm:node/2240084717","field":"national_highways","kind":"toll_plaza","name":"Ahmadpur","ref":null,"status":"operational","opened_on":null,"expected_completion":null,"agency":null,"source":"osm","confidence":0.9},"geometry":{"type":"Point","coordinates":[81.4224,26.8583]}},{"type":"Feature","properties":{"id":"toll_plaza:osm:node/2261532063","field":"national_highways","kind":"toll_plaza","name":"Malera","ref":null,"status":"operational","opened_on":null,"expected_completion":null,"agency":null,"source":"osm","confidence":0.9},"geometry":{"type":"Point","coordinates":[73.0937,24.7124]}},{"type":"Feature","properties":{"id":"toll_plaza:osm:node/2261532064","field":"national_highways","kind":"toll_plaza","name":"Malera","ref":null,"status":"operational","opened_on":null,"expected_completion":null,"agency":null,"source":"osm","confidence":0.9},"geometry":{"type":"Point","coordinates":[73.0938,24.7124]}},{"type":"Feature","properties":{"id":"toll_plaza:osm:node/2261532325","field":"national_highways","kind":"toll_plaza","name":"Gogunda (Jaswantgarh)","ref":null,"status":"operational","opened_on":null,"expected_completion":null,"agency":null,"source":"osm","confidence":0.9},"geometry":{"type":"Point","coordinates":[73.5239,24.7661]}},{"type":"Feature","properties":{"id":"toll_plaza:osm:node/2261532327","field":"national_highways","kind":"toll_plaza","name":"Gogunda (Jaswantgarh)","ref":null,"status":"operational","opened_on":null,"expected_completion":null,"agency":null,"source":"osm","confidence":0.9},"geometry":{"type":"Point","coordinates":[73.5241,24.7662]}},{"type":"Feature","properties":{"id":"toll_plaza:osm:node/2261532457","field":"national_highways","kind":"toll_plaza","name":"Bassi","ref":null,"status":"operational","opened_on":null,"expected_completion":null,"agency":null,"source":"osm","confidence":0.9},"geometry":{"type":"Point","coordinates":[74.8177,25.0338]}},{"type":"Feature","properties":{"id":"toll_plaza:osm:node/2261532460","field":"national_highways","kind":"toll_plaza","name":"Bassi","ref":null,"status":"operational","opened_on":null,"expected_completion":null,"agency":null,"source":"osm","confidence":0.9},"geometry":{"type":"Point","coordinates":[74.8176,25.034]}},{"type":"Feature","properties":{"id":"toll_plaza:osm:node/2277003892","field":"national_highways","kind":"toll_plaza","name":null,"ref":null,"status":"operational","opened_on":null,"expected_completion":null,"agency":null,"source":"osm","confidence":0.9},"geometry":{"type":"Point","coordinates":[86.2163,20.898]}},{"type":"Feature","properties":{"id":"toll_plaza:osm:node/2277675876","field":"national_highways","kind":"toll_plaza","name":null,"ref":null,"status":"operational","opened_on":null,"expected_completion":null,"agency":null,"source":"osm","confidence":0.9},"geometry":{"type":"Point","coordinates":[85.6685,20.2035]}},{"type":"Feature","properties":{"id":"toll_plaza:osm:node/2285969658","field":"national_highways","kind":"toll_plaza","name":"Kini","ref":null,"status":"operational","opened_on":null,"expected_completion":null,"agency":null,"source":"osm","confidence":0.9},"geometry":{"type":"Point","coordinates":[74.2982,16.8767]}},{"type":"Feature","properties":{"id":"toll_plaza:osm:node/2285969659","field":"national_highways","kind":"toll_plaza","name":"Kini","ref":null,"status":"operational","opened_on":null,"expected_completion":null,"agency":null,"source":"osm","confidence":0.9},"geometry":{"type":"Point","coordinates":[74.2984,16.8767]}},{"type":"Feature","properties":{"id":"toll_plaza:osm:node/2286017244","field":"national_highways","kind":"toll_plaza","name":null,"ref":null,"status":"operational","opened_on":null,"expected_completion":null,"agency":null,"source":"osm","confidence":0.9},"geometry":{"type":"Point","coordinates":[74.3181,16.5422]}},{"type":"Feature","properties":{"id":"toll_plaza:osm:node/2286017246","field":"national_highways","kind":"toll_plaza","name":null,"ref":null,"status":"operational","opened_on":null,"expected_completion":null,"agency":null,"source":"osm","confidence":0.9},"geometry":{"type":"Point","coordinates":[74.3183,16.5422]}},{"type":"Feature","properties":{"id":"toll_plaza:osm:node/2290559659","field":"national_highways","kind":"toll_plaza","name":null,"ref":null,"status":"operational","opened_on":null,"expected_completion":null,"agency":null,"source":"osm","confidence":0.9},"geometry":{"type":"Point","coordinates":[74.7814,26.5515]}},{"type":"Feature","properties":{"id":"toll_plaza:osm:node/2290559819","field":"national_highways","kind":"toll_plaza","name":"Kishangarh","ref":null,"status":"operational","opened_on":null,"expected_completion":null,"agency":null,"source":"osm","confidence":0.9},"geometry":{"type":"Point","coordinates":[74.9392,26.5953]}},{"type":"Feature","properties":{"id":"toll_plaza:osm:node/2290559820","field":"national_highways","kind":"toll_plaza","name":"Kishangarh","ref":null,"status":"operational","opened_on":null,"expected_completion":null,"agency":null,"source":"osm","confidence":0.9},"geometry":{"type":"Point","coordinates":[74.9392,26.5955]}},{"type":"Feature","properties":{"id":"toll_plaza:osm:node/2290672684","field":"national_highways","kind":"toll_plaza","name":null,"ref":null,"status":"operational","opened_on":null,"expected_completion":null,"agency":null,"source":"osm","confidence":0.9},"geometry":{"type":"Point","coordinates":[75.6155,26.8434]}},{"type":"Feature","properties":{"id":"toll_plaza:osm:node/2290672773","field":"national_highways","kind":"toll_plaza","name":null,"ref":null,"status":"operational","opened_on":null,"expected_completion":null,"agency":null,"source":"osm","confidence":0.9},"geometry":{"type":"Point","coordinates":[75.9534,27.3056]}},{"type":"Feature","properties":{"id":"toll_plaza:osm:node/2326312573","field":"national_highways","kind":"toll_plaza","name":"Vanana","ref":null,"status":"operational","opened_on":null,"expected_completion":null,"agency":null,"source":"osm","confidence":0.9},"geometry":{"type":"Point","coordinates":[69.7096,21.6648]}},{"type":"Feature","properties":{"id":"toll_plaza:osm:node/2326312580","field":"national_highways","kind":"toll_plaza","name":"Vanana","ref":null,"status":"operational","opened_on":null,"expected_completion":null,"agency":null,"source":"osm","confidence":0.9},"geometry":{"type":"Point","coordinates":[69.7095,21.665]}},{"type":"Feature","properties":{"id":"toll_plaza:osm:node/2326476983","field":"national_highways","kind":"toll_plaza","name":"Dhumiyani","ref":null,"status":"operational","opened_on":null,"expected_completion":null,"agency":null,"source":"osm","confidence":0.9},"geometry":{"type":"Point","coordinates":[70.3268,21.7513]}},{"type":"Feature","properties":{"id":"toll_plaza:osm:node/2326477015","field":"national_highways","kind":"toll_plaza","name":"Dhumiyani","ref":null,"status":"operational","opened_on":null,"expected_completion":null,"agency":null,"source":"osm","confidence":0.9},"geometry":{"type":"Point","coordinates":[70.3268,21.7516]}},{"type":"Feature","properties":{"id":"toll_plaza:osm:node/2326478348","field":"national_highways","kind":"toll_plaza","name":"Bharudi","ref":null,"status":"operational","opened_on":null,"expected_completion":null,"agency":null,"source":"osm","confidence":0.9},"geometry":{"type":"Point","coordinates":[70.664,21.8053]}},{"type":"Feature","properties":{"id":"toll_plaza:osm:node/2326478356","field":"national_highways","kind":"toll_plaza","name":"Bharudi","ref":null,"status":"operational","opened_on":null,"expected_completion":null,"agency":null,"source":"osm","confidence":0.9},"geometry":{"type":"Point","coordinates":[70.6639,21.8054]}},{"type":"Feature","properties":{"id":"toll_plaza:osm:node/2326479995","field":"national_highways","kind":"toll_plaza","name":"Pithadiya","ref":null,"status":"operational","opened_on":null,"expected_completion":null,"agency":null,"source":"osm","confidence":0.9},"geometry":{"type":"Point","coordinates":[70.7809,22.0826]}},{"type":"Feature","properties":{"id":"toll_plaza:osm:node/2326479999","field":"national_highways","kind":"toll_plaza","name":"Pithadiya","ref":null,"status":"operational","opened_on":null,"expected_completion":null,"agency":null,"source":"osm","confidence":0.9},"geometry":{"type":"Point","coordinates":[70.7812,22.0826]}},{"type":"Feature","properties":{"id":"toll_plaza:osm:node/2466491131","field":"national_highways","kind":"toll_plaza","name":null,"ref":null,"status":"operational","opened_on":null,"expected_completion":null,"agency":null,"source":"osm","confidence":0.9},"geometry":{"type":"Point","coordinates":[86.2008,23.708]}},{"type":"Feature","properties":{"id":"toll_plaza:osm:node/271335645","field":"national_highways","kind":"toll_plaza","name":null,"ref":null,"status":"operational","opened_on":null,"expected_completion":null,"agency":null,"source":"osm","confidence":0.9},"geometry":{"type":"Point","coordinates":[77.1167,28.4809]}},{"type":"Feature","properties":{"id":"toll_plaza:osm:node/273278187","field":"national_highways","kind":"toll_plaza","name":null,"ref":null,"status":"operational","opened_on":null,"expected_completion":null,"agency":null,"source":"osm","confidence":0.9},"geometry":{"type":"Point","coordinates":[77.0926,28.5111]}},{"type":"Feature","properties":{"id":"toll_plaza:osm:node/274498021","field":"national_highways","kind":"toll_plaza","name":"Expressway Toll","ref":null,"status":"operational","opened_on":null,"expected_completion":null,"agency":null,"source":"osm","confidence":0.9},"geometry":{"type":"Point","coordinates":[76.982,28.3954]}},{"type":"Feature","properties":{"id":"toll_plaza:osm:node/292650399","field":"national_highways","kind":"toll_plaza","name":"Daffi","ref":null,"status":"operational","opened_on":null,"expected_completion":null,"agency":null,"source":"osm","confidence":0.9},"geometry":{"type":"Point","coordinates":[82.994,25.2483]}},{"type":"Feature","properties":{"id":"toll_plaza:osm:node/292650672","field":"national_highways","kind":"toll_plaza","name":"Daffi","ref":null,"status":"operational","opened_on":null,"expected_completion":null,"agency":null,"source":"osm","confidence":0.9},"geometry":{"type":"Point","coordinates":[82.994,25.2482]}},{"type":"Feature","properties":{"id":"toll_plaza:osm:node/313692601","field":"national_highways","kind":"toll_plaza","name":null,"ref":null,"status":"operational","opened_on":null,"expected_completion":null,"agency":null,"source":"osm","confidence":0.9},"geometry":{"type":"Point","coordinates":[78.0733,11.72]}},{"type":"Feature","properties":{"id":"toll_plaza:osm:node/320660408","field":"national_highways","kind":"toll_plaza","name":null,"ref":null,"status":"operational","opened_on":null,"expected_completion":null,"agency":null,"source":"osm","confidence":0.9},"geometry":{"type":"Point","coordinates":[73.1493,22.4138]}},{"type":"Feature","properties":{"id":"toll_plaza:osm:node/320660477","field":"national_highways","kind":"toll_plaza","name":null,"ref":null,"status":"operational","opened_on":null,"expected_completion":null,"agency":null,"source":"osm","confidence":0.9},"geometry":{"type":"Point","coordinates":[73.1492,22.4136]}},{"type":"Feature","properties":{"id":"toll_plaza:osm:node/570580059","field":"national_highways","kind":"toll_plaza","name":null,"ref":null,"status":"operational","opened_on":null,"expected_completion":null,"agency":null,"source":"osm","confidence":0.9},"geometry":{"type":"Point","coordinates":[85.6685,20.2034]}},{"type":"Feature","properties":{"id":"toll_plaza:osm:node/570817679","field":"national_highways","kind":"toll_plaza","name":null,"ref":null,"status":"operational","opened_on":null,"expected_completion":null,"agency":null,"source":"osm","confidence":0.9},"geometry":{"type":"Point","coordinates":[84.0005,18.3773]}},{"type":"Feature","properties":{"id":"toll_plaza:osm:node/570817887","field":"national_highways","kind":"toll_plaza","name":null,"ref":null,"status":"operational","opened_on":null,"expected_completion":null,"agency":null,"source":"osm","confidence":0.9},"geometry":{"type":"Point","coordinates":[84.3895,18.733]}},{"type":"Feature","properties":{"id":"toll_plaza:osm:node/616562964","field":"national_highways","kind":"toll_plaza","name":"Makhel","ref":null,"status":"operational","opened_on":null,"expected_completion":null,"agency":null,"source":"osm","confidence":0.9},"geometry":{"type":"Point","coordinates":[70.9426,23.4905]}},{"type":"Feature","properties":{"id":"toll_plaza:osm:node/663941252","field":"national_highways","kind":"toll_plaza","name":null,"ref":null,"status":"operational","opened_on":null,"expected_completion":null,"agency":null,"source":"osm","confidence":0.9},"geometry":{"type":"Point","coordinates":[88.3167,22.5648]}},{"type":"Feature","properties":{"id":"toll_plaza:osm:node/663941253","field":"national_highways","kind":"toll_plaza","name":null,"ref":null,"status":"operational","opened_on":null,"expected_completion":null,"agency":null,"source":"osm","confidence":0.9},"geometry":{"type":"Point","coordinates":[88.3169,22.565]}},{"type":"Feature","properties":{"id":"toll_plaza:osm:node/818415161","field":"national_highways","kind":"toll_plaza","name":"Toll Plaza","ref":null,"status":"operational","opened_on":null,"expected_completion":null,"agency":null,"source":"osm","confidence":0.9},"geometry":{"type":"Point","coordinates":[75.9551,31.4899]}},{"type":"Feature","properties":{"id":"toll_plaza:osm:node/1659180018","field":"national_highways","kind":"toll_plaza","name":null,"ref":null,"status":"operational","opened_on":null,"expected_completion":null,"agency":null,"source":"osm","confidence":0.9},"geometry":{"type":"Point","coordinates":[77.5278,12.8573]}},{"type":"Feature","properties":{"id":"toll_plaza:osm:node/1659180051","field":"national_highways","kind":"toll_plaza","name":null,"ref":null,"status":"operational","opened_on":null,"expected_completion":null,"agency":null,"source":"osm","confidence":0.9},"geometry":{"type":"Point","coordinates":[77.525,12.8583]}},{"type":"Feature","properties":{"id":"toll_plaza:osm:node/1669764043","field":"national_highways","kind":"toll_plaza","name":null,"ref":null,"status":"operational","opened_on":null,"expected_completion":null,"agency":null,"source":"osm","confidence":0.9},"geometry":{"type":"Point","coordinates":[78.8341,10.7445]}},{"type":"Feature","properties":{"id":"toll_plaza:osm:node/1842242037","field":"national_highways","kind":"toll_plaza","name":"Simliya","ref":null,"status":"operational","opened_on":null,"expected_completion":null,"agency":null,"source":"osm","confidence":0.9},"geometry":{"type":"Point","coordinates":[76.1306,25.17]}},{"type":"Feature","properties":{"id":"toll_plaza:osm:node/1842375552","field":"national_highways","kind":"toll_plaza","name":"Narayanpura","ref":null,"status":"operational","opened_on":null,"expected_completion":null,"agency":null,"source":"osm","confidence":0.9},"geometry":{"type":"Point","coordinates":[74.2319,24.6135]}},{"type":"Feature","properties":{"id":"toll_plaza:osm:node/1842377288","field":"national_highways","kind":"toll_plaza","name":null,"ref":null,"status":"operational","opened_on":null,"expected_completion":null,"agency":null,"source":"osm","confidence":0.9},"geometry":{"type":"Point","coordinates":[73.0938,24.7124]}},{"type":"Feature","properties":{"id":"toll_plaza:osm:node/1842925982","field":"national_highways","kind":"toll_plaza","name":"Khemana","ref":null,"status":"operational","opened_on":null,"expected_completion":null,"agency":null,"source":"osm","confidence":0.9},"geometry":{"type":"Point","coordinates":[72.4627,24.2414]}},{"type":"Feature","properties":{"id":"toll_plaza:osm:node/1843277000","field":"national_highways","kind":"toll_plaza","name":null,"ref":null,"status":"operational","opened_on":null,"expected_completion":null,"agency":null,"source":"osm","confidence":0.9},"geometry":{"type":"Point","coordinates":[74.7615,24.572]}},{"type":"Feature","properties":{"id":"toll_plaza:osm:node/1866155454","field":"national_highways","kind":"toll_plaza","name":"Sullurpeta","ref":null,"status":"operational","opened_on":null,"expected_completion":null,"agency":null,"source":"osm","confidence":0.9},"geometry":{"type":"Point","coordinates":[79.9908,13.7448]}},{"type":"Feature","properties":{"id":"toll_plaza:osm:node/1866155831","field":"national_highways","kind":"toll_plaza","name":"Sullurpeta","ref":null,"status":"operational","opened_on":null,"expected_completion":null,"agency":null,"source":"osm","confidence":0.9},"geometry":{"type":"Point","coordinates":[79.991,13.745]}},{"type":"Feature","properties":{"id":"toll_plaza:osm:node/1866195855","field":"national_highways","kind":"toll_plaza","name":null,"ref":null,"status":"operational","opened_on":null,"expected_completion":null,"agency":null,"source":"osm","confidence":0.9},"geometry":{"type":"Point","coordinates":[79.8946,14.0599]}},{"type":"Feature","properties":{"id":"toll_plaza:osm:node/1866196280","field":"national_highways","kind":"toll_plaza","name":null,"ref":null,"status":"operational","opened_on":null,"expected_completion":null,"agency":null,"source":"osm","confidence":0.9},"geometry":{"type":"Point","coordinates":[79.9164,14.3122]}},{"type":"Feature","properties":{"id":"toll_plaza:osm:node/1866310908","field":"national_highways","kind":"toll_plaza","name":null,"ref":null,"status":"operational","opened_on":null,"expected_completion":null,"agency":null,"source":"osm","confidence":0.9},"geometry":{"type":"Point","coordinates":[79.9877,14.8519]}},{"type":"Feature","properties":{"id":"toll_plaza:osm:node/1866313452","field":"national_highways","kind":"toll_plaza","name":"Sonampetty","ref":null,"status":"operational","opened_on":null,"expected_completion":null,"agency":null,"source":"osm","confidence":0.9},"geometry":{"type":"Point","coordinates":[79.9791,14.6939]}},{"type":"Feature","properties":{"id":"toll_plaza:osm:node/1866313479","field":"national_highways","kind":"toll_plaza","name":null,"ref":null,"status":"operational","opened_on":null,"expected_completion":null,"agency":null,"source":"osm","confidence":0.9},"geometry":{"type":"Point","coordinates":[79.9879,14.852]}},{"type":"Feature","properties":{"id":"toll_plaza:osm:node/1866334048","field":"national_highways","kind":"toll_plaza","name":null,"ref":null,"status":"operational","opened_on":null,"expected_completion":null,"agency":null,"source":"osm","confidence":0.9},"geometry":{"type":"Point","coordinates":[80.0402,15.3582]}},{"type":"Feature","properties":{"id":"toll_plaza:osm:node/1947277733","field":"national_highways","kind":"toll_plaza","name":null,"ref":null,"status":"operational","opened_on":null,"expected_completion":null,"agency":null,"source":"osm","confidence":0.9},"geometry":{"type":"Point","coordinates":[77.7748,8.9757]}},{"type":"Feature","properties":{"id":"toll_plaza:osm:node/1947277741","field":"national_highways","kind":"toll_plaza","name":null,"ref":null,"status":"operational","opened_on":null,"expected_completion":null,"agency":null,"source":"osm","confidence":0.9},"geometry":{"type":"Point","coordinates":[77.7745,8.9757]}},{"type":"Feature","properties":{"id":"toll_plaza:osm:node/2156689285","field":"national_highways","kind":"toll_plaza","name":"Raksha","ref":null,"status":"operational","opened_on":null,"expected_completion":null,"agency":null,"source":"osm","confidence":0.9},"geometry":{"type":"Point","coordinates":[78.4511,25.4617]}},{"type":"Feature","properties":{"id":"toll_plaza:osm:node/2156689288","field":"national_highways","kind":"toll_plaza","name":"Raksha","ref":null,"status":"operational","opened_on":null,"expected_completion":null,"agency":null,"source":"osm","confidence":0.9},"geometry":{"type":"Point","coordinates":[78.4512,25.4619]}},{"type":"Feature","properties":{"id":"toll_plaza:osm:node/2164591935","field":"national_highways","kind":"toll_plaza","name":"Hariabara","ref":null,"status":"operational","opened_on":null,"expected_completion":null,"agency":null,"source":"osm","confidence":0.9},"geometry":{"type":"Point","coordinates":[87.4452,26.1526]}},{"type":"Feature","properties":{"id":"toll_plaza:osm:node/2164591937","field":"national_highways","kind":"toll_plaza","name":"Hariabara","ref":null,"status":"operational","opened_on":null,"expected_completion":null,"agency":null,"source":"osm","confidence":0.9},"geometry":{"type":"Point","coordinates":[87.4453,26.1527]}},{"type":"Feature","properties":{"id":"toll_plaza:osm:node/2191325938","field":"national_highways","kind":"toll_plaza","name":"Kiratpur Toll Plaza","ref":null,"status":"operational","opened_on":null,"expected_completion":null,"agency":null,"source":"osm","confidence":0.9},"geometry":{"type":"Point","coordinates":[76.5526,31.2042]}},{"type":"Feature","properties":{"id":"toll_plaza:osm:node/2241275984","field":"national_highways","kind":"toll_plaza","name":"Pippalwada","ref":null,"status":"operational","opened_on":null,"expected_completion":null,"agency":null,"source":"osm","confidence":0.9},"geometry":{"type":"Point","coordinates":[78.5656,19.781]}},{"type":"Feature","properties":{"id":"toll_plaza:osm:node/2241275988","field":"national_highways","kind":"toll_plaza","name":"Pippalwada","ref":null,"status":"operational","opened_on":null,"expected_completion":null,"agency":null,"source":"osm","confidence":0.9},"geometry":{"type":"Point","coordinates":[78.5658,19.781]}},{"type":"Feature","properties":{"id":"toll_plaza:osm:node/2278696280","field":"national_highways","kind":"toll_plaza","name":null,"ref":null,"status":"operational","opened_on":null,"expected_completion":null,"agency":null,"source":"osm","confidence":0.9},"geometry":{"type":"Point","coordinates":[84.3893,18.7331]}},{"type":"Feature","properties":{"id":"toll_plaza:osm:node/2279088334","field":"national_highways","kind":"toll_plaza","name":null,"ref":null,"status":"operational","opened_on":null,"expected_completion":null,"agency":null,"source":"osm","confidence":0.9},"geometry":{"type":"Point","coordinates":[84.0005,18.3774]}},{"type":"Feature","properties":{"id":"toll_plaza:osm:node/2279803513","field":"national_highways","kind":"toll_plaza","name":"Aganampudi","ref":null,"status":"operational","opened_on":null,"expected_completion":null,"agency":null,"source":"osm","confidence":0.9},"geometry":{"type":"Point","coordinates":[83.1499,17.6855]}},{"type":"Feature","properties":{"id":"toll_plaza:osm:node/2279803516","field":"national_highways","kind":"toll_plaza","name":"Aganampudi","ref":null,"status":"operational","opened_on":null,"expected_completion":null,"agency":null,"source":"osm","confidence":0.9},"geometry":{"type":"Point","coordinates":[83.1501,17.6856]}},{"type":"Feature","properties":{"id":"toll_plaza:osm:node/2452431740","field":"national_highways","kind":"toll_plaza","name":"Krishnagiri","ref":null,"status":"operational","opened_on":null,"expected_completion":null,"agency":null,"source":"osm","confidence":0.9},"geometry":{"type":"Point","coordinates":[78.2011,12.5445]}},{"type":"Feature","properties":{"id":"toll_plaza:osm:node/2468833396","field":"national_highways","kind":"toll_plaza","name":null,"ref":null,"status":"operational","opened_on":null,"expected_completion":null,"agency":null,"source":"osm","confidence":0.9},"geometry":{"type":"Point","coordinates":[92.8389,26.1309]}},{"type":"Feature","properties":{"id":"toll_plaza:osm:node/2477667430","field":"national_highways","kind":"toll_plaza","name":null,"ref":null,"status":"operational","opened_on":null,"expected_completion":null,"agency":null,"source":"osm","confidence":0.9},"geometry":{"type":"Point","coordinates":[75.7909,30.9883]}},{"type":"Feature","properties":{"id":"toll_plaza:osm:node/2477667432","field":"national_highways","kind":"toll_plaza","name":null,"ref":null,"status":"operational","opened_on":null,"expected_completion":null,"agency":null,"source":"osm","confidence":0.9},"geometry":{"type":"Point","coordinates":[75.7904,30.9891]}},{"type":"Feature","properties":{"id":"toll_plaza:osm:node/2477785006","field":"national_highways","kind":"toll_plaza","name":"Malthone","ref":null,"status":"operational","opened_on":null,"expected_completion":null,"agency":null,"source":"osm","confidence":0.9},"geometry":{"type":"Point","coordinates":[78.5261,24.3221]}},{"type":"Feature","properties":{"id":"toll_plaza:osm:node/2477785011","field":"national_highways","kind":"toll_plaza","name":"Malthone","ref":null,"status":"operational","opened_on":null,"expected_completion":null,"agency":null,"source":"osm","confidence":0.9},"geometry":{"type":"Point","coordinates":[78.5264,24.3221]}},{"type":"Feature","properties":{"id":"toll_plaza:osm:node/2478116908","field":"national_highways","kind":"toll_plaza","name":"Pullur","ref":null,"status":"operational","opened_on":null,"expected_completion":null,"agency":null,"source":"osm","confidence":0.9},"geometry":{"type":"Point","coordinates":[78.0171,15.8877]}},{"type":"Feature","properties":{"id":"toll_plaza:osm:node/2478116913","field":"national_highways","kind":"toll_plaza","name":"Pullur","ref":null,"status":"operational","opened_on":null,"expected_completion":null,"agency":null,"source":"osm","confidence":0.9},"geometry":{"type":"Point","coordinates":[78.0169,15.8877]}},{"type":"Feature","properties":{"id":"toll_plaza:osm:node/2487152570","field":"national_highways","kind":"toll_plaza","name":null,"ref":null,"status":"operational","opened_on":null,"expected_completion":null,"agency":null,"source":"osm","confidence":0.9},"geometry":{"type":"Point","coordinates":[76.6629,12.213]}},{"type":"Feature","properties":{"id":"toll_plaza:osm:node/2526637174","field":"national_highways","kind":"toll_plaza","name":null,"ref":null,"status":"operational","opened_on":null,"expected_completion":null,"agency":null,"source":"osm","confidence":0.9},"geometry":{"type":"Point","coordinates":[79.7884,11.9832]}},{"type":"Feature","properties":{"id":"toll_plaza:osm:node/2611179255","field":"national_highways","kind":"toll_plaza","name":null,"ref":null,"status":"operational","opened_on":null,"expected_completion":null,"agency":null,"source":"osm","confidence":0.9},"geometry":{"type":"Point","coordinates":[77.6613,13.2012]}},{"type":"Feature","properties":{"id":"toll_plaza:osm:node/2616359311","field":"national_highways","kind":"toll_plaza","name":null,"ref":null,"status":"operational","opened_on":null,"expected_completion":null,"agency":null,"source":"osm","confidence":0.9},"geometry":{"type":"Point","coordinates":[78.8213,17.4857]}},{"type":"Feature","properties":{"id":"toll_plaza:osm:node/2616372797","field":"national_highways","kind":"toll_plaza","name":null,"ref":null,"status":"operational","opened_on":null,"expected_completion":null,"agency":null,"source":"osm","confidence":0.9},"geometry":{"type":"Point","coordinates":[78.8213,17.4857]}},{"type":"Feature","properties":{"id":"toll_plaza:osm:node/2616372799","field":"national_highways","kind":"toll_plaza","name":null,"ref":null,"status":"operational","opened_on":null,"expected_completion":null,"agency":null,"source":"osm","confidence":0.9},"geometry":{"type":"Point","coordinates":[78.8212,17.4858]}},{"type":"Feature","properties":{"id":"toll_plaza:osm:node/2616372801","field":"national_highways","kind":"toll_plaza","name":null,"ref":null,"status":"operational","opened_on":null,"expected_completion":null,"agency":null,"source":"osm","confidence":0.9},"geometry":{"type":"Point","coordinates":[78.8212,17.4859]}},{"type":"Feature","properties":{"id":"toll_plaza:osm:node/2616372803","field":"national_highways","kind":"toll_plaza","name":null,"ref":null,"status":"operational","opened_on":null,"expected_completion":null,"agency":null,"source":"osm","confidence":0.9},"geometry":{"type":"Point","coordinates":[78.8212,17.4859]}},{"type":"Feature","properties":{"id":"toll_plaza:osm:node/2616372806","field":"national_highways","kind":"toll_plaza","name":null,"ref":null,"status":"operational","opened_on":null,"expected_completion":null,"agency":null,"source":"osm","confidence":0.9},"geometry":{"type":"Point","coordinates":[78.8212,17.4859]}},{"type":"Feature","properties":{"id":"toll_plaza:osm:node/2616379257","field":"national_highways","kind":"toll_plaza","name":null,"ref":null,"status":"operational","opened_on":null,"expected_completion":null,"agency":null,"source":"osm","confidence":0.9},"geometry":{"type":"Point","coordinates":[78.8213,17.4856]}},{"type":"Feature","properties":{"id":"toll_plaza:osm:node/2616379258","field":"national_highways","kind":"toll_plaza","name":null,"ref":null,"status":"operational","opened_on":null,"expected_completion":null,"agency":null,"source":"osm","confidence":0.9},"geometry":{"type":"Point","coordinates":[78.8214,17.4856]}},{"type":"Feature","properties":{"id":"toll_plaza:osm:node/2616379259","field":"national_highways","kind":"toll_plaza","name":null,"ref":null,"status":"operational","opened_on":null,"expected_completion":null,"agency":null,"source":"osm","confidence":0.9},"geometry":{"type":"Point","coordinates":[78.8214,17.4855]}},{"type":"Feature","properties":{"id":"toll_plaza:osm:node/2616379260","field":"national_highways","kind":"toll_plaza","name":null,"ref":null,"status":"operational","opened_on":null,"expected_completion":null,"agency":null,"source":"osm","confidence":0.9},"geometry":{"type":"Point","coordinates":[78.8214,17.4855]}},{"type":"Feature","properties":{"id":"toll_plaza:osm:node/2959660878","field":"national_highways","kind":"toll_plaza","name":null,"ref":null,"status":"operational","opened_on":null,"expected_completion":null,"agency":null,"source":"osm","confidence":0.9},"geometry":{"type":"Point","coordinates":[85.9635,20.54]}},{"type":"Feature","properties":{"id":"toll_plaza:osm:node/2959660880","field":"national_highways","kind":"toll_plaza","name":null,"ref":null,"status":"operational","opened_on":null,"expected_completion":null,"agency":null,"source":"osm","confidence":0.9},"geometry":{"type":"Point","coordinates":[85.9634,20.5402]}},{"type":"Feature","properties":{"id":"toll_plaza:osm:node/313028025","field":"national_highways","kind":"toll_plaza","name":null,"ref":null,"status":"operational","opened_on":null,"expected_completion":null,"agency":null,"source":"osm","confidence":0.9},"geometry":{"type":"Point","coordinates":[80.1498,13.0436]}},{"type":"Feature","properties":{"id":"toll_plaza:osm:node/313271644","field":"national_highways","kind":"toll_plaza","name":"Attibele (BETL)","ref":null,"status":"operational","opened_on":null,"expected_completion":null,"agency":null,"source":"osm","confidence":0.9},"geometry":{"type":"Point","coordinates":[77.777,12.7767]}},{"type":"Feature","properties":{"id":"toll_plaza:osm:node/313272280","field":"national_highways","kind":"toll_plaza","name":"Krishnagiri","ref":null,"status":"operational","opened_on":null,"expected_completion":null,"agency":null,"source":"osm","confidence":0.9},"geometry":{"type":"Point","coordinates":[78.2013,12.5447]}},{"type":"Feature","properties":{"id":"toll_plaza:osm:node/313298454","field":"national_highways","kind":"toll_plaza","name":null,"ref":null,"status":"operational","opened_on":null,"expected_completion":null,"agency":null,"source":"osm","confidence":0.9},"geometry":{"type":"Point","coordinates":[78.5835,12.6485]}},{"type":"Feature","properties":{"id":"toll_plaza:osm:node/313299436","field":"national_highways","kind":"toll_plaza","name":null,"ref":null,"status":"operational","opened_on":null,"expected_completion":null,"agency":null,"source":"osm","confidence":0.9},"geometry":{"type":"Point","coordinates":[78.9517,12.9056]}},{"type":"Feature","properties":{"id":"toll_plaza:osm:node/356713170","field":"national_highways","kind":"toll_plaza","name":null,"ref":null,"status":"operational","opened_on":null,"expected_completion":null,"agency":null,"source":"osm","confidence":0.9},"geometry":{"type":"Point","coordinates":[73.903,25.5906]}},{"type":"Feature","properties":{"id":"toll_plaza:osm:node/371507505","field":"national_highways","kind":"toll_plaza","name":null,"ref":null,"status":"operational","opened_on":null,"expected_completion":null,"agency":null,"source":"osm","confidence":0.9},"geometry":{"type":"Point","coordinates":[75.5059,19.867]}},{"type":"Feature","properties":{"id":"toll_plaza:osm:node/371508243","field":"national_highways","kind":"toll_plaza","name":null,"ref":null,"status":"operational","opened_on":null,"expected_completion":null,"agency":null,"source":"osm","confidence":0.9},"geometry":{"type":"Point","coordinates":[75.8375,19.864]}},{"type":"Feature","properties":{"id":"toll_plaza:osm:node/450162256","field":"national_highways","kind":"toll_plaza","name":null,"ref":null,"status":"operational","opened_on":null,"expected_completion":null,"agency":null,"source":"osm","confidence":0.9},"geometry":{"type":"Point","coordinates":[70.9281,23.0371]}},{"type":"Feature","properties":{"id":"toll_plaza:osm:node/450170304","field":"national_highways","kind":"toll_plaza","name":null,"ref":null,"status":"operational","opened_on":null,"expected_completion":null,"agency":null,"source":"osm","confidence":0.9},"geometry":{"type":"Point","coordinates":[70.4906,23.3083]}},{"type":"Feature","properties":{"id":"toll_plaza:osm:node/452480344","field":"national_highways","kind":"toll_plaza","name":"Elevated Section/ Electronic City","ref":null,"status":"operational","opened_on":null,"expected_completion":null,"agency":null,"source":"osm","confidence":0.9},"geometry":{"type":"Point","coordinates":[77.6755,12.8419]}},{"type":"Feature","properties":{"id":"toll_plaza:osm:node/493598680","field":"national_highways","kind":"toll_plaza","name":null,"ref":null,"status":"operational","opened_on":null,"expected_completion":null,"agency":null,"source":"osm","confidence":0.9},"geometry":{"type":"Point","coordinates":[77.3879,30.0409]}},{"type":"Feature","properties":{"id":"toll_plaza:osm:node/571406144","field":"national_highways","kind":"toll_plaza","name":"NHAI Karjeevanhalli Toll Plaza","ref":null,"status":"operational","opened_on":null,"expected_completion":null,"agency":null,"source":"osm","confidence":0.9},"geometry":{"type":"Point","coordinates":[76.9545,13.6122]}},{"type":"Feature","properties":{"id":"toll_plaza:osm:node/571407841","field":"national_highways","kind":"toll_plaza","name":null,"ref":null,"status":"operational","opened_on":null,"expected_completion":null,"agency":null,"source":"osm","confidence":0.9},"geometry":{"type":"Point","coordinates":[76.1067,14.3757]}},{"type":"Feature","properties":{"id":"toll_plaza:osm:node/571470010","field":"national_highways","kind":"toll_plaza","name":null,"ref":null,"status":"operational","opened_on":null,"expected_completion":null,"agency":null,"source":"osm","confidence":0.9},"geometry":{"type":"Point","coordinates":[80.5334,16.3851]}},{"type":"Feature","properties":{"id":"toll_plaza:osm:node/571470212","field":"national_highways","kind":"toll_plaza","name":null,"ref":null,"status":"operational","opened_on":null,"expected_completion":null,"agency":null,"source":"osm","confidence":0.9},"geometry":{"type":"Point","coordinates":[80.8626,16.5723]}},{"type":"Feature","properties":{"id":"toll_plaza:osm:node/764048395","field":"national_highways","kind":"toll_plaza","name":null,"ref":null,"status":"operational","opened_on":null,"expected_completion":null,"agency":null,"source":"osm","confidence":0.9},"geometry":{"type":"Point","coordinates":[84.5757,25.8127]}},{"type":"Feature","properties":{"id":"toll_plaza:osm:node/764048521","field":"national_highways","kind":"toll_plaza","name":null,"ref":null,"status":"operational","opened_on":null,"expected_completion":null,"agency":null,"source":"osm","confidence":0.9},"geometry":{"type":"Point","coordinates":[84.5757,25.8127]}},{"type":"Feature","properties":{"id":"toll_plaza:osm:node/983086405","field":"national_highways","kind":"toll_plaza","name":null,"ref":null,"status":"operational","opened_on":null,"expected_completion":null,"agency":null,"source":"osm","confidence":0.9},"geometry":{"type":"Point","coordinates":[77.9093,10.1944]}},{"type":"Feature","properties":{"id":"toll_plaza:osm:node/1135289448","field":"national_highways","kind":"toll_plaza","name":null,"ref":null,"status":"operational","opened_on":null,"expected_completion":null,"agency":null,"source":"osm","confidence":0.9},"geometry":{"type":"Point","coordinates":[77.117,13.8552]}},{"type":"Feature","properties":{"id":"toll_plaza:osm:node/1164750325","field":"national_highways","kind":"toll_plaza","name":"Khokhraj/Sirohi","ref":null,"status":"operational","opened_on":null,"expected_completion":null,"agency":null,"source":"osm","confidence":0.9},"geometry":{"type":"Point","coordinates":[81.5296,25.5762]}},{"type":"Feature","properties":{"id":"toll_plaza:osm:node/1164750942","field":"national_highways","kind":"toll_plaza","name":"Khokhraj/Sirohi","ref":null,"status":"operational","opened_on":null,"expected_completion":null,"agency":null,"source":"osm","confidence":0.9},"geometry":{"type":"Point","coordinates":[81.5297,25.5761]}},{"type":"Feature","properties":{"id":"toll_plaza:osm:node/1165140014","field":"national_highways","kind":"toll_plaza","name":null,"ref":null,"status":"operational","opened_on":null,"expected_completion":null,"agency":null,"source":"osm","confidence":0.9},"geometry":{"type":"Point","coordinates":[81.6366,25.5983]}},{"type":"Feature","properties":{"id":"toll_plaza:osm:node/1446594980","field":"national_highways","kind":"toll_plaza","name":null,"ref":null,"status":"operational","opened_on":null,"expected_completion":null,"agency":null,"source":"osm","confidence":0.9},"geometry":{"type":"Point","coordinates":[76.3707,26.2248]}},{"type":"Feature","properties":{"id":"toll_plaza:osm:node/1500077179","field":"national_highways","kind":"toll_plaza","name":"Nemili","ref":null,"status":"operational","opened_on":null,"expected_completion":null,"agency":null,"source":"osm","confidence":0.9},"geometry":{"type":"Point","coordinates":[79.969,12.9819]}},{"type":"Feature","properties":{"id":"toll_plaza:osm:node/1500077182","field":"national_highways","kind":"toll_plaza","name":"Nemili","ref":null,"status":"operational","opened_on":null,"expected_completion":null,"agency":null,"source":"osm","confidence":0.9},"geometry":{"type":"Point","coordinates":[79.9688,12.9821]}},{"type":"Feature","properties":{"id":"toll_plaza:osm:node/1500077183","field":"national_highways","kind":"toll_plaza","name":"Nemili","ref":null,"status":"operational","opened_on":null,"expected_completion":null,"agency":null,"source":"osm","confidence":0.9},"geometry":{"type":"Point","coordinates":[79.9689,12.982]}},{"type":"Feature","properties":{"id":"toll_plaza:osm:node/1583090945","field":"national_highways","kind":"toll_plaza","name":null,"ref":null,"status":"operational","opened_on":null,"expected_completion":null,"agency":null,"source":"osm","confidence":0.9},"geometry":{"type":"Point","coordinates":[82.1108,17.2154]}},{"type":"Feature","properties":{"id":"toll_plaza:osm:node/1662475482","field":"national_highways","kind":"toll_plaza","name":null,"ref":null,"status":"operational","opened_on":null,"expected_completion":null,"agency":null,"source":"osm","confidence":0.9},"geometry":{"type":"Point","coordinates":[77.431,17.5031]}},{"type":"Feature","properties":{"id":"toll_plaza:osm:node/1704411250","field":"national_highways","kind":"toll_plaza","name":null,"ref":null,"status":"operational","opened_on":null,"expected_completion":null,"agency":null,"source":"osm","confidence":0.9},"geometry":{"type":"Point","coordinates":[79.78,12.3469]}},{"type":"Feature","properties":{"id":"toll_plaza:osm:node/1836983127","field":"national_highways","kind":"toll_plaza","name":null,"ref":null,"status":"operational","opened_on":null,"expected_completion":null,"agency":null,"source":"osm","confidence":0.9},"geometry":{"type":"Point","coordinates":[77.5317,12.9366]}},{"type":"Feature","properties":{"id":"toll_plaza:osm:node/1837297621","field":"national_highways","kind":"toll_plaza","name":null,"ref":null,"status":"operational","opened_on":null,"expected_completion":null,"agency":null,"source":"osm","confidence":0.9},"geometry":{"type":"Point","coordinates":[77.7708,13.0594]}},{"type":"Feature","properties":{"id":"toll_plaza:osm:node/1837297622","field":"national_highways","kind":"toll_plaza","name":null,"ref":null,"status":"operational","opened_on":null,"expected_completion":null,"agency":null,"source":"osm","confidence":0.9},"geometry":{"type":"Point","coordinates":[77.7706,13.0595]}},{"type":"Feature","properties":{"id":"toll_plaza:osm:node/1844961691","field":"national_highways","kind":"toll_plaza","name":null,"ref":null,"status":"operational","opened_on":null,"expected_completion":null,"agency":null,"source":"osm","confidence":0.9},"geometry":{"type":"Point","coordinates":[75.3133,25.4881]}},{"type":"Feature","properties":{"id":"toll_plaza:osm:node/1867293872","field":"national_highways","kind":"toll_plaza","name":null,"ref":null,"status":"operational","opened_on":null,"expected_completion":null,"agency":null,"source":"osm","confidence":0.9},"geometry":{"type":"Point","coordinates":[80.071,15.8866]}},{"type":"Feature","properties":{"id":"toll_plaza:osm:node/1929484593","field":"national_highways","kind":"toll_plaza","name":"Gurau (Semra Atikabad)","ref":null,"status":"operational","opened_on":null,"expected_completion":null,"agency":null,"source":"osm","confidence":0.9},"geometry":{"type":"Point","coordinates":[78.7773,26.9965]}},{"type":"Feature","properties":{"id":"toll_plaza:osm:node/1929484597","field":"national_highways","kind":"toll_plaza","name":"Gurau (Semra Atikabad)","ref":null,"status":"operational","opened_on":null,"expected_completion":null,"agency":null,"source":"osm","confidence":0.9},"geometry":{"type":"Point","coordinates":[78.7774,26.9966]}},{"type":"Feature","properties":{"id":"toll_plaza:osm:node/2071223482","field":"national_highways","kind":"toll_plaza","name":null,"ref":null,"status":"operational","opened_on":null,"expected_completion":null,"agency":null,"source":"osm","confidence":0.9},"geometry":{"type":"Point","coordinates":[77.9328,10.699]}},{"type":"Feature","properties":{"id":"toll_plaza:osm:node/2071223483","field":"national_highways","kind":"toll_plaza","name":null,"ref":null,"status":"operational","opened_on":null,"expected_completion":null,"agency":null,"source":"osm","confidence":0.9},"geometry":{"type":"Point","coordinates":[77.933,10.699]}},{"type":"Feature","properties":{"id":"toll_plaza:osm:node/2237657474","field":"national_highways","kind":"toll_plaza","name":null,"ref":null,"status":"operational","opened_on":null,"expected_completion":null,"agency":null,"source":"osm","confidence":0.9},"geometry":{"type":"Point","coordinates":[73.9931,18.4931]}},{"type":"Feature","properties":{"id":"toll_plaza:osm:node/2237657477","field":"national_highways","kind":"toll_plaza","name":null,"ref":null,"status":"operational","opened_on":null,"expected_completion":null,"agency":null,"source":"osm","confidence":0.9},"geometry":{"type":"Point","coordinates":[73.9931,18.4933]}},{"type":"Feature","properties":{"id":"toll_plaza:osm:node/2242048119","field":"national_highways","kind":"toll_plaza","name":"Rolmamda","ref":null,"status":"operational","opened_on":null,"expected_completion":null,"agency":null,"source":"osm","confidence":0.9},"geometry":{"type":"Point","coordinates":[78.4093,19.2799]}},{"type":"Feature","properties":{"id":"toll_plaza:osm:node/2242048122","field":"national_highways","kind":"toll_plaza","name":"Rolmamda","ref":null,"status":"operational","opened_on":null,"expected_completion":null,"agency":null,"source":"osm","confidence":0.9},"geometry":{"type":"Point","coordinates":[78.4094,19.2801]}},{"type":"Feature","properties":{"id":"toll_plaza:osm:node/2243980425","field":"national_highways","kind":"toll_plaza","name":"Kasepalli","ref":null,"status":"operational","opened_on":null,"expected_completion":null,"agency":null,"source":"osm","confidence":0.9},"geometry":{"type":"Point","coordinates":[77.6304,15.0617]}},{"type":"Feature","properties":{"id":"toll_plaza:osm:node/2270882278","field":"national_highways","kind":"toll_plaza","name":null,"ref":null,"status":"operational","opened_on":null,"expected_completion":null,"agency":null,"source":"osm","confidence":0.9},"geometry":{"type":"Point","coordinates":[82.0119,21.9323]}},{"type":"Feature","properties":{"id":"toll_plaza:osm:node/2282190473","field":"national_highways","kind":"toll_plaza","name":null,"ref":null,"status":"operational","opened_on":null,"expected_completion":null,"agency":null,"source":"osm","confidence":0.9},"geometry":{"type":"Point","coordinates":[80.8625,16.5725]}},{"type":"Feature","properties":{"id":"toll_plaza:osm:node/2282213548","field":"national_highways","kind":"toll_plaza","name":null,"ref":null,"status":"operational","opened_on":null,"expected_completion":null,"agency":null,"source":"osm","confidence":0.9},"geometry":{"type":"Point","coordinates":[80.5332,16.3853]}},{"type":"Feature","properties":{"id":"toll_plaza:osm:node/2471700426","field":"national_highways","kind":"toll_plaza","name":null,"ref":null,"status":"operational","opened_on":null,"expected_completion":null,"agency":null,"source":"osm","confidence":0.9},"geometry":{"type":"Point","coordinates":[77.6633,8.5269]}},{"type":"Feature","properties":{"id":"toll_plaza:osm:node/2471700427","field":"national_highways","kind":"toll_plaza","name":null,"ref":null,"status":"operational","opened_on":null,"expected_completion":null,"agency":null,"source":"osm","confidence":0.9},"geometry":{"type":"Point","coordinates":[77.6632,8.527]}},{"type":"Feature","properties":{"id":"toll_plaza:osm:node/2537619897","field":"national_highways","kind":"toll_plaza","name":null,"ref":null,"status":"operational","opened_on":null,"expected_completion":null,"agency":null,"source":"osm","confidence":0.9},"geometry":{"type":"Point","coordinates":[78.5833,12.6486]}},{"type":"Feature","properties":{"id":"toll_plaza:osm:node/2645719903","field":"national_highways","kind":"toll_plaza","name":null,"ref":null,"status":"operational","opened_on":null,"expected_completion":null,"agency":null,"source":"osm","confidence":0.9},"geometry":{"type":"Point","coordinates":[77.6614,13.2011]}},{"type":"Feature","properties":{"id":"toll_plaza:osm:node/2840533145","field":"national_highways","kind":"toll_plaza","name":null,"ref":null,"status":"operational","opened_on":null,"expected_completion":null,"agency":null,"source":"osm","confidence":0.9},"geometry":{"type":"Point","coordinates":[74.6245,25.0828]}},{"type":"Feature","properties":{"id":"toll_plaza:osm:node/2840533146","field":"national_highways","kind":"toll_plaza","name":null,"ref":null,"status":"operational","opened_on":null,"expected_completion":null,"agency":null,"source":"osm","confidence":0.9},"geometry":{"type":"Point","coordinates":[74.6243,25.0828]}},{"type":"Feature","properties":{"id":"toll_plaza:osm:node/2937059513","field":"national_highways","kind":"toll_plaza","name":"Gamjal","ref":null,"status":"operational","opened_on":null,"expected_completion":null,"agency":null,"source":"osm","confidence":0.9},"geometry":{"type":"Point","coordinates":[78.3626,19.0265]}},{"type":"Feature","properties":{"id":"toll_plaza:osm:node/2937059514","field":"national_highways","kind":"toll_plaza","name":"Gamjal","ref":null,"status":"operational","opened_on":null,"expected_completion":null,"agency":null,"source":"osm","confidence":0.9},"geometry":{"type":"Point","coordinates":[78.3629,19.0266]}},{"type":"Feature","properties":{"id":"toll_plaza:osm:node/3353400706","field":"national_highways","kind":"toll_plaza","name":"Luharali","ref":null,"status":"operational","opened_on":null,"expected_completion":null,"agency":null,"source":"osm","confidence":0.9},"geometry":{"type":"Point","coordinates":[77.6271,28.4991]}},{"type":"Feature","properties":{"id":"toll_plaza:osm:node/3353400709","field":"national_highways","kind":"toll_plaza","name":"Luharali","ref":null,"status":"operational","opened_on":null,"expected_completion":null,"agency":null,"source":"osm","confidence":0.9},"geometry":{"type":"Point","coordinates":[77.6274,28.4994]}},{"type":"Feature","properties":{"id":"toll_plaza:osm:node/3521447032","field":"national_highways","kind":"toll_plaza","name":null,"ref":null,"status":"operational","opened_on":null,"expected_completion":null,"agency":null,"source":"osm","confidence":0.9},"geometry":{"type":"Point","coordinates":[80.1606,16.8851]}},{"type":"Feature","properties":{"id":"toll_plaza:osm:node/3521447033","field":"national_highways","kind":"toll_plaza","name":null,"ref":null,"status":"operational","opened_on":null,"expected_completion":null,"agency":null,"source":"osm","confidence":0.9},"geometry":{"type":"Point","coordinates":[80.1606,16.885]}},{"type":"Feature","properties":{"id":"toll_plaza:osm:node/3606516362","field":"national_highways","kind":"toll_plaza","name":"Shibpur Toll Plaza","ref":null,"status":"operational","opened_on":null,"expected_completion":null,"agency":null,"source":"osm","confidence":0.9},"geometry":{"type":"Point","coordinates":[88.1864,24.1507]}},{"type":"Feature","properties":{"id":"toll_plaza:osm:node/3667081532","field":"national_highways","kind":"toll_plaza","name":null,"ref":null,"status":"operational","opened_on":null,"expected_completion":null,"agency":null,"source":"osm","confidence":0.9},"geometry":{"type":"Point","coordinates":[76.1067,14.3755]}},{"type":"Feature","properties":{"id":"toll_plaza:osm:node/3759892857","field":"national_highways","kind":"toll_plaza","name":null,"ref":null,"status":"operational","opened_on":null,"expected_completion":null,"agency":null,"source":"osm","confidence":0.9},"geometry":{"type":"Point","coordinates":[76.3409,17.3753]}},{"type":"Feature","properties":{"id":"toll_plaza:osm:node/3213054824","field":"national_highways","kind":"toll_plaza","name":null,"ref":null,"status":"operational","opened_on":null,"expected_completion":null,"agency":null,"source":"osm","confidence":0.9},"geometry":{"type":"Point","coordinates":[77.7883,20.951]}},{"type":"Feature","properties":{"id":"toll_plaza:osm:node/3213054920","field":"national_highways","kind":"toll_plaza","name":null,"ref":null,"status":"operational","opened_on":null,"expected_completion":null,"agency":null,"source":"osm","confidence":0.9},"geometry":{"type":"Point","coordinates":[77.813,21.0104]}},{"type":"Feature","properties":{"id":"toll_plaza:osm:node/3213054922","field":"national_highways","kind":"toll_plaza","name":null,"ref":null,"status":"operational","opened_on":null,"expected_completion":null,"agency":null,"source":"osm","confidence":0.9},"geometry":{"type":"Point","coordinates":[77.8129,21.0105]}},{"type":"Feature","properties":{"id":"toll_plaza:osm:node/3610624025","field":"national_highways","kind":"toll_plaza","name":null,"ref":null,"status":"operational","opened_on":null,"expected_completion":null,"agency":null,"source":"osm","confidence":0.9},"geometry":{"type":"Point","coordinates":[77.5263,12.8587]}},{"type":"Feature","properties":{"id":"toll_plaza:osm:node/3673479636","field":"national_highways","kind":"toll_plaza","name":null,"ref":null,"status":"operational","opened_on":null,"expected_completion":null,"agency":null,"source":"osm","confidence":0.9},"geometry":{"type":"Point","coordinates":[77.4245,13.0797]}},{"type":"Feature","properties":{"id":"toll_plaza:osm:node/3673479646","field":"national_highways","kind":"toll_plaza","name":null,"ref":null,"status":"operational","opened_on":null,"expected_completion":null,"agency":null,"source":"osm","confidence":0.9},"geometry":{"type":"Point","coordinates":[77.4217,13.0812]}},{"type":"Feature","properties":{"id":"toll_plaza:osm:node/4169528557","field":"national_highways","kind":"toll_plaza","name":null,"ref":null,"status":"operational","opened_on":null,"expected_completion":null,"agency":null,"source":"osm","confidence":0.9},"geometry":{"type":"Point","coordinates":[69.8024,22.9351]}},{"type":"Feature","properties":{"id":"toll_plaza:osm:node/4169528558","field":"national_highways","kind":"toll_plaza","name":null,"ref":null,"status":"operational","opened_on":null,"expected_completion":null,"agency":null,"source":"osm","confidence":0.9},"geometry":{"type":"Point","coordinates":[69.8023,22.9352]}},{"type":"Feature","properties":{"id":"toll_plaza:osm:node/4420246547","field":"national_highways","kind":"toll_plaza","name":"Toll","ref":null,"status":"operational","opened_on":null,"expected_completion":null,"agency":null,"source":"osm","confidence":0.9},"geometry":{"type":"Point","coordinates":[77.1514,11.0951]}},{"type":"Feature","properties":{"id":"toll_plaza:osm:node/4420246548","field":"national_highways","kind":"toll_plaza","name":"Toll","ref":null,"status":"operational","opened_on":null,"expected_completion":null,"agency":null,"source":"osm","confidence":0.9},"geometry":{"type":"Point","coordinates":[77.1514,11.0952]}},{"type":"Feature","properties":{"id":"toll_plaza:osm:node/4937959865","field":"national_highways","kind":"toll_plaza","name":null,"ref":null,"status":"operational","opened_on":null,"expected_completion":null,"agency":null,"source":"osm","confidence":0.9},"geometry":{"type":"Point","coordinates":[77.5907,12.85]}},{"type":"Feature","properties":{"id":"toll_plaza:osm:node/5456719221","field":"national_highways","kind":"toll_plaza","name":null,"ref":null,"status":"operational","opened_on":null,"expected_completion":null,"agency":null,"source":"osm","confidence":0.9},"geometry":{"type":"Point","coordinates":[73.0704,22.4533]}},{"type":"Feature","properties":{"id":"toll_plaza:osm:node/5486256289","field":"national_highways","kind":"toll_plaza","name":null,"ref":null,"status":"operational","opened_on":null,"expected_completion":null,"agency":null,"source":"osm","confidence":0.9},"geometry":{"type":"Point","coordinates":[72.9436,25.0335]}},{"type":"Feature","properties":{"id":"toll_plaza:osm:node/5486258045","field":"national_highways","kind":"toll_plaza","name":null,"ref":null,"status":"operational","opened_on":null,"expected_completion":null,"agency":null,"source":"osm","confidence":0.9},"geometry":{"type":"Point","coordinates":[72.9435,25.0336]}},{"type":"Feature","properties":{"id":"toll_plaza:osm:node/5486314545","field":"national_highways","kind":"toll_plaza","name":null,"ref":null,"status":"operational","opened_on":null,"expected_completion":null,"agency":null,"source":"osm","confidence":0.9},"geometry":{"type":"Point","coordinates":[73.0886,26.0185]}},{"type":"Feature","properties":{"id":"toll_plaza:osm:node/5486314548","field":"national_highways","kind":"toll_plaza","name":null,"ref":null,"status":"operational","opened_on":null,"expected_completion":null,"agency":null,"source":"osm","confidence":0.9},"geometry":{"type":"Point","coordinates":[73.0888,26.0186]}},{"type":"Feature","properties":{"id":"toll_plaza:osm:node/5486314909","field":"national_highways","kind":"toll_plaza","name":null,"ref":null,"status":"operational","opened_on":null,"expected_completion":null,"agency":null,"source":"osm","confidence":0.9},"geometry":{"type":"Point","coordinates":[73.2334,25.8242]}},{"type":"Feature","properties":{"id":"toll_plaza:osm:node/5486314910","field":"national_highways","kind":"toll_plaza","name":null,"ref":null,"status":"operational","opened_on":null,"expected_completion":null,"agency":null,"source":"osm","confidence":0.9},"geometry":{"type":"Point","coordinates":[73.2335,25.8242]}},{"type":"Feature","properties":{"id":"toll_plaza:osm:node/5489756167","field":"national_highways","kind":"toll_plaza","name":"Triyakhetal","ref":null,"status":"operational","opened_on":null,"expected_completion":null,"agency":null,"source":"osm","confidence":0.9},"geometry":{"type":"Point","coordinates":[79.2839,28.4803]}},{"type":"Feature","properties":{"id":"toll_plaza:osm:node/5489756185","field":"national_highways","kind":"toll_plaza","name":"Triyakhetal","ref":null,"status":"operational","opened_on":null,"expected_completion":null,"agency":null,"source":"osm","confidence":0.9},"geometry":{"type":"Point","coordinates":[79.2837,28.4803]}},{"type":"Feature","properties":{"id":"toll_plaza:osm:node/5489767121","field":"national_highways","kind":"toll_plaza","name":"Madrak","ref":null,"status":"operational","opened_on":null,"expected_completion":null,"agency":null,"source":"osm","confidence":0.9},"geometry":{"type":"Point","coordinates":[78.087,27.804]}},{"type":"Feature","properties":{"id":"toll_plaza:osm:node/5494427772","field":"national_highways","kind":"toll_plaza","name":null,"ref":null,"status":"operational","opened_on":null,"expected_completion":null,"agency":null,"source":"osm","confidence":0.9},"geometry":{"type":"Point","coordinates":[79.069,21.0282]}},{"type":"Feature","properties":{"id":"toll_plaza:osm:node/5494427773","field":"national_highways","kind":"toll_plaza","name":null,"ref":null,"status":"operational","opened_on":null,"expected_completion":null,"agency":null,"source":"osm","confidence":0.9},"geometry":{"type":"Point","coordinates":[79.0689,21.0283]}},{"type":"Feature","properties":{"id":"toll_plaza:osm:node/5498323664","field":"national_highways","kind":"toll_plaza","name":"Undavariya/ Sirohi","ref":null,"status":"operational","opened_on":null,"expected_completion":null,"agency":null,"source":"osm","confidence":0.9},"geometry":{"type":"Point","coordinates":[72.907,24.6336]}},{"type":"Feature","properties":{"id":"toll_plaza:osm:node/5498323665","field":"national_highways","kind":"toll_plaza","name":"Undavariya/ Sirohi","ref":null,"status":"operational","opened_on":null,"expected_completion":null,"agency":null,"source":"osm","confidence":0.9},"geometry":{"type":"Point","coordinates":[72.9071,24.6335]}},{"type":"Feature","properties":{"id":"toll_plaza:osm:node/5515090255","field":"national_highways","kind":"toll_plaza","name":null,"ref":null,"status":"operational","opened_on":null,"expected_completion":null,"agency":null,"source":"osm","confidence":0.9},"geometry":{"type":"Point","coordinates":[75.3311,17.9576]}},{"type":"Feature","properties":{"id":"toll_plaza:osm:node/5515090256","field":"national_highways","kind":"toll_plaza","name":null,"ref":null,"status":"operational","opened_on":null,"expected_completion":null,"agency":null,"source":"osm","confidence":0.9},"geometry":{"type":"Point","coordinates":[75.331,17.9575]}},{"type":"Feature","properties":{"id":"toll_plaza:osm:node/5557860072","field":"national_highways","kind":"toll_plaza","name":null,"ref":null,"status":"operational","opened_on":null,"expected_completion":null,"agency":null,"source":"osm","confidence":0.9},"geometry":{"type":"Point","coordinates":[77.4542,18.9619]}},{"type":"Feature","properties":{"id":"toll_plaza:osm:node/5557860073","field":"national_highways","kind":"toll_plaza","name":null,"ref":null,"status":"operational","opened_on":null,"expected_completion":null,"agency":null,"source":"osm","confidence":0.9},"geometry":{"type":"Point","coordinates":[77.4541,18.9618]}},{"type":"Feature","properties":{"id":"toll_plaza:osm:node/6225372340","field":"national_highways","kind":"toll_plaza","name":"Dwarka Expressway Toll Plaza - Towards Yashobhumi, Delhi","ref":null,"status":"operational","opened_on":null,"expected_completion":null,"agency":null,"source":"osm","confidence":0.9},"geometry":{"type":"Point","coordinates":[77.035,28.5343]}},{"type":"Feature","properties":{"id":"toll_plaza:osm:node/6225372341","field":"national_highways","kind":"toll_plaza","name":"Dwarka Expressway Toll Plaza - Towards Gurugram, Haryana","ref":null,"status":"operational","opened_on":null,"expected_completion":null,"agency":null,"source":"osm","confidence":0.9},"geometry":{"type":"Point","coordinates":[77.0355,28.5337]}},{"type":"Feature","properties":{"id":"toll_plaza:osm:node/6254837190","field":"national_highways","kind":"toll_plaza","name":null,"ref":null,"status":"operational","opened_on":null,"expected_completion":null,"agency":null,"source":"osm","confidence":0.9},"geometry":{"type":"Point","coordinates":[73.761,24.7998]}},{"type":"Feature","properties":{"id":"toll_plaza:osm:node/6409380853","field":"national_highways","kind":"toll_plaza","name":null,"ref":null,"status":"operational","opened_on":null,"expected_completion":null,"agency":null,"source":"osm","confidence":0.9},"geometry":{"type":"Point","coordinates":[69.9141,22.4273]}},{"type":"Feature","properties":{"id":"toll_plaza:osm:node/6409380854","field":"national_highways","kind":"toll_plaza","name":null,"ref":null,"status":"operational","opened_on":null,"expected_completion":null,"agency":null,"source":"osm","confidence":0.9},"geometry":{"type":"Point","coordinates":[69.9141,22.4272]}},{"type":"Feature","properties":{"id":"toll_plaza:osm:node/7030319502","field":"national_highways","kind":"toll_plaza","name":null,"ref":null,"status":"operational","opened_on":null,"expected_completion":null,"agency":null,"source":"osm","confidence":0.9},"geometry":{"type":"Point","coordinates":[74.3716,26.1585]}},{"type":"Feature","properties":{"id":"toll_plaza:osm:node/7030319504","field":"national_highways","kind":"toll_plaza","name":null,"ref":null,"status":"operational","opened_on":null,"expected_completion":null,"agency":null,"source":"osm","confidence":0.9},"geometry":{"type":"Point","coordinates":[74.3714,26.1587]}},{"type":"Feature","properties":{"id":"toll_plaza:osm:node/7983999961","field":"national_highways","kind":"toll_plaza","name":null,"ref":null,"status":"operational","opened_on":null,"expected_completion":null,"agency":null,"source":"osm","confidence":0.9},"geometry":{"type":"Point","coordinates":[75.3646,19.9568]}},{"type":"Feature","properties":{"id":"toll_plaza:osm:node/8199354801","field":"national_highways","kind":"toll_plaza","name":null,"ref":null,"status":"operational","opened_on":null,"expected_completion":null,"agency":null,"source":"osm","confidence":0.9},"geometry":{"type":"Point","coordinates":[76.5576,26.9444]}},{"type":"Feature","properties":{"id":"toll_plaza:osm:node/8199354802","field":"national_highways","kind":"toll_plaza","name":null,"ref":null,"status":"operational","opened_on":null,"expected_completion":null,"agency":null,"source":"osm","confidence":0.9},"geometry":{"type":"Point","coordinates":[76.5576,26.9444]}},{"type":"Feature","properties":{"id":"toll_plaza:osm:node/8199354803","field":"national_highways","kind":"toll_plaza","name":null,"ref":null,"status":"operational","opened_on":null,"expected_completion":null,"agency":null,"source":"osm","confidence":0.9},"geometry":{"type":"Point","coordinates":[76.5576,26.9443]}},{"type":"Feature","properties":{"id":"toll_plaza:osm:node/8199354806","field":"national_highways","kind":"toll_plaza","name":null,"ref":null,"status":"operational","opened_on":null,"expected_completion":null,"agency":null,"source":"osm","confidence":0.9},"geometry":{"type":"Point","coordinates":[76.5575,26.9446]}},{"type":"Feature","properties":{"id":"toll_plaza:osm:node/8199354808","field":"national_highways","kind":"toll_plaza","name":null,"ref":null,"status":"operational","opened_on":null,"expected_completion":null,"agency":null,"source":"osm","confidence":0.9},"geometry":{"type":"Point","coordinates":[76.5575,26.9446]}},{"type":"Feature","properties":{"id":"toll_plaza:osm:node/8199354811","field":"national_highways","kind":"toll_plaza","name":null,"ref":null,"status":"operational","opened_on":null,"expected_completion":null,"agency":null,"source":"osm","confidence":0.9},"geometry":{"type":"Point","coordinates":[76.5574,26.9447]}},{"type":"Feature","properties":{"id":"toll_plaza:osm:node/8743811305","field":"national_highways","kind":"toll_plaza","name":"Chuipali toll gate","ref":null,"status":"operational","opened_on":null,"expected_completion":null,"agency":null,"source":"osm","confidence":0.9},"geometry":{"type":"Point","coordinates":[82.9429,21.2996]}},{"type":"Feature","properties":{"id":"toll_plaza:osm:node/8847347801","field":"national_highways","kind":"toll_plaza","name":null,"ref":null,"status":"operational","opened_on":null,"expected_completion":null,"agency":null,"source":"osm","confidence":0.9},"geometry":{"type":"Point","coordinates":[77.5343,28.6867]}},{"type":"Feature","properties":{"id":"toll_plaza:osm:node/8887488072","field":"national_highways","kind":"toll_plaza","name":null,"ref":null,"status":"operational","opened_on":null,"expected_completion":null,"agency":null,"source":"osm","confidence":0.9},"geometry":{"type":"Point","coordinates":[82.2473,26.3487]}},{"type":"Feature","properties":{"id":"toll_plaza:osm:node/8968484556","field":"national_highways","kind":"toll_plaza","name":null,"ref":null,"status":"operational","opened_on":null,"expected_completion":null,"agency":null,"source":"osm","confidence":0.9},"geometry":{"type":"Point","coordinates":[76.1483,30.2658]}},{"type":"Feature","properties":{"id":"toll_plaza:osm:node/8968484566","field":"national_highways","kind":"toll_plaza","name":null,"ref":null,"status":"operational","opened_on":null,"expected_completion":null,"agency":null,"source":"osm","confidence":0.9},"geometry":{"type":"Point","coordinates":[76.1483,30.2659]}},{"type":"Feature","properties":{"id":"toll_plaza:osm:node/8968484796","field":"national_highways","kind":"toll_plaza","name":null,"ref":null,"status":"operational","opened_on":null,"expected_completion":null,"agency":null,"source":"osm","confidence":0.9},"geometry":{"type":"Point","coordinates":[75.6405,30.2477]}},{"type":"Feature","properties":{"id":"toll_plaza:osm:node/8968484813","field":"national_highways","kind":"toll_plaza","name":null,"ref":null,"status":"operational","opened_on":null,"expected_completion":null,"agency":null,"source":"osm","confidence":0.9},"geometry":{"type":"Point","coordinates":[75.6405,30.2479]}},{"type":"Feature","properties":{"id":"toll_plaza:osm:node/8978950478","field":"national_highways","kind":"toll_plaza","name":null,"ref":null,"status":"operational","opened_on":null,"expected_completion":null,"agency":null,"source":"osm","confidence":0.9},"geometry":{"type":"Point","coordinates":[81.6865,24.9508]}},{"type":"Feature","properties":{"id":"toll_plaza:osm:node/8981751227","field":"national_highways","kind":"toll_plaza","name":null,"ref":null,"status":"operational","opened_on":null,"expected_completion":null,"agency":null,"source":"osm","confidence":0.9},"geometry":{"type":"Point","coordinates":[79.2931,22.8961]}},{"type":"Feature","properties":{"id":"toll_plaza:osm:node/8981751228","field":"national_highways","kind":"toll_plaza","name":null,"ref":null,"status":"operational","opened_on":null,"expected_completion":null,"agency":null,"source":"osm","confidence":0.9},"geometry":{"type":"Point","coordinates":[79.293,22.896]}},{"type":"Feature","properties":{"id":"toll_plaza:osm:node/8984793662","field":"national_highways","kind":"toll_plaza","name":null,"ref":null,"status":"operational","opened_on":null,"expected_completion":null,"agency":null,"source":"osm","confidence":0.9},"geometry":{"type":"Point","coordinates":[79.4223,22.0412]}},{"type":"Feature","properties":{"id":"toll_plaza:osm:node/8984806392","field":"national_highways","kind":"toll_plaza","name":null,"ref":null,"status":"operational","opened_on":null,"expected_completion":null,"agency":null,"source":"osm","confidence":0.9},"geometry":{"type":"Point","coordinates":[79.4644,23.7801]}},{"type":"Feature","properties":{"id":"toll_plaza:osm:node/8984806400","field":"national_highways","kind":"toll_plaza","name":null,"ref":null,"status":"operational","opened_on":null,"expected_completion":null,"agency":null,"source":"osm","confidence":0.9},"geometry":{"type":"Point","coordinates":[79.4643,23.78]}},{"type":"Feature","properties":{"id":"toll_plaza:osm:node/8986449142","field":"national_highways","kind":"toll_plaza","name":null,"ref":null,"status":"operational","opened_on":null,"expected_completion":null,"agency":null,"source":"osm","confidence":0.9},"geometry":{"type":"Point","coordinates":[76.1761,23.3308]}},{"type":"Feature","properties":{"id":"toll_plaza:osm:node/8986449205","field":"national_highways","kind":"toll_plaza","name":null,"ref":null,"status":"operational","opened_on":null,"expected_completion":null,"agency":null,"source":"osm","confidence":0.9},"geometry":{"type":"Point","coordinates":[76.1758,23.331]}},{"type":"Feature","properties":{"id":"toll_plaza:osm:node/9013540903","field":"national_highways","kind":"toll_plaza","name":null,"ref":null,"status":"operational","opened_on":null,"expected_completion":null,"agency":null,"source":"osm","confidence":0.9},"geometry":{"type":"Point","coordinates":[81.6407,25.614]}},{"type":"Feature","properties":{"id":"toll_plaza:osm:node/9018137704","field":"national_highways","kind":"toll_plaza","name":null,"ref":null,"status":"operational","opened_on":null,"expected_completion":null,"agency":null,"source":"osm","confidence":0.9},"geometry":{"type":"Point","coordinates":[77.3876,30.0408]}},{"type":"Feature","properties":{"id":"toll_plaza:osm:node/9024520946","field":"national_highways","kind":"toll_plaza","name":null,"ref":null,"status":"operational","opened_on":null,"expected_completion":null,"agency":null,"source":"osm","confidence":0.9},"geometry":{"type":"Point","coordinates":[88.1824,25.1959]}},{"type":"Feature","properties":{"id":"toll_plaza:osm:node/9024606713","field":"national_highways","kind":"toll_plaza","name":null,"ref":null,"status":"operational","opened_on":null,"expected_completion":null,"agency":null,"source":"osm","confidence":0.9},"geometry":{"type":"Point","coordinates":[87.9668,24.8225]}},{"type":"Feature","properties":{"id":"toll_plaza:osm:node/9038830119","field":"national_highways","kind":"toll_plaza","name":null,"ref":null,"status":"operational","opened_on":null,"expected_completion":null,"agency":null,"source":"osm","confidence":0.9},"geometry":{"type":"Point","coordinates":[81.6909,21.4804]}},{"type":"Feature","properties":{"id":"toll_plaza:osm:node/9038830120","field":"national_highways","kind":"toll_plaza","name":null,"ref":null,"status":"operational","opened_on":null,"expected_completion":null,"agency":null,"source":"osm","confidence":0.9},"geometry":{"type":"Point","coordinates":[81.691,21.4804]}},{"type":"Feature","properties":{"id":"toll_plaza:osm:node/9038840199","field":"national_highways","kind":"toll_plaza","name":null,"ref":null,"status":"operational","opened_on":null,"expected_completion":null,"agency":null,"source":"osm","confidence":0.9},"geometry":{"type":"Point","coordinates":[81.9847,19.1613]}},{"type":"Feature","properties":{"id":"toll_plaza:osm:node/9038840201","field":"national_highways","kind":"toll_plaza","name":null,"ref":null,"status":"operational","opened_on":null,"expected_completion":null,"agency":null,"source":"osm","confidence":0.9},"geometry":{"type":"Point","coordinates":[81.6595,19.6625]}},{"type":"Feature","properties":{"id":"toll_plaza:osm:node/9038873040","field":"national_highways","kind":"toll_plaza","name":null,"ref":null,"status":"operational","opened_on":null,"expected_completion":null,"agency":null,"source":"osm","confidence":0.9},"geometry":{"type":"Point","coordinates":[81.4196,20.6048]}},{"type":"Feature","properties":{"id":"toll_plaza:osm:node/9048132288","field":"national_highways","kind":"toll_plaza","name":null,"ref":null,"status":"operational","opened_on":null,"expected_completion":null,"agency":null,"source":"osm","confidence":0.9},"geometry":{"type":"Point","coordinates":[84.7932,20.3658]}},{"type":"Feature","properties":{"id":"toll_plaza:osm:node/9048132289","field":"national_highways","kind":"toll_plaza","name":null,"ref":null,"status":"operational","opened_on":null,"expected_completion":null,"agency":null,"source":"osm","confidence":0.9},"geometry":{"type":"Point","coordinates":[84.7941,20.3651]}},{"type":"Feature","properties":{"id":"toll_plaza:osm:node/9064575097","field":"national_highways","kind":"toll_plaza","name":null,"ref":null,"status":"operational","opened_on":null,"expected_completion":null,"agency":null,"source":"osm","confidence":0.9},"geometry":{"type":"Point","coordinates":[78.6837,20.2939]}},{"type":"Feature","properties":{"id":"toll_plaza:osm:node/9064582719","field":"national_highways","kind":"toll_plaza","name":null,"ref":null,"status":"operational","opened_on":null,"expected_completion":null,"agency":null,"source":"osm","confidence":0.9},"geometry":{"type":"Point","coordinates":[78.8764,20.8581]}},{"type":"Feature","properties":{"id":"toll_plaza:osm:node/9064582744","field":"national_highways","kind":"toll_plaza","name":null,"ref":null,"status":"operational","opened_on":null,"expected_completion":null,"agency":null,"source":"osm","confidence":0.9},"geometry":{"type":"Point","coordinates":[78.8763,20.8582]}},{"type":"Feature","properties":{"id":"toll_plaza:osm:node/9064582988","field":"national_highways","kind":"toll_plaza","name":null,"ref":null,"status":"operational","opened_on":null,"expected_completion":null,"agency":null,"source":"osm","confidence":0.9},"geometry":{"type":"Point","coordinates":[78.0177,20.2348]}},{"type":"Feature","properties":{"id":"toll_plaza:osm:node/9064582989","field":"national_highways","kind":"toll_plaza","name":null,"ref":null,"status":"operational","opened_on":null,"expected_completion":null,"agency":null,"source":"osm","confidence":0.9},"geometry":{"type":"Point","coordinates":[78.0179,20.2347]}},{"type":"Feature","properties":{"id":"toll_plaza:osm:node/3183366090","field":"national_highways","kind":"toll_plaza","name":"Makrauli Kalan","ref":null,"status":"operational","opened_on":null,"expected_completion":null,"agency":null,"source":"osm","confidence":0.9},"geometry":{"type":"Point","coordinates":[76.6099,28.9442]}},{"type":"Feature","properties":{"id":"toll_plaza:osm:node/3183366091","field":"national_highways","kind":"toll_plaza","name":"Makrauli Kalan","ref":null,"status":"operational","opened_on":null,"expected_completion":null,"agency":null,"source":"osm","confidence":0.9},"geometry":{"type":"Point","coordinates":[76.6097,28.9443]}},{"type":"Feature","properties":{"id":"toll_plaza:osm:node/3243298600","field":"national_highways","kind":"toll_plaza","name":null,"ref":null,"status":"operational","opened_on":null,"expected_completion":null,"agency":null,"source":"osm","confidence":0.9},"geometry":{"type":"Point","coordinates":[75.5059,19.8669]}},{"type":"Feature","properties":{"id":"toll_plaza:osm:node/3280223969","field":"national_highways","kind":"toll_plaza","name":null,"ref":null,"status":"operational","opened_on":null,"expected_completion":null,"agency":null,"source":"osm","confidence":0.9},"geometry":{"type":"Point","coordinates":[76.6133,28.2752]}},{"type":"Feature","properties":{"id":"toll_plaza:osm:node/3280223970","field":"national_highways","kind":"toll_plaza","name":null,"ref":null,"status":"operational","opened_on":null,"expected_completion":null,"agency":null,"source":"osm","confidence":0.9},"geometry":{"type":"Point","coordinates":[76.6134,28.2752]}},{"type":"Feature","properties":{"id":"toll_plaza:osm:node/3306683258","field":"national_highways","kind":"toll_plaza","name":null,"ref":null,"status":"operational","opened_on":null,"expected_completion":null,"agency":null,"source":"osm","confidence":0.9},"geometry":{"type":"Point","coordinates":[72.6503,22.9757]}},{"type":"Feature","properties":{"id":"toll_plaza:osm:node/3306683259","field":"national_highways","kind":"toll_plaza","name":null,"ref":null,"status":"operational","opened_on":null,"expected_completion":null,"agency":null,"source":"osm","confidence":0.9},"geometry":{"type":"Point","coordinates":[72.6505,22.9759]}},{"type":"Feature","properties":{"id":"toll_plaza:osm:node/3508293527","field":"national_highways","kind":"toll_plaza","name":"Toll Booth","ref":null,"status":"operational","opened_on":null,"expected_completion":null,"agency":null,"source":"osm","confidence":0.9},"geometry":{"type":"Point","coordinates":[75.6403,31.625]}},{"type":"Feature","properties":{"id":"toll_plaza:osm:node/3659069321","field":"national_highways","kind":"toll_plaza","name":null,"ref":null,"status":"operational","opened_on":null,"expected_completion":null,"agency":null,"source":"osm","confidence":0.9},"geometry":{"type":"Point","coordinates":[73.0718,19.0977]}},{"type":"Feature","properties":{"id":"toll_plaza:osm:node/3730569160","field":"national_highways","kind":"toll_plaza","name":"Navayuga Devanhally/Sadahalli","ref":null,"status":"operational","opened_on":null,"expected_completion":null,"agency":null,"source":"osm","confidence":0.9},"geometry":{"type":"Point","coordinates":[77.6499,13.1934]}},{"type":"Feature","properties":{"id":"toll_plaza:osm:node/3730694926","field":"national_highways","kind":"toll_plaza","name":null,"ref":null,"status":"operational","opened_on":null,"expected_completion":null,"agency":null,"source":"osm","confidence":0.9},"geometry":{"type":"Point","coordinates":[77.6615,13.2008]}},{"type":"Feature","properties":{"id":"toll_plaza:osm:node/3751652091","field":"national_highways","kind":"toll_plaza","name":null,"ref":null,"status":"operational","opened_on":null,"expected_completion":null,"agency":null,"source":"osm","confidence":0.9},"geometry":{"type":"Point","coordinates":[77.3482,13.2711]}},{"type":"Feature","properties":{"id":"toll_plaza:osm:node/3758265327","field":"national_highways","kind":"toll_plaza","name":null,"ref":null,"status":"operational","opened_on":null,"expected_completion":null,"agency":null,"source":"osm","confidence":0.9},"geometry":{"type":"Point","coordinates":[77.5527,28.3194]}},{"type":"Feature","properties":{"id":"toll_plaza:osm:node/3893674495","field":"national_highways","kind":"toll_plaza","name":null,"ref":null,"status":"operational","opened_on":null,"expected_completion":null,"agency":null,"source":"osm","confidence":0.9},"geometry":{"type":"Point","coordinates":[76.3127,15.3579]}},{"type":"Feature","properties":{"id":"toll_plaza:osm:node/3951682063","field":"national_highways","kind":"toll_plaza","name":"Mansar (Kamptee - Kanhan Bypass)/ Tekadi","ref":null,"status":"operational","opened_on":null,"expected_completion":null,"agency":null,"source":"osm","confidence":0.9},"geometry":{"type":"Point","coordinates":[79.2533,21.3824]}},{"type":"Feature","properties":{"id":"toll_plaza:osm:node/4598318900","field":"national_highways","kind":"toll_plaza","name":null,"ref":null,"status":"operational","opened_on":null,"expected_completion":null,"agency":null,"source":"osm","confidence":0.9},"geometry":{"type":"Point","coordinates":[78.9715,20.5531]}},{"type":"Feature","properties":{"id":"toll_plaza:osm:node/4598364258","field":"national_highways","kind":"toll_plaza","name":"Borkhedi (Nagpur ByPass)","ref":null,"status":"operational","opened_on":null,"expected_completion":null,"agency":null,"source":"osm","confidence":0.9},"geometry":{"type":"Point","coordinates":[78.9631,20.8548]}},{"type":"Feature","properties":{"id":"toll_plaza:osm:node/4770048420","field":"national_highways","kind":"toll_plaza","name":"MP Integrated Border Check Post","ref":null,"status":"operational","opened_on":null,"expected_completion":null,"agency":null,"source":"osm","confidence":0.9},"geometry":{"type":"Point","coordinates":[80.242,21.6425]}},{"type":"Feature","properties":{"id":"toll_plaza:osm:node/4939776939","field":"national_highways","kind":"toll_plaza","name":null,"ref":null,"status":"operational","opened_on":null,"expected_completion":null,"agency":null,"source":"osm","confidence":0.9},"geometry":{"type":"Point","coordinates":[80.7788,24.3493]}},{"type":"Feature","properties":{"id":"toll_plaza:osm:node/5177728408","field":"national_highways","kind":"toll_plaza","name":null,"ref":null,"status":"operational","opened_on":null,"expected_completion":null,"agency":null,"source":"osm","confidence":0.9},"geometry":{"type":"Point","coordinates":[73.0133,19.235]}},{"type":"Feature","properties":{"id":"toll_plaza:osm:node/5177728409","field":"national_highways","kind":"toll_plaza","name":null,"ref":null,"status":"operational","opened_on":null,"expected_completion":null,"agency":null,"source":"osm","confidence":0.9},"geometry":{"type":"Point","coordinates":[73.0132,19.2351]}},{"type":"Feature","properties":{"id":"toll_plaza:osm:node/5338903806","field":"national_highways","kind":"toll_plaza","name":null,"ref":null,"status":"operational","opened_on":null,"expected_completion":null,"agency":null,"source":"osm","confidence":0.9},"geometry":{"type":"Point","coordinates":[72.9225,21.0904]}},{"type":"Feature","properties":{"id":"toll_plaza:osm:node/5338903807","field":"national_highways","kind":"toll_plaza","name":null,"ref":null,"status":"operational","opened_on":null,"expected_completion":null,"agency":null,"source":"osm","confidence":0.9},"geometry":{"type":"Point","coordinates":[72.9225,21.0906]}},{"type":"Feature","properties":{"id":"toll_plaza:osm:node/5376864081","field":"national_highways","kind":"toll_plaza","name":null,"ref":null,"status":"operational","opened_on":null,"expected_completion":null,"agency":null,"source":"osm","confidence":0.9},"geometry":{"type":"Point","coordinates":[80.1818,13.1367]}},{"type":"Feature","properties":{"id":"toll_plaza:osm:node/5376864082","field":"national_highways","kind":"toll_plaza","name":null,"ref":null,"status":"operational","opened_on":null,"expected_completion":null,"agency":null,"source":"osm","confidence":0.9},"geometry":{"type":"Point","coordinates":[80.1818,13.1363]}},{"type":"Feature","properties":{"id":"toll_plaza:osm:node/5500280931","field":"national_highways","kind":"toll_plaza","name":"Asanpur","ref":null,"status":"operational","opened_on":null,"expected_completion":null,"agency":null,"source":"osm","confidence":0.9},"geometry":{"type":"Point","coordinates":[86.6328,26.2978]}},{"type":"Feature","properties":{"id":"toll_plaza:osm:node/5500280932","field":"national_highways","kind":"toll_plaza","name":"Asanpur","ref":null,"status":"operational","opened_on":null,"expected_completion":null,"agency":null,"source":"osm","confidence":0.9},"geometry":{"type":"Point","coordinates":[86.6329,26.2978]}},{"type":"Feature","properties":{"id":"toll_plaza:osm:node/6030726739","field":"national_highways","kind":"toll_plaza","name":null,"ref":null,"status":"operational","opened_on":null,"expected_completion":null,"agency":null,"source":"osm","confidence":0.9},"geometry":{"type":"Point","coordinates":[74.123,17.3658]}},{"type":"Feature","properties":{"id":"toll_plaza:osm:node/6030726740","field":"national_highways","kind":"toll_plaza","name":null,"ref":null,"status":"operational","opened_on":null,"expected_completion":null,"agency":null,"source":"osm","confidence":0.9},"geometry":{"type":"Point","coordinates":[74.1229,17.3658]}},{"type":"Feature","properties":{"id":"toll_plaza:osm:node/6034846562","field":"national_highways","kind":"toll_plaza","name":null,"ref":null,"status":"operational","opened_on":null,"expected_completion":null,"agency":null,"source":"osm","confidence":0.9},"geometry":{"type":"Point","coordinates":[70.3343,20.9612]}},{"type":"Feature","properties":{"id":"toll_plaza:osm:node/6035070986","field":"national_highways","kind":"toll_plaza","name":null,"ref":null,"status":"operational","opened_on":null,"expected_completion":null,"agency":null,"source":"osm","confidence":0.9},"geometry":{"type":"Point","coordinates":[70.2952,21.4249]}},{"type":"Feature","properties":{"id":"toll_plaza:osm:node/6035071005","field":"national_highways","kind":"toll_plaza","name":null,"ref":null,"status":"operational","opened_on":null,"expected_completion":null,"agency":null,"source":"osm","confidence":0.9},"geometry":{"type":"Point","coordinates":[70.2953,21.4248]}},{"type":"Feature","properties":{"id":"toll_plaza:osm:node/6102130119","field":"national_highways","kind":"toll_plaza","name":null,"ref":null,"status":"operational","opened_on":null,"expected_completion":null,"agency":null,"source":"osm","confidence":0.9},"geometry":{"type":"Point","coordinates":[71.9523,26.8917]}},{"type":"Feature","properties":{"id":"toll_plaza:osm:node/6102130120","field":"national_highways","kind":"toll_plaza","name":null,"ref":null,"status":"operational","opened_on":null,"expected_completion":null,"agency":null,"source":"osm","confidence":0.9},"geometry":{"type":"Point","coordinates":[71.9542,26.8929]}},{"type":"Feature","properties":{"id":"toll_plaza:osm:node/6478097097","field":"national_highways","kind":"toll_plaza","name":null,"ref":null,"status":"operational","opened_on":null,"expected_completion":null,"agency":null,"source":"osm","confidence":0.9},"geometry":{"type":"Point","coordinates":[78.825,10.7391]}},{"type":"Feature","properties":{"id":"toll_plaza:osm:node/6755670719","field":"national_highways","kind":"toll_plaza","name":null,"ref":null,"status":"operational","opened_on":null,"expected_completion":null,"agency":null,"source":"osm","confidence":0.9},"geometry":{"type":"Point","coordinates":[70.3493,22.5506]}},{"type":"Feature","properties":{"id":"toll_plaza:osm:node/6755670720","field":"national_highways","kind":"toll_plaza","name":null,"ref":null,"status":"operational","opened_on":null,"expected_completion":null,"agency":null,"source":"osm","confidence":0.9},"geometry":{"type":"Point","coordinates":[70.3493,22.5505]}},{"type":"Feature","properties":{"id":"toll_plaza:osm:node/6761287587","field":"national_highways","kind":"toll_plaza","name":null,"ref":null,"status":"operational","opened_on":null,"expected_completion":null,"agency":null,"source":"osm","confidence":0.9},"geometry":{"type":"Point","coordinates":[79.3398,19.8898]}},{"type":"Feature","properties":{"id":"toll_plaza:osm:node/6804068116","field":"national_highways","kind":"toll_plaza","name":null,"ref":null,"status":"operational","opened_on":null,"expected_completion":null,"agency":null,"source":"osm","confidence":0.9},"geometry":{"type":"Point","coordinates":[78.3353,9.7808]}},{"type":"Feature","properties":{"id":"toll_plaza:osm:node/7350117532","field":"national_highways","kind":"toll_plaza","name":null,"ref":null,"status":"operational","opened_on":null,"expected_completion":null,"agency":null,"source":"osm","confidence":0.9},"geometry":{"type":"Point","coordinates":[72.9602,18.953]}},{"type":"Feature","properties":{"id":"toll_plaza:osm:node/7907700821","field":"national_highways","kind":"toll_plaza","name":null,"ref":null,"status":"operational","opened_on":null,"expected_completion":null,"agency":null,"source":"osm","confidence":0.9},"geometry":{"type":"Point","coordinates":[74.0293,28.8879]}},{"type":"Feature","properties":{"id":"toll_plaza:osm:node/8062737999","field":"national_highways","kind":"toll_plaza","name":null,"ref":null,"status":"operational","opened_on":null,"expected_completion":null,"agency":null,"source":"osm","confidence":0.9},"geometry":{"type":"Point","coordinates":[75.9247,26.851]}},{"type":"Feature","properties":{"id":"toll_plaza:osm:node/8062738000","field":"national_highways","kind":"toll_plaza","name":null,"ref":null,"status":"operational","opened_on":null,"expected_completion":null,"agency":null,"source":"osm","confidence":0.9},"geometry":{"type":"Point","coordinates":[75.9249,26.851]}},{"type":"Feature","properties":{"id":"toll_plaza:osm:node/8199003078","field":"national_highways","kind":"toll_plaza","name":null,"ref":null,"status":"operational","opened_on":null,"expected_completion":null,"agency":null,"source":"osm","confidence":0.9},"geometry":{"type":"Point","coordinates":[76.1041,26.859]}},{"type":"Feature","properties":{"id":"toll_plaza:osm:node/8199003079","field":"national_highways","kind":"toll_plaza","name":null,"ref":null,"status":"operational","opened_on":null,"expected_completion":null,"agency":null,"source":"osm","confidence":0.9},"geometry":{"type":"Point","coordinates":[76.1041,26.859]}},{"type":"Feature","properties":{"id":"toll_plaza:osm:node/8199003080","field":"national_highways","kind":"toll_plaza","name":null,"ref":null,"status":"operational","opened_on":null,"expected_completion":null,"agency":null,"source":"osm","confidence":0.9},"geometry":{"type":"Point","coordinates":[76.1041,26.8591]}},{"type":"Feature","properties":{"id":"toll_plaza:osm:node/8199003081","field":"national_highways","kind":"toll_plaza","name":null,"ref":null,"status":"operational","opened_on":null,"expected_completion":null,"agency":null,"source":"osm","confidence":0.9},"geometry":{"type":"Point","coordinates":[76.1041,26.8591]}},{"type":"Feature","properties":{"id":"toll_plaza:osm:node/8199003082","field":"national_highways","kind":"toll_plaza","name":null,"ref":null,"status":"operational","opened_on":null,"expected_completion":null,"agency":null,"source":"osm","confidence":0.9},"geometry":{"type":"Point","coordinates":[76.1041,26.8589]}},{"type":"Feature","properties":{"id":"toll_plaza:osm:node/8199003083","field":"national_highways","kind":"toll_plaza","name":null,"ref":null,"status":"operational","opened_on":null,"expected_completion":null,"agency":null,"source":"osm","confidence":0.9},"geometry":{"type":"Point","coordinates":[76.1041,26.8588]}},{"type":"Feature","properties":{"id":"toll_plaza:osm:node/8199003084","field":"national_highways","kind":"toll_plaza","name":null,"ref":null,"status":"operational","opened_on":null,"expected_completion":null,"agency":null,"source":"osm","confidence":0.9},"geometry":{"type":"Point","coordinates":[76.1041,26.8588]}},{"type":"Feature","properties":{"id":"toll_plaza:osm:node/8902870978","field":"national_highways","kind":"toll_plaza","name":null,"ref":null,"status":"operational","opened_on":null,"expected_completion":null,"agency":null,"source":"osm","confidence":0.9},"geometry":{"type":"Point","coordinates":[76.2485,26.5243]}},{"type":"Feature","properties":{"id":"toll_plaza:osm:node/8972686426","field":"national_highways","kind":"toll_plaza","name":null,"ref":null,"status":"operational","opened_on":null,"expected_completion":null,"agency":null,"source":"osm","confidence":0.9},"geometry":{"type":"Point","coordinates":[72.5198,22.9347]}},{"type":"Feature","properties":{"id":"toll_plaza:osm:node/8972686427","field":"national_highways","kind":"toll_plaza","name":null,"ref":null,"status":"operational","opened_on":null,"expected_completion":null,"agency":null,"source":"osm","confidence":0.9},"geometry":{"type":"Point","coordinates":[72.5198,22.9349]}},{"type":"Feature","properties":{"id":"toll_plaza:osm:node/8979971266","field":"national_highways","kind":"toll_plaza","name":null,"ref":null,"status":"operational","opened_on":null,"expected_completion":null,"agency":null,"source":"osm","confidence":0.9},"geometry":{"type":"Point","coordinates":[79.7084,25.0856]}},{"type":"Feature","properties":{"id":"toll_plaza:osm:node/8980004161","field":"national_highways","kind":"toll_plaza","name":null,"ref":null,"status":"operational","opened_on":null,"expected_completion":null,"agency":null,"source":"osm","confidence":0.9},"geometry":{"type":"Point","coordinates":[79.3363,24.6442]}},{"type":"Feature","properties":{"id":"toll_plaza:osm:node/9008432542","field":"national_highways","kind":"toll_plaza","name":null,"ref":null,"status":"operational","opened_on":null,"expected_completion":null,"agency":null,"source":"osm","confidence":0.9},"geometry":{"type":"Point","coordinates":[81.1708,25.7494]}},{"type":"Feature","properties":{"id":"toll_plaza:osm:node/9008432543","field":"national_highways","kind":"toll_plaza","name":null,"ref":null,"status":"operational","opened_on":null,"expected_completion":null,"agency":null,"source":"osm","confidence":0.9},"geometry":{"type":"Point","coordinates":[81.1707,25.7493]}},{"type":"Feature","properties":{"id":"toll_plaza:osm:node/9010277741","field":"national_highways","kind":"toll_plaza","name":null,"ref":null,"status":"operational","opened_on":null,"expected_completion":null,"agency":null,"source":"osm","confidence":0.9},"geometry":{"type":"Point","coordinates":[83.4072,27.4033]}},{"type":"Feature","properties":{"id":"toll_plaza:osm:node/9014209756","field":"national_highways","kind":"toll_plaza","name":null,"ref":null,"status":"operational","opened_on":null,"expected_completion":null,"agency":null,"source":"osm","confidence":0.9},"geometry":{"type":"Point","coordinates":[81.9256,25.7264]}},{"type":"Feature","properties":{"id":"toll_plaza:osm:node/9014209784","field":"national_highways","kind":"toll_plaza","name":null,"ref":null,"status":"operational","opened_on":null,"expected_completion":null,"agency":null,"source":"osm","confidence":0.9},"geometry":{"type":"Point","coordinates":[81.9258,25.7263]}},{"type":"Feature","properties":{"id":"toll_plaza:osm:node/9051120718","field":"national_highways","kind":"toll_plaza","name":null,"ref":null,"status":"operational","opened_on":null,"expected_completion":null,"agency":null,"source":"osm","confidence":0.9},"geometry":{"type":"Point","coordinates":[77.3459,10.9776]}},{"type":"Feature","properties":{"id":"toll_plaza:osm:node/9056966963","field":"national_highways","kind":"toll_plaza","name":null,"ref":null,"status":"operational","opened_on":null,"expected_completion":null,"agency":null,"source":"osm","confidence":0.9},"geometry":{"type":"Point","coordinates":[75.6146,19.6061]}},{"type":"Feature","properties":{"id":"toll_plaza:osm:node/9056966996","field":"national_highways","kind":"toll_plaza","name":null,"ref":null,"status":"operational","opened_on":null,"expected_completion":null,"agency":null,"source":"osm","confidence":0.9},"geometry":{"type":"Point","coordinates":[75.6143,19.6061]}},{"type":"Feature","properties":{"id":"toll_plaza:osm:node/9057009443","field":"national_highways","kind":"toll_plaza","name":null,"ref":null,"status":"operational","opened_on":null,"expected_completion":null,"agency":null,"source":"osm","confidence":0.9},"geometry":{"type":"Point","coordinates":[75.7492,19.1388]}},{"type":"Feature","properties":{"id":"toll_plaza:osm:node/9057009469","field":"national_highways","kind":"toll_plaza","name":null,"ref":null,"status":"operational","opened_on":null,"expected_completion":null,"agency":null,"source":"osm","confidence":0.9},"geometry":{"type":"Point","coordinates":[75.7489,19.1388]}},{"type":"Feature","properties":{"id":"toll_plaza:osm:node/9071631561","field":"national_highways","kind":"toll_plaza","name":null,"ref":null,"status":"operational","opened_on":null,"expected_completion":null,"agency":null,"source":"osm","confidence":0.9},"geometry":{"type":"Point","coordinates":[79.016,13.195]}},{"type":"Feature","properties":{"id":"toll_plaza:osm:node/9095043197","field":"national_highways","kind":"toll_plaza","name":null,"ref":null,"status":"operational","opened_on":null,"expected_completion":null,"agency":null,"source":"osm","confidence":0.9},"geometry":{"type":"Point","coordinates":[69.9101,21.3183]}},{"type":"Feature","properties":{"id":"toll_plaza:osm:node/9403490498","field":"national_highways","kind":"toll_plaza","name":null,"ref":null,"status":"operational","opened_on":null,"expected_completion":null,"agency":null,"source":"osm","confidence":0.9},"geometry":{"type":"Point","coordinates":[75.1025,30.2331]}},{"type":"Feature","properties":{"id":"toll_plaza:osm:node/9488641010","field":"national_highways","kind":"toll_plaza","name":null,"ref":null,"status":"operational","opened_on":null,"expected_completion":null,"agency":null,"source":"osm","confidence":0.9},"geometry":{"type":"Point","coordinates":[77.5514,28.3211]}},{"type":"Feature","properties":{"id":"toll_plaza:osm:node/9498102634","field":"national_highways","kind":"toll_plaza","name":null,"ref":null,"status":"operational","opened_on":null,"expected_completion":null,"agency":null,"source":"osm","confidence":0.9},"geometry":{"type":"Point","coordinates":[75.648,29.2923]}},{"type":"Feature","properties":{"id":"toll_plaza:osm:node/9544772817","field":"national_highways","kind":"toll_plaza","name":null,"ref":null,"status":"operational","opened_on":null,"expected_completion":null,"agency":null,"source":"osm","confidence":0.9},"geometry":{"type":"Point","coordinates":[88.9192,26.5603]}},{"type":"Feature","properties":{"id":"toll_plaza:osm:node/9789218139","field":"national_highways","kind":"toll_plaza","name":null,"ref":null,"status":"operational","opened_on":null,"expected_completion":null,"agency":null,"source":"osm","confidence":0.9},"geometry":{"type":"Point","coordinates":[87.825,24.2488]}},{"type":"Feature","properties":{"id":"toll_plaza:osm:node/10022967891","field":"national_highways","kind":"toll_plaza","name":null,"ref":null,"status":"operational","opened_on":null,"expected_completion":null,"agency":null,"source":"osm","confidence":0.9},"geometry":{"type":"Point","coordinates":[76.6469,29.9095]}},{"type":"Feature","properties":{"id":"toll_plaza:osm:node/10022967892","field":"national_highways","kind":"toll_plaza","name":null,"ref":null,"status":"operational","opened_on":null,"expected_completion":null,"agency":null,"source":"osm","confidence":0.9},"geometry":{"type":"Point","coordinates":[76.6474,29.9095]}},{"type":"Feature","properties":{"id":"toll_plaza:osm:node/10131851696","field":"national_highways","kind":"toll_plaza","name":null,"ref":null,"status":"operational","opened_on":null,"expected_completion":null,"agency":null,"source":"osm","confidence":0.9},"geometry":{"type":"Point","coordinates":[78.0239,8.7366]}},{"type":"Feature","properties":{"id":"toll_plaza:osm:node/10169922792","field":"national_highways","kind":"toll_plaza","name":null,"ref":null,"status":"operational","opened_on":null,"expected_completion":null,"agency":null,"source":"osm","confidence":0.9},"geometry":{"type":"Point","coordinates":[83.3452,17.888]}},{"type":"Feature","properties":{"id":"toll_plaza:osm:node/10169922793","field":"national_highways","kind":"toll_plaza","name":null,"ref":null,"status":"operational","opened_on":null,"expected_completion":null,"agency":null,"source":"osm","confidence":0.9},"geometry":{"type":"Point","coordinates":[83.3452,17.8883]}},{"type":"Feature","properties":{"id":"toll_plaza:osm:node/10200523557","field":"national_highways","kind":"toll_plaza","name":null,"ref":null,"status":"operational","opened_on":null,"expected_completion":null,"agency":null,"source":"osm","confidence":0.9},"geometry":{"type":"Point","coordinates":[79.6421,17.4064]}},{"type":"Feature","properties":{"id":"toll_plaza:osm:node/247682273","field":"national_highways","kind":"toll_plaza","name":null,"ref":null,"status":"operational","opened_on":null,"expected_completion":null,"agency":null,"source":"osm","confidence":0.9},"geometry":{"type":"Point","coordinates":[77.3477,10.9772]}},{"type":"Feature","properties":{"id":"toll_plaza:osm:node/247684881","field":"national_highways","kind":"toll_plaza","name":null,"ref":null,"status":"operational","opened_on":null,"expected_completion":null,"agency":null,"source":"osm","confidence":0.9},"geometry":{"type":"Point","coordinates":[78.2184,10.9318]}},{"type":"Feature","properties":{"id":"toll_plaza:osm:node/342119953","field":"national_highways","kind":"toll_plaza","name":"Toll Naka","ref":null,"status":"operational","opened_on":null,"expected_completion":null,"agency":null,"source":"osm","confidence":0.9},"geometry":{"type":"Point","coordinates":[72.8713,19.257]}},{"type":"Feature","properties":{"id":"toll_plaza:osm:node/343368023","field":"national_highways","kind":"toll_plaza","name":null,"ref":null,"status":"operational","opened_on":null,"expected_completion":null,"agency":null,"source":"osm","confidence":0.9},"geometry":{"type":"Point","coordinates":[74.7843,19.2015]}},{"type":"Feature","properties":{"id":"toll_plaza:osm:node/343368353","field":"national_highways","kind":"toll_plaza","name":null,"ref":null,"status":"operational","opened_on":null,"expected_completion":null,"agency":null,"source":"osm","confidence":0.9},"geometry":{"type":"Point","coordinates":[74.9821,19.5556]}},{"type":"Feature","properties":{"id":"toll_plaza:osm:node/444525149","field":"national_highways","kind":"toll_plaza","name":null,"ref":null,"status":"operational","opened_on":null,"expected_completion":null,"agency":null,"source":"osm","confidence":0.9},"geometry":{"type":"Point","coordinates":[72.8285,23.4102]}},{"type":"Feature","properties":{"id":"toll_plaza:osm:node/568307747","field":"national_highways","kind":"toll_plaza","name":null,"ref":null,"status":"operational","opened_on":null,"expected_completion":null,"agency":null,"source":"osm","confidence":0.9},"geometry":{"type":"Point","coordinates":[77.7374,27.3371]}},{"type":"Feature","properties":{"id":"toll_plaza:osm:node/577523184","field":"national_highways","kind":"toll_plaza","name":null,"ref":null,"status":"operational","opened_on":null,"expected_completion":null,"agency":null,"source":"osm","confidence":0.9},"geometry":{"type":"Point","coordinates":[78.0807,12.0063]}},{"type":"Feature","properties":{"id":"toll_plaza:osm:node/579900135","field":"national_highways","kind":"toll_plaza","name":null,"ref":null,"status":"operational","opened_on":null,"expected_completion":null,"agency":null,"source":"osm","confidence":0.9},"geometry":{"type":"Point","coordinates":[77.4708,12.9024]}},{"type":"Feature","properties":{"id":"toll_plaza:osm:node/1145211153","field":"national_highways","kind":"toll_plaza","name":"Valsang","ref":null,"status":"operational","opened_on":null,"expected_completion":null,"agency":null,"source":"osm","confidence":0.9},"geometry":{"type":"Point","coordinates":[76.0744,17.5896]}},{"type":"Feature","properties":{"id":"toll_plaza:osm:node/1167107021","field":"national_highways","kind":"toll_plaza","name":null,"ref":null,"status":"operational","opened_on":null,"expected_completion":null,"agency":null,"source":"osm","confidence":0.9},"geometry":{"type":"Point","coordinates":[81.7429,25.2719]}},{"type":"Feature","properties":{"id":"toll_plaza:osm:node/1189425377","field":"national_highways","kind":"toll_plaza","name":null,"ref":null,"status":"operational","opened_on":null,"expected_completion":null,"agency":null,"source":"osm","confidence":0.9},"geometry":{"type":"Point","coordinates":[78.0648,30.4599]}},{"type":"Feature","properties":{"id":"toll_plaza:osm:node/1370059229","field":"national_highways","kind":"toll_plaza","name":null,"ref":null,"status":"operational","opened_on":null,"expected_completion":null,"agency":null,"source":"osm","confidence":0.9},"geometry":{"type":"Point","coordinates":[87.1522,21.7536]}},{"type":"Feature","properties":{"id":"toll_plaza:osm:node/1595761301","field":"national_highways","kind":"toll_plaza","name":null,"ref":null,"status":"operational","opened_on":null,"expected_completion":null,"agency":null,"source":"osm","confidence":0.9},"geometry":{"type":"Point","coordinates":[77.4754,13.0424]}},{"type":"Feature","properties":{"id":"toll_plaza:osm:node/1595761320","field":"national_highways","kind":"toll_plaza","name":null,"ref":null,"status":"operational","opened_on":null,"expected_completion":null,"agency":null,"source":"osm","confidence":0.9},"geometry":{"type":"Point","coordinates":[77.475,13.0424]}},{"type":"Feature","properties":{"id":"toll_plaza:osm:node/1632847671","field":"national_highways","kind":"toll_plaza","name":"Bengaluru Nelamangala Tollway - Navayuga","ref":null,"status":"operational","opened_on":null,"expected_completion":null,"agency":null,"source":"osm","confidence":0.9},"geometry":{"type":"Point","coordinates":[77.4944,13.0497]}},{"type":"Feature","properties":{"id":"toll_plaza:osm:node/1727840346","field":"national_highways","kind":"toll_plaza","name":null,"ref":null,"status":"operational","opened_on":null,"expected_completion":null,"agency":null,"source":"osm","confidence":0.9},"geometry":{"type":"Point","coordinates":[77.6664,13.2046]}},{"type":"Feature","properties":{"id":"toll_plaza:osm:node/1728265164","field":"national_highways","kind":"toll_plaza","name":null,"ref":null,"status":"operational","opened_on":null,"expected_completion":null,"agency":null,"source":"osm","confidence":0.9},"geometry":{"type":"Point","coordinates":[74.7616,24.5721]}},{"type":"Feature","properties":{"id":"toll_plaza:osm:node/1765285354","field":"national_highways","kind":"toll_plaza","name":null,"ref":null,"status":"operational","opened_on":null,"expected_completion":null,"agency":null,"source":"osm","confidence":0.9},"geometry":{"type":"Point","coordinates":[73.565,17.516]}},{"type":"Feature","properties":{"id":"toll_plaza:osm:node/1777560354","field":"national_highways","kind":"toll_plaza","name":"Beliyad","ref":null,"status":"operational","opened_on":null,"expected_completion":null,"agency":null,"source":"osm","confidence":0.9},"geometry":{"type":"Point","coordinates":[86.7988,23.7638]}},{"type":"Feature","properties":{"id":"toll_plaza:osm:node/1805264961","field":"national_highways","kind":"toll_plaza","name":null,"ref":null,"status":"operational","opened_on":null,"expected_completion":null,"agency":null,"source":"osm","confidence":0.9},"geometry":{"type":"Point","coordinates":[76.8979,30.7389]}},{"type":"Feature","properties":{"id":"toll_plaza:osm:node/1805264963","field":"national_highways","kind":"toll_plaza","name":null,"ref":null,"status":"operational","opened_on":null,"expected_completion":null,"agency":null,"source":"osm","confidence":0.9},"geometry":{"type":"Point","coordinates":[76.8981,30.7388]}},{"type":"Feature","properties":{"id":"toll_plaza:osm:node/1877437719","field":"national_highways","kind":"toll_plaza","name":null,"ref":null,"status":"operational","opened_on":null,"expected_completion":null,"agency":null,"source":"osm","confidence":0.9},"geometry":{"type":"Point","coordinates":[72.6428,23.1152]}},{"type":"Feature","properties":{"id":"toll_plaza:osm:node/2152463913","field":"national_highways","kind":"toll_plaza","name":null,"ref":null,"status":"operational","opened_on":null,"expected_completion":null,"agency":null,"source":"osm","confidence":0.9},"geometry":{"type":"Point","coordinates":[78.834,10.7444]}},{"type":"Feature","properties":{"id":"toll_plaza:osm:node/2152913882","field":"national_highways","kind":"toll_plaza","name":null,"ref":null,"status":"operational","opened_on":null,"expected_completion":null,"agency":null,"source":"osm","confidence":0.9},"geometry":{"type":"Point","coordinates":[75.7766,22.6121]}},{"type":"Feature","properties":{"id":"toll_plaza:osm:node/2152913884","field":"national_highways","kind":"toll_plaza","name":null,"ref":null,"status":"operational","opened_on":null,"expected_completion":null,"agency":null,"source":"osm","confidence":0.9},"geometry":{"type":"Point","coordinates":[75.7766,22.6122]}},{"type":"Feature","properties":{"id":"toll_plaza:osm:node/2153000339","field":"national_highways","kind":"toll_plaza","name":"Khalghat (Indore - Khalghat)","ref":null,"status":"operational","opened_on":null,"expected_completion":null,"agency":null,"source":"osm","confidence":0.9},"geometry":{"type":"Point","coordinates":[75.4569,22.1737]}},{"type":"Feature","properties":{"id":"toll_plaza:osm:node/2153000340","field":"national_highways","kind":"toll_plaza","name":"Khalghat (Indore - Khalghat)","ref":null,"status":"operational","opened_on":null,"expected_completion":null,"agency":null,"source":"osm","confidence":0.9},"geometry":{"type":"Point","coordinates":[75.4568,22.1738]}},{"type":"Feature","properties":{"id":"toll_plaza:osm:node/2159532851","field":"national_highways","kind":"toll_plaza","name":null,"ref":null,"status":"operational","opened_on":null,"expected_completion":null,"agency":null,"source":"osm","confidence":0.9},"geometry":{"type":"Point","coordinates":[78.3901,21.6938]}},{"type":"Feature","properties":{"id":"toll_plaza:osm:node/2159716536","field":"national_highways","kind":"toll_plaza","name":null,"ref":null,"status":"operational","opened_on":null,"expected_completion":null,"agency":null,"source":"osm","confidence":0.9},"geometry":{"type":"Point","coordinates":[78.4333,21.8419]}},{"type":"Feature","properties":{"id":"toll_plaza:osm:node/2159716537","field":"national_highways","kind":"toll_plaza","name":null,"ref":null,"status":"operational","opened_on":null,"expected_completion":null,"agency":null,"source":"osm","confidence":0.9},"geometry":{"type":"Point","coordinates":[78.4358,21.8425]}},{"type":"Feature","properties":{"id":"toll_plaza:osm:node/2242337626","field":"national_highways","kind":"toll_plaza","name":"Indalwai","ref":null,"status":"operational","opened_on":null,"expected_completion":null,"agency":null,"source":"osm","confidence":0.9},"geometry":{"type":"Point","coordinates":[78.2397,18.5383]}},{"type":"Feature","properties":{"id":"toll_plaza:osm:node/2258682708","field":"national_highways","kind":"toll_plaza","name":"Varahi","ref":null,"status":"operational","opened_on":null,"expected_completion":null,"agency":null,"source":"osm","confidence":0.9},"geometry":{"type":"Point","coordinates":[71.4276,23.7912]}},{"type":"Feature","properties":{"id":"toll_plaza:osm:node/2258682715","field":"national_highways","kind":"toll_plaza","name":"Varahi","ref":null,"status":"operational","opened_on":null,"expected_completion":null,"agency":null,"source":"osm","confidence":0.9},"geometry":{"type":"Point","coordinates":[71.4276,23.7913]}},{"type":"Feature","properties":{"id":"toll_plaza:osm:node/2269392671","field":"national_highways","kind":"toll_plaza","name":null,"ref":null,"status":"operational","opened_on":null,"expected_completion":null,"agency":null,"source":"osm","confidence":0.9},"geometry":{"type":"Point","coordinates":[73.6148,19.7088]}},{"type":"Feature","properties":{"id":"toll_plaza:osm:node/2269392672","field":"national_highways","kind":"toll_plaza","name":null,"ref":null,"status":"operational","opened_on":null,"expected_completion":null,"agency":null,"source":"osm","confidence":0.9},"geometry":{"type":"Point","coordinates":[73.6145,19.7089]}},{"type":"Feature","properties":{"id":"toll_plaza:osm:node/2269427281","field":"national_highways","kind":"toll_plaza","name":null,"ref":null,"status":"operational","opened_on":null,"expected_completion":null,"agency":null,"source":"osm","confidence":0.9},"geometry":{"type":"Point","coordinates":[74.493,18.933]}},{"type":"Feature","properties":{"id":"toll_plaza:osm:node/2269427283","field":"national_highways","kind":"toll_plaza","name":null,"ref":null,"status":"operational","opened_on":null,"expected_completion":null,"agency":null,"source":"osm","confidence":0.9},"geometry":{"type":"Point","coordinates":[74.493,18.9331]}},{"type":"Feature","properties":{"id":"toll_plaza:osm:node/2269783398","field":"national_highways","kind":"toll_plaza","name":null,"ref":null,"status":"operational","opened_on":null,"expected_completion":null,"agency":null,"source":"osm","confidence":0.9},"geometry":{"type":"Point","coordinates":[73.1657,19.3614]}},{"type":"Feature","properties":{"id":"toll_plaza:osm:node/2280136987","field":"national_highways","kind":"toll_plaza","name":null,"ref":null,"status":"operational","opened_on":null,"expected_completion":null,"agency":null,"source":"osm","confidence":0.9},"geometry":{"type":"Point","coordinates":[82.6759,17.3977]}},{"type":"Feature","properties":{"id":"toll_plaza:osm:node/2280136989","field":"national_highways","kind":"toll_plaza","name":null,"ref":null,"status":"operational","opened_on":null,"expected_completion":null,"agency":null,"source":"osm","confidence":0.9},"geometry":{"type":"Point","coordinates":[82.6759,17.3978]}},{"type":"Feature","properties":{"id":"toll_plaza:osm:node/2281204326","field":"national_highways","kind":"toll_plaza","name":null,"ref":null,"status":"operational","opened_on":null,"expected_completion":null,"agency":null,"source":"osm","confidence":0.9},"geometry":{"type":"Point","coordinates":[82.1107,17.2155]}},{"type":"Feature","properties":{"id":"toll_plaza:osm:node/2465553178","field":"national_highways","kind":"toll_plaza","name":null,"ref":null,"status":"operational","opened_on":null,"expected_completion":null,"agency":null,"source":"osm","confidence":0.9},"geometry":{"type":"Point","coordinates":[80.1918,15.6833]}},{"type":"Feature","properties":{"id":"toll_plaza:osm:node/2465833637","field":"national_highways","kind":"toll_plaza","name":null,"ref":null,"status":"operational","opened_on":null,"expected_completion":null,"agency":null,"source":"osm","confidence":0.9},"geometry":{"type":"Point","coordinates":[79.5328,13.5256]}},{"type":"Feature","properties":{"id":"toll_plaza:osm:node/2474772404","field":"national_highways","kind":"toll_plaza","name":null,"ref":null,"status":"operational","opened_on":null,"expected_completion":null,"agency":null,"source":"osm","confidence":0.9},"geometry":{"type":"Point","coordinates":[77.9145,9.3852]}},{"type":"Feature","properties":{"id":"toll_plaza:osm:node/2474772408","field":"national_highways","kind":"toll_plaza","name":null,"ref":null,"status":"operational","opened_on":null,"expected_completion":null,"agency":null,"source":"osm","confidence":0.9},"geometry":{"type":"Point","coordinates":[77.9141,9.3853]}},{"type":"Feature","properties":{"id":"toll_plaza:osm:node/2474909788","field":"national_highways","kind":"toll_plaza","name":null,"ref":null,"status":"operational","opened_on":null,"expected_completion":null,"agency":null,"source":"osm","confidence":0.9},"geometry":{"type":"Point","coordinates":[78.0113,9.8441]}},{"type":"Feature","properties":{"id":"toll_plaza:osm:node/2474909791","field":"national_highways","kind":"toll_plaza","name":null,"ref":null,"status":"operational","opened_on":null,"expected_completion":null,"agency":null,"source":"osm","confidence":0.9},"geometry":{"type":"Point","coordinates":[78.0111,9.8444]}},{"type":"Feature","properties":{"id":"toll_plaza:osm:node/2498568368","field":"national_highways","kind":"toll_plaza","name":null,"ref":null,"status":"operational","opened_on":null,"expected_completion":null,"agency":null,"source":"osm","confidence":0.9},"geometry":{"type":"Point","coordinates":[74.0436,18.6345]}},{"type":"Feature","properties":{"id":"toll_plaza:osm:node/2498568372","field":"national_highways","kind":"toll_plaza","name":null,"ref":null,"status":"operational","opened_on":null,"expected_completion":null,"agency":null,"source":"osm","confidence":0.9},"geometry":{"type":"Point","coordinates":[74.0442,18.635]}},{"type":"Feature","properties":{"id":"toll_plaza:osm:node/9057376304","field":"national_highways","kind":"toll_plaza","name":"Tamalwadi Toll Plaza","ref":null,"status":"operational","opened_on":null,"expected_completion":null,"agency":null,"source":"osm","confidence":0.9},"geometry":{"type":"Point","coordinates":[75.9657,17.852]}},{"type":"Feature","properties":{"id":"toll_plaza:osm:node/9057376506","field":"national_highways","kind":"toll_plaza","name":"Tamalwadi Toll Plaza","ref":null,"status":"operational","opened_on":null,"expected_completion":null,"agency":null,"source":"osm","confidence":0.9},"geometry":{"type":"Point","coordinates":[75.9654,17.8521]}},{"type":"Feature","properties":{"id":"toll_plaza:osm:node/9063976570","field":"national_highways","kind":"toll_plaza","name":null,"ref":null,"status":"operational","opened_on":null,"expected_completion":null,"agency":null,"source":"osm","confidence":0.9},"geometry":{"type":"Point","coordinates":[78.3918,20.5501]}},{"type":"Feature","properties":{"id":"toll_plaza:osm:node/9063976642","field":"national_highways","kind":"toll_plaza","name":null,"ref":null,"status":"operational","opened_on":null,"expected_completion":null,"agency":null,"source":"osm","confidence":0.9},"geometry":{"type":"Point","coordinates":[78.3916,20.5502]}},{"type":"Feature","properties":{"id":"toll_plaza:osm:node/9067413226","field":"national_highways","kind":"toll_plaza","name":null,"ref":null,"status":"operational","opened_on":null,"expected_completion":null,"agency":null,"source":"osm","confidence":0.9},"geometry":{"type":"Point","coordinates":[76.1935,17.7997]}},{"type":"Feature","properties":{"id":"toll_plaza:osm:node/9067722994","field":"national_highways","kind":"toll_plaza","name":null,"ref":null,"status":"operational","opened_on":null,"expected_completion":null,"agency":null,"source":"osm","confidence":0.9},"geometry":{"type":"Point","coordinates":[73.0946,18.8449]}},{"type":"Feature","properties":{"id":"toll_plaza:osm:node/9074386596","field":"national_highways","kind":"toll_plaza","name":null,"ref":null,"status":"operational","opened_on":null,"expected_completion":null,"agency":null,"source":"osm","confidence":0.9},"geometry":{"type":"Point","coordinates":[78.8876,18.0003]}},{"type":"Feature","properties":{"id":"toll_plaza:osm:node/9074473633","field":"national_highways","kind":"toll_plaza","name":null,"ref":null,"status":"operational","opened_on":null,"expected_completion":null,"agency":null,"source":"osm","confidence":0.9},"geometry":{"type":"Point","coordinates":[78.6759,16.6121]}},{"type":"Feature","properties":{"id":"toll_plaza:osm:node/9194396275","field":"national_highways","kind":"toll_plaza","name":null,"ref":null,"status":"operational","opened_on":null,"expected_completion":null,"agency":null,"source":"osm","confidence":0.9},"geometry":{"type":"Point","coordinates":[85.8478,22.6277]}},{"type":"Feature","properties":{"id":"toll_plaza:osm:node/9962928854","field":"national_highways","kind":"toll_plaza","name":null,"ref":null,"status":"operational","opened_on":null,"expected_completion":null,"agency":null,"source":"osm","confidence":0.9},"geometry":{"type":"Point","coordinates":[76.5069,29.91]}},{"type":"Feature","properties":{"id":"toll_plaza:osm:node/10049922203","field":"national_highways","kind":"toll_plaza","name":null,"ref":null,"status":"operational","opened_on":null,"expected_completion":null,"agency":null,"source":"osm","confidence":0.9},"geometry":{"type":"Point","coordinates":[76.5344,29.5535]}},{"type":"Feature","properties":{"id":"toll_plaza:osm:node/10049922204","field":"national_highways","kind":"toll_plaza","name":null,"ref":null,"status":"operational","opened_on":null,"expected_completion":null,"agency":null,"source":"osm","confidence":0.9},"geometry":{"type":"Point","coordinates":[76.5333,29.5504]}},{"type":"Feature","properties":{"id":"toll_plaza:osm:node/10049933362","field":"national_highways","kind":"toll_plaza","name":null,"ref":null,"status":"operational","opened_on":null,"expected_completion":null,"agency":null,"source":"osm","confidence":0.9},"geometry":{"type":"Point","coordinates":[76.5122,29.4862]}},{"type":"Feature","properties":{"id":"toll_plaza:osm:node/10735076727","field":"national_highways","kind":"toll_plaza","name":"Kaniminke Toll Plaza","ref":null,"status":"operational","opened_on":null,"expected_completion":null,"agency":null,"source":"osm","confidence":0.9},"geometry":{"type":"Point","coordinates":[77.4184,12.8405]}},{"type":"Feature","properties":{"id":"toll_plaza:osm:node/11098979721","field":"national_highways","kind":"toll_plaza","name":null,"ref":null,"status":"operational","opened_on":null,"expected_completion":null,"agency":null,"source":"osm","confidence":0.9},"geometry":{"type":"Point","coordinates":[74.0265,28.8821]}},{"type":"Feature","properties":{"id":"toll_plaza:osm:node/11098979722","field":"national_highways","kind":"toll_plaza","name":null,"ref":null,"status":"operational","opened_on":null,"expected_completion":null,"agency":null,"source":"osm","confidence":0.9},"geometry":{"type":"Point","coordinates":[74.0274,28.8818]}},{"type":"Feature","properties":{"id":"toll_plaza:osm:node/11100956177","field":"national_highways","kind":"toll_plaza","name":null,"ref":null,"status":"operational","opened_on":null,"expected_completion":null,"agency":null,"source":"osm","confidence":0.9},"geometry":{"type":"Point","coordinates":[73.2341,27.5592]}},{"type":"Feature","properties":{"id":"toll_plaza:osm:node/11100956191","field":"national_highways","kind":"toll_plaza","name":null,"ref":null,"status":"operational","opened_on":null,"expected_completion":null,"agency":null,"source":"osm","confidence":0.9},"geometry":{"type":"Point","coordinates":[73.2348,27.5588]}},{"type":"Feature","properties":{"id":"toll_plaza:osm:node/11100956197","field":"national_highways","kind":"toll_plaza","name":null,"ref":null,"status":"operational","opened_on":null,"expected_completion":null,"agency":null,"source":"osm","confidence":0.9},"geometry":{"type":"Point","coordinates":[73.2313,27.5538]}},{"type":"Feature","properties":{"id":"toll_plaza:osm:node/11100956215","field":"national_highways","kind":"toll_plaza","name":null,"ref":null,"status":"operational","opened_on":null,"expected_completion":null,"agency":null,"source":"osm","confidence":0.9},"geometry":{"type":"Point","coordinates":[73.2306,27.5543]}},{"type":"Feature","properties":{"id":"toll_plaza:osm:node/11101018735","field":"national_highways","kind":"toll_plaza","name":null,"ref":null,"status":"operational","opened_on":null,"expected_completion":null,"agency":null,"source":"osm","confidence":0.9},"geometry":{"type":"Point","coordinates":[73.1108,27.3517]}},{"type":"Feature","properties":{"id":"toll_plaza:osm:node/11101018736","field":"national_highways","kind":"toll_plaza","name":null,"ref":null,"status":"operational","opened_on":null,"expected_completion":null,"agency":null,"source":"osm","confidence":0.9},"geometry":{"type":"Point","coordinates":[73.1112,27.3511]}},{"type":"Feature","properties":{"id":"toll_plaza:osm:node/11101018753","field":"national_highways","kind":"toll_plaza","name":null,"ref":null,"status":"operational","opened_on":null,"expected_completion":null,"agency":null,"source":"osm","confidence":0.9},"geometry":{"type":"Point","coordinates":[73.1087,27.3482]}},{"type":"Feature","properties":{"id":"toll_plaza:osm:node/11101018761","field":"national_highways","kind":"toll_plaza","name":null,"ref":null,"status":"operational","opened_on":null,"expected_completion":null,"agency":null,"source":"osm","confidence":0.9},"geometry":{"type":"Point","coordinates":[73.1092,27.3477]}},{"type":"Feature","properties":{"id":"toll_plaza:osm:node/11101071121","field":"national_highways","kind":"toll_plaza","name":null,"ref":null,"status":"operational","opened_on":null,"expected_completion":null,"agency":null,"source":"osm","confidence":0.9},"geometry":{"type":"Point","coordinates":[73.0108,27.1645]}},{"type":"Feature","properties":{"id":"toll_plaza:osm:node/11101071127","field":"national_highways","kind":"toll_plaza","name":null,"ref":null,"status":"operational","opened_on":null,"expected_completion":null,"agency":null,"source":"osm","confidence":0.9},"geometry":{"type":"Point","coordinates":[73.0116,27.1643]}},{"type":"Feature","properties":{"id":"toll_plaza:osm:node/11101071135","field":"national_highways","kind":"toll_plaza","name":null,"ref":null,"status":"operational","opened_on":null,"expected_completion":null,"agency":null,"source":"osm","confidence":0.9},"geometry":{"type":"Point","coordinates":[73.0089,27.1609]}},{"type":"Feature","properties":{"id":"toll_plaza:osm:node/11101071143","field":"national_highways","kind":"toll_plaza","name":null,"ref":null,"status":"operational","opened_on":null,"expected_completion":null,"agency":null,"source":"osm","confidence":0.9},"geometry":{"type":"Point","coordinates":[73.0096,27.1606]}},{"type":"Feature","properties":{"id":"toll_plaza:osm:node/11131159443","field":"national_highways","kind":"toll_plaza","name":null,"ref":null,"status":"operational","opened_on":null,"expected_completion":null,"agency":null,"source":"osm","confidence":0.9},"geometry":{"type":"Point","coordinates":[72.2786,25.7202]}},{"type":"Feature","properties":{"id":"toll_plaza:osm:node/11131159477","field":"national_highways","kind":"toll_plaza","name":null,"ref":null,"status":"operational","opened_on":null,"expected_completion":null,"agency":null,"source":"osm","confidence":0.9},"geometry":{"type":"Point","coordinates":[72.2758,25.715]}},{"type":"Feature","properties":{"id":"toll_plaza:osm:node/11131441210","field":"national_highways","kind":"toll_plaza","name":null,"ref":null,"status":"operational","opened_on":null,"expected_completion":null,"agency":null,"source":"osm","confidence":0.9},"geometry":{"type":"Point","coordinates":[72.1144,25.3966]}},{"type":"Feature","properties":{"id":"toll_plaza:osm:node/11131441217","field":"national_highways","kind":"toll_plaza","name":null,"ref":null,"status":"operational","opened_on":null,"expected_completion":null,"agency":null,"source":"osm","confidence":0.9},"geometry":{"type":"Point","coordinates":[72.1151,25.3962]}},{"type":"Feature","properties":{"id":"toll_plaza:osm:node/11198687928","field":"national_highways","kind":"toll_plaza","name":null,"ref":null,"status":"operational","opened_on":null,"expected_completion":null,"agency":null,"source":"osm","confidence":0.9},"geometry":{"type":"Point","coordinates":[75.6832,21.0159]}},{"type":"Feature","properties":{"id":"toll_plaza:osm:node/11198763138","field":"national_highways","kind":"toll_plaza","name":null,"ref":null,"status":"operational","opened_on":null,"expected_completion":null,"agency":null,"source":"osm","confidence":0.9},"geometry":{"type":"Point","coordinates":[75.6855,21.0173]}},{"type":"Feature","properties":{"id":"toll_plaza:osm:node/11524315950","field":"national_highways","kind":"toll_plaza","name":null,"ref":null,"status":"operational","opened_on":null,"expected_completion":null,"agency":null,"source":"osm","confidence":0.9},"geometry":{"type":"Point","coordinates":[78.5153,13.0374]}},{"type":"Feature","properties":{"id":"toll_plaza:osm:node/11524334804","field":"national_highways","kind":"toll_plaza","name":null,"ref":null,"status":"operational","opened_on":null,"expected_completion":null,"agency":null,"source":"osm","confidence":0.9},"geometry":{"type":"Point","coordinates":[81.4293,23.2816]}},{"type":"Feature","properties":{"id":"toll_plaza:osm:node/11802245893","field":"national_highways","kind":"toll_plaza","name":null,"ref":null,"status":"operational","opened_on":null,"expected_completion":null,"agency":null,"source":"osm","confidence":0.9},"geometry":{"type":"Point","coordinates":[78.8733,13.7143]}},{"type":"Feature","properties":{"id":"toll_plaza:osm:node/11802246022","field":"national_highways","kind":"toll_plaza","name":null,"ref":null,"status":"operational","opened_on":null,"expected_completion":null,"agency":null,"source":"osm","confidence":0.9},"geometry":{"type":"Point","coordinates":[78.7567,14.1311]}},{"type":"Feature","properties":{"id":"toll_plaza:osm:node/11901609067","field":"national_highways","kind":"toll_plaza","name":null,"ref":null,"status":"operational","opened_on":null,"expected_completion":null,"agency":null,"source":"osm","confidence":0.9},"geometry":{"type":"Point","coordinates":[76.4268,14.5381]}},{"type":"Feature","properties":{"id":"toll_plaza:osm:node/11964138089","field":"national_highways","kind":"toll_plaza","name":"Sasthan Toll Plaza","ref":null,"status":"operational","opened_on":null,"expected_completion":null,"agency":null,"source":"osm","confidence":0.9},"geometry":{"type":"Point","coordinates":[74.713,13.4764]}},{"type":"Feature","properties":{"id":"toll_plaza:osm:node/11964144706","field":"national_highways","kind":"toll_plaza","name":"Sasthan Toll Plaza","ref":null,"status":"operational","opened_on":null,"expected_completion":null,"agency":null,"source":"osm","confidence":0.9},"geometry":{"type":"Point","coordinates":[74.7131,13.4764]}},{"type":"Feature","properties":{"id":"toll_plaza:osm:node/11974573900","field":"national_highways","kind":"toll_plaza","name":null,"ref":null,"status":"operational","opened_on":null,"expected_completion":null,"agency":null,"source":"osm","confidence":0.9},"geometry":{"type":"Point","coordinates":[78.8354,25.9732]}},{"type":"Feature","properties":{"id":"toll_plaza:osm:node/11991942611","field":"national_highways","kind":"toll_plaza","name":null,"ref":null,"status":"operational","opened_on":null,"expected_completion":null,"agency":null,"source":"osm","confidence":0.9},"geometry":{"type":"Point","coordinates":[77.5764,13.8115]}},{"type":"Feature","properties":{"id":"toll_plaza:osm:node/12008937232","field":"national_highways","kind":"toll_plaza","name":null,"ref":null,"status":"operational","opened_on":null,"expected_completion":null,"agency":null,"source":"osm","confidence":0.9},"geometry":{"type":"Point","coordinates":[79.366,25.1477]}},{"type":"Feature","properties":{"id":"toll_plaza:osm:node/12017132070","field":"national_highways","kind":"toll_plaza","name":null,"ref":null,"status":"operational","opened_on":null,"expected_completion":null,"agency":null,"source":"osm","confidence":0.9},"geometry":{"type":"Point","coordinates":[76.2515,26.525]}},{"type":"Feature","properties":{"id":"toll_plaza:osm:node/12265951791","field":"national_highways","kind":"toll_plaza","name":null,"ref":null,"status":"operational","opened_on":null,"expected_completion":null,"agency":null,"source":"osm","confidence":0.9},"geometry":{"type":"Point","coordinates":[80.914,16.0546]}},{"type":"Feature","properties":{"id":"toll_plaza:osm:node/12517796872","field":"national_highways","kind":"toll_plaza","name":null,"ref":null,"status":"operational","opened_on":null,"expected_completion":null,"agency":null,"source":"osm","confidence":0.9},"geometry":{"type":"Point","coordinates":[76.1378,13.4436]}},{"type":"Feature","properties":{"id":"toll_plaza:osm:node/12517796884","field":"national_highways","kind":"toll_plaza","name":null,"ref":null,"status":"operational","opened_on":null,"expected_completion":null,"agency":null,"source":"osm","confidence":0.9},"geometry":{"type":"Point","coordinates":[76.1381,13.444]}},{"type":"Feature","properties":{"id":"toll_plaza:osm:node/12543307805","field":"national_highways","kind":"toll_plaza","name":null,"ref":null,"status":"operational","opened_on":null,"expected_completion":null,"agency":null,"source":"osm","confidence":0.9},"geometry":{"type":"Point","coordinates":[71.7204,24.5874]}},{"type":"Feature","properties":{"id":"toll_plaza:osm:node/12708147636","field":"national_highways","kind":"toll_plaza","name":"Nalavadi toll plaza","ref":null,"status":"operational","opened_on":null,"expected_completion":null,"agency":null,"source":"osm","confidence":0.9},"geometry":{"type":"Point","coordinates":[75.3574,15.37]}},{"type":"Feature","properties":{"id":"toll_plaza:osm:node/13017076023","field":"national_highways","kind":"toll_plaza","name":null,"ref":null,"status":"operational","opened_on":null,"expected_completion":null,"agency":null,"source":"osm","confidence":0.9},"geometry":{"type":"Point","coordinates":[84.0409,18.6199]}},{"type":"Feature","properties":{"id":"toll_plaza:osm:node/13061285132","field":"national_highways","kind":"toll_plaza","name":null,"ref":null,"status":"operational","opened_on":null,"expected_completion":null,"agency":null,"source":"osm","confidence":0.9},"geometry":{"type":"Point","coordinates":[77.4769,15.1592]}},{"type":"Feature","properties":{"id":"toll_plaza:osm:node/13722369292","field":"national_highways","kind":"toll_plaza","name":null,"ref":null,"status":"operational","opened_on":null,"expected_completion":null,"agency":null,"source":"osm","confidence":0.9},"geometry":{"type":"Point","coordinates":[77.2474,28.8777]}},{"type":"Feature","properties":{"id":"toll_plaza:osm:node/13722369293","field":"national_highways","kind":"toll_plaza","name":null,"ref":null,"status":"operational","opened_on":null,"expected_completion":null,"agency":null,"source":"osm","confidence":0.9},"geometry":{"type":"Point","coordinates":[77.248,28.8766]}},{"type":"Feature","properties":{"id":"toll_plaza:osm:node/13722375903","field":"national_highways","kind":"toll_plaza","name":null,"ref":null,"status":"operational","opened_on":null,"expected_completion":null,"agency":null,"source":"osm","confidence":0.9},"geometry":{"type":"Point","coordinates":[77.2508,28.8771]}},{"type":"Feature","properties":{"id":"toll_plaza:osm:node/13722375904","field":"national_highways","kind":"toll_plaza","name":null,"ref":null,"status":"operational","opened_on":null,"expected_completion":null,"agency":null,"source":"osm","confidence":0.9},"geometry":{"type":"Point","coordinates":[77.2516,28.876]}},{"type":"Feature","properties":{"id":"toll_plaza:osm:node/13927044152","field":"national_highways","kind":"toll_plaza","name":null,"ref":null,"status":"operational","opened_on":null,"expected_completion":null,"agency":null,"source":"osm","confidence":0.9},"geometry":{"type":"Point","coordinates":[73.2318,26.2668]}},{"type":"Feature","properties":{"id":"toll_plaza:osm:node/13927044153","field":"national_highways","kind":"toll_plaza","name":null,"ref":null,"status":"operational","opened_on":null,"expected_completion":null,"agency":null,"source":"osm","confidence":0.9},"geometry":{"type":"Point","coordinates":[73.2318,26.2667]}},{"type":"Feature","properties":{"id":"toll_plaza:osm:node/14024758240","field":"national_highways","kind":"toll_plaza","name":null,"ref":null,"status":"operational","opened_on":null,"expected_completion":null,"agency":null,"source":"osm","confidence":0.9},"geometry":{"type":"Point","coordinates":[80.2905,15.9348]}},{"type":"Feature","properties":{"id":"toll_plaza:osm:node/14024758241","field":"national_highways","kind":"toll_plaza","name":null,"ref":null,"status":"operational","opened_on":null,"expected_completion":null,"agency":null,"source":"osm","confidence":0.9},"geometry":{"type":"Point","coordinates":[80.2903,15.9349]}},{"type":"Feature","properties":{"id":"toll_plaza:osm:node/9530202576","field":"national_highways","kind":"toll_plaza","name":null,"ref":null,"status":"operational","opened_on":null,"expected_completion":null,"agency":null,"source":"osm","confidence":0.9},"geometry":{"type":"Point","coordinates":[76.6148,23.6573]}},{"type":"Feature","properties":{"id":"toll_plaza:osm:node/9691473714","field":"national_highways","kind":"toll_plaza","name":null,"ref":null,"status":"operational","opened_on":null,"expected_completion":null,"agency":null,"source":"osm","confidence":0.9},"geometry":{"type":"Point","coordinates":[92.7562,24.9464]}},{"type":"Feature","properties":{"id":"toll_plaza:osm:node/9691473720","field":"national_highways","kind":"toll_plaza","name":null,"ref":null,"status":"operational","opened_on":null,"expected_completion":null,"agency":null,"source":"osm","confidence":0.9},"geometry":{"type":"Point","coordinates":[92.7561,24.9465]}},{"type":"Feature","properties":{"id":"toll_plaza:osm:node/9989746888","field":"national_highways","kind":"toll_plaza","name":null,"ref":null,"status":"operational","opened_on":null,"expected_completion":null,"agency":null,"source":"osm","confidence":0.9},"geometry":{"type":"Point","coordinates":[78.886,29.2437]}},{"type":"Feature","properties":{"id":"toll_plaza:osm:node/10059212707","field":"national_highways","kind":"toll_plaza","name":"Lalanagar","ref":null,"status":"operational","opened_on":null,"expected_completion":null,"agency":null,"source":"osm","confidence":0.9},"geometry":{"type":"Point","coordinates":[82.489,25.2675]}},{"type":"Feature","properties":{"id":"toll_plaza:osm:node/10232821322","field":"national_highways","kind":"toll_plaza","name":null,"ref":null,"status":"operational","opened_on":null,"expected_completion":null,"agency":null,"source":"osm","confidence":0.9},"geometry":{"type":"Point","coordinates":[75.5336,32.1982]}},{"type":"Feature","properties":{"id":"toll_plaza:osm:node/10232821325","field":"national_highways","kind":"toll_plaza","name":null,"ref":null,"status":"operational","opened_on":null,"expected_completion":null,"agency":null,"source":"osm","confidence":0.9},"geometry":{"type":"Point","coordinates":[75.5338,32.1981]}},{"type":"Feature","properties":{"id":"toll_plaza:osm:node/11095492532","field":"national_highways","kind":"toll_plaza","name":null,"ref":null,"status":"operational","opened_on":null,"expected_completion":null,"agency":null,"source":"osm","confidence":0.9},"geometry":{"type":"Point","coordinates":[72.4839,26.1677]}},{"type":"Feature","properties":{"id":"toll_plaza:osm:node/11095492578","field":"national_highways","kind":"toll_plaza","name":null,"ref":null,"status":"operational","opened_on":null,"expected_completion":null,"agency":null,"source":"osm","confidence":0.9},"geometry":{"type":"Point","coordinates":[72.4825,26.1677]}},{"type":"Feature","properties":{"id":"toll_plaza:osm:node/11095492579","field":"national_highways","kind":"toll_plaza","name":null,"ref":null,"status":"operational","opened_on":null,"expected_completion":null,"agency":null,"source":"osm","confidence":0.9},"geometry":{"type":"Point","coordinates":[72.4801,26.1649]}},{"type":"Feature","properties":{"id":"toll_plaza:osm:node/11095492616","field":"national_highways","kind":"toll_plaza","name":null,"ref":null,"status":"operational","opened_on":null,"expected_completion":null,"agency":null,"source":"osm","confidence":0.9},"geometry":{"type":"Point","coordinates":[72.4814,26.1651]}},{"type":"Feature","properties":{"id":"toll_plaza:osm:node/11512102422","field":"national_highways","kind":"toll_plaza","name":null,"ref":null,"status":"operational","opened_on":null,"expected_completion":null,"agency":null,"source":"osm","confidence":0.9},"geometry":{"type":"Point","coordinates":[81.476,16.985]}},{"type":"Feature","properties":{"id":"toll_plaza:osm:node/11512102423","field":"national_highways","kind":"toll_plaza","name":null,"ref":null,"status":"operational","opened_on":null,"expected_completion":null,"agency":null,"source":"osm","confidence":0.9},"geometry":{"type":"Point","coordinates":[81.4761,16.9853]}},{"type":"Feature","properties":{"id":"toll_plaza:osm:node/11513479519","field":"national_highways","kind":"toll_plaza","name":null,"ref":null,"status":"operational","opened_on":null,"expected_completion":null,"agency":null,"source":"osm","confidence":0.9},"geometry":{"type":"Point","coordinates":[86.3263,20.9438]}},{"type":"Feature","properties":{"id":"toll_plaza:osm:node/11513479520","field":"national_highways","kind":"toll_plaza","name":null,"ref":null,"status":"operational","opened_on":null,"expected_completion":null,"agency":null,"source":"osm","confidence":0.9},"geometry":{"type":"Point","coordinates":[86.329,20.945]}},{"type":"Feature","properties":{"id":"toll_plaza:osm:node/11516339927","field":"national_highways","kind":"toll_plaza","name":null,"ref":null,"status":"operational","opened_on":null,"expected_completion":null,"agency":null,"source":"osm","confidence":0.9},"geometry":{"type":"Point","coordinates":[72.6763,26.0627]}},{"type":"Feature","properties":{"id":"toll_plaza:osm:node/11516339928","field":"national_highways","kind":"toll_plaza","name":null,"ref":null,"status":"operational","opened_on":null,"expected_completion":null,"agency":null,"source":"osm","confidence":0.9},"geometry":{"type":"Point","coordinates":[72.6763,26.0625]}},{"type":"Feature","properties":{"id":"toll_plaza:osm:node/11516541350","field":"national_highways","kind":"toll_plaza","name":null,"ref":null,"status":"operational","opened_on":null,"expected_completion":null,"agency":null,"source":"osm","confidence":0.9},"geometry":{"type":"Point","coordinates":[71.7841,23.9123]}},{"type":"Feature","properties":{"id":"toll_plaza:osm:node/11516541351","field":"national_highways","kind":"toll_plaza","name":null,"ref":null,"status":"operational","opened_on":null,"expected_completion":null,"agency":null,"source":"osm","confidence":0.9},"geometry":{"type":"Point","coordinates":[71.784,23.9124]}},{"type":"Feature","properties":{"id":"toll_plaza:osm:node/11585287651","field":"national_highways","kind":"toll_plaza","name":null,"ref":null,"status":"operational","opened_on":null,"expected_completion":null,"agency":null,"source":"osm","confidence":0.9},"geometry":{"type":"Point","coordinates":[79.8714,17.1919]}},{"type":"Feature","properties":{"id":"toll_plaza:osm:node/11761414005","field":"national_highways","kind":"toll_plaza","name":null,"ref":null,"status":"operational","opened_on":null,"expected_completion":null,"agency":null,"source":"osm","confidence":0.9},"geometry":{"type":"Point","coordinates":[76.8342,14.9813]}},{"type":"Feature","properties":{"id":"toll_plaza:osm:node/11761414006","field":"national_highways","kind":"toll_plaza","name":null,"ref":null,"status":"operational","opened_on":null,"expected_completion":null,"agency":null,"source":"osm","confidence":0.9},"geometry":{"type":"Point","coordinates":[76.834,14.9813]}},{"type":"Feature","properties":{"id":"toll_plaza:osm:node/11938965820","field":"national_highways","kind":"toll_plaza","name":null,"ref":null,"status":"operational","opened_on":null,"expected_completion":null,"agency":null,"source":"osm","confidence":0.9},"geometry":{"type":"Point","coordinates":[77.2608,13.0442]}},{"type":"Feature","properties":{"id":"toll_plaza:osm:node/11938965826","field":"national_highways","kind":"toll_plaza","name":null,"ref":null,"status":"operational","opened_on":null,"expected_completion":null,"agency":null,"source":"osm","confidence":0.9},"geometry":{"type":"Point","coordinates":[77.2608,13.0442]}},{"type":"Feature","properties":{"id":"toll_plaza:osm:node/11998720347","field":"national_highways","kind":"toll_plaza","name":null,"ref":null,"status":"operational","opened_on":null,"expected_completion":null,"agency":null,"source":"osm","confidence":0.9},"geometry":{"type":"Point","coordinates":[73.9028,19.9118]}},{"type":"Feature","properties":{"id":"toll_plaza:osm:node/11998720348","field":"national_highways","kind":"toll_plaza","name":null,"ref":null,"status":"operational","opened_on":null,"expected_completion":null,"agency":null,"source":"osm","confidence":0.9},"geometry":{"type":"Point","coordinates":[73.9029,19.912]}},{"type":"Feature","properties":{"id":"toll_plaza:osm:node/11998746902","field":"national_highways","kind":"toll_plaza","name":null,"ref":null,"status":"operational","opened_on":null,"expected_completion":null,"agency":null,"source":"osm","confidence":0.9},"geometry":{"type":"Point","coordinates":[74.0769,19.1724]}},{"type":"Feature","properties":{"id":"toll_plaza:osm:node/11998746903","field":"national_highways","kind":"toll_plaza","name":null,"ref":null,"status":"operational","opened_on":null,"expected_completion":null,"agency":null,"source":"osm","confidence":0.9},"geometry":{"type":"Point","coordinates":[74.0752,19.1704]}},{"type":"Feature","properties":{"id":"toll_plaza:osm:node/11998788939","field":"national_highways","kind":"toll_plaza","name":null,"ref":null,"status":"operational","opened_on":null,"expected_completion":null,"agency":null,"source":"osm","confidence":0.9},"geometry":{"type":"Point","coordinates":[80.0302,23.1051]}},{"type":"Feature","properties":{"id":"toll_plaza:osm:node/11998788940","field":"national_highways","kind":"toll_plaza","name":null,"ref":null,"status":"operational","opened_on":null,"expected_completion":null,"agency":null,"source":"osm","confidence":0.9},"geometry":{"type":"Point","coordinates":[80.0302,23.105]}},{"type":"Feature","properties":{"id":"toll_plaza:osm:node/12396495610","field":"national_highways","kind":"toll_plaza","name":null,"ref":null,"status":"operational","opened_on":null,"expected_completion":null,"agency":null,"source":"osm","confidence":0.9},"geometry":{"type":"Point","coordinates":[73.4135,28.0233]}},{"type":"Feature","properties":{"id":"toll_plaza:osm:node/12672448667","field":"national_highways","kind":"toll_plaza","name":null,"ref":null,"status":"operational","opened_on":null,"expected_completion":null,"agency":null,"source":"osm","confidence":0.9},"geometry":{"type":"Point","coordinates":[83.5206,18.0576]}},{"type":"Feature","properties":{"id":"toll_plaza:osm:node/12672448668","field":"national_highways","kind":"toll_plaza","name":null,"ref":null,"status":"operational","opened_on":null,"expected_completion":null,"agency":null,"source":"osm","confidence":0.9},"geometry":{"type":"Point","coordinates":[83.5209,18.0574]}},{"type":"Feature","properties":{"id":"toll_plaza:osm:node/12871625902","field":"national_highways","kind":"toll_plaza","name":"Khalapur Toll Plaza","ref":null,"status":"operational","opened_on":null,"expected_completion":null,"agency":null,"source":"osm","confidence":0.9},"geometry":{"type":"Point","coordinates":[73.2836,18.8043]}},{"type":"Feature","properties":{"id":"toll_plaza:osm:node/13106024572","field":"national_highways","kind":"toll_plaza","name":null,"ref":null,"status":"operational","opened_on":null,"expected_completion":null,"agency":null,"source":"osm","confidence":0.9},"geometry":{"type":"Point","coordinates":[76.3599,28.1421]}},{"type":"Feature","properties":{"id":"toll_plaza:osm:node/13106024573","field":"national_highways","kind":"toll_plaza","name":null,"ref":null,"status":"operational","opened_on":null,"expected_completion":null,"agency":null,"source":"osm","confidence":0.9},"geometry":{"type":"Point","coordinates":[76.3597,28.1424]}},{"type":"Feature","properties":{"id":"toll_plaza:osm:node/13174989702","field":"national_highways","kind":"toll_plaza","name":null,"ref":null,"status":"operational","opened_on":null,"expected_completion":null,"agency":null,"source":"osm","confidence":0.9},"geometry":{"type":"Point","coordinates":[73.8381,15.6894]}},{"type":"Feature","properties":{"id":"toll_plaza:osm:node/13174989703","field":"national_highways","kind":"toll_plaza","name":null,"ref":null,"status":"operational","opened_on":null,"expected_completion":null,"agency":null,"source":"osm","confidence":0.9},"geometry":{"type":"Point","coordinates":[73.8382,15.6894]}},{"type":"Feature","properties":{"id":"toll_plaza:osm:node/13913829287","field":"national_highways","kind":"toll_plaza","name":null,"ref":null,"status":"operational","opened_on":null,"expected_completion":null,"agency":null,"source":"osm","confidence":0.9},"geometry":{"type":"Point","coordinates":[80.5434,16.5051]}},{"type":"Feature","properties":{"id":"toll_plaza:osm:node/13919631599","field":"national_highways","kind":"toll_plaza","name":null,"ref":null,"status":"operational","opened_on":null,"expected_completion":null,"agency":null,"source":"osm","confidence":0.9},"geometry":{"type":"Point","coordinates":[77.3193,23.3103]}},{"type":"Feature","properties":{"id":"toll_plaza:osm:node/13919645492","field":"national_highways","kind":"toll_plaza","name":null,"ref":null,"status":"operational","opened_on":null,"expected_completion":null,"agency":null,"source":"osm","confidence":0.9},"geometry":{"type":"Point","coordinates":[77.3194,23.3102]}},{"type":"Feature","properties":{"id":"toll_plaza:osm:node/13956996198","field":"national_highways","kind":"toll_plaza","name":null,"ref":null,"status":"operational","opened_on":null,"expected_completion":null,"agency":null,"source":"osm","confidence":0.9},"geometry":{"type":"Point","coordinates":[81.6384,16.4232]}},{"type":"Feature","properties":{"id":"toll_plaza:osm:node/14118521631","field":"national_highways","kind":"toll_plaza","name":null,"ref":null,"status":"operational","opened_on":null,"expected_completion":null,"agency":null,"source":"osm","confidence":0.9},"geometry":{"type":"Point","coordinates":[85.7361,20.56]}},{"type":"Feature","properties":{"id":"toll_plaza:osm:node/14118521632","field":"national_highways","kind":"toll_plaza","name":null,"ref":null,"status":"operational","opened_on":null,"expected_completion":null,"agency":null,"source":"osm","confidence":0.9},"geometry":{"type":"Point","coordinates":[85.736,20.56]}},{"type":"Feature","properties":{"id":"toll_plaza:osm:node/4898053158","field":"national_highways","kind":"toll_plaza","name":"Dhilwan","ref":null,"status":"operational","opened_on":null,"expected_completion":null,"agency":null,"source":"osm","confidence":0.9},"geometry":{"type":"Point","coordinates":[75.323,31.4992]}},{"type":"Feature","properties":{"id":"toll_plaza:osm:node/5384775249","field":"national_highways","kind":"toll_plaza","name":"Panthangi Toll Plaza","ref":null,"status":"operational","opened_on":null,"expected_completion":null,"agency":null,"source":"osm","confidence":0.9},"geometry":{"type":"Point","coordinates":[78.9604,17.2327]}},{"type":"Feature","properties":{"id":"toll_plaza:osm:node/5446690412","field":"national_highways","kind":"toll_plaza","name":"Akhepura","ref":null,"status":"operational","opened_on":null,"expected_completion":null,"agency":null,"source":"osm","confidence":0.9},"geometry":{"type":"Point","coordinates":[75.3443,27.508]}},{"type":"Feature","properties":{"id":"toll_plaza:osm:node/5446690435","field":"national_highways","kind":"toll_plaza","name":"Akhepura","ref":null,"status":"operational","opened_on":null,"expected_completion":null,"agency":null,"source":"osm","confidence":0.9},"geometry":{"type":"Point","coordinates":[75.3442,27.5079]}},{"type":"Feature","properties":{"id":"toll_plaza:osm:node/5450338497","field":"national_highways","kind":"toll_plaza","name":"Palempalli Toll gate","ref":null,"status":"operational","opened_on":null,"expected_completion":null,"agency":null,"source":"osm","confidence":0.9},"geometry":{"type":"Point","coordinates":[78.7912,14.5135]}},{"type":"Feature","properties":{"id":"toll_plaza:osm:node/5450340542","field":"national_highways","kind":"toll_plaza","name":"Palempalli Toll gate","ref":null,"status":"operational","opened_on":null,"expected_completion":null,"agency":null,"source":"osm","confidence":0.9},"geometry":{"type":"Point","coordinates":[78.791,14.5134]}},{"type":"Feature","properties":{"id":"toll_plaza:osm:node/5450340673","field":"national_highways","kind":"toll_plaza","name":null,"ref":null,"status":"operational","opened_on":null,"expected_completion":null,"agency":null,"source":"osm","confidence":0.9},"geometry":{"type":"Point","coordinates":[78.7834,14.6242]}},{"type":"Feature","properties":{"id":"toll_plaza:osm:node/5450340709","field":"national_highways","kind":"toll_plaza","name":null,"ref":null,"status":"operational","opened_on":null,"expected_completion":null,"agency":null,"source":"osm","confidence":0.9},"geometry":{"type":"Point","coordinates":[78.7832,14.6242]}},{"type":"Feature","properties":{"id":"toll_plaza:osm:node/5489300579","field":"national_highways","kind":"toll_plaza","name":"Babina","ref":null,"status":"operational","opened_on":null,"expected_completion":null,"agency":null,"source":"osm","confidence":0.9},"geometry":{"type":"Point","coordinates":[78.4646,25.2169]}},{"type":"Feature","properties":{"id":"toll_plaza:osm:node/5489300580","field":"national_highways","kind":"toll_plaza","name":"Babina","ref":null,"status":"operational","opened_on":null,"expected_completion":null,"agency":null,"source":"osm","confidence":0.9},"geometry":{"type":"Point","coordinates":[78.4644,25.2169]}},{"type":"Feature","properties":{"id":"toll_plaza:osm:node/5489300581","field":"national_highways","kind":"toll_plaza","name":"Simliya","ref":null,"status":"operational","opened_on":null,"expected_completion":null,"agency":null,"source":"osm","confidence":0.9},"geometry":{"type":"Point","coordinates":[76.1306,25.1698]}},{"type":"Feature","properties":{"id":"toll_plaza:osm:node/5489300586","field":"national_highways","kind":"toll_plaza","name":null,"ref":null,"status":"operational","opened_on":null,"expected_completion":null,"agency":null,"source":"osm","confidence":0.9},"geometry":{"type":"Point","coordinates":[77.086,26.5372]}},{"type":"Feature","properties":{"id":"toll_plaza:osm:node/5496822934","field":"national_highways","kind":"toll_plaza","name":null,"ref":null,"status":"operational","opened_on":null,"expected_completion":null,"agency":null,"source":"osm","confidence":0.9},"geometry":{"type":"Point","coordinates":[73.7403,21.1622]}},{"type":"Feature","properties":{"id":"toll_plaza:osm:node/5496822935","field":"national_highways","kind":"toll_plaza","name":null,"ref":null,"status":"operational","opened_on":null,"expected_completion":null,"agency":null,"source":"osm","confidence":0.9},"geometry":{"type":"Point","coordinates":[73.7405,21.1639]}},{"type":"Feature","properties":{"id":"toll_plaza:osm:node/5506535702","field":"national_highways","kind":"toll_plaza","name":null,"ref":null,"status":"operational","opened_on":null,"expected_completion":null,"agency":null,"source":"osm","confidence":0.9},"geometry":{"type":"Point","coordinates":[75.9235,16.2906]}},{"type":"Feature","properties":{"id":"toll_plaza:osm:node/5506535712","field":"national_highways","kind":"toll_plaza","name":null,"ref":null,"status":"operational","opened_on":null,"expected_completion":null,"agency":null,"source":"osm","confidence":0.9},"geometry":{"type":"Point","coordinates":[75.9234,16.2904]}},{"type":"Feature","properties":{"id":"toll_plaza:osm:node/5516907786","field":"national_highways","kind":"toll_plaza","name":null,"ref":null,"status":"operational","opened_on":null,"expected_completion":null,"agency":null,"source":"osm","confidence":0.9},"geometry":{"type":"Point","coordinates":[75.5899,30.8249]}},{"type":"Feature","properties":{"id":"toll_plaza:osm:node/5516907787","field":"national_highways","kind":"toll_plaza","name":null,"ref":null,"status":"operational","opened_on":null,"expected_completion":null,"agency":null,"source":"osm","confidence":0.9},"geometry":{"type":"Point","coordinates":[75.5919,30.8251]}},{"type":"Feature","properties":{"id":"toll_plaza:osm:node/6032578082","field":"national_highways","kind":"toll_plaza","name":null,"ref":null,"status":"operational","opened_on":null,"expected_completion":null,"agency":null,"source":"osm","confidence":0.9},"geometry":{"type":"Point","coordinates":[74.793,13.0133]}},{"type":"Feature","properties":{"id":"toll_plaza:osm:node/6093533050","field":"national_highways","kind":"toll_plaza","name":null,"ref":null,"status":"operational","opened_on":null,"expected_completion":null,"agency":null,"source":"osm","confidence":0.9},"geometry":{"type":"Point","coordinates":[76.7961,27.4982]}},{"type":"Feature","properties":{"id":"toll_plaza:osm:node/6110169226","field":"national_highways","kind":"toll_plaza","name":"Toll Naka","ref":null,"status":"operational","opened_on":null,"expected_completion":null,"agency":null,"source":"osm","confidence":0.9},"geometry":{"type":"Point","coordinates":[78.9629,20.8548]}},{"type":"Feature","properties":{"id":"toll_plaza:osm:node/6154146747","field":"national_highways","kind":"toll_plaza","name":null,"ref":null,"status":"operational","opened_on":null,"expected_completion":null,"agency":null,"source":"osm","confidence":0.9},"geometry":{"type":"Point","coordinates":[77.3178,17.7455]}},{"type":"Feature","properties":{"id":"toll_plaza:osm:node/6503676200","field":"national_highways","kind":"toll_plaza","name":null,"ref":null,"status":"operational","opened_on":null,"expected_completion":null,"agency":null,"source":"osm","confidence":0.9},"geometry":{"type":"Point","coordinates":[88.1827,25.1958]}},{"type":"Feature","properties":{"id":"toll_plaza:osm:node/6828413523","field":"national_highways","kind":"toll_plaza","name":null,"ref":null,"status":"operational","opened_on":null,"expected_completion":null,"agency":null,"source":"osm","confidence":0.9},"geometry":{"type":"Point","coordinates":[78.1189,23.0192]}},{"type":"Feature","properties":{"id":"toll_plaza:osm:node/6983108780","field":"national_highways","kind":"toll_plaza","name":null,"ref":null,"status":"operational","opened_on":null,"expected_completion":null,"agency":null,"source":"osm","confidence":0.9},"geometry":{"type":"Point","coordinates":[82.0118,21.9324]}},{"type":"Feature","properties":{"id":"toll_plaza:osm:node/6983108986","field":"national_highways","kind":"toll_plaza","name":null,"ref":null,"status":"operational","opened_on":null,"expected_completion":null,"agency":null,"source":"osm","confidence":0.9},"geometry":{"type":"Point","coordinates":[82.0981,21.967]}},{"type":"Feature","properties":{"id":"toll_plaza:osm:node/6983109091","field":"national_highways","kind":"toll_plaza","name":null,"ref":null,"status":"operational","opened_on":null,"expected_completion":null,"agency":null,"source":"osm","confidence":0.9},"geometry":{"type":"Point","coordinates":[82.0982,21.9671]}},{"type":"Feature","properties":{"id":"toll_plaza:osm:node/7298879733","field":"national_highways","kind":"toll_plaza","name":null,"ref":null,"status":"operational","opened_on":null,"expected_completion":null,"agency":null,"source":"osm","confidence":0.9},"geometry":{"type":"Point","coordinates":[72.9691,19.1747]}},{"type":"Feature","properties":{"id":"toll_plaza:osm:node/7782124286","field":"national_highways","kind":"toll_plaza","name":"Chenani Tunnel Toll Plaza","ref":null,"status":"operational","opened_on":null,"expected_completion":null,"agency":null,"source":"osm","confidence":0.9},"geometry":{"type":"Point","coordinates":[75.2782,33.0462]}},{"type":"Feature","properties":{"id":"toll_plaza:osm:node/7782124287","field":"national_highways","kind":"toll_plaza","name":"Chenani Tunnel Toll Plaza","ref":null,"status":"operational","opened_on":null,"expected_completion":null,"agency":null,"source":"osm","confidence":0.9},"geometry":{"type":"Point","coordinates":[75.2784,33.0462]}},{"type":"Feature","properties":{"id":"toll_plaza:osm:node/7885701449","field":"national_highways","kind":"toll_plaza","name":null,"ref":null,"status":"operational","opened_on":null,"expected_completion":null,"agency":null,"source":"osm","confidence":0.9},"geometry":{"type":"Point","coordinates":[83.8403,25.6398]}},{"type":"Feature","properties":{"id":"toll_plaza:osm:node/8507768259","field":"national_highways","kind":"toll_plaza","name":null,"ref":null,"status":"operational","opened_on":null,"expected_completion":null,"agency":null,"source":"osm","confidence":0.9},"geometry":{"type":"Point","coordinates":[72.9667,19.1692]}},{"type":"Feature","properties":{"id":"toll_plaza:osm:node/8507768260","field":"national_highways","kind":"toll_plaza","name":null,"ref":null,"status":"operational","opened_on":null,"expected_completion":null,"agency":null,"source":"osm","confidence":0.9},"geometry":{"type":"Point","coordinates":[72.9669,19.1691]}},{"type":"Feature","properties":{"id":"toll_plaza:osm:node/8714909435","field":"national_highways","kind":"toll_plaza","name":null,"ref":null,"status":"operational","opened_on":null,"expected_completion":null,"agency":null,"source":"osm","confidence":0.9},"geometry":{"type":"Point","coordinates":[73.5455,16.6119]}},{"type":"Feature","properties":{"id":"toll_plaza:osm:node/8714932181","field":"national_highways","kind":"toll_plaza","name":null,"ref":null,"status":"operational","opened_on":null,"expected_completion":null,"agency":null,"source":"osm","confidence":0.9},"geometry":{"type":"Point","coordinates":[73.5454,16.6118]}},{"type":"Feature","properties":{"id":"toll_plaza:osm:node/8981693915","field":"national_highways","kind":"toll_plaza","name":null,"ref":null,"status":"operational","opened_on":null,"expected_completion":null,"agency":null,"source":"osm","confidence":0.9},"geometry":{"type":"Point","coordinates":[79.043,23.2171]}},{"type":"Feature","properties":{"id":"toll_plaza:osm:node/8981693916","field":"national_highways","kind":"toll_plaza","name":null,"ref":null,"status":"operational","opened_on":null,"expected_completion":null,"agency":null,"source":"osm","confidence":0.9},"geometry":{"type":"Point","coordinates":[79.0431,23.2171]}},{"type":"Feature","properties":{"id":"toll_plaza:osm:node/8984730678","field":"national_highways","kind":"toll_plaza","name":null,"ref":null,"status":"operational","opened_on":null,"expected_completion":null,"agency":null,"source":"osm","confidence":0.9},"geometry":{"type":"Point","coordinates":[74.8364,22.7417]}},{"type":"Feature","properties":{"id":"toll_plaza:osm:node/8984739528","field":"national_highways","kind":"toll_plaza","name":null,"ref":null,"status":"operational","opened_on":null,"expected_completion":null,"agency":null,"source":"osm","confidence":0.9},"geometry":{"type":"Point","coordinates":[74.8363,22.7416]}},{"type":"Feature","properties":{"id":"toll_plaza:osm:node/9017482112","field":"national_highways","kind":"toll_plaza","name":null,"ref":null,"status":"operational","opened_on":null,"expected_completion":null,"agency":null,"source":"osm","confidence":0.9},"geometry":{"type":"Point","coordinates":[80.1279,25.4345]}},{"type":"Feature","properties":{"id":"toll_plaza:osm:node/9071394007","field":"national_highways","kind":"toll_plaza","name":null,"ref":null,"status":"operational","opened_on":null,"expected_completion":null,"agency":null,"source":"osm","confidence":0.9},"geometry":{"type":"Point","coordinates":[79.3518,15.6674]}},{"type":"Feature","properties":{"id":"toll_plaza:osm:node/9073778592","field":"national_highways","kind":"toll_plaza","name":null,"ref":null,"status":"operational","opened_on":null,"expected_completion":null,"agency":null,"source":"osm","confidence":0.9},"geometry":{"type":"Point","coordinates":[77.8201,17.6456]}},{"type":"Feature","properties":{"id":"toll_plaza:osm:node/9317008143","field":"national_highways","kind":"toll_plaza","name":null,"ref":null,"status":"operational","opened_on":null,"expected_completion":null,"agency":null,"source":"osm","confidence":0.9},"geometry":{"type":"Point","coordinates":[85.876,25.5903]}},{"type":"Feature","properties":{"id":"toll_plaza:osm:node/9319424525","field":"national_highways","kind":"toll_plaza","name":null,"ref":null,"status":"operational","opened_on":null,"expected_completion":null,"agency":null,"source":"osm","confidence":0.9},"geometry":{"type":"Point","coordinates":[72.3462,23.0084]}},{"type":"Feature","properties":{"id":"toll_plaza:osm:node/9411028957","field":"national_highways","kind":"toll_plaza","name":null,"ref":null,"status":"operational","opened_on":null,"expected_completion":null,"agency":null,"source":"osm","confidence":0.9},"geometry":{"type":"Point","coordinates":[75.184,33.4776]}},{"type":"Feature","properties":{"id":"toll_plaza:osm:node/9411028967","field":"national_highways","kind":"toll_plaza","name":null,"ref":null,"status":"operational","opened_on":null,"expected_completion":null,"agency":null,"source":"osm","confidence":0.9},"geometry":{"type":"Point","coordinates":[75.1842,33.4775]}},{"type":"Feature","properties":{"id":"toll_plaza:osm:node/9411028975","field":"national_highways","kind":"toll_plaza","name":null,"ref":null,"status":"operational","opened_on":null,"expected_completion":null,"agency":null,"source":"osm","confidence":0.9},"geometry":{"type":"Point","coordinates":[75.1843,33.4775]}},{"type":"Feature","properties":{"id":"toll_plaza:osm:node/9413843680","field":"national_highways","kind":"toll_plaza","name":null,"ref":null,"status":"operational","opened_on":null,"expected_completion":null,"agency":null,"source":"osm","confidence":0.9},"geometry":{"type":"Point","coordinates":[75.0432,33.8744]}},{"type":"Feature","properties":{"id":"toll_plaza:osm:node/9413843685","field":"national_highways","kind":"toll_plaza","name":null,"ref":null,"status":"operational","opened_on":null,"expected_completion":null,"agency":null,"source":"osm","confidence":0.9},"geometry":{"type":"Point","coordinates":[75.0432,33.8743]}},{"type":"Feature","properties":{"id":"toll_plaza:osm:node/9413843689","field":"national_highways","kind":"toll_plaza","name":null,"ref":null,"status":"operational","opened_on":null,"expected_completion":null,"agency":null,"source":"osm","confidence":0.9},"geometry":{"type":"Point","coordinates":[75.0431,33.8743]}},{"type":"Feature","properties":{"id":"toll_plaza:osm:node/9413843692","field":"national_highways","kind":"toll_plaza","name":null,"ref":null,"status":"operational","opened_on":null,"expected_completion":null,"agency":null,"source":"osm","confidence":0.9},"geometry":{"type":"Point","coordinates":[75.0431,33.8742]}},{"type":"Feature","properties":{"id":"toll_plaza:osm:node/9413843695","field":"national_highways","kind":"toll_plaza","name":null,"ref":null,"status":"operational","opened_on":null,"expected_completion":null,"agency":null,"source":"osm","confidence":0.9},"geometry":{"type":"Point","coordinates":[75.043,33.8742]}},{"type":"Feature","properties":{"id":"toll_plaza:osm:node/9413843699","field":"national_highways","kind":"toll_plaza","name":null,"ref":null,"status":"operational","opened_on":null,"expected_completion":null,"agency":null,"source":"osm","confidence":0.9},"geometry":{"type":"Point","coordinates":[75.0433,33.8744]}},{"type":"Feature","properties":{"id":"toll_plaza:osm:node/9413843708","field":"national_highways","kind":"toll_plaza","name":null,"ref":null,"status":"operational","opened_on":null,"expected_completion":null,"agency":null,"source":"osm","confidence":0.9},"geometry":{"type":"Point","coordinates":[75.0433,33.8744]}},{"type":"Feature","properties":{"id":"toll_plaza:osm:node/9413843715","field":"national_highways","kind":"toll_plaza","name":null,"ref":null,"status":"operational","opened_on":null,"expected_completion":null,"agency":null,"source":"osm","confidence":0.9},"geometry":{"type":"Point","coordinates":[75.0434,33.8745]}},{"type":"Feature","properties":{"id":"toll_plaza:osm:node/9413856822","field":"national_highways","kind":"toll_plaza","name":null,"ref":null,"status":"operational","opened_on":null,"expected_completion":null,"agency":null,"source":"osm","confidence":0.9},"geometry":{"type":"Point","coordinates":[75.0434,33.8745]}},{"type":"Feature","properties":{"id":"toll_plaza:osm:node/9413856825","field":"national_highways","kind":"toll_plaza","name":null,"ref":null,"status":"operational","opened_on":null,"expected_completion":null,"agency":null,"source":"osm","confidence":0.9},"geometry":{"type":"Point","coordinates":[75.0435,33.8745]}},{"type":"Feature","properties":{"id":"toll_plaza:osm:node/9422785777","field":"national_highways","kind":"toll_plaza","name":null,"ref":null,"status":"operational","opened_on":null,"expected_completion":null,"agency":null,"source":"osm","confidence":0.9},"geometry":{"type":"Point","coordinates":[78.479,25.6161]}},{"type":"Feature","properties":{"id":"toll_plaza:osm:node/9422785778","field":"national_highways","kind":"toll_plaza","name":null,"ref":null,"status":"operational","opened_on":null,"expected_completion":null,"agency":null,"source":"osm","confidence":0.9},"geometry":{"type":"Point","coordinates":[78.4789,25.616]}},{"type":"Feature","properties":{"id":"toll_plaza:osm:node/9926353286","field":"national_highways","kind":"toll_plaza","name":null,"ref":null,"status":"operational","opened_on":null,"expected_completion":null,"agency":null,"source":"osm","confidence":0.9},"geometry":{"type":"Point","coordinates":[69.1381,22.0776]}},{"type":"Feature","properties":{"id":"toll_plaza:osm:node/9926353287","field":"national_highways","kind":"toll_plaza","name":null,"ref":null,"status":"operational","opened_on":null,"expected_completion":null,"agency":null,"source":"osm","confidence":0.9},"geometry":{"type":"Point","coordinates":[69.1382,22.0777]}},{"type":"Feature","properties":{"id":"toll_plaza:osm:node/9992032762","field":"national_highways","kind":"toll_plaza","name":null,"ref":null,"status":"operational","opened_on":null,"expected_completion":null,"agency":null,"source":"osm","confidence":0.9},"geometry":{"type":"Point","coordinates":[79.9294,28.9323]}},{"type":"Feature","properties":{"id":"toll_plaza:osm:node/10010497608","field":"national_highways","kind":"toll_plaza","name":null,"ref":null,"status":"operational","opened_on":null,"expected_completion":null,"agency":null,"source":"osm","confidence":0.9},"geometry":{"type":"Point","coordinates":[77.8593,30.1324]}},{"type":"Feature","properties":{"id":"toll_plaza:osm:node/10030553097","field":"national_highways","kind":"toll_plaza","name":null,"ref":null,"status":"operational","opened_on":null,"expected_completion":null,"agency":null,"source":"osm","confidence":0.9},"geometry":{"type":"Point","coordinates":[76.5135,29.4871]}},{"type":"Feature","properties":{"id":"toll_plaza:osm:node/10030553106","field":"national_highways","kind":"toll_plaza","name":null,"ref":null,"status":"operational","opened_on":null,"expected_completion":null,"agency":null,"source":"osm","confidence":0.9},"geometry":{"type":"Point","coordinates":[76.5113,29.4831]}},{"type":"Feature","properties":{"id":"toll_plaza:osm:node/10035201468","field":"national_highways","kind":"toll_plaza","name":null,"ref":null,"status":"operational","opened_on":null,"expected_completion":null,"agency":null,"source":"osm","confidence":0.9},"geometry":{"type":"Point","coordinates":[76.2244,28.3059]}},{"type":"Feature","properties":{"id":"toll_plaza:osm:node/10035201473","field":"national_highways","kind":"toll_plaza","name":null,"ref":null,"status":"operational","opened_on":null,"expected_completion":null,"agency":null,"source":"osm","confidence":0.9},"geometry":{"type":"Point","coordinates":[76.2232,28.3054]}},{"type":"Feature","properties":{"id":"toll_plaza:osm:node/10035221096","field":"national_highways","kind":"toll_plaza","name":null,"ref":null,"status":"operational","opened_on":null,"expected_completion":null,"agency":null,"source":"osm","confidence":0.9},"geometry":{"type":"Point","coordinates":[76.2228,28.3036]}},{"type":"Feature","properties":{"id":"toll_plaza:osm:node/10035221119","field":"national_highways","kind":"toll_plaza","name":null,"ref":null,"status":"operational","opened_on":null,"expected_completion":null,"agency":null,"source":"osm","confidence":0.9},"geometry":{"type":"Point","coordinates":[76.224,28.3041]}},{"type":"Feature","properties":{"id":"toll_plaza:osm:node/10821479499","field":"national_highways","kind":"toll_plaza","name":null,"ref":null,"status":"operational","opened_on":null,"expected_completion":null,"agency":null,"source":"osm","confidence":0.9},"geometry":{"type":"Point","coordinates":[72.914,20.0749]}},{"type":"Feature","properties":{"id":"toll_plaza:osm:node/10833349396","field":"national_highways","kind":"toll_plaza","name":null,"ref":null,"status":"operational","opened_on":null,"expected_completion":null,"agency":null,"source":"osm","confidence":0.9},"geometry":{"type":"Point","coordinates":[75.8456,19.8844]}},{"type":"Feature","properties":{"id":"toll_plaza:osm:node/10833383802","field":"national_highways","kind":"toll_plaza","name":null,"ref":null,"status":"operational","opened_on":null,"expected_completion":null,"agency":null,"source":"osm","confidence":0.9},"geometry":{"type":"Point","coordinates":[75.8355,19.8876]}},{"type":"Feature","properties":{"id":"toll_plaza:osm:node/10833393166","field":"national_highways","kind":"toll_plaza","name":null,"ref":null,"status":"operational","opened_on":null,"expected_completion":null,"agency":null,"source":"osm","confidence":0.9},"geometry":{"type":"Point","coordinates":[75.845,19.8852]}},{"type":"Feature","properties":{"id":"toll_plaza:osm:node/10846968160","field":"national_highways","kind":"toll_plaza","name":null,"ref":null,"status":"operational","opened_on":null,"expected_completion":null,"agency":null,"source":"osm","confidence":0.9},"geometry":{"type":"Point","coordinates":[73.4267,17.6779]}},{"type":"Feature","properties":{"id":"toll_plaza:osm:node/10982329466","field":"national_highways","kind":"toll_plaza","name":null,"ref":null,"status":"operational","opened_on":null,"expected_completion":null,"agency":null,"source":"osm","confidence":0.9},"geometry":{"type":"Point","coordinates":[79.4758,28.9307]}},{"type":"Feature","properties":{"id":"toll_plaza:osm:node/10982329467","field":"national_highways","kind":"toll_plaza","name":null,"ref":null,"status":"operational","opened_on":null,"expected_completion":null,"agency":null,"source":"osm","confidence":0.9},"geometry":{"type":"Point","coordinates":[79.4758,28.9307]}},{"type":"Feature","properties":{"id":"toll_plaza:osm:node/10982329468","field":"national_highways","kind":"toll_plaza","name":null,"ref":null,"status":"operational","opened_on":null,"expected_completion":null,"agency":null,"source":"osm","confidence":0.9},"geometry":{"type":"Point","coordinates":[79.4757,28.9307]}},{"type":"Feature","properties":{"id":"toll_plaza:osm:node/10982329469","field":"national_highways","kind":"toll_plaza","name":null,"ref":null,"status":"operational","opened_on":null,"expected_completion":null,"agency":null,"source":"osm","confidence":0.9},"geometry":{"type":"Point","coordinates":[79.4757,28.9306]}},{"type":"Feature","properties":{"id":"toll_plaza:osm:node/10982329480","field":"national_highways","kind":"toll_plaza","name":null,"ref":null,"status":"operational","opened_on":null,"expected_completion":null,"agency":null,"source":"osm","confidence":0.9},"geometry":{"type":"Point","coordinates":[79.4759,28.9309]}},{"type":"Feature","properties":{"id":"toll_plaza:osm:node/10982329481","field":"national_highways","kind":"toll_plaza","name":null,"ref":null,"status":"operational","opened_on":null,"expected_completion":null,"agency":null,"source":"osm","confidence":0.9},"geometry":{"type":"Point","coordinates":[79.4759,28.931]}},{"type":"Feature","properties":{"id":"toll_plaza:osm:node/10982329484","field":"national_highways","kind":"toll_plaza","name":null,"ref":null,"status":"operational","opened_on":null,"expected_completion":null,"agency":null,"source":"osm","confidence":0.9},"geometry":{"type":"Point","coordinates":[79.4759,28.9309]}},{"type":"Feature","properties":{"id":"toll_plaza:osm:node/10982329487","field":"national_highways","kind":"toll_plaza","name":null,"ref":null,"status":"operational","opened_on":null,"expected_completion":null,"agency":null,"source":"osm","confidence":0.9},"geometry":{"type":"Point","coordinates":[79.4759,28.9309]}},{"type":"Feature","properties":{"id":"toll_plaza:osm:node/11049525626","field":"national_highways","kind":"toll_plaza","name":null,"ref":null,"status":"operational","opened_on":null,"expected_completion":null,"agency":null,"source":"osm","confidence":0.9},"geometry":{"type":"Point","coordinates":[79.0072,20.1739]}},{"type":"Feature","properties":{"id":"toll_plaza:osm:node/11099089890","field":"national_highways","kind":"toll_plaza","name":null,"ref":null,"status":"operational","opened_on":null,"expected_completion":null,"agency":null,"source":"osm","confidence":0.9},"geometry":{"type":"Point","coordinates":[73.8015,28.4529]}},{"type":"Feature","properties":{"id":"toll_plaza:osm:node/11099089901","field":"national_highways","kind":"toll_plaza","name":null,"ref":null,"status":"operational","opened_on":null,"expected_completion":null,"agency":null,"source":"osm","confidence":0.9},"geometry":{"type":"Point","coordinates":[73.8004,28.4529]}},{"type":"Feature","properties":{"id":"toll_plaza:osm:node/11099089918","field":"national_highways","kind":"toll_plaza","name":null,"ref":null,"status":"operational","opened_on":null,"expected_completion":null,"agency":null,"source":"osm","confidence":0.9},"geometry":{"type":"Point","coordinates":[73.7968,28.4481]}},{"type":"Feature","properties":{"id":"toll_plaza:osm:node/11099089934","field":"national_highways","kind":"toll_plaza","name":null,"ref":null,"status":"operational","opened_on":null,"expected_completion":null,"agency":null,"source":"osm","confidence":0.9},"geometry":{"type":"Point","coordinates":[73.7976,28.4476]}},{"type":"Feature","properties":{"id":"toll_plaza:osm:node/11115703331","field":"national_highways","kind":"toll_plaza","name":null,"ref":null,"status":"operational","opened_on":null,"expected_completion":null,"agency":null,"source":"osm","confidence":0.9},"geometry":{"type":"Point","coordinates":[76.7402,17.8261]}},{"type":"Feature","properties":{"id":"toll_plaza:osm:node/11115703332","field":"national_highways","kind":"toll_plaza","name":null,"ref":null,"status":"operational","opened_on":null,"expected_completion":null,"agency":null,"source":"osm","confidence":0.9},"geometry":{"type":"Point","coordinates":[76.7402,17.8262]}},{"type":"Feature","properties":{"id":"toll_plaza:osm:node/11283001159","field":"national_highways","kind":"toll_plaza","name":"Navayuga Devanhalli","ref":null,"status":"operational","opened_on":null,"expected_completion":null,"agency":null,"source":"osm","confidence":0.9},"geometry":{"type":"Point","coordinates":[77.7623,13.2073]}},{"type":"Feature","properties":{"id":"toll_plaza:osm:node/11297362272","field":"national_highways","kind":"toll_plaza","name":null,"ref":null,"status":"operational","opened_on":null,"expected_completion":null,"agency":null,"source":"osm","confidence":0.9},"geometry":{"type":"Point","coordinates":[91.7163,26.309]}},{"type":"Feature","properties":{"id":"toll_plaza:osm:node/11297362273","field":"national_highways","kind":"toll_plaza","name":null,"ref":null,"status":"operational","opened_on":null,"expected_completion":null,"agency":null,"source":"osm","confidence":0.9},"geometry":{"type":"Point","coordinates":[91.7161,26.309]}},{"type":"Feature","properties":{"id":"toll_plaza:osm:node/11404943397","field":"national_highways","kind":"toll_plaza","name":null,"ref":null,"status":"operational","opened_on":null,"expected_completion":null,"agency":null,"source":"osm","confidence":0.9},"geometry":{"type":"Point","coordinates":[85.8262,21.5086]}},{"type":"Feature","properties":{"id":"toll_plaza:osm:node/11404943425","field":"national_highways","kind":"toll_plaza","name":null,"ref":null,"status":"operational","opened_on":null,"expected_completion":null,"agency":null,"source":"osm","confidence":0.9},"geometry":{"type":"Point","coordinates":[85.8261,21.5085]}},{"type":"Feature","properties":{"id":"toll_plaza:osm:node/11508586359","field":"national_highways","kind":"toll_plaza","name":null,"ref":null,"status":"operational","opened_on":null,"expected_completion":null,"agency":null,"source":"osm","confidence":0.9},"geometry":{"type":"Point","coordinates":[77.0056,30.8909]}},{"type":"Feature","properties":{"id":"toll_plaza:osm:node/11508679094","field":"national_highways","kind":"toll_plaza","name":null,"ref":null,"status":"operational","opened_on":null,"expected_completion":null,"agency":null,"source":"osm","confidence":0.9},"geometry":{"type":"Point","coordinates":[76.1327,30.8471]}},{"type":"Feature","properties":{"id":"toll_plaza:osm:node/11508679095","field":"national_highways","kind":"toll_plaza","name":null,"ref":null,"status":"operational","opened_on":null,"expected_completion":null,"agency":null,"source":"osm","confidence":0.9},"geometry":{"type":"Point","coordinates":[74.9773,30.8401]}},{"type":"Feature","properties":{"id":"toll_plaza:osm:node/11508679096","field":"national_highways","kind":"toll_plaza","name":null,"ref":null,"status":"operational","opened_on":null,"expected_completion":null,"agency":null,"source":"osm","confidence":0.9},"geometry":{"type":"Point","coordinates":[74.9752,30.8404]}},{"type":"Feature","properties":{"id":"toll_plaza:osm:node/11508679097","field":"national_highways","kind":"toll_plaza","name":null,"ref":null,"status":"operational","opened_on":null,"expected_completion":null,"agency":null,"source":"osm","confidence":0.9},"geometry":{"type":"Point","coordinates":[74.9752,30.8406]}},{"type":"Feature","properties":{"id":"toll_plaza:osm:node/11508679098","field":"national_highways","kind":"toll_plaza","name":null,"ref":null,"status":"operational","opened_on":null,"expected_completion":null,"agency":null,"source":"osm","confidence":0.9},"geometry":{"type":"Point","coordinates":[74.7731,30.8696]}},{"type":"Feature","properties":{"id":"toll_plaza:osm:node/11508679099","field":"national_highways","kind":"toll_plaza","name":null,"ref":null,"status":"operational","opened_on":null,"expected_completion":null,"agency":null,"source":"osm","confidence":0.9},"geometry":{"type":"Point","coordinates":[74.7731,30.8695]}},{"type":"Feature","properties":{"id":"toll_plaza:osm:node/11585393435","field":"national_highways","kind":"toll_plaza","name":null,"ref":null,"status":"operational","opened_on":null,"expected_completion":null,"agency":null,"source":"osm","confidence":0.9},"geometry":{"type":"Point","coordinates":[77.7871,18.2654]}},{"type":"Feature","properties":{"id":"toll_plaza:osm:node/11585393510","field":"national_highways","kind":"toll_plaza","name":null,"ref":null,"status":"operational","opened_on":null,"expected_completion":null,"agency":null,"source":"osm","confidence":0.9},"geometry":{"type":"Point","coordinates":[77.7873,18.2656]}},{"type":"Feature","properties":{"id":"toll_plaza:osm:node/11687564019","field":"national_highways","kind":"toll_plaza","name":null,"ref":null,"status":"operational","opened_on":null,"expected_completion":null,"agency":null,"source":"osm","confidence":0.9},"geometry":{"type":"Point","coordinates":[77.7941,10.194]}},{"type":"Feature","properties":{"id":"toll_plaza:osm:node/11687595375","field":"national_highways","kind":"toll_plaza","name":null,"ref":null,"status":"operational","opened_on":null,"expected_completion":null,"agency":null,"source":"osm","confidence":0.9},"geometry":{"type":"Point","coordinates":[77.4195,9.9427]}},{"type":"Feature","properties":{"id":"toll_plaza:osm:node/11687595377","field":"national_highways","kind":"toll_plaza","name":null,"ref":null,"status":"operational","opened_on":null,"expected_completion":null,"agency":null,"source":"osm","confidence":0.9},"geometry":{"type":"Point","coordinates":[77.4198,9.9425]}},{"type":"Feature","properties":{"id":"toll_plaza:osm:node/11763501439","field":"national_highways","kind":"toll_plaza","name":null,"ref":null,"status":"operational","opened_on":null,"expected_completion":null,"agency":null,"source":"osm","confidence":0.9},"geometry":{"type":"Point","coordinates":[80.2963,27.7392]}},{"type":"Feature","properties":{"id":"toll_plaza:osm:node/11763501440","field":"national_highways","kind":"toll_plaza","name":null,"ref":null,"status":"operational","opened_on":null,"expected_completion":null,"agency":null,"source":"osm","confidence":0.9},"geometry":{"type":"Point","coordinates":[80.2962,27.7392]}},{"type":"Feature","properties":{"id":"toll_plaza:osm:node/11816893162","field":"national_highways","kind":"toll_plaza","name":null,"ref":null,"status":"operational","opened_on":null,"expected_completion":null,"agency":null,"source":"osm","confidence":0.9},"geometry":{"type":"Point","coordinates":[84.9519,25.7478]}},{"type":"Feature","properties":{"id":"toll_plaza:osm:node/11816893166","field":"national_highways","kind":"toll_plaza","name":null,"ref":null,"status":"operational","opened_on":null,"expected_completion":null,"agency":null,"source":"osm","confidence":0.9},"geometry":{"type":"Point","coordinates":[84.9518,25.7477]}},{"type":"Feature","properties":{"id":"toll_plaza:osm:node/11942790889","field":"national_highways","kind":"toll_plaza","name":null,"ref":null,"status":"operational","opened_on":null,"expected_completion":null,"agency":null,"source":"osm","confidence":0.9},"geometry":{"type":"Point","coordinates":[77.657,12.859]}},{"type":"Feature","properties":{"id":"toll_plaza:osm:node/11958591409","field":"national_highways","kind":"toll_plaza","name":null,"ref":null,"status":"operational","opened_on":null,"expected_completion":null,"agency":null,"source":"osm","confidence":0.9},"geometry":{"type":"Point","coordinates":[78.8964,21.193]}},{"type":"Feature","properties":{"id":"toll_plaza:osm:node/11985527990","field":"national_highways","kind":"toll_plaza","name":null,"ref":null,"status":"operational","opened_on":null,"expected_completion":null,"agency":null,"source":"osm","confidence":0.9},"geometry":{"type":"Point","coordinates":[75.8383,19.7455]}},{"type":"Feature","properties":{"id":"toll_plaza:osm:node/12011753796","field":"national_highways","kind":"toll_plaza","name":null,"ref":null,"status":"operational","opened_on":null,"expected_completion":null,"agency":null,"source":"osm","confidence":0.9},"geometry":{"type":"Point","coordinates":[79.475,11.9893]}},{"type":"Feature","properties":{"id":"toll_plaza:osm:node/12011753797","field":"national_highways","kind":"toll_plaza","name":null,"ref":null,"status":"operational","opened_on":null,"expected_completion":null,"agency":null,"source":"osm","confidence":0.9},"geometry":{"type":"Point","coordinates":[79.475,11.9892]}},{"type":"Feature","properties":{"id":"toll_plaza:osm:node/12015109004","field":"national_highways","kind":"toll_plaza","name":null,"ref":null,"status":"operational","opened_on":null,"expected_completion":null,"agency":null,"source":"osm","confidence":0.9},"geometry":{"type":"Point","coordinates":[73.1099,22.2557]}},{"type":"Feature","properties":{"id":"toll_plaza:osm:node/12015109037","field":"national_highways","kind":"toll_plaza","name":null,"ref":null,"status":"operational","opened_on":null,"expected_completion":null,"agency":null,"source":"osm","confidence":0.9},"geometry":{"type":"Point","coordinates":[73.0962,22.4489]}},{"type":"Feature","properties":{"id":"toll_plaza:osm:node/12015109038","field":"national_highways","kind":"toll_plaza","name":null,"ref":null,"status":"operational","opened_on":null,"expected_completion":null,"agency":null,"source":"osm","confidence":0.9},"geometry":{"type":"Point","coordinates":[73.0966,22.4486]}},{"type":"Feature","properties":{"id":"toll_plaza:osm:node/9404812236","field":"national_highways","kind":"toll_plaza","name":null,"ref":null,"status":"operational","opened_on":null,"expected_completion":null,"agency":null,"source":"osm","confidence":0.9},"geometry":{"type":"Point","coordinates":[72.6749,27.6683]}},{"type":"Feature","properties":{"id":"toll_plaza:osm:node/9408120628","field":"national_highways","kind":"toll_plaza","name":null,"ref":null,"status":"operational","opened_on":null,"expected_completion":null,"agency":null,"source":"osm","confidence":0.9},"geometry":{"type":"Point","coordinates":[85.3863,24.0445]}},{"type":"Feature","properties":{"id":"toll_plaza:osm:node/9408120629","field":"national_highways","kind":"toll_plaza","name":null,"ref":null,"status":"operational","opened_on":null,"expected_completion":null,"agency":null,"source":"osm","confidence":0.9},"geometry":{"type":"Point","coordinates":[85.3861,24.0445]}},{"type":"Feature","properties":{"id":"toll_plaza:osm:node/9417003718","field":"national_highways","kind":"toll_plaza","name":null,"ref":null,"status":"operational","opened_on":null,"expected_completion":null,"agency":null,"source":"osm","confidence":0.9},"geometry":{"type":"Point","coordinates":[88.3598,23.6291]}},{"type":"Feature","properties":{"id":"toll_plaza:osm:node/9779785136","field":"national_highways","kind":"toll_plaza","name":null,"ref":null,"status":"operational","opened_on":null,"expected_completion":null,"agency":null,"source":"osm","confidence":0.9},"geometry":{"type":"Point","coordinates":[71.408,25.5648]}},{"type":"Feature","properties":{"id":"toll_plaza:osm:node/9779785137","field":"national_highways","kind":"toll_plaza","name":null,"ref":null,"status":"operational","opened_on":null,"expected_completion":null,"agency":null,"source":"osm","confidence":0.9},"geometry":{"type":"Point","coordinates":[71.4075,25.5609]}},{"type":"Feature","properties":{"id":"toll_plaza:osm:node/10651412126","field":"national_highways","kind":"toll_plaza","name":null,"ref":null,"status":"operational","opened_on":null,"expected_completion":null,"agency":null,"source":"osm","confidence":0.9},"geometry":{"type":"Point","coordinates":[76.8462,27.4874]}},{"type":"Feature","properties":{"id":"toll_plaza:osm:node/10651415855","field":"national_highways","kind":"toll_plaza","name":null,"ref":null,"status":"operational","opened_on":null,"expected_completion":null,"agency":null,"source":"osm","confidence":0.9},"geometry":{"type":"Point","coordinates":[76.8432,27.4835]}},{"type":"Feature","properties":{"id":"toll_plaza:osm:node/10651415864","field":"national_highways","kind":"toll_plaza","name":null,"ref":null,"status":"operational","opened_on":null,"expected_completion":null,"agency":null,"source":"osm","confidence":0.9},"geometry":{"type":"Point","coordinates":[76.8439,27.4832]}},{"type":"Feature","properties":{"id":"toll_plaza:osm:node/10651415894","field":"national_highways","kind":"toll_plaza","name":null,"ref":null,"status":"operational","opened_on":null,"expected_completion":null,"agency":null,"source":"osm","confidence":0.9},"geometry":{"type":"Point","coordinates":[76.8455,27.4877]}},{"type":"Feature","properties":{"id":"toll_plaza:osm:node/10661168386","field":"national_highways","kind":"toll_plaza","name":null,"ref":null,"status":"operational","opened_on":null,"expected_completion":null,"agency":null,"source":"osm","confidence":0.9},"geometry":{"type":"Point","coordinates":[78.5585,10.8856]}},{"type":"Feature","properties":{"id":"toll_plaza:osm:node/10661168387","field":"national_highways","kind":"toll_plaza","name":null,"ref":null,"status":"operational","opened_on":null,"expected_completion":null,"agency":null,"source":"osm","confidence":0.9},"geometry":{"type":"Point","coordinates":[78.5572,10.8858]}},{"type":"Feature","properties":{"id":"toll_plaza:osm:node/10994542872","field":"national_highways","kind":"toll_plaza","name":null,"ref":null,"status":"operational","opened_on":null,"expected_completion":null,"agency":null,"source":"osm","confidence":0.9},"geometry":{"type":"Point","coordinates":[78.024,8.7365]}},{"type":"Feature","properties":{"id":"toll_plaza:osm:node/11098879763","field":"national_highways","kind":"toll_plaza","name":null,"ref":null,"status":"operational","opened_on":null,"expected_completion":null,"agency":null,"source":"osm","confidence":0.9},"geometry":{"type":"Point","coordinates":[72.7072,26.5368]}},{"type":"Feature","properties":{"id":"toll_plaza:osm:node/11098879816","field":"national_highways","kind":"toll_plaza","name":null,"ref":null,"status":"operational","opened_on":null,"expected_completion":null,"agency":null,"source":"osm","confidence":0.9},"geometry":{"type":"Point","coordinates":[72.7098,26.5398]}},{"type":"Feature","properties":{"id":"toll_plaza:osm:node/11098883693","field":"national_highways","kind":"toll_plaza","name":null,"ref":null,"status":"operational","opened_on":null,"expected_completion":null,"agency":null,"source":"osm","confidence":0.9},"geometry":{"type":"Point","coordinates":[72.7092,26.54]}},{"type":"Feature","properties":{"id":"toll_plaza:osm:node/11098883694","field":"national_highways","kind":"toll_plaza","name":null,"ref":null,"status":"operational","opened_on":null,"expected_completion":null,"agency":null,"source":"osm","confidence":0.9},"geometry":{"type":"Point","coordinates":[72.7079,26.5365]}},{"type":"Feature","properties":{"id":"toll_plaza:osm:node/11166497289","field":"national_highways","kind":"toll_plaza","name":null,"ref":null,"status":"operational","opened_on":null,"expected_completion":null,"agency":null,"source":"osm","confidence":0.9},"geometry":{"type":"Point","coordinates":[73.7448,20.596]}},{"type":"Feature","properties":{"id":"toll_plaza:osm:node/11483539331","field":"national_highways","kind":"toll_plaza","name":null,"ref":null,"status":"operational","opened_on":null,"expected_completion":null,"agency":null,"source":"osm","confidence":0.9},"geometry":{"type":"Point","coordinates":[73.4448,22.6423]}},{"type":"Feature","properties":{"id":"toll_plaza:osm:node/11483539335","field":"national_highways","kind":"toll_plaza","name":null,"ref":null,"status":"operational","opened_on":null,"expected_completion":null,"agency":null,"source":"osm","confidence":0.9},"geometry":{"type":"Point","coordinates":[73.4454,22.6417]}},{"type":"Feature","properties":{"id":"toll_plaza:osm:node/11483539348","field":"national_highways","kind":"toll_plaza","name":null,"ref":null,"status":"operational","opened_on":null,"expected_completion":null,"agency":null,"source":"osm","confidence":0.9},"geometry":{"type":"Point","coordinates":[73.4489,22.6459]}},{"type":"Feature","properties":{"id":"toll_plaza:osm:node/11483539358","field":"national_highways","kind":"toll_plaza","name":null,"ref":null,"status":"operational","opened_on":null,"expected_completion":null,"agency":null,"source":"osm","confidence":0.9},"geometry":{"type":"Point","coordinates":[73.4496,22.6453]}},{"type":"Feature","properties":{"id":"toll_plaza:osm:node/11582077283","field":"national_highways","kind":"toll_plaza","name":null,"ref":null,"status":"operational","opened_on":null,"expected_completion":null,"agency":null,"source":"osm","confidence":0.9},"geometry":{"type":"Point","coordinates":[80.7881,16.4125]}},{"type":"Feature","properties":{"id":"toll_plaza:osm:node/11582077284","field":"national_highways","kind":"toll_plaza","name":null,"ref":null,"status":"operational","opened_on":null,"expected_completion":null,"agency":null,"source":"osm","confidence":0.9},"geometry":{"type":"Point","coordinates":[80.7882,16.4126]}},{"type":"Feature","properties":{"id":"toll_plaza:osm:node/11597521974","field":"national_highways","kind":"toll_plaza","name":null,"ref":null,"status":"operational","opened_on":null,"expected_completion":null,"agency":null,"source":"osm","confidence":0.9},"geometry":{"type":"Point","coordinates":[80.3323,22.665]}},{"type":"Feature","properties":{"id":"toll_plaza:osm:node/11886464418","field":"national_highways","kind":"toll_plaza","name":null,"ref":null,"status":"operational","opened_on":null,"expected_completion":null,"agency":null,"source":"osm","confidence":0.9},"geometry":{"type":"Point","coordinates":[80.6992,26.6239]}},{"type":"Feature","properties":{"id":"toll_plaza:osm:node/11886464419","field":"national_highways","kind":"toll_plaza","name":null,"ref":null,"status":"operational","opened_on":null,"expected_completion":null,"agency":null,"source":"osm","confidence":0.9},"geometry":{"type":"Point","coordinates":[80.6993,26.6236]}},{"type":"Feature","properties":{"id":"toll_plaza:osm:node/11968335799","field":"national_highways","kind":"toll_plaza","name":null,"ref":null,"status":"operational","opened_on":null,"expected_completion":null,"agency":null,"source":"osm","confidence":0.9},"geometry":{"type":"Point","coordinates":[86.0639,22.9298]}},{"type":"Feature","properties":{"id":"toll_plaza:osm:node/11968335800","field":"national_highways","kind":"toll_plaza","name":null,"ref":null,"status":"operational","opened_on":null,"expected_completion":null,"agency":null,"source":"osm","confidence":0.9},"geometry":{"type":"Point","coordinates":[86.0639,22.93]}},{"type":"Feature","properties":{"id":"toll_plaza:osm:node/11989405622","field":"national_highways","kind":"toll_plaza","name":null,"ref":null,"status":"operational","opened_on":null,"expected_completion":null,"agency":null,"source":"osm","confidence":0.9},"geometry":{"type":"Point","coordinates":[82.3241,22.0114]}},{"type":"Feature","properties":{"id":"toll_plaza:osm:node/11989405623","field":"national_highways","kind":"toll_plaza","name":null,"ref":null,"status":"operational","opened_on":null,"expected_completion":null,"agency":null,"source":"osm","confidence":0.9},"geometry":{"type":"Point","coordinates":[82.3241,22.0112]}},{"type":"Feature","properties":{"id":"toll_plaza:osm:node/12009447045","field":"national_highways","kind":"toll_plaza","name":null,"ref":null,"status":"operational","opened_on":null,"expected_completion":null,"agency":null,"source":"osm","confidence":0.9},"geometry":{"type":"Point","coordinates":[73.7734,19.7511]}},{"type":"Feature","properties":{"id":"toll_plaza:osm:node/12178701831","field":"national_highways","kind":"toll_plaza","name":null,"ref":null,"status":"operational","opened_on":null,"expected_completion":null,"agency":null,"source":"osm","confidence":0.9},"geometry":{"type":"Point","coordinates":[73.8764,28.0937]}},{"type":"Feature","properties":{"id":"toll_plaza:osm:node/12328420092","field":"national_highways","kind":"toll_plaza","name":null,"ref":null,"status":"operational","opened_on":null,"expected_completion":null,"agency":null,"source":"osm","confidence":0.9},"geometry":{"type":"Point","coordinates":[92.4046,24.8436]}},{"type":"Feature","properties":{"id":"toll_plaza:osm:node/12328669404","field":"national_highways","kind":"toll_plaza","name":"Vashi Toll Plaza","ref":null,"status":"operational","opened_on":null,"expected_completion":null,"agency":null,"source":"osm","confidence":0.9},"geometry":{"type":"Point","coordinates":[72.9833,19.0665]}},{"type":"Feature","properties":{"id":"toll_plaza:osm:node/12379133301","field":"national_highways","kind":"toll_plaza","name":null,"ref":null,"status":"operational","opened_on":null,"expected_completion":null,"agency":null,"source":"osm","confidence":0.9},"geometry":{"type":"Point","coordinates":[71.7688,24.7144]}},{"type":"Feature","properties":{"id":"toll_plaza:osm:node/12511788230","field":"national_highways","kind":"toll_plaza","name":null,"ref":null,"status":"operational","opened_on":null,"expected_completion":null,"agency":null,"source":"osm","confidence":0.9},"geometry":{"type":"Point","coordinates":[76.477,29.2753]}},{"type":"Feature","properties":{"id":"toll_plaza:osm:node/12511788231","field":"national_highways","kind":"toll_plaza","name":null,"ref":null,"status":"operational","opened_on":null,"expected_completion":null,"agency":null,"source":"osm","confidence":0.9},"geometry":{"type":"Point","coordinates":[76.477,29.2755]}},{"type":"Feature","properties":{"id":"toll_plaza:osm:node/12697124428","field":"national_highways","kind":"toll_plaza","name":"Tidagundi Toll Plaza","ref":null,"status":"operational","opened_on":null,"expected_completion":null,"agency":null,"source":"osm","confidence":0.9},"geometry":{"type":"Point","coordinates":[75.7588,17.0084]}},{"type":"Feature","properties":{"id":"toll_plaza:osm:node/12697124429","field":"national_highways","kind":"toll_plaza","name":"Tidagundi Toll Plaza","ref":null,"status":"operational","opened_on":null,"expected_completion":null,"agency":null,"source":"osm","confidence":0.9},"geometry":{"type":"Point","coordinates":[75.759,17.0083]}},{"type":"Feature","properties":{"id":"toll_plaza:osm:node/12697124598","field":"national_highways","kind":"toll_plaza","name":null,"ref":null,"status":"operational","opened_on":null,"expected_completion":null,"agency":null,"source":"osm","confidence":0.9},"geometry":{"type":"Point","coordinates":[75.7317,16.6375]}},{"type":"Feature","properties":{"id":"toll_plaza:osm:node/12825727479","field":"national_highways","kind":"toll_plaza","name":null,"ref":null,"status":"operational","opened_on":null,"expected_completion":null,"agency":null,"source":"osm","confidence":0.9},"geometry":{"type":"Point","coordinates":[81.5939,26.2458]}},{"type":"Feature","properties":{"id":"toll_plaza:osm:node/12829607633","field":"national_highways","kind":"toll_plaza","name":null,"ref":null,"status":"operational","opened_on":null,"expected_completion":null,"agency":null,"source":"osm","confidence":0.9},"geometry":{"type":"Point","coordinates":[78.613,13.3362]}},{"type":"Feature","properties":{"id":"toll_plaza:osm:node/12840389453","field":"national_highways","kind":"toll_plaza","name":null,"ref":null,"status":"operational","opened_on":null,"expected_completion":null,"agency":null,"source":"osm","confidence":0.9},"geometry":{"type":"Point","coordinates":[75.5915,17.5922]}},{"type":"Feature","properties":{"id":"toll_plaza:osm:node/12840389454","field":"national_highways","kind":"toll_plaza","name":null,"ref":null,"status":"operational","opened_on":null,"expected_completion":null,"agency":null,"source":"osm","confidence":0.9},"geometry":{"type":"Point","coordinates":[75.5916,17.5921]}},{"type":"Feature","properties":{"id":"toll_plaza:osm:node/12840396902","field":"national_highways","kind":"toll_plaza","name":null,"ref":null,"status":"operational","opened_on":null,"expected_completion":null,"agency":null,"source":"osm","confidence":0.9},"geometry":{"type":"Point","coordinates":[73.2714,18.7904]}},{"type":"Feature","properties":{"id":"toll_plaza:osm:node/12840510798","field":"national_highways","kind":"toll_plaza","name":null,"ref":null,"status":"operational","opened_on":null,"expected_completion":null,"agency":null,"source":"osm","confidence":0.9},"geometry":{"type":"Point","coordinates":[77.4769,15.1591]}},{"type":"Feature","properties":{"id":"toll_plaza:osm:node/12878946439","field":"national_highways","kind":"toll_plaza","name":null,"ref":null,"status":"operational","opened_on":null,"expected_completion":null,"agency":null,"source":"osm","confidence":0.9},"geometry":{"type":"Point","coordinates":[74.0626,26.122]}},{"type":"Feature","properties":{"id":"toll_plaza:osm:node/12878946440","field":"national_highways","kind":"toll_plaza","name":null,"ref":null,"status":"operational","opened_on":null,"expected_completion":null,"agency":null,"source":"osm","confidence":0.9},"geometry":{"type":"Point","coordinates":[74.0625,26.1219]}},{"type":"Feature","properties":{"id":"toll_plaza:osm:node/12878946481","field":"national_highways","kind":"toll_plaza","name":null,"ref":null,"status":"operational","opened_on":null,"expected_completion":null,"agency":null,"source":"osm","confidence":0.9},"geometry":{"type":"Point","coordinates":[73.3943,26.2789]}},{"type":"Feature","properties":{"id":"toll_plaza:osm:node/12878946482","field":"national_highways","kind":"toll_plaza","name":null,"ref":null,"status":"operational","opened_on":null,"expected_completion":null,"agency":null,"source":"osm","confidence":0.9},"geometry":{"type":"Point","coordinates":[73.3943,26.2788]}},{"type":"Feature","properties":{"id":"toll_plaza:osm:node/12878970503","field":"national_highways","kind":"toll_plaza","name":null,"ref":null,"status":"operational","opened_on":null,"expected_completion":null,"agency":null,"source":"osm","confidence":0.9},"geometry":{"type":"Point","coordinates":[72.3261,26.5788]}},{"type":"Feature","properties":{"id":"toll_plaza:osm:node/12878970504","field":"national_highways","kind":"toll_plaza","name":null,"ref":null,"status":"operational","opened_on":null,"expected_completion":null,"agency":null,"source":"osm","confidence":0.9},"geometry":{"type":"Point","coordinates":[72.3259,26.5812]}},{"type":"Feature","properties":{"id":"toll_plaza:osm:node/13104102845","field":"national_highways","kind":"toll_plaza","name":null,"ref":null,"status":"operational","opened_on":null,"expected_completion":null,"agency":null,"source":"osm","confidence":0.9},"geometry":{"type":"Point","coordinates":[71.7731,24.7151]}},{"type":"Feature","properties":{"id":"toll_plaza:osm:node/13104102852","field":"national_highways","kind":"toll_plaza","name":null,"ref":null,"status":"operational","opened_on":null,"expected_completion":null,"agency":null,"source":"osm","confidence":0.9},"geometry":{"type":"Point","coordinates":[71.7201,24.5877]}},{"type":"Feature","properties":{"id":"toll_plaza:osm:node/13104102853","field":"national_highways","kind":"toll_plaza","name":null,"ref":null,"status":"operational","opened_on":null,"expected_completion":null,"agency":null,"source":"osm","confidence":0.9},"geometry":{"type":"Point","coordinates":[71.6499,24.4189]}},{"type":"Feature","properties":{"id":"toll_plaza:osm:node/13104102854","field":"national_highways","kind":"toll_plaza","name":null,"ref":null,"status":"operational","opened_on":null,"expected_completion":null,"agency":null,"source":"osm","confidence":0.9},"geometry":{"type":"Point","coordinates":[71.6491,24.4184]}},{"type":"Feature","properties":{"id":"toll_plaza:osm:node/13104107890","field":"national_highways","kind":"toll_plaza","name":null,"ref":null,"status":"operational","opened_on":null,"expected_completion":null,"agency":null,"source":"osm","confidence":0.9},"geometry":{"type":"Point","coordinates":[71.4715,24.0902]}},{"type":"Feature","properties":{"id":"toll_plaza:osm:node/13192339413","field":"national_highways","kind":"toll_plaza","name":null,"ref":null,"status":"operational","opened_on":null,"expected_completion":null,"agency":null,"source":"osm","confidence":0.9},"geometry":{"type":"Point","coordinates":[77.4053,28.1267]}},{"type":"Feature","properties":{"id":"toll_plaza:osm:node/13192339419","field":"national_highways","kind":"toll_plaza","name":null,"ref":null,"status":"operational","opened_on":null,"expected_completion":null,"agency":null,"source":"osm","confidence":0.9},"geometry":{"type":"Point","coordinates":[77.4062,28.1265]}},{"type":"Feature","properties":{"id":"toll_plaza:osm:node/13192339431","field":"national_highways","kind":"toll_plaza","name":null,"ref":null,"status":"operational","opened_on":null,"expected_completion":null,"agency":null,"source":"osm","confidence":0.9},"geometry":{"type":"Point","coordinates":[77.406,28.1291]}},{"type":"Feature","properties":{"id":"toll_plaza:osm:node/13192339434","field":"national_highways","kind":"toll_plaza","name":null,"ref":null,"status":"operational","opened_on":null,"expected_completion":null,"agency":null,"source":"osm","confidence":0.9},"geometry":{"type":"Point","coordinates":[77.4068,28.1287]}},{"type":"Feature","properties":{"id":"toll_plaza:osm:node/13909056204","field":"national_highways","kind":"toll_plaza","name":null,"ref":null,"status":"operational","opened_on":null,"expected_completion":null,"agency":null,"source":"osm","confidence":0.9},"geometry":{"type":"Point","coordinates":[75.1019,23.7966]}},{"type":"Feature","properties":{"id":"toll_plaza:osm:node/13909056254","field":"national_highways","kind":"toll_plaza","name":null,"ref":null,"status":"operational","opened_on":null,"expected_completion":null,"agency":null,"source":"osm","confidence":0.9},"geometry":{"type":"Point","coordinates":[75.102,23.7966]}},{"type":"Feature","properties":{"id":"toll_plaza:osm:node/13922329784","field":"national_highways","kind":"toll_plaza","name":null,"ref":null,"status":"operational","opened_on":null,"expected_completion":null,"agency":null,"source":"osm","confidence":0.9},"geometry":{"type":"Point","coordinates":[80.6302,17.1496]}},{"type":"Feature","properties":{"id":"toll_plaza:osm:node/13975289125","field":"national_highways","kind":"toll_plaza","name":null,"ref":null,"status":"operational","opened_on":null,"expected_completion":null,"agency":null,"source":"osm","confidence":0.9},"geometry":{"type":"Point","coordinates":[81.2207,16.3199]}},{"type":"Feature","properties":{"id":"toll_plaza:osm:node/14030777111","field":"national_highways","kind":"toll_plaza","name":null,"ref":null,"status":"operational","opened_on":null,"expected_completion":null,"agency":null,"source":"osm","confidence":0.9},"geometry":{"type":"Point","coordinates":[83.2512,18.0484]}},{"type":"Feature","properties":{"id":"toll_plaza:osm:node/14030777117","field":"national_highways","kind":"toll_plaza","name":null,"ref":null,"status":"operational","opened_on":null,"expected_completion":null,"agency":null,"source":"osm","confidence":0.9},"geometry":{"type":"Point","coordinates":[83.2517,18.0481]}},{"type":"Feature","properties":{"id":"toll_plaza:osm:node/10566532136","field":"national_highways","kind":"toll_plaza","name":null,"ref":null,"status":"operational","opened_on":null,"expected_completion":null,"agency":null,"source":"osm","confidence":0.9},"geometry":{"type":"Point","coordinates":[77.0058,30.89]}},{"type":"Feature","properties":{"id":"toll_plaza:osm:node/10628556167","field":"national_highways","kind":"toll_plaza","name":null,"ref":null,"status":"operational","opened_on":null,"expected_completion":null,"agency":null,"source":"osm","confidence":0.9},"geometry":{"type":"Point","coordinates":[91.9379,26.1213]}},{"type":"Feature","properties":{"id":"toll_plaza:osm:node/10628556169","field":"national_highways","kind":"toll_plaza","name":null,"ref":null,"status":"operational","opened_on":null,"expected_completion":null,"agency":null,"source":"osm","confidence":0.9},"geometry":{"type":"Point","coordinates":[91.9378,26.1214]}},{"type":"Feature","properties":{"id":"toll_plaza:osm:node/10918169789","field":"national_highways","kind":"toll_plaza","name":null,"ref":null,"status":"operational","opened_on":null,"expected_completion":null,"agency":null,"source":"osm","confidence":0.9},"geometry":{"type":"Point","coordinates":[80.1968,13.2915]}},{"type":"Feature","properties":{"id":"toll_plaza:osm:node/10918169803","field":"national_highways","kind":"toll_plaza","name":null,"ref":null,"status":"operational","opened_on":null,"expected_completion":null,"agency":null,"source":"osm","confidence":0.9},"geometry":{"type":"Point","coordinates":[80.1968,13.2912]}},{"type":"Feature","properties":{"id":"toll_plaza:osm:node/11331558573","field":"national_highways","kind":"toll_plaza","name":null,"ref":null,"status":"operational","opened_on":null,"expected_completion":null,"agency":null,"source":"osm","confidence":0.9},"geometry":{"type":"Point","coordinates":[79.0073,20.1739]}},{"type":"Feature","properties":{"id":"toll_plaza:osm:node/11399245837","field":"national_highways","kind":"toll_plaza","name":null,"ref":null,"status":"operational","opened_on":null,"expected_completion":null,"agency":null,"source":"osm","confidence":0.9},"geometry":{"type":"Point","coordinates":[74.0302,28.8875]}},{"type":"Feature","properties":{"id":"toll_plaza:osm:node/11518538349","field":"national_highways","kind":"toll_plaza","name":null,"ref":null,"status":"operational","opened_on":null,"expected_completion":null,"agency":null,"source":"osm","confidence":0.9},"geometry":{"type":"Point","coordinates":[90.2382,26.565]}},{"type":"Feature","properties":{"id":"toll_plaza:osm:node/11518538350","field":"national_highways","kind":"toll_plaza","name":null,"ref":null,"status":"operational","opened_on":null,"expected_completion":null,"agency":null,"source":"osm","confidence":0.9},"geometry":{"type":"Point","coordinates":[90.2382,26.5651]}},{"type":"Feature","properties":{"id":"toll_plaza:osm:node/12033905100","field":"national_highways","kind":"toll_plaza","name":null,"ref":null,"status":"operational","opened_on":null,"expected_completion":null,"agency":null,"source":"osm","confidence":0.9},"geometry":{"type":"Point","coordinates":[79.2836,17.7774]}},{"type":"Feature","properties":{"id":"toll_plaza:osm:node/12076538349","field":"national_highways","kind":"toll_plaza","name":null,"ref":null,"status":"operational","opened_on":null,"expected_completion":null,"agency":null,"source":"osm","confidence":0.9},"geometry":{"type":"Point","coordinates":[78.025,19.1045]}},{"type":"Feature","properties":{"id":"toll_plaza:osm:node/12076538438","field":"national_highways","kind":"toll_plaza","name":null,"ref":null,"status":"operational","opened_on":null,"expected_completion":null,"agency":null,"source":"osm","confidence":0.9},"geometry":{"type":"Point","coordinates":[78.2134,19.099]}},{"type":"Feature","properties":{"id":"toll_plaza:osm:node/12347725328","field":"national_highways","kind":"toll_plaza","name":null,"ref":null,"status":"operational","opened_on":null,"expected_completion":null,"agency":null,"source":"osm","confidence":0.9},"geometry":{"type":"Point","coordinates":[76.6138,11.78]}},{"type":"Feature","properties":{"id":"toll_plaza:osm:node/12347725329","field":"national_highways","kind":"toll_plaza","name":null,"ref":null,"status":"operational","opened_on":null,"expected_completion":null,"agency":null,"source":"osm","confidence":0.9},"geometry":{"type":"Point","coordinates":[76.6147,11.78]}},{"type":"Feature","properties":{"id":"toll_plaza:osm:node/12379112447","field":"national_highways","kind":"toll_plaza","name":null,"ref":null,"status":"operational","opened_on":null,"expected_completion":null,"agency":null,"source":"osm","confidence":0.9},"geometry":{"type":"Point","coordinates":[71.647,24.3786]}},{"type":"Feature","properties":{"id":"toll_plaza:osm:node/12379112450","field":"national_highways","kind":"toll_plaza","name":null,"ref":null,"status":"operational","opened_on":null,"expected_completion":null,"agency":null,"source":"osm","confidence":0.9},"geometry":{"type":"Point","coordinates":[71.6464,24.3788]}},{"type":"Feature","properties":{"id":"toll_plaza:osm:node/12379112457","field":"national_highways","kind":"toll_plaza","name":null,"ref":null,"status":"operational","opened_on":null,"expected_completion":null,"agency":null,"source":"osm","confidence":0.9},"geometry":{"type":"Point","coordinates":[71.6472,24.3819]}},{"type":"Feature","properties":{"id":"toll_plaza:osm:node/12379112462","field":"national_highways","kind":"toll_plaza","name":null,"ref":null,"status":"operational","opened_on":null,"expected_completion":null,"agency":null,"source":"osm","confidence":0.9},"geometry":{"type":"Point","coordinates":[71.6466,24.3819]}},{"type":"Feature","properties":{"id":"toll_plaza:osm:node/12485891507","field":"national_highways","kind":"toll_plaza","name":null,"ref":null,"status":"operational","opened_on":null,"expected_completion":null,"agency":null,"source":"osm","confidence":0.9},"geometry":{"type":"Point","coordinates":[74.4338,29.6829]}},{"type":"Feature","properties":{"id":"toll_plaza:osm:node/12485891508","field":"national_highways","kind":"toll_plaza","name":null,"ref":null,"status":"operational","opened_on":null,"expected_completion":null,"agency":null,"source":"osm","confidence":0.9},"geometry":{"type":"Point","coordinates":[74.4337,29.6833]}},{"type":"Feature","properties":{"id":"toll_plaza:osm:node/12522883477","field":"national_highways","kind":"toll_plaza","name":"Nandani Toll Plaza","ref":null,"status":"operational","opened_on":null,"expected_completion":null,"agency":null,"source":"osm","confidence":0.9},"geometry":{"type":"Point","coordinates":[75.8554,17.4731]}},{"type":"Feature","properties":{"id":"toll_plaza:osm:node/12647786593","field":"national_highways","kind":"toll_plaza","name":null,"ref":null,"status":"operational","opened_on":null,"expected_completion":null,"agency":null,"source":"osm","confidence":0.9},"geometry":{"type":"Point","coordinates":[77.1302,32.0718]}},{"type":"Feature","properties":{"id":"toll_plaza:osm:node/12692499234","field":"national_highways","kind":"toll_plaza","name":null,"ref":null,"status":"operational","opened_on":null,"expected_completion":null,"agency":null,"source":"osm","confidence":0.9},"geometry":{"type":"Point","coordinates":[85.5425,20.0565]}},{"type":"Feature","properties":{"id":"toll_plaza:osm:node/12692499235","field":"national_highways","kind":"toll_plaza","name":null,"ref":null,"status":"operational","opened_on":null,"expected_completion":null,"agency":null,"source":"osm","confidence":0.9},"geometry":{"type":"Point","coordinates":[85.5428,20.0566]}},{"type":"Feature","properties":{"id":"toll_plaza:osm:node/12692502185","field":"national_highways","kind":"toll_plaza","name":null,"ref":null,"status":"operational","opened_on":null,"expected_completion":null,"agency":null,"source":"osm","confidence":0.9},"geometry":{"type":"Point","coordinates":[81.285,26.0025]}},{"type":"Feature","properties":{"id":"toll_plaza:osm:node/12692502186","field":"national_highways","kind":"toll_plaza","name":null,"ref":null,"status":"operational","opened_on":null,"expected_completion":null,"agency":null,"source":"osm","confidence":0.9},"geometry":{"type":"Point","coordinates":[81.2848,26.0025]}},{"type":"Feature","properties":{"id":"toll_plaza:osm:node/12751906758","field":"national_highways","kind":"toll_plaza","name":null,"ref":null,"status":"operational","opened_on":null,"expected_completion":null,"agency":null,"source":"osm","confidence":0.9},"geometry":{"type":"Point","coordinates":[85.8393,20.1372]}},{"type":"Feature","properties":{"id":"toll_plaza:osm:node/12751906759","field":"national_highways","kind":"toll_plaza","name":null,"ref":null,"status":"operational","opened_on":null,"expected_completion":null,"agency":null,"source":"osm","confidence":0.9},"geometry":{"type":"Point","coordinates":[85.8392,20.1372]}},{"type":"Feature","properties":{"id":"toll_plaza:osm:node/12751906760","field":"national_highways","kind":"toll_plaza","name":null,"ref":null,"status":"operational","opened_on":null,"expected_completion":null,"agency":null,"source":"osm","confidence":0.9},"geometry":{"type":"Point","coordinates":[85.8391,20.1372]}},{"type":"Feature","properties":{"id":"toll_plaza:osm:node/12751906761","field":"national_highways","kind":"toll_plaza","name":null,"ref":null,"status":"operational","opened_on":null,"expected_completion":null,"agency":null,"source":"osm","confidence":0.9},"geometry":{"type":"Point","coordinates":[85.839,20.1372]}},{"type":"Feature","properties":{"id":"toll_plaza:osm:node/12823713522","field":"national_highways","kind":"toll_plaza","name":null,"ref":null,"status":"operational","opened_on":null,"expected_completion":null,"agency":null,"source":"osm","confidence":0.9},"geometry":{"type":"Point","coordinates":[75.9985,26.5005]}},{"type":"Feature","properties":{"id":"toll_plaza:osm:node/12841105505","field":"national_highways","kind":"toll_plaza","name":null,"ref":null,"status":"operational","opened_on":null,"expected_completion":null,"agency":null,"source":"osm","confidence":0.9},"geometry":{"type":"Point","coordinates":[79.0051,12.9581]}},{"type":"Feature","properties":{"id":"toll_plaza:osm:node/12841143540","field":"national_highways","kind":"toll_plaza","name":null,"ref":null,"status":"operational","opened_on":null,"expected_completion":null,"agency":null,"source":"osm","confidence":0.9},"geometry":{"type":"Point","coordinates":[72.269,24.4941]}},{"type":"Feature","properties":{"id":"toll_plaza:osm:node/13257159781","field":"national_highways","kind":"toll_plaza","name":"Old Toll Booth","ref":null,"status":"operational","opened_on":null,"expected_completion":null,"agency":null,"source":"osm","confidence":0.9},"geometry":{"type":"Point","coordinates":[76.5759,8.9216]}},{"type":"Feature","properties":{"id":"toll_plaza:osm:node/13325868797","field":"national_highways","kind":"toll_plaza","name":null,"ref":null,"status":"operational","opened_on":null,"expected_completion":null,"agency":null,"source":"osm","confidence":0.9},"geometry":{"type":"Point","coordinates":[72.0916,21.985]}},{"type":"Feature","properties":{"id":"toll_plaza:osm:node/13325868798","field":"national_highways","kind":"toll_plaza","name":null,"ref":null,"status":"operational","opened_on":null,"expected_completion":null,"agency":null,"source":"osm","confidence":0.9},"geometry":{"type":"Point","coordinates":[72.0918,21.985]}},{"type":"Feature","properties":{"id":"toll_plaza:osm:node/13368766365","field":"national_highways","kind":"toll_plaza","name":"Nangilikondan Toll Plaza","ref":null,"status":"operational","opened_on":null,"expected_completion":null,"agency":null,"source":"osm","confidence":0.9},"geometry":{"type":"Point","coordinates":[79.4665,12.2536]}},{"type":"Feature","properties":{"id":"toll_plaza:osm:node/13368870677","field":"national_highways","kind":"toll_plaza","name":"Nagampatti Toll Plaza","ref":null,"status":"operational","opened_on":null,"expected_completion":null,"agency":null,"source":"osm","confidence":0.9},"geometry":{"type":"Point","coordinates":[78.3922,12.4011]}},{"type":"Feature","properties":{"id":"toll_plaza:osm:node/13375691953","field":"national_highways","kind":"toll_plaza","name":null,"ref":null,"status":"operational","opened_on":null,"expected_completion":null,"agency":null,"source":"osm","confidence":0.9},"geometry":{"type":"Point","coordinates":[80.8773,26.7686]}},{"type":"Feature","properties":{"id":"toll_plaza:osm:node/13612041220","field":"national_highways","kind":"toll_plaza","name":null,"ref":null,"status":"operational","opened_on":null,"expected_completion":null,"agency":null,"source":"osm","confidence":0.9},"geometry":{"type":"Point","coordinates":[76.5934,30.7456]}},{"type":"Feature","properties":{"id":"toll_plaza:osm:node/13776053567","field":"national_highways","kind":"toll_plaza","name":"Khadkhadi Main Entry Toll Plaza","ref":null,"status":"operational","opened_on":null,"expected_completion":null,"agency":null,"source":"osm","confidence":0.9},"geometry":{"type":"Point","coordinates":[77.7776,28.8424]}},{"type":"Feature","properties":{"id":"toll_plaza:osm:node/13809894200","field":"national_highways","kind":"toll_plaza","name":null,"ref":null,"status":"operational","opened_on":null,"expected_completion":null,"agency":null,"source":"osm","confidence":0.9},"geometry":{"type":"Point","coordinates":[77.1251,28.8571]}},{"type":"Feature","properties":{"id":"toll_plaza:osm:node/13831058131","field":"national_highways","kind":"toll_plaza","name":null,"ref":null,"status":"operational","opened_on":null,"expected_completion":null,"agency":null,"source":"osm","confidence":0.9},"geometry":{"type":"Point","coordinates":[80.5988,15.9935]}},{"type":"Feature","properties":{"id":"toll_plaza:osm:node/13897179253","field":"national_highways","kind":"toll_plaza","name":null,"ref":null,"status":"operational","opened_on":null,"expected_completion":null,"agency":null,"source":"osm","confidence":0.9},"geometry":{"type":"Point","coordinates":[79.3051,16.0626]}},{"type":"Feature","properties":{"id":"toll_plaza:osm:node/13905101152","field":"national_highways","kind":"toll_plaza","name":null,"ref":null,"status":"operational","opened_on":null,"expected_completion":null,"agency":null,"source":"osm","confidence":0.9},"geometry":{"type":"Point","coordinates":[77.172,28.1883]}},{"type":"Feature","properties":{"id":"toll_plaza:osm:node/13905101153","field":"national_highways","kind":"toll_plaza","name":null,"ref":null,"status":"operational","opened_on":null,"expected_completion":null,"agency":null,"source":"osm","confidence":0.9},"geometry":{"type":"Point","coordinates":[77.1724,28.1882]}},{"type":"Feature","properties":{"id":"toll_plaza:osm:node/13912134999","field":"national_highways","kind":"toll_plaza","name":null,"ref":null,"status":"operational","opened_on":null,"expected_completion":null,"agency":null,"source":"osm","confidence":0.9},"geometry":{"type":"Point","coordinates":[80.715,16.5726]}},{"type":"Feature","properties":{"id":"toll_plaza:osm:node/13912135000","field":"national_highways","kind":"toll_plaza","name":null,"ref":null,"status":"operational","opened_on":null,"expected_completion":null,"agency":null,"source":"osm","confidence":0.9},"geometry":{"type":"Point","coordinates":[80.7152,16.5727]}},{"type":"Feature","properties":{"id":"toll_plaza:osm:node/14001240764","field":"national_highways","kind":"toll_plaza","name":null,"ref":null,"status":"operational","opened_on":null,"expected_completion":null,"agency":null,"source":"osm","confidence":0.9},"geometry":{"type":"Point","coordinates":[72.8608,19.696]}},{"type":"Feature","properties":{"id":"toll_plaza:osm:node/14001240768","field":"national_highways","kind":"toll_plaza","name":null,"ref":null,"status":"operational","opened_on":null,"expected_completion":null,"agency":null,"source":"osm","confidence":0.9},"geometry":{"type":"Point","coordinates":[72.86,19.7009]}},{"type":"Feature","properties":{"id":"toll_plaza:osm:node/14001240775","field":"national_highways","kind":"toll_plaza","name":null,"ref":null,"status":"operational","opened_on":null,"expected_completion":null,"agency":null,"source":"osm","confidence":0.9},"geometry":{"type":"Point","coordinates":[72.861,19.7007]}},{"type":"Feature","properties":{"id":"toll_plaza:osm:node/14001240777","field":"national_highways","kind":"toll_plaza","name":null,"ref":null,"status":"operational","opened_on":null,"expected_completion":null,"agency":null,"source":"osm","confidence":0.9},"geometry":{"type":"Point","coordinates":[72.8618,19.696]}},{"type":"Feature","properties":{"id":"toll_plaza:osm:node/14018543948","field":"national_highways","kind":"toll_plaza","name":null,"ref":null,"status":"operational","opened_on":null,"expected_completion":null,"agency":null,"source":"osm","confidence":0.9},"geometry":{"type":"Point","coordinates":[77.2241,20.3926]}},{"type":"Feature","properties":{"id":"toll_plaza:osm:node/14018543949","field":"national_highways","kind":"toll_plaza","name":null,"ref":null,"status":"operational","opened_on":null,"expected_completion":null,"agency":null,"source":"osm","confidence":0.9},"geometry":{"type":"Point","coordinates":[77.219,20.3897]}},{"type":"Feature","properties":{"id":"toll_plaza:osm:node/14018543950","field":"national_highways","kind":"toll_plaza","name":null,"ref":null,"status":"operational","opened_on":null,"expected_completion":null,"agency":null,"source":"osm","confidence":0.9},"geometry":{"type":"Point","coordinates":[77.2195,20.3892]}},{"type":"Feature","properties":{"id":"toll_plaza:osm:node/14029622215","field":"national_highways","kind":"toll_plaza","name":null,"ref":null,"status":"operational","opened_on":null,"expected_completion":null,"agency":null,"source":"osm","confidence":0.9},"geometry":{"type":"Point","coordinates":[83.2525,18.053]}},{"type":"Feature","properties":{"id":"toll_plaza:osm:node/14029622218","field":"national_highways","kind":"toll_plaza","name":null,"ref":null,"status":"operational","opened_on":null,"expected_completion":null,"agency":null,"source":"osm","confidence":0.9},"geometry":{"type":"Point","coordinates":[83.2531,18.0526]}},{"type":"Feature","properties":{"id":"toll_plaza:osm:node/3268367605","field":"national_highways","kind":"toll_plaza","name":"Keerampur Tollgate","ref":null,"status":"operational","opened_on":null,"expected_completion":null,"agency":null,"source":"osm","confidence":0.9},"geometry":{"type":"Point","coordinates":[78.1031,11.1938]}},{"type":"Feature","properties":{"id":"toll_plaza:osm:node/3268367606","field":"national_highways","kind":"toll_plaza","name":"Keerampur Tollgate","ref":null,"status":"operational","opened_on":null,"expected_completion":null,"agency":null,"source":"osm","confidence":0.9},"geometry":{"type":"Point","coordinates":[78.1031,11.194]}},{"type":"Feature","properties":{"id":"toll_plaza:osm:node/3693714754","field":"national_highways","kind":"toll_plaza","name":null,"ref":null,"status":"operational","opened_on":null,"expected_completion":null,"agency":null,"source":"osm","confidence":0.9},"geometry":{"type":"Point","coordinates":[76.229,12.9826]}},{"type":"Feature","properties":{"id":"toll_plaza:osm:node/3693714757","field":"national_highways","kind":"toll_plaza","name":null,"ref":null,"status":"operational","opened_on":null,"expected_completion":null,"agency":null,"source":"osm","confidence":0.9},"geometry":{"type":"Point","coordinates":[76.2291,12.9828]}},{"type":"Feature","properties":{"id":"toll_plaza:osm:node/3898546272","field":"national_highways","kind":"toll_plaza","name":null,"ref":null,"status":"operational","opened_on":null,"expected_completion":null,"agency":null,"source":"osm","confidence":0.9},"geometry":{"type":"Point","coordinates":[84.0412,18.6199]}},{"type":"Feature","properties":{"id":"toll_plaza:osm:node/4314601784","field":"national_highways","kind":"toll_plaza","name":null,"ref":null,"status":"operational","opened_on":null,"expected_completion":null,"agency":null,"source":"osm","confidence":0.9},"geometry":{"type":"Point","coordinates":[78.3145,17.5576]}},{"type":"Feature","properties":{"id":"toll_plaza:osm:node/4314601807","field":"national_highways","kind":"toll_plaza","name":null,"ref":null,"status":"operational","opened_on":null,"expected_completion":null,"agency":null,"source":"osm","confidence":0.9},"geometry":{"type":"Point","coordinates":[78.316,17.5579]}},{"type":"Feature","properties":{"id":"toll_plaza:osm:node/4314601817","field":"national_highways","kind":"toll_plaza","name":null,"ref":null,"status":"operational","opened_on":null,"expected_completion":null,"agency":null,"source":"osm","confidence":0.9},"geometry":{"type":"Point","coordinates":[78.3105,17.5581]}},{"type":"Feature","properties":{"id":"toll_plaza:osm:node/4314601851","field":"national_highways","kind":"toll_plaza","name":null,"ref":null,"status":"operational","opened_on":null,"expected_completion":null,"agency":null,"source":"osm","confidence":0.9},"geometry":{"type":"Point","coordinates":[78.3118,17.5587]}},{"type":"Feature","properties":{"id":"toll_plaza:osm:node/4721571085","field":"national_highways","kind":"toll_plaza","name":"Mundiyar","ref":null,"status":"operational","opened_on":null,"expected_completion":null,"agency":null,"source":"osm","confidence":0.9},"geometry":{"type":"Point","coordinates":[77.1359,25.2087]}},{"type":"Feature","properties":{"id":"toll_plaza:osm:node/4721571086","field":"national_highways","kind":"toll_plaza","name":"Mundiyar","ref":null,"status":"operational","opened_on":null,"expected_completion":null,"agency":null,"source":"osm","confidence":0.9},"geometry":{"type":"Point","coordinates":[77.136,25.2086]}},{"type":"Feature","properties":{"id":"toll_plaza:osm:node/4964236572","field":"national_highways","kind":"toll_plaza","name":null,"ref":null,"status":"operational","opened_on":null,"expected_completion":null,"agency":null,"source":"osm","confidence":0.9},"geometry":{"type":"Point","coordinates":[79.0322,21.1842]}},{"type":"Feature","properties":{"id":"toll_plaza:osm:node/5448264919","field":"national_highways","kind":"toll_plaza","name":null,"ref":null,"status":"operational","opened_on":null,"expected_completion":null,"agency":null,"source":"osm","confidence":0.9},"geometry":{"type":"Point","coordinates":[74.7118,24.5949]}},{"type":"Feature","properties":{"id":"toll_plaza:osm:node/5448265121","field":"national_highways","kind":"toll_plaza","name":null,"ref":null,"status":"operational","opened_on":null,"expected_completion":null,"agency":null,"source":"osm","confidence":0.9},"geometry":{"type":"Point","coordinates":[74.7117,24.595]}},{"type":"Feature","properties":{"id":"toll_plaza:osm:node/5455000854","field":"national_highways","kind":"toll_plaza","name":null,"ref":null,"status":"operational","opened_on":null,"expected_completion":null,"agency":null,"source":"osm","confidence":0.9},"geometry":{"type":"Point","coordinates":[81.288,21.2144]}},{"type":"Feature","properties":{"id":"toll_plaza:osm:node/5485192458","field":"national_highways","kind":"toll_plaza","name":null,"ref":null,"status":"operational","opened_on":null,"expected_completion":null,"agency":null,"source":"osm","confidence":0.9},"geometry":{"type":"Point","coordinates":[75.2032,29.5326]}},{"type":"Feature","properties":{"id":"toll_plaza:osm:node/5485192488","field":"national_highways","kind":"toll_plaza","name":null,"ref":null,"status":"operational","opened_on":null,"expected_completion":null,"agency":null,"source":"osm","confidence":0.9},"geometry":{"type":"Point","coordinates":[75.2032,29.5325]}},{"type":"Feature","properties":{"id":"toll_plaza:osm:node/5488355103","field":"national_highways","kind":"toll_plaza","name":null,"ref":null,"status":"operational","opened_on":null,"expected_completion":null,"agency":null,"source":"osm","confidence":0.9},"geometry":{"type":"Point","coordinates":[81.3494,24.537]}},{"type":"Feature","properties":{"id":"toll_plaza:osm:node/5488355197","field":"national_highways","kind":"toll_plaza","name":null,"ref":null,"status":"operational","opened_on":null,"expected_completion":null,"agency":null,"source":"osm","confidence":0.9},"geometry":{"type":"Point","coordinates":[81.3493,24.537]}},{"type":"Feature","properties":{"id":"toll_plaza:osm:node/5498126482","field":"national_highways","kind":"toll_plaza","name":"Bhalgam","ref":null,"status":"operational","opened_on":null,"expected_completion":null,"agency":null,"source":"osm","confidence":0.9},"geometry":{"type":"Point","coordinates":[71.7881,23.9205]}},{"type":"Feature","properties":{"id":"toll_plaza:osm:node/5498126483","field":"national_highways","kind":"toll_plaza","name":"Bhalgam","ref":null,"status":"operational","opened_on":null,"expected_completion":null,"agency":null,"source":"osm","confidence":0.9},"geometry":{"type":"Point","coordinates":[71.7883,23.9205]}},{"type":"Feature","properties":{"id":"toll_plaza:osm:node/5516474175","field":"national_highways","kind":"toll_plaza","name":null,"ref":null,"status":"operational","opened_on":null,"expected_completion":null,"agency":null,"source":"osm","confidence":0.9},"geometry":{"type":"Point","coordinates":[74.2015,19.5164]}},{"type":"Feature","properties":{"id":"toll_plaza:osm:node/5516474193","field":"national_highways","kind":"toll_plaza","name":null,"ref":null,"status":"operational","opened_on":null,"expected_completion":null,"agency":null,"source":"osm","confidence":0.9},"geometry":{"type":"Point","coordinates":[74.201,19.5138]}},{"type":"Feature","properties":{"id":"toll_plaza:osm:node/5571033927","field":"national_highways","kind":"toll_plaza","name":null,"ref":null,"status":"operational","opened_on":null,"expected_completion":null,"agency":null,"source":"osm","confidence":0.9},"geometry":{"type":"Point","coordinates":[81.7484,25.5625]}},{"type":"Feature","properties":{"id":"toll_plaza:osm:node/5571237719","field":"national_highways","kind":"toll_plaza","name":null,"ref":null,"status":"operational","opened_on":null,"expected_completion":null,"agency":null,"source":"osm","confidence":0.9},"geometry":{"type":"Point","coordinates":[74.2349,18.4832]}},{"type":"Feature","properties":{"id":"toll_plaza:osm:node/5571237720","field":"national_highways","kind":"toll_plaza","name":null,"ref":null,"status":"operational","opened_on":null,"expected_completion":null,"agency":null,"source":"osm","confidence":0.9},"geometry":{"type":"Point","coordinates":[74.2349,18.4831]}},{"type":"Feature","properties":{"id":"toll_plaza:osm:node/6152711307","field":"national_highways","kind":"toll_plaza","name":null,"ref":null,"status":"operational","opened_on":null,"expected_completion":null,"agency":null,"source":"osm","confidence":0.9},"geometry":{"type":"Point","coordinates":[78.3779,17.3076]}},{"type":"Feature","properties":{"id":"toll_plaza:osm:node/6152711311","field":"national_highways","kind":"toll_plaza","name":null,"ref":null,"status":"operational","opened_on":null,"expected_completion":null,"agency":null,"source":"osm","confidence":0.9},"geometry":{"type":"Point","coordinates":[78.3777,17.3057]}},{"type":"Feature","properties":{"id":"toll_plaza:osm:node/7025936143","field":"national_highways","kind":"toll_plaza","name":null,"ref":null,"status":"operational","opened_on":null,"expected_completion":null,"agency":null,"source":"osm","confidence":0.9},"geometry":{"type":"Point","coordinates":[85.4474,26.0387]}},{"type":"Feature","properties":{"id":"toll_plaza:osm:node/7495842291","field":"national_highways","kind":"toll_plaza","name":null,"ref":null,"status":"operational","opened_on":null,"expected_completion":null,"agency":null,"source":"osm","confidence":0.9},"geometry":{"type":"Point","coordinates":[74.7844,13.108]}},{"type":"Feature","properties":{"id":"toll_plaza:osm:node/7495842500","field":"national_highways","kind":"toll_plaza","name":null,"ref":null,"status":"operational","opened_on":null,"expected_completion":null,"agency":null,"source":"osm","confidence":0.9},"geometry":{"type":"Point","coordinates":[74.7928,13.0133]}},{"type":"Feature","properties":{"id":"toll_plaza:osm:node/7519007026","field":"national_highways","kind":"toll_plaza","name":null,"ref":null,"status":"operational","opened_on":null,"expected_completion":null,"agency":null,"source":"osm","confidence":0.9},"geometry":{"type":"Point","coordinates":[80.0744,14.2668]}},{"type":"Feature","properties":{"id":"toll_plaza:osm:node/7822994904","field":"national_highways","kind":"toll_plaza","name":null,"ref":null,"status":"operational","opened_on":null,"expected_completion":null,"agency":null,"source":"osm","confidence":0.9},"geometry":{"type":"Point","coordinates":[74.5967,13.9336]}},{"type":"Feature","properties":{"id":"toll_plaza:osm:node/7822994993","field":"national_highways","kind":"toll_plaza","name":null,"ref":null,"status":"operational","opened_on":null,"expected_completion":null,"agency":null,"source":"osm","confidence":0.9},"geometry":{"type":"Point","coordinates":[74.5964,13.9336]}},{"type":"Feature","properties":{"id":"toll_plaza:osm:node/7855992957","field":"national_highways","kind":"toll_plaza","name":"Kallakurichi Toll Plaza","ref":null,"status":"operational","opened_on":null,"expected_completion":null,"agency":null,"source":"osm","confidence":0.9},"geometry":{"type":"Point","coordinates":[79.0095,11.7366]}},{"type":"Feature","properties":{"id":"toll_plaza:osm:node/7855992958","field":"national_highways","kind":"toll_plaza","name":"Kallakurichi Toll Plaza","ref":null,"status":"operational","opened_on":null,"expected_completion":null,"agency":null,"source":"osm","confidence":0.9},"geometry":{"type":"Point","coordinates":[79.0096,11.7363]}},{"type":"Feature","properties":{"id":"toll_plaza:osm:node/7876393518","field":"national_highways","kind":"toll_plaza","name":null,"ref":null,"status":"operational","opened_on":null,"expected_completion":null,"agency":null,"source":"osm","confidence":0.9},"geometry":{"type":"Point","coordinates":[76.1015,29.8887]}},{"type":"Feature","properties":{"id":"toll_plaza:osm:node/7876393575","field":"national_highways","kind":"toll_plaza","name":null,"ref":null,"status":"operational","opened_on":null,"expected_completion":null,"agency":null,"source":"osm","confidence":0.9},"geometry":{"type":"Point","coordinates":[76.1013,29.8887]}},{"type":"Feature","properties":{"id":"toll_plaza:osm:node/7876409681","field":"national_highways","kind":"toll_plaza","name":"Badopatti","ref":null,"status":"operational","opened_on":null,"expected_completion":null,"agency":null,"source":"osm","confidence":0.9},"geometry":{"type":"Point","coordinates":[75.8197,29.2992]}},{"type":"Feature","properties":{"id":"toll_plaza:osm:node/7876410071","field":"national_highways","kind":"toll_plaza","name":"Chaudhriwas","ref":null,"status":"operational","opened_on":null,"expected_completion":null,"agency":null,"source":"osm","confidence":0.9},"geometry":{"type":"Point","coordinates":[75.6043,28.998]}},{"type":"Feature","properties":{"id":"toll_plaza:osm:node/7933545069","field":"national_highways","kind":"toll_plaza","name":null,"ref":null,"status":"operational","opened_on":null,"expected_completion":null,"agency":null,"source":"osm","confidence":0.9},"geometry":{"type":"Point","coordinates":[86.0452,23.6683]}},{"type":"Feature","properties":{"id":"toll_plaza:osm:node/8324942962","field":"national_highways","kind":"toll_plaza","name":"Lakhanpur/ Rajbagh","ref":null,"status":"operational","opened_on":null,"expected_completion":null,"agency":null,"source":"osm","confidence":0.9},"geometry":{"type":"Point","coordinates":[75.5987,32.3826]}},{"type":"Feature","properties":{"id":"toll_plaza:osm:node/8339386777","field":"national_highways","kind":"toll_plaza","name":null,"ref":null,"status":"operational","opened_on":null,"expected_completion":null,"agency":null,"source":"osm","confidence":0.9},"geometry":{"type":"Point","coordinates":[77.9537,9.939]}},{"type":"Feature","properties":{"id":"toll_plaza:osm:node/8339386778","field":"national_highways","kind":"toll_plaza","name":null,"ref":null,"status":"operational","opened_on":null,"expected_completion":null,"agency":null,"source":"osm","confidence":0.9},"geometry":{"type":"Point","coordinates":[77.9537,9.9389]}},{"type":"Feature","properties":{"id":"toll_plaza:osm:node/8436118934","field":"national_highways","kind":"toll_plaza","name":null,"ref":null,"status":"operational","opened_on":null,"expected_completion":null,"agency":null,"source":"osm","confidence":0.9},"geometry":{"type":"Point","coordinates":[83.6841,21.3531]}},{"type":"Feature","properties":{"id":"toll_plaza:osm:node/8610856749","field":"national_highways","kind":"toll_plaza","name":null,"ref":null,"status":"operational","opened_on":null,"expected_completion":null,"agency":null,"source":"osm","confidence":0.9},"geometry":{"type":"Point","coordinates":[79.9075,23.047]}},{"type":"Feature","properties":{"id":"toll_plaza:osm:node/8668545852","field":"national_highways","kind":"toll_plaza","name":null,"ref":null,"status":"operational","opened_on":null,"expected_completion":null,"agency":null,"source":"osm","confidence":0.9},"geometry":{"type":"Point","coordinates":[77.6182,28.7988]}},{"type":"Feature","properties":{"id":"toll_plaza:osm:node/8668545853","field":"national_highways","kind":"toll_plaza","name":null,"ref":null,"status":"operational","opened_on":null,"expected_completion":null,"agency":null,"source":"osm","confidence":0.9},"geometry":{"type":"Point","coordinates":[77.6178,28.7992]}},{"type":"Feature","properties":{"id":"toll_plaza:osm:node/8668545854","field":"national_highways","kind":"toll_plaza","name":null,"ref":null,"status":"operational","opened_on":null,"expected_completion":null,"agency":null,"source":"osm","confidence":0.9},"geometry":{"type":"Point","coordinates":[77.6205,28.8008]}},{"type":"Feature","properties":{"id":"toll_plaza:osm:node/8668545855","field":"national_highways","kind":"toll_plaza","name":null,"ref":null,"status":"operational","opened_on":null,"expected_completion":null,"agency":null,"source":"osm","confidence":0.9},"geometry":{"type":"Point","coordinates":[77.6201,28.8011]}},{"type":"Feature","properties":{"id":"toll_plaza:osm:node/8797688087","field":"national_highways","kind":"toll_plaza","name":"Panikauri Toll Plaza","ref":null,"status":"operational","opened_on":null,"expected_completion":null,"agency":null,"source":"osm","confidence":0.9},"geometry":{"type":"Point","coordinates":[88.5226,26.5739]}},{"type":"Feature","properties":{"id":"toll_plaza:osm:node/8797688089","field":"national_highways","kind":"toll_plaza","name":"Panikauri Toll Plaza","ref":null,"status":"operational","opened_on":null,"expected_completion":null,"agency":null,"source":"osm","confidence":0.9},"geometry":{"type":"Point","coordinates":[88.5227,26.574]}},{"type":"Feature","properties":{"id":"toll_plaza:osm:node/8954589123","field":"national_highways","kind":"toll_plaza","name":null,"ref":null,"status":"operational","opened_on":null,"expected_completion":null,"agency":null,"source":"osm","confidence":0.9},"geometry":{"type":"Point","coordinates":[74.4928,25.2751]}},{"type":"Feature","properties":{"id":"toll_plaza:osm:node/8978850219","field":"national_highways","kind":"toll_plaza","name":null,"ref":null,"status":"operational","opened_on":null,"expected_completion":null,"agency":null,"source":"osm","confidence":0.9},"geometry":{"type":"Point","coordinates":[78.9179,26.6831]}},{"type":"Feature","properties":{"id":"toll_plaza:osm:node/8990527917","field":"national_highways","kind":"toll_plaza","name":null,"ref":null,"status":"operational","opened_on":null,"expected_completion":null,"agency":null,"source":"osm","confidence":0.9},"geometry":{"type":"Point","coordinates":[76.6405,31.2117]}},{"type":"Feature","properties":{"id":"toll_plaza:osm:node/9014075804","field":"national_highways","kind":"toll_plaza","name":null,"ref":null,"status":"operational","opened_on":null,"expected_completion":null,"agency":null,"source":"osm","confidence":0.9},"geometry":{"type":"Point","coordinates":[81.7542,25.1156]}},{"type":"Feature","properties":{"id":"toll_plaza:osm:node/9014075854","field":"national_highways","kind":"toll_plaza","name":null,"ref":null,"status":"operational","opened_on":null,"expected_completion":null,"agency":null,"source":"osm","confidence":0.9},"geometry":{"type":"Point","coordinates":[81.7543,25.1155]}},{"type":"Feature","properties":{"id":"toll_plaza:osm:node/9017917162","field":"national_highways","kind":"toll_plaza","name":null,"ref":null,"status":"operational","opened_on":null,"expected_completion":null,"agency":null,"source":"osm","confidence":0.9},"geometry":{"type":"Point","coordinates":[77.8153,27.1641]}},{"type":"Feature","properties":{"id":"toll_plaza:osm:node/9017917163","field":"national_highways","kind":"toll_plaza","name":null,"ref":null,"status":"operational","opened_on":null,"expected_completion":null,"agency":null,"source":"osm","confidence":0.9},"geometry":{"type":"Point","coordinates":[77.8152,27.1641]}},{"type":"Feature","properties":{"id":"toll_plaza:osm:node/9018137105","field":"national_highways","kind":"toll_plaza","name":null,"ref":null,"status":"operational","opened_on":null,"expected_completion":null,"agency":null,"source":"osm","confidence":0.9},"geometry":{"type":"Point","coordinates":[77.7109,30.0038]}},{"type":"Feature","properties":{"id":"toll_plaza:osm:node/9018137117","field":"national_highways","kind":"toll_plaza","name":null,"ref":null,"status":"operational","opened_on":null,"expected_completion":null,"agency":null,"source":"osm","confidence":0.9},"geometry":{"type":"Point","coordinates":[77.7111,30.0036]}},{"type":"Feature","properties":{"id":"toll_plaza:osm:node/9020969888","field":"national_highways","kind":"toll_plaza","name":null,"ref":null,"status":"operational","opened_on":null,"expected_completion":null,"agency":null,"source":"osm","confidence":0.9},"geometry":{"type":"Point","coordinates":[85.1828,26.056]}},{"type":"Feature","properties":{"id":"toll_plaza:osm:node/9020969889","field":"national_highways","kind":"toll_plaza","name":null,"ref":null,"status":"operational","opened_on":null,"expected_completion":null,"agency":null,"source":"osm","confidence":0.9},"geometry":{"type":"Point","coordinates":[84.9679,25.9241]}},{"type":"Feature","properties":{"id":"toll_plaza:osm:node/9021012260","field":"national_highways","kind":"toll_plaza","name":null,"ref":null,"status":"operational","opened_on":null,"expected_completion":null,"agency":null,"source":"osm","confidence":0.9},"geometry":{"type":"Point","coordinates":[87.5908,25.8046]}},{"type":"Feature","properties":{"id":"toll_plaza:osm:node/9021012261","field":"national_highways","kind":"toll_plaza","name":null,"ref":null,"status":"operational","opened_on":null,"expected_completion":null,"agency":null,"source":"osm","confidence":0.9},"geometry":{"type":"Point","coordinates":[87.5907,25.8048]}},{"type":"Feature","properties":{"id":"toll_plaza:osm:node/9021012262","field":"national_highways","kind":"toll_plaza","name":null,"ref":null,"status":"operational","opened_on":null,"expected_completion":null,"agency":null,"source":"osm","confidence":0.9},"geometry":{"type":"Point","coordinates":[86.1502,26.225]}},{"type":"Feature","properties":{"id":"toll_plaza:osm:node/9021012263","field":"national_highways","kind":"toll_plaza","name":null,"ref":null,"status":"operational","opened_on":null,"expected_completion":null,"agency":null,"source":"osm","confidence":0.9},"geometry":{"type":"Point","coordinates":[86.1502,26.2252]}},{"type":"Feature","properties":{"id":"toll_plaza:osm:node/9021075543","field":"national_highways","kind":"toll_plaza","name":null,"ref":null,"status":"operational","opened_on":null,"expected_completion":null,"agency":null,"source":"osm","confidence":0.9},"geometry":{"type":"Point","coordinates":[84.3086,26.5689]}},{"type":"Feature","properties":{"id":"toll_plaza:osm:node/9021075552","field":"national_highways","kind":"toll_plaza","name":null,"ref":null,"status":"operational","opened_on":null,"expected_completion":null,"agency":null,"source":"osm","confidence":0.9},"geometry":{"type":"Point","coordinates":[84.3077,26.5688]}},{"type":"Feature","properties":{"id":"toll_plaza:osm:node/9032698632","field":"national_highways","kind":"toll_plaza","name":null,"ref":null,"status":"operational","opened_on":null,"expected_completion":null,"agency":null,"source":"osm","confidence":0.9},"geometry":{"type":"Point","coordinates":[86.3486,24.2844]}},{"type":"Feature","properties":{"id":"toll_plaza:osm:node/9049141711","field":"national_highways","kind":"toll_plaza","name":null,"ref":null,"status":"operational","opened_on":null,"expected_completion":null,"agency":null,"source":"osm","confidence":0.9},"geometry":{"type":"Point","coordinates":[91.8605,25.9927]}},{"type":"Feature","properties":{"id":"toll_plaza:osm:node/9049141781","field":"national_highways","kind":"toll_plaza","name":null,"ref":null,"status":"operational","opened_on":null,"expected_completion":null,"agency":null,"source":"osm","confidence":0.9},"geometry":{"type":"Point","coordinates":[91.8603,25.9927]}},{"type":"Feature","properties":{"id":"toll_plaza:osm:node/9063502617","field":"national_highways","kind":"toll_plaza","name":null,"ref":null,"status":"operational","opened_on":null,"expected_completion":null,"agency":null,"source":"osm","confidence":0.9},"geometry":{"type":"Point","coordinates":[77.59,18.5394]}},{"type":"Feature","properties":{"id":"toll_plaza:osm:node/9082172900","field":"national_highways","kind":"toll_plaza","name":null,"ref":null,"status":"operational","opened_on":null,"expected_completion":null,"agency":null,"source":"osm","confidence":0.9},"geometry":{"type":"Point","coordinates":[77.4182,10.9935]}},{"type":"Feature","properties":{"id":"toll_plaza:osm:node/9082172901","field":"national_highways","kind":"toll_plaza","name":null,"ref":null,"status":"operational","opened_on":null,"expected_completion":null,"agency":null,"source":"osm","confidence":0.9},"geometry":{"type":"Point","coordinates":[77.418,10.9934]}},{"type":"Feature","properties":{"id":"toll_plaza:osm:node/9321222849","field":"national_highways","kind":"toll_plaza","name":null,"ref":null,"status":"operational","opened_on":null,"expected_completion":null,"agency":null,"source":"osm","confidence":0.9},"geometry":{"type":"Point","coordinates":[79.0966,28.8301]}},{"type":"Feature","properties":{"id":"toll_plaza:osm:node/9410923055","field":"national_highways","kind":"toll_plaza","name":null,"ref":null,"status":"operational","opened_on":null,"expected_completion":null,"agency":null,"source":"osm","confidence":0.9},"geometry":{"type":"Point","coordinates":[75.1842,33.4775]}},{"type":"Feature","properties":{"id":"toll_plaza:osm:node/9410923056","field":"national_highways","kind":"toll_plaza","name":null,"ref":null,"status":"operational","opened_on":null,"expected_completion":null,"agency":null,"source":"osm","confidence":0.9},"geometry":{"type":"Point","coordinates":[75.1841,33.4775]}},{"type":"Feature","properties":{"id":"toll_plaza:osm:node/9410923057","field":"national_highways","kind":"toll_plaza","name":null,"ref":null,"status":"operational","opened_on":null,"expected_completion":null,"agency":null,"source":"osm","confidence":0.9},"geometry":{"type":"Point","coordinates":[75.1841,33.4775]}},{"type":"Feature","properties":{"id":"toll_plaza:osm:node/9410923058","field":"national_highways","kind":"toll_plaza","name":null,"ref":null,"status":"operational","opened_on":null,"expected_completion":null,"agency":null,"source":"osm","confidence":0.9},"geometry":{"type":"Point","coordinates":[75.1841,33.4775]}},{"type":"Feature","properties":{"id":"toll_plaza:osm:node/9414815729","field":"national_highways","kind":"toll_plaza","name":null,"ref":null,"status":"operational","opened_on":null,"expected_completion":null,"agency":null,"source":"osm","confidence":0.9},"geometry":{"type":"Point","coordinates":[81.9408,26.3046]}},{"type":"Feature","properties":{"id":"toll_plaza:osm:node/9420031715","field":"national_highways","kind":"toll_plaza","name":null,"ref":null,"status":"operational","opened_on":null,"expected_completion":null,"agency":null,"source":"osm","confidence":0.9},"geometry":{"type":"Point","coordinates":[78.545,13.1941]}},{"type":"Feature","properties":{"id":"toll_plaza:osm:node/9420031716","field":"national_highways","kind":"toll_plaza","name":null,"ref":null,"status":"operational","opened_on":null,"expected_completion":null,"agency":null,"source":"osm","confidence":0.9},"geometry":{"type":"Point","coordinates":[78.5451,13.1943]}},{"type":"Feature","properties":{"id":"toll_plaza:osm:node/9628635656","field":"national_highways","kind":"toll_plaza","name":null,"ref":null,"status":"operational","opened_on":null,"expected_completion":null,"agency":null,"source":"osm","confidence":0.9},"geometry":{"type":"Point","coordinates":[79.7989,16.5383]}},{"type":"Feature","properties":{"id":"toll_plaza:osm:node/9628635657","field":"national_highways","kind":"toll_plaza","name":null,"ref":null,"status":"operational","opened_on":null,"expected_completion":null,"agency":null,"source":"osm","confidence":0.9},"geometry":{"type":"Point","coordinates":[79.799,16.5384]}},{"type":"Feature","properties":{"id":"toll_plaza:osm:node/9802916951","field":"national_highways","kind":"toll_plaza","name":null,"ref":null,"status":"operational","opened_on":null,"expected_completion":null,"agency":null,"source":"osm","confidence":0.9},"geometry":{"type":"Point","coordinates":[75.7513,30.9714]}},{"type":"Feature","properties":{"id":"toll_plaza:osm:node/9936455997","field":"national_highways","kind":"toll_plaza","name":"Saini Majra Toll Plaza","ref":null,"status":"operational","opened_on":null,"expected_completion":null,"agency":null,"source":"osm","confidence":0.9},"geometry":{"type":"Point","coordinates":[76.7058,30.1969]}},{"type":"Feature","properties":{"id":"toll_plaza:osm:node/9936456012","field":"national_highways","kind":"toll_plaza","name":"Saini Majra Toll Plaza","ref":null,"status":"operational","opened_on":null,"expected_completion":null,"agency":null,"source":"osm","confidence":0.9},"geometry":{"type":"Point","coordinates":[76.7056,30.1969]}},{"type":"Feature","properties":{"id":"toll_plaza:osm:node/10035402324","field":"national_highways","kind":"toll_plaza","name":null,"ref":null,"status":"operational","opened_on":null,"expected_completion":null,"agency":null,"source":"osm","confidence":0.9},"geometry":{"type":"Point","coordinates":[76.1791,28.1213]}},{"type":"Feature","properties":{"id":"toll_plaza:osm:node/10035402325","field":"national_highways","kind":"toll_plaza","name":null,"ref":null,"status":"operational","opened_on":null,"expected_completion":null,"agency":null,"source":"osm","confidence":0.9},"geometry":{"type":"Point","coordinates":[76.1796,28.1212]}},{"type":"Feature","properties":{"id":"toll_plaza:osm:node/10219817884","field":"national_highways","kind":"toll_plaza","name":null,"ref":null,"status":"operational","opened_on":null,"expected_completion":null,"agency":null,"source":"osm","confidence":0.9},"geometry":{"type":"Point","coordinates":[77.6718,12.8461]}},{"type":"Feature","properties":{"id":"toll_plaza:osm:node/10261599360","field":"national_highways","kind":"toll_plaza","name":null,"ref":null,"status":"operational","opened_on":null,"expected_completion":null,"agency":null,"source":"osm","confidence":0.9},"geometry":{"type":"Point","coordinates":[78.5973,20.8031]}},{"type":"Feature","properties":{"id":"toll_plaza:osm:node/10261599361","field":"national_highways","kind":"toll_plaza","name":null,"ref":null,"status":"operational","opened_on":null,"expected_completion":null,"agency":null,"source":"osm","confidence":0.9},"geometry":{"type":"Point","coordinates":[78.5954,20.8034]}},{"type":"Feature","properties":{"id":"toll_plaza:osm:node/10261599362","field":"national_highways","kind":"toll_plaza","name":null,"ref":null,"status":"operational","opened_on":null,"expected_completion":null,"agency":null,"source":"osm","confidence":0.9},"geometry":{"type":"Point","coordinates":[78.5913,20.802]}},{"type":"Feature","properties":{"id":"toll_plaza:osm:node/10716428516","field":"national_highways","kind":"toll_plaza","name":null,"ref":null,"status":"operational","opened_on":null,"expected_completion":null,"agency":null,"source":"osm","confidence":0.9},"geometry":{"type":"Point","coordinates":[78.3506,17.3823]}},{"type":"Feature","properties":{"id":"toll_plaza:osm:node/10716428530","field":"national_highways","kind":"toll_plaza","name":null,"ref":null,"status":"operational","opened_on":null,"expected_completion":null,"agency":null,"source":"osm","confidence":0.9},"geometry":{"type":"Point","coordinates":[78.3499,17.3818]}},{"type":"Feature","properties":{"id":"toll_plaza:osm:node/10799264930","field":"national_highways","kind":"toll_plaza","name":null,"ref":null,"status":"operational","opened_on":null,"expected_completion":null,"agency":null,"source":"osm","confidence":0.9},"geometry":{"type":"Point","coordinates":[75.1024,30.2332]}},{"type":"Feature","properties":{"id":"toll_plaza:osm:node/11113894876","field":"national_highways","kind":"toll_plaza","name":null,"ref":null,"status":"operational","opened_on":null,"expected_completion":null,"agency":null,"source":"osm","confidence":0.9},"geometry":{"type":"Point","coordinates":[72.9054,26.9506]}},{"type":"Feature","properties":{"id":"toll_plaza:osm:node/11113894877","field":"national_highways","kind":"toll_plaza","name":null,"ref":null,"status":"operational","opened_on":null,"expected_completion":null,"agency":null,"source":"osm","confidence":0.9},"geometry":{"type":"Point","coordinates":[72.9063,26.95]}},{"type":"Feature","properties":{"id":"toll_plaza:osm:node/11113894896","field":"national_highways","kind":"toll_plaza","name":null,"ref":null,"status":"operational","opened_on":null,"expected_completion":null,"agency":null,"source":"osm","confidence":0.9},"geometry":{"type":"Point","coordinates":[72.9081,26.9534]}},{"type":"Feature","properties":{"id":"toll_plaza:osm:node/11113894897","field":"national_highways","kind":"toll_plaza","name":null,"ref":null,"status":"operational","opened_on":null,"expected_completion":null,"agency":null,"source":"osm","confidence":0.9},"geometry":{"type":"Point","coordinates":[72.9071,26.9538]}},{"type":"Feature","properties":{"id":"toll_plaza:osm:node/11180992070","field":"national_highways","kind":"toll_plaza","name":null,"ref":null,"status":"operational","opened_on":null,"expected_completion":null,"agency":null,"source":"osm","confidence":0.9},"geometry":{"type":"Point","coordinates":[85.13,25.6256]}},{"type":"Feature","properties":{"id":"toll_plaza:osm:node/11180992071","field":"national_highways","kind":"toll_plaza","name":null,"ref":null,"status":"operational","opened_on":null,"expected_completion":null,"agency":null,"source":"osm","confidence":0.9},"geometry":{"type":"Point","coordinates":[85.13,25.6257]}},{"type":"Feature","properties":{"id":"toll_plaza:osm:node/11180992082","field":"national_highways","kind":"toll_plaza","name":null,"ref":null,"status":"operational","opened_on":null,"expected_completion":null,"agency":null,"source":"osm","confidence":0.9},"geometry":{"type":"Point","coordinates":[85.13,25.6257]}},{"type":"Feature","properties":{"id":"toll_plaza:osm:node/11180992092","field":"national_highways","kind":"toll_plaza","name":null,"ref":null,"status":"operational","opened_on":null,"expected_completion":null,"agency":null,"source":"osm","confidence":0.9},"geometry":{"type":"Point","coordinates":[85.13,25.6258]}},{"type":"Feature","properties":{"id":"toll_plaza:osm:node/11180992101","field":"national_highways","kind":"toll_plaza","name":null,"ref":null,"status":"operational","opened_on":null,"expected_completion":null,"agency":null,"source":"osm","confidence":0.9},"geometry":{"type":"Point","coordinates":[85.1301,25.6258]}},{"type":"Feature","properties":{"id":"toll_plaza:osm:node/11180992213","field":"national_highways","kind":"toll_plaza","name":null,"ref":null,"status":"operational","opened_on":null,"expected_completion":null,"agency":null,"source":"osm","confidence":0.9},"geometry":{"type":"Point","coordinates":[85.1281,25.6265]}},{"type":"Feature","properties":{"id":"toll_plaza:osm:node/11180992214","field":"national_highways","kind":"toll_plaza","name":null,"ref":null,"status":"operational","opened_on":null,"expected_completion":null,"agency":null,"source":"osm","confidence":0.9},"geometry":{"type":"Point","coordinates":[85.1281,25.6265]}},{"type":"Feature","properties":{"id":"toll_plaza:osm:node/11180992215","field":"national_highways","kind":"toll_plaza","name":null,"ref":null,"status":"operational","opened_on":null,"expected_completion":null,"agency":null,"source":"osm","confidence":0.9},"geometry":{"type":"Point","coordinates":[85.128,25.6264]}},{"type":"Feature","properties":{"id":"toll_plaza:osm:node/11180992216","field":"national_highways","kind":"toll_plaza","name":null,"ref":null,"status":"operational","opened_on":null,"expected_completion":null,"agency":null,"source":"osm","confidence":0.9},"geometry":{"type":"Point","coordinates":[85.128,25.6264]}},{"type":"Feature","properties":{"id":"toll_plaza:osm:node/11180992217","field":"national_highways","kind":"toll_plaza","name":null,"ref":null,"status":"operational","opened_on":null,"expected_completion":null,"agency":null,"source":"osm","confidence":0.9},"geometry":{"type":"Point","coordinates":[85.128,25.6263]}},{"type":"Feature","properties":{"id":"toll_plaza:osm:node/11226550952","field":"national_highways","kind":"toll_plaza","name":null,"ref":null,"status":"operational","opened_on":null,"expected_completion":null,"agency":null,"source":"osm","confidence":0.9},"geometry":{"type":"Point","coordinates":[76.2691,9.94]}},{"type":"Feature","properties":{"id":"toll_plaza:osm:node/11393418805","field":"national_highways","kind":"toll_plaza","name":null,"ref":null,"status":"operational","opened_on":null,"expected_completion":null,"agency":null,"source":"osm","confidence":0.9},"geometry":{"type":"Point","coordinates":[78.0736,11.7202]}},{"type":"Feature","properties":{"id":"toll_plaza:osm:node/11393418806","field":"national_highways","kind":"toll_plaza","name":null,"ref":null,"status":"operational","opened_on":null,"expected_completion":null,"agency":null,"source":"osm","confidence":0.9},"geometry":{"type":"Point","coordinates":[78.0735,11.7202]}},{"type":"Feature","properties":{"id":"toll_plaza:osm:node/11393418807","field":"national_highways","kind":"toll_plaza","name":null,"ref":null,"status":"operational","opened_on":null,"expected_completion":null,"agency":null,"source":"osm","confidence":0.9},"geometry":{"type":"Point","coordinates":[78.0735,11.7201]}},{"type":"Feature","properties":{"id":"toll_plaza:osm:node/11393418808","field":"national_highways","kind":"toll_plaza","name":null,"ref":null,"status":"operational","opened_on":null,"expected_completion":null,"agency":null,"source":"osm","confidence":0.9},"geometry":{"type":"Point","coordinates":[78.0735,11.7201]}},{"type":"Feature","properties":{"id":"toll_plaza:osm:node/11393418809","field":"national_highways","kind":"toll_plaza","name":null,"ref":null,"status":"operational","opened_on":null,"expected_completion":null,"agency":null,"source":"osm","confidence":0.9},"geometry":{"type":"Point","coordinates":[78.0734,11.7201]}},{"type":"Feature","properties":{"id":"toll_plaza:osm:node/11393418810","field":"national_highways","kind":"toll_plaza","name":null,"ref":null,"status":"operational","opened_on":null,"expected_completion":null,"agency":null,"source":"osm","confidence":0.9},"geometry":{"type":"Point","coordinates":[78.0734,11.72]}},{"type":"Feature","properties":{"id":"toll_plaza:osm:node/11393418811","field":"national_highways","kind":"toll_plaza","name":null,"ref":null,"status":"operational","opened_on":null,"expected_completion":null,"agency":null,"source":"osm","confidence":0.9},"geometry":{"type":"Point","coordinates":[78.0733,11.7199]}},{"type":"Feature","properties":{"id":"toll_plaza:osm:node/11393418812","field":"national_highways","kind":"toll_plaza","name":null,"ref":null,"status":"operational","opened_on":null,"expected_completion":null,"agency":null,"source":"osm","confidence":0.9},"geometry":{"type":"Point","coordinates":[78.0733,11.7199]}},{"type":"Feature","properties":{"id":"toll_plaza:osm:node/11393418813","field":"national_highways","kind":"toll_plaza","name":null,"ref":null,"status":"operational","opened_on":null,"expected_completion":null,"agency":null,"source":"osm","confidence":0.9},"geometry":{"type":"Point","coordinates":[78.0733,11.7199]}},{"type":"Feature","properties":{"id":"toll_plaza:osm:node/11575968762","field":"national_highways","kind":"toll_plaza","name":null,"ref":null,"status":"operational","opened_on":null,"expected_completion":null,"agency":null,"source":"osm","confidence":0.9},"geometry":{"type":"Point","coordinates":[80.6335,16.8505]}},{"type":"Feature","properties":{"id":"toll_plaza:osm:node/11575968763","field":"national_highways","kind":"toll_plaza","name":null,"ref":null,"status":"operational","opened_on":null,"expected_completion":null,"agency":null,"source":"osm","confidence":0.9},"geometry":{"type":"Point","coordinates":[80.6335,16.8505]}},{"type":"Feature","properties":{"id":"toll_plaza:osm:node/11575968764","field":"national_highways","kind":"toll_plaza","name":null,"ref":null,"status":"operational","opened_on":null,"expected_completion":null,"agency":null,"source":"osm","confidence":0.9},"geometry":{"type":"Point","coordinates":[80.6336,16.8505]}},{"type":"Feature","properties":{"id":"toll_plaza:osm:node/11575968765","field":"national_highways","kind":"toll_plaza","name":null,"ref":null,"status":"operational","opened_on":null,"expected_completion":null,"agency":null,"source":"osm","confidence":0.9},"geometry":{"type":"Point","coordinates":[80.6336,16.8504]}},{"type":"Feature","properties":{"id":"toll_plaza:osm:node/11575968766","field":"national_highways","kind":"toll_plaza","name":null,"ref":null,"status":"operational","opened_on":null,"expected_completion":null,"agency":null,"source":"osm","confidence":0.9},"geometry":{"type":"Point","coordinates":[80.6337,16.8504]}},{"type":"Feature","properties":{"id":"toll_plaza:osm:node/11575968767","field":"national_highways","kind":"toll_plaza","name":null,"ref":null,"status":"operational","opened_on":null,"expected_completion":null,"agency":null,"source":"osm","confidence":0.9},"geometry":{"type":"Point","coordinates":[80.6337,16.8504]}},{"type":"Feature","properties":{"id":"toll_plaza:osm:node/11711274780","field":"national_highways","kind":"toll_plaza","name":null,"ref":null,"status":"operational","opened_on":null,"expected_completion":null,"agency":null,"source":"osm","confidence":0.9},"geometry":{"type":"Point","coordinates":[77.3482,13.2707]}},{"type":"Feature","properties":{"id":"toll_plaza:osm:node/11762265070","field":"national_highways","kind":"toll_plaza","name":null,"ref":null,"status":"operational","opened_on":null,"expected_completion":null,"agency":null,"source":"osm","confidence":0.9},"geometry":{"type":"Point","coordinates":[76.6705,14.5042]}},{"type":"Feature","properties":{"id":"toll_plaza:osm:node/11762265071","field":"national_highways","kind":"toll_plaza","name":null,"ref":null,"status":"operational","opened_on":null,"expected_completion":null,"agency":null,"source":"osm","confidence":0.9},"geometry":{"type":"Point","coordinates":[76.6706,14.5041]}},{"type":"Feature","properties":{"id":"toll_plaza:osm:node/11762265072","field":"national_highways","kind":"toll_plaza","name":null,"ref":null,"status":"operational","opened_on":null,"expected_completion":null,"agency":null,"source":"osm","confidence":0.9},"geometry":{"type":"Point","coordinates":[76.6707,14.5041]}},{"type":"Feature","properties":{"id":"toll_plaza:osm:node/11762265073","field":"national_highways","kind":"toll_plaza","name":null,"ref":null,"status":"operational","opened_on":null,"expected_completion":null,"agency":null,"source":"osm","confidence":0.9},"geometry":{"type":"Point","coordinates":[76.6708,14.5041]}},{"type":"Feature","properties":{"id":"toll_plaza:osm:node/11762265074","field":"national_highways","kind":"toll_plaza","name":null,"ref":null,"status":"operational","opened_on":null,"expected_completion":null,"agency":null,"source":"osm","confidence":0.9},"geometry":{"type":"Point","coordinates":[76.6709,14.504]}},{"type":"Feature","properties":{"id":"toll_plaza:osm:node/11762266875","field":"national_highways","kind":"toll_plaza","name":null,"ref":null,"status":"operational","opened_on":null,"expected_completion":null,"agency":null,"source":"osm","confidence":0.9},"geometry":{"type":"Point","coordinates":[76.6368,14.0328]}},{"type":"Feature","properties":{"id":"toll_plaza:osm:node/11762266876","field":"national_highways","kind":"toll_plaza","name":null,"ref":null,"status":"operational","opened_on":null,"expected_completion":null,"agency":null,"source":"osm","confidence":0.9},"geometry":{"type":"Point","coordinates":[76.6369,14.0328]}},{"type":"Feature","properties":{"id":"toll_plaza:osm:node/11782420404","field":"national_highways","kind":"toll_plaza","name":null,"ref":null,"status":"operational","opened_on":null,"expected_completion":null,"agency":null,"source":"osm","confidence":0.9},"geometry":{"type":"Point","coordinates":[78.8725,14.7085]}},{"type":"Feature","properties":{"id":"toll_plaza:osm:node/11961961754","field":"national_highways","kind":"toll_plaza","name":null,"ref":null,"status":"operational","opened_on":null,"expected_completion":null,"agency":null,"source":"osm","confidence":0.9},"geometry":{"type":"Point","coordinates":[76.9543,11.8882]}},{"type":"Feature","properties":{"id":"toll_plaza:osm:node/12091082170","field":"national_highways","kind":"toll_plaza","name":null,"ref":null,"status":"operational","opened_on":null,"expected_completion":null,"agency":null,"source":"osm","confidence":0.9},"geometry":{"type":"Point","coordinates":[93.9198,26.6775]}},{"type":"Feature","properties":{"id":"toll_plaza:osm:node/12091082722","field":"national_highways","kind":"toll_plaza","name":null,"ref":null,"status":"operational","opened_on":null,"expected_completion":null,"agency":null,"source":"osm","confidence":0.9},"geometry":{"type":"Point","coordinates":[92.8695,26.5676]}},{"type":"Feature","properties":{"id":"toll_plaza:osm:node/12207980555","field":"national_highways","kind":"toll_plaza","name":null,"ref":null,"status":"operational","opened_on":null,"expected_completion":null,"agency":null,"source":"osm","confidence":0.9},"geometry":{"type":"Point","coordinates":[77.7465,12.738]}},{"type":"Feature","properties":{"id":"toll_plaza:osm:node/12389651395","field":"national_highways","kind":"toll_plaza","name":null,"ref":null,"status":"operational","opened_on":null,"expected_completion":null,"agency":null,"source":"osm","confidence":0.9},"geometry":{"type":"Point","coordinates":[76.615,23.6571]}},{"type":"Feature","properties":{"id":"toll_plaza:osm:node/12693779831","field":"national_highways","kind":"toll_plaza","name":null,"ref":null,"status":"operational","opened_on":null,"expected_completion":null,"agency":null,"source":"osm","confidence":0.9},"geometry":{"type":"Point","coordinates":[82.4803,22.7665]}},{"type":"Feature","properties":{"id":"toll_plaza:osm:node/12837358393","field":"national_highways","kind":"toll_plaza","name":null,"ref":null,"status":"operational","opened_on":null,"expected_completion":null,"agency":null,"source":"osm","confidence":0.9},"geometry":{"type":"Point","coordinates":[73.9052,19.9104]}},{"type":"Feature","properties":{"id":"toll_plaza:osm:node/12837358394","field":"national_highways","kind":"toll_plaza","name":null,"ref":null,"status":"operational","opened_on":null,"expected_completion":null,"agency":null,"source":"osm","confidence":0.9},"geometry":{"type":"Point","coordinates":[73.9051,19.9103]}},{"type":"Feature","properties":{"id":"toll_plaza:osm:node/12974284186","field":"national_highways","kind":"toll_plaza","name":null,"ref":null,"status":"operational","opened_on":null,"expected_completion":null,"agency":null,"source":"osm","confidence":0.9},"geometry":{"type":"Point","coordinates":[79.0046,12.9578]}},{"type":"Feature","properties":{"id":"toll_plaza:osm:node/12987894340","field":"national_highways","kind":"toll_plaza","name":null,"ref":null,"status":"operational","opened_on":null,"expected_completion":null,"agency":null,"source":"osm","confidence":0.9},"geometry":{"type":"Point","coordinates":[79.5454,11.2678]}},{"type":"Feature","properties":{"id":"toll_plaza:osm:node/13865631684","field":"national_highways","kind":"toll_plaza","name":null,"ref":null,"status":"operational","opened_on":null,"expected_completion":null,"agency":null,"source":"osm","confidence":0.9},"geometry":{"type":"Point","coordinates":[75.1492,23.6055]}},{"type":"Feature","properties":{"id":"toll_plaza:osm:node/13865631685","field":"national_highways","kind":"toll_plaza","name":null,"ref":null,"status":"operational","opened_on":null,"expected_completion":null,"agency":null,"source":"osm","confidence":0.9},"geometry":{"type":"Point","coordinates":[75.4088,23.9735]}},{"type":"Feature","properties":{"id":"toll_plaza:osm:node/13865631686","field":"national_highways","kind":"toll_plaza","name":null,"ref":null,"status":"operational","opened_on":null,"expected_completion":null,"agency":null,"source":"osm","confidence":0.9},"geometry":{"type":"Point","coordinates":[75.4128,23.9779]}},{"type":"Feature","properties":{"id":"toll_plaza:osm:node/13865935294","field":"national_highways","kind":"toll_plaza","name":null,"ref":null,"status":"operational","opened_on":null,"expected_completion":null,"agency":null,"source":"osm","confidence":0.9},"geometry":{"type":"Point","coordinates":[71.3393,23.9108]}},{"type":"Feature","properties":{"id":"toll_plaza:osm:node/13865935300","field":"national_highways","kind":"toll_plaza","name":null,"ref":null,"status":"operational","opened_on":null,"expected_completion":null,"agency":null,"source":"osm","confidence":0.9},"geometry":{"type":"Point","coordinates":[71.3399,23.9104]}},{"type":"Feature","properties":{"id":"toll_plaza:osm:node/13866000408","field":"national_highways","kind":"toll_plaza","name":null,"ref":null,"status":"operational","opened_on":null,"expected_completion":null,"agency":null,"source":"osm","confidence":0.9},"geometry":{"type":"Point","coordinates":[71.3435,23.9141]}},{"type":"Feature","properties":{"id":"toll_plaza:osm:node/13866000411","field":"national_highways","kind":"toll_plaza","name":null,"ref":null,"status":"operational","opened_on":null,"expected_completion":null,"agency":null,"source":"osm","confidence":0.9},"geometry":{"type":"Point","coordinates":[71.3441,23.9137]}},{"type":"Feature","properties":{"id":"toll_plaza:osm:node/13971810055","field":"national_highways","kind":"toll_plaza","name":null,"ref":null,"status":"operational","opened_on":null,"expected_completion":null,"agency":null,"source":"osm","confidence":0.9},"geometry":{"type":"Point","coordinates":[75.8111,24.5241]}},{"type":"Feature","properties":{"id":"toll_plaza:osm:node/14094053613","field":"national_highways","kind":"toll_plaza","name":null,"ref":null,"status":"operational","opened_on":null,"expected_completion":null,"agency":null,"source":"osm","confidence":0.9},"geometry":{"type":"Point","coordinates":[75.918,19.9067]}},{"type":"Feature","properties":{"id":"toll_plaza:osm:node/14094053711","field":"national_highways","kind":"toll_plaza","name":null,"ref":null,"status":"operational","opened_on":null,"expected_completion":null,"agency":null,"source":"osm","confidence":0.9},"geometry":{"type":"Point","coordinates":[75.9181,19.9066]}},{"type":"Feature","properties":{"id":"toll_plaza:osm:node/14183111750","field":"national_highways","kind":"toll_plaza","name":null,"ref":null,"status":"operational","opened_on":null,"expected_completion":null,"agency":null,"source":"osm","confidence":0.9},"geometry":{"type":"Point","coordinates":[76.5936,30.7451]}},{"type":"Feature","properties":{"id":"toll_plaza:osm:node/12614214857","field":"national_highways","kind":"toll_plaza","name":null,"ref":null,"status":"operational","opened_on":null,"expected_completion":null,"agency":null,"source":"osm","confidence":0.9},"geometry":{"type":"Point","coordinates":[83.5463,25.686]}},{"type":"Feature","properties":{"id":"toll_plaza:osm:node/12614214858","field":"national_highways","kind":"toll_plaza","name":null,"ref":null,"status":"operational","opened_on":null,"expected_completion":null,"agency":null,"source":"osm","confidence":0.9},"geometry":{"type":"Point","coordinates":[83.5465,25.6861]}},{"type":"Feature","properties":{"id":"toll_plaza:osm:node/12692281905","field":"national_highways","kind":"toll_plaza","name":null,"ref":null,"status":"operational","opened_on":null,"expected_completion":null,"agency":null,"source":"osm","confidence":0.9},"geometry":{"type":"Point","coordinates":[74.2939,14.7108]}},{"type":"Feature","properties":{"id":"toll_plaza:osm:node/12692281906","field":"national_highways","kind":"toll_plaza","name":null,"ref":null,"status":"operational","opened_on":null,"expected_completion":null,"agency":null,"source":"osm","confidence":0.9},"geometry":{"type":"Point","coordinates":[74.2935,14.7107]}},{"type":"Feature","properties":{"id":"toll_plaza:osm:node/12716576207","field":"national_highways","kind":"toll_plaza","name":null,"ref":null,"status":"operational","opened_on":null,"expected_completion":null,"agency":null,"source":"osm","confidence":0.9},"geometry":{"type":"Point","coordinates":[79.773,18.8431]}},{"type":"Feature","properties":{"id":"toll_plaza:osm:node/12734558238","field":"national_highways","kind":"toll_plaza","name":null,"ref":null,"status":"operational","opened_on":null,"expected_completion":null,"agency":null,"source":"osm","confidence":0.9},"geometry":{"type":"Point","coordinates":[75.3057,15.4735]}},{"type":"Feature","properties":{"id":"toll_plaza:osm:node/12734558239","field":"national_highways","kind":"toll_plaza","name":null,"ref":null,"status":"operational","opened_on":null,"expected_completion":null,"agency":null,"source":"osm","confidence":0.9},"geometry":{"type":"Point","coordinates":[75.3058,15.4744]}},{"type":"Feature","properties":{"id":"toll_plaza:osm:node/12831633507","field":"national_highways","kind":"toll_plaza","name":null,"ref":null,"status":"operational","opened_on":null,"expected_completion":null,"agency":null,"source":"osm","confidence":0.9},"geometry":{"type":"Point","coordinates":[78.5454,23.7972]}},{"type":"Feature","properties":{"id":"toll_plaza:osm:node/12872576212","field":"national_highways","kind":"toll_plaza","name":"Ladowal Toll Booth","ref":null,"status":"operational","opened_on":null,"expected_completion":null,"agency":null,"source":"osm","confidence":0.9},"geometry":{"type":"Point","coordinates":[75.7905,30.989]}},{"type":"Feature","properties":{"id":"toll_plaza:osm:node/12886566037","field":"national_highways","kind":"toll_plaza","name":null,"ref":null,"status":"operational","opened_on":null,"expected_completion":null,"agency":null,"source":"osm","confidence":0.9},"geometry":{"type":"Point","coordinates":[93.1387,25.7365]}},{"type":"Feature","properties":{"id":"toll_plaza:osm:node/12886566038","field":"national_highways","kind":"toll_plaza","name":null,"ref":null,"status":"operational","opened_on":null,"expected_completion":null,"agency":null,"source":"osm","confidence":0.9},"geometry":{"type":"Point","coordinates":[93.1386,25.7365]}},{"type":"Feature","properties":{"id":"toll_plaza:osm:node/12890583840","field":"national_highways","kind":"toll_plaza","name":"Samruddhi Mahamarg exit toll","ref":null,"status":"operational","opened_on":null,"expected_completion":null,"agency":null,"source":"osm","confidence":0.9},"geometry":{"type":"Point","coordinates":[73.2014,19.3268]}},{"type":"Feature","properties":{"id":"toll_plaza:osm:node/12890583842","field":"national_highways","kind":"toll_plaza","name":"Samruddhi Mahamarg Entry toll","ref":null,"status":"operational","opened_on":null,"expected_completion":null,"agency":null,"source":"osm","confidence":0.9},"geometry":{"type":"Point","coordinates":[73.2013,19.3274]}},{"type":"Feature","properties":{"id":"toll_plaza:osm:node/13515977544","field":"national_highways","kind":"toll_plaza","name":null,"ref":null,"status":"operational","opened_on":null,"expected_completion":null,"agency":null,"source":"osm","confidence":0.9},"geometry":{"type":"Point","coordinates":[72.4729,22.9738]}},{"type":"Feature","properties":{"id":"toll_plaza:osm:node/13515977545","field":"national_highways","kind":"toll_plaza","name":null,"ref":null,"status":"operational","opened_on":null,"expected_completion":null,"agency":null,"source":"osm","confidence":0.9},"geometry":{"type":"Point","coordinates":[72.473,22.9738]}},{"type":"Feature","properties":{"id":"toll_plaza:osm:node/13515977546","field":"national_highways","kind":"toll_plaza","name":null,"ref":null,"status":"operational","opened_on":null,"expected_completion":null,"agency":null,"source":"osm","confidence":0.9},"geometry":{"type":"Point","coordinates":[72.473,22.9739]}},{"type":"Feature","properties":{"id":"toll_plaza:osm:node/13515977547","field":"national_highways","kind":"toll_plaza","name":null,"ref":null,"status":"operational","opened_on":null,"expected_completion":null,"agency":null,"source":"osm","confidence":0.9},"geometry":{"type":"Point","coordinates":[72.4731,22.9739]}},{"type":"Feature","properties":{"id":"toll_plaza:osm:node/13515977548","field":"national_highways","kind":"toll_plaza","name":null,"ref":null,"status":"operational","opened_on":null,"expected_completion":null,"agency":null,"source":"osm","confidence":0.9},"geometry":{"type":"Point","coordinates":[72.4731,22.9739]}},{"type":"Feature","properties":{"id":"toll_plaza:osm:node/13515977549","field":"national_highways","kind":"toll_plaza","name":null,"ref":null,"status":"operational","opened_on":null,"expected_completion":null,"agency":null,"source":"osm","confidence":0.9},"geometry":{"type":"Point","coordinates":[72.4732,22.9739]}},{"type":"Feature","properties":{"id":"toll_plaza:osm:node/13515977551","field":"national_highways","kind":"toll_plaza","name":null,"ref":null,"status":"operational","opened_on":null,"expected_completion":null,"agency":null,"source":"osm","confidence":0.9},"geometry":{"type":"Point","coordinates":[72.5177,23.1282]}},{"type":"Feature","properties":{"id":"toll_plaza:osm:node/13515977552","field":"national_highways","kind":"toll_plaza","name":null,"ref":null,"status":"operational","opened_on":null,"expected_completion":null,"agency":null,"source":"osm","confidence":0.9},"geometry":{"type":"Point","coordinates":[72.5178,23.1281]}},{"type":"Feature","properties":{"id":"toll_plaza:osm:node/13720805618","field":"national_highways","kind":"toll_plaza","name":null,"ref":null,"status":"operational","opened_on":null,"expected_completion":null,"agency":null,"source":"osm","confidence":0.9},"geometry":{"type":"Point","coordinates":[77.8594,30.1318]}},{"type":"Feature","properties":{"id":"toll_plaza:osm:node/13731564840","field":"national_highways","kind":"toll_plaza","name":null,"ref":null,"status":"operational","opened_on":null,"expected_completion":null,"agency":null,"source":"osm","confidence":0.9},"geometry":{"type":"Point","coordinates":[80.4467,26.4683]}},{"type":"Feature","properties":{"id":"toll_plaza:osm:node/13731564990","field":"national_highways","kind":"toll_plaza","name":null,"ref":null,"status":"operational","opened_on":null,"expected_completion":null,"agency":null,"source":"osm","confidence":0.9},"geometry":{"type":"Point","coordinates":[80.4451,26.4675]}},{"type":"Feature","properties":{"id":"toll_plaza:osm:node/14190802462","field":"national_highways","kind":"toll_plaza","name":null,"ref":null,"status":"operational","opened_on":null,"expected_completion":null,"agency":null,"source":"osm","confidence":0.9},"geometry":{"type":"Point","coordinates":[84.0997,21.3219]}},{"type":"Feature","properties":{"id":"toll_plaza:osm:node/14190802463","field":"national_highways","kind":"toll_plaza","name":null,"ref":null,"status":"operational","opened_on":null,"expected_completion":null,"agency":null,"source":"osm","confidence":0.9},"geometry":{"type":"Point","coordinates":[84.0996,21.3219]}},{"type":"Feature","properties":{"id":"toll_plaza:osm:node/14202536304","field":"national_highways","kind":"toll_plaza","name":null,"ref":null,"status":"operational","opened_on":null,"expected_completion":null,"agency":null,"source":"osm","confidence":0.9},"geometry":{"type":"Point","coordinates":[85.2944,20.9374]}},{"type":"Feature","properties":{"id":"toll_plaza:osm:node/9530812385","field":"national_highways","kind":"toll_plaza","name":"Kharghar Toll Booth","ref":null,"status":"operational","opened_on":null,"expected_completion":null,"agency":null,"source":"osm","confidence":0.9},"geometry":{"type":"Point","coordinates":[73.0785,19.0376]}},{"type":"Feature","properties":{"id":"toll_plaza:osm:node/9587091960","field":"national_highways","kind":"toll_plaza","name":null,"ref":null,"status":"operational","opened_on":null,"expected_completion":null,"agency":null,"source":"osm","confidence":0.9},"geometry":{"type":"Point","coordinates":[76.4586,10.5911]}},{"type":"Feature","properties":{"id":"toll_plaza:osm:node/9608141440","field":"national_highways","kind":"toll_plaza","name":null,"ref":null,"status":"operational","opened_on":null,"expected_completion":null,"agency":null,"source":"osm","confidence":0.9},"geometry":{"type":"Point","coordinates":[76.7981,10.8132]}},{"type":"Feature","properties":{"id":"toll_plaza:osm:node/9608141447","field":"national_highways","kind":"toll_plaza","name":null,"ref":null,"status":"operational","opened_on":null,"expected_completion":null,"agency":null,"source":"osm","confidence":0.9},"geometry":{"type":"Point","coordinates":[76.7978,10.8132]}},{"type":"Feature","properties":{"id":"toll_plaza:osm:node/9816764604","field":"national_highways","kind":"toll_plaza","name":null,"ref":null,"status":"operational","opened_on":null,"expected_completion":null,"agency":null,"source":"osm","confidence":0.9},"geometry":{"type":"Point","coordinates":[79.4758,28.9308]}},{"type":"Feature","properties":{"id":"toll_plaza:osm:node/9816783432","field":"national_highways","kind":"toll_plaza","name":null,"ref":null,"status":"operational","opened_on":null,"expected_completion":null,"agency":null,"source":"osm","confidence":0.9},"geometry":{"type":"Point","coordinates":[79.4758,28.9308]}},{"type":"Feature","properties":{"id":"toll_plaza:osm:node/9935128650","field":"national_highways","kind":"toll_plaza","name":null,"ref":null,"status":"operational","opened_on":null,"expected_completion":null,"agency":null,"source":"osm","confidence":0.9},"geometry":{"type":"Point","coordinates":[76.9685,30.8361]}},{"type":"Feature","properties":{"id":"toll_plaza:osm:node/10002751465","field":"national_highways","kind":"toll_plaza","name":"Shivapur Toll Plaza","ref":null,"status":"operational","opened_on":null,"expected_completion":null,"agency":null,"source":"osm","confidence":0.9},"geometry":{"type":"Point","coordinates":[73.8521,18.3274]}},{"type":"Feature","properties":{"id":"toll_plaza:osm:node/11387259915","field":"national_highways","kind":"toll_plaza","name":null,"ref":null,"status":"operational","opened_on":null,"expected_completion":null,"agency":null,"source":"osm","confidence":0.9},"geometry":{"type":"Point","coordinates":[75.1323,20.1928]}},{"type":"Feature","properties":{"id":"toll_plaza:osm:node/11387259916","field":"national_highways","kind":"toll_plaza","name":null,"ref":null,"status":"operational","opened_on":null,"expected_completion":null,"agency":null,"source":"osm","confidence":0.9},"geometry":{"type":"Point","coordinates":[75.1327,20.1928]}},{"type":"Feature","properties":{"id":"toll_plaza:osm:node/11499334855","field":"national_highways","kind":"toll_plaza","name":null,"ref":null,"status":"operational","opened_on":null,"expected_completion":null,"agency":null,"source":"osm","confidence":0.9},"geometry":{"type":"Point","coordinates":[77.529,12.8576]}},{"type":"Feature","properties":{"id":"toll_plaza:osm:node/11514130520","field":"national_highways","kind":"toll_plaza","name":null,"ref":null,"status":"operational","opened_on":null,"expected_completion":null,"agency":null,"source":"osm","confidence":0.9},"geometry":{"type":"Point","coordinates":[85.9853,24.0077]}},{"type":"Feature","properties":{"id":"toll_plaza:osm:node/11514130521","field":"national_highways","kind":"toll_plaza","name":null,"ref":null,"status":"operational","opened_on":null,"expected_completion":null,"agency":null,"source":"osm","confidence":0.9},"geometry":{"type":"Point","coordinates":[85.9852,24.0076]}},{"type":"Feature","properties":{"id":"toll_plaza:osm:node/11648556383","field":"national_highways","kind":"toll_plaza","name":null,"ref":null,"status":"operational","opened_on":null,"expected_completion":null,"agency":null,"source":"osm","confidence":0.9},"geometry":{"type":"Point","coordinates":[81.008,16.6644]}},{"type":"Feature","properties":{"id":"toll_plaza:osm:node/11888273262","field":"national_highways","kind":"toll_plaza","name":"Somanahalli Toll Plaza","ref":null,"status":"operational","opened_on":null,"expected_completion":null,"agency":null,"source":"osm","confidence":0.9},"geometry":{"type":"Point","coordinates":[77.5007,12.7837]}},{"type":"Feature","properties":{"id":"toll_plaza:osm:node/11959575813","field":"national_highways","kind":"toll_plaza","name":null,"ref":null,"status":"operational","opened_on":null,"expected_completion":null,"agency":null,"source":"osm","confidence":0.9},"geometry":{"type":"Point","coordinates":[76.9951,27.7669]}},{"type":"Feature","properties":{"id":"toll_plaza:osm:node/11959575820","field":"national_highways","kind":"toll_plaza","name":null,"ref":null,"status":"operational","opened_on":null,"expected_completion":null,"agency":null,"source":"osm","confidence":0.9},"geometry":{"type":"Point","coordinates":[76.9942,27.7673]}},{"type":"Feature","properties":{"id":"toll_plaza:osm:node/11959575830","field":"national_highways","kind":"toll_plaza","name":null,"ref":null,"status":"operational","opened_on":null,"expected_completion":null,"agency":null,"source":"osm","confidence":0.9},"geometry":{"type":"Point","coordinates":[76.9927,27.7642]}},{"type":"Feature","properties":{"id":"toll_plaza:osm:node/11959575838","field":"national_highways","kind":"toll_plaza","name":null,"ref":null,"status":"operational","opened_on":null,"expected_completion":null,"agency":null,"source":"osm","confidence":0.9},"geometry":{"type":"Point","coordinates":[76.9938,27.7641]}},{"type":"Feature","properties":{"id":"toll_plaza:osm:node/11959608672","field":"national_highways","kind":"toll_plaza","name":null,"ref":null,"status":"operational","opened_on":null,"expected_completion":null,"agency":null,"source":"osm","confidence":0.9},"geometry":{"type":"Point","coordinates":[76.6405,31.2115]}},{"type":"Feature","properties":{"id":"toll_plaza:osm:node/12032681207","field":"national_highways","kind":"toll_plaza","name":null,"ref":null,"status":"operational","opened_on":null,"expected_completion":null,"agency":null,"source":"osm","confidence":0.9},"geometry":{"type":"Point","coordinates":[80.5993,24.1225]}},{"type":"Feature","properties":{"id":"toll_plaza:osm:node/12032681229","field":"national_highways","kind":"toll_plaza","name":null,"ref":null,"status":"operational","opened_on":null,"expected_completion":null,"agency":null,"source":"osm","confidence":0.9},"geometry":{"type":"Point","coordinates":[80.5993,24.1226]}},{"type":"Feature","properties":{"id":"toll_plaza:osm:node/12058546827","field":"national_highways","kind":"toll_plaza","name":null,"ref":null,"status":"operational","opened_on":null,"expected_completion":null,"agency":null,"source":"osm","confidence":0.9},"geometry":{"type":"Point","coordinates":[79.2836,17.7775]}},{"type":"Feature","properties":{"id":"toll_plaza:osm:node/12156186885","field":"national_highways","kind":"toll_plaza","name":null,"ref":null,"status":"operational","opened_on":null,"expected_completion":null,"agency":null,"source":"osm","confidence":0.9},"geometry":{"type":"Point","coordinates":[92.839,26.131]}},{"type":"Feature","properties":{"id":"toll_plaza:osm:node/12213876632","field":"national_highways","kind":"toll_plaza","name":null,"ref":null,"status":"operational","opened_on":null,"expected_completion":null,"agency":null,"source":"osm","confidence":0.9},"geometry":{"type":"Point","coordinates":[72.4234,22.5065]}},{"type":"Feature","properties":{"id":"toll_plaza:osm:node/12307855453","field":"national_highways","kind":"toll_plaza","name":null,"ref":null,"status":"operational","opened_on":null,"expected_completion":null,"agency":null,"source":"osm","confidence":0.9},"geometry":{"type":"Point","coordinates":[73.9116,28.6433]}},{"type":"Feature","properties":{"id":"toll_plaza:osm:node/12307855465","field":"national_highways","kind":"toll_plaza","name":null,"ref":null,"status":"operational","opened_on":null,"expected_completion":null,"agency":null,"source":"osm","confidence":0.9},"geometry":{"type":"Point","coordinates":[73.9124,28.6428]}},{"type":"Feature","properties":{"id":"toll_plaza:osm:node/12307855469","field":"national_highways","kind":"toll_plaza","name":null,"ref":null,"status":"operational","opened_on":null,"expected_completion":null,"agency":null,"source":"osm","confidence":0.9},"geometry":{"type":"Point","coordinates":[73.9149,28.6481]}},{"type":"Feature","properties":{"id":"toll_plaza:osm:node/12307855485","field":"national_highways","kind":"toll_plaza","name":null,"ref":null,"status":"operational","opened_on":null,"expected_completion":null,"agency":null,"source":"osm","confidence":0.9},"geometry":{"type":"Point","coordinates":[73.9142,28.6487]}},{"type":"Feature","properties":{"id":"toll_plaza:osm:node/12378332878","field":"national_highways","kind":"toll_plaza","name":null,"ref":null,"status":"operational","opened_on":null,"expected_completion":null,"agency":null,"source":"osm","confidence":0.9},"geometry":{"type":"Point","coordinates":[79.5241,28.2347]}},{"type":"Feature","properties":{"id":"toll_plaza:osm:node/12378332879","field":"national_highways","kind":"toll_plaza","name":null,"ref":null,"status":"operational","opened_on":null,"expected_completion":null,"agency":null,"source":"osm","confidence":0.9},"geometry":{"type":"Point","coordinates":[79.5239,28.2346]}},{"type":"Feature","properties":{"id":"toll_plaza:osm:node/12584372669","field":"national_highways","kind":"toll_plaza","name":null,"ref":null,"status":"operational","opened_on":null,"expected_completion":null,"agency":null,"source":"osm","confidence":0.9},"geometry":{"type":"Point","coordinates":[87.9027,26.3189]}},{"type":"Feature","properties":{"id":"toll_plaza:osm:node/12584372688","field":"national_highways","kind":"toll_plaza","name":null,"ref":null,"status":"operational","opened_on":null,"expected_completion":null,"agency":null,"source":"osm","confidence":0.9},"geometry":{"type":"Point","coordinates":[87.9026,26.319]}},{"type":"Feature","properties":{"id":"toll_plaza:osm:node/12829604355","field":"national_highways","kind":"toll_plaza","name":null,"ref":null,"status":"operational","opened_on":null,"expected_completion":null,"agency":null,"source":"osm","confidence":0.9},"geometry":{"type":"Point","coordinates":[77.7966,14.5002]}},{"type":"Feature","properties":{"id":"toll_plaza:osm:node/12829604356","field":"national_highways","kind":"toll_plaza","name":null,"ref":null,"status":"operational","opened_on":null,"expected_completion":null,"agency":null,"source":"osm","confidence":0.9},"geometry":{"type":"Point","coordinates":[77.7966,14.5001]}},{"type":"Feature","properties":{"id":"toll_plaza:osm:node/12835204834","field":"national_highways","kind":"toll_plaza","name":null,"ref":null,"status":"operational","opened_on":null,"expected_completion":null,"agency":null,"source":"osm","confidence":0.9},"geometry":{"type":"Point","coordinates":[76.5085,29.0072]}},{"type":"Feature","properties":{"id":"toll_plaza:osm:node/12835204835","field":"national_highways","kind":"toll_plaza","name":null,"ref":null,"status":"operational","opened_on":null,"expected_completion":null,"agency":null,"source":"osm","confidence":0.9},"geometry":{"type":"Point","coordinates":[76.5082,29.0071]}},{"type":"Feature","properties":{"id":"toll_plaza:osm:node/12879201005","field":"national_highways","kind":"toll_plaza","name":null,"ref":null,"status":"operational","opened_on":null,"expected_completion":null,"agency":null,"source":"osm","confidence":0.9},"geometry":{"type":"Point","coordinates":[72.6888,25.3481]}},{"type":"Feature","properties":{"id":"toll_plaza:osm:node/12879201006","field":"national_highways","kind":"toll_plaza","name":null,"ref":null,"status":"operational","opened_on":null,"expected_completion":null,"agency":null,"source":"osm","confidence":0.9},"geometry":{"type":"Point","coordinates":[72.5696,25.4862]}},{"type":"Feature","properties":{"id":"toll_plaza:osm:node/13802052531","field":"national_highways","kind":"toll_plaza","name":null,"ref":null,"status":"operational","opened_on":null,"expected_completion":null,"agency":null,"source":"osm","confidence":0.9},"geometry":{"type":"Point","coordinates":[80.5435,16.505]}},{"type":"Feature","properties":{"id":"toll_plaza:osm:node/13982744305","field":"national_highways","kind":"toll_plaza","name":null,"ref":null,"status":"operational","opened_on":null,"expected_completion":null,"agency":null,"source":"osm","confidence":0.9},"geometry":{"type":"Point","coordinates":[76.4876,29.4035]}},{"type":"Feature","properties":{"id":"toll_plaza:osm:node/13982744355","field":"national_highways","kind":"toll_plaza","name":null,"ref":null,"status":"operational","opened_on":null,"expected_completion":null,"agency":null,"source":"osm","confidence":0.9},"geometry":{"type":"Point","coordinates":[76.4441,29.4571]}},{"type":"Feature","properties":{"id":"toll_plaza:osm:node/251691429","field":"national_highways","kind":"toll_plaza","name":null,"ref":null,"status":"operational","opened_on":null,"expected_completion":null,"agency":null,"source":"osm","confidence":0.9},"geometry":{"type":"Point","coordinates":[77.1168,28.4811]}},{"type":"Feature","properties":{"id":"toll_plaza:osm:node/359989986","field":"national_highways","kind":"toll_plaza","name":null,"ref":null,"status":"operational","opened_on":null,"expected_completion":null,"agency":null,"source":"osm","confidence":0.9},"geometry":{"type":"Point","coordinates":[79.9818,12.7242]}},{"type":"Feature","properties":{"id":"toll_plaza:osm:node/567378714","field":"national_highways","kind":"toll_plaza","name":null,"ref":null,"status":"operational","opened_on":null,"expected_completion":null,"agency":null,"source":"osm","confidence":0.9},"geometry":{"type":"Point","coordinates":[93.9198,26.6777]}},{"type":"Feature","properties":{"id":"toll_plaza:osm:node/673528919","field":"national_highways","kind":"toll_plaza","name":null,"ref":null,"status":"operational","opened_on":null,"expected_completion":null,"agency":null,"source":"osm","confidence":0.9},"geometry":{"type":"Point","coordinates":[75.9536,27.3056]}},{"type":"Feature","properties":{"id":"toll_plaza:osm:node/841805687","field":"national_highways","kind":"toll_plaza","name":null,"ref":null,"status":"operational","opened_on":null,"expected_completion":null,"agency":null,"source":"osm","confidence":0.9},"geometry":{"type":"Point","coordinates":[77.5312,12.9366]}},{"type":"Feature","properties":{"id":"toll_plaza:osm:node/841805690","field":"national_highways","kind":"toll_plaza","name":null,"ref":null,"status":"operational","opened_on":null,"expected_completion":null,"agency":null,"source":"osm","confidence":0.9},"geometry":{"type":"Point","coordinates":[77.529,12.8577]}},{"type":"Feature","properties":{"id":"toll_plaza:osm:node/895488565","field":"national_highways","kind":"toll_plaza","name":"Dhaneshwar","ref":null,"status":"operational","opened_on":null,"expected_completion":null,"agency":null,"source":"osm","confidence":0.9},"geometry":{"type":"Point","coordinates":[75.5984,25.0726]}},{"type":"Feature","properties":{"id":"toll_plaza:osm:node/1005826284","field":"national_highways","kind":"toll_plaza","name":"Rajadhok Toll Plaza","ref":null,"status":"operational","opened_on":null,"expected_completion":null,"agency":null,"source":"osm","confidence":0.9},"geometry":{"type":"Point","coordinates":[76.1041,26.8589]}},{"type":"Feature","properties":{"id":"toll_plaza:osm:node/1006775252","field":"national_highways","kind":"toll_plaza","name":"Ludhewai Toll Plaza","ref":null,"status":"operational","opened_on":null,"expected_completion":null,"agency":null,"source":"osm","confidence":0.9},"geometry":{"type":"Point","coordinates":[77.4168,27.1785]}},{"type":"Feature","properties":{"id":"toll_plaza:osm:node/1006801554","field":"national_highways","kind":"toll_plaza","name":"Amoli Toll Plaza","ref":null,"status":"operational","opened_on":null,"expected_completion":null,"agency":null,"source":"osm","confidence":0.9},"geometry":{"type":"Point","coordinates":[77.0909,27.1013]}},{"type":"Feature","properties":{"id":"toll_plaza:osm:node/1006928214","field":"national_highways","kind":"toll_plaza","name":null,"ref":null,"status":"operational","opened_on":null,"expected_completion":null,"agency":null,"source":"osm","confidence":0.9},"geometry":{"type":"Point","coordinates":[76.5575,26.9445]}},{"type":"Feature","properties":{"id":"toll_plaza:osm:node/1038401781","field":"national_highways","kind":"toll_plaza","name":"Octroi Gate","ref":null,"status":"operational","opened_on":null,"expected_completion":null,"agency":null,"source":"osm","confidence":0.9},"geometry":{"type":"Point","coordinates":[78.4859,17.4518]}},{"type":"Feature","properties":{"id":"toll_plaza:osm:node/1103443771","field":"national_highways","kind":"toll_plaza","name":null,"ref":null,"status":"operational","opened_on":null,"expected_completion":null,"agency":null,"source":"osm","confidence":0.9},"geometry":{"type":"Point","coordinates":[78.9935,11.3969]}},{"type":"Feature","properties":{"id":"toll_plaza:osm:node/1103444783","field":"national_highways","kind":"toll_plaza","name":null,"ref":null,"status":"operational","opened_on":null,"expected_completion":null,"agency":null,"source":"osm","confidence":0.9},"geometry":{"type":"Point","coordinates":[78.9936,11.3967]}},{"type":"Feature","properties":{"id":"toll_plaza:osm:node/1200540042","field":"national_highways","kind":"toll_plaza","name":"Vikravandi Toll Plaza","ref":null,"status":"operational","opened_on":null,"expected_completion":null,"agency":null,"source":"osm","confidence":0.9},"geometry":{"type":"Point","coordinates":[79.5381,12.0243]}},{"type":"Feature","properties":{"id":"toll_plaza:osm:node/1524494310","field":"national_highways","kind":"toll_plaza","name":null,"ref":null,"status":"operational","opened_on":null,"expected_completion":null,"agency":null,"source":"osm","confidence":0.9},"geometry":{"type":"Point","coordinates":[73.3171,25.7361]}},{"type":"Feature","properties":{"id":"toll_plaza:osm:node/1627846502","field":"national_highways","kind":"toll_plaza","name":null,"ref":null,"status":"operational","opened_on":null,"expected_completion":null,"agency":null,"source":"osm","confidence":0.9},"geometry":{"type":"Point","coordinates":[75.1399,15.3187]}},{"type":"Feature","properties":{"id":"toll_plaza:osm:node/1628339743","field":"national_highways","kind":"toll_plaza","name":null,"ref":null,"status":"operational","opened_on":null,"expected_completion":null,"agency":null,"source":"osm","confidence":0.9},"geometry":{"type":"Point","coordinates":[75.1212,15.3284]}},{"type":"Feature","properties":{"id":"toll_plaza:osm:node/1628339745","field":"national_highways","kind":"toll_plaza","name":null,"ref":null,"status":"operational","opened_on":null,"expected_completion":null,"agency":null,"source":"osm","confidence":0.9},"geometry":{"type":"Point","coordinates":[75.12,15.3281]}},{"type":"Feature","properties":{"id":"toll_plaza:osm:node/1628349009","field":"national_highways","kind":"toll_plaza","name":null,"ref":null,"status":"operational","opened_on":null,"expected_completion":null,"agency":null,"source":"osm","confidence":0.9},"geometry":{"type":"Point","coordinates":[75.0514,15.3593]}},{"type":"Feature","properties":{"id":"toll_plaza:osm:node/1628378386","field":"national_highways","kind":"toll_plaza","name":null,"ref":null,"status":"operational","opened_on":null,"expected_completion":null,"agency":null,"source":"osm","confidence":0.9},"geometry":{"type":"Point","coordinates":[74.9671,15.4602]}},{"type":"Feature","properties":{"id":"toll_plaza:osm:node/1628378455","field":"national_highways","kind":"toll_plaza","name":null,"ref":null,"status":"operational","opened_on":null,"expected_completion":null,"agency":null,"source":"osm","confidence":0.9},"geometry":{"type":"Point","coordinates":[74.9698,15.4888]}},{"type":"Feature","properties":{"id":"toll_plaza:osm:node/1628378476","field":"national_highways","kind":"toll_plaza","name":null,"ref":null,"status":"operational","opened_on":null,"expected_completion":null,"agency":null,"source":"osm","confidence":0.9},"geometry":{"type":"Point","coordinates":[74.9667,15.462]}},{"type":"Feature","properties":{"id":"toll_plaza:osm:node/1720796261","field":"national_highways","kind":"toll_plaza","name":null,"ref":null,"status":"operational","opened_on":null,"expected_completion":null,"agency":null,"source":"osm","confidence":0.9},"geometry":{"type":"Point","coordinates":[77.5907,12.8499]}},{"type":"Feature","properties":{"id":"toll_plaza:osm:node/1837390229","field":"national_highways","kind":"toll_plaza","name":null,"ref":null,"status":"operational","opened_on":null,"expected_completion":null,"agency":null,"source":"osm","confidence":0.9},"geometry":{"type":"Point","coordinates":[76.4307,27.9997]}},{"type":"Feature","properties":{"id":"toll_plaza:osm:node/1837390230","field":"national_highways","kind":"toll_plaza","name":null,"ref":null,"status":"operational","opened_on":null,"expected_completion":null,"agency":null,"source":"osm","confidence":0.9},"geometry":{"type":"Point","coordinates":[76.4305,27.9999]}},{"type":"Feature","properties":{"id":"toll_plaza:osm:node/1904541501","field":"national_highways","kind":"toll_plaza","name":"Makhel","ref":null,"status":"operational","opened_on":null,"expected_completion":null,"agency":null,"source":"osm","confidence":0.9},"geometry":{"type":"Point","coordinates":[70.9428,23.4903]}},{"type":"Feature","properties":{"id":"toll_plaza:osm:node/1905176823","field":"national_highways","kind":"toll_plaza","name":null,"ref":null,"status":"operational","opened_on":null,"expected_completion":null,"agency":null,"source":"osm","confidence":0.9},"geometry":{"type":"Point","coordinates":[73.2543,23.6161]}},{"type":"Feature","properties":{"id":"toll_plaza:osm:node/1905944784","field":"national_highways","kind":"toll_plaza","name":null,"ref":null,"status":"operational","opened_on":null,"expected_completion":null,"agency":null,"source":"osm","confidence":0.9},"geometry":{"type":"Point","coordinates":[72.8286,23.4101]}},{"type":"Feature","properties":{"id":"toll_plaza:osm:node/2063050922","field":"national_highways","kind":"toll_plaza","name":null,"ref":null,"status":"operational","opened_on":null,"expected_completion":null,"agency":null,"source":"osm","confidence":0.9},"geometry":{"type":"Point","coordinates":[77.9094,10.1944]}},{"type":"Feature","properties":{"id":"toll_plaza:osm:node/2217982269","field":"national_highways","kind":"toll_plaza","name":null,"ref":null,"status":"operational","opened_on":null,"expected_completion":null,"agency":null,"source":"osm","confidence":0.9},"geometry":{"type":"Point","coordinates":[73.9713,17.8103]}},{"type":"Feature","properties":{"id":"toll_plaza:osm:node/2217982270","field":"national_highways","kind":"toll_plaza","name":null,"ref":null,"status":"operational","opened_on":null,"expected_completion":null,"agency":null,"source":"osm","confidence":0.9},"geometry":{"type":"Point","coordinates":[73.9714,17.8104]}},{"type":"Feature","properties":{"id":"toll_plaza:osm:node/2217982719","field":"national_highways","kind":"toll_plaza","name":null,"ref":null,"status":"operational","opened_on":null,"expected_completion":null,"agency":null,"source":"osm","confidence":0.9},"geometry":{"type":"Point","coordinates":[74.0161,18.0436]}},{"type":"Feature","properties":{"id":"toll_plaza:osm:node/2242810260","field":"national_highways","kind":"toll_plaza","name":"Shakhapur","ref":null,"status":"operational","opened_on":null,"expected_completion":null,"agency":null,"source":"osm","confidence":0.9},"geometry":{"type":"Point","coordinates":[77.9448,16.5355]}},{"type":"Feature","properties":{"id":"toll_plaza:osm:node/2242810261","field":"national_highways","kind":"toll_plaza","name":"Shakhapur","ref":null,"status":"operational","opened_on":null,"expected_completion":null,"agency":null,"source":"osm","confidence":0.9},"geometry":{"type":"Point","coordinates":[77.9445,16.5357]}},{"type":"Feature","properties":{"id":"toll_plaza:osm:node/2285328910","field":"national_highways","kind":"toll_plaza","name":"Somatne Toll Naka","ref":null,"status":"operational","opened_on":null,"expected_completion":null,"agency":null,"source":"osm","confidence":0.9},"geometry":{"type":"Point","coordinates":[73.6921,18.7001]}},{"type":"Feature","properties":{"id":"toll_plaza:osm:node/2285328911","field":"national_highways","kind":"toll_plaza","name":"Somatne Toll Naka","ref":null,"status":"operational","opened_on":null,"expected_completion":null,"agency":null,"source":"osm","confidence":0.9},"geometry":{"type":"Point","coordinates":[73.6922,18.7004]}},{"type":"Feature","properties":{"id":"toll_plaza:osm:node/2286864919","field":"national_highways","kind":"toll_plaza","name":null,"ref":null,"status":"operational","opened_on":null,"expected_completion":null,"agency":null,"source":"osm","confidence":0.9},"geometry":{"type":"Point","coordinates":[74.6479,15.7631]}},{"type":"Feature","properties":{"id":"toll_plaza:osm:node/2287665796","field":"national_highways","kind":"toll_plaza","name":null,"ref":null,"status":"operational","opened_on":null,"expected_completion":null,"agency":null,"source":"osm","confidence":0.9},"geometry":{"type":"Point","coordinates":[75.2799,14.9101]}},{"type":"Feature","properties":{"id":"toll_plaza:osm:node/2337814505","field":"national_highways","kind":"toll_plaza","name":null,"ref":null,"status":"operational","opened_on":null,"expected_completion":null,"agency":null,"source":"osm","confidence":0.9},"geometry":{"type":"Point","coordinates":[70.4907,23.3086]}},{"type":"Feature","properties":{"id":"toll_plaza:osm:node/2337820984","field":"national_highways","kind":"toll_plaza","name":"Surajbari","ref":null,"status":"operational","opened_on":null,"expected_completion":null,"agency":null,"source":"osm","confidence":0.9},"geometry":{"type":"Point","coordinates":[70.6895,23.2336]}},{"type":"Feature","properties":{"id":"toll_plaza:osm:node/2337820985","field":"national_highways","kind":"toll_plaza","name":"Surajbari","ref":null,"status":"operational","opened_on":null,"expected_completion":null,"agency":null,"source":"osm","confidence":0.9},"geometry":{"type":"Point","coordinates":[70.6896,23.2338]}},{"type":"Feature","properties":{"id":"toll_plaza:osm:node/2375809367","field":"national_highways","kind":"toll_plaza","name":null,"ref":null,"status":"operational","opened_on":null,"expected_completion":null,"agency":null,"source":"osm","confidence":0.9},"geometry":{"type":"Point","coordinates":[79.639,16.8714]}},{"type":"Feature","properties":{"id":"toll_plaza:osm:node/2444161046","field":"national_highways","kind":"toll_plaza","name":null,"ref":null,"status":"operational","opened_on":null,"expected_completion":null,"agency":null,"source":"osm","confidence":0.9},"geometry":{"type":"Point","coordinates":[77.0731,11.0129]}},{"type":"Feature","properties":{"id":"toll_plaza:osm:node/2452088815","field":"national_highways","kind":"toll_plaza","name":"Chiddan","ref":null,"status":"operational","opened_on":null,"expected_completion":null,"agency":null,"source":"osm","confidence":0.9},"geometry":{"type":"Point","coordinates":[74.6924,31.6171]}},{"type":"Feature","properties":{"id":"toll_plaza:osm:node/2452088816","field":"national_highways","kind":"toll_plaza","name":"Chiddan","ref":null,"status":"operational","opened_on":null,"expected_completion":null,"agency":null,"source":"osm","confidence":0.9},"geometry":{"type":"Point","coordinates":[74.6924,31.6173]}},{"type":"Feature","properties":{"id":"toll_plaza:osm:node/2459096582","field":"national_highways","kind":"toll_plaza","name":null,"ref":null,"status":"operational","opened_on":null,"expected_completion":null,"agency":null,"source":"osm","confidence":0.9},"geometry":{"type":"Point","coordinates":[76.9458,10.8955]}},{"type":"Feature","properties":{"id":"toll_plaza:osm:node/2459101155","field":"national_highways","kind":"toll_plaza","name":null,"ref":null,"status":"operational","opened_on":null,"expected_completion":null,"agency":null,"source":"osm","confidence":0.9},"geometry":{"type":"Point","coordinates":[76.9822,10.9139]}},{"type":"Feature","properties":{"id":"toll_plaza:osm:node/2459101156","field":"national_highways","kind":"toll_plaza","name":null,"ref":null,"status":"operational","opened_on":null,"expected_completion":null,"agency":null,"source":"osm","confidence":0.9},"geometry":{"type":"Point","coordinates":[76.9822,10.9139]}},{"type":"Feature","properties":{"id":"toll_plaza:osm:node/2459141275","field":"national_highways","kind":"toll_plaza","name":null,"ref":null,"status":"operational","opened_on":null,"expected_completion":null,"agency":null,"source":"osm","confidence":0.9},"geometry":{"type":"Point","coordinates":[77.0889,11.0609]}},{"type":"Feature","properties":{"id":"toll_plaza:osm:node/2459177664","field":"national_highways","kind":"toll_plaza","name":"Vijayamangalam Toll Booth","ref":null,"status":"operational","opened_on":null,"expected_completion":null,"agency":null,"source":"osm","confidence":0.9},"geometry":{"type":"Point","coordinates":[77.5196,11.2458]}},{"type":"Feature","properties":{"id":"toll_plaza:osm:node/2472745015","field":"national_highways","kind":"toll_plaza","name":null,"ref":null,"status":"operational","opened_on":null,"expected_completion":null,"agency":null,"source":"osm","confidence":0.9},"geometry":{"type":"Point","coordinates":[78.6512,10.1586]}},{"type":"Feature","properties":{"id":"toll_plaza:osm:node/2480836077","field":"national_highways","kind":"toll_plaza","name":null,"ref":null,"status":"operational","opened_on":null,"expected_completion":null,"agency":null,"source":"osm","confidence":0.9},"geometry":{"type":"Point","coordinates":[78.2184,10.9317]}},{"type":"Feature","properties":{"id":"toll_plaza:osm:node/2595261637","field":"national_highways","kind":"toll_plaza","name":null,"ref":null,"status":"operational","opened_on":null,"expected_completion":null,"agency":null,"source":"osm","confidence":0.9},"geometry":{"type":"Point","coordinates":[73.3642,25.6825]}},{"type":"Feature","properties":{"id":"toll_plaza:osm:node/2665218886","field":"national_highways","kind":"toll_plaza","name":null,"ref":null,"status":"operational","opened_on":null,"expected_completion":null,"agency":null,"source":"osm","confidence":0.9},"geometry":{"type":"Point","coordinates":[76.7704,12.9626]}}]}