{"type":"FeatureCollection","features":[{"type":"Feature","properties":{"id":"transit_route:gtfs_mumbai_best:KDMT_5443","field":"public_transport","kind":"transit_route","name":"Kalyan station To Kalyan station Via Birla College (DOWN)","ref":"02","status":"operational","opened_on":null,"expected_completion":null,"agency":"BEST","source":"gtfs_mumbai_best","confidence":0.7,"mode":"bus","tier":"secondary","geometry_source":"stop_sequence"},"geometry":{"type":"LineString","coordinates":[[73.1303,19.2367],[73.1304,19.2436],[73.1366,19.2423],[73.1497,19.2427],[73.1466,19.2466],[73.1366,19.2532],[73.1261,19.2521],[73.1227,19.2503],[73.1205,19.2469],[73.1262,19.2462],[73.1297,19.2435],[73.1283,19.2393],[73.1303,19.2367]]}},{"type":"Feature","properties":{"id":"transit_route:gtfs_mumbai_best:KDMT_5679","field":"public_transport","kind":"transit_route","name":"Niwasi To Depot (UP)","ref":"04","status":"operational","opened_on":null,"expected_completion":null,"agency":"BEST","source":"gtfs_mumbai_best","confidence":0.7,"mode":"bus","tier":"secondary","geometry_source":"stop_sequence"},"geometry":{"type":"LineString","coordinates":[[73.1018,19.2046],[73.1068,19.2047],[73.1207,19.2201],[73.124,19.2273],[73.12,19.2313],[73.1204,19.2337],[73.1253,19.2373],[73.1303,19.2367],[73.1304,19.2436],[73.1366,19.2423],[73.1497,19.2427]]}},{"type":"Feature","properties":{"id":"transit_route:gtfs_mumbai_best:KDMT_5441","field":"public_transport","kind":"transit_route","name":"Kalyan station To Mohana Colony (UP)","ref":"07","status":"operational","opened_on":null,"expected_completion":null,"agency":"BEST","source":"gtfs_mumbai_best","confidence":0.7,"mode":"bus","tier":"secondary","geometry_source":"stop_sequence"},"geometry":{"type":"LineString","coordinates":[[73.1303,19.2367],[73.1304,19.2436],[73.1366,19.2423],[73.1555,19.2431],[73.1601,19.2518],[73.1727,19.2654],[73.1788,19.2629],[73.1813,19.2605],[73.1841,19.2604]]}},{"type":"Feature","properties":{"id":"transit_route:gtfs_mumbai_best:KDMT_5442","field":"public_transport","kind":"transit_route","name":"Mohana Colony To Kalyan station (DOWN)","ref":"07","status":"operational","opened_on":null,"expected_completion":null,"agency":"BEST","source":"gtfs_mumbai_best","confidence":0.7,"mode":"bus","tier":"secondary","geometry_source":"stop_sequence"},"geometry":{"type":"LineString","coordinates":[[73.1841,19.2604],[73.1813,19.2605],[73.1788,19.2629],[73.1727,19.2654],[73.1601,19.2518],[73.1555,19.2431],[73.1397,19.2421],[73.1304,19.2436],[73.1303,19.2367]]}},{"type":"Feature","properties":{"id":"transit_route:gtfs_mumbai_best:KDMT_5525","field":"public_transport","kind":"transit_route","name":"Kalyan Station To Panvel (UP)","ref":"20","status":"operational","opened_on":null,"expected_completion":null,"agency":"BEST","source":"gtfs_mumbai_best","confidence":0.7,"mode":"bus","tier":"secondary","geometry_source":"stop_sequence"},"geometry":{"type":"LineString","coordinates":[[73.1303,19.2367],[73.1256,19.2376],[73.1204,19.2337],[73.12,19.2313],[73.1236,19.2274],[73.1261,19.2267],[73.137,19.2004],[73.1387,19.1895],[73.1414,19.1815],[73.1144,19.1767],[73.117,19.1604],[73.1227,19.1385],[73.1258,19.112],[73.1253,19.1038],[73.1299,19.09],[73.1382,19.0772],[73.1375,19.0718],[73.1001,19.053],[73.1041,19.0431],[73.1077,19.0058],[73.1094,18.9986],[73.1142,18.9948],[73.1157,18.9906],[73.1207,18.9892]]}},{"type":"Feature","properties":{"id":"transit_route:gtfs_mumbai_best:KDMT_5527","field":"public_transport","kind":"transit_route","name":"Panvel To Kalyan Station (DOWN)","ref":"20","status":"operational","opened_on":null,"expected_completion":null,"agency":"BEST","source":"gtfs_mumbai_best","confidence":0.7,"mode":"bus","tier":"secondary","geometry_source":"stop_sequence"},"geometry":{"type":"LineString","coordinates":[[73.1207,18.9892],[73.1157,18.9906],[73.1142,18.9948],[73.1094,18.9986],[73.1077,19.0058],[73.1041,19.0431],[73.1001,19.053],[73.1375,19.0718],[73.1382,19.0772],[73.1299,19.09],[73.1253,19.1038],[73.1258,19.112],[73.1242,19.1278],[73.1144,19.1767],[73.1414,19.1815],[73.1387,19.1895],[73.137,19.2004],[73.1261,19.2267],[73.1236,19.2274],[73.12,19.2313],[73.1204,19.2337],[73.1253,19.2373],[73.1303,19.2367]]}},{"type":"Feature","properties":{"id":"transit_route:gtfs_mumbai_best:KDMT_5684","field":"public_transport","kind":"transit_route","name":"Kalyan to Mankoli (UP)","ref":"34","status":"operational","opened_on":null,"expected_completion":null,"agency":"BEST","source":"gtfs_mumbai_best","confidence":0.7,"mode":"bus","tier":"secondary","geometry_source":"stop_sequence"},"geometry":{"type":"LineString","coordinates":[[73.1303,19.2367],[73.1283,19.2393],[73.1294,19.2407],[73.129,19.2438],[73.1262,19.2462],[73.1133,19.2457],[73.1081,19.247],[73.0953,19.2564],[73.0836,19.2691],[73.0536,19.2501],[73.0412,19.2404]]}},{"type":"Feature","properties":{"id":"transit_route:gtfs_mumbai_best:KDMT_5685","field":"public_transport","kind":"transit_route","name":"Mankoli to kalyan (DOWN)","ref":"34","status":"operational","opened_on":null,"expected_completion":null,"agency":"BEST","source":"gtfs_mumbai_best","confidence":0.7,"mode":"bus","tier":"secondary","geometry_source":"stop_sequence"},"geometry":{"type":"LineString","coordinates":[[73.0412,19.2404],[73.0536,19.2501],[73.0836,19.2691],[73.0953,19.2564],[73.1081,19.247],[73.1133,19.2457],[73.1205,19.2469],[73.1281,19.2449],[73.1294,19.2407],[73.1283,19.2393],[73.1303,19.2367]]}},{"type":"Feature","properties":{"id":"transit_route:gtfs_mumbai_best:KDMT_5513","field":"public_transport","kind":"transit_route","name":"Kalyan Station-Malangad (UP)","ref":"45","status":"operational","opened_on":null,"expected_completion":null,"agency":"BEST","source":"gtfs_mumbai_best","confidence":0.7,"mode":"bus","tier":"secondary","geometry_source":"stop_sequence"},"geometry":{"type":"LineString","coordinates":[[73.1303,19.2367],[73.1258,19.2373],[73.1204,19.2337],[73.12,19.2313],[73.1236,19.2274],[73.1261,19.2267],[73.137,19.2004],[73.1387,19.1895],[73.1414,19.1815],[73.1503,19.1757],[73.1627,19.1504],[73.163,19.1227]]}},{"type":"Feature","properties":{"id":"transit_route:gtfs_mumbai_best:KDMT_5514","field":"public_transport","kind":"transit_route","name":"Malangad-Kalyan Station (DOWN)","ref":"45","status":"operational","opened_on":null,"expected_completion":null,"agency":"BEST","source":"gtfs_mumbai_best","confidence":0.7,"mode":"bus","tier":"secondary","geometry_source":"stop_sequence"},"geometry":{"type":"LineString","coordinates":[[73.163,19.1227],[73.1627,19.1504],[73.1503,19.1757],[73.1414,19.1815],[73.1387,19.1895],[73.137,19.2004],[73.1261,19.2267],[73.1236,19.2274],[73.12,19.2313],[73.1204,19.2337],[73.1253,19.2373],[73.1303,19.2367]]}},{"type":"Feature","properties":{"id":"transit_route:gtfs_mumbai_best:KDMT_5674","field":"public_transport","kind":"transit_route","name":"Kalyan To Nevali (UP)","ref":"45","status":"operational","opened_on":null,"expected_completion":null,"agency":"BEST","source":"gtfs_mumbai_best","confidence":0.7,"mode":"bus","tier":"secondary","geometry_source":"stop_sequence"},"geometry":{"type":"LineString","coordinates":[[73.1303,19.2367],[73.1252,19.237],[73.1204,19.2337],[73.12,19.2313],[73.1236,19.2274],[73.1261,19.2267],[73.137,19.2004],[73.1387,19.1895],[73.1487,19.1775]]}},{"type":"Feature","properties":{"id":"transit_route:gtfs_mumbai_best:KDMT_5675","field":"public_transport","kind":"transit_route","name":"Nevali To Kalyan (DOWN)","ref":"45","status":"operational","opened_on":null,"expected_completion":null,"agency":"BEST","source":"gtfs_mumbai_best","confidence":0.7,"mode":"bus","tier":"secondary","geometry_source":"stop_sequence"},"geometry":{"type":"LineString","coordinates":[[73.1487,19.1775],[73.1387,19.1895],[73.137,19.2004],[73.1261,19.2267],[73.12,19.2313],[73.1204,19.2337],[73.1253,19.2373],[73.1303,19.2367]]}},{"type":"Feature","properties":{"id":"transit_route:gtfs_mumbai_best:KDMT_5507","field":"public_transport","kind":"transit_route","name":"Dombivli To Casa Rio (UP)","ref":"51","status":"operational","opened_on":null,"expected_completion":null,"agency":"BEST","source":"gtfs_mumbai_best","confidence":0.7,"mode":"bus","tier":"secondary","geometry_source":"stop_sequence"},"geometry":{"type":"LineString","coordinates":[[73.0888,19.2178],[73.0953,19.2065],[73.0935,19.196],[73.096,19.1925],[73.0926,19.1923],[73.0919,19.1867],[73.0868,19.1768],[73.0756,19.165],[73.0763,19.1556],[73.0789,19.1557],[73.0751,19.153],[73.0766,19.1517]]}},{"type":"Feature","properties":{"id":"transit_route:gtfs_mumbai_best:KDMT_5508","field":"public_transport","kind":"transit_route","name":"Casa Rio To Dombivli (DOWN)","ref":"51","status":"operational","opened_on":null,"expected_completion":null,"agency":"BEST","source":"gtfs_mumbai_best","confidence":0.7,"mode":"bus","tier":"secondary","geometry_source":"stop_sequence"},"geometry":{"type":"LineString","coordinates":[[73.0766,19.1517],[73.0751,19.153],[73.0789,19.1557],[73.0763,19.1556],[73.0756,19.165],[73.0868,19.1768],[73.0919,19.1867],[73.0926,19.1923],[73.096,19.1925],[73.0935,19.196],[73.0953,19.2065],[73.0888,19.2178]]}},{"type":"Feature","properties":{"id":"transit_route:gtfs_mumbai_best:KDMT_5505","field":"public_transport","kind":"transit_route","name":"Niwasi vibhag To Dombivali (UP)","ref":"55","status":"operational","opened_on":null,"expected_completion":null,"agency":"BEST","source":"gtfs_mumbai_best","confidence":0.7,"mode":"bus","tier":"secondary","geometry_source":"stop_sequence"},"geometry":{"type":"LineString","coordinates":[[73.1018,19.2046],[73.1026,19.2069],[73.1073,19.2116],[73.0991,19.2161],[73.0941,19.2155],[73.0917,19.2176],[73.0888,19.2178]]}},{"type":"Feature","properties":{"id":"transit_route:gtfs_mumbai_best:KDMT_5506","field":"public_transport","kind":"transit_route","name":"Dombivali station To Niwasi vibhag (DOWN)","ref":"55","status":"operational","opened_on":null,"expected_completion":null,"agency":"BEST","source":"gtfs_mumbai_best","confidence":0.7,"mode":"bus","tier":"secondary","geometry_source":"stop_sequence"},"geometry":{"type":"LineString","coordinates":[[73.0888,19.2178],[73.0941,19.2155],[73.0991,19.2162],[73.1073,19.2116],[73.1036,19.208],[73.1048,19.2048],[73.1036,19.2035],[73.1018,19.2046]]}},{"type":"Feature","properties":{"id":"transit_route:gtfs_mumbai_best:KDMT_5449","field":"public_transport","kind":"transit_route","name":"Kalyan Station To depot (UP)","ref":"02A","status":"operational","opened_on":null,"expected_completion":null,"agency":"BEST","source":"gtfs_mumbai_best","confidence":0.7,"mode":"bus","tier":"secondary","geometry_source":"stop_sequence"},"geometry":{"type":"LineString","coordinates":[[73.1303,19.2367],[73.1304,19.2436],[73.1366,19.2423],[73.1497,19.2427]]}},{"type":"Feature","properties":{"id":"transit_route:gtfs_mumbai_best:KDMT_5919","field":"public_transport","kind":"transit_route","name":"Dombivali Station To Ganesh Ghat Depot Vai 90 feet Road (DOWN)","ref":"04A","status":"operational","opened_on":null,"expected_completion":null,"agency":"BEST","source":"gtfs_mumbai_best","confidence":0.7,"mode":"bus","tier":"secondary","geometry_source":"stop_sequence"},"geometry":{"type":"LineString","coordinates":[[73.0888,19.2178],[73.0941,19.2155],[73.0991,19.2162],[73.102,19.2147],[73.1035,19.2209],[73.1012,19.2267],[73.1147,19.231],[73.12,19.2313],[73.1204,19.2337],[73.1283,19.2393],[73.1303,19.2367],[73.1304,19.2436],[73.1491,19.242]]}},{"type":"Feature","properties":{"id":"transit_route:gtfs_mumbai_best:TMT_1_0","field":"public_transport","kind":"transit_route","name":"Vrindavan Society to Thane Station Satis (West) (DOWN)","ref":"1","status":"operational","opened_on":null,"expected_completion":null,"agency":"BEST","source":"gtfs_mumbai_best","confidence":0.7,"mode":"bus","tier":"secondary","geometry_source":"stop_sequence"},"geometry":{"type":"LineString","coordinates":[[72.9828,19.2084],[72.9822,19.206],[72.9801,19.2062],[72.9782,19.2047],[72.9795,19.2012],[72.9763,19.1905],[72.9772,19.1871]]}},{"type":"Feature","properties":{"id":"transit_route:gtfs_mumbai_best:TMT_2_1","field":"public_transport","kind":"transit_route","name":"Rabodi Chowk to Thane Station Satis (West) (UP)","ref":"2","status":"operational","opened_on":null,"expected_completion":null,"agency":"BEST","source":"gtfs_mumbai_best","confidence":0.7,"mode":"bus","tier":"secondary","geometry_source":"stop_sequence"},"geometry":{"type":"LineString","coordinates":[[72.9809,19.2032],[72.977,19.1944],[72.9772,19.1873]]}},{"type":"Feature","properties":{"id":"transit_route:gtfs_mumbai_best:TMT_1_1","field":"public_transport","kind":"transit_route","name":"Thane Station Satis (West) to Vrindavan Society (UP)","ref":"1","status":"operational","opened_on":null,"expected_completion":null,"agency":"BEST","source":"gtfs_mumbai_best","confidence":0.7,"mode":"bus","tier":"secondary","geometry_source":"stop_sequence"},"geometry":{"type":"LineString","coordinates":[[72.9772,19.1871],[72.9767,19.1938],[72.9785,19.197],[72.9787,19.2034],[72.9803,19.206],[72.9822,19.206],[72.9828,19.2084]]}},{"type":"Feature","properties":{"id":"transit_route:gtfs_mumbai_best:TMT_3_0","field":"public_transport","kind":"transit_route","name":"Thane Station Satis (West) to Lokmanya Nagar (DOWN)","ref":"3","status":"operational","opened_on":null,"expected_completion":null,"agency":"BEST","source":"gtfs_mumbai_best","confidence":0.7,"mode":"bus","tier":"secondary","geometry_source":"stop_sequence"},"geometry":{"type":"LineString","coordinates":[[72.9772,19.1873],[72.9688,19.1872],[72.9677,19.1905],[72.9614,19.1867],[72.9563,19.1855],[72.9538,19.1934],[72.9499,19.1948],[72.9549,19.1961],[72.9555,19.1977],[72.9539,19.2002],[72.9546,19.208],[72.9523,19.2094]]}},{"type":"Feature","properties":{"id":"transit_route:gtfs_mumbai_best:TMT_3_1","field":"public_transport","kind":"transit_route","name":"Lokmanya Nagar to Thane Station Satis (West) (UP)","ref":"3","status":"operational","opened_on":null,"expected_completion":null,"agency":"BEST","source":"gtfs_mumbai_best","confidence":0.7,"mode":"bus","tier":"secondary","geometry_source":"stop_sequence"},"geometry":{"type":"LineString","coordinates":[[72.9523,19.2094],[72.9548,19.208],[72.9537,19.2026],[72.9555,19.198],[72.954,19.1936],[72.9567,19.1858],[72.9679,19.191],[72.9686,19.1874],[72.9772,19.1873]]}},{"type":"Feature","properties":{"id":"transit_route:gtfs_mumbai_best:TMT_2_0","field":"public_transport","kind":"transit_route","name":"Thane Station Satis (West) to Rabodi Chowk (DOWN)","ref":"2","status":"operational","opened_on":null,"expected_completion":null,"agency":"BEST","source":"gtfs_mumbai_best","confidence":0.7,"mode":"bus","tier":"secondary","geometry_source":"stop_sequence"},"geometry":{"type":"LineString","coordinates":[[72.9772,19.1873],[72.9767,19.1937],[72.9809,19.2032]]}},{"type":"Feature","properties":{"id":"transit_route:gtfs_mumbai_best:TMT_6_1","field":"public_transport","kind":"transit_route","name":"Thane Station Satis (West) to Wagle Agar (UP)","ref":"6","status":"operational","opened_on":null,"expected_completion":null,"agency":"BEST","source":"gtfs_mumbai_best","confidence":0.7,"mode":"bus","tier":"secondary","geometry_source":"stop_sequence"},"geometry":{"type":"LineString","coordinates":[[72.9772,19.1873],[72.9688,19.1872],[72.9677,19.189],[72.9683,19.1926],[72.9667,19.1948],[72.9673,19.1971],[72.9542,19.2038],[72.9542,19.206],[72.9501,19.2048],[72.9491,19.1978],[72.9499,19.1948],[72.9459,19.2016]]}},{"type":"Feature","properties":{"id":"transit_route:gtfs_mumbai_best:TMT_6_0","field":"public_transport","kind":"transit_route","name":"Wagle Agar to Thane Station Satis (West) (DOWN)","ref":"6","status":"operational","opened_on":null,"expected_completion":null,"agency":"BEST","source":"gtfs_mumbai_best","confidence":0.7,"mode":"bus","tier":"secondary","geometry_source":"stop_sequence"},"geometry":{"type":"LineString","coordinates":[[72.9459,19.2016],[72.949,19.2009],[72.9499,19.2048],[72.9536,19.2045],[72.9668,19.1983],[72.9686,19.1874],[72.9772,19.1873]]}},{"type":"Feature","properties":{"id":"transit_route:gtfs_mumbai_best:TMT_7_1","field":"public_transport","kind":"transit_route","name":"Thane Station Satis (West) to Siddhanchal Club House (UP)","ref":"7","status":"operational","opened_on":null,"expected_completion":null,"agency":"BEST","source":"gtfs_mumbai_best","confidence":0.7,"mode":"bus","tier":"secondary","geometry_source":"stop_sequence"},"geometry":{"type":"LineString","coordinates":[[72.9772,19.1871],[72.9688,19.1872],[72.9677,19.1905],[72.9637,19.1886],[72.9623,19.1962],[72.9629,19.1989],[72.968,19.2041],[72.9579,19.2149],[72.96,19.2212],[72.9648,19.2198],[72.9663,19.2222],[72.9644,19.2232],[72.9651,19.2258]]}},{"type":"Feature","properties":{"id":"transit_route:gtfs_mumbai_best:TMT_7_0","field":"public_transport","kind":"transit_route","name":"Siddhanchal Club House to Thane Station Satis (West) (DOWN)","ref":"7","status":"operational","opened_on":null,"expected_completion":null,"agency":"BEST","source":"gtfs_mumbai_best","confidence":0.7,"mode":"bus","tier":"secondary","geometry_source":"stop_sequence"},"geometry":{"type":"LineString","coordinates":[[72.9653,19.2258],[72.9644,19.2231],[72.9665,19.2226],[72.9648,19.2195],[72.9602,19.2202],[72.9583,19.215],[72.9687,19.204],[72.9634,19.1988],[72.9632,19.1892],[72.968,19.1912],[72.9675,19.1887],[72.9686,19.1874],[72.9747,19.1888],[72.9772,19.1871]]}},{"type":"Feature","properties":{"id":"transit_route:gtfs_mumbai_best:TMT_8_0","field":"public_transport","kind":"transit_route","name":"Thane Station Satis (West) to Shastri Nagar (DOWN)","ref":"8","status":"operational","opened_on":null,"expected_completion":null,"agency":"BEST","source":"gtfs_mumbai_best","confidence":0.7,"mode":"bus","tier":"secondary","geometry_source":"stop_sequence"},"geometry":{"type":"LineString","coordinates":[[72.9772,19.1871],[72.9688,19.1872],[72.9633,19.1889],[72.9629,19.199],[72.9667,19.2029],[72.9671,19.2053],[72.9583,19.2146]]}},{"type":"Feature","properties":{"id":"transit_route:gtfs_mumbai_best:TMT_8_1","field":"public_transport","kind":"transit_route","name":"Shastri Nagar to Thane Station Satis (West) (UP)","ref":"8","status":"operational","opened_on":null,"expected_completion":null,"agency":"BEST","source":"gtfs_mumbai_best","confidence":0.7,"mode":"bus","tier":"secondary","geometry_source":"stop_sequence"},"geometry":{"type":"LineString","coordinates":[[72.9586,19.2148],[72.9672,19.2057],[72.9672,19.2026],[72.9635,19.1991],[72.9626,19.1957],[72.9639,19.1888],[72.9686,19.1874],[72.9747,19.1888],[72.9772,19.1873]]}},{"type":"Feature","properties":{"id":"transit_route:gtfs_mumbai_best:TMT_9_1","field":"public_transport","kind":"transit_route","name":"Shivai Nagar to Thane Station Satis (West) (UP)","ref":"9","status":"operational","opened_on":null,"expected_completion":null,"agency":"BEST","source":"gtfs_mumbai_best","confidence":0.7,"mode":"bus","tier":"secondary","geometry_source":"stop_sequence"},"geometry":{"type":"LineString","coordinates":[[72.9564,19.2159],[72.9672,19.2057],[72.9775,19.1999],[72.9764,19.1906],[72.9772,19.1873]]}},{"type":"Feature","properties":{"id":"transit_route:gtfs_mumbai_best:TMT_9_0","field":"public_transport","kind":"transit_route","name":"Thane Station Satis (West) to Shivai Nagar (DOWN)","ref":"9","status":"operational","opened_on":null,"expected_completion":null,"agency":"BEST","source":"gtfs_mumbai_best","confidence":0.7,"mode":"bus","tier":"secondary","geometry_source":"stop_sequence"},"geometry":{"type":"LineString","coordinates":[[72.9772,19.1873],[72.9773,19.1999],[72.9671,19.2053],[72.9563,19.2157]]}},{"type":"Feature","properties":{"id":"transit_route:gtfs_mumbai_best:TMT_10_1","field":"public_transport","kind":"transit_route","name":"Thane Station Satis (West) to Gavand Baug (Upavan) (UP)","ref":"10","status":"operational","opened_on":null,"expected_completion":null,"agency":"BEST","source":"gtfs_mumbai_best","confidence":0.7,"mode":"bus","tier":"secondary","geometry_source":"stop_sequence"},"geometry":{"type":"LineString","coordinates":[[72.9772,19.1873],[72.9688,19.1872],[72.9677,19.189],[72.9732,19.2008],[72.9721,19.2029],[72.9671,19.2053],[72.9583,19.2146],[72.9527,19.2186],[72.9575,19.2233],[72.96,19.2212],[72.9591,19.2212]]}},{"type":"Feature","properties":{"id":"transit_route:gtfs_mumbai_best:TMT_10_0","field":"public_transport","kind":"transit_route","name":"Gavand Baug (Upavan) to Thane Station Satis (West) (DOWN)","ref":"10","status":"operational","opened_on":null,"expected_completion":null,"agency":"BEST","source":"gtfs_mumbai_best","confidence":0.7,"mode":"bus","tier":"secondary","geometry_source":"stop_sequence"},"geometry":{"type":"LineString","coordinates":[[72.9591,19.2212],[72.9546,19.2214],[72.9529,19.2187],[72.9584,19.215],[72.9617,19.2106],[72.9732,19.2005],[72.9702,19.1929],[72.9679,19.191],[72.9686,19.1874],[72.9747,19.1888],[72.9772,19.1873]]}},{"type":"Feature","properties":{"id":"transit_route:gtfs_mumbai_best:TMT_11_1","field":"public_transport","kind":"transit_route","name":"Thane Station Satis (West) to Gavandbaug (UP)","ref":"11","status":"operational","opened_on":null,"expected_completion":null,"agency":"BEST","source":"gtfs_mumbai_best","confidence":0.7,"mode":"bus","tier":"secondary","geometry_source":"stop_sequence"},"geometry":{"type":"LineString","coordinates":[[72.9772,19.1873],[72.9761,19.1906],[72.9786,19.197],[72.976,19.2147],[72.9702,19.2181],[72.9591,19.2212]]}},{"type":"Feature","properties":{"id":"transit_route:gtfs_mumbai_best:TMT_12_0","field":"public_transport","kind":"transit_route","name":"Thane Station Satis (West) to Pawar Nagar (DOWN)","ref":"12","status":"operational","opened_on":null,"expected_completion":null,"agency":"BEST","source":"gtfs_mumbai_best","confidence":0.7,"mode":"bus","tier":"secondary","geometry_source":"stop_sequence"},"geometry":{"type":"LineString","coordinates":[[72.9772,19.1871],[72.9767,19.1938],[72.978,19.2029],[72.9771,19.2111],[72.976,19.2147],[72.9702,19.2181],[72.9696,19.2278],[72.966,19.2289]]}},{"type":"Feature","properties":{"id":"transit_route:gtfs_mumbai_best:TMT_11_0","field":"public_transport","kind":"transit_route","name":"Gavandbaug to Thane Station Satis (West) (DOWN)","ref":"11","status":"operational","opened_on":null,"expected_completion":null,"agency":"BEST","source":"gtfs_mumbai_best","confidence":0.7,"mode":"bus","tier":"secondary","geometry_source":"stop_sequence"},"geometry":{"type":"LineString","coordinates":[[72.9591,19.2212],[72.9703,19.2184],[72.9764,19.2149],[72.978,19.2037],[72.9764,19.1905],[72.9772,19.1873]]}},{"type":"Feature","properties":{"id":"transit_route:gtfs_mumbai_best:TMT_12_1","field":"public_transport","kind":"transit_route","name":"Pawar Nagar to Thane Station Satis (West) (UP)","ref":"12","status":"operational","opened_on":null,"expected_completion":null,"agency":"BEST","source":"gtfs_mumbai_best","confidence":0.7,"mode":"bus","tier":"secondary","geometry_source":"stop_sequence"},"geometry":{"type":"LineString","coordinates":[[72.9665,19.2291],[72.9699,19.2279],[72.9703,19.2184],[72.9764,19.2149],[72.9782,19.2032],[72.9777,19.1992],[72.9788,19.1991],[72.9764,19.1905],[72.9772,19.1871]]}},{"type":"Feature","properties":{"id":"transit_route:gtfs_mumbai_best:TMT_14_0","field":"public_transport","kind":"transit_route","name":"Thane Station Satis (West) to Bhim Nagar (DOWN)","ref":"14","status":"operational","opened_on":null,"expected_completion":null,"agency":"BEST","source":"gtfs_mumbai_best","confidence":0.7,"mode":"bus","tier":"secondary","geometry_source":"stop_sequence"},"geometry":{"type":"LineString","coordinates":[[72.9772,19.1873],[72.967,19.1874],[72.9646,19.1944],[72.9632,19.1892],[72.9687,19.1918],[72.9626,19.1958],[72.9645,19.2008],[72.9672,19.2026],[72.9672,19.2057],[72.9617,19.2106],[72.9637,19.2149]]}},{"type":"Feature","properties":{"id":"transit_route:gtfs_mumbai_best:TMT_14_1","field":"public_transport","kind":"transit_route","name":"Bhim Nagar to Thane Station Satis (West) (UP)","ref":"14","status":"operational","opened_on":null,"expected_completion":null,"agency":"BEST","source":"gtfs_mumbai_best","confidence":0.7,"mode":"bus","tier":"secondary","geometry_source":"stop_sequence"},"geometry":{"type":"LineString","coordinates":[[72.9635,19.2148],[72.9617,19.21],[72.9671,19.2053],[72.9623,19.1961],[72.9638,19.1889],[72.967,19.1874],[72.9747,19.1888],[72.9772,19.1873]]}},{"type":"Feature","properties":{"id":"transit_route:gtfs_mumbai_best:TMT_16_1","field":"public_transport","kind":"transit_route","name":"Yeoor Patonapada to Thane Station Satis (West) (UP)","ref":"16","status":"operational","opened_on":null,"expected_completion":null,"agency":"BEST","source":"gtfs_mumbai_best","confidence":0.7,"mode":"bus","tier":"secondary","geometry_source":"stop_sequence"},"geometry":{"type":"LineString","coordinates":[[72.9433,19.2402],[72.9529,19.2187],[72.9584,19.215],[72.9674,19.1915],[72.9605,19.2121],[72.9677,19.189],[72.9652,19.2074],[72.9715,19.1876],[72.9697,19.2043],[72.98,19.1979],[72.9773,19.1969],[72.9764,19.1905],[72.9772,19.1873]]}},{"type":"Feature","properties":{"id":"transit_route:gtfs_mumbai_best:TMT_16_0","field":"public_transport","kind":"transit_route","name":"Thane Station Satis (West) to Yeoor Patonapada (DOWN)","ref":"16","status":"operational","opened_on":null,"expected_completion":null,"agency":"BEST","source":"gtfs_mumbai_best","confidence":0.7,"mode":"bus","tier":"secondary","geometry_source":"stop_sequence"},"geometry":{"type":"LineString","coordinates":[[72.9772,19.1873],[72.9772,19.197],[72.9756,19.2007],[72.9698,19.2041],[72.9671,19.1944],[72.9642,19.2079],[72.9601,19.2121],[72.9687,19.1918],[72.9578,19.2148],[72.9527,19.2186],[72.9496,19.2245],[72.9432,19.2402]]}},{"type":"Feature","properties":{"id":"transit_route:gtfs_mumbai_best:TMT_20_1","field":"public_transport","kind":"transit_route","name":"Kajuwadi to Thane Station Satis (West) (UP)","ref":"20","status":"operational","opened_on":null,"expected_completion":null,"agency":"BEST","source":"gtfs_mumbai_best","confidence":0.7,"mode":"bus","tier":"secondary","geometry_source":"stop_sequence"},"geometry":{"type":"LineString","coordinates":[[72.9606,19.1975],[72.9623,19.1961],[72.9629,19.199],[72.9668,19.1945],[72.9686,19.1874],[72.9747,19.1888],[72.9772,19.1873]]}},{"type":"Feature","properties":{"id":"transit_route:gtfs_mumbai_best:TMT_20_0","field":"public_transport","kind":"transit_route","name":"Thane Station Satis (West) to Kajuwadi (DOWN)","ref":"20","status":"operational","opened_on":null,"expected_completion":null,"agency":"BEST","source":"gtfs_mumbai_best","confidence":0.7,"mode":"bus","tier":"secondary","geometry_source":"stop_sequence"},"geometry":{"type":"LineString","coordinates":[[72.9772,19.1873],[72.9688,19.1872],[72.9675,19.1887],[72.9667,19.1948],[72.9649,19.1956],[72.9634,19.1989],[72.9626,19.1958],[72.9604,19.1975]]}},{"type":"Feature","properties":{"id":"transit_route:gtfs_mumbai_best:TMT_22_0","field":"public_transport","kind":"transit_route","name":"Thane Station Satis (West) to Neptune Element (DOWN)","ref":"22","status":"operational","opened_on":null,"expected_completion":null,"agency":"BEST","source":"gtfs_mumbai_best","confidence":0.7,"mode":"bus","tier":"secondary","geometry_source":"stop_sequence"},"geometry":{"type":"LineString","coordinates":[[72.9772,19.1873],[72.9646,19.188],[72.9562,19.1854],[72.9552,19.1944],[72.9552,19.1911],[72.954,19.1936],[72.9496,19.1945],[72.9495,19.1923]]}},{"type":"Feature","properties":{"id":"transit_route:gtfs_mumbai_best:TMT_22_1","field":"public_transport","kind":"transit_route","name":"Neptune Element to Thane Station Satis (West) (UP)","ref":"22","status":"operational","opened_on":null,"expected_completion":null,"agency":"BEST","source":"gtfs_mumbai_best","confidence":0.7,"mode":"bus","tier":"secondary","geometry_source":"stop_sequence"},"geometry":{"type":"LineString","coordinates":[[72.9495,19.1925],[72.9497,19.1948],[72.9687,19.1918],[72.9554,19.1877],[72.9567,19.1858],[72.9627,19.1881],[72.9686,19.1874],[72.9747,19.1888],[72.9772,19.1873]]}},{"type":"Feature","properties":{"id":"transit_route:gtfs_mumbai_best:TMT_23_0","field":"public_transport","kind":"transit_route","name":"Vrindavan Society to Lokmanya Nagar (DOWN)","ref":"23","status":"operational","opened_on":null,"expected_completion":null,"agency":"BEST","source":"gtfs_mumbai_best","confidence":0.7,"mode":"bus","tier":"secondary","geometry_source":"stop_sequence"},"geometry":{"type":"LineString","coordinates":[[72.9828,19.2084],[72.982,19.206],[72.9802,19.206],[72.979,19.2033],[72.98,19.1979],[72.9773,19.1965],[72.977,19.1944],[72.9764,19.1905],[72.9772,19.1944],[72.9717,19.1876],[72.9688,19.1872],[72.9675,19.1887],[72.9687,19.1918],[72.963,19.1878],[72.9562,19.1855],[72.9538,19.1934],[72.9499,19.1945],[72.955,19.196],[72.9555,19.1977],[72.9539,19.2002],[72.9537,19.2026],[72.9559,19.203],[72.9541,19.206],[72.9547,19.208],[72.9523,19.2094]]}},{"type":"Feature","properties":{"id":"transit_route:gtfs_mumbai_best:TMT_23_1","field":"public_transport","kind":"transit_route","name":"Lokmanya Nagar to Vrindavan Society (UP)","ref":"23","status":"operational","opened_on":null,"expected_completion":null,"agency":"BEST","source":"gtfs_mumbai_best","confidence":0.7,"mode":"bus","tier":"secondary","geometry_source":"stop_sequence"},"geometry":{"type":"LineString","coordinates":[[72.9523,19.2094],[72.9548,19.208],[72.9538,19.2019],[72.9557,19.1976],[72.954,19.1936],[72.9556,19.1911],[72.9674,19.1915],[72.9567,19.1859],[72.9582,19.186],[72.9677,19.189],[72.9627,19.1881],[72.9715,19.1876],[72.9679,19.191],[72.9686,19.1874],[72.9715,19.1876],[72.9747,19.1888],[72.9772,19.1873],[72.9767,19.1939],[72.9793,19.2013],[72.9787,19.2034],[72.9802,19.206],[72.982,19.206],[72.9829,19.2084]]}},{"type":"Feature","properties":{"id":"transit_route:gtfs_mumbai_best:TMT_27_0","field":"public_transport","kind":"transit_route","name":"Thane Station Satis (West) to Majiwada Goan (DOWN)","ref":"27","status":"operational","opened_on":null,"expected_completion":null,"agency":"BEST","source":"gtfs_mumbai_best","confidence":0.7,"mode":"bus","tier":"secondary","geometry_source":"stop_sequence"},"geometry":{"type":"LineString","coordinates":[[72.9772,19.1872],[72.9767,19.1938],[72.9793,19.2013],[72.9772,19.2073],[72.9777,19.2163],[72.9798,19.2147],[72.9782,19.2151]]}},{"type":"Feature","properties":{"id":"transit_route:gtfs_mumbai_best:TMT_27_1","field":"public_transport","kind":"transit_route","name":"Majiwada Goan to Thane Station Satis (West) (UP)","ref":"27","status":"operational","opened_on":null,"expected_completion":null,"agency":"BEST","source":"gtfs_mumbai_best","confidence":0.7,"mode":"bus","tier":"secondary","geometry_source":"stop_sequence"},"geometry":{"type":"LineString","coordinates":[[72.978,19.2148],[72.9798,19.2145],[72.9782,19.485],[72.9781,19.2157],[72.9771,19.2089],[72.9796,19.2012],[72.9773,19.1965],[72.9763,19.1905],[72.9772,19.1872]]}},{"type":"Feature","properties":{"id":"transit_route:gtfs_mumbai_best:TMT_34_0","field":"public_transport","kind":"transit_route","name":"Thane Station Satis (West) to Gavand Baug (Upavan) (DOWN)","ref":"34","status":"operational","opened_on":null,"expected_completion":null,"agency":"BEST","source":"gtfs_mumbai_best","confidence":0.7,"mode":"bus","tier":"secondary","geometry_source":"stop_sequence"},"geometry":{"type":"LineString","coordinates":[[72.9772,19.1873],[72.9761,19.1906],[72.9786,19.197],[72.9773,19.1999],[72.9671,19.2053],[72.9617,19.21],[72.9579,19.2149],[72.9602,19.2203],[72.9591,19.2212]]}},{"type":"Feature","properties":{"id":"transit_route:gtfs_mumbai_best:TMT_34_1","field":"public_transport","kind":"transit_route","name":"Gavand Baug (Upavan) to Thane Station Satis (West) (UP)","ref":"34","status":"operational","opened_on":null,"expected_completion":null,"agency":"BEST","source":"gtfs_mumbai_best","confidence":0.7,"mode":"bus","tier":"secondary","geometry_source":"stop_sequence"},"geometry":{"type":"LineString","coordinates":[[72.9591,19.2212],[72.9606,19.2212],[72.9583,19.2151],[72.9617,19.2106],[72.9672,19.2057],[72.978,19.1992],[72.9764,19.1906],[72.9772,19.1873]]}},{"type":"Feature","properties":{"id":"transit_route:gtfs_mumbai_best:TMT_37_1","field":"public_transport","kind":"transit_route","name":"Laxmi Park to Thane Station Satis (West) (UP)","ref":"37","status":"operational","opened_on":null,"expected_completion":null,"agency":"BEST","source":"gtfs_mumbai_best","confidence":0.7,"mode":"bus","tier":"secondary","geometry_source":"stop_sequence"},"geometry":{"type":"LineString","coordinates":[[72.9553,19.212],[72.9593,19.2136],[72.9672,19.2057],[72.9775,19.1999],[72.9772,19.197],[72.9788,19.1991],[72.977,19.1944],[72.9772,19.1873]]}},{"type":"Feature","properties":{"id":"transit_route:gtfs_mumbai_best:TMT_37_0","field":"public_transport","kind":"transit_route","name":"Thane Station Satis (West) to Laxmi Park (DOWN)","ref":"37","status":"operational","opened_on":null,"expected_completion":null,"agency":"BEST","source":"gtfs_mumbai_best","confidence":0.7,"mode":"bus","tier":"secondary","geometry_source":"stop_sequence"},"geometry":{"type":"LineString","coordinates":[[72.9772,19.1873],[72.9761,19.1978],[72.9772,19.197],[72.9773,19.1999],[72.9671,19.2053],[72.9596,19.2128],[72.9554,19.212]]}},{"type":"Feature","properties":{"id":"transit_route:gtfs_mumbai_best:TMT_38_0","field":"public_transport","kind":"transit_route","name":"Thane Station Satis (West) to Sahyadri Society (DOWN)","ref":"38","status":"operational","opened_on":null,"expected_completion":null,"agency":"BEST","source":"gtfs_mumbai_best","confidence":0.7,"mode":"bus","tier":"secondary","geometry_source":"stop_sequence"},"geometry":{"type":"LineString","coordinates":[[72.9772,19.1873],[72.9761,19.1904],[72.9773,19.1971],[72.9819,19.1991],[72.9832,19.1974],[72.9876,19.1964],[72.9938,19.1981]]}},{"type":"Feature","properties":{"id":"transit_route:gtfs_mumbai_best:TMT_39_1","field":"public_transport","kind":"transit_route","name":"Thane Station Satis (West) to Retibunder Circle (UP)","ref":"39","status":"operational","opened_on":null,"expected_completion":null,"agency":"BEST","source":"gtfs_mumbai_best","confidence":0.7,"mode":"bus","tier":"secondary","geometry_source":"stop_sequence"},"geometry":{"type":"LineString","coordinates":[[72.9772,19.1871],[72.976,19.1904],[72.9788,19.199],[72.9876,19.1964],[73.0014,19.2018],[72.9446,19.2366],[73.0046,19.2029],[73.0162,19.2105]]}},{"type":"Feature","properties":{"id":"transit_route:gtfs_mumbai_best:TMT_39_0","field":"public_transport","kind":"transit_route","name":"Retibunder Circle to Thane Station Satis (West) (DOWN)","ref":"39","status":"operational","opened_on":null,"expected_completion":null,"agency":"BEST","source":"gtfs_mumbai_best","confidence":0.7,"mode":"bus","tier":"secondary","geometry_source":"stop_sequence"},"geometry":{"type":"LineString","coordinates":[[73.0159,19.2104],[73.0047,19.2032],[72.9448,19.2364],[73.0017,19.2018],[72.9872,19.1944],[72.9811,19.1989],[72.9789,19.1989],[72.9687,19.1918],[72.9764,19.1904],[72.9777,19.2237]]}},{"type":"Feature","properties":{"id":"transit_route:gtfs_mumbai_best:TMT_38_1","field":"public_transport","kind":"transit_route","name":"Sahyadri Society to Thane Station Satis (West) (UP)","ref":"38","status":"operational","opened_on":null,"expected_completion":null,"agency":"BEST","source":"gtfs_mumbai_best","confidence":0.7,"mode":"bus","tier":"secondary","geometry_source":"stop_sequence"},"geometry":{"type":"LineString","coordinates":[[72.9936,19.1977],[72.9876,19.196],[72.9811,19.1989],[72.977,19.1944],[72.9772,19.1873]]}},{"type":"Feature","properties":{"id":"transit_route:gtfs_mumbai_best:TMT_40_0","field":"public_transport","kind":"transit_route","name":"Kharegaon to Thane Station Satis (West) (DOWN)","ref":"40","status":"operational","opened_on":null,"expected_completion":null,"agency":"BEST","source":"gtfs_mumbai_best","confidence":0.7,"mode":"bus","tier":"secondary","geometry_source":"stop_sequence"},"geometry":{"type":"LineString","coordinates":[[72.9996,19.2054],[73.0017,19.2018],[72.9935,19.1977],[72.9878,19.196],[72.9811,19.1989],[72.9785,19.197],[72.9764,19.1905],[72.9772,19.1873]]}},{"type":"Feature","properties":{"id":"transit_route:gtfs_mumbai_best:TMT_40_1","field":"public_transport","kind":"transit_route","name":"Thane Station Satis (West) to Kharegaon (UP)","ref":"40","status":"operational","opened_on":null,"expected_completion":null,"agency":"BEST","source":"gtfs_mumbai_best","confidence":0.7,"mode":"bus","tier":"secondary","geometry_source":"stop_sequence"},"geometry":{"type":"LineString","coordinates":[[72.9772,19.1873],[72.9762,19.1906],[72.9785,19.1972],[72.9812,19.1991],[72.9832,19.1974],[72.9876,19.1964],[72.9957,19.1988],[73.0014,19.2019],[72.9996,19.2054]]}},{"type":"Feature","properties":{"id":"transit_route:gtfs_mumbai_best:TMT_41_1","field":"public_transport","kind":"transit_route","name":"Aayappa Mandir to Thane Station Satis (West) (UP)","ref":"41","status":"operational","opened_on":null,"expected_completion":null,"agency":"BEST","source":"gtfs_mumbai_best","confidence":0.7,"mode":"bus","tier":"secondary","geometry_source":"stop_sequence"},"geometry":{"type":"LineString","coordinates":[[72.9431,19.191],[72.9469,19.1905],[72.9471,19.193],[72.9457,19.1916],[72.947,19.195],[72.9538,19.1934],[72.9556,19.1911],[72.9554,19.1877],[72.9567,19.1859],[72.9679,19.191],[72.9686,19.1874],[72.9747,19.1888],[72.9772,19.1873]]}},{"type":"Feature","properties":{"id":"transit_route:gtfs_mumbai_best:TMT_41_0","field":"public_transport","kind":"transit_route","name":"Thane Station Satis (West) to Aayappa Mandir (DOWN)","ref":"41","status":"operational","opened_on":null,"expected_completion":null,"agency":"BEST","source":"gtfs_mumbai_best","confidence":0.7,"mode":"bus","tier":"secondary","geometry_source":"stop_sequence"},"geometry":{"type":"LineString","coordinates":[[72.9772,19.1873],[72.9688,19.1872],[72.9677,19.1905],[72.9632,19.1892],[72.9614,19.1867],[72.9562,19.1854],[72.954,19.1936],[72.9499,19.1948],[72.9472,19.195],[72.9457,19.1916],[72.9442,19.1931],[72.9466,19.1906],[72.9431,19.1911]]}},{"type":"Feature","properties":{"id":"transit_route:gtfs_mumbai_best:TMT_43_1","field":"public_transport","kind":"transit_route","name":"Kharegaon to Kisan Nagar (UP)","ref":"43","status":"operational","opened_on":null,"expected_completion":null,"agency":"BEST","source":"gtfs_mumbai_best","confidence":0.7,"mode":"bus","tier":"secondary","geometry_source":"stop_sequence"},"geometry":{"type":"LineString","coordinates":[[72.9996,19.2054],[73.0017,19.2018],[72.9957,19.1988],[72.9878,19.196],[72.9811,19.1989],[72.9785,19.197],[72.9764,19.1905],[72.9772,19.1873],[72.9688,19.1872],[72.9677,19.1905],[72.9566,19.1855],[72.9539,19.1934],[72.9516,19.1914],[72.9495,19.192]]}},{"type":"Feature","properties":{"id":"transit_route:gtfs_mumbai_best:TMT_43_0","field":"public_transport","kind":"transit_route","name":"Kisan Nagar to Kharegaon (DOWN)","ref":"43","status":"operational","opened_on":null,"expected_completion":null,"agency":"BEST","source":"gtfs_mumbai_best","confidence":0.7,"mode":"bus","tier":"secondary","geometry_source":"stop_sequence"},"geometry":{"type":"LineString","coordinates":[[72.9492,19.1918],[72.9518,19.1917],[72.9538,19.1934],[72.9556,19.1911],[72.9554,19.1877],[72.9577,19.1856],[72.9679,19.191],[72.9686,19.1874],[72.9677,19.189],[72.9715,19.1876],[72.9747,19.1888],[72.9772,19.1873],[72.9762,19.1906],[72.9785,19.1972],[72.9812,19.1991],[72.9832,19.1974],[72.9909,19.1969],[73.0014,19.2019],[72.9996,19.2054]]}},{"type":"Feature","properties":{"id":"transit_route:gtfs_mumbai_best:TMT_45_1","field":"public_transport","kind":"transit_route","name":"Thane Station Satis (West) to Highland Heavan (Balkum) (UP)","ref":"45","status":"operational","opened_on":null,"expected_completion":null,"agency":"BEST","source":"gtfs_mumbai_best","confidence":0.7,"mode":"bus","tier":"secondary","geometry_source":"stop_sequence"},"geometry":{"type":"LineString","coordinates":[[72.9743,19.2258],[72.9761,19.1905],[72.9793,19.2013],[72.9771,19.2075],[72.9773,19.2145],[72.9845,19.2115],[72.9853,19.2148],[72.9906,19.2151],[72.9931,19.2188]]}},{"type":"Feature","properties":{"id":"transit_route:gtfs_mumbai_best:TMT_45_0","field":"public_transport","kind":"transit_route","name":"Highland Heavan (Balkum) to Thane Station Satis (West) (DOWN)","ref":"45","status":"operational","opened_on":null,"expected_completion":null,"agency":"BEST","source":"gtfs_mumbai_best","confidence":0.7,"mode":"bus","tier":"secondary","geometry_source":"stop_sequence"},"geometry":{"type":"LineString","coordinates":[[72.9931,19.2188],[72.9906,19.2151],[72.9853,19.2148],[72.9846,19.2126],[72.978,19.2143],[72.9774,19.2074],[72.9796,19.2012],[72.9773,19.1969],[72.9764,19.1905],[72.9772,19.1873]]}},{"type":"Feature","properties":{"id":"transit_route:gtfs_mumbai_best:TMT_46_1","field":"public_transport","kind":"transit_route","name":"Chendani Koliwada to Purna (UP)","ref":"46","status":"operational","opened_on":null,"expected_completion":null,"agency":"BEST","source":"gtfs_mumbai_best","confidence":0.7,"mode":"bus","tier":"secondary","geometry_source":"stop_sequence"},"geometry":{"type":"LineString","coordinates":[[72.9793,19.1885],[72.9827,19.1942],[72.9851,19.2048],[72.9922,19.2063],[72.9895,19.2215],[73.0148,19.2362],[73.0174,19.2444],[73.018,19.2513],[73.0213,19.2528],[73.0264,19.2583]]}},{"type":"Feature","properties":{"id":"transit_route:gtfs_mumbai_best:TMT_46_0","field":"public_transport","kind":"transit_route","name":"Purna to Chendani Koliwada (DOWN)","ref":"46","status":"operational","opened_on":null,"expected_completion":null,"agency":"BEST","source":"gtfs_mumbai_best","confidence":0.7,"mode":"bus","tier":"secondary","geometry_source":"stop_sequence"},"geometry":{"type":"LineString","coordinates":[[73.0266,19.2581],[73.0217,19.2527],[73.0181,19.2509],[73.0176,19.2441],[73.015,19.2362],[72.9899,19.2213],[72.9909,19.2167],[72.9925,19.2066],[72.9851,19.2048],[72.9841,19.1972],[72.9793,19.1885]]}},{"type":"Feature","properties":{"id":"transit_route:gtfs_mumbai_best:TMT_48_1","field":"public_transport","kind":"transit_route","name":"Mahalaxmi Mandir(Saket) to Chendani Koliwada (UP)","ref":"48","status":"operational","opened_on":null,"expected_completion":null,"agency":"BEST","source":"gtfs_mumbai_best","confidence":0.7,"mode":"bus","tier":"secondary","geometry_source":"stop_sequence"},"geometry":{"type":"LineString","coordinates":[[72.9922,19.2063],[72.9883,19.2097],[72.9873,19.2067],[72.9852,19.205],[72.9854,19.2023],[72.9938,19.2092],[72.984,19.1971],[72.9794,19.1887]]}},{"type":"Feature","properties":{"id":"transit_route:gtfs_mumbai_best:TMT_48_0","field":"public_transport","kind":"transit_route","name":"Chendani Koliwada to Mahalaxmi Mandir(Saket) (DOWN)","ref":"48","status":"operational","opened_on":null,"expected_completion":null,"agency":"BEST","source":"gtfs_mumbai_best","confidence":0.7,"mode":"bus","tier":"secondary","geometry_source":"stop_sequence"},"geometry":{"type":"LineString","coordinates":[[72.9793,19.1887],[72.9826,19.194],[72.9851,19.2048],[72.9854,19.2023],[72.9852,19.205],[72.9873,19.2067],[72.9882,19.2097],[72.9925,19.2066]]}},{"type":"Feature","properties":{"id":"transit_route:gtfs_mumbai_best:TMT_50_1","field":"public_transport","kind":"transit_route","name":"Manpada to Thane Station Satis (West) (UP)","ref":"50","status":"operational","opened_on":null,"expected_completion":null,"agency":"BEST","source":"gtfs_mumbai_best","confidence":0.7,"mode":"bus","tier":"secondary","geometry_source":"stop_sequence"},"geometry":{"type":"LineString","coordinates":[[72.9763,19.2351],[72.9769,19.2302],[72.9743,19.2258],[72.9777,19.2237],[72.9772,19.2085],[72.9796,19.2011],[72.977,19.1944],[72.9772,19.1873]]}},{"type":"Feature","properties":{"id":"transit_route:gtfs_mumbai_best:TMT_50_0","field":"public_transport","kind":"transit_route","name":"Thane Station Satis (West) to Manpada (DOWN)","ref":"50","status":"operational","opened_on":null,"expected_completion":null,"agency":"BEST","source":"gtfs_mumbai_best","confidence":0.7,"mode":"bus","tier":"secondary","geometry_source":"stop_sequence"},"geometry":{"type":"LineString","coordinates":[[72.9772,19.1873],[72.977,19.1944],[72.9796,19.2011],[72.9772,19.2085],[72.9777,19.2237],[72.9743,19.2258],[72.9769,19.2302],[72.9763,19.2351]]}},{"type":"Feature","properties":{"id":"transit_route:gtfs_mumbai_best:TMT_51_0","field":"public_transport","kind":"transit_route","name":"Waghbil Gaon to Thane Station Satis (West) (DOWN)","ref":"51","status":"operational","opened_on":null,"expected_completion":null,"agency":"BEST","source":"gtfs_mumbai_best","confidence":0.7,"mode":"bus","tier":"secondary","geometry_source":"stop_sequence"},"geometry":{"type":"LineString","coordinates":[[72.9828,19.2661],[72.9778,19.2637],[72.9727,19.2525],[72.976,19.2461],[72.9769,19.2302],[72.9743,19.2258],[72.9777,19.2237],[72.9774,19.2053],[72.98,19.1979],[72.977,19.1944],[72.9772,19.1873]]}},{"type":"Feature","properties":{"id":"transit_route:gtfs_mumbai_best:TMT_51_1","field":"public_transport","kind":"transit_route","name":"Thane Station Satis (West) to Waghbil Gaon (UP)","ref":"51","status":"operational","opened_on":null,"expected_completion":null,"agency":"BEST","source":"gtfs_mumbai_best","confidence":0.7,"mode":"bus","tier":"secondary","geometry_source":"stop_sequence"},"geometry":{"type":"LineString","coordinates":[[72.9772,19.1873],[72.9767,19.1939],[72.9793,19.2013],[72.977,19.2095],[72.9773,19.2236],[72.9743,19.2258],[72.9766,19.2299],[72.9754,19.2472],[72.9721,19.253],[72.9776,19.2637],[72.9827,19.2663]]}},{"type":"Feature","properties":{"id":"transit_route:gtfs_mumbai_best:TMT_53_1","field":"public_transport","kind":"transit_route","name":"Thane Station Satis (West) to Nagla bunder (UP)","ref":"53","status":"operational","opened_on":null,"expected_completion":null,"agency":"BEST","source":"gtfs_mumbai_best","confidence":0.7,"mode":"bus","tier":"secondary","geometry_source":"stop_sequence"},"geometry":{"type":"LineString","coordinates":[[72.9772,19.1871],[72.9747,19.1888],[72.9688,19.1872],[72.967,19.1874],[72.9647,19.188],[72.967,19.1875],[72.9623,19.1961],[72.9645,19.2009],[72.9775,19.2144],[72.9773,19.2236],[72.9743,19.2258],[72.9765,19.2299],[72.9754,19.2472],[72.9654,19.2694],[72.9603,19.2742],[72.9588,19.2758],[72.9519,19.2836],[72.9542,19.2822],[72.9477,19.2842]]}},{"type":"Feature","properties":{"id":"transit_route:gtfs_mumbai_best:TMT_53_0","field":"public_transport","kind":"transit_route","name":"Nagla bunder to Thane Station Satis (West) (DOWN)","ref":"53","status":"operational","opened_on":null,"expected_completion":null,"agency":"BEST","source":"gtfs_mumbai_best","confidence":0.7,"mode":"bus","tier":"secondary","geometry_source":"stop_sequence"},"geometry":{"type":"LineString","coordinates":[[72.9475,19.2845],[72.9545,19.2825],[72.9658,19.2693],[72.976,19.2461],[72.9781,19.2154],[72.9634,19.1989],[72.9626,19.1956],[72.9649,19.188],[72.9715,19.1876],[72.9733,19.185],[72.9772,19.1871]]}},{"type":"Feature","properties":{"id":"transit_route:gtfs_mumbai_best:TMT_54_0","field":"public_transport","kind":"transit_route","name":"Thane Station Satis (West) to Kasarvadavali (Tarangan Sankul) (DOWN)","ref":"54","status":"operational","opened_on":null,"expected_completion":null,"agency":"BEST","source":"gtfs_mumbai_best","confidence":0.7,"mode":"bus","tier":"secondary","geometry_source":"stop_sequence"},"geometry":{"type":"LineString","coordinates":[[72.9772,19.1873],[72.9761,19.1906],[72.9793,19.2013],[72.977,19.2095],[72.9773,19.2235],[72.9743,19.2258],[72.9766,19.2299],[72.9754,19.2472],[72.9705,19.2571],[72.9713,19.2608],[72.9682,19.2628],[72.9654,19.2694],[72.9667,19.2711],[72.9688,19.2693],[72.9689,19.2753]]}},{"type":"Feature","properties":{"id":"transit_route:gtfs_mumbai_best:TMT_54_1","field":"public_transport","kind":"transit_route","name":"Kasarvadavali (Tarangan Sankul) to Thane Station Satis (West) (UP)","ref":"54","status":"operational","opened_on":null,"expected_completion":null,"agency":"BEST","source":"gtfs_mumbai_best","confidence":0.7,"mode":"bus","tier":"secondary","geometry_source":"stop_sequence"},"geometry":{"type":"LineString","coordinates":[[72.9689,19.2753],[72.9685,19.2708],[72.9671,19.2711],[72.9657,19.2692],[72.9685,19.2629],[72.9716,19.2608],[72.9708,19.2572],[72.976,19.2461],[72.9769,19.2302],[72.9743,19.2258],[72.9777,19.2237],[72.9774,19.2053],[72.98,19.1979],[72.977,19.1944],[72.9772,19.1873]]}},{"type":"Feature","properties":{"id":"transit_route:gtfs_mumbai_best:TMT_56_0","field":"public_transport","kind":"transit_route","name":"Thane Station Satis (West) to Kokanipada/Tikujini wadi (DOWN)","ref":"56","status":"operational","opened_on":null,"expected_completion":null,"agency":"BEST","source":"gtfs_mumbai_best","confidence":0.7,"mode":"bus","tier":"secondary","geometry_source":"stop_sequence"},"geometry":{"type":"LineString","coordinates":[[72.9772,19.1873],[72.9767,19.1939],[72.9796,19.2011],[72.9772,19.2085],[73.01,19.2066],[73.0046,19.2029],[72.9872,19.1955],[72.9811,19.1989],[72.9789,19.1989]]}},{"type":"Feature","properties":{"id":"transit_route:gtfs_mumbai_best:TMT_56_1","field":"public_transport","kind":"transit_route","name":"Kokanipada/Tikujini wadi to Thane Station Satis (West) (UP)","ref":"56","status":"operational","opened_on":null,"expected_completion":null,"agency":"BEST","source":"gtfs_mumbai_best","confidence":0.7,"mode":"bus","tier":"secondary","geometry_source":"stop_sequence"},"geometry":{"type":"LineString","coordinates":[[72.967,19.2368],[72.9659,19.2336],[72.9697,19.2329],[72.9707,19.2366],[72.9763,19.2353],[72.978,19.2208],[72.9774,19.2053],[72.9796,19.2011],[72.977,19.1944],[72.9772,19.1873]]}},{"type":"Feature","properties":{"id":"transit_route:gtfs_mumbai_best:TMT_57_0","field":"public_transport","kind":"transit_route","name":"Mira Road Station to Thane East Kopri (DOWN)","ref":"57","status":"operational","opened_on":null,"expected_completion":null,"agency":"BEST","source":"gtfs_mumbai_best","confidence":0.7,"mode":"bus","tier":"secondary","geometry_source":"stop_sequence"},"geometry":{"type":"LineString","coordinates":[[72.8579,19.2816],[72.8662,19.2835],[72.8708,19.2804],[72.8739,19.2826],[72.8858,19.2745],[72.8885,19.2762],[72.8936,19.287],[72.9049,19.285],[72.9001,19.2853],[72.9162,19.2758],[72.9364,19.2854],[72.9525,19.2837],[72.9658,19.2693],[72.9754,19.2475],[72.978,19.2143],[72.9637,19.1994],[72.9626,19.1958],[72.9653,19.1839],[72.9676,19.1818],[72.9743,19.1852]]}},{"type":"Feature","properties":{"id":"transit_route:gtfs_mumbai_best:TMT_57_1","field":"public_transport","kind":"transit_route","name":"Thane East Kopri to Mira Road Station (UP)","ref":"57","status":"operational","opened_on":null,"expected_completion":null,"agency":"BEST","source":"gtfs_mumbai_best","confidence":0.7,"mode":"bus","tier":"secondary","geometry_source":"stop_sequence"},"geometry":{"type":"LineString","coordinates":[[72.9743,19.1852],[72.9678,19.1818],[72.9647,19.1846],[72.9623,19.1961],[72.9629,19.1991],[72.9775,19.2144],[72.9753,19.2474],[72.9654,19.2694],[72.9519,19.2836],[72.9363,19.285],[72.9165,19.2757],[72.8992,19.2853],[72.9039,19.2847],[72.8933,19.2867],[72.8891,19.2761],[72.8858,19.2739],[72.8746,19.2817],[72.8709,19.2801],[72.8662,19.2833],[72.8581,19.2814]]}},{"type":"Feature","properties":{"id":"transit_route:gtfs_mumbai_best:TMT_58_1","field":"public_transport","kind":"transit_route","name":"Thane Station Satis (West) to Mira Road Station (UP)","ref":"58","status":"operational","opened_on":null,"expected_completion":null,"agency":"BEST","source":"gtfs_mumbai_best","confidence":0.7,"mode":"bus","tier":"secondary","geometry_source":"stop_sequence"},"geometry":{"type":"LineString","coordinates":[[72.9772,19.1873],[72.977,19.1943],[72.98,19.1979],[72.9772,19.2085],[72.978,19.2208],[72.9756,19.2476],[72.9732,19.2507],[72.9657,19.2692],[72.9519,19.2836],[72.9363,19.285],[72.9165,19.2757],[72.9039,19.2847],[72.8933,19.2867],[72.8891,19.2761],[72.8858,19.2739],[72.8734,19.2817],[72.8709,19.2801],[72.8662,19.2833],[72.858,19.2817]]}},{"type":"Feature","properties":{"id":"transit_route:gtfs_mumbai_best:TMT_58_0","field":"public_transport","kind":"transit_route","name":"Mira Road Station to Thane Station Satis (West) (DOWN)","ref":"58","status":"operational","opened_on":null,"expected_completion":null,"agency":"BEST","source":"gtfs_mumbai_best","confidence":0.7,"mode":"bus","tier":"secondary","geometry_source":"stop_sequence"},"geometry":{"type":"LineString","coordinates":[[72.858,19.2817],[72.8662,19.2835],[72.8708,19.2804],[72.8729,19.2816],[72.8858,19.2745],[72.8885,19.2762],[72.8936,19.287],[72.9049,19.285],[72.9162,19.2758],[72.9364,19.2854],[72.9525,19.2837],[72.967,19.2669],[72.9753,19.2474],[72.978,19.2208],[72.977,19.2095],[72.98,19.1979],[72.9767,19.1939],[72.9772,19.1873]]}},{"type":"Feature","properties":{"id":"transit_route:gtfs_mumbai_best:TMT_59_0","field":"public_transport","kind":"transit_route","name":"Thane Station Satis (West) to Hyde Park (DOWN)","ref":"59","status":"operational","opened_on":null,"expected_completion":null,"agency":"BEST","source":"gtfs_mumbai_best","confidence":0.7,"mode":"bus","tier":"secondary","geometry_source":"stop_sequence"},"geometry":{"type":"LineString","coordinates":[[72.9772,19.1873],[72.9762,19.1906],[72.978,19.2029],[72.977,19.2095],[72.9782,19.2156],[72.976,19.2147],[72.9718,19.2169],[72.9702,19.2181],[72.9698,19.2215],[73.0159,19.2104],[73.01,19.2066]]}},{"type":"Feature","properties":{"id":"transit_route:gtfs_mumbai_best:TMT_59_1","field":"public_transport","kind":"transit_route","name":"Hyde Park to Thane Station Satis (West) (UP)","ref":"59","status":"operational","opened_on":null,"expected_completion":null,"agency":"BEST","source":"gtfs_mumbai_best","confidence":0.7,"mode":"bus","tier":"secondary","geometry_source":"stop_sequence"},"geometry":{"type":"LineString","coordinates":[[72.9743,19.2258],[72.9733,19.2224],[72.97,19.2219],[72.9703,19.2184],[72.9764,19.2149],[72.9782,19.2156],[72.9764,19.1905],[72.9772,19.1873]]}},{"type":"Feature","properties":{"id":"transit_route:gtfs_mumbai_best:TMT_60_1","field":"public_transport","kind":"transit_route","name":"Thane Station Satis (West) to Borivali East (UP)","ref":"60","status":"operational","opened_on":null,"expected_completion":null,"agency":"BEST","source":"gtfs_mumbai_best","confidence":0.7,"mode":"bus","tier":"secondary","geometry_source":"stop_sequence"},"geometry":{"type":"LineString","coordinates":[[72.9772,19.1873],[72.9634,19.1879],[72.9623,19.1961],[72.963,19.199],[72.9775,19.2144],[72.9754,19.2472],[72.9654,19.2694],[72.9519,19.2836],[72.9362,19.285],[72.9165,19.2757],[72.9039,19.2847],[72.8933,19.2867],[72.8891,19.2761],[72.8858,19.2739],[72.8724,19.2584],[72.8649,19.2449],[72.8636,19.2316],[72.8584,19.2313]]}},{"type":"Feature","properties":{"id":"transit_route:gtfs_mumbai_best:TMT_60_0","field":"public_transport","kind":"transit_route","name":"Borivali East to Thane Station Satis (West) (DOWN)","ref":"60","status":"operational","opened_on":null,"expected_completion":null,"agency":"BEST","source":"gtfs_mumbai_best","confidence":0.7,"mode":"bus","tier":"secondary","geometry_source":"stop_sequence"},"geometry":{"type":"LineString","coordinates":[[72.8595,19.2315],[72.8632,19.2315],[72.8643,19.2443],[72.8717,19.2584],[72.8824,19.2723],[72.8885,19.2762],[72.8936,19.287],[72.9049,19.285],[72.9162,19.2758],[72.9364,19.2854],[72.9525,19.2837],[72.9658,19.2693],[72.976,19.2461],[72.9755,19.2391],[72.978,19.2143],[72.9635,19.1988],[72.9626,19.1958],[72.9636,19.1883],[72.9772,19.1873]]}},{"type":"Feature","properties":{"id":"transit_route:gtfs_mumbai_best:TMT_61_1","field":"public_transport","kind":"transit_route","name":"Borivade Goan (Havre City) to Thane Station Satis (West) (UP)","ref":"61","status":"operational","opened_on":null,"expected_completion":null,"agency":"BEST","source":"gtfs_mumbai_best","confidence":0.7,"mode":"bus","tier":"secondary","geometry_source":"stop_sequence"},"geometry":{"type":"LineString","coordinates":[[72.96,19.2624],[72.9648,19.2608],[72.9661,19.2634],[72.9686,19.2628],[72.976,19.2461],[72.978,19.2143],[72.977,19.2094],[72.9796,19.2012],[72.9761,19.1906],[72.9772,19.1871]]}},{"type":"Feature","properties":{"id":"transit_route:gtfs_mumbai_best:TMT_61_0","field":"public_transport","kind":"transit_route","name":"Thane Station Satis (West) to Borivade Goan (Havre City) (DOWN)","ref":"61","status":"operational","opened_on":null,"expected_completion":null,"agency":"BEST","source":"gtfs_mumbai_best","confidence":0.7,"mode":"bus","tier":"secondary","geometry_source":"stop_sequence"},"geometry":{"type":"LineString","coordinates":[[72.9772,19.1871],[72.9767,19.1938],[72.9793,19.2013],[72.9774,19.2053],[72.9776,19.2211],[72.9753,19.2474],[72.9683,19.2628],[72.9645,19.2645],[72.9652,19.2606],[72.96,19.2624]]}},{"type":"Feature","properties":{"id":"transit_route:gtfs_mumbai_best:TMT_62_0","field":"public_transport","kind":"transit_route","name":"Dharmachapada/Brahmand Society to Thane Station Satis (West) (DOWN)","ref":"62","status":"operational","opened_on":null,"expected_completion":null,"agency":"BEST","source":"gtfs_mumbai_best","confidence":0.7,"mode":"bus","tier":"secondary","geometry_source":"stop_sequence"},"geometry":{"type":"LineString","coordinates":[[72.9832,19.2477],[72.9846,19.2466],[72.9807,19.2394],[72.9759,19.241],[72.978,19.2208],[72.9772,19.2085],[72.9796,19.2011],[72.977,19.1944],[72.9772,19.1871]]}},{"type":"Feature","properties":{"id":"transit_route:gtfs_mumbai_best:TMT_63_0","field":"public_transport","kind":"transit_route","name":"Thane Station Satis (West) to Anand Nagar Agar (DOWN)","ref":"63","status":"operational","opened_on":null,"expected_completion":null,"agency":"BEST","source":"gtfs_mumbai_best","confidence":0.7,"mode":"bus","tier":"secondary","geometry_source":"stop_sequence"},"geometry":{"type":"LineString","coordinates":[[72.9772,19.1872],[72.9767,19.1938],[72.9793,19.2013],[72.977,19.2094],[72.9775,19.2211],[72.9753,19.2474],[72.972,19.2532],[72.974,19.2575],[72.9699,19.2646]]}},{"type":"Feature","properties":{"id":"transit_route:gtfs_mumbai_best:TMT_62_1","field":"public_transport","kind":"transit_route","name":"Thane Station Satis (West) to Dharmachapada/Brahmand Society (UP)","ref":"62","status":"operational","opened_on":null,"expected_completion":null,"agency":"BEST","source":"gtfs_mumbai_best","confidence":0.7,"mode":"bus","tier":"secondary","geometry_source":"stop_sequence"},"geometry":{"type":"LineString","coordinates":[[72.9772,19.1873],[72.9761,19.1906],[72.9793,19.2013],[72.977,19.2095],[72.9775,19.2211],[72.9754,19.2393],[72.9759,19.241],[72.9807,19.2396],[72.9857,19.2479],[72.9831,19.2476]]}},{"type":"Feature","properties":{"id":"transit_route:gtfs_mumbai_best:TMT_63_1","field":"public_transport","kind":"transit_route","name":"Anand Nagar Agar to Thane Station Satis (West) (UP)","ref":"63","status":"operational","opened_on":null,"expected_completion":null,"agency":"BEST","source":"gtfs_mumbai_best","confidence":0.7,"mode":"bus","tier":"secondary","geometry_source":"stop_sequence"},"geometry":{"type":"LineString","coordinates":[[72.9697,19.2649],[72.9713,19.2638],[72.9717,19.2603],[72.9741,19.2575],[72.9726,19.2529],[72.9756,19.2476],[72.978,19.2208],[72.9772,19.2085],[72.9796,19.2011],[72.9764,19.1905],[72.9772,19.1872]]}},{"type":"Feature","properties":{"id":"transit_route:gtfs_mumbai_best:TMT_65_0","field":"public_transport","kind":"transit_route","name":"Borivali East to Thane East Kopri (DOWN)","ref":"65","status":"operational","opened_on":null,"expected_completion":null,"agency":"BEST","source":"gtfs_mumbai_best","confidence":0.7,"mode":"bus","tier":"secondary","geometry_source":"stop_sequence"},"geometry":{"type":"LineString","coordinates":[[72.8595,19.2315],[72.8632,19.2315],[72.8634,19.2376],[72.8717,19.2584],[72.8824,19.2723],[72.8885,19.2762],[72.8936,19.287],[72.9001,19.2853],[72.8936,19.287],[72.9107,19.2802],[72.9162,19.2758],[72.9364,19.2854],[72.9525,19.2837],[72.9658,19.2693],[72.9678,19.2647],[72.9821,19.21],[72.9692,19.2604],[72.976,19.2461],[72.9755,19.2391],[72.9763,19.2351],[72.9768,19.2302],[72.9773,19.2234],[72.978,19.2208],[72.978,19.2143],[72.9635,19.1988],[72.9626,19.1958],[72.9636,19.1883],[72.9653,19.1839],[72.9677,19.1817],[72.9767,19.1851]]}},{"type":"Feature","properties":{"id":"transit_route:gtfs_mumbai_best:TMT_65_1","field":"public_transport","kind":"transit_route","name":"Thane East Kopri to Borivali East (UP)","ref":"65","status":"operational","opened_on":null,"expected_completion":null,"agency":"BEST","source":"gtfs_mumbai_best","confidence":0.7,"mode":"bus","tier":"secondary","geometry_source":"stop_sequence"},"geometry":{"type":"LineString","coordinates":[[72.9767,19.1851],[72.9677,19.1817],[72.9634,19.1879],[72.9623,19.1961],[72.963,19.199],[72.9775,19.2144],[72.9777,19.2237],[72.9766,19.2299],[72.976,19.2351],[72.9754,19.2472],[72.9699,19.2594],[72.9821,19.21],[72.9675,19.2646],[72.9654,19.2694],[72.9519,19.2836],[72.9362,19.285],[72.9165,19.2757],[72.9102,19.2798],[72.8933,19.2867],[72.8992,19.2853],[72.8933,19.2867],[72.8891,19.2761],[72.8822,19.2713],[72.8724,19.2584],[72.8637,19.2377],[72.8635,19.2303],[72.8636,19.2316],[72.8584,19.2313]]}},{"type":"Feature","properties":{"id":"transit_route:gtfs_mumbai_best:TMT_69_1","field":"public_transport","kind":"transit_route","name":"Thane East Kopri to Central Park (Nalasopara) (UP)","ref":"69","status":"operational","opened_on":null,"expected_completion":null,"agency":"BEST","source":"gtfs_mumbai_best","confidence":0.7,"mode":"bus","tier":"secondary","geometry_source":"stop_sequence"},"geometry":{"type":"LineString","coordinates":[[72.9767,19.1851],[72.9676,19.1818],[72.9653,19.1839],[72.9632,19.1892],[72.9628,19.193],[72.9634,19.1989],[72.9772,19.2135],[72.978,19.2208],[72.9773,19.2236],[72.9766,19.2299],[72.976,19.2351],[72.9754,19.2393],[72.9756,19.2457],[72.9699,19.2594],[72.9821,19.21],[72.9675,19.2646],[72.9519,19.2836],[72.9363,19.285],[72.9165,19.2757],[72.9039,19.2847],[72.9051,19.2938],[72.9041,19.3024],[72.8996,19.3155],[72.8956,19.3213],[72.8934,19.3279],[72.8935,19.351],[73.0159,19.2104],[73.0046,19.2029],[72.9872,19.1955],[72.9811,19.1989],[72.9789,19.1989],[72.9764,19.1905],[72.9772,19.1873],[72.9675,19.1887],[72.9677,19.1905],[72.9636,19.1884],[72.963,19.1878],[72.9614,19.1867],[72.9562,19.1854]]}},{"type":"Feature","properties":{"id":"transit_route:gtfs_mumbai_best:TMT_69_0","field":"public_transport","kind":"transit_route","name":"Central Park (Nalasopara) to Thane East Kopri (DOWN)","ref":"69","status":"operational","opened_on":null,"expected_completion":null,"agency":"BEST","source":"gtfs_mumbai_best","confidence":0.7,"mode":"bus","tier":"secondary","geometry_source":"stop_sequence"},"geometry":{"type":"LineString","coordinates":[[72.8186,19.4254],[72.8197,19.4209],[72.826,19.4135],[72.8262,19.4096],[72.8282,19.4057],[72.8343,19.4024],[72.8356,19.3978],[72.843,19.4006],[72.8461,19.4031],[72.9516,19.1945],[72.8551,19.4057],[72.8598,19.406],[72.8637,19.2472],[72.8658,19.4071],[72.8675,19.4073],[72.8834,19.4027],[72.897,19.3829],[72.8942,19.366],[72.8939,19.328],[72.8959,19.3213],[72.8988,19.3185],[72.9045,19.3023],[72.9058,19.2938],[72.9049,19.285],[72.9107,19.2802],[72.9227,19.2791],[72.9364,19.2854],[72.9591,19.276],[72.9679,19.2647],[72.9734,19.251],[72.9763,19.2351],[72.978,19.2143],[72.9687,19.2041],[72.9642,19.1875],[72.9653,19.1839],[72.9677,19.1817],[72.9767,19.1851]]}},{"type":"Feature","properties":{"id":"transit_route:gtfs_mumbai_best:TMT_70_0","field":"public_transport","kind":"transit_route","name":"Khidakali to Chendani Koliwada (DOWN)","ref":"70","status":"operational","opened_on":null,"expected_completion":null,"agency":"BEST","source":"gtfs_mumbai_best","confidence":0.7,"mode":"bus","tier":"secondary","geometry_source":"stop_sequence"},"geometry":{"type":"LineString","coordinates":[[73.0681,19.1593],[73.046,19.1432],[73.0332,19.1543],[73.0235,19.172],[73.0212,19.1856],[73.0226,19.1899],[73.0222,19.2003],[73.0157,19.2106],[73.0059,19.2035],[72.9936,19.1978],[72.9871,19.1959],[72.9844,19.1974],[72.9808,19.1918],[72.98,19.1877]]}},{"type":"Feature","properties":{"id":"transit_route:gtfs_mumbai_best:TMT_70_1","field":"public_transport","kind":"transit_route","name":"Chendani Koliwada to Khidakali (UP)","ref":"70","status":"operational","opened_on":null,"expected_completion":null,"agency":"BEST","source":"gtfs_mumbai_best","confidence":0.7,"mode":"bus","tier":"secondary","geometry_source":"stop_sequence"},"geometry":{"type":"LineString","coordinates":[[72.9793,19.1887],[72.9835,19.1966],[72.9871,19.1952],[72.9938,19.1981],[73.0059,19.2036],[73.0157,19.2106],[73.0224,19.2004],[73.0228,19.1901],[73.0213,19.1858],[73.0225,19.1835],[73.0236,19.172],[73.0316,19.1575],[73.0344,19.161],[73.0454,19.1438],[73.0472,19.1437],[73.0674,19.1589]]}},{"type":"Feature","properties":{"id":"transit_route:gtfs_mumbai_best:TMT_74_1","field":"public_transport","kind":"transit_route","name":"Diva Railway Station East to Chendani Koliwada (UP)","ref":"74","status":"operational","opened_on":null,"expected_completion":null,"agency":"BEST","source":"gtfs_mumbai_best","confidence":0.7,"mode":"bus","tier":"secondary","geometry_source":"stop_sequence"},"geometry":{"type":"LineString","coordinates":[[73.0478,19.1869],[73.0439,19.1786],[73.0463,19.1669],[73.0467,19.1546],[73.0456,19.1517],[73.0401,19.147],[73.035,19.1519],[73.0235,19.172],[73.0222,19.2003],[73.0157,19.2106],[73.0059,19.2035],[72.9936,19.1978],[72.9871,19.1959],[72.9844,19.1974],[72.9808,19.1918],[72.98,19.1877]]}},{"type":"Feature","properties":{"id":"transit_route:gtfs_mumbai_best:TMT_74_0","field":"public_transport","kind":"transit_route","name":"Chendani Koliwada to Diva Railway Station East (DOWN)","ref":"74","status":"operational","opened_on":null,"expected_completion":null,"agency":"BEST","source":"gtfs_mumbai_best","confidence":0.7,"mode":"bus","tier":"secondary","geometry_source":"stop_sequence"},"geometry":{"type":"LineString","coordinates":[[72.9793,19.1887],[72.9835,19.1966],[72.9871,19.1952],[72.9938,19.1981],[73.0059,19.2036],[73.0157,19.2106],[73.0224,19.2004],[73.0236,19.172],[73.035,19.1519],[73.0462,19.1514],[73.0467,19.1669],[73.0445,19.1786],[73.0478,19.1869]]}},{"type":"Feature","properties":{"id":"transit_route:gtfs_mumbai_best:TMT_75_0","field":"public_transport","kind":"transit_route","name":"Mira Road Station to Bharat Gears (DOWN)","ref":"75","status":"operational","opened_on":null,"expected_completion":null,"agency":"BEST","source":"gtfs_mumbai_best","confidence":0.7,"mode":"bus","tier":"secondary","geometry_source":"stop_sequence"},"geometry":{"type":"LineString","coordinates":[[72.8579,19.2816],[72.8739,19.2826],[72.8824,19.2723],[72.8885,19.2762],[72.9049,19.285],[72.8936,19.287],[72.9001,19.2853],[72.9162,19.2758],[72.9364,19.2854],[72.9525,19.2837],[72.9658,19.2693],[72.9754,19.2475],[72.978,19.2208],[72.9773,19.1965],[72.9871,19.1952],[73.0046,19.2029],[73.0085,19.2059],[73.0178,19.2074],[73.0228,19.1903],[73.0232,19.1747],[72.9763,19.1905],[73.0259,19.1678],[73.0316,19.1579]]}},{"type":"Feature","properties":{"id":"transit_route:gtfs_mumbai_best:TMT_75_1","field":"public_transport","kind":"transit_route","name":"Bharat Gears to Mira Road Station (UP)","ref":"75","status":"operational","opened_on":null,"expected_completion":null,"agency":"BEST","source":"gtfs_mumbai_best","confidence":0.7,"mode":"bus","tier":"secondary","geometry_source":"stop_sequence"},"geometry":{"type":"LineString","coordinates":[[73.0313,19.1572],[73.0234,19.172],[73.0226,19.1902],[73.019,19.2036],[73.0085,19.2056],[72.9872,19.1955],[72.9773,19.1965],[72.9775,19.2211],[72.9732,19.2508],[72.9753,19.2474],[72.9654,19.2694],[72.9519,19.2836],[72.9363,19.285],[72.9165,19.2757],[72.8992,19.2853],[72.9039,19.2847],[72.8933,19.2867],[72.8891,19.2761],[72.8822,19.2713],[72.8746,19.2817],[72.8581,19.2814]]}},{"type":"Feature","properties":{"id":"transit_route:gtfs_mumbai_best:TMT_76_1","field":"public_transport","kind":"transit_route","name":"Retibunder Circle to Shilphata (UP)","ref":"76","status":"operational","opened_on":null,"expected_completion":null,"agency":"BEST","source":"gtfs_mumbai_best","confidence":0.7,"mode":"bus","tier":"secondary","geometry_source":"stop_sequence"},"geometry":{"type":"LineString","coordinates":[[73.0157,19.2106],[73.0224,19.2004],[73.0228,19.1901],[73.0213,19.1858],[73.0228,19.1774],[73.0301,19.1771],[73.0323,19.1657],[73.0282,19.1653],[73.0286,19.1634],[73.0316,19.1575],[73.0403,19.1468]]}},{"type":"Feature","properties":{"id":"transit_route:gtfs_mumbai_best:TMT_76_0","field":"public_transport","kind":"transit_route","name":"Shilphata to Retibunder Circle (DOWN)","ref":"76","status":"operational","opened_on":null,"expected_completion":null,"agency":"BEST","source":"gtfs_mumbai_best","confidence":0.7,"mode":"bus","tier":"secondary","geometry_source":"stop_sequence"},"geometry":{"type":"LineString","coordinates":[[73.0403,19.1468],[73.0344,19.1569],[73.0313,19.1576],[73.0285,19.1633],[73.0279,19.1652],[73.0323,19.1657],[73.0299,19.1767],[73.0248,19.1759],[73.0226,19.1775],[73.0212,19.1856],[73.0226,19.1899],[73.0222,19.2003],[73.0157,19.2106]]}},{"type":"Feature","properties":{"id":"transit_route:gtfs_mumbai_best:TMT_78_1","field":"public_transport","kind":"transit_route","name":"Wagle Agar to Bharat Gears (UP)","ref":"78","status":"operational","opened_on":null,"expected_completion":null,"agency":"BEST","source":"gtfs_mumbai_best","confidence":0.7,"mode":"bus","tier":"secondary","geometry_source":"stop_sequence"},"geometry":{"type":"LineString","coordinates":[[72.9459,19.2016],[72.944,19.202],[72.9438,19.2008],[72.9761,19.1978],[72.9941,19.2246],[72.977,19.1944],[72.9499,19.1945],[72.9538,19.1933],[72.9552,19.1911],[72.9551,19.1874],[72.9577,19.1856],[72.9677,19.1905],[72.9675,19.1887],[72.9772,19.1873],[72.977,19.1944],[72.9811,19.1989],[72.9872,19.1955],[73.0046,19.2029],[72.8822,19.2713],[73.0085,19.2056],[73.0159,19.2104],[73.0223,19.2002],[73.023,19.195],[73.0214,19.1873],[73.0234,19.172],[73.0313,19.1572]]}},{"type":"Feature","properties":{"id":"transit_route:gtfs_mumbai_best:TMT_78_0","field":"public_transport","kind":"transit_route","name":"Bharat Gears to Wagle Agar (DOWN)","ref":"78","status":"operational","opened_on":null,"expected_completion":null,"agency":"BEST","source":"gtfs_mumbai_best","confidence":0.7,"mode":"bus","tier":"secondary","geometry_source":"stop_sequence"},"geometry":{"type":"LineString","coordinates":[[73.0313,19.1572],[73.0234,19.172],[73.0214,19.1873],[73.0226,19.1902],[73.0223,19.2002],[73.0159,19.2104],[73.0085,19.2056],[72.8822,19.2713],[73.0047,19.2032],[72.9872,19.1955],[72.9811,19.1989],[72.977,19.1944],[72.9772,19.1873],[72.9675,19.1887],[72.9677,19.1905],[72.9577,19.1856],[72.9551,19.1874],[72.9552,19.1911],[72.9538,19.1933],[72.9457,19.195],[72.9771,19.2085],[72.9819,19.2182],[72.9774,19.2073],[72.9438,19.202],[72.9459,19.2016]]}},{"type":"Feature","properties":{"id":"transit_route:gtfs_mumbai_best:TMT_79_1","field":"public_transport","kind":"transit_route","name":"Kharegaon to Neptune Element (UP)","ref":"79","status":"operational","opened_on":null,"expected_completion":null,"agency":"BEST","source":"gtfs_mumbai_best","confidence":0.7,"mode":"bus","tier":"secondary","geometry_source":"stop_sequence"},"geometry":{"type":"LineString","coordinates":[[72.9996,19.2054],[73.0017,19.2034],[73.0014,19.2018],[72.9871,19.1952],[72.9812,19.1989],[72.9773,19.1965],[72.9756,19.2008],[72.9733,19.2006],[72.9687,19.1918],[72.958,19.1857],[72.9566,19.1855],[72.9552,19.1874],[72.9553,19.1911],[72.9539,19.1934],[72.9496,19.1945],[72.9489,19.1924]]}},{"type":"Feature","properties":{"id":"transit_route:gtfs_mumbai_best:TMT_79_0","field":"public_transport","kind":"transit_route","name":"Neptune Element to Kharegaon (DOWN)","ref":"79","status":"operational","opened_on":null,"expected_completion":null,"agency":"BEST","source":"gtfs_mumbai_best","confidence":0.7,"mode":"bus","tier":"secondary","geometry_source":"stop_sequence"},"geometry":{"type":"LineString","coordinates":[[72.9489,19.1924],[72.9498,19.1947],[72.9538,19.1937],[72.9555,19.1912],[72.9554,19.1877],[72.9567,19.1858],[72.9582,19.186],[72.9645,19.189],[72.9705,19.1945],[72.9732,19.2007],[72.9876,19.1964],[72.9909,19.1969],[73.0014,19.2019],[73.0017,19.2034],[72.9996,19.2054]]}},{"type":"Feature","properties":{"id":"transit_route:gtfs_mumbai_best:TMT_82_0","field":"public_transport","kind":"transit_route","name":"Gholai Nagar to Kalwa Station (East) (DOWN)","ref":"82","status":"operational","opened_on":null,"expected_completion":null,"agency":"BEST","source":"gtfs_mumbai_best","confidence":0.7,"mode":"bus","tier":"secondary","geometry_source":"stop_sequence"},"geometry":{"type":"LineString","coordinates":[[73.013,19.2042],[73.007,19.2032],[72.9989,19.1961]]}},{"type":"Feature","properties":{"id":"transit_route:gtfs_mumbai_best:TMT_82_1","field":"public_transport","kind":"transit_route","name":"Kalwa Station (East) to Gholai Nagar (UP)","ref":"82","status":"operational","opened_on":null,"expected_completion":null,"agency":"BEST","source":"gtfs_mumbai_best","confidence":0.7,"mode":"bus","tier":"secondary","geometry_source":"stop_sequence"},"geometry":{"type":"LineString","coordinates":[[72.9989,19.1964],[73.0069,19.2033],[73.013,19.2044]]}},{"type":"Feature","properties":{"id":"transit_route:gtfs_mumbai_best:TMT_83_0","field":"public_transport","kind":"transit_route","name":"N. G. Regency (Balkum ) to Thane Station Satis (West) (DOWN)","ref":"83","status":"operational","opened_on":null,"expected_completion":null,"agency":"BEST","source":"gtfs_mumbai_best","confidence":0.7,"mode":"bus","tier":"secondary","geometry_source":"stop_sequence"},"geometry":{"type":"LineString","coordinates":[[72.9967,19.2271],[72.9898,19.2214],[72.9819,19.2178],[72.978,19.2208],[72.9771,19.2085],[72.9796,19.2012],[72.9761,19.1978],[72.9772,19.1871]]}},{"type":"Feature","properties":{"id":"transit_route:gtfs_mumbai_best:TMT_83_1","field":"public_transport","kind":"transit_route","name":"Thane Station Satis (West) to N. G. Regency (Balkum ) (UP)","ref":"83","status":"operational","opened_on":null,"expected_completion":null,"agency":"BEST","source":"gtfs_mumbai_best","confidence":0.7,"mode":"bus","tier":"secondary","geometry_source":"stop_sequence"},"geometry":{"type":"LineString","coordinates":[[72.9772,19.1871],[72.9761,19.1978],[72.9793,19.2013],[72.9788,19.2026],[72.8824,19.2723],[72.977,19.2094],[72.9775,19.2211],[72.9818,19.2182],[72.9834,19.2185],[72.9894,19.2214],[72.9967,19.2271]]}},{"type":"Feature","properties":{"id":"transit_route:gtfs_mumbai_best:TMT_84_1","field":"public_transport","kind":"transit_route","name":"Chattrapati Shivaji Maharaj Chowk (Bhiwandi) to Bharat Gears (UP)","ref":"84","status":"operational","opened_on":null,"expected_completion":null,"agency":"BEST","source":"gtfs_mumbai_best","confidence":0.7,"mode":"bus","tier":"secondary","geometry_source":"stop_sequence"},"geometry":{"type":"LineString","coordinates":[[73.0585,19.3053],[73.0649,19.3078],[73.0663,19.3025],[73.0544,19.2936],[73.0765,19.2789],[73.0838,19.2697],[73.0733,19.2638],[73.074,19.2631],[73.0447,19.243],[73.0533,19.2496],[73.0415,19.2402],[73.0322,19.2326],[73.0003,19.2082],[73.0126,19.2141],[73.0168,19.2101],[73.0176,19.2072],[73.0225,19.2005],[73.0228,19.1903],[73.0215,19.1871],[73.0236,19.172],[73.0316,19.1575]]}},{"type":"Feature","properties":{"id":"transit_route:gtfs_mumbai_best:TMT_84_0","field":"public_transport","kind":"transit_route","name":"Bharat Gears to Chattrapati Shivaji Maharaj Chowk (Bhiwandi) (DOWN)","ref":"84","status":"operational","opened_on":null,"expected_completion":null,"agency":"BEST","source":"gtfs_mumbai_best","confidence":0.7,"mode":"bus","tier":"secondary","geometry_source":"stop_sequence"},"geometry":{"type":"LineString","coordinates":[[73.0313,19.1576],[73.0235,19.172],[73.0215,19.1876],[73.0226,19.1899],[73.0222,19.2003],[73.0162,19.2105],[73.0121,19.2141],[73.0003,19.2082],[73.0409,19.2406],[73.0533,19.2496],[73.0444,19.2434],[73.0733,19.2638],[73.0838,19.2697],[73.0693,19.2888],[73.0649,19.3075],[73.0585,19.3052]]}},{"type":"Feature","properties":{"id":"transit_route:gtfs_mumbai_best:TMT_85_0","field":"public_transport","kind":"transit_route","name":"Mulund Station West to Narpoli (DOWN)","ref":"85","status":"operational","opened_on":null,"expected_completion":null,"agency":"BEST","source":"gtfs_mumbai_best","confidence":0.7,"mode":"bus","tier":"secondary","geometry_source":"stop_sequence"},"geometry":{"type":"LineString","coordinates":[[72.9572,19.1738],[72.9506,19.1786],[72.9453,19.1792],[72.9567,19.1859],[72.9636,19.1883],[72.9623,19.1961],[72.9629,19.199],[72.9775,19.2144],[72.9998,19.2283],[73.0074,19.2317],[73.0147,19.2362],[73.0174,19.2444],[73.0179,19.2472],[73.0299,19.262],[72.9763,19.1905],[73.0479,19.281]]}},{"type":"Feature","properties":{"id":"transit_route:gtfs_mumbai_best:TMT_85_1","field":"public_transport","kind":"transit_route","name":"Narpoli to Mulund Station West (UP)","ref":"85","status":"operational","opened_on":null,"expected_completion":null,"agency":"BEST","source":"gtfs_mumbai_best","confidence":0.7,"mode":"bus","tier":"secondary","geometry_source":"stop_sequence"},"geometry":{"type":"LineString","coordinates":[[73.0483,19.281],[73.018,19.2482],[73.0151,19.2362],[72.978,19.2143],[72.9634,19.1987],[72.9636,19.1883],[72.9455,19.179],[72.9507,19.1787],[72.9572,19.1738]]}},{"type":"Feature","properties":{"id":"transit_route:gtfs_mumbai_best:TMT_87_1","field":"public_transport","kind":"transit_route","name":"Thane Station Satis (West) to Alimghar (UP)","ref":"87","status":"operational","opened_on":null,"expected_completion":null,"agency":"BEST","source":"gtfs_mumbai_best","confidence":0.7,"mode":"bus","tier":"secondary","geometry_source":"stop_sequence"},"geometry":{"type":"LineString","coordinates":[[72.9772,19.1873],[72.9767,19.1939],[72.9811,19.199],[72.9877,19.196],[73.0047,19.2032],[73.0129,19.2092],[73.0168,19.2102],[73.0121,19.2141],[73.0075,19.2126],[73.0413,19.241],[73.0425,19.2199],[73.0383,19.215],[73.0363,19.2038]]}},{"type":"Feature","properties":{"id":"transit_route:gtfs_mumbai_best:TMT_87_0","field":"public_transport","kind":"transit_route","name":"Alimghar to Thane Station Satis (West) (DOWN)","ref":"87","status":"operational","opened_on":null,"expected_completion":null,"agency":"BEST","source":"gtfs_mumbai_best","confidence":0.7,"mode":"bus","tier":"secondary","geometry_source":"stop_sequence"},"geometry":{"type":"LineString","coordinates":[[73.0363,19.2038],[73.0382,19.2149],[73.0424,19.22],[73.0415,19.2402],[73.0077,19.2125],[73.0126,19.2141],[73.0159,19.2104],[73.0046,19.2029],[72.9935,19.1977],[72.9877,19.196],[72.9812,19.1991],[72.977,19.1944],[72.9772,19.1873]]}},{"type":"Feature","properties":{"id":"transit_route:gtfs_mumbai_best:TMT_88_0","field":"public_transport","kind":"transit_route","name":"Chattrapati Shivaji Maharaj Chowk (Bhiwandi) to Mulund Station West (DOWN)","ref":"88","status":"operational","opened_on":null,"expected_completion":null,"agency":"BEST","source":"gtfs_mumbai_best","confidence":0.7,"mode":"bus","tier":"secondary","geometry_source":"stop_sequence"},"geometry":{"type":"LineString","coordinates":[[73.0585,19.3053],[73.0649,19.3096],[73.0662,19.3025],[73.0634,19.2964],[73.0838,19.2697],[73.0733,19.2638],[73.074,19.2631],[73.0447,19.243],[73.0548,19.2509],[73.048,19.2454],[73.0415,19.2402],[73.0282,19.23],[73.0078,19.2125],[73.0003,19.2082],[72.9827,19.2109],[72.9775,19.2144],[72.9634,19.1987],[72.9637,19.1886],[72.9537,19.183],[72.9534,19.1761],[72.9567,19.1717]]}},{"type":"Feature","properties":{"id":"transit_route:gtfs_mumbai_best:TMT_89_1","field":"public_transport","kind":"transit_route","name":"Chendani Koliwada to Narpoli Police Station (UP)","ref":"89","status":"operational","opened_on":null,"expected_completion":null,"agency":"BEST","source":"gtfs_mumbai_best","confidence":0.7,"mode":"bus","tier":"secondary","geometry_source":"stop_sequence"},"geometry":{"type":"LineString","coordinates":[[72.9793,19.1885],[72.9826,19.1938],[72.9831,19.1972],[72.9811,19.1989],[72.9785,19.197],[72.9777,19.2018],[72.9775,19.2144],[72.9801,19.2179],[72.9895,19.2215],[72.9889,19.2239],[73.0074,19.2317],[73.0148,19.2362],[73.0174,19.2444],[73.018,19.2514],[73.0213,19.2528],[73.0479,19.281]]}},{"type":"Feature","properties":{"id":"transit_route:gtfs_mumbai_best:TMT_88_1","field":"public_transport","kind":"transit_route","name":"Mulund Station West to Chattrapati Shivaji Maharaj Chowk (Bhiwandi) (UP)","ref":"88","status":"operational","opened_on":null,"expected_completion":null,"agency":"BEST","source":"gtfs_mumbai_best","confidence":0.7,"mode":"bus","tier":"secondary","geometry_source":"stop_sequence"},"geometry":{"type":"LineString","coordinates":[[72.9567,19.1717],[72.9534,19.1761],[72.9535,19.1829],[72.9632,19.1892],[72.9629,19.199],[72.978,19.2143],[72.9817,19.2118],[73.0003,19.2082],[73.0075,19.2126],[73.0278,19.2302],[73.0328,19.2335],[73.0413,19.241],[73.048,19.2454],[73.0548,19.2509],[73.0445,19.2435],[73.0738,19.2633],[73.0733,19.2638],[73.0838,19.2697],[73.0634,19.2964],[73.0659,19.3024],[73.0647,19.3096],[73.0585,19.3053]]}},{"type":"Feature","properties":{"id":"transit_route:gtfs_mumbai_best:TMT_89_0","field":"public_transport","kind":"transit_route","name":"Narpoli Police Station to Chendani Koliwada (DOWN)","ref":"89","status":"operational","opened_on":null,"expected_completion":null,"agency":"BEST","source":"gtfs_mumbai_best","confidence":0.7,"mode":"bus","tier":"secondary","geometry_source":"stop_sequence"},"geometry":{"type":"LineString","coordinates":[[73.0483,19.2811],[73.0217,19.2527],[73.0183,19.2512],[73.0176,19.2441],[73.015,19.2362],[73.009,19.2323],[72.9889,19.2239],[72.9899,19.2213],[72.9799,19.2175],[72.9774,19.2105],[72.9779,19.2019],[72.9789,19.1991],[72.9812,19.1991],[72.9832,19.1974],[72.9793,19.1885]]}},{"type":"Feature","properties":{"id":"transit_route:gtfs_mumbai_best:TMT_91_0","field":"public_transport","kind":"transit_route","name":"Dadlani Park to Neptune Element (DOWN)","ref":"91","status":"operational","opened_on":null,"expected_completion":null,"agency":"BEST","source":"gtfs_mumbai_best","confidence":0.7,"mode":"bus","tier":"secondary","geometry_source":"stop_sequence"},"geometry":{"type":"LineString","coordinates":[[72.996,19.2222],[72.9898,19.2214],[72.9799,19.2175],[72.9781,19.2143],[72.9772,19.2085],[72.9795,19.2012],[72.977,19.1944],[72.9772,19.1871],[72.9646,19.1881],[72.9562,19.1855],[72.9539,19.1934],[72.9496,19.1945],[72.9489,19.1924]]}},{"type":"Feature","properties":{"id":"transit_route:gtfs_mumbai_best:TMT_92_0","field":"public_transport","kind":"transit_route","name":"Thane Station Satis (West) to Runwal Garden City (DOWN)","ref":"92","status":"operational","opened_on":null,"expected_completion":null,"agency":"BEST","source":"gtfs_mumbai_best","confidence":0.7,"mode":"bus","tier":"secondary","geometry_source":"stop_sequence"},"geometry":{"type":"LineString","coordinates":[[72.9772,19.1873],[72.9773,19.1994],[72.9793,19.2013],[72.9771,19.2075],[72.9774,19.2144],[72.9801,19.2179],[72.9835,19.2186],[72.9822,19.2224],[72.985,19.2228],[72.8564,19.1542],[72.9881,19.223]]}},{"type":"Feature","properties":{"id":"transit_route:gtfs_mumbai_best:TMT_91_1","field":"public_transport","kind":"transit_route","name":"Neptune Element to Dadlani Park (UP)","ref":"91","status":"operational","opened_on":null,"expected_completion":null,"agency":"BEST","source":"gtfs_mumbai_best","confidence":0.7,"mode":"bus","tier":"secondary","geometry_source":"stop_sequence"},"geometry":{"type":"LineString","coordinates":[[72.9489,19.1924],[72.9498,19.1947],[72.9538,19.1937],[72.9567,19.1858],[72.9626,19.1879],[72.9686,19.1874],[72.9747,19.1888],[72.9772,19.1873],[72.9762,19.1905],[72.9793,19.2012],[72.977,19.2095],[72.9775,19.2145],[72.98,19.2179],[72.9959,19.2225]]}},{"type":"Feature","properties":{"id":"transit_route:gtfs_mumbai_best:TMT_92_1","field":"public_transport","kind":"transit_route","name":"Runwal Garden City to Thane Station Satis (West) (UP)","ref":"92","status":"operational","opened_on":null,"expected_completion":null,"agency":"BEST","source":"gtfs_mumbai_best","confidence":0.7,"mode":"bus","tier":"secondary","geometry_source":"stop_sequence"},"geometry":{"type":"LineString","coordinates":[[72.9874,19.2226],[72.9824,19.2222],[72.9836,19.2183],[72.9799,19.2175],[72.978,19.2143],[72.977,19.2095],[72.9774,19.2074],[72.9775,19.1944],[72.979,19.2033],[72.98,19.1979],[72.9779,19.1946],[72.9687,19.1918],[72.9772,19.1871]]}},{"type":"Feature","properties":{"id":"transit_route:gtfs_mumbai_best:TMT_93_0","field":"public_transport","kind":"transit_route","name":"Dadlani Park to Thane Station Satis (West) (DOWN)","ref":"93","status":"operational","opened_on":null,"expected_completion":null,"agency":"BEST","source":"gtfs_mumbai_best","confidence":0.7,"mode":"bus","tier":"secondary","geometry_source":"stop_sequence"},"geometry":{"type":"LineString","coordinates":[[72.9959,19.2223],[72.9898,19.2214],[72.9836,19.2183],[72.978,19.2208],[72.9771,19.2085],[72.9796,19.2012],[72.9785,19.197],[72.9687,19.1918],[72.9772,19.1871]]}},{"type":"Feature","properties":{"id":"transit_route:gtfs_mumbai_best:TMT_93_1","field":"public_transport","kind":"transit_route","name":"Thane Station Satis (West) to Dadlani Park (UP)","ref":"93","status":"operational","opened_on":null,"expected_completion":null,"agency":"BEST","source":"gtfs_mumbai_best","confidence":0.7,"mode":"bus","tier":"secondary","geometry_source":"stop_sequence"},"geometry":{"type":"LineString","coordinates":[[72.9772,19.1871],[72.976,19.1904],[72.9773,19.1994],[72.9793,19.2013],[72.977,19.2095],[72.9776,19.2211],[72.9834,19.2185],[72.9895,19.2215],[72.9958,19.2226]]}},{"type":"Feature","properties":{"id":"transit_route:gtfs_mumbai_best:TMT_94_1","field":"public_transport","kind":"transit_route","name":"Thane Station Satis (West) to Everest Gate No 3 (UP)","ref":"94","status":"operational","opened_on":null,"expected_completion":null,"agency":"BEST","source":"gtfs_mumbai_best","confidence":0.7,"mode":"bus","tier":"secondary","geometry_source":"stop_sequence"},"geometry":{"type":"LineString","coordinates":[[72.9772,19.1873],[72.9762,19.1906],[72.9772,19.197],[72.9793,19.2013],[72.9771,19.2111],[72.9775,19.2144],[72.9801,19.2179],[72.8824,19.2723],[72.9834,19.2185],[72.98,19.2255],[72.9804,19.2273],[72.9855,19.2306],[72.9851,19.2317]]}},{"type":"Feature","properties":{"id":"transit_route:gtfs_mumbai_best:TMT_94_0","field":"public_transport","kind":"transit_route","name":"Everest Gate No 3 to Thane Station Satis (West) (DOWN)","ref":"94","status":"operational","opened_on":null,"expected_completion":null,"agency":"BEST","source":"gtfs_mumbai_best","confidence":0.7,"mode":"bus","tier":"secondary","geometry_source":"stop_sequence"},"geometry":{"type":"LineString","coordinates":[[72.9848,19.2316],[72.9857,19.2308],[72.9801,19.226],[72.9839,19.2184],[72.9799,19.2175],[72.9774,19.2105],[72.9796,19.2011],[72.977,19.1944],[72.9772,19.1873]]}},{"type":"Feature","properties":{"id":"transit_route:gtfs_mumbai_best:TMT_95_0","field":"public_transport","kind":"transit_route","name":"Kolshet Gaon to Thane Station Satis (West) (DOWN)","ref":"95","status":"operational","opened_on":null,"expected_completion":null,"agency":"BEST","source":"gtfs_mumbai_best","confidence":0.7,"mode":"bus","tier":"secondary","geometry_source":"stop_sequence"},"geometry":{"type":"LineString","coordinates":[[72.9908,19.2391],[72.9917,19.2402],[72.986,19.2307],[72.9807,19.2272],[72.9783,19.2187],[72.9771,19.2042],[72.9717,19.1984],[72.9725,19.1952],[72.9674,19.1915],[72.9677,19.189],[72.9715,19.1876],[72.9747,19.1888],[72.9772,19.1873]]}},{"type":"Feature","properties":{"id":"transit_route:gtfs_mumbai_best:TMT_95_1","field":"public_transport","kind":"transit_route","name":"Thane Station Satis (West) to Kolshet Gaon (UP)","ref":"95","status":"operational","opened_on":null,"expected_completion":null,"agency":"BEST","source":"gtfs_mumbai_best","confidence":0.7,"mode":"bus","tier":"secondary","geometry_source":"stop_sequence"},"geometry":{"type":"LineString","coordinates":[[72.9772,19.1873],[72.9715,19.1876],[72.9747,19.1888],[72.9677,19.189],[72.9733,19.2008],[72.9772,19.2041],[72.9776,19.2211],[72.979,19.2215],[72.9804,19.2272],[72.9862,19.2313],[72.9917,19.2402],[72.9908,19.2391]]}},{"type":"Feature","properties":{"id":"transit_route:gtfs_mumbai_best:TMT_97_1","field":"public_transport","kind":"transit_route","name":"Thane Station Satis (West) to Dosti West County (Balkum) (UP)","ref":"97","status":"operational","opened_on":null,"expected_completion":null,"agency":"BEST","source":"gtfs_mumbai_best","confidence":0.7,"mode":"bus","tier":"secondary","geometry_source":"stop_sequence"},"geometry":{"type":"LineString","coordinates":[[72.9772,19.1871],[72.9761,19.1978],[72.9793,19.2013],[72.977,19.2095],[72.9776,19.2211],[72.9819,19.2182],[72.9834,19.2185],[72.9941,19.2246]]}},{"type":"Feature","properties":{"id":"transit_route:gtfs_mumbai_best:TMT_96_1","field":"public_transport","kind":"transit_route","name":"Thane Station Satis (West) to Manorama Nagar (UP)","ref":"96","status":"operational","opened_on":null,"expected_completion":null,"agency":"BEST","source":"gtfs_mumbai_best","confidence":0.7,"mode":"bus","tier":"secondary","geometry_source":"stop_sequence"},"geometry":{"type":"LineString","coordinates":[[72.9808,19.2324],[72.9717,19.1876],[72.9807,19.2272],[72.9675,19.1887],[72.9809,19.2256],[72.9839,19.2184],[72.9799,19.2175],[72.978,19.2143],[72.9777,19.2055],[72.9764,19.2026],[72.9777,19.2163],[72.9733,19.2005],[72.9687,19.1917],[72.9686,19.1874],[72.9772,19.1873]]}},{"type":"Feature","properties":{"id":"transit_route:gtfs_mumbai_best:TMT_96_0","field":"public_transport","kind":"transit_route","name":"Manorama Nagar to Thane Station Satis (West) (DOWN)","ref":"96","status":"operational","opened_on":null,"expected_completion":null,"agency":"BEST","source":"gtfs_mumbai_best","confidence":0.7,"mode":"bus","tier":"secondary","geometry_source":"stop_sequence"},"geometry":{"type":"LineString","coordinates":[[72.9772,19.1873],[72.9688,19.1872],[72.9685,19.1918],[72.9732,19.2007],[72.9781,19.2157],[72.9754,19.2021],[72.9775,19.2055],[72.9774,19.2074],[72.9771,19.2111],[72.9775,19.2145],[72.9801,19.2179],[72.9834,19.2185],[72.9805,19.2273],[72.9715,19.1876],[72.9801,19.2296],[72.9808,19.2324]]}},{"type":"Feature","properties":{"id":"transit_route:gtfs_mumbai_best:TMT_97_0","field":"public_transport","kind":"transit_route","name":"Dosti West County (Balkum) to Thane Station Satis (West) (DOWN)","ref":"97","status":"operational","opened_on":null,"expected_completion":null,"agency":"BEST","source":"gtfs_mumbai_best","confidence":0.7,"mode":"bus","tier":"secondary","geometry_source":"stop_sequence"},"geometry":{"type":"LineString","coordinates":[[72.9941,19.2246],[72.9819,19.2178],[72.978,19.2208],[72.9771,19.2085],[72.9796,19.2012],[72.9761,19.1978],[72.9772,19.1871]]}},{"type":"Feature","properties":{"id":"transit_route:gtfs_mumbai_best:TMT_98_1","field":"public_transport","kind":"transit_route","name":"Thane Station Satis (West) to Kolshet Gaon (UP)","ref":"98","status":"operational","opened_on":null,"expected_completion":null,"agency":"BEST","source":"gtfs_mumbai_best","confidence":0.7,"mode":"bus","tier":"secondary","geometry_source":"stop_sequence"},"geometry":{"type":"LineString","coordinates":[[72.9772,19.1873],[72.9767,19.1939],[72.9793,19.2013],[72.9774,19.2053],[72.9775,19.2144],[72.9801,19.2179],[72.9834,19.2185],[72.9804,19.2273],[72.9863,19.2313],[72.9908,19.2391],[72.9963,19.2441]]}},{"type":"Feature","properties":{"id":"transit_route:gtfs_mumbai_best:TMT_98_0","field":"public_transport","kind":"transit_route","name":"Kolshet Gaon to Thane Station Satis (West) (DOWN)","ref":"98","status":"operational","opened_on":null,"expected_completion":null,"agency":"BEST","source":"gtfs_mumbai_best","confidence":0.7,"mode":"bus","tier":"secondary","geometry_source":"stop_sequence"},"geometry":{"type":"LineString","coordinates":[[72.9963,19.2441],[72.9908,19.2388],[72.986,19.2307],[72.9807,19.2272],[72.9839,19.2184],[72.9799,19.2175],[72.978,19.2143],[72.9774,19.2054],[72.9796,19.2011],[72.977,19.1944],[72.9772,19.1873]]}},{"type":"Feature","properties":{"id":"transit_route:gtfs_mumbai_best:TMT_99_1","field":"public_transport","kind":"transit_route","name":"Retibunder Circle to Neptune Element (UP)","ref":"99","status":"operational","opened_on":null,"expected_completion":null,"agency":"BEST","source":"gtfs_mumbai_best","confidence":0.7,"mode":"bus","tier":"secondary","geometry_source":"stop_sequence"},"geometry":{"type":"LineString","coordinates":[[73.0154,19.2104],[73.0047,19.2032],[72.9872,19.1955],[72.9811,19.1989],[72.984,19.1971],[72.9756,19.2008],[72.9733,19.2006],[72.9677,19.1905],[72.958,19.1857],[72.9566,19.1855],[72.9552,19.1874],[72.9553,19.1911],[72.9539,19.1934],[72.9496,19.1945],[72.9489,19.1924]]}},{"type":"Feature","properties":{"id":"transit_route:gtfs_mumbai_best:TMT_99_0","field":"public_transport","kind":"transit_route","name":"Neptune Element to Retibunder Circle (DOWN)","ref":"99","status":"operational","opened_on":null,"expected_completion":null,"agency":"BEST","source":"gtfs_mumbai_best","confidence":0.7,"mode":"bus","tier":"secondary","geometry_source":"stop_sequence"},"geometry":{"type":"LineString","coordinates":[[72.9489,19.1924],[72.9498,19.1947],[72.9538,19.1937],[72.9555,19.1912],[72.9554,19.1877],[72.9567,19.1858],[72.9581,19.186],[72.9679,19.191],[72.9732,19.2007],[72.9756,19.2008],[72.9836,19.1969],[72.9811,19.1989],[72.9871,19.1952],[73.0046,19.2029],[73.0159,19.2104]]}},{"type":"Feature","properties":{"id":"transit_route:gtfs_mumbai_best:TMT_102_0","field":"public_transport","kind":"transit_route","name":"Mulund Station West to Lokmanya Nagar (DOWN)","ref":"102","status":"operational","opened_on":null,"expected_completion":null,"agency":"BEST","source":"gtfs_mumbai_best","confidence":0.7,"mode":"bus","tier":"secondary","geometry_source":"stop_sequence"},"geometry":{"type":"LineString","coordinates":[[72.958,19.1738],[72.9525,19.1769],[72.9717,19.1876],[72.9453,19.1792],[72.9502,19.1836],[72.9543,19.1845],[72.9552,19.1911],[72.9538,19.1934],[72.9555,19.1977],[72.9539,19.2002],[72.9542,19.206],[72.9702,19.1929],[72.9523,19.2094]]}},{"type":"Feature","properties":{"id":"transit_route:gtfs_mumbai_best:TMT_102_1","field":"public_transport","kind":"transit_route","name":"Lokmanya Nagar to Mulund Station West (UP)","ref":"102","status":"operational","opened_on":null,"expected_completion":null,"agency":"BEST","source":"gtfs_mumbai_best","confidence":0.7,"mode":"bus","tier":"secondary","geometry_source":"stop_sequence"},"geometry":{"type":"LineString","coordinates":[[72.9516,19.1943],[72.9535,19.2086],[72.9548,19.208],[72.9543,19.2038],[72.9717,19.1876],[72.9538,19.2019],[72.9555,19.198],[72.954,19.1936],[72.9553,19.1922],[72.9562,19.1854],[72.9502,19.1833],[72.9455,19.179],[72.9507,19.1787],[72.9499,19.1781],[72.9529,19.1755],[72.9518,19.1738],[72.9516,19.1945]]}},{"type":"Feature","properties":{"id":"transit_route:gtfs_mumbai_best:TMT_104_0","field":"public_transport","kind":"transit_route","name":"Mulund Station West to Wagle Agar (DOWN)","ref":"104","status":"operational","opened_on":null,"expected_completion":null,"agency":"BEST","source":"gtfs_mumbai_best","confidence":0.7,"mode":"bus","tier":"secondary","geometry_source":"stop_sequence"},"geometry":{"type":"LineString","coordinates":[[72.9567,19.1731],[72.9506,19.1786],[72.9453,19.1792],[72.9502,19.1833],[72.9543,19.1845],[72.9552,19.1874],[72.9538,19.1944],[72.9457,19.195],[72.9771,19.2085],[72.9819,19.2182],[72.9774,19.2073],[72.9438,19.202],[72.9788,19.2026]]}},{"type":"Feature","properties":{"id":"transit_route:gtfs_mumbai_best:TMT_104_1","field":"public_transport","kind":"transit_route","name":"Wagle Agar to Mulund Station West (UP)","ref":"104","status":"operational","opened_on":null,"expected_completion":null,"agency":"BEST","source":"gtfs_mumbai_best","confidence":0.7,"mode":"bus","tier":"secondary","geometry_source":"stop_sequence"},"geometry":{"type":"LineString","coordinates":[[72.9459,19.2016],[72.944,19.202],[72.9438,19.2008],[72.9761,19.1978],[72.9941,19.2246],[72.977,19.1944],[72.9499,19.1948],[72.9772,19.1871],[72.954,19.1936],[72.9556,19.1911],[72.9554,19.1877],[72.9567,19.1859],[72.9761,19.1978],[72.9455,19.179],[72.95,19.1781],[72.9567,19.173]]}},{"type":"Feature","properties":{"id":"transit_route:gtfs_mumbai_best:TMT_106_1","field":"public_transport","kind":"transit_route","name":"Thane Station Satis (West) to Wagle Circle (UP)","ref":"106","status":"operational","opened_on":null,"expected_completion":null,"agency":"BEST","source":"gtfs_mumbai_best","confidence":0.7,"mode":"bus","tier":"secondary","geometry_source":"stop_sequence"},"geometry":{"type":"LineString","coordinates":[[72.9772,19.1871],[72.9747,19.1888],[72.9717,19.1876],[72.9675,19.1887],[72.9677,19.1905],[72.9647,19.1944],[72.9627,19.1877],[72.9687,19.1918],[72.9582,19.186],[72.9555,19.1857],[72.9552,19.1911],[72.9539,19.1934],[72.9498,19.1947]]}},{"type":"Feature","properties":{"id":"transit_route:gtfs_mumbai_best:TMT_106_0","field":"public_transport","kind":"transit_route","name":"Wagle Circle to Thane Station Satis (West) (DOWN)","ref":"106","status":"operational","opened_on":null,"expected_completion":null,"agency":"BEST","source":"gtfs_mumbai_best","confidence":0.7,"mode":"bus","tier":"secondary","geometry_source":"stop_sequence"},"geometry":{"type":"LineString","coordinates":[[72.9496,19.1945],[72.9539,19.1934],[72.9552,19.1911],[72.9555,19.1857],[72.9611,19.1869],[72.9679,19.191],[72.9677,19.189],[72.9772,19.1871]]}},{"type":"Feature","properties":{"id":"transit_route:gtfs_mumbai_best:TMT_108_0","field":"public_transport","kind":"transit_route","name":"Iskcon Temple to Thane Station Satis (West) (DOWN)","ref":"108","status":"operational","opened_on":null,"expected_completion":null,"agency":"BEST","source":"gtfs_mumbai_best","confidence":0.7,"mode":"bus","tier":"secondary","geometry_source":"stop_sequence"},"geometry":{"type":"LineString","coordinates":[[72.9887,19.2231],[72.9874,19.2226],[72.9909,19.2167],[72.9824,19.2222],[72.9836,19.2183],[72.9799,19.2175],[72.9781,19.2157],[72.9773,19.2106],[72.9774,19.2074],[72.9775,19.1944],[72.978,19.2029],[72.9785,19.197],[72.977,19.1944],[72.9687,19.1918],[72.9772,19.1871]]}},{"type":"Feature","properties":{"id":"transit_route:gtfs_mumbai_best:TMT_108_1","field":"public_transport","kind":"transit_route","name":"Thane Station Satis (West) to Iskcon Temple (UP)","ref":"108","status":"operational","opened_on":null,"expected_completion":null,"agency":"BEST","source":"gtfs_mumbai_best","confidence":0.7,"mode":"bus","tier":"secondary","geometry_source":"stop_sequence"},"geometry":{"type":"LineString","coordinates":[[72.9772,19.1871],[72.9774,19.2144],[72.9801,19.2179],[72.9835,19.2186],[72.9822,19.2224],[72.9931,19.2188],[72.9886,19.2233]]}},{"type":"Feature","properties":{"id":"transit_route:gtfs_mumbai_best:TMT_110_0","field":"public_transport","kind":"transit_route","name":"Pawar Nagar to Mulund Station West (DOWN)","ref":"110","status":"operational","opened_on":null,"expected_completion":null,"agency":"BEST","source":"gtfs_mumbai_best","confidence":0.7,"mode":"bus","tier":"secondary","geometry_source":"stop_sequence"},"geometry":{"type":"LineString","coordinates":[[72.9715,19.1876],[72.9672,19.2287],[72.9696,19.2284],[72.9701,19.2181],[72.9672,19.2191],[72.9615,19.2204],[72.9659,19.2336],[72.9529,19.2187],[72.9583,19.215],[72.9617,19.2106],[72.9614,19.2092],[72.9569,19.2063],[72.9548,19.208],[72.9541,19.2052],[72.954,19.2001],[72.9555,19.1979],[72.954,19.1936],[72.9555,19.1911],[72.9563,19.1854],[72.9502,19.1833],[72.9455,19.179],[72.95,19.1781],[72.9567,19.173]]}},{"type":"Feature","properties":{"id":"transit_route:gtfs_mumbai_best:TMT_111_0","field":"public_transport","kind":"transit_route","name":"Thane East Kopri to Wagle Agar (DOWN)","ref":"111","status":"operational","opened_on":null,"expected_completion":null,"agency":"BEST","source":"gtfs_mumbai_best","confidence":0.7,"mode":"bus","tier":"secondary","geometry_source":"stop_sequence"},"geometry":{"type":"LineString","coordinates":[[72.9765,19.1847],[72.9734,19.1848],[72.9678,19.1818],[72.9672,19.1864],[72.9674,19.1874],[72.9675,19.1887],[72.9677,19.1905],[72.9636,19.1883],[72.9614,19.1867],[72.9562,19.1854],[73.0159,19.2104],[72.9992,19.2005],[72.9438,19.202],[72.9957,19.1988]]}},{"type":"Feature","properties":{"id":"transit_route:gtfs_mumbai_best:TMT_110_1","field":"public_transport","kind":"transit_route","name":"Mulund Station West to Pawar Nagar (UP)","ref":"110","status":"operational","opened_on":null,"expected_completion":null,"agency":"BEST","source":"gtfs_mumbai_best","confidence":0.7,"mode":"bus","tier":"secondary","geometry_source":"stop_sequence"},"geometry":{"type":"LineString","coordinates":[[72.9567,19.1731],[72.9506,19.1786],[72.9453,19.1792],[72.9502,19.1833],[72.9543,19.1845],[72.9553,19.1911],[72.9538,19.1944],[72.9555,19.1977],[72.9539,19.2002],[72.9687,19.1918],[72.954,19.2051],[72.9547,19.208],[72.9569,19.2063],[72.9617,19.21],[72.9579,19.2148],[72.9527,19.2186],[72.9654,19.2335],[72.9619,19.2205],[72.9648,19.2195],[72.9671,19.2193],[72.9703,19.2184],[72.97,19.2219],[72.9674,19.1915],[72.9696,19.2278],[72.9677,19.189],[72.966,19.2289]]}},{"type":"Feature","properties":{"id":"transit_route:gtfs_mumbai_best:TMT_111_1","field":"public_transport","kind":"transit_route","name":"Wagle Agar to Thane East Kopri (UP)","ref":"111","status":"operational","opened_on":null,"expected_completion":null,"agency":"BEST","source":"gtfs_mumbai_best","confidence":0.7,"mode":"bus","tier":"secondary","geometry_source":"stop_sequence"},"geometry":{"type":"LineString","coordinates":[[72.9459,19.2016],[72.944,19.202],[72.9433,19.1955],[72.954,19.1936],[72.9567,19.1859],[72.9679,19.191],[72.9677,19.1817],[72.9733,19.1849],[72.9766,19.185]]}},{"type":"Feature","properties":{"id":"transit_route:gtfs_mumbai_best:TMT_112_1","field":"public_transport","kind":"transit_route","name":"Thane Station Satis (West) to Lodha Iris (UP)","ref":"112","status":"operational","opened_on":null,"expected_completion":null,"agency":"BEST","source":"gtfs_mumbai_best","confidence":0.7,"mode":"bus","tier":"secondary","geometry_source":"stop_sequence"},"geometry":{"type":"LineString","coordinates":[[72.9772,19.1873],[72.976,19.1906],[72.9767,19.1939],[72.9797,19.1979],[72.9771,19.2111],[72.9845,19.2115],[72.9841,19.2145],[72.9858,19.2152]]}},{"type":"Feature","properties":{"id":"transit_route:gtfs_mumbai_best:TMT_112_0","field":"public_transport","kind":"transit_route","name":"Lodha Iris to Thane Station Satis (West) (DOWN)","ref":"112","status":"operational","opened_on":null,"expected_completion":null,"agency":"BEST","source":"gtfs_mumbai_best","confidence":0.7,"mode":"bus","tier":"secondary","geometry_source":"stop_sequence"},"geometry":{"type":"LineString","coordinates":[[72.9853,19.2148],[72.9841,19.2108],[72.9773,19.2106],[72.98,19.1979],[72.977,19.1944],[72.9772,19.1873]]}},{"type":"Feature","properties":{"id":"transit_route:gtfs_mumbai_best:TMT_113_1","field":"public_transport","kind":"transit_route","name":"Chendani Koliwada to Lodha Crown (UP)","ref":"113","status":"operational","opened_on":null,"expected_completion":null,"agency":"BEST","source":"gtfs_mumbai_best","confidence":0.7,"mode":"bus","tier":"secondary","geometry_source":"stop_sequence"},"geometry":{"type":"LineString","coordinates":[[72.9793,19.1886],[72.9827,19.1942],[72.9851,19.2048],[72.9922,19.2063],[72.9906,19.2151]]}},{"type":"Feature","properties":{"id":"transit_route:gtfs_mumbai_best:TMT_113_0","field":"public_transport","kind":"transit_route","name":"Lodha Crown to Chendani Koliwada (DOWN)","ref":"113","status":"operational","opened_on":null,"expected_completion":null,"agency":"BEST","source":"gtfs_mumbai_best","confidence":0.7,"mode":"bus","tier":"secondary","geometry_source":"stop_sequence"},"geometry":{"type":"LineString","coordinates":[[72.9906,19.2151],[72.9925,19.2066],[72.9851,19.2048],[72.9841,19.1972],[72.9808,19.1918],[72.98,19.1877]]}},{"type":"Feature","properties":{"id":"transit_route:gtfs_mumbai_best:TMT_115_0","field":"public_transport","kind":"transit_route","name":"Mulund Station West to Laxmi Park (DOWN)","ref":"115","status":"operational","opened_on":null,"expected_completion":null,"agency":"BEST","source":"gtfs_mumbai_best","confidence":0.7,"mode":"bus","tier":"secondary","geometry_source":"stop_sequence"},"geometry":{"type":"LineString","coordinates":[[72.9579,19.1737],[72.9526,19.1769],[72.9556,19.1856],[72.9552,19.1911],[72.9538,19.1934],[72.9491,19.1944],[72.9494,19.2024],[72.9687,19.1918],[72.9505,19.207],[72.9522,19.2092],[72.9547,19.2083],[72.9553,19.212]]}},{"type":"Feature","properties":{"id":"transit_route:gtfs_mumbai_best:TMT_115_1","field":"public_transport","kind":"transit_route","name":"Laxmi Park to Mulund Station West (UP)","ref":"115","status":"operational","opened_on":null,"expected_completion":null,"agency":"BEST","source":"gtfs_mumbai_best","confidence":0.7,"mode":"bus","tier":"secondary","geometry_source":"stop_sequence"},"geometry":{"type":"LineString","coordinates":[[72.9555,19.212],[72.9544,19.2083],[72.9523,19.2094],[72.9506,19.2071],[72.9494,19.2024],[72.9499,19.1948],[72.954,19.1936],[72.9556,19.1911],[72.9558,19.1852],[72.9526,19.1769],[72.9674,19.1915]]}},{"type":"Feature","properties":{"id":"transit_route:gtfs_mumbai_best:TMT_118_0","field":"public_transport","kind":"transit_route","name":"Mental Hospital to Thane Station Satis (West) (DOWN)","ref":"118","status":"operational","opened_on":null,"expected_completion":null,"agency":"BEST","source":"gtfs_mumbai_best","confidence":0.7,"mode":"bus","tier":"secondary","geometry_source":"stop_sequence"},"geometry":{"type":"LineString","coordinates":[[72.9615,19.1833],[72.964,19.1833],[72.9615,19.1846],[72.9774,19.2073],[72.9674,19.1915],[72.9686,19.1874],[72.9747,19.1888],[72.9772,19.1873]]}},{"type":"Feature","properties":{"id":"transit_route:gtfs_mumbai_best:TMT_118_1","field":"public_transport","kind":"transit_route","name":"Thane Station Satis (West) to Mental Hospital (UP)","ref":"118","status":"operational","opened_on":null,"expected_completion":null,"agency":"BEST","source":"gtfs_mumbai_best","confidence":0.7,"mode":"bus","tier":"secondary","geometry_source":"stop_sequence"},"geometry":{"type":"LineString","coordinates":[[72.9772,19.1871],[72.9742,19.188],[72.9688,19.1872],[72.9687,19.1918],[72.9635,19.1875],[72.9643,19.1835],[72.9622,19.1833]]}},{"type":"Feature","properties":{"id":"transit_route:gtfs_mumbai_best:TMT_120_0","field":"public_transport","kind":"transit_route","name":"Kelkar College to Vrindavan Society (DOWN)","ref":"120","status":"operational","opened_on":null,"expected_completion":null,"agency":"BEST","source":"gtfs_mumbai_best","confidence":0.7,"mode":"bus","tier":"secondary","geometry_source":"stop_sequence"},"geometry":{"type":"LineString","coordinates":[[72.9566,19.163],[72.9598,19.166],[72.9618,19.1735],[72.9579,19.1737],[72.9506,19.1786],[72.9453,19.1792],[72.9483,19.1833],[72.9627,19.1881],[72.967,19.1875],[72.9732,19.2008],[72.9783,19.2059],[72.9822,19.206],[72.9827,19.2084]]}},{"type":"Feature","properties":{"id":"transit_route:gtfs_mumbai_best:TMT_121_0","field":"public_transport","kind":"transit_route","name":"Kelkar College to Dharmachapada/Brahmand Society (DOWN)","ref":"121","status":"operational","opened_on":null,"expected_completion":null,"agency":"BEST","source":"gtfs_mumbai_best","confidence":0.7,"mode":"bus","tier":"secondary","geometry_source":"stop_sequence"},"geometry":{"type":"LineString","coordinates":[[72.9566,19.1629],[72.9598,19.166],[72.9618,19.1735],[72.958,19.1738],[72.9505,19.1786],[72.9453,19.1792],[72.9626,19.1879],[72.9629,19.1991],[72.9773,19.2145],[72.9755,19.241],[72.9805,19.2394],[72.9861,19.2475]]}},{"type":"Feature","properties":{"id":"transit_route:gtfs_mumbai_best:TMT_120_1","field":"public_transport","kind":"transit_route","name":"Vrindavan Society to Kelkar College (UP)","ref":"120","status":"operational","opened_on":null,"expected_completion":null,"agency":"BEST","source":"gtfs_mumbai_best","confidence":0.7,"mode":"bus","tier":"secondary","geometry_source":"stop_sequence"},"geometry":{"type":"LineString","coordinates":[[72.9828,19.2084],[72.982,19.206],[72.9784,19.2056],[72.9732,19.2005],[72.967,19.1875],[72.963,19.1878],[72.9502,19.1833],[72.9455,19.179],[72.95,19.1781],[72.9763,19.1905],[72.9544,19.174],[72.9619,19.1739],[72.9602,19.1664],[72.9566,19.1627]]}},{"type":"Feature","properties":{"id":"transit_route:gtfs_mumbai_best:TMT_121_1","field":"public_transport","kind":"transit_route","name":"Dharmachapada/Brahmand Society to Kelkar College (UP)","ref":"121","status":"operational","opened_on":null,"expected_completion":null,"agency":"BEST","source":"gtfs_mumbai_best","confidence":0.7,"mode":"bus","tier":"secondary","geometry_source":"stop_sequence"},"geometry":{"type":"LineString","coordinates":[[72.9861,19.2475],[72.9807,19.2395],[72.9759,19.241],[72.978,19.2143],[72.9634,19.1988],[72.9626,19.1956],[72.9637,19.1893],[72.9612,19.1867],[72.9502,19.1833],[72.9457,19.1796],[72.9506,19.1787],[72.9526,19.1769],[72.9619,19.1739],[72.9602,19.1665],[72.9567,19.1627]]}},{"type":"Feature","properties":{"id":"transit_route:gtfs_mumbai_best:TMT_122_1","field":"public_transport","kind":"transit_route","name":"Bramhand to Mulund Station West (UP)","ref":"122","status":"operational","opened_on":null,"expected_completion":null,"agency":"BEST","source":"gtfs_mumbai_best","confidence":0.7,"mode":"bus","tier":"secondary","geometry_source":"stop_sequence"},"geometry":{"type":"LineString","coordinates":[[72.9861,19.2475],[72.9807,19.2395],[72.9759,19.241],[72.9763,19.2353],[72.9703,19.2365],[72.9701,19.2225],[72.9669,19.2225],[72.9661,19.2195],[72.9618,19.2203],[72.9599,19.2194],[72.9582,19.215],[72.9617,19.2105],[72.9614,19.2092],[72.9569,19.207],[72.9546,19.2075],[72.9537,19.202],[72.9557,19.1978],[72.9538,19.1937],[72.9552,19.1921],[72.9544,19.1843],[72.9472,19.1819],[72.9457,19.1796],[72.9506,19.1787],[72.9571,19.1737]]}},{"type":"Feature","properties":{"id":"transit_route:gtfs_mumbai_best:TMT_122_0","field":"public_transport","kind":"transit_route","name":"Mulund Station West to Bramhand (DOWN)","ref":"122","status":"operational","opened_on":null,"expected_completion":null,"agency":"BEST","source":"gtfs_mumbai_best","confidence":0.7,"mode":"bus","tier":"secondary","geometry_source":"stop_sequence"},"geometry":{"type":"LineString","coordinates":[[72.958,19.1738],[72.9505,19.1786],[72.9453,19.1792],[72.9469,19.1821],[72.9543,19.1845],[72.9553,19.1911],[72.9539,19.1934],[72.9557,19.1976],[72.9537,19.2026],[72.9547,19.2078],[72.9569,19.2071],[72.9618,19.21],[72.958,19.2147],[72.9598,19.2195],[72.9618,19.2204],[72.9661,19.2195],[72.9669,19.2225],[72.9698,19.2225],[72.9702,19.2366],[72.9756,19.2365],[72.9756,19.241],[72.9806,19.2394],[72.9861,19.2475]]}},{"type":"Feature","properties":{"id":"transit_route:gtfs_mumbai_best:TMT_126_1","field":"public_transport","kind":"transit_route","name":"Reserve Bank India (BKC) to Hiranandani Estate / Gold Craft (UP)","ref":"126","status":"operational","opened_on":null,"expected_completion":null,"agency":"BEST","source":"gtfs_mumbai_best","confidence":0.7,"mode":"bus","tier":"secondary","geometry_source":"stop_sequence"},"geometry":{"type":"LineString","coordinates":[[72.8531,19.0579],[72.8591,19.0617],[72.8615,19.0649],[72.8716,19.0711],[72.8728,19.0755],[72.8943,19.0654],[72.9047,19.0694],[72.9105,19.0733],[72.9206,19.0838],[72.9415,19.1303],[72.9683,19.1736],[72.9632,19.1892],[72.9623,19.1961],[72.963,19.199],[72.9746,19.2097],[72.9773,19.2145],[72.9777,19.2237],[72.9758,19.2392],[72.9807,19.2396],[72.9774,19.2404],[72.9832,19.2477],[72.9811,19.2409],[72.9827,19.2435],[72.9822,19.2455],[72.9779,19.2483],[72.9837,19.2572]]}},{"type":"Feature","properties":{"id":"transit_route:gtfs_mumbai_best:TMT_126_0","field":"public_transport","kind":"transit_route","name":"Hiranandani Estate / Gold Craft to Reserve Bank India (BKC) (DOWN)","ref":"126","status":"operational","opened_on":null,"expected_completion":null,"agency":"BEST","source":"gtfs_mumbai_best","confidence":0.7,"mode":"bus","tier":"secondary","geometry_source":"stop_sequence"},"geometry":{"type":"LineString","coordinates":[[72.9837,19.2572],[72.9779,19.2483],[72.9822,19.2455],[72.9827,19.2435],[72.9811,19.2409],[72.9832,19.2477],[72.9774,19.2404],[72.9807,19.2396],[72.9758,19.2392],[72.9777,19.2237],[72.9773,19.2145],[72.9746,19.2097],[72.963,19.199],[72.9623,19.1961],[72.9632,19.1892],[72.9683,19.1736],[72.9415,19.1303],[72.9206,19.0838],[72.9105,19.0733],[72.9047,19.0694],[72.8943,19.0654],[72.8728,19.0755],[72.8716,19.0711],[72.8615,19.0649],[72.8591,19.0617],[72.8531,19.0579]]}},{"type":"Feature","properties":{"id":"transit_route:gtfs_mumbai_best:TMT_140_1","field":"public_transport","kind":"transit_route","name":"Diva Railway Station East to Dombivali Railway Station East (UP)","ref":"140","status":"operational","opened_on":null,"expected_completion":null,"agency":"BEST","source":"gtfs_mumbai_best","confidence":0.7,"mode":"bus","tier":"secondary","geometry_source":"stop_sequence"},"geometry":{"type":"LineString","coordinates":[[73.0428,19.1886],[73.0469,19.1843],[73.0556,19.1835],[73.0627,19.1788],[73.0694,19.1897],[73.0556,19.1607],[73.073,19.1812],[73.0893,19.187],[73.092,19.187],[73.0942,19.2153],[73.0944,19.1903],[73.0993,19.1973],[73.1092,19.2073],[73.1055,19.2133],[73.0987,19.216],[73.0945,19.2153],[73.091,19.2144],[73.0889,19.2174]]}},{"type":"Feature","properties":{"id":"transit_route:gtfs_mumbai_best:TMT_140_0","field":"public_transport","kind":"transit_route","name":"Dombivali Railway Station East to Diva Railway Station East (DOWN)","ref":"140","status":"operational","opened_on":null,"expected_completion":null,"agency":"BEST","source":"gtfs_mumbai_best","confidence":0.7,"mode":"bus","tier":"secondary","geometry_source":"stop_sequence"},"geometry":{"type":"LineString","coordinates":[[73.0894,19.2174],[73.0944,19.2156],[73.099,19.2162],[73.1057,19.2134],[73.1075,19.212],[73.1093,19.2072],[73.0944,19.1903],[73.0944,19.2155],[73.092,19.1868],[73.0892,19.1869],[73.073,19.1812],[73.0573,19.1635],[73.0694,19.1897],[73.0627,19.1788],[73.0556,19.1835],[73.0469,19.1843],[73.0428,19.1886]]}},{"type":"Feature","properties":{"id":"transit_route:gtfs_mumbai_best:TMT_141_0","field":"public_transport","kind":"transit_route","name":"Vashi Railway Station to Diva Railway Station East (DOWN)","ref":"141","status":"operational","opened_on":null,"expected_completion":null,"agency":"BEST","source":"gtfs_mumbai_best","confidence":0.7,"mode":"bus","tier":"secondary","geometry_source":"stop_sequence"},"geometry":{"type":"LineString","coordinates":[[72.9977,19.0644],[72.9977,19.0754],[73.0084,19.0737],[73.0092,19.0671],[73.0161,19.0675],[73.0189,19.0698],[73.0277,19.0718],[73.0268,19.0803],[73.0279,19.0859],[73.022,19.1134],[73.03,19.1112],[73.033,19.1124],[73.0351,19.1208],[73.036,19.1396],[73.0401,19.147],[73.0456,19.1517],[73.0467,19.1546],[73.0463,19.1669],[73.0439,19.1786],[73.0478,19.1869]]}},{"type":"Feature","properties":{"id":"transit_route:gtfs_mumbai_best:TMT_141_1","field":"public_transport","kind":"transit_route","name":"Diva Railway Station East to Vashi Railway Station (UP)","ref":"141","status":"operational","opened_on":null,"expected_completion":null,"agency":"BEST","source":"gtfs_mumbai_best","confidence":0.7,"mode":"bus","tier":"secondary","geometry_source":"stop_sequence"},"geometry":{"type":"LineString","coordinates":[[73.0478,19.1869],[73.0445,19.1786],[73.0467,19.1669],[73.0462,19.1514],[73.0403,19.1468],[73.0363,19.1397],[73.0353,19.1208],[73.0332,19.1121],[73.0297,19.1109],[73.0216,19.1128],[73.0276,19.0897],[73.0279,19.0714],[73.02,19.0703],[73.0159,19.0664],[73.0092,19.067],[73.0084,19.0735],[73.0012,19.0741],[72.9982,19.0758],[72.9968,19.0685],[72.9973,19.0638]]}},{"type":"Feature","properties":{"id":"transit_route:gtfs_mumbai_best:TMT_142_0","field":"public_transport","kind":"transit_route","name":"Teen Hath Naka / Highway Darshan to Maulana Azad TMC Krida (DOWN)","ref":"142","status":"operational","opened_on":null,"expected_completion":null,"agency":"BEST","source":"gtfs_mumbai_best","confidence":0.7,"mode":"bus","tier":"secondary","geometry_source":"stop_sequence"},"geometry":{"type":"LineString","coordinates":[[72.9632,19.1892],[72.9629,19.199],[72.978,19.2143],[72.9817,19.2118],[73.0003,19.2082],[73.0075,19.2126],[73.0126,19.2141],[73.0172,19.2093],[73.0225,19.2005],[73.0228,19.1903],[73.0215,19.1871],[73.0228,19.1774],[73.0301,19.1771],[73.0323,19.1657]]}},{"type":"Feature","properties":{"id":"transit_route:gtfs_mumbai_best:TMT_146_1","field":"public_transport","kind":"transit_route","name":"Thane Station Satis (West) to Gholai Nagar (UP)","ref":"146","status":"operational","opened_on":null,"expected_completion":null,"agency":"BEST","source":"gtfs_mumbai_best","confidence":0.7,"mode":"bus","tier":"secondary","geometry_source":"stop_sequence"},"geometry":{"type":"LineString","coordinates":[[72.9772,19.1871],[72.9767,19.1938],[72.9772,19.1971],[72.9813,19.1991],[72.9832,19.1944],[72.9876,19.1964],[72.9687,19.1918],[72.9957,19.1988],[73.0096,19.2042],[73.013,19.2044]]}},{"type":"Feature","properties":{"id":"transit_route:gtfs_mumbai_best:TMT_146_0","field":"public_transport","kind":"transit_route","name":"Gholai Nagar to Thane Station Satis (West) (DOWN)","ref":"146","status":"operational","opened_on":null,"expected_completion":null,"agency":"BEST","source":"gtfs_mumbai_best","confidence":0.7,"mode":"bus","tier":"secondary","geometry_source":"stop_sequence"},"geometry":{"type":"LineString","coordinates":[[73.013,19.2044],[73.0014,19.2018],[72.9936,19.1978],[72.9876,19.1962],[72.9831,19.1972],[72.9812,19.1989],[72.9773,19.1969],[72.9772,19.1871]]}},{"type":"Feature","properties":{"id":"transit_route:gtfs_mumbai_best:TMT_148_0","field":"public_transport","kind":"transit_route","name":"Vashi Railway Station to Parsik Nagar (DOWN)","ref":"148","status":"operational","opened_on":null,"expected_completion":null,"agency":"BEST","source":"gtfs_mumbai_best","confidence":0.7,"mode":"bus","tier":"secondary","geometry_source":"stop_sequence"},"geometry":{"type":"LineString","coordinates":[[72.9978,19.0645],[72.9976,19.0732],[73.0007,19.0743],[73.0111,19.0914],[73.0165,19.0953],[73.0122,19.1027],[73.0033,19.1307],[72.9979,19.1752],[72.9954,19.1818],[72.9879,19.1918],[72.9876,19.1964],[73.0059,19.2034],[73.0162,19.2105]]}},{"type":"Feature","properties":{"id":"transit_route:gtfs_mumbai_best:TMT_148_1","field":"public_transport","kind":"transit_route","name":"Parsik Nagar to Vashi Railway Station (UP)","ref":"148","status":"operational","opened_on":null,"expected_completion":null,"agency":"BEST","source":"gtfs_mumbai_best","confidence":0.7,"mode":"bus","tier":"secondary","geometry_source":"stop_sequence"},"geometry":{"type":"LineString","coordinates":[[73.0162,19.2105],[73.0059,19.2036],[72.9935,19.1977],[72.9876,19.1964],[72.9878,19.1918],[72.9903,19.1874],[72.9957,19.182],[72.9982,19.1752],[73.0036,19.1308],[73.0123,19.1031],[73.0167,19.0957],[73.0098,19.088],[73.0098,19.0756],[73.0029,19.0767],[73.0012,19.0741],[72.9978,19.0728],[72.9978,19.0645]]}},{"type":"Feature","properties":{"id":"transit_route:gtfs_mumbai_best:TMT_153_1","field":"public_transport","kind":"transit_route","name":"Bhayandarpada to Thane Station Satis (West) (UP)","ref":"153","status":"operational","opened_on":null,"expected_completion":null,"agency":"BEST","source":"gtfs_mumbai_best","confidence":0.7,"mode":"bus","tier":"secondary","geometry_source":"stop_sequence"},"geometry":{"type":"LineString","coordinates":[[72.9525,19.2837],[72.951,19.2809],[72.9522,19.2812],[72.9535,19.2787],[72.9551,19.2792],[72.9545,19.2825],[72.9658,19.2693],[72.976,19.2461],[72.978,19.2143],[72.9633,19.1986],[72.9627,19.1957],[72.9649,19.188],[72.977,19.1872],[72.9754,19.1868]]}},{"type":"Feature","properties":{"id":"transit_route:gtfs_mumbai_best:TMT_153_0","field":"public_transport","kind":"transit_route","name":"Thane Station Satis (West) to Bhayandarpada (DOWN)","ref":"153","status":"operational","opened_on":null,"expected_completion":null,"agency":"BEST","source":"gtfs_mumbai_best","confidence":0.7,"mode":"bus","tier":"secondary","geometry_source":"stop_sequence"},"geometry":{"type":"LineString","coordinates":[[72.9754,19.1868],[72.967,19.1874],[72.9633,19.1889],[72.9623,19.1963],[72.963,19.199],[72.9775,19.2144],[72.9754,19.2472],[72.9654,19.2694],[72.9551,19.2811],[72.9522,19.2812],[72.9528,19.2797],[72.9535,19.2787],[72.9551,19.2792],[72.951,19.2809],[72.9519,19.2836]]}},{"type":"Feature","properties":{"id":"transit_route:gtfs_mumbai_best:TMT_154_1","field":"public_transport","kind":"transit_route","name":"Anand Nagar Agar to Millennium Business Park (UP)","ref":"154","status":"operational","opened_on":null,"expected_completion":null,"agency":"BEST","source":"gtfs_mumbai_best","confidence":0.7,"mode":"bus","tier":"secondary","geometry_source":"stop_sequence"},"geometry":{"type":"LineString","coordinates":[[72.9697,19.2649],[72.97,19.2594],[72.976,19.2461],[72.9783,19.2187],[72.978,19.1944],[72.9774,19.2105],[72.9772,19.2085],[72.9782,19.2047],[72.9796,19.2011],[72.9799,19.199],[72.9832,19.1974],[72.9687,19.1918],[72.9881,19.1913],[72.9957,19.182],[72.9995,19.1684],[73.0008,19.1462],[73.0026,19.1425],[73.0033,19.1378],[73.0037,19.1309],[73.009,19.1138],[72.9674,19.1915],[73.0171,19.1143]]}},{"type":"Feature","properties":{"id":"transit_route:gtfs_mumbai_best:TMT_154_0","field":"public_transport","kind":"transit_route","name":"Millennium Business Park to Anand Nagar Agar (DOWN)","ref":"154","status":"operational","opened_on":null,"expected_completion":null,"agency":"BEST","source":"gtfs_mumbai_best","confidence":0.7,"mode":"bus","tier":"secondary","geometry_source":"stop_sequence"},"geometry":{"type":"LineString","coordinates":[[73.0164,19.1138],[73.0087,19.1135],[73.0063,19.1193],[73.0008,19.1458],[72.998,19.1752],[72.9954,19.1818],[72.9877,19.1915],[72.9871,19.1952],[72.9796,19.1988],[72.977,19.2095],[72.9772,19.2135],[72.9779,19.2187],[72.9773,19.2236],[72.9788,19.2026],[72.976,19.2351],[72.9754,19.2472],[72.9732,19.2508],[72.9828,19.2661],[72.9692,19.2604],[72.9705,19.2571],[72.9697,19.2649]]}},{"type":"Feature","properties":{"id":"transit_route:gtfs_mumbai_best:TMT_156_0","field":"public_transport","kind":"transit_route","name":"Thane Station Satis (West) to Neelkanth Green Society (DOWN)","ref":"156","status":"operational","opened_on":null,"expected_completion":null,"agency":"BEST","source":"gtfs_mumbai_best","confidence":0.7,"mode":"bus","tier":"secondary","geometry_source":"stop_sequence"},"geometry":{"type":"LineString","coordinates":[[72.9772,19.1873],[72.9767,19.1939],[72.9793,19.2013],[72.977,19.2095],[72.9776,19.2211],[72.976,19.2351],[72.9702,19.2364],[72.9721,19.2414]]}},{"type":"Feature","properties":{"id":"transit_route:gtfs_mumbai_best:TMT_156_1","field":"public_transport","kind":"transit_route","name":"Neelkanth Green Society to Thane Station Satis (West) (UP)","ref":"156","status":"operational","opened_on":null,"expected_completion":null,"agency":"BEST","source":"gtfs_mumbai_best","confidence":0.7,"mode":"bus","tier":"secondary","geometry_source":"stop_sequence"},"geometry":{"type":"LineString","coordinates":[[72.9721,19.2413],[72.9707,19.2366],[72.9763,19.2351],[72.978,19.2207],[72.9772,19.2085],[72.9796,19.2011],[72.977,19.1944],[72.9772,19.1873]]}},{"type":"Feature","properties":{"id":"transit_route:gtfs_mumbai_best:TMT_162_1","field":"public_transport","kind":"transit_route","name":"Vihang Valley to Thane Station Satis (West) (UP)","ref":"162","status":"operational","opened_on":null,"expected_completion":null,"agency":"BEST","source":"gtfs_mumbai_best","confidence":0.7,"mode":"bus","tier":"secondary","geometry_source":"stop_sequence"},"geometry":{"type":"LineString","coordinates":[[72.9614,19.2676],[72.9647,19.2647],[72.9675,19.2641],[72.9709,19.2572],[72.9723,19.1944],[72.9734,19.251],[72.9756,19.2476],[72.9759,19.241],[72.9687,19.1918],[72.9763,19.2351],[72.9782,19.2156],[72.9772,19.2085],[72.9796,19.2011],[72.9773,19.1965],[72.9761,19.187]]}},{"type":"Feature","properties":{"id":"transit_route:gtfs_mumbai_best:TMT_162_0","field":"public_transport","kind":"transit_route","name":"Thane Station Satis (West) to Vihang Valley (DOWN)","ref":"162","status":"operational","opened_on":null,"expected_completion":null,"agency":"BEST","source":"gtfs_mumbai_best","confidence":0.7,"mode":"bus","tier":"secondary","geometry_source":"stop_sequence"},"geometry":{"type":"LineString","coordinates":[[72.9772,19.1868],[72.9767,19.1939],[72.9793,19.2013],[72.9774,19.2053],[72.9771,19.2111],[72.98,19.2179],[72.9773,19.2236],[72.9674,19.1915],[72.976,19.2351],[72.9677,19.189],[72.9757,19.2414],[72.9715,19.1876],[72.9732,19.2507],[72.9675,19.2646],[72.9645,19.2645],[72.9612,19.2674]]}},{"type":"Feature","properties":{"id":"transit_route:gtfs_mumbai_best:TMT_206_0","field":"public_transport","kind":"transit_route","name":"Retibunder Circle to Wagle Agar (DOWN)","ref":"206","status":"operational","opened_on":null,"expected_completion":null,"agency":"BEST","source":"gtfs_mumbai_best","confidence":0.7,"mode":"bus","tier":"secondary","geometry_source":"stop_sequence"},"geometry":{"type":"LineString","coordinates":[[73.0159,19.2104],[73.0046,19.2029],[72.9872,19.1955],[72.9811,19.1989],[72.9789,19.1989],[72.9764,19.1905],[72.9772,19.1873],[72.9675,19.1887],[72.9673,19.1971],[72.9543,19.2038],[72.9543,19.206],[72.9501,19.2048],[72.9493,19.2008],[72.9459,19.2016]]}},{"type":"Feature","properties":{"id":"transit_route:gtfs_mumbai_best:TMT_206_1","field":"public_transport","kind":"transit_route","name":"Wagle Agar to Retibunder Circle (UP)","ref":"206","status":"operational","opened_on":null,"expected_completion":null,"agency":"BEST","source":"gtfs_mumbai_best","confidence":0.7,"mode":"bus","tier":"secondary","geometry_source":"stop_sequence"},"geometry":{"type":"LineString","coordinates":[[72.9459,19.2016],[72.949,19.2009],[72.9499,19.2048],[72.9542,19.206],[72.954,19.2037],[72.9626,19.2001],[72.9629,19.199],[72.9668,19.1983],[72.9677,19.189],[72.9772,19.1873],[72.9762,19.1906],[72.9789,19.1991],[72.9876,19.1964],[72.9938,19.1981],[73.0047,19.2032],[73.0154,19.2104]]}},{"type":"Feature","properties":{"id":"transit_route:gtfs_mumbai_best:TMT_212_0","field":"public_transport","kind":"transit_route","name":"Neptune Element to Lodha Iris (DOWN)","ref":"212","status":"operational","opened_on":null,"expected_completion":null,"agency":"BEST","source":"gtfs_mumbai_best","confidence":0.7,"mode":"bus","tier":"secondary","geometry_source":"stop_sequence"},"geometry":{"type":"LineString","coordinates":[[72.9495,19.1925],[72.9499,19.1948],[72.954,19.1936],[72.9567,19.1859],[72.9627,19.1881],[72.9686,19.1874],[72.9747,19.1888],[72.9772,19.1873],[72.9762,19.1906],[72.9793,19.2013],[72.9771,19.2075],[72.9771,19.2111],[72.9779,19.2123],[72.9845,19.2114],[72.9841,19.2145],[72.9853,19.2146]]}},{"type":"Feature","properties":{"id":"transit_route:gtfs_mumbai_best:TMT_212_1","field":"public_transport","kind":"transit_route","name":"Lodha Iris to Neptune Element (UP)","ref":"212","status":"operational","opened_on":null,"expected_completion":null,"agency":"BEST","source":"gtfs_mumbai_best","confidence":0.7,"mode":"bus","tier":"secondary","geometry_source":"stop_sequence"},"geometry":{"type":"LineString","coordinates":[[72.9853,19.2146],[72.9845,19.2114],[72.978,19.2143],[72.9774,19.2074],[72.9796,19.2011],[72.977,19.1944],[72.9772,19.1873],[72.9747,19.1888],[72.9688,19.1872],[72.9646,19.188],[72.9562,19.1854],[72.9538,19.1934],[72.9499,19.1945],[72.9495,19.1922]]}},{"type":"Feature","properties":{"id":"transit_route:gtfs_mumbai_best:TMT_240_1","field":"public_transport","kind":"transit_route","name":"Kharegaon to Lokmanya Nagar (UP)","ref":"240","status":"operational","opened_on":null,"expected_completion":null,"agency":"BEST","source":"gtfs_mumbai_best","confidence":0.7,"mode":"bus","tier":"secondary","geometry_source":"stop_sequence"},"geometry":{"type":"LineString","coordinates":[[72.9996,19.2054],[73.0017,19.2018],[72.9935,19.1977],[72.9872,19.1955],[72.9811,19.1989],[72.9785,19.197],[72.9763,19.1905],[72.9772,19.1873],[72.9747,19.1888],[72.9688,19.1872],[72.9677,19.1905],[72.9614,19.1867],[72.9562,19.1854],[72.9552,19.1911],[72.9538,19.1934],[72.9499,19.1945],[72.9491,19.1978],[72.9505,19.207],[72.9523,19.2094]]}},{"type":"Feature","properties":{"id":"transit_route:gtfs_mumbai_best:TMT_240_0","field":"public_transport","kind":"transit_route","name":"Lokmanya Nagar to Kharegaon (DOWN)","ref":"240","status":"operational","opened_on":null,"expected_completion":null,"agency":"BEST","source":"gtfs_mumbai_best","confidence":0.7,"mode":"bus","tier":"secondary","geometry_source":"stop_sequence"},"geometry":{"type":"LineString","coordinates":[[72.9523,19.2094],[72.9494,19.2024],[72.9499,19.1948],[72.954,19.1936],[72.9567,19.1859],[72.9679,19.191],[72.9686,19.1874],[72.9747,19.1888],[72.9772,19.1873],[72.9762,19.1906],[72.9785,19.197],[72.9812,19.1991],[72.9871,19.1952],[73.0014,19.2019],[73.0016,19.2034],[72.9996,19.2054]]}},{"type":"Feature","properties":{"id":"transit_route:gtfs_mumbai_best:TMT_303_0","field":"public_transport","kind":"transit_route","name":"Majiwada Goan to Lokmanya Nagar (DOWN)","ref":"303","status":"operational","opened_on":null,"expected_completion":null,"agency":"BEST","source":"gtfs_mumbai_best","confidence":0.7,"mode":"bus","tier":"secondary","geometry_source":"stop_sequence"},"geometry":{"type":"LineString","coordinates":[[72.9816,19.214],[72.9941,19.2246],[72.9783,19.215],[72.9851,19.219],[72.9836,19.2183],[72.9819,19.2178],[72.978,19.2208],[72.978,19.2143],[72.9771,19.2085],[72.9774,19.2073],[72.9779,19.1946],[72.9772,19.1871],[72.9686,19.1874],[72.9674,19.1915],[72.9684,19.1927],[72.9672,19.1935],[72.9673,19.1971],[72.978,19.2143],[72.9646,19.1991],[72.9773,19.2106],[72.9588,19.2017],[72.9771,19.2085],[72.9819,19.2182],[72.9774,19.2073],[72.9546,19.208],[72.9772,19.1873]]}},{"type":"Feature","properties":{"id":"transit_route:gtfs_mumbai_best:TMT_306_1","field":"public_transport","kind":"transit_route","name":"Vrindavan Society to Wagle Agar (UP)","ref":"306","status":"operational","opened_on":null,"expected_completion":null,"agency":"BEST","source":"gtfs_mumbai_best","confidence":0.7,"mode":"bus","tier":"secondary","geometry_source":"stop_sequence"},"geometry":{"type":"LineString","coordinates":[[72.9828,19.2084],[72.982,19.206],[72.9802,19.206],[72.979,19.2033],[72.9795,19.2012],[72.9764,19.1905],[72.9772,19.1873],[72.9688,19.1872],[72.9677,19.189],[72.9685,19.1918],[72.9667,19.1948],[72.9673,19.1971],[72.9542,19.2038],[72.9542,19.206],[72.9501,19.2048],[72.9491,19.1978],[72.9499,19.1948],[72.9459,19.2016]]}},{"type":"Feature","properties":{"id":"transit_route:gtfs_mumbai_best:TMT_303_1","field":"public_transport","kind":"transit_route","name":"Lokmanya Nagar to Majiwada Goan (UP)","ref":"303","status":"operational","opened_on":null,"expected_completion":null,"agency":"BEST","source":"gtfs_mumbai_best","confidence":0.7,"mode":"bus","tier":"secondary","geometry_source":"stop_sequence"},"geometry":{"type":"LineString","coordinates":[[72.9523,19.2094],[72.9548,19.208],[72.9543,19.206],[72.9556,19.2035],[72.9626,19.2001],[72.9633,19.1944],[72.9668,19.1983],[72.9687,19.1918],[72.9686,19.1874],[72.9772,19.1873],[72.9761,19.1978],[72.9785,19.197],[72.9793,19.2012],[72.977,19.2095],[72.9781,19.2157],[72.9816,19.214]]}},{"type":"Feature","properties":{"id":"transit_route:gtfs_mumbai_best:TMT_306_0","field":"public_transport","kind":"transit_route","name":"Wagle Agar to Vrindavan Society (DOWN)","ref":"306","status":"operational","opened_on":null,"expected_completion":null,"agency":"BEST","source":"gtfs_mumbai_best","confidence":0.7,"mode":"bus","tier":"secondary","geometry_source":"stop_sequence"},"geometry":{"type":"LineString","coordinates":[[72.9459,19.2016],[72.949,19.2009],[72.9499,19.2048],[72.9536,19.2045],[72.9668,19.1983],[72.9686,19.1874],[72.9772,19.1873],[72.9767,19.1939],[72.9793,19.2013],[72.9787,19.2034],[72.9802,19.2062],[72.9822,19.206],[72.9828,19.2084]]}},{"type":"Feature","properties":{"id":"transit_route:gtfs_mumbai_best:BEST_4458","field":"public_transport","kind":"transit_route","name":"MAHUL VILLAGE to BACKBAY DEPOT (DOWN)","ref":"45 AS","status":"operational","opened_on":null,"expected_completion":null,"agency":"BEST","source":"gtfs_mumbai_best","confidence":0.7,"mode":"bus","tier":"secondary","geometry_source":"stop_sequence"},"geometry":{"type":"LineString","coordinates":[[72.8904,19.014],[72.8899,19.025],[72.8884,19.0283],[72.876,19.0218],[72.8749,19.02],[72.8678,19.018],[72.8643,19.0174],[72.8507,19.0214],[72.8473,19.017],[72.8464,19.0141],[72.8513,19.0121],[72.8542,19.0088],[72.853,18.9964],[72.8508,18.9927],[72.8461,18.9889],[72.842,18.9881],[72.8455,18.9701],[72.8441,18.9681],[72.8413,18.9684],[72.8364,18.9624],[72.8342,18.9621],[72.8319,18.9595],[72.8347,18.9502],[72.8344,18.9377],[72.832,18.9332],[72.8283,18.9315],[72.8248,18.9178],[72.8226,18.9152],[72.8176,18.9163],[72.8187,18.9149],[72.8174,18.9097]]}},{"type":"Feature","properties":{"id":"transit_route:gtfs_mumbai_best:BEST_4459","field":"public_transport","kind":"transit_route","name":"BACKBAY DEPOT to MAHUL VILLAGE (UP)","ref":"45 AS","status":"operational","opened_on":null,"expected_completion":null,"agency":"BEST","source":"gtfs_mumbai_best","confidence":0.7,"mode":"bus","tier":"secondary","geometry_source":"stop_sequence"},"geometry":{"type":"LineString","coordinates":[[72.8173,18.9097],[72.8185,18.9109],[72.8176,18.9163],[72.8219,18.9146],[72.8249,18.9181],[72.8268,18.9245],[72.8297,18.9272],[72.8302,18.9336],[72.8348,18.9406],[72.8345,18.9502],[72.8316,18.9598],[72.8328,18.9621],[72.837,18.9626],[72.8415,18.9684],[72.8453,18.9689],[72.8416,18.9874],[72.8457,18.9889],[72.8508,18.9997],[72.8537,19.0013],[72.8541,19.0094],[72.8462,19.0143],[72.8468,19.0167],[72.8506,19.0219],[72.8545,19.0198],[72.8642,19.0176],[72.8691,19.018],[72.875,19.0209],[72.8766,19.0244],[72.8884,19.0282],[72.89,19.0244],[72.8904,19.014]]}},{"type":"Feature","properties":{"id":"transit_route:gtfs_mumbai_best:BEST_4470","field":"public_transport","kind":"transit_route","name":"MAHUL VILLAGE to MUMBAI CENTRAL DEPOT (DOWN)","ref":"49 AS","status":"operational","opened_on":null,"expected_completion":null,"agency":"BEST","source":"gtfs_mumbai_best","confidence":0.7,"mode":"bus","tier":"secondary","geometry_source":"stop_sequence"},"geometry":{"type":"LineString","coordinates":[[72.8904,19.014],[72.8899,19.025],[72.8884,19.0283],[72.876,19.0218],[72.8749,19.02],[72.8643,19.0174],[72.8567,19.0193],[72.8553,19.0184],[72.8582,19.0163],[72.8545,19.0118],[72.853,18.9964],[72.848,18.9903],[72.8417,18.9871],[72.8455,18.9701],[72.8441,18.9681],[72.8351,18.9699],[72.8332,18.9687],[72.8316,18.9708],[72.8274,18.9673],[72.8236,18.9683]]}},{"type":"Feature","properties":{"id":"transit_route:gtfs_mumbai_best:BEST_4471","field":"public_transport","kind":"transit_route","name":"MUMBAI CENTRAL DEPOT to MAHUL VILLAGE (UP)","ref":"49 AS","status":"operational","opened_on":null,"expected_completion":null,"agency":"BEST","source":"gtfs_mumbai_best","confidence":0.7,"mode":"bus","tier":"secondary","geometry_source":"stop_sequence"},"geometry":{"type":"LineString","coordinates":[[72.8244,18.9682],[72.8271,18.9675],[72.8315,18.9706],[72.8332,18.9689],[72.8352,18.9699],[72.8453,18.9689],[72.8416,18.9874],[72.8457,18.9889],[72.8528,18.9965],[72.8543,19.0119],[72.8576,19.0161],[72.8577,19.0175],[72.8555,19.0186],[72.8691,19.018],[72.8884,19.0282],[72.89,19.0244],[72.8904,19.014]]}},{"type":"Feature","properties":{"id":"transit_route:gtfs_mumbai_best:BEST_4501","field":"public_transport","kind":"transit_route","name":"VESAVA-YARI ROAD BUS STATION to WORLI DEPOT (DOWN)","ref":"56 AS","status":"operational","opened_on":null,"expected_completion":null,"agency":"BEST","source":"gtfs_mumbai_best","confidence":0.7,"mode":"bus","tier":"secondary","geometry_source":"stop_sequence"},"geometry":{"type":"LineString","coordinates":[[72.8086,19.1396],[72.8067,19.1385],[72.8165,19.1288],[72.8225,19.1255],[72.8288,19.1183],[72.83,19.1148],[72.8269,19.1067],[72.8276,19.0901],[72.8281,19.086],[72.8346,19.0833],[72.8341,19.0729],[72.8329,19.0723],[72.8266,19.0748],[72.8226,19.0744],[72.8228,19.0636],[72.824,19.0599],[72.8356,19.0594],[72.8377,19.0546],[72.8385,19.0464],[72.8424,19.0367],[72.8409,19.0258],[72.8426,19.021],[72.8353,19.0142],[72.8327,19.0147],[72.8267,19.0126],[72.8201,19.0168],[72.8199,19.0139]]}},{"type":"Feature","properties":{"id":"transit_route:gtfs_mumbai_best:BEST_4502","field":"public_transport","kind":"transit_route","name":"WORLI DEPOT to VESAVA-YARI ROAD BUS STATION (UP)","ref":"56 AS","status":"operational","opened_on":null,"expected_completion":null,"agency":"BEST","source":"gtfs_mumbai_best","confidence":0.7,"mode":"bus","tier":"secondary","geometry_source":"stop_sequence"},"geometry":{"type":"LineString","coordinates":[[72.82,19.0135],[72.8189,19.0165],[72.8203,19.0168],[72.8231,19.0159],[72.8236,19.0144],[72.8333,19.014],[72.8372,19.0153],[72.8423,19.0217],[72.8408,19.0261],[72.8423,19.036],[72.8385,19.0459],[72.8379,19.0533],[72.8359,19.0594],[72.8237,19.06],[72.8223,19.0623],[72.8231,19.0749],[72.8341,19.0726],[72.8345,19.0829],[72.8327,19.0847],[72.8281,19.086],[72.8272,19.0883],[72.8266,19.1084],[72.8299,19.1132],[72.8288,19.1182],[72.8215,19.1264],[72.8189,19.1268],[72.8142,19.1304],[72.8067,19.1385],[72.8085,19.1395]]}},{"type":"Feature","properties":{"id":"transit_route:gtfs_mumbai_best:BEST_4253","field":"public_transport","kind":"transit_route","name":"VIDYA VIHAR BUS STATION (W) to PT.PALUSKAR CHOWK (DOWN)","ref":"62 AS","status":"operational","opened_on":null,"expected_completion":null,"agency":"BEST","source":"gtfs_mumbai_best","confidence":0.7,"mode":"bus","tier":"secondary","geometry_source":"stop_sequence"},"geometry":{"type":"LineString","coordinates":[[72.8965,19.0804],[72.8955,19.0825],[72.8908,19.0809],[72.8889,19.0847],[72.8855,19.0847],[72.8819,19.082],[72.8766,19.0749],[72.8756,19.0715],[72.8712,19.0707],[72.8613,19.0646],[72.8579,19.0603],[72.8385,19.0464],[72.8414,19.0403],[72.8423,19.034],[72.841,19.0264],[72.8365,19.0198],[72.8321,19.0179],[72.8294,19.0136],[72.8229,19.0126],[72.8202,19.01],[72.8161,19.0008],[72.8167,18.9973],[72.814,18.9891],[72.8169,18.9578],[72.8128,18.9798],[72.8093,18.9731],[72.8079,18.9672],[72.8099,18.9592],[72.8162,18.9553],[72.8157,18.9544]]}},{"type":"Feature","properties":{"id":"transit_route:gtfs_mumbai_best:BEST_4254","field":"public_transport","kind":"transit_route","name":"PT.PALUSKAR CHOWK to VIDYA VIHAR BUS STATION (W) (UP)","ref":"62 AS","status":"operational","opened_on":null,"expected_completion":null,"agency":"BEST","source":"gtfs_mumbai_best","confidence":0.7,"mode":"bus","tier":"secondary","geometry_source":"stop_sequence"},"geometry":{"type":"LineString","coordinates":[[72.8157,18.9544],[72.8161,18.9552],[72.8097,18.9594],[72.808,18.9675],[72.8092,18.9735],[72.8144,18.9821],[72.8138,18.9885],[72.8166,18.9973],[72.8157,19.0027],[72.8202,19.0104],[72.8366,19.0201],[72.8408,19.0261],[72.8423,19.036],[72.8385,19.0459],[72.8545,19.0592],[72.8591,19.0617],[72.8615,19.0649],[72.8715,19.071],[72.8754,19.0712],[72.8768,19.0755],[72.8836,19.0841],[72.8903,19.0848],[72.8904,19.0809],[72.8958,19.0826],[72.8965,19.0804]]}},{"type":"Feature","properties":{"id":"transit_route:gtfs_mumbai_best:BEST_4524","field":"public_transport","kind":"transit_route","name":"MUKESH CHOWK (UMAR PARK; TATA GARDEN) to BYCULLA STATION (W) (DOWN)","ref":"76 AS","status":"operational","opened_on":null,"expected_completion":null,"agency":"BEST","source":"gtfs_mumbai_best","confidence":0.7,"mode":"bus","tier":"secondary","geometry_source":"stop_sequence"},"geometry":{"type":"LineString","coordinates":[[72.8036,18.9662],[72.8062,18.9747],[72.812,18.9781],[72.8208,18.9799],[72.8246,18.9821],[72.8312,18.9801],[72.8322,18.977]]}},{"type":"Feature","properties":{"id":"transit_route:gtfs_mumbai_best:BEST_4525","field":"public_transport","kind":"transit_route","name":"BYCULLA STATION (W) to MUKESH CHOWK (UMAR PARK; TATA GARDEN) (UP)","ref":"76 AS","status":"operational","opened_on":null,"expected_completion":null,"agency":"BEST","source":"gtfs_mumbai_best","confidence":0.7,"mode":"bus","tier":"secondary","geometry_source":"stop_sequence"},"geometry":{"type":"LineString","coordinates":[[72.8322,18.9767],[72.8303,18.9765],[72.8259,18.9814],[72.8236,18.9822],[72.8203,18.9797],[72.8135,18.9783],[72.8093,18.9731],[72.8079,18.9672],[72.8055,18.9646],[72.8036,18.9662]]}},{"type":"Feature","properties":{"id":"transit_route:gtfs_mumbai_best:BEST_4522","field":"public_transport","kind":"transit_route","name":"MUKESH CHOWK (UMAR PARK; TATA GARDEN) to BYCULLA STATION (W) (DOWN)","ref":"77 AS","status":"operational","opened_on":null,"expected_completion":null,"agency":"BEST","source":"gtfs_mumbai_best","confidence":0.7,"mode":"bus","tier":"secondary","geometry_source":"stop_sequence"},"geometry":{"type":"LineString","coordinates":[[72.8038,18.9657],[72.807,18.964],[72.8092,18.9735],[72.812,18.9781],[72.8208,18.9799],[72.8246,18.9821],[72.8272,18.9812],[72.8303,18.9765],[72.832,18.9765]]}},{"type":"Feature","properties":{"id":"transit_route:gtfs_mumbai_best:BEST_4523","field":"public_transport","kind":"transit_route","name":"BYCULLA STATION (W) to MUKESH CHOWK (UMAR PARK; TATA GARDEN) (UP)","ref":"77 AS","status":"operational","opened_on":null,"expected_completion":null,"agency":"BEST","source":"gtfs_mumbai_best","confidence":0.7,"mode":"bus","tier":"secondary","geometry_source":"stop_sequence"},"geometry":{"type":"LineString","coordinates":[[72.832,18.9765],[72.8312,18.9798],[72.8236,18.9822],[72.8203,18.9797],[72.8074,18.9761],[72.8036,18.9686],[72.8038,18.9657]]}},{"type":"Feature","properties":{"id":"transit_route:gtfs_mumbai_best:BEST_4532","field":"public_transport","kind":"transit_route","name":"COMRADE P.K.KURNE CHOWK (WORLI ) to BACKBAY DEPOT (DOWN)","ref":"86 AS","status":"operational","opened_on":null,"expected_completion":null,"agency":"BEST","source":"gtfs_mumbai_best","confidence":0.7,"mode":"bus","tier":"secondary","geometry_source":"stop_sequence"},"geometry":{"type":"LineString","coordinates":[[72.8206,19.0043],[72.814,18.9891],[72.8169,18.9578],[72.8128,18.9798],[72.8093,18.9731],[72.8079,18.9672],[72.8105,18.9584],[72.8173,18.9559],[72.8181,18.9523],[72.8243,18.9454],[72.8297,18.9424],[72.8316,18.9263],[72.8269,18.9257],[72.8266,18.9217],[72.8226,18.9152],[72.8176,18.9163],[72.8187,18.9149],[72.8174,18.9097]]}},{"type":"Feature","properties":{"id":"transit_route:gtfs_mumbai_best:BEST_4533","field":"public_transport","kind":"transit_route","name":"BACKBAY DEPOT to COMRADE P.K.KURNE CHOWK (WORLI ) (UP)","ref":"86 AS","status":"operational","opened_on":null,"expected_completion":null,"agency":"BEST","source":"gtfs_mumbai_best","confidence":0.7,"mode":"bus","tier":"secondary","geometry_source":"stop_sequence"},"geometry":{"type":"LineString","coordinates":[[72.8173,18.9097],[72.8185,18.9109],[72.8176,18.9163],[72.8219,18.9146],[72.8259,18.9198],[72.8268,18.9244],[72.8315,18.9262],[72.8296,18.9298],[72.83,18.9393],[72.8287,18.9438],[72.8199,18.9543],[72.8104,18.9584],[72.808,18.9675],[72.8092,18.9735],[72.8144,18.9821],[72.8138,18.9885],[72.8152,18.9946],[72.8211,19.0054]]}},{"type":"Feature","properties":{"id":"transit_route:gtfs_mumbai_best:BEST_4564","field":"public_transport","kind":"transit_route","name":"SANTACRUZ DEPOT to CHHATRAPATI SHIVAJI MAHARAJ TERMINUS(CSMT) (DOWN)","ref":"1 AS","status":"operational","opened_on":null,"expected_completion":null,"agency":"BEST","source":"gtfs_mumbai_best","confidence":0.7,"mode":"bus","tier":"secondary","geometry_source":"stop_sequence"},"geometry":{"type":"LineString","coordinates":[[72.8384,19.0906],[72.8367,19.0575],[72.8385,19.0464],[72.8424,19.0367],[72.8412,19.0239],[72.8473,19.0169],[72.8386,19.0027],[72.8338,18.9779],[72.8319,18.9595],[72.8347,18.9502],[72.8354,18.9392]]}},{"type":"Feature","properties":{"id":"transit_route:gtfs_mumbai_best:BEST_4565","field":"public_transport","kind":"transit_route","name":"CHHATRAPATI SHIVAJI MAHARAJ TERMINUS(CSMT) to SANTACRUZ DEPOT (UP)","ref":"1 AS","status":"operational","opened_on":null,"expected_completion":null,"agency":"BEST","source":"gtfs_mumbai_best","confidence":0.7,"mode":"bus","tier":"secondary","geometry_source":"stop_sequence"},"geometry":{"type":"LineString","coordinates":[[72.8356,18.9391],[72.834,18.9455],[72.8347,18.9495],[72.8317,18.9589],[72.8335,18.9762],[72.8379,19.0008],[72.8421,19.0099],[72.8468,19.0167],[72.8423,19.0217],[72.8408,19.026],[72.8423,19.036],[72.8385,19.0459],[72.837,19.0561],[72.8384,19.0912]]}},{"type":"Feature","properties":{"id":"transit_route:gtfs_mumbai_best:BEST_3824","field":"public_transport","kind":"transit_route","name":"PRATIKSHA NAGAR DEPOT to ELECTRIC HOUSE; COLABA DEPOT (DOWN)","ref":"10 AS","status":"operational","opened_on":null,"expected_completion":null,"agency":"BEST","source":"gtfs_mumbai_best","confidence":0.7,"mode":"bus","tier":"secondary","geometry_source":"stop_sequence"},"geometry":{"type":"LineString","coordinates":[[72.8748,19.0446],[72.8794,19.0429],[72.8802,19.0364],[72.876,19.0218],[72.8749,19.02],[72.8643,19.0174],[72.8567,19.0193],[72.8582,19.0163],[72.8545,19.0118],[72.853,18.9964],[72.8508,18.9927],[72.8461,18.9889],[72.8416,18.9876],[72.8455,18.9701],[72.8441,18.9681],[72.8405,18.9683],[72.8364,18.9624],[72.8342,18.9621],[72.8319,18.9595],[72.8347,18.9502],[72.8348,18.9415],[72.834,18.9366],[72.8314,18.9313],[72.832,18.9241],[72.8308,18.9211]]}},{"type":"Feature","properties":{"id":"transit_route:gtfs_mumbai_best:BEST_3825","field":"public_transport","kind":"transit_route","name":"ELECTRIC HOUSE; COLABA DEPOT to PRATIKSHA NAGAR DEPOT (UP)","ref":"10 AS","status":"operational","opened_on":null,"expected_completion":null,"agency":"BEST","source":"gtfs_mumbai_best","confidence":0.7,"mode":"bus","tier":"secondary","geometry_source":"stop_sequence"},"geometry":{"type":"LineString","coordinates":[[72.8306,18.9211],[72.8316,18.9231],[72.8296,18.9294],[72.8302,18.9336],[72.8348,18.9406],[72.8345,18.9502],[72.8316,18.9598],[72.8328,18.9621],[72.837,18.9626],[72.8415,18.9684],[72.8453,18.969],[72.8414,18.9876],[72.8467,18.9895],[72.8508,18.9929],[72.8528,18.9965],[72.8543,19.0119],[72.8576,19.0161],[72.8577,19.0175],[72.8555,19.0186],[72.8691,19.018],[72.875,19.0209],[72.88,19.0364],[72.8792,19.0425],[72.8747,19.0448]]}},{"type":"Feature","properties":{"id":"transit_route:gtfs_mumbai_best:BEST_1486","field":"public_transport","kind":"transit_route","name":"BANDRA COLONY BUS STATION to NAVY NAGAR (COLABA) (DOWN)","ref":"11 LTD","status":"operational","opened_on":null,"expected_completion":null,"agency":"BEST","source":"gtfs_mumbai_best","confidence":0.7,"mode":"bus","tier":"secondary","geometry_source":"stop_sequence"},"geometry":{"type":"LineString","coordinates":[[72.8507,19.0617],[72.8477,19.0602],[72.8471,19.0535],[72.8502,19.0463],[72.8488,19.0432],[72.8591,19.0327],[72.8434,19.0116],[72.8386,19.0027],[72.8338,18.9779],[72.8319,18.9593],[72.8347,18.9502],[72.8348,18.941],[72.837,18.9371],[72.8362,18.9326],[72.8306,18.9207],[72.817,18.9072],[72.8087,18.9075]]}},{"type":"Feature","properties":{"id":"transit_route:gtfs_mumbai_best:BEST_1487","field":"public_transport","kind":"transit_route","name":"NAVY NAGAR (COLABA) to BANDRA COLONY BUS STATION (UP)","ref":"11 LTD","status":"operational","opened_on":null,"expected_completion":null,"agency":"BEST","source":"gtfs_mumbai_best","confidence":0.7,"mode":"bus","tier":"secondary","geometry_source":"stop_sequence"},"geometry":{"type":"LineString","coordinates":[[72.8089,18.9075],[72.8166,18.9069],[72.83,18.9201],[72.8363,18.9328],[72.837,18.937],[72.8346,18.9409],[72.8348,18.9491],[72.8317,18.9595],[72.8364,18.9938],[72.8385,19.0025],[72.8418,19.0096],[72.8588,19.0326],[72.8574,19.0353],[72.8512,19.0401],[72.8511,19.0465],[72.8499,19.0463],[72.8476,19.0566],[72.8486,19.0607],[72.8511,19.0606],[72.851,19.0616]]}},{"type":"Feature","properties":{"id":"transit_route:gtfs_mumbai_best:BEST_3890","field":"public_transport","kind":"transit_route","name":"BANDRA COLONY BUS STATION to RANI LAXMIBAI CHOWK; SION STATION (DOWN)","ref":"11","status":"operational","opened_on":null,"expected_completion":null,"agency":"BEST","source":"gtfs_mumbai_best","confidence":0.7,"mode":"bus","tier":"secondary","geometry_source":"stop_sequence"},"geometry":{"type":"LineString","coordinates":[[72.8507,19.0617],[72.8477,19.0602],[72.8471,19.0535],[72.8525,19.0476],[72.8554,19.0485],[72.8584,19.0515],[72.8618,19.0518],[72.8633,19.0473]]}},{"type":"Feature","properties":{"id":"transit_route:gtfs_mumbai_best:BEST_3891","field":"public_transport","kind":"transit_route","name":"RANI LAXMIBAI CHOWK; SION STATION to BANDRA COLONY BUS STATION (UP)","ref":"11","status":"operational","opened_on":null,"expected_completion":null,"agency":"BEST","source":"gtfs_mumbai_best","confidence":0.7,"mode":"bus","tier":"secondary","geometry_source":"stop_sequence"},"geometry":{"type":"LineString","coordinates":[[72.8631,19.0473],[72.8647,19.0509],[72.8618,19.0516],[72.8578,19.0509],[72.8528,19.0476],[72.8478,19.0546],[72.8477,19.0586],[72.8486,19.0607],[72.8511,19.0606],[72.8507,19.0617]]}},{"type":"Feature","properties":{"id":"transit_route:gtfs_mumbai_best:BEST_1491","field":"public_transport","kind":"transit_route","name":"DAHISAR BUS STATION to SANTACRUZ DEPOT (DOWN)","ref":"12 C","status":"operational","opened_on":null,"expected_completion":null,"agency":"BEST","source":"gtfs_mumbai_best","confidence":0.7,"mode":"bus","tier":"secondary","geometry_source":"stop_sequence"},"geometry":{"type":"LineString","coordinates":[[72.8739,19.2591],[72.8694,19.2558],[72.8654,19.2573],[72.8537,19.2582],[72.8501,19.2561],[72.8459,19.2499],[72.845,19.2425],[72.8406,19.2347],[72.841,19.2205],[72.8351,19.2087],[72.8338,19.1967],[72.8372,19.1752],[72.8353,19.1687],[72.835,19.1603],[72.8367,19.1468],[72.8313,19.145],[72.832,19.134],[72.8299,19.1208],[72.831,19.1162],[72.8348,19.1156],[72.8369,19.1037],[72.8395,19.0993],[72.8388,19.0921]]}},{"type":"Feature","properties":{"id":"transit_route:gtfs_mumbai_best:BEST_1492","field":"public_transport","kind":"transit_route","name":"SANTACRUZ DEPOT to DAHISAR BUS STATION (UP)","ref":"12 C","status":"operational","opened_on":null,"expected_completion":null,"agency":"BEST","source":"gtfs_mumbai_best","confidence":0.7,"mode":"bus","tier":"secondary","geometry_source":"stop_sequence"},"geometry":{"type":"LineString","coordinates":[[72.8388,19.0921],[72.8388,19.1016],[72.8368,19.1033],[72.835,19.1155],[72.8314,19.116],[72.8298,19.1214],[72.832,19.1357],[72.8319,19.146],[72.8364,19.1468],[72.8349,19.1602],[72.8352,19.1689],[72.8367,19.1743],[72.8337,19.1967],[72.835,19.2086],[72.8407,19.2201],[72.8405,19.2346],[72.8449,19.2425],[72.8458,19.2502],[72.8496,19.2559],[72.8538,19.2584],[72.8654,19.2574],[72.8692,19.2559],[72.8717,19.2586],[72.8738,19.259]]}},{"type":"Feature","properties":{"id":"transit_route:gtfs_mumbai_best:BEST_4004","field":"public_transport","kind":"transit_route","name":"WADALA STATION (W) to MAHATMA GANDHI HOSPITAL (PAREL) (DOWN)","ref":"13","status":"operational","opened_on":null,"expected_completion":null,"agency":"BEST","source":"gtfs_mumbai_best","confidence":0.7,"mode":"bus","tier":"secondary","geometry_source":"stop_sequence"},"geometry":{"type":"LineString","coordinates":[[72.8589,19.017],[72.8545,19.0118],[72.8536,19.0049],[72.8446,19.0054],[72.8407,19.0015],[72.8409,18.9983]]}},{"type":"Feature","properties":{"id":"transit_route:gtfs_mumbai_best:BEST_4005","field":"public_transport","kind":"transit_route","name":"MAHATMA GANDHI HOSPITAL (PAREL) to WADALA STATION (W) (UP)","ref":"13","status":"operational","opened_on":null,"expected_completion":null,"agency":"BEST","source":"gtfs_mumbai_best","confidence":0.7,"mode":"bus","tier":"secondary","geometry_source":"stop_sequence"},"geometry":{"type":"LineString","coordinates":[[72.8409,18.9983],[72.8398,18.9995],[72.8407,19.0015],[72.845,19.0055],[72.8539,19.0054],[72.8543,19.0119],[72.8596,19.018],[72.8589,19.017]]}},{"type":"Feature","properties":{"id":"transit_route:gtfs_mumbai_best:BEST_1495","field":"public_transport","kind":"transit_route","name":"PRATIKSHA NAGAR DEPOT to DR. SHYAMAPRASAD MUKHERJEE CHOWK(MUSEUM)  (DOWN)","ref":"14","status":"operational","opened_on":null,"expected_completion":null,"agency":"BEST","source":"gtfs_mumbai_best","confidence":0.7,"mode":"bus","tier":"secondary","geometry_source":"stop_sequence"},"geometry":{"type":"LineString","coordinates":[[72.8748,19.0446],[72.8688,19.0406],[72.868,19.0392],[72.869,19.0367],[72.8668,19.0327],[72.8633,19.0311],[72.8637,19.0295],[72.8663,19.0297],[72.8652,19.0176],[72.8567,19.0193],[72.8582,19.0163],[72.8545,19.0118],[72.8536,19.0049],[72.8446,19.0054],[72.8426,19.0041],[72.8431,19.0008],[72.8378,18.9952],[72.8315,18.9948],[72.8322,18.9546],[72.8288,18.9497],[72.8301,18.9431],[72.8332,18.9409],[72.834,18.9366],[72.8318,18.933],[72.8316,18.9263]]}},{"type":"Feature","properties":{"id":"transit_route:gtfs_mumbai_best:BEST_1496","field":"public_transport","kind":"transit_route","name":"DR. SHYAMAPRASAD MUKHERJEE CHOWK(MUSEUM)  to PRATIKSHA NAGAR DEPOT (UP)","ref":"14","status":"operational","opened_on":null,"expected_completion":null,"agency":"BEST","source":"gtfs_mumbai_best","confidence":0.7,"mode":"bus","tier":"secondary","geometry_source":"stop_sequence"},"geometry":{"type":"LineString","coordinates":[[72.8315,18.9262],[72.8301,18.9328],[72.8331,18.9409],[72.8288,18.9438],[72.8301,18.9528],[72.8321,18.9552],[72.8313,18.9945],[72.8373,18.9953],[72.8406,18.9977],[72.8432,19.0011],[72.8427,19.0042],[72.845,19.0055],[72.8539,19.0054],[72.8543,19.0119],[72.8576,19.0161],[72.8577,19.0175],[72.8555,19.0186],[72.8626,19.0187],[72.8639,19.021],[72.8638,19.0245],[72.8663,19.0268],[72.8658,19.0295],[72.863,19.0298],[72.8638,19.0318],[72.8667,19.0327],[72.8676,19.0357],[72.8659,19.0383],[72.8747,19.0448]]}},{"type":"Feature","properties":{"id":"transit_route:gtfs_mumbai_best:BEST_1497","field":"public_transport","kind":"transit_route","name":"PRATIKSHA NAGAR DEPOT to MANTRALAYA (DOWN)","ref":"15","status":"operational","opened_on":null,"expected_completion":null,"agency":"BEST","source":"gtfs_mumbai_best","confidence":0.7,"mode":"bus","tier":"secondary","geometry_source":"stop_sequence"},"geometry":{"type":"LineString","coordinates":[[72.8748,19.0446],[72.8688,19.0406],[72.868,19.0392],[72.869,19.0367],[72.8668,19.0327],[72.8633,19.0311],[72.8637,19.0295],[72.8663,19.0297],[72.8652,19.0176],[72.8507,19.0214],[72.8387,19.003],[72.8326,18.9706],[72.832,18.9544],[72.8288,18.9497],[72.8308,18.9363],[72.8283,18.9315],[72.8282,18.9279],[72.8235,18.9292]]}},{"type":"Feature","properties":{"id":"transit_route:gtfs_mumbai_best:BEST_1498","field":"public_transport","kind":"transit_route","name":"MANTRALAYA to PRATIKSHA NAGAR DEPOT (UP)","ref":"15","status":"operational","opened_on":null,"expected_completion":null,"agency":"BEST","source":"gtfs_mumbai_best","confidence":0.7,"mode":"bus","tier":"secondary","geometry_source":"stop_sequence"},"geometry":{"type":"LineString","coordinates":[[72.8246,18.9287],[72.8297,18.9272],[72.8301,18.9389],[72.8288,18.9485],[72.8321,18.9552],[72.8318,18.9628],[72.8386,19.0028],[72.842,19.0098],[72.8506,19.0219],[72.8545,19.0198],[72.8626,19.0187],[72.8639,19.021],[72.8638,19.0245],[72.8663,19.0268],[72.8658,19.0295],[72.863,19.0298],[72.8638,19.0318],[72.8667,19.0327],[72.8676,19.0357],[72.8659,19.0383],[72.8747,19.0448]]}},{"type":"Feature","properties":{"id":"transit_route:gtfs_mumbai_best:BEST_2950","field":"public_transport","kind":"transit_route","name":"SHIVAJI NAGAR DEPOT to MANTRALAYA (DOWN)","ref":"19 AS","status":"operational","opened_on":null,"expected_completion":null,"agency":"BEST","source":"gtfs_mumbai_best","confidence":0.7,"mode":"bus","tier":"secondary","geometry_source":"stop_sequence"},"geometry":{"type":"LineString","coordinates":[[72.9285,19.0663],[72.9234,19.0682],[72.921,19.0677],[72.9184,19.0625],[72.9157,19.0627],[72.9114,19.0556],[72.9011,19.0619],[72.8991,19.0526],[72.8931,19.054],[72.884,19.0536],[72.8752,19.0508],[72.8644,19.0435],[72.8562,19.0275],[72.8424,19.01],[72.8386,19.0027],[72.8326,18.9704],[72.8344,18.9377],[72.8314,18.9313],[72.8316,18.9263],[72.8303,18.9257],[72.8235,18.9292]]}},{"type":"Feature","properties":{"id":"transit_route:gtfs_mumbai_best:BEST_2951","field":"public_transport","kind":"transit_route","name":"MANTRALAYA to SHIVAJI NAGAR DEPOT (UP)","ref":"19 AS","status":"operational","opened_on":null,"expected_completion":null,"agency":"BEST","source":"gtfs_mumbai_best","confidence":0.7,"mode":"bus","tier":"secondary","geometry_source":"stop_sequence"},"geometry":{"type":"LineString","coordinates":[[72.8245,18.9285],[72.8314,18.9264],[72.8296,18.9294],[72.8302,18.9336],[72.8346,18.9409],[72.8327,18.9666],[72.8386,19.0028],[72.8421,19.0099],[72.8568,19.0285],[72.8657,19.0465],[72.884,19.0543],[72.8999,19.0535],[72.9013,19.0619],[72.9076,19.0589],[72.9112,19.0554],[72.9154,19.0631],[72.9185,19.0628],[72.9209,19.0675],[72.9234,19.0682],[72.928,19.0663]]}},{"type":"Feature","properties":{"id":"transit_route:gtfs_mumbai_best:BEST_1643","field":"public_transport","kind":"transit_route","name":"FREE PRESS JOURNAL MARG to AHILYABAI HOLKAR CHOWK (CHURCHGATE) (DOWN)","ref":"100 RING","status":"operational","opened_on":null,"expected_completion":null,"agency":"BEST","source":"gtfs_mumbai_best","confidence":0.7,"mode":"bus","tier":"secondary","geometry_source":"stop_sequence"},"geometry":{"type":"LineString","coordinates":[[72.8236,18.923],[72.8281,18.9277],[72.8278,18.9325]]}},{"type":"Feature","properties":{"id":"transit_route:gtfs_mumbai_best:BEST_21","field":"public_transport","kind":"transit_route","name":"AHILYABAI HOLKAR CHOWK (CHURCHGATE) to FREE PRESS JOURNAL MARG (UP)","ref":"100 RING","status":"operational","opened_on":null,"expected_completion":null,"agency":"BEST","source":"gtfs_mumbai_best","confidence":0.7,"mode":"bus","tier":"secondary","geometry_source":"stop_sequence"},"geometry":{"type":"LineString","coordinates":[[72.8278,18.9325],[72.8251,18.9292],[72.8259,18.9256],[72.8238,18.9231]]}},{"type":"Feature","properties":{"id":"transit_route:gtfs_mumbai_best:BEST_4576","field":"public_transport","kind":"transit_route","name":"MAHATMA PHULE MARKET (CRAWFORD MARKET) to WORLD TRADE CENTRE (DOWN)","ref":"101 AS","status":"operational","opened_on":null,"expected_completion":null,"agency":"BEST","source":"gtfs_mumbai_best","confidence":0.7,"mode":"bus","tier":"secondary","geometry_source":"stop_sequence"},"geometry":{"type":"LineString","coordinates":[[72.8346,18.9482],[72.8344,18.9377],[72.832,18.9332],[72.8283,18.9319],[72.8282,18.9279],[72.8246,18.9177],[72.8226,18.9152],[72.8176,18.9163],[72.8187,18.9149]]}},{"type":"Feature","properties":{"id":"transit_route:gtfs_mumbai_best:BEST_4577","field":"public_transport","kind":"transit_route","name":"WORLD TRADE CENTRE to MAHATMA PHULE MARKET (CRAWFORD MARKET) (UP)","ref":"101 AS","status":"operational","opened_on":null,"expected_completion":null,"agency":"BEST","source":"gtfs_mumbai_best","confidence":0.7,"mode":"bus","tier":"secondary","geometry_source":"stop_sequence"},"geometry":{"type":"LineString","coordinates":[[72.8181,18.9154],[72.8176,18.9163],[72.8186,18.9165],[72.8219,18.9146],[72.8249,18.9181],[72.8268,18.9244],[72.8297,18.9272],[72.8302,18.9336],[72.8348,18.9406],[72.8346,18.9482]]}},{"type":"Feature","properties":{"id":"transit_route:gtfs_mumbai_best:BEST_2623","field":"public_transport","kind":"transit_route","name":"VIJAY VALLABH CHOWK (PYDHONIE) to GRANT ROAD STATION (E) (DOWN)","ref":"102 AS","status":"operational","opened_on":null,"expected_completion":null,"agency":"BEST","source":"gtfs_mumbai_best","confidence":0.7,"mode":"bus","tier":"secondary","geometry_source":"stop_sequence"},"geometry":{"type":"LineString","coordinates":[[72.8321,18.9545],[72.8326,18.9561],[72.8309,18.9581],[72.8276,18.958],[72.8209,18.9639],[72.8165,18.9632]]}},{"type":"Feature","properties":{"id":"transit_route:gtfs_mumbai_best:BEST_2624","field":"public_transport","kind":"transit_route","name":"GRANT ROAD STATION (E) to VIJAY VALLABH CHOWK (PYDHONIE) (UP)","ref":"102 AS","status":"operational","opened_on":null,"expected_completion":null,"agency":"BEST","source":"gtfs_mumbai_best","confidence":0.7,"mode":"bus","tier":"secondary","geometry_source":"stop_sequence"},"geometry":{"type":"LineString","coordinates":[[72.8166,18.9632],[72.8219,18.9619],[72.8321,18.9545]]}},{"type":"Feature","properties":{"id":"transit_route:gtfs_mumbai_best:BEST_4554","field":"public_transport","kind":"transit_route","name":"KAMALA NEHRU PARK (MALABAR HILL) to R.C.CHURCH (COLABA) (DOWN)","ref":"103 AS","status":"operational","opened_on":null,"expected_completion":null,"agency":"BEST","source":"gtfs_mumbai_best","confidence":0.7,"mode":"bus","tier":"secondary","geometry_source":"stop_sequence"},"geometry":{"type":"LineString","coordinates":[[72.8045,18.955],[72.7962,18.9466],[72.8085,18.9557],[72.8174,18.9574],[72.8229,18.9563],[72.8259,18.9544],[72.8258,18.9533],[72.8211,18.9509],[72.8243,18.9454],[72.835,18.9458],[72.834,18.9366],[72.8314,18.9313],[72.832,18.9239],[72.8306,18.9207],[72.817,18.9072],[72.8138,18.9001]]}},{"type":"Feature","properties":{"id":"transit_route:gtfs_mumbai_best:BEST_4555","field":"public_transport","kind":"transit_route","name":"R.C.CHURCH (COLABA) to KAMALA NEHRU PARK (MALABAR HILL) (UP)","ref":"103 AS","status":"operational","opened_on":null,"expected_completion":null,"agency":"BEST","source":"gtfs_mumbai_best","confidence":0.7,"mode":"bus","tier":"secondary","geometry_source":"stop_sequence"},"geometry":{"type":"LineString","coordinates":[[72.8138,18.9001],[72.8166,18.9069],[72.8242,18.9153],[72.8263,18.916],[72.8316,18.9231],[72.8296,18.9298],[72.8346,18.9414],[72.834,18.9455],[72.8314,18.9456],[72.8287,18.9438],[72.8253,18.9491],[72.8246,18.9527],[72.8255,18.9551],[72.8182,18.9576],[72.8092,18.9557],[72.7962,18.9466],[72.8046,18.9554]]}},{"type":"Feature","properties":{"id":"transit_route:gtfs_mumbai_best:BEST_2615","field":"public_transport","kind":"transit_route","name":"GRANT ROAD STATION (W) to J.MEHTA MARG (NAPEAN SEA ROAD) (DOWN)","ref":"104 AS","status":"operational","opened_on":null,"expected_completion":null,"agency":"BEST","source":"gtfs_mumbai_best","confidence":0.7,"mode":"bus","tier":"secondary","geometry_source":"stop_sequence"},"geometry":{"type":"LineString","coordinates":[[72.8155,18.9629],[72.8123,18.9621],[72.8041,18.9644],[72.7962,18.9511]]}},{"type":"Feature","properties":{"id":"transit_route:gtfs_mumbai_best:BEST_2616","field":"public_transport","kind":"transit_route","name":"J.MEHTA MARG (NAPEAN SEA ROAD) to GRANT ROAD STATION (W) (UP)","ref":"104 AS","status":"operational","opened_on":null,"expected_completion":null,"agency":"BEST","source":"gtfs_mumbai_best","confidence":0.7,"mode":"bus","tier":"secondary","geometry_source":"stop_sequence"},"geometry":{"type":"LineString","coordinates":[[72.7962,18.9511],[72.8031,18.9636],[72.8055,18.9646],[72.8125,18.962],[72.8155,18.9629]]}},{"type":"Feature","properties":{"id":"transit_route:gtfs_mumbai_best:BEST_4018","field":"public_transport","kind":"transit_route","name":"VIJAY VALLABH CHOWK (PYDHONIE) to J.MEHTA MARG (NAPEAN SEA ROAD) (DOWN)","ref":"104 AS","status":"operational","opened_on":null,"expected_completion":null,"agency":"BEST","source":"gtfs_mumbai_best","confidence":0.7,"mode":"bus","tier":"secondary","geometry_source":"stop_sequence"},"geometry":{"type":"LineString","coordinates":[[72.8316,18.9541],[72.8326,18.9561],[72.8309,18.9581],[72.8276,18.958],[72.8224,18.9618],[72.8123,18.9621],[72.8055,18.9646],[72.8014,18.9611],[72.7962,18.9511]]}},{"type":"Feature","properties":{"id":"transit_route:gtfs_mumbai_best:BEST_4019","field":"public_transport","kind":"transit_route","name":"J.MEHTA MARG (NAPEAN SEA ROAD) to VIJAY VALLABH CHOWK (PYDHONIE) (UP)","ref":"104 AS","status":"operational","opened_on":null,"expected_completion":null,"agency":"BEST","source":"gtfs_mumbai_best","confidence":0.7,"mode":"bus","tier":"secondary","geometry_source":"stop_sequence"},"geometry":{"type":"LineString","coordinates":[[72.7962,18.9511],[72.8015,18.9613],[72.8055,18.9646],[72.8125,18.962],[72.8219,18.9619],[72.8321,18.9545]]}},{"type":"Feature","properties":{"id":"transit_route:gtfs_mumbai_best:BEST_2617","field":"public_transport","kind":"transit_route","name":"VIJAY VALLABH CHOWK (PYDHONIE) to KAMALA NEHRU PARK (MALABAR HILL) (DOWN)","ref":"105 AS","status":"operational","opened_on":null,"expected_completion":null,"agency":"BEST","source":"gtfs_mumbai_best","confidence":0.7,"mode":"bus","tier":"secondary","geometry_source":"stop_sequence"},"geometry":{"type":"LineString","coordinates":[[72.8321,18.9545],[72.8326,18.9561],[72.8309,18.9581],[72.8276,18.958],[72.8225,18.9618],[72.8147,18.9619],[72.8067,18.9535],[72.7962,18.9466],[72.8046,18.9554]]}},{"type":"Feature","properties":{"id":"transit_route:gtfs_mumbai_best:BEST_2618","field":"public_transport","kind":"transit_route","name":"KAMALA NEHRU PARK (MALABAR HILL) to VIJAY VALLABH CHOWK (PYDHONIE) (UP)","ref":"105 AS","status":"operational","opened_on":null,"expected_completion":null,"agency":"BEST","source":"gtfs_mumbai_best","confidence":0.7,"mode":"bus","tier":"secondary","geometry_source":"stop_sequence"},"geometry":{"type":"LineString","coordinates":[[72.8045,18.955],[72.7962,18.9466],[72.8068,18.9536],[72.8142,18.9621],[72.8219,18.9619],[72.8321,18.9545]]}},{"type":"Feature","properties":{"id":"transit_route:gtfs_mumbai_best:BEST_2544","field":"public_transport","kind":"transit_route","name":"KAMALA NEHRU PARK (MALABAR HILL) to R.C.CHURCH (COLABA) (DOWN)","ref":"106 AS","status":"operational","opened_on":null,"expected_completion":null,"agency":"BEST","source":"gtfs_mumbai_best","confidence":0.7,"mode":"bus","tier":"secondary","geometry_source":"stop_sequence"},"geometry":{"type":"LineString","coordinates":[[72.8045,18.955],[72.7962,18.9466],[72.8085,18.9557],[72.8134,18.9561],[72.8163,18.955],[72.8251,18.9443],[72.8288,18.9332],[72.8314,18.9313],[72.832,18.9239],[72.8306,18.9207],[72.817,18.9072],[72.8138,18.9001]]}},{"type":"Feature","properties":{"id":"transit_route:gtfs_mumbai_best:BEST_2545","field":"public_transport","kind":"transit_route","name":"R.C.CHURCH (COLABA) to KAMALA NEHRU PARK (MALABAR HILL) (UP)","ref":"106 AS","status":"operational","opened_on":null,"expected_completion":null,"agency":"BEST","source":"gtfs_mumbai_best","confidence":0.7,"mode":"bus","tier":"secondary","geometry_source":"stop_sequence"},"geometry":{"type":"LineString","coordinates":[[72.8138,18.9001],[72.8166,18.9069],[72.8294,18.9193],[72.8316,18.9231],[72.8316,18.9261],[72.824,18.9458],[72.8135,18.956],[72.8092,18.9557],[72.7962,18.9466],[72.8046,18.9554]]}},{"type":"Feature","properties":{"id":"transit_route:gtfs_mumbai_best:BEST_4134","field":"public_transport","kind":"transit_route","name":"KAMALA NEHRU PARK (MALABAR HILL) to CHHATRAPATI SHIVAJI MAHARAJ TERMINUS(CSMT) (DOWN)","ref":"108 AS","status":"operational","opened_on":null,"expected_completion":null,"agency":"BEST","source":"gtfs_mumbai_best","confidence":0.7,"mode":"bus","tier":"secondary","geometry_source":"stop_sequence"},"geometry":{"type":"LineString","coordinates":[[72.8047,18.9553],[72.7962,18.9466],[72.8085,18.9557],[72.8107,18.9561],[72.8148,18.9546],[72.8225,18.9452],[72.8239,18.9413],[72.8242,18.9356],[72.8212,18.927],[72.8235,18.9257],[72.8331,18.9258],[72.8363,18.9328],[72.837,18.937],[72.8356,18.9394]]}},{"type":"Feature","properties":{"id":"transit_route:gtfs_mumbai_best:BEST_4135","field":"public_transport","kind":"transit_route","name":"CHHATRAPATI SHIVAJI MAHARAJ TERMINUS(CSMT) to KAMALA NEHRU PARK (MALABAR HILL) (UP)","ref":"108 AS","status":"operational","opened_on":null,"expected_completion":null,"agency":"BEST","source":"gtfs_mumbai_best","confidence":0.7,"mode":"bus","tier":"secondary","geometry_source":"stop_sequence"},"geometry":{"type":"LineString","coordinates":[[72.8353,18.9393],[72.837,18.9371],[72.8333,18.9257],[72.8246,18.9253],[72.8203,18.9265],[72.824,18.9359],[72.8237,18.9415],[72.8215,18.9464],[72.8148,18.9543],[72.8092,18.9557],[72.7962,18.9466],[72.8046,18.9554]]}},{"type":"Feature","properties":{"id":"transit_route:gtfs_mumbai_best:BEST_1658","field":"public_transport","kind":"transit_route","name":"SANGAM NAGAR (WADALA-E) to COMRADE P.K.KURNE CHOWK (WORLI ) (DOWN)","ref":"110","status":"operational","opened_on":null,"expected_completion":null,"agency":"BEST","source":"gtfs_mumbai_best","confidence":0.7,"mode":"bus","tier":"secondary","geometry_source":"stop_sequence"},"geometry":{"type":"LineString","coordinates":[[72.8695,19.0216],[72.8662,19.0217],[72.8643,19.0174],[72.8507,19.0214],[72.849,19.0191],[72.8421,19.0211],[72.8353,19.0142],[72.8327,19.0147],[72.8211,19.0113],[72.8186,19.0072],[72.8213,19.0063]]}},{"type":"Feature","properties":{"id":"transit_route:gtfs_mumbai_best:BEST_1659","field":"public_transport","kind":"transit_route","name":"COMRADE P.K.KURNE CHOWK (WORLI ) to SANGAM NAGAR (WADALA-E) (UP)","ref":"110","status":"operational","opened_on":null,"expected_completion":null,"agency":"BEST","source":"gtfs_mumbai_best","confidence":0.7,"mode":"bus","tier":"secondary","geometry_source":"stop_sequence"},"geometry":{"type":"LineString","coordinates":[[72.8211,19.0054],[72.8185,19.0073],[72.8223,19.0124],[72.8264,19.0148],[72.8356,19.0144],[72.8419,19.0212],[72.8482,19.0186],[72.8506,19.0219],[72.8545,19.0198],[72.8642,19.0176],[72.8662,19.0218],[72.8694,19.0217]]}},{"type":"Feature","properties":{"id":"transit_route:gtfs_mumbai_best:BEST_3955","field":"public_transport","kind":"transit_route","name":"FREE PRESS JOURNAL MARG to CHHATRAPATI SHIVAJI MAHARAJ TERMINUS(CSMT) (DOWN)","ref":"111 AS","status":"operational","opened_on":null,"expected_completion":null,"agency":"BEST","source":"gtfs_mumbai_best","confidence":0.7,"mode":"bus","tier":"secondary","geometry_source":"stop_sequence"},"geometry":{"type":"LineString","coordinates":[[72.8236,18.923],[72.8296,18.9294],[72.8316,18.937],[72.8354,18.9394]]}},{"type":"Feature","properties":{"id":"transit_route:gtfs_mumbai_best:BEST_3956","field":"public_transport","kind":"transit_route","name":"CHHATRAPATI SHIVAJI MAHARAJ TERMINUS(CSMT) to FREE PRESS JOURNAL MARG (UP)","ref":"111 AS","status":"operational","opened_on":null,"expected_completion":null,"agency":"BEST","source":"gtfs_mumbai_best","confidence":0.7,"mode":"bus","tier":"secondary","geometry_source":"stop_sequence"},"geometry":{"type":"LineString","coordinates":[[72.8353,18.9393],[72.837,18.9371],[72.8333,18.9257],[72.8259,18.9256],[72.8238,18.9231]]}},{"type":"Feature","properties":{"id":"transit_route:gtfs_mumbai_best:BEST_2521","field":"public_transport","kind":"transit_route","name":"GATE WAY OF INDIA to AHILYABAI HOLKAR CHOWK (CHURCHGATE) (DOWN)","ref":"112 AS","status":"operational","opened_on":null,"expected_completion":null,"agency":"BEST","source":"gtfs_mumbai_best","confidence":0.7,"mode":"bus","tier":"secondary","geometry_source":"stop_sequence"},"geometry":{"type":"LineString","coordinates":[[72.8337,18.9235],[72.8316,18.9261],[72.8296,18.9324],[72.8278,18.9338]]}},{"type":"Feature","properties":{"id":"transit_route:gtfs_mumbai_best:BEST_2522","field":"public_transport","kind":"transit_route","name":"AHILYABAI HOLKAR CHOWK (CHURCHGATE) to GATE WAY OF INDIA (UP)","ref":"112 AS","status":"operational","opened_on":null,"expected_completion":null,"agency":"BEST","source":"gtfs_mumbai_best","confidence":0.7,"mode":"bus","tier":"secondary","geometry_source":"stop_sequence"},"geometry":{"type":"LineString","coordinates":[[72.8278,18.9338],[72.8273,18.9367],[72.8337,18.9235]]}},{"type":"Feature","properties":{"id":"transit_route:gtfs_mumbai_best:BEST_2852","field":"public_transport","kind":"transit_route","name":"AHILYABAI HOLKAR CHOWK (CHURCHGATE) to MAHATMA PHULE MARKET (CRAWFORD MARKET) (DOWN)","ref":"113 AS","status":"operational","opened_on":null,"expected_completion":null,"agency":"BEST","source":"gtfs_mumbai_best","confidence":0.7,"mode":"bus","tier":"secondary","geometry_source":"stop_sequence"},"geometry":{"type":"LineString","coordinates":[[72.8285,18.9329],[72.8302,18.9336],[72.8347,18.9407],[72.8334,18.9469]]}},{"type":"Feature","properties":{"id":"transit_route:gtfs_mumbai_best:BEST_2853","field":"public_transport","kind":"transit_route","name":"MAHATMA PHULE MARKET (CRAWFORD MARKET) to AHILYABAI HOLKAR CHOWK (CHURCHGATE) (UP)","ref":"113 AS","status":"operational","opened_on":null,"expected_completion":null,"agency":"BEST","source":"gtfs_mumbai_best","confidence":0.7,"mode":"bus","tier":"secondary","geometry_source":"stop_sequence"},"geometry":{"type":"LineString","coordinates":[[72.8334,18.9469],[72.8265,18.9413],[72.8285,18.9329]]}},{"type":"Feature","properties":{"id":"transit_route:gtfs_mumbai_best:BEST_2922","field":"public_transport","kind":"transit_route","name":"GATE WAY OF INDIA to CHHATRAPATI SHIVAJI MAHARAJ TERMINUS(CSMT) (DOWN)","ref":"116 AS","status":"operational","opened_on":null,"expected_completion":null,"agency":"BEST","source":"gtfs_mumbai_best","confidence":0.7,"mode":"bus","tier":"secondary","geometry_source":"stop_sequence"},"geometry":{"type":"LineString","coordinates":[[72.8337,18.9235],[72.8331,18.9258],[72.837,18.937],[72.8356,18.9391]]}},{"type":"Feature","properties":{"id":"transit_route:gtfs_mumbai_best:BEST_2923","field":"public_transport","kind":"transit_route","name":"CHHATRAPATI SHIVAJI MAHARAJ TERMINUS(CSMT) to GATE WAY OF INDIA (UP)","ref":"116 AS","status":"operational","opened_on":null,"expected_completion":null,"agency":"BEST","source":"gtfs_mumbai_best","confidence":0.7,"mode":"bus","tier":"secondary","geometry_source":"stop_sequence"},"geometry":{"type":"LineString","coordinates":[[72.8356,18.9391],[72.837,18.9371],[72.8333,18.9257],[72.8337,18.9235]]}},{"type":"Feature","properties":{"id":"transit_route:gtfs_mumbai_best:BEST_3314","field":"public_transport","kind":"transit_route","name":"WADALA STATION (W) to SANGAM NAGAR (WADALA-E) (DOWN)","ref":"117 RING","status":"operational","opened_on":null,"expected_completion":null,"agency":"BEST","source":"gtfs_mumbai_best","confidence":0.7,"mode":"bus","tier":"secondary","geometry_source":"stop_sequence"},"geometry":{"type":"LineString","coordinates":[[72.859,19.0174],[72.8607,19.0188],[72.8642,19.0176],[72.8662,19.0218],[72.8694,19.0217]]}},{"type":"Feature","properties":{"id":"transit_route:gtfs_mumbai_best:BEST_3315","field":"public_transport","kind":"transit_route","name":"SANGAM NAGAR (WADALA-E) to WADALA STATION (W) (UP)","ref":"117 RING","status":"operational","opened_on":null,"expected_completion":null,"agency":"BEST","source":"gtfs_mumbai_best","confidence":0.7,"mode":"bus","tier":"secondary","geometry_source":"stop_sequence"},"geometry":{"type":"LineString","coordinates":[[72.8695,19.0216],[72.8662,19.0217],[72.8643,19.0174],[72.8624,19.0186],[72.8604,19.0186],[72.8567,19.0193],[72.8601,19.0209],[72.8589,19.017]]}},{"type":"Feature","properties":{"id":"transit_route:gtfs_mumbai_best:BEST_3156","field":"public_transport","kind":"transit_route","name":"DADAR STN (W) to WORLI VILLAGE (DOWN)","ref":"118 AS","status":"operational","opened_on":null,"expected_completion":null,"agency":"BEST","source":"gtfs_mumbai_best","confidence":0.7,"mode":"bus","tier":"secondary","geometry_source":"stop_sequence"},"geometry":{"type":"LineString","coordinates":[[72.8414,19.0182],[72.8398,19.0184],[72.8353,19.0142],[72.8327,19.0147],[72.8267,19.0126],[72.8201,19.0168]]}},{"type":"Feature","properties":{"id":"transit_route:gtfs_mumbai_best:BEST_3157","field":"public_transport","kind":"transit_route","name":"WORLI VILLAGE to DADAR STN (W) (UP)","ref":"118 AS","status":"operational","opened_on":null,"expected_completion":null,"agency":"BEST","source":"gtfs_mumbai_best","confidence":0.7,"mode":"bus","tier":"secondary","geometry_source":"stop_sequence"},"geometry":{"type":"LineString","coordinates":[[72.8203,19.0168],[72.8231,19.0159],[72.8236,19.0144],[72.8333,19.014],[72.8372,19.0153],[72.84,19.0187],[72.8415,19.0183]]}},{"type":"Feature","properties":{"id":"transit_route:gtfs_mumbai_best:BEST_3595","field":"public_transport","kind":"transit_route","name":"KASTURBA GANDHI CHOWK (C.P.TANK) to PT.PALUSKAR CHOWK (OPERA HOUSE) (DOWN)","ref":"119 AS","status":"operational","opened_on":null,"expected_completion":null,"agency":"BEST","source":"gtfs_mumbai_best","confidence":0.7,"mode":"bus","tier":"secondary","geometry_source":"stop_sequence"},"geometry":{"type":"LineString","coordinates":[[72.826,18.9545],[72.8258,18.9533],[72.8209,18.9509],[72.8168,18.9532]]}},{"type":"Feature","properties":{"id":"transit_route:gtfs_mumbai_best:BEST_3596","field":"public_transport","kind":"transit_route","name":"PT.PALUSKAR CHOWK (OPERA HOUSE) to KASTURBA GANDHI CHOWK (C.P.TANK) (UP)","ref":"119 AS","status":"operational","opened_on":null,"expected_completion":null,"agency":"BEST","source":"gtfs_mumbai_best","confidence":0.7,"mode":"bus","tier":"secondary","geometry_source":"stop_sequence"},"geometry":{"type":"LineString","coordinates":[[72.8168,18.9532],[72.8209,18.9509],[72.826,18.9545]]}},{"type":"Feature","properties":{"id":"transit_route:gtfs_mumbai_best:BEST_4359","field":"public_transport","kind":"transit_route","name":"MANGALDAS MARKET to PT.PALUSKAR CHOWK (OPERA HOUSE) (DOWN)","ref":"120 AS","status":"operational","opened_on":null,"expected_completion":null,"agency":"BEST","source":"gtfs_mumbai_best","confidence":0.7,"mode":"bus","tier":"secondary","geometry_source":"stop_sequence"},"geometry":{"type":"LineString","coordinates":[[72.8315,18.9482],[72.827,18.9454],[72.824,18.9458],[72.8168,18.9532]]}},{"type":"Feature","properties":{"id":"transit_route:gtfs_mumbai_best:BEST_4515","field":"public_transport","kind":"transit_route","name":"PT.PALUSKAR CHOWK (OPERA HOUSE) to MANGALDAS MARKET (UP)","ref":"120 AS","status":"operational","opened_on":null,"expected_completion":null,"agency":"BEST","source":"gtfs_mumbai_best","confidence":0.7,"mode":"bus","tier":"secondary","geometry_source":"stop_sequence"},"geometry":{"type":"LineString","coordinates":[[72.8168,18.9532],[72.8243,18.9454],[72.8282,18.9458],[72.8315,18.9482]]}},{"type":"Feature","properties":{"id":"transit_route:gtfs_mumbai_best:BEST_2783","field":"public_transport","kind":"transit_route","name":"J.MEHTA MARG (NAPEAN SEA ROAD) to BACKBAY DEPOT (DOWN)","ref":"121 AS","status":"operational","opened_on":null,"expected_completion":null,"agency":"BEST","source":"gtfs_mumbai_best","confidence":0.7,"mode":"bus","tier":"secondary","geometry_source":"stop_sequence"},"geometry":{"type":"LineString","coordinates":[[72.7961,18.9509],[72.8015,18.9613],[72.8055,18.9646],[72.8159,18.962],[72.8173,18.9604],[72.8174,18.9574],[72.8229,18.9563],[72.8264,18.9538],[72.8211,18.9509],[72.8265,18.9413],[72.8282,18.9279],[72.8266,18.9217],[72.8226,18.9152],[72.8176,18.9163],[72.8187,18.9149],[72.8174,18.9097]]}},{"type":"Feature","properties":{"id":"transit_route:gtfs_mumbai_best:BEST_2784","field":"public_transport","kind":"transit_route","name":"BACKBAY DEPOT to J.MEHTA MARG (NAPEAN SEA ROAD) (UP)","ref":"121 AS","status":"operational","opened_on":null,"expected_completion":null,"agency":"BEST","source":"gtfs_mumbai_best","confidence":0.7,"mode":"bus","tier":"secondary","geometry_source":"stop_sequence"},"geometry":{"type":"LineString","coordinates":[[72.8173,18.9097],[72.8185,18.9109],[72.8176,18.9163],[72.8219,18.9146],[72.8265,18.9218],[72.8268,18.9245],[72.8223,18.9304],[72.8278,18.9338],[72.8268,18.94],[72.8209,18.9509],[72.8246,18.9527],[72.8255,18.9551],[72.8167,18.9573],[72.8172,18.9603],[72.8157,18.9618],[72.8041,18.9644],[72.7961,18.9509]]}},{"type":"Feature","properties":{"id":"transit_route:gtfs_mumbai_best:BEST_2469","field":"public_transport","kind":"transit_route","name":"J.MEHTA MARG (NAPEAN SEA ROAD) to BALLARD PIER (DOWN)","ref":"122 AS","status":"operational","opened_on":null,"expected_completion":null,"agency":"BEST","source":"gtfs_mumbai_best","confidence":0.7,"mode":"bus","tier":"secondary","geometry_source":"stop_sequence"},"geometry":{"type":"LineString","coordinates":[[72.7959,18.9506],[72.8031,18.9636],[72.8055,18.9646],[72.8159,18.962],[72.8173,18.9604],[72.8163,18.955],[72.8251,18.9443],[72.8285,18.9329],[72.8341,18.9315],[72.8382,18.9344],[72.8422,18.9339]]}},{"type":"Feature","properties":{"id":"transit_route:gtfs_mumbai_best:BEST_2459","field":"public_transport","kind":"transit_route","name":"BALLARD PIER to J.MEHTA MARG (NAPEAN SEA ROAD) (UP)","ref":"122 AS","status":"operational","opened_on":null,"expected_completion":null,"agency":"BEST","source":"gtfs_mumbai_best","confidence":0.7,"mode":"bus","tier":"secondary","geometry_source":"stop_sequence"},"geometry":{"type":"LineString","coordinates":[[72.8422,18.9341],[72.8379,18.9343],[72.8333,18.9257],[72.8316,18.9261],[72.8296,18.9324],[72.8278,18.9338],[72.8249,18.9444],[72.8168,18.9532],[72.8172,18.9603],[72.8157,18.9618],[72.8041,18.9644],[72.7961,18.9509]]}},{"type":"Feature","properties":{"id":"transit_route:gtfs_mumbai_best:BEST_2850","field":"public_transport","kind":"transit_route","name":"VASANTRAO NAIK CHOWK (TARDEO) to R.C.CHURCH (COLABA) (DOWN)","ref":"123 AS","status":"operational","opened_on":null,"expected_completion":null,"agency":"BEST","source":"gtfs_mumbai_best","confidence":0.7,"mode":"bus","tier":"secondary","geometry_source":"stop_sequence"},"geometry":{"type":"LineString","coordinates":[[72.8154,18.9688],[72.813,18.9653],[72.8135,18.9635],[72.8107,18.9561],[72.8148,18.9546],[72.8225,18.9452],[72.8242,18.9356],[72.8266,18.9332],[72.8314,18.9313],[72.832,18.9239],[72.8275,18.9172],[72.817,18.9072],[72.8138,18.9001]]}},{"type":"Feature","properties":{"id":"transit_route:gtfs_mumbai_best:BEST_2851","field":"public_transport","kind":"transit_route","name":"R.C.CHURCH (COLABA) to VASANTRAO NAIK CHOWK (TARDEO) (UP)","ref":"123 AS","status":"operational","opened_on":null,"expected_completion":null,"agency":"BEST","source":"gtfs_mumbai_best","confidence":0.7,"mode":"bus","tier":"secondary","geometry_source":"stop_sequence"},"geometry":{"type":"LineString","coordinates":[[72.8138,18.9001],[72.8166,18.9069],[72.8294,18.9193],[72.8316,18.9231],[72.8296,18.9324],[72.8266,18.9331],[72.824,18.9359],[72.8237,18.9415],[72.8215,18.9464],[72.8148,18.9543],[72.8102,18.9565],[72.815,18.9687]]}},{"type":"Feature","properties":{"id":"transit_route:gtfs_mumbai_best:BEST_3231","field":"public_transport","kind":"transit_route","name":"WORLI DEPOT to COLABA BUS STATION (DOWN)","ref":"124 AS","status":"operational","opened_on":null,"expected_completion":null,"agency":"BEST","source":"gtfs_mumbai_best","confidence":0.7,"mode":"bus","tier":"secondary","geometry_source":"stop_sequence"},"geometry":{"type":"LineString","coordinates":[[72.82,19.0135],[72.8202,19.01],[72.8186,19.0072],[72.8213,19.0063],[72.8179,18.9997],[72.8237,18.9869],[72.8236,18.9822],[72.8203,18.9797],[72.8118,18.9771],[72.8168,18.9693],[72.8316,18.9659],[72.8322,18.9546],[72.8296,18.9521],[72.8289,18.9469],[72.8304,18.945],[72.8317,18.9461],[72.835,18.9458],[72.834,18.9366],[72.8318,18.933],[72.832,18.9241],[72.8308,18.9211],[72.8232,18.9126]]}},{"type":"Feature","properties":{"id":"transit_route:gtfs_mumbai_best:BEST_3232","field":"public_transport","kind":"transit_route","name":"COLABA BUS STATION to WORLI DEPOT (UP)","ref":"124 AS","status":"operational","opened_on":null,"expected_completion":null,"agency":"BEST","source":"gtfs_mumbai_best","confidence":0.7,"mode":"bus","tier":"secondary","geometry_source":"stop_sequence"},"geometry":{"type":"LineString","coordinates":[[72.8228,18.9127],[72.8316,18.9231],[72.8315,18.9262],[72.8296,18.9294],[72.8302,18.9337],[72.8347,18.9407],[72.834,18.9455],[72.8311,18.9454],[72.8288,18.9438],[72.8289,18.9493],[72.8321,18.9549],[72.8319,18.9632],[72.8274,18.9673],[72.815,18.9698],[72.8145,18.9731],[72.8122,18.976],[72.812,18.9781],[72.8208,18.9799],[72.8242,18.9833],[72.824,18.9859],[72.8175,18.9993],[72.821,19.0053],[72.8184,19.0073],[72.82,19.0135]]}},{"type":"Feature","properties":{"id":"transit_route:gtfs_mumbai_best:BEST_3690","field":"public_transport","kind":"transit_route","name":"WORLI DEPOT to NAVY NAGAR (COLABA) (DOWN)","ref":"125 AS","status":"operational","opened_on":null,"expected_completion":null,"agency":"BEST","source":"gtfs_mumbai_best","confidence":0.7,"mode":"bus","tier":"secondary","geometry_source":"stop_sequence"},"geometry":{"type":"LineString","coordinates":[[72.82,19.0135],[72.8189,19.0165],[72.8231,19.0159],[72.8229,19.0126],[72.8186,19.0072],[72.8208,19.0046],[72.8156,18.995],[72.814,18.9893],[72.8147,18.9821],[72.8118,18.9771],[72.8168,18.9693],[72.8316,18.9659],[72.8319,18.9593],[72.8347,18.9502],[72.8348,18.941],[72.8364,18.9385],[72.8362,18.9326],[72.8306,18.9207],[72.817,18.9072],[72.8087,18.9075]]}},{"type":"Feature","properties":{"id":"transit_route:gtfs_mumbai_best:BEST_3691","field":"public_transport","kind":"transit_route","name":"NAVY NAGAR (COLABA) to WORLI DEPOT (UP)","ref":"125 AS","status":"operational","opened_on":null,"expected_completion":null,"agency":"BEST","source":"gtfs_mumbai_best","confidence":0.7,"mode":"bus","tier":"secondary","geometry_source":"stop_sequence"},"geometry":{"type":"LineString","coordinates":[[72.8089,18.9075],[72.8166,18.9069],[72.8242,18.9153],[72.8265,18.9162],[72.8331,18.9258],[72.837,18.937],[72.8347,18.9407],[72.8345,18.9502],[72.8316,18.959],[72.8319,18.9632],[72.8274,18.9673],[72.815,18.9698],[72.8145,18.9731],[72.8122,18.976],[72.8125,18.9799],[72.8143,18.9821],[72.8138,18.9895],[72.8153,18.9947],[72.821,19.0053],[72.8184,19.0073],[72.8237,19.014],[72.822,19.0164],[72.8201,19.0168],[72.8199,19.0139]]}},{"type":"Feature","properties":{"id":"transit_route:gtfs_mumbai_best:BEST_3638","field":"public_transport","kind":"transit_route","name":"JIJAMATA UDYAN (BYCULLA) to MANTRALAYA (DOWN)","ref":"126 AS","status":"operational","opened_on":null,"expected_completion":null,"agency":"BEST","source":"gtfs_mumbai_best","confidence":0.7,"mode":"bus","tier":"secondary","geometry_source":"stop_sequence"},"geometry":{"type":"LineString","coordinates":[[72.8348,18.9805],[72.8336,18.9766],[72.8347,18.9756],[72.8406,18.9759],[72.8408,18.9693],[72.8351,18.9699],[72.8332,18.9687],[72.8316,18.9708],[72.8274,18.9673],[72.8152,18.9686],[72.813,18.9653],[72.8144,18.962],[72.82,18.9615],[72.8181,18.9523],[72.8243,18.9454],[72.8276,18.9456],[72.8332,18.9409],[72.8344,18.9377],[72.832,18.9332],[72.8283,18.9315],[72.8282,18.9279],[72.8242,18.9293]]}},{"type":"Feature","properties":{"id":"transit_route:gtfs_mumbai_best:BEST_3639","field":"public_transport","kind":"transit_route","name":"MANTRALAYA to JIJAMATA UDYAN (BYCULLA) (UP)","ref":"126 AS","status":"operational","opened_on":null,"expected_completion":null,"agency":"BEST","source":"gtfs_mumbai_best","confidence":0.7,"mode":"bus","tier":"secondary","geometry_source":"stop_sequence"},"geometry":{"type":"LineString","coordinates":[[72.8244,18.9286],[72.8297,18.9272],[72.8334,18.9406],[72.8287,18.9438],[72.8199,18.9543],[72.8199,18.961],[72.8142,18.9619],[72.813,18.9644],[72.815,18.9687],[72.8271,18.9675],[72.8315,18.9706],[72.8332,18.9689],[72.8352,18.9699],[72.8407,18.9692],[72.8399,18.9763],[72.8335,18.9762],[72.8363,18.9807],[72.8348,18.9805]]}},{"type":"Feature","properties":{"id":"transit_route:gtfs_mumbai_best:BEST_3844","field":"public_transport","kind":"transit_route","name":"MUMBAI CENTRAL DEPOT to COLABA BUS STATION (DOWN)","ref":"132 AS","status":"operational","opened_on":null,"expected_completion":null,"agency":"BEST","source":"gtfs_mumbai_best","confidence":0.7,"mode":"bus","tier":"secondary","geometry_source":"stop_sequence"},"geometry":{"type":"LineString","coordinates":[[72.8236,18.9683],[72.8204,18.9688],[72.8145,18.9731],[72.8116,18.977],[72.8074,18.9761],[72.8036,18.9686],[72.8038,18.9657],[72.8055,18.9646],[72.8159,18.962],[72.8173,18.9604],[72.8162,18.9553],[72.8251,18.9443],[72.8278,18.934],[72.8314,18.9297],[72.832,18.9241],[72.8308,18.9211],[72.8232,18.9126]]}},{"type":"Feature","properties":{"id":"transit_route:gtfs_mumbai_best:BEST_3845","field":"public_transport","kind":"transit_route","name":"COLABA BUS STATION to MUMBAI CENTRAL DEPOT (UP)","ref":"132 AS","status":"operational","opened_on":null,"expected_completion":null,"agency":"BEST","source":"gtfs_mumbai_best","confidence":0.7,"mode":"bus","tier":"secondary","geometry_source":"stop_sequence"},"geometry":{"type":"LineString","coordinates":[[72.8228,18.9127],[72.8227,18.9139],[72.8271,18.9168],[72.8316,18.9231],[72.8296,18.9324],[72.8278,18.9338],[72.8268,18.94],[72.824,18.9458],[72.8188,18.9517],[72.8167,18.9573],[72.8172,18.9603],[72.8157,18.9618],[72.807,18.964],[72.8036,18.9662],[72.8034,18.9683],[72.8062,18.9747],[72.8083,18.9764],[72.8118,18.9771],[72.8144,18.9733],[72.815,18.9699],[72.8245,18.9682]]}},{"type":"Feature","properties":{"id":"transit_route:gtfs_mumbai_best:BEST_2801","field":"public_transport","kind":"transit_route","name":"PRABODHANKAR THACKERAY UDYAN BUS STATION (SEWREE) to BACKBAY DEPOT (DOWN)","ref":"134 AS","status":"operational","opened_on":null,"expected_completion":null,"agency":"BEST","source":"gtfs_mumbai_best","confidence":0.7,"mode":"bus","tier":"secondary","geometry_source":"stop_sequence"},"geometry":{"type":"LineString","coordinates":[[72.8522,18.9982],[72.8428,19.0028],[72.8407,19.0015],[72.8405,18.9976],[72.8363,18.9918],[72.8336,18.9766],[72.8344,18.9737],[72.8408,18.9693],[72.8364,18.9624],[72.8342,18.9621],[72.8319,18.9596],[72.832,18.9544],[72.8296,18.9521],[72.8281,18.943],[72.8265,18.9413],[72.8283,18.9319],[72.8266,18.9217],[72.8226,18.9152],[72.8176,18.9163],[72.8187,18.9149],[72.8174,18.9097]]}},{"type":"Feature","properties":{"id":"transit_route:gtfs_mumbai_best:BEST_2802","field":"public_transport","kind":"transit_route","name":"BACKBAY DEPOT to PRABODHANKAR THACKERAY UDYAN BUS STATION (SEWREE) (UP)","ref":"134 AS","status":"operational","opened_on":null,"expected_completion":null,"agency":"BEST","source":"gtfs_mumbai_best","confidence":0.7,"mode":"bus","tier":"secondary","geometry_source":"stop_sequence"},"geometry":{"type":"LineString","coordinates":[[72.8173,18.9097],[72.8176,18.9163],[72.8219,18.9146],[72.8265,18.9218],[72.8278,18.9338],[72.8263,18.9415],[72.8288,18.9438],[72.8289,18.9493],[72.8321,18.9552],[72.8316,18.9598],[72.8328,18.9621],[72.837,18.9626],[72.8407,18.9692],[72.8403,18.9707],[72.8344,18.9735],[72.8335,18.976],[72.8363,18.993],[72.8373,18.9953],[72.8403,18.9974],[72.8398,18.9995],[72.8427,19.0029],[72.8526,18.9982]]}},{"type":"Feature","properties":{"id":"transit_route:gtfs_mumbai_best:BEST_3021","field":"public_transport","kind":"transit_route","name":"J.MEHTA MARG (NAPEAN SEA ROAD) to FERRY WHARF (DOWN)","ref":"135 AS","status":"operational","opened_on":null,"expected_completion":null,"agency":"BEST","source":"gtfs_mumbai_best","confidence":0.7,"mode":"bus","tier":"secondary","geometry_source":"stop_sequence"},"geometry":{"type":"LineString","coordinates":[[72.7962,18.9511],[72.8015,18.9613],[72.8055,18.9646],[72.8125,18.962],[72.8328,18.9621],[72.837,18.9626],[72.8401,18.9681],[72.8436,18.9684],[72.8444,18.9662],[72.8436,18.9606],[72.8494,18.957]]}},{"type":"Feature","properties":{"id":"transit_route:gtfs_mumbai_best:BEST_2986","field":"public_transport","kind":"transit_route","name":"FERRY WHARF to J.MEHTA MARG (NAPEAN SEA ROAD) (UP)","ref":"135 AS","status":"operational","opened_on":null,"expected_completion":null,"agency":"BEST","source":"gtfs_mumbai_best","confidence":0.7,"mode":"bus","tier":"secondary","geometry_source":"stop_sequence"},"geometry":{"type":"LineString","coordinates":[[72.8494,18.957],[72.8433,18.9605],[72.8441,18.9681],[72.8405,18.9683],[72.8364,18.9624],[72.8342,18.9621],[72.8157,18.9618],[72.8041,18.9644],[72.7962,18.9511]]}},{"type":"Feature","properties":{"id":"transit_route:gtfs_mumbai_best:BEST_2785","field":"public_transport","kind":"transit_route","name":"AHILYABAI HOLKAR CHOWK (CHURCHGATE) to BACKBAY DEPOT (DOWN)","ref":"136 AS","status":"operational","opened_on":null,"expected_completion":null,"agency":"BEST","source":"gtfs_mumbai_best","confidence":0.7,"mode":"bus","tier":"secondary","geometry_source":"stop_sequence"},"geometry":{"type":"LineString","coordinates":[[72.827,18.933],[72.8226,18.9307],[72.8269,18.9257],[72.8266,18.9217],[72.8226,18.9152],[72.8176,18.9163],[72.8187,18.9149],[72.8174,18.9097]]}},{"type":"Feature","properties":{"id":"transit_route:gtfs_mumbai_best:BEST_2786","field":"public_transport","kind":"transit_route","name":"BACKBAY DEPOT to AHILYABAI HOLKAR CHOWK (CHURCHGATE) (UP)","ref":"136 AS","status":"operational","opened_on":null,"expected_completion":null,"agency":"BEST","source":"gtfs_mumbai_best","confidence":0.7,"mode":"bus","tier":"secondary","geometry_source":"stop_sequence"},"geometry":{"type":"LineString","coordinates":[[72.8173,18.9097],[72.8185,18.9109],[72.8176,18.9163],[72.8219,18.9146],[72.8259,18.9198],[72.8281,18.9277],[72.827,18.933]]}},{"type":"Feature","properties":{"id":"transit_route:gtfs_mumbai_best:BEST_3951","field":"public_transport","kind":"transit_route","name":"AHILYABAI HOLKAR CHOWK (CHURCHGATE) to NAVY NAGAR (COLABA) (DOWN)","ref":"137 AS","status":"operational","opened_on":null,"expected_completion":null,"agency":"BEST","source":"gtfs_mumbai_best","confidence":0.7,"mode":"bus","tier":"secondary","geometry_source":"stop_sequence"},"geometry":{"type":"LineString","coordinates":[[72.8266,18.9332],[72.8314,18.9313],[72.832,18.9239],[72.8306,18.9207],[72.817,18.9072],[72.8087,18.9075]]}},{"type":"Feature","properties":{"id":"transit_route:gtfs_mumbai_best:BEST_3952","field":"public_transport","kind":"transit_route","name":"NAVY NAGAR (COLABA) to AHILYABAI HOLKAR CHOWK (CHURCHGATE) (UP)","ref":"137 AS","status":"operational","opened_on":null,"expected_completion":null,"agency":"BEST","source":"gtfs_mumbai_best","confidence":0.7,"mode":"bus","tier":"secondary","geometry_source":"stop_sequence"},"geometry":{"type":"LineString","coordinates":[[72.8088,18.9075],[72.8166,18.9069],[72.8294,18.9193],[72.8316,18.9231],[72.8303,18.9257],[72.8226,18.9252],[72.8203,18.9265],[72.8223,18.9304],[72.8266,18.9332]]}},{"type":"Feature","properties":{"id":"transit_route:gtfs_mumbai_best:BEST_4505","field":"public_transport","kind":"transit_route","name":"AHILYABAI HOLKAR CHOWK (CHURCHGATE) to NAVY NAGAR (COLABA) (DOWN)","ref":"137 AS","status":"operational","opened_on":null,"expected_completion":null,"agency":"BEST","source":"gtfs_mumbai_best","confidence":0.7,"mode":"bus","tier":"secondary","geometry_source":"stop_sequence"},"geometry":{"type":"LineString","coordinates":[[72.8266,18.9332],[72.8314,18.9313],[72.832,18.9239],[72.8306,18.9207],[72.817,18.9072],[72.8087,18.9075]]}},{"type":"Feature","properties":{"id":"transit_route:gtfs_mumbai_best:BEST_4506","field":"public_transport","kind":"transit_route","name":"NAVY NAGAR (COLABA) to AHILYABAI HOLKAR CHOWK (CHURCHGATE) (UP)","ref":"137 AS","status":"operational","opened_on":null,"expected_completion":null,"agency":"BEST","source":"gtfs_mumbai_best","confidence":0.7,"mode":"bus","tier":"secondary","geometry_source":"stop_sequence"},"geometry":{"type":"LineString","coordinates":[[72.8088,18.9075],[72.8166,18.9069],[72.8294,18.9193],[72.8316,18.9231],[72.8303,18.9257],[72.824,18.9283],[72.8266,18.9332]]}},{"type":"Feature","properties":{"id":"transit_route:gtfs_mumbai_best:BEST_4087","field":"public_transport","kind":"transit_route","name":"CHHATRAPATI SHIVAJI MAHARAJ TERMINUS(CSMT) to BACKBAY DEPOT (DOWN)","ref":"138 AS","status":"operational","opened_on":null,"expected_completion":null,"agency":"BEST","source":"gtfs_mumbai_best","confidence":0.7,"mode":"bus","tier":"secondary","geometry_source":"stop_sequence"},"geometry":{"type":"LineString","coordinates":[[72.8354,18.9392],[72.832,18.9332],[72.827,18.933],[72.8226,18.9307],[72.8269,18.9257],[72.8266,18.9217],[72.8226,18.9152],[72.8176,18.9163],[72.8187,18.9149],[72.8174,18.9097]]}},{"type":"Feature","properties":{"id":"transit_route:gtfs_mumbai_best:BEST_4088","field":"public_transport","kind":"transit_route","name":"BACKBAY DEPOT to CHHATRAPATI SHIVAJI MAHARAJ TERMINUS(CSMT) (UP)","ref":"138 AS","status":"operational","opened_on":null,"expected_completion":null,"agency":"BEST","source":"gtfs_mumbai_best","confidence":0.7,"mode":"bus","tier":"secondary","geometry_source":"stop_sequence"},"geometry":{"type":"LineString","coordinates":[[72.8173,18.9097],[72.8185,18.9109],[72.8176,18.9163],[72.8219,18.9146],[72.8265,18.9218],[72.8268,18.9245],[72.8223,18.9304],[72.8266,18.9332],[72.8285,18.9329],[72.8354,18.9392]]}},{"type":"Feature","properties":{"id":"transit_route:gtfs_mumbai_best:BEST_1693","field":"public_transport","kind":"transit_route","name":"CHHATRAPATI SHIVAJI MAHARAJ TERMINUS(CSMT) to GEETA NAGAR (COLABA) (DOWN)","ref":"139","status":"operational","opened_on":null,"expected_completion":null,"agency":"BEST","source":"gtfs_mumbai_best","confidence":0.7,"mode":"bus","tier":"secondary","geometry_source":"stop_sequence"},"geometry":{"type":"LineString","coordinates":[[72.8353,18.9393],[72.8314,18.9313],[72.832,18.9239],[72.8263,18.9159],[72.817,18.9072],[72.8117,18.9075],[72.8132,18.9101],[72.8085,18.9139]]}},{"type":"Feature","properties":{"id":"transit_route:gtfs_mumbai_best:BEST_1694","field":"public_transport","kind":"transit_route","name":"GEETA NAGAR (COLABA) to CHHATRAPATI SHIVAJI MAHARAJ TERMINUS(CSMT) (UP)","ref":"139","status":"operational","opened_on":null,"expected_completion":null,"agency":"BEST","source":"gtfs_mumbai_best","confidence":0.7,"mode":"bus","tier":"secondary","geometry_source":"stop_sequence"},"geometry":{"type":"LineString","coordinates":[[72.8085,18.9139],[72.8133,18.9102],[72.8118,18.9074],[72.8166,18.9069],[72.8242,18.9153],[72.8263,18.916],[72.8316,18.9231],[72.8315,18.9262],[72.8296,18.9294],[72.8353,18.9393]]}},{"type":"Feature","properties":{"id":"transit_route:gtfs_mumbai_best:BEST_1695","field":"public_transport","kind":"transit_route","name":"WADALA BUS DEPOT to J.MEHTA MARG (NAPEAN SEA ROAD) (DOWN)","ref":"151","status":"operational","opened_on":null,"expected_completion":null,"agency":"BEST","source":"gtfs_mumbai_best","confidence":0.7,"mode":"bus","tier":"secondary","geometry_source":"stop_sequence"},"geometry":{"type":"LineString","coordinates":[[72.8523,19.0149],[72.8423,19.021],[72.8353,19.0142],[72.8327,19.0147],[72.8255,19.0128],[72.8202,19.01],[72.8186,19.0072],[72.8206,19.0043],[72.8139,18.9895],[72.8169,18.9578],[72.8128,18.9798],[72.8074,18.9761],[72.8058,18.9735],[72.8036,18.9686],[72.8041,18.9644],[72.7959,18.9506]]}},{"type":"Feature","properties":{"id":"transit_route:gtfs_mumbai_best:BEST_1696","field":"public_transport","kind":"transit_route","name":"J.MEHTA MARG (NAPEAN SEA ROAD) to WADALA BUS DEPOT (UP)","ref":"151","status":"operational","opened_on":null,"expected_completion":null,"agency":"BEST","source":"gtfs_mumbai_best","confidence":0.7,"mode":"bus","tier":"secondary","geometry_source":"stop_sequence"},"geometry":{"type":"LineString","coordinates":[[72.7959,18.9506],[72.8031,18.9636],[72.8035,18.9682],[72.8062,18.9747],[72.8144,18.982],[72.8138,18.9895],[72.8153,18.9947],[72.8211,19.0054],[72.8185,19.0073],[72.8196,19.0094],[72.8264,19.0148],[72.8356,19.0144],[72.8419,19.0212],[72.8526,19.0148]]}},{"type":"Feature","properties":{"id":"transit_route:gtfs_mumbai_best:BEST_3854","field":"public_transport","kind":"transit_route","name":"NAIR HOSPITAL to BYCULLA STATION (W) (DOWN)","ref":"153","status":"operational","opened_on":null,"expected_completion":null,"agency":"BEST","source":"gtfs_mumbai_best","confidence":0.7,"mode":"bus","tier":"secondary","geometry_source":"stop_sequence"},"geometry":{"type":"LineString","coordinates":[[72.8227,18.9739],[72.824,18.9774],[72.8283,18.9792],[72.8303,18.9765],[72.832,18.9765]]}},{"type":"Feature","properties":{"id":"transit_route:gtfs_mumbai_best:BEST_3855","field":"public_transport","kind":"transit_route","name":"BYCULLA STATION (W) to NAIR HOSPITAL (UP)","ref":"153","status":"operational","opened_on":null,"expected_completion":null,"agency":"BEST","source":"gtfs_mumbai_best","confidence":0.7,"mode":"bus","tier":"secondary","geometry_source":"stop_sequence"},"geometry":{"type":"LineString","coordinates":[[72.832,18.9765],[72.8312,18.9798],[72.8266,18.9806],[72.8226,18.9734]]}},{"type":"Feature","properties":{"id":"transit_route:gtfs_mumbai_best:BEST_3836","field":"public_transport","kind":"transit_route","name":"NEHRU PLANETARIUM (WORLI) to BYCULLA STATION (W) (DOWN)","ref":"154 AS","status":"operational","opened_on":null,"expected_completion":null,"agency":"BEST","source":"gtfs_mumbai_best","confidence":0.7,"mode":"bus","tier":"secondary","geometry_source":"stop_sequence"},"geometry":{"type":"LineString","coordinates":[[72.8138,18.9893],[72.8163,18.9968],[72.8191,18.9955],[72.8237,18.9869],[72.8242,18.983],[72.8312,18.9801],[72.8322,18.977]]}},{"type":"Feature","properties":{"id":"transit_route:gtfs_mumbai_best:BEST_3837","field":"public_transport","kind":"transit_route","name":"BYCULLA STATION (W) to NEHRU PLANETARIUM (WORLI) (UP)","ref":"154 AS","status":"operational","opened_on":null,"expected_completion":null,"agency":"BEST","source":"gtfs_mumbai_best","confidence":0.7,"mode":"bus","tier":"secondary","geometry_source":"stop_sequence"},"geometry":{"type":"LineString","coordinates":[[72.8322,18.977],[72.8303,18.9765],[72.8242,18.9833],[72.824,18.9859],[72.8191,18.9953],[72.8165,18.9968],[72.814,18.9893]]}},{"type":"Feature","properties":{"id":"transit_route:gtfs_mumbai_best:BEST_3788","field":"public_transport","kind":"transit_route","name":"CUMBALA HILL POST OFFICE to GRANT ROAD STATION (W) (DOWN)","ref":"155 AS","status":"operational","opened_on":null,"expected_completion":null,"agency":"BEST","source":"gtfs_mumbai_best","confidence":0.7,"mode":"bus","tier":"secondary","geometry_source":"stop_sequence"},"geometry":{"type":"LineString","coordinates":[[72.8093,18.9696],[72.8079,18.9672],[72.8085,18.9639],[72.8125,18.962],[72.8155,18.9629]]}},{"type":"Feature","properties":{"id":"transit_route:gtfs_mumbai_best:BEST_3789","field":"public_transport","kind":"transit_route","name":"GRANT ROAD STATION (W) to CUMBALA HILL POST OFFICE (UP)","ref":"155 AS","status":"operational","opened_on":null,"expected_completion":null,"agency":"BEST","source":"gtfs_mumbai_best","confidence":0.7,"mode":"bus","tier":"secondary","geometry_source":"stop_sequence"},"geometry":{"type":"LineString","coordinates":[[72.8155,18.9629],[72.8168,18.9673],[72.8116,18.977],[72.8093,18.9731],[72.8093,18.9696]]}},{"type":"Feature","properties":{"id":"transit_route:gtfs_mumbai_best:BEST_2926","field":"public_transport","kind":"transit_route","name":"WORLI VILLAGE to PRABODHANKAR THACKERAY UDYAN BUS STATION (SEWREE) (DOWN)","ref":"162 AS","status":"operational","opened_on":null,"expected_completion":null,"agency":"BEST","source":"gtfs_mumbai_best","confidence":0.7,"mode":"bus","tier":"secondary","geometry_source":"stop_sequence"},"geometry":{"type":"LineString","coordinates":[[72.8207,19.0167],[72.8231,19.0159],[72.8236,19.0144],[72.8284,19.016],[72.8302,19.0149],[72.8331,19.0088],[72.8316,18.991],[72.8346,18.9897],[72.8383,19.0019],[72.8406,19.0048],[72.8446,19.0014],[72.8526,18.9982]]}},{"type":"Feature","properties":{"id":"transit_route:gtfs_mumbai_best:BEST_2927","field":"public_transport","kind":"transit_route","name":"PRABODHANKAR THACKERAY UDYAN BUS STATION (SEWREE) to WORLI VILLAGE (UP)","ref":"162 AS","status":"operational","opened_on":null,"expected_completion":null,"agency":"BEST","source":"gtfs_mumbai_best","confidence":0.7,"mode":"bus","tier":"secondary","geometry_source":"stop_sequence"},"geometry":{"type":"LineString","coordinates":[[72.852,18.9982],[72.8445,19.0014],[72.8404,19.0049],[72.8346,18.9897],[72.8315,18.9914],[72.8315,19.0106],[72.8295,19.0137],[72.8267,19.0126],[72.8201,19.0168]]}},{"type":"Feature","properties":{"id":"transit_route:gtfs_mumbai_best:BEST_4339","field":"public_transport","kind":"transit_route","name":"WORLI VILLAGE to PRABHADEVI STATION (W) (DOWN)","ref":"162 AS","status":"operational","opened_on":null,"expected_completion":null,"agency":"BEST","source":"gtfs_mumbai_best","confidence":0.7,"mode":"bus","tier":"secondary","geometry_source":"stop_sequence"},"geometry":{"type":"LineString","coordinates":[[72.8207,19.0167],[72.8231,19.0159],[72.8236,19.0144],[72.8302,19.0149],[72.8327,19.0083],[72.8353,19.0072]]}},{"type":"Feature","properties":{"id":"transit_route:gtfs_mumbai_best:BEST_4340","field":"public_transport","kind":"transit_route","name":"PRABHADEVI STATION (W) to WORLI VILLAGE (UP)","ref":"162 AS","status":"operational","opened_on":null,"expected_completion":null,"agency":"BEST","source":"gtfs_mumbai_best","confidence":0.7,"mode":"bus","tier":"secondary","geometry_source":"stop_sequence"},"geometry":{"type":"LineString","coordinates":[[72.8353,19.0072],[72.8328,19.0056],[72.8307,19.0059],[72.8315,19.0106],[72.8295,19.0137],[72.8267,19.0126],[72.8201,19.0168]]}},{"type":"Feature","properties":{"id":"transit_route:gtfs_mumbai_best:BEST_4509","field":"public_transport","kind":"transit_route","name":"DHARAVI DEPOT to MAHARANA PRATAP CHOWK (MAZGAON) (DOWN)","ref":"164 AS","status":"operational","opened_on":null,"expected_completion":null,"agency":"BEST","source":"gtfs_mumbai_best","confidence":0.7,"mode":"bus","tier":"secondary","geometry_source":"stop_sequence"},"geometry":{"type":"LineString","coordinates":[[72.8578,19.0509],[72.8554,19.0484],[72.8502,19.0463],[72.8488,19.0432],[72.8575,19.0355],[72.8544,19.0327],[72.8559,19.027],[72.849,19.0191],[72.8421,19.0211],[72.8353,19.0142],[72.8327,19.0147],[72.8211,19.0113],[72.8186,19.0072],[72.8209,19.0049],[72.8179,18.9997],[72.8237,18.9869],[72.8242,18.983],[72.8312,18.9801],[72.8332,18.9689],[72.8352,18.9699],[72.8405,18.9683]]}},{"type":"Feature","properties":{"id":"transit_route:gtfs_mumbai_best:BEST_4510","field":"public_transport","kind":"transit_route","name":"MAHARANA PRATAP CHOWK (MAZGAON) to DHARAVI DEPOT (UP)","ref":"164 AS","status":"operational","opened_on":null,"expected_completion":null,"agency":"BEST","source":"gtfs_mumbai_best","confidence":0.7,"mode":"bus","tier":"secondary","geometry_source":"stop_sequence"},"geometry":{"type":"LineString","coordinates":[[72.8405,18.9683],[72.8351,18.9699],[72.8332,18.9687],[72.8312,18.9798],[72.8259,18.9814],[72.8242,18.9833],[72.824,18.9859],[72.8175,18.9993],[72.8211,19.0054],[72.8185,19.0073],[72.8223,19.0124],[72.8264,19.0148],[72.8333,19.014],[72.8372,19.0153],[72.8419,19.0212],[72.8488,19.0194],[72.8547,19.0268],[72.8543,19.0326],[72.8574,19.0353],[72.8512,19.0401],[72.8511,19.0465],[72.8499,19.0463],[72.8554,19.0485],[72.858,19.0512]]}},{"type":"Feature","properties":{"id":"transit_route:gtfs_mumbai_best:BEST_4062","field":"public_transport","kind":"transit_route","name":"WADALA BUS DEPOT to KASTURBA GANDHI CHOWK (C.P.TANK) (DOWN)","ref":"165","status":"operational","opened_on":null,"expected_completion":null,"agency":"BEST","source":"gtfs_mumbai_best","confidence":0.7,"mode":"bus","tier":"secondary","geometry_source":"stop_sequence"},"geometry":{"type":"LineString","coordinates":[[72.8523,19.0149],[72.8421,19.0211],[72.8321,19.0179],[72.8286,19.0133],[72.8211,19.0113],[72.8186,19.0072],[72.8209,19.0049],[72.8179,18.9997],[72.8237,18.9869],[72.8242,18.983],[72.8272,18.9812],[72.8324,18.974],[72.8288,18.9663],[72.8288,18.9581],[72.826,18.9544]]}},{"type":"Feature","properties":{"id":"transit_route:gtfs_mumbai_best:BEST_4063","field":"public_transport","kind":"transit_route","name":"KASTURBA GANDHI CHOWK (C.P.TANK) to WADALA BUS DEPOT (UP)","ref":"165","status":"operational","opened_on":null,"expected_completion":null,"agency":"BEST","source":"gtfs_mumbai_best","confidence":0.7,"mode":"bus","tier":"secondary","geometry_source":"stop_sequence"},"geometry":{"type":"LineString","coordinates":[[72.8259,18.9551],[72.8277,18.9561],[72.8241,18.9605],[72.8285,18.9625],[72.8286,18.9665],[72.8324,18.9739],[72.8242,18.9833],[72.824,18.9859],[72.8191,18.9953],[72.8175,18.9993],[72.8211,19.0054],[72.8185,19.0073],[72.8223,19.0124],[72.8278,19.0158],[72.8419,19.0212],[72.8526,19.0148]]}},{"type":"Feature","properties":{"id":"transit_route:gtfs_mumbai_best:BEST_2535","field":"public_transport","kind":"transit_route","name":"PRABHADEVI STATION (W) to COMRADE P.K.KURNE CHOWK (WORLI ) (DOWN)","ref":"167 AS","status":"operational","opened_on":null,"expected_completion":null,"agency":"BEST","source":"gtfs_mumbai_best","confidence":0.7,"mode":"bus","tier":"secondary","geometry_source":"stop_sequence"},"geometry":{"type":"LineString","coordinates":[[72.8353,19.0072],[72.8328,19.0056],[72.8209,19.0063]]}},{"type":"Feature","properties":{"id":"transit_route:gtfs_mumbai_best:BEST_2458","field":"public_transport","kind":"transit_route","name":"COMRADE P.K.KURNE CHOWK (WORLI ) to PRABHADEVI STATION (W) (UP)","ref":"167 AS","status":"operational","opened_on":null,"expected_completion":null,"agency":"BEST","source":"gtfs_mumbai_best","confidence":0.7,"mode":"bus","tier":"secondary","geometry_source":"stop_sequence"},"geometry":{"type":"LineString","coordinates":[[72.822,19.0063],[72.8297,19.0063],[72.833,19.0083],[72.8353,19.0072]]}},{"type":"Feature","properties":{"id":"transit_route:gtfs_mumbai_best:BEST_1717","field":"public_transport","kind":"transit_route","name":"WADALA BUS DEPOT to PAREL S.T.DEPOT; SANT ROHIDAS CHOWK (DOWN)","ref":"168","status":"operational","opened_on":null,"expected_completion":null,"agency":"BEST","source":"gtfs_mumbai_best","confidence":0.7,"mode":"bus","tier":"secondary","geometry_source":"stop_sequence"},"geometry":{"type":"LineString","coordinates":[[72.8532,19.0144],[72.8545,19.0118],[72.8536,19.0049],[72.8404,19.0049],[72.8384,19.0021],[72.8366,18.9933],[72.8319,18.986],[72.8322,18.9773],[72.8303,18.9765],[72.8242,18.9833],[72.824,18.9859],[72.8176,18.9993],[72.822,19.0063],[72.8297,19.0063],[72.8308,19.0083],[72.8327,19.0083]]}},{"type":"Feature","properties":{"id":"transit_route:gtfs_mumbai_best:BEST_1718","field":"public_transport","kind":"transit_route","name":"PAREL S.T.DEPOT; SANT ROHIDAS CHOWK to WADALA BUS DEPOT (UP)","ref":"168","status":"operational","opened_on":null,"expected_completion":null,"agency":"BEST","source":"gtfs_mumbai_best","confidence":0.7,"mode":"bus","tier":"secondary","geometry_source":"stop_sequence"},"geometry":{"type":"LineString","coordinates":[[72.8327,19.0083],[72.8316,19.006],[72.8234,19.0062],[72.8209,19.0049],[72.8179,18.9997],[72.8237,18.9869],[72.8242,18.983],[72.8272,18.9812],[72.8303,18.9765],[72.832,18.9765],[72.8317,18.986],[72.8364,18.9938],[72.8385,19.0025],[72.845,19.0055],[72.8539,19.0054],[72.8543,19.0119],[72.8532,19.0144]]}},{"type":"Feature","properties":{"id":"transit_route:gtfs_mumbai_best:BEST_3996","field":"public_transport","kind":"transit_route","name":"LAL BAHADUR SHASTRI COLLEGE to JIJAMATA UDYAN (BYCULLA) (DOWN)","ref":"168","status":"operational","opened_on":null,"expected_completion":null,"agency":"BEST","source":"gtfs_mumbai_best","confidence":0.7,"mode":"bus","tier":"secondary","geometry_source":"stop_sequence"},"geometry":{"type":"LineString","coordinates":[[72.8593,18.9806],[72.8537,18.9817],[72.8454,18.9762],[72.8348,18.9756],[72.8363,18.9807],[72.8348,18.9805]]}},{"type":"Feature","properties":{"id":"transit_route:gtfs_mumbai_best:BEST_3997","field":"public_transport","kind":"transit_route","name":"JIJAMATA UDYAN (BYCULLA) to LAL BAHADUR SHASTRI COLLEGE (UP)","ref":"168","status":"operational","opened_on":null,"expected_completion":null,"agency":"BEST","source":"gtfs_mumbai_best","confidence":0.7,"mode":"bus","tier":"secondary","geometry_source":"stop_sequence"},"geometry":{"type":"LineString","coordinates":[[72.8348,18.9805],[72.8336,18.9766],[72.8347,18.9756],[72.8454,18.9762],[72.8524,18.9814],[72.8589,18.9806]]}},{"type":"Feature","properties":{"id":"transit_route:gtfs_mumbai_best:BEST_1719","field":"public_transport","kind":"transit_route","name":"PRATIKSHA NAGAR DEPOT to WORLI DEPOT (DOWN)","ref":"169","status":"operational","opened_on":null,"expected_completion":null,"agency":"BEST","source":"gtfs_mumbai_best","confidence":0.7,"mode":"bus","tier":"secondary","geometry_source":"stop_sequence"},"geometry":{"type":"LineString","coordinates":[[72.8747,19.0447],[72.8688,19.0406],[72.868,19.0392],[72.869,19.0367],[72.8635,19.0375],[72.8647,19.0399],[72.8643,19.0432],[72.8569,19.0272],[72.8568,19.0219],[72.8553,19.0184],[72.8525,19.0165],[72.8495,19.0167],[72.8426,19.021],[72.8321,19.0179],[72.8295,19.0137],[72.8267,19.0126],[72.8237,19.014],[72.822,19.0164],[72.8201,19.0168],[72.8199,19.014]]}},{"type":"Feature","properties":{"id":"transit_route:gtfs_mumbai_best:BEST_1720","field":"public_transport","kind":"transit_route","name":"WORLI DEPOT to PRATIKSHA NAGAR DEPOT (UP)","ref":"169","status":"operational","opened_on":null,"expected_completion":null,"agency":"BEST","source":"gtfs_mumbai_best","confidence":0.7,"mode":"bus","tier":"secondary","geometry_source":"stop_sequence"},"geometry":{"type":"LineString","coordinates":[[72.82,19.0135],[72.8189,19.0165],[72.8231,19.0159],[72.8236,19.0144],[72.8264,19.0148],[72.8316,19.018],[72.84,19.0197],[72.8419,19.0212],[72.8496,19.0168],[72.8524,19.0164],[72.8555,19.0186],[72.8571,19.024],[72.8547,19.0268],[72.8577,19.0306],[72.8629,19.0414],[72.8652,19.0413],[72.8635,19.0375],[72.8747,19.0448]]}},{"type":"Feature","properties":{"id":"transit_route:gtfs_mumbai_best:BEST_4466","field":"public_transport","kind":"transit_route","name":"ANTOP HILL to WORLI DEPOT (DOWN)","ref":"171 AS","status":"operational","opened_on":null,"expected_completion":null,"agency":"BEST","source":"gtfs_mumbai_best","confidence":0.7,"mode":"bus","tier":"secondary","geometry_source":"stop_sequence"},"geometry":{"type":"LineString","coordinates":[[72.8664,19.0267],[72.8659,19.0296],[72.863,19.0298],[72.8638,19.0318],[72.8667,19.0327],[72.8676,19.0357],[72.8666,19.0374],[72.8612,19.0372],[72.8538,19.0199],[72.8507,19.0214],[72.849,19.0191],[72.8421,19.0211],[72.8353,19.0142],[72.8327,19.0147],[72.8211,19.0113],[72.8186,19.0072],[72.8208,19.0046],[72.8179,18.9997],[72.8145,19.0035],[72.8174,19.0156],[72.8199,19.014]]}},{"type":"Feature","properties":{"id":"transit_route:gtfs_mumbai_best:BEST_4467","field":"public_transport","kind":"transit_route","name":"WORLI DEPOT to ANTOP HILL (UP)","ref":"171 AS","status":"operational","opened_on":null,"expected_completion":null,"agency":"BEST","source":"gtfs_mumbai_best","confidence":0.7,"mode":"bus","tier":"secondary","geometry_source":"stop_sequence"},"geometry":{"type":"LineString","coordinates":[[72.82,19.0135],[72.8184,19.0162],[72.8176,19.0156],[72.8178,19.0112],[72.8145,19.0035],[72.8176,18.9993],[72.8211,19.0054],[72.8185,19.0073],[72.8223,19.0124],[72.8264,19.0148],[72.8356,19.0144],[72.8419,19.0212],[72.8485,19.019],[72.8506,19.0219],[72.8541,19.0216],[72.8547,19.0268],[72.8631,19.0375],[72.866,19.0374],[72.8674,19.0353],[72.8668,19.0327],[72.8633,19.0311],[72.8637,19.0295],[72.8663,19.0297],[72.8663,19.0268]]}},{"type":"Feature","properties":{"id":"transit_route:gtfs_mumbai_best:BEST_1723","field":"public_transport","kind":"transit_route","name":"PRATIKSHA NAGAR DEPOT to COMRADE P.K.KURNE CHOWK (WORLI ) (DOWN)","ref":"172","status":"operational","opened_on":null,"expected_completion":null,"agency":"BEST","source":"gtfs_mumbai_best","confidence":0.7,"mode":"bus","tier":"secondary","geometry_source":"stop_sequence"},"geometry":{"type":"LineString","coordinates":[[72.8748,19.0446],[72.8688,19.0406],[72.868,19.0392],[72.869,19.0367],[72.8668,19.0327],[72.8633,19.0311],[72.8637,19.0295],[72.8663,19.0297],[72.8652,19.0176],[72.8567,19.0193],[72.8525,19.0165],[72.8495,19.0167],[72.8421,19.0211],[72.8321,19.0179],[72.8286,19.0133],[72.8211,19.0113],[72.8186,19.0072],[72.8209,19.0049]]}},{"type":"Feature","properties":{"id":"transit_route:gtfs_mumbai_best:BEST_1724","field":"public_transport","kind":"transit_route","name":"COMRADE P.K.KURNE CHOWK (WORLI ) to PRATIKSHA NAGAR DEPOT (UP)","ref":"172","status":"operational","opened_on":null,"expected_completion":null,"agency":"BEST","source":"gtfs_mumbai_best","confidence":0.7,"mode":"bus","tier":"secondary","geometry_source":"stop_sequence"},"geometry":{"type":"LineString","coordinates":[[72.8211,19.0054],[72.8185,19.0073],[72.8225,19.0124],[72.8316,19.018],[72.84,19.0197],[72.842,19.0214],[72.8496,19.0168],[72.8524,19.0164],[72.8573,19.0192],[72.8626,19.0187],[72.8639,19.021],[72.8638,19.0245],[72.8663,19.0268],[72.8658,19.0295],[72.863,19.0298],[72.8638,19.0318],[72.8667,19.0327],[72.8676,19.0357],[72.8659,19.0383],[72.8747,19.0448]]}},{"type":"Feature","properties":{"id":"transit_route:gtfs_mumbai_best:BEST_3560","field":"public_transport","kind":"transit_route","name":"BHARANI NAKA (ANTOP HILL) to WADALA STATION (W) (DOWN)","ref":"174 RING","status":"operational","opened_on":null,"expected_completion":null,"agency":"BEST","source":"gtfs_mumbai_best","confidence":0.7,"mode":"bus","tier":"secondary","geometry_source":"stop_sequence"},"geometry":{"type":"LineString","coordinates":[[72.8711,19.0256],[72.8666,19.0263],[72.8662,19.0217],[72.8643,19.0174],[72.8567,19.0193],[72.8594,19.0178]]}},{"type":"Feature","properties":{"id":"transit_route:gtfs_mumbai_best:BEST_3561","field":"public_transport","kind":"transit_route","name":"WADALA STATION (W) to BHARANI NAKA (ANTOP HILL) (UP)","ref":"174 RING","status":"operational","opened_on":null,"expected_completion":null,"agency":"BEST","source":"gtfs_mumbai_best","confidence":0.7,"mode":"bus","tier":"secondary","geometry_source":"stop_sequence"},"geometry":{"type":"LineString","coordinates":[[72.859,19.0174],[72.8626,19.0187],[72.8639,19.021],[72.8638,19.0245],[72.8665,19.0263],[72.871,19.0257]]}},{"type":"Feature","properties":{"id":"transit_route:gtfs_mumbai_best:BEST_2529","field":"public_transport","kind":"transit_route","name":"BHARANI NAKA (ANTOP HILL) to VEER HUTATMA BHAI KOTWAL UDYAN (PLAZA) (DOWN)","ref":"174 AS","status":"operational","opened_on":null,"expected_completion":null,"agency":"BEST","source":"gtfs_mumbai_best","confidence":0.7,"mode":"bus","tier":"secondary","geometry_source":"stop_sequence"},"geometry":{"type":"LineString","coordinates":[[72.871,19.0257],[72.8666,19.0263],[72.8662,19.0217],[72.8643,19.0174],[72.8567,19.0193],[72.8582,19.0163],[72.8555,19.0137],[72.842,19.0214]]}},{"type":"Feature","properties":{"id":"transit_route:gtfs_mumbai_best:BEST_2530","field":"public_transport","kind":"transit_route","name":"VEER HUTATMA BHAI KOTWAL UDYAN (PLAZA) to BHARANI NAKA (ANTOP HILL) (UP)","ref":"174 AS","status":"operational","opened_on":null,"expected_completion":null,"agency":"BEST","source":"gtfs_mumbai_best","confidence":0.7,"mode":"bus","tier":"secondary","geometry_source":"stop_sequence"},"geometry":{"type":"LineString","coordinates":[[72.842,19.0214],[72.8532,19.0144],[72.8557,19.0144],[72.859,19.0174],[72.8601,19.0209],[72.8568,19.0219],[72.8573,19.0192],[72.8607,19.0188],[72.8626,19.0187],[72.8639,19.021],[72.8638,19.0245],[72.8665,19.0263],[72.8711,19.0256]]}},{"type":"Feature","properties":{"id":"transit_route:gtfs_mumbai_best:BEST_4239","field":"public_transport","kind":"transit_route","name":"PRABODHANKAR THACKERAY CHOWK (DADAR-W) to PRATIKSHA NAGAR DEPOT (DOWN)","ref":"175 AS","status":"operational","opened_on":null,"expected_completion":null,"agency":"BEST","source":"gtfs_mumbai_best","confidence":0.7,"mode":"bus","tier":"secondary","geometry_source":"stop_sequence"},"geometry":{"type":"LineString","coordinates":[[72.8365,19.0198],[72.84,19.0197],[72.8419,19.0212],[72.8496,19.0168],[72.8524,19.0164],[72.8573,19.0192],[72.8626,19.0187],[72.8639,19.021],[72.8638,19.0245],[72.8663,19.0268],[72.8658,19.0295],[72.863,19.0298],[72.8638,19.0318],[72.8667,19.0327],[72.8676,19.0357],[72.8659,19.0383],[72.8747,19.0448]]}},{"type":"Feature","properties":{"id":"transit_route:gtfs_mumbai_best:BEST_4240","field":"public_transport","kind":"transit_route","name":"PRATIKSHA NAGAR DEPOT to PRABODHANKAR THACKERAY CHOWK (DADAR-W) (UP)","ref":"175 AS","status":"operational","opened_on":null,"expected_completion":null,"agency":"BEST","source":"gtfs_mumbai_best","confidence":0.7,"mode":"bus","tier":"secondary","geometry_source":"stop_sequence"},"geometry":{"type":"LineString","coordinates":[[72.8748,19.0446],[72.8688,19.0406],[72.868,19.0392],[72.869,19.0367],[72.8668,19.0327],[72.8633,19.0311],[72.8637,19.0295],[72.8663,19.0297],[72.8652,19.0176],[72.8567,19.0193],[72.8525,19.0165],[72.8495,19.0167],[72.8421,19.0211],[72.8417,19.0234],[72.8396,19.024],[72.8365,19.0198]]}},{"type":"Feature","properties":{"id":"transit_route:gtfs_mumbai_best:BEST_4148","field":"public_transport","kind":"transit_route","name":"NATIONAL (HINDUJA) HOSPITAL to DHARAVI DEPOT (DOWN)","ref":"176 AS","status":"operational","opened_on":null,"expected_completion":null,"agency":"BEST","source":"gtfs_mumbai_best","confidence":0.7,"mode":"bus","tier":"secondary","geometry_source":"stop_sequence"},"geometry":{"type":"LineString","coordinates":[[72.8396,19.0321],[72.8387,19.034],[72.8423,19.034],[72.8428,19.0313],[72.8474,19.0304],[72.8507,19.0339],[72.8533,19.0347],[72.8584,19.0515]]}},{"type":"Feature","properties":{"id":"transit_route:gtfs_mumbai_best:BEST_4149","field":"public_transport","kind":"transit_route","name":"DHARAVI DEPOT to NATIONAL (HINDUJA) HOSPITAL (UP)","ref":"176 AS","status":"operational","opened_on":null,"expected_completion":null,"agency":"BEST","source":"gtfs_mumbai_best","confidence":0.7,"mode":"bus","tier":"secondary","geometry_source":"stop_sequence"},"geometry":{"type":"LineString","coordinates":[[72.8588,19.0515],[72.8603,19.0469],[72.8534,19.0375],[72.8533,19.0345],[72.8508,19.0337],[72.8476,19.0303],[72.8396,19.0321]]}},{"type":"Feature","properties":{"id":"transit_route:gtfs_mumbai_best:BEST_3934","field":"public_transport","kind":"transit_route","name":"HINDMATA CINEMA (PAREL) to SHRAWAN YASHWANTE CHOWK (KALA CHOWKY) (DOWN)","ref":"177","status":"operational","opened_on":null,"expected_completion":null,"agency":"BEST","source":"gtfs_mumbai_best","confidence":0.7,"mode":"bus","tier":"secondary","geometry_source":"stop_sequence"},"geometry":{"type":"LineString","coordinates":[[72.8423,19.0098],[72.8408,19.0047],[72.8457,19.0008],[72.8458,18.9976],[72.8414,18.9876]]}},{"type":"Feature","properties":{"id":"transit_route:gtfs_mumbai_best:BEST_3313","field":"public_transport","kind":"transit_route","name":"SHRAWAN YASHWANTE CHOWK (KALA CHOWKY) to HINDMATA CINEMA (PAREL) (UP)","ref":"177","status":"operational","opened_on":null,"expected_completion":null,"agency":"BEST","source":"gtfs_mumbai_best","confidence":0.7,"mode":"bus","tier":"secondary","geometry_source":"stop_sequence"},"geometry":{"type":"LineString","coordinates":[[72.842,18.9881],[72.8414,18.9905],[72.8447,18.9941],[72.8457,19.0052],[72.846,19.0006],[72.8446,19.0014],[72.8428,19.0028],[72.8402,19.0061],[72.8421,19.0099]]}},{"type":"Feature","properties":{"id":"transit_route:gtfs_mumbai_best:BEST_2496","field":"public_transport","kind":"transit_route","name":"MALVANI DEPOT; GAIKWAD NAGAR to CHHATRAPATI SHIVAJI INTERNATIONAL AIRPORT (SAHAR) (DOWN)","ref":"180 AS","status":"operational","opened_on":null,"expected_completion":null,"agency":"BEST","source":"gtfs_mumbai_best","confidence":0.7,"mode":"bus","tier":"secondary","geometry_source":"stop_sequence"},"geometry":{"type":"LineString","coordinates":[[72.8191,19.1835],[72.8188,19.1863],[72.822,19.1925],[72.8221,19.1953],[72.8269,19.1964],[72.8339,19.1946],[72.8372,19.1752],[72.835,19.1643],[72.8367,19.1432],[72.842,19.1441],[72.8433,19.1415],[72.8551,19.1394],[72.8561,19.1213],[72.8546,19.1122],[72.8559,19.1088],[72.8597,19.1067],[72.8634,19.1015],[72.8669,19.103],[72.8752,19.1032],[72.8763,19.1021],[72.8747,19.1012]]}},{"type":"Feature","properties":{"id":"transit_route:gtfs_mumbai_best:BEST_2497","field":"public_transport","kind":"transit_route","name":"CHHATRAPATI SHIVAJI INTERNATIONAL AIRPORT (SAHAR) to MALVANI DEPOT; GAIKWAD NAGAR (UP)","ref":"180 AS","status":"operational","opened_on":null,"expected_completion":null,"agency":"BEST","source":"gtfs_mumbai_best","confidence":0.7,"mode":"bus","tier":"secondary","geometry_source":"stop_sequence"},"geometry":{"type":"LineString","coordinates":[[72.8744,19.1007],[72.8714,19.103],[72.862,19.1036],[72.8556,19.1088],[72.8539,19.1109],[72.8558,19.1209],[72.855,19.1354],[72.8432,19.1413],[72.8418,19.1441],[72.8366,19.1433],[72.8348,19.164],[72.8369,19.1773],[72.8353,19.1896],[72.8327,19.1956],[72.8269,19.1963],[72.8221,19.1952],[72.8216,19.1913],[72.8189,19.1862],[72.8192,19.1835]]}},{"type":"Feature","properties":{"id":"transit_route:gtfs_mumbai_best:BEST_4418","field":"public_transport","kind":"transit_route","name":"SEEPZ BUS STATION to ANTOP HILL EXTENSION (DOWN)","ref":"181","status":"operational","opened_on":null,"expected_completion":null,"agency":"BEST","source":"gtfs_mumbai_best","confidence":0.7,"mode":"bus","tier":"secondary","geometry_source":"stop_sequence"},"geometry":{"type":"LineString","coordinates":[[72.8726,19.1246],[72.8701,19.1186],[72.8645,19.1178],[72.8584,19.1149],[72.8575,19.1121],[72.8538,19.1082],[72.8547,19.1019],[72.8517,19.0936],[72.844,19.0904],[72.8495,19.0803],[72.858,19.0819],[72.8621,19.0772],[72.8607,19.075],[72.8613,19.0725],[72.8633,19.0711],[72.869,19.0738],[72.8712,19.0736],[72.8712,19.0707],[72.8613,19.0646],[72.8579,19.0603],[72.8548,19.059],[72.8489,19.0536],[72.8502,19.0463],[72.8488,19.0432],[72.8575,19.0355],[72.8601,19.0361],[72.8629,19.0414],[72.8652,19.0413],[72.8635,19.0375],[72.866,19.0374],[72.8674,19.0353],[72.8668,19.0327],[72.8633,19.0311],[72.8637,19.0295],[72.8663,19.0297],[72.8664,19.0266],[72.8696,19.025]]}},{"type":"Feature","properties":{"id":"transit_route:gtfs_mumbai_best:BEST_4419","field":"public_transport","kind":"transit_route","name":"ANTOP HILL EXTENSION to SEEPZ BUS STATION (UP)","ref":"181","status":"operational","opened_on":null,"expected_completion":null,"agency":"BEST","source":"gtfs_mumbai_best","confidence":0.7,"mode":"bus","tier":"secondary","geometry_source":"stop_sequence"},"geometry":{"type":"LineString","coordinates":[[72.8696,19.0248],[72.8666,19.0263],[72.8658,19.0295],[72.863,19.0298],[72.8638,19.0318],[72.8667,19.0327],[72.8676,19.0357],[72.8666,19.0374],[72.8635,19.0375],[72.8648,19.0415],[72.8574,19.0353],[72.8512,19.0401],[72.8511,19.0465],[72.8499,19.0463],[72.8487,19.0537],[72.8545,19.0592],[72.8591,19.0617],[72.8615,19.0649],[72.8715,19.071],[72.8709,19.074],[72.863,19.071],[72.8606,19.075],[72.862,19.0779],[72.8584,19.0818],[72.8495,19.0801],[72.8464,19.0818],[72.8436,19.09],[72.8459,19.0921],[72.8517,19.0943],[72.8539,19.0999],[72.8546,19.1146],[72.8698,19.1184],[72.8723,19.1244]]}},{"type":"Feature","properties":{"id":"transit_route:gtfs_mumbai_best:BEST_1735","field":"public_transport","kind":"transit_route","name":"DIAMOND BOURSE (BKC) to BANDRA (E) BUS STATION (DOWN)","ref":"182 RING","status":"operational","opened_on":null,"expected_completion":null,"agency":"BEST","source":"gtfs_mumbai_best","confidence":0.7,"mode":"bus","tier":"secondary","geometry_source":"stop_sequence"},"geometry":{"type":"LineString","coordinates":[[72.8647,19.0667],[72.8489,19.0536],[72.8468,19.0532],[72.8453,19.0556]]}},{"type":"Feature","properties":{"id":"transit_route:gtfs_mumbai_best:BEST_1734","field":"public_transport","kind":"transit_route","name":"BANDRA (E) BUS STATION to DIAMOND BOURSE (BKC) (UP)","ref":"182 RING","status":"operational","opened_on":null,"expected_completion":null,"agency":"BEST","source":"gtfs_mumbai_best","confidence":0.7,"mode":"bus","tier":"secondary","geometry_source":"stop_sequence"},"geometry":{"type":"LineString","coordinates":[[72.8455,19.0556],[72.8472,19.0533],[72.8487,19.0537],[72.8628,19.0649],[72.8654,19.0641],[72.8659,19.0665]]}},{"type":"Feature","properties":{"id":"transit_route:gtfs_mumbai_best:BEST_4261","field":"public_transport","kind":"transit_route","name":"SWAVALAMBAN BHAVAN to KURLA STATION (W) (DOWN)","ref":"183 AS","status":"operational","opened_on":null,"expected_completion":null,"agency":"BEST","source":"gtfs_mumbai_best","confidence":0.7,"mode":"bus","tier":"secondary","geometry_source":"stop_sequence"},"geometry":{"type":"LineString","coordinates":[[72.8644,19.0597],[72.8664,19.0594],[72.8684,19.0666],[72.8754,19.0712],[72.8766,19.0754],[72.8788,19.0754],[72.8881,19.0683],[72.8803,19.0735],[72.8791,19.0674]]}},{"type":"Feature","properties":{"id":"transit_route:gtfs_mumbai_best:BEST_4262","field":"public_transport","kind":"transit_route","name":"KURLA STATION (W) to SWAVALAMBAN BHAVAN (UP)","ref":"183 AS","status":"operational","opened_on":null,"expected_completion":null,"agency":"BEST","source":"gtfs_mumbai_best","confidence":0.7,"mode":"bus","tier":"secondary","geometry_source":"stop_sequence"},"geometry":{"type":"LineString","coordinates":[[72.8791,19.0674],[72.8803,19.0736],[72.8787,19.075],[72.8683,19.0663],[72.8679,19.0617],[72.8662,19.0591],[72.8644,19.0597]]}},{"type":"Feature","properties":{"id":"transit_route:gtfs_mumbai_best:BEST_3038","field":"public_transport","kind":"transit_route","name":"AGARKAR CHOWK (ANDHERI-E) to KANNAMWAR NAGAR NO.2 (DOWN)","ref":"185 AS","status":"operational","opened_on":null,"expected_completion":null,"agency":"BEST","source":"gtfs_mumbai_best","confidence":0.7,"mode":"bus","tier":"secondary","geometry_source":"stop_sequence"},"geometry":{"type":"LineString","coordinates":[[72.8479,19.1193],[72.8834,19.1075],[72.8859,19.1052],[72.8879,19.1064],[72.8911,19.1213],[72.8948,19.1256],[72.9006,19.1201],[72.904,19.1194],[72.9067,19.1205],[72.9097,19.124],[72.9171,19.1257],[72.9197,19.1288],[72.9261,19.1253],[72.9328,19.1243],[72.9325,19.1152],[72.9336,19.1133],[72.932,19.1095],[72.9335,19.1093],[72.9383,19.1204]]}},{"type":"Feature","properties":{"id":"transit_route:gtfs_mumbai_best:BEST_3039","field":"public_transport","kind":"transit_route","name":"KANNAMWAR NAGAR NO.2 to AGARKAR CHOWK (ANDHERI-E) (UP)","ref":"185 AS","status":"operational","opened_on":null,"expected_completion":null,"agency":"BEST","source":"gtfs_mumbai_best","confidence":0.7,"mode":"bus","tier":"secondary","geometry_source":"stop_sequence"},"geometry":{"type":"LineString","coordinates":[[72.9384,19.1201],[72.9335,19.1093],[72.932,19.1097],[72.9337,19.1137],[72.9326,19.1151],[72.9322,19.1249],[72.9238,19.1253],[72.919,19.1274],[72.9139,19.1241],[72.9097,19.1238],[72.9066,19.1202],[72.9038,19.1192],[72.8997,19.1201],[72.8981,19.1232],[72.8941,19.126],[72.8892,19.1162],[72.8881,19.107],[72.8853,19.1056],[72.8577,19.1151],[72.8488,19.1199]]}},{"type":"Feature","properties":{"id":"transit_route:gtfs_mumbai_best:BEST_1738","field":"public_transport","kind":"transit_route","name":"VIHAR LAKE to AGARKAR CHOWK (ANDHERI-E) (DOWN)","ref":"186","status":"operational","opened_on":null,"expected_completion":null,"agency":"BEST","source":"gtfs_mumbai_best","confidence":0.7,"mode":"bus","tier":"secondary","geometry_source":"stop_sequence"},"geometry":{"type":"LineString","coordinates":[[72.8981,19.1396],[72.8998,19.135],[72.8974,19.1336],[72.8962,19.1386],[72.8946,19.1389],[72.886,19.1342],[72.8827,19.1352],[72.8797,19.126],[72.8801,19.1135],[72.8827,19.1124],[72.8775,19.1087],[72.8577,19.1151],[72.8522,19.1181],[72.8479,19.1177]]}},{"type":"Feature","properties":{"id":"transit_route:gtfs_mumbai_best:BEST_1739","field":"public_transport","kind":"transit_route","name":"AGARKAR CHOWK (ANDHERI-E) to VIHAR LAKE (UP)","ref":"186","status":"operational","opened_on":null,"expected_completion":null,"agency":"BEST","source":"gtfs_mumbai_best","confidence":0.7,"mode":"bus","tier":"secondary","geometry_source":"stop_sequence"},"geometry":{"type":"LineString","coordinates":[[72.848,19.119],[72.8521,19.1185],[72.8574,19.1154],[72.8752,19.1096],[72.8785,19.1101],[72.8802,19.1181],[72.8795,19.1263],[72.8821,19.1348],[72.8857,19.1342],[72.8942,19.1387],[72.8962,19.1385],[72.8967,19.1337],[72.8975,19.1339],[72.8995,19.1363],[72.898,19.1396]]}},{"type":"Feature","properties":{"id":"transit_route:gtfs_mumbai_best:BEST_1740","field":"public_transport","kind":"transit_route","name":"C.A.INSTITUTE (BKC) to BANDRA (E) BUS STATION (DOWN)","ref":"187 RING","status":"operational","opened_on":null,"expected_completion":null,"agency":"BEST","source":"gtfs_mumbai_best","confidence":0.7,"mode":"bus","tier":"secondary","geometry_source":"stop_sequence"},"geometry":{"type":"LineString","coordinates":[[72.8687,19.0616],[72.8662,19.0591],[72.8594,19.0618],[72.8489,19.0536],[72.8468,19.0532],[72.8453,19.0556]]}},{"type":"Feature","properties":{"id":"transit_route:gtfs_mumbai_best:BEST_1741","field":"public_transport","kind":"transit_route","name":"BANDRA (E) BUS STATION to C.A.INSTITUTE (BKC) (UP)","ref":"187 RING","status":"operational","opened_on":null,"expected_completion":null,"agency":"BEST","source":"gtfs_mumbai_best","confidence":0.7,"mode":"bus","tier":"secondary","geometry_source":"stop_sequence"},"geometry":{"type":"LineString","coordinates":[[72.8455,19.0556],[72.8472,19.0533],[72.8487,19.0537],[72.8545,19.0592],[72.8591,19.0617],[72.8612,19.062],[72.8664,19.0594],[72.8687,19.0616]]}},{"type":"Feature","properties":{"id":"transit_route:gtfs_mumbai_best:BEST_1456","field":"public_transport","kind":"transit_route","name":"BANDRA COLONY BUS STATION to ELECTRIC HOUSE; COLABA DEPOT (DOWN)","ref":"2 LTD","status":"operational","opened_on":null,"expected_completion":null,"agency":"BEST","source":"gtfs_mumbai_best","confidence":0.7,"mode":"bus","tier":"secondary","geometry_source":"stop_sequence"},"geometry":{"type":"LineString","coordinates":[[72.8505,19.0617],[72.8466,19.0605],[72.8467,19.0565],[72.8385,19.0464],[72.8424,19.034],[72.8418,19.0301],[72.841,19.0263],[72.8322,19.0107],[72.8331,19.0088],[72.8315,18.9948],[72.8328,18.9671],[72.8319,18.9593],[72.8347,18.9502],[72.8348,18.941],[72.837,18.9371],[72.8362,18.9326],[72.8308,18.9211]]}},{"type":"Feature","properties":{"id":"transit_route:gtfs_mumbai_best:BEST_1457","field":"public_transport","kind":"transit_route","name":"ELECTRIC HOUSE; COLABA DEPOT to BANDRA COLONY BUS STATION (UP)","ref":"2 LTD","status":"operational","opened_on":null,"expected_completion":null,"agency":"BEST","source":"gtfs_mumbai_best","confidence":0.7,"mode":"bus","tier":"secondary","geometry_source":"stop_sequence"},"geometry":{"type":"LineString","coordinates":[[72.8306,18.9211],[72.8363,18.9328],[72.837,18.937],[72.8348,18.9406],[72.8347,18.9494],[72.8316,18.959],[72.8326,18.9664],[72.8307,19.0059],[72.8314,19.0104],[72.8409,19.0266],[72.8417,19.0302],[72.8412,19.0405],[72.8385,19.0459],[72.8463,19.0564],[72.8472,19.061],[72.8511,19.0606],[72.851,19.0616]]}},{"type":"Feature","properties":{"id":"transit_route:gtfs_mumbai_best:BEST_3963","field":"public_transport","kind":"transit_route","name":"DIAMOND BOURSE (BKC) to BANDRA (E) BUS STATION (DOWN)","ref":"21 AS","status":"operational","opened_on":null,"expected_completion":null,"agency":"BEST","source":"gtfs_mumbai_best","confidence":0.7,"mode":"bus","tier":"secondary","geometry_source":"stop_sequence"},"geometry":{"type":"LineString","coordinates":[[72.8647,19.0667],[72.8489,19.0536],[72.8468,19.0532],[72.8453,19.0556]]}},{"type":"Feature","properties":{"id":"transit_route:gtfs_mumbai_best:BEST_3964","field":"public_transport","kind":"transit_route","name":"BANDRA (E) BUS STATION to DIAMOND BOURSE (BKC) (UP)","ref":"21 AS","status":"operational","opened_on":null,"expected_completion":null,"agency":"BEST","source":"gtfs_mumbai_best","confidence":0.7,"mode":"bus","tier":"secondary","geometry_source":"stop_sequence"},"geometry":{"type":"LineString","coordinates":[[72.8455,19.0556],[72.8472,19.0533],[72.8487,19.0537],[72.8628,19.0649],[72.8654,19.0641],[72.8659,19.0665]]}},{"type":"Feature","properties":{"id":"transit_route:gtfs_mumbai_best:BEST_4582","field":"public_transport","kind":"transit_route","name":"TROMBAY to DR. SHYAMAPRASAD MUKHERJEE CHOWK(MUSEUM)  (DOWN)","ref":"21 AS","status":"operational","opened_on":null,"expected_completion":null,"agency":"BEST","source":"gtfs_mumbai_best","confidence":0.7,"mode":"bus","tier":"secondary","geometry_source":"stop_sequence"},"geometry":{"type":"LineString","coordinates":[[72.9499,19.0339],[72.9467,19.0355],[72.9447,19.0385],[72.9396,19.0409],[72.9148,19.0453],[72.8933,19.0465],[72.8934,19.0499],[72.8875,19.0538],[72.8798,19.0525],[72.8682,19.048],[72.8644,19.0435],[72.8562,19.0275],[72.8472,19.0169],[72.8386,19.0027],[72.8326,18.9704],[72.8319,18.9595],[72.8347,18.9502],[72.8348,18.9409],[72.8318,18.933],[72.8316,18.9263]]}},{"type":"Feature","properties":{"id":"transit_route:gtfs_mumbai_best:BEST_4583","field":"public_transport","kind":"transit_route","name":"DR. SHYAMAPRASAD MUKHERJEE CHOWK(MUSEUM)  to TROMBAY (UP)","ref":"21 AS","status":"operational","opened_on":null,"expected_completion":null,"agency":"BEST","source":"gtfs_mumbai_best","confidence":0.7,"mode":"bus","tier":"secondary","geometry_source":"stop_sequence"},"geometry":{"type":"LineString","coordinates":[[72.8314,18.9264],[72.8296,18.9294],[72.8301,18.9328],[72.8346,18.9409],[72.8348,18.9491],[72.8318,18.9591],[72.8319,18.9628],[72.8386,19.0028],[72.8468,19.0167],[72.8564,19.028],[72.8671,19.0479],[72.884,19.0543],[72.8871,19.0538],[72.8937,19.0502],[72.8944,19.0457],[72.9147,19.0457],[72.9386,19.0412],[72.9448,19.0384],[72.9492,19.0345]]}},{"type":"Feature","properties":{"id":"transit_route:gtfs_mumbai_best:BEST_3967","field":"public_transport","kind":"transit_route","name":"BANDRA (E) BUS STATION to KURLA STATION (W) (DOWN)","ref":"22 AS","status":"operational","opened_on":null,"expected_completion":null,"agency":"BEST","source":"gtfs_mumbai_best","confidence":0.7,"mode":"bus","tier":"secondary","geometry_source":"stop_sequence"},"geometry":{"type":"LineString","coordinates":[[72.8455,19.0556],[72.8472,19.0533],[72.8487,19.0537],[72.8545,19.0592],[72.8591,19.0617],[72.8615,19.0649],[72.8788,19.0754],[72.8881,19.0683],[72.8803,19.0735],[72.8791,19.0674]]}},{"type":"Feature","properties":{"id":"transit_route:gtfs_mumbai_best:BEST_3968","field":"public_transport","kind":"transit_route","name":"KURLA STATION (W) to BANDRA (E) BUS STATION (UP)","ref":"22 AS","status":"operational","opened_on":null,"expected_completion":null,"agency":"BEST","source":"gtfs_mumbai_best","confidence":0.7,"mode":"bus","tier":"secondary","geometry_source":"stop_sequence"},"geometry":{"type":"LineString","coordinates":[[72.8789,19.0673],[72.8803,19.0736],[72.8766,19.0749],[72.8756,19.0715],[72.8712,19.0707],[72.8613,19.0646],[72.8579,19.0603],[72.8548,19.059],[72.8489,19.0536],[72.8468,19.0532],[72.8453,19.0556]]}},{"type":"Feature","properties":{"id":"transit_route:gtfs_mumbai_best:BEST_4580","field":"public_transport","kind":"transit_route","name":"MAJAS DEPOT to JIJAMATA UDYAN (BYCULLA) (DOWN)","ref":"22 AS","status":"operational","opened_on":null,"expected_completion":null,"agency":"BEST","source":"gtfs_mumbai_best","confidence":0.7,"mode":"bus","tier":"secondary","geometry_source":"stop_sequence"},"geometry":{"type":"LineString","coordinates":[[72.8653,19.1392],[72.8692,19.1397],[72.8722,19.1381],[72.8748,19.132],[72.8773,19.1298],[72.8721,19.1228],[72.8795,19.1202],[72.8801,19.1135],[72.8827,19.1124],[72.8809,19.1085],[72.8854,19.106],[72.8857,19.1028],[72.881,19.0861],[72.8855,19.0847],[72.8821,19.0825],[72.8766,19.0749],[72.8744,19.0645],[72.8712,19.0583],[72.8618,19.0516],[72.8578,19.0509],[72.8554,19.0484],[72.8502,19.0463],[72.8488,19.0432],[72.8591,19.0327],[72.8472,19.0169],[72.8386,19.0027],[72.8357,18.986],[72.8362,18.9808],[72.8348,18.9805]]}},{"type":"Feature","properties":{"id":"transit_route:gtfs_mumbai_best:BEST_4581","field":"public_transport","kind":"transit_route","name":"JIJAMATA UDYAN (BYCULLA) to MAJAS DEPOT (UP)","ref":"22 AS","status":"operational","opened_on":null,"expected_completion":null,"agency":"BEST","source":"gtfs_mumbai_best","confidence":0.7,"mode":"bus","tier":"secondary","geometry_source":"stop_sequence"},"geometry":{"type":"LineString","coordinates":[[72.8348,18.9805],[72.8385,19.0025],[72.8485,19.019],[72.8563,19.0279],[72.8588,19.0326],[72.8574,19.0353],[72.8512,19.0401],[72.8511,19.0465],[72.8499,19.0463],[72.8554,19.0485],[72.858,19.0512],[72.8618,19.0518],[72.8716,19.0589],[72.8744,19.0647],[72.8766,19.0754],[72.88,19.0794],[72.8856,19.1053],[72.8807,19.1075],[72.8785,19.1101],[72.8797,19.1202],[72.8721,19.1229],[72.8762,19.1297],[72.8721,19.1381],[72.8675,19.1397],[72.861,19.1391]]}},{"type":"Feature","properties":{"id":"transit_route:gtfs_mumbai_best:BEST_1517","field":"public_transport","kind":"transit_route","name":"C.A.INSTITUTE (BKC) to BANDRA (E) BUS STATION (DOWN)","ref":"23 AS","status":"operational","opened_on":null,"expected_completion":null,"agency":"BEST","source":"gtfs_mumbai_best","confidence":0.7,"mode":"bus","tier":"secondary","geometry_source":"stop_sequence"},"geometry":{"type":"LineString","coordinates":[[72.8687,19.0616],[72.8662,19.0591],[72.8594,19.0618],[72.8489,19.0536],[72.8468,19.0532],[72.8453,19.0556]]}},{"type":"Feature","properties":{"id":"transit_route:gtfs_mumbai_best:BEST_1518","field":"public_transport","kind":"transit_route","name":"BANDRA (E) BUS STATION to C.A.INSTITUTE (BKC) (UP)","ref":"23 AS","status":"operational","opened_on":null,"expected_completion":null,"agency":"BEST","source":"gtfs_mumbai_best","confidence":0.7,"mode":"bus","tier":"secondary","geometry_source":"stop_sequence"},"geometry":{"type":"LineString","coordinates":[[72.8455,19.0556],[72.8472,19.0533],[72.8487,19.0537],[72.8545,19.0592],[72.8591,19.0617],[72.8612,19.062],[72.8664,19.0594],[72.8687,19.0616]]}},{"type":"Feature","properties":{"id":"transit_route:gtfs_mumbai_best:BEST_2779","field":"public_transport","kind":"transit_route","name":"RANI LAXMIBAI CHOWK (SION) to BACKBAY DEPOT (DOWN)","ref":"25 AS","status":"operational","opened_on":null,"expected_completion":null,"agency":"BEST","source":"gtfs_mumbai_best","confidence":0.7,"mode":"bus","tier":"secondary","geometry_source":"stop_sequence"},"geometry":{"type":"LineString","coordinates":[[72.8635,19.0435],[72.8644,19.0435],[72.8562,19.0275],[72.8472,19.0169],[72.8386,19.0027],[72.8326,18.9704],[72.8344,18.9377],[72.832,18.9332],[72.8283,18.9319],[72.8282,18.9279],[72.8246,18.9177],[72.8226,18.9152],[72.8176,18.9163],[72.8187,18.9149],[72.8174,18.9097]]}},{"type":"Feature","properties":{"id":"transit_route:gtfs_mumbai_best:BEST_2780","field":"public_transport","kind":"transit_route","name":"BACKBAY DEPOT to RANI LAXMIBAI CHOWK (SION) (UP)","ref":"25 AS","status":"operational","opened_on":null,"expected_completion":null,"agency":"BEST","source":"gtfs_mumbai_best","confidence":0.7,"mode":"bus","tier":"secondary","geometry_source":"stop_sequence"},"geometry":{"type":"LineString","coordinates":[[72.8173,18.9097],[72.8185,18.9109],[72.8176,18.9163],[72.8219,18.9146],[72.8249,18.9181],[72.8268,18.9244],[72.8297,18.9272],[72.8296,18.9294],[72.8346,18.9409],[72.8327,18.9666],[72.8385,19.0025],[72.8418,19.0096],[72.8563,19.0279],[72.8641,19.0439]]}},{"type":"Feature","properties":{"id":"transit_route:gtfs_mumbai_best:BEST_4315","field":"public_transport","kind":"transit_route","name":"SHIVAJI NAGAR DEPOT to ELECTRIC HOUSE; COLABA DEPOT (DOWN)","ref":"26 AS","status":"operational","opened_on":null,"expected_completion":null,"agency":"BEST","source":"gtfs_mumbai_best","confidence":0.7,"mode":"bus","tier":"secondary","geometry_source":"stop_sequence"},"geometry":{"type":"LineString","coordinates":[[72.9285,19.0663],[72.9234,19.0682],[72.921,19.0677],[72.9184,19.0625],[72.9358,19.0531],[72.9362,19.0508],[72.9259,19.0454],[72.9265,19.0428],[72.9108,19.0456],[72.8991,19.0526],[72.8944,19.053],[72.8934,19.0448],[72.8973,19.029],[72.8929,19.0277],[72.8884,19.0283],[72.876,19.0218],[72.8749,19.02],[72.8426,18.9565],[72.8365,18.9385],[72.832,18.9332],[72.832,18.9241],[72.8308,18.9211]]}},{"type":"Feature","properties":{"id":"transit_route:gtfs_mumbai_best:BEST_4316","field":"public_transport","kind":"transit_route","name":"ELECTRIC HOUSE; COLABA DEPOT to SHIVAJI NAGAR DEPOT (UP)","ref":"26 AS","status":"operational","opened_on":null,"expected_completion":null,"agency":"BEST","source":"gtfs_mumbai_best","confidence":0.7,"mode":"bus","tier":"secondary","geometry_source":"stop_sequence"},"geometry":{"type":"LineString","coordinates":[[72.8306,18.9211],[72.8316,18.9231],[72.8296,18.9294],[72.8301,18.9328],[72.8364,18.9385],[72.8427,18.9577],[72.8766,19.0244],[72.8884,19.0282],[72.8926,19.0277],[72.897,19.0292],[72.8937,19.0414],[72.8934,19.0499],[72.8975,19.0534],[72.9121,19.0457],[72.9262,19.043],[72.9259,19.0457],[72.9362,19.052],[72.9185,19.0628],[72.9209,19.0675],[72.9234,19.0682],[72.928,19.0663]]}},{"type":"Feature","properties":{"id":"transit_route:gtfs_mumbai_best:BEST_3566","field":"public_transport","kind":"transit_route","name":"VAISHALI NAGAR (MULUND-W) to RANI LAXMIBAI CHOWK (SION) (DOWN)","ref":"27","status":"operational","opened_on":null,"expected_completion":null,"agency":"BEST","source":"gtfs_mumbai_best","confidence":0.7,"mode":"bus","tier":"secondary","geometry_source":"stop_sequence"},"geometry":{"type":"LineString","coordinates":[[72.9457,19.1874],[72.9485,19.1832],[72.9454,19.179],[72.9498,19.1781],[72.9519,19.1756],[72.9447,19.1675],[72.9473,19.1641],[72.9456,19.1617],[72.9388,19.1636],[72.9377,19.1614],[72.9359,19.146],[72.9314,19.1401],[72.9258,19.1292],[72.9253,19.1102],[72.9123,19.0929],[72.9199,19.0858],[72.9156,19.0777],[72.9111,19.0732],[72.8999,19.067],[72.8842,19.0542],[72.8682,19.048],[72.8641,19.0439]]}},{"type":"Feature","properties":{"id":"transit_route:gtfs_mumbai_best:BEST_3567","field":"public_transport","kind":"transit_route","name":"RANI LAXMIBAI CHOWK (SION) to VAISHALI NAGAR (MULUND-W) (UP)","ref":"27","status":"operational","opened_on":null,"expected_completion":null,"agency":"BEST","source":"gtfs_mumbai_best","confidence":0.7,"mode":"bus","tier":"secondary","geometry_source":"stop_sequence"},"geometry":{"type":"LineString","coordinates":[[72.8635,19.0435],[72.8629,19.0446],[72.8671,19.0479],[72.884,19.0543],[72.9106,19.0732],[72.916,19.0785],[72.9199,19.0856],[72.9182,19.0881],[72.9126,19.0917],[72.9123,19.0932],[72.9258,19.1116],[72.9258,19.1295],[72.9376,19.1508],[72.9383,19.1638],[72.9457,19.1619],[72.947,19.165],[72.9449,19.1679],[72.951,19.1748],[72.9506,19.1787],[72.9454,19.1792],[72.9483,19.1832],[72.9458,19.1872]]}},{"type":"Feature","properties":{"id":"transit_route:gtfs_mumbai_best:BEST_3965","field":"public_transport","kind":"transit_route","name":"J.V.P.D.BUS STATION to CHHATRAPATI SHIVAJI MAHARAJ TERMINUS(CSMT) (DOWN)","ref":"28","status":"operational","opened_on":null,"expected_completion":null,"agency":"BEST","source":"gtfs_mumbai_best","confidence":0.7,"mode":"bus","tier":"secondary","geometry_source":"stop_sequence"},"geometry":{"type":"LineString","coordinates":[[72.8292,19.1161],[72.83,19.1133],[72.8269,19.1067],[72.8281,19.086],[72.8346,19.0833],[72.8342,19.066],[72.8414,19.0403],[72.8418,19.0301],[72.841,19.0264],[72.8365,19.0198],[72.8321,19.0179],[72.8294,19.0136],[72.8229,19.0126],[72.8202,19.01],[72.8161,19.0008],[72.8167,18.9973],[72.814,18.9891],[72.8169,18.9578],[72.8128,18.9798],[72.8093,18.9731],[72.8079,18.9672],[72.8105,18.9584],[72.8162,18.9553],[72.8243,18.9454],[72.8354,18.9392]]}},{"type":"Feature","properties":{"id":"transit_route:gtfs_mumbai_best:BEST_3966","field":"public_transport","kind":"transit_route","name":"CHHATRAPATI SHIVAJI MAHARAJ TERMINUS(CSMT) to J.V.P.D.BUS STATION (UP)","ref":"28","status":"operational","opened_on":null,"expected_completion":null,"agency":"BEST","source":"gtfs_mumbai_best","confidence":0.7,"mode":"bus","tier":"secondary","geometry_source":"stop_sequence"},"geometry":{"type":"LineString","coordinates":[[72.8354,18.9392],[72.8238,18.9462],[72.8161,18.9552],[72.8104,18.9584],[72.8087,18.961],[72.808,18.9675],[72.8092,18.9735],[72.8144,18.9821],[72.8138,18.9885],[72.8166,18.9973],[72.8157,19.0027],[72.8226,19.0125],[72.8366,19.0201],[72.8408,19.0261],[72.8417,19.0298],[72.8423,19.036],[72.8335,19.0687],[72.8345,19.0829],[72.8327,19.0847],[72.8281,19.086],[72.8272,19.0883],[72.8268,19.1067],[72.8299,19.1132],[72.8292,19.1164]]}},{"type":"Feature","properties":{"id":"transit_route:gtfs_mumbai_best:BEST_4213","field":"public_transport","kind":"transit_route","name":"VIHAR LAKE to PRABODHANKAR THACKERAY UDYAN BUS STATION (SEWREE) (DOWN)","ref":"29 LTD","status":"operational","opened_on":null,"expected_completion":null,"agency":"BEST","source":"gtfs_mumbai_best","confidence":0.7,"mode":"bus","tier":"secondary","geometry_source":"stop_sequence"},"geometry":{"type":"LineString","coordinates":[[72.8981,19.1396],[72.8998,19.135],[72.8974,19.1336],[72.8972,19.1309],[72.8896,19.1174],[72.8881,19.107],[72.8846,19.1015],[72.881,19.0861],[72.8855,19.0847],[72.8821,19.0825],[72.8766,19.0749],[72.8744,19.0645],[72.8712,19.0583],[72.8618,19.0516],[72.8578,19.0509],[72.8554,19.0484],[72.8502,19.0463],[72.8488,19.0432],[72.8591,19.0328],[72.8562,19.0275],[72.8472,19.0169],[72.8464,19.0141],[72.8488,19.0128],[72.8481,19.0101],[72.8465,19.0061],[72.8426,19.0041],[72.8427,19.0029],[72.8526,18.9982]]}},{"type":"Feature","properties":{"id":"transit_route:gtfs_mumbai_best:BEST_4214","field":"public_transport","kind":"transit_route","name":"PRABODHANKAR THACKERAY UDYAN BUS STATION (SEWREE) to VIHAR LAKE (UP)","ref":"29 LTD","status":"operational","opened_on":null,"expected_completion":null,"agency":"BEST","source":"gtfs_mumbai_best","confidence":0.7,"mode":"bus","tier":"secondary","geometry_source":"stop_sequence"},"geometry":{"type":"LineString","coordinates":[[72.8516,18.9982],[72.8445,19.0014],[72.8427,19.0042],[72.8473,19.0082],[72.8486,19.0112],[72.8489,19.0127],[72.8462,19.0143],[72.8485,19.019],[72.8563,19.028],[72.8588,19.0326],[72.8574,19.0353],[72.8512,19.0401],[72.8511,19.0465],[72.8499,19.0463],[72.8618,19.0518],[72.8716,19.0589],[72.8744,19.0647],[72.8766,19.0754],[72.88,19.0794],[72.8846,19.1016],[72.8879,19.1064],[72.8895,19.1174],[72.8966,19.13],[72.8975,19.1339],[72.8992,19.1346],[72.898,19.1396]]}},{"type":"Feature","properties":{"id":"transit_route:gtfs_mumbai_best:BEST_4600","field":"public_transport","kind":"transit_route","name":"VESAVA-YARI ROAD BUS STATION to WADALA BUS DEPOT (DOWN)","ref":"200 AS","status":"operational","opened_on":null,"expected_completion":null,"agency":"BEST","source":"gtfs_mumbai_best","confidence":0.7,"mode":"bus","tier":"secondary","geometry_source":"stop_sequence"},"geometry":{"type":"LineString","coordinates":[[72.8086,19.1396],[72.8105,19.1373],[72.8104,19.1351],[72.8171,19.1287],[72.8205,19.1306],[72.8256,19.1288],[72.8246,19.123],[72.831,19.1162],[72.8348,19.1156],[72.8369,19.1136],[72.8369,19.1037],[72.8388,19.1017],[72.8397,19.095],[72.8374,19.0841],[72.8346,19.0833],[72.8342,19.066],[72.8377,19.0549],[72.8385,19.0464],[72.8424,19.0367],[72.8409,19.0258],[72.8423,19.0231],[72.8526,19.0148]]}},{"type":"Feature","properties":{"id":"transit_route:gtfs_mumbai_best:BEST_4601","field":"public_transport","kind":"transit_route","name":"WADALA BUS DEPOT to VESAVA-YARI ROAD BUS STATION (UP)","ref":"200 AS","status":"operational","opened_on":null,"expected_completion":null,"agency":"BEST","source":"gtfs_mumbai_best","confidence":0.7,"mode":"bus","tier":"secondary","geometry_source":"stop_sequence"},"geometry":{"type":"LineString","coordinates":[[72.8523,19.0149],[72.8423,19.0217],[72.8408,19.0261],[72.8423,19.036],[72.8385,19.0459],[72.8379,19.0533],[72.8335,19.0687],[72.8344,19.0829],[72.838,19.0851],[72.8395,19.0963],[72.8388,19.1016],[72.8368,19.1033],[72.8366,19.1138],[72.835,19.1155],[72.8314,19.116],[72.8244,19.1231],[72.8249,19.1295],[72.8204,19.1305],[72.8176,19.1291],[72.8142,19.1304],[72.81,19.1354],[72.8104,19.1374],[72.8085,19.1395]]}},{"type":"Feature","properties":{"id":"transit_route:gtfs_mumbai_best:BEST_1746","field":"public_transport","kind":"transit_route","name":"SANTACRUZ DEPOT to PAREL S.T.DEPOT; SANT ROHIDAS CHOWK (DOWN)","ref":"201","status":"operational","opened_on":null,"expected_completion":null,"agency":"BEST","source":"gtfs_mumbai_best","confidence":0.7,"mode":"bus","tier":"secondary","geometry_source":"stop_sequence"},"geometry":{"type":"LineString","coordinates":[[72.8385,19.0912],[72.8374,19.0841],[72.8346,19.0833],[72.8338,19.0695],[72.8423,19.0336],[72.8409,19.0258],[72.8423,19.0211],[72.8322,19.0107],[72.8327,19.0083]]}},{"type":"Feature","properties":{"id":"transit_route:gtfs_mumbai_best:BEST_1747","field":"public_transport","kind":"transit_route","name":"PAREL S.T.DEPOT; SANT ROHIDAS CHOWK to SANTACRUZ DEPOT (UP)","ref":"201","status":"operational","opened_on":null,"expected_completion":null,"agency":"BEST","source":"gtfs_mumbai_best","confidence":0.7,"mode":"bus","tier":"secondary","geometry_source":"stop_sequence"},"geometry":{"type":"LineString","coordinates":[[72.8315,19.0106],[72.8372,19.0153],[72.8423,19.0217],[72.8408,19.0261],[72.8423,19.036],[72.8385,19.0459],[72.8379,19.0533],[72.8335,19.0687],[72.8344,19.0829],[72.838,19.0851],[72.8386,19.092]]}},{"type":"Feature","properties":{"id":"transit_route:gtfs_mumbai_best:BEST_3730","field":"public_transport","kind":"transit_route","name":"GORAI DEPOT to MAHIM BUS STATION (DOWN)","ref":"202 AS","status":"operational","opened_on":null,"expected_completion":null,"agency":"BEST","source":"gtfs_mumbai_best","confidence":0.7,"mode":"bus","tier":"secondary","geometry_source":"stop_sequence"},"geometry":{"type":"LineString","coordinates":[[72.8312,19.2321],[72.8557,19.2278],[72.8517,19.2179],[72.8475,19.1962],[72.8452,19.173],[72.846,19.1585],[72.8432,19.1483],[72.8433,19.1413],[72.8478,19.1339],[72.8454,19.1193],[72.8403,19.1072],[72.8397,19.095],[72.8385,19.0912],[72.8372,19.0603],[72.8385,19.0464],[72.8404,19.0438]]}},{"type":"Feature","properties":{"id":"transit_route:gtfs_mumbai_best:BEST_3731","field":"public_transport","kind":"transit_route","name":"MAHIM BUS STATION to GORAI DEPOT (UP)","ref":"202 AS","status":"operational","opened_on":null,"expected_completion":null,"agency":"BEST","source":"gtfs_mumbai_best","confidence":0.7,"mode":"bus","tier":"secondary","geometry_source":"stop_sequence"},"geometry":{"type":"LineString","coordinates":[[72.8405,19.0435],[72.8385,19.0459],[72.8372,19.0611],[72.8381,19.0873],[72.8399,19.1066],[72.8465,19.1237],[72.8476,19.134],[72.8432,19.1413],[72.8431,19.1486],[72.8459,19.157],[72.8452,19.172],[72.847,19.193],[72.8516,19.2181],[72.8556,19.2279],[72.8304,19.2321]]}},{"type":"Feature","properties":{"id":"transit_route:gtfs_mumbai_best:BEST_2500","field":"public_transport","kind":"transit_route","name":"DAHISAR BRIDGE to JUHU BEACH (DOWN)","ref":"203 AS","status":"operational","opened_on":null,"expected_completion":null,"agency":"BEST","source":"gtfs_mumbai_best","confidence":0.7,"mode":"bus","tier":"secondary","geometry_source":"stop_sequence"},"geometry":{"type":"LineString","coordinates":[[72.8566,19.255],[72.8545,19.2547],[72.8538,19.2513],[72.8551,19.2345],[72.8569,19.2316],[72.8517,19.2179],[72.8518,19.2113],[72.8475,19.1961],[72.8452,19.173],[72.8461,19.1622],[72.8453,19.154],[72.8446,19.1521],[72.8369,19.1551],[72.8432,19.1483],[72.8433,19.1415],[72.8478,19.1339],[72.8466,19.1233],[72.8452,19.1189],[72.841,19.1162],[72.8314,19.116],[72.8269,19.1067],[72.8276,19.096]]}},{"type":"Feature","properties":{"id":"transit_route:gtfs_mumbai_best:BEST_2501","field":"public_transport","kind":"transit_route","name":"JUHU BEACH to DAHISAR BRIDGE (UP)","ref":"203 AS","status":"operational","opened_on":null,"expected_completion":null,"agency":"BEST","source":"gtfs_mumbai_best","confidence":0.7,"mode":"bus","tier":"secondary","geometry_source":"stop_sequence"},"geometry":{"type":"LineString","coordinates":[[72.8276,19.096],[72.8266,19.1084],[72.8285,19.1116],[72.8318,19.1162],[72.8422,19.1163],[72.8451,19.119],[72.8465,19.1237],[72.8476,19.1341],[72.8453,19.1383],[72.8431,19.1486],[72.8353,19.1544],[72.8366,19.1554],[72.8446,19.1524],[72.8459,19.157],[72.8452,19.1752],[72.8465,19.1881],[72.8516,19.2114],[72.8509,19.2145],[72.8564,19.23],[72.8539,19.2429],[72.8537,19.2515],[72.8545,19.2547],[72.8569,19.2548]]}},{"type":"Feature","properties":{"id":"transit_route:gtfs_mumbai_best:BEST_4372","field":"public_transport","kind":"transit_route","name":"GOMANT NAGAR (DAHISAR-W) to GOREGAON (W) BUS STATION (DOWN)","ref":"204 AS","status":"operational","opened_on":null,"expected_completion":null,"agency":"BEST","source":"gtfs_mumbai_best","confidence":0.7,"mode":"bus","tier":"secondary","geometry_source":"stop_sequence"},"geometry":{"type":"LineString","coordinates":[[72.8588,19.2434],[72.8585,19.2527],[72.8566,19.255],[72.8545,19.2547],[72.854,19.2429],[72.8551,19.2345],[72.8569,19.2316],[72.8517,19.2179],[72.8518,19.2113],[72.8506,19.2082],[72.8488,19.2042],[72.839,19.2051],[72.8373,19.2072],[72.8348,19.2064],[72.8341,19.2025],[72.8339,19.1946],[72.8372,19.1752],[72.835,19.1643],[72.8486,19.162],[72.849,19.1639]]}},{"type":"Feature","properties":{"id":"transit_route:gtfs_mumbai_best:BEST_4373","field":"public_transport","kind":"transit_route","name":"GOREGAON (W) BUS STATION to GOMANT NAGAR (DAHISAR-W) (UP)","ref":"204 AS","status":"operational","opened_on":null,"expected_completion":null,"agency":"BEST","source":"gtfs_mumbai_best","confidence":0.7,"mode":"bus","tier":"secondary","geometry_source":"stop_sequence"},"geometry":{"type":"LineString","coordinates":[[72.8491,19.1636],[72.8486,19.16],[72.8465,19.1593],[72.8458,19.1628],[72.8348,19.164],[72.8369,19.1773],[72.8337,19.1967],[72.8341,19.2038],[72.8377,19.2072],[72.8394,19.2049],[72.8422,19.2057],[72.8487,19.2043],[72.85,19.2059],[72.8516,19.2114],[72.8516,19.2181],[72.8564,19.23],[72.8588,19.2434]]}},{"type":"Feature","properties":{"id":"transit_route:gtfs_mumbai_best:BEST_4374","field":"public_transport","kind":"transit_route","name":"GOMANT NAGAR (DAHISAR-W) to JOGESHWARI (W) BUS STATION (DOWN)","ref":"205 AS","status":"operational","opened_on":null,"expected_completion":null,"agency":"BEST","source":"gtfs_mumbai_best","confidence":0.7,"mode":"bus","tier":"secondary","geometry_source":"stop_sequence"},"geometry":{"type":"LineString","coordinates":[[72.8589,19.2434],[72.8566,19.23],[72.8517,19.2179],[72.8518,19.2113],[72.8475,19.1962],[72.847,19.1797],[72.8456,19.1784],[72.8368,19.1789],[72.8372,19.1752],[72.8353,19.1687],[72.835,19.1603],[72.8367,19.1432],[72.842,19.1441],[72.8481,19.1345]]}},{"type":"Feature","properties":{"id":"transit_route:gtfs_mumbai_best:BEST_4375","field":"public_transport","kind":"transit_route","name":"JOGESHWARI (W) BUS STATION to GOMANT NAGAR (DAHISAR-W) (UP)","ref":"205 AS","status":"operational","opened_on":null,"expected_completion":null,"agency":"BEST","source":"gtfs_mumbai_best","confidence":0.7,"mode":"bus","tier":"secondary","geometry_source":"stop_sequence"},"geometry":{"type":"LineString","coordinates":[[72.8482,19.1339],[72.8418,19.1441],[72.8366,19.1433],[72.8349,19.1602],[72.8352,19.1703],[72.8371,19.1795],[72.8452,19.1787],[72.8469,19.1807],[72.847,19.193],[72.8516,19.2114],[72.8509,19.2145],[72.8564,19.23],[72.8535,19.2479],[72.8545,19.2547],[72.8571,19.255],[72.8586,19.2526],[72.8589,19.2434]]}},{"type":"Feature","properties":{"id":"transit_route:gtfs_mumbai_best:BEST_2862","field":"public_transport","kind":"transit_route","name":"I.C.COLONY (BORIVALI -W) to PRABHODHANKAR THACKERAY NAGAR BUS STATION (CHARKOP) (DOWN)","ref":"206 AS","status":"operational","opened_on":null,"expected_completion":null,"agency":"BEST","source":"gtfs_mumbai_best","confidence":0.7,"mode":"bus","tier":"secondary","geometry_source":"stop_sequence"},"geometry":{"type":"LineString","coordinates":[[72.847,19.2475],[72.854,19.2429],[72.8551,19.2345],[72.8569,19.2316],[72.8517,19.2179],[72.8512,19.2052],[72.8487,19.2043],[72.839,19.2051],[72.8373,19.2072],[72.8294,19.2081],[72.8287,19.2211]]}},{"type":"Feature","properties":{"id":"transit_route:gtfs_mumbai_best:BEST_2863","field":"public_transport","kind":"transit_route","name":"PRABODHANKAR THACKERAY NAGAR BUS STATION (CHARKOP) to I.C.COLONY (BORIVALI -W) (UP)","ref":"206 AS","status":"operational","opened_on":null,"expected_completion":null,"agency":"BEST","source":"gtfs_mumbai_best","confidence":0.7,"mode":"bus","tier":"secondary","geometry_source":"stop_sequence"},"geometry":{"type":"LineString","coordinates":[[72.8288,19.22],[72.8285,19.2126],[72.83,19.2074],[72.8377,19.2072],[72.8394,19.2049],[72.8422,19.2057],[72.8489,19.2043],[72.8516,19.2114],[72.8516,19.2181],[72.8561,19.2319],[72.8545,19.2406],[72.848,19.2476]]}},{"type":"Feature","properties":{"id":"transit_route:gtfs_mumbai_best:BEST_4424","field":"public_transport","kind":"transit_route","name":"DAHISAR BUS STATION to MALVANI DEPOT; GAIKWAD NAGAR (DOWN)","ref":"207 AS","status":"operational","opened_on":null,"expected_completion":null,"agency":"BEST","source":"gtfs_mumbai_best","confidence":0.7,"mode":"bus","tier":"secondary","geometry_source":"stop_sequence"},"geometry":{"type":"LineString","coordinates":[[72.8739,19.2591],[72.8694,19.2558],[72.8654,19.2573],[72.8625,19.2549],[72.858,19.2558],[72.8545,19.2547],[72.854,19.2429],[72.8551,19.2345],[72.8569,19.2316],[72.8517,19.2179],[72.8518,19.2113],[72.8501,19.2058],[72.8489,19.2043],[72.839,19.2051],[72.8373,19.2072],[72.8291,19.207],[72.8269,19.1963],[72.8221,19.1952],[72.8216,19.1913],[72.8189,19.1862],[72.8192,19.1835]]}},{"type":"Feature","properties":{"id":"transit_route:gtfs_mumbai_best:BEST_4425","field":"public_transport","kind":"transit_route","name":"MALVANI DEPOT; GAIKWAD NAGAR to DAHISAR BUS STATION (UP)","ref":"207 AS","status":"operational","opened_on":null,"expected_completion":null,"agency":"BEST","source":"gtfs_mumbai_best","confidence":0.7,"mode":"bus","tier":"secondary","geometry_source":"stop_sequence"},"geometry":{"type":"LineString","coordinates":[[72.8191,19.1835],[72.8188,19.1863],[72.822,19.1925],[72.8221,19.1953],[72.8275,19.1967],[72.8283,19.2045],[72.83,19.2074],[72.8377,19.2072],[72.8394,19.2049],[72.8422,19.2057],[72.8487,19.2043],[72.85,19.2059],[72.8516,19.2114],[72.8516,19.2181],[72.8564,19.2299],[72.8535,19.2479],[72.8545,19.2547],[72.858,19.2559],[72.8626,19.2549],[72.8654,19.2574],[72.8692,19.2559],[72.8717,19.2586],[72.8738,19.259]]}},{"type":"Feature","properties":{"id":"transit_route:gtfs_mumbai_best:BEST_2864","field":"public_transport","kind":"transit_route","name":"SARASWATI COMPLEX (DAHISAR) to POISAR DEPOT (DOWN)","ref":"208 AS","status":"operational","opened_on":null,"expected_completion":null,"agency":"BEST","source":"gtfs_mumbai_best","confidence":0.7,"mode":"bus","tier":"secondary","geometry_source":"stop_sequence"},"geometry":{"type":"LineString","coordinates":[[72.86,19.2641],[72.862,19.2615],[72.8653,19.2602],[72.8657,19.261],[72.863,19.2597],[72.8602,19.2591],[72.858,19.2558],[72.8591,19.2475],[72.8585,19.2407],[72.8566,19.23],[72.851,19.2147]]}},{"type":"Feature","properties":{"id":"transit_route:gtfs_mumbai_best:BEST_2865","field":"public_transport","kind":"transit_route","name":"POISAR DEPOT to SARASWATI COMPLEX (DAHISAR) (UP)","ref":"208 AS","status":"operational","opened_on":null,"expected_completion":null,"agency":"BEST","source":"gtfs_mumbai_best","confidence":0.7,"mode":"bus","tier":"secondary","geometry_source":"stop_sequence"},"geometry":{"type":"LineString","coordinates":[[72.8509,19.2145],[72.8563,19.2295],[72.8584,19.2403],[72.858,19.2559],[72.8602,19.2591],[72.8657,19.2609],[72.862,19.2614],[72.86,19.264]]}},{"type":"Feature","properties":{"id":"transit_route:gtfs_mumbai_best:BEST_3807","field":"public_transport","kind":"transit_route","name":"ASHISH COMPLEX to SAMATA NAGAR BUS STATION (KANDIVALI-E) (DOWN)","ref":"209 AS","status":"operational","opened_on":null,"expected_completion":null,"agency":"BEST","source":"gtfs_mumbai_best","confidence":0.7,"mode":"bus","tier":"secondary","geometry_source":"stop_sequence"},"geometry":{"type":"LineString","coordinates":[[72.862,19.2615],[72.8657,19.261],[72.8647,19.2582],[72.8655,19.2535],[72.8601,19.2432],[72.8577,19.2315],[72.8635,19.2299],[72.8674,19.2161],[72.8729,19.2135],[72.8728,19.2061],[72.8699,19.2065]]}},{"type":"Feature","properties":{"id":"transit_route:gtfs_mumbai_best:BEST_3169","field":"public_transport","kind":"transit_route","name":"SAMATA NAGAR BUS STATION (KANDIVALI E) to ASHISH COMPLEX (UP)","ref":"209 AS","status":"operational","opened_on":null,"expected_completion":null,"agency":"BEST","source":"gtfs_mumbai_best","confidence":0.7,"mode":"bus","tier":"secondary","geometry_source":"stop_sequence"},"geometry":{"type":"LineString","coordinates":[[72.8696,19.2069],[72.8726,19.2063],[72.8727,19.2134],[72.8671,19.2161],[72.8655,19.2205],[72.8607,19.2212],[72.8566,19.2243],[72.86,19.2435],[72.8652,19.2533],[72.865,19.2595],[72.862,19.2597],[72.862,19.2615]]}},{"type":"Feature","properties":{"id":"transit_route:gtfs_mumbai_best:BEST_1762","field":"public_transport","kind":"transit_route","name":"DAHISAR BRIDGE to VESAVA-YARI ROAD BUS STATION (DOWN)","ref":"210 LTD","status":"operational","opened_on":null,"expected_completion":null,"agency":"BEST","source":"gtfs_mumbai_best","confidence":0.7,"mode":"bus","tier":"secondary","geometry_source":"stop_sequence"},"geometry":{"type":"LineString","coordinates":[[72.8566,19.255],[72.8545,19.2547],[72.8538,19.2513],[72.8551,19.2345],[72.8569,19.2316],[72.8517,19.2179],[72.8518,19.2113],[72.8471,19.1928],[72.8445,19.1919],[72.837,19.1953],[72.8339,19.1946],[72.8372,19.1752],[72.835,19.1643],[72.8367,19.1468],[72.8313,19.145],[72.8314,19.1294],[72.8291,19.1285],[72.8204,19.1305],[72.8176,19.1291],[72.8142,19.1304],[72.81,19.1354],[72.8104,19.1374],[72.8085,19.1395]]}},{"type":"Feature","properties":{"id":"transit_route:gtfs_mumbai_best:BEST_1763","field":"public_transport","kind":"transit_route","name":"VESAVA-YARI ROAD BUS STATION to DAHISAR BRIDGE (UP)","ref":"210 LTD","status":"operational","opened_on":null,"expected_completion":null,"agency":"BEST","source":"gtfs_mumbai_best","confidence":0.7,"mode":"bus","tier":"secondary","geometry_source":"stop_sequence"},"geometry":{"type":"LineString","coordinates":[[72.8085,19.1395],[72.8105,19.1373],[72.8104,19.1351],[72.8171,19.1287],[72.8205,19.1306],[72.8312,19.1289],[72.8319,19.146],[72.8364,19.1468],[72.8348,19.164],[72.8367,19.1743],[72.8345,19.1924],[72.8383,19.1955],[72.8429,19.1925],[72.847,19.193],[72.8516,19.2114],[72.8516,19.2181],[72.8564,19.23],[72.8535,19.2479],[72.8545,19.2547],[72.8569,19.2548]]}},{"type":"Feature","properties":{"id":"transit_route:gtfs_mumbai_best:BEST_4434","field":"public_transport","kind":"transit_route","name":"FATHER AGNEL ASHRAM (BANDRA-W) to BANDRA (W) BUS STATION (DOWN)","ref":"211 AS","status":"operational","opened_on":null,"expected_completion":null,"agency":"BEST","source":"gtfs_mumbai_best","confidence":0.7,"mode":"bus","tier":"secondary","geometry_source":"stop_sequence"},"geometry":{"type":"LineString","coordinates":[[72.819,19.0446],[72.823,19.0543],[72.8323,19.0556],[72.8399,19.0542]]}},{"type":"Feature","properties":{"id":"transit_route:gtfs_mumbai_best:BEST_4435","field":"public_transport","kind":"transit_route","name":"BANDRA (W) BUS STATION to FATHER AGNEL ASHRAM (BANDRA-W) (UP)","ref":"211 AS","status":"operational","opened_on":null,"expected_completion":null,"agency":"BEST","source":"gtfs_mumbai_best","confidence":0.7,"mode":"bus","tier":"secondary","geometry_source":"stop_sequence"},"geometry":{"type":"LineString","coordinates":[[72.8389,19.0542],[72.8332,19.0557],[72.826,19.0547],[72.8217,19.0508],[72.8193,19.0452]]}},{"type":"Feature","properties":{"id":"transit_route:gtfs_mumbai_best:BEST_1771","field":"public_transport","kind":"transit_route","name":"BANDRA RECLAMATION BUS STATION to PRABODHANKAR THACKERAY UDYAN BUS STATION (SEWREE) (DOWN)","ref":"212","status":"operational","opened_on":null,"expected_completion":null,"agency":"BEST","source":"gtfs_mumbai_best","confidence":0.7,"mode":"bus","tier":"secondary","geometry_source":"stop_sequence"},"geometry":{"type":"LineString","coordinates":[[72.8271,19.0482],[72.8325,19.0523],[72.8364,19.0513],[72.8424,19.0367],[72.8412,19.0239],[72.8473,19.0169],[72.8464,19.0141],[72.8488,19.0128],[72.8465,19.0061],[72.8426,19.0041],[72.8427,19.0029],[72.8526,18.9982]]}},{"type":"Feature","properties":{"id":"transit_route:gtfs_mumbai_best:BEST_1772","field":"public_transport","kind":"transit_route","name":"PRABODHANKAR THACKERAY UDYAN BUS STATION (SEWREE) to BANDRA RECLAMATION BUS STATION (UP)","ref":"212","status":"operational","opened_on":null,"expected_completion":null,"agency":"BEST","source":"gtfs_mumbai_best","confidence":0.7,"mode":"bus","tier":"secondary","geometry_source":"stop_sequence"},"geometry":{"type":"LineString","coordinates":[[72.8516,18.9982],[72.8428,19.0028],[72.8427,19.0042],[72.8473,19.0082],[72.8489,19.0127],[72.8456,19.0151],[72.8468,19.0167],[72.8423,19.0217],[72.8408,19.026],[72.8423,19.0366],[72.8385,19.0459],[72.8358,19.0513],[72.8342,19.0521],[72.8303,19.0509],[72.8271,19.0482]]}},{"type":"Feature","properties":{"id":"transit_route:gtfs_mumbai_best:BEST_4360","field":"public_transport","kind":"transit_route","name":"MOUNT MARY STEPS (MUNICIPAL GARDEN) to BANDRA (W) BUS STATION (DOWN)","ref":"214 AS","status":"operational","opened_on":null,"expected_completion":null,"agency":"BEST","source":"gtfs_mumbai_best","confidence":0.7,"mode":"bus","tier":"secondary","geometry_source":"stop_sequence"},"geometry":{"type":"LineString","coordinates":[[72.825,19.0483],[72.8241,19.0529],[72.8257,19.0547],[72.8323,19.0556],[72.8399,19.0542]]}},{"type":"Feature","properties":{"id":"transit_route:gtfs_mumbai_best:BEST_4361","field":"public_transport","kind":"transit_route","name":"BANDRA (W) BUS STATION to MOUNT MARY STEPS (MUNICIPAL GARDEN) (UP)","ref":"214 AS","status":"operational","opened_on":null,"expected_completion":null,"agency":"BEST","source":"gtfs_mumbai_best","confidence":0.7,"mode":"bus","tier":"secondary","geometry_source":"stop_sequence"},"geometry":{"type":"LineString","coordinates":[[72.8392,19.0541],[72.8332,19.0557],[72.826,19.0547],[72.8241,19.0527],[72.8274,19.0509],[72.825,19.0483]]}},{"type":"Feature","properties":{"id":"transit_route:gtfs_mumbai_best:BEST_4436","field":"public_transport","kind":"transit_route","name":"KHERWADI POLICE STATION to BANDRA RECLAMATION BUS STATION (DOWN)","ref":"215 AS","status":"operational","opened_on":null,"expected_completion":null,"agency":"BEST","source":"gtfs_mumbai_best","confidence":0.7,"mode":"bus","tier":"secondary","geometry_source":"stop_sequence"},"geometry":{"type":"LineString","coordinates":[[72.8502,19.0648],[72.8478,19.0637],[72.8479,19.0553],[72.8379,19.0532],[72.8357,19.0556],[72.826,19.0547],[72.8241,19.0527],[72.8302,19.0509],[72.8271,19.0479]]}},{"type":"Feature","properties":{"id":"transit_route:gtfs_mumbai_best:BEST_4437","field":"public_transport","kind":"transit_route","name":"BANDRA RECLAMATION BUS STATION to KHERWADI POLICE STATION (UP)","ref":"215 AS","status":"operational","opened_on":null,"expected_completion":null,"agency":"BEST","source":"gtfs_mumbai_best","confidence":0.7,"mode":"bus","tier":"secondary","geometry_source":"stop_sequence"},"geometry":{"type":"LineString","coordinates":[[72.8271,19.0479],[72.8303,19.0509],[72.8242,19.0518],[72.8257,19.0547],[72.835,19.0561],[72.8383,19.0514],[72.8478,19.0546],[72.8479,19.0661],[72.8501,19.0652]]}},{"type":"Feature","properties":{"id":"transit_route:gtfs_mumbai_best:BEST_3804","field":"public_transport","kind":"transit_route","name":"MHADA COLONY (BHOIWADA) BLDG.NO.5E to DADAR STATION (E) (DOWN)","ref":"216","status":"operational","opened_on":null,"expected_completion":null,"agency":"BEST","source":"gtfs_mumbai_best","confidence":0.7,"mode":"bus","tier":"secondary","geometry_source":"stop_sequence"},"geometry":{"type":"LineString","coordinates":[[72.8513,19.0084],[72.8473,19.0082],[72.8489,19.0127],[72.8442,19.0175]]}},{"type":"Feature","properties":{"id":"transit_route:gtfs_mumbai_best:BEST_3812","field":"public_transport","kind":"transit_route","name":"DADAR STATION (E) to MHADA COLONY (BHOIWADA) BLDG.NO.5E (UP)","ref":"216","status":"operational","opened_on":null,"expected_completion":null,"agency":"BEST","source":"gtfs_mumbai_best","confidence":0.7,"mode":"bus","tier":"secondary","geometry_source":"stop_sequence"},"geometry":{"type":"LineString","coordinates":[[72.8442,19.0175],[72.8488,19.0128],[72.8481,19.0101],[72.8513,19.0084]]}},{"type":"Feature","properties":{"id":"transit_route:gtfs_mumbai_best:BEST_3309","field":"public_transport","kind":"transit_route","name":"MINT COLONY to DADAR STATION (E) (DOWN)","ref":"217","status":"operational","opened_on":null,"expected_completion":null,"agency":"BEST","source":"gtfs_mumbai_best","confidence":0.7,"mode":"bus","tier":"secondary","geometry_source":"stop_sequence"},"geometry":{"type":"LineString","coordinates":[[72.8443,18.9944],[72.8413,18.9947],[72.8398,18.9995],[72.8427,19.0042],[72.8473,19.0082],[72.8489,19.0127],[72.8462,19.0143],[72.8459,19.0168],[72.8442,19.0175]]}},{"type":"Feature","properties":{"id":"transit_route:gtfs_mumbai_best:BEST_3310","field":"public_transport","kind":"transit_route","name":"DADAR STATION (E) to MINT COLONY (UP)","ref":"217","status":"operational","opened_on":null,"expected_completion":null,"agency":"BEST","source":"gtfs_mumbai_best","confidence":0.7,"mode":"bus","tier":"secondary","geometry_source":"stop_sequence"},"geometry":{"type":"LineString","coordinates":[[72.8442,19.0175],[72.8488,19.0128],[72.8465,19.0061],[72.8426,19.0041],[72.8407,19.0015],[72.8413,18.9947],[72.8443,18.9944]]}},{"type":"Feature","properties":{"id":"transit_route:gtfs_mumbai_best:BEST_4026","field":"public_transport","kind":"transit_route","name":"WADALA BUS DEPOT to DADAR STATION (E) (DOWN)","ref":"217","status":"operational","opened_on":null,"expected_completion":null,"agency":"BEST","source":"gtfs_mumbai_best","confidence":0.7,"mode":"bus","tier":"secondary","geometry_source":"stop_sequence"},"geometry":{"type":"LineString","coordinates":[[72.8523,19.0149],[72.8462,19.0143],[72.8459,19.0168],[72.8442,19.0175]]}},{"type":"Feature","properties":{"id":"transit_route:gtfs_mumbai_best:BEST_4027","field":"public_transport","kind":"transit_route","name":"DADAR STATION (E) to WADALA BUS DEPOT (UP)","ref":"217","status":"operational","opened_on":null,"expected_completion":null,"agency":"BEST","source":"gtfs_mumbai_best","confidence":0.7,"mode":"bus","tier":"secondary","geometry_source":"stop_sequence"},"geometry":{"type":"LineString","coordinates":[[72.8442,19.0175],[72.8488,19.0128],[72.8523,19.0149]]}},{"type":"Feature","properties":{"id":"transit_route:gtfs_mumbai_best:BEST_3311","field":"public_transport","kind":"transit_route","name":"PRABODHANKAR THACKERAY UDYAN BUS STATION (SEWREE) to DADAR STATION (E) (DOWN)","ref":"218","status":"operational","opened_on":null,"expected_completion":null,"agency":"BEST","source":"gtfs_mumbai_best","confidence":0.7,"mode":"bus","tier":"secondary","geometry_source":"stop_sequence"},"geometry":{"type":"LineString","coordinates":[[72.8516,18.9982],[72.8508,18.9997],[72.8537,19.0013],[72.8536,19.0049],[72.8464,19.0057],[72.8489,19.0127],[72.8462,19.0143],[72.8459,19.0168],[72.8442,19.0175]]}},{"type":"Feature","properties":{"id":"transit_route:gtfs_mumbai_best:BEST_3312","field":"public_transport","kind":"transit_route","name":"DADAR STATION (E) to PRABODHANKAR THACKERAY UDYAN BUS STATION (SEWREE) (UP)","ref":"218","status":"operational","opened_on":null,"expected_completion":null,"agency":"BEST","source":"gtfs_mumbai_best","confidence":0.7,"mode":"bus","tier":"secondary","geometry_source":"stop_sequence"},"geometry":{"type":"LineString","coordinates":[[72.8442,19.0175],[72.8488,19.0128],[72.8465,19.0061],[72.8518,19.0051],[72.8539,19.0013],[72.8526,18.9982]]}},{"type":"Feature","properties":{"id":"transit_route:gtfs_mumbai_best:BEST_4486","field":"public_transport","kind":"transit_route","name":"WADALA BUS DEPOT to PRABODHANKAR THACKERAY UDYAN BUS STATION (SEWREE) (DOWN)","ref":"218","status":"operational","opened_on":null,"expected_completion":null,"agency":"BEST","source":"gtfs_mumbai_best","confidence":0.7,"mode":"bus","tier":"secondary","geometry_source":"stop_sequence"},"geometry":{"type":"LineString","coordinates":[[72.8532,19.0144],[72.8545,19.0118],[72.8539,19.0013],[72.8522,18.9982]]}},{"type":"Feature","properties":{"id":"transit_route:gtfs_mumbai_best:BEST_4487","field":"public_transport","kind":"transit_route","name":"PRABODHANKAR THACKERAY UDYAN BUS STATION (SEWREE) to WADALA BUS DEPOT (UP)","ref":"218","status":"operational","opened_on":null,"expected_completion":null,"agency":"BEST","source":"gtfs_mumbai_best","confidence":0.7,"mode":"bus","tier":"secondary","geometry_source":"stop_sequence"},"geometry":{"type":"LineString","coordinates":[[72.8526,18.9982],[72.8508,18.9997],[72.8537,19.0013],[72.8543,19.0119],[72.8532,19.0144]]}},{"type":"Feature","properties":{"id":"transit_route:gtfs_mumbai_best:BEST_2632","field":"public_transport","kind":"transit_route","name":"BANDRA (W) BUS STATION to BANDRA RECLAMATION BUS STATION (DOWN)","ref":"219 AS","status":"operational","opened_on":null,"expected_completion":null,"agency":"BEST","source":"gtfs_mumbai_best","confidence":0.7,"mode":"bus","tier":"secondary","geometry_source":"stop_sequence"},"geometry":{"type":"LineString","coordinates":[[72.8392,19.0541],[72.8332,19.0557],[72.826,19.0547],[72.8241,19.0527],[72.8289,19.0514],[72.8271,19.0479]]}},{"type":"Feature","properties":{"id":"transit_route:gtfs_mumbai_best:BEST_2633","field":"public_transport","kind":"transit_route","name":"BANDRA RECLAMATION BUS STATION to BANDRA (W) BUS STATION (UP)","ref":"219 AS","status":"operational","opened_on":null,"expected_completion":null,"agency":"BEST","source":"gtfs_mumbai_best","confidence":0.7,"mode":"bus","tier":"secondary","geometry_source":"stop_sequence"},"geometry":{"type":"LineString","coordinates":[[72.8271,19.0479],[72.8284,19.0501],[72.8242,19.0518],[72.8257,19.0547],[72.835,19.0561],[72.8399,19.0548]]}},{"type":"Feature","properties":{"id":"transit_route:gtfs_mumbai_best:BEST_4345","field":"public_transport","kind":"transit_route","name":"KHAR STATION (W) to BANDRA (W) BUS STATION (DOWN)","ref":"220 AS","status":"operational","opened_on":null,"expected_completion":null,"agency":"BEST","source":"gtfs_mumbai_best","confidence":0.7,"mode":"bus","tier":"secondary","geometry_source":"stop_sequence"},"geometry":{"type":"LineString","coordinates":[[72.8397,19.0698],[72.8342,19.0703],[72.8329,19.0723],[72.8266,19.0748],[72.8226,19.0744],[72.8228,19.0636],[72.824,19.0599],[72.8377,19.0589],[72.8392,19.0541]]}},{"type":"Feature","properties":{"id":"transit_route:gtfs_mumbai_best:BEST_4346","field":"public_transport","kind":"transit_route","name":"BANDRA (W) BUS STATION to KHAR STATION (W) (UP)","ref":"220 AS","status":"operational","opened_on":null,"expected_completion":null,"agency":"BEST","source":"gtfs_mumbai_best","confidence":0.7,"mode":"bus","tier":"secondary","geometry_source":"stop_sequence"},"geometry":{"type":"LineString","coordinates":[[72.8399,19.0548],[72.8378,19.0585],[72.8359,19.0594],[72.8237,19.06],[72.8223,19.0623],[72.8221,19.0712],[72.8231,19.0749],[72.8262,19.075],[72.8397,19.0698]]}},{"type":"Feature","properties":{"id":"transit_route:gtfs_mumbai_best:BEST_4390","field":"public_transport","kind":"transit_route","name":"VESAVA-YARI ROAD BUS STATION to ANDHERI STATION (W) (DOWN)","ref":"221 AS","status":"operational","opened_on":null,"expected_completion":null,"agency":"BEST","source":"gtfs_mumbai_best","confidence":0.7,"mode":"bus","tier":"secondary","geometry_source":"stop_sequence"},"geometry":{"type":"LineString","coordinates":[[72.8085,19.1395],[72.8105,19.1373],[72.8104,19.1351],[72.814,19.1309],[72.8225,19.1255],[72.8318,19.1162],[72.846,19.1165]]}},{"type":"Feature","properties":{"id":"transit_route:gtfs_mumbai_best:BEST_4391","field":"public_transport","kind":"transit_route","name":"ANDHERI STATION (W) to VESAVA-YARI ROAD BUS STATION (UP)","ref":"221 AS","status":"operational","opened_on":null,"expected_completion":null,"agency":"BEST","source":"gtfs_mumbai_best","confidence":0.7,"mode":"bus","tier":"secondary","geometry_source":"stop_sequence"},"geometry":{"type":"LineString","coordinates":[[72.8461,19.1179],[72.846,19.1198],[72.8426,19.1163],[72.8314,19.116],[72.8215,19.1264],[72.8189,19.1268],[72.8142,19.1304],[72.81,19.1354],[72.8104,19.1374],[72.8085,19.1395]]}},{"type":"Feature","properties":{"id":"transit_route:gtfs_mumbai_best:BEST_3322","field":"public_transport","kind":"transit_route","name":"CHUIM VILLAGE to BANDRA (W) BUS STATION (DOWN)","ref":"222 RING","status":"operational","opened_on":null,"expected_completion":null,"agency":"BEST","source":"gtfs_mumbai_best","confidence":0.7,"mode":"bus","tier":"secondary","geometry_source":"stop_sequence"},"geometry":{"type":"LineString","coordinates":[[72.8258,19.0721],[72.8274,19.0723],[72.8294,19.0701],[72.8301,19.0596],[72.8377,19.0589],[72.8399,19.0542]]}},{"type":"Feature","properties":{"id":"transit_route:gtfs_mumbai_best:BEST_3323","field":"public_transport","kind":"transit_route","name":"BANDRA (W) BUS STATION to CHUIM VILLAGE (UP)","ref":"222 RING","status":"operational","opened_on":null,"expected_completion":null,"agency":"BEST","source":"gtfs_mumbai_best","confidence":0.7,"mode":"bus","tier":"secondary","geometry_source":"stop_sequence"},"geometry":{"type":"LineString","coordinates":[[72.8398,19.055],[72.8378,19.0585],[72.8295,19.0603],[72.8293,19.0701],[72.8259,19.0706],[72.8258,19.0721]]}},{"type":"Feature","properties":{"id":"transit_route:gtfs_mumbai_best:BEST_1791","field":"public_transport","kind":"transit_route","name":"SAMATA NAGAR BUS STATION (KANDIVALI-E) to SEVEN BUNGALOWS BUS STATION (DOWN)","ref":"223 LTD","status":"operational","opened_on":null,"expected_completion":null,"agency":"BEST","source":"gtfs_mumbai_best","confidence":0.7,"mode":"bus","tier":"secondary","geometry_source":"stop_sequence"},"geometry":{"type":"LineString","coordinates":[[72.8699,19.2065],[72.8726,19.2063],[72.8729,19.21],[72.8692,19.2116],[72.8655,19.2205],[72.8632,19.2212],[72.8525,19.2201],[72.851,19.2147],[72.8469,19.2121],[72.838,19.2147],[72.8369,19.2134],[72.8351,19.2087],[72.8338,19.1967],[72.8372,19.1752],[72.835,19.1643],[72.8367,19.1468],[72.8313,19.145],[72.8314,19.1294],[72.8291,19.1285],[72.8204,19.1305]]}},{"type":"Feature","properties":{"id":"transit_route:gtfs_mumbai_best:BEST_1792","field":"public_transport","kind":"transit_route","name":"SEVEN BUNGALOWS BUS STATION to SAMATA NAGAR BUS STATION (KANDIVALI E) (UP)","ref":"223 LTD","status":"operational","opened_on":null,"expected_completion":null,"agency":"BEST","source":"gtfs_mumbai_best","confidence":0.7,"mode":"bus","tier":"secondary","geometry_source":"stop_sequence"},"geometry":{"type":"LineString","coordinates":[[72.8198,19.1313],[72.8312,19.1289],[72.8319,19.146],[72.8364,19.1468],[72.8348,19.164],[72.8367,19.1743],[72.8337,19.1967],[72.835,19.2086],[72.8369,19.2137],[72.8395,19.2145],[72.8469,19.2123],[72.8509,19.2145],[72.8526,19.2201],[72.864,19.2215],[72.8658,19.2206],[72.8693,19.2117],[72.8731,19.21],[72.8728,19.2061],[72.8696,19.2062]]}},{"type":"Feature","properties":{"id":"transit_route:gtfs_mumbai_best:BEST_4558","field":"public_transport","kind":"transit_route","name":"BORIVALI (W) BUS STATION to SANTACRUZ DEPOT (DOWN)","ref":"224 AS","status":"operational","opened_on":null,"expected_completion":null,"agency":"BEST","source":"gtfs_mumbai_best","confidence":0.7,"mode":"bus","tier":"secondary","geometry_source":"stop_sequence"},"geometry":{"type":"LineString","coordinates":[[72.8569,19.2318],[72.8514,19.2286],[72.8485,19.2285],[72.8304,19.2321],[72.8287,19.2299],[72.8281,19.226],[72.8294,19.208],[72.8277,19.1969],[72.8345,19.1936],[72.8372,19.1752],[72.835,19.1643],[72.8367,19.1468],[72.8313,19.145],[72.832,19.134],[72.8299,19.1182],[72.831,19.1162],[72.8348,19.1156],[72.8373,19.1117],[72.8369,19.1037],[72.8269,19.1034],[72.8281,19.086],[72.8328,19.0848],[72.8359,19.0897]]}},{"type":"Feature","properties":{"id":"transit_route:gtfs_mumbai_best:BEST_4559","field":"public_transport","kind":"transit_route","name":"SANTACRUZ DEPOT to BORIVALI (W) BUS STATION (UP)","ref":"224 AS","status":"operational","opened_on":null,"expected_completion":null,"agency":"BEST","source":"gtfs_mumbai_best","confidence":0.7,"mode":"bus","tier":"secondary","geometry_source":"stop_sequence"},"geometry":{"type":"LineString","coordinates":[[72.8363,19.0897],[72.8346,19.0899],[72.8346,19.087],[72.8327,19.0847],[72.8281,19.086],[72.8272,19.0883],[72.827,19.0969],[72.8288,19.1044],[72.8368,19.1033],[72.8372,19.1109],[72.8366,19.1138],[72.835,19.1155],[72.8314,19.116],[72.8298,19.1185],[72.832,19.1357],[72.8319,19.146],[72.8364,19.1468],[72.8348,19.164],[72.8369,19.1773],[72.8345,19.1924],[72.8327,19.1956],[72.8275,19.1967],[72.8294,19.2081],[72.8283,19.2108],[72.828,19.2261],[72.8303,19.2322],[72.8485,19.2286],[72.855,19.2287],[72.8569,19.2316]]}},{"type":"Feature","properties":{"id":"transit_route:gtfs_mumbai_best:BEST_1795","field":"public_transport","kind":"transit_route","name":"DINDOSHI DEPOT to BANDRA (W) BUS STATION (DOWN)","ref":"225","status":"operational","opened_on":null,"expected_completion":null,"agency":"BEST","source":"gtfs_mumbai_best","confidence":0.7,"mode":"bus","tier":"secondary","geometry_source":"stop_sequence"},"geometry":{"type":"LineString","coordinates":[[72.8657,19.1762],[72.8612,19.1746],[72.8592,19.1706],[72.8554,19.1426],[72.8459,19.1379],[72.8478,19.1339],[72.8466,19.1233],[72.8396,19.1048],[72.8397,19.095],[72.8385,19.0912],[72.8372,19.0603],[72.8399,19.0542]]}},{"type":"Feature","properties":{"id":"transit_route:gtfs_mumbai_best:BEST_1796","field":"public_transport","kind":"transit_route","name":"BANDRA (W) BUS STATION to DINDOSHI DEPOT (UP)","ref":"225","status":"operational","opened_on":null,"expected_completion":null,"agency":"BEST","source":"gtfs_mumbai_best","confidence":0.7,"mode":"bus","tier":"secondary","geometry_source":"stop_sequence"},"geometry":{"type":"LineString","coordinates":[[72.84,19.0542],[72.8372,19.0611],[72.8381,19.0869],[72.8394,19.1043],[72.847,19.1269],[72.8476,19.1341],[72.8453,19.1383],[72.8547,19.1418],[72.859,19.1711],[72.8604,19.1746],[72.8657,19.1761]]}},{"type":"Feature","properties":{"id":"transit_route:gtfs_mumbai_best:BEST_3770","field":"public_transport","kind":"transit_route","name":"PRABODHANKAR THACKERAY NAGAR BUS STATION (CHARKOP) to BARVE NAGAR (DOWN)","ref":"226 AS","status":"operational","opened_on":null,"expected_completion":null,"agency":"BEST","source":"gtfs_mumbai_best","confidence":0.7,"mode":"bus","tier":"secondary","geometry_source":"stop_sequence"},"geometry":{"type":"LineString","coordinates":[[72.8291,19.2202],[72.828,19.2261],[72.8285,19.2295],[72.8315,19.2321],[72.8303,19.2322],[72.8379,19.2306],[72.8424,19.2297],[72.8445,19.2291],[72.8551,19.2287],[72.8557,19.2278],[72.8534,19.2219],[72.8658,19.2206],[72.8686,19.2117],[72.8611,19.1991],[72.8586,19.188],[72.8592,19.1706],[72.8554,19.1426],[72.8563,19.1409],[72.8609,19.1394],[72.8692,19.1397],[72.8707,19.1382],[72.8697,19.1323],[72.8674,19.1271],[72.8644,19.1243],[72.8638,19.1202],[72.8651,19.1179],[72.8678,19.1179],[72.8689,19.1118],[72.8834,19.1075],[72.8989,19.0941],[72.9021,19.098]]}},{"type":"Feature","properties":{"id":"transit_route:gtfs_mumbai_best:BEST_3771","field":"public_transport","kind":"transit_route","name":"BARVE NAGAR to PRABODHANKAR THACKERAY NAGAR BUS STATION (CHARKOP) (UP)","ref":"226 AS","status":"operational","opened_on":null,"expected_completion":null,"agency":"BEST","source":"gtfs_mumbai_best","confidence":0.7,"mode":"bus","tier":"secondary","geometry_source":"stop_sequence"},"geometry":{"type":"LineString","coordinates":[[72.902,19.098],[72.9045,19.0974],[72.9041,19.0957],[72.9006,19.0955],[72.8989,19.0937],[72.8854,19.1055],[72.8618,19.1142],[72.8613,19.116],[72.8628,19.1171],[72.8653,19.1252],[72.8698,19.1328],[72.8708,19.1386],[72.8675,19.1397],[72.861,19.1391],[72.8636,19.1389],[72.8616,19.1392],[72.8547,19.1418],[72.859,19.1711],[72.8582,19.1897],[72.8609,19.1999],[72.8684,19.2115],[72.8655,19.2205],[72.8607,19.2212],[72.8647,19.2515],[72.8531,19.2217],[72.8556,19.2279],[72.8548,19.2286],[72.8446,19.229],[72.8304,19.2321],[72.8287,19.2299],[72.8281,19.226],[72.8292,19.2207]]}},{"type":"Feature","properties":{"id":"transit_route:gtfs_mumbai_best:BEST_1801","field":"public_transport","kind":"transit_route","name":"JUHU BUS STATION to SANTACRUZ STATION (W) (DOWN)","ref":"231","status":"operational","opened_on":null,"expected_completion":null,"agency":"BEST","source":"gtfs_mumbai_best","confidence":0.7,"mode":"bus","tier":"secondary","geometry_source":"stop_sequence"},"geometry":{"type":"LineString","coordinates":[[72.8267,19.1079],[72.8281,19.086],[72.8414,19.0821]]}},{"type":"Feature","properties":{"id":"transit_route:gtfs_mumbai_best:BEST_1802","field":"public_transport","kind":"transit_route","name":"SANTACRUZ STATION (W) to JUHU BUS STATION (UP)","ref":"231","status":"operational","opened_on":null,"expected_completion":null,"agency":"BEST","source":"gtfs_mumbai_best","confidence":0.7,"mode":"bus","tier":"secondary","geometry_source":"stop_sequence"},"geometry":{"type":"LineString","coordinates":[[72.8414,19.0821],[72.8387,19.081],[72.8374,19.0841],[72.8281,19.086],[72.8267,19.1079]]}},{"type":"Feature","properties":{"id":"transit_route:gtfs_mumbai_best:BEST_4384","field":"public_transport","kind":"transit_route","name":"VESAVA-YARI ROAD BUS STATION to JOGESHWARI (W) BUS STATION (DOWN)","ref":"234 AS","status":"operational","opened_on":null,"expected_completion":null,"agency":"BEST","source":"gtfs_mumbai_best","confidence":0.7,"mode":"bus","tier":"secondary","geometry_source":"stop_sequence"},"geometry":{"type":"LineString","coordinates":[[72.8085,19.1396],[72.8105,19.1373],[72.8104,19.1351],[72.8171,19.1287],[72.8205,19.1306],[72.8228,19.13],[72.8255,19.1311],[72.8257,19.141],[72.8236,19.145],[72.8243,19.1465],[72.8368,19.1457],[72.8367,19.1432],[72.842,19.1441],[72.8481,19.1345]]}},{"type":"Feature","properties":{"id":"transit_route:gtfs_mumbai_best:BEST_4385","field":"public_transport","kind":"transit_route","name":"JOGESHWARI (W) BUS STATION to VESAVA-YARI ROAD BUS STATION (UP)","ref":"234 AS","status":"operational","opened_on":null,"expected_completion":null,"agency":"BEST","source":"gtfs_mumbai_best","confidence":0.7,"mode":"bus","tier":"secondary","geometry_source":"stop_sequence"},"geometry":{"type":"LineString","coordinates":[[72.8481,19.1339],[72.8418,19.1441],[72.8366,19.1433],[72.8367,19.1457],[72.8235,19.1464],[72.8261,19.1399],[72.8249,19.1295],[72.8204,19.1305],[72.8176,19.1291],[72.8142,19.1304],[72.8067,19.1385],[72.8085,19.1396]]}},{"type":"Feature","properties":{"id":"transit_route:gtfs_mumbai_best:BEST_4560","field":"public_transport","kind":"transit_route","name":"MILLAT NAGAR to ANDHERI STATION (W) (DOWN)","ref":"235 AS","status":"operational","opened_on":null,"expected_completion":null,"agency":"BEST","source":"gtfs_mumbai_best","confidence":0.7,"mode":"bus","tier":"secondary","geometry_source":"stop_sequence"},"geometry":{"type":"LineString","coordinates":[[72.8286,19.1493],[72.8295,19.1419],[72.8317,19.1413],[72.8331,19.1321],[72.8377,19.1302],[72.8375,19.1277],[72.8387,19.1268],[72.8413,19.1283],[72.8457,19.1278],[72.8466,19.1233],[72.8457,19.1195]]}},{"type":"Feature","properties":{"id":"transit_route:gtfs_mumbai_best:BEST_4561","field":"public_transport","kind":"transit_route","name":"ANDHERI STATION (W) to MILLAT NAGAR (UP)","ref":"235 AS","status":"operational","opened_on":null,"expected_completion":null,"agency":"BEST","source":"gtfs_mumbai_best","confidence":0.7,"mode":"bus","tier":"secondary","geometry_source":"stop_sequence"},"geometry":{"type":"LineString","coordinates":[[72.8457,19.1195],[72.8445,19.1229],[72.8375,19.1279],[72.8376,19.1307],[72.832,19.1357],[72.8315,19.1507],[72.8303,19.1528],[72.8286,19.1493]]}},{"type":"Feature","properties":{"id":"transit_route:gtfs_mumbai_best:BEST_4584","field":"public_transport","kind":"transit_route","name":"MONGINIS (ANDHERI-W) to ANDHERI STATION (W) (DOWN)","ref":"235 AS","status":"operational","opened_on":null,"expected_completion":null,"agency":"BEST","source":"gtfs_mumbai_best","confidence":0.7,"mode":"bus","tier":"secondary","geometry_source":"stop_sequence"},"geometry":{"type":"LineString","coordinates":[[72.832,19.1385],[72.8331,19.1321],[72.8377,19.1302],[72.8375,19.1277],[72.8387,19.1268],[72.8413,19.1283],[72.8457,19.1278],[72.8466,19.1233],[72.8457,19.1195]]}},{"type":"Feature","properties":{"id":"transit_route:gtfs_mumbai_best:BEST_4585","field":"public_transport","kind":"transit_route","name":"ANDHERI STATION (W) to MONGINIS (ANDHERI-W) (UP)","ref":"235 AS","status":"operational","opened_on":null,"expected_completion":null,"agency":"BEST","source":"gtfs_mumbai_best","confidence":0.7,"mode":"bus","tier":"secondary","geometry_source":"stop_sequence"},"geometry":{"type":"LineString","coordinates":[[72.8457,19.1195],[72.8445,19.1229],[72.839,19.1265],[72.8312,19.1289],[72.8317,19.1389]]}},{"type":"Feature","properties":{"id":"transit_route:gtfs_mumbai_best:BEST_1807","field":"public_transport","kind":"transit_route","name":"CHARKOP SECTOR 9; AKSHARA VIDYALAYA to KANDIVALI STATION (W) (DOWN)","ref":"239","status":"operational","opened_on":null,"expected_completion":null,"agency":"BEST","source":"gtfs_mumbai_best","confidence":0.7,"mode":"bus","tier":"secondary","geometry_source":"stop_sequence"},"geometry":{"type":"LineString","coordinates":[[72.8195,19.2198],[72.8222,19.2156],[72.8359,19.2154],[72.8452,19.2123],[72.8507,19.2137],[72.8518,19.2113],[72.8503,19.2054]]}},{"type":"Feature","properties":{"id":"transit_route:gtfs_mumbai_best:BEST_1808","field":"public_transport","kind":"transit_route","name":"KANDIVALI STATION (W) to CHARKOP SECTOR 9; AKSHARA VIDYALAYA (UP)","ref":"239","status":"operational","opened_on":null,"expected_completion":null,"agency":"BEST","source":"gtfs_mumbai_best","confidence":0.7,"mode":"bus","tier":"secondary","geometry_source":"stop_sequence"},"geometry":{"type":"LineString","coordinates":[[72.8517,19.2059],[72.8505,19.2084],[72.851,19.2136],[72.8452,19.2122],[72.8371,19.2151],[72.8223,19.2155],[72.8195,19.2197]]}},{"type":"Feature","properties":{"id":"transit_route:gtfs_mumbai_best:BEST_2866","field":"public_transport","kind":"transit_route","name":"SHANTI ASHRAM (BORIVALI W) to KANDARPADA BUS STATION (DOWN)","ref":"240 AS","status":"operational","opened_on":null,"expected_completion":null,"agency":"BEST","source":"gtfs_mumbai_best","confidence":0.7,"mode":"bus","tier":"secondary","geometry_source":"stop_sequence"},"geometry":{"type":"LineString","coordinates":[[72.847,19.2418],[72.8454,19.2376],[72.8485,19.2286],[72.856,19.229],[72.8545,19.2406],[72.852,19.2426],[72.8501,19.2485],[72.8513,19.2515],[72.8496,19.2559],[72.8519,19.2581],[72.8518,19.2635]]}},{"type":"Feature","properties":{"id":"transit_route:gtfs_mumbai_best:BEST_2867","field":"public_transport","kind":"transit_route","name":"KANDARPADA BUS STATION to SHANTI ASHRAM (BORIVALI-W) (UP)","ref":"240 AS","status":"operational","opened_on":null,"expected_completion":null,"agency":"BEST","source":"gtfs_mumbai_best","confidence":0.7,"mode":"bus","tier":"secondary","geometry_source":"stop_sequence"},"geometry":{"type":"LineString","coordinates":[[72.8518,19.2635],[72.8519,19.2585],[72.8497,19.2537],[72.8515,19.2516],[72.8503,19.2468],[72.8523,19.2423],[72.8546,19.2408],[72.8551,19.2345],[72.8569,19.2318],[72.856,19.2308],[72.8482,19.2305],[72.8469,19.2319],[72.8453,19.2378],[72.8469,19.242]]}},{"type":"Feature","properties":{"id":"transit_route:gtfs_mumbai_best:BEST_4221","field":"public_transport","kind":"transit_route","name":"MALVANI DEPOT; GAIKWAD NAGAR to SANTACRUZ DEPOT (DOWN)","ref":"241 AS","status":"operational","opened_on":null,"expected_completion":null,"agency":"BEST","source":"gtfs_mumbai_best","confidence":0.7,"mode":"bus","tier":"secondary","geometry_source":"stop_sequence"},"geometry":{"type":"LineString","coordinates":[[72.8191,19.1834],[72.8188,19.1863],[72.822,19.1925],[72.8221,19.1953],[72.8269,19.1964],[72.8339,19.1946],[72.8372,19.1752],[72.835,19.1643],[72.8367,19.1468],[72.8313,19.145],[72.832,19.134],[72.8299,19.1182],[72.831,19.1162],[72.8348,19.1156],[72.8369,19.1136],[72.8369,19.1037],[72.8395,19.0993],[72.8385,19.0912]]}},{"type":"Feature","properties":{"id":"transit_route:gtfs_mumbai_best:BEST_4222","field":"public_transport","kind":"transit_route","name":"SANTACRUZ DEPOT to MALVANI DEPOT; GAIKWAD NAGAR (UP)","ref":"241 AS","status":"operational","opened_on":null,"expected_completion":null,"agency":"BEST","source":"gtfs_mumbai_best","confidence":0.7,"mode":"bus","tier":"secondary","geometry_source":"stop_sequence"},"geometry":{"type":"LineString","coordinates":[[72.8388,19.0921],[72.8395,19.0963],[72.8388,19.1016],[72.8368,19.1033],[72.8366,19.1138],[72.835,19.1155],[72.8314,19.116],[72.8298,19.1185],[72.832,19.1357],[72.8319,19.146],[72.8364,19.1468],[72.8348,19.164],[72.8369,19.1773],[72.8353,19.1896],[72.8327,19.1956],[72.8269,19.1963],[72.8221,19.1952],[72.8216,19.1913],[72.8189,19.1862],[72.8192,19.1835]]}},{"type":"Feature","properties":{"id":"transit_route:gtfs_mumbai_best:BEST_3941","field":"public_transport","kind":"transit_route","name":"MILLAT NAGAR to ANDHERI STATION (W) (DOWN)","ref":"242 RING","status":"operational","opened_on":null,"expected_completion":null,"agency":"BEST","source":"gtfs_mumbai_best","confidence":0.7,"mode":"bus","tier":"secondary","geometry_source":"stop_sequence"},"geometry":{"type":"LineString","coordinates":[[72.8285,19.1493],[72.8295,19.1419],[72.8317,19.1413],[72.8314,19.1294],[72.8332,19.1277],[72.8387,19.1268],[72.8413,19.1283],[72.8457,19.1278],[72.8466,19.1233],[72.8457,19.1195]]}},{"type":"Feature","properties":{"id":"transit_route:gtfs_mumbai_best:BEST_3942","field":"public_transport","kind":"transit_route","name":"ANDHERI STATION (W) to MILLAT NAGAR (UP)","ref":"242 RING","status":"operational","opened_on":null,"expected_completion":null,"agency":"BEST","source":"gtfs_mumbai_best","confidence":0.7,"mode":"bus","tier":"secondary","geometry_source":"stop_sequence"},"geometry":{"type":"LineString","coordinates":[[72.8457,19.1195],[72.8445,19.1229],[72.8375,19.1279],[72.8376,19.1307],[72.8333,19.132],[72.8285,19.1493]]}},{"type":"Feature","properties":{"id":"transit_route:gtfs_mumbai_best:BEST_4233","field":"public_transport","kind":"transit_route","name":"JANKALYAN NAGAR to MALAD STATION (W) (DOWN)","ref":"243 AS","status":"operational","opened_on":null,"expected_completion":null,"agency":"BEST","source":"gtfs_mumbai_best","confidence":0.7,"mode":"bus","tier":"secondary","geometry_source":"stop_sequence"},"geometry":{"type":"LineString","coordinates":[[72.8188,19.1997],[72.8206,19.1992],[72.8216,19.196],[72.8383,19.1955],[72.8406,19.1932],[72.8455,19.1917],[72.8483,19.1845]]}},{"type":"Feature","properties":{"id":"transit_route:gtfs_mumbai_best:BEST_4234","field":"public_transport","kind":"transit_route","name":"MALAD STATION (W) to JANKALYAN NAGAR (UP)","ref":"243 AS","status":"operational","opened_on":null,"expected_completion":null,"agency":"BEST","source":"gtfs_mumbai_best","confidence":0.7,"mode":"bus","tier":"secondary","geometry_source":"stop_sequence"},"geometry":{"type":"LineString","coordinates":[[72.8483,19.1859],[72.8472,19.1887],[72.8426,19.1876],[72.8419,19.1926],[72.837,19.1953],[72.8248,19.1962],[72.8186,19.1998]]}},{"type":"Feature","properties":{"id":"transit_route:gtfs_mumbai_best:BEST_3852","field":"public_transport","kind":"transit_route","name":"BORIVALI (W) STATION to KANDIVALI STATION (W) (DOWN)","ref":"244 AS","status":"operational","opened_on":null,"expected_completion":null,"agency":"BEST","source":"gtfs_mumbai_best","confidence":0.7,"mode":"bus","tier":"secondary","geometry_source":"stop_sequence"},"geometry":{"type":"LineString","coordinates":[[72.8563,19.2295],[72.856,19.2308],[72.8485,19.2285],[72.8304,19.2321],[72.8287,19.2299],[72.8287,19.2159],[72.8209,19.2145],[72.821,19.2089],[72.8241,19.2105],[72.8293,19.2103],[72.8294,19.208],[72.8377,19.2072],[72.8394,19.2049],[72.8505,19.2054]]}},{"type":"Feature","properties":{"id":"transit_route:gtfs_mumbai_best:BEST_3853","field":"public_transport","kind":"transit_route","name":"KANDIVALI STATION (W) to BORIVALI (W) STATION (UP)","ref":"244 AS","status":"operational","opened_on":null,"expected_completion":null,"agency":"BEST","source":"gtfs_mumbai_best","confidence":0.7,"mode":"bus","tier":"secondary","geometry_source":"stop_sequence"},"geometry":{"type":"LineString","coordinates":[[72.8512,19.2052],[72.8507,19.2039],[72.8443,19.2054],[72.839,19.2051],[72.8373,19.2072],[72.8294,19.2081],[72.8287,19.2103],[72.8243,19.2104],[72.821,19.2087],[72.8208,19.2118],[72.8222,19.2156],[72.8285,19.2161],[72.8285,19.2295],[72.8303,19.2322],[72.8424,19.2297],[72.855,19.2287],[72.8564,19.23]]}},{"type":"Feature","properties":{"id":"transit_route:gtfs_mumbai_best:BEST_2868","field":"public_transport","kind":"transit_route","name":"KANDARPADA BUS STATION to PRABODHANKAR THACKERAY NAGAR BUS STATION (CHARKOP) (DOWN)","ref":"245 AS","status":"operational","opened_on":null,"expected_completion":null,"agency":"BEST","source":"gtfs_mumbai_best","confidence":0.7,"mode":"bus","tier":"secondary","geometry_source":"stop_sequence"},"geometry":{"type":"LineString","coordinates":[[72.8512,19.2626],[72.8533,19.2593],[72.8459,19.2499],[72.8454,19.2461],[72.8472,19.2395],[72.8514,19.2376],[72.8516,19.2329],[72.857,19.2322],[72.8542,19.2242],[72.8533,19.2233],[72.8457,19.2238],[72.8395,19.2195],[72.8287,19.2199]]}},{"type":"Feature","properties":{"id":"transit_route:gtfs_mumbai_best:BEST_2869","field":"public_transport","kind":"transit_route","name":"PRABODHANKAR THACKERAY NAGAR BUS STATION (CHARKOP) to KANDARPADA BUS STATION (UP)","ref":"245 AS","status":"operational","opened_on":null,"expected_completion":null,"agency":"BEST","source":"gtfs_mumbai_best","confidence":0.7,"mode":"bus","tier":"secondary","geometry_source":"stop_sequence"},"geometry":{"type":"LineString","coordinates":[[72.8291,19.2202],[72.8385,19.2197],[72.8459,19.2239],[72.8533,19.2233],[72.8543,19.2244],[72.8561,19.2319],[72.8514,19.233],[72.8514,19.2374],[72.8472,19.2394],[72.8453,19.2459],[72.8471,19.2531],[72.8533,19.2592],[72.8512,19.2627]]}},{"type":"Feature","properties":{"id":"transit_route:gtfs_mumbai_best:BEST_3858","field":"public_transport","kind":"transit_route","name":"BORIVALI (W) STATION to KANDIVALI STATION (W) (DOWN)","ref":"246 AS","status":"operational","opened_on":null,"expected_completion":null,"agency":"BEST","source":"gtfs_mumbai_best","confidence":0.7,"mode":"bus","tier":"secondary","geometry_source":"stop_sequence"},"geometry":{"type":"LineString","coordinates":[[72.8563,19.2295],[72.856,19.2308],[72.8485,19.2285],[72.8304,19.2321],[72.8287,19.2299],[72.8281,19.226],[72.8287,19.2159],[72.8245,19.2154],[72.8241,19.2105],[72.8293,19.2103],[72.8294,19.208],[72.8377,19.2072],[72.8394,19.2049],[72.8422,19.2057],[72.8487,19.2043],[72.8505,19.2054]]}},{"type":"Feature","properties":{"id":"transit_route:gtfs_mumbai_best:BEST_3859","field":"public_transport","kind":"transit_route","name":"KANDIVALI STATION (W) to BORIVALI (W) STATION (UP)","ref":"246 AS","status":"operational","opened_on":null,"expected_completion":null,"agency":"BEST","source":"gtfs_mumbai_best","confidence":0.7,"mode":"bus","tier":"secondary","geometry_source":"stop_sequence"},"geometry":{"type":"LineString","coordinates":[[72.8512,19.2052],[72.8507,19.2039],[72.8443,19.2054],[72.839,19.2051],[72.8373,19.2072],[72.8334,19.207],[72.8294,19.2081],[72.8287,19.2103],[72.8243,19.2104],[72.824,19.2131],[72.8244,19.2155],[72.8285,19.2161],[72.8285,19.2295],[72.8303,19.2322],[72.855,19.2287]]}},{"type":"Feature","properties":{"id":"transit_route:gtfs_mumbai_best:BEST_4649","field":"public_transport","kind":"transit_route","name":"PRAGATI HIGH SCHOOL (GORAI) to BORIVALI (W) BUS STATION (DOWN)","ref":"247 AS","status":"operational","opened_on":null,"expected_completion":null,"agency":"BEST","source":"gtfs_mumbai_best","confidence":0.7,"mode":"bus","tier":"secondary","geometry_source":"stop_sequence"},"geometry":{"type":"LineString","coordinates":[[72.8222,19.2274],[72.8339,19.2254],[72.8361,19.224],[72.8529,19.2234],[72.8543,19.2244],[72.8569,19.2318]]}},{"type":"Feature","properties":{"id":"transit_route:gtfs_mumbai_best:BEST_4650","field":"public_transport","kind":"transit_route","name":"BORIVALI (W) BUS STATION to PRAGATI HIGH SCHOOL (GORAI) (UP)","ref":"247 AS","status":"operational","opened_on":null,"expected_completion":null,"agency":"BEST","source":"gtfs_mumbai_best","confidence":0.7,"mode":"bus","tier":"secondary","geometry_source":"stop_sequence"},"geometry":{"type":"LineString","coordinates":[[72.8569,19.2318],[72.8514,19.2286],[72.8485,19.2285],[72.8262,19.2327],[72.8222,19.2274]]}},{"type":"Feature","properties":{"id":"transit_route:gtfs_mumbai_best:BEST_4550","field":"public_transport","kind":"transit_route","name":"RAMESH NAGAR (ANDHERI-W) to ANDHERI STATION (W) (DOWN)","ref":"248 AS","status":"operational","opened_on":null,"expected_completion":null,"agency":"BEST","source":"gtfs_mumbai_best","confidence":0.7,"mode":"bus","tier":"secondary","geometry_source":"stop_sequence"},"geometry":{"type":"LineString","coordinates":[[72.843,19.132],[72.8436,19.128],[72.8457,19.1278],[72.8462,19.1191]]}},{"type":"Feature","properties":{"id":"transit_route:gtfs_mumbai_best:BEST_4551","field":"public_transport","kind":"transit_route","name":"ANDHERI STATION (W) to RAMESH NAGAR (ANDHERI-W) (UP)","ref":"248 AS","status":"operational","opened_on":null,"expected_completion":null,"agency":"BEST","source":"gtfs_mumbai_best","confidence":0.7,"mode":"bus","tier":"secondary","geometry_source":"stop_sequence"},"geometry":{"type":"LineString","coordinates":[[72.8462,19.1191],[72.847,19.1269],[72.8432,19.1286],[72.8429,19.132]]}},{"type":"Feature","properties":{"id":"transit_route:gtfs_mumbai_best:BEST_1825","field":"public_transport","kind":"transit_route","name":"VESAVA-YARI ROAD BUS STATION to ANDHERI STATION (W) (DOWN)","ref":"249 RING","status":"operational","opened_on":null,"expected_completion":null,"agency":"BEST","source":"gtfs_mumbai_best","confidence":0.7,"mode":"bus","tier":"secondary","geometry_source":"stop_sequence"},"geometry":{"type":"LineString","coordinates":[[72.8085,19.1395],[72.8068,19.1386],[72.814,19.1309],[72.8174,19.1292],[72.8205,19.1306],[72.8332,19.1277],[72.8457,19.1278],[72.846,19.1198]]}},{"type":"Feature","properties":{"id":"transit_route:gtfs_mumbai_best:BEST_1826","field":"public_transport","kind":"transit_route","name":"ANDHERI STATION (W) to VESAVA-YARI ROAD BUS STATION (UP)","ref":"249 RING","status":"operational","opened_on":null,"expected_completion":null,"agency":"BEST","source":"gtfs_mumbai_best","confidence":0.7,"mode":"bus","tier":"secondary","geometry_source":"stop_sequence"},"geometry":{"type":"LineString","coordinates":[[72.846,19.1198],[72.8445,19.1229],[72.839,19.1265],[72.8204,19.1305],[72.8176,19.1291],[72.8142,19.1304],[72.81,19.1354],[72.8104,19.1374],[72.8085,19.1395]]}},{"type":"Feature","properties":{"id":"transit_route:gtfs_mumbai_best:BEST_4386","field":"public_transport","kind":"transit_route","name":"VESAVA-YARI ROAD BUS STATION to ANDHERI STATION (W) (DOWN)","ref":"251 AS","status":"operational","opened_on":null,"expected_completion":null,"agency":"BEST","source":"gtfs_mumbai_best","confidence":0.7,"mode":"bus","tier":"secondary","geometry_source":"stop_sequence"},"geometry":{"type":"LineString","coordinates":[[72.8085,19.1395],[72.8096,19.1392],[72.8119,19.1333],[72.8174,19.1292],[72.8205,19.1306],[72.8387,19.1268],[72.8413,19.1283],[72.8457,19.1278],[72.846,19.1198]]}},{"type":"Feature","properties":{"id":"transit_route:gtfs_mumbai_best:BEST_4387","field":"public_transport","kind":"transit_route","name":"ANDHERI STATION (W) to VESAVA-YARI ROAD BUS STATION (UP)","ref":"251 AS","status":"operational","opened_on":null,"expected_completion":null,"agency":"BEST","source":"gtfs_mumbai_best","confidence":0.7,"mode":"bus","tier":"secondary","geometry_source":"stop_sequence"},"geometry":{"type":"LineString","coordinates":[[72.846,19.1198],[72.8445,19.1229],[72.839,19.1265],[72.8204,19.1305],[72.8176,19.1291],[72.8142,19.1304],[72.8068,19.1386],[72.8085,19.1395]]}},{"type":"Feature","properties":{"id":"transit_route:gtfs_mumbai_best:BEST_1829","field":"public_transport","kind":"transit_route","name":"SARDAR PATEL NAGAR (PARK STREET) to ANDHERI STATION (W) (DOWN)","ref":"252","status":"operational","opened_on":null,"expected_completion":null,"agency":"BEST","source":"gtfs_mumbai_best","confidence":0.7,"mode":"bus","tier":"secondary","geometry_source":"stop_sequence"},"geometry":{"type":"LineString","coordinates":[[72.8195,19.1414],[72.8258,19.1337],[72.8257,19.1302],[72.8387,19.1268],[72.8413,19.1283],[72.8457,19.1278],[72.8466,19.1233],[72.8459,19.1194]]}},{"type":"Feature","properties":{"id":"transit_route:gtfs_mumbai_best:BEST_1830","field":"public_transport","kind":"transit_route","name":"ANDHERI STATION (W) to SARDAR PATEL NAGAR (PARK STREET) (UP)","ref":"252","status":"operational","opened_on":null,"expected_completion":null,"agency":"BEST","source":"gtfs_mumbai_best","confidence":0.7,"mode":"bus","tier":"secondary","geometry_source":"stop_sequence"},"geometry":{"type":"LineString","coordinates":[[72.8459,19.1194],[72.8459,19.121],[72.839,19.1265],[72.8291,19.1285],[72.8255,19.1311],[72.8253,19.1346],[72.8196,19.1414]]}},{"type":"Feature","properties":{"id":"transit_route:gtfs_mumbai_best:BEST_4552","field":"public_transport","kind":"transit_route","name":"VEERA DESAI ROAD (EXTENSION) to ANDHERI STATION (W) (DOWN)","ref":"254 AS","status":"operational","opened_on":null,"expected_completion":null,"agency":"BEST","source":"gtfs_mumbai_best","confidence":0.7,"mode":"bus","tier":"secondary","geometry_source":"stop_sequence"},"geometry":{"type":"LineString","coordinates":[[72.8374,19.14],[72.8375,19.1277],[72.8387,19.1268],[72.8413,19.1283],[72.8457,19.1278],[72.846,19.1165]]}},{"type":"Feature","properties":{"id":"transit_route:gtfs_mumbai_best:BEST_4553","field":"public_transport","kind":"transit_route","name":"ANDHERI STATION (W) to VEERA DESAI ROAD (EXTENSION) (UP)","ref":"254 AS","status":"operational","opened_on":null,"expected_completion":null,"agency":"BEST","source":"gtfs_mumbai_best","confidence":0.7,"mode":"bus","tier":"secondary","geometry_source":"stop_sequence"},"geometry":{"type":"LineString","coordinates":[[72.8462,19.1183],[72.8445,19.1229],[72.8385,19.1247],[72.8372,19.1399]]}},{"type":"Feature","properties":{"id":"transit_route:gtfs_mumbai_best:BEST_4194","field":"public_transport","kind":"transit_route","name":"J.V.P.D.BUS STATION to PRATIKSHA NAGAR DEPOT (DOWN)","ref":"255 LTD","status":"operational","opened_on":null,"expected_completion":null,"agency":"BEST","source":"gtfs_mumbai_best","confidence":0.7,"mode":"bus","tier":"secondary","geometry_source":"stop_sequence"},"geometry":{"type":"LineString","coordinates":[[72.8292,19.1161],[72.83,19.1133],[72.8269,19.1067],[72.8281,19.086],[72.838,19.0835],[72.8367,19.0575],[72.8383,19.0514],[72.8463,19.0564],[72.8472,19.061],[72.8471,19.0535],[72.8502,19.0463],[72.8488,19.0432],[72.8575,19.0355],[72.8608,19.0377],[72.8629,19.0414],[72.8652,19.0413],[72.8635,19.0375],[72.8747,19.0448]]}},{"type":"Feature","properties":{"id":"transit_route:gtfs_mumbai_best:BEST_4195","field":"public_transport","kind":"transit_route","name":"PRATIKSHA NAGAR DEPOT to J.V.P.D.BUS STATION (UP)","ref":"255 LTD","status":"operational","opened_on":null,"expected_completion":null,"agency":"BEST","source":"gtfs_mumbai_best","confidence":0.7,"mode":"bus","tier":"secondary","geometry_source":"stop_sequence"},"geometry":{"type":"LineString","coordinates":[[72.8748,19.0446],[72.8688,19.0406],[72.868,19.0392],[72.869,19.0367],[72.8635,19.0375],[72.8648,19.0415],[72.8632,19.0414],[72.8612,19.038],[72.8574,19.0353],[72.8512,19.0401],[72.8511,19.0465],[72.8499,19.0463],[72.8474,19.0607],[72.8467,19.0565],[72.8379,19.0532],[72.8374,19.0841],[72.8281,19.086],[72.8272,19.0883],[72.8268,19.1067],[72.8299,19.1132],[72.8292,19.1164]]}},{"type":"Feature","properties":{"id":"transit_route:gtfs_mumbai_best:BEST_2952","field":"public_transport","kind":"transit_route","name":"MALVANI DEPOT; GAIKWAD NAGAR to JUHU BEACH (DOWN)","ref":"256 AS","status":"operational","opened_on":null,"expected_completion":null,"agency":"BEST","source":"gtfs_mumbai_best","confidence":0.7,"mode":"bus","tier":"secondary","geometry_source":"stop_sequence"},"geometry":{"type":"LineString","coordinates":[[72.8191,19.1829],[72.8188,19.1863],[72.822,19.1925],[72.8221,19.1953],[72.8269,19.1964],[72.8339,19.1946],[72.8372,19.1752],[72.8353,19.1687],[72.8353,19.157],[72.8389,19.1539],[72.8446,19.1521],[72.8432,19.1483],[72.8433,19.1415],[72.8478,19.1339],[72.8452,19.1189],[72.8426,19.1163],[72.8314,19.116],[72.83,19.1133],[72.8299,19.108],[72.8269,19.1067],[72.8271,19.0969]]}},{"type":"Feature","properties":{"id":"transit_route:gtfs_mumbai_best:BEST_2953","field":"public_transport","kind":"transit_route","name":"JUHU BEACH to MALVANI DEPOT; GAIKWAD NAGAR (UP)","ref":"256 AS","status":"operational","opened_on":null,"expected_completion":null,"agency":"BEST","source":"gtfs_mumbai_best","confidence":0.7,"mode":"bus","tier":"secondary","geometry_source":"stop_sequence"},"geometry":{"type":"LineString","coordinates":[[72.827,19.0969],[72.8268,19.107],[72.8299,19.1077],[72.8299,19.1132],[72.8318,19.1162],[72.8422,19.1163],[72.8453,19.1193],[72.8476,19.134],[72.8432,19.1413],[72.8431,19.1486],[72.8445,19.1521],[72.8389,19.1538],[72.8352,19.1572],[72.8352,19.1703],[72.8369,19.1773],[72.8353,19.1896],[72.8327,19.1956],[72.8269,19.1963],[72.8221,19.1952],[72.8216,19.1913],[72.8189,19.1862],[72.8192,19.1835]]}},{"type":"Feature","properties":{"id":"transit_route:gtfs_mumbai_best:BEST_3916","field":"public_transport","kind":"transit_route","name":"J.V.P.D.BUS STATION to ANDHERI STATION (W) (DOWN)","ref":"257 RING","status":"operational","opened_on":null,"expected_completion":null,"agency":"BEST","source":"gtfs_mumbai_best","confidence":0.7,"mode":"bus","tier":"secondary","geometry_source":"stop_sequence"},"geometry":{"type":"LineString","coordinates":[[72.8318,19.1162],[72.846,19.1165],[72.8459,19.1194]]}},{"type":"Feature","properties":{"id":"transit_route:gtfs_mumbai_best:BEST_3917","field":"public_transport","kind":"transit_route","name":"ANDHERI STATION (W) to J.V.P.D.BUS STATION (UP)","ref":"257 RING","status":"operational","opened_on":null,"expected_completion":null,"agency":"BEST","source":"gtfs_mumbai_best","confidence":0.7,"mode":"bus","tier":"secondary","geometry_source":"stop_sequence"},"geometry":{"type":"LineString","coordinates":[[72.846,19.1198],[72.8445,19.1229],[72.839,19.1265],[72.8311,19.1272],[72.83,19.1217],[72.8318,19.1162]]}},{"type":"Feature","properties":{"id":"transit_route:gtfs_mumbai_best:BEST_3834","field":"public_transport","kind":"transit_route","name":"GORAI DEPOT to ANDHERI STATION (W) (DOWN)","ref":"259 AS","status":"operational","opened_on":null,"expected_completion":null,"agency":"BEST","source":"gtfs_mumbai_best","confidence":0.7,"mode":"bus","tier":"secondary","geometry_source":"stop_sequence"},"geometry":{"type":"LineString","coordinates":[[72.8304,19.2321],[72.8287,19.2299],[72.8281,19.226],[72.8294,19.208],[72.8277,19.1969],[72.8345,19.1936],[72.8372,19.1752],[72.835,19.1643],[72.8367,19.1468],[72.8313,19.145],[72.8314,19.1294],[72.8332,19.1277],[72.8387,19.1268],[72.8415,19.1282],[72.8457,19.1278],[72.8466,19.1233],[72.8457,19.1195]]}},{"type":"Feature","properties":{"id":"transit_route:gtfs_mumbai_best:BEST_3835","field":"public_transport","kind":"transit_route","name":"ANDHERI STATION (W) to GORAI DEPOT (UP)","ref":"259 AS","status":"operational","opened_on":null,"expected_completion":null,"agency":"BEST","source":"gtfs_mumbai_best","confidence":0.7,"mode":"bus","tier":"secondary","geometry_source":"stop_sequence"},"geometry":{"type":"LineString","coordinates":[[72.8457,19.1195],[72.8445,19.1229],[72.839,19.1265],[72.8312,19.1289],[72.8319,19.146],[72.8364,19.1468],[72.8348,19.164],[72.8369,19.1773],[72.8345,19.1924],[72.8327,19.1956],[72.8275,19.1967],[72.8294,19.2081],[72.828,19.2261],[72.8303,19.2322]]}},{"type":"Feature","properties":{"id":"transit_route:gtfs_mumbai_best:BEST_4368","field":"public_transport","kind":"transit_route","name":"GOREGAON (W) BUS STATION to JOGESHWARI (W) BUS STATION (DOWN)","ref":"261 AS","status":"operational","opened_on":null,"expected_completion":null,"agency":"BEST","source":"gtfs_mumbai_best","confidence":0.7,"mode":"bus","tier":"secondary","geometry_source":"stop_sequence"},"geometry":{"type":"LineString","coordinates":[[72.849,19.1639],[72.8486,19.1602],[72.8431,19.159],[72.836,19.1599],[72.8353,19.157],[72.8367,19.1432],[72.842,19.1441],[72.8481,19.1345]]}},{"type":"Feature","properties":{"id":"transit_route:gtfs_mumbai_best:BEST_4369","field":"public_transport","kind":"transit_route","name":"JOGESHWARI (W) BUS STATION to GOREGAON (W) BUS STATION (UP)","ref":"261 AS","status":"operational","opened_on":null,"expected_completion":null,"agency":"BEST","source":"gtfs_mumbai_best","confidence":0.7,"mode":"bus","tier":"secondary","geometry_source":"stop_sequence"},"geometry":{"type":"LineString","coordinates":[[72.8482,19.1339],[72.8418,19.1441],[72.8366,19.1433],[72.8352,19.1572],[72.8375,19.1593],[72.8459,19.1598],[72.849,19.1633]]}},{"type":"Feature","properties":{"id":"transit_route:gtfs_mumbai_best:BEST_1844","field":"public_transport","kind":"transit_route","name":"MALAD DEPOT to GOREGAON (W) BUS STATION (DOWN)","ref":"262 RING","status":"operational","opened_on":null,"expected_completion":null,"agency":"BEST","source":"gtfs_mumbai_best","confidence":0.7,"mode":"bus","tier":"secondary","geometry_source":"stop_sequence"},"geometry":{"type":"LineString","coordinates":[[72.8351,19.1843],[72.8372,19.1752],[72.835,19.1643],[72.8486,19.162],[72.849,19.1639]]}},{"type":"Feature","properties":{"id":"transit_route:gtfs_mumbai_best:BEST_1845","field":"public_transport","kind":"transit_route","name":"GOREGAON (W) BUS STATION to MALAD DEPOT (UP)","ref":"262 RING","status":"operational","opened_on":null,"expected_completion":null,"agency":"BEST","source":"gtfs_mumbai_best","confidence":0.7,"mode":"bus","tier":"secondary","geometry_source":"stop_sequence"},"geometry":{"type":"LineString","coordinates":[[72.8491,19.1636],[72.8486,19.16],[72.8465,19.1593],[72.8458,19.1628],[72.8348,19.164],[72.8369,19.1773],[72.8361,19.1804],[72.8335,19.1812],[72.8308,19.1796],[72.8337,19.1841],[72.8351,19.1843]]}},{"type":"Feature","properties":{"id":"transit_route:gtfs_mumbai_best:BEST_4528","field":"public_transport","kind":"transit_route","name":"AYYAPA MANDIR (GOREGAON) to GOREGAON (W) BUS STATION (DOWN)","ref":"263 AS","status":"operational","opened_on":null,"expected_completion":null,"agency":"BEST","source":"gtfs_mumbai_best","confidence":0.7,"mode":"bus","tier":"secondary","geometry_source":"stop_sequence"},"geometry":{"type":"LineString","coordinates":[[72.8319,19.1652],[72.8353,19.1687],[72.8358,19.1634],[72.844,19.1634],[72.8486,19.162],[72.8491,19.1636]]}},{"type":"Feature","properties":{"id":"transit_route:gtfs_mumbai_best:BEST_4529","field":"public_transport","kind":"transit_route","name":"GOREGAON (W) BUS STATION to AYYAPA MANDIR (GOREGAON) (UP)","ref":"263 AS","status":"operational","opened_on":null,"expected_completion":null,"agency":"BEST","source":"gtfs_mumbai_best","confidence":0.7,"mode":"bus","tier":"secondary","geometry_source":"stop_sequence"},"geometry":{"type":"LineString","coordinates":[[72.8491,19.1636],[72.8486,19.1602],[72.8465,19.1593],[72.8458,19.1628],[72.8336,19.1634],[72.8319,19.1652]]}},{"type":"Feature","properties":{"id":"transit_route:gtfs_mumbai_best:BEST_4546","field":"public_transport","kind":"transit_route","name":"SAMARTH NAGAR (JOGESHWARI-E) to SADBHAKTI MANDIR (DOWN)","ref":"264","status":"operational","opened_on":null,"expected_completion":null,"agency":"BEST","source":"gtfs_mumbai_best","confidence":0.7,"mode":"bus","tier":"secondary","geometry_source":"stop_sequence"},"geometry":{"type":"LineString","coordinates":[[72.8596,19.137],[72.8564,19.1378],[72.8501,19.1353],[72.85,19.1295]]}},{"type":"Feature","properties":{"id":"transit_route:gtfs_mumbai_best:BEST_4547","field":"public_transport","kind":"transit_route","name":"SADBHAKTI MANDIR to SAMARTH NAGAR (JOGESHWARI-E) (UP)","ref":"264","status":"operational","opened_on":null,"expected_completion":null,"agency":"BEST","source":"gtfs_mumbai_best","confidence":0.7,"mode":"bus","tier":"secondary","geometry_source":"stop_sequence"},"geometry":{"type":"LineString","coordinates":[[72.8499,19.1299],[72.85,19.1352],[72.8563,19.1378],[72.8596,19.137]]}},{"type":"Feature","properties":{"id":"transit_route:gtfs_mumbai_best:BEST_3928","field":"public_transport","kind":"transit_route","name":"SHREE SWAMI SAMARTH NAGAR (EXTENSION) to ANDHERI STATION (W) (DOWN)","ref":"266","status":"operational","opened_on":null,"expected_completion":null,"agency":"BEST","source":"gtfs_mumbai_best","confidence":0.7,"mode":"bus","tier":"secondary","geometry_source":"stop_sequence"},"geometry":{"type":"LineString","coordinates":[[72.8257,19.146],[72.8235,19.1464],[72.8261,19.1399],[72.8257,19.1302],[72.8387,19.1268],[72.8413,19.1283],[72.8457,19.1278],[72.8466,19.1233],[72.8457,19.1195]]}},{"type":"Feature","properties":{"id":"transit_route:gtfs_mumbai_best:BEST_3929","field":"public_transport","kind":"transit_route","name":"ANDHERI STATION (W) to SHREE SWAMI SAMARTH NAGAR (EXTENSION) (UP)","ref":"266","status":"operational","opened_on":null,"expected_completion":null,"agency":"BEST","source":"gtfs_mumbai_best","confidence":0.7,"mode":"bus","tier":"secondary","geometry_source":"stop_sequence"},"geometry":{"type":"LineString","coordinates":[[72.8457,19.1195],[72.8445,19.1229],[72.839,19.1265],[72.8291,19.1285],[72.8255,19.1311],[72.8257,19.141],[72.8236,19.145],[72.8257,19.1461]]}},{"type":"Feature","properties":{"id":"transit_route:gtfs_mumbai_best:BEST_713","field":"public_transport","kind":"transit_route","name":"SHREE SWAMI SAMARTH NAGAR to ANDHERI STATION (W) (DOWN)","ref":"268 RING","status":"operational","opened_on":null,"expected_completion":null,"agency":"BEST","source":"gtfs_mumbai_best","confidence":0.7,"mode":"bus","tier":"secondary","geometry_source":"stop_sequence"},"geometry":{"type":"LineString","coordinates":[[72.8256,19.1392],[72.8295,19.1419],[72.8317,19.1413],[72.8331,19.1321],[72.8377,19.1302],[72.8375,19.1277],[72.8387,19.1268],[72.8413,19.1283],[72.8457,19.1278],[72.8466,19.1233],[72.8457,19.1195]]}},{"type":"Feature","properties":{"id":"transit_route:gtfs_mumbai_best:BEST_2391","field":"public_transport","kind":"transit_route","name":"ANDHERI STATION (W) to SHREE SWAMI SAMARTH NAGAR (UP)","ref":"268 RING","status":"operational","opened_on":null,"expected_completion":null,"agency":"BEST","source":"gtfs_mumbai_best","confidence":0.7,"mode":"bus","tier":"secondary","geometry_source":"stop_sequence"},"geometry":{"type":"LineString","coordinates":[[72.8457,19.1195],[72.8445,19.1229],[72.839,19.1265],[72.8312,19.1289],[72.8313,19.1314],[72.8255,19.137],[72.8261,19.1399]]}},{"type":"Feature","properties":{"id":"transit_route:gtfs_mumbai_best:BEST_4568","field":"public_transport","kind":"transit_route","name":"BORIVALI (W) BUS STATION to MADH JETTY (DOWN)","ref":"269 AS","status":"operational","opened_on":null,"expected_completion":null,"agency":"BEST","source":"gtfs_mumbai_best","confidence":0.7,"mode":"bus","tier":"secondary","geometry_source":"stop_sequence"},"geometry":{"type":"LineString","coordinates":[[72.8569,19.2318],[72.856,19.2308],[72.8424,19.2297],[72.8304,19.2321],[72.8287,19.2299],[72.8281,19.226],[72.8294,19.208],[72.8277,19.1969],[72.7995,19.195],[72.7969,19.1706],[72.7908,19.1679],[72.7899,19.1634],[72.7864,19.1617],[72.7862,19.159],[72.7906,19.1519],[72.79,19.1413],[72.7959,19.1419],[72.8019,19.1446]]}},{"type":"Feature","properties":{"id":"transit_route:gtfs_mumbai_best:BEST_4569","field":"public_transport","kind":"transit_route","name":"MADH JETTY to BORIVALI (W) BUS STATION (UP)","ref":"269 AS","status":"operational","opened_on":null,"expected_completion":null,"agency":"BEST","source":"gtfs_mumbai_best","confidence":0.7,"mode":"bus","tier":"secondary","geometry_source":"stop_sequence"},"geometry":{"type":"LineString","coordinates":[[72.802,19.1445],[72.7911,19.1407],[72.7898,19.1416],[72.791,19.1503],[72.7862,19.1586],[72.7865,19.1617],[72.7895,19.1632],[72.7906,19.1678],[72.7969,19.1707],[72.7978,19.188],[72.8001,19.1955],[72.8275,19.1967],[72.8294,19.2081],[72.828,19.2261],[72.8303,19.2322],[72.8421,19.2298],[72.8569,19.2318]]}},{"type":"Feature","properties":{"id":"transit_route:gtfs_mumbai_best:BEST_1854","field":"public_transport","kind":"transit_route","name":"ZUNKA BHAKAR KENDRA (MALVANI) to MALAD STATION (W) (DOWN)","ref":"270","status":"operational","opened_on":null,"expected_completion":null,"agency":"BEST","source":"gtfs_mumbai_best","confidence":0.7,"mode":"bus","tier":"secondary","geometry_source":"stop_sequence"},"geometry":{"type":"LineString","coordinates":[[72.8253,19.1904],[72.8269,19.1964],[72.8383,19.1955],[72.8406,19.1932],[72.8485,19.1898]]}},{"type":"Feature","properties":{"id":"transit_route:gtfs_mumbai_best:BEST_1855","field":"public_transport","kind":"transit_route","name":"MALAD STATION (W) to ZUNKA BHAKAR KENDRA (MALVANI) (UP)","ref":"270","status":"operational","opened_on":null,"expected_completion":null,"agency":"BEST","source":"gtfs_mumbai_best","confidence":0.7,"mode":"bus","tier":"secondary","geometry_source":"stop_sequence"},"geometry":{"type":"LineString","coordinates":[[72.8481,19.1891],[72.846,19.1915],[72.837,19.1953],[72.8269,19.1963],[72.8256,19.1908]]}},{"type":"Feature","properties":{"id":"transit_route:gtfs_mumbai_best:BEST_4566","field":"public_transport","kind":"transit_route","name":"MADH JETTY to MALAD STATION (W) (DOWN)","ref":"271","status":"operational","opened_on":null,"expected_completion":null,"agency":"BEST","source":"gtfs_mumbai_best","confidence":0.7,"mode":"bus","tier":"secondary","geometry_source":"stop_sequence"},"geometry":{"type":"LineString","coordinates":[[72.802,19.1445],[72.7911,19.1407],[72.7898,19.1416],[72.791,19.1503],[72.7862,19.1586],[72.7865,19.1617],[72.7895,19.1632],[72.7906,19.1678],[72.7969,19.1707],[72.7978,19.188],[72.8001,19.1955],[72.8165,19.1967],[72.8383,19.1955],[72.8406,19.1932],[72.8485,19.1898]]}},{"type":"Feature","properties":{"id":"transit_route:gtfs_mumbai_best:BEST_4567","field":"public_transport","kind":"transit_route","name":"MALAD STATION (W) to MADH JETTY (UP)","ref":"271","status":"operational","opened_on":null,"expected_completion":null,"agency":"BEST","source":"gtfs_mumbai_best","confidence":0.7,"mode":"bus","tier":"secondary","geometry_source":"stop_sequence"},"geometry":{"type":"LineString","coordinates":[[72.8482,19.1891],[72.8472,19.1887],[72.846,19.1915],[72.837,19.1953],[72.8083,19.1964],[72.7995,19.195],[72.7969,19.1706],[72.7908,19.1679],[72.7899,19.1634],[72.7864,19.1617],[72.7862,19.159],[72.7906,19.1519],[72.79,19.1413],[72.7959,19.1419],[72.8019,19.1446]]}},{"type":"Feature","properties":{"id":"transit_route:gtfs_mumbai_best:BEST_4432","field":"public_transport","kind":"transit_route","name":"MARVE BEACH-ESSEL WORLD to MALAD STATION (W) (DOWN)","ref":"272 AS","status":"operational","opened_on":null,"expected_completion":null,"agency":"BEST","source":"gtfs_mumbai_best","confidence":0.7,"mode":"bus","tier":"secondary","geometry_source":"stop_sequence"},"geometry":{"type":"LineString","coordinates":[[72.7988,19.199],[72.8001,19.1955],[72.8165,19.1967],[72.8383,19.1955],[72.8406,19.1932],[72.8455,19.1917],[72.8473,19.1879]]}},{"type":"Feature","properties":{"id":"transit_route:gtfs_mumbai_best:BEST_4433","field":"public_transport","kind":"transit_route","name":"MALAD STATION (W) to MARVE BEACH-ESSEL WORLD (UP)","ref":"272 AS","status":"operational","opened_on":null,"expected_completion":null,"agency":"BEST","source":"gtfs_mumbai_best","confidence":0.7,"mode":"bus","tier":"secondary","geometry_source":"stop_sequence"},"geometry":{"type":"LineString","coordinates":[[72.8473,19.188],[72.846,19.1915],[72.837,19.1953],[72.8269,19.1963],[72.7999,19.1961],[72.7988,19.199]]}},{"type":"Feature","properties":{"id":"transit_route:gtfs_mumbai_best:BEST_2650","field":"public_transport","kind":"transit_route","name":"MALVANI DEPOT; GAIKWAD NAGAR to MALAD STATION (W) (DOWN)","ref":"273 AS","status":"operational","opened_on":null,"expected_completion":null,"agency":"BEST","source":"gtfs_mumbai_best","confidence":0.7,"mode":"bus","tier":"secondary","geometry_source":"stop_sequence"},"geometry":{"type":"LineString","coordinates":[[72.8191,19.1835],[72.8188,19.1863],[72.822,19.192],[72.8221,19.1953],[72.8248,19.1963],[72.8383,19.1955],[72.8406,19.1932],[72.8485,19.1898]]}},{"type":"Feature","properties":{"id":"transit_route:gtfs_mumbai_best:BEST_2651","field":"public_transport","kind":"transit_route","name":"MALAD STATION (W) to MALVANI DEPOT; GAIKWAD NAGAR (UP)","ref":"273 AS","status":"operational","opened_on":null,"expected_completion":null,"agency":"BEST","source":"gtfs_mumbai_best","confidence":0.7,"mode":"bus","tier":"secondary","geometry_source":"stop_sequence"},"geometry":{"type":"LineString","coordinates":[[72.8481,19.1891],[72.8426,19.1876],[72.8419,19.1926],[72.837,19.1953],[72.8248,19.1962],[72.8221,19.1952],[72.8216,19.1913],[72.8189,19.1862],[72.8192,19.1835]]}},{"type":"Feature","properties":{"id":"transit_route:gtfs_mumbai_best:BEST_3225","field":"public_transport","kind":"transit_route","name":"MHADA COLONY; MALVANI to MALAD STATION (W) (DOWN)","ref":"273 AS","status":"operational","opened_on":null,"expected_completion":null,"agency":"BEST","source":"gtfs_mumbai_best","confidence":0.7,"mode":"bus","tier":"secondary","geometry_source":"stop_sequence"},"geometry":{"type":"LineString","coordinates":[[72.8131,19.179],[72.8135,19.1817],[72.8166,19.1811],[72.8191,19.1835],[72.8188,19.1863],[72.822,19.192],[72.8221,19.1953],[72.8248,19.1963],[72.8383,19.1955],[72.8406,19.1932],[72.8485,19.1898]]}},{"type":"Feature","properties":{"id":"transit_route:gtfs_mumbai_best:BEST_3226","field":"public_transport","kind":"transit_route","name":"MALAD STATION (W) to MHADA COLONY; MALVANI (UP)","ref":"273 AS","status":"operational","opened_on":null,"expected_completion":null,"agency":"BEST","source":"gtfs_mumbai_best","confidence":0.7,"mode":"bus","tier":"secondary","geometry_source":"stop_sequence"},"geometry":{"type":"LineString","coordinates":[[72.8481,19.1891],[72.8426,19.1876],[72.8419,19.1926],[72.837,19.1953],[72.8248,19.1962],[72.8221,19.1952],[72.8216,19.1913],[72.8189,19.1862],[72.8192,19.1835],[72.8165,19.1787],[72.8131,19.179]]}},{"type":"Feature","properties":{"id":"transit_route:gtfs_mumbai_best:BEST_3882","field":"public_transport","kind":"transit_route","name":"BUNDER PAKHADI VILLAGE to KANDIVALI STATION (W) (DOWN)","ref":"274 AS","status":"operational","opened_on":null,"expected_completion":null,"agency":"BEST","source":"gtfs_mumbai_best","confidence":0.7,"mode":"bus","tier":"secondary","geometry_source":"stop_sequence"},"geometry":{"type":"LineString","coordinates":[[72.8313,19.2129],[72.8344,19.2082],[72.8377,19.21],[72.8372,19.2077],[72.8394,19.2049],[72.8422,19.2057],[72.8487,19.2043],[72.8503,19.2054]]}},{"type":"Feature","properties":{"id":"transit_route:gtfs_mumbai_best:BEST_3883","field":"public_transport","kind":"transit_route","name":"KANDIVALI STATION (W) to BUNDER PAKHADI VILLAGE (UP)","ref":"274 AS","status":"operational","opened_on":null,"expected_completion":null,"agency":"BEST","source":"gtfs_mumbai_best","confidence":0.7,"mode":"bus","tier":"secondary","geometry_source":"stop_sequence"},"geometry":{"type":"LineString","coordinates":[[72.8508,19.2047],[72.839,19.2051],[72.8373,19.2072],[72.8347,19.208],[72.8313,19.2131]]}},{"type":"Feature","properties":{"id":"transit_route:gtfs_mumbai_best:BEST_4223","field":"public_transport","kind":"transit_route","name":"CHARKOP SECTOR 8 to KANDIVALI STATION (W) (DOWN)","ref":"276 AS","status":"operational","opened_on":null,"expected_completion":null,"agency":"BEST","source":"gtfs_mumbai_best","confidence":0.7,"mode":"bus","tier":"secondary","geometry_source":"stop_sequence"},"geometry":{"type":"LineString","coordinates":[[72.8131,19.2149],[72.8359,19.2154],[72.8452,19.2123],[72.8507,19.2137],[72.8518,19.2113],[72.8503,19.2054]]}},{"type":"Feature","properties":{"id":"transit_route:gtfs_mumbai_best:BEST_4224","field":"public_transport","kind":"transit_route","name":"KANDIVALI STATION (W) to CHARKOP SECTOR 8 (UP)","ref":"276 AS","status":"operational","opened_on":null,"expected_completion":null,"agency":"BEST","source":"gtfs_mumbai_best","confidence":0.7,"mode":"bus","tier":"secondary","geometry_source":"stop_sequence"},"geometry":{"type":"LineString","coordinates":[[72.8517,19.2059],[72.8505,19.2084],[72.851,19.2136],[72.8469,19.2121],[72.8358,19.2153],[72.8132,19.2149]]}},{"type":"Feature","properties":{"id":"transit_route:gtfs_mumbai_best:BEST_3850","field":"public_transport","kind":"transit_route","name":"BORIVALI (W) STATION to KANDIVLI STATION (W) (DOWN)","ref":"277 AS","status":"operational","opened_on":null,"expected_completion":null,"agency":"BEST","source":"gtfs_mumbai_best","confidence":0.7,"mode":"bus","tier":"secondary","geometry_source":"stop_sequence"},"geometry":{"type":"LineString","coordinates":[[72.856,19.2308],[72.8485,19.2285],[72.8304,19.2321],[72.8287,19.2299],[72.8288,19.22],[72.8334,19.2193],[72.8344,19.2154],[72.8434,19.2128],[72.8507,19.2137],[72.8518,19.2113],[72.8506,19.2082],[72.8514,19.2063]]}},{"type":"Feature","properties":{"id":"transit_route:gtfs_mumbai_best:BEST_3851","field":"public_transport","kind":"transit_route","name":"KANDIVALI STATION (W) to BORIVALI (W) STATION (UP)","ref":"277 AS","status":"operational","opened_on":null,"expected_completion":null,"agency":"BEST","source":"gtfs_mumbai_best","confidence":0.7,"mode":"bus","tier":"secondary","geometry_source":"stop_sequence"},"geometry":{"type":"LineString","coordinates":[[72.851,19.2063],[72.851,19.2136],[72.8452,19.2122],[72.8358,19.2153],[72.834,19.2167],[72.8336,19.2193],[72.8287,19.2199],[72.8285,19.2295],[72.8303,19.2322],[72.8485,19.2286],[72.8562,19.2295]]}},{"type":"Feature","properties":{"id":"transit_route:gtfs_mumbai_best:BEST_4241","field":"public_transport","kind":"transit_route","name":"MARINA CNCLAVE to KANDIVALI STATION (W) (DOWN)","ref":"278 AS","status":"operational","opened_on":null,"expected_completion":null,"agency":"BEST","source":"gtfs_mumbai_best","confidence":0.7,"mode":"bus","tier":"secondary","geometry_source":"stop_sequence"},"geometry":{"type":"LineString","coordinates":[[72.8165,19.2024],[72.828,19.201],[72.83,19.2074],[72.8377,19.2072],[72.8394,19.2049],[72.8422,19.2057],[72.8487,19.2043],[72.8505,19.2054]]}},{"type":"Feature","properties":{"id":"transit_route:gtfs_mumbai_best:BEST_4242","field":"public_transport","kind":"transit_route","name":"KANDIVALI STATION (W) to MARINA ENCLAVE (UP)","ref":"278 AS","status":"operational","opened_on":null,"expected_completion":null,"agency":"BEST","source":"gtfs_mumbai_best","confidence":0.7,"mode":"bus","tier":"secondary","geometry_source":"stop_sequence"},"geometry":{"type":"LineString","coordinates":[[72.8512,19.2052],[72.8507,19.2039],[72.8443,19.2054],[72.839,19.2051],[72.8373,19.2072],[72.8291,19.207],[72.8281,19.2013],[72.8164,19.2024]]}},{"type":"Feature","properties":{"id":"transit_route:gtfs_mumbai_best:BEST_3898","field":"public_transport","kind":"transit_route","name":"POISAR DEPOT to SAMATA NAGAR BUS STATION (KANDIVALI E) (DOWN)","ref":"279","status":"operational","opened_on":null,"expected_completion":null,"agency":"BEST","source":"gtfs_mumbai_best","confidence":0.7,"mode":"bus","tier":"secondary","geometry_source":"stop_sequence"},"geometry":{"type":"LineString","coordinates":[[72.8511,19.2142],[72.8518,19.2113],[72.8487,19.1999],[72.855,19.2002],[72.8533,19.2023],[72.8615,19.2019],[72.8648,19.2054],[72.8696,19.2062]]}},{"type":"Feature","properties":{"id":"transit_route:gtfs_mumbai_best:BEST_3899","field":"public_transport","kind":"transit_route","name":"SAMATA NAGAR BUS STATION (KANDIVALI-E) to POISAR DEPOT (UP)","ref":"279","status":"operational","opened_on":null,"expected_completion":null,"agency":"BEST","source":"gtfs_mumbai_best","confidence":0.7,"mode":"bus","tier":"secondary","geometry_source":"stop_sequence"},"geometry":{"type":"LineString","coordinates":[[72.8699,19.2065],[72.8656,19.2055],[72.8619,19.2004],[72.8564,19.2019],[72.855,19.2002],[72.8538,19.2018],[72.8533,19.2023],[72.8564,19.2019],[72.8488,19.2004],[72.8516,19.2114],[72.851,19.214]]}},{"type":"Feature","properties":{"id":"transit_route:gtfs_mumbai_best:BEST_3884","field":"public_transport","kind":"transit_route","name":"MAHAVIR NAGAR EXTENSION (KANDIVLI-W); PARIJAT SOCIETY to KANDIVALI STATION (W) (DOWN)","ref":"280 AS","status":"operational","opened_on":null,"expected_completion":null,"agency":"BEST","source":"gtfs_mumbai_best","confidence":0.7,"mode":"bus","tier":"secondary","geometry_source":"stop_sequence"},"geometry":{"type":"LineString","coordinates":[[72.8395,19.2145],[72.8396,19.212],[72.8372,19.2077],[72.8394,19.2049],[72.8422,19.2057],[72.8487,19.2043],[72.8503,19.2054]]}},{"type":"Feature","properties":{"id":"transit_route:gtfs_mumbai_best:BEST_3885","field":"public_transport","kind":"transit_route","name":"KANDIVALI STATION (W) to MAHAVIR NAGAR EXTENSION (KANDIVLI-W); PARIJAT SOCIETY (UP)","ref":"280 AS","status":"operational","opened_on":null,"expected_completion":null,"agency":"BEST","source":"gtfs_mumbai_best","confidence":0.7,"mode":"bus","tier":"secondary","geometry_source":"stop_sequence"},"geometry":{"type":"LineString","coordinates":[[72.8508,19.2047],[72.839,19.2051],[72.8357,19.2115],[72.8369,19.2137],[72.8395,19.2145]]}},{"type":"Feature","properties":{"id":"transit_route:gtfs_mumbai_best:BEST_3886","field":"public_transport","kind":"transit_route","name":"KANDIVALI STATION (W) to PUSHPA PARK (MALAD-E) (DOWN)","ref":"281 AS","status":"operational","opened_on":null,"expected_completion":null,"agency":"BEST","source":"gtfs_mumbai_best","confidence":0.7,"mode":"bus","tier":"secondary","geometry_source":"stop_sequence"},"geometry":{"type":"LineString","coordinates":[[72.8513,19.2052],[72.8507,19.2039],[72.8443,19.2054],[72.839,19.2051],[72.8373,19.2072],[72.8294,19.2081],[72.8287,19.2103],[72.8243,19.2104],[72.8226,19.2092],[72.823,19.2076],[72.8248,19.2076],[72.8243,19.2054],[72.8283,19.2042],[72.8277,19.1969],[72.8383,19.1955],[72.8406,19.1932],[72.8485,19.1898],[72.858,19.1886]]}},{"type":"Feature","properties":{"id":"transit_route:gtfs_mumbai_best:BEST_3887","field":"public_transport","kind":"transit_route","name":"PUSHPA PARK (MALAD-E) to KANDIVALI STATION (W) (UP)","ref":"281 AS","status":"operational","opened_on":null,"expected_completion":null,"agency":"BEST","source":"gtfs_mumbai_best","confidence":0.7,"mode":"bus","tier":"secondary","geometry_source":"stop_sequence"},"geometry":{"type":"LineString","coordinates":[[72.8582,19.1887],[72.8426,19.1876],[72.8419,19.1926],[72.837,19.1953],[72.8275,19.1967],[72.8277,19.2038],[72.824,19.2054],[72.8227,19.2095],[72.8293,19.2103],[72.8294,19.208],[72.8377,19.2072],[72.8394,19.2049],[72.8422,19.2057],[72.8487,19.2043],[72.8503,19.2054]]}},{"type":"Feature","properties":{"id":"transit_route:gtfs_mumbai_best:BEST_3918","field":"public_transport","kind":"transit_route","name":"DAMU NAGAR (EXTENSION) to KANDIVALI BUS STATION (E) (DOWN)","ref":"282 AS","status":"operational","opened_on":null,"expected_completion":null,"agency":"BEST","source":"gtfs_mumbai_best","confidence":0.7,"mode":"bus","tier":"secondary","geometry_source":"stop_sequence"},"geometry":{"type":"LineString","coordinates":[[72.8785,19.2043],[72.8784,19.2002],[72.8564,19.2019],[72.855,19.2002],[72.8535,19.2018]]}},{"type":"Feature","properties":{"id":"transit_route:gtfs_mumbai_best:BEST_3919","field":"public_transport","kind":"transit_route","name":"KANDIVALI BUS STATION (E) to DAMU NAGAR (EXTENSION) (UP)","ref":"282 AS","status":"operational","opened_on":null,"expected_completion":null,"agency":"BEST","source":"gtfs_mumbai_best","confidence":0.7,"mode":"bus","tier":"secondary","geometry_source":"stop_sequence"},"geometry":{"type":"LineString","coordinates":[[72.8535,19.2018],[72.8784,19.2002],[72.8784,19.2046]]}},{"type":"Feature","properties":{"id":"transit_route:gtfs_mumbai_best:BEST_3888","field":"public_transport","kind":"transit_route","name":"CHARKOP VILLAGE to KANDIVALI STATION (W) (DOWN)","ref":"286 AS","status":"operational","opened_on":null,"expected_completion":null,"agency":"BEST","source":"gtfs_mumbai_best","confidence":0.7,"mode":"bus","tier":"secondary","geometry_source":"stop_sequence"},"geometry":{"type":"LineString","coordinates":[[72.8192,19.2087],[72.8241,19.2105],[72.8293,19.2103],[72.8294,19.208],[72.8377,19.2072],[72.8394,19.2049],[72.8422,19.2057],[72.8487,19.2043],[72.8503,19.2054]]}},{"type":"Feature","properties":{"id":"transit_route:gtfs_mumbai_best:BEST_3889","field":"public_transport","kind":"transit_route","name":"KANDIVALI STATION (W) to CHARKOP VILLAGE (UP)","ref":"286 AS","status":"operational","opened_on":null,"expected_completion":null,"agency":"BEST","source":"gtfs_mumbai_best","confidence":0.7,"mode":"bus","tier":"secondary","geometry_source":"stop_sequence"},"geometry":{"type":"LineString","coordinates":[[72.8512,19.2052],[72.8507,19.2039],[72.8443,19.2054],[72.839,19.2051],[72.8373,19.2072],[72.8294,19.2081],[72.8287,19.2103],[72.8243,19.2104],[72.8192,19.2087]]}},{"type":"Feature","properties":{"id":"transit_route:gtfs_mumbai_best:BEST_2836","field":"public_transport","kind":"transit_route","name":"E.S.I.S HOSPITAL (THAKUR VILLAGE) to KANDIVALI BUS STATION (E) (DOWN)","ref":"287 AS","status":"operational","opened_on":null,"expected_completion":null,"agency":"BEST","source":"gtfs_mumbai_best","confidence":0.7,"mode":"bus","tier":"secondary","geometry_source":"stop_sequence"},"geometry":{"type":"LineString","coordinates":[[72.8772,19.2082],[72.8772,19.2101],[72.8731,19.21],[72.8728,19.2061],[72.8656,19.2055],[72.8619,19.2004],[72.8564,19.2019],[72.855,19.2002],[72.8538,19.2018]]}},{"type":"Feature","properties":{"id":"transit_route:gtfs_mumbai_best:BEST_2837","field":"public_transport","kind":"transit_route","name":"KANDIVALI BUS STATION (E) to E.S.I.S HOSPITAL (THAKUR VILLAGE) (UP)","ref":"287 AS","status":"operational","opened_on":null,"expected_completion":null,"agency":"BEST","source":"gtfs_mumbai_best","confidence":0.7,"mode":"bus","tier":"secondary","geometry_source":"stop_sequence"},"geometry":{"type":"LineString","coordinates":[[72.8538,19.2018],[72.8615,19.2019],[72.8648,19.2054],[72.8716,19.2058],[72.8729,19.21],[72.8771,19.2102],[72.8772,19.2082]]}},{"type":"Feature","properties":{"id":"transit_route:gtfs_mumbai_best:BEST_2838","field":"public_transport","kind":"transit_route","name":"KRANTI NAGAR to KANDIVALI BUS STATION (E) (DOWN)","ref":"288 AS","status":"operational","opened_on":null,"expected_completion":null,"agency":"BEST","source":"gtfs_mumbai_best","confidence":0.7,"mode":"bus","tier":"secondary","geometry_source":"stop_sequence"},"geometry":{"type":"LineString","coordinates":[[72.8724,19.1944],[72.8732,19.1992],[72.8716,19.2007],[72.8564,19.2019],[72.855,19.2002],[72.8532,19.2016]]}},{"type":"Feature","properties":{"id":"transit_route:gtfs_mumbai_best:BEST_2839","field":"public_transport","kind":"transit_route","name":"KANDIVALI BUS STATION (E) to KRANTI NAGAR (UP)","ref":"288 AS","status":"operational","opened_on":null,"expected_completion":null,"agency":"BEST","source":"gtfs_mumbai_best","confidence":0.7,"mode":"bus","tier":"secondary","geometry_source":"stop_sequence"},"geometry":{"type":"LineString","coordinates":[[72.8532,19.2016],[72.8724,19.2007],[72.8736,19.1998],[72.8726,19.1943]]}},{"type":"Feature","properties":{"id":"transit_route:gtfs_mumbai_best:BEST_3920","field":"public_transport","kind":"transit_route","name":"ANITA NAGAR to KANDIVALI BUS STATION (E) (DOWN)","ref":"289 AS","status":"operational","opened_on":null,"expected_completion":null,"agency":"BEST","source":"gtfs_mumbai_best","confidence":0.7,"mode":"bus","tier":"secondary","geometry_source":"stop_sequence"},"geometry":{"type":"LineString","coordinates":[[72.8759,19.1972],[72.8716,19.2007],[72.8564,19.2019],[72.855,19.2002],[72.8535,19.2018]]}},{"type":"Feature","properties":{"id":"transit_route:gtfs_mumbai_best:BEST_3921","field":"public_transport","kind":"transit_route","name":"KANDIVALI BUS STATION (E) to ANITA NAGAR (UP)","ref":"289 AS","status":"operational","opened_on":null,"expected_completion":null,"agency":"BEST","source":"gtfs_mumbai_best","confidence":0.7,"mode":"bus","tier":"secondary","geometry_source":"stop_sequence"},"geometry":{"type":"LineString","coordinates":[[72.8535,19.2018],[72.8724,19.2007],[72.8759,19.1972]]}},{"type":"Feature","properties":{"id":"transit_route:gtfs_mumbai_best:BEST_2807","field":"public_transport","kind":"transit_route","name":"SHRI KRISHNA NAGAR POST OFFICE to JAI MAHARASHTRA NAGAR (BORIVALI -E) (DOWN)","ref":"293 AS","status":"operational","opened_on":null,"expected_completion":null,"agency":"BEST","source":"gtfs_mumbai_best","confidence":0.7,"mode":"bus","tier":"secondary","geometry_source":"stop_sequence"},"geometry":{"type":"LineString","coordinates":[[72.8662,19.2354],[72.8628,19.2306],[72.859,19.2289],[72.8567,19.2243],[72.8579,19.2225],[72.8611,19.2213],[72.8689,19.2215]]}},{"type":"Feature","properties":{"id":"transit_route:gtfs_mumbai_best:BEST_2808","field":"public_transport","kind":"transit_route","name":"JAI MAHARASHTRA NAGAR (BORIVALI -E) to SHRI KRISHNA NAGAR POST OFFICE (UP)","ref":"293 AS","status":"operational","opened_on":null,"expected_completion":null,"agency":"BEST","source":"gtfs_mumbai_best","confidence":0.7,"mode":"bus","tier":"secondary","geometry_source":"stop_sequence"},"geometry":{"type":"LineString","coordinates":[[72.8689,19.2215],[72.8607,19.2212],[72.8566,19.2243],[72.8585,19.2313],[72.8623,19.2314],[72.8657,19.2356]]}},{"type":"Feature","properties":{"id":"transit_route:gtfs_mumbai_best:BEST_2872","field":"public_transport","kind":"transit_route","name":"GORAI CREEK to BORIVALI (W) BUS STATION (DOWN)","ref":"294 AS","status":"operational","opened_on":null,"expected_completion":null,"agency":"BEST","source":"gtfs_mumbai_best","confidence":0.7,"mode":"bus","tier":"secondary","geometry_source":"stop_sequence"},"geometry":{"type":"LineString","coordinates":[[72.8248,19.233],[72.8485,19.2286],[72.855,19.2287],[72.8569,19.2318]]}},{"type":"Feature","properties":{"id":"transit_route:gtfs_mumbai_best:BEST_2873","field":"public_transport","kind":"transit_route","name":"BORIVALI (W) BUS STATION to GORAI CREEK (UP)","ref":"294 AS","status":"operational","opened_on":null,"expected_completion":null,"agency":"BEST","source":"gtfs_mumbai_best","confidence":0.7,"mode":"bus","tier":"secondary","geometry_source":"stop_sequence"},"geometry":{"type":"LineString","coordinates":[[72.8569,19.2318],[72.8542,19.2242],[72.8529,19.2234],[72.8364,19.224],[72.8221,19.2274],[72.8251,19.2311],[72.8248,19.233]]}},{"type":"Feature","properties":{"id":"transit_route:gtfs_mumbai_best:BEST_2874","field":"public_transport","kind":"transit_route","name":"MAHAVIR NAGAR EXTENSION (KANDIVLI-W); PARIJAT SOCIETY to SHANTI ASHRAM (BORIVALI W) (DOWN)","ref":"296 AS","status":"operational","opened_on":null,"expected_completion":null,"agency":"BEST","source":"gtfs_mumbai_best","confidence":0.7,"mode":"bus","tier":"secondary","geometry_source":"stop_sequence"},"geometry":{"type":"LineString","coordinates":[[72.8395,19.2145],[72.8426,19.2184],[72.8474,19.2172],[72.8478,19.2217],[72.8509,19.2237],[72.8533,19.2233],[72.856,19.229],[72.8545,19.2406],[72.8504,19.2441],[72.847,19.2418]]}},{"type":"Feature","properties":{"id":"transit_route:gtfs_mumbai_best:BEST_2875","field":"public_transport","kind":"transit_route","name":"SHANTI ASHRAM (BORIVALI W) to MAHAVIR NAGAR EXTENSION (KANDIVLI-W); PARIJAT SOCIETY (UP)","ref":"296 AS","status":"operational","opened_on":null,"expected_completion":null,"agency":"BEST","source":"gtfs_mumbai_best","confidence":0.7,"mode":"bus","tier":"secondary","geometry_source":"stop_sequence"},"geometry":{"type":"LineString","coordinates":[[72.8468,19.2424],[72.8522,19.2447],[72.854,19.2429],[72.8551,19.2345],[72.857,19.2322],[72.8564,19.2296],[72.8542,19.2242],[72.8479,19.2217],[72.8474,19.2172],[72.8426,19.2183],[72.8386,19.2127],[72.8367,19.2126],[72.8395,19.2145]]}},{"type":"Feature","properties":{"id":"transit_route:gtfs_mumbai_best:BEST_2876","field":"public_transport","kind":"transit_route","name":"KOKANIPADA (EXTENSION) (BORIVALI -E) to BORIVALI (E) STATION (DOWN)","ref":"297 AS","status":"operational","opened_on":null,"expected_completion":null,"agency":"BEST","source":"gtfs_mumbai_best","confidence":0.7,"mode":"bus","tier":"secondary","geometry_source":"stop_sequence"},"geometry":{"type":"LineString","coordinates":[[72.8725,19.2458],[72.8672,19.2497],[72.8651,19.2472],[72.8628,19.2306],[72.859,19.2289],[72.8577,19.2296]]}},{"type":"Feature","properties":{"id":"transit_route:gtfs_mumbai_best:BEST_2877","field":"public_transport","kind":"transit_route","name":"BORIVALI (E) STATION to KOKANIPADA (EXTENSION) (BORIVALI -E) (UP)","ref":"297 AS","status":"operational","opened_on":null,"expected_completion":null,"agency":"BEST","source":"gtfs_mumbai_best","confidence":0.7,"mode":"bus","tier":"secondary","geometry_source":"stop_sequence"},"geometry":{"type":"LineString","coordinates":[[72.8577,19.2296],[72.8583,19.2312],[72.8623,19.2314],[72.8646,19.2462],[72.8674,19.2497],[72.8725,19.246]]}},{"type":"Feature","properties":{"id":"transit_route:gtfs_mumbai_best:BEST_4142","field":"public_transport","kind":"transit_route","name":"RAWAL PADA to BORIVALI (E) STATION (DOWN)","ref":"298 AS","status":"operational","opened_on":null,"expected_completion":null,"agency":"BEST","source":"gtfs_mumbai_best","confidence":0.7,"mode":"bus","tier":"secondary","geometry_source":"stop_sequence"},"geometry":{"type":"LineString","coordinates":[[72.8702,19.2456],[72.8667,19.2424],[72.865,19.244],[72.8628,19.2306],[72.859,19.2289]]}},{"type":"Feature","properties":{"id":"transit_route:gtfs_mumbai_best:BEST_4143","field":"public_transport","kind":"transit_route","name":"BORIVALI (E) STATION to RAWAL PADA (UP)","ref":"298 AS","status":"operational","opened_on":null,"expected_completion":null,"agency":"BEST","source":"gtfs_mumbai_best","confidence":0.7,"mode":"bus","tier":"secondary","geometry_source":"stop_sequence"},"geometry":{"type":"LineString","coordinates":[[72.8578,19.2284],[72.8583,19.2312],[72.8623,19.2314],[72.8653,19.244],[72.867,19.2422],[72.8672,19.2443],[72.8701,19.2456]]}},{"type":"Feature","properties":{"id":"transit_route:gtfs_mumbai_best:BEST_4204","field":"public_transport","kind":"transit_route","name":"JIJAMATA UDYAN (BYCULLA) to NAVY NAGAR (COLABA) (DOWN)","ref":"3 AS","status":"operational","opened_on":null,"expected_completion":null,"agency":"BEST","source":"gtfs_mumbai_best","confidence":0.7,"mode":"bus","tier":"secondary","geometry_source":"stop_sequence"},"geometry":{"type":"LineString","coordinates":[[72.8348,18.9805],[72.8336,18.9766],[72.8347,18.9756],[72.8406,18.9759],[72.8408,18.9693],[72.8351,18.9699],[72.8328,18.9671],[72.8322,18.9633],[72.8319,18.9593],[72.8347,18.9502],[72.8348,18.941],[72.837,18.9371],[72.8362,18.9326],[72.8306,18.9207],[72.817,18.9072],[72.8087,18.9075]]}},{"type":"Feature","properties":{"id":"transit_route:gtfs_mumbai_best:BEST_4205","field":"public_transport","kind":"transit_route","name":"NAVY NAGAR (COLABA) to JIJAMATA UDYAN (BYCULLA) (UP)","ref":"3 AS","status":"operational","opened_on":null,"expected_completion":null,"agency":"BEST","source":"gtfs_mumbai_best","confidence":0.7,"mode":"bus","tier":"secondary","geometry_source":"stop_sequence"},"geometry":{"type":"LineString","coordinates":[[72.8089,18.9075],[72.8166,18.9069],[72.83,18.9201],[72.8363,18.9328],[72.837,18.937],[72.8348,18.9406],[72.8345,18.9502],[72.8316,18.9598],[72.8319,18.9632],[72.8332,18.9689],[72.8352,18.9699],[72.8407,18.9692],[72.8399,18.9763],[72.8335,18.9762],[72.834,18.98],[72.8363,18.9807],[72.8348,18.9805]]}},{"type":"Feature","properties":{"id":"transit_route:gtfs_mumbai_best:BEST_4446","field":"public_transport","kind":"transit_route","name":"VIKHROLI DEPOT to PT.PALUSKAR CHOWK (DOWN)","ref":"30 AS","status":"operational","opened_on":null,"expected_completion":null,"agency":"BEST","source":"gtfs_mumbai_best","confidence":0.7,"mode":"bus","tier":"secondary","geometry_source":"stop_sequence"},"geometry":{"type":"LineString","coordinates":[[72.9196,19.102],[72.9241,19.1085],[72.9323,19.1087],[72.9261,19.0932],[72.913,19.0748],[72.8842,19.0542],[72.8752,19.0508],[72.8643,19.0432],[72.8562,19.0276],[72.8417,19.0088],[72.8346,18.9897],[72.8242,18.9776],[72.8157,18.9544]]}},{"type":"Feature","properties":{"id":"transit_route:gtfs_mumbai_best:BEST_4447","field":"public_transport","kind":"transit_route","name":"PT.PALUSKAR CHOWK to VIKHROLI DEPOT (UP)","ref":"30 AS","status":"operational","opened_on":null,"expected_completion":null,"agency":"BEST","source":"gtfs_mumbai_best","confidence":0.7,"mode":"bus","tier":"secondary","geometry_source":"stop_sequence"},"geometry":{"type":"LineString","coordinates":[[72.8157,18.9544],[72.824,18.9774],[72.8346,18.9897],[72.8386,19.0028],[72.842,19.0098],[72.8468,19.0167],[72.8459,19.0168],[72.8555,19.0275],[72.8656,19.0465],[72.884,19.0543],[72.9127,19.0748],[72.916,19.0785],[72.9291,19.1013],[72.932,19.1085],[72.9253,19.1102],[72.9194,19.1028]]}},{"type":"Feature","properties":{"id":"transit_route:gtfs_mumbai_best:BEST_4364","field":"public_transport","kind":"transit_route","name":"VESAVA-YARI ROAD BUS STATION to GOREGAON (W) BUS STATION (DOWN)","ref":"32 AS","status":"operational","opened_on":null,"expected_completion":null,"agency":"BEST","source":"gtfs_mumbai_best","confidence":0.7,"mode":"bus","tier":"secondary","geometry_source":"stop_sequence"},"geometry":{"type":"LineString","coordinates":[[72.8085,19.1395],[72.8068,19.1386],[72.8171,19.1287],[72.8205,19.1306],[72.8312,19.1289],[72.8319,19.146],[72.8364,19.1468],[72.8353,19.1544],[72.8366,19.1554],[72.842,19.1533],[72.8435,19.1551],[72.8436,19.1582],[72.8486,19.162],[72.849,19.1639]]}},{"type":"Feature","properties":{"id":"transit_route:gtfs_mumbai_best:BEST_4365","field":"public_transport","kind":"transit_route","name":"GOREGAON (W) BUS STATION to VESAVA-YARI ROAD BUS STATION (UP)","ref":"32 AS","status":"operational","opened_on":null,"expected_completion":null,"agency":"BEST","source":"gtfs_mumbai_best","confidence":0.7,"mode":"bus","tier":"secondary","geometry_source":"stop_sequence"},"geometry":{"type":"LineString","coordinates":[[72.8486,19.1637],[72.8486,19.1602],[72.8437,19.1586],[72.8436,19.155],[72.8412,19.1533],[72.8369,19.1551],[72.8357,19.153],[72.8367,19.1468],[72.8313,19.145],[72.8314,19.1294],[72.8291,19.1285],[72.8204,19.1305],[72.8176,19.1291],[72.8142,19.1304],[72.81,19.1354],[72.8095,19.1395],[72.8085,19.1395]]}},{"type":"Feature","properties":{"id":"transit_route:gtfs_mumbai_best:BEST_4370","field":"public_transport","kind":"transit_route","name":"GOREGAON (W) BUS STATION to WORLI DEPOT (DOWN)","ref":"33 AS","status":"operational","opened_on":null,"expected_completion":null,"agency":"BEST","source":"gtfs_mumbai_best","confidence":0.7,"mode":"bus","tier":"secondary","geometry_source":"stop_sequence"},"geometry":{"type":"LineString","coordinates":[[72.8486,19.1637],[72.8486,19.1602],[72.8437,19.1586],[72.8436,19.155],[72.8412,19.1533],[72.8369,19.1551],[72.8358,19.1526],[72.8367,19.1468],[72.8313,19.145],[72.832,19.134],[72.8299,19.1208],[72.831,19.1162],[72.8348,19.1156],[72.8369,19.1136],[72.8369,19.1037],[72.8395,19.0993],[72.8367,19.0575],[72.8385,19.0464],[72.8424,19.0367],[72.8418,19.0301],[72.841,19.0264],[72.8365,19.0198],[72.8321,19.0179],[72.8294,19.0136],[72.8229,19.0126],[72.82,19.0135]]}},{"type":"Feature","properties":{"id":"transit_route:gtfs_mumbai_best:BEST_4371","field":"public_transport","kind":"transit_route","name":"WORLI DEPOT to GOREGAON (W) BUS STATION (UP)","ref":"33 AS","status":"operational","opened_on":null,"expected_completion":null,"agency":"BEST","source":"gtfs_mumbai_best","confidence":0.7,"mode":"bus","tier":"secondary","geometry_source":"stop_sequence"},"geometry":{"type":"LineString","coordinates":[[72.82,19.0135],[72.8226,19.0125],[72.8366,19.0201],[72.8409,19.0266],[72.8417,19.0298],[72.8423,19.0366],[72.8385,19.0459],[72.837,19.0561],[72.8381,19.0873],[72.8395,19.0963],[72.8388,19.1016],[72.8368,19.1033],[72.8366,19.1138],[72.835,19.1155],[72.8314,19.116],[72.8298,19.1185],[72.8298,19.1214],[72.832,19.1357],[72.8319,19.146],[72.8364,19.1468],[72.8353,19.1544],[72.8366,19.1554],[72.842,19.1533],[72.8435,19.1551],[72.8436,19.1582],[72.8486,19.162],[72.849,19.1639]]}},{"type":"Feature","properties":{"id":"transit_route:gtfs_mumbai_best:BEST_4341","field":"public_transport","kind":"transit_route","name":"MAJAS DEPOT to COMRADE P.K.KURNE CHOWK (WORLI ) (DOWN)","ref":"35 AS","status":"operational","opened_on":null,"expected_completion":null,"agency":"BEST","source":"gtfs_mumbai_best","confidence":0.7,"mode":"bus","tier":"secondary","geometry_source":"stop_sequence"},"geometry":{"type":"LineString","coordinates":[[72.8653,19.1392],[72.8692,19.1397],[72.8722,19.1381],[72.8748,19.132],[72.8773,19.1298],[72.8721,19.1228],[72.8795,19.1202],[72.8801,19.1135],[72.8827,19.1124],[72.8809,19.1085],[72.8751,19.1066],[72.8746,19.1042],[72.8763,19.1021],[72.8744,19.1007],[72.8714,19.103],[72.8632,19.1015],[72.8595,19.1067],[72.8521,19.1093],[72.8514,19.1037],[72.8458,19.103],[72.8448,19.0987],[72.8511,19.097],[72.8517,19.0936],[72.844,19.0904],[72.8472,19.0792],[72.8467,19.0565],[72.8385,19.0464],[72.8424,19.0367],[72.8409,19.0258],[72.8365,19.0198],[72.8321,19.0179],[72.8294,19.0136],[72.8211,19.0113],[72.8186,19.0072],[72.8213,19.0063]]}},{"type":"Feature","properties":{"id":"transit_route:gtfs_mumbai_best:BEST_4342","field":"public_transport","kind":"transit_route","name":"COMRADE P.K.KURNE CHOWK (WORLI ) to MAJAS DEPOT (UP)","ref":"35 AS","status":"operational","opened_on":null,"expected_completion":null,"agency":"BEST","source":"gtfs_mumbai_best","confidence":0.7,"mode":"bus","tier":"secondary","geometry_source":"stop_sequence"},"geometry":{"type":"LineString","coordinates":[[72.8211,19.0054],[72.8185,19.0073],[72.8202,19.0104],[72.8366,19.0201],[72.8379,19.0244],[72.8409,19.0266],[72.8421,19.0337],[72.8412,19.0405],[72.8385,19.0459],[72.8463,19.0564],[72.8464,19.0818],[72.8436,19.09],[72.8459,19.0921],[72.8517,19.0943],[72.8508,19.097],[72.8446,19.0986],[72.8457,19.103],[72.8514,19.1037],[72.852,19.1094],[72.8597,19.1067],[72.8639,19.1006],[72.8669,19.103],[72.8711,19.1032],[72.8752,19.1032],[72.8763,19.1021],[72.8747,19.1012],[72.8744,19.1041],[72.875,19.1068],[72.8785,19.1101],[72.8802,19.1181],[72.8797,19.1202],[72.8721,19.1229],[72.8762,19.1297],[72.8743,19.1345],[72.8721,19.1381],[72.8693,19.1395],[72.861,19.1391]]}},{"type":"Feature","properties":{"id":"transit_route:gtfs_mumbai_best:BEST_4136","field":"public_transport","kind":"transit_route","name":"KURLA STATION (W) to J.MEHTA MARG (NAPEAN SEA ROAD) (DOWN)","ref":"37 AS","status":"operational","opened_on":null,"expected_completion":null,"agency":"BEST","source":"gtfs_mumbai_best","confidence":0.7,"mode":"bus","tier":"secondary","geometry_source":"stop_sequence"},"geometry":{"type":"LineString","coordinates":[[72.8791,19.0672],[72.8803,19.0736],[72.8767,19.0761],[72.863,19.071],[72.861,19.0726],[72.8606,19.075],[72.8622,19.0774],[72.8582,19.0819],[72.8472,19.079],[72.8467,19.0565],[72.8385,19.0464],[72.8424,19.0367],[72.841,19.0264],[72.8365,19.0198],[72.8321,19.0179],[72.8294,19.0136],[72.8202,19.01],[72.8186,19.0072],[72.8206,19.0043],[72.8156,18.995],[72.8143,18.9869],[72.8169,18.9578],[72.8128,18.9798],[72.8074,18.9761],[72.8058,18.9735],[72.8036,18.9686],[72.8041,18.9644],[72.7959,18.9506]]}},{"type":"Feature","properties":{"id":"transit_route:gtfs_mumbai_best:BEST_4137","field":"public_transport","kind":"transit_route","name":"J.MEHTA MARG (NAPEAN SEA ROAD) to KURLA STATION (W) (UP)","ref":"37 AS","status":"operational","opened_on":null,"expected_completion":null,"agency":"BEST","source":"gtfs_mumbai_best","confidence":0.7,"mode":"bus","tier":"secondary","geometry_source":"stop_sequence"},"geometry":{"type":"LineString","coordinates":[[72.7959,18.9506],[72.8031,18.9636],[72.8034,18.9682],[72.8062,18.9747],[72.8144,18.9821],[72.8137,18.989],[72.8152,18.9946],[72.8211,19.0054],[72.8185,19.0073],[72.8226,19.0125],[72.8366,19.0201],[72.8409,19.0266],[72.8421,19.0337],[72.8412,19.0405],[72.8385,19.0459],[72.8463,19.0564],[72.8466,19.0787],[72.858,19.0819],[72.8621,19.0772],[72.8607,19.075],[72.8613,19.0725],[72.8633,19.0711],[72.8728,19.0753],[72.8788,19.0754],[72.8881,19.0683],[72.8803,19.0735],[72.8792,19.0672]]}},{"type":"Feature","properties":{"id":"transit_route:gtfs_mumbai_best:BEST_1539","field":"public_transport","kind":"transit_route","name":"MAROL DEPOT to VEER HUTATMA BHAI KOTWAL UDYAN (PLAZA) (DOWN)","ref":"39","status":"operational","opened_on":null,"expected_completion":null,"agency":"BEST","source":"gtfs_mumbai_best","confidence":0.7,"mode":"bus","tier":"secondary","geometry_source":"stop_sequence"},"geometry":{"type":"LineString","coordinates":[[72.8645,19.1178],[72.8577,19.1151],[72.8488,19.1199],[72.8483,19.1186],[72.8475,19.1142],[72.8521,19.1093],[72.8521,19.1049],[72.8514,19.1037],[72.8458,19.103],[72.8447,19.1007],[72.8448,19.0987],[72.8511,19.097],[72.8517,19.0936],[72.844,19.0904],[72.8464,19.0833],[72.8467,19.0565],[72.8385,19.0464],[72.8414,19.0403],[72.8423,19.034],[72.8409,19.0258],[72.8423,19.0211]]}},{"type":"Feature","properties":{"id":"transit_route:gtfs_mumbai_best:BEST_1540","field":"public_transport","kind":"transit_route","name":"VEER HUTATMA BHAI KOTWAL UDYAN (PLAZA) to MAROL DEPOT (UP)","ref":"39","status":"operational","opened_on":null,"expected_completion":null,"agency":"BEST","source":"gtfs_mumbai_best","confidence":0.7,"mode":"bus","tier":"secondary","geometry_source":"stop_sequence"},"geometry":{"type":"LineString","coordinates":[[72.8423,19.0217],[72.8409,19.0266],[72.8421,19.0337],[72.841,19.0408],[72.8385,19.0459],[72.8463,19.0564],[72.8464,19.0818],[72.8436,19.09],[72.8459,19.0921],[72.8517,19.0943],[72.8508,19.097],[72.8444,19.0992],[72.8457,19.103],[72.8514,19.1037],[72.8522,19.1051],[72.852,19.1094],[72.8473,19.1145],[72.8479,19.1177],[72.8486,19.1197],[72.8586,19.1151],[72.8651,19.1179]]}},{"type":"Feature","properties":{"id":"transit_route:gtfs_mumbai_best:BEST_4269","field":"public_transport","kind":"transit_route","name":"MAJAS DEPOT to VEER HUTATMA BHAI KOTWAL UDYAN (PLAZA) (DOWN)","ref":"39 AS","status":"operational","opened_on":null,"expected_completion":null,"agency":"BEST","source":"gtfs_mumbai_best","confidence":0.7,"mode":"bus","tier":"secondary","geometry_source":"stop_sequence"},"geometry":{"type":"LineString","coordinates":[[72.8653,19.1392],[72.8692,19.1397],[72.8722,19.1381],[72.8748,19.132],[72.8773,19.1298],[72.8719,19.1236],[72.8701,19.1186],[72.8577,19.1151],[72.8488,19.1199],[72.8483,19.1186],[72.8475,19.1142],[72.8521,19.1093],[72.8521,19.1049],[72.8514,19.1037],[72.8458,19.103],[72.8447,19.1007],[72.8448,19.0987],[72.8511,19.097],[72.8517,19.0936],[72.844,19.0904],[72.8464,19.0833],[72.8467,19.0565],[72.8385,19.0464],[72.8424,19.0367],[72.8409,19.0258],[72.8423,19.0211]]}},{"type":"Feature","properties":{"id":"transit_route:gtfs_mumbai_best:BEST_4270","field":"public_transport","kind":"transit_route","name":"VEER HUTATMA BHAI KOTWAL UDYAN (PLAZA) to MAJAS DEPOT (UP)","ref":"39 AS","status":"operational","opened_on":null,"expected_completion":null,"agency":"BEST","source":"gtfs_mumbai_best","confidence":0.7,"mode":"bus","tier":"secondary","geometry_source":"stop_sequence"},"geometry":{"type":"LineString","coordinates":[[72.8423,19.0217],[72.8409,19.0266],[72.841,19.0408],[72.8385,19.0459],[72.8463,19.0564],[72.8466,19.0787],[72.8436,19.09],[72.8459,19.0921],[72.8517,19.0943],[72.8508,19.097],[72.8444,19.0992],[72.8457,19.103],[72.8514,19.1037],[72.8522,19.1051],[72.852,19.1094],[72.8473,19.1145],[72.8479,19.1177],[72.8486,19.1197],[72.8586,19.1151],[72.8652,19.1179],[72.8698,19.1184],[72.8712,19.1229],[72.8762,19.1297],[72.8721,19.1381],[72.8675,19.1397],[72.861,19.1391]]}},{"type":"Feature","properties":{"id":"transit_route:gtfs_mumbai_best:BEST_2840","field":"public_transport","kind":"transit_route","name":"SANSKRITI APARTMENT to KANDIVALI BUS STATION (E) (DOWN)","ref":"300 AS","status":"operational","opened_on":null,"expected_completion":null,"agency":"BEST","source":"gtfs_mumbai_best","confidence":0.7,"mode":"bus","tier":"secondary","geometry_source":"stop_sequence"},"geometry":{"type":"LineString","coordinates":[[72.8633,19.2129],[72.8668,19.2139],[72.8675,19.2098],[72.8619,19.2004],[72.8564,19.2019],[72.855,19.2002],[72.8537,19.2018]]}},{"type":"Feature","properties":{"id":"transit_route:gtfs_mumbai_best:BEST_2841","field":"public_transport","kind":"transit_route","name":"KANDIVALI BUS STATION (E) to SANSKRITI APARTMENT (UP)","ref":"300 AS","status":"operational","opened_on":null,"expected_completion":null,"agency":"BEST","source":"gtfs_mumbai_best","confidence":0.7,"mode":"bus","tier":"secondary","geometry_source":"stop_sequence"},"geometry":{"type":"LineString","coordinates":[[72.8537,19.2018],[72.8615,19.2019],[72.8648,19.2054],[72.8639,19.2089],[72.8627,19.2092],[72.8633,19.2129]]}},{"type":"Feature","properties":{"id":"transit_route:gtfs_mumbai_best:BEST_4592","field":"public_transport","kind":"transit_route","name":"HANUMAN TEKDI (BORIVALI -E) to BORIVALI (E) STATION (DOWN)","ref":"301 AS","status":"operational","opened_on":null,"expected_completion":null,"agency":"BEST","source":"gtfs_mumbai_best","confidence":0.7,"mode":"bus","tier":"secondary","geometry_source":"stop_sequence"},"geometry":{"type":"LineString","coordinates":[[72.8699,19.2403],[72.8652,19.243],[72.8628,19.2306],[72.859,19.2289]]}},{"type":"Feature","properties":{"id":"transit_route:gtfs_mumbai_best:BEST_4593","field":"public_transport","kind":"transit_route","name":"BORIVALI (E) STATION to HANUMAN TEKDI (BORIVALI -E) (UP)","ref":"301 AS","status":"operational","opened_on":null,"expected_completion":null,"agency":"BEST","source":"gtfs_mumbai_best","confidence":0.7,"mode":"bus","tier":"secondary","geometry_source":"stop_sequence"},"geometry":{"type":"LineString","coordinates":[[72.8578,19.2284],[72.8583,19.2312],[72.8623,19.2314],[72.8639,19.2331],[72.8651,19.2431],[72.8698,19.2404]]}},{"type":"Feature","properties":{"id":"transit_route:gtfs_mumbai_best:BEST_3842","field":"public_transport","kind":"transit_route","name":"MAHARANA PRATAP CHOWK (MULUND CHECK NAKA-W) to DHARAVI DEPOT (DOWN)","ref":"302 C","status":"operational","opened_on":null,"expected_completion":null,"agency":"BEST","source":"gtfs_mumbai_best","confidence":0.7,"mode":"bus","tier":"secondary","geometry_source":"stop_sequence"},"geometry":{"type":"LineString","coordinates":[[72.9536,19.1831],[72.9492,19.1833],[72.9471,19.182],[72.9421,19.1749],[72.9392,19.1681],[72.9377,19.1614],[72.9377,19.1507],[72.9258,19.1292],[72.9262,19.1135],[72.9214,19.1044],[72.9123,19.0929],[72.9067,19.0885],[72.8929,19.0851],[72.8855,19.0847],[72.8821,19.0825],[72.8766,19.0748],[72.8744,19.0645],[72.868,19.0538],[72.8588,19.0515]]}},{"type":"Feature","properties":{"id":"transit_route:gtfs_mumbai_best:BEST_3843","field":"public_transport","kind":"transit_route","name":"DHARAVI DEPOT to MAHARANA PRATAP CHOWK (MULUND CHECK NAKA-W) (UP)","ref":"302 C","status":"operational","opened_on":null,"expected_completion":null,"agency":"BEST","source":"gtfs_mumbai_best","confidence":0.7,"mode":"bus","tier":"secondary","geometry_source":"stop_sequence"},"geometry":{"type":"LineString","coordinates":[[72.858,19.0512],[72.8681,19.0541],[72.8741,19.064],[72.8768,19.0755],[72.8836,19.0841],[72.9071,19.0889],[72.9123,19.0932],[72.9217,19.1049],[72.9258,19.1116],[72.9258,19.1295],[72.9376,19.1508],[72.9381,19.1659],[72.9419,19.1749],[72.947,19.1821],[72.9483,19.1832],[72.9536,19.1831]]}},{"type":"Feature","properties":{"id":"transit_route:gtfs_mumbai_best:BEST_1896","field":"public_transport","kind":"transit_route","name":"MULUND RAILWAY STATION (W) to BANDRA (E) BUS STATION (DOWN)","ref":"303","status":"operational","opened_on":null,"expected_completion":null,"agency":"BEST","source":"gtfs_mumbai_best","confidence":0.7,"mode":"bus","tier":"secondary","geometry_source":"stop_sequence"},"geometry":{"type":"LineString","coordinates":[[72.956,19.1739],[72.9533,19.1763],[72.9493,19.173],[72.9521,19.1686],[72.944,19.1617],[72.9388,19.1636],[72.9375,19.1593],[72.9377,19.1507],[72.9258,19.1292],[72.9253,19.1102],[72.9123,19.0929],[72.9067,19.0885],[72.8929,19.0851],[72.8855,19.0847],[72.8819,19.082],[72.8766,19.0749],[72.8756,19.0715],[72.8712,19.0707],[72.8613,19.0646],[72.8579,19.0603],[72.8548,19.059],[72.8489,19.0536],[72.8468,19.0532],[72.8453,19.0556]]}},{"type":"Feature","properties":{"id":"transit_route:gtfs_mumbai_best:BEST_1897","field":"public_transport","kind":"transit_route","name":"BANDRA (E) BUS STATION to MULUND RAILWAY STATION (W) (UP)","ref":"303","status":"operational","opened_on":null,"expected_completion":null,"agency":"BEST","source":"gtfs_mumbai_best","confidence":0.7,"mode":"bus","tier":"secondary","geometry_source":"stop_sequence"},"geometry":{"type":"LineString","coordinates":[[72.8449,19.056],[72.8472,19.0533],[72.8487,19.0537],[72.8649,19.0671],[72.8715,19.071],[72.8754,19.0712],[72.8768,19.0755],[72.8836,19.0841],[72.9071,19.0889],[72.9123,19.0932],[72.9258,19.1116],[72.9258,19.1295],[72.9376,19.1508],[72.9383,19.1638],[72.9457,19.1619],[72.9523,19.169],[72.9497,19.1735],[72.9528,19.1754],[72.9545,19.174]]}},{"type":"Feature","properties":{"id":"transit_route:gtfs_mumbai_best:BEST_3644","field":"public_transport","kind":"transit_route","name":"DHARAVI DEPOT to BACKBAY DEPOT (DOWN)","ref":"305 C","status":"operational","opened_on":null,"expected_completion":null,"agency":"BEST","source":"gtfs_mumbai_best","confidence":0.7,"mode":"bus","tier":"secondary","geometry_source":"stop_sequence"},"geometry":{"type":"LineString","coordinates":[[72.8588,19.0515],[72.8603,19.0469],[72.8547,19.0395],[72.8549,19.0375],[72.8584,19.0358],[72.8591,19.0329],[72.849,19.0191],[72.8421,19.0211],[72.8353,19.0142],[72.8327,19.0147],[72.8211,19.0113],[72.8161,19.0008],[72.8165,18.9968],[72.814,18.9893],[72.8129,18.98],[72.8093,18.9731],[72.8079,18.9672],[72.8105,18.9584],[72.8163,18.955],[72.8251,18.9443],[72.8283,18.9319],[72.8282,18.9279],[72.8248,18.9178],[72.8226,18.9152],[72.8176,18.9163],[72.8187,18.9149],[72.8174,18.9097]]}},{"type":"Feature","properties":{"id":"transit_route:gtfs_mumbai_best:BEST_3645","field":"public_transport","kind":"transit_route","name":"BACKBAY DEPOT to DHARAVI DEPOT (UP)","ref":"305 C","status":"operational","opened_on":null,"expected_completion":null,"agency":"BEST","source":"gtfs_mumbai_best","confidence":0.7,"mode":"bus","tier":"secondary","geometry_source":"stop_sequence"},"geometry":{"type":"LineString","coordinates":[[72.8173,18.9097],[72.8185,18.9109],[72.8176,18.9163],[72.8219,18.9146],[72.8249,18.9181],[72.8268,18.9244],[72.8297,18.9272],[72.8296,18.9324],[72.8278,18.9338],[72.8263,18.9415],[72.8238,18.9462],[72.8162,18.9551],[72.8104,18.9584],[72.8088,18.961],[72.808,18.9675],[72.8092,18.9735],[72.8144,18.982],[72.8137,18.989],[72.8166,18.9973],[72.8157,19.0027],[72.8223,19.0124],[72.8264,19.0148],[72.8356,19.0144],[72.8419,19.0212],[72.8489,19.0195],[72.8586,19.0323],[72.8574,19.0353],[72.8548,19.0375],[72.8591,19.0481],[72.8584,19.0515]]}},{"type":"Feature","properties":{"id":"transit_route:gtfs_mumbai_best:BEST_4516","field":"public_transport","kind":"transit_route","name":"MAJAS DEPOT to VAISHALI NAGAR (MULUND-W) (DOWN)","ref":"307","status":"operational","opened_on":null,"expected_completion":null,"agency":"BEST","source":"gtfs_mumbai_best","confidence":0.7,"mode":"bus","tier":"secondary","geometry_source":"stop_sequence"},"geometry":{"type":"LineString","coordinates":[[72.8653,19.1392],[72.8692,19.1397],[72.8707,19.1382],[72.8674,19.1271],[72.8644,19.1243],[72.8638,19.1202],[72.8651,19.1179],[72.8698,19.1184],[72.8712,19.1229],[72.8749,19.128],[72.8782,19.13],[72.8875,19.1285],[72.8905,19.1263],[72.8948,19.1256],[72.9006,19.1201],[72.904,19.1194],[72.9067,19.1205],[72.9097,19.124],[72.9171,19.1257],[72.9191,19.1282],[72.9252,19.1264],[72.9308,19.1391],[72.9283,19.1399],[72.9288,19.1461],[72.9338,19.1506],[72.9373,19.151],[72.9383,19.1638],[72.9457,19.1619],[72.9523,19.169],[72.9497,19.1735],[72.9538,19.1782],[72.9539,19.1827],[72.9477,19.1851],[72.9457,19.1874]]}},{"type":"Feature","properties":{"id":"transit_route:gtfs_mumbai_best:BEST_4517","field":"public_transport","kind":"transit_route","name":"VAISHALI NAGAR (MULUND-W) to MAJAS DEPOT (UP)","ref":"307","status":"operational","opened_on":null,"expected_completion":null,"agency":"BEST","source":"gtfs_mumbai_best","confidence":0.7,"mode":"bus","tier":"secondary","geometry_source":"stop_sequence"},"geometry":{"type":"LineString","coordinates":[[72.9457,19.1874],[72.9477,19.1851],[72.9537,19.1831],[72.9538,19.1785],[72.9493,19.173],[72.9521,19.1686],[72.9456,19.1617],[72.9388,19.1636],[72.9375,19.1593],[72.9377,19.1507],[72.9363,19.1472],[72.9296,19.1476],[72.9287,19.146],[72.9284,19.1399],[72.9308,19.1389],[72.9238,19.1253],[72.919,19.1274],[72.9139,19.1241],[72.9097,19.1238],[72.9066,19.1202],[72.9038,19.1192],[72.8997,19.1201],[72.8981,19.1232],[72.8941,19.126],[72.89,19.1264],[72.8839,19.1293],[72.8773,19.1298],[72.8719,19.1236],[72.8701,19.1186],[72.8645,19.1178],[72.8636,19.1196],[72.8653,19.1252],[72.8698,19.1328],[72.8708,19.1386],[72.8675,19.1397],[72.861,19.1391]]}},{"type":"Feature","properties":{"id":"transit_route:gtfs_mumbai_best:BEST_1906","field":"public_transport","kind":"transit_route","name":"MAJAS DEPOT to VIDYA VIHAR BUS STATION (W) (DOWN)","ref":"308","status":"operational","opened_on":null,"expected_completion":null,"agency":"BEST","source":"gtfs_mumbai_best","confidence":0.7,"mode":"bus","tier":"secondary","geometry_source":"stop_sequence"},"geometry":{"type":"LineString","coordinates":[[72.8653,19.1392],[72.8692,19.1397],[72.8707,19.1382],[72.8682,19.1296],[72.8608,19.1311],[72.8592,19.1269],[72.8514,19.1248],[72.8484,19.1192],[72.8475,19.1142],[72.8514,19.1103],[72.8597,19.1067],[72.862,19.1037],[72.8669,19.103],[72.8711,19.1032],[72.8752,19.1032],[72.8763,19.1021],[72.8747,19.1012],[72.8744,19.1041],[72.875,19.1068],[72.8802,19.108],[72.8837,19.1074],[72.8854,19.106],[72.881,19.0861],[72.8903,19.0842],[72.8904,19.0809],[72.8958,19.0826],[72.8965,19.0804]]}},{"type":"Feature","properties":{"id":"transit_route:gtfs_mumbai_best:BEST_1907","field":"public_transport","kind":"transit_route","name":"VIDYA VIHAR BUS STATION (W) to MAJAS DEPOT (UP)","ref":"308","status":"operational","opened_on":null,"expected_completion":null,"agency":"BEST","source":"gtfs_mumbai_best","confidence":0.7,"mode":"bus","tier":"secondary","geometry_source":"stop_sequence"},"geometry":{"type":"LineString","coordinates":[[72.8965,19.0804],[72.8955,19.0825],[72.8908,19.0809],[72.8889,19.0847],[72.8852,19.0846],[72.8821,19.0825],[72.881,19.0864],[72.8852,19.1057],[72.8775,19.1087],[72.8751,19.1066],[72.8763,19.1021],[72.8744,19.1007],[72.8714,19.103],[72.862,19.1036],[72.8595,19.1067],[72.8519,19.11],[72.8473,19.1145],[72.8478,19.122],[72.8515,19.1248],[72.8592,19.1271],[72.8607,19.1312],[72.8623,19.1313],[72.8631,19.1299],[72.8684,19.1299],[72.8708,19.1386],[72.8659,19.1393]]}},{"type":"Feature","properties":{"id":"transit_route:gtfs_mumbai_best:BEST_1912","field":"public_transport","kind":"transit_route","name":"BANDRA RAILWAY TERMINUS to KURLA STATION (W) (DOWN)","ref":"310","status":"operational","opened_on":null,"expected_completion":null,"agency":"BEST","source":"gtfs_mumbai_best","confidence":0.7,"mode":"bus","tier":"secondary","geometry_source":"stop_sequence"},"geometry":{"type":"LineString","coordinates":[[72.8415,19.0626],[72.8417,19.0625],[72.8622,19.0615],[72.8414,19.0562],[72.842,19.055],[72.8449,19.056],[72.8472,19.0533],[72.8545,19.0592],[72.8579,19.0607],[72.8591,19.0617],[72.8615,19.0649],[72.8649,19.0671],[72.8715,19.071],[72.8754,19.0712],[72.8766,19.0754],[72.8788,19.0754],[72.8881,19.0683],[72.8803,19.0735],[72.8791,19.0674]]}},{"type":"Feature","properties":{"id":"transit_route:gtfs_mumbai_best:BEST_1913","field":"public_transport","kind":"transit_route","name":"KURLA STATION (W) to BANDRA RAILWAY TERMINUS (UP)","ref":"310","status":"operational","opened_on":null,"expected_completion":null,"agency":"BEST","source":"gtfs_mumbai_best","confidence":0.7,"mode":"bus","tier":"secondary","geometry_source":"stop_sequence"},"geometry":{"type":"LineString","coordinates":[[72.8791,19.0674],[72.8803,19.0736],[72.8787,19.075],[72.8613,19.0646],[72.8579,19.0603],[72.8468,19.0532],[72.8453,19.0556],[72.8419,19.0548],[72.8415,19.0626]]}},{"type":"Feature","properties":{"id":"transit_route:gtfs_mumbai_best:BEST_3828","field":"public_transport","kind":"transit_route","name":"BANDRA RAILWAY TERMINUS to KURLA STATION (W) (DOWN)","ref":"310 AS","status":"operational","opened_on":null,"expected_completion":null,"agency":"BEST","source":"gtfs_mumbai_best","confidence":0.7,"mode":"bus","tier":"secondary","geometry_source":"stop_sequence"},"geometry":{"type":"LineString","coordinates":[[72.8415,19.0626],[72.8417,19.0625],[72.8622,19.0615],[72.8414,19.0562],[72.842,19.055],[72.8449,19.056],[72.8472,19.0533],[72.8545,19.0592],[72.8579,19.0607],[72.8591,19.0617],[72.8615,19.0649],[72.8649,19.0671],[72.8715,19.071],[72.8754,19.0712],[72.8766,19.0754],[72.8788,19.0754],[72.8881,19.0683],[72.8803,19.0735],[72.8791,19.0674]]}},{"type":"Feature","properties":{"id":"transit_route:gtfs_mumbai_best:BEST_3829","field":"public_transport","kind":"transit_route","name":"KURLA STATION (W) to BANDRA RAILWAY TERMINUS (UP)","ref":"310 AS","status":"operational","opened_on":null,"expected_completion":null,"agency":"BEST","source":"gtfs_mumbai_best","confidence":0.7,"mode":"bus","tier":"secondary","geometry_source":"stop_sequence"},"geometry":{"type":"LineString","coordinates":[[72.8791,19.0674],[72.8803,19.0736],[72.8766,19.0748],[72.8613,19.0646],[72.8579,19.0603],[72.8548,19.059],[72.8489,19.0536],[72.8468,19.0532],[72.8453,19.0556],[72.8419,19.0548],[72.8415,19.0626]]}},{"type":"Feature","properties":{"id":"transit_route:gtfs_mumbai_best:BEST_3872","field":"public_transport","kind":"transit_route","name":"SANTACRUZ STATION (E) to KURLA STATION (W) (DOWN)","ref":"311 AS","status":"operational","opened_on":null,"expected_completion":null,"agency":"BEST","source":"gtfs_mumbai_best","confidence":0.7,"mode":"bus","tier":"secondary","geometry_source":"stop_sequence"},"geometry":{"type":"LineString","coordinates":[[72.8424,19.0814],[72.8495,19.0803],[72.858,19.0819],[72.8629,19.0778],[72.8648,19.0777],[72.87,19.0814],[72.8724,19.0808],[72.8785,19.0773],[72.8788,19.0754],[72.8881,19.0683],[72.8803,19.0735],[72.8792,19.0672]]}},{"type":"Feature","properties":{"id":"transit_route:gtfs_mumbai_best:BEST_3873","field":"public_transport","kind":"transit_route","name":"KURLA STATION (W) to SANTACRUZ STATION (E) (UP)","ref":"311 AS","status":"operational","opened_on":null,"expected_completion":null,"agency":"BEST","source":"gtfs_mumbai_best","confidence":0.7,"mode":"bus","tier":"secondary","geometry_source":"stop_sequence"},"geometry":{"type":"LineString","coordinates":[[72.8789,19.0674],[72.8803,19.0736],[72.8757,19.0792],[72.8723,19.0807],[72.8701,19.0814],[72.8658,19.0778],[72.862,19.0779],[72.8582,19.0819],[72.8495,19.0801],[72.8424,19.0814]]}},{"type":"Feature","properties":{"id":"transit_route:gtfs_mumbai_best:BEST_4355","field":"public_transport","kind":"transit_route","name":"SEEPZ BUS STATION to PRATIKSHA NAGAR DEPOT (DOWN)","ref":"312","status":"operational","opened_on":null,"expected_completion":null,"agency":"BEST","source":"gtfs_mumbai_best","confidence":0.7,"mode":"bus","tier":"secondary","geometry_source":"stop_sequence"},"geometry":{"type":"LineString","coordinates":[[72.8726,19.1246],[72.8701,19.1186],[72.8577,19.1151],[72.8522,19.1181],[72.8483,19.1186],[72.8475,19.1142],[72.8493,19.112],[72.8448,19.0987],[72.8511,19.097],[72.8559,19.0935],[72.8517,19.0936],[72.844,19.0904],[72.8464,19.0833],[72.8495,19.0803],[72.858,19.0819],[72.8621,19.0772],[72.8607,19.075],[72.8633,19.0711],[72.869,19.0738],[72.8712,19.0736],[72.8726,19.0713],[72.8754,19.07],[72.8744,19.0645],[72.868,19.0538],[72.8588,19.0515],[72.8603,19.0469],[72.8547,19.0395],[72.8549,19.0375],[72.8575,19.0355],[72.8644,19.0435],[72.8652,19.0413],[72.8635,19.0375],[72.8659,19.0383],[72.8747,19.0448]]}},{"type":"Feature","properties":{"id":"transit_route:gtfs_mumbai_best:BEST_4356","field":"public_transport","kind":"transit_route","name":"PRATIKSHA NAGAR DEPOT to SEEPZ BUS STATION (UP)","ref":"312","status":"operational","opened_on":null,"expected_completion":null,"agency":"BEST","source":"gtfs_mumbai_best","confidence":0.7,"mode":"bus","tier":"secondary","geometry_source":"stop_sequence"},"geometry":{"type":"LineString","coordinates":[[72.8747,19.0447],[72.8688,19.0406],[72.868,19.0392],[72.869,19.0367],[72.8635,19.0375],[72.8647,19.0399],[72.8643,19.0432],[72.8611,19.0375],[72.8574,19.0353],[72.8548,19.0375],[72.8591,19.0481],[72.8584,19.0515],[72.8681,19.0541],[72.8744,19.0647],[72.8752,19.0703],[72.8719,19.0715],[72.8709,19.074],[72.863,19.071],[72.8606,19.075],[72.862,19.0779],[72.8584,19.0818],[72.8495,19.0801],[72.8464,19.0818],[72.8436,19.09],[72.8459,19.0921],[72.8517,19.0943],[72.8559,19.0935],[72.8543,19.0962],[72.8444,19.0992],[72.8493,19.1101],[72.8495,19.1117],[72.8473,19.1145],[72.8479,19.1177],[72.8516,19.1187],[72.8586,19.1151],[72.8652,19.1179],[72.8698,19.1184],[72.8723,19.1244]]}},{"type":"Feature","properties":{"id":"transit_route:gtfs_mumbai_best:BEST_4513","field":"public_transport","kind":"transit_route","name":"RANI LAXMIBAI CHOWK (SION) to PRATIKSHA NAGAR DEPOT (DOWN)","ref":"312","status":"operational","opened_on":null,"expected_completion":null,"agency":"BEST","source":"gtfs_mumbai_best","confidence":0.7,"mode":"bus","tier":"secondary","geometry_source":"stop_sequence"},"geometry":{"type":"LineString","coordinates":[[72.8635,19.0435],[72.8627,19.0444],[72.8652,19.0413],[72.8635,19.0375],[72.8735,19.0368],[72.8747,19.0448]]}},{"type":"Feature","properties":{"id":"transit_route:gtfs_mumbai_best:BEST_4514","field":"public_transport","kind":"transit_route","name":"PRATIKSHA NAGAR DEPOT to RANI LAXMIBAI CHOWK (SION) (UP)","ref":"312","status":"operational","opened_on":null,"expected_completion":null,"agency":"BEST","source":"gtfs_mumbai_best","confidence":0.7,"mode":"bus","tier":"secondary","geometry_source":"stop_sequence"},"geometry":{"type":"LineString","coordinates":[[72.8747,19.0447],[72.8735,19.0366],[72.8635,19.0375],[72.8648,19.0415],[72.8643,19.0432],[72.8631,19.0416],[72.8641,19.0439]]}},{"type":"Feature","properties":{"id":"transit_route:gtfs_mumbai_best:BEST_4388","field":"public_transport","kind":"transit_route","name":"SANTACRUZ STATION (E) to KURLA STATION (W) (DOWN)","ref":"313 AS","status":"operational","opened_on":null,"expected_completion":null,"agency":"BEST","source":"gtfs_mumbai_best","confidence":0.7,"mode":"bus","tier":"secondary","geometry_source":"stop_sequence"},"geometry":{"type":"LineString","coordinates":[[72.8425,19.0813],[72.8495,19.0803],[72.858,19.0819],[72.8621,19.0772],[72.8607,19.075],[72.8613,19.0725],[72.8633,19.0711],[72.8728,19.0753],[72.8788,19.0754],[72.8881,19.0683],[72.8803,19.0735],[72.8792,19.0672]]}},{"type":"Feature","properties":{"id":"transit_route:gtfs_mumbai_best:BEST_4389","field":"public_transport","kind":"transit_route","name":"KURLA STATION (W) to SANTACRUZ STATION (E) (UP)","ref":"313 AS","status":"operational","opened_on":null,"expected_completion":null,"agency":"BEST","source":"gtfs_mumbai_best","confidence":0.7,"mode":"bus","tier":"secondary","geometry_source":"stop_sequence"},"geometry":{"type":"LineString","coordinates":[[72.8792,19.0671],[72.8803,19.0736],[72.8767,19.0761],[72.863,19.071],[72.861,19.0726],[72.8606,19.075],[72.862,19.0779],[72.8582,19.0819],[72.8495,19.0801],[72.8425,19.0813]]}},{"type":"Feature","properties":{"id":"transit_route:gtfs_mumbai_best:BEST_1922","field":"public_transport","kind":"transit_route","name":"BANDRA COLONY BUS STATION to BANDRA RAILWAY TERMINUS (DOWN)","ref":"316","status":"operational","opened_on":null,"expected_completion":null,"agency":"BEST","source":"gtfs_mumbai_best","confidence":0.7,"mode":"bus","tier":"secondary","geometry_source":"stop_sequence"},"geometry":{"type":"LineString","coordinates":[[72.8505,19.0617],[72.8477,19.0599],[72.8479,19.0553],[72.8419,19.0548],[72.8415,19.0626]]}},{"type":"Feature","properties":{"id":"transit_route:gtfs_mumbai_best:BEST_1923","field":"public_transport","kind":"transit_route","name":"BANDRA RAILWAY TERMINUS to BANDRA COLONY BUS STATION (UP)","ref":"316","status":"operational","opened_on":null,"expected_completion":null,"agency":"BEST","source":"gtfs_mumbai_best","confidence":0.7,"mode":"bus","tier":"secondary","geometry_source":"stop_sequence"},"geometry":{"type":"LineString","coordinates":[[72.8417,19.0625],[72.8422,19.0547],[72.8449,19.0558],[72.8478,19.0546],[72.8486,19.0607],[72.8511,19.0606],[72.851,19.0616]]}},{"type":"Feature","properties":{"id":"transit_route:gtfs_mumbai_best:BEST_1924","field":"public_transport","kind":"transit_route","name":"TATA COLONY (BANDRA-E) to BANDRA RAILWAY TERMINUS (DOWN)","ref":"317","status":"operational","opened_on":null,"expected_completion":null,"agency":"BEST","source":"gtfs_mumbai_best","confidence":0.7,"mode":"bus","tier":"secondary","geometry_source":"stop_sequence"},"geometry":{"type":"LineString","coordinates":[[72.8567,19.0619],[72.8546,19.0652],[72.8491,19.0644],[72.8478,19.0637],[72.8479,19.0553],[72.8419,19.0548],[72.8415,19.0626]]}},{"type":"Feature","properties":{"id":"transit_route:gtfs_mumbai_best:BEST_1925","field":"public_transport","kind":"transit_route","name":"BANDRA RAILWAY TERMINUS to TATA COLONY (BANDRA-E) (UP)","ref":"317","status":"operational","opened_on":null,"expected_completion":null,"agency":"BEST","source":"gtfs_mumbai_best","confidence":0.7,"mode":"bus","tier":"secondary","geometry_source":"stop_sequence"},"geometry":{"type":"LineString","coordinates":[[72.8417,19.0625],[72.8622,19.0615],[72.8414,19.0562],[72.8422,19.0547],[72.8449,19.0558],[72.8478,19.0546],[72.8476,19.0566],[72.8477,19.0586],[72.8476,19.0617],[72.8477,19.0616],[72.8477,19.0639],[72.8479,19.0661],[72.8547,19.0653],[72.8566,19.062]]}},{"type":"Feature","properties":{"id":"transit_route:gtfs_mumbai_best:BEST_4265","field":"public_transport","kind":"transit_route","name":"SANTACRUZ STATION (E) to KURLA STATION (W) (DOWN)","ref":"318 AS","status":"operational","opened_on":null,"expected_completion":null,"agency":"BEST","source":"gtfs_mumbai_best","confidence":0.7,"mode":"bus","tier":"secondary","geometry_source":"stop_sequence"},"geometry":{"type":"LineString","coordinates":[[72.8425,19.0812],[72.846,19.0806],[72.8471,19.0752],[72.8521,19.074],[72.857,19.0692],[72.8602,19.0729],[72.8633,19.0711],[72.8728,19.0753],[72.8815,19.0737],[72.8881,19.0683],[72.8803,19.0735],[72.8792,19.0672]]}},{"type":"Feature","properties":{"id":"transit_route:gtfs_mumbai_best:BEST_4266","field":"public_transport","kind":"transit_route","name":"KURLA STATION (W) to SANTACRUZ STATION (E) (UP)","ref":"318 AS","status":"operational","opened_on":null,"expected_completion":null,"agency":"BEST","source":"gtfs_mumbai_best","confidence":0.7,"mode":"bus","tier":"secondary","geometry_source":"stop_sequence"},"geometry":{"type":"LineString","coordinates":[[72.8791,19.0672],[72.8803,19.0736],[72.8767,19.0761],[72.863,19.071],[72.8601,19.0725],[72.8593,19.0694],[72.8568,19.0692],[72.8549,19.0719],[72.8466,19.0751],[72.8466,19.0787],[72.8453,19.0805],[72.8425,19.0812]]}},{"type":"Feature","properties":{"id":"transit_route:gtfs_mumbai_best:BEST_1930","field":"public_transport","kind":"transit_route","name":"FILTER PADA to KURLA STATION (W) (DOWN)","ref":"320","status":"operational","opened_on":null,"expected_completion":null,"agency":"BEST","source":"gtfs_mumbai_best","confidence":0.7,"mode":"bus","tier":"secondary","geometry_source":"stop_sequence"},"geometry":{"type":"LineString","coordinates":[[72.8945,19.1388],[72.8962,19.1385],[72.8972,19.1309],[72.8934,19.1256],[72.8892,19.1162],[72.8881,19.107],[72.8847,19.1017],[72.881,19.0861],[72.8852,19.0846],[72.8785,19.0773],[72.8788,19.0754],[72.8881,19.0683],[72.8803,19.0735],[72.8792,19.0672]]}},{"type":"Feature","properties":{"id":"transit_route:gtfs_mumbai_best:BEST_1931","field":"public_transport","kind":"transit_route","name":"KURLA STATION (W) to FILTER PADA (UP)","ref":"320","status":"operational","opened_on":null,"expected_completion":null,"agency":"BEST","source":"gtfs_mumbai_best","confidence":0.7,"mode":"bus","tier":"secondary","geometry_source":"stop_sequence"},"geometry":{"type":"LineString","coordinates":[[72.8787,19.0677],[72.8803,19.0736],[72.8781,19.077],[72.88,19.0794],[72.8846,19.1016],[72.8879,19.1064],[72.8911,19.1213],[72.8966,19.13],[72.8969,19.1361],[72.8962,19.1386],[72.8945,19.1388]]}},{"type":"Feature","properties":{"id":"transit_route:gtfs_mumbai_best:BEST_1932","field":"public_transport","kind":"transit_route","name":"BARVE NAGAR to MAHIM BUS STATION (DOWN)","ref":"321 LTD","status":"operational","opened_on":null,"expected_completion":null,"agency":"BEST","source":"gtfs_mumbai_best","confidence":0.7,"mode":"bus","tier":"secondary","geometry_source":"stop_sequence"},"geometry":{"type":"LineString","coordinates":[[72.9021,19.098],[72.9045,19.0974],[72.9041,19.0957],[72.9006,19.0955],[72.8989,19.0937],[72.8852,19.1057],[72.8775,19.1087],[72.8751,19.1066],[72.8746,19.1042],[72.8763,19.1021],[72.8744,19.1007],[72.8714,19.103],[72.8669,19.1028],[72.8654,19.0974],[72.8595,19.1067],[72.8497,19.1105],[72.8468,19.1058],[72.8448,19.0987],[72.8511,19.097],[72.8559,19.0935],[72.8517,19.0936],[72.844,19.0904],[72.8464,19.0833],[72.8467,19.0565],[72.8385,19.0464],[72.8404,19.0438]]}},{"type":"Feature","properties":{"id":"transit_route:gtfs_mumbai_best:BEST_1933","field":"public_transport","kind":"transit_route","name":"MAHIM BUS STATION to BARVE NAGAR (UP)","ref":"321 LTD","status":"operational","opened_on":null,"expected_completion":null,"agency":"BEST","source":"gtfs_mumbai_best","confidence":0.7,"mode":"bus","tier":"secondary","geometry_source":"stop_sequence"},"geometry":{"type":"LineString","coordinates":[[72.8404,19.0435],[72.8385,19.0459],[72.8463,19.0564],[72.8464,19.0818],[72.8436,19.09],[72.8459,19.0921],[72.8559,19.0935],[72.8527,19.0934],[72.8543,19.0962],[72.8446,19.0986],[72.8446,19.1009],[72.8493,19.1101],[72.8514,19.1103],[72.8597,19.1067],[72.862,19.1037],[72.865,19.0987],[72.8654,19.0974],[72.8669,19.103],[72.8711,19.1032],[72.8752,19.1032],[72.8763,19.1021],[72.8747,19.1012],[72.8744,19.1041],[72.875,19.1068],[72.8804,19.108],[72.8834,19.1075],[72.8989,19.0941],[72.9015,19.0978]]}},{"type":"Feature","properties":{"id":"transit_route:gtfs_mumbai_best:BEST_4351","field":"public_transport","kind":"transit_route","name":"MAHANT ROAD; VILE PARLE (E) to VIDYA VIHAR BUS STATION (W) (DOWN)","ref":"322 AS","status":"operational","opened_on":null,"expected_completion":null,"agency":"BEST","source":"gtfs_mumbai_best","confidence":0.7,"mode":"bus","tier":"secondary","geometry_source":"stop_sequence"},"geometry":{"type":"LineString","coordinates":[[72.8521,19.1003],[72.8514,19.1037],[72.8458,19.103],[72.8447,19.1007],[72.8448,19.0987],[72.8511,19.097],[72.8517,19.0936],[72.844,19.0904],[72.8495,19.0803],[72.8581,19.082],[72.8629,19.0778],[72.8648,19.0777],[72.87,19.0814],[72.88,19.0794],[72.8836,19.0841],[72.8887,19.0809],[72.8958,19.0826],[72.8961,19.0801]]}},{"type":"Feature","properties":{"id":"transit_route:gtfs_mumbai_best:BEST_4352","field":"public_transport","kind":"transit_route","name":"VIDYA VIHAR BUS STATION (W) to MAHANT ROAD; VILE PARLE (E) (UP)","ref":"322 AS","status":"operational","opened_on":null,"expected_completion":null,"agency":"BEST","source":"gtfs_mumbai_best","confidence":0.7,"mode":"bus","tier":"secondary","geometry_source":"stop_sequence"},"geometry":{"type":"LineString","coordinates":[[72.8961,19.0801],[72.8955,19.0825],[72.8885,19.0809],[72.8841,19.0841],[72.8804,19.0798],[72.8757,19.0792],[72.8701,19.0814],[72.8658,19.0778],[72.862,19.0779],[72.8584,19.0818],[72.851,19.0802],[72.844,19.0872],[72.8436,19.09],[72.8459,19.0921],[72.8517,19.0943],[72.8508,19.097],[72.8446,19.0986],[72.8457,19.103],[72.8514,19.1037],[72.852,19.1007]]}},{"type":"Feature","properties":{"id":"transit_route:gtfs_mumbai_best:BEST_4353","field":"public_transport","kind":"transit_route","name":"SANGHARSH NAGAR (CHANDIVALI) to VIDYA VIHAR BUS STATION (W) (DOWN)","ref":"323 AS","status":"operational","opened_on":null,"expected_completion":null,"agency":"BEST","source":"gtfs_mumbai_best","confidence":0.7,"mode":"bus","tier":"secondary","geometry_source":"stop_sequence"},"geometry":{"type":"LineString","coordinates":[[72.9012,19.1083],[72.901,19.1118],[72.8988,19.1141],[72.8936,19.1148],[72.8883,19.1117],[72.8881,19.107],[72.8847,19.1017],[72.881,19.0861],[72.8903,19.0842],[72.8904,19.0809],[72.8958,19.0826],[72.8965,19.0804]]}},{"type":"Feature","properties":{"id":"transit_route:gtfs_mumbai_best:BEST_4354","field":"public_transport","kind":"transit_route","name":"VIDYA VIHAR BUS STATION (W) to SANGHARSH NAGAR (CHANDIVALI) (UP)","ref":"323 AS","status":"operational","opened_on":null,"expected_completion":null,"agency":"BEST","source":"gtfs_mumbai_best","confidence":0.7,"mode":"bus","tier":"secondary","geometry_source":"stop_sequence"},"geometry":{"type":"LineString","coordinates":[[72.8965,19.0804],[72.8955,19.0825],[72.8908,19.0809],[72.8889,19.0847],[72.8852,19.0846],[72.8821,19.0825],[72.881,19.0864],[72.8848,19.1019],[72.8905,19.1133],[72.8927,19.1146],[72.8992,19.1141],[72.9013,19.1086]]}},{"type":"Feature","properties":{"id":"transit_route:gtfs_mumbai_best:BEST_4661","field":"public_transport","kind":"transit_route","name":"SEEPZ BUS STATION to SADBHAKTI MANDIR (DOWN)","ref":"324","status":"operational","opened_on":null,"expected_completion":null,"agency":"BEST","source":"gtfs_mumbai_best","confidence":0.7,"mode":"bus","tier":"secondary","geometry_source":"stop_sequence"},"geometry":{"type":"LineString","coordinates":[[72.8726,19.1246],[72.8701,19.1186],[72.8645,19.1178],[72.8637,19.1265],[72.8655,19.1297],[72.8633,19.1299],[72.8629,19.1338],[72.8693,19.1341],[72.8708,19.1386],[72.8693,19.1395],[72.8675,19.1397],[72.861,19.1391],[72.8636,19.1389],[72.8616,19.1392],[72.8568,19.1409],[72.8552,19.1377],[72.8501,19.1353],[72.85,19.1295]]}},{"type":"Feature","properties":{"id":"transit_route:gtfs_mumbai_best:BEST_4662","field":"public_transport","kind":"transit_route","name":"SADBHAKTI MANDIR to SEEPZ BUS STATION (UP)","ref":"324","status":"operational","opened_on":null,"expected_completion":null,"agency":"BEST","source":"gtfs_mumbai_best","confidence":0.7,"mode":"bus","tier":"secondary","geometry_source":"stop_sequence"},"geometry":{"type":"LineString","coordinates":[[72.85,19.1295],[72.85,19.1352],[72.8548,19.1379],[72.8563,19.1409],[72.8637,19.139],[72.8692,19.1397],[72.8707,19.1382],[72.8695,19.1341],[72.8634,19.1345],[72.8629,19.1336],[72.8631,19.1299],[72.8655,19.1295],[72.8637,19.1264],[72.8638,19.1202],[72.8651,19.1179],[72.8698,19.1184],[72.8723,19.1244]]}},{"type":"Feature","properties":{"id":"transit_route:gtfs_mumbai_best:BEST_2894","field":"public_transport","kind":"transit_route","name":"GHATKOPAR STATION (W) to KURLA STATION (W) (DOWN)","ref":"325 AS","status":"operational","opened_on":null,"expected_completion":null,"agency":"BEST","source":"gtfs_mumbai_best","confidence":0.7,"mode":"bus","tier":"secondary","geometry_source":"stop_sequence"},"geometry":{"type":"LineString","coordinates":[[72.9087,19.0864],[72.9041,19.089],[72.9042,19.0904],[72.8241,19.2105],[72.9042,19.0961],[72.9036,19.0977],[72.9021,19.098],[72.9009,19.0959],[72.9003,19.0945],[72.8989,19.0937],[72.8883,19.1025],[72.8864,19.0936],[72.8828,19.093],[72.881,19.0861],[72.8852,19.0846],[72.8821,19.0822],[72.8788,19.0754],[72.8881,19.0683],[72.8803,19.0735],[72.8792,19.0672]]}},{"type":"Feature","properties":{"id":"transit_route:gtfs_mumbai_best:BEST_2895","field":"public_transport","kind":"transit_route","name":"KURLA STATION (W) to GHATKOPAR STATION (W) (UP)","ref":"325 AS","status":"operational","opened_on":null,"expected_completion":null,"agency":"BEST","source":"gtfs_mumbai_best","confidence":0.7,"mode":"bus","tier":"secondary","geometry_source":"stop_sequence"},"geometry":{"type":"LineString","coordinates":[[72.8792,19.0673],[72.8803,19.0736],[72.8781,19.077],[72.88,19.0794],[72.8831,19.0936],[72.8864,19.0936],[72.8889,19.103],[72.8989,19.0941],[72.902,19.098],[72.9045,19.0974],[72.9036,19.0916],[72.908,19.0875]]}},{"type":"Feature","properties":{"id":"transit_route:gtfs_mumbai_best:BEST_4347","field":"public_transport","kind":"transit_route","name":"SHIVSHAHI PRAKALP; MANTRI PARK to KURLA STATION (W) (DOWN)","ref":"326 AS","status":"operational","opened_on":null,"expected_completion":null,"agency":"BEST","source":"gtfs_mumbai_best","confidence":0.7,"mode":"bus","tier":"secondary","geometry_source":"stop_sequence"},"geometry":{"type":"LineString","coordinates":[[72.8815,19.1677],[72.8813,19.1723],[72.8776,19.1735],[72.8742,19.173],[72.8732,19.1757],[72.8612,19.1746],[72.8592,19.1706],[72.8604,19.1661],[72.87,19.1644],[72.8713,19.1627],[72.8745,19.1578],[72.8778,19.1446],[72.8819,19.1364],[72.8797,19.126],[72.8798,19.115],[72.8801,19.1135],[72.8827,19.1124],[72.8809,19.1085],[72.8854,19.106],[72.881,19.0861],[72.8852,19.0846],[72.8785,19.0773],[72.8788,19.0754],[72.8881,19.0683],[72.8803,19.0735],[72.8792,19.0672]]}},{"type":"Feature","properties":{"id":"transit_route:gtfs_mumbai_best:BEST_4348","field":"public_transport","kind":"transit_route","name":"KURLA STATION (W) to SHIVSHAHI PRAKALP; MANTRI PARK (UP)","ref":"326 AS","status":"operational","opened_on":null,"expected_completion":null,"agency":"BEST","source":"gtfs_mumbai_best","confidence":0.7,"mode":"bus","tier":"secondary","geometry_source":"stop_sequence"},"geometry":{"type":"LineString","coordinates":[[72.879,19.0677],[72.8803,19.0736],[72.8781,19.077],[72.8799,19.0793],[72.8856,19.1053],[72.8807,19.1075],[72.8785,19.1101],[72.8802,19.1177],[72.8795,19.1263],[72.8817,19.1366],[72.8776,19.1451],[72.8745,19.1581],[72.8703,19.164],[72.8584,19.1668],[72.8607,19.1746],[72.8671,19.1757],[72.873,19.1758],[72.8745,19.1725],[72.8795,19.1732],[72.8808,19.1724],[72.8815,19.1678]]}},{"type":"Feature","properties":{"id":"transit_route:gtfs_mumbai_best:BEST_1942","field":"public_transport","kind":"transit_route","name":"SHIVSHAHI PRAKALP; MANTRI PARK to GOREGAON STATION (E) (DOWN)","ref":"327","status":"operational","opened_on":null,"expected_completion":null,"agency":"BEST","source":"gtfs_mumbai_best","confidence":0.7,"mode":"bus","tier":"secondary","geometry_source":"stop_sequence"},"geometry":{"type":"LineString","coordinates":[[72.8815,19.1677],[72.8813,19.1723],[72.8797,19.1732],[72.8742,19.173],[72.8732,19.1757],[72.8671,19.1756],[72.861,19.1745],[72.8563,19.1664],[72.8528,19.1663],[72.851,19.1643]]}},{"type":"Feature","properties":{"id":"transit_route:gtfs_mumbai_best:BEST_1943","field":"public_transport","kind":"transit_route","name":"GOREGAON STATION (E) BUS STATION to SHIVSHAHI PRAKALP; MANTRI PARK (UP)","ref":"327","status":"operational","opened_on":null,"expected_completion":null,"agency":"BEST","source":"gtfs_mumbai_best","confidence":0.7,"mode":"bus","tier":"secondary","geometry_source":"stop_sequence"},"geometry":{"type":"LineString","coordinates":[[72.8509,19.1643],[72.8504,19.1653],[72.856,19.1664],[72.8586,19.1693],[72.8607,19.1746],[72.8671,19.1757],[72.873,19.1758],[72.8745,19.1725],[72.8795,19.1732],[72.8808,19.1724],[72.8815,19.1678]]}},{"type":"Feature","properties":{"id":"transit_route:gtfs_mumbai_best:BEST_4293","field":"public_transport","kind":"transit_route","name":"AGARKAR CHOWK (ANDHERI-E) to SHIVAJI NAGAR DEPOT (DOWN)","ref":"329 AS","status":"operational","opened_on":null,"expected_completion":null,"agency":"BEST","source":"gtfs_mumbai_best","confidence":0.7,"mode":"bus","tier":"secondary","geometry_source":"stop_sequence"},"geometry":{"type":"LineString","coordinates":[[72.8479,19.1193],[72.8854,19.106],[72.881,19.0861],[72.8929,19.0851],[72.9029,19.0875],[72.9127,19.0918],[72.9163,19.0897],[72.917,19.0881],[72.9107,19.0794],[72.9137,19.0773],[72.9156,19.0777],[72.9085,19.0702],[72.9131,19.0637],[72.9173,19.0624],[72.9209,19.0675],[72.9234,19.0682],[72.928,19.0663]]}},{"type":"Feature","properties":{"id":"transit_route:gtfs_mumbai_best:BEST_4294","field":"public_transport","kind":"transit_route","name":"SHIVAJI NAGAR DEPOT to AGARKAR CHOWK (ANDHERI-E) (UP)","ref":"329 AS","status":"operational","opened_on":null,"expected_completion":null,"agency":"BEST","source":"gtfs_mumbai_best","confidence":0.7,"mode":"bus","tier":"secondary","geometry_source":"stop_sequence"},"geometry":{"type":"LineString","coordinates":[[72.9285,19.0663],[72.9234,19.0682],[72.921,19.0677],[72.9185,19.0628],[72.9166,19.0623],[72.9124,19.0636],[72.9097,19.0676],[72.9081,19.0723],[72.9137,19.0773],[72.9108,19.0784],[72.9107,19.0796],[72.9169,19.0885],[72.9157,19.0898],[72.9126,19.0917],[72.9067,19.0885],[72.8855,19.0847],[72.8821,19.0825],[72.881,19.0864],[72.8856,19.1053],[72.8584,19.1149],[72.8488,19.1199],[72.8479,19.1177]]}},{"type":"Feature","properties":{"id":"transit_route:gtfs_mumbai_best:BEST_4263","field":"public_transport","kind":"transit_route","name":"AGARKAR CHOWK (ANDHERI-E) to KURLA STATION (W) (DOWN)","ref":"330 AS","status":"operational","opened_on":null,"expected_completion":null,"agency":"BEST","source":"gtfs_mumbai_best","confidence":0.7,"mode":"bus","tier":"secondary","geometry_source":"stop_sequence"},"geometry":{"type":"LineString","coordinates":[[72.8483,19.1186],[72.8475,19.1142],[72.8497,19.1105],[72.8468,19.1058],[72.849,19.0976],[72.8559,19.0935],[72.8517,19.0936],[72.844,19.0904],[72.846,19.0854],[72.8495,19.0803],[72.858,19.0819],[72.8629,19.0778],[72.8648,19.0777],[72.87,19.0814],[72.8724,19.0808],[72.8881,19.0683],[72.8803,19.0735],[72.8792,19.0672]]}},{"type":"Feature","properties":{"id":"transit_route:gtfs_mumbai_best:BEST_4264","field":"public_transport","kind":"transit_route","name":"KURLA STATION (W) to AGARKAR CHOWK (ANDHERI-E) (UP)","ref":"330 AS","status":"operational","opened_on":null,"expected_completion":null,"agency":"BEST","source":"gtfs_mumbai_best","confidence":0.7,"mode":"bus","tier":"secondary","geometry_source":"stop_sequence"},"geometry":{"type":"LineString","coordinates":[[72.8789,19.0674],[72.8803,19.0736],[72.8757,19.0792],[72.8723,19.0807],[72.8701,19.0814],[72.8658,19.0778],[72.862,19.0779],[72.8584,19.0818],[72.8495,19.0801],[72.8464,19.0818],[72.8436,19.09],[72.8459,19.0921],[72.8517,19.0943],[72.8559,19.0935],[72.8527,19.0934],[72.8543,19.0962],[72.8444,19.0992],[72.8493,19.1101],[72.8495,19.1117],[72.8473,19.1145],[72.8479,19.1177]]}},{"type":"Feature","properties":{"id":"transit_route:gtfs_mumbai_best:BEST_4163","field":"public_transport","kind":"transit_route","name":"SAHAR CARGO COMPLEX to GHATKOPAR STATION (W) (DOWN)","ref":"331 AS","status":"operational","opened_on":null,"expected_completion":null,"agency":"BEST","source":"gtfs_mumbai_best","confidence":0.7,"mode":"bus","tier":"secondary","geometry_source":"stop_sequence"},"geometry":{"type":"LineString","coordinates":[[72.8653,19.0975],[72.8632,19.1015],[72.8669,19.103],[72.8711,19.1032],[72.8752,19.1032],[72.8763,19.1021],[72.8744,19.1007],[72.8744,19.1041],[72.875,19.1068],[72.8834,19.1075],[72.8955,19.0961],[72.9086,19.0878]]}},{"type":"Feature","properties":{"id":"transit_route:gtfs_mumbai_best:BEST_4164","field":"public_transport","kind":"transit_route","name":"GHATKOPAR STATION (W) to SAHAR CARGO COMPLEX (UP)","ref":"331 AS","status":"operational","opened_on":null,"expected_completion":null,"agency":"BEST","source":"gtfs_mumbai_best","confidence":0.7,"mode":"bus","tier":"secondary","geometry_source":"stop_sequence"},"geometry":{"type":"LineString","coordinates":[[72.9087,19.0864],[72.9025,19.0882],[72.9017,19.092],[72.8956,19.0958],[72.8904,19.1016],[72.8852,19.1057],[72.8775,19.1087],[72.8751,19.1066],[72.8746,19.1042],[72.8763,19.1021],[72.8747,19.1012],[72.8669,19.1028],[72.8634,19.1015],[72.8654,19.0974]]}},{"type":"Feature","properties":{"id":"transit_route:gtfs_mumbai_best:BEST_3782","field":"public_transport","kind":"transit_route","name":"AGARKAR CHOWK (ANDHERI-E) to KURLA STATION (W) (DOWN)","ref":"332 AS","status":"operational","opened_on":null,"expected_completion":null,"agency":"BEST","source":"gtfs_mumbai_best","confidence":0.7,"mode":"bus","tier":"secondary","geometry_source":"stop_sequence"},"geometry":{"type":"LineString","coordinates":[[72.8479,19.1193],[72.8854,19.106],[72.881,19.0861],[72.8852,19.0846],[72.8785,19.0773],[72.8788,19.0754],[72.8881,19.0683],[72.8803,19.0735],[72.8792,19.0672]]}},{"type":"Feature","properties":{"id":"transit_route:gtfs_mumbai_best:BEST_3783","field":"public_transport","kind":"transit_route","name":"KURLA STATION (W) to AGARKAR CHOWK (ANDHERI-E) (UP)","ref":"332 AS","status":"operational","opened_on":null,"expected_completion":null,"agency":"BEST","source":"gtfs_mumbai_best","confidence":0.7,"mode":"bus","tier":"secondary","geometry_source":"stop_sequence"},"geometry":{"type":"LineString","coordinates":[[72.879,19.0672],[72.8803,19.0736],[72.8781,19.077],[72.88,19.0794],[72.8853,19.1056],[72.8584,19.1149],[72.8488,19.1199]]}},{"type":"Feature","properties":{"id":"transit_route:gtfs_mumbai_best:BEST_1954","field":"public_transport","kind":"transit_route","name":"KONDIVITA CAVES; MAHAKALI CAVES to NEW QUARTERS; MAHARSHI VALMIKI CHOWK (DOWN)","ref":"333","status":"operational","opened_on":null,"expected_completion":null,"agency":"BEST","source":"gtfs_mumbai_best","confidence":0.7,"mode":"bus","tier":"secondary","geometry_source":"stop_sequence"},"geometry":{"type":"LineString","coordinates":[[72.8727,19.1304],[72.87,19.1297],[72.8651,19.1251],[72.8628,19.1172],[72.8577,19.1151],[72.8522,19.1181],[72.848,19.1172],[72.8475,19.1142],[72.8493,19.112],[72.8591,19.1067],[72.8575,19.1032]]}},{"type":"Feature","properties":{"id":"transit_route:gtfs_mumbai_best:BEST_1955","field":"public_transport","kind":"transit_route","name":"NEW QUARTERS; MAHARSHI VALMIKI CHOWK to KONDIVITA CAVES; MAHAKALI CAVES (UP)","ref":"333","status":"operational","opened_on":null,"expected_completion":null,"agency":"BEST","source":"gtfs_mumbai_best","confidence":0.7,"mode":"bus","tier":"secondary","geometry_source":"stop_sequence"},"geometry":{"type":"LineString","coordinates":[[72.8575,19.1032],[72.8588,19.1047],[72.8589,19.1075],[72.8495,19.1117],[72.8473,19.1145],[72.848,19.1188],[72.8479,19.1177],[72.8516,19.1187],[72.8586,19.1151],[72.8628,19.1171],[72.8645,19.1245],[72.8697,19.1294],[72.8728,19.1304]]}},{"type":"Feature","properties":{"id":"transit_route:gtfs_mumbai_best:BEST_3932","field":"public_transport","kind":"transit_route","name":"MAROL DEPOT to GHATKOPAR STATION (W) (DOWN)","ref":"334 AS","status":"operational","opened_on":null,"expected_completion":null,"agency":"BEST","source":"gtfs_mumbai_best","confidence":0.7,"mode":"bus","tier":"secondary","geometry_source":"stop_sequence"},"geometry":{"type":"LineString","coordinates":[[72.8651,19.1179],[72.8698,19.1184],[72.8721,19.1228],[72.8795,19.1202],[72.8801,19.1135],[72.8827,19.1124],[72.8809,19.1085],[72.8904,19.1019],[72.8955,19.0961],[72.9089,19.0869]]}},{"type":"Feature","properties":{"id":"transit_route:gtfs_mumbai_best:BEST_3933","field":"public_transport","kind":"transit_route","name":"GHATKOPAR STATION (W) to MAROL DEPOT (UP)","ref":"334 AS","status":"operational","opened_on":null,"expected_completion":null,"agency":"BEST","source":"gtfs_mumbai_best","confidence":0.7,"mode":"bus","tier":"secondary","geometry_source":"stop_sequence"},"geometry":{"type":"LineString","coordinates":[[72.9087,19.0864],[72.8785,19.1101],[72.8797,19.1202],[72.8721,19.1229],[72.8701,19.1186],[72.865,19.1182]]}},{"type":"Feature","properties":{"id":"transit_route:gtfs_mumbai_best:BEST_1958","field":"public_transport","kind":"transit_route","name":"SANGHARSH NAGAR (CHANDIVALI) to AGARKAR CHOWK (ANDHERI-E) (DOWN)","ref":"335","status":"operational","opened_on":null,"expected_completion":null,"agency":"BEST","source":"gtfs_mumbai_best","confidence":0.7,"mode":"bus","tier":"secondary","geometry_source":"stop_sequence"},"geometry":{"type":"LineString","coordinates":[[72.9011,19.1079],[72.8991,19.1064],[72.8971,19.1079],[72.8966,19.1135],[72.8936,19.1148],[72.8882,19.1111],[72.8881,19.107],[72.8853,19.1056],[72.8577,19.1151],[72.8488,19.1199]]}},{"type":"Feature","properties":{"id":"transit_route:gtfs_mumbai_best:BEST_1959","field":"public_transport","kind":"transit_route","name":"AGARKAR CHOWK (ANDHERI E) to SANGHARSH NAGAR (CHANDIVALI) (UP)","ref":"335","status":"operational","opened_on":null,"expected_completion":null,"agency":"BEST","source":"gtfs_mumbai_best","confidence":0.7,"mode":"bus","tier":"secondary","geometry_source":"stop_sequence"},"geometry":{"type":"LineString","coordinates":[[72.8483,19.1188],[72.8521,19.1185],[72.8574,19.1154],[72.8834,19.1075],[72.8859,19.1052],[72.8879,19.1064],[72.8883,19.1117],[72.8927,19.1146],[72.8957,19.1146],[72.8967,19.1135],[72.8972,19.1077],[72.8992,19.1065],[72.9011,19.1081]]}},{"type":"Feature","properties":{"id":"transit_route:gtfs_mumbai_best:BEST_4394","field":"public_transport","kind":"transit_route","name":"RANI LAXMIBAI CHOWK (SION) to ANTOP HILL EXTENSION (DOWN)","ref":"336 AS","status":"operational","opened_on":null,"expected_completion":null,"agency":"BEST","source":"gtfs_mumbai_best","confidence":0.7,"mode":"bus","tier":"secondary","geometry_source":"stop_sequence"},"geometry":{"type":"LineString","coordinates":[[72.8629,19.0446],[72.8648,19.0415],[72.8635,19.0375],[72.8666,19.0374],[72.8674,19.0353],[72.8668,19.0327],[72.8633,19.0311],[72.8637,19.0295],[72.8663,19.0297],[72.8664,19.0266],[72.8696,19.025]]}},{"type":"Feature","properties":{"id":"transit_route:gtfs_mumbai_best:BEST_4395","field":"public_transport","kind":"transit_route","name":"ANTOP HILL EXTENSION to RANI LAXMIBAI CHOWK (SION) (UP)","ref":"336 AS","status":"operational","opened_on":null,"expected_completion":null,"agency":"BEST","source":"gtfs_mumbai_best","confidence":0.7,"mode":"bus","tier":"secondary","geometry_source":"stop_sequence"},"geometry":{"type":"LineString","coordinates":[[72.8696,19.0248],[72.8666,19.0263],[72.8658,19.0295],[72.863,19.0298],[72.8638,19.0318],[72.8667,19.0327],[72.8676,19.0357],[72.866,19.0374],[72.8635,19.0375],[72.8652,19.0413],[72.8631,19.0411],[72.8629,19.0446]]}},{"type":"Feature","properties":{"id":"transit_route:gtfs_mumbai_best:BEST_4540","field":"public_transport","kind":"transit_route","name":"CHHATRAPATI SHIVAJI INTERNATIONAL AIRPORT (SAHAR) to AGARKAR CHOWK (ANDHERI-E) (DOWN)","ref":"337","status":"operational","opened_on":null,"expected_completion":null,"agency":"BEST","source":"gtfs_mumbai_best","confidence":0.7,"mode":"bus","tier":"secondary","geometry_source":"stop_sequence"},"geometry":{"type":"LineString","coordinates":[[72.8744,19.1007],[72.8714,19.103],[72.862,19.1036],[72.8589,19.1075],[72.8519,19.11],[72.8473,19.1145],[72.8479,19.1177]]}},{"type":"Feature","properties":{"id":"transit_route:gtfs_mumbai_best:BEST_4541","field":"public_transport","kind":"transit_route","name":"AGARKAR CHOWK (ANDHERI E) to CHHATRAPATI SHIVAJI INTERNATIONAL AIRPORT (SAHAR) (UP)","ref":"337","status":"operational","opened_on":null,"expected_completion":null,"agency":"BEST","source":"gtfs_mumbai_best","confidence":0.7,"mode":"bus","tier":"secondary","geometry_source":"stop_sequence"},"geometry":{"type":"LineString","coordinates":[[72.8484,19.1192],[72.8475,19.1142],[72.8514,19.1103],[72.8597,19.1067],[72.862,19.1037],[72.8752,19.1032],[72.8763,19.1021],[72.8744,19.1007]]}},{"type":"Feature","properties":{"id":"transit_route:gtfs_mumbai_best:BEST_4542","field":"public_transport","kind":"transit_route","name":"SAHAR CARGO COMPLEX to AGARKAR CHOWK (ANDHERI-E) (DOWN)","ref":"338","status":"operational","opened_on":null,"expected_completion":null,"agency":"BEST","source":"gtfs_mumbai_best","confidence":0.7,"mode":"bus","tier":"secondary","geometry_source":"stop_sequence"},"geometry":{"type":"LineString","coordinates":[[72.8653,19.0976],[72.8589,19.1075],[72.8495,19.1117],[72.8473,19.1145],[72.8479,19.1177]]}},{"type":"Feature","properties":{"id":"transit_route:gtfs_mumbai_best:BEST_4543","field":"public_transport","kind":"transit_route","name":"AGARKAR CHOWK (ANDHERI E) to SAHAR CARGO COMPLEX (UP)","ref":"338","status":"operational","opened_on":null,"expected_completion":null,"agency":"BEST","source":"gtfs_mumbai_best","confidence":0.7,"mode":"bus","tier":"secondary","geometry_source":"stop_sequence"},"geometry":{"type":"LineString","coordinates":[[72.8484,19.1192],[72.8475,19.1142],[72.8514,19.1103],[72.8597,19.1067],[72.8654,19.0974]]}},{"type":"Feature","properties":{"id":"transit_route:gtfs_mumbai_best:BEST_4594","field":"public_transport","kind":"transit_route","name":"MAJAS DEPOT to JUHU BUS STATION (DOWN)","ref":"339","status":"operational","opened_on":null,"expected_completion":null,"agency":"BEST","source":"gtfs_mumbai_best","confidence":0.7,"mode":"bus","tier":"secondary","geometry_source":"stop_sequence"},"geometry":{"type":"LineString","coordinates":[[72.8653,19.1392],[72.8692,19.1397],[72.8707,19.1382],[72.8695,19.1341],[72.8634,19.1345],[72.8631,19.1299],[72.8655,19.1295],[72.8627,19.1256],[72.8592,19.1265],[72.8514,19.1248],[72.8483,19.1186],[72.8475,19.1142],[72.8521,19.1093],[72.8521,19.1049],[72.8486,19.1033],[72.8388,19.0921],[72.8395,19.0963],[72.8365,19.1071],[72.8268,19.108]]}},{"type":"Feature","properties":{"id":"transit_route:gtfs_mumbai_best:BEST_4595","field":"public_transport","kind":"transit_route","name":"JUHU BUS STATION to MAJAS DEPOT (UP)","ref":"339","status":"operational","opened_on":null,"expected_completion":null,"agency":"BEST","source":"gtfs_mumbai_best","confidence":0.7,"mode":"bus","tier":"secondary","geometry_source":"stop_sequence"},"geometry":{"type":"LineString","coordinates":[[72.8268,19.108],[72.835,19.1072],[72.8388,19.1017],[72.8397,19.095],[72.8384,19.0906],[72.8457,19.103],[72.8514,19.1037],[72.8522,19.1051],[72.8519,19.11],[72.8473,19.1145],[72.848,19.1183],[72.8515,19.1248],[72.8554,19.1261],[72.8627,19.1257],[72.8655,19.1297],[72.8633,19.1299],[72.8629,19.1338],[72.8693,19.1341],[72.8708,19.1386],[72.8659,19.1393]]}},{"type":"Feature","properties":{"id":"transit_route:gtfs_mumbai_best:BEST_4408","field":"public_transport","kind":"transit_route","name":"AGARKAR CHOWK (ANDHERI-E) to GHATKOPAR STATION (W) (DOWN)","ref":"340 AS","status":"operational","opened_on":null,"expected_completion":null,"agency":"BEST","source":"gtfs_mumbai_best","confidence":0.7,"mode":"bus","tier":"secondary","geometry_source":"stop_sequence"},"geometry":{"type":"LineString","coordinates":[[72.848,19.1197],[72.8574,19.1154],[72.8834,19.1075],[72.8955,19.0961],[72.9089,19.0869]]}},{"type":"Feature","properties":{"id":"transit_route:gtfs_mumbai_best:BEST_4409","field":"public_transport","kind":"transit_route","name":"GHATKOPAR STATION (W) to AGARKAR CHOWK (ANDHERI-E) (UP)","ref":"340 AS","status":"operational","opened_on":null,"expected_completion":null,"agency":"BEST","source":"gtfs_mumbai_best","confidence":0.7,"mode":"bus","tier":"secondary","geometry_source":"stop_sequence"},"geometry":{"type":"LineString","coordinates":[[72.9087,19.0864],[72.9025,19.0882],[72.9017,19.092],[72.8956,19.0958],[72.8856,19.1053],[72.8753,19.1099],[72.8577,19.1151],[72.8522,19.1181],[72.8483,19.1186]]}},{"type":"Feature","properties":{"id":"transit_route:gtfs_mumbai_best:BEST_2664","field":"public_transport","kind":"transit_route","name":"GOREGAON STATION (E) to ANTOP HILL (DOWN)","ref":"341 AS","status":"operational","opened_on":null,"expected_completion":null,"agency":"BEST","source":"gtfs_mumbai_best","confidence":0.7,"mode":"bus","tier":"secondary","geometry_source":"stop_sequence"},"geometry":{"type":"LineString","coordinates":[[72.8504,19.1653],[72.8562,19.1664],[72.87,19.1644],[72.8745,19.1578],[72.8778,19.1446],[72.8819,19.1364],[72.8797,19.126],[72.8801,19.1135],[72.8827,19.1124],[72.8809,19.1085],[72.8854,19.106],[72.881,19.0861],[72.8855,19.0847],[72.8821,19.0825],[72.8766,19.0748],[72.8744,19.0645],[72.868,19.0538],[72.8588,19.0515],[72.8603,19.0469],[72.8547,19.0395],[72.8549,19.0375],[72.8575,19.0355],[72.8644,19.0435],[72.8647,19.0398],[72.8635,19.0375],[72.8666,19.0374],[72.8674,19.0353],[72.8668,19.0327],[72.8633,19.0311],[72.8637,19.0295],[72.8663,19.0297],[72.8664,19.0266]]}},{"type":"Feature","properties":{"id":"transit_route:gtfs_mumbai_best:BEST_2665","field":"public_transport","kind":"transit_route","name":"ANTOP HILL to GOREGAON STATION (E) (UP)","ref":"341 AS","status":"operational","opened_on":null,"expected_completion":null,"agency":"BEST","source":"gtfs_mumbai_best","confidence":0.7,"mode":"bus","tier":"secondary","geometry_source":"stop_sequence"},"geometry":{"type":"LineString","coordinates":[[72.8663,19.0268],[72.8658,19.0295],[72.863,19.0298],[72.8638,19.0318],[72.8667,19.0327],[72.8676,19.0357],[72.866,19.0374],[72.8635,19.0375],[72.8652,19.0413],[72.8631,19.0411],[72.8574,19.0353],[72.8548,19.0375],[72.8584,19.0515],[72.8681,19.0541],[72.8744,19.0647],[72.8766,19.0754],[72.88,19.0794],[72.8856,19.1053],[72.8807,19.1075],[72.8785,19.1101],[72.8802,19.1177],[72.8795,19.1263],[72.8817,19.1366],[72.8776,19.1451],[72.8745,19.1581],[72.8703,19.164],[72.8563,19.1664],[72.8506,19.1654]]}},{"type":"Feature","properties":{"id":"transit_route:gtfs_mumbai_best:BEST_1974","field":"public_transport","kind":"transit_route","name":"KOKAN VIKAS (AAREY COLONY) to GOREGAON STATION (E) (DOWN)","ref":"342","status":"operational","opened_on":null,"expected_completion":null,"agency":"BEST","source":"gtfs_mumbai_best","confidence":0.7,"mode":"bus","tier":"secondary","geometry_source":"stop_sequence"},"geometry":{"type":"LineString","coordinates":[[72.8708,19.1434],[72.8719,19.1519],[72.8673,19.1522],[72.8657,19.1561],[72.8689,19.1579],[72.8745,19.1581],[72.8703,19.164],[72.8584,19.1668],[72.8506,19.1654]]}},{"type":"Feature","properties":{"id":"transit_route:gtfs_mumbai_best:BEST_1975","field":"public_transport","kind":"transit_route","name":"GOREGAON STATION (E) to KOKAN VIKAS (AAREY COLONY) (UP)","ref":"342","status":"operational","opened_on":null,"expected_completion":null,"agency":"BEST","source":"gtfs_mumbai_best","confidence":0.7,"mode":"bus","tier":"secondary","geometry_source":"stop_sequence"},"geometry":{"type":"LineString","coordinates":[[72.8505,19.1654],[72.8562,19.1664],[72.87,19.1644],[72.8741,19.1577],[72.8689,19.1578],[72.8657,19.1561],[72.8673,19.1521],[72.8719,19.1519],[72.8748,19.1465],[72.8708,19.1434]]}},{"type":"Feature","properties":{"id":"transit_route:gtfs_mumbai_best:BEST_4562","field":"public_transport","kind":"transit_route","name":"DADASAHEB PHALKE CHITRANAGRI to GOREGAON STATION (E) (DOWN)","ref":"343 AS","status":"operational","opened_on":null,"expected_completion":null,"agency":"BEST","source":"gtfs_mumbai_best","confidence":0.7,"mode":"bus","tier":"secondary","geometry_source":"stop_sequence"},"geometry":{"type":"LineString","coordinates":[[72.8876,19.1633],[72.8782,19.1656],[72.8748,19.1703],[72.8732,19.1757],[72.861,19.1745],[72.8563,19.1664],[72.8506,19.1654]]}},{"type":"Feature","properties":{"id":"transit_route:gtfs_mumbai_best:BEST_4563","field":"public_transport","kind":"transit_route","name":"GOREGAON STATION (E) to DADASAHEB PHALKE CHITRANAGRI (UP)","ref":"343 AS","status":"operational","opened_on":null,"expected_completion":null,"agency":"BEST","source":"gtfs_mumbai_best","confidence":0.7,"mode":"bus","tier":"secondary","geometry_source":"stop_sequence"},"geometry":{"type":"LineString","coordinates":[[72.8505,19.1656],[72.856,19.1664],[72.8586,19.1693],[72.8607,19.1746],[72.873,19.1758],[72.8748,19.1703],[72.8782,19.1656],[72.8876,19.1633]]}},{"type":"Feature","properties":{"id":"transit_route:gtfs_mumbai_best:BEST_4548","field":"public_transport","kind":"transit_route","name":"SANKALP SOCIETY to GOREGAON STATION (E) (DOWN)","ref":"344 RING","status":"operational","opened_on":null,"expected_completion":null,"agency":"BEST","source":"gtfs_mumbai_best","confidence":0.7,"mode":"bus","tier":"secondary","geometry_source":"stop_sequence"},"geometry":{"type":"LineString","coordinates":[[72.879,19.1764],[72.8799,19.1752],[72.8764,19.1761],[72.861,19.1745],[72.8563,19.1664],[72.8506,19.1654]]}},{"type":"Feature","properties":{"id":"transit_route:gtfs_mumbai_best:BEST_4549","field":"public_transport","kind":"transit_route","name":"GOREGAON STATION (E) BUS STATION to SANKALP SOCIETY (UP)","ref":"344 RING","status":"operational","opened_on":null,"expected_completion":null,"agency":"BEST","source":"gtfs_mumbai_best","confidence":0.7,"mode":"bus","tier":"secondary","geometry_source":"stop_sequence"},"geometry":{"type":"LineString","coordinates":[[72.8503,19.1652],[72.856,19.1664],[72.8586,19.1693],[72.8607,19.1746],[72.879,19.1764]]}},{"type":"Feature","properties":{"id":"transit_route:gtfs_mumbai_best:BEST_3134","field":"public_transport","kind":"transit_route","name":"GORAI DEPOT to SANTOSH NAGAR (EXTENSION) (DOWN)","ref":"345 AS","status":"operational","opened_on":null,"expected_completion":null,"agency":"BEST","source":"gtfs_mumbai_best","confidence":0.7,"mode":"bus","tier":"secondary","geometry_source":"stop_sequence"},"geometry":{"type":"LineString","coordinates":[[72.8304,19.2321],[72.8287,19.2299],[72.8281,19.226],[72.8294,19.208],[72.8277,19.1969],[72.8383,19.1955],[72.8406,19.1932],[72.8485,19.1898],[72.85,19.1884],[72.8511,19.1786],[72.853,19.1807],[72.8543,19.1805],[72.8559,19.1779],[72.8587,19.1794],[72.8607,19.1746],[72.873,19.1758],[72.8767,19.1675]]}},{"type":"Feature","properties":{"id":"transit_route:gtfs_mumbai_best:BEST_3135","field":"public_transport","kind":"transit_route","name":"SANTOSH NAGAR (EXTENSION) to GORAI DEPOT (UP)","ref":"345 AS","status":"operational","opened_on":null,"expected_completion":null,"agency":"BEST","source":"gtfs_mumbai_best","confidence":0.7,"mode":"bus","tier":"secondary","geometry_source":"stop_sequence"},"geometry":{"type":"LineString","coordinates":[[72.8768,19.1673],[72.8732,19.1757],[72.8612,19.1745],[72.8531,19.1809],[72.8515,19.1786],[72.8501,19.1802],[72.8502,19.1874],[72.8472,19.1887],[72.8426,19.1876],[72.8419,19.1926],[72.837,19.1953],[72.8275,19.1967],[72.8294,19.2081],[72.828,19.2261],[72.8303,19.2322]]}},{"type":"Feature","properties":{"id":"transit_route:gtfs_mumbai_best:BEST_1982","field":"public_transport","kind":"transit_route","name":"SHIVSHAHI PRAKALP; MANTRI PARK to GOREGAON STATION (E) (DOWN)","ref":"346","status":"operational","opened_on":null,"expected_completion":null,"agency":"BEST","source":"gtfs_mumbai_best","confidence":0.7,"mode":"bus","tier":"secondary","geometry_source":"stop_sequence"},"geometry":{"type":"LineString","coordinates":[[72.8815,19.1677],[72.8813,19.1723],[72.8776,19.1735],[72.8776,19.176],[72.8671,19.1756],[72.861,19.1745],[72.8563,19.1664],[72.8528,19.1663],[72.851,19.1643]]}},{"type":"Feature","properties":{"id":"transit_route:gtfs_mumbai_best:BEST_1983","field":"public_transport","kind":"transit_route","name":"GOREGAON STATION (E) BUS STATION to SHIVSHAHI PRAKALP; MANTRI PARK (UP)","ref":"346","status":"operational","opened_on":null,"expected_completion":null,"agency":"BEST","source":"gtfs_mumbai_best","confidence":0.7,"mode":"bus","tier":"secondary","geometry_source":"stop_sequence"},"geometry":{"type":"LineString","coordinates":[[72.8509,19.1643],[72.8504,19.1653],[72.856,19.1664],[72.8586,19.1693],[72.8607,19.1746],[72.8671,19.1757],[72.8776,19.176],[72.8773,19.1738],[72.8808,19.1724],[72.8815,19.1678]]}},{"type":"Feature","properties":{"id":"transit_route:gtfs_mumbai_best:BEST_4225","field":"public_transport","kind":"transit_route","name":"GOKULDHAM to GOREGAON STATION (E) (DOWN)","ref":"347 AS","status":"operational","opened_on":null,"expected_completion":null,"agency":"BEST","source":"gtfs_mumbai_best","confidence":0.7,"mode":"bus","tier":"secondary","geometry_source":"stop_sequence"},"geometry":{"type":"LineString","coordinates":[[72.8676,19.1744],[72.8712,19.1721],[72.8712,19.1692],[72.8693,19.1683],[72.8597,19.1698],[72.8563,19.1664],[72.8506,19.1654]]}},{"type":"Feature","properties":{"id":"transit_route:gtfs_mumbai_best:BEST_4226","field":"public_transport","kind":"transit_route","name":"GOREGAON STATION (E) to GOKULDHAM (UP)","ref":"347 AS","status":"operational","opened_on":null,"expected_completion":null,"agency":"BEST","source":"gtfs_mumbai_best","confidence":0.7,"mode":"bus","tier":"secondary","geometry_source":"stop_sequence"},"geometry":{"type":"LineString","coordinates":[[72.8505,19.1654],[72.856,19.1664],[72.8593,19.1682],[72.8598,19.1698],[72.8711,19.169],[72.8712,19.172],[72.8676,19.1744]]}},{"type":"Feature","properties":{"id":"transit_route:gtfs_mumbai_best:BEST_4416","field":"public_transport","kind":"transit_route","name":"DINDOSHI DEPOT to PRATIKSHA NAGAR DEPOT (DOWN)","ref":"348 LTD","status":"operational","opened_on":null,"expected_completion":null,"agency":"BEST","source":"gtfs_mumbai_best","confidence":0.7,"mode":"bus","tier":"secondary","geometry_source":"stop_sequence"},"geometry":{"type":"LineString","coordinates":[[72.8655,19.1758],[72.8612,19.1746],[72.8592,19.1706],[72.8551,19.1394],[72.8561,19.1213],[72.8538,19.1082],[72.8547,19.1019],[72.8536,19.0977],[72.8463,19.0919],[72.8467,19.0565],[72.8502,19.0463],[72.8488,19.0432],[72.8575,19.0355],[72.8652,19.0413],[72.8635,19.0375],[72.8659,19.0383],[72.8747,19.0448]]}},{"type":"Feature","properties":{"id":"transit_route:gtfs_mumbai_best:BEST_4417","field":"public_transport","kind":"transit_route","name":"PRATIKSHA NAGAR DEPOT to DINDOSHI DEPOT (UP)","ref":"348 LTD","status":"operational","opened_on":null,"expected_completion":null,"agency":"BEST","source":"gtfs_mumbai_best","confidence":0.7,"mode":"bus","tier":"secondary","geometry_source":"stop_sequence"},"geometry":{"type":"LineString","coordinates":[[72.8747,19.0447],[72.8688,19.0406],[72.868,19.0392],[72.869,19.0367],[72.8635,19.0375],[72.8647,19.0399],[72.8574,19.0353],[72.8512,19.0401],[72.8511,19.0465],[72.8499,19.0463],[72.8463,19.0564],[72.8464,19.0822],[72.844,19.0872],[72.8459,19.0921],[72.8517,19.0943],[72.8539,19.0999],[72.8539,19.1109],[72.8558,19.1209],[72.8547,19.1418],[72.859,19.1711],[72.8604,19.1746],[72.8649,19.1755]]}},{"type":"Feature","properties":{"id":"transit_route:gtfs_mumbai_best:BEST_1990","field":"public_transport","kind":"transit_route","name":"SANTOSH NAGAR (EXTENSION) to MAROL DEPOT (DOWN)","ref":"349","status":"operational","opened_on":null,"expected_completion":null,"agency":"BEST","source":"gtfs_mumbai_best","confidence":0.7,"mode":"bus","tier":"secondary","geometry_source":"stop_sequence"},"geometry":{"type":"LineString","coordinates":[[72.8768,19.1673],[72.8732,19.1757],[72.8671,19.1756],[72.861,19.1745],[72.8563,19.1664],[72.8506,19.1654],[72.8512,19.1626],[72.857,19.1607],[72.8554,19.1426],[72.8563,19.1409],[72.8637,19.139],[72.8692,19.1397],[72.8722,19.1381],[72.8748,19.132],[72.8773,19.1298],[72.8719,19.1236],[72.8701,19.1186],[72.8645,19.1178]]}},{"type":"Feature","properties":{"id":"transit_route:gtfs_mumbai_best:BEST_1991","field":"public_transport","kind":"transit_route","name":"MAROL DEPOT to SANTOSH NAGAR (EXTENSION) (UP)","ref":"349","status":"operational","opened_on":null,"expected_completion":null,"agency":"BEST","source":"gtfs_mumbai_best","confidence":0.7,"mode":"bus","tier":"secondary","geometry_source":"stop_sequence"},"geometry":{"type":"LineString","coordinates":[[72.8651,19.1179],[72.8698,19.1184],[72.8712,19.1229],[72.8762,19.1297],[72.8721,19.1381],[72.8675,19.1397],[72.861,19.1391],[72.8636,19.1389],[72.8616,19.1392],[72.8547,19.1418],[72.857,19.161],[72.8535,19.1612],[72.8505,19.1656],[72.856,19.1664],[72.8586,19.1693],[72.8607,19.1746],[72.8671,19.1757],[72.873,19.1758],[72.8767,19.1675]]}},{"type":"Feature","properties":{"id":"transit_route:gtfs_mumbai_best:BEST_2821","field":"public_transport","kind":"transit_route","name":"SHIVAJI NAGAR BUS STATION to KURLA BUS STATION (E) (DOWN)","ref":"350 AS","status":"operational","opened_on":null,"expected_completion":null,"agency":"BEST","source":"gtfs_mumbai_best","confidence":0.7,"mode":"bus","tier":"secondary","geometry_source":"stop_sequence"},"geometry":{"type":"LineString","coordinates":[[72.9292,19.0659],[72.9234,19.0682],[72.921,19.0677],[72.9184,19.0625],[72.9166,19.0623],[72.9124,19.0636],[72.9086,19.0697],[72.9047,19.0689],[72.8883,19.0572],[72.8867,19.0577],[72.8805,19.0648]]}},{"type":"Feature","properties":{"id":"transit_route:gtfs_mumbai_best:BEST_2822","field":"public_transport","kind":"transit_route","name":"KURLA BUS STATION (E) to SHIVAJI NAGAR BUS STATION (UP)","ref":"350 AS","status":"operational","opened_on":null,"expected_completion":null,"agency":"BEST","source":"gtfs_mumbai_best","confidence":0.7,"mode":"bus","tier":"secondary","geometry_source":"stop_sequence"},"geometry":{"type":"LineString","coordinates":[[72.8803,19.0646],[72.888,19.0575],[72.9049,19.0694],[72.9085,19.0702],[72.9131,19.0637],[72.9173,19.0624],[72.9209,19.0675],[72.9234,19.0682],[72.929,19.0661]]}},{"type":"Feature","properties":{"id":"transit_route:gtfs_mumbai_best:BEST_3819","field":"public_transport","kind":"transit_route","name":"TATA POWER CENTRE (MAHUL) to MUMBAI CENTRAL DEPOT (DOWN)","ref":"351 AS","status":"operational","opened_on":null,"expected_completion":null,"agency":"BEST","source":"gtfs_mumbai_best","confidence":0.7,"mode":"bus","tier":"secondary","geometry_source":"stop_sequence"},"geometry":{"type":"LineString","coordinates":[[72.9051,19.0042],[72.9042,19.0072],[72.8984,19.01],[72.897,19.0292],[72.8937,19.0414],[72.8934,19.0499],[72.8875,19.0538],[72.8752,19.0508],[72.8643,19.0432],[72.8559,19.027],[72.849,19.0191],[72.8423,19.021],[72.834,19.0186],[72.8321,19.0179],[72.8292,19.0133],[72.8246,19.0128],[72.8202,19.01],[72.8161,19.0008],[72.8179,18.9997],[72.8245,18.9834],[72.8203,18.9797],[72.8118,18.9771],[72.8144,18.9733],[72.815,18.9699],[72.8234,18.9684]]}},{"type":"Feature","properties":{"id":"transit_route:gtfs_mumbai_best:BEST_3820","field":"public_transport","kind":"transit_route","name":"MUMBAI CENTRAL DEPOT to TATA POWER CENTRE (MAHUL) (UP)","ref":"351 AS","status":"operational","opened_on":null,"expected_completion":null,"agency":"BEST","source":"gtfs_mumbai_best","confidence":0.7,"mode":"bus","tier":"secondary","geometry_source":"stop_sequence"},"geometry":{"type":"LineString","coordinates":[[72.8236,18.9683],[72.815,18.9704],[72.8122,18.976],[72.812,18.9781],[72.8208,18.9799],[72.8242,18.9833],[72.824,18.9859],[72.8159,19.0032],[72.8196,19.0094],[72.8223,19.0124],[72.8337,19.0186],[72.84,19.0197],[72.8419,19.0212],[72.8492,19.0198],[72.8563,19.028],[72.8657,19.0465],[72.8747,19.0508],[72.8794,19.0525],[72.8911,19.0524],[72.8937,19.0502],[72.8934,19.0445],[72.8973,19.029],[72.8984,19.0109],[72.9048,19.007],[72.9051,19.0043]]}},{"type":"Feature","properties":{"id":"transit_route:gtfs_mumbai_best:BEST_3945","field":"public_transport","kind":"transit_route","name":"RANI LAXMIBAI CHOWK (SION) to TROMBAY (DOWN)","ref":"352","status":"operational","opened_on":null,"expected_completion":null,"agency":"BEST","source":"gtfs_mumbai_best","confidence":0.7,"mode":"bus","tier":"secondary","geometry_source":"stop_sequence"},"geometry":{"type":"LineString","coordinates":[[72.8635,19.0435],[72.8629,19.0446],[72.8657,19.0465],[72.8794,19.0525],[72.8933,19.0542],[72.903,19.0514],[72.9077,19.0474],[72.9121,19.0457],[72.9386,19.0412],[72.9448,19.0384],[72.9492,19.0345]]}},{"type":"Feature","properties":{"id":"transit_route:gtfs_mumbai_best:BEST_3946","field":"public_transport","kind":"transit_route","name":"TROMBAY to RANI LAXMIBAI CHOWK (SION) (UP)","ref":"352","status":"operational","opened_on":null,"expected_completion":null,"agency":"BEST","source":"gtfs_mumbai_best","confidence":0.7,"mode":"bus","tier":"secondary","geometry_source":"stop_sequence"},"geometry":{"type":"LineString","coordinates":[[72.9494,19.0343],[72.9467,19.0355],[72.9447,19.0385],[72.9396,19.0409],[72.9108,19.0456],[72.9033,19.0511],[72.8934,19.054],[72.8798,19.0525],[72.8682,19.048],[72.8641,19.0439]]}},{"type":"Feature","properties":{"id":"transit_route:gtfs_mumbai_best:BEST_4093","field":"public_transport","kind":"transit_route","name":"KANNAMWAR NAGAR NO.2 to WORLI DEPOT (DOWN)","ref":"354 AS","status":"operational","opened_on":null,"expected_completion":null,"agency":"BEST","source":"gtfs_mumbai_best","confidence":0.7,"mode":"bus","tier":"secondary","geometry_source":"stop_sequence"},"geometry":{"type":"LineString","coordinates":[[72.9387,19.1205],[72.9323,19.1087],[72.9261,19.0932],[72.9199,19.0856],[72.9183,19.0881],[72.9199,19.0858],[72.9156,19.0777],[72.913,19.0748],[72.8842,19.0542],[72.8752,19.0508],[72.8643,19.0432],[72.8559,19.027],[72.849,19.0191],[72.8421,19.0211],[72.8321,19.0179],[72.8255,19.0128],[72.82,19.0135]]}},{"type":"Feature","properties":{"id":"transit_route:gtfs_mumbai_best:BEST_4094","field":"public_transport","kind":"transit_route","name":"WORLI DEPOT to KANNAMWAR NAGAR NO.2 (UP)","ref":"354 AS","status":"operational","opened_on":null,"expected_completion":null,"agency":"BEST","source":"gtfs_mumbai_best","confidence":0.7,"mode":"bus","tier":"secondary","geometry_source":"stop_sequence"},"geometry":{"type":"LineString","coordinates":[[72.82,19.0135],[72.8223,19.0124],[72.8316,19.018],[72.8419,19.0212],[72.8489,19.0195],[72.8565,19.0283],[72.8656,19.0465],[72.884,19.0543],[72.9127,19.0748],[72.916,19.0785],[72.9187,19.0876],[72.9198,19.0861],[72.9258,19.0932],[72.9383,19.1204]]}},{"type":"Feature","properties":{"id":"transit_route:gtfs_mumbai_best:BEST_3840","field":"public_transport","kind":"transit_route","name":"SANTACRUZ DEPOT to TROMBAY (DOWN)","ref":"355 LTD","status":"operational","opened_on":null,"expected_completion":null,"agency":"BEST","source":"gtfs_mumbai_best","confidence":0.7,"mode":"bus","tier":"secondary","geometry_source":"stop_sequence"},"geometry":{"type":"LineString","coordinates":[[72.8363,19.0897],[72.8346,19.087],[72.8338,19.0695],[72.8383,19.0514],[72.8471,19.0535],[72.8502,19.0463],[72.8488,19.0432],[72.8575,19.0355],[72.8601,19.0361],[72.8673,19.0518],[72.8792,19.0534],[72.8935,19.0635],[72.8976,19.0635],[72.9006,19.0587],[72.9014,19.052],[72.9077,19.0474],[72.9386,19.0412],[72.9448,19.0384],[72.9492,19.0345]]}},{"type":"Feature","properties":{"id":"transit_route:gtfs_mumbai_best:BEST_3841","field":"public_transport","kind":"transit_route","name":"TROMBAY to SANTACRUZ DEPOT (UP)","ref":"355 LTD","status":"operational","opened_on":null,"expected_completion":null,"agency":"BEST","source":"gtfs_mumbai_best","confidence":0.7,"mode":"bus","tier":"secondary","geometry_source":"stop_sequence"},"geometry":{"type":"LineString","coordinates":[[72.9499,19.0339],[72.9467,19.0355],[72.9447,19.0385],[72.9396,19.0409],[72.9108,19.0456],[72.8999,19.0535],[72.9005,19.0592],[72.8976,19.0636],[72.8939,19.0638],[72.8814,19.0541],[72.8675,19.0521],[72.8611,19.0375],[72.8548,19.0375],[72.8512,19.0401],[72.8511,19.0465],[72.8499,19.0463],[72.8468,19.0532],[72.8379,19.0532],[72.8335,19.0687],[72.8345,19.0872],[72.8359,19.0897]]}},{"type":"Feature","properties":{"id":"transit_route:gtfs_mumbai_best:BEST_4325","field":"public_transport","kind":"transit_route","name":"SANTACRUZ DEPOT to TATA POWER CENTRE (MAHUL) (DOWN)","ref":"356 AS","status":"operational","opened_on":null,"expected_completion":null,"agency":"BEST","source":"gtfs_mumbai_best","confidence":0.7,"mode":"bus","tier":"secondary","geometry_source":"stop_sequence"},"geometry":{"type":"LineString","coordinates":[[72.8363,19.0897],[72.8346,19.087],[72.8338,19.0695],[72.8383,19.0514],[72.8471,19.0535],[72.8545,19.0592],[72.8613,19.0619],[72.8747,19.0508],[72.8882,19.0559],[72.8911,19.0524],[72.8941,19.0516],[72.8934,19.0445],[72.8973,19.029],[72.8984,19.0098],[72.9048,19.007],[72.9051,19.0043]]}},{"type":"Feature","properties":{"id":"transit_route:gtfs_mumbai_best:BEST_4326","field":"public_transport","kind":"transit_route","name":"TATA POWER CENTRE (MAHUL) to SANTACRUZ DEPOT (UP)","ref":"356 AS","status":"operational","opened_on":null,"expected_completion":null,"agency":"BEST","source":"gtfs_mumbai_best","confidence":0.7,"mode":"bus","tier":"secondary","geometry_source":"stop_sequence"},"geometry":{"type":"LineString","coordinates":[[72.9051,19.0042],[72.9042,19.0072],[72.8984,19.01],[72.897,19.0292],[72.8937,19.0414],[72.8934,19.0499],[72.8906,19.0526],[72.8884,19.0538],[72.8844,19.0535],[72.8749,19.0506],[72.8608,19.0589],[72.8678,19.063],[72.8594,19.0618],[72.8468,19.0532],[72.8379,19.0532],[72.8335,19.0687],[72.8345,19.0872],[72.8359,19.0897]]}},{"type":"Feature","properties":{"id":"transit_route:gtfs_mumbai_best:BEST_4578","field":"public_transport","kind":"transit_route","name":"SHIVAJI NAGAR DEPOT to MUMBAI CENTRAL DEPOT (DOWN)","ref":"357 AS","status":"operational","opened_on":null,"expected_completion":null,"agency":"BEST","source":"gtfs_mumbai_best","confidence":0.7,"mode":"bus","tier":"secondary","geometry_source":"stop_sequence"},"geometry":{"type":"LineString","coordinates":[[72.9285,19.0663],[72.9234,19.0682],[72.921,19.0677],[72.9184,19.0625],[72.9235,19.0588],[72.9222,19.0557],[72.9234,19.0543],[72.9212,19.052],[72.9148,19.0562],[72.914,19.0584],[72.9114,19.0556],[72.9049,19.0602],[72.8976,19.0635],[72.8939,19.0638],[72.8872,19.0589],[72.8843,19.0542],[72.8752,19.0508],[72.8643,19.0432],[72.8559,19.027],[72.849,19.0191],[72.8423,19.021],[72.8353,19.0142],[72.8327,19.0147],[72.8229,19.0126],[72.8186,19.0072],[72.8208,19.0046],[72.8156,18.995],[72.814,18.9893],[72.8147,18.9821],[72.8118,18.9771],[72.8168,18.9693],[72.8234,18.9684]]}},{"type":"Feature","properties":{"id":"transit_route:gtfs_mumbai_best:BEST_4579","field":"public_transport","kind":"transit_route","name":"MUMBAI CENTRAL DEPOT to SHIVAJI NAGAR DEPOT (UP)","ref":"357 AS","status":"operational","opened_on":null,"expected_completion":null,"agency":"BEST","source":"gtfs_mumbai_best","confidence":0.7,"mode":"bus","tier":"secondary","geometry_source":"stop_sequence"},"geometry":{"type":"LineString","coordinates":[[72.8236,18.9683],[72.815,18.9704],[72.8122,18.976],[72.8126,18.9799],[72.8144,18.982],[72.8138,18.9895],[72.8153,18.9947],[72.8211,19.0054],[72.8185,19.0073],[72.8223,19.0124],[72.8264,19.0148],[72.8356,19.0144],[72.8419,19.0212],[72.8492,19.0198],[72.8565,19.0283],[72.8657,19.0465],[72.8794,19.0525],[72.8935,19.0635],[72.8976,19.0635],[72.9048,19.0603],[72.9112,19.0554],[72.9139,19.0591],[72.9152,19.056],[72.9214,19.052],[72.9235,19.0543],[72.9221,19.0557],[72.9235,19.0587],[72.9185,19.0628],[72.9209,19.0675],[72.9234,19.0682],[72.928,19.0663]]}},{"type":"Feature","properties":{"id":"transit_route:gtfs_mumbai_best:BEST_2940","field":"public_transport","kind":"transit_route","name":"MALVANI DEPOT; GAIKWAD NAGAR to HIRANANDANI; POWAI BUS STATION (DOWN)","ref":"359 AS","status":"operational","opened_on":null,"expected_completion":null,"agency":"BEST","source":"gtfs_mumbai_best","confidence":0.7,"mode":"bus","tier":"secondary","geometry_source":"stop_sequence"},"geometry":{"type":"LineString","coordinates":[[72.8191,19.1836],[72.8188,19.1863],[72.822,19.1925],[72.8221,19.1953],[72.8269,19.1964],[72.8339,19.1946],[72.8365,19.18],[72.8452,19.1787],[72.846,19.1585],[72.8432,19.1483],[72.8433,19.1413],[72.8478,19.1339],[72.845,19.1184],[72.8569,19.1126],[72.8621,19.1111],[72.8687,19.1119],[72.8834,19.1075],[72.8872,19.1051],[72.8883,19.1117],[72.8927,19.1146],[72.8957,19.1146],[72.8967,19.1113],[72.8992,19.1141],[72.9027,19.1133],[72.9051,19.1152],[72.9056,19.1177]]}},{"type":"Feature","properties":{"id":"transit_route:gtfs_mumbai_best:BEST_2941","field":"public_transport","kind":"transit_route","name":"HIRANANDANI; POWAI BUS STATION to MALVANI DEPOT; GAIKWAD NAGAR (UP)","ref":"359 AS","status":"operational","opened_on":null,"expected_completion":null,"agency":"BEST","source":"gtfs_mumbai_best","confidence":0.7,"mode":"bus","tier":"secondary","geometry_source":"stop_sequence"},"geometry":{"type":"LineString","coordinates":[[72.9056,19.1177],[72.9052,19.1151],[72.9028,19.1132],[72.8988,19.1141],[72.8969,19.1112],[72.896,19.1146],[72.8907,19.1133],[72.8882,19.1111],[72.8881,19.107],[72.8856,19.1053],[72.8686,19.1117],[72.8621,19.1109],[72.8495,19.1152],[72.8451,19.119],[72.8476,19.1341],[72.8432,19.1413],[72.8431,19.1486],[72.8459,19.157],[72.8456,19.1784],[72.8361,19.1804],[72.8353,19.1896],[72.8327,19.1956],[72.8269,19.1963],[72.8221,19.1952],[72.8216,19.1913],[72.8189,19.1862],[72.8192,19.1835]]}},{"type":"Feature","properties":{"id":"transit_route:gtfs_mumbai_best:BEST_4590","field":"public_transport","kind":"transit_route","name":"KURLA BUS STATION (E) to TROMBAY (DOWN)","ref":"360 AS","status":"operational","opened_on":null,"expected_completion":null,"agency":"BEST","source":"gtfs_mumbai_best","confidence":0.7,"mode":"bus","tier":"secondary","geometry_source":"stop_sequence"},"geometry":{"type":"LineString","coordinates":[[72.8803,19.0646],[72.8871,19.0588],[72.8935,19.0635],[72.9004,19.0623],[72.9076,19.0589],[72.9134,19.0539],[72.9147,19.0457],[72.9386,19.0412],[72.9448,19.0384],[72.9492,19.0345]]}},{"type":"Feature","properties":{"id":"transit_route:gtfs_mumbai_best:BEST_4591","field":"public_transport","kind":"transit_route","name":"TROMBAY to KURLA BUS STATION (E) (UP)","ref":"360 AS","status":"operational","opened_on":null,"expected_completion":null,"agency":"BEST","source":"gtfs_mumbai_best","confidence":0.7,"mode":"bus","tier":"secondary","geometry_source":"stop_sequence"},"geometry":{"type":"LineString","coordinates":[[72.9499,19.0339],[72.9467,19.0355],[72.9447,19.0385],[72.9396,19.0409],[72.9151,19.0453],[72.9138,19.0538],[72.9116,19.0545],[72.9081,19.0585],[72.8976,19.0636],[72.894,19.0638],[72.8872,19.0589],[72.8854,19.0594],[72.8805,19.0648]]}},{"type":"Feature","properties":{"id":"transit_route:gtfs_mumbai_best:BEST_4598","field":"public_transport","kind":"transit_route","name":"KURLA BUS STATION (E) to MAHUL VILLAGE (DOWN)","ref":"361 AS","status":"operational","opened_on":null,"expected_completion":null,"agency":"BEST","source":"gtfs_mumbai_best","confidence":0.7,"mode":"bus","tier":"secondary","geometry_source":"stop_sequence"},"geometry":{"type":"LineString","coordinates":[[72.8802,19.0644],[72.8832,19.0625],[72.8882,19.0559],[72.8933,19.0542],[72.8941,19.0516],[72.8934,19.0448],[72.8973,19.029],[72.8958,19.0278],[72.8907,19.0276],[72.8904,19.014]]}},{"type":"Feature","properties":{"id":"transit_route:gtfs_mumbai_best:BEST_4599","field":"public_transport","kind":"transit_route","name":"MAHUL VILLAGE to KURLA BUS STATION (E) (UP)","ref":"361 AS","status":"operational","opened_on":null,"expected_completion":null,"agency":"BEST","source":"gtfs_mumbai_best","confidence":0.7,"mode":"bus","tier":"secondary","geometry_source":"stop_sequence"},"geometry":{"type":"LineString","coordinates":[[72.8904,19.014],[72.8899,19.025],[72.8908,19.0278],[72.896,19.0279],[72.897,19.0292],[72.8933,19.0446],[72.894,19.0515],[72.8934,19.054],[72.8886,19.055],[72.8805,19.0648]]}},{"type":"Feature","properties":{"id":"transit_route:gtfs_mumbai_best:BEST_4596","field":"public_transport","kind":"transit_route","name":"KURLA BUS STATION (E) to DR.AMBEDKAR UDYAN; CHEMBUR STATION (DOWN)","ref":"362 AS","status":"operational","opened_on":null,"expected_completion":null,"agency":"BEST","source":"gtfs_mumbai_best","confidence":0.7,"mode":"bus","tier":"secondary","geometry_source":"stop_sequence"},"geometry":{"type":"LineString","coordinates":[[72.8801,19.0643],[72.8832,19.0625],[72.8937,19.0502],[72.8944,19.0457],[72.9078,19.0458],[72.9051,19.0497],[72.8999,19.0535],[72.9002,19.0623]]}},{"type":"Feature","properties":{"id":"transit_route:gtfs_mumbai_best:BEST_4597","field":"public_transport","kind":"transit_route","name":"DR.AMBEDKAR UDYAN; CHEMBUR STATION to KURLA BUS STATION (E) (UP)","ref":"362 AS","status":"operational","opened_on":null,"expected_completion":null,"agency":"BEST","source":"gtfs_mumbai_best","confidence":0.7,"mode":"bus","tier":"secondary","geometry_source":"stop_sequence"},"geometry":{"type":"LineString","coordinates":[[72.9002,19.0623],[72.9014,19.052],[72.9077,19.0474],[72.9078,19.0458],[72.8933,19.0467],[72.8934,19.0499],[72.8805,19.0648]]}},{"type":"Feature","properties":{"id":"transit_route:gtfs_mumbai_best:BEST_4400","field":"public_transport","kind":"transit_route","name":"KURLA BUS STATION (E) to DEONAR DEPOT (DOWN)","ref":"362 AS","status":"operational","opened_on":null,"expected_completion":null,"agency":"BEST","source":"gtfs_mumbai_best","confidence":0.7,"mode":"bus","tier":"secondary","geometry_source":"stop_sequence"},"geometry":{"type":"LineString","coordinates":[[72.8801,19.0643],[72.8854,19.0596],[72.8844,19.0568],[72.8814,19.0541],[72.8911,19.0524],[72.8937,19.0502],[72.8944,19.0457],[72.9078,19.0458],[72.9051,19.0497],[72.8999,19.0535],[72.9013,19.0619],[72.9076,19.0589],[72.9095,19.057],[72.9108,19.0524],[72.9096,19.0466],[72.9121,19.0457]]}},{"type":"Feature","properties":{"id":"transit_route:gtfs_mumbai_best:BEST_4401","field":"public_transport","kind":"transit_route","name":"DEONAR DEPOT to KURLA BUS STATION (E) (UP)","ref":"362 AS","status":"operational","opened_on":null,"expected_completion":null,"agency":"BEST","source":"gtfs_mumbai_best","confidence":0.7,"mode":"bus","tier":"secondary","geometry_source":"stop_sequence"},"geometry":{"type":"LineString","coordinates":[[72.9108,19.0456],[72.9095,19.0471],[72.9105,19.0555],[72.9081,19.0585],[72.9002,19.0623],[72.9014,19.052],[72.9077,19.0474],[72.9078,19.0458],[72.8961,19.0457],[72.8933,19.0467],[72.8934,19.0499],[72.8805,19.0648]]}},{"type":"Feature","properties":{"id":"transit_route:gtfs_mumbai_best:BEST_4357","field":"public_transport","kind":"transit_route","name":"MAHUL VILLAGE to KURLA BUS STATION (E) (DOWN)","ref":"363 AS","status":"operational","opened_on":null,"expected_completion":null,"agency":"BEST","source":"gtfs_mumbai_best","confidence":0.7,"mode":"bus","tier":"secondary","geometry_source":"stop_sequence"},"geometry":{"type":"LineString","coordinates":[[72.8904,19.014],[72.8899,19.025],[72.8872,19.0314],[72.892,19.0351],[72.8911,19.0386],[72.8934,19.0392],[72.8934,19.0499],[72.8805,19.0648]]}},{"type":"Feature","properties":{"id":"transit_route:gtfs_mumbai_best:BEST_4358","field":"public_transport","kind":"transit_route","name":"KURLA BUS STATION (E) to MAHUL VILLAGE (UP)","ref":"363 AS","status":"operational","opened_on":null,"expected_completion":null,"agency":"BEST","source":"gtfs_mumbai_best","confidence":0.7,"mode":"bus","tier":"secondary","geometry_source":"stop_sequence"},"geometry":{"type":"LineString","coordinates":[[72.8802,19.0644],[72.8832,19.0625],[72.8937,19.0502],[72.8943,19.0406],[72.8911,19.0386],[72.892,19.035],[72.8873,19.0318],[72.89,19.0244],[72.8904,19.014]]}},{"type":"Feature","properties":{"id":"transit_route:gtfs_mumbai_best:BEST_3744","field":"public_transport","kind":"transit_route","name":"TROMBAY to MAHUL VILLAGE (DOWN)","ref":"364 AS","status":"operational","opened_on":null,"expected_completion":null,"agency":"BEST","source":"gtfs_mumbai_best","confidence":0.7,"mode":"bus","tier":"secondary","geometry_source":"stop_sequence"},"geometry":{"type":"LineString","coordinates":[[72.9499,19.0339],[72.9467,19.0355],[72.9447,19.0385],[72.9396,19.0409],[72.9151,19.0453],[72.9138,19.0538],[72.9116,19.0545],[72.9081,19.0585],[72.9011,19.0619],[72.9008,19.046],[72.8934,19.0448],[72.8973,19.029],[72.8958,19.0278],[72.8907,19.0276],[72.8904,19.014]]}},{"type":"Feature","properties":{"id":"transit_route:gtfs_mumbai_best:BEST_3745","field":"public_transport","kind":"transit_route","name":"MAHUL VILLAGE to TROMBAY (UP)","ref":"364 AS","status":"operational","opened_on":null,"expected_completion":null,"agency":"BEST","source":"gtfs_mumbai_best","confidence":0.7,"mode":"bus","tier":"secondary","geometry_source":"stop_sequence"},"geometry":{"type":"LineString","coordinates":[[72.8904,19.014],[72.8899,19.025],[72.8908,19.0278],[72.896,19.0279],[72.897,19.0292],[72.8933,19.0446],[72.8987,19.0461],[72.9005,19.0592],[72.9048,19.0603],[72.9105,19.0555],[72.9199,19.0502],[72.9202,19.0479],[72.9184,19.0451],[72.9386,19.0412],[72.9448,19.0384],[72.9492,19.0345]]}},{"type":"Feature","properties":{"id":"transit_route:gtfs_mumbai_best:BEST_4349","field":"public_transport","kind":"transit_route","name":"SAHAR CARGO COMPLEX to KURLA STATION (W) (DOWN)","ref":"365 AS","status":"operational","opened_on":null,"expected_completion":null,"agency":"BEST","source":"gtfs_mumbai_best","confidence":0.7,"mode":"bus","tier":"secondary","geometry_source":"stop_sequence"},"geometry":{"type":"LineString","coordinates":[[72.8653,19.0975],[72.8632,19.1015],[72.8669,19.103],[72.8711,19.1032],[72.8746,19.1042],[72.8763,19.1021],[72.8747,19.1012],[72.8744,19.1041],[72.875,19.1068],[72.8802,19.108],[72.8854,19.106],[72.881,19.0861],[72.8852,19.0846],[72.8785,19.0773],[72.8788,19.0754],[72.8881,19.0683],[72.8803,19.0735],[72.8792,19.0672]]}},{"type":"Feature","properties":{"id":"transit_route:gtfs_mumbai_best:BEST_4350","field":"public_transport","kind":"transit_route","name":"KURLA STATION (W) to SAHAR CARGO COMPLEX (UP)","ref":"365 AS","status":"operational","opened_on":null,"expected_completion":null,"agency":"BEST","source":"gtfs_mumbai_best","confidence":0.7,"mode":"bus","tier":"secondary","geometry_source":"stop_sequence"},"geometry":{"type":"LineString","coordinates":[[72.879,19.0676],[72.8803,19.0736],[72.8781,19.077],[72.88,19.0794],[72.8852,19.1057],[72.8775,19.1087],[72.8751,19.1066],[72.8763,19.1021],[72.8669,19.1028],[72.8634,19.1015],[72.8654,19.0974]]}},{"type":"Feature","properties":{"id":"transit_route:gtfs_mumbai_best:BEST_2715","field":"public_transport","kind":"transit_route","name":"KURLA BUS STATION (E) to GADKARI QUARRY (DOWN)","ref":"367 AS","status":"operational","opened_on":null,"expected_completion":null,"agency":"BEST","source":"gtfs_mumbai_best","confidence":0.7,"mode":"bus","tier":"secondary","geometry_source":"stop_sequence"},"geometry":{"type":"LineString","coordinates":[[72.8802,19.0644],[72.8832,19.0625],[72.8882,19.0559],[72.8944,19.053],[72.8934,19.0445],[72.8979,19.0222],[72.9071,19.0221],[72.9077,19.0198]]}},{"type":"Feature","properties":{"id":"transit_route:gtfs_mumbai_best:BEST_2716","field":"public_transport","kind":"transit_route","name":"GADKARI QUARRY to KURLA BUS STATION (E) (UP)","ref":"367 AS","status":"operational","opened_on":null,"expected_completion":null,"agency":"BEST","source":"gtfs_mumbai_best","confidence":0.7,"mode":"bus","tier":"secondary","geometry_source":"stop_sequence"},"geometry":{"type":"LineString","coordinates":[[72.9077,19.0195],[72.907,19.0221],[72.8978,19.0224],[72.8932,19.0445],[72.8942,19.0528],[72.8934,19.054],[72.8886,19.055],[72.8805,19.0648]]}},{"type":"Feature","properties":{"id":"transit_route:gtfs_mumbai_best:BEST_2030","field":"public_transport","kind":"transit_route","name":"MULUND DEPOT to PRABODHANKAR THACKERAY UDYAN BUS STATION (SEWREE) (DOWN)","ref":"368 LTD","status":"operational","opened_on":null,"expected_completion":null,"agency":"BEST","source":"gtfs_mumbai_best","confidence":0.7,"mode":"bus","tier":"secondary","geometry_source":"stop_sequence"},"geometry":{"type":"LineString","coordinates":[[72.948,19.1759],[72.9529,19.1754],[72.9545,19.174],[72.9581,19.1745],[72.9614,19.1729],[72.9582,19.1717],[72.9644,19.1656],[72.9418,19.1299],[72.9261,19.0932],[72.9199,19.0856],[72.9183,19.0881],[72.9199,19.0858],[72.9156,19.0777],[72.913,19.0748],[72.8842,19.0542],[72.8752,19.0508],[72.8643,19.0432],[72.8562,19.0275],[72.8417,19.0088],[72.8427,19.0029],[72.8526,18.9982]]}},{"type":"Feature","properties":{"id":"transit_route:gtfs_mumbai_best:BEST_2031","field":"public_transport","kind":"transit_route","name":"PRABODHANKAR THACKERAY UDYAN BUS STATION (SEWREE) to MULUND DEPOT (UP)","ref":"368 LTD","status":"operational","opened_on":null,"expected_completion":null,"agency":"BEST","source":"gtfs_mumbai_best","confidence":0.7,"mode":"bus","tier":"secondary","geometry_source":"stop_sequence"},"geometry":{"type":"LineString","coordinates":[[72.8516,18.9982],[72.8445,19.0014],[72.8402,19.0061],[72.8468,19.0167],[72.8565,19.0283],[72.8656,19.0465],[72.884,19.0543],[72.9127,19.0748],[72.916,19.0785],[72.9197,19.0859],[72.9187,19.0876],[72.9198,19.0861],[72.9291,19.1013],[72.9415,19.1303],[72.9642,19.1654],[72.9583,19.1714],[72.9619,19.1735],[72.956,19.1739],[72.9533,19.1763],[72.9477,19.1757]]}},{"type":"Feature","properties":{"id":"transit_route:gtfs_mumbai_best:BEST_4259","field":"public_transport","kind":"transit_route","name":"VASHI NAKA (CHEMBUR); M.M.R.D.A COLONY to KURLA BUS STATION (E) (DOWN)","ref":"369 AS","status":"operational","opened_on":null,"expected_completion":null,"agency":"BEST","source":"gtfs_mumbai_best","confidence":0.7,"mode":"bus","tier":"secondary","geometry_source":"stop_sequence"},"geometry":{"type":"LineString","coordinates":[[72.9028,19.0309],[72.8966,19.0316],[72.8937,19.0414],[72.8934,19.0499],[72.8805,19.0648]]}},{"type":"Feature","properties":{"id":"transit_route:gtfs_mumbai_best:BEST_4260","field":"public_transport","kind":"transit_route","name":"KURLA BUS STATION (E) to VASHI NAKA (CHEMBUR); M.M.R.D.A COLONY (UP)","ref":"369 AS","status":"operational","opened_on":null,"expected_completion":null,"agency":"BEST","source":"gtfs_mumbai_best","confidence":0.7,"mode":"bus","tier":"secondary","geometry_source":"stop_sequence"},"geometry":{"type":"LineString","coordinates":[[72.8802,19.0644],[72.8832,19.0625],[72.8937,19.0502],[72.8934,19.0445],[72.8969,19.0311],[72.9028,19.0311]]}},{"type":"Feature","properties":{"id":"transit_route:gtfs_mumbai_best:BEST_4438","field":"public_transport","kind":"transit_route","name":"KELKAR COLLEGE to MHADA COLONY BUS STATION (MULUND-E) (DOWN)","ref":"370 AS","status":"operational","opened_on":null,"expected_completion":null,"agency":"BEST","source":"gtfs_mumbai_best","confidence":0.7,"mode":"bus","tier":"secondary","geometry_source":"stop_sequence"},"geometry":{"type":"LineString","coordinates":[[72.9567,19.1628],[72.9548,19.1634],[72.9535,19.1676],[72.9568,19.1716],[72.9656,19.1662],[72.9682,19.1689]]}},{"type":"Feature","properties":{"id":"transit_route:gtfs_mumbai_best:BEST_4439","field":"public_transport","kind":"transit_route","name":"MHADA COLONY BUS STATION (MULUND-E) to KELKAR COLLEGE (UP)","ref":"370 AS","status":"operational","opened_on":null,"expected_completion":null,"agency":"BEST","source":"gtfs_mumbai_best","confidence":0.7,"mode":"bus","tier":"secondary","geometry_source":"stop_sequence"},"geometry":{"type":"LineString","coordinates":[[72.9682,19.1689],[72.9655,19.1661],[72.9568,19.1716],[72.954,19.1672],[72.9549,19.1629],[72.9566,19.1629]]}},{"type":"Feature","properties":{"id":"transit_route:gtfs_mumbai_best:BEST_4570","field":"public_transport","kind":"transit_route","name":"BANDRA RAILWAY TERMINUS to SHIVAJI NAGAR DEPOT (DOWN)","ref":"371 AS","status":"operational","opened_on":null,"expected_completion":null,"agency":"BEST","source":"gtfs_mumbai_best","confidence":0.7,"mode":"bus","tier":"secondary","geometry_source":"stop_sequence"},"geometry":{"type":"LineString","coordinates":[[72.8417,19.0625],[72.8622,19.0615],[72.8414,19.0562],[72.842,19.055],[72.8454,19.0557],[72.8472,19.0533],[72.8487,19.0537],[72.8545,19.0592],[72.8579,19.0607],[72.8591,19.0617],[72.8615,19.0649],[72.8715,19.071],[72.8709,19.074],[72.8728,19.0753],[72.8788,19.0754],[72.8945,19.0653],[72.9003,19.0663],[72.9049,19.0694],[72.9085,19.0702],[72.9131,19.0637],[72.9154,19.0631],[72.9185,19.0628],[72.9209,19.0675],[72.9234,19.0682],[72.928,19.0663]]}},{"type":"Feature","properties":{"id":"transit_route:gtfs_mumbai_best:BEST_4571","field":"public_transport","kind":"transit_route","name":"SHIVAJI NAGAR DEPOT to BANDRA RAILWAY TERMINUS (UP)","ref":"371 AS","status":"operational","opened_on":null,"expected_completion":null,"agency":"BEST","source":"gtfs_mumbai_best","confidence":0.7,"mode":"bus","tier":"secondary","geometry_source":"stop_sequence"},"geometry":{"type":"LineString","coordinates":[[72.9285,19.0663],[72.9293,19.0662],[72.9234,19.0682],[72.921,19.0677],[72.9184,19.0625],[72.9166,19.0623],[72.9124,19.0636],[72.9086,19.0697],[72.906,19.0698],[72.9006,19.0661],[72.8942,19.065],[72.8787,19.075],[72.8727,19.0752],[72.8712,19.0736],[72.8712,19.0707],[72.8613,19.0646],[72.8579,19.0603],[72.8548,19.059],[72.8489,19.0536],[72.8468,19.0532],[72.8453,19.0556],[72.8419,19.0548],[72.8415,19.0626]]}},{"type":"Feature","properties":{"id":"transit_route:gtfs_mumbai_best:BEST_2695","field":"public_transport","kind":"transit_route","name":"SHIVAJI NAGAR BUS STATION to TROMBAY (DOWN)","ref":"372 AS","status":"operational","opened_on":null,"expected_completion":null,"agency":"BEST","source":"gtfs_mumbai_best","confidence":0.7,"mode":"bus","tier":"secondary","geometry_source":"stop_sequence"},"geometry":{"type":"LineString","coordinates":[[72.9292,19.0659],[72.9234,19.0682],[72.921,19.0677],[72.9184,19.0625],[72.9335,19.0555],[72.9358,19.0531],[72.9362,19.0508],[72.9259,19.0454],[72.9262,19.043],[72.9386,19.0412],[72.9448,19.0384],[72.9492,19.0345]]}},{"type":"Feature","properties":{"id":"transit_route:gtfs_mumbai_best:BEST_2696","field":"public_transport","kind":"transit_route","name":"TROMBAY to SHIVAJI NAGAR BUS STATION (UP)","ref":"372 AS","status":"operational","opened_on":null,"expected_completion":null,"agency":"BEST","source":"gtfs_mumbai_best","confidence":0.7,"mode":"bus","tier":"secondary","geometry_source":"stop_sequence"},"geometry":{"type":"LineString","coordinates":[[72.9494,19.0343],[72.9467,19.0355],[72.9447,19.0385],[72.9396,19.0409],[72.9265,19.0428],[72.9259,19.0457],[72.9362,19.052],[72.9331,19.0552],[72.9248,19.0585],[72.9185,19.0628],[72.9209,19.0675],[72.9234,19.0682],[72.929,19.0661]]}},{"type":"Feature","properties":{"id":"transit_route:gtfs_mumbai_best:BEST_4489","field":"public_transport","kind":"transit_route","name":"SHIVAJI NAGAR DEPOT to SHIVAJI NAGAR (GOVANDI) TERMINUS (DOWN)","ref":"372 AS","status":"operational","opened_on":null,"expected_completion":null,"agency":"BEST","source":"gtfs_mumbai_best","confidence":0.7,"mode":"bus","tier":"secondary","geometry_source":"stop_sequence"},"geometry":{"type":"LineString","coordinates":[[72.9279,19.0662],[72.921,19.0677],[72.9184,19.0625],[72.9254,19.0606]]}},{"type":"Feature","properties":{"id":"transit_route:gtfs_mumbai_best:BEST_4490","field":"public_transport","kind":"transit_route","name":"SHIVAJI NAGAR (GOVANDI) TERMINUS to SHIVAJI NAGAR DEPOT (UP)","ref":"372 AS","status":"operational","opened_on":null,"expected_completion":null,"agency":"BEST","source":"gtfs_mumbai_best","confidence":0.7,"mode":"bus","tier":"secondary","geometry_source":"stop_sequence"},"geometry":{"type":"LineString","coordinates":[[72.9255,19.0606],[72.9185,19.0628],[72.9209,19.0675],[72.928,19.0663]]}},{"type":"Feature","properties":{"id":"transit_route:gtfs_mumbai_best:BEST_3696","field":"public_transport","kind":"transit_route","name":"VAISHALI NAGAR (MULUND-W) to MAHUL VILLAGE (DOWN)","ref":"373 AS","status":"operational","opened_on":null,"expected_completion":null,"agency":"BEST","source":"gtfs_mumbai_best","confidence":0.7,"mode":"bus","tier":"secondary","geometry_source":"stop_sequence"},"geometry":{"type":"LineString","coordinates":[[72.9462,19.1868],[72.9483,19.1845],[72.9537,19.1831],[72.9529,19.1754],[72.9545,19.174],[72.9581,19.1745],[72.9614,19.1729],[72.9582,19.1717],[72.9644,19.1656],[72.9418,19.1299],[72.9261,19.0932],[72.9199,19.0856],[72.9183,19.0881],[72.9199,19.0858],[72.9156,19.0777],[72.9006,19.0661],[72.8954,19.0576],[72.8934,19.0445],[72.8973,19.029],[72.8958,19.0278],[72.8907,19.0276],[72.8904,19.014]]}},{"type":"Feature","properties":{"id":"transit_route:gtfs_mumbai_best:BEST_3697","field":"public_transport","kind":"transit_route","name":"MAHUL VILLAGE to VAISHALI NAGAR (MULUND-W) (UP)","ref":"373 AS","status":"operational","opened_on":null,"expected_completion":null,"agency":"BEST","source":"gtfs_mumbai_best","confidence":0.7,"mode":"bus","tier":"secondary","geometry_source":"stop_sequence"},"geometry":{"type":"LineString","coordinates":[[72.8904,19.014],[72.8899,19.025],[72.8908,19.0278],[72.896,19.0279],[72.897,19.0292],[72.8933,19.0446],[72.8952,19.0572],[72.9003,19.0663],[72.9127,19.0748],[72.916,19.0785],[72.9197,19.0859],[72.9187,19.0876],[72.9198,19.0861],[72.9258,19.0932],[72.9415,19.1303],[72.9642,19.1654],[72.9583,19.1714],[72.9619,19.1735],[72.956,19.1739],[72.9533,19.1763],[72.9536,19.1831],[72.9478,19.185],[72.9457,19.1872]]}},{"type":"Feature","properties":{"id":"transit_route:gtfs_mumbai_best:BEST_4544","field":"public_transport","kind":"transit_route","name":"SANTACRUZ DEPOT to RANI LAXMIBAI CHOWK; SION STATION (DOWN)","ref":"374","status":"operational","opened_on":null,"expected_completion":null,"agency":"BEST","source":"gtfs_mumbai_best","confidence":0.7,"mode":"bus","tier":"secondary","geometry_source":"stop_sequence"},"geometry":{"type":"LineString","coordinates":[[72.8384,19.0908],[72.8372,19.0609],[72.8392,19.0541],[72.8383,19.0514],[72.8471,19.0535],[72.8525,19.0476],[72.8554,19.0485],[72.8584,19.0515],[72.8618,19.0518],[72.8633,19.0473]]}},{"type":"Feature","properties":{"id":"transit_route:gtfs_mumbai_best:BEST_4545","field":"public_transport","kind":"transit_route","name":"RANI LAXMIBAI CHOWK; SION STATION to SANTACRUZ DEPOT (UP)","ref":"374","status":"operational","opened_on":null,"expected_completion":null,"agency":"BEST","source":"gtfs_mumbai_best","confidence":0.7,"mode":"bus","tier":"secondary","geometry_source":"stop_sequence"},"geometry":{"type":"LineString","coordinates":[[72.8631,19.0473],[72.8647,19.0509],[72.8578,19.0509],[72.8528,19.0476],[72.8468,19.0532],[72.8379,19.0532],[72.837,19.0561],[72.8384,19.0912]]}},{"type":"Feature","properties":{"id":"transit_route:gtfs_mumbai_best:BEST_4574","field":"public_transport","kind":"transit_route","name":"BANDRA (W) BUS STATION to SHIVAJI NAGAR DEPOT (DOWN)","ref":"375 AS","status":"operational","opened_on":null,"expected_completion":null,"agency":"BEST","source":"gtfs_mumbai_best","confidence":0.7,"mode":"bus","tier":"secondary","geometry_source":"stop_sequence"},"geometry":{"type":"LineString","coordinates":[[72.8393,19.0543],[72.8383,19.0514],[72.8471,19.0535],[72.8545,19.0592],[72.8613,19.0619],[72.8747,19.0508],[72.8794,19.0525],[72.8933,19.0542],[72.8967,19.0599],[72.9013,19.0619],[72.9076,19.0589],[72.9112,19.0554],[72.9139,19.0591],[72.9152,19.056],[72.9214,19.052],[72.9235,19.0543],[72.9221,19.0557],[72.9235,19.0587],[72.9185,19.0628],[72.9209,19.0675],[72.9234,19.0682],[72.928,19.0663]]}},{"type":"Feature","properties":{"id":"transit_route:gtfs_mumbai_best:BEST_4575","field":"public_transport","kind":"transit_route","name":"SHIVAJI NAGAR DEPOT to BANDRA (W) BUS STATION (UP)","ref":"375 AS","status":"operational","opened_on":null,"expected_completion":null,"agency":"BEST","source":"gtfs_mumbai_best","confidence":0.7,"mode":"bus","tier":"secondary","geometry_source":"stop_sequence"},"geometry":{"type":"LineString","coordinates":[[72.9285,19.0663],[72.9234,19.0682],[72.921,19.0677],[72.9184,19.0625],[72.9235,19.0588],[72.9222,19.0557],[72.9234,19.0543],[72.9212,19.052],[72.9148,19.0562],[72.914,19.0584],[72.9114,19.0556],[72.9011,19.0619],[72.8981,19.0562],[72.8958,19.0565],[72.8931,19.054],[72.8844,19.0535],[72.8752,19.0508],[72.8608,19.0589],[72.8678,19.063],[72.8594,19.0618],[72.8468,19.0532],[72.8379,19.0532],[72.837,19.0561],[72.8393,19.0543]]}},{"type":"Feature","properties":{"id":"transit_route:gtfs_mumbai_best:BEST_3011","field":"public_transport","kind":"transit_route","name":"MAHIM BUS STATION to SHIVAJI NAGAR BUS STATION (DOWN)","ref":"376 AS","status":"operational","opened_on":null,"expected_completion":null,"agency":"BEST","source":"gtfs_mumbai_best","confidence":0.7,"mode":"bus","tier":"secondary","geometry_source":"stop_sequence"},"geometry":{"type":"LineString","coordinates":[[72.8405,19.0435],[72.8445,19.0445],[72.8429,19.0458],[72.8488,19.0432],[72.8575,19.0355],[72.8631,19.0416],[72.8747,19.0508],[72.8794,19.0525],[72.8933,19.0542],[72.903,19.0514],[72.9095,19.0471],[72.9112,19.0554],[72.9139,19.0591],[72.9152,19.056],[72.9214,19.052],[72.9235,19.0543],[72.9221,19.0557],[72.9235,19.0588],[72.9185,19.0628],[72.9209,19.0675],[72.9234,19.0682],[72.9293,19.0662]]}},{"type":"Feature","properties":{"id":"transit_route:gtfs_mumbai_best:BEST_3012","field":"public_transport","kind":"transit_route","name":"SHIVAJI NAGAR BUS STATION to MAHIM BUS STATION (UP)","ref":"376 AS","status":"operational","opened_on":null,"expected_completion":null,"agency":"BEST","source":"gtfs_mumbai_best","confidence":0.7,"mode":"bus","tier":"secondary","geometry_source":"stop_sequence"},"geometry":{"type":"LineString","coordinates":[[72.9291,19.0661],[72.9234,19.0682],[72.921,19.0677],[72.9184,19.0625],[72.9235,19.0587],[72.9222,19.0557],[72.9234,19.0543],[72.9212,19.052],[72.9148,19.0562],[72.914,19.0584],[72.9114,19.0556],[72.9096,19.0466],[72.9033,19.0511],[72.8972,19.0533],[72.8844,19.0535],[72.8752,19.0508],[72.8643,19.0432],[72.8574,19.0353],[72.8512,19.0401],[72.8511,19.0465],[72.8408,19.0453],[72.8404,19.0438]]}},{"type":"Feature","properties":{"id":"transit_route:gtfs_mumbai_best:BEST_2907","field":"public_transport","kind":"transit_route","name":"S.R.A COLONY MANKHURD (LALLUBHAI COMPOUND) to KURLA BUS STATION (E) (DOWN)","ref":"377 AS","status":"operational","opened_on":null,"expected_completion":null,"agency":"BEST","source":"gtfs_mumbai_best","confidence":0.7,"mode":"bus","tier":"secondary","geometry_source":"stop_sequence"},"geometry":{"type":"LineString","coordinates":[[72.9268,19.0498],[72.9269,19.0537],[72.9178,19.0583],[72.916,19.0609],[72.9086,19.061],[72.8995,19.0647],[72.8883,19.0572],[72.8867,19.0577],[72.8805,19.0648]]}},{"type":"Feature","properties":{"id":"transit_route:gtfs_mumbai_best:BEST_2908","field":"public_transport","kind":"transit_route","name":"KURLA BUS STATION (E) to S.R.A COLONY MANKHURD (LALLUBHAI COMPOUND) (UP)","ref":"377 AS","status":"operational","opened_on":null,"expected_completion":null,"agency":"BEST","source":"gtfs_mumbai_best","confidence":0.7,"mode":"bus","tier":"secondary","geometry_source":"stop_sequence"},"geometry":{"type":"LineString","coordinates":[[72.8803,19.0646],[72.888,19.0575],[72.8997,19.0646],[72.909,19.061],[72.9161,19.061],[72.9175,19.0588],[72.927,19.0538],[72.9269,19.0498]]}},{"type":"Feature","properties":{"id":"transit_route:gtfs_mumbai_best:BEST_3030","field":"public_transport","kind":"transit_route","name":"MANKHURD STATION (SOUTH) EXTN to TROMBAY (DOWN)","ref":"378 AS","status":"operational","opened_on":null,"expected_completion":null,"agency":"BEST","source":"gtfs_mumbai_best","confidence":0.7,"mode":"bus","tier":"secondary","geometry_source":"stop_sequence"},"geometry":{"type":"LineString","coordinates":[[72.93,19.047],[72.9309,19.0427],[72.9386,19.0412],[72.9448,19.0384],[72.9492,19.0345]]}},{"type":"Feature","properties":{"id":"transit_route:gtfs_mumbai_best:BEST_3031","field":"public_transport","kind":"transit_route","name":"TROMBAY to MANKHURD STATION (SOUTH) EXTN (UP)","ref":"378 AS","status":"operational","opened_on":null,"expected_completion":null,"agency":"BEST","source":"gtfs_mumbai_best","confidence":0.7,"mode":"bus","tier":"secondary","geometry_source":"stop_sequence"},"geometry":{"type":"LineString","coordinates":[[72.9494,19.0343],[72.9467,19.0355],[72.9447,19.0385],[72.9396,19.0409],[72.9304,19.0427],[72.93,19.047]]}},{"type":"Feature","properties":{"id":"transit_route:gtfs_mumbai_best:BEST_3182","field":"public_transport","kind":"transit_route","name":"GHATKOPAR STATION (E) to SHIVAJI NAGAR (GOVANDI) TERMINUS (DOWN)","ref":"379 AS","status":"operational","opened_on":null,"expected_completion":null,"agency":"BEST","source":"gtfs_mumbai_best","confidence":0.7,"mode":"bus","tier":"secondary","geometry_source":"stop_sequence"},"geometry":{"type":"LineString","coordinates":[[72.908,19.0851],[72.9076,19.0818],[72.9044,19.0816],[72.8997,19.0646],[72.909,19.061],[72.9161,19.061],[72.9185,19.0628],[72.9254,19.0606]]}},{"type":"Feature","properties":{"id":"transit_route:gtfs_mumbai_best:BEST_3183","field":"public_transport","kind":"transit_route","name":"SHIVAJI NAGAR (GOVANDI) TERMINUS to GHATKOPAR STATION (E) (UP)","ref":"379 AS","status":"operational","opened_on":null,"expected_completion":null,"agency":"BEST","source":"gtfs_mumbai_best","confidence":0.7,"mode":"bus","tier":"secondary","geometry_source":"stop_sequence"},"geometry":{"type":"LineString","coordinates":[[72.9253,19.0606],[72.9185,19.0628],[72.916,19.0609],[72.9086,19.061],[72.8995,19.0647],[72.9043,19.081],[72.9057,19.0839],[72.9079,19.0852]]}},{"type":"Feature","properties":{"id":"transit_route:gtfs_mumbai_best:BEST_3032","field":"public_transport","kind":"transit_route","name":"GHATKOPAR STATION (E) to TROMBAY (DOWN)","ref":"380 AS","status":"operational","opened_on":null,"expected_completion":null,"agency":"BEST","source":"gtfs_mumbai_best","confidence":0.7,"mode":"bus","tier":"secondary","geometry_source":"stop_sequence"},"geometry":{"type":"LineString","coordinates":[[72.9057,19.0839],[72.8997,19.0646],[72.909,19.061],[72.9161,19.061],[72.9213,19.0562],[72.9214,19.052],[72.9234,19.0543],[72.9221,19.0557],[72.9235,19.0588],[72.9335,19.0555],[72.9358,19.0531],[72.9362,19.0508],[72.9259,19.0454],[72.9262,19.043],[72.9386,19.0412],[72.9448,19.0384],[72.9492,19.0345]]}},{"type":"Feature","properties":{"id":"transit_route:gtfs_mumbai_best:BEST_3033","field":"public_transport","kind":"transit_route","name":"TROMBAY to GHATKOPAR STATION (E) (UP)","ref":"380 AS","status":"operational","opened_on":null,"expected_completion":null,"agency":"BEST","source":"gtfs_mumbai_best","confidence":0.7,"mode":"bus","tier":"secondary","geometry_source":"stop_sequence"},"geometry":{"type":"LineString","coordinates":[[72.9494,19.0343],[72.9396,19.0409],[72.9268,19.0427],[72.9259,19.0457],[72.9362,19.052],[72.9331,19.0552],[72.9235,19.0587],[72.9222,19.0557],[72.9235,19.0543],[72.9212,19.052],[72.9211,19.0562],[72.916,19.0609],[72.9086,19.061],[72.8995,19.0647],[72.9043,19.081],[72.9057,19.0839],[72.908,19.0851]]}},{"type":"Feature","properties":{"id":"transit_route:gtfs_mumbai_best:BEST_2896","field":"public_transport","kind":"transit_route","name":"TATA POWER CENTRE (MAHUL) to GHATKOPAR BUS STATION (DOWN)","ref":"381 AS","status":"operational","opened_on":null,"expected_completion":null,"agency":"BEST","source":"gtfs_mumbai_best","confidence":0.7,"mode":"bus","tier":"secondary","geometry_source":"stop_sequence"},"geometry":{"type":"LineString","coordinates":[[72.9051,19.0042],[72.9042,19.0072],[72.8984,19.01],[72.897,19.0292],[72.8937,19.0414],[72.8934,19.0499],[72.9057,19.0839],[72.909,19.0848],[72.9107,19.0818],[72.9137,19.0835],[72.9169,19.0885],[72.9183,19.0881]]}},{"type":"Feature","properties":{"id":"transit_route:gtfs_mumbai_best:BEST_2897","field":"public_transport","kind":"transit_route","name":"GHATKOPAR BUS STATION to TATA POWER CENTRE (MAHUL) (UP)","ref":"381 AS","status":"operational","opened_on":null,"expected_completion":null,"agency":"BEST","source":"gtfs_mumbai_best","confidence":0.7,"mode":"bus","tier":"secondary","geometry_source":"stop_sequence"},"geometry":{"type":"LineString","coordinates":[[72.9183,19.088],[72.9147,19.086],[72.9127,19.0821],[72.908,19.0817],[72.9057,19.0839],[72.9079,19.0851],[72.9076,19.0818],[72.9044,19.0816],[72.9032,19.0748],[72.8954,19.0576],[72.8937,19.0502],[72.8934,19.0445],[72.8973,19.029],[72.8984,19.0098],[72.9048,19.007],[72.9051,19.0043]]}},{"type":"Feature","properties":{"id":"transit_route:gtfs_mumbai_best:BEST_4420","field":"public_transport","kind":"transit_route","name":"SAHAR CARGO COMPLEX to ANUSHAKTI NAGAR BUS STATION (DOWN)","ref":"382 LTD","status":"operational","opened_on":null,"expected_completion":null,"agency":"BEST","source":"gtfs_mumbai_best","confidence":0.7,"mode":"bus","tier":"secondary","geometry_source":"stop_sequence"},"geometry":{"type":"LineString","coordinates":[[72.8654,19.0973],[72.8632,19.1015],[72.8669,19.103],[72.8711,19.1032],[72.8752,19.1032],[72.8763,19.1021],[72.8747,19.1012],[72.8744,19.1041],[72.875,19.1068],[72.8802,19.108],[72.8834,19.1075],[72.8859,19.1052],[72.8879,19.1064],[72.8895,19.1174],[72.8926,19.1242],[72.8948,19.1256],[72.9006,19.1201],[72.904,19.1194],[72.9067,19.1205],[72.9097,19.124],[72.9171,19.1257],[72.9191,19.1282],[72.9253,19.1244],[72.9262,19.1135],[72.9253,19.1102],[72.9123,19.0929],[72.9198,19.0861],[72.913,19.0748],[72.9006,19.0661],[72.895,19.0557],[72.9077,19.0474],[72.9265,19.0428]]}},{"type":"Feature","properties":{"id":"transit_route:gtfs_mumbai_best:BEST_4421","field":"public_transport","kind":"transit_route","name":"ANUSHAKTI NAGAR BUS STATION to SAHAR CARGO COMPLEX (UP)","ref":"382 LTD","status":"operational","opened_on":null,"expected_completion":null,"agency":"BEST","source":"gtfs_mumbai_best","confidence":0.7,"mode":"bus","tier":"secondary","geometry_source":"stop_sequence"},"geometry":{"type":"LineString","coordinates":[[72.9265,19.0428],[72.9108,19.0456],[72.8972,19.0533],[72.8952,19.0572],[72.9003,19.0663],[72.9127,19.0748],[72.9199,19.0856],[72.9182,19.0881],[72.9126,19.0917],[72.913,19.094],[72.9258,19.1116],[72.9252,19.1244],[72.919,19.1274],[72.9139,19.1241],[72.9097,19.1238],[72.9066,19.1202],[72.9038,19.1192],[72.8997,19.1201],[72.8981,19.1232],[72.8941,19.126],[72.8892,19.1162],[72.8881,19.107],[72.8852,19.1057],[72.8775,19.1087],[72.8751,19.1066],[72.8746,19.1042],[72.8763,19.1021],[72.8744,19.1007],[72.8714,19.103],[72.8634,19.1015],[72.8654,19.0974]]}},{"type":"Feature","properties":{"id":"transit_route:gtfs_mumbai_best:BEST_2888","field":"public_transport","kind":"transit_route","name":"SHIVAJI NAGAR BUS STATION to GADKARI QUARRY (DOWN)","ref":"383 AS","status":"operational","opened_on":null,"expected_completion":null,"agency":"BEST","source":"gtfs_mumbai_best","confidence":0.7,"mode":"bus","tier":"secondary","geometry_source":"stop_sequence"},"geometry":{"type":"LineString","coordinates":[[72.9279,19.0662],[72.9234,19.0682],[72.921,19.0677],[72.9184,19.0625],[72.9114,19.0556],[72.9049,19.0602],[72.895,19.0557],[72.8934,19.0445],[72.8979,19.0222],[72.9055,19.0222],[72.9077,19.0198]]}},{"type":"Feature","properties":{"id":"transit_route:gtfs_mumbai_best:BEST_2889","field":"public_transport","kind":"transit_route","name":"GADKARI QUARRY to SHIVAJI NAGAR BUS STATION (UP)","ref":"383 AS","status":"operational","opened_on":null,"expected_completion":null,"agency":"BEST","source":"gtfs_mumbai_best","confidence":0.7,"mode":"bus","tier":"secondary","geometry_source":"stop_sequence"},"geometry":{"type":"LineString","coordinates":[[72.9077,19.0195],[72.9055,19.0221],[72.8978,19.0224],[72.8933,19.0446],[72.8952,19.0572],[72.8967,19.0599],[72.9013,19.0619],[72.9076,19.0589],[72.9112,19.0554],[72.9185,19.0628],[72.9209,19.0675],[72.9234,19.0682],[72.9279,19.0662]]}},{"type":"Feature","properties":{"id":"transit_route:gtfs_mumbai_best:BEST_3040","field":"public_transport","kind":"transit_route","name":"GHATKOPAR BUS STATION to COMRADE P.K.KURNE CHOWK (WORLI ) (DOWN)","ref":"385 AS","status":"operational","opened_on":null,"expected_completion":null,"agency":"BEST","source":"gtfs_mumbai_best","confidence":0.7,"mode":"bus","tier":"secondary","geometry_source":"stop_sequence"},"geometry":{"type":"LineString","coordinates":[[72.9183,19.088],[72.9147,19.086],[72.9127,19.0821],[72.908,19.0817],[72.9057,19.0839],[72.9078,19.085],[72.9076,19.0818],[72.9044,19.0816],[72.9031,19.074],[72.8998,19.0667],[72.8842,19.0542],[72.8752,19.0508],[72.8643,19.0432],[72.8559,19.027],[72.849,19.0191],[72.8423,19.021],[72.8321,19.0179],[72.8289,19.0133],[72.8246,19.0128],[72.8202,19.01],[72.8209,19.0049]]}},{"type":"Feature","properties":{"id":"transit_route:gtfs_mumbai_best:BEST_3041","field":"public_transport","kind":"transit_route","name":"COMRADE P.K.KURNE CHOWK (WORLI ) to GHATKOPAR BUS STATION (UP)","ref":"385 AS","status":"operational","opened_on":null,"expected_completion":null,"agency":"BEST","source":"gtfs_mumbai_best","confidence":0.7,"mode":"bus","tier":"secondary","geometry_source":"stop_sequence"},"geometry":{"type":"LineString","coordinates":[[72.8211,19.0054],[72.8185,19.0073],[72.8196,19.0094],[72.8223,19.0124],[72.8316,19.018],[72.84,19.0197],[72.8419,19.0212],[72.8489,19.0195],[72.8565,19.0283],[72.8656,19.0465],[72.884,19.0543],[72.8935,19.0614],[72.8997,19.0667],[72.9057,19.0839],[72.909,19.0848],[72.9107,19.0818],[72.9137,19.0835],[72.9169,19.0885],[72.9183,19.0881]]}},{"type":"Feature","properties":{"id":"transit_route:gtfs_mumbai_best:BEST_4188","field":"public_transport","kind":"transit_route","name":"NAGBABA MANDIR (KAILAS COMPLEX) to GHATKOPAR STATION (W) (DOWN)","ref":"386 AS","status":"operational","opened_on":null,"expected_completion":null,"agency":"BEST","source":"gtfs_mumbai_best","confidence":0.7,"mode":"bus","tier":"secondary","geometry_source":"stop_sequence"},"geometry":{"type":"LineString","coordinates":[[72.9176,19.1142],[72.9173,19.1069],[72.9176,19.1041],[72.9195,19.1028],[72.9188,19.1007],[72.9086,19.0878]]}},{"type":"Feature","properties":{"id":"transit_route:gtfs_mumbai_best:BEST_4189","field":"public_transport","kind":"transit_route","name":"GHATKOPAR STATION (W) to NAGBABA MANDIR (KAILAS COMPLEX) (UP)","ref":"386 AS","status":"operational","opened_on":null,"expected_completion":null,"agency":"BEST","source":"gtfs_mumbai_best","confidence":0.7,"mode":"bus","tier":"secondary","geometry_source":"stop_sequence"},"geometry":{"type":"LineString","coordinates":[[72.908,19.0867],[72.9099,19.0907],[72.9196,19.1019],[72.9172,19.1043],[72.9175,19.1142]]}},{"type":"Feature","properties":{"id":"transit_route:gtfs_mumbai_best:BEST_4196","field":"public_transport","kind":"transit_route","name":"VIKHROLI PARK SITE to GHATKOPAR STATION (W) (DOWN)","ref":"387 AS","status":"operational","opened_on":null,"expected_completion":null,"agency":"BEST","source":"gtfs_mumbai_best","confidence":0.7,"mode":"bus","tier":"secondary","geometry_source":"stop_sequence"},"geometry":{"type":"LineString","coordinates":[[72.9131,19.1051],[72.9195,19.1028],[72.9097,19.0905],[72.9089,19.0869]]}},{"type":"Feature","properties":{"id":"transit_route:gtfs_mumbai_best:BEST_4197","field":"public_transport","kind":"transit_route","name":"GHATKOPAR STATION (W) to VIKHROLI PARK SITE (UP)","ref":"387 AS","status":"operational","opened_on":null,"expected_completion":null,"agency":"BEST","source":"gtfs_mumbai_best","confidence":0.7,"mode":"bus","tier":"secondary","geometry_source":"stop_sequence"},"geometry":{"type":"LineString","coordinates":[[72.908,19.0867],[72.9099,19.0907],[72.9196,19.1019],[72.9172,19.1043],[72.9132,19.105]]}},{"type":"Feature","properties":{"id":"transit_route:gtfs_mumbai_best:BEST_4099","field":"public_transport","kind":"transit_route","name":"BARVE NAGAR to GHATKOPAR STATION (W) (DOWN)","ref":"389 AS","status":"operational","opened_on":null,"expected_completion":null,"agency":"BEST","source":"gtfs_mumbai_best","confidence":0.7,"mode":"bus","tier":"secondary","geometry_source":"stop_sequence"},"geometry":{"type":"LineString","coordinates":[[72.902,19.098],[72.9036,19.0977],[72.9042,19.0904],[72.9086,19.0878]]}},{"type":"Feature","properties":{"id":"transit_route:gtfs_mumbai_best:BEST_4100","field":"public_transport","kind":"transit_route","name":"GHATKOPAR STATION (W) to BARVE NAGAR (UP)","ref":"389 AS","status":"operational","opened_on":null,"expected_completion":null,"agency":"BEST","source":"gtfs_mumbai_best","confidence":0.7,"mode":"bus","tier":"secondary","geometry_source":"stop_sequence"},"geometry":{"type":"LineString","coordinates":[[72.9086,19.0878],[72.9076,19.0857],[72.9041,19.089],[72.9038,19.0935],[72.9027,19.0957],[72.9009,19.0959],[72.902,19.098]]}},{"type":"Feature","properties":{"id":"transit_route:gtfs_mumbai_best:BEST_3116","field":"public_transport","kind":"transit_route","name":"KHINDIPADA (DARGAH) to MULUND RAILWAY STATION (W) (DOWN)","ref":"391 AS","status":"operational","opened_on":null,"expected_completion":null,"agency":"BEST","source":"gtfs_mumbai_best","confidence":0.7,"mode":"bus","tier":"secondary","geometry_source":"stop_sequence"},"geometry":{"type":"LineString","coordinates":[[72.9285,19.1663],[72.9319,19.1683],[72.9347,19.1732],[72.9402,19.1776],[72.9498,19.1781],[72.9557,19.1728]]}},{"type":"Feature","properties":{"id":"transit_route:gtfs_mumbai_best:BEST_3117","field":"public_transport","kind":"transit_route","name":"MULUND RAILWAY STATION (W) to KHINDIPADA (DARGAH) (UP)","ref":"391 AS","status":"operational","opened_on":null,"expected_completion":null,"agency":"BEST","source":"gtfs_mumbai_best","confidence":0.7,"mode":"bus","tier":"secondary","geometry_source":"stop_sequence"},"geometry":{"type":"LineString","coordinates":[[72.9565,19.1735],[72.9506,19.1787],[72.9401,19.1775],[72.9359,19.1727],[72.9347,19.1731],[72.9319,19.1677],[72.9287,19.1664]]}},{"type":"Feature","properties":{"id":"transit_route:gtfs_mumbai_best:BEST_4482","field":"public_transport","kind":"transit_route","name":"MAJAS DEPOT to VIKHROLI DEPOT (DOWN)","ref":"392","status":"operational","opened_on":null,"expected_completion":null,"agency":"BEST","source":"gtfs_mumbai_best","confidence":0.7,"mode":"bus","tier":"secondary","geometry_source":"stop_sequence"},"geometry":{"type":"LineString","coordinates":[[72.8653,19.1392],[72.8692,19.1397],[72.8707,19.1382],[72.8682,19.1296],[72.8655,19.1295],[72.8627,19.1256],[72.8592,19.1265],[72.8514,19.1248],[72.851,19.1231],[72.8488,19.1199],[72.8483,19.1188],[72.8521,19.1185],[72.8574,19.1154],[72.8834,19.1075],[72.8859,19.1052],[72.8879,19.1064],[72.8895,19.1174],[72.8926,19.1242],[72.8948,19.1256],[72.9006,19.1201],[72.904,19.1194],[72.9069,19.1144],[72.9124,19.1196],[72.9129,19.1231],[72.9197,19.1288],[72.9253,19.1244],[72.9262,19.1135],[72.9239,19.1078],[72.9194,19.1028]]}},{"type":"Feature","properties":{"id":"transit_route:gtfs_mumbai_best:BEST_4404","field":"public_transport","kind":"transit_route","name":"MAJAS DEPOT to VIKHROLI DEPOT (DOWN)","ref":"392 AS","status":"operational","opened_on":null,"expected_completion":null,"agency":"BEST","source":"gtfs_mumbai_best","confidence":0.7,"mode":"bus","tier":"secondary","geometry_source":"stop_sequence"},"geometry":{"type":"LineString","coordinates":[[72.8653,19.1392],[72.8692,19.1397],[72.8707,19.1382],[72.8682,19.1296],[72.8655,19.1295],[72.8627,19.1256],[72.8592,19.1265],[72.8514,19.1248],[72.851,19.1231],[72.8488,19.1199],[72.8483,19.1188],[72.8521,19.1185],[72.8574,19.1154],[72.8834,19.1075],[72.8859,19.1052],[72.8879,19.1064],[72.8895,19.1174],[72.8926,19.1242],[72.8948,19.1256],[72.9006,19.1201],[72.904,19.1194],[72.9069,19.1144],[72.9124,19.1196],[72.9129,19.1231],[72.9197,19.1288],[72.9253,19.1244],[72.9262,19.1135],[72.9239,19.1078],[72.9194,19.1028]]}},{"type":"Feature","properties":{"id":"transit_route:gtfs_mumbai_best:BEST_4405","field":"public_transport","kind":"transit_route","name":"VIKHROLI DEPOT to MAJAS DEPOT (UP)","ref":"392 AS","status":"operational","opened_on":null,"expected_completion":null,"agency":"BEST","source":"gtfs_mumbai_best","confidence":0.7,"mode":"bus","tier":"secondary","geometry_source":"stop_sequence"},"geometry":{"type":"LineString","coordinates":[[72.9196,19.102],[72.9241,19.1085],[72.9261,19.1137],[72.9252,19.1244],[72.919,19.1274],[72.9139,19.1241],[72.9107,19.1173],[72.9071,19.1144],[72.9038,19.1192],[72.8997,19.1202],[72.8981,19.1232],[72.8934,19.1256],[72.8892,19.1162],[72.8881,19.107],[72.8853,19.1056],[72.8577,19.1151],[72.8482,19.1199],[72.8515,19.1248],[72.8554,19.1261],[72.8627,19.1257],[72.8655,19.1297],[72.8684,19.1299],[72.8708,19.1386],[72.8659,19.1393]]}},{"type":"Feature","properties":{"id":"transit_route:gtfs_mumbai_best:BEST_2898","field":"public_transport","kind":"transit_route","name":"KANNAMWAR NAGAR NO.2 to VIKHROLI BUS STATION (E) (DOWN)","ref":"394 AS","status":"operational","opened_on":null,"expected_completion":null,"agency":"BEST","source":"gtfs_mumbai_best","confidence":0.7,"mode":"bus","tier":"secondary","geometry_source":"stop_sequence"},"geometry":{"type":"LineString","coordinates":[[72.9387,19.1205],[72.9335,19.1093],[72.9295,19.1102]]}},{"type":"Feature","properties":{"id":"transit_route:gtfs_mumbai_best:BEST_2899","field":"public_transport","kind":"transit_route","name":"VIKHROLI BUS STATION (E) to KANNAMWAR NAGAR NO.2 (UP)","ref":"394 AS","status":"operational","opened_on":null,"expected_completion":null,"agency":"BEST","source":"gtfs_mumbai_best","confidence":0.7,"mode":"bus","tier":"secondary","geometry_source":"stop_sequence"},"geometry":{"type":"LineString","coordinates":[[72.9289,19.1103],[72.9335,19.1093],[72.9383,19.1204]]}},{"type":"Feature","properties":{"id":"transit_route:gtfs_mumbai_best:BEST_4493","field":"public_transport","kind":"transit_route","name":"AGARKAR CHOWK (ANDHERI-E) to MAHARANA PRATAP CHOWK (MULUND CHECK NAKA-W) (DOWN)","ref":"396 AS","status":"operational","opened_on":null,"expected_completion":null,"agency":"BEST","source":"gtfs_mumbai_best","confidence":0.7,"mode":"bus","tier":"secondary","geometry_source":"stop_sequence"},"geometry":{"type":"LineString","coordinates":[[72.8486,19.1197],[72.8574,19.1154],[72.8834,19.1075],[72.8859,19.1052],[72.8879,19.1064],[72.8911,19.1213],[72.8948,19.1256],[72.9006,19.1201],[72.904,19.1194],[72.9067,19.1205],[72.9097,19.124],[72.9171,19.1257],[72.9197,19.1288],[72.9252,19.1264],[72.9258,19.1295],[72.9376,19.1508],[72.9376,19.1616],[72.9403,19.1708],[72.9444,19.1757],[72.9528,19.1754],[72.9545,19.174],[72.9534,19.1762],[72.9542,19.1834]]}},{"type":"Feature","properties":{"id":"transit_route:gtfs_mumbai_best:BEST_4494","field":"public_transport","kind":"transit_route","name":"MAHARANA PRATAP CHOWK (MULUND CHECK NAKA-W) to AGARKAR CHOWK (ANDHERI-E) (UP)","ref":"396 AS","status":"operational","opened_on":null,"expected_completion":null,"agency":"BEST","source":"gtfs_mumbai_best","confidence":0.7,"mode":"bus","tier":"secondary","geometry_source":"stop_sequence"},"geometry":{"type":"LineString","coordinates":[[72.9543,19.1833],[72.9538,19.1785],[72.9566,19.1733],[72.9533,19.1763],[72.9421,19.1749],[72.9384,19.1659],[72.9377,19.1507],[72.9238,19.1253],[72.919,19.1274],[72.9139,19.1241],[72.9097,19.1238],[72.9066,19.1202],[72.9038,19.1192],[72.8997,19.1201],[72.8981,19.1232],[72.8934,19.1256],[72.8892,19.1162],[72.8881,19.107],[72.8853,19.1056],[72.8577,19.1151],[72.8488,19.1199]]}},{"type":"Feature","properties":{"id":"transit_route:gtfs_mumbai_best:BEST_2900","field":"public_transport","kind":"transit_route","name":"KANNAMWAR NAGAR; BUILDING NO.124 to VIKHROLI BUS STATION (E) (DOWN)","ref":"397 AS","status":"operational","opened_on":null,"expected_completion":null,"agency":"BEST","source":"gtfs_mumbai_best","confidence":0.7,"mode":"bus","tier":"secondary","geometry_source":"stop_sequence"},"geometry":{"type":"LineString","coordinates":[[72.9403,19.1224],[72.9407,19.1158],[72.9356,19.1137],[72.9335,19.1093],[72.9295,19.1102]]}},{"type":"Feature","properties":{"id":"transit_route:gtfs_mumbai_best:BEST_2901","field":"public_transport","kind":"transit_route","name":"VIKHROLI BUS STATION (E) to KANNAMWAR NAGAR; BUILDING NO.124 (UP)","ref":"397 AS","status":"operational","opened_on":null,"expected_completion":null,"agency":"BEST","source":"gtfs_mumbai_best","confidence":0.7,"mode":"bus","tier":"secondary","geometry_source":"stop_sequence"},"geometry":{"type":"LineString","coordinates":[[72.9289,19.1103],[72.9335,19.1093],[72.9356,19.1138],[72.9391,19.1146],[72.9409,19.1164],[72.9403,19.1224]]}},{"type":"Feature","properties":{"id":"transit_route:gtfs_mumbai_best:BEST_3924","field":"public_transport","kind":"transit_route","name":"DINDOSHI DEPOT to MAHARANA PRATAP CHOWK (MULUND CHECK NAKA-W) (DOWN)","ref":"398 LTD","status":"operational","opened_on":null,"expected_completion":null,"agency":"BEST","source":"gtfs_mumbai_best","confidence":0.7,"mode":"bus","tier":"secondary","geometry_source":"stop_sequence"},"geometry":{"type":"LineString","coordinates":[[72.8657,19.1759],[72.8612,19.1746],[72.8592,19.1706],[72.8604,19.1661],[72.87,19.1644],[72.8745,19.1578],[72.8778,19.1446],[72.8819,19.1364],[72.8797,19.126],[72.8801,19.1135],[72.8827,19.1124],[72.8809,19.1085],[72.8859,19.1052],[72.8879,19.1064],[72.8911,19.1213],[72.8948,19.1256],[72.8983,19.1231],[72.9119,19.1239],[72.9171,19.1257],[72.9191,19.1282],[72.9252,19.1264],[72.9258,19.1295],[72.9376,19.1508],[72.9376,19.1616],[72.9403,19.1707],[72.9444,19.1757],[72.9528,19.1754],[72.9545,19.174],[72.9534,19.1762],[72.9542,19.1834]]}},{"type":"Feature","properties":{"id":"transit_route:gtfs_mumbai_best:BEST_3925","field":"public_transport","kind":"transit_route","name":"MAHARANA PRATAP CHOWK (MULUND CHECK NAKA-W) to DINDOSHI DEPOT (UP)","ref":"398 LTD","status":"operational","opened_on":null,"expected_completion":null,"agency":"BEST","source":"gtfs_mumbai_best","confidence":0.7,"mode":"bus","tier":"secondary","geometry_source":"stop_sequence"},"geometry":{"type":"LineString","coordinates":[[72.9543,19.1833],[72.9538,19.1785],[72.9573,19.1738],[72.9533,19.1763],[72.9421,19.1749],[72.9384,19.1659],[72.9377,19.1507],[72.9238,19.1253],[72.919,19.1274],[72.9139,19.1241],[72.8997,19.1201],[72.8981,19.1232],[72.8934,19.1256],[72.8892,19.1162],[72.8881,19.107],[72.8856,19.1053],[72.8807,19.1075],[72.8785,19.1101],[72.8798,19.1152],[72.8795,19.1263],[72.8817,19.1366],[72.8776,19.1451],[72.8745,19.1581],[72.8703,19.164],[72.8584,19.1668],[72.8604,19.1746],[72.8657,19.1762]]}},{"type":"Feature","properties":{"id":"transit_route:gtfs_mumbai_best:BEST_4422","field":"public_transport","kind":"transit_route","name":"MAHARANA PRATAP CHOWK (MULUND CHECK NAKA-W) to TROMBAY (DOWN)","ref":"399 AS","status":"operational","opened_on":null,"expected_completion":null,"agency":"BEST","source":"gtfs_mumbai_best","confidence":0.7,"mode":"bus","tier":"secondary","geometry_source":"stop_sequence"},"geometry":{"type":"LineString","coordinates":[[72.9543,19.1843],[72.9471,19.182],[72.9421,19.1749],[72.9384,19.1659],[72.9377,19.1507],[72.9258,19.1292],[72.9253,19.1102],[72.9123,19.0929],[72.917,19.0881],[72.9097,19.0773],[72.9067,19.0744],[72.9031,19.074],[72.8999,19.067],[72.8883,19.0572],[72.8937,19.0502],[72.8944,19.0457],[72.9147,19.0457],[72.9386,19.0412],[72.9448,19.0384],[72.9492,19.0345]]}},{"type":"Feature","properties":{"id":"transit_route:gtfs_mumbai_best:BEST_4423","field":"public_transport","kind":"transit_route","name":"TROMBAY to MAHARANA PRATAP CHOWK (MULUND CHECK NAKA-W) (UP)","ref":"399 AS","status":"operational","opened_on":null,"expected_completion":null,"agency":"BEST","source":"gtfs_mumbai_best","confidence":0.7,"mode":"bus","tier":"secondary","geometry_source":"stop_sequence"},"geometry":{"type":"LineString","coordinates":[[72.9499,19.0339],[72.9467,19.0355],[72.9447,19.0385],[72.9396,19.0409],[72.9148,19.0453],[72.8933,19.0467],[72.8934,19.0499],[72.8886,19.055],[72.888,19.0575],[72.8997,19.0667],[72.9028,19.0738],[72.9064,19.0745],[72.9093,19.0771],[72.9169,19.0885],[72.9126,19.0917],[72.9123,19.0932],[72.9258,19.1116],[72.9258,19.1295],[72.9376,19.1508],[72.9381,19.1659],[72.9419,19.1749],[72.947,19.1821],[72.9536,19.1842]]}},{"type":"Feature","properties":{"id":"transit_route:gtfs_mumbai_best:BEST_2485","field":"public_transport","kind":"transit_route","name":"GOREGAON; OSHIWARA DEPOT to DR.M.IQBAL CHOWK (J J HOSPITAL) (DOWN)","ref":"4 AS","status":"operational","opened_on":null,"expected_completion":null,"agency":"BEST","source":"gtfs_mumbai_best","confidence":0.7,"mode":"bus","tier":"secondary","geometry_source":"stop_sequence"},"geometry":{"type":"LineString","coordinates":[[72.8353,19.1544],[72.8366,19.1554],[72.8446,19.1521],[72.8432,19.1483],[72.8433,19.1413],[72.8478,19.1339],[72.8467,19.1236],[72.8418,19.1125],[72.8395,19.1021],[72.8372,19.0603],[72.8385,19.0464],[72.8408,19.0414],[72.8422,19.0329],[72.8412,19.0239],[72.8472,19.0169],[72.8386,19.0027],[72.8321,18.9631]]}},{"type":"Feature","properties":{"id":"transit_route:gtfs_mumbai_best:BEST_2484","field":"public_transport","kind":"transit_route","name":"DR.M.IQBAL CHOWK (J J HOSPITAL) to GOREGAON; OSHIWARA DEPOT (UP)","ref":"4 AS","status":"operational","opened_on":null,"expected_completion":null,"agency":"BEST","source":"gtfs_mumbai_best","confidence":0.7,"mode":"bus","tier":"secondary","geometry_source":"stop_sequence"},"geometry":{"type":"LineString","coordinates":[[72.8319,18.9626],[72.8383,19.0019],[72.8468,19.0167],[72.8423,19.0217],[72.8408,19.0261],[72.8423,19.0366],[72.8385,19.0459],[72.8372,19.0611],[72.8399,19.1066],[72.8465,19.1237],[72.8476,19.134],[72.8432,19.1413],[72.8431,19.1486],[72.8445,19.1521],[72.8369,19.1551],[72.8356,19.1535]]}},{"type":"Feature","properties":{"id":"transit_route:gtfs_mumbai_best:BEST_2970","field":"public_transport","kind":"transit_route","name":"DINDOSHI DEPOT to PRABODHANKAR THACKERAY UDYAN BUS STATION (SEWREE) (DOWN)","ref":"40 C","status":"operational","opened_on":null,"expected_completion":null,"agency":"BEST","source":"gtfs_mumbai_best","confidence":0.7,"mode":"bus","tier":"secondary","geometry_source":"stop_sequence"},"geometry":{"type":"LineString","coordinates":[[72.8657,19.1762],[72.8612,19.1746],[72.8592,19.1706],[72.8551,19.1394],[72.8547,19.1149],[72.8561,19.1213],[72.8538,19.1082],[72.8547,19.1019],[72.8536,19.0977],[72.8517,19.0936],[72.844,19.0904],[72.8472,19.0792],[72.8467,19.0565],[72.8385,19.0464],[72.8409,19.0413],[72.8423,19.0336],[72.8409,19.0258],[72.8473,19.0169],[72.8417,19.0088],[72.8408,19.0047],[72.8446,19.0014],[72.8526,18.9982]]}},{"type":"Feature","properties":{"id":"transit_route:gtfs_mumbai_best:BEST_2971","field":"public_transport","kind":"transit_route","name":"PRABODHANKAR THACKERAY UDYAN BUS STATION (SEWREE) to DINDOSHI DEPOT (UP)","ref":"40 C","status":"operational","opened_on":null,"expected_completion":null,"agency":"BEST","source":"gtfs_mumbai_best","confidence":0.7,"mode":"bus","tier":"secondary","geometry_source":"stop_sequence"},"geometry":{"type":"LineString","coordinates":[[72.8516,18.9982],[72.8445,19.0014],[72.8402,19.0061],[72.8468,19.0167],[72.8417,19.0234],[72.8409,19.0266],[72.8421,19.0337],[72.8412,19.0405],[72.8385,19.0459],[72.8463,19.0564],[72.8464,19.0822],[72.8436,19.09],[72.8459,19.0921],[72.8517,19.0943],[72.8539,19.0999],[72.8539,19.1109],[72.8558,19.1209],[72.8547,19.1418],[72.8586,19.1693],[72.8606,19.1746],[72.8657,19.1759]]}},{"type":"Feature","properties":{"id":"transit_route:gtfs_mumbai_best:BEST_2634","field":"public_transport","kind":"transit_route","name":"KAMALA NEHRU PARK (MALABAR HILL) to FERRY WHARF (DOWN)","ref":"42 AS","status":"operational","opened_on":null,"expected_completion":null,"agency":"BEST","source":"gtfs_mumbai_best","confidence":0.7,"mode":"bus","tier":"secondary","geometry_source":"stop_sequence"},"geometry":{"type":"LineString","coordinates":[[72.8045,18.955],[72.7962,18.9466],[72.8068,18.9536],[72.8144,18.962],[72.8159,18.962],[72.8178,18.9575],[72.8325,18.9583],[72.8341,18.9574],[72.8365,18.9591],[72.8401,18.9681],[72.8415,18.9684],[72.8436,18.9684],[72.8461,18.9591],[72.8496,18.957]]}},{"type":"Feature","properties":{"id":"transit_route:gtfs_mumbai_best:BEST_2635","field":"public_transport","kind":"transit_route","name":"FERRY WHARF to KAMALA NEHRU PARK (MALABAR HILL) (UP)","ref":"42 AS","status":"operational","opened_on":null,"expected_completion":null,"agency":"BEST","source":"gtfs_mumbai_best","confidence":0.7,"mode":"bus","tier":"secondary","geometry_source":"stop_sequence"},"geometry":{"type":"LineString","coordinates":[[72.8496,18.957],[72.8461,18.9589],[72.8435,18.9684],[72.8405,18.9683],[72.8378,18.9625],[72.8384,18.9589],[72.8167,18.9573],[72.8172,18.9603],[72.8147,18.9619],[72.8067,18.9535],[72.7962,18.9466],[72.8046,18.9554]]}},{"type":"Feature","properties":{"id":"transit_route:gtfs_mumbai_best:BEST_4215","field":"public_transport","kind":"transit_route","name":"WORLI DEPOT to SHRAWAN YASHWANTE CHOWK (KALA CHOWKY) (DOWN)","ref":"44 AS","status":"operational","opened_on":null,"expected_completion":null,"agency":"BEST","source":"gtfs_mumbai_best","confidence":0.7,"mode":"bus","tier":"secondary","geometry_source":"stop_sequence"},"geometry":{"type":"LineString","coordinates":[[72.82,19.0135],[72.8189,19.0165],[72.8231,19.0159],[72.8229,19.0126],[72.8186,19.0072],[72.8209,19.0049],[72.8179,18.9997],[72.8285,18.9982],[72.8359,18.99],[72.8416,18.9876]]}},{"type":"Feature","properties":{"id":"transit_route:gtfs_mumbai_best:BEST_4216","field":"public_transport","kind":"transit_route","name":"SHRAWAN YASHWANTE CHOWK (KALA CHOWKY) to WORLI DEPOT (UP)","ref":"44 AS","status":"operational","opened_on":null,"expected_completion":null,"agency":"BEST","source":"gtfs_mumbai_best","confidence":0.7,"mode":"bus","tier":"secondary","geometry_source":"stop_sequence"},"geometry":{"type":"LineString","coordinates":[[72.8414,18.9876],[72.8365,18.9884],[72.8353,18.9952],[72.8281,18.9981],[72.822,18.9978],[72.8225,18.9932],[72.8201,18.9933],[72.8175,18.9993],[72.821,19.0053],[72.8184,19.0073],[72.8237,19.014],[72.822,19.0164],[72.8201,19.0168],[72.8199,19.014]]}},{"type":"Feature","properties":{"id":"transit_route:gtfs_mumbai_best:BEST_1563","field":"public_transport","kind":"transit_route","name":"DHARAVI DEPOT to FERRY WHARF (DOWN)","ref":"46","status":"operational","opened_on":null,"expected_completion":null,"agency":"BEST","source":"gtfs_mumbai_best","confidence":0.7,"mode":"bus","tier":"secondary","geometry_source":"stop_sequence"},"geometry":{"type":"LineString","coordinates":[[72.8578,19.0509],[72.8554,19.0484],[72.8478,19.0457],[72.8436,19.0461],[72.8418,19.0431],[72.8423,19.0336],[72.8409,19.0258],[72.8473,19.017],[72.8464,19.0141],[72.8513,19.0121],[72.8542,19.0088],[72.853,18.9964],[72.848,18.9903],[72.8417,18.9871],[72.8435,18.9797],[72.8406,18.9759],[72.8403,18.9732],[72.8415,18.9684],[72.8436,18.9684],[72.8461,18.9591],[72.8496,18.957]]}},{"type":"Feature","properties":{"id":"transit_route:gtfs_mumbai_best:BEST_1564","field":"public_transport","kind":"transit_route","name":"FERRY WHARF to DHARAVI DEPOT (UP)","ref":"46","status":"operational","opened_on":null,"expected_completion":null,"agency":"BEST","source":"gtfs_mumbai_best","confidence":0.7,"mode":"bus","tier":"secondary","geometry_source":"stop_sequence"},"geometry":{"type":"LineString","coordinates":[[72.8496,18.957],[72.8461,18.9589],[72.8435,18.9684],[72.8413,18.9684],[72.8402,18.9735],[72.8423,18.9846],[72.8416,18.9874],[72.8457,18.9889],[72.8508,18.9997],[72.8537,19.0013],[72.8541,19.0094],[72.8462,19.0143],[72.8468,19.0167],[72.8423,19.0217],[72.8408,19.026],[72.8421,19.0337],[72.8413,19.0402],[72.8416,19.0431],[72.8445,19.0445],[72.8428,19.0458],[72.847,19.0456],[72.8554,19.0485],[72.858,19.0512]]}},{"type":"Feature","properties":{"id":"transit_route:gtfs_mumbai_best:BEST_3118","field":"public_transport","kind":"transit_route","name":"VAISHALI NAGAR (MULUND-W) to MULUND RAILWAY STATION (W) (DOWN)","ref":"401 AS","status":"operational","opened_on":null,"expected_completion":null,"agency":"BEST","source":"gtfs_mumbai_best","confidence":0.7,"mode":"bus","tier":"secondary","geometry_source":"stop_sequence"},"geometry":{"type":"LineString","coordinates":[[72.9458,19.1872],[72.9528,19.1754],[72.9557,19.1728]]}},{"type":"Feature","properties":{"id":"transit_route:gtfs_mumbai_best:BEST_3119","field":"public_transport","kind":"transit_route","name":"MULUND RAILWAY STATION (W) to VAISHALI NAGAR (MULUND-W) (UP)","ref":"401 AS","status":"operational","opened_on":null,"expected_completion":null,"agency":"BEST","source":"gtfs_mumbai_best","confidence":0.7,"mode":"bus","tier":"secondary","geometry_source":"stop_sequence"},"geometry":{"type":"LineString","coordinates":[[72.9557,19.1728],[72.9568,19.173],[72.9457,19.1874]]}},{"type":"Feature","properties":{"id":"transit_route:gtfs_mumbai_best:BEST_2932","field":"public_transport","kind":"transit_route","name":"VAISHALI NAGAR (MULUND-W) to MULUND RAILWAY STATION (W) (DOWN)","ref":"402 AS","status":"operational","opened_on":null,"expected_completion":null,"agency":"BEST","source":"gtfs_mumbai_best","confidence":0.7,"mode":"bus","tier":"secondary","geometry_source":"stop_sequence"},"geometry":{"type":"LineString","coordinates":[[72.9458,19.1872],[72.9485,19.1832],[72.9454,19.179],[72.9498,19.1781],[72.9557,19.1728]]}},{"type":"Feature","properties":{"id":"transit_route:gtfs_mumbai_best:BEST_2933","field":"public_transport","kind":"transit_route","name":"MULUND RAILWAY STATION (W) to VAISHALI NAGAR (MULUND-W) (UP)","ref":"402 AS","status":"operational","opened_on":null,"expected_completion":null,"agency":"BEST","source":"gtfs_mumbai_best","confidence":0.7,"mode":"bus","tier":"secondary","geometry_source":"stop_sequence"},"geometry":{"type":"LineString","coordinates":[[72.9557,19.1728],[72.9568,19.173],[72.9506,19.1787],[72.9454,19.1792],[72.9483,19.1832],[72.9457,19.1874]]}},{"type":"Feature","properties":{"id":"transit_route:gtfs_mumbai_best:BEST_3120","field":"public_transport","kind":"transit_route","name":"AGARKAR CHOWK (ANDHERI-E) to MHADA COLONY BUS STATION (MULUND-E) (DOWN)","ref":"403 AS","status":"operational","opened_on":null,"expected_completion":null,"agency":"BEST","source":"gtfs_mumbai_best","confidence":0.7,"mode":"bus","tier":"secondary","geometry_source":"stop_sequence"},"geometry":{"type":"LineString","coordinates":[[72.8486,19.1197],[72.8479,19.1177],[72.8516,19.1187],[72.8586,19.1151],[72.8651,19.1179],[72.8698,19.1184],[72.8712,19.1229],[72.8762,19.1297],[72.8782,19.13],[72.8875,19.1285],[72.8905,19.1263],[72.8948,19.1256],[72.9006,19.1201],[72.904,19.1194],[72.9067,19.1205],[72.9097,19.124],[72.9171,19.1257],[72.9197,19.1288],[72.9252,19.1264],[72.9258,19.1295],[72.9376,19.1508],[72.9383,19.1638],[72.9457,19.1619],[72.947,19.165],[72.9449,19.1679],[72.9519,19.1756],[72.9545,19.174],[72.9581,19.1745],[72.9614,19.1729],[72.9582,19.1717],[72.9636,19.1667],[72.9656,19.1662],[72.9681,19.1694]]}},{"type":"Feature","properties":{"id":"transit_route:gtfs_mumbai_best:BEST_3121","field":"public_transport","kind":"transit_route","name":"MHADA COLONY BUS STATION (MULUND-E) to AGARKAR CHOWK (ANDHERI-E) (UP)","ref":"403 AS","status":"operational","opened_on":null,"expected_completion":null,"agency":"BEST","source":"gtfs_mumbai_best","confidence":0.7,"mode":"bus","tier":"secondary","geometry_source":"stop_sequence"},"geometry":{"type":"LineString","coordinates":[[72.9682,19.1689],[72.9655,19.1661],[72.9594,19.1693],[72.9583,19.1714],[72.9619,19.1735],[72.951,19.1748],[72.9447,19.1675],[72.9473,19.1641],[72.9456,19.1617],[72.9388,19.1636],[72.9375,19.1593],[72.9377,19.1507],[72.9238,19.1253],[72.919,19.1274],[72.9139,19.1241],[72.9097,19.1238],[72.9066,19.1202],[72.9038,19.1192],[72.8997,19.1201],[72.8981,19.1232],[72.8941,19.126],[72.89,19.1264],[72.8839,19.1293],[72.8773,19.1298],[72.8719,19.1236],[72.8701,19.1186],[72.8577,19.1151],[72.8488,19.1199]]}},{"type":"Feature","properties":{"id":"transit_route:gtfs_mumbai_best:BEST_2823","field":"public_transport","kind":"transit_route","name":"SHIVAJI NAGAR BUS STATION to GHATKOPAR STATION (E) (DOWN)","ref":"404 AS","status":"operational","opened_on":null,"expected_completion":null,"agency":"BEST","source":"gtfs_mumbai_best","confidence":0.7,"mode":"bus","tier":"secondary","geometry_source":"stop_sequence"},"geometry":{"type":"LineString","coordinates":[[72.929,19.0661],[72.9234,19.0682],[72.921,19.0677],[72.9184,19.0625],[72.9124,19.0636],[72.9081,19.0723],[72.9126,19.0757],[72.9124,19.0779],[72.9087,19.079],[72.9057,19.0839],[72.9078,19.0849]]}},{"type":"Feature","properties":{"id":"transit_route:gtfs_mumbai_best:BEST_2824","field":"public_transport","kind":"transit_route","name":"GHATKOPAR STATION (E) to SHIVAJI NAGAR BUS STATION (UP)","ref":"404 AS","status":"operational","opened_on":null,"expected_completion":null,"agency":"BEST","source":"gtfs_mumbai_best","confidence":0.7,"mode":"bus","tier":"secondary","geometry_source":"stop_sequence"},"geometry":{"type":"LineString","coordinates":[[72.9078,19.085],[72.9088,19.0791],[72.9137,19.0772],[72.9156,19.0777],[72.9085,19.0702],[72.9131,19.0637],[72.9185,19.0628],[72.9209,19.0675],[72.9234,19.0682],[72.9292,19.0659]]}},{"type":"Feature","properties":{"id":"transit_route:gtfs_mumbai_best:BEST_2934","field":"public_transport","kind":"transit_route","name":"YOGI HILLS (MULUND-W) to MULUND RAILWAY STATION (W) (DOWN)","ref":"405 AS","status":"operational","opened_on":null,"expected_completion":null,"agency":"BEST","source":"gtfs_mumbai_best","confidence":0.7,"mode":"bus","tier":"secondary","geometry_source":"stop_sequence"},"geometry":{"type":"LineString","coordinates":[[72.9386,19.1842],[72.942,19.1827],[72.9432,19.1845],[72.9464,19.1854],[72.9518,19.1836],[72.9538,19.1785],[72.9528,19.1754],[72.9557,19.1728]]}},{"type":"Feature","properties":{"id":"transit_route:gtfs_mumbai_best:BEST_2935","field":"public_transport","kind":"transit_route","name":"MULUND RAILWAY STATION (W) to YOGI HILLS (MULUND-W) (UP)","ref":"405 AS","status":"operational","opened_on":null,"expected_completion":null,"agency":"BEST","source":"gtfs_mumbai_best","confidence":0.7,"mode":"bus","tier":"secondary","geometry_source":"stop_sequence"},"geometry":{"type":"LineString","coordinates":[[72.9557,19.1728],[72.9563,19.1737],[72.9534,19.1762],[72.9539,19.1827],[72.9526,19.1837],[72.9474,19.1856],[72.9434,19.1846],[72.9421,19.1828],[72.9388,19.1843]]}},{"type":"Feature","properties":{"id":"transit_route:gtfs_mumbai_best:BEST_3318","field":"public_transport","kind":"transit_route","name":"RAILWAY POLICE COLONY to GHATKOPAR STATION (E) (DOWN)","ref":"406","status":"operational","opened_on":null,"expected_completion":null,"agency":"BEST","source":"gtfs_mumbai_best","confidence":0.7,"mode":"bus","tier":"secondary","geometry_source":"stop_sequence"},"geometry":{"type":"LineString","coordinates":[[72.9153,19.0791],[72.9136,19.0848],[72.9101,19.0855]]}},{"type":"Feature","properties":{"id":"transit_route:gtfs_mumbai_best:BEST_3319","field":"public_transport","kind":"transit_route","name":"GHATKOPAR STATION (E) to RAILWAY POLICE COLONY (UP)","ref":"406","status":"operational","opened_on":null,"expected_completion":null,"agency":"BEST","source":"gtfs_mumbai_best","confidence":0.7,"mode":"bus","tier":"secondary","geometry_source":"stop_sequence"},"geometry":{"type":"LineString","coordinates":[[72.9101,19.0855],[72.9136,19.0848],[72.9155,19.0792]]}},{"type":"Feature","properties":{"id":"transit_route:gtfs_mumbai_best:BEST_4495","field":"public_transport","kind":"transit_route","name":"SAHAR CARGO COMPLEX to MAHARANA PRATAP CHOWK (MULUND CHECK NAKA-W) (DOWN)","ref":"409 AS","status":"operational","opened_on":null,"expected_completion":null,"agency":"BEST","source":"gtfs_mumbai_best","confidence":0.7,"mode":"bus","tier":"secondary","geometry_source":"stop_sequence"},"geometry":{"type":"LineString","coordinates":[[72.8654,19.0973],[72.8632,19.1015],[72.8669,19.103],[72.8711,19.1032],[72.8752,19.1032],[72.8763,19.1021],[72.8747,19.1012],[72.8744,19.1041],[72.875,19.1068],[72.8805,19.108],[72.8872,19.1051],[72.8883,19.1117],[72.8927,19.1146],[72.9027,19.1133],[72.9059,19.1161],[72.9069,19.1144],[72.9086,19.1149],[72.9124,19.1196],[72.9129,19.1231],[72.9197,19.1288],[72.9252,19.1264],[72.9308,19.139],[72.9283,19.1399],[72.9288,19.1461],[72.9338,19.1506],[72.9375,19.1514],[72.9381,19.1659],[72.9419,19.1749],[72.9483,19.1832],[72.9536,19.1831]]}},{"type":"Feature","properties":{"id":"transit_route:gtfs_mumbai_best:BEST_4496","field":"public_transport","kind":"transit_route","name":"MAHARANA PRATAP CHOWK (MULUND CHECK NAKA-W) to SAHAR CARGO COMPLEX (UP)","ref":"409 AS","status":"operational","opened_on":null,"expected_completion":null,"agency":"BEST","source":"gtfs_mumbai_best","confidence":0.7,"mode":"bus","tier":"secondary","geometry_source":"stop_sequence"},"geometry":{"type":"LineString","coordinates":[[72.9537,19.1831],[72.9492,19.1833],[72.9471,19.182],[72.9421,19.1749],[72.9377,19.1614],[72.9377,19.1507],[72.9363,19.1472],[72.9296,19.1476],[72.9287,19.146],[72.9284,19.1399],[72.9309,19.1389],[72.9238,19.1253],[72.919,19.1274],[72.9139,19.1241],[72.9086,19.1148],[72.9059,19.1154],[72.9028,19.1132],[72.8936,19.1148],[72.8882,19.1111],[72.8881,19.107],[72.8852,19.1057],[72.8775,19.1087],[72.8751,19.1066],[72.8746,19.1042],[72.8763,19.1021],[72.8744,19.1007],[72.8714,19.103],[72.8634,19.1015],[72.8654,19.0974]]}},{"type":"Feature","properties":{"id":"transit_route:gtfs_mumbai_best:BEST_4406","field":"public_transport","kind":"transit_route","name":"KONDIVITA CAVES; MAHAKALI CAVES to VIKHROLI DEPOT (DOWN)","ref":"410 AS","status":"operational","opened_on":null,"expected_completion":null,"agency":"BEST","source":"gtfs_mumbai_best","confidence":0.7,"mode":"bus","tier":"secondary","geometry_source":"stop_sequence"},"geometry":{"type":"LineString","coordinates":[[72.8727,19.1304],[72.87,19.1297],[72.8644,19.1243],[72.8628,19.1172],[72.8642,19.1132],[72.8834,19.1075],[72.8989,19.0941],[72.902,19.098],[72.9041,19.0957],[72.9042,19.0904],[72.9089,19.0869],[72.9099,19.0907],[72.9079,19.094],[72.9078,19.0987],[72.9119,19.1013],[72.9177,19.0995],[72.9188,19.1007]]}},{"type":"Feature","properties":{"id":"transit_route:gtfs_mumbai_best:BEST_4407","field":"public_transport","kind":"transit_route","name":"VIKHROLI DEPOT to KONDIVITA CAVES; MAHAKALI CAVES (UP)","ref":"410 AS","status":"operational","opened_on":null,"expected_completion":null,"agency":"BEST","source":"gtfs_mumbai_best","confidence":0.7,"mode":"bus","tier":"secondary","geometry_source":"stop_sequence"},"geometry":{"type":"LineString","coordinates":[[72.9189,19.1009],[72.9171,19.0986],[72.9119,19.1012],[72.9087,19.0999],[72.9078,19.0986],[72.9087,19.0864],[72.9041,19.089],[72.9036,19.0977],[72.9015,19.0978],[72.8989,19.0937],[72.8856,19.1053],[72.8618,19.1142],[72.8613,19.116],[72.8628,19.1171],[72.8645,19.1245],[72.8697,19.1294],[72.8728,19.1304]]}},{"type":"Feature","properties":{"id":"transit_route:gtfs_mumbai_best:BEST_4586","field":"public_transport","kind":"transit_route","name":"SANGHARSH NAGAR (CHANDIVALI) to WADALA BUS DEPOT (DOWN)","ref":"411","status":"operational","opened_on":null,"expected_completion":null,"agency":"BEST","source":"gtfs_mumbai_best","confidence":0.7,"mode":"bus","tier":"secondary","geometry_source":"stop_sequence"},"geometry":{"type":"LineString","coordinates":[[72.9012,19.1081],[72.8991,19.1064],[72.8971,19.1079],[72.896,19.1146],[72.8936,19.1148],[72.8882,19.1111],[72.8881,19.107],[72.8846,19.1015],[72.881,19.0861],[72.8855,19.0847],[72.8821,19.0825],[72.8766,19.0748],[72.8744,19.0645],[72.868,19.0538],[72.8578,19.0509],[72.8603,19.0469],[72.8547,19.0395],[72.8549,19.0375],[72.8594,19.0336],[72.8569,19.0272],[72.8568,19.0219],[72.8553,19.0184],[72.8525,19.0165],[72.8526,19.0148]]}},{"type":"Feature","properties":{"id":"transit_route:gtfs_mumbai_best:BEST_4587","field":"public_transport","kind":"transit_route","name":"WADALA BUS DEPOT to SANGHARSH NAGAR (CHANDIVALI) (UP)","ref":"411","status":"operational","opened_on":null,"expected_completion":null,"agency":"BEST","source":"gtfs_mumbai_best","confidence":0.7,"mode":"bus","tier":"secondary","geometry_source":"stop_sequence"},"geometry":{"type":"LineString","coordinates":[[72.8527,19.0147],[72.8524,19.0164],[72.8555,19.0186],[72.8571,19.024],[72.8562,19.0279],[72.8588,19.0326],[72.8548,19.0375],[72.8591,19.0481],[72.858,19.0512],[72.8681,19.0541],[72.8728,19.0614],[72.8766,19.0754],[72.88,19.0794],[72.8846,19.1016],[72.8879,19.1064],[72.8883,19.1117],[72.8927,19.1146],[72.8957,19.1146],[72.8975,19.111],[72.8972,19.1077],[72.8992,19.1065],[72.9011,19.1081]]}},{"type":"Feature","properties":{"id":"transit_route:gtfs_mumbai_best:BEST_4309","field":"public_transport","kind":"transit_route","name":"GHATI PADA to MULUND RAILWAY STATION (W) (DOWN)","ref":"412 AS","status":"operational","opened_on":null,"expected_completion":null,"agency":"BEST","source":"gtfs_mumbai_best","confidence":0.7,"mode":"bus","tier":"secondary","geometry_source":"stop_sequence"},"geometry":{"type":"LineString","coordinates":[[72.9418,19.187],[72.9457,19.1865],[72.9483,19.1845],[72.9458,19.1785],[72.9498,19.1781],[72.9557,19.1728]]}},{"type":"Feature","properties":{"id":"transit_route:gtfs_mumbai_best:BEST_4310","field":"public_transport","kind":"transit_route","name":"MULUND RAILWAY STATION (W) to GHATI PADA (UP)","ref":"412 AS","status":"operational","opened_on":null,"expected_completion":null,"agency":"BEST","source":"gtfs_mumbai_best","confidence":0.7,"mode":"bus","tier":"secondary","geometry_source":"stop_sequence"},"geometry":{"type":"LineString","coordinates":[[72.9557,19.1728],[72.9568,19.173],[72.9506,19.1787],[72.9454,19.1792],[72.9483,19.1832],[72.9474,19.1856],[72.9462,19.1868],[72.9418,19.187]]}},{"type":"Feature","properties":{"id":"transit_route:gtfs_mumbai_best:BEST_2097","field":"public_transport","kind":"transit_route","name":"SANTACRUZ STATION (E) to KUNCHI KURVE NAGAR (DOWN)","ref":"413","status":"operational","opened_on":null,"expected_completion":null,"agency":"BEST","source":"gtfs_mumbai_best","confidence":0.7,"mode":"bus","tier":"secondary","geometry_source":"stop_sequence"},"geometry":{"type":"LineString","coordinates":[[72.8424,19.0814],[72.8495,19.0803],[72.858,19.0819],[72.8629,19.0778],[72.8666,19.0787],[72.8699,19.0772]]}},{"type":"Feature","properties":{"id":"transit_route:gtfs_mumbai_best:BEST_2098","field":"public_transport","kind":"transit_route","name":"KUNCHI KURVE NAGAR to SANTACRUZ STATION (E) (UP)","ref":"413","status":"operational","opened_on":null,"expected_completion":null,"agency":"BEST","source":"gtfs_mumbai_best","confidence":0.7,"mode":"bus","tier":"secondary","geometry_source":"stop_sequence"},"geometry":{"type":"LineString","coordinates":[[72.8698,19.0776],[72.8667,19.0787],[72.862,19.0779],[72.8582,19.0819],[72.8495,19.0801],[72.8424,19.0814]]}},{"type":"Feature","properties":{"id":"transit_route:gtfs_mumbai_best:BEST_3386","field":"public_transport","kind":"transit_route","name":"MULUND RAILWAY STATION (W) to NAHUR BUS STATION (DOWN)","ref":"414 AS","status":"operational","opened_on":null,"expected_completion":null,"agency":"BEST","source":"gtfs_mumbai_best","confidence":0.7,"mode":"bus","tier":"secondary","geometry_source":"stop_sequence"},"geometry":{"type":"LineString","coordinates":[[72.9557,19.1728],[72.9473,19.1641],[72.9447,19.1643],[72.9439,19.1706]]}},{"type":"Feature","properties":{"id":"transit_route:gtfs_mumbai_best:BEST_3387","field":"public_transport","kind":"transit_route","name":"NAHUR BUS STATION to MULUND RAILWAY STATION (W) (UP)","ref":"414 AS","status":"operational","opened_on":null,"expected_completion":null,"agency":"BEST","source":"gtfs_mumbai_best","confidence":0.7,"mode":"bus","tier":"secondary","geometry_source":"stop_sequence"},"geometry":{"type":"LineString","coordinates":[[72.9439,19.1706],[72.9447,19.1643],[72.9471,19.1639],[72.9557,19.1728]]}},{"type":"Feature","properties":{"id":"transit_route:gtfs_mumbai_best:BEST_3826","field":"public_transport","kind":"transit_route","name":"SEEPZ BUS STATION to AGARKAR CHOWK (ANDHERI-E) (DOWN)","ref":"415 AS","status":"operational","opened_on":null,"expected_completion":null,"agency":"BEST","source":"gtfs_mumbai_best","confidence":0.7,"mode":"bus","tier":"secondary","geometry_source":"stop_sequence"},"geometry":{"type":"LineString","coordinates":[[72.8726,19.1246],[72.8701,19.1186],[72.8577,19.1151],[72.8488,19.1199]]}},{"type":"Feature","properties":{"id":"transit_route:gtfs_mumbai_best:BEST_3827","field":"public_transport","kind":"transit_route","name":"AGARKAR CHOWK (ANDHERI-E) to SEEPZ BUS STATION (UP)","ref":"415 AS","status":"operational","opened_on":null,"expected_completion":null,"agency":"BEST","source":"gtfs_mumbai_best","confidence":0.7,"mode":"bus","tier":"secondary","geometry_source":"stop_sequence"},"geometry":{"type":"LineString","coordinates":[[72.8479,19.1177],[72.8516,19.1187],[72.8586,19.1151],[72.8651,19.1179],[72.8698,19.1184],[72.8723,19.1244]]}},{"type":"Feature","properties":{"id":"transit_route:gtfs_mumbai_best:BEST_4209","field":"public_transport","kind":"transit_route","name":"AMRUT NAGAR (VIKHROLI-W) to GHATKOPAR STATION (W) (DOWN)","ref":"416 AS","status":"operational","opened_on":null,"expected_completion":null,"agency":"BEST","source":"gtfs_mumbai_best","confidence":0.7,"mode":"bus","tier":"secondary","geometry_source":"stop_sequence"},"geometry":{"type":"LineString","coordinates":[[72.9119,19.1012],[72.9087,19.0999],[72.9078,19.0974],[72.9089,19.0869]]}},{"type":"Feature","properties":{"id":"transit_route:gtfs_mumbai_best:BEST_4210","field":"public_transport","kind":"transit_route","name":"GHATKOPAR STATION (W) to AMRUT NAGAR (VIKHROLI-W) (UP)","ref":"416 AS","status":"operational","opened_on":null,"expected_completion":null,"agency":"BEST","source":"gtfs_mumbai_best","confidence":0.7,"mode":"bus","tier":"secondary","geometry_source":"stop_sequence"},"geometry":{"type":"LineString","coordinates":[[72.908,19.0867],[72.9078,19.0987],[72.9119,19.1013]]}},{"type":"Feature","properties":{"id":"transit_route:gtfs_mumbai_best:BEST_2101","field":"public_transport","kind":"transit_route","name":"HIRANANDANI; POWAI BUS STATION to VIKHROLI STATION (W) (DOWN)","ref":"418","status":"operational","opened_on":null,"expected_completion":null,"agency":"BEST","source":"gtfs_mumbai_best","confidence":0.7,"mode":"bus","tier":"secondary","geometry_source":"stop_sequence"},"geometry":{"type":"LineString","coordinates":[[72.9056,19.1177],[72.9069,19.1144],[72.9107,19.1128],[72.9117,19.116],[72.9107,19.1173],[72.9124,19.1187],[72.9152,19.1182],[72.918,19.1122],[72.9176,19.1041],[72.9195,19.1028],[72.9275,19.1107]]}},{"type":"Feature","properties":{"id":"transit_route:gtfs_mumbai_best:BEST_2102","field":"public_transport","kind":"transit_route","name":"VIKHROLI STATION (W) to HIRANANDANI; POWAI BUS STATION (UP)","ref":"418","status":"operational","opened_on":null,"expected_completion":null,"agency":"BEST","source":"gtfs_mumbai_best","confidence":0.7,"mode":"bus","tier":"secondary","geometry_source":"stop_sequence"},"geometry":{"type":"LineString","coordinates":[[72.9275,19.1107],[72.9253,19.1102],[72.9194,19.1028],[72.9172,19.1043],[72.9175,19.1142],[72.9152,19.1182],[72.9128,19.1186],[72.9107,19.1173],[72.9132,19.1143],[72.9108,19.1128],[72.9059,19.1154],[72.9056,19.1177]]}},{"type":"Feature","properties":{"id":"transit_route:gtfs_mumbai_best:BEST_3042","field":"public_transport","kind":"transit_route","name":"SANGHARSH NAGAR (CHANDIVALI) to GHATKOPAR STATION (W) (DOWN)","ref":"419 AS","status":"operational","opened_on":null,"expected_completion":null,"agency":"BEST","source":"gtfs_mumbai_best","confidence":0.7,"mode":"bus","tier":"secondary","geometry_source":"stop_sequence"},"geometry":{"type":"LineString","coordinates":[[72.9011,19.1081],[72.901,19.1118],[72.8988,19.1141],[72.8969,19.1112],[72.896,19.1146],[72.8907,19.1133],[72.8878,19.1096],[72.8881,19.107],[72.8937,19.1064],[72.8976,19.1033],[72.8986,19.1009],[72.8978,19.0957],[72.8997,19.0942],[72.902,19.098],[72.9045,19.0974],[72.9036,19.0916],[72.9088,19.0879]]}},{"type":"Feature","properties":{"id":"transit_route:gtfs_mumbai_best:BEST_3043","field":"public_transport","kind":"transit_route","name":"GHATKOPAR STATION (W) to SANGHARSH NAGAR (CHANDIVALI) (UP)","ref":"419 AS","status":"operational","opened_on":null,"expected_completion":null,"agency":"BEST","source":"gtfs_mumbai_best","confidence":0.7,"mode":"bus","tier":"secondary","geometry_source":"stop_sequence"},"geometry":{"type":"LineString","coordinates":[[72.908,19.0867],[72.9076,19.0857],[72.9041,19.089],[72.9036,19.0977],[72.9021,19.098],[72.8997,19.0939],[72.8977,19.097],[72.8989,19.1025],[72.8935,19.1064],[72.8879,19.1064],[72.8877,19.1092],[72.8883,19.1117],[72.8927,19.1146],[72.8957,19.1146],[72.8967,19.1113],[72.8992,19.1141],[72.901,19.112],[72.9013,19.1086]]}},{"type":"Feature","properties":{"id":"transit_route:gtfs_mumbai_best:BEST_3138","field":"public_transport","kind":"transit_route","name":"MHADA COLONY (CHANDIVALI) to GHATKOPAR STATION (W) (DOWN)","ref":"421 AS","status":"operational","opened_on":null,"expected_completion":null,"agency":"BEST","source":"gtfs_mumbai_best","confidence":0.7,"mode":"bus","tier":"secondary","geometry_source":"stop_sequence"},"geometry":{"type":"LineString","coordinates":[[72.8967,19.1113],[72.8976,19.1033],[72.8991,19.1028],[72.8978,19.0957],[72.9088,19.0879]]}},{"type":"Feature","properties":{"id":"transit_route:gtfs_mumbai_best:BEST_3140","field":"public_transport","kind":"transit_route","name":"GHATKOPAR STATION (W) to MHADA COLONY (CHANDIVALI) (UP)","ref":"421 AS","status":"operational","opened_on":null,"expected_completion":null,"agency":"BEST","source":"gtfs_mumbai_best","confidence":0.7,"mode":"bus","tier":"secondary","geometry_source":"stop_sequence"},"geometry":{"type":"LineString","coordinates":[[72.9076,19.0857],[72.9059,19.0875],[72.9025,19.0882],[72.9017,19.092],[72.898,19.0952],[72.8989,19.1025],[72.8978,19.1032],[72.8967,19.1113]]}},{"type":"Feature","properties":{"id":"transit_route:gtfs_mumbai_best:BEST_4181","field":"public_transport","kind":"transit_route","name":"BANDRA (W) BUS STATION to VIKHROLI DEPOT (DOWN)","ref":"422 AS","status":"operational","opened_on":null,"expected_completion":null,"agency":"BEST","source":"gtfs_mumbai_best","confidence":0.7,"mode":"bus","tier":"secondary","geometry_source":"stop_sequence"},"geometry":{"type":"LineString","coordinates":[[72.8398,19.054],[72.8339,19.0574],[72.8349,19.064],[72.8335,19.0687],[72.8344,19.0829],[72.838,19.0851],[72.8394,19.1043],[72.8425,19.1146],[72.8476,19.1155],[72.8621,19.1111],[72.8687,19.1119],[72.8834,19.1075],[72.8859,19.1052],[72.8879,19.1064],[72.8895,19.1174],[72.8926,19.1242],[72.8948,19.1256],[72.9006,19.1201],[72.904,19.1194],[72.9067,19.1205],[72.9097,19.124],[72.9171,19.1257],[72.9191,19.1282],[72.9253,19.1244],[72.9262,19.1135],[72.9253,19.1102],[72.9188,19.1007]]}},{"type":"Feature","properties":{"id":"transit_route:gtfs_mumbai_best:BEST_4182","field":"public_transport","kind":"transit_route","name":"VIKHROLI DEPOT to BANDRA (W) BUS STATION (UP)","ref":"422 AS","status":"operational","opened_on":null,"expected_completion":null,"agency":"BEST","source":"gtfs_mumbai_best","confidence":0.7,"mode":"bus","tier":"secondary","geometry_source":"stop_sequence"},"geometry":{"type":"LineString","coordinates":[[72.9188,19.1007],[72.9241,19.1085],[72.9261,19.1137],[72.9252,19.1244],[72.919,19.1274],[72.9139,19.1241],[72.9097,19.1238],[72.9066,19.1202],[72.8927,19.1239],[72.8892,19.1162],[72.8881,19.107],[72.8852,19.1057],[72.8686,19.1117],[72.8621,19.1109],[72.8495,19.1152],[72.8433,19.1153],[72.8396,19.1048],[72.8397,19.095],[72.8374,19.0841],[72.8354,19.0844],[72.8338,19.0695],[72.8347,19.0632],[72.834,19.0572],[72.8399,19.0542]]}},{"type":"Feature","properties":{"id":"transit_route:gtfs_mumbai_best:BEST_4430","field":"public_transport","kind":"transit_route","name":"SANGHARSH NAGAR (CHANDIVALI) to MAHARANA PRATAP CHOWK (MULUND CHECK NAKA-W) (DOWN)","ref":"423","status":"operational","opened_on":null,"expected_completion":null,"agency":"BEST","source":"gtfs_mumbai_best","confidence":0.7,"mode":"bus","tier":"secondary","geometry_source":"stop_sequence"},"geometry":{"type":"LineString","coordinates":[[72.9012,19.1081],[72.8991,19.1064],[72.8971,19.1079],[72.8967,19.1113],[72.8992,19.1141],[72.9027,19.1133],[72.9059,19.1161],[72.9069,19.1144],[72.9086,19.1149],[72.9124,19.1196],[72.9129,19.1231],[72.9197,19.1288],[72.9252,19.1264],[72.9258,19.1295],[72.9376,19.1508],[72.9376,19.1616],[72.9403,19.1707],[72.9444,19.1757],[72.9528,19.1754],[72.9545,19.174],[72.9534,19.1762],[72.9542,19.1834]]}},{"type":"Feature","properties":{"id":"transit_route:gtfs_mumbai_best:BEST_4431","field":"public_transport","kind":"transit_route","name":"MAHARANA PRATAP CHOWK (MULUND CHECK NAKA-W) to SANGHARSH NAGAR (CHANDIVALI) (UP)","ref":"423","status":"operational","opened_on":null,"expected_completion":null,"agency":"BEST","source":"gtfs_mumbai_best","confidence":0.7,"mode":"bus","tier":"secondary","geometry_source":"stop_sequence"},"geometry":{"type":"LineString","coordinates":[[72.9543,19.1833],[72.9538,19.1785],[72.9566,19.1733],[72.9533,19.1763],[72.9421,19.1749],[72.9384,19.1659],[72.9377,19.1507],[72.9238,19.1253],[72.919,19.1274],[72.9139,19.1241],[72.9086,19.1148],[72.9059,19.1154],[72.9028,19.1132],[72.8988,19.1141],[72.8969,19.1112],[72.8972,19.1077],[72.8992,19.1065],[72.9011,19.1081]]}},{"type":"Feature","properties":{"id":"transit_route:gtfs_mumbai_best:BEST_4376","field":"public_transport","kind":"transit_route","name":"GOREGAON; OSHIWARA DEPOT to MULUND RAILWAY STATION (W) (DOWN)","ref":"424 AS","status":"operational","opened_on":null,"expected_completion":null,"agency":"BEST","source":"gtfs_mumbai_best","confidence":0.7,"mode":"bus","tier":"secondary","geometry_source":"stop_sequence"},"geometry":{"type":"LineString","coordinates":[[72.8357,19.1529],[72.8367,19.1468],[72.8313,19.145],[72.8312,19.1418],[72.826,19.1398],[72.8258,19.1377],[72.8265,19.1292],[72.8311,19.1275],[72.8299,19.1182],[72.8318,19.1162],[72.8476,19.1155],[72.8621,19.1111],[72.8687,19.1119],[72.8834,19.1075],[72.8859,19.1052],[72.8879,19.1064],[72.8911,19.1213],[72.8948,19.1256],[72.9006,19.1201],[72.904,19.1194],[72.9067,19.1205],[72.9097,19.124],[72.9171,19.1257],[72.9191,19.1282],[72.9252,19.1264],[72.9258,19.1295],[72.9376,19.1508],[72.9376,19.1616],[72.9403,19.1707],[72.9436,19.1712],[72.9458,19.1695],[72.951,19.1748],[72.957,19.1743]]}},{"type":"Feature","properties":{"id":"transit_route:gtfs_mumbai_best:BEST_4377","field":"public_transport","kind":"transit_route","name":"MULUND RAILWAY STATION (W) to GOREGAON; OSHIWARA DEPOT (UP)","ref":"424 AS","status":"operational","opened_on":null,"expected_completion":null,"agency":"BEST","source":"gtfs_mumbai_best","confidence":0.7,"mode":"bus","tier":"secondary","geometry_source":"stop_sequence"},"geometry":{"type":"LineString","coordinates":[[72.9566,19.1733],[72.9519,19.1756],[72.9462,19.1698],[72.9406,19.1711],[72.9377,19.1614],[72.9377,19.1507],[72.9238,19.1253],[72.919,19.1274],[72.9139,19.1241],[72.9097,19.1238],[72.9066,19.1202],[72.9038,19.1192],[72.8997,19.1201],[72.8981,19.1232],[72.8934,19.1256],[72.8892,19.1162],[72.8881,19.107],[72.8856,19.1053],[72.8686,19.1117],[72.8621,19.1109],[72.8495,19.1152],[72.8314,19.116],[72.8291,19.1285],[72.8255,19.1311],[72.8255,19.1392],[72.8313,19.1425],[72.8319,19.146],[72.8364,19.1468],[72.8354,19.1534]]}},{"type":"Feature","properties":{"id":"transit_route:gtfs_mumbai_best:BEST_4378","field":"public_transport","kind":"transit_route","name":"VESAVA-YARI ROAD BUS STATION to SHIVAJI TALAO (BHANDUP-W) (DOWN)","ref":"425 AS","status":"operational","opened_on":null,"expected_completion":null,"agency":"BEST","source":"gtfs_mumbai_best","confidence":0.7,"mode":"bus","tier":"secondary","geometry_source":"stop_sequence"},"geometry":{"type":"LineString","coordinates":[[72.8085,19.1395],[72.8096,19.1392],[72.8119,19.1333],[72.8174,19.1292],[72.8199,19.1314],[72.8387,19.1268],[72.8413,19.1283],[72.8457,19.1278],[72.8476,19.1341],[72.8453,19.1383],[72.8563,19.1409],[72.8637,19.139],[72.8692,19.1397],[72.8722,19.1381],[72.8748,19.132],[72.8786,19.13],[72.8875,19.1285],[72.8905,19.1263],[72.8948,19.1256],[72.9006,19.1201],[72.904,19.1194],[72.9097,19.124],[72.9171,19.1257],[72.9191,19.1282],[72.9252,19.1264],[72.9308,19.1391],[72.9283,19.1399],[72.9296,19.1477]]}},{"type":"Feature","properties":{"id":"transit_route:gtfs_mumbai_best:BEST_4379","field":"public_transport","kind":"transit_route","name":"SHIVAJI TALAO (BHANDUP-W) to VESAVA-YARI ROAD BUS STATION (UP)","ref":"425 AS","status":"operational","opened_on":null,"expected_completion":null,"agency":"BEST","source":"gtfs_mumbai_best","confidence":0.7,"mode":"bus","tier":"secondary","geometry_source":"stop_sequence"},"geometry":{"type":"LineString","coordinates":[[72.9296,19.1476],[72.9281,19.1435],[72.9284,19.1399],[72.9308,19.1389],[72.9238,19.1253],[72.919,19.1274],[72.9139,19.1241],[72.9097,19.1238],[72.9066,19.1202],[72.9038,19.1192],[72.8997,19.1201],[72.8981,19.1232],[72.8941,19.126],[72.89,19.1264],[72.8839,19.1293],[72.8787,19.1296],[72.8745,19.1333],[72.8721,19.1381],[72.8693,19.1395],[72.8675,19.1397],[72.861,19.1391],[72.8636,19.1389],[72.8616,19.1392],[72.8568,19.1409],[72.8481,19.1339],[72.8465,19.1275],[72.8415,19.1282],[72.839,19.1265],[72.8204,19.1305],[72.8176,19.1291],[72.8142,19.1304],[72.8068,19.1386],[72.8085,19.1395]]}},{"type":"Feature","properties":{"id":"transit_route:gtfs_mumbai_best:BEST_3044","field":"public_transport","kind":"transit_route","name":"FILTER PADA to GHATKOPAR STATION (W) (DOWN)","ref":"427 AS","status":"operational","opened_on":null,"expected_completion":null,"agency":"BEST","source":"gtfs_mumbai_best","confidence":0.7,"mode":"bus","tier":"secondary","geometry_source":"stop_sequence"},"geometry":{"type":"LineString","coordinates":[[72.8945,19.1388],[72.8962,19.1385],[72.8972,19.1309],[72.8896,19.1174],[72.8881,19.107],[72.8889,19.106],[72.8912,19.107],[72.8937,19.1064],[72.8991,19.1028],[72.8978,19.0957],[72.9089,19.0869]]}},{"type":"Feature","properties":{"id":"transit_route:gtfs_mumbai_best:BEST_3045","field":"public_transport","kind":"transit_route","name":"GHATKOPAR STATION (W) to FILTER PADA (UP)","ref":"427 AS","status":"operational","opened_on":null,"expected_completion":null,"agency":"BEST","source":"gtfs_mumbai_best","confidence":0.7,"mode":"bus","tier":"secondary","geometry_source":"stop_sequence"},"geometry":{"type":"LineString","coordinates":[[72.9076,19.0857],[72.9059,19.0875],[72.9025,19.0882],[72.9017,19.092],[72.898,19.0952],[72.8989,19.1025],[72.8935,19.1064],[72.8879,19.1064],[72.8895,19.1174],[72.8966,19.13],[72.8969,19.1361],[72.8962,19.1386],[72.8945,19.1388]]}},{"type":"Feature","properties":{"id":"transit_route:gtfs_mumbai_best:BEST_2119","field":"public_transport","kind":"transit_route","name":"SADBHAKTI MANDIR to KOKAN NAGAR (BHANDUP-W) (DOWN)","ref":"428","status":"operational","opened_on":null,"expected_completion":null,"agency":"BEST","source":"gtfs_mumbai_best","confidence":0.7,"mode":"bus","tier":"secondary","geometry_source":"stop_sequence"},"geometry":{"type":"LineString","coordinates":[[72.85,19.1298],[72.85,19.1352],[72.8548,19.1379],[72.8563,19.1409],[72.8637,19.139],[72.8692,19.1397],[72.8722,19.1381],[72.8748,19.132],[72.8786,19.13],[72.8875,19.1285],[72.8905,19.1263],[72.8948,19.1256],[72.9006,19.1201],[72.904,19.1194],[72.9067,19.1205],[72.9097,19.124],[72.9171,19.1257],[72.9191,19.1282],[72.9252,19.1264],[72.9308,19.139],[72.9283,19.1399],[72.9288,19.1461]]}},{"type":"Feature","properties":{"id":"transit_route:gtfs_mumbai_best:BEST_2120","field":"public_transport","kind":"transit_route","name":"KOKAN NAGAR (BHANDUP-W) to SADBHAKTI MANDIR (UP)","ref":"428","status":"operational","opened_on":null,"expected_completion":null,"agency":"BEST","source":"gtfs_mumbai_best","confidence":0.7,"mode":"bus","tier":"secondary","geometry_source":"stop_sequence"},"geometry":{"type":"LineString","coordinates":[[72.9287,19.146],[72.9284,19.1399],[72.9309,19.1389],[72.9238,19.1253],[72.919,19.1274],[72.9139,19.1241],[72.9097,19.1238],[72.9066,19.1202],[72.9038,19.1192],[72.8997,19.1201],[72.8981,19.1232],[72.8941,19.126],[72.89,19.1264],[72.8839,19.1293],[72.8787,19.1296],[72.8745,19.1333],[72.8721,19.1381],[72.8693,19.1395],[72.8675,19.1397],[72.861,19.1391],[72.8636,19.1389],[72.8616,19.1392],[72.8568,19.1409],[72.8552,19.1377],[72.8501,19.1353],[72.85,19.1295]]}},{"type":"Feature","properties":{"id":"transit_route:gtfs_mumbai_best:BEST_3046","field":"public_transport","kind":"transit_route","name":"GHATKOPAR BUS STATION to MAHUL VILLAGE (DOWN)","ref":"430 AS","status":"operational","opened_on":null,"expected_completion":null,"agency":"BEST","source":"gtfs_mumbai_best","confidence":0.7,"mode":"bus","tier":"secondary","geometry_source":"stop_sequence"},"geometry":{"type":"LineString","coordinates":[[72.9183,19.088],[72.9147,19.086],[72.9127,19.0821],[72.908,19.0817],[72.9057,19.0839],[72.9079,19.0851],[72.9076,19.0818],[72.9044,19.0816],[72.9032,19.0748],[72.8954,19.0576],[72.8934,19.0475],[72.8943,19.0406],[72.8911,19.0386],[72.892,19.035],[72.8873,19.0318],[72.89,19.0244],[72.8904,19.014]]}},{"type":"Feature","properties":{"id":"transit_route:gtfs_mumbai_best:BEST_3047","field":"public_transport","kind":"transit_route","name":"MAHUL VILLAGE to GHATKOPAR BUS STATION (UP)","ref":"430 AS","status":"operational","opened_on":null,"expected_completion":null,"agency":"BEST","source":"gtfs_mumbai_best","confidence":0.7,"mode":"bus","tier":"secondary","geometry_source":"stop_sequence"},"geometry":{"type":"LineString","coordinates":[[72.8904,19.014],[72.8899,19.025],[72.8872,19.0314],[72.892,19.0351],[72.8911,19.0386],[72.8934,19.0392],[72.8934,19.0499],[72.8952,19.0572],[72.9032,19.0747],[72.9057,19.0839],[72.909,19.0848],[72.9107,19.0818],[72.9137,19.0835],[72.9169,19.0885],[72.9183,19.0881]]}},{"type":"Feature","properties":{"id":"transit_route:gtfs_mumbai_best:BEST_2916","field":"public_transport","kind":"transit_route","name":"TATA POWER CENTRE (MAHUL) to KURLA BUS STATION (E) (DOWN)","ref":"431 AS","status":"operational","opened_on":null,"expected_completion":null,"agency":"BEST","source":"gtfs_mumbai_best","confidence":0.7,"mode":"bus","tier":"secondary","geometry_source":"stop_sequence"},"geometry":{"type":"LineString","coordinates":[[72.9051,19.0042],[72.9042,19.0072],[72.8984,19.01],[72.897,19.0292],[72.8937,19.0414],[72.8934,19.0499],[72.8805,19.0648]]}},{"type":"Feature","properties":{"id":"transit_route:gtfs_mumbai_best:BEST_2917","field":"public_transport","kind":"transit_route","name":"KURLA BUS STATION (E) to TATA POWER CENTRE (MAHUL) (UP)","ref":"431 AS","status":"operational","opened_on":null,"expected_completion":null,"agency":"BEST","source":"gtfs_mumbai_best","confidence":0.7,"mode":"bus","tier":"secondary","geometry_source":"stop_sequence"},"geometry":{"type":"LineString","coordinates":[[72.8802,19.0644],[72.8832,19.0625],[72.8937,19.0502],[72.8934,19.0445],[72.8973,19.029],[72.8984,19.0098],[72.9048,19.007],[72.9051,19.0043]]}},{"type":"Feature","properties":{"id":"transit_route:gtfs_mumbai_best:BEST_3654","field":"public_transport","kind":"transit_route","name":"VIVEKANAND SCHOOL (CHEMBUR) to KURLA BUS STATION (E) (DOWN)","ref":"432 AS","status":"operational","opened_on":null,"expected_completion":null,"agency":"BEST","source":"gtfs_mumbai_best","confidence":0.7,"mode":"bus","tier":"secondary","geometry_source":"stop_sequence"},"geometry":{"type":"LineString","coordinates":[[72.8877,19.0491],[72.8869,19.0495],[72.8878,19.0512],[72.8906,19.0526],[72.8805,19.0648]]}},{"type":"Feature","properties":{"id":"transit_route:gtfs_mumbai_best:BEST_3655","field":"public_transport","kind":"transit_route","name":"KURLA BUS STATION (E) to VIVEKANAND SCHOOL (CHEMBUR) (UP)","ref":"432 AS","status":"operational","opened_on":null,"expected_completion":null,"agency":"BEST","source":"gtfs_mumbai_best","confidence":0.7,"mode":"bus","tier":"secondary","geometry_source":"stop_sequence"},"geometry":{"type":"LineString","coordinates":[[72.8801,19.0643],[72.8832,19.0625],[72.8914,19.0522],[72.8877,19.0491]]}},{"type":"Feature","properties":{"id":"transit_route:gtfs_mumbai_best:BEST_4448","field":"public_transport","kind":"transit_route","name":"ANDHERI STATION (W) to GHATKOPAR BUS STATION (DOWN)","ref":"433 AS","status":"operational","opened_on":null,"expected_completion":null,"agency":"BEST","source":"gtfs_mumbai_best","confidence":0.7,"mode":"bus","tier":"secondary","geometry_source":"stop_sequence"},"geometry":{"type":"LineString","coordinates":[[72.845,19.1184],[72.8569,19.1126],[72.8621,19.1111],[72.8689,19.1118],[72.8854,19.106],[72.881,19.0861],[72.8903,19.0848],[72.9033,19.0876],[72.9127,19.0918],[72.9183,19.0881]]}},{"type":"Feature","properties":{"id":"transit_route:gtfs_mumbai_best:BEST_4449","field":"public_transport","kind":"transit_route","name":"GHATKOPAR BUS STATION to ANDHERI STATION (W) (UP)","ref":"433 AS","status":"operational","opened_on":null,"expected_completion":null,"agency":"BEST","source":"gtfs_mumbai_best","confidence":0.7,"mode":"bus","tier":"secondary","geometry_source":"stop_sequence"},"geometry":{"type":"LineString","coordinates":[[72.9181,19.0882],[72.9126,19.0917],[72.9067,19.0885],[72.8929,19.0851],[72.8852,19.0846],[72.8821,19.0825],[72.881,19.0864],[72.8856,19.1053],[72.8686,19.1117],[72.8621,19.1109],[72.8575,19.1121],[72.8495,19.1152],[72.8451,19.119],[72.846,19.1165]]}},{"type":"Feature","properties":{"id":"transit_route:gtfs_mumbai_best:BEST_4329","field":"public_transport","kind":"transit_route","name":"BAMANDAYA PADA to AGARKAR CHOWK (ANDHERI E) (DOWN)","ref":"434","status":"operational","opened_on":null,"expected_completion":null,"agency":"BEST","source":"gtfs_mumbai_best","confidence":0.7,"mode":"bus","tier":"secondary","geometry_source":"stop_sequence"},"geometry":{"type":"LineString","coordinates":[[72.8871,19.123],[72.8854,19.119],[72.8816,19.1171],[72.8801,19.1172],[72.8797,19.1202],[72.8756,19.1209],[72.8577,19.1151],[72.8488,19.1199],[72.8483,19.1188]]}},{"type":"Feature","properties":{"id":"transit_route:gtfs_mumbai_best:BEST_4330","field":"public_transport","kind":"transit_route","name":"AGARKAR CHOWK to BAMANDAYA PADA (UP)","ref":"434","status":"operational","opened_on":null,"expected_completion":null,"agency":"BEST","source":"gtfs_mumbai_best","confidence":0.7,"mode":"bus","tier":"secondary","geometry_source":"stop_sequence"},"geometry":{"type":"LineString","coordinates":[[72.848,19.1189],[72.8479,19.1177],[72.8516,19.1187],[72.8586,19.1151],[72.8755,19.121],[72.8795,19.1202],[72.8809,19.1171],[72.8853,19.1185],[72.8869,19.1229]]}},{"type":"Feature","properties":{"id":"transit_route:gtfs_mumbai_best:BEST_2972","field":"public_transport","kind":"transit_route","name":"BORIVALI (E) STATION to WADALA BUS DEPOT (DOWN)","ref":"440 C","status":"operational","opened_on":null,"expected_completion":null,"agency":"BEST","source":"gtfs_mumbai_best","confidence":0.7,"mode":"bus","tier":"secondary","geometry_source":"stop_sequence"},"geometry":{"type":"LineString","coordinates":[[72.8597,19.2315],[72.8636,19.2298],[72.8686,19.2117],[72.8611,19.1992],[72.8586,19.188],[72.8592,19.1706],[72.8553,19.1345],[72.8547,19.1149],[72.8561,19.1213],[72.8517,19.0936],[72.846,19.0854],[72.8467,19.0565],[72.8409,19.0413],[72.8423,19.0336],[72.8409,19.0258],[72.8423,19.023],[72.8526,19.0148]]}},{"type":"Feature","properties":{"id":"transit_route:gtfs_mumbai_best:BEST_2973","field":"public_transport","kind":"transit_route","name":"WADALA BUS DEPOT to BORIVALI (E) STATION (UP)","ref":"440 C","status":"operational","opened_on":null,"expected_completion":null,"agency":"BEST","source":"gtfs_mumbai_best","confidence":0.7,"mode":"bus","tier":"secondary","geometry_source":"stop_sequence"},"geometry":{"type":"LineString","coordinates":[[72.8526,19.0148],[72.8489,19.0127],[72.8465,19.0141],[72.8468,19.0167],[72.8423,19.0217],[72.8409,19.0266],[72.8421,19.0337],[72.8412,19.0405],[72.8385,19.0459],[72.8463,19.0564],[72.8465,19.068],[72.844,19.0872],[72.8517,19.0943],[72.8558,19.1209],[72.855,19.1354],[72.859,19.1711],[72.8583,19.1884],[72.8609,19.1999],[72.8684,19.2115],[72.8631,19.2305],[72.8588,19.2306]]}},{"type":"Feature","properties":{"id":"transit_route:gtfs_mumbai_best:BEST_2133","field":"public_transport","kind":"transit_route","name":"MAJAS DEPOT to AGARKAR CHOWK (ANDHERI-E) (DOWN)","ref":"441","status":"operational","opened_on":null,"expected_completion":null,"agency":"BEST","source":"gtfs_mumbai_best","confidence":0.7,"mode":"bus","tier":"secondary","geometry_source":"stop_sequence"},"geometry":{"type":"LineString","coordinates":[[72.8653,19.1392],[72.8692,19.1397],[72.8707,19.1382],[72.8695,19.1341],[72.8634,19.1345],[72.8592,19.1269],[72.8514,19.1248],[72.8488,19.1199]]}},{"type":"Feature","properties":{"id":"transit_route:gtfs_mumbai_best:BEST_2134","field":"public_transport","kind":"transit_route","name":"AGARKAR CHOWK (ANDHERI-E) to MAJAS DEPOT (UP)","ref":"441","status":"operational","opened_on":null,"expected_completion":null,"agency":"BEST","source":"gtfs_mumbai_best","confidence":0.7,"mode":"bus","tier":"secondary","geometry_source":"stop_sequence"},"geometry":{"type":"LineString","coordinates":[[72.8482,19.1199],[72.8515,19.1248],[72.8592,19.1271],[72.8607,19.1312],[72.8623,19.1313],[72.8636,19.1345],[72.8693,19.1341],[72.8708,19.1386],[72.8659,19.1393]]}},{"type":"Feature","properties":{"id":"transit_route:gtfs_mumbai_best:BEST_798","field":"public_transport","kind":"transit_route","name":"MHADA COLONY (MAJAS) to SADBHAKTI MANDIR (DOWN)","ref":"442","status":"operational","opened_on":null,"expected_completion":null,"agency":"BEST","source":"gtfs_mumbai_best","confidence":0.7,"mode":"bus","tier":"secondary","geometry_source":"stop_sequence"},"geometry":{"type":"LineString","coordinates":[[72.8663,19.1342],[72.8693,19.1341],[72.8708,19.1386],[72.8675,19.1397],[72.861,19.1391],[72.8636,19.1389],[72.8616,19.1392],[72.8568,19.1409],[72.8552,19.1377],[72.8501,19.1353],[72.85,19.1295]]}},{"type":"Feature","properties":{"id":"transit_route:gtfs_mumbai_best:BEST_2135","field":"public_transport","kind":"transit_route","name":"SADBHAKTI MANDIR to MHADA COLONY (MAJAS) (UP)","ref":"442","status":"operational","opened_on":null,"expected_completion":null,"agency":"BEST","source":"gtfs_mumbai_best","confidence":0.7,"mode":"bus","tier":"secondary","geometry_source":"stop_sequence"},"geometry":{"type":"LineString","coordinates":[[72.85,19.1295],[72.85,19.1352],[72.8548,19.1379],[72.8563,19.1409],[72.8637,19.139],[72.8692,19.1397],[72.8707,19.1382],[72.8695,19.1341],[72.8663,19.1342]]}},{"type":"Feature","properties":{"id":"transit_route:gtfs_mumbai_best:BEST_2136","field":"public_transport","kind":"transit_route","name":"BAMANDAYA PADA to AGARKAR CHOWK (ANDHERI E) (DOWN)","ref":"443","status":"operational","opened_on":null,"expected_completion":null,"agency":"BEST","source":"gtfs_mumbai_best","confidence":0.7,"mode":"bus","tier":"secondary","geometry_source":"stop_sequence"},"geometry":{"type":"LineString","coordinates":[[72.8871,19.123],[72.8854,19.119],[72.88,19.1167],[72.8801,19.1135],[72.8827,19.1124],[72.8809,19.1085],[72.8577,19.1151],[72.8488,19.1199],[72.8483,19.1188]]}},{"type":"Feature","properties":{"id":"transit_route:gtfs_mumbai_best:BEST_2137","field":"public_transport","kind":"transit_route","name":"AGARKAR CHOWK (ANDHERI-E) to BAMANDAYA PADA (UP)","ref":"443","status":"operational","opened_on":null,"expected_completion":null,"agency":"BEST","source":"gtfs_mumbai_best","confidence":0.7,"mode":"bus","tier":"secondary","geometry_source":"stop_sequence"},"geometry":{"type":"LineString","coordinates":[[72.848,19.119],[72.8521,19.1185],[72.8574,19.1154],[72.8752,19.1096],[72.8785,19.1101],[72.88,19.1167],[72.8853,19.1185],[72.8869,19.1229]]}},{"type":"Feature","properties":{"id":"transit_route:gtfs_mumbai_best:BEST_2138","field":"public_transport","kind":"transit_route","name":"BAMANDAYA PADA to KURLA STATION (W) (DOWN)","ref":"446","status":"operational","opened_on":null,"expected_completion":null,"agency":"BEST","source":"gtfs_mumbai_best","confidence":0.7,"mode":"bus","tier":"secondary","geometry_source":"stop_sequence"},"geometry":{"type":"LineString","coordinates":[[72.8871,19.123],[72.8834,19.1141],[72.8854,19.106],[72.881,19.0861],[72.8852,19.0846],[72.8785,19.0773],[72.8788,19.0754],[72.8881,19.0683],[72.8803,19.0735],[72.8792,19.0672]]}},{"type":"Feature","properties":{"id":"transit_route:gtfs_mumbai_best:BEST_2139","field":"public_transport","kind":"transit_route","name":"KURLA STATION (W) to BAMANDAYA PADA (UP)","ref":"446","status":"operational","opened_on":null,"expected_completion":null,"agency":"BEST","source":"gtfs_mumbai_best","confidence":0.7,"mode":"bus","tier":"secondary","geometry_source":"stop_sequence"},"geometry":{"type":"LineString","coordinates":[[72.879,19.0677],[72.8803,19.0736],[72.8781,19.077],[72.88,19.0794],[72.8856,19.1053],[72.8832,19.1143],[72.8869,19.1229]]}},{"type":"Feature","properties":{"id":"transit_route:gtfs_mumbai_best:BEST_2140","field":"public_transport","kind":"transit_route","name":"SANTOSH NAGAR (EXTENSION) to GOREGAON STATION (E) (DOWN)","ref":"447","status":"operational","opened_on":null,"expected_completion":null,"agency":"BEST","source":"gtfs_mumbai_best","confidence":0.7,"mode":"bus","tier":"secondary","geometry_source":"stop_sequence"},"geometry":{"type":"LineString","coordinates":[[72.8768,19.1673],[72.8745,19.172],[72.8722,19.1719],[72.8712,19.1692],[72.8693,19.1683],[72.8597,19.1698],[72.8563,19.1664],[72.8506,19.1654]]}},{"type":"Feature","properties":{"id":"transit_route:gtfs_mumbai_best:BEST_2141","field":"public_transport","kind":"transit_route","name":"GOREGAON STATION (E) to SANTOSH NAGAR (EXTENSION) (UP)","ref":"447","status":"operational","opened_on":null,"expected_completion":null,"agency":"BEST","source":"gtfs_mumbai_best","confidence":0.7,"mode":"bus","tier":"secondary","geometry_source":"stop_sequence"},"geometry":{"type":"LineString","coordinates":[[72.8505,19.1654],[72.856,19.1664],[72.8593,19.1682],[72.8598,19.1698],[72.8693,19.1683],[72.8711,19.169],[72.8724,19.172],[72.8745,19.1718],[72.8767,19.1675]]}},{"type":"Feature","properties":{"id":"transit_route:gtfs_mumbai_best:BEST_3922","field":"public_transport","kind":"transit_route","name":"ADARSH NAGAR (AAREY COLONY) to GOREGAON STATION (E) (DOWN)","ref":"451 AS","status":"operational","opened_on":null,"expected_completion":null,"agency":"BEST","source":"gtfs_mumbai_best","confidence":0.7,"mode":"bus","tier":"secondary","geometry_source":"stop_sequence"},"geometry":{"type":"LineString","coordinates":[[72.8827,19.15],[72.8703,19.164],[72.8584,19.1668],[72.8506,19.1654]]}},{"type":"Feature","properties":{"id":"transit_route:gtfs_mumbai_best:BEST_3923","field":"public_transport","kind":"transit_route","name":"GOREGAON STATION (E) to ADARSH NAGAR (AAREY COLONY) (UP)","ref":"451 AS","status":"operational","opened_on":null,"expected_completion":null,"agency":"BEST","source":"gtfs_mumbai_best","confidence":0.7,"mode":"bus","tier":"secondary","geometry_source":"stop_sequence"},"geometry":{"type":"LineString","coordinates":[[72.8505,19.1654],[72.8562,19.1664],[72.87,19.1644],[72.8745,19.1578],[72.8827,19.15]]}},{"type":"Feature","properties":{"id":"transit_route:gtfs_mumbai_best:BEST_4219","field":"public_transport","kind":"transit_route","name":"MAYUR NAGAR (AAREY COLONY) to GOREGAON STATION (E) (DOWN)","ref":"452 AS","status":"operational","opened_on":null,"expected_completion":null,"agency":"BEST","source":"gtfs_mumbai_best","confidence":0.7,"mode":"bus","tier":"secondary","geometry_source":"stop_sequence"},"geometry":{"type":"LineString","coordinates":[[72.8843,19.1557],[72.8823,19.1592],[72.8745,19.1581],[72.8703,19.164],[72.8584,19.1668],[72.8506,19.1654]]}},{"type":"Feature","properties":{"id":"transit_route:gtfs_mumbai_best:BEST_4220","field":"public_transport","kind":"transit_route","name":"GOREGAON STATION (E) to MAYUR NAGAR (AAREY COLONY) (UP)","ref":"452 AS","status":"operational","opened_on":null,"expected_completion":null,"agency":"BEST","source":"gtfs_mumbai_best","confidence":0.7,"mode":"bus","tier":"secondary","geometry_source":"stop_sequence"},"geometry":{"type":"LineString","coordinates":[[72.8504,19.1653],[72.8562,19.1664],[72.87,19.1644],[72.8745,19.1578],[72.8821,19.1593],[72.8843,19.1557]]}},{"type":"Feature","properties":{"id":"transit_route:gtfs_mumbai_best:BEST_3678","field":"public_transport","kind":"transit_route","name":"LOKMANYA NAGAR (THANE) to GHATKOPAR BUS STATION (DOWN)","ref":"453 AS","status":"operational","opened_on":null,"expected_completion":null,"agency":"BEST","source":"gtfs_mumbai_best","confidence":0.7,"mode":"bus","tier":"secondary","geometry_source":"stop_sequence"},"geometry":{"type":"LineString","coordinates":[[72.9515,19.2089],[72.9492,19.1977],[72.9511,19.1945],[72.9552,19.192],[72.9543,19.1843],[72.9471,19.182],[72.9421,19.1749],[72.9381,19.1659],[72.9383,19.1638],[72.9468,19.1603],[72.9465,19.1528],[72.9489,19.1497],[72.948,19.148],[72.9453,19.1473],[72.9439,19.1499],[72.9346,19.1369],[72.9363,19.1326],[72.9338,19.1295],[72.9328,19.1243],[72.9325,19.1152],[72.9336,19.1133],[72.9323,19.1087],[72.9261,19.0932],[72.9199,19.0856],[72.9183,19.088]]}},{"type":"Feature","properties":{"id":"transit_route:gtfs_mumbai_best:BEST_3679","field":"public_transport","kind":"transit_route","name":"GHATKOPAR BUS STATION to LOKMANYA NAGAR (THANE) (UP)","ref":"453 AS","status":"operational","opened_on":null,"expected_completion":null,"agency":"BEST","source":"gtfs_mumbai_best","confidence":0.7,"mode":"bus","tier":"secondary","geometry_source":"stop_sequence"},"geometry":{"type":"LineString","coordinates":[[72.9187,19.0876],[72.9198,19.0861],[72.9258,19.0932],[72.9337,19.1137],[72.9322,19.1198],[72.9328,19.1257],[72.9336,19.1295],[72.9362,19.1325],[72.9347,19.137],[72.947,19.1544],[72.9492,19.1557],[72.9469,19.1571],[72.9467,19.1601],[72.9388,19.1636],[72.9381,19.1659],[72.9419,19.1749],[72.947,19.1821],[72.9536,19.1842],[72.9552,19.1873],[72.9553,19.1911],[72.9539,19.1934],[72.9499,19.1946],[72.9492,19.1975],[72.9515,19.2089]]}},{"type":"Feature","properties":{"id":"transit_route:gtfs_mumbai_best:BEST_4380","field":"public_transport","kind":"transit_route","name":"SHIVSHAHI PRAKALP; MANTRI PARK to SEVEN BUNGALOWS BUS STATION (DOWN)","ref":"454 AS","status":"operational","opened_on":null,"expected_completion":null,"agency":"BEST","source":"gtfs_mumbai_best","confidence":0.7,"mode":"bus","tier":"secondary","geometry_source":"stop_sequence"},"geometry":{"type":"LineString","coordinates":[[72.8815,19.1677],[72.8813,19.1723],[72.8776,19.1735],[72.8742,19.173],[72.8732,19.1757],[72.8651,19.1754],[72.8546,19.1726],[72.8414,19.1739],[72.8363,19.1725],[72.835,19.1603],[72.8367,19.1468],[72.8313,19.145],[72.8314,19.1294],[72.8291,19.1285],[72.8204,19.1305]]}},{"type":"Feature","properties":{"id":"transit_route:gtfs_mumbai_best:BEST_4381","field":"public_transport","kind":"transit_route","name":"SEVEN BUNGALOWS BUS STATION to SHIVSHAHI PRAKALP; MANTRI PARK (UP)","ref":"454 AS","status":"operational","opened_on":null,"expected_completion":null,"agency":"BEST","source":"gtfs_mumbai_best","confidence":0.7,"mode":"bus","tier":"secondary","geometry_source":"stop_sequence"},"geometry":{"type":"LineString","coordinates":[[72.8198,19.1313],[72.8312,19.1289],[72.8319,19.146],[72.8364,19.1468],[72.8349,19.1602],[72.8352,19.1703],[72.84,19.1739],[72.8547,19.1728],[72.8649,19.1755],[72.873,19.1758],[72.8745,19.1725],[72.8775,19.1735],[72.8808,19.1724],[72.8815,19.1678]]}},{"type":"Feature","properties":{"id":"transit_route:gtfs_mumbai_best:BEST_4231","field":"public_transport","kind":"transit_route","name":"SHIVSHAHI PRAKALP; MANTRI PARK to MALVANI DEPOT; GAIKWAD NAGAR (DOWN)","ref":"456 RING","status":"operational","opened_on":null,"expected_completion":null,"agency":"BEST","source":"gtfs_mumbai_best","confidence":0.7,"mode":"bus","tier":"secondary","geometry_source":"stop_sequence"},"geometry":{"type":"LineString","coordinates":[[72.8815,19.1677],[72.8813,19.1723],[72.8776,19.1735],[72.8776,19.176],[72.8651,19.1754],[72.8546,19.1726],[72.8367,19.1743],[72.8353,19.1896],[72.8327,19.1956],[72.8269,19.1963],[72.8221,19.1952],[72.8216,19.1913],[72.8189,19.1862],[72.8192,19.1835],[72.8165,19.1786],[72.8136,19.1789],[72.8137,19.1817],[72.8168,19.1811],[72.8191,19.1834]]}},{"type":"Feature","properties":{"id":"transit_route:gtfs_mumbai_best:BEST_4232","field":"public_transport","kind":"transit_route","name":"MALVANI DEPOT; GAIKWAD NAGAR to SHIVSHAHI PRAKALP; MANTRI PARK (UP)","ref":"456 RING","status":"operational","opened_on":null,"expected_completion":null,"agency":"BEST","source":"gtfs_mumbai_best","confidence":0.7,"mode":"bus","tier":"secondary","geometry_source":"stop_sequence"},"geometry":{"type":"LineString","coordinates":[[72.8192,19.1835],[72.8165,19.1787],[72.8131,19.179],[72.8135,19.1817],[72.8166,19.1811],[72.8191,19.1834],[72.8188,19.1863],[72.822,19.1925],[72.8221,19.1953],[72.8269,19.1964],[72.8345,19.1936],[72.8372,19.1752],[72.84,19.1739],[72.8547,19.1728],[72.8649,19.1755],[72.8776,19.176],[72.8773,19.1738],[72.8808,19.1724],[72.8815,19.1678]]}},{"type":"Feature","properties":{"id":"transit_route:gtfs_mumbai_best:BEST_4398","field":"public_transport","kind":"transit_route","name":"BORIVALI (E) STATION to DEONAR DEPOT (DOWN)","ref":"458 AS","status":"operational","opened_on":null,"expected_completion":null,"agency":"BEST","source":"gtfs_mumbai_best","confidence":0.7,"mode":"bus","tier":"secondary","geometry_source":"stop_sequence"},"geometry":{"type":"LineString","coordinates":[[72.8576,19.2297],[72.8597,19.2315],[72.8637,19.2299],[72.8686,19.2117],[72.8611,19.1991],[72.8585,19.1878],[72.8592,19.1706],[72.8554,19.1426],[72.8563,19.1409],[72.8637,19.139],[72.8692,19.1397],[72.8786,19.13],[72.8875,19.1285],[72.8905,19.1263],[72.9067,19.1205],[72.9097,19.124],[72.9171,19.1257],[72.9191,19.1282],[72.9333,19.125],[72.9375,19.1212],[72.9261,19.0932],[72.9156,19.0777],[72.9085,19.0702],[72.9131,19.0637],[72.9302,19.0566],[72.9358,19.0531],[72.9362,19.0508],[72.9259,19.0454],[72.9265,19.0428],[72.9116,19.046]]}},{"type":"Feature","properties":{"id":"transit_route:gtfs_mumbai_best:BEST_4399","field":"public_transport","kind":"transit_route","name":"DEONAR DEPOT to BORIVALI (E) STATION (UP)","ref":"458 AS","status":"operational","opened_on":null,"expected_completion":null,"agency":"BEST","source":"gtfs_mumbai_best","confidence":0.7,"mode":"bus","tier":"secondary","geometry_source":"stop_sequence"},"geometry":{"type":"LineString","coordinates":[[72.9121,19.0457],[72.9265,19.0428],[72.9259,19.0457],[72.9362,19.052],[72.93,19.0562],[72.9124,19.0636],[72.9086,19.0697],[72.9105,19.0732],[72.916,19.0785],[72.9258,19.0932],[72.9369,19.1204],[72.9322,19.1249],[72.919,19.1274],[72.9139,19.1241],[72.9097,19.1238],[72.9066,19.1202],[72.8941,19.126],[72.8815,19.1293],[72.8693,19.1395],[72.861,19.1391],[72.8636,19.1389],[72.8568,19.1409],[72.8547,19.1418],[72.859,19.1711],[72.8582,19.1897],[72.8609,19.1999],[72.8684,19.2115],[72.8631,19.2305],[72.8588,19.2306]]}},{"type":"Feature","properties":{"id":"transit_route:gtfs_mumbai_best:BEST_4217","field":"public_transport","kind":"transit_route","name":"MALVANI DEPOT; GAIKWAD NAGAR to MULUND RAILWAY STATION (W) (DOWN)","ref":"459 AS","status":"operational","opened_on":null,"expected_completion":null,"agency":"BEST","source":"gtfs_mumbai_best","confidence":0.7,"mode":"bus","tier":"secondary","geometry_source":"stop_sequence"},"geometry":{"type":"LineString","coordinates":[[72.8191,19.1836],[72.8188,19.1863],[72.822,19.1925],[72.8221,19.1953],[72.8269,19.1964],[72.8339,19.1946],[72.8365,19.18],[72.8452,19.1787],[72.8459,19.1737],[72.8507,19.1738],[72.854,19.172],[72.8542,19.1676],[72.8587,19.1651],[72.8554,19.1426],[72.8563,19.1409],[72.8637,19.139],[72.8692,19.1397],[72.8722,19.1381],[72.8748,19.132],[72.8786,19.13],[72.8875,19.1285],[72.8905,19.1263],[72.8948,19.1256],[72.9006,19.1201],[72.904,19.1194],[72.9067,19.1205],[72.9097,19.124],[72.9171,19.1257],[72.9191,19.1282],[72.9252,19.1264],[72.9258,19.1295],[72.9376,19.1508],[72.9376,19.1616],[72.9403,19.1707],[72.9436,19.1712],[72.9458,19.1695],[72.951,19.1748],[72.9528,19.1754],[72.9545,19.174],[72.9571,19.1742]]}},{"type":"Feature","properties":{"id":"transit_route:gtfs_mumbai_best:BEST_4218","field":"public_transport","kind":"transit_route","name":"MULUND RAILWAY STATION (W) to MALVANI DEPOT; GAIKWAD NAGAR (UP)","ref":"459 AS","status":"operational","opened_on":null,"expected_completion":null,"agency":"BEST","source":"gtfs_mumbai_best","confidence":0.7,"mode":"bus","tier":"secondary","geometry_source":"stop_sequence"},"geometry":{"type":"LineString","coordinates":[[72.9573,19.1738],[72.9519,19.1756],[72.9462,19.1698],[72.9406,19.1711],[72.9381,19.1659],[72.9377,19.1507],[72.9238,19.1253],[72.919,19.1274],[72.9139,19.1241],[72.9097,19.1238],[72.9066,19.1202],[72.9038,19.1192],[72.8997,19.1201],[72.8981,19.1232],[72.8941,19.126],[72.89,19.1264],[72.8839,19.1293],[72.8787,19.1296],[72.8745,19.1333],[72.8721,19.1381],[72.8693,19.1395],[72.8675,19.1397],[72.861,19.1391],[72.8636,19.1389],[72.8616,19.1392],[72.8547,19.1418],[72.8583,19.1656],[72.8542,19.1674],[72.854,19.1721],[72.8467,19.1736],[72.8456,19.1784],[72.8361,19.1804],[72.8353,19.1896],[72.8327,19.1956],[72.8269,19.1963],[72.8221,19.1952],[72.8216,19.1913],[72.8189,19.1862],[72.8192,19.1835]]}},{"type":"Feature","properties":{"id":"transit_route:gtfs_mumbai_best:BEST_2158","field":"public_transport","kind":"transit_route","name":"GORAI DEPOT to MULUND RAILWAY STATION (W) (DOWN)","ref":"460 LTD","status":"operational","opened_on":null,"expected_completion":null,"agency":"BEST","source":"gtfs_mumbai_best","confidence":0.7,"mode":"bus","tier":"secondary","geometry_source":"stop_sequence"},"geometry":{"type":"LineString","coordinates":[[72.8304,19.2321],[72.8287,19.2299],[72.8281,19.226],[72.8286,19.2157],[72.8209,19.2145],[72.821,19.2089],[72.8241,19.2105],[72.8293,19.2103],[72.8294,19.208],[72.8489,19.2043],[72.8471,19.1928],[72.8485,19.1898],[72.8517,19.1899],[72.856,19.1923],[72.8586,19.188],[72.8586,19.1809],[72.8606,19.1746],[72.8657,19.1759],[72.8612,19.1746],[72.8592,19.1706],[72.8604,19.1661],[72.87,19.1644],[72.8713,19.1627],[72.8745,19.1578],[72.8778,19.1446],[72.8819,19.1364],[72.8891,19.1367],[72.8962,19.1385],[72.8967,19.1337],[72.8948,19.1256],[72.9006,19.1201],[72.904,19.1194],[72.9067,19.1205],[72.9097,19.124],[72.9171,19.1257],[72.9191,19.1282],[72.9252,19.1264],[72.9258,19.1295],[72.9376,19.1508],[72.9376,19.1616],[72.9403,19.1707],[72.9444,19.1757],[72.9571,19.1742]]}},{"type":"Feature","properties":{"id":"transit_route:gtfs_mumbai_best:BEST_2159","field":"public_transport","kind":"transit_route","name":"MULUND RAILWAY STATION (W) to GORAI DEPOT (UP)","ref":"460 LTD","status":"operational","opened_on":null,"expected_completion":null,"agency":"BEST","source":"gtfs_mumbai_best","confidence":0.7,"mode":"bus","tier":"secondary","geometry_source":"stop_sequence"},"geometry":{"type":"LineString","coordinates":[[72.9573,19.1738],[72.9533,19.1763],[72.9421,19.1749],[72.9384,19.1659],[72.9377,19.1507],[72.9238,19.1253],[72.919,19.1274],[72.9139,19.1241],[72.9097,19.1238],[72.9066,19.1202],[72.9038,19.1192],[72.8997,19.1201],[72.8943,19.1269],[72.8966,19.13],[72.8962,19.1386],[72.8891,19.1367],[72.886,19.1342],[72.8817,19.1366],[72.8776,19.1451],[72.8745,19.1581],[72.8703,19.164],[72.8584,19.1668],[72.8607,19.1746],[72.8649,19.1755],[72.8612,19.1745],[72.8583,19.1783],[72.8582,19.1897],[72.8555,19.1922],[72.8472,19.1887],[72.8487,19.2043],[72.8294,19.2081],[72.8287,19.2103],[72.821,19.2087],[72.821,19.2148],[72.8285,19.2161],[72.828,19.2261],[72.8303,19.2322]]}},{"type":"Feature","properties":{"id":"transit_route:gtfs_mumbai_best:BEST_3866","field":"public_transport","kind":"transit_route","name":"PRABODHANKAR THACKERAY NAGAR BUS STATION (CHARKOP) to MAHARANA PRATAP CHOWK (MULUND CHECK NAKA-W) (DOWN)","ref":"461 AS","status":"operational","opened_on":null,"expected_completion":null,"agency":"BEST","source":"gtfs_mumbai_best","confidence":0.7,"mode":"bus","tier":"secondary","geometry_source":"stop_sequence"},"geometry":{"type":"LineString","coordinates":[[72.8291,19.2202],[72.828,19.2261],[72.8285,19.2295],[72.8315,19.2321],[72.8303,19.2322],[72.8379,19.2306],[72.8424,19.2297],[72.8445,19.2291],[72.8551,19.2287],[72.8557,19.2278],[72.8534,19.2219],[72.8658,19.2206],[72.8686,19.2117],[72.8611,19.1991],[72.8586,19.188],[72.8592,19.1706],[72.8554,19.1426],[72.8563,19.1409],[72.8609,19.1394],[72.8692,19.1397],[72.8722,19.1381],[72.8748,19.132],[72.8786,19.13],[72.8875,19.1285],[72.8905,19.1263],[72.8948,19.1256],[72.9006,19.1201],[72.904,19.1194],[72.9067,19.1205],[72.9097,19.124],[72.9171,19.1257],[72.9191,19.1282],[72.9252,19.1264],[72.9258,19.1295],[72.9376,19.1508],[72.9381,19.1659],[72.9419,19.1749],[72.9483,19.1832],[72.9542,19.1834]]}},{"type":"Feature","properties":{"id":"transit_route:gtfs_mumbai_best:BEST_3867","field":"public_transport","kind":"transit_route","name":"MAHARANA PRATAP CHOWK (MULUND CHECK NAKA-W) to PRABODHANKAR THACKERAY NAGAR BUS STATION (CHARKOP) (UP)","ref":"461 AS","status":"operational","opened_on":null,"expected_completion":null,"agency":"BEST","source":"gtfs_mumbai_best","confidence":0.7,"mode":"bus","tier":"secondary","geometry_source":"stop_sequence"},"geometry":{"type":"LineString","coordinates":[[72.9543,19.1833],[72.9492,19.1833],[72.9471,19.182],[72.9421,19.1749],[72.9384,19.1659],[72.9377,19.1507],[72.9238,19.1253],[72.919,19.1274],[72.9139,19.1241],[72.9097,19.1238],[72.9066,19.1202],[72.9038,19.1192],[72.8997,19.1201],[72.8981,19.1232],[72.8941,19.126],[72.89,19.1264],[72.8839,19.1293],[72.8787,19.1296],[72.8745,19.1333],[72.8721,19.1381],[72.8693,19.1395],[72.8675,19.1397],[72.861,19.1391],[72.8636,19.1389],[72.8616,19.1392],[72.8547,19.1418],[72.859,19.1711],[72.8582,19.1897],[72.8609,19.1999],[72.8684,19.2115],[72.8655,19.2205],[72.8607,19.2212],[72.8647,19.2515],[72.8531,19.2217],[72.8556,19.2279],[72.8548,19.2286],[72.8446,19.229],[72.8304,19.2321],[72.8287,19.2299],[72.8281,19.226],[72.8292,19.2207]]}},{"type":"Feature","properties":{"id":"transit_route:gtfs_mumbai_best:BEST_2878","field":"public_transport","kind":"transit_route","name":"VAISHALI NAGAR (DAHISAR-E) to BORIVALI (E) STATION (DOWN)","ref":"462 AS","status":"operational","opened_on":null,"expected_completion":null,"agency":"BEST","source":"gtfs_mumbai_best","confidence":0.7,"mode":"bus","tier":"secondary","geometry_source":"stop_sequence"},"geometry":{"type":"LineString","coordinates":[[72.8734,19.2509],[72.8735,19.2527],[72.8702,19.2542],[72.8694,19.2558],[72.8655,19.2535],[72.8601,19.2432],[72.8577,19.2315]]}},{"type":"Feature","properties":{"id":"transit_route:gtfs_mumbai_best:BEST_2879","field":"public_transport","kind":"transit_route","name":"BORIVALI (E) STATION to VAISHALI NAGAR (DAHISAR-E) (UP)","ref":"462 AS","status":"operational","opened_on":null,"expected_completion":null,"agency":"BEST","source":"gtfs_mumbai_best","confidence":0.7,"mode":"bus","tier":"secondary","geometry_source":"stop_sequence"},"geometry":{"type":"LineString","coordinates":[[72.8576,19.2294],[72.86,19.2435],[72.8652,19.2533],[72.8693,19.2559],[72.8736,19.2524],[72.8735,19.251]]}},{"type":"Feature","properties":{"id":"transit_route:gtfs_mumbai_best:BEST_4150","field":"public_transport","kind":"transit_route","name":"DHARAVI DEPOT to VEER HUTATMA BHAI KOTWAL UDYAN (PLAZA) (DOWN)","ref":"463 AS","status":"operational","opened_on":null,"expected_completion":null,"agency":"BEST","source":"gtfs_mumbai_best","confidence":0.7,"mode":"bus","tier":"secondary","geometry_source":"stop_sequence"},"geometry":{"type":"LineString","coordinates":[[72.8588,19.0515],[72.8603,19.0469],[72.8534,19.0375],[72.8533,19.0345],[72.8508,19.0337],[72.8476,19.0303],[72.8426,19.0314],[72.8418,19.0301],[72.8409,19.0258],[72.8423,19.0217]]}},{"type":"Feature","properties":{"id":"transit_route:gtfs_mumbai_best:BEST_4151","field":"public_transport","kind":"transit_route","name":"VEER HUTATMA BHAI KOTWAL UDYAN (PLAZA) to DHARAVI DEPOT (UP)","ref":"463 AS","status":"operational","opened_on":null,"expected_completion":null,"agency":"BEST","source":"gtfs_mumbai_best","confidence":0.7,"mode":"bus","tier":"secondary","geometry_source":"stop_sequence"},"geometry":{"type":"LineString","coordinates":[[72.8423,19.0217],[72.8408,19.0261],[72.8417,19.0298],[72.8428,19.0313],[72.8474,19.0304],[72.8507,19.0339],[72.8533,19.0347],[72.8584,19.0515]]}},{"type":"Feature","properties":{"id":"transit_route:gtfs_mumbai_best:BEST_4177","field":"public_transport","kind":"transit_route","name":"GOREGAON; OSHIWARA DEPOT to GHATKOPAR BUS STATION (DOWN)","ref":"464 AS","status":"operational","opened_on":null,"expected_completion":null,"agency":"BEST","source":"gtfs_mumbai_best","confidence":0.7,"mode":"bus","tier":"secondary","geometry_source":"stop_sequence"},"geometry":{"type":"LineString","coordinates":[[72.8356,19.1535],[72.8392,19.1439],[72.842,19.1441],[72.8433,19.1415],[72.8563,19.1409],[72.8637,19.139],[72.8692,19.1397],[72.8722,19.1381],[72.8748,19.132],[72.8786,19.13],[72.8875,19.1285],[72.8905,19.1263],[72.8948,19.1256],[72.9006,19.1201],[72.904,19.1194],[72.9067,19.1205],[72.9097,19.124],[72.9171,19.1257],[72.9191,19.1282],[72.9253,19.1244],[72.9262,19.1135],[72.9253,19.1102],[72.9127,19.0918],[72.9183,19.0881]]}},{"type":"Feature","properties":{"id":"transit_route:gtfs_mumbai_best:BEST_4178","field":"public_transport","kind":"transit_route","name":"GHATKOPAR BUS STATION to GOREGAON; OSHIWARA DEPOT (UP)","ref":"464 AS","status":"operational","opened_on":null,"expected_completion":null,"agency":"BEST","source":"gtfs_mumbai_best","confidence":0.7,"mode":"bus","tier":"secondary","geometry_source":"stop_sequence"},"geometry":{"type":"LineString","coordinates":[[72.9181,19.0882],[72.9123,19.0932],[72.9258,19.1116],[72.9252,19.1244],[72.919,19.1274],[72.9171,19.1254],[72.9097,19.1238],[72.9066,19.1202],[72.9038,19.1192],[72.8997,19.1201],[72.8981,19.1232],[72.8941,19.126],[72.89,19.1264],[72.8839,19.1293],[72.8787,19.1296],[72.8745,19.1333],[72.8721,19.1381],[72.8693,19.1395],[72.8675,19.1397],[72.861,19.1391],[72.8636,19.1389],[72.8616,19.1392],[72.8568,19.1409],[72.8432,19.1413],[72.8418,19.1441],[72.8366,19.1433],[72.8353,19.1544]]}},{"type":"Feature","properties":{"id":"transit_route:gtfs_mumbai_best:BEST_4396","field":"public_transport","kind":"transit_route","name":"PRABODHANKAR THACKERAY NAGAR BUS STATION (CHARKOP) to MAROL DEPOT (DOWN)","ref":"465 AS","status":"operational","opened_on":null,"expected_completion":null,"agency":"BEST","source":"gtfs_mumbai_best","confidence":0.7,"mode":"bus","tier":"secondary","geometry_source":"stop_sequence"},"geometry":{"type":"LineString","coordinates":[[72.8291,19.2202],[72.8285,19.2295],[72.8315,19.2321],[72.8303,19.2322],[72.8379,19.2306],[72.8424,19.2297],[72.8445,19.2291],[72.8557,19.2278],[72.8534,19.2219],[72.864,19.2215],[72.8658,19.2206],[72.8674,19.2161],[72.8686,19.2117],[72.8611,19.1991],[72.8586,19.188],[72.8592,19.1706],[72.8554,19.1426],[72.8563,19.1409],[72.8609,19.1394],[72.8692,19.1397],[72.8722,19.1381],[72.8748,19.132],[72.8773,19.1298],[72.8719,19.1236],[72.8701,19.1186],[72.865,19.1182]]}},{"type":"Feature","properties":{"id":"transit_route:gtfs_mumbai_best:BEST_4397","field":"public_transport","kind":"transit_route","name":"MAROL DEPOT to PRABODHANKAR THACKERAY NAGAR BUS STATION (CHARKOP) (UP)","ref":"465 AS","status":"operational","opened_on":null,"expected_completion":null,"agency":"BEST","source":"gtfs_mumbai_best","confidence":0.7,"mode":"bus","tier":"secondary","geometry_source":"stop_sequence"},"geometry":{"type":"LineString","coordinates":[[72.8652,19.1179],[72.8698,19.1184],[72.8712,19.1229],[72.8762,19.1297],[72.8721,19.1381],[72.8675,19.1397],[72.861,19.1391],[72.8636,19.1389],[72.8616,19.1392],[72.8547,19.1418],[72.859,19.1711],[72.8582,19.1897],[72.8609,19.1999],[72.8684,19.2115],[72.8655,19.2205],[72.8607,19.2212],[72.8647,19.2515],[72.8531,19.2217],[72.8556,19.2279],[72.8548,19.2286],[72.8446,19.229],[72.8304,19.2321],[72.8287,19.2299],[72.8281,19.226],[72.8292,19.2207]]}},{"type":"Feature","properties":{"id":"transit_route:gtfs_mumbai_best:BEST_4382","field":"public_transport","kind":"transit_route","name":"GOREGAON; OSHIWARA DEPOT to MAHARANA PRATAP CHOWK (MULUND CHECK NAKA-W) (DOWN)","ref":"469 AS","status":"operational","opened_on":null,"expected_completion":null,"agency":"BEST","source":"gtfs_mumbai_best","confidence":0.7,"mode":"bus","tier":"secondary","geometry_source":"stop_sequence"},"geometry":{"type":"LineString","coordinates":[[72.8353,19.1544],[72.8366,19.1554],[72.842,19.1533],[72.8435,19.1551],[72.8436,19.1582],[72.8459,19.1606],[72.8459,19.1737],[72.8547,19.1728],[72.8584,19.1741],[72.8592,19.1706],[72.8554,19.1426],[72.8563,19.1409],[72.8637,19.139],[72.8692,19.1397],[72.8722,19.1381],[72.8748,19.132],[72.8786,19.13],[72.8875,19.1285],[72.8905,19.1263],[72.8948,19.1256],[72.9006,19.1201],[72.904,19.1194],[72.9067,19.1205],[72.9097,19.124],[72.9171,19.1257],[72.9191,19.1282],[72.9252,19.1264],[72.9258,19.1295],[72.9376,19.1508],[72.9376,19.1616],[72.9419,19.1749],[72.9483,19.1832],[72.9536,19.1842]]}},{"type":"Feature","properties":{"id":"transit_route:gtfs_mumbai_best:BEST_4383","field":"public_transport","kind":"transit_route","name":"MAHARANA PRATAP CHOWK (MULUND CHECK NAKA-W) to GOREGAON; OSHIWARA DEPOT (UP)","ref":"469 AS","status":"operational","opened_on":null,"expected_completion":null,"agency":"BEST","source":"gtfs_mumbai_best","confidence":0.7,"mode":"bus","tier":"secondary","geometry_source":"stop_sequence"},"geometry":{"type":"LineString","coordinates":[[72.9543,19.1843],[72.9471,19.182],[72.9421,19.1749],[72.9381,19.1659],[72.9377,19.1507],[72.9238,19.1253],[72.919,19.1274],[72.9139,19.1241],[72.9097,19.1238],[72.9066,19.1202],[72.9038,19.1192],[72.8997,19.1201],[72.8981,19.1232],[72.8941,19.126],[72.89,19.1264],[72.8839,19.1293],[72.8787,19.1296],[72.8745,19.1333],[72.8721,19.1381],[72.8693,19.1395],[72.8675,19.1397],[72.861,19.1391],[72.8636,19.1389],[72.8616,19.1392],[72.8547,19.1418],[72.8583,19.1656],[72.8584,19.174],[72.8546,19.1726],[72.8508,19.1736],[72.8452,19.173],[72.8461,19.1622],[72.8437,19.1586],[72.8436,19.155],[72.8412,19.1533],[72.8369,19.1551],[72.8355,19.1545]]}},{"type":"Feature","properties":{"id":"transit_route:gtfs_mumbai_best:BEST_3796","field":"public_transport","kind":"transit_route","name":"BORIVALI (E) STATION to GHATKOPAR BUS STATION (DOWN)","ref":"470 AS","status":"operational","opened_on":null,"expected_completion":null,"agency":"BEST","source":"gtfs_mumbai_best","confidence":0.7,"mode":"bus","tier":"secondary","geometry_source":"stop_sequence"},"geometry":{"type":"LineString","coordinates":[[72.8588,19.2321],[72.8632,19.2305],[72.8686,19.2117],[72.8611,19.1991],[72.8586,19.188],[72.8592,19.1706],[72.8551,19.1394],[72.8561,19.1213],[72.8586,19.1151],[72.8834,19.1075],[72.8989,19.0941],[72.9127,19.0918],[72.9183,19.0881]]}},{"type":"Feature","properties":{"id":"transit_route:gtfs_mumbai_best:BEST_3797","field":"public_transport","kind":"transit_route","name":"GHATKOPAR BUS STATION to BORIVALI (E) STATION (UP)","ref":"470 AS","status":"operational","opened_on":null,"expected_completion":null,"agency":"BEST","source":"gtfs_mumbai_best","confidence":0.7,"mode":"bus","tier":"secondary","geometry_source":"stop_sequence"},"geometry":{"type":"LineString","coordinates":[[72.9183,19.088],[72.9126,19.0917],[72.9097,19.0905],[72.9087,19.0864],[72.9025,19.0882],[72.9017,19.092],[72.8956,19.0958],[72.8856,19.1053],[72.8618,19.1142],[72.8589,19.1132],[72.8547,19.1149],[72.8558,19.1209],[72.8547,19.1418],[72.859,19.1711],[72.8582,19.1897],[72.8609,19.1999],[72.8684,19.2115],[72.8623,19.2314],[72.8577,19.2319]]}},{"type":"Feature","properties":{"id":"transit_route:gtfs_mumbai_best:BEST_3892","field":"public_transport","kind":"transit_route","name":"BORIVALI (E) STATION to GHATKOPAR BUS STATION (DOWN)","ref":"471 AS","status":"operational","opened_on":null,"expected_completion":null,"agency":"BEST","source":"gtfs_mumbai_best","confidence":0.7,"mode":"bus","tier":"secondary","geometry_source":"stop_sequence"},"geometry":{"type":"LineString","coordinates":[[72.8576,19.2297],[72.8585,19.2313],[72.8637,19.2299],[72.8686,19.2117],[72.8611,19.1991],[72.8586,19.1879],[72.8592,19.1706],[72.8554,19.1426],[72.8563,19.1409],[72.8609,19.1394],[72.8692,19.1397],[72.8722,19.1381],[72.8748,19.132],[72.8786,19.13],[72.8875,19.1285],[72.8905,19.1263],[72.8948,19.1256],[72.9006,19.1201],[72.904,19.1194],[72.9067,19.1205],[72.9097,19.124],[72.9171,19.1257],[72.9197,19.1288],[72.9253,19.1244],[72.9262,19.1135],[72.9253,19.1102],[72.9123,19.0929],[72.9183,19.0881]]}},{"type":"Feature","properties":{"id":"transit_route:gtfs_mumbai_best:BEST_3893","field":"public_transport","kind":"transit_route","name":"GHATKOPAR BUS STATION to BORIVALI (E) STATION (UP)","ref":"471 AS","status":"operational","opened_on":null,"expected_completion":null,"agency":"BEST","source":"gtfs_mumbai_best","confidence":0.7,"mode":"bus","tier":"secondary","geometry_source":"stop_sequence"},"geometry":{"type":"LineString","coordinates":[[72.9181,19.0882],[72.9126,19.0917],[72.9123,19.0932],[72.9258,19.1116],[72.9252,19.1244],[72.919,19.1274],[72.9139,19.1241],[72.9097,19.1238],[72.9066,19.1202],[72.9038,19.1192],[72.8997,19.1201],[72.8981,19.1232],[72.8941,19.126],[72.89,19.1264],[72.8839,19.1293],[72.8787,19.1296],[72.8745,19.1333],[72.8721,19.1381],[72.8693,19.1395],[72.8675,19.1397],[72.861,19.1391],[72.8636,19.1389],[72.8616,19.1392],[72.8547,19.1418],[72.8586,19.1693],[72.8583,19.1884],[72.8609,19.1999],[72.8684,19.2115],[72.8632,19.2305],[72.8588,19.2306]]}},{"type":"Feature","properties":{"id":"transit_route:gtfs_mumbai_best:BEST_4333","field":"public_transport","kind":"transit_route","name":"MAHUL VILLAGE to SANTACRUZ DEPOT (DOWN)","ref":"473 AS","status":"operational","opened_on":null,"expected_completion":null,"agency":"BEST","source":"gtfs_mumbai_best","confidence":0.7,"mode":"bus","tier":"secondary","geometry_source":"stop_sequence"},"geometry":{"type":"LineString","coordinates":[[72.8904,19.014],[72.8899,19.025],[72.8908,19.0278],[72.896,19.0279],[72.897,19.0292],[72.8938,19.0409],[72.8934,19.0499],[72.8884,19.0538],[72.8768,19.0513],[72.8608,19.0589],[72.8678,19.063],[72.8594,19.0618],[72.8489,19.0536],[72.8379,19.0532],[72.8373,19.0702],[72.8386,19.0919]]}},{"type":"Feature","properties":{"id":"transit_route:gtfs_mumbai_best:BEST_4334","field":"public_transport","kind":"transit_route","name":"SANTACRUZ DEPOT to MAHUL VILLAGE (UP)","ref":"473 AS","status":"operational","opened_on":null,"expected_completion":null,"agency":"BEST","source":"gtfs_mumbai_best","confidence":0.7,"mode":"bus","tier":"secondary","geometry_source":"stop_sequence"},"geometry":{"type":"LineString","coordinates":[[72.8385,19.0912],[72.8372,19.0603],[72.8399,19.0542],[72.8383,19.0514],[72.8487,19.0537],[72.8545,19.0592],[72.8613,19.0619],[72.8769,19.0517],[72.884,19.0543],[72.8911,19.0524],[72.8937,19.0502],[72.8934,19.0448],[72.8973,19.029],[72.8958,19.0278],[72.8907,19.0276],[72.8904,19.014]]}},{"type":"Feature","properties":{"id":"transit_route:gtfs_mumbai_best:BEST_2880","field":"public_transport","kind":"transit_route","name":"RUSHIVAN to BORIVALI (E) STATION (DOWN)","ref":"477 AS","status":"operational","opened_on":null,"expected_completion":null,"agency":"BEST","source":"gtfs_mumbai_best","confidence":0.7,"mode":"bus","tier":"secondary","geometry_source":"stop_sequence"},"geometry":{"type":"LineString","coordinates":[[72.8731,19.2363],[72.8679,19.2317],[72.8645,19.2328],[72.8628,19.2306],[72.8575,19.2283]]}},{"type":"Feature","properties":{"id":"transit_route:gtfs_mumbai_best:BEST_2881","field":"public_transport","kind":"transit_route","name":"BORIVALI (E) STATION to RUSHIVAN (UP)","ref":"477 AS","status":"operational","opened_on":null,"expected_completion":null,"agency":"BEST","source":"gtfs_mumbai_best","confidence":0.7,"mode":"bus","tier":"secondary","geometry_source":"stop_sequence"},"geometry":{"type":"LineString","coordinates":[[72.8575,19.2283],[72.8583,19.2312],[72.8623,19.2314],[72.8643,19.2331],[72.8682,19.2319],[72.873,19.2365]]}},{"type":"Feature","properties":{"id":"transit_route:gtfs_mumbai_best:BEST_4152","field":"public_transport","kind":"transit_route","name":"BORIVALI (E) STATION to VIKHROLI DEPOT (DOWN)","ref":"478 AS","status":"operational","opened_on":null,"expected_completion":null,"agency":"BEST","source":"gtfs_mumbai_best","confidence":0.7,"mode":"bus","tier":"secondary","geometry_source":"stop_sequence"},"geometry":{"type":"LineString","coordinates":[[72.8588,19.2321],[72.8637,19.2299],[72.8686,19.2117],[72.8611,19.1991],[72.8586,19.1879],[72.8592,19.1706],[72.8604,19.1661],[72.87,19.1644],[72.8745,19.1578],[72.8778,19.1446],[72.8819,19.1364],[72.8797,19.126],[72.8801,19.1135],[72.8827,19.1124],[72.8809,19.1085],[72.8859,19.1052],[72.8879,19.1064],[72.8895,19.1174],[72.8911,19.1213],[72.8948,19.1256],[72.9006,19.1201],[72.904,19.1194],[72.9067,19.1205],[72.9097,19.124],[72.9171,19.1257],[72.9197,19.1288],[72.9253,19.1244],[72.9262,19.1135],[72.9253,19.1102],[72.9194,19.1028]]}},{"type":"Feature","properties":{"id":"transit_route:gtfs_mumbai_best:BEST_4153","field":"public_transport","kind":"transit_route","name":"VIKHROLI DEPOT to BORIVALI (E) STATION (UP)","ref":"478 AS","status":"operational","opened_on":null,"expected_completion":null,"agency":"BEST","source":"gtfs_mumbai_best","confidence":0.7,"mode":"bus","tier":"secondary","geometry_source":"stop_sequence"},"geometry":{"type":"LineString","coordinates":[[72.9196,19.102],[72.9261,19.1137],[72.9252,19.1244],[72.919,19.1274],[72.9139,19.1241],[72.9097,19.1238],[72.9066,19.1202],[72.9038,19.1192],[72.8997,19.1201],[72.8981,19.1232],[72.8934,19.1256],[72.8896,19.1174],[72.8881,19.107],[72.8856,19.1053],[72.8806,19.1076],[72.8785,19.1101],[72.8802,19.1177],[72.8795,19.1263],[72.8817,19.1366],[72.8776,19.1451],[72.8745,19.1581],[72.8703,19.164],[72.8584,19.1668],[72.8582,19.1897],[72.8609,19.1999],[72.8684,19.2115],[72.8631,19.2305],[72.8577,19.2319]]}},{"type":"Feature","properties":{"id":"transit_route:gtfs_mumbai_best:BEST_2882","field":"public_transport","kind":"transit_route","name":"JANTA NAGAR (KANDIVALI-E) to BORIVALI (E) STATION (DOWN)","ref":"479 AS","status":"operational","opened_on":null,"expected_completion":null,"agency":"BEST","source":"gtfs_mumbai_best","confidence":0.7,"mode":"bus","tier":"secondary","geometry_source":"stop_sequence"},"geometry":{"type":"LineString","coordinates":[[72.8608,19.2131],[72.8668,19.2139],[72.8671,19.2161],[72.8628,19.2306],[72.8579,19.2278]]}},{"type":"Feature","properties":{"id":"transit_route:gtfs_mumbai_best:BEST_2883","field":"public_transport","kind":"transit_route","name":"BORIVALI (E) STATION to JANTA NAGAR (KANDIVALI-E) (UP)","ref":"479 AS","status":"operational","opened_on":null,"expected_completion":null,"agency":"BEST","source":"gtfs_mumbai_best","confidence":0.7,"mode":"bus","tier":"secondary","geometry_source":"stop_sequence"},"geometry":{"type":"LineString","coordinates":[[72.859,19.2289],[72.8567,19.2243],[72.8579,19.2225],[72.8658,19.2206],[72.8674,19.2161],[72.8669,19.2138],[72.861,19.213]]}},{"type":"Feature","properties":{"id":"transit_route:gtfs_mumbai_best:BEST_2672","field":"public_transport","kind":"transit_route","name":"VASHI NAKA (CHEMBUR); M.M.R.D.A COLONY to GHATKOPAR BUS STATION (DOWN)","ref":"481 AS","status":"operational","opened_on":null,"expected_completion":null,"agency":"BEST","source":"gtfs_mumbai_best","confidence":0.7,"mode":"bus","tier":"secondary","geometry_source":"stop_sequence"},"geometry":{"type":"LineString","coordinates":[[72.9027,19.0311],[72.8966,19.0316],[72.8953,19.0357],[72.8933,19.0446],[72.8952,19.0572],[72.9032,19.0747],[72.9057,19.0839],[72.909,19.0848],[72.9107,19.0818],[72.9137,19.0835],[72.9169,19.0885],[72.9183,19.0881]]}},{"type":"Feature","properties":{"id":"transit_route:gtfs_mumbai_best:BEST_2673","field":"public_transport","kind":"transit_route","name":"GHATKOPAR BUS STATION to VASHI NAKA (CHEMBUR); M.M.R.D.A COLONY (UP)","ref":"481 AS","status":"operational","opened_on":null,"expected_completion":null,"agency":"BEST","source":"gtfs_mumbai_best","confidence":0.7,"mode":"bus","tier":"secondary","geometry_source":"stop_sequence"},"geometry":{"type":"LineString","coordinates":[[72.9183,19.088],[72.9147,19.086],[72.9127,19.0821],[72.908,19.0817],[72.9057,19.0839],[72.9079,19.0851],[72.9076,19.0818],[72.9044,19.0816],[72.9032,19.0748],[72.8954,19.0576],[72.8934,19.0445],[72.8953,19.0361],[72.8969,19.0311],[72.9028,19.0311]]}},{"type":"Feature","properties":{"id":"transit_route:gtfs_mumbai_best:BEST_3122","field":"public_transport","kind":"transit_route","name":"PAWAR NAGAR BUS STATION (THANE) to MHADA COLONY BUS STATION (MULUND-E) (DOWN)","ref":"484 AS","status":"operational","opened_on":null,"expected_completion":null,"agency":"BEST","source":"gtfs_mumbai_best","confidence":0.7,"mode":"bus","tier":"secondary","geometry_source":"stop_sequence"},"geometry":{"type":"LineString","coordinates":[[72.9664,19.229],[72.9698,19.2278],[72.9702,19.2183],[72.9764,19.2146],[72.9746,19.2097],[72.9634,19.1987],[72.9628,19.1877],[72.9492,19.1833],[72.9457,19.1796],[72.9498,19.1781],[72.9545,19.174],[72.9581,19.1745],[72.9614,19.1729],[72.9582,19.1717],[72.9636,19.1667],[72.9656,19.1662],[72.9681,19.1694]]}},{"type":"Feature","properties":{"id":"transit_route:gtfs_mumbai_best:BEST_3123","field":"public_transport","kind":"transit_route","name":"MHADA COLONY BUS STATION (MULUND-E) to PAWAR NAGAR BUS STATION (THANE) (UP)","ref":"484 AS","status":"operational","opened_on":null,"expected_completion":null,"agency":"BEST","source":"gtfs_mumbai_best","confidence":0.7,"mode":"bus","tier":"secondary","geometry_source":"stop_sequence"},"geometry":{"type":"LineString","coordinates":[[72.9682,19.1689],[72.9655,19.1661],[72.9637,19.1668],[72.9594,19.1693],[72.9583,19.1714],[72.9619,19.1735],[72.956,19.1739],[72.9506,19.1787],[72.9454,19.1792],[72.9483,19.1832],[72.9582,19.1859],[72.9632,19.1894],[72.9623,19.1965],[72.9631,19.1992],[72.9733,19.209],[72.976,19.2147],[72.9701,19.2181],[72.9697,19.2279],[72.9663,19.2289]]}},{"type":"Feature","properties":{"id":"transit_route:gtfs_mumbai_best:BEST_3009","field":"public_transport","kind":"transit_route","name":"DINDOSHI DEPOT to SHIVAJI NAGAR DEPOT (DOWN)","ref":"488 AS","status":"operational","opened_on":null,"expected_completion":null,"agency":"BEST","source":"gtfs_mumbai_best","confidence":0.7,"mode":"bus","tier":"secondary","geometry_source":"stop_sequence"},"geometry":{"type":"LineString","coordinates":[[72.8655,19.1758],[72.8612,19.1746],[72.8592,19.1706],[72.8554,19.1426],[72.8555,19.1296],[72.8574,19.1154],[72.8837,19.1074],[72.8989,19.0941],[72.9127,19.0918],[72.9163,19.0897],[72.9199,19.0858],[72.9156,19.0777],[72.9085,19.0702],[72.9131,19.0637],[72.9173,19.0624],[72.9209,19.0675],[72.9234,19.0682],[72.928,19.0663]]}},{"type":"Feature","properties":{"id":"transit_route:gtfs_mumbai_best:BEST_3010","field":"public_transport","kind":"transit_route","name":"SHIVAJI NAGAR DEPOT to DINDOSHI DEPOT (UP)","ref":"488 AS","status":"operational","opened_on":null,"expected_completion":null,"agency":"BEST","source":"gtfs_mumbai_best","confidence":0.7,"mode":"bus","tier":"secondary","geometry_source":"stop_sequence"},"geometry":{"type":"LineString","coordinates":[[72.9285,19.0663],[72.9234,19.0682],[72.921,19.0677],[72.9184,19.0625],[72.9166,19.0623],[72.9124,19.0636],[72.9097,19.0676],[72.9086,19.0697],[72.9105,19.0732],[72.916,19.0785],[72.9199,19.0856],[72.9157,19.0898],[72.9126,19.0917],[72.9033,19.0876],[72.9017,19.092],[72.8956,19.0958],[72.8856,19.1053],[72.8618,19.1142],[72.8589,19.1132],[72.8547,19.1149],[72.8558,19.1209],[72.8547,19.1418],[72.859,19.1711],[72.8607,19.1746],[72.8649,19.1755]]}},{"type":"Feature","properties":{"id":"transit_route:gtfs_mumbai_best:BEST_2190","field":"public_transport","kind":"transit_route","name":"DINDOSHI DEPOT to SHIVAJI NAGAR BUS STATION (DOWN)","ref":"489 LTD","status":"operational","opened_on":null,"expected_completion":null,"agency":"BEST","source":"gtfs_mumbai_best","confidence":0.7,"mode":"bus","tier":"secondary","geometry_source":"stop_sequence"},"geometry":{"type":"LineString","coordinates":[[72.8655,19.1758],[72.8612,19.1746],[72.8592,19.1706],[72.8604,19.1661],[72.87,19.1644],[72.8713,19.1627],[72.8745,19.1578],[72.8778,19.1446],[72.8819,19.1364],[72.8891,19.1367],[72.8962,19.1385],[72.8972,19.1309],[72.8948,19.1256],[72.9006,19.1201],[72.904,19.1194],[72.9067,19.1205],[72.9097,19.124],[72.9171,19.1257],[72.9191,19.1282],[72.9253,19.1244],[72.9262,19.1135],[72.9253,19.1102],[72.9123,19.0929],[72.9198,19.0861],[72.9156,19.0777],[72.9085,19.0702],[72.9131,19.0637],[72.9173,19.0624],[72.9209,19.0675],[72.9234,19.0682],[72.9293,19.0662]]}},{"type":"Feature","properties":{"id":"transit_route:gtfs_mumbai_best:BEST_2191","field":"public_transport","kind":"transit_route","name":"SHIVAJI NAGAR BUS STATION to DINDOSHI DEPOT (UP)","ref":"489 LTD","status":"operational","opened_on":null,"expected_completion":null,"agency":"BEST","source":"gtfs_mumbai_best","confidence":0.7,"mode":"bus","tier":"secondary","geometry_source":"stop_sequence"},"geometry":{"type":"LineString","coordinates":[[72.9292,19.0662],[72.9234,19.0682],[72.921,19.0677],[72.9185,19.0628],[72.9166,19.0623],[72.9124,19.0636],[72.9086,19.0697],[72.9105,19.0732],[72.916,19.0785],[72.9199,19.0856],[72.9182,19.0881],[72.9126,19.0917],[72.913,19.094],[72.9257,19.1116],[72.9252,19.1244],[72.919,19.1274],[72.9139,19.1241],[72.9097,19.1238],[72.9066,19.1202],[72.9038,19.1192],[72.8997,19.1201],[72.8943,19.1269],[72.8966,19.13],[72.8962,19.1386],[72.8891,19.1367],[72.8817,19.1366],[72.8776,19.1451],[72.8745,19.1581],[72.8703,19.164],[72.8584,19.1668],[72.8606,19.1746],[72.8649,19.1755]]}},{"type":"Feature","properties":{"id":"transit_route:gtfs_mumbai_best:BEST_4243","field":"public_transport","kind":"transit_route","name":"DADLANI PARK (THANE-W) to MANTRALAYA (DOWN)","ref":"490 AS","status":"operational","opened_on":null,"expected_completion":null,"agency":"BEST","source":"gtfs_mumbai_best","confidence":0.7,"mode":"bus","tier":"secondary","geometry_source":"stop_sequence"},"geometry":{"type":"LineString","coordinates":[[72.996,19.2223],[72.9911,19.2217],[72.9799,19.2175],[72.9746,19.2097],[72.9634,19.1987],[72.9626,19.1958],[72.9641,19.1874],[72.9644,19.1656],[72.9418,19.1299],[72.9261,19.0932],[72.9199,19.0856],[72.9183,19.0881],[72.9199,19.0858],[72.9156,19.0777],[72.9085,19.0702],[72.9131,19.0637],[72.8426,18.9565],[72.8365,18.9385],[72.832,18.9332],[72.8316,18.9263],[72.8303,18.9257],[72.8235,18.9292]]}},{"type":"Feature","properties":{"id":"transit_route:gtfs_mumbai_best:BEST_4244","field":"public_transport","kind":"transit_route","name":"MANTRALAYA to DADLANI PARK (THANE-W) (UP)","ref":"490 AS","status":"operational","opened_on":null,"expected_completion":null,"agency":"BEST","source":"gtfs_mumbai_best","confidence":0.7,"mode":"bus","tier":"secondary","geometry_source":"stop_sequence"},"geometry":{"type":"LineString","coordinates":[[72.8245,18.9285],[72.8314,18.9264],[72.8296,18.9294],[72.8301,18.9328],[72.8364,18.9385],[72.8427,18.9577],[72.9124,19.0636],[72.9086,19.0697],[72.9105,19.0732],[72.916,19.0785],[72.9197,19.0859],[72.9187,19.0876],[72.9198,19.0861],[72.9258,19.0932],[72.9415,19.1303],[72.9642,19.1654],[72.9623,19.1965],[72.9631,19.1992],[72.9733,19.209],[72.98,19.2179],[72.9896,19.2215],[72.9958,19.2224]]}},{"type":"Feature","properties":{"id":"transit_route:gtfs_mumbai_best:BEST_4663","field":"public_transport","kind":"transit_route","name":"GHATKOPAR DEPOT to MANTRALAYA (DOWN)","ref":"490 AS","status":"operational","opened_on":null,"expected_completion":null,"agency":"BEST","source":"gtfs_mumbai_best","confidence":0.7,"mode":"bus","tier":"secondary","geometry_source":"stop_sequence"},"geometry":{"type":"LineString","coordinates":[[72.9199,19.0856],[72.9183,19.0881],[72.9199,19.0858],[72.9156,19.0777],[72.9085,19.0702],[72.9131,19.0637],[72.8426,18.9565],[72.8365,18.9385],[72.832,18.9332],[72.8316,18.9263],[72.8303,18.9257],[72.8235,18.9292]]}},{"type":"Feature","properties":{"id":"transit_route:gtfs_mumbai_best:BEST_4664","field":"public_transport","kind":"transit_route","name":"MANTRALAYA to GHATKOPAR DEPOT (UP)","ref":"490 AS","status":"operational","opened_on":null,"expected_completion":null,"agency":"BEST","source":"gtfs_mumbai_best","confidence":0.7,"mode":"bus","tier":"secondary","geometry_source":"stop_sequence"},"geometry":{"type":"LineString","coordinates":[[72.8245,18.9285],[72.8314,18.9264],[72.8296,18.9294],[72.8301,18.9328],[72.8364,18.9385],[72.8427,18.9577],[72.9124,19.0636],[72.9097,19.0676],[72.9086,19.0697],[72.9085,19.0702],[72.91,19.0676],[72.9131,19.0637],[72.9124,19.0636],[72.9086,19.0697],[72.9105,19.0732],[72.916,19.0785],[72.9197,19.0859]]}},{"type":"Feature","properties":{"id":"transit_route:gtfs_mumbai_best:BEST_4144","field":"public_transport","kind":"transit_route","name":"DADLANI PARK (THANE-W) to RANI LAXMIBAI CHOWK (SION) (DOWN)","ref":"491 AS","status":"operational","opened_on":null,"expected_completion":null,"agency":"BEST","source":"gtfs_mumbai_best","confidence":0.7,"mode":"bus","tier":"secondary","geometry_source":"stop_sequence"},"geometry":{"type":"LineString","coordinates":[[72.996,19.2223],[72.9911,19.2217],[72.9799,19.2175],[72.9746,19.2097],[72.9634,19.1987],[72.9626,19.1958],[72.9641,19.1874],[72.9644,19.1656],[72.9418,19.1299],[72.9261,19.0932],[72.9156,19.0777],[72.9112,19.0733],[72.8883,19.0572],[72.8641,19.0439]]}},{"type":"Feature","properties":{"id":"transit_route:gtfs_mumbai_best:BEST_4145","field":"public_transport","kind":"transit_route","name":"RANI LAXMIBAI CHOWK (SION) to DADLANI PARK (THANE-W) (UP)","ref":"491 AS","status":"operational","opened_on":null,"expected_completion":null,"agency":"BEST","source":"gtfs_mumbai_best","confidence":0.7,"mode":"bus","tier":"secondary","geometry_source":"stop_sequence"},"geometry":{"type":"LineString","coordinates":[[72.8635,19.0435],[72.8656,19.0465],[72.888,19.0575],[72.9105,19.0732],[72.916,19.0785],[72.9258,19.0932],[72.9415,19.1303],[72.9683,19.1736],[72.9632,19.1895],[72.9623,19.1965],[72.9631,19.1992],[72.9733,19.209],[72.98,19.2179],[72.9896,19.2215],[72.9958,19.2224]]}},{"type":"Feature","properties":{"id":"transit_route:gtfs_mumbai_best:BEST_4556","field":"public_transport","kind":"transit_route","name":"BHOOMI ACRES THANE to MAJAS DEPOT (DOWN)","ref":"492 AS","status":"operational","opened_on":null,"expected_completion":null,"agency":"BEST","source":"gtfs_mumbai_best","confidence":0.7,"mode":"bus","tier":"secondary","geometry_source":"stop_sequence"},"geometry":{"type":"LineString","coordinates":[[72.979,19.261],[72.9782,19.2576],[72.9816,19.2539],[72.9796,19.2498],[72.9829,19.2434],[72.9807,19.2394],[72.9775,19.2404],[72.9758,19.2393],[72.9782,19.2156],[72.9746,19.2097],[72.9634,19.1987],[72.9626,19.1958],[72.9686,19.1735],[72.9674,19.1699],[72.9379,19.1241],[72.9238,19.1253],[72.919,19.1274],[72.9139,19.1241],[72.9097,19.1238],[72.9066,19.1202],[72.9006,19.1201],[72.8941,19.126],[72.89,19.1264],[72.8839,19.1293],[72.8787,19.1296],[72.8745,19.1333],[72.8721,19.1381],[72.8693,19.1395],[72.8659,19.1393]]}},{"type":"Feature","properties":{"id":"transit_route:gtfs_mumbai_best:BEST_4557","field":"public_transport","kind":"transit_route","name":"MAJAS DEPOT to BHOOMI ACRES THANE (UP)","ref":"492 AS","status":"operational","opened_on":null,"expected_completion":null,"agency":"BEST","source":"gtfs_mumbai_best","confidence":0.7,"mode":"bus","tier":"secondary","geometry_source":"stop_sequence"},"geometry":{"type":"LineString","coordinates":[[72.8653,19.1392],[72.8692,19.1397],[72.8722,19.1381],[72.8748,19.132],[72.8786,19.13],[72.8875,19.1285],[72.8905,19.1263],[72.8948,19.1256],[72.9006,19.1201],[72.904,19.1194],[72.9067,19.1205],[72.9097,19.124],[72.9171,19.1257],[72.9197,19.1288],[72.9261,19.1253],[72.9388,19.1249],[72.9671,19.1699],[72.9683,19.1736],[72.9632,19.1895],[72.9623,19.1965],[72.9631,19.1992],[72.9774,19.2143],[72.978,19.2212],[72.9755,19.2392],[72.9773,19.2407],[72.9807,19.2396],[72.9828,19.2435],[72.9823,19.2455],[72.9789,19.2479],[72.9816,19.254],[72.9782,19.2575],[72.9789,19.2607]]}},{"type":"Feature","properties":{"id":"transit_route:gtfs_mumbai_best:BEST_4311","field":"public_transport","kind":"transit_route","name":"MAHARANA PRATAP CHOWK (MULUND CHECK NAKA-W) to DEONAR DEPOT (DOWN)","ref":"493 AS","status":"operational","opened_on":null,"expected_completion":null,"agency":"BEST","source":"gtfs_mumbai_best","confidence":0.7,"mode":"bus","tier":"secondary","geometry_source":"stop_sequence"},"geometry":{"type":"LineString","coordinates":[[72.9543,19.1833],[72.9538,19.1785],[72.9566,19.1733],[72.9533,19.1763],[72.9443,19.1757],[72.9421,19.1749],[72.9392,19.1681],[72.9375,19.1593],[72.9377,19.1507],[72.9258,19.1292],[72.9253,19.1102],[72.9123,19.0929],[72.9199,19.0858],[72.9156,19.0777],[72.9085,19.0702],[72.9131,19.0637],[72.9335,19.0555],[72.9358,19.0531],[72.9362,19.0508],[72.9259,19.0454],[72.9268,19.0427],[72.9108,19.0456]]}},{"type":"Feature","properties":{"id":"transit_route:gtfs_mumbai_best:BEST_4312","field":"public_transport","kind":"transit_route","name":"DEONAR DEPOT to MAHARANA PRATAP CHOWK (MULUND CHECK NAKA-W) (UP)","ref":"493 AS","status":"operational","opened_on":null,"expected_completion":null,"agency":"BEST","source":"gtfs_mumbai_best","confidence":0.7,"mode":"bus","tier":"secondary","geometry_source":"stop_sequence"},"geometry":{"type":"LineString","coordinates":[[72.9121,19.0457],[72.9265,19.0428],[72.9259,19.0457],[72.9362,19.052],[72.9331,19.0552],[72.9124,19.0636],[72.9086,19.0697],[72.9105,19.0732],[72.916,19.0785],[72.9199,19.0856],[72.9182,19.0881],[72.9126,19.0917],[72.9123,19.0932],[72.9258,19.1116],[72.9258,19.1295],[72.9376,19.1508],[72.9381,19.1659],[72.9419,19.1749],[72.9488,19.1759],[72.9528,19.1754],[72.9545,19.174],[72.9534,19.1762],[72.9542,19.1834]]}},{"type":"Feature","properties":{"id":"transit_route:gtfs_mumbai_best:BEST_2756","field":"public_transport","kind":"transit_route","name":"RETI BUNDER; KHARIGAON (KALWA) to GHATKOPAR BUS STATION (DOWN)","ref":"494 AS","status":"operational","opened_on":null,"expected_completion":null,"agency":"BEST","source":"gtfs_mumbai_best","confidence":0.7,"mode":"bus","tier":"secondary","geometry_source":"stop_sequence"},"geometry":{"type":"LineString","coordinates":[[73.0155,19.2103],[73.0046,19.203],[72.9878,19.1961],[72.9733,19.2006],[72.9685,19.1917],[72.963,19.1879],[72.9471,19.182],[72.9421,19.1749],[72.9384,19.1659],[72.9377,19.1507],[72.9359,19.146],[72.9314,19.1401],[72.9258,19.1292],[72.9253,19.1102],[72.9123,19.0929],[72.9183,19.0881]]}},{"type":"Feature","properties":{"id":"transit_route:gtfs_mumbai_best:BEST_2757","field":"public_transport","kind":"transit_route","name":"GHATKOPAR BUS STATION to RETI BUNDER; KHARIGAON (KALWA) (UP)","ref":"494 AS","status":"operational","opened_on":null,"expected_completion":null,"agency":"BEST","source":"gtfs_mumbai_best","confidence":0.7,"mode":"bus","tier":"secondary","geometry_source":"stop_sequence"},"geometry":{"type":"LineString","coordinates":[[72.9181,19.0882],[72.9126,19.0917],[72.9123,19.0932],[72.9258,19.1116],[72.9258,19.1295],[72.9358,19.1461],[72.9376,19.1508],[72.9381,19.1659],[72.9419,19.1749],[72.947,19.1821],[72.9582,19.1859],[72.9685,19.1918],[72.9732,19.2007],[72.9876,19.1963],[72.991,19.1969],[73.0047,19.2032],[73.0156,19.2105]]}},{"type":"Feature","properties":{"id":"transit_route:gtfs_mumbai_best:BEST_3935","field":"public_transport","kind":"transit_route","name":"MARATHON CHOWK (TEEN HATH NAKA) to AGARKAR CHOWK (ANDHERI-E) (DOWN)","ref":"496 LTD","status":"operational","opened_on":null,"expected_completion":null,"agency":"BEST","source":"gtfs_mumbai_best","confidence":0.7,"mode":"bus","tier":"secondary","geometry_source":"stop_sequence"},"geometry":{"type":"LineString","coordinates":[[72.963,19.1879],[72.9471,19.182],[72.9421,19.1749],[72.9381,19.1659],[72.9377,19.1507],[72.9238,19.1253],[72.919,19.1274],[72.9139,19.1241],[72.9097,19.1238],[72.9066,19.1202],[72.9038,19.1192],[72.8997,19.1201],[72.8981,19.1232],[72.8941,19.126],[72.89,19.1264],[72.8839,19.1293],[72.8766,19.13],[72.8719,19.1236],[72.8701,19.1186],[72.8577,19.1151],[72.8488,19.1199]]}},{"type":"Feature","properties":{"id":"transit_route:gtfs_mumbai_best:BEST_3936","field":"public_transport","kind":"transit_route","name":"AGARKAR CHOWK (ANDHERI-E) to MARATHON CHOWK (TEEN HATH NAKA) (UP)","ref":"496 LTD","status":"operational","opened_on":null,"expected_completion":null,"agency":"BEST","source":"gtfs_mumbai_best","confidence":0.7,"mode":"bus","tier":"secondary","geometry_source":"stop_sequence"},"geometry":{"type":"LineString","coordinates":[[72.8486,19.1197],[72.8479,19.1177],[72.8516,19.1187],[72.8586,19.1151],[72.8651,19.1179],[72.8698,19.1184],[72.8712,19.1229],[72.8762,19.1297],[72.8875,19.1285],[72.8905,19.1263],[72.8948,19.1256],[72.9006,19.1201],[72.904,19.1194],[72.9067,19.1205],[72.9097,19.124],[72.9171,19.1257],[72.9191,19.1282],[72.9252,19.1264],[72.9258,19.1295],[72.9376,19.1508],[72.9376,19.1616],[72.9419,19.1749],[72.9483,19.1832],[72.9623,19.1877]]}},{"type":"Feature","properties":{"id":"transit_route:gtfs_mumbai_best:BEST_3894","field":"public_transport","kind":"transit_route","name":"BORIVALI (E) STATION to SANGHARSH NAGAR (CHANDIVALI) (DOWN)","ref":"498 AS","status":"operational","opened_on":null,"expected_completion":null,"agency":"BEST","source":"gtfs_mumbai_best","confidence":0.7,"mode":"bus","tier":"secondary","geometry_source":"stop_sequence"},"geometry":{"type":"LineString","coordinates":[[72.8576,19.2297],[72.8585,19.2313],[72.8637,19.2299],[72.8686,19.2117],[72.8611,19.1991],[72.8586,19.1879],[72.8592,19.1706],[72.8554,19.1426],[72.8563,19.1409],[72.8609,19.1394],[72.8692,19.1397],[72.8722,19.1381],[72.8748,19.132],[72.8773,19.1298],[72.8721,19.1228],[72.8795,19.1202],[72.8802,19.1177],[72.8833,19.1174],[72.8883,19.1117],[72.8927,19.1146],[72.8988,19.1141],[72.901,19.112],[72.9013,19.1086]]}},{"type":"Feature","properties":{"id":"transit_route:gtfs_mumbai_best:BEST_3895","field":"public_transport","kind":"transit_route","name":"SANGHARSH NAGAR (CHANDIVALI) to BORIVALI (E) STATION (UP)","ref":"498 AS","status":"operational","opened_on":null,"expected_completion":null,"agency":"BEST","source":"gtfs_mumbai_best","confidence":0.7,"mode":"bus","tier":"secondary","geometry_source":"stop_sequence"},"geometry":{"type":"LineString","coordinates":[[72.9012,19.1083],[72.901,19.1118],[72.8992,19.1141],[72.8936,19.1148],[72.8882,19.1111],[72.8866,19.1117],[72.8872,19.1177],[72.8816,19.1171],[72.8797,19.1202],[72.8721,19.1229],[72.8762,19.1297],[72.8721,19.1381],[72.8675,19.1397],[72.861,19.1391],[72.8636,19.1389],[72.8616,19.1392],[72.8547,19.1418],[72.859,19.1711],[72.8582,19.1897],[72.8609,19.1999],[72.8684,19.2115],[72.8631,19.2305],[72.859,19.2289]]}},{"type":"Feature","properties":{"id":"transit_route:gtfs_mumbai_best:BEST_3742","field":"public_transport","kind":"transit_route","name":"VRINDAVAN SOCIETY (THANE) to GHATKOPAR BUS STATION (DOWN)","ref":"499 AS","status":"operational","opened_on":null,"expected_completion":null,"agency":"BEST","source":"gtfs_mumbai_best","confidence":0.7,"mode":"bus","tier":"secondary","geometry_source":"stop_sequence"},"geometry":{"type":"LineString","coordinates":[[72.9827,19.2083],[72.9819,19.206],[72.9803,19.2061],[72.9733,19.2006],[72.9685,19.1917],[72.963,19.1879],[72.9471,19.182],[72.9421,19.1749],[72.9384,19.1659],[72.9377,19.1507],[72.9258,19.1292],[72.9253,19.1102],[72.9123,19.0929],[72.9183,19.0881]]}},{"type":"Feature","properties":{"id":"transit_route:gtfs_mumbai_best:BEST_3743","field":"public_transport","kind":"transit_route","name":"GHATKOPAR BUS STATION to VRINDAVAN SOCIETY (THANE) (UP)","ref":"499 AS","status":"operational","opened_on":null,"expected_completion":null,"agency":"BEST","source":"gtfs_mumbai_best","confidence":0.7,"mode":"bus","tier":"secondary","geometry_source":"stop_sequence"},"geometry":{"type":"LineString","coordinates":[[72.9181,19.0882],[72.9126,19.0917],[72.9123,19.0932],[72.9258,19.1116],[72.9258,19.1295],[72.9376,19.1508],[72.9381,19.1659],[72.9419,19.1749],[72.9483,19.1832],[72.9582,19.1859],[72.9685,19.1918],[72.9732,19.2007],[72.98,19.2061],[72.9817,19.206],[72.9827,19.2082]]}},{"type":"Feature","properties":{"id":"transit_route:gtfs_mumbai_best:BEST_2819","field":"public_transport","kind":"transit_route","name":"KURLA BUS STATION (E) to MANTRALAYA (DOWN)","ref":"5 AS","status":"operational","opened_on":null,"expected_completion":null,"agency":"BEST","source":"gtfs_mumbai_best","confidence":0.7,"mode":"bus","tier":"secondary","geometry_source":"stop_sequence"},"geometry":{"type":"LineString","coordinates":[[72.8809,19.0649],[72.88,19.0614],[72.8837,19.0619],[72.8828,19.0553],[72.8788,19.0533],[72.8704,19.053],[72.8672,19.0515],[72.8562,19.0275],[72.8453,19.0142],[72.8387,19.003],[72.8326,18.9706],[72.832,18.9544],[72.8296,18.9521],[72.8289,18.9492],[72.8308,18.9363],[72.8283,18.9315],[72.8282,18.9279],[72.8235,18.9292],[72.8245,18.9285]]}},{"type":"Feature","properties":{"id":"transit_route:gtfs_mumbai_best:BEST_2820","field":"public_transport","kind":"transit_route","name":"MANTRALAYA to KURLA BUS STATION (E) (UP)","ref":"5 AS","status":"operational","opened_on":null,"expected_completion":null,"agency":"BEST","source":"gtfs_mumbai_best","confidence":0.7,"mode":"bus","tier":"secondary","geometry_source":"stop_sequence"},"geometry":{"type":"LineString","coordinates":[[72.8246,18.9287],[72.8297,18.9272],[72.8301,18.9389],[72.8288,18.9485],[72.8321,18.9552],[72.8318,18.9628],[72.8386,19.0028],[72.8448,19.0139],[72.8555,19.0275],[72.8673,19.0518],[72.8792,19.0534],[72.8825,19.055],[72.8836,19.0618],[72.8805,19.0648]]}},{"type":"Feature","properties":{"id":"transit_route:gtfs_mumbai_best:BEST_1567","field":"public_transport","kind":"transit_route","name":"WORLI DEPOT to FERRY WHARF (DOWN)","ref":"50","status":"operational","opened_on":null,"expected_completion":null,"agency":"BEST","source":"gtfs_mumbai_best","confidence":0.7,"mode":"bus","tier":"secondary","geometry_source":"stop_sequence"},"geometry":{"type":"LineString","coordinates":[[72.82,19.0135],[72.8189,19.0165],[72.8231,19.0159],[72.8229,19.0126],[72.8186,19.0072],[72.8209,19.0049],[72.8179,18.9997],[72.8191,18.9955],[72.8202,18.9934],[72.8225,18.9932],[72.8225,18.9984],[72.8285,18.9982],[72.8355,18.9954],[72.8359,18.99],[72.8417,18.9871],[72.8423,18.9846],[72.8348,18.9805],[72.8332,18.9689],[72.8352,18.9699],[72.8436,18.9684],[72.8444,18.9662],[72.8436,18.9606],[72.8496,18.957]]}},{"type":"Feature","properties":{"id":"transit_route:gtfs_mumbai_best:BEST_1568","field":"public_transport","kind":"transit_route","name":"FERRY WHARF to WORLI DEPOT (UP)","ref":"50","status":"operational","opened_on":null,"expected_completion":null,"agency":"BEST","source":"gtfs_mumbai_best","confidence":0.7,"mode":"bus","tier":"secondary","geometry_source":"stop_sequence"},"geometry":{"type":"LineString","coordinates":[[72.8496,18.957],[72.8433,18.9605],[72.8413,18.9684],[72.8351,18.9699],[72.8332,18.9687],[72.8346,18.9811],[72.8402,18.9803],[72.8428,18.9821],[72.8414,18.9876],[72.8365,18.9884],[72.8357,18.9899],[72.8353,18.9952],[72.8252,18.9983],[72.822,18.9978],[72.8225,18.9932],[72.8201,18.9933],[72.8175,18.9993],[72.821,19.0053],[72.8184,19.0073],[72.8237,19.014],[72.8203,19.0168],[72.8199,19.014]]}},{"type":"Feature","properties":{"id":"transit_route:gtfs_mumbai_best:BEST_3494","field":"public_transport","kind":"transit_route","name":"SANTACRUZ DEPOT to COLABA BUS STATION (DOWN)","ref":"51","status":"operational","opened_on":null,"expected_completion":null,"agency":"BEST","source":"gtfs_mumbai_best","confidence":0.7,"mode":"bus","tier":"secondary","geometry_source":"stop_sequence"},"geometry":{"type":"LineString","coordinates":[[72.8384,19.0906],[72.8375,19.0708],[72.8342,19.0703],[72.8308,19.0732],[72.8266,19.0748],[72.8226,19.0744],[72.8228,19.0636],[72.824,19.0599],[72.8356,19.0594],[72.8367,19.0575],[72.8385,19.0464],[72.8424,19.0367],[72.8412,19.0239],[72.8473,19.0169],[72.8386,19.0027],[72.8338,18.9779],[72.8319,18.9595],[72.835,18.9458],[72.834,18.9366],[72.8318,18.933],[72.832,18.9239],[72.8308,18.9211],[72.8232,18.9126]]}},{"type":"Feature","properties":{"id":"transit_route:gtfs_mumbai_best:BEST_3495","field":"public_transport","kind":"transit_route","name":"COLABA BUS STATION to SANTACRUZ DEPOT (UP)","ref":"51","status":"operational","opened_on":null,"expected_completion":null,"agency":"BEST","source":"gtfs_mumbai_best","confidence":0.7,"mode":"bus","tier":"secondary","geometry_source":"stop_sequence"},"geometry":{"type":"LineString","coordinates":[[72.8228,18.9127],[72.8316,18.9231],[72.8302,18.9336],[72.8348,18.9406],[72.8347,18.9495],[72.8317,18.9589],[72.8335,18.9762],[72.8379,19.0008],[72.8421,19.0099],[72.8468,19.0167],[72.8423,19.0217],[72.8408,19.026],[72.8423,19.036],[72.8385,19.0459],[72.8379,19.0533],[72.8359,19.0594],[72.8237,19.06],[72.8223,19.0623],[72.8231,19.0749],[72.8262,19.075],[72.8372,19.0713],[72.8384,19.0912]]}},{"type":"Feature","properties":{"id":"transit_route:gtfs_mumbai_best:BEST_1571","field":"public_transport","kind":"transit_route","name":"SHRAWAN YASHWANTE CHOWK (KALA CHOWKY) to DHARAVI DEPOT (DOWN)","ref":"52 RING","status":"operational","opened_on":null,"expected_completion":null,"agency":"BEST","source":"gtfs_mumbai_best","confidence":0.7,"mode":"bus","tier":"secondary","geometry_source":"stop_sequence"},"geometry":{"type":"LineString","coordinates":[[72.8416,18.9876],[72.8414,18.9904],[72.8443,18.9944],[72.8353,18.9952],[72.831,19.0023],[72.8314,19.0104],[72.8423,19.0217],[72.8408,19.026],[72.8421,19.0337],[72.844,19.0353],[72.847,19.0353],[72.847,19.0392],[72.8428,19.0458],[72.847,19.0456],[72.8554,19.0485],[72.858,19.0512]]}},{"type":"Feature","properties":{"id":"transit_route:gtfs_mumbai_best:BEST_1572","field":"public_transport","kind":"transit_route","name":"DHARAVI DEPOT to SHRAWAN YASHWANTE CHOWK (KALA CHOWKY) (UP)","ref":"52 RING","status":"operational","opened_on":null,"expected_completion":null,"agency":"BEST","source":"gtfs_mumbai_best","confidence":0.7,"mode":"bus","tier":"secondary","geometry_source":"stop_sequence"},"geometry":{"type":"LineString","coordinates":[[72.8578,19.0509],[72.8554,19.0484],[72.8478,19.0457],[72.8436,19.0461],[72.847,19.0393],[72.8472,19.0352],[72.8437,19.0353],[72.8423,19.0336],[72.8409,19.0258],[72.8423,19.0211],[72.8322,19.0107],[72.8365,18.9921],[72.8359,18.99],[72.8416,18.9876]]}},{"type":"Feature","properties":{"id":"transit_route:gtfs_mumbai_best:BEST_4167","field":"public_transport","kind":"transit_route","name":"KALAMBOLI BUS STATION to GHATKOPAR BUS STATION (DOWN)","ref":"53 AS","status":"operational","opened_on":null,"expected_completion":null,"agency":"BEST","source":"gtfs_mumbai_best","confidence":0.7,"mode":"bus","tier":"secondary","geometry_source":"stop_sequence"},"geometry":{"type":"LineString","coordinates":[[73.1012,19.0274],[73.102,19.0263],[73.1052,19.0263],[73.1049,19.019],[73.0723,19.0422],[73.0728,19.0368],[73.06,19.028],[73.0396,19.0242],[73.0294,19.0341],[73.0287,19.0391],[73.022,19.0495],[73.0192,19.0561],[73.0191,19.0695],[73.0085,19.0734],[73.0012,19.0741],[72.9978,19.0729],[72.9961,19.0686],[72.9889,19.0694],[72.9553,19.0573],[72.9362,19.052],[72.93,19.0562],[72.9124,19.0636],[72.9086,19.0697],[72.9105,19.0732],[72.916,19.0785],[72.9199,19.0856],[72.9182,19.0881]]}},{"type":"Feature","properties":{"id":"transit_route:gtfs_mumbai_best:BEST_4168","field":"public_transport","kind":"transit_route","name":"GHATKOPAR BUS STATION to KALAMBOLI BUS STATION (UP)","ref":"53 AS","status":"operational","opened_on":null,"expected_completion":null,"agency":"BEST","source":"gtfs_mumbai_best","confidence":0.7,"mode":"bus","tier":"secondary","geometry_source":"stop_sequence"},"geometry":{"type":"LineString","coordinates":[[72.9183,19.0881],[72.9199,19.0858],[72.9156,19.0777],[72.9085,19.0702],[72.9131,19.0637],[72.9302,19.0566],[72.9377,19.0517],[72.9875,19.0696],[72.9973,19.0699],[72.9991,19.0744],[73.0083,19.0737],[73.0195,19.0689],[73.0195,19.0563],[73.029,19.0392],[73.0299,19.0334],[73.0416,19.0235],[73.0602,19.0285],[73.073,19.0373],[73.0724,19.0424],[73.1051,19.0192],[73.1059,19.0225],[73.1045,19.0262],[73.1019,19.0262],[73.1012,19.0274]]}},{"type":"Feature","properties":{"id":"transit_route:gtfs_mumbai_best:BEST_3149","field":"public_transport","kind":"transit_route","name":"AIROLI BUS STATION to WADALA BUS DEPOT (DOWN)","ref":"54 C","status":"operational","opened_on":null,"expected_completion":null,"agency":"BEST","source":"gtfs_mumbai_best","confidence":0.7,"mode":"bus","tier":"secondary","geometry_source":"stop_sequence"},"geometry":{"type":"LineString","coordinates":[[72.9982,19.1569],[72.9995,19.154],[72.9989,19.148],[72.9566,19.1538],[72.9418,19.1299],[72.9261,19.0932],[72.9199,19.0856],[72.9183,19.0881],[72.9199,19.0858],[72.9156,19.0777],[72.913,19.0748],[72.8842,19.0542],[72.8768,19.0513],[72.8608,19.0589],[72.8678,19.063],[72.8594,19.0618],[72.8385,19.0464],[72.8414,19.0403],[72.8423,19.0336],[72.8409,19.0258],[72.8423,19.0231],[72.8532,19.0144]]}},{"type":"Feature","properties":{"id":"transit_route:gtfs_mumbai_best:BEST_3150","field":"public_transport","kind":"transit_route","name":"WADALA BUS DEPOT to AIROLI BUS STATION (UP)","ref":"54 C","status":"operational","opened_on":null,"expected_completion":null,"agency":"BEST","source":"gtfs_mumbai_best","confidence":0.7,"mode":"bus","tier":"secondary","geometry_source":"stop_sequence"},"geometry":{"type":"LineString","coordinates":[[72.8523,19.0149],[72.842,19.0214],[72.8409,19.0266],[72.8421,19.0337],[72.841,19.0409],[72.8385,19.0459],[72.8545,19.0592],[72.8591,19.0617],[72.863,19.0612],[72.8769,19.0517],[72.884,19.0543],[72.9127,19.0748],[72.916,19.0785],[72.9197,19.0859],[72.9187,19.0876],[72.9198,19.0861],[72.9291,19.1013],[72.9388,19.1249],[72.95,19.1442],[72.9619,19.1539],[72.9987,19.1481],[72.9996,19.1532],[72.9982,19.1569]]}},{"type":"Feature","properties":{"id":"transit_route:gtfs_mumbai_best:BEST_1382","field":"public_transport","kind":"transit_route","name":"C.B.D. BELAPUR BUS STATION to SANTACRUZ DEPOT (DOWN)","ref":"55 C","status":"operational","opened_on":null,"expected_completion":null,"agency":"BEST","source":"gtfs_mumbai_best","confidence":0.7,"mode":"bus","tier":"secondary","geometry_source":"stop_sequence"},"geometry":{"type":"LineString","coordinates":[[73.0415,19.0247],[73.0396,19.0242],[73.0294,19.0341],[73.0287,19.0391],[73.0192,19.0561],[73.0191,19.0695],[73.0125,19.0732],[73.0012,19.0741],[72.9978,19.0729],[72.9961,19.0686],[72.9889,19.0694],[72.9377,19.0513],[72.93,19.0562],[72.9124,19.0636],[72.9086,19.0697],[72.8942,19.065],[72.8816,19.0735],[72.8727,19.0752],[72.8712,19.0707],[72.8613,19.0646],[72.8579,19.0603],[72.8514,19.0559],[72.8468,19.0532],[72.8379,19.0532],[72.8335,19.0687],[72.8345,19.0872],[72.8359,19.0897]]}},{"type":"Feature","properties":{"id":"transit_route:gtfs_mumbai_best:BEST_4277","field":"public_transport","kind":"transit_route","name":"SANTACRUZ DEPOT to C.B.D. BELAPUR BUS STATION (UP)","ref":"55 C","status":"operational","opened_on":null,"expected_completion":null,"agency":"BEST","source":"gtfs_mumbai_best","confidence":0.7,"mode":"bus","tier":"secondary","geometry_source":"stop_sequence"},"geometry":{"type":"LineString","coordinates":[[72.8363,19.0897],[72.8346,19.087],[72.8338,19.0695],[72.8342,19.066],[72.8399,19.0542],[72.8383,19.0514],[72.8471,19.0535],[72.8579,19.0607],[72.8615,19.0649],[72.8715,19.071],[72.8709,19.074],[72.8728,19.0753],[72.8945,19.0653],[72.9085,19.0702],[72.9131,19.0637],[72.9302,19.0566],[72.9377,19.0517],[72.9875,19.0696],[72.9973,19.0699],[72.9991,19.0744],[73.0121,19.0735],[73.0195,19.0689],[73.0195,19.0563],[73.029,19.0392],[73.0299,19.0334],[73.0415,19.0247]]}},{"type":"Feature","properties":{"id":"transit_route:gtfs_mumbai_best:BEST_1579","field":"public_transport","kind":"transit_route","name":"PRABODHANKAR THACKERAY UDYAN BUS STATION (SEWREE) to WALKESHWAR (DOWN)","ref":"57","status":"operational","opened_on":null,"expected_completion":null,"agency":"BEST","source":"gtfs_mumbai_best","confidence":0.7,"mode":"bus","tier":"secondary","geometry_source":"stop_sequence"},"geometry":{"type":"LineString","coordinates":[[72.8516,18.9982],[72.8428,19.0028],[72.8407,19.0015],[72.8408,18.9978],[72.8378,18.9952],[72.8252,18.9983],[72.822,18.9978],[72.8225,18.9932],[72.8201,18.9933],[72.8166,18.997],[72.814,18.9891],[72.8169,18.9578],[72.8125,18.9799],[72.8079,18.9672],[72.8091,18.9579],[72.8067,18.9535],[72.7962,18.9466]]}},{"type":"Feature","properties":{"id":"transit_route:gtfs_mumbai_best:BEST_1580","field":"public_transport","kind":"transit_route","name":"WALKESHWAR to PRABODHANKAR THACKERAY UDYAN BUS STATION (SEWREE) (UP)","ref":"57","status":"operational","opened_on":null,"expected_completion":null,"agency":"BEST","source":"gtfs_mumbai_best","confidence":0.7,"mode":"bus","tier":"secondary","geometry_source":"stop_sequence"},"geometry":{"type":"LineString","coordinates":[[72.7962,18.9466],[72.8068,18.9536],[72.809,18.9578],[72.808,18.9675],[72.8092,18.9735],[72.8144,18.982],[72.8153,18.9947],[72.8179,18.9986],[72.8285,18.9982],[72.8373,18.9953],[72.8403,18.9974],[72.8398,18.9995],[72.8427,19.0029],[72.8526,18.9982]]}},{"type":"Feature","properties":{"id":"transit_route:gtfs_mumbai_best:BEST_3682","field":"public_transport","kind":"transit_route","name":"KURLA BUS STATION (E) to WADALA TRUCK TERMINAL (DOWN)","ref":"58 AS","status":"operational","opened_on":null,"expected_completion":null,"agency":"BEST","source":"gtfs_mumbai_best","confidence":0.7,"mode":"bus","tier":"secondary","geometry_source":"stop_sequence"},"geometry":{"type":"LineString","coordinates":[[72.8809,19.0649],[72.8867,19.0578],[72.8843,19.0542],[72.8796,19.0522],[72.8776,19.0493],[72.8802,19.0364],[72.8744,19.0346]]}},{"type":"Feature","properties":{"id":"transit_route:gtfs_mumbai_best:BEST_3683","field":"public_transport","kind":"transit_route","name":"WADALA TRUCK TERMINAL to KURLA BUS STATION (E) (UP)","ref":"58 AS","status":"operational","opened_on":null,"expected_completion":null,"agency":"BEST","source":"gtfs_mumbai_best","confidence":0.7,"mode":"bus","tier":"secondary","geometry_source":"stop_sequence"},"geometry":{"type":"LineString","coordinates":[[72.8743,19.0346],[72.88,19.0364],[72.8773,19.0494],[72.8825,19.055],[72.8836,19.0618],[72.8805,19.0648]]}},{"type":"Feature","properties":{"id":"transit_route:gtfs_mumbai_best:BEST_2909","field":"public_transport","kind":"transit_route","name":"KURLA BUS STATION (E) to VEER HUTATMA BHAI KOTWAL UDYAN (PLAZA) (DOWN)","ref":"59 AS","status":"operational","opened_on":null,"expected_completion":null,"agency":"BEST","source":"gtfs_mumbai_best","confidence":0.7,"mode":"bus","tier":"secondary","geometry_source":"stop_sequence"},"geometry":{"type":"LineString","coordinates":[[72.8809,19.0649],[72.8867,19.0578],[72.8843,19.0542],[72.8796,19.0522],[72.8776,19.0493],[72.8794,19.0429],[72.8803,19.0303],[72.8787,19.0257],[72.8801,19.0302],[72.8794,19.0329],[72.8749,19.02],[72.8643,19.0174],[72.8507,19.0214],[72.849,19.0191],[72.8426,19.021]]}},{"type":"Feature","properties":{"id":"transit_route:gtfs_mumbai_best:BEST_2910","field":"public_transport","kind":"transit_route","name":"VEER HUTATMA BHAI KOTWAL UDYAN (PLAZA) to KURLA BUS STATION (E) (UP)","ref":"59 AS","status":"operational","opened_on":null,"expected_completion":null,"agency":"BEST","source":"gtfs_mumbai_best","confidence":0.7,"mode":"bus","tier":"secondary","geometry_source":"stop_sequence"},"geometry":{"type":"LineString","coordinates":[[72.842,19.0214],[72.8482,19.0186],[72.8506,19.0219],[72.8545,19.0198],[72.8642,19.0176],[72.8691,19.018],[72.875,19.0209],[72.8773,19.0285],[72.8795,19.033],[72.8802,19.0303],[72.8786,19.0257],[72.8803,19.0303],[72.8773,19.0494],[72.8825,19.055],[72.8836,19.0618],[72.8805,19.0648]]}},{"type":"Feature","properties":{"id":"transit_route:gtfs_mumbai_best:BEST_3973","field":"public_transport","kind":"transit_route","name":"AIROLI BUS STATION to KURLA BUS STATION (E) (DOWN)","ref":"501 LTD","status":"operational","opened_on":null,"expected_completion":null,"agency":"BEST","source":"gtfs_mumbai_best","confidence":0.7,"mode":"bus","tier":"secondary","geometry_source":"stop_sequence"},"geometry":{"type":"LineString","coordinates":[[72.9982,19.1569],[72.9932,19.1548],[72.9935,19.1482],[72.9987,19.1481],[73.0009,19.146],[73.0046,19.1261],[73.0088,19.1138],[73.0164,19.1139],[73.0036,19.111],[73.0018,19.1094],[73.0051,19.0987],[73.0054,19.0918],[72.9982,19.0786],[72.9975,19.0711],[72.9961,19.0686],[72.9889,19.0694],[72.9317,19.0492],[72.9212,19.0436],[72.9148,19.0453],[72.8933,19.0467],[72.8934,19.0499],[72.8805,19.0648]]}},{"type":"Feature","properties":{"id":"transit_route:gtfs_mumbai_best:BEST_3974","field":"public_transport","kind":"transit_route","name":"KURLA BUS STATION (E) to AIROLI BUS STATION (UP)","ref":"501 LTD","status":"operational","opened_on":null,"expected_completion":null,"agency":"BEST","source":"gtfs_mumbai_best","confidence":0.7,"mode":"bus","tier":"secondary","geometry_source":"stop_sequence"},"geometry":{"type":"LineString","coordinates":[[72.8801,19.0643],[72.8832,19.0625],[72.8937,19.0502],[72.8944,19.0457],[72.9147,19.0457],[72.9215,19.0437],[72.934,19.0504],[72.9875,19.0696],[72.9973,19.0699],[72.9991,19.0811],[73.0055,19.0917],[73.005,19.0986],[73.0017,19.1093],[73.0036,19.1111],[73.0162,19.1139],[73.0087,19.1134],[73.0034,19.1306],[73.0022,19.1427],[72.9989,19.148],[72.993,19.1482],[72.993,19.1546],[72.9982,19.1569]]}},{"type":"Feature","properties":{"id":"transit_route:gtfs_mumbai_best:BEST_4474","field":"public_transport","kind":"transit_route","name":"NERUL SECTOR 46; 48 to SHIVAJI NAGAR DEPOT (DOWN)","ref":"502 AS","status":"operational","opened_on":null,"expected_completion":null,"agency":"BEST","source":"gtfs_mumbai_best","confidence":0.7,"mode":"bus","tier":"secondary","geometry_source":"stop_sequence"},"geometry":{"type":"LineString","coordinates":[[73.0164,19.0081],[73.0148,19.0117],[73.0164,19.0108],[73.0178,19.0131],[73.0145,19.0177],[73.0174,19.0212],[73.015,19.0234],[73.017,19.034],[73.0146,19.0385],[73.0177,19.0441],[73.0165,19.0531],[73.0132,19.063],[73.0033,19.0596],[73.0012,19.0741],[72.9978,19.0729],[72.9961,19.0686],[72.9889,19.0694],[72.9317,19.0492],[72.9212,19.0436],[72.9108,19.0456],[72.9095,19.0471],[72.9112,19.0554],[72.9154,19.0631],[72.9185,19.0628],[72.9209,19.0675],[72.9234,19.0682],[72.928,19.0663]]}},{"type":"Feature","properties":{"id":"transit_route:gtfs_mumbai_best:BEST_4475","field":"public_transport","kind":"transit_route","name":"SHIVAJI NAGAR DEPOT to NERUL SECTOR 46; 48 (UP)","ref":"502 AS","status":"operational","opened_on":null,"expected_completion":null,"agency":"BEST","source":"gtfs_mumbai_best","confidence":0.7,"mode":"bus","tier":"secondary","geometry_source":"stop_sequence"},"geometry":{"type":"LineString","coordinates":[[72.9279,19.0662],[72.9234,19.0682],[72.921,19.0677],[72.9185,19.0628],[72.9166,19.0623],[72.9114,19.0556],[72.9096,19.0466],[72.9215,19.0437],[72.934,19.0504],[72.9875,19.0696],[72.9973,19.0699],[72.9991,19.0744],[73.0008,19.0743],[73.0026,19.0725],[73.0033,19.0598],[73.0103,19.0629],[73.0133,19.063],[73.0166,19.053],[73.0178,19.0446],[73.0148,19.0431],[73.0146,19.0384],[73.0172,19.0343],[73.0151,19.0234],[73.0173,19.0214],[73.0144,19.0176],[73.0178,19.0131],[73.0164,19.0108],[73.0148,19.0117],[73.0165,19.0081]]}},{"type":"Feature","properties":{"id":"transit_route:gtfs_mumbai_best:BEST_4211","field":"public_transport","kind":"transit_route","name":"JALVAYU VIHAR (KHARGHAR) to SHIVAJI NAGAR DEPOT (DOWN)","ref":"504 AS","status":"operational","opened_on":null,"expected_completion":null,"agency":"BEST","source":"gtfs_mumbai_best","confidence":0.7,"mode":"bus","tier":"secondary","geometry_source":"stop_sequence"},"geometry":{"type":"LineString","coordinates":[[73.0703,19.0497],[73.0701,19.0478],[73.0729,19.0457],[73.0724,19.0424],[73.0674,19.0394],[73.0608,19.0316],[73.0603,19.0289],[73.0495,19.0226],[73.0396,19.0242],[73.0294,19.0341],[73.0287,19.0391],[73.0192,19.0561],[73.0191,19.0695],[73.0125,19.0732],[73.0012,19.0741],[72.9978,19.0729],[72.9961,19.0686],[72.9889,19.0694],[72.9317,19.0492],[72.9212,19.0436],[72.9108,19.0456],[72.9095,19.0471],[72.9112,19.0554],[72.9154,19.0631],[72.9185,19.0628],[72.9209,19.0675],[72.9234,19.0682],[72.928,19.0663]]}},{"type":"Feature","properties":{"id":"transit_route:gtfs_mumbai_best:BEST_4212","field":"public_transport","kind":"transit_route","name":"SHIVAJI NAGAR DEPOT to JALVAYU VIHAR (KHARGHAR) (UP)","ref":"504 AS","status":"operational","opened_on":null,"expected_completion":null,"agency":"BEST","source":"gtfs_mumbai_best","confidence":0.7,"mode":"bus","tier":"secondary","geometry_source":"stop_sequence"},"geometry":{"type":"LineString","coordinates":[[72.9285,19.0663],[72.9234,19.0682],[72.921,19.0677],[72.9185,19.0628],[72.9157,19.0627],[72.9114,19.0556],[72.9096,19.0466],[72.9215,19.0437],[72.934,19.0504],[72.9875,19.0696],[72.9973,19.0699],[72.9991,19.0744],[73.0121,19.0735],[73.0195,19.0689],[73.0195,19.0563],[73.029,19.0392],[73.0299,19.0334],[73.0409,19.0244],[73.0417,19.0254],[73.0493,19.0228],[73.0603,19.029],[73.0625,19.0337],[73.0677,19.04],[73.0723,19.0422],[73.0728,19.0459],[73.0698,19.0476],[73.0701,19.0496]]}},{"type":"Feature","properties":{"id":"transit_route:gtfs_mumbai_best:BEST_3128","field":"public_transport","kind":"transit_route","name":"C.B.D. BELAPUR BUS STATION to SANTACRUZ DEPOT (DOWN)","ref":"505 C","status":"operational","opened_on":null,"expected_completion":null,"agency":"BEST","source":"gtfs_mumbai_best","confidence":0.7,"mode":"bus","tier":"secondary","geometry_source":"stop_sequence"},"geometry":{"type":"LineString","coordinates":[[73.0415,19.0247],[73.0396,19.0242],[73.0294,19.0341],[73.0287,19.0391],[73.0192,19.0561],[73.0191,19.0695],[73.0125,19.0732],[73.0012,19.0741],[72.9978,19.0729],[72.9961,19.0686],[72.9889,19.0694],[72.9317,19.0492],[72.9212,19.0436],[72.9108,19.0456],[72.9184,19.0444],[72.8934,19.054],[72.8844,19.0535],[72.8749,19.0506],[72.8608,19.0589],[72.8678,19.063],[72.8594,19.0618],[72.8468,19.0532],[72.8379,19.0532],[72.8335,19.0687],[72.8345,19.0872],[72.8359,19.0897]]}},{"type":"Feature","properties":{"id":"transit_route:gtfs_mumbai_best:BEST_3129","field":"public_transport","kind":"transit_route","name":"SANTACRUZ DEPOT to C.B.D. BELAPUR BUS STATION (UP)","ref":"505 C","status":"operational","opened_on":null,"expected_completion":null,"agency":"BEST","source":"gtfs_mumbai_best","confidence":0.7,"mode":"bus","tier":"secondary","geometry_source":"stop_sequence"},"geometry":{"type":"LineString","coordinates":[[72.8363,19.0897],[72.8346,19.087],[72.8338,19.0695],[72.8342,19.066],[72.8399,19.0542],[72.8383,19.0514],[72.8471,19.0535],[72.8545,19.0592],[72.8613,19.0619],[72.8747,19.0508],[72.884,19.0543],[72.8933,19.0542],[72.9014,19.052],[72.9077,19.0474],[72.9121,19.0457],[72.9215,19.0437],[72.934,19.0504],[72.9875,19.0696],[72.9973,19.0699],[72.9991,19.0744],[73.0121,19.0735],[73.0195,19.0689],[73.0195,19.0563],[73.029,19.0392],[73.0299,19.0334],[73.0415,19.0247]]}},{"type":"Feature","properties":{"id":"transit_route:gtfs_mumbai_best:BEST_3878","field":"public_transport","kind":"transit_route","name":"NERUL BUS STATION to SANTACRUZ STATION (E) (DOWN)","ref":"507 AS","status":"operational","opened_on":null,"expected_completion":null,"agency":"BEST","source":"gtfs_mumbai_best","confidence":0.7,"mode":"bus","tier":"secondary","geometry_source":"stop_sequence"},"geometry":{"type":"LineString","coordinates":[[73.0199,19.0401],[73.0211,19.0406],[73.0242,19.0471],[73.0192,19.0561],[73.0191,19.0695],[73.0125,19.0732],[73.0012,19.0741],[72.9978,19.0729],[72.9961,19.0686],[72.9889,19.0694],[72.9377,19.0513],[72.9331,19.0552],[72.9124,19.0636],[72.9097,19.0676],[72.906,19.0698],[72.8942,19.065],[72.8767,19.0761],[72.863,19.071],[72.861,19.0726],[72.8606,19.075],[72.862,19.0779],[72.859,19.0805],[72.8556,19.0816],[72.8495,19.0801],[72.8425,19.0811]]}},{"type":"Feature","properties":{"id":"transit_route:gtfs_mumbai_best:BEST_3879","field":"public_transport","kind":"transit_route","name":"SANTACRUZ STATION (E) to NERUL BUS STATION (UP)","ref":"507 AS","status":"operational","opened_on":null,"expected_completion":null,"agency":"BEST","source":"gtfs_mumbai_best","confidence":0.7,"mode":"bus","tier":"secondary","geometry_source":"stop_sequence"},"geometry":{"type":"LineString","coordinates":[[72.8425,19.0811],[72.8495,19.0803],[72.8581,19.082],[72.8621,19.0772],[72.8607,19.075],[72.8613,19.0725],[72.8633,19.0711],[72.8728,19.0753],[72.8788,19.0754],[72.8945,19.0653],[72.9085,19.0702],[72.9131,19.0637],[72.9335,19.0555],[72.9377,19.0517],[72.9875,19.0696],[72.9973,19.0699],[72.9991,19.0744],[73.0121,19.0735],[73.0195,19.0689],[73.0195,19.0563],[73.0244,19.046],[73.0214,19.0408],[73.0199,19.0401]]}},{"type":"Feature","properties":{"id":"transit_route:gtfs_mumbai_best:BEST_1169","field":"public_transport","kind":"transit_route","name":"NERUL BUS STATION to MAHARANA PRATAP CHOWK (MULUND CHECK NAKA-W) (DOWN)","ref":"512 LTD","status":"operational","opened_on":null,"expected_completion":null,"agency":"BEST","source":"gtfs_mumbai_best","confidence":0.7,"mode":"bus","tier":"secondary","geometry_source":"stop_sequence"},"geometry":{"type":"LineString","coordinates":[[73.0199,19.0401],[73.0211,19.0406],[73.0242,19.0471],[73.0192,19.0561],[73.0191,19.0695],[73.0125,19.0732],[73.0012,19.0741],[72.9978,19.0758],[72.9991,19.0811],[73.0055,19.0917],[73.005,19.0986],[73.0017,19.1093],[73.0036,19.1111],[73.0162,19.1139],[73.0087,19.1134],[73.0034,19.1306],[73.0022,19.1427],[72.9989,19.148],[72.9505,19.1561],[72.9469,19.1571],[72.9467,19.1601],[72.9388,19.1636],[72.9381,19.1659],[72.9419,19.1749],[72.947,19.1821],[72.9483,19.1832],[72.9542,19.1834]]}},{"type":"Feature","properties":{"id":"transit_route:gtfs_mumbai_best:BEST_1170","field":"public_transport","kind":"transit_route","name":"MAHARANA PRATAP CHOWK (MULUND CHECK NAKA-W) to NERUL BUS STATION (UP)","ref":"512 LTD","status":"operational","opened_on":null,"expected_completion":null,"agency":"BEST","source":"gtfs_mumbai_best","confidence":0.7,"mode":"bus","tier":"secondary","geometry_source":"stop_sequence"},"geometry":{"type":"LineString","coordinates":[[72.9537,19.1831],[72.9492,19.1833],[72.9471,19.182],[72.9421,19.1749],[72.9383,19.1638],[72.9468,19.1603],[72.9467,19.1579],[72.9505,19.1563],[72.9987,19.1481],[73.0024,19.1426],[73.0046,19.1261],[73.0088,19.1138],[73.0164,19.1139],[73.0036,19.111],[73.0018,19.1094],[73.0058,19.0949],[73.0049,19.0894],[72.9993,19.0809],[72.998,19.0759],[73.0008,19.0743],[73.0121,19.0735],[73.0195,19.0689],[73.0195,19.0563],[73.0244,19.046],[73.0214,19.0408],[73.0199,19.0401]]}},{"type":"Feature","properties":{"id":"transit_route:gtfs_mumbai_best:BEST_4452","field":"public_transport","kind":"transit_route","name":"VASHI RAILWAY STATION to MULUND DEPOT (DOWN)","ref":"513 C","status":"operational","opened_on":null,"expected_completion":null,"agency":"BEST","source":"gtfs_mumbai_best","confidence":0.7,"mode":"bus","tier":"secondary","geometry_source":"stop_sequence"},"geometry":{"type":"LineString","coordinates":[[72.9984,19.064],[72.9973,19.0678],[72.9981,19.0782],[73.0055,19.0917],[73.005,19.0986],[73.0017,19.1093],[73.0036,19.1111],[73.0162,19.1139],[73.0087,19.1134],[73.0044,19.1262],[73.0022,19.1427],[72.9982,19.1569],[72.9932,19.1548],[72.9929,19.1507],[72.9901,19.149],[72.958,19.1544],[72.9573,19.1555],[72.9642,19.1654],[72.9583,19.1714],[72.9614,19.1729],[72.9586,19.1743],[72.956,19.1739],[72.9533,19.1763],[72.9477,19.1757]]}},{"type":"Feature","properties":{"id":"transit_route:gtfs_mumbai_best:BEST_4453","field":"public_transport","kind":"transit_route","name":"MULUND DEPOT to VASHI RAILWAY STATION (UP)","ref":"513 C","status":"operational","opened_on":null,"expected_completion":null,"agency":"BEST","source":"gtfs_mumbai_best","confidence":0.7,"mode":"bus","tier":"secondary","geometry_source":"stop_sequence"},"geometry":{"type":"LineString","coordinates":[[72.948,19.1759],[72.9529,19.1754],[72.9545,19.174],[72.9581,19.1745],[72.9614,19.1729],[72.9582,19.1717],[72.9644,19.1656],[72.9619,19.1539],[72.9902,19.1492],[72.9928,19.1499],[72.993,19.1546],[72.9982,19.1569],[73.0024,19.1426],[73.0046,19.1261],[73.0088,19.1138],[73.0164,19.1139],[73.0036,19.111],[73.0018,19.1094],[73.0058,19.0949],[73.0049,19.0894],[72.9982,19.0786],[72.9975,19.0678],[72.9984,19.064]]}},{"type":"Feature","properties":{"id":"transit_route:gtfs_mumbai_best:BEST_3874","field":"public_transport","kind":"transit_route","name":"VASHI SECTOR 19 to SANTACRUZ STATION (E) (DOWN)","ref":"517 AS","status":"operational","opened_on":null,"expected_completion":null,"agency":"BEST","source":"gtfs_mumbai_best","confidence":0.7,"mode":"bus","tier":"secondary","geometry_source":"stop_sequence"},"geometry":{"type":"LineString","coordinates":[[73.0119,19.0839],[73.012,19.0866],[73.0106,19.0869],[73.0077,19.0797],[73.0092,19.079],[73.0098,19.0766],[73.0085,19.0734],[73.0012,19.0741],[72.9978,19.0729],[72.9975,19.0711],[72.9889,19.0694],[72.9377,19.0513],[72.9331,19.0552],[72.9124,19.0636],[72.9097,19.0676],[72.9086,19.0697],[72.9105,19.0732],[72.913,19.0748],[72.9197,19.0859],[72.9126,19.0917],[72.9067,19.0885],[72.8841,19.0841],[72.8804,19.0798],[72.8757,19.0792],[72.8701,19.0814],[72.8658,19.0778],[72.862,19.0779],[72.858,19.0819],[72.8495,19.0801],[72.8425,19.0811]]}},{"type":"Feature","properties":{"id":"transit_route:gtfs_mumbai_best:BEST_3875","field":"public_transport","kind":"transit_route","name":"SANTACRUZ STATION (E) to VASHI SECTOR 19 (UP)","ref":"517 AS","status":"operational","opened_on":null,"expected_completion":null,"agency":"BEST","source":"gtfs_mumbai_best","confidence":0.7,"mode":"bus","tier":"secondary","geometry_source":"stop_sequence"},"geometry":{"type":"LineString","coordinates":[[72.8425,19.0811],[72.8495,19.0803],[72.8581,19.082],[72.8629,19.0778],[72.8648,19.0777],[72.87,19.0814],[72.8799,19.0793],[72.8836,19.0841],[72.9033,19.0876],[72.9127,19.0918],[72.9199,19.0858],[72.9156,19.0777],[72.9085,19.0702],[72.91,19.0676],[72.9154,19.0631],[72.9335,19.0555],[72.9377,19.0517],[72.9875,19.0696],[72.9973,19.0699],[72.9991,19.0744],[73.0083,19.0737],[73.0096,19.0762],[73.0094,19.0789],[73.0075,19.0798],[73.0084,19.0836],[73.0105,19.0869],[73.0116,19.0866],[73.0121,19.084]]}},{"type":"Feature","properties":{"id":"transit_route:gtfs_mumbai_best:BEST_3104","field":"public_transport","kind":"transit_route","name":"GHANSOLI VILLAGE to WADALA BUS DEPOT (DOWN)","ref":"521 C","status":"operational","opened_on":null,"expected_completion":null,"agency":"BEST","source":"gtfs_mumbai_best","confidence":0.7,"mode":"bus","tier":"secondary","geometry_source":"stop_sequence"},"geometry":{"type":"LineString","coordinates":[[72.9997,19.1228],[72.9991,19.1189],[73.0027,19.1168],[73.0034,19.1148],[73.0018,19.1094],[73.0058,19.0949],[73.0049,19.0894],[72.9982,19.0786],[72.9975,19.0711],[72.9961,19.0686],[72.9889,19.0694],[72.9317,19.0492],[72.9259,19.0454],[72.9265,19.0428],[72.9108,19.0456],[72.9048,19.0499],[72.8931,19.054],[72.884,19.0536],[72.8752,19.0508],[72.8682,19.048],[72.863,19.0411],[72.8591,19.0327],[72.849,19.0191],[72.8496,19.0168],[72.8526,19.0148]]}},{"type":"Feature","properties":{"id":"transit_route:gtfs_mumbai_best:BEST_3105","field":"public_transport","kind":"transit_route","name":"WADALA BUS DEPOT to GHANSOLI VILLAGE (UP)","ref":"521 C","status":"operational","opened_on":null,"expected_completion":null,"agency":"BEST","source":"gtfs_mumbai_best","confidence":0.7,"mode":"bus","tier":"secondary","geometry_source":"stop_sequence"},"geometry":{"type":"LineString","coordinates":[[72.8526,19.0148],[72.8489,19.0127],[72.8456,19.0151],[72.8568,19.0285],[72.8671,19.0479],[72.8794,19.0525],[72.8933,19.0542],[72.9014,19.052],[72.9077,19.0474],[72.9121,19.0457],[72.9265,19.0424],[72.9259,19.0457],[72.934,19.0504],[72.9875,19.0696],[72.9973,19.0699],[72.9991,19.0811],[73.0055,19.0917],[73.005,19.0986],[73.0017,19.1093],[73.0033,19.1148],[73.0027,19.1166],[72.9995,19.1187],[72.9995,19.1227]]}},{"type":"Feature","properties":{"id":"transit_route:gtfs_mumbai_best:BEST_4186","field":"public_transport","kind":"transit_route","name":"MILLENNIUM BUSINESS PARK (MAHAPE) to MAJAS DEPOT (DOWN)","ref":"522 LTD","status":"operational","opened_on":null,"expected_completion":null,"agency":"BEST","source":"gtfs_mumbai_best","confidence":0.7,"mode":"bus","tier":"secondary","geometry_source":"stop_sequence"},"geometry":{"type":"LineString","coordinates":[[73.0164,19.1139],[73.0087,19.1134],[73.0044,19.1262],[73.0022,19.1427],[73.0008,19.1458],[72.9901,19.149],[72.9469,19.1571],[72.9467,19.1601],[72.9388,19.1636],[72.9375,19.1593],[72.9377,19.1507],[72.9238,19.1253],[72.919,19.1274],[72.9139,19.1241],[72.9097,19.1238],[72.9066,19.1202],[72.9038,19.1192],[72.8997,19.1201],[72.8981,19.1232],[72.8941,19.126],[72.89,19.1264],[72.8839,19.1293],[72.8773,19.1298],[72.8719,19.1236],[72.8701,19.1186],[72.8645,19.1178],[72.8636,19.1196],[72.8645,19.1245],[72.8676,19.1276],[72.8708,19.1386],[72.8675,19.1397],[72.861,19.1391]]}},{"type":"Feature","properties":{"id":"transit_route:gtfs_mumbai_best:BEST_4187","field":"public_transport","kind":"transit_route","name":"MAJAS DEPOT to MILLENNIUM BUSINESS PARK (MAHAPE) (UP)","ref":"522 LTD","status":"operational","opened_on":null,"expected_completion":null,"agency":"BEST","source":"gtfs_mumbai_best","confidence":0.7,"mode":"bus","tier":"secondary","geometry_source":"stop_sequence"},"geometry":{"type":"LineString","coordinates":[[72.8653,19.1392],[72.8692,19.1397],[72.8707,19.1382],[72.8674,19.1271],[72.8644,19.1243],[72.8638,19.1202],[72.8651,19.1179],[72.8698,19.1184],[72.8712,19.1229],[72.8749,19.128],[72.8782,19.13],[72.8875,19.1285],[72.8905,19.1263],[72.8948,19.1256],[72.9006,19.1201],[72.904,19.1194],[72.9067,19.1205],[72.9097,19.124],[72.9171,19.1257],[72.9197,19.1288],[72.9252,19.1264],[72.9258,19.1295],[72.9376,19.1508],[72.9383,19.1638],[72.9468,19.1603],[72.9467,19.1579],[72.9505,19.1563],[72.9987,19.1481],[73.0009,19.146],[73.0046,19.1261],[73.0088,19.1138],[73.0168,19.1124]]}},{"type":"Feature","properties":{"id":"transit_route:gtfs_mumbai_best:BEST_2206","field":"public_transport","kind":"transit_route","name":"AIROLI BUS STATION to DINDOSHI DEPOT (DOWN)","ref":"523 LTD","status":"operational","opened_on":null,"expected_completion":null,"agency":"BEST","source":"gtfs_mumbai_best","confidence":0.7,"mode":"bus","tier":"secondary","geometry_source":"stop_sequence"},"geometry":{"type":"LineString","coordinates":[[72.9982,19.1569],[72.9995,19.154],[72.9989,19.148],[72.993,19.1482],[72.9566,19.1538],[72.9469,19.1571],[72.9467,19.1601],[72.9388,19.1636],[72.9375,19.1593],[72.9377,19.1507],[72.9238,19.1253],[72.919,19.1274],[72.9139,19.1241],[72.9097,19.1238],[72.9066,19.1202],[72.9038,19.1192],[72.8997,19.1201],[72.8981,19.1232],[72.8941,19.126],[72.89,19.1264],[72.8839,19.1293],[72.8787,19.1296],[72.8745,19.1333],[72.8721,19.1381],[72.8693,19.1395],[72.8675,19.1397],[72.861,19.1391],[72.8636,19.1389],[72.8616,19.1392],[72.8547,19.1418],[72.859,19.1711],[72.8604,19.1746],[72.8649,19.1755]]}},{"type":"Feature","properties":{"id":"transit_route:gtfs_mumbai_best:BEST_826","field":"public_transport","kind":"transit_route","name":"DINDOSHI BUS STATION to AIROLI BUS STATION (UP)","ref":"523 LTD","status":"operational","opened_on":null,"expected_completion":null,"agency":"BEST","source":"gtfs_mumbai_best","confidence":0.7,"mode":"bus","tier":"secondary","geometry_source":"stop_sequence"},"geometry":{"type":"LineString","coordinates":[[72.8657,19.176],[72.8612,19.1746],[72.8592,19.1706],[72.8554,19.1426],[72.8563,19.1409],[72.8637,19.139],[72.8692,19.1397],[72.8722,19.1381],[72.8748,19.132],[72.8786,19.13],[72.8875,19.1285],[72.8905,19.1263],[72.8948,19.1256],[72.9006,19.1201],[72.904,19.1194],[72.9067,19.1205],[72.9097,19.124],[72.9171,19.1257],[72.9197,19.1288],[72.9252,19.1264],[72.9258,19.1295],[72.9376,19.1508],[72.9383,19.1638],[72.9468,19.1603],[72.9467,19.1579],[72.9505,19.1563],[72.9935,19.1482],[72.9987,19.1481],[72.9996,19.1532],[72.9982,19.1569]]}},{"type":"Feature","properties":{"id":"transit_route:gtfs_mumbai_best:BEST_2207","field":"public_transport","kind":"transit_route","name":"VASHI RAILWAY STATION to MAJAS DEPOT (DOWN)","ref":"525 LTD","status":"operational","opened_on":null,"expected_completion":null,"agency":"BEST","source":"gtfs_mumbai_best","confidence":0.7,"mode":"bus","tier":"secondary","geometry_source":"stop_sequence"},"geometry":{"type":"LineString","coordinates":[[72.9984,19.064],[72.9973,19.0678],[72.9981,19.0782],[73.0048,19.0894],[73.0056,19.0948],[73.0017,19.1093],[73.0036,19.1111],[73.0162,19.1139],[73.0087,19.1134],[73.0034,19.1306],[73.0022,19.1427],[72.9989,19.148],[72.9566,19.1538],[72.9379,19.1241],[72.9238,19.1253],[72.919,19.1274],[72.9139,19.1241],[72.9097,19.1238],[72.9066,19.1202],[72.9038,19.1192],[72.8997,19.1201],[72.8981,19.1232],[72.8941,19.126],[72.89,19.1264],[72.8839,19.1294],[72.8787,19.1296],[72.8745,19.1333],[72.8721,19.1381],[72.8693,19.1395],[72.861,19.1391]]}},{"type":"Feature","properties":{"id":"transit_route:gtfs_mumbai_best:BEST_828","field":"public_transport","kind":"transit_route","name":"MAJAS DEPOT to VASHI RAILWAY STATION (UP)","ref":"525 LTD","status":"operational","opened_on":null,"expected_completion":null,"agency":"BEST","source":"gtfs_mumbai_best","confidence":0.7,"mode":"bus","tier":"secondary","geometry_source":"stop_sequence"},"geometry":{"type":"LineString","coordinates":[[72.8653,19.1392],[72.8692,19.1397],[72.8722,19.1381],[72.8748,19.132],[72.8786,19.13],[72.8875,19.1285],[72.8905,19.1263],[72.8948,19.1256],[72.9006,19.1201],[72.904,19.1194],[72.9067,19.1205],[72.9097,19.124],[72.9171,19.1257],[72.9197,19.1288],[72.9261,19.1253],[72.9388,19.1249],[72.95,19.1442],[72.962,19.1539],[72.9987,19.1481],[73.0024,19.1426],[73.0046,19.1261],[73.0088,19.1138],[73.0164,19.1139],[73.0036,19.111],[73.0018,19.1094],[73.0058,19.0949],[73.0049,19.0894],[72.9982,19.0786],[72.9975,19.0678],[72.9984,19.064]]}},{"type":"Feature","properties":{"id":"transit_route:gtfs_mumbai_best:BEST_3992","field":"public_transport","kind":"transit_route","name":"JALVAYU VIHAR (KHARGHAR) to JIJAMATA UDYAN (BYCULLA) (DOWN)","ref":"526 LTD","status":"operational","opened_on":null,"expected_completion":null,"agency":"BEST","source":"gtfs_mumbai_best","confidence":0.7,"mode":"bus","tier":"secondary","geometry_source":"stop_sequence"},"geometry":{"type":"LineString","coordinates":[[73.0703,19.0497],[73.0657,19.0375],[73.0608,19.0316],[73.0603,19.0289],[73.0495,19.0226],[73.0396,19.0242],[73.0294,19.0341],[73.0287,19.0391],[73.0244,19.046],[73.0223,19.042],[73.0198,19.0398],[73.0242,19.0471],[73.0192,19.0561],[73.0191,19.0695],[73.0125,19.0732],[73.0012,19.0741],[72.9978,19.0729],[72.9961,19.0686],[72.9889,19.0694],[72.9317,19.0492],[72.9212,19.0436],[72.9148,19.0453],[72.8961,19.0457],[72.8933,19.0465],[72.8934,19.0499],[72.8906,19.0526],[72.8875,19.0538],[72.8798,19.0525],[72.8682,19.048],[72.8643,19.0432],[72.8562,19.0275],[72.8472,19.0169],[72.8442,19.0175],[72.8434,19.0116],[72.8378,18.9996],[72.8357,18.986],[72.8362,18.9808],[72.8348,18.9805]]}},{"type":"Feature","properties":{"id":"transit_route:gtfs_mumbai_best:BEST_3993","field":"public_transport","kind":"transit_route","name":"JIJAMATA UDYAN (BYCULLA) to JALVAYU VIHAR (KHARGHAR) (UP)","ref":"526 LTD","status":"operational","opened_on":null,"expected_completion":null,"agency":"BEST","source":"gtfs_mumbai_best","confidence":0.7,"mode":"bus","tier":"secondary","geometry_source":"stop_sequence"},"geometry":{"type":"LineString","coordinates":[[72.8348,18.9805],[72.8379,19.0008],[72.8456,19.0151],[72.8442,19.0175],[72.8468,19.0167],[72.8568,19.0285],[72.8671,19.0479],[72.8882,19.0559],[72.8937,19.0502],[72.8944,19.0457],[72.9147,19.0457],[72.9215,19.0437],[72.934,19.0504],[72.9875,19.0696],[72.9973,19.0699],[72.9991,19.0744],[73.0121,19.0735],[73.0195,19.0689],[73.0195,19.0563],[73.0244,19.046],[73.0232,19.0443],[73.0214,19.0408],[73.0198,19.0398],[73.0229,19.0442],[73.0254,19.0464],[73.029,19.0392],[73.0299,19.0334],[73.0409,19.0244],[73.0417,19.0254],[73.0493,19.0228],[73.0603,19.029],[73.0608,19.0316],[73.0677,19.04],[73.0701,19.0496]]}},{"type":"Feature","properties":{"id":"transit_route:gtfs_mumbai_best:BEST_4499","field":"public_transport","kind":"transit_route","name":"NERUL BUS STATION to JIJAMATA UDYAN (BYCULLA) (DOWN)","ref":"526 AS","status":"operational","opened_on":null,"expected_completion":null,"agency":"BEST","source":"gtfs_mumbai_best","confidence":0.7,"mode":"bus","tier":"secondary","geometry_source":"stop_sequence"},"geometry":{"type":"LineString","coordinates":[[73.0198,19.0398],[73.0242,19.0471],[73.0192,19.0561],[73.0191,19.0695],[73.0125,19.0732],[73.0012,19.0741],[72.9978,19.0729],[72.9961,19.0686],[72.9889,19.0694],[72.9317,19.0492],[72.9212,19.0436],[72.9148,19.0453],[72.8961,19.0457],[72.8933,19.0465],[72.8934,19.0499],[72.8906,19.0526],[72.8875,19.0538],[72.8798,19.0525],[72.8682,19.048],[72.8643,19.0432],[72.8562,19.0275],[72.8424,19.01],[72.8378,18.9996],[72.8357,18.986],[72.8362,18.9808]]}},{"type":"Feature","properties":{"id":"transit_route:gtfs_mumbai_best:BEST_4500","field":"public_transport","kind":"transit_route","name":"JIJAMATA UDYAN (BYCULLA) to NERUL BUS STATION (UP)","ref":"526 AS","status":"operational","opened_on":null,"expected_completion":null,"agency":"BEST","source":"gtfs_mumbai_best","confidence":0.7,"mode":"bus","tier":"secondary","geometry_source":"stop_sequence"},"geometry":{"type":"LineString","coordinates":[[72.8348,18.9805],[72.8386,19.0028],[72.8456,19.0151],[72.8568,19.0285],[72.8657,19.0465],[72.8882,19.0559],[72.8937,19.0502],[72.8944,19.0457],[72.9147,19.0457],[72.9215,19.0437],[72.934,19.0504],[72.9875,19.0696],[72.9973,19.0699],[72.9991,19.0744],[73.0121,19.0735],[73.0195,19.0689],[73.0195,19.0563],[73.0244,19.046],[73.0198,19.0398]]}},{"type":"Feature","properties":{"id":"transit_route:gtfs_mumbai_best:BEST_4192","field":"public_transport","kind":"transit_route","name":"VASHI SECTOR 19 to GHATKOPAR BUS STATION (DOWN)","ref":"533 AS","status":"operational","opened_on":null,"expected_completion":null,"agency":"BEST","source":"gtfs_mumbai_best","confidence":0.7,"mode":"bus","tier":"secondary","geometry_source":"stop_sequence"},"geometry":{"type":"LineString","coordinates":[[73.0119,19.0839],[73.0106,19.0869],[73.0077,19.0797],[73.0092,19.079],[73.0098,19.0766],[73.0085,19.0734],[73.0012,19.0741],[72.9978,19.0729],[72.9961,19.0686],[72.9889,19.0694],[72.9377,19.0513],[72.9331,19.0552],[72.9124,19.0636],[72.9086,19.0697],[72.9105,19.0732],[72.916,19.0785],[72.9199,19.0856],[72.9182,19.0881]]}},{"type":"Feature","properties":{"id":"transit_route:gtfs_mumbai_best:BEST_4193","field":"public_transport","kind":"transit_route","name":"GHATKOPAR BUS STATION to VASHI SECTOR 19 (UP)","ref":"533 AS","status":"operational","opened_on":null,"expected_completion":null,"agency":"BEST","source":"gtfs_mumbai_best","confidence":0.7,"mode":"bus","tier":"secondary","geometry_source":"stop_sequence"},"geometry":{"type":"LineString","coordinates":[[72.9183,19.0881],[72.9199,19.0858],[72.9156,19.0777],[72.9085,19.0702],[72.9131,19.0637],[72.9335,19.0555],[72.9377,19.0517],[72.9875,19.0696],[72.9973,19.0699],[72.9991,19.0744],[73.0083,19.0737],[73.0096,19.0762],[73.0094,19.0789],[73.0075,19.0798],[73.0084,19.0836],[73.0105,19.0869],[73.0116,19.0866],[73.0121,19.084]]}},{"type":"Feature","properties":{"id":"transit_route:gtfs_mumbai_best:BEST_916","field":"public_transport","kind":"transit_route","name":"AIROLI BUS STATION to AGARKAR CHOWK (ANDHERI-E) (DOWN)","ref":"545 LTD","status":"operational","opened_on":null,"expected_completion":null,"agency":"BEST","source":"gtfs_mumbai_best","confidence":0.7,"mode":"bus","tier":"secondary","geometry_source":"stop_sequence"},"geometry":{"type":"LineString","coordinates":[[72.9982,19.1569],[72.9995,19.154],[72.9989,19.148],[72.949,19.1557],[72.9465,19.1528],[72.9489,19.1497],[72.948,19.148],[72.9453,19.1473],[72.9439,19.1499],[72.9346,19.1369],[72.9363,19.1326],[72.9322,19.1249],[72.9238,19.1253],[72.919,19.1274],[72.9139,19.1241],[72.9097,19.1238],[72.9066,19.1202],[72.9038,19.1192],[72.8997,19.1201],[72.8981,19.1232],[72.8941,19.126],[72.89,19.1264],[72.8839,19.1293],[72.8773,19.1298],[72.8719,19.1236],[72.8701,19.1186],[72.8577,19.1151],[72.8488,19.1199]]}},{"type":"Feature","properties":{"id":"transit_route:gtfs_mumbai_best:BEST_917","field":"public_transport","kind":"transit_route","name":"AGARKAR CHOWK (ANDHERI-E) to AIROLI BUS STATION (UP)","ref":"545 LTD","status":"operational","opened_on":null,"expected_completion":null,"agency":"BEST","source":"gtfs_mumbai_best","confidence":0.7,"mode":"bus","tier":"secondary","geometry_source":"stop_sequence"},"geometry":{"type":"LineString","coordinates":[[72.8486,19.1197],[72.8479,19.1177],[72.8516,19.1187],[72.8586,19.1151],[72.8651,19.1179],[72.8698,19.1184],[72.8712,19.1229],[72.8762,19.1297],[72.8875,19.1285],[72.8905,19.1263],[72.8948,19.1256],[72.9006,19.1201],[72.904,19.1194],[72.9067,19.1205],[72.9097,19.124],[72.9171,19.1257],[72.9197,19.1288],[72.9261,19.1253],[72.9328,19.1257],[72.9336,19.1295],[72.9356,19.1312],[72.9347,19.137],[72.947,19.1544],[72.9505,19.1563],[72.9987,19.1481],[72.9996,19.1532],[72.9982,19.1569]]}},{"type":"Feature","properties":{"id":"transit_route:gtfs_mumbai_best:BEST_4536","field":"public_transport","kind":"transit_route","name":"TATA POWER CENTRE (MAHUL) to ELECTRIC HOUSE; COLABA DEPOT (DOWN)","ref":"6 LTD","status":"operational","opened_on":null,"expected_completion":null,"agency":"BEST","source":"gtfs_mumbai_best","confidence":0.7,"mode":"bus","tier":"secondary","geometry_source":"stop_sequence"},"geometry":{"type":"LineString","coordinates":[[72.9051,19.0042],[72.9042,19.0072],[72.8984,19.01],[72.897,19.0292],[72.8938,19.0409],[72.8934,19.0499],[72.8875,19.0538],[72.8796,19.0522],[72.8776,19.0493],[72.8802,19.0364],[72.8749,19.02],[72.8643,19.0174],[72.8507,19.0214],[72.8386,19.0027],[72.8326,18.9704],[72.8322,18.9633],[72.8348,18.9409],[72.8318,18.933],[72.832,18.9241],[72.8308,18.9211]]}},{"type":"Feature","properties":{"id":"transit_route:gtfs_mumbai_best:BEST_4537","field":"public_transport","kind":"transit_route","name":"ELECTRIC HOUSE; COLABA DEPOT to TATA POWER CENTRE (MAHUL) (UP)","ref":"6 LTD","status":"operational","opened_on":null,"expected_completion":null,"agency":"BEST","source":"gtfs_mumbai_best","confidence":0.7,"mode":"bus","tier":"secondary","geometry_source":"stop_sequence"},"geometry":{"type":"LineString","coordinates":[[72.8306,18.9211],[72.8314,18.9264],[72.8296,18.9294],[72.8316,18.937],[72.8346,18.9409],[72.834,18.9525],[72.8319,18.9626],[72.8386,19.0028],[72.842,19.0098],[72.8506,19.0219],[72.8545,19.0198],[72.8642,19.0176],[72.8691,19.018],[72.875,19.0209],[72.88,19.0364],[72.8773,19.0494],[72.8804,19.053],[72.8882,19.0559],[72.8937,19.0502],[72.8934,19.0445],[72.8973,19.029],[72.8984,19.0098],[72.8984,19.0109],[72.9048,19.007],[72.9051,19.0043]]}},{"type":"Feature","properties":{"id":"transit_route:gtfs_mumbai_best:BEST_4538","field":"public_transport","kind":"transit_route","name":"MAHUL VILLAGE to ELECTRIC HOUSE; COLABA DEPOT (DOWN)","ref":"6 LTD","status":"operational","opened_on":null,"expected_completion":null,"agency":"BEST","source":"gtfs_mumbai_best","confidence":0.7,"mode":"bus","tier":"secondary","geometry_source":"stop_sequence"},"geometry":{"type":"LineString","coordinates":[[72.8904,19.014],[72.8899,19.025],[72.8908,19.0278],[72.896,19.0279],[72.897,19.0292],[72.8938,19.0409],[72.8934,19.0499],[72.8906,19.0526],[72.884,19.0536],[72.8796,19.0522],[72.8776,19.0493],[72.8802,19.0364],[72.8749,19.02],[72.8643,19.0174],[72.8507,19.0214],[72.8386,19.0027],[72.8326,18.9704],[72.8322,18.9633],[72.8348,18.9409],[72.8318,18.933],[72.832,18.9241],[72.8308,18.9211]]}},{"type":"Feature","properties":{"id":"transit_route:gtfs_mumbai_best:BEST_4539","field":"public_transport","kind":"transit_route","name":"ELECTRIC HOUSE; COLABA DEPOT to MAHUL VILLAGE (UP)","ref":"6 LTD","status":"operational","opened_on":null,"expected_completion":null,"agency":"BEST","source":"gtfs_mumbai_best","confidence":0.7,"mode":"bus","tier":"secondary","geometry_source":"stop_sequence"},"geometry":{"type":"LineString","coordinates":[[72.8306,18.9211],[72.8314,18.9264],[72.8296,18.9294],[72.8346,18.9409],[72.834,18.9525],[72.8319,18.9626],[72.8386,19.0028],[72.842,19.0098],[72.8506,19.0219],[72.8545,19.0198],[72.8642,19.0176],[72.8691,19.018],[72.875,19.0209],[72.88,19.0364],[72.8773,19.0494],[72.8804,19.053],[72.884,19.0543],[72.8911,19.0524],[72.8937,19.0502],[72.8934,19.0445],[72.8973,19.029],[72.8958,19.0278],[72.8907,19.0276],[72.8904,19.014]]}},{"type":"Feature","properties":{"id":"transit_route:gtfs_mumbai_best:BEST_4647","field":"public_transport","kind":"transit_route","name":"KURLA BUS STATION (E) to MAHARANA PRATAP CHOWK (MAZGAON) (DOWN)","ref":"60","status":"operational","opened_on":null,"expected_completion":null,"agency":"BEST","source":"gtfs_mumbai_best","confidence":0.7,"mode":"bus","tier":"secondary","geometry_source":"stop_sequence"},"geometry":{"type":"LineString","coordinates":[[72.8809,19.0649],[72.8867,19.0578],[72.8843,19.0542],[72.8796,19.0522],[72.8776,19.0493],[72.8802,19.0364],[72.876,19.0218],[72.8749,19.02],[72.8664,19.0182],[72.8631,19.0145],[72.8615,19.0096],[72.8558,19.0044],[72.8539,18.9948],[72.8593,18.9806],[72.8524,18.9814],[72.8454,18.9762],[72.8406,18.9759],[72.8405,18.9683]]}},{"type":"Feature","properties":{"id":"transit_route:gtfs_mumbai_best:BEST_4648","field":"public_transport","kind":"transit_route","name":"MAHARANA PRATAP CHOWK (MAZGAON) to KURLA BUS STATION (E) (UP)","ref":"60","status":"operational","opened_on":null,"expected_completion":null,"agency":"BEST","source":"gtfs_mumbai_best","confidence":0.7,"mode":"bus","tier":"secondary","geometry_source":"stop_sequence"},"geometry":{"type":"LineString","coordinates":[[72.8407,18.9692],[72.841,18.9762],[72.8454,18.9762],[72.8524,18.9814],[72.8589,18.9806],[72.8539,18.9946],[72.8556,19.0046],[72.8614,19.0095],[72.863,19.0147],[72.8663,19.0184],[72.8691,19.018],[72.8758,19.0221],[72.88,19.0364],[72.8773,19.0494],[72.8825,19.055],[72.8834,19.0601],[72.8836,19.0618],[72.8805,19.0648]]}},{"type":"Feature","properties":{"id":"transit_route:gtfs_mumbai_best:BEST_1593","field":"public_transport","kind":"transit_route","name":"MIRA ROAD STATION (E) to MULUND DEPOT (DOWN)","ref":"61 C","status":"operational","opened_on":null,"expected_completion":null,"agency":"BEST","source":"gtfs_mumbai_best","confidence":0.7,"mode":"bus","tier":"secondary","geometry_source":"stop_sequence"},"geometry":{"type":"LineString","coordinates":[[72.858,19.2816],[72.8697,19.2855],[72.8789,19.2788],[72.8835,19.2729],[72.889,19.2764],[72.8939,19.287],[72.9048,19.285],[72.9161,19.2757],[72.9364,19.2854],[72.9524,19.2837],[72.9655,19.2698],[72.976,19.2461],[72.9782,19.2156],[72.9634,19.1987],[72.9628,19.1877],[72.9543,19.1843],[72.9528,19.1754],[72.9545,19.174],[72.9515,19.1759],[72.9477,19.1757]]}},{"type":"Feature","properties":{"id":"transit_route:gtfs_mumbai_best:BEST_1594","field":"public_transport","kind":"transit_route","name":"MULUND DEPOT to MIRA ROAD STATION (E) (UP)","ref":"61 C","status":"operational","opened_on":null,"expected_completion":null,"agency":"BEST","source":"gtfs_mumbai_best","confidence":0.7,"mode":"bus","tier":"secondary","geometry_source":"stop_sequence"},"geometry":{"type":"LineString","coordinates":[[72.948,19.1759],[72.9569,19.1737],[72.9534,19.1762],[72.9536,19.1842],[72.9632,19.1894],[72.9623,19.1965],[72.9631,19.1992],[72.9774,19.2143],[72.9756,19.2457],[72.9654,19.2693],[72.9523,19.2834],[72.9363,19.2851],[72.9165,19.2758],[72.9038,19.2847],[72.8933,19.2868],[72.889,19.2761],[72.8824,19.2728],[72.8787,19.2786],[72.8697,19.2852],[72.8581,19.2814]]}},{"type":"Feature","properties":{"id":"transit_route:gtfs_mumbai_best:BEST_2571","field":"public_transport","kind":"transit_route","name":"BYCULLA STATION (W) to J.MEHTA MARG (NAPEAN SEA ROAD) (DOWN)","ref":"63 AS","status":"operational","opened_on":null,"expected_completion":null,"agency":"BEST","source":"gtfs_mumbai_best","confidence":0.7,"mode":"bus","tier":"secondary","geometry_source":"stop_sequence"},"geometry":{"type":"LineString","coordinates":[[72.8322,18.9767],[72.8316,18.9708],[72.8274,18.9673],[72.815,18.9699],[72.8145,18.9731],[72.8116,18.977],[72.8074,18.9761],[72.8036,18.9686],[72.8041,18.9644],[72.7959,18.9506]]}},{"type":"Feature","properties":{"id":"transit_route:gtfs_mumbai_best:BEST_2572","field":"public_transport","kind":"transit_route","name":"J.MEHTA MARG (NAPEAN SEA ROAD) to BYCULLA STATION (W) (UP)","ref":"63 AS","status":"operational","opened_on":null,"expected_completion":null,"agency":"BEST","source":"gtfs_mumbai_best","confidence":0.7,"mode":"bus","tier":"secondary","geometry_source":"stop_sequence"},"geometry":{"type":"LineString","coordinates":[[72.7959,18.9506],[72.8031,18.9636],[72.805,18.9722],[72.8083,18.9764],[72.8118,18.9771],[72.8151,18.97],[72.826,18.9678],[72.8315,18.9706],[72.8321,18.9761]]}},{"type":"Feature","properties":{"id":"transit_route:gtfs_mumbai_best:BEST_2691","field":"public_transport","kind":"transit_route","name":"CHUNABHATTI BUS TERMINUS to VASANTRAO NAIK CHOWK (TARDEO) (DOWN)","ref":"63 AS","status":"operational","opened_on":null,"expected_completion":null,"agency":"BEST","source":"gtfs_mumbai_best","confidence":0.7,"mode":"bus","tier":"secondary","geometry_source":"stop_sequence"},"geometry":{"type":"LineString","coordinates":[[72.8681,19.0519],[72.8594,19.0335],[72.8588,19.0287],[72.8608,19.0223],[72.8602,19.0185],[72.8555,19.0137],[72.8423,19.0211],[72.837,19.0193],[72.8325,19.0116],[72.831,19.0023],[72.8324,18.974],[72.8316,18.9708],[72.8274,18.9673],[72.815,18.9699]]}},{"type":"Feature","properties":{"id":"transit_route:gtfs_mumbai_best:BEST_2692","field":"public_transport","kind":"transit_route","name":"VASANTRAO NAIK CHOWK (TARDEO) to CHUNABHATTI BUS TERMINUS (UP)","ref":"63 AS","status":"operational","opened_on":null,"expected_completion":null,"agency":"BEST","source":"gtfs_mumbai_best","confidence":0.7,"mode":"bus","tier":"secondary","geometry_source":"stop_sequence"},"geometry":{"type":"LineString","coordinates":[[72.8151,18.97],[72.8273,18.9674],[72.8315,18.9706],[72.8324,18.9739],[72.8315,19.0106],[72.8354,19.0177],[72.8375,19.0198],[72.84,19.0197],[72.8419,19.0212],[72.8532,19.0144],[72.8557,19.0144],[72.8594,19.0178],[72.8606,19.0215],[72.8588,19.0326],[72.8681,19.0519]]}},{"type":"Feature","properties":{"id":"transit_route:gtfs_mumbai_best:BEST_3307","field":"public_transport","kind":"transit_route","name":"NEW HIND MILL MHADA COLONY to DADAR STATION (E) (DOWN)","ref":"64","status":"operational","opened_on":null,"expected_completion":null,"agency":"BEST","source":"gtfs_mumbai_best","confidence":0.7,"mode":"bus","tier":"secondary","geometry_source":"stop_sequence"},"geometry":{"type":"LineString","coordinates":[[72.841,18.9838],[72.8414,18.9905],[72.8447,18.9941],[72.8457,19.0052],[72.8462,18.9992],[72.8489,19.0127],[72.8462,19.0143],[72.8459,19.0168],[72.8442,19.0175]]}},{"type":"Feature","properties":{"id":"transit_route:gtfs_mumbai_best:BEST_3308","field":"public_transport","kind":"transit_route","name":"DADAR STATION (E) to NEW HIND MILL MHADA COLONY (UP)","ref":"64","status":"operational","opened_on":null,"expected_completion":null,"agency":"BEST","source":"gtfs_mumbai_best","confidence":0.7,"mode":"bus","tier":"secondary","geometry_source":"stop_sequence"},"geometry":{"type":"LineString","coordinates":[[72.8442,19.0175],[72.8488,19.0128],[72.8457,19.0052],[72.8458,18.9976],[72.8448,18.994],[72.8428,18.993],[72.841,18.9838]]}},{"type":"Feature","properties":{"id":"transit_route:gtfs_mumbai_best:BEST_1597","field":"public_transport","kind":"transit_route","name":"RANI LAXMIBAI CHOWK (SION) to BALLARD PIER (DOWN)","ref":"66","status":"operational","opened_on":null,"expected_completion":null,"agency":"BEST","source":"gtfs_mumbai_best","confidence":0.7,"mode":"bus","tier":"secondary","geometry_source":"stop_sequence"},"geometry":{"type":"LineString","coordinates":[[72.8635,19.0435],[72.8562,19.0276],[72.8417,19.0088],[72.8346,18.9897],[72.8242,18.9776],[72.8172,18.96],[72.8181,18.9523],[72.8243,18.9454],[72.8366,18.9386],[72.8382,18.9344],[72.8422,18.9339]]}},{"type":"Feature","properties":{"id":"transit_route:gtfs_mumbai_best:BEST_1598","field":"public_transport","kind":"transit_route","name":"BALLARD PIER to RANI LAXMIBAI CHOWK (SION) (UP)","ref":"66","status":"operational","opened_on":null,"expected_completion":null,"agency":"BEST","source":"gtfs_mumbai_best","confidence":0.7,"mode":"bus","tier":"secondary","geometry_source":"stop_sequence"},"geometry":{"type":"LineString","coordinates":[[72.8422,18.9339],[72.8381,18.9343],[72.8366,18.9384],[72.8287,18.9438],[72.821,18.9533],[72.8183,18.9546],[72.8168,18.9532],[72.8161,18.9552],[72.8186,18.9646],[72.824,18.9774],[72.8346,18.9897],[72.8386,19.0028],[72.842,19.0098],[72.8555,19.0275],[72.8641,19.0439]]}},{"type":"Feature","properties":{"id":"transit_route:gtfs_mumbai_best:BEST_1601","field":"public_transport","kind":"transit_route","name":"ANTOP HILL BUS STATION to KAMALA NEHRU PARK (MALABAR HILL) (DOWN)","ref":"67","status":"operational","opened_on":null,"expected_completion":null,"agency":"BEST","source":"gtfs_mumbai_best","confidence":0.7,"mode":"bus","tier":"secondary","geometry_source":"stop_sequence"},"geometry":{"type":"LineString","coordinates":[[72.8661,19.0263],[72.8675,19.0358],[72.8666,19.0374],[72.8612,19.0372],[72.8569,19.0272],[72.8568,19.0219],[72.8553,19.0184],[72.8525,19.0165],[72.8473,19.017],[72.8464,19.0141],[72.8488,19.0128],[72.8472,19.0075],[72.8426,19.0041],[72.8431,19.0008],[72.8365,18.9921],[72.8359,18.9898],[72.8417,18.9871],[72.8365,18.9844],[72.8316,18.9708],[72.8274,18.9673],[72.8154,18.9688],[72.813,18.9653],[72.8121,18.9598],[72.8092,18.9557],[72.7962,18.9466],[72.8046,18.9554]]}},{"type":"Feature","properties":{"id":"transit_route:gtfs_mumbai_best:BEST_1602","field":"public_transport","kind":"transit_route","name":"KAMALA NEHRU PARK (MALABAR HILL) to ANTOP HILL (UP)","ref":"67","status":"operational","opened_on":null,"expected_completion":null,"agency":"BEST","source":"gtfs_mumbai_best","confidence":0.7,"mode":"bus","tier":"secondary","geometry_source":"stop_sequence"},"geometry":{"type":"LineString","coordinates":[[72.8045,18.955],[72.7962,18.9466],[72.8102,18.9565],[72.815,18.9687],[72.8327,18.9667],[72.8346,18.9811],[72.8375,18.9854],[72.8411,18.9854],[72.8414,18.9876],[72.8365,18.9884],[72.8363,18.993],[72.8432,19.0011],[72.8427,19.0042],[72.8473,19.0082],[72.8489,19.0127],[72.8462,19.0143],[72.8468,19.0167],[72.8524,19.0164],[72.8555,19.0186],[72.8571,19.024],[72.8547,19.0268],[72.8604,19.035],[72.8635,19.0375],[72.866,19.0374],[72.8674,19.0353],[72.8664,19.0266]]}},{"type":"Feature","properties":{"id":"transit_route:gtfs_mumbai_best:BEST_4572","field":"public_transport","kind":"transit_route","name":"PRABODHANKAR THACKERAY UDYAN BUS STATION (SEWREE) to DR. SHYAMAPRASAD MUKHERJEE CHOWK(MUSEUM)  (DOWN)","ref":"69","status":"operational","opened_on":null,"expected_completion":null,"agency":"BEST","source":"gtfs_mumbai_best","confidence":0.7,"mode":"bus","tier":"secondary","geometry_source":"stop_sequence"},"geometry":{"type":"LineString","coordinates":[[72.8522,18.9982],[72.8445,19.0014],[72.8431,19.0008],[72.8365,18.9921],[72.8318,18.9709],[72.8204,18.9646],[72.8181,18.9523],[72.8243,18.9454],[72.8282,18.9458],[72.8332,18.9409],[72.834,18.9366],[72.8318,18.933],[72.8316,18.9263]]}},{"type":"Feature","properties":{"id":"transit_route:gtfs_mumbai_best:BEST_4573","field":"public_transport","kind":"transit_route","name":"DR. SHYAMAPRASAD MUKHERJEE CHOWK(MUSEUM)  to PRABODHANKAR THACKERAY UDYAN BUS STATION (SEWREE) (UP)","ref":"69","status":"operational","opened_on":null,"expected_completion":null,"agency":"BEST","source":"gtfs_mumbai_best","confidence":0.7,"mode":"bus","tier":"secondary","geometry_source":"stop_sequence"},"geometry":{"type":"LineString","coordinates":[[72.8322,18.9256],[72.8296,18.9294],[72.8334,18.9406],[72.8287,18.9438],[72.8199,18.9543],[72.8209,18.9649],[72.8315,18.9706],[72.8373,18.9953],[72.8432,19.0011],[72.8526,18.9982]]}},{"type":"Feature","properties":{"id":"transit_route:gtfs_mumbai_best:BEST_2208","field":"public_transport","kind":"transit_route","name":"TRIVENI NAGAR to MALAD STATION (E); PODDAR PARK (DOWN)","ref":"601","status":"operational","opened_on":null,"expected_completion":null,"agency":"BEST","source":"gtfs_mumbai_best","confidence":0.7,"mode":"bus","tier":"secondary","geometry_source":"stop_sequence"},"geometry":{"type":"LineString","coordinates":[[72.864,19.1819],[72.8644,19.1792],[72.8595,19.18],[72.8553,19.1835],[72.8503,19.1837],[72.8502,19.1869]]}},{"type":"Feature","properties":{"id":"transit_route:gtfs_mumbai_best:BEST_2209","field":"public_transport","kind":"transit_route","name":"MALAD STATION (E);PODDAR PARK to TRIVENI NAGAR (UP)","ref":"601","status":"operational","opened_on":null,"expected_completion":null,"agency":"BEST","source":"gtfs_mumbai_best","confidence":0.7,"mode":"bus","tier":"secondary","geometry_source":"stop_sequence"},"geometry":{"type":"LineString","coordinates":[[72.8502,19.187],[72.8502,19.1845],[72.8553,19.1836],[72.8597,19.1799],[72.8644,19.1792],[72.864,19.182]]}},{"type":"Feature","properties":{"id":"transit_route:gtfs_mumbai_best:BEST_4227","field":"public_transport","kind":"transit_route","name":"HIRANANDANI; POWAI BUS STATION to KANJUR MARG STATION (W) (DOWN)","ref":"602 AS","status":"operational","opened_on":null,"expected_completion":null,"agency":"BEST","source":"gtfs_mumbai_best","confidence":0.7,"mode":"bus","tier":"secondary","geometry_source":"stop_sequence"},"geometry":{"type":"LineString","coordinates":[[72.9056,19.1177],[72.9069,19.1144],[72.9107,19.1128],[72.9129,19.1141],[72.9107,19.1173],[72.9129,19.1231],[72.9191,19.1282],[72.9252,19.1264],[72.9267,19.1312],[72.9287,19.1308]]}},{"type":"Feature","properties":{"id":"transit_route:gtfs_mumbai_best:BEST_4228","field":"public_transport","kind":"transit_route","name":"KANJUR MARG STATION (W) to HIRANANDANI; POWAI BUS STATION (UP)","ref":"602 AS","status":"operational","opened_on":null,"expected_completion":null,"agency":"BEST","source":"gtfs_mumbai_best","confidence":0.7,"mode":"bus","tier":"secondary","geometry_source":"stop_sequence"},"geometry":{"type":"LineString","coordinates":[[72.9287,19.1308],[72.9265,19.1307],[72.9238,19.1253],[72.919,19.1274],[72.9139,19.1241],[72.9107,19.1173],[72.9132,19.1143],[72.9108,19.1128],[72.9059,19.1154],[72.9056,19.1177]]}},{"type":"Feature","properties":{"id":"transit_route:gtfs_mumbai_best:BEST_4657","field":"public_transport","kind":"transit_route","name":"R.C.F.COLONY (BHANDUP VILLAGE E) to AMRUT NAGAR (VIKHROLI-W) (DOWN)","ref":"603 RING","status":"operational","opened_on":null,"expected_completion":null,"agency":"BEST","source":"gtfs_mumbai_best","confidence":0.7,"mode":"bus","tier":"secondary","geometry_source":"stop_sequence"},"geometry":{"type":"LineString","coordinates":[[72.9489,19.1497],[72.948,19.148],[72.9453,19.1473],[72.9439,19.1499],[72.9358,19.1388],[72.9346,19.1369],[72.9363,19.1326],[72.9322,19.1249],[72.9257,19.125],[72.9262,19.1135],[72.9253,19.1102],[72.9189,19.1009],[72.9171,19.0986],[72.9119,19.1012]]}},{"type":"Feature","properties":{"id":"transit_route:gtfs_mumbai_best:BEST_4658","field":"public_transport","kind":"transit_route","name":"AMRUT NAGAR (VIKHROLI-W) to R.C.F.COLONY (BHANDUP VILLAGE E) (UP)","ref":"603 RING","status":"operational","opened_on":null,"expected_completion":null,"agency":"BEST","source":"gtfs_mumbai_best","confidence":0.7,"mode":"bus","tier":"secondary","geometry_source":"stop_sequence"},"geometry":{"type":"LineString","coordinates":[[72.9119,19.1013],[72.9177,19.0996],[72.9196,19.102],[72.9258,19.1116],[72.9261,19.1253],[72.9328,19.1257],[72.9336,19.1295],[72.9362,19.1325],[72.9349,19.1345],[72.9357,19.1387],[72.9456,19.1517],[72.9489,19.1497]]}},{"type":"Feature","properties":{"id":"transit_route:gtfs_mumbai_best:BEST_4454","field":"public_transport","kind":"transit_route","name":"BHANDUP STATION (W) to KANJUR MARG STATION (W) (DOWN)","ref":"604 AS","status":"operational","opened_on":null,"expected_completion":null,"agency":"BEST","source":"gtfs_mumbai_best","confidence":0.7,"mode":"bus","tier":"secondary","geometry_source":"stop_sequence"},"geometry":{"type":"LineString","coordinates":[[72.9376,19.1443],[72.9358,19.146],[72.9363,19.1472],[72.9296,19.1476],[72.9281,19.1435],[72.9284,19.1399],[72.9308,19.1389],[72.9287,19.1348],[72.9287,19.1308]]}},{"type":"Feature","properties":{"id":"transit_route:gtfs_mumbai_best:BEST_4455","field":"public_transport","kind":"transit_route","name":"KANJUR MARG STATION (W) to BHANDUP STATION (W) (UP)","ref":"604 AS","status":"operational","opened_on":null,"expected_completion":null,"agency":"BEST","source":"gtfs_mumbai_best","confidence":0.7,"mode":"bus","tier":"secondary","geometry_source":"stop_sequence"},"geometry":{"type":"LineString","coordinates":[[72.9287,19.1308],[72.9287,19.1348],[72.9308,19.1391],[72.9283,19.1399],[72.9296,19.1477],[72.9365,19.1467],[72.9378,19.1443]]}},{"type":"Feature","properties":{"id":"transit_route:gtfs_mumbai_best:BEST_4491","field":"public_transport","kind":"transit_route","name":"TEMBIPADA to BHANDUP STATION (W) (DOWN)","ref":"605","status":"operational","opened_on":null,"expected_completion":null,"agency":"BEST","source":"gtfs_mumbai_best","confidence":0.7,"mode":"bus","tier":"secondary","geometry_source":"stop_sequence"},"geometry":{"type":"LineString","coordinates":[[72.9298,19.1562],[72.9272,19.1493],[72.9285,19.1478],[72.9365,19.1467],[72.9378,19.1443]]}},{"type":"Feature","properties":{"id":"transit_route:gtfs_mumbai_best:BEST_4492","field":"public_transport","kind":"transit_route","name":"BHANDUP STATION (W) to TEMBIPADA (UP)","ref":"605","status":"operational","opened_on":null,"expected_completion":null,"agency":"BEST","source":"gtfs_mumbai_best","confidence":0.7,"mode":"bus","tier":"secondary","geometry_source":"stop_sequence"},"geometry":{"type":"LineString","coordinates":[[72.9377,19.1443],[72.9358,19.146],[72.9363,19.1472],[72.9286,19.1477],[72.9272,19.1494],[72.9298,19.1562]]}},{"type":"Feature","properties":{"id":"transit_route:gtfs_mumbai_best:BEST_4442","field":"public_transport","kind":"transit_route","name":"NARDAS NAGAR to BHANDUP STATION (W) (DOWN)","ref":"606 AS","status":"operational","opened_on":null,"expected_completion":null,"agency":"BEST","source":"gtfs_mumbai_best","confidence":0.7,"mode":"bus","tier":"secondary","geometry_source":"stop_sequence"},"geometry":{"type":"LineString","coordinates":[[72.9286,19.1516],[72.9299,19.1516],[72.9301,19.1495],[72.9286,19.1477],[72.9365,19.1467],[72.9378,19.1443]]}},{"type":"Feature","properties":{"id":"transit_route:gtfs_mumbai_best:BEST_4443","field":"public_transport","kind":"transit_route","name":"BHANDUP STATION (W) to NARDAS NAGAR (UP)","ref":"606 AS","status":"operational","opened_on":null,"expected_completion":null,"agency":"BEST","source":"gtfs_mumbai_best","confidence":0.7,"mode":"bus","tier":"secondary","geometry_source":"stop_sequence"},"geometry":{"type":"LineString","coordinates":[[72.9379,19.1442],[72.9358,19.146],[72.9363,19.1472],[72.9285,19.1478],[72.9272,19.1494],[72.9286,19.1516]]}},{"type":"Feature","properties":{"id":"transit_route:gtfs_mumbai_best:BEST_3734","field":"public_transport","kind":"transit_route","name":"TULSHETPADA to BHANDUP STATION (W) (DOWN)","ref":"607 AS","status":"operational","opened_on":null,"expected_completion":null,"agency":"BEST","source":"gtfs_mumbai_best","confidence":0.7,"mode":"bus","tier":"secondary","geometry_source":"stop_sequence"},"geometry":{"type":"LineString","coordinates":[[72.9312,19.1609],[72.9332,19.1517],[72.9377,19.1507],[72.9365,19.1467],[72.9378,19.1443]]}},{"type":"Feature","properties":{"id":"transit_route:gtfs_mumbai_best:BEST_3735","field":"public_transport","kind":"transit_route","name":"BHANDUP STATION (W) to TULSHETPADA (UP)","ref":"607 AS","status":"operational","opened_on":null,"expected_completion":null,"agency":"BEST","source":"gtfs_mumbai_best","confidence":0.7,"mode":"bus","tier":"secondary","geometry_source":"stop_sequence"},"geometry":{"type":"LineString","coordinates":[[72.9373,19.1444],[72.9358,19.146],[72.9375,19.1514],[72.9361,19.152],[72.9334,19.1589],[72.9307,19.1597],[72.9312,19.1609]]}},{"type":"Feature","properties":{"id":"transit_route:gtfs_mumbai_best:BEST_2222","field":"public_transport","kind":"transit_route","name":"HANUMAN NAGAR (BHANDUP-W) to KANJUR MARG STATION (W) (DOWN)","ref":"608","status":"operational","opened_on":null,"expected_completion":null,"agency":"BEST","source":"gtfs_mumbai_best","confidence":0.7,"mode":"bus","tier":"secondary","geometry_source":"stop_sequence"},"geometry":{"type":"LineString","coordinates":[[72.9217,19.1398],[72.9238,19.1391],[72.9266,19.1407],[72.9308,19.1389],[72.9287,19.1348],[72.9287,19.1308]]}},{"type":"Feature","properties":{"id":"transit_route:gtfs_mumbai_best:BEST_2223","field":"public_transport","kind":"transit_route","name":"KANJUR MARG STATION (W) to HANUMAN NAGAR (BHANDUP-W) (UP)","ref":"608","status":"operational","opened_on":null,"expected_completion":null,"agency":"BEST","source":"gtfs_mumbai_best","confidence":0.7,"mode":"bus","tier":"secondary","geometry_source":"stop_sequence"},"geometry":{"type":"LineString","coordinates":[[72.9287,19.1308],[72.9287,19.1348],[72.9308,19.1391],[72.9267,19.1407],[72.9237,19.1391],[72.9217,19.1398]]}},{"type":"Feature","properties":{"id":"transit_route:gtfs_mumbai_best:BEST_2224","field":"public_transport","kind":"transit_route","name":"HANUMAN NAGAR (BHANDUP-W) to BHANDUP STATION (W) (DOWN)","ref":"612","status":"operational","opened_on":null,"expected_completion":null,"agency":"BEST","source":"gtfs_mumbai_best","confidence":0.7,"mode":"bus","tier":"secondary","geometry_source":"stop_sequence"},"geometry":{"type":"LineString","coordinates":[[72.9217,19.1398],[72.9238,19.1391],[72.9266,19.1407],[72.9296,19.1477],[72.9365,19.1467],[72.9378,19.1443]]}},{"type":"Feature","properties":{"id":"transit_route:gtfs_mumbai_best:BEST_2225","field":"public_transport","kind":"transit_route","name":"BHANDUP STATION (W) to HANUMAN NAGAR (BHANDUP-W) (UP)","ref":"612","status":"operational","opened_on":null,"expected_completion":null,"agency":"BEST","source":"gtfs_mumbai_best","confidence":0.7,"mode":"bus","tier":"secondary","geometry_source":"stop_sequence"},"geometry":{"type":"LineString","coordinates":[[72.9376,19.1443],[72.9358,19.146],[72.9363,19.1472],[72.9296,19.1476],[72.9267,19.1407],[72.9237,19.1391],[72.9217,19.1398]]}},{"type":"Feature","properties":{"id":"transit_route:gtfs_mumbai_best:BEST_2226","field":"public_transport","kind":"transit_route","name":"SUNDAR BAUG (KAMANI) to VIDYA VIHAR BUS STATION (W) (DOWN)","ref":"613","status":"operational","opened_on":null,"expected_completion":null,"agency":"BEST","source":"gtfs_mumbai_best","confidence":0.7,"mode":"bus","tier":"secondary","geometry_source":"stop_sequence"},"geometry":{"type":"LineString","coordinates":[[72.8872,19.0868],[72.8873,19.0851],[72.8903,19.0842],[72.8904,19.0809],[72.8958,19.0826],[72.8966,19.08]]}},{"type":"Feature","properties":{"id":"transit_route:gtfs_mumbai_best:BEST_2227","field":"public_transport","kind":"transit_route","name":"VIDYA VIHAR BUS STATION (W) to SUNDAR BAUG (KAMANI) (UP)","ref":"613","status":"operational","opened_on":null,"expected_completion":null,"agency":"BEST","source":"gtfs_mumbai_best","confidence":0.7,"mode":"bus","tier":"secondary","geometry_source":"stop_sequence"},"geometry":{"type":"LineString","coordinates":[[72.8966,19.08],[72.8942,19.0821],[72.8908,19.0809],[72.8899,19.0847],[72.8865,19.0851],[72.8871,19.0867]]}},{"type":"Feature","properties":{"id":"transit_route:gtfs_mumbai_best:BEST_2228","field":"public_transport","kind":"transit_route","name":"DATTA MANDIR (VAKOLA) to SANTACRUZ STATION (E) (DOWN)","ref":"618 RING","status":"operational","opened_on":null,"expected_completion":null,"agency":"BEST","source":"gtfs_mumbai_best","confidence":0.7,"mode":"bus","tier":"secondary","geometry_source":"stop_sequence"},"geometry":{"type":"LineString","coordinates":[[72.8532,19.083],[72.8504,19.0824],[72.8495,19.0801],[72.8425,19.0814]]}},{"type":"Feature","properties":{"id":"transit_route:gtfs_mumbai_best:BEST_2229","field":"public_transport","kind":"transit_route","name":"SANTACRUZ STATION (E) to DATTA MANDIR (VAKOLA) (UP)","ref":"618 RING","status":"operational","opened_on":null,"expected_completion":null,"agency":"BEST","source":"gtfs_mumbai_best","confidence":0.7,"mode":"bus","tier":"secondary","geometry_source":"stop_sequence"},"geometry":{"type":"LineString","coordinates":[[72.8425,19.0814],[72.8495,19.0803],[72.8521,19.0808],[72.8532,19.083]]}},{"type":"Feature","properties":{"id":"transit_route:gtfs_mumbai_best:BEST_4410","field":"public_transport","kind":"transit_route","name":"MALAD DEPOT to MALAD STATION (W) (DOWN)","ref":"620 AS","status":"operational","opened_on":null,"expected_completion":null,"agency":"BEST","source":"gtfs_mumbai_best","confidence":0.7,"mode":"bus","tier":"secondary","geometry_source":"stop_sequence"},"geometry":{"type":"LineString","coordinates":[[72.8351,19.1841],[72.8371,19.1795],[72.8452,19.1787],[72.8483,19.1845]]}},{"type":"Feature","properties":{"id":"transit_route:gtfs_mumbai_best:BEST_4411","field":"public_transport","kind":"transit_route","name":"MALAD STATION (W) to MALAD DEPOT (UP)","ref":"620 AS","status":"operational","opened_on":null,"expected_completion":null,"agency":"BEST","source":"gtfs_mumbai_best","confidence":0.7,"mode":"bus","tier":"secondary","geometry_source":"stop_sequence"},"geometry":{"type":"LineString","coordinates":[[72.8484,19.1855],[72.8474,19.1883],[72.8386,19.1873],[72.8376,19.1892],[72.8358,19.1881],[72.8351,19.1841]]}},{"type":"Feature","properties":{"id":"transit_route:gtfs_mumbai_best:BEST_4412","field":"public_transport","kind":"transit_route","name":"USHMA NAGAR to MALAD STATION (W) (DOWN)","ref":"621 AS","status":"operational","opened_on":null,"expected_completion":null,"agency":"BEST","source":"gtfs_mumbai_best","confidence":0.7,"mode":"bus","tier":"secondary","geometry_source":"stop_sequence"},"geometry":{"type":"LineString","coordinates":[[72.8326,19.194],[72.8307,19.1926],[72.835,19.189],[72.8416,19.1872],[72.842,19.1851],[72.8483,19.1845]]}},{"type":"Feature","properties":{"id":"transit_route:gtfs_mumbai_best:BEST_4413","field":"public_transport","kind":"transit_route","name":"MALAD STATION (W) to USHMA NAGAR (UP)","ref":"621 AS","status":"operational","opened_on":null,"expected_completion":null,"agency":"BEST","source":"gtfs_mumbai_best","confidence":0.7,"mode":"bus","tier":"secondary","geometry_source":"stop_sequence"},"geometry":{"type":"LineString","coordinates":[[72.8484,19.1865],[72.8474,19.1883],[72.8398,19.1872],[72.8376,19.1892],[72.835,19.189],[72.8326,19.194]]}},{"type":"Feature","properties":{"id":"transit_route:gtfs_mumbai_best:BEST_4414","field":"public_transport","kind":"transit_route","name":"JANKALYAN NAGAR POLICE CHOWKY to MALAD STATION (W) (DOWN)","ref":"622 AS","status":"operational","opened_on":null,"expected_completion":null,"agency":"BEST","source":"gtfs_mumbai_best","confidence":0.7,"mode":"bus","tier":"secondary","geometry_source":"stop_sequence"},"geometry":{"type":"LineString","coordinates":[[72.8206,19.1992],[72.8219,19.199],[72.8219,19.2022],[72.825,19.2012],[72.8277,19.1969],[72.8383,19.1955],[72.8406,19.1932],[72.8455,19.1917],[72.8483,19.1845]]}},{"type":"Feature","properties":{"id":"transit_route:gtfs_mumbai_best:BEST_4415","field":"public_transport","kind":"transit_route","name":"MALAD STATION (W) to JANKALYAN NAGAR POLICE CHOWKY (UP)","ref":"622 AS","status":"operational","opened_on":null,"expected_completion":null,"agency":"BEST","source":"gtfs_mumbai_best","confidence":0.7,"mode":"bus","tier":"secondary","geometry_source":"stop_sequence"},"geometry":{"type":"LineString","coordinates":[[72.8483,19.1859],[72.8473,19.188],[72.8426,19.1876],[72.8419,19.1926],[72.837,19.1953],[72.8275,19.1967],[72.8251,19.201],[72.822,19.2021],[72.8206,19.1992]]}},{"type":"Feature","properties":{"id":"transit_route:gtfs_mumbai_best:BEST_4602","field":"public_transport","kind":"transit_route","name":"ANAND NAGAR; APPAPADA (MALAD-E) to MALAD STATION (E); PODDAR PARK (DOWN)","ref":"624 AS","status":"operational","opened_on":null,"expected_completion":null,"agency":"BEST","source":"gtfs_mumbai_best","confidence":0.7,"mode":"bus","tier":"secondary","geometry_source":"stop_sequence"},"geometry":{"type":"LineString","coordinates":[[72.8698,19.1905],[72.8592,19.1857],[72.8579,19.1886],[72.8543,19.1886],[72.8697,19.1756],[72.8502,19.1869]]}},{"type":"Feature","properties":{"id":"transit_route:gtfs_mumbai_best:BEST_4603","field":"public_transport","kind":"transit_route","name":"MALAD STATION (E);PODDAR PARK to ANAND NAGAR; APPAPADA (MALAD-E) (UP)","ref":"624 AS","status":"operational","opened_on":null,"expected_completion":null,"agency":"BEST","source":"gtfs_mumbai_best","confidence":0.7,"mode":"bus","tier":"secondary","geometry_source":"stop_sequence"},"geometry":{"type":"LineString","coordinates":[[72.8502,19.187],[72.858,19.1886],[72.8596,19.1859],[72.8698,19.1905]]}},{"type":"Feature","properties":{"id":"transit_route:gtfs_mumbai_best:BEST_4038","field":"public_transport","kind":"transit_route","name":"BHUJALE TALAO to MALAD STATION (W) (DOWN)","ref":"626 AS","status":"operational","opened_on":null,"expected_completion":null,"agency":"BEST","source":"gtfs_mumbai_best","confidence":0.7,"mode":"bus","tier":"secondary","geometry_source":"stop_sequence"},"geometry":{"type":"LineString","coordinates":[[72.8383,19.1822],[72.842,19.1793],[72.8452,19.1787],[72.8483,19.1845]]}},{"type":"Feature","properties":{"id":"transit_route:gtfs_mumbai_best:BEST_4039","field":"public_transport","kind":"transit_route","name":"MALAD STATION (W) to BHUJALE TALAO (UP)","ref":"626 AS","status":"operational","opened_on":null,"expected_completion":null,"agency":"BEST","source":"gtfs_mumbai_best","confidence":0.7,"mode":"bus","tier":"secondary","geometry_source":"stop_sequence"},"geometry":{"type":"LineString","coordinates":[[72.8484,19.1865],[72.8474,19.1883],[72.8386,19.1873],[72.8383,19.1822]]}},{"type":"Feature","properties":{"id":"transit_route:gtfs_mumbai_best:BEST_4000","field":"public_transport","kind":"transit_route","name":"MORA VILLAGE to ANDHERI STATION (W) (DOWN)","ref":"627","status":"operational","opened_on":null,"expected_completion":null,"agency":"BEST","source":"gtfs_mumbai_best","confidence":0.7,"mode":"bus","tier":"secondary","geometry_source":"stop_sequence"},"geometry":{"type":"LineString","coordinates":[[72.8214,19.1178],[72.8244,19.1135],[72.8261,19.113],[72.8263,19.1143],[72.8282,19.1126],[72.8269,19.1082],[72.8312,19.1072],[72.8368,19.1078],[72.8372,19.1109],[72.8408,19.1163],[72.846,19.1165]]}},{"type":"Feature","properties":{"id":"transit_route:gtfs_mumbai_best:BEST_4001","field":"public_transport","kind":"transit_route","name":"ANDHERI STATION (W) to MORA VILLAGE (UP)","ref":"627","status":"operational","opened_on":null,"expected_completion":null,"agency":"BEST","source":"gtfs_mumbai_best","confidence":0.7,"mode":"bus","tier":"secondary","geometry_source":"stop_sequence"},"geometry":{"type":"LineString","coordinates":[[72.8461,19.1179],[72.846,19.1198],[72.8426,19.1163],[72.841,19.1162],[72.8373,19.1117],[72.8365,19.1071],[72.8266,19.1084],[72.8282,19.1127],[72.827,19.1144],[72.8261,19.1131],[72.8244,19.1132],[72.8214,19.1178]]}},{"type":"Feature","properties":{"id":"transit_route:gtfs_mumbai_best:BEST_2817","field":"public_transport","kind":"transit_route","name":"BORIVALI (E) STATION to SAMATA NAGAR BUS STATION (KANDIVALI E) (DOWN)","ref":"629 AS","status":"operational","opened_on":null,"expected_completion":null,"agency":"BEST","source":"gtfs_mumbai_best","confidence":0.7,"mode":"bus","tier":"secondary","geometry_source":"stop_sequence"},"geometry":{"type":"LineString","coordinates":[[72.8576,19.2294],[72.8585,19.2313],[72.8635,19.2299],[72.8674,19.2161],[72.8777,19.2134],[72.8772,19.2101],[72.8731,19.21],[72.8728,19.2061],[72.8696,19.2069]]}},{"type":"Feature","properties":{"id":"transit_route:gtfs_mumbai_best:BEST_2818","field":"public_transport","kind":"transit_route","name":"SAMATA NAGAR BUS STATION (KANDIVALI E) to BORIVALI (E) STATION (UP)","ref":"629 AS","status":"operational","opened_on":null,"expected_completion":null,"agency":"BEST","source":"gtfs_mumbai_best","confidence":0.7,"mode":"bus","tier":"secondary","geometry_source":"stop_sequence"},"geometry":{"type":"LineString","coordinates":[[72.8696,19.2069],[72.8726,19.2063],[72.8729,19.21],[72.8771,19.2102],[72.8776,19.2133],[72.8769,19.2144],[72.8671,19.2161],[72.8655,19.2205],[72.8607,19.2212],[72.8566,19.2243],[72.8576,19.2294]]}},{"type":"Feature","properties":{"id":"transit_route:gtfs_mumbai_best:BEST_4343","field":"public_transport","kind":"transit_route","name":"NAAGRI NIWARA 1 & 2 to GOREGAON STATION (E) (DOWN)","ref":"646 RING","status":"operational","opened_on":null,"expected_completion":null,"agency":"BEST","source":"gtfs_mumbai_best","confidence":0.7,"mode":"bus","tier":"secondary","geometry_source":"stop_sequence"},"geometry":{"type":"LineString","coordinates":[[72.8813,19.1727],[72.8811,19.1761],[72.8795,19.1764],[72.8584,19.174],[72.8546,19.1726],[72.8542,19.1676],[72.8506,19.1654]]}},{"type":"Feature","properties":{"id":"transit_route:gtfs_mumbai_best:BEST_4344","field":"public_transport","kind":"transit_route","name":"GOREGAON STATION (E) BUS STATION to NAAGRI NIWARA 1 & 2 (UP)","ref":"646 RING","status":"operational","opened_on":null,"expected_completion":null,"agency":"BEST","source":"gtfs_mumbai_best","confidence":0.7,"mode":"bus","tier":"secondary","geometry_source":"stop_sequence"},"geometry":{"type":"LineString","coordinates":[[72.8503,19.1652],[72.8542,19.1674],[72.854,19.1721],[72.8584,19.1741],[72.879,19.1764],[72.8811,19.1761],[72.8813,19.1726]]}},{"type":"Feature","properties":{"id":"transit_route:gtfs_mumbai_best:BEST_3752","field":"public_transport","kind":"transit_route","name":"TROMBAY to MAHUL VILLAGE (DOWN)","ref":"663 AS","status":"operational","opened_on":null,"expected_completion":null,"agency":"BEST","source":"gtfs_mumbai_best","confidence":0.7,"mode":"bus","tier":"secondary","geometry_source":"stop_sequence"},"geometry":{"type":"LineString","coordinates":[[72.9499,19.0339],[72.9467,19.0355],[72.9447,19.0385],[72.9353,19.0418],[72.9148,19.0453],[72.8986,19.046],[72.8934,19.0448],[72.8973,19.029],[72.8958,19.0278],[72.8907,19.0276],[72.8904,19.014]]}},{"type":"Feature","properties":{"id":"transit_route:gtfs_mumbai_best:BEST_3753","field":"public_transport","kind":"transit_route","name":"MAHUL VILLAGE to TROMBAY (UP)","ref":"663 AS","status":"operational","opened_on":null,"expected_completion":null,"agency":"BEST","source":"gtfs_mumbai_best","confidence":0.7,"mode":"bus","tier":"secondary","geometry_source":"stop_sequence"},"geometry":{"type":"LineString","coordinates":[[72.8904,19.014],[72.8899,19.025],[72.8908,19.0278],[72.896,19.0279],[72.897,19.0292],[72.8937,19.0414],[72.8933,19.0446],[72.8944,19.0457],[72.9147,19.0457],[72.9386,19.0412],[72.9448,19.0384],[72.9492,19.0345]]}},{"type":"Feature","properties":{"id":"transit_route:gtfs_mumbai_best:BEST_2811","field":"public_transport","kind":"transit_route","name":"KOKANIPADA (EXTENSION) (BORIVALI -E) to DAHISAR STN (E) (DOWN)","ref":"696 AS","status":"operational","opened_on":null,"expected_completion":null,"agency":"BEST","source":"gtfs_mumbai_best","confidence":0.7,"mode":"bus","tier":"secondary","geometry_source":"stop_sequence"},"geometry":{"type":"LineString","coordinates":[[72.8725,19.2458],[72.8672,19.2497],[72.8606,19.2496]]}},{"type":"Feature","properties":{"id":"transit_route:gtfs_mumbai_best:BEST_2812","field":"public_transport","kind":"transit_route","name":"DAHISAR STN (E) to KOKANIPADA (EXTENSION) (BORIVALI -E) (UP)","ref":"696 AS","status":"operational","opened_on":null,"expected_completion":null,"agency":"BEST","source":"gtfs_mumbai_best","confidence":0.7,"mode":"bus","tier":"secondary","geometry_source":"stop_sequence"},"geometry":{"type":"LineString","coordinates":[[72.8606,19.2496],[72.8635,19.2511],[72.8725,19.246]]}},{"type":"Feature","properties":{"id":"transit_route:gtfs_mumbai_best:BEST_2842","field":"public_transport","kind":"transit_route","name":"N.G.PARK to BORIVALI (E) STATION (DOWN)","ref":"698 AS","status":"operational","opened_on":null,"expected_completion":null,"agency":"BEST","source":"gtfs_mumbai_best","confidence":0.7,"mode":"bus","tier":"secondary","geometry_source":"stop_sequence"},"geometry":{"type":"LineString","coordinates":[[72.8715,19.243],[72.8689,19.2448],[72.8667,19.2424],[72.8652,19.243],[72.8628,19.2306],[72.859,19.2289]]}},{"type":"Feature","properties":{"id":"transit_route:gtfs_mumbai_best:BEST_2843","field":"public_transport","kind":"transit_route","name":"BORIVALI (E) STATION to N.G.PARK (UP)","ref":"698 AS","status":"operational","opened_on":null,"expected_completion":null,"agency":"BEST","source":"gtfs_mumbai_best","confidence":0.7,"mode":"bus","tier":"secondary","geometry_source":"stop_sequence"},"geometry":{"type":"LineString","coordinates":[[72.8578,19.2284],[72.8575,19.2294],[72.8639,19.2331],[72.8651,19.2431],[72.867,19.2422],[72.8672,19.2443],[72.869,19.2449],[72.8714,19.243]]}},{"type":"Feature","properties":{"id":"transit_route:gtfs_mumbai_best:BEST_4171","field":"public_transport","kind":"transit_route","name":"VIKHROLI DEPOT to VIJAY VALLABH CHOWK (PYDHONIE) (DOWN)","ref":"7 AS","status":"operational","opened_on":null,"expected_completion":null,"agency":"BEST","source":"gtfs_mumbai_best","confidence":0.7,"mode":"bus","tier":"secondary","geometry_source":"stop_sequence"},"geometry":{"type":"LineString","coordinates":[[72.9195,19.1028],[72.9123,19.0929],[72.9067,19.0885],[72.8929,19.0851],[72.8855,19.0847],[72.8821,19.0825],[72.8766,19.0749],[72.8744,19.0645],[72.8712,19.0583],[72.8502,19.0463],[72.8488,19.0432],[72.8591,19.0327],[72.8423,19.0098],[72.8386,19.0027],[72.8326,18.9704],[72.832,18.9544]]}},{"type":"Feature","properties":{"id":"transit_route:gtfs_mumbai_best:BEST_4172","field":"public_transport","kind":"transit_route","name":"VIJAY VALLABH CHOWK (PYDHONIE) to VIKHROLI DEPOT (UP)","ref":"7 AS","status":"operational","opened_on":null,"expected_completion":null,"agency":"BEST","source":"gtfs_mumbai_best","confidence":0.7,"mode":"bus","tier":"secondary","geometry_source":"stop_sequence"},"geometry":{"type":"LineString","coordinates":[[72.8321,18.9552],[72.8319,18.9628],[72.8344,18.9813],[72.8385,19.0025],[72.842,19.0098],[72.8588,19.0326],[72.8592,19.048],[72.8548,19.0375],[72.8512,19.0401],[72.8511,19.0465],[72.8499,19.0463],[72.8554,19.0485],[72.858,19.0512],[72.8716,19.0589],[72.8741,19.064],[72.8768,19.0755],[72.8836,19.0841],[72.9071,19.0889],[72.913,19.094],[72.9194,19.1028]]}},{"type":"Feature","properties":{"id":"transit_route:gtfs_mumbai_best:BEST_4175","field":"public_transport","kind":"transit_route","name":"BARVE NAGAR to VIJAY VALLABH CHOWK (PYDHONIE) (DOWN)","ref":"7 AS","status":"operational","opened_on":null,"expected_completion":null,"agency":"BEST","source":"gtfs_mumbai_best","confidence":0.7,"mode":"bus","tier":"secondary","geometry_source":"stop_sequence"},"geometry":{"type":"LineString","coordinates":[[72.902,19.098],[72.9045,19.0974],[72.9029,19.0875],[72.8855,19.0847],[72.8821,19.0825],[72.8766,19.0749],[72.8744,19.0645],[72.8712,19.0583],[72.8502,19.0463],[72.8488,19.0432],[72.8591,19.0327],[72.8423,19.0098],[72.8386,19.0027],[72.8326,18.9704],[72.832,18.9544]]}},{"type":"Feature","properties":{"id":"transit_route:gtfs_mumbai_best:BEST_1604","field":"public_transport","kind":"transit_route","name":"MIRA ROAD STATION (E) to DHARAVI DEPOT (DOWN)","ref":"71 C","status":"operational","opened_on":null,"expected_completion":null,"agency":"BEST","source":"gtfs_mumbai_best","confidence":0.7,"mode":"bus","tier":"secondary","geometry_source":"stop_sequence"},"geometry":{"type":"LineString","coordinates":[[72.858,19.2816],[72.8661,19.2835],[72.8708,19.2802],[72.8742,19.2822],[72.8789,19.2788],[72.8826,19.2733],[72.8823,19.2715],[72.8791,19.2693],[72.8736,19.2621],[72.8682,19.2523],[72.8636,19.2298],[72.8686,19.2117],[72.8611,19.1991],[72.8585,19.1878],[72.8592,19.1706],[72.8553,19.1345],[72.8561,19.1213],[72.854,19.1053],[72.846,19.0854],[72.8467,19.0565],[72.8385,19.0464],[72.8416,19.0431],[72.8445,19.0445],[72.8428,19.0458],[72.847,19.0456],[72.8554,19.0485],[72.858,19.0512]]}},{"type":"Feature","properties":{"id":"transit_route:gtfs_mumbai_best:BEST_1605","field":"public_transport","kind":"transit_route","name":"DHARAVI DEPOT to MIRA ROAD STATION (E) (UP)","ref":"71 C","status":"operational","opened_on":null,"expected_completion":null,"agency":"BEST","source":"gtfs_mumbai_best","confidence":0.7,"mode":"bus","tier":"secondary","geometry_source":"stop_sequence"},"geometry":{"type":"LineString","coordinates":[[72.8578,19.0509],[72.8554,19.0484],[72.8478,19.0457],[72.8436,19.0461],[72.8418,19.0431],[72.8385,19.0459],[72.8463,19.0564],[72.8465,19.068],[72.844,19.0872],[72.8536,19.1053],[72.8558,19.1209],[72.855,19.1354],[72.859,19.1711],[72.8582,19.1897],[72.8609,19.1999],[72.8684,19.2115],[72.8631,19.2305],[72.8679,19.2523],[72.8733,19.262],[72.8824,19.2728],[72.8787,19.2786],[72.874,19.282],[72.8708,19.2804],[72.8644,19.2835],[72.8581,19.2814]]}},{"type":"Feature","properties":{"id":"transit_route:gtfs_mumbai_best:BEST_3420","field":"public_transport","kind":"transit_route","name":"BHAYANDER STATION (E) to DHARAVI DEPOT (DOWN)","ref":"72 AS","status":"operational","opened_on":null,"expected_completion":null,"agency":"BEST","source":"gtfs_mumbai_best","confidence":0.7,"mode":"bus","tier":"secondary","geometry_source":"stop_sequence"},"geometry":{"type":"LineString","coordinates":[[72.8535,19.3123],[72.8533,19.3097],[72.8586,19.304],[72.8551,19.2988],[72.8697,19.2854],[72.8789,19.2788],[72.8826,19.2733],[72.8823,19.2715],[72.8791,19.2693],[72.8736,19.2621],[72.8636,19.2298],[72.8686,19.2117],[72.8611,19.1991],[72.8585,19.1878],[72.8592,19.1706],[72.8553,19.1345],[72.8561,19.1213],[72.854,19.1053],[72.846,19.0854],[72.8471,19.0535],[72.8525,19.0476],[72.8554,19.0485],[72.858,19.0512]]}},{"type":"Feature","properties":{"id":"transit_route:gtfs_mumbai_best:BEST_3421","field":"public_transport","kind":"transit_route","name":"DHARAVI DEPOT to BHAYANDER STATION (E) (UP)","ref":"72 AS","status":"operational","opened_on":null,"expected_completion":null,"agency":"BEST","source":"gtfs_mumbai_best","confidence":0.7,"mode":"bus","tier":"secondary","geometry_source":"stop_sequence"},"geometry":{"type":"LineString","coordinates":[[72.8578,19.0509],[72.8528,19.0476],[72.8468,19.0532],[72.8465,19.068],[72.844,19.0872],[72.8536,19.1053],[72.8558,19.1209],[72.855,19.1354],[72.8565,19.154],[72.859,19.1711],[72.8582,19.1897],[72.8609,19.1999],[72.8684,19.2115],[72.8631,19.2305],[72.8733,19.262],[72.8824,19.2728],[72.8787,19.2786],[72.8697,19.2851],[72.8549,19.2988],[72.8586,19.3041],[72.8589,19.3041],[72.8631,19.3079],[72.8535,19.3123]]}},{"type":"Feature","properties":{"id":"transit_route:gtfs_mumbai_best:BEST_1608","field":"public_transport","kind":"transit_route","name":"CHUNABHATTI BUS TERMINUS to VALENCIA BUILDING (DOWN)","ref":"75","status":"operational","opened_on":null,"expected_completion":null,"agency":"BEST","source":"gtfs_mumbai_best","confidence":0.7,"mode":"bus","tier":"secondary","geometry_source":"stop_sequence"},"geometry":{"type":"LineString","coordinates":[[72.8681,19.0519],[72.8658,19.0488],[72.8644,19.0435],[72.8652,19.0413],[72.8635,19.0375],[72.8735,19.0368],[72.8744,19.0346],[72.8793,19.0362],[72.8802,19.0303],[72.8787,19.0257]]}},{"type":"Feature","properties":{"id":"transit_route:gtfs_mumbai_best:BEST_1609","field":"public_transport","kind":"transit_route","name":"VALENCIA BUILDING to CHUNABHATTI BUS TERMINUS (UP)","ref":"75","status":"operational","opened_on":null,"expected_completion":null,"agency":"BEST","source":"gtfs_mumbai_best","confidence":0.7,"mode":"bus","tier":"secondary","geometry_source":"stop_sequence"},"geometry":{"type":"LineString","coordinates":[[72.8786,19.0257],[72.8803,19.0303],[72.8791,19.036],[72.8743,19.0346],[72.8735,19.0366],[72.8635,19.0375],[72.8659,19.0491],[72.8681,19.0519]]}},{"type":"Feature","properties":{"id":"transit_route:gtfs_mumbai_best:BEST_3870","field":"public_transport","kind":"transit_route","name":"BYCULLA STATION (W) to DR. SHYAMAPRASAD MUKHERJEE CHOWK(MUSEUM)  (DOWN)","ref":"78 AS","status":"operational","opened_on":null,"expected_completion":null,"agency":"BEST","source":"gtfs_mumbai_best","confidence":0.7,"mode":"bus","tier":"secondary","geometry_source":"stop_sequence"},"geometry":{"type":"LineString","coordinates":[[72.8322,18.9767],[72.8303,18.9765],[72.8259,18.9814],[72.8236,18.9822],[72.8203,18.9797],[72.8074,18.9761],[72.8036,18.9686],[72.8225,18.9452],[72.8242,18.9356],[72.8266,18.9332],[72.8287,18.9329],[72.8314,18.9297],[72.8316,18.9263]]}},{"type":"Feature","properties":{"id":"transit_route:gtfs_mumbai_best:BEST_3871","field":"public_transport","kind":"transit_route","name":"DR. SHYAMAPRASAD MUKHERJEE CHOWK(MUSEUM)  to BYCULLA STATION (W) (UP)","ref":"78 AS","status":"operational","opened_on":null,"expected_completion":null,"agency":"BEST","source":"gtfs_mumbai_best","confidence":0.7,"mode":"bus","tier":"secondary","geometry_source":"stop_sequence"},"geometry":{"type":"LineString","coordinates":[[72.8316,18.9261],[72.8296,18.9324],[72.8266,18.9331],[72.824,18.9359],[72.8237,18.9415],[72.8215,18.9464],[72.8034,18.9683],[72.8062,18.9747],[72.8083,18.9764],[72.8208,18.9799],[72.8246,18.9821],[72.8312,18.9801],[72.8322,18.977]]}},{"type":"Feature","properties":{"id":"transit_route:gtfs_mumbai_best:BEST_4016","field":"public_transport","kind":"transit_route","name":"GORAI DEPOT to SANTACRUZ DEPOT (DOWN)","ref":"79","status":"operational","opened_on":null,"expected_completion":null,"agency":"BEST","source":"gtfs_mumbai_best","confidence":0.7,"mode":"bus","tier":"secondary","geometry_source":"stop_sequence"},"geometry":{"type":"LineString","coordinates":[[72.8304,19.2321],[72.8287,19.2299],[72.8281,19.226],[72.8294,19.208],[72.8277,19.1969],[72.8345,19.1936],[72.8372,19.1752],[72.8353,19.1687],[72.835,19.1603],[72.8367,19.1468],[72.8313,19.145],[72.832,19.134],[72.8299,19.1208],[72.831,19.1162],[72.8348,19.1156],[72.8369,19.1037],[72.8395,19.0993],[72.8385,19.0912]]}},{"type":"Feature","properties":{"id":"transit_route:gtfs_mumbai_best:BEST_4017","field":"public_transport","kind":"transit_route","name":"SANTACRUZ DEPOT to GORAI DEPOT (UP)","ref":"79","status":"operational","opened_on":null,"expected_completion":null,"agency":"BEST","source":"gtfs_mumbai_best","confidence":0.7,"mode":"bus","tier":"secondary","geometry_source":"stop_sequence"},"geometry":{"type":"LineString","coordinates":[[72.8384,19.0912],[72.8395,19.0963],[72.8388,19.1016],[72.8368,19.1033],[72.835,19.1155],[72.8314,19.116],[72.8298,19.1214],[72.832,19.1357],[72.8319,19.146],[72.8364,19.1468],[72.8349,19.1602],[72.8352,19.1689],[72.8367,19.1743],[72.8345,19.1924],[72.8327,19.1956],[72.8275,19.1967],[72.8294,19.2081],[72.828,19.2261],[72.8303,19.2322]]}},{"type":"Feature","properties":{"id":"transit_route:gtfs_mumbai_best:BEST_4006","field":"public_transport","kind":"transit_route","name":"THANE STATION (E) to MAGATHANE DEPOT (DOWN)","ref":"700 AS","status":"operational","opened_on":null,"expected_completion":null,"agency":"BEST","source":"gtfs_mumbai_best","confidence":0.7,"mode":"bus","tier":"secondary","geometry_source":"stop_sequence"},"geometry":{"type":"LineString","coordinates":[[72.9765,19.185],[72.9725,19.1845],[72.9707,19.1825],[72.9678,19.1818],[72.9632,19.1895],[72.9623,19.1965],[72.9631,19.1992],[72.9774,19.2143],[72.9756,19.2457],[72.9654,19.2693],[72.9523,19.2834],[72.9363,19.2851],[72.9165,19.2758],[72.9038,19.2847],[72.8933,19.2868],[72.889,19.2761],[72.8791,19.2693],[72.8757,19.2652],[72.865,19.2465],[72.8628,19.2306],[72.859,19.2289],[72.8577,19.2299],[72.8637,19.2299],[72.8645,19.2246],[72.8678,19.2215]]}},{"type":"Feature","properties":{"id":"transit_route:gtfs_mumbai_best:BEST_4007","field":"public_transport","kind":"transit_route","name":"MAGATHANE DEPOT to THANE STATION (E) (UP)","ref":"700 AS","status":"operational","opened_on":null,"expected_completion":null,"agency":"BEST","source":"gtfs_mumbai_best","confidence":0.7,"mode":"bus","tier":"secondary","geometry_source":"stop_sequence"},"geometry":{"type":"LineString","coordinates":[[72.8661,19.2213],[72.8636,19.2259],[72.8632,19.2305],[72.8577,19.23],[72.8623,19.2314],[72.8646,19.2462],[72.8737,19.2631],[72.8787,19.2696],[72.889,19.2764],[72.8939,19.287],[72.9048,19.285],[72.9161,19.2757],[72.9364,19.2854],[72.9524,19.2837],[72.9655,19.2698],[72.976,19.2461],[72.9782,19.2156],[72.9746,19.2097],[72.9634,19.1987],[72.9626,19.1958],[72.9652,19.1842],[72.9677,19.1817],[72.9725,19.1847],[72.9756,19.1852]]}},{"type":"Feature","properties":{"id":"transit_route:gtfs_mumbai_best:BEST_3817","field":"public_transport","kind":"transit_route","name":"MIRA ROAD STATION to SAMATA NAGAR BUS STATION (KANDIVALI-E) (DOWN)","ref":"701 AS","status":"operational","opened_on":null,"expected_completion":null,"agency":"BEST","source":"gtfs_mumbai_best","confidence":0.7,"mode":"bus","tier":"secondary","geometry_source":"stop_sequence"},"geometry":{"type":"LineString","coordinates":[[72.8581,19.2815],[72.8637,19.2835],[72.8662,19.2833],[72.8708,19.2804],[72.8742,19.2822],[72.882,19.2761],[72.8826,19.2733],[72.8823,19.2715],[72.8757,19.2652],[72.8719,19.2578],[72.8637,19.251],[72.8601,19.2432],[72.8577,19.2315],[72.8635,19.2299],[72.8686,19.2117],[72.8675,19.2059],[72.8699,19.2065]]}},{"type":"Feature","properties":{"id":"transit_route:gtfs_mumbai_best:BEST_3818","field":"public_transport","kind":"transit_route","name":"SAMATA NAGAR BUS STATION (KANDIVALI E) to MIRA ROAD STATION (E) (UP)","ref":"701 AS","status":"operational","opened_on":null,"expected_completion":null,"agency":"BEST","source":"gtfs_mumbai_best","confidence":0.7,"mode":"bus","tier":"secondary","geometry_source":"stop_sequence"},"geometry":{"type":"LineString","coordinates":[[72.8696,19.2069],[72.868,19.2058],[72.8663,19.2068],[72.8684,19.2115],[72.8631,19.2305],[72.8577,19.2319],[72.86,19.2435],[72.8635,19.2511],[72.8717,19.2586],[72.8733,19.262],[72.8686,19.2702],[72.8695,19.2744],[72.8604,19.2818],[72.8579,19.2816]]}},{"type":"Feature","properties":{"id":"transit_route:gtfs_mumbai_best:BEST_3188","field":"public_transport","kind":"transit_route","name":"GHODBUNDER VILLAGE to MAGATHANE DEPOT (DOWN)","ref":"702 AS","status":"operational","opened_on":null,"expected_completion":null,"agency":"BEST","source":"gtfs_mumbai_best","confidence":0.7,"mode":"bus","tier":"secondary","geometry_source":"stop_sequence"},"geometry":{"type":"LineString","coordinates":[[72.8894,19.2916],[72.8899,19.279],[72.889,19.2761],[72.8791,19.2693],[72.8736,19.2621],[72.8719,19.2578],[72.8655,19.2535],[72.8601,19.2432],[72.8577,19.2315],[72.8635,19.2299],[72.8645,19.2246],[72.8678,19.2215]]}},{"type":"Feature","properties":{"id":"transit_route:gtfs_mumbai_best:BEST_3189","field":"public_transport","kind":"transit_route","name":"MAGATHANE DEPOT to GHODBUNDER VILLAGE (UP)","ref":"702 AS","status":"operational","opened_on":null,"expected_completion":null,"agency":"BEST","source":"gtfs_mumbai_best","confidence":0.7,"mode":"bus","tier":"secondary","geometry_source":"stop_sequence"},"geometry":{"type":"LineString","coordinates":[[72.8661,19.2213],[72.8636,19.2259],[72.8632,19.2305],[72.8577,19.2315],[72.86,19.2435],[72.8635,19.2511],[72.8717,19.2586],[72.8787,19.2696],[72.889,19.2764],[72.8898,19.2787],[72.8893,19.2917]]}},{"type":"Feature","properties":{"id":"transit_route:gtfs_mumbai_best:BEST_2258","field":"public_transport","kind":"transit_route","name":"BHAYANDER STATION (E) to MAROL DEPOT (DOWN)","ref":"706 LTD","status":"operational","opened_on":null,"expected_completion":null,"agency":"BEST","source":"gtfs_mumbai_best","confidence":0.7,"mode":"bus","tier":"secondary","geometry_source":"stop_sequence"},"geometry":{"type":"LineString","coordinates":[[72.8535,19.3123],[72.8533,19.3097],[72.8586,19.304],[72.8573,19.3011],[72.8551,19.2988],[72.8656,19.2884],[72.882,19.2761],[72.8826,19.2733],[72.8823,19.2715],[72.8791,19.2693],[72.8736,19.2621],[72.865,19.2465],[72.8637,19.2377],[72.8645,19.2246],[72.8686,19.2117],[72.8611,19.1991],[72.8586,19.188],[72.8592,19.1706],[72.8554,19.1426],[72.8563,19.1409],[72.8609,19.1394],[72.8692,19.1397],[72.8722,19.1381],[72.8748,19.132],[72.8773,19.1298],[72.8719,19.1236],[72.8701,19.1186],[72.865,19.1182]]}},{"type":"Feature","properties":{"id":"transit_route:gtfs_mumbai_best:BEST_2259","field":"public_transport","kind":"transit_route","name":"MAROL DEPOT to BHAYANDER STATION (E) (UP)","ref":"706 LTD","status":"operational","opened_on":null,"expected_completion":null,"agency":"BEST","source":"gtfs_mumbai_best","confidence":0.7,"mode":"bus","tier":"secondary","geometry_source":"stop_sequence"},"geometry":{"type":"LineString","coordinates":[[72.8652,19.1179],[72.8698,19.1184],[72.8712,19.1229],[72.8762,19.1297],[72.8721,19.1381],[72.8675,19.1397],[72.861,19.1391],[72.8636,19.1389],[72.8616,19.1392],[72.8547,19.1418],[72.859,19.1711],[72.8582,19.1897],[72.8609,19.1999],[72.8684,19.2115],[72.8636,19.2259],[72.8634,19.2379],[72.8646,19.2462],[72.8679,19.2523],[72.8753,19.2652],[72.8824,19.2728],[72.8817,19.276],[72.8655,19.2883],[72.8549,19.2988],[72.8586,19.3041],[72.8618,19.306],[72.8631,19.3079],[72.8535,19.3123]]}},{"type":"Feature","properties":{"id":"transit_route:gtfs_mumbai_best:BEST_2260","field":"public_transport","kind":"transit_route","name":"BHAYANDER STATION (E) to GOREGAON; OSHIWARA DEPOT (DOWN)","ref":"707 LTD","status":"operational","opened_on":null,"expected_completion":null,"agency":"BEST","source":"gtfs_mumbai_best","confidence":0.7,"mode":"bus","tier":"secondary","geometry_source":"stop_sequence"},"geometry":{"type":"LineString","coordinates":[[72.8534,19.3098],[72.8586,19.304],[72.8551,19.2988],[72.8656,19.2884],[72.882,19.2761],[72.8826,19.2733],[72.8823,19.2715],[72.8757,19.2652],[72.8719,19.2578],[72.8694,19.2558],[72.8649,19.2544],[72.858,19.2558],[72.8545,19.2547],[72.854,19.2429],[72.8551,19.2345],[72.8569,19.2316],[72.8517,19.2179],[72.8518,19.2113],[72.8471,19.1928],[72.8445,19.1919],[72.837,19.1953],[72.8339,19.1946],[72.8372,19.1752],[72.8353,19.1687],[72.8355,19.1545]]}},{"type":"Feature","properties":{"id":"transit_route:gtfs_mumbai_best:BEST_2261","field":"public_transport","kind":"transit_route","name":"GOREGAON; OSHIWARA DEPOT to BHAYANDER STATION (E) (UP)","ref":"707 LTD","status":"operational","opened_on":null,"expected_completion":null,"agency":"BEST","source":"gtfs_mumbai_best","confidence":0.7,"mode":"bus","tier":"secondary","geometry_source":"stop_sequence"},"geometry":{"type":"LineString","coordinates":[[72.8353,19.1544],[72.8348,19.164],[72.8367,19.1743],[72.835,19.1956],[72.838,19.1956],[72.8448,19.1919],[72.847,19.193],[72.8516,19.2114],[72.8516,19.2181],[72.8564,19.23],[72.8535,19.2479],[72.8545,19.2547],[72.858,19.2559],[72.867,19.2548],[72.8693,19.2559],[72.8787,19.2696],[72.8824,19.2728],[72.8817,19.276],[72.8655,19.2883],[72.8549,19.2988],[72.8631,19.3079],[72.8535,19.3123]]}},{"type":"Feature","properties":{"id":"transit_route:gtfs_mumbai_best:BEST_4008","field":"public_transport","kind":"transit_route","name":"BHAYANDER STATION (E) to MAGATHANE DEPOT (DOWN)","ref":"709 AS","status":"operational","opened_on":null,"expected_completion":null,"agency":"BEST","source":"gtfs_mumbai_best","confidence":0.7,"mode":"bus","tier":"secondary","geometry_source":"stop_sequence"},"geometry":{"type":"LineString","coordinates":[[72.8535,19.3123],[72.8533,19.3097],[72.8586,19.304],[72.8551,19.2988],[72.8656,19.2884],[72.882,19.2761],[72.8826,19.2733],[72.8823,19.2715],[72.8757,19.2652],[72.8719,19.2578],[72.8655,19.2535],[72.8601,19.2432],[72.8577,19.2315],[72.8635,19.2299],[72.8645,19.2246],[72.8678,19.2215]]}},{"type":"Feature","properties":{"id":"transit_route:gtfs_mumbai_best:BEST_4009","field":"public_transport","kind":"transit_route","name":"MAGATHANE DEPOT to BHAYANDER STATION (E) (UP)","ref":"709 AS","status":"operational","opened_on":null,"expected_completion":null,"agency":"BEST","source":"gtfs_mumbai_best","confidence":0.7,"mode":"bus","tier":"secondary","geometry_source":"stop_sequence"},"geometry":{"type":"LineString","coordinates":[[72.8661,19.2213],[72.8636,19.2259],[72.8632,19.2305],[72.8577,19.2319],[72.86,19.2435],[72.8652,19.2533],[72.8717,19.2586],[72.8753,19.2652],[72.8824,19.2728],[72.8817,19.276],[72.8655,19.2883],[72.8549,19.2988],[72.8586,19.3041],[72.8618,19.306],[72.8615,19.306],[72.8631,19.3079],[72.8535,19.3123]]}},{"type":"Feature","properties":{"id":"transit_route:gtfs_mumbai_best:BEST_4138","field":"public_transport","kind":"transit_route","name":"BHAYANDER RAILWAY STATION (W) to MAGATHANE DEPOT (DOWN)","ref":"710 LTD","status":"operational","opened_on":null,"expected_completion":null,"agency":"BEST","source":"gtfs_mumbai_best","confidence":0.7,"mode":"bus","tier":"secondary","geometry_source":"stop_sequence"},"geometry":{"type":"LineString","coordinates":[[72.8517,19.3118],[72.8505,19.3102],[72.8499,19.3029],[72.847,19.3004],[72.8493,19.2997],[72.8522,19.2952],[72.8524,19.2951],[72.8504,19.295],[72.8572,19.2945],[72.8583,19.2785],[72.8613,19.2746],[72.8707,19.2697],[72.8707,19.2657],[72.8735,19.2621],[72.8694,19.2558],[72.8637,19.251],[72.8601,19.2432],[72.8577,19.2315],[72.8635,19.2299],[72.8645,19.2246],[72.8678,19.2215]]}},{"type":"Feature","properties":{"id":"transit_route:gtfs_mumbai_best:BEST_4139","field":"public_transport","kind":"transit_route","name":"MAGATHANE DEPOT to BHAYANDER RAILWAY STATION (W) (UP)","ref":"710 LTD","status":"operational","opened_on":null,"expected_completion":null,"agency":"BEST","source":"gtfs_mumbai_best","confidence":0.7,"mode":"bus","tier":"secondary","geometry_source":"stop_sequence"},"geometry":{"type":"LineString","coordinates":[[72.8661,19.2213],[72.8636,19.2259],[72.8632,19.2305],[72.8577,19.2319],[72.86,19.2435],[72.8635,19.2511],[72.8717,19.2586],[72.8733,19.262],[72.8686,19.2702],[72.8614,19.2743],[72.8582,19.2782],[72.8572,19.2947],[72.8503,19.2948],[72.8517,19.2952],[72.8524,19.298],[72.8469,19.3009],[72.8498,19.3031],[72.8503,19.3101],[72.8519,19.3121]]}},{"type":"Feature","properties":{"id":"transit_route:gtfs_mumbai_best:BEST_2964","field":"public_transport","kind":"transit_route","name":"BHAYANDER STATION (E) to DINDOSHI BUS STATION (DOWN)","ref":"718 C","status":"operational","opened_on":null,"expected_completion":null,"agency":"BEST","source":"gtfs_mumbai_best","confidence":0.7,"mode":"bus","tier":"secondary","geometry_source":"stop_sequence"},"geometry":{"type":"LineString","coordinates":[[72.8535,19.3123],[72.8533,19.3097],[72.8586,19.304],[72.8551,19.2988],[72.8656,19.2884],[72.882,19.2761],[72.8826,19.2733],[72.8823,19.2715],[72.8791,19.2693],[72.8736,19.2621],[72.865,19.2465],[72.8636,19.2298],[72.8686,19.2117],[72.8611,19.1991],[72.8586,19.188],[72.8586,19.1809],[72.8606,19.1746],[72.8657,19.176]]}},{"type":"Feature","properties":{"id":"transit_route:gtfs_mumbai_best:BEST_2965","field":"public_transport","kind":"transit_route","name":"DINDOSHI DEPOT to BHAYANDER STATION (E) (UP)","ref":"718 C","status":"operational","opened_on":null,"expected_completion":null,"agency":"BEST","source":"gtfs_mumbai_best","confidence":0.7,"mode":"bus","tier":"secondary","geometry_source":"stop_sequence"},"geometry":{"type":"LineString","coordinates":[[72.8657,19.1761],[72.8612,19.1745],[72.8583,19.1783],[72.8582,19.1897],[72.8609,19.1999],[72.8684,19.2115],[72.8631,19.2305],[72.8646,19.2462],[72.8753,19.2652],[72.8824,19.2728],[72.8817,19.276],[72.8655,19.2883],[72.8549,19.2988],[72.8586,19.3041],[72.8618,19.306],[72.8615,19.306],[72.8631,19.3079],[72.8535,19.3123]]}},{"type":"Feature","properties":{"id":"transit_route:gtfs_mumbai_best:BEST_4198","field":"public_transport","kind":"transit_route","name":"SHIVAJI NAGAR (GOVANDI) TERMINUS to MANTRALAYA (DOWN)","ref":"8 AS","status":"operational","opened_on":null,"expected_completion":null,"agency":"BEST","source":"gtfs_mumbai_best","confidence":0.7,"mode":"bus","tier":"secondary","geometry_source":"stop_sequence"},"geometry":{"type":"LineString","coordinates":[[72.9255,19.0606],[72.9184,19.0625],[72.9114,19.0556],[72.9011,19.0619],[72.8991,19.0526],[72.8931,19.054],[72.884,19.0536],[72.8682,19.048],[72.8644,19.0435],[72.8562,19.0275],[72.8434,19.0116],[72.8386,19.0027],[72.8338,18.9779],[72.8319,18.9595],[72.8347,18.9502],[72.834,18.9366],[72.832,18.9332],[72.8283,18.9315],[72.8282,18.9279],[72.8235,18.9292]]}},{"type":"Feature","properties":{"id":"transit_route:gtfs_mumbai_best:BEST_4199","field":"public_transport","kind":"transit_route","name":"MANTRALAYA to SHIVAJI NAGAR (GOVANDI) TERMINUS (UP)","ref":"8 AS","status":"operational","opened_on":null,"expected_completion":null,"agency":"BEST","source":"gtfs_mumbai_best","confidence":0.7,"mode":"bus","tier":"secondary","geometry_source":"stop_sequence"},"geometry":{"type":"LineString","coordinates":[[72.8245,18.9285],[72.8297,18.9272],[72.8302,18.9336],[72.8346,18.9409],[72.8348,18.9491],[72.8318,18.9591],[72.8319,18.9628],[72.8386,19.0028],[72.8468,19.0167],[72.8568,19.0285],[72.8657,19.0465],[72.884,19.0543],[72.8999,19.0535],[72.9013,19.0619],[72.9076,19.0589],[72.9112,19.0554],[72.9185,19.0628],[72.9254,19.0606]]}},{"type":"Feature","properties":{"id":"transit_route:gtfs_mumbai_best:BEST_3229","field":"public_transport","kind":"transit_route","name":"WORLI DEPOT to MANTRALAYA (DOWN)","ref":"82 AS","status":"operational","opened_on":null,"expected_completion":null,"agency":"BEST","source":"gtfs_mumbai_best","confidence":0.7,"mode":"bus","tier":"secondary","geometry_source":"stop_sequence"},"geometry":{"type":"LineString","coordinates":[[72.82,19.0135],[72.8184,19.0162],[72.8176,19.0156],[72.8138,19.003],[72.8161,19.0008],[72.8237,18.9869],[72.8242,18.983],[72.8266,18.9806],[72.8204,18.9685],[72.8163,18.955],[72.8265,18.9413],[72.8276,18.9322],[72.8235,18.9292]]}},{"type":"Feature","properties":{"id":"transit_route:gtfs_mumbai_best:BEST_3230","field":"public_transport","kind":"transit_route","name":"MANTRALAYA to WORLI DEPOT (UP)","ref":"82 AS","status":"operational","opened_on":null,"expected_completion":null,"agency":"BEST","source":"gtfs_mumbai_best","confidence":0.7,"mode":"bus","tier":"secondary","geometry_source":"stop_sequence"},"geometry":{"type":"LineString","coordinates":[[72.8242,18.9293],[72.8281,18.9277],[72.8268,18.94],[72.8238,18.946],[72.8163,18.9547],[72.8186,18.9646],[72.8259,18.9814],[72.8154,19.0013],[72.8174,19.0156],[72.8199,19.014]]}},{"type":"Feature","properties":{"id":"transit_route:gtfs_mumbai_best:BEST_1624","field":"public_transport","kind":"transit_route","name":"SANTACRUZ DEPOT to COLABA BUS STATION (DOWN)","ref":"83","status":"operational","opened_on":null,"expected_completion":null,"agency":"BEST","source":"gtfs_mumbai_best","confidence":0.7,"mode":"bus","tier":"secondary","geometry_source":"stop_sequence"},"geometry":{"type":"LineString","coordinates":[[72.8384,19.0908],[72.8367,19.0575],[72.8385,19.0464],[72.8414,19.0403],[72.8423,19.034],[72.8413,19.0317],[72.8396,19.0321],[72.8294,19.0136],[72.8229,19.0126],[72.8202,19.01],[72.8161,19.0008],[72.8167,18.9973],[72.814,18.9891],[72.8169,18.9578],[72.8128,18.9798],[72.8093,18.9731],[72.8079,18.9672],[72.8105,18.9584],[72.8162,18.9553],[72.8251,18.9443],[72.8297,18.9424],[72.832,18.9241],[72.8308,18.9211],[72.8232,18.9126]]}},{"type":"Feature","properties":{"id":"transit_route:gtfs_mumbai_best:BEST_1625","field":"public_transport","kind":"transit_route","name":"COLABA BUS STATION to SANTACRUZ DEPOT (UP)","ref":"83","status":"operational","opened_on":null,"expected_completion":null,"agency":"BEST","source":"gtfs_mumbai_best","confidence":0.7,"mode":"bus","tier":"secondary","geometry_source":"stop_sequence"},"geometry":{"type":"LineString","coordinates":[[72.8228,18.9127],[72.8227,18.9139],[72.8271,18.9168],[72.8316,18.9231],[72.8296,18.9298],[72.8294,18.9423],[72.8238,18.9462],[72.8168,18.9532],[72.8161,18.9552],[72.8104,18.9584],[72.8088,18.961],[72.808,18.9675],[72.8092,18.9735],[72.8144,18.9821],[72.8138,18.9883],[72.8166,18.9972],[72.8157,19.0027],[72.8209,19.0114],[72.8317,19.0191],[72.8376,19.0289],[72.8394,19.0358],[72.8416,19.0354],[72.837,19.0561],[72.8384,19.0912]]}},{"type":"Feature","properties":{"id":"transit_route:gtfs_mumbai_best:BEST_4337","field":"public_transport","kind":"transit_route","name":"GOREGAON; OSHIWARA DEPOT to DR. SHYAMAPRASAD MUKHERJEE CHOWK(MUSEUM)  (DOWN)","ref":"84 AS","status":"operational","opened_on":null,"expected_completion":null,"agency":"BEST","source":"gtfs_mumbai_best","confidence":0.7,"mode":"bus","tier":"secondary","geometry_source":"stop_sequence"},"geometry":{"type":"LineString","coordinates":[[72.8357,19.153],[72.8363,19.1502],[72.8432,19.1483],[72.8433,19.1413],[72.8478,19.1339],[72.8467,19.1236],[72.8403,19.1072],[72.8381,19.0865],[72.8367,19.0575],[72.8385,19.0464],[72.8424,19.0367],[72.8423,19.034],[72.8396,19.0321],[72.8294,19.0136],[72.8202,19.0118],[72.82,19.0135],[72.817,19.0139],[72.8467,18.955],[72.8225,18.9452],[72.8242,18.9356],[72.8266,18.9332],[72.8287,18.9329],[72.8314,18.9297],[72.8316,18.9263]]}},{"type":"Feature","properties":{"id":"transit_route:gtfs_mumbai_best:BEST_4338","field":"public_transport","kind":"transit_route","name":"DR. SHYAMAPRASAD MUKHERJEE CHOWK(MUSEUM)  to GOREGAON; OSHIWARA DEPOT (UP)","ref":"84 AS","status":"operational","opened_on":null,"expected_completion":null,"agency":"BEST","source":"gtfs_mumbai_best","confidence":0.7,"mode":"bus","tier":"secondary","geometry_source":"stop_sequence"},"geometry":{"type":"LineString","coordinates":[[72.8316,18.9261],[72.8296,18.9324],[72.824,18.9359],[72.8237,18.9415],[72.8215,18.9464],[72.8473,18.9575],[72.8174,19.0156],[72.8227,19.0126],[72.8285,19.0161],[72.8345,19.0231],[72.8387,19.034],[72.8423,19.0366],[72.8385,19.0459],[72.8371,19.056],[72.8381,19.0873],[72.8399,19.1066],[72.8465,19.1237],[72.8476,19.134],[72.8432,19.1413],[72.8431,19.1486],[72.836,19.1502],[72.8354,19.1534]]}},{"type":"Feature","properties":{"id":"transit_route:gtfs_mumbai_best:BEST_3947","field":"public_transport","kind":"transit_route","name":"KURLA BUS STATION (E) to PT.PALUSKAR CHOWK (DOWN)","ref":"85 AS","status":"operational","opened_on":null,"expected_completion":null,"agency":"BEST","source":"gtfs_mumbai_best","confidence":0.7,"mode":"bus","tier":"secondary","geometry_source":"stop_sequence"},"geometry":{"type":"LineString","coordinates":[[72.8809,19.0649],[72.88,19.0614],[72.8837,19.0619],[72.8828,19.0553],[72.8788,19.0533],[72.8704,19.053],[72.8672,19.0515],[72.8595,19.0338],[72.849,19.0191],[72.8423,19.0217],[72.8417,19.0234],[72.8321,19.0179],[72.8292,19.0133],[72.8246,19.0128],[72.8202,19.01],[72.8161,19.0008],[72.8165,18.9968],[72.814,18.9893],[72.8147,18.9821],[72.8117,18.9772],[72.8144,18.9735],[72.8152,18.9686],[72.813,18.9653],[72.8135,18.9635],[72.8173,18.9604],[72.8157,18.9544]]}},{"type":"Feature","properties":{"id":"transit_route:gtfs_mumbai_best:BEST_3948","field":"public_transport","kind":"transit_route","name":"PT.PALUSKAR CHOWK to KURLA BUS STATION (E) (UP)","ref":"85 AS","status":"operational","opened_on":null,"expected_completion":null,"agency":"BEST","source":"gtfs_mumbai_best","confidence":0.7,"mode":"bus","tier":"secondary","geometry_source":"stop_sequence"},"geometry":{"type":"LineString","coordinates":[[72.8157,18.9544],[72.8172,18.9603],[72.8142,18.9619],[72.813,18.9644],[72.815,18.9704],[72.8122,18.976],[72.8126,18.9799],[72.8144,18.982],[72.8138,18.9893],[72.8164,18.997],[72.8159,19.0032],[72.8225,19.0124],[72.8364,19.0197],[72.8379,19.0244],[72.8488,19.0194],[72.8588,19.0326],[72.8673,19.0518],[72.8792,19.0534],[72.8825,19.055],[72.8836,19.0618],[72.8805,19.0648]]}},{"type":"Feature","properties":{"id":"transit_route:gtfs_mumbai_best:BEST_3959","field":"public_transport","kind":"transit_route","name":"BANDRA (W) BUS STATION to BACKBAY DEPOT (DOWN)","ref":"86 C","status":"operational","opened_on":null,"expected_completion":null,"agency":"BEST","source":"gtfs_mumbai_best","confidence":0.7,"mode":"bus","tier":"secondary","geometry_source":"stop_sequence"},"geometry":{"type":"LineString","coordinates":[[72.8392,19.0541],[72.8332,19.0557],[72.826,19.0547],[72.8241,19.0527],[72.8289,19.0514],[72.8271,19.0482],[72.8325,19.0523],[72.8364,19.0513],[72.8424,19.0367],[72.8418,19.0301],[72.841,19.0263],[72.8365,19.0198],[72.8321,19.0179],[72.8294,19.0136],[72.8229,19.0126],[72.8186,19.0072],[72.8206,19.0043],[72.8156,18.995],[72.814,18.9891],[72.8169,18.9578],[72.8128,18.9798],[72.8093,18.9731],[72.8079,18.9672],[72.8105,18.9584],[72.8173,18.9559],[72.8181,18.9523],[72.8243,18.9454],[72.8297,18.9424],[72.8311,18.9345],[72.8303,18.9257],[72.8269,18.9257],[72.8266,18.9217],[72.8226,18.9152],[72.8176,18.9163],[72.8187,18.9149],[72.8174,18.9097]]}},{"type":"Feature","properties":{"id":"transit_route:gtfs_mumbai_best:BEST_3960","field":"public_transport","kind":"transit_route","name":"BACKBAY DEPOT to BANDRA (W) BUS STATION (UP)","ref":"86 C","status":"operational","opened_on":null,"expected_completion":null,"agency":"BEST","source":"gtfs_mumbai_best","confidence":0.7,"mode":"bus","tier":"secondary","geometry_source":"stop_sequence"},"geometry":{"type":"LineString","coordinates":[[72.8173,18.9097],[72.8185,18.9109],[72.8176,18.9163],[72.8219,18.9146],[72.8259,18.9198],[72.8268,18.9244],[72.8315,18.9262],[72.8296,18.9298],[72.83,18.9393],[72.8287,18.9438],[72.8248,18.9497],[72.8199,18.9543],[72.8104,18.9584],[72.8088,18.961],[72.808,18.9675],[72.8092,18.9735],[72.8144,18.9821],[72.8138,18.9885],[72.8152,18.9946],[72.8211,19.0054],[72.8185,19.0073],[72.8226,19.0125],[72.8366,19.0201],[72.8408,19.026],[72.8416,19.0298],[72.8423,19.0362],[72.8412,19.0405],[72.8358,19.0513],[72.8314,19.0516],[72.8271,19.0482],[72.8284,19.0501],[72.8242,19.0518],[72.8257,19.0547],[72.835,19.0561],[72.8399,19.0548]]}},{"type":"Feature","properties":{"id":"transit_route:gtfs_mumbai_best:BEST_1632","field":"public_transport","kind":"transit_route","name":"BANDRA COLONY BUS STATION to MANTRALAYA (DOWN)","ref":"87 LTD","status":"operational","opened_on":null,"expected_completion":null,"agency":"BEST","source":"gtfs_mumbai_best","confidence":0.7,"mode":"bus","tier":"secondary","geometry_source":"stop_sequence"},"geometry":{"type":"LineString","coordinates":[[72.8506,19.0617],[72.8477,19.06],[72.8479,19.0553],[72.8385,19.0464],[72.8414,19.0403],[72.8423,19.034],[72.841,19.0263],[72.8365,19.0198],[72.8321,19.0179],[72.8292,19.0133],[72.8211,19.0113],[72.8161,19.0008],[72.8165,18.9968],[72.8117,18.9772],[72.8144,18.9735],[72.8152,18.9686],[72.813,18.9653],[72.8162,18.9553],[72.8265,18.9413],[72.8282,18.9279],[72.8235,18.9292]]}},{"type":"Feature","properties":{"id":"transit_route:gtfs_mumbai_best:BEST_1633","field":"public_transport","kind":"transit_route","name":"MANTRALAYA to BANDRA COLONY BUS STATION (UP)","ref":"87 LTD","status":"operational","opened_on":null,"expected_completion":null,"agency":"BEST","source":"gtfs_mumbai_best","confidence":0.7,"mode":"bus","tier":"secondary","geometry_source":"stop_sequence"},"geometry":{"type":"LineString","coordinates":[[72.8245,18.9285],[72.8297,18.9272],[72.8296,18.9324],[72.8278,18.9338],[72.8263,18.9415],[72.8238,18.9462],[72.8168,18.9532],[72.813,18.9644],[72.815,18.9698],[72.8145,18.9731],[72.8122,18.976],[72.8123,18.9796],[72.8137,18.989],[72.8166,18.9973],[72.8157,19.0027],[72.8226,19.0125],[72.8366,19.0201],[72.8409,19.0266],[72.8421,19.0337],[72.8412,19.0405],[72.8385,19.0459],[72.8478,19.0546],[72.8486,19.0607],[72.8511,19.0606],[72.851,19.0616]]}},{"type":"Feature","properties":{"id":"transit_route:gtfs_mumbai_best:BEST_1636","field":"public_transport","kind":"transit_route","name":"PRATIKSHA NAGAR DEPOT to MANTRALAYA (DOWN)","ref":"88","status":"operational","opened_on":null,"expected_completion":null,"agency":"BEST","source":"gtfs_mumbai_best","confidence":0.7,"mode":"bus","tier":"secondary","geometry_source":"stop_sequence"},"geometry":{"type":"LineString","coordinates":[[72.8747,19.0447],[72.868,19.0392],[72.869,19.0367],[72.8668,19.0327],[72.8652,19.0176],[72.8507,19.0214],[72.849,19.0191],[72.8423,19.021],[72.8353,19.0142],[72.8327,19.0147],[72.8229,19.0126],[72.8186,19.0072],[72.8206,19.0043],[72.8156,18.995],[72.814,18.9891],[72.8147,18.9821],[72.8093,18.9731],[72.8079,18.9672],[72.8105,18.9584],[72.8173,18.9559],[72.8181,18.9523],[72.8243,18.9454],[72.8282,18.9458],[72.8297,18.9424],[72.8308,18.9363],[72.8283,18.9315],[72.8282,18.9279],[72.8235,18.9292]]}},{"type":"Feature","properties":{"id":"transit_route:gtfs_mumbai_best:BEST_1637","field":"public_transport","kind":"transit_route","name":"MANTRALAYA to PRATIKSHA NAGAR DEPOT (UP)","ref":"88","status":"operational","opened_on":null,"expected_completion":null,"agency":"BEST","source":"gtfs_mumbai_best","confidence":0.7,"mode":"bus","tier":"secondary","geometry_source":"stop_sequence"},"geometry":{"type":"LineString","coordinates":[[72.8244,18.9286],[72.8297,18.9272],[72.83,18.9393],[72.8287,18.9438],[72.8199,18.9543],[72.8168,18.9532],[72.8161,18.9552],[72.8104,18.9584],[72.8088,18.961],[72.808,18.9675],[72.8092,18.9735],[72.8144,18.982],[72.8138,18.9895],[72.8153,18.9947],[72.8211,19.0054],[72.8185,19.0073],[72.8223,19.0124],[72.8264,19.0148],[72.8333,19.014],[72.8372,19.0153],[72.8419,19.0212],[72.8482,19.0186],[72.8506,19.0219],[72.8555,19.0186],[72.8626,19.0187],[72.8639,19.021],[72.8638,19.0245],[72.8663,19.0268],[72.8676,19.0357],[72.8659,19.0383],[72.8747,19.0448]]}},{"type":"Feature","properties":{"id":"transit_route:gtfs_mumbai_best:BEST_3233","field":"public_transport","kind":"transit_route","name":"WORLI DEPOT to MANTRALAYA (DOWN)","ref":"89 AS","status":"operational","opened_on":null,"expected_completion":null,"agency":"BEST","source":"gtfs_mumbai_best","confidence":0.7,"mode":"bus","tier":"secondary","geometry_source":"stop_sequence"},"geometry":{"type":"LineString","coordinates":[[72.82,19.0135],[72.8184,19.0162],[72.8176,19.0156],[72.8119,19.0021],[72.8118,18.9977],[72.8139,18.9948],[72.8169,18.9578],[72.8128,18.9798],[72.8093,18.9731],[72.8079,18.9672],[72.8105,18.9584],[72.8163,18.955],[72.8265,18.9413],[72.8282,18.9279],[72.8235,18.9292]]}},{"type":"Feature","properties":{"id":"transit_route:gtfs_mumbai_best:BEST_3234","field":"public_transport","kind":"transit_route","name":"MANTRALAYA to WORLI DEPOT (UP)","ref":"89 AS","status":"operational","opened_on":null,"expected_completion":null,"agency":"BEST","source":"gtfs_mumbai_best","confidence":0.7,"mode":"bus","tier":"secondary","geometry_source":"stop_sequence"},"geometry":{"type":"LineString","coordinates":[[72.8242,18.9293],[72.8281,18.9277],[72.8263,18.9415],[72.8161,18.9552],[72.8104,18.9584],[72.8087,18.961],[72.808,18.9675],[72.8092,18.9735],[72.8144,18.9821],[72.8138,18.9946],[72.8115,18.9982],[72.8118,19.002],[72.8174,19.0156],[72.8199,19.014]]}},{"type":"Feature","properties":{"id":"transit_route:gtfs_mumbai_best:BEST_939","field":"public_transport","kind":"transit_route","name":"N.C.P.A. to AHILYABAI HOLKAR CHOWK (CHURCHGATE) (DOWN)","ref":"809 AS","status":"operational","opened_on":null,"expected_completion":null,"agency":"BEST","source":"gtfs_mumbai_best","confidence":0.7,"mode":"bus","tier":"secondary","geometry_source":"stop_sequence"},"geometry":{"type":"LineString","coordinates":[[72.8226,18.9252],[72.8203,18.9265],[72.8271,18.9344]]}},{"type":"Feature","properties":{"id":"transit_route:gtfs_mumbai_best:BEST_2422","field":"public_transport","kind":"transit_route","name":"AHILYABAI HOLKAR CHOWK (CHURCHGATE) to N.C.P.A. (UP)","ref":"809 AS","status":"operational","opened_on":null,"expected_completion":null,"agency":"BEST","source":"gtfs_mumbai_best","confidence":0.7,"mode":"bus","tier":"secondary","geometry_source":"stop_sequence"},"geometry":{"type":"LineString","coordinates":[[72.8271,18.9344],[72.8219,18.9272],[72.8226,18.9252]]}},{"type":"Feature","properties":{"id":"transit_route:gtfs_mumbai_best:BEST_4656","field":"public_transport","kind":"transit_route","name":"DADAR STN (W) to PRABHADEVI; RAVINDRA NATYA MANDIR (UP)","ref":"814 AS","status":"operational","opened_on":null,"expected_completion":null,"agency":"BEST","source":"gtfs_mumbai_best","confidence":0.7,"mode":"bus","tier":"secondary","geometry_source":"stop_sequence"},"geometry":{"type":"LineString","coordinates":[[72.8414,19.0182],[72.837,19.0193],[72.834,19.0186],[72.8321,19.0179],[72.8302,19.0149]]}},{"type":"Feature","properties":{"id":"transit_route:gtfs_mumbai_best:BEST_3628","field":"public_transport","kind":"transit_route","name":"DR. SHYAMAPRASAD MUKHERJEE CHOWK(MUSEUM)  to DR. SHYAMAPRASAD MUKHERJEE CHOWK(MUSEUM)  (UP)","ref":"887 null","status":"operational","opened_on":null,"expected_completion":null,"agency":"BEST","source":"gtfs_mumbai_best","confidence":0.7,"mode":"bus","tier":"secondary","geometry_source":"stop_sequence"},"geometry":{"type":"LineString","coordinates":[[72.8322,18.9256],[72.8246,18.9253],[72.8203,18.9265],[72.824,18.9359],[72.8237,18.9415],[72.8215,18.9464],[72.8148,18.9543],[72.8107,18.9561],[72.8148,18.9546],[72.8194,18.9494],[72.8225,18.9452],[72.8239,18.9413],[72.8242,18.9356],[72.8266,18.9332],[72.8282,18.9279],[72.8297,18.9272],[72.8316,18.937],[72.8364,18.9385],[72.8362,18.9326],[72.8322,18.9256]]}},{"type":"Feature","properties":{"id":"transit_route:gtfs_mumbai_best:BEST_1480","field":"public_transport","kind":"transit_route","name":"ANTOP HILL BUS STATION to COLABA BUS STATION (DOWN)","ref":"9","status":"operational","opened_on":null,"expected_completion":null,"agency":"BEST","source":"gtfs_mumbai_best","confidence":0.7,"mode":"bus","tier":"secondary","geometry_source":"stop_sequence"},"geometry":{"type":"LineString","coordinates":[[72.8661,19.0263],[72.8659,19.0296],[72.863,19.0298],[72.8638,19.0318],[72.8667,19.0327],[72.8676,19.0357],[72.8666,19.0374],[72.8612,19.0372],[72.8569,19.0272],[72.8571,19.025],[72.8597,19.025],[72.8608,19.0223],[72.8602,19.0185],[72.8545,19.0118],[72.8512,19.0121],[72.8481,19.0101],[72.8465,19.0061],[72.8426,19.0041],[72.8431,19.0008],[72.8363,18.9918],[72.8326,18.9706],[72.8322,18.9546],[72.8288,18.9497],[72.8304,18.945],[72.8317,18.9461],[72.835,18.9458],[72.8348,18.9409],[72.8318,18.933],[72.832,18.9241],[72.8308,18.9211],[72.8232,18.9126]]}},{"type":"Feature","properties":{"id":"transit_route:gtfs_mumbai_best:BEST_1481","field":"public_transport","kind":"transit_route","name":"COLABA BUS STATION to ANTOP HILL (UP)","ref":"9","status":"operational","opened_on":null,"expected_completion":null,"agency":"BEST","source":"gtfs_mumbai_best","confidence":0.7,"mode":"bus","tier":"secondary","geometry_source":"stop_sequence"},"geometry":{"type":"LineString","coordinates":[[72.8228,18.9127],[72.8316,18.9231],[72.8301,18.9328],[72.8347,18.9407],[72.834,18.9455],[72.8311,18.9454],[72.8288,18.9438],[72.8288,18.9472],[72.8301,18.9528],[72.8321,18.9552],[72.8318,18.9628],[72.8363,18.993],[72.8432,19.0011],[72.8427,19.0042],[72.8473,19.0082],[72.8486,19.0112],[72.8543,19.0119],[72.8596,19.018],[72.8604,19.0246],[72.8574,19.0248],[72.8547,19.0268],[72.8631,19.0375],[72.866,19.0374],[72.8674,19.0353],[72.8668,19.0327],[72.8641,19.0317],[72.8637,19.0295],[72.8663,19.0297],[72.8664,19.0267]]}},{"type":"Feature","properties":{"id":"transit_route:gtfs_mumbai_best:BEST_2813","field":"public_transport","kind":"transit_route","name":"ANUSHAKTI NAGAR BUS STATION to VASANTRAO NAIK CHOWK (DOWN)","ref":"92 AS","status":"operational","opened_on":null,"expected_completion":null,"agency":"BEST","source":"gtfs_mumbai_best","confidence":0.7,"mode":"bus","tier":"secondary","geometry_source":"stop_sequence"},"geometry":{"type":"LineString","coordinates":[[72.9265,19.0428],[72.9108,19.0456],[72.9071,19.0478],[72.8999,19.0535],[72.9004,19.0583],[72.8993,19.0591],[72.8981,19.0562],[72.8958,19.0565],[72.8931,19.054],[72.884,19.0536],[72.8752,19.0508],[72.8643,19.0432],[72.8595,19.0338],[72.849,19.0191],[72.8423,19.0217],[72.8375,19.0216],[72.8365,19.0198],[72.8321,19.0179],[72.8294,19.0136],[72.8202,19.01],[72.8161,19.0008],[72.8165,18.9968],[72.8117,18.9772],[72.8144,18.9735],[72.815,18.9704]]}},{"type":"Feature","properties":{"id":"transit_route:gtfs_mumbai_best:BEST_2814","field":"public_transport","kind":"transit_route","name":"VASANTRAO NAIK CHOWK to ANUSHAKTI NAGAR BUS STATION (UP)","ref":"92 AS","status":"operational","opened_on":null,"expected_completion":null,"agency":"BEST","source":"gtfs_mumbai_best","confidence":0.7,"mode":"bus","tier":"secondary","geometry_source":"stop_sequence"},"geometry":{"type":"LineString","coordinates":[[72.815,18.9704],[72.8123,18.9796],[72.8164,18.997],[72.8159,19.0032],[72.8185,19.0073],[72.8223,19.0124],[72.8364,19.0197],[72.8379,19.0245],[72.8412,19.0239],[72.8482,19.0186],[72.8589,19.033],[72.8657,19.0465],[72.8794,19.0526],[72.8933,19.0542],[72.8967,19.0601],[72.8992,19.0604],[72.9006,19.059],[72.9014,19.052],[72.9077,19.0474],[72.9268,19.0427]]}},{"type":"Feature","properties":{"id":"transit_route:gtfs_mumbai_best:BEST_4105","field":"public_transport","kind":"transit_route","name":"R.C.CHURCH (COLABA) to BACKBAY DEPOT (DOWN)","ref":"901 LTD","status":"operational","opened_on":null,"expected_completion":null,"agency":"BEST","source":"gtfs_mumbai_best","confidence":0.7,"mode":"bus","tier":"secondary","geometry_source":"stop_sequence"},"geometry":{"type":"LineString","coordinates":[[72.8138,18.9001],[72.8174,18.9097]]}},{"type":"Feature","properties":{"id":"transit_route:gtfs_mumbai_best:BEST_4107","field":"public_transport","kind":"transit_route","name":"COLABA BUS STATION to BACKBAY DEPOT (DOWN)","ref":"902 LTD","status":"operational","opened_on":null,"expected_completion":null,"agency":"BEST","source":"gtfs_mumbai_best","confidence":0.7,"mode":"bus","tier":"secondary","geometry_source":"stop_sequence"},"geometry":{"type":"LineString","coordinates":[[72.822,18.9121],[72.8174,18.9097]]}},{"type":"Feature","properties":{"id":"transit_route:gtfs_mumbai_best:BEST_4108","field":"public_transport","kind":"transit_route","name":"BACKBAY DEPOT to COLABA BUS STATION (UP)","ref":"902 LTD","status":"operational","opened_on":null,"expected_completion":null,"agency":"BEST","source":"gtfs_mumbai_best","confidence":0.7,"mode":"bus","tier":"secondary","geometry_source":"stop_sequence"},"geometry":{"type":"LineString","coordinates":[[72.8173,18.9097],[72.823,18.9141]]}},{"type":"Feature","properties":{"id":"transit_route:gtfs_mumbai_best:BEST_4044","field":"public_transport","kind":"transit_route","name":"DINDOSHI BUS STATION to DINDOSHI DEPOT (DOWN)","ref":"909 LTD","status":"operational","opened_on":null,"expected_completion":null,"agency":"BEST","source":"gtfs_mumbai_best","confidence":0.7,"mode":"bus","tier":"secondary","geometry_source":"stop_sequence"},"geometry":{"type":"LineString","coordinates":[[72.8657,19.176],[72.8655,19.1758]]}},{"type":"Feature","properties":{"id":"transit_route:gtfs_mumbai_best:BEST_4045","field":"public_transport","kind":"transit_route","name":"DINDOSHI DEPOT to DINDOSHI BUS STATION (UP)","ref":"909 LTD","status":"operational","opened_on":null,"expected_completion":null,"agency":"BEST","source":"gtfs_mumbai_best","confidence":0.7,"mode":"bus","tier":"secondary","geometry_source":"stop_sequence"},"geometry":{"type":"LineString","coordinates":[[72.8655,19.1758],[72.8657,19.176]]}},{"type":"Feature","properties":{"id":"transit_route:gtfs_mumbai_best:BEST_4200","field":"public_transport","kind":"transit_route","name":"SHIVAJI NAGAR BUS STATION to SHIVAJI NAGAR DEPOT (DOWN)","ref":"910 LTD","status":"operational","opened_on":null,"expected_completion":null,"agency":"BEST","source":"gtfs_mumbai_best","confidence":0.7,"mode":"bus","tier":"secondary","geometry_source":"stop_sequence"},"geometry":{"type":"LineString","coordinates":[[72.9293,19.0662],[72.9279,19.0662]]}},{"type":"Feature","properties":{"id":"transit_route:gtfs_mumbai_best:BEST_4201","field":"public_transport","kind":"transit_route","name":"SHIVAJI NAGAR DEPOT to SHIVAJI NAGAR BUS STATION (UP)","ref":"910 LTD","status":"operational","opened_on":null,"expected_completion":null,"agency":"BEST","source":"gtfs_mumbai_best","confidence":0.7,"mode":"bus","tier":"secondary","geometry_source":"stop_sequence"},"geometry":{"type":"LineString","coordinates":[[72.928,19.0663],[72.9293,19.0662]]}},{"type":"Feature","properties":{"id":"transit_route:gtfs_mumbai_best:BEST_4046","field":"public_transport","kind":"transit_route","name":"SHIVAJI NAGAR BUS STATION to SHIVAJI NAGAR DEPOT (DOWN)","ref":"910 AS","status":"operational","opened_on":null,"expected_completion":null,"agency":"BEST","source":"gtfs_mumbai_best","confidence":0.7,"mode":"bus","tier":"secondary","geometry_source":"stop_sequence"},"geometry":{"type":"LineString","coordinates":[[72.9293,19.0662],[72.9279,19.0662]]}},{"type":"Feature","properties":{"id":"transit_route:gtfs_mumbai_best:BEST_4047","field":"public_transport","kind":"transit_route","name":"SHIVAJI NAGAR DEPOT to SHIVAJI NAGAR BUS STATION (UP)","ref":"910 AS","status":"operational","opened_on":null,"expected_completion":null,"agency":"BEST","source":"gtfs_mumbai_best","confidence":0.7,"mode":"bus","tier":"secondary","geometry_source":"stop_sequence"},"geometry":{"type":"LineString","coordinates":[[72.928,19.0663],[72.9293,19.0662]]}},{"type":"Feature","properties":{"id":"transit_route:gtfs_mumbai_best:BEST_4048","field":"public_transport","kind":"transit_route","name":"DHARAVI DEPOT to BANDRA COLONY BUS STATION (UP)","ref":"913 LTD","status":"operational","opened_on":null,"expected_completion":null,"agency":"BEST","source":"gtfs_mumbai_best","confidence":0.7,"mode":"bus","tier":"secondary","geometry_source":"stop_sequence"},"geometry":{"type":"LineString","coordinates":[[72.8578,19.0509],[72.8554,19.0484],[72.8468,19.0532],[72.851,19.0616]]}},{"type":"Feature","properties":{"id":"transit_route:gtfs_mumbai_best:BEST_4114","field":"public_transport","kind":"transit_route","name":"DEONAR DEPOT to SAMRAT ASHOK NAGAR (DEONAR) (UP)","ref":"916 LTD","status":"operational","opened_on":null,"expected_completion":null,"agency":"BEST","source":"gtfs_mumbai_best","confidence":0.7,"mode":"bus","tier":"secondary","geometry_source":"stop_sequence"},"geometry":{"type":"LineString","coordinates":[[72.9121,19.0457],[72.9116,19.0545]]}},{"type":"Feature","properties":{"id":"transit_route:gtfs_mumbai_best:BEST_4305","field":"public_transport","kind":"transit_route","name":"SAIBABA PARK (EVERSHINE NAGAR) to MALAD DEPOT (DOWN)","ref":"920 LTD","status":"operational","opened_on":null,"expected_completion":null,"agency":"BEST","source":"gtfs_mumbai_best","confidence":0.7,"mode":"bus","tier":"secondary","geometry_source":"stop_sequence"},"geometry":{"type":"LineString","coordinates":[[72.8334,19.1926],[72.8359,19.1828]]}},{"type":"Feature","properties":{"id":"transit_route:gtfs_mumbai_best:BEST_4306","field":"public_transport","kind":"transit_route","name":"MALAD DEPOT to SAIBABA PARK (EVERSHINE NAGAR) (UP)","ref":"920 LTD","status":"operational","opened_on":null,"expected_completion":null,"agency":"BEST","source":"gtfs_mumbai_best","confidence":0.7,"mode":"bus","tier":"secondary","geometry_source":"stop_sequence"},"geometry":{"type":"LineString","coordinates":[[72.8358,19.1836],[72.8334,19.1926]]}},{"type":"Feature","properties":{"id":"transit_route:gtfs_mumbai_best:BEST_4051","field":"public_transport","kind":"transit_route","name":"WADALA BUS DEPOT to DADAR STATION (E) (DOWN)","ref":"921 LTD","status":"operational","opened_on":null,"expected_completion":null,"agency":"BEST","source":"gtfs_mumbai_best","confidence":0.7,"mode":"bus","tier":"secondary","geometry_source":"stop_sequence"},"geometry":{"type":"LineString","coordinates":[[72.8523,19.0149],[72.8495,19.0167],[72.8442,19.0175]]}},{"type":"Feature","properties":{"id":"transit_route:gtfs_mumbai_best:BEST_4052","field":"public_transport","kind":"transit_route","name":"DADAR STATION (E) to WADALA BUS DEPOT (UP)","ref":"921 LTD","status":"operational","opened_on":null,"expected_completion":null,"agency":"BEST","source":"gtfs_mumbai_best","confidence":0.7,"mode":"bus","tier":"secondary","geometry_source":"stop_sequence"},"geometry":{"type":"LineString","coordinates":[[72.8442,19.0175],[72.8496,19.0168],[72.8523,19.0149]]}},{"type":"Feature","properties":{"id":"transit_route:gtfs_mumbai_best:BEST_4146","field":"public_transport","kind":"transit_route","name":"KURLA DEPOT to DHARAVI DEPOT (DOWN)","ref":"921","status":"operational","opened_on":null,"expected_completion":null,"agency":"BEST","source":"gtfs_mumbai_best","confidence":0.7,"mode":"bus","tier":"secondary","geometry_source":"stop_sequence"},"geometry":{"type":"LineString","coordinates":[[72.8766,19.0748],[72.8727,19.0608],[72.8578,19.0509]]}},{"type":"Feature","properties":{"id":"transit_route:gtfs_mumbai_best:BEST_4147","field":"public_transport","kind":"transit_route","name":"DHARAVI DEPOT to KURLA DEPOT (UP)","ref":"921","status":"operational","opened_on":null,"expected_completion":null,"agency":"BEST","source":"gtfs_mumbai_best","confidence":0.7,"mode":"bus","tier":"secondary","geometry_source":"stop_sequence"},"geometry":{"type":"LineString","coordinates":[[72.8588,19.0515],[72.8727,19.0611],[72.8768,19.0755]]}},{"type":"Feature","properties":{"id":"transit_route:gtfs_mumbai_best:BEST_3994","field":"public_transport","kind":"transit_route","name":"WADALA BUS DEPOT to PRABODHANKAR THACKERAY UDYAN BUS STATION (SEWREE) (DOWN)","ref":"921 LTD","status":"operational","opened_on":null,"expected_completion":null,"agency":"BEST","source":"gtfs_mumbai_best","confidence":0.7,"mode":"bus","tier":"secondary","geometry_source":"stop_sequence"},"geometry":{"type":"LineString","coordinates":[[72.8532,19.0144],[72.8541,19.0054],[72.8522,18.9982]]}},{"type":"Feature","properties":{"id":"transit_route:gtfs_mumbai_best:BEST_4115","field":"public_transport","kind":"transit_route","name":"RANI LAXMIBAI CHOWK (SION) to ANIK DEPOT (DOWN)","ref":"922","status":"operational","opened_on":null,"expected_completion":null,"agency":"BEST","source":"gtfs_mumbai_best","confidence":0.7,"mode":"bus","tier":"secondary","geometry_source":"stop_sequence"},"geometry":{"type":"LineString","coordinates":[[72.8644,19.0455],[72.8794,19.0525],[72.8786,19.0466]]}},{"type":"Feature","properties":{"id":"transit_route:gtfs_mumbai_best:BEST_4116","field":"public_transport","kind":"transit_route","name":"ANIK DEPOT to RANI LAXMIBAI CHOWK (SION) (UP)","ref":"922","status":"operational","opened_on":null,"expected_completion":null,"agency":"BEST","source":"gtfs_mumbai_best","confidence":0.7,"mode":"bus","tier":"secondary","geometry_source":"stop_sequence"},"geometry":{"type":"LineString","coordinates":[[72.8783,19.0467],[72.8749,19.0506],[72.864,19.0449]]}},{"type":"Feature","properties":{"id":"transit_route:gtfs_mumbai_best:BEST_4117","field":"public_transport","kind":"transit_route","name":"PRATIKSHA NAGAR DEPOT to ANIK DEPOT (DOWN)","ref":"922 LTD","status":"operational","opened_on":null,"expected_completion":null,"agency":"BEST","source":"gtfs_mumbai_best","confidence":0.7,"mode":"bus","tier":"secondary","geometry_source":"stop_sequence"},"geometry":{"type":"LineString","coordinates":[[72.8747,19.0448],[72.8783,19.0467]]}},{"type":"Feature","properties":{"id":"transit_route:gtfs_mumbai_best:BEST_4118","field":"public_transport","kind":"transit_route","name":"ANIK DEPOT to PRATIKSHA NAGAR DEPOT (UP)","ref":"922 LTD","status":"operational","opened_on":null,"expected_completion":null,"agency":"BEST","source":"gtfs_mumbai_best","confidence":0.7,"mode":"bus","tier":"secondary","geometry_source":"stop_sequence"},"geometry":{"type":"LineString","coordinates":[[72.8783,19.0467],[72.8747,19.0448]]}},{"type":"Feature","properties":{"id":"transit_route:gtfs_mumbai_best:BEST_4119","field":"public_transport","kind":"transit_route","name":"WORLI DEPOT to COMRADE P.K.KURNE CHOWK (WORLI ) (UP)","ref":"922 LTD","status":"operational","opened_on":null,"expected_completion":null,"agency":"BEST","source":"gtfs_mumbai_best","confidence":0.7,"mode":"bus","tier":"secondary","geometry_source":"stop_sequence"},"geometry":{"type":"LineString","coordinates":[[72.82,19.0135],[72.8202,19.01],[72.8186,19.0072],[72.8209,19.0049]]}},{"type":"Feature","properties":{"id":"transit_route:gtfs_mumbai_best:BEST_4120","field":"public_transport","kind":"transit_route","name":"BANDRA (E) BUS STATION to DHARAVI DEPOT (DOWN)","ref":"922 RING","status":"operational","opened_on":null,"expected_completion":null,"agency":"BEST","source":"gtfs_mumbai_best","confidence":0.7,"mode":"bus","tier":"secondary","geometry_source":"stop_sequence"},"geometry":{"type":"LineString","coordinates":[[72.8449,19.056],[72.8525,19.0476],[72.8554,19.0485],[72.8584,19.0515]]}},{"type":"Feature","properties":{"id":"transit_route:gtfs_mumbai_best:BEST_4121","field":"public_transport","kind":"transit_route","name":"DHARAVI DEPOT to BANDRA (E) BUS STATION (UP)","ref":"922 RING","status":"operational","opened_on":null,"expected_completion":null,"agency":"BEST","source":"gtfs_mumbai_best","confidence":0.7,"mode":"bus","tier":"secondary","geometry_source":"stop_sequence"},"geometry":{"type":"LineString","coordinates":[[72.8578,19.0509],[72.8528,19.0476],[72.8449,19.056]]}},{"type":"Feature","properties":{"id":"transit_route:gtfs_mumbai_best:BEST_4056","field":"public_transport","kind":"transit_route","name":"SANTACRUZ DEPOT to SANTACRUZ STATION (W) (DOWN)","ref":"922 AS","status":"operational","opened_on":null,"expected_completion":null,"agency":"BEST","source":"gtfs_mumbai_best","confidence":0.7,"mode":"bus","tier":"secondary","geometry_source":"stop_sequence"},"geometry":{"type":"LineString","coordinates":[[72.8384,19.0908],[72.838,19.0835],[72.8414,19.0821]]}},{"type":"Feature","properties":{"id":"transit_route:gtfs_mumbai_best:BEST_4057","field":"public_transport","kind":"transit_route","name":"SANTACRUZ STATION (W) to SANTACRUZ DEPOT (UP)","ref":"922 AS","status":"operational","opened_on":null,"expected_completion":null,"agency":"BEST","source":"gtfs_mumbai_best","confidence":0.7,"mode":"bus","tier":"secondary","geometry_source":"stop_sequence"},"geometry":{"type":"LineString","coordinates":[[72.8414,19.0821],[72.8387,19.081],[72.8384,19.0912]]}},{"type":"Feature","properties":{"id":"transit_route:gtfs_mumbai_best:BEST_4278","field":"public_transport","kind":"transit_route","name":"RAILWAY POLICE COLONY to GHATKOPAR DEPOT (DOWN)","ref":"923","status":"operational","opened_on":null,"expected_completion":null,"agency":"BEST","source":"gtfs_mumbai_best","confidence":0.7,"mode":"bus","tier":"secondary","geometry_source":"stop_sequence"},"geometry":{"type":"LineString","coordinates":[[72.9153,19.0791],[72.9199,19.0856]]}},{"type":"Feature","properties":{"id":"transit_route:gtfs_mumbai_best:BEST_3983","field":"public_transport","kind":"transit_route","name":"MANKHURD STATION (SOUTH) EXTN to DEONAR DEPOT (DOWN)","ref":"924 LTD","status":"operational","opened_on":null,"expected_completion":null,"agency":"BEST","source":"gtfs_mumbai_best","confidence":0.7,"mode":"bus","tier":"secondary","geometry_source":"stop_sequence"},"geometry":{"type":"LineString","coordinates":[[72.93,19.047],[72.9108,19.0456]]}},{"type":"Feature","properties":{"id":"transit_route:gtfs_mumbai_best:BEST_3984","field":"public_transport","kind":"transit_route","name":"DEONAR DEPOT to MANKHURD STATION (SOUTH) EXTN (UP)","ref":"924 LTD","status":"operational","opened_on":null,"expected_completion":null,"agency":"BEST","source":"gtfs_mumbai_best","confidence":0.7,"mode":"bus","tier":"secondary","geometry_source":"stop_sequence"},"geometry":{"type":"LineString","coordinates":[[72.9121,19.0457],[72.93,19.047]]}},{"type":"Feature","properties":{"id":"transit_route:gtfs_mumbai_best:BEST_4247","field":"public_transport","kind":"transit_route","name":"WADALA FLYOVER BRIDGE to WADALA STATION (W) (DOWN)","ref":"924 RING","status":"operational","opened_on":null,"expected_completion":null,"agency":"BEST","source":"gtfs_mumbai_best","confidence":0.7,"mode":"bus","tier":"secondary","geometry_source":"stop_sequence"},"geometry":{"type":"LineString","coordinates":[[72.8604,19.0186],[72.8593,19.021],[72.8582,19.0163]]}},{"type":"Feature","properties":{"id":"transit_route:gtfs_mumbai_best:BEST_3987","field":"public_transport","kind":"transit_route","name":"SANKALP SOCIETY to PATHANWADI (DOWN)","ref":"924 C","status":"operational","opened_on":null,"expected_completion":null,"agency":"BEST","source":"gtfs_mumbai_best","confidence":0.7,"mode":"bus","tier":"secondary","geometry_source":"stop_sequence"},"geometry":{"type":"LineString","coordinates":[[72.879,19.1764],[72.8799,19.1752],[72.8764,19.1761],[72.861,19.1745],[72.8583,19.1783]]}},{"type":"Feature","properties":{"id":"transit_route:gtfs_mumbai_best:BEST_4154","field":"public_transport","kind":"transit_route","name":"PATHANWADI to SANKALP SOCIETY (UP)","ref":"924 C","status":"operational","opened_on":null,"expected_completion":null,"agency":"BEST","source":"gtfs_mumbai_best","confidence":0.7,"mode":"bus","tier":"secondary","geometry_source":"stop_sequence"},"geometry":{"type":"LineString","coordinates":[[72.8586,19.1809],[72.8607,19.1746],[72.879,19.1764]]}},{"type":"Feature","properties":{"id":"transit_route:gtfs_mumbai_best:BEST_4058","field":"public_transport","kind":"transit_route","name":"C.A.INSTITUTE (BKC) to KURLA STATION (W) (DOWN)","ref":"924 AS","status":"operational","opened_on":null,"expected_completion":null,"agency":"BEST","source":"gtfs_mumbai_best","confidence":0.7,"mode":"bus","tier":"secondary","geometry_source":"stop_sequence"},"geometry":{"type":"LineString","coordinates":[[72.8687,19.0616],[72.8684,19.0666],[72.8788,19.0754],[72.8791,19.0674]]}},{"type":"Feature","properties":{"id":"transit_route:gtfs_mumbai_best:BEST_4059","field":"public_transport","kind":"transit_route","name":"KURLA STATION (W) to C.A.INSTITUTE (BKC) (UP)","ref":"924 AS","status":"operational","opened_on":null,"expected_completion":null,"agency":"BEST","source":"gtfs_mumbai_best","confidence":0.7,"mode":"bus","tier":"secondary","geometry_source":"stop_sequence"},"geometry":{"type":"LineString","coordinates":[[72.8791,19.0674],[72.8787,19.075],[72.8683,19.0663],[72.8687,19.0616]]}},{"type":"Feature","properties":{"id":"transit_route:gtfs_mumbai_best:BEST_4273","field":"public_transport","kind":"transit_route","name":"DHARAVI DEPOT to RANI LAXMIBAI CHOWK (SION) (DOWN)","ref":"924 null","status":"operational","opened_on":null,"expected_completion":null,"agency":"BEST","source":"gtfs_mumbai_best","confidence":0.7,"mode":"bus","tier":"secondary","geometry_source":"stop_sequence"},"geometry":{"type":"LineString","coordinates":[[72.8588,19.0515],[72.8554,19.0484],[72.8502,19.0463],[72.8488,19.0432],[72.8575,19.0355],[72.8601,19.0361],[72.8635,19.0435]]}},{"type":"Feature","properties":{"id":"transit_route:gtfs_mumbai_best:BEST_4274","field":"public_transport","kind":"transit_route","name":"RANI LAXMIBAI CHOWK (SION) to DHARAVI DEPOT (UP)","ref":"924 null","status":"operational","opened_on":null,"expected_completion":null,"agency":"BEST","source":"gtfs_mumbai_best","confidence":0.7,"mode":"bus","tier":"secondary","geometry_source":"stop_sequence"},"geometry":{"type":"LineString","coordinates":[[72.8635,19.0435],[72.8631,19.0449],[72.8643,19.0432],[72.863,19.0411],[72.8532,19.0383],[72.8512,19.0401],[72.8511,19.0465],[72.8499,19.0463],[72.8554,19.0485],[72.8584,19.0515]]}},{"type":"Feature","properties":{"id":"transit_route:gtfs_mumbai_best:BEST_4060","field":"public_transport","kind":"transit_route","name":"MUMBAI CENTRAL DEPOT to GRANT ROAD STATION (E) (DOWN)","ref":"926 LTD","status":"operational","opened_on":null,"expected_completion":null,"agency":"BEST","source":"gtfs_mumbai_best","confidence":0.7,"mode":"bus","tier":"secondary","geometry_source":"stop_sequence"},"geometry":{"type":"LineString","coordinates":[[72.8236,18.9683],[72.8203,18.968],[72.8166,18.9632]]}},{"type":"Feature","properties":{"id":"transit_route:gtfs_mumbai_best:BEST_4061","field":"public_transport","kind":"transit_route","name":"BAWLA MASJID to DAWN MILL (UP)","ref":"926 LTD","status":"operational","opened_on":null,"expected_completion":null,"agency":"BEST","source":"gtfs_mumbai_best","confidence":0.7,"mode":"bus","tier":"secondary","geometry_source":"stop_sequence"},"geometry":{"type":"LineString","coordinates":[[72.8313,18.9945],[72.8281,18.9981]]}},{"type":"Feature","properties":{"id":"transit_route:gtfs_mumbai_best:BEST_4158","field":"public_transport","kind":"transit_route","name":"BANDRA STATION (E) to INDIAN OIL OFFICE (BKC) (UP)","ref":"926 LTD","status":"operational","opened_on":null,"expected_completion":null,"agency":"BEST","source":"gtfs_mumbai_best","confidence":0.7,"mode":"bus","tier":"secondary","geometry_source":"stop_sequence"},"geometry":{"type":"LineString","coordinates":[[72.8422,19.0547],[72.8455,19.0556],[72.8472,19.0533],[72.8487,19.0537],[72.8545,19.0592],[72.8591,19.0617],[72.8612,19.062],[72.8643,19.0601]]}},{"type":"Feature","properties":{"id":"transit_route:gtfs_mumbai_best:BEST_4159","field":"public_transport","kind":"transit_route","name":"INDIAN OIL OFFICE (BKC) to KURLA STATION (W) (DOWN)","ref":"926 RING","status":"operational","opened_on":null,"expected_completion":null,"agency":"BEST","source":"gtfs_mumbai_best","confidence":0.7,"mode":"bus","tier":"secondary","geometry_source":"stop_sequence"},"geometry":{"type":"LineString","coordinates":[[72.8645,19.0602],[72.8664,19.0594],[72.8703,19.068],[72.8754,19.0712],[72.8766,19.0754],[72.8815,19.0737],[72.8803,19.0735],[72.8791,19.0674]]}},{"type":"Feature","properties":{"id":"transit_route:gtfs_mumbai_best:BEST_4161","field":"public_transport","kind":"transit_route","name":"BANDRA (E) BUS STATION to BANDRA STATION (E) (DOWN)","ref":"926 RING","status":"operational","opened_on":null,"expected_completion":null,"agency":"BEST","source":"gtfs_mumbai_best","confidence":0.7,"mode":"bus","tier":"secondary","geometry_source":"stop_sequence"},"geometry":{"type":"LineString","coordinates":[[72.8453,19.0556],[72.8419,19.0548]]}},{"type":"Feature","properties":{"id":"transit_route:gtfs_mumbai_best:BEST_4162","field":"public_transport","kind":"transit_route","name":"BANDRA STATION (E) to BANDRA (E) BUS STATION (UP)","ref":"926 RING","status":"operational","opened_on":null,"expected_completion":null,"agency":"BEST","source":"gtfs_mumbai_best","confidence":0.7,"mode":"bus","tier":"secondary","geometry_source":"stop_sequence"},"geometry":{"type":"LineString","coordinates":[[72.8422,19.0547],[72.8455,19.0556]]}},{"type":"Feature","properties":{"id":"transit_route:gtfs_mumbai_best:BEST_4245","field":"public_transport","kind":"transit_route","name":"GOKULDHAM to DINDOSHI DEPOT (DOWN)","ref":"927","status":"operational","opened_on":null,"expected_completion":null,"agency":"BEST","source":"gtfs_mumbai_best","confidence":0.7,"mode":"bus","tier":"secondary","geometry_source":"stop_sequence"},"geometry":{"type":"LineString","coordinates":[[72.8676,19.1744],[72.8651,19.1754]]}},{"type":"Feature","properties":{"id":"transit_route:gtfs_mumbai_best:BEST_4246","field":"public_transport","kind":"transit_route","name":"DINDOSHI DEPOT to GOKULDHAM (UP)","ref":"927","status":"operational","opened_on":null,"expected_completion":null,"agency":"BEST","source":"gtfs_mumbai_best","confidence":0.7,"mode":"bus","tier":"secondary","geometry_source":"stop_sequence"},"geometry":{"type":"LineString","coordinates":[[72.8649,19.1755],[72.8676,19.1744]]}},{"type":"Feature","properties":{"id":"transit_route:gtfs_mumbai_best:BEST_4651","field":"public_transport","kind":"transit_route","name":"BANDRA POLICE STATION to BANDRA TALKIES; SHROFF EYE HOSPITAL (DOWN)","ref":"928 AS","status":"operational","opened_on":null,"expected_completion":null,"agency":"BEST","source":"gtfs_mumbai_best","confidence":0.7,"mode":"bus","tier":"secondary","geometry_source":"stop_sequence"},"geometry":{"type":"LineString","coordinates":[[72.835,19.0561],[72.837,19.0561],[72.8372,19.0611]]}},{"type":"Feature","properties":{"id":"transit_route:gtfs_mumbai_best:BEST_4652","field":"public_transport","kind":"transit_route","name":"BANDRA TALKIES; SHROFF EYE HOSPITAL to BANDRA POLICE STATION (UP)","ref":"928 AS","status":"operational","opened_on":null,"expected_completion":null,"agency":"BEST","source":"gtfs_mumbai_best","confidence":0.7,"mode":"bus","tier":"secondary","geometry_source":"stop_sequence"},"geometry":{"type":"LineString","coordinates":[[72.8372,19.0603],[72.8377,19.0549],[72.8357,19.0556]]}},{"type":"Feature","properties":{"id":"transit_route:gtfs_mumbai_best:BEST_4653","field":"public_transport","kind":"transit_route","name":"DINDOSHI DEPOT to DINDOSHI DEPOT (DOWN)","ref":"931 RING","status":"operational","opened_on":null,"expected_completion":null,"agency":"BEST","source":"gtfs_mumbai_best","confidence":0.7,"mode":"bus","tier":"secondary","geometry_source":"stop_sequence"},"geometry":{"type":"LineString","coordinates":[[72.8657,19.1761],[72.8651,19.1754]]}},{"type":"Feature","properties":{"id":"transit_route:gtfs_mumbai_best:BEST_4654","field":"public_transport","kind":"transit_route","name":"DINDOSHI DEPOT to DINDOSHI DEPOT (UP)","ref":"931 RING","status":"operational","opened_on":null,"expected_completion":null,"agency":"BEST","source":"gtfs_mumbai_best","confidence":0.7,"mode":"bus","tier":"secondary","geometry_source":"stop_sequence"},"geometry":{"type":"LineString","coordinates":[[72.8649,19.1755],[72.8657,19.1759]]}},{"type":"Feature","properties":{"id":"transit_route:gtfs_mumbai_best:VVMT_1","field":"public_transport","kind":"transit_route","name":"Sativali Gaavdevi Mandir to Sativali Gaavdevi Mandir","ref":"101","status":"operational","opened_on":null,"expected_completion":null,"agency":"BEST","source":"gtfs_mumbai_best","confidence":0.7,"mode":"bus","tier":"secondary","geometry_source":"stop_sequence"},"geometry":{"type":"LineString","coordinates":[[72.8726,19.4059],[72.8675,19.4071],[72.8597,19.4058],[72.8555,19.4054],[72.8494,19.4052],[72.8463,19.4029],[72.8431,19.4003],[72.8357,19.3977],[72.8306,19.3934],[72.8297,19.391],[72.8303,19.3883],[72.8309,19.3857],[72.8295,19.3911],[72.8307,19.3941],[72.8356,19.3978],[72.843,19.4006],[72.8461,19.4031],[72.8504,19.4058],[72.8694,19.4074],[72.8774,19.4048]]}},{"type":"Feature","properties":{"id":"transit_route:gtfs_mumbai_best:VVMT_2","field":"public_transport","kind":"transit_route","name":"Range Office to Vasai Phata","ref":"102","status":"operational","opened_on":null,"expected_completion":null,"agency":"BEST","source":"gtfs_mumbai_best","confidence":0.7,"mode":"bus","tier":"secondary","geometry_source":"stop_sequence"},"geometry":{"type":"LineString","coordinates":[[72.8721,19.431],[72.8668,19.4266],[72.8656,19.4238],[72.8641,19.4208],[72.8617,19.4174],[72.8579,19.4141],[72.8566,19.4124],[72.8549,19.4106],[72.851,19.4077],[72.8516,19.408],[72.8549,19.4102],[72.8616,19.4171],[72.8644,19.421],[72.8659,19.4238],[72.8673,19.4266],[72.8716,19.43],[72.8504,19.4058],[72.8461,19.4031],[72.843,19.4006],[72.8356,19.3978],[72.8307,19.3941],[72.8295,19.3911],[72.8309,19.3857],[72.8297,19.391],[72.8306,19.3934],[72.8357,19.3977],[72.8431,19.4003],[72.8463,19.4029],[72.8494,19.4052]]}},{"type":"Feature","properties":{"id":"transit_route:gtfs_mumbai_best:VVMT_10","field":"public_transport","kind":"transit_route","name":"Vasai Station (W) to Vasai S. T.","ref":"120","status":"operational","opened_on":null,"expected_completion":null,"agency":"BEST","source":"gtfs_mumbai_best","confidence":0.7,"mode":"bus","tier":"secondary","geometry_source":"stop_sequence"},"geometry":{"type":"LineString","coordinates":[[72.83,19.3821],[72.8257,19.3755],[72.8236,19.3737],[72.8155,19.3664],[72.8127,19.3659],[72.8095,19.3652],[72.8053,19.3644],[72.8035,19.363],[72.8,19.362],[72.7977,19.3627],[72.7976,19.3627],[72.8001,19.362],[72.8019,19.3623],[72.8036,19.363],[72.8054,19.3644],[72.8092,19.3653],[72.8125,19.3658],[72.8157,19.3668],[72.8231,19.3736],[72.8272,19.3781],[72.8302,19.3822],[72.7963,19.3618],[72.7963,19.3617],[72.8283,19.3794],[72.8273,19.3779],[72.8217,19.3719],[72.8155,19.3663],[72.7946,19.3607],[72.7896,19.3574],[72.7871,19.3601],[72.7852,19.3612],[72.7811,19.3671],[72.7826,19.365],[72.7853,19.3612],[72.7896,19.3575],[72.7947,19.3607],[72.8157,19.3668],[72.8217,19.3721],[72.8257,19.3757],[72.8283,19.3796]]}},{"type":"Feature","properties":{"id":"transit_route:gtfs_mumbai_best:VVMT_12","field":"public_transport","kind":"transit_route","name":"Range Office to Vasai Court Tehsil","ref":"130","status":"operational","opened_on":null,"expected_completion":null,"agency":"BEST","source":"gtfs_mumbai_best","confidence":0.7,"mode":"bus","tier":"secondary","geometry_source":"stop_sequence"},"geometry":{"type":"LineString","coordinates":[[72.8494,19.4052],[72.8463,19.4029],[72.8431,19.4003],[72.8406,19.3995],[72.8357,19.3977],[72.8306,19.3934],[72.8307,19.3941],[72.8356,19.3978],[72.843,19.4006],[72.8461,19.4031],[72.8504,19.4058],[72.8716,19.43],[72.8673,19.4266],[72.8659,19.4238],[72.8644,19.421],[72.8616,19.4171],[72.8583,19.4139],[72.8568,19.4129],[72.8549,19.4102],[72.8516,19.408],[72.851,19.4077],[72.8549,19.4106],[72.8566,19.4124],[72.8579,19.4141],[72.8617,19.4174],[72.8641,19.4208],[72.8656,19.4238],[72.8668,19.4266],[72.8721,19.431],[72.8783,19.4402],[72.8786,19.44],[72.8285,19.3796],[72.8259,19.3759],[72.8236,19.3737],[72.8217,19.372],[72.8196,19.3702],[72.8179,19.3687],[72.8155,19.3664],[72.8157,19.3668],[72.818,19.369],[72.8199,19.3706],[72.8217,19.3722],[72.8231,19.3736],[72.8256,19.3756],[72.8283,19.3797],[72.8292,19.3809],[72.8302,19.3822],[72.834,19.4021],[72.8937,19.4745],[72.8918,19.471],[72.8877,19.468],[72.8884,19.4682],[72.8915,19.4712],[72.8933,19.4747],[72.8084,19.3466],[72.8115,19.348],[72.8123,19.3513],[72.8127,19.3541],[72.812,19.3575],[72.8144,19.3642],[72.8121,19.3575],[72.8129,19.354],[72.8124,19.3513],[72.8117,19.3479],[72.8084,19.3464],[72.8064,19.345],[72.8043,19.3436],[72.8072,19.3381],[72.8072,19.338],[72.8079,19.3355],[72.8043,19.3434],[72.8272,19.3844],[72.8268,19.3853],[72.8265,19.3886],[72.8267,19.3886],[72.8269,19.3868],[72.8274,19.3845],[72.8293,19.3809],[72.9014,19.4761],[72.9111,19.4755],[72.9156,19.4738],[72.9111,19.4754],[72.9014,19.476],[72.8053,19.3418],[72.8061,19.3451],[72.8267,19.3868],[72.863,19.4186],[72.8804,19.4437],[72.8823,19.4467],[72.8831,19.4486],[72.8841,19.4544],[72.887,19.4621],[72.8843,19.454],[72.8834,19.4489],[72.8829,19.4467],[72.8817,19.4448],[72.8808,19.4436],[72.8632,19.4181],[72.8271,19.3853],[72.8302,19.3822],[72.8274,19.378],[72.8054,19.3418],[72.8063,19.3398],[72.8079,19.3355]]}},{"type":"Feature","properties":{"id":"transit_route:gtfs_mumbai_best:VVMT_13","field":"public_transport","kind":"transit_route","name":"Polhar Highway Rasta/Vasai Phata to Nalasopara Phata","ref":"202","status":"operational","opened_on":null,"expected_completion":null,"agency":"BEST","source":"gtfs_mumbai_best","confidence":0.7,"mode":"bus","tier":"secondary","geometry_source":"stop_sequence"},"geometry":{"type":"LineString","coordinates":[[72.8786,19.44],[72.8755,19.4403],[72.855,19.4341],[72.8373,19.4257],[72.833,19.4245],[72.8273,19.4252],[72.8249,19.4228],[72.8236,19.4223],[72.8226,19.4219],[72.8197,19.4209],[72.8187,19.4237],[72.8212,19.4242],[72.8239,19.4222],[72.825,19.4227],[72.8273,19.425],[72.8333,19.4244],[72.8379,19.4258],[72.8414,19.4274],[72.8449,19.4283],[72.8551,19.434],[72.8697,19.4376],[72.8725,19.4394],[72.8759,19.4402],[72.8783,19.4402],[72.8721,19.431],[72.8716,19.43]]}},{"type":"Feature","properties":{"id":"transit_route:gtfs_mumbai_best:VVMT_14","field":"public_transport","kind":"transit_route","name":"Swaminarayan Mandir to Nalasopara Depot","ref":"205","status":"operational","opened_on":null,"expected_completion":null,"agency":"BEST","source":"gtfs_mumbai_best","confidence":0.7,"mode":"bus","tier":"secondary","geometry_source":"stop_sequence"},"geometry":{"type":"LineString","coordinates":[[72.8187,19.4237],[72.8185,19.4548],[72.8142,19.4563],[72.8125,19.4557],[72.8174,19.449],[72.8187,19.4473],[72.8217,19.4443],[72.8231,19.44],[72.823,19.4372],[72.8226,19.435],[72.8228,19.434],[72.8228,19.4359],[72.8234,19.4331],[72.8228,19.4298],[72.8226,19.4293],[72.8222,19.4283],[72.8217,19.4269],[72.8202,19.4258],[72.8187,19.4255],[72.819,19.4217],[72.8185,19.4249],[72.819,19.4256],[72.8207,19.4259],[72.8215,19.4266],[72.8223,19.4283],[72.8229,19.4305],[72.8231,19.4313],[72.8234,19.432],[72.8235,19.4326],[72.8232,19.4335],[72.8225,19.435],[72.8229,19.4365],[72.8232,19.4386],[72.8231,19.4409],[72.823,19.4417],[72.8226,19.4432],[72.8218,19.4443],[72.8196,19.4465],[72.8188,19.4474],[72.8184,19.448],[72.8174,19.4488],[72.8167,19.4495],[72.8193,19.4207],[72.8126,19.4553],[72.813,19.4511],[72.8226,19.4342],[72.8233,19.4322]]}},{"type":"Feature","properties":{"id":"transit_route:gtfs_mumbai_best:VVMT_17","field":"public_transport","kind":"transit_route","name":"Nalasopara Bus Depot to Riddhi Vinayak Multispeciality Hospital","ref":"250","status":"operational","opened_on":null,"expected_completion":null,"agency":"BEST","source":"gtfs_mumbai_best","confidence":0.7,"mode":"bus","tier":"secondary","geometry_source":"stop_sequence"},"geometry":{"type":"LineString","coordinates":[[72.8122,19.4357],[72.8122,19.4346],[72.8103,19.4319],[72.8114,19.4309],[72.8108,19.4283],[72.8114,19.4218],[72.8115,19.431],[72.8105,19.4322],[72.8122,19.4357],[72.8168,19.4179],[72.8157,19.4202],[72.8118,19.4199],[72.8155,19.42],[72.8168,19.4178]]}},{"type":"Feature","properties":{"id":"transit_route:gtfs_mumbai_best:VVMT_23","field":"public_transport","kind":"transit_route","name":"Fulpada Dam to Fulpada Dam","ref":"302","status":"operational","opened_on":null,"expected_completion":null,"agency":"BEST","source":"gtfs_mumbai_best","confidence":0.7,"mode":"bus","tier":"secondary","geometry_source":"stop_sequence"},"geometry":{"type":"LineString","coordinates":[[72.8304,19.4558],[72.8277,19.4552],[72.827,19.4549],[72.8256,19.4547],[72.8249,19.4546],[72.8185,19.4548],[72.8142,19.4563],[72.8125,19.4557],[72.8142,19.4563],[72.8249,19.4547],[72.8258,19.4547],[72.8269,19.4549],[72.8296,19.4554]]}},{"type":"Feature","properties":{"id":"transit_route:gtfs_mumbai_best:VVMT_24","field":"public_transport","kind":"transit_route","name":"Shirsad Phata to Mandvi Forest Check Post","ref":"310","status":"operational","opened_on":null,"expected_completion":null,"agency":"BEST","source":"gtfs_mumbai_best","confidence":0.7,"mode":"bus","tier":"secondary","geometry_source":"stop_sequence"},"geometry":{"type":"LineString","coordinates":[[72.8937,19.4745],[72.8877,19.468],[72.8809,19.47],[72.8752,19.4686],[72.8694,19.4681],[72.8585,19.469],[72.853,19.4703],[72.842,19.4695],[72.8378,19.4701],[72.8292,19.4741],[72.8258,19.4737],[72.8203,19.4718],[72.8168,19.4685],[72.8158,19.4668],[72.8147,19.4649],[72.8148,19.4639],[72.8146,19.4628],[72.8137,19.4598],[72.8148,19.4576],[72.8124,19.4558],[72.812,19.4584],[72.8137,19.46],[72.8143,19.4612],[72.8145,19.4629],[72.8147,19.4642],[72.8167,19.4686],[72.8202,19.472],[72.8259,19.4739],[72.8292,19.4742],[72.8418,19.4697],[72.8534,19.4705],[72.8586,19.4692],[72.8702,19.4681],[72.8751,19.4688],[72.8789,19.4707],[72.8813,19.4701],[72.8841,19.4693],[72.8884,19.4682],[72.9154,19.4738],[72.9111,19.4754],[72.9014,19.476]]}},{"type":"Feature","properties":{"id":"transit_route:gtfs_mumbai_best:VVMT_26","field":"public_transport","kind":"transit_route","name":"R.J. Nagar to Virar (E)","ref":"305","status":"operational","opened_on":null,"expected_completion":null,"agency":"BEST","source":"gtfs_mumbai_best","confidence":0.7,"mode":"bus","tier":"secondary","geometry_source":"stop_sequence"},"geometry":{"type":"LineString","coordinates":[[72.8125,19.4557],[72.8187,19.4539],[72.82,19.4531],[72.8212,19.4534],[72.8217,19.4527],[72.8221,19.4517],[72.8218,19.4527],[72.8209,19.4536],[72.8199,19.4532],[72.8186,19.4547],[72.8167,19.4557],[72.8142,19.4563],[72.8125,19.4557],[72.8142,19.4563],[72.8165,19.4557],[72.8185,19.4548]]}},{"type":"Feature","properties":{"id":"transit_route:gtfs_mumbai_best:VVMT_27","field":"public_transport","kind":"transit_route","name":"Aachola Gaon to Ambdai Road Junction","ref":"306","status":"operational","opened_on":null,"expected_completion":null,"agency":"BEST","source":"gtfs_mumbai_best","confidence":0.7,"mode":"bus","tier":"secondary","geometry_source":"stop_sequence"},"geometry":{"type":"LineString","coordinates":[[72.8357,19.3977],[72.8307,19.3941],[72.8356,19.3978],[72.8212,19.4242],[72.8187,19.4237],[72.83,19.3821],[72.8285,19.3796],[72.8257,19.3755],[72.8259,19.3759],[72.8236,19.3737],[72.8217,19.372],[72.8196,19.3702],[72.8179,19.3687],[72.8163,19.3673],[72.8155,19.3664],[72.8157,19.3668],[72.818,19.369],[72.8199,19.3706],[72.8217,19.3722],[72.8231,19.3736],[72.8256,19.3756],[72.8283,19.3797],[72.8292,19.3809],[72.8302,19.3822],[72.8185,19.4548],[72.8165,19.4557],[72.8153,19.456],[72.8142,19.4563],[72.8125,19.4557],[72.8167,19.4557],[72.8184,19.4549],[72.8169,19.4494],[72.8174,19.449],[72.8181,19.4483],[72.8187,19.4475],[72.8187,19.4473],[72.8198,19.4462],[72.8206,19.4454],[72.8217,19.4443],[72.8231,19.4426],[72.8233,19.438],[72.8226,19.435],[72.8228,19.434],[72.8228,19.4359],[72.8234,19.4331],[72.8233,19.4317],[72.8228,19.4298],[72.8226,19.4293],[72.8222,19.4283],[72.8217,19.4269],[72.8202,19.4258],[72.8187,19.4255],[72.819,19.4217],[72.8185,19.4249],[72.819,19.4256],[72.8215,19.4266],[72.8223,19.4283],[72.8229,19.4305],[72.8231,19.4313],[72.8234,19.432],[72.8235,19.4326],[72.8232,19.4335],[72.8225,19.435],[72.8231,19.4409],[72.8226,19.4432],[72.8218,19.4443],[72.8208,19.4452],[72.8196,19.4465],[72.8184,19.448],[72.8174,19.4488],[72.8167,19.4495],[72.8193,19.4207],[72.834,19.4021],[72.831,19.4035],[72.828,19.4056],[72.8274,19.4073],[72.8261,19.4094],[72.827,19.4115],[72.8264,19.4123],[72.8259,19.4134],[72.8241,19.4152],[72.823,19.4165],[72.8217,19.4181],[72.8205,19.4195],[72.8197,19.4203],[72.8183,19.4253],[72.8198,19.4205],[72.8206,19.4196],[72.8219,19.418],[72.8231,19.4166],[72.8245,19.415],[72.826,19.4135],[72.8277,19.4111],[72.8277,19.411],[72.8262,19.4096],[72.8274,19.4079],[72.8282,19.4057],[72.8308,19.4038],[72.8343,19.4024],[72.8063,19.345],[72.8084,19.3466],[72.8115,19.348],[72.8127,19.3541],[72.812,19.3575],[72.8147,19.3643],[72.8121,19.3575],[72.8129,19.354],[72.8117,19.3479],[72.8064,19.345],[72.8079,19.3411],[72.8079,19.3355],[72.8043,19.3434],[72.8272,19.3844],[72.8268,19.3853],[72.8265,19.3886],[72.8154,19.4561],[72.8306,19.3934],[72.8267,19.3886],[72.8269,19.3868],[72.8271,19.3853],[72.8274,19.3845],[72.8293,19.3809]]}},{"type":"Feature","properties":{"id":"transit_route:gtfs_mumbai_best:VVMT_28","field":"public_transport","kind":"transit_route","name":"Shirsad Phata to Mandvi Forest Check Post","ref":"308","status":"operational","opened_on":null,"expected_completion":null,"agency":"BEST","source":"gtfs_mumbai_best","confidence":0.7,"mode":"bus","tier":"secondary","geometry_source":"stop_sequence"},"geometry":{"type":"LineString","coordinates":[[72.8937,19.4745],[72.8918,19.471],[72.8877,19.468],[72.8809,19.47],[72.8752,19.4686],[72.8694,19.4681],[72.8585,19.469],[72.853,19.4703],[72.842,19.4695],[72.8378,19.4701],[72.8292,19.4741],[72.8258,19.4737],[72.8203,19.4718],[72.8168,19.4685],[72.8158,19.4668],[72.8147,19.4649],[72.8148,19.4639],[72.8146,19.4628],[72.8137,19.4598],[72.8148,19.4576],[72.8124,19.4558],[72.812,19.4584],[72.8137,19.46],[72.8143,19.4612],[72.8145,19.4629],[72.8147,19.4642],[72.8167,19.4686],[72.8176,19.4697],[72.8202,19.472],[72.8227,19.4731],[72.8286,19.4743],[72.8418,19.4697],[72.8534,19.4705],[72.8586,19.4692],[72.8702,19.4681],[72.8751,19.4688],[72.8789,19.4707],[72.8813,19.4701],[72.8841,19.4693],[72.8884,19.4682],[72.8915,19.4712],[72.8933,19.4747],[72.9014,19.4761],[72.9111,19.4755],[72.9156,19.4738],[72.9172,19.4732],[72.9244,19.4701],[72.9287,19.4685],[72.9415,19.4617],[72.9451,19.4602],[72.9545,19.4602],[72.9603,19.4619],[72.9665,19.4713],[72.977,19.4824],[72.9907,19.4829],[72.9993,19.4855],[73.0045,19.4885],[73.0136,19.489],[73.0199,19.4883],[73.0265,19.4872],[73.0402,19.4837],[73.0494,19.4796],[73.0612,19.4755],[73.0639,19.4744],[73.0782,19.4706],[73.0821,19.4682],[73.0826,19.4671],[73.0807,19.4691],[73.0675,19.4729],[73.063,19.4748],[73.0517,19.4778],[73.0426,19.4833],[73.0225,19.4882],[73.016,19.4885],[72.9838,19.4823],[73.0002,19.486],[72.9861,19.4825],[72.9876,19.4826],[72.9771,19.4824],[72.9619,19.4632],[72.9551,19.4604],[72.9464,19.4598],[72.9418,19.4617],[72.9297,19.4683],[72.9188,19.4727],[72.9154,19.4738],[72.9111,19.4754],[72.9014,19.476]]}},{"type":"Feature","properties":{"id":"transit_route:gtfs_mumbai_best:VVMT_39","field":"public_transport","kind":"transit_route","name":"Range Office to Industrial","ref":"105","status":"operational","opened_on":null,"expected_completion":null,"agency":"BEST","source":"gtfs_mumbai_best","confidence":0.7,"mode":"bus","tier":"secondary","geometry_source":"stop_sequence"},"geometry":{"type":"LineString","coordinates":[[72.8494,19.4052],[72.8463,19.4029],[72.8431,19.4003],[72.8357,19.3977],[72.8306,19.3934],[72.8297,19.391],[72.8303,19.3883],[72.8309,19.3857],[72.8295,19.3911],[72.8307,19.3941],[72.8356,19.3978],[72.843,19.4006],[72.8461,19.4031],[72.8504,19.4058],[72.8516,19.408],[72.8411,19.4275],[72.851,19.4119],[72.851,19.4095],[72.8511,19.4117]]}},{"type":"Feature","properties":{"id":"transit_route:gtfs_mumbai_best:VVMT_4","field":"public_transport","kind":"transit_route","name":"Vasai Station (W) to Killa Bunder","ref":"112","status":"operational","opened_on":null,"expected_completion":null,"agency":"BEST","source":"gtfs_mumbai_best","confidence":0.7,"mode":"bus","tier":"secondary","geometry_source":"stop_sequence"},"geometry":{"type":"LineString","coordinates":[[72.83,19.3821],[72.8285,19.3796],[72.8257,19.3755],[72.8155,19.3664],[72.8256,19.3756],[72.8283,19.3797],[72.8292,19.3809],[72.8302,19.3822],[72.8145,19.3285],[72.8151,19.3307],[72.81,19.3324],[72.8081,19.3355],[72.8085,19.3393],[72.8075,19.3424],[72.8063,19.345],[72.8084,19.3466],[72.8115,19.348],[72.8127,19.3541],[72.812,19.3575],[72.8147,19.3643],[72.8121,19.3575],[72.8129,19.354],[72.8117,19.3479],[72.8064,19.345],[72.8075,19.3425],[72.8079,19.3411],[72.8082,19.3354],[72.8092,19.3337],[72.8139,19.3314],[72.8146,19.3285]]}},{"type":"Feature","properties":{"id":"transit_route:gtfs_mumbai_best:VVMT_5","field":"public_transport","kind":"transit_route","name":"Vasai Station (W) to Machhi Market","ref":"113","status":"operational","opened_on":null,"expected_completion":null,"agency":"BEST","source":"gtfs_mumbai_best","confidence":0.7,"mode":"bus","tier":"secondary","geometry_source":"stop_sequence"},"geometry":{"type":"LineString","coordinates":[[72.83,19.3821],[72.8285,19.3796],[72.8257,19.3755],[72.8157,19.3668],[72.8256,19.3756],[72.8283,19.3797],[72.8292,19.3809],[72.8302,19.3822],[72.8081,19.3355],[72.8085,19.3393],[72.8075,19.3424],[72.8063,19.345],[72.8084,19.3466],[72.8115,19.348],[72.8127,19.3541],[72.812,19.3575],[72.8144,19.3642],[72.8121,19.3575],[72.8129,19.354],[72.8117,19.3479],[72.8064,19.345],[72.8075,19.3425],[72.8079,19.3411],[72.8082,19.3354],[72.8047,19.3296],[72.8032,19.3357],[72.8072,19.3381],[72.8041,19.337],[72.8047,19.3296]]}},{"type":"Feature","properties":{"id":"transit_route:gtfs_mumbai_best:VVMT_6","field":"public_transport","kind":"transit_route","name":"Vasai Station (W) to Shani Mandir","ref":"114","status":"operational","opened_on":null,"expected_completion":null,"agency":"BEST","source":"gtfs_mumbai_best","confidence":0.7,"mode":"bus","tier":"secondary","geometry_source":"stop_sequence"},"geometry":{"type":"LineString","coordinates":[[72.83,19.3821],[72.8285,19.3796],[72.8257,19.3755],[72.8259,19.3759],[72.8236,19.3737],[72.8217,19.372],[72.8163,19.3673],[72.8155,19.3664],[72.8127,19.3659],[72.8095,19.3652],[72.8053,19.3644],[72.8035,19.363],[72.8,19.362],[72.7976,19.3627],[72.8003,19.3619],[72.8036,19.363],[72.8054,19.3644],[72.8125,19.3658],[72.8157,19.3668],[72.8231,19.3736],[72.8256,19.3756],[72.8283,19.3797],[72.8292,19.3809],[72.8302,19.3822],[72.8023,19.3466],[72.8006,19.348],[72.8005,19.3485],[72.7996,19.3504],[72.7989,19.3523],[72.7991,19.354],[72.7988,19.3578],[72.7989,19.3587],[72.7963,19.3618],[72.7972,19.3623],[72.7963,19.3617],[72.7987,19.359],[72.7989,19.3554],[72.7992,19.3536],[72.799,19.352],[72.8001,19.3493],[72.8009,19.3469],[72.8014,19.3463]]}},{"type":"Feature","properties":{"id":"transit_route:gtfs_mumbai_best:VVMT_7","field":"public_transport","kind":"transit_route","name":"Vasai Station (W) to Hanuman Mandir (Sandor)","ref":"115","status":"operational","opened_on":null,"expected_completion":null,"agency":"BEST","source":"gtfs_mumbai_best","confidence":0.7,"mode":"bus","tier":"secondary","geometry_source":"stop_sequence"},"geometry":{"type":"LineString","coordinates":[[72.83,19.3821],[72.8285,19.3796],[72.8257,19.3755],[72.8157,19.3668],[72.8256,19.3756],[72.8283,19.3797],[72.8292,19.3809],[72.8302,19.3822],[72.8063,19.345],[72.8084,19.3466],[72.8115,19.348],[72.8127,19.3541],[72.812,19.3575],[72.8147,19.3643],[72.8121,19.3575],[72.8129,19.354],[72.8117,19.3479],[72.8064,19.345],[72.7985,19.3455],[72.8007,19.3428],[72.8016,19.3424],[72.8035,19.3432],[72.8043,19.3436],[72.8029,19.3422],[72.8013,19.3425],[72.7996,19.3443],[72.7985,19.3455]]}},{"type":"Feature","properties":{"id":"transit_route:gtfs_mumbai_best:VVMT_8","field":"public_transport","kind":"transit_route","name":"Tehsil Office to Hotel Bagicha","ref":"117","status":"operational","opened_on":null,"expected_completion":null,"agency":"BEST","source":"gtfs_mumbai_best","confidence":0.7,"mode":"bus","tier":"secondary","geometry_source":"stop_sequence"},"geometry":{"type":"LineString","coordinates":[[72.8081,19.3355],[72.8063,19.345],[72.8084,19.3466],[72.8115,19.348],[72.8127,19.3541],[72.8117,19.3479],[72.8084,19.3464],[72.8064,19.345],[72.8082,19.3354],[72.8083,19.34],[72.8167,19.3522],[72.8212,19.3489],[72.8233,19.3458],[72.8259,19.3427],[72.8313,19.3413],[72.8353,19.3427],[72.8377,19.343],[72.844,19.3451],[72.8457,19.3467],[72.8462,19.3502],[72.8457,19.3467],[72.844,19.3451],[72.8377,19.3429],[72.8312,19.3413],[72.8259,19.3428],[72.8232,19.3459],[72.8085,19.3464],[72.8085,19.3398]]}},{"type":"Feature","properties":{"id":"transit_route:gtfs_mumbai_best:VVMT_9","field":"public_transport","kind":"transit_route","name":"Vasai Station (W) to Bhuigoan","ref":"119","status":"operational","opened_on":null,"expected_completion":null,"agency":"BEST","source":"gtfs_mumbai_best","confidence":0.7,"mode":"bus","tier":"secondary","geometry_source":"stop_sequence"},"geometry":{"type":"LineString","coordinates":[[72.83,19.3821],[72.8285,19.3796],[72.8257,19.3755],[72.8155,19.3664],[72.8127,19.3659],[72.8095,19.3652],[72.8053,19.3644],[72.8035,19.363],[72.8,19.362],[72.7977,19.3627],[72.7962,19.3666],[72.7949,19.3681],[72.7897,19.3737],[72.7898,19.3761],[72.7888,19.3784],[72.7862,19.3829],[72.7837,19.3859],[72.7831,19.3877],[72.7821,19.3913],[72.7779,19.3883],[72.7777,19.3883],[72.7821,19.3914],[72.7828,19.3889],[72.784,19.3856],[72.7865,19.3827],[72.7889,19.3781],[72.79,19.3758],[72.7897,19.3736],[72.795,19.3682],[72.7962,19.3666],[72.7976,19.3627],[72.8003,19.3619],[72.8036,19.363],[72.8054,19.3644],[72.8125,19.3658],[72.8157,19.3668],[72.8256,19.3756],[72.8283,19.3797],[72.8292,19.3809],[72.8302,19.3822],[72.7758,19.3861],[72.7758,19.386]]}},{"type":"Feature","properties":{"id":"transit_route:gtfs_mumbai_best:VVMT_11","field":"public_transport","kind":"transit_route","name":"Vasai Station (W) to Samta Nagar","ref":"128","status":"operational","opened_on":null,"expected_completion":null,"agency":"BEST","source":"gtfs_mumbai_best","confidence":0.7,"mode":"bus","tier":"secondary","geometry_source":"stop_sequence"},"geometry":{"type":"LineString","coordinates":[[72.83,19.3821],[72.8274,19.3845],[72.8229,19.3815],[72.8209,19.3831],[72.818,19.3845],[72.8165,19.3846],[72.8156,19.3834],[72.8158,19.3808],[72.8157,19.3822],[72.8156,19.3845],[72.818,19.3846],[72.821,19.3832],[72.8226,19.3815],[72.8239,19.3824],[72.8252,19.3833]]}},{"type":"Feature","properties":{"id":"transit_route:gtfs_mumbai_best:VVMT_18","field":"public_transport","kind":"transit_route","name":"Nalasopara Bus Depot to Nalasopara Bus Depot","ref":"251","status":"operational","opened_on":null,"expected_completion":null,"agency":"BEST","source":"gtfs_mumbai_best","confidence":0.7,"mode":"bus","tier":"secondary","geometry_source":"stop_sequence"},"geometry":{"type":"LineString","coordinates":[[72.8168,19.4178],[72.8155,19.42],[72.8086,19.4197],[72.8063,19.4194],[72.8046,19.4194],[72.8026,19.4189],[72.801,19.4162],[72.8002,19.4163],[72.7993,19.4143],[72.7981,19.4139],[72.7949,19.4148],[72.792,19.4142],[72.7885,19.4129],[72.7845,19.4138],[72.7806,19.4079],[72.7805,19.4058],[72.7793,19.4028],[72.7777,19.402],[72.7671,19.4034],[72.7649,19.4221],[72.7672,19.4035],[72.7777,19.4021],[72.7792,19.4028],[72.7804,19.4079],[72.7845,19.4139],[72.7875,19.4133],[72.7887,19.413],[72.7919,19.4141],[72.795,19.4149],[72.7993,19.4143],[72.7998,19.4154],[72.8009,19.4163],[72.8011,19.4173],[72.8027,19.4189],[72.8032,19.4191],[72.8063,19.4196],[72.8157,19.4202],[72.8168,19.4179]]}},{"type":"Feature","properties":{"id":"transit_route:gtfs_mumbai_best:VVMT_30","field":"public_transport","kind":"transit_route","name":"Arnala to Arnala","ref":"321","status":"operational","opened_on":null,"expected_completion":null,"agency":"BEST","source":"gtfs_mumbai_best","confidence":0.7,"mode":"bus","tier":"secondary","geometry_source":"stop_sequence"},"geometry":{"type":"LineString","coordinates":[[72.7911,19.4453],[72.8049,19.4502],[72.8102,19.4525],[72.7905,19.4455]]}},{"type":"Feature","properties":{"id":"transit_route:gtfs_mumbai_best:VVMT_36","field":"public_transport","kind":"transit_route","name":"Sativali Gaavdevi Mandir to Nirav Industrial Estate","ref":"136","status":"operational","opened_on":null,"expected_completion":null,"agency":"BEST","source":"gtfs_mumbai_best","confidence":0.7,"mode":"bus","tier":"secondary","geometry_source":"stop_sequence"},"geometry":{"type":"LineString","coordinates":[[72.8726,19.4059],[72.8675,19.4071],[72.8597,19.4058],[72.8555,19.4054],[72.8494,19.4052],[72.8463,19.4029],[72.8431,19.4003],[72.8357,19.3977],[72.8306,19.3934],[72.8297,19.391],[72.8303,19.3883],[72.8309,19.3857],[72.8295,19.3911],[72.8307,19.3941],[72.8356,19.3978],[72.843,19.4006],[72.8461,19.4031],[72.8504,19.4058],[72.8694,19.4074],[72.8774,19.4048],[72.8826,19.4033],[72.8781,19.4102],[72.8795,19.4109],[72.8837,19.4116],[72.8846,19.4116],[72.8849,19.4115],[72.8794,19.4108],[72.8775,19.4103],[72.8828,19.4029]]}},{"type":"Feature","properties":{"id":"transit_route:gtfs_mumbai_best:VVMT_37","field":"public_transport","kind":"transit_route","name":"Range Office to Sadguru Kripa","ref":"213","status":"operational","opened_on":null,"expected_completion":null,"agency":"BEST","source":"gtfs_mumbai_best","confidence":0.7,"mode":"bus","tier":"secondary","geometry_source":"stop_sequence"},"geometry":{"type":"LineString","coordinates":[[72.8494,19.4052],[72.8504,19.4058],[72.8414,19.4274],[72.8379,19.4258],[72.8333,19.4244],[72.8273,19.425],[72.8239,19.4222],[72.8212,19.4242],[72.8187,19.4237],[72.8226,19.4219],[72.833,19.4245],[72.8373,19.4257],[72.8411,19.4275],[72.8428,19.4251],[72.845,19.4217],[72.8452,19.4208],[72.8455,19.4197],[72.851,19.4119],[72.8469,19.417],[72.8487,19.4156],[72.8511,19.4097],[72.8507,19.407],[72.851,19.4095],[72.8495,19.4147],[72.8481,19.4161],[72.8511,19.4117],[72.8459,19.4181],[72.8435,19.424]]}},{"type":"Feature","properties":{"id":"transit_route:gtfs_mumbai_best:VVMT_19","field":"public_transport","kind":"transit_route","name":"Nalasopara Bus Depot to Lodha Shop","ref":"252","status":"operational","opened_on":null,"expected_completion":null,"agency":"BEST","source":"gtfs_mumbai_best","confidence":0.7,"mode":"bus","tier":"secondary","geometry_source":"stop_sequence"},"geometry":{"type":"LineString","coordinates":[[72.8168,19.4178],[72.8155,19.42],[72.8132,19.4199],[72.8119,19.4198],[72.8063,19.4194],[72.8026,19.4189],[72.8012,19.4173],[72.801,19.4162],[72.7993,19.4143],[72.7981,19.4139],[72.7949,19.4148],[72.792,19.4142],[72.7885,19.4129],[72.7845,19.4138],[72.7806,19.4079],[72.7805,19.4058],[72.7792,19.4028],[72.7804,19.4079],[72.7845,19.4139],[72.7875,19.4133],[72.7887,19.413],[72.7919,19.4141],[72.795,19.4149],[72.7993,19.4143],[72.8009,19.4163],[72.8011,19.4173],[72.8027,19.4189],[72.8063,19.4196],[72.8118,19.4199],[72.8133,19.4201],[72.8157,19.4202],[72.8168,19.4179],[72.7821,19.3913],[72.7779,19.3883],[72.7777,19.3883],[72.7821,19.3914],[72.7758,19.3861],[72.7758,19.386],[72.804,19.4192],[72.7999,19.4153],[72.7998,19.4153],[72.8045,19.4194],[72.8084,19.4196],[72.7805,19.4003],[72.781,19.3967],[72.7815,19.3942],[72.7815,19.3941],[72.7804,19.4002],[72.8078,19.4197]]}},{"type":"Feature","properties":{"id":"transit_route:gtfs_mumbai_best:VVMT_20","field":"public_transport","kind":"transit_route","name":"Nalasopara Bus Depot to Nala","ref":"253","status":"operational","opened_on":null,"expected_completion":null,"agency":"BEST","source":"gtfs_mumbai_best","confidence":0.7,"mode":"bus","tier":"secondary","geometry_source":"stop_sequence"},"geometry":{"type":"LineString","coordinates":[[72.8168,19.4178],[72.8155,19.42],[72.8086,19.4197],[72.8063,19.4194],[72.8046,19.4194],[72.8026,19.4189],[72.801,19.4162],[72.7998,19.4154],[72.8011,19.4173],[72.8027,19.4189],[72.8032,19.4191],[72.8063,19.4196],[72.8071,19.4196],[72.8118,19.4199],[72.8133,19.4201],[72.8157,19.4202],[72.8168,19.4179],[72.7822,19.4247],[72.782,19.427],[72.7853,19.4261],[72.7871,19.4257],[72.7875,19.4246],[72.7911,19.4209],[72.795,19.4186],[72.791,19.4208],[72.7874,19.4245],[72.7871,19.4256],[72.7869,19.4261],[72.7821,19.427],[72.7823,19.4247]]}},{"type":"Feature","properties":{"id":"transit_route:gtfs_mumbai_best:VVMT_21","field":"public_transport","kind":"transit_route","name":"Nalasopara Bus Depot to Lodha Shopp","ref":"256","status":"operational","opened_on":null,"expected_completion":null,"agency":"BEST","source":"gtfs_mumbai_best","confidence":0.7,"mode":"bus","tier":"secondary","geometry_source":"stop_sequence"},"geometry":{"type":"LineString","coordinates":[[72.8168,19.4178],[72.8155,19.42],[72.8063,19.4194],[72.8026,19.4189],[72.8012,19.4173],[72.7993,19.4143],[72.8011,19.4173],[72.8027,19.4189],[72.8063,19.4196],[72.8157,19.4202],[72.8168,19.4179],[72.8084,19.4196],[72.804,19.4192],[72.7999,19.4153],[72.8,19.4111],[72.7962,19.4039],[72.7928,19.4015],[72.7959,19.4038],[72.7999,19.4111],[72.7998,19.4153],[72.8045,19.4194],[72.8078,19.4196]]}},{"type":"Feature","properties":{"id":"transit_route:gtfs_mumbai_best:VVMT_31","field":"public_transport","kind":"transit_route","name":"Olanda to Navpur","ref":"323","status":"operational","opened_on":null,"expected_completion":null,"agency":"BEST","source":"gtfs_mumbai_best","confidence":0.7,"mode":"bus","tier":"secondary","geometry_source":"stop_sequence"},"geometry":{"type":"LineString","coordinates":[[72.7911,19.4453],[72.8049,19.4502],[72.8102,19.4525],[72.7905,19.4455],[72.7592,19.4452],[72.7616,19.4459],[72.7656,19.4471],[72.7693,19.4487],[72.7736,19.4471],[72.7782,19.4467],[72.7815,19.4454],[72.7829,19.4432],[72.7893,19.4437],[72.7828,19.4432],[72.7815,19.4454],[72.7781,19.4467],[72.7746,19.447],[72.77,19.4487],[72.7664,19.4473],[72.7628,19.4466],[72.759,19.4451]]}},{"type":"Feature","properties":{"id":"transit_route:gtfs_mumbai_best:VVMT_32","field":"public_transport","kind":"transit_route","name":"Olanda to Virat Nagar","ref":"324","status":"operational","opened_on":null,"expected_completion":null,"agency":"BEST","source":"gtfs_mumbai_best","confidence":0.7,"mode":"bus","tier":"secondary","geometry_source":"stop_sequence"},"geometry":{"type":"LineString","coordinates":[[72.8049,19.4502],[72.8102,19.4525],[72.8047,19.4498],[72.7782,19.4467],[72.7815,19.4454],[72.7829,19.4432],[72.7893,19.4437],[72.7828,19.4432],[72.7815,19.4454],[72.7781,19.4467],[72.7763,19.4429],[72.7764,19.4402],[72.7776,19.4367],[72.7785,19.4338],[72.7763,19.4429],[72.8097,19.4494]]}},{"type":"Feature","properties":{"id":"transit_route:gtfs_mumbai_best:VVMT_33","field":"public_transport","kind":"transit_route","name":"Virar (W) to Pan Phoi","ref":"326","status":"operational","opened_on":null,"expected_completion":null,"agency":"BEST","source":"gtfs_mumbai_best","confidence":0.7,"mode":"bus","tier":"secondary","geometry_source":"stop_sequence"},"geometry":{"type":"LineString","coordinates":[[72.8102,19.4525],[72.8036,19.4539],[72.8043,19.458],[72.8045,19.4595],[72.8051,19.4638],[72.8008,19.4679],[72.8055,19.4709],[72.8043,19.4737],[72.8065,19.4757],[72.8045,19.4738],[72.8053,19.4708],[72.8009,19.468],[72.8051,19.4638],[72.8045,19.4579],[72.8039,19.4533]]}},{"type":"Feature","properties":{"id":"transit_route:gtfs_mumbai_best:VVMT_38","field":"public_transport","kind":"transit_route","name":"Virar (W) to Virat Nagar","ref":"328","status":"operational","opened_on":null,"expected_completion":null,"agency":"BEST","source":"gtfs_mumbai_best","confidence":0.7,"mode":"bus","tier":"secondary","geometry_source":"stop_sequence"},"geometry":{"type":"LineString","coordinates":[[72.8102,19.4525],[72.8097,19.4411],[72.8074,19.4412],[72.8052,19.4431],[72.8072,19.4434],[72.8044,19.4447],[72.803,19.4485],[72.8051,19.45],[72.8097,19.4494]]}}]}