{"type":"FeatureCollection","features":[{"type":"Feature","properties":{"id":"transit_stop:gtfs_bengaluru_bmrcl:AGPP","field":"public_transport","kind":"transit_stop","name":"Attiguppe","ref":null,"status":"operational","opened_on":null,"expected_completion":null,"agency":"BMRCL","source":"gtfs_bengaluru_bmrcl","confidence":0.7,"mode":"metro","tier":"secondary"},"geometry":{"type":"Point","coordinates":[77.5336,12.9619]}},{"type":"Feature","properties":{"id":"transit_stop:gtfs_bengaluru_bmrcl:AGPP_PF1","field":"public_transport","kind":"transit_stop","name":"Attiguppe","ref":null,"status":"operational","opened_on":null,"expected_completion":null,"agency":"BMRCL","source":"gtfs_bengaluru_bmrcl","confidence":0.7,"mode":"metro","tier":"secondary"},"geometry":{"type":"Point","coordinates":[77.5336,12.9619]}},{"type":"Feature","properties":{"id":"transit_stop:gtfs_bengaluru_bmrcl:AGPP_PF2","field":"public_transport","kind":"transit_stop","name":"Attiguppe","ref":null,"status":"operational","opened_on":null,"expected_completion":null,"agency":"BMRCL","source":"gtfs_bengaluru_bmrcl","confidence":0.7,"mode":"metro","tier":"secondary"},"geometry":{"type":"Point","coordinates":[77.5336,12.9619]}},{"type":"Feature","properties":{"id":"transit_stop:gtfs_bengaluru_bmrcl:AGPP_A","field":"public_transport","kind":"transit_stop","name":"Attiguppe \u2013 Entrance A","ref":null,"status":"operational","opened_on":null,"expected_completion":null,"agency":"BMRCL","source":"gtfs_bengaluru_bmrcl","confidence":0.7,"mode":"metro","tier":"secondary"},"geometry":{"type":"Point","coordinates":[77.534,12.9625]}},{"type":"Feature","properties":{"id":"transit_stop:gtfs_bengaluru_bmrcl:AGPP_B","field":"public_transport","kind":"transit_stop","name":"Attiguppe \u2013 Entrance B","ref":null,"status":"operational","opened_on":null,"expected_completion":null,"agency":"BMRCL","source":"gtfs_bengaluru_bmrcl","confidence":0.7,"mode":"metro","tier":"secondary"},"geometry":{"type":"Point","coordinates":[77.5339,12.962]}},{"type":"Feature","properties":{"id":"transit_stop:gtfs_bengaluru_bmrcl:AGPP_C","field":"public_transport","kind":"transit_stop","name":"Attiguppe \u2013 Entrance C","ref":null,"status":"operational","opened_on":null,"expected_completion":null,"agency":"BMRCL","source":"gtfs_bengaluru_bmrcl","confidence":0.7,"mode":"metro","tier":"secondary"},"geometry":{"type":"Point","coordinates":[77.5334,12.9617]}},{"type":"Feature","properties":{"id":"transit_stop:gtfs_bengaluru_bmrcl:BTML","field":"public_transport","kind":"transit_stop","name":"BTM Layout","ref":null,"status":"operational","opened_on":null,"expected_completion":null,"agency":"BMRCL","source":"gtfs_bengaluru_bmrcl","confidence":0.7,"mode":"metro","tier":"secondary"},"geometry":{"type":"Point","coordinates":[77.6081,12.9166]}},{"type":"Feature","properties":{"id":"transit_stop:gtfs_bengaluru_bmrcl:BTML_PF1","field":"public_transport","kind":"transit_stop","name":"BTM Layout","ref":null,"status":"operational","opened_on":null,"expected_completion":null,"agency":"BMRCL","source":"gtfs_bengaluru_bmrcl","confidence":0.7,"mode":"metro","tier":"secondary"},"geometry":{"type":"Point","coordinates":[77.6076,12.9166]}},{"type":"Feature","properties":{"id":"transit_stop:gtfs_bengaluru_bmrcl:BTML_PF2","field":"public_transport","kind":"transit_stop","name":"BTM Layout","ref":null,"status":"operational","opened_on":null,"expected_completion":null,"agency":"BMRCL","source":"gtfs_bengaluru_bmrcl","confidence":0.7,"mode":"metro","tier":"secondary"},"geometry":{"type":"Point","coordinates":[77.6086,12.9166]}},{"type":"Feature","properties":{"id":"transit_stop:gtfs_bengaluru_bmrcl:BTML_A","field":"public_transport","kind":"transit_stop","name":"BTM Layout \u2013 Entrance A","ref":null,"status":"operational","opened_on":null,"expected_completion":null,"agency":"BMRCL","source":"gtfs_bengaluru_bmrcl","confidence":0.7,"mode":"metro","tier":"secondary"},"geometry":{"type":"Point","coordinates":[77.6082,12.9164]}},{"type":"Feature","properties":{"id":"transit_stop:gtfs_bengaluru_bmrcl:BTML_B","field":"public_transport","kind":"transit_stop","name":"BTM Layout \u2013 Entrance B","ref":null,"status":"operational","opened_on":null,"expected_completion":null,"agency":"BMRCL","source":"gtfs_bengaluru_bmrcl","confidence":0.7,"mode":"metro","tier":"secondary"},"geometry":{"type":"Point","coordinates":[77.6082,12.9168]}},{"type":"Feature","properties":{"id":"transit_stop:gtfs_bengaluru_bmrcl:BYPH","field":"public_transport","kind":"transit_stop","name":"Baiyappanahalli","ref":null,"status":"operational","opened_on":null,"expected_completion":null,"agency":"BMRCL","source":"gtfs_bengaluru_bmrcl","confidence":0.7,"mode":"metro","tier":"secondary"},"geometry":{"type":"Point","coordinates":[77.6524,12.9908]}},{"type":"Feature","properties":{"id":"transit_stop:gtfs_bengaluru_bmrcl:BYPH_PF1","field":"public_transport","kind":"transit_stop","name":"Baiyappanahalli","ref":null,"status":"operational","opened_on":null,"expected_completion":null,"agency":"BMRCL","source":"gtfs_bengaluru_bmrcl","confidence":0.7,"mode":"metro","tier":"secondary"},"geometry":{"type":"Point","coordinates":[77.6524,12.9907]}},{"type":"Feature","properties":{"id":"transit_stop:gtfs_bengaluru_bmrcl:BYPH_PF2","field":"public_transport","kind":"transit_stop","name":"Baiyappanahalli","ref":null,"status":"operational","opened_on":null,"expected_completion":null,"agency":"BMRCL","source":"gtfs_bengaluru_bmrcl","confidence":0.7,"mode":"metro","tier":"secondary"},"geometry":{"type":"Point","coordinates":[77.6524,12.9907]}},{"type":"Feature","properties":{"id":"transit_stop:gtfs_bengaluru_bmrcl:BYPH_E","field":"public_transport","kind":"transit_stop","name":"Baiyappanahalli \u2013 Entrance","ref":null,"status":"operational","opened_on":null,"expected_completion":null,"agency":"BMRCL","source":"gtfs_bengaluru_bmrcl","confidence":0.7,"mode":"metro","tier":"secondary"},"geometry":{"type":"Point","coordinates":[77.6525,12.9918]}},{"type":"Feature","properties":{"id":"transit_stop:gtfs_bengaluru_bmrcl:BYPH_E_2","field":"public_transport","kind":"transit_stop","name":"Baiyappanahalli \u2013 Entrance","ref":null,"status":"operational","opened_on":null,"expected_completion":null,"agency":"BMRCL","source":"gtfs_bengaluru_bmrcl","confidence":0.7,"mode":"metro","tier":"secondary"},"geometry":{"type":"Point","coordinates":[77.6521,12.9922]}},{"type":"Feature","properties":{"id":"transit_stop:gtfs_bengaluru_bmrcl:BYPH_A","field":"public_transport","kind":"transit_stop","name":"Baiyappanahalli \u2013 Entrance A","ref":null,"status":"operational","opened_on":null,"expected_completion":null,"agency":"BMRCL","source":"gtfs_bengaluru_bmrcl","confidence":0.7,"mode":"metro","tier":"secondary"},"geometry":{"type":"Point","coordinates":[77.6535,12.9898]}},{"type":"Feature","properties":{"id":"transit_stop:gtfs_bengaluru_bmrcl:BSNK","field":"public_transport","kind":"transit_stop","name":"Banashankari","ref":null,"status":"operational","opened_on":null,"expected_completion":null,"agency":"BMRCL","source":"gtfs_bengaluru_bmrcl","confidence":0.7,"mode":"metro","tier":"secondary"},"geometry":{"type":"Point","coordinates":[77.5736,12.9152]}},{"type":"Feature","properties":{"id":"transit_stop:gtfs_bengaluru_bmrcl:BSNK_PF1","field":"public_transport","kind":"transit_stop","name":"Banashankari","ref":null,"status":"operational","opened_on":null,"expected_completion":null,"agency":"BMRCL","source":"gtfs_bengaluru_bmrcl","confidence":0.7,"mode":"metro","tier":"secondary"},"geometry":{"type":"Point","coordinates":[77.5736,12.9152]}},{"type":"Feature","properties":{"id":"transit_stop:gtfs_bengaluru_bmrcl:BSNK_PF2","field":"public_transport","kind":"transit_stop","name":"Banashankari","ref":null,"status":"operational","opened_on":null,"expected_completion":null,"agency":"BMRCL","source":"gtfs_bengaluru_bmrcl","confidence":0.7,"mode":"metro","tier":"secondary"},"geometry":{"type":"Point","coordinates":[77.5736,12.9152]}},{"type":"Feature","properties":{"id":"transit_stop:gtfs_bengaluru_bmrcl:BSNK_A","field":"public_transport","kind":"transit_stop","name":"Banashankari \u2013 Entrance A","ref":null,"status":"operational","opened_on":null,"expected_completion":null,"agency":"BMRCL","source":"gtfs_bengaluru_bmrcl","confidence":0.7,"mode":"metro","tier":"secondary"},"geometry":{"type":"Point","coordinates":[77.574,12.9162]}},{"type":"Feature","properties":{"id":"transit_stop:gtfs_bengaluru_bmrcl:BSNK_B","field":"public_transport","kind":"transit_stop","name":"Banashankari \u2013 Entrance B","ref":null,"status":"operational","opened_on":null,"expected_completion":null,"agency":"BMRCL","source":"gtfs_bengaluru_bmrcl","confidence":0.7,"mode":"metro","tier":"secondary"},"geometry":{"type":"Point","coordinates":[77.5739,12.9156]}},{"type":"Feature","properties":{"id":"transit_stop:gtfs_bengaluru_bmrcl:BSNK_D","field":"public_transport","kind":"transit_stop","name":"Banashankari \u2013 Entrance D","ref":null,"status":"operational","opened_on":null,"expected_completion":null,"agency":"BMRCL","source":"gtfs_bengaluru_bmrcl","confidence":0.7,"mode":"metro","tier":"secondary"},"geometry":{"type":"Point","coordinates":[77.5734,12.9164]}},{"type":"Feature","properties":{"id":"transit_stop:gtfs_bengaluru_bmrcl:JTPM","field":"public_transport","kind":"transit_stop","name":"Benniganahalli","ref":null,"status":"operational","opened_on":null,"expected_completion":null,"agency":"BMRCL","source":"gtfs_bengaluru_bmrcl","confidence":0.7,"mode":"metro","tier":"secondary"},"geometry":{"type":"Point","coordinates":[77.6685,12.9965]}},{"type":"Feature","properties":{"id":"transit_stop:gtfs_bengaluru_bmrcl:JTPM_PF1","field":"public_transport","kind":"transit_stop","name":"Benniganahalli","ref":null,"status":"operational","opened_on":null,"expected_completion":null,"agency":"BMRCL","source":"gtfs_bengaluru_bmrcl","confidence":0.7,"mode":"metro","tier":"secondary"},"geometry":{"type":"Point","coordinates":[77.6685,12.9965]}},{"type":"Feature","properties":{"id":"transit_stop:gtfs_bengaluru_bmrcl:JTPM_PF2","field":"public_transport","kind":"transit_stop","name":"Benniganahalli","ref":null,"status":"operational","opened_on":null,"expected_completion":null,"agency":"BMRCL","source":"gtfs_bengaluru_bmrcl","confidence":0.7,"mode":"metro","tier":"secondary"},"geometry":{"type":"Point","coordinates":[77.6685,12.9965]}},{"type":"Feature","properties":{"id":"transit_stop:gtfs_bengaluru_bmrcl:JTPM_A","field":"public_transport","kind":"transit_stop","name":"Benniganahalli \u2013 Entrance A","ref":null,"status":"operational","opened_on":null,"expected_completion":null,"agency":"BMRCL","source":"gtfs_bengaluru_bmrcl","confidence":0.7,"mode":"metro","tier":"secondary"},"geometry":{"type":"Point","coordinates":[77.6689,12.9973]}},{"type":"Feature","properties":{"id":"transit_stop:gtfs_bengaluru_bmrcl:JTPM_B","field":"public_transport","kind":"transit_stop","name":"Benniganahalli \u2013 Entrance B","ref":null,"status":"operational","opened_on":null,"expected_completion":null,"agency":"BMRCL","source":"gtfs_bengaluru_bmrcl","confidence":0.7,"mode":"metro","tier":"secondary"},"geometry":{"type":"Point","coordinates":[77.6686,12.9961]}},{"type":"Feature","properties":{"id":"transit_stop:gtfs_bengaluru_bmrcl:HOSR","field":"public_transport","kind":"transit_stop","name":"Beratena Agrahara","ref":null,"status":"operational","opened_on":null,"expected_completion":null,"agency":"BMRCL","source":"gtfs_bengaluru_bmrcl","confidence":0.7,"mode":"metro","tier":"secondary"},"geometry":{"type":"Point","coordinates":[77.6579,12.8639]}},{"type":"Feature","properties":{"id":"transit_stop:gtfs_bengaluru_bmrcl:HOSR_PF1","field":"public_transport","kind":"transit_stop","name":"Beratena Agrahara","ref":null,"status":"operational","opened_on":null,"expected_completion":null,"agency":"BMRCL","source":"gtfs_bengaluru_bmrcl","confidence":0.7,"mode":"metro","tier":"secondary"},"geometry":{"type":"Point","coordinates":[77.6576,12.8642]}},{"type":"Feature","properties":{"id":"transit_stop:gtfs_bengaluru_bmrcl:HOSR_PF2","field":"public_transport","kind":"transit_stop","name":"Beratena Agrahara","ref":null,"status":"operational","opened_on":null,"expected_completion":null,"agency":"BMRCL","source":"gtfs_bengaluru_bmrcl","confidence":0.7,"mode":"metro","tier":"secondary"},"geometry":{"type":"Point","coordinates":[77.6582,12.8636]}},{"type":"Feature","properties":{"id":"transit_stop:gtfs_bengaluru_bmrcl:HOSR_E","field":"public_transport","kind":"transit_stop","name":"Beratena Agrahara \u2013 Entrance","ref":null,"status":"operational","opened_on":null,"expected_completion":null,"agency":"BMRCL","source":"gtfs_bengaluru_bmrcl","confidence":0.7,"mode":"metro","tier":"secondary"},"geometry":{"type":"Point","coordinates":[77.6583,12.8634]}},{"type":"Feature","properties":{"id":"transit_stop:gtfs_bengaluru_bmrcl:HOSR_E_2","field":"public_transport","kind":"transit_stop","name":"Beratena Agrahara \u2013 Entrance","ref":null,"status":"operational","opened_on":null,"expected_completion":null,"agency":"BMRCL","source":"gtfs_bengaluru_bmrcl","confidence":0.7,"mode":"metro","tier":"secondary"},"geometry":{"type":"Point","coordinates":[77.6578,12.8638]}},{"type":"Feature","properties":{"id":"transit_stop:gtfs_bengaluru_bmrcl:HBGI","field":"public_transport","kind":"transit_stop","name":"Biocon Hebbagodi","ref":null,"status":"operational","opened_on":null,"expected_completion":null,"agency":"BMRCL","source":"gtfs_bengaluru_bmrcl","confidence":0.7,"mode":"metro","tier":"secondary"},"geometry":{"type":"Point","coordinates":[77.6814,12.829]}},{"type":"Feature","properties":{"id":"transit_stop:gtfs_bengaluru_bmrcl:HBGI_PF1","field":"public_transport","kind":"transit_stop","name":"Biocon Hebbagodi","ref":null,"status":"operational","opened_on":null,"expected_completion":null,"agency":"BMRCL","source":"gtfs_bengaluru_bmrcl","confidence":0.7,"mode":"metro","tier":"secondary"},"geometry":{"type":"Point","coordinates":[77.6812,12.8294]}},{"type":"Feature","properties":{"id":"transit_stop:gtfs_bengaluru_bmrcl:HBGI_PF2","field":"public_transport","kind":"transit_stop","name":"Biocon Hebbagodi","ref":null,"status":"operational","opened_on":null,"expected_completion":null,"agency":"BMRCL","source":"gtfs_bengaluru_bmrcl","confidence":0.7,"mode":"metro","tier":"secondary"},"geometry":{"type":"Point","coordinates":[77.6816,12.8286]}},{"type":"Feature","properties":{"id":"transit_stop:gtfs_bengaluru_bmrcl:HBGI_E","field":"public_transport","kind":"transit_stop","name":"Biocon Hebbagodi \u2013 Entrance","ref":null,"status":"operational","opened_on":null,"expected_completion":null,"agency":"BMRCL","source":"gtfs_bengaluru_bmrcl","confidence":0.7,"mode":"metro","tier":"secondary"},"geometry":{"type":"Point","coordinates":[77.6812,12.8289]}},{"type":"Feature","properties":{"id":"transit_stop:gtfs_bengaluru_bmrcl:HSRL","field":"public_transport","kind":"transit_stop","name":"Bommanahalli","ref":null,"status":"operational","opened_on":null,"expected_completion":null,"agency":"BMRCL","source":"gtfs_bengaluru_bmrcl","confidence":0.7,"mode":"metro","tier":"secondary"},"geometry":{"type":"Point","coordinates":[77.6265,12.9106]}},{"type":"Feature","properties":{"id":"transit_stop:gtfs_bengaluru_bmrcl:HSRL_PF1","field":"public_transport","kind":"transit_stop","name":"Bommanahalli","ref":null,"status":"operational","opened_on":null,"expected_completion":null,"agency":"BMRCL","source":"gtfs_bengaluru_bmrcl","confidence":0.7,"mode":"metro","tier":"secondary"},"geometry":{"type":"Point","coordinates":[77.6261,12.9112]}},{"type":"Feature","properties":{"id":"transit_stop:gtfs_bengaluru_bmrcl:HSRL_PF2","field":"public_transport","kind":"transit_stop","name":"Bommanahalli","ref":null,"status":"operational","opened_on":null,"expected_completion":null,"agency":"BMRCL","source":"gtfs_bengaluru_bmrcl","confidence":0.7,"mode":"metro","tier":"secondary"},"geometry":{"type":"Point","coordinates":[77.6267,12.9103]}},{"type":"Feature","properties":{"id":"transit_stop:gtfs_bengaluru_bmrcl:HSRL_A","field":"public_transport","kind":"transit_stop","name":"Bommanahalli \u2013 Entrance A","ref":null,"status":"operational","opened_on":null,"expected_completion":null,"agency":"BMRCL","source":"gtfs_bengaluru_bmrcl","confidence":0.7,"mode":"metro","tier":"secondary"},"geometry":{"type":"Point","coordinates":[77.6263,12.9106]}},{"type":"Feature","properties":{"id":"transit_stop:gtfs_bengaluru_bmrcl:SBJT","field":"public_transport","kind":"transit_stop","name":"Central Silk Board","ref":null,"status":"operational","opened_on":null,"expected_completion":null,"agency":"BMRCL","source":"gtfs_bengaluru_bmrcl","confidence":0.7,"mode":"metro","tier":"secondary"},"geometry":{"type":"Point","coordinates":[77.6206,12.9166]}},{"type":"Feature","properties":{"id":"transit_stop:gtfs_bengaluru_bmrcl:SBJT_PF1","field":"public_transport","kind":"transit_stop","name":"Central Silk Board","ref":null,"status":"operational","opened_on":null,"expected_completion":null,"agency":"BMRCL","source":"gtfs_bengaluru_bmrcl","confidence":0.7,"mode":"metro","tier":"secondary"},"geometry":{"type":"Point","coordinates":[77.6201,12.9164]}},{"type":"Feature","properties":{"id":"transit_stop:gtfs_bengaluru_bmrcl:SBJT_PF2","field":"public_transport","kind":"transit_stop","name":"Central Silk Board","ref":null,"status":"operational","opened_on":null,"expected_completion":null,"agency":"BMRCL","source":"gtfs_bengaluru_bmrcl","confidence":0.7,"mode":"metro","tier":"secondary"},"geometry":{"type":"Point","coordinates":[77.621,12.9167]}},{"type":"Feature","properties":{"id":"transit_stop:gtfs_bengaluru_bmrcl:SBJT_A","field":"public_transport","kind":"transit_stop","name":"Central Silk Board \u2013 Entrance A","ref":null,"status":"operational","opened_on":null,"expected_completion":null,"agency":"BMRCL","source":"gtfs_bengaluru_bmrcl","confidence":0.7,"mode":"metro","tier":"secondary"},"geometry":{"type":"Point","coordinates":[77.62,12.9162]}},{"type":"Feature","properties":{"id":"transit_stop:gtfs_bengaluru_bmrcl:SBJT_B","field":"public_transport","kind":"transit_stop","name":"Central Silk Board \u2013 Entrance B","ref":null,"status":"operational","opened_on":null,"expected_completion":null,"agency":"BMRCL","source":"gtfs_bengaluru_bmrcl","confidence":0.7,"mode":"metro","tier":"secondary"},"geometry":{"type":"Point","coordinates":[77.6211,12.9166]}},{"type":"Feature","properties":{"id":"transit_stop:gtfs_bengaluru_bmrcl:SBJT_C","field":"public_transport","kind":"transit_stop","name":"Central Silk Board \u2013 Entrance C","ref":null,"status":"operational","opened_on":null,"expected_completion":null,"agency":"BMRCL","source":"gtfs_bengaluru_bmrcl","confidence":0.7,"mode":"metro","tier":"secondary"},"geometry":{"type":"Point","coordinates":[77.6211,12.9168]}},{"type":"Feature","properties":{"id":"transit_stop:gtfs_bengaluru_bmrcl:CLGA","field":"public_transport","kind":"transit_stop","name":"Challaghatta","ref":null,"status":"operational","opened_on":null,"expected_completion":null,"agency":"BMRCL","source":"gtfs_bengaluru_bmrcl","confidence":0.7,"mode":"metro","tier":"secondary"},"geometry":{"type":"Point","coordinates":[77.4613,12.8974]}},{"type":"Feature","properties":{"id":"transit_stop:gtfs_bengaluru_bmrcl:CLGA_PF1","field":"public_transport","kind":"transit_stop","name":"Challaghatta","ref":null,"status":"operational","opened_on":null,"expected_completion":null,"agency":"BMRCL","source":"gtfs_bengaluru_bmrcl","confidence":0.7,"mode":"metro","tier":"secondary"},"geometry":{"type":"Point","coordinates":[77.4612,12.8973]}},{"type":"Feature","properties":{"id":"transit_stop:gtfs_bengaluru_bmrcl:CLGA_PF2","field":"public_transport","kind":"transit_stop","name":"Challaghatta","ref":null,"status":"operational","opened_on":null,"expected_completion":null,"agency":"BMRCL","source":"gtfs_bengaluru_bmrcl","confidence":0.7,"mode":"metro","tier":"secondary"},"geometry":{"type":"Point","coordinates":[77.4613,12.8973]}},{"type":"Feature","properties":{"id":"transit_stop:gtfs_bengaluru_bmrcl:CLGA_A","field":"public_transport","kind":"transit_stop","name":"Challaghatta \u2013 Entrance A","ref":null,"status":"operational","opened_on":null,"expected_completion":null,"agency":"BMRCL","source":"gtfs_bengaluru_bmrcl","confidence":0.7,"mode":"metro","tier":"secondary"},"geometry":{"type":"Point","coordinates":[77.4615,12.8973]}},{"type":"Feature","properties":{"id":"transit_stop:gtfs_bengaluru_bmrcl:CLGA_B","field":"public_transport","kind":"transit_stop","name":"Challaghatta \u2013 Entrance B","ref":null,"status":"operational","opened_on":null,"expected_completion":null,"agency":"BMRCL","source":"gtfs_bengaluru_bmrcl","confidence":0.7,"mode":"metro","tier":"secondary"},"geometry":{"type":"Point","coordinates":[77.4613,12.8975]}},{"type":"Feature","properties":{"id":"transit_stop:gtfs_bengaluru_bmrcl:CKPE","field":"public_transport","kind":"transit_stop","name":"Chickpete","ref":null,"status":"operational","opened_on":null,"expected_completion":null,"agency":"BMRCL","source":"gtfs_bengaluru_bmrcl","confidence":0.7,"mode":"metro","tier":"secondary"},"geometry":{"type":"Point","coordinates":[77.5746,12.9669]}},{"type":"Feature","properties":{"id":"transit_stop:gtfs_bengaluru_bmrcl:CKPE_PF1","field":"public_transport","kind":"transit_stop","name":"Chickpete","ref":null,"status":"operational","opened_on":null,"expected_completion":null,"agency":"BMRCL","source":"gtfs_bengaluru_bmrcl","confidence":0.7,"mode":"metro","tier":"secondary"},"geometry":{"type":"Point","coordinates":[77.5745,12.9669]}},{"type":"Feature","properties":{"id":"transit_stop:gtfs_bengaluru_bmrcl:CKPE_PF2","field":"public_transport","kind":"transit_stop","name":"Chickpete","ref":null,"status":"operational","opened_on":null,"expected_completion":null,"agency":"BMRCL","source":"gtfs_bengaluru_bmrcl","confidence":0.7,"mode":"metro","tier":"secondary"},"geometry":{"type":"Point","coordinates":[77.5746,12.9669]}},{"type":"Feature","properties":{"id":"transit_stop:gtfs_bengaluru_bmrcl:CKPE_A","field":"public_transport","kind":"transit_stop","name":"Chickpete \u2013 Entrance A","ref":null,"status":"operational","opened_on":null,"expected_completion":null,"agency":"BMRCL","source":"gtfs_bengaluru_bmrcl","confidence":0.7,"mode":"metro","tier":"secondary"},"geometry":{"type":"Point","coordinates":[77.5747,12.9677]}},{"type":"Feature","properties":{"id":"transit_stop:gtfs_bengaluru_bmrcl:CKPE_B","field":"public_transport","kind":"transit_stop","name":"Chickpete \u2013 Entrance B","ref":null,"status":"operational","opened_on":null,"expected_completion":null,"agency":"BMRCL","source":"gtfs_bengaluru_bmrcl","confidence":0.7,"mode":"metro","tier":"secondary"},"geometry":{"type":"Point","coordinates":[77.5749,12.9659]}},{"type":"Feature","properties":{"id":"transit_stop:gtfs_bengaluru_bmrcl:CKPE_C","field":"public_transport","kind":"transit_stop","name":"Chickpete \u2013 Entrance C","ref":null,"status":"operational","opened_on":null,"expected_completion":null,"agency":"BMRCL","source":"gtfs_bengaluru_bmrcl","confidence":0.7,"mode":"metro","tier":"secondary"},"geometry":{"type":"Point","coordinates":[77.5742,12.9666]}},{"type":"Feature","properties":{"id":"transit_stop:gtfs_bengaluru_bmrcl:CKPE_D","field":"public_transport","kind":"transit_stop","name":"Chickpete \u2013 Entrance D","ref":null,"status":"operational","opened_on":null,"expected_completion":null,"agency":"BMRCL","source":"gtfs_bengaluru_bmrcl","confidence":0.7,"mode":"metro","tier":"secondary"},"geometry":{"type":"Point","coordinates":[77.5747,12.9675]}},{"type":"Feature","properties":{"id":"transit_stop:gtfs_bengaluru_bmrcl:JIDL","field":"public_transport","kind":"transit_stop","name":"Chikkabidarakallu","ref":null,"status":"operational","opened_on":null,"expected_completion":null,"agency":"BMRCL","source":"gtfs_bengaluru_bmrcl","confidence":0.7,"mode":"metro","tier":"secondary"},"geometry":{"type":"Point","coordinates":[77.4879,13.0524]}},{"type":"Feature","properties":{"id":"transit_stop:gtfs_bengaluru_bmrcl:JIDL_PF1","field":"public_transport","kind":"transit_stop","name":"Chikkabidarakallu","ref":null,"status":"operational","opened_on":null,"expected_completion":null,"agency":"BMRCL","source":"gtfs_bengaluru_bmrcl","confidence":0.7,"mode":"metro","tier":"secondary"},"geometry":{"type":"Point","coordinates":[77.4879,13.0523]}},{"type":"Feature","properties":{"id":"transit_stop:gtfs_bengaluru_bmrcl:JIDL_PF2","field":"public_transport","kind":"transit_stop","name":"Chikkabidarakallu","ref":null,"status":"operational","opened_on":null,"expected_completion":null,"agency":"BMRCL","source":"gtfs_bengaluru_bmrcl","confidence":0.7,"mode":"metro","tier":"secondary"},"geometry":{"type":"Point","coordinates":[77.4879,13.0524]}},{"type":"Feature","properties":{"id":"transit_stop:gtfs_bengaluru_bmrcl:CBPK","field":"public_transport","kind":"transit_stop","name":"Cubbon Park","ref":null,"status":"operational","opened_on":null,"expected_completion":null,"agency":"BMRCL","source":"gtfs_bengaluru_bmrcl","confidence":0.7,"mode":"metro","tier":"secondary"},"geometry":{"type":"Point","coordinates":[77.5976,12.981]}},{"type":"Feature","properties":{"id":"transit_stop:gtfs_bengaluru_bmrcl:CBPK_PF1","field":"public_transport","kind":"transit_stop","name":"Cubbon Park","ref":null,"status":"operational","opened_on":null,"expected_completion":null,"agency":"BMRCL","source":"gtfs_bengaluru_bmrcl","confidence":0.7,"mode":"metro","tier":"secondary"},"geometry":{"type":"Point","coordinates":[77.5976,12.981]}},{"type":"Feature","properties":{"id":"transit_stop:gtfs_bengaluru_bmrcl:CBPK_PF2","field":"public_transport","kind":"transit_stop","name":"Cubbon Park","ref":null,"status":"operational","opened_on":null,"expected_completion":null,"agency":"BMRCL","source":"gtfs_bengaluru_bmrcl","confidence":0.7,"mode":"metro","tier":"secondary"},"geometry":{"type":"Point","coordinates":[77.5976,12.9809]}},{"type":"Feature","properties":{"id":"transit_stop:gtfs_bengaluru_bmrcl:CBPK_A","field":"public_transport","kind":"transit_stop","name":"Cubbon Park \u2013 Entrance A","ref":null,"status":"operational","opened_on":null,"expected_completion":null,"agency":"BMRCL","source":"gtfs_bengaluru_bmrcl","confidence":0.7,"mode":"metro","tier":"secondary"},"geometry":{"type":"Point","coordinates":[77.5984,12.9808]}},{"type":"Feature","properties":{"id":"transit_stop:gtfs_bengaluru_bmrcl:CBPK_B","field":"public_transport","kind":"transit_stop","name":"Cubbon Park \u2013 Entrance B","ref":null,"status":"operational","opened_on":null,"expected_completion":null,"agency":"BMRCL","source":"gtfs_bengaluru_bmrcl","confidence":0.7,"mode":"metro","tier":"secondary"},"geometry":{"type":"Point","coordinates":[77.598,12.9803]}},{"type":"Feature","properties":{"id":"transit_stop:gtfs_bengaluru_bmrcl:CBPK_C","field":"public_transport","kind":"transit_stop","name":"Cubbon Park \u2013 Entrance C","ref":null,"status":"operational","opened_on":null,"expected_completion":null,"agency":"BMRCL","source":"gtfs_bengaluru_bmrcl","confidence":0.7,"mode":"metro","tier":"secondary"},"geometry":{"type":"Point","coordinates":[77.597,12.981]}},{"type":"Feature","properties":{"id":"transit_stop:gtfs_bengaluru_bmrcl:CBPK_D","field":"public_transport","kind":"transit_stop","name":"Cubbon Park \u2013 Entrance D","ref":null,"status":"operational","opened_on":null,"expected_completion":null,"agency":"BMRCL","source":"gtfs_bengaluru_bmrcl","confidence":0.7,"mode":"metro","tier":"secondary"},"geometry":{"type":"Point","coordinates":[77.5966,12.9811]}},{"type":"Feature","properties":{"id":"transit_stop:gtfs_bengaluru_bmrcl:CBPK_E","field":"public_transport","kind":"transit_stop","name":"Cubbon Park \u2013 Entrance E","ref":null,"status":"operational","opened_on":null,"expected_completion":null,"agency":"BMRCL","source":"gtfs_bengaluru_bmrcl","confidence":0.7,"mode":"metro","tier":"secondary"},"geometry":{"type":"Point","coordinates":[77.5964,12.9818]}},{"type":"Feature","properties":{"id":"transit_stop:gtfs_bengaluru_bmrcl:CBPK_F","field":"public_transport","kind":"transit_stop","name":"Cubbon Park \u2013 Entrance F","ref":null,"status":"operational","opened_on":null,"expected_completion":null,"agency":"BMRCL","source":"gtfs_bengaluru_bmrcl","confidence":0.7,"mode":"metro","tier":"secondary"},"geometry":{"type":"Point","coordinates":[77.5963,12.9814]}},{"type":"Feature","properties":{"id":"transit_stop:gtfs_bengaluru_bmrcl:CBPK_G","field":"public_transport","kind":"transit_stop","name":"Cubbon Park \u2013 Entrance G","ref":null,"status":"operational","opened_on":null,"expected_completion":null,"agency":"BMRCL","source":"gtfs_bengaluru_bmrcl","confidence":0.7,"mode":"metro","tier":"secondary"},"geometry":{"type":"Point","coordinates":[77.5972,12.9813]}},{"type":"Feature","properties":{"id":"transit_stop:gtfs_bengaluru_bmrcl:DSH","field":"public_transport","kind":"transit_stop","name":"Dasarahalli","ref":null,"status":"operational","opened_on":null,"expected_completion":null,"agency":"BMRCL","source":"gtfs_bengaluru_bmrcl","confidence":0.7,"mode":"metro","tier":"secondary"},"geometry":{"type":"Point","coordinates":[77.5126,13.0433]}},{"type":"Feature","properties":{"id":"transit_stop:gtfs_bengaluru_bmrcl:DSH_PF1","field":"public_transport","kind":"transit_stop","name":"Dasarahalli","ref":null,"status":"operational","opened_on":null,"expected_completion":null,"agency":"BMRCL","source":"gtfs_bengaluru_bmrcl","confidence":0.7,"mode":"metro","tier":"secondary"},"geometry":{"type":"Point","coordinates":[77.5125,13.0432]}},{"type":"Feature","properties":{"id":"transit_stop:gtfs_bengaluru_bmrcl:DSH_PF2","field":"public_transport","kind":"transit_stop","name":"Dasarahalli","ref":null,"status":"operational","opened_on":null,"expected_completion":null,"agency":"BMRCL","source":"gtfs_bengaluru_bmrcl","confidence":0.7,"mode":"metro","tier":"secondary"},"geometry":{"type":"Point","coordinates":[77.5126,13.0433]}},{"type":"Feature","properties":{"id":"transit_stop:gtfs_bengaluru_bmrcl:DSH_A","field":"public_transport","kind":"transit_stop","name":"Dasarahalli \u2013 Entrance A","ref":null,"status":"operational","opened_on":null,"expected_completion":null,"agency":"BMRCL","source":"gtfs_bengaluru_bmrcl","confidence":0.7,"mode":"metro","tier":"secondary"},"geometry":{"type":"Point","coordinates":[77.5121,13.0436]}},{"type":"Feature","properties":{"id":"transit_stop:gtfs_bengaluru_bmrcl:DSH_B","field":"public_transport","kind":"transit_stop","name":"Dasarahalli \u2013 Entrance B","ref":null,"status":"operational","opened_on":null,"expected_completion":null,"agency":"BMRCL","source":"gtfs_bengaluru_bmrcl","confidence":0.7,"mode":"metro","tier":"secondary"},"geometry":{"type":"Point","coordinates":[77.5129,13.0433]}},{"type":"Feature","properties":{"id":"transit_stop:gtfs_bengaluru_bmrcl:DJNR","field":"public_transport","kind":"transit_stop","name":"Deepanjali Nagar","ref":null,"status":"operational","opened_on":null,"expected_completion":null,"agency":"BMRCL","source":"gtfs_bengaluru_bmrcl","confidence":0.7,"mode":"metro","tier":"secondary"},"geometry":{"type":"Point","coordinates":[77.537,12.9521]}},{"type":"Feature","properties":{"id":"transit_stop:gtfs_bengaluru_bmrcl:DJNR_PF1","field":"public_transport","kind":"transit_stop","name":"Deepanjali Nagar","ref":null,"status":"operational","opened_on":null,"expected_completion":null,"agency":"BMRCL","source":"gtfs_bengaluru_bmrcl","confidence":0.7,"mode":"metro","tier":"secondary"},"geometry":{"type":"Point","coordinates":[77.537,12.952]}},{"type":"Feature","properties":{"id":"transit_stop:gtfs_bengaluru_bmrcl:DJNR_PF2","field":"public_transport","kind":"transit_stop","name":"Deepanjali Nagar","ref":null,"status":"operational","opened_on":null,"expected_completion":null,"agency":"BMRCL","source":"gtfs_bengaluru_bmrcl","confidence":0.7,"mode":"metro","tier":"secondary"},"geometry":{"type":"Point","coordinates":[77.537,12.952]}},{"type":"Feature","properties":{"id":"transit_stop:gtfs_bengaluru_bmrcl:DJNR_A","field":"public_transport","kind":"transit_stop","name":"Deepanjali Nagar \u2013 Entrance A","ref":null,"status":"operational","opened_on":null,"expected_completion":null,"agency":"BMRCL","source":"gtfs_bengaluru_bmrcl","confidence":0.7,"mode":"metro","tier":"secondary"},"geometry":{"type":"Point","coordinates":[77.5373,12.952]}},{"type":"Feature","properties":{"id":"transit_stop:gtfs_bengaluru_bmrcl:DJNR_B","field":"public_transport","kind":"transit_stop","name":"Deepanjali Nagar \u2013 Entrance B","ref":null,"status":"operational","opened_on":null,"expected_completion":null,"agency":"BMRCL","source":"gtfs_bengaluru_bmrcl","confidence":0.7,"mode":"metro","tier":"secondary"},"geometry":{"type":"Point","coordinates":[77.5368,12.9522]}},{"type":"Feature","properties":{"id":"transit_stop:gtfs_bengaluru_bmrcl:BMSD","field":"public_transport","kind":"transit_stop","name":"Delta Electronics Bommasandra","ref":null,"status":"operational","opened_on":null,"expected_completion":null,"agency":"BMRCL","source":"gtfs_bengaluru_bmrcl","confidence":0.7,"mode":"metro","tier":"secondary"},"geometry":{"type":"Point","coordinates":[77.6884,12.8194]}},{"type":"Feature","properties":{"id":"transit_stop:gtfs_bengaluru_bmrcl:BMSD_PF1","field":"public_transport","kind":"transit_stop","name":"Delta Electronics Bommasandra","ref":null,"status":"operational","opened_on":null,"expected_completion":null,"agency":"BMRCL","source":"gtfs_bengaluru_bmrcl","confidence":0.7,"mode":"metro","tier":"secondary"},"geometry":{"type":"Point","coordinates":[77.688,12.8198]}},{"type":"Feature","properties":{"id":"transit_stop:gtfs_bengaluru_bmrcl:BMSD_PF2","field":"public_transport","kind":"transit_stop","name":"Delta Electronics Bommasandra","ref":null,"status":"operational","opened_on":null,"expected_completion":null,"agency":"BMRCL","source":"gtfs_bengaluru_bmrcl","confidence":0.7,"mode":"metro","tier":"secondary"},"geometry":{"type":"Point","coordinates":[77.6887,12.8191]}},{"type":"Feature","properties":{"id":"transit_stop:gtfs_bengaluru_bmrcl:BMSD_A","field":"public_transport","kind":"transit_stop","name":"Delta Electronics Bommasandra \u2013 Entrance A","ref":null,"status":"operational","opened_on":null,"expected_completion":null,"agency":"BMRCL","source":"gtfs_bengaluru_bmrcl","confidence":0.7,"mode":"metro","tier":"secondary"},"geometry":{"type":"Point","coordinates":[77.6882,12.8193]}},{"type":"Feature","properties":{"id":"transit_stop:gtfs_bengaluru_bmrcl:BMSD_A_2","field":"public_transport","kind":"transit_stop","name":"Delta Electronics Bommasandra \u2013 Entrance A","ref":null,"status":"operational","opened_on":null,"expected_completion":null,"agency":"BMRCL","source":"gtfs_bengaluru_bmrcl","confidence":0.7,"mode":"metro","tier":"secondary"},"geometry":{"type":"Point","coordinates":[77.6884,12.8194]}},{"type":"Feature","properties":{"id":"transit_stop:gtfs_bengaluru_bmrcl:KLPK","field":"public_transport","kind":"transit_stop","name":"Doddakallasandra","ref":null,"status":"operational","opened_on":null,"expected_completion":null,"agency":"BMRCL","source":"gtfs_bengaluru_bmrcl","confidence":0.7,"mode":"metro","tier":"secondary"},"geometry":{"type":"Point","coordinates":[77.5528,12.8846]}},{"type":"Feature","properties":{"id":"transit_stop:gtfs_bengaluru_bmrcl:KLPK_PF1","field":"public_transport","kind":"transit_stop","name":"Doddakallasandra","ref":null,"status":"operational","opened_on":null,"expected_completion":null,"agency":"BMRCL","source":"gtfs_bengaluru_bmrcl","confidence":0.7,"mode":"metro","tier":"secondary"},"geometry":{"type":"Point","coordinates":[77.5528,12.8847]}},{"type":"Feature","properties":{"id":"transit_stop:gtfs_bengaluru_bmrcl:KLPK_PF2","field":"public_transport","kind":"transit_stop","name":"Doddakallasandra","ref":null,"status":"operational","opened_on":null,"expected_completion":null,"agency":"BMRCL","source":"gtfs_bengaluru_bmrcl","confidence":0.7,"mode":"metro","tier":"secondary"},"geometry":{"type":"Point","coordinates":[77.5528,12.8846]}},{"type":"Feature","properties":{"id":"transit_stop:gtfs_bengaluru_bmrcl:KLPK_A","field":"public_transport","kind":"transit_stop","name":"Doddakallasandra \u2013 Entrance A","ref":null,"status":"operational","opened_on":null,"expected_completion":null,"agency":"BMRCL","source":"gtfs_bengaluru_bmrcl","confidence":0.7,"mode":"metro","tier":"secondary"},"geometry":{"type":"Point","coordinates":[77.5528,12.8845]}},{"type":"Feature","properties":{"id":"transit_stop:gtfs_bengaluru_bmrcl:KLPK_B","field":"public_transport","kind":"transit_stop","name":"Doddakallasandra \u2013 Entrance B","ref":null,"status":"operational","opened_on":null,"expected_completion":null,"agency":"BMRCL","source":"gtfs_bengaluru_bmrcl","confidence":0.7,"mode":"metro","tier":"secondary"},"geometry":{"type":"Point","coordinates":[77.5527,12.8848]}},{"type":"Feature","properties":{"id":"transit_stop:gtfs_bengaluru_bmrcl:VDSA","field":"public_transport","kind":"transit_stop","name":"Dr. B. R. Ambedkar Station, Vidhana Soudha","ref":null,"status":"operational","opened_on":null,"expected_completion":null,"agency":"BMRCL","source":"gtfs_bengaluru_bmrcl","confidence":0.7,"mode":"metro","tier":"secondary"},"geometry":{"type":"Point","coordinates":[77.5916,12.9787]}},{"type":"Feature","properties":{"id":"transit_stop:gtfs_bengaluru_bmrcl:VDSA_PF1","field":"public_transport","kind":"transit_stop","name":"Dr. B. R. Ambedkar Station, Vidhana Soudha","ref":null,"status":"operational","opened_on":null,"expected_completion":null,"agency":"BMRCL","source":"gtfs_bengaluru_bmrcl","confidence":0.7,"mode":"metro","tier":"secondary"},"geometry":{"type":"Point","coordinates":[77.5918,12.979]}},{"type":"Feature","properties":{"id":"transit_stop:gtfs_bengaluru_bmrcl:VDSA_PF2","field":"public_transport","kind":"transit_stop","name":"Dr. B. R. Ambedkar Station, Vidhana Soudha","ref":null,"status":"operational","opened_on":null,"expected_completion":null,"agency":"BMRCL","source":"gtfs_bengaluru_bmrcl","confidence":0.7,"mode":"metro","tier":"secondary"},"geometry":{"type":"Point","coordinates":[77.5911,12.978]}},{"type":"Feature","properties":{"id":"transit_stop:gtfs_bengaluru_bmrcl:VDSA_A","field":"public_transport","kind":"transit_stop","name":"Dr. B. R. Ambedkar Station, Vidhana Soudha \u2013 Entrance A","ref":null,"status":"operational","opened_on":null,"expected_completion":null,"agency":"BMRCL","source":"gtfs_bengaluru_bmrcl","confidence":0.7,"mode":"metro","tier":"secondary"},"geometry":{"type":"Point","coordinates":[77.5926,12.9801]}},{"type":"Feature","properties":{"id":"transit_stop:gtfs_bengaluru_bmrcl:VDSA_B","field":"public_transport","kind":"transit_stop","name":"Dr. B. R. Ambedkar Station, Vidhana Soudha \u2013 Entrance B","ref":null,"status":"operational","opened_on":null,"expected_completion":null,"agency":"BMRCL","source":"gtfs_bengaluru_bmrcl","confidence":0.7,"mode":"metro","tier":"secondary"},"geometry":{"type":"Point","coordinates":[77.5926,12.9794]}},{"type":"Feature","properties":{"id":"transit_stop:gtfs_bengaluru_bmrcl:VDSA_C","field":"public_transport","kind":"transit_stop","name":"Dr. B. R. Ambedkar Station, Vidhana Soudha \u2013 Entrance C","ref":null,"status":"operational","opened_on":null,"expected_completion":null,"agency":"BMRCL","source":"gtfs_bengaluru_bmrcl","confidence":0.7,"mode":"metro","tier":"secondary"},"geometry":{"type":"Point","coordinates":[77.5924,12.9792]}},{"type":"Feature","properties":{"id":"transit_stop:gtfs_bengaluru_bmrcl:VDSA_D","field":"public_transport","kind":"transit_stop","name":"Dr. B. R. Ambedkar Station, Vidhana Soudha \u2013 Entrance D","ref":null,"status":"operational","opened_on":null,"expected_completion":null,"agency":"BMRCL","source":"gtfs_bengaluru_bmrcl","confidence":0.7,"mode":"metro","tier":"secondary"},"geometry":{"type":"Point","coordinates":[77.591,12.9776]}},{"type":"Feature","properties":{"id":"transit_stop:gtfs_bengaluru_bmrcl:VDSA_E","field":"public_transport","kind":"transit_stop","name":"Dr. B. R. Ambedkar Station, Vidhana Soudha \u2013 Entrance E","ref":null,"status":"operational","opened_on":null,"expected_completion":null,"agency":"BMRCL","source":"gtfs_bengaluru_bmrcl","confidence":0.7,"mode":"metro","tier":"secondary"},"geometry":{"type":"Point","coordinates":[77.5903,12.9777]}},{"type":"Feature","properties":{"id":"transit_stop:gtfs_bengaluru_bmrcl:ETCT","field":"public_transport","kind":"transit_stop","name":"Electronic City","ref":null,"status":"operational","opened_on":null,"expected_completion":null,"agency":"BMRCL","source":"gtfs_bengaluru_bmrcl","confidence":0.7,"mode":"metro","tier":"secondary"},"geometry":{"type":"Point","coordinates":[77.6635,12.8565]}},{"type":"Feature","properties":{"id":"transit_stop:gtfs_bengaluru_bmrcl:ETCT_PF1","field":"public_transport","kind":"transit_stop","name":"Electronic City","ref":null,"status":"operational","opened_on":null,"expected_completion":null,"agency":"BMRCL","source":"gtfs_bengaluru_bmrcl","confidence":0.7,"mode":"metro","tier":"secondary"},"geometry":{"type":"Point","coordinates":[77.6632,12.8568]}},{"type":"Feature","properties":{"id":"transit_stop:gtfs_bengaluru_bmrcl:ETCT_PF2","field":"public_transport","kind":"transit_stop","name":"Electronic City","ref":null,"status":"operational","opened_on":null,"expected_completion":null,"agency":"BMRCL","source":"gtfs_bengaluru_bmrcl","confidence":0.7,"mode":"metro","tier":"secondary"},"geometry":{"type":"Point","coordinates":[77.6637,12.8563]}},{"type":"Feature","properties":{"id":"transit_stop:gtfs_bengaluru_bmrcl:ETCT_A","field":"public_transport","kind":"transit_stop","name":"Electronic City \u2013 Entrance A","ref":null,"status":"operational","opened_on":null,"expected_completion":null,"agency":"BMRCL","source":"gtfs_bengaluru_bmrcl","confidence":0.7,"mode":"metro","tier":"secondary"},"geometry":{"type":"Point","coordinates":[77.6634,12.8564]}},{"type":"Feature","properties":{"id":"transit_stop:gtfs_bengaluru_bmrcl:ETCT_B","field":"public_transport","kind":"transit_stop","name":"Electronic City \u2013 Entrance B","ref":null,"status":"operational","opened_on":null,"expected_completion":null,"agency":"BMRCL","source":"gtfs_bengaluru_bmrcl","confidence":0.7,"mode":"metro","tier":"secondary"},"geometry":{"type":"Point","coordinates":[77.6642,12.8557]}},{"type":"Feature","properties":{"id":"transit_stop:gtfs_bengaluru_bmrcl:ETCT_B_2","field":"public_transport","kind":"transit_stop","name":"Electronic City \u2013 Entrance B","ref":null,"status":"operational","opened_on":null,"expected_completion":null,"agency":"BMRCL","source":"gtfs_bengaluru_bmrcl","confidence":0.7,"mode":"metro","tier":"secondary"},"geometry":{"type":"Point","coordinates":[77.6639,12.856]}},{"type":"Feature","properties":{"id":"transit_stop:gtfs_bengaluru_bmrcl:GDCP","field":"public_transport","kind":"transit_stop","name":"Garudacharpalya","ref":null,"status":"operational","opened_on":null,"expected_completion":null,"agency":"BMRCL","source":"gtfs_bengaluru_bmrcl","confidence":0.7,"mode":"metro","tier":"secondary"},"geometry":{"type":"Point","coordinates":[77.7037,12.9935]}},{"type":"Feature","properties":{"id":"transit_stop:gtfs_bengaluru_bmrcl:GDCP_PF1","field":"public_transport","kind":"transit_stop","name":"Garudacharpalya","ref":null,"status":"operational","opened_on":null,"expected_completion":null,"agency":"BMRCL","source":"gtfs_bengaluru_bmrcl","confidence":0.7,"mode":"metro","tier":"secondary"},"geometry":{"type":"Point","coordinates":[77.7041,12.9933]}},{"type":"Feature","properties":{"id":"transit_stop:gtfs_bengaluru_bmrcl:GDCP_PF2","field":"public_transport","kind":"transit_stop","name":"Garudacharpalya","ref":null,"status":"operational","opened_on":null,"expected_completion":null,"agency":"BMRCL","source":"gtfs_bengaluru_bmrcl","confidence":0.7,"mode":"metro","tier":"secondary"},"geometry":{"type":"Point","coordinates":[77.7033,12.9935]}},{"type":"Feature","properties":{"id":"transit_stop:gtfs_bengaluru_bmrcl:GDCP_A","field":"public_transport","kind":"transit_stop","name":"Garudacharpalya \u2013 Entrance A","ref":null,"status":"operational","opened_on":null,"expected_completion":null,"agency":"BMRCL","source":"gtfs_bengaluru_bmrcl","confidence":0.7,"mode":"metro","tier":"secondary"},"geometry":{"type":"Point","coordinates":[77.7039,12.9936]}},{"type":"Feature","properties":{"id":"transit_stop:gtfs_bengaluru_bmrcl:GDCP_B","field":"public_transport","kind":"transit_stop","name":"Garudacharpalya \u2013 Entrance B","ref":null,"status":"operational","opened_on":null,"expected_completion":null,"agency":"BMRCL","source":"gtfs_bengaluru_bmrcl","confidence":0.7,"mode":"metro","tier":"secondary"},"geometry":{"type":"Point","coordinates":[77.7038,12.9932]}},{"type":"Feature","properties":{"id":"transit_stop:gtfs_bengaluru_bmrcl:YPI","field":"public_transport","kind":"transit_stop","name":"Goraguntepalya","ref":null,"status":"operational","opened_on":null,"expected_completion":null,"agency":"BMRCL","source":"gtfs_bengaluru_bmrcl","confidence":0.7,"mode":"metro","tier":"secondary"},"geometry":{"type":"Point","coordinates":[77.5409,13.0283]}},{"type":"Feature","properties":{"id":"transit_stop:gtfs_bengaluru_bmrcl:YPI_PF1","field":"public_transport","kind":"transit_stop","name":"Goraguntepalya","ref":null,"status":"operational","opened_on":null,"expected_completion":null,"agency":"BMRCL","source":"gtfs_bengaluru_bmrcl","confidence":0.7,"mode":"metro","tier":"secondary"},"geometry":{"type":"Point","coordinates":[77.5404,13.0286]}},{"type":"Feature","properties":{"id":"transit_stop:gtfs_bengaluru_bmrcl:YPI_PF2","field":"public_transport","kind":"transit_stop","name":"Goraguntepalya","ref":null,"status":"operational","opened_on":null,"expected_completion":null,"agency":"BMRCL","source":"gtfs_bengaluru_bmrcl","confidence":0.7,"mode":"metro","tier":"secondary"},"geometry":{"type":"Point","coordinates":[77.5412,13.0282]}},{"type":"Feature","properties":{"id":"transit_stop:gtfs_bengaluru_bmrcl:YPI_A","field":"public_transport","kind":"transit_stop","name":"Goraguntepalya \u2013 Entrance A","ref":null,"status":"operational","opened_on":null,"expected_completion":null,"agency":"BMRCL","source":"gtfs_bengaluru_bmrcl","confidence":0.7,"mode":"metro","tier":"secondary"},"geometry":{"type":"Point","coordinates":[77.5412,13.0279]}},{"type":"Feature","properties":{"id":"transit_stop:gtfs_bengaluru_bmrcl:YPI_B","field":"public_transport","kind":"transit_stop","name":"Goraguntepalya \u2013 Entrance B","ref":null,"status":"operational","opened_on":null,"expected_completion":null,"agency":"BMRCL","source":"gtfs_bengaluru_bmrcl","confidence":0.7,"mode":"metro","tier":"secondary"},"geometry":{"type":"Point","coordinates":[77.5409,13.0281]}},{"type":"Feature","properties":{"id":"transit_stop:gtfs_bengaluru_bmrcl:YPI_C","field":"public_transport","kind":"transit_stop","name":"Goraguntepalya \u2013 Entrance C","ref":null,"status":"operational","opened_on":null,"expected_completion":null,"agency":"BMRCL","source":"gtfs_bengaluru_bmrcl","confidence":0.7,"mode":"metro","tier":"secondary"},"geometry":{"type":"Point","coordinates":[77.5403,13.0284]}},{"type":"Feature","properties":{"id":"transit_stop:gtfs_bengaluru_bmrcl:YPI_E","field":"public_transport","kind":"transit_stop","name":"Goraguntepalya \u2013 Entrance E","ref":null,"status":"operational","opened_on":null,"expected_completion":null,"agency":"BMRCL","source":"gtfs_bengaluru_bmrcl","confidence":0.7,"mode":"metro","tier":"secondary"},"geometry":{"type":"Point","coordinates":[77.5414,13.0283]}},{"type":"Feature","properties":{"id":"transit_stop:gtfs_bengaluru_bmrcl:HLRU","field":"public_transport","kind":"transit_stop","name":"Halasuru","ref":null,"status":"operational","opened_on":null,"expected_completion":null,"agency":"BMRCL","source":"gtfs_bengaluru_bmrcl","confidence":0.7,"mode":"metro","tier":"secondary"},"geometry":{"type":"Point","coordinates":[77.6267,12.9765]}},{"type":"Feature","properties":{"id":"transit_stop:gtfs_bengaluru_bmrcl:HLRU_PF1","field":"public_transport","kind":"transit_stop","name":"Halasuru","ref":null,"status":"operational","opened_on":null,"expected_completion":null,"agency":"BMRCL","source":"gtfs_bengaluru_bmrcl","confidence":0.7,"mode":"metro","tier":"secondary"},"geometry":{"type":"Point","coordinates":[77.6267,12.9765]}},{"type":"Feature","properties":{"id":"transit_stop:gtfs_bengaluru_bmrcl:HLRU_PF2","field":"public_transport","kind":"transit_stop","name":"Halasuru","ref":null,"status":"operational","opened_on":null,"expected_completion":null,"agency":"BMRCL","source":"gtfs_bengaluru_bmrcl","confidence":0.7,"mode":"metro","tier":"secondary"},"geometry":{"type":"Point","coordinates":[77.6267,12.9765]}},{"type":"Feature","properties":{"id":"transit_stop:gtfs_bengaluru_bmrcl:HLRU_E","field":"public_transport","kind":"transit_stop","name":"Halasuru \u2013 Entrance","ref":null,"status":"operational","opened_on":null,"expected_completion":null,"agency":"BMRCL","source":"gtfs_bengaluru_bmrcl","confidence":0.7,"mode":"metro","tier":"secondary"},"geometry":{"type":"Point","coordinates":[77.6263,12.9762]}},{"type":"Feature","properties":{"id":"transit_stop:gtfs_bengaluru_bmrcl:OFDC","field":"public_transport","kind":"transit_stop","name":"Hongasandra","ref":null,"status":"operational","opened_on":null,"expected_completion":null,"agency":"BMRCL","source":"gtfs_bengaluru_bmrcl","confidence":0.7,"mode":"metro","tier":"secondary"},"geometry":{"type":"Point","coordinates":[77.632,12.9017]}},{"type":"Feature","properties":{"id":"transit_stop:gtfs_bengaluru_bmrcl:OFDC_PF1","field":"public_transport","kind":"transit_stop","name":"Hongasandra","ref":null,"status":"operational","opened_on":null,"expected_completion":null,"agency":"BMRCL","source":"gtfs_bengaluru_bmrcl","confidence":0.7,"mode":"metro","tier":"secondary"},"geometry":{"type":"Point","coordinates":[77.6317,12.9021]}},{"type":"Feature","properties":{"id":"transit_stop:gtfs_bengaluru_bmrcl:OFDC_PF2","field":"public_transport","kind":"transit_stop","name":"Hongasandra","ref":null,"status":"operational","opened_on":null,"expected_completion":null,"agency":"BMRCL","source":"gtfs_bengaluru_bmrcl","confidence":0.7,"mode":"metro","tier":"secondary"},"geometry":{"type":"Point","coordinates":[77.6322,12.9013]}},{"type":"Feature","properties":{"id":"transit_stop:gtfs_bengaluru_bmrcl:OFDC_E","field":"public_transport","kind":"transit_stop","name":"Hongasandra \u2013 Entrance","ref":null,"status":"operational","opened_on":null,"expected_completion":null,"agency":"BMRCL","source":"gtfs_bengaluru_bmrcl","confidence":0.7,"mode":"metro","tier":"secondary"},"geometry":{"type":"Point","coordinates":[77.6315,12.9021]}},{"type":"Feature","properties":{"id":"transit_stop:gtfs_bengaluru_bmrcl:OFDC_E_2","field":"public_transport","kind":"transit_stop","name":"Hongasandra \u2013 Entrance","ref":null,"status":"operational","opened_on":null,"expected_completion":null,"agency":"BMRCL","source":"gtfs_bengaluru_bmrcl","confidence":0.7,"mode":"metro","tier":"secondary"},"geometry":{"type":"Point","coordinates":[77.6319,12.9016]}},{"type":"Feature","properties":{"id":"transit_stop:gtfs_bengaluru_bmrcl:DKIA","field":"public_transport","kind":"transit_stop","name":"Hoodi","ref":null,"status":"operational","opened_on":null,"expected_completion":null,"agency":"BMRCL","source":"gtfs_bengaluru_bmrcl","confidence":0.7,"mode":"metro","tier":"secondary"},"geometry":{"type":"Point","coordinates":[77.7113,12.9888]}},{"type":"Feature","properties":{"id":"transit_stop:gtfs_bengaluru_bmrcl:DKIA_PF1","field":"public_transport","kind":"transit_stop","name":"Hoodi","ref":null,"status":"operational","opened_on":null,"expected_completion":null,"agency":"BMRCL","source":"gtfs_bengaluru_bmrcl","confidence":0.7,"mode":"metro","tier":"secondary"},"geometry":{"type":"Point","coordinates":[77.7109,12.9885]}},{"type":"Feature","properties":{"id":"transit_stop:gtfs_bengaluru_bmrcl:DKIA_PF2","field":"public_transport","kind":"transit_stop","name":"Hoodi","ref":null,"status":"operational","opened_on":null,"expected_completion":null,"agency":"BMRCL","source":"gtfs_bengaluru_bmrcl","confidence":0.7,"mode":"metro","tier":"secondary"},"geometry":{"type":"Point","coordinates":[77.7118,12.9891]}},{"type":"Feature","properties":{"id":"transit_stop:gtfs_bengaluru_bmrcl:DKIA_A","field":"public_transport","kind":"transit_stop","name":"Hoodi \u2013 Entrance A","ref":null,"status":"operational","opened_on":null,"expected_completion":null,"agency":"BMRCL","source":"gtfs_bengaluru_bmrcl","confidence":0.7,"mode":"metro","tier":"secondary"},"geometry":{"type":"Point","coordinates":[77.7115,12.9887]}},{"type":"Feature","properties":{"id":"transit_stop:gtfs_bengaluru_bmrcl:DKIA_B","field":"public_transport","kind":"transit_stop","name":"Hoodi \u2013 Entrance B","ref":null,"status":"operational","opened_on":null,"expected_completion":null,"agency":"BMRCL","source":"gtfs_bengaluru_bmrcl","confidence":0.7,"mode":"metro","tier":"secondary"},"geometry":{"type":"Point","coordinates":[77.7112,12.9889]}},{"type":"Feature","properties":{"id":"transit_stop:gtfs_bengaluru_bmrcl:UWVL","field":"public_transport","kind":"transit_stop","name":"Hopefarm Channasandra","ref":null,"status":"operational","opened_on":null,"expected_completion":null,"agency":"BMRCL","source":"gtfs_bengaluru_bmrcl","confidence":0.7,"mode":"metro","tier":"secondary"},"geometry":{"type":"Point","coordinates":[77.7538,12.9873]}},{"type":"Feature","properties":{"id":"transit_stop:gtfs_bengaluru_bmrcl:UWVL_PF1","field":"public_transport","kind":"transit_stop","name":"Hopefarm Channasandra","ref":null,"status":"operational","opened_on":null,"expected_completion":null,"agency":"BMRCL","source":"gtfs_bengaluru_bmrcl","confidence":0.7,"mode":"metro","tier":"secondary"},"geometry":{"type":"Point","coordinates":[77.754,12.9875]}},{"type":"Feature","properties":{"id":"transit_stop:gtfs_bengaluru_bmrcl:UWVL_PF2","field":"public_transport","kind":"transit_stop","name":"Hopefarm Channasandra","ref":null,"status":"operational","opened_on":null,"expected_completion":null,"agency":"BMRCL","source":"gtfs_bengaluru_bmrcl","confidence":0.7,"mode":"metro","tier":"secondary"},"geometry":{"type":"Point","coordinates":[77.7539,12.9872]}},{"type":"Feature","properties":{"id":"transit_stop:gtfs_bengaluru_bmrcl:UWVL_A","field":"public_transport","kind":"transit_stop","name":"Hopefarm Channasandra \u2013 Entrance A","ref":null,"status":"operational","opened_on":null,"expected_completion":null,"agency":"BMRCL","source":"gtfs_bengaluru_bmrcl","confidence":0.7,"mode":"metro","tier":"secondary"},"geometry":{"type":"Point","coordinates":[77.7537,12.9873]}},{"type":"Feature","properties":{"id":"transit_stop:gtfs_bengaluru_bmrcl:UWVL_B","field":"public_transport","kind":"transit_stop","name":"Hopefarm Channasandra \u2013 Entrance B","ref":null,"status":"operational","opened_on":null,"expected_completion":null,"agency":"BMRCL","source":"gtfs_bengaluru_bmrcl","confidence":0.7,"mode":"metro","tier":"secondary"},"geometry":{"type":"Point","coordinates":[77.7541,12.9872]}},{"type":"Feature","properties":{"id":"transit_stop:gtfs_bengaluru_bmrcl:BSRD","field":"public_transport","kind":"transit_stop","name":"Hosa Road","ref":null,"status":"operational","opened_on":null,"expected_completion":null,"agency":"BMRCL","source":"gtfs_bengaluru_bmrcl","confidence":0.7,"mode":"metro","tier":"secondary"},"geometry":{"type":"Point","coordinates":[77.6525,12.8707]}},{"type":"Feature","properties":{"id":"transit_stop:gtfs_bengaluru_bmrcl:BSRD_PF1","field":"public_transport","kind":"transit_stop","name":"Hosa Road","ref":null,"status":"operational","opened_on":null,"expected_completion":null,"agency":"BMRCL","source":"gtfs_bengaluru_bmrcl","confidence":0.7,"mode":"metro","tier":"secondary"},"geometry":{"type":"Point","coordinates":[77.6521,12.8711]}},{"type":"Feature","properties":{"id":"transit_stop:gtfs_bengaluru_bmrcl:BSRD_PF2","field":"public_transport","kind":"transit_stop","name":"Hosa Road","ref":null,"status":"operational","opened_on":null,"expected_completion":null,"agency":"BMRCL","source":"gtfs_bengaluru_bmrcl","confidence":0.7,"mode":"metro","tier":"secondary"},"geometry":{"type":"Point","coordinates":[77.6528,12.8704]}},{"type":"Feature","properties":{"id":"transit_stop:gtfs_bengaluru_bmrcl:BSRD_E","field":"public_transport","kind":"transit_stop","name":"Hosa Road \u2013 Entrance","ref":null,"status":"operational","opened_on":null,"expected_completion":null,"agency":"BMRCL","source":"gtfs_bengaluru_bmrcl","confidence":0.7,"mode":"metro","tier":"secondary"},"geometry":{"type":"Point","coordinates":[77.6527,12.8702]}},{"type":"Feature","properties":{"id":"transit_stop:gtfs_bengaluru_bmrcl:BSRD_E_2","field":"public_transport","kind":"transit_stop","name":"Hosa Road \u2013 Entrance","ref":null,"status":"operational","opened_on":null,"expected_completion":null,"agency":"BMRCL","source":"gtfs_bengaluru_bmrcl","confidence":0.7,"mode":"metro","tier":"secondary"},"geometry":{"type":"Point","coordinates":[77.6523,12.8707]}},{"type":"Feature","properties":{"id":"transit_stop:gtfs_bengaluru_bmrcl:HSKR","field":"public_transport","kind":"transit_stop","name":"Huskur Road","ref":null,"status":"operational","opened_on":null,"expected_completion":null,"agency":"BMRCL","source":"gtfs_bengaluru_bmrcl","confidence":0.7,"mode":"metro","tier":"secondary"},"geometry":{"type":"Point","coordinates":[77.6774,12.8392]}},{"type":"Feature","properties":{"id":"transit_stop:gtfs_bengaluru_bmrcl:HSKR_PF1","field":"public_transport","kind":"transit_stop","name":"Huskur Road","ref":null,"status":"operational","opened_on":null,"expected_completion":null,"agency":"BMRCL","source":"gtfs_bengaluru_bmrcl","confidence":0.7,"mode":"metro","tier":"secondary"},"geometry":{"type":"Point","coordinates":[77.6771,12.8394]}},{"type":"Feature","properties":{"id":"transit_stop:gtfs_bengaluru_bmrcl:HSKR_PF2","field":"public_transport","kind":"transit_stop","name":"Huskur Road","ref":null,"status":"operational","opened_on":null,"expected_completion":null,"agency":"BMRCL","source":"gtfs_bengaluru_bmrcl","confidence":0.7,"mode":"metro","tier":"secondary"},"geometry":{"type":"Point","coordinates":[77.6777,12.8387]}},{"type":"Feature","properties":{"id":"transit_stop:gtfs_bengaluru_bmrcl:HSKR_A","field":"public_transport","kind":"transit_stop","name":"Huskur Road \u2013 Entrance A","ref":null,"status":"operational","opened_on":null,"expected_completion":null,"agency":"BMRCL","source":"gtfs_bengaluru_bmrcl","confidence":0.7,"mode":"metro","tier":"secondary"},"geometry":{"type":"Point","coordinates":[77.6778,12.8383]}},{"type":"Feature","properties":{"id":"transit_stop:gtfs_bengaluru_bmrcl:HSKR_B","field":"public_transport","kind":"transit_stop","name":"Huskur Road \u2013 Entrance B","ref":null,"status":"operational","opened_on":null,"expected_completion":null,"agency":"BMRCL","source":"gtfs_bengaluru_bmrcl","confidence":0.7,"mode":"metro","tier":"secondary"},"geometry":{"type":"Point","coordinates":[77.6779,12.8391]}},{"type":"Feature","properties":{"id":"transit_stop:gtfs_bengaluru_bmrcl:IDN","field":"public_transport","kind":"transit_stop","name":"Indiranagar","ref":null,"status":"operational","opened_on":null,"expected_completion":null,"agency":"BMRCL","source":"gtfs_bengaluru_bmrcl","confidence":0.7,"mode":"metro","tier":"secondary"},"geometry":{"type":"Point","coordinates":[77.6387,12.9783]}},{"type":"Feature","properties":{"id":"transit_stop:gtfs_bengaluru_bmrcl:IDN_PF1","field":"public_transport","kind":"transit_stop","name":"Indiranagar","ref":null,"status":"operational","opened_on":null,"expected_completion":null,"agency":"BMRCL","source":"gtfs_bengaluru_bmrcl","confidence":0.7,"mode":"metro","tier":"secondary"},"geometry":{"type":"Point","coordinates":[77.6387,12.9784]}},{"type":"Feature","properties":{"id":"transit_stop:gtfs_bengaluru_bmrcl:IDN_PF2","field":"public_transport","kind":"transit_stop","name":"Indiranagar","ref":null,"status":"operational","opened_on":null,"expected_completion":null,"agency":"BMRCL","source":"gtfs_bengaluru_bmrcl","confidence":0.7,"mode":"metro","tier":"secondary"},"geometry":{"type":"Point","coordinates":[77.6387,12.9783]}},{"type":"Feature","properties":{"id":"transit_stop:gtfs_bengaluru_bmrcl:IDN_A","field":"public_transport","kind":"transit_stop","name":"Indiranagar \u2013 Entrance A","ref":null,"status":"operational","opened_on":null,"expected_completion":null,"agency":"BMRCL","source":"gtfs_bengaluru_bmrcl","confidence":0.7,"mode":"metro","tier":"secondary"},"geometry":{"type":"Point","coordinates":[77.6385,12.9784]}},{"type":"Feature","properties":{"id":"transit_stop:gtfs_bengaluru_bmrcl:IDN_B","field":"public_transport","kind":"transit_stop","name":"Indiranagar \u2013 Entrance B","ref":null,"status":"operational","opened_on":null,"expected_completion":null,"agency":"BMRCL","source":"gtfs_bengaluru_bmrcl","confidence":0.7,"mode":"metro","tier":"secondary"},"geometry":{"type":"Point","coordinates":[77.6393,12.9782]}},{"type":"Feature","properties":{"id":"transit_stop:gtfs_bengaluru_bmrcl:IDN_C","field":"public_transport","kind":"transit_stop","name":"Indiranagar \u2013 Entrance C","ref":null,"status":"operational","opened_on":null,"expected_completion":null,"agency":"BMRCL","source":"gtfs_bengaluru_bmrcl","confidence":0.7,"mode":"metro","tier":"secondary"},"geometry":{"type":"Point","coordinates":[77.6389,12.9781]}},{"type":"Feature","properties":{"id":"transit_stop:gtfs_bengaluru_bmrcl:ECTN","field":"public_transport","kind":"transit_stop","name":"Infosys Foundation Konappana Agrahara","ref":null,"status":"operational","opened_on":null,"expected_completion":null,"agency":"BMRCL","source":"gtfs_bengaluru_bmrcl","confidence":0.7,"mode":"metro","tier":"secondary"},"geometry":{"type":"Point","coordinates":[77.6712,12.8464]}},{"type":"Feature","properties":{"id":"transit_stop:gtfs_bengaluru_bmrcl:ECTN_PF1","field":"public_transport","kind":"transit_stop","name":"Infosys Foundation Konappana Agrahara","ref":null,"status":"operational","opened_on":null,"expected_completion":null,"agency":"BMRCL","source":"gtfs_bengaluru_bmrcl","confidence":0.7,"mode":"metro","tier":"secondary"},"geometry":{"type":"Point","coordinates":[77.6709,12.8468]}},{"type":"Feature","properties":{"id":"transit_stop:gtfs_bengaluru_bmrcl:ECTN_PF2","field":"public_transport","kind":"transit_stop","name":"Infosys Foundation Konappana Agrahara","ref":null,"status":"operational","opened_on":null,"expected_completion":null,"agency":"BMRCL","source":"gtfs_bengaluru_bmrcl","confidence":0.7,"mode":"metro","tier":"secondary"},"geometry":{"type":"Point","coordinates":[77.6715,12.8461]}},{"type":"Feature","properties":{"id":"transit_stop:gtfs_bengaluru_bmrcl:ECTN_A","field":"public_transport","kind":"transit_stop","name":"Infosys Foundation Konappana Agrahara \u2013 Entrance A","ref":null,"status":"operational","opened_on":null,"expected_completion":null,"agency":"BMRCL","source":"gtfs_bengaluru_bmrcl","confidence":0.7,"mode":"metro","tier":"secondary"},"geometry":{"type":"Point","coordinates":[77.6707,12.8467]}},{"type":"Feature","properties":{"id":"transit_stop:gtfs_bengaluru_bmrcl:ECTN_B","field":"public_transport","kind":"transit_stop","name":"Infosys Foundation Konappana Agrahara \u2013 Entrance B","ref":null,"status":"operational","opened_on":null,"expected_completion":null,"agency":"BMRCL","source":"gtfs_bengaluru_bmrcl","confidence":0.7,"mode":"metro","tier":"secondary"},"geometry":{"type":"Point","coordinates":[77.6713,12.8459]}},{"type":"Feature","properties":{"id":"transit_stop:gtfs_bengaluru_bmrcl:ECTN_C","field":"public_transport","kind":"transit_stop","name":"Infosys Foundation Konappana Agrahara \u2013 Entrance C","ref":null,"status":"operational","opened_on":null,"expected_completion":null,"agency":"BMRCL","source":"gtfs_bengaluru_bmrcl","confidence":0.7,"mode":"metro","tier":"secondary"},"geometry":{"type":"Point","coordinates":[77.6709,12.847]}},{"type":"Feature","properties":{"id":"transit_stop:gtfs_bengaluru_bmrcl:JLHL","field":"public_transport","kind":"transit_stop","name":"Jalahalli","ref":null,"status":"operational","opened_on":null,"expected_completion":null,"agency":"BMRCL","source":"gtfs_bengaluru_bmrcl","confidence":0.7,"mode":"metro","tier":"secondary"},"geometry":{"type":"Point","coordinates":[77.5197,13.0394]}},{"type":"Feature","properties":{"id":"transit_stop:gtfs_bengaluru_bmrcl:JLHL_PF1","field":"public_transport","kind":"transit_stop","name":"Jalahalli","ref":null,"status":"operational","opened_on":null,"expected_completion":null,"agency":"BMRCL","source":"gtfs_bengaluru_bmrcl","confidence":0.7,"mode":"metro","tier":"secondary"},"geometry":{"type":"Point","coordinates":[77.5197,13.0394]}},{"type":"Feature","properties":{"id":"transit_stop:gtfs_bengaluru_bmrcl:JLHL_PF2","field":"public_transport","kind":"transit_stop","name":"Jalahalli","ref":null,"status":"operational","opened_on":null,"expected_completion":null,"agency":"BMRCL","source":"gtfs_bengaluru_bmrcl","confidence":0.7,"mode":"metro","tier":"secondary"},"geometry":{"type":"Point","coordinates":[77.5198,13.0394]}},{"type":"Feature","properties":{"id":"transit_stop:gtfs_bengaluru_bmrcl:JLHL_A","field":"public_transport","kind":"transit_stop","name":"Jalahalli \u2013 Entrance A","ref":null,"status":"operational","opened_on":null,"expected_completion":null,"agency":"BMRCL","source":"gtfs_bengaluru_bmrcl","confidence":0.7,"mode":"metro","tier":"secondary"},"geometry":{"type":"Point","coordinates":[77.5194,13.0398]}},{"type":"Feature","properties":{"id":"transit_stop:gtfs_bengaluru_bmrcl:JLHL_B","field":"public_transport","kind":"transit_stop","name":"Jalahalli \u2013 Entrance B","ref":null,"status":"operational","opened_on":null,"expected_completion":null,"agency":"BMRCL","source":"gtfs_bengaluru_bmrcl","confidence":0.7,"mode":"metro","tier":"secondary"},"geometry":{"type":"Point","coordinates":[77.5203,13.0393]}},{"type":"Feature","properties":{"id":"transit_stop:gtfs_bengaluru_bmrcl:JPN","field":"public_transport","kind":"transit_stop","name":"Jaya Prakash Nagar","ref":null,"status":"operational","opened_on":null,"expected_completion":null,"agency":"BMRCL","source":"gtfs_bengaluru_bmrcl","confidence":0.7,"mode":"metro","tier":"secondary"},"geometry":{"type":"Point","coordinates":[77.5731,12.9075]}},{"type":"Feature","properties":{"id":"transit_stop:gtfs_bengaluru_bmrcl:JPN_PF1","field":"public_transport","kind":"transit_stop","name":"Jaya Prakash Nagar","ref":null,"status":"operational","opened_on":null,"expected_completion":null,"agency":"BMRCL","source":"gtfs_bengaluru_bmrcl","confidence":0.7,"mode":"metro","tier":"secondary"},"geometry":{"type":"Point","coordinates":[77.5731,12.9075]}},{"type":"Feature","properties":{"id":"transit_stop:gtfs_bengaluru_bmrcl:JPN_PF2","field":"public_transport","kind":"transit_stop","name":"Jaya Prakash Nagar","ref":null,"status":"operational","opened_on":null,"expected_completion":null,"agency":"BMRCL","source":"gtfs_bengaluru_bmrcl","confidence":0.7,"mode":"metro","tier":"secondary"},"geometry":{"type":"Point","coordinates":[77.5732,12.9075]}},{"type":"Feature","properties":{"id":"transit_stop:gtfs_bengaluru_bmrcl:JPN_B","field":"public_transport","kind":"transit_stop","name":"Jaya Prakash Nagar \u2013 Entrance B","ref":null,"status":"operational","opened_on":null,"expected_completion":null,"agency":"BMRCL","source":"gtfs_bengaluru_bmrcl","confidence":0.7,"mode":"metro","tier":"secondary"},"geometry":{"type":"Point","coordinates":[77.5734,12.9075]}},{"type":"Feature","properties":{"id":"transit_stop:gtfs_bengaluru_bmrcl:JPN_C","field":"public_transport","kind":"transit_stop","name":"Jaya Prakash Nagar \u2013 Entrance C","ref":null,"status":"operational","opened_on":null,"expected_completion":null,"agency":"BMRCL","source":"gtfs_bengaluru_bmrcl","confidence":0.7,"mode":"metro","tier":"secondary"},"geometry":{"type":"Point","coordinates":[77.5734,12.9071]}},{"type":"Feature","properties":{"id":"transit_stop:gtfs_bengaluru_bmrcl:JPN_D","field":"public_transport","kind":"transit_stop","name":"Jaya Prakash Nagar \u2013 Entrance D","ref":null,"status":"operational","opened_on":null,"expected_completion":null,"agency":"BMRCL","source":"gtfs_bengaluru_bmrcl","confidence":0.7,"mode":"metro","tier":"secondary"},"geometry":{"type":"Point","coordinates":[77.573,12.9067]}},{"type":"Feature","properties":{"id":"transit_stop:gtfs_bengaluru_bmrcl:JDHP","field":"public_transport","kind":"transit_stop","name":"Jayadeva Hospital","ref":null,"status":"operational","opened_on":null,"expected_completion":null,"agency":"BMRCL","source":"gtfs_bengaluru_bmrcl","confidence":0.7,"mode":"metro","tier":"secondary"},"geometry":{"type":"Point","coordinates":[77.6,12.9167]}},{"type":"Feature","properties":{"id":"transit_stop:gtfs_bengaluru_bmrcl:JDHP_PF1","field":"public_transport","kind":"transit_stop","name":"Jayadeva Hospital","ref":null,"status":"operational","opened_on":null,"expected_completion":null,"agency":"BMRCL","source":"gtfs_bengaluru_bmrcl","confidence":0.7,"mode":"metro","tier":"secondary"},"geometry":{"type":"Point","coordinates":[77.5997,12.9167]}},{"type":"Feature","properties":{"id":"transit_stop:gtfs_bengaluru_bmrcl:JDHP_PF2","field":"public_transport","kind":"transit_stop","name":"Jayadeva Hospital","ref":null,"status":"operational","opened_on":null,"expected_completion":null,"agency":"BMRCL","source":"gtfs_bengaluru_bmrcl","confidence":0.7,"mode":"metro","tier":"secondary"},"geometry":{"type":"Point","coordinates":[77.6004,12.9168]}},{"type":"Feature","properties":{"id":"transit_stop:gtfs_bengaluru_bmrcl:JDHP_E","field":"public_transport","kind":"transit_stop","name":"Jayadeva Hospital \u2013 Entrance","ref":null,"status":"operational","opened_on":null,"expected_completion":null,"agency":"BMRCL","source":"gtfs_bengaluru_bmrcl","confidence":0.7,"mode":"metro","tier":"secondary"},"geometry":{"type":"Point","coordinates":[77.5997,12.9165]}},{"type":"Feature","properties":{"id":"transit_stop:gtfs_bengaluru_bmrcl:JDHP_E_10","field":"public_transport","kind":"transit_stop","name":"Jayadeva Hospital \u2013 Entrance","ref":null,"status":"operational","opened_on":null,"expected_completion":null,"agency":"BMRCL","source":"gtfs_bengaluru_bmrcl","confidence":0.7,"mode":"metro","tier":"secondary"},"geometry":{"type":"Point","coordinates":[77.6004,12.9166]}},{"type":"Feature","properties":{"id":"transit_stop:gtfs_bengaluru_bmrcl:JDHP_E_11","field":"public_transport","kind":"transit_stop","name":"Jayadeva Hospital \u2013 Entrance","ref":null,"status":"operational","opened_on":null,"expected_completion":null,"agency":"BMRCL","source":"gtfs_bengaluru_bmrcl","confidence":0.7,"mode":"metro","tier":"secondary"},"geometry":{"type":"Point","coordinates":[77.6002,12.9165]}},{"type":"Feature","properties":{"id":"transit_stop:gtfs_bengaluru_bmrcl:JDHP_E_12","field":"public_transport","kind":"transit_stop","name":"Jayadeva Hospital \u2013 Entrance","ref":null,"status":"operational","opened_on":null,"expected_completion":null,"agency":"BMRCL","source":"gtfs_bengaluru_bmrcl","confidence":0.7,"mode":"metro","tier":"secondary"},"geometry":{"type":"Point","coordinates":[77.6002,12.9162]}},{"type":"Feature","properties":{"id":"transit_stop:gtfs_bengaluru_bmrcl:JDHP_E_2","field":"public_transport","kind":"transit_stop","name":"Jayadeva Hospital \u2013 Entrance","ref":null,"status":"operational","opened_on":null,"expected_completion":null,"agency":"BMRCL","source":"gtfs_bengaluru_bmrcl","confidence":0.7,"mode":"metro","tier":"secondary"},"geometry":{"type":"Point","coordinates":[77.5997,12.9163]}},{"type":"Feature","properties":{"id":"transit_stop:gtfs_bengaluru_bmrcl:JDHP_E_3","field":"public_transport","kind":"transit_stop","name":"Jayadeva Hospital \u2013 Entrance","ref":null,"status":"operational","opened_on":null,"expected_completion":null,"agency":"BMRCL","source":"gtfs_bengaluru_bmrcl","confidence":0.7,"mode":"metro","tier":"secondary"},"geometry":{"type":"Point","coordinates":[77.5994,12.9166]}},{"type":"Feature","properties":{"id":"transit_stop:gtfs_bengaluru_bmrcl:JDHP_E_4","field":"public_transport","kind":"transit_stop","name":"Jayadeva Hospital \u2013 Entrance","ref":null,"status":"operational","opened_on":null,"expected_completion":null,"agency":"BMRCL","source":"gtfs_bengaluru_bmrcl","confidence":0.7,"mode":"metro","tier":"secondary"},"geometry":{"type":"Point","coordinates":[77.5995,12.9169]}},{"type":"Feature","properties":{"id":"transit_stop:gtfs_bengaluru_bmrcl:JDHP_E_5","field":"public_transport","kind":"transit_stop","name":"Jayadeva Hospital \u2013 Entrance","ref":null,"status":"operational","opened_on":null,"expected_completion":null,"agency":"BMRCL","source":"gtfs_bengaluru_bmrcl","confidence":0.7,"mode":"metro","tier":"secondary"},"geometry":{"type":"Point","coordinates":[77.5998,12.917]}},{"type":"Feature","properties":{"id":"transit_stop:gtfs_bengaluru_bmrcl:JDHP_E_6","field":"public_transport","kind":"transit_stop","name":"Jayadeva Hospital \u2013 Entrance","ref":null,"status":"operational","opened_on":null,"expected_completion":null,"agency":"BMRCL","source":"gtfs_bengaluru_bmrcl","confidence":0.7,"mode":"metro","tier":"secondary"},"geometry":{"type":"Point","coordinates":[77.5998,12.9172]}},{"type":"Feature","properties":{"id":"transit_stop:gtfs_bengaluru_bmrcl:JDHP_E_7","field":"public_transport","kind":"transit_stop","name":"Jayadeva Hospital \u2013 Entrance","ref":null,"status":"operational","opened_on":null,"expected_completion":null,"agency":"BMRCL","source":"gtfs_bengaluru_bmrcl","confidence":0.7,"mode":"metro","tier":"secondary"},"geometry":{"type":"Point","coordinates":[77.6002,12.917]}},{"type":"Feature","properties":{"id":"transit_stop:gtfs_bengaluru_bmrcl:JDHP_E_8","field":"public_transport","kind":"transit_stop","name":"Jayadeva Hospital \u2013 Entrance","ref":null,"status":"operational","opened_on":null,"expected_completion":null,"agency":"BMRCL","source":"gtfs_bengaluru_bmrcl","confidence":0.7,"mode":"metro","tier":"secondary"},"geometry":{"type":"Point","coordinates":[77.6003,12.9169]}},{"type":"Feature","properties":{"id":"transit_stop:gtfs_bengaluru_bmrcl:JDHP_E_9","field":"public_transport","kind":"transit_stop","name":"Jayadeva Hospital \u2013 Entrance","ref":null,"status":"operational","opened_on":null,"expected_completion":null,"agency":"BMRCL","source":"gtfs_bengaluru_bmrcl","confidence":0.7,"mode":"metro","tier":"secondary"},"geometry":{"type":"Point","coordinates":[77.6002,12.9171]}},{"type":"Feature","properties":{"id":"transit_stop:gtfs_bengaluru_bmrcl:JYN","field":"public_transport","kind":"transit_stop","name":"Jayanagar","ref":null,"status":"operational","opened_on":null,"expected_completion":null,"agency":"BMRCL","source":"gtfs_bengaluru_bmrcl","confidence":0.7,"mode":"metro","tier":"secondary"},"geometry":{"type":"Point","coordinates":[77.5802,12.9295]}},{"type":"Feature","properties":{"id":"transit_stop:gtfs_bengaluru_bmrcl:JYN_PF1","field":"public_transport","kind":"transit_stop","name":"Jayanagar","ref":null,"status":"operational","opened_on":null,"expected_completion":null,"agency":"BMRCL","source":"gtfs_bengaluru_bmrcl","confidence":0.7,"mode":"metro","tier":"secondary"},"geometry":{"type":"Point","coordinates":[77.5801,12.9295]}},{"type":"Feature","properties":{"id":"transit_stop:gtfs_bengaluru_bmrcl:JYN_PF2","field":"public_transport","kind":"transit_stop","name":"Jayanagar","ref":null,"status":"operational","opened_on":null,"expected_completion":null,"agency":"BMRCL","source":"gtfs_bengaluru_bmrcl","confidence":0.7,"mode":"metro","tier":"secondary"},"geometry":{"type":"Point","coordinates":[77.5802,12.9295]}},{"type":"Feature","properties":{"id":"transit_stop:gtfs_bengaluru_bmrcl:JYN_A","field":"public_transport","kind":"transit_stop","name":"Jayanagar \u2013 Entrance A","ref":null,"status":"operational","opened_on":null,"expected_completion":null,"agency":"BMRCL","source":"gtfs_bengaluru_bmrcl","confidence":0.7,"mode":"metro","tier":"secondary"},"geometry":{"type":"Point","coordinates":[77.5804,12.9293]}},{"type":"Feature","properties":{"id":"transit_stop:gtfs_bengaluru_bmrcl:JYN_B","field":"public_transport","kind":"transit_stop","name":"Jayanagar \u2013 Entrance B","ref":null,"status":"operational","opened_on":null,"expected_completion":null,"agency":"BMRCL","source":"gtfs_bengaluru_bmrcl","confidence":0.7,"mode":"metro","tier":"secondary"},"geometry":{"type":"Point","coordinates":[77.5803,12.929]}},{"type":"Feature","properties":{"id":"transit_stop:gtfs_bengaluru_bmrcl:JYN_C","field":"public_transport","kind":"transit_stop","name":"Jayanagar \u2013 Entrance C","ref":null,"status":"operational","opened_on":null,"expected_completion":null,"agency":"BMRCL","source":"gtfs_bengaluru_bmrcl","confidence":0.7,"mode":"metro","tier":"secondary"},"geometry":{"type":"Point","coordinates":[77.58,12.93]}},{"type":"Feature","properties":{"id":"transit_stop:gtfs_bengaluru_bmrcl:BGUC","field":"public_transport","kind":"transit_stop","name":"Jnanabharathi","ref":null,"status":"operational","opened_on":null,"expected_completion":null,"agency":"BMRCL","source":"gtfs_bengaluru_bmrcl","confidence":0.7,"mode":"metro","tier":"secondary"},"geometry":{"type":"Point","coordinates":[77.5124,12.9354]}},{"type":"Feature","properties":{"id":"transit_stop:gtfs_bengaluru_bmrcl:BGUC_PF1","field":"public_transport","kind":"transit_stop","name":"Jnanabharathi","ref":null,"status":"operational","opened_on":null,"expected_completion":null,"agency":"BMRCL","source":"gtfs_bengaluru_bmrcl","confidence":0.7,"mode":"metro","tier":"secondary"},"geometry":{"type":"Point","coordinates":[77.5124,12.9354]}},{"type":"Feature","properties":{"id":"transit_stop:gtfs_bengaluru_bmrcl:BGUC_PF2","field":"public_transport","kind":"transit_stop","name":"Jnanabharathi","ref":null,"status":"operational","opened_on":null,"expected_completion":null,"agency":"BMRCL","source":"gtfs_bengaluru_bmrcl","confidence":0.7,"mode":"metro","tier":"secondary"},"geometry":{"type":"Point","coordinates":[77.5124,12.9354]}},{"type":"Feature","properties":{"id":"transit_stop:gtfs_bengaluru_bmrcl:BGUC_A","field":"public_transport","kind":"transit_stop","name":"Jnanabharathi \u2013 Entrance A","ref":null,"status":"operational","opened_on":null,"expected_completion":null,"agency":"BMRCL","source":"gtfs_bengaluru_bmrcl","confidence":0.7,"mode":"metro","tier":"secondary"},"geometry":{"type":"Point","coordinates":[77.5122,12.9351]}},{"type":"Feature","properties":{"id":"transit_stop:gtfs_bengaluru_bmrcl:BGUC_B","field":"public_transport","kind":"transit_stop","name":"Jnanabharathi \u2013 Entrance B","ref":null,"status":"operational","opened_on":null,"expected_completion":null,"agency":"BMRCL","source":"gtfs_bengaluru_bmrcl","confidence":0.7,"mode":"metro","tier":"secondary"},"geometry":{"type":"Point","coordinates":[77.5121,12.9355]}},{"type":"Feature","properties":{"id":"transit_stop:gtfs_bengaluru_bmrcl:BGUC_C","field":"public_transport","kind":"transit_stop","name":"Jnanabharathi \u2013 Entrance C","ref":null,"status":"operational","opened_on":null,"expected_completion":null,"agency":"BMRCL","source":"gtfs_bengaluru_bmrcl","confidence":0.7,"mode":"metro","tier":"secondary"},"geometry":{"type":"Point","coordinates":[77.5118,12.935]}},{"type":"Feature","properties":{"id":"transit_stop:gtfs_bengaluru_bmrcl:KDGD","field":"public_transport","kind":"transit_stop","name":"Kadugodi Tree Park","ref":null,"status":"operational","opened_on":null,"expected_completion":null,"agency":"BMRCL","source":"gtfs_bengaluru_bmrcl","confidence":0.7,"mode":"metro","tier":"secondary"},"geometry":{"type":"Point","coordinates":[77.747,12.9857]}},{"type":"Feature","properties":{"id":"transit_stop:gtfs_bengaluru_bmrcl:KDGD_PF1","field":"public_transport","kind":"transit_stop","name":"Kadugodi Tree Park","ref":null,"status":"operational","opened_on":null,"expected_completion":null,"agency":"BMRCL","source":"gtfs_bengaluru_bmrcl","confidence":0.7,"mode":"metro","tier":"secondary"},"geometry":{"type":"Point","coordinates":[77.7475,12.9855]}},{"type":"Feature","properties":{"id":"transit_stop:gtfs_bengaluru_bmrcl:KDGD_PF2","field":"public_transport","kind":"transit_stop","name":"Kadugodi Tree Park","ref":null,"status":"operational","opened_on":null,"expected_completion":null,"agency":"BMRCL","source":"gtfs_bengaluru_bmrcl","confidence":0.7,"mode":"metro","tier":"secondary"},"geometry":{"type":"Point","coordinates":[77.7466,12.9858]}},{"type":"Feature","properties":{"id":"transit_stop:gtfs_bengaluru_bmrcl:KDGD_A","field":"public_transport","kind":"transit_stop","name":"Kadugodi Tree Park \u2013 Entrance A","ref":null,"status":"operational","opened_on":null,"expected_completion":null,"agency":"BMRCL","source":"gtfs_bengaluru_bmrcl","confidence":0.7,"mode":"metro","tier":"secondary"},"geometry":{"type":"Point","coordinates":[77.7471,12.9858]}},{"type":"Feature","properties":{"id":"transit_stop:gtfs_bengaluru_bmrcl:KDGD_B","field":"public_transport","kind":"transit_stop","name":"Kadugodi Tree Park \u2013 Entrance B","ref":null,"status":"operational","opened_on":null,"expected_completion":null,"agency":"BMRCL","source":"gtfs_bengaluru_bmrcl","confidence":0.7,"mode":"metro","tier":"secondary"},"geometry":{"type":"Point","coordinates":[77.747,12.9855]}},{"type":"Feature","properties":{"id":"transit_stop:gtfs_bengaluru_bmrcl:KGIT","field":"public_transport","kind":"transit_stop","name":"Kengeri","ref":null,"status":"operational","opened_on":null,"expected_completion":null,"agency":"BMRCL","source":"gtfs_bengaluru_bmrcl","confidence":0.7,"mode":"metro","tier":"secondary"},"geometry":{"type":"Point","coordinates":[77.4766,12.9079]}},{"type":"Feature","properties":{"id":"transit_stop:gtfs_bengaluru_bmrcl:KGIT_PF1","field":"public_transport","kind":"transit_stop","name":"Kengeri","ref":null,"status":"operational","opened_on":null,"expected_completion":null,"agency":"BMRCL","source":"gtfs_bengaluru_bmrcl","confidence":0.7,"mode":"metro","tier":"secondary"},"geometry":{"type":"Point","coordinates":[77.4766,12.9079]}},{"type":"Feature","properties":{"id":"transit_stop:gtfs_bengaluru_bmrcl:KGIT_PF2","field":"public_transport","kind":"transit_stop","name":"Kengeri","ref":null,"status":"operational","opened_on":null,"expected_completion":null,"agency":"BMRCL","source":"gtfs_bengaluru_bmrcl","confidence":0.7,"mode":"metro","tier":"secondary"},"geometry":{"type":"Point","coordinates":[77.4766,12.9079]}},{"type":"Feature","properties":{"id":"transit_stop:gtfs_bengaluru_bmrcl:MLSD","field":"public_transport","kind":"transit_stop","name":"Kengeri Bus Terminal","ref":null,"status":"operational","opened_on":null,"expected_completion":null,"agency":"BMRCL","source":"gtfs_bengaluru_bmrcl","confidence":0.7,"mode":"metro","tier":"secondary"},"geometry":{"type":"Point","coordinates":[77.4879,12.9147]}},{"type":"Feature","properties":{"id":"transit_stop:gtfs_bengaluru_bmrcl:MLSD_PF1","field":"public_transport","kind":"transit_stop","name":"Kengeri Bus Terminal","ref":null,"status":"operational","opened_on":null,"expected_completion":null,"agency":"BMRCL","source":"gtfs_bengaluru_bmrcl","confidence":0.7,"mode":"metro","tier":"secondary"},"geometry":{"type":"Point","coordinates":[77.4879,12.9147]}},{"type":"Feature","properties":{"id":"transit_stop:gtfs_bengaluru_bmrcl:MLSD_PF2","field":"public_transport","kind":"transit_stop","name":"Kengeri Bus Terminal","ref":null,"status":"operational","opened_on":null,"expected_completion":null,"agency":"BMRCL","source":"gtfs_bengaluru_bmrcl","confidence":0.7,"mode":"metro","tier":"secondary"},"geometry":{"type":"Point","coordinates":[77.4879,12.9147]}},{"type":"Feature","properties":{"id":"transit_stop:gtfs_bengaluru_bmrcl:MLSD_A","field":"public_transport","kind":"transit_stop","name":"Kengeri Bus Terminal \u2013 Entrance A","ref":null,"status":"operational","opened_on":null,"expected_completion":null,"agency":"BMRCL","source":"gtfs_bengaluru_bmrcl","confidence":0.7,"mode":"metro","tier":"secondary"},"geometry":{"type":"Point","coordinates":[77.4873,12.9145]}},{"type":"Feature","properties":{"id":"transit_stop:gtfs_bengaluru_bmrcl:MLSD_B","field":"public_transport","kind":"transit_stop","name":"Kengeri Bus Terminal \u2013 Entrance B","ref":null,"status":"operational","opened_on":null,"expected_completion":null,"agency":"BMRCL","source":"gtfs_bengaluru_bmrcl","confidence":0.7,"mode":"metro","tier":"secondary"},"geometry":{"type":"Point","coordinates":[77.4881,12.9151]}},{"type":"Feature","properties":{"id":"transit_stop:gtfs_bengaluru_bmrcl:KGIT_A","field":"public_transport","kind":"transit_stop","name":"Kengeri \u2013 Entrance A","ref":null,"status":"operational","opened_on":null,"expected_completion":null,"agency":"BMRCL","source":"gtfs_bengaluru_bmrcl","confidence":0.7,"mode":"metro","tier":"secondary"},"geometry":{"type":"Point","coordinates":[77.4765,12.9078]}},{"type":"Feature","properties":{"id":"transit_stop:gtfs_bengaluru_bmrcl:KGIT_B","field":"public_transport","kind":"transit_stop","name":"Kengeri \u2013 Entrance B","ref":null,"status":"operational","opened_on":null,"expected_completion":null,"agency":"BMRCL","source":"gtfs_bengaluru_bmrcl","confidence":0.7,"mode":"metro","tier":"secondary"},"geometry":{"type":"Point","coordinates":[77.4764,12.908]}},{"type":"Feature","properties":{"id":"transit_stop:gtfs_bengaluru_bmrcl:APRC","field":"public_transport","kind":"transit_stop","name":"Konanakunte Cross","ref":null,"status":"operational","opened_on":null,"expected_completion":null,"agency":"BMRCL","source":"gtfs_bengaluru_bmrcl","confidence":0.7,"mode":"metro","tier":"secondary"},"geometry":{"type":"Point","coordinates":[77.5627,12.889]}},{"type":"Feature","properties":{"id":"transit_stop:gtfs_bengaluru_bmrcl:APRC_PF1","field":"public_transport","kind":"transit_stop","name":"Konanakunte Cross","ref":null,"status":"operational","opened_on":null,"expected_completion":null,"agency":"BMRCL","source":"gtfs_bengaluru_bmrcl","confidence":0.7,"mode":"metro","tier":"secondary"},"geometry":{"type":"Point","coordinates":[77.5627,12.889]}},{"type":"Feature","properties":{"id":"transit_stop:gtfs_bengaluru_bmrcl:APRC_PF2","field":"public_transport","kind":"transit_stop","name":"Konanakunte Cross","ref":null,"status":"operational","opened_on":null,"expected_completion":null,"agency":"BMRCL","source":"gtfs_bengaluru_bmrcl","confidence":0.7,"mode":"metro","tier":"secondary"},"geometry":{"type":"Point","coordinates":[77.5627,12.8889]}},{"type":"Feature","properties":{"id":"transit_stop:gtfs_bengaluru_bmrcl:APRC_A","field":"public_transport","kind":"transit_stop","name":"Konanakunte Cross \u2013 Entrance A","ref":null,"status":"operational","opened_on":null,"expected_completion":null,"agency":"BMRCL","source":"gtfs_bengaluru_bmrcl","confidence":0.7,"mode":"metro","tier":"secondary"},"geometry":{"type":"Point","coordinates":[77.5629,12.8889]}},{"type":"Feature","properties":{"id":"transit_stop:gtfs_bengaluru_bmrcl:APRC_B","field":"public_transport","kind":"transit_stop","name":"Konanakunte Cross \u2013 Entrance B","ref":null,"status":"operational","opened_on":null,"expected_completion":null,"agency":"BMRCL","source":"gtfs_bengaluru_bmrcl","confidence":0.7,"mode":"metro","tier":"secondary"},"geometry":{"type":"Point","coordinates":[77.5626,12.8891]}},{"type":"Feature","properties":{"id":"transit_stop:gtfs_bengaluru_bmrcl:BRCS","field":"public_transport","kind":"transit_stop","name":"Krantivira Sangolli Rayanna Railway Station","ref":null,"status":"operational","opened_on":null,"expected_completion":null,"agency":"BMRCL","source":"gtfs_bengaluru_bmrcl","confidence":0.7,"mode":"metro","tier":"secondary"},"geometry":{"type":"Point","coordinates":[77.5654,12.9759]}},{"type":"Feature","properties":{"id":"transit_stop:gtfs_bengaluru_bmrcl:BRCS_PF1","field":"public_transport","kind":"transit_stop","name":"Krantivira Sangolli Rayanna Railway Station","ref":null,"status":"operational","opened_on":null,"expected_completion":null,"agency":"BMRCL","source":"gtfs_bengaluru_bmrcl","confidence":0.7,"mode":"metro","tier":"secondary"},"geometry":{"type":"Point","coordinates":[77.5654,12.9759]}},{"type":"Feature","properties":{"id":"transit_stop:gtfs_bengaluru_bmrcl:BRCS_PF2","field":"public_transport","kind":"transit_stop","name":"Krantivira Sangolli Rayanna Railway Station","ref":null,"status":"operational","opened_on":null,"expected_completion":null,"agency":"BMRCL","source":"gtfs_bengaluru_bmrcl","confidence":0.7,"mode":"metro","tier":"secondary"},"geometry":{"type":"Point","coordinates":[77.5654,12.9759]}},{"type":"Feature","properties":{"id":"transit_stop:gtfs_bengaluru_bmrcl:BRCS_A","field":"public_transport","kind":"transit_stop","name":"Krantivira Sangolli Rayanna Railway Station \u2013 Entrance A","ref":null,"status":"operational","opened_on":null,"expected_completion":null,"agency":"BMRCL","source":"gtfs_bengaluru_bmrcl","confidence":0.7,"mode":"metro","tier":"secondary"},"geometry":{"type":"Point","coordinates":[77.567,12.9763]}},{"type":"Feature","properties":{"id":"transit_stop:gtfs_bengaluru_bmrcl:BRCS_C","field":"public_transport","kind":"transit_stop","name":"Krantivira Sangolli Rayanna Railway Station \u2013 Entrance C","ref":null,"status":"operational","opened_on":null,"expected_completion":null,"agency":"BMRCL","source":"gtfs_bengaluru_bmrcl","confidence":0.7,"mode":"metro","tier":"secondary"},"geometry":{"type":"Point","coordinates":[77.5653,12.9754]}},{"type":"Feature","properties":{"id":"transit_stop:gtfs_bengaluru_bmrcl:BRCS_D","field":"public_transport","kind":"transit_stop","name":"Krantivira Sangolli Rayanna Railway Station \u2013 Entrance D","ref":null,"status":"operational","opened_on":null,"expected_completion":null,"agency":"BMRCL","source":"gtfs_bengaluru_bmrcl","confidence":0.7,"mode":"metro","tier":"secondary"},"geometry":{"type":"Point","coordinates":[77.5647,12.9761]}},{"type":"Feature","properties":{"id":"transit_stop:gtfs_bengaluru_bmrcl:BRCS_E","field":"public_transport","kind":"transit_stop","name":"Krantivira Sangolli Rayanna Railway Station \u2013 Entrance E","ref":null,"status":"operational","opened_on":null,"expected_completion":null,"agency":"BMRCL","source":"gtfs_bengaluru_bmrcl","confidence":0.7,"mode":"metro","tier":"secondary"},"geometry":{"type":"Point","coordinates":[77.5645,12.9763]}},{"type":"Feature","properties":{"id":"transit_stop:gtfs_bengaluru_bmrcl:KRMT","field":"public_transport","kind":"transit_stop","name":"Krishna Rajendra Market","ref":null,"status":"operational","opened_on":null,"expected_completion":null,"agency":"BMRCL","source":"gtfs_bengaluru_bmrcl","confidence":0.7,"mode":"metro","tier":"secondary"},"geometry":{"type":"Point","coordinates":[77.5747,12.9609]}},{"type":"Feature","properties":{"id":"transit_stop:gtfs_bengaluru_bmrcl:KRMT_PF1","field":"public_transport","kind":"transit_stop","name":"Krishna Rajendra Market","ref":null,"status":"operational","opened_on":null,"expected_completion":null,"agency":"BMRCL","source":"gtfs_bengaluru_bmrcl","confidence":0.7,"mode":"metro","tier":"secondary"},"geometry":{"type":"Point","coordinates":[77.5746,12.9609]}},{"type":"Feature","properties":{"id":"transit_stop:gtfs_bengaluru_bmrcl:KRMT_PF2","field":"public_transport","kind":"transit_stop","name":"Krishna Rajendra Market","ref":null,"status":"operational","opened_on":null,"expected_completion":null,"agency":"BMRCL","source":"gtfs_bengaluru_bmrcl","confidence":0.7,"mode":"metro","tier":"secondary"},"geometry":{"type":"Point","coordinates":[77.5747,12.9609]}},{"type":"Feature","properties":{"id":"transit_stop:gtfs_bengaluru_bmrcl:KRMT_E_2","field":"public_transport","kind":"transit_stop","name":"Krishna Rajendra Market \u2013 Entrance","ref":null,"status":"operational","opened_on":null,"expected_completion":null,"agency":"BMRCL","source":"gtfs_bengaluru_bmrcl","confidence":0.7,"mode":"metro","tier":"secondary"},"geometry":{"type":"Point","coordinates":[77.5745,12.9605]}},{"type":"Feature","properties":{"id":"transit_stop:gtfs_bengaluru_bmrcl:KRMT_E_3","field":"public_transport","kind":"transit_stop","name":"Krishna Rajendra Market \u2013 Entrance","ref":null,"status":"operational","opened_on":null,"expected_completion":null,"agency":"BMRCL","source":"gtfs_bengaluru_bmrcl","confidence":0.7,"mode":"metro","tier":"secondary"},"geometry":{"type":"Point","coordinates":[77.5751,12.9614]}},{"type":"Feature","properties":{"id":"transit_stop:gtfs_bengaluru_bmrcl:KRMT_A","field":"public_transport","kind":"transit_stop","name":"Krishna Rajendra Market \u2013 Entrance A","ref":null,"status":"operational","opened_on":null,"expected_completion":null,"agency":"BMRCL","source":"gtfs_bengaluru_bmrcl","confidence":0.7,"mode":"metro","tier":"secondary"},"geometry":{"type":"Point","coordinates":[77.5757,12.9619]}},{"type":"Feature","properties":{"id":"transit_stop:gtfs_bengaluru_bmrcl:KRMT_B","field":"public_transport","kind":"transit_stop","name":"Krishna Rajendra Market \u2013 Entrance B","ref":null,"status":"operational","opened_on":null,"expected_completion":null,"agency":"BMRCL","source":"gtfs_bengaluru_bmrcl","confidence":0.7,"mode":"metro","tier":"secondary"},"geometry":{"type":"Point","coordinates":[77.5751,12.9607]}},{"type":"Feature","properties":{"id":"transit_stop:gtfs_bengaluru_bmrcl:KRMT_C","field":"public_transport","kind":"transit_stop","name":"Krishna Rajendra Market \u2013 Entrance C","ref":null,"status":"operational","opened_on":null,"expected_completion":null,"agency":"BMRCL","source":"gtfs_bengaluru_bmrcl","confidence":0.7,"mode":"metro","tier":"secondary"},"geometry":{"type":"Point","coordinates":[77.5743,12.96]}},{"type":"Feature","properties":{"id":"transit_stop:gtfs_bengaluru_bmrcl:KRMT_D","field":"public_transport","kind":"transit_stop","name":"Krishna Rajendra Market \u2013 Entrance D","ref":null,"status":"operational","opened_on":null,"expected_completion":null,"agency":"BMRCL","source":"gtfs_bengaluru_bmrcl","confidence":0.7,"mode":"metro","tier":"secondary"},"geometry":{"type":"Point","coordinates":[77.5746,12.9608]}},{"type":"Feature","properties":{"id":"transit_stop:gtfs_bengaluru_bmrcl:KRMT_E","field":"public_transport","kind":"transit_stop","name":"Krishna Rajendra Market \u2013 Entrance E","ref":null,"status":"operational","opened_on":null,"expected_completion":null,"agency":"BMRCL","source":"gtfs_bengaluru_bmrcl","confidence":0.7,"mode":"metro","tier":"secondary"},"geometry":{"type":"Point","coordinates":[77.5753,12.9619]}},{"type":"Feature","properties":{"id":"transit_stop:gtfs_bengaluru_bmrcl:KRAM","field":"public_transport","kind":"transit_stop","name":"Krishnarajapura","ref":null,"status":"operational","opened_on":null,"expected_completion":null,"agency":"BMRCL","source":"gtfs_bengaluru_bmrcl","confidence":0.7,"mode":"metro","tier":"secondary"},"geometry":{"type":"Point","coordinates":[77.6777,12.9999]}},{"type":"Feature","properties":{"id":"transit_stop:gtfs_bengaluru_bmrcl:KRAM_PF1","field":"public_transport","kind":"transit_stop","name":"Krishnarajapura","ref":null,"status":"operational","opened_on":null,"expected_completion":null,"agency":"BMRCL","source":"gtfs_bengaluru_bmrcl","confidence":0.7,"mode":"metro","tier":"secondary"},"geometry":{"type":"Point","coordinates":[77.6779,12.9999]}},{"type":"Feature","properties":{"id":"transit_stop:gtfs_bengaluru_bmrcl:KRAM_PF2","field":"public_transport","kind":"transit_stop","name":"Krishnarajapura","ref":null,"status":"operational","opened_on":null,"expected_completion":null,"agency":"BMRCL","source":"gtfs_bengaluru_bmrcl","confidence":0.7,"mode":"metro","tier":"secondary"},"geometry":{"type":"Point","coordinates":[77.6778,12.9999]}},{"type":"Feature","properties":{"id":"transit_stop:gtfs_bengaluru_bmrcl:KRAM_E","field":"public_transport","kind":"transit_stop","name":"Krishnarajapura \u2013 Entrance","ref":null,"status":"operational","opened_on":null,"expected_completion":null,"agency":"BMRCL","source":"gtfs_bengaluru_bmrcl","confidence":0.7,"mode":"metro","tier":"secondary"},"geometry":{"type":"Point","coordinates":[77.6773,13.0]}},{"type":"Feature","properties":{"id":"transit_stop:gtfs_bengaluru_bmrcl:KRAM_A","field":"public_transport","kind":"transit_stop","name":"Krishnarajapura \u2013 Entrance A","ref":null,"status":"operational","opened_on":null,"expected_completion":null,"agency":"BMRCL","source":"gtfs_bengaluru_bmrcl","confidence":0.7,"mode":"metro","tier":"secondary"},"geometry":{"type":"Point","coordinates":[77.6769,12.9999]}},{"type":"Feature","properties":{"id":"transit_stop:gtfs_bengaluru_bmrcl:KRAM_Blue","field":"public_transport","kind":"transit_stop","name":"Krishnarajapura \u2013 Entrance Blue","ref":null,"status":"operational","opened_on":null,"expected_completion":null,"agency":"BMRCL","source":"gtfs_bengaluru_bmrcl","confidence":0.7,"mode":"metro","tier":"secondary"},"geometry":{"type":"Point","coordinates":[77.6782,12.9999]}},{"type":"Feature","properties":{"id":"transit_stop:gtfs_bengaluru_bmrcl:MSRN","field":"public_transport","kind":"transit_stop","name":"Kudlu Gate","ref":null,"status":"operational","opened_on":null,"expected_completion":null,"agency":"BMRCL","source":"gtfs_bengaluru_bmrcl","confidence":0.7,"mode":"metro","tier":"secondary"},"geometry":{"type":"Point","coordinates":[77.6392,12.8899]}},{"type":"Feature","properties":{"id":"transit_stop:gtfs_bengaluru_bmrcl:MSRN_PF1","field":"public_transport","kind":"transit_stop","name":"Kudlu Gate","ref":null,"status":"operational","opened_on":null,"expected_completion":null,"agency":"BMRCL","source":"gtfs_bengaluru_bmrcl","confidence":0.7,"mode":"metro","tier":"secondary"},"geometry":{"type":"Point","coordinates":[77.6389,12.8903]}},{"type":"Feature","properties":{"id":"transit_stop:gtfs_bengaluru_bmrcl:MSRN_PF2","field":"public_transport","kind":"transit_stop","name":"Kudlu Gate","ref":null,"status":"operational","opened_on":null,"expected_completion":null,"agency":"BMRCL","source":"gtfs_bengaluru_bmrcl","confidence":0.7,"mode":"metro","tier":"secondary"},"geometry":{"type":"Point","coordinates":[77.6395,12.8896]}},{"type":"Feature","properties":{"id":"transit_stop:gtfs_bengaluru_bmrcl:MSRN_E","field":"public_transport","kind":"transit_stop","name":"Kudlu Gate \u2013 Entrance","ref":null,"status":"operational","opened_on":null,"expected_completion":null,"agency":"BMRCL","source":"gtfs_bengaluru_bmrcl","confidence":0.7,"mode":"metro","tier":"secondary"},"geometry":{"type":"Point","coordinates":[77.639,12.8899]}},{"type":"Feature","properties":{"id":"transit_stop:gtfs_bengaluru_bmrcl:MSRN_E_2","field":"public_transport","kind":"transit_stop","name":"Kudlu Gate \u2013 Entrance","ref":null,"status":"operational","opened_on":null,"expected_completion":null,"agency":"BMRCL","source":"gtfs_bengaluru_bmrcl","confidence":0.7,"mode":"metro","tier":"secondary"},"geometry":{"type":"Point","coordinates":[77.6394,12.8893]}},{"type":"Feature","properties":{"id":"transit_stop:gtfs_bengaluru_bmrcl:KDNH","field":"public_transport","kind":"transit_stop","name":"Kundalahalli","ref":null,"status":"operational","opened_on":null,"expected_completion":null,"agency":"BMRCL","source":"gtfs_bengaluru_bmrcl","confidence":0.7,"mode":"metro","tier":"secondary"},"geometry":{"type":"Point","coordinates":[77.7156,12.9776]}},{"type":"Feature","properties":{"id":"transit_stop:gtfs_bengaluru_bmrcl:KDNH_PF1","field":"public_transport","kind":"transit_stop","name":"Kundalahalli","ref":null,"status":"operational","opened_on":null,"expected_completion":null,"agency":"BMRCL","source":"gtfs_bengaluru_bmrcl","confidence":0.7,"mode":"metro","tier":"secondary"},"geometry":{"type":"Point","coordinates":[77.7161,12.9775]}},{"type":"Feature","properties":{"id":"transit_stop:gtfs_bengaluru_bmrcl:KDNH_PF2","field":"public_transport","kind":"transit_stop","name":"Kundalahalli","ref":null,"status":"operational","opened_on":null,"expected_completion":null,"agency":"BMRCL","source":"gtfs_bengaluru_bmrcl","confidence":0.7,"mode":"metro","tier":"secondary"},"geometry":{"type":"Point","coordinates":[77.7151,12.9776]}},{"type":"Feature","properties":{"id":"transit_stop:gtfs_bengaluru_bmrcl:KDNH_A","field":"public_transport","kind":"transit_stop","name":"Kundalahalli \u2013 Entrance A","ref":null,"status":"operational","opened_on":null,"expected_completion":null,"agency":"BMRCL","source":"gtfs_bengaluru_bmrcl","confidence":0.7,"mode":"metro","tier":"secondary"},"geometry":{"type":"Point","coordinates":[77.7157,12.9777]}},{"type":"Feature","properties":{"id":"transit_stop:gtfs_bengaluru_bmrcl:KDNH_B","field":"public_transport","kind":"transit_stop","name":"Kundalahalli \u2013 Entrance B","ref":null,"status":"operational","opened_on":null,"expected_completion":null,"agency":"BMRCL","source":"gtfs_bengaluru_bmrcl","confidence":0.7,"mode":"metro","tier":"secondary"},"geometry":{"type":"Point","coordinates":[77.7157,12.9774]}},{"type":"Feature","properties":{"id":"transit_stop:gtfs_bengaluru_bmrcl:LBGH","field":"public_transport","kind":"transit_stop","name":"Lalbagh","ref":null,"status":"operational","opened_on":null,"expected_completion":null,"agency":"BMRCL","source":"gtfs_bengaluru_bmrcl","confidence":0.7,"mode":"metro","tier":"secondary"},"geometry":{"type":"Point","coordinates":[77.58,12.9465]}},{"type":"Feature","properties":{"id":"transit_stop:gtfs_bengaluru_bmrcl:LBGH_PF1","field":"public_transport","kind":"transit_stop","name":"Lalbagh","ref":null,"status":"operational","opened_on":null,"expected_completion":null,"agency":"BMRCL","source":"gtfs_bengaluru_bmrcl","confidence":0.7,"mode":"metro","tier":"secondary"},"geometry":{"type":"Point","coordinates":[77.58,12.9465]}},{"type":"Feature","properties":{"id":"transit_stop:gtfs_bengaluru_bmrcl:LBGH_PF2","field":"public_transport","kind":"transit_stop","name":"Lalbagh","ref":null,"status":"operational","opened_on":null,"expected_completion":null,"agency":"BMRCL","source":"gtfs_bengaluru_bmrcl","confidence":0.7,"mode":"metro","tier":"secondary"},"geometry":{"type":"Point","coordinates":[77.58,12.9465]}},{"type":"Feature","properties":{"id":"transit_stop:gtfs_bengaluru_bmrcl:LBGH_A","field":"public_transport","kind":"transit_stop","name":"Lalbagh \u2013 Entrance A","ref":null,"status":"operational","opened_on":null,"expected_completion":null,"agency":"BMRCL","source":"gtfs_bengaluru_bmrcl","confidence":0.7,"mode":"metro","tier":"secondary"},"geometry":{"type":"Point","coordinates":[77.5802,12.9462]}},{"type":"Feature","properties":{"id":"transit_stop:gtfs_bengaluru_bmrcl:LBGH_B","field":"public_transport","kind":"transit_stop","name":"Lalbagh \u2013 Entrance B","ref":null,"status":"operational","opened_on":null,"expected_completion":null,"agency":"BMRCL","source":"gtfs_bengaluru_bmrcl","confidence":0.7,"mode":"metro","tier":"secondary"},"geometry":{"type":"Point","coordinates":[77.5798,12.9458]}},{"type":"Feature","properties":{"id":"transit_stop:gtfs_bengaluru_bmrcl:LBGH_C","field":"public_transport","kind":"transit_stop","name":"Lalbagh \u2013 Entrance C","ref":null,"status":"operational","opened_on":null,"expected_completion":null,"agency":"BMRCL","source":"gtfs_bengaluru_bmrcl","confidence":0.7,"mode":"metro","tier":"secondary"},"geometry":{"type":"Point","coordinates":[77.5799,12.9462]}},{"type":"Feature","properties":{"id":"transit_stop:gtfs_bengaluru_bmrcl:BIET","field":"public_transport","kind":"transit_stop","name":"Madavara","ref":null,"status":"operational","opened_on":null,"expected_completion":null,"agency":"BMRCL","source":"gtfs_bengaluru_bmrcl","confidence":0.7,"mode":"metro","tier":"secondary"},"geometry":{"type":"Point","coordinates":[77.4728,13.0574]}},{"type":"Feature","properties":{"id":"transit_stop:gtfs_bengaluru_bmrcl:BIET_PF1","field":"public_transport","kind":"transit_stop","name":"Madavara","ref":null,"status":"operational","opened_on":null,"expected_completion":null,"agency":"BMRCL","source":"gtfs_bengaluru_bmrcl","confidence":0.7,"mode":"metro","tier":"secondary"},"geometry":{"type":"Point","coordinates":[77.4728,13.0574]}},{"type":"Feature","properties":{"id":"transit_stop:gtfs_bengaluru_bmrcl:BIET_PF2","field":"public_transport","kind":"transit_stop","name":"Madavara","ref":null,"status":"operational","opened_on":null,"expected_completion":null,"agency":"BMRCL","source":"gtfs_bengaluru_bmrcl","confidence":0.7,"mode":"metro","tier":"secondary"},"geometry":{"type":"Point","coordinates":[77.4728,13.0574]}},{"type":"Feature","properties":{"id":"transit_stop:gtfs_bengaluru_bmrcl:BIET_E","field":"public_transport","kind":"transit_stop","name":"Madavara \u2013 Entrance","ref":null,"status":"operational","opened_on":null,"expected_completion":null,"agency":"BMRCL","source":"gtfs_bengaluru_bmrcl","confidence":0.7,"mode":"metro","tier":"secondary"},"geometry":{"type":"Point","coordinates":[77.4726,13.0567]}},{"type":"Feature","properties":{"id":"transit_stop:gtfs_bengaluru_bmrcl:BIET_A","field":"public_transport","kind":"transit_stop","name":"Madavara \u2013 Entrance A","ref":null,"status":"operational","opened_on":null,"expected_completion":null,"agency":"BMRCL","source":"gtfs_bengaluru_bmrcl","confidence":0.7,"mode":"metro","tier":"secondary"},"geometry":{"type":"Point","coordinates":[77.4723,13.0576]}},{"type":"Feature","properties":{"id":"transit_stop:gtfs_bengaluru_bmrcl:BIET_B","field":"public_transport","kind":"transit_stop","name":"Madavara \u2013 Entrance B","ref":null,"status":"operational","opened_on":null,"expected_completion":null,"agency":"BMRCL","source":"gtfs_bengaluru_bmrcl","confidence":0.7,"mode":"metro","tier":"secondary"},"geometry":{"type":"Point","coordinates":[77.4736,13.0573]}},{"type":"Feature","properties":{"id":"transit_stop:gtfs_bengaluru_bmrcl:MIRD","field":"public_transport","kind":"transit_stop","name":"Magadi Road","ref":null,"status":"operational","opened_on":null,"expected_completion":null,"agency":"BMRCL","source":"gtfs_bengaluru_bmrcl","confidence":0.7,"mode":"metro","tier":"secondary"},"geometry":{"type":"Point","coordinates":[77.5554,12.9756]}},{"type":"Feature","properties":{"id":"transit_stop:gtfs_bengaluru_bmrcl:MIRD_PF1","field":"public_transport","kind":"transit_stop","name":"Magadi Road","ref":null,"status":"operational","opened_on":null,"expected_completion":null,"agency":"BMRCL","source":"gtfs_bengaluru_bmrcl","confidence":0.7,"mode":"metro","tier":"secondary"},"geometry":{"type":"Point","coordinates":[77.5554,12.9757]}},{"type":"Feature","properties":{"id":"transit_stop:gtfs_bengaluru_bmrcl:MIRD_PF2","field":"public_transport","kind":"transit_stop","name":"Magadi Road","ref":null,"status":"operational","opened_on":null,"expected_completion":null,"agency":"BMRCL","source":"gtfs_bengaluru_bmrcl","confidence":0.7,"mode":"metro","tier":"secondary"},"geometry":{"type":"Point","coordinates":[77.5554,12.9756]}},{"type":"Feature","properties":{"id":"transit_stop:gtfs_bengaluru_bmrcl:MIRD_A","field":"public_transport","kind":"transit_stop","name":"Magadi Road \u2013 Entrance A","ref":null,"status":"operational","opened_on":null,"expected_completion":null,"agency":"BMRCL","source":"gtfs_bengaluru_bmrcl","confidence":0.7,"mode":"metro","tier":"secondary"},"geometry":{"type":"Point","coordinates":[77.5559,12.9757]}},{"type":"Feature","properties":{"id":"transit_stop:gtfs_bengaluru_bmrcl:MIRD_B","field":"public_transport","kind":"transit_stop","name":"Magadi Road \u2013 Entrance B","ref":null,"status":"operational","opened_on":null,"expected_completion":null,"agency":"BMRCL","source":"gtfs_bengaluru_bmrcl","confidence":0.7,"mode":"metro","tier":"secondary"},"geometry":{"type":"Point","coordinates":[77.5558,12.9755]}},{"type":"Feature","properties":{"id":"transit_stop:gtfs_bengaluru_bmrcl:MIRD_C","field":"public_transport","kind":"transit_stop","name":"Magadi Road \u2013 Entrance C","ref":null,"status":"operational","opened_on":null,"expected_completion":null,"agency":"BMRCL","source":"gtfs_bengaluru_bmrcl","confidence":0.7,"mode":"metro","tier":"secondary"},"geometry":{"type":"Point","coordinates":[77.5548,12.9757]}},{"type":"Feature","properties":{"id":"transit_stop:gtfs_bengaluru_bmrcl:KVPR","field":"public_transport","kind":"transit_stop","name":"Mahakavi Kuvempu Road","ref":null,"status":"operational","opened_on":null,"expected_completion":null,"agency":"BMRCL","source":"gtfs_bengaluru_bmrcl","confidence":0.7,"mode":"metro","tier":"secondary"},"geometry":{"type":"Point","coordinates":[77.5569,12.9985]}},{"type":"Feature","properties":{"id":"transit_stop:gtfs_bengaluru_bmrcl:KVPR_PF1","field":"public_transport","kind":"transit_stop","name":"Mahakavi Kuvempu Road","ref":null,"status":"operational","opened_on":null,"expected_completion":null,"agency":"BMRCL","source":"gtfs_bengaluru_bmrcl","confidence":0.7,"mode":"metro","tier":"secondary"},"geometry":{"type":"Point","coordinates":[77.5569,12.9985]}},{"type":"Feature","properties":{"id":"transit_stop:gtfs_bengaluru_bmrcl:KVPR_PF2","field":"public_transport","kind":"transit_stop","name":"Mahakavi Kuvempu Road","ref":null,"status":"operational","opened_on":null,"expected_completion":null,"agency":"BMRCL","source":"gtfs_bengaluru_bmrcl","confidence":0.7,"mode":"metro","tier":"secondary"},"geometry":{"type":"Point","coordinates":[77.5569,12.9985]}},{"type":"Feature","properties":{"id":"transit_stop:gtfs_bengaluru_bmrcl:KVPR_A","field":"public_transport","kind":"transit_stop","name":"Mahakavi Kuvempu Road \u2013 Entrance A","ref":null,"status":"operational","opened_on":null,"expected_completion":null,"agency":"BMRCL","source":"gtfs_bengaluru_bmrcl","confidence":0.7,"mode":"metro","tier":"secondary"},"geometry":{"type":"Point","coordinates":[77.5572,12.9986]}},{"type":"Feature","properties":{"id":"transit_stop:gtfs_bengaluru_bmrcl:KVPR_B","field":"public_transport","kind":"transit_stop","name":"Mahakavi Kuvempu Road \u2013 Entrance B","ref":null,"status":"operational","opened_on":null,"expected_completion":null,"agency":"BMRCL","source":"gtfs_bengaluru_bmrcl","confidence":0.7,"mode":"metro","tier":"secondary"},"geometry":{"type":"Point","coordinates":[77.5573,12.9982]}},{"type":"Feature","properties":{"id":"transit_stop:gtfs_bengaluru_bmrcl:KVPR_C","field":"public_transport","kind":"transit_stop","name":"Mahakavi Kuvempu Road \u2013 Entrance C","ref":null,"status":"operational","opened_on":null,"expected_completion":null,"agency":"BMRCL","source":"gtfs_bengaluru_bmrcl","confidence":0.7,"mode":"metro","tier":"secondary"},"geometry":{"type":"Point","coordinates":[77.5567,12.9984]}},{"type":"Feature","properties":{"id":"transit_stop:gtfs_bengaluru_bmrcl:MHLI","field":"public_transport","kind":"transit_stop","name":"Mahalakshmi","ref":null,"status":"operational","opened_on":null,"expected_completion":null,"agency":"BMRCL","source":"gtfs_bengaluru_bmrcl","confidence":0.7,"mode":"metro","tier":"secondary"},"geometry":{"type":"Point","coordinates":[77.5488,13.008]}},{"type":"Feature","properties":{"id":"transit_stop:gtfs_bengaluru_bmrcl:MHLI_PF1","field":"public_transport","kind":"transit_stop","name":"Mahalakshmi","ref":null,"status":"operational","opened_on":null,"expected_completion":null,"agency":"BMRCL","source":"gtfs_bengaluru_bmrcl","confidence":0.7,"mode":"metro","tier":"secondary"},"geometry":{"type":"Point","coordinates":[77.5488,13.0081]}},{"type":"Feature","properties":{"id":"transit_stop:gtfs_bengaluru_bmrcl:MHLI_PF2","field":"public_transport","kind":"transit_stop","name":"Mahalakshmi","ref":null,"status":"operational","opened_on":null,"expected_completion":null,"agency":"BMRCL","source":"gtfs_bengaluru_bmrcl","confidence":0.7,"mode":"metro","tier":"secondary"},"geometry":{"type":"Point","coordinates":[77.5488,13.0081]}},{"type":"Feature","properties":{"id":"transit_stop:gtfs_bengaluru_bmrcl:MHLI_A","field":"public_transport","kind":"transit_stop","name":"Mahalakshmi \u2013 Entrance A","ref":null,"status":"operational","opened_on":null,"expected_completion":null,"agency":"BMRCL","source":"gtfs_bengaluru_bmrcl","confidence":0.7,"mode":"metro","tier":"secondary"},"geometry":{"type":"Point","coordinates":[77.5486,13.0078]}},{"type":"Feature","properties":{"id":"transit_stop:gtfs_bengaluru_bmrcl:MHLI_A_2","field":"public_transport","kind":"transit_stop","name":"Mahalakshmi \u2013 Entrance A","ref":null,"status":"operational","opened_on":null,"expected_completion":null,"agency":"BMRCL","source":"gtfs_bengaluru_bmrcl","confidence":0.7,"mode":"metro","tier":"secondary"},"geometry":{"type":"Point","coordinates":[77.5486,13.008]}},{"type":"Feature","properties":{"id":"transit_stop:gtfs_bengaluru_bmrcl:MHLI_B","field":"public_transport","kind":"transit_stop","name":"Mahalakshmi \u2013 Entrance B","ref":null,"status":"operational","opened_on":null,"expected_completion":null,"agency":"BMRCL","source":"gtfs_bengaluru_bmrcl","confidence":0.7,"mode":"metro","tier":"secondary"},"geometry":{"type":"Point","coordinates":[77.5486,13.0082]}},{"type":"Feature","properties":{"id":"transit_stop:gtfs_bengaluru_bmrcl:MHLI_C","field":"public_transport","kind":"transit_stop","name":"Mahalakshmi \u2013 Entrance C","ref":null,"status":"operational","opened_on":null,"expected_completion":null,"agency":"BMRCL","source":"gtfs_bengaluru_bmrcl","confidence":0.7,"mode":"metro","tier":"secondary"},"geometry":{"type":"Point","coordinates":[77.5489,13.0079]}},{"type":"Feature","properties":{"id":"transit_stop:gtfs_bengaluru_bmrcl:MAGR","field":"public_transport","kind":"transit_stop","name":"Mahatma Gandhi Road","ref":null,"status":"operational","opened_on":null,"expected_completion":null,"agency":"BMRCL","source":"gtfs_bengaluru_bmrcl","confidence":0.7,"mode":"metro","tier":"secondary"},"geometry":{"type":"Point","coordinates":[77.6068,12.9755]}},{"type":"Feature","properties":{"id":"transit_stop:gtfs_bengaluru_bmrcl:MAGR_PF1","field":"public_transport","kind":"transit_stop","name":"Mahatma Gandhi Road","ref":null,"status":"operational","opened_on":null,"expected_completion":null,"agency":"BMRCL","source":"gtfs_bengaluru_bmrcl","confidence":0.7,"mode":"metro","tier":"secondary"},"geometry":{"type":"Point","coordinates":[77.6073,12.9754]}},{"type":"Feature","properties":{"id":"transit_stop:gtfs_bengaluru_bmrcl:MAGR_PF2","field":"public_transport","kind":"transit_stop","name":"Mahatma Gandhi Road","ref":null,"status":"operational","opened_on":null,"expected_completion":null,"agency":"BMRCL","source":"gtfs_bengaluru_bmrcl","confidence":0.7,"mode":"metro","tier":"secondary"},"geometry":{"type":"Point","coordinates":[77.6063,12.9756]}},{"type":"Feature","properties":{"id":"transit_stop:gtfs_bengaluru_bmrcl:MAGR_A","field":"public_transport","kind":"transit_stop","name":"Mahatma Gandhi Road \u2013 Entrance A","ref":null,"status":"operational","opened_on":null,"expected_completion":null,"agency":"BMRCL","source":"gtfs_bengaluru_bmrcl","confidence":0.7,"mode":"metro","tier":"secondary"},"geometry":{"type":"Point","coordinates":[77.6065,12.9757]}},{"type":"Feature","properties":{"id":"transit_stop:gtfs_bengaluru_bmrcl:MAGR_B","field":"public_transport","kind":"transit_stop","name":"Mahatma Gandhi Road \u2013 Entrance B","ref":null,"status":"operational","opened_on":null,"expected_completion":null,"agency":"BMRCL","source":"gtfs_bengaluru_bmrcl","confidence":0.7,"mode":"metro","tier":"secondary"},"geometry":{"type":"Point","coordinates":[77.6072,12.9755]}},{"type":"Feature","properties":{"id":"transit_stop:gtfs_bengaluru_bmrcl:MAGR_C","field":"public_transport","kind":"transit_stop","name":"Mahatma Gandhi Road \u2013 Entrance C","ref":null,"status":"operational","opened_on":null,"expected_completion":null,"agency":"BMRCL","source":"gtfs_bengaluru_bmrcl","confidence":0.7,"mode":"metro","tier":"secondary"},"geometry":{"type":"Point","coordinates":[77.6067,12.9753]}},{"type":"Feature","properties":{"id":"transit_stop:gtfs_bengaluru_bmrcl:MAGR_D","field":"public_transport","kind":"transit_stop","name":"Mahatma Gandhi Road \u2013 Entrance D","ref":null,"status":"operational","opened_on":null,"expected_completion":null,"agency":"BMRCL","source":"gtfs_bengaluru_bmrcl","confidence":0.7,"mode":"metro","tier":"secondary"},"geometry":{"type":"Point","coordinates":[77.6066,12.9748]}},{"type":"Feature","properties":{"id":"transit_stop:gtfs_bengaluru_bmrcl:MNJN","field":"public_transport","kind":"transit_stop","name":"Manjunathanagara","ref":null,"status":"operational","opened_on":null,"expected_completion":null,"agency":"BMRCL","source":"gtfs_bengaluru_bmrcl","confidence":0.7,"mode":"metro","tier":"secondary"},"geometry":{"type":"Point","coordinates":[77.4944,13.0501]}},{"type":"Feature","properties":{"id":"transit_stop:gtfs_bengaluru_bmrcl:MNJN_PF1","field":"public_transport","kind":"transit_stop","name":"Manjunathanagara","ref":null,"status":"operational","opened_on":null,"expected_completion":null,"agency":"BMRCL","source":"gtfs_bengaluru_bmrcl","confidence":0.7,"mode":"metro","tier":"secondary"},"geometry":{"type":"Point","coordinates":[77.4944,13.0501]}},{"type":"Feature","properties":{"id":"transit_stop:gtfs_bengaluru_bmrcl:MNJN_PF2","field":"public_transport","kind":"transit_stop","name":"Manjunathanagara","ref":null,"status":"operational","opened_on":null,"expected_completion":null,"agency":"BMRCL","source":"gtfs_bengaluru_bmrcl","confidence":0.7,"mode":"metro","tier":"secondary"},"geometry":{"type":"Point","coordinates":[77.4945,13.0501]}},{"type":"Feature","properties":{"id":"transit_stop:gtfs_bengaluru_bmrcl:SPGD","field":"public_transport","kind":"transit_stop","name":"Mantri Square Sampige Road","ref":null,"status":"operational","opened_on":null,"expected_completion":null,"agency":"BMRCL","source":"gtfs_bengaluru_bmrcl","confidence":0.7,"mode":"metro","tier":"secondary"},"geometry":{"type":"Point","coordinates":[77.5707,12.9905]}},{"type":"Feature","properties":{"id":"transit_stop:gtfs_bengaluru_bmrcl:SPGD_PF1","field":"public_transport","kind":"transit_stop","name":"Mantri Square Sampige Road","ref":null,"status":"operational","opened_on":null,"expected_completion":null,"agency":"BMRCL","source":"gtfs_bengaluru_bmrcl","confidence":0.7,"mode":"metro","tier":"secondary"},"geometry":{"type":"Point","coordinates":[77.5707,12.9904]}},{"type":"Feature","properties":{"id":"transit_stop:gtfs_bengaluru_bmrcl:SPGD_PF2","field":"public_transport","kind":"transit_stop","name":"Mantri Square Sampige Road","ref":null,"status":"operational","opened_on":null,"expected_completion":null,"agency":"BMRCL","source":"gtfs_bengaluru_bmrcl","confidence":0.7,"mode":"metro","tier":"secondary"},"geometry":{"type":"Point","coordinates":[77.5708,12.9905]}},{"type":"Feature","properties":{"id":"transit_stop:gtfs_bengaluru_bmrcl:SPGD_A","field":"public_transport","kind":"transit_stop","name":"Mantri Square Sampige Road \u2013 Entrance A","ref":null,"status":"operational","opened_on":null,"expected_completion":null,"agency":"BMRCL","source":"gtfs_bengaluru_bmrcl","confidence":0.7,"mode":"metro","tier":"secondary"},"geometry":{"type":"Point","coordinates":[77.5713,12.99]}},{"type":"Feature","properties":{"id":"transit_stop:gtfs_bengaluru_bmrcl:SPGD_B","field":"public_transport","kind":"transit_stop","name":"Mantri Square Sampige Road \u2013 Entrance B","ref":null,"status":"operational","opened_on":null,"expected_completion":null,"agency":"BMRCL","source":"gtfs_bengaluru_bmrcl","confidence":0.7,"mode":"metro","tier":"secondary"},"geometry":{"type":"Point","coordinates":[77.571,12.9899]}},{"type":"Feature","properties":{"id":"transit_stop:gtfs_bengaluru_bmrcl:SPGD_C","field":"public_transport","kind":"transit_stop","name":"Mantri Square Sampige Road \u2013 Entrance C","ref":null,"status":"operational","opened_on":null,"expected_completion":null,"agency":"BMRCL","source":"gtfs_bengaluru_bmrcl","confidence":0.7,"mode":"metro","tier":"secondary"},"geometry":{"type":"Point","coordinates":[77.5706,12.991]}},{"type":"Feature","properties":{"id":"transit_stop:gtfs_bengaluru_bmrcl:MYRD","field":"public_transport","kind":"transit_stop","name":"Mysore Road","ref":null,"status":"operational","opened_on":null,"expected_completion":null,"agency":"BMRCL","source":"gtfs_bengaluru_bmrcl","confidence":0.7,"mode":"metro","tier":"secondary"},"geometry":{"type":"Point","coordinates":[77.5302,12.9467]}},{"type":"Feature","properties":{"id":"transit_stop:gtfs_bengaluru_bmrcl:MYRD_PF1","field":"public_transport","kind":"transit_stop","name":"Mysore Road","ref":null,"status":"operational","opened_on":null,"expected_completion":null,"agency":"BMRCL","source":"gtfs_bengaluru_bmrcl","confidence":0.7,"mode":"metro","tier":"secondary"},"geometry":{"type":"Point","coordinates":[77.5301,12.9467]}},{"type":"Feature","properties":{"id":"transit_stop:gtfs_bengaluru_bmrcl:MYRD_PF2","field":"public_transport","kind":"transit_stop","name":"Mysore Road","ref":null,"status":"operational","opened_on":null,"expected_completion":null,"agency":"BMRCL","source":"gtfs_bengaluru_bmrcl","confidence":0.7,"mode":"metro","tier":"secondary"},"geometry":{"type":"Point","coordinates":[77.5301,12.9467]}},{"type":"Feature","properties":{"id":"transit_stop:gtfs_bengaluru_bmrcl:MYRD_A","field":"public_transport","kind":"transit_stop","name":"Mysore Road \u2013 Entrance A","ref":null,"status":"operational","opened_on":null,"expected_completion":null,"agency":"BMRCL","source":"gtfs_bengaluru_bmrcl","confidence":0.7,"mode":"metro","tier":"secondary"},"geometry":{"type":"Point","coordinates":[77.53,12.9468]}},{"type":"Feature","properties":{"id":"transit_stop:gtfs_bengaluru_bmrcl:MYRD_B","field":"public_transport","kind":"transit_stop","name":"Mysore Road \u2013 Entrance B","ref":null,"status":"operational","opened_on":null,"expected_completion":null,"agency":"BMRCL","source":"gtfs_bengaluru_bmrcl","confidence":0.7,"mode":"metro","tier":"secondary"},"geometry":{"type":"Point","coordinates":[77.5303,12.9468]}},{"type":"Feature","properties":{"id":"transit_stop:gtfs_bengaluru_bmrcl:MYRD_C","field":"public_transport","kind":"transit_stop","name":"Mysore Road \u2013 Entrance C","ref":null,"status":"operational","opened_on":null,"expected_completion":null,"agency":"BMRCL","source":"gtfs_bengaluru_bmrcl","confidence":0.7,"mode":"metro","tier":"secondary"},"geometry":{"type":"Point","coordinates":[77.5307,12.9462]}},{"type":"Feature","properties":{"id":"transit_stop:gtfs_bengaluru_bmrcl:MYRD_D","field":"public_transport","kind":"transit_stop","name":"Mysore Road \u2013 Entrance D","ref":null,"status":"operational","opened_on":null,"expected_completion":null,"agency":"BMRCL","source":"gtfs_bengaluru_bmrcl","confidence":0.7,"mode":"metro","tier":"secondary"},"geometry":{"type":"Point","coordinates":[77.5295,12.9465]}},{"type":"Feature","properties":{"id":"transit_stop:gtfs_bengaluru_bmrcl:KGWA","field":"public_transport","kind":"transit_stop","name":"Nadaprabhu Kempegowda Station, Majestic","ref":null,"status":"operational","opened_on":null,"expected_completion":null,"agency":"BMRCL","source":"gtfs_bengaluru_bmrcl","confidence":0.7,"mode":"metro","tier":"secondary"},"geometry":{"type":"Point","coordinates":[77.5729,12.9757]}},{"type":"Feature","properties":{"id":"transit_stop:gtfs_bengaluru_bmrcl:KGWA_PF1","field":"public_transport","kind":"transit_stop","name":"Nadaprabhu Kempegowda Station, Majestic","ref":null,"status":"operational","opened_on":null,"expected_completion":null,"agency":"BMRCL","source":"gtfs_bengaluru_bmrcl","confidence":0.7,"mode":"metro","tier":"secondary"},"geometry":{"type":"Point","coordinates":[77.5731,12.9758]}},{"type":"Feature","properties":{"id":"transit_stop:gtfs_bengaluru_bmrcl:KGWA_PF2","field":"public_transport","kind":"transit_stop","name":"Nadaprabhu Kempegowda Station, Majestic","ref":null,"status":"operational","opened_on":null,"expected_completion":null,"agency":"BMRCL","source":"gtfs_bengaluru_bmrcl","confidence":0.7,"mode":"metro","tier":"secondary"},"geometry":{"type":"Point","coordinates":[77.5728,12.9757]}},{"type":"Feature","properties":{"id":"transit_stop:gtfs_bengaluru_bmrcl:KGWA_PF3","field":"public_transport","kind":"transit_stop","name":"Nadaprabhu Kempegowda Station, Majestic","ref":null,"status":"operational","opened_on":null,"expected_completion":null,"agency":"BMRCL","source":"gtfs_bengaluru_bmrcl","confidence":0.7,"mode":"metro","tier":"secondary"},"geometry":{"type":"Point","coordinates":[77.5729,12.976]}},{"type":"Feature","properties":{"id":"transit_stop:gtfs_bengaluru_bmrcl:KGWA_PF4","field":"public_transport","kind":"transit_stop","name":"Nadaprabhu Kempegowda Station, Majestic","ref":null,"status":"operational","opened_on":null,"expected_completion":null,"agency":"BMRCL","source":"gtfs_bengaluru_bmrcl","confidence":0.7,"mode":"metro","tier":"secondary"},"geometry":{"type":"Point","coordinates":[77.573,12.9751]}},{"type":"Feature","properties":{"id":"transit_stop:gtfs_bengaluru_bmrcl:KGWA_E","field":"public_transport","kind":"transit_stop","name":"Nadaprabhu Kempegowda Station, Majestic \u2013 Entrance","ref":null,"status":"operational","opened_on":null,"expected_completion":null,"agency":"BMRCL","source":"gtfs_bengaluru_bmrcl","confidence":0.7,"mode":"metro","tier":"secondary"},"geometry":{"type":"Point","coordinates":[77.5712,12.9759]}},{"type":"Feature","properties":{"id":"transit_stop:gtfs_bengaluru_bmrcl:KGWA_A","field":"public_transport","kind":"transit_stop","name":"Nadaprabhu Kempegowda Station, Majestic \u2013 Entrance A","ref":null,"status":"operational","opened_on":null,"expected_completion":null,"agency":"BMRCL","source":"gtfs_bengaluru_bmrcl","confidence":0.7,"mode":"metro","tier":"secondary"},"geometry":{"type":"Point","coordinates":[77.5712,12.9757]}},{"type":"Feature","properties":{"id":"transit_stop:gtfs_bengaluru_bmrcl:KGWA_B","field":"public_transport","kind":"transit_stop","name":"Nadaprabhu Kempegowda Station, Majestic \u2013 Entrance B","ref":null,"status":"operational","opened_on":null,"expected_completion":null,"agency":"BMRCL","source":"gtfs_bengaluru_bmrcl","confidence":0.7,"mode":"metro","tier":"secondary"},"geometry":{"type":"Point","coordinates":[77.573,12.9742]}},{"type":"Feature","properties":{"id":"transit_stop:gtfs_bengaluru_bmrcl:KGWA_C","field":"public_transport","kind":"transit_stop","name":"Nadaprabhu Kempegowda Station, Majestic \u2013 Entrance C","ref":null,"status":"operational","opened_on":null,"expected_completion":null,"agency":"BMRCL","source":"gtfs_bengaluru_bmrcl","confidence":0.7,"mode":"metro","tier":"secondary"},"geometry":{"type":"Point","coordinates":[77.5729,12.9746]}},{"type":"Feature","properties":{"id":"transit_stop:gtfs_bengaluru_bmrcl:KGWA_D","field":"public_transport","kind":"transit_stop","name":"Nadaprabhu Kempegowda Station, Majestic \u2013 Entrance D","ref":null,"status":"operational","opened_on":null,"expected_completion":null,"agency":"BMRCL","source":"gtfs_bengaluru_bmrcl","confidence":0.7,"mode":"metro","tier":"secondary"},"geometry":{"type":"Point","coordinates":[77.5732,12.9761]}},{"type":"Feature","properties":{"id":"transit_stop:gtfs_bengaluru_bmrcl:NGSA","field":"public_transport","kind":"transit_stop","name":"Nagasandra","ref":null,"status":"operational","opened_on":null,"expected_completion":null,"agency":"BMRCL","source":"gtfs_bengaluru_bmrcl","confidence":0.7,"mode":"metro","tier":"secondary"},"geometry":{"type":"Point","coordinates":[77.5001,13.048]}},{"type":"Feature","properties":{"id":"transit_stop:gtfs_bengaluru_bmrcl:NGSA_PF1","field":"public_transport","kind":"transit_stop","name":"Nagasandra","ref":null,"status":"operational","opened_on":null,"expected_completion":null,"agency":"BMRCL","source":"gtfs_bengaluru_bmrcl","confidence":0.7,"mode":"metro","tier":"secondary"},"geometry":{"type":"Point","coordinates":[77.5001,13.0479]}},{"type":"Feature","properties":{"id":"transit_stop:gtfs_bengaluru_bmrcl:NGSA_PF2","field":"public_transport","kind":"transit_stop","name":"Nagasandra","ref":null,"status":"operational","opened_on":null,"expected_completion":null,"agency":"BMRCL","source":"gtfs_bengaluru_bmrcl","confidence":0.7,"mode":"metro","tier":"secondary"},"geometry":{"type":"Point","coordinates":[77.5001,13.048]}},{"type":"Feature","properties":{"id":"transit_stop:gtfs_bengaluru_bmrcl:NGSA_E","field":"public_transport","kind":"transit_stop","name":"Nagasandra \u2013 Entrance","ref":null,"status":"operational","opened_on":null,"expected_completion":null,"agency":"BMRCL","source":"gtfs_bengaluru_bmrcl","confidence":0.7,"mode":"metro","tier":"secondary"},"geometry":{"type":"Point","coordinates":[77.5004,13.0482]}},{"type":"Feature","properties":{"id":"transit_stop:gtfs_bengaluru_bmrcl:NGSA_E_2","field":"public_transport","kind":"transit_stop","name":"Nagasandra \u2013 Entrance","ref":null,"status":"operational","opened_on":null,"expected_completion":null,"agency":"BMRCL","source":"gtfs_bengaluru_bmrcl","confidence":0.7,"mode":"metro","tier":"secondary"},"geometry":{"type":"Point","coordinates":[77.5008,13.0478]}},{"type":"Feature","properties":{"id":"transit_stop:gtfs_bengaluru_bmrcl:NGSA_E_3","field":"public_transport","kind":"transit_stop","name":"Nagasandra \u2013 Entrance","ref":null,"status":"operational","opened_on":null,"expected_completion":null,"agency":"BMRCL","source":"gtfs_bengaluru_bmrcl","confidence":0.7,"mode":"metro","tier":"secondary"},"geometry":{"type":"Point","coordinates":[77.4997,13.0483]}},{"type":"Feature","properties":{"id":"transit_stop:gtfs_bengaluru_bmrcl:VDHP","field":"public_transport","kind":"transit_stop","name":"Nallurahalli","ref":null,"status":"operational","opened_on":null,"expected_completion":null,"agency":"BMRCL","source":"gtfs_bengaluru_bmrcl","confidence":0.7,"mode":"metro","tier":"secondary"},"geometry":{"type":"Point","coordinates":[77.7249,12.9766]}},{"type":"Feature","properties":{"id":"transit_stop:gtfs_bengaluru_bmrcl:VDHP_PF1","field":"public_transport","kind":"transit_stop","name":"Nallurahalli","ref":null,"status":"operational","opened_on":null,"expected_completion":null,"agency":"BMRCL","source":"gtfs_bengaluru_bmrcl","confidence":0.7,"mode":"metro","tier":"secondary"},"geometry":{"type":"Point","coordinates":[77.7254,12.9766]}},{"type":"Feature","properties":{"id":"transit_stop:gtfs_bengaluru_bmrcl:VDHP_PF2","field":"public_transport","kind":"transit_stop","name":"Nallurahalli","ref":null,"status":"operational","opened_on":null,"expected_completion":null,"agency":"BMRCL","source":"gtfs_bengaluru_bmrcl","confidence":0.7,"mode":"metro","tier":"secondary"},"geometry":{"type":"Point","coordinates":[77.7244,12.9766]}},{"type":"Feature","properties":{"id":"transit_stop:gtfs_bengaluru_bmrcl:VDHP_A","field":"public_transport","kind":"transit_stop","name":"Nallurahalli \u2013 Entrance A","ref":null,"status":"operational","opened_on":null,"expected_completion":null,"agency":"BMRCL","source":"gtfs_bengaluru_bmrcl","confidence":0.7,"mode":"metro","tier":"secondary"},"geometry":{"type":"Point","coordinates":[77.7249,12.9768]}},{"type":"Feature","properties":{"id":"transit_stop:gtfs_bengaluru_bmrcl:VDHP_B","field":"public_transport","kind":"transit_stop","name":"Nallurahalli \u2013 Entrance B","ref":null,"status":"operational","opened_on":null,"expected_completion":null,"agency":"BMRCL","source":"gtfs_bengaluru_bmrcl","confidence":0.7,"mode":"metro","tier":"secondary"},"geometry":{"type":"Point","coordinates":[77.725,12.9765]}},{"type":"Feature","properties":{"id":"transit_stop:gtfs_bengaluru_bmrcl:VDHP_C","field":"public_transport","kind":"transit_stop","name":"Nallurahalli \u2013 Entrance C","ref":null,"status":"operational","opened_on":null,"expected_completion":null,"agency":"BMRCL","source":"gtfs_bengaluru_bmrcl","confidence":0.7,"mode":"metro","tier":"secondary"},"geometry":{"type":"Point","coordinates":[77.7247,12.9765]}},{"type":"Feature","properties":{"id":"transit_stop:gtfs_bengaluru_bmrcl:VDHP_D","field":"public_transport","kind":"transit_stop","name":"Nallurahalli \u2013 Entrance D","ref":null,"status":"operational","opened_on":null,"expected_completion":null,"agency":"BMRCL","source":"gtfs_bengaluru_bmrcl","confidence":0.7,"mode":"metro","tier":"secondary"},"geometry":{"type":"Point","coordinates":[77.7253,12.9765]}},{"type":"Feature","properties":{"id":"transit_stop:gtfs_bengaluru_bmrcl:NLC","field":"public_transport","kind":"transit_stop","name":"National College","ref":null,"status":"operational","opened_on":null,"expected_completion":null,"agency":"BMRCL","source":"gtfs_bengaluru_bmrcl","confidence":0.7,"mode":"metro","tier":"secondary"},"geometry":{"type":"Point","coordinates":[77.5737,12.9505]}},{"type":"Feature","properties":{"id":"transit_stop:gtfs_bengaluru_bmrcl:NLC_PF1","field":"public_transport","kind":"transit_stop","name":"National College","ref":null,"status":"operational","opened_on":null,"expected_completion":null,"agency":"BMRCL","source":"gtfs_bengaluru_bmrcl","confidence":0.7,"mode":"metro","tier":"secondary"},"geometry":{"type":"Point","coordinates":[77.5737,12.9505]}},{"type":"Feature","properties":{"id":"transit_stop:gtfs_bengaluru_bmrcl:NLC_PF2","field":"public_transport","kind":"transit_stop","name":"National College","ref":null,"status":"operational","opened_on":null,"expected_completion":null,"agency":"BMRCL","source":"gtfs_bengaluru_bmrcl","confidence":0.7,"mode":"metro","tier":"secondary"},"geometry":{"type":"Point","coordinates":[77.5737,12.9505]}},{"type":"Feature","properties":{"id":"transit_stop:gtfs_bengaluru_bmrcl:NLC_A","field":"public_transport","kind":"transit_stop","name":"National College \u2013 Entrance A","ref":null,"status":"operational","opened_on":null,"expected_completion":null,"agency":"BMRCL","source":"gtfs_bengaluru_bmrcl","confidence":0.7,"mode":"metro","tier":"secondary"},"geometry":{"type":"Point","coordinates":[77.5739,12.9511]}},{"type":"Feature","properties":{"id":"transit_stop:gtfs_bengaluru_bmrcl:NLC_B","field":"public_transport","kind":"transit_stop","name":"National College \u2013 Entrance B","ref":null,"status":"operational","opened_on":null,"expected_completion":null,"agency":"BMRCL","source":"gtfs_bengaluru_bmrcl","confidence":0.7,"mode":"metro","tier":"secondary"},"geometry":{"type":"Point","coordinates":[77.5739,12.9508]}},{"type":"Feature","properties":{"id":"transit_stop:gtfs_bengaluru_bmrcl:NLC_C","field":"public_transport","kind":"transit_stop","name":"National College \u2013 Entrance C","ref":null,"status":"operational","opened_on":null,"expected_completion":null,"agency":"BMRCL","source":"gtfs_bengaluru_bmrcl","confidence":0.7,"mode":"metro","tier":"secondary"},"geometry":{"type":"Point","coordinates":[77.5736,12.9501]}},{"type":"Feature","properties":{"id":"transit_stop:gtfs_bengaluru_bmrcl:NYHM","field":"public_transport","kind":"transit_stop","name":"Pantharapalya - Nayandahalli","ref":null,"status":"operational","opened_on":null,"expected_completion":null,"agency":"BMRCL","source":"gtfs_bengaluru_bmrcl","confidence":0.7,"mode":"metro","tier":"secondary"},"geometry":{"type":"Point","coordinates":[77.5251,12.9417]}},{"type":"Feature","properties":{"id":"transit_stop:gtfs_bengaluru_bmrcl:NYHM_PF1","field":"public_transport","kind":"transit_stop","name":"Pantharapalya - Nayandahalli","ref":null,"status":"operational","opened_on":null,"expected_completion":null,"agency":"BMRCL","source":"gtfs_bengaluru_bmrcl","confidence":0.7,"mode":"metro","tier":"secondary"},"geometry":{"type":"Point","coordinates":[77.5251,12.9417]}},{"type":"Feature","properties":{"id":"transit_stop:gtfs_bengaluru_bmrcl:NYHM_PF2","field":"public_transport","kind":"transit_stop","name":"Pantharapalya - Nayandahalli","ref":null,"status":"operational","opened_on":null,"expected_completion":null,"agency":"BMRCL","source":"gtfs_bengaluru_bmrcl","confidence":0.7,"mode":"metro","tier":"secondary"},"geometry":{"type":"Point","coordinates":[77.5251,12.9417]}},{"type":"Feature","properties":{"id":"transit_stop:gtfs_bengaluru_bmrcl:NYHM_A","field":"public_transport","kind":"transit_stop","name":"Pantharapalya - Nayandahalli \u2013 Entrance A","ref":null,"status":"operational","opened_on":null,"expected_completion":null,"agency":"BMRCL","source":"gtfs_bengaluru_bmrcl","confidence":0.7,"mode":"metro","tier":"secondary"},"geometry":{"type":"Point","coordinates":[77.5253,12.9417]}},{"type":"Feature","properties":{"id":"transit_stop:gtfs_bengaluru_bmrcl:NYHM_B","field":"public_transport","kind":"transit_stop","name":"Pantharapalya - Nayandahalli \u2013 Entrance B","ref":null,"status":"operational","opened_on":null,"expected_completion":null,"agency":"BMRCL","source":"gtfs_bengaluru_bmrcl","confidence":0.7,"mode":"metro","tier":"secondary"},"geometry":{"type":"Point","coordinates":[77.525,12.9418]}},{"type":"Feature","properties":{"id":"transit_stop:gtfs_bengaluru_bmrcl:PATG","field":"public_transport","kind":"transit_stop","name":"Pattanagere","ref":null,"status":"operational","opened_on":null,"expected_completion":null,"agency":"BMRCL","source":"gtfs_bengaluru_bmrcl","confidence":0.7,"mode":"metro","tier":"secondary"},"geometry":{"type":"Point","coordinates":[77.4984,12.9243]}},{"type":"Feature","properties":{"id":"transit_stop:gtfs_bengaluru_bmrcl:PATG_PF1","field":"public_transport","kind":"transit_stop","name":"Pattanagere","ref":null,"status":"operational","opened_on":null,"expected_completion":null,"agency":"BMRCL","source":"gtfs_bengaluru_bmrcl","confidence":0.7,"mode":"metro","tier":"secondary"},"geometry":{"type":"Point","coordinates":[77.4983,12.9243]}},{"type":"Feature","properties":{"id":"transit_stop:gtfs_bengaluru_bmrcl:PATG_PF2","field":"public_transport","kind":"transit_stop","name":"Pattanagere","ref":null,"status":"operational","opened_on":null,"expected_completion":null,"agency":"BMRCL","source":"gtfs_bengaluru_bmrcl","confidence":0.7,"mode":"metro","tier":"secondary"},"geometry":{"type":"Point","coordinates":[77.4984,12.9242]}},{"type":"Feature","properties":{"id":"transit_stop:gtfs_bengaluru_bmrcl:PATG_A","field":"public_transport","kind":"transit_stop","name":"Pattanagere \u2013 Entrance A","ref":null,"status":"operational","opened_on":null,"expected_completion":null,"agency":"BMRCL","source":"gtfs_bengaluru_bmrcl","confidence":0.7,"mode":"metro","tier":"secondary"},"geometry":{"type":"Point","coordinates":[77.4982,12.9241]}},{"type":"Feature","properties":{"id":"transit_stop:gtfs_bengaluru_bmrcl:PATG_B","field":"public_transport","kind":"transit_stop","name":"Pattanagere \u2013 Entrance B","ref":null,"status":"operational","opened_on":null,"expected_completion":null,"agency":"BMRCL","source":"gtfs_bengaluru_bmrcl","confidence":0.7,"mode":"metro","tier":"secondary"},"geometry":{"type":"Point","coordinates":[77.4981,12.9244]}},{"type":"Feature","properties":{"id":"transit_stop:gtfs_bengaluru_bmrcl:ITPL","field":"public_transport","kind":"transit_stop","name":"Pattandur Agrahara","ref":null,"status":"operational","opened_on":null,"expected_completion":null,"agency":"BMRCL","source":"gtfs_bengaluru_bmrcl","confidence":0.7,"mode":"metro","tier":"secondary"},"geometry":{"type":"Point","coordinates":[77.7378,12.9876]}},{"type":"Feature","properties":{"id":"transit_stop:gtfs_bengaluru_bmrcl:ITPL_PF1","field":"public_transport","kind":"transit_stop","name":"Pattandur Agrahara","ref":null,"status":"operational","opened_on":null,"expected_completion":null,"agency":"BMRCL","source":"gtfs_bengaluru_bmrcl","confidence":0.7,"mode":"metro","tier":"secondary"},"geometry":{"type":"Point","coordinates":[77.7384,12.9876]}},{"type":"Feature","properties":{"id":"transit_stop:gtfs_bengaluru_bmrcl:ITPL_PF2","field":"public_transport","kind":"transit_stop","name":"Pattandur Agrahara","ref":null,"status":"operational","opened_on":null,"expected_completion":null,"agency":"BMRCL","source":"gtfs_bengaluru_bmrcl","confidence":0.7,"mode":"metro","tier":"secondary"},"geometry":{"type":"Point","coordinates":[77.7372,12.9876]}},{"type":"Feature","properties":{"id":"transit_stop:gtfs_bengaluru_bmrcl:ITPL_E","field":"public_transport","kind":"transit_stop","name":"Pattandur Agrahara \u2013 Entrance","ref":null,"status":"operational","opened_on":null,"expected_completion":null,"agency":"BMRCL","source":"gtfs_bengaluru_bmrcl","confidence":0.7,"mode":"metro","tier":"secondary"},"geometry":{"type":"Point","coordinates":[77.7374,12.9875]}},{"type":"Feature","properties":{"id":"transit_stop:gtfs_bengaluru_bmrcl:ITPL_A","field":"public_transport","kind":"transit_stop","name":"Pattandur Agrahara \u2013 Entrance A","ref":null,"status":"operational","opened_on":null,"expected_completion":null,"agency":"BMRCL","source":"gtfs_bengaluru_bmrcl","confidence":0.7,"mode":"metro","tier":"secondary"},"geometry":{"type":"Point","coordinates":[77.7379,12.9878]}},{"type":"Feature","properties":{"id":"transit_stop:gtfs_bengaluru_bmrcl:ITPL_B","field":"public_transport","kind":"transit_stop","name":"Pattandur Agrahara \u2013 Entrance B","ref":null,"status":"operational","opened_on":null,"expected_completion":null,"agency":"BMRCL","source":"gtfs_bengaluru_bmrcl","confidence":0.7,"mode":"metro","tier":"secondary"},"geometry":{"type":"Point","coordinates":[77.7379,12.9874]}},{"type":"Feature","properties":{"id":"transit_stop:gtfs_bengaluru_bmrcl:PEYA","field":"public_transport","kind":"transit_stop","name":"Peenya","ref":null,"status":"operational","opened_on":null,"expected_completion":null,"agency":"BMRCL","source":"gtfs_bengaluru_bmrcl","confidence":0.7,"mode":"metro","tier":"secondary"},"geometry":{"type":"Point","coordinates":[77.5332,13.033]}},{"type":"Feature","properties":{"id":"transit_stop:gtfs_bengaluru_bmrcl:PEYA_PF1","field":"public_transport","kind":"transit_stop","name":"Peenya","ref":null,"status":"operational","opened_on":null,"expected_completion":null,"agency":"BMRCL","source":"gtfs_bengaluru_bmrcl","confidence":0.7,"mode":"metro","tier":"secondary"},"geometry":{"type":"Point","coordinates":[77.5332,13.033]}},{"type":"Feature","properties":{"id":"transit_stop:gtfs_bengaluru_bmrcl:PEYA_PF2","field":"public_transport","kind":"transit_stop","name":"Peenya","ref":null,"status":"operational","opened_on":null,"expected_completion":null,"agency":"BMRCL","source":"gtfs_bengaluru_bmrcl","confidence":0.7,"mode":"metro","tier":"secondary"},"geometry":{"type":"Point","coordinates":[77.5332,13.0331]}},{"type":"Feature","properties":{"id":"transit_stop:gtfs_bengaluru_bmrcl:PYID","field":"public_transport","kind":"transit_stop","name":"Peenya Industry","ref":null,"status":"operational","opened_on":null,"expected_completion":null,"agency":"BMRCL","source":"gtfs_bengaluru_bmrcl","confidence":0.7,"mode":"metro","tier":"secondary"},"geometry":{"type":"Point","coordinates":[77.5255,13.0363]}},{"type":"Feature","properties":{"id":"transit_stop:gtfs_bengaluru_bmrcl:PYID_PF1","field":"public_transport","kind":"transit_stop","name":"Peenya Industry","ref":null,"status":"operational","opened_on":null,"expected_completion":null,"agency":"BMRCL","source":"gtfs_bengaluru_bmrcl","confidence":0.7,"mode":"metro","tier":"secondary"},"geometry":{"type":"Point","coordinates":[77.5255,13.0363]}},{"type":"Feature","properties":{"id":"transit_stop:gtfs_bengaluru_bmrcl:PYID_PF2","field":"public_transport","kind":"transit_stop","name":"Peenya Industry","ref":null,"status":"operational","opened_on":null,"expected_completion":null,"agency":"BMRCL","source":"gtfs_bengaluru_bmrcl","confidence":0.7,"mode":"metro","tier":"secondary"},"geometry":{"type":"Point","coordinates":[77.5255,13.0363]}},{"type":"Feature","properties":{"id":"transit_stop:gtfs_bengaluru_bmrcl:PYID_A","field":"public_transport","kind":"transit_stop","name":"Peenya Industry \u2013 Entrance A","ref":null,"status":"operational","opened_on":null,"expected_completion":null,"agency":"BMRCL","source":"gtfs_bengaluru_bmrcl","confidence":0.7,"mode":"metro","tier":"secondary"},"geometry":{"type":"Point","coordinates":[77.5251,13.0366]}},{"type":"Feature","properties":{"id":"transit_stop:gtfs_bengaluru_bmrcl:PYID_B","field":"public_transport","kind":"transit_stop","name":"Peenya Industry \u2013 Entrance B","ref":null,"status":"operational","opened_on":null,"expected_completion":null,"agency":"BMRCL","source":"gtfs_bengaluru_bmrcl","confidence":0.7,"mode":"metro","tier":"secondary"},"geometry":{"type":"Point","coordinates":[77.5261,13.0361]}},{"type":"Feature","properties":{"id":"transit_stop:gtfs_bengaluru_bmrcl:PEYA_B","field":"public_transport","kind":"transit_stop","name":"Peenya \u2013 Entrance B","ref":null,"status":"operational","opened_on":null,"expected_completion":null,"agency":"BMRCL","source":"gtfs_bengaluru_bmrcl","confidence":0.7,"mode":"metro","tier":"secondary"},"geometry":{"type":"Point","coordinates":[77.5336,13.0329]}},{"type":"Feature","properties":{"id":"transit_stop:gtfs_bengaluru_bmrcl:RGDT","field":"public_transport","kind":"transit_stop","name":"Ragigudda","ref":null,"status":"operational","opened_on":null,"expected_completion":null,"agency":"BMRCL","source":"gtfs_bengaluru_bmrcl","confidence":0.7,"mode":"metro","tier":"secondary"},"geometry":{"type":"Point","coordinates":[77.5883,12.9171]}},{"type":"Feature","properties":{"id":"transit_stop:gtfs_bengaluru_bmrcl:RGDT_PF1","field":"public_transport","kind":"transit_stop","name":"Ragigudda","ref":null,"status":"operational","opened_on":null,"expected_completion":null,"agency":"BMRCL","source":"gtfs_bengaluru_bmrcl","confidence":0.7,"mode":"metro","tier":"secondary"},"geometry":{"type":"Point","coordinates":[77.5878,12.9171]}},{"type":"Feature","properties":{"id":"transit_stop:gtfs_bengaluru_bmrcl:RGDT_PF2","field":"public_transport","kind":"transit_stop","name":"Ragigudda","ref":null,"status":"operational","opened_on":null,"expected_completion":null,"agency":"BMRCL","source":"gtfs_bengaluru_bmrcl","confidence":0.7,"mode":"metro","tier":"secondary"},"geometry":{"type":"Point","coordinates":[77.5887,12.9171]}},{"type":"Feature","properties":{"id":"transit_stop:gtfs_bengaluru_bmrcl:RGDT_A","field":"public_transport","kind":"transit_stop","name":"Ragigudda \u2013 Entrance A","ref":null,"status":"operational","opened_on":null,"expected_completion":null,"agency":"BMRCL","source":"gtfs_bengaluru_bmrcl","confidence":0.7,"mode":"metro","tier":"secondary"},"geometry":{"type":"Point","coordinates":[77.5882,12.9169]}},{"type":"Feature","properties":{"id":"transit_stop:gtfs_bengaluru_bmrcl:RGDT_B","field":"public_transport","kind":"transit_stop","name":"Ragigudda \u2013 Entrance B","ref":null,"status":"operational","opened_on":null,"expected_completion":null,"agency":"BMRCL","source":"gtfs_bengaluru_bmrcl","confidence":0.7,"mode":"metro","tier":"secondary"},"geometry":{"type":"Point","coordinates":[77.5882,12.9173]}},{"type":"Feature","properties":{"id":"transit_stop:gtfs_bengaluru_bmrcl:RJNR","field":"public_transport","kind":"transit_stop","name":"Rajajinagar","ref":null,"status":"operational","opened_on":null,"expected_completion":null,"agency":"BMRCL","source":"gtfs_bengaluru_bmrcl","confidence":0.7,"mode":"metro","tier":"secondary"},"geometry":{"type":"Point","coordinates":[77.5497,13.0005]}},{"type":"Feature","properties":{"id":"transit_stop:gtfs_bengaluru_bmrcl:RJNR_PF1","field":"public_transport","kind":"transit_stop","name":"Rajajinagar","ref":null,"status":"operational","opened_on":null,"expected_completion":null,"agency":"BMRCL","source":"gtfs_bengaluru_bmrcl","confidence":0.7,"mode":"metro","tier":"secondary"},"geometry":{"type":"Point","coordinates":[77.5496,13.0005]}},{"type":"Feature","properties":{"id":"transit_stop:gtfs_bengaluru_bmrcl:RJNR_PF2","field":"public_transport","kind":"transit_stop","name":"Rajajinagar","ref":null,"status":"operational","opened_on":null,"expected_completion":null,"agency":"BMRCL","source":"gtfs_bengaluru_bmrcl","confidence":0.7,"mode":"metro","tier":"secondary"},"geometry":{"type":"Point","coordinates":[77.5497,13.0005]}},{"type":"Feature","properties":{"id":"transit_stop:gtfs_bengaluru_bmrcl:RJNR_A","field":"public_transport","kind":"transit_stop","name":"Rajajinagar \u2013 Entrance A","ref":null,"status":"operational","opened_on":null,"expected_completion":null,"agency":"BMRCL","source":"gtfs_bengaluru_bmrcl","confidence":0.7,"mode":"metro","tier":"secondary"},"geometry":{"type":"Point","coordinates":[77.5495,12.9995]}},{"type":"Feature","properties":{"id":"transit_stop:gtfs_bengaluru_bmrcl:RJNR_A_2","field":"public_transport","kind":"transit_stop","name":"Rajajinagar \u2013 Entrance A","ref":null,"status":"operational","opened_on":null,"expected_completion":null,"agency":"BMRCL","source":"gtfs_bengaluru_bmrcl","confidence":0.7,"mode":"metro","tier":"secondary"},"geometry":{"type":"Point","coordinates":[77.5496,12.9995]}},{"type":"Feature","properties":{"id":"transit_stop:gtfs_bengaluru_bmrcl:RJNR_B","field":"public_transport","kind":"transit_stop","name":"Rajajinagar \u2013 Entrance B","ref":null,"status":"operational","opened_on":null,"expected_completion":null,"agency":"BMRCL","source":"gtfs_bengaluru_bmrcl","confidence":0.7,"mode":"metro","tier":"secondary"},"geometry":{"type":"Point","coordinates":[77.5501,13.0002]}},{"type":"Feature","properties":{"id":"transit_stop:gtfs_bengaluru_bmrcl:RRRN","field":"public_transport","kind":"transit_stop","name":"Rajarajeshwari Nagar","ref":null,"status":"operational","opened_on":null,"expected_completion":null,"agency":"BMRCL","source":"gtfs_bengaluru_bmrcl","confidence":0.7,"mode":"metro","tier":"secondary"},"geometry":{"type":"Point","coordinates":[77.5197,12.9366]}},{"type":"Feature","properties":{"id":"transit_stop:gtfs_bengaluru_bmrcl:RRRN_PF1","field":"public_transport","kind":"transit_stop","name":"Rajarajeshwari Nagar","ref":null,"status":"operational","opened_on":null,"expected_completion":null,"agency":"BMRCL","source":"gtfs_bengaluru_bmrcl","confidence":0.7,"mode":"metro","tier":"secondary"},"geometry":{"type":"Point","coordinates":[77.5197,12.9367]}},{"type":"Feature","properties":{"id":"transit_stop:gtfs_bengaluru_bmrcl:RRRN_PF2","field":"public_transport","kind":"transit_stop","name":"Rajarajeshwari Nagar","ref":null,"status":"operational","opened_on":null,"expected_completion":null,"agency":"BMRCL","source":"gtfs_bengaluru_bmrcl","confidence":0.7,"mode":"metro","tier":"secondary"},"geometry":{"type":"Point","coordinates":[77.5197,12.9366]}},{"type":"Feature","properties":{"id":"transit_stop:gtfs_bengaluru_bmrcl:RRRN_A","field":"public_transport","kind":"transit_stop","name":"Rajarajeshwari Nagar \u2013 Entrance A","ref":null,"status":"operational","opened_on":null,"expected_completion":null,"agency":"BMRCL","source":"gtfs_bengaluru_bmrcl","confidence":0.7,"mode":"metro","tier":"secondary"},"geometry":{"type":"Point","coordinates":[77.5196,12.9365]}},{"type":"Feature","properties":{"id":"transit_stop:gtfs_bengaluru_bmrcl:RRRN_B","field":"public_transport","kind":"transit_stop","name":"Rajarajeshwari Nagar \u2013 Entrance B","ref":null,"status":"operational","opened_on":null,"expected_completion":null,"agency":"BMRCL","source":"gtfs_bengaluru_bmrcl","confidence":0.7,"mode":"metro","tier":"secondary"},"geometry":{"type":"Point","coordinates":[77.5195,12.9367]}},{"type":"Feature","properties":{"id":"transit_stop:gtfs_bengaluru_bmrcl:RVR","field":"public_transport","kind":"transit_stop","name":"Rashtreeya Vidyalaya Road","ref":null,"status":"operational","opened_on":null,"expected_completion":null,"agency":"BMRCL","source":"gtfs_bengaluru_bmrcl","confidence":0.7,"mode":"metro","tier":"secondary"},"geometry":{"type":"Point","coordinates":[77.5802,12.9216]}},{"type":"Feature","properties":{"id":"transit_stop:gtfs_bengaluru_bmrcl:RVR_PF1","field":"public_transport","kind":"transit_stop","name":"Rashtreeya Vidyalaya Road","ref":null,"status":"operational","opened_on":null,"expected_completion":null,"agency":"BMRCL","source":"gtfs_bengaluru_bmrcl","confidence":0.7,"mode":"metro","tier":"secondary"},"geometry":{"type":"Point","coordinates":[77.5802,12.9213]}},{"type":"Feature","properties":{"id":"transit_stop:gtfs_bengaluru_bmrcl:RVR_PF2","field":"public_transport","kind":"transit_stop","name":"Rashtreeya Vidyalaya Road","ref":null,"status":"operational","opened_on":null,"expected_completion":null,"agency":"BMRCL","source":"gtfs_bengaluru_bmrcl","confidence":0.7,"mode":"metro","tier":"secondary"},"geometry":{"type":"Point","coordinates":[77.5803,12.9213]}},{"type":"Feature","properties":{"id":"transit_stop:gtfs_bengaluru_bmrcl:RVR_PF3","field":"public_transport","kind":"transit_stop","name":"Rashtreeya Vidyalaya Road","ref":null,"status":"operational","opened_on":null,"expected_completion":null,"agency":"BMRCL","source":"gtfs_bengaluru_bmrcl","confidence":0.7,"mode":"metro","tier":"secondary"},"geometry":{"type":"Point","coordinates":[77.5801,12.921]}},{"type":"Feature","properties":{"id":"transit_stop:gtfs_bengaluru_bmrcl:RVR_PF4","field":"public_transport","kind":"transit_stop","name":"Rashtreeya Vidyalaya Road","ref":null,"status":"operational","opened_on":null,"expected_completion":null,"agency":"BMRCL","source":"gtfs_bengaluru_bmrcl","confidence":0.7,"mode":"metro","tier":"secondary"},"geometry":{"type":"Point","coordinates":[77.5801,12.9219]}},{"type":"Feature","properties":{"id":"transit_stop:gtfs_bengaluru_bmrcl:RVR_A","field":"public_transport","kind":"transit_stop","name":"Rashtreeya Vidyalaya Road \u2013 Entrance A","ref":null,"status":"operational","opened_on":null,"expected_completion":null,"agency":"BMRCL","source":"gtfs_bengaluru_bmrcl","confidence":0.7,"mode":"metro","tier":"secondary"},"geometry":{"type":"Point","coordinates":[77.5804,12.921]}},{"type":"Feature","properties":{"id":"transit_stop:gtfs_bengaluru_bmrcl:RVR_B","field":"public_transport","kind":"transit_stop","name":"Rashtreeya Vidyalaya Road \u2013 Entrance B","ref":null,"status":"operational","opened_on":null,"expected_completion":null,"agency":"BMRCL","source":"gtfs_bengaluru_bmrcl","confidence":0.7,"mode":"metro","tier":"secondary"},"geometry":{"type":"Point","coordinates":[77.5801,12.9208]}},{"type":"Feature","properties":{"id":"transit_stop:gtfs_bengaluru_bmrcl:RVR_C","field":"public_transport","kind":"transit_stop","name":"Rashtreeya Vidyalaya Road \u2013 Entrance C","ref":null,"status":"operational","opened_on":null,"expected_completion":null,"agency":"BMRCL","source":"gtfs_bengaluru_bmrcl","confidence":0.7,"mode":"metro","tier":"secondary"},"geometry":{"type":"Point","coordinates":[77.58,12.9222]}},{"type":"Feature","properties":{"id":"transit_stop:gtfs_bengaluru_bmrcl:SSFY","field":"public_transport","kind":"transit_stop","name":"Sandal Soap Factory","ref":null,"status":"operational","opened_on":null,"expected_completion":null,"agency":"BMRCL","source":"gtfs_bengaluru_bmrcl","confidence":0.7,"mode":"metro","tier":"secondary"},"geometry":{"type":"Point","coordinates":[77.554,13.0147]}},{"type":"Feature","properties":{"id":"transit_stop:gtfs_bengaluru_bmrcl:SSFY_PF1","field":"public_transport","kind":"transit_stop","name":"Sandal Soap Factory","ref":null,"status":"operational","opened_on":null,"expected_completion":null,"agency":"BMRCL","source":"gtfs_bengaluru_bmrcl","confidence":0.7,"mode":"metro","tier":"secondary"},"geometry":{"type":"Point","coordinates":[77.554,13.0147]}},{"type":"Feature","properties":{"id":"transit_stop:gtfs_bengaluru_bmrcl:SSFY_PF2","field":"public_transport","kind":"transit_stop","name":"Sandal Soap Factory","ref":null,"status":"operational","opened_on":null,"expected_completion":null,"agency":"BMRCL","source":"gtfs_bengaluru_bmrcl","confidence":0.7,"mode":"metro","tier":"secondary"},"geometry":{"type":"Point","coordinates":[77.554,13.0147]}},{"type":"Feature","properties":{"id":"transit_stop:gtfs_bengaluru_bmrcl:SSFY_A","field":"public_transport","kind":"transit_stop","name":"Sandal Soap Factory \u2013 Entrance A","ref":null,"status":"operational","opened_on":null,"expected_completion":null,"agency":"BMRCL","source":"gtfs_bengaluru_bmrcl","confidence":0.7,"mode":"metro","tier":"secondary"},"geometry":{"type":"Point","coordinates":[77.5544,13.0134]}},{"type":"Feature","properties":{"id":"transit_stop:gtfs_bengaluru_bmrcl:SSFY_B","field":"public_transport","kind":"transit_stop","name":"Sandal Soap Factory \u2013 Entrance B","ref":null,"status":"operational","opened_on":null,"expected_completion":null,"agency":"BMRCL","source":"gtfs_bengaluru_bmrcl","confidence":0.7,"mode":"metro","tier":"secondary"},"geometry":{"type":"Point","coordinates":[77.554,13.014]}},{"type":"Feature","properties":{"id":"transit_stop:gtfs_bengaluru_bmrcl:VWIA","field":"public_transport","kind":"transit_stop","name":"Seetharampalya","ref":null,"status":"operational","opened_on":null,"expected_completion":null,"agency":"BMRCL","source":"gtfs_bengaluru_bmrcl","confidence":0.7,"mode":"metro","tier":"secondary"},"geometry":{"type":"Point","coordinates":[77.7088,12.9809]}},{"type":"Feature","properties":{"id":"transit_stop:gtfs_bengaluru_bmrcl:VWIA_PF1","field":"public_transport","kind":"transit_stop","name":"Seetharampalya","ref":null,"status":"operational","opened_on":null,"expected_completion":null,"agency":"BMRCL","source":"gtfs_bengaluru_bmrcl","confidence":0.7,"mode":"metro","tier":"secondary"},"geometry":{"type":"Point","coordinates":[77.7089,12.9805]}},{"type":"Feature","properties":{"id":"transit_stop:gtfs_bengaluru_bmrcl:VWIA_PF2","field":"public_transport","kind":"transit_stop","name":"Seetharampalya","ref":null,"status":"operational","opened_on":null,"expected_completion":null,"agency":"BMRCL","source":"gtfs_bengaluru_bmrcl","confidence":0.7,"mode":"metro","tier":"secondary"},"geometry":{"type":"Point","coordinates":[77.7086,12.9814]}},{"type":"Feature","properties":{"id":"transit_stop:gtfs_bengaluru_bmrcl:VWIA_A","field":"public_transport","kind":"transit_stop","name":"Seetharampalya \u2013 Entrance A","ref":null,"status":"operational","opened_on":null,"expected_completion":null,"agency":"BMRCL","source":"gtfs_bengaluru_bmrcl","confidence":0.7,"mode":"metro","tier":"secondary"},"geometry":{"type":"Point","coordinates":[77.709,12.9809]}},{"type":"Feature","properties":{"id":"transit_stop:gtfs_bengaluru_bmrcl:VWIA_B","field":"public_transport","kind":"transit_stop","name":"Seetharampalya \u2013 Entrance B","ref":null,"status":"operational","opened_on":null,"expected_completion":null,"agency":"BMRCL","source":"gtfs_bengaluru_bmrcl","confidence":0.7,"mode":"metro","tier":"secondary"},"geometry":{"type":"Point","coordinates":[77.7087,12.9807]}},{"type":"Feature","properties":{"id":"transit_stop:gtfs_bengaluru_bmrcl:APTS","field":"public_transport","kind":"transit_stop","name":"Silk Institute","ref":null,"status":"operational","opened_on":null,"expected_completion":null,"agency":"BMRCL","source":"gtfs_bengaluru_bmrcl","confidence":0.7,"mode":"metro","tier":"secondary"},"geometry":{"type":"Point","coordinates":[77.53,12.8617]}},{"type":"Feature","properties":{"id":"transit_stop:gtfs_bengaluru_bmrcl:APTS_PF1","field":"public_transport","kind":"transit_stop","name":"Silk Institute","ref":null,"status":"operational","opened_on":null,"expected_completion":null,"agency":"BMRCL","source":"gtfs_bengaluru_bmrcl","confidence":0.7,"mode":"metro","tier":"secondary"},"geometry":{"type":"Point","coordinates":[77.5299,12.8617]}},{"type":"Feature","properties":{"id":"transit_stop:gtfs_bengaluru_bmrcl:APTS_PF2","field":"public_transport","kind":"transit_stop","name":"Silk Institute","ref":null,"status":"operational","opened_on":null,"expected_completion":null,"agency":"BMRCL","source":"gtfs_bengaluru_bmrcl","confidence":0.7,"mode":"metro","tier":"secondary"},"geometry":{"type":"Point","coordinates":[77.53,12.8617]}},{"type":"Feature","properties":{"id":"transit_stop:gtfs_bengaluru_bmrcl:APTS_A","field":"public_transport","kind":"transit_stop","name":"Silk Institute \u2013 Entrance A","ref":null,"status":"operational","opened_on":null,"expected_completion":null,"agency":"BMRCL","source":"gtfs_bengaluru_bmrcl","confidence":0.7,"mode":"metro","tier":"secondary"},"geometry":{"type":"Point","coordinates":[77.5302,12.8617]}},{"type":"Feature","properties":{"id":"transit_stop:gtfs_bengaluru_bmrcl:APTS_B","field":"public_transport","kind":"transit_stop","name":"Silk Institute \u2013 Entrance B","ref":null,"status":"operational","opened_on":null,"expected_completion":null,"agency":"BMRCL","source":"gtfs_bengaluru_bmrcl","confidence":0.7,"mode":"metro","tier":"secondary"},"geometry":{"type":"Point","coordinates":[77.5297,12.8616]}},{"type":"Feature","properties":{"id":"transit_stop:gtfs_bengaluru_bmrcl:CKBR","field":"public_transport","kind":"transit_stop","name":"Singasandra","ref":null,"status":"operational","opened_on":null,"expected_completion":null,"agency":"BMRCL","source":"gtfs_bengaluru_bmrcl","confidence":0.7,"mode":"metro","tier":"secondary"},"geometry":{"type":"Point","coordinates":[77.6448,12.8808]}},{"type":"Feature","properties":{"id":"transit_stop:gtfs_bengaluru_bmrcl:CKBR_PF1","field":"public_transport","kind":"transit_stop","name":"Singasandra","ref":null,"status":"operational","opened_on":null,"expected_completion":null,"agency":"BMRCL","source":"gtfs_bengaluru_bmrcl","confidence":0.7,"mode":"metro","tier":"secondary"},"geometry":{"type":"Point","coordinates":[77.6446,12.8812]}},{"type":"Feature","properties":{"id":"transit_stop:gtfs_bengaluru_bmrcl:CKBR_PF2","field":"public_transport","kind":"transit_stop","name":"Singasandra","ref":null,"status":"operational","opened_on":null,"expected_completion":null,"agency":"BMRCL","source":"gtfs_bengaluru_bmrcl","confidence":0.7,"mode":"metro","tier":"secondary"},"geometry":{"type":"Point","coordinates":[77.6451,12.8804]}},{"type":"Feature","properties":{"id":"transit_stop:gtfs_bengaluru_bmrcl:CKBR_E","field":"public_transport","kind":"transit_stop","name":"Singasandra \u2013 Entrance","ref":null,"status":"operational","opened_on":null,"expected_completion":null,"agency":"BMRCL","source":"gtfs_bengaluru_bmrcl","confidence":0.7,"mode":"metro","tier":"secondary"},"geometry":{"type":"Point","coordinates":[77.6444,12.8812]}},{"type":"Feature","properties":{"id":"transit_stop:gtfs_bengaluru_bmrcl:CKBR_E_2","field":"public_transport","kind":"transit_stop","name":"Singasandra \u2013 Entrance","ref":null,"status":"operational","opened_on":null,"expected_completion":null,"agency":"BMRCL","source":"gtfs_bengaluru_bmrcl","confidence":0.7,"mode":"metro","tier":"secondary"},"geometry":{"type":"Point","coordinates":[77.6447,12.8807]}},{"type":"Feature","properties":{"id":"transit_stop:gtfs_bengaluru_bmrcl:MDVP","field":"public_transport","kind":"transit_stop","name":"Singayyanapalya","ref":null,"status":"operational","opened_on":null,"expected_completion":null,"agency":"BMRCL","source":"gtfs_bengaluru_bmrcl","confidence":0.7,"mode":"metro","tier":"secondary"},"geometry":{"type":"Point","coordinates":[77.6927,12.9965]}},{"type":"Feature","properties":{"id":"transit_stop:gtfs_bengaluru_bmrcl:MDVP_PF1","field":"public_transport","kind":"transit_stop","name":"Singayyanapalya","ref":null,"status":"operational","opened_on":null,"expected_completion":null,"agency":"BMRCL","source":"gtfs_bengaluru_bmrcl","confidence":0.7,"mode":"metro","tier":"secondary"},"geometry":{"type":"Point","coordinates":[77.6931,12.9965]}},{"type":"Feature","properties":{"id":"transit_stop:gtfs_bengaluru_bmrcl:MDVP_PF2","field":"public_transport","kind":"transit_stop","name":"Singayyanapalya","ref":null,"status":"operational","opened_on":null,"expected_completion":null,"agency":"BMRCL","source":"gtfs_bengaluru_bmrcl","confidence":0.7,"mode":"metro","tier":"secondary"},"geometry":{"type":"Point","coordinates":[77.6922,12.9967]}},{"type":"Feature","properties":{"id":"transit_stop:gtfs_bengaluru_bmrcl:MDVP_A","field":"public_transport","kind":"transit_stop","name":"Singayyanapalya \u2013 Entrance A","ref":null,"status":"operational","opened_on":null,"expected_completion":null,"agency":"BMRCL","source":"gtfs_bengaluru_bmrcl","confidence":0.7,"mode":"metro","tier":"secondary"},"geometry":{"type":"Point","coordinates":[77.6926,12.9967]}},{"type":"Feature","properties":{"id":"transit_stop:gtfs_bengaluru_bmrcl:VSWA","field":"public_transport","kind":"transit_stop","name":"Sir M. Visvesvaraya Stn., Central College","ref":null,"status":"operational","opened_on":null,"expected_completion":null,"agency":"BMRCL","source":"gtfs_bengaluru_bmrcl","confidence":0.7,"mode":"metro","tier":"secondary"},"geometry":{"type":"Point","coordinates":[77.5842,12.9745]}},{"type":"Feature","properties":{"id":"transit_stop:gtfs_bengaluru_bmrcl:VSWA_PF1","field":"public_transport","kind":"transit_stop","name":"Sir M. Visvesvaraya Stn., Central College","ref":null,"status":"operational","opened_on":null,"expected_completion":null,"agency":"BMRCL","source":"gtfs_bengaluru_bmrcl","confidence":0.7,"mode":"metro","tier":"secondary"},"geometry":{"type":"Point","coordinates":[77.5842,12.9745]}},{"type":"Feature","properties":{"id":"transit_stop:gtfs_bengaluru_bmrcl:VSWA_PF2","field":"public_transport","kind":"transit_stop","name":"Sir M. Visvesvaraya Stn., Central College","ref":null,"status":"operational","opened_on":null,"expected_completion":null,"agency":"BMRCL","source":"gtfs_bengaluru_bmrcl","confidence":0.7,"mode":"metro","tier":"secondary"},"geometry":{"type":"Point","coordinates":[77.5842,12.9745]}},{"type":"Feature","properties":{"id":"transit_stop:gtfs_bengaluru_bmrcl:VSWA_E","field":"public_transport","kind":"transit_stop","name":"Sir M. Visvesvaraya Stn., Central College \u2013 Entrance","ref":null,"status":"operational","opened_on":null,"expected_completion":null,"agency":"BMRCL","source":"gtfs_bengaluru_bmrcl","confidence":0.7,"mode":"metro","tier":"secondary"},"geometry":{"type":"Point","coordinates":[77.5848,12.9745]}},{"type":"Feature","properties":{"id":"transit_stop:gtfs_bengaluru_bmrcl:VSWA_A","field":"public_transport","kind":"transit_stop","name":"Sir M. Visvesvaraya Stn., Central College \u2013 Entrance A","ref":null,"status":"operational","opened_on":null,"expected_completion":null,"agency":"BMRCL","source":"gtfs_bengaluru_bmrcl","confidence":0.7,"mode":"metro","tier":"secondary"},"geometry":{"type":"Point","coordinates":[77.5847,12.9749]}},{"type":"Feature","properties":{"id":"transit_stop:gtfs_bengaluru_bmrcl:VSWA_C","field":"public_transport","kind":"transit_stop","name":"Sir M. Visvesvaraya Stn., Central College \u2013 Entrance C","ref":null,"status":"operational","opened_on":null,"expected_completion":null,"agency":"BMRCL","source":"gtfs_bengaluru_bmrcl","confidence":0.7,"mode":"metro","tier":"secondary"},"geometry":{"type":"Point","coordinates":[77.583,12.9735]}},{"type":"Feature","properties":{"id":"transit_stop:gtfs_bengaluru_bmrcl:VSWA_D","field":"public_transport","kind":"transit_stop","name":"Sir M. Visvesvaraya Stn., Central College \u2013 Entrance D","ref":null,"status":"operational","opened_on":null,"expected_completion":null,"agency":"BMRCL","source":"gtfs_bengaluru_bmrcl","confidence":0.7,"mode":"metro","tier":"secondary"},"geometry":{"type":"Point","coordinates":[77.5828,12.9738]}},{"type":"Feature","properties":{"id":"transit_stop:gtfs_bengaluru_bmrcl:VSWA_E_2","field":"public_transport","kind":"transit_stop","name":"Sir M. Visvesvaraya Stn., Central College \u2013 Entrance E","ref":null,"status":"operational","opened_on":null,"expected_completion":null,"agency":"BMRCL","source":"gtfs_bengaluru_bmrcl","confidence":0.7,"mode":"metro","tier":"secondary"},"geometry":{"type":"Point","coordinates":[77.5832,12.9741]}},{"type":"Feature","properties":{"id":"transit_stop:gtfs_bengaluru_bmrcl:SECE","field":"public_transport","kind":"transit_stop","name":"South End Circle","ref":null,"status":"operational","opened_on":null,"expected_completion":null,"agency":"BMRCL","source":"gtfs_bengaluru_bmrcl","confidence":0.7,"mode":"metro","tier":"secondary"},"geometry":{"type":"Point","coordinates":[77.5801,12.9383]}},{"type":"Feature","properties":{"id":"transit_stop:gtfs_bengaluru_bmrcl:SECE_PF1","field":"public_transport","kind":"transit_stop","name":"South End Circle","ref":null,"status":"operational","opened_on":null,"expected_completion":null,"agency":"BMRCL","source":"gtfs_bengaluru_bmrcl","confidence":0.7,"mode":"metro","tier":"secondary"},"geometry":{"type":"Point","coordinates":[77.58,12.9383]}},{"type":"Feature","properties":{"id":"transit_stop:gtfs_bengaluru_bmrcl:SECE_PF2","field":"public_transport","kind":"transit_stop","name":"South End Circle","ref":null,"status":"operational","opened_on":null,"expected_completion":null,"agency":"BMRCL","source":"gtfs_bengaluru_bmrcl","confidence":0.7,"mode":"metro","tier":"secondary"},"geometry":{"type":"Point","coordinates":[77.5801,12.9383]}},{"type":"Feature","properties":{"id":"transit_stop:gtfs_bengaluru_bmrcl:SECE_A","field":"public_transport","kind":"transit_stop","name":"South End Circle \u2013 Entrance A","ref":null,"status":"operational","opened_on":null,"expected_completion":null,"agency":"BMRCL","source":"gtfs_bengaluru_bmrcl","confidence":0.7,"mode":"metro","tier":"secondary"},"geometry":{"type":"Point","coordinates":[77.5802,12.9379]}},{"type":"Feature","properties":{"id":"transit_stop:gtfs_bengaluru_bmrcl:SECE_B","field":"public_transport","kind":"transit_stop","name":"South End Circle \u2013 Entrance B","ref":null,"status":"operational","opened_on":null,"expected_completion":null,"agency":"BMRCL","source":"gtfs_bengaluru_bmrcl","confidence":0.7,"mode":"metro","tier":"secondary"},"geometry":{"type":"Point","coordinates":[77.5799,12.9379]}},{"type":"Feature","properties":{"id":"transit_stop:gtfs_bengaluru_bmrcl:SECE_C","field":"public_transport","kind":"transit_stop","name":"South End Circle \u2013 Entrance C","ref":null,"status":"operational","opened_on":null,"expected_completion":null,"agency":"BMRCL","source":"gtfs_bengaluru_bmrcl","confidence":0.7,"mode":"metro","tier":"secondary"},"geometry":{"type":"Point","coordinates":[77.5798,12.9382]}},{"type":"Feature","properties":{"id":"transit_stop:gtfs_bengaluru_bmrcl:HSLI","field":"public_transport","kind":"transit_stop","name":"Sri Balagangadharanatha Swamiji Station, Hosahalli","ref":null,"status":"operational","opened_on":null,"expected_completion":null,"agency":"BMRCL","source":"gtfs_bengaluru_bmrcl","confidence":0.7,"mode":"metro","tier":"secondary"},"geometry":{"type":"Point","coordinates":[77.5456,12.9743]}},{"type":"Feature","properties":{"id":"transit_stop:gtfs_bengaluru_bmrcl:HSLI_PF1","field":"public_transport","kind":"transit_stop","name":"Sri Balagangadharanatha Swamiji Station, Hosahalli","ref":null,"status":"operational","opened_on":null,"expected_completion":null,"agency":"BMRCL","source":"gtfs_bengaluru_bmrcl","confidence":0.7,"mode":"metro","tier":"secondary"},"geometry":{"type":"Point","coordinates":[77.5456,12.9742]}},{"type":"Feature","properties":{"id":"transit_stop:gtfs_bengaluru_bmrcl:HSLI_PF2","field":"public_transport","kind":"transit_stop","name":"Sri Balagangadharanatha Swamiji Station, Hosahalli","ref":null,"status":"operational","opened_on":null,"expected_completion":null,"agency":"BMRCL","source":"gtfs_bengaluru_bmrcl","confidence":0.7,"mode":"metro","tier":"secondary"},"geometry":{"type":"Point","coordinates":[77.5456,12.9742]}},{"type":"Feature","properties":{"id":"transit_stop:gtfs_bengaluru_bmrcl:HSLI_A","field":"public_transport","kind":"transit_stop","name":"Sri Balagangadharanatha Swamiji Station, Hosahalli \u2013 Entrance A","ref":null,"status":"operational","opened_on":null,"expected_completion":null,"agency":"BMRCL","source":"gtfs_bengaluru_bmrcl","confidence":0.7,"mode":"metro","tier":"secondary"},"geometry":{"type":"Point","coordinates":[77.5459,12.9744]}},{"type":"Feature","properties":{"id":"transit_stop:gtfs_bengaluru_bmrcl:HSLI_B","field":"public_transport","kind":"transit_stop","name":"Sri Balagangadharanatha Swamiji Station, Hosahalli \u2013 Entrance B","ref":null,"status":"operational","opened_on":null,"expected_completion":null,"agency":"BMRCL","source":"gtfs_bengaluru_bmrcl","confidence":0.7,"mode":"metro","tier":"secondary"},"geometry":{"type":"Point","coordinates":[77.5459,12.9741]}},{"type":"Feature","properties":{"id":"transit_stop:gtfs_bengaluru_bmrcl:HSLI_C","field":"public_transport","kind":"transit_stop","name":"Sri Balagangadharanatha Swamiji Station, Hosahalli \u2013 Entrance C","ref":null,"status":"operational","opened_on":null,"expected_completion":null,"agency":"BMRCL","source":"gtfs_bengaluru_bmrcl","confidence":0.7,"mode":"metro","tier":"secondary"},"geometry":{"type":"Point","coordinates":[77.5449,12.974]}},{"type":"Feature","properties":{"id":"transit_stop:gtfs_bengaluru_bmrcl:SSHP","field":"public_transport","kind":"transit_stop","name":"Sri Sathya Sai Hospital","ref":null,"status":"operational","opened_on":null,"expected_completion":null,"agency":"BMRCL","source":"gtfs_bengaluru_bmrcl","confidence":0.7,"mode":"metro","tier":"secondary"},"geometry":{"type":"Point","coordinates":[77.7275,12.9812]}},{"type":"Feature","properties":{"id":"transit_stop:gtfs_bengaluru_bmrcl:SSHP_PF1","field":"public_transport","kind":"transit_stop","name":"Sri Sathya Sai Hospital","ref":null,"status":"operational","opened_on":null,"expected_completion":null,"agency":"BMRCL","source":"gtfs_bengaluru_bmrcl","confidence":0.7,"mode":"metro","tier":"secondary"},"geometry":{"type":"Point","coordinates":[77.7277,12.9817]}},{"type":"Feature","properties":{"id":"transit_stop:gtfs_bengaluru_bmrcl:SSHP_PF2","field":"public_transport","kind":"transit_stop","name":"Sri Sathya Sai Hospital","ref":null,"status":"operational","opened_on":null,"expected_completion":null,"agency":"BMRCL","source":"gtfs_bengaluru_bmrcl","confidence":0.7,"mode":"metro","tier":"secondary"},"geometry":{"type":"Point","coordinates":[77.7275,12.9807]}},{"type":"Feature","properties":{"id":"transit_stop:gtfs_bengaluru_bmrcl:SSHP_E","field":"public_transport","kind":"transit_stop","name":"Sri Sathya Sai Hospital \u2013 Entrance","ref":null,"status":"operational","opened_on":null,"expected_completion":null,"agency":"BMRCL","source":"gtfs_bengaluru_bmrcl","confidence":0.7,"mode":"metro","tier":"secondary"},"geometry":{"type":"Point","coordinates":[77.7277,12.9811]}},{"type":"Feature","properties":{"id":"transit_stop:gtfs_bengaluru_bmrcl:SSHP_E_2","field":"public_transport","kind":"transit_stop","name":"Sri Sathya Sai Hospital \u2013 Entrance","ref":null,"status":"operational","opened_on":null,"expected_completion":null,"agency":"BMRCL","source":"gtfs_bengaluru_bmrcl","confidence":0.7,"mode":"metro","tier":"secondary"},"geometry":{"type":"Point","coordinates":[77.7274,12.9812]}},{"type":"Feature","properties":{"id":"transit_stop:gtfs_bengaluru_bmrcl:SPRU","field":"public_transport","kind":"transit_stop","name":"Srirampura","ref":null,"status":"operational","opened_on":null,"expected_completion":null,"agency":"BMRCL","source":"gtfs_bengaluru_bmrcl","confidence":0.7,"mode":"metro","tier":"secondary"},"geometry":{"type":"Point","coordinates":[77.5632,12.9965]}},{"type":"Feature","properties":{"id":"transit_stop:gtfs_bengaluru_bmrcl:SPRU_PF1","field":"public_transport","kind":"transit_stop","name":"Srirampura","ref":null,"status":"operational","opened_on":null,"expected_completion":null,"agency":"BMRCL","source":"gtfs_bengaluru_bmrcl","confidence":0.7,"mode":"metro","tier":"secondary"},"geometry":{"type":"Point","coordinates":[77.5633,12.9965]}},{"type":"Feature","properties":{"id":"transit_stop:gtfs_bengaluru_bmrcl:SPRU_PF2","field":"public_transport","kind":"transit_stop","name":"Srirampura","ref":null,"status":"operational","opened_on":null,"expected_completion":null,"agency":"BMRCL","source":"gtfs_bengaluru_bmrcl","confidence":0.7,"mode":"metro","tier":"secondary"},"geometry":{"type":"Point","coordinates":[77.5633,12.9965]}},{"type":"Feature","properties":{"id":"transit_stop:gtfs_bengaluru_bmrcl:SPRU_A","field":"public_transport","kind":"transit_stop","name":"Srirampura \u2013 Entrance A","ref":null,"status":"operational","opened_on":null,"expected_completion":null,"agency":"BMRCL","source":"gtfs_bengaluru_bmrcl","confidence":0.7,"mode":"metro","tier":"secondary"},"geometry":{"type":"Point","coordinates":[77.5636,12.9967]}},{"type":"Feature","properties":{"id":"transit_stop:gtfs_bengaluru_bmrcl:SPRU_B","field":"public_transport","kind":"transit_stop","name":"Srirampura \u2013 Entrance B","ref":null,"status":"operational","opened_on":null,"expected_completion":null,"agency":"BMRCL","source":"gtfs_bengaluru_bmrcl","confidence":0.7,"mode":"metro","tier":"secondary"},"geometry":{"type":"Point","coordinates":[77.5639,12.9965]}},{"type":"Feature","properties":{"id":"transit_stop:gtfs_bengaluru_bmrcl:SPRU_C","field":"public_transport","kind":"transit_stop","name":"Srirampura \u2013 Entrance C","ref":null,"status":"operational","opened_on":null,"expected_completion":null,"agency":"BMRCL","source":"gtfs_bengaluru_bmrcl","confidence":0.7,"mode":"metro","tier":"secondary"},"geometry":{"type":"Point","coordinates":[77.5637,12.9962]}},{"type":"Feature","properties":{"id":"transit_stop:gtfs_bengaluru_bmrcl:SVRD","field":"public_transport","kind":"transit_stop","name":"Swami Vivekananda Road","ref":null,"status":"operational","opened_on":null,"expected_completion":null,"agency":"BMRCL","source":"gtfs_bengaluru_bmrcl","confidence":0.7,"mode":"metro","tier":"secondary"},"geometry":{"type":"Point","coordinates":[77.6449,12.9859]}},{"type":"Feature","properties":{"id":"transit_stop:gtfs_bengaluru_bmrcl:SVRD_PF1","field":"public_transport","kind":"transit_stop","name":"Swami Vivekananda Road","ref":null,"status":"operational","opened_on":null,"expected_completion":null,"agency":"BMRCL","source":"gtfs_bengaluru_bmrcl","confidence":0.7,"mode":"metro","tier":"secondary"},"geometry":{"type":"Point","coordinates":[77.6449,12.986]}},{"type":"Feature","properties":{"id":"transit_stop:gtfs_bengaluru_bmrcl:SVRD_PF2","field":"public_transport","kind":"transit_stop","name":"Swami Vivekananda Road","ref":null,"status":"operational","opened_on":null,"expected_completion":null,"agency":"BMRCL","source":"gtfs_bengaluru_bmrcl","confidence":0.7,"mode":"metro","tier":"secondary"},"geometry":{"type":"Point","coordinates":[77.6449,12.9859]}},{"type":"Feature","properties":{"id":"transit_stop:gtfs_bengaluru_bmrcl:SVRD_A","field":"public_transport","kind":"transit_stop","name":"Swami Vivekananda Road \u2013 Entrance A","ref":null,"status":"operational","opened_on":null,"expected_completion":null,"agency":"BMRCL","source":"gtfs_bengaluru_bmrcl","confidence":0.7,"mode":"metro","tier":"secondary"},"geometry":{"type":"Point","coordinates":[77.6445,12.9859]}},{"type":"Feature","properties":{"id":"transit_stop:gtfs_bengaluru_bmrcl:SVRD_B","field":"public_transport","kind":"transit_stop","name":"Swami Vivekananda Road \u2013 Entrance B","ref":null,"status":"operational","opened_on":null,"expected_completion":null,"agency":"BMRCL","source":"gtfs_bengaluru_bmrcl","confidence":0.7,"mode":"metro","tier":"secondary"},"geometry":{"type":"Point","coordinates":[77.6451,12.9861]}},{"type":"Feature","properties":{"id":"transit_stop:gtfs_bengaluru_bmrcl:SVRD_C","field":"public_transport","kind":"transit_stop","name":"Swami Vivekananda Road \u2013 Entrance C","ref":null,"status":"operational","opened_on":null,"expected_completion":null,"agency":"BMRCL","source":"gtfs_bengaluru_bmrcl","confidence":0.7,"mode":"metro","tier":"secondary"},"geometry":{"type":"Point","coordinates":[77.6449,12.9855]}},{"type":"Feature","properties":{"id":"transit_stop:gtfs_bengaluru_bmrcl:SVRD_D","field":"public_transport","kind":"transit_stop","name":"Swami Vivekananda Road \u2013 Entrance D","ref":null,"status":"operational","opened_on":null,"expected_completion":null,"agency":"BMRCL","source":"gtfs_bengaluru_bmrcl","confidence":0.7,"mode":"metro","tier":"secondary"},"geometry":{"type":"Point","coordinates":[77.6446,12.9854]}},{"type":"Feature","properties":{"id":"transit_stop:gtfs_bengaluru_bmrcl:SVRD_E","field":"public_transport","kind":"transit_stop","name":"Swami Vivekananda Road \u2013 Entrance E","ref":null,"status":"operational","opened_on":null,"expected_completion":null,"agency":"BMRCL","source":"gtfs_bengaluru_bmrcl","confidence":0.7,"mode":"metro","tier":"secondary"},"geometry":{"type":"Point","coordinates":[77.6443,12.9853]}},{"type":"Feature","properties":{"id":"transit_stop:gtfs_bengaluru_bmrcl:TGTP","field":"public_transport","kind":"transit_stop","name":"Thalaghattapura","ref":null,"status":"operational","opened_on":null,"expected_completion":null,"agency":"BMRCL","source":"gtfs_bengaluru_bmrcl","confidence":0.7,"mode":"metro","tier":"secondary"},"geometry":{"type":"Point","coordinates":[77.5384,12.8714]}},{"type":"Feature","properties":{"id":"transit_stop:gtfs_bengaluru_bmrcl:TGTP_PF1","field":"public_transport","kind":"transit_stop","name":"Thalaghattapura","ref":null,"status":"operational","opened_on":null,"expected_completion":null,"agency":"BMRCL","source":"gtfs_bengaluru_bmrcl","confidence":0.7,"mode":"metro","tier":"secondary"},"geometry":{"type":"Point","coordinates":[77.5384,12.8714]}},{"type":"Feature","properties":{"id":"transit_stop:gtfs_bengaluru_bmrcl:TGTP_PF2","field":"public_transport","kind":"transit_stop","name":"Thalaghattapura","ref":null,"status":"operational","opened_on":null,"expected_completion":null,"agency":"BMRCL","source":"gtfs_bengaluru_bmrcl","confidence":0.7,"mode":"metro","tier":"secondary"},"geometry":{"type":"Point","coordinates":[77.5384,12.8714]}},{"type":"Feature","properties":{"id":"transit_stop:gtfs_bengaluru_bmrcl:TGTP_A","field":"public_transport","kind":"transit_stop","name":"Thalaghattapura \u2013 Entrance A","ref":null,"status":"operational","opened_on":null,"expected_completion":null,"agency":"BMRCL","source":"gtfs_bengaluru_bmrcl","confidence":0.7,"mode":"metro","tier":"secondary"},"geometry":{"type":"Point","coordinates":[77.5385,12.8713]}},{"type":"Feature","properties":{"id":"transit_stop:gtfs_bengaluru_bmrcl:TGTP_B","field":"public_transport","kind":"transit_stop","name":"Thalaghattapura \u2013 Entrance B","ref":null,"status":"operational","opened_on":null,"expected_completion":null,"agency":"BMRCL","source":"gtfs_bengaluru_bmrcl","confidence":0.7,"mode":"metro","tier":"secondary"},"geometry":{"type":"Point","coordinates":[77.5382,12.8715]}},{"type":"Feature","properties":{"id":"transit_stop:gtfs_bengaluru_bmrcl:TTY","field":"public_transport","kind":"transit_stop","name":"Trinity","ref":null,"status":"operational","opened_on":null,"expected_completion":null,"agency":"BMRCL","source":"gtfs_bengaluru_bmrcl","confidence":0.7,"mode":"metro","tier":"secondary"},"geometry":{"type":"Point","coordinates":[77.617,12.973]}},{"type":"Feature","properties":{"id":"transit_stop:gtfs_bengaluru_bmrcl:TTY_PF1","field":"public_transport","kind":"transit_stop","name":"Trinity","ref":null,"status":"operational","opened_on":null,"expected_completion":null,"agency":"BMRCL","source":"gtfs_bengaluru_bmrcl","confidence":0.7,"mode":"metro","tier":"secondary"},"geometry":{"type":"Point","coordinates":[77.617,12.973]}},{"type":"Feature","properties":{"id":"transit_stop:gtfs_bengaluru_bmrcl:TTY_PF2","field":"public_transport","kind":"transit_stop","name":"Trinity","ref":null,"status":"operational","opened_on":null,"expected_completion":null,"agency":"BMRCL","source":"gtfs_bengaluru_bmrcl","confidence":0.7,"mode":"metro","tier":"secondary"},"geometry":{"type":"Point","coordinates":[77.617,12.973]}},{"type":"Feature","properties":{"id":"transit_stop:gtfs_bengaluru_bmrcl:TTY_A","field":"public_transport","kind":"transit_stop","name":"Trinity \u2013 Entrance A","ref":null,"status":"operational","opened_on":null,"expected_completion":null,"agency":"BMRCL","source":"gtfs_bengaluru_bmrcl","confidence":0.7,"mode":"metro","tier":"secondary"},"geometry":{"type":"Point","coordinates":[77.6171,12.9728]}},{"type":"Feature","properties":{"id":"transit_stop:gtfs_bengaluru_bmrcl:TTY_B","field":"public_transport","kind":"transit_stop","name":"Trinity \u2013 Entrance B","ref":null,"status":"operational","opened_on":null,"expected_completion":null,"agency":"BMRCL","source":"gtfs_bengaluru_bmrcl","confidence":0.7,"mode":"metro","tier":"secondary"},"geometry":{"type":"Point","coordinates":[77.6174,12.9731]}},{"type":"Feature","properties":{"id":"transit_stop:gtfs_bengaluru_bmrcl:TTY_C","field":"public_transport","kind":"transit_stop","name":"Trinity \u2013 Entrance C","ref":null,"status":"operational","opened_on":null,"expected_completion":null,"agency":"BMRCL","source":"gtfs_bengaluru_bmrcl","confidence":0.7,"mode":"metro","tier":"secondary"},"geometry":{"type":"Point","coordinates":[77.6172,12.9726]}},{"type":"Feature","properties":{"id":"transit_stop:gtfs_bengaluru_bmrcl:VJRH","field":"public_transport","kind":"transit_stop","name":"Vajarahalli","ref":null,"status":"operational","opened_on":null,"expected_completion":null,"agency":"BMRCL","source":"gtfs_bengaluru_bmrcl","confidence":0.7,"mode":"metro","tier":"secondary"},"geometry":{"type":"Point","coordinates":[77.5447,12.8774]}},{"type":"Feature","properties":{"id":"transit_stop:gtfs_bengaluru_bmrcl:VJRH_PF1","field":"public_transport","kind":"transit_stop","name":"Vajarahalli","ref":null,"status":"operational","opened_on":null,"expected_completion":null,"agency":"BMRCL","source":"gtfs_bengaluru_bmrcl","confidence":0.7,"mode":"metro","tier":"secondary"},"geometry":{"type":"Point","coordinates":[77.5447,12.8775]}},{"type":"Feature","properties":{"id":"transit_stop:gtfs_bengaluru_bmrcl:VJRH_PF2","field":"public_transport","kind":"transit_stop","name":"Vajarahalli","ref":null,"status":"operational","opened_on":null,"expected_completion":null,"agency":"BMRCL","source":"gtfs_bengaluru_bmrcl","confidence":0.7,"mode":"metro","tier":"secondary"},"geometry":{"type":"Point","coordinates":[77.5448,12.8775]}},{"type":"Feature","properties":{"id":"transit_stop:gtfs_bengaluru_bmrcl:VJRH_A","field":"public_transport","kind":"transit_stop","name":"Vajarahalli \u2013 Entrance A","ref":null,"status":"operational","opened_on":null,"expected_completion":null,"agency":"BMRCL","source":"gtfs_bengaluru_bmrcl","confidence":0.7,"mode":"metro","tier":"secondary"},"geometry":{"type":"Point","coordinates":[77.5449,12.8774]}},{"type":"Feature","properties":{"id":"transit_stop:gtfs_bengaluru_bmrcl:VJRH_B","field":"public_transport","kind":"transit_stop","name":"Vajarahalli \u2013 Entrance B","ref":null,"status":"operational","opened_on":null,"expected_completion":null,"agency":"BMRCL","source":"gtfs_bengaluru_bmrcl","confidence":0.7,"mode":"metro","tier":"secondary"},"geometry":{"type":"Point","coordinates":[77.5446,12.8776]}},{"type":"Feature","properties":{"id":"transit_stop:gtfs_bengaluru_bmrcl:VJN","field":"public_transport","kind":"transit_stop","name":"Vijayanagar","ref":null,"status":"operational","opened_on":null,"expected_completion":null,"agency":"BMRCL","source":"gtfs_bengaluru_bmrcl","confidence":0.7,"mode":"metro","tier":"secondary"},"geometry":{"type":"Point","coordinates":[77.5374,12.971]}},{"type":"Feature","properties":{"id":"transit_stop:gtfs_bengaluru_bmrcl:VJN_PF1","field":"public_transport","kind":"transit_stop","name":"Vijayanagar","ref":null,"status":"operational","opened_on":null,"expected_completion":null,"agency":"BMRCL","source":"gtfs_bengaluru_bmrcl","confidence":0.7,"mode":"metro","tier":"secondary"},"geometry":{"type":"Point","coordinates":[77.5374,12.971]}},{"type":"Feature","properties":{"id":"transit_stop:gtfs_bengaluru_bmrcl:VJN_PF2","field":"public_transport","kind":"transit_stop","name":"Vijayanagar","ref":null,"status":"operational","opened_on":null,"expected_completion":null,"agency":"BMRCL","source":"gtfs_bengaluru_bmrcl","confidence":0.7,"mode":"metro","tier":"secondary"},"geometry":{"type":"Point","coordinates":[77.5374,12.9709]}},{"type":"Feature","properties":{"id":"transit_stop:gtfs_bengaluru_bmrcl:VJN_A","field":"public_transport","kind":"transit_stop","name":"Vijayanagar \u2013 Entrance A","ref":null,"status":"operational","opened_on":null,"expected_completion":null,"agency":"BMRCL","source":"gtfs_bengaluru_bmrcl","confidence":0.7,"mode":"metro","tier":"secondary"},"geometry":{"type":"Point","coordinates":[77.5373,12.9712]}},{"type":"Feature","properties":{"id":"transit_stop:gtfs_bengaluru_bmrcl:VJN_B","field":"public_transport","kind":"transit_stop","name":"Vijayanagar \u2013 Entrance B","ref":null,"status":"operational","opened_on":null,"expected_completion":null,"agency":"BMRCL","source":"gtfs_bengaluru_bmrcl","confidence":0.7,"mode":"metro","tier":"secondary"},"geometry":{"type":"Point","coordinates":[77.5374,12.9704]}},{"type":"Feature","properties":{"id":"transit_stop:gtfs_bengaluru_bmrcl:WHTM","field":"public_transport","kind":"transit_stop","name":"Whitefield (Kadugodi)","ref":null,"status":"operational","opened_on":null,"expected_completion":null,"agency":"BMRCL","source":"gtfs_bengaluru_bmrcl","confidence":0.7,"mode":"metro","tier":"secondary"},"geometry":{"type":"Point","coordinates":[77.7579,12.9957]}},{"type":"Feature","properties":{"id":"transit_stop:gtfs_bengaluru_bmrcl:WHTM_PF1","field":"public_transport","kind":"transit_stop","name":"Whitefield (Kadugodi)","ref":null,"status":"operational","opened_on":null,"expected_completion":null,"agency":"BMRCL","source":"gtfs_bengaluru_bmrcl","confidence":0.7,"mode":"metro","tier":"secondary"},"geometry":{"type":"Point","coordinates":[77.758,12.996]}},{"type":"Feature","properties":{"id":"transit_stop:gtfs_bengaluru_bmrcl:WHTM_PF2","field":"public_transport","kind":"transit_stop","name":"Whitefield (Kadugodi)","ref":null,"status":"operational","opened_on":null,"expected_completion":null,"agency":"BMRCL","source":"gtfs_bengaluru_bmrcl","confidence":0.7,"mode":"metro","tier":"secondary"},"geometry":{"type":"Point","coordinates":[77.7578,12.9952]}},{"type":"Feature","properties":{"id":"transit_stop:gtfs_bengaluru_bmrcl:WHTM_A","field":"public_transport","kind":"transit_stop","name":"Whitefield (Kadugodi) \u2013 Entrance A","ref":null,"status":"operational","opened_on":null,"expected_completion":null,"agency":"BMRCL","source":"gtfs_bengaluru_bmrcl","confidence":0.7,"mode":"metro","tier":"secondary"},"geometry":{"type":"Point","coordinates":[77.7578,12.995]}},{"type":"Feature","properties":{"id":"transit_stop:gtfs_bengaluru_bmrcl:WHTM_B","field":"public_transport","kind":"transit_stop","name":"Whitefield (Kadugodi) \u2013 Entrance B","ref":null,"status":"operational","opened_on":null,"expected_completion":null,"agency":"BMRCL","source":"gtfs_bengaluru_bmrcl","confidence":0.7,"mode":"metro","tier":"secondary"},"geometry":{"type":"Point","coordinates":[77.7581,12.9959]}},{"type":"Feature","properties":{"id":"transit_stop:gtfs_bengaluru_bmrcl:PUTH","field":"public_transport","kind":"transit_stop","name":"Yelachenahalli","ref":null,"status":"operational","opened_on":null,"expected_completion":null,"agency":"BMRCL","source":"gtfs_bengaluru_bmrcl","confidence":0.7,"mode":"metro","tier":"secondary"},"geometry":{"type":"Point","coordinates":[77.5701,12.8961]}},{"type":"Feature","properties":{"id":"transit_stop:gtfs_bengaluru_bmrcl:PUTH_PF1","field":"public_transport","kind":"transit_stop","name":"Yelachenahalli","ref":null,"status":"operational","opened_on":null,"expected_completion":null,"agency":"BMRCL","source":"gtfs_bengaluru_bmrcl","confidence":0.7,"mode":"metro","tier":"secondary"},"geometry":{"type":"Point","coordinates":[77.5701,12.8961]}},{"type":"Feature","properties":{"id":"transit_stop:gtfs_bengaluru_bmrcl:PUTH_PF2","field":"public_transport","kind":"transit_stop","name":"Yelachenahalli","ref":null,"status":"operational","opened_on":null,"expected_completion":null,"agency":"BMRCL","source":"gtfs_bengaluru_bmrcl","confidence":0.7,"mode":"metro","tier":"secondary"},"geometry":{"type":"Point","coordinates":[77.5701,12.896]}},{"type":"Feature","properties":{"id":"transit_stop:gtfs_bengaluru_bmrcl:PUTH_A","field":"public_transport","kind":"transit_stop","name":"Yelachenahalli \u2013 Entrance A","ref":null,"status":"operational","opened_on":null,"expected_completion":null,"agency":"BMRCL","source":"gtfs_bengaluru_bmrcl","confidence":0.7,"mode":"metro","tier":"secondary"},"geometry":{"type":"Point","coordinates":[77.5708,12.8964]}},{"type":"Feature","properties":{"id":"transit_stop:gtfs_bengaluru_bmrcl:PUTH_B","field":"public_transport","kind":"transit_stop","name":"Yelachenahalli \u2013 Entrance B","ref":null,"status":"operational","opened_on":null,"expected_completion":null,"agency":"BMRCL","source":"gtfs_bengaluru_bmrcl","confidence":0.7,"mode":"metro","tier":"secondary"},"geometry":{"type":"Point","coordinates":[77.5706,12.8961]}},{"type":"Feature","properties":{"id":"transit_stop:gtfs_bengaluru_bmrcl:PUTH_C","field":"public_transport","kind":"transit_stop","name":"Yelachenahalli \u2013 Entrance C","ref":null,"status":"operational","opened_on":null,"expected_completion":null,"agency":"BMRCL","source":"gtfs_bengaluru_bmrcl","confidence":0.7,"mode":"metro","tier":"secondary"},"geometry":{"type":"Point","coordinates":[77.5703,12.8958]}},{"type":"Feature","properties":{"id":"transit_stop:gtfs_bengaluru_bmrcl:PUTH_D","field":"public_transport","kind":"transit_stop","name":"Yelachenahalli \u2013 Entrance D","ref":null,"status":"operational","opened_on":null,"expected_completion":null,"agency":"BMRCL","source":"gtfs_bengaluru_bmrcl","confidence":0.7,"mode":"metro","tier":"secondary"},"geometry":{"type":"Point","coordinates":[77.5695,12.8956]}},{"type":"Feature","properties":{"id":"transit_stop:gtfs_bengaluru_bmrcl:PUTH_E","field":"public_transport","kind":"transit_stop","name":"Yelachenahalli \u2013 Entrance E","ref":null,"status":"operational","opened_on":null,"expected_completion":null,"agency":"BMRCL","source":"gtfs_bengaluru_bmrcl","confidence":0.7,"mode":"metro","tier":"secondary"},"geometry":{"type":"Point","coordinates":[77.5701,12.8962]}},{"type":"Feature","properties":{"id":"transit_stop:gtfs_bengaluru_bmrcl:YPM","field":"public_transport","kind":"transit_stop","name":"Yeshwantpur","ref":null,"status":"operational","opened_on":null,"expected_completion":null,"agency":"BMRCL","source":"gtfs_bengaluru_bmrcl","confidence":0.7,"mode":"metro","tier":"secondary"},"geometry":{"type":"Point","coordinates":[77.5499,13.0233]}},{"type":"Feature","properties":{"id":"transit_stop:gtfs_bengaluru_bmrcl:YPM_PF1","field":"public_transport","kind":"transit_stop","name":"Yeshwantpur","ref":null,"status":"operational","opened_on":null,"expected_completion":null,"agency":"BMRCL","source":"gtfs_bengaluru_bmrcl","confidence":0.7,"mode":"metro","tier":"secondary"},"geometry":{"type":"Point","coordinates":[77.5497,13.0233]}},{"type":"Feature","properties":{"id":"transit_stop:gtfs_bengaluru_bmrcl:YPM_PF2","field":"public_transport","kind":"transit_stop","name":"Yeshwantpur","ref":null,"status":"operational","opened_on":null,"expected_completion":null,"agency":"BMRCL","source":"gtfs_bengaluru_bmrcl","confidence":0.7,"mode":"metro","tier":"secondary"},"geometry":{"type":"Point","coordinates":[77.5498,13.0234]}},{"type":"Feature","properties":{"id":"transit_stop:gtfs_bengaluru_bmrcl:YPM_A","field":"public_transport","kind":"transit_stop","name":"Yeshwantpur \u2013 Entrance A","ref":null,"status":"operational","opened_on":null,"expected_completion":null,"agency":"BMRCL","source":"gtfs_bengaluru_bmrcl","confidence":0.7,"mode":"metro","tier":"secondary"},"geometry":{"type":"Point","coordinates":[77.5505,13.0226]}},{"type":"Feature","properties":{"id":"transit_stop:gtfs_bengaluru_bmrcl:YPM_B","field":"public_transport","kind":"transit_stop","name":"Yeshwantpur \u2013 Entrance B","ref":null,"status":"operational","opened_on":null,"expected_completion":null,"agency":"BMRCL","source":"gtfs_bengaluru_bmrcl","confidence":0.7,"mode":"metro","tier":"secondary"},"geometry":{"type":"Point","coordinates":[77.5497,13.023]}},{"type":"Feature","properties":{"id":"transit_stop:gtfs_bengaluru_bmrcl:YPM_C","field":"public_transport","kind":"transit_stop","name":"Yeshwantpur \u2013 Entrance C","ref":null,"status":"operational","opened_on":null,"expected_completion":null,"agency":"BMRCL","source":"gtfs_bengaluru_bmrcl","confidence":0.7,"mode":"metro","tier":"secondary"},"geometry":{"type":"Point","coordinates":[77.549,13.0235]}},{"type":"Feature","properties":{"id":"transit_stop:gtfs_bengaluru_bmrcl:YPM_D","field":"public_transport","kind":"transit_stop","name":"Yeshwantpur \u2013 Entrance D","ref":null,"status":"operational","opened_on":null,"expected_completion":null,"agency":"BMRCL","source":"gtfs_bengaluru_bmrcl","confidence":0.7,"mode":"metro","tier":"secondary"},"geometry":{"type":"Point","coordinates":[77.5502,13.0233]}},{"type":"Feature","properties":{"id":"transit_stop:gtfs_bengaluru_bmrcl:YPM_E","field":"public_transport","kind":"transit_stop","name":"Yeshwantpur \u2013 Entrance E","ref":null,"status":"operational","opened_on":null,"expected_completion":null,"agency":"BMRCL","source":"gtfs_bengaluru_bmrcl","confidence":0.7,"mode":"metro","tier":"secondary"},"geometry":{"type":"Point","coordinates":[77.5503,13.0236]}},{"type":"Feature","properties":{"id":"transit_stop:gtfs_bengaluru_bmrcl:YPM_G","field":"public_transport","kind":"transit_stop","name":"Yeshwantpur \u2013 Entrance G","ref":null,"status":"operational","opened_on":null,"expected_completion":null,"agency":"BMRCL","source":"gtfs_bengaluru_bmrcl","confidence":0.7,"mode":"metro","tier":"secondary"},"geometry":{"type":"Point","coordinates":[77.5505,13.0231]}}]}