{"type":"FeatureCollection","features":[{"type":"Feature","properties":{"id":"transit_route:gtfs_pune_pmpml:6","field":"public_transport","kind":"transit_route","name":"Hinjawadi Maan Phase 3 to Ma Na Pa Dengle Pul Nadikathi (UP)","ref":"100","status":"operational","opened_on":null,"expected_completion":null,"agency":"PMPML","source":"gtfs_pune_pmpml","confidence":0.7,"mode":"bus","tier":"secondary","geometry_source":"shape"},"geometry":{"type":"LineString","coordinates":[[73.6883,18.5766],[73.6873,18.5829],[73.6931,18.5833],[73.7047,18.5887],[73.7079,18.5937],[73.7186,18.5971],[73.7227,18.5947],[73.7354,18.5939],[73.7396,18.5912],[73.7512,18.5909],[73.7616,18.5925],[73.7689,18.5902],[73.7845,18.5883],[73.7809,18.5866],[73.7892,18.5756],[73.7906,18.5717],[73.7948,18.572],[73.7962,18.5762],[73.7955,18.5788],[73.7976,18.5821],[73.8091,18.5698],[73.8114,18.5689],[73.8142,18.5613],[73.8278,18.5431],[73.8429,18.5321],[73.8525,18.5293],[73.8482,18.5228],[73.8516,18.5222],[73.8552,18.5237]]}},{"type":"Feature","properties":{"id":"transit_route:gtfs_pune_pmpml:7","field":"public_transport","kind":"transit_route","name":"Ma Na Pa Dengle Pul Nadikhathi to Hinjawadi Maan Phase 3 (DOWN)","ref":"100","status":"operational","opened_on":null,"expected_completion":null,"agency":"PMPML","source":"gtfs_pune_pmpml","confidence":0.7,"mode":"bus","tier":"secondary","geometry_source":"shape"},"geometry":{"type":"LineString","coordinates":[[73.8552,18.5237],[73.8567,18.5261],[73.8532,18.5258],[73.8496,18.5302],[73.843,18.5319],[73.8276,18.5429],[73.8139,18.5616],[73.8113,18.5689],[73.8092,18.5696],[73.7979,18.5817],[73.7955,18.5788],[73.7962,18.5762],[73.7948,18.572],[73.7906,18.5717],[73.7893,18.5752],[73.7809,18.5865],[73.7845,18.5882],[73.7689,18.59],[73.7611,18.5924],[73.751,18.5907],[73.7389,18.5912],[73.7366,18.5867],[73.7337,18.5858],[73.7322,18.594],[73.7227,18.5945],[73.7188,18.5969],[73.7116,18.5954],[73.7081,18.5935],[73.7047,18.5886],[73.6935,18.5832],[73.6883,18.5825],[73.6883,18.5766]]}},{"type":"Feature","properties":{"id":"transit_route:gtfs_pune_pmpml:10","field":"public_transport","kind":"transit_route","name":"Kothrud Depot to Katraj (UP)","ref":"103","status":"operational","opened_on":null,"expected_completion":null,"agency":"PMPML","source":"gtfs_pune_pmpml","confidence":0.7,"mode":"bus","tier":"secondary","geometry_source":"shape"},"geometry":{"type":"LineString","coordinates":[[73.795,18.5079],[73.8076,18.5075],[73.8195,18.511],[73.8255,18.506],[73.8424,18.5146],[73.844,18.512],[73.8585,18.5011],[73.8564,18.4753],[73.8583,18.4635],[73.859,18.4468]]}},{"type":"Feature","properties":{"id":"transit_route:gtfs_pune_pmpml:13","field":"public_transport","kind":"transit_route","name":"Katraj to Kothrud Depot (DOWN)","ref":"103","status":"operational","opened_on":null,"expected_completion":null,"agency":"PMPML","source":"gtfs_pune_pmpml","confidence":0.7,"mode":"bus","tier":"secondary","geometry_source":"shape"},"geometry":{"type":"LineString","coordinates":[[73.8587,18.4475],[73.8581,18.464],[73.8562,18.4753],[73.8584,18.5001],[73.8541,18.5016],[73.8533,18.5057],[73.8423,18.5143],[73.8254,18.5059],[73.82,18.5104],[73.8069,18.5073],[73.795,18.5079]]}},{"type":"Feature","properties":{"id":"transit_route:gtfs_pune_pmpml:14","field":"public_transport","kind":"transit_route","name":"Dsk Vishwa to Shivaji Nagar (UP)","ref":"104","status":"operational","opened_on":null,"expected_completion":null,"agency":"PMPML","source":"gtfs_pune_pmpml","confidence":0.7,"mode":"bus","tier":"secondary","geometry_source":"shape"},"geometry":{"type":"LineString","coordinates":[[73.799,18.4434],[73.7994,18.4448],[73.801,18.4441],[73.7999,18.4471],[73.8102,18.4471],[73.8127,18.4611],[73.8199,18.4692],[73.829,18.4878],[73.8266,18.489],[73.8271,18.4898],[73.8184,18.4927],[73.8167,18.4889],[73.8145,18.4893],[73.8152,18.4926],[73.8132,18.4944],[73.8134,18.4999],[73.8155,18.5021],[73.8411,18.5135],[73.8423,18.5147],[73.8409,18.5225],[73.8419,18.5264],[73.8448,18.5316],[73.8496,18.5303]]}},{"type":"Feature","properties":{"id":"transit_route:gtfs_pune_pmpml:15","field":"public_transport","kind":"transit_route","name":"Shivaji Nagar to Dsk Vishwa (DOWN)","ref":"104","status":"operational","opened_on":null,"expected_completion":null,"agency":"PMPML","source":"gtfs_pune_pmpml","confidence":0.7,"mode":"bus","tier":"secondary","geometry_source":"shape"},"geometry":{"type":"LineString","coordinates":[[73.8498,18.531],[73.8525,18.529],[73.8413,18.5135],[73.8144,18.5012],[73.8133,18.4948],[73.8153,18.493],[73.8147,18.4892],[73.8167,18.4889],[73.8184,18.4927],[73.8271,18.4898],[73.8292,18.4878],[73.82,18.4692],[73.8127,18.4611],[73.8136,18.4614],[73.8118,18.4577],[73.8102,18.4471],[73.7999,18.4471],[73.8011,18.4441],[73.7995,18.4447],[73.799,18.4434]]}},{"type":"Feature","properties":{"id":"transit_route:gtfs_pune_pmpml:16","field":"public_transport","kind":"transit_route","name":"Pimplegurav to Ganpati Matha (UP)","ref":"107","status":"operational","opened_on":null,"expected_completion":null,"agency":"PMPML","source":"gtfs_pune_pmpml","confidence":0.7,"mode":"bus","tier":"secondary","geometry_source":"shape"},"geometry":{"type":"LineString","coordinates":[[73.8191,18.593],[73.8215,18.586],[73.8246,18.583],[73.8299,18.5822],[73.8295,18.5782],[73.8309,18.5757],[73.834,18.5725],[73.8359,18.5738],[73.8331,18.5711],[73.8304,18.5626],[73.8411,18.5617],[73.8397,18.5564],[73.8432,18.5551],[73.8434,18.5449],[73.839,18.5448],[73.8379,18.5422],[73.834,18.5387],[73.8428,18.5322],[73.8525,18.5293],[73.8513,18.5274],[73.8546,18.5232],[73.8478,18.5223],[73.8412,18.5134],[73.8147,18.5015],[73.8133,18.4948],[73.8153,18.493],[73.815,18.4897],[73.8058,18.4804],[73.8016,18.4806],[73.7958,18.4757]]}},{"type":"Feature","properties":{"id":"transit_route:gtfs_pune_pmpml:17","field":"public_transport","kind":"transit_route","name":"Ganpati Matha to Pimplegurav (DOWN)","ref":"107","status":"operational","opened_on":null,"expected_completion":null,"agency":"PMPML","source":"gtfs_pune_pmpml","confidence":0.7,"mode":"bus","tier":"secondary","geometry_source":"shape"},"geometry":{"type":"LineString","coordinates":[[73.7959,18.4758],[73.8016,18.4807],[73.8058,18.4805],[73.8146,18.4894],[73.8151,18.493],[73.8132,18.4948],[73.8134,18.4999],[73.8146,18.5016],[73.8421,18.5144],[73.8409,18.5225],[73.8422,18.527],[73.8495,18.5249],[73.8482,18.5228],[73.8502,18.5223],[73.8531,18.5227],[73.8526,18.5245],[73.8536,18.525],[73.8496,18.5302],[73.843,18.5319],[73.8324,18.5395],[73.834,18.5387],[73.8379,18.5423],[73.8386,18.5434],[73.8388,18.5443],[73.8388,18.5449],[73.8388,18.545],[73.8434,18.545],[73.8434,18.5449],[73.8388,18.5449],[73.8388,18.545],[73.8433,18.545],[73.8434,18.545],[73.8432,18.5551],[73.8397,18.5564],[73.8411,18.5617],[73.8302,18.5626],[73.834,18.5725],[73.8295,18.5782],[73.8299,18.5822],[73.8246,18.583],[73.8224,18.5851],[73.8191,18.593]]}},{"type":"Feature","properties":{"id":"transit_route:gtfs_pune_pmpml:18","field":"public_transport","kind":"transit_route","name":"Pune Station Moledina Road to Sutardara (UP)","ref":"108","status":"operational","opened_on":null,"expected_completion":null,"agency":"PMPML","source":"gtfs_pune_pmpml","confidence":0.7,"mode":"bus","tier":"secondary","geometry_source":"shape"},"geometry":{"type":"LineString","coordinates":[[73.873,18.5271],[73.8736,18.5283],[73.8763,18.5282],[73.8764,18.5234],[73.871,18.5244],[73.865,18.5216],[73.8647,18.5195],[73.8562,18.5185],[73.8563,18.5169],[73.847,18.5159],[73.8437,18.5127],[73.8422,18.5143],[73.8255,18.5059],[73.82,18.5104],[73.8092,18.5081],[73.809,18.5124],[73.8059,18.5124],[73.8059,18.5156],[73.8078,18.5155]]}},{"type":"Feature","properties":{"id":"transit_route:gtfs_pune_pmpml:19","field":"public_transport","kind":"transit_route","name":"Sutardara to Pune Station Moledina Stand (DOWN)","ref":"108","status":"operational","opened_on":null,"expected_completion":null,"agency":"PMPML","source":"gtfs_pune_pmpml","confidence":0.7,"mode":"bus","tier":"secondary","geometry_source":"shape"},"geometry":{"type":"LineString","coordinates":[[73.8078,18.5155],[73.8059,18.5156],[73.8059,18.5124],[73.809,18.5124],[73.8091,18.5082],[73.8195,18.511],[73.8255,18.506],[73.8424,18.5146],[73.8439,18.5128],[73.8478,18.5161],[73.85,18.5164],[73.8502,18.5135],[73.8538,18.5137],[73.8553,18.521],[73.8562,18.5185],[73.8597,18.5187],[73.8628,18.52],[73.8646,18.5203],[73.8647,18.5195],[73.865,18.5216],[73.8675,18.5227],[73.8675,18.5256],[73.8718,18.5245],[73.873,18.5276]]}},{"type":"Feature","properties":{"id":"transit_route:gtfs_pune_pmpml:28","field":"public_transport","kind":"transit_route","name":"Ma Na Pa Congress Bhavan to Bhekrai Nagar (UP)","ref":"111M","status":"operational","opened_on":null,"expected_completion":null,"agency":"PMPML","source":"gtfs_pune_pmpml","confidence":0.7,"mode":"bus","tier":"secondary","geometry_source":"shape"},"geometry":{"type":"LineString","coordinates":[[73.8523,18.5222],[73.8478,18.5223],[73.8422,18.5156],[73.8439,18.5127],[73.8433,18.5105],[73.8454,18.5032],[73.8535,18.5042],[73.8539,18.5052],[73.8589,18.5006],[73.8643,18.4999],[73.8784,18.5027],[73.8793,18.507],[73.9138,18.5062],[73.9296,18.5019],[73.9391,18.5008],[73.9473,18.4937],[73.9539,18.4837]]}},{"type":"Feature","properties":{"id":"transit_route:gtfs_pune_pmpml:29","field":"public_transport","kind":"transit_route","name":"Bhekrai Nagar to Ma Na Pa Congress Bhavan (DOWN)","ref":"111M","status":"operational","opened_on":null,"expected_completion":null,"agency":"PMPML","source":"gtfs_pune_pmpml","confidence":0.7,"mode":"bus","tier":"secondary","geometry_source":"shape"},"geometry":{"type":"LineString","coordinates":[[73.9539,18.4836],[73.9472,18.4937],[73.9381,18.5008],[73.9296,18.5017],[73.9138,18.5061],[73.8848,18.5066],[73.8794,18.503],[73.8646,18.4998],[73.8542,18.5014],[73.8532,18.5042],[73.8473,18.504],[73.8453,18.5029],[73.8432,18.5106],[73.8438,18.5127],[73.8412,18.5199],[73.8418,18.526],[73.8422,18.527],[73.8472,18.526],[73.8495,18.5249],[73.8482,18.5228],[73.8522,18.5223]]}},{"type":"Feature","properties":{"id":"transit_route:gtfs_pune_pmpml:36","field":"public_transport","kind":"transit_route","name":"Sangvi Vasantdada Putala to Vasant Talkies (UP)","ref":"113","status":"operational","opened_on":null,"expected_completion":null,"agency":"PMPML","source":"gtfs_pune_pmpml","confidence":0.7,"mode":"bus","tier":"secondary","geometry_source":"shape"},"geometry":{"type":"LineString","coordinates":[[73.8257,18.5752],[73.812,18.5763],[73.8067,18.5735],[73.8092,18.5699],[73.8114,18.5689],[73.8142,18.5613],[73.8278,18.5431],[73.8428,18.5322],[73.8525,18.5293],[73.8513,18.5274],[73.8533,18.5258],[73.8562,18.5183]]}},{"type":"Feature","properties":{"id":"transit_route:gtfs_pune_pmpml:37","field":"public_transport","kind":"transit_route","name":"Vasant Talkies to Sangvi Vasantdada Putala (DOWN)","ref":"113","status":"operational","opened_on":null,"expected_completion":null,"agency":"PMPML","source":"gtfs_pune_pmpml","confidence":0.7,"mode":"bus","tier":"secondary","geometry_source":"shape"},"geometry":{"type":"LineString","coordinates":[[73.8562,18.5175],[73.8563,18.5157],[73.8538,18.5145],[73.8552,18.5213],[73.8496,18.5302],[73.843,18.5319],[73.8276,18.5429],[73.8139,18.5616],[73.8113,18.5689],[73.8092,18.5696],[73.8065,18.5734],[73.812,18.5763],[73.8257,18.5752]]}},{"type":"Feature","properties":{"id":"transit_route:gtfs_pune_pmpml:38","field":"public_transport","kind":"transit_route","name":"Bajirao Padale Chowk Mhalunge to Ma Na Pa Main Gate (UP)","ref":"114","status":"operational","opened_on":null,"expected_completion":null,"agency":"PMPML","source":"gtfs_pune_pmpml","confidence":0.7,"mode":"bus","tier":"secondary","geometry_source":"shape"},"geometry":{"type":"LineString","coordinates":[[73.7357,18.5647],[73.7451,18.5682],[73.7513,18.5688],[73.7556,18.5743],[73.7688,18.567],[73.7759,18.5644],[73.7826,18.5638],[73.7958,18.5552],[73.8013,18.5546],[73.8054,18.5509],[73.8293,18.542],[73.8429,18.5321],[73.8525,18.5293],[73.8513,18.5274],[73.8544,18.5231]]}},{"type":"Feature","properties":{"id":"transit_route:gtfs_pune_pmpml:39","field":"public_transport","kind":"transit_route","name":"Ma Na Pa Main Gate to Bajirao Padale Chowk Mhalunge (DOWN)","ref":"114","status":"operational","opened_on":null,"expected_completion":null,"agency":"PMPML","source":"gtfs_pune_pmpml","confidence":0.7,"mode":"bus","tier":"secondary","geometry_source":"shape"},"geometry":{"type":"LineString","coordinates":[[73.8542,18.523],[73.8531,18.5226],[73.8526,18.5245],[73.8536,18.525],[73.8496,18.5302],[73.843,18.5319],[73.8227,18.5452],[73.8054,18.5508],[73.8011,18.5545],[73.7957,18.5552],[73.7918,18.5587],[73.7825,18.5637],[73.7752,18.5645],[73.7688,18.5669],[73.7556,18.5743],[73.7513,18.5688],[73.7451,18.5682],[73.7357,18.5647]]}},{"type":"Feature","properties":{"id":"transit_route:gtfs_pune_pmpml:40","field":"public_transport","kind":"transit_route","name":"Hinjawadi Maan Phase 3 to Pune Station Moledina Stand (UP)","ref":"115","status":"operational","opened_on":null,"expected_completion":null,"agency":"PMPML","source":"gtfs_pune_pmpml","confidence":0.7,"mode":"bus","tier":"secondary","geometry_source":"shape"},"geometry":{"type":"LineString","coordinates":[[73.6883,18.5766],[73.6872,18.5829],[73.693,18.5833],[73.7047,18.5887],[73.7078,18.5936],[73.7127,18.5959],[73.7187,18.5971],[73.7227,18.5947],[73.7354,18.5939],[73.7389,18.5913],[73.7399,18.5956],[73.7422,18.598],[73.7435,18.5989],[73.744,18.5993],[73.7447,18.5998],[73.7448,18.5997],[73.7431,18.5986],[73.744,18.5993],[73.7446,18.5998],[73.7446,18.5999],[73.7434,18.602],[73.7506,18.6041],[73.7557,18.6071],[73.7652,18.6155],[73.7709,18.6087],[73.7785,18.6025],[73.7888,18.5884],[73.7961,18.5836],[73.8091,18.5698],[73.8113,18.5691],[73.8142,18.5613],[73.8278,18.5431],[73.8429,18.5321],[73.8525,18.5293],[73.8513,18.5274],[73.8546,18.5233],[73.857,18.5255],[73.858,18.5241],[73.8635,18.5279],[73.8701,18.5242],[73.873,18.5276]]}},{"type":"Feature","properties":{"id":"transit_route:gtfs_pune_pmpml:41","field":"public_transport","kind":"transit_route","name":"Pune Station Moledina Stand to Hinjawadi Maan Phase 3 (DOWN)","ref":"115","status":"operational","opened_on":null,"expected_completion":null,"agency":"PMPML","source":"gtfs_pune_pmpml","confidence":0.7,"mode":"bus","tier":"secondary","geometry_source":"shape"},"geometry":{"type":"LineString","coordinates":[[73.873,18.5271],[73.8736,18.5283],[73.8763,18.5282],[73.8764,18.5234],[73.8702,18.5239],[73.8632,18.5276],[73.8579,18.5239],[73.8569,18.5253],[73.8531,18.5226],[73.8526,18.5245],[73.8536,18.525],[73.8496,18.5302],[73.843,18.5319],[73.8277,18.5428],[73.8139,18.5616],[73.8113,18.5689],[73.8092,18.5696],[73.796,18.5834],[73.7887,18.5883],[73.7784,18.6024],[73.7703,18.609],[73.7665,18.614],[73.7654,18.6153],[73.7653,18.6152],[73.7652,18.6155],[73.7559,18.6071],[73.742,18.5978],[73.7399,18.5955],[73.7386,18.5901],[73.736,18.5864],[73.7334,18.586],[73.7322,18.594],[73.7227,18.5945],[73.7191,18.5969],[73.7134,18.596],[73.7081,18.5935],[73.7047,18.5886],[73.6935,18.5832],[73.688,18.5822],[73.6883,18.5766]]}},{"type":"Feature","properties":{"id":"transit_route:gtfs_pune_pmpml:45","field":"public_transport","kind":"transit_route","name":"Dhayareshwar Mandir to Swargate Natraj Stand (UP)","ref":"117","status":"operational","opened_on":null,"expected_completion":null,"agency":"PMPML","source":"gtfs_pune_pmpml","confidence":0.7,"mode":"bus","tier":"secondary","geometry_source":"shape"},"geometry":{"type":"LineString","coordinates":[[73.8126,18.4423],[73.8159,18.4425],[73.8155,18.4467],[73.8103,18.4472],[73.8127,18.4611],[73.8199,18.4692],[73.829,18.4878],[73.8456,18.5012],[73.8513,18.4991],[73.8537,18.4997],[73.8537,18.5041],[73.8554,18.504],[73.8585,18.5011],[73.8578,18.5005]]}},{"type":"Feature","properties":{"id":"transit_route:gtfs_pune_pmpml:47","field":"public_transport","kind":"transit_route","name":"Swargate Natraj Stand to Dhayareshwar Mandir (DOWN)","ref":"117","status":"operational","opened_on":null,"expected_completion":null,"agency":"PMPML","source":"gtfs_pune_pmpml","confidence":0.7,"mode":"bus","tier":"secondary","geometry_source":"shape"},"geometry":{"type":"LineString","coordinates":[[73.8578,18.5005],[73.8541,18.5013],[73.8539,18.4997],[73.8514,18.499],[73.8457,18.5011],[73.8291,18.4877],[73.82,18.4692],[73.8127,18.4609],[73.8103,18.4472],[73.8155,18.4467],[73.8159,18.4425],[73.8128,18.4423]]}},{"type":"Feature","properties":{"id":"transit_route:gtfs_pune_pmpml:48","field":"public_transport","kind":"transit_route","name":"Suncity to Swargate Natraj Stand (UP)","ref":"118A","status":"operational","opened_on":null,"expected_completion":null,"agency":"PMPML","source":"gtfs_pune_pmpml","confidence":0.7,"mode":"bus","tier":"secondary","geometry_source":"shape"},"geometry":{"type":"LineString","coordinates":[[73.8145,18.4748],[73.821,18.4785],[73.8241,18.4781],[73.8296,18.4885],[73.8456,18.5012],[73.8513,18.4991],[73.8537,18.4997],[73.8537,18.5041],[73.8554,18.504],[73.8585,18.5011],[73.8578,18.5005]]}},{"type":"Feature","properties":{"id":"transit_route:gtfs_pune_pmpml:49","field":"public_transport","kind":"transit_route","name":"Swargate Natraj Stand to Suncity (DOWN)","ref":"118A","status":"operational","opened_on":null,"expected_completion":null,"agency":"PMPML","source":"gtfs_pune_pmpml","confidence":0.7,"mode":"bus","tier":"secondary","geometry_source":"shape"},"geometry":{"type":"LineString","coordinates":[[73.8578,18.5005],[73.8541,18.5013],[73.8539,18.4997],[73.8514,18.499],[73.8456,18.5011],[73.8297,18.4884],[73.8241,18.4781],[73.821,18.4785],[73.8135,18.4747]]}},{"type":"Feature","properties":{"id":"transit_route:gtfs_pune_pmpml:55","field":"public_transport","kind":"transit_route","name":"Vadgaon Budruk Stand to Swargate Natraj Stand (UP)","ref":"118","status":"operational","opened_on":null,"expected_completion":null,"agency":"PMPML","source":"gtfs_pune_pmpml","confidence":0.7,"mode":"bus","tier":"secondary","geometry_source":"shape"},"geometry":{"type":"LineString","coordinates":[[73.8221,18.4675],[73.8212,18.4683],[73.8247,18.4703],[73.8204,18.47],[73.8198,18.4688],[73.8189,18.4677],[73.8168,18.4661],[73.82,18.4694],[73.8296,18.4885],[73.8456,18.5012],[73.8513,18.4991],[73.8537,18.4997],[73.8537,18.5041],[73.8554,18.504],[73.8585,18.5011],[73.8578,18.5005]]}},{"type":"Feature","properties":{"id":"transit_route:gtfs_pune_pmpml:57","field":"public_transport","kind":"transit_route","name":"Swargate Natraj Stand to Vadgaon Budruk Stand (DOWN)","ref":"118","status":"operational","opened_on":null,"expected_completion":null,"agency":"PMPML","source":"gtfs_pune_pmpml","confidence":0.7,"mode":"bus","tier":"secondary","geometry_source":"shape"},"geometry":{"type":"LineString","coordinates":[[73.8578,18.5005],[73.8541,18.5013],[73.8539,18.4997],[73.8514,18.499],[73.8457,18.5011],[73.8298,18.4885],[73.8186,18.4675],[73.822,18.4675]]}},{"type":"Feature","properties":{"id":"transit_route:gtfs_pune_pmpml:58","field":"public_transport","kind":"transit_route","name":"Charholigaon to Ma Na Pa Daphale Garage (UP)","ref":"119A","status":"operational","opened_on":null,"expected_completion":null,"agency":"PMPML","source":"gtfs_pune_pmpml","confidence":0.7,"mode":"bus","tier":"secondary","geometry_source":"shape"},"geometry":{"type":"LineString","coordinates":[[73.9079,18.6536],[73.9012,18.6558],[73.8958,18.6596],[73.8868,18.6616],[73.8799,18.6443],[73.875,18.6377],[73.8728,18.6015],[73.8752,18.5824],[73.8796,18.5675],[73.8772,18.5647],[73.8757,18.557],[73.8711,18.5486],[73.8616,18.555],[73.8567,18.5527],[73.8518,18.5443],[73.8506,18.5378],[73.855,18.5305],[73.8525,18.529],[73.8482,18.5228],[73.8516,18.5222],[73.8529,18.5235]]}},{"type":"Feature","properties":{"id":"transit_route:gtfs_pune_pmpml:59","field":"public_transport","kind":"transit_route","name":"Ma Na Pa Daphale Garage to Charholigaon (DOWN)","ref":"119A","status":"operational","opened_on":null,"expected_completion":null,"agency":"PMPML","source":"gtfs_pune_pmpml","confidence":0.7,"mode":"bus","tier":"secondary","geometry_source":"shape"},"geometry":{"type":"LineString","coordinates":[[73.853,18.5233],[73.8532,18.5258],[73.8499,18.5296],[73.8549,18.5305],[73.8505,18.5373],[73.8518,18.5465],[73.851,18.5491],[73.8525,18.5505],[73.8549,18.5494],[73.8569,18.553],[73.8615,18.5556],[73.8641,18.5533],[73.8747,18.5555],[73.8771,18.5646],[73.8794,18.5674],[73.8751,18.5823],[73.8728,18.6015],[73.8748,18.6377],[73.8798,18.6444],[73.8866,18.6618],[73.8957,18.6597],[73.9009,18.656],[73.9076,18.6536]]}},{"type":"Feature","properties":{"id":"transit_route:gtfs_pune_pmpml:60","field":"public_transport","kind":"transit_route","name":"Alandi to Ma Na Pa Daphale Garage (UP)","ref":"119","status":"operational","opened_on":null,"expected_completion":null,"agency":"PMPML","source":"gtfs_pune_pmpml","confidence":0.7,"mode":"bus","tier":"secondary","geometry_source":"shape"},"geometry":{"type":"LineString","coordinates":[[73.8971,18.6748],[73.8931,18.6733],[73.8874,18.6644],[73.8838,18.6524],[73.8789,18.6425],[73.8749,18.6372],[73.8728,18.6015],[73.8752,18.5824],[73.8795,18.5673],[73.8772,18.5647],[73.8757,18.557],[73.8711,18.5486],[73.8616,18.555],[73.8567,18.5527],[73.8518,18.5443],[73.8506,18.5378],[73.855,18.5305],[73.8525,18.529],[73.8482,18.5228],[73.8516,18.5222],[73.8529,18.5235]]}},{"type":"Feature","properties":{"id":"transit_route:gtfs_pune_pmpml:61","field":"public_transport","kind":"transit_route","name":"Ma Na Pa Daphale Garage to Alandi (DOWN)","ref":"119","status":"operational","opened_on":null,"expected_completion":null,"agency":"PMPML","source":"gtfs_pune_pmpml","confidence":0.7,"mode":"bus","tier":"secondary","geometry_source":"shape"},"geometry":{"type":"LineString","coordinates":[[73.853,18.5233],[73.8532,18.5258],[73.8499,18.5296],[73.8549,18.5305],[73.8505,18.5373],[73.8518,18.5465],[73.851,18.5491],[73.8525,18.5505],[73.8549,18.5494],[73.8569,18.553],[73.8615,18.5556],[73.8711,18.5488],[73.8756,18.5571],[73.8771,18.5646],[73.8794,18.5673],[73.8751,18.5823],[73.8728,18.6015],[73.8747,18.6371],[73.8836,18.6524],[73.8873,18.6645],[73.8931,18.6734],[73.8971,18.6748]]}},{"type":"Feature","properties":{"id":"transit_route:gtfs_pune_pmpml:62","field":"public_transport","kind":"transit_route","name":"Kasarwadi Railway Station to Marketyard Depot (UP)","ref":"11A","status":"operational","opened_on":null,"expected_completion":null,"agency":"PMPML","source":"gtfs_pune_pmpml","confidence":0.7,"mode":"bus","tier":"secondary","geometry_source":"shape"},"geometry":{"type":"LineString","coordinates":[[73.8207,18.6077],[73.8222,18.602],[73.8194,18.597],[73.8172,18.5969],[73.8198,18.5928],[73.8195,18.5903],[73.8213,18.5862],[73.8246,18.583],[73.8299,18.5822],[73.8295,18.5782],[73.834,18.5725],[73.8368,18.5745],[73.8373,18.5719],[73.8517,18.5639],[73.8566,18.5543],[73.8518,18.5443],[73.8505,18.5375],[73.855,18.5308],[73.8513,18.5274],[73.8561,18.5202],[73.859,18.5044],[73.8576,18.4894],[73.8701,18.4895],[73.8715,18.4837]]}},{"type":"Feature","properties":{"id":"transit_route:gtfs_pune_pmpml:63","field":"public_transport","kind":"transit_route","name":"Marketyard Depot to Kasarwadi Railway Station (DOWN)","ref":"11A","status":"operational","opened_on":null,"expected_completion":null,"agency":"PMPML","source":"gtfs_pune_pmpml","confidence":0.7,"mode":"bus","tier":"secondary","geometry_source":"shape"},"geometry":{"type":"LineString","coordinates":[[73.8714,18.4837],[73.8701,18.4894],[73.8574,18.4893],[73.8583,18.5002],[73.854,18.5017],[73.8538,18.5156],[73.8552,18.5211],[73.8499,18.5296],[73.8549,18.5305],[73.8505,18.5373],[73.8518,18.5465],[73.851,18.5491],[73.8525,18.5505],[73.8549,18.5494],[73.8566,18.5543],[73.8517,18.5639],[73.8372,18.5719],[73.8359,18.5737],[73.8341,18.5724],[73.8295,18.5782],[73.8299,18.5822],[73.8246,18.583],[73.8213,18.5862],[73.8195,18.5903],[73.8198,18.5928],[73.8172,18.5969],[73.8193,18.5969],[73.8216,18.6003],[73.8221,18.6033],[73.8207,18.6077]]}},{"type":"Feature","properties":{"id":"transit_route:gtfs_pune_pmpml:66","field":"public_transport","kind":"transit_route","name":"Pimplegurav to Katraj (UP)","ref":"11C","status":"operational","opened_on":null,"expected_completion":null,"agency":"PMPML","source":"gtfs_pune_pmpml","confidence":0.7,"mode":"bus","tier":"secondary","geometry_source":"shape"},"geometry":{"type":"LineString","coordinates":[[73.8191,18.593],[73.8215,18.586],[73.8246,18.583],[73.8299,18.5822],[73.8295,18.5782],[73.831,18.5756],[73.834,18.5725],[73.8368,18.5745],[73.8373,18.5719],[73.8515,18.564],[73.8566,18.5543],[73.8518,18.5443],[73.8505,18.5375],[73.855,18.5308],[73.8513,18.5274],[73.8561,18.5202],[73.859,18.5044],[73.8564,18.4755],[73.8583,18.4635],[73.859,18.4468]]}},{"type":"Feature","properties":{"id":"transit_route:gtfs_pune_pmpml:67","field":"public_transport","kind":"transit_route","name":"Katraj to Pimplegurav (DOWN)","ref":"11C","status":"operational","opened_on":null,"expected_completion":null,"agency":"PMPML","source":"gtfs_pune_pmpml","confidence":0.7,"mode":"bus","tier":"secondary","geometry_source":"shape"},"geometry":{"type":"LineString","coordinates":[[73.8587,18.4475],[73.8581,18.464],[73.8562,18.4753],[73.8584,18.5001],[73.854,18.5017],[73.8538,18.5156],[73.8552,18.5211],[73.8499,18.5296],[73.8549,18.5305],[73.8505,18.5373],[73.8518,18.5465],[73.851,18.5491],[73.8525,18.5505],[73.8549,18.5494],[73.8566,18.5543],[73.8515,18.564],[73.8372,18.5719],[73.8359,18.5737],[73.8341,18.5724],[73.831,18.5756],[73.8295,18.5782],[73.8299,18.5822],[73.8246,18.583],[73.8224,18.5851],[73.8191,18.593]]}},{"type":"Feature","properties":{"id":"transit_route:gtfs_pune_pmpml:68","field":"public_transport","kind":"transit_route","name":"Pimplegurav to Marketyard Depot (UP)","ref":"11","status":"operational","opened_on":null,"expected_completion":null,"agency":"PMPML","source":"gtfs_pune_pmpml","confidence":0.7,"mode":"bus","tier":"secondary","geometry_source":"shape"},"geometry":{"type":"LineString","coordinates":[[73.8191,18.593],[73.8215,18.586],[73.8246,18.583],[73.8299,18.5822],[73.8295,18.5782],[73.831,18.5756],[73.834,18.5725],[73.8368,18.5745],[73.8373,18.5719],[73.8515,18.564],[73.8566,18.5543],[73.8518,18.5443],[73.8505,18.5375],[73.855,18.5308],[73.8513,18.5274],[73.8561,18.5202],[73.859,18.5044],[73.8576,18.4894],[73.8701,18.4895],[73.8715,18.4837]]}},{"type":"Feature","properties":{"id":"transit_route:gtfs_pune_pmpml:69","field":"public_transport","kind":"transit_route","name":"Marketyard Depot to Pimplegurav (DOWN)","ref":"11","status":"operational","opened_on":null,"expected_completion":null,"agency":"PMPML","source":"gtfs_pune_pmpml","confidence":0.7,"mode":"bus","tier":"secondary","geometry_source":"shape"},"geometry":{"type":"LineString","coordinates":[[73.8714,18.4837],[73.8701,18.4894],[73.8574,18.4893],[73.8583,18.5002],[73.854,18.5017],[73.8538,18.5156],[73.8552,18.5211],[73.8499,18.5296],[73.8549,18.5305],[73.8505,18.5373],[73.8518,18.5465],[73.851,18.5491],[73.8525,18.5505],[73.8549,18.5494],[73.8566,18.5543],[73.8515,18.564],[73.8372,18.5719],[73.8359,18.5737],[73.8341,18.5724],[73.831,18.5756],[73.8295,18.5782],[73.8299,18.5822],[73.8246,18.583],[73.8224,18.5851],[73.8191,18.593]]}},{"type":"Feature","properties":{"id":"transit_route:gtfs_pune_pmpml:70","field":"public_transport","kind":"transit_route","name":"Endurance Systems Chakan Mahalunge to Bhosari Chakan Road (UP)","ref":"120","status":"operational","opened_on":null,"expected_completion":null,"agency":"PMPML","source":"gtfs_pune_pmpml","confidence":0.7,"mode":"bus","tier":"secondary","geometry_source":"shape"},"geometry":{"type":"LineString","coordinates":[[73.8069,18.7412],[73.807,18.7398],[73.8165,18.7394],[73.8135,18.7486],[73.8064,18.7482],[73.8064,18.7432],[73.7953,18.7425],[73.7887,18.7462],[73.7963,18.7531],[73.8012,18.7545],[73.804,18.7547],[73.8048,18.7548],[73.8055,18.7547],[73.8057,18.7547],[73.8057,18.7539],[73.8056,18.7536],[73.8064,18.7482],[73.8066,18.7433],[73.8064,18.7432],[73.8009,18.7428],[73.7953,18.7425],[73.7945,18.7427],[73.7887,18.7462],[73.7901,18.7481],[73.7963,18.7531],[73.7995,18.754],[73.8007,18.7544],[73.8012,18.7545],[73.8017,18.7545],[73.804,18.7547],[73.8048,18.7548],[73.8055,18.7547],[73.807,18.7545],[73.8074,18.7545],[73.8234,18.7598],[73.8366,18.7587],[73.8528,18.7553],[73.8591,18.7554],[73.8602,18.7507],[73.859,18.7403],[73.8561,18.7309],[73.8484,18.7153],[73.8476,18.6946],[73.8462,18.6914],[73.8472,18.6835],[73.8499,18.678],[73.8484,18.671],[73.8484,18.66],[73.8508,18.6485],[73.8498,18.6338],[73.8524,18.6267],[73.8512,18.6238]]}},{"type":"Feature","properties":{"id":"transit_route:gtfs_pune_pmpml:71","field":"public_transport","kind":"transit_route","name":"Bhosari Chakan Road to Endurance Systems Chakan Mahalunge (DOWN)","ref":"120","status":"operational","opened_on":null,"expected_completion":null,"agency":"PMPML","source":"gtfs_pune_pmpml","confidence":0.7,"mode":"bus","tier":"secondary","geometry_source":"shape"},"geometry":{"type":"LineString","coordinates":[[73.8512,18.6238],[73.8521,18.6272],[73.8497,18.6341],[73.8507,18.6484],[73.8484,18.66],[73.8484,18.6717],[73.8498,18.6778],[73.8471,18.6835],[73.8461,18.6915],[73.8475,18.695],[73.8484,18.7153],[73.856,18.731],[73.8589,18.7403],[73.8601,18.7507],[73.86,18.7515],[73.8593,18.7539],[73.859,18.7554],[73.8591,18.7554],[73.85,18.7557],[73.8267,18.76],[73.8186,18.7589],[73.8057,18.7547],[73.8069,18.7414]]}},{"type":"Feature","properties":{"id":"transit_route:gtfs_pune_pmpml:72","field":"public_transport","kind":"transit_route","name":"Bhosari Terminal to Ma Na Pa Main Stand (UP)","ref":"121","status":"operational","opened_on":null,"expected_completion":null,"agency":"PMPML","source":"gtfs_pune_pmpml","confidence":0.7,"mode":"bus","tier":"secondary","geometry_source":"shape"},"geometry":{"type":"LineString","coordinates":[[73.8514,18.6246],[73.852,18.6253],[73.8497,18.6171],[73.847,18.6157],[73.8455,18.6156],[73.8417,18.6164],[73.8451,18.6158],[73.8418,18.6196],[73.8302,18.621],[73.8302,18.619],[73.8256,18.617],[73.8224,18.607],[73.8263,18.602],[73.8326,18.5881],[73.8397,18.5658],[73.8467,18.5573],[73.8514,18.5486],[73.8506,18.5374],[73.855,18.5305],[73.8525,18.529],[73.8482,18.5228],[73.8537,18.523]]}},{"type":"Feature","properties":{"id":"transit_route:gtfs_pune_pmpml:73","field":"public_transport","kind":"transit_route","name":"Ma Na Pa Main Stand to Bhosari Terminal (DOWN)","ref":"121","status":"operational","opened_on":null,"expected_completion":null,"agency":"PMPML","source":"gtfs_pune_pmpml","confidence":0.7,"mode":"bus","tier":"secondary","geometry_source":"shape"},"geometry":{"type":"LineString","coordinates":[[73.8537,18.5228],[73.8526,18.5242],[73.8532,18.5258],[73.8499,18.5293],[73.8549,18.5305],[73.8505,18.5373],[73.8512,18.5489],[73.8466,18.5574],[73.8395,18.5658],[73.8323,18.5882],[73.826,18.6019],[73.822,18.607],[73.8257,18.6173],[73.8299,18.6191],[73.8302,18.621],[73.8419,18.6196],[73.8453,18.6158],[73.847,18.6157],[73.8494,18.6172],[73.8514,18.6246]]}},{"type":"Feature","properties":{"id":"transit_route:gtfs_pune_pmpml:78","field":"public_transport","kind":"transit_route","name":"Chinchwadgaon to Ma Na Pa Main Stand (UP)","ref":"122","status":"operational","opened_on":null,"expected_completion":null,"agency":"PMPML","source":"gtfs_pune_pmpml","confidence":0.7,"mode":"bus","tier":"secondary","geometry_source":"shape"},"geometry":{"type":"LineString","coordinates":[[73.7823,18.6274],[73.7869,18.6295],[73.7873,18.6325],[73.7853,18.6329],[73.789,18.6363],[73.7952,18.6388],[73.8253,18.6037],[73.8296,18.5963],[73.8397,18.5658],[73.8467,18.5573],[73.8514,18.5486],[73.8506,18.5374],[73.855,18.5305],[73.8525,18.529],[73.8482,18.5228],[73.8537,18.523]]}},{"type":"Feature","properties":{"id":"transit_route:gtfs_pune_pmpml:79","field":"public_transport","kind":"transit_route","name":"Ma Na Pa Main Stand to Chinchwadgaon (DOWN)","ref":"122","status":"operational","opened_on":null,"expected_completion":null,"agency":"PMPML","source":"gtfs_pune_pmpml","confidence":0.7,"mode":"bus","tier":"secondary","geometry_source":"shape"},"geometry":{"type":"LineString","coordinates":[[73.8537,18.5228],[73.8526,18.5242],[73.8532,18.5258],[73.8499,18.5296],[73.8549,18.5305],[73.8505,18.5373],[73.8517,18.5475],[73.8466,18.5574],[73.8395,18.5658],[73.8326,18.5877],[73.8254,18.603],[73.8061,18.6267],[73.8048,18.6248],[73.8003,18.624],[73.795,18.6293],[73.7904,18.6307],[73.7822,18.6277]]}},{"type":"Feature","properties":{"id":"transit_route:gtfs_pune_pmpml:80","field":"public_transport","kind":"transit_route","name":"Nigdi Bhakti Shakti to Ma Na Pa Main Stand (UP)","ref":"123","status":"operational","opened_on":null,"expected_completion":null,"agency":"PMPML","source":"gtfs_pune_pmpml","confidence":0.7,"mode":"bus","tier":"secondary","geometry_source":"shape"},"geometry":{"type":"LineString","coordinates":[[73.7711,18.6661],[73.826,18.6027],[73.8328,18.5877],[73.8397,18.5658],[73.8467,18.5573],[73.8514,18.5486],[73.8506,18.5374],[73.855,18.5305],[73.8525,18.529],[73.8482,18.5228],[73.8537,18.523]]}},{"type":"Feature","properties":{"id":"transit_route:gtfs_pune_pmpml:81","field":"public_transport","kind":"transit_route","name":"Ma Na Pa Main Stand to Nigdi Bhakti Shakti (DOWN)","ref":"123","status":"operational","opened_on":null,"expected_completion":null,"agency":"PMPML","source":"gtfs_pune_pmpml","confidence":0.7,"mode":"bus","tier":"secondary","geometry_source":"shape"},"geometry":{"type":"LineString","coordinates":[[73.8537,18.5228],[73.8526,18.5242],[73.8532,18.5258],[73.8499,18.5296],[73.8549,18.5305],[73.8505,18.5373],[73.8517,18.5475],[73.8466,18.5574],[73.8395,18.5658],[73.8326,18.5877],[73.8254,18.603],[73.771,18.6659]]}},{"type":"Feature","properties":{"id":"transit_route:gtfs_pune_pmpml:82","field":"public_transport","kind":"transit_route","name":"Neilsoft Company infosys Phase 3 to Aundhgaon (UP)","ref":"124","status":"operational","opened_on":null,"expected_completion":null,"agency":"PMPML","source":"gtfs_pune_pmpml","confidence":0.7,"mode":"bus","tier":"secondary","geometry_source":"shape"},"geometry":{"type":"LineString","coordinates":[[73.6767,18.588],[73.6795,18.5901],[73.6868,18.5916],[73.6922,18.5977],[73.6901,18.5941],[73.6939,18.5837],[73.7047,18.5887],[73.7079,18.5937],[73.7186,18.5971],[73.7227,18.5947],[73.7352,18.5939],[73.7415,18.591],[73.7512,18.5909],[73.7567,18.5921],[73.7563,18.595],[73.7661,18.5691],[73.7686,18.5671],[73.7759,18.5644],[73.7826,18.5638],[73.7958,18.5552],[73.8011,18.5547],[73.8052,18.551],[73.8095,18.5501],[73.8094,18.5612],[73.8139,18.5617],[73.8122,18.5658]]}},{"type":"Feature","properties":{"id":"transit_route:gtfs_pune_pmpml:83","field":"public_transport","kind":"transit_route","name":"Aundhgaon to Neilsoft Company infosys Phase 3 (DOWN)","ref":"124","status":"operational","opened_on":null,"expected_completion":null,"agency":"PMPML","source":"gtfs_pune_pmpml","confidence":0.7,"mode":"bus","tier":"secondary","geometry_source":"shape"},"geometry":{"type":"LineString","coordinates":[[73.8119,18.5665],[73.814,18.5617],[73.8095,18.5613],[73.8095,18.55],[73.8051,18.5509],[73.8011,18.5545],[73.7956,18.5552],[73.7918,18.5587],[73.7825,18.5637],[73.7749,18.5646],[73.7653,18.5693],[73.757,18.5919],[73.751,18.5907],[73.7389,18.5912],[73.7366,18.5867],[73.7337,18.5858],[73.7322,18.594],[73.7227,18.5945],[73.7188,18.5969],[73.7083,18.5937],[73.7047,18.5886],[73.6937,18.5833],[73.6918,18.5914],[73.6904,18.5915],[73.69,18.5941],[73.69,18.5943],[73.6899,18.5944],[73.6898,18.5945],[73.6898,18.5946],[73.6922,18.5977],[73.6869,18.5916],[73.6887,18.5913],[73.6801,18.5902],[73.6767,18.588]]}},{"type":"Feature","properties":{"id":"transit_route:gtfs_pune_pmpml:96","field":"public_transport","kind":"transit_route","name":"Pimple Nilakh to Bopkhel (UP)","ref":"126","status":"operational","opened_on":null,"expected_completion":null,"agency":"PMPML","source":"gtfs_pune_pmpml","confidence":0.7,"mode":"bus","tier":"secondary","geometry_source":"shape"},"geometry":{"type":"LineString","coordinates":[[73.7941,18.5717],[73.7962,18.5761],[73.7955,18.5788],[73.7976,18.5821],[73.8091,18.5698],[73.8114,18.5689],[73.8149,18.5607],[73.8171,18.5629],[73.8302,18.5626],[73.833,18.5711],[73.8366,18.5745],[73.8373,18.5719],[73.8521,18.5637],[73.8561,18.567],[73.8585,18.5742],[73.8674,18.5731],[73.8668,18.5688],[73.876,18.5686],[73.8792,18.5671],[73.8751,18.5823],[73.8733,18.5973],[73.8694,18.5977],[73.8648,18.5951],[73.8626,18.5877],[73.8544,18.5869]]}},{"type":"Feature","properties":{"id":"transit_route:gtfs_pune_pmpml:100","field":"public_transport","kind":"transit_route","name":"Bopkhel to Pimple Nilakh (DOWN)","ref":"126","status":"operational","opened_on":null,"expected_completion":null,"agency":"PMPML","source":"gtfs_pune_pmpml","confidence":0.7,"mode":"bus","tier":"secondary","geometry_source":"shape"},"geometry":{"type":"LineString","coordinates":[[73.8544,18.5868],[73.8626,18.5877],[73.8648,18.5951],[73.8694,18.5977],[73.8733,18.5973],[73.8752,18.5824],[73.8794,18.5671],[73.876,18.5686],[73.8668,18.5688],[73.8674,18.5731],[73.8585,18.5742],[73.8561,18.567],[73.8525,18.5637],[73.8372,18.5719],[73.8359,18.5737],[73.8331,18.5711],[73.8304,18.5625],[73.8171,18.5628],[73.8149,18.5603],[73.8113,18.5689],[73.8092,18.5696],[73.7978,18.5818],[73.7955,18.5788],[73.7962,18.5761],[73.7941,18.5717]]}},{"type":"Feature","properties":{"id":"transit_route:gtfs_pune_pmpml:102","field":"public_transport","kind":"transit_route","name":"Shivaji Nagar to Upper Depot (UP)","ref":"12","status":"operational","opened_on":null,"expected_completion":null,"agency":"PMPML","source":"gtfs_pune_pmpml","confidence":0.7,"mode":"bus","tier":"secondary","geometry_source":"shape"},"geometry":{"type":"LineString","coordinates":[[73.8498,18.531],[73.8525,18.529],[73.8422,18.5155],[73.8439,18.5127],[73.8433,18.5105],[73.8456,18.5012],[73.8513,18.4991],[73.8537,18.4997],[73.8537,18.5041],[73.8585,18.5011],[73.8583,18.4864],[73.8575,18.4869],[73.8612,18.4813],[73.8652,18.4627],[73.8668,18.4612],[73.8706,18.4611]]}},{"type":"Feature","properties":{"id":"transit_route:gtfs_pune_pmpml:103","field":"public_transport","kind":"transit_route","name":"Upper Depot to Shivaji Nagar (DOWN)","ref":"12","status":"operational","opened_on":null,"expected_completion":null,"agency":"PMPML","source":"gtfs_pune_pmpml","confidence":0.7,"mode":"bus","tier":"secondary","geometry_source":"shape"},"geometry":{"type":"LineString","coordinates":[[73.8706,18.4611],[73.8667,18.4611],[73.8652,18.4625],[73.8611,18.4812],[73.8574,18.4869],[73.8583,18.5003],[73.8541,18.5013],[73.8539,18.4997],[73.8514,18.499],[73.8456,18.5011],[73.8409,18.5229],[73.8445,18.5313],[73.8496,18.5303]]}},{"type":"Feature","properties":{"id":"transit_route:gtfs_pune_pmpml:110","field":"public_transport","kind":"transit_route","name":"Swargate to Narhegaon (UP)","ref":"130","status":"operational","opened_on":null,"expected_completion":null,"agency":"PMPML","source":"gtfs_pune_pmpml","confidence":0.7,"mode":"bus","tier":"secondary","geometry_source":"shape"},"geometry":{"type":"LineString","coordinates":[[73.8585,18.499],[73.8564,18.4753],[73.8583,18.4635],[73.8592,18.4462],[73.8585,18.4481],[73.8501,18.4505],[73.8485,18.4493],[73.8349,18.4494],[73.8298,18.4478]]}},{"type":"Feature","properties":{"id":"transit_route:gtfs_pune_pmpml:111","field":"public_transport","kind":"transit_route","name":"Narhegaon to Swargate (DOWN)","ref":"130","status":"operational","opened_on":null,"expected_completion":null,"agency":"PMPML","source":"gtfs_pune_pmpml","confidence":0.7,"mode":"bus","tier":"secondary","geometry_source":"shape"},"geometry":{"type":"LineString","coordinates":[[73.8295,18.4478],[73.8349,18.4494],[73.8485,18.4493],[73.8501,18.4505],[73.8588,18.4472],[73.8581,18.464],[73.8562,18.4753],[73.8582,18.4995]]}},{"type":"Feature","properties":{"id":"transit_route:gtfs_pune_pmpml:112","field":"public_transport","kind":"transit_route","name":"Golegaon Gram Panchayat to Ma Na Pa Dengle Pul Nadikhathi (UP)","ref":"131","status":"operational","opened_on":null,"expected_completion":null,"agency":"PMPML","source":"gtfs_pune_pmpml","confidence":0.7,"mode":"bus","tier":"secondary","geometry_source":"shape"},"geometry":{"type":"LineString","coordinates":[[73.9704,18.6346],[73.966,18.6413],[73.9622,18.6421],[73.9605,18.6445],[73.9584,18.6397],[73.9596,18.6385],[73.9588,18.635],[73.9542,18.6301],[73.9506,18.6234],[73.9443,18.6168],[73.9427,18.6134],[73.937,18.6111],[73.931,18.6034],[73.9266,18.6027],[73.9248,18.5959],[73.923,18.5937],[73.9175,18.5921],[73.912,18.5868],[73.9052,18.5853],[73.9026,18.5835],[73.9039,18.5786],[73.8994,18.5754],[73.8999,18.5726],[73.8925,18.5619],[73.8889,18.5457],[73.8848,18.5449],[73.8856,18.5379],[73.8831,18.5354],[73.8796,18.5347],[73.8757,18.5308],[73.8764,18.5234],[73.8702,18.5239],[73.8632,18.5276],[73.8579,18.5239],[73.8569,18.5253],[73.8552,18.5237]]}},{"type":"Feature","properties":{"id":"transit_route:gtfs_pune_pmpml:113","field":"public_transport","kind":"transit_route","name":"Ma Na Pa Dengle Pul Nadikathi to Golegaon Gram Panchayat (DOWN)","ref":"131","status":"operational","opened_on":null,"expected_completion":null,"agency":"PMPML","source":"gtfs_pune_pmpml","confidence":0.7,"mode":"bus","tier":"secondary","geometry_source":"shape"},"geometry":{"type":"LineString","coordinates":[[73.8552,18.5237],[73.857,18.5255],[73.858,18.5241],[73.8635,18.5279],[73.8701,18.5242],[73.8733,18.5281],[73.8762,18.5281],[73.8756,18.5308],[73.8841,18.5414],[73.8834,18.545],[73.8887,18.5461],[73.8924,18.5619],[73.8999,18.5726],[73.8994,18.5754],[73.9038,18.5786],[73.9026,18.5835],[73.9052,18.5853],[73.912,18.5868],[73.9175,18.5921],[73.923,18.5937],[73.9266,18.6027],[73.931,18.6034],[73.937,18.6111],[73.9427,18.6134],[73.9443,18.6168],[73.9506,18.6234],[73.9542,18.6301],[73.9588,18.635],[73.9596,18.6385],[73.9584,18.6397],[73.9605,18.6445],[73.9622,18.6421],[73.966,18.6413],[73.9704,18.6346]]}},{"type":"Feature","properties":{"id":"transit_route:gtfs_pune_pmpml:114","field":"public_transport","kind":"transit_route","name":"Shubham Society Nagar Road to Ma Na Pa Shramik Bhavan (UP)","ref":"132","status":"operational","opened_on":null,"expected_completion":null,"agency":"PMPML","source":"gtfs_pune_pmpml","confidence":0.7,"mode":"bus","tier":"secondary","geometry_source":"shape"},"geometry":{"type":"LineString","coordinates":[[73.9194,18.5547],[73.9208,18.5546],[73.9214,18.5569],[73.9212,18.5616],[73.8965,18.5521],[73.8898,18.546],[73.8848,18.5449],[73.8856,18.5379],[73.8831,18.5354],[73.8796,18.5347],[73.8757,18.5308],[73.8764,18.5234],[73.8702,18.5239],[73.8634,18.5276],[73.8579,18.5239],[73.8569,18.5253],[73.8562,18.5247]]}},{"type":"Feature","properties":{"id":"transit_route:gtfs_pune_pmpml:115","field":"public_transport","kind":"transit_route","name":"Ma Na Pa Shramik Bhavan to Shubham Society Nagar Road (DOWN)","ref":"132","status":"operational","opened_on":null,"expected_completion":null,"agency":"PMPML","source":"gtfs_pune_pmpml","confidence":0.7,"mode":"bus","tier":"secondary","geometry_source":"shape"},"geometry":{"type":"LineString","coordinates":[[73.8561,18.5247],[73.857,18.5255],[73.858,18.5241],[73.8635,18.5279],[73.8711,18.5246],[73.8733,18.5281],[73.8762,18.5281],[73.8756,18.5308],[73.8841,18.5414],[73.8834,18.5451],[73.8897,18.5462],[73.8962,18.5522],[73.9057,18.5551],[73.911,18.5586],[73.9193,18.5613],[73.9253,18.5628],[73.9212,18.5616],[73.9214,18.5569],[73.9208,18.5546],[73.9194,18.5547]]}},{"type":"Feature","properties":{"id":"transit_route:gtfs_pune_pmpml:116","field":"public_transport","kind":"transit_route","name":"Columbia Hospital to Ma Na Pa Shramik Bhavan (UP)","ref":"133A","status":"operational","opened_on":null,"expected_completion":null,"agency":"PMPML","source":"gtfs_pune_pmpml","confidence":0.7,"mode":"bus","tier":"secondary","geometry_source":"shape"},"geometry":{"type":"LineString","coordinates":[[73.935,18.5416],[73.9347,18.5398],[73.9318,18.5399],[73.9291,18.5501],[73.9279,18.5627],[73.9244,18.5624],[73.8965,18.5521],[73.8898,18.546],[73.8848,18.5449],[73.8856,18.5379],[73.8831,18.5354],[73.8796,18.5347],[73.8757,18.5308],[73.8764,18.5234],[73.8702,18.5239],[73.8634,18.5276],[73.8579,18.5239],[73.8569,18.5253],[73.8562,18.5247]]}},{"type":"Feature","properties":{"id":"transit_route:gtfs_pune_pmpml:117","field":"public_transport","kind":"transit_route","name":"Ma Na Pa Shramik Bhavan to Columbia Hospital (DOWN)","ref":"133A","status":"operational","opened_on":null,"expected_completion":null,"agency":"PMPML","source":"gtfs_pune_pmpml","confidence":0.7,"mode":"bus","tier":"secondary","geometry_source":"shape"},"geometry":{"type":"LineString","coordinates":[[73.8561,18.5247],[73.857,18.5255],[73.858,18.5241],[73.8635,18.5279],[73.8711,18.5246],[73.8733,18.5281],[73.8762,18.5281],[73.8756,18.5308],[73.8841,18.5414],[73.8834,18.5451],[73.8897,18.5462],[73.8962,18.5522],[73.9057,18.5551],[73.911,18.5586],[73.9242,18.5626],[73.9305,18.5632],[73.9279,18.5627],[73.9291,18.5501],[73.9318,18.5399],[73.9345,18.5398],[73.9349,18.5415]]}},{"type":"Feature","properties":{"id":"transit_route:gtfs_pune_pmpml:118","field":"public_transport","kind":"transit_route","name":"Anand Park Vadgaon Sheri Road to Ma Na Pa Shramik Bhavan (UP)","ref":"133","status":"operational","opened_on":null,"expected_completion":null,"agency":"PMPML","source":"gtfs_pune_pmpml","confidence":0.7,"mode":"bus","tier":"secondary","geometry_source":"shape"},"geometry":{"type":"LineString","coordinates":[[73.9252,18.5528],[73.9263,18.5577],[73.9282,18.5574],[73.9279,18.5627],[73.9111,18.5584],[73.9063,18.5552],[73.8963,18.552],[73.8898,18.546],[73.8848,18.5449],[73.8856,18.5379],[73.8831,18.5354],[73.8796,18.5347],[73.8757,18.5308],[73.8764,18.5234],[73.8702,18.5239],[73.8634,18.5276],[73.8579,18.5239],[73.8569,18.5253],[73.8562,18.5247]]}},{"type":"Feature","properties":{"id":"transit_route:gtfs_pune_pmpml:119","field":"public_transport","kind":"transit_route","name":"Ma Na Pa Shramik Bhavan to Anand Park Vadgaon Sheri Road (DOWN)","ref":"133","status":"operational","opened_on":null,"expected_completion":null,"agency":"PMPML","source":"gtfs_pune_pmpml","confidence":0.7,"mode":"bus","tier":"secondary","geometry_source":"shape"},"geometry":{"type":"LineString","coordinates":[[73.8561,18.5247],[73.857,18.5255],[73.858,18.5241],[73.8635,18.5279],[73.8711,18.5246],[73.8733,18.5281],[73.8762,18.5281],[73.8756,18.5308],[73.8841,18.5414],[73.8834,18.5451],[73.8897,18.5462],[73.8962,18.5522],[73.9057,18.5551],[73.911,18.5586],[73.9242,18.5626],[73.9305,18.5632],[73.9279,18.5627],[73.9282,18.5574],[73.9263,18.5577],[73.9252,18.5528]]}},{"type":"Feature","properties":{"id":"transit_route:gtfs_pune_pmpml:124","field":"public_transport","kind":"transit_route","name":"Ranjangaon Sandas to Ma Na Pa Shramik Bhavan (UP)","ref":"135","status":"operational","opened_on":null,"expected_completion":null,"agency":"PMPML","source":"gtfs_pune_pmpml","confidence":0.7,"mode":"bus","tier":"secondary","geometry_source":"shape"},"geometry":{"type":"LineString","coordinates":[[74.3455,18.5729],[74.3401,18.5695],[74.3313,18.5706],[74.3192,18.5757],[74.317,18.5786],[74.3104,18.5795],[74.3065,18.5794],[74.3047,18.5755],[74.3024,18.5772],[74.3011,18.5816],[74.2941,18.587],[74.2792,18.5909],[74.2663,18.5905],[74.2686,18.5766],[74.265,18.5772],[74.2654,18.574],[74.2513,18.5775],[74.2413,18.577],[74.2288,18.5808],[74.2273,18.5888],[74.2229,18.5915],[74.2029,18.5956],[74.1956,18.5959],[74.1747,18.6015],[74.175,18.5828],[74.1686,18.5802],[74.1631,18.5818],[74.1472,18.5825],[74.1373,18.5803],[74.1192,18.5804],[74.1076,18.5855],[74.105,18.5878],[74.095,18.5908],[74.0915,18.5907],[74.0893,18.5889],[74.0793,18.5865],[74.0754,18.5879],[74.068,18.5825],[74.0662,18.5836],[74.0641,18.5831],[74.049,18.5758],[74.0339,18.5736],[74.022,18.5729],[73.9931,18.5783],[73.9866,18.5814],[73.9778,18.5806],[73.9572,18.5733],[73.9394,18.5622],[73.9345,18.5633],[73.9244,18.5624],[73.9111,18.5584],[73.9063,18.5552],[73.8963,18.552],[73.8898,18.546],[73.8848,18.5449],[73.8856,18.5379],[73.8831,18.5354],[73.8796,18.5347],[73.8757,18.5308],[73.8764,18.5234],[73.8702,18.5239],[73.8634,18.5276],[73.8579,18.5239],[73.8569,18.5253],[73.8562,18.5247]]}},{"type":"Feature","properties":{"id":"transit_route:gtfs_pune_pmpml:125","field":"public_transport","kind":"transit_route","name":"Ma Na Pa Shramik Bhavan to Ranjangaon Sandas (DOWN)","ref":"135","status":"operational","opened_on":null,"expected_completion":null,"agency":"PMPML","source":"gtfs_pune_pmpml","confidence":0.7,"mode":"bus","tier":"secondary","geometry_source":"shape"},"geometry":{"type":"LineString","coordinates":[[73.8561,18.5247],[73.857,18.5255],[73.858,18.5241],[73.8635,18.5279],[73.8701,18.5242],[73.8718,18.5245],[73.8733,18.5281],[73.8762,18.5281],[73.8756,18.5308],[73.884,18.5413],[73.8834,18.545],[73.8897,18.5462],[73.8965,18.5523],[73.9242,18.5626],[73.9345,18.5634],[73.9397,18.5625],[73.958,18.5738],[73.9778,18.5807],[73.9866,18.5816],[73.9931,18.5783],[74.022,18.5729],[74.0339,18.5736],[74.049,18.5758],[74.0641,18.5831],[74.0662,18.5836],[74.068,18.5825],[74.0754,18.5879],[74.0793,18.5865],[74.0893,18.5889],[74.0915,18.5907],[74.095,18.5908],[74.105,18.5878],[74.1076,18.5855],[74.1192,18.5804],[74.1373,18.5803],[74.1472,18.5825],[74.1631,18.5818],[74.1686,18.5802],[74.175,18.5828],[74.1747,18.6015],[74.1956,18.5959],[74.2029,18.5956],[74.2229,18.5915],[74.2273,18.5888],[74.2288,18.5808],[74.2413,18.577],[74.2513,18.5775],[74.2654,18.574],[74.265,18.5772],[74.2686,18.5766],[74.2663,18.5905],[74.2792,18.5909],[74.2941,18.587],[74.3011,18.5816],[74.3024,18.5772],[74.3047,18.5755],[74.3065,18.5794],[74.3104,18.5795],[74.317,18.5786],[74.3192,18.5757],[74.3313,18.5706],[74.3401,18.5695],[74.3455,18.5729]]}},{"type":"Feature","properties":{"id":"transit_route:gtfs_pune_pmpml:126","field":"public_transport","kind":"transit_route","name":"Vadegaon to Kesnand Phata Wagholi (UP)","ref":"136","status":"operational","opened_on":null,"expected_completion":null,"agency":"PMPML","source":"gtfs_pune_pmpml","confidence":0.7,"mode":"bus","tier":"secondary","geometry_source":"shape"},"geometry":{"type":"LineString","coordinates":[[74.0676,18.5633],[74.066,18.5572],[74.0609,18.5543],[74.0593,18.5568],[74.0529,18.5602],[74.0482,18.5606],[74.0413,18.5664],[74.0269,18.5696],[74.0203,18.5739],[73.9937,18.5782],[73.9877,18.5806]]}},{"type":"Feature","properties":{"id":"transit_route:gtfs_pune_pmpml:127","field":"public_transport","kind":"transit_route","name":"Wagholi Kesnand Phata to Vadegaon (DOWN)","ref":"136","status":"operational","opened_on":null,"expected_completion":null,"agency":"PMPML","source":"gtfs_pune_pmpml","confidence":0.7,"mode":"bus","tier":"secondary","geometry_source":"shape"},"geometry":{"type":"LineString","coordinates":[[73.9866,18.5816],[73.9931,18.5783],[74.0203,18.5739],[74.0269,18.5696],[74.0413,18.5664],[74.0482,18.5606],[74.0529,18.5602],[74.0593,18.5568],[74.0609,18.5543],[74.066,18.5572],[74.0675,18.5633]]}},{"type":"Feature","properties":{"id":"transit_route:gtfs_pune_pmpml:130","field":"public_transport","kind":"transit_route","name":"Pargaon Salu Malu to Ma Na Pa Shramik Bhavan (UP)","ref":"137","status":"operational","opened_on":null,"expected_completion":null,"agency":"PMPML","source":"gtfs_pune_pmpml","confidence":0.7,"mode":"bus","tier":"secondary","geometry_source":"shape"},"geometry":{"type":"LineString","coordinates":[[74.3782,18.559],[74.3727,18.5599],[74.3549,18.5573],[74.3368,18.5568],[74.3211,18.5604],[74.3167,18.5599],[74.3101,18.5566],[74.2952,18.5552],[74.2927,18.5567],[74.2878,18.5636],[74.2789,18.5643],[74.2741,18.5697],[74.2689,18.5709],[74.269,18.573],[74.2513,18.5775],[74.2407,18.5771],[74.2294,18.5805],[74.2279,18.5818],[74.2273,18.5888],[74.2229,18.5915],[74.2029,18.5956],[74.1956,18.5959],[74.1747,18.6015],[74.175,18.5828],[74.1686,18.5802],[74.1631,18.5818],[74.1472,18.5825],[74.1373,18.5803],[74.1192,18.5804],[74.1076,18.5855],[74.105,18.5878],[74.095,18.5908],[74.0915,18.5907],[74.0893,18.5889],[74.0793,18.5865],[74.0754,18.5879],[74.068,18.5825],[74.0662,18.5836],[74.0641,18.5831],[74.049,18.5758],[74.0339,18.5736],[74.022,18.5729],[73.9931,18.5783],[73.9866,18.5814],[73.9778,18.5806],[73.9572,18.5733],[73.9394,18.5622],[73.9345,18.5633],[73.9244,18.5624],[73.9111,18.5584],[73.9063,18.5552],[73.8963,18.552],[73.8898,18.546],[73.8848,18.5449],[73.8856,18.5379],[73.8831,18.5354],[73.8796,18.5347],[73.8757,18.5308],[73.8764,18.5234],[73.8702,18.5239],[73.8634,18.5276],[73.8579,18.5239],[73.8569,18.5253],[73.8562,18.5247]]}},{"type":"Feature","properties":{"id":"transit_route:gtfs_pune_pmpml:131","field":"public_transport","kind":"transit_route","name":"Ma Na Pa Shramik Bhavan to Pargaon Salu Malu (DOWN)","ref":"137","status":"operational","opened_on":null,"expected_completion":null,"agency":"PMPML","source":"gtfs_pune_pmpml","confidence":0.7,"mode":"bus","tier":"secondary","geometry_source":"shape"},"geometry":{"type":"LineString","coordinates":[[73.8561,18.5247],[73.857,18.5255],[73.858,18.5241],[73.8635,18.5279],[73.8711,18.5246],[73.8733,18.5281],[73.8762,18.5281],[73.8756,18.5308],[73.8841,18.5414],[73.8834,18.545],[73.8897,18.5462],[73.8965,18.5523],[73.9242,18.5626],[73.9345,18.5634],[73.9393,18.5625],[73.958,18.5738],[73.9778,18.5807],[73.9866,18.5816],[73.9931,18.5783],[74.022,18.5729],[74.0339,18.5736],[74.049,18.5758],[74.0641,18.5831],[74.0662,18.5836],[74.068,18.5825],[74.0754,18.5879],[74.0793,18.5865],[74.0893,18.5889],[74.0915,18.5907],[74.095,18.5908],[74.105,18.5878],[74.1076,18.5855],[74.1192,18.5804],[74.1373,18.5803],[74.1472,18.5825],[74.1631,18.5818],[74.1686,18.5802],[74.175,18.5828],[74.1747,18.6015],[74.1956,18.5959],[74.2029,18.5956],[74.2229,18.5915],[74.2273,18.5888],[74.2279,18.5818],[74.2294,18.5805],[74.2407,18.5771],[74.2513,18.5775],[74.269,18.573],[74.2689,18.5709],[74.2741,18.5697],[74.2789,18.5643],[74.2878,18.5636],[74.2927,18.5567],[74.2952,18.5552],[74.3101,18.5566],[74.3167,18.5599],[74.3211,18.5604],[74.3368,18.5568],[74.3549,18.5573],[74.3727,18.5599],[74.3782,18.559]]}},{"type":"Feature","properties":{"id":"transit_route:gtfs_pune_pmpml:134","field":"public_transport","kind":"transit_route","name":"Nigdi Bhakti Shakti Stand to Bhekrai Nagar (UP)","ref":"139A","status":"operational","opened_on":null,"expected_completion":null,"agency":"PMPML","source":"gtfs_pune_pmpml","confidence":0.7,"mode":"bus","tier":"secondary","geometry_source":"shape"},"geometry":{"type":"LineString","coordinates":[[73.7718,18.6654],[73.826,18.6027],[73.8329,18.5876],[73.8397,18.5658],[73.8467,18.5573],[73.8514,18.5486],[73.8505,18.5375],[73.8537,18.5319],[73.8581,18.5296],[73.8633,18.5299],[73.8638,18.5275],[73.8701,18.5242],[73.8768,18.525],[73.8754,18.5196],[73.8797,18.5183],[73.8793,18.507],[73.9128,18.5064],[73.9296,18.5019],[73.9389,18.5009],[73.9473,18.4937],[73.9539,18.4836]]}},{"type":"Feature","properties":{"id":"transit_route:gtfs_pune_pmpml:135","field":"public_transport","kind":"transit_route","name":"Bhekrai Nagar to Nigdi Bhakti Shakti Stand (DOWN)","ref":"139A","status":"operational","opened_on":null,"expected_completion":null,"agency":"PMPML","source":"gtfs_pune_pmpml","confidence":0.7,"mode":"bus","tier":"secondary","geometry_source":"shape"},"geometry":{"type":"LineString","coordinates":[[73.9539,18.4836],[73.9472,18.4937],[73.9381,18.5008],[73.9115,18.5062],[73.8848,18.5066],[73.8839,18.5064],[73.883,18.5054],[73.8794,18.503],[73.8788,18.5028],[73.8792,18.507],[73.8822,18.5065],[73.8823,18.5049],[73.8788,18.5028],[73.8785,18.5056],[73.8799,18.5136],[73.8788,18.5136],[73.8792,18.5184],[73.8754,18.5196],[73.8763,18.5234],[73.8702,18.5239],[73.8638,18.5275],[73.863,18.5297],[73.8553,18.5302],[73.8513,18.5349],[73.8505,18.5375],[73.8512,18.5489],[73.8466,18.5574],[73.8395,18.5658],[73.8325,18.5878],[73.8254,18.603],[73.7717,18.6652]]}},{"type":"Feature","properties":{"id":"transit_route:gtfs_pune_pmpml:138","field":"public_transport","kind":"transit_route","name":"Nigdi Bhakti Shakti to Shewalewadi Depot (UP)","ref":"139","status":"operational","opened_on":null,"expected_completion":null,"agency":"PMPML","source":"gtfs_pune_pmpml","confidence":0.7,"mode":"bus","tier":"secondary","geometry_source":"shape"},"geometry":{"type":"LineString","coordinates":[[73.7711,18.6661],[73.8258,18.603],[73.8296,18.5963],[73.8397,18.5658],[73.8467,18.5573],[73.8514,18.5486],[73.8505,18.5375],[73.8514,18.5349],[73.8554,18.5303],[73.8633,18.5299],[73.8638,18.5275],[73.8701,18.5242],[73.8768,18.5249],[73.8754,18.5196],[73.8797,18.5183],[73.8793,18.507],[73.9128,18.5064],[73.9301,18.5018],[73.9715,18.4963]]}},{"type":"Feature","properties":{"id":"transit_route:gtfs_pune_pmpml:139","field":"public_transport","kind":"transit_route","name":"Shewalewadi Depot to Nigdi Bhakti Shakti (DOWN)","ref":"139","status":"operational","opened_on":null,"expected_completion":null,"agency":"PMPML","source":"gtfs_pune_pmpml","confidence":0.7,"mode":"bus","tier":"secondary","geometry_source":"shape"},"geometry":{"type":"LineString","coordinates":[[73.9715,18.4962],[73.9393,18.4999],[73.9126,18.5062],[73.8848,18.5066],[73.8788,18.5028],[73.8799,18.5136],[73.8788,18.5136],[73.8792,18.5184],[73.8754,18.5196],[73.8763,18.5234],[73.8702,18.5239],[73.8638,18.5275],[73.863,18.5297],[73.8553,18.5302],[73.8513,18.5349],[73.8505,18.5375],[73.8512,18.5489],[73.8466,18.5574],[73.8395,18.5658],[73.8326,18.5877],[73.8254,18.603],[73.771,18.6659]]}},{"type":"Feature","properties":{"id":"transit_route:gtfs_pune_pmpml:142","field":"public_transport","kind":"transit_route","name":"Shivaji Nagar to Upper Depot (UP)","ref":"13","status":"operational","opened_on":null,"expected_completion":null,"agency":"PMPML","source":"gtfs_pune_pmpml","confidence":0.7,"mode":"bus","tier":"secondary","geometry_source":"shape"},"geometry":{"type":"LineString","coordinates":[[73.8498,18.531],[73.8525,18.5293],[73.8513,18.5274],[73.8561,18.5202],[73.8579,18.5119],[73.8591,18.5042],[73.8575,18.4889],[73.8583,18.4864],[73.8575,18.4869],[73.8612,18.4813],[73.8652,18.4627],[73.8668,18.4612],[73.8706,18.4611]]}},{"type":"Feature","properties":{"id":"transit_route:gtfs_pune_pmpml:145","field":"public_transport","kind":"transit_route","name":"Upper Depot to Shivaji Nagar (DOWN)","ref":"13","status":"operational","opened_on":null,"expected_completion":null,"agency":"PMPML","source":"gtfs_pune_pmpml","confidence":0.7,"mode":"bus","tier":"secondary","geometry_source":"shape"},"geometry":{"type":"LineString","coordinates":[[73.8706,18.4611],[73.8667,18.4611],[73.8652,18.4625],[73.8611,18.4812],[73.8574,18.4869],[73.8584,18.5001],[73.8541,18.5016],[73.8536,18.5045],[73.8538,18.5156],[73.8552,18.5211],[73.8496,18.5302]]}},{"type":"Feature","properties":{"id":"transit_route:gtfs_pune_pmpml:146","field":"public_transport","kind":"transit_route","name":"Pune Station Jayprakash Stand to Katraj Kondhwa Road (UP)","ref":"140A","status":"operational","opened_on":null,"expected_completion":null,"agency":"PMPML","source":"gtfs_pune_pmpml","confidence":0.7,"mode":"bus","tier":"secondary","geometry_source":"shape"},"geometry":{"type":"LineString","coordinates":[[73.8746,18.5272],[73.8763,18.5282],[73.8764,18.5234],[73.871,18.5244],[73.8702,18.524],[73.8726,18.5205],[73.8684,18.5195],[73.8693,18.4929],[73.8775,18.4648],[73.8795,18.4511],[73.8814,18.4506],[73.8597,18.4477]]}},{"type":"Feature","properties":{"id":"transit_route:gtfs_pune_pmpml:147","field":"public_transport","kind":"transit_route","name":"Katraj Kondhwa Road to Pune Station Jayprakash Stand (DOWN)","ref":"140A","status":"operational","opened_on":null,"expected_completion":null,"agency":"PMPML","source":"gtfs_pune_pmpml","confidence":0.7,"mode":"bus","tier":"secondary","geometry_source":"shape"},"geometry":{"type":"LineString","coordinates":[[73.8587,18.4476],[73.8678,18.4483],[73.8795,18.4511],[73.8775,18.4647],[73.8692,18.493],[73.8682,18.5196],[73.8725,18.5205],[73.8701,18.5242],[73.8767,18.525],[73.8763,18.5275],[73.874,18.5272]]}},{"type":"Feature","properties":{"id":"transit_route:gtfs_pune_pmpml:148","field":"public_transport","kind":"transit_route","name":"Pune Station Jayprakash Stand to Upper Depot (UP)","ref":"140","status":"operational","opened_on":null,"expected_completion":null,"agency":"PMPML","source":"gtfs_pune_pmpml","confidence":0.7,"mode":"bus","tier":"secondary","geometry_source":"shape"},"geometry":{"type":"LineString","coordinates":[[73.8746,18.5272],[73.8763,18.5282],[73.8764,18.5234],[73.871,18.5244],[73.8702,18.524],[73.8726,18.5205],[73.8684,18.5195],[73.8693,18.4929],[73.8724,18.4808],[73.8705,18.4804],[73.8649,18.4808],[73.862,18.4809],[73.8613,18.4807],[73.8612,18.4807],[73.8582,18.4864],[73.8612,18.4813],[73.8613,18.4808],[73.8614,18.4804],[73.8616,18.4788],[73.8617,18.4785],[73.8623,18.4767],[73.8627,18.4736],[73.8639,18.4703],[73.8652,18.4627],[73.8668,18.4612],[73.8706,18.4611]]}},{"type":"Feature","properties":{"id":"transit_route:gtfs_pune_pmpml:149","field":"public_transport","kind":"transit_route","name":"Upper Depot to Pune Station Jayprakash Stand (DOWN)","ref":"140","status":"operational","opened_on":null,"expected_completion":null,"agency":"PMPML","source":"gtfs_pune_pmpml","confidence":0.7,"mode":"bus","tier":"secondary","geometry_source":"shape"},"geometry":{"type":"LineString","coordinates":[[73.8706,18.4611],[73.8667,18.4611],[73.8652,18.4625],[73.8611,18.4812],[73.8582,18.4864],[73.8596,18.4848],[73.8613,18.4808],[73.8722,18.4808],[73.8692,18.4929],[73.8682,18.5196],[73.8725,18.5205],[73.8701,18.5242],[73.8767,18.525],[73.8763,18.5275],[73.874,18.5272]]}},{"type":"Feature","properties":{"id":"transit_route:gtfs_pune_pmpml:150","field":"public_transport","kind":"transit_route","name":"Pune Station Jayprakash Stand to Kumar Pruthvi Kondhwa (UP)","ref":"141","status":"operational","opened_on":null,"expected_completion":null,"agency":"PMPML","source":"gtfs_pune_pmpml","confidence":0.7,"mode":"bus","tier":"secondary","geometry_source":"shape"},"geometry":{"type":"LineString","coordinates":[[73.8746,18.5272],[73.8763,18.5282],[73.8764,18.5234],[73.871,18.5244],[73.8702,18.524],[73.8726,18.5205],[73.8684,18.5195],[73.8693,18.4928],[73.8768,18.4663],[73.8792,18.4671]]}},{"type":"Feature","properties":{"id":"transit_route:gtfs_pune_pmpml:151","field":"public_transport","kind":"transit_route","name":"Kumar Pruthvi Kondhwa to Pune Station Jayprakash Stand (DOWN)","ref":"141","status":"operational","opened_on":null,"expected_completion":null,"agency":"PMPML","source":"gtfs_pune_pmpml","confidence":0.7,"mode":"bus","tier":"secondary","geometry_source":"shape"},"geometry":{"type":"LineString","coordinates":[[73.8792,18.4671],[73.8768,18.4663],[73.8693,18.4928],[73.8682,18.5196],[73.8723,18.5202],[73.8701,18.5241],[73.8757,18.5249],[73.8746,18.5272]]}},{"type":"Feature","properties":{"id":"transit_route:gtfs_pune_pmpml:152","field":"public_transport","kind":"transit_route","name":"Ghotawade Phata to Pune Station Moledina Stand (UP)","ref":"142","status":"operational","opened_on":null,"expected_completion":null,"agency":"PMPML","source":"gtfs_pune_pmpml","confidence":0.7,"mode":"bus","tier":"secondary","geometry_source":"shape"},"geometry":{"type":"LineString","coordinates":[[73.6779,18.5129],[73.676,18.5165],[73.6699,18.5221],[73.6688,18.5454],[73.6733,18.5439],[73.678,18.5443],[73.6807,18.5403],[73.6851,18.5384],[73.6855,18.5397],[73.6894,18.5408],[73.6906,18.5452],[73.698,18.5548],[73.7026,18.5536],[73.715,18.5581],[73.7283,18.553],[73.7363,18.5566],[73.752,18.5528],[73.7577,18.5531],[73.7655,18.549],[73.7657,18.5508],[73.7721,18.5521],[73.7745,18.5466],[73.79,18.5427],[73.7935,18.5409],[73.794,18.5371],[73.8052,18.5379],[73.8286,18.5422],[73.8429,18.5321],[73.8525,18.5293],[73.8513,18.5274],[73.8546,18.5233],[73.857,18.5255],[73.858,18.5241],[73.8634,18.5279],[73.8701,18.5242],[73.8718,18.5245],[73.8717,18.5252],[73.8732,18.5274],[73.8734,18.5278],[73.8734,18.5279],[73.8734,18.528],[73.8733,18.5281],[73.8736,18.5283],[73.8763,18.5281],[73.8737,18.5283],[73.8736,18.5283],[73.8735,18.5281],[73.8734,18.528],[73.8733,18.528],[73.8726,18.5277],[73.873,18.5276]]}},{"type":"Feature","properties":{"id":"transit_route:gtfs_pune_pmpml:153","field":"public_transport","kind":"transit_route","name":"Pune Station Depot to Ghotawade Phata (DOWN)","ref":"142","status":"operational","opened_on":null,"expected_completion":null,"agency":"PMPML","source":"gtfs_pune_pmpml","confidence":0.7,"mode":"bus","tier":"secondary","geometry_source":"shape"},"geometry":{"type":"LineString","coordinates":[[73.8765,18.5271],[73.8764,18.5234],[73.8702,18.5239],[73.8632,18.5276],[73.8579,18.5239],[73.8569,18.5253],[73.8531,18.5226],[73.8526,18.5245],[73.8536,18.525],[73.8496,18.5302],[73.843,18.5319],[73.8289,18.5419],[73.794,18.5371],[73.7935,18.5408],[73.79,18.5426],[73.7692,18.5484],[73.7733,18.5472],[73.7717,18.5519],[73.7657,18.5508],[73.7655,18.549],[73.7577,18.5531],[73.752,18.5528],[73.7363,18.5566],[73.7285,18.553],[73.715,18.5581],[73.7026,18.5536],[73.698,18.5548],[73.6906,18.5452],[73.6894,18.5408],[73.6855,18.5397],[73.6851,18.5384],[73.6807,18.5403],[73.678,18.5443],[73.6733,18.5439],[73.6688,18.5454],[73.6699,18.5221],[73.676,18.5165],[73.6781,18.5129]]}},{"type":"Feature","properties":{"id":"transit_route:gtfs_pune_pmpml:154","field":"public_transport","kind":"transit_route","name":"Pune Station Moledina Stand to Galinde Path (UP)","ref":"143","status":"operational","opened_on":null,"expected_completion":null,"agency":"PMPML","source":"gtfs_pune_pmpml","confidence":0.7,"mode":"bus","tier":"secondary","geometry_source":"shape"},"geometry":{"type":"LineString","coordinates":[[73.873,18.5271],[73.8736,18.5283],[73.8763,18.5282],[73.8764,18.5234],[73.871,18.5244],[73.865,18.5216],[73.8647,18.5195],[73.8562,18.5185],[73.8563,18.5169],[73.8464,18.5157],[73.8433,18.5113],[73.8433,18.5104],[73.8441,18.5083],[73.8454,18.5029],[73.8448,18.5051],[73.8344,18.5045],[73.8326,18.5056],[73.8257,18.501],[73.8261,18.4982],[73.8286,18.4952],[73.8267,18.49],[73.8202,18.4922],[73.8205,18.4941],[73.8183,18.4945],[73.8152,18.4932],[73.8151,18.4899],[73.8105,18.4845]]}},{"type":"Feature","properties":{"id":"transit_route:gtfs_pune_pmpml:155","field":"public_transport","kind":"transit_route","name":"Galinde Path to Pune Station Moledina Stand (DOWN)","ref":"143","status":"operational","opened_on":null,"expected_completion":null,"agency":"PMPML","source":"gtfs_pune_pmpml","confidence":0.7,"mode":"bus","tier":"secondary","geometry_source":"shape"},"geometry":{"type":"LineString","coordinates":[[73.8102,18.4843],[73.8147,18.4897],[73.815,18.4931],[73.8183,18.4945],[73.8194,18.4943],[73.8187,18.4926],[73.8267,18.49],[73.8286,18.4952],[73.8261,18.4982],[73.8257,18.501],[73.8326,18.5057],[73.8344,18.5046],[73.8448,18.5051],[73.8432,18.5114],[73.8464,18.5157],[73.85,18.5164],[73.8502,18.5135],[73.8538,18.5137],[73.8553,18.521],[73.8562,18.5185],[73.8597,18.5187],[73.8628,18.52],[73.8646,18.5203],[73.8647,18.5195],[73.865,18.5216],[73.8675,18.5227],[73.8675,18.5256],[73.8718,18.5245],[73.873,18.5276]]}},{"type":"Feature","properties":{"id":"transit_route:gtfs_pune_pmpml:158","field":"public_transport","kind":"transit_route","name":"Pune Station Moledina Stand to Aditya Garden City (UP)","ref":"144A","status":"operational","opened_on":null,"expected_completion":null,"agency":"PMPML","source":"gtfs_pune_pmpml","confidence":0.7,"mode":"bus","tier":"secondary","geometry_source":"shape"},"geometry":{"type":"LineString","coordinates":[[73.873,18.5271],[73.8736,18.5283],[73.8763,18.5282],[73.8764,18.5234],[73.8712,18.5245],[73.8675,18.5229],[73.8682,18.5197],[73.8615,18.5192],[73.8618,18.5161],[73.8437,18.5127],[73.8422,18.5143],[73.8147,18.5015],[73.8133,18.4948],[73.8152,18.4931],[73.8151,18.4899],[73.8057,18.4803],[73.8042,18.4802],[73.7905,18.4907],[73.7903,18.4872]]}},{"type":"Feature","properties":{"id":"transit_route:gtfs_pune_pmpml:159","field":"public_transport","kind":"transit_route","name":"Aditya Garden City to Pune Station Moledina Stand (DOWN)","ref":"144A","status":"operational","opened_on":null,"expected_completion":null,"agency":"PMPML","source":"gtfs_pune_pmpml","confidence":0.7,"mode":"bus","tier":"secondary","geometry_source":"shape"},"geometry":{"type":"LineString","coordinates":[[73.7903,18.4873],[73.7896,18.4922],[73.8057,18.4804],[73.815,18.49],[73.8151,18.493],[73.8132,18.4948],[73.8134,18.4999],[73.8146,18.5016],[73.8424,18.5146],[73.8439,18.5128],[73.8538,18.5137],[73.8553,18.521],[73.8562,18.5185],[73.8646,18.5203],[73.8682,18.5197],[73.8675,18.5256],[73.8701,18.5242],[73.873,18.5276]]}},{"type":"Feature","properties":{"id":"transit_route:gtfs_pune_pmpml:162","field":"public_transport","kind":"transit_route","name":"Pune Station Moledina Stand to Nda 10 No. Gate (UP)","ref":"144","status":"operational","opened_on":null,"expected_completion":null,"agency":"PMPML","source":"gtfs_pune_pmpml","confidence":0.7,"mode":"bus","tier":"secondary","geometry_source":"shape"},"geometry":{"type":"LineString","coordinates":[[73.873,18.5271],[73.8736,18.5283],[73.8763,18.5282],[73.8764,18.5234],[73.8712,18.5245],[73.8675,18.5229],[73.8682,18.5197],[73.8615,18.5192],[73.8618,18.5161],[73.8563,18.5157],[73.8563,18.5135],[73.8523,18.5145],[73.8437,18.5127],[73.8422,18.5143],[73.8147,18.5015],[73.8133,18.4948],[73.8152,18.4931],[73.8151,18.4899],[73.8097,18.4836],[73.8056,18.4803],[73.801,18.4802],[73.7827,18.4662],[73.7776,18.4667],[73.7736,18.4646],[73.7731,18.4611],[73.7707,18.4576],[73.7673,18.4553],[73.7668,18.4523],[73.763,18.4493]]}},{"type":"Feature","properties":{"id":"transit_route:gtfs_pune_pmpml:165","field":"public_transport","kind":"transit_route","name":"Nda 10 No. Gate to Pune Station Moledina Stand (DOWN)","ref":"144","status":"operational","opened_on":null,"expected_completion":null,"agency":"PMPML","source":"gtfs_pune_pmpml","confidence":0.7,"mode":"bus","tier":"secondary","geometry_source":"shape"},"geometry":{"type":"LineString","coordinates":[[73.7631,18.4494],[73.7668,18.4523],[73.7673,18.4553],[73.7707,18.4576],[73.7731,18.4611],[73.7736,18.4646],[73.7776,18.4667],[73.7827,18.4662],[73.801,18.4803],[73.8057,18.4804],[73.8097,18.4836],[73.815,18.49],[73.8151,18.493],[73.8132,18.4948],[73.8134,18.4999],[73.8146,18.5016],[73.8424,18.5146],[73.8439,18.5128],[73.8538,18.5137],[73.8553,18.521],[73.8562,18.5185],[73.8646,18.5203],[73.8682,18.5197],[73.8675,18.5256],[73.8718,18.5245],[73.873,18.5276]]}},{"type":"Feature","properties":{"id":"transit_route:gtfs_pune_pmpml:166","field":"public_transport","kind":"transit_route","name":"Sutarwadi Depot to Pune Station Depot (UP)","ref":"145","status":"operational","opened_on":null,"expected_completion":null,"agency":"PMPML","source":"gtfs_pune_pmpml","confidence":0.7,"mode":"bus","tier":"secondary","geometry_source":"shape"},"geometry":{"type":"LineString","coordinates":[[73.7793,18.5411],[73.7815,18.5385],[73.7846,18.5382],[73.7851,18.5436],[73.7899,18.5427],[73.7935,18.5409],[73.794,18.5371],[73.8052,18.5379],[73.8278,18.542],[73.8264,18.5426],[73.8293,18.542],[73.8429,18.5321],[73.8525,18.5293],[73.8513,18.5274],[73.8546,18.5233],[73.857,18.5255],[73.858,18.5241],[73.8634,18.5279],[73.8701,18.5242],[73.8736,18.5283],[73.8763,18.5282],[73.8765,18.5271]]}},{"type":"Feature","properties":{"id":"transit_route:gtfs_pune_pmpml:167","field":"public_transport","kind":"transit_route","name":"Pune Station Depot to Sutarwadi Depot (DOWN)","ref":"145","status":"operational","opened_on":null,"expected_completion":null,"agency":"PMPML","source":"gtfs_pune_pmpml","confidence":0.7,"mode":"bus","tier":"secondary","geometry_source":"shape"},"geometry":{"type":"LineString","coordinates":[[73.8765,18.5271],[73.8764,18.5234],[73.8702,18.5239],[73.8632,18.5276],[73.8579,18.5239],[73.8569,18.5253],[73.8531,18.5226],[73.8526,18.5245],[73.8536,18.525],[73.8496,18.5302],[73.843,18.5319],[73.8289,18.5419],[73.794,18.5371],[73.7935,18.5408],[73.7898,18.5426],[73.7851,18.5435],[73.7847,18.5382],[73.7815,18.5385],[73.7815,18.5409],[73.7798,18.5412]]}},{"type":"Feature","properties":{"id":"transit_route:gtfs_pune_pmpml:168","field":"public_transport","kind":"transit_route","name":"Gokhale Nagar Police Line to Pune Station Jayprakash Stand (UP)","ref":"146","status":"operational","opened_on":null,"expected_completion":null,"agency":"PMPML","source":"gtfs_pune_pmpml","confidence":0.7,"mode":"bus","tier":"secondary","geometry_source":"shape"},"geometry":{"type":"LineString","coordinates":[[73.825,18.5235],[73.8271,18.5239],[73.8271,18.5291],[73.8375,18.53],[73.8429,18.5283],[73.8448,18.5316],[73.8525,18.5293],[73.8482,18.5228],[73.8502,18.5223],[73.8546,18.5233],[73.857,18.5255],[73.858,18.5241],[73.8634,18.5279],[73.8701,18.5242],[73.8757,18.5249],[73.8753,18.5272],[73.874,18.5272]]}},{"type":"Feature","properties":{"id":"transit_route:gtfs_pune_pmpml:169","field":"public_transport","kind":"transit_route","name":"Pune Station Jayprakash Stand to Gokhale Nagar Police Line (DOWN)","ref":"146","status":"operational","opened_on":null,"expected_completion":null,"agency":"PMPML","source":"gtfs_pune_pmpml","confidence":0.7,"mode":"bus","tier":"secondary","geometry_source":"shape"},"geometry":{"type":"LineString","coordinates":[[73.874,18.5272],[73.8736,18.5283],[73.8763,18.5282],[73.8764,18.5234],[73.8702,18.5239],[73.8632,18.5276],[73.8579,18.5239],[73.8569,18.5253],[73.8507,18.5221],[73.8414,18.5247],[73.8427,18.5283],[73.8355,18.5299],[73.8271,18.5291],[73.8271,18.5239],[73.825,18.5235]]}},{"type":"Feature","properties":{"id":"transit_route:gtfs_pune_pmpml:170","field":"public_transport","kind":"transit_route","name":"Nhavi Sandas to Ma Na Pa Shramik Bhavan (UP)","ref":"147","status":"operational","opened_on":null,"expected_completion":null,"agency":"PMPML","source":"gtfs_pune_pmpml","confidence":0.7,"mode":"bus","tier":"secondary","geometry_source":"shape"},"geometry":{"type":"LineString","coordinates":[[74.1563,18.6081],[74.1544,18.601],[74.1478,18.5985],[74.1405,18.5998],[74.1407,18.6018],[74.1383,18.6048],[74.1096,18.6202],[74.0897,18.624],[74.0775,18.623],[74.065,18.624],[74.0646,18.6306],[74.0508,18.6412],[74.0381,18.6295],[74.0198,18.6165],[74.0134,18.6047],[74.0023,18.5966],[73.9949,18.5868],[73.9882,18.5823],[73.9832,18.5804],[73.9778,18.5806],[73.9596,18.5745],[73.9394,18.5622],[73.9345,18.5633],[73.9244,18.5624],[73.9111,18.5584],[73.9063,18.5552],[73.8963,18.552],[73.8898,18.546],[73.8848,18.5449],[73.8856,18.5379],[73.8831,18.5354],[73.8796,18.5347],[73.8757,18.5308],[73.8764,18.5234],[73.8702,18.5239],[73.8634,18.5276],[73.8579,18.5239],[73.8569,18.5253],[73.8562,18.5247]]}},{"type":"Feature","properties":{"id":"transit_route:gtfs_pune_pmpml:171","field":"public_transport","kind":"transit_route","name":"Ma Na Pa Shramik Bhavan to Nhavi Sandas (DOWN)","ref":"147","status":"operational","opened_on":null,"expected_completion":null,"agency":"PMPML","source":"gtfs_pune_pmpml","confidence":0.7,"mode":"bus","tier":"secondary","geometry_source":"shape"},"geometry":{"type":"LineString","coordinates":[[73.8561,18.5247],[73.857,18.5255],[73.858,18.5241],[73.8635,18.5279],[73.8701,18.5242],[73.8718,18.5245],[73.8733,18.5281],[73.8762,18.5281],[73.8756,18.5308],[73.884,18.5413],[73.8834,18.545],[73.8897,18.5462],[73.8965,18.5523],[73.9242,18.5626],[73.9345,18.5634],[73.9391,18.5623],[73.9599,18.5746],[73.9778,18.5807],[73.983,18.5805],[73.9881,18.5824],[73.9949,18.5869],[74.0023,18.5966],[74.0134,18.6047],[74.0198,18.6166],[74.0379,18.6295],[74.0507,18.6413],[74.0646,18.6306],[74.065,18.624],[74.0775,18.623],[74.0897,18.624],[74.1096,18.6202],[74.1383,18.6048],[74.1407,18.6018],[74.1405,18.5998],[74.1478,18.5985],[74.1544,18.601],[74.1563,18.6082]]}},{"type":"Feature","properties":{"id":"transit_route:gtfs_pune_pmpml:174","field":"public_transport","kind":"transit_route","name":"Bhosari Terminal to Bhekrai Nagar (UP)","ref":"148A","status":"operational","opened_on":null,"expected_completion":null,"agency":"PMPML","source":"gtfs_pune_pmpml","confidence":0.7,"mode":"bus","tier":"secondary","geometry_source":"shape"},"geometry":{"type":"LineString","coordinates":[[73.8514,18.6246],[73.852,18.6253],[73.8497,18.6171],[73.8476,18.6158],[73.8455,18.6156],[73.8417,18.6164],[73.8451,18.6158],[73.8418,18.6196],[73.8372,18.6206],[73.8302,18.621],[73.8302,18.619],[73.8259,18.6175],[73.8221,18.6065],[73.8171,18.6025],[73.8174,18.5954],[73.8193,18.5941],[73.8213,18.5862],[73.8246,18.583],[73.8299,18.5822],[73.8295,18.5782],[73.834,18.5725],[73.8369,18.5745],[73.8373,18.5719],[73.8517,18.5639],[73.8545,18.5587],[73.8609,18.5562],[73.8788,18.5438],[73.8845,18.545],[73.8856,18.5379],[73.8831,18.5354],[73.8796,18.5347],[73.8757,18.5308],[73.8768,18.5248],[73.8754,18.5196],[73.8797,18.5183],[73.8793,18.507],[73.9128,18.5064],[73.9296,18.5019],[73.9389,18.5009],[73.9473,18.4937],[73.9539,18.4837]]}},{"type":"Feature","properties":{"id":"transit_route:gtfs_pune_pmpml:175","field":"public_transport","kind":"transit_route","name":"Bhekrai Nagar to Bhosari Terminal (DOWN)","ref":"148A","status":"operational","opened_on":null,"expected_completion":null,"agency":"PMPML","source":"gtfs_pune_pmpml","confidence":0.7,"mode":"bus","tier":"secondary","geometry_source":"shape"},"geometry":{"type":"LineString","coordinates":[[73.9539,18.4837],[73.9472,18.4937],[73.9381,18.5008],[73.9115,18.5062],[73.8848,18.5066],[73.8787,18.5029],[73.8801,18.5106],[73.8799,18.5137],[73.8788,18.5136],[73.8792,18.5184],[73.8754,18.5196],[73.8763,18.5234],[73.8711,18.5247],[73.8733,18.5281],[73.8762,18.5281],[73.8756,18.5308],[73.8841,18.5414],[73.8833,18.5448],[73.8785,18.5439],[73.8609,18.5561],[73.8543,18.5587],[73.8517,18.5638],[73.8484,18.5664],[73.8372,18.5719],[73.8359,18.5737],[73.8341,18.5724],[73.8295,18.5782],[73.8299,18.5822],[73.8246,18.583],[73.8215,18.586],[73.8195,18.5903],[73.8198,18.5928],[73.8174,18.5954],[73.817,18.6026],[73.8219,18.6064],[73.8261,18.6178],[73.8299,18.6191],[73.8302,18.621],[73.8371,18.6206],[73.8419,18.6196],[73.8453,18.6158],[73.8476,18.6159],[73.8494,18.6172],[73.8514,18.6246]]}},{"type":"Feature","properties":{"id":"transit_route:gtfs_pune_pmpml:176","field":"public_transport","kind":"transit_route","name":"Pimplegurav to Shewalewadi Depot (UP)","ref":"148","status":"operational","opened_on":null,"expected_completion":null,"agency":"PMPML","source":"gtfs_pune_pmpml","confidence":0.7,"mode":"bus","tier":"secondary","geometry_source":"shape"},"geometry":{"type":"LineString","coordinates":[[73.8191,18.593],[73.8215,18.586],[73.8246,18.583],[73.8299,18.5822],[73.8295,18.5782],[73.834,18.5725],[73.8369,18.5745],[73.8373,18.5719],[73.8517,18.5639],[73.8543,18.5588],[73.8609,18.5562],[73.8785,18.544],[73.8845,18.545],[73.8856,18.5379],[73.8831,18.5354],[73.8796,18.5347],[73.8757,18.5308],[73.8768,18.5248],[73.8754,18.5196],[73.8797,18.5183],[73.8793,18.507],[73.9128,18.5064],[73.9301,18.5018],[73.9715,18.4963]]}},{"type":"Feature","properties":{"id":"transit_route:gtfs_pune_pmpml:177","field":"public_transport","kind":"transit_route","name":"Shewalewadi Depot to Pimplegurav (DOWN)","ref":"148","status":"operational","opened_on":null,"expected_completion":null,"agency":"PMPML","source":"gtfs_pune_pmpml","confidence":0.7,"mode":"bus","tier":"secondary","geometry_source":"shape"},"geometry":{"type":"LineString","coordinates":[[73.9715,18.4962],[73.9296,18.5017],[73.9126,18.5062],[73.8848,18.5066],[73.8788,18.5028],[73.8801,18.5106],[73.8799,18.5137],[73.8788,18.5136],[73.8792,18.5184],[73.8754,18.5196],[73.8763,18.5234],[73.8711,18.5247],[73.8733,18.5281],[73.8762,18.5281],[73.8756,18.5308],[73.8841,18.5414],[73.8833,18.5448],[73.8785,18.5439],[73.8609,18.5561],[73.8543,18.5587],[73.8517,18.5638],[73.8484,18.5664],[73.8372,18.5719],[73.8359,18.5737],[73.8341,18.5724],[73.8295,18.5782],[73.8299,18.5822],[73.8246,18.583],[73.8224,18.5851],[73.8191,18.593]]}},{"type":"Feature","properties":{"id":"transit_route:gtfs_pune_pmpml:178","field":"public_transport","kind":"transit_route","name":"Nigdi Bhakti Shakti Stand to Hadapsar Gadital (UP)","ref":"149","status":"operational","opened_on":null,"expected_completion":null,"agency":"PMPML","source":"gtfs_pune_pmpml","confidence":0.7,"mode":"bus","tier":"secondary","geometry_source":"shape"},"geometry":{"type":"LineString","coordinates":[[73.7718,18.6654],[73.7775,18.6593],[73.7865,18.6643],[73.8098,18.6506],[73.8204,18.6433],[73.8453,18.6158],[73.8492,18.6169],[73.8512,18.6237],[73.8612,18.6252],[73.8751,18.6335],[73.8728,18.6019],[73.8767,18.5756],[73.8785,18.5727],[73.8994,18.5754],[73.8999,18.5731],[73.8925,18.5619],[73.8914,18.5588],[73.8903,18.5552],[73.8903,18.5551],[73.8903,18.5549],[73.8902,18.5547],[73.8897,18.5526],[73.8896,18.5523],[73.8895,18.5523],[73.8896,18.5527],[73.8897,18.5527],[73.8952,18.5525],[73.8965,18.5523],[73.9242,18.5626],[73.9345,18.5634],[73.9387,18.5622],[73.9373,18.5513],[73.9323,18.5315],[73.9324,18.5117],[73.9279,18.5062],[73.9276,18.5027],[73.9394,18.5002]]}},{"type":"Feature","properties":{"id":"transit_route:gtfs_pune_pmpml:179","field":"public_transport","kind":"transit_route","name":"Hadapsar Gadital to Nigdi Bhakti Shakti Stand (DOWN)","ref":"149","status":"operational","opened_on":null,"expected_completion":null,"agency":"PMPML","source":"gtfs_pune_pmpml","confidence":0.7,"mode":"bus","tier":"secondary","geometry_source":"shape"},"geometry":{"type":"LineString","coordinates":[[73.939,18.4999],[73.9274,18.5025],[73.9278,18.5063],[73.9324,18.5117],[73.9322,18.5316],[73.9371,18.5513],[73.9385,18.5621],[73.935,18.5633],[73.9253,18.5626],[73.9159,18.5601],[73.9063,18.5552],[73.8963,18.552],[73.8888,18.5457],[73.8923,18.5617],[73.8999,18.5731],[73.8994,18.5754],[73.8781,18.5726],[73.8767,18.5753],[73.8728,18.6019],[73.8748,18.6331],[73.8612,18.6252],[73.8515,18.6232],[73.8508,18.6203],[73.8418,18.6196],[73.8203,18.6432],[73.8,18.6567],[73.7866,18.6642],[73.7774,18.659],[73.7716,18.6652]]}},{"type":"Feature","properties":{"id":"transit_route:gtfs_pune_pmpml:182","field":"public_transport","kind":"transit_route","name":"Alandi to Pune Station Moledina Stand (UP)","ref":"151","status":"operational","opened_on":null,"expected_completion":null,"agency":"PMPML","source":"gtfs_pune_pmpml","confidence":0.7,"mode":"bus","tier":"secondary","geometry_source":"shape"},"geometry":{"type":"LineString","coordinates":[[73.8971,18.6748],[73.8931,18.6733],[73.8874,18.6644],[73.8838,18.6524],[73.8789,18.6425],[73.8749,18.6372],[73.8728,18.6015],[73.8752,18.5824],[73.8796,18.5676],[73.8772,18.5647],[73.8757,18.557],[73.8712,18.5487],[73.8789,18.5438],[73.8844,18.5451],[73.8856,18.5379],[73.8831,18.5354],[73.8796,18.5347],[73.8757,18.5308],[73.8764,18.5234],[73.8711,18.5245],[73.873,18.5276]]}},{"type":"Feature","properties":{"id":"transit_route:gtfs_pune_pmpml:183","field":"public_transport","kind":"transit_route","name":"Pune Station Moledina Stand to Alandi (DOWN)","ref":"151","status":"operational","opened_on":null,"expected_completion":null,"agency":"PMPML","source":"gtfs_pune_pmpml","confidence":0.7,"mode":"bus","tier":"secondary","geometry_source":"shape"},"geometry":{"type":"LineString","coordinates":[[73.873,18.5271],[73.8736,18.5283],[73.8762,18.5281],[73.8756,18.5308],[73.8841,18.5414],[73.8831,18.545],[73.8787,18.5437],[73.871,18.5487],[73.8756,18.5571],[73.8771,18.5646],[73.8794,18.5675],[73.8751,18.5823],[73.8728,18.6015],[73.8747,18.6371],[73.8836,18.6524],[73.8873,18.6645],[73.8931,18.6734],[73.8971,18.6748]]}},{"type":"Feature","properties":{"id":"transit_route:gtfs_pune_pmpml:191","field":"public_transport","kind":"transit_route","name":"Lohegaon to Ma Na Pa Daphale Garage (UP)","ref":"152","status":"operational","opened_on":null,"expected_completion":null,"agency":"PMPML","source":"gtfs_pune_pmpml","confidence":0.7,"mode":"bus","tier":"secondary","geometry_source":"shape"},"geometry":{"type":"LineString","coordinates":[[73.9246,18.5957],[73.9219,18.5975],[73.8969,18.5967],[73.8895,18.591],[73.8824,18.5816],[73.8783,18.5726],[73.8795,18.5673],[73.8772,18.5647],[73.8757,18.557],[73.8712,18.5487],[73.8609,18.5549],[73.8568,18.5529],[73.8518,18.5443],[73.8506,18.5374],[73.855,18.5305],[73.8525,18.529],[73.8482,18.5228],[73.8516,18.5222],[73.8529,18.5235]]}},{"type":"Feature","properties":{"id":"transit_route:gtfs_pune_pmpml:194","field":"public_transport","kind":"transit_route","name":"Ma Na Pa Daphale Garage to Dimond Water Park (DOWN)","ref":"152","status":"operational","opened_on":null,"expected_completion":null,"agency":"PMPML","source":"gtfs_pune_pmpml","confidence":0.7,"mode":"bus","tier":"secondary","geometry_source":"shape"},"geometry":{"type":"LineString","coordinates":[[73.8529,18.5235],[73.8532,18.5258],[73.8499,18.5296],[73.8549,18.5305],[73.8505,18.5373],[73.8518,18.5465],[73.851,18.5491],[73.8525,18.5505],[73.8549,18.5494],[73.8569,18.553],[73.8615,18.5556],[73.8711,18.5488],[73.8756,18.5571],[73.8771,18.5646],[73.8794,18.5673],[73.8781,18.5726],[73.882,18.5811],[73.8894,18.5911],[73.8957,18.5964],[73.9037,18.5975],[73.9223,18.5974],[73.9248,18.596],[73.923,18.5937],[73.9314,18.5959],[73.9567,18.5892]]}},{"type":"Feature","properties":{"id":"transit_route:gtfs_pune_pmpml:195","field":"public_transport","kind":"transit_route","name":"Alandi to Kharadi Gaon (UP)","ref":"153","status":"operational","opened_on":null,"expected_completion":null,"agency":"PMPML","source":"gtfs_pune_pmpml","confidence":0.7,"mode":"bus","tier":"secondary","geometry_source":"shape"},"geometry":{"type":"LineString","coordinates":[[73.8971,18.6748],[73.8931,18.6733],[73.8874,18.6644],[73.8838,18.6524],[73.8789,18.6425],[73.8749,18.6375],[73.8728,18.6019],[73.8767,18.5756],[73.8785,18.5727],[73.8994,18.5754],[73.8999,18.5726],[73.8925,18.5619],[73.8914,18.5588],[73.8903,18.5552],[73.8903,18.5551],[73.8903,18.5549],[73.8902,18.5547],[73.8897,18.5526],[73.8896,18.5523],[73.8895,18.5523],[73.8896,18.5527],[73.8897,18.5527],[73.8952,18.5525],[73.8965,18.5523],[73.9057,18.5551],[73.9158,18.5603],[73.9242,18.5626],[73.9305,18.5632],[73.9279,18.5627],[73.9281,18.5595],[73.9312,18.5594],[73.9374,18.5525],[73.9372,18.5507],[73.946,18.5484]]}},{"type":"Feature","properties":{"id":"transit_route:gtfs_pune_pmpml:196","field":"public_transport","kind":"transit_route","name":"Kharadi Gaon to Alandi (DOWN)","ref":"153","status":"operational","opened_on":null,"expected_completion":null,"agency":"PMPML","source":"gtfs_pune_pmpml","confidence":0.7,"mode":"bus","tier":"secondary","geometry_source":"shape"},"geometry":{"type":"LineString","coordinates":[[73.946,18.5484],[73.937,18.5507],[73.9373,18.5526],[73.9312,18.5594],[73.928,18.5595],[73.9272,18.5627],[73.9159,18.5601],[73.9063,18.5552],[73.8965,18.5521],[73.8888,18.5457],[73.8919,18.5606],[73.8999,18.5726],[73.8994,18.5754],[73.8781,18.5726],[73.8766,18.5755],[73.8728,18.6019],[73.8747,18.6373],[73.8792,18.6434],[73.8836,18.6524],[73.8873,18.6645],[73.8931,18.6734],[73.8971,18.6748]]}},{"type":"Feature","properties":{"id":"transit_route:gtfs_pune_pmpml:197","field":"public_transport","kind":"transit_route","name":"Dimond Water Park to Pune Station Moledina Stand (UP)","ref":"154","status":"operational","opened_on":null,"expected_completion":null,"agency":"PMPML","source":"gtfs_pune_pmpml","confidence":0.7,"mode":"bus","tier":"secondary","geometry_source":"shape"},"geometry":{"type":"LineString","coordinates":[[73.9571,18.5891],[73.9314,18.5959],[73.923,18.5937],[73.9246,18.5958],[73.9223,18.5974],[73.902,18.5974],[73.8949,18.5957],[73.8895,18.591],[73.8821,18.5811],[73.8783,18.5726],[73.8795,18.5673],[73.8772,18.5645],[73.8761,18.5583],[73.8734,18.5523],[73.8839,18.5535],[73.8897,18.5527],[73.8889,18.5457],[73.8848,18.5449],[73.8856,18.5379],[73.8843,18.5363],[73.8796,18.5347],[73.8757,18.5308],[73.8764,18.5234],[73.8711,18.5245],[73.873,18.5276]]}},{"type":"Feature","properties":{"id":"transit_route:gtfs_pune_pmpml:198","field":"public_transport","kind":"transit_route","name":"Pune Station Moledina Stand to Dimond Water Park (DOWN)","ref":"154","status":"operational","opened_on":null,"expected_completion":null,"agency":"PMPML","source":"gtfs_pune_pmpml","confidence":0.7,"mode":"bus","tier":"secondary","geometry_source":"shape"},"geometry":{"type":"LineString","coordinates":[[73.873,18.5271],[73.8736,18.5283],[73.8762,18.5281],[73.8756,18.5308],[73.884,18.5413],[73.8834,18.545],[73.8887,18.5462],[73.8895,18.5526],[73.8839,18.5533],[73.8732,18.5523],[73.876,18.5583],[73.8771,18.5646],[73.8794,18.5673],[73.8781,18.5726],[73.882,18.5811],[73.8894,18.5911],[73.8948,18.5957],[73.9019,18.5975],[73.9223,18.5974],[73.9248,18.596],[73.923,18.5937],[73.9314,18.5959],[73.9567,18.5892]]}},{"type":"Feature","properties":{"id":"transit_route:gtfs_pune_pmpml:199","field":"public_transport","kind":"transit_route","name":"Dimond Water Park to Pune Station Moledina Stand (UP)","ref":"155","status":"operational","opened_on":null,"expected_completion":null,"agency":"PMPML","source":"gtfs_pune_pmpml","confidence":0.7,"mode":"bus","tier":"secondary","geometry_source":"shape"},"geometry":{"type":"LineString","coordinates":[[73.9571,18.5891],[73.9314,18.5959],[73.923,18.5937],[73.9246,18.5958],[73.9223,18.5974],[73.902,18.5974],[73.8949,18.5957],[73.8895,18.591],[73.8825,18.5817],[73.8783,18.5726],[73.8796,18.5676],[73.8778,18.5654],[73.8852,18.5639],[73.8919,18.5603],[73.8889,18.5457],[73.8848,18.5449],[73.8856,18.5379],[73.8843,18.5363],[73.8796,18.5347],[73.8757,18.5308],[73.8764,18.5234],[73.8711,18.5245],[73.873,18.5276]]}},{"type":"Feature","properties":{"id":"transit_route:gtfs_pune_pmpml:200","field":"public_transport","kind":"transit_route","name":"Pune Station Moledina Stand to Dimond Water Park (DOWN)","ref":"155","status":"operational","opened_on":null,"expected_completion":null,"agency":"PMPML","source":"gtfs_pune_pmpml","confidence":0.7,"mode":"bus","tier":"secondary","geometry_source":"shape"},"geometry":{"type":"LineString","coordinates":[[73.873,18.5271],[73.8736,18.5283],[73.8762,18.5281],[73.8756,18.5308],[73.884,18.5413],[73.8834,18.545],[73.8887,18.5462],[73.8918,18.5603],[73.8852,18.5639],[73.8777,18.5654],[73.8794,18.5675],[73.8781,18.5726],[73.8824,18.5818],[73.8894,18.5911],[73.8948,18.5957],[73.9019,18.5975],[73.9223,18.5974],[73.9248,18.596],[73.923,18.5937],[73.9314,18.5959],[73.9567,18.5892]]}},{"type":"Feature","properties":{"id":"transit_route:gtfs_pune_pmpml:205","field":"public_transport","kind":"transit_route","name":"JSPM Vidhyapith Wagholi to Ma Na Pa Shramik Bhavan (UP)","ref":"157","status":"operational","opened_on":null,"expected_completion":null,"agency":"PMPML","source":"gtfs_pune_pmpml","confidence":0.7,"mode":"bus","tier":"secondary","geometry_source":"shape"},"geometry":{"type":"LineString","coordinates":[[74.003,18.5911],[73.9975,18.5898],[73.9931,18.5853],[73.9864,18.5814],[73.9778,18.5806],[73.9596,18.5745],[73.9394,18.5622],[73.9345,18.5633],[73.9244,18.5624],[73.9111,18.5584],[73.9063,18.5552],[73.8963,18.552],[73.8898,18.546],[73.8848,18.5449],[73.8856,18.5379],[73.8831,18.5354],[73.8796,18.5347],[73.8757,18.5308],[73.8764,18.5234],[73.8702,18.5239],[73.8634,18.5276],[73.8579,18.5239],[73.8569,18.5253],[73.8562,18.5247]]}},{"type":"Feature","properties":{"id":"transit_route:gtfs_pune_pmpml:206","field":"public_transport","kind":"transit_route","name":"Ma Na Pa Shramik Bhavan to JSPM Vidhyapith Wagholi (DOWN)","ref":"157","status":"operational","opened_on":null,"expected_completion":null,"agency":"PMPML","source":"gtfs_pune_pmpml","confidence":0.7,"mode":"bus","tier":"secondary","geometry_source":"shape"},"geometry":{"type":"LineString","coordinates":[[73.8561,18.5247],[73.857,18.5255],[73.858,18.5241],[73.8635,18.5279],[73.8711,18.5246],[73.8733,18.5281],[73.8762,18.5281],[73.8756,18.5308],[73.8841,18.5414],[73.8834,18.545],[73.8897,18.5462],[73.8965,18.5523],[73.9242,18.5626],[73.9345,18.5634],[73.9393,18.5625],[73.958,18.5738],[73.9778,18.5807],[73.9863,18.5815],[73.9934,18.5856],[73.9975,18.5898],[74.003,18.5911]]}},{"type":"Feature","properties":{"id":"transit_route:gtfs_pune_pmpml:207","field":"public_transport","kind":"transit_route","name":"Dimond Water Park to Ma Na Pa Dengle Pul Nadikathi (UP)","ref":"158A","status":"operational","opened_on":null,"expected_completion":null,"agency":"PMPML","source":"gtfs_pune_pmpml","confidence":0.7,"mode":"bus","tier":"secondary","geometry_source":"shape"},"geometry":{"type":"LineString","coordinates":[[73.9567,18.5892],[73.9308,18.5959],[73.9186,18.5926],[73.912,18.5868],[73.9051,18.5853],[73.9025,18.5833],[73.9039,18.5786],[73.8994,18.5754],[73.8999,18.5726],[73.8924,18.5617],[73.8889,18.5457],[73.8848,18.5449],[73.8856,18.5379],[73.8831,18.5354],[73.8796,18.5347],[73.8757,18.5308],[73.8764,18.5234],[73.8702,18.5239],[73.8632,18.5276],[73.8579,18.5239],[73.8569,18.5253],[73.8552,18.5237]]}},{"type":"Feature","properties":{"id":"transit_route:gtfs_pune_pmpml:208","field":"public_transport","kind":"transit_route","name":"Ma Na Pa Dengle Pul Nadikhathi to Dimond Water Park (DOWN)","ref":"158A","status":"operational","opened_on":null,"expected_completion":null,"agency":"PMPML","source":"gtfs_pune_pmpml","confidence":0.7,"mode":"bus","tier":"secondary","geometry_source":"shape"},"geometry":{"type":"LineString","coordinates":[[73.8552,18.5237],[73.857,18.5255],[73.858,18.5241],[73.8635,18.5279],[73.8701,18.5242],[73.8718,18.5245],[73.8733,18.5281],[73.8762,18.5281],[73.8756,18.5308],[73.8841,18.5414],[73.8834,18.545],[73.8887,18.5461],[73.8923,18.5617],[73.8999,18.5726],[73.8994,18.5754],[73.9038,18.5785],[73.9025,18.5833],[73.9051,18.5853],[73.912,18.5868],[73.9186,18.5926],[73.9308,18.5959],[73.9567,18.5892]]}},{"type":"Feature","properties":{"id":"transit_route:gtfs_pune_pmpml:213","field":"public_transport","kind":"transit_route","name":"Prime City Charholi to Ma Na Pa Dengle Pul Nadikathi (UP)","ref":"158","status":"operational","opened_on":null,"expected_completion":null,"agency":"PMPML","source":"gtfs_pune_pmpml","confidence":0.7,"mode":"bus","tier":"secondary","geometry_source":"shape"},"geometry":{"type":"LineString","coordinates":[[73.9161,18.6228],[73.9163,18.6203],[73.9108,18.619],[73.9104,18.6176],[73.91,18.6157],[73.912,18.6142],[73.9087,18.597],[73.9223,18.5974],[73.9248,18.5959],[73.923,18.5937],[73.9161,18.5912],[73.912,18.5868],[73.9052,18.5853],[73.9026,18.5835],[73.9039,18.5786],[73.8994,18.5754],[73.8999,18.5726],[73.8925,18.5619],[73.8889,18.5457],[73.8848,18.5449],[73.8856,18.5379],[73.8831,18.5354],[73.8796,18.5347],[73.8757,18.5308],[73.8764,18.5234],[73.8702,18.5239],[73.8632,18.5276],[73.8579,18.5239],[73.8569,18.5253],[73.8552,18.5237]]}},{"type":"Feature","properties":{"id":"transit_route:gtfs_pune_pmpml:214","field":"public_transport","kind":"transit_route","name":"Ma Na Pa Dengle Pul Nadikhathi to Prime City Charholi (DOWN)","ref":"158","status":"operational","opened_on":null,"expected_completion":null,"agency":"PMPML","source":"gtfs_pune_pmpml","confidence":0.7,"mode":"bus","tier":"secondary","geometry_source":"shape"},"geometry":{"type":"LineString","coordinates":[[73.8552,18.5237],[73.857,18.5255],[73.858,18.5241],[73.8635,18.5279],[73.8701,18.5242],[73.8718,18.5245],[73.8733,18.5281],[73.8762,18.5281],[73.8756,18.5308],[73.8841,18.5414],[73.8834,18.545],[73.8887,18.5461],[73.8924,18.5619],[73.8999,18.5726],[73.8994,18.5754],[73.9038,18.5786],[73.9026,18.5835],[73.9052,18.5853],[73.912,18.5868],[73.9169,18.5917],[73.923,18.5937],[73.9245,18.5956],[73.9223,18.5974],[73.9087,18.597],[73.912,18.6142],[73.91,18.6157],[73.9104,18.6176],[73.911,18.6191],[73.9161,18.6204],[73.916,18.6228]]}},{"type":"Feature","properties":{"id":"transit_route:gtfs_pune_pmpml:217","field":"public_transport","kind":"transit_route","name":"Loni Dhamni to Ma Na Pa Shramik Bhavan (UP)","ref":"159B","status":"operational","opened_on":null,"expected_completion":null,"agency":"PMPML","source":"gtfs_pune_pmpml","confidence":0.7,"mode":"bus","tier":"secondary","geometry_source":"shape"},"geometry":{"type":"LineString","coordinates":[[74.0808,18.892],[74.0764,18.8822],[74.0754,18.8738],[74.0633,18.8519],[74.0586,18.8459],[74.0546,18.8334],[74.0519,18.8331],[74.0508,18.8298],[74.0551,18.8295],[74.057,18.8265],[74.0488,18.8202],[74.05,18.8171],[74.0515,18.8167],[74.0585,18.8183],[74.0637,18.8229],[74.0724,18.8192],[74.0957,18.793],[74.0983,18.7925],[74.0985,18.7898],[74.096,18.7865],[74.0955,18.7822],[74.0971,18.7699],[74.0967,18.7555],[74.0997,18.7455],[74.1083,18.7364],[74.1168,18.7199],[74.1188,18.7194],[74.1243,18.7137],[74.1306,18.7024],[74.1387,18.6977],[74.1392,18.696],[74.1277,18.6893],[74.1162,18.6847],[74.0895,18.661],[74.0687,18.6477],[74.0613,18.6457],[74.0571,18.6464],[74.0381,18.6295],[74.0198,18.6165],[74.0134,18.6047],[74.0023,18.5966],[73.9971,18.5892],[73.9922,18.5847],[73.986,18.5813],[73.9778,18.5806],[73.9596,18.5745],[73.9394,18.5622],[73.9345,18.5633],[73.9244,18.5624],[73.9111,18.5584],[73.9063,18.5552],[73.8963,18.552],[73.8898,18.546],[73.8848,18.5449],[73.8856,18.5379],[73.8831,18.5354],[73.8796,18.5347],[73.8757,18.5308],[73.8764,18.5234],[73.8702,18.5239],[73.8634,18.5276],[73.8579,18.5239],[73.8569,18.5253],[73.8562,18.5247]]}},{"type":"Feature","properties":{"id":"transit_route:gtfs_pune_pmpml:218","field":"public_transport","kind":"transit_route","name":"Ma Na Pa Shramik Bhavan to Loni Dhamni (DOWN)","ref":"159B","status":"operational","opened_on":null,"expected_completion":null,"agency":"PMPML","source":"gtfs_pune_pmpml","confidence":0.7,"mode":"bus","tier":"secondary","geometry_source":"shape"},"geometry":{"type":"LineString","coordinates":[[73.8561,18.5247],[73.857,18.5255],[73.858,18.5241],[73.8635,18.5279],[73.8711,18.5246],[73.8733,18.5281],[73.8762,18.5281],[73.8756,18.5308],[73.8841,18.5414],[73.8834,18.545],[73.8897,18.5462],[73.8965,18.5523],[73.9242,18.5626],[73.9345,18.5634],[73.9391,18.5623],[73.9599,18.5746],[73.9778,18.5807],[73.9859,18.5813],[73.9911,18.5841],[73.997,18.5892],[74.0023,18.5966],[74.0134,18.6047],[74.0198,18.6166],[74.0379,18.6295],[74.0568,18.6464],[74.0613,18.6458],[74.0687,18.6478],[74.0898,18.6613],[74.1161,18.6848],[74.1277,18.6894],[74.1392,18.6961],[74.1387,18.6977],[74.1306,18.7024],[74.1243,18.7137],[74.1188,18.7194],[74.1168,18.7199],[74.1083,18.7364],[74.0997,18.7455],[74.0967,18.7555],[74.0971,18.7699],[74.0955,18.7822],[74.096,18.7865],[74.0985,18.7898],[74.0983,18.7925],[74.0957,18.793],[74.0724,18.8192],[74.0637,18.8229],[74.0585,18.8183],[74.0515,18.8167],[74.05,18.8171],[74.0488,18.8202],[74.057,18.8265],[74.055,18.8296],[74.0508,18.8298],[74.0519,18.8331],[74.0546,18.8334],[74.0586,18.8459],[74.0633,18.8519],[74.0754,18.8738],[74.0764,18.8822],[74.0808,18.8921]]}},{"type":"Feature","properties":{"id":"transit_route:gtfs_pune_pmpml:221","field":"public_transport","kind":"transit_route","name":"Talegaon Dhamdhere Bazar to Ma Na Pa Shramik Bhavan (UP)","ref":"159","status":"operational","opened_on":null,"expected_completion":null,"agency":"PMPML","source":"gtfs_pune_pmpml","confidence":0.7,"mode":"bus","tier":"secondary","geometry_source":"shape"},"geometry":{"type":"LineString","coordinates":[[74.1567,18.6669],[74.156,18.6656],[74.1514,18.6663],[74.1467,18.6706],[74.1428,18.6804],[74.1355,18.6919],[74.1323,18.6924],[74.1167,18.6851],[74.0895,18.661],[74.0677,18.6472],[74.0613,18.6457],[74.0571,18.6464],[74.0381,18.6295],[74.0239,18.6202],[74.0196,18.6163],[74.0134,18.6047],[74.0023,18.5966],[73.9931,18.5853],[73.986,18.5813],[73.9778,18.5806],[73.9596,18.5745],[73.9394,18.5622],[73.9345,18.5633],[73.9244,18.5624],[73.9111,18.5584],[73.9063,18.5552],[73.8963,18.552],[73.8898,18.546],[73.8848,18.5449],[73.8856,18.5379],[73.8831,18.5354],[73.8796,18.5347],[73.8757,18.5308],[73.8764,18.5234],[73.8702,18.5239],[73.8634,18.5276],[73.8579,18.5239],[73.8569,18.5253],[73.8562,18.5247]]}},{"type":"Feature","properties":{"id":"transit_route:gtfs_pune_pmpml:222","field":"public_transport","kind":"transit_route","name":"Ma Na Pa Shramik Bhavan to Talegaon Dhamdhere Bazar (DOWN)","ref":"159","status":"operational","opened_on":null,"expected_completion":null,"agency":"PMPML","source":"gtfs_pune_pmpml","confidence":0.7,"mode":"bus","tier":"secondary","geometry_source":"shape"},"geometry":{"type":"LineString","coordinates":[[73.8561,18.5247],[73.857,18.5255],[73.858,18.5241],[73.8635,18.5279],[73.8711,18.5246],[73.8733,18.5281],[73.8762,18.5281],[73.8756,18.5308],[73.8841,18.5414],[73.8834,18.545],[73.8897,18.5462],[73.8965,18.5523],[73.9242,18.5626],[73.9345,18.5634],[73.9391,18.5623],[73.9599,18.5746],[73.9778,18.5807],[73.9859,18.5813],[73.9927,18.5852],[74.0023,18.5966],[74.0134,18.6047],[74.0193,18.616],[74.0239,18.6203],[74.0379,18.6295],[74.057,18.6465],[74.0613,18.6458],[74.0677,18.6473],[74.0891,18.6608],[74.1167,18.6851],[74.1322,18.6923],[74.1355,18.6919],[74.1428,18.6804],[74.1467,18.6706],[74.1514,18.6663],[74.156,18.6656],[74.1567,18.6668]]}},{"type":"Feature","properties":{"id":"transit_route:gtfs_pune_pmpml:223","field":"public_transport","kind":"transit_route","name":"Dsk Vishwa to Bhekrai Nagar (UP)","ref":"15","status":"operational","opened_on":null,"expected_completion":null,"agency":"PMPML","source":"gtfs_pune_pmpml","confidence":0.7,"mode":"bus","tier":"secondary","geometry_source":"shape"},"geometry":{"type":"LineString","coordinates":[[73.799,18.4434],[73.7994,18.4448],[73.801,18.4441],[73.7999,18.4471],[73.8102,18.4471],[73.8127,18.4611],[73.8199,18.4692],[73.829,18.4878],[73.8456,18.5012],[73.8513,18.4991],[73.8538,18.4998],[73.8543,18.4972],[73.8578,18.4967],[73.8584,18.5006],[73.8646,18.5],[73.8784,18.5027],[73.8793,18.507],[73.9138,18.5062],[73.9296,18.5019],[73.9398,18.5005],[73.9473,18.4937],[73.9539,18.4837]]}},{"type":"Feature","properties":{"id":"transit_route:gtfs_pune_pmpml:224","field":"public_transport","kind":"transit_route","name":"Bhekrai Nagar to Dsk Vishwa (DOWN)","ref":"15","status":"operational","opened_on":null,"expected_completion":null,"agency":"PMPML","source":"gtfs_pune_pmpml","confidence":0.7,"mode":"bus","tier":"secondary","geometry_source":"shape"},"geometry":{"type":"LineString","coordinates":[[73.9539,18.4837],[73.9472,18.4937],[73.9381,18.5008],[73.9296,18.5017],[73.9138,18.5061],[73.8848,18.5066],[73.8794,18.503],[73.8646,18.4998],[73.8541,18.5013],[73.8539,18.4997],[73.8514,18.499],[73.8457,18.5011],[73.8289,18.4874],[73.82,18.4692],[73.8127,18.4611],[73.8136,18.4614],[73.8118,18.4577],[73.8102,18.4471],[73.7999,18.4471],[73.8011,18.4441],[73.7995,18.4447],[73.799,18.4434]]}},{"type":"Feature","properties":{"id":"transit_route:gtfs_pune_pmpml:225","field":"public_transport","kind":"transit_route","name":"Manjari Budruk to Shaniwarwada Stand (UP)","ref":"160","status":"operational","opened_on":null,"expected_completion":null,"agency":"PMPML","source":"gtfs_pune_pmpml","confidence":0.7,"mode":"bus","tier":"secondary","geometry_source":"shape"},"geometry":{"type":"LineString","coordinates":[[73.9844,18.5225],[73.9794,18.5211],[73.9705,18.5251],[73.9556,18.5256],[73.9286,18.5342],[73.9172,18.5323],[73.9031,18.5392],[73.9002,18.5392],[73.8999,18.5365],[73.8972,18.5366],[73.8972,18.5329],[73.8875,18.533],[73.8882,18.5395],[73.8855,18.5394],[73.8843,18.5363],[73.8796,18.5347],[73.8757,18.5308],[73.8764,18.5234],[73.8702,18.5239],[73.8632,18.5276],[73.8558,18.5218]]}},{"type":"Feature","properties":{"id":"transit_route:gtfs_pune_pmpml:226","field":"public_transport","kind":"transit_route","name":"Shaniwarwada Stand to Manjari Budruk (DOWN)","ref":"160","status":"operational","opened_on":null,"expected_completion":null,"agency":"PMPML","source":"gtfs_pune_pmpml","confidence":0.7,"mode":"bus","tier":"secondary","geometry_source":"shape"},"geometry":{"type":"LineString","coordinates":[[73.8557,18.5219],[73.8634,18.5279],[73.8701,18.5242],[73.8765,18.5249],[73.8756,18.5308],[73.8771,18.5322],[73.8789,18.5338],[73.8796,18.5347],[73.8802,18.5355],[73.8808,18.5364],[73.8819,18.5382],[73.8831,18.5399],[73.8838,18.541],[73.8851,18.5413],[73.8854,18.541],[73.8856,18.538],[73.8855,18.538],[73.8854,18.5394],[73.8831,18.5399],[73.8837,18.5409],[73.8838,18.541],[73.8839,18.541],[73.8851,18.5413],[73.8852,18.5411],[73.8854,18.541],[73.8855,18.5394],[73.887,18.5395],[73.8882,18.5396],[73.8882,18.5395],[73.887,18.5394],[73.8855,18.5394],[73.8856,18.538],[73.8838,18.5359],[73.8784,18.5332],[73.8784,18.5333],[73.8789,18.5338],[73.8802,18.5355],[73.8819,18.5382],[73.8822,18.5386],[73.8831,18.5399],[73.8837,18.5409],[73.8838,18.541],[73.8839,18.541],[73.884,18.541],[73.8851,18.5413],[73.8852,18.5411],[73.8854,18.541],[73.8855,18.5394],[73.8911,18.5398],[73.8973,18.5394],[73.8905,18.5397],[73.887,18.5394],[73.8855,18.5394],[73.8856,18.538],[73.8855,18.538],[73.8855,18.5381],[73.8854,18.5394],[73.8841,18.5394],[73.8831,18.5399],[73.8837,18.5409],[73.8838,18.541],[73.8839,18.541],[73.884,18.541],[73.8851,18.5413],[73.8852,18.5411],[73.8854,18.541],[73.8855,18.5399],[73.8857,18.5365],[73.8857,18.5354],[73.8857,18.5351],[73.8858,18.533],[73.8972,18.5329],[73.8972,18.5366],[73.8999,18.5365],[73.9002,18.5392],[73.903,18.5392],[73.9172,18.5324],[73.9286,18.5343],[73.9556,18.5256],[73.9705,18.5251],[73.9794,18.5211],[73.9843,18.5225]]}},{"type":"Feature","properties":{"id":"transit_route:gtfs_pune_pmpml:234","field":"public_transport","kind":"transit_route","name":"Zilla Parishad Shala Karegaon to Kesnand Phata Wagholi (UP)","ref":"161","status":"operational","opened_on":null,"expected_completion":null,"agency":"PMPML","source":"gtfs_pune_pmpml","confidence":0.7,"mode":"bus","tier":"secondary","geometry_source":"shape"},"geometry":{"type":"LineString","coordinates":[[74.2975,18.7846],[74.2882,18.7796],[74.2852,18.7843],[74.2626,18.7725],[74.2608,18.7695],[74.261,18.7658],[74.2508,18.7569],[74.2388,18.7534],[74.2318,18.7456],[74.2275,18.7381],[74.2219,18.733],[74.2156,18.7315],[74.2121,18.725],[74.2028,18.726],[74.1957,18.7243],[74.1678,18.7089],[74.1429,18.6996],[74.1386,18.6955],[74.1283,18.6896],[74.1162,18.6847],[74.0895,18.661],[74.0687,18.6477],[74.0613,18.6457],[74.0571,18.6464],[74.0381,18.6295],[74.0198,18.6165],[74.0134,18.6047],[74.0023,18.5966],[73.9949,18.5868],[73.9874,18.5812]]}},{"type":"Feature","properties":{"id":"transit_route:gtfs_pune_pmpml:236","field":"public_transport","kind":"transit_route","name":"Wagholi Kesnand Phata to Zilla Parishad Shala Karegaon (DOWN)","ref":"161","status":"operational","opened_on":null,"expected_completion":null,"agency":"PMPML","source":"gtfs_pune_pmpml","confidence":0.7,"mode":"bus","tier":"secondary","geometry_source":"shape"},"geometry":{"type":"LineString","coordinates":[[73.9866,18.5816],[73.9934,18.5856],[74.0017,18.596],[74.0134,18.6047],[74.0198,18.6166],[74.0379,18.6295],[74.0568,18.6464],[74.0613,18.6458],[74.0687,18.6478],[74.0898,18.6613],[74.1161,18.6848],[74.1283,18.6897],[74.1386,18.6955],[74.1428,18.6996],[74.1678,18.709],[74.1958,18.7244],[74.2028,18.7261],[74.2124,18.7253],[74.2156,18.7316],[74.2216,18.733],[74.2274,18.7381],[74.2317,18.7457],[74.2388,18.7535],[74.2507,18.757],[74.2603,18.7653],[74.2605,18.7697],[74.2623,18.7727],[74.2851,18.7846],[74.2886,18.7798],[74.2974,18.7846]]}},{"type":"Feature","properties":{"id":"transit_route:gtfs_pune_pmpml:237","field":"public_transport","kind":"transit_route","name":"Pabal Gaon to Ma Na Pa Shramik Bhavan (UP)","ref":"162","status":"operational","opened_on":null,"expected_completion":null,"agency":"PMPML","source":"gtfs_pune_pmpml","confidence":0.7,"mode":"bus","tier":"secondary","geometry_source":"shape"},"geometry":{"type":"LineString","coordinates":[[74.0515,18.8298],[74.0551,18.8295],[74.057,18.8269],[74.0488,18.8205],[74.05,18.8171],[74.052,18.8159],[74.0512,18.8042],[74.0498,18.8021],[74.0398,18.8008],[74.0382,18.7873],[74.0442,18.7784],[74.0541,18.7547],[74.0492,18.7263],[74.0533,18.7277],[74.0608,18.7266],[74.0578,18.713],[74.0581,18.7136],[74.0606,18.7221],[74.0608,18.7266],[74.0617,18.7264],[74.0624,18.7291],[74.0618,18.728],[74.0617,18.7264],[74.0613,18.7264],[74.0608,18.7266],[74.061,18.7259],[74.0606,18.7221],[74.0578,18.713],[74.0489,18.716],[74.0475,18.7164],[74.0473,18.7164],[74.0469,18.7165],[74.0476,18.7194],[74.0492,18.7263],[74.05,18.7306],[74.053,18.7293],[74.0526,18.7277],[74.0492,18.7263],[74.0483,18.7228],[74.0476,18.7194],[74.0471,18.7172],[74.0469,18.7165],[74.0466,18.7152],[74.0464,18.7145],[74.046,18.7127],[74.046,18.7123],[74.0459,18.7116],[74.0459,18.7107],[74.0457,18.7088],[74.0455,18.7061],[74.0457,18.708],[74.0457,18.7088],[74.0459,18.7107],[74.046,18.7123],[74.046,18.7127],[74.0462,18.7135],[74.0464,18.7145],[74.0469,18.7167],[74.0473,18.7166],[74.0475,18.7164],[74.0474,18.7164],[74.0473,18.7164],[74.0469,18.7165],[74.046,18.7127],[74.0396,18.6651],[74.0485,18.6615],[74.0605,18.6458],[74.0571,18.6464],[74.0381,18.6295],[74.0239,18.6202],[74.0196,18.6163],[74.0134,18.6047],[74.0023,18.5966],[73.9949,18.5868],[73.9873,18.5812],[73.9778,18.5806],[73.9599,18.5746],[73.9394,18.5622],[73.9345,18.5633],[73.9244,18.5624],[73.8965,18.5521],[73.8898,18.546],[73.8848,18.5449],[73.8854,18.542],[73.8856,18.538],[73.8854,18.5394],[73.8831,18.5399],[73.8838,18.541],[73.8854,18.541],[73.8856,18.538],[73.8845,18.5366],[73.8797,18.5348],[73.8757,18.5308],[73.8764,18.5234],[73.8702,18.5239],[73.8634,18.5276],[73.8579,18.5239],[73.8569,18.5253],[73.8562,18.5247]]}},{"type":"Feature","properties":{"id":"transit_route:gtfs_pune_pmpml:238","field":"public_transport","kind":"transit_route","name":"Ma Na Pa Shramik Bhavan to Pabal Gaon (DOWN)","ref":"162","status":"operational","opened_on":null,"expected_completion":null,"agency":"PMPML","source":"gtfs_pune_pmpml","confidence":0.7,"mode":"bus","tier":"secondary","geometry_source":"shape"},"geometry":{"type":"LineString","coordinates":[[73.8561,18.5247],[73.857,18.5255],[73.858,18.5241],[73.8635,18.5279],[73.8701,18.5242],[73.8718,18.5245],[73.8733,18.5281],[73.8762,18.5281],[73.8756,18.5308],[73.884,18.5413],[73.8834,18.545],[73.8897,18.5462],[73.8965,18.5523],[73.9242,18.5626],[73.9345,18.5634],[73.9391,18.5623],[73.9599,18.5746],[73.9778,18.5807],[73.983,18.5805],[73.9881,18.5824],[73.9949,18.5869],[74.0023,18.5966],[74.0134,18.6047],[74.0193,18.616],[74.0239,18.6203],[74.0379,18.6295],[74.0568,18.6464],[74.0605,18.6458],[74.0485,18.6615],[74.0396,18.6651],[74.046,18.7127],[74.0464,18.7145],[74.0469,18.7167],[74.0473,18.7166],[74.0475,18.7164],[74.0473,18.7164],[74.0469,18.7165],[74.046,18.7127],[74.0459,18.7116],[74.0459,18.7107],[74.0457,18.7088],[74.0455,18.7061],[74.046,18.7127],[74.05,18.7306],[74.0506,18.7305],[74.051,18.7302],[74.0511,18.7302],[74.0522,18.7299],[74.053,18.7293],[74.0526,18.7277],[74.0492,18.7263],[74.0486,18.7239],[74.0483,18.7228],[74.0476,18.7194],[74.0471,18.7172],[74.0469,18.7167],[74.0475,18.7164],[74.0489,18.716],[74.0578,18.713],[74.0608,18.7266],[74.0617,18.7264],[74.0624,18.7291],[74.0618,18.728],[74.0617,18.7264],[74.0613,18.7264],[74.0608,18.7266],[74.0606,18.7221],[74.0578,18.713],[74.0576,18.713],[74.0489,18.716],[74.0481,18.7163],[74.0475,18.7164],[74.0474,18.7164],[74.0473,18.7164],[74.0469,18.7165],[74.05,18.7306],[74.0506,18.7305],[74.0511,18.7302],[74.0514,18.7301],[74.0522,18.7299],[74.0529,18.7295],[74.053,18.7293],[74.0525,18.7287],[74.0526,18.7277],[74.0507,18.7273],[74.0492,18.7263],[74.0498,18.7295],[74.05,18.7307],[74.0501,18.7312],[74.0504,18.7326],[74.0524,18.7439],[74.0528,18.7459],[74.0541,18.7547],[74.0442,18.7784],[74.0382,18.7873],[74.0398,18.8008],[74.0498,18.8021],[74.0512,18.8042],[74.052,18.8159],[74.05,18.8171],[74.0488,18.8205],[74.057,18.8269],[74.0551,18.8295],[74.0515,18.8298]]}},{"type":"Feature","properties":{"id":"transit_route:gtfs_pune_pmpml:241","field":"public_transport","kind":"transit_route","name":"Dhole Patil Collage to Pune Station Ambedkar Putala (UP)","ref":"163","status":"operational","opened_on":null,"expected_completion":null,"agency":"PMPML","source":"gtfs_pune_pmpml","confidence":0.7,"mode":"bus","tier":"secondary","geometry_source":"shape"},"geometry":{"type":"LineString","coordinates":[[73.9617,18.5547],[73.9604,18.5511],[73.9557,18.5514],[73.9551,18.5613],[73.9539,18.5638],[73.9492,18.5638],[73.9501,18.5539],[73.9479,18.5538],[73.9473,18.5484],[73.9452,18.5484],[73.937,18.5507],[73.9385,18.5621],[73.9331,18.5632],[73.918,18.5607],[73.9111,18.5584],[73.9063,18.5552],[73.8965,18.5521],[73.8898,18.546],[73.8848,18.5449],[73.8856,18.5379],[73.8831,18.5354],[73.8796,18.5347],[73.8757,18.5308],[73.8764,18.5234],[73.8711,18.5245],[73.873,18.5271]]}},{"type":"Feature","properties":{"id":"transit_route:gtfs_pune_pmpml:242","field":"public_transport","kind":"transit_route","name":"Pune Station Ambedkar Putala to Dhole Patil Collage (DOWN)","ref":"163","status":"operational","opened_on":null,"expected_completion":null,"agency":"PMPML","source":"gtfs_pune_pmpml","confidence":0.7,"mode":"bus","tier":"secondary","geometry_source":"shape"},"geometry":{"type":"LineString","coordinates":[[73.873,18.5271],[73.8736,18.5283],[73.8762,18.5281],[73.8756,18.5308],[73.884,18.5413],[73.8834,18.5451],[73.8897,18.5462],[73.8962,18.5522],[73.9057,18.5551],[73.9158,18.5603],[73.9259,18.5628],[73.9348,18.5634],[73.9387,18.5622],[73.9372,18.5507],[73.9467,18.5485],[73.9476,18.5539],[73.9501,18.5543],[73.9492,18.5638],[73.9539,18.564],[73.9552,18.5613],[73.9558,18.5514],[73.9603,18.5513],[73.9617,18.5546]]}},{"type":"Feature","properties":{"id":"transit_route:gtfs_pune_pmpml:245","field":"public_transport","kind":"transit_route","name":"Nhavare to Ma Na Pa Shramik Bhavan (UP)","ref":"164","status":"operational","opened_on":null,"expected_completion":null,"agency":"PMPML","source":"gtfs_pune_pmpml","confidence":0.7,"mode":"bus","tier":"secondary","geometry_source":"shape"},"geometry":{"type":"LineString","coordinates":[[74.3715,18.6627],[74.3701,18.6653],[74.3666,18.6642],[74.3555,18.6651],[74.3443,18.6695],[74.3289,18.6714],[74.3129,18.6777],[74.305,18.6799],[74.3002,18.6786],[74.2944,18.6823],[74.2808,18.6851],[74.2773,18.6847],[74.2753,18.6826],[74.2674,18.6836],[74.2561,18.6795],[74.2528,18.6799],[74.237,18.6752],[74.1823,18.6762],[74.1568,18.6692],[74.1565,18.666],[74.1537,18.6658],[74.15,18.6669],[74.1467,18.6706],[74.1428,18.6804],[74.1367,18.6904],[74.1355,18.6919],[74.1323,18.6924],[74.1162,18.6847],[74.0895,18.661],[74.0687,18.6477],[74.0613,18.6457],[74.0571,18.6464],[74.0381,18.6295],[74.0198,18.6165],[74.0134,18.6047],[74.0023,18.5966],[73.9971,18.5892],[73.9922,18.5847],[73.986,18.5813],[73.9778,18.5806],[73.9596,18.5745],[73.9394,18.5622],[73.9345,18.5633],[73.9244,18.5624],[73.9111,18.5584],[73.9063,18.5552],[73.8963,18.552],[73.8898,18.546],[73.8848,18.5449],[73.8856,18.5379],[73.8831,18.5354],[73.8796,18.5347],[73.8757,18.5308],[73.8764,18.5234],[73.8702,18.5239],[73.8634,18.5276],[73.8579,18.5239],[73.8569,18.5253],[73.8562,18.5247]]}},{"type":"Feature","properties":{"id":"transit_route:gtfs_pune_pmpml:246","field":"public_transport","kind":"transit_route","name":"Ma Na Pa Shramik Bhavan to Nhavare (DOWN)","ref":"164","status":"operational","opened_on":null,"expected_completion":null,"agency":"PMPML","source":"gtfs_pune_pmpml","confidence":0.7,"mode":"bus","tier":"secondary","geometry_source":"shape"},"geometry":{"type":"LineString","coordinates":[[73.8561,18.5247],[73.857,18.5255],[73.858,18.5241],[73.8635,18.5279],[73.8711,18.5246],[73.8733,18.5281],[73.8762,18.5281],[73.8756,18.5308],[73.8841,18.5414],[73.8834,18.545],[73.8897,18.5462],[73.8965,18.5523],[73.9242,18.5626],[73.9345,18.5634],[73.9391,18.5623],[73.9599,18.5746],[73.9778,18.5807],[73.9859,18.5813],[73.9911,18.5841],[73.997,18.5892],[74.0023,18.5966],[74.0134,18.6047],[74.0198,18.6166],[74.0379,18.6295],[74.0568,18.6464],[74.0613,18.6458],[74.0687,18.6478],[74.0898,18.6613],[74.1161,18.6848],[74.1322,18.6923],[74.1355,18.6919],[74.1367,18.6904],[74.1428,18.6804],[74.1467,18.6706],[74.15,18.6669],[74.1537,18.6658],[74.1565,18.666],[74.1568,18.6692],[74.1823,18.6762],[74.237,18.6752],[74.2528,18.6799],[74.2561,18.6795],[74.2674,18.6836],[74.2753,18.6826],[74.2773,18.6847],[74.2808,18.6851],[74.2944,18.6823],[74.3002,18.6786],[74.305,18.6799],[74.3129,18.6777],[74.3289,18.6714],[74.3443,18.6695],[74.3555,18.6651],[74.3666,18.6642],[74.3701,18.6653],[74.3715,18.6627]]}},{"type":"Feature","properties":{"id":"transit_route:gtfs_pune_pmpml:247","field":"public_transport","kind":"transit_route","name":"Vadgaon Sheri to Ma Na Pa Dengle Pul Nadikhathi (UP)","ref":"165","status":"operational","opened_on":null,"expected_completion":null,"agency":"PMPML","source":"gtfs_pune_pmpml","confidence":0.7,"mode":"bus","tier":"secondary","geometry_source":"shape"},"geometry":{"type":"LineString","coordinates":[[73.9233,18.5432],[73.9186,18.5495],[73.9183,18.5522],[73.9115,18.5585],[73.9063,18.5552],[73.8963,18.552],[73.8898,18.546],[73.8848,18.5449],[73.8856,18.5379],[73.8831,18.5354],[73.8796,18.5347],[73.8757,18.5308],[73.8764,18.5234],[73.8702,18.5239],[73.8632,18.5276],[73.8579,18.5239],[73.8569,18.5253],[73.8552,18.5237]]}},{"type":"Feature","properties":{"id":"transit_route:gtfs_pune_pmpml:248","field":"public_transport","kind":"transit_route","name":"Ma Na Pa Dengle Pul Nadikathi to Vadgaon Sheri (DOWN)","ref":"165","status":"operational","opened_on":null,"expected_completion":null,"agency":"PMPML","source":"gtfs_pune_pmpml","confidence":0.7,"mode":"bus","tier":"secondary","geometry_source":"shape"},"geometry":{"type":"LineString","coordinates":[[73.8552,18.5237],[73.857,18.5255],[73.858,18.5241],[73.8635,18.5279],[73.8711,18.5246],[73.8733,18.5281],[73.8762,18.5281],[73.8756,18.5308],[73.8841,18.5414],[73.8834,18.5451],[73.8897,18.5462],[73.8962,18.5522],[73.9057,18.5551],[73.9105,18.5584],[73.9149,18.5599],[73.9115,18.5584],[73.9183,18.5522],[73.9186,18.5495],[73.9233,18.5431]]}},{"type":"Feature","properties":{"id":"transit_route:gtfs_pune_pmpml:255","field":"public_transport","kind":"transit_route","name":"Lohgaon Airport to Pune Station Ambedkar Putala (UP)","ref":"166","status":"operational","opened_on":null,"expected_completion":null,"agency":"PMPML","source":"gtfs_pune_pmpml","confidence":0.7,"mode":"bus","tier":"secondary","geometry_source":"shape"},"geometry":{"type":"LineString","coordinates":[[73.9079,18.5782],[73.9077,18.5754],[73.9125,18.5746],[73.9109,18.5683],[73.9186,18.5675],[73.9183,18.5612],[73.9247,18.5627],[73.9253,18.5626],[73.9116,18.5586],[73.9063,18.5552],[73.8965,18.5521],[73.8898,18.546],[73.8848,18.5449],[73.8856,18.5379],[73.8831,18.5354],[73.8796,18.5347],[73.8757,18.5308],[73.8764,18.5234],[73.8711,18.5245],[73.873,18.5271]]}},{"type":"Feature","properties":{"id":"transit_route:gtfs_pune_pmpml:256","field":"public_transport","kind":"transit_route","name":"Pune Station Ambedkar Putala to Lohegaon Airport (DOWN)","ref":"166","status":"operational","opened_on":null,"expected_completion":null,"agency":"PMPML","source":"gtfs_pune_pmpml","confidence":0.7,"mode":"bus","tier":"secondary","geometry_source":"shape"},"geometry":{"type":"LineString","coordinates":[[73.873,18.5271],[73.8736,18.5283],[73.8762,18.5281],[73.8756,18.5308],[73.884,18.5413],[73.8834,18.5451],[73.8897,18.5462],[73.8962,18.5522],[73.9182,18.561],[73.9182,18.5651],[73.9069,18.5651],[73.9068,18.5684],[73.9109,18.5683],[73.9125,18.5746],[73.9076,18.5754],[73.908,18.578]]}},{"type":"Feature","properties":{"id":"transit_route:gtfs_pune_pmpml:259","field":"public_transport","kind":"transit_route","name":"Kesnand Phata Wagholi to Bhekrai Nagar (UP)","ref":"167","status":"operational","opened_on":null,"expected_completion":null,"agency":"PMPML","source":"gtfs_pune_pmpml","confidence":0.7,"mode":"bus","tier":"secondary","geometry_source":"shape"},"geometry":{"type":"LineString","coordinates":[[73.9874,18.5812],[73.9778,18.5806],[73.9599,18.5746],[73.9387,18.5619],[73.9373,18.5513],[73.9323,18.5315],[73.9324,18.5117],[73.9279,18.5062],[73.9276,18.5026],[73.9393,18.5007],[73.9473,18.4937],[73.9539,18.4837]]}},{"type":"Feature","properties":{"id":"transit_route:gtfs_pune_pmpml:262","field":"public_transport","kind":"transit_route","name":"Bhekrai Nagar to Wagholi Kesnand Phata (DOWN)","ref":"167","status":"operational","opened_on":null,"expected_completion":null,"agency":"PMPML","source":"gtfs_pune_pmpml","confidence":0.7,"mode":"bus","tier":"secondary","geometry_source":"shape"},"geometry":{"type":"LineString","coordinates":[[73.9539,18.4837],[73.9472,18.4937],[73.9381,18.5008],[73.9274,18.5025],[73.9278,18.5063],[73.9324,18.5117],[73.9322,18.5316],[73.9371,18.5513],[73.9385,18.5622],[73.9599,18.5746],[73.9778,18.5807],[73.9866,18.5816]]}},{"type":"Feature","properties":{"id":"transit_route:gtfs_pune_pmpml:265","field":"public_transport","kind":"transit_route","name":"Keshav Nagar to Shaniwarwada Stand (UP)","ref":"168","status":"operational","opened_on":null,"expected_completion":null,"agency":"PMPML","source":"gtfs_pune_pmpml","confidence":0.7,"mode":"bus","tier":"secondary","geometry_source":"shape"},"geometry":{"type":"LineString","coordinates":[[73.9445,18.5348],[73.9371,18.532],[73.9265,18.5342],[73.9203,18.5334],[73.9139,18.5311],[73.9114,18.5307],[73.9066,18.5296],[73.9062,18.5292],[73.906,18.5292],[73.9026,18.5297],[73.9031,18.5297],[73.9059,18.5293],[73.906,18.5293],[73.9061,18.5292],[73.9062,18.5292],[73.907,18.5064],[73.8848,18.5066],[73.8839,18.5064],[73.883,18.5054],[73.8794,18.503],[73.8788,18.5028],[73.8792,18.507],[73.8822,18.5065],[73.8823,18.5049],[73.8788,18.5028],[73.8785,18.5056],[73.8799,18.5136],[73.8788,18.5136],[73.8792,18.5184],[73.8754,18.5196],[73.8763,18.5234],[73.8702,18.5239],[73.8632,18.5276],[73.8558,18.5218]]}},{"type":"Feature","properties":{"id":"transit_route:gtfs_pune_pmpml:266","field":"public_transport","kind":"transit_route","name":"Shaniwarwada Stand to Keshav Nagar (DOWN)","ref":"168","status":"operational","opened_on":null,"expected_completion":null,"agency":"PMPML","source":"gtfs_pune_pmpml","confidence":0.7,"mode":"bus","tier":"secondary","geometry_source":"shape"},"geometry":{"type":"LineString","coordinates":[[73.8557,18.5219],[73.8634,18.5279],[73.8701,18.5242],[73.8767,18.525],[73.8754,18.5196],[73.8797,18.5183],[73.8793,18.507],[73.9069,18.5065],[73.9061,18.5289],[73.9026,18.5297],[73.9061,18.5293],[73.9265,18.5343],[73.9371,18.532],[73.9445,18.5348]]}},{"type":"Feature","properties":{"id":"transit_route:gtfs_pune_pmpml:267","field":"public_transport","kind":"transit_route","name":"Keshav Nagar to Shaniwarwada Stand (UP)","ref":"169","status":"operational","opened_on":null,"expected_completion":null,"agency":"PMPML","source":"gtfs_pune_pmpml","confidence":0.7,"mode":"bus","tier":"secondary","geometry_source":"shape"},"geometry":{"type":"LineString","coordinates":[[73.9445,18.5348],[73.9371,18.532],[73.9269,18.5343],[73.9172,18.5323],[73.9036,18.5391],[73.8855,18.5394],[73.8843,18.5363],[73.8796,18.5347],[73.8757,18.5308],[73.8764,18.5234],[73.8702,18.5239],[73.8632,18.5276],[73.8558,18.5218]]}},{"type":"Feature","properties":{"id":"transit_route:gtfs_pune_pmpml:270","field":"public_transport","kind":"transit_route","name":"Shaniwarwada Stand to Keshav Nagar (DOWN)","ref":"169","status":"operational","opened_on":null,"expected_completion":null,"agency":"PMPML","source":"gtfs_pune_pmpml","confidence":0.7,"mode":"bus","tier":"secondary","geometry_source":"shape"},"geometry":{"type":"LineString","coordinates":[[73.8557,18.5219],[73.8634,18.5279],[73.8701,18.5242],[73.8765,18.5249],[73.8756,18.5308],[73.8789,18.5338],[73.8802,18.5355],[73.8819,18.5382],[73.8831,18.5399],[73.8838,18.541],[73.8851,18.5413],[73.8854,18.541],[73.8856,18.538],[73.8855,18.538],[73.8854,18.5394],[73.8831,18.5399],[73.8837,18.5409],[73.8838,18.541],[73.8839,18.541],[73.8851,18.5413],[73.8852,18.5411],[73.8854,18.541],[73.8855,18.5394],[73.9032,18.5392],[73.9172,18.5324],[73.9269,18.5343],[73.9371,18.532],[73.9445,18.5348]]}},{"type":"Feature","properties":{"id":"transit_route:gtfs_pune_pmpml:279","field":"public_transport","kind":"transit_route","name":"Pune Station Jayprakash Stand to Yewalewadi (UP)","ref":"172","status":"operational","opened_on":null,"expected_completion":null,"agency":"PMPML","source":"gtfs_pune_pmpml","confidence":0.7,"mode":"bus","tier":"secondary","geometry_source":"shape"},"geometry":{"type":"LineString","coordinates":[[73.8746,18.5272],[73.8763,18.5282],[73.8764,18.5234],[73.871,18.5244],[73.8702,18.524],[73.8726,18.5205],[73.8684,18.5196],[73.8683,18.5096],[73.8693,18.4928],[73.8718,18.4825],[73.8769,18.4658],[73.8832,18.4568],[73.8783,18.4566],[73.8795,18.4511],[73.8809,18.4512],[73.8813,18.451],[73.8814,18.4506],[73.8766,18.45],[73.8809,18.4512],[73.8841,18.451],[73.8866,18.4413],[73.8902,18.4349],[73.8964,18.4363],[73.8961,18.4372]]}},{"type":"Feature","properties":{"id":"transit_route:gtfs_pune_pmpml:280","field":"public_transport","kind":"transit_route","name":"Yewalewadi to Pune Station Jayprakash Stand (DOWN)","ref":"172","status":"operational","opened_on":null,"expected_completion":null,"agency":"PMPML","source":"gtfs_pune_pmpml","confidence":0.7,"mode":"bus","tier":"secondary","geometry_source":"shape"},"geometry":{"type":"LineString","coordinates":[[73.8961,18.4371],[73.8964,18.4363],[73.8902,18.4355],[73.8866,18.4413],[73.8841,18.4509],[73.8766,18.45],[73.8794,18.451],[73.8783,18.4566],[73.8832,18.4568],[73.8769,18.4658],[73.8693,18.4927],[73.8682,18.5196],[73.8725,18.5205],[73.8701,18.5242],[73.8767,18.525],[73.8763,18.5275],[73.874,18.5272]]}},{"type":"Feature","properties":{"id":"transit_route:gtfs_pune_pmpml:281","field":"public_transport","kind":"transit_route","name":"Nda 10 No. Gate to Pune Station Moledina Stand (UP)","ref":"174","status":"operational","opened_on":null,"expected_completion":null,"agency":"PMPML","source":"gtfs_pune_pmpml","confidence":0.7,"mode":"bus","tier":"secondary","geometry_source":"shape"},"geometry":{"type":"LineString","coordinates":[[73.763,18.4493],[73.7668,18.4523],[73.7673,18.4553],[73.7707,18.4576],[73.7731,18.4611],[73.7736,18.4646],[73.7776,18.4667],[73.7827,18.4662],[73.801,18.4803],[73.8057,18.4804],[73.8097,18.4836],[73.815,18.49],[73.8151,18.493],[73.8132,18.4948],[73.8134,18.4999],[73.8146,18.5016],[73.8424,18.5146],[73.8439,18.5128],[73.8538,18.5137],[73.8553,18.521],[73.8562,18.5185],[73.8615,18.5192],[73.8618,18.5161],[73.8648,18.5154],[73.8789,18.5176],[73.8792,18.5184],[73.8716,18.5209],[73.8701,18.5241],[73.873,18.5276]]}},{"type":"Feature","properties":{"id":"transit_route:gtfs_pune_pmpml:282","field":"public_transport","kind":"transit_route","name":"Pune Station Moledina Stand to Nda 10 No. Gate (DOWN)","ref":"174","status":"operational","opened_on":null,"expected_completion":null,"agency":"PMPML","source":"gtfs_pune_pmpml","confidence":0.7,"mode":"bus","tier":"secondary","geometry_source":"shape"},"geometry":{"type":"LineString","coordinates":[[73.873,18.5271],[73.8736,18.5283],[73.8763,18.5282],[73.8768,18.5248],[73.8754,18.5196],[73.8797,18.5183],[73.8799,18.5137],[73.8734,18.5166],[73.8694,18.5154],[73.8567,18.5157],[73.8437,18.5127],[73.8422,18.5143],[73.8265,18.5062],[73.8155,18.502],[73.8138,18.4998],[73.8133,18.4948],[73.8152,18.4931],[73.8151,18.4899],[73.8097,18.4836],[73.8056,18.4803],[73.801,18.4802],[73.7827,18.4662],[73.7776,18.4667],[73.7736,18.4646],[73.7731,18.4611],[73.7707,18.4576],[73.7673,18.4553],[73.7668,18.4523],[73.7631,18.4494]]}},{"type":"Feature","properties":{"id":"transit_route:gtfs_pune_pmpml:285","field":"public_transport","kind":"transit_route","name":"Hadapsar Gadital to Shaniwarwada Stand (UP)","ref":"175","status":"operational","opened_on":null,"expected_completion":null,"agency":"PMPML","source":"gtfs_pune_pmpml","confidence":0.7,"mode":"bus","tier":"secondary","geometry_source":"shape"},"geometry":{"type":"LineString","coordinates":[[73.939,18.4999],[73.9214,18.5039],[73.9218,18.5057],[73.9179,18.5068],[73.9183,18.5095],[73.9152,18.5144],[73.9157,18.5197],[73.9097,18.5198],[73.9095,18.5288],[73.9062,18.5291],[73.907,18.5064],[73.8848,18.5066],[73.8788,18.5028],[73.8799,18.5136],[73.8788,18.5136],[73.8792,18.5184],[73.8754,18.5196],[73.8763,18.5234],[73.8702,18.5239],[73.8632,18.5276],[73.8558,18.5218]]}},{"type":"Feature","properties":{"id":"transit_route:gtfs_pune_pmpml:286","field":"public_transport","kind":"transit_route","name":"Shaniwarwada Stand to Hadapsar Gadital (DOWN)","ref":"175","status":"operational","opened_on":null,"expected_completion":null,"agency":"PMPML","source":"gtfs_pune_pmpml","confidence":0.7,"mode":"bus","tier":"secondary","geometry_source":"shape"},"geometry":{"type":"LineString","coordinates":[[73.8557,18.5219],[73.8634,18.5279],[73.8701,18.5242],[73.8767,18.525],[73.8754,18.5196],[73.8797,18.5183],[73.8793,18.507],[73.9069,18.5065],[73.906,18.5292],[73.9095,18.5288],[73.9097,18.5198],[73.9157,18.5197],[73.9152,18.5144],[73.9183,18.5095],[73.918,18.5068],[73.9218,18.5057],[73.9215,18.5041],[73.9394,18.5002]]}},{"type":"Feature","properties":{"id":"transit_route:gtfs_pune_pmpml:287","field":"public_transport","kind":"transit_route","name":"Vadachi Wadi to Pune Station Depot (UP)","ref":"176","status":"operational","opened_on":null,"expected_completion":null,"agency":"PMPML","source":"gtfs_pune_pmpml","confidence":0.7,"mode":"bus","tier":"secondary","geometry_source":"shape"},"geometry":{"type":"LineString","coordinates":[[73.9178,18.4345],[73.9185,18.4397],[73.917,18.4501],[73.9122,18.4587],[73.9142,18.4628],[73.9033,18.4636],[73.8984,18.4747],[73.8939,18.4776],[73.8904,18.4778],[73.8893,18.4743],[73.8912,18.4735],[73.8913,18.4694],[73.8889,18.4695],[73.889,18.4724],[73.8891,18.4725],[73.8891,18.4732],[73.8896,18.4761],[73.8912,18.4821],[73.889,18.4859],[73.8945,18.4903],[73.8954,18.4987],[73.8843,18.5065],[73.883,18.5054],[73.8794,18.503],[73.8787,18.5029],[73.8792,18.507],[73.8822,18.5065],[73.8823,18.5049],[73.8787,18.5029],[73.8785,18.5056],[73.8801,18.5106],[73.8799,18.5137],[73.8788,18.5136],[73.8792,18.5184],[73.8719,18.5207],[73.8701,18.5241],[73.8736,18.5283],[73.8764,18.5274]]}},{"type":"Feature","properties":{"id":"transit_route:gtfs_pune_pmpml:288","field":"public_transport","kind":"transit_route","name":"Pune Station Depot to Vadachi Wadi (DOWN)","ref":"176","status":"operational","opened_on":null,"expected_completion":null,"agency":"PMPML","source":"gtfs_pune_pmpml","confidence":0.7,"mode":"bus","tier":"secondary","geometry_source":"shape"},"geometry":{"type":"LineString","coordinates":[[73.8765,18.5271],[73.8768,18.525],[73.8768,18.5248],[73.8768,18.5247],[73.8764,18.5234],[73.8724,18.5244],[73.8724,18.5245],[73.8765,18.5249],[73.8766,18.525],[73.8767,18.525],[73.8768,18.525],[73.8768,18.5248],[73.8764,18.5234],[73.8763,18.5222],[73.8754,18.5196],[73.8797,18.5183],[73.8793,18.507],[73.8843,18.5065],[73.8959,18.4989],[73.8946,18.4903],[73.8892,18.4859],[73.8913,18.4821],[73.8911,18.4801],[73.8905,18.478],[73.8904,18.4779],[73.8902,18.4774],[73.8901,18.4774],[73.8901,18.4773],[73.8899,18.477],[73.8898,18.4767],[73.8896,18.4761],[73.8891,18.4732],[73.889,18.4695],[73.8913,18.4694],[73.8912,18.4735],[73.8893,18.4743],[73.8896,18.4761],[73.8897,18.4766],[73.8898,18.4767],[73.8901,18.4773],[73.8901,18.4774],[73.8901,18.4775],[73.8903,18.4779],[73.8904,18.4779],[73.8906,18.4778],[73.8922,18.4779],[73.8939,18.4776],[73.8984,18.4747],[73.9033,18.4636],[73.9142,18.4628],[73.9121,18.4588],[73.917,18.4501],[73.9185,18.4387]]}},{"type":"Feature","properties":{"id":"transit_route:gtfs_pune_pmpml:291","field":"public_transport","kind":"transit_route","name":"Bhangire Nagar Mahamadwadi to Pune Station Depot (UP)","ref":"177","status":"operational","opened_on":null,"expected_completion":null,"agency":"PMPML","source":"gtfs_pune_pmpml","confidence":0.7,"mode":"bus","tier":"secondary","geometry_source":"shape"},"geometry":{"type":"LineString","coordinates":[[73.9153,18.471],[73.9099,18.4722],[73.9079,18.4777],[73.9019,18.4774],[73.9015,18.4807],[73.9014,18.4813],[73.9036,18.4813],[73.9046,18.4812],[73.9046,18.481],[73.9036,18.4813],[73.9007,18.4814],[73.9003,18.4859],[73.8998,18.4937],[73.901,18.5049],[73.9023,18.5049],[73.9023,18.5065],[73.8848,18.5066],[73.8839,18.5064],[73.883,18.5054],[73.8794,18.503],[73.8787,18.5029],[73.8792,18.507],[73.8822,18.5065],[73.8823,18.5049],[73.8787,18.5029],[73.8785,18.5056],[73.8801,18.5106],[73.8799,18.5137],[73.8788,18.5136],[73.8792,18.5184],[73.8719,18.5207],[73.8701,18.5241],[73.8718,18.5245],[73.8736,18.5283],[73.8764,18.5274]]}},{"type":"Feature","properties":{"id":"transit_route:gtfs_pune_pmpml:292","field":"public_transport","kind":"transit_route","name":"Pune Station Depot to Bhangire Nagar Mahamadwadi (DOWN)","ref":"177","status":"operational","opened_on":null,"expected_completion":null,"agency":"PMPML","source":"gtfs_pune_pmpml","confidence":0.7,"mode":"bus","tier":"secondary","geometry_source":"shape"},"geometry":{"type":"LineString","coordinates":[[73.8764,18.5274],[73.8768,18.525],[73.8768,18.5248],[73.8768,18.5247],[73.8764,18.5234],[73.8724,18.5244],[73.8724,18.5245],[73.8765,18.5249],[73.8766,18.525],[73.8767,18.525],[73.8768,18.525],[73.8768,18.5248],[73.8764,18.5234],[73.8763,18.5222],[73.8754,18.5196],[73.8797,18.5183],[73.8793,18.507],[73.907,18.5065],[73.9011,18.5065],[73.8998,18.4935],[73.9007,18.4814],[73.9025,18.4812],[73.9036,18.4813],[73.9046,18.4812],[73.9046,18.4809],[73.9015,18.4813],[73.9024,18.4807],[73.9019,18.4775],[73.9079,18.4777],[73.91,18.4723],[73.9153,18.471]]}},{"type":"Feature","properties":{"id":"transit_route:gtfs_pune_pmpml:293","field":"public_transport","kind":"transit_route","name":"Lohegaon Khandoba Mal to Hadapsar Gadital (UP)","ref":"179","status":"operational","opened_on":null,"expected_completion":null,"agency":"PMPML","source":"gtfs_pune_pmpml","confidence":0.7,"mode":"bus","tier":"secondary","geometry_source":"shape"},"geometry":{"type":"LineString","coordinates":[[73.9275,18.6085],[73.9276,18.6031],[73.923,18.5937],[73.9175,18.5921],[73.912,18.5868],[73.9052,18.5853],[73.9025,18.5831],[73.9039,18.5787],[73.9081,18.5782],[73.9077,18.5754],[73.9125,18.5746],[73.9109,18.5683],[73.9186,18.5675],[73.9183,18.561],[73.9336,18.5634],[73.9387,18.5622],[73.9373,18.5513],[73.9323,18.5315],[73.9324,18.5117],[73.9279,18.5062],[73.9276,18.5027],[73.9391,18.5001]]}},{"type":"Feature","properties":{"id":"transit_route:gtfs_pune_pmpml:294","field":"public_transport","kind":"transit_route","name":"Hadapsar Gadital to Lohegaon Khandoba Mal (DOWN)","ref":"179","status":"operational","opened_on":null,"expected_completion":null,"agency":"PMPML","source":"gtfs_pune_pmpml","confidence":0.7,"mode":"bus","tier":"secondary","geometry_source":"shape"},"geometry":{"type":"LineString","coordinates":[[73.939,18.4999],[73.9274,18.5025],[73.9278,18.5063],[73.9324,18.5117],[73.9322,18.5316],[73.9371,18.5513],[73.9385,18.5621],[73.935,18.5633],[73.9253,18.5626],[73.9153,18.5599],[73.9182,18.561],[73.9182,18.5651],[73.9164,18.5652],[73.914,18.5652],[73.9143,18.5679],[73.9157,18.5678],[73.9153,18.5652],[73.9139,18.5652],[73.9093,18.5651],[73.9087,18.5651],[73.9086,18.565],[73.9069,18.5651],[73.9068,18.5684],[73.9109,18.5683],[73.9125,18.5746],[73.9076,18.5754],[73.908,18.5781],[73.9038,18.5785],[73.9025,18.5831],[73.9052,18.5853],[73.912,18.5868],[73.9175,18.5921],[73.923,18.5937],[73.9276,18.6031],[73.9274,18.6084]]}},{"type":"Feature","properties":{"id":"transit_route:gtfs_pune_pmpml:297","field":"public_transport","kind":"transit_route","name":"Narhegaon to Shivaji Nagar (UP)","ref":"17","status":"operational","opened_on":null,"expected_completion":null,"agency":"PMPML","source":"gtfs_pune_pmpml","confidence":0.7,"mode":"bus","tier":"secondary","geometry_source":"shape"},"geometry":{"type":"LineString","coordinates":[[73.8298,18.4478],[73.8289,18.4494],[73.8298,18.4514],[73.8285,18.4531],[73.8205,18.4537],[73.8193,18.4567],[73.8147,18.4596],[73.8126,18.4596],[73.8127,18.4611],[73.8199,18.4692],[73.829,18.4878],[73.8384,18.4961],[73.8467,18.5013],[73.8513,18.4991],[73.8538,18.4998],[73.8543,18.4972],[73.8578,18.4967],[73.8583,18.5003],[73.8542,18.5014],[73.8538,18.5026],[73.8538,18.5156],[73.855,18.5217],[73.8496,18.5302],[73.8446,18.5314],[73.8474,18.5308],[73.8492,18.5329],[73.8498,18.531]]}},{"type":"Feature","properties":{"id":"transit_route:gtfs_pune_pmpml:298","field":"public_transport","kind":"transit_route","name":"Shivaji Nagar to Narhegaon (DOWN)","ref":"17","status":"operational","opened_on":null,"expected_completion":null,"agency":"PMPML","source":"gtfs_pune_pmpml","confidence":0.7,"mode":"bus","tier":"secondary","geometry_source":"shape"},"geometry":{"type":"LineString","coordinates":[[73.8498,18.531],[73.8525,18.5293],[73.8513,18.5274],[73.8561,18.5202],[73.859,18.5044],[73.8581,18.4966],[73.8581,18.5005],[73.8541,18.5013],[73.8539,18.4997],[73.8514,18.499],[73.8467,18.5012],[73.8385,18.496],[73.8291,18.4877],[73.82,18.4692],[73.8127,18.4611],[73.8136,18.4614],[73.8126,18.4596],[73.8147,18.4596],[73.8193,18.4567],[73.8205,18.4537],[73.8285,18.4531],[73.8298,18.4514],[73.8294,18.4479]]}},{"type":"Feature","properties":{"id":"transit_route:gtfs_pune_pmpml:299","field":"public_transport","kind":"transit_route","name":"Bhekrai Nagar to Na Ta Wadi (UP)","ref":"180","status":"operational","opened_on":null,"expected_completion":null,"agency":"PMPML","source":"gtfs_pune_pmpml","confidence":0.7,"mode":"bus","tier":"secondary","geometry_source":"shape"},"geometry":{"type":"LineString","coordinates":[[73.9539,18.4837],[73.9472,18.4937],[73.9381,18.5008],[73.9296,18.5017],[73.9138,18.5061],[73.8848,18.5066],[73.8839,18.5064],[73.883,18.5054],[73.8794,18.503],[73.8788,18.5028],[73.8793,18.507],[73.8822,18.5065],[73.8823,18.5049],[73.8794,18.503],[73.8786,18.5028],[73.8692,18.5013],[73.8682,18.5196],[73.8545,18.5186],[73.8552,18.5213],[73.8532,18.5258],[73.8496,18.5302],[73.8446,18.5314],[73.8474,18.5308],[73.8492,18.5329],[73.8497,18.5314],[73.8497,18.5313],[73.8498,18.5313],[73.8497,18.5312],[73.8507,18.5316],[73.8498,18.535],[73.8488,18.5348]]}},{"type":"Feature","properties":{"id":"transit_route:gtfs_pune_pmpml:300","field":"public_transport","kind":"transit_route","name":"Na Ta Wadi to Bhekrai Nagar (DOWN)","ref":"180","status":"operational","opened_on":null,"expected_completion":null,"agency":"PMPML","source":"gtfs_pune_pmpml","confidence":0.7,"mode":"bus","tier":"secondary","geometry_source":"shape"},"geometry":{"type":"LineString","coordinates":[[73.8488,18.5348],[73.8498,18.5303],[73.8525,18.5293],[73.8513,18.5274],[73.8533,18.5258],[73.8562,18.5185],[73.8646,18.5203],[73.8684,18.5196],[73.8692,18.5016],[73.8786,18.5028],[73.8793,18.507],[73.8925,18.5062],[73.8981,18.5072],[73.9138,18.5062],[73.9296,18.5019],[73.9389,18.5009],[73.9473,18.4937],[73.9539,18.4837]]}},{"type":"Feature","properties":{"id":"transit_route:gtfs_pune_pmpml:311","field":"public_transport","kind":"transit_route","name":"Wagholi Kesnand Phata to Hadapsar Gadital Solapur Road (UP)","ref":"183","status":"operational","opened_on":null,"expected_completion":null,"agency":"PMPML","source":"gtfs_pune_pmpml","confidence":0.7,"mode":"bus","tier":"secondary","geometry_source":"shape"},"geometry":{"type":"LineString","coordinates":[[73.9866,18.5816],[73.9931,18.5783],[74.0221,18.5729],[74.0212,18.5696],[74.023,18.5616],[74.0299,18.5462],[74.0325,18.5344],[74.0343,18.5326],[74.0343,18.5287],[74.0387,18.5289],[74.0425,18.5228],[74.0462,18.5229],[74.0471,18.5215],[74.0452,18.5166],[74.0448,18.5019],[74.0457,18.4981],[74.0508,18.4978],[74.0518,18.4887],[74.0234,18.4889],[73.9393,18.5007]]}},{"type":"Feature","properties":{"id":"transit_route:gtfs_pune_pmpml:312","field":"public_transport","kind":"transit_route","name":"Hadapsar Gadital Solapur Road to Wagholi Kesnand Phata (DOWN)","ref":"183","status":"operational","opened_on":null,"expected_completion":null,"agency":"PMPML","source":"gtfs_pune_pmpml","confidence":0.7,"mode":"bus","tier":"secondary","geometry_source":"shape"},"geometry":{"type":"LineString","coordinates":[[73.9393,18.5008],[74.0233,18.4891],[74.0517,18.4888],[74.0508,18.4978],[74.0457,18.4981],[74.0448,18.502],[74.0452,18.5166],[74.0471,18.5215],[74.0462,18.5229],[74.0425,18.5228],[74.0387,18.5289],[74.0343,18.5287],[74.0343,18.5326],[74.0325,18.5344],[74.0299,18.5461],[74.023,18.5616],[74.0212,18.5696],[74.0221,18.5729],[73.9931,18.5783],[73.9864,18.5814]]}},{"type":"Feature","properties":{"id":"transit_route:gtfs_pune_pmpml:313","field":"public_transport","kind":"transit_route","name":"Ramdara to Hadapsar Gadital Solapur Road (UP)","ref":"184","status":"operational","opened_on":null,"expected_completion":null,"agency":"PMPML","source":"gtfs_pune_pmpml","confidence":0.7,"mode":"bus","tier":"secondary","geometry_source":"shape"},"geometry":{"type":"LineString","coordinates":[[74.0209,18.4647],[74.0189,18.4682],[74.0262,18.477],[74.0253,18.4839],[74.0275,18.4889],[73.9393,18.5007]]}},{"type":"Feature","properties":{"id":"transit_route:gtfs_pune_pmpml:314","field":"public_transport","kind":"transit_route","name":"Hadapsar Gadital Solapur Road to Ramdara (DOWN)","ref":"184","status":"operational","opened_on":null,"expected_completion":null,"agency":"PMPML","source":"gtfs_pune_pmpml","confidence":0.7,"mode":"bus","tier":"secondary","geometry_source":"shape"},"geometry":{"type":"LineString","coordinates":[[73.9393,18.5008],[74.0275,18.489],[74.0253,18.4839],[74.0262,18.477],[74.0189,18.4682],[74.0209,18.4647]]}},{"type":"Feature","properties":{"id":"transit_route:gtfs_pune_pmpml:315","field":"public_transport","kind":"transit_route","name":"Kesnand Phata Wagholi to Hadapsar Gadital (UP)","ref":"185","status":"operational","opened_on":null,"expected_completion":null,"agency":"PMPML","source":"gtfs_pune_pmpml","confidence":0.7,"mode":"bus","tier":"secondary","geometry_source":"shape"},"geometry":{"type":"LineString","coordinates":[[73.9874,18.5812],[73.9847,18.5807],[73.9865,18.5776],[73.9876,18.5711],[73.9874,18.5584],[73.9902,18.5419],[73.9911,18.528],[73.9903,18.526],[73.9883,18.5239],[73.9857,18.5246],[73.9844,18.5225],[73.9697,18.5128],[73.9546,18.5073],[73.9541,18.5036],[73.9514,18.4991],[73.9396,18.5002]]}},{"type":"Feature","properties":{"id":"transit_route:gtfs_pune_pmpml:316","field":"public_transport","kind":"transit_route","name":"Hadapsar Gadital to Wagholi Kesnand Phata (DOWN)","ref":"185","status":"operational","opened_on":null,"expected_completion":null,"agency":"PMPML","source":"gtfs_pune_pmpml","confidence":0.7,"mode":"bus","tier":"secondary","geometry_source":"shape"},"geometry":{"type":"LineString","coordinates":[[73.939,18.4999],[73.9385,18.5009],[73.9515,18.4992],[73.9541,18.5036],[73.9546,18.5074],[73.9697,18.5129],[73.9848,18.5229],[73.9857,18.5246],[73.9883,18.5239],[73.9903,18.526],[73.9911,18.528],[73.9902,18.5419],[73.9874,18.5584],[73.9876,18.5711],[73.9865,18.5776],[73.9845,18.5809],[73.9866,18.5816]]}},{"type":"Feature","properties":{"id":"transit_route:gtfs_pune_pmpml:321","field":"public_transport","kind":"transit_route","name":"Katraj Kondhwa Road to Hadapsar Gadital (UP)","ref":"188","status":"operational","opened_on":null,"expected_completion":null,"agency":"PMPML","source":"gtfs_pune_pmpml","confidence":0.7,"mode":"bus","tier":"secondary","geometry_source":"shape"},"geometry":{"type":"LineString","coordinates":[[73.8598,18.4478],[73.88,18.4509],[73.8856,18.4539],[73.9049,18.449],[73.9168,18.4505],[73.9387,18.4574],[73.9459,18.4575],[73.9557,18.4664],[73.9625,18.4653],[73.9523,18.4871],[73.9472,18.4937],[73.939,18.4999]]}},{"type":"Feature","properties":{"id":"transit_route:gtfs_pune_pmpml:322","field":"public_transport","kind":"transit_route","name":"Hadapsar Gadital to Katraj Kondhwa Road (DOWN)","ref":"188","status":"operational","opened_on":null,"expected_completion":null,"agency":"PMPML","source":"gtfs_pune_pmpml","confidence":0.7,"mode":"bus","tier":"secondary","geometry_source":"shape"},"geometry":{"type":"LineString","coordinates":[[73.9394,18.4999],[73.9473,18.4937],[73.9523,18.4873],[73.9625,18.4653],[73.9556,18.4664],[73.9464,18.4576],[73.9386,18.4573],[73.9187,18.4508],[73.9053,18.4489],[73.8985,18.4511],[73.8887,18.4516],[73.8885,18.4527],[73.891,18.4525],[73.8907,18.457],[73.8868,18.4553],[73.8866,18.4539],[73.8893,18.4529],[73.8885,18.4527],[73.8887,18.4516],[73.8864,18.4512],[73.882,18.4506],[73.8794,18.4503],[73.8785,18.4503],[73.8775,18.4501],[73.8772,18.4501],[73.8768,18.45],[73.8766,18.45],[73.8838,18.4529],[73.8841,18.4509],[73.8794,18.4503],[73.8786,18.4503],[73.8785,18.4503],[73.878,18.4502],[73.8775,18.4501],[73.8772,18.4501],[73.8762,18.45],[73.8738,18.4496],[73.8715,18.4496],[73.8675,18.4482],[73.8587,18.4476]]}},{"type":"Feature","properties":{"id":"transit_route:gtfs_pune_pmpml:323","field":"public_transport","kind":"transit_route","name":"Dhangar Vasti to Hadapsar Gadital (UP)","ref":"189","status":"operational","opened_on":null,"expected_completion":null,"agency":"PMPML","source":"gtfs_pune_pmpml","confidence":0.7,"mode":"bus","tier":"secondary","geometry_source":"shape"},"geometry":{"type":"LineString","coordinates":[[73.9559,18.4494],[73.9561,18.4561],[73.963,18.4563],[73.9654,18.4594],[73.9523,18.4871],[73.9472,18.4937],[73.939,18.4999]]}},{"type":"Feature","properties":{"id":"transit_route:gtfs_pune_pmpml:324","field":"public_transport","kind":"transit_route","name":"Hadapsar Gadital to Dhangar Vasti (DOWN)","ref":"189","status":"operational","opened_on":null,"expected_completion":null,"agency":"PMPML","source":"gtfs_pune_pmpml","confidence":0.7,"mode":"bus","tier":"secondary","geometry_source":"shape"},"geometry":{"type":"LineString","coordinates":[[73.9394,18.4999],[73.9473,18.4937],[73.9523,18.4873],[73.9654,18.4594],[73.963,18.4563],[73.9561,18.4561],[73.9559,18.4493]]}},{"type":"Feature","properties":{"id":"transit_route:gtfs_pune_pmpml:327","field":"public_transport","kind":"transit_route","name":"Vadachi Wadi to Hadapsar Gadital (UP)","ref":"192","status":"operational","opened_on":null,"expected_completion":null,"agency":"PMPML","source":"gtfs_pune_pmpml","confidence":0.7,"mode":"bus","tier":"secondary","geometry_source":"shape"},"geometry":{"type":"LineString","coordinates":[[73.9185,18.4387],[73.917,18.4501],[73.9128,18.4567],[73.9124,18.4598],[73.9158,18.4649],[73.9213,18.4686],[73.9256,18.4782],[73.929,18.4817],[73.9307,18.4858],[73.9317,18.4856],[73.9319,18.4888],[73.9278,18.493],[73.932,18.4913],[73.9336,18.5016],[73.9391,18.5001]]}},{"type":"Feature","properties":{"id":"transit_route:gtfs_pune_pmpml:328","field":"public_transport","kind":"transit_route","name":"Hadapsar Gadital to Vadachi Wadi (DOWN)","ref":"192","status":"operational","opened_on":null,"expected_completion":null,"agency":"PMPML","source":"gtfs_pune_pmpml","confidence":0.7,"mode":"bus","tier":"secondary","geometry_source":"shape"},"geometry":{"type":"LineString","coordinates":[[73.939,18.4999],[73.9346,18.5012],[73.932,18.4912],[73.9279,18.4929],[73.9319,18.4887],[73.9312,18.4807],[73.9281,18.4804],[73.9258,18.4784],[73.9213,18.4686],[73.9159,18.465],[73.9124,18.4598],[73.9128,18.4567],[73.917,18.4501],[73.9185,18.4392],[73.917,18.4388],[73.9166,18.4372],[73.9178,18.4345]]}},{"type":"Feature","properties":{"id":"transit_route:gtfs_pune_pmpml:331","field":"public_transport","kind":"transit_route","name":"Khutbav Gaon to Hadapsar Gadital Solapur Road (UP)","ref":"193","status":"operational","opened_on":null,"expected_completion":null,"agency":"PMPML","source":"gtfs_pune_pmpml","confidence":0.7,"mode":"bus","tier":"secondary","geometry_source":"shape"},"geometry":{"type":"LineString","coordinates":[[74.2486,18.5367],[74.2317,18.5397],[74.2189,18.544],[74.219,18.5423],[74.2227,18.5411],[74.2289,18.5263],[74.2327,18.5022],[74.2329,18.4992],[74.226,18.4914],[74.226,18.4849],[74.19,18.4901],[74.1642,18.4865],[74.0241,18.4889],[73.939,18.5007]]}},{"type":"Feature","properties":{"id":"transit_route:gtfs_pune_pmpml:332","field":"public_transport","kind":"transit_route","name":"Hadapsar Gadital Solapur Road to Khutbav Gaon (DOWN)","ref":"193","status":"operational","opened_on":null,"expected_completion":null,"agency":"PMPML","source":"gtfs_pune_pmpml","confidence":0.7,"mode":"bus","tier":"secondary","geometry_source":"shape"},"geometry":{"type":"LineString","coordinates":[[73.9393,18.5008],[74.0237,18.489],[74.164,18.4866],[74.1899,18.4901],[74.2261,18.485],[74.226,18.4914],[74.2329,18.4992],[74.2327,18.5022],[74.2289,18.5263],[74.2227,18.5411],[74.219,18.5423],[74.2189,18.544],[74.2317,18.5397],[74.2486,18.5367]]}},{"type":"Feature","properties":{"id":"transit_route:gtfs_pune_pmpml:335","field":"public_transport","kind":"transit_route","name":"Holkarwadi to Hadapsar Gadital (UP)","ref":"195","status":"operational","opened_on":null,"expected_completion":null,"agency":"PMPML","source":"gtfs_pune_pmpml","confidence":0.7,"mode":"bus","tier":"secondary","geometry_source":"shape"},"geometry":{"type":"LineString","coordinates":[[73.9392,18.4381],[73.939,18.4399],[73.9351,18.4434],[73.9329,18.4477],[73.933,18.4555],[73.9302,18.4541],[73.9292,18.4538],[73.933,18.4556],[73.9344,18.4648],[73.9318,18.4733],[73.9312,18.4807],[73.9293,18.4808],[73.929,18.4791],[73.9276,18.4798],[73.9307,18.4858],[73.9317,18.4856],[73.9319,18.4885],[73.9278,18.493],[73.932,18.4913],[73.9336,18.5016],[73.9391,18.5001]]}},{"type":"Feature","properties":{"id":"transit_route:gtfs_pune_pmpml:336","field":"public_transport","kind":"transit_route","name":"Hadapsar Gadital to Holkarwadi (DOWN)","ref":"195","status":"operational","opened_on":null,"expected_completion":null,"agency":"PMPML","source":"gtfs_pune_pmpml","confidence":0.7,"mode":"bus","tier":"secondary","geometry_source":"shape"},"geometry":{"type":"LineString","coordinates":[[73.939,18.4999],[73.9346,18.5012],[73.932,18.4912],[73.9278,18.4928],[73.9319,18.4887],[73.9315,18.4749],[73.9344,18.4642],[73.933,18.4556],[73.9349,18.4563],[73.9349,18.4562],[73.9326,18.4546],[73.9329,18.4478],[73.9351,18.4434],[73.939,18.4399],[73.9392,18.438]]}},{"type":"Feature","properties":{"id":"transit_route:gtfs_pune_pmpml:345","field":"public_transport","kind":"transit_route","name":"Shewalewadi Depot to Kothrud Depot (UP)","ref":"199","status":"operational","opened_on":null,"expected_completion":null,"agency":"PMPML","source":"gtfs_pune_pmpml","confidence":0.7,"mode":"bus","tier":"secondary","geometry_source":"shape"},"geometry":{"type":"LineString","coordinates":[[73.9715,18.4962],[73.9393,18.4999],[73.9115,18.5062],[73.8848,18.5066],[73.8839,18.5064],[73.883,18.5054],[73.8794,18.503],[73.8788,18.5028],[73.8793,18.507],[73.8822,18.5065],[73.8823,18.5049],[73.8794,18.503],[73.8786,18.5028],[73.8646,18.4998],[73.8574,18.5006],[73.8541,18.5016],[73.8533,18.5057],[73.8423,18.5143],[73.8254,18.5059],[73.82,18.5104],[73.8069,18.5073],[73.795,18.5079]]}},{"type":"Feature","properties":{"id":"transit_route:gtfs_pune_pmpml:346","field":"public_transport","kind":"transit_route","name":"Kothrud Depot to Shewalewadi Depot (DOWN)","ref":"199","status":"operational","opened_on":null,"expected_completion":null,"agency":"PMPML","source":"gtfs_pune_pmpml","confidence":0.7,"mode":"bus","tier":"secondary","geometry_source":"shape"},"geometry":{"type":"LineString","coordinates":[[73.795,18.5079],[73.8076,18.5075],[73.8195,18.511],[73.8255,18.506],[73.8424,18.5146],[73.844,18.512],[73.8586,18.5008],[73.862,18.5001],[73.8784,18.5027],[73.8793,18.507],[73.8925,18.5062],[73.8981,18.5072],[73.9138,18.5062],[73.9301,18.5018],[73.9715,18.4963]]}},{"type":"Feature","properties":{"id":"transit_route:gtfs_pune_pmpml:347","field":"public_transport","kind":"transit_route","name":"Swargate to Yewalewadi (UP)","ref":"19A","status":"operational","opened_on":null,"expected_completion":null,"agency":"PMPML","source":"gtfs_pune_pmpml","confidence":0.7,"mode":"bus","tier":"secondary","geometry_source":"shape"},"geometry":{"type":"LineString","coordinates":[[73.8585,18.499],[73.8582,18.4966],[73.862,18.4957],[73.862,18.492],[73.8693,18.493],[73.8775,18.4647],[73.8849,18.4537],[73.8912,18.4523],[73.8961,18.4372]]}},{"type":"Feature","properties":{"id":"transit_route:gtfs_pune_pmpml:348","field":"public_transport","kind":"transit_route","name":"Yewalewadi to Swargate (DOWN)","ref":"19A","status":"operational","opened_on":null,"expected_completion":null,"agency":"PMPML","source":"gtfs_pune_pmpml","confidence":0.7,"mode":"bus","tier":"secondary","geometry_source":"shape"},"geometry":{"type":"LineString","coordinates":[[73.8961,18.4371],[73.8912,18.452],[73.8887,18.4516],[73.8885,18.4527],[73.891,18.4525],[73.8907,18.457],[73.8873,18.456],[73.8867,18.4543],[73.8849,18.4561],[73.8847,18.4544],[73.8769,18.4658],[73.8692,18.493],[73.862,18.492],[73.862,18.4965],[73.8578,18.4966],[73.8582,18.4995]]}},{"type":"Feature","properties":{"id":"transit_route:gtfs_pune_pmpml:351","field":"public_transport","kind":"transit_route","name":"Swargate to Yewalewadi (UP)","ref":"19","status":"operational","opened_on":null,"expected_completion":null,"agency":"PMPML","source":"gtfs_pune_pmpml","confidence":0.7,"mode":"bus","tier":"secondary","geometry_source":"shape"},"geometry":{"type":"LineString","coordinates":[[73.8585,18.499],[73.8582,18.4966],[73.862,18.4957],[73.862,18.492],[73.8693,18.493],[73.8724,18.4809],[73.8722,18.4807],[73.8892,18.486],[73.8902,18.4844],[73.8913,18.4821],[73.889,18.4704],[73.8908,18.4539],[73.8961,18.4372]]}},{"type":"Feature","properties":{"id":"transit_route:gtfs_pune_pmpml:352","field":"public_transport","kind":"transit_route","name":"Yewalewadi to Swargate (DOWN)","ref":"19","status":"operational","opened_on":null,"expected_completion":null,"agency":"PMPML","source":"gtfs_pune_pmpml","confidence":0.7,"mode":"bus","tier":"secondary","geometry_source":"shape"},"geometry":{"type":"LineString","coordinates":[[73.8961,18.4371],[73.8907,18.4535],[73.8908,18.4594],[73.8895,18.4632],[73.889,18.4724],[73.891,18.4828],[73.8889,18.4857],[73.8722,18.4807],[73.8692,18.493],[73.862,18.492],[73.862,18.4965],[73.8578,18.4966],[73.8582,18.4995]]}},{"type":"Feature","properties":{"id":"transit_route:gtfs_pune_pmpml:355","field":"public_transport","kind":"transit_route","name":"Alandi to Shewalewadi Depot (UP)","ref":"200","status":"operational","opened_on":null,"expected_completion":null,"agency":"PMPML","source":"gtfs_pune_pmpml","confidence":0.7,"mode":"bus","tier":"secondary","geometry_source":"shape"},"geometry":{"type":"LineString","coordinates":[[73.8971,18.6748],[73.8931,18.6733],[73.8874,18.6644],[73.8838,18.6524],[73.8789,18.6425],[73.8749,18.6375],[73.8728,18.6019],[73.8767,18.5756],[73.8785,18.5727],[73.8994,18.5754],[73.8999,18.5726],[73.8925,18.5619],[73.8914,18.5588],[73.8903,18.5552],[73.8903,18.5551],[73.8903,18.5549],[73.8902,18.5547],[73.8897,18.5526],[73.8896,18.5523],[73.8895,18.5523],[73.8896,18.5527],[73.8897,18.5527],[73.8952,18.5525],[73.8965,18.5523],[73.9242,18.5626],[73.9345,18.5634],[73.9387,18.5622],[73.9373,18.5513],[73.9323,18.5315],[73.9324,18.5117],[73.9279,18.5062],[73.9277,18.5025],[73.9715,18.4963]]}},{"type":"Feature","properties":{"id":"transit_route:gtfs_pune_pmpml:356","field":"public_transport","kind":"transit_route","name":"Shewalewadi Depot to Alandi (DOWN)","ref":"200","status":"operational","opened_on":null,"expected_completion":null,"agency":"PMPML","source":"gtfs_pune_pmpml","confidence":0.7,"mode":"bus","tier":"secondary","geometry_source":"shape"},"geometry":{"type":"LineString","coordinates":[[73.9715,18.4962],[73.9274,18.5025],[73.9278,18.5063],[73.9324,18.5117],[73.9322,18.5316],[73.9371,18.5513],[73.9385,18.5621],[73.935,18.5633],[73.9253,18.5626],[73.9159,18.5601],[73.9063,18.5552],[73.8963,18.552],[73.8888,18.5457],[73.8919,18.5606],[73.8999,18.5726],[73.8994,18.5754],[73.8781,18.5726],[73.8751,18.5823],[73.8734,18.5955],[73.8728,18.6141],[73.874,18.6174],[73.8748,18.6377],[73.8792,18.6434],[73.8836,18.6524],[73.8873,18.6645],[73.8931,18.6734],[73.8971,18.6748]]}},{"type":"Feature","properties":{"id":"transit_route:gtfs_pune_pmpml:357","field":"public_transport","kind":"transit_route","name":"Alandi to Bhekrai Nagar (UP)","ref":"201","status":"operational","opened_on":null,"expected_completion":null,"agency":"PMPML","source":"gtfs_pune_pmpml","confidence":0.7,"mode":"bus","tier":"secondary","geometry_source":"shape"},"geometry":{"type":"LineString","coordinates":[[73.8971,18.6748],[73.8931,18.6733],[73.8874,18.6644],[73.8838,18.6524],[73.8789,18.6425],[73.875,18.6377],[73.8728,18.6019],[73.8752,18.5824],[73.8782,18.5728],[73.8994,18.5754],[73.8999,18.5727],[73.8924,18.5617],[73.8889,18.5457],[73.8848,18.5449],[73.8856,18.5379],[73.8831,18.5354],[73.8796,18.5347],[73.8757,18.5308],[73.8768,18.5248],[73.8764,18.5234],[73.8741,18.5239],[73.874,18.5225],[73.8762,18.5223],[73.8754,18.5196],[73.8797,18.5183],[73.8793,18.507],[73.9128,18.5064],[73.9398,18.5005],[73.9473,18.4937],[73.9539,18.4837]]}},{"type":"Feature","properties":{"id":"transit_route:gtfs_pune_pmpml:358","field":"public_transport","kind":"transit_route","name":"Bhekrai Nagar to Alandi (DOWN)","ref":"201","status":"operational","opened_on":null,"expected_completion":null,"agency":"PMPML","source":"gtfs_pune_pmpml","confidence":0.7,"mode":"bus","tier":"secondary","geometry_source":"shape"},"geometry":{"type":"LineString","coordinates":[[73.9539,18.4837],[73.9472,18.4937],[73.9381,18.5008],[73.9115,18.5062],[73.8848,18.5066],[73.8839,18.5064],[73.883,18.5054],[73.8794,18.503],[73.8788,18.5028],[73.8792,18.507],[73.8822,18.5065],[73.8823,18.5049],[73.8794,18.503],[73.8788,18.5028],[73.8787,18.5029],[73.8785,18.5056],[73.8801,18.5106],[73.8799,18.5137],[73.8788,18.5136],[73.8792,18.5184],[73.8754,18.5196],[73.8763,18.5234],[73.8711,18.5245],[73.8733,18.5281],[73.8762,18.5281],[73.8756,18.5308],[73.8841,18.5414],[73.8834,18.545],[73.8887,18.5461],[73.8923,18.5617],[73.8999,18.5727],[73.8994,18.5754],[73.8781,18.5726],[73.8751,18.5823],[73.8728,18.6019],[73.8748,18.6375],[73.8792,18.6434],[73.8836,18.6524],[73.8873,18.6645],[73.8931,18.6734],[73.8971,18.6748]]}},{"type":"Feature","properties":{"id":"transit_route:gtfs_pune_pmpml:359","field":"public_transport","kind":"transit_route","name":"Ganpati Matha to Shewalewadi Depot (UP)","ref":"202","status":"operational","opened_on":null,"expected_completion":null,"agency":"PMPML","source":"gtfs_pune_pmpml","confidence":0.7,"mode":"bus","tier":"secondary","geometry_source":"shape"},"geometry":{"type":"LineString","coordinates":[[73.7958,18.4757],[73.8016,18.4807],[73.8058,18.4805],[73.8146,18.4894],[73.8151,18.4929],[73.8132,18.4948],[73.8134,18.4999],[73.8146,18.5016],[73.8424,18.5146],[73.8439,18.5128],[73.8573,18.5135],[73.858,18.5088],[73.8591,18.5086],[73.8633,18.509],[73.8632,18.5107],[73.8676,18.5104],[73.8678,18.5104],[73.8681,18.5104],[73.8683,18.5105],[73.8684,18.5105],[73.8683,18.5085],[73.8682,18.5097],[73.8682,18.5101],[73.8683,18.5107],[73.8822,18.5065],[73.9128,18.5064],[73.9301,18.5018],[73.9715,18.4963]]}},{"type":"Feature","properties":{"id":"transit_route:gtfs_pune_pmpml:360","field":"public_transport","kind":"transit_route","name":"Shewalewadi Depot to Ganpati Matha (DOWN)","ref":"202","status":"operational","opened_on":null,"expected_completion":null,"agency":"PMPML","source":"gtfs_pune_pmpml","confidence":0.7,"mode":"bus","tier":"secondary","geometry_source":"shape"},"geometry":{"type":"LineString","coordinates":[[73.9715,18.4962],[73.9393,18.4999],[73.9126,18.5062],[73.8848,18.5066],[73.8839,18.5064],[73.883,18.5054],[73.8794,18.503],[73.8788,18.5028],[73.8792,18.507],[73.8822,18.5065],[73.8823,18.5049],[73.8794,18.503],[73.8788,18.5028],[73.8787,18.5029],[73.8785,18.5056],[73.8792,18.507],[73.8798,18.5091],[73.8793,18.507],[73.8792,18.507],[73.8723,18.5093],[73.8723,18.5074],[73.8683,18.5072],[73.8683,18.5076],[73.8682,18.5085],[73.8682,18.5097],[73.8684,18.5105],[73.8683,18.5085],[73.8687,18.5117],[73.8687,18.5127],[73.8687,18.5134],[73.8686,18.5146],[73.8686,18.5154],[73.8687,18.5154],[73.8686,18.5146],[73.8635,18.5161],[73.8569,18.5158],[73.8563,18.5135],[73.8523,18.5145],[73.8437,18.5127],[73.8423,18.5143],[73.8147,18.5015],[73.8133,18.4948],[73.8152,18.4931],[73.815,18.4897],[73.8058,18.4804],[73.8016,18.4806],[73.7959,18.4758]]}},{"type":"Feature","properties":{"id":"transit_route:gtfs_pune_pmpml:364","field":"public_transport","kind":"transit_route","name":"Shewalewadi Depot to Pune Station Moledina Stand (DOWN)","ref":"203","status":"operational","opened_on":null,"expected_completion":null,"agency":"PMPML","source":"gtfs_pune_pmpml","confidence":0.7,"mode":"bus","tier":"secondary","geometry_source":"shape"},"geometry":{"type":"LineString","coordinates":[[73.9715,18.4962],[73.9296,18.5017],[73.9126,18.5062],[73.8848,18.5066],[73.8839,18.5064],[73.883,18.5054],[73.8794,18.503],[73.8788,18.5028],[73.8792,18.507],[73.8822,18.5065],[73.8823,18.5049],[73.8788,18.5028],[73.8785,18.5056],[73.8801,18.5106],[73.8799,18.5137],[73.8788,18.5136],[73.8792,18.5184],[73.8754,18.5196],[73.8763,18.5234],[73.8711,18.5245],[73.873,18.5276]]}},{"type":"Feature","properties":{"id":"transit_route:gtfs_pune_pmpml:365","field":"public_transport","kind":"transit_route","name":"Chinchwadgaon to Bhekrai Nagar (UP)","ref":"204","status":"operational","opened_on":null,"expected_completion":null,"agency":"PMPML","source":"gtfs_pune_pmpml","confidence":0.7,"mode":"bus","tier":"secondary","geometry_source":"shape"},"geometry":{"type":"LineString","coordinates":[[73.7822,18.6277],[73.7825,18.629],[73.7777,18.631],[73.7754,18.6288],[73.7754,18.6242],[73.7654,18.6153],[73.7709,18.6087],[73.7785,18.6025],[73.7888,18.5884],[73.7961,18.5836],[73.8091,18.5698],[73.8113,18.5691],[73.8142,18.5613],[73.8278,18.5431],[73.8428,18.5322],[73.8525,18.5293],[73.8482,18.5228],[73.8521,18.5223],[73.857,18.5255],[73.858,18.5241],[73.8635,18.5279],[73.8701,18.5242],[73.8768,18.525],[73.8764,18.5234],[73.8741,18.5239],[73.8739,18.5228],[73.8762,18.5223],[73.8754,18.5196],[73.8797,18.5183],[73.8793,18.507],[73.9128,18.5064],[73.9398,18.5005],[73.9473,18.4937],[73.9539,18.4837]]}},{"type":"Feature","properties":{"id":"transit_route:gtfs_pune_pmpml:366","field":"public_transport","kind":"transit_route","name":"Bhekrai Nagar to Chinchwadgaon Aundh Road / Chinchwadgaon (DOWN)","ref":"204","status":"operational","opened_on":null,"expected_completion":null,"agency":"PMPML","source":"gtfs_pune_pmpml","confidence":0.7,"mode":"bus","tier":"secondary","geometry_source":"shape"},"geometry":{"type":"LineString","coordinates":[[73.9539,18.4837],[73.9472,18.4937],[73.9381,18.5008],[73.9115,18.5062],[73.8848,18.5066],[73.8839,18.5064],[73.883,18.5054],[73.8794,18.503],[73.8788,18.5028],[73.8792,18.507],[73.8822,18.5065],[73.8823,18.5049],[73.8788,18.5028],[73.8785,18.5056],[73.8799,18.5136],[73.8788,18.5136],[73.8792,18.5184],[73.8754,18.5196],[73.8763,18.5234],[73.8702,18.5239],[73.8632,18.5276],[73.8579,18.5239],[73.8569,18.5253],[73.8531,18.5226],[73.8526,18.5245],[73.8536,18.525],[73.8496,18.5302],[73.843,18.5319],[73.8276,18.5429],[73.8139,18.5616],[73.8113,18.5689],[73.8092,18.5696],[73.796,18.5834],[73.7887,18.5883],[73.7784,18.6024],[73.7703,18.609],[73.7652,18.6155],[73.7753,18.6242],[73.7752,18.6289],[73.7776,18.6311],[73.7816,18.6297],[73.7825,18.628]]}},{"type":"Feature","properties":{"id":"transit_route:gtfs_pune_pmpml:367","field":"public_transport","kind":"transit_route","name":"Sangvi Vasantdada Putala to Shewalewadi Depot (UP)","ref":"205","status":"operational","opened_on":null,"expected_completion":null,"agency":"PMPML","source":"gtfs_pune_pmpml","confidence":0.7,"mode":"bus","tier":"secondary","geometry_source":"shape"},"geometry":{"type":"LineString","coordinates":[[73.8257,18.5752],[73.812,18.5763],[73.8067,18.5736],[73.8092,18.5699],[73.8114,18.5689],[73.814,18.5617],[73.8095,18.5613],[73.8096,18.5501],[73.8293,18.542],[73.8428,18.5322],[73.8525,18.5293],[73.8482,18.5228],[73.8521,18.5223],[73.857,18.5255],[73.858,18.5241],[73.8635,18.5279],[73.8701,18.5242],[73.8768,18.525],[73.8754,18.5196],[73.8797,18.5183],[73.8793,18.507],[73.9128,18.5064],[73.9301,18.5018],[73.9715,18.4963]]}},{"type":"Feature","properties":{"id":"transit_route:gtfs_pune_pmpml:368","field":"public_transport","kind":"transit_route","name":"Shewalewadi Depot to Sangvi Vasantdada Putala (DOWN)","ref":"205","status":"operational","opened_on":null,"expected_completion":null,"agency":"PMPML","source":"gtfs_pune_pmpml","confidence":0.7,"mode":"bus","tier":"secondary","geometry_source":"shape"},"geometry":{"type":"LineString","coordinates":[[73.9715,18.4962],[73.9296,18.5017],[73.9126,18.5062],[73.8848,18.5066],[73.8839,18.5064],[73.883,18.5054],[73.8794,18.503],[73.8788,18.5028],[73.8792,18.507],[73.8822,18.5065],[73.8823,18.5049],[73.8788,18.5028],[73.8785,18.5056],[73.8799,18.5136],[73.8788,18.5136],[73.8792,18.5184],[73.8754,18.5196],[73.8763,18.5234],[73.8702,18.5239],[73.863,18.5276],[73.8553,18.5211],[73.8496,18.5302],[73.843,18.5319],[73.8227,18.5452],[73.8094,18.55],[73.8094,18.5612],[73.8139,18.5617],[73.8113,18.5689],[73.8091,18.5698],[73.8066,18.5737],[73.812,18.5763],[73.8257,18.5752]]}},{"type":"Feature","properties":{"id":"transit_route:gtfs_pune_pmpml:371","field":"public_transport","kind":"transit_route","name":"Saswad to Hadapsar Gadital (UP)","ref":"207A","status":"operational","opened_on":null,"expected_completion":null,"agency":"PMPML","source":"gtfs_pune_pmpml","confidence":0.7,"mode":"bus","tier":"secondary","geometry_source":"shape"},"geometry":{"type":"LineString","coordinates":[[74.0314,18.3451],[74.0288,18.3476],[74.0283,18.3591],[74.0192,18.3702],[74.0166,18.3771],[74.0113,18.4085],[74.0045,18.416],[74.0022,18.4139],[73.9963,18.414],[73.9929,18.4164],[73.9897,18.4144],[73.9884,18.4219],[73.9867,18.4227],[73.9833,18.4218],[73.9792,18.433],[73.9702,18.4492],[73.9525,18.4867],[73.9472,18.4937],[73.939,18.4999]]}},{"type":"Feature","properties":{"id":"transit_route:gtfs_pune_pmpml:372","field":"public_transport","kind":"transit_route","name":"Hadapsar Gadital to Saswad (DOWN)","ref":"207A","status":"operational","opened_on":null,"expected_completion":null,"agency":"PMPML","source":"gtfs_pune_pmpml","confidence":0.7,"mode":"bus","tier":"secondary","geometry_source":"shape"},"geometry":{"type":"LineString","coordinates":[[73.9394,18.4999],[73.9473,18.4937],[73.9523,18.4873],[73.9702,18.4492],[73.9792,18.433],[73.9833,18.422],[73.9883,18.4221],[73.9897,18.4144],[73.9929,18.4164],[73.9963,18.414],[74.0022,18.4139],[74.0045,18.416],[74.0115,18.4084],[74.0167,18.3771],[74.0217,18.3665],[74.0284,18.3591],[74.0288,18.3478],[74.0314,18.3451]]}},{"type":"Feature","properties":{"id":"transit_route:gtfs_pune_pmpml:373","field":"public_transport","kind":"transit_route","name":"Saswad to Swargate (UP)","ref":"207","status":"operational","opened_on":null,"expected_completion":null,"agency":"PMPML","source":"gtfs_pune_pmpml","confidence":0.7,"mode":"bus","tier":"secondary","geometry_source":"shape"},"geometry":{"type":"LineString","coordinates":[[74.0314,18.3451],[74.0288,18.3476],[74.0283,18.3591],[74.0192,18.3702],[74.0166,18.3771],[74.0113,18.4085],[74.0045,18.416],[74.0022,18.4139],[73.9963,18.414],[73.9929,18.4164],[73.9897,18.4144],[73.9884,18.4219],[73.9867,18.4227],[73.9833,18.4218],[73.9792,18.433],[73.9702,18.4492],[73.9529,18.486],[73.947,18.4939],[73.9381,18.5008],[73.9121,18.5062],[73.8848,18.5066],[73.8839,18.5064],[73.883,18.5054],[73.8794,18.503],[73.8788,18.5028],[73.8793,18.507],[73.8823,18.506],[73.8794,18.503],[73.8786,18.5028],[73.8748,18.5019],[73.8702,18.5016],[73.8646,18.4998],[73.859,18.5004],[73.8585,18.499]]}},{"type":"Feature","properties":{"id":"transit_route:gtfs_pune_pmpml:379","field":"public_transport","kind":"transit_route","name":"Swargate to Saswad (DOWN)","ref":"207","status":"operational","opened_on":null,"expected_completion":null,"agency":"PMPML","source":"gtfs_pune_pmpml","confidence":0.7,"mode":"bus","tier":"secondary","geometry_source":"shape"},"geometry":{"type":"LineString","coordinates":[[73.8582,18.4995],[73.8587,18.5006],[73.8646,18.5],[73.8784,18.5027],[73.8793,18.507],[73.9128,18.5064],[73.9296,18.5019],[73.9389,18.5009],[73.9473,18.4937],[73.9529,18.486],[73.9702,18.4492],[73.9792,18.433],[73.9833,18.422],[73.9883,18.4221],[73.9897,18.4144],[73.9929,18.4164],[73.9963,18.414],[74.0022,18.4139],[74.0045,18.416],[74.0115,18.4084],[74.0167,18.3771],[74.0217,18.3665],[74.0284,18.3591],[74.0288,18.3478],[74.0314,18.3451]]}},{"type":"Feature","properties":{"id":"transit_route:gtfs_pune_pmpml:380","field":"public_transport","kind":"transit_route","name":"Hinjawadi Maan Phase 3 to Bhekrai Nagar (UP)","ref":"208","status":"operational","opened_on":null,"expected_completion":null,"agency":"PMPML","source":"gtfs_pune_pmpml","confidence":0.7,"mode":"bus","tier":"secondary","geometry_source":"shape"},"geometry":{"type":"LineString","coordinates":[[73.6883,18.5766],[73.6872,18.5829],[73.693,18.5833],[73.7047,18.5887],[73.7078,18.5936],[73.7132,18.5961],[73.7187,18.5971],[73.7227,18.5947],[73.7352,18.5939],[73.7389,18.5913],[73.7476,18.5908],[73.7567,18.5921],[73.7563,18.595],[73.7649,18.5717],[73.7686,18.5671],[73.7759,18.5644],[73.7826,18.5638],[73.7958,18.5552],[73.8011,18.5547],[73.8054,18.5509],[73.8227,18.5453],[73.826,18.5427],[73.8293,18.542],[73.8429,18.5321],[73.8525,18.5293],[73.8482,18.5228],[73.8521,18.5223],[73.857,18.5255],[73.858,18.5241],[73.8635,18.5279],[73.8701,18.5242],[73.8768,18.525],[73.8764,18.5234],[73.8741,18.5239],[73.8739,18.5228],[73.8762,18.5223],[73.8754,18.5196],[73.8797,18.5183],[73.8793,18.507],[73.9128,18.5064],[73.9398,18.5005],[73.9473,18.4937],[73.9539,18.4837]]}},{"type":"Feature","properties":{"id":"transit_route:gtfs_pune_pmpml:381","field":"public_transport","kind":"transit_route","name":"Bhekrai Nagar to Hinjawadi Maan Phase 3 (DOWN)","ref":"208","status":"operational","opened_on":null,"expected_completion":null,"agency":"PMPML","source":"gtfs_pune_pmpml","confidence":0.7,"mode":"bus","tier":"secondary","geometry_source":"shape"},"geometry":{"type":"LineString","coordinates":[[73.9539,18.4837],[73.9472,18.4937],[73.9381,18.5008],[73.9115,18.5062],[73.8848,18.5066],[73.8788,18.5028],[73.8799,18.5136],[73.8788,18.5136],[73.8792,18.5184],[73.8754,18.5196],[73.8763,18.5234],[73.8702,18.5239],[73.8632,18.5276],[73.8579,18.5239],[73.8569,18.5253],[73.8531,18.5226],[73.8526,18.5245],[73.8536,18.525],[73.8496,18.5302],[73.843,18.5319],[73.8227,18.5452],[73.8054,18.5508],[73.8011,18.5545],[73.7957,18.5552],[73.7918,18.5587],[73.7825,18.5637],[73.7752,18.5645],[73.7685,18.567],[73.7653,18.5693],[73.757,18.5919],[73.751,18.5907],[73.7389,18.5912],[73.7366,18.5867],[73.7337,18.5858],[73.7322,18.594],[73.7227,18.5945],[73.7191,18.5969],[73.7132,18.596],[73.7081,18.5935],[73.7047,18.5886],[73.6935,18.5832],[73.688,18.5822],[73.6883,18.5766]]}},{"type":"Feature","properties":{"id":"transit_route:gtfs_pune_pmpml:382","field":"public_transport","kind":"transit_route","name":"Saswad to Swargate (UP)","ref":"209A","status":"operational","opened_on":null,"expected_completion":null,"agency":"PMPML","source":"gtfs_pune_pmpml","confidence":0.7,"mode":"bus","tier":"secondary","geometry_source":"shape"},"geometry":{"type":"LineString","coordinates":[[74.0314,18.3451],[74.0194,18.3481],[74.0091,18.3541],[73.9971,18.3582],[73.996,18.3602],[73.9911,18.3631],[73.9723,18.3705],[73.9631,18.3758],[73.9518,18.3851],[73.9388,18.3896],[73.9234,18.3917],[73.916,18.395],[73.9092,18.4069],[73.9037,18.4115],[73.9043,18.4154],[73.9071,18.4174],[73.9033,18.4165],[73.9061,18.4185],[73.9023,18.4182],[73.9018,18.4254],[73.8985,18.4299],[73.891,18.4527],[73.8889,18.4704],[73.891,18.4828],[73.8889,18.4857],[73.8722,18.4807],[73.8701,18.4894],[73.8574,18.4893],[73.8582,18.4995]]}},{"type":"Feature","properties":{"id":"transit_route:gtfs_pune_pmpml:383","field":"public_transport","kind":"transit_route","name":"Swargate to Saswad (DOWN)","ref":"209A","status":"operational","opened_on":null,"expected_completion":null,"agency":"PMPML","source":"gtfs_pune_pmpml","confidence":0.7,"mode":"bus","tier":"secondary","geometry_source":"shape"},"geometry":{"type":"LineString","coordinates":[[73.8585,18.499],[73.8576,18.4894],[73.8701,18.4895],[73.8724,18.4809],[73.8722,18.4807],[73.8892,18.486],[73.8911,18.4828],[73.889,18.4704],[73.8908,18.4538],[73.8985,18.4299],[73.9018,18.4254],[73.9023,18.4182],[73.9061,18.4185],[73.9033,18.4165],[73.906,18.4174],[73.9071,18.4174],[73.9043,18.4154],[73.9037,18.4115],[73.9092,18.4069],[73.916,18.395],[73.9153,18.3962],[73.9158,18.3953],[73.916,18.395],[73.9162,18.3949],[73.9234,18.3917],[73.9388,18.3896],[73.9518,18.3851],[73.9631,18.3758],[73.9723,18.3705],[73.9911,18.3631],[73.996,18.3602],[73.9971,18.3582],[74.0091,18.3541],[74.0194,18.3481],[74.0314,18.3451]]}},{"type":"Feature","properties":{"id":"transit_route:gtfs_pune_pmpml:386","field":"public_transport","kind":"transit_route","name":"Saswad to Katraj Kondhwa Road (UP)","ref":"209","status":"operational","opened_on":null,"expected_completion":null,"agency":"PMPML","source":"gtfs_pune_pmpml","confidence":0.7,"mode":"bus","tier":"secondary","geometry_source":"shape"},"geometry":{"type":"LineString","coordinates":[[74.0314,18.3451],[74.0194,18.3481],[74.0091,18.3541],[73.9971,18.3582],[73.996,18.3602],[73.9911,18.3631],[73.9723,18.3705],[73.9631,18.3758],[73.9518,18.3851],[73.9388,18.3896],[73.9234,18.3917],[73.916,18.395],[73.9092,18.4069],[73.9037,18.4115],[73.9043,18.4154],[73.9071,18.4174],[73.9033,18.4165],[73.9061,18.4185],[73.9023,18.4182],[73.9018,18.4254],[73.8985,18.4299],[73.8912,18.4523],[73.8887,18.4516],[73.8885,18.4527],[73.891,18.4525],[73.8907,18.457],[73.8868,18.4553],[73.8866,18.4539],[73.8893,18.4529],[73.8885,18.4527],[73.8887,18.4516],[73.8864,18.4512],[73.882,18.4506],[73.8794,18.4503],[73.8785,18.4503],[73.8775,18.4501],[73.8772,18.4501],[73.8768,18.45],[73.8766,18.45],[73.8838,18.4529],[73.8841,18.4509],[73.8794,18.4503],[73.8787,18.4503],[73.8785,18.4503],[73.878,18.4502],[73.8775,18.4501],[73.8772,18.4501],[73.8762,18.45],[73.8738,18.4496],[73.8715,18.4496],[73.8675,18.4482],[73.8597,18.4477]]}},{"type":"Feature","properties":{"id":"transit_route:gtfs_pune_pmpml:387","field":"public_transport","kind":"transit_route","name":"Katraj Kondhwa Road to Saswad (DOWN)","ref":"209","status":"operational","opened_on":null,"expected_completion":null,"agency":"PMPML","source":"gtfs_pune_pmpml","confidence":0.7,"mode":"bus","tier":"secondary","geometry_source":"shape"},"geometry":{"type":"LineString","coordinates":[[73.8587,18.4476],[73.88,18.4509],[73.8854,18.4539],[73.8912,18.4523],[73.8985,18.4299],[73.9018,18.4254],[73.9023,18.4182],[73.9061,18.4185],[73.9033,18.4165],[73.906,18.4174],[73.9071,18.4174],[73.9043,18.4154],[73.9037,18.4115],[73.9092,18.4069],[73.916,18.395],[73.9153,18.3962],[73.9158,18.3953],[73.916,18.395],[73.9162,18.3949],[73.9234,18.3917],[73.9388,18.3896],[73.9518,18.3851],[73.9631,18.3758],[73.9723,18.3705],[73.9911,18.3631],[73.996,18.3602],[73.9971,18.3582],[74.0091,18.3541],[74.0194,18.3481],[74.0314,18.3451]]}},{"type":"Feature","properties":{"id":"transit_route:gtfs_pune_pmpml:392","field":"public_transport","kind":"transit_route","name":"Midc Jejuri to Hadapsar Gadital (UP)","ref":"210","status":"operational","opened_on":null,"expected_completion":null,"agency":"PMPML","source":"gtfs_pune_pmpml","confidence":0.7,"mode":"bus","tier":"secondary","geometry_source":"shape"},"geometry":{"type":"LineString","coordinates":[[74.1751,18.2573],[74.1626,18.2775],[74.1254,18.2905],[74.128,18.2897],[74.1285,18.2907],[74.1276,18.298],[74.1299,18.3099],[74.1328,18.3136],[74.1333,18.317],[74.1313,18.3186],[74.1289,18.324],[74.1194,18.3242],[74.1091,18.3264],[74.0921,18.3326],[74.0885,18.335],[74.0796,18.3363],[74.0713,18.3394],[74.0709,18.3409],[74.0678,18.3423],[74.0679,18.3436],[74.0332,18.3439],[74.0291,18.3472],[74.0283,18.3591],[74.0192,18.3702],[74.0164,18.3777],[74.0113,18.4085],[74.0045,18.416],[74.0022,18.4139],[73.9963,18.414],[73.9929,18.4164],[73.9897,18.4144],[73.9884,18.4219],[73.9867,18.4227],[73.9833,18.4218],[73.9792,18.433],[73.9702,18.4492],[73.9525,18.4867],[73.9472,18.4937],[73.939,18.4999]]}},{"type":"Feature","properties":{"id":"transit_route:gtfs_pune_pmpml:393","field":"public_transport","kind":"transit_route","name":"Hadapsar Gadital to Midc Jejuri (DOWN)","ref":"210","status":"operational","opened_on":null,"expected_completion":null,"agency":"PMPML","source":"gtfs_pune_pmpml","confidence":0.7,"mode":"bus","tier":"secondary","geometry_source":"shape"},"geometry":{"type":"LineString","coordinates":[[73.9394,18.4999],[73.9473,18.4937],[73.9523,18.4873],[73.9702,18.4492],[73.9792,18.433],[73.9833,18.422],[73.9883,18.4221],[73.9897,18.4144],[73.9929,18.4164],[73.9963,18.414],[74.0022,18.4139],[74.0045,18.416],[74.0115,18.4084],[74.0165,18.3777],[74.0193,18.3701],[74.0284,18.3591],[74.0291,18.3472],[74.0332,18.3439],[74.0679,18.3436],[74.0678,18.3423],[74.0709,18.3409],[74.0713,18.3394],[74.0796,18.3363],[74.0885,18.335],[74.0921,18.3326],[74.1091,18.3264],[74.1194,18.3242],[74.1289,18.324],[74.1313,18.3186],[74.1333,18.317],[74.1328,18.3136],[74.1299,18.3099],[74.1276,18.298],[74.1285,18.2952],[74.128,18.2897],[74.1626,18.2775],[74.1752,18.2573]]}},{"type":"Feature","properties":{"id":"transit_route:gtfs_pune_pmpml:1274","field":"public_transport","kind":"transit_route","name":"Uruli Kanchan to Saswad (UP)","ref":"211","status":"operational","opened_on":null,"expected_completion":null,"agency":"PMPML","source":"gtfs_pune_pmpml","confidence":0.7,"mode":"bus","tier":"secondary","geometry_source":"shape"},"geometry":{"type":"LineString","coordinates":[[74.1306,18.4875],[74.1334,18.4874],[74.1284,18.4543],[74.1259,18.4521],[74.1258,18.4499],[74.1284,18.4468],[74.1276,18.436],[74.1284,18.4275],[74.1269,18.4272],[74.1305,18.4209],[74.1303,18.4183],[74.1214,18.3915],[74.1135,18.3864],[74.1119,18.3818],[74.1059,18.3746],[74.0993,18.3714],[74.0965,18.3707],[74.0772,18.3741],[74.0696,18.3741],[74.0641,18.3705],[74.0631,18.3681],[74.0533,18.36],[74.0468,18.3563],[74.0428,18.3509],[74.0314,18.3451]]}},{"type":"Feature","properties":{"id":"transit_route:gtfs_pune_pmpml:1275","field":"public_transport","kind":"transit_route","name":"Saswad to Uruli Kanchan (DOWN)","ref":"211","status":"operational","opened_on":null,"expected_completion":null,"agency":"PMPML","source":"gtfs_pune_pmpml","confidence":0.7,"mode":"bus","tier":"secondary","geometry_source":"shape"},"geometry":{"type":"LineString","coordinates":[[74.0314,18.3451],[74.0428,18.3509],[74.0468,18.3563],[74.0533,18.36],[74.0631,18.3681],[74.0641,18.3705],[74.0696,18.3741],[74.0772,18.3741],[74.0965,18.3707],[74.0993,18.3714],[74.1059,18.3746],[74.1119,18.3818],[74.1135,18.3864],[74.1214,18.3915],[74.1303,18.4183],[74.1305,18.4209],[74.1269,18.4272],[74.1284,18.4275],[74.1276,18.436],[74.1284,18.4468],[74.1258,18.4499],[74.1259,18.4521],[74.1284,18.4543],[74.1334,18.4874],[74.1307,18.4874]]}},{"type":"Feature","properties":{"id":"transit_route:gtfs_pune_pmpml:396","field":"public_transport","kind":"transit_route","name":"Morgaon St Stand to Hadapsar Gadital (UP)","ref":"212","status":"operational","opened_on":null,"expected_completion":null,"agency":"PMPML","source":"gtfs_pune_pmpml","confidence":0.7,"mode":"bus","tier":"secondary","geometry_source":"shape"},"geometry":{"type":"LineString","coordinates":[[74.321,18.2764],[74.3085,18.278],[74.2928,18.2753],[74.2878,18.2762],[74.2757,18.2753],[74.2678,18.276],[74.26,18.2783],[74.2499,18.2779],[74.245,18.276],[74.2041,18.2757],[74.1892,18.2775],[74.1776,18.2832],[74.1729,18.2841],[74.1612,18.2781],[74.1254,18.2905],[74.128,18.2897],[74.1285,18.2907],[74.1276,18.298],[74.1299,18.3099],[74.1328,18.3136],[74.1333,18.317],[74.1313,18.3186],[74.1289,18.324],[74.1194,18.3242],[74.1091,18.3264],[74.0921,18.3326],[74.0885,18.335],[74.0796,18.3363],[74.0713,18.3394],[74.0709,18.3409],[74.0678,18.3423],[74.0679,18.3436],[74.0332,18.3439],[74.0288,18.3476],[74.0283,18.3591],[74.0192,18.3702],[74.0166,18.3771],[74.0113,18.4085],[74.0045,18.416],[74.0022,18.4139],[73.9963,18.414],[73.9929,18.4164],[73.9897,18.4144],[73.9884,18.4219],[73.9867,18.4227],[73.9833,18.4218],[73.9792,18.433],[73.9702,18.4492],[73.9525,18.4867],[73.9472,18.4937],[73.939,18.4999]]}},{"type":"Feature","properties":{"id":"transit_route:gtfs_pune_pmpml:397","field":"public_transport","kind":"transit_route","name":"Hadapsar Gadital to Morgaon St Stand (DOWN)","ref":"212","status":"operational","opened_on":null,"expected_completion":null,"agency":"PMPML","source":"gtfs_pune_pmpml","confidence":0.7,"mode":"bus","tier":"secondary","geometry_source":"shape"},"geometry":{"type":"LineString","coordinates":[[73.9394,18.4999],[73.9473,18.4937],[73.9523,18.4873],[73.9702,18.4492],[73.9792,18.433],[73.9833,18.422],[73.9883,18.4221],[73.9897,18.4144],[73.9929,18.4164],[73.9963,18.414],[74.0022,18.4139],[74.0045,18.416],[74.0115,18.4084],[74.0167,18.3771],[74.0217,18.3665],[74.0284,18.3591],[74.0289,18.3476],[74.0332,18.3439],[74.0679,18.3436],[74.0678,18.3423],[74.0709,18.3409],[74.0713,18.3394],[74.0796,18.3363],[74.0885,18.335],[74.0921,18.3326],[74.1091,18.3264],[74.1194,18.3242],[74.1289,18.324],[74.1313,18.3186],[74.1333,18.317],[74.1328,18.3136],[74.1299,18.3099],[74.1276,18.298],[74.1285,18.2952],[74.128,18.2897],[74.1612,18.2781],[74.1729,18.2841],[74.1776,18.2832],[74.1892,18.2775],[74.2041,18.2757],[74.245,18.276],[74.2499,18.2779],[74.26,18.2783],[74.2678,18.276],[74.2757,18.2753],[74.2879,18.2762],[74.2928,18.2753],[74.3085,18.278],[74.321,18.2764]]}},{"type":"Feature","properties":{"id":"transit_route:gtfs_pune_pmpml:400","field":"public_transport","kind":"transit_route","name":"Nira to Hadapsar Gadital (UP)","ref":"213","status":"operational","opened_on":null,"expected_completion":null,"agency":"PMPML","source":"gtfs_pune_pmpml","confidence":0.7,"mode":"bus","tier":"secondary","geometry_source":"shape"},"geometry":{"type":"LineString","coordinates":[[74.2103,18.1028],[74.2134,18.099],[74.2162,18.1064],[74.2149,18.1029],[74.2116,18.1051],[74.2083,18.1054],[74.1765,18.148],[74.1742,18.1484],[74.1647,18.1756],[74.1567,18.185],[74.1568,18.1851],[74.1578,18.184],[74.1609,18.1804],[74.1633,18.1782],[74.165,18.1756],[74.1658,18.1733],[74.1647,18.1756],[74.1633,18.178],[74.1605,18.1807],[74.1583,18.1832],[74.1565,18.1852],[74.1549,18.1876],[74.1618,18.213],[74.172,18.2412],[74.1743,18.2435],[74.1777,18.2441],[74.1787,18.2462],[74.1771,18.2534],[74.1728,18.2611],[74.1752,18.2625],[74.1741,18.2618],[74.1728,18.2611],[74.1626,18.2775],[74.1254,18.2905],[74.128,18.2897],[74.1285,18.2907],[74.1276,18.298],[74.1299,18.3099],[74.1328,18.3136],[74.1333,18.317],[74.1313,18.3186],[74.1289,18.324],[74.1194,18.3242],[74.1091,18.3264],[74.0921,18.3326],[74.0885,18.335],[74.0796,18.3363],[74.0713,18.3394],[74.0709,18.3409],[74.0678,18.3423],[74.0679,18.3436],[74.0332,18.3439],[74.0291,18.3472],[74.0283,18.3591],[74.0192,18.3702],[74.0164,18.3777],[74.0113,18.4085],[74.0045,18.416],[74.0022,18.4139],[73.9963,18.414],[73.9929,18.4164],[73.9897,18.4144],[73.9884,18.4219],[73.9867,18.4227],[73.9833,18.4218],[73.9792,18.433],[73.9702,18.4492],[73.9525,18.4867],[73.9472,18.4937],[73.939,18.4999]]}},{"type":"Feature","properties":{"id":"transit_route:gtfs_pune_pmpml:401","field":"public_transport","kind":"transit_route","name":"Hadapsar Gadital to Nira (DOWN)","ref":"213","status":"operational","opened_on":null,"expected_completion":null,"agency":"PMPML","source":"gtfs_pune_pmpml","confidence":0.7,"mode":"bus","tier":"secondary","geometry_source":"shape"},"geometry":{"type":"LineString","coordinates":[[73.9394,18.5002],[73.9473,18.4937],[73.9523,18.4873],[73.9702,18.4492],[73.9792,18.433],[73.9833,18.422],[73.9883,18.4221],[73.9897,18.4144],[73.9929,18.4164],[73.9963,18.414],[74.0022,18.4139],[74.0045,18.416],[74.0115,18.4084],[74.0165,18.3777],[74.0193,18.3701],[74.0284,18.3591],[74.0291,18.3472],[74.0332,18.3439],[74.0679,18.3436],[74.0678,18.3423],[74.0709,18.3409],[74.0713,18.3394],[74.0796,18.3363],[74.0885,18.335],[74.0921,18.3326],[74.1091,18.3264],[74.1194,18.3242],[74.1289,18.324],[74.1313,18.3186],[74.1333,18.317],[74.1328,18.3136],[74.1299,18.3099],[74.1276,18.298],[74.1285,18.2952],[74.128,18.2897],[74.163,18.277],[74.1765,18.2548],[74.1789,18.2466],[74.1779,18.2441],[74.1744,18.2434],[74.1721,18.2412],[74.1717,18.2377],[74.1694,18.2342],[74.1619,18.213],[74.1549,18.1876],[74.1633,18.1782],[74.165,18.1756],[74.1658,18.1733],[74.1633,18.178],[74.1605,18.1807],[74.1567,18.185],[74.1633,18.1782],[74.164,18.1773],[74.165,18.1756],[74.1735,18.1523],[74.2063,18.1077],[74.2083,18.1054],[74.2116,18.1051],[74.2149,18.1029],[74.2162,18.1064],[74.2134,18.099],[74.2103,18.1028]]}},{"type":"Feature","properties":{"id":"transit_route:gtfs_pune_pmpml:402","field":"public_transport","kind":"transit_route","name":"Shingad Collage Ambegaon to Katraj (UP)","ref":"214","status":"operational","opened_on":null,"expected_completion":null,"agency":"PMPML","source":"gtfs_pune_pmpml","confidence":0.7,"mode":"bus","tier":"secondary","geometry_source":"shape"},"geometry":{"type":"LineString","coordinates":[[73.8364,18.4629],[73.836,18.4552],[73.8581,18.4485],[73.859,18.4468]]}},{"type":"Feature","properties":{"id":"transit_route:gtfs_pune_pmpml:403","field":"public_transport","kind":"transit_route","name":"Katraj to Shingad Collage Ambegaon (DOWN)","ref":"214","status":"operational","opened_on":null,"expected_completion":null,"agency":"PMPML","source":"gtfs_pune_pmpml","confidence":0.7,"mode":"bus","tier":"secondary","geometry_source":"shape"},"geometry":{"type":"LineString","coordinates":[[73.8587,18.4475],[73.8362,18.4547],[73.8353,18.4573],[73.8364,18.4629]]}},{"type":"Feature","properties":{"id":"transit_route:gtfs_pune_pmpml:404","field":"public_transport","kind":"transit_route","name":"Swargate to Chintamani Dnyanpith (UP)","ref":"215","status":"operational","opened_on":null,"expected_completion":null,"agency":"PMPML","source":"gtfs_pune_pmpml","confidence":0.7,"mode":"bus","tier":"secondary","geometry_source":"shape"},"geometry":{"type":"LineString","coordinates":[[73.8585,18.499],[73.8578,18.4924],[73.8577,18.4945],[73.8544,18.4948],[73.8541,18.4925],[73.8499,18.4927],[73.8497,18.4842],[73.8507,18.4783],[73.8524,18.4786],[73.853,18.4764],[73.8565,18.4762],[73.8582,18.4642],[73.8566,18.4639],[73.8547,18.4655],[73.8511,18.4599],[73.846,18.4591],[73.8459,18.4629],[73.8424,18.4627],[73.8399,18.4557]]}},{"type":"Feature","properties":{"id":"transit_route:gtfs_pune_pmpml:405","field":"public_transport","kind":"transit_route","name":"Chintamani Dnyanpith to Swargate (DOWN)","ref":"215","status":"operational","opened_on":null,"expected_completion":null,"agency":"PMPML","source":"gtfs_pune_pmpml","confidence":0.7,"mode":"bus","tier":"secondary","geometry_source":"shape"},"geometry":{"type":"LineString","coordinates":[[73.84,18.4558],[73.8424,18.4627],[73.8459,18.4629],[73.846,18.4591],[73.8511,18.4599],[73.8547,18.4655],[73.858,18.4641],[73.8563,18.4763],[73.853,18.4764],[73.8524,18.4786],[73.8507,18.4783],[73.8497,18.4842],[73.8499,18.4927],[73.8541,18.4925],[73.8537,18.5041],[73.8585,18.5011],[73.8585,18.499]]}},{"type":"Feature","properties":{"id":"transit_route:gtfs_pune_pmpml:410","field":"public_transport","kind":"transit_route","name":"Shivaji Nagar to Bharati Vidyapeeth (UP)","ref":"216","status":"operational","opened_on":null,"expected_completion":null,"agency":"PMPML","source":"gtfs_pune_pmpml","confidence":0.7,"mode":"bus","tier":"secondary","geometry_source":"shape"},"geometry":{"type":"LineString","coordinates":[[73.8498,18.531],[73.8525,18.5293],[73.8513,18.5274],[73.8561,18.5202],[73.8591,18.5042],[73.8564,18.4755],[73.8587,18.4542],[73.8511,18.454],[73.8514,18.4572]]}},{"type":"Feature","properties":{"id":"transit_route:gtfs_pune_pmpml:411","field":"public_transport","kind":"transit_route","name":"Bharati Vidyapeeth to Shivaji Nagar (DOWN)","ref":"216","status":"operational","opened_on":null,"expected_completion":null,"agency":"PMPML","source":"gtfs_pune_pmpml","confidence":0.7,"mode":"bus","tier":"secondary","geometry_source":"shape"},"geometry":{"type":"LineString","coordinates":[[73.8515,18.4572],[73.8532,18.4575],[73.8537,18.4546],[73.8585,18.4544],[73.8562,18.4753],[73.8584,18.5001],[73.854,18.5017],[73.8538,18.5156],[73.8552,18.5211],[73.8496,18.5302]]}},{"type":"Feature","properties":{"id":"transit_route:gtfs_pune_pmpml:414","field":"public_transport","kind":"transit_route","name":"Alandi to Kothrud Depot (UP)","ref":"219","status":"operational","opened_on":null,"expected_completion":null,"agency":"PMPML","source":"gtfs_pune_pmpml","confidence":0.7,"mode":"bus","tier":"secondary","geometry_source":"shape"},"geometry":{"type":"LineString","coordinates":[[73.8971,18.6748],[73.8931,18.6733],[73.8874,18.6644],[73.8838,18.6524],[73.8789,18.6425],[73.8749,18.6375],[73.8728,18.6015],[73.8752,18.5824],[73.8796,18.5676],[73.8772,18.5645],[73.8743,18.5537],[73.8711,18.5486],[73.8616,18.555],[73.8568,18.5529],[73.8518,18.5443],[73.8506,18.5378],[73.855,18.5308],[73.8513,18.5274],[73.8546,18.5232],[73.8478,18.5223],[73.841,18.5133],[73.8254,18.5059],[73.82,18.5104],[73.8069,18.5073],[73.795,18.5079]]}},{"type":"Feature","properties":{"id":"transit_route:gtfs_pune_pmpml:415","field":"public_transport","kind":"transit_route","name":"Kothrud Depot to Alandi (DOWN)","ref":"219","status":"operational","opened_on":null,"expected_completion":null,"agency":"PMPML","source":"gtfs_pune_pmpml","confidence":0.7,"mode":"bus","tier":"secondary","geometry_source":"shape"},"geometry":{"type":"LineString","coordinates":[[73.795,18.5079],[73.8076,18.5075],[73.8195,18.511],[73.8255,18.506],[73.8409,18.5133],[73.8423,18.5147],[73.8409,18.5225],[73.8422,18.527],[73.8495,18.5249],[73.8482,18.5228],[73.8531,18.5227],[73.8526,18.5245],[73.8536,18.525],[73.8499,18.5296],[73.8549,18.5305],[73.8505,18.5373],[73.8518,18.5465],[73.851,18.5491],[73.8525,18.5505],[73.8549,18.5494],[73.8569,18.553],[73.8615,18.5556],[73.8711,18.5488],[73.8742,18.5537],[73.8771,18.5646],[73.8794,18.5675],[73.8751,18.5823],[73.8728,18.6015],[73.8747,18.6373],[73.8792,18.6434],[73.8836,18.6524],[73.8873,18.6645],[73.8931,18.6734],[73.8971,18.6748]]}},{"type":"Feature","properties":{"id":"transit_route:gtfs_pune_pmpml:418","field":"public_transport","kind":"transit_route","name":"Sangvi Vasantdada Putala to Swargate (UP)","ref":"21","status":"operational","opened_on":null,"expected_completion":null,"agency":"PMPML","source":"gtfs_pune_pmpml","confidence":0.7,"mode":"bus","tier":"secondary","geometry_source":"shape"},"geometry":{"type":"LineString","coordinates":[[73.8257,18.5752],[73.812,18.5763],[73.8067,18.5736],[73.8092,18.5699],[73.8114,18.5689],[73.814,18.5617],[73.8095,18.5613],[73.8096,18.5501],[73.8293,18.542],[73.8428,18.5322],[73.8525,18.5293],[73.8513,18.5274],[73.8561,18.5202],[73.8579,18.5119],[73.8591,18.5042],[73.8585,18.499]]}},{"type":"Feature","properties":{"id":"transit_route:gtfs_pune_pmpml:419","field":"public_transport","kind":"transit_route","name":"Swargate to Sangvi Vasantdada Putala (DOWN)","ref":"21","status":"operational","opened_on":null,"expected_completion":null,"agency":"PMPML","source":"gtfs_pune_pmpml","confidence":0.7,"mode":"bus","tier":"secondary","geometry_source":"shape"},"geometry":{"type":"LineString","coordinates":[[73.8582,18.4995],[73.8581,18.5005],[73.854,18.5017],[73.8538,18.5156],[73.8552,18.5211],[73.8496,18.5302],[73.843,18.5319],[73.8227,18.5452],[73.8094,18.55],[73.8094,18.5612],[73.8139,18.5617],[73.8113,18.5689],[73.8091,18.5698],[73.8066,18.5737],[73.812,18.5763],[73.8257,18.5752]]}},{"type":"Feature","properties":{"id":"transit_route:gtfs_pune_pmpml:422","field":"public_transport","kind":"transit_route","name":"I V Estate Wagholi to Wagholi Kesnand Phata (UP)","ref":"221","status":"operational","opened_on":null,"expected_completion":null,"agency":"PMPML","source":"gtfs_pune_pmpml","confidence":0.7,"mode":"bus","tier":"secondary","geometry_source":"shape"},"geometry":{"type":"LineString","coordinates":[[74.007,18.5831],[73.9935,18.5856],[73.989,18.5828],[73.9975,18.5898],[73.9935,18.5856],[73.9931,18.5853],[73.9899,18.5833],[73.9882,18.5823],[73.9866,18.5816]]}},{"type":"Feature","properties":{"id":"transit_route:gtfs_pune_pmpml:423","field":"public_transport","kind":"transit_route","name":"Kesnand Phata Wagholi to IV VILLA LANE NO. 1 (DOWN)","ref":"221","status":"operational","opened_on":null,"expected_completion":null,"agency":"PMPML","source":"gtfs_pune_pmpml","confidence":0.7,"mode":"bus","tier":"secondary","geometry_source":"shape"},"geometry":{"type":"LineString","coordinates":[[73.9877,18.5806],[73.9866,18.5816],[73.9934,18.5856],[73.9975,18.5898],[73.9938,18.5848],[74.0043,18.5831]]}},{"type":"Feature","properties":{"id":"transit_route:gtfs_pune_pmpml:424","field":"public_transport","kind":"transit_route","name":"Hinjawadi Maan Phase 3 to Kharadi Gaon (UP)","ref":"225","status":"operational","opened_on":null,"expected_completion":null,"agency":"PMPML","source":"gtfs_pune_pmpml","confidence":0.7,"mode":"bus","tier":"secondary","geometry_source":"shape"},"geometry":{"type":"LineString","coordinates":[[73.6883,18.5766],[73.6873,18.5829],[73.6931,18.5833],[73.7047,18.5887],[73.7079,18.5937],[73.7186,18.5971],[73.7227,18.5947],[73.7354,18.5939],[73.7396,18.5912],[73.7512,18.5909],[73.7616,18.5925],[73.7688,18.5902],[73.7906,18.5868],[73.7961,18.5836],[73.8091,18.5698],[73.8113,18.5691],[73.8142,18.5613],[73.8278,18.5431],[73.8429,18.5321],[73.8525,18.5293],[73.8482,18.5228],[73.8507,18.5222],[73.857,18.5255],[73.858,18.5241],[73.8634,18.5279],[73.8701,18.5242],[73.8718,18.5245],[73.8733,18.5281],[73.8762,18.5281],[73.8756,18.5308],[73.884,18.5413],[73.8834,18.5451],[73.8897,18.5462],[73.8962,18.5522],[73.9193,18.5613],[73.9336,18.5634],[73.9387,18.5622],[73.9372,18.5507],[73.946,18.5484]]}},{"type":"Feature","properties":{"id":"transit_route:gtfs_pune_pmpml:425","field":"public_transport","kind":"transit_route","name":"Kharadi Gaon to Hinjawadi Maan Phase 3 (DOWN)","ref":"225","status":"operational","opened_on":null,"expected_completion":null,"agency":"PMPML","source":"gtfs_pune_pmpml","confidence":0.7,"mode":"bus","tier":"secondary","geometry_source":"shape"},"geometry":{"type":"LineString","coordinates":[[73.946,18.5484],[73.937,18.5507],[73.9385,18.5621],[73.9345,18.5633],[73.9212,18.5616],[73.8965,18.5521],[73.8898,18.546],[73.8848,18.5449],[73.8856,18.5379],[73.8831,18.5354],[73.8796,18.5347],[73.8757,18.5308],[73.8764,18.5234],[73.8702,18.5239],[73.8632,18.5276],[73.8579,18.5239],[73.8569,18.5253],[73.8531,18.5226],[73.8526,18.5245],[73.8536,18.525],[73.8496,18.5302],[73.843,18.5319],[73.8276,18.5429],[73.8139,18.5616],[73.8113,18.5689],[73.8092,18.5696],[73.796,18.5834],[73.7902,18.5869],[73.7689,18.59],[73.7611,18.5924],[73.751,18.5907],[73.7389,18.5913],[73.7404,18.5911],[73.7389,18.5912],[73.7366,18.5867],[73.7337,18.5858],[73.7322,18.594],[73.7227,18.5945],[73.7188,18.5969],[73.7116,18.5954],[73.7081,18.5935],[73.7047,18.5886],[73.6935,18.5832],[73.6883,18.5825],[73.6883,18.5766]]}},{"type":"Feature","properties":{"id":"transit_route:gtfs_pune_pmpml:432","field":"public_transport","kind":"transit_route","name":"Mhasoba Mandir Kharawade to Marketyard Depot (UP)","ref":"227A","status":"operational","opened_on":null,"expected_completion":null,"agency":"PMPML","source":"gtfs_pune_pmpml","confidence":0.7,"mode":"bus","tier":"secondary","geometry_source":"shape"},"geometry":{"type":"LineString","coordinates":[[73.5846,18.4542],[73.592,18.455],[73.5976,18.4594],[73.6128,18.4558],[73.6175,18.4588],[73.6201,18.457],[73.6236,18.4578],[73.6261,18.4616],[73.6311,18.4586],[73.6317,18.4626],[73.633,18.4635],[73.6319,18.467],[73.6377,18.4673],[73.6395,18.4695],[73.6484,18.4705],[73.6506,18.4725],[73.6525,18.4714],[73.6532,18.476],[73.6559,18.4762],[73.6586,18.48],[73.6621,18.4814],[73.6634,18.4828],[73.6636,18.4829],[73.6639,18.4831],[73.6648,18.4835],[73.6656,18.4842],[73.6659,18.4833],[73.6629,18.482],[73.6621,18.4814],[73.6615,18.4812],[73.661,18.4809],[73.6621,18.4814],[73.6625,18.4817],[73.6629,18.482],[73.6633,18.4824],[73.6636,18.4834],[73.6637,18.4836],[73.6647,18.4847],[73.6633,18.4873],[73.6633,18.4916],[73.6731,18.5009],[73.6779,18.513],[73.6896,18.5101],[73.6987,18.511],[73.7071,18.5047],[73.7102,18.4996],[73.7139,18.4982],[73.7196,18.4985],[73.7277,18.5014],[73.7351,18.4981],[73.7397,18.5002],[73.7479,18.5017],[73.7546,18.5002],[73.77,18.5078],[73.7766,18.5071],[73.7907,18.5085],[73.8027,18.507],[73.8195,18.511],[73.8255,18.506],[73.8424,18.5146],[73.8439,18.5127],[73.8433,18.5105],[73.8452,18.5042],[73.8454,18.5033],[73.8454,18.5032],[73.8455,18.5032],[73.8456,18.5012],[73.847,18.5013],[73.8489,18.5007],[73.8456,18.5011],[73.8453,18.5033],[73.8454,18.5032],[73.8458,18.5032],[73.8472,18.504],[73.8488,18.5042],[73.8535,18.5042],[73.8539,18.5052],[73.8585,18.5011],[73.8576,18.4894],[73.8701,18.4895],[73.8715,18.4837]]}},{"type":"Feature","properties":{"id":"transit_route:gtfs_pune_pmpml:433","field":"public_transport","kind":"transit_route","name":"Marketyard Depot to Mhasoba Mandir Kharawade (DOWN)","ref":"227A","status":"operational","opened_on":null,"expected_completion":null,"agency":"PMPML","source":"gtfs_pune_pmpml","confidence":0.7,"mode":"bus","tier":"secondary","geometry_source":"shape"},"geometry":{"type":"LineString","coordinates":[[73.8714,18.4837],[73.8701,18.4894],[73.8574,18.4893],[73.8583,18.5002],[73.8542,18.5014],[73.8535,18.5041],[73.8507,18.5043],[73.8508,18.4993],[73.8456,18.5011],[73.8432,18.5106],[73.8438,18.5127],[73.8423,18.5143],[73.8254,18.5059],[73.8196,18.5105],[73.8028,18.5069],[73.7907,18.5084],[73.7817,18.5063],[73.7795,18.5075],[73.77,18.5078],[73.7546,18.5002],[73.7479,18.5017],[73.7397,18.5002],[73.7351,18.4981],[73.7277,18.5014],[73.7196,18.4985],[73.7139,18.4982],[73.7102,18.4996],[73.7071,18.5047],[73.6987,18.511],[73.6896,18.5101],[73.6779,18.513],[73.6731,18.5009],[73.6633,18.4916],[73.6633,18.4873],[73.6646,18.4846],[73.6625,18.4817],[73.6584,18.4798],[73.6561,18.4764],[73.6532,18.476],[73.6525,18.4714],[73.6506,18.4725],[73.6484,18.4705],[73.6395,18.4695],[73.6377,18.4673],[73.6319,18.467],[73.633,18.4635],[73.6317,18.4626],[73.6311,18.4586],[73.6261,18.4616],[73.6236,18.4578],[73.6201,18.457],[73.6175,18.4588],[73.6128,18.4558],[73.5976,18.4594],[73.5899,18.4544]]}},{"type":"Feature","properties":{"id":"transit_route:gtfs_pune_pmpml:434","field":"public_transport","kind":"transit_route","name":"Marnewadi to Marketyard Depot (UP)","ref":"227","status":"operational","opened_on":null,"expected_completion":null,"agency":"PMPML","source":"gtfs_pune_pmpml","confidence":0.7,"mode":"bus","tier":"secondary","geometry_source":"shape"},"geometry":{"type":"LineString","coordinates":[[73.6386,18.4738],[73.6399,18.4724],[73.6473,18.4729],[73.654,18.4779],[73.6628,18.4819],[73.6647,18.4847],[73.6633,18.4873],[73.6633,18.4916],[73.6731,18.5009],[73.6779,18.513],[73.6896,18.5101],[73.6987,18.511],[73.7071,18.5047],[73.7102,18.4996],[73.7139,18.4982],[73.7196,18.4985],[73.7277,18.5014],[73.7351,18.4981],[73.7397,18.5002],[73.7479,18.5017],[73.7546,18.5002],[73.77,18.5078],[73.7766,18.5071],[73.7907,18.5085],[73.8027,18.507],[73.8195,18.511],[73.8255,18.506],[73.8424,18.5146],[73.8439,18.5127],[73.8433,18.5105],[73.8454,18.5032],[73.8535,18.5042],[73.8539,18.5052],[73.8585,18.5011],[73.8576,18.4894],[73.8701,18.4895],[73.8715,18.4837]]}},{"type":"Feature","properties":{"id":"transit_route:gtfs_pune_pmpml:435","field":"public_transport","kind":"transit_route","name":"Marketyard Depot to Marnewadi (DOWN)","ref":"227","status":"operational","opened_on":null,"expected_completion":null,"agency":"PMPML","source":"gtfs_pune_pmpml","confidence":0.7,"mode":"bus","tier":"secondary","geometry_source":"shape"},"geometry":{"type":"LineString","coordinates":[[73.8714,18.4837],[73.8701,18.4894],[73.8574,18.4893],[73.8583,18.5002],[73.8542,18.5014],[73.8535,18.5041],[73.8507,18.5043],[73.8508,18.4993],[73.8456,18.5011],[73.8432,18.5106],[73.8438,18.5127],[73.8423,18.5143],[73.8254,18.5059],[73.8196,18.5105],[73.8028,18.5069],[73.7907,18.5084],[73.7817,18.5063],[73.7795,18.5075],[73.77,18.5078],[73.7546,18.5002],[73.7479,18.5017],[73.7397,18.5002],[73.7351,18.4981],[73.7277,18.5014],[73.7196,18.4985],[73.7139,18.4982],[73.7102,18.4996],[73.7071,18.5047],[73.6987,18.511],[73.6896,18.5101],[73.6779,18.513],[73.6731,18.5009],[73.6633,18.4916],[73.6633,18.4873],[73.6647,18.4847],[73.6628,18.4819],[73.6558,18.4788],[73.6547,18.4797],[73.653,18.4799],[73.6529,18.4799],[73.6526,18.4803],[73.6525,18.4803],[73.6522,18.4804],[73.64,18.4818],[73.6395,18.4834],[73.639,18.484],[73.6386,18.485],[73.6395,18.4834],[73.6395,18.4831],[73.64,18.4818],[73.6463,18.4804],[73.6522,18.4804],[73.6547,18.4797],[73.655,18.4795],[73.6558,18.4788],[73.6473,18.4729],[73.6399,18.4724],[73.6386,18.4738]]}},{"type":"Feature","properties":{"id":"transit_route:gtfs_pune_pmpml:440","field":"public_transport","kind":"transit_route","name":"Vadgaon Mawal to Katraj (UP)","ref":"228","status":"operational","opened_on":null,"expected_completion":null,"agency":"PMPML","source":"gtfs_pune_pmpml","confidence":0.7,"mode":"bus","tier":"secondary","geometry_source":"shape"},"geometry":{"type":"LineString","coordinates":[[73.6309,18.7439],[73.6354,18.7385],[73.6449,18.7357],[73.6539,18.7283],[73.659,18.7294],[73.6647,18.733],[73.6738,18.7327],[73.6844,18.7216],[73.6753,18.7152],[73.6893,18.7015],[73.7072,18.6974],[73.7207,18.6869],[73.7516,18.6075],[73.7524,18.606],[73.7539,18.6064],[73.7525,18.6056],[73.7535,18.6024],[73.7743,18.5455],[73.7812,18.5387],[73.7784,18.529],[73.7727,18.5256],[73.7697,18.5217],[73.7689,18.5176],[73.77,18.5134],[73.775,18.5092],[73.7915,18.5063],[73.7926,18.5029],[73.7882,18.4966],[73.7884,18.4935],[73.802,18.4829],[73.824,18.4596],[73.8581,18.4485],[73.859,18.4468]]}},{"type":"Feature","properties":{"id":"transit_route:gtfs_pune_pmpml:445","field":"public_transport","kind":"transit_route","name":"Katraj to Vadgaon Mawal (DOWN)","ref":"228","status":"operational","opened_on":null,"expected_completion":null,"agency":"PMPML","source":"gtfs_pune_pmpml","confidence":0.7,"mode":"bus","tier":"secondary","geometry_source":"shape"},"geometry":{"type":"LineString","coordinates":[[73.8587,18.4475],[73.8367,18.4539],[73.8406,18.4534],[73.8238,18.4594],[73.8021,18.4826],[73.7887,18.4928],[73.7879,18.4962],[73.7924,18.5029],[73.7914,18.5063],[73.7749,18.5091],[73.7698,18.5134],[73.7688,18.5172],[73.7696,18.5218],[73.7726,18.5257],[73.7783,18.529],[73.781,18.5387],[73.7742,18.5454],[73.7407,18.6341],[73.7407,18.6342],[73.7418,18.6353],[73.7419,18.6353],[73.7407,18.6341],[73.7203,18.6871],[73.7072,18.6973],[73.69,18.7008],[73.6752,18.7151],[73.6844,18.7216],[73.6738,18.7327],[73.6647,18.733],[73.659,18.7294],[73.654,18.728],[73.6449,18.7356],[73.6353,18.7384],[73.6309,18.7439]]}},{"type":"Feature","properties":{"id":"transit_route:gtfs_pune_pmpml:448","field":"public_transport","kind":"transit_route","name":"Shilim Gaon to Marketyard Depot (UP)","ref":"231","status":"operational","opened_on":null,"expected_completion":null,"agency":"PMPML","source":"gtfs_pune_pmpml","confidence":0.7,"mode":"bus","tier":"secondary","geometry_source":"shape"},"geometry":{"type":"LineString","coordinates":[[73.4683,18.6149],[73.4771,18.6114],[73.4891,18.612],[73.4902,18.6143],[73.4925,18.6152],[73.4945,18.6144],[73.4951,18.6157],[73.496,18.6147],[73.5009,18.6161],[73.5071,18.6213],[73.5164,18.6115],[73.5168,18.6077],[73.5214,18.599],[73.5207,18.5914],[73.5229,18.5905],[73.5307,18.5825],[73.5339,18.5819],[73.5436,18.5745],[73.5693,18.5712],[73.5786,18.5631],[73.5887,18.5591],[73.599,18.5528],[73.6007,18.551],[73.6006,18.546],[73.6027,18.5388],[73.6063,18.5356],[73.6082,18.5319],[73.6121,18.5278],[73.6175,18.5259],[73.6188,18.5237],[73.6254,18.5206],[73.6409,18.5201],[73.6427,18.5173],[73.648,18.5186],[73.6519,18.5149],[73.6564,18.5155],[73.6627,18.5136],[73.6779,18.5129],[73.6896,18.5101],[73.6984,18.5111],[73.7071,18.5047],[73.7104,18.4995],[73.7144,18.4981],[73.7196,18.4985],[73.7277,18.5014],[73.7351,18.4981],[73.7397,18.5002],[73.7479,18.5017],[73.7544,18.5001],[73.77,18.5078],[73.7766,18.5071],[73.7907,18.5085],[73.8027,18.507],[73.8195,18.511],[73.8255,18.506],[73.8424,18.5146],[73.8439,18.5127],[73.8433,18.5105],[73.8454,18.5032],[73.8535,18.5042],[73.8539,18.5052],[73.8585,18.5011],[73.8576,18.4894],[73.8701,18.4895],[73.8715,18.4837]]}},{"type":"Feature","properties":{"id":"transit_route:gtfs_pune_pmpml:449","field":"public_transport","kind":"transit_route","name":"Marketyard Depot to Shilim Gaon (DOWN)","ref":"231","status":"operational","opened_on":null,"expected_completion":null,"agency":"PMPML","source":"gtfs_pune_pmpml","confidence":0.7,"mode":"bus","tier":"secondary","geometry_source":"shape"},"geometry":{"type":"LineString","coordinates":[[73.8714,18.4837],[73.8701,18.4894],[73.8574,18.4893],[73.8583,18.5003],[73.8542,18.5014],[73.8533,18.5042],[73.8473,18.504],[73.8453,18.5029],[73.8432,18.5106],[73.8438,18.5127],[73.8423,18.5143],[73.8254,18.5059],[73.8196,18.5105],[73.8028,18.5069],[73.7907,18.5084],[73.7817,18.5063],[73.7795,18.5075],[73.77,18.5078],[73.7544,18.5001],[73.7479,18.5017],[73.7397,18.5002],[73.7351,18.4981],[73.7277,18.5014],[73.7196,18.4985],[73.7142,18.4982],[73.7104,18.4995],[73.7071,18.5047],[73.6984,18.5111],[73.6896,18.5101],[73.6781,18.5129],[73.6627,18.5136],[73.6564,18.5155],[73.6519,18.5149],[73.648,18.5186],[73.6427,18.5173],[73.6409,18.5201],[73.6254,18.5206],[73.6188,18.5237],[73.6175,18.5259],[73.6121,18.5278],[73.6082,18.5319],[73.6063,18.5356],[73.6027,18.5388],[73.6006,18.546],[73.6007,18.551],[73.599,18.5528],[73.5887,18.5591],[73.5786,18.5631],[73.5693,18.5712],[73.5436,18.5745],[73.5338,18.5819],[73.5307,18.5825],[73.5229,18.5905],[73.5207,18.5914],[73.5214,18.599],[73.5168,18.6077],[73.5164,18.6115],[73.5071,18.6213],[73.5009,18.6161],[73.496,18.6147],[73.4951,18.6157],[73.4945,18.6144],[73.4925,18.6152],[73.4902,18.6143],[73.4891,18.612],[73.4771,18.6114],[73.4683,18.6149]]}},{"type":"Feature","properties":{"id":"transit_route:gtfs_pune_pmpml:450","field":"public_transport","kind":"transit_route","name":"Gram Panchayat Belawade to Marketyard Depot (UP)","ref":"232","status":"operational","opened_on":null,"expected_completion":null,"agency":"PMPML","source":"gtfs_pune_pmpml","confidence":0.7,"mode":"bus","tier":"secondary","geometry_source":"shape"},"geometry":{"type":"LineString","coordinates":[[73.6015,18.4893],[73.5981,18.4908],[73.5965,18.4951],[73.5942,18.4962],[73.5935,18.4987],[73.5903,18.5022],[73.5887,18.4961],[73.5886,18.496],[73.5883,18.496],[73.5876,18.4958],[73.5871,18.4958],[73.5866,18.4954],[73.5865,18.4952],[73.5864,18.4948],[73.5862,18.4944],[73.5863,18.4933],[73.5862,18.4931],[73.5853,18.4926],[73.5853,18.4925],[73.5852,18.492],[73.585,18.4913],[73.585,18.4912],[73.5855,18.4891],[73.5853,18.4887],[73.5849,18.4879],[73.5848,18.4877],[73.5826,18.4875],[73.5804,18.4865],[73.5798,18.4863],[73.5795,18.4863],[73.5826,18.4875],[73.5844,18.4876],[73.5848,18.4877],[73.5853,18.4887],[73.5855,18.4889],[73.5855,18.4891],[73.585,18.4913],[73.5862,18.4931],[73.5862,18.4944],[73.5865,18.4952],[73.5871,18.4958],[73.5887,18.4961],[73.5904,18.5027],[73.5897,18.5042],[73.5914,18.5067],[73.5921,18.5118],[73.5942,18.5136],[73.5921,18.5185],[73.5926,18.5244],[73.6094,18.5242],[73.6118,18.5228],[73.6179,18.5242],[73.6256,18.5205],[73.641,18.5201],[73.6425,18.5173],[73.648,18.5186],[73.6519,18.5149],[73.6564,18.5155],[73.6627,18.5136],[73.6779,18.5129],[73.6896,18.5101],[73.6982,18.5111],[73.7071,18.5047],[73.7104,18.4995],[73.7142,18.4982],[73.7196,18.4985],[73.7277,18.5014],[73.7351,18.4981],[73.7397,18.5002],[73.7479,18.5017],[73.7544,18.5001],[73.77,18.5078],[73.7766,18.5071],[73.7907,18.5085],[73.8027,18.507],[73.8195,18.511],[73.8255,18.506],[73.8424,18.5146],[73.844,18.512],[73.8585,18.5011],[73.8576,18.4894],[73.8701,18.4895],[73.8715,18.4837]]}},{"type":"Feature","properties":{"id":"transit_route:gtfs_pune_pmpml:451","field":"public_transport","kind":"transit_route","name":"Marketyard Depot to Gram Panchayat Belawade (DOWN)","ref":"232","status":"operational","opened_on":null,"expected_completion":null,"agency":"PMPML","source":"gtfs_pune_pmpml","confidence":0.7,"mode":"bus","tier":"secondary","geometry_source":"shape"},"geometry":{"type":"LineString","coordinates":[[73.8714,18.4837],[73.8701,18.4894],[73.8574,18.4893],[73.8583,18.5003],[73.8542,18.5014],[73.8533,18.5057],[73.8423,18.5143],[73.8254,18.5059],[73.8196,18.5105],[73.8028,18.5069],[73.7907,18.5084],[73.7817,18.5063],[73.7795,18.5075],[73.77,18.5078],[73.7544,18.5001],[73.7479,18.5017],[73.7397,18.5002],[73.7351,18.4981],[73.7277,18.5014],[73.7196,18.4985],[73.7142,18.4982],[73.7104,18.4995],[73.7071,18.5047],[73.6982,18.5111],[73.6896,18.5101],[73.6781,18.5129],[73.6627,18.5136],[73.6564,18.5155],[73.6519,18.5149],[73.648,18.5186],[73.6425,18.5173],[73.641,18.5201],[73.6256,18.5205],[73.6179,18.5242],[73.6118,18.5228],[73.606,18.5244],[73.604,18.5242],[73.6,18.5244],[73.594,18.5244],[73.5876,18.5243],[73.5926,18.5244],[73.5925,18.5241],[73.5924,18.5239],[73.592,18.5216],[73.5921,18.5185],[73.5942,18.5136],[73.5921,18.5118],[73.5914,18.5067],[73.5897,18.5042],[73.5904,18.5027],[73.5899,18.5017],[73.5899,18.5012],[73.5896,18.5007],[73.5894,18.5001],[73.5891,18.4993],[73.589,18.4987],[73.5889,18.4986],[73.5889,18.4982],[73.5887,18.4969],[73.5887,18.4961],[73.5886,18.496],[73.5883,18.496],[73.5876,18.4958],[73.5871,18.4958],[73.5865,18.4952],[73.5864,18.4948],[73.5862,18.4944],[73.5863,18.4933],[73.5862,18.4931],[73.585,18.4913],[73.5854,18.4903],[73.5856,18.4893],[73.5855,18.4891],[73.5853,18.4887],[73.5849,18.4879],[73.5826,18.4875],[73.5804,18.4865],[73.5798,18.4863],[73.5795,18.4863],[73.5826,18.4875],[73.5848,18.4877],[73.5849,18.4879],[73.5851,18.4885],[73.5853,18.4887],[73.5855,18.4889],[73.5855,18.4891],[73.585,18.4912],[73.585,18.4913],[73.5852,18.492],[73.5853,18.4925],[73.5862,18.4931],[73.5862,18.4944],[73.5865,18.4952],[73.5866,18.4954],[73.5871,18.4958],[73.5887,18.4961],[73.5903,18.5022],[73.5935,18.4987],[73.5942,18.4962],[73.5965,18.4951],[73.5981,18.4908],[73.6024,18.4887],[73.6032,18.4871]]}},{"type":"Feature","properties":{"id":"transit_route:gtfs_pune_pmpml:452","field":"public_transport","kind":"transit_route","name":"Kolwan Gaon to Marketyard Depot (UP)","ref":"233A","status":"operational","opened_on":null,"expected_completion":null,"agency":"PMPML","source":"gtfs_pune_pmpml","confidence":0.7,"mode":"bus","tier":"secondary","geometry_source":"shape"},"geometry":{"type":"LineString","coordinates":[[73.5339,18.5819],[73.5436,18.5745],[73.5693,18.5712],[73.5786,18.5631],[73.5887,18.5591],[73.599,18.5528],[73.6007,18.551],[73.6006,18.546],[73.6027,18.5388],[73.6063,18.5356],[73.6082,18.5319],[73.6121,18.5278],[73.6175,18.5259],[73.6188,18.5237],[73.6256,18.5205],[73.6409,18.5201],[73.6427,18.5173],[73.648,18.5186],[73.6519,18.5149],[73.6564,18.5155],[73.6627,18.5136],[73.6779,18.5129],[73.6896,18.5101],[73.6984,18.5111],[73.7071,18.5047],[73.7104,18.4995],[73.7144,18.4981],[73.7196,18.4985],[73.7277,18.5014],[73.7351,18.4981],[73.7397,18.5002],[73.7479,18.5017],[73.7544,18.5001],[73.77,18.5078],[73.7766,18.5071],[73.7907,18.5085],[73.8027,18.507],[73.8195,18.511],[73.8255,18.506],[73.8424,18.5146],[73.8439,18.5127],[73.8433,18.5105],[73.8454,18.5032],[73.8535,18.5042],[73.8539,18.5052],[73.8585,18.5011],[73.8576,18.4894],[73.8701,18.4895],[73.8715,18.4837]]}},{"type":"Feature","properties":{"id":"transit_route:gtfs_pune_pmpml:453","field":"public_transport","kind":"transit_route","name":"Marketyard Depot to Kolwan Gaon (DOWN)","ref":"233A","status":"operational","opened_on":null,"expected_completion":null,"agency":"PMPML","source":"gtfs_pune_pmpml","confidence":0.7,"mode":"bus","tier":"secondary","geometry_source":"shape"},"geometry":{"type":"LineString","coordinates":[[73.8714,18.4837],[73.8701,18.4894],[73.8574,18.4893],[73.8583,18.5002],[73.8542,18.5014],[73.8535,18.5041],[73.8507,18.5043],[73.8508,18.4993],[73.8456,18.5011],[73.8432,18.5106],[73.8438,18.5127],[73.8423,18.5143],[73.8254,18.5059],[73.8196,18.5105],[73.8028,18.5069],[73.7907,18.5084],[73.7817,18.5063],[73.7795,18.5075],[73.77,18.5078],[73.7544,18.5001],[73.7479,18.5017],[73.7397,18.5002],[73.7351,18.4981],[73.7277,18.5014],[73.7196,18.4985],[73.7142,18.4982],[73.7104,18.4995],[73.7071,18.5047],[73.6984,18.5111],[73.6896,18.5101],[73.6781,18.5129],[73.6627,18.5136],[73.6564,18.5155],[73.6519,18.5149],[73.648,18.5186],[73.6427,18.5173],[73.6409,18.5201],[73.6256,18.5205],[73.6188,18.5237],[73.6175,18.5259],[73.6121,18.5278],[73.6082,18.5319],[73.6063,18.5356],[73.6027,18.5388],[73.6006,18.546],[73.6007,18.551],[73.599,18.5528],[73.5887,18.5591],[73.5786,18.5631],[73.5693,18.5712],[73.5436,18.5745],[73.5339,18.5818]]}},{"type":"Feature","properties":{"id":"transit_route:gtfs_pune_pmpml:454","field":"public_transport","kind":"transit_route","name":"Bhadasgaon to Marketyard Depot (UP)","ref":"233B","status":"operational","opened_on":null,"expected_completion":null,"agency":"PMPML","source":"gtfs_pune_pmpml","confidence":0.7,"mode":"bus","tier":"secondary","geometry_source":"shape"},"geometry":{"type":"LineString","coordinates":[[73.5361,18.5472],[73.5428,18.5426],[73.5611,18.5419],[73.5686,18.5436],[73.5766,18.5422],[73.5817,18.5389],[73.5855,18.5302],[73.5918,18.5292],[73.6029,18.5333],[73.6072,18.5323],[73.6121,18.5278],[73.6175,18.5259],[73.6188,18.5237],[73.6254,18.5206],[73.6409,18.5201],[73.6427,18.5173],[73.648,18.5186],[73.6517,18.5149],[73.6564,18.5155],[73.6627,18.5136],[73.6714,18.5135],[73.6747,18.5177],[73.6779,18.513],[73.6835,18.5111],[73.6875,18.5114],[73.6896,18.5101],[73.6987,18.511],[73.7071,18.5047],[73.7102,18.4996],[73.7142,18.4982],[73.7196,18.4985],[73.7277,18.5014],[73.7351,18.4981],[73.7397,18.5002],[73.7479,18.5017],[73.7544,18.5001],[73.77,18.5078],[73.7766,18.5071],[73.7907,18.5085],[73.8027,18.507],[73.8195,18.511],[73.8255,18.506],[73.8424,18.5146],[73.8439,18.5127],[73.8433,18.5105],[73.8454,18.5032],[73.8535,18.5042],[73.8539,18.5052],[73.8585,18.5011],[73.8576,18.4894],[73.8701,18.4895],[73.8715,18.4837]]}},{"type":"Feature","properties":{"id":"transit_route:gtfs_pune_pmpml:455","field":"public_transport","kind":"transit_route","name":"Marketyard Depot to Bhadasgaon (DOWN)","ref":"233B","status":"operational","opened_on":null,"expected_completion":null,"agency":"PMPML","source":"gtfs_pune_pmpml","confidence":0.7,"mode":"bus","tier":"secondary","geometry_source":"shape"},"geometry":{"type":"LineString","coordinates":[[73.8714,18.4837],[73.8701,18.4894],[73.8574,18.4893],[73.8583,18.5002],[73.8542,18.5014],[73.8535,18.5041],[73.8507,18.5043],[73.8508,18.4993],[73.8456,18.5011],[73.8432,18.5106],[73.8438,18.5127],[73.8423,18.5143],[73.8254,18.5059],[73.8196,18.5105],[73.8028,18.5069],[73.7907,18.5084],[73.7817,18.5063],[73.7795,18.5075],[73.77,18.5078],[73.7544,18.5001],[73.7479,18.5017],[73.7397,18.5002],[73.7351,18.4981],[73.7277,18.5014],[73.7196,18.4985],[73.7142,18.4982],[73.7104,18.4995],[73.7071,18.5047],[73.6984,18.5111],[73.6896,18.5101],[73.6781,18.5129],[73.6627,18.5136],[73.6564,18.5155],[73.6519,18.5149],[73.648,18.5186],[73.6427,18.5173],[73.6409,18.5201],[73.6256,18.5205],[73.6188,18.5237],[73.6175,18.5259],[73.6121,18.5278],[73.6072,18.5323],[73.6029,18.5333],[73.5918,18.5292],[73.5855,18.5302],[73.5817,18.5389],[73.5766,18.5422],[73.5686,18.5436],[73.5611,18.5419],[73.5428,18.5426],[73.5361,18.5472]]}},{"type":"Feature","properties":{"id":"transit_route:gtfs_pune_pmpml:456","field":"public_transport","kind":"transit_route","name":"Paud Shashkiy Vishram Gruh to Marketyard Depot (UP)","ref":"233","status":"operational","opened_on":null,"expected_completion":null,"agency":"PMPML","source":"gtfs_pune_pmpml","confidence":0.7,"mode":"bus","tier":"secondary","geometry_source":"shape"},"geometry":{"type":"LineString","coordinates":[[73.6077,18.5242],[73.6128,18.5228],[73.6179,18.5242],[73.6288,18.52],[73.6409,18.5201],[73.6424,18.5173],[73.6479,18.5187],[73.6512,18.515],[73.6564,18.5155],[73.6627,18.5136],[73.6714,18.5135],[73.6747,18.5177],[73.6779,18.513],[73.6835,18.5111],[73.6875,18.5114],[73.6896,18.5101],[73.6987,18.511],[73.7071,18.5047],[73.7102,18.4996],[73.7142,18.4982],[73.7196,18.4985],[73.7277,18.5014],[73.7351,18.4981],[73.7397,18.5002],[73.7479,18.5017],[73.7544,18.5001],[73.77,18.5078],[73.7766,18.5071],[73.7907,18.5085],[73.8027,18.507],[73.8195,18.511],[73.8255,18.506],[73.8424,18.5146],[73.8439,18.5127],[73.8433,18.5105],[73.8454,18.5032],[73.8535,18.5042],[73.8539,18.5052],[73.8585,18.5011],[73.8576,18.4894],[73.8701,18.4895],[73.8715,18.4837]]}},{"type":"Feature","properties":{"id":"transit_route:gtfs_pune_pmpml:457","field":"public_transport","kind":"transit_route","name":"Marketyard Depot to Paud Shashkiy Vishram Gruh (DOWN)","ref":"233","status":"operational","opened_on":null,"expected_completion":null,"agency":"PMPML","source":"gtfs_pune_pmpml","confidence":0.7,"mode":"bus","tier":"secondary","geometry_source":"shape"},"geometry":{"type":"LineString","coordinates":[[73.8714,18.4837],[73.8701,18.4894],[73.8574,18.4893],[73.8583,18.5002],[73.8542,18.5014],[73.8535,18.5041],[73.8507,18.5043],[73.8508,18.4993],[73.8456,18.5011],[73.8432,18.5106],[73.8438,18.5127],[73.8423,18.5143],[73.8254,18.5059],[73.8196,18.5105],[73.8028,18.5069],[73.7907,18.5084],[73.7817,18.5063],[73.7795,18.5075],[73.77,18.5078],[73.7544,18.5001],[73.7479,18.5017],[73.7397,18.5002],[73.7351,18.4981],[73.7277,18.5014],[73.7196,18.4985],[73.7142,18.4982],[73.7104,18.4995],[73.7071,18.5047],[73.6984,18.5111],[73.6896,18.5101],[73.6781,18.5129],[73.6627,18.5136],[73.6564,18.5155],[73.6519,18.5149],[73.648,18.5186],[73.6424,18.5173],[73.6409,18.5201],[73.6256,18.5205],[73.6179,18.5242],[73.6118,18.5228],[73.6094,18.5242],[73.6031,18.5243]]}},{"type":"Feature","properties":{"id":"transit_route:gtfs_pune_pmpml:458","field":"public_transport","kind":"transit_route","name":"Dhole Patil Collage to Ma Na Pa Shramik Bhavan (UP)","ref":"234","status":"operational","opened_on":null,"expected_completion":null,"agency":"PMPML","source":"gtfs_pune_pmpml","confidence":0.7,"mode":"bus","tier":"secondary","geometry_source":"shape"},"geometry":{"type":"LineString","coordinates":[[73.9617,18.5547],[73.9604,18.5511],[73.9557,18.5514],[73.9551,18.5613],[73.9539,18.5638],[73.9492,18.5638],[73.9501,18.5539],[73.9479,18.5538],[73.9473,18.5484],[73.9452,18.5484],[73.937,18.5507],[73.9373,18.5526],[73.9312,18.5594],[73.928,18.5595],[73.9279,18.5626],[73.929,18.5628],[73.918,18.5607],[73.9111,18.5584],[73.9063,18.5552],[73.8965,18.5521],[73.8898,18.546],[73.8848,18.5449],[73.8856,18.5379],[73.8831,18.5354],[73.8796,18.5347],[73.8757,18.5308],[73.8764,18.5234],[73.8702,18.5239],[73.8634,18.5276],[73.8579,18.5239],[73.8569,18.5253],[73.8562,18.5247]]}},{"type":"Feature","properties":{"id":"transit_route:gtfs_pune_pmpml:459","field":"public_transport","kind":"transit_route","name":"Ma Na Pa Shramik Bhavan to Dhole Patil Collage (DOWN)","ref":"234","status":"operational","opened_on":null,"expected_completion":null,"agency":"PMPML","source":"gtfs_pune_pmpml","confidence":0.7,"mode":"bus","tier":"secondary","geometry_source":"shape"},"geometry":{"type":"LineString","coordinates":[[73.8561,18.5247],[73.857,18.5255],[73.858,18.5241],[73.8635,18.5279],[73.8701,18.5242],[73.8718,18.5245],[73.8733,18.5281],[73.8762,18.5281],[73.8756,18.5308],[73.884,18.5413],[73.8834,18.5451],[73.8897,18.5462],[73.8962,18.5522],[73.9194,18.5614],[73.9305,18.5632],[73.9279,18.5627],[73.9281,18.5595],[73.9312,18.5594],[73.9374,18.5525],[73.9372,18.5507],[73.9453,18.5485],[73.9472,18.5488],[73.9476,18.5539],[73.9501,18.5543],[73.9492,18.5638],[73.9539,18.564],[73.9552,18.5613],[73.9558,18.5514],[73.9603,18.5513],[73.9617,18.5547]]}},{"type":"Feature","properties":{"id":"transit_route:gtfs_pune_pmpml:460","field":"public_transport","kind":"transit_route","name":"Kharadi Gaon to Katraj (UP)","ref":"235","status":"operational","opened_on":null,"expected_completion":null,"agency":"PMPML","source":"gtfs_pune_pmpml","confidence":0.7,"mode":"bus","tier":"secondary","geometry_source":"shape"},"geometry":{"type":"LineString","coordinates":[[73.946,18.5484],[73.937,18.5507],[73.9373,18.5526],[73.9312,18.5594],[73.928,18.5595],[73.9272,18.5627],[73.9111,18.5584],[73.9063,18.5552],[73.8963,18.552],[73.8898,18.546],[73.8848,18.5449],[73.8856,18.5379],[73.8831,18.5354],[73.8796,18.5347],[73.8757,18.5308],[73.8764,18.5234],[73.8712,18.5245],[73.8675,18.5229],[73.8693,18.5014],[73.8646,18.4998],[73.8585,18.5],[73.8564,18.4752],[73.859,18.4468]]}},{"type":"Feature","properties":{"id":"transit_route:gtfs_pune_pmpml:461","field":"public_transport","kind":"transit_route","name":"Katraj to Kharadi Gaon (DOWN)","ref":"235","status":"operational","opened_on":null,"expected_completion":null,"agency":"PMPML","source":"gtfs_pune_pmpml","confidence":0.7,"mode":"bus","tier":"secondary","geometry_source":"shape"},"geometry":{"type":"LineString","coordinates":[[73.8587,18.4475],[73.8581,18.464],[73.8562,18.4753],[73.8582,18.4998],[73.8649,18.5],[73.8691,18.5016],[73.8675,18.5255],[73.8701,18.5242],[73.8733,18.5281],[73.8762,18.5281],[73.8756,18.5308],[73.8841,18.5414],[73.8834,18.545],[73.8897,18.5462],[73.8962,18.5522],[73.9057,18.5551],[73.911,18.5586],[73.9242,18.5626],[73.9305,18.5632],[73.9279,18.5627],[73.9281,18.5595],[73.9312,18.5594],[73.9374,18.5525],[73.9372,18.5507],[73.946,18.5484]]}},{"type":"Feature","properties":{"id":"transit_route:gtfs_pune_pmpml:462","field":"public_transport","kind":"transit_route","name":"Kesnand Phata Wagholi to Katraj (UP)","ref":"236","status":"operational","opened_on":null,"expected_completion":null,"agency":"PMPML","source":"gtfs_pune_pmpml","confidence":0.7,"mode":"bus","tier":"secondary","geometry_source":"shape"},"geometry":{"type":"LineString","coordinates":[[73.9874,18.5812],[73.9778,18.5806],[73.9599,18.5746],[73.9394,18.5622],[73.935,18.5633],[73.9253,18.5626],[73.9159,18.5601],[73.9063,18.5552],[73.8965,18.5521],[73.8898,18.546],[73.8848,18.5449],[73.8856,18.5379],[73.8831,18.5354],[73.8796,18.5347],[73.8757,18.5308],[73.8764,18.5234],[73.8712,18.5245],[73.8675,18.5229],[73.8693,18.5014],[73.8646,18.4998],[73.8585,18.5],[73.8564,18.4752],[73.859,18.4468]]}},{"type":"Feature","properties":{"id":"transit_route:gtfs_pune_pmpml:463","field":"public_transport","kind":"transit_route","name":"Katraj to Wagholi Kesnand Phata (DOWN)","ref":"236","status":"operational","opened_on":null,"expected_completion":null,"agency":"PMPML","source":"gtfs_pune_pmpml","confidence":0.7,"mode":"bus","tier":"secondary","geometry_source":"shape"},"geometry":{"type":"LineString","coordinates":[[73.8587,18.4475],[73.8581,18.4643],[73.8562,18.4753],[73.8582,18.4998],[73.8649,18.5],[73.8691,18.5016],[73.8675,18.5255],[73.8718,18.5245],[73.8733,18.5281],[73.8762,18.5281],[73.8756,18.5308],[73.8841,18.5414],[73.8834,18.545],[73.8897,18.5462],[73.8962,18.5522],[73.9057,18.5551],[73.911,18.5586],[73.9247,18.5627],[73.9345,18.5634],[73.9391,18.5623],[73.9599,18.5746],[73.9778,18.5807],[73.9866,18.5816]]}},{"type":"Feature","properties":{"id":"transit_route:gtfs_pune_pmpml:464","field":"public_transport","kind":"transit_route","name":"Lohegaon to Katraj (UP)","ref":"24A","status":"operational","opened_on":null,"expected_completion":null,"agency":"PMPML","source":"gtfs_pune_pmpml","confidence":0.7,"mode":"bus","tier":"secondary","geometry_source":"shape"},"geometry":{"type":"LineString","coordinates":[[73.9247,18.5958],[73.923,18.5937],[73.9161,18.5912],[73.912,18.5868],[73.9052,18.5853],[73.9026,18.5835],[73.9039,18.5786],[73.8994,18.5754],[73.8999,18.5726],[73.8925,18.5619],[73.8889,18.5457],[73.8848,18.5449],[73.8856,18.5379],[73.8831,18.5354],[73.8796,18.5347],[73.8757,18.5308],[73.8764,18.5234],[73.8712,18.5245],[73.8675,18.5229],[73.8693,18.5014],[73.8646,18.4998],[73.859,18.5004],[73.8581,18.497],[73.8564,18.4752],[73.859,18.4468]]}},{"type":"Feature","properties":{"id":"transit_route:gtfs_pune_pmpml:465","field":"public_transport","kind":"transit_route","name":"Katraj to Lohegaon (DOWN)","ref":"24A","status":"operational","opened_on":null,"expected_completion":null,"agency":"PMPML","source":"gtfs_pune_pmpml","confidence":0.7,"mode":"bus","tier":"secondary","geometry_source":"shape"},"geometry":{"type":"LineString","coordinates":[[73.8587,18.4475],[73.8581,18.4643],[73.8562,18.4747],[73.8578,18.497],[73.8584,18.5006],[73.8646,18.5],[73.8691,18.5016],[73.8675,18.5256],[73.8718,18.5245],[73.8733,18.5281],[73.8762,18.5281],[73.8756,18.5308],[73.8841,18.5414],[73.8834,18.545],[73.8887,18.5461],[73.8924,18.5619],[73.8999,18.5726],[73.8994,18.5754],[73.9038,18.5786],[73.9026,18.5835],[73.9052,18.5853],[73.912,18.5868],[73.9161,18.5912],[73.923,18.5937],[73.9246,18.5957]]}},{"type":"Feature","properties":{"id":"transit_route:gtfs_pune_pmpml:468","field":"public_transport","kind":"transit_route","name":"Maharashtra Housing Board Samta Nagar to Katraj (UP)","ref":"24","status":"operational","opened_on":null,"expected_completion":null,"agency":"PMPML","source":"gtfs_pune_pmpml","confidence":0.7,"mode":"bus","tier":"secondary","geometry_source":"shape"},"geometry":{"type":"LineString","coordinates":[[73.8966,18.5617],[73.898,18.5609],[73.8972,18.5578],[73.8915,18.5592],[73.8889,18.5457],[73.8848,18.5449],[73.8854,18.542],[73.8856,18.538],[73.8854,18.5394],[73.8831,18.5399],[73.8838,18.541],[73.8854,18.541],[73.8856,18.538],[73.8845,18.5366],[73.8797,18.5348],[73.8757,18.5308],[73.8764,18.5234],[73.8712,18.5245],[73.8675,18.5229],[73.8693,18.5014],[73.8646,18.4998],[73.8587,18.5003],[73.8578,18.4924],[73.8577,18.4945],[73.8544,18.4948],[73.8541,18.4925],[73.8499,18.4927],[73.8507,18.4783],[73.8524,18.4786],[73.853,18.4764],[73.8565,18.4762],[73.859,18.4468]]}},{"type":"Feature","properties":{"id":"transit_route:gtfs_pune_pmpml:469","field":"public_transport","kind":"transit_route","name":"Katraj to Maharashtra Housing Board Samta Nagar (DOWN)","ref":"24","status":"operational","opened_on":null,"expected_completion":null,"agency":"PMPML","source":"gtfs_pune_pmpml","confidence":0.7,"mode":"bus","tier":"secondary","geometry_source":"shape"},"geometry":{"type":"LineString","coordinates":[[73.859,18.4468],[73.8563,18.4763],[73.853,18.4764],[73.8524,18.4786],[73.8507,18.4783],[73.8499,18.4927],[73.8541,18.4925],[73.8546,18.4971],[73.8578,18.4967],[73.8584,18.5006],[73.8646,18.5],[73.8691,18.5016],[73.8675,18.5256],[73.8718,18.5245],[73.8733,18.5281],[73.8762,18.5281],[73.8756,18.5308],[73.8841,18.5414],[73.8834,18.545],[73.8887,18.5461],[73.8914,18.5592],[73.8972,18.5578],[73.898,18.5609],[73.8966,18.5617]]}},{"type":"Feature","properties":{"id":"transit_route:gtfs_pune_pmpml:472","field":"public_transport","kind":"transit_route","name":"Balewadi Depot to Pune Station Moledina Stand (UP)","ref":"256","status":"operational","opened_on":null,"expected_completion":null,"agency":"PMPML","source":"gtfs_pune_pmpml","confidence":0.7,"mode":"bus","tier":"secondary","geometry_source":"shape"},"geometry":{"type":"LineString","coordinates":[[73.7658,18.5728],[73.7663,18.5751],[73.7761,18.5738],[73.7787,18.5762],[73.7804,18.5761],[73.7826,18.5643],[73.7843,18.562],[73.7874,18.5613],[73.7961,18.5551],[73.8013,18.5546],[73.8054,18.5509],[73.8293,18.542],[73.8429,18.5321],[73.8524,18.5294],[73.8513,18.5274],[73.8546,18.5233],[73.857,18.5255],[73.858,18.5241],[73.8635,18.5279],[73.8701,18.5242],[73.873,18.5276]]}},{"type":"Feature","properties":{"id":"transit_route:gtfs_pune_pmpml:473","field":"public_transport","kind":"transit_route","name":"Pune Station Moledina Stand to Balewadi Depot (DOWN)","ref":"256","status":"operational","opened_on":null,"expected_completion":null,"agency":"PMPML","source":"gtfs_pune_pmpml","confidence":0.7,"mode":"bus","tier":"secondary","geometry_source":"shape"},"geometry":{"type":"LineString","coordinates":[[73.873,18.5271],[73.8736,18.5283],[73.8763,18.5282],[73.8764,18.5234],[73.8702,18.5239],[73.8632,18.5276],[73.8579,18.5239],[73.8569,18.5253],[73.8531,18.5226],[73.8526,18.5245],[73.8536,18.525],[73.8496,18.5302],[73.843,18.5319],[73.8227,18.5452],[73.8054,18.5508],[73.8011,18.5545],[73.7957,18.5552],[73.7918,18.5587],[73.7843,18.5619],[73.7825,18.5646],[73.7804,18.5761],[73.7787,18.5762],[73.7761,18.5738],[73.7692,18.5752],[73.7639,18.5748],[73.7647,18.5726]]}},{"type":"Feature","properties":{"id":"transit_route:gtfs_pune_pmpml:1244","field":"public_transport","kind":"transit_route","name":"Indian Oil Petrol Pump Tulapur to Wagholi Kesnand Phata (UP)","ref":"257A","status":"operational","opened_on":null,"expected_completion":null,"agency":"PMPML","source":"gtfs_pune_pmpml","confidence":0.7,"mode":"bus","tier":"secondary","geometry_source":"shape"},"geometry":{"type":"LineString","coordinates":[[73.989,18.6707],[73.995,18.6689],[74.0079,18.6612],[74.0243,18.6445],[74.0346,18.6374],[74.0338,18.6269],[74.0198,18.6165],[74.0134,18.6047],[74.0023,18.5966],[73.9935,18.5856],[73.9864,18.5814]]}},{"type":"Feature","properties":{"id":"transit_route:gtfs_pune_pmpml:1245","field":"public_transport","kind":"transit_route","name":"Wagholi Kesnand Phata to Indian Oil Petrol Pump Tulapur (DOWN)","ref":"257A","status":"operational","opened_on":null,"expected_completion":null,"agency":"PMPML","source":"gtfs_pune_pmpml","confidence":0.7,"mode":"bus","tier":"secondary","geometry_source":"shape"},"geometry":{"type":"LineString","coordinates":[[73.9866,18.5816],[73.9934,18.5856],[74.0017,18.596],[74.0134,18.6047],[74.0198,18.6166],[74.0337,18.6269],[74.0346,18.6374],[74.0243,18.6445],[74.0079,18.6612],[73.995,18.6689],[73.989,18.6707]]}},{"type":"Feature","properties":{"id":"transit_route:gtfs_pune_pmpml:476","field":"public_transport","kind":"transit_route","name":"Alandi to Panaychi Taki Markal (UP)","ref":"257","status":"operational","opened_on":null,"expected_completion":null,"agency":"PMPML","source":"gtfs_pune_pmpml","confidence":0.7,"mode":"bus","tier":"secondary","geometry_source":"shape"},"geometry":{"type":"LineString","coordinates":[[73.8971,18.6748],[73.8993,18.6772],[73.9024,18.6764],[73.924,18.6679],[73.9327,18.666],[73.9442,18.6659],[73.9703,18.6734],[73.9772,18.6731],[73.9812,18.6704]]}},{"type":"Feature","properties":{"id":"transit_route:gtfs_pune_pmpml:477","field":"public_transport","kind":"transit_route","name":"Panaychi Taki Markal to Alandi (DOWN)","ref":"257","status":"operational","opened_on":null,"expected_completion":null,"agency":"PMPML","source":"gtfs_pune_pmpml","confidence":0.7,"mode":"bus","tier":"secondary","geometry_source":"shape"},"geometry":{"type":"LineString","coordinates":[[73.9812,18.6704],[73.9772,18.6731],[73.9703,18.6734],[73.9442,18.6659],[73.9327,18.666],[73.924,18.6679],[73.9024,18.6764],[73.8993,18.6772],[73.8971,18.6748]]}},{"type":"Feature","properties":{"id":"transit_route:gtfs_pune_pmpml:478","field":"public_transport","kind":"transit_route","name":"Nilanjan Society Soosgaon to Ma Na Pa Main Gate (UP)","ref":"258","status":"operational","opened_on":null,"expected_completion":null,"agency":"PMPML","source":"gtfs_pune_pmpml","confidence":0.7,"mode":"bus","tier":"secondary","geometry_source":"shape"},"geometry":{"type":"LineString","coordinates":[[73.7556,18.5632],[73.7647,18.5611],[73.7649,18.5553],[73.7765,18.5585],[73.7768,18.5643],[73.7826,18.5638],[73.7958,18.5552],[73.8011,18.5547],[73.8054,18.5509],[73.8227,18.5453],[73.826,18.5427],[73.8293,18.542],[73.8429,18.5321],[73.8524,18.5294],[73.8513,18.5274],[73.8544,18.5231]]}},{"type":"Feature","properties":{"id":"transit_route:gtfs_pune_pmpml:479","field":"public_transport","kind":"transit_route","name":"Ma Na Pa Main Gate to Nilanjan Society Soosgaon (DOWN)","ref":"258","status":"operational","opened_on":null,"expected_completion":null,"agency":"PMPML","source":"gtfs_pune_pmpml","confidence":0.7,"mode":"bus","tier":"secondary","geometry_source":"shape"},"geometry":{"type":"LineString","coordinates":[[73.8544,18.5231],[73.8496,18.5302],[73.843,18.5319],[73.8289,18.542],[73.8227,18.5452],[73.8054,18.5508],[73.8011,18.5545],[73.7957,18.5552],[73.7918,18.5587],[73.7825,18.5637],[73.7769,18.5642],[73.7765,18.5585],[73.7649,18.5553],[73.7647,18.5611],[73.7556,18.5632]]}},{"type":"Feature","properties":{"id":"transit_route:gtfs_pune_pmpml:484","field":"public_transport","kind":"transit_route","name":"Sant Tukaram Maharaj Krida Sankul Dehugaon to Pune Station Moledina Stand (UP)","ref":"262","status":"operational","opened_on":null,"expected_completion":null,"agency":"PMPML","source":"gtfs_pune_pmpml","confidence":0.7,"mode":"bus","tier":"secondary","geometry_source":"shape"},"geometry":{"type":"LineString","coordinates":[[73.7783,18.7189],[73.7759,18.7224],[73.7733,18.7237],[73.769,18.7245],[73.7662,18.7215],[73.7659,18.72],[73.7675,18.7194],[73.7678,18.7168],[73.7612,18.712],[73.7596,18.6998],[73.7566,18.698],[73.75,18.6903],[73.7475,18.6856],[73.7416,18.6789],[73.7634,18.6742],[73.7804,18.6562],[73.8253,18.6037],[73.8296,18.5963],[73.8397,18.5658],[73.8467,18.5573],[73.8518,18.5475],[73.8506,18.5374],[73.855,18.5305],[73.8525,18.529],[73.8482,18.5228],[73.8521,18.5223],[73.857,18.5255],[73.858,18.5241],[73.8635,18.5279],[73.8701,18.5242],[73.8718,18.5245],[73.873,18.5276]]}},{"type":"Feature","properties":{"id":"transit_route:gtfs_pune_pmpml:485","field":"public_transport","kind":"transit_route","name":"Pune Station Moledina Stand to Sant Tukaram Maharaj Krida Sankul Dehugaon (DOWN)","ref":"262","status":"operational","opened_on":null,"expected_completion":null,"agency":"PMPML","source":"gtfs_pune_pmpml","confidence":0.7,"mode":"bus","tier":"secondary","geometry_source":"shape"},"geometry":{"type":"LineString","coordinates":[[73.873,18.5271],[73.8736,18.5283],[73.8763,18.5282],[73.8764,18.5234],[73.8702,18.5239],[73.8632,18.5276],[73.8579,18.5239],[73.8569,18.5253],[73.8531,18.5226],[73.8526,18.5245],[73.8536,18.525],[73.8499,18.5296],[73.8549,18.5305],[73.8505,18.5373],[73.8517,18.5475],[73.8466,18.5574],[73.8395,18.5658],[73.8326,18.5877],[73.8254,18.603],[73.7799,18.6565],[73.7633,18.6742],[73.7413,18.6787],[73.7564,18.6978],[73.7596,18.6998],[73.7612,18.712],[73.7677,18.7166],[73.7675,18.7194],[73.7659,18.72],[73.769,18.7245],[73.775,18.723],[73.7783,18.7189]]}},{"type":"Feature","properties":{"id":"transit_route:gtfs_pune_pmpml:486","field":"public_transport","kind":"transit_route","name":"Pabal Gaon to Bhosari Pmt Chowk (UP)","ref":"264","status":"operational","opened_on":null,"expected_completion":null,"agency":"PMPML","source":"gtfs_pune_pmpml","confidence":0.7,"mode":"bus","tier":"secondary","geometry_source":"shape"},"geometry":{"type":"LineString","coordinates":[[74.0515,18.8298],[74.0551,18.8295],[74.057,18.8269],[74.0488,18.8205],[74.05,18.8171],[74.052,18.8159],[74.0512,18.8042],[74.0498,18.8021],[74.0398,18.8008],[74.0382,18.7873],[74.0442,18.7784],[74.0541,18.7547],[74.0492,18.7263],[74.0504,18.7271],[74.0507,18.7273],[74.0519,18.7276],[74.0523,18.7277],[74.0526,18.7277],[74.0526,18.7283],[74.0525,18.7287],[74.053,18.7293],[74.05,18.7306],[74.0492,18.7263],[74.049,18.7256],[74.0486,18.7239],[74.0483,18.7228],[74.0476,18.7194],[74.0471,18.7172],[74.0469,18.7167],[74.0578,18.713],[74.0608,18.7266],[74.0617,18.7264],[74.0617,18.7267],[74.0617,18.7275],[74.0617,18.7276],[74.0618,18.7283],[74.0619,18.729],[74.0624,18.7291],[74.0618,18.728],[74.0617,18.7275],[74.0617,18.7272],[74.0617,18.7267],[74.0617,18.7264],[74.0628,18.7266],[74.0623,18.7287],[74.0617,18.7264],[74.0613,18.7264],[74.0608,18.7266],[74.0606,18.7221],[74.0581,18.7136],[74.058,18.7135],[74.0578,18.713],[74.0606,18.7221],[74.061,18.7262],[74.0608,18.7266],[74.0607,18.7266],[74.0533,18.7277],[74.0492,18.7263],[74.0476,18.7194],[74.0469,18.7165],[74.0288,18.7203],[74.0225,18.724],[74.0207,18.7234],[74.0136,18.7262],[73.9992,18.727],[73.9708,18.7341],[73.9472,18.7374],[73.9449,18.7351],[73.9466,18.7352],[73.9465,18.7322],[73.9412,18.7195],[73.9361,18.7185],[73.9351,18.7152],[73.9281,18.7061],[73.9246,18.7044],[73.9219,18.7004],[73.9172,18.6973],[73.9144,18.6921],[73.9037,18.6842],[73.8995,18.679],[73.899,18.6761],[73.8927,18.6727],[73.8873,18.6641],[73.8857,18.657],[73.8799,18.6443],[73.8751,18.6379],[73.8751,18.6334],[73.8612,18.6252],[73.8511,18.6225]]}},{"type":"Feature","properties":{"id":"transit_route:gtfs_pune_pmpml:487","field":"public_transport","kind":"transit_route","name":"Bhosari Pmt Chowk to Pabal Gaon (DOWN)","ref":"264","status":"operational","opened_on":null,"expected_completion":null,"agency":"PMPML","source":"gtfs_pune_pmpml","confidence":0.7,"mode":"bus","tier":"secondary","geometry_source":"shape"},"geometry":{"type":"LineString","coordinates":[[73.8513,18.6223],[73.8516,18.6239],[73.8612,18.6252],[73.8745,18.6333],[73.875,18.638],[73.8798,18.6444],[73.8853,18.6567],[73.8873,18.6645],[73.8931,18.6734],[73.899,18.6761],[73.899,18.6782],[73.9037,18.6842],[73.9144,18.6921],[73.9172,18.6973],[73.9219,18.7004],[73.9246,18.7044],[73.9281,18.7061],[73.9351,18.7152],[73.9361,18.7185],[73.9412,18.7195],[73.9465,18.7322],[73.9466,18.7352],[73.9449,18.7351],[73.9472,18.7374],[73.9708,18.7341],[73.9992,18.727],[74.0134,18.7262],[74.0207,18.7234],[74.0225,18.724],[74.0288,18.7203],[74.0469,18.7167],[74.05,18.7306],[74.0506,18.7305],[74.0529,18.7295],[74.0525,18.7287],[74.0526,18.7283],[74.0526,18.7277],[74.0523,18.7277],[74.0519,18.7276],[74.0507,18.7273],[74.0504,18.7271],[74.0492,18.7263],[74.0469,18.7167],[74.0578,18.713],[74.0608,18.7266],[74.0617,18.7264],[74.0624,18.7291],[74.0618,18.728],[74.0617,18.7264],[74.0613,18.7264],[74.0608,18.7266],[74.0606,18.7221],[74.0581,18.7136],[74.058,18.7135],[74.0578,18.713],[74.0606,18.7221],[74.061,18.7259],[74.0608,18.7266],[74.0533,18.7277],[74.0492,18.7263],[74.0498,18.7295],[74.05,18.7307],[74.0501,18.7312],[74.0504,18.7326],[74.0524,18.7439],[74.0528,18.7459],[74.0541,18.7547],[74.0442,18.7784],[74.0382,18.7873],[74.0398,18.8008],[74.0498,18.8021],[74.0512,18.8042],[74.052,18.8159],[74.05,18.8171],[74.0488,18.8205],[74.057,18.8269],[74.0551,18.8295],[74.0515,18.8298]]}},{"type":"Feature","properties":{"id":"transit_route:gtfs_pune_pmpml:488","field":"public_transport","kind":"transit_route","name":"Shivaji Nagar to Dhankawadi (UP)","ref":"26","status":"operational","opened_on":null,"expected_completion":null,"agency":"PMPML","source":"gtfs_pune_pmpml","confidence":0.7,"mode":"bus","tier":"secondary","geometry_source":"shape"},"geometry":{"type":"LineString","coordinates":[[73.8498,18.531],[73.8525,18.529],[73.8424,18.5159],[73.8424,18.5145],[73.844,18.512],[73.8534,18.5056],[73.8585,18.5005],[73.8564,18.4755],[73.8582,18.4642],[73.8566,18.4639],[73.8532,18.4661],[73.8501,18.4655]]}},{"type":"Feature","properties":{"id":"transit_route:gtfs_pune_pmpml:489","field":"public_transport","kind":"transit_route","name":"Dhankawadi to Shivaji Nagar (DOWN)","ref":"26","status":"operational","opened_on":null,"expected_completion":null,"agency":"PMPML","source":"gtfs_pune_pmpml","confidence":0.7,"mode":"bus","tier":"secondary","geometry_source":"shape"},"geometry":{"type":"LineString","coordinates":[[73.8501,18.4655],[73.8532,18.4661],[73.858,18.4641],[73.8562,18.4757],[73.8584,18.5001],[73.8542,18.5014],[73.8533,18.5057],[73.8437,18.5122],[73.8409,18.5225],[73.8445,18.5313],[73.8496,18.5303]]}},{"type":"Feature","properties":{"id":"transit_route:gtfs_pune_pmpml:494","field":"public_transport","kind":"transit_route","name":"Chinchwadgaon to Ganpati Matha (UP)","ref":"276","status":"operational","opened_on":null,"expected_completion":null,"agency":"PMPML","source":"gtfs_pune_pmpml","confidence":0.7,"mode":"bus","tier":"secondary","geometry_source":"shape"},"geometry":{"type":"LineString","coordinates":[[73.7822,18.6277],[73.7825,18.629],[73.7777,18.631],[73.7754,18.6288],[73.7754,18.6242],[73.7654,18.6153],[73.7709,18.6087],[73.7785,18.6025],[73.7888,18.5884],[73.7961,18.5836],[73.8091,18.5698],[73.8113,18.5691],[73.8142,18.5613],[73.8278,18.5431],[73.8325,18.5398],[73.8306,18.5407],[73.8298,18.54],[73.8291,18.5211],[73.8306,18.5202],[73.8287,18.514],[73.8308,18.5085],[73.8341,18.51],[73.8197,18.5032],[73.8147,18.5015],[73.8133,18.4948],[73.8153,18.493],[73.815,18.4897],[73.8058,18.4804],[73.8016,18.4806],[73.7958,18.4757]]}},{"type":"Feature","properties":{"id":"transit_route:gtfs_pune_pmpml:495","field":"public_transport","kind":"transit_route","name":"Ganpati Matha to Chinchwadgaon Aundh Road / Chinchwadgaon (DOWN)","ref":"276","status":"operational","opened_on":null,"expected_completion":null,"agency":"PMPML","source":"gtfs_pune_pmpml","confidence":0.7,"mode":"bus","tier":"secondary","geometry_source":"shape"},"geometry":{"type":"LineString","coordinates":[[73.7959,18.4758],[73.8016,18.4807],[73.8058,18.4805],[73.8146,18.4894],[73.8151,18.493],[73.8132,18.4948],[73.8144,18.5014],[73.8285,18.5079],[73.8296,18.5107],[73.8288,18.5154],[73.8304,18.5202],[73.829,18.5211],[73.8304,18.5408],[73.8274,18.5431],[73.8141,18.5613],[73.8113,18.5689],[73.8092,18.5696],[73.796,18.5834],[73.7887,18.5883],[73.7784,18.6024],[73.7703,18.609],[73.7652,18.6155],[73.7753,18.6242],[73.7752,18.6289],[73.7776,18.6311],[73.7816,18.6297],[73.7825,18.628]]}},{"type":"Feature","properties":{"id":"transit_route:gtfs_pune_pmpml:496","field":"public_transport","kind":"transit_route","name":"Bhosari Terminal to Kothrud Depot (UP)","ref":"277","status":"operational","opened_on":null,"expected_completion":null,"agency":"PMPML","source":"gtfs_pune_pmpml","confidence":0.7,"mode":"bus","tier":"secondary","geometry_source":"shape"},"geometry":{"type":"LineString","coordinates":[[73.8514,18.6246],[73.852,18.6253],[73.8497,18.6171],[73.8476,18.6158],[73.8455,18.6156],[73.8417,18.6164],[73.8451,18.6158],[73.8418,18.6196],[73.8372,18.6206],[73.8302,18.621],[73.8302,18.619],[73.8259,18.6175],[73.8221,18.6065],[73.8171,18.6025],[73.8174,18.5954],[73.8193,18.5941],[73.8193,18.5926],[73.8128,18.5892],[73.8123,18.5869],[73.8163,18.586],[73.8154,18.5754],[73.812,18.5763],[73.8067,18.5736],[73.8092,18.5699],[73.8114,18.5689],[73.8142,18.5613],[73.8267,18.5445],[73.8325,18.5398],[73.8306,18.5407],[73.8298,18.54],[73.8291,18.5211],[73.8306,18.5202],[73.8287,18.514],[73.8308,18.5085],[73.8341,18.51],[73.8281,18.5069],[73.8253,18.5059],[73.82,18.5104],[73.8069,18.5073],[73.795,18.5079]]}},{"type":"Feature","properties":{"id":"transit_route:gtfs_pune_pmpml:497","field":"public_transport","kind":"transit_route","name":"Kothrud Depot to Bhosari Terminal (DOWN)","ref":"277","status":"operational","opened_on":null,"expected_completion":null,"agency":"PMPML","source":"gtfs_pune_pmpml","confidence":0.7,"mode":"bus","tier":"secondary","geometry_source":"shape"},"geometry":{"type":"LineString","coordinates":[[73.795,18.5079],[73.8076,18.5075],[73.8195,18.511],[73.8249,18.506],[73.8285,18.5079],[73.8296,18.5107],[73.8288,18.5154],[73.8304,18.5202],[73.829,18.5211],[73.8304,18.5409],[73.8274,18.5431],[73.8141,18.5613],[73.8113,18.5689],[73.8092,18.5696],[73.8065,18.5735],[73.812,18.5763],[73.8153,18.5753],[73.8163,18.586],[73.8123,18.5869],[73.8128,18.5892],[73.8193,18.5926],[73.8174,18.5954],[73.817,18.6026],[73.8219,18.6064],[73.8258,18.6175],[73.8299,18.6191],[73.8302,18.621],[73.8371,18.6206],[73.8419,18.6196],[73.8453,18.6158],[73.8476,18.6159],[73.8494,18.6172],[73.8514,18.6246]]}},{"type":"Feature","properties":{"id":"transit_route:gtfs_pune_pmpml:498","field":"public_transport","kind":"transit_route","name":"Katar Khadak to Marketyard Depot (UP)","ref":"279","status":"operational","opened_on":null,"expected_completion":null,"agency":"PMPML","source":"gtfs_pune_pmpml","confidence":0.7,"mode":"bus","tier":"secondary","geometry_source":"shape"},"geometry":{"type":"LineString","coordinates":[[73.5766,18.6121],[73.5825,18.609],[73.584,18.6096],[73.5883,18.6064],[73.5885,18.605],[73.5967,18.6047],[73.6061,18.5954],[73.6084,18.5946],[73.6117,18.5895],[73.6249,18.5775],[73.6439,18.5767],[73.6473,18.5742],[73.6612,18.5694],[73.6637,18.5661],[73.6655,18.5588],[73.6684,18.5575],[73.6679,18.5559],[73.6695,18.5533],[73.6683,18.5481],[73.6699,18.5221],[73.676,18.5165],[73.6779,18.513],[73.6896,18.5101],[73.6987,18.511],[73.7071,18.5047],[73.7102,18.4996],[73.7139,18.4982],[73.7196,18.4985],[73.7277,18.5014],[73.7351,18.4981],[73.7397,18.5002],[73.7479,18.5017],[73.7546,18.5002],[73.77,18.5078],[73.7766,18.5071],[73.7907,18.5085],[73.8027,18.507],[73.8195,18.511],[73.8255,18.506],[73.8424,18.5146],[73.8439,18.5127],[73.8433,18.5105],[73.8454,18.5032],[73.8535,18.5042],[73.8539,18.5052],[73.8585,18.5011],[73.8576,18.4894],[73.8701,18.4895],[73.8715,18.4837]]}},{"type":"Feature","properties":{"id":"transit_route:gtfs_pune_pmpml:499","field":"public_transport","kind":"transit_route","name":"Marketyard Depot to Katar Khadak (DOWN)","ref":"279","status":"operational","opened_on":null,"expected_completion":null,"agency":"PMPML","source":"gtfs_pune_pmpml","confidence":0.7,"mode":"bus","tier":"secondary","geometry_source":"shape"},"geometry":{"type":"LineString","coordinates":[[73.8714,18.4837],[73.8701,18.4894],[73.8574,18.4893],[73.8583,18.5002],[73.8542,18.5014],[73.8535,18.5041],[73.8507,18.5043],[73.8508,18.4993],[73.8456,18.5011],[73.8432,18.5106],[73.8438,18.5127],[73.8423,18.5143],[73.8254,18.5059],[73.8196,18.5105],[73.8028,18.5069],[73.7907,18.5084],[73.7817,18.5063],[73.7795,18.5075],[73.77,18.5078],[73.7546,18.5002],[73.7479,18.5017],[73.7397,18.5002],[73.7351,18.4981],[73.7277,18.5014],[73.7196,18.4985],[73.7139,18.4982],[73.7102,18.4996],[73.7071,18.5047],[73.6987,18.511],[73.6896,18.5101],[73.6779,18.513],[73.676,18.5165],[73.6699,18.5221],[73.6702,18.5399],[73.67,18.5316],[73.6683,18.5481],[73.6695,18.5533],[73.6679,18.5559],[73.6684,18.5575],[73.6655,18.5588],[73.6637,18.5661],[73.6612,18.5694],[73.6473,18.5742],[73.6439,18.5767],[73.6249,18.5775],[73.6117,18.5895],[73.6084,18.5946],[73.6061,18.5954],[73.5967,18.6047],[73.5885,18.605],[73.5883,18.6064],[73.584,18.6096],[73.5825,18.609],[73.5764,18.612]]}},{"type":"Feature","properties":{"id":"transit_route:gtfs_pune_pmpml:500","field":"public_transport","kind":"transit_route","name":"Nigdi Bhakti Shakti to Ganpati Matha (UP)","ref":"281","status":"operational","opened_on":null,"expected_completion":null,"agency":"PMPML","source":"gtfs_pune_pmpml","confidence":0.7,"mode":"bus","tier":"secondary","geometry_source":"shape"},"geometry":{"type":"LineString","coordinates":[[73.7711,18.6661],[73.8258,18.603],[73.8296,18.5963],[73.8397,18.5658],[73.8467,18.5573],[73.8514,18.5486],[73.8506,18.5374],[73.855,18.5306],[73.8525,18.529],[73.8412,18.5134],[73.8147,18.5015],[73.8133,18.4948],[73.8153,18.493],[73.815,18.4897],[73.8058,18.4804],[73.8016,18.4806],[73.7958,18.4757]]}},{"type":"Feature","properties":{"id":"transit_route:gtfs_pune_pmpml:501","field":"public_transport","kind":"transit_route","name":"Ganpati Matha to Nigdi Bhakti Shakti (DOWN)","ref":"281","status":"operational","opened_on":null,"expected_completion":null,"agency":"PMPML","source":"gtfs_pune_pmpml","confidence":0.7,"mode":"bus","tier":"secondary","geometry_source":"shape"},"geometry":{"type":"LineString","coordinates":[[73.7959,18.4758],[73.8016,18.4807],[73.8058,18.4805],[73.8146,18.4894],[73.8151,18.493],[73.8132,18.4948],[73.8134,18.4999],[73.8146,18.5016],[73.8421,18.5144],[73.8409,18.5229],[73.8445,18.5313],[73.8527,18.5295],[73.8549,18.5305],[73.8505,18.5373],[73.8512,18.5489],[73.8466,18.5574],[73.8395,18.5658],[73.8326,18.5877],[73.8254,18.603],[73.771,18.6659]]}},{"type":"Feature","properties":{"id":"transit_route:gtfs_pune_pmpml:502","field":"public_transport","kind":"transit_route","name":"Bhosari Terminal to Ganpati Matha (UP)","ref":"282","status":"operational","opened_on":null,"expected_completion":null,"agency":"PMPML","source":"gtfs_pune_pmpml","confidence":0.7,"mode":"bus","tier":"secondary","geometry_source":"shape"},"geometry":{"type":"LineString","coordinates":[[73.8514,18.6246],[73.852,18.6253],[73.8497,18.6171],[73.847,18.6157],[73.8455,18.6156],[73.8417,18.6164],[73.8451,18.6158],[73.8418,18.6196],[73.8302,18.621],[73.8302,18.619],[73.8256,18.617],[73.8224,18.607],[73.8296,18.5963],[73.8397,18.5658],[73.8467,18.5573],[73.8514,18.5486],[73.8506,18.5374],[73.855,18.5304],[73.8525,18.529],[73.8412,18.5134],[73.8147,18.5015],[73.8133,18.4948],[73.8153,18.493],[73.815,18.4897],[73.8058,18.4804],[73.8016,18.4806],[73.7958,18.4757]]}},{"type":"Feature","properties":{"id":"transit_route:gtfs_pune_pmpml:503","field":"public_transport","kind":"transit_route","name":"Ganpati Matha to Bhosari Terminal (DOWN)","ref":"282","status":"operational","opened_on":null,"expected_completion":null,"agency":"PMPML","source":"gtfs_pune_pmpml","confidence":0.7,"mode":"bus","tier":"secondary","geometry_source":"shape"},"geometry":{"type":"LineString","coordinates":[[73.7959,18.4758],[73.8016,18.4807],[73.8058,18.4805],[73.8146,18.4894],[73.8151,18.493],[73.8132,18.4948],[73.8134,18.4999],[73.8146,18.5016],[73.8421,18.5144],[73.8409,18.5229],[73.8445,18.5313],[73.8527,18.5295],[73.8549,18.5304],[73.8505,18.5373],[73.8512,18.5489],[73.8466,18.5574],[73.8395,18.5658],[73.8323,18.5882],[73.826,18.6019],[73.822,18.607],[73.8257,18.6173],[73.8299,18.6191],[73.8302,18.621],[73.8419,18.6196],[73.8453,18.6158],[73.847,18.6157],[73.8494,18.6172],[73.8514,18.6246]]}},{"type":"Feature","properties":{"id":"transit_route:gtfs_pune_pmpml:504","field":"public_transport","kind":"transit_route","name":"Pune Station Moledina Stand to Kumbare Park (UP)","ref":"283","status":"operational","opened_on":null,"expected_completion":null,"agency":"PMPML","source":"gtfs_pune_pmpml","confidence":0.7,"mode":"bus","tier":"secondary","geometry_source":"shape"},"geometry":{"type":"LineString","coordinates":[[73.873,18.5271],[73.8736,18.5283],[73.8763,18.5282],[73.8764,18.5234],[73.8712,18.5245],[73.8675,18.5229],[73.8682,18.5197],[73.8615,18.5192],[73.8618,18.5161],[73.8437,18.5127],[73.8422,18.5143],[73.8147,18.5015],[73.8134,18.4953],[73.8089,18.4961],[73.8081,18.4941],[73.8058,18.4944],[73.8057,18.4963],[73.802,18.4962],[73.8023,18.5023],[73.7981,18.5032]]}},{"type":"Feature","properties":{"id":"transit_route:gtfs_pune_pmpml:505","field":"public_transport","kind":"transit_route","name":"Kumbare Park to Pune Station Moledina Stand (DOWN)","ref":"283","status":"operational","opened_on":null,"expected_completion":null,"agency":"PMPML","source":"gtfs_pune_pmpml","confidence":0.7,"mode":"bus","tier":"secondary","geometry_source":"shape"},"geometry":{"type":"LineString","coordinates":[[73.7981,18.5032],[73.8024,18.5023],[73.8021,18.4962],[73.8057,18.4963],[73.8058,18.4944],[73.8081,18.4941],[73.8089,18.4961],[73.8133,18.4953],[73.8134,18.4999],[73.8155,18.5021],[73.828,18.5071],[73.8424,18.5146],[73.8439,18.5128],[73.8538,18.5137],[73.8553,18.521],[73.8562,18.5185],[73.8646,18.5203],[73.8682,18.5197],[73.8675,18.5256],[73.8718,18.5245],[73.873,18.5276]]}},{"type":"Feature","properties":{"id":"transit_route:gtfs_pune_pmpml:510","field":"public_transport","kind":"transit_route","name":"Swargate to Jambhulwadi (UP)","ref":"290","status":"operational","opened_on":null,"expected_completion":null,"agency":"PMPML","source":"gtfs_pune_pmpml","confidence":0.7,"mode":"bus","tier":"secondary","geometry_source":"shape"},"geometry":{"type":"LineString","coordinates":[[73.8585,18.499],[73.8564,18.4752],[73.8592,18.4462],[73.8585,18.4481],[73.8491,18.4509],[73.8501,18.4505],[73.8464,18.4367],[73.8445,18.4348],[73.8438,18.4316],[73.841,18.433],[73.8383,18.4285]]}},{"type":"Feature","properties":{"id":"transit_route:gtfs_pune_pmpml:511","field":"public_transport","kind":"transit_route","name":"Jambhulwadi to Swargate (DOWN)","ref":"290","status":"operational","opened_on":null,"expected_completion":null,"agency":"PMPML","source":"gtfs_pune_pmpml","confidence":0.7,"mode":"bus","tier":"secondary","geometry_source":"shape"},"geometry":{"type":"LineString","coordinates":[[73.8383,18.4284],[73.8409,18.433],[73.8438,18.4316],[73.8445,18.4348],[73.8464,18.4367],[73.8501,18.4505],[73.8588,18.4472],[73.8581,18.4643],[73.8562,18.4753],[73.8582,18.4995]]}},{"type":"Feature","properties":{"id":"transit_route:gtfs_pune_pmpml:512","field":"public_transport","kind":"transit_route","name":"Hadapsar Gadital to Katraj Kondhwa Road (UP)","ref":"291","status":"operational","opened_on":null,"expected_completion":null,"agency":"PMPML","source":"gtfs_pune_pmpml","confidence":0.7,"mode":"bus","tier":"secondary","geometry_source":"shape"},"geometry":{"type":"LineString","coordinates":[[73.939,18.4999],[73.9138,18.5061],[73.9011,18.5065],[73.8998,18.4935],[73.9007,18.4814],[73.8911,18.4828],[73.8896,18.4761],[73.8891,18.468],[73.8909,18.4595],[73.8913,18.4521],[73.8887,18.4516],[73.8885,18.4527],[73.891,18.4525],[73.8907,18.457],[73.8868,18.4553],[73.8866,18.4539],[73.8893,18.4529],[73.8885,18.4527],[73.8887,18.4516],[73.8864,18.4512],[73.882,18.4506],[73.8794,18.4503],[73.8785,18.4503],[73.8775,18.4501],[73.8772,18.4501],[73.8768,18.45],[73.8766,18.45],[73.8838,18.4529],[73.8841,18.4509],[73.8794,18.4503],[73.8787,18.4503],[73.8785,18.4503],[73.878,18.4502],[73.8775,18.4501],[73.8772,18.4501],[73.8762,18.45],[73.8738,18.4496],[73.8715,18.4496],[73.8675,18.4482],[73.8597,18.4477]]}},{"type":"Feature","properties":{"id":"transit_route:gtfs_pune_pmpml:513","field":"public_transport","kind":"transit_route","name":"Katraj Kondhwa Road to Hadapsar Gadital (DOWN)","ref":"291","status":"operational","opened_on":null,"expected_completion":null,"agency":"PMPML","source":"gtfs_pune_pmpml","confidence":0.7,"mode":"bus","tier":"secondary","geometry_source":"shape"},"geometry":{"type":"LineString","coordinates":[[73.8587,18.4476],[73.88,18.4509],[73.8854,18.4539],[73.8882,18.4536],[73.8896,18.4527],[73.8902,18.4526],[73.8907,18.4524],[73.8911,18.4523],[73.8912,18.4523],[73.8915,18.4514],[73.8889,18.4704],[73.891,18.4804],[73.8904,18.4837],[73.9007,18.4814],[73.8998,18.4935],[73.9011,18.5065],[73.8988,18.5065],[73.8988,18.5067],[73.9138,18.5062],[73.9394,18.5]]}},{"type":"Feature","properties":{"id":"transit_route:gtfs_pune_pmpml:521","field":"public_transport","kind":"transit_route","name":"Kondhanpur to Balaji Nagar Corner Satara Road (UP)","ref":"292","status":"operational","opened_on":null,"expected_completion":null,"agency":"PMPML","source":"gtfs_pune_pmpml","confidence":0.7,"mode":"bus","tier":"secondary","geometry_source":"shape"},"geometry":{"type":"LineString","coordinates":[[73.7962,18.3497],[73.8208,18.3508],[73.8272,18.3484],[73.8371,18.3414],[73.8427,18.3399],[73.8438,18.3401],[73.8448,18.343],[73.8482,18.344],[73.8503,18.3483],[73.8507,18.3484],[73.8514,18.3485],[73.8516,18.3486],[73.8519,18.3485],[73.8517,18.3457],[73.8533,18.343],[73.8535,18.3413],[73.8512,18.3467],[73.8514,18.3479],[73.8515,18.3485],[73.8516,18.3487],[73.8516,18.3489],[73.852,18.3509],[73.8529,18.3559],[73.8532,18.3576],[73.8537,18.3699],[73.8553,18.3739],[73.8568,18.39],[73.8552,18.393],[73.8577,18.3961],[73.8554,18.4034],[73.8585,18.4108],[73.8575,18.4148],[73.8549,18.415],[73.8576,18.418],[73.8581,18.4209],[73.8603,18.4219],[73.8602,18.4251],[73.857,18.4293],[73.8606,18.4369],[73.858,18.4504],[73.8581,18.4643]]}},{"type":"Feature","properties":{"id":"transit_route:gtfs_pune_pmpml:523","field":"public_transport","kind":"transit_route","name":"Balaji Nagar Corner Satara Road to Kondhanpur (DOWN)","ref":"292","status":"operational","opened_on":null,"expected_completion":null,"agency":"PMPML","source":"gtfs_pune_pmpml","confidence":0.7,"mode":"bus","tier":"secondary","geometry_source":"shape"},"geometry":{"type":"LineString","coordinates":[[73.8582,18.4643],[73.8582,18.4502],[73.8606,18.4369],[73.857,18.4293],[73.8602,18.4251],[73.8603,18.4219],[73.8581,18.4209],[73.8576,18.418],[73.8549,18.415],[73.8575,18.4148],[73.8585,18.4108],[73.8554,18.4033],[73.8577,18.3961],[73.8552,18.393],[73.8569,18.3901],[73.8557,18.3737],[73.8541,18.37],[73.8535,18.3576],[73.8514,18.3466],[73.8533,18.3427],[73.8535,18.3413],[73.8512,18.3458],[73.8515,18.3485],[73.8503,18.3483],[73.8482,18.344],[73.8448,18.343],[73.8438,18.3401],[73.8427,18.3399],[73.8371,18.3414],[73.8272,18.3484],[73.8208,18.3508],[73.7969,18.3496]]}},{"type":"Feature","properties":{"id":"transit_route:gtfs_pune_pmpml:524","field":"public_transport","kind":"transit_route","name":"Saswad to Balaji Nagar Corner Satara Road (UP)","ref":"293","status":"operational","opened_on":null,"expected_completion":null,"agency":"PMPML","source":"gtfs_pune_pmpml","confidence":0.7,"mode":"bus","tier":"secondary","geometry_source":"shape"},"geometry":{"type":"LineString","coordinates":[[74.0314,18.3451],[74.0334,18.3432],[74.0323,18.3385],[74.0301,18.3384],[74.0087,18.3274],[73.9833,18.3119],[73.9767,18.3033],[73.9636,18.2919],[73.9631,18.2885],[73.9645,18.2875],[73.9619,18.2853],[73.9625,18.2838],[73.9605,18.2823],[73.9561,18.2827],[73.9557,18.281],[73.9503,18.2837],[73.931,18.2679],[73.9262,18.2578],[73.927,18.2561],[73.9258,18.2528],[73.9191,18.2433],[73.9155,18.2347],[73.9129,18.2324],[73.9139,18.2311],[73.9038,18.2374],[73.8836,18.262],[73.8722,18.2924],[73.8734,18.3006],[73.8682,18.3058],[73.8654,18.3131],[73.859,18.3181],[73.8519,18.3265],[73.8534,18.3418],[73.8512,18.3467],[73.8568,18.39],[73.8552,18.393],[73.8577,18.3961],[73.8554,18.4033],[73.8585,18.4108],[73.8575,18.4148],[73.8549,18.415],[73.8576,18.418],[73.8581,18.4209],[73.8603,18.4219],[73.8602,18.4251],[73.857,18.4293],[73.8606,18.4369],[73.858,18.4504],[73.8581,18.4643]]}},{"type":"Feature","properties":{"id":"transit_route:gtfs_pune_pmpml:525","field":"public_transport","kind":"transit_route","name":"Balaji Nagar Corner Satara Road to Saswad (DOWN)","ref":"293","status":"operational","opened_on":null,"expected_completion":null,"agency":"PMPML","source":"gtfs_pune_pmpml","confidence":0.7,"mode":"bus","tier":"secondary","geometry_source":"shape"},"geometry":{"type":"LineString","coordinates":[[73.8582,18.4643],[73.8582,18.4502],[73.8606,18.4369],[73.857,18.4293],[73.8602,18.4251],[73.8603,18.4219],[73.8581,18.4209],[73.8576,18.418],[73.8549,18.415],[73.8575,18.4148],[73.8585,18.4108],[73.8554,18.4033],[73.8577,18.3961],[73.8552,18.393],[73.8569,18.3901],[73.8557,18.3737],[73.8541,18.37],[73.8535,18.3576],[73.8514,18.3466],[73.8535,18.3418],[73.8521,18.3262],[73.8577,18.3211],[73.8591,18.3182],[73.8655,18.3131],[73.8683,18.3058],[73.8732,18.3011],[73.8723,18.2924],[73.8837,18.2621],[73.9036,18.2378],[73.9129,18.2324],[73.9155,18.2347],[73.9191,18.2433],[73.9255,18.2523],[73.927,18.2561],[73.9262,18.2578],[73.931,18.2679],[73.9503,18.2837],[73.9557,18.281],[73.9561,18.2827],[73.9605,18.2823],[73.9625,18.2838],[73.9619,18.2853],[73.9645,18.2875],[73.9631,18.2885],[73.9636,18.2919],[73.9767,18.3033],[73.9833,18.3119],[74.0087,18.3274],[74.0301,18.3384],[74.0323,18.3385],[74.0334,18.3432],[74.0314,18.3451]]}},{"type":"Feature","properties":{"id":"transit_route:gtfs_pune_pmpml:530","field":"public_transport","kind":"transit_route","name":"Vangniwadi to Balaji Nagar Corner Satara Road (UP)","ref":"296A","status":"operational","opened_on":null,"expected_completion":null,"agency":"PMPML","source":"gtfs_pune_pmpml","confidence":0.7,"mode":"bus","tier":"secondary","geometry_source":"shape"},"geometry":{"type":"LineString","coordinates":[[73.774,18.315],[73.7747,18.3122],[73.7718,18.3087],[73.7711,18.3031],[73.7728,18.2974],[73.7729,18.2917],[73.7822,18.2797],[73.7792,18.274],[73.7817,18.2723],[73.7987,18.2667],[73.8059,18.2679],[73.834,18.2635],[73.8497,18.257],[73.8529,18.2528],[73.8689,18.2469],[73.871,18.2469],[73.8737,18.2493],[73.8765,18.2467],[73.8833,18.2542],[73.8853,18.2587],[73.8795,18.2715],[73.8721,18.2928],[73.8735,18.3002],[73.8682,18.3058],[73.8654,18.3131],[73.859,18.3181],[73.8518,18.327],[73.8534,18.3418],[73.8512,18.3467],[73.8568,18.39],[73.8552,18.393],[73.8577,18.3961],[73.8554,18.4033],[73.8585,18.4105],[73.8575,18.4148],[73.8549,18.415],[73.8576,18.418],[73.8581,18.4209],[73.8603,18.4219],[73.8602,18.4251],[73.857,18.4293],[73.8606,18.4369],[73.858,18.4504],[73.8581,18.4643]]}},{"type":"Feature","properties":{"id":"transit_route:gtfs_pune_pmpml:531","field":"public_transport","kind":"transit_route","name":"Balaji Nagar Corner Satara Road to Vangniwadi (DOWN)","ref":"296A","status":"operational","opened_on":null,"expected_completion":null,"agency":"PMPML","source":"gtfs_pune_pmpml","confidence":0.7,"mode":"bus","tier":"secondary","geometry_source":"shape"},"geometry":{"type":"LineString","coordinates":[[73.8582,18.4643],[73.8582,18.4502],[73.8606,18.4369],[73.857,18.4293],[73.8602,18.4251],[73.8603,18.4219],[73.8581,18.4209],[73.8576,18.418],[73.8549,18.415],[73.8575,18.4148],[73.8585,18.4108],[73.8554,18.4033],[73.8577,18.3961],[73.8552,18.393],[73.8569,18.3901],[73.8557,18.3737],[73.8541,18.37],[73.8535,18.3576],[73.8514,18.3466],[73.8535,18.3418],[73.8521,18.3265],[73.8591,18.3182],[73.8655,18.3131],[73.8683,18.3058],[73.8737,18.3002],[73.8723,18.2924],[73.8796,18.2715],[73.8857,18.2587],[73.8833,18.2542],[73.8765,18.2467],[73.8737,18.2493],[73.871,18.2469],[73.8689,18.2469],[73.8529,18.2528],[73.8497,18.257],[73.834,18.2635],[73.8059,18.2679],[73.7987,18.2667],[73.7817,18.2723],[73.7792,18.274],[73.7822,18.2797],[73.7729,18.2917],[73.7728,18.2974],[73.7711,18.3031],[73.7718,18.3087],[73.7747,18.3122],[73.7741,18.3151]]}},{"type":"Feature","properties":{"id":"transit_route:gtfs_pune_pmpml:532","field":"public_transport","kind":"transit_route","name":"Velhe to Balaji Nagar Corner Satara Road (UP)","ref":"296","status":"operational","opened_on":null,"expected_completion":null,"agency":"PMPML","source":"gtfs_pune_pmpml","confidence":0.7,"mode":"bus","tier":"secondary","geometry_source":"shape"},"geometry":{"type":"LineString","coordinates":[[73.6376,18.293],[73.6412,18.2989],[73.6407,18.3017],[73.644,18.3037],[73.6553,18.3035],[73.6611,18.3059],[73.6675,18.3054],[73.6745,18.3071],[73.6817,18.3045],[73.7028,18.3016],[73.7084,18.2986],[73.7163,18.2975],[73.7202,18.2949],[73.7339,18.2898],[73.7366,18.2868],[73.7379,18.2876],[73.7398,18.2867],[73.7416,18.284],[73.7451,18.2837],[73.7482,18.2815],[73.7504,18.2821],[73.7567,18.2766],[73.7682,18.2745],[73.7794,18.274],[73.7987,18.2667],[73.8059,18.2679],[73.834,18.2635],[73.8497,18.257],[73.8521,18.2532],[73.8606,18.2492],[73.8658,18.2488],[73.8704,18.2468],[73.8738,18.2492],[73.8766,18.2468],[73.8831,18.2539],[73.8853,18.2587],[73.8722,18.2924],[73.8735,18.3002],[73.8682,18.3058],[73.8654,18.3131],[73.859,18.3181],[73.8518,18.327],[73.8534,18.3418],[73.8512,18.3467],[73.8568,18.39],[73.8552,18.393],[73.8577,18.3961],[73.8554,18.4033],[73.8585,18.4105],[73.8575,18.4148],[73.8549,18.415],[73.8576,18.418],[73.8581,18.4209],[73.8603,18.4219],[73.8602,18.4251],[73.857,18.4293],[73.8606,18.4369],[73.858,18.4504],[73.8581,18.4643]]}},{"type":"Feature","properties":{"id":"transit_route:gtfs_pune_pmpml:533","field":"public_transport","kind":"transit_route","name":"Balaji Nagar Corner Satara Road to Velhe (DOWN)","ref":"296","status":"operational","opened_on":null,"expected_completion":null,"agency":"PMPML","source":"gtfs_pune_pmpml","confidence":0.7,"mode":"bus","tier":"secondary","geometry_source":"shape"},"geometry":{"type":"LineString","coordinates":[[73.8582,18.4643],[73.8582,18.4502],[73.8606,18.4369],[73.857,18.4293],[73.8602,18.4251],[73.8603,18.4219],[73.8581,18.4209],[73.8576,18.418],[73.8549,18.415],[73.8575,18.4148],[73.8585,18.4108],[73.8554,18.4033],[73.8577,18.3961],[73.8552,18.393],[73.8569,18.3901],[73.8557,18.3737],[73.8541,18.37],[73.8535,18.3576],[73.8514,18.3466],[73.8535,18.3418],[73.8521,18.3265],[73.8591,18.3182],[73.8655,18.3131],[73.8683,18.3058],[73.8737,18.3002],[73.8723,18.2924],[73.8796,18.2715],[73.8857,18.2587],[73.8795,18.2492],[73.8772,18.2484],[73.8766,18.2468],[73.8738,18.2492],[73.8704,18.2468],[73.8658,18.2488],[73.8606,18.2492],[73.8521,18.2532],[73.8497,18.257],[73.834,18.2635],[73.8059,18.2679],[73.7987,18.2667],[73.7794,18.274],[73.7682,18.2745],[73.7567,18.2766],[73.7504,18.2821],[73.7482,18.2815],[73.7451,18.2837],[73.7416,18.284],[73.7398,18.2867],[73.7379,18.2876],[73.7366,18.2868],[73.7339,18.2898],[73.7202,18.2949],[73.7163,18.2975],[73.7084,18.2986],[73.7028,18.3016],[73.6817,18.3045],[73.6745,18.3071],[73.6675,18.3054],[73.6611,18.3059],[73.6553,18.3035],[73.644,18.3037],[73.6407,18.3017],[73.6412,18.2989],[73.6376,18.293]]}},{"type":"Feature","properties":{"id":"transit_route:gtfs_pune_pmpml:534","field":"public_transport","kind":"transit_route","name":"Shivaji Nagar to Rajas Society (UP)","ref":"297","status":"operational","opened_on":null,"expected_completion":null,"agency":"PMPML","source":"gtfs_pune_pmpml","confidence":0.7,"mode":"bus","tier":"secondary","geometry_source":"shape"},"geometry":{"type":"LineString","coordinates":[[73.8498,18.531],[73.8525,18.5293],[73.8513,18.5274],[73.8561,18.5202],[73.859,18.5044],[73.8564,18.4752],[73.858,18.4666],[73.8582,18.4504],[73.8584,18.4488],[73.8586,18.4482],[73.8592,18.4462],[73.8591,18.4462],[73.8584,18.4483],[73.8586,18.4482],[73.8593,18.448],[73.8595,18.4478],[73.8606,18.4476],[73.8639,18.4483],[73.863,18.4501],[73.8649,18.453]]}},{"type":"Feature","properties":{"id":"transit_route:gtfs_pune_pmpml:535","field":"public_transport","kind":"transit_route","name":"Rajas Society to Shivaji Nagar (DOWN)","ref":"297","status":"operational","opened_on":null,"expected_completion":null,"agency":"PMPML","source":"gtfs_pune_pmpml","confidence":0.7,"mode":"bus","tier":"secondary","geometry_source":"shape"},"geometry":{"type":"LineString","coordinates":[[73.8642,18.453],[73.8629,18.4498],[73.864,18.4482],[73.8588,18.4472],[73.8581,18.4643],[73.8562,18.4753],[73.8584,18.5001],[73.854,18.5017],[73.8538,18.5156],[73.8552,18.5211],[73.8496,18.5302]]}},{"type":"Feature","properties":{"id":"transit_route:gtfs_pune_pmpml:538","field":"public_transport","kind":"transit_route","name":"Chinchwadgaon to Gujarwadi Pmt Bus Stand (UP)","ref":"298","status":"operational","opened_on":null,"expected_completion":null,"agency":"PMPML","source":"gtfs_pune_pmpml","confidence":0.7,"mode":"bus","tier":"secondary","geometry_source":"shape"},"geometry":{"type":"LineString","coordinates":[[73.7822,18.6277],[73.7825,18.629],[73.7777,18.631],[73.7754,18.6288],[73.7754,18.6242],[73.7654,18.6153],[73.7709,18.6087],[73.7785,18.6025],[73.7888,18.5884],[73.7961,18.5836],[73.8091,18.5698],[73.8113,18.5691],[73.8142,18.5613],[73.8278,18.5431],[73.8428,18.5322],[73.8525,18.5293],[73.8513,18.5274],[73.8561,18.5202],[73.8591,18.5042],[73.8578,18.4924],[73.8577,18.4945],[73.8544,18.4948],[73.8541,18.4925],[73.8499,18.4927],[73.8497,18.4842],[73.8507,18.4783],[73.8524,18.4786],[73.853,18.4764],[73.8565,18.4762],[73.8588,18.4555],[73.8582,18.4502],[73.8601,18.4406]]}},{"type":"Feature","properties":{"id":"transit_route:gtfs_pune_pmpml:539","field":"public_transport","kind":"transit_route","name":"Gujarwadi Pmt Bus Stand to Chinchwadgaon Aundh Road / Chinchwadgaon (DOWN)","ref":"298","status":"operational","opened_on":null,"expected_completion":null,"agency":"PMPML","source":"gtfs_pune_pmpml","confidence":0.7,"mode":"bus","tier":"secondary","geometry_source":"shape"},"geometry":{"type":"LineString","coordinates":[[73.8601,18.4406],[73.858,18.4504],[73.8581,18.4643],[73.8563,18.4763],[73.853,18.4764],[73.8524,18.4786],[73.8507,18.4783],[73.8497,18.4842],[73.8499,18.4927],[73.8541,18.4925],[73.8546,18.4971],[73.8578,18.4967],[73.8584,18.5001],[73.8542,18.5014],[73.8538,18.5026],[73.8538,18.5156],[73.855,18.5217],[73.8496,18.5302],[73.843,18.5319],[73.8276,18.5429],[73.8139,18.5616],[73.8113,18.5689],[73.8092,18.5696],[73.796,18.5834],[73.7887,18.5883],[73.7784,18.6024],[73.7703,18.609],[73.7652,18.6155],[73.7753,18.6242],[73.7752,18.6289],[73.7776,18.6311],[73.7816,18.6297],[73.7825,18.628]]}},{"type":"Feature","properties":{"id":"transit_route:gtfs_pune_pmpml:540","field":"public_transport","kind":"transit_route","name":"Bhosari Terminal to Gujarwadi Pmt Bus Stand (UP)","ref":"299","status":"operational","opened_on":null,"expected_completion":null,"agency":"PMPML","source":"gtfs_pune_pmpml","confidence":0.7,"mode":"bus","tier":"secondary","geometry_source":"shape"},"geometry":{"type":"LineString","coordinates":[[73.8514,18.6246],[73.852,18.6253],[73.8497,18.6171],[73.847,18.6157],[73.8455,18.6156],[73.8417,18.6164],[73.8451,18.6158],[73.8418,18.6196],[73.8302,18.621],[73.8302,18.619],[73.8256,18.617],[73.8224,18.607],[73.8296,18.5963],[73.8397,18.5658],[73.8467,18.5573],[73.8518,18.5475],[73.8506,18.5374],[73.855,18.5305],[73.8525,18.529],[73.8422,18.5155],[73.8439,18.5127],[73.8433,18.5105],[73.8456,18.5012],[73.8513,18.4991],[73.8537,18.4997],[73.8537,18.5041],[73.8585,18.5011],[73.8564,18.4752],[73.8582,18.4636],[73.8582,18.4502],[73.8601,18.4406]]}},{"type":"Feature","properties":{"id":"transit_route:gtfs_pune_pmpml:541","field":"public_transport","kind":"transit_route","name":"Gujarwadi Pmt Bus Stand to Bhosari Terminal (DOWN)","ref":"299","status":"operational","opened_on":null,"expected_completion":null,"agency":"PMPML","source":"gtfs_pune_pmpml","confidence":0.7,"mode":"bus","tier":"secondary","geometry_source":"shape"},"geometry":{"type":"LineString","coordinates":[[73.8601,18.4406],[73.858,18.4504],[73.8581,18.4643],[73.8562,18.4747],[73.8583,18.5002],[73.8541,18.5013],[73.8539,18.4997],[73.8514,18.499],[73.8456,18.5011],[73.8409,18.5219],[73.8448,18.5316],[73.8527,18.5295],[73.8549,18.5304],[73.8505,18.5373],[73.8517,18.5475],[73.8466,18.5574],[73.8395,18.5658],[73.8323,18.5882],[73.826,18.6019],[73.822,18.607],[73.8257,18.6173],[73.8299,18.6191],[73.8302,18.621],[73.8419,18.6196],[73.8453,18.6158],[73.847,18.6157],[73.8494,18.6172],[73.8514,18.6246]]}},{"type":"Feature","properties":{"id":"transit_route:gtfs_pune_pmpml:544","field":"public_transport","kind":"transit_route","name":"Alandi to Swargate (UP)","ref":"29","status":"operational","opened_on":null,"expected_completion":null,"agency":"PMPML","source":"gtfs_pune_pmpml","confidence":0.7,"mode":"bus","tier":"secondary","geometry_source":"shape"},"geometry":{"type":"LineString","coordinates":[[73.8971,18.6748],[73.8931,18.6733],[73.8874,18.6644],[73.8838,18.6524],[73.8749,18.6371],[73.8728,18.6015],[73.8752,18.5824],[73.8796,18.5676],[73.8772,18.5647],[73.8757,18.557],[73.8712,18.5487],[73.8789,18.5438],[73.8847,18.5448],[73.8854,18.5418],[73.8854,18.541],[73.8856,18.538],[73.8854,18.5394],[73.8831,18.5399],[73.8838,18.541],[73.8854,18.541],[73.8856,18.538],[73.883,18.5355],[73.8797,18.5348],[73.8757,18.5308],[73.8768,18.5248],[73.8764,18.5234],[73.8739,18.5232],[73.8762,18.5223],[73.8754,18.5196],[73.8797,18.5183],[73.8793,18.507],[73.8822,18.5065],[73.8823,18.5049],[73.8786,18.5028],[73.8654,18.5],[73.859,18.5004],[73.8585,18.499]]}},{"type":"Feature","properties":{"id":"transit_route:gtfs_pune_pmpml:545","field":"public_transport","kind":"transit_route","name":"Swargate to Alandi (DOWN)","ref":"29","status":"operational","opened_on":null,"expected_completion":null,"agency":"PMPML","source":"gtfs_pune_pmpml","confidence":0.7,"mode":"bus","tier":"secondary","geometry_source":"shape"},"geometry":{"type":"LineString","coordinates":[[73.8582,18.4995],[73.8584,18.5006],[73.8646,18.5],[73.8787,18.5029],[73.8801,18.5106],[73.8799,18.5137],[73.8788,18.5136],[73.8792,18.5184],[73.8754,18.5196],[73.8763,18.5234],[73.8711,18.5246],[73.8733,18.5281],[73.8762,18.5281],[73.8756,18.5308],[73.8841,18.5414],[73.8831,18.545],[73.8787,18.5437],[73.871,18.5487],[73.8756,18.5571],[73.8771,18.5646],[73.8794,18.5675],[73.8751,18.5823],[73.8728,18.6015],[73.8747,18.6371],[73.8836,18.6524],[73.8873,18.6645],[73.8931,18.6734],[73.8971,18.6748]]}},{"type":"Feature","properties":{"id":"transit_route:gtfs_pune_pmpml:546","field":"public_transport","kind":"transit_route","name":"Shivaji Nagar to Katraj (UP)","ref":"2A","status":"operational","opened_on":null,"expected_completion":null,"agency":"PMPML","source":"gtfs_pune_pmpml","confidence":0.7,"mode":"bus","tier":"secondary","geometry_source":"shape"},"geometry":{"type":"LineString","coordinates":[[73.8498,18.531],[73.8525,18.5293],[73.8513,18.5274],[73.8561,18.5202],[73.859,18.5044],[73.8564,18.4755],[73.859,18.4468]]}},{"type":"Feature","properties":{"id":"transit_route:gtfs_pune_pmpml:547","field":"public_transport","kind":"transit_route","name":"Katraj to Shivaji Nagar (DOWN)","ref":"2A","status":"operational","opened_on":null,"expected_completion":null,"agency":"PMPML","source":"gtfs_pune_pmpml","confidence":0.7,"mode":"bus","tier":"secondary","geometry_source":"shape"},"geometry":{"type":"LineString","coordinates":[[73.8587,18.4475],[73.8581,18.4643],[73.8562,18.4753],[73.8584,18.5001],[73.8539,18.502],[73.8538,18.5156],[73.8552,18.5211],[73.8542,18.5236],[73.8496,18.5302],[73.8446,18.5314],[73.8474,18.5308],[73.8492,18.5329],[73.8498,18.531]]}},{"type":"Feature","properties":{"id":"transit_route:gtfs_pune_pmpml:551","field":"public_transport","kind":"transit_route","name":"Shivaji Nagar to Swargate (UP)","ref":"2","status":"operational","opened_on":null,"expected_completion":null,"agency":"PMPML","source":"gtfs_pune_pmpml","confidence":0.7,"mode":"bus","tier":"secondary","geometry_source":"shape"},"geometry":{"type":"LineString","coordinates":[[73.8498,18.531],[73.8525,18.5293],[73.8513,18.5274],[73.8561,18.5202],[73.859,18.5044],[73.8585,18.499]]}},{"type":"Feature","properties":{"id":"transit_route:gtfs_pune_pmpml:552","field":"public_transport","kind":"transit_route","name":"Swargate to Shivaji Nagar (DOWN)","ref":"2","status":"operational","opened_on":null,"expected_completion":null,"agency":"PMPML","source":"gtfs_pune_pmpml","confidence":0.7,"mode":"bus","tier":"secondary","geometry_source":"shape"},"geometry":{"type":"LineString","coordinates":[[73.8582,18.4995],[73.8538,18.5026],[73.8538,18.5156],[73.855,18.5217],[73.8496,18.5302],[73.8446,18.5314],[73.8474,18.5308],[73.8492,18.5329],[73.8498,18.531]]}},{"type":"Feature","properties":{"id":"transit_route:gtfs_pune_pmpml:553","field":"public_transport","kind":"transit_route","name":"Bhekrai Nagar to Katraj (UP)","ref":"301A","status":"operational","opened_on":null,"expected_completion":null,"agency":"PMPML","source":"gtfs_pune_pmpml","confidence":0.7,"mode":"bus","tier":"secondary","geometry_source":"shape"},"geometry":{"type":"LineString","coordinates":[[73.9539,18.4837],[73.9472,18.4937],[73.9384,18.5007],[73.9296,18.5017],[73.9138,18.5061],[73.8848,18.5066],[73.8839,18.5064],[73.883,18.5054],[73.8794,18.503],[73.8788,18.5028],[73.8793,18.507],[73.8823,18.506],[73.8794,18.503],[73.8786,18.5028],[73.8748,18.5019],[73.8702,18.5016],[73.8646,18.4998],[73.859,18.5004],[73.8564,18.4752],[73.859,18.4468]]}},{"type":"Feature","properties":{"id":"transit_route:gtfs_pune_pmpml:554","field":"public_transport","kind":"transit_route","name":"Katraj to Bhekrai Nagar (DOWN)","ref":"301A","status":"operational","opened_on":null,"expected_completion":null,"agency":"PMPML","source":"gtfs_pune_pmpml","confidence":0.7,"mode":"bus","tier":"secondary","geometry_source":"shape"},"geometry":{"type":"LineString","coordinates":[[73.8587,18.4475],[73.8581,18.4643],[73.8562,18.4753],[73.8584,18.5006],[73.8646,18.5],[73.8784,18.5027],[73.8793,18.507],[73.9138,18.5062],[73.9296,18.5019],[73.9391,18.5008],[73.9473,18.4937],[73.9539,18.4837]]}},{"type":"Feature","properties":{"id":"transit_route:gtfs_pune_pmpml:557","field":"public_transport","kind":"transit_route","name":"Shewalewadi Depot to Katraj (UP)","ref":"301","status":"operational","opened_on":null,"expected_completion":null,"agency":"PMPML","source":"gtfs_pune_pmpml","confidence":0.7,"mode":"bus","tier":"secondary","geometry_source":"shape"},"geometry":{"type":"LineString","coordinates":[[73.9715,18.4962],[73.9296,18.5017],[73.9115,18.5062],[73.8848,18.5066],[73.8839,18.5064],[73.883,18.5054],[73.8794,18.503],[73.8788,18.5028],[73.8793,18.507],[73.8823,18.506],[73.8794,18.503],[73.8786,18.5028],[73.8748,18.5019],[73.8702,18.5016],[73.8646,18.4998],[73.8588,18.5004],[73.8564,18.4752],[73.859,18.4468]]}},{"type":"Feature","properties":{"id":"transit_route:gtfs_pune_pmpml:560","field":"public_transport","kind":"transit_route","name":"Katraj to Shewalewadi Depot (DOWN)","ref":"301","status":"operational","opened_on":null,"expected_completion":null,"agency":"PMPML","source":"gtfs_pune_pmpml","confidence":0.7,"mode":"bus","tier":"secondary","geometry_source":"shape"},"geometry":{"type":"LineString","coordinates":[[73.8587,18.4475],[73.8581,18.4643],[73.8562,18.4753],[73.8584,18.5006],[73.8646,18.5],[73.8784,18.5027],[73.8793,18.507],[73.8925,18.5062],[73.8981,18.5072],[73.9138,18.5062],[73.9301,18.5018],[73.9715,18.4963]]}},{"type":"Feature","properties":{"id":"transit_route:gtfs_pune_pmpml:561","field":"public_transport","kind":"transit_route","name":"Alandi to Pimprigaon (UP)","ref":"302A","status":"operational","opened_on":null,"expected_completion":null,"agency":"PMPML","source":"gtfs_pune_pmpml","confidence":0.7,"mode":"bus","tier":"secondary","geometry_source":"shape"},"geometry":{"type":"LineString","coordinates":[[73.8971,18.6748],[73.8931,18.6733],[73.8873,18.6641],[73.8838,18.6524],[73.8789,18.6425],[73.875,18.6377],[73.8751,18.6334],[73.8612,18.6252],[73.8515,18.6232],[73.8508,18.6203],[73.8418,18.6196],[73.8223,18.641],[73.8199,18.6327],[73.8036,18.6338],[73.8028,18.6299],[73.8058,18.6263],[73.8048,18.6248],[73.8003,18.624],[73.8019,18.6222],[73.8008,18.6171],[73.8047,18.6153],[73.8055,18.6126],[73.8043,18.612]]}},{"type":"Feature","properties":{"id":"transit_route:gtfs_pune_pmpml:562","field":"public_transport","kind":"transit_route","name":"Pimprigaon to Alandi (DOWN)","ref":"302A","status":"operational","opened_on":null,"expected_completion":null,"agency":"PMPML","source":"gtfs_pune_pmpml","confidence":0.7,"mode":"bus","tier":"secondary","geometry_source":"shape"},"geometry":{"type":"LineString","coordinates":[[73.8043,18.612],[73.8041,18.6151],[73.8008,18.6171],[73.8016,18.6212],[73.7985,18.6232],[73.7978,18.6254],[73.8011,18.6247],[73.8036,18.6341],[73.8199,18.6328],[73.8224,18.6411],[73.8408,18.6208],[73.8402,18.6199],[73.8419,18.6196],[73.8453,18.6158],[73.8492,18.6169],[73.8512,18.6237],[73.86,18.6248],[73.8699,18.6298],[73.8747,18.6336],[73.8748,18.6377],[73.8792,18.6434],[73.8836,18.6524],[73.8873,18.6645],[73.8931,18.6734],[73.8971,18.6748]]}},{"type":"Feature","properties":{"id":"transit_route:gtfs_pune_pmpml:565","field":"public_transport","kind":"transit_route","name":"Bhosari Gavhane Vasti to Pimprigaon (UP)","ref":"302","status":"operational","opened_on":null,"expected_completion":null,"agency":"PMPML","source":"gtfs_pune_pmpml","confidence":0.7,"mode":"bus","tier":"secondary","geometry_source":"shape"},"geometry":{"type":"LineString","coordinates":[[73.849,18.6205],[73.8418,18.6196],[73.8373,18.6205],[73.8381,18.6213],[73.8276,18.6328],[73.8253,18.6308],[73.8157,18.6285],[73.8081,18.6292],[73.8049,18.6248],[73.8003,18.624],[73.8019,18.6222],[73.8008,18.6171],[73.8047,18.6153],[73.8055,18.6126],[73.8043,18.612]]}},{"type":"Feature","properties":{"id":"transit_route:gtfs_pune_pmpml:566","field":"public_transport","kind":"transit_route","name":"Pimprigaon to Bhosari Gavhane Vasti (DOWN)","ref":"302","status":"operational","opened_on":null,"expected_completion":null,"agency":"PMPML","source":"gtfs_pune_pmpml","confidence":0.7,"mode":"bus","tier":"secondary","geometry_source":"shape"},"geometry":{"type":"LineString","coordinates":[[73.8043,18.612],[73.8041,18.6151],[73.8008,18.6171],[73.8016,18.6212],[73.799,18.6227],[73.7978,18.625],[73.7986,18.6258],[73.8002,18.6241],[73.8011,18.6247],[73.8027,18.63],[73.8057,18.6265],[73.8081,18.6292],[73.8157,18.6286],[73.8254,18.6309],[73.8276,18.6328],[73.8381,18.6213],[73.8377,18.6204],[73.8418,18.6196],[73.849,18.6205]]}},{"type":"Feature","properties":{"id":"transit_route:gtfs_pune_pmpml:567","field":"public_transport","kind":"transit_route","name":"Gahunjegaon to Nigdi Pawale Chowk (UP)","ref":"303A","status":"operational","opened_on":null,"expected_completion":null,"agency":"PMPML","source":"gtfs_pune_pmpml","confidence":0.7,"mode":"bus","tier":"secondary","geometry_source":"shape"},"geometry":{"type":"LineString","coordinates":[[73.7021,18.6675],[73.7045,18.6698],[73.71,18.6639],[73.7156,18.6628],[73.7152,18.6611],[73.7206,18.6593],[73.7221,18.6576],[73.7368,18.6629],[73.7323,18.6606],[73.7439,18.6449],[73.751,18.6432],[73.7566,18.6442],[73.7629,18.6506],[73.765,18.6488],[73.7672,18.6508],[73.7636,18.6548],[73.7606,18.6542],[73.7599,18.6558],[73.7644,18.6602],[73.764,18.6612],[73.7709,18.663],[73.7722,18.6644],[73.7717,18.6651],[73.7712,18.6656],[73.7772,18.6598]]}},{"type":"Feature","properties":{"id":"transit_route:gtfs_pune_pmpml:568","field":"public_transport","kind":"transit_route","name":"Nigdi Pawale Chowk to Gahunjegaon (DOWN)","ref":"303A","status":"operational","opened_on":null,"expected_completion":null,"agency":"PMPML","source":"gtfs_pune_pmpml","confidence":0.7,"mode":"bus","tier":"secondary","geometry_source":"shape"},"geometry":{"type":"LineString","coordinates":[[73.7772,18.6598],[73.7727,18.6638],[73.771,18.661],[73.7684,18.6622],[73.7642,18.661],[73.7599,18.6558],[73.7606,18.6542],[73.7637,18.6549],[73.7674,18.6507],[73.7651,18.6487],[73.763,18.6504],[73.7566,18.6441],[73.7506,18.6431],[73.7438,18.6449],[73.7321,18.6606],[73.7221,18.6576],[73.7206,18.6593],[73.7152,18.6611],[73.7156,18.6628],[73.71,18.6639],[73.7052,18.6689],[73.7022,18.6675]]}},{"type":"Feature","properties":{"id":"transit_route:gtfs_pune_pmpml:569","field":"public_transport","kind":"transit_route","name":"Akurdi Railway Station to Nigdi Pawale Chowk (UP)","ref":"303","status":"operational","opened_on":null,"expected_completion":null,"agency":"PMPML","source":"gtfs_pune_pmpml","confidence":0.7,"mode":"bus","tier":"secondary","geometry_source":"shape"},"geometry":{"type":"LineString","coordinates":[[73.7653,18.649],[73.7673,18.6509],[73.7707,18.6492],[73.7702,18.6453],[73.777,18.6449],[73.7736,18.6559],[73.7651,18.6562],[73.764,18.6612],[73.7709,18.663],[73.7721,18.6643],[73.7716,18.6656],[73.7772,18.6598]]}},{"type":"Feature","properties":{"id":"transit_route:gtfs_pune_pmpml:570","field":"public_transport","kind":"transit_route","name":"Nigdi Pawale Chowk to Akurdi Railway Station (DOWN)","ref":"303","status":"operational","opened_on":null,"expected_completion":null,"agency":"PMPML","source":"gtfs_pune_pmpml","confidence":0.7,"mode":"bus","tier":"secondary","geometry_source":"shape"},"geometry":{"type":"LineString","coordinates":[[73.7772,18.6598],[73.7727,18.6638],[73.771,18.661],[73.7684,18.6622],[73.7642,18.661],[73.7652,18.6563],[73.7736,18.6559],[73.7772,18.6449],[73.7706,18.645],[73.7653,18.649]]}},{"type":"Feature","properties":{"id":"transit_route:gtfs_pune_pmpml:571","field":"public_transport","kind":"transit_route","name":"Bhosari Gavhane Vasti to Chinchwadgaon (UP)","ref":"304","status":"operational","opened_on":null,"expected_completion":null,"agency":"PMPML","source":"gtfs_pune_pmpml","confidence":0.7,"mode":"bus","tier":"secondary","geometry_source":"shape"},"geometry":{"type":"LineString","coordinates":[[73.849,18.6205],[73.8418,18.6196],[73.8203,18.6432],[73.8098,18.6501],[73.7948,18.6409],[73.7959,18.6394],[73.7952,18.6385],[73.7853,18.6496],[73.7817,18.634],[73.7873,18.6326],[73.7869,18.6295],[73.7822,18.6277]]}},{"type":"Feature","properties":{"id":"transit_route:gtfs_pune_pmpml:572","field":"public_transport","kind":"transit_route","name":"Chinchwadgaon to Bhosari Gavhane Vasti (DOWN)","ref":"304","status":"operational","opened_on":null,"expected_completion":null,"agency":"PMPML","source":"gtfs_pune_pmpml","confidence":0.7,"mode":"bus","tier":"secondary","geometry_source":"shape"},"geometry":{"type":"LineString","coordinates":[[73.7823,18.6274],[73.7869,18.6295],[73.7873,18.6325],[73.7853,18.6329],[73.789,18.6363],[73.795,18.6386],[73.7936,18.6404],[73.8095,18.6507],[73.8204,18.6433],[73.8419,18.6196],[73.849,18.6205]]}},{"type":"Feature","properties":{"id":"transit_route:gtfs_pune_pmpml:573","field":"public_transport","kind":"transit_route","name":"Greenbase Industrial Park Navlakh Umbre to Nigdi Pawale Chowk (UP)","ref":"305A","status":"operational","opened_on":null,"expected_completion":null,"agency":"PMPML","source":"gtfs_pune_pmpml","confidence":0.7,"mode":"bus","tier":"secondary","geometry_source":"shape"},"geometry":{"type":"LineString","coordinates":[[73.701,18.8138],[73.7003,18.8084],[73.7042,18.8073],[73.7022,18.8031],[73.6952,18.7974],[73.6929,18.7793],[73.6911,18.7744],[73.6829,18.7637],[73.6774,18.7628],[73.6704,18.7517],[73.6602,18.7447],[73.6501,18.731],[73.6543,18.7282],[73.659,18.7294],[73.6647,18.733],[73.6738,18.7327],[73.6844,18.7216],[73.6753,18.7152],[73.6898,18.7011],[73.7076,18.6972],[73.7205,18.687],[73.7287,18.6839],[73.7342,18.6784],[73.7457,18.6782],[73.763,18.6745],[73.7772,18.6598]]}},{"type":"Feature","properties":{"id":"transit_route:gtfs_pune_pmpml:574","field":"public_transport","kind":"transit_route","name":"Nigdi Pawale Chowk to Greenbase Industrial Park Navlakh Umbre (DOWN)","ref":"305A","status":"operational","opened_on":null,"expected_completion":null,"agency":"PMPML","source":"gtfs_pune_pmpml","confidence":0.7,"mode":"bus","tier":"secondary","geometry_source":"shape"},"geometry":{"type":"LineString","coordinates":[[73.7772,18.6598],[73.763,18.6744],[73.7459,18.6781],[73.7342,18.6782],[73.7286,18.6839],[73.7205,18.6869],[73.7078,18.697],[73.6896,18.701],[73.6752,18.7151],[73.6844,18.7216],[73.6738,18.7327],[73.6647,18.733],[73.659,18.7294],[73.654,18.728],[73.6491,18.7315],[73.6447,18.7356],[73.65,18.7314],[73.6602,18.7447],[73.6708,18.7522],[73.6773,18.7628],[73.683,18.7644],[73.6858,18.7668],[73.6924,18.7774],[73.6952,18.7974],[73.7022,18.8031],[73.7042,18.8073],[73.7003,18.8084],[73.701,18.8138]]}},{"type":"Feature","properties":{"id":"transit_route:gtfs_pune_pmpml:575","field":"public_transport","kind":"transit_route","name":"Mindewadi Navlakh Umbre to Nigdi Pawale Chowk (UP)","ref":"305B","status":"operational","opened_on":null,"expected_completion":null,"agency":"PMPML","source":"gtfs_pune_pmpml","confidence":0.7,"mode":"bus","tier":"secondary","geometry_source":"shape"},"geometry":{"type":"LineString","coordinates":[[73.7314,18.7958],[73.7291,18.796],[73.7302,18.8054],[73.7238,18.8044],[73.7178,18.8052],[73.718,18.8043],[73.7169,18.7978],[73.7179,18.8043],[73.7146,18.8054],[73.7063,18.8047],[73.7005,18.8023],[73.6952,18.7974],[73.6925,18.7774],[73.6859,18.7667],[73.6828,18.7636],[73.6802,18.764],[73.677,18.7624],[73.6709,18.7523],[73.6602,18.7447],[73.6501,18.731],[73.6543,18.7282],[73.659,18.7294],[73.6647,18.733],[73.6738,18.7327],[73.6844,18.7216],[73.6753,18.7152],[73.6898,18.7011],[73.7076,18.6972],[73.7205,18.687],[73.7287,18.6839],[73.7342,18.6784],[73.7457,18.6782],[73.763,18.6745],[73.7772,18.6598]]}},{"type":"Feature","properties":{"id":"transit_route:gtfs_pune_pmpml:576","field":"public_transport","kind":"transit_route","name":"Nigdi Pawale Chowk to Mindewadi Navlakh Umbre (DOWN)","ref":"305B","status":"operational","opened_on":null,"expected_completion":null,"agency":"PMPML","source":"gtfs_pune_pmpml","confidence":0.7,"mode":"bus","tier":"secondary","geometry_source":"shape"},"geometry":{"type":"LineString","coordinates":[[73.7772,18.6598],[73.763,18.6744],[73.7459,18.6781],[73.7342,18.6782],[73.7286,18.6839],[73.7205,18.6869],[73.7078,18.697],[73.6896,18.701],[73.6752,18.7151],[73.6844,18.7216],[73.6738,18.7327],[73.6647,18.733],[73.659,18.7294],[73.654,18.728],[73.6491,18.7315],[73.6447,18.7356],[73.65,18.7314],[73.6602,18.7447],[73.6708,18.7522],[73.6773,18.7628],[73.683,18.7644],[73.6858,18.7668],[73.6924,18.7774],[73.6952,18.7974],[73.7007,18.8024],[73.7106,18.8053],[73.7238,18.8045],[73.7302,18.8055],[73.7293,18.7963],[73.7314,18.7959]]}},{"type":"Feature","properties":{"id":"transit_route:gtfs_pune_pmpml:577","field":"public_transport","kind":"transit_route","name":"Vadgaon Mawal to Nigdi Pawale Chowk (UP)","ref":"305","status":"operational","opened_on":null,"expected_completion":null,"agency":"PMPML","source":"gtfs_pune_pmpml","confidence":0.7,"mode":"bus","tier":"secondary","geometry_source":"shape"},"geometry":{"type":"LineString","coordinates":[[73.6309,18.7439],[73.6354,18.7385],[73.6449,18.7357],[73.6539,18.7283],[73.659,18.7294],[73.6647,18.733],[73.6738,18.7327],[73.6844,18.7216],[73.6753,18.7152],[73.6898,18.7011],[73.7087,18.6966],[73.7205,18.687],[73.7289,18.6838],[73.7334,18.6787],[73.7333,18.6782],[73.7353,18.6768],[73.7341,18.6751],[73.7326,18.676],[73.7334,18.6787],[73.7403,18.6789],[73.763,18.6745],[73.7772,18.6598]]}},{"type":"Feature","properties":{"id":"transit_route:gtfs_pune_pmpml:578","field":"public_transport","kind":"transit_route","name":"Nigdi Pawale Chowk to Vadgaon Mawal (DOWN)","ref":"305","status":"operational","opened_on":null,"expected_completion":null,"agency":"PMPML","source":"gtfs_pune_pmpml","confidence":0.7,"mode":"bus","tier":"secondary","geometry_source":"shape"},"geometry":{"type":"LineString","coordinates":[[73.7772,18.6598],[73.763,18.6744],[73.7404,18.6788],[73.7333,18.6785],[73.7353,18.6768],[73.7341,18.6751],[73.7326,18.676],[73.7333,18.6785],[73.7291,18.6835],[73.7205,18.6869],[73.7088,18.6965],[73.6896,18.701],[73.6752,18.7151],[73.6844,18.7216],[73.6738,18.7327],[73.6647,18.733],[73.659,18.7294],[73.654,18.728],[73.6449,18.7356],[73.6353,18.7384],[73.6309,18.7439]]}},{"type":"Feature","properties":{"id":"transit_route:gtfs_pune_pmpml:579","field":"public_transport","kind":"transit_route","name":"Hinjewadi Hills Dattawadi to Dange Chowk (UP)","ref":"306A","status":"operational","opened_on":null,"expected_completion":null,"agency":"PMPML","source":"gtfs_pune_pmpml","confidence":0.7,"mode":"bus","tier":"secondary","geometry_source":"shape"},"geometry":{"type":"LineString","coordinates":[[73.689,18.6045],[73.6937,18.6029],[73.6978,18.6055],[73.6972,18.6091],[73.6949,18.6094],[73.6944,18.6109],[73.6947,18.6201],[73.708,18.6177],[73.7114,18.6136],[73.7174,18.612],[73.7223,18.6076],[73.7335,18.6016],[73.7351,18.594],[73.7389,18.5913],[73.7399,18.5956],[73.7422,18.598],[73.7435,18.5989],[73.744,18.5993],[73.7447,18.5998],[73.7448,18.5997],[73.7431,18.5986],[73.744,18.5993],[73.7446,18.5998],[73.7446,18.5999],[73.7434,18.602],[73.7506,18.6041],[73.7557,18.6071],[73.7655,18.6151]]}},{"type":"Feature","properties":{"id":"transit_route:gtfs_pune_pmpml:580","field":"public_transport","kind":"transit_route","name":"Dange Chowk to Hinjewadi Hills Dattawadi (DOWN)","ref":"306A","status":"operational","opened_on":null,"expected_completion":null,"agency":"PMPML","source":"gtfs_pune_pmpml","confidence":0.7,"mode":"bus","tier":"secondary","geometry_source":"shape"},"geometry":{"type":"LineString","coordinates":[[73.7655,18.6151],[73.742,18.5978],[73.7398,18.5954],[73.7367,18.5868],[73.7337,18.5858],[73.7322,18.5941],[73.7351,18.594],[73.7342,18.6008],[73.7223,18.6076],[73.7174,18.612],[73.7114,18.6136],[73.7084,18.6175],[73.6947,18.6201],[73.6944,18.6109],[73.6947,18.6097],[73.6972,18.6091],[73.6978,18.6055],[73.6965,18.6037],[73.6938,18.6029],[73.6888,18.6044]]}},{"type":"Feature","properties":{"id":"transit_route:gtfs_pune_pmpml:581","field":"public_transport","kind":"transit_route","name":"Megapolis Phase 3 to Dange Chowk (UP)","ref":"306","status":"operational","opened_on":null,"expected_completion":null,"agency":"PMPML","source":"gtfs_pune_pmpml","confidence":0.7,"mode":"bus","tier":"secondary","geometry_source":"shape"},"geometry":{"type":"LineString","coordinates":[[73.6821,18.5768],[73.6879,18.5778],[73.6873,18.5829],[73.693,18.5833],[73.7047,18.5887],[73.7078,18.5936],[73.7134,18.5961],[73.7187,18.5971],[73.7227,18.5947],[73.7354,18.5939],[73.7389,18.5913],[73.7399,18.5956],[73.7422,18.598],[73.7435,18.5989],[73.744,18.5993],[73.7447,18.5998],[73.7448,18.5997],[73.7431,18.5986],[73.744,18.5993],[73.7446,18.5998],[73.7446,18.5999],[73.7434,18.602],[73.7506,18.6041],[73.7557,18.6071],[73.7655,18.6151]]}},{"type":"Feature","properties":{"id":"transit_route:gtfs_pune_pmpml:582","field":"public_transport","kind":"transit_route","name":"Dange Chowk to Megapolis Phase 3 (DOWN)","ref":"306","status":"operational","opened_on":null,"expected_completion":null,"agency":"PMPML","source":"gtfs_pune_pmpml","confidence":0.7,"mode":"bus","tier":"secondary","geometry_source":"shape"},"geometry":{"type":"LineString","coordinates":[[73.7655,18.6151],[73.742,18.5978],[73.7399,18.5955],[73.7386,18.5901],[73.736,18.5864],[73.7334,18.586],[73.7322,18.594],[73.7227,18.5945],[73.7191,18.5969],[73.7134,18.596],[73.7081,18.5935],[73.7047,18.5886],[73.6935,18.5832],[73.688,18.5822],[73.6884,18.5773],[73.6821,18.5768]]}},{"type":"Feature","properties":{"id":"transit_route:gtfs_pune_pmpml:583","field":"public_transport","kind":"transit_route","name":"ISKCON Mandir in Shindewasti Ravet to Chinchwadgaon (UP)","ref":"307","status":"operational","opened_on":null,"expected_completion":null,"agency":"PMPML","source":"gtfs_pune_pmpml","confidence":0.7,"mode":"bus","tier":"secondary","geometry_source":"shape"},"geometry":{"type":"LineString","coordinates":[[73.755,18.6547],[73.7561,18.6558],[73.7551,18.6585],[73.7523,18.6526],[73.7503,18.6433],[73.7553,18.6438],[73.7577,18.6386],[73.7613,18.6355],[73.7708,18.6316],[73.778,18.6312],[73.7825,18.629],[73.7822,18.6277]]}},{"type":"Feature","properties":{"id":"transit_route:gtfs_pune_pmpml:584","field":"public_transport","kind":"transit_route","name":"Chinchwadgaon to ISKCON Mandir in Shindewasti Ravet (DOWN)","ref":"307","status":"operational","opened_on":null,"expected_completion":null,"agency":"PMPML","source":"gtfs_pune_pmpml","confidence":0.7,"mode":"bus","tier":"secondary","geometry_source":"shape"},"geometry":{"type":"LineString","coordinates":[[73.7822,18.6277],[73.7825,18.629],[73.778,18.631],[73.7708,18.6316],[73.7621,18.635],[73.7572,18.6392],[73.7553,18.6437],[73.7502,18.6432],[73.7523,18.6526],[73.7552,18.6588],[73.7566,18.6561],[73.755,18.6547]]}},{"type":"Feature","properties":{"id":"transit_route:gtfs_pune_pmpml:585","field":"public_transport","kind":"transit_route","name":"Gharkul Vasahat Chikhali to Nigdi Pawale Chowk (UP)","ref":"308","status":"operational","opened_on":null,"expected_completion":null,"agency":"PMPML","source":"gtfs_pune_pmpml","confidence":0.7,"mode":"bus","tier":"secondary","geometry_source":"shape"},"geometry":{"type":"LineString","coordinates":[[73.8059,18.6651],[73.7963,18.6673],[73.7936,18.6606],[73.7866,18.6642],[73.7794,18.6608],[73.7762,18.6608],[73.7772,18.6598]]}},{"type":"Feature","properties":{"id":"transit_route:gtfs_pune_pmpml:586","field":"public_transport","kind":"transit_route","name":"Nigdi Pawale Chowk to Gharkul Vasahat Chikhali (DOWN)","ref":"308","status":"operational","opened_on":null,"expected_completion":null,"agency":"PMPML","source":"gtfs_pune_pmpml","confidence":0.7,"mode":"bus","tier":"secondary","geometry_source":"shape"},"geometry":{"type":"LineString","coordinates":[[73.7772,18.6598],[73.7865,18.6643],[73.7942,18.6604],[73.7965,18.6676],[73.8059,18.6655]]}},{"type":"Feature","properties":{"id":"transit_route:gtfs_pune_pmpml:587","field":"public_transport","kind":"transit_route","name":"Sant Tukaram Maharaj Krida Sankul Dehugaon to Alandi (UP)","ref":"309","status":"operational","opened_on":null,"expected_completion":null,"agency":"PMPML","source":"gtfs_pune_pmpml","confidence":0.7,"mode":"bus","tier":"secondary","geometry_source":"shape"},"geometry":{"type":"LineString","coordinates":[[73.7783,18.7189],[73.775,18.723],[73.769,18.7245],[73.7659,18.72],[73.7675,18.7194],[73.7678,18.7168],[73.7723,18.7148],[73.7926,18.6962],[73.802,18.6894],[73.8166,18.6826],[73.8224,18.6827],[73.8378,18.6797],[73.8492,18.6794],[73.8498,18.677],[73.8564,18.6757],[73.8602,18.6758],[73.8674,18.6792],[73.8856,18.6743],[73.8881,18.6733],[73.8912,18.6716],[73.8919,18.6714],[73.8919,18.6713],[73.8931,18.6734],[73.8971,18.6748]]}},{"type":"Feature","properties":{"id":"transit_route:gtfs_pune_pmpml:588","field":"public_transport","kind":"transit_route","name":"Alandi to Sant Tukaram Maharaj Krida Sankul Dehugaon (DOWN)","ref":"309","status":"operational","opened_on":null,"expected_completion":null,"agency":"PMPML","source":"gtfs_pune_pmpml","confidence":0.7,"mode":"bus","tier":"secondary","geometry_source":"shape"},"geometry":{"type":"LineString","coordinates":[[73.8971,18.6748],[73.8932,18.6733],[73.8919,18.6713],[73.8856,18.6742],[73.8679,18.6791],[73.8602,18.6758],[73.8562,18.6757],[73.8497,18.6769],[73.8492,18.6793],[73.8389,18.6794],[73.8224,18.6826],[73.8166,18.6825],[73.802,18.6893],[73.7925,18.6961],[73.7723,18.7148],[73.7678,18.7168],[73.7675,18.7194],[73.7659,18.72],[73.769,18.7245],[73.775,18.723],[73.7783,18.7189]]}},{"type":"Feature","properties":{"id":"transit_route:gtfs_pune_pmpml:589","field":"public_transport","kind":"transit_route","name":"Ghotawade Phata to Marketyard Depot (UP)","ref":"30","status":"operational","opened_on":null,"expected_completion":null,"agency":"PMPML","source":"gtfs_pune_pmpml","confidence":0.7,"mode":"bus","tier":"secondary","geometry_source":"shape"},"geometry":{"type":"LineString","coordinates":[[73.6779,18.5129],[73.6896,18.5101],[73.6949,18.5109],[73.6969,18.5239],[73.7033,18.5271],[73.7049,18.534],[73.7123,18.5416],[73.7156,18.5578],[73.7285,18.553],[73.7363,18.5566],[73.752,18.5528],[73.7577,18.5531],[73.7655,18.549],[73.7657,18.5508],[73.7721,18.5521],[73.7745,18.5466],[73.79,18.5427],[73.7935,18.5409],[73.794,18.5371],[73.8052,18.5379],[73.8278,18.542],[73.8264,18.5426],[73.8293,18.542],[73.8428,18.5322],[73.8525,18.5293],[73.8513,18.5274],[73.8561,18.5202],[73.859,18.5044],[73.8576,18.4894],[73.8701,18.4895],[73.8715,18.4837]]}},{"type":"Feature","properties":{"id":"transit_route:gtfs_pune_pmpml:590","field":"public_transport","kind":"transit_route","name":"Marketyard Depot to Ghotawade Phata (DOWN)","ref":"30","status":"operational","opened_on":null,"expected_completion":null,"agency":"PMPML","source":"gtfs_pune_pmpml","confidence":0.7,"mode":"bus","tier":"secondary","geometry_source":"shape"},"geometry":{"type":"LineString","coordinates":[[73.8714,18.4837],[73.8701,18.4894],[73.8574,18.4893],[73.8579,18.4941],[73.8579,18.4961],[73.8579,18.4969],[73.8584,18.5],[73.8584,18.5001],[73.8583,18.5003],[73.8582,18.5004],[73.8581,18.5005],[73.8579,18.5005],[73.8559,18.501],[73.8557,18.5011],[73.8542,18.5014],[73.8537,18.5041],[73.8585,18.5011],[73.8585,18.499],[73.8581,18.4966],[73.8578,18.4966],[73.8583,18.5002],[73.8542,18.5014],[73.8536,18.5045],[73.8538,18.5156],[73.8552,18.5213],[73.8496,18.5302],[73.843,18.5319],[73.8288,18.5419],[73.794,18.5371],[73.7935,18.5408],[73.79,18.5426],[73.7692,18.5484],[73.7733,18.5472],[73.7717,18.5519],[73.7657,18.5508],[73.7655,18.549],[73.7577,18.5531],[73.752,18.5528],[73.7363,18.5566],[73.7285,18.553],[73.7156,18.5578],[73.7123,18.5416],[73.7049,18.534],[73.7033,18.5271],[73.6969,18.5239],[73.6949,18.5109],[73.6896,18.5101],[73.6781,18.5129]]}},{"type":"Feature","properties":{"id":"transit_route:gtfs_pune_pmpml:597","field":"public_transport","kind":"transit_route","name":"Chinchwadgaon to Pune Station Depot (UP)","ref":"312","status":"operational","opened_on":null,"expected_completion":null,"agency":"PMPML","source":"gtfs_pune_pmpml","confidence":0.7,"mode":"bus","tier":"secondary","geometry_source":"shape"},"geometry":{"type":"LineString","coordinates":[[73.7823,18.6274],[73.7869,18.6295],[73.7873,18.6325],[73.7852,18.6328],[73.7889,18.6362],[73.7951,18.6388],[73.8057,18.6265],[73.8081,18.6292],[73.8157,18.6286],[73.8196,18.6297],[73.8168,18.6137],[73.8253,18.6037],[73.8296,18.5963],[73.8373,18.5719],[73.8484,18.5664],[73.8517,18.5638],[73.8543,18.5588],[73.8609,18.5562],[73.8785,18.544],[73.8847,18.5448],[73.8856,18.5379],[73.8831,18.5354],[73.8796,18.5347],[73.8757,18.5308],[73.8764,18.5274]]}},{"type":"Feature","properties":{"id":"transit_route:gtfs_pune_pmpml:598","field":"public_transport","kind":"transit_route","name":"Pune Station Depot to Chinchwadgaon (DOWN)","ref":"312","status":"operational","opened_on":null,"expected_completion":null,"agency":"PMPML","source":"gtfs_pune_pmpml","confidence":0.7,"mode":"bus","tier":"secondary","geometry_source":"shape"},"geometry":{"type":"LineString","coordinates":[[73.8764,18.5274],[73.8764,18.5234],[73.8711,18.5245],[73.8733,18.5281],[73.8762,18.5281],[73.8756,18.5308],[73.8841,18.5414],[73.8833,18.5448],[73.8785,18.5439],[73.8609,18.5561],[73.8543,18.5587],[73.8517,18.5638],[73.8484,18.5664],[73.8372,18.5719],[73.8326,18.5877],[73.826,18.6019],[73.8163,18.6136],[73.8195,18.6296],[73.8157,18.6285],[73.8081,18.6292],[73.8056,18.6262],[73.7951,18.6385],[73.795,18.6386],[73.7936,18.6402],[73.7938,18.6405],[73.7953,18.6386],[73.7952,18.6385],[73.7951,18.6385],[73.7924,18.6375],[73.7895,18.6366],[73.7875,18.634],[73.7859,18.6333],[73.7858,18.6332],[73.7854,18.6328],[73.7853,18.6329],[73.7854,18.6329],[73.7857,18.6328],[73.7873,18.6325],[73.7869,18.6295],[73.7822,18.6277]]}},{"type":"Feature","properties":{"id":"transit_route:gtfs_pune_pmpml:603","field":"public_transport","kind":"transit_route","name":"Chandkhed to Chinchwadgaon (UP)","ref":"313","status":"operational","opened_on":null,"expected_completion":null,"agency":"PMPML","source":"gtfs_pune_pmpml","confidence":0.7,"mode":"bus","tier":"secondary","geometry_source":"shape"},"geometry":{"type":"LineString","coordinates":[[73.6509,18.6472],[73.6615,18.6382],[73.6687,18.635],[73.6831,18.6248],[73.6932,18.62],[73.708,18.6177],[73.7114,18.6136],[73.7175,18.6119],[73.7223,18.6076],[73.7335,18.6016],[73.7351,18.594],[73.7389,18.5913],[73.7399,18.5956],[73.7422,18.598],[73.7435,18.5989],[73.744,18.5993],[73.7447,18.5998],[73.7448,18.5997],[73.7431,18.5986],[73.744,18.5993],[73.7446,18.5998],[73.7446,18.5999],[73.7434,18.602],[73.7438,18.602],[73.744,18.6022],[73.7447,18.6025],[73.7453,18.6028],[73.7458,18.6006],[73.7447,18.5998],[73.7434,18.602],[73.7466,18.6035],[73.7506,18.6041],[73.7631,18.6132],[73.7753,18.6242],[73.7752,18.6289],[73.7776,18.6311],[73.7816,18.6297],[73.7822,18.6277]]}},{"type":"Feature","properties":{"id":"transit_route:gtfs_pune_pmpml:604","field":"public_transport","kind":"transit_route","name":"Chinchwadgaon to Chandkhed (DOWN)","ref":"313","status":"operational","opened_on":null,"expected_completion":null,"agency":"PMPML","source":"gtfs_pune_pmpml","confidence":0.7,"mode":"bus","tier":"secondary","geometry_source":"shape"},"geometry":{"type":"LineString","coordinates":[[73.7822,18.6277],[73.7825,18.629],[73.7776,18.6309],[73.7754,18.6288],[73.7752,18.624],[73.7559,18.6071],[73.742,18.5978],[73.7398,18.5954],[73.7367,18.5868],[73.7337,18.5858],[73.7322,18.5941],[73.7351,18.594],[73.7335,18.6016],[73.7223,18.6076],[73.7174,18.612],[73.7114,18.6136],[73.7084,18.6175],[73.6932,18.62],[73.6831,18.6248],[73.6687,18.635],[73.6615,18.6382],[73.6509,18.6471]]}},{"type":"Feature","properties":{"id":"transit_route:gtfs_pune_pmpml:605","field":"public_transport","kind":"transit_route","name":"Chakan Ambethan Chowk to Nigdi Pawale Chowk (UP)","ref":"314","status":"operational","opened_on":null,"expected_completion":null,"agency":"PMPML","source":"gtfs_pune_pmpml","confidence":0.7,"mode":"bus","tier":"secondary","geometry_source":"shape"},"geometry":{"type":"LineString","coordinates":[[73.8614,18.7631],[73.8351,18.7785],[73.8283,18.7779],[73.8166,18.7823],[73.811,18.7693],[73.8091,18.7552],[73.8057,18.7547],[73.807,18.7397],[73.8014,18.7373],[73.7959,18.7252],[73.7978,18.7122],[73.7937,18.7071],[73.7934,18.705],[73.7905,18.7046],[73.79,18.7038],[73.79,18.7037],[73.789,18.702],[73.7881,18.7006],[73.788,18.7007],[73.792,18.6967],[73.7856,18.6684],[73.7869,18.6642],[73.7891,18.6631],[73.7866,18.6642],[73.7794,18.6608],[73.7762,18.6608],[73.7772,18.6598]]}},{"type":"Feature","properties":{"id":"transit_route:gtfs_pune_pmpml:606","field":"public_transport","kind":"transit_route","name":"Nigdi to Chakan Ambethan Chowk (DOWN)","ref":"314","status":"operational","opened_on":null,"expected_completion":null,"agency":"PMPML","source":"gtfs_pune_pmpml","confidence":0.7,"mode":"bus","tier":"secondary","geometry_source":"shape"},"geometry":{"type":"LineString","coordinates":[[73.7772,18.6598],[73.7865,18.6643],[73.7891,18.6631],[73.7865,18.6642],[73.7865,18.6643],[73.7866,18.6645],[73.7867,18.6647],[73.7867,18.6652],[73.7862,18.6677],[73.7854,18.6683],[73.7918,18.6966],[73.788,18.7007],[73.7902,18.7062],[73.7936,18.7071],[73.7977,18.7123],[73.7958,18.7252],[73.8013,18.7374],[73.8068,18.7401],[73.8066,18.7432],[73.7953,18.7425],[73.7887,18.7462],[73.7963,18.7531],[73.8091,18.7552],[73.811,18.7693],[73.8166,18.7823],[73.8283,18.7779],[73.8351,18.7785],[73.8613,18.763]]}},{"type":"Feature","properties":{"id":"transit_route:gtfs_pune_pmpml:607","field":"public_transport","kind":"transit_route","name":"Bhosari Pmt Chowk to Pune Station Sassoon Road (UP)","ref":"315","status":"operational","opened_on":null,"expected_completion":null,"agency":"PMPML","source":"gtfs_pune_pmpml","confidence":0.7,"mode":"bus","tier":"secondary","geometry_source":"shape"},"geometry":{"type":"LineString","coordinates":[[73.8511,18.6225],[73.8516,18.6239],[73.8612,18.6252],[73.8751,18.6335],[73.8728,18.6019],[73.8767,18.5756],[73.8785,18.5727],[73.8992,18.5754],[73.8996,18.5743],[73.8999,18.5726],[73.8924,18.5617],[73.8889,18.5457],[73.8848,18.5449],[73.8856,18.5379],[73.8831,18.5354],[73.8796,18.5347],[73.8757,18.5308],[73.8764,18.5234],[73.8711,18.5245],[73.873,18.5271]]}},{"type":"Feature","properties":{"id":"transit_route:gtfs_pune_pmpml:608","field":"public_transport","kind":"transit_route","name":"Pune Station Sassoon Road to Bhosari Pmt Chowk (DOWN)","ref":"315","status":"operational","opened_on":null,"expected_completion":null,"agency":"PMPML","source":"gtfs_pune_pmpml","confidence":0.7,"mode":"bus","tier":"secondary","geometry_source":"shape"},"geometry":{"type":"LineString","coordinates":[[73.8726,18.5264],[73.8736,18.5283],[73.8762,18.5281],[73.8756,18.5308],[73.884,18.5413],[73.8834,18.545],[73.8887,18.5461],[73.8923,18.5617],[73.8999,18.5731],[73.8994,18.5754],[73.8781,18.5726],[73.8767,18.5753],[73.8728,18.6019],[73.8748,18.6331],[73.8612,18.6252],[73.8515,18.6232],[73.8513,18.6223]]}},{"type":"Feature","properties":{"id":"transit_route:gtfs_pune_pmpml:609","field":"public_transport","kind":"transit_route","name":"Katar Khadak to Chinchwadgaon (UP)","ref":"316","status":"operational","opened_on":null,"expected_completion":null,"agency":"PMPML","source":"gtfs_pune_pmpml","confidence":0.7,"mode":"bus","tier":"secondary","geometry_source":"shape"},"geometry":{"type":"LineString","coordinates":[[73.5766,18.6121],[73.5825,18.609],[73.584,18.6096],[73.5883,18.6064],[73.5885,18.605],[73.5967,18.6047],[73.6061,18.5954],[73.6084,18.5946],[73.6117,18.5895],[73.6249,18.5775],[73.6439,18.5767],[73.6473,18.5742],[73.6611,18.5695],[73.6637,18.5661],[73.6655,18.5588],[73.6682,18.5574],[73.6751,18.5649],[73.6776,18.5712],[73.684,18.5737],[73.6887,18.5734],[73.6873,18.5829],[73.6931,18.5833],[73.7047,18.5887],[73.7079,18.5937],[73.7186,18.5971],[73.7227,18.5947],[73.7354,18.5939],[73.7389,18.5913],[73.7399,18.5956],[73.7422,18.598],[73.7435,18.5989],[73.744,18.5993],[73.7447,18.5998],[73.7448,18.5997],[73.7431,18.5986],[73.744,18.5993],[73.7446,18.5998],[73.7446,18.5999],[73.7434,18.602],[73.7438,18.602],[73.744,18.6022],[73.7447,18.6025],[73.7453,18.6028],[73.7458,18.6006],[73.7447,18.5998],[73.7434,18.602],[73.7466,18.6035],[73.7506,18.6041],[73.7631,18.6132],[73.7753,18.6242],[73.7752,18.6289],[73.7776,18.6311],[73.7816,18.6297],[73.7822,18.6277]]}},{"type":"Feature","properties":{"id":"transit_route:gtfs_pune_pmpml:610","field":"public_transport","kind":"transit_route","name":"Chinchwadgaon to Katar Khadak (DOWN)","ref":"316","status":"operational","opened_on":null,"expected_completion":null,"agency":"PMPML","source":"gtfs_pune_pmpml","confidence":0.7,"mode":"bus","tier":"secondary","geometry_source":"shape"},"geometry":{"type":"LineString","coordinates":[[73.7822,18.6277],[73.7825,18.629],[73.7776,18.6309],[73.7754,18.6288],[73.775,18.6238],[73.7559,18.6071],[73.7528,18.6059],[73.7399,18.5956],[73.7364,18.5866],[73.7334,18.5859],[73.7322,18.594],[73.7227,18.5945],[73.7191,18.5969],[73.712,18.5956],[73.7081,18.5935],[73.7047,18.5886],[73.6935,18.5832],[73.688,18.5822],[73.6889,18.5734],[73.6839,18.5737],[73.6776,18.5712],[73.6751,18.5649],[73.6682,18.5574],[73.6655,18.5588],[73.6637,18.5661],[73.6611,18.5695],[73.6473,18.5742],[73.6439,18.5767],[73.6249,18.5775],[73.6117,18.5895],[73.6084,18.5946],[73.6061,18.5954],[73.5967,18.6047],[73.5885,18.605],[73.5883,18.6064],[73.584,18.6096],[73.5825,18.609],[73.5764,18.612]]}},{"type":"Feature","properties":{"id":"transit_route:gtfs_pune_pmpml:613","field":"public_transport","kind":"transit_route","name":"Sambhaji Nagar to Pune Station Depot (UP)","ref":"317","status":"operational","opened_on":null,"expected_completion":null,"agency":"PMPML","source":"gtfs_pune_pmpml","confidence":0.7,"mode":"bus","tier":"secondary","geometry_source":"shape"},"geometry":{"type":"LineString","coordinates":[[73.7955,18.6597],[73.7976,18.6584],[73.8011,18.6614],[73.7982,18.663],[73.7993,18.6662],[73.7962,18.6672],[73.7936,18.6606],[73.7866,18.6642],[73.7776,18.6592],[73.826,18.6027],[73.8328,18.5877],[73.8397,18.5658],[73.8467,18.5573],[73.8514,18.5486],[73.8505,18.5375],[73.8528,18.5328],[73.8554,18.5303],[73.8585,18.5295],[73.874,18.5298],[73.8756,18.5308],[73.8764,18.5274]]}},{"type":"Feature","properties":{"id":"transit_route:gtfs_pune_pmpml:614","field":"public_transport","kind":"transit_route","name":"Pune Station Depot to Sambhaji Nagar (DOWN)","ref":"317","status":"operational","opened_on":null,"expected_completion":null,"agency":"PMPML","source":"gtfs_pune_pmpml","confidence":0.7,"mode":"bus","tier":"secondary","geometry_source":"shape"},"geometry":{"type":"LineString","coordinates":[[73.8764,18.5274],[73.8764,18.5234],[73.8711,18.5245],[73.8733,18.5281],[73.8762,18.5281],[73.8756,18.5307],[73.8744,18.5297],[73.8583,18.5294],[73.8553,18.5302],[73.8528,18.5328],[73.8505,18.5375],[73.8512,18.5489],[73.8466,18.5574],[73.8395,18.5658],[73.8326,18.5877],[73.8254,18.603],[73.7773,18.6591],[73.7865,18.6643],[73.7936,18.6608],[73.7962,18.6673],[73.7995,18.6668],[73.7982,18.663],[73.8011,18.6614],[73.7996,18.6593],[73.7955,18.6596]]}},{"type":"Feature","properties":{"id":"transit_route:gtfs_pune_pmpml:623","field":"public_transport","kind":"transit_route","name":"Hinjawadi Maan Phase 3 to Chinchwadgaon (UP)","ref":"320","status":"operational","opened_on":null,"expected_completion":null,"agency":"PMPML","source":"gtfs_pune_pmpml","confidence":0.7,"mode":"bus","tier":"secondary","geometry_source":"shape"},"geometry":{"type":"LineString","coordinates":[[73.6885,18.5759],[73.6889,18.5734],[73.7016,18.5736],[73.7093,18.5753],[73.7301,18.5838],[73.7334,18.5862],[73.7322,18.5941],[73.7354,18.5939],[73.7389,18.5913],[73.7399,18.5956],[73.7422,18.598],[73.7447,18.5998],[73.7448,18.5997],[73.7431,18.5986],[73.7447,18.5998],[73.7434,18.602],[73.7506,18.6041],[73.7631,18.6132],[73.7753,18.6242],[73.7752,18.6289],[73.7776,18.6311],[73.7816,18.6297],[73.7822,18.6277]]}},{"type":"Feature","properties":{"id":"transit_route:gtfs_pune_pmpml:624","field":"public_transport","kind":"transit_route","name":"Chinchwadgaon to Hinjawadi Maan Phase 3 (DOWN)","ref":"320","status":"operational","opened_on":null,"expected_completion":null,"agency":"PMPML","source":"gtfs_pune_pmpml","confidence":0.7,"mode":"bus","tier":"secondary","geometry_source":"shape"},"geometry":{"type":"LineString","coordinates":[[73.7822,18.6277],[73.7825,18.629],[73.7776,18.6309],[73.7754,18.6288],[73.775,18.6238],[73.7559,18.6071],[73.7528,18.6059],[73.7399,18.5956],[73.7364,18.5866],[73.7063,18.5745],[73.6888,18.5733],[73.6883,18.5766]]}},{"type":"Feature","properties":{"id":"transit_route:gtfs_pune_pmpml:627","field":"public_transport","kind":"transit_route","name":"Akurdi Railway Station to Ma Na Pa Main Gate (UP)","ref":"322A","status":"operational","opened_on":null,"expected_completion":null,"agency":"PMPML","source":"gtfs_pune_pmpml","confidence":0.7,"mode":"bus","tier":"secondary","geometry_source":"shape"},"geometry":{"type":"LineString","coordinates":[[73.7654,18.649],[73.763,18.6504],[73.7625,18.6498],[73.7623,18.6496],[73.7622,18.6495],[73.7622,18.6494],[73.7619,18.6497],[73.7678,18.6449],[73.7727,18.643],[73.7827,18.6277],[73.7914,18.6307],[73.7951,18.6293],[73.7982,18.6263],[73.7978,18.6254],[73.7986,18.6258],[73.8019,18.6222],[73.8008,18.6171],[73.8047,18.6153],[73.8055,18.6126],[73.802,18.6112],[73.8007,18.6019],[73.8069,18.5995],[73.812,18.5997],[73.812,18.5973],[73.8172,18.5969],[73.8178,18.5948],[73.8193,18.5941],[73.8193,18.5926],[73.817,18.5909],[73.8154,18.5754],[73.812,18.5763],[73.8067,18.5734],[73.8092,18.5699],[73.8114,18.5689],[73.8142,18.5613],[73.8278,18.5431],[73.8429,18.5321],[73.8525,18.5293],[73.8482,18.5228],[73.8511,18.5221],[73.8541,18.5232]]}},{"type":"Feature","properties":{"id":"transit_route:gtfs_pune_pmpml:628","field":"public_transport","kind":"transit_route","name":"Ma Na Pa Main Gate to Akurdi Railway Station (DOWN)","ref":"322A","status":"operational","opened_on":null,"expected_completion":null,"agency":"PMPML","source":"gtfs_pune_pmpml","confidence":0.7,"mode":"bus","tier":"secondary","geometry_source":"shape"},"geometry":{"type":"LineString","coordinates":[[73.8544,18.5231],[73.8496,18.5302],[73.843,18.5319],[73.8276,18.5429],[73.8139,18.5616],[73.8113,18.5689],[73.8092,18.5696],[73.8065,18.5732],[73.8084,18.5752],[73.812,18.5763],[73.8153,18.5753],[73.817,18.5909],[73.8193,18.5927],[73.8172,18.5969],[73.812,18.5973],[73.812,18.5993],[73.8081,18.5991],[73.8006,18.6018],[73.802,18.6112],[73.8038,18.6117],[73.8041,18.6151],[73.8008,18.6171],[73.8016,18.6212],[73.7983,18.6234],[73.7986,18.6258],[73.795,18.6293],[73.7913,18.6306],[73.7822,18.6272],[73.7825,18.629],[73.7727,18.6431],[73.7678,18.6449],[73.7619,18.6497],[73.763,18.6506],[73.7653,18.649]]}},{"type":"Feature","properties":{"id":"transit_route:gtfs_pune_pmpml:629","field":"public_transport","kind":"transit_route","name":"Akurdi Railway Station to Ma Na Pa Main Gate (UP)","ref":"322","status":"operational","opened_on":null,"expected_completion":null,"agency":"PMPML","source":"gtfs_pune_pmpml","confidence":0.7,"mode":"bus","tier":"secondary","geometry_source":"shape"},"geometry":{"type":"LineString","coordinates":[[73.7653,18.649],[73.7673,18.6509],[73.7707,18.6491],[73.7683,18.6415],[73.7674,18.6333],[73.7708,18.6316],[73.778,18.6312],[73.7825,18.629],[73.7822,18.6193],[73.7859,18.6158],[73.7797,18.6064],[73.8028,18.6017],[73.8029,18.6007],[73.8069,18.5995],[73.812,18.5997],[73.812,18.5973],[73.8172,18.5969],[73.8193,18.5927],[73.817,18.5909],[73.8154,18.5754],[73.812,18.5763],[73.8067,18.5734],[73.8092,18.5699],[73.8114,18.5689],[73.8142,18.5613],[73.8278,18.5431],[73.8429,18.5321],[73.8525,18.5293],[73.8482,18.5228],[73.8511,18.5221],[73.8541,18.5232]]}},{"type":"Feature","properties":{"id":"transit_route:gtfs_pune_pmpml:630","field":"public_transport","kind":"transit_route","name":"Ma Na Pa Main Gate to Akurdi Railway Station (DOWN)","ref":"322","status":"operational","opened_on":null,"expected_completion":null,"agency":"PMPML","source":"gtfs_pune_pmpml","confidence":0.7,"mode":"bus","tier":"secondary","geometry_source":"shape"},"geometry":{"type":"LineString","coordinates":[[73.8544,18.5231],[73.8496,18.5302],[73.843,18.5319],[73.8276,18.5429],[73.8139,18.5616],[73.8113,18.5689],[73.8092,18.5696],[73.8065,18.5732],[73.8084,18.5752],[73.812,18.5763],[73.8153,18.5753],[73.817,18.5909],[73.8193,18.5927],[73.8172,18.5969],[73.812,18.5973],[73.812,18.5993],[73.8081,18.5991],[73.8028,18.6007],[73.8028,18.6017],[73.7795,18.6065],[73.7853,18.615],[73.7844,18.6182],[73.7822,18.6193],[73.7825,18.629],[73.7673,18.6333],[73.7682,18.6416],[73.7706,18.6491],[73.7673,18.6507],[73.7654,18.649]]}},{"type":"Feature","properties":{"id":"transit_route:gtfs_pune_pmpml:631","field":"public_transport","kind":"transit_route","name":"Gharkul Vasahat Chikhali to Ma Na Pa Main Stand (UP)","ref":"323A","status":"operational","opened_on":null,"expected_completion":null,"agency":"PMPML","source":"gtfs_pune_pmpml","confidence":0.7,"mode":"bus","tier":"secondary","geometry_source":"shape"},"geometry":{"type":"LineString","coordinates":[[73.806,18.6655],[73.8076,18.665],[73.8068,18.663],[73.8081,18.6628],[73.8066,18.658],[73.8114,18.6554],[73.8097,18.6506],[73.8225,18.641],[73.8202,18.6349],[73.8168,18.6137],[73.8253,18.6037],[73.8296,18.5963],[73.8397,18.5658],[73.8467,18.5573],[73.8514,18.5486],[73.8506,18.5374],[73.855,18.5305],[73.8525,18.529],[73.8482,18.5228],[73.8537,18.523]]}},{"type":"Feature","properties":{"id":"transit_route:gtfs_pune_pmpml:632","field":"public_transport","kind":"transit_route","name":"Ma Na Pa Main Stand to Gharkul Vasahat Chikhali (DOWN)","ref":"323A","status":"operational","opened_on":null,"expected_completion":null,"agency":"PMPML","source":"gtfs_pune_pmpml","confidence":0.7,"mode":"bus","tier":"secondary","geometry_source":"shape"},"geometry":{"type":"LineString","coordinates":[[73.8537,18.5228],[73.8526,18.5242],[73.8532,18.5258],[73.8499,18.5293],[73.8549,18.5305],[73.8505,18.5373],[73.8512,18.5489],[73.8466,18.5574],[73.8395,18.5658],[73.8326,18.5877],[73.826,18.6019],[73.8163,18.6136],[73.8201,18.6349],[73.8225,18.641],[73.8093,18.6504],[73.8112,18.6554],[73.8066,18.658],[73.8084,18.6643],[73.8058,18.6658]]}},{"type":"Feature","properties":{"id":"transit_route:gtfs_pune_pmpml:633","field":"public_transport","kind":"transit_route","name":"Nageshwar Vidyalaya Chikhli to Ma Na Pa Main Stand (UP)","ref":"323","status":"operational","opened_on":null,"expected_completion":null,"agency":"PMPML","source":"gtfs_pune_pmpml","confidence":0.7,"mode":"bus","tier":"secondary","geometry_source":"shape"},"geometry":{"type":"LineString","coordinates":[[73.8081,18.691],[73.8077,18.6872],[73.8185,18.6825],[73.8176,18.6814],[73.8217,18.6772],[73.8249,18.6693],[73.8255,18.6657],[73.8232,18.6622],[73.827,18.6596],[73.8256,18.6543],[73.8226,18.6496],[73.8229,18.6415],[73.8202,18.6349],[73.8168,18.6137],[73.8253,18.6037],[73.8296,18.5963],[73.8397,18.5658],[73.8467,18.5573],[73.8514,18.5486],[73.8506,18.5374],[73.855,18.5305],[73.8525,18.529],[73.8482,18.5228],[73.8537,18.523]]}},{"type":"Feature","properties":{"id":"transit_route:gtfs_pune_pmpml:634","field":"public_transport","kind":"transit_route","name":"Ma Na Pa Main Stand to Nageshwar Vidyalaya Chikhli (DOWN)","ref":"323","status":"operational","opened_on":null,"expected_completion":null,"agency":"PMPML","source":"gtfs_pune_pmpml","confidence":0.7,"mode":"bus","tier":"secondary","geometry_source":"shape"},"geometry":{"type":"LineString","coordinates":[[73.8537,18.5228],[73.8526,18.5242],[73.8532,18.5258],[73.8499,18.5293],[73.8549,18.5305],[73.8505,18.5373],[73.8512,18.5489],[73.8466,18.5574],[73.8395,18.5658],[73.8326,18.5877],[73.826,18.6019],[73.8163,18.6136],[73.8201,18.6349],[73.8228,18.6414],[73.8225,18.6496],[73.8256,18.6543],[73.8266,18.6592],[73.8229,18.6618],[73.8254,18.6659],[73.8217,18.6772],[73.8175,18.6815],[73.8184,18.6824],[73.8076,18.6871],[73.8081,18.6909]]}},{"type":"Feature","properties":{"id":"transit_route:gtfs_pune_pmpml:635","field":"public_transport","kind":"transit_route","name":"Hinjawadi Maan Phase 3 to Bhosari Terminal (UP)","ref":"324","status":"operational","opened_on":null,"expected_completion":null,"agency":"PMPML","source":"gtfs_pune_pmpml","confidence":0.7,"mode":"bus","tier":"secondary","geometry_source":"shape"},"geometry":{"type":"LineString","coordinates":[[73.6883,18.5766],[73.6873,18.5829],[73.6931,18.5833],[73.7047,18.5887],[73.7079,18.5937],[73.7186,18.5971],[73.7227,18.5947],[73.7354,18.5939],[73.7396,18.5912],[73.7512,18.5909],[73.7616,18.5925],[73.7688,18.5902],[73.7693,18.5902],[73.7727,18.5902],[73.7733,18.5902],[73.7734,18.5902],[73.7768,18.5889],[73.7733,18.5899],[73.7733,18.5902],[73.7733,18.5904],[73.7734,18.5904],[73.7735,18.5925],[73.7736,18.594],[73.7741,18.5975],[73.7771,18.6038],[73.7851,18.5925],[73.7903,18.5974],[73.7947,18.5968],[73.7979,18.5983],[73.804,18.5974],[73.8073,18.5992],[73.8118,18.5995],[73.8211,18.6054],[73.8257,18.6173],[73.8299,18.6191],[73.8302,18.621],[73.8419,18.6196],[73.8453,18.6158],[73.847,18.6157],[73.8495,18.6172],[73.8515,18.6245]]}},{"type":"Feature","properties":{"id":"transit_route:gtfs_pune_pmpml:636","field":"public_transport","kind":"transit_route","name":"Bhosari Terminal to Hinjawadi Maan Phase 3 (DOWN)","ref":"324","status":"operational","opened_on":null,"expected_completion":null,"agency":"PMPML","source":"gtfs_pune_pmpml","confidence":0.7,"mode":"bus","tier":"secondary","geometry_source":"shape"},"geometry":{"type":"LineString","coordinates":[[73.8514,18.6246],[73.852,18.6253],[73.8497,18.6171],[73.8468,18.6156],[73.8455,18.6156],[73.8417,18.6164],[73.8451,18.6158],[73.8418,18.6196],[73.8302,18.621],[73.8302,18.619],[73.8256,18.617],[73.8216,18.6056],[73.8119,18.5994],[73.8073,18.599],[73.8043,18.5973],[73.7977,18.5982],[73.7947,18.5968],[73.7903,18.5971],[73.7851,18.592],[73.7771,18.6032],[73.7742,18.5979],[73.7734,18.5904],[73.7768,18.5889],[73.7611,18.5924],[73.751,18.5907],[73.7389,18.5912],[73.7366,18.5867],[73.7337,18.5858],[73.7322,18.594],[73.7227,18.5945],[73.7188,18.5969],[73.7116,18.5954],[73.7081,18.5935],[73.7047,18.5886],[73.6935,18.5832],[73.6883,18.5825],[73.6883,18.5766]]}},{"type":"Feature","properties":{"id":"transit_route:gtfs_pune_pmpml:641","field":"public_transport","kind":"transit_route","name":"Nageshwar Vidyalaya Chikhli to Pimprigaon (UP)","ref":"326","status":"operational","opened_on":null,"expected_completion":null,"agency":"PMPML","source":"gtfs_pune_pmpml","confidence":0.7,"mode":"bus","tier":"secondary","geometry_source":"shape"},"geometry":{"type":"LineString","coordinates":[[73.8081,18.691],[73.8077,18.6872],[73.8185,18.6825],[73.8167,18.6805],[73.8142,18.6631],[73.806,18.6381],[73.8039,18.6365],[73.8028,18.6299],[73.8058,18.6263],[73.8048,18.6248],[73.8003,18.624],[73.8019,18.6222],[73.8008,18.6171],[73.8047,18.6153],[73.8055,18.6126],[73.8043,18.612]]}},{"type":"Feature","properties":{"id":"transit_route:gtfs_pune_pmpml:642","field":"public_transport","kind":"transit_route","name":"Pimprigaon to Nageshwar Vidyalaya Chikhli (DOWN)","ref":"326","status":"operational","opened_on":null,"expected_completion":null,"agency":"PMPML","source":"gtfs_pune_pmpml","confidence":0.7,"mode":"bus","tier":"secondary","geometry_source":"shape"},"geometry":{"type":"LineString","coordinates":[[73.8043,18.612],[73.8041,18.6151],[73.8008,18.6171],[73.8016,18.6212],[73.7985,18.6232],[73.7978,18.6253],[73.8002,18.6241],[73.8024,18.6274],[73.8041,18.6369],[73.806,18.6382],[73.8127,18.6617],[73.8142,18.6634],[73.8166,18.6805],[73.8184,18.6824],[73.8076,18.6871],[73.8081,18.6909]]}},{"type":"Feature","properties":{"id":"transit_route:gtfs_pune_pmpml:647","field":"public_transport","kind":"transit_route","name":"Hinjawadi Maan Phase 3 to Alandi (UP)","ref":"327","status":"operational","opened_on":null,"expected_completion":null,"agency":"PMPML","source":"gtfs_pune_pmpml","confidence":0.7,"mode":"bus","tier":"secondary","geometry_source":"shape"},"geometry":{"type":"LineString","coordinates":[[73.6883,18.5766],[73.6873,18.5829],[73.693,18.5833],[73.7047,18.5887],[73.7078,18.5936],[73.7134,18.5961],[73.7187,18.5971],[73.7227,18.5947],[73.7352,18.5939],[73.7415,18.591],[73.7625,18.5924],[73.7665,18.614],[73.7652,18.6155],[73.7753,18.6242],[73.7753,18.629],[73.7778,18.6312],[73.7816,18.6297],[73.7828,18.6276],[73.7869,18.6295],[73.7873,18.6325],[73.7854,18.6329],[73.7896,18.6368],[73.795,18.6386],[73.7936,18.6404],[73.8094,18.6507],[73.8204,18.6433],[73.8453,18.6158],[73.8484,18.6162],[73.8512,18.6237],[73.8612,18.6252],[73.8745,18.6333],[73.8748,18.6377],[73.8792,18.6434],[73.8836,18.6524],[73.8873,18.6645],[73.8931,18.6734],[73.8971,18.6748]]}},{"type":"Feature","properties":{"id":"transit_route:gtfs_pune_pmpml:648","field":"public_transport","kind":"transit_route","name":"Alandi to Hinjawadi Maan Phase 3 (DOWN)","ref":"327","status":"operational","opened_on":null,"expected_completion":null,"agency":"PMPML","source":"gtfs_pune_pmpml","confidence":0.7,"mode":"bus","tier":"secondary","geometry_source":"shape"},"geometry":{"type":"LineString","coordinates":[[73.8971,18.6748],[73.8931,18.6733],[73.8873,18.6641],[73.8838,18.6524],[73.8789,18.6425],[73.875,18.6377],[73.8751,18.6334],[73.8612,18.6252],[73.8515,18.6232],[73.8508,18.6203],[73.8418,18.6196],[73.8203,18.6432],[73.8098,18.6501],[73.7948,18.6409],[73.7959,18.6394],[73.7952,18.6385],[73.7854,18.6497],[73.7812,18.6317],[73.7817,18.6296],[73.7776,18.6309],[73.7754,18.6288],[73.7754,18.6242],[73.7654,18.6153],[73.7665,18.614],[73.7628,18.5922],[73.751,18.5907],[73.7389,18.5912],[73.7366,18.5867],[73.7337,18.5858],[73.7322,18.594],[73.7227,18.5945],[73.7191,18.5969],[73.7134,18.596],[73.7081,18.5935],[73.7047,18.5886],[73.6935,18.5832],[73.688,18.5822],[73.6883,18.5766]]}},{"type":"Feature","properties":{"id":"transit_route:gtfs_pune_pmpml:654","field":"public_transport","kind":"transit_route","name":"Siddhanta College Sudumbare to Pimpri Road (UP)","ref":"329","status":"operational","opened_on":null,"expected_completion":null,"agency":"PMPML","source":"gtfs_pune_pmpml","confidence":0.7,"mode":"bus","tier":"secondary","geometry_source":"shape"},"geometry":{"type":"LineString","coordinates":[[73.755,18.7597],[73.7543,18.7566],[73.7566,18.7545],[73.75,18.75],[73.7595,18.7486],[73.7606,18.7466],[73.7629,18.7417],[73.7619,18.7405],[73.7552,18.7392],[73.7626,18.7211],[73.7675,18.7194],[73.7678,18.7168],[73.7612,18.712],[73.7596,18.6997],[73.7564,18.6977],[73.7416,18.6789],[73.7633,18.6744],[73.7804,18.6562],[73.8057,18.6265],[73.8063,18.6271]]}},{"type":"Feature","properties":{"id":"transit_route:gtfs_pune_pmpml:655","field":"public_transport","kind":"transit_route","name":"Pimpri Road to Siddhanta College Sudumbare (DOWN)","ref":"329","status":"operational","opened_on":null,"expected_completion":null,"agency":"PMPML","source":"gtfs_pune_pmpml","confidence":0.7,"mode":"bus","tier":"secondary","geometry_source":"shape"},"geometry":{"type":"LineString","coordinates":[[73.8063,18.6271],[73.8055,18.6262],[73.7799,18.6565],[73.7633,18.6742],[73.7413,18.6787],[73.7564,18.6978],[73.7596,18.6997],[73.7612,18.712],[73.7678,18.7168],[73.7675,18.7194],[73.7626,18.7211],[73.7552,18.7392],[73.7629,18.7417],[73.7606,18.7466],[73.7595,18.7486],[73.75,18.75],[73.7566,18.7545],[73.7543,18.7566],[73.755,18.7597]]}},{"type":"Feature","properties":{"id":"transit_route:gtfs_pune_pmpml:656","field":"public_transport","kind":"transit_route","name":"Talegaon Dhabhade Maruti Mandir to Sant Tukaram Maharaj Krida Sankul Wadacha Mal Dehugaon (UP)","ref":"330","status":"operational","opened_on":null,"expected_completion":null,"agency":"PMPML","source":"gtfs_pune_pmpml","confidence":0.7,"mode":"bus","tier":"secondary","geometry_source":"shape"},"geometry":{"type":"LineString","coordinates":[[73.6827,18.7198],[73.6844,18.7216],[73.6737,18.7327],[73.7001,18.7363],[73.7138,18.7347],[73.7156,18.7365],[73.7239,18.7384],[73.7271,18.7376],[73.746,18.7393],[73.7552,18.7392],[73.7628,18.7209],[73.7659,18.72],[73.769,18.7245],[73.775,18.723],[73.7782,18.719]]}},{"type":"Feature","properties":{"id":"transit_route:gtfs_pune_pmpml:657","field":"public_transport","kind":"transit_route","name":"Sant Tukaram Maharaj Krida Sankul Dehugaon to Talegaon Dhabhade Maruti Mandir (DOWN)","ref":"330","status":"operational","opened_on":null,"expected_completion":null,"agency":"PMPML","source":"gtfs_pune_pmpml","confidence":0.7,"mode":"bus","tier":"secondary","geometry_source":"shape"},"geometry":{"type":"LineString","coordinates":[[73.7783,18.7189],[73.775,18.723],[73.769,18.7245],[73.7659,18.72],[73.7627,18.721],[73.7552,18.7392],[73.7271,18.7376],[73.7239,18.7384],[73.7175,18.7338],[73.7004,18.7363],[73.6737,18.7327],[73.6844,18.7216],[73.6831,18.7205]]}},{"type":"Feature","properties":{"id":"transit_route:gtfs_pune_pmpml:659","field":"public_transport","kind":"transit_route","name":"Pimple Saudagar- Mahadev Mandir / Pimple Saudagar to Charholigaon Burde Vasti (UP)","ref":"331A","status":"operational","opened_on":null,"expected_completion":null,"agency":"PMPML","source":"gtfs_pune_pmpml","confidence":0.7,"mode":"bus","tier":"secondary","geometry_source":"shape"},"geometry":{"type":"LineString","coordinates":[[73.7988,18.602],[73.7795,18.6065],[73.7856,18.6157],[73.795,18.6196],[73.8013,18.6198],[73.8016,18.6212],[73.7985,18.6232],[73.7978,18.6253],[73.8011,18.6247],[73.8031,18.6317],[73.8028,18.6299],[73.8057,18.6265],[73.8081,18.6292],[73.8157,18.6286],[73.8254,18.6309],[73.8276,18.6328],[73.8381,18.6213],[73.8377,18.6204],[73.8419,18.6196],[73.8453,18.6158],[73.847,18.6157],[73.8494,18.6172],[73.8512,18.6237],[73.8612,18.6252],[73.8745,18.6333],[73.875,18.638],[73.8807,18.6469],[73.8805,18.6455],[73.8842,18.6449],[73.8873,18.647],[73.891,18.6465],[73.8943,18.6482],[73.8988,18.6469],[73.9046,18.6491],[73.9074,18.6535],[73.9113,18.6539],[73.9206,18.649],[73.9253,18.6479]]}},{"type":"Feature","properties":{"id":"transit_route:gtfs_pune_pmpml:661","field":"public_transport","kind":"transit_route","name":"Charholigaon Burde Vasti to Pimple Saudagar (DOWN)","ref":"331A","status":"operational","opened_on":null,"expected_completion":null,"agency":"PMPML","source":"gtfs_pune_pmpml","confidence":0.7,"mode":"bus","tier":"secondary","geometry_source":"shape"},"geometry":{"type":"LineString","coordinates":[[73.9253,18.6479],[73.9206,18.649],[73.9113,18.6539],[73.9074,18.6535],[73.9046,18.6491],[73.8988,18.6469],[73.8943,18.6482],[73.891,18.6465],[73.8873,18.647],[73.8845,18.6449],[73.8805,18.6455],[73.875,18.6377],[73.8751,18.6334],[73.8612,18.6252],[73.8515,18.6232],[73.8508,18.6203],[73.8418,18.6196],[73.8373,18.6205],[73.8381,18.6213],[73.8276,18.6328],[73.8253,18.6308],[73.8157,18.6285],[73.8081,18.6292],[73.8049,18.6248],[73.8003,18.624],[73.8019,18.6222],[73.8011,18.6195],[73.7951,18.6195],[73.7859,18.6157],[73.7797,18.6064],[73.8028,18.6017],[73.8029,18.6007]]}},{"type":"Feature","properties":{"id":"transit_route:gtfs_pune_pmpml:662","field":"public_transport","kind":"transit_route","name":"Pimple Saudagar- Mahadev Mandir / Pimple Saudagar to Charholigaon (UP)","ref":"331B","status":"operational","opened_on":null,"expected_completion":null,"agency":"PMPML","source":"gtfs_pune_pmpml","confidence":0.7,"mode":"bus","tier":"secondary","geometry_source":"shape"},"geometry":{"type":"LineString","coordinates":[[73.7988,18.602],[73.7795,18.6065],[73.7856,18.6157],[73.795,18.6196],[73.8013,18.6198],[73.8016,18.6212],[73.7985,18.6232],[73.7978,18.6253],[73.8011,18.6247],[73.8031,18.6317],[73.8028,18.6299],[73.8057,18.6265],[73.8081,18.6292],[73.8157,18.6286],[73.8254,18.6309],[73.8276,18.6328],[73.8381,18.6213],[73.8377,18.6204],[73.8419,18.6196],[73.8453,18.6158],[73.8472,18.6158],[73.8494,18.6172],[73.8512,18.6237],[73.8612,18.6252],[73.8745,18.6333],[73.8748,18.6377],[73.8798,18.6444],[73.8866,18.6618],[73.8957,18.6597],[73.9009,18.656],[73.9079,18.6536]]}},{"type":"Feature","properties":{"id":"transit_route:gtfs_pune_pmpml:663","field":"public_transport","kind":"transit_route","name":"Charholigaon to Pimple Saudagar (DOWN)","ref":"331B","status":"operational","opened_on":null,"expected_completion":null,"agency":"PMPML","source":"gtfs_pune_pmpml","confidence":0.7,"mode":"bus","tier":"secondary","geometry_source":"shape"},"geometry":{"type":"LineString","coordinates":[[73.9076,18.6536],[73.9009,18.656],[73.8958,18.6596],[73.8868,18.6616],[73.8799,18.6443],[73.875,18.6377],[73.8751,18.6334],[73.8612,18.6252],[73.8515,18.6232],[73.8508,18.6203],[73.8418,18.6196],[73.8373,18.6205],[73.8381,18.6213],[73.8276,18.6328],[73.8253,18.6308],[73.8157,18.6285],[73.8081,18.6292],[73.8049,18.6248],[73.8003,18.624],[73.8019,18.6222],[73.8011,18.6195],[73.7951,18.6195],[73.7859,18.6157],[73.7797,18.6064],[73.8028,18.6017],[73.8029,18.6007]]}},{"type":"Feature","properties":{"id":"transit_route:gtfs_pune_pmpml:666","field":"public_transport","kind":"transit_route","name":"Pimple Saudagar- Mahadev Mandir / Pimple Saudagar to Bhosari Gavhane Vasti (UP)","ref":"331","status":"operational","opened_on":null,"expected_completion":null,"agency":"PMPML","source":"gtfs_pune_pmpml","confidence":0.7,"mode":"bus","tier":"secondary","geometry_source":"shape"},"geometry":{"type":"LineString","coordinates":[[73.7988,18.602],[73.7795,18.6065],[73.7856,18.6157],[73.795,18.6196],[73.8013,18.6198],[73.8016,18.6212],[73.7985,18.6232],[73.7978,18.6253],[73.8011,18.6247],[73.8031,18.6317],[73.8028,18.6299],[73.8057,18.6265],[73.8081,18.6292],[73.8157,18.6286],[73.8254,18.6309],[73.8276,18.6328],[73.8381,18.6213],[73.8377,18.6204],[73.8368,18.6205],[73.8418,18.6196],[73.849,18.6205]]}},{"type":"Feature","properties":{"id":"transit_route:gtfs_pune_pmpml:667","field":"public_transport","kind":"transit_route","name":"Bhosari Gavhane Vasti to Pimple Saudagar (DOWN)","ref":"331","status":"operational","opened_on":null,"expected_completion":null,"agency":"PMPML","source":"gtfs_pune_pmpml","confidence":0.7,"mode":"bus","tier":"secondary","geometry_source":"shape"},"geometry":{"type":"LineString","coordinates":[[73.849,18.6205],[73.8418,18.6196],[73.8368,18.6205],[73.8381,18.6213],[73.8276,18.6328],[73.8253,18.6308],[73.8157,18.6285],[73.8081,18.6292],[73.8049,18.6248],[73.8003,18.624],[73.8019,18.6222],[73.8011,18.6195],[73.7951,18.6195],[73.7859,18.6157],[73.7797,18.6064],[73.8028,18.6017],[73.8029,18.6007]]}},{"type":"Feature","properties":{"id":"transit_route:gtfs_pune_pmpml:1266","field":"public_transport","kind":"transit_route","name":"Tata Motors Bebadohal to Nigdi Pawale Chowk (UP)","ref":"332","status":"operational","opened_on":null,"expected_completion":null,"agency":"PMPML","source":"gtfs_pune_pmpml","confidence":0.7,"mode":"bus","tier":"secondary","geometry_source":"shape"},"geometry":{"type":"LineString","coordinates":[[73.6483,18.6842],[73.648,18.6911],[73.6492,18.6952],[73.6566,18.6963],[73.6607,18.6992],[73.6745,18.7035],[73.6817,18.7043],[73.6936,18.6999],[73.7076,18.6972],[73.7205,18.687],[73.7287,18.6839],[73.7342,18.6784],[73.7457,18.6782],[73.763,18.6745],[73.7772,18.6598]]}},{"type":"Feature","properties":{"id":"transit_route:gtfs_pune_pmpml:1267","field":"public_transport","kind":"transit_route","name":"Nigdi Pawale Chowk to Tata Motors Bebadohal (DOWN)","ref":"332","status":"operational","opened_on":null,"expected_completion":null,"agency":"PMPML","source":"gtfs_pune_pmpml","confidence":0.7,"mode":"bus","tier":"secondary","geometry_source":"shape"},"geometry":{"type":"LineString","coordinates":[[73.7772,18.6598],[73.763,18.6744],[73.7459,18.6781],[73.7342,18.6782],[73.7286,18.6839],[73.7205,18.6869],[73.7072,18.6973],[73.6924,18.7],[73.6877,18.7028],[73.6817,18.7043],[73.6745,18.7035],[73.6607,18.6992],[73.6566,18.6963],[73.6492,18.6952],[73.648,18.6911],[73.6483,18.6842]]}},{"type":"Feature","properties":{"id":"transit_route:gtfs_pune_pmpml:670","field":"public_transport","kind":"transit_route","name":"Hinjawadi Maan Phase 3 to Pune Station Moledina Stand (UP)","ref":"333","status":"operational","opened_on":null,"expected_completion":null,"agency":"PMPML","source":"gtfs_pune_pmpml","confidence":0.7,"mode":"bus","tier":"secondary","geometry_source":"shape"},"geometry":{"type":"LineString","coordinates":[[73.6883,18.5766],[73.6873,18.5829],[73.6931,18.5833],[73.7047,18.5887],[73.7079,18.5937],[73.7186,18.5971],[73.7227,18.5947],[73.7354,18.5939],[73.7396,18.5912],[73.7512,18.5909],[73.7616,18.5925],[73.7689,18.5902],[73.7845,18.5883],[73.7809,18.5866],[73.7893,18.5753],[73.7907,18.5707],[73.7902,18.5672],[73.7939,18.5669],[73.7962,18.5762],[73.7955,18.5788],[73.7976,18.5821],[73.8091,18.5698],[73.8114,18.5689],[73.8142,18.5613],[73.8278,18.5431],[73.8429,18.5321],[73.8525,18.5293],[73.8482,18.5228],[73.8521,18.5223],[73.857,18.5255],[73.858,18.5241],[73.8635,18.5279],[73.8701,18.5242],[73.8718,18.5245],[73.873,18.5276]]}},{"type":"Feature","properties":{"id":"transit_route:gtfs_pune_pmpml:671","field":"public_transport","kind":"transit_route","name":"Pune Station Moledina Stand to Hinjawadi Maan Phase 3 (DOWN)","ref":"333","status":"operational","opened_on":null,"expected_completion":null,"agency":"PMPML","source":"gtfs_pune_pmpml","confidence":0.7,"mode":"bus","tier":"secondary","geometry_source":"shape"},"geometry":{"type":"LineString","coordinates":[[73.873,18.5271],[73.8736,18.5283],[73.8763,18.5282],[73.8764,18.5234],[73.8702,18.5239],[73.8632,18.5276],[73.8579,18.5239],[73.8569,18.5253],[73.8531,18.5226],[73.8526,18.5245],[73.8536,18.525],[73.8496,18.5302],[73.843,18.5319],[73.8276,18.5429],[73.8139,18.5616],[73.8113,18.5689],[73.8092,18.5696],[73.7978,18.5818],[73.7955,18.5788],[73.7962,18.5762],[73.7939,18.5669],[73.7902,18.5672],[73.7907,18.5707],[73.7893,18.5752],[73.7809,18.5865],[73.7845,18.5882],[73.7689,18.59],[73.7611,18.5924],[73.751,18.5907],[73.7389,18.5912],[73.7366,18.5867],[73.7337,18.5858],[73.7322,18.594],[73.7227,18.5945],[73.7188,18.5969],[73.7116,18.5954],[73.7081,18.5935],[73.7047,18.5886],[73.6935,18.5832],[73.6883,18.5825],[73.6883,18.5766]]}},{"type":"Feature","properties":{"id":"transit_route:gtfs_pune_pmpml:672","field":"public_transport","kind":"transit_route","name":"Gharkul Vasahat Chikhali to Pimprigaon (UP)","ref":"334","status":"operational","opened_on":null,"expected_completion":null,"agency":"PMPML","source":"gtfs_pune_pmpml","confidence":0.7,"mode":"bus","tier":"secondary","geometry_source":"shape"},"geometry":{"type":"LineString","coordinates":[[73.806,18.6655],[73.8076,18.665],[73.8068,18.663],[73.8081,18.6628],[73.8066,18.658],[73.8114,18.6554],[73.806,18.6381],[73.8039,18.6365],[73.8028,18.6299],[73.8058,18.6263],[73.8048,18.6248],[73.8003,18.624],[73.8019,18.6222],[73.8008,18.6171],[73.8047,18.6153],[73.8055,18.6126],[73.8043,18.612]]}},{"type":"Feature","properties":{"id":"transit_route:gtfs_pune_pmpml:673","field":"public_transport","kind":"transit_route","name":"Pimprigaon to Gharkul Vasahat Chikhali (DOWN)","ref":"334","status":"operational","opened_on":null,"expected_completion":null,"agency":"PMPML","source":"gtfs_pune_pmpml","confidence":0.7,"mode":"bus","tier":"secondary","geometry_source":"shape"},"geometry":{"type":"LineString","coordinates":[[73.8043,18.612],[73.8041,18.6151],[73.8008,18.6171],[73.8016,18.6212],[73.7985,18.6232],[73.7978,18.6253],[73.8002,18.6241],[73.8022,18.6268],[73.8041,18.6369],[73.806,18.6382],[73.8112,18.6554],[73.8066,18.658],[73.8084,18.6643],[73.8058,18.6658]]}},{"type":"Feature","properties":{"id":"transit_route:gtfs_pune_pmpml:678","field":"public_transport","kind":"transit_route","name":"Nigdi Bhakti Shakti to Kesnand Phata Wagholi (UP)","ref":"336","status":"operational","opened_on":null,"expected_completion":null,"agency":"PMPML","source":"gtfs_pune_pmpml","confidence":0.7,"mode":"bus","tier":"secondary","geometry_source":"shape"},"geometry":{"type":"LineString","coordinates":[[73.7711,18.6661],[73.8253,18.6037],[73.8296,18.5963],[73.8373,18.5719],[73.8484,18.5664],[73.8517,18.5638],[73.8543,18.5588],[73.8609,18.5562],[73.8788,18.5438],[73.8897,18.5462],[73.8962,18.5522],[73.9057,18.5551],[73.9158,18.5603],[73.9259,18.5628],[73.9345,18.5634],[73.9393,18.5625],[73.9625,18.5757],[73.978,18.5807],[73.9874,18.5812]]}},{"type":"Feature","properties":{"id":"transit_route:gtfs_pune_pmpml:679","field":"public_transport","kind":"transit_route","name":"Wagholi Kesnand Phata to Bhakti Shakti Stand (DOWN)","ref":"336","status":"operational","opened_on":null,"expected_completion":null,"agency":"PMPML","source":"gtfs_pune_pmpml","confidence":0.7,"mode":"bus","tier":"secondary","geometry_source":"shape"},"geometry":{"type":"LineString","coordinates":[[73.9866,18.5816],[73.9778,18.5806],[73.9596,18.5745],[73.9394,18.5622],[73.9345,18.5633],[73.9247,18.5625],[73.9111,18.5584],[73.9063,18.5552],[73.8963,18.552],[73.8898,18.546],[73.8848,18.5449],[73.8854,18.5416],[73.8842,18.5412],[73.8831,18.545],[73.8785,18.5439],[73.8609,18.5561],[73.8543,18.5587],[73.8517,18.5638],[73.8484,18.5664],[73.8372,18.5719],[73.8326,18.5877],[73.8254,18.603],[73.7721,18.6648]]}},{"type":"Feature","properties":{"id":"transit_route:gtfs_pune_pmpml:1326","field":"public_transport","kind":"transit_route","name":"Dsk Vishwa to Nigdi Bhakti Shakti Stand (UP)","ref":"337","status":"operational","opened_on":null,"expected_completion":null,"agency":"PMPML","source":"gtfs_pune_pmpml","confidence":0.7,"mode":"bus","tier":"secondary","geometry_source":"shape"},"geometry":{"type":"LineString","coordinates":[[73.799,18.4434],[73.7994,18.4448],[73.801,18.4441],[73.7999,18.4471],[73.8102,18.4471],[73.8127,18.4611],[73.8199,18.4692],[73.829,18.4878],[73.8456,18.5012],[73.8409,18.5225],[73.8445,18.5313],[73.8527,18.5295],[73.8549,18.5305],[73.8505,18.5373],[73.8512,18.5489],[73.8466,18.5574],[73.8395,18.5658],[73.8325,18.5878],[73.8254,18.603],[73.7716,18.6652]]}},{"type":"Feature","properties":{"id":"transit_route:gtfs_pune_pmpml:1327","field":"public_transport","kind":"transit_route","name":"Nigdi Bhakti Shakti Stand to Dsk Vishwa (DOWN)","ref":"337","status":"operational","opened_on":null,"expected_completion":null,"agency":"PMPML","source":"gtfs_pune_pmpml","confidence":0.7,"mode":"bus","tier":"secondary","geometry_source":"shape"},"geometry":{"type":"LineString","coordinates":[[73.7718,18.6654],[73.826,18.6027],[73.8329,18.5876],[73.8397,18.5658],[73.8467,18.5573],[73.8514,18.5486],[73.8506,18.5374],[73.855,18.5306],[73.8525,18.529],[73.8422,18.5156],[73.8439,18.5127],[73.8433,18.5105],[73.8457,18.5011],[73.8289,18.4874],[73.82,18.4692],[73.8127,18.4609],[73.8102,18.4471],[73.7999,18.4471],[73.8011,18.4441],[73.7995,18.4447],[73.799,18.4434]]}},{"type":"Feature","properties":{"id":"transit_route:gtfs_pune_pmpml:682","field":"public_transport","kind":"transit_route","name":"Sant Nagar Rto Office to Gujarwadi Pmt Bus Stand (UP)","ref":"339","status":"operational","opened_on":null,"expected_completion":null,"agency":"PMPML","source":"gtfs_pune_pmpml","confidence":0.7,"mode":"bus","tier":"secondary","geometry_source":"shape"},"geometry":{"type":"LineString","coordinates":[[73.8442,18.6555],[73.8401,18.6554],[73.8401,18.6528],[73.8432,18.6529],[73.8434,18.6504],[73.8454,18.6508],[73.8457,18.6475],[73.8452,18.6406],[73.8445,18.6371],[73.8444,18.6367],[73.8442,18.6359],[73.8439,18.635],[73.842,18.6355],[73.8409,18.6358],[73.8399,18.6325],[73.843,18.6318],[73.8432,18.6327],[73.8438,18.635],[73.844,18.6359],[73.8442,18.6359],[73.8447,18.6358],[73.8458,18.6358],[73.847,18.6339],[73.8498,18.6349],[73.8524,18.6267],[73.8497,18.6171],[73.8468,18.6156],[73.8455,18.6156],[73.8427,18.6162],[73.8419,18.6164],[73.8417,18.6165],[73.8451,18.6158],[73.8418,18.6196],[73.8302,18.621],[73.8302,18.619],[73.8256,18.617],[73.8224,18.607],[73.8296,18.5963],[73.8397,18.5658],[73.8467,18.5573],[73.8518,18.5475],[73.8506,18.5374],[73.855,18.5305],[73.8525,18.529],[73.8422,18.5155],[73.844,18.512],[73.8585,18.5011],[73.8564,18.4752],[73.8582,18.4636],[73.8582,18.4502],[73.8601,18.4406]]}},{"type":"Feature","properties":{"id":"transit_route:gtfs_pune_pmpml:683","field":"public_transport","kind":"transit_route","name":"Gujarwadi Pmt Bus Stand to Sant Nagar Rto Office (DOWN)","ref":"339","status":"operational","opened_on":null,"expected_completion":null,"agency":"PMPML","source":"gtfs_pune_pmpml","confidence":0.7,"mode":"bus","tier":"secondary","geometry_source":"shape"},"geometry":{"type":"LineString","coordinates":[[73.8601,18.4406],[73.858,18.4504],[73.8581,18.4643],[73.8562,18.4747],[73.8583,18.5002],[73.8542,18.5014],[73.8533,18.5057],[73.8437,18.5122],[73.8409,18.5219],[73.8448,18.5316],[73.8527,18.5295],[73.8549,18.5304],[73.8505,18.5373],[73.8517,18.5475],[73.8466,18.5574],[73.8395,18.5658],[73.8323,18.5882],[73.826,18.6019],[73.822,18.607],[73.8257,18.6173],[73.8299,18.6191],[73.8302,18.621],[73.8419,18.6196],[73.8453,18.6158],[73.8494,18.6172],[73.8521,18.6269],[73.8497,18.6349],[73.847,18.6339],[73.8458,18.6358],[73.8439,18.635],[73.8438,18.6351],[73.842,18.6355],[73.8409,18.6358],[73.8399,18.6325],[73.843,18.6318],[73.8432,18.6327],[73.8438,18.635],[73.844,18.6359],[73.8444,18.6371],[73.8448,18.6394],[73.8456,18.6473],[73.8393,18.6497],[73.84,18.6555],[73.8436,18.6556]]}},{"type":"Feature","properties":{"id":"transit_route:gtfs_pune_pmpml:684","field":"public_transport","kind":"transit_route","name":"Alandi to Nigdi Pawale Chowk (UP)","ref":"340","status":"operational","opened_on":null,"expected_completion":null,"agency":"PMPML","source":"gtfs_pune_pmpml","confidence":0.7,"mode":"bus","tier":"secondary","geometry_source":"shape"},"geometry":{"type":"LineString","coordinates":[[73.8971,18.6748],[73.8931,18.6733],[73.8874,18.6644],[73.8843,18.6539],[73.8793,18.6536],[73.8776,18.6519],[73.8685,18.65],[73.8611,18.6508],[73.8596,18.6491],[73.8554,18.6478],[73.8456,18.6473],[73.8449,18.6555],[73.8401,18.6554],[73.8394,18.6497],[73.8336,18.6538],[73.8299,18.6486],[73.828,18.6503],[73.8281,18.6512],[73.8301,18.649],[73.8335,18.6538],[73.8255,18.6607],[73.8138,18.6627],[73.813,18.6618],[73.8128,18.6619],[73.8142,18.6634],[73.8159,18.6739],[73.8142,18.6631],[73.8136,18.6625],[73.813,18.6618],[73.8128,18.6619],[73.8134,18.6628],[73.8071,18.6648],[73.7963,18.6673],[73.7936,18.6606],[73.7866,18.6642],[73.7794,18.6608],[73.7762,18.6608],[73.7772,18.6598]]}},{"type":"Feature","properties":{"id":"transit_route:gtfs_pune_pmpml:685","field":"public_transport","kind":"transit_route","name":"Nigdi Pawale Chowk to Alandi (DOWN)","ref":"340","status":"operational","opened_on":null,"expected_completion":null,"agency":"PMPML","source":"gtfs_pune_pmpml","confidence":0.7,"mode":"bus","tier":"secondary","geometry_source":"shape"},"geometry":{"type":"LineString","coordinates":[[73.7772,18.6598],[73.7865,18.6643],[73.7942,18.6604],[73.7965,18.6676],[73.814,18.6632],[73.8159,18.6739],[73.8142,18.6631],[73.8247,18.6617],[73.8336,18.6539],[73.8335,18.6537],[73.8302,18.6489],[73.8299,18.6486],[73.828,18.6503],[73.8281,18.6512],[73.8301,18.649],[73.8336,18.6539],[73.8362,18.6521],[73.8385,18.6504],[73.8394,18.6498],[73.84,18.6555],[73.845,18.6556],[73.8457,18.6474],[73.8554,18.6478],[73.8596,18.6491],[73.8611,18.6508],[73.8685,18.65],[73.8776,18.6519],[73.8793,18.6536],[73.8841,18.654],[73.8873,18.6645],[73.8931,18.6734],[73.8971,18.6748]]}},{"type":"Feature","properties":{"id":"transit_route:gtfs_pune_pmpml:686","field":"public_transport","kind":"transit_route","name":"Urse Gaon Vasudev Aashram to Nigdi Pawale Chowk (UP)","ref":"341","status":"operational","opened_on":null,"expected_completion":null,"agency":"PMPML","source":"gtfs_pune_pmpml","confidence":0.7,"mode":"bus","tier":"secondary","geometry_source":"shape"},"geometry":{"type":"LineString","coordinates":[[73.6348,18.7042],[73.6415,18.7042],[73.6459,18.709],[73.6484,18.7131],[73.6484,18.7204],[73.6513,18.7265],[73.6535,18.7281],[73.6491,18.7315],[73.6448,18.7357],[73.6541,18.7282],[73.659,18.7294],[73.6647,18.733],[73.6737,18.7327],[73.6844,18.7216],[73.6753,18.7152],[73.6898,18.7011],[73.7076,18.6972],[73.7205,18.687],[73.7287,18.6839],[73.7342,18.6784],[73.7457,18.6782],[73.763,18.6745],[73.7772,18.6598]]}},{"type":"Feature","properties":{"id":"transit_route:gtfs_pune_pmpml:687","field":"public_transport","kind":"transit_route","name":"Nigdi Pawale Chowk to Urse Gaon Vasudev Aashram (DOWN)","ref":"341","status":"operational","opened_on":null,"expected_completion":null,"agency":"PMPML","source":"gtfs_pune_pmpml","confidence":0.7,"mode":"bus","tier":"secondary","geometry_source":"shape"},"geometry":{"type":"LineString","coordinates":[[73.7772,18.6598],[73.763,18.6744],[73.7459,18.6781],[73.7342,18.6782],[73.7286,18.6839],[73.7205,18.6869],[73.7078,18.697],[73.6896,18.701],[73.6752,18.7151],[73.6844,18.7216],[73.6737,18.7327],[73.6647,18.733],[73.659,18.7294],[73.652,18.7271],[73.6483,18.7202],[73.6484,18.7131],[73.6459,18.709],[73.6415,18.7042],[73.6348,18.7042]]}},{"type":"Feature","properties":{"id":"transit_route:gtfs_pune_pmpml:688","field":"public_transport","kind":"transit_route","name":"Vasudev Aashram Ursegaon to Nigdi Pawale Chowk (UP)","ref":"342","status":"operational","opened_on":null,"expected_completion":null,"agency":"PMPML","source":"gtfs_pune_pmpml","confidence":0.7,"mode":"bus","tier":"secondary","geometry_source":"shape"},"geometry":{"type":"LineString","coordinates":[[73.6349,18.7041],[73.6416,18.7042],[73.6466,18.7015],[73.6563,18.6999],[73.6592,18.6979],[73.6745,18.7035],[73.6815,18.7043],[73.6879,18.7028],[73.6936,18.6999],[73.7069,18.6975],[73.7205,18.687],[73.7287,18.6839],[73.7342,18.6784],[73.7457,18.6782],[73.763,18.6745],[73.7772,18.6598]]}},{"type":"Feature","properties":{"id":"transit_route:gtfs_pune_pmpml:689","field":"public_transport","kind":"transit_route","name":"Nigdi Pawale Chowk to Vasudev Aashram Ursegaon (DOWN)","ref":"342","status":"operational","opened_on":null,"expected_completion":null,"agency":"PMPML","source":"gtfs_pune_pmpml","confidence":0.7,"mode":"bus","tier":"secondary","geometry_source":"shape"},"geometry":{"type":"LineString","coordinates":[[73.7772,18.6598],[73.7631,18.6744],[73.7459,18.6781],[73.7333,18.6785],[73.7287,18.6838],[73.7205,18.6869],[73.707,18.6974],[73.6924,18.7],[73.6877,18.7028],[73.6815,18.7043],[73.6745,18.7035],[73.6592,18.6979],[73.6563,18.6999],[73.6466,18.7015],[73.6416,18.7042],[73.6349,18.7041]]}},{"type":"Feature","properties":{"id":"transit_route:gtfs_pune_pmpml:694","field":"public_transport","kind":"transit_route","name":"Talegaon Dhabhade Maruti Mandir to Chakan Ambethan Chowk (UP)","ref":"343","status":"operational","opened_on":null,"expected_completion":null,"agency":"PMPML","source":"gtfs_pune_pmpml","confidence":0.7,"mode":"bus","tier":"secondary","geometry_source":"shape"},"geometry":{"type":"LineString","coordinates":[[73.6827,18.7198],[73.6844,18.7216],[73.6737,18.7327],[73.7001,18.7363],[73.7138,18.7347],[73.7156,18.7365],[73.7242,18.7384],[73.7529,18.7387],[73.7657,18.7422],[73.7729,18.7426],[73.7795,18.7408],[73.7863,18.7428],[73.7946,18.7519],[73.7995,18.754],[73.8074,18.7545],[73.8186,18.7589],[73.8264,18.76],[73.85,18.7557],[73.859,18.7554],[73.8585,18.7591],[73.8613,18.763]]}},{"type":"Feature","properties":{"id":"transit_route:gtfs_pune_pmpml:695","field":"public_transport","kind":"transit_route","name":"Chakan Ambethan Chowk to Talegaon Dhabhade Maruti Mandir (DOWN)","ref":"343","status":"operational","opened_on":null,"expected_completion":null,"agency":"PMPML","source":"gtfs_pune_pmpml","confidence":0.7,"mode":"bus","tier":"secondary","geometry_source":"shape"},"geometry":{"type":"LineString","coordinates":[[73.8613,18.763],[73.8586,18.7591],[73.8591,18.7553],[73.85,18.7557],[73.8264,18.76],[73.8186,18.7589],[73.8057,18.7547],[73.8064,18.7432],[73.7953,18.7425],[73.7887,18.7462],[73.7861,18.7427],[73.7795,18.7408],[73.7729,18.7426],[73.7657,18.7422],[73.7529,18.7387],[73.7239,18.7384],[73.7175,18.7338],[73.7004,18.7363],[73.6737,18.7327],[73.6844,18.7216],[73.6831,18.7205]]}},{"type":"Feature","properties":{"id":"transit_route:gtfs_pune_pmpml:696","field":"public_transport","kind":"transit_route","name":"Baner Depot to Alandi (UP)","ref":"344","status":"operational","opened_on":null,"expected_completion":null,"agency":"PMPML","source":"gtfs_pune_pmpml","confidence":0.7,"mode":"bus","tier":"secondary","geometry_source":"shape"},"geometry":{"type":"LineString","coordinates":[[73.7691,18.5669],[73.7759,18.5644],[73.7829,18.5636],[73.7825,18.5646],[73.7824,18.5669],[73.7826,18.5646],[73.7899,18.5654],[73.7907,18.5709],[73.7918,18.5715],[73.7906,18.5717],[73.7893,18.5752],[73.7809,18.5865],[73.7837,18.5878],[73.7836,18.5879],[73.7837,18.5883],[73.7845,18.5883],[73.7733,18.5899],[73.774,18.5974],[73.7856,18.6157],[73.795,18.6196],[73.8013,18.6198],[73.8016,18.6212],[73.7985,18.6232],[73.7978,18.6253],[73.8011,18.6247],[73.8031,18.6317],[73.8028,18.6299],[73.8057,18.6265],[73.8081,18.6292],[73.8157,18.6286],[73.8196,18.6297],[73.8179,18.6213],[73.8371,18.6206],[73.8419,18.6196],[73.8453,18.6158],[73.8484,18.6162],[73.8512,18.6237],[73.8612,18.6252],[73.8745,18.6333],[73.8748,18.6377],[73.8792,18.6434],[73.8836,18.6524],[73.8873,18.6645],[73.8931,18.6734],[73.8971,18.6748]]}},{"type":"Feature","properties":{"id":"transit_route:gtfs_pune_pmpml:697","field":"public_transport","kind":"transit_route","name":"Alandi to Baner Depot (DOWN)","ref":"344","status":"operational","opened_on":null,"expected_completion":null,"agency":"PMPML","source":"gtfs_pune_pmpml","confidence":0.7,"mode":"bus","tier":"secondary","geometry_source":"shape"},"geometry":{"type":"LineString","coordinates":[[73.8971,18.6748],[73.8931,18.6733],[73.8873,18.6641],[73.8838,18.6524],[73.8789,18.6425],[73.875,18.6377],[73.8751,18.6334],[73.8692,18.6294],[73.86,18.6248],[73.8515,18.6232],[73.8508,18.6203],[73.8418,18.6196],[73.8178,18.6213],[73.8195,18.6296],[73.8157,18.6285],[73.8081,18.6292],[73.8049,18.6248],[73.8003,18.624],[73.8019,18.6222],[73.8011,18.6195],[73.7951,18.6195],[73.7859,18.6157],[73.7745,18.5986],[73.7734,18.5904],[73.7845,18.5883],[73.7809,18.5866],[73.7899,18.5741],[73.7908,18.5693],[73.79,18.5654],[73.7872,18.5644],[73.7863,18.5647],[73.7836,18.5647],[73.7826,18.5646],[73.7825,18.5646],[73.7824,18.5669],[73.7825,18.5669],[73.7826,18.5647],[73.7826,18.5646],[73.7825,18.5646],[73.7828,18.5635],[73.7752,18.5645],[73.769,18.5668]]}},{"type":"Feature","properties":{"id":"transit_route:gtfs_pune_pmpml:698","field":"public_transport","kind":"transit_route","name":"Hinjawadi Maan Phase 3 to Bhosari Terminal (UP)","ref":"345","status":"operational","opened_on":null,"expected_completion":null,"agency":"PMPML","source":"gtfs_pune_pmpml","confidence":0.7,"mode":"bus","tier":"secondary","geometry_source":"shape"},"geometry":{"type":"LineString","coordinates":[[73.6883,18.5766],[73.6873,18.5829],[73.6931,18.5833],[73.7047,18.5887],[73.7079,18.5937],[73.7186,18.5971],[73.7227,18.5947],[73.7354,18.5939],[73.7396,18.5912],[73.7512,18.5909],[73.7611,18.5925],[73.7769,18.5891],[73.7818,18.5921],[73.7847,18.5918],[73.7903,18.5974],[73.7947,18.5968],[73.7979,18.5983],[73.8043,18.5975],[73.8153,18.6015],[73.8216,18.606],[73.8257,18.6173],[73.8299,18.6191],[73.8302,18.621],[73.8419,18.6196],[73.8453,18.6158],[73.8486,18.6163],[73.8515,18.6245]]}},{"type":"Feature","properties":{"id":"transit_route:gtfs_pune_pmpml:699","field":"public_transport","kind":"transit_route","name":"Bhosari Terminal to Hinjawadi Maan Phase 3 (DOWN)","ref":"345","status":"operational","opened_on":null,"expected_completion":null,"agency":"PMPML","source":"gtfs_pune_pmpml","confidence":0.7,"mode":"bus","tier":"secondary","geometry_source":"shape"},"geometry":{"type":"LineString","coordinates":[[73.8514,18.6246],[73.852,18.6253],[73.8488,18.6162],[73.846,18.6156],[73.8419,18.6164],[73.8451,18.6158],[73.8418,18.6196],[73.8302,18.621],[73.8302,18.619],[73.8256,18.617],[73.8216,18.6056],[73.8124,18.5996],[73.8043,18.5973],[73.7977,18.5982],[73.7947,18.5968],[73.7903,18.5971],[73.7851,18.592],[73.7818,18.5921],[73.7768,18.5889],[73.7611,18.5924],[73.751,18.5907],[73.7389,18.5912],[73.7366,18.5867],[73.7337,18.5858],[73.7322,18.594],[73.7227,18.5945],[73.7188,18.5969],[73.7116,18.5954],[73.7081,18.5935],[73.7047,18.5886],[73.6935,18.5832],[73.6883,18.5825],[73.6883,18.5766]]}},{"type":"Feature","properties":{"id":"transit_route:gtfs_pune_pmpml:700","field":"public_transport","kind":"transit_route","name":"Bhosari Pmt Chowk to Kesnand Phata Wagholi (UP)","ref":"346","status":"operational","opened_on":null,"expected_completion":null,"agency":"PMPML","source":"gtfs_pune_pmpml","confidence":0.7,"mode":"bus","tier":"secondary","geometry_source":"shape"},"geometry":{"type":"LineString","coordinates":[[73.8511,18.6225],[73.8516,18.6239],[73.8612,18.6252],[73.8751,18.6335],[73.8728,18.6019],[73.8752,18.5824],[73.8782,18.5728],[73.8823,18.5817],[73.8895,18.5912],[73.896,18.5965],[73.9019,18.5975],[73.9223,18.5974],[73.9248,18.596],[73.923,18.5937],[73.9317,18.5959],[73.9794,18.583],[73.9789,18.5808],[73.9874,18.5812]]}},{"type":"Feature","properties":{"id":"transit_route:gtfs_pune_pmpml:701","field":"public_transport","kind":"transit_route","name":"Wagholi Kesnand Phata to Bhosari Pmt Chowk (DOWN)","ref":"346","status":"operational","opened_on":null,"expected_completion":null,"agency":"PMPML","source":"gtfs_pune_pmpml","confidence":0.7,"mode":"bus","tier":"secondary","geometry_source":"shape"},"geometry":{"type":"LineString","coordinates":[[73.9866,18.5816],[73.9785,18.5807],[73.9794,18.583],[73.9315,18.5959],[73.923,18.5937],[73.9246,18.5958],[73.9223,18.5974],[73.902,18.5974],[73.8962,18.5966],[73.8895,18.591],[73.8825,18.5817],[73.8781,18.5726],[73.8751,18.5823],[73.8728,18.6019],[73.8749,18.633],[73.8612,18.6252],[73.8515,18.6232],[73.8513,18.6223]]}},{"type":"Feature","properties":{"id":"transit_route:gtfs_pune_pmpml:704","field":"public_transport","kind":"transit_route","name":"Nigdi Bhakti Shakti to Pune Station Moledina Stand (UP)","ref":"348","status":"operational","opened_on":null,"expected_completion":null,"agency":"PMPML","source":"gtfs_pune_pmpml","confidence":0.7,"mode":"bus","tier":"secondary","geometry_source":"shape"},"geometry":{"type":"LineString","coordinates":[[73.7711,18.6661],[73.7855,18.6502],[73.7812,18.6317],[73.7817,18.6296],[73.7776,18.6309],[73.7754,18.6288],[73.7754,18.6242],[73.7654,18.6153],[73.7709,18.6087],[73.7785,18.6025],[73.7888,18.5884],[73.7961,18.5836],[73.8091,18.5698],[73.8113,18.5691],[73.8142,18.5613],[73.8278,18.5431],[73.8439,18.5317],[73.8527,18.5295],[73.8633,18.5299],[73.8638,18.5275],[73.8701,18.5242],[73.8718,18.5245],[73.873,18.5276]]}},{"type":"Feature","properties":{"id":"transit_route:gtfs_pune_pmpml:705","field":"public_transport","kind":"transit_route","name":"Pune Station Moledina Stand to Nigdi Bhakti Shakti (DOWN)","ref":"348","status":"operational","opened_on":null,"expected_completion":null,"agency":"PMPML","source":"gtfs_pune_pmpml","confidence":0.7,"mode":"bus","tier":"secondary","geometry_source":"shape"},"geometry":{"type":"LineString","coordinates":[[73.873,18.5271],[73.8736,18.5283],[73.8763,18.5282],[73.8764,18.5234],[73.8702,18.5239],[73.8638,18.5275],[73.863,18.5297],[73.8539,18.53],[73.8509,18.5275],[73.8496,18.5302],[73.843,18.5319],[73.8277,18.5428],[73.8139,18.5616],[73.8113,18.5689],[73.8092,18.5696],[73.796,18.5834],[73.7887,18.5883],[73.7783,18.6026],[73.7703,18.609],[73.7663,18.6139],[73.7652,18.6155],[73.7753,18.6242],[73.7753,18.629],[73.7778,18.6312],[73.7814,18.6297],[73.7851,18.6482],[73.7851,18.6502],[73.771,18.6659]]}},{"type":"Feature","properties":{"id":"transit_route:gtfs_pune_pmpml:706","field":"public_transport","kind":"transit_route","name":"Nigdi Pawale Chowk to Aundhgaon (UP)","ref":"34","status":"operational","opened_on":null,"expected_completion":null,"agency":"PMPML","source":"gtfs_pune_pmpml","confidence":0.7,"mode":"bus","tier":"secondary","geometry_source":"shape"},"geometry":{"type":"LineString","coordinates":[[73.7772,18.6598],[73.7726,18.664],[73.7634,18.6607],[73.7567,18.6565],[73.7521,18.6615],[73.7427,18.6659],[73.7323,18.6606],[73.7439,18.6449],[73.7507,18.6432],[73.7501,18.6392],[73.7525,18.6311],[73.7704,18.6093],[73.7784,18.6027],[73.7888,18.5884],[73.7961,18.5836],[73.8092,18.5699],[73.8113,18.5691],[73.8119,18.5665]]}},{"type":"Feature","properties":{"id":"transit_route:gtfs_pune_pmpml:707","field":"public_transport","kind":"transit_route","name":"Aundhgaon to Nigdi Pawale Chowk (DOWN)","ref":"34","status":"operational","opened_on":null,"expected_completion":null,"agency":"PMPML","source":"gtfs_pune_pmpml","confidence":0.7,"mode":"bus","tier":"secondary","geometry_source":"shape"},"geometry":{"type":"LineString","coordinates":[[73.8122,18.5658],[73.8113,18.5689],[73.8092,18.5696],[73.796,18.5834],[73.7887,18.5883],[73.7783,18.6026],[73.7703,18.609],[73.7523,18.631],[73.7507,18.6348],[73.7506,18.6431],[73.7438,18.6449],[73.7321,18.6606],[73.7311,18.6603],[73.7426,18.6661],[73.7522,18.6617],[73.7567,18.6566],[73.7637,18.6611],[73.7709,18.663],[73.7722,18.6644],[73.7717,18.6651],[73.7712,18.6656],[73.7772,18.6598]]}},{"type":"Feature","properties":{"id":"transit_route:gtfs_pune_pmpml:708","field":"public_transport","kind":"transit_route","name":"Sant Tukaram Maharaj Krida Sankul Dehugaon to Nigdi Tilak Chowk (UP)","ref":"350","status":"operational","opened_on":null,"expected_completion":null,"agency":"PMPML","source":"gtfs_pune_pmpml","confidence":0.7,"mode":"bus","tier":"secondary","geometry_source":"shape"},"geometry":{"type":"LineString","coordinates":[[73.7783,18.7189],[73.775,18.723],[73.769,18.7245],[73.7659,18.72],[73.7675,18.7194],[73.7678,18.7168],[73.7723,18.7148],[73.792,18.6967],[73.7856,18.6684],[73.7867,18.6644],[73.7777,18.6593]]}},{"type":"Feature","properties":{"id":"transit_route:gtfs_pune_pmpml:709","field":"public_transport","kind":"transit_route","name":"Nigdi Tilak Chowk to Sant Tukaram Maharaj Krida Sankul Dehugaon (DOWN)","ref":"350","status":"operational","opened_on":null,"expected_completion":null,"agency":"PMPML","source":"gtfs_pune_pmpml","confidence":0.7,"mode":"bus","tier":"secondary","geometry_source":"shape"},"geometry":{"type":"LineString","coordinates":[[73.7777,18.6594],[73.7866,18.6645],[73.7854,18.6683],[73.7918,18.6966],[73.7723,18.7148],[73.7678,18.7168],[73.7675,18.7194],[73.7659,18.72],[73.769,18.7245],[73.775,18.723],[73.7783,18.7189]]}},{"type":"Feature","properties":{"id":"transit_route:gtfs_pune_pmpml:712","field":"public_transport","kind":"transit_route","name":"Jambe to Alandi (UP)","ref":"351","status":"operational","opened_on":null,"expected_completion":null,"agency":"PMPML","source":"gtfs_pune_pmpml","confidence":0.7,"mode":"bus","tier":"secondary","geometry_source":"shape"},"geometry":{"type":"LineString","coordinates":[[73.722,18.6411],[73.7216,18.6393],[73.7235,18.6375],[73.7333,18.6356],[73.7341,18.6317],[73.7378,18.631],[73.7407,18.6341],[73.7304,18.6601],[73.7307,18.6602],[73.741,18.6345],[73.7454,18.6392],[73.7464,18.639],[73.7468,18.6389],[73.748,18.6391],[73.7502,18.6392],[73.745,18.6384],[73.7454,18.6392],[73.7455,18.6392],[73.7502,18.6392],[73.7525,18.6311],[73.7654,18.6153],[73.7753,18.6242],[73.7752,18.6289],[73.7776,18.6311],[73.7816,18.6297],[73.7828,18.6276],[73.7869,18.6295],[73.7873,18.6325],[73.7852,18.6328],[73.7896,18.6368],[73.795,18.6386],[73.7936,18.6404],[73.8096,18.6507],[73.8204,18.6433],[73.8453,18.6158],[73.847,18.6157],[73.8494,18.6172],[73.8512,18.6237],[73.8612,18.6252],[73.8745,18.6333],[73.8748,18.6377],[73.8792,18.6434],[73.8836,18.6524],[73.8873,18.6645],[73.8931,18.6734],[73.8971,18.6748]]}},{"type":"Feature","properties":{"id":"transit_route:gtfs_pune_pmpml:713","field":"public_transport","kind":"transit_route","name":"Alandi to Jambe (DOWN)","ref":"351","status":"operational","opened_on":null,"expected_completion":null,"agency":"PMPML","source":"gtfs_pune_pmpml","confidence":0.7,"mode":"bus","tier":"secondary","geometry_source":"shape"},"geometry":{"type":"LineString","coordinates":[[73.8971,18.6748],[73.8931,18.6733],[73.8873,18.6641],[73.8838,18.6524],[73.8789,18.6425],[73.875,18.6377],[73.8751,18.6334],[73.8612,18.6252],[73.8515,18.6232],[73.8508,18.6203],[73.8418,18.6196],[73.8203,18.6432],[73.8098,18.6501],[73.7948,18.6409],[73.7959,18.6394],[73.7952,18.6385],[73.7854,18.6496],[73.7812,18.6317],[73.7817,18.6296],[73.7776,18.6309],[73.7754,18.6288],[73.7754,18.6242],[73.7654,18.6153],[73.7523,18.631],[73.7502,18.639],[73.745,18.6384],[73.7454,18.6392],[73.7455,18.6392],[73.7502,18.6392],[73.7454,18.6392],[73.7407,18.6341],[73.7399,18.6362],[73.7397,18.6369],[73.7377,18.6416],[73.7369,18.644],[73.7304,18.6601],[73.7307,18.6602],[73.741,18.6345],[73.7407,18.6342],[73.7404,18.6338],[73.7385,18.6318],[73.738,18.631],[73.7345,18.6316],[73.7333,18.6322],[73.7333,18.6356],[73.7235,18.6375],[73.7216,18.6393],[73.722,18.6411]]}},{"type":"Feature","properties":{"id":"transit_route:gtfs_pune_pmpml:714","field":"public_transport","kind":"transit_route","name":"Rajguru Nagar Low Collage to Pune Station Sassoon Road (UP)","ref":"352","status":"operational","opened_on":null,"expected_completion":null,"agency":"PMPML","source":"gtfs_pune_pmpml","confidence":0.7,"mode":"bus","tier":"secondary","geometry_source":"shape"},"geometry":{"type":"LineString","coordinates":[[73.8953,18.8675],[73.8878,18.8566],[73.8875,18.8506],[73.8826,18.8458],[73.8775,18.8325],[73.8735,18.8081],[73.8675,18.7929],[73.8683,18.7896],[73.8725,18.784],[73.8723,18.7804],[73.8664,18.7685],[73.8587,18.7594],[73.8602,18.7507],[73.859,18.7403],[73.8561,18.7309],[73.8484,18.7148],[73.8476,18.6946],[73.8462,18.6911],[73.8472,18.6835],[73.8499,18.678],[73.8484,18.671],[73.8484,18.66],[73.8508,18.6485],[73.8498,18.6338],[73.8523,18.6267],[73.8505,18.6193],[73.8491,18.6165],[73.846,18.6156],[73.8417,18.6164],[73.8451,18.6158],[73.8418,18.6196],[73.8302,18.621],[73.8302,18.619],[73.8256,18.617],[73.8224,18.607],[73.8263,18.6019],[73.8326,18.5881],[73.8397,18.5658],[73.8467,18.5573],[73.8514,18.5486],[73.8505,18.5375],[73.8517,18.5345],[73.8554,18.5303],[73.8633,18.5299],[73.8638,18.5275],[73.8701,18.5242],[73.8726,18.5264]]}},{"type":"Feature","properties":{"id":"transit_route:gtfs_pune_pmpml:715","field":"public_transport","kind":"transit_route","name":"Pune Station Sassoon Road to Rajguru Nagar Low Collage (DOWN)","ref":"352","status":"operational","opened_on":null,"expected_completion":null,"agency":"PMPML","source":"gtfs_pune_pmpml","confidence":0.7,"mode":"bus","tier":"secondary","geometry_source":"shape"},"geometry":{"type":"LineString","coordinates":[[73.8726,18.5264],[73.8736,18.5283],[73.8763,18.5282],[73.8764,18.5234],[73.8702,18.5239],[73.8638,18.5275],[73.863,18.5297],[73.8553,18.5302],[73.8516,18.5344],[73.8505,18.5375],[73.8512,18.5489],[73.8466,18.5574],[73.8395,18.5658],[73.8323,18.5882],[73.826,18.6019],[73.822,18.607],[73.8257,18.6173],[73.8299,18.6191],[73.8302,18.621],[73.8419,18.6196],[73.846,18.6157],[73.8492,18.6169],[73.8506,18.6204],[73.8521,18.6269],[73.8497,18.6341],[73.8507,18.6484],[73.8484,18.66],[73.8484,18.6717],[73.8498,18.6778],[73.8471,18.6835],[73.8461,18.6913],[73.8475,18.695],[73.8483,18.7148],[73.856,18.731],[73.8589,18.7403],[73.8601,18.7509],[73.8586,18.7595],[73.8628,18.7657],[73.8663,18.7686],[73.8722,18.7805],[73.8724,18.7839],[73.8682,18.7896],[73.8673,18.7929],[73.8734,18.8081],[73.8774,18.8325],[73.8826,18.8458],[73.8875,18.8506],[73.8878,18.8566],[73.8953,18.8675]]}},{"type":"Feature","properties":{"id":"transit_route:gtfs_pune_pmpml:722","field":"public_transport","kind":"transit_route","name":"Shikrapur Phata to Chakan Ambethan Chowk (UP)","ref":"353","status":"operational","opened_on":null,"expected_completion":null,"agency":"PMPML","source":"gtfs_pune_pmpml","confidence":0.7,"mode":"bus","tier":"secondary","geometry_source":"shape"},"geometry":{"type":"LineString","coordinates":[[74.1323,18.6923],[74.0921,18.701],[74.0481,18.7163],[74.0288,18.7203],[74.0225,18.724],[74.0207,18.7234],[74.0134,18.7262],[73.9992,18.727],[73.9708,18.7341],[73.9473,18.7374],[73.943,18.7346],[73.9328,18.7337],[73.9228,18.7345],[73.9065,18.7405],[73.8883,18.7436],[73.8769,18.7481],[73.8663,18.7504],[73.859,18.7553],[73.8585,18.7591],[73.8613,18.763]]}},{"type":"Feature","properties":{"id":"transit_route:gtfs_pune_pmpml:723","field":"public_transport","kind":"transit_route","name":"Chakan Ambethan Chowk to Shikrapur Phata (DOWN)","ref":"353","status":"operational","opened_on":null,"expected_completion":null,"agency":"PMPML","source":"gtfs_pune_pmpml","confidence":0.7,"mode":"bus","tier":"secondary","geometry_source":"shape"},"geometry":{"type":"LineString","coordinates":[[73.8613,18.763],[73.8586,18.7591],[73.8591,18.7554],[73.8663,18.7504],[73.8769,18.7481],[73.8883,18.7436],[73.9065,18.7405],[73.9228,18.7345],[73.9328,18.7337],[73.943,18.7346],[73.9473,18.7374],[73.9708,18.7341],[73.9992,18.727],[74.0134,18.7262],[74.0207,18.7234],[74.0225,18.724],[74.0288,18.7203],[74.0473,18.7166],[74.0921,18.701],[74.1323,18.6924]]}},{"type":"Feature","properties":{"id":"transit_route:gtfs_pune_pmpml:726","field":"public_transport","kind":"transit_route","name":"Pimprigaon to Marketyard Depot (UP)","ref":"354","status":"operational","opened_on":null,"expected_completion":null,"agency":"PMPML","source":"gtfs_pune_pmpml","confidence":0.7,"mode":"bus","tier":"secondary","geometry_source":"shape"},"geometry":{"type":"LineString","coordinates":[[73.8043,18.612],[73.8055,18.6126],[73.8047,18.6153],[73.8008,18.6171],[73.8009,18.6195],[73.7951,18.6195],[73.7859,18.6157],[73.7797,18.6064],[73.7961,18.6028],[73.7909,18.5969],[73.795,18.5968],[73.7979,18.5983],[73.804,18.5974],[73.812,18.5997],[73.812,18.5973],[73.8172,18.5969],[73.8178,18.5948],[73.8193,18.5941],[73.8193,18.5926],[73.817,18.5909],[73.8154,18.5754],[73.812,18.5763],[73.8067,18.5734],[73.8092,18.5699],[73.8114,18.5689],[73.8142,18.5613],[73.8278,18.5431],[73.8428,18.5322],[73.8525,18.5293],[73.8513,18.5274],[73.8561,18.5202],[73.859,18.5044],[73.8576,18.4894],[73.8701,18.4895],[73.8715,18.4837]]}},{"type":"Feature","properties":{"id":"transit_route:gtfs_pune_pmpml:727","field":"public_transport","kind":"transit_route","name":"Marketyard Depot to Pimprigaon (DOWN)","ref":"354","status":"operational","opened_on":null,"expected_completion":null,"agency":"PMPML","source":"gtfs_pune_pmpml","confidence":0.7,"mode":"bus","tier":"secondary","geometry_source":"shape"},"geometry":{"type":"LineString","coordinates":[[73.8714,18.4837],[73.8701,18.4894],[73.8574,18.4893],[73.8584,18.5001],[73.854,18.5017],[73.8538,18.5156],[73.8552,18.5211],[73.8532,18.5258],[73.8496,18.5302],[73.843,18.5319],[73.8276,18.5429],[73.8139,18.5616],[73.8113,18.5689],[73.8092,18.5696],[73.8065,18.5732],[73.8084,18.5752],[73.812,18.5763],[73.8153,18.5753],[73.817,18.5909],[73.8193,18.5927],[73.8172,18.5969],[73.812,18.5973],[73.812,18.5993],[73.8073,18.599],[73.8043,18.5973],[73.7977,18.5982],[73.795,18.5968],[73.7909,18.5969],[73.7961,18.6028],[73.7795,18.6065],[73.7856,18.6157],[73.795,18.6196],[73.8009,18.6196],[73.8008,18.6171],[73.8026,18.6167],[73.8055,18.6126],[73.8043,18.612]]}},{"type":"Feature","properties":{"id":"transit_route:gtfs_pune_pmpml:728","field":"public_transport","kind":"transit_route","name":"Nageshwar Vidyalaya Chikhli to Radha Hotel (UP)","ref":"355A","status":"operational","opened_on":null,"expected_completion":null,"agency":"PMPML","source":"gtfs_pune_pmpml","confidence":0.7,"mode":"bus","tier":"secondary","geometry_source":"shape"},"geometry":{"type":"LineString","coordinates":[[73.8081,18.691],[73.8077,18.6872],[73.8144,18.6836],[73.8073,18.6761],[73.7985,18.6703],[73.7936,18.6606],[73.7866,18.6642],[73.7776,18.6592],[73.7855,18.6502],[73.7812,18.6317],[73.7817,18.6296],[73.7777,18.631],[73.7754,18.6288],[73.7752,18.624],[73.7559,18.6071],[73.7525,18.6056],[73.7659,18.5696]]}},{"type":"Feature","properties":{"id":"transit_route:gtfs_pune_pmpml:729","field":"public_transport","kind":"transit_route","name":"Radha Hotel to Nageshwar Vidyalaya Chikhli (DOWN)","ref":"355A","status":"operational","opened_on":null,"expected_completion":null,"agency":"PMPML","source":"gtfs_pune_pmpml","confidence":0.7,"mode":"bus","tier":"secondary","geometry_source":"shape"},"geometry":{"type":"LineString","coordinates":[[73.7651,18.5699],[73.7521,18.6047],[73.7447,18.5998],[73.7434,18.602],[73.7506,18.6041],[73.7631,18.6132],[73.7753,18.6242],[73.7752,18.6289],[73.7776,18.6311],[73.7814,18.6297],[73.7852,18.6501],[73.7773,18.6591],[73.7865,18.6643],[73.7936,18.6608],[73.7983,18.6701],[73.8073,18.6761],[73.8143,18.6836],[73.8076,18.6871],[73.8081,18.6909]]}},{"type":"Feature","properties":{"id":"transit_route:gtfs_pune_pmpml:730","field":"public_transport","kind":"transit_route","name":"Nageshwar Vidyalaya Chikhli to Radha Hotel (UP)","ref":"355","status":"operational","opened_on":null,"expected_completion":null,"agency":"PMPML","source":"gtfs_pune_pmpml","confidence":0.7,"mode":"bus","tier":"secondary","geometry_source":"shape"},"geometry":{"type":"LineString","coordinates":[[73.8081,18.691],[73.8077,18.6872],[73.8144,18.6836],[73.8073,18.6761],[73.7985,18.6703],[73.7936,18.6606],[73.7866,18.6642],[73.7776,18.6592],[73.7855,18.6502],[73.7812,18.6317],[73.7817,18.6296],[73.7777,18.631],[73.7754,18.6288],[73.7752,18.624],[73.7559,18.6071],[73.7525,18.6056],[73.7659,18.5696]]}},{"type":"Feature","properties":{"id":"transit_route:gtfs_pune_pmpml:731","field":"public_transport","kind":"transit_route","name":"Nageshwar Vidyalaya Chikhli to Dange Chowk (UP)","ref":"355M","status":"operational","opened_on":null,"expected_completion":null,"agency":"PMPML","source":"gtfs_pune_pmpml","confidence":0.7,"mode":"bus","tier":"secondary","geometry_source":"shape"},"geometry":{"type":"LineString","coordinates":[[73.8081,18.691],[73.8077,18.6872],[73.8144,18.6836],[73.8073,18.6761],[73.7985,18.6703],[73.7936,18.6606],[73.7866,18.6642],[73.7776,18.6592],[73.7855,18.6502],[73.7812,18.6317],[73.7817,18.6296],[73.7776,18.6309],[73.7754,18.6288],[73.7754,18.6242],[73.7656,18.6152]]}},{"type":"Feature","properties":{"id":"transit_route:gtfs_pune_pmpml:732","field":"public_transport","kind":"transit_route","name":"Dange Chowk to Nageshwar Vidyalaya Chikhli (DOWN)","ref":"355M","status":"operational","opened_on":null,"expected_completion":null,"agency":"PMPML","source":"gtfs_pune_pmpml","confidence":0.7,"mode":"bus","tier":"secondary","geometry_source":"shape"},"geometry":{"type":"LineString","coordinates":[[73.7655,18.6151],[73.7753,18.6242],[73.7752,18.6289],[73.7771,18.6307],[73.7814,18.6297],[73.7852,18.6501],[73.7773,18.6591],[73.7865,18.6643],[73.7936,18.6608],[73.7983,18.6701],[73.8073,18.6761],[73.8143,18.6836],[73.8076,18.6871],[73.8081,18.6909]]}},{"type":"Feature","properties":{"id":"transit_route:gtfs_pune_pmpml:733","field":"public_transport","kind":"transit_route","name":"Radha Hotel to Nageshwar Vidyalaya Chikhli (DOWN)","ref":"355","status":"operational","opened_on":null,"expected_completion":null,"agency":"PMPML","source":"gtfs_pune_pmpml","confidence":0.7,"mode":"bus","tier":"secondary","geometry_source":"shape"},"geometry":{"type":"LineString","coordinates":[[73.7651,18.5699],[73.7521,18.6047],[73.7447,18.5998],[73.7434,18.602],[73.7506,18.6041],[73.7631,18.6132],[73.7753,18.6242],[73.7752,18.6289],[73.7776,18.6311],[73.7814,18.6297],[73.7852,18.6501],[73.7773,18.6591],[73.7865,18.6643],[73.7936,18.6608],[73.7983,18.6701],[73.8073,18.6761],[73.8143,18.6836],[73.8076,18.6871],[73.8081,18.6909]]}},{"type":"Feature","properties":{"id":"transit_route:gtfs_pune_pmpml:736","field":"public_transport","kind":"transit_route","name":"Sector no. 12 PM Awas Yojana Bhosari to Nashik Phata Metro Station (UP)","ref":"356","status":"operational","opened_on":null,"expected_completion":null,"agency":"PMPML","source":"gtfs_pune_pmpml","confidence":0.7,"mode":"bus","tier":"secondary","geometry_source":"shape"},"geometry":{"type":"LineString","coordinates":[[73.828,18.6521],[73.8301,18.649],[73.8317,18.6511],[73.8279,18.6457],[73.8399,18.6394],[73.8381,18.6326],[73.8409,18.6295],[73.842,18.6237],[73.8388,18.6229],[73.8419,18.6196],[73.8215,18.6207],[73.8199,18.6209],[73.8184,18.6212],[73.8179,18.6213],[73.8178,18.6213],[73.8181,18.6224],[73.8182,18.6224],[73.8179,18.6213],[73.8171,18.6166],[73.8168,18.6137],[73.8212,18.6085]]}},{"type":"Feature","properties":{"id":"transit_route:gtfs_pune_pmpml:737","field":"public_transport","kind":"transit_route","name":"Nashik Phata Metro Station to Sector no. 12 PM Awas Yojana Bhosari (DOWN)","ref":"356","status":"operational","opened_on":null,"expected_completion":null,"agency":"PMPML","source":"gtfs_pune_pmpml","confidence":0.7,"mode":"bus","tier":"secondary","geometry_source":"shape"},"geometry":{"type":"LineString","coordinates":[[73.8209,18.6083],[73.8163,18.6136],[73.8181,18.6224],[73.8179,18.6213],[73.8215,18.6207],[73.841,18.6198],[73.8388,18.6229],[73.8419,18.6238],[73.8408,18.6296],[73.838,18.6327],[73.8399,18.6393],[73.8278,18.6457],[73.8301,18.649],[73.8279,18.652]]}},{"type":"Feature","properties":{"id":"transit_route:gtfs_pune_pmpml:738","field":"public_transport","kind":"transit_route","name":"Bhosari Terminal to Pune Station Sassoon Road (UP)","ref":"357","status":"operational","opened_on":null,"expected_completion":null,"agency":"PMPML","source":"gtfs_pune_pmpml","confidence":0.7,"mode":"bus","tier":"secondary","geometry_source":"shape"},"geometry":{"type":"LineString","coordinates":[[73.8514,18.6246],[73.852,18.6253],[73.8497,18.6171],[73.847,18.6157],[73.8455,18.6156],[73.8417,18.6164],[73.8451,18.6158],[73.8418,18.6196],[73.8302,18.621],[73.8302,18.619],[73.8256,18.617],[73.8224,18.607],[73.8296,18.5963],[73.8397,18.5658],[73.8467,18.5573],[73.8514,18.5486],[73.8505,18.5375],[73.8518,18.5344],[73.8554,18.5303],[73.8633,18.5299],[73.8638,18.5275],[73.8701,18.5242],[73.8718,18.5245],[73.873,18.5271]]}},{"type":"Feature","properties":{"id":"transit_route:gtfs_pune_pmpml:739","field":"public_transport","kind":"transit_route","name":"Pune Station Sassoon Road to Bhosari Terminal (DOWN)","ref":"357","status":"operational","opened_on":null,"expected_completion":null,"agency":"PMPML","source":"gtfs_pune_pmpml","confidence":0.7,"mode":"bus","tier":"secondary","geometry_source":"shape"},"geometry":{"type":"LineString","coordinates":[[73.8726,18.5264],[73.8736,18.5283],[73.8763,18.5282],[73.8764,18.5234],[73.8702,18.5239],[73.8638,18.5275],[73.863,18.5297],[73.8553,18.5302],[73.8516,18.5344],[73.8505,18.5375],[73.8512,18.5489],[73.8466,18.5574],[73.8395,18.5658],[73.8323,18.5882],[73.826,18.6019],[73.822,18.607],[73.8257,18.6173],[73.8299,18.6191],[73.8302,18.621],[73.8419,18.6196],[73.8453,18.6158],[73.847,18.6157],[73.8494,18.6172],[73.8514,18.6246]]}},{"type":"Feature","properties":{"id":"transit_route:gtfs_pune_pmpml:740","field":"public_transport","kind":"transit_route","name":"Bhamchandra Vidhyalay Vasuli to Bhosari Chakan Road (UP)","ref":"358A","status":"operational","opened_on":null,"expected_completion":null,"agency":"PMPML","source":"gtfs_pune_pmpml","confidence":0.7,"mode":"bus","tier":"secondary","geometry_source":"shape"},"geometry":{"type":"LineString","coordinates":[[73.7671,18.7942],[73.7708,18.7908],[73.7716,18.7873],[73.7785,18.7868],[73.7956,18.7917],[73.8049,18.7903],[73.8186,18.7816],[73.828,18.7779],[73.8345,18.7787],[73.8388,18.7768],[73.8432,18.7729],[73.8614,18.7631],[73.8585,18.7586],[73.8602,18.7507],[73.8589,18.74],[73.8561,18.7309],[73.8484,18.7153],[73.8476,18.6946],[73.8462,18.6914],[73.8472,18.6835],[73.8499,18.678],[73.8484,18.671],[73.8484,18.66],[73.8508,18.6485],[73.8498,18.6342],[73.8524,18.6274],[73.8516,18.624]]}},{"type":"Feature","properties":{"id":"transit_route:gtfs_pune_pmpml:741","field":"public_transport","kind":"transit_route","name":"Bhosari Chakan Road to Bhamchandra Vidhyalay Vasuli (DOWN)","ref":"358A","status":"operational","opened_on":null,"expected_completion":null,"agency":"PMPML","source":"gtfs_pune_pmpml","confidence":0.7,"mode":"bus","tier":"secondary","geometry_source":"shape"},"geometry":{"type":"LineString","coordinates":[[73.8512,18.6238],[73.8521,18.6272],[73.8497,18.6341],[73.8507,18.6484],[73.8484,18.66],[73.8484,18.6717],[73.8498,18.6778],[73.8471,18.6835],[73.8461,18.6915],[73.8475,18.695],[73.8484,18.7153],[73.856,18.731],[73.8589,18.74],[73.8601,18.7509],[73.8585,18.7589],[73.8619,18.7634],[73.8453,18.7717],[73.8388,18.7768],[73.8345,18.7787],[73.828,18.7779],[73.8186,18.7816],[73.8049,18.7903],[73.7956,18.7917],[73.7785,18.7868],[73.7716,18.7873],[73.7708,18.7908],[73.7671,18.7941]]}},{"type":"Feature","properties":{"id":"transit_route:gtfs_pune_pmpml:746","field":"public_transport","kind":"transit_route","name":"Rajguru Nagar Low Collage to Bhosari Chakan Road (UP)","ref":"358","status":"operational","opened_on":null,"expected_completion":null,"agency":"PMPML","source":"gtfs_pune_pmpml","confidence":0.7,"mode":"bus","tier":"secondary","geometry_source":"shape"},"geometry":{"type":"LineString","coordinates":[[73.8953,18.8675],[73.8878,18.8566],[73.8875,18.8506],[73.8826,18.8458],[73.8775,18.8325],[73.8735,18.8081],[73.8675,18.7929],[73.8683,18.7896],[73.8725,18.784],[73.8723,18.7804],[73.8664,18.7685],[73.8587,18.7594],[73.8602,18.7507],[73.859,18.7403],[73.8561,18.7309],[73.8484,18.7148],[73.8476,18.6946],[73.8462,18.6911],[73.8472,18.6835],[73.8499,18.678],[73.8484,18.671],[73.8484,18.66],[73.8508,18.6485],[73.8498,18.6342],[73.8524,18.6274],[73.8516,18.624]]}},{"type":"Feature","properties":{"id":"transit_route:gtfs_pune_pmpml:747","field":"public_transport","kind":"transit_route","name":"Bhosari Chakan Road to Rajguru Nagar Low Collage (DOWN)","ref":"358","status":"operational","opened_on":null,"expected_completion":null,"agency":"PMPML","source":"gtfs_pune_pmpml","confidence":0.7,"mode":"bus","tier":"secondary","geometry_source":"shape"},"geometry":{"type":"LineString","coordinates":[[73.8512,18.6238],[73.8521,18.6272],[73.8497,18.6341],[73.8507,18.6484],[73.8484,18.66],[73.8484,18.6717],[73.8498,18.6778],[73.8471,18.6835],[73.8461,18.6913],[73.8475,18.695],[73.8483,18.7148],[73.856,18.731],[73.8589,18.7403],[73.8601,18.7509],[73.8586,18.7595],[73.8628,18.7657],[73.8663,18.7686],[73.8722,18.7805],[73.8724,18.7839],[73.8682,18.7896],[73.8673,18.7929],[73.8734,18.8081],[73.8774,18.8325],[73.8826,18.8458],[73.8875,18.8506],[73.8878,18.8566],[73.8953,18.8675]]}},{"type":"Feature","properties":{"id":"transit_route:gtfs_pune_pmpml:748","field":"public_transport","kind":"transit_route","name":"Rajguru Nagar Low Collage to Pimplegurav (UP)","ref":"359A","status":"operational","opened_on":null,"expected_completion":null,"agency":"PMPML","source":"gtfs_pune_pmpml","confidence":0.7,"mode":"bus","tier":"secondary","geometry_source":"shape"},"geometry":{"type":"LineString","coordinates":[[73.8953,18.8675],[73.8878,18.8566],[73.8875,18.8506],[73.8826,18.8458],[73.8775,18.8325],[73.8735,18.8081],[73.8675,18.7929],[73.8683,18.7896],[73.8725,18.784],[73.8723,18.7804],[73.8664,18.7685],[73.8587,18.7594],[73.8602,18.7507],[73.859,18.7403],[73.8561,18.7309],[73.8484,18.7148],[73.8476,18.6946],[73.8462,18.6911],[73.8472,18.6835],[73.8499,18.678],[73.8484,18.671],[73.8484,18.66],[73.8508,18.6485],[73.8498,18.6338],[73.8524,18.6267],[73.8511,18.6214],[73.8495,18.6168],[73.8468,18.6156],[73.8455,18.6156],[73.8417,18.6164],[73.8451,18.6158],[73.8418,18.6196],[73.8372,18.6206],[73.8302,18.621],[73.8302,18.619],[73.8261,18.6177],[73.822,18.6063],[73.8171,18.6025],[73.8174,18.5954],[73.8191,18.593]]}},{"type":"Feature","properties":{"id":"transit_route:gtfs_pune_pmpml:749","field":"public_transport","kind":"transit_route","name":"Pimplegurav to Rajguru Nagar Low Collage (DOWN)","ref":"359A","status":"operational","opened_on":null,"expected_completion":null,"agency":"PMPML","source":"gtfs_pune_pmpml","confidence":0.7,"mode":"bus","tier":"secondary","geometry_source":"shape"},"geometry":{"type":"LineString","coordinates":[[73.8191,18.593],[73.8174,18.5954],[73.817,18.6026],[73.8219,18.6064],[73.8261,18.6178],[73.8299,18.6191],[73.8302,18.621],[73.8371,18.6206],[73.8419,18.6196],[73.8453,18.6158],[73.847,18.6157],[73.8492,18.6169],[73.8509,18.6215],[73.8521,18.6269],[73.8497,18.6341],[73.8507,18.6484],[73.8484,18.66],[73.8484,18.6717],[73.8498,18.6778],[73.8471,18.6835],[73.8461,18.6913],[73.8475,18.695],[73.8483,18.7148],[73.856,18.731],[73.8589,18.7403],[73.8601,18.7509],[73.8586,18.7595],[73.8628,18.7657],[73.8663,18.7686],[73.8722,18.7805],[73.8724,18.7839],[73.8682,18.7896],[73.8673,18.7929],[73.8734,18.8081],[73.8774,18.8325],[73.8826,18.8458],[73.8875,18.8506],[73.8878,18.8566],[73.8953,18.8675]]}},{"type":"Feature","properties":{"id":"transit_route:gtfs_pune_pmpml:752","field":"public_transport","kind":"transit_route","name":"Mukai Chowk to Ma Na Pa Dengle Pul Nadikathi (UP)","ref":"35","status":"operational","opened_on":null,"expected_completion":null,"agency":"PMPML","source":"gtfs_pune_pmpml","confidence":0.7,"mode":"bus","tier":"secondary","geometry_source":"shape"},"geometry":{"type":"LineString","coordinates":[[73.7323,18.6606],[73.7439,18.6449],[73.7507,18.6432],[73.7503,18.6392],[73.748,18.639],[73.7479,18.639],[73.7468,18.6389],[73.7454,18.6392],[73.741,18.6345],[73.742,18.632],[73.7467,18.6342],[73.7471,18.6351],[73.748,18.6384],[73.7481,18.639],[73.7481,18.6391],[73.7502,18.6392],[73.7503,18.639],[73.7509,18.6345],[73.7525,18.6311],[73.7704,18.6093],[73.7784,18.6027],[73.7888,18.5884],[73.7961,18.5836],[73.8091,18.5698],[73.8114,18.5689],[73.8142,18.5613],[73.8278,18.5431],[73.8428,18.5322],[73.8525,18.5293],[73.8482,18.5228],[73.8516,18.5222],[73.8552,18.5237]]}},{"type":"Feature","properties":{"id":"transit_route:gtfs_pune_pmpml:757","field":"public_transport","kind":"transit_route","name":"Ma Na Pa Dengle Pul Nadikhathi to Mukai Chowk (DOWN)","ref":"35","status":"operational","opened_on":null,"expected_completion":null,"agency":"PMPML","source":"gtfs_pune_pmpml","confidence":0.7,"mode":"bus","tier":"secondary","geometry_source":"shape"},"geometry":{"type":"LineString","coordinates":[[73.8552,18.5237],[73.8567,18.5261],[73.8532,18.5258],[73.8496,18.5302],[73.843,18.5319],[73.8276,18.5429],[73.8139,18.5616],[73.8113,18.5689],[73.8092,18.5696],[73.796,18.5834],[73.7887,18.5883],[73.7783,18.6026],[73.7703,18.609],[73.7523,18.631],[73.7507,18.6348],[73.7506,18.6431],[73.7438,18.6449],[73.7318,18.6604]]}},{"type":"Feature","properties":{"id":"transit_route:gtfs_pune_pmpml:758","field":"public_transport","kind":"transit_route","name":"Aundhgaon to Alandi (UP)","ref":"360A","status":"operational","opened_on":null,"expected_completion":null,"agency":"PMPML","source":"gtfs_pune_pmpml","confidence":0.7,"mode":"bus","tier":"secondary","geometry_source":"shape"},"geometry":{"type":"LineString","coordinates":[[73.8119,18.5664],[73.8113,18.5689],[73.8092,18.5696],[73.8065,18.5735],[73.812,18.5763],[73.8153,18.5753],[73.8163,18.586],[73.8123,18.5869],[73.8128,18.5892],[73.8193,18.5926],[73.8174,18.5954],[73.817,18.6026],[73.8219,18.6064],[73.8258,18.6175],[73.8299,18.6191],[73.8302,18.621],[73.8371,18.6206],[73.8419,18.6196],[73.8453,18.6158],[73.8476,18.6159],[73.8494,18.6172],[73.8512,18.6237],[73.8612,18.6252],[73.8738,18.6327],[73.875,18.638],[73.8792,18.6434],[73.8836,18.6524],[73.8873,18.6645],[73.8931,18.6734],[73.8971,18.6748]]}},{"type":"Feature","properties":{"id":"transit_route:gtfs_pune_pmpml:759","field":"public_transport","kind":"transit_route","name":"Alandi to Aundhgaon (DOWN)","ref":"360A","status":"operational","opened_on":null,"expected_completion":null,"agency":"PMPML","source":"gtfs_pune_pmpml","confidence":0.7,"mode":"bus","tier":"secondary","geometry_source":"shape"},"geometry":{"type":"LineString","coordinates":[[73.8971,18.6748],[73.8931,18.6733],[73.8873,18.6641],[73.8838,18.6524],[73.8789,18.6425],[73.875,18.6377],[73.8751,18.6334],[73.8612,18.6252],[73.8515,18.6232],[73.8497,18.6171],[73.8476,18.6158],[73.8455,18.6156],[73.8417,18.6164],[73.8451,18.6158],[73.8418,18.6196],[73.8372,18.6206],[73.8302,18.621],[73.8302,18.619],[73.8259,18.6175],[73.8221,18.6065],[73.8171,18.6025],[73.8174,18.5954],[73.8193,18.5941],[73.8193,18.5926],[73.8128,18.5892],[73.8123,18.5869],[73.8163,18.586],[73.8154,18.5754],[73.812,18.5763],[73.8067,18.5736],[73.8092,18.5699],[73.8114,18.5689],[73.8119,18.5665]]}},{"type":"Feature","properties":{"id":"transit_route:gtfs_pune_pmpml:760","field":"public_transport","kind":"transit_route","name":"Bajirao Padale Chowk Mhalunge to Alandi (UP)","ref":"360","status":"operational","opened_on":null,"expected_completion":null,"agency":"PMPML","source":"gtfs_pune_pmpml","confidence":0.7,"mode":"bus","tier":"secondary","geometry_source":"shape"},"geometry":{"type":"LineString","coordinates":[[73.7357,18.5647],[73.7451,18.5682],[73.7513,18.5688],[73.7556,18.5743],[73.7682,18.5676],[73.7691,18.5752],[73.7663,18.5751],[73.7691,18.5753],[73.7761,18.5738],[73.7787,18.5762],[73.7804,18.5761],[73.7826,18.5643],[73.7842,18.5621],[73.7918,18.5587],[73.7958,18.5552],[73.8011,18.5547],[73.8052,18.551],[73.8095,18.5501],[73.8094,18.5612],[73.8139,18.5617],[73.8113,18.5689],[73.8092,18.5696],[73.8065,18.5735],[73.812,18.5763],[73.8153,18.5753],[73.8163,18.586],[73.8123,18.5869],[73.8128,18.5892],[73.8193,18.5926],[73.8174,18.5954],[73.817,18.6026],[73.822,18.6067],[73.8257,18.6173],[73.8299,18.6191],[73.8302,18.621],[73.8367,18.6206],[73.8419,18.6196],[73.8453,18.6158],[73.8476,18.6159],[73.8494,18.6172],[73.8512,18.6237],[73.8612,18.6252],[73.8738,18.6327],[73.875,18.638],[73.8792,18.6434],[73.8836,18.6524],[73.8873,18.6645],[73.8931,18.6734],[73.8971,18.6748]]}},{"type":"Feature","properties":{"id":"transit_route:gtfs_pune_pmpml:761","field":"public_transport","kind":"transit_route","name":"Alandi to Bajirao Padale Chowk Mhalunge (DOWN)","ref":"360","status":"operational","opened_on":null,"expected_completion":null,"agency":"PMPML","source":"gtfs_pune_pmpml","confidence":0.7,"mode":"bus","tier":"secondary","geometry_source":"shape"},"geometry":{"type":"LineString","coordinates":[[73.8971,18.6748],[73.8931,18.6733],[73.8873,18.6641],[73.8838,18.6524],[73.8789,18.6425],[73.875,18.6377],[73.8751,18.6334],[73.8612,18.6252],[73.8515,18.6232],[73.8497,18.6171],[73.8476,18.6158],[73.8455,18.6156],[73.8417,18.6164],[73.8451,18.6158],[73.8418,18.6196],[73.8372,18.6206],[73.8302,18.621],[73.8302,18.619],[73.8258,18.6172],[73.822,18.6062],[73.8171,18.6025],[73.8174,18.5954],[73.8193,18.5941],[73.8193,18.5926],[73.8128,18.5892],[73.8123,18.5869],[73.8163,18.586],[73.8154,18.5754],[73.812,18.5763],[73.8067,18.5736],[73.8092,18.5699],[73.8114,18.5689],[73.814,18.5617],[73.8095,18.5613],[73.8095,18.55],[73.8051,18.5509],[73.8011,18.5545],[73.7957,18.5552],[73.7918,18.5587],[73.7841,18.562],[73.7825,18.5646],[73.7804,18.5761],[73.7787,18.5762],[73.7761,18.5738],[73.7692,18.5752],[73.7639,18.5748],[73.7662,18.569],[73.7555,18.5744],[73.7513,18.5688],[73.7451,18.5682],[73.7357,18.5647]]}},{"type":"Feature","properties":{"id":"transit_route:gtfs_pune_pmpml:762","field":"public_transport","kind":"transit_route","name":"Bhosari Pmt Chowk to Alandi (UP)","ref":"361","status":"operational","opened_on":null,"expected_completion":null,"agency":"PMPML","source":"gtfs_pune_pmpml","confidence":0.7,"mode":"bus","tier":"secondary","geometry_source":"shape"},"geometry":{"type":"LineString","coordinates":[[73.8511,18.6225],[73.8516,18.6239],[73.8612,18.6252],[73.8745,18.6333],[73.8748,18.6377],[73.8792,18.6434],[73.8836,18.6524],[73.8873,18.6645],[73.8931,18.6734],[73.8971,18.6748]]}},{"type":"Feature","properties":{"id":"transit_route:gtfs_pune_pmpml:763","field":"public_transport","kind":"transit_route","name":"Alandi to Bhosari Pmt Chowk (DOWN)","ref":"361","status":"operational","opened_on":null,"expected_completion":null,"agency":"PMPML","source":"gtfs_pune_pmpml","confidence":0.7,"mode":"bus","tier":"secondary","geometry_source":"shape"},"geometry":{"type":"LineString","coordinates":[[73.8971,18.6748],[73.8931,18.6733],[73.8873,18.6641],[73.8838,18.6524],[73.8789,18.6425],[73.875,18.6377],[73.8751,18.6334],[73.8612,18.6252],[73.8515,18.6232],[73.8513,18.6223]]}},{"type":"Feature","properties":{"id":"transit_route:gtfs_pune_pmpml:766","field":"public_transport","kind":"transit_route","name":"Ycm Hospital to Alandi (UP)","ref":"362","status":"operational","opened_on":null,"expected_completion":null,"agency":"PMPML","source":"gtfs_pune_pmpml","confidence":0.7,"mode":"bus","tier":"secondary","geometry_source":"shape"},"geometry":{"type":"LineString","coordinates":[[73.8182,18.6224],[73.8195,18.6297],[73.8254,18.6309],[73.8276,18.6328],[73.8381,18.6213],[73.8377,18.6204],[73.8419,18.6196],[73.8453,18.6158],[73.847,18.6157],[73.8494,18.6172],[73.8512,18.6237],[73.86,18.6248],[73.8699,18.6298],[73.8747,18.6336],[73.8748,18.6377],[73.8792,18.6434],[73.8836,18.6524],[73.8873,18.6645],[73.8931,18.6734],[73.8971,18.6748]]}},{"type":"Feature","properties":{"id":"transit_route:gtfs_pune_pmpml:767","field":"public_transport","kind":"transit_route","name":"Alandi to Ycm Hospital (DOWN)","ref":"362","status":"operational","opened_on":null,"expected_completion":null,"agency":"PMPML","source":"gtfs_pune_pmpml","confidence":0.7,"mode":"bus","tier":"secondary","geometry_source":"shape"},"geometry":{"type":"LineString","coordinates":[[73.8971,18.6748],[73.8931,18.6733],[73.8874,18.6644],[73.8838,18.6524],[73.8789,18.6425],[73.875,18.6377],[73.8751,18.6334],[73.8699,18.6298],[73.86,18.6248],[73.8515,18.6232],[73.8508,18.6203],[73.8418,18.6196],[73.8373,18.6205],[73.8381,18.6213],[73.8276,18.6328],[73.8253,18.6308],[73.8196,18.6296],[73.8181,18.622]]}},{"type":"Feature","properties":{"id":"transit_route:gtfs_pune_pmpml:773","field":"public_transport","kind":"transit_route","name":"Samir Lawns Ravet to Pimpri Road (UP)","ref":"363","status":"operational","opened_on":null,"expected_completion":null,"agency":"PMPML","source":"gtfs_pune_pmpml","confidence":0.7,"mode":"bus","tier":"secondary","geometry_source":"shape"},"geometry":{"type":"LineString","coordinates":[[73.7343,18.6503],[73.7243,18.6537],[73.7206,18.6568],[73.7321,18.6607],[73.7279,18.6677],[73.731,18.6701],[73.7341,18.6751],[73.7326,18.676],[73.7334,18.6787],[73.7457,18.6782],[73.7626,18.6747],[73.7804,18.6562],[73.8057,18.6265],[73.8063,18.6271]]}},{"type":"Feature","properties":{"id":"transit_route:gtfs_pune_pmpml:777","field":"public_transport","kind":"transit_route","name":"Pimpri Road to Samir Lawns Ravet (DOWN)","ref":"363","status":"operational","opened_on":null,"expected_completion":null,"agency":"PMPML","source":"gtfs_pune_pmpml","confidence":0.7,"mode":"bus","tier":"secondary","geometry_source":"shape"},"geometry":{"type":"LineString","coordinates":[[73.8063,18.6271],[73.8055,18.6262],[73.7799,18.6565],[73.7626,18.6746],[73.7459,18.6781],[73.7333,18.6785],[73.7326,18.676],[73.7341,18.6751],[73.731,18.6701],[73.7279,18.6677],[73.7321,18.6607],[73.7369,18.6628],[73.7309,18.6598],[73.7347,18.6503],[73.7304,18.6601],[73.7206,18.6569],[73.7243,18.6537],[73.7344,18.6504]]}},{"type":"Feature","properties":{"id":"transit_route:gtfs_pune_pmpml:778","field":"public_transport","kind":"transit_route","name":"Chakan Ambethan Chowk to Alandi (UP)","ref":"364","status":"operational","opened_on":null,"expected_completion":null,"agency":"PMPML","source":"gtfs_pune_pmpml","confidence":0.7,"mode":"bus","tier":"secondary","geometry_source":"shape"},"geometry":{"type":"LineString","coordinates":[[73.8613,18.763],[73.8585,18.7586],[73.8601,18.7499],[73.859,18.7403],[73.8564,18.7319],[73.8597,18.7305],[73.8632,18.7207],[73.8716,18.7202],[73.8773,18.7135],[73.8814,18.7117],[73.8829,18.7081],[73.8813,18.705],[73.8878,18.6979],[73.895,18.6825],[73.8951,18.6783],[73.8926,18.6727],[73.8971,18.6748]]}},{"type":"Feature","properties":{"id":"transit_route:gtfs_pune_pmpml:779","field":"public_transport","kind":"transit_route","name":"Alandi to Chakan Ambethan Chowk (DOWN)","ref":"364","status":"operational","opened_on":null,"expected_completion":null,"agency":"PMPML","source":"gtfs_pune_pmpml","confidence":0.7,"mode":"bus","tier":"secondary","geometry_source":"shape"},"geometry":{"type":"LineString","coordinates":[[73.8971,18.6748],[73.8931,18.6734],[73.8951,18.6783],[73.8949,18.6826],[73.8878,18.6979],[73.8813,18.705],[73.8829,18.7081],[73.8814,18.7117],[73.8773,18.7135],[73.8716,18.7202],[73.8632,18.7207],[73.8597,18.7305],[73.8563,18.7319],[73.8589,18.7403],[73.8601,18.7507],[73.8585,18.7589],[73.8613,18.763]]}},{"type":"Feature","properties":{"id":"transit_route:gtfs_pune_pmpml:780","field":"public_transport","kind":"transit_route","name":"Nigdi Bhakti Shakti to Pune Station Depot (UP)","ref":"366","status":"operational","opened_on":null,"expected_completion":null,"agency":"PMPML","source":"gtfs_pune_pmpml","confidence":0.7,"mode":"bus","tier":"secondary","geometry_source":"shape"},"geometry":{"type":"LineString","coordinates":[[73.7711,18.6661],[73.8253,18.6037],[73.8296,18.5963],[73.8373,18.5719],[73.8484,18.5664],[73.8517,18.5638],[73.8543,18.5588],[73.8609,18.5562],[73.8785,18.544],[73.8845,18.545],[73.8856,18.5379],[73.8831,18.5354],[73.8796,18.5347],[73.8757,18.5308],[73.8764,18.5274]]}},{"type":"Feature","properties":{"id":"transit_route:gtfs_pune_pmpml:781","field":"public_transport","kind":"transit_route","name":"Pune Station Depot to Nigdi Bhakti Shakti (DOWN)","ref":"366","status":"operational","opened_on":null,"expected_completion":null,"agency":"PMPML","source":"gtfs_pune_pmpml","confidence":0.7,"mode":"bus","tier":"secondary","geometry_source":"shape"},"geometry":{"type":"LineString","coordinates":[[73.8764,18.5274],[73.8764,18.5234],[73.8711,18.5245],[73.8733,18.5281],[73.8762,18.5281],[73.8756,18.5308],[73.8841,18.5414],[73.8833,18.5448],[73.8785,18.5439],[73.8609,18.5561],[73.8543,18.5587],[73.8517,18.5638],[73.8484,18.5664],[73.8372,18.5719],[73.8326,18.5877],[73.8254,18.603],[73.771,18.6659]]}},{"type":"Feature","properties":{"id":"transit_route:gtfs_pune_pmpml:784","field":"public_transport","kind":"transit_route","name":"Mukai Chowk to Bhosari Gavhane Vasti (UP)","ref":"367","status":"operational","opened_on":null,"expected_completion":null,"agency":"PMPML","source":"gtfs_pune_pmpml","confidence":0.7,"mode":"bus","tier":"secondary","geometry_source":"shape"},"geometry":{"type":"LineString","coordinates":[[73.7323,18.6606],[73.7439,18.6449],[73.7524,18.6432],[73.7566,18.6442],[73.7629,18.6506],[73.765,18.6488],[73.7672,18.6508],[73.7674,18.6508],[73.7636,18.6548],[73.7606,18.6542],[73.7599,18.6558],[73.7644,18.6602],[73.764,18.6612],[73.7709,18.663],[73.7721,18.6643],[73.7716,18.6656],[73.7775,18.6593],[73.7865,18.6643],[73.797,18.6588],[73.8204,18.6433],[73.8419,18.6196],[73.849,18.6205]]}},{"type":"Feature","properties":{"id":"transit_route:gtfs_pune_pmpml:785","field":"public_transport","kind":"transit_route","name":"Mukai Chowk to Bhosari Gavhane Vasti (UP)","ref":"367M","status":"operational","opened_on":null,"expected_completion":null,"agency":"PMPML","source":"gtfs_pune_pmpml","confidence":0.7,"mode":"bus","tier":"secondary","geometry_source":"shape"},"geometry":{"type":"LineString","coordinates":[[73.7323,18.6606],[73.7439,18.6449],[73.7524,18.6432],[73.7566,18.6442],[73.7629,18.6506],[73.765,18.6488],[73.7672,18.6508],[73.7674,18.6508],[73.7636,18.6548],[73.7606,18.6542],[73.7599,18.6558],[73.7644,18.6602],[73.764,18.6612],[73.7709,18.663],[73.7721,18.6643],[73.7716,18.6656],[73.7775,18.6593],[73.7865,18.6643],[73.797,18.6588],[73.8204,18.6433],[73.8419,18.6196],[73.849,18.6205]]}},{"type":"Feature","properties":{"id":"transit_route:gtfs_pune_pmpml:786","field":"public_transport","kind":"transit_route","name":"Bhosari Gavhane Vasti to Mukai Chowk (DOWN)","ref":"367M","status":"operational","opened_on":null,"expected_completion":null,"agency":"PMPML","source":"gtfs_pune_pmpml","confidence":0.7,"mode":"bus","tier":"secondary","geometry_source":"shape"},"geometry":{"type":"LineString","coordinates":[[73.849,18.6205],[73.8418,18.6196],[73.8203,18.6432],[73.7869,18.6641],[73.7774,18.659],[73.7727,18.6639],[73.7642,18.661],[73.7599,18.6558],[73.7606,18.6542],[73.7637,18.6549],[73.7674,18.6508],[73.7651,18.6487],[73.763,18.6504],[73.7567,18.6442],[73.7529,18.6432],[73.744,18.6447],[73.7318,18.6604]]}},{"type":"Feature","properties":{"id":"transit_route:gtfs_pune_pmpml:787","field":"public_transport","kind":"transit_route","name":"Bhosari Gavhane Vasti to Mukai Chowk (DOWN)","ref":"367","status":"operational","opened_on":null,"expected_completion":null,"agency":"PMPML","source":"gtfs_pune_pmpml","confidence":0.7,"mode":"bus","tier":"secondary","geometry_source":"shape"},"geometry":{"type":"LineString","coordinates":[[73.849,18.6205],[73.8418,18.6196],[73.8203,18.6432],[73.7869,18.6641],[73.7774,18.659],[73.7727,18.6639],[73.7642,18.661],[73.7599,18.6558],[73.7606,18.6542],[73.7637,18.6549],[73.7674,18.6508],[73.7651,18.6487],[73.763,18.6504],[73.7567,18.6442],[73.7529,18.6432],[73.744,18.6447],[73.7318,18.6604]]}},{"type":"Feature","properties":{"id":"transit_route:gtfs_pune_pmpml:788","field":"public_transport","kind":"transit_route","name":"Lonavala Railway Station to Nigdi Pawale Chowk (UP)","ref":"368","status":"operational","opened_on":null,"expected_completion":null,"agency":"PMPML","source":"gtfs_pune_pmpml","confidence":0.7,"mode":"bus","tier":"secondary","geometry_source":"shape"},"geometry":{"type":"LineString","coordinates":[[73.4081,18.7529],[73.4066,18.7545],[73.4212,18.7608],[73.4328,18.7589],[73.4518,18.7619],[73.4614,18.7602],[73.4735,18.7603],[73.5038,18.7675],[73.5219,18.7561],[73.5275,18.7561],[73.544,18.7644],[73.5477,18.762],[73.5498,18.7581],[73.5603,18.7623],[73.5775,18.7576],[73.5979,18.7566],[73.625,18.7479],[73.6299,18.7448],[73.6354,18.7385],[73.6449,18.7357],[73.6539,18.7283],[73.659,18.7294],[73.6647,18.733],[73.6738,18.7327],[73.6844,18.7216],[73.6753,18.7152],[73.6898,18.7011],[73.7076,18.6972],[73.7205,18.687],[73.7287,18.6839],[73.7342,18.6784],[73.7457,18.6782],[73.763,18.6745],[73.7772,18.6598]]}},{"type":"Feature","properties":{"id":"transit_route:gtfs_pune_pmpml:789","field":"public_transport","kind":"transit_route","name":"Nigdi Pawale Chowk to Lonavala Railway Station (DOWN)","ref":"368","status":"operational","opened_on":null,"expected_completion":null,"agency":"PMPML","source":"gtfs_pune_pmpml","confidence":0.7,"mode":"bus","tier":"secondary","geometry_source":"shape"},"geometry":{"type":"LineString","coordinates":[[73.7772,18.6598],[73.763,18.6744],[73.7459,18.6781],[73.7342,18.6782],[73.7286,18.6839],[73.7205,18.6869],[73.7078,18.697],[73.6896,18.701],[73.6752,18.7151],[73.6844,18.7216],[73.6738,18.7327],[73.6647,18.733],[73.659,18.7294],[73.654,18.728],[73.6449,18.7356],[73.6353,18.7384],[73.6326,18.7405],[73.6311,18.7438],[73.6253,18.7476],[73.5979,18.7565],[73.577,18.7575],[73.5603,18.7623],[73.5497,18.758],[73.5477,18.762],[73.544,18.7643],[73.5275,18.756],[73.5219,18.756],[73.5038,18.7674],[73.4738,18.7603],[73.4614,18.7601],[73.4518,18.7618],[73.4329,18.7588],[73.4212,18.7608],[73.4085,18.7554],[73.4081,18.7529]]}},{"type":"Feature","properties":{"id":"transit_route:gtfs_pune_pmpml:792","field":"public_transport","kind":"transit_route","name":"Bhamchandra Vidhyalay Vasuli to Nigdi Tilak Chowk (UP)","ref":"369","status":"operational","opened_on":null,"expected_completion":null,"agency":"PMPML","source":"gtfs_pune_pmpml","confidence":0.7,"mode":"bus","tier":"secondary","geometry_source":"shape"},"geometry":{"type":"LineString","coordinates":[[73.7671,18.7942],[73.7708,18.7908],[73.7716,18.7873],[73.7762,18.7872],[73.7772,18.7857],[73.7747,18.7654],[73.7763,18.7598],[73.7761,18.7549],[73.7875,18.748],[73.7887,18.7462],[73.7963,18.7531],[73.8057,18.7547],[73.8064,18.7482],[73.807,18.7397],[73.8014,18.7373],[73.7959,18.7252],[73.7978,18.7122],[73.7937,18.7071],[73.7934,18.705],[73.7905,18.7046],[73.79,18.7038],[73.79,18.7037],[73.789,18.702],[73.7881,18.7006],[73.788,18.7007],[73.792,18.6967],[73.7856,18.6684],[73.7869,18.6642],[73.7891,18.6631],[73.7866,18.6642],[73.7777,18.6593]]}},{"type":"Feature","properties":{"id":"transit_route:gtfs_pune_pmpml:793","field":"public_transport","kind":"transit_route","name":"Nigdi Tilak Chowk to Bhamchandra Vidhyalay Vasuli (DOWN)","ref":"369","status":"operational","opened_on":null,"expected_completion":null,"agency":"PMPML","source":"gtfs_pune_pmpml","confidence":0.7,"mode":"bus","tier":"secondary","geometry_source":"shape"},"geometry":{"type":"LineString","coordinates":[[73.7777,18.6594],[73.7865,18.6643],[73.7891,18.6631],[73.7865,18.6642],[73.7865,18.6643],[73.7866,18.6645],[73.7867,18.6647],[73.7867,18.6652],[73.7862,18.6677],[73.7854,18.6683],[73.7918,18.6966],[73.788,18.7007],[73.7902,18.7062],[73.7936,18.7071],[73.7977,18.7123],[73.7959,18.7253],[73.8013,18.7374],[73.8068,18.7401],[73.8067,18.7431],[73.7946,18.7426],[73.776,18.7549],[73.7762,18.7596],[73.7746,18.7654],[73.7771,18.7857],[73.7761,18.7872],[73.7716,18.7873],[73.7708,18.7908],[73.7671,18.7941]]}},{"type":"Feature","properties":{"id":"transit_route:gtfs_pune_pmpml:798","field":"public_transport","kind":"transit_route","name":"Davdigaon to Bhosari Chakan Road (UP)","ref":"370","status":"operational","opened_on":null,"expected_completion":null,"agency":"PMPML","source":"gtfs_pune_pmpml","confidence":0.7,"mode":"bus","tier":"secondary","geometry_source":"shape"},"geometry":{"type":"LineString","coordinates":[[73.9591,18.7884],[73.9538,18.7904],[73.9506,18.7881],[73.9436,18.7897],[73.9392,18.7893],[73.9293,18.7948],[73.9299,18.7969],[73.9269,18.8011],[73.9078,18.8161],[73.8993,18.8319],[73.8978,18.836],[73.8979,18.8413],[73.8911,18.8473],[73.8877,18.8534],[73.8873,18.8503],[73.8826,18.8458],[73.8775,18.8325],[73.8735,18.8081],[73.8675,18.7932],[73.8683,18.7896],[73.8725,18.784],[73.8723,18.7804],[73.8664,18.7685],[73.8587,18.7594],[73.8602,18.7507],[73.859,18.7403],[73.8561,18.7309],[73.8484,18.7148],[73.8476,18.6946],[73.8462,18.6911],[73.8472,18.6835],[73.8499,18.678],[73.8484,18.671],[73.8484,18.66],[73.8508,18.6485],[73.8498,18.6342],[73.8524,18.6274],[73.8516,18.624]]}},{"type":"Feature","properties":{"id":"transit_route:gtfs_pune_pmpml:799","field":"public_transport","kind":"transit_route","name":"Bhosari Chakan Road to Davdigaon (DOWN)","ref":"370","status":"operational","opened_on":null,"expected_completion":null,"agency":"PMPML","source":"gtfs_pune_pmpml","confidence":0.7,"mode":"bus","tier":"secondary","geometry_source":"shape"},"geometry":{"type":"LineString","coordinates":[[73.8512,18.6238],[73.8521,18.6272],[73.8497,18.6341],[73.8507,18.6484],[73.8484,18.66],[73.8484,18.6717],[73.8498,18.6778],[73.8471,18.6835],[73.8461,18.6913],[73.8475,18.695],[73.8483,18.7148],[73.856,18.731],[73.8589,18.7403],[73.8601,18.7509],[73.8586,18.7595],[73.8628,18.7657],[73.8663,18.7686],[73.8722,18.7805],[73.8724,18.7839],[73.8682,18.7896],[73.8674,18.7932],[73.8734,18.8081],[73.8774,18.8325],[73.8826,18.8458],[73.8873,18.8503],[73.8877,18.8534],[73.8911,18.8473],[73.8979,18.8413],[73.8978,18.836],[73.8993,18.8319],[73.9078,18.8161],[73.9269,18.8011],[73.9299,18.7969],[73.9293,18.7948],[73.9392,18.7893],[73.9436,18.7897],[73.9506,18.7881],[73.9538,18.7904],[73.9591,18.7884]]}},{"type":"Feature","properties":{"id":"transit_route:gtfs_pune_pmpml:800","field":"public_transport","kind":"transit_route","name":"Takve Bhoyregaon to Nigdi Pawale Chowk (UP)","ref":"371","status":"operational","opened_on":null,"expected_completion":null,"agency":"PMPML","source":"gtfs_pune_pmpml","confidence":0.7,"mode":"bus","tier":"secondary","geometry_source":"shape"},"geometry":{"type":"LineString","coordinates":[[73.5961,18.8645],[73.597,18.8634],[73.6005,18.8632],[73.6022,18.8605],[73.6006,18.8554],[73.6039,18.85],[73.6001,18.8405],[73.6039,18.8357],[73.6067,18.8343],[73.6064,18.8289],[73.6083,18.83],[73.6064,18.823],[73.6064,18.8157],[73.605,18.8143],[73.6091,18.8053],[73.604,18.7976],[73.605,18.7872],[73.604,18.7826],[73.608,18.7762],[73.6069,18.7677],[73.6035,18.7638],[73.6063,18.7666],[73.6067,18.7673],[73.6069,18.7677],[73.607,18.7683],[73.607,18.7681],[73.6069,18.7677],[73.6067,18.7673],[73.6066,18.767],[73.6063,18.7666],[73.6052,18.7654],[73.6035,18.7638],[73.5967,18.7618],[73.5941,18.7572],[73.625,18.7479],[73.6299,18.7448],[73.6354,18.7385],[73.6449,18.7357],[73.6539,18.7283],[73.659,18.7294],[73.6647,18.733],[73.6738,18.7327],[73.6844,18.7216],[73.6753,18.7152],[73.6898,18.7011],[73.7087,18.6966],[73.7205,18.687],[73.7289,18.6838],[73.7334,18.6787],[73.7333,18.6782],[73.7353,18.6768],[73.7341,18.6751],[73.7326,18.676],[73.7334,18.6787],[73.7403,18.6789],[73.763,18.6745],[73.7772,18.6598]]}},{"type":"Feature","properties":{"id":"transit_route:gtfs_pune_pmpml:801","field":"public_transport","kind":"transit_route","name":"Nigdi Pawale Chowk to Takve Bhoyregaon (DOWN)","ref":"371","status":"operational","opened_on":null,"expected_completion":null,"agency":"PMPML","source":"gtfs_pune_pmpml","confidence":0.7,"mode":"bus","tier":"secondary","geometry_source":"shape"},"geometry":{"type":"LineString","coordinates":[[73.7772,18.6598],[73.763,18.6744],[73.7459,18.6781],[73.7342,18.6782],[73.7286,18.6839],[73.7205,18.6869],[73.7078,18.697],[73.6896,18.701],[73.6752,18.7151],[73.6844,18.7216],[73.6738,18.7327],[73.6647,18.733],[73.659,18.7294],[73.654,18.728],[73.6449,18.7356],[73.6353,18.7384],[73.6326,18.7405],[73.6311,18.7438],[73.625,18.7478],[73.594,18.7571],[73.5967,18.7618],[73.6035,18.7638],[73.6069,18.7677],[73.608,18.7762],[73.604,18.7826],[73.605,18.7872],[73.604,18.7976],[73.6091,18.8053],[73.605,18.8143],[73.6064,18.8157],[73.6064,18.823],[73.6083,18.83],[73.6064,18.8289],[73.6067,18.8343],[73.6039,18.8357],[73.6001,18.8405],[73.6039,18.85],[73.6006,18.8554],[73.6022,18.8605],[73.6005,18.8632],[73.597,18.8634],[73.5961,18.8645]]}},{"type":"Feature","properties":{"id":"transit_route:gtfs_pune_pmpml:804","field":"public_transport","kind":"transit_route","name":"Megapolis Phase 3 to Nigdi Bhakti Shakti Stand (UP)","ref":"372","status":"operational","opened_on":null,"expected_completion":null,"agency":"PMPML","source":"gtfs_pune_pmpml","confidence":0.7,"mode":"bus","tier":"secondary","geometry_source":"shape"},"geometry":{"type":"LineString","coordinates":[[73.6821,18.5768],[73.6879,18.5778],[73.6873,18.5829],[73.693,18.5833],[73.7047,18.5887],[73.7078,18.5936],[73.7134,18.5961],[73.7187,18.5971],[73.7227,18.5947],[73.7354,18.5939],[73.7389,18.5913],[73.7399,18.5956],[73.7422,18.598],[73.7435,18.5989],[73.744,18.5993],[73.7447,18.5998],[73.7448,18.5997],[73.7431,18.5986],[73.744,18.5993],[73.7446,18.5998],[73.7446,18.5999],[73.7434,18.602],[73.7438,18.602],[73.744,18.6022],[73.7447,18.6025],[73.7453,18.6028],[73.7458,18.6006],[73.7447,18.5998],[73.7434,18.602],[73.7466,18.6035],[73.7506,18.6041],[73.7618,18.6121],[73.7753,18.6242],[73.7752,18.6289],[73.7776,18.6311],[73.7814,18.6297],[73.7852,18.6501],[73.7717,18.6652]]}},{"type":"Feature","properties":{"id":"transit_route:gtfs_pune_pmpml:805","field":"public_transport","kind":"transit_route","name":"Megapolis Phase 3 to Nigdi Bhakti Shakti Stand (UP)","ref":"372M","status":"operational","opened_on":null,"expected_completion":null,"agency":"PMPML","source":"gtfs_pune_pmpml","confidence":0.7,"mode":"bus","tier":"secondary","geometry_source":"shape"},"geometry":{"type":"LineString","coordinates":[[73.6821,18.5768],[73.6879,18.5778],[73.6873,18.5829],[73.693,18.5833],[73.7047,18.5887],[73.7078,18.5936],[73.7134,18.5961],[73.7187,18.5971],[73.7227,18.5947],[73.7354,18.5939],[73.7389,18.5913],[73.7399,18.5956],[73.7422,18.598],[73.7435,18.5989],[73.744,18.5993],[73.7447,18.5998],[73.7448,18.5997],[73.7431,18.5986],[73.744,18.5993],[73.7446,18.5998],[73.7446,18.5999],[73.7434,18.602],[73.7438,18.602],[73.744,18.6022],[73.7447,18.6025],[73.7453,18.6028],[73.7458,18.6006],[73.7447,18.5998],[73.7434,18.602],[73.7466,18.6035],[73.7506,18.6041],[73.7631,18.6132],[73.7753,18.6242],[73.7752,18.6289],[73.7776,18.6311],[73.7814,18.6297],[73.7852,18.6501],[73.7717,18.6652]]}},{"type":"Feature","properties":{"id":"transit_route:gtfs_pune_pmpml:806","field":"public_transport","kind":"transit_route","name":"Nigdi Bhakti Shakti Stand to Megapolis Phase 3 (DOWN)","ref":"372M","status":"operational","opened_on":null,"expected_completion":null,"agency":"PMPML","source":"gtfs_pune_pmpml","confidence":0.7,"mode":"bus","tier":"secondary","geometry_source":"shape"},"geometry":{"type":"LineString","coordinates":[[73.7718,18.6654],[73.7681,18.6638],[73.7682,18.6625],[73.7729,18.6645],[73.7855,18.6503],[73.7812,18.6317],[73.7817,18.6295],[73.7777,18.631],[73.7754,18.6288],[73.775,18.6238],[73.7559,18.6071],[73.742,18.5978],[73.7398,18.5954],[73.7386,18.5901],[73.7364,18.5866],[73.7334,18.5859],[73.7322,18.594],[73.7227,18.5945],[73.7191,18.5969],[73.7134,18.596],[73.7081,18.5935],[73.7047,18.5886],[73.6935,18.5832],[73.688,18.5822],[73.6884,18.5773],[73.6821,18.5768]]}},{"type":"Feature","properties":{"id":"transit_route:gtfs_pune_pmpml:807","field":"public_transport","kind":"transit_route","name":"Nigdi Bhakti Shakti Stand to Megapolis Phase 3 (DOWN)","ref":"372","status":"operational","opened_on":null,"expected_completion":null,"agency":"PMPML","source":"gtfs_pune_pmpml","confidence":0.7,"mode":"bus","tier":"secondary","geometry_source":"shape"},"geometry":{"type":"LineString","coordinates":[[73.7718,18.6654],[73.7855,18.6503],[73.7812,18.6317],[73.7817,18.6295],[73.7777,18.631],[73.7754,18.6288],[73.775,18.6238],[73.7559,18.6071],[73.742,18.5978],[73.7398,18.5954],[73.7386,18.5901],[73.7364,18.5866],[73.7334,18.5859],[73.7322,18.594],[73.7227,18.5945],[73.7191,18.5969],[73.7134,18.596],[73.7081,18.5935],[73.7047,18.5886],[73.6935,18.5832],[73.688,18.5822],[73.6884,18.5773],[73.6821,18.5768]]}},{"type":"Feature","properties":{"id":"transit_route:gtfs_pune_pmpml:810","field":"public_transport","kind":"transit_route","name":"Neilsoft Company infosys Phase 3 to Sangvi Vasantdada Putala (UP)","ref":"373","status":"operational","opened_on":null,"expected_completion":null,"agency":"PMPML","source":"gtfs_pune_pmpml","confidence":0.7,"mode":"bus","tier":"secondary","geometry_source":"shape"},"geometry":{"type":"LineString","coordinates":[[73.6767,18.588],[73.6795,18.5901],[73.6868,18.5916],[73.6923,18.5976],[73.6901,18.5941],[73.6904,18.5916],[73.6919,18.5916],[73.6924,18.5878],[73.6929,18.5862],[73.6934,18.585],[73.6937,18.584],[73.6938,18.5837],[73.6939,18.5836],[73.694,18.5835],[73.6935,18.5832],[73.688,18.5822],[73.6882,18.5772],[73.6873,18.5829],[73.693,18.5833],[73.6936,18.5837],[73.6937,18.5837],[73.6938,18.5837],[73.6939,18.5837],[73.6942,18.5838],[73.6954,18.5844],[73.698,18.5861],[73.7047,18.5887],[73.7078,18.5936],[73.7134,18.5961],[73.7187,18.5971],[73.7227,18.5947],[73.7352,18.5939],[73.7412,18.591],[73.7512,18.5909],[73.7611,18.5925],[73.7733,18.5902],[73.7741,18.5975],[73.7745,18.5987],[73.7771,18.6036],[73.7765,18.6025],[73.777,18.6035],[73.7771,18.6036],[73.7786,18.6024],[73.785,18.5925],[73.7903,18.5974],[73.7947,18.5968],[73.7979,18.5983],[73.8043,18.5975],[73.8073,18.5992],[73.8118,18.5995],[73.8171,18.6025],[73.8174,18.5954],[73.8193,18.5927],[73.817,18.5909],[73.8154,18.5754],[73.8199,18.5762],[73.8244,18.5746],[73.8257,18.5752]]}},{"type":"Feature","properties":{"id":"transit_route:gtfs_pune_pmpml:812","field":"public_transport","kind":"transit_route","name":"Sangvi Vasantdada Putala to Neilsoft Company infosys Phase 3 (DOWN)","ref":"373","status":"operational","opened_on":null,"expected_completion":null,"agency":"PMPML","source":"gtfs_pune_pmpml","confidence":0.7,"mode":"bus","tier":"secondary","geometry_source":"shape"},"geometry":{"type":"LineString","coordinates":[[73.8257,18.5752],[73.82,18.5761],[73.8153,18.5753],[73.8167,18.5893],[73.8156,18.5906],[73.8193,18.5927],[73.8174,18.5954],[73.8171,18.6025],[73.8119,18.5994],[73.8073,18.599],[73.8045,18.5974],[73.7977,18.5982],[73.7947,18.5968],[73.7903,18.5971],[73.7851,18.592],[73.7771,18.6033],[73.7742,18.5979],[73.7734,18.5899],[73.7689,18.59],[73.7611,18.5924],[73.751,18.5907],[73.7389,18.5912],[73.7366,18.5867],[73.7337,18.5858],[73.7322,18.594],[73.7227,18.5945],[73.7191,18.5969],[73.7127,18.5958],[73.7083,18.5937],[73.7047,18.5886],[73.6935,18.5832],[73.687,18.5825],[73.6935,18.5837],[73.6918,18.5914],[73.6904,18.5915],[73.69,18.5941],[73.69,18.5943],[73.6899,18.5944],[73.6898,18.5945],[73.6898,18.5946],[73.6923,18.5976],[73.6869,18.5916],[73.6887,18.5913],[73.6801,18.5902],[73.6767,18.588]]}},{"type":"Feature","properties":{"id":"transit_route:gtfs_pune_pmpml:813","field":"public_transport","kind":"transit_route","name":"Gahunjegaon to Nigdi Pawale Chowk (UP)","ref":"374A","status":"operational","opened_on":null,"expected_completion":null,"agency":"PMPML","source":"gtfs_pune_pmpml","confidence":0.7,"mode":"bus","tier":"secondary","geometry_source":"shape"},"geometry":{"type":"LineString","coordinates":[[73.7021,18.6675],[73.7042,18.6694],[73.7048,18.6692],[73.705,18.6692],[73.7057,18.6696],[73.7064,18.6701],[73.7057,18.6706],[73.7055,18.6696],[73.7067,18.6683],[73.7096,18.6652],[73.7115,18.664],[73.7118,18.6717],[73.7162,18.6723],[73.7166,18.6732],[73.7184,18.6743],[73.7194,18.6744],[73.7196,18.6745],[73.7221,18.6767],[73.7237,18.6777],[73.7242,18.678],[73.7247,18.6787],[73.7254,18.6794],[73.7256,18.6795],[73.7258,18.6796],[73.7282,18.6806],[73.7286,18.6808],[73.7296,18.681],[73.7307,18.6818],[73.7346,18.6783],[73.7403,18.6789],[73.7457,18.6782],[73.7465,18.6781],[73.7516,18.6771],[73.7522,18.677],[73.7539,18.6766],[73.7553,18.6763],[73.7594,18.6755],[73.7599,18.6754],[73.7626,18.6747],[73.7633,18.6744],[73.7696,18.6676],[73.7713,18.6658],[73.7731,18.6638],[73.7804,18.6562],[73.8253,18.6035],[73.8263,18.6019],[73.8326,18.5881],[73.8373,18.5719],[73.8445,18.5685],[73.8476,18.5669],[73.8484,18.5664],[73.8517,18.5638],[73.8543,18.5588],[73.8609,18.5562],[73.8785,18.544],[73.8795,18.5438],[73.8831,18.5451],[73.8897,18.5462],[73.8939,18.5505],[73.8962,18.5522],[73.9057,18.5551],[73.911,18.5586],[73.9182,18.561],[73.9242,18.5626],[73.9322,18.5633],[73.9348,18.5634],[73.9387,18.5622],[73.9372,18.5507],[73.946,18.5484],[73.937,18.5507],[73.9385,18.5621],[73.9328,18.5632],[73.918,18.5607],[73.9111,18.5584],[73.9063,18.5552],[73.8965,18.5521],[73.8898,18.546],[73.8848,18.5449],[73.8851,18.5414],[73.8841,18.5414],[73.8831,18.545],[73.8795,18.5437],[73.8785,18.5439],[73.8609,18.5561],[73.8543,18.5587],[73.8517,18.5638],[73.8512,18.5643],[73.8484,18.5664],[73.8372,18.5719],[73.8326,18.5876],[73.8255,18.603],[73.7802,18.6562],[73.7633,18.6742],[73.7459,18.6781],[73.7346,18.6781],[73.7333,18.6785],[73.7326,18.679],[73.7305,18.6816],[73.7296,18.681],[73.7295,18.6809],[73.7257,18.6795],[73.7242,18.678],[73.7237,18.6777],[73.7222,18.6768],[73.7221,18.6767],[73.7212,18.6759],[73.7203,18.6751],[73.7201,18.6749],[73.7196,18.6745],[73.7195,18.6745],[73.7194,18.6744],[73.7192,18.6744],[73.7184,18.6743],[73.7174,18.6736],[73.7181,18.6736],[73.7184,18.6743],[73.7192,18.6744],[73.7194,18.6744],[73.7195,18.6745],[73.7196,18.6745],[73.7242,18.678],[73.7256,18.6795],[73.7296,18.681],[73.7305,18.6816],[73.7307,18.6818],[73.7334,18.6787],[73.7333,18.6785],[73.7333,18.6782],[73.7353,18.6768],[73.7341,18.6751],[73.7326,18.676],[73.7332,18.6778],[73.7333,18.6785],[73.7334,18.6787],[73.7346,18.6783],[73.7358,18.6782],[73.7403,18.6789],[73.7465,18.6781],[73.7525,18.6769],[73.7539,18.6766],[73.759,18.6756],[73.7599,18.6754],[73.7604,18.6753],[73.7619,18.6749],[73.7626,18.6747],[73.7628,18.6746],[73.7633,18.6744],[73.7634,18.6742],[73.7772,18.6598]]}},{"type":"Feature","properties":{"id":"transit_route:gtfs_pune_pmpml:814","field":"public_transport","kind":"transit_route","name":"Nigdi Pawale Chowk to Gahunjegaon (DOWN)","ref":"374A","status":"operational","opened_on":null,"expected_completion":null,"agency":"PMPML","source":"gtfs_pune_pmpml","confidence":0.7,"mode":"bus","tier":"secondary","geometry_source":"shape"},"geometry":{"type":"LineString","coordinates":[[73.7772,18.6598],[73.7776,18.6592],[73.7774,18.659],[73.7633,18.6742],[73.7602,18.6753],[73.7404,18.6788],[73.7376,18.6785],[73.7352,18.678],[73.7333,18.6785],[73.7353,18.6768],[73.7341,18.6751],[73.7326,18.676],[73.7333,18.6785],[73.7321,18.6794],[73.7319,18.6797],[73.7315,18.6803],[73.7314,18.6805],[73.7305,18.6816],[73.7296,18.681],[73.7295,18.6809],[73.7294,18.6809],[73.7284,18.6806],[73.7275,18.6803],[73.7257,18.6795],[73.7242,18.678],[73.7237,18.6777],[73.7221,18.6767],[73.7196,18.6745],[73.7194,18.6744],[73.7184,18.6743],[73.7174,18.6736],[73.7256,18.6795],[73.7307,18.6818],[73.7346,18.6783],[73.7403,18.6789],[73.7457,18.6782],[73.7599,18.6754],[73.7626,18.6747],[73.7633,18.6744],[73.7731,18.6638],[73.7741,18.6628],[73.7764,18.6603],[73.7796,18.657],[73.7804,18.6562],[73.8253,18.6035],[73.8263,18.6019],[73.8326,18.5881],[73.8373,18.5719],[73.8445,18.5685],[73.8476,18.5669],[73.8484,18.5664],[73.8517,18.5638],[73.8543,18.5588],[73.8609,18.5562],[73.8785,18.544],[73.8795,18.5438],[73.8831,18.5451],[73.8895,18.5461],[73.8939,18.5505],[73.8965,18.5523],[73.9057,18.5551],[73.911,18.5586],[73.9182,18.561],[73.9247,18.5627],[73.9345,18.5634],[73.9387,18.5622],[73.9383,18.5586],[73.9381,18.5577],[73.9377,18.5551],[73.9408,18.5554],[73.9406,18.5574],[73.9387,18.5576],[73.9381,18.5577],[73.938,18.5577],[73.9385,18.5621],[73.935,18.5633],[73.9247,18.5625],[73.9115,18.5585],[73.9063,18.5552],[73.8963,18.552],[73.8898,18.546],[73.8848,18.5449],[73.8851,18.5414],[73.8841,18.5414],[73.8831,18.545],[73.8815,18.5442],[73.8795,18.5437],[73.8787,18.5437],[73.8609,18.5561],[73.8543,18.5587],[73.8517,18.5638],[73.8512,18.5643],[73.8484,18.5664],[73.8372,18.5719],[73.8326,18.5876],[73.8255,18.603],[73.7802,18.6562],[73.7797,18.6568],[73.7763,18.6603],[73.773,18.6638],[73.7714,18.6656],[73.7691,18.668],[73.7639,18.6736],[73.7633,18.6742],[73.7631,18.6744],[73.7606,18.6752],[73.7602,18.6753],[73.7594,18.6754],[73.7459,18.6781],[73.7404,18.6788],[73.7357,18.678],[73.7352,18.678],[73.7346,18.6781],[73.7333,18.6785],[73.7326,18.679],[73.7321,18.6794],[73.7319,18.6797],[73.7314,18.6805],[73.731,18.6809],[73.7305,18.6816],[73.7257,18.6795],[73.7247,18.6787],[73.7242,18.678],[73.7196,18.6745],[73.7195,18.6745],[73.7194,18.6744],[73.7184,18.6743],[73.7181,18.6736],[73.7166,18.6732],[73.7162,18.6723],[73.7136,18.6727],[73.7072,18.6706],[73.7022,18.6675]]}},{"type":"Feature","properties":{"id":"transit_route:gtfs_pune_pmpml:815","field":"public_transport","kind":"transit_route","name":"Virbaba Chowk Sai Nagar to Nigdi Pawale Chowk (UP)","ref":"374","status":"operational","opened_on":null,"expected_completion":null,"agency":"PMPML","source":"gtfs_pune_pmpml","confidence":0.7,"mode":"bus","tier":"secondary","geometry_source":"shape"},"geometry":{"type":"LineString","coordinates":[[73.7143,18.6832],[73.7145,18.6822],[73.7121,18.681],[73.7113,18.6715],[73.7136,18.6727],[73.7162,18.6723],[73.7166,18.6732],[73.7184,18.6743],[73.7194,18.6744],[73.7196,18.6745],[73.7221,18.6767],[73.7237,18.6777],[73.7242,18.678],[73.7247,18.6787],[73.7254,18.6794],[73.7256,18.6795],[73.7258,18.6796],[73.7282,18.6806],[73.7286,18.6808],[73.7296,18.681],[73.7307,18.6818],[73.7346,18.6783],[73.7403,18.6789],[73.7457,18.6782],[73.7465,18.6781],[73.7516,18.6771],[73.7522,18.677],[73.7539,18.6766],[73.7553,18.6763],[73.7594,18.6755],[73.7599,18.6754],[73.7626,18.6747],[73.7633,18.6744],[73.7696,18.6676],[73.7713,18.6658],[73.7731,18.6638],[73.7804,18.6562],[73.8253,18.6035],[73.8263,18.6019],[73.8326,18.5881],[73.8373,18.5719],[73.8445,18.5685],[73.8476,18.5669],[73.8484,18.5664],[73.8517,18.5638],[73.8543,18.5588],[73.8609,18.5562],[73.8785,18.544],[73.8795,18.5438],[73.8831,18.5451],[73.8897,18.5462],[73.8939,18.5505],[73.8962,18.5522],[73.9057,18.5551],[73.911,18.5586],[73.9182,18.561],[73.9242,18.5626],[73.9322,18.5633],[73.9348,18.5634],[73.9387,18.5622],[73.9372,18.5507],[73.946,18.5484],[73.937,18.5507],[73.9385,18.5621],[73.9328,18.5632],[73.918,18.5607],[73.9111,18.5584],[73.9063,18.5552],[73.8965,18.5521],[73.8898,18.546],[73.8848,18.5449],[73.8851,18.5414],[73.8841,18.5414],[73.8831,18.545],[73.8795,18.5437],[73.8785,18.5439],[73.8609,18.5561],[73.8543,18.5587],[73.8517,18.5638],[73.8512,18.5643],[73.8484,18.5664],[73.8372,18.5719],[73.8326,18.5876],[73.8255,18.603],[73.7802,18.6562],[73.7633,18.6742],[73.7459,18.6781],[73.7346,18.6781],[73.7333,18.6785],[73.7326,18.679],[73.7305,18.6816],[73.7296,18.681],[73.7295,18.6809],[73.7257,18.6795],[73.7242,18.678],[73.7237,18.6777],[73.7222,18.6768],[73.7221,18.6767],[73.7212,18.6759],[73.7203,18.6751],[73.7201,18.6749],[73.7196,18.6745],[73.7195,18.6745],[73.7194,18.6744],[73.7192,18.6744],[73.7184,18.6743],[73.7174,18.6736],[73.7181,18.6736],[73.7184,18.6743],[73.7192,18.6744],[73.7194,18.6744],[73.7195,18.6745],[73.7196,18.6745],[73.7242,18.678],[73.7256,18.6795],[73.7296,18.681],[73.7305,18.6816],[73.7307,18.6818],[73.7334,18.6787],[73.7333,18.6785],[73.7333,18.6782],[73.7353,18.6768],[73.7341,18.6751],[73.7326,18.676],[73.7332,18.6778],[73.7333,18.6785],[73.7334,18.6787],[73.7346,18.6783],[73.7358,18.6782],[73.7403,18.6789],[73.7465,18.6781],[73.7525,18.6769],[73.7539,18.6766],[73.759,18.6756],[73.7599,18.6754],[73.7604,18.6753],[73.7619,18.6749],[73.7626,18.6747],[73.7628,18.6746],[73.7633,18.6744],[73.7634,18.6742],[73.7772,18.6598]]}},{"type":"Feature","properties":{"id":"transit_route:gtfs_pune_pmpml:816","field":"public_transport","kind":"transit_route","name":"Nigdi Pawale Chowk to Virbaba Chowk Sai Nagar (DOWN)","ref":"374","status":"operational","opened_on":null,"expected_completion":null,"agency":"PMPML","source":"gtfs_pune_pmpml","confidence":0.7,"mode":"bus","tier":"secondary","geometry_source":"shape"},"geometry":{"type":"LineString","coordinates":[[73.7772,18.6598],[73.7776,18.6592],[73.7774,18.659],[73.7633,18.6742],[73.7602,18.6753],[73.7404,18.6788],[73.7376,18.6785],[73.7352,18.678],[73.7333,18.6785],[73.7353,18.6768],[73.7341,18.6751],[73.7326,18.676],[73.7333,18.6785],[73.7321,18.6794],[73.7319,18.6797],[73.7315,18.6803],[73.7314,18.6805],[73.7305,18.6816],[73.7296,18.681],[73.7295,18.6809],[73.7294,18.6809],[73.7284,18.6806],[73.7275,18.6803],[73.7257,18.6795],[73.7242,18.678],[73.7237,18.6777],[73.7221,18.6767],[73.7196,18.6745],[73.7194,18.6744],[73.7184,18.6743],[73.7174,18.6736],[73.7256,18.6795],[73.7307,18.6818],[73.7346,18.6783],[73.7403,18.6789],[73.7457,18.6782],[73.7599,18.6754],[73.7626,18.6747],[73.7633,18.6744],[73.7731,18.6638],[73.7741,18.6628],[73.7764,18.6603],[73.7796,18.657],[73.7804,18.6562],[73.8253,18.6035],[73.8263,18.6019],[73.8326,18.5881],[73.8373,18.5719],[73.8445,18.5685],[73.8476,18.5669],[73.8484,18.5664],[73.8517,18.5638],[73.8543,18.5588],[73.8609,18.5562],[73.8785,18.544],[73.8795,18.5438],[73.8831,18.5451],[73.8895,18.5461],[73.8939,18.5505],[73.8965,18.5523],[73.9057,18.5551],[73.911,18.5586],[73.9182,18.561],[73.9247,18.5627],[73.9345,18.5634],[73.9387,18.5622],[73.9383,18.5586],[73.9381,18.5577],[73.9377,18.5551],[73.9408,18.5554],[73.9406,18.5574],[73.9387,18.5576],[73.9381,18.5577],[73.938,18.5577],[73.9385,18.5621],[73.935,18.5633],[73.9247,18.5625],[73.9115,18.5585],[73.9063,18.5552],[73.8963,18.552],[73.8898,18.546],[73.8848,18.5449],[73.8851,18.5414],[73.8841,18.5414],[73.8831,18.545],[73.8795,18.5437],[73.8785,18.5439],[73.8609,18.5561],[73.8543,18.5587],[73.8517,18.5638],[73.8512,18.5643],[73.8484,18.5664],[73.8372,18.5719],[73.8326,18.5876],[73.8255,18.603],[73.7802,18.6562],[73.7797,18.6568],[73.7763,18.6603],[73.7741,18.6627],[73.7633,18.6742],[73.7628,18.6745],[73.7602,18.6753],[73.7459,18.6781],[73.7404,18.6788],[73.7357,18.678],[73.7352,18.678],[73.7346,18.6781],[73.7333,18.6785],[73.7326,18.679],[73.7321,18.6794],[73.7319,18.6797],[73.7314,18.6805],[73.731,18.6809],[73.7305,18.6816],[73.7257,18.6795],[73.7247,18.6787],[73.7242,18.678],[73.7196,18.6745],[73.7195,18.6745],[73.7194,18.6744],[73.7184,18.6743],[73.7181,18.6736],[73.7166,18.6732],[73.7162,18.6723],[73.7136,18.6727],[73.7113,18.6715],[73.7121,18.681],[73.7144,18.6835]]}},{"type":"Feature","properties":{"id":"transit_route:gtfs_pune_pmpml:821","field":"public_transport","kind":"transit_route","name":"Neilsoft Company infosys Phase 3 to Nigdi Pawale Chowk (UP)","ref":"375","status":"operational","opened_on":null,"expected_completion":null,"agency":"PMPML","source":"gtfs_pune_pmpml","confidence":0.7,"mode":"bus","tier":"secondary","geometry_source":"shape"},"geometry":{"type":"LineString","coordinates":[[73.6767,18.588],[73.6795,18.5901],[73.6868,18.5916],[73.6922,18.5977],[73.6901,18.5946],[73.6904,18.5916],[73.6919,18.5916],[73.6924,18.5878],[73.6929,18.5862],[73.6934,18.585],[73.6937,18.584],[73.6938,18.5837],[73.6939,18.5836],[73.694,18.5835],[73.6935,18.5832],[73.6886,18.5826],[73.6874,18.5821],[73.6874,18.583],[73.6931,18.5833],[73.6936,18.5837],[73.6937,18.5837],[73.6938,18.5837],[73.6939,18.5837],[73.6942,18.5838],[73.6954,18.5844],[73.698,18.5861],[73.7047,18.5887],[73.7078,18.5936],[73.7134,18.5961],[73.7187,18.5971],[73.7227,18.5947],[73.7351,18.594],[73.7335,18.6016],[73.7223,18.6076],[73.7174,18.612],[73.7114,18.6136],[73.7098,18.6151],[73.7093,18.6162],[73.7095,18.6163],[73.71,18.6166],[73.7108,18.6168],[73.7111,18.6172],[73.7111,18.6211],[73.7124,18.6237],[73.7172,18.6221],[73.7189,18.6217],[73.7194,18.6216],[73.7196,18.6216],[73.7211,18.6213],[73.7215,18.622],[73.7228,18.6217],[73.723,18.6218],[73.7234,18.6238],[73.7238,18.6237],[73.723,18.6218],[73.7215,18.622],[73.7213,18.6219],[73.7212,18.6216],[73.7211,18.6212],[73.721,18.6212],[73.7172,18.622],[73.7128,18.6234],[73.7125,18.6233],[73.7112,18.621],[73.7114,18.6187],[73.7112,18.6173],[73.711,18.6168],[73.7096,18.6155],[73.7094,18.616],[73.709,18.6168],[73.7087,18.6172],[73.7078,18.6177],[73.7089,18.6248],[73.7066,18.6264],[73.7067,18.6328],[73.7081,18.6355],[73.7076,18.6355],[73.7066,18.6356],[73.7073,18.6355],[73.7076,18.6355],[73.7084,18.6355],[73.7144,18.6345],[73.7197,18.6383],[73.722,18.6386],[73.7254,18.6367],[73.7333,18.6356],[73.7339,18.6345],[73.7333,18.6323],[73.7333,18.6322],[73.7377,18.631],[73.738,18.631],[73.7381,18.6312],[73.7385,18.6318],[73.7404,18.6338],[73.7407,18.6341],[73.7415,18.635],[73.7418,18.6353],[73.7423,18.6358],[73.7441,18.6373],[73.7454,18.6392],[73.7457,18.6387],[73.7385,18.6318],[73.7366,18.629],[73.7344,18.6266],[73.7334,18.6252],[73.7327,18.6242],[73.7349,18.6237],[73.7329,18.6245],[73.7366,18.629],[73.7378,18.6308],[73.7385,18.6318],[73.7405,18.6339],[73.7418,18.6353],[73.7419,18.6353],[73.7415,18.635],[73.7404,18.6338],[73.7394,18.6327],[73.7385,18.6318],[73.738,18.631],[73.7378,18.631],[73.7377,18.631],[73.7375,18.631],[73.7369,18.6311],[73.7345,18.6316],[73.7333,18.6322],[73.7352,18.6395],[73.7379,18.6411],[73.7369,18.644],[73.7355,18.6475],[73.7351,18.6484],[73.7342,18.6506],[73.7339,18.6513],[73.7325,18.6547],[73.7315,18.6573],[73.7307,18.6593],[73.7304,18.6601],[73.7347,18.6503],[73.7343,18.6504],[73.7304,18.6601],[73.7299,18.661],[73.7226,18.6626],[73.7221,18.6576],[73.7208,18.656],[73.7257,18.6532],[73.7256,18.6527],[73.721,18.6558],[73.7208,18.656],[73.7206,18.6568],[73.7207,18.6571],[73.7221,18.6576],[73.724,18.6581],[73.725,18.6586],[73.7268,18.659],[73.7304,18.6601],[73.7324,18.6608],[73.7426,18.6661],[73.7522,18.6617],[73.7567,18.6566],[73.7637,18.6611],[73.7709,18.663],[73.7722,18.6644],[73.7717,18.6651],[73.7712,18.6656],[73.7772,18.6598]]}},{"type":"Feature","properties":{"id":"transit_route:gtfs_pune_pmpml:822","field":"public_transport","kind":"transit_route","name":"Nigdi Pawale Chowk to Neilsoft Company infosys Phase 3 (DOWN)","ref":"375","status":"operational","opened_on":null,"expected_completion":null,"agency":"PMPML","source":"gtfs_pune_pmpml","confidence":0.7,"mode":"bus","tier":"secondary","geometry_source":"shape"},"geometry":{"type":"LineString","coordinates":[[73.7772,18.6598],[73.7726,18.664],[73.7634,18.6607],[73.7567,18.6565],[73.7521,18.6615],[73.7426,18.6659],[73.7309,18.6599],[73.7347,18.6503],[73.7304,18.6601],[73.7207,18.6571],[73.7243,18.6537],[73.7347,18.6503],[73.741,18.6345],[73.7379,18.6411],[73.7352,18.6395],[73.7333,18.6322],[73.738,18.631],[73.7376,18.6305],[73.7373,18.6301],[73.7371,18.6299],[73.738,18.6296],[73.7386,18.6295],[73.7386,18.6294],[73.7389,18.6293],[73.7388,18.6281],[73.7418,18.6314],[73.7407,18.6341],[73.7381,18.6312],[73.7374,18.6302],[73.7371,18.6299],[73.7369,18.6294],[73.7366,18.629],[73.7357,18.6282],[73.7348,18.627],[73.7344,18.6266],[73.7334,18.6252],[73.7327,18.6242],[73.7349,18.6237],[73.7329,18.6245],[73.7366,18.629],[73.7373,18.6301],[73.7376,18.6305],[73.7381,18.6312],[73.7385,18.6318],[73.7404,18.6338],[73.7407,18.6341],[73.7418,18.6353],[73.7423,18.6358],[73.7441,18.6373],[73.7454,18.6392],[73.7457,18.6391],[73.7457,18.6387],[73.7453,18.6388],[73.7441,18.6373],[73.7418,18.6353],[73.7404,18.6338],[73.7394,18.6327],[73.7385,18.6318],[73.7381,18.6312],[73.738,18.631],[73.7377,18.631],[73.7333,18.6322],[73.7333,18.6356],[73.7254,18.6367],[73.722,18.6386],[73.7197,18.6383],[73.7144,18.6345],[73.7084,18.6355],[73.7076,18.6355],[73.7066,18.6356],[73.7081,18.6355],[73.7067,18.6328],[73.7066,18.6264],[73.7089,18.6248],[73.7078,18.6177],[73.7096,18.6155],[73.7097,18.6165],[73.7111,18.6172],[73.7111,18.6211],[73.7124,18.6237],[73.7172,18.6221],[73.7189,18.6217],[73.7194,18.6216],[73.7196,18.6216],[73.7211,18.6213],[73.7215,18.622],[73.7228,18.6217],[73.723,18.6218],[73.7234,18.6238],[73.7238,18.6237],[73.723,18.6218],[73.7215,18.622],[73.7213,18.6219],[73.7212,18.6216],[73.7211,18.6212],[73.721,18.6212],[73.7172,18.622],[73.7128,18.6234],[73.7125,18.6233],[73.7112,18.6172],[73.7096,18.6155],[73.7116,18.6135],[73.7174,18.612],[73.7223,18.6076],[73.7338,18.6013],[73.7351,18.594],[73.739,18.5913],[73.7366,18.5867],[73.7334,18.5859],[73.7322,18.594],[73.7227,18.5945],[73.7188,18.5969],[73.7116,18.5954],[73.7081,18.5935],[73.7047,18.5886],[73.6935,18.5832],[73.6874,18.5821],[73.6874,18.583],[73.6936,18.5838],[73.6918,18.5914],[73.6904,18.5915],[73.69,18.5941],[73.69,18.5943],[73.6899,18.5944],[73.6898,18.5945],[73.6898,18.5946],[73.6922,18.5977],[73.6869,18.5916],[73.6887,18.5913],[73.6801,18.5902],[73.6767,18.588]]}},{"type":"Feature","properties":{"id":"transit_route:gtfs_pune_pmpml:823","field":"public_transport","kind":"transit_route","name":"Pimprigaon to Ma Na Pa Main Stand (UP)","ref":"376","status":"operational","opened_on":null,"expected_completion":null,"agency":"PMPML","source":"gtfs_pune_pmpml","confidence":0.7,"mode":"bus","tier":"secondary","geometry_source":"shape"},"geometry":{"type":"LineString","coordinates":[[73.8043,18.612],[73.8055,18.6126],[73.8047,18.6153],[73.8008,18.6171],[73.8016,18.6212],[73.799,18.6227],[73.7978,18.625],[73.7986,18.6258],[73.8002,18.6241],[73.8011,18.6247],[73.8036,18.6341],[73.8199,18.6328],[73.8168,18.6137],[73.8253,18.6037],[73.8296,18.5963],[73.8397,18.5658],[73.8467,18.5573],[73.8514,18.5486],[73.8506,18.5374],[73.855,18.5305],[73.8525,18.529],[73.8482,18.5228],[73.8537,18.523]]}},{"type":"Feature","properties":{"id":"transit_route:gtfs_pune_pmpml:824","field":"public_transport","kind":"transit_route","name":"Ma Na Pa Main Stand to Pimprigaon (DOWN)","ref":"376","status":"operational","opened_on":null,"expected_completion":null,"agency":"PMPML","source":"gtfs_pune_pmpml","confidence":0.7,"mode":"bus","tier":"secondary","geometry_source":"shape"},"geometry":{"type":"LineString","coordinates":[[73.8537,18.5228],[73.8526,18.5242],[73.8532,18.5258],[73.8499,18.5293],[73.8549,18.5305],[73.8505,18.5373],[73.8512,18.5489],[73.8466,18.5574],[73.8395,18.5658],[73.8326,18.5877],[73.826,18.6019],[73.8163,18.6136],[73.8199,18.6327],[73.8036,18.6338],[73.8028,18.6299],[73.8028,18.6289],[73.8026,18.6289],[73.8027,18.63],[73.8028,18.6299],[73.8031,18.6296],[73.8057,18.6265],[73.8058,18.6264],[73.8058,18.6263],[73.8048,18.6248],[73.8003,18.624],[73.8019,18.6222],[73.8008,18.6171],[73.8041,18.6151],[73.8055,18.6126],[73.8043,18.612]]}},{"type":"Feature","properties":{"id":"transit_route:gtfs_pune_pmpml:829","field":"public_transport","kind":"transit_route","name":"Wakdewadi Navin ST Stand to Sahakar Nagar (UP)","ref":"37","status":"operational","opened_on":null,"expected_completion":null,"agency":"PMPML","source":"gtfs_pune_pmpml","confidence":0.7,"mode":"bus","tier":"secondary","geometry_source":"shape"},"geometry":{"type":"LineString","coordinates":[[73.8518,18.5432],[73.8506,18.5374],[73.855,18.5306],[73.8513,18.5274],[73.8561,18.5202],[73.859,18.5039],[73.8584,18.5005],[73.8542,18.5014],[73.8535,18.5041],[73.8507,18.5043],[73.8508,18.4993],[73.8539,18.4997],[73.8541,18.4925],[73.8499,18.4927],[73.8499,18.4898],[73.8467,18.4888],[73.8452,18.4847]]}},{"type":"Feature","properties":{"id":"transit_route:gtfs_pune_pmpml:830","field":"public_transport","kind":"transit_route","name":"Sahakar Nagar to Wakdewadi Navin ST Stand (DOWN)","ref":"37","status":"operational","opened_on":null,"expected_completion":null,"agency":"PMPML","source":"gtfs_pune_pmpml","confidence":0.7,"mode":"bus","tier":"secondary","geometry_source":"shape"},"geometry":{"type":"LineString","coordinates":[[73.8453,18.485],[73.8467,18.4888],[73.8499,18.4898],[73.8499,18.49],[73.8499,18.491],[73.8499,18.4924],[73.8492,18.4924],[73.8541,18.4925],[73.8546,18.497],[73.8538,18.4995],[73.8516,18.499],[73.8511,18.499],[73.8508,18.4993],[73.8539,18.5002],[73.8536,18.504],[73.8507,18.5036],[73.8504,18.5078],[73.8536,18.5055],[73.854,18.5181],[73.8552,18.5211],[73.8532,18.5258],[73.8499,18.5293],[73.8549,18.5305],[73.8505,18.5373],[73.8516,18.5433]]}},{"type":"Feature","properties":{"id":"transit_route:gtfs_pune_pmpml:831","field":"public_transport","kind":"transit_route","name":"Hinjawadi Maan Phase 3 to Bhosari Terminal (UP)","ref":"380","status":"operational","opened_on":null,"expected_completion":null,"agency":"PMPML","source":"gtfs_pune_pmpml","confidence":0.7,"mode":"bus","tier":"secondary","geometry_source":"shape"},"geometry":{"type":"LineString","coordinates":[[73.6883,18.5766],[73.6873,18.5829],[73.6931,18.5833],[73.7047,18.5887],[73.7079,18.5937],[73.7186,18.5971],[73.7227,18.5947],[73.7354,18.5939],[73.7389,18.5913],[73.7399,18.5956],[73.7447,18.5998],[73.7494,18.591],[73.7611,18.5925],[73.7733,18.5902],[73.7745,18.5987],[73.7856,18.6157],[73.795,18.6196],[73.8013,18.6198],[73.8016,18.6212],[73.7985,18.6232],[73.7978,18.6253],[73.8011,18.6247],[73.8031,18.6317],[73.8028,18.6299],[73.8057,18.6265],[73.8081,18.6292],[73.8157,18.6286],[73.8196,18.6297],[73.8179,18.6213],[73.8199,18.6209],[73.8418,18.6196],[73.8506,18.6204],[73.8514,18.6246]]}},{"type":"Feature","properties":{"id":"transit_route:gtfs_pune_pmpml:832","field":"public_transport","kind":"transit_route","name":"Bhosari Terminal to Hinjawadi Maan Phase 3 (DOWN)","ref":"380","status":"operational","opened_on":null,"expected_completion":null,"agency":"PMPML","source":"gtfs_pune_pmpml","confidence":0.7,"mode":"bus","tier":"secondary","geometry_source":"shape"},"geometry":{"type":"LineString","coordinates":[[73.8514,18.6246],[73.852,18.6253],[73.8508,18.6203],[73.8418,18.6196],[73.8215,18.6207],[73.8178,18.6213],[73.8195,18.6296],[73.8157,18.6285],[73.8081,18.6292],[73.8049,18.6248],[73.8003,18.624],[73.8019,18.6222],[73.8011,18.6195],[73.7951,18.6195],[73.7859,18.6157],[73.7745,18.5986],[73.7734,18.5899],[73.7689,18.59],[73.7611,18.5924],[73.751,18.5907],[73.7389,18.5913],[73.7404,18.5911],[73.7389,18.5912],[73.7366,18.5867],[73.7337,18.5858],[73.7322,18.594],[73.7227,18.5945],[73.7191,18.5969],[73.7134,18.596],[73.7081,18.5935],[73.7047,18.5886],[73.6935,18.5832],[73.688,18.5822],[73.6883,18.5766]]}},{"type":"Feature","properties":{"id":"transit_route:gtfs_pune_pmpml:833","field":"public_transport","kind":"transit_route","name":"Megapolis Phase 3 to Nageshwar Vidyalaya Chikhli (UP)","ref":"381","status":"operational","opened_on":null,"expected_completion":null,"agency":"PMPML","source":"gtfs_pune_pmpml","confidence":0.7,"mode":"bus","tier":"secondary","geometry_source":"shape"},"geometry":{"type":"LineString","coordinates":[[73.6821,18.5768],[73.6879,18.5778],[73.6873,18.5829],[73.6931,18.5833],[73.7047,18.5887],[73.7079,18.5937],[73.7186,18.5971],[73.7227,18.5947],[73.7354,18.5939],[73.7396,18.5912],[73.7512,18.5909],[73.7611,18.5925],[73.7688,18.5902],[73.7693,18.5902],[73.7727,18.5902],[73.7733,18.5902],[73.7734,18.5902],[73.7772,18.589],[73.7733,18.5899],[73.7733,18.5902],[73.7733,18.5904],[73.7734,18.5904],[73.7735,18.5925],[73.7735,18.5937],[73.7738,18.596],[73.7745,18.5987],[73.7913,18.6228],[73.7939,18.6299],[73.7968,18.6316],[73.8007,18.6369],[73.8009,18.64],[73.8023,18.6411],[73.8001,18.644],[73.8092,18.6501],[73.8128,18.6619],[73.8142,18.6634],[73.8166,18.6805],[73.8168,18.6808],[73.8183,18.6822],[73.8184,18.6823],[73.8184,18.6824],[73.8184,18.6825],[73.8185,18.6825],[73.8076,18.6871],[73.8081,18.691]]}},{"type":"Feature","properties":{"id":"transit_route:gtfs_pune_pmpml:834","field":"public_transport","kind":"transit_route","name":"Nageshwar Vidyalaya Chikhli to Megapolis Phase 3 (DOWN)","ref":"381","status":"operational","opened_on":null,"expected_completion":null,"agency":"PMPML","source":"gtfs_pune_pmpml","confidence":0.7,"mode":"bus","tier":"secondary","geometry_source":"shape"},"geometry":{"type":"LineString","coordinates":[[73.8081,18.6909],[73.8077,18.6872],[73.8185,18.6825],[73.8167,18.6805],[73.8142,18.6631],[73.8093,18.6496],[73.8001,18.6439],[73.8024,18.641],[73.7988,18.6347],[73.8027,18.63],[73.7986,18.634],[73.7941,18.6298],[73.7914,18.6226],[73.7754,18.6004],[73.7734,18.5899],[73.7689,18.59],[73.7611,18.5924],[73.751,18.5907],[73.7389,18.5912],[73.7366,18.5867],[73.7337,18.5858],[73.7322,18.594],[73.7227,18.5945],[73.7188,18.5969],[73.7116,18.5954],[73.7081,18.5935],[73.7047,18.5886],[73.6935,18.5832],[73.6883,18.5825],[73.6883,18.5773],[73.6821,18.5768]]}},{"type":"Feature","properties":{"id":"transit_route:gtfs_pune_pmpml:835","field":"public_transport","kind":"transit_route","name":"Na Ta Wadi to Dhankawadi (UP)","ref":"38","status":"operational","opened_on":null,"expected_completion":null,"agency":"PMPML","source":"gtfs_pune_pmpml","confidence":0.7,"mode":"bus","tier":"secondary","geometry_source":"shape"},"geometry":{"type":"LineString","coordinates":[[73.8488,18.5348],[73.8498,18.5303],[73.8525,18.5293],[73.8513,18.5274],[73.8561,18.5202],[73.8591,18.5042],[73.8564,18.4755],[73.8582,18.4642],[73.8566,18.4639],[73.8532,18.4661],[73.8501,18.4655]]}},{"type":"Feature","properties":{"id":"transit_route:gtfs_pune_pmpml:836","field":"public_transport","kind":"transit_route","name":"Dhankawadi to Na Ta Wadi (DOWN)","ref":"38","status":"operational","opened_on":null,"expected_completion":null,"agency":"PMPML","source":"gtfs_pune_pmpml","confidence":0.7,"mode":"bus","tier":"secondary","geometry_source":"shape"},"geometry":{"type":"LineString","coordinates":[[73.8501,18.4655],[73.8532,18.4661],[73.858,18.4641],[73.8562,18.4757],[73.8584,18.5001],[73.8539,18.502],[73.8538,18.5156],[73.8552,18.5211],[73.8542,18.5236],[73.8496,18.5302],[73.8446,18.5314],[73.8474,18.5308],[73.8479,18.5323],[73.8467,18.5333],[73.8488,18.5348]]}},{"type":"Feature","properties":{"id":"transit_route:gtfs_pune_pmpml:837","field":"public_transport","kind":"transit_route","name":"Pune Station Jayprakash Stand to Dhankawadi (UP)","ref":"39","status":"operational","opened_on":null,"expected_completion":null,"agency":"PMPML","source":"gtfs_pune_pmpml","confidence":0.7,"mode":"bus","tier":"secondary","geometry_source":"shape"},"geometry":{"type":"LineString","coordinates":[[73.8746,18.5272],[73.8763,18.5282],[73.8764,18.5234],[73.871,18.5244],[73.8702,18.524],[73.8726,18.5205],[73.8684,18.5195],[73.8701,18.4894],[73.8576,18.4893],[73.8564,18.4752],[73.8582,18.4642],[73.8566,18.4639],[73.8532,18.4661],[73.8501,18.4655]]}},{"type":"Feature","properties":{"id":"transit_route:gtfs_pune_pmpml:838","field":"public_transport","kind":"transit_route","name":"Dhankawadi to Pune Station Jayprakash Stand (DOWN)","ref":"39","status":"operational","opened_on":null,"expected_completion":null,"agency":"PMPML","source":"gtfs_pune_pmpml","confidence":0.7,"mode":"bus","tier":"secondary","geometry_source":"shape"},"geometry":{"type":"LineString","coordinates":[[73.8501,18.4655],[73.8532,18.4661],[73.858,18.4641],[73.8562,18.4747],[73.8574,18.4894],[73.8701,18.4895],[73.8682,18.5196],[73.8725,18.5205],[73.8701,18.5242],[73.8767,18.525],[73.8763,18.5275],[73.874,18.5272]]}},{"type":"Feature","properties":{"id":"transit_route:gtfs_pune_pmpml:840","field":"public_transport","kind":"transit_route","name":"Sangvi Vasantdada Putala to Upper Depot (UP)","ref":"41","status":"operational","opened_on":null,"expected_completion":null,"agency":"PMPML","source":"gtfs_pune_pmpml","confidence":0.7,"mode":"bus","tier":"secondary","geometry_source":"shape"},"geometry":{"type":"LineString","coordinates":[[73.8257,18.5752],[73.812,18.5763],[73.8067,18.5736],[73.8092,18.5699],[73.8114,18.5689],[73.814,18.5617],[73.8095,18.5613],[73.8096,18.5501],[73.8227,18.5453],[73.8325,18.5398],[73.8306,18.5407],[73.8298,18.54],[73.8292,18.5209],[73.8306,18.5203],[73.8304,18.5191],[73.8431,18.5172],[73.8422,18.5155],[73.844,18.512],[73.8585,18.5011],[73.8583,18.4864],[73.8575,18.4869],[73.8612,18.4813],[73.8652,18.4627],[73.8668,18.4612],[73.8706,18.4611]]}},{"type":"Feature","properties":{"id":"transit_route:gtfs_pune_pmpml:841","field":"public_transport","kind":"transit_route","name":"Upper Depot to Sangvi Vasantdada Putala (DOWN)","ref":"41","status":"operational","opened_on":null,"expected_completion":null,"agency":"PMPML","source":"gtfs_pune_pmpml","confidence":0.7,"mode":"bus","tier":"secondary","geometry_source":"shape"},"geometry":{"type":"LineString","coordinates":[[73.8706,18.4611],[73.8667,18.4611],[73.8652,18.4625],[73.8611,18.4812],[73.8574,18.4869],[73.8583,18.5003],[73.8542,18.5014],[73.8533,18.5057],[73.8437,18.5122],[73.8416,18.5175],[73.8303,18.5191],[73.829,18.5209],[73.8304,18.5409],[73.8227,18.5452],[73.8094,18.55],[73.8094,18.5612],[73.8139,18.5617],[73.8113,18.5689],[73.8091,18.5698],[73.8066,18.5737],[73.812,18.5763],[73.8257,18.5752]]}},{"type":"Feature","properties":{"id":"transit_route:gtfs_pune_pmpml:842","field":"public_transport","kind":"transit_route","name":"Nigdi Bhakti Shakti to Gujarwadi Pmt Bus Stand (UP)","ref":"42","status":"operational","opened_on":null,"expected_completion":null,"agency":"PMPML","source":"gtfs_pune_pmpml","confidence":0.7,"mode":"bus","tier":"secondary","geometry_source":"shape"},"geometry":{"type":"LineString","coordinates":[[73.7711,18.6661],[73.8253,18.6037],[73.8296,18.5963],[73.8397,18.5658],[73.8467,18.5573],[73.8514,18.5486],[73.8506,18.5374],[73.855,18.5305],[73.8525,18.529],[73.8422,18.5155],[73.8439,18.5127],[73.8433,18.5105],[73.8456,18.5012],[73.8513,18.4991],[73.8537,18.4997],[73.8537,18.5041],[73.8585,18.5011],[73.8564,18.4752],[73.8582,18.4636],[73.8582,18.4502],[73.8601,18.4406]]}},{"type":"Feature","properties":{"id":"transit_route:gtfs_pune_pmpml:843","field":"public_transport","kind":"transit_route","name":"Gujarwadi Pmt Bus Stand to Nigdi Bhakti Shakti (DOWN)","ref":"42","status":"operational","opened_on":null,"expected_completion":null,"agency":"PMPML","source":"gtfs_pune_pmpml","confidence":0.7,"mode":"bus","tier":"secondary","geometry_source":"shape"},"geometry":{"type":"LineString","coordinates":[[73.8601,18.4406],[73.858,18.4504],[73.8581,18.4643],[73.8562,18.4747],[73.8583,18.5002],[73.8541,18.5013],[73.8539,18.4997],[73.8514,18.499],[73.8456,18.5011],[73.8409,18.5219],[73.8448,18.5316],[73.8527,18.5295],[73.8549,18.5304],[73.8505,18.5373],[73.8512,18.5489],[73.8466,18.5574],[73.8395,18.5658],[73.8326,18.5877],[73.8254,18.603],[73.771,18.6659]]}},{"type":"Feature","properties":{"id":"transit_route:gtfs_pune_pmpml:847","field":"public_transport","kind":"transit_route","name":"Hinjawadi Maan Phase 3 to Katraj (UP)","ref":"43A","status":"operational","opened_on":null,"expected_completion":null,"agency":"PMPML","source":"gtfs_pune_pmpml","confidence":0.7,"mode":"bus","tier":"secondary","geometry_source":"shape"},"geometry":{"type":"LineString","coordinates":[[73.6883,18.5766],[73.6872,18.5829],[73.693,18.5833],[73.7047,18.5887],[73.7078,18.5936],[73.7132,18.5961],[73.7187,18.5971],[73.7227,18.5947],[73.7352,18.5939],[73.7389,18.5913],[73.7476,18.5908],[73.7567,18.5921],[73.7563,18.595],[73.7743,18.5455],[73.7812,18.5385],[73.7784,18.529],[73.7727,18.5256],[73.7697,18.5217],[73.769,18.5164],[73.7704,18.5127],[73.7752,18.5091],[73.7915,18.5063],[73.7926,18.5029],[73.7882,18.4966],[73.7884,18.4935],[73.802,18.4829],[73.824,18.4596],[73.8581,18.4485],[73.859,18.4468]]}},{"type":"Feature","properties":{"id":"transit_route:gtfs_pune_pmpml:849","field":"public_transport","kind":"transit_route","name":"Katraj to Hinjawadi Maan Phase 3 (DOWN)","ref":"43A","status":"operational","opened_on":null,"expected_completion":null,"agency":"PMPML","source":"gtfs_pune_pmpml","confidence":0.7,"mode":"bus","tier":"secondary","geometry_source":"shape"},"geometry":{"type":"LineString","coordinates":[[73.8587,18.4475],[73.8367,18.4539],[73.8406,18.4534],[73.8238,18.4594],[73.8235,18.4597],[73.8232,18.4599],[73.8232,18.46],[73.8229,18.4602],[73.8219,18.4609],[73.8205,18.4619],[73.8021,18.4826],[73.7999,18.4843],[73.7953,18.4875],[73.7908,18.4906],[73.7902,18.4911],[73.7882,18.4935],[73.7878,18.4949],[73.788,18.4965],[73.7885,18.4975],[73.7915,18.501],[73.7918,18.5014],[73.7924,18.5035],[73.791,18.5064],[73.7878,18.5073],[73.7879,18.5076],[73.788,18.5077],[73.7882,18.5078],[73.7903,18.5084],[73.7925,18.5083],[73.7928,18.5032],[73.7918,18.5013],[73.7882,18.4966],[73.7884,18.4935],[73.802,18.4829],[73.8239,18.4598],[73.8205,18.4619],[73.8127,18.4709],[73.8021,18.4826],[73.8012,18.4834],[73.7999,18.4843],[73.7902,18.4911],[73.7887,18.4928],[73.7882,18.4935],[73.7879,18.4944],[73.7878,18.4949],[73.7878,18.4952],[73.7879,18.4962],[73.788,18.4965],[73.7883,18.4971],[73.7885,18.4975],[73.7918,18.5014],[73.7924,18.5029],[73.7925,18.5036],[73.7924,18.5045],[73.7914,18.5063],[73.7893,18.5074],[73.7885,18.5074],[73.7881,18.5074],[73.7876,18.5074],[73.7857,18.5072],[73.7834,18.5072],[73.7752,18.509],[73.7703,18.5126],[73.7688,18.5166],[73.7696,18.5218],[73.7726,18.5257],[73.7783,18.529],[73.7811,18.5384],[73.7742,18.5454],[73.757,18.5919],[73.751,18.5907],[73.7389,18.5912],[73.7366,18.5867],[73.7337,18.5858],[73.7322,18.594],[73.7227,18.5945],[73.7191,18.5969],[73.7132,18.596],[73.7081,18.5935],[73.7047,18.5886],[73.6935,18.5832],[73.688,18.5822],[73.6883,18.5766]]}},{"type":"Feature","properties":{"id":"transit_route:gtfs_pune_pmpml:850","field":"public_transport","kind":"transit_route","name":"Nigdi Bhakti Shakti Stand to Katraj (UP)","ref":"43","status":"operational","opened_on":null,"expected_completion":null,"agency":"PMPML","source":"gtfs_pune_pmpml","confidence":0.7,"mode":"bus","tier":"secondary","geometry_source":"shape"},"geometry":{"type":"LineString","coordinates":[[73.7718,18.6654],[73.7953,18.6386],[73.7896,18.6367],[73.7816,18.6296],[73.7777,18.6311],[73.7754,18.6288],[73.7752,18.624],[73.7559,18.6071],[73.7525,18.6056],[73.7743,18.5455],[73.7812,18.5385],[73.7784,18.529],[73.7727,18.5256],[73.7697,18.5217],[73.7694,18.5145],[73.775,18.5092],[73.7915,18.5063],[73.7926,18.5029],[73.7882,18.4966],[73.7884,18.4935],[73.802,18.4829],[73.824,18.4596],[73.8581,18.4485],[73.859,18.4468]]}},{"type":"Feature","properties":{"id":"transit_route:gtfs_pune_pmpml:851","field":"public_transport","kind":"transit_route","name":"Katraj to Nigdi Bhakti Shakti (DOWN)","ref":"43","status":"operational","opened_on":null,"expected_completion":null,"agency":"PMPML","source":"gtfs_pune_pmpml","confidence":0.7,"mode":"bus","tier":"secondary","geometry_source":"shape"},"geometry":{"type":"LineString","coordinates":[[73.8587,18.4475],[73.8238,18.4594],[73.8235,18.4597],[73.8232,18.4599],[73.8232,18.46],[73.8229,18.4602],[73.8219,18.4609],[73.8205,18.4619],[73.8021,18.4826],[73.7999,18.4843],[73.7953,18.4875],[73.7908,18.4906],[73.7902,18.4911],[73.7882,18.4935],[73.7878,18.4949],[73.788,18.4965],[73.7885,18.4975],[73.7915,18.501],[73.7918,18.5014],[73.7924,18.5035],[73.791,18.5064],[73.7878,18.5073],[73.7879,18.5076],[73.788,18.5077],[73.7882,18.5078],[73.7903,18.5084],[73.7925,18.5083],[73.7928,18.5032],[73.7918,18.5013],[73.7882,18.4966],[73.7884,18.4935],[73.802,18.4829],[73.8239,18.4598],[73.8205,18.4619],[73.8127,18.4709],[73.8021,18.4826],[73.8012,18.4834],[73.7999,18.4843],[73.7902,18.4911],[73.7887,18.4928],[73.7882,18.4935],[73.7879,18.4944],[73.7878,18.4949],[73.7878,18.4952],[73.7879,18.4962],[73.788,18.4965],[73.7883,18.4971],[73.7885,18.4975],[73.7918,18.5014],[73.7924,18.5029],[73.7925,18.5036],[73.7924,18.5045],[73.7914,18.5063],[73.7893,18.5074],[73.7885,18.5074],[73.7881,18.5074],[73.7876,18.5074],[73.7857,18.5072],[73.7834,18.5072],[73.7749,18.5091],[73.7695,18.5141],[73.7696,18.5219],[73.7726,18.5257],[73.7783,18.529],[73.781,18.5387],[73.7742,18.5454],[73.7521,18.6047],[73.7447,18.5998],[73.7434,18.602],[73.7506,18.6041],[73.7618,18.6121],[73.7753,18.6242],[73.7752,18.6289],[73.7777,18.6311],[73.7816,18.6296],[73.7895,18.6368],[73.795,18.6386],[73.771,18.6659]]}},{"type":"Feature","properties":{"id":"transit_route:gtfs_pune_pmpml:854","field":"public_transport","kind":"transit_route","name":"Akurdi Railway Station to Katraj (UP)","ref":"44","status":"operational","opened_on":null,"expected_completion":null,"agency":"PMPML","source":"gtfs_pune_pmpml","confidence":0.7,"mode":"bus","tier":"secondary","geometry_source":"shape"},"geometry":{"type":"LineString","coordinates":[[73.7653,18.649],[73.7673,18.6509],[73.7707,18.6491],[73.7683,18.6415],[73.7674,18.6333],[73.7708,18.6316],[73.778,18.6312],[73.7816,18.6297],[73.7817,18.6294],[73.7824,18.6291],[73.7825,18.6289],[73.7822,18.6272],[73.7822,18.6281],[73.7825,18.6289],[73.7825,18.629],[73.7824,18.6291],[73.7818,18.6293],[73.7813,18.6296],[73.7806,18.6298],[73.778,18.631],[73.7777,18.631],[73.7754,18.6288],[73.7752,18.624],[73.7559,18.6071],[73.7525,18.6056],[73.7743,18.5455],[73.7812,18.5385],[73.7784,18.529],[73.7727,18.5256],[73.7697,18.5217],[73.7697,18.5139],[73.775,18.5092],[73.7915,18.5063],[73.7926,18.5029],[73.7882,18.4966],[73.7884,18.4935],[73.802,18.4829],[73.824,18.4596],[73.8581,18.4485],[73.859,18.4468]]}},{"type":"Feature","properties":{"id":"transit_route:gtfs_pune_pmpml:855","field":"public_transport","kind":"transit_route","name":"Katraj to Akurdi Railway Station (DOWN)","ref":"44","status":"operational","opened_on":null,"expected_completion":null,"agency":"PMPML","source":"gtfs_pune_pmpml","confidence":0.7,"mode":"bus","tier":"secondary","geometry_source":"shape"},"geometry":{"type":"LineString","coordinates":[[73.8587,18.4475],[73.8367,18.4539],[73.8406,18.4534],[73.8238,18.4594],[73.8021,18.4826],[73.7887,18.4928],[73.7879,18.4962],[73.7924,18.5029],[73.7914,18.5063],[73.7749,18.5091],[73.7695,18.5141],[73.7696,18.5219],[73.7726,18.5257],[73.7783,18.529],[73.781,18.5387],[73.7742,18.5454],[73.7521,18.6047],[73.7447,18.5998],[73.7434,18.602],[73.7506,18.6041],[73.7618,18.6121],[73.7753,18.6242],[73.7752,18.6289],[73.7754,18.629],[73.7757,18.6293],[73.7771,18.6307],[73.7775,18.631],[73.7776,18.6311],[73.778,18.6312],[73.7816,18.6297],[73.7817,18.6294],[73.7824,18.6291],[73.7825,18.629],[73.7825,18.6289],[73.7826,18.6278],[73.7825,18.6274],[73.7822,18.6272],[73.7822,18.6281],[73.7825,18.6289],[73.7825,18.629],[73.7824,18.6291],[73.7818,18.6293],[73.7813,18.6296],[73.7806,18.6298],[73.778,18.631],[73.7776,18.6309],[73.7775,18.631],[73.7772,18.6311],[73.7766,18.6312],[73.771,18.6315],[73.7673,18.6333],[73.7682,18.6416],[73.7706,18.6491],[73.7673,18.6507],[73.7654,18.649]]}},{"type":"Feature","properties":{"id":"transit_route:gtfs_pune_pmpml:858","field":"public_transport","kind":"transit_route","name":"Sanaswadi Nandoshi to Swargate (UP)","ref":"47","status":"operational","opened_on":null,"expected_completion":null,"agency":"PMPML","source":"gtfs_pune_pmpml","confidence":0.7,"mode":"bus","tier":"secondary","geometry_source":"shape"},"geometry":{"type":"LineString","coordinates":[[73.8027,18.4195],[73.7997,18.4278],[73.7966,18.431],[73.7952,18.4362],[73.7915,18.4393],[73.7884,18.4455],[73.7915,18.451],[73.7994,18.4564],[73.8084,18.4583],[73.8147,18.4624],[73.82,18.4694],[73.829,18.4878],[73.842,18.4988],[73.8456,18.5012],[73.8513,18.4991],[73.8538,18.4997],[73.8537,18.5041],[73.8585,18.5011],[73.8585,18.499]]}},{"type":"Feature","properties":{"id":"transit_route:gtfs_pune_pmpml:859","field":"public_transport","kind":"transit_route","name":"Swargate to Sanaswadi Nandoshi (DOWN)","ref":"47","status":"operational","opened_on":null,"expected_completion":null,"agency":"PMPML","source":"gtfs_pune_pmpml","confidence":0.7,"mode":"bus","tier":"secondary","geometry_source":"shape"},"geometry":{"type":"LineString","coordinates":[[73.8582,18.4995],[73.8581,18.5005],[73.8541,18.5013],[73.8539,18.4997],[73.8514,18.499],[73.8457,18.5011],[73.8397,18.4969],[73.8291,18.4877],[73.8202,18.4695],[73.8146,18.4623],[73.8084,18.4582],[73.7994,18.4564],[73.7915,18.4508],[73.7884,18.4455],[73.7893,18.4453],[73.7915,18.4393],[73.7929,18.4389],[73.7932,18.4386],[73.7919,18.4377],[73.7931,18.4378],[73.7932,18.4386],[73.7917,18.4392],[73.7915,18.4393],[73.7914,18.4395],[73.791,18.4405],[73.7908,18.4405],[73.7904,18.4405],[73.7903,18.4404],[73.7901,18.4412],[73.7908,18.441],[73.7914,18.4395],[73.7915,18.4393],[73.7917,18.4392],[73.7929,18.4389],[73.7931,18.4388],[73.7932,18.4386],[73.7934,18.4381],[73.7952,18.4362],[73.7966,18.431],[73.7997,18.4278],[73.8031,18.4147]]}},{"type":"Feature","properties":{"id":"transit_route:gtfs_pune_pmpml:860","field":"public_transport","kind":"transit_route","name":"Shivaji Nagar to Swargate (UP)","ref":"4","status":"operational","opened_on":null,"expected_completion":null,"agency":"PMPML","source":"gtfs_pune_pmpml","confidence":0.7,"mode":"bus","tier":"secondary","geometry_source":"shape"},"geometry":{"type":"LineString","coordinates":[[73.8498,18.531],[73.8525,18.529],[73.8424,18.5147],[73.844,18.512],[73.8585,18.5011],[73.8585,18.499]]}},{"type":"Feature","properties":{"id":"transit_route:gtfs_pune_pmpml:861","field":"public_transport","kind":"transit_route","name":"Swargate to Shivaji Nagar (DOWN)","ref":"4","status":"operational","opened_on":null,"expected_completion":null,"agency":"PMPML","source":"gtfs_pune_pmpml","confidence":0.7,"mode":"bus","tier":"secondary","geometry_source":"shape"},"geometry":{"type":"LineString","coordinates":[[73.8582,18.4995],[73.8581,18.5005],[73.8541,18.5016],[73.8533,18.5057],[73.844,18.512],[73.8424,18.5145],[73.8409,18.5225],[73.8418,18.5262],[73.8448,18.5316],[73.8496,18.5303]]}},{"type":"Feature","properties":{"id":"transit_route:gtfs_pune_pmpml:866","field":"public_transport","kind":"transit_route","name":"Sinhgad to Shaniwarwada Stand (UP)","ref":"50","status":"operational","opened_on":null,"expected_completion":null,"agency":"PMPML","source":"gtfs_pune_pmpml","confidence":0.7,"mode":"bus","tier":"secondary","geometry_source":"shape"},"geometry":{"type":"LineString","coordinates":[[73.7682,18.3797],[73.7666,18.392],[73.7687,18.3997],[73.7677,18.4107],[73.7577,18.4181],[73.7568,18.4216],[73.7539,18.4251],[73.7545,18.4274],[73.7588,18.4279],[73.7662,18.4257],[73.7726,18.4385],[73.7783,18.4425],[73.7881,18.4452],[73.7921,18.4517],[73.7954,18.4544],[73.8002,18.4567],[73.8084,18.4583],[73.8138,18.4617],[73.8199,18.4692],[73.829,18.4878],[73.8456,18.5012],[73.8513,18.4991],[73.8538,18.4998],[73.8543,18.4972],[73.8578,18.4967],[73.8583,18.5002],[73.8542,18.5014],[73.8536,18.5045],[73.854,18.5181],[73.8557,18.5219]]}},{"type":"Feature","properties":{"id":"transit_route:gtfs_pune_pmpml:873","field":"public_transport","kind":"transit_route","name":"Shaniwarwada Stand to Sinhgad (DOWN)","ref":"50","status":"operational","opened_on":null,"expected_completion":null,"agency":"PMPML","source":"gtfs_pune_pmpml","confidence":0.7,"mode":"bus","tier":"secondary","geometry_source":"shape"},"geometry":{"type":"LineString","coordinates":[[73.8559,18.5217],[73.859,18.5044],[73.8585,18.5005],[73.8541,18.5013],[73.8539,18.4997],[73.8514,18.499],[73.8457,18.5011],[73.8385,18.496],[73.8289,18.4874],[73.8202,18.4695],[73.8146,18.4623],[73.8084,18.4582],[73.8001,18.4566],[73.7956,18.4544],[73.7921,18.4516],[73.7881,18.4452],[73.7783,18.4425],[73.7726,18.4385],[73.7663,18.4257],[73.7588,18.4279],[73.7545,18.4274],[73.7539,18.4251],[73.7568,18.4216],[73.7577,18.4181],[73.7677,18.4107],[73.7687,18.3997],[73.7666,18.392],[73.7683,18.3801]]}},{"type":"Feature","properties":{"id":"transit_route:gtfs_pune_pmpml:876","field":"public_transport","kind":"transit_route","name":"Dsk Vishwa to Shivaji Nagar (UP)","ref":"51","status":"operational","opened_on":null,"expected_completion":null,"agency":"PMPML","source":"gtfs_pune_pmpml","confidence":0.7,"mode":"bus","tier":"secondary","geometry_source":"shape"},"geometry":{"type":"LineString","coordinates":[[73.799,18.4434],[73.7994,18.4448],[73.801,18.4441],[73.7999,18.4471],[73.8102,18.4471],[73.8127,18.4611],[73.8199,18.4692],[73.829,18.4878],[73.8384,18.4961],[73.8388,18.5047],[73.8397,18.505],[73.8435,18.5049],[73.844,18.5049],[73.8441,18.505],[73.8449,18.5052],[73.8454,18.5029],[73.8453,18.5029],[73.845,18.5045],[73.8448,18.5051],[73.844,18.5083],[73.8432,18.5106],[73.8438,18.5127],[73.8407,18.5177],[73.8409,18.5229],[73.8422,18.527],[73.8495,18.5249],[73.8482,18.5228],[73.8531,18.5227],[73.8526,18.5245],[73.8536,18.525],[73.8496,18.5302]]}},{"type":"Feature","properties":{"id":"transit_route:gtfs_pune_pmpml:877","field":"public_transport","kind":"transit_route","name":"Shivaji Nagar to Dsk Vishwa (DOWN)","ref":"51","status":"operational","opened_on":null,"expected_completion":null,"agency":"PMPML","source":"gtfs_pune_pmpml","confidence":0.7,"mode":"bus","tier":"secondary","geometry_source":"shape"},"geometry":{"type":"LineString","coordinates":[[73.8498,18.531],[73.8525,18.5293],[73.8513,18.5274],[73.8546,18.5232],[73.8478,18.5223],[73.8422,18.5156],[73.8439,18.5127],[73.8433,18.5105],[73.8449,18.5052],[73.8388,18.5046],[73.8385,18.496],[73.8291,18.4877],[73.82,18.4692],[73.8127,18.4611],[73.8136,18.4614],[73.8118,18.4577],[73.8102,18.4471],[73.7999,18.4471],[73.8011,18.4441],[73.7995,18.4447],[73.799,18.4434]]}},{"type":"Feature","properties":{"id":"transit_route:gtfs_pune_pmpml:878","field":"public_transport","kind":"transit_route","name":"Varasgaon Goradwadi to Swargate (UP)","ref":"52A","status":"operational","opened_on":null,"expected_completion":null,"agency":"PMPML","source":"gtfs_pune_pmpml","confidence":0.7,"mode":"bus","tier":"secondary","geometry_source":"shape"},"geometry":{"type":"LineString","coordinates":[[73.6174,18.3978],[73.6155,18.3924],[73.6171,18.3876],[73.6162,18.3866],[73.6176,18.3829],[73.6191,18.3827],[73.6194,18.3799],[73.6208,18.3818],[73.6308,18.382],[73.6398,18.3863],[73.6445,18.3854],[73.6516,18.3863],[73.6552,18.383],[73.659,18.3823],[73.6611,18.3833],[73.6652,18.3903],[73.6685,18.3919],[73.6731,18.3909],[73.6765,18.3919],[73.6791,18.3899],[73.6828,18.3922],[73.6839,18.3896],[73.6863,18.3907],[73.69,18.3884],[73.6957,18.3882],[73.701,18.3895],[73.7036,18.3936],[73.7173,18.3938],[73.7168,18.3961],[73.7212,18.4012],[73.7241,18.3966],[73.7271,18.3965],[73.7384,18.4029],[73.7632,18.4082],[73.7668,18.4122],[73.7577,18.4181],[73.7568,18.4216],[73.7539,18.4251],[73.7548,18.4277],[73.7588,18.4279],[73.7662,18.4257],[73.7726,18.4385],[73.7783,18.4425],[73.7881,18.4452],[73.7921,18.4517],[73.7954,18.4544],[73.8002,18.4567],[73.8084,18.4583],[73.8138,18.4617],[73.8199,18.4692],[73.829,18.4878],[73.842,18.4988],[73.8456,18.5012],[73.8513,18.4991],[73.8538,18.4997],[73.8537,18.5041],[73.8585,18.5011],[73.8585,18.499]]}},{"type":"Feature","properties":{"id":"transit_route:gtfs_pune_pmpml:879","field":"public_transport","kind":"transit_route","name":"Swargate to Varasgaon Goradwadi (DOWN)","ref":"52A","status":"operational","opened_on":null,"expected_completion":null,"agency":"PMPML","source":"gtfs_pune_pmpml","confidence":0.7,"mode":"bus","tier":"secondary","geometry_source":"shape"},"geometry":{"type":"LineString","coordinates":[[73.8582,18.4995],[73.8581,18.5005],[73.8541,18.5013],[73.8539,18.4997],[73.8514,18.499],[73.8458,18.5012],[73.8421,18.4987],[73.8291,18.4877],[73.8202,18.4695],[73.8139,18.4616],[73.8084,18.4582],[73.8001,18.4566],[73.7956,18.4544],[73.7921,18.4516],[73.7881,18.4452],[73.7783,18.4425],[73.7726,18.4385],[73.7662,18.4257],[73.7588,18.4279],[73.7548,18.4277],[73.7539,18.4251],[73.7568,18.4216],[73.7577,18.4181],[73.7668,18.4122],[73.7632,18.4082],[73.7384,18.4029],[73.7272,18.3965],[73.7241,18.3966],[73.7212,18.4012],[73.7168,18.3961],[73.7173,18.3938],[73.7036,18.3936],[73.701,18.3895],[73.6957,18.3882],[73.69,18.3884],[73.6863,18.3907],[73.6839,18.3896],[73.6828,18.3922],[73.6791,18.3899],[73.6765,18.3919],[73.6731,18.3909],[73.6685,18.3919],[73.6652,18.3903],[73.6611,18.3833],[73.659,18.3823],[73.6552,18.383],[73.6516,18.3863],[73.6444,18.3854],[73.6398,18.3863],[73.6308,18.382],[73.6208,18.3818],[73.6194,18.3799],[73.6191,18.3827],[73.6176,18.3829],[73.6162,18.3866],[73.6171,18.3876],[73.6155,18.3924],[73.6173,18.398]]}},{"type":"Feature","properties":{"id":"transit_route:gtfs_pune_pmpml:885","field":"public_transport","kind":"transit_route","name":"Khanapur to Swargate (UP)","ref":"52","status":"operational","opened_on":null,"expected_completion":null,"agency":"PMPML","source":"gtfs_pune_pmpml","confidence":0.7,"mode":"bus","tier":"secondary","geometry_source":"shape"},"geometry":{"type":"LineString","coordinates":[[73.7328,18.3993],[73.7384,18.4029],[73.7633,18.4083],[73.7668,18.4122],[73.7577,18.4181],[73.7568,18.4216],[73.7539,18.4251],[73.7548,18.4277],[73.7588,18.4279],[73.7662,18.4257],[73.7726,18.4385],[73.7783,18.4425],[73.7881,18.4452],[73.7921,18.4517],[73.7954,18.4544],[73.8002,18.4567],[73.8084,18.4583],[73.8138,18.4617],[73.8199,18.4692],[73.829,18.4878],[73.842,18.4988],[73.8456,18.5012],[73.8513,18.4991],[73.8538,18.4997],[73.8537,18.5041],[73.8585,18.5011],[73.8585,18.499]]}},{"type":"Feature","properties":{"id":"transit_route:gtfs_pune_pmpml:887","field":"public_transport","kind":"transit_route","name":"Swargate to Khanapur (DOWN)","ref":"52","status":"operational","opened_on":null,"expected_completion":null,"agency":"PMPML","source":"gtfs_pune_pmpml","confidence":0.7,"mode":"bus","tier":"secondary","geometry_source":"shape"},"geometry":{"type":"LineString","coordinates":[[73.8582,18.4995],[73.8581,18.5005],[73.8541,18.5013],[73.8539,18.4997],[73.8514,18.499],[73.8458,18.5012],[73.8421,18.4987],[73.8291,18.4877],[73.8202,18.4695],[73.8139,18.4616],[73.8084,18.4582],[73.8001,18.4566],[73.7956,18.4544],[73.7921,18.4516],[73.7881,18.4452],[73.7783,18.4425],[73.7726,18.4385],[73.7662,18.4257],[73.7588,18.4279],[73.7548,18.4277],[73.7539,18.4251],[73.7568,18.4216],[73.7577,18.4181],[73.7668,18.4122],[73.7633,18.4083],[73.7384,18.4029],[73.7329,18.3993]]}},{"type":"Feature","properties":{"id":"transit_route:gtfs_pune_pmpml:890","field":"public_transport","kind":"transit_route","name":"Shanipar Stand to Suncity (UP)","ref":"55","status":"operational","opened_on":null,"expected_completion":null,"agency":"PMPML","source":"gtfs_pune_pmpml","confidence":0.7,"mode":"bus","tier":"secondary","geometry_source":"shape"},"geometry":{"type":"LineString","coordinates":[[73.8529,18.5128],[73.8538,18.5145],[73.8439,18.5128],[73.8433,18.5105],[73.8441,18.5083],[73.8454,18.5029],[73.8448,18.5051],[73.8388,18.5046],[73.8385,18.496],[73.8297,18.4884],[73.8241,18.4781],[73.821,18.4785],[73.8145,18.4748]]}},{"type":"Feature","properties":{"id":"transit_route:gtfs_pune_pmpml:891","field":"public_transport","kind":"transit_route","name":"Suncity to Shanipar Stand (DOWN)","ref":"55","status":"operational","opened_on":null,"expected_completion":null,"agency":"PMPML","source":"gtfs_pune_pmpml","confidence":0.7,"mode":"bus","tier":"secondary","geometry_source":"shape"},"geometry":{"type":"LineString","coordinates":[[73.8135,18.4747],[73.821,18.4785],[73.8241,18.4781],[73.829,18.4878],[73.8384,18.4961],[73.8388,18.5047],[73.8448,18.5051],[73.8432,18.5106],[73.8437,18.5127],[73.8522,18.5137],[73.8529,18.5128]]}},{"type":"Feature","properties":{"id":"transit_route:gtfs_pune_pmpml:894","field":"public_transport","kind":"transit_route","name":"Vadgaon Budruk Stand to Pune Station Jayprakash Stand (UP)","ref":"57","status":"operational","opened_on":null,"expected_completion":null,"agency":"PMPML","source":"gtfs_pune_pmpml","confidence":0.7,"mode":"bus","tier":"secondary","geometry_source":"shape"},"geometry":{"type":"LineString","coordinates":[[73.8221,18.4675],[73.8212,18.4683],[73.8247,18.4703],[73.8204,18.47],[73.8198,18.4688],[73.8189,18.4677],[73.8168,18.4661],[73.82,18.4694],[73.829,18.4878],[73.8384,18.4961],[73.8388,18.5047],[73.8397,18.505],[73.8435,18.5049],[73.844,18.5049],[73.8441,18.505],[73.8449,18.5052],[73.8454,18.5029],[73.8453,18.5029],[73.845,18.5045],[73.8448,18.5051],[73.844,18.5083],[73.8432,18.5106],[73.8437,18.5127],[73.8538,18.5137],[73.8553,18.521],[73.8562,18.5185],[73.8597,18.5187],[73.8628,18.52],[73.8646,18.5203],[73.8642,18.5195],[73.8682,18.5197],[73.8675,18.5256],[73.8701,18.5242],[73.8765,18.5249],[73.8763,18.5275],[73.8746,18.5272]]}},{"type":"Feature","properties":{"id":"transit_route:gtfs_pune_pmpml:895","field":"public_transport","kind":"transit_route","name":"Pune Station Jayprakash Stand to Vadgaon Budruk Stand (DOWN)","ref":"57","status":"operational","opened_on":null,"expected_completion":null,"agency":"PMPML","source":"gtfs_pune_pmpml","confidence":0.7,"mode":"bus","tier":"secondary","geometry_source":"shape"},"geometry":{"type":"LineString","coordinates":[[73.874,18.5272],[73.8736,18.5283],[73.8763,18.5282],[73.8764,18.5234],[73.8712,18.5245],[73.8675,18.5229],[73.8682,18.5197],[73.8615,18.5192],[73.8618,18.5161],[73.8439,18.5128],[73.8433,18.5105],[73.8449,18.5052],[73.8388,18.5046],[73.8385,18.496],[73.8289,18.4874],[73.8186,18.4675],[73.822,18.4675]]}},{"type":"Feature","properties":{"id":"transit_route:gtfs_pune_pmpml:896","field":"public_transport","kind":"transit_route","name":"Gokhale Nagar Police Line to Shanipar Stand (UP)","ref":"58","status":"operational","opened_on":null,"expected_completion":null,"agency":"PMPML","source":"gtfs_pune_pmpml","confidence":0.7,"mode":"bus","tier":"secondary","geometry_source":"shape"},"geometry":{"type":"LineString","coordinates":[[73.825,18.5235],[73.8271,18.5239],[73.8271,18.5291],[73.83,18.529],[73.8291,18.5211],[73.8304,18.5191],[73.843,18.5173],[73.8422,18.5155],[73.8439,18.5128],[73.8522,18.5137],[73.8529,18.5128]]}},{"type":"Feature","properties":{"id":"transit_route:gtfs_pune_pmpml:897","field":"public_transport","kind":"transit_route","name":"Shanipar Stand to Gokhale Nagar Police Line (DOWN)","ref":"58","status":"operational","opened_on":null,"expected_completion":null,"agency":"PMPML","source":"gtfs_pune_pmpml","confidence":0.7,"mode":"bus","tier":"secondary","geometry_source":"shape"},"geometry":{"type":"LineString","coordinates":[[73.8529,18.5128],[73.8538,18.5145],[73.8437,18.5127],[73.8415,18.5176],[73.8303,18.5191],[73.829,18.5211],[73.8298,18.529],[73.8271,18.5291],[73.8271,18.5239],[73.825,18.5235]]}},{"type":"Feature","properties":{"id":"transit_route:gtfs_pune_pmpml:898","field":"public_transport","kind":"transit_route","name":"Niljyoti Society to Shanipar Stand (UP)","ref":"59","status":"operational","opened_on":null,"expected_completion":null,"agency":"PMPML","source":"gtfs_pune_pmpml","confidence":0.7,"mode":"bus","tier":"secondary","geometry_source":"shape"},"geometry":{"type":"LineString","coordinates":[[73.8212,18.5328],[73.8211,18.5306],[73.8232,18.5308],[73.8235,18.5292],[73.83,18.529],[73.8291,18.5211],[73.8304,18.5191],[73.843,18.5173],[73.8422,18.5155],[73.8439,18.5128],[73.8522,18.5137],[73.8529,18.5128]]}},{"type":"Feature","properties":{"id":"transit_route:gtfs_pune_pmpml:899","field":"public_transport","kind":"transit_route","name":"Shanipar Stand to Niljyoti Society (DOWN)","ref":"59","status":"operational","opened_on":null,"expected_completion":null,"agency":"PMPML","source":"gtfs_pune_pmpml","confidence":0.7,"mode":"bus","tier":"secondary","geometry_source":"shape"},"geometry":{"type":"LineString","coordinates":[[73.8529,18.5128],[73.8538,18.5145],[73.8437,18.5127],[73.8415,18.5176],[73.8303,18.5191],[73.829,18.5211],[73.8298,18.529],[73.8235,18.5292],[73.8232,18.5308],[73.8211,18.5306],[73.8211,18.5328]]}},{"type":"Feature","properties":{"id":"transit_route:gtfs_pune_pmpml:902","field":"public_transport","kind":"transit_route","name":"Pune Station Moledina Stand to Swargate (UP)","ref":"5","status":"operational","opened_on":null,"expected_completion":null,"agency":"PMPML","source":"gtfs_pune_pmpml","confidence":0.7,"mode":"bus","tier":"secondary","geometry_source":"shape"},"geometry":{"type":"LineString","coordinates":[[73.873,18.5271],[73.8736,18.5283],[73.8763,18.5282],[73.8764,18.5234],[73.8712,18.5245],[73.8675,18.5229],[73.8693,18.5014],[73.8646,18.4998],[73.859,18.5004],[73.8585,18.499]]}},{"type":"Feature","properties":{"id":"transit_route:gtfs_pune_pmpml:903","field":"public_transport","kind":"transit_route","name":"Swargate to Pune Station Moledina Stand (DOWN)","ref":"5","status":"operational","opened_on":null,"expected_completion":null,"agency":"PMPML","source":"gtfs_pune_pmpml","confidence":0.7,"mode":"bus","tier":"secondary","geometry_source":"shape"},"geometry":{"type":"LineString","coordinates":[[73.8582,18.4995],[73.8584,18.5006],[73.8646,18.5],[73.8691,18.5016],[73.8675,18.5255],[73.8718,18.5245],[73.873,18.5276]]}},{"type":"Feature","properties":{"id":"transit_route:gtfs_pune_pmpml:904","field":"public_transport","kind":"transit_route","name":"Ghule Nagar Vadgaon Budruk to Swargate (UP)","ref":"60","status":"operational","opened_on":null,"expected_completion":null,"agency":"PMPML","source":"gtfs_pune_pmpml","confidence":0.7,"mode":"bus","tier":"secondary","geometry_source":"shape"},"geometry":{"type":"LineString","coordinates":[[73.8251,18.4609],[73.8259,18.4621],[73.8212,18.4683],[73.8247,18.4703],[73.8203,18.4701],[73.8293,18.4882],[73.8456,18.5012],[73.8521,18.4992],[73.8538,18.4998],[73.8537,18.5041],[73.8554,18.504],[73.8585,18.5011],[73.8585,18.499]]}},{"type":"Feature","properties":{"id":"transit_route:gtfs_pune_pmpml:905","field":"public_transport","kind":"transit_route","name":"Swargate to Ghule Nagar Vadgaon Budruk (DOWN)","ref":"60","status":"operational","opened_on":null,"expected_completion":null,"agency":"PMPML","source":"gtfs_pune_pmpml","confidence":0.7,"mode":"bus","tier":"secondary","geometry_source":"shape"},"geometry":{"type":"LineString","coordinates":[[73.8582,18.4995],[73.8581,18.5005],[73.8541,18.5013],[73.8539,18.4997],[73.8514,18.499],[73.8457,18.5011],[73.8297,18.4884],[73.8186,18.4675],[73.823,18.4668],[73.8259,18.4621],[73.8251,18.4609]]}},{"type":"Feature","properties":{"id":"transit_route:gtfs_pune_pmpml:906","field":"public_transport","kind":"transit_route","name":"Sarola to Balaji Nagar Corner Satara Road (UP)","ref":"61","status":"operational","opened_on":null,"expected_completion":null,"agency":"PMPML","source":"gtfs_pune_pmpml","confidence":0.7,"mode":"bus","tier":"secondary","geometry_source":"shape"},"geometry":{"type":"LineString","coordinates":[[73.9549,18.1777],[73.9483,18.1984],[73.9462,18.2011],[73.9434,18.2034],[73.9385,18.205],[73.9113,18.2336],[73.903,18.238],[73.8905,18.2546],[73.8848,18.2595],[73.8722,18.2924],[73.8734,18.3006],[73.8682,18.3058],[73.8654,18.3131],[73.859,18.3181],[73.8576,18.321],[73.852,18.3261],[73.8534,18.3418],[73.8512,18.3467],[73.8568,18.39],[73.8552,18.393],[73.8577,18.3961],[73.8554,18.4033],[73.8585,18.4108],[73.8575,18.4148],[73.8549,18.415],[73.8576,18.418],[73.8581,18.4209],[73.8603,18.4219],[73.8602,18.4251],[73.857,18.4293],[73.8606,18.4369],[73.858,18.4504],[73.8581,18.4643]]}},{"type":"Feature","properties":{"id":"transit_route:gtfs_pune_pmpml:907","field":"public_transport","kind":"transit_route","name":"Balaji Nagar Corner Satara Road to Sarola (DOWN)","ref":"61","status":"operational","opened_on":null,"expected_completion":null,"agency":"PMPML","source":"gtfs_pune_pmpml","confidence":0.7,"mode":"bus","tier":"secondary","geometry_source":"shape"},"geometry":{"type":"LineString","coordinates":[[73.8582,18.4643],[73.8582,18.4502],[73.8606,18.4369],[73.857,18.4293],[73.8602,18.4251],[73.8603,18.4219],[73.8581,18.4209],[73.8576,18.418],[73.8549,18.415],[73.8575,18.4148],[73.8585,18.4108],[73.8554,18.4033],[73.8577,18.3961],[73.8552,18.393],[73.8569,18.3901],[73.8557,18.3737],[73.8541,18.37],[73.8535,18.3576],[73.8514,18.3466],[73.8535,18.3418],[73.8522,18.326],[73.8655,18.3131],[73.8683,18.3058],[73.8735,18.3007],[73.8723,18.2924],[73.8796,18.2715],[73.8852,18.2593],[73.8906,18.2547],[73.9033,18.2381],[73.9114,18.2338],[73.9386,18.205],[73.9457,18.2018],[73.9484,18.1984],[73.955,18.1779]]}},{"type":"Feature","properties":{"id":"transit_route:gtfs_pune_pmpml:910","field":"public_transport","kind":"transit_route","name":"Nda 10 No. Gate to Bhekrai Nagar (UP)","ref":"64","status":"operational","opened_on":null,"expected_completion":null,"agency":"PMPML","source":"gtfs_pune_pmpml","confidence":0.7,"mode":"bus","tier":"secondary","geometry_source":"shape"},"geometry":{"type":"LineString","coordinates":[[73.763,18.4493],[73.7668,18.4523],[73.7673,18.4553],[73.7707,18.4576],[73.7731,18.4611],[73.7736,18.4646],[73.7776,18.4667],[73.7827,18.4662],[73.801,18.4803],[73.8057,18.4804],[73.8097,18.4836],[73.815,18.49],[73.8151,18.4931],[73.8132,18.4948],[73.8134,18.4999],[73.8146,18.5016],[73.8424,18.5146],[73.844,18.512],[73.8586,18.5008],[73.862,18.5001],[73.8784,18.5027],[73.8793,18.507],[73.9128,18.5064],[73.9296,18.5019],[73.9385,18.5009],[73.9473,18.4937],[73.9539,18.4837]]}},{"type":"Feature","properties":{"id":"transit_route:gtfs_pune_pmpml:911","field":"public_transport","kind":"transit_route","name":"Ganpati Matha to Hadapsar Gadital (UP)","ref":"64M","status":"operational","opened_on":null,"expected_completion":null,"agency":"PMPML","source":"gtfs_pune_pmpml","confidence":0.7,"mode":"bus","tier":"secondary","geometry_source":"shape"},"geometry":{"type":"LineString","coordinates":[[73.7958,18.4757],[73.8016,18.4807],[73.8058,18.4805],[73.8146,18.4894],[73.8151,18.4929],[73.8132,18.4948],[73.8134,18.4999],[73.8146,18.5016],[73.8424,18.5146],[73.844,18.512],[73.8586,18.5008],[73.8618,18.5002],[73.8784,18.5027],[73.8793,18.507],[73.8925,18.5062],[73.8981,18.5072],[73.9138,18.5062],[73.9391,18.5001]]}},{"type":"Feature","properties":{"id":"transit_route:gtfs_pune_pmpml:912","field":"public_transport","kind":"transit_route","name":"Hadapsar Gadital to Ganpati Matha (DOWN)","ref":"64M","status":"operational","opened_on":null,"expected_completion":null,"agency":"PMPML","source":"gtfs_pune_pmpml","confidence":0.7,"mode":"bus","tier":"secondary","geometry_source":"shape"},"geometry":{"type":"LineString","coordinates":[[73.939,18.4999],[73.9122,18.5062],[73.8848,18.5066],[73.8839,18.5064],[73.883,18.5054],[73.8794,18.503],[73.8788,18.5028],[73.8793,18.507],[73.8822,18.5065],[73.8823,18.5049],[73.8794,18.503],[73.8786,18.5028],[73.8646,18.4998],[73.8574,18.5006],[73.8542,18.5014],[73.8533,18.5057],[73.8422,18.5143],[73.8147,18.5015],[73.8133,18.4948],[73.8153,18.493],[73.815,18.4897],[73.8058,18.4804],[73.8016,18.4806],[73.7959,18.4758]]}},{"type":"Feature","properties":{"id":"transit_route:gtfs_pune_pmpml:913","field":"public_transport","kind":"transit_route","name":"Bhekrai Nagar to Nda 10 No. Gate (DOWN)","ref":"64","status":"operational","opened_on":null,"expected_completion":null,"agency":"PMPML","source":"gtfs_pune_pmpml","confidence":0.7,"mode":"bus","tier":"secondary","geometry_source":"shape"},"geometry":{"type":"LineString","coordinates":[[73.9539,18.4837],[73.9472,18.4937],[73.9381,18.5008],[73.9115,18.5062],[73.8848,18.5066],[73.8839,18.5064],[73.883,18.5054],[73.8794,18.503],[73.8788,18.5028],[73.8793,18.507],[73.8822,18.5065],[73.8823,18.5049],[73.8794,18.503],[73.8786,18.5028],[73.8646,18.4998],[73.8574,18.5006],[73.8542,18.5014],[73.8533,18.5057],[73.8422,18.5143],[73.8147,18.5015],[73.8133,18.4948],[73.8152,18.4931],[73.8151,18.4899],[73.8097,18.4836],[73.8056,18.4803],[73.801,18.4802],[73.7827,18.4662],[73.7776,18.4667],[73.7736,18.4646],[73.7731,18.4611],[73.7707,18.4576],[73.7673,18.4553],[73.7668,18.4523],[73.7631,18.4494]]}},{"type":"Feature","properties":{"id":"transit_route:gtfs_pune_pmpml:914","field":"public_transport","kind":"transit_route","name":"Patas to Hadapsar Gadital Solapur Road (UP)","ref":"65A","status":"operational","opened_on":null,"expected_completion":null,"agency":"PMPML","source":"gtfs_pune_pmpml","confidence":0.7,"mode":"bus","tier":"secondary","geometry_source":"shape"},"geometry":{"type":"LineString","coordinates":[[74.4586,18.4319],[74.4274,18.4435],[74.3876,18.4532],[74.364,18.4559],[74.3243,18.4649],[74.2058,18.4886],[74.1896,18.4901],[74.1639,18.4865],[74.0241,18.4889],[73.9393,18.5007]]}},{"type":"Feature","properties":{"id":"transit_route:gtfs_pune_pmpml:915","field":"public_transport","kind":"transit_route","name":"Hadapsar Gadital Solapur Road to Patas (DOWN)","ref":"65A","status":"operational","opened_on":null,"expected_completion":null,"agency":"PMPML","source":"gtfs_pune_pmpml","confidence":0.7,"mode":"bus","tier":"secondary","geometry_source":"shape"},"geometry":{"type":"LineString","coordinates":[[73.9393,18.5008],[74.0241,18.489],[74.164,18.4866],[74.1897,18.4901],[74.2061,18.4886],[74.3238,18.4652],[74.3611,18.4566],[74.388,18.4533],[74.4267,18.4438],[74.4586,18.4319]]}},{"type":"Feature","properties":{"id":"transit_route:gtfs_pune_pmpml:920","field":"public_transport","kind":"transit_route","name":"Thakarwadi to Marketyard Depot (UP)","ref":"66","status":"operational","opened_on":null,"expected_completion":null,"agency":"PMPML","source":"gtfs_pune_pmpml","confidence":0.7,"mode":"bus","tier":"secondary","geometry_source":"shape"},"geometry":{"type":"LineString","coordinates":[[73.696,18.438],[73.6984,18.4374],[73.7024,18.4391],[73.7077,18.4353],[73.7154,18.4334],[73.7199,18.431],[73.7231,18.4254],[73.7296,18.4224],[73.7305,18.4205],[73.7298,18.4173],[73.7379,18.4189],[73.7388,18.4197],[73.7383,18.4265],[73.7415,18.4282],[73.7414,18.4319],[73.7429,18.4328],[73.7446,18.4319],[73.7481,18.4343],[73.7488,18.4357],[73.747,18.4379],[73.7485,18.4398],[73.7558,18.4364],[73.7586,18.4372],[73.7619,18.4481],[73.7668,18.4523],[73.7673,18.4553],[73.7707,18.4576],[73.7731,18.4611],[73.7736,18.4646],[73.7776,18.4667],[73.7827,18.4662],[73.801,18.4803],[73.8058,18.4805],[73.815,18.49],[73.8151,18.4931],[73.8132,18.4948],[73.8134,18.4999],[73.8146,18.5016],[73.8424,18.5146],[73.8439,18.5127],[73.8433,18.5105],[73.8454,18.5032],[73.8535,18.5042],[73.8539,18.5052],[73.8585,18.5011],[73.8576,18.4894],[73.8701,18.4895],[73.8715,18.4837]]}},{"type":"Feature","properties":{"id":"transit_route:gtfs_pune_pmpml:921","field":"public_transport","kind":"transit_route","name":"Marketyard Depot to Thakarwadi (DOWN)","ref":"66","status":"operational","opened_on":null,"expected_completion":null,"agency":"PMPML","source":"gtfs_pune_pmpml","confidence":0.7,"mode":"bus","tier":"secondary","geometry_source":"shape"},"geometry":{"type":"LineString","coordinates":[[73.8714,18.4837],[73.8701,18.4894],[73.8574,18.4893],[73.8579,18.4941],[73.8579,18.4961],[73.8579,18.4969],[73.8584,18.5],[73.8584,18.5001],[73.8583,18.5003],[73.8582,18.5004],[73.8581,18.5005],[73.8579,18.5005],[73.854,18.5017],[73.8537,18.5041],[73.8554,18.504],[73.8585,18.5011],[73.8585,18.4994],[73.8581,18.4966],[73.8578,18.4966],[73.8578,18.497],[73.8583,18.5003],[73.8542,18.5014],[73.854,18.5017],[73.8535,18.5041],[73.8507,18.5043],[73.8508,18.4993],[73.8456,18.5011],[73.8432,18.5106],[73.8438,18.5127],[73.8422,18.5143],[73.8147,18.5015],[73.8133,18.4948],[73.8152,18.4931],[73.8151,18.4899],[73.8058,18.4804],[73.801,18.4802],[73.7827,18.4662],[73.7776,18.4667],[73.7736,18.4646],[73.7731,18.4611],[73.7707,18.4576],[73.7673,18.4553],[73.7668,18.4523],[73.7619,18.4481],[73.7586,18.4372],[73.7558,18.4364],[73.7485,18.4398],[73.747,18.4379],[73.7488,18.4357],[73.7481,18.4343],[73.7446,18.4319],[73.7429,18.4328],[73.7414,18.4319],[73.7415,18.4282],[73.7383,18.4265],[73.7388,18.4197],[73.7379,18.4189],[73.7298,18.4173],[73.7305,18.4205],[73.7296,18.4224],[73.7231,18.4254],[73.7199,18.431],[73.7154,18.4334],[73.7077,18.4353],[73.7024,18.4391],[73.6984,18.4374],[73.696,18.438]]}},{"type":"Feature","properties":{"id":"transit_route:gtfs_pune_pmpml:922","field":"public_transport","kind":"transit_route","name":"Uruli Kanchan to Swargate (UP)","ref":"67A","status":"operational","opened_on":null,"expected_completion":null,"agency":"PMPML","source":"gtfs_pune_pmpml","confidence":0.7,"mode":"bus","tier":"secondary","geometry_source":"shape"},"geometry":{"type":"LineString","coordinates":[[74.1307,18.4874],[74.0234,18.4889],[73.9296,18.5017],[73.9115,18.5062],[73.8848,18.5066],[73.8839,18.5064],[73.883,18.5054],[73.8794,18.503],[73.8788,18.5028],[73.8793,18.507],[73.8823,18.506],[73.8794,18.503],[73.8786,18.5028],[73.8748,18.5019],[73.8702,18.5016],[73.8646,18.4998],[73.859,18.5004],[73.8585,18.499]]}},{"type":"Feature","properties":{"id":"transit_route:gtfs_pune_pmpml:923","field":"public_transport","kind":"transit_route","name":"Swargate to Uruli Kanchan (DOWN)","ref":"67A","status":"operational","opened_on":null,"expected_completion":null,"agency":"PMPML","source":"gtfs_pune_pmpml","confidence":0.7,"mode":"bus","tier":"secondary","geometry_source":"shape"},"geometry":{"type":"LineString","coordinates":[[73.8582,18.4995],[73.8587,18.5006],[73.8646,18.5],[73.8784,18.5027],[73.8793,18.507],[73.8925,18.5062],[73.8981,18.5072],[73.9138,18.5062],[73.9301,18.5018],[74.0233,18.4891],[74.1306,18.4875]]}},{"type":"Feature","properties":{"id":"transit_route:gtfs_pune_pmpml:927","field":"public_transport","kind":"transit_route","name":"Uruli Kanchan to Hadapsar Gadital Solapur Road (UP)","ref":"67","status":"operational","opened_on":null,"expected_completion":null,"agency":"PMPML","source":"gtfs_pune_pmpml","confidence":0.7,"mode":"bus","tier":"secondary","geometry_source":"shape"},"geometry":{"type":"LineString","coordinates":[[74.1307,18.4874],[74.0241,18.4889],[73.9393,18.5007]]}},{"type":"Feature","properties":{"id":"transit_route:gtfs_pune_pmpml:929","field":"public_transport","kind":"transit_route","name":"Hadapsar Gadital Solapur Road to Uruli Kanchan (DOWN)","ref":"67","status":"operational","opened_on":null,"expected_completion":null,"agency":"PMPML","source":"gtfs_pune_pmpml","confidence":0.7,"mode":"bus","tier":"secondary","geometry_source":"shape"},"geometry":{"type":"LineString","coordinates":[[73.9393,18.5008],[74.0237,18.489],[74.1306,18.4875]]}},{"type":"Feature","properties":{"id":"transit_route:gtfs_pune_pmpml:930","field":"public_transport","kind":"transit_route","name":"Upper Depot to Sutardara (UP)","ref":"68","status":"operational","opened_on":null,"expected_completion":null,"agency":"PMPML","source":"gtfs_pune_pmpml","confidence":0.7,"mode":"bus","tier":"secondary","geometry_source":"shape"},"geometry":{"type":"LineString","coordinates":[[73.8706,18.4611],[73.8667,18.4611],[73.8652,18.4625],[73.8611,18.4812],[73.8574,18.4869],[73.8584,18.5001],[73.854,18.5017],[73.8538,18.5145],[73.8437,18.5127],[73.8422,18.5143],[73.8253,18.5059],[73.82,18.5104],[73.8092,18.5081],[73.809,18.5124],[73.8059,18.5124],[73.8059,18.5156],[73.8078,18.5155]]}},{"type":"Feature","properties":{"id":"transit_route:gtfs_pune_pmpml:931","field":"public_transport","kind":"transit_route","name":"Sutardara to Upper Depot (DOWN)","ref":"68","status":"operational","opened_on":null,"expected_completion":null,"agency":"PMPML","source":"gtfs_pune_pmpml","confidence":0.7,"mode":"bus","tier":"secondary","geometry_source":"shape"},"geometry":{"type":"LineString","coordinates":[[73.8078,18.5155],[73.8059,18.5156],[73.8059,18.5124],[73.809,18.5124],[73.8091,18.5082],[73.8195,18.511],[73.8251,18.506],[73.8424,18.5146],[73.8439,18.5128],[73.8573,18.5135],[73.8591,18.5042],[73.8575,18.4889],[73.8583,18.4864],[73.8575,18.4869],[73.8612,18.4813],[73.8652,18.4627],[73.8668,18.4612],[73.8706,18.4611]]}},{"type":"Feature","properties":{"id":"transit_route:gtfs_pune_pmpml:934","field":"public_transport","kind":"transit_route","name":"Ghotawadegaon to Marketyard Depot (UP)","ref":"69","status":"operational","opened_on":null,"expected_completion":null,"agency":"PMPML","source":"gtfs_pune_pmpml","confidence":0.7,"mode":"bus","tier":"secondary","geometry_source":"shape"},"geometry":{"type":"LineString","coordinates":[[73.6629,18.5489],[73.6642,18.5487],[73.6657,18.5461],[73.6688,18.5457],[73.6699,18.5221],[73.676,18.5165],[73.6779,18.513],[73.6896,18.5101],[73.6987,18.511],[73.7071,18.5047],[73.71,18.4998],[73.7121,18.4987],[73.7186,18.4983],[73.7277,18.5014],[73.7351,18.4981],[73.7397,18.5002],[73.7479,18.5017],[73.7544,18.5001],[73.77,18.5078],[73.7766,18.5071],[73.7907,18.5085],[73.8027,18.507],[73.8195,18.511],[73.8255,18.506],[73.8424,18.5146],[73.8439,18.5127],[73.8433,18.5105],[73.8454,18.5032],[73.8535,18.5042],[73.8539,18.5052],[73.8585,18.5011],[73.8576,18.4894],[73.8701,18.4895],[73.8715,18.4837]]}},{"type":"Feature","properties":{"id":"transit_route:gtfs_pune_pmpml:935","field":"public_transport","kind":"transit_route","name":"Marketyard Depot to Ghotawadegaon (DOWN)","ref":"69","status":"operational","opened_on":null,"expected_completion":null,"agency":"PMPML","source":"gtfs_pune_pmpml","confidence":0.7,"mode":"bus","tier":"secondary","geometry_source":"shape"},"geometry":{"type":"LineString","coordinates":[[73.8714,18.4837],[73.8701,18.4894],[73.8574,18.4893],[73.8583,18.5002],[73.8542,18.5014],[73.8535,18.5041],[73.8507,18.5043],[73.8508,18.4993],[73.8456,18.5011],[73.8432,18.5106],[73.8438,18.5127],[73.8423,18.5143],[73.8254,18.5059],[73.8195,18.5105],[73.8028,18.5069],[73.7907,18.5084],[73.7817,18.5063],[73.7795,18.5075],[73.77,18.5078],[73.7544,18.5001],[73.7479,18.5017],[73.7397,18.5002],[73.7351,18.4981],[73.7277,18.5014],[73.7186,18.4983],[73.7121,18.4987],[73.71,18.4998],[73.7071,18.5047],[73.6987,18.511],[73.6896,18.5101],[73.6779,18.513],[73.676,18.5165],[73.6699,18.5221],[73.6688,18.5457],[73.6657,18.5461],[73.6642,18.5487],[73.6629,18.5489]]}},{"type":"Feature","properties":{"id":"transit_route:gtfs_pune_pmpml:938","field":"public_transport","kind":"transit_route","name":"Mulshi Gaon to Marketyard Depot (UP)","ref":"70","status":"operational","opened_on":null,"expected_completion":null,"agency":"PMPML","source":"gtfs_pune_pmpml","confidence":0.7,"mode":"bus","tier":"secondary","geometry_source":"shape"},"geometry":{"type":"LineString","coordinates":[[73.5138,18.4985],[73.5166,18.5053],[73.5161,18.5157],[73.5173,18.5184],[73.5212,18.5178],[73.5189,18.5222],[73.5166,18.5237],[73.5164,18.5275],[73.5252,18.5305],[73.5421,18.5328],[73.5537,18.5309],[73.5661,18.5312],[73.5806,18.5254],[73.5862,18.5243],[73.606,18.5244],[73.6118,18.5228],[73.6179,18.5242],[73.6256,18.5205],[73.6409,18.5201],[73.6424,18.5173],[73.6479,18.5187],[73.6512,18.515],[73.6564,18.5155],[73.6627,18.5136],[73.6714,18.5135],[73.6747,18.5177],[73.6779,18.513],[73.6835,18.5111],[73.6875,18.5114],[73.6896,18.5101],[73.6987,18.511],[73.7071,18.5047],[73.7102,18.4996],[73.7142,18.4982],[73.7196,18.4985],[73.7277,18.5014],[73.7351,18.4981],[73.7397,18.5002],[73.7479,18.5017],[73.7544,18.5001],[73.77,18.5078],[73.7766,18.5071],[73.7907,18.5085],[73.8027,18.507],[73.8195,18.511],[73.8255,18.506],[73.8424,18.5146],[73.8439,18.5127],[73.8433,18.5105],[73.8452,18.5042],[73.8454,18.5033],[73.8454,18.5032],[73.8455,18.5032],[73.8456,18.5012],[73.847,18.5013],[73.8489,18.5007],[73.8456,18.5011],[73.8453,18.5033],[73.8454,18.5032],[73.8458,18.5032],[73.8472,18.504],[73.8488,18.5042],[73.8535,18.5042],[73.8539,18.5052],[73.8585,18.5011],[73.8576,18.4894],[73.8701,18.4895],[73.8715,18.4837]]}},{"type":"Feature","properties":{"id":"transit_route:gtfs_pune_pmpml:939","field":"public_transport","kind":"transit_route","name":"Marketyard Depot to Mulshi Gaon (DOWN)","ref":"70","status":"operational","opened_on":null,"expected_completion":null,"agency":"PMPML","source":"gtfs_pune_pmpml","confidence":0.7,"mode":"bus","tier":"secondary","geometry_source":"shape"},"geometry":{"type":"LineString","coordinates":[[73.8714,18.4837],[73.8701,18.4894],[73.8574,18.4893],[73.8583,18.5002],[73.8542,18.5014],[73.8535,18.5041],[73.8507,18.5043],[73.8508,18.4993],[73.8456,18.5011],[73.8432,18.5106],[73.8438,18.5127],[73.8423,18.5143],[73.8254,18.5059],[73.8196,18.5105],[73.8028,18.5069],[73.7907,18.5084],[73.7817,18.5063],[73.7795,18.5075],[73.77,18.5078],[73.7544,18.5001],[73.7479,18.5017],[73.7397,18.5002],[73.7351,18.4981],[73.7277,18.5014],[73.7196,18.4985],[73.7142,18.4982],[73.7104,18.4995],[73.7071,18.5047],[73.6982,18.5111],[73.6896,18.5101],[73.6781,18.5129],[73.6627,18.5136],[73.6564,18.5155],[73.6519,18.5149],[73.648,18.5186],[73.6425,18.5173],[73.641,18.5201],[73.6256,18.5205],[73.6179,18.5242],[73.6118,18.5228],[73.606,18.5244],[73.5862,18.5243],[73.5806,18.5254],[73.5661,18.5312],[73.5537,18.5309],[73.5421,18.5328],[73.5252,18.5305],[73.5164,18.5275],[73.5166,18.5237],[73.5189,18.5222],[73.5212,18.5178],[73.5173,18.5184],[73.5161,18.5157],[73.5166,18.5053],[73.5138,18.4985]]}},{"type":"Feature","properties":{"id":"transit_route:gtfs_pune_pmpml:943","field":"public_transport","kind":"transit_route","name":"Nda 10 No. Gate to Sukhsagar Nagar (UP)","ref":"72","status":"operational","opened_on":null,"expected_completion":null,"agency":"PMPML","source":"gtfs_pune_pmpml","confidence":0.7,"mode":"bus","tier":"secondary","geometry_source":"shape"},"geometry":{"type":"LineString","coordinates":[[73.763,18.4493],[73.7668,18.4523],[73.7673,18.4553],[73.7707,18.4576],[73.7731,18.4611],[73.7736,18.4646],[73.7776,18.4667],[73.7827,18.4662],[73.801,18.4803],[73.8057,18.4804],[73.8097,18.4836],[73.815,18.49],[73.8151,18.4931],[73.8132,18.4948],[73.8134,18.4999],[73.8146,18.5016],[73.8424,18.5146],[73.844,18.512],[73.8585,18.5011],[73.8583,18.4864],[73.8575,18.4869],[73.8612,18.4813],[73.8652,18.4627],[73.8668,18.4612],[73.8706,18.4611],[73.8692,18.4602],[73.8694,18.4568]]}},{"type":"Feature","properties":{"id":"transit_route:gtfs_pune_pmpml:944","field":"public_transport","kind":"transit_route","name":"Sukhsagar Nagar to Nda 10 No. Gate (DOWN)","ref":"72","status":"operational","opened_on":null,"expected_completion":null,"agency":"PMPML","source":"gtfs_pune_pmpml","confidence":0.7,"mode":"bus","tier":"secondary","geometry_source":"shape"},"geometry":{"type":"LineString","coordinates":[[73.8694,18.4568],[73.8692,18.4602],[73.8707,18.4604],[73.8706,18.4611],[73.8667,18.4611],[73.8652,18.4625],[73.8611,18.4812],[73.8574,18.4869],[73.8583,18.5002],[73.8542,18.5014],[73.8533,18.5057],[73.8423,18.5143],[73.8147,18.5015],[73.8133,18.4948],[73.8152,18.4931],[73.8151,18.4899],[73.8097,18.4836],[73.8056,18.4803],[73.801,18.4802],[73.7827,18.4662],[73.7776,18.4667],[73.7736,18.4646],[73.7731,18.4611],[73.7707,18.4576],[73.7673,18.4553],[73.7668,18.4523],[73.7631,18.4494]]}},{"type":"Feature","properties":{"id":"transit_route:gtfs_pune_pmpml:947","field":"public_transport","kind":"transit_route","name":"Gada Modi Chowk Khamgaon to Hadapsar Gadital Solapur Road (UP)","ref":"73","status":"operational","opened_on":null,"expected_completion":null,"agency":"PMPML","source":"gtfs_pune_pmpml","confidence":0.7,"mode":"bus","tier":"secondary","geometry_source":"shape"},"geometry":{"type":"LineString","coordinates":[[74.2225,18.5415],[74.2188,18.5422],[74.2105,18.534],[74.2078,18.5296],[74.1981,18.5262],[74.1968,18.5173],[74.1888,18.5167],[74.1804,18.5103],[74.1754,18.4935],[74.1771,18.4926],[74.1776,18.4883],[74.1639,18.4865],[74.0241,18.4889],[73.939,18.5007]]}},{"type":"Feature","properties":{"id":"transit_route:gtfs_pune_pmpml:948","field":"public_transport","kind":"transit_route","name":"Hadapsar Gadital Solapur Road to Gada Modi Chowk Khamgaon (DOWN)","ref":"73","status":"operational","opened_on":null,"expected_completion":null,"agency":"PMPML","source":"gtfs_pune_pmpml","confidence":0.7,"mode":"bus","tier":"secondary","geometry_source":"shape"},"geometry":{"type":"LineString","coordinates":[[73.9393,18.5008],[74.0237,18.489],[74.164,18.4866],[74.1776,18.4884],[74.1771,18.4926],[74.1754,18.4935],[74.1804,18.5103],[74.1888,18.5167],[74.1968,18.5173],[74.1981,18.5262],[74.2078,18.5296],[74.2105,18.534],[74.2188,18.5422],[74.2225,18.5415]]}},{"type":"Feature","properties":{"id":"transit_route:gtfs_pune_pmpml:951","field":"public_transport","kind":"transit_route","name":"Paud Shashkiy Vishram Gruh to Chinchwadgaon (UP)","ref":"74","status":"operational","opened_on":null,"expected_completion":null,"agency":"PMPML","source":"gtfs_pune_pmpml","confidence":0.7,"mode":"bus","tier":"secondary","geometry_source":"shape"},"geometry":{"type":"LineString","coordinates":[[73.6077,18.5242],[73.6128,18.5228],[73.6179,18.5242],[73.6288,18.52],[73.6409,18.5201],[73.6427,18.5173],[73.648,18.5186],[73.6519,18.5149],[73.6564,18.5155],[73.6627,18.5136],[73.6779,18.513],[73.676,18.5165],[73.6699,18.5221],[73.6683,18.5481],[73.6695,18.5532],[73.6679,18.5563],[73.6751,18.5649],[73.6776,18.5712],[73.684,18.5737],[73.6887,18.5734],[73.6872,18.5829],[73.6931,18.5833],[73.7047,18.5887],[73.7079,18.5937],[73.7186,18.5971],[73.7227,18.5947],[73.7354,18.5939],[73.7389,18.5913],[73.7399,18.5956],[73.7422,18.598],[73.7435,18.5989],[73.744,18.5993],[73.7447,18.5998],[73.7448,18.5997],[73.7431,18.5986],[73.744,18.5993],[73.7446,18.5998],[73.7446,18.5999],[73.7434,18.602],[73.7438,18.602],[73.744,18.6022],[73.7447,18.6025],[73.7453,18.6028],[73.7458,18.6006],[73.7447,18.5998],[73.7434,18.602],[73.7466,18.6035],[73.7506,18.6041],[73.7618,18.6121],[73.7753,18.6242],[73.7752,18.6289],[73.7776,18.6311],[73.7816,18.6297],[73.7822,18.6277]]}},{"type":"Feature","properties":{"id":"transit_route:gtfs_pune_pmpml:952","field":"public_transport","kind":"transit_route","name":"Chinchwadgaon to Paud Shashkiy Vishram Gruh (DOWN)","ref":"74","status":"operational","opened_on":null,"expected_completion":null,"agency":"PMPML","source":"gtfs_pune_pmpml","confidence":0.7,"mode":"bus","tier":"secondary","geometry_source":"shape"},"geometry":{"type":"LineString","coordinates":[[73.7822,18.6277],[73.7825,18.629],[73.7776,18.6309],[73.7754,18.6288],[73.775,18.6238],[73.7559,18.6071],[73.7527,18.6059],[73.7399,18.5956],[73.7364,18.5866],[73.7334,18.5859],[73.7322,18.594],[73.7227,18.5945],[73.7191,18.5969],[73.7132,18.596],[73.7081,18.5935],[73.7047,18.5886],[73.6935,18.5832],[73.688,18.5822],[73.6889,18.5734],[73.6839,18.5737],[73.6774,18.5711],[73.6751,18.5649],[73.6679,18.5562],[73.6695,18.5532],[73.6683,18.5481],[73.6699,18.5221],[73.676,18.5165],[73.6779,18.513],[73.6627,18.5136],[73.6564,18.5155],[73.6517,18.5149],[73.648,18.5186],[73.6425,18.5173],[73.641,18.5201],[73.6256,18.5205],[73.6179,18.5242],[73.6118,18.5228],[73.6094,18.5242],[73.6031,18.5243]]}},{"type":"Feature","properties":{"id":"transit_route:gtfs_pune_pmpml:959","field":"public_transport","kind":"transit_route","name":"Hinjawadi Maan Phase 3 to Ganpati Matha (UP)","ref":"77","status":"operational","opened_on":null,"expected_completion":null,"agency":"PMPML","source":"gtfs_pune_pmpml","confidence":0.7,"mode":"bus","tier":"secondary","geometry_source":"shape"},"geometry":{"type":"LineString","coordinates":[[73.6883,18.5766],[73.6872,18.5829],[73.693,18.5833],[73.7047,18.5887],[73.7078,18.5936],[73.7132,18.5961],[73.7187,18.5971],[73.7227,18.5947],[73.7352,18.5939],[73.7389,18.5913],[73.7476,18.5908],[73.7567,18.5921],[73.7563,18.595],[73.7745,18.5466],[73.79,18.5427],[73.7935,18.5409],[73.794,18.5371],[73.7968,18.5379],[73.7906,18.527],[73.7886,18.5263],[73.7835,18.5273],[73.7806,18.5241],[73.7788,18.5196],[73.7825,18.5144],[73.7823,18.5078],[73.7907,18.5085],[73.8028,18.507],[73.8195,18.511],[73.8251,18.5057],[73.8145,18.5013],[73.8133,18.4948],[73.8153,18.493],[73.815,18.4897],[73.8058,18.4804],[73.8016,18.4806],[73.7959,18.4758]]}},{"type":"Feature","properties":{"id":"transit_route:gtfs_pune_pmpml:960","field":"public_transport","kind":"transit_route","name":"Ganpati Matha to Hinjawadi Maan Phase 3 (DOWN)","ref":"77","status":"operational","opened_on":null,"expected_completion":null,"agency":"PMPML","source":"gtfs_pune_pmpml","confidence":0.7,"mode":"bus","tier":"secondary","geometry_source":"shape"},"geometry":{"type":"LineString","coordinates":[[73.7958,18.4757],[73.8016,18.4807],[73.8056,18.4804],[73.8097,18.4836],[73.815,18.4903],[73.8151,18.4931],[73.8132,18.4946],[73.8134,18.4999],[73.8155,18.5021],[73.8248,18.5059],[73.8196,18.5105],[73.8028,18.5069],[73.7903,18.5083],[73.7857,18.5066],[73.7866,18.5048],[73.7825,18.5087],[73.7825,18.5144],[73.7788,18.5196],[73.7806,18.5241],[73.7835,18.5273],[73.7887,18.5263],[73.7906,18.527],[73.7968,18.5379],[73.7939,18.5371],[73.7935,18.5408],[73.79,18.5426],[73.7692,18.5484],[73.7733,18.5472],[73.757,18.5919],[73.751,18.5907],[73.7389,18.5912],[73.7366,18.5867],[73.7337,18.5858],[73.7322,18.594],[73.7227,18.5945],[73.7191,18.5969],[73.7132,18.596],[73.7081,18.5935],[73.7047,18.5886],[73.6935,18.5832],[73.688,18.5822],[73.6883,18.5766]]}},{"type":"Feature","properties":{"id":"transit_route:gtfs_pune_pmpml:961","field":"public_transport","kind":"transit_route","name":"Nda 10 No. Gate to Marketyard Depot (UP)","ref":"78","status":"operational","opened_on":null,"expected_completion":null,"agency":"PMPML","source":"gtfs_pune_pmpml","confidence":0.7,"mode":"bus","tier":"secondary","geometry_source":"shape"},"geometry":{"type":"LineString","coordinates":[[73.763,18.4493],[73.7668,18.4523],[73.7673,18.4553],[73.7707,18.4576],[73.7731,18.4611],[73.7737,18.4646],[73.7776,18.4667],[73.7827,18.4662],[73.801,18.4803],[73.8058,18.4805],[73.8145,18.4893],[73.8167,18.4889],[73.8184,18.4927],[73.8267,18.49],[73.8286,18.4952],[73.8261,18.4982],[73.8257,18.501],[73.8328,18.5057],[73.8313,18.5088],[73.8424,18.5146],[73.844,18.512],[73.8585,18.5011],[73.8581,18.4967],[73.862,18.4957],[73.862,18.492],[73.8693,18.493],[73.8715,18.4837]]}},{"type":"Feature","properties":{"id":"transit_route:gtfs_pune_pmpml:962","field":"public_transport","kind":"transit_route","name":"Marketyard Depot to Nda 10 No. Gate (DOWN)","ref":"78","status":"operational","opened_on":null,"expected_completion":null,"agency":"PMPML","source":"gtfs_pune_pmpml","confidence":0.7,"mode":"bus","tier":"secondary","geometry_source":"shape"},"geometry":{"type":"LineString","coordinates":[[73.8714,18.4837],[73.8692,18.493],[73.862,18.492],[73.862,18.4965],[73.8578,18.4966],[73.8583,18.5003],[73.8542,18.5014],[73.8533,18.5057],[73.8422,18.5143],[73.8315,18.5086],[73.833,18.5057],[73.8257,18.501],[73.8261,18.4982],[73.8303,18.4946],[73.8272,18.4898],[73.8184,18.4927],[73.8182,18.4908],[73.8153,18.4911],[73.8097,18.4836],[73.8058,18.4804],[73.8011,18.4803],[73.7827,18.4662],[73.7776,18.4667],[73.7736,18.4646],[73.7731,18.4611],[73.7707,18.4576],[73.7673,18.4553],[73.7668,18.4523],[73.7631,18.4494]]}},{"type":"Feature","properties":{"id":"transit_route:gtfs_pune_pmpml:970","field":"public_transport","kind":"transit_route","name":"Pune Station Moledina Stand to Kumbare Park (UP)","ref":"81","status":"operational","opened_on":null,"expected_completion":null,"agency":"PMPML","source":"gtfs_pune_pmpml","confidence":0.7,"mode":"bus","tier":"secondary","geometry_source":"shape"},"geometry":{"type":"LineString","coordinates":[[73.873,18.5271],[73.8736,18.5283],[73.8763,18.5282],[73.8764,18.5234],[73.8712,18.5245],[73.8675,18.5229],[73.8682,18.5197],[73.8615,18.5192],[73.8618,18.5161],[73.8437,18.5127],[73.8422,18.5143],[73.8254,18.5059],[73.82,18.5104],[73.8028,18.5069],[73.8037,18.5044],[73.8055,18.5042],[73.8039,18.4961],[73.802,18.4962],[73.8023,18.5023],[73.7981,18.5032]]}},{"type":"Feature","properties":{"id":"transit_route:gtfs_pune_pmpml:971","field":"public_transport","kind":"transit_route","name":"Kumbare Park to Pune Station Moledina Stand (DOWN)","ref":"81","status":"operational","opened_on":null,"expected_completion":null,"agency":"PMPML","source":"gtfs_pune_pmpml","confidence":0.7,"mode":"bus","tier":"secondary","geometry_source":"shape"},"geometry":{"type":"LineString","coordinates":[[73.7981,18.5032],[73.8024,18.5023],[73.8021,18.4962],[73.8039,18.4961],[73.8055,18.5042],[73.8037,18.5044],[73.8028,18.507],[73.8195,18.511],[73.8255,18.506],[73.8424,18.5146],[73.8439,18.5128],[73.8538,18.5137],[73.8553,18.521],[73.8562,18.5185],[73.8646,18.5203],[73.8682,18.5197],[73.8675,18.5256],[73.8718,18.5245],[73.873,18.5276]]}},{"type":"Feature","properties":{"id":"transit_route:gtfs_pune_pmpml:979","field":"public_transport","kind":"transit_route","name":"Alandi to Nda 10 No. Gate (UP)","ref":"83","status":"operational","opened_on":null,"expected_completion":null,"agency":"PMPML","source":"gtfs_pune_pmpml","confidence":0.7,"mode":"bus","tier":"secondary","geometry_source":"shape"},"geometry":{"type":"LineString","coordinates":[[73.8971,18.6748],[73.8931,18.6733],[73.8874,18.6644],[73.8838,18.6524],[73.8789,18.6425],[73.8749,18.6375],[73.8728,18.6015],[73.8752,18.5824],[73.8796,18.5676],[73.8772,18.5645],[73.8743,18.5537],[73.8711,18.5486],[73.8634,18.5536],[73.8624,18.5544],[73.862,18.5549],[73.8614,18.5556],[73.8609,18.5561],[73.8577,18.5575],[73.8609,18.5562],[73.8616,18.5554],[73.8615,18.5553],[73.8611,18.5552],[73.8598,18.5546],[73.8568,18.5529],[73.8549,18.5492],[73.8525,18.5504],[73.8512,18.5491],[73.8519,18.5465],[73.8506,18.5374],[73.855,18.5306],[73.8513,18.5274],[73.8546,18.5232],[73.8478,18.5223],[73.8412,18.5134],[73.8147,18.5015],[73.8133,18.4948],[73.8152,18.4931],[73.8151,18.4899],[73.8097,18.4836],[73.8056,18.4803],[73.801,18.4802],[73.7827,18.4662],[73.7776,18.4667],[73.7736,18.4646],[73.7731,18.4611],[73.7707,18.4576],[73.7673,18.4553],[73.7668,18.4523],[73.763,18.4493]]}},{"type":"Feature","properties":{"id":"transit_route:gtfs_pune_pmpml:980","field":"public_transport","kind":"transit_route","name":"Nda 10 No. Gate to Alandi (DOWN)","ref":"83","status":"operational","opened_on":null,"expected_completion":null,"agency":"PMPML","source":"gtfs_pune_pmpml","confidence":0.7,"mode":"bus","tier":"secondary","geometry_source":"shape"},"geometry":{"type":"LineString","coordinates":[[73.7631,18.4494],[73.7668,18.4523],[73.7673,18.4553],[73.7707,18.4576],[73.7731,18.4611],[73.7736,18.4646],[73.7776,18.4667],[73.7827,18.4662],[73.801,18.4803],[73.8057,18.4804],[73.8097,18.4836],[73.815,18.49],[73.8151,18.493],[73.8132,18.4948],[73.8134,18.4999],[73.8146,18.5016],[73.8421,18.5144],[73.8409,18.5225],[73.8422,18.527],[73.8495,18.5249],[73.8482,18.5228],[73.8531,18.5227],[73.8526,18.5245],[73.8536,18.525],[73.8499,18.5296],[73.8549,18.5305],[73.8505,18.5375],[73.8518,18.5465],[73.851,18.5491],[73.8523,18.5504],[73.8549,18.5494],[73.8569,18.553],[73.8615,18.5556],[73.8711,18.5488],[73.8742,18.5537],[73.8771,18.5646],[73.8794,18.5675],[73.8751,18.5823],[73.8728,18.6015],[73.8747,18.6373],[73.8792,18.6434],[73.8836,18.6524],[73.8873,18.6645],[73.8931,18.6734],[73.8971,18.6748]]}},{"type":"Feature","properties":{"id":"transit_route:gtfs_pune_pmpml:982","field":"public_transport","kind":"transit_route","name":"Sangrun to Deccan Gymkhana (UP)","ref":"84A","status":"operational","opened_on":null,"expected_completion":null,"agency":"PMPML","source":"gtfs_pune_pmpml","confidence":0.7,"mode":"bus","tier":"secondary","geometry_source":"shape"},"geometry":{"type":"LineString","coordinates":[[73.6784,18.4001],[73.6835,18.4057],[73.6902,18.4044],[73.6909,18.4007],[73.6924,18.4028],[73.6947,18.403],[73.6954,18.4059],[73.6998,18.4047],[73.7146,18.4189],[73.7214,18.4175],[73.7252,18.4147],[73.7338,18.4168],[73.7384,18.4192],[73.7383,18.4265],[73.7415,18.4282],[73.7414,18.4319],[73.7429,18.4328],[73.7446,18.4319],[73.7481,18.4343],[73.7488,18.4357],[73.747,18.4379],[73.7485,18.4398],[73.7558,18.4364],[73.7586,18.4372],[73.7619,18.4481],[73.7668,18.4523],[73.7673,18.4553],[73.7707,18.4576],[73.7731,18.4611],[73.7736,18.4646],[73.7776,18.4667],[73.7827,18.4662],[73.801,18.4803],[73.8058,18.4805],[73.815,18.49],[73.8151,18.4931],[73.8132,18.4946],[73.8144,18.5014],[73.8408,18.5133],[73.8423,18.5147],[73.8417,18.5174],[73.843,18.5167]]}},{"type":"Feature","properties":{"id":"transit_route:gtfs_pune_pmpml:983","field":"public_transport","kind":"transit_route","name":"Deccan Gymkhana to Sangrun (DOWN)","ref":"84A","status":"operational","opened_on":null,"expected_completion":null,"agency":"PMPML","source":"gtfs_pune_pmpml","confidence":0.7,"mode":"bus","tier":"secondary","geometry_source":"shape"},"geometry":{"type":"LineString","coordinates":[[73.843,18.5167],[73.8408,18.5132],[73.8145,18.5013],[73.8133,18.4946],[73.8152,18.4931],[73.8151,18.4899],[73.8058,18.4804],[73.801,18.4802],[73.7827,18.4662],[73.7776,18.4667],[73.7736,18.4646],[73.7731,18.4611],[73.7707,18.4576],[73.7673,18.4553],[73.7668,18.4523],[73.7619,18.4481],[73.7586,18.4372],[73.7558,18.4364],[73.7485,18.4398],[73.747,18.4379],[73.7488,18.4357],[73.7481,18.4343],[73.7446,18.4319],[73.7429,18.4328],[73.7414,18.4319],[73.7415,18.4282],[73.7383,18.4265],[73.7384,18.4192],[73.7338,18.4168],[73.7252,18.4147],[73.7214,18.4175],[73.7146,18.4189],[73.6998,18.4047],[73.6954,18.4059],[73.6947,18.403],[73.6924,18.4028],[73.6909,18.4007],[73.6902,18.4044],[73.6835,18.4057],[73.6785,18.4002]]}},{"type":"Feature","properties":{"id":"transit_route:gtfs_pune_pmpml:987","field":"public_transport","kind":"transit_route","name":"Mutha Gaon to Deccan Gymkhana (UP)","ref":"84","status":"operational","opened_on":null,"expected_completion":null,"agency":"PMPML","source":"gtfs_pune_pmpml","confidence":0.7,"mode":"bus","tier":"secondary","geometry_source":"shape"},"geometry":{"type":"LineString","coordinates":[[73.6238,18.4583],[73.6253,18.4589],[73.6263,18.4544],[73.6354,18.4526],[73.6359,18.4423],[73.6381,18.4382],[73.6339,18.436],[73.637,18.4316],[73.6369,18.4279],[73.6368,18.4308],[73.637,18.4316],[73.6349,18.4339],[73.634,18.4357],[73.6339,18.436],[73.634,18.4362],[73.638,18.4382],[73.6381,18.4382],[73.6382,18.438],[73.6384,18.4379],[73.6385,18.4378],[73.6434,18.4359],[73.6444,18.435],[73.6456,18.4349],[73.6473,18.4338],[73.6509,18.435],[73.6576,18.4306],[73.6624,18.4301],[73.6668,18.4268],[73.6701,18.4172],[73.6752,18.4102],[73.6835,18.4057],[73.6811,18.4027],[73.6808,18.4025],[73.6802,18.4023],[73.68,18.4015],[73.6798,18.4012],[73.6771,18.4006],[73.6769,18.3997],[73.6798,18.4012],[73.6802,18.4023],[73.6835,18.4057],[73.6838,18.4057],[73.6846,18.4055],[73.6855,18.4053],[73.6866,18.4051],[73.6878,18.4048],[73.6897,18.4046],[73.6902,18.4044],[73.6911,18.4007],[73.6924,18.4028],[73.6947,18.403],[73.6954,18.4059],[73.6995,18.4046],[73.7041,18.4077],[73.7064,18.4115],[73.7146,18.4189],[73.7214,18.4175],[73.7252,18.4147],[73.7338,18.4168],[73.7387,18.4194],[73.7383,18.4265],[73.7415,18.4282],[73.7414,18.4319],[73.7429,18.4328],[73.7446,18.4319],[73.7481,18.4343],[73.7488,18.4357],[73.747,18.4379],[73.7485,18.4398],[73.7558,18.4364],[73.7586,18.4372],[73.7619,18.4481],[73.7668,18.4523],[73.7673,18.4553],[73.7707,18.4576],[73.7731,18.4611],[73.7736,18.4646],[73.7776,18.4667],[73.7827,18.4662],[73.801,18.4803],[73.8058,18.4805],[73.815,18.49],[73.8151,18.493],[73.8132,18.4946],[73.8144,18.5014],[73.8408,18.5133],[73.8423,18.5147],[73.8417,18.5174],[73.843,18.5167]]}},{"type":"Feature","properties":{"id":"transit_route:gtfs_pune_pmpml:989","field":"public_transport","kind":"transit_route","name":"Deccan Gymkhana to Mutha Gaon (DOWN)","ref":"84","status":"operational","opened_on":null,"expected_completion":null,"agency":"PMPML","source":"gtfs_pune_pmpml","confidence":0.7,"mode":"bus","tier":"secondary","geometry_source":"shape"},"geometry":{"type":"LineString","coordinates":[[73.843,18.5167],[73.8408,18.5132],[73.8145,18.5013],[73.8133,18.4946],[73.8152,18.4931],[73.8151,18.4899],[73.8058,18.4804],[73.8011,18.4803],[73.7827,18.4662],[73.7776,18.4667],[73.7736,18.4646],[73.7731,18.4611],[73.7707,18.4576],[73.7673,18.4553],[73.7668,18.4523],[73.7619,18.4481],[73.7586,18.4372],[73.7558,18.4364],[73.7485,18.4398],[73.747,18.4379],[73.7488,18.4357],[73.7481,18.4343],[73.7446,18.4319],[73.7429,18.4328],[73.7414,18.4319],[73.7415,18.4282],[73.7383,18.4265],[73.7387,18.4194],[73.7338,18.4168],[73.7252,18.4147],[73.7214,18.4175],[73.7146,18.4189],[73.7064,18.4115],[73.7041,18.4077],[73.6995,18.4046],[73.6954,18.4059],[73.6947,18.403],[73.6924,18.4028],[73.6911,18.4007],[73.6902,18.4044],[73.6835,18.4057],[73.6811,18.4027],[73.6808,18.4025],[73.6802,18.4023],[73.68,18.4015],[73.6798,18.4012],[73.6771,18.4006],[73.6769,18.3997],[73.6798,18.4012],[73.6802,18.4023],[73.6835,18.4057],[73.6752,18.4102],[73.6701,18.4172],[73.6668,18.4268],[73.6624,18.4301],[73.6576,18.4306],[73.6509,18.435],[73.6473,18.4338],[73.6381,18.4382],[73.634,18.4362],[73.637,18.4316],[73.6369,18.4279],[73.6368,18.4308],[73.637,18.4316],[73.6339,18.436],[73.634,18.4362],[73.634,18.4364],[73.6341,18.4366],[73.6344,18.4368],[73.6381,18.4382],[73.6359,18.4423],[73.6354,18.4526],[73.6263,18.4544],[73.6253,18.4589],[73.6238,18.4583]]}},{"type":"Feature","properties":{"id":"transit_route:gtfs_pune_pmpml:994","field":"public_transport","kind":"transit_route","name":"Khadewadi to Ma Na Pa Congress Bhavan (UP)","ref":"85","status":"operational","opened_on":null,"expected_completion":null,"agency":"PMPML","source":"gtfs_pune_pmpml","confidence":0.7,"mode":"bus","tier":"secondary","geometry_source":"shape"},"geometry":{"type":"LineString","coordinates":[[73.6988,18.4579],[73.7027,18.4592],[73.7143,18.4585],[73.7224,18.4549],[73.722,18.4536],[73.7446,18.4549],[73.7503,18.4502],[73.7594,18.4521],[73.763,18.4493],[73.7668,18.4523],[73.7673,18.4553],[73.7707,18.4576],[73.7731,18.4611],[73.7736,18.4646],[73.7776,18.4667],[73.7827,18.4662],[73.801,18.4803],[73.8057,18.4804],[73.8097,18.4836],[73.815,18.49],[73.8151,18.4931],[73.8132,18.4948],[73.8134,18.4999],[73.8146,18.5016],[73.8421,18.5144],[73.8407,18.5177],[73.8422,18.527],[73.8495,18.5249],[73.8482,18.5228],[73.8522,18.5223]]}},{"type":"Feature","properties":{"id":"transit_route:gtfs_pune_pmpml:995","field":"public_transport","kind":"transit_route","name":"Ma Na Pa Congress Bhavan to Khadewadi (DOWN)","ref":"85","status":"operational","opened_on":null,"expected_completion":null,"agency":"PMPML","source":"gtfs_pune_pmpml","confidence":0.7,"mode":"bus","tier":"secondary","geometry_source":"shape"},"geometry":{"type":"LineString","coordinates":[[73.8523,18.5222],[73.8478,18.5223],[73.8408,18.5132],[73.8147,18.5015],[73.8133,18.4948],[73.8152,18.4931],[73.8151,18.4899],[73.8097,18.4836],[73.8056,18.4803],[73.801,18.4802],[73.7827,18.4662],[73.7776,18.4667],[73.7736,18.4646],[73.7731,18.4611],[73.7707,18.4576],[73.7673,18.4553],[73.7668,18.4523],[73.7631,18.4494],[73.7594,18.4521],[73.7503,18.4502],[73.7446,18.4549],[73.722,18.4536],[73.7224,18.4549],[73.7143,18.4585],[73.7027,18.4592],[73.6988,18.4579]]}},{"type":"Feature","properties":{"id":"transit_route:gtfs_pune_pmpml:1000","field":"public_transport","kind":"transit_route","name":"Paud St Stand to Deccan Gymkhana (UP)","ref":"86","status":"operational","opened_on":null,"expected_completion":null,"agency":"PMPML","source":"gtfs_pune_pmpml","confidence":0.7,"mode":"bus","tier":"secondary","geometry_source":"shape"},"geometry":{"type":"LineString","coordinates":[[73.6185,18.5243],[73.6177,18.5257],[73.6237,18.5295],[73.6359,18.5336],[73.6456,18.5351],[73.663,18.5336],[73.67,18.5316],[73.67,18.5218],[73.676,18.5165],[73.6779,18.513],[73.6896,18.5101],[73.6987,18.511],[73.7071,18.5047],[73.7104,18.4995],[73.7144,18.4981],[73.7196,18.4985],[73.7277,18.5014],[73.7351,18.4981],[73.7397,18.5002],[73.7479,18.5017],[73.7544,18.5001],[73.77,18.5078],[73.7766,18.5071],[73.7907,18.5085],[73.8027,18.507],[73.8195,18.511],[73.8255,18.506],[73.8409,18.5133],[73.8423,18.5147],[73.8417,18.5174],[73.843,18.5167]]}},{"type":"Feature","properties":{"id":"transit_route:gtfs_pune_pmpml:1001","field":"public_transport","kind":"transit_route","name":"Deccan Gymkhana to Paud St Stand (DOWN)","ref":"86","status":"operational","opened_on":null,"expected_completion":null,"agency":"PMPML","source":"gtfs_pune_pmpml","confidence":0.7,"mode":"bus","tier":"secondary","geometry_source":"shape"},"geometry":{"type":"LineString","coordinates":[[73.843,18.5167],[73.8412,18.5134],[73.8254,18.5059],[73.8195,18.5105],[73.8028,18.5069],[73.7907,18.5084],[73.7817,18.5063],[73.7795,18.5075],[73.77,18.5078],[73.7544,18.5001],[73.7479,18.5017],[73.7397,18.5002],[73.7351,18.4981],[73.7277,18.5014],[73.7196,18.4985],[73.7142,18.4982],[73.7102,18.4996],[73.7071,18.5047],[73.6987,18.511],[73.6896,18.5101],[73.6779,18.513],[73.676,18.5165],[73.67,18.5218],[73.67,18.5316],[73.6601,18.5344],[73.6579,18.5334],[73.656,18.5345],[73.6438,18.5351],[73.6309,18.5324],[73.618,18.526],[73.6189,18.5237]]}},{"type":"Feature","properties":{"id":"transit_route:gtfs_pune_pmpml:1002","field":"public_transport","kind":"transit_route","name":"Zilla Parishad School Chande to Deccan Gymkhana (UP)","ref":"87A","status":"operational","opened_on":null,"expected_completion":null,"agency":"PMPML","source":"gtfs_pune_pmpml","confidence":0.7,"mode":"bus","tier":"secondary","geometry_source":"shape"},"geometry":{"type":"LineString","coordinates":[[73.6984,18.5547],[73.7026,18.5536],[73.7151,18.5581],[73.7283,18.553],[73.7363,18.5566],[73.752,18.5528],[73.7577,18.5531],[73.7655,18.549],[73.7657,18.5508],[73.7721,18.5521],[73.7745,18.5466],[73.79,18.5427],[73.7935,18.5409],[73.794,18.5371],[73.8052,18.5379],[73.8286,18.5422],[73.8428,18.5322],[73.8525,18.5293],[73.8513,18.5274],[73.8546,18.5232],[73.8478,18.5223],[73.843,18.5167]]}},{"type":"Feature","properties":{"id":"transit_route:gtfs_pune_pmpml:1003","field":"public_transport","kind":"transit_route","name":"Deccan Gymkhana to Zilla Parishad School Chande (DOWN)","ref":"87A","status":"operational","opened_on":null,"expected_completion":null,"agency":"PMPML","source":"gtfs_pune_pmpml","confidence":0.7,"mode":"bus","tier":"secondary","geometry_source":"shape"},"geometry":{"type":"LineString","coordinates":[[73.843,18.5167],[73.8421,18.5158],[73.8409,18.5219],[73.8422,18.527],[73.8495,18.5249],[73.8482,18.5228],[73.8507,18.5222],[73.8531,18.5227],[73.8532,18.5258],[73.8496,18.5302],[73.843,18.5319],[73.8289,18.5419],[73.794,18.5371],[73.7935,18.5408],[73.79,18.5426],[73.7692,18.5484],[73.7733,18.5472],[73.7717,18.5519],[73.7657,18.5508],[73.7655,18.549],[73.7577,18.5531],[73.752,18.5528],[73.7363,18.5566],[73.7285,18.553],[73.7151,18.5581],[73.7026,18.5536],[73.6984,18.5547]]}},{"type":"Feature","properties":{"id":"transit_route:gtfs_pune_pmpml:1009","field":"public_transport","kind":"transit_route","name":"Sutarwadi Depot to Deccan Gymkhana (UP)","ref":"87","status":"operational","opened_on":null,"expected_completion":null,"agency":"PMPML","source":"gtfs_pune_pmpml","confidence":0.7,"mode":"bus","tier":"secondary","geometry_source":"shape"},"geometry":{"type":"LineString","coordinates":[[73.7793,18.5411],[73.7815,18.5385],[73.7916,18.5364],[73.8278,18.542],[73.8264,18.5426],[73.8293,18.542],[73.8428,18.5322],[73.8525,18.5293],[73.8513,18.5274],[73.8546,18.5232],[73.8478,18.5223],[73.843,18.5167]]}},{"type":"Feature","properties":{"id":"transit_route:gtfs_pune_pmpml:1013","field":"public_transport","kind":"transit_route","name":"Deccan Gymkhana to Sutarwadi Depot (DOWN)","ref":"87","status":"operational","opened_on":null,"expected_completion":null,"agency":"PMPML","source":"gtfs_pune_pmpml","confidence":0.7,"mode":"bus","tier":"secondary","geometry_source":"shape"},"geometry":{"type":"LineString","coordinates":[[73.843,18.5167],[73.8421,18.5158],[73.8409,18.5219],[73.8422,18.527],[73.8495,18.5249],[73.8482,18.5228],[73.8507,18.5222],[73.8531,18.5227],[73.8532,18.5258],[73.8496,18.5302],[73.843,18.5319],[73.829,18.5419],[73.7916,18.5364],[73.7815,18.5385],[73.7815,18.5409],[73.7798,18.5412]]}},{"type":"Feature","properties":{"id":"transit_route:gtfs_pune_pmpml:1020","field":"public_transport","kind":"transit_route","name":"Gokhale Nagar Police Line to Katraj (UP)","ref":"90","status":"operational","opened_on":null,"expected_completion":null,"agency":"PMPML","source":"gtfs_pune_pmpml","confidence":0.7,"mode":"bus","tier":"secondary","geometry_source":"shape"},"geometry":{"type":"LineString","coordinates":[[73.825,18.5235],[73.8271,18.5239],[73.8271,18.5291],[73.8374,18.53],[73.8427,18.5283],[73.8422,18.527],[73.8495,18.5249],[73.8422,18.5155],[73.844,18.512],[73.8585,18.5011],[73.8564,18.4752],[73.859,18.4468]]}},{"type":"Feature","properties":{"id":"transit_route:gtfs_pune_pmpml:1021","field":"public_transport","kind":"transit_route","name":"Katraj to Gokhale Nagar Police Line (DOWN)","ref":"90","status":"operational","opened_on":null,"expected_completion":null,"agency":"PMPML","source":"gtfs_pune_pmpml","confidence":0.7,"mode":"bus","tier":"secondary","geometry_source":"shape"},"geometry":{"type":"LineString","coordinates":[[73.8587,18.4475],[73.8581,18.464],[73.8562,18.4753],[73.8583,18.5002],[73.8542,18.5014],[73.8533,18.5057],[73.844,18.512],[73.8424,18.5144],[73.8409,18.5225],[73.8427,18.5283],[73.837,18.5299],[73.8271,18.5291],[73.8271,18.5239],[73.825,18.5235]]}},{"type":"Feature","properties":{"id":"transit_route:gtfs_pune_pmpml:1028","field":"public_transport","kind":"transit_route","name":"Pune Station Moledina Stand to Matalwadi Bhugaon (UP)","ref":"94","status":"operational","opened_on":null,"expected_completion":null,"agency":"PMPML","source":"gtfs_pune_pmpml","confidence":0.7,"mode":"bus","tier":"secondary","geometry_source":"shape"},"geometry":{"type":"LineString","coordinates":[[73.873,18.5271],[73.8736,18.5283],[73.8763,18.5282],[73.8764,18.5234],[73.871,18.5244],[73.865,18.5216],[73.8647,18.5195],[73.8562,18.5185],[73.8563,18.5169],[73.847,18.5159],[73.8437,18.5127],[73.8422,18.5143],[73.8255,18.5059],[73.8195,18.5105],[73.8028,18.5069],[73.7907,18.5084],[73.7817,18.5063],[73.7795,18.5075],[73.77,18.5078],[73.7544,18.5001],[73.7494,18.5017],[73.741,18.5005]]}},{"type":"Feature","properties":{"id":"transit_route:gtfs_pune_pmpml:1031","field":"public_transport","kind":"transit_route","name":"Matalwadi Bhugaon to Pune Station Moledina Stand (DOWN)","ref":"94","status":"operational","opened_on":null,"expected_completion":null,"agency":"PMPML","source":"gtfs_pune_pmpml","confidence":0.7,"mode":"bus","tier":"secondary","geometry_source":"shape"},"geometry":{"type":"LineString","coordinates":[[73.741,18.5005],[73.7494,18.5017],[73.7546,18.5002],[73.77,18.5078],[73.7766,18.5071],[73.7907,18.5085],[73.8027,18.507],[73.8195,18.511],[73.8255,18.506],[73.8424,18.5146],[73.8439,18.5128],[73.8478,18.5161],[73.85,18.5164],[73.8502,18.5135],[73.8538,18.5137],[73.8553,18.521],[73.8562,18.5185],[73.8597,18.5187],[73.8628,18.52],[73.8646,18.5203],[73.8647,18.5195],[73.865,18.5216],[73.8675,18.5227],[73.8675,18.5256],[73.8718,18.5245],[73.873,18.5276]]}},{"type":"Feature","properties":{"id":"transit_route:gtfs_pune_pmpml:1032","field":"public_transport","kind":"transit_route","name":"PVPIT College Bawdhan to Deccan Gymkhana (UP)","ref":"95","status":"operational","opened_on":null,"expected_completion":null,"agency":"PMPML","source":"gtfs_pune_pmpml","confidence":0.7,"mode":"bus","tier":"secondary","geometry_source":"shape"},"geometry":{"type":"LineString","coordinates":[[73.7742,18.5],[73.7729,18.5058],[73.7746,18.5074],[73.7907,18.5085],[73.8028,18.507],[73.8195,18.511],[73.8255,18.506],[73.8409,18.5133],[73.8423,18.5147],[73.8417,18.5174],[73.843,18.5167]]}},{"type":"Feature","properties":{"id":"transit_route:gtfs_pune_pmpml:1033","field":"public_transport","kind":"transit_route","name":"Deccan Gymkhana to PVPIT College Bawdhan (DOWN)","ref":"95","status":"operational","opened_on":null,"expected_completion":null,"agency":"PMPML","source":"gtfs_pune_pmpml","confidence":0.7,"mode":"bus","tier":"secondary","geometry_source":"shape"},"geometry":{"type":"LineString","coordinates":[[73.843,18.5167],[73.8412,18.5134],[73.8254,18.5059],[73.8195,18.5105],[73.8028,18.5069],[73.7907,18.5084],[73.7817,18.5063],[73.7795,18.5075],[73.7746,18.5074],[73.7729,18.5058],[73.7742,18.5]]}},{"type":"Feature","properties":{"id":"transit_route:gtfs_pune_pmpml:1034","field":"public_transport","kind":"transit_route","name":"Sahakar Nagar to Ganpati Matha (UP)","ref":"97","status":"operational","opened_on":null,"expected_completion":null,"agency":"PMPML","source":"gtfs_pune_pmpml","confidence":0.7,"mode":"bus","tier":"secondary","geometry_source":"shape"},"geometry":{"type":"LineString","coordinates":[[73.8452,18.4847],[73.8467,18.4888],[73.8499,18.4898],[73.8499,18.4927],[73.8541,18.4925],[73.8546,18.497],[73.8538,18.4995],[73.8516,18.499],[73.8511,18.499],[73.8508,18.4993],[73.8538,18.4998],[73.8536,18.504],[73.8507,18.5036],[73.8504,18.5078],[73.8423,18.5143],[73.8147,18.5015],[73.8133,18.4948],[73.8153,18.493],[73.815,18.4897],[73.8058,18.4804],[73.8016,18.4806],[73.7958,18.4757]]}},{"type":"Feature","properties":{"id":"transit_route:gtfs_pune_pmpml:1035","field":"public_transport","kind":"transit_route","name":"Ganpati Matha to Sahakar Nagar (DOWN)","ref":"97","status":"operational","opened_on":null,"expected_completion":null,"agency":"PMPML","source":"gtfs_pune_pmpml","confidence":0.7,"mode":"bus","tier":"secondary","geometry_source":"shape"},"geometry":{"type":"LineString","coordinates":[[73.7959,18.4758],[73.8016,18.4807],[73.8058,18.4805],[73.8146,18.4894],[73.8151,18.493],[73.8132,18.4948],[73.8134,18.4999],[73.8146,18.5016],[73.8424,18.5146],[73.844,18.512],[73.8534,18.5056],[73.8585,18.5005],[73.8542,18.5014],[73.8535,18.5041],[73.8507,18.5043],[73.8508,18.4993],[73.8539,18.4997],[73.8541,18.4925],[73.8499,18.4927],[73.8499,18.4898],[73.8467,18.4888],[73.8453,18.485]]}},{"type":"Feature","properties":{"id":"transit_route:gtfs_pune_pmpml:1040","field":"public_transport","kind":"transit_route","name":"Kesnand Phata Wagholi to Ganpati Matha (UP)","ref":"98","status":"operational","opened_on":null,"expected_completion":null,"agency":"PMPML","source":"gtfs_pune_pmpml","confidence":0.7,"mode":"bus","tier":"secondary","geometry_source":"shape"},"geometry":{"type":"LineString","coordinates":[[73.9874,18.5812],[73.9778,18.5806],[73.9599,18.5746],[73.9394,18.5622],[73.9345,18.5633],[73.9244,18.5624],[73.9111,18.5584],[73.9063,18.5552],[73.8963,18.552],[73.8898,18.546],[73.8848,18.5449],[73.8856,18.5379],[73.8831,18.5354],[73.8796,18.5347],[73.8757,18.5308],[73.8764,18.5234],[73.8702,18.5239],[73.8632,18.5276],[73.8579,18.5239],[73.8569,18.5253],[73.8523,18.5222],[73.8478,18.5223],[73.8412,18.5134],[73.8147,18.5015],[73.8133,18.4948],[73.8153,18.493],[73.815,18.4897],[73.8058,18.4804],[73.8016,18.4806],[73.7959,18.4758]]}},{"type":"Feature","properties":{"id":"transit_route:gtfs_pune_pmpml:1041","field":"public_transport","kind":"transit_route","name":"Ganpati Matha to Wagholi Kesnand Phata (DOWN)","ref":"98","status":"operational","opened_on":null,"expected_completion":null,"agency":"PMPML","source":"gtfs_pune_pmpml","confidence":0.7,"mode":"bus","tier":"secondary","geometry_source":"shape"},"geometry":{"type":"LineString","coordinates":[[73.7959,18.4758],[73.8016,18.4807],[73.8058,18.4805],[73.8146,18.4894],[73.8151,18.493],[73.8132,18.4948],[73.8134,18.4999],[73.8146,18.5016],[73.8421,18.5144],[73.8409,18.5225],[73.8422,18.527],[73.8495,18.5249],[73.8482,18.5228],[73.8507,18.5222],[73.857,18.5255],[73.858,18.5241],[73.8634,18.5279],[73.8701,18.5242],[73.8718,18.5245],[73.8733,18.5281],[73.8762,18.5281],[73.8756,18.5308],[73.884,18.5413],[73.8834,18.545],[73.8897,18.5462],[73.8965,18.5523],[73.9242,18.5626],[73.9345,18.5634],[73.9391,18.5623],[73.9599,18.5746],[73.9778,18.5807],[73.9866,18.5816]]}},{"type":"Feature","properties":{"id":"transit_route:gtfs_pune_pmpml:1044","field":"public_transport","kind":"transit_route","name":"Kekan Gas to Kothrud Depot (UP)","ref":"99","status":"operational","opened_on":null,"expected_completion":null,"agency":"PMPML","source":"gtfs_pune_pmpml","confidence":0.7,"mode":"bus","tier":"secondary","geometry_source":"shape"},"geometry":{"type":"LineString","coordinates":[[73.8955,18.5747],[73.8783,18.5726],[73.8795,18.5673],[73.8772,18.5647],[73.8757,18.557],[73.8712,18.5487],[73.8772,18.5449],[73.8756,18.5432],[73.866,18.5398],[73.8598,18.5328],[73.854,18.5321],[73.8549,18.5303],[73.8513,18.5274],[73.8546,18.5232],[73.8478,18.5223],[73.8412,18.5134],[73.8254,18.5059],[73.82,18.5104],[73.8069,18.5073],[73.795,18.5079]]}},{"type":"Feature","properties":{"id":"transit_route:gtfs_pune_pmpml:1045","field":"public_transport","kind":"transit_route","name":"Kothrud Depot to Kekan Gas (DOWN)","ref":"99","status":"operational","opened_on":null,"expected_completion":null,"agency":"PMPML","source":"gtfs_pune_pmpml","confidence":0.7,"mode":"bus","tier":"secondary","geometry_source":"shape"},"geometry":{"type":"LineString","coordinates":[[73.795,18.5079],[73.8076,18.5075],[73.8195,18.511],[73.8255,18.506],[73.8411,18.5135],[73.8423,18.5147],[73.8409,18.5225],[73.8422,18.527],[73.8495,18.5249],[73.8482,18.5228],[73.8531,18.5227],[73.8526,18.5245],[73.8536,18.525],[73.8499,18.53],[73.8529,18.5295],[73.8549,18.5304],[73.854,18.5322],[73.8598,18.5329],[73.8659,18.5399],[73.8756,18.5433],[73.877,18.5449],[73.871,18.5487],[73.8756,18.5571],[73.8771,18.5646],[73.8794,18.5673],[73.8781,18.5726],[73.8955,18.5748]]}},{"type":"Feature","properties":{"id":"transit_route:gtfs_pune_pmpml:1048","field":"public_transport","kind":"transit_route","name":"Upper Depot to Katraj Kondhwa Road (UP)","ref":"AP2","status":"operational","opened_on":null,"expected_completion":null,"agency":"PMPML","source":"gtfs_pune_pmpml","confidence":0.7,"mode":"bus","tier":"secondary","geometry_source":"shape"},"geometry":{"type":"LineString","coordinates":[[73.8706,18.4611],[73.8691,18.4609],[73.8695,18.4557],[73.8735,18.4552],[73.8743,18.4497],[73.8758,18.4499],[73.8597,18.4477]]}},{"type":"Feature","properties":{"id":"transit_route:gtfs_pune_pmpml:1049","field":"public_transport","kind":"transit_route","name":"Katraj Kondhwa Road to Upper Depot (DOWN)","ref":"AP2","status":"operational","opened_on":null,"expected_completion":null,"agency":"PMPML","source":"gtfs_pune_pmpml","confidence":0.7,"mode":"bus","tier":"secondary","geometry_source":"shape"},"geometry":{"type":"LineString","coordinates":[[73.8587,18.4476],[73.8584,18.4483],[73.8675,18.4483],[73.8715,18.4496],[73.8738,18.4496],[73.8743,18.4497],[73.8745,18.4498],[73.8756,18.45],[73.8758,18.45],[73.8758,18.4499],[73.8743,18.4497],[73.8742,18.4506],[73.874,18.4522],[73.8736,18.4533],[73.8735,18.4552],[73.8695,18.4557],[73.8692,18.4602],[73.8706,18.4611]]}},{"type":"Feature","properties":{"id":"transit_route:gtfs_pune_pmpml:1054","field":"public_transport","kind":"transit_route","name":"DY Patil College Charholi to Alandi (UP)","ref":"B2","status":"operational","opened_on":null,"expected_completion":null,"agency":"PMPML","source":"gtfs_pune_pmpml","confidence":0.7,"mode":"bus","tier":"secondary","geometry_source":"shape"},"geometry":{"type":"LineString","coordinates":[[73.9124,18.6196],[73.9161,18.6205],[73.9158,18.6251],[73.9091,18.625],[73.9079,18.6274],[73.908,18.6418],[73.9066,18.6484],[73.9083,18.6535],[73.9012,18.6558],[73.8958,18.6596],[73.8865,18.6616],[73.8931,18.6734],[73.8971,18.6748]]}},{"type":"Feature","properties":{"id":"transit_route:gtfs_pune_pmpml:1055","field":"public_transport","kind":"transit_route","name":"Alandi to DY Patil College Charholi (DOWN)","ref":"B2","status":"operational","opened_on":null,"expected_completion":null,"agency":"PMPML","source":"gtfs_pune_pmpml","confidence":0.7,"mode":"bus","tier":"secondary","geometry_source":"shape"},"geometry":{"type":"LineString","coordinates":[[73.8971,18.6748],[73.8931,18.6733],[73.8867,18.6618],[73.8957,18.6597],[73.9012,18.6558],[73.9083,18.6535],[73.9066,18.6484],[73.908,18.6417],[73.9079,18.6273],[73.9091,18.625],[73.9159,18.6248],[73.9163,18.6203],[73.9123,18.6195]]}},{"type":"Feature","properties":{"id":"transit_route:gtfs_pune_pmpml:1058","field":"public_transport","kind":"transit_route","name":"Sanket Vihar Lane No 18 to Hadapsar Gadital (UP)","ref":"H11","status":"operational","opened_on":null,"expected_completion":null,"agency":"PMPML","source":"gtfs_pune_pmpml","confidence":0.7,"mode":"bus","tier":"secondary","geometry_source":"shape"},"geometry":{"type":"LineString","coordinates":[[73.9495,18.4755],[73.9417,18.477],[73.9405,18.4826],[73.9353,18.4863],[73.9396,18.4836],[73.9385,18.4896],[73.9373,18.491],[73.9319,18.491],[73.9336,18.5016],[73.9391,18.5001]]}},{"type":"Feature","properties":{"id":"transit_route:gtfs_pune_pmpml:1059","field":"public_transport","kind":"transit_route","name":"Hadapsar Gadital to Sanket Vihar Lane No 18 (DOWN)","ref":"H11","status":"operational","opened_on":null,"expected_completion":null,"agency":"PMPML","source":"gtfs_pune_pmpml","confidence":0.7,"mode":"bus","tier":"secondary","geometry_source":"shape"},"geometry":{"type":"LineString","coordinates":[[73.939,18.4999],[73.9346,18.5012],[73.932,18.4909],[73.9373,18.491],[73.9385,18.4896],[73.9396,18.4836],[73.9353,18.4863],[73.9405,18.4826],[73.9417,18.477],[73.9498,18.4754]]}},{"type":"Feature","properties":{"id":"transit_route:gtfs_pune_pmpml:1060","field":"public_transport","kind":"transit_route","name":"Saswad Road Railway Station to Mantri Market Hadapsar (UP)","ref":"H3","status":"operational","opened_on":null,"expected_completion":null,"agency":"PMPML","source":"gtfs_pune_pmpml","confidence":0.7,"mode":"bus","tier":"secondary","geometry_source":"shape"},"geometry":{"type":"LineString","coordinates":[[73.9444,18.4803],[73.9458,18.4872],[73.9417,18.4871],[73.9413,18.4851],[73.9394,18.485],[73.9389,18.4888],[73.9373,18.491],[73.9319,18.491],[73.9336,18.5016],[73.9398,18.5005],[73.9397,18.4996]]}},{"type":"Feature","properties":{"id":"transit_route:gtfs_pune_pmpml:1061","field":"public_transport","kind":"transit_route","name":"Mantri Market Hadapsar to Saswad Road Railway Station (DOWN)","ref":"H3","status":"operational","opened_on":null,"expected_completion":null,"agency":"PMPML","source":"gtfs_pune_pmpml","confidence":0.7,"mode":"bus","tier":"secondary","geometry_source":"shape"},"geometry":{"type":"LineString","coordinates":[[73.9395,18.4996],[73.9346,18.5012],[73.932,18.4909],[73.9373,18.491],[73.9389,18.4888],[73.9394,18.485],[73.9413,18.4851],[73.9417,18.4871],[73.9458,18.4872],[73.9444,18.4803]]}},{"type":"Feature","properties":{"id":"transit_route:gtfs_pune_pmpml:1064","field":"public_transport","kind":"transit_route","name":"Fursungi to Hadapsar Gadital (UP)","ref":"H8","status":"operational","opened_on":null,"expected_completion":null,"agency":"PMPML","source":"gtfs_pune_pmpml","confidence":0.7,"mode":"bus","tier":"secondary","geometry_source":"shape"},"geometry":{"type":"LineString","coordinates":[[73.9752,18.4734],[73.9636,18.4789],[73.9525,18.4869],[73.9472,18.4937],[73.939,18.4999]]}},{"type":"Feature","properties":{"id":"transit_route:gtfs_pune_pmpml:1065","field":"public_transport","kind":"transit_route","name":"Hadapsar Gadital to Fursungi (DOWN)","ref":"H8","status":"operational","opened_on":null,"expected_completion":null,"agency":"PMPML","source":"gtfs_pune_pmpml","confidence":0.7,"mode":"bus","tier":"secondary","geometry_source":"shape"},"geometry":{"type":"LineString","coordinates":[[73.9394,18.4999],[73.9473,18.4937],[73.9525,18.4869],[73.9636,18.4789],[73.9752,18.4734]]}},{"type":"Feature","properties":{"id":"transit_route:gtfs_pune_pmpml:1066","field":"public_transport","kind":"transit_route","name":"Manjari Budruk to Hadapsar Gadital Solapur Road (UP)","ref":"H9","status":"operational","opened_on":null,"expected_completion":null,"agency":"PMPML","source":"gtfs_pune_pmpml","confidence":0.7,"mode":"bus","tier":"secondary","geometry_source":"shape"},"geometry":{"type":"LineString","coordinates":[[73.9844,18.5225],[73.9697,18.5128],[73.9546,18.5073],[73.9541,18.5036],[73.9514,18.4991],[73.9393,18.5007]]}},{"type":"Feature","properties":{"id":"transit_route:gtfs_pune_pmpml:1067","field":"public_transport","kind":"transit_route","name":"Hadapsar Gadital Solapur Road to Manjari Budruk (DOWN)","ref":"H9","status":"operational","opened_on":null,"expected_completion":null,"agency":"PMPML","source":"gtfs_pune_pmpml","confidence":0.7,"mode":"bus","tier":"secondary","geometry_source":"shape"},"geometry":{"type":"LineString","coordinates":[[73.9393,18.5008],[73.9515,18.4992],[73.9541,18.5036],[73.9546,18.5074],[73.9697,18.5129],[73.9843,18.5225]]}},{"type":"Feature","properties":{"id":"transit_route:gtfs_pune_pmpml:1072","field":"public_transport","kind":"transit_route","name":"Katraj to Jambhulwadi (UP)","ref":"K11","status":"operational","opened_on":null,"expected_completion":null,"agency":"PMPML","source":"gtfs_pune_pmpml","confidence":0.7,"mode":"bus","tier":"secondary","geometry_source":"shape"},"geometry":{"type":"LineString","coordinates":[[73.859,18.4468],[73.8585,18.4481],[73.8491,18.4509],[73.8501,18.4505],[73.8464,18.4367],[73.8445,18.4348],[73.8438,18.4316],[73.841,18.433],[73.8383,18.4285]]}},{"type":"Feature","properties":{"id":"transit_route:gtfs_pune_pmpml:1073","field":"public_transport","kind":"transit_route","name":"Jambhulwadi to Katraj (DOWN)","ref":"K11","status":"operational","opened_on":null,"expected_completion":null,"agency":"PMPML","source":"gtfs_pune_pmpml","confidence":0.7,"mode":"bus","tier":"secondary","geometry_source":"shape"},"geometry":{"type":"LineString","coordinates":[[73.8383,18.4284],[73.8409,18.433],[73.8438,18.4316],[73.8445,18.4348],[73.8464,18.4367],[73.8501,18.4505],[73.859,18.4468]]}},{"type":"Feature","properties":{"id":"transit_route:gtfs_pune_pmpml:1344","field":"public_transport","kind":"transit_route","name":"Katraj to Nandanvan City Narhe (UP)","ref":"K12A","status":"operational","opened_on":null,"expected_completion":null,"agency":"PMPML","source":"gtfs_pune_pmpml","confidence":0.7,"mode":"bus","tier":"secondary","geometry_source":"shape"},"geometry":{"type":"LineString","coordinates":[[73.859,18.4468],[73.8585,18.4481],[73.8501,18.4505],[73.8438,18.4487],[73.8349,18.4494],[73.8216,18.4447],[73.8243,18.4385],[73.828,18.439],[73.8283,18.4312]]}},{"type":"Feature","properties":{"id":"transit_route:gtfs_pune_pmpml:1345","field":"public_transport","kind":"transit_route","name":"Nandanvan City Narhe to Katraj (DOWN)","ref":"K12A","status":"operational","opened_on":null,"expected_completion":null,"agency":"PMPML","source":"gtfs_pune_pmpml","confidence":0.7,"mode":"bus","tier":"secondary","geometry_source":"shape"},"geometry":{"type":"LineString","coordinates":[[73.8283,18.4312],[73.828,18.439],[73.8243,18.4385],[73.8216,18.4447],[73.8349,18.4494],[73.8438,18.4487],[73.8501,18.4505],[73.859,18.4468]]}},{"type":"Feature","properties":{"id":"transit_route:gtfs_pune_pmpml:1076","field":"public_transport","kind":"transit_route","name":"Katraj to Abhinav Collage Narhe (UP)","ref":"K12","status":"operational","opened_on":null,"expected_completion":null,"agency":"PMPML","source":"gtfs_pune_pmpml","confidence":0.7,"mode":"bus","tier":"secondary","geometry_source":"shape"},"geometry":{"type":"LineString","coordinates":[[73.859,18.4468],[73.8585,18.4481],[73.8491,18.4509],[73.8497,18.4498],[73.8438,18.4487],[73.8349,18.4494],[73.8216,18.4447],[73.8243,18.4385],[73.828,18.439],[73.8281,18.4381]]}},{"type":"Feature","properties":{"id":"transit_route:gtfs_pune_pmpml:1077","field":"public_transport","kind":"transit_route","name":"Abhinav Collage Narhe to Katraj (DOWN)","ref":"K12","status":"operational","opened_on":null,"expected_completion":null,"agency":"PMPML","source":"gtfs_pune_pmpml","confidence":0.7,"mode":"bus","tier":"secondary","geometry_source":"shape"},"geometry":{"type":"LineString","coordinates":[[73.8281,18.4381],[73.828,18.439],[73.8243,18.4385],[73.8216,18.4447],[73.8349,18.4494],[73.8438,18.4487],[73.8501,18.4505],[73.859,18.4468]]}},{"type":"Feature","properties":{"id":"transit_route:gtfs_pune_pmpml:1080","field":"public_transport","kind":"transit_route","name":"Gujarwadi to Katraj (UP)","ref":"K14","status":"operational","opened_on":null,"expected_completion":null,"agency":"PMPML","source":"gtfs_pune_pmpml","confidence":0.7,"mode":"bus","tier":"secondary","geometry_source":"shape"},"geometry":{"type":"LineString","coordinates":[[73.8756,18.4266],[73.8726,18.4316],[73.8684,18.4346],[73.8662,18.4404],[73.8642,18.4405],[73.8615,18.4384],[73.8616,18.4361],[73.8605,18.4362],[73.859,18.4468]]}},{"type":"Feature","properties":{"id":"transit_route:gtfs_pune_pmpml:1081","field":"public_transport","kind":"transit_route","name":"Katraj to Gujarwadi (DOWN)","ref":"K14","status":"operational","opened_on":null,"expected_completion":null,"agency":"PMPML","source":"gtfs_pune_pmpml","confidence":0.7,"mode":"bus","tier":"secondary","geometry_source":"shape"},"geometry":{"type":"LineString","coordinates":[[73.859,18.4468],[73.8605,18.4382],[73.8627,18.4384],[73.8646,18.4407],[73.8664,18.4403],[73.8684,18.4346],[73.8726,18.4316],[73.8756,18.4266]]}},{"type":"Feature","properties":{"id":"transit_route:gtfs_pune_pmpml:1082","field":"public_transport","kind":"transit_route","name":"Yewalewadi to Katraj (UP)","ref":"K16","status":"operational","opened_on":null,"expected_completion":null,"agency":"PMPML","source":"gtfs_pune_pmpml","confidence":0.7,"mode":"bus","tier":"secondary","geometry_source":"shape"},"geometry":{"type":"LineString","coordinates":[[73.8961,18.4372],[73.8964,18.4363],[73.8902,18.4349],[73.8866,18.4413],[73.8841,18.4509],[73.8595,18.4478],[73.859,18.4468]]}},{"type":"Feature","properties":{"id":"transit_route:gtfs_pune_pmpml:1083","field":"public_transport","kind":"transit_route","name":"Katraj Kondhwa Road to Yewalewadi (DOWN)","ref":"K16","status":"operational","opened_on":null,"expected_completion":null,"agency":"PMPML","source":"gtfs_pune_pmpml","confidence":0.7,"mode":"bus","tier":"secondary","geometry_source":"shape"},"geometry":{"type":"LineString","coordinates":[[73.8587,18.4476],[73.8841,18.451],[73.8866,18.4413],[73.8902,18.4355],[73.8964,18.4363],[73.8961,18.4371]]}},{"type":"Feature","properties":{"id":"transit_route:gtfs_pune_pmpml:1084","field":"public_transport","kind":"transit_route","name":"Katraj to Waghjai Nagar Shivaji Chowk (UP)","ref":"K18","status":"operational","opened_on":null,"expected_completion":null,"agency":"PMPML","source":"gtfs_pune_pmpml","confidence":0.7,"mode":"bus","tier":"secondary","geometry_source":"shape"},"geometry":{"type":"LineString","coordinates":[[73.859,18.4468],[73.8532,18.4491],[73.8542,18.4467],[73.853,18.4438],[73.8537,18.4363],[73.8498,18.4319]]}},{"type":"Feature","properties":{"id":"transit_route:gtfs_pune_pmpml:1085","field":"public_transport","kind":"transit_route","name":"Waghjai Nagar Shivaji Chowk to Katraj (DOWN)","ref":"K18","status":"operational","opened_on":null,"expected_completion":null,"agency":"PMPML","source":"gtfs_pune_pmpml","confidence":0.7,"mode":"bus","tier":"secondary","geometry_source":"shape"},"geometry":{"type":"LineString","coordinates":[[73.8498,18.4318],[73.8537,18.4363],[73.853,18.4438],[73.8542,18.4467],[73.8532,18.4491],[73.859,18.4468]]}},{"type":"Feature","properties":{"id":"transit_route:gtfs_pune_pmpml:1089","field":"public_transport","kind":"transit_route","name":"Sneha Vihar Dangat Patil Nagar to Deccan Gymkhana (UP)","ref":"K7","status":"operational","opened_on":null,"expected_completion":null,"agency":"PMPML","source":"gtfs_pune_pmpml","confidence":0.7,"mode":"bus","tier":"secondary","geometry_source":"shape"},"geometry":{"type":"LineString","coordinates":[[73.7908,18.4662],[73.7895,18.4661],[73.7885,18.4697],[73.7933,18.4712],[73.7986,18.4696],[73.8049,18.4734],[73.8053,18.4763],[73.8012,18.4789],[73.8021,18.4807],[73.8058,18.4805],[73.8148,18.4896],[73.8151,18.4931],[73.8132,18.4948],[73.8144,18.5014],[73.8408,18.5133],[73.8423,18.5147],[73.8417,18.5174],[73.843,18.5167]]}},{"type":"Feature","properties":{"id":"transit_route:gtfs_pune_pmpml:1090","field":"public_transport","kind":"transit_route","name":"Deccan Gymkhana to Sneha Vihar Dangat Patil Nagar (DOWN)","ref":"K7","status":"operational","opened_on":null,"expected_completion":null,"agency":"PMPML","source":"gtfs_pune_pmpml","confidence":0.7,"mode":"bus","tier":"secondary","geometry_source":"shape"},"geometry":{"type":"LineString","coordinates":[[73.843,18.5167],[73.8408,18.5132],[73.8145,18.5013],[73.8133,18.4946],[73.8152,18.4931],[73.8151,18.4899],[73.8058,18.4804],[73.802,18.4806],[73.8012,18.4789],[73.8051,18.4765],[73.8049,18.4734],[73.7986,18.4696],[73.7933,18.4712],[73.7885,18.4697],[73.7895,18.4661],[73.7908,18.4662]]}},{"type":"Feature","properties":{"id":"transit_route:gtfs_pune_pmpml:1092","field":"public_transport","kind":"transit_route","name":"Swargate to Upper Depot (UP)","ref":"METRO SHUTTLE 13","status":"operational","opened_on":null,"expected_completion":null,"agency":"PMPML","source":"gtfs_pune_pmpml","confidence":0.7,"mode":"bus","tier":"secondary","geometry_source":"shape"},"geometry":{"type":"LineString","coordinates":[[73.8585,18.499],[73.8583,18.4864],[73.8575,18.4869],[73.8612,18.4813],[73.8652,18.4629],[73.8668,18.4612],[73.8706,18.4611]]}},{"type":"Feature","properties":{"id":"transit_route:gtfs_pune_pmpml:1094","field":"public_transport","kind":"transit_route","name":"Upper Depot to Swargate (DOWN)","ref":"METRO SHUTTLE 13","status":"operational","opened_on":null,"expected_completion":null,"agency":"PMPML","source":"gtfs_pune_pmpml","confidence":0.7,"mode":"bus","tier":"secondary","geometry_source":"shape"},"geometry":{"type":"LineString","coordinates":[[73.8706,18.4611],[73.8667,18.4611],[73.8651,18.4629],[73.8611,18.4812],[73.8574,18.4869],[73.8584,18.5001],[73.8542,18.5014],[73.8537,18.5041],[73.8585,18.5011],[73.8585,18.499]]}},{"type":"Feature","properties":{"id":"transit_route:gtfs_pune_pmpml:1098","field":"public_transport","kind":"transit_route","name":"Shivaji Nagar Civil Court Metro Station to Hadapsar Gadital (UP)","ref":"METRO SHUTTLE 17","status":"operational","opened_on":null,"expected_completion":null,"agency":"PMPML","source":"gtfs_pune_pmpml","confidence":0.7,"mode":"bus","tier":"secondary","geometry_source":"shape"},"geometry":{"type":"LineString","coordinates":[[73.8573,18.5279],[73.8533,18.5258],[73.8514,18.5264],[73.8524,18.5259],[73.8533,18.5258],[73.8546,18.5233],[73.857,18.5255],[73.858,18.5241],[73.8635,18.5279],[73.8701,18.5242],[73.8768,18.525],[73.8764,18.5234],[73.8741,18.5239],[73.8739,18.5228],[73.8762,18.5223],[73.8754,18.5196],[73.8797,18.5183],[73.8793,18.507],[73.9128,18.5064],[73.9391,18.5001]]}},{"type":"Feature","properties":{"id":"transit_route:gtfs_pune_pmpml:1099","field":"public_transport","kind":"transit_route","name":"Hadapsar Gadital to Shivaji Nagar Civil Court Metro Station (DOWN)","ref":"METRO SHUTTLE 17","status":"operational","opened_on":null,"expected_completion":null,"agency":"PMPML","source":"gtfs_pune_pmpml","confidence":0.7,"mode":"bus","tier":"secondary","geometry_source":"shape"},"geometry":{"type":"LineString","coordinates":[[73.939,18.4999],[73.9122,18.5062],[73.8848,18.5066],[73.8839,18.5064],[73.883,18.5054],[73.8794,18.503],[73.8788,18.5028],[73.8792,18.507],[73.8822,18.5065],[73.8823,18.5049],[73.8788,18.5028],[73.8785,18.5056],[73.8799,18.5136],[73.8788,18.5136],[73.8792,18.5184],[73.8754,18.5196],[73.8763,18.5234],[73.8702,18.5239],[73.8632,18.5276],[73.8579,18.5239],[73.8569,18.5253],[73.8555,18.5238],[73.8546,18.5232],[73.857,18.5255],[73.856,18.5272],[73.8573,18.5279]]}},{"type":"Feature","properties":{"id":"transit_route:gtfs_pune_pmpml:1110","field":"public_transport","kind":"transit_route","name":"Ganpati Matha to Deccan Gymkhana (UP)","ref":"METRO SHUTTLE 2","status":"operational","opened_on":null,"expected_completion":null,"agency":"PMPML","source":"gtfs_pune_pmpml","confidence":0.7,"mode":"bus","tier":"secondary","geometry_source":"shape"},"geometry":{"type":"LineString","coordinates":[[73.7958,18.4757],[73.8016,18.4807],[73.8058,18.4805],[73.8146,18.4894],[73.8151,18.4929],[73.8132,18.4948],[73.8134,18.4999],[73.8146,18.5016],[73.8408,18.5133],[73.8421,18.5153]]}},{"type":"Feature","properties":{"id":"transit_route:gtfs_pune_pmpml:1111","field":"public_transport","kind":"transit_route","name":"Deccan Gymkhana to Ganpati Matha (DOWN)","ref":"METRO SHUTTLE 2","status":"operational","opened_on":null,"expected_completion":null,"agency":"PMPML","source":"gtfs_pune_pmpml","confidence":0.7,"mode":"bus","tier":"secondary","geometry_source":"shape"},"geometry":{"type":"LineString","coordinates":[[73.8422,18.5154],[73.8408,18.5132],[73.8147,18.5015],[73.8133,18.4948],[73.8153,18.493],[73.815,18.4897],[73.8058,18.4804],[73.8016,18.4806],[73.7959,18.4758]]}},{"type":"Feature","properties":{"id":"transit_route:gtfs_pune_pmpml:1112","field":"public_transport","kind":"transit_route","name":"Kalewadi Phata to Pimpri Chowk Metro Station (UP)","ref":"METRO SHUTTLE 31","status":"operational","opened_on":null,"expected_completion":null,"agency":"PMPML","source":"gtfs_pune_pmpml","confidence":0.7,"mode":"bus","tier":"secondary","geometry_source":"shape"},"geometry":{"type":"LineString","coordinates":[[73.7761,18.6044],[73.7771,18.6036],[73.78,18.6071],[73.7856,18.6157],[73.795,18.6196],[73.8012,18.6197],[73.8016,18.6212],[73.7985,18.6232],[73.7978,18.6253],[73.8011,18.6247],[73.8031,18.6317],[73.8033,18.6293]]}},{"type":"Feature","properties":{"id":"transit_route:gtfs_pune_pmpml:1113","field":"public_transport","kind":"transit_route","name":"Pimpri Chowk Metro Station to Kalewadi Phata (DOWN)","ref":"METRO SHUTTLE 31","status":"operational","opened_on":null,"expected_completion":null,"agency":"PMPML","source":"gtfs_pune_pmpml","confidence":0.7,"mode":"bus","tier":"secondary","geometry_source":"shape"},"geometry":{"type":"LineString","coordinates":[[73.8033,18.6293],[73.8058,18.6263],[73.8048,18.6248],[73.8003,18.624],[73.8019,18.6222],[73.8013,18.6197],[73.7951,18.6195],[73.7859,18.6157],[73.7797,18.6064],[73.7772,18.6035],[73.7761,18.6044]]}},{"type":"Feature","properties":{"id":"transit_route:gtfs_pune_pmpml:1114","field":"public_transport","kind":"transit_route","name":"Nigdi Bhakti Shakti to Nashik Phata (UP)","ref":"METRO SHUTTLE 32","status":"operational","opened_on":null,"expected_completion":null,"agency":"PMPML","source":"gtfs_pune_pmpml","confidence":0.7,"mode":"bus","tier":"secondary","geometry_source":"shape"},"geometry":{"type":"LineString","coordinates":[[73.7711,18.6661],[73.8057,18.6265],[73.8081,18.6292],[73.8157,18.6286],[73.8196,18.6297],[73.8168,18.6138],[73.8214,18.6082]]}},{"type":"Feature","properties":{"id":"transit_route:gtfs_pune_pmpml:1115","field":"public_transport","kind":"transit_route","name":"Nashik Phata Metro Station to Nigdi Bhakti Shakti (DOWN)","ref":"METRO SHUTTLE 32","status":"operational","opened_on":null,"expected_completion":null,"agency":"PMPML","source":"gtfs_pune_pmpml","confidence":0.7,"mode":"bus","tier":"secondary","geometry_source":"shape"},"geometry":{"type":"LineString","coordinates":[[73.8209,18.6083],[73.8163,18.6136],[73.8195,18.6296],[73.8157,18.6285],[73.8081,18.6292],[73.8055,18.6262],[73.771,18.6659]]}},{"type":"Feature","properties":{"id":"transit_route:gtfs_pune_pmpml:1130","field":"public_transport","kind":"transit_route","name":"Rupee Nagar to Nigdi Pawale Chowk (UP)","ref":"N15","status":"operational","opened_on":null,"expected_completion":null,"agency":"PMPML","source":"gtfs_pune_pmpml","confidence":0.7,"mode":"bus","tier":"secondary","geometry_source":"shape"},"geometry":{"type":"LineString","coordinates":[[73.7823,18.6766],[73.7796,18.6682],[73.7767,18.6689],[73.7762,18.6664],[73.7731,18.6642],[73.7772,18.6598]]}},{"type":"Feature","properties":{"id":"transit_route:gtfs_pune_pmpml:1131","field":"public_transport","kind":"transit_route","name":"Nigdi Pawale Chowk to Rupee Nagar (DOWN)","ref":"N15","status":"operational","opened_on":null,"expected_completion":null,"agency":"PMPML","source":"gtfs_pune_pmpml","confidence":0.7,"mode":"bus","tier":"secondary","geometry_source":"shape"},"geometry":{"type":"LineString","coordinates":[[73.7772,18.6598],[73.7774,18.659],[73.7724,18.6641],[73.7724,18.6644],[73.7716,18.6652],[73.7712,18.6656],[73.7728,18.6646],[73.776,18.6669],[73.7767,18.6689],[73.7796,18.6682],[73.7823,18.6766]]}},{"type":"Feature","properties":{"id":"transit_route:gtfs_pune_pmpml:1132","field":"public_transport","kind":"transit_route","name":"Nageshwar Vidyalaya Chikhli to Akurdi Khandoba Maal (UP)","ref":"N16","status":"operational","opened_on":null,"expected_completion":null,"agency":"PMPML","source":"gtfs_pune_pmpml","confidence":0.7,"mode":"bus","tier":"secondary","geometry_source":"shape"},"geometry":{"type":"LineString","coordinates":[[73.8081,18.691],[73.8077,18.6872],[73.8144,18.6836],[73.8073,18.6761],[73.7985,18.6703],[73.7936,18.6606],[73.7862,18.6509]]}},{"type":"Feature","properties":{"id":"transit_route:gtfs_pune_pmpml:1133","field":"public_transport","kind":"transit_route","name":"Akurdi Khandoba Maal to Nageshwar Vidyalaya Chikhli (DOWN)","ref":"N16","status":"operational","opened_on":null,"expected_completion":null,"agency":"PMPML","source":"gtfs_pune_pmpml","confidence":0.7,"mode":"bus","tier":"secondary","geometry_source":"shape"},"geometry":{"type":"LineString","coordinates":[[73.7862,18.651],[73.794,18.6613],[73.7983,18.6701],[73.8073,18.6761],[73.8143,18.6836],[73.8076,18.6871],[73.8081,18.6909]]}},{"type":"Feature","properties":{"id":"transit_route:gtfs_pune_pmpml:1134","field":"public_transport","kind":"transit_route","name":"Walhekarwadi to Pimpri Chowk Metro Station (UP)","ref":"P13","status":"operational","opened_on":null,"expected_completion":null,"agency":"PMPML","source":"gtfs_pune_pmpml","confidence":0.7,"mode":"bus","tier":"secondary","geometry_source":"shape"},"geometry":{"type":"LineString","coordinates":[[73.7624,18.635],[73.7647,18.6395],[73.7745,18.6346],[73.7742,18.6326],[73.7741,18.6318],[73.7741,18.6314],[73.7741,18.6313],[73.7738,18.6314],[73.7816,18.6297],[73.7828,18.6276],[73.7914,18.6307],[73.7951,18.6293],[73.8002,18.6241],[73.8027,18.63],[73.8033,18.6293]]}},{"type":"Feature","properties":{"id":"transit_route:gtfs_pune_pmpml:1135","field":"public_transport","kind":"transit_route","name":"Pimpri Chowk Metro Station to Walhekarwadi (DOWN)","ref":"P13","status":"operational","opened_on":null,"expected_completion":null,"agency":"PMPML","source":"gtfs_pune_pmpml","confidence":0.7,"mode":"bus","tier":"secondary","geometry_source":"shape"},"geometry":{"type":"LineString","coordinates":[[73.8033,18.6293],[73.8058,18.6264],[73.8051,18.6251],[73.8003,18.624],[73.7951,18.6293],[73.7913,18.6306],[73.7822,18.6272],[73.7825,18.629],[73.7738,18.6314],[73.7745,18.6346],[73.7647,18.6395],[73.7621,18.6351]]}},{"type":"Feature","properties":{"id":"transit_route:gtfs_pune_pmpml:1136","field":"public_transport","kind":"transit_route","name":"Mariaai Gate Navin St Stand to Katraj (UP)","ref":"RATRANI 1","status":"operational","opened_on":null,"expected_completion":null,"agency":"PMPML","source":"gtfs_pune_pmpml","confidence":0.7,"mode":"bus","tier":"secondary","geometry_source":"shape"},"geometry":{"type":"LineString","coordinates":[[73.8517,18.543],[73.8509,18.536],[73.8554,18.5303],[73.8527,18.5327],[73.8513,18.5349],[73.8505,18.5369],[73.8487,18.5353],[73.8491,18.5331],[73.8498,18.5303],[73.8525,18.5293],[73.8513,18.5274],[73.8561,18.5202],[73.859,18.5044],[73.8564,18.4755],[73.859,18.4468]]}},{"type":"Feature","properties":{"id":"transit_route:gtfs_pune_pmpml:1137","field":"public_transport","kind":"transit_route","name":"Katraj to Mariaai Gate Navin St Stand (DOWN)","ref":"RATRANI 1","status":"operational","opened_on":null,"expected_completion":null,"agency":"PMPML","source":"gtfs_pune_pmpml","confidence":0.7,"mode":"bus","tier":"secondary","geometry_source":"shape"},"geometry":{"type":"LineString","coordinates":[[73.8587,18.4475],[73.8581,18.464],[73.8562,18.4753],[73.8584,18.5001],[73.8539,18.502],[73.8538,18.5156],[73.8552,18.5211],[73.8499,18.5296],[73.8549,18.5305],[73.8505,18.5373],[73.8516,18.5434]]}},{"type":"Feature","properties":{"id":"transit_route:gtfs_pune_pmpml:1138","field":"public_transport","kind":"transit_route","name":"Pune Station Moledina Stand to Katraj (UP)","ref":"RATRANI 2","status":"operational","opened_on":null,"expected_completion":null,"agency":"PMPML","source":"gtfs_pune_pmpml","confidence":0.7,"mode":"bus","tier":"secondary","geometry_source":"shape"},"geometry":{"type":"LineString","coordinates":[[73.873,18.5271],[73.8736,18.5283],[73.8763,18.5282],[73.8764,18.5234],[73.8712,18.5245],[73.8675,18.5229],[73.8693,18.5014],[73.8646,18.4998],[73.8585,18.5],[73.8564,18.4752],[73.859,18.4468]]}},{"type":"Feature","properties":{"id":"transit_route:gtfs_pune_pmpml:1139","field":"public_transport","kind":"transit_route","name":"Katraj to Pune Station Moledina Stand (DOWN)","ref":"RATRANI 2","status":"operational","opened_on":null,"expected_completion":null,"agency":"PMPML","source":"gtfs_pune_pmpml","confidence":0.7,"mode":"bus","tier":"secondary","geometry_source":"shape"},"geometry":{"type":"LineString","coordinates":[[73.8587,18.4475],[73.8581,18.464],[73.8562,18.4753],[73.8581,18.4993],[73.8584,18.5006],[73.8646,18.5],[73.8691,18.5016],[73.8675,18.5255],[73.8701,18.5242],[73.873,18.5276]]}},{"type":"Feature","properties":{"id":"transit_route:gtfs_pune_pmpml:1140","field":"public_transport","kind":"transit_route","name":"Hadapsar Gadital to Swargate (UP)","ref":"RATRANI 3","status":"operational","opened_on":null,"expected_completion":null,"agency":"PMPML","source":"gtfs_pune_pmpml","confidence":0.7,"mode":"bus","tier":"secondary","geometry_source":"shape"},"geometry":{"type":"LineString","coordinates":[[73.939,18.4999],[73.9121,18.5062],[73.8848,18.5066],[73.8839,18.5064],[73.883,18.5054],[73.8794,18.503],[73.8788,18.5028],[73.8793,18.507],[73.8823,18.506],[73.8794,18.503],[73.8786,18.5028],[73.8748,18.5019],[73.8702,18.5016],[73.8646,18.4998],[73.859,18.5004],[73.8585,18.499]]}},{"type":"Feature","properties":{"id":"transit_route:gtfs_pune_pmpml:1141","field":"public_transport","kind":"transit_route","name":"Swargate to Hadapsar Gadital (DOWN)","ref":"RATRANI 3","status":"operational","opened_on":null,"expected_completion":null,"agency":"PMPML","source":"gtfs_pune_pmpml","confidence":0.7,"mode":"bus","tier":"secondary","geometry_source":"shape"},"geometry":{"type":"LineString","coordinates":[[73.8582,18.4995],[73.8587,18.5006],[73.8646,18.5],[73.8784,18.5027],[73.8793,18.507],[73.8925,18.5062],[73.8981,18.5072],[73.9138,18.5062],[73.9394,18.5]]}},{"type":"Feature","properties":{"id":"transit_route:gtfs_pune_pmpml:1142","field":"public_transport","kind":"transit_route","name":"Pune Station St. Helena'S Stand to Hadapsar Gadital (UP)","ref":"RATRANI 4","status":"operational","opened_on":null,"expected_completion":null,"agency":"PMPML","source":"gtfs_pune_pmpml","confidence":0.7,"mode":"bus","tier":"secondary","geometry_source":"shape"},"geometry":{"type":"LineString","coordinates":[[73.8718,18.5245],[73.8768,18.5249],[73.8764,18.5234],[73.8741,18.5239],[73.8739,18.5228],[73.8762,18.5223],[73.8754,18.5196],[73.8797,18.5183],[73.8793,18.507],[73.9128,18.5064],[73.9391,18.5001]]}},{"type":"Feature","properties":{"id":"transit_route:gtfs_pune_pmpml:1143","field":"public_transport","kind":"transit_route","name":"Hadapsar Gadital to Pune Station St. Helena'S Stand (DOWN)","ref":"RATRANI 4","status":"operational","opened_on":null,"expected_completion":null,"agency":"PMPML","source":"gtfs_pune_pmpml","confidence":0.7,"mode":"bus","tier":"secondary","geometry_source":"shape"},"geometry":{"type":"LineString","coordinates":[[73.939,18.4999],[73.9122,18.5062],[73.8848,18.5066],[73.8839,18.5064],[73.883,18.5054],[73.8794,18.503],[73.8788,18.5028],[73.8792,18.507],[73.8822,18.5065],[73.8823,18.5049],[73.8794,18.503],[73.8788,18.5028],[73.8787,18.5029],[73.8785,18.5056],[73.8801,18.5106],[73.8799,18.5137],[73.8788,18.5136],[73.8792,18.5184],[73.8754,18.5196],[73.8763,18.5234],[73.8721,18.5243]]}},{"type":"Feature","properties":{"id":"transit_route:gtfs_pune_pmpml:1146","field":"public_transport","kind":"transit_route","name":"Nda 10 No. Gate to Pune Station Moledina Stand (UP)","ref":"RATRANI 7","status":"operational","opened_on":null,"expected_completion":null,"agency":"PMPML","source":"gtfs_pune_pmpml","confidence":0.7,"mode":"bus","tier":"secondary","geometry_source":"shape"},"geometry":{"type":"LineString","coordinates":[[73.763,18.4493],[73.7668,18.4523],[73.7673,18.4553],[73.7707,18.4576],[73.7731,18.4611],[73.7736,18.4646],[73.7776,18.4667],[73.7827,18.4662],[73.801,18.4803],[73.8057,18.4804],[73.8097,18.4836],[73.815,18.49],[73.8151,18.493],[73.8132,18.4948],[73.8134,18.4999],[73.8146,18.5016],[73.8424,18.5146],[73.8439,18.5128],[73.8538,18.5137],[73.8553,18.521],[73.8562,18.5185],[73.8615,18.5192],[73.8618,18.5161],[73.8648,18.5154],[73.8789,18.5176],[73.8792,18.5184],[73.8716,18.5209],[73.8701,18.5241],[73.8718,18.5245],[73.873,18.5276]]}},{"type":"Feature","properties":{"id":"transit_route:gtfs_pune_pmpml:1147","field":"public_transport","kind":"transit_route","name":"Pune Station Moledina Stand to Nda 10 No. Gate (DOWN)","ref":"RATRANI 7","status":"operational","opened_on":null,"expected_completion":null,"agency":"PMPML","source":"gtfs_pune_pmpml","confidence":0.7,"mode":"bus","tier":"secondary","geometry_source":"shape"},"geometry":{"type":"LineString","coordinates":[[73.873,18.5271],[73.8736,18.5283],[73.8763,18.5282],[73.8768,18.5248],[73.8754,18.5196],[73.8797,18.5183],[73.8799,18.5137],[73.8734,18.5166],[73.8694,18.5154],[73.8567,18.5157],[73.8437,18.5127],[73.8422,18.5143],[73.8265,18.5062],[73.8155,18.502],[73.8138,18.4998],[73.8133,18.4948],[73.8152,18.4931],[73.8151,18.4899],[73.8097,18.4836],[73.8056,18.4803],[73.801,18.4802],[73.7827,18.4662],[73.7776,18.4667],[73.7736,18.4646],[73.7731,18.4611],[73.7707,18.4576],[73.7673,18.4553],[73.7668,18.4523],[73.7631,18.4494]]}}]}