{"type":"FeatureCollection","features":[{"type":"Feature","properties":{"id":"transit_stop:metro_hyd_hmrl_gtfs:MYP","field":"public_transport","kind":"transit_stop","name":"Miyapur","ref":null,"status":"operational","opened_on":null,"expected_completion":null,"agency":"HMRL","source":"metro_hyd_hmrl_gtfs","confidence":0.9,"mode":"metro","tier":"official"},"geometry":{"type":"Point","coordinates":[78.373,17.4965]}},{"type":"Feature","properties":{"id":"transit_stop:metro_hyd_hmrl_gtfs:MYP1","field":"public_transport","kind":"transit_stop","name":"Miyapur","ref":null,"status":"operational","opened_on":null,"expected_completion":null,"agency":"HMRL","source":"metro_hyd_hmrl_gtfs","confidence":0.9,"mode":"metro","tier":"official"},"geometry":{"type":"Point","coordinates":[78.373,17.4965]}},{"type":"Feature","properties":{"id":"transit_stop:metro_hyd_hmrl_gtfs:MYP2","field":"public_transport","kind":"transit_stop","name":"Miyapur","ref":null,"status":"operational","opened_on":null,"expected_completion":null,"agency":"HMRL","source":"metro_hyd_hmrl_gtfs","confidence":0.9,"mode":"metro","tier":"official"},"geometry":{"type":"Point","coordinates":[78.373,17.4965]}},{"type":"Feature","properties":{"id":"transit_stop:metro_hyd_hmrl_gtfs:JNT","field":"public_transport","kind":"transit_stop","name":"JNTU College","ref":null,"status":"operational","opened_on":null,"expected_completion":null,"agency":"HMRL","source":"metro_hyd_hmrl_gtfs","confidence":0.9,"mode":"metro","tier":"official"},"geometry":{"type":"Point","coordinates":[78.3889,17.4987]}},{"type":"Feature","properties":{"id":"transit_stop:metro_hyd_hmrl_gtfs:JNT1","field":"public_transport","kind":"transit_stop","name":"JNTU College","ref":null,"status":"operational","opened_on":null,"expected_completion":null,"agency":"HMRL","source":"metro_hyd_hmrl_gtfs","confidence":0.9,"mode":"metro","tier":"official"},"geometry":{"type":"Point","coordinates":[78.3889,17.4987]}},{"type":"Feature","properties":{"id":"transit_stop:metro_hyd_hmrl_gtfs:JNT2","field":"public_transport","kind":"transit_stop","name":"JNTU College","ref":null,"status":"operational","opened_on":null,"expected_completion":null,"agency":"HMRL","source":"metro_hyd_hmrl_gtfs","confidence":0.9,"mode":"metro","tier":"official"},"geometry":{"type":"Point","coordinates":[78.3889,17.4987]}},{"type":"Feature","properties":{"id":"transit_stop:metro_hyd_hmrl_gtfs:KPH","field":"public_transport","kind":"transit_stop","name":"KPHB Colony","ref":null,"status":"operational","opened_on":null,"expected_completion":null,"agency":"HMRL","source":"metro_hyd_hmrl_gtfs","confidence":0.9,"mode":"metro","tier":"official"},"geometry":{"type":"Point","coordinates":[78.4018,17.4938]}},{"type":"Feature","properties":{"id":"transit_stop:metro_hyd_hmrl_gtfs:KPH1","field":"public_transport","kind":"transit_stop","name":"KPHB Colony","ref":null,"status":"operational","opened_on":null,"expected_completion":null,"agency":"HMRL","source":"metro_hyd_hmrl_gtfs","confidence":0.9,"mode":"metro","tier":"official"},"geometry":{"type":"Point","coordinates":[78.4018,17.4938]}},{"type":"Feature","properties":{"id":"transit_stop:metro_hyd_hmrl_gtfs:KPH2","field":"public_transport","kind":"transit_stop","name":"KPHB Colony","ref":null,"status":"operational","opened_on":null,"expected_completion":null,"agency":"HMRL","source":"metro_hyd_hmrl_gtfs","confidence":0.9,"mode":"metro","tier":"official"},"geometry":{"type":"Point","coordinates":[78.4018,17.4938]}},{"type":"Feature","properties":{"id":"transit_stop:metro_hyd_hmrl_gtfs:KUK","field":"public_transport","kind":"transit_stop","name":"Kukatpally","ref":null,"status":"operational","opened_on":null,"expected_completion":null,"agency":"HMRL","source":"metro_hyd_hmrl_gtfs","confidence":0.9,"mode":"metro","tier":"official"},"geometry":{"type":"Point","coordinates":[78.4118,17.4849]}},{"type":"Feature","properties":{"id":"transit_stop:metro_hyd_hmrl_gtfs:KUK1","field":"public_transport","kind":"transit_stop","name":"Kukatpally","ref":null,"status":"operational","opened_on":null,"expected_completion":null,"agency":"HMRL","source":"metro_hyd_hmrl_gtfs","confidence":0.9,"mode":"metro","tier":"official"},"geometry":{"type":"Point","coordinates":[78.4118,17.4849]}},{"type":"Feature","properties":{"id":"transit_stop:metro_hyd_hmrl_gtfs:KUK2","field":"public_transport","kind":"transit_stop","name":"Kukatpally","ref":null,"status":"operational","opened_on":null,"expected_completion":null,"agency":"HMRL","source":"metro_hyd_hmrl_gtfs","confidence":0.9,"mode":"metro","tier":"official"},"geometry":{"type":"Point","coordinates":[78.4118,17.4849]}},{"type":"Feature","properties":{"id":"transit_stop:metro_hyd_hmrl_gtfs:BLR","field":"public_transport","kind":"transit_stop","name":"Balanagar","ref":null,"status":"operational","opened_on":null,"expected_completion":null,"agency":"HMRL","source":"metro_hyd_hmrl_gtfs","confidence":0.9,"mode":"metro","tier":"official"},"geometry":{"type":"Point","coordinates":[78.4221,17.4767]}},{"type":"Feature","properties":{"id":"transit_stop:metro_hyd_hmrl_gtfs:BLR1","field":"public_transport","kind":"transit_stop","name":"Balanagar","ref":null,"status":"operational","opened_on":null,"expected_completion":null,"agency":"HMRL","source":"metro_hyd_hmrl_gtfs","confidence":0.9,"mode":"metro","tier":"official"},"geometry":{"type":"Point","coordinates":[78.4221,17.4767]}},{"type":"Feature","properties":{"id":"transit_stop:metro_hyd_hmrl_gtfs:BLR2","field":"public_transport","kind":"transit_stop","name":"Balanagar","ref":null,"status":"operational","opened_on":null,"expected_completion":null,"agency":"HMRL","source":"metro_hyd_hmrl_gtfs","confidence":0.9,"mode":"metro","tier":"official"},"geometry":{"type":"Point","coordinates":[78.4221,17.4767]}},{"type":"Feature","properties":{"id":"transit_stop:metro_hyd_hmrl_gtfs:MSP","field":"public_transport","kind":"transit_stop","name":"Moosapet","ref":null,"status":"operational","opened_on":null,"expected_completion":null,"agency":"HMRL","source":"metro_hyd_hmrl_gtfs","confidence":0.9,"mode":"metro","tier":"official"},"geometry":{"type":"Point","coordinates":[78.4261,17.4719]}},{"type":"Feature","properties":{"id":"transit_stop:metro_hyd_hmrl_gtfs:MSP1","field":"public_transport","kind":"transit_stop","name":"Moosapet","ref":null,"status":"operational","opened_on":null,"expected_completion":null,"agency":"HMRL","source":"metro_hyd_hmrl_gtfs","confidence":0.9,"mode":"metro","tier":"official"},"geometry":{"type":"Point","coordinates":[78.4261,17.4719]}},{"type":"Feature","properties":{"id":"transit_stop:metro_hyd_hmrl_gtfs:MSP2","field":"public_transport","kind":"transit_stop","name":"Moosapet","ref":null,"status":"operational","opened_on":null,"expected_completion":null,"agency":"HMRL","source":"metro_hyd_hmrl_gtfs","confidence":0.9,"mode":"metro","tier":"official"},"geometry":{"type":"Point","coordinates":[78.4261,17.4719]}},{"type":"Feature","properties":{"id":"transit_stop:metro_hyd_hmrl_gtfs:BTN","field":"public_transport","kind":"transit_stop","name":"Bharat Nagar","ref":null,"status":"operational","opened_on":null,"expected_completion":null,"agency":"HMRL","source":"metro_hyd_hmrl_gtfs","confidence":0.9,"mode":"metro","tier":"official"},"geometry":{"type":"Point","coordinates":[78.4305,17.4629]}},{"type":"Feature","properties":{"id":"transit_stop:metro_hyd_hmrl_gtfs:BTN1","field":"public_transport","kind":"transit_stop","name":"Bharat Nagar","ref":null,"status":"operational","opened_on":null,"expected_completion":null,"agency":"HMRL","source":"metro_hyd_hmrl_gtfs","confidence":0.9,"mode":"metro","tier":"official"},"geometry":{"type":"Point","coordinates":[78.4305,17.4629]}},{"type":"Feature","properties":{"id":"transit_stop:metro_hyd_hmrl_gtfs:BTN2","field":"public_transport","kind":"transit_stop","name":"Bharat Nagar","ref":null,"status":"operational","opened_on":null,"expected_completion":null,"agency":"HMRL","source":"metro_hyd_hmrl_gtfs","confidence":0.9,"mode":"metro","tier":"official"},"geometry":{"type":"Point","coordinates":[78.4305,17.4629]}},{"type":"Feature","properties":{"id":"transit_stop:metro_hyd_hmrl_gtfs:ERA","field":"public_transport","kind":"transit_stop","name":"Erragadda","ref":null,"status":"operational","opened_on":null,"expected_completion":null,"agency":"HMRL","source":"metro_hyd_hmrl_gtfs","confidence":0.9,"mode":"metro","tier":"official"},"geometry":{"type":"Point","coordinates":[78.4336,17.457]}},{"type":"Feature","properties":{"id":"transit_stop:metro_hyd_hmrl_gtfs:ERA1","field":"public_transport","kind":"transit_stop","name":"Erragadda","ref":null,"status":"operational","opened_on":null,"expected_completion":null,"agency":"HMRL","source":"metro_hyd_hmrl_gtfs","confidence":0.9,"mode":"metro","tier":"official"},"geometry":{"type":"Point","coordinates":[78.4336,17.457]}},{"type":"Feature","properties":{"id":"transit_stop:metro_hyd_hmrl_gtfs:ERA2","field":"public_transport","kind":"transit_stop","name":"Erragadda","ref":null,"status":"operational","opened_on":null,"expected_completion":null,"agency":"HMRL","source":"metro_hyd_hmrl_gtfs","confidence":0.9,"mode":"metro","tier":"official"},"geometry":{"type":"Point","coordinates":[78.4336,17.457]}},{"type":"Feature","properties":{"id":"transit_stop:metro_hyd_hmrl_gtfs:ESI","field":"public_transport","kind":"transit_stop","name":"ESI Hospital","ref":null,"status":"operational","opened_on":null,"expected_completion":null,"agency":"HMRL","source":"metro_hyd_hmrl_gtfs","confidence":0.9,"mode":"metro","tier":"official"},"geometry":{"type":"Point","coordinates":[78.4376,17.4487]}},{"type":"Feature","properties":{"id":"transit_stop:metro_hyd_hmrl_gtfs:ESI1","field":"public_transport","kind":"transit_stop","name":"ESI Hospital","ref":null,"status":"operational","opened_on":null,"expected_completion":null,"agency":"HMRL","source":"metro_hyd_hmrl_gtfs","confidence":0.9,"mode":"metro","tier":"official"},"geometry":{"type":"Point","coordinates":[78.4376,17.4487]}},{"type":"Feature","properties":{"id":"transit_stop:metro_hyd_hmrl_gtfs:ESI2","field":"public_transport","kind":"transit_stop","name":"ESI Hospital","ref":null,"status":"operational","opened_on":null,"expected_completion":null,"agency":"HMRL","source":"metro_hyd_hmrl_gtfs","confidence":0.9,"mode":"metro","tier":"official"},"geometry":{"type":"Point","coordinates":[78.4376,17.4487]}},{"type":"Feature","properties":{"id":"transit_stop:metro_hyd_hmrl_gtfs:SRN","field":"public_transport","kind":"transit_stop","name":"S. R. Nagar","ref":null,"status":"operational","opened_on":null,"expected_completion":null,"agency":"HMRL","source":"metro_hyd_hmrl_gtfs","confidence":0.9,"mode":"metro","tier":"official"},"geometry":{"type":"Point","coordinates":[78.4407,17.4431]}},{"type":"Feature","properties":{"id":"transit_stop:metro_hyd_hmrl_gtfs:SRN1","field":"public_transport","kind":"transit_stop","name":"S. R. Nagar","ref":null,"status":"operational","opened_on":null,"expected_completion":null,"agency":"HMRL","source":"metro_hyd_hmrl_gtfs","confidence":0.9,"mode":"metro","tier":"official"},"geometry":{"type":"Point","coordinates":[78.4407,17.4431]}},{"type":"Feature","properties":{"id":"transit_stop:metro_hyd_hmrl_gtfs:SRN2","field":"public_transport","kind":"transit_stop","name":"S. R. Nagar","ref":null,"status":"operational","opened_on":null,"expected_completion":null,"agency":"HMRL","source":"metro_hyd_hmrl_gtfs","confidence":0.9,"mode":"metro","tier":"official"},"geometry":{"type":"Point","coordinates":[78.4407,17.4431]}},{"type":"Feature","properties":{"id":"transit_stop:metro_hyd_hmrl_gtfs:AME","field":"public_transport","kind":"transit_stop","name":"Ameerpet","ref":null,"status":"operational","opened_on":null,"expected_completion":null,"agency":"HMRL","source":"metro_hyd_hmrl_gtfs","confidence":0.9,"mode":"metro","tier":"official"},"geometry":{"type":"Point","coordinates":[78.4448,17.4357]}},{"type":"Feature","properties":{"id":"transit_stop:metro_hyd_hmrl_gtfs:AME3","field":"public_transport","kind":"transit_stop","name":"Ameerpet","ref":null,"status":"operational","opened_on":null,"expected_completion":null,"agency":"HMRL","source":"metro_hyd_hmrl_gtfs","confidence":0.9,"mode":"metro","tier":"official"},"geometry":{"type":"Point","coordinates":[78.4448,17.4357]}},{"type":"Feature","properties":{"id":"transit_stop:metro_hyd_hmrl_gtfs:AME4","field":"public_transport","kind":"transit_stop","name":"Ameerpet","ref":null,"status":"operational","opened_on":null,"expected_completion":null,"agency":"HMRL","source":"metro_hyd_hmrl_gtfs","confidence":0.9,"mode":"metro","tier":"official"},"geometry":{"type":"Point","coordinates":[78.4448,17.4357]}},{"type":"Feature","properties":{"id":"transit_stop:metro_hyd_hmrl_gtfs:AME1","field":"public_transport","kind":"transit_stop","name":"Ameerpet","ref":null,"status":"operational","opened_on":null,"expected_completion":null,"agency":"HMRL","source":"metro_hyd_hmrl_gtfs","confidence":0.9,"mode":"metro","tier":"official"},"geometry":{"type":"Point","coordinates":[78.4448,17.4353]}},{"type":"Feature","properties":{"id":"transit_stop:metro_hyd_hmrl_gtfs:AME2","field":"public_transport","kind":"transit_stop","name":"Ameerpet","ref":null,"status":"operational","opened_on":null,"expected_completion":null,"agency":"HMRL","source":"metro_hyd_hmrl_gtfs","confidence":0.9,"mode":"metro","tier":"official"},"geometry":{"type":"Point","coordinates":[78.4448,17.4353]}},{"type":"Feature","properties":{"id":"transit_stop:metro_hyd_hmrl_gtfs:PUN","field":"public_transport","kind":"transit_stop","name":"Panjagutta","ref":null,"status":"operational","opened_on":null,"expected_completion":null,"agency":"HMRL","source":"metro_hyd_hmrl_gtfs","confidence":0.9,"mode":"metro","tier":"official"},"geometry":{"type":"Point","coordinates":[78.451,17.4289]}},{"type":"Feature","properties":{"id":"transit_stop:metro_hyd_hmrl_gtfs:PUN1","field":"public_transport","kind":"transit_stop","name":"Panjagutta","ref":null,"status":"operational","opened_on":null,"expected_completion":null,"agency":"HMRL","source":"metro_hyd_hmrl_gtfs","confidence":0.9,"mode":"metro","tier":"official"},"geometry":{"type":"Point","coordinates":[78.451,17.4289]}},{"type":"Feature","properties":{"id":"transit_stop:metro_hyd_hmrl_gtfs:PUN2","field":"public_transport","kind":"transit_stop","name":"Panjagutta","ref":null,"status":"operational","opened_on":null,"expected_completion":null,"agency":"HMRL","source":"metro_hyd_hmrl_gtfs","confidence":0.9,"mode":"metro","tier":"official"},"geometry":{"type":"Point","coordinates":[78.451,17.4289]}},{"type":"Feature","properties":{"id":"transit_stop:metro_hyd_hmrl_gtfs:IRM","field":"public_transport","kind":"transit_stop","name":"Erra Manzil","ref":null,"status":"operational","opened_on":null,"expected_completion":null,"agency":"HMRL","source":"metro_hyd_hmrl_gtfs","confidence":0.9,"mode":"metro","tier":"official"},"geometry":{"type":"Point","coordinates":[78.4563,17.4202]}},{"type":"Feature","properties":{"id":"transit_stop:metro_hyd_hmrl_gtfs:IRM1","field":"public_transport","kind":"transit_stop","name":"Erra Manzil","ref":null,"status":"operational","opened_on":null,"expected_completion":null,"agency":"HMRL","source":"metro_hyd_hmrl_gtfs","confidence":0.9,"mode":"metro","tier":"official"},"geometry":{"type":"Point","coordinates":[78.4563,17.4202]}},{"type":"Feature","properties":{"id":"transit_stop:metro_hyd_hmrl_gtfs:IRM2","field":"public_transport","kind":"transit_stop","name":"Erra Manzil","ref":null,"status":"operational","opened_on":null,"expected_completion":null,"agency":"HMRL","source":"metro_hyd_hmrl_gtfs","confidence":0.9,"mode":"metro","tier":"official"},"geometry":{"type":"Point","coordinates":[78.4563,17.4202]}},{"type":"Feature","properties":{"id":"transit_stop:metro_hyd_hmrl_gtfs:KHA","field":"public_transport","kind":"transit_stop","name":"Khairatabad","ref":null,"status":"operational","opened_on":null,"expected_completion":null,"agency":"HMRL","source":"metro_hyd_hmrl_gtfs","confidence":0.9,"mode":"metro","tier":"official"},"geometry":{"type":"Point","coordinates":[78.4609,17.4116]}},{"type":"Feature","properties":{"id":"transit_stop:metro_hyd_hmrl_gtfs:KHA1","field":"public_transport","kind":"transit_stop","name":"Khairatabad","ref":null,"status":"operational","opened_on":null,"expected_completion":null,"agency":"HMRL","source":"metro_hyd_hmrl_gtfs","confidence":0.9,"mode":"metro","tier":"official"},"geometry":{"type":"Point","coordinates":[78.4609,17.4116]}},{"type":"Feature","properties":{"id":"transit_stop:metro_hyd_hmrl_gtfs:KHA2","field":"public_transport","kind":"transit_stop","name":"Khairatabad","ref":null,"status":"operational","opened_on":null,"expected_completion":null,"agency":"HMRL","source":"metro_hyd_hmrl_gtfs","confidence":0.9,"mode":"metro","tier":"official"},"geometry":{"type":"Point","coordinates":[78.4609,17.4116]}},{"type":"Feature","properties":{"id":"transit_stop:metro_hyd_hmrl_gtfs:LKP","field":"public_transport","kind":"transit_stop","name":"Lakdi-ka-pul","ref":null,"status":"operational","opened_on":null,"expected_completion":null,"agency":"HMRL","source":"metro_hyd_hmrl_gtfs","confidence":0.9,"mode":"metro","tier":"official"},"geometry":{"type":"Point","coordinates":[78.4649,17.404]}},{"type":"Feature","properties":{"id":"transit_stop:metro_hyd_hmrl_gtfs:LKP1","field":"public_transport","kind":"transit_stop","name":"Lakdi-ka-pul","ref":null,"status":"operational","opened_on":null,"expected_completion":null,"agency":"HMRL","source":"metro_hyd_hmrl_gtfs","confidence":0.9,"mode":"metro","tier":"official"},"geometry":{"type":"Point","coordinates":[78.4649,17.404]}},{"type":"Feature","properties":{"id":"transit_stop:metro_hyd_hmrl_gtfs:LKP2","field":"public_transport","kind":"transit_stop","name":"Lakdi-ka-pul","ref":null,"status":"operational","opened_on":null,"expected_completion":null,"agency":"HMRL","source":"metro_hyd_hmrl_gtfs","confidence":0.9,"mode":"metro","tier":"official"},"geometry":{"type":"Point","coordinates":[78.4649,17.404]}},{"type":"Feature","properties":{"id":"transit_stop:metro_hyd_hmrl_gtfs:ASM","field":"public_transport","kind":"transit_stop","name":"Assembly","ref":null,"status":"operational","opened_on":null,"expected_completion":null,"agency":"HMRL","source":"metro_hyd_hmrl_gtfs","confidence":0.9,"mode":"metro","tier":"official"},"geometry":{"type":"Point","coordinates":[78.4709,17.398]}},{"type":"Feature","properties":{"id":"transit_stop:metro_hyd_hmrl_gtfs:ASM1","field":"public_transport","kind":"transit_stop","name":"Assembly","ref":null,"status":"operational","opened_on":null,"expected_completion":null,"agency":"HMRL","source":"metro_hyd_hmrl_gtfs","confidence":0.9,"mode":"metro","tier":"official"},"geometry":{"type":"Point","coordinates":[78.4709,17.398]}},{"type":"Feature","properties":{"id":"transit_stop:metro_hyd_hmrl_gtfs:ASM2","field":"public_transport","kind":"transit_stop","name":"Assembly","ref":null,"status":"operational","opened_on":null,"expected_completion":null,"agency":"HMRL","source":"metro_hyd_hmrl_gtfs","confidence":0.9,"mode":"metro","tier":"official"},"geometry":{"type":"Point","coordinates":[78.4709,17.398]}},{"type":"Feature","properties":{"id":"transit_stop:metro_hyd_hmrl_gtfs:NAM","field":"public_transport","kind":"transit_stop","name":"Nampally","ref":null,"status":"operational","opened_on":null,"expected_completion":null,"agency":"HMRL","source":"metro_hyd_hmrl_gtfs","confidence":0.9,"mode":"metro","tier":"official"},"geometry":{"type":"Point","coordinates":[78.4702,17.3922]}},{"type":"Feature","properties":{"id":"transit_stop:metro_hyd_hmrl_gtfs:NAM1","field":"public_transport","kind":"transit_stop","name":"Nampally","ref":null,"status":"operational","opened_on":null,"expected_completion":null,"agency":"HMRL","source":"metro_hyd_hmrl_gtfs","confidence":0.9,"mode":"metro","tier":"official"},"geometry":{"type":"Point","coordinates":[78.4702,17.3922]}},{"type":"Feature","properties":{"id":"transit_stop:metro_hyd_hmrl_gtfs:NAM2","field":"public_transport","kind":"transit_stop","name":"Nampally","ref":null,"status":"operational","opened_on":null,"expected_completion":null,"agency":"HMRL","source":"metro_hyd_hmrl_gtfs","confidence":0.9,"mode":"metro","tier":"official"},"geometry":{"type":"Point","coordinates":[78.4702,17.3922]}},{"type":"Feature","properties":{"id":"transit_stop:metro_hyd_hmrl_gtfs:GAB","field":"public_transport","kind":"transit_stop","name":"Gandhi Bhavan","ref":null,"status":"operational","opened_on":null,"expected_completion":null,"agency":"HMRL","source":"metro_hyd_hmrl_gtfs","confidence":0.9,"mode":"metro","tier":"official"},"geometry":{"type":"Point","coordinates":[78.4733,17.3858]}},{"type":"Feature","properties":{"id":"transit_stop:metro_hyd_hmrl_gtfs:GAB1","field":"public_transport","kind":"transit_stop","name":"Gandhi Bhavan","ref":null,"status":"operational","opened_on":null,"expected_completion":null,"agency":"HMRL","source":"metro_hyd_hmrl_gtfs","confidence":0.9,"mode":"metro","tier":"official"},"geometry":{"type":"Point","coordinates":[78.4733,17.3858]}},{"type":"Feature","properties":{"id":"transit_stop:metro_hyd_hmrl_gtfs:GAB2","field":"public_transport","kind":"transit_stop","name":"Gandhi Bhavan","ref":null,"status":"operational","opened_on":null,"expected_completion":null,"agency":"HMRL","source":"metro_hyd_hmrl_gtfs","confidence":0.9,"mode":"metro","tier":"official"},"geometry":{"type":"Point","coordinates":[78.4733,17.3858]}},{"type":"Feature","properties":{"id":"transit_stop:metro_hyd_hmrl_gtfs:OMC","field":"public_transport","kind":"transit_stop","name":"Osmania Medical College","ref":null,"status":"operational","opened_on":null,"expected_completion":null,"agency":"HMRL","source":"metro_hyd_hmrl_gtfs","confidence":0.9,"mode":"metro","tier":"official"},"geometry":{"type":"Point","coordinates":[78.4817,17.3821]}},{"type":"Feature","properties":{"id":"transit_stop:metro_hyd_hmrl_gtfs:OMC1","field":"public_transport","kind":"transit_stop","name":"Osmania Medical College","ref":null,"status":"operational","opened_on":null,"expected_completion":null,"agency":"HMRL","source":"metro_hyd_hmrl_gtfs","confidence":0.9,"mode":"metro","tier":"official"},"geometry":{"type":"Point","coordinates":[78.4817,17.3821]}},{"type":"Feature","properties":{"id":"transit_stop:metro_hyd_hmrl_gtfs:OMC2","field":"public_transport","kind":"transit_stop","name":"Osmania Medical College","ref":null,"status":"operational","opened_on":null,"expected_completion":null,"agency":"HMRL","source":"metro_hyd_hmrl_gtfs","confidence":0.9,"mode":"metro","tier":"official"},"geometry":{"type":"Point","coordinates":[78.4817,17.3821]}},{"type":"Feature","properties":{"id":"transit_stop:metro_hyd_hmrl_gtfs:MGB","field":"public_transport","kind":"transit_stop","name":"Mahatma Gandhi Bus Station","ref":null,"status":"operational","opened_on":null,"expected_completion":null,"agency":"HMRL","source":"metro_hyd_hmrl_gtfs","confidence":0.9,"mode":"metro","tier":"official"},"geometry":{"type":"Point","coordinates":[78.4862,17.3798]}},{"type":"Feature","properties":{"id":"transit_stop:metro_hyd_hmrl_gtfs:MGB1","field":"public_transport","kind":"transit_stop","name":"Mahatma Gandhi Bus Station","ref":null,"status":"operational","opened_on":null,"expected_completion":null,"agency":"HMRL","source":"metro_hyd_hmrl_gtfs","confidence":0.9,"mode":"metro","tier":"official"},"geometry":{"type":"Point","coordinates":[78.4862,17.3798]}},{"type":"Feature","properties":{"id":"transit_stop:metro_hyd_hmrl_gtfs:MGB2","field":"public_transport","kind":"transit_stop","name":"Mahatma Gandhi Bus Station","ref":null,"status":"operational","opened_on":null,"expected_completion":null,"agency":"HMRL","source":"metro_hyd_hmrl_gtfs","confidence":0.9,"mode":"metro","tier":"official"},"geometry":{"type":"Point","coordinates":[78.4862,17.3798]}},{"type":"Feature","properties":{"id":"transit_stop:metro_hyd_hmrl_gtfs:MGB3","field":"public_transport","kind":"transit_stop","name":"Mahatma Gandhi Bus Station","ref":null,"status":"operational","opened_on":null,"expected_completion":null,"agency":"HMRL","source":"metro_hyd_hmrl_gtfs","confidence":0.9,"mode":"metro","tier":"official"},"geometry":{"type":"Point","coordinates":[78.4862,17.3798]}},{"type":"Feature","properties":{"id":"transit_stop:metro_hyd_hmrl_gtfs:MGB4","field":"public_transport","kind":"transit_stop","name":"Mahatma Gandhi Bus Station","ref":null,"status":"operational","opened_on":null,"expected_completion":null,"agency":"HMRL","source":"metro_hyd_hmrl_gtfs","confidence":0.9,"mode":"metro","tier":"official"},"geometry":{"type":"Point","coordinates":[78.4862,17.3798]}},{"type":"Feature","properties":{"id":"transit_stop:metro_hyd_hmrl_gtfs:MKL","field":"public_transport","kind":"transit_stop","name":"Malakpet","ref":null,"status":"operational","opened_on":null,"expected_completion":null,"agency":"HMRL","source":"metro_hyd_hmrl_gtfs","confidence":0.9,"mode":"metro","tier":"official"},"geometry":{"type":"Point","coordinates":[78.4939,17.3772]}},{"type":"Feature","properties":{"id":"transit_stop:metro_hyd_hmrl_gtfs:MKL1","field":"public_transport","kind":"transit_stop","name":"Malakpet","ref":null,"status":"operational","opened_on":null,"expected_completion":null,"agency":"HMRL","source":"metro_hyd_hmrl_gtfs","confidence":0.9,"mode":"metro","tier":"official"},"geometry":{"type":"Point","coordinates":[78.4939,17.3772]}},{"type":"Feature","properties":{"id":"transit_stop:metro_hyd_hmrl_gtfs:MKL2","field":"public_transport","kind":"transit_stop","name":"Malakpet","ref":null,"status":"operational","opened_on":null,"expected_completion":null,"agency":"HMRL","source":"metro_hyd_hmrl_gtfs","confidence":0.9,"mode":"metro","tier":"official"},"geometry":{"type":"Point","coordinates":[78.4939,17.3772]}},{"type":"Feature","properties":{"id":"transit_stop:metro_hyd_hmrl_gtfs:NEM","field":"public_transport","kind":"transit_stop","name":"New Market","ref":null,"status":"operational","opened_on":null,"expected_completion":null,"agency":"HMRL","source":"metro_hyd_hmrl_gtfs","confidence":0.9,"mode":"metro","tier":"official"},"geometry":{"type":"Point","coordinates":[78.5032,17.3734]}},{"type":"Feature","properties":{"id":"transit_stop:metro_hyd_hmrl_gtfs:NEM1","field":"public_transport","kind":"transit_stop","name":"New Market","ref":null,"status":"operational","opened_on":null,"expected_completion":null,"agency":"HMRL","source":"metro_hyd_hmrl_gtfs","confidence":0.9,"mode":"metro","tier":"official"},"geometry":{"type":"Point","coordinates":[78.5032,17.3734]}},{"type":"Feature","properties":{"id":"transit_stop:metro_hyd_hmrl_gtfs:NEM2","field":"public_transport","kind":"transit_stop","name":"New Market","ref":null,"status":"operational","opened_on":null,"expected_completion":null,"agency":"HMRL","source":"metro_hyd_hmrl_gtfs","confidence":0.9,"mode":"metro","tier":"official"},"geometry":{"type":"Point","coordinates":[78.5032,17.3734]}},{"type":"Feature","properties":{"id":"transit_stop:metro_hyd_hmrl_gtfs:MSB","field":"public_transport","kind":"transit_stop","name":"Musarambagh","ref":null,"status":"operational","opened_on":null,"expected_completion":null,"agency":"HMRL","source":"metro_hyd_hmrl_gtfs","confidence":0.9,"mode":"metro","tier":"official"},"geometry":{"type":"Point","coordinates":[78.512,17.3711]}},{"type":"Feature","properties":{"id":"transit_stop:metro_hyd_hmrl_gtfs:MSB1","field":"public_transport","kind":"transit_stop","name":"Musarambagh","ref":null,"status":"operational","opened_on":null,"expected_completion":null,"agency":"HMRL","source":"metro_hyd_hmrl_gtfs","confidence":0.9,"mode":"metro","tier":"official"},"geometry":{"type":"Point","coordinates":[78.512,17.3711]}},{"type":"Feature","properties":{"id":"transit_stop:metro_hyd_hmrl_gtfs:MSB2","field":"public_transport","kind":"transit_stop","name":"Musarambagh","ref":null,"status":"operational","opened_on":null,"expected_completion":null,"agency":"HMRL","source":"metro_hyd_hmrl_gtfs","confidence":0.9,"mode":"metro","tier":"official"},"geometry":{"type":"Point","coordinates":[78.512,17.3711]}},{"type":"Feature","properties":{"id":"transit_stop:metro_hyd_hmrl_gtfs:DSN","field":"public_transport","kind":"transit_stop","name":"Dilsukh Nagar","ref":null,"status":"operational","opened_on":null,"expected_completion":null,"agency":"HMRL","source":"metro_hyd_hmrl_gtfs","confidence":0.9,"mode":"metro","tier":"official"},"geometry":{"type":"Point","coordinates":[78.5254,17.3685]}},{"type":"Feature","properties":{"id":"transit_stop:metro_hyd_hmrl_gtfs:DSN1","field":"public_transport","kind":"transit_stop","name":"Dilsukh Nagar","ref":null,"status":"operational","opened_on":null,"expected_completion":null,"agency":"HMRL","source":"metro_hyd_hmrl_gtfs","confidence":0.9,"mode":"metro","tier":"official"},"geometry":{"type":"Point","coordinates":[78.5254,17.3685]}},{"type":"Feature","properties":{"id":"transit_stop:metro_hyd_hmrl_gtfs:DSN2","field":"public_transport","kind":"transit_stop","name":"Dilsukh Nagar","ref":null,"status":"operational","opened_on":null,"expected_completion":null,"agency":"HMRL","source":"metro_hyd_hmrl_gtfs","confidence":0.9,"mode":"metro","tier":"official"},"geometry":{"type":"Point","coordinates":[78.5254,17.3685]}},{"type":"Feature","properties":{"id":"transit_stop:metro_hyd_hmrl_gtfs:CHP","field":"public_transport","kind":"transit_stop","name":"Chaitanyapuri","ref":null,"status":"operational","opened_on":null,"expected_completion":null,"agency":"HMRL","source":"metro_hyd_hmrl_gtfs","confidence":0.9,"mode":"metro","tier":"official"},"geometry":{"type":"Point","coordinates":[78.5381,17.3682]}},{"type":"Feature","properties":{"id":"transit_stop:metro_hyd_hmrl_gtfs:CHP1","field":"public_transport","kind":"transit_stop","name":"Chaitanyapuri","ref":null,"status":"operational","opened_on":null,"expected_completion":null,"agency":"HMRL","source":"metro_hyd_hmrl_gtfs","confidence":0.9,"mode":"metro","tier":"official"},"geometry":{"type":"Point","coordinates":[78.5381,17.3682]}},{"type":"Feature","properties":{"id":"transit_stop:metro_hyd_hmrl_gtfs:CHP2","field":"public_transport","kind":"transit_stop","name":"Chaitanyapuri","ref":null,"status":"operational","opened_on":null,"expected_completion":null,"agency":"HMRL","source":"metro_hyd_hmrl_gtfs","confidence":0.9,"mode":"metro","tier":"official"},"geometry":{"type":"Point","coordinates":[78.5381,17.3682]}},{"type":"Feature","properties":{"id":"transit_stop:metro_hyd_hmrl_gtfs:VOM","field":"public_transport","kind":"transit_stop","name":"Victoria Memorial","ref":null,"status":"operational","opened_on":null,"expected_completion":null,"agency":"HMRL","source":"metro_hyd_hmrl_gtfs","confidence":0.9,"mode":"metro","tier":"official"},"geometry":{"type":"Point","coordinates":[78.544,17.3619]}},{"type":"Feature","properties":{"id":"transit_stop:metro_hyd_hmrl_gtfs:VOM1","field":"public_transport","kind":"transit_stop","name":"Victoria Memorial","ref":null,"status":"operational","opened_on":null,"expected_completion":null,"agency":"HMRL","source":"metro_hyd_hmrl_gtfs","confidence":0.9,"mode":"metro","tier":"official"},"geometry":{"type":"Point","coordinates":[78.544,17.3619]}},{"type":"Feature","properties":{"id":"transit_stop:metro_hyd_hmrl_gtfs:VOM2","field":"public_transport","kind":"transit_stop","name":"Victoria Memorial","ref":null,"status":"operational","opened_on":null,"expected_completion":null,"agency":"HMRL","source":"metro_hyd_hmrl_gtfs","confidence":0.9,"mode":"metro","tier":"official"},"geometry":{"type":"Point","coordinates":[78.544,17.3619]}},{"type":"Feature","properties":{"id":"transit_stop:metro_hyd_hmrl_gtfs:LBN","field":"public_transport","kind":"transit_stop","name":"L. B. Nagar","ref":null,"status":"operational","opened_on":null,"expected_completion":null,"agency":"HMRL","source":"metro_hyd_hmrl_gtfs","confidence":0.9,"mode":"metro","tier":"official"},"geometry":{"type":"Point","coordinates":[78.5479,17.3498]}},{"type":"Feature","properties":{"id":"transit_stop:metro_hyd_hmrl_gtfs:LBN1","field":"public_transport","kind":"transit_stop","name":"L. B. Nagar","ref":null,"status":"operational","opened_on":null,"expected_completion":null,"agency":"HMRL","source":"metro_hyd_hmrl_gtfs","confidence":0.9,"mode":"metro","tier":"official"},"geometry":{"type":"Point","coordinates":[78.5479,17.3498]}},{"type":"Feature","properties":{"id":"transit_stop:metro_hyd_hmrl_gtfs:LBN2","field":"public_transport","kind":"transit_stop","name":"L. B. Nagar","ref":null,"status":"operational","opened_on":null,"expected_completion":null,"agency":"HMRL","source":"metro_hyd_hmrl_gtfs","confidence":0.9,"mode":"metro","tier":"official"},"geometry":{"type":"Point","coordinates":[78.5479,17.3498]}},{"type":"Feature","properties":{"id":"transit_stop:metro_hyd_hmrl_gtfs:SUB","field":"public_transport","kind":"transit_stop","name":"Sultan Bazar","ref":null,"status":"operational","opened_on":null,"expected_completion":null,"agency":"HMRL","source":"metro_hyd_hmrl_gtfs","confidence":0.9,"mode":"metro","tier":"official"},"geometry":{"type":"Point","coordinates":[78.484,17.3844]}},{"type":"Feature","properties":{"id":"transit_stop:metro_hyd_hmrl_gtfs:SUB1","field":"public_transport","kind":"transit_stop","name":"Sultan Bazar","ref":null,"status":"operational","opened_on":null,"expected_completion":null,"agency":"HMRL","source":"metro_hyd_hmrl_gtfs","confidence":0.9,"mode":"metro","tier":"official"},"geometry":{"type":"Point","coordinates":[78.484,17.3844]}},{"type":"Feature","properties":{"id":"transit_stop:metro_hyd_hmrl_gtfs:SUB2","field":"public_transport","kind":"transit_stop","name":"Sultan Bazar","ref":null,"status":"operational","opened_on":null,"expected_completion":null,"agency":"HMRL","source":"metro_hyd_hmrl_gtfs","confidence":0.9,"mode":"metro","tier":"official"},"geometry":{"type":"Point","coordinates":[78.484,17.3844]}},{"type":"Feature","properties":{"id":"transit_stop:metro_hyd_hmrl_gtfs:NAR","field":"public_transport","kind":"transit_stop","name":"Narayanaguda","ref":null,"status":"operational","opened_on":null,"expected_completion":null,"agency":"HMRL","source":"metro_hyd_hmrl_gtfs","confidence":0.9,"mode":"metro","tier":"official"},"geometry":{"type":"Point","coordinates":[78.49,17.3944]}},{"type":"Feature","properties":{"id":"transit_stop:metro_hyd_hmrl_gtfs:NAR1","field":"public_transport","kind":"transit_stop","name":"Narayanaguda","ref":null,"status":"operational","opened_on":null,"expected_completion":null,"agency":"HMRL","source":"metro_hyd_hmrl_gtfs","confidence":0.9,"mode":"metro","tier":"official"},"geometry":{"type":"Point","coordinates":[78.49,17.3944]}},{"type":"Feature","properties":{"id":"transit_stop:metro_hyd_hmrl_gtfs:NAR2","field":"public_transport","kind":"transit_stop","name":"Narayanaguda","ref":null,"status":"operational","opened_on":null,"expected_completion":null,"agency":"HMRL","source":"metro_hyd_hmrl_gtfs","confidence":0.9,"mode":"metro","tier":"official"},"geometry":{"type":"Point","coordinates":[78.49,17.3944]}},{"type":"Feature","properties":{"id":"transit_stop:metro_hyd_hmrl_gtfs:CDP","field":"public_transport","kind":"transit_stop","name":"Chikkadpally","ref":null,"status":"operational","opened_on":null,"expected_completion":null,"agency":"HMRL","source":"metro_hyd_hmrl_gtfs","confidence":0.9,"mode":"metro","tier":"official"},"geometry":{"type":"Point","coordinates":[78.4949,17.4004]}},{"type":"Feature","properties":{"id":"transit_stop:metro_hyd_hmrl_gtfs:CDP1","field":"public_transport","kind":"transit_stop","name":"Chikkadpally","ref":null,"status":"operational","opened_on":null,"expected_completion":null,"agency":"HMRL","source":"metro_hyd_hmrl_gtfs","confidence":0.9,"mode":"metro","tier":"official"},"geometry":{"type":"Point","coordinates":[78.4949,17.4004]}},{"type":"Feature","properties":{"id":"transit_stop:metro_hyd_hmrl_gtfs:CDP2","field":"public_transport","kind":"transit_stop","name":"Chikkadpally","ref":null,"status":"operational","opened_on":null,"expected_completion":null,"agency":"HMRL","source":"metro_hyd_hmrl_gtfs","confidence":0.9,"mode":"metro","tier":"official"},"geometry":{"type":"Point","coordinates":[78.4949,17.4004]}},{"type":"Feature","properties":{"id":"transit_stop:metro_hyd_hmrl_gtfs:RTC","field":"public_transport","kind":"transit_stop","name":"RTC Cross Roads","ref":null,"status":"operational","opened_on":null,"expected_completion":null,"agency":"HMRL","source":"metro_hyd_hmrl_gtfs","confidence":0.9,"mode":"metro","tier":"official"},"geometry":{"type":"Point","coordinates":[78.4968,17.407]}},{"type":"Feature","properties":{"id":"transit_stop:metro_hyd_hmrl_gtfs:RTC1","field":"public_transport","kind":"transit_stop","name":"RTC Cross Roads","ref":null,"status":"operational","opened_on":null,"expected_completion":null,"agency":"HMRL","source":"metro_hyd_hmrl_gtfs","confidence":0.9,"mode":"metro","tier":"official"},"geometry":{"type":"Point","coordinates":[78.4968,17.407]}},{"type":"Feature","properties":{"id":"transit_stop:metro_hyd_hmrl_gtfs:RTC2","field":"public_transport","kind":"transit_stop","name":"RTC Cross Roads","ref":null,"status":"operational","opened_on":null,"expected_completion":null,"agency":"HMRL","source":"metro_hyd_hmrl_gtfs","confidence":0.9,"mode":"metro","tier":"official"},"geometry":{"type":"Point","coordinates":[78.4968,17.407]}},{"type":"Feature","properties":{"id":"transit_stop:metro_hyd_hmrl_gtfs:MSH","field":"public_transport","kind":"transit_stop","name":"Musheerabad","ref":null,"status":"operational","opened_on":null,"expected_completion":null,"agency":"HMRL","source":"metro_hyd_hmrl_gtfs","confidence":0.9,"mode":"metro","tier":"official"},"geometry":{"type":"Point","coordinates":[78.4995,17.4179]}},{"type":"Feature","properties":{"id":"transit_stop:metro_hyd_hmrl_gtfs:MSH1","field":"public_transport","kind":"transit_stop","name":"Musheerabad","ref":null,"status":"operational","opened_on":null,"expected_completion":null,"agency":"HMRL","source":"metro_hyd_hmrl_gtfs","confidence":0.9,"mode":"metro","tier":"official"},"geometry":{"type":"Point","coordinates":[78.4995,17.4179]}},{"type":"Feature","properties":{"id":"transit_stop:metro_hyd_hmrl_gtfs:MSH2","field":"public_transport","kind":"transit_stop","name":"Musheerabad","ref":null,"status":"operational","opened_on":null,"expected_completion":null,"agency":"HMRL","source":"metro_hyd_hmrl_gtfs","confidence":0.9,"mode":"metro","tier":"official"},"geometry":{"type":"Point","coordinates":[78.4995,17.4179]}},{"type":"Feature","properties":{"id":"transit_stop:metro_hyd_hmrl_gtfs:GNH","field":"public_transport","kind":"transit_stop","name":"Gandhi Hospital","ref":null,"status":"operational","opened_on":null,"expected_completion":null,"agency":"HMRL","source":"metro_hyd_hmrl_gtfs","confidence":0.9,"mode":"metro","tier":"official"},"geometry":{"type":"Point","coordinates":[78.502,17.4255]}},{"type":"Feature","properties":{"id":"transit_stop:metro_hyd_hmrl_gtfs:GNH1","field":"public_transport","kind":"transit_stop","name":"Gandhi Hospital","ref":null,"status":"operational","opened_on":null,"expected_completion":null,"agency":"HMRL","source":"metro_hyd_hmrl_gtfs","confidence":0.9,"mode":"metro","tier":"official"},"geometry":{"type":"Point","coordinates":[78.502,17.4255]}},{"type":"Feature","properties":{"id":"transit_stop:metro_hyd_hmrl_gtfs:GNH2","field":"public_transport","kind":"transit_stop","name":"Gandhi Hospital","ref":null,"status":"operational","opened_on":null,"expected_completion":null,"agency":"HMRL","source":"metro_hyd_hmrl_gtfs","confidence":0.9,"mode":"metro","tier":"official"},"geometry":{"type":"Point","coordinates":[78.502,17.4255]}},{"type":"Feature","properties":{"id":"transit_stop:metro_hyd_hmrl_gtfs:SCR","field":"public_transport","kind":"transit_stop","name":"Secunderabad West","ref":null,"status":"operational","opened_on":null,"expected_completion":null,"agency":"HMRL","source":"metro_hyd_hmrl_gtfs","confidence":0.9,"mode":"metro","tier":"official"},"geometry":{"type":"Point","coordinates":[78.4995,17.4338]}},{"type":"Feature","properties":{"id":"transit_stop:metro_hyd_hmrl_gtfs:SCR1","field":"public_transport","kind":"transit_stop","name":"Secunderabad West","ref":null,"status":"operational","opened_on":null,"expected_completion":null,"agency":"HMRL","source":"metro_hyd_hmrl_gtfs","confidence":0.9,"mode":"metro","tier":"official"},"geometry":{"type":"Point","coordinates":[78.4995,17.4338]}},{"type":"Feature","properties":{"id":"transit_stop:metro_hyd_hmrl_gtfs:SCR2","field":"public_transport","kind":"transit_stop","name":"Secunderabad West","ref":null,"status":"operational","opened_on":null,"expected_completion":null,"agency":"HMRL","source":"metro_hyd_hmrl_gtfs","confidence":0.9,"mode":"metro","tier":"official"},"geometry":{"type":"Point","coordinates":[78.4995,17.4338]}},{"type":"Feature","properties":{"id":"transit_stop:metro_hyd_hmrl_gtfs:JBS","field":"public_transport","kind":"transit_stop","name":"JBS Parade Ground","ref":null,"status":"operational","opened_on":null,"expected_completion":null,"agency":"HMRL","source":"metro_hyd_hmrl_gtfs","confidence":0.9,"mode":"metro","tier":"official"},"geometry":{"type":"Point","coordinates":[78.4976,17.4445]}},{"type":"Feature","properties":{"id":"transit_stop:metro_hyd_hmrl_gtfs:PRG4","field":"public_transport","kind":"transit_stop","name":"JBS Parade Ground","ref":null,"status":"operational","opened_on":null,"expected_completion":null,"agency":"HMRL","source":"metro_hyd_hmrl_gtfs","confidence":0.9,"mode":"metro","tier":"official"},"geometry":{"type":"Point","coordinates":[78.4976,17.4445]}},{"type":"Feature","properties":{"id":"transit_stop:metro_hyd_hmrl_gtfs:NAG","field":"public_transport","kind":"transit_stop","name":"Nagole","ref":null,"status":"operational","opened_on":null,"expected_completion":null,"agency":"HMRL","source":"metro_hyd_hmrl_gtfs","confidence":0.9,"mode":"metro","tier":"official"},"geometry":{"type":"Point","coordinates":[78.5588,17.3908]}},{"type":"Feature","properties":{"id":"transit_stop:metro_hyd_hmrl_gtfs:NAG1","field":"public_transport","kind":"transit_stop","name":"Nagole","ref":null,"status":"operational","opened_on":null,"expected_completion":null,"agency":"HMRL","source":"metro_hyd_hmrl_gtfs","confidence":0.9,"mode":"metro","tier":"official"},"geometry":{"type":"Point","coordinates":[78.5588,17.3908]}},{"type":"Feature","properties":{"id":"transit_stop:metro_hyd_hmrl_gtfs:NAG2","field":"public_transport","kind":"transit_stop","name":"Nagole","ref":null,"status":"operational","opened_on":null,"expected_completion":null,"agency":"HMRL","source":"metro_hyd_hmrl_gtfs","confidence":0.9,"mode":"metro","tier":"official"},"geometry":{"type":"Point","coordinates":[78.5588,17.3908]}},{"type":"Feature","properties":{"id":"transit_stop:metro_hyd_hmrl_gtfs:UPL","field":"public_transport","kind":"transit_stop","name":"Uppal","ref":null,"status":"operational","opened_on":null,"expected_completion":null,"agency":"HMRL","source":"metro_hyd_hmrl_gtfs","confidence":0.9,"mode":"metro","tier":"official"},"geometry":{"type":"Point","coordinates":[78.5602,17.4001]}},{"type":"Feature","properties":{"id":"transit_stop:metro_hyd_hmrl_gtfs:UPL1","field":"public_transport","kind":"transit_stop","name":"Uppal","ref":null,"status":"operational","opened_on":null,"expected_completion":null,"agency":"HMRL","source":"metro_hyd_hmrl_gtfs","confidence":0.9,"mode":"metro","tier":"official"},"geometry":{"type":"Point","coordinates":[78.5602,17.4001]}},{"type":"Feature","properties":{"id":"transit_stop:metro_hyd_hmrl_gtfs:UPL2","field":"public_transport","kind":"transit_stop","name":"Uppal","ref":null,"status":"operational","opened_on":null,"expected_completion":null,"agency":"HMRL","source":"metro_hyd_hmrl_gtfs","confidence":0.9,"mode":"metro","tier":"official"},"geometry":{"type":"Point","coordinates":[78.5602,17.4001]}},{"type":"Feature","properties":{"id":"transit_stop:metro_hyd_hmrl_gtfs:STD","field":"public_transport","kind":"transit_stop","name":"Stadium","ref":null,"status":"operational","opened_on":null,"expected_completion":null,"agency":"HMRL","source":"metro_hyd_hmrl_gtfs","confidence":0.9,"mode":"metro","tier":"official"},"geometry":{"type":"Point","coordinates":[78.5543,17.4074]}},{"type":"Feature","properties":{"id":"transit_stop:metro_hyd_hmrl_gtfs:SOI1","field":"public_transport","kind":"transit_stop","name":"Stadium","ref":null,"status":"operational","opened_on":null,"expected_completion":null,"agency":"HMRL","source":"metro_hyd_hmrl_gtfs","confidence":0.9,"mode":"metro","tier":"official"},"geometry":{"type":"Point","coordinates":[78.5543,17.4074]}},{"type":"Feature","properties":{"id":"transit_stop:metro_hyd_hmrl_gtfs:SOI2","field":"public_transport","kind":"transit_stop","name":"Stadium","ref":null,"status":"operational","opened_on":null,"expected_completion":null,"agency":"HMRL","source":"metro_hyd_hmrl_gtfs","confidence":0.9,"mode":"metro","tier":"official"},"geometry":{"type":"Point","coordinates":[78.5543,17.4074]}},{"type":"Feature","properties":{"id":"transit_stop:metro_hyd_hmrl_gtfs:NGR","field":"public_transport","kind":"transit_stop","name":"NGRI","ref":null,"status":"operational","opened_on":null,"expected_completion":null,"agency":"HMRL","source":"metro_hyd_hmrl_gtfs","confidence":0.9,"mode":"metro","tier":"official"},"geometry":{"type":"Point","coordinates":[78.5463,17.4148]}},{"type":"Feature","properties":{"id":"transit_stop:metro_hyd_hmrl_gtfs:NGR1","field":"public_transport","kind":"transit_stop","name":"NGRI","ref":null,"status":"operational","opened_on":null,"expected_completion":null,"agency":"HMRL","source":"metro_hyd_hmrl_gtfs","confidence":0.9,"mode":"metro","tier":"official"},"geometry":{"type":"Point","coordinates":[78.5463,17.4148]}},{"type":"Feature","properties":{"id":"transit_stop:metro_hyd_hmrl_gtfs:NGR2","field":"public_transport","kind":"transit_stop","name":"NGRI","ref":null,"status":"operational","opened_on":null,"expected_completion":null,"agency":"HMRL","source":"metro_hyd_hmrl_gtfs","confidence":0.9,"mode":"metro","tier":"official"},"geometry":{"type":"Point","coordinates":[78.5463,17.4148]}},{"type":"Feature","properties":{"id":"transit_stop:metro_hyd_hmrl_gtfs:HSG","field":"public_transport","kind":"transit_stop","name":"Habsiguda","ref":null,"status":"operational","opened_on":null,"expected_completion":null,"agency":"HMRL","source":"metro_hyd_hmrl_gtfs","confidence":0.9,"mode":"metro","tier":"official"},"geometry":{"type":"Point","coordinates":[78.5405,17.4202]}},{"type":"Feature","properties":{"id":"transit_stop:metro_hyd_hmrl_gtfs:HSG1","field":"public_transport","kind":"transit_stop","name":"Habsiguda","ref":null,"status":"operational","opened_on":null,"expected_completion":null,"agency":"HMRL","source":"metro_hyd_hmrl_gtfs","confidence":0.9,"mode":"metro","tier":"official"},"geometry":{"type":"Point","coordinates":[78.5405,17.4202]}},{"type":"Feature","properties":{"id":"transit_stop:metro_hyd_hmrl_gtfs:HSG2","field":"public_transport","kind":"transit_stop","name":"Habsiguda","ref":null,"status":"operational","opened_on":null,"expected_completion":null,"agency":"HMRL","source":"metro_hyd_hmrl_gtfs","confidence":0.9,"mode":"metro","tier":"official"},"geometry":{"type":"Point","coordinates":[78.5405,17.4202]}},{"type":"Feature","properties":{"id":"transit_stop:metro_hyd_hmrl_gtfs:TAR","field":"public_transport","kind":"transit_stop","name":"Tarnaka","ref":null,"status":"operational","opened_on":null,"expected_completion":null,"agency":"HMRL","source":"metro_hyd_hmrl_gtfs","confidence":0.9,"mode":"metro","tier":"official"},"geometry":{"type":"Point","coordinates":[78.53,17.4274]}},{"type":"Feature","properties":{"id":"transit_stop:metro_hyd_hmrl_gtfs:TAR1","field":"public_transport","kind":"transit_stop","name":"Tarnaka","ref":null,"status":"operational","opened_on":null,"expected_completion":null,"agency":"HMRL","source":"metro_hyd_hmrl_gtfs","confidence":0.9,"mode":"metro","tier":"official"},"geometry":{"type":"Point","coordinates":[78.53,17.4274]}},{"type":"Feature","properties":{"id":"transit_stop:metro_hyd_hmrl_gtfs:TAR2","field":"public_transport","kind":"transit_stop","name":"Tarnaka","ref":null,"status":"operational","opened_on":null,"expected_completion":null,"agency":"HMRL","source":"metro_hyd_hmrl_gtfs","confidence":0.9,"mode":"metro","tier":"official"},"geometry":{"type":"Point","coordinates":[78.53,17.4274]}},{"type":"Feature","properties":{"id":"transit_stop:metro_hyd_hmrl_gtfs:MET","field":"public_transport","kind":"transit_stop","name":"Mettuguda","ref":null,"status":"operational","opened_on":null,"expected_completion":null,"agency":"HMRL","source":"metro_hyd_hmrl_gtfs","confidence":0.9,"mode":"metro","tier":"official"},"geometry":{"type":"Point","coordinates":[78.5196,17.4355]}},{"type":"Feature","properties":{"id":"transit_stop:metro_hyd_hmrl_gtfs:MET1","field":"public_transport","kind":"transit_stop","name":"Mettuguda","ref":null,"status":"operational","opened_on":null,"expected_completion":null,"agency":"HMRL","source":"metro_hyd_hmrl_gtfs","confidence":0.9,"mode":"metro","tier":"official"},"geometry":{"type":"Point","coordinates":[78.5196,17.4355]}},{"type":"Feature","properties":{"id":"transit_stop:metro_hyd_hmrl_gtfs:MET2","field":"public_transport","kind":"transit_stop","name":"Mettuguda","ref":null,"status":"operational","opened_on":null,"expected_completion":null,"agency":"HMRL","source":"metro_hyd_hmrl_gtfs","confidence":0.9,"mode":"metro","tier":"official"},"geometry":{"type":"Point","coordinates":[78.5196,17.4355]}},{"type":"Feature","properties":{"id":"transit_stop:metro_hyd_hmrl_gtfs:SEC_E","field":"public_transport","kind":"transit_stop","name":"Secunderabad East","ref":null,"status":"operational","opened_on":null,"expected_completion":null,"agency":"HMRL","source":"metro_hyd_hmrl_gtfs","confidence":0.9,"mode":"metro","tier":"official"},"geometry":{"type":"Point","coordinates":[78.5055,17.4357]}},{"type":"Feature","properties":{"id":"transit_stop:metro_hyd_hmrl_gtfs:SEC1","field":"public_transport","kind":"transit_stop","name":"Secunderabad East","ref":null,"status":"operational","opened_on":null,"expected_completion":null,"agency":"HMRL","source":"metro_hyd_hmrl_gtfs","confidence":0.9,"mode":"metro","tier":"official"},"geometry":{"type":"Point","coordinates":[78.5055,17.4357]}},{"type":"Feature","properties":{"id":"transit_stop:metro_hyd_hmrl_gtfs:SEC2","field":"public_transport","kind":"transit_stop","name":"Secunderabad East","ref":null,"status":"operational","opened_on":null,"expected_completion":null,"agency":"HMRL","source":"metro_hyd_hmrl_gtfs","confidence":0.9,"mode":"metro","tier":"official"},"geometry":{"type":"Point","coordinates":[78.5055,17.4357]}},{"type":"Feature","properties":{"id":"transit_stop:metro_hyd_hmrl_gtfs:PRG","field":"public_transport","kind":"transit_stop","name":"Parade Ground","ref":null,"status":"operational","opened_on":null,"expected_completion":null,"agency":"HMRL","source":"metro_hyd_hmrl_gtfs","confidence":0.9,"mode":"metro","tier":"official"},"geometry":{"type":"Point","coordinates":[78.4975,17.4432]}},{"type":"Feature","properties":{"id":"transit_stop:metro_hyd_hmrl_gtfs:PRG1","field":"public_transport","kind":"transit_stop","name":"Parade Ground","ref":null,"status":"operational","opened_on":null,"expected_completion":null,"agency":"HMRL","source":"metro_hyd_hmrl_gtfs","confidence":0.9,"mode":"metro","tier":"official"},"geometry":{"type":"Point","coordinates":[78.4975,17.4432]}},{"type":"Feature","properties":{"id":"transit_stop:metro_hyd_hmrl_gtfs:PRG2","field":"public_transport","kind":"transit_stop","name":"Parade Ground","ref":null,"status":"operational","opened_on":null,"expected_completion":null,"agency":"HMRL","source":"metro_hyd_hmrl_gtfs","confidence":0.9,"mode":"metro","tier":"official"},"geometry":{"type":"Point","coordinates":[78.4975,17.4432]}},{"type":"Feature","properties":{"id":"transit_stop:metro_hyd_hmrl_gtfs:PAR","field":"public_transport","kind":"transit_stop","name":"Paradise","ref":null,"status":"operational","opened_on":null,"expected_completion":null,"agency":"HMRL","source":"metro_hyd_hmrl_gtfs","confidence":0.9,"mode":"metro","tier":"official"},"geometry":{"type":"Point","coordinates":[78.4862,17.4435]}},{"type":"Feature","properties":{"id":"transit_stop:metro_hyd_hmrl_gtfs:PAR1","field":"public_transport","kind":"transit_stop","name":"Paradise","ref":null,"status":"operational","opened_on":null,"expected_completion":null,"agency":"HMRL","source":"metro_hyd_hmrl_gtfs","confidence":0.9,"mode":"metro","tier":"official"},"geometry":{"type":"Point","coordinates":[78.4862,17.4435]}},{"type":"Feature","properties":{"id":"transit_stop:metro_hyd_hmrl_gtfs:PAR2","field":"public_transport","kind":"transit_stop","name":"Paradise","ref":null,"status":"operational","opened_on":null,"expected_completion":null,"agency":"HMRL","source":"metro_hyd_hmrl_gtfs","confidence":0.9,"mode":"metro","tier":"official"},"geometry":{"type":"Point","coordinates":[78.4862,17.4435]}},{"type":"Feature","properties":{"id":"transit_stop:metro_hyd_hmrl_gtfs:ROP","field":"public_transport","kind":"transit_stop","name":"Rasoolpura","ref":null,"status":"operational","opened_on":null,"expected_completion":null,"agency":"HMRL","source":"metro_hyd_hmrl_gtfs","confidence":0.9,"mode":"metro","tier":"official"},"geometry":{"type":"Point","coordinates":[78.4764,17.4436]}},{"type":"Feature","properties":{"id":"transit_stop:metro_hyd_hmrl_gtfs:ROP1","field":"public_transport","kind":"transit_stop","name":"Rasoolpura","ref":null,"status":"operational","opened_on":null,"expected_completion":null,"agency":"HMRL","source":"metro_hyd_hmrl_gtfs","confidence":0.9,"mode":"metro","tier":"official"},"geometry":{"type":"Point","coordinates":[78.4764,17.4436]}},{"type":"Feature","properties":{"id":"transit_stop:metro_hyd_hmrl_gtfs:ROP2","field":"public_transport","kind":"transit_stop","name":"Rasoolpura","ref":null,"status":"operational","opened_on":null,"expected_completion":null,"agency":"HMRL","source":"metro_hyd_hmrl_gtfs","confidence":0.9,"mode":"metro","tier":"official"},"geometry":{"type":"Point","coordinates":[78.4764,17.4436]}},{"type":"Feature","properties":{"id":"transit_stop:metro_hyd_hmrl_gtfs:PRN","field":"public_transport","kind":"transit_stop","name":"Prakash Nagar","ref":null,"status":"operational","opened_on":null,"expected_completion":null,"agency":"HMRL","source":"metro_hyd_hmrl_gtfs","confidence":0.9,"mode":"metro","tier":"official"},"geometry":{"type":"Point","coordinates":[78.4659,17.4449]}},{"type":"Feature","properties":{"id":"transit_stop:metro_hyd_hmrl_gtfs:PRN1","field":"public_transport","kind":"transit_stop","name":"Prakash Nagar","ref":null,"status":"operational","opened_on":null,"expected_completion":null,"agency":"HMRL","source":"metro_hyd_hmrl_gtfs","confidence":0.9,"mode":"metro","tier":"official"},"geometry":{"type":"Point","coordinates":[78.4659,17.4449]}},{"type":"Feature","properties":{"id":"transit_stop:metro_hyd_hmrl_gtfs:PRN2","field":"public_transport","kind":"transit_stop","name":"Prakash Nagar","ref":null,"status":"operational","opened_on":null,"expected_completion":null,"agency":"HMRL","source":"metro_hyd_hmrl_gtfs","confidence":0.9,"mode":"metro","tier":"official"},"geometry":{"type":"Point","coordinates":[78.4659,17.4449]}},{"type":"Feature","properties":{"id":"transit_stop:metro_hyd_hmrl_gtfs:BEG","field":"public_transport","kind":"transit_stop","name":"Begumpet","ref":null,"status":"operational","opened_on":null,"expected_completion":null,"agency":"HMRL","source":"metro_hyd_hmrl_gtfs","confidence":0.9,"mode":"metro","tier":"official"},"geometry":{"type":"Point","coordinates":[78.4569,17.4376]}},{"type":"Feature","properties":{"id":"transit_stop:metro_hyd_hmrl_gtfs:BEG1","field":"public_transport","kind":"transit_stop","name":"Begumpet","ref":null,"status":"operational","opened_on":null,"expected_completion":null,"agency":"HMRL","source":"metro_hyd_hmrl_gtfs","confidence":0.9,"mode":"metro","tier":"official"},"geometry":{"type":"Point","coordinates":[78.4569,17.4376]}},{"type":"Feature","properties":{"id":"transit_stop:metro_hyd_hmrl_gtfs:BEG2","field":"public_transport","kind":"transit_stop","name":"Begumpet","ref":null,"status":"operational","opened_on":null,"expected_completion":null,"agency":"HMRL","source":"metro_hyd_hmrl_gtfs","confidence":0.9,"mode":"metro","tier":"official"},"geometry":{"type":"Point","coordinates":[78.4569,17.4376]}},{"type":"Feature","properties":{"id":"transit_stop:metro_hyd_hmrl_gtfs:MUN","field":"public_transport","kind":"transit_stop","name":"Madhura Nagar","ref":null,"status":"operational","opened_on":null,"expected_completion":null,"agency":"HMRL","source":"metro_hyd_hmrl_gtfs","confidence":0.9,"mode":"metro","tier":"official"},"geometry":{"type":"Point","coordinates":[78.4391,17.437]}},{"type":"Feature","properties":{"id":"transit_stop:metro_hyd_hmrl_gtfs:MUN1","field":"public_transport","kind":"transit_stop","name":"Madhura Nagar","ref":null,"status":"operational","opened_on":null,"expected_completion":null,"agency":"HMRL","source":"metro_hyd_hmrl_gtfs","confidence":0.9,"mode":"metro","tier":"official"},"geometry":{"type":"Point","coordinates":[78.4391,17.437]}},{"type":"Feature","properties":{"id":"transit_stop:metro_hyd_hmrl_gtfs:MUN2","field":"public_transport","kind":"transit_stop","name":"Madhura Nagar","ref":null,"status":"operational","opened_on":null,"expected_completion":null,"agency":"HMRL","source":"metro_hyd_hmrl_gtfs","confidence":0.9,"mode":"metro","tier":"official"},"geometry":{"type":"Point","coordinates":[78.4391,17.437]}},{"type":"Feature","properties":{"id":"transit_stop:metro_hyd_hmrl_gtfs:YUG","field":"public_transport","kind":"transit_stop","name":"Yusufguda","ref":null,"status":"operational","opened_on":null,"expected_completion":null,"agency":"HMRL","source":"metro_hyd_hmrl_gtfs","confidence":0.9,"mode":"metro","tier":"official"},"geometry":{"type":"Point","coordinates":[78.4273,17.4351]}},{"type":"Feature","properties":{"id":"transit_stop:metro_hyd_hmrl_gtfs:YUG1","field":"public_transport","kind":"transit_stop","name":"Yusufguda","ref":null,"status":"operational","opened_on":null,"expected_completion":null,"agency":"HMRL","source":"metro_hyd_hmrl_gtfs","confidence":0.9,"mode":"metro","tier":"official"},"geometry":{"type":"Point","coordinates":[78.4273,17.4351]}},{"type":"Feature","properties":{"id":"transit_stop:metro_hyd_hmrl_gtfs:YUG2","field":"public_transport","kind":"transit_stop","name":"Yusufguda","ref":null,"status":"operational","opened_on":null,"expected_completion":null,"agency":"HMRL","source":"metro_hyd_hmrl_gtfs","confidence":0.9,"mode":"metro","tier":"official"},"geometry":{"type":"Point","coordinates":[78.4273,17.4351]}},{"type":"Feature","properties":{"id":"transit_stop:metro_hyd_hmrl_gtfs:JR5","field":"public_transport","kind":"transit_stop","name":"Road No 5 Jubilee Hills","ref":null,"status":"operational","opened_on":null,"expected_completion":null,"agency":"HMRL","source":"metro_hyd_hmrl_gtfs","confidence":0.9,"mode":"metro","tier":"official"},"geometry":{"type":"Point","coordinates":[78.4232,17.43]}},{"type":"Feature","properties":{"id":"transit_stop:metro_hyd_hmrl_gtfs:JR51","field":"public_transport","kind":"transit_stop","name":"Road No 5 Jubilee Hills","ref":null,"status":"operational","opened_on":null,"expected_completion":null,"agency":"HMRL","source":"metro_hyd_hmrl_gtfs","confidence":0.9,"mode":"metro","tier":"official"},"geometry":{"type":"Point","coordinates":[78.4232,17.43]}},{"type":"Feature","properties":{"id":"transit_stop:metro_hyd_hmrl_gtfs:JR52","field":"public_transport","kind":"transit_stop","name":"Road No 5 Jubilee Hills","ref":null,"status":"operational","opened_on":null,"expected_completion":null,"agency":"HMRL","source":"metro_hyd_hmrl_gtfs","confidence":0.9,"mode":"metro","tier":"official"},"geometry":{"type":"Point","coordinates":[78.4232,17.43]}},{"type":"Feature","properties":{"id":"transit_stop:metro_hyd_hmrl_gtfs:JCP","field":"public_transport","kind":"transit_stop","name":"Jubilee Hills Checkpost","ref":null,"status":"operational","opened_on":null,"expected_completion":null,"agency":"HMRL","source":"metro_hyd_hmrl_gtfs","confidence":0.9,"mode":"metro","tier":"official"},"geometry":{"type":"Point","coordinates":[78.4137,17.4282]}},{"type":"Feature","properties":{"id":"transit_stop:metro_hyd_hmrl_gtfs:JCP1","field":"public_transport","kind":"transit_stop","name":"Jubilee Hills Checkpost","ref":null,"status":"operational","opened_on":null,"expected_completion":null,"agency":"HMRL","source":"metro_hyd_hmrl_gtfs","confidence":0.9,"mode":"metro","tier":"official"},"geometry":{"type":"Point","coordinates":[78.4137,17.4282]}},{"type":"Feature","properties":{"id":"transit_stop:metro_hyd_hmrl_gtfs:JCP2","field":"public_transport","kind":"transit_stop","name":"Jubilee Hills Checkpost","ref":null,"status":"operational","opened_on":null,"expected_completion":null,"agency":"HMRL","source":"metro_hyd_hmrl_gtfs","confidence":0.9,"mode":"metro","tier":"official"},"geometry":{"type":"Point","coordinates":[78.4137,17.4282]}},{"type":"Feature","properties":{"id":"transit_stop:metro_hyd_hmrl_gtfs:PED","field":"public_transport","kind":"transit_stop","name":"Peddamma Gudi","ref":null,"status":"operational","opened_on":null,"expected_completion":null,"agency":"HMRL","source":"metro_hyd_hmrl_gtfs","confidence":0.9,"mode":"metro","tier":"official"},"geometry":{"type":"Point","coordinates":[78.4084,17.4307]}},{"type":"Feature","properties":{"id":"transit_stop:metro_hyd_hmrl_gtfs:PED1","field":"public_transport","kind":"transit_stop","name":"Peddamma Gudi","ref":null,"status":"operational","opened_on":null,"expected_completion":null,"agency":"HMRL","source":"metro_hyd_hmrl_gtfs","confidence":0.9,"mode":"metro","tier":"official"},"geometry":{"type":"Point","coordinates":[78.4084,17.4307]}},{"type":"Feature","properties":{"id":"transit_stop:metro_hyd_hmrl_gtfs:PED2","field":"public_transport","kind":"transit_stop","name":"Peddamma Gudi","ref":null,"status":"operational","opened_on":null,"expected_completion":null,"agency":"HMRL","source":"metro_hyd_hmrl_gtfs","confidence":0.9,"mode":"metro","tier":"official"},"geometry":{"type":"Point","coordinates":[78.4084,17.4307]}},{"type":"Feature","properties":{"id":"transit_stop:metro_hyd_hmrl_gtfs:MAD","field":"public_transport","kind":"transit_stop","name":"Madhapur","ref":null,"status":"operational","opened_on":null,"expected_completion":null,"agency":"HMRL","source":"metro_hyd_hmrl_gtfs","confidence":0.9,"mode":"metro","tier":"official"},"geometry":{"type":"Point","coordinates":[78.4004,17.4373]}},{"type":"Feature","properties":{"id":"transit_stop:metro_hyd_hmrl_gtfs:MAD1","field":"public_transport","kind":"transit_stop","name":"Madhapur","ref":null,"status":"operational","opened_on":null,"expected_completion":null,"agency":"HMRL","source":"metro_hyd_hmrl_gtfs","confidence":0.9,"mode":"metro","tier":"official"},"geometry":{"type":"Point","coordinates":[78.4004,17.4373]}},{"type":"Feature","properties":{"id":"transit_stop:metro_hyd_hmrl_gtfs:MAD2","field":"public_transport","kind":"transit_stop","name":"Madhapur","ref":null,"status":"operational","opened_on":null,"expected_completion":null,"agency":"HMRL","source":"metro_hyd_hmrl_gtfs","confidence":0.9,"mode":"metro","tier":"official"},"geometry":{"type":"Point","coordinates":[78.4004,17.4373]}},{"type":"Feature","properties":{"id":"transit_stop:metro_hyd_hmrl_gtfs:DGC","field":"public_transport","kind":"transit_stop","name":"Durgam Cheruvu","ref":null,"status":"operational","opened_on":null,"expected_completion":null,"agency":"HMRL","source":"metro_hyd_hmrl_gtfs","confidence":0.9,"mode":"metro","tier":"official"},"geometry":{"type":"Point","coordinates":[78.3876,17.4429]}},{"type":"Feature","properties":{"id":"transit_stop:metro_hyd_hmrl_gtfs:DGC1","field":"public_transport","kind":"transit_stop","name":"Durgam Cheruvu","ref":null,"status":"operational","opened_on":null,"expected_completion":null,"agency":"HMRL","source":"metro_hyd_hmrl_gtfs","confidence":0.9,"mode":"metro","tier":"official"},"geometry":{"type":"Point","coordinates":[78.3876,17.4429]}},{"type":"Feature","properties":{"id":"transit_stop:metro_hyd_hmrl_gtfs:DGC2","field":"public_transport","kind":"transit_stop","name":"Durgam Cheruvu","ref":null,"status":"operational","opened_on":null,"expected_completion":null,"agency":"HMRL","source":"metro_hyd_hmrl_gtfs","confidence":0.9,"mode":"metro","tier":"official"},"geometry":{"type":"Point","coordinates":[78.3876,17.4429]}},{"type":"Feature","properties":{"id":"transit_stop:metro_hyd_hmrl_gtfs:HTC","field":"public_transport","kind":"transit_stop","name":"HITEC City","ref":null,"status":"operational","opened_on":null,"expected_completion":null,"agency":"HMRL","source":"metro_hyd_hmrl_gtfs","confidence":0.9,"mode":"metro","tier":"official"},"geometry":{"type":"Point","coordinates":[78.3831,17.449]}},{"type":"Feature","properties":{"id":"transit_stop:metro_hyd_hmrl_gtfs:HTC1","field":"public_transport","kind":"transit_stop","name":"HITEC City","ref":null,"status":"operational","opened_on":null,"expected_completion":null,"agency":"HMRL","source":"metro_hyd_hmrl_gtfs","confidence":0.9,"mode":"metro","tier":"official"},"geometry":{"type":"Point","coordinates":[78.3831,17.449]}},{"type":"Feature","properties":{"id":"transit_stop:metro_hyd_hmrl_gtfs:HTC2","field":"public_transport","kind":"transit_stop","name":"HITEC City","ref":null,"status":"operational","opened_on":null,"expected_completion":null,"agency":"HMRL","source":"metro_hyd_hmrl_gtfs","confidence":0.9,"mode":"metro","tier":"official"},"geometry":{"type":"Point","coordinates":[78.3831,17.449]}},{"type":"Feature","properties":{"id":"transit_stop:metro_hyd_hmrl_gtfs:RDG","field":"public_transport","kind":"transit_stop","name":"Raidurg","ref":null,"status":"operational","opened_on":null,"expected_completion":null,"agency":"HMRL","source":"metro_hyd_hmrl_gtfs","confidence":0.9,"mode":"metro","tier":"official"},"geometry":{"type":"Point","coordinates":[78.3772,17.442]}},{"type":"Feature","properties":{"id":"transit_stop:metro_hyd_hmrl_gtfs:RDG1","field":"public_transport","kind":"transit_stop","name":"Raidurg","ref":null,"status":"operational","opened_on":null,"expected_completion":null,"agency":"HMRL","source":"metro_hyd_hmrl_gtfs","confidence":0.9,"mode":"metro","tier":"official"},"geometry":{"type":"Point","coordinates":[78.3772,17.442]}},{"type":"Feature","properties":{"id":"transit_stop:metro_hyd_hmrl_gtfs:RDG2","field":"public_transport","kind":"transit_stop","name":"Raidurg","ref":null,"status":"operational","opened_on":null,"expected_completion":null,"agency":"HMRL","source":"metro_hyd_hmrl_gtfs","confidence":0.9,"mode":"metro","tier":"official"},"geometry":{"type":"Point","coordinates":[78.3772,17.442]}},{"type":"Feature","properties":{"id":"transit_stop:metro_hyd_hmrl_gtfs:MYP_ENT01","field":"public_transport","kind":"transit_stop","name":"MYP Arm A  Staircase","ref":null,"status":"operational","opened_on":null,"expected_completion":null,"agency":"HMRL","source":"metro_hyd_hmrl_gtfs","confidence":0.9,"mode":"metro","tier":"official"},"geometry":{"type":"Point","coordinates":[78.3737,17.4964]}},{"type":"Feature","properties":{"id":"transit_stop:metro_hyd_hmrl_gtfs:MYP_ENT02","field":"public_transport","kind":"transit_stop","name":"MYP Arm A  Lift","ref":null,"status":"operational","opened_on":null,"expected_completion":null,"agency":"HMRL","source":"metro_hyd_hmrl_gtfs","confidence":0.9,"mode":"metro","tier":"official"},"geometry":{"type":"Point","coordinates":[78.3734,17.4963]}},{"type":"Feature","properties":{"id":"transit_stop:metro_hyd_hmrl_gtfs:MYP_ENT03","field":"public_transport","kind":"transit_stop","name":"MYP Arm B Combined Staircase & Escalator","ref":null,"status":"operational","opened_on":null,"expected_completion":null,"agency":"HMRL","source":"metro_hyd_hmrl_gtfs","confidence":0.9,"mode":"metro","tier":"official"},"geometry":{"type":"Point","coordinates":[78.3724,17.4964]}},{"type":"Feature","properties":{"id":"transit_stop:metro_hyd_hmrl_gtfs:MYP_ENT04","field":"public_transport","kind":"transit_stop","name":"MYP Arm C Lift","ref":null,"status":"operational","opened_on":null,"expected_completion":null,"agency":"HMRL","source":"metro_hyd_hmrl_gtfs","confidence":0.9,"mode":"metro","tier":"official"},"geometry":{"type":"Point","coordinates":[78.3727,17.4967]}},{"type":"Feature","properties":{"id":"transit_stop:metro_hyd_hmrl_gtfs:MYP_ENT05","field":"public_transport","kind":"transit_stop","name":"MYP Arm C Combined Staircase & Escalator","ref":null,"status":"operational","opened_on":null,"expected_completion":null,"agency":"HMRL","source":"metro_hyd_hmrl_gtfs","confidence":0.9,"mode":"metro","tier":"official"},"geometry":{"type":"Point","coordinates":[78.3724,17.4967]}},{"type":"Feature","properties":{"id":"transit_stop:metro_hyd_hmrl_gtfs:MYP_ENT06","field":"public_transport","kind":"transit_stop","name":"MYP Arm D Combined Staircase & Escalator","ref":null,"status":"operational","opened_on":null,"expected_completion":null,"agency":"HMRL","source":"metro_hyd_hmrl_gtfs","confidence":0.9,"mode":"metro","tier":"official"},"geometry":{"type":"Point","coordinates":[78.3737,17.4967]}},{"type":"Feature","properties":{"id":"transit_stop:metro_hyd_hmrl_gtfs:JNT_ENT01","field":"public_transport","kind":"transit_stop","name":"JNT Arm A  Lift","ref":null,"status":"operational","opened_on":null,"expected_completion":null,"agency":"HMRL","source":"metro_hyd_hmrl_gtfs","confidence":0.9,"mode":"metro","tier":"official"},"geometry":{"type":"Point","coordinates":[78.3892,17.4984]}},{"type":"Feature","properties":{"id":"transit_stop:metro_hyd_hmrl_gtfs:JNT_ENT02","field":"public_transport","kind":"transit_stop","name":"JNT Arm A  Combined Staircase & Escalator","ref":null,"status":"operational","opened_on":null,"expected_completion":null,"agency":"HMRL","source":"metro_hyd_hmrl_gtfs","confidence":0.9,"mode":"metro","tier":"official"},"geometry":{"type":"Point","coordinates":[78.3895,17.4984]}},{"type":"Feature","properties":{"id":"transit_stop:metro_hyd_hmrl_gtfs:JNT_ENT03","field":"public_transport","kind":"transit_stop","name":"JNT Arm B Staircase","ref":null,"status":"operational","opened_on":null,"expected_completion":null,"agency":"HMRL","source":"metro_hyd_hmrl_gtfs","confidence":0.9,"mode":"metro","tier":"official"},"geometry":{"type":"Point","coordinates":[78.3882,17.4986]}},{"type":"Feature","properties":{"id":"transit_stop:metro_hyd_hmrl_gtfs:JNT_ENT04","field":"public_transport","kind":"transit_stop","name":"JNT Arm C Lift","ref":null,"status":"operational","opened_on":null,"expected_completion":null,"agency":"HMRL","source":"metro_hyd_hmrl_gtfs","confidence":0.9,"mode":"metro","tier":"official"},"geometry":{"type":"Point","coordinates":[78.3886,17.4989]}},{"type":"Feature","properties":{"id":"transit_stop:metro_hyd_hmrl_gtfs:JNT_ENT05","field":"public_transport","kind":"transit_stop","name":"JNT Arm C Combined Staircase & Escalator","ref":null,"status":"operational","opened_on":null,"expected_completion":null,"agency":"HMRL","source":"metro_hyd_hmrl_gtfs","confidence":0.9,"mode":"metro","tier":"official"},"geometry":{"type":"Point","coordinates":[78.3883,17.4989]}},{"type":"Feature","properties":{"id":"transit_stop:metro_hyd_hmrl_gtfs:JNT_ENT06","field":"public_transport","kind":"transit_stop","name":"JNT Arm D Staircase","ref":null,"status":"operational","opened_on":null,"expected_completion":null,"agency":"HMRL","source":"metro_hyd_hmrl_gtfs","confidence":0.9,"mode":"metro","tier":"official"},"geometry":{"type":"Point","coordinates":[78.389,17.4988]}},{"type":"Feature","properties":{"id":"transit_stop:metro_hyd_hmrl_gtfs:KPH_ENT01","field":"public_transport","kind":"transit_stop","name":"KPH Arm A  Staircase","ref":null,"status":"operational","opened_on":null,"expected_completion":null,"agency":"HMRL","source":"metro_hyd_hmrl_gtfs","confidence":0.9,"mode":"metro","tier":"official"},"geometry":{"type":"Point","coordinates":[78.4017,17.4936]}},{"type":"Feature","properties":{"id":"transit_stop:metro_hyd_hmrl_gtfs:KPH_ENT02","field":"public_transport","kind":"transit_stop","name":"KPH Arm A  Lift","ref":null,"status":"operational","opened_on":null,"expected_completion":null,"agency":"HMRL","source":"metro_hyd_hmrl_gtfs","confidence":0.9,"mode":"metro","tier":"official"},"geometry":{"type":"Point","coordinates":[78.402,17.4934]}},{"type":"Feature","properties":{"id":"transit_stop:metro_hyd_hmrl_gtfs:KPH_ENT03","field":"public_transport","kind":"transit_stop","name":"KPH Arm B Combined Staircase & Escalator","ref":null,"status":"operational","opened_on":null,"expected_completion":null,"agency":"HMRL","source":"metro_hyd_hmrl_gtfs","confidence":0.9,"mode":"metro","tier":"official"},"geometry":{"type":"Point","coordinates":[78.402,17.4934]}},{"type":"Feature","properties":{"id":"transit_stop:metro_hyd_hmrl_gtfs:KPH_ENT04","field":"public_transport","kind":"transit_stop","name":"KPH Arm C Staircase","ref":null,"status":"operational","opened_on":null,"expected_completion":null,"agency":"HMRL","source":"metro_hyd_hmrl_gtfs","confidence":0.9,"mode":"metro","tier":"official"},"geometry":{"type":"Point","coordinates":[78.4018,17.494]}},{"type":"Feature","properties":{"id":"transit_stop:metro_hyd_hmrl_gtfs:KPH_ENT05","field":"public_transport","kind":"transit_stop","name":"KPH Arm C Lift","ref":null,"status":"operational","opened_on":null,"expected_completion":null,"agency":"HMRL","source":"metro_hyd_hmrl_gtfs","confidence":0.9,"mode":"metro","tier":"official"},"geometry":{"type":"Point","coordinates":[78.4015,17.4941]}},{"type":"Feature","properties":{"id":"transit_stop:metro_hyd_hmrl_gtfs:KPH_ENT06","field":"public_transport","kind":"transit_stop","name":"KPH Arm D Staircase","ref":null,"status":"operational","opened_on":null,"expected_completion":null,"agency":"HMRL","source":"metro_hyd_hmrl_gtfs","confidence":0.9,"mode":"metro","tier":"official"},"geometry":{"type":"Point","coordinates":[78.4024,17.4937]}},{"type":"Feature","properties":{"id":"transit_stop:metro_hyd_hmrl_gtfs:KPH_ENT07","field":"public_transport","kind":"transit_stop","name":"KPH Arm D Escalator","ref":null,"status":"operational","opened_on":null,"expected_completion":null,"agency":"HMRL","source":"metro_hyd_hmrl_gtfs","confidence":0.9,"mode":"metro","tier":"official"},"geometry":{"type":"Point","coordinates":[78.4019,17.4939]}},{"type":"Feature","properties":{"id":"transit_stop:metro_hyd_hmrl_gtfs:KUK_ENT01","field":"public_transport","kind":"transit_stop","name":"KUK Arm A  Lift","ref":null,"status":"operational","opened_on":null,"expected_completion":null,"agency":"HMRL","source":"metro_hyd_hmrl_gtfs","confidence":0.9,"mode":"metro","tier":"official"},"geometry":{"type":"Point","coordinates":[78.4117,17.4848]}},{"type":"Feature","properties":{"id":"transit_stop:metro_hyd_hmrl_gtfs:KUK_ENT02","field":"public_transport","kind":"transit_stop","name":"KUK Arm A  Staircase","ref":null,"status":"operational","opened_on":null,"expected_completion":null,"agency":"HMRL","source":"metro_hyd_hmrl_gtfs","confidence":0.9,"mode":"metro","tier":"official"},"geometry":{"type":"Point","coordinates":[78.4119,17.4845]}},{"type":"Feature","properties":{"id":"transit_stop:metro_hyd_hmrl_gtfs:KUK_ENT03","field":"public_transport","kind":"transit_stop","name":"KUK Arm B Staircase","ref":null,"status":"operational","opened_on":null,"expected_completion":null,"agency":"HMRL","source":"metro_hyd_hmrl_gtfs","confidence":0.9,"mode":"metro","tier":"official"},"geometry":{"type":"Point","coordinates":[78.4111,17.4855]}},{"type":"Feature","properties":{"id":"transit_stop:metro_hyd_hmrl_gtfs:KUK_ENT04","field":"public_transport","kind":"transit_stop","name":"KUK Arm B Escalator","ref":null,"status":"operational","opened_on":null,"expected_completion":null,"agency":"HMRL","source":"metro_hyd_hmrl_gtfs","confidence":0.9,"mode":"metro","tier":"official"},"geometry":{"type":"Point","coordinates":[78.4115,17.4851]}},{"type":"Feature","properties":{"id":"transit_stop:metro_hyd_hmrl_gtfs:KUK_ENT05","field":"public_transport","kind":"transit_stop","name":"KUK Arm C Lift","ref":null,"status":"operational","opened_on":null,"expected_completion":null,"agency":"HMRL","source":"metro_hyd_hmrl_gtfs","confidence":0.9,"mode":"metro","tier":"official"},"geometry":{"type":"Point","coordinates":[78.4116,17.4854]}},{"type":"Feature","properties":{"id":"transit_stop:metro_hyd_hmrl_gtfs:KUK_ENT06","field":"public_transport","kind":"transit_stop","name":"KUK Arm C  Staircase","ref":null,"status":"operational","opened_on":null,"expected_completion":null,"agency":"HMRL","source":"metro_hyd_hmrl_gtfs","confidence":0.9,"mode":"metro","tier":"official"},"geometry":{"type":"Point","coordinates":[78.4114,17.4857]}},{"type":"Feature","properties":{"id":"transit_stop:metro_hyd_hmrl_gtfs:KUK_ENT07","field":"public_transport","kind":"transit_stop","name":"KUK Arm D Escalator","ref":null,"status":"operational","opened_on":null,"expected_completion":null,"agency":"HMRL","source":"metro_hyd_hmrl_gtfs","confidence":0.9,"mode":"metro","tier":"official"},"geometry":{"type":"Point","coordinates":[78.4121,17.4847]}},{"type":"Feature","properties":{"id":"transit_stop:metro_hyd_hmrl_gtfs:KUK_ENT08","field":"public_transport","kind":"transit_stop","name":"KUK Arm D Staircase","ref":null,"status":"operational","opened_on":null,"expected_completion":null,"agency":"HMRL","source":"metro_hyd_hmrl_gtfs","confidence":0.9,"mode":"metro","tier":"official"},"geometry":{"type":"Point","coordinates":[78.4118,17.4853]}},{"type":"Feature","properties":{"id":"transit_stop:metro_hyd_hmrl_gtfs:BLR_ENT01","field":"public_transport","kind":"transit_stop","name":"BLR Arm A  Staircase","ref":null,"status":"operational","opened_on":null,"expected_completion":null,"agency":"HMRL","source":"metro_hyd_hmrl_gtfs","confidence":0.9,"mode":"metro","tier":"official"},"geometry":{"type":"Point","coordinates":[78.4224,17.4763]}},{"type":"Feature","properties":{"id":"transit_stop:metro_hyd_hmrl_gtfs:BLR_ENT02","field":"public_transport","kind":"transit_stop","name":"BLR Arm A  Lift","ref":null,"status":"operational","opened_on":null,"expected_completion":null,"agency":"HMRL","source":"metro_hyd_hmrl_gtfs","confidence":0.9,"mode":"metro","tier":"official"},"geometry":{"type":"Point","coordinates":[78.4222,17.4765]}},{"type":"Feature","properties":{"id":"transit_stop:metro_hyd_hmrl_gtfs:BLR_ENT03","field":"public_transport","kind":"transit_stop","name":"BLR Arm B Staircase","ref":null,"status":"operational","opened_on":null,"expected_completion":null,"agency":"HMRL","source":"metro_hyd_hmrl_gtfs","confidence":0.9,"mode":"metro","tier":"official"},"geometry":{"type":"Point","coordinates":[78.4213,17.4771]}},{"type":"Feature","properties":{"id":"transit_stop:metro_hyd_hmrl_gtfs:BLR_ENT04","field":"public_transport","kind":"transit_stop","name":"BLR Arm B Escalator","ref":null,"status":"operational","opened_on":null,"expected_completion":null,"agency":"HMRL","source":"metro_hyd_hmrl_gtfs","confidence":0.9,"mode":"metro","tier":"official"},"geometry":{"type":"Point","coordinates":[78.4219,17.4767]}},{"type":"Feature","properties":{"id":"transit_stop:metro_hyd_hmrl_gtfs:BLR_ENT05","field":"public_transport","kind":"transit_stop","name":"BLR Arm C Staircase","ref":null,"status":"operational","opened_on":null,"expected_completion":null,"agency":"HMRL","source":"metro_hyd_hmrl_gtfs","confidence":0.9,"mode":"metro","tier":"official"},"geometry":{"type":"Point","coordinates":[78.4211,17.4776]}},{"type":"Feature","properties":{"id":"transit_stop:metro_hyd_hmrl_gtfs:BLR_ENT06","field":"public_transport","kind":"transit_stop","name":"BLR Arm C Lift","ref":null,"status":"operational","opened_on":null,"expected_completion":null,"agency":"HMRL","source":"metro_hyd_hmrl_gtfs","confidence":0.9,"mode":"metro","tier":"official"},"geometry":{"type":"Point","coordinates":[78.4214,17.4774]}},{"type":"Feature","properties":{"id":"transit_stop:metro_hyd_hmrl_gtfs:BLR_ENT07","field":"public_transport","kind":"transit_stop","name":"BLR Arm D Staircase","ref":null,"status":"operational","opened_on":null,"expected_completion":null,"agency":"HMRL","source":"metro_hyd_hmrl_gtfs","confidence":0.9,"mode":"metro","tier":"official"},"geometry":{"type":"Point","coordinates":[78.4226,17.4766]}},{"type":"Feature","properties":{"id":"transit_stop:metro_hyd_hmrl_gtfs:BLR_ENT08","field":"public_transport","kind":"transit_stop","name":"BLR Arm D Escalator","ref":null,"status":"operational","opened_on":null,"expected_completion":null,"agency":"HMRL","source":"metro_hyd_hmrl_gtfs","confidence":0.9,"mode":"metro","tier":"official"},"geometry":{"type":"Point","coordinates":[78.4221,17.4769]}},{"type":"Feature","properties":{"id":"transit_stop:metro_hyd_hmrl_gtfs:MSP_ENT01","field":"public_transport","kind":"transit_stop","name":"MSP Arm A  Combined Staircase & Escalator","ref":null,"status":"operational","opened_on":null,"expected_completion":null,"agency":"HMRL","source":"metro_hyd_hmrl_gtfs","confidence":0.9,"mode":"metro","tier":"official"},"geometry":{"type":"Point","coordinates":[78.4262,17.4715]}},{"type":"Feature","properties":{"id":"transit_stop:metro_hyd_hmrl_gtfs:MSP_ENT02","field":"public_transport","kind":"transit_stop","name":"MSP Arm B Staircase","ref":null,"status":"operational","opened_on":null,"expected_completion":null,"agency":"HMRL","source":"metro_hyd_hmrl_gtfs","confidence":0.9,"mode":"metro","tier":"official"},"geometry":{"type":"Point","coordinates":[78.4254,17.4727]}},{"type":"Feature","properties":{"id":"transit_stop:metro_hyd_hmrl_gtfs:MSP_ENT03","field":"public_transport","kind":"transit_stop","name":"MSP Arm B Lift","ref":null,"status":"operational","opened_on":null,"expected_completion":null,"agency":"HMRL","source":"metro_hyd_hmrl_gtfs","confidence":0.9,"mode":"metro","tier":"official"},"geometry":{"type":"Point","coordinates":[78.4255,17.4725]}},{"type":"Feature","properties":{"id":"transit_stop:metro_hyd_hmrl_gtfs:MSP_ENT04","field":"public_transport","kind":"transit_stop","name":"MSP Arm C Staircase","ref":null,"status":"operational","opened_on":null,"expected_completion":null,"agency":"HMRL","source":"metro_hyd_hmrl_gtfs","confidence":0.9,"mode":"metro","tier":"official"},"geometry":{"type":"Point","coordinates":[78.4261,17.4723]}},{"type":"Feature","properties":{"id":"transit_stop:metro_hyd_hmrl_gtfs:MSP_ENT05","field":"public_transport","kind":"transit_stop","name":"MSP Arm D Combined Staircase & Escalator","ref":null,"status":"operational","opened_on":null,"expected_completion":null,"agency":"HMRL","source":"metro_hyd_hmrl_gtfs","confidence":0.9,"mode":"metro","tier":"official"},"geometry":{"type":"Point","coordinates":[78.4265,17.4716]}},{"type":"Feature","properties":{"id":"transit_stop:metro_hyd_hmrl_gtfs:MSP_ENT06","field":"public_transport","kind":"transit_stop","name":"MSP Arm D Lift","ref":null,"status":"operational","opened_on":null,"expected_completion":null,"agency":"HMRL","source":"metro_hyd_hmrl_gtfs","confidence":0.9,"mode":"metro","tier":"official"},"geometry":{"type":"Point","coordinates":[78.4263,17.4719]}},{"type":"Feature","properties":{"id":"transit_stop:metro_hyd_hmrl_gtfs:BTN_ENT01","field":"public_transport","kind":"transit_stop","name":"BTN Arm A Combined Staircase & Escalator","ref":null,"status":"operational","opened_on":null,"expected_completion":null,"agency":"HMRL","source":"metro_hyd_hmrl_gtfs","confidence":0.9,"mode":"metro","tier":"official"},"geometry":{"type":"Point","coordinates":[78.4305,17.4631]}},{"type":"Feature","properties":{"id":"transit_stop:metro_hyd_hmrl_gtfs:BTN_ENT02","field":"public_transport","kind":"transit_stop","name":"BTN Arm B Staircase","ref":null,"status":"operational","opened_on":null,"expected_completion":null,"agency":"HMRL","source":"metro_hyd_hmrl_gtfs","confidence":0.9,"mode":"metro","tier":"official"},"geometry":{"type":"Point","coordinates":[78.4298,17.4646]}},{"type":"Feature","properties":{"id":"transit_stop:metro_hyd_hmrl_gtfs:BTN_ENT03","field":"public_transport","kind":"transit_stop","name":"BTN Arm B Lift","ref":null,"status":"operational","opened_on":null,"expected_completion":null,"agency":"HMRL","source":"metro_hyd_hmrl_gtfs","confidence":0.9,"mode":"metro","tier":"official"},"geometry":{"type":"Point","coordinates":[78.4298,17.4646]}},{"type":"Feature","properties":{"id":"transit_stop:metro_hyd_hmrl_gtfs:BTN_ENT04","field":"public_transport","kind":"transit_stop","name":"BTN Arm C Combined Staircase & Escalator","ref":null,"status":"operational","opened_on":null,"expected_completion":null,"agency":"HMRL","source":"metro_hyd_hmrl_gtfs","confidence":0.9,"mode":"metro","tier":"official"},"geometry":{"type":"Point","coordinates":[78.4302,17.4641]}},{"type":"Feature","properties":{"id":"transit_stop:metro_hyd_hmrl_gtfs:BTN_ENT05","field":"public_transport","kind":"transit_stop","name":"BTN Arm D Staircase","ref":null,"status":"operational","opened_on":null,"expected_completion":null,"agency":"HMRL","source":"metro_hyd_hmrl_gtfs","confidence":0.9,"mode":"metro","tier":"official"},"geometry":{"type":"Point","coordinates":[78.4305,17.4635]}},{"type":"Feature","properties":{"id":"transit_stop:metro_hyd_hmrl_gtfs:BTN_ENT06","field":"public_transport","kind":"transit_stop","name":"BTN Arm D Lift","ref":null,"status":"operational","opened_on":null,"expected_completion":null,"agency":"HMRL","source":"metro_hyd_hmrl_gtfs","confidence":0.9,"mode":"metro","tier":"official"},"geometry":{"type":"Point","coordinates":[78.4303,17.4638]}},{"type":"Feature","properties":{"id":"transit_stop:metro_hyd_hmrl_gtfs:ERA_ENT01","field":"public_transport","kind":"transit_stop","name":"ERA Arm A  Staircase","ref":null,"status":"operational","opened_on":null,"expected_completion":null,"agency":"HMRL","source":"metro_hyd_hmrl_gtfs","confidence":0.9,"mode":"metro","tier":"official"},"geometry":{"type":"Point","coordinates":[78.4336,17.4566]}},{"type":"Feature","properties":{"id":"transit_stop:metro_hyd_hmrl_gtfs:ERA_ENT02","field":"public_transport","kind":"transit_stop","name":"ERA Arm A  Escalator","ref":null,"status":"operational","opened_on":null,"expected_completion":null,"agency":"HMRL","source":"metro_hyd_hmrl_gtfs","confidence":0.9,"mode":"metro","tier":"official"},"geometry":{"type":"Point","coordinates":[78.4334,17.4571]}},{"type":"Feature","properties":{"id":"transit_stop:metro_hyd_hmrl_gtfs:ERA_ENT03","field":"public_transport","kind":"transit_stop","name":"ERA Arm A  Lift","ref":null,"status":"operational","opened_on":null,"expected_completion":null,"agency":"HMRL","source":"metro_hyd_hmrl_gtfs","confidence":0.9,"mode":"metro","tier":"official"},"geometry":{"type":"Point","coordinates":[78.4334,17.4571]}},{"type":"Feature","properties":{"id":"transit_stop:metro_hyd_hmrl_gtfs:ERA_ENT04","field":"public_transport","kind":"transit_stop","name":"ERA Arm A  Combined Staircase & Escalator","ref":null,"status":"operational","opened_on":null,"expected_completion":null,"agency":"HMRL","source":"metro_hyd_hmrl_gtfs","confidence":0.9,"mode":"metro","tier":"official"},"geometry":{"type":"Point","coordinates":[78.4334,17.4571]}},{"type":"Feature","properties":{"id":"transit_stop:metro_hyd_hmrl_gtfs:ERA_ENT05","field":"public_transport","kind":"transit_stop","name":"ERA Arm B Staircase","ref":null,"status":"operational","opened_on":null,"expected_completion":null,"agency":"HMRL","source":"metro_hyd_hmrl_gtfs","confidence":0.9,"mode":"metro","tier":"official"},"geometry":{"type":"Point","coordinates":[78.4333,17.4572]}},{"type":"Feature","properties":{"id":"transit_stop:metro_hyd_hmrl_gtfs:ERA_ENT06","field":"public_transport","kind":"transit_stop","name":"ERA Arm B Lift","ref":null,"status":"operational","opened_on":null,"expected_completion":null,"agency":"HMRL","source":"metro_hyd_hmrl_gtfs","confidence":0.9,"mode":"metro","tier":"official"},"geometry":{"type":"Point","coordinates":[78.4332,17.4575]}},{"type":"Feature","properties":{"id":"transit_stop:metro_hyd_hmrl_gtfs:ERA_ENT07","field":"public_transport","kind":"transit_stop","name":"ERA Arm C Staircase","ref":null,"status":"operational","opened_on":null,"expected_completion":null,"agency":"HMRL","source":"metro_hyd_hmrl_gtfs","confidence":0.9,"mode":"metro","tier":"official"},"geometry":{"type":"Point","coordinates":[78.4335,17.4583]}},{"type":"Feature","properties":{"id":"transit_stop:metro_hyd_hmrl_gtfs:ERA_ENT08","field":"public_transport","kind":"transit_stop","name":"ERA Arm C Lift","ref":null,"status":"operational","opened_on":null,"expected_completion":null,"agency":"HMRL","source":"metro_hyd_hmrl_gtfs","confidence":0.9,"mode":"metro","tier":"official"},"geometry":{"type":"Point","coordinates":[78.4336,17.4576]}},{"type":"Feature","properties":{"id":"transit_stop:metro_hyd_hmrl_gtfs:ERA_ENT09","field":"public_transport","kind":"transit_stop","name":"ERA Arm D  Staircase","ref":null,"status":"operational","opened_on":null,"expected_completion":null,"agency":"HMRL","source":"metro_hyd_hmrl_gtfs","confidence":0.9,"mode":"metro","tier":"official"},"geometry":{"type":"Point","coordinates":[78.4339,17.4567]}},{"type":"Feature","properties":{"id":"transit_stop:metro_hyd_hmrl_gtfs:ERA_ENT10","field":"public_transport","kind":"transit_stop","name":"ERA Arm D Escalator","ref":null,"status":"operational","opened_on":null,"expected_completion":null,"agency":"HMRL","source":"metro_hyd_hmrl_gtfs","confidence":0.9,"mode":"metro","tier":"official"},"geometry":{"type":"Point","coordinates":[78.4337,17.4572]}},{"type":"Feature","properties":{"id":"transit_stop:metro_hyd_hmrl_gtfs:ESI_ENT01","field":"public_transport","kind":"transit_stop","name":"ESI Arm A Staircase","ref":null,"status":"operational","opened_on":null,"expected_completion":null,"agency":"HMRL","source":"metro_hyd_hmrl_gtfs","confidence":0.9,"mode":"metro","tier":"official"},"geometry":{"type":"Point","coordinates":[78.4383,17.4472]}},{"type":"Feature","properties":{"id":"transit_stop:metro_hyd_hmrl_gtfs:ESI_ENT02","field":"public_transport","kind":"transit_stop","name":"ESI Arm A Escalator","ref":null,"status":"operational","opened_on":null,"expected_completion":null,"agency":"HMRL","source":"metro_hyd_hmrl_gtfs","confidence":0.9,"mode":"metro","tier":"official"},"geometry":{"type":"Point","coordinates":[78.4385,17.4467]}},{"type":"Feature","properties":{"id":"transit_stop:metro_hyd_hmrl_gtfs:ESI_ENT03","field":"public_transport","kind":"transit_stop","name":"ESI Arm B  Staircase","ref":null,"status":"operational","opened_on":null,"expected_completion":null,"agency":"HMRL","source":"metro_hyd_hmrl_gtfs","confidence":0.9,"mode":"metro","tier":"official"},"geometry":{"type":"Point","coordinates":[78.4382,17.4473]}},{"type":"Feature","properties":{"id":"transit_stop:metro_hyd_hmrl_gtfs:ESI_ENT04","field":"public_transport","kind":"transit_stop","name":"ESI Arm B  Lift","ref":null,"status":"operational","opened_on":null,"expected_completion":null,"agency":"HMRL","source":"metro_hyd_hmrl_gtfs","confidence":0.9,"mode":"metro","tier":"official"},"geometry":{"type":"Point","coordinates":[78.4381,17.4476]}},{"type":"Feature","properties":{"id":"transit_stop:metro_hyd_hmrl_gtfs:ESI_ENT05","field":"public_transport","kind":"transit_stop","name":"ESI Arm C  Staircase","ref":null,"status":"operational","opened_on":null,"expected_completion":null,"agency":"HMRL","source":"metro_hyd_hmrl_gtfs","confidence":0.9,"mode":"metro","tier":"official"},"geometry":{"type":"Point","coordinates":[78.4384,17.4478]}},{"type":"Feature","properties":{"id":"transit_stop:metro_hyd_hmrl_gtfs:ESI_ENT06","field":"public_transport","kind":"transit_stop","name":"ESI Arm C  Lift","ref":null,"status":"operational","opened_on":null,"expected_completion":null,"agency":"HMRL","source":"metro_hyd_hmrl_gtfs","confidence":0.9,"mode":"metro","tier":"official"},"geometry":{"type":"Point","coordinates":[78.4384,17.4477]}},{"type":"Feature","properties":{"id":"transit_stop:metro_hyd_hmrl_gtfs:ESI_ENT07","field":"public_transport","kind":"transit_stop","name":"ESI Arm D  Staircase","ref":null,"status":"operational","opened_on":null,"expected_completion":null,"agency":"HMRL","source":"metro_hyd_hmrl_gtfs","confidence":0.9,"mode":"metro","tier":"official"},"geometry":{"type":"Point","coordinates":[78.4386,17.4473]}},{"type":"Feature","properties":{"id":"transit_stop:metro_hyd_hmrl_gtfs:ESI_ENT08","field":"public_transport","kind":"transit_stop","name":"ESI Arm D  Escalator","ref":null,"status":"operational","opened_on":null,"expected_completion":null,"agency":"HMRL","source":"metro_hyd_hmrl_gtfs","confidence":0.9,"mode":"metro","tier":"official"},"geometry":{"type":"Point","coordinates":[78.4389,17.4469]}},{"type":"Feature","properties":{"id":"transit_stop:metro_hyd_hmrl_gtfs:SRN_ENT01","field":"public_transport","kind":"transit_stop","name":"SRN Arm A Lift","ref":null,"status":"operational","opened_on":null,"expected_completion":null,"agency":"HMRL","source":"metro_hyd_hmrl_gtfs","confidence":0.9,"mode":"metro","tier":"official"},"geometry":{"type":"Point","coordinates":[78.4417,17.4413]}},{"type":"Feature","properties":{"id":"transit_stop:metro_hyd_hmrl_gtfs:SRN_ENT02","field":"public_transport","kind":"transit_stop","name":"SRN Arm A Staircase","ref":null,"status":"operational","opened_on":null,"expected_completion":null,"agency":"HMRL","source":"metro_hyd_hmrl_gtfs","confidence":0.9,"mode":"metro","tier":"official"},"geometry":{"type":"Point","coordinates":[78.4419,17.441]}},{"type":"Feature","properties":{"id":"transit_stop:metro_hyd_hmrl_gtfs:SRN_ENT03","field":"public_transport","kind":"transit_stop","name":"SRN Arm B Staircase","ref":null,"status":"operational","opened_on":null,"expected_completion":null,"agency":"HMRL","source":"metro_hyd_hmrl_gtfs","confidence":0.9,"mode":"metro","tier":"official"},"geometry":{"type":"Point","coordinates":[78.4413,17.442]}},{"type":"Feature","properties":{"id":"transit_stop:metro_hyd_hmrl_gtfs:SRN_ENT04","field":"public_transport","kind":"transit_stop","name":"SRN Arm B Escalator","ref":null,"status":"operational","opened_on":null,"expected_completion":null,"agency":"HMRL","source":"metro_hyd_hmrl_gtfs","confidence":0.9,"mode":"metro","tier":"official"},"geometry":{"type":"Point","coordinates":[78.4416,17.4416]}},{"type":"Feature","properties":{"id":"transit_stop:metro_hyd_hmrl_gtfs:SRN_ENT05","field":"public_transport","kind":"transit_stop","name":"SRN Arm C Lift","ref":null,"status":"operational","opened_on":null,"expected_completion":null,"agency":"HMRL","source":"metro_hyd_hmrl_gtfs","confidence":0.9,"mode":"metro","tier":"official"},"geometry":{"type":"Point","coordinates":[78.4417,17.442]}},{"type":"Feature","properties":{"id":"transit_stop:metro_hyd_hmrl_gtfs:SRN_ENT06","field":"public_transport","kind":"transit_stop","name":"SRN Arm C Staircase","ref":null,"status":"operational","opened_on":null,"expected_completion":null,"agency":"HMRL","source":"metro_hyd_hmrl_gtfs","confidence":0.9,"mode":"metro","tier":"official"},"geometry":{"type":"Point","coordinates":[78.4418,17.4418]}},{"type":"Feature","properties":{"id":"transit_stop:metro_hyd_hmrl_gtfs:SRN_ENT07","field":"public_transport","kind":"transit_stop","name":"SRN Arm D Staircase","ref":null,"status":"operational","opened_on":null,"expected_completion":null,"agency":"HMRL","source":"metro_hyd_hmrl_gtfs","confidence":0.9,"mode":"metro","tier":"official"},"geometry":{"type":"Point","coordinates":[78.4422,17.4411]}},{"type":"Feature","properties":{"id":"transit_stop:metro_hyd_hmrl_gtfs:SRN_ENT08","field":"public_transport","kind":"transit_stop","name":"SRN Arm D Escalator","ref":null,"status":"operational","opened_on":null,"expected_completion":null,"agency":"HMRL","source":"metro_hyd_hmrl_gtfs","confidence":0.9,"mode":"metro","tier":"official"},"geometry":{"type":"Point","coordinates":[78.4419,17.4417]}},{"type":"Feature","properties":{"id":"transit_stop:metro_hyd_hmrl_gtfs:OMC_ENT01","field":"public_transport","kind":"transit_stop","name":"OMC Arm A  Combined Staircase & Escalator","ref":null,"status":"operational","opened_on":null,"expected_completion":null,"agency":"HMRL","source":"metro_hyd_hmrl_gtfs","confidence":0.9,"mode":"metro","tier":"official"},"geometry":{"type":"Point","coordinates":[78.4813,17.3818]}},{"type":"Feature","properties":{"id":"transit_stop:metro_hyd_hmrl_gtfs:OMC_ENT02","field":"public_transport","kind":"transit_stop","name":"OMC Arm B Staircase","ref":null,"status":"operational","opened_on":null,"expected_completion":null,"agency":"HMRL","source":"metro_hyd_hmrl_gtfs","confidence":0.9,"mode":"metro","tier":"official"},"geometry":{"type":"Point","coordinates":[78.4801,17.3827]}},{"type":"Feature","properties":{"id":"transit_stop:metro_hyd_hmrl_gtfs:OMC_ENT03","field":"public_transport","kind":"transit_stop","name":"OMC Arm B Lift","ref":null,"status":"operational","opened_on":null,"expected_completion":null,"agency":"HMRL","source":"metro_hyd_hmrl_gtfs","confidence":0.9,"mode":"metro","tier":"official"},"geometry":{"type":"Point","coordinates":[78.4803,17.3827]}},{"type":"Feature","properties":{"id":"transit_stop:metro_hyd_hmrl_gtfs:OMC_ENT04","field":"public_transport","kind":"transit_stop","name":"OMC Arm C Staircase","ref":null,"status":"operational","opened_on":null,"expected_completion":null,"agency":"HMRL","source":"metro_hyd_hmrl_gtfs","confidence":0.9,"mode":"metro","tier":"official"},"geometry":{"type":"Point","coordinates":[78.4807,17.3828]}},{"type":"Feature","properties":{"id":"transit_stop:metro_hyd_hmrl_gtfs:OMC_ENT05","field":"public_transport","kind":"transit_stop","name":"OMC Arm C Escalator","ref":null,"status":"operational","opened_on":null,"expected_completion":null,"agency":"HMRL","source":"metro_hyd_hmrl_gtfs","confidence":0.9,"mode":"metro","tier":"official"},"geometry":{"type":"Point","coordinates":[78.4814,17.3824]}},{"type":"Feature","properties":{"id":"transit_stop:metro_hyd_hmrl_gtfs:OMC_ENT06","field":"public_transport","kind":"transit_stop","name":"OMC Arm C Lift","ref":null,"status":"operational","opened_on":null,"expected_completion":null,"agency":"HMRL","source":"metro_hyd_hmrl_gtfs","confidence":0.9,"mode":"metro","tier":"official"},"geometry":{"type":"Point","coordinates":[78.4811,17.3826]}},{"type":"Feature","properties":{"id":"transit_stop:metro_hyd_hmrl_gtfs:OMC_ENT07","field":"public_transport","kind":"transit_stop","name":"OMC Arm D Staircase","ref":null,"status":"operational","opened_on":null,"expected_completion":null,"agency":"HMRL","source":"metro_hyd_hmrl_gtfs","confidence":0.9,"mode":"metro","tier":"official"},"geometry":{"type":"Point","coordinates":[78.4819,17.3824]}},{"type":"Feature","properties":{"id":"transit_stop:metro_hyd_hmrl_gtfs:GAB_ENT01","field":"public_transport","kind":"transit_stop","name":"GAB Arm A  Staircase","ref":null,"status":"operational","opened_on":null,"expected_completion":null,"agency":"HMRL","source":"metro_hyd_hmrl_gtfs","confidence":0.9,"mode":"metro","tier":"official"},"geometry":{"type":"Point","coordinates":[78.4738,17.3849]}},{"type":"Feature","properties":{"id":"transit_stop:metro_hyd_hmrl_gtfs:GAB_ENT02","field":"public_transport","kind":"transit_stop","name":"GAB Arm B Lift","ref":null,"status":"operational","opened_on":null,"expected_completion":null,"agency":"HMRL","source":"metro_hyd_hmrl_gtfs","confidence":0.9,"mode":"metro","tier":"official"},"geometry":{"type":"Point","coordinates":[78.4728,17.3862]}},{"type":"Feature","properties":{"id":"transit_stop:metro_hyd_hmrl_gtfs:GAB_ENT03","field":"public_transport","kind":"transit_stop","name":"GAB Arm B Combined Staircase & Escalator","ref":null,"status":"operational","opened_on":null,"expected_completion":null,"agency":"HMRL","source":"metro_hyd_hmrl_gtfs","confidence":0.9,"mode":"metro","tier":"official"},"geometry":{"type":"Point","coordinates":[78.4731,17.3858]}},{"type":"Feature","properties":{"id":"transit_stop:metro_hyd_hmrl_gtfs:GAB_ENT04","field":"public_transport","kind":"transit_stop","name":"GAB Arm C Lift","ref":null,"status":"operational","opened_on":null,"expected_completion":null,"agency":"HMRL","source":"metro_hyd_hmrl_gtfs","confidence":0.9,"mode":"metro","tier":"official"},"geometry":{"type":"Point","coordinates":[78.4731,17.3864]}},{"type":"Feature","properties":{"id":"transit_stop:metro_hyd_hmrl_gtfs:GAB_ENT05","field":"public_transport","kind":"transit_stop","name":"GAB Arm C Combined Staircase & Escalator","ref":null,"status":"operational","opened_on":null,"expected_completion":null,"agency":"HMRL","source":"metro_hyd_hmrl_gtfs","confidence":0.9,"mode":"metro","tier":"official"},"geometry":{"type":"Point","coordinates":[78.4734,17.386]}},{"type":"Feature","properties":{"id":"transit_stop:metro_hyd_hmrl_gtfs:GAB_ENT06","field":"public_transport","kind":"transit_stop","name":"GAB Arm D Staircase","ref":null,"status":"operational","opened_on":null,"expected_completion":null,"agency":"HMRL","source":"metro_hyd_hmrl_gtfs","confidence":0.9,"mode":"metro","tier":"official"},"geometry":{"type":"Point","coordinates":[78.474,17.3851]}},{"type":"Feature","properties":{"id":"transit_stop:metro_hyd_hmrl_gtfs:NAM_ENT01","field":"public_transport","kind":"transit_stop","name":"NAM Arm A  Staircase","ref":null,"status":"operational","opened_on":null,"expected_completion":null,"agency":"HMRL","source":"metro_hyd_hmrl_gtfs","confidence":0.9,"mode":"metro","tier":"official"},"geometry":{"type":"Point","coordinates":[78.4696,17.392]}},{"type":"Feature","properties":{"id":"transit_stop:metro_hyd_hmrl_gtfs:NAM_ENT02","field":"public_transport","kind":"transit_stop","name":"NAM Arm A  Combined Staircase & Escalator","ref":null,"status":"operational","opened_on":null,"expected_completion":null,"agency":"HMRL","source":"metro_hyd_hmrl_gtfs","confidence":0.9,"mode":"metro","tier":"official"},"geometry":{"type":"Point","coordinates":[78.4697,17.3922]}},{"type":"Feature","properties":{"id":"transit_stop:metro_hyd_hmrl_gtfs:NAM_ENT03","field":"public_transport","kind":"transit_stop","name":"NAM Arm B Staircase","ref":null,"status":"operational","opened_on":null,"expected_completion":null,"agency":"HMRL","source":"metro_hyd_hmrl_gtfs","confidence":0.9,"mode":"metro","tier":"official"},"geometry":{"type":"Point","coordinates":[78.4697,17.3924]}},{"type":"Feature","properties":{"id":"transit_stop:metro_hyd_hmrl_gtfs:NAM_ENT04","field":"public_transport","kind":"transit_stop","name":"NAM Arm B Lift","ref":null,"status":"operational","opened_on":null,"expected_completion":null,"agency":"HMRL","source":"metro_hyd_hmrl_gtfs","confidence":0.9,"mode":"metro","tier":"official"},"geometry":{"type":"Point","coordinates":[78.47,17.3924]}},{"type":"Feature","properties":{"id":"transit_stop:metro_hyd_hmrl_gtfs:NAM_ENT05","field":"public_transport","kind":"transit_stop","name":"NAM Arm B Combined Staircase & Escalator","ref":null,"status":"operational","opened_on":null,"expected_completion":null,"agency":"HMRL","source":"metro_hyd_hmrl_gtfs","confidence":0.9,"mode":"metro","tier":"official"},"geometry":{"type":"Point","coordinates":[78.4697,17.3923]}},{"type":"Feature","properties":{"id":"transit_stop:metro_hyd_hmrl_gtfs:NAM_ENT06","field":"public_transport","kind":"transit_stop","name":"NAM Arm C Staircase","ref":null,"status":"operational","opened_on":null,"expected_completion":null,"agency":"HMRL","source":"metro_hyd_hmrl_gtfs","confidence":0.9,"mode":"metro","tier":"official"},"geometry":{"type":"Point","coordinates":[78.4703,17.3921]}},{"type":"Feature","properties":{"id":"transit_stop:metro_hyd_hmrl_gtfs:NAM_ENT07","field":"public_transport","kind":"transit_stop","name":"NAM Arm D Staircase","ref":null,"status":"operational","opened_on":null,"expected_completion":null,"agency":"HMRL","source":"metro_hyd_hmrl_gtfs","confidence":0.9,"mode":"metro","tier":"official"},"geometry":{"type":"Point","coordinates":[78.4702,17.3916]}},{"type":"Feature","properties":{"id":"transit_stop:metro_hyd_hmrl_gtfs:NAM_ENT08","field":"public_transport","kind":"transit_stop","name":"NAM Arm D Lift","ref":null,"status":"operational","opened_on":null,"expected_completion":null,"agency":"HMRL","source":"metro_hyd_hmrl_gtfs","confidence":0.9,"mode":"metro","tier":"official"},"geometry":{"type":"Point","coordinates":[78.4703,17.3919]}},{"type":"Feature","properties":{"id":"transit_stop:metro_hyd_hmrl_gtfs:ASM_ENT01","field":"public_transport","kind":"transit_stop","name":"ASM Arm A  Staircase","ref":null,"status":"operational","opened_on":null,"expected_completion":null,"agency":"HMRL","source":"metro_hyd_hmrl_gtfs","confidence":0.9,"mode":"metro","tier":"official"},"geometry":{"type":"Point","coordinates":[78.4709,17.397]}},{"type":"Feature","properties":{"id":"transit_stop:metro_hyd_hmrl_gtfs:ASM_ENT02","field":"public_transport","kind":"transit_stop","name":"ASM Arm B Staircase","ref":null,"status":"operational","opened_on":null,"expected_completion":null,"agency":"HMRL","source":"metro_hyd_hmrl_gtfs","confidence":0.9,"mode":"metro","tier":"official"},"geometry":{"type":"Point","coordinates":[78.4708,17.3974]}},{"type":"Feature","properties":{"id":"transit_stop:metro_hyd_hmrl_gtfs:ASM_ENT03","field":"public_transport","kind":"transit_stop","name":"ASM Arm B Escalator","ref":null,"status":"operational","opened_on":null,"expected_completion":null,"agency":"HMRL","source":"metro_hyd_hmrl_gtfs","confidence":0.9,"mode":"metro","tier":"official"},"geometry":{"type":"Point","coordinates":[78.4707,17.398]}},{"type":"Feature","properties":{"id":"transit_stop:metro_hyd_hmrl_gtfs:ASM_ENT04","field":"public_transport","kind":"transit_stop","name":"ASM Arm D Combined Staircase & Escalator","ref":null,"status":"operational","opened_on":null,"expected_completion":null,"agency":"HMRL","source":"metro_hyd_hmrl_gtfs","confidence":0.9,"mode":"metro","tier":"official"},"geometry":{"type":"Point","coordinates":[78.4709,17.3986]}},{"type":"Feature","properties":{"id":"transit_stop:metro_hyd_hmrl_gtfs:ASM_ENT05","field":"public_transport","kind":"transit_stop","name":"ASM Arm E Staircase","ref":null,"status":"operational","opened_on":null,"expected_completion":null,"agency":"HMRL","source":"metro_hyd_hmrl_gtfs","confidence":0.9,"mode":"metro","tier":"official"},"geometry":{"type":"Point","coordinates":[78.4711,17.3973]}},{"type":"Feature","properties":{"id":"transit_stop:metro_hyd_hmrl_gtfs:ASM_ENT06","field":"public_transport","kind":"transit_stop","name":"ASM Arm E Lift","ref":null,"status":"operational","opened_on":null,"expected_completion":null,"agency":"HMRL","source":"metro_hyd_hmrl_gtfs","confidence":0.9,"mode":"metro","tier":"official"},"geometry":{"type":"Point","coordinates":[78.471,17.3977]}},{"type":"Feature","properties":{"id":"transit_stop:metro_hyd_hmrl_gtfs:LKP_ENT01","field":"public_transport","kind":"transit_stop","name":"LKP Arm A  Staircase","ref":null,"status":"operational","opened_on":null,"expected_completion":null,"agency":"HMRL","source":"metro_hyd_hmrl_gtfs","confidence":0.9,"mode":"metro","tier":"official"},"geometry":{"type":"Point","coordinates":[78.4653,17.4033]}},{"type":"Feature","properties":{"id":"transit_stop:metro_hyd_hmrl_gtfs:LKP_ENT02","field":"public_transport","kind":"transit_stop","name":"LKP Arm A  Escalator","ref":null,"status":"operational","opened_on":null,"expected_completion":null,"agency":"HMRL","source":"metro_hyd_hmrl_gtfs","confidence":0.9,"mode":"metro","tier":"official"},"geometry":{"type":"Point","coordinates":[78.4648,17.4037]}},{"type":"Feature","properties":{"id":"transit_stop:metro_hyd_hmrl_gtfs:LKP_ENT03","field":"public_transport","kind":"transit_stop","name":"LKP Arm A  Lift","ref":null,"status":"operational","opened_on":null,"expected_completion":null,"agency":"HMRL","source":"metro_hyd_hmrl_gtfs","confidence":0.9,"mode":"metro","tier":"official"},"geometry":{"type":"Point","coordinates":[78.465,17.4036]}},{"type":"Feature","properties":{"id":"transit_stop:metro_hyd_hmrl_gtfs:LKP_ENT04","field":"public_transport","kind":"transit_stop","name":"LKP Arm B Staircase","ref":null,"status":"operational","opened_on":null,"expected_completion":null,"agency":"HMRL","source":"metro_hyd_hmrl_gtfs","confidence":0.9,"mode":"metro","tier":"official"},"geometry":{"type":"Point","coordinates":[78.4642,17.4047]}},{"type":"Feature","properties":{"id":"transit_stop:metro_hyd_hmrl_gtfs:LKP_ENT05","field":"public_transport","kind":"transit_stop","name":"LKP Arm C Escalator","ref":null,"status":"operational","opened_on":null,"expected_completion":null,"agency":"HMRL","source":"metro_hyd_hmrl_gtfs","confidence":0.9,"mode":"metro","tier":"official"},"geometry":{"type":"Point","coordinates":[78.4646,17.4046]}},{"type":"Feature","properties":{"id":"transit_stop:metro_hyd_hmrl_gtfs:LKP_ENT06","field":"public_transport","kind":"transit_stop","name":"LKP Arm C Lift","ref":null,"status":"operational","opened_on":null,"expected_completion":null,"agency":"HMRL","source":"metro_hyd_hmrl_gtfs","confidence":0.9,"mode":"metro","tier":"official"},"geometry":{"type":"Point","coordinates":[78.465,17.4041]}},{"type":"Feature","properties":{"id":"transit_stop:metro_hyd_hmrl_gtfs:LKP_ENT07","field":"public_transport","kind":"transit_stop","name":"LKP Arm D Staircase","ref":null,"status":"operational","opened_on":null,"expected_completion":null,"agency":"HMRL","source":"metro_hyd_hmrl_gtfs","confidence":0.9,"mode":"metro","tier":"official"},"geometry":{"type":"Point","coordinates":[78.4658,17.4033]}},{"type":"Feature","properties":{"id":"transit_stop:metro_hyd_hmrl_gtfs:KHA_ENT01","field":"public_transport","kind":"transit_stop","name":"KHA Arm A  Staircase","ref":null,"status":"operational","opened_on":null,"expected_completion":null,"agency":"HMRL","source":"metro_hyd_hmrl_gtfs","confidence":0.9,"mode":"metro","tier":"official"},"geometry":{"type":"Point","coordinates":[78.4608,17.4109]}},{"type":"Feature","properties":{"id":"transit_stop:metro_hyd_hmrl_gtfs:KHA_ENT02","field":"public_transport","kind":"transit_stop","name":"KHA Arm A  Escalator","ref":null,"status":"operational","opened_on":null,"expected_completion":null,"agency":"HMRL","source":"metro_hyd_hmrl_gtfs","confidence":0.9,"mode":"metro","tier":"official"},"geometry":{"type":"Point","coordinates":[78.4607,17.4116]}},{"type":"Feature","properties":{"id":"transit_stop:metro_hyd_hmrl_gtfs:KHA_ENT03","field":"public_transport","kind":"transit_stop","name":"KHA Arm B Staircase","ref":null,"status":"operational","opened_on":null,"expected_completion":null,"agency":"HMRL","source":"metro_hyd_hmrl_gtfs","confidence":0.9,"mode":"metro","tier":"official"},"geometry":{"type":"Point","coordinates":[78.4604,17.4126]}},{"type":"Feature","properties":{"id":"transit_stop:metro_hyd_hmrl_gtfs:KHA_ENT04","field":"public_transport","kind":"transit_stop","name":"KHA Arm B Lift","ref":null,"status":"operational","opened_on":null,"expected_completion":null,"agency":"HMRL","source":"metro_hyd_hmrl_gtfs","confidence":0.9,"mode":"metro","tier":"official"},"geometry":{"type":"Point","coordinates":[78.4605,17.4123]}},{"type":"Feature","properties":{"id":"transit_stop:metro_hyd_hmrl_gtfs:KHA_ENT05","field":"public_transport","kind":"transit_stop","name":"KHA Arm C Lift","ref":null,"status":"operational","opened_on":null,"expected_completion":null,"agency":"HMRL","source":"metro_hyd_hmrl_gtfs","confidence":0.9,"mode":"metro","tier":"official"},"geometry":{"type":"Point","coordinates":[78.4608,17.4126]}},{"type":"Feature","properties":{"id":"transit_stop:metro_hyd_hmrl_gtfs:KHA_ENT06","field":"public_transport","kind":"transit_stop","name":"KHA Arm C Combined Staircase & Escalator","ref":null,"status":"operational","opened_on":null,"expected_completion":null,"agency":"HMRL","source":"metro_hyd_hmrl_gtfs","confidence":0.9,"mode":"metro","tier":"official"},"geometry":{"type":"Point","coordinates":[78.4607,17.4127]}},{"type":"Feature","properties":{"id":"transit_stop:metro_hyd_hmrl_gtfs:IRM_ENT01","field":"public_transport","kind":"transit_stop","name":"IRM Arm A  Lift","ref":null,"status":"operational","opened_on":null,"expected_completion":null,"agency":"HMRL","source":"metro_hyd_hmrl_gtfs","confidence":0.9,"mode":"metro","tier":"official"},"geometry":{"type":"Point","coordinates":[78.4562,17.4202]}},{"type":"Feature","properties":{"id":"transit_stop:metro_hyd_hmrl_gtfs:IRM_ENT02","field":"public_transport","kind":"transit_stop","name":"IRM Arm A  Staircase","ref":null,"status":"operational","opened_on":null,"expected_completion":null,"agency":"HMRL","source":"metro_hyd_hmrl_gtfs","confidence":0.9,"mode":"metro","tier":"official"},"geometry":{"type":"Point","coordinates":[78.456,17.4204]}},{"type":"Feature","properties":{"id":"transit_stop:metro_hyd_hmrl_gtfs:IRM_ENT03","field":"public_transport","kind":"transit_stop","name":"IRM Arm B Staircase","ref":null,"status":"operational","opened_on":null,"expected_completion":null,"agency":"HMRL","source":"metro_hyd_hmrl_gtfs","confidence":0.9,"mode":"metro","tier":"official"},"geometry":{"type":"Point","coordinates":[78.4554,17.4214]}},{"type":"Feature","properties":{"id":"transit_stop:metro_hyd_hmrl_gtfs:IRM_ENT04","field":"public_transport","kind":"transit_stop","name":"IRM Arm B Escalator","ref":null,"status":"operational","opened_on":null,"expected_completion":null,"agency":"HMRL","source":"metro_hyd_hmrl_gtfs","confidence":0.9,"mode":"metro","tier":"official"},"geometry":{"type":"Point","coordinates":[78.4558,17.4209]}},{"type":"Feature","properties":{"id":"transit_stop:metro_hyd_hmrl_gtfs:IRM_ENT05","field":"public_transport","kind":"transit_stop","name":"IRM Arm C Staircase","ref":null,"status":"operational","opened_on":null,"expected_completion":null,"agency":"HMRL","source":"metro_hyd_hmrl_gtfs","confidence":0.9,"mode":"metro","tier":"official"},"geometry":{"type":"Point","coordinates":[78.4561,17.4213]}},{"type":"Feature","properties":{"id":"transit_stop:metro_hyd_hmrl_gtfs:IRM_ENT06","field":"public_transport","kind":"transit_stop","name":"IRM Arm C Escalator","ref":null,"status":"operational","opened_on":null,"expected_completion":null,"agency":"HMRL","source":"metro_hyd_hmrl_gtfs","confidence":0.9,"mode":"metro","tier":"official"},"geometry":{"type":"Point","coordinates":[78.4556,17.4216]}},{"type":"Feature","properties":{"id":"transit_stop:metro_hyd_hmrl_gtfs:IRM_ENT07","field":"public_transport","kind":"transit_stop","name":"IRM Arm D Staircase","ref":null,"status":"operational","opened_on":null,"expected_completion":null,"agency":"HMRL","source":"metro_hyd_hmrl_gtfs","confidence":0.9,"mode":"metro","tier":"official"},"geometry":{"type":"Point","coordinates":[78.4566,17.42]}},{"type":"Feature","properties":{"id":"transit_stop:metro_hyd_hmrl_gtfs:IRM_ENT08","field":"public_transport","kind":"transit_stop","name":"IRM Arm D Lift","ref":null,"status":"operational","opened_on":null,"expected_completion":null,"agency":"HMRL","source":"metro_hyd_hmrl_gtfs","confidence":0.9,"mode":"metro","tier":"official"},"geometry":{"type":"Point","coordinates":[78.4564,17.4204]}},{"type":"Feature","properties":{"id":"transit_stop:metro_hyd_hmrl_gtfs:PUN_ENT01","field":"public_transport","kind":"transit_stop","name":"PUN Arm A  Staircase","ref":null,"status":"operational","opened_on":null,"expected_completion":null,"agency":"HMRL","source":"metro_hyd_hmrl_gtfs","confidence":0.9,"mode":"metro","tier":"official"},"geometry":{"type":"Point","coordinates":[78.4515,17.428]}},{"type":"Feature","properties":{"id":"transit_stop:metro_hyd_hmrl_gtfs:PUN_ENT02","field":"public_transport","kind":"transit_stop","name":"PUN Arm A  Lift","ref":null,"status":"operational","opened_on":null,"expected_completion":null,"agency":"HMRL","source":"metro_hyd_hmrl_gtfs","confidence":0.9,"mode":"metro","tier":"official"},"geometry":{"type":"Point","coordinates":[78.4513,17.4282]}},{"type":"Feature","properties":{"id":"transit_stop:metro_hyd_hmrl_gtfs:PUN_ENT03","field":"public_transport","kind":"transit_stop","name":"PUN Arm B Staircase","ref":null,"status":"operational","opened_on":null,"expected_completion":null,"agency":"HMRL","source":"metro_hyd_hmrl_gtfs","confidence":0.9,"mode":"metro","tier":"official"},"geometry":{"type":"Point","coordinates":[78.4508,17.429]}},{"type":"Feature","properties":{"id":"transit_stop:metro_hyd_hmrl_gtfs:PUN_ENT04","field":"public_transport","kind":"transit_stop","name":"PUN Arm B Escalator","ref":null,"status":"operational","opened_on":null,"expected_completion":null,"agency":"HMRL","source":"metro_hyd_hmrl_gtfs","confidence":0.9,"mode":"metro","tier":"official"},"geometry":{"type":"Point","coordinates":[78.4511,17.4285]}},{"type":"Feature","properties":{"id":"transit_stop:metro_hyd_hmrl_gtfs:PUN_ENT05","field":"public_transport","kind":"transit_stop","name":"PUN Arm C Staircase","ref":null,"status":"operational","opened_on":null,"expected_completion":null,"agency":"HMRL","source":"metro_hyd_hmrl_gtfs","confidence":0.9,"mode":"metro","tier":"official"},"geometry":{"type":"Point","coordinates":[78.4513,17.4287]}},{"type":"Feature","properties":{"id":"transit_stop:metro_hyd_hmrl_gtfs:PUN_ENT06","field":"public_transport","kind":"transit_stop","name":"PUN Arm D Staircase","ref":null,"status":"operational","opened_on":null,"expected_completion":null,"agency":"HMRL","source":"metro_hyd_hmrl_gtfs","confidence":0.9,"mode":"metro","tier":"official"},"geometry":{"type":"Point","coordinates":[78.4507,17.4295]}},{"type":"Feature","properties":{"id":"transit_stop:metro_hyd_hmrl_gtfs:PUN_ENT07","field":"public_transport","kind":"transit_stop","name":"PUN Arm E Staircase","ref":null,"status":"operational","opened_on":null,"expected_completion":null,"agency":"HMRL","source":"metro_hyd_hmrl_gtfs","confidence":0.9,"mode":"metro","tier":"official"},"geometry":{"type":"Point","coordinates":[78.451,17.4291]}},{"type":"Feature","properties":{"id":"transit_stop:metro_hyd_hmrl_gtfs:PUN_ENT08","field":"public_transport","kind":"transit_stop","name":"PUN Arm E Lift","ref":null,"status":"operational","opened_on":null,"expected_completion":null,"agency":"HMRL","source":"metro_hyd_hmrl_gtfs","confidence":0.9,"mode":"metro","tier":"official"},"geometry":{"type":"Point","coordinates":[78.4513,17.4287]}},{"type":"Feature","properties":{"id":"transit_stop:metro_hyd_hmrl_gtfs:PUN_ENT09","field":"public_transport","kind":"transit_stop","name":"PUN Arm F Staircase","ref":null,"status":"operational","opened_on":null,"expected_completion":null,"agency":"HMRL","source":"metro_hyd_hmrl_gtfs","confidence":0.9,"mode":"metro","tier":"official"},"geometry":{"type":"Point","coordinates":[78.4513,17.4286]}},{"type":"Feature","properties":{"id":"transit_stop:metro_hyd_hmrl_gtfs:PUN_ENT10","field":"public_transport","kind":"transit_stop","name":"PUN Arm F Lift","ref":null,"status":"operational","opened_on":null,"expected_completion":null,"agency":"HMRL","source":"metro_hyd_hmrl_gtfs","confidence":0.9,"mode":"metro","tier":"official"},"geometry":{"type":"Point","coordinates":[78.4516,17.4283]}},{"type":"Feature","properties":{"id":"transit_stop:metro_hyd_hmrl_gtfs:LBN_ENT01","field":"public_transport","kind":"transit_stop","name":"LBN Arm A Lift","ref":null,"status":"operational","opened_on":null,"expected_completion":null,"agency":"HMRL","source":"metro_hyd_hmrl_gtfs","confidence":0.9,"mode":"metro","tier":"official"},"geometry":{"type":"Point","coordinates":[78.5481,17.3494]}},{"type":"Feature","properties":{"id":"transit_stop:metro_hyd_hmrl_gtfs:LBN_ENT02","field":"public_transport","kind":"transit_stop","name":"LBN Arm A Combined Staircase & Escalator","ref":null,"status":"operational","opened_on":null,"expected_completion":null,"agency":"HMRL","source":"metro_hyd_hmrl_gtfs","confidence":0.9,"mode":"metro","tier":"official"},"geometry":{"type":"Point","coordinates":[78.5479,17.3496]}},{"type":"Feature","properties":{"id":"transit_stop:metro_hyd_hmrl_gtfs:LBN_ENT03","field":"public_transport","kind":"transit_stop","name":"LBN Arm B Combined Staircase & Escalator","ref":null,"status":"operational","opened_on":null,"expected_completion":null,"agency":"HMRL","source":"metro_hyd_hmrl_gtfs","confidence":0.9,"mode":"metro","tier":"official"},"geometry":{"type":"Point","coordinates":[78.5475,17.3501]}},{"type":"Feature","properties":{"id":"transit_stop:metro_hyd_hmrl_gtfs:LBN_ENT04","field":"public_transport","kind":"transit_stop","name":"LBN Arm C Lift","ref":null,"status":"operational","opened_on":null,"expected_completion":null,"agency":"HMRL","source":"metro_hyd_hmrl_gtfs","confidence":0.9,"mode":"metro","tier":"official"},"geometry":{"type":"Point","coordinates":[78.548,17.35]}},{"type":"Feature","properties":{"id":"transit_stop:metro_hyd_hmrl_gtfs:LBN_ENT05","field":"public_transport","kind":"transit_stop","name":"LBN Arm C Combined Staircase & Escalator","ref":null,"status":"operational","opened_on":null,"expected_completion":null,"agency":"HMRL","source":"metro_hyd_hmrl_gtfs","confidence":0.9,"mode":"metro","tier":"official"},"geometry":{"type":"Point","coordinates":[78.5478,17.3503]}},{"type":"Feature","properties":{"id":"transit_stop:metro_hyd_hmrl_gtfs:LBN_ENT06","field":"public_transport","kind":"transit_stop","name":"LBN Arm D Staircase","ref":null,"status":"operational","opened_on":null,"expected_completion":null,"agency":"HMRL","source":"metro_hyd_hmrl_gtfs","confidence":0.9,"mode":"metro","tier":"official"},"geometry":{"type":"Point","coordinates":[78.5485,17.3494]}},{"type":"Feature","properties":{"id":"transit_stop:metro_hyd_hmrl_gtfs:VOM_ENT01","field":"public_transport","kind":"transit_stop","name":"VOM Arm A  Lift","ref":null,"status":"operational","opened_on":null,"expected_completion":null,"agency":"HMRL","source":"metro_hyd_hmrl_gtfs","confidence":0.9,"mode":"metro","tier":"official"},"geometry":{"type":"Point","coordinates":[78.5438,17.3615]}},{"type":"Feature","properties":{"id":"transit_stop:metro_hyd_hmrl_gtfs:VOM_ENT02","field":"public_transport","kind":"transit_stop","name":"VOM Arm A  Combined Staircase & Escalator","ref":null,"status":"operational","opened_on":null,"expected_completion":null,"agency":"HMRL","source":"metro_hyd_hmrl_gtfs","confidence":0.9,"mode":"metro","tier":"official"},"geometry":{"type":"Point","coordinates":[78.5439,17.3612]}},{"type":"Feature","properties":{"id":"transit_stop:metro_hyd_hmrl_gtfs:VOM_ENT03","field":"public_transport","kind":"transit_stop","name":"VOM Arm B Staircase","ref":null,"status":"operational","opened_on":null,"expected_completion":null,"agency":"HMRL","source":"metro_hyd_hmrl_gtfs","confidence":0.9,"mode":"metro","tier":"official"},"geometry":{"type":"Point","coordinates":[78.5436,17.3624]}},{"type":"Feature","properties":{"id":"transit_stop:metro_hyd_hmrl_gtfs:VOM_ENT04","field":"public_transport","kind":"transit_stop","name":"VOM Arm C  Lift","ref":null,"status":"operational","opened_on":null,"expected_completion":null,"agency":"HMRL","source":"metro_hyd_hmrl_gtfs","confidence":0.9,"mode":"metro","tier":"official"},"geometry":{"type":"Point","coordinates":[78.544,17.3622]}},{"type":"Feature","properties":{"id":"transit_stop:metro_hyd_hmrl_gtfs:VOM_ENT05","field":"public_transport","kind":"transit_stop","name":"VOM Arm C  Combined Staircase & Escalator","ref":null,"status":"operational","opened_on":null,"expected_completion":null,"agency":"HMRL","source":"metro_hyd_hmrl_gtfs","confidence":0.9,"mode":"metro","tier":"official"},"geometry":{"type":"Point","coordinates":[78.544,17.3625]}},{"type":"Feature","properties":{"id":"transit_stop:metro_hyd_hmrl_gtfs:VOM_ENT06","field":"public_transport","kind":"transit_stop","name":"VOM Arm D Staircase","ref":null,"status":"operational","opened_on":null,"expected_completion":null,"agency":"HMRL","source":"metro_hyd_hmrl_gtfs","confidence":0.9,"mode":"metro","tier":"official"},"geometry":{"type":"Point","coordinates":[78.5443,17.3613]}},{"type":"Feature","properties":{"id":"transit_stop:metro_hyd_hmrl_gtfs:CHP_ENT01","field":"public_transport","kind":"transit_stop","name":"CHP Arm A  Staircase","ref":null,"status":"operational","opened_on":null,"expected_completion":null,"agency":"HMRL","source":"metro_hyd_hmrl_gtfs","confidence":0.9,"mode":"metro","tier":"official"},"geometry":{"type":"Point","coordinates":[78.5365,17.3682]}},{"type":"Feature","properties":{"id":"transit_stop:metro_hyd_hmrl_gtfs:CHP_ENT02","field":"public_transport","kind":"transit_stop","name":"CHP Arm A  Lift","ref":null,"status":"operational","opened_on":null,"expected_completion":null,"agency":"HMRL","source":"metro_hyd_hmrl_gtfs","confidence":0.9,"mode":"metro","tier":"official"},"geometry":{"type":"Point","coordinates":[78.5362,17.3681]}},{"type":"Feature","properties":{"id":"transit_stop:metro_hyd_hmrl_gtfs:CHP_ENT03","field":"public_transport","kind":"transit_stop","name":"CHP Arm B  Combined Staircase & Escalator","ref":null,"status":"operational","opened_on":null,"expected_completion":null,"agency":"HMRL","source":"metro_hyd_hmrl_gtfs","confidence":0.9,"mode":"metro","tier":"official"},"geometry":{"type":"Point","coordinates":[78.5353,17.3682]}},{"type":"Feature","properties":{"id":"transit_stop:metro_hyd_hmrl_gtfs:CHP_ENT04","field":"public_transport","kind":"transit_stop","name":"CHP Arm C Lift","ref":null,"status":"operational","opened_on":null,"expected_completion":null,"agency":"HMRL","source":"metro_hyd_hmrl_gtfs","confidence":0.9,"mode":"metro","tier":"official"},"geometry":{"type":"Point","coordinates":[78.5355,17.3685]}},{"type":"Feature","properties":{"id":"transit_stop:metro_hyd_hmrl_gtfs:CHP_ENT05","field":"public_transport","kind":"transit_stop","name":"CHP Arm C Combined Staircase & Escalator","ref":null,"status":"operational","opened_on":null,"expected_completion":null,"agency":"HMRL","source":"metro_hyd_hmrl_gtfs","confidence":0.9,"mode":"metro","tier":"official"},"geometry":{"type":"Point","coordinates":[78.5353,17.3685]}},{"type":"Feature","properties":{"id":"transit_stop:metro_hyd_hmrl_gtfs:CHP_ENT06","field":"public_transport","kind":"transit_stop","name":"CHP Arm D Staircase","ref":null,"status":"operational","opened_on":null,"expected_completion":null,"agency":"HMRL","source":"metro_hyd_hmrl_gtfs","confidence":0.9,"mode":"metro","tier":"official"},"geometry":{"type":"Point","coordinates":[78.5365,17.3685]}},{"type":"Feature","properties":{"id":"transit_stop:metro_hyd_hmrl_gtfs:DSN_ENT01","field":"public_transport","kind":"transit_stop","name":"DSN Arm A  Staircase","ref":null,"status":"operational","opened_on":null,"expected_completion":null,"agency":"HMRL","source":"metro_hyd_hmrl_gtfs","confidence":0.9,"mode":"metro","tier":"official"},"geometry":{"type":"Point","coordinates":[78.5264,17.3684]}},{"type":"Feature","properties":{"id":"transit_stop:metro_hyd_hmrl_gtfs:DSN_ENT02","field":"public_transport","kind":"transit_stop","name":"DSN Arm B Lift","ref":null,"status":"operational","opened_on":null,"expected_completion":null,"agency":"HMRL","source":"metro_hyd_hmrl_gtfs","confidence":0.9,"mode":"metro","tier":"official"},"geometry":{"type":"Point","coordinates":[78.5254,17.3684]}},{"type":"Feature","properties":{"id":"transit_stop:metro_hyd_hmrl_gtfs:DSN_ENT03","field":"public_transport","kind":"transit_stop","name":"DSN Arm B Combined Staircase & Escalator","ref":null,"status":"operational","opened_on":null,"expected_completion":null,"agency":"HMRL","source":"metro_hyd_hmrl_gtfs","confidence":0.9,"mode":"metro","tier":"official"},"geometry":{"type":"Point","coordinates":[78.5251,17.3684]}},{"type":"Feature","properties":{"id":"transit_stop:metro_hyd_hmrl_gtfs:DSN_ENT04","field":"public_transport","kind":"transit_stop","name":"DSN Arm C Lift","ref":null,"status":"operational","opened_on":null,"expected_completion":null,"agency":"HMRL","source":"metro_hyd_hmrl_gtfs","confidence":0.9,"mode":"metro","tier":"official"},"geometry":{"type":"Point","coordinates":[78.5251,17.3687]}},{"type":"Feature","properties":{"id":"transit_stop:metro_hyd_hmrl_gtfs:DSN_ENT05","field":"public_transport","kind":"transit_stop","name":"DSN Arm C Combined Staircase & Escalator","ref":null,"status":"operational","opened_on":null,"expected_completion":null,"agency":"HMRL","source":"metro_hyd_hmrl_gtfs","confidence":0.9,"mode":"metro","tier":"official"},"geometry":{"type":"Point","coordinates":[78.5249,17.3688]}},{"type":"Feature","properties":{"id":"transit_stop:metro_hyd_hmrl_gtfs:DSN_ENT06","field":"public_transport","kind":"transit_stop","name":"DSN Arm D Staircase","ref":null,"status":"operational","opened_on":null,"expected_completion":null,"agency":"HMRL","source":"metro_hyd_hmrl_gtfs","confidence":0.9,"mode":"metro","tier":"official"},"geometry":{"type":"Point","coordinates":[78.5258,17.3687]}},{"type":"Feature","properties":{"id":"transit_stop:metro_hyd_hmrl_gtfs:MSB_ENT01","field":"public_transport","kind":"transit_stop","name":"MSB Arm A  Staircase","ref":null,"status":"operational","opened_on":null,"expected_completion":null,"agency":"HMRL","source":"metro_hyd_hmrl_gtfs","confidence":0.9,"mode":"metro","tier":"official"},"geometry":{"type":"Point","coordinates":[78.5124,17.3707]}},{"type":"Feature","properties":{"id":"transit_stop:metro_hyd_hmrl_gtfs:MSB_ENT02","field":"public_transport","kind":"transit_stop","name":"MSB Arm B Lift","ref":null,"status":"operational","opened_on":null,"expected_completion":null,"agency":"HMRL","source":"metro_hyd_hmrl_gtfs","confidence":0.9,"mode":"metro","tier":"official"},"geometry":{"type":"Point","coordinates":[78.5116,17.3711]}},{"type":"Feature","properties":{"id":"transit_stop:metro_hyd_hmrl_gtfs:MSB_ENT03","field":"public_transport","kind":"transit_stop","name":"MSB Arm B Combined Staircase & Escalator","ref":null,"status":"operational","opened_on":null,"expected_completion":null,"agency":"HMRL","source":"metro_hyd_hmrl_gtfs","confidence":0.9,"mode":"metro","tier":"official"},"geometry":{"type":"Point","coordinates":[78.5114,17.3712]}},{"type":"Feature","properties":{"id":"transit_stop:metro_hyd_hmrl_gtfs:MSB_ENT04","field":"public_transport","kind":"transit_stop","name":"MSB Arm C Staircase","ref":null,"status":"operational","opened_on":null,"expected_completion":null,"agency":"HMRL","source":"metro_hyd_hmrl_gtfs","confidence":0.9,"mode":"metro","tier":"official"},"geometry":{"type":"Point","coordinates":[78.512,17.3713]}},{"type":"Feature","properties":{"id":"transit_stop:metro_hyd_hmrl_gtfs:MSB_ENT05","field":"public_transport","kind":"transit_stop","name":"MSB Arm D Lift","ref":null,"status":"operational","opened_on":null,"expected_completion":null,"agency":"HMRL","source":"metro_hyd_hmrl_gtfs","confidence":0.9,"mode":"metro","tier":"official"},"geometry":{"type":"Point","coordinates":[78.5124,17.3711]}},{"type":"Feature","properties":{"id":"transit_stop:metro_hyd_hmrl_gtfs:MSB_ENT06","field":"public_transport","kind":"transit_stop","name":"MSB Arm D Combined Staircase & Escalator","ref":null,"status":"operational","opened_on":null,"expected_completion":null,"agency":"HMRL","source":"metro_hyd_hmrl_gtfs","confidence":0.9,"mode":"metro","tier":"official"},"geometry":{"type":"Point","coordinates":[78.5126,17.3709]}},{"type":"Feature","properties":{"id":"transit_stop:metro_hyd_hmrl_gtfs:NEM_ENT01","field":"public_transport","kind":"transit_stop","name":"NEM Arm A  Staircase","ref":null,"status":"operational","opened_on":null,"expected_completion":null,"agency":"HMRL","source":"metro_hyd_hmrl_gtfs","confidence":0.9,"mode":"metro","tier":"official"},"geometry":{"type":"Point","coordinates":[78.5043,17.3731]}},{"type":"Feature","properties":{"id":"transit_stop:metro_hyd_hmrl_gtfs:NEM_ENT02","field":"public_transport","kind":"transit_stop","name":"NEM Arm A  Escalator","ref":null,"status":"operational","opened_on":null,"expected_completion":null,"agency":"HMRL","source":"metro_hyd_hmrl_gtfs","confidence":0.9,"mode":"metro","tier":"official"},"geometry":{"type":"Point","coordinates":[78.5037,17.3732]}},{"type":"Feature","properties":{"id":"transit_stop:metro_hyd_hmrl_gtfs:NEM_ENT03","field":"public_transport","kind":"transit_stop","name":"NEM Arm B Staircase","ref":null,"status":"operational","opened_on":null,"expected_completion":null,"agency":"HMRL","source":"metro_hyd_hmrl_gtfs","confidence":0.9,"mode":"metro","tier":"official"},"geometry":{"type":"Point","coordinates":[78.503,17.3733]}},{"type":"Feature","properties":{"id":"transit_stop:metro_hyd_hmrl_gtfs:NEM_ENT04","field":"public_transport","kind":"transit_stop","name":"NEM Arm B Lift","ref":null,"status":"operational","opened_on":null,"expected_completion":null,"agency":"HMRL","source":"metro_hyd_hmrl_gtfs","confidence":0.9,"mode":"metro","tier":"official"},"geometry":{"type":"Point","coordinates":[78.5026,17.3734]}},{"type":"Feature","properties":{"id":"transit_stop:metro_hyd_hmrl_gtfs:NEM_ENT05","field":"public_transport","kind":"transit_stop","name":"NEM Arm C Staircase","ref":null,"status":"operational","opened_on":null,"expected_completion":null,"agency":"HMRL","source":"metro_hyd_hmrl_gtfs","confidence":0.9,"mode":"metro","tier":"official"},"geometry":{"type":"Point","coordinates":[78.5025,17.3737]}},{"type":"Feature","properties":{"id":"transit_stop:metro_hyd_hmrl_gtfs:NEM_ENT06","field":"public_transport","kind":"transit_stop","name":"NEM Arm C Lift","ref":null,"status":"operational","opened_on":null,"expected_completion":null,"agency":"HMRL","source":"metro_hyd_hmrl_gtfs","confidence":0.9,"mode":"metro","tier":"official"},"geometry":{"type":"Point","coordinates":[78.503,17.3736]}},{"type":"Feature","properties":{"id":"transit_stop:metro_hyd_hmrl_gtfs:NEM_ENT07","field":"public_transport","kind":"transit_stop","name":"NEM Arm D Staircase","ref":null,"status":"operational","opened_on":null,"expected_completion":null,"agency":"HMRL","source":"metro_hyd_hmrl_gtfs","confidence":0.9,"mode":"metro","tier":"official"},"geometry":{"type":"Point","coordinates":[78.5032,17.3736]}},{"type":"Feature","properties":{"id":"transit_stop:metro_hyd_hmrl_gtfs:NEM_ENT08","field":"public_transport","kind":"transit_stop","name":"NEM Arm D Escalator","ref":null,"status":"operational","opened_on":null,"expected_completion":null,"agency":"HMRL","source":"metro_hyd_hmrl_gtfs","confidence":0.9,"mode":"metro","tier":"official"},"geometry":{"type":"Point","coordinates":[78.5038,17.3735]}},{"type":"Feature","properties":{"id":"transit_stop:metro_hyd_hmrl_gtfs:MKL_ENT01","field":"public_transport","kind":"transit_stop","name":"MKL Arm B Staircase","ref":null,"status":"operational","opened_on":null,"expected_completion":null,"agency":"HMRL","source":"metro_hyd_hmrl_gtfs","confidence":0.9,"mode":"metro","tier":"official"},"geometry":{"type":"Point","coordinates":[78.4927,17.3772]}},{"type":"Feature","properties":{"id":"transit_stop:metro_hyd_hmrl_gtfs:MKL_ENT02","field":"public_transport","kind":"transit_stop","name":"MKL Arm B Escalator","ref":null,"status":"operational","opened_on":null,"expected_completion":null,"agency":"HMRL","source":"metro_hyd_hmrl_gtfs","confidence":0.9,"mode":"metro","tier":"official"},"geometry":{"type":"Point","coordinates":[78.4934,17.3771]}},{"type":"Feature","properties":{"id":"transit_stop:metro_hyd_hmrl_gtfs:MKL_ENT03","field":"public_transport","kind":"transit_stop","name":"MKL Arm C Staircase","ref":null,"status":"operational","opened_on":null,"expected_completion":null,"agency":"HMRL","source":"metro_hyd_hmrl_gtfs","confidence":0.9,"mode":"metro","tier":"official"},"geometry":{"type":"Point","coordinates":[78.4935,17.3775]}},{"type":"Feature","properties":{"id":"transit_stop:metro_hyd_hmrl_gtfs:MKL_ENT04","field":"public_transport","kind":"transit_stop","name":"MKL Arm D Lift","ref":null,"status":"operational","opened_on":null,"expected_completion":null,"agency":"HMRL","source":"metro_hyd_hmrl_gtfs","confidence":0.9,"mode":"metro","tier":"official"},"geometry":{"type":"Point","coordinates":[78.4945,17.3773]}},{"type":"Feature","properties":{"id":"transit_stop:metro_hyd_hmrl_gtfs:MKL_ENT05","field":"public_transport","kind":"transit_stop","name":"MKL Arm D Combined Staircase & Escalator","ref":null,"status":"operational","opened_on":null,"expected_completion":null,"agency":"HMRL","source":"metro_hyd_hmrl_gtfs","confidence":0.9,"mode":"metro","tier":"official"},"geometry":{"type":"Point","coordinates":[78.4942,17.3773]}},{"type":"Feature","properties":{"id":"transit_stop:metro_hyd_hmrl_gtfs:MGB_ENT01","field":"public_transport","kind":"transit_stop","name":"MGBS Arm A Lift","ref":null,"status":"operational","opened_on":null,"expected_completion":null,"agency":"HMRL","source":"metro_hyd_hmrl_gtfs","confidence":0.9,"mode":"metro","tier":"official"},"geometry":{"type":"Point","coordinates":[78.4849,17.3794]}},{"type":"Feature","properties":{"id":"transit_stop:metro_hyd_hmrl_gtfs:MGB_ENT02","field":"public_transport","kind":"transit_stop","name":"MGBS Arm A Combined Staircase & Escalator","ref":null,"status":"operational","opened_on":null,"expected_completion":null,"agency":"HMRL","source":"metro_hyd_hmrl_gtfs","confidence":0.9,"mode":"metro","tier":"official"},"geometry":{"type":"Point","coordinates":[78.4847,17.3794]}},{"type":"Feature","properties":{"id":"transit_stop:metro_hyd_hmrl_gtfs:MGB_ENT03","field":"public_transport","kind":"transit_stop","name":"MGBS Arm B Lift","ref":null,"status":"operational","opened_on":null,"expected_completion":null,"agency":"HMRL","source":"metro_hyd_hmrl_gtfs","confidence":0.9,"mode":"metro","tier":"official"},"geometry":{"type":"Point","coordinates":[78.488,17.3783]}},{"type":"Feature","properties":{"id":"transit_stop:metro_hyd_hmrl_gtfs:MGB_ENT04","field":"public_transport","kind":"transit_stop","name":"MGBS Arm B Combined Staircase & Escalator","ref":null,"status":"operational","opened_on":null,"expected_completion":null,"agency":"HMRL","source":"metro_hyd_hmrl_gtfs","confidence":0.9,"mode":"metro","tier":"official"},"geometry":{"type":"Point","coordinates":[78.4881,17.3782]}},{"type":"Feature","properties":{"id":"transit_stop:metro_hyd_hmrl_gtfs:SUB_ENT01","field":"public_transport","kind":"transit_stop","name":"SUB Arm A  Staircase","ref":null,"status":"operational","opened_on":null,"expected_completion":null,"agency":"HMRL","source":"metro_hyd_hmrl_gtfs","confidence":0.9,"mode":"metro","tier":"official"},"geometry":{"type":"Point","coordinates":[78.483,17.3832]}},{"type":"Feature","properties":{"id":"transit_stop:metro_hyd_hmrl_gtfs:SUB_ENT02","field":"public_transport","kind":"transit_stop","name":"SUB Arm A  Escalator","ref":null,"status":"operational","opened_on":null,"expected_completion":null,"agency":"HMRL","source":"metro_hyd_hmrl_gtfs","confidence":0.9,"mode":"metro","tier":"official"},"geometry":{"type":"Point","coordinates":[78.4835,17.3836]}},{"type":"Feature","properties":{"id":"transit_stop:metro_hyd_hmrl_gtfs:SUB_ENT03","field":"public_transport","kind":"transit_stop","name":"SUB Arm A  Lift","ref":null,"status":"operational","opened_on":null,"expected_completion":null,"agency":"HMRL","source":"metro_hyd_hmrl_gtfs","confidence":0.9,"mode":"metro","tier":"official"},"geometry":{"type":"Point","coordinates":[78.4835,17.3836]}},{"type":"Feature","properties":{"id":"transit_stop:metro_hyd_hmrl_gtfs:SUB_ENT04","field":"public_transport","kind":"transit_stop","name":"SUB Arm A  Combined Staircase & Escalator","ref":null,"status":"operational","opened_on":null,"expected_completion":null,"agency":"HMRL","source":"metro_hyd_hmrl_gtfs","confidence":0.9,"mode":"metro","tier":"official"},"geometry":{"type":"Point","coordinates":[78.4835,17.3836]}},{"type":"Feature","properties":{"id":"transit_stop:metro_hyd_hmrl_gtfs:SUB_ENT05","field":"public_transport","kind":"transit_stop","name":"SUB Arm B Staircase","ref":null,"status":"operational","opened_on":null,"expected_completion":null,"agency":"HMRL","source":"metro_hyd_hmrl_gtfs","confidence":0.9,"mode":"metro","tier":"official"},"geometry":{"type":"Point","coordinates":[78.4834,17.3839]}},{"type":"Feature","properties":{"id":"transit_stop:metro_hyd_hmrl_gtfs:SUB_ENT06","field":"public_transport","kind":"transit_stop","name":"SUB Arm B Escalator","ref":null,"status":"operational","opened_on":null,"expected_completion":null,"agency":"HMRL","source":"metro_hyd_hmrl_gtfs","confidence":0.9,"mode":"metro","tier":"official"},"geometry":{"type":"Point","coordinates":[78.4834,17.3839]}},{"type":"Feature","properties":{"id":"transit_stop:metro_hyd_hmrl_gtfs:SUB_ENT07","field":"public_transport","kind":"transit_stop","name":"SUB Arm B Lift","ref":null,"status":"operational","opened_on":null,"expected_completion":null,"agency":"HMRL","source":"metro_hyd_hmrl_gtfs","confidence":0.9,"mode":"metro","tier":"official"},"geometry":{"type":"Point","coordinates":[78.4834,17.384]}},{"type":"Feature","properties":{"id":"transit_stop:metro_hyd_hmrl_gtfs:SUB_ENT08","field":"public_transport","kind":"transit_stop","name":"SUB Arm B Combined Staircase & Escalator","ref":null,"status":"operational","opened_on":null,"expected_completion":null,"agency":"HMRL","source":"metro_hyd_hmrl_gtfs","confidence":0.9,"mode":"metro","tier":"official"},"geometry":{"type":"Point","coordinates":[78.4834,17.384]}},{"type":"Feature","properties":{"id":"transit_stop:metro_hyd_hmrl_gtfs:SUB_ENT09","field":"public_transport","kind":"transit_stop","name":"SUB Arm C Staircase","ref":null,"status":"operational","opened_on":null,"expected_completion":null,"agency":"HMRL","source":"metro_hyd_hmrl_gtfs","confidence":0.9,"mode":"metro","tier":"official"},"geometry":{"type":"Point","coordinates":[78.484,17.3847]}},{"type":"Feature","properties":{"id":"transit_stop:metro_hyd_hmrl_gtfs:SUB_ENT10","field":"public_transport","kind":"transit_stop","name":"SUB Arm C Escalator","ref":null,"status":"operational","opened_on":null,"expected_completion":null,"agency":"HMRL","source":"metro_hyd_hmrl_gtfs","confidence":0.9,"mode":"metro","tier":"official"},"geometry":{"type":"Point","coordinates":[78.4836,17.3843]}},{"type":"Feature","properties":{"id":"transit_stop:metro_hyd_hmrl_gtfs:SUB_ENT11","field":"public_transport","kind":"transit_stop","name":"SUB Arm C Lift","ref":null,"status":"operational","opened_on":null,"expected_completion":null,"agency":"HMRL","source":"metro_hyd_hmrl_gtfs","confidence":0.9,"mode":"metro","tier":"official"},"geometry":{"type":"Point","coordinates":[78.4836,17.3843]}},{"type":"Feature","properties":{"id":"transit_stop:metro_hyd_hmrl_gtfs:SUB_ENT12","field":"public_transport","kind":"transit_stop","name":"SUB Arm C Combined Staircase & Escalator","ref":null,"status":"operational","opened_on":null,"expected_completion":null,"agency":"HMRL","source":"metro_hyd_hmrl_gtfs","confidence":0.9,"mode":"metro","tier":"official"},"geometry":{"type":"Point","coordinates":[78.4836,17.3843]}},{"type":"Feature","properties":{"id":"transit_stop:metro_hyd_hmrl_gtfs:SUB_ENT13","field":"public_transport","kind":"transit_stop","name":"SUB Arm D Staircase","ref":null,"status":"operational","opened_on":null,"expected_completion":null,"agency":"HMRL","source":"metro_hyd_hmrl_gtfs","confidence":0.9,"mode":"metro","tier":"official"},"geometry":{"type":"Point","coordinates":[78.4836,17.3843]}},{"type":"Feature","properties":{"id":"transit_stop:metro_hyd_hmrl_gtfs:SUB_ENT14","field":"public_transport","kind":"transit_stop","name":"SUB Arm D Escalator","ref":null,"status":"operational","opened_on":null,"expected_completion":null,"agency":"HMRL","source":"metro_hyd_hmrl_gtfs","confidence":0.9,"mode":"metro","tier":"official"},"geometry":{"type":"Point","coordinates":[78.4836,17.3843]}},{"type":"Feature","properties":{"id":"transit_stop:metro_hyd_hmrl_gtfs:SUB_ENT15","field":"public_transport","kind":"transit_stop","name":"SUB Arm D Lift","ref":null,"status":"operational","opened_on":null,"expected_completion":null,"agency":"HMRL","source":"metro_hyd_hmrl_gtfs","confidence":0.9,"mode":"metro","tier":"official"},"geometry":{"type":"Point","coordinates":[78.4836,17.3843]}},{"type":"Feature","properties":{"id":"transit_stop:metro_hyd_hmrl_gtfs:SUB_ENT16","field":"public_transport","kind":"transit_stop","name":"SUB Arm D Combined Staircase & Escalator","ref":null,"status":"operational","opened_on":null,"expected_completion":null,"agency":"HMRL","source":"metro_hyd_hmrl_gtfs","confidence":0.9,"mode":"metro","tier":"official"},"geometry":{"type":"Point","coordinates":[78.4836,17.3843]}},{"type":"Feature","properties":{"id":"transit_stop:metro_hyd_hmrl_gtfs:NAR_ENT01","field":"public_transport","kind":"transit_stop","name":"NAR Arm A  Staircase","ref":null,"status":"operational","opened_on":null,"expected_completion":null,"agency":"HMRL","source":"metro_hyd_hmrl_gtfs","confidence":0.9,"mode":"metro","tier":"official"},"geometry":{"type":"Point","coordinates":[78.4904,17.3951]}},{"type":"Feature","properties":{"id":"transit_stop:metro_hyd_hmrl_gtfs:NAR_ENT02","field":"public_transport","kind":"transit_stop","name":"NAR Arm A  Escalator","ref":null,"status":"operational","opened_on":null,"expected_completion":null,"agency":"HMRL","source":"metro_hyd_hmrl_gtfs","confidence":0.9,"mode":"metro","tier":"official"},"geometry":{"type":"Point","coordinates":[78.4904,17.3951]}},{"type":"Feature","properties":{"id":"transit_stop:metro_hyd_hmrl_gtfs:NAR_ENT03","field":"public_transport","kind":"transit_stop","name":"NAR Arm A  Lift","ref":null,"status":"operational","opened_on":null,"expected_completion":null,"agency":"HMRL","source":"metro_hyd_hmrl_gtfs","confidence":0.9,"mode":"metro","tier":"official"},"geometry":{"type":"Point","coordinates":[78.4901,17.3944]}},{"type":"Feature","properties":{"id":"transit_stop:metro_hyd_hmrl_gtfs:NAR_ENT04","field":"public_transport","kind":"transit_stop","name":"NAR Arm A  Combined Staircase & Escalator","ref":null,"status":"operational","opened_on":null,"expected_completion":null,"agency":"HMRL","source":"metro_hyd_hmrl_gtfs","confidence":0.9,"mode":"metro","tier":"official"},"geometry":{"type":"Point","coordinates":[78.4901,17.3944]}},{"type":"Feature","properties":{"id":"transit_stop:metro_hyd_hmrl_gtfs:NAR_ENT05","field":"public_transport","kind":"transit_stop","name":"NAR Arm B Staircase","ref":null,"status":"operational","opened_on":null,"expected_completion":null,"agency":"HMRL","source":"metro_hyd_hmrl_gtfs","confidence":0.9,"mode":"metro","tier":"official"},"geometry":{"type":"Point","coordinates":[78.4898,17.3934]}},{"type":"Feature","properties":{"id":"transit_stop:metro_hyd_hmrl_gtfs:NAR_ENT06","field":"public_transport","kind":"transit_stop","name":"NAR Arm B Escalator","ref":null,"status":"operational","opened_on":null,"expected_completion":null,"agency":"HMRL","source":"metro_hyd_hmrl_gtfs","confidence":0.9,"mode":"metro","tier":"official"},"geometry":{"type":"Point","coordinates":[78.4901,17.3942]}},{"type":"Feature","properties":{"id":"transit_stop:metro_hyd_hmrl_gtfs:NAR_ENT07","field":"public_transport","kind":"transit_stop","name":"NAR Arm B Lift","ref":null,"status":"operational","opened_on":null,"expected_completion":null,"agency":"HMRL","source":"metro_hyd_hmrl_gtfs","confidence":0.9,"mode":"metro","tier":"official"},"geometry":{"type":"Point","coordinates":[78.4901,17.3942]}},{"type":"Feature","properties":{"id":"transit_stop:metro_hyd_hmrl_gtfs:NAR_ENT08","field":"public_transport","kind":"transit_stop","name":"NAR Arm B Combined Staircase & Escalator","ref":null,"status":"operational","opened_on":null,"expected_completion":null,"agency":"HMRL","source":"metro_hyd_hmrl_gtfs","confidence":0.9,"mode":"metro","tier":"official"},"geometry":{"type":"Point","coordinates":[78.4901,17.3942]}},{"type":"Feature","properties":{"id":"transit_stop:metro_hyd_hmrl_gtfs:NAR_ENT09","field":"public_transport","kind":"transit_stop","name":"NAR Arm C Staircase","ref":null,"status":"operational","opened_on":null,"expected_completion":null,"agency":"HMRL","source":"metro_hyd_hmrl_gtfs","confidence":0.9,"mode":"metro","tier":"official"},"geometry":{"type":"Point","coordinates":[78.49,17.3949]}},{"type":"Feature","properties":{"id":"transit_stop:metro_hyd_hmrl_gtfs:NAR_ENT10","field":"public_transport","kind":"transit_stop","name":"NAR Arm C Escalator","ref":null,"status":"operational","opened_on":null,"expected_completion":null,"agency":"HMRL","source":"metro_hyd_hmrl_gtfs","confidence":0.9,"mode":"metro","tier":"official"},"geometry":{"type":"Point","coordinates":[78.4898,17.3942]}},{"type":"Feature","properties":{"id":"transit_stop:metro_hyd_hmrl_gtfs:NAR_ENT11","field":"public_transport","kind":"transit_stop","name":"NAR Arm C Lift","ref":null,"status":"operational","opened_on":null,"expected_completion":null,"agency":"HMRL","source":"metro_hyd_hmrl_gtfs","confidence":0.9,"mode":"metro","tier":"official"},"geometry":{"type":"Point","coordinates":[78.4898,17.3942]}},{"type":"Feature","properties":{"id":"transit_stop:metro_hyd_hmrl_gtfs:NAR_ENT12","field":"public_transport","kind":"transit_stop","name":"NAR Arm C Combined Staircase & Escalator","ref":null,"status":"operational","opened_on":null,"expected_completion":null,"agency":"HMRL","source":"metro_hyd_hmrl_gtfs","confidence":0.9,"mode":"metro","tier":"official"},"geometry":{"type":"Point","coordinates":[78.4898,17.3942]}},{"type":"Feature","properties":{"id":"transit_stop:metro_hyd_hmrl_gtfs:NAR_ENT13","field":"public_transport","kind":"transit_stop","name":"NAR Arm D Staircase","ref":null,"status":"operational","opened_on":null,"expected_completion":null,"agency":"HMRL","source":"metro_hyd_hmrl_gtfs","confidence":0.9,"mode":"metro","tier":"official"},"geometry":{"type":"Point","coordinates":[78.4898,17.3942]}},{"type":"Feature","properties":{"id":"transit_stop:metro_hyd_hmrl_gtfs:NAR_ENT14","field":"public_transport","kind":"transit_stop","name":"NAR Arm D Escalator","ref":null,"status":"operational","opened_on":null,"expected_completion":null,"agency":"HMRL","source":"metro_hyd_hmrl_gtfs","confidence":0.9,"mode":"metro","tier":"official"},"geometry":{"type":"Point","coordinates":[78.4898,17.3942]}},{"type":"Feature","properties":{"id":"transit_stop:metro_hyd_hmrl_gtfs:NAR_ENT15","field":"public_transport","kind":"transit_stop","name":"NAR Arm D Lift","ref":null,"status":"operational","opened_on":null,"expected_completion":null,"agency":"HMRL","source":"metro_hyd_hmrl_gtfs","confidence":0.9,"mode":"metro","tier":"official"},"geometry":{"type":"Point","coordinates":[78.4898,17.3942]}},{"type":"Feature","properties":{"id":"transit_stop:metro_hyd_hmrl_gtfs:NAR_ENT16","field":"public_transport","kind":"transit_stop","name":"NAR Arm D Combined Staircase & Escalator","ref":null,"status":"operational","opened_on":null,"expected_completion":null,"agency":"HMRL","source":"metro_hyd_hmrl_gtfs","confidence":0.9,"mode":"metro","tier":"official"},"geometry":{"type":"Point","coordinates":[78.4898,17.3942]}},{"type":"Feature","properties":{"id":"transit_stop:metro_hyd_hmrl_gtfs:CDP_ENT01","field":"public_transport","kind":"transit_stop","name":"CDP Arm A  Staircase","ref":null,"status":"operational","opened_on":null,"expected_completion":null,"agency":"HMRL","source":"metro_hyd_hmrl_gtfs","confidence":0.9,"mode":"metro","tier":"official"},"geometry":{"type":"Point","coordinates":[78.4951,17.4015]}},{"type":"Feature","properties":{"id":"transit_stop:metro_hyd_hmrl_gtfs:CDP_ENT02","field":"public_transport","kind":"transit_stop","name":"CDP Arm A  Escalator","ref":null,"status":"operational","opened_on":null,"expected_completion":null,"agency":"HMRL","source":"metro_hyd_hmrl_gtfs","confidence":0.9,"mode":"metro","tier":"official"},"geometry":{"type":"Point","coordinates":[78.4951,17.4015]}},{"type":"Feature","properties":{"id":"transit_stop:metro_hyd_hmrl_gtfs:CDP_ENT03","field":"public_transport","kind":"transit_stop","name":"CDP Arm A  Lift","ref":null,"status":"operational","opened_on":null,"expected_completion":null,"agency":"HMRL","source":"metro_hyd_hmrl_gtfs","confidence":0.9,"mode":"metro","tier":"official"},"geometry":{"type":"Point","coordinates":[78.4951,17.401]}},{"type":"Feature","properties":{"id":"transit_stop:metro_hyd_hmrl_gtfs:CDP_ENT04","field":"public_transport","kind":"transit_stop","name":"CDP Arm A  Combined Staircase & Escalator","ref":null,"status":"operational","opened_on":null,"expected_completion":null,"agency":"HMRL","source":"metro_hyd_hmrl_gtfs","confidence":0.9,"mode":"metro","tier":"official"},"geometry":{"type":"Point","coordinates":[78.4951,17.401]}},{"type":"Feature","properties":{"id":"transit_stop:metro_hyd_hmrl_gtfs:CDP_ENT05","field":"public_transport","kind":"transit_stop","name":"CDP Arm B Staircase","ref":null,"status":"operational","opened_on":null,"expected_completion":null,"agency":"HMRL","source":"metro_hyd_hmrl_gtfs","confidence":0.9,"mode":"metro","tier":"official"},"geometry":{"type":"Point","coordinates":[78.495,17.4]}},{"type":"Feature","properties":{"id":"transit_stop:metro_hyd_hmrl_gtfs:CDP_ENT06","field":"public_transport","kind":"transit_stop","name":"CDP Arm B Escalator","ref":null,"status":"operational","opened_on":null,"expected_completion":null,"agency":"HMRL","source":"metro_hyd_hmrl_gtfs","confidence":0.9,"mode":"metro","tier":"official"},"geometry":{"type":"Point","coordinates":[78.495,17.4006]}},{"type":"Feature","properties":{"id":"transit_stop:metro_hyd_hmrl_gtfs:CDP_ENT07","field":"public_transport","kind":"transit_stop","name":"CDP Arm B Lift","ref":null,"status":"operational","opened_on":null,"expected_completion":null,"agency":"HMRL","source":"metro_hyd_hmrl_gtfs","confidence":0.9,"mode":"metro","tier":"official"},"geometry":{"type":"Point","coordinates":[78.495,17.4006]}},{"type":"Feature","properties":{"id":"transit_stop:metro_hyd_hmrl_gtfs:CDP_ENT08","field":"public_transport","kind":"transit_stop","name":"CDP Arm B Combined Staircase & Escalator","ref":null,"status":"operational","opened_on":null,"expected_completion":null,"agency":"HMRL","source":"metro_hyd_hmrl_gtfs","confidence":0.9,"mode":"metro","tier":"official"},"geometry":{"type":"Point","coordinates":[78.495,17.4006]}},{"type":"Feature","properties":{"id":"transit_stop:metro_hyd_hmrl_gtfs:CDP_ENT09","field":"public_transport","kind":"transit_stop","name":"CDP Arm C Staircase","ref":null,"status":"operational","opened_on":null,"expected_completion":null,"agency":"HMRL","source":"metro_hyd_hmrl_gtfs","confidence":0.9,"mode":"metro","tier":"official"},"geometry":{"type":"Point","coordinates":[78.4948,17.4008]}},{"type":"Feature","properties":{"id":"transit_stop:metro_hyd_hmrl_gtfs:CDP_ENT10","field":"public_transport","kind":"transit_stop","name":"CDP Arm C Escalator","ref":null,"status":"operational","opened_on":null,"expected_completion":null,"agency":"HMRL","source":"metro_hyd_hmrl_gtfs","confidence":0.9,"mode":"metro","tier":"official"},"geometry":{"type":"Point","coordinates":[78.4949,17.4013]}},{"type":"Feature","properties":{"id":"transit_stop:metro_hyd_hmrl_gtfs:CDP_ENT11","field":"public_transport","kind":"transit_stop","name":"CDP Arm C Lift","ref":null,"status":"operational","opened_on":null,"expected_completion":null,"agency":"HMRL","source":"metro_hyd_hmrl_gtfs","confidence":0.9,"mode":"metro","tier":"official"},"geometry":{"type":"Point","coordinates":[78.4949,17.4013]}},{"type":"Feature","properties":{"id":"transit_stop:metro_hyd_hmrl_gtfs:CDP_ENT12","field":"public_transport","kind":"transit_stop","name":"CDP Arm C Combined Staircase & Escalator","ref":null,"status":"operational","opened_on":null,"expected_completion":null,"agency":"HMRL","source":"metro_hyd_hmrl_gtfs","confidence":0.9,"mode":"metro","tier":"official"},"geometry":{"type":"Point","coordinates":[78.4949,17.4013]}},{"type":"Feature","properties":{"id":"transit_stop:metro_hyd_hmrl_gtfs:CDP_ENT13","field":"public_transport","kind":"transit_stop","name":"CDP Arm D Staircase","ref":null,"status":"operational","opened_on":null,"expected_completion":null,"agency":"HMRL","source":"metro_hyd_hmrl_gtfs","confidence":0.9,"mode":"metro","tier":"official"},"geometry":{"type":"Point","coordinates":[78.4949,17.4013]}},{"type":"Feature","properties":{"id":"transit_stop:metro_hyd_hmrl_gtfs:CDP_ENT14","field":"public_transport","kind":"transit_stop","name":"CDP Arm D Escalator","ref":null,"status":"operational","opened_on":null,"expected_completion":null,"agency":"HMRL","source":"metro_hyd_hmrl_gtfs","confidence":0.9,"mode":"metro","tier":"official"},"geometry":{"type":"Point","coordinates":[78.4949,17.4013]}},{"type":"Feature","properties":{"id":"transit_stop:metro_hyd_hmrl_gtfs:CDP_ENT15","field":"public_transport","kind":"transit_stop","name":"CDP Arm D Lift","ref":null,"status":"operational","opened_on":null,"expected_completion":null,"agency":"HMRL","source":"metro_hyd_hmrl_gtfs","confidence":0.9,"mode":"metro","tier":"official"},"geometry":{"type":"Point","coordinates":[78.4949,17.4013]}},{"type":"Feature","properties":{"id":"transit_stop:metro_hyd_hmrl_gtfs:CDP_ENT16","field":"public_transport","kind":"transit_stop","name":"CDP Arm D Combined Staircase & Escalator","ref":null,"status":"operational","opened_on":null,"expected_completion":null,"agency":"HMRL","source":"metro_hyd_hmrl_gtfs","confidence":0.9,"mode":"metro","tier":"official"},"geometry":{"type":"Point","coordinates":[78.4949,17.4013]}},{"type":"Feature","properties":{"id":"transit_stop:metro_hyd_hmrl_gtfs:RTC_ENT01","field":"public_transport","kind":"transit_stop","name":"RTC Arm A  Staircase","ref":null,"status":"operational","opened_on":null,"expected_completion":null,"agency":"HMRL","source":"metro_hyd_hmrl_gtfs","confidence":0.9,"mode":"metro","tier":"official"},"geometry":{"type":"Point","coordinates":[78.4974,17.408]}},{"type":"Feature","properties":{"id":"transit_stop:metro_hyd_hmrl_gtfs:RTC_ENT02","field":"public_transport","kind":"transit_stop","name":"RTC Arm A  Escalator","ref":null,"status":"operational","opened_on":null,"expected_completion":null,"agency":"HMRL","source":"metro_hyd_hmrl_gtfs","confidence":0.9,"mode":"metro","tier":"official"},"geometry":{"type":"Point","coordinates":[78.4972,17.4076]}},{"type":"Feature","properties":{"id":"transit_stop:metro_hyd_hmrl_gtfs:RTC_ENT03","field":"public_transport","kind":"transit_stop","name":"RTC Arm A  Lift","ref":null,"status":"operational","opened_on":null,"expected_completion":null,"agency":"HMRL","source":"metro_hyd_hmrl_gtfs","confidence":0.9,"mode":"metro","tier":"official"},"geometry":{"type":"Point","coordinates":[78.4972,17.4076]}},{"type":"Feature","properties":{"id":"transit_stop:metro_hyd_hmrl_gtfs:RTC_ENT04","field":"public_transport","kind":"transit_stop","name":"RTC Arm A  Combined Staircase & Escalator","ref":null,"status":"operational","opened_on":null,"expected_completion":null,"agency":"HMRL","source":"metro_hyd_hmrl_gtfs","confidence":0.9,"mode":"metro","tier":"official"},"geometry":{"type":"Point","coordinates":[78.4972,17.4076]}},{"type":"Feature","properties":{"id":"transit_stop:metro_hyd_hmrl_gtfs:RTC_ENT05","field":"public_transport","kind":"transit_stop","name":"RTC Arm B Staircase","ref":null,"status":"operational","opened_on":null,"expected_completion":null,"agency":"HMRL","source":"metro_hyd_hmrl_gtfs","confidence":0.9,"mode":"metro","tier":"official"},"geometry":{"type":"Point","coordinates":[78.4969,17.407]}},{"type":"Feature","properties":{"id":"transit_stop:metro_hyd_hmrl_gtfs:RTC_ENT06","field":"public_transport","kind":"transit_stop","name":"RTC Arm B Escalator","ref":null,"status":"operational","opened_on":null,"expected_completion":null,"agency":"HMRL","source":"metro_hyd_hmrl_gtfs","confidence":0.9,"mode":"metro","tier":"official"},"geometry":{"type":"Point","coordinates":[78.4969,17.407]}},{"type":"Feature","properties":{"id":"transit_stop:metro_hyd_hmrl_gtfs:RTC_ENT07","field":"public_transport","kind":"transit_stop","name":"RTC Arm B Lift","ref":null,"status":"operational","opened_on":null,"expected_completion":null,"agency":"HMRL","source":"metro_hyd_hmrl_gtfs","confidence":0.9,"mode":"metro","tier":"official"},"geometry":{"type":"Point","coordinates":[78.4969,17.407]}},{"type":"Feature","properties":{"id":"transit_stop:metro_hyd_hmrl_gtfs:RTC_ENT08","field":"public_transport","kind":"transit_stop","name":"RTC Arm B Combined Staircase & Escalator","ref":null,"status":"operational","opened_on":null,"expected_completion":null,"agency":"HMRL","source":"metro_hyd_hmrl_gtfs","confidence":0.9,"mode":"metro","tier":"official"},"geometry":{"type":"Point","coordinates":[78.4969,17.407]}},{"type":"Feature","properties":{"id":"transit_stop:metro_hyd_hmrl_gtfs:RTC_ENT09","field":"public_transport","kind":"transit_stop","name":"RTC Arm C Staircase","ref":null,"status":"operational","opened_on":null,"expected_completion":null,"agency":"HMRL","source":"metro_hyd_hmrl_gtfs","confidence":0.9,"mode":"metro","tier":"official"},"geometry":{"type":"Point","coordinates":[78.4972,17.4083]}},{"type":"Feature","properties":{"id":"transit_stop:metro_hyd_hmrl_gtfs:RTC_ENT10","field":"public_transport","kind":"transit_stop","name":"RTC Arm C Escalator","ref":null,"status":"operational","opened_on":null,"expected_completion":null,"agency":"HMRL","source":"metro_hyd_hmrl_gtfs","confidence":0.9,"mode":"metro","tier":"official"},"geometry":{"type":"Point","coordinates":[78.497,17.4078]}},{"type":"Feature","properties":{"id":"transit_stop:metro_hyd_hmrl_gtfs:RTC_ENT11","field":"public_transport","kind":"transit_stop","name":"RTC Arm C Lift","ref":null,"status":"operational","opened_on":null,"expected_completion":null,"agency":"HMRL","source":"metro_hyd_hmrl_gtfs","confidence":0.9,"mode":"metro","tier":"official"},"geometry":{"type":"Point","coordinates":[78.497,17.4078]}},{"type":"Feature","properties":{"id":"transit_stop:metro_hyd_hmrl_gtfs:RTC_ENT12","field":"public_transport","kind":"transit_stop","name":"RTC Arm C Combined Staircase & Escalator","ref":null,"status":"operational","opened_on":null,"expected_completion":null,"agency":"HMRL","source":"metro_hyd_hmrl_gtfs","confidence":0.9,"mode":"metro","tier":"official"},"geometry":{"type":"Point","coordinates":[78.497,17.4078]}},{"type":"Feature","properties":{"id":"transit_stop:metro_hyd_hmrl_gtfs:RTC_ENT13","field":"public_transport","kind":"transit_stop","name":"RTC Arm D Staircase","ref":null,"status":"operational","opened_on":null,"expected_completion":null,"agency":"HMRL","source":"metro_hyd_hmrl_gtfs","confidence":0.9,"mode":"metro","tier":"official"},"geometry":{"type":"Point","coordinates":[78.497,17.4078]}},{"type":"Feature","properties":{"id":"transit_stop:metro_hyd_hmrl_gtfs:RTC_ENT14","field":"public_transport","kind":"transit_stop","name":"RTC Arm D Escalator","ref":null,"status":"operational","opened_on":null,"expected_completion":null,"agency":"HMRL","source":"metro_hyd_hmrl_gtfs","confidence":0.9,"mode":"metro","tier":"official"},"geometry":{"type":"Point","coordinates":[78.497,17.4078]}},{"type":"Feature","properties":{"id":"transit_stop:metro_hyd_hmrl_gtfs:RTC_ENT15","field":"public_transport","kind":"transit_stop","name":"RTC Arm D Lift","ref":null,"status":"operational","opened_on":null,"expected_completion":null,"agency":"HMRL","source":"metro_hyd_hmrl_gtfs","confidence":0.9,"mode":"metro","tier":"official"},"geometry":{"type":"Point","coordinates":[78.497,17.4078]}},{"type":"Feature","properties":{"id":"transit_stop:metro_hyd_hmrl_gtfs:RTC_ENT16","field":"public_transport","kind":"transit_stop","name":"RTC Arm D Combined Staircase & Escalator","ref":null,"status":"operational","opened_on":null,"expected_completion":null,"agency":"HMRL","source":"metro_hyd_hmrl_gtfs","confidence":0.9,"mode":"metro","tier":"official"},"geometry":{"type":"Point","coordinates":[78.497,17.4078]}},{"type":"Feature","properties":{"id":"transit_stop:metro_hyd_hmrl_gtfs:MSH_ENT01","field":"public_transport","kind":"transit_stop","name":"MSH Arm A  Staircase","ref":null,"status":"operational","opened_on":null,"expected_completion":null,"agency":"HMRL","source":"metro_hyd_hmrl_gtfs","confidence":0.9,"mode":"metro","tier":"official"},"geometry":{"type":"Point","coordinates":[78.4998,17.4184]}},{"type":"Feature","properties":{"id":"transit_stop:metro_hyd_hmrl_gtfs:MSH_ENT02","field":"public_transport","kind":"transit_stop","name":"MSH Arm A  Escalator","ref":null,"status":"operational","opened_on":null,"expected_completion":null,"agency":"HMRL","source":"metro_hyd_hmrl_gtfs","confidence":0.9,"mode":"metro","tier":"official"},"geometry":{"type":"Point","coordinates":[78.4996,17.4181]}},{"type":"Feature","properties":{"id":"transit_stop:metro_hyd_hmrl_gtfs:MSH_ENT03","field":"public_transport","kind":"transit_stop","name":"MSH Arm A  Lift","ref":null,"status":"operational","opened_on":null,"expected_completion":null,"agency":"HMRL","source":"metro_hyd_hmrl_gtfs","confidence":0.9,"mode":"metro","tier":"official"},"geometry":{"type":"Point","coordinates":[78.4998,17.4185]}},{"type":"Feature","properties":{"id":"transit_stop:metro_hyd_hmrl_gtfs:MSH_ENT04","field":"public_transport","kind":"transit_stop","name":"MSH Arm A  Combined Staircase & Escalator","ref":null,"status":"operational","opened_on":null,"expected_completion":null,"agency":"HMRL","source":"metro_hyd_hmrl_gtfs","confidence":0.9,"mode":"metro","tier":"official"},"geometry":{"type":"Point","coordinates":[78.4998,17.4185]}},{"type":"Feature","properties":{"id":"transit_stop:metro_hyd_hmrl_gtfs:MSH_ENT05","field":"public_transport","kind":"transit_stop","name":"MSH Arm B Staircase","ref":null,"status":"operational","opened_on":null,"expected_completion":null,"agency":"HMRL","source":"metro_hyd_hmrl_gtfs","confidence":0.9,"mode":"metro","tier":"official"},"geometry":{"type":"Point","coordinates":[78.4996,17.4179]}},{"type":"Feature","properties":{"id":"transit_stop:metro_hyd_hmrl_gtfs:MSH_ENT06","field":"public_transport","kind":"transit_stop","name":"MSH Arm B Escalator","ref":null,"status":"operational","opened_on":null,"expected_completion":null,"agency":"HMRL","source":"metro_hyd_hmrl_gtfs","confidence":0.9,"mode":"metro","tier":"official"},"geometry":{"type":"Point","coordinates":[78.4996,17.4179]}},{"type":"Feature","properties":{"id":"transit_stop:metro_hyd_hmrl_gtfs:MSH_ENT07","field":"public_transport","kind":"transit_stop","name":"MSH Arm B Lift","ref":null,"status":"operational","opened_on":null,"expected_completion":null,"agency":"HMRL","source":"metro_hyd_hmrl_gtfs","confidence":0.9,"mode":"metro","tier":"official"},"geometry":{"type":"Point","coordinates":[78.4996,17.4179]}},{"type":"Feature","properties":{"id":"transit_stop:metro_hyd_hmrl_gtfs:MSH_ENT08","field":"public_transport","kind":"transit_stop","name":"MSH Arm B Combined Staircase & Escalator","ref":null,"status":"operational","opened_on":null,"expected_completion":null,"agency":"HMRL","source":"metro_hyd_hmrl_gtfs","confidence":0.9,"mode":"metro","tier":"official"},"geometry":{"type":"Point","coordinates":[78.4996,17.4179]}},{"type":"Feature","properties":{"id":"transit_stop:metro_hyd_hmrl_gtfs:MSH_ENT09","field":"public_transport","kind":"transit_stop","name":"MSH Arm C Staircase","ref":null,"status":"operational","opened_on":null,"expected_completion":null,"agency":"HMRL","source":"metro_hyd_hmrl_gtfs","confidence":0.9,"mode":"metro","tier":"official"},"geometry":{"type":"Point","coordinates":[78.4996,17.4185]}},{"type":"Feature","properties":{"id":"transit_stop:metro_hyd_hmrl_gtfs:MSH_ENT10","field":"public_transport","kind":"transit_stop","name":"MSH Arm C Escalator","ref":null,"status":"operational","opened_on":null,"expected_completion":null,"agency":"HMRL","source":"metro_hyd_hmrl_gtfs","confidence":0.9,"mode":"metro","tier":"official"},"geometry":{"type":"Point","coordinates":[78.4996,17.4185]}},{"type":"Feature","properties":{"id":"transit_stop:metro_hyd_hmrl_gtfs:MSH_ENT11","field":"public_transport","kind":"transit_stop","name":"MSH Arm C Lift","ref":null,"status":"operational","opened_on":null,"expected_completion":null,"agency":"HMRL","source":"metro_hyd_hmrl_gtfs","confidence":0.9,"mode":"metro","tier":"official"},"geometry":{"type":"Point","coordinates":[78.4994,17.4182]}},{"type":"Feature","properties":{"id":"transit_stop:metro_hyd_hmrl_gtfs:MSH_ENT12","field":"public_transport","kind":"transit_stop","name":"MSH Arm C Combined Staircase & Escalator","ref":null,"status":"operational","opened_on":null,"expected_completion":null,"agency":"HMRL","source":"metro_hyd_hmrl_gtfs","confidence":0.9,"mode":"metro","tier":"official"},"geometry":{"type":"Point","coordinates":[78.4994,17.4182]}},{"type":"Feature","properties":{"id":"transit_stop:metro_hyd_hmrl_gtfs:MSH_ENT13","field":"public_transport","kind":"transit_stop","name":"MSH Arm D Staircase","ref":null,"status":"operational","opened_on":null,"expected_completion":null,"agency":"HMRL","source":"metro_hyd_hmrl_gtfs","confidence":0.9,"mode":"metro","tier":"official"},"geometry":{"type":"Point","coordinates":[78.4994,17.4182]}},{"type":"Feature","properties":{"id":"transit_stop:metro_hyd_hmrl_gtfs:MSH_ENT14","field":"public_transport","kind":"transit_stop","name":"MSH Arm D Escalator","ref":null,"status":"operational","opened_on":null,"expected_completion":null,"agency":"HMRL","source":"metro_hyd_hmrl_gtfs","confidence":0.9,"mode":"metro","tier":"official"},"geometry":{"type":"Point","coordinates":[78.4994,17.4182]}},{"type":"Feature","properties":{"id":"transit_stop:metro_hyd_hmrl_gtfs:MSH_ENT15","field":"public_transport","kind":"transit_stop","name":"MSH Arm D Lift","ref":null,"status":"operational","opened_on":null,"expected_completion":null,"agency":"HMRL","source":"metro_hyd_hmrl_gtfs","confidence":0.9,"mode":"metro","tier":"official"},"geometry":{"type":"Point","coordinates":[78.4994,17.4182]}},{"type":"Feature","properties":{"id":"transit_stop:metro_hyd_hmrl_gtfs:MSH_ENT16","field":"public_transport","kind":"transit_stop","name":"MSH Arm D Combined Staircase & Escalator","ref":null,"status":"operational","opened_on":null,"expected_completion":null,"agency":"HMRL","source":"metro_hyd_hmrl_gtfs","confidence":0.9,"mode":"metro","tier":"official"},"geometry":{"type":"Point","coordinates":[78.4994,17.4182]}},{"type":"Feature","properties":{"id":"transit_stop:metro_hyd_hmrl_gtfs:GNH_ENT01","field":"public_transport","kind":"transit_stop","name":"GNH Arm A  Staircase","ref":null,"status":"operational","opened_on":null,"expected_completion":null,"agency":"HMRL","source":"metro_hyd_hmrl_gtfs","confidence":0.9,"mode":"metro","tier":"official"},"geometry":{"type":"Point","coordinates":[78.5021,17.4255]}},{"type":"Feature","properties":{"id":"transit_stop:metro_hyd_hmrl_gtfs:GNH_ENT02","field":"public_transport","kind":"transit_stop","name":"GNH Arm A  Escalator","ref":null,"status":"operational","opened_on":null,"expected_completion":null,"agency":"HMRL","source":"metro_hyd_hmrl_gtfs","confidence":0.9,"mode":"metro","tier":"official"},"geometry":{"type":"Point","coordinates":[78.5021,17.4255]}},{"type":"Feature","properties":{"id":"transit_stop:metro_hyd_hmrl_gtfs:GNH_ENT03","field":"public_transport","kind":"transit_stop","name":"GNH Arm A  Lift","ref":null,"status":"operational","opened_on":null,"expected_completion":null,"agency":"HMRL","source":"metro_hyd_hmrl_gtfs","confidence":0.9,"mode":"metro","tier":"official"},"geometry":{"type":"Point","coordinates":[78.5021,17.4255]}},{"type":"Feature","properties":{"id":"transit_stop:metro_hyd_hmrl_gtfs:GNH_ENT04","field":"public_transport","kind":"transit_stop","name":"GNH Arm A  Combined Staircase & Escalator","ref":null,"status":"operational","opened_on":null,"expected_completion":null,"agency":"HMRL","source":"metro_hyd_hmrl_gtfs","confidence":0.9,"mode":"metro","tier":"official"},"geometry":{"type":"Point","coordinates":[78.5021,17.4255]}},{"type":"Feature","properties":{"id":"transit_stop:metro_hyd_hmrl_gtfs:GNH_ENT05","field":"public_transport","kind":"transit_stop","name":"GNH Arm B Staircase","ref":null,"status":"operational","opened_on":null,"expected_completion":null,"agency":"HMRL","source":"metro_hyd_hmrl_gtfs","confidence":0.9,"mode":"metro","tier":"official"},"geometry":{"type":"Point","coordinates":[78.5021,17.4255]}},{"type":"Feature","properties":{"id":"transit_stop:metro_hyd_hmrl_gtfs:GNH_ENT06","field":"public_transport","kind":"transit_stop","name":"GNH Arm B Escalator","ref":null,"status":"operational","opened_on":null,"expected_completion":null,"agency":"HMRL","source":"metro_hyd_hmrl_gtfs","confidence":0.9,"mode":"metro","tier":"official"},"geometry":{"type":"Point","coordinates":[78.5021,17.4255]}},{"type":"Feature","properties":{"id":"transit_stop:metro_hyd_hmrl_gtfs:GNH_ENT07","field":"public_transport","kind":"transit_stop","name":"GNH Arm B Lift","ref":null,"status":"operational","opened_on":null,"expected_completion":null,"agency":"HMRL","source":"metro_hyd_hmrl_gtfs","confidence":0.9,"mode":"metro","tier":"official"},"geometry":{"type":"Point","coordinates":[78.5021,17.4252]}},{"type":"Feature","properties":{"id":"transit_stop:metro_hyd_hmrl_gtfs:GNH_ENT08","field":"public_transport","kind":"transit_stop","name":"GNH Arm B Combined Staircase & Escalator","ref":null,"status":"operational","opened_on":null,"expected_completion":null,"agency":"HMRL","source":"metro_hyd_hmrl_gtfs","confidence":0.9,"mode":"metro","tier":"official"},"geometry":{"type":"Point","coordinates":[78.5021,17.4247]}},{"type":"Feature","properties":{"id":"transit_stop:metro_hyd_hmrl_gtfs:GNH_ENT09","field":"public_transport","kind":"transit_stop","name":"GNH Arm C Staircase","ref":null,"status":"operational","opened_on":null,"expected_completion":null,"agency":"HMRL","source":"metro_hyd_hmrl_gtfs","confidence":0.9,"mode":"metro","tier":"official"},"geometry":{"type":"Point","coordinates":[78.5018,17.4252]}},{"type":"Feature","properties":{"id":"transit_stop:metro_hyd_hmrl_gtfs:GNH_ENT10","field":"public_transport","kind":"transit_stop","name":"GNH Arm C Escalator","ref":null,"status":"operational","opened_on":null,"expected_completion":null,"agency":"HMRL","source":"metro_hyd_hmrl_gtfs","confidence":0.9,"mode":"metro","tier":"official"},"geometry":{"type":"Point","coordinates":[78.5018,17.4252]}},{"type":"Feature","properties":{"id":"transit_stop:metro_hyd_hmrl_gtfs:GNH_ENT11","field":"public_transport","kind":"transit_stop","name":"GNH Arm C Lift","ref":null,"status":"operational","opened_on":null,"expected_completion":null,"agency":"HMRL","source":"metro_hyd_hmrl_gtfs","confidence":0.9,"mode":"metro","tier":"official"},"geometry":{"type":"Point","coordinates":[78.5018,17.4252]}},{"type":"Feature","properties":{"id":"transit_stop:metro_hyd_hmrl_gtfs:GNH_ENT12","field":"public_transport","kind":"transit_stop","name":"GNH Arm C Combined Staircase & Escalator","ref":null,"status":"operational","opened_on":null,"expected_completion":null,"agency":"HMRL","source":"metro_hyd_hmrl_gtfs","confidence":0.9,"mode":"metro","tier":"official"},"geometry":{"type":"Point","coordinates":[78.5018,17.4252]}},{"type":"Feature","properties":{"id":"transit_stop:metro_hyd_hmrl_gtfs:GNH_ENT13","field":"public_transport","kind":"transit_stop","name":"GNH Arm D Staircase","ref":null,"status":"operational","opened_on":null,"expected_completion":null,"agency":"HMRL","source":"metro_hyd_hmrl_gtfs","confidence":0.9,"mode":"metro","tier":"official"},"geometry":{"type":"Point","coordinates":[78.5018,17.4261]}},{"type":"Feature","properties":{"id":"transit_stop:metro_hyd_hmrl_gtfs:GNH_ENT14","field":"public_transport","kind":"transit_stop","name":"GNH Arm D Escalator","ref":null,"status":"operational","opened_on":null,"expected_completion":null,"agency":"HMRL","source":"metro_hyd_hmrl_gtfs","confidence":0.9,"mode":"metro","tier":"official"},"geometry":{"type":"Point","coordinates":[78.5018,17.4261]}},{"type":"Feature","properties":{"id":"transit_stop:metro_hyd_hmrl_gtfs:GNH_ENT15","field":"public_transport","kind":"transit_stop","name":"GNH Arm D Lift","ref":null,"status":"operational","opened_on":null,"expected_completion":null,"agency":"HMRL","source":"metro_hyd_hmrl_gtfs","confidence":0.9,"mode":"metro","tier":"official"},"geometry":{"type":"Point","coordinates":[78.5018,17.4257]}},{"type":"Feature","properties":{"id":"transit_stop:metro_hyd_hmrl_gtfs:GNH_ENT16","field":"public_transport","kind":"transit_stop","name":"GNH Arm D Combined Staircase & Escalator","ref":null,"status":"operational","opened_on":null,"expected_completion":null,"agency":"HMRL","source":"metro_hyd_hmrl_gtfs","confidence":0.9,"mode":"metro","tier":"official"},"geometry":{"type":"Point","coordinates":[78.5018,17.4257]}},{"type":"Feature","properties":{"id":"transit_stop:metro_hyd_hmrl_gtfs:SCR_ENT01","field":"public_transport","kind":"transit_stop","name":"SCR Arm A  Lift","ref":null,"status":"operational","opened_on":null,"expected_completion":null,"agency":"HMRL","source":"metro_hyd_hmrl_gtfs","confidence":0.9,"mode":"metro","tier":"official"},"geometry":{"type":"Point","coordinates":[78.5,17.434]}},{"type":"Feature","properties":{"id":"transit_stop:metro_hyd_hmrl_gtfs:SCR_ENT02","field":"public_transport","kind":"transit_stop","name":"SCR Arm A  Combined Staircase & Escalator","ref":null,"status":"operational","opened_on":null,"expected_completion":null,"agency":"HMRL","source":"metro_hyd_hmrl_gtfs","confidence":0.9,"mode":"metro","tier":"official"},"geometry":{"type":"Point","coordinates":[78.5001,17.4337]}},{"type":"Feature","properties":{"id":"transit_stop:metro_hyd_hmrl_gtfs:SCR_ENT03","field":"public_transport","kind":"transit_stop","name":"SCR Arm B Staircase","ref":null,"status":"operational","opened_on":null,"expected_completion":null,"agency":"HMRL","source":"metro_hyd_hmrl_gtfs","confidence":0.9,"mode":"metro","tier":"official"},"geometry":{"type":"Point","coordinates":[78.499,17.4334]}},{"type":"Feature","properties":{"id":"transit_stop:metro_hyd_hmrl_gtfs:SCR_ENT04","field":"public_transport","kind":"transit_stop","name":"SCR Arm B Escalator","ref":null,"status":"operational","opened_on":null,"expected_completion":null,"agency":"HMRL","source":"metro_hyd_hmrl_gtfs","confidence":0.9,"mode":"metro","tier":"official"},"geometry":{"type":"Point","coordinates":[78.499,17.4334]}},{"type":"Feature","properties":{"id":"transit_stop:metro_hyd_hmrl_gtfs:SCR_ENT05","field":"public_transport","kind":"transit_stop","name":"SCR Arm B Lift","ref":null,"status":"operational","opened_on":null,"expected_completion":null,"agency":"HMRL","source":"metro_hyd_hmrl_gtfs","confidence":0.9,"mode":"metro","tier":"official"},"geometry":{"type":"Point","coordinates":[78.499,17.4334]}},{"type":"Feature","properties":{"id":"transit_stop:metro_hyd_hmrl_gtfs:SCR_ENT06","field":"public_transport","kind":"transit_stop","name":"SCR Arm B Combined Staircase & Escalator","ref":null,"status":"operational","opened_on":null,"expected_completion":null,"agency":"HMRL","source":"metro_hyd_hmrl_gtfs","confidence":0.9,"mode":"metro","tier":"official"},"geometry":{"type":"Point","coordinates":[78.499,17.4334]}},{"type":"Feature","properties":{"id":"transit_stop:metro_hyd_hmrl_gtfs:SCR_ENT07","field":"public_transport","kind":"transit_stop","name":"SCR Arm C Staircase","ref":null,"status":"operational","opened_on":null,"expected_completion":null,"agency":"HMRL","source":"metro_hyd_hmrl_gtfs","confidence":0.9,"mode":"metro","tier":"official"},"geometry":{"type":"Point","coordinates":[78.499,17.4334]}},{"type":"Feature","properties":{"id":"transit_stop:metro_hyd_hmrl_gtfs:SCR_ENT08","field":"public_transport","kind":"transit_stop","name":"SCR Arm C Escalator","ref":null,"status":"operational","opened_on":null,"expected_completion":null,"agency":"HMRL","source":"metro_hyd_hmrl_gtfs","confidence":0.9,"mode":"metro","tier":"official"},"geometry":{"type":"Point","coordinates":[78.4986,17.4333]}},{"type":"Feature","properties":{"id":"transit_stop:metro_hyd_hmrl_gtfs:SCR_ENT09","field":"public_transport","kind":"transit_stop","name":"SCR Arm C Lift","ref":null,"status":"operational","opened_on":null,"expected_completion":null,"agency":"HMRL","source":"metro_hyd_hmrl_gtfs","confidence":0.9,"mode":"metro","tier":"official"},"geometry":{"type":"Point","coordinates":[78.4985,17.4332]}},{"type":"Feature","properties":{"id":"transit_stop:metro_hyd_hmrl_gtfs:SCR_ENT10","field":"public_transport","kind":"transit_stop","name":"SCR Arm C Combined Staircase & Escalator","ref":null,"status":"operational","opened_on":null,"expected_completion":null,"agency":"HMRL","source":"metro_hyd_hmrl_gtfs","confidence":0.9,"mode":"metro","tier":"official"},"geometry":{"type":"Point","coordinates":[78.4985,17.4332]}},{"type":"Feature","properties":{"id":"transit_stop:metro_hyd_hmrl_gtfs:SCR_ENT11","field":"public_transport","kind":"transit_stop","name":"SCR Arm D Staircase","ref":null,"status":"operational","opened_on":null,"expected_completion":null,"agency":"HMRL","source":"metro_hyd_hmrl_gtfs","confidence":0.9,"mode":"metro","tier":"official"},"geometry":{"type":"Point","coordinates":[78.5001,17.4343]}},{"type":"Feature","properties":{"id":"transit_stop:metro_hyd_hmrl_gtfs:SCR_ENT12","field":"public_transport","kind":"transit_stop","name":"SCR Arm D Escalator","ref":null,"status":"operational","opened_on":null,"expected_completion":null,"agency":"HMRL","source":"metro_hyd_hmrl_gtfs","confidence":0.9,"mode":"metro","tier":"official"},"geometry":{"type":"Point","coordinates":[78.5001,17.4343]}},{"type":"Feature","properties":{"id":"transit_stop:metro_hyd_hmrl_gtfs:SCR_ENT13","field":"public_transport","kind":"transit_stop","name":"SCR Arm D Lift","ref":null,"status":"operational","opened_on":null,"expected_completion":null,"agency":"HMRL","source":"metro_hyd_hmrl_gtfs","confidence":0.9,"mode":"metro","tier":"official"},"geometry":{"type":"Point","coordinates":[78.5001,17.4343]}},{"type":"Feature","properties":{"id":"transit_stop:metro_hyd_hmrl_gtfs:SCR_ENT14","field":"public_transport","kind":"transit_stop","name":"SCR Arm D Combined Staircase & Escalator","ref":null,"status":"operational","opened_on":null,"expected_completion":null,"agency":"HMRL","source":"metro_hyd_hmrl_gtfs","confidence":0.9,"mode":"metro","tier":"official"},"geometry":{"type":"Point","coordinates":[78.5001,17.4343]}},{"type":"Feature","properties":{"id":"transit_stop:metro_hyd_hmrl_gtfs:JBS_ENT01","field":"public_transport","kind":"transit_stop","name":"JBS Arm A  Staircase","ref":null,"status":"operational","opened_on":null,"expected_completion":null,"agency":"HMRL","source":"metro_hyd_hmrl_gtfs","confidence":0.9,"mode":"metro","tier":"official"},"geometry":{"type":"Point","coordinates":[78.497,17.4452]}},{"type":"Feature","properties":{"id":"transit_stop:metro_hyd_hmrl_gtfs:JBS_ENT02","field":"public_transport","kind":"transit_stop","name":"JBS Arm A  Escalator","ref":null,"status":"operational","opened_on":null,"expected_completion":null,"agency":"HMRL","source":"metro_hyd_hmrl_gtfs","confidence":0.9,"mode":"metro","tier":"official"},"geometry":{"type":"Point","coordinates":[78.497,17.4452]}},{"type":"Feature","properties":{"id":"transit_stop:metro_hyd_hmrl_gtfs:JBS_ENT03","field":"public_transport","kind":"transit_stop","name":"JBS Arm A  Lift","ref":null,"status":"operational","opened_on":null,"expected_completion":null,"agency":"HMRL","source":"metro_hyd_hmrl_gtfs","confidence":0.9,"mode":"metro","tier":"official"},"geometry":{"type":"Point","coordinates":[78.497,17.4452]}},{"type":"Feature","properties":{"id":"transit_stop:metro_hyd_hmrl_gtfs:JBS_ENT04","field":"public_transport","kind":"transit_stop","name":"JBS Arm A  Combined Staircase & Escalator","ref":null,"status":"operational","opened_on":null,"expected_completion":null,"agency":"HMRL","source":"metro_hyd_hmrl_gtfs","confidence":0.9,"mode":"metro","tier":"official"},"geometry":{"type":"Point","coordinates":[78.497,17.4452]}},{"type":"Feature","properties":{"id":"transit_stop:metro_hyd_hmrl_gtfs:JBS_ENT05","field":"public_transport","kind":"transit_stop","name":"JBS Arm B Staircase","ref":null,"status":"operational","opened_on":null,"expected_completion":null,"agency":"HMRL","source":"metro_hyd_hmrl_gtfs","confidence":0.9,"mode":"metro","tier":"official"},"geometry":{"type":"Point","coordinates":[78.4984,17.4442]}},{"type":"Feature","properties":{"id":"transit_stop:metro_hyd_hmrl_gtfs:JBS_ENT06","field":"public_transport","kind":"transit_stop","name":"JBS Arm B Escalator","ref":null,"status":"operational","opened_on":null,"expected_completion":null,"agency":"HMRL","source":"metro_hyd_hmrl_gtfs","confidence":0.9,"mode":"metro","tier":"official"},"geometry":{"type":"Point","coordinates":[78.4984,17.4442]}},{"type":"Feature","properties":{"id":"transit_stop:metro_hyd_hmrl_gtfs:JBS_ENT07","field":"public_transport","kind":"transit_stop","name":"JBS Arm B Lift","ref":null,"status":"operational","opened_on":null,"expected_completion":null,"agency":"HMRL","source":"metro_hyd_hmrl_gtfs","confidence":0.9,"mode":"metro","tier":"official"},"geometry":{"type":"Point","coordinates":[78.4984,17.4442]}},{"type":"Feature","properties":{"id":"transit_stop:metro_hyd_hmrl_gtfs:JBS_ENT08","field":"public_transport","kind":"transit_stop","name":"JBS Arm B Combined Staircase & Escalator","ref":null,"status":"operational","opened_on":null,"expected_completion":null,"agency":"HMRL","source":"metro_hyd_hmrl_gtfs","confidence":0.9,"mode":"metro","tier":"official"},"geometry":{"type":"Point","coordinates":[78.4984,17.4442]}},{"type":"Feature","properties":{"id":"transit_stop:metro_hyd_hmrl_gtfs:JBS_ENT09","field":"public_transport","kind":"transit_stop","name":"JBS Arm C Staircase","ref":null,"status":"operational","opened_on":null,"expected_completion":null,"agency":"HMRL","source":"metro_hyd_hmrl_gtfs","confidence":0.9,"mode":"metro","tier":"official"},"geometry":{"type":"Point","coordinates":[78.4984,17.4442]}},{"type":"Feature","properties":{"id":"transit_stop:metro_hyd_hmrl_gtfs:JBS_ENT10","field":"public_transport","kind":"transit_stop","name":"JBS Arm C Escalator","ref":null,"status":"operational","opened_on":null,"expected_completion":null,"agency":"HMRL","source":"metro_hyd_hmrl_gtfs","confidence":0.9,"mode":"metro","tier":"official"},"geometry":{"type":"Point","coordinates":[78.4984,17.4442]}},{"type":"Feature","properties":{"id":"transit_stop:metro_hyd_hmrl_gtfs:JBS_ENT11","field":"public_transport","kind":"transit_stop","name":"JBS Arm C Lift","ref":null,"status":"operational","opened_on":null,"expected_completion":null,"agency":"HMRL","source":"metro_hyd_hmrl_gtfs","confidence":0.9,"mode":"metro","tier":"official"},"geometry":{"type":"Point","coordinates":[78.4975,17.4444]}},{"type":"Feature","properties":{"id":"transit_stop:metro_hyd_hmrl_gtfs:JBS_ENT12","field":"public_transport","kind":"transit_stop","name":"JBS Arm C Combined Staircase & Escalator","ref":null,"status":"operational","opened_on":null,"expected_completion":null,"agency":"HMRL","source":"metro_hyd_hmrl_gtfs","confidence":0.9,"mode":"metro","tier":"official"},"geometry":{"type":"Point","coordinates":[78.4976,17.4443]}},{"type":"Feature","properties":{"id":"transit_stop:metro_hyd_hmrl_gtfs:JBS_ENT13","field":"public_transport","kind":"transit_stop","name":"JBS Arm D Staircase","ref":null,"status":"operational","opened_on":null,"expected_completion":null,"agency":"HMRL","source":"metro_hyd_hmrl_gtfs","confidence":0.9,"mode":"metro","tier":"official"},"geometry":{"type":"Point","coordinates":[78.497,17.445]}},{"type":"Feature","properties":{"id":"transit_stop:metro_hyd_hmrl_gtfs:JBS_ENT14","field":"public_transport","kind":"transit_stop","name":"JBS Arm D Escalator","ref":null,"status":"operational","opened_on":null,"expected_completion":null,"agency":"HMRL","source":"metro_hyd_hmrl_gtfs","confidence":0.9,"mode":"metro","tier":"official"},"geometry":{"type":"Point","coordinates":[78.497,17.445]}},{"type":"Feature","properties":{"id":"transit_stop:metro_hyd_hmrl_gtfs:JBS_ENT15","field":"public_transport","kind":"transit_stop","name":"JBS Arm D Lift","ref":null,"status":"operational","opened_on":null,"expected_completion":null,"agency":"HMRL","source":"metro_hyd_hmrl_gtfs","confidence":0.9,"mode":"metro","tier":"official"},"geometry":{"type":"Point","coordinates":[78.497,17.445]}},{"type":"Feature","properties":{"id":"transit_stop:metro_hyd_hmrl_gtfs:JBS_ENT16","field":"public_transport","kind":"transit_stop","name":"JBS Arm D Combined Staircase & Escalator","ref":null,"status":"operational","opened_on":null,"expected_completion":null,"agency":"HMRL","source":"metro_hyd_hmrl_gtfs","confidence":0.9,"mode":"metro","tier":"official"},"geometry":{"type":"Point","coordinates":[78.497,17.445]}},{"type":"Feature","properties":{"id":"transit_stop:metro_hyd_hmrl_gtfs:NAG_ENT01","field":"public_transport","kind":"transit_stop","name":"NAG Arm A  Staircase","ref":null,"status":"operational","opened_on":null,"expected_completion":null,"agency":"HMRL","source":"metro_hyd_hmrl_gtfs","confidence":0.9,"mode":"metro","tier":"official"},"geometry":{"type":"Point","coordinates":[78.559,17.3914]}},{"type":"Feature","properties":{"id":"transit_stop:metro_hyd_hmrl_gtfs:NAG_ENT02","field":"public_transport","kind":"transit_stop","name":"NAG Arm A  Escalator","ref":null,"status":"operational","opened_on":null,"expected_completion":null,"agency":"HMRL","source":"metro_hyd_hmrl_gtfs","confidence":0.9,"mode":"metro","tier":"official"},"geometry":{"type":"Point","coordinates":[78.559,17.3909]}},{"type":"Feature","properties":{"id":"transit_stop:metro_hyd_hmrl_gtfs:NAG_ENT03","field":"public_transport","kind":"transit_stop","name":"NAG Arm B Staircase","ref":null,"status":"operational","opened_on":null,"expected_completion":null,"agency":"HMRL","source":"metro_hyd_hmrl_gtfs","confidence":0.9,"mode":"metro","tier":"official"},"geometry":{"type":"Point","coordinates":[78.5589,17.3903]}},{"type":"Feature","properties":{"id":"transit_stop:metro_hyd_hmrl_gtfs:NAG_ENT04","field":"public_transport","kind":"transit_stop","name":"NAG Arm B Lift","ref":null,"status":"operational","opened_on":null,"expected_completion":null,"agency":"HMRL","source":"metro_hyd_hmrl_gtfs","confidence":0.9,"mode":"metro","tier":"official"},"geometry":{"type":"Point","coordinates":[78.559,17.3905]}},{"type":"Feature","properties":{"id":"transit_stop:metro_hyd_hmrl_gtfs:NAG_ENT05","field":"public_transport","kind":"transit_stop","name":"NAG Arm C Combined Staircase","ref":null,"status":"operational","opened_on":null,"expected_completion":null,"agency":"HMRL","source":"metro_hyd_hmrl_gtfs","confidence":0.9,"mode":"metro","tier":"official"},"geometry":{"type":"Point","coordinates":[78.5586,17.3902]}},{"type":"Feature","properties":{"id":"transit_stop:metro_hyd_hmrl_gtfs:NAG_ENT06","field":"public_transport","kind":"transit_stop","name":"NAG Arm C Lift","ref":null,"status":"operational","opened_on":null,"expected_completion":null,"agency":"HMRL","source":"metro_hyd_hmrl_gtfs","confidence":0.9,"mode":"metro","tier":"official"},"geometry":{"type":"Point","coordinates":[78.5586,17.3905]}},{"type":"Feature","properties":{"id":"transit_stop:metro_hyd_hmrl_gtfs:NAG_ENT07","field":"public_transport","kind":"transit_stop","name":"NAG Arm D Combined Staircase","ref":null,"status":"operational","opened_on":null,"expected_completion":null,"agency":"HMRL","source":"metro_hyd_hmrl_gtfs","confidence":0.9,"mode":"metro","tier":"official"},"geometry":{"type":"Point","coordinates":[78.5586,17.3909]}},{"type":"Feature","properties":{"id":"transit_stop:metro_hyd_hmrl_gtfs:UPL_ENT01","field":"public_transport","kind":"transit_stop","name":"UPL Arm A  Staircase","ref":null,"status":"operational","opened_on":null,"expected_completion":null,"agency":"HMRL","source":"metro_hyd_hmrl_gtfs","confidence":0.9,"mode":"metro","tier":"official"},"geometry":{"type":"Point","coordinates":[78.5605,17.4006]}},{"type":"Feature","properties":{"id":"transit_stop:metro_hyd_hmrl_gtfs:UPL_ENT02","field":"public_transport","kind":"transit_stop","name":"UPL Arm A  Escalator","ref":null,"status":"operational","opened_on":null,"expected_completion":null,"agency":"HMRL","source":"metro_hyd_hmrl_gtfs","confidence":0.9,"mode":"metro","tier":"official"},"geometry":{"type":"Point","coordinates":[78.5605,17.3999]}},{"type":"Feature","properties":{"id":"transit_stop:metro_hyd_hmrl_gtfs:UPL_ENT03","field":"public_transport","kind":"transit_stop","name":"UPL Arm B Staircase","ref":null,"status":"operational","opened_on":null,"expected_completion":null,"agency":"HMRL","source":"metro_hyd_hmrl_gtfs","confidence":0.9,"mode":"metro","tier":"official"},"geometry":{"type":"Point","coordinates":[78.5604,17.3994]}},{"type":"Feature","properties":{"id":"transit_stop:metro_hyd_hmrl_gtfs:UPL_ENT04","field":"public_transport","kind":"transit_stop","name":"UPL Arm B Lift","ref":null,"status":"operational","opened_on":null,"expected_completion":null,"agency":"HMRL","source":"metro_hyd_hmrl_gtfs","confidence":0.9,"mode":"metro","tier":"official"},"geometry":{"type":"Point","coordinates":[78.5604,17.3997]}},{"type":"Feature","properties":{"id":"transit_stop:metro_hyd_hmrl_gtfs:UPL_ENT05","field":"public_transport","kind":"transit_stop","name":"UPL Arm C Combined Staircase","ref":null,"status":"operational","opened_on":null,"expected_completion":null,"agency":"HMRL","source":"metro_hyd_hmrl_gtfs","confidence":0.9,"mode":"metro","tier":"official"},"geometry":{"type":"Point","coordinates":[78.56,17.4]}},{"type":"Feature","properties":{"id":"transit_stop:metro_hyd_hmrl_gtfs:UPL_ENT06","field":"public_transport","kind":"transit_stop","name":"UPL Arm D Lift","ref":null,"status":"operational","opened_on":null,"expected_completion":null,"agency":"HMRL","source":"metro_hyd_hmrl_gtfs","confidence":0.9,"mode":"metro","tier":"official"},"geometry":{"type":"Point","coordinates":[78.56,17.4003]}},{"type":"Feature","properties":{"id":"transit_stop:metro_hyd_hmrl_gtfs:UPL_ENT07","field":"public_transport","kind":"transit_stop","name":"UPL Arm D Combined Staircase","ref":null,"status":"operational","opened_on":null,"expected_completion":null,"agency":"HMRL","source":"metro_hyd_hmrl_gtfs","confidence":0.9,"mode":"metro","tier":"official"},"geometry":{"type":"Point","coordinates":[78.5601,17.4006]}},{"type":"Feature","properties":{"id":"transit_stop:metro_hyd_hmrl_gtfs:STD_ENT01","field":"public_transport","kind":"transit_stop","name":"STD Arm A  Staircase","ref":null,"status":"operational","opened_on":null,"expected_completion":null,"agency":"HMRL","source":"metro_hyd_hmrl_gtfs","confidence":0.9,"mode":"metro","tier":"official"},"geometry":{"type":"Point","coordinates":[78.5538,17.4083]}},{"type":"Feature","properties":{"id":"transit_stop:metro_hyd_hmrl_gtfs:STD_ENT02","field":"public_transport","kind":"transit_stop","name":"STD Arm A  Lift","ref":null,"status":"operational","opened_on":null,"expected_completion":null,"agency":"HMRL","source":"metro_hyd_hmrl_gtfs","confidence":0.9,"mode":"metro","tier":"official"},"geometry":{"type":"Point","coordinates":[78.5539,17.4081]}},{"type":"Feature","properties":{"id":"transit_stop:metro_hyd_hmrl_gtfs:STD_ENT03","field":"public_transport","kind":"transit_stop","name":"STD Arm B Staircase","ref":null,"status":"operational","opened_on":null,"expected_completion":null,"agency":"HMRL","source":"metro_hyd_hmrl_gtfs","confidence":0.9,"mode":"metro","tier":"official"},"geometry":{"type":"Point","coordinates":[78.554,17.408]}},{"type":"Feature","properties":{"id":"transit_stop:metro_hyd_hmrl_gtfs:STD_ENT04","field":"public_transport","kind":"transit_stop","name":"STD Arm B Escalator","ref":null,"status":"operational","opened_on":null,"expected_completion":null,"agency":"HMRL","source":"metro_hyd_hmrl_gtfs","confidence":0.9,"mode":"metro","tier":"official"},"geometry":{"type":"Point","coordinates":[78.5544,17.4075]}},{"type":"Feature","properties":{"id":"transit_stop:metro_hyd_hmrl_gtfs:STD_ENT05","field":"public_transport","kind":"transit_stop","name":"STD Arm C  Staircase","ref":null,"status":"operational","opened_on":null,"expected_completion":null,"agency":"HMRL","source":"metro_hyd_hmrl_gtfs","confidence":0.9,"mode":"metro","tier":"official"},"geometry":{"type":"Point","coordinates":[78.5546,17.4069]}},{"type":"Feature","properties":{"id":"transit_stop:metro_hyd_hmrl_gtfs:STD_ENT06","field":"public_transport","kind":"transit_stop","name":"STD Arm C Escalator","ref":null,"status":"operational","opened_on":null,"expected_completion":null,"agency":"HMRL","source":"metro_hyd_hmrl_gtfs","confidence":0.9,"mode":"metro","tier":"official"},"geometry":{"type":"Point","coordinates":[78.5542,17.4073]}},{"type":"Feature","properties":{"id":"transit_stop:metro_hyd_hmrl_gtfs:STD_ENT07","field":"public_transport","kind":"transit_stop","name":"STD Arm D Lift","ref":null,"status":"operational","opened_on":null,"expected_completion":null,"agency":"HMRL","source":"metro_hyd_hmrl_gtfs","confidence":0.9,"mode":"metro","tier":"official"},"geometry":{"type":"Point","coordinates":[78.5539,17.4076]}},{"type":"Feature","properties":{"id":"transit_stop:metro_hyd_hmrl_gtfs:STD_ENT08","field":"public_transport","kind":"transit_stop","name":"STD Arm D  Staircase","ref":null,"status":"operational","opened_on":null,"expected_completion":null,"agency":"HMRL","source":"metro_hyd_hmrl_gtfs","confidence":0.9,"mode":"metro","tier":"official"},"geometry":{"type":"Point","coordinates":[78.5537,17.4078]}},{"type":"Feature","properties":{"id":"transit_stop:metro_hyd_hmrl_gtfs:NGR_ENT01","field":"public_transport","kind":"transit_stop","name":"NGRI Arm A  Staircase","ref":null,"status":"operational","opened_on":null,"expected_completion":null,"agency":"HMRL","source":"metro_hyd_hmrl_gtfs","confidence":0.9,"mode":"metro","tier":"official"},"geometry":{"type":"Point","coordinates":[78.546,17.4154]}},{"type":"Feature","properties":{"id":"transit_stop:metro_hyd_hmrl_gtfs:NGR_ENT02","field":"public_transport","kind":"transit_stop","name":"NGRI Arm A  Escalator","ref":null,"status":"operational","opened_on":null,"expected_completion":null,"agency":"HMRL","source":"metro_hyd_hmrl_gtfs","confidence":0.9,"mode":"metro","tier":"official"},"geometry":{"type":"Point","coordinates":[78.5464,17.415]}},{"type":"Feature","properties":{"id":"transit_stop:metro_hyd_hmrl_gtfs:NGR_ENT03","field":"public_transport","kind":"transit_stop","name":"NGRI Arm B Staircase","ref":null,"status":"operational","opened_on":null,"expected_completion":null,"agency":"HMRL","source":"metro_hyd_hmrl_gtfs","confidence":0.9,"mode":"metro","tier":"official"},"geometry":{"type":"Point","coordinates":[78.5469,17.4145]}},{"type":"Feature","properties":{"id":"transit_stop:metro_hyd_hmrl_gtfs:NGR_ENT04","field":"public_transport","kind":"transit_stop","name":"NGRI Arm B Lift","ref":null,"status":"operational","opened_on":null,"expected_completion":null,"agency":"HMRL","source":"metro_hyd_hmrl_gtfs","confidence":0.9,"mode":"metro","tier":"official"},"geometry":{"type":"Point","coordinates":[78.5467,17.4147]}},{"type":"Feature","properties":{"id":"transit_stop:metro_hyd_hmrl_gtfs:NGR_ENT05","field":"public_transport","kind":"transit_stop","name":"NGRI Arm C  Staircase","ref":null,"status":"operational","opened_on":null,"expected_completion":null,"agency":"HMRL","source":"metro_hyd_hmrl_gtfs","confidence":0.9,"mode":"metro","tier":"official"},"geometry":{"type":"Point","coordinates":[78.5467,17.4143]}},{"type":"Feature","properties":{"id":"transit_stop:metro_hyd_hmrl_gtfs:NGR_ENT06","field":"public_transport","kind":"transit_stop","name":"NGRI Arm C Escalator","ref":null,"status":"operational","opened_on":null,"expected_completion":null,"agency":"HMRL","source":"metro_hyd_hmrl_gtfs","confidence":0.9,"mode":"metro","tier":"official"},"geometry":{"type":"Point","coordinates":[78.5463,17.4146]}},{"type":"Feature","properties":{"id":"transit_stop:metro_hyd_hmrl_gtfs:NGR_ENT07","field":"public_transport","kind":"transit_stop","name":"NGRI Arm D Lift","ref":null,"status":"operational","opened_on":null,"expected_completion":null,"agency":"HMRL","source":"metro_hyd_hmrl_gtfs","confidence":0.9,"mode":"metro","tier":"official"},"geometry":{"type":"Point","coordinates":[78.546,17.4149]}},{"type":"Feature","properties":{"id":"transit_stop:metro_hyd_hmrl_gtfs:NGR_ENT08","field":"public_transport","kind":"transit_stop","name":"NGRI Arm D  Staircase","ref":null,"status":"operational","opened_on":null,"expected_completion":null,"agency":"HMRL","source":"metro_hyd_hmrl_gtfs","confidence":0.9,"mode":"metro","tier":"official"},"geometry":{"type":"Point","coordinates":[78.5458,17.4151]}},{"type":"Feature","properties":{"id":"transit_stop:metro_hyd_hmrl_gtfs:HSG_ENT01","field":"public_transport","kind":"transit_stop","name":"HSG Arm A  Staircase","ref":null,"status":"operational","opened_on":null,"expected_completion":null,"agency":"HMRL","source":"metro_hyd_hmrl_gtfs","confidence":0.9,"mode":"metro","tier":"official"},"geometry":{"type":"Point","coordinates":[78.5403,17.4207]}},{"type":"Feature","properties":{"id":"transit_stop:metro_hyd_hmrl_gtfs:HSG_ENT02","field":"public_transport","kind":"transit_stop","name":"HSG Arm A  Lift","ref":null,"status":"operational","opened_on":null,"expected_completion":null,"agency":"HMRL","source":"metro_hyd_hmrl_gtfs","confidence":0.9,"mode":"metro","tier":"official"},"geometry":{"type":"Point","coordinates":[78.5405,17.4205]}},{"type":"Feature","properties":{"id":"transit_stop:metro_hyd_hmrl_gtfs:HSG_ENT03","field":"public_transport","kind":"transit_stop","name":"HSG Arm B Staircase","ref":null,"status":"operational","opened_on":null,"expected_completion":null,"agency":"HMRL","source":"metro_hyd_hmrl_gtfs","confidence":0.9,"mode":"metro","tier":"official"},"geometry":{"type":"Point","coordinates":[78.5411,17.4197]}},{"type":"Feature","properties":{"id":"transit_stop:metro_hyd_hmrl_gtfs:HSG_ENT04","field":"public_transport","kind":"transit_stop","name":"HSG Arm B Escalator","ref":null,"status":"operational","opened_on":null,"expected_completion":null,"agency":"HMRL","source":"metro_hyd_hmrl_gtfs","confidence":0.9,"mode":"metro","tier":"official"},"geometry":{"type":"Point","coordinates":[78.5407,17.4202]}},{"type":"Feature","properties":{"id":"transit_stop:metro_hyd_hmrl_gtfs:HSG_ENT05","field":"public_transport","kind":"transit_stop","name":"HSG Arm C Staircase","ref":null,"status":"operational","opened_on":null,"expected_completion":null,"agency":"HMRL","source":"metro_hyd_hmrl_gtfs","confidence":0.9,"mode":"metro","tier":"official"},"geometry":{"type":"Point","coordinates":[78.5408,17.4196]}},{"type":"Feature","properties":{"id":"transit_stop:metro_hyd_hmrl_gtfs:HSG_ENT06","field":"public_transport","kind":"transit_stop","name":"HSG Arm C Escalator","ref":null,"status":"operational","opened_on":null,"expected_completion":null,"agency":"HMRL","source":"metro_hyd_hmrl_gtfs","confidence":0.9,"mode":"metro","tier":"official"},"geometry":{"type":"Point","coordinates":[78.5404,17.42]}},{"type":"Feature","properties":{"id":"transit_stop:metro_hyd_hmrl_gtfs:HSG_ENT07","field":"public_transport","kind":"transit_stop","name":"HSG Arm D Staircase","ref":null,"status":"operational","opened_on":null,"expected_completion":null,"agency":"HMRL","source":"metro_hyd_hmrl_gtfs","confidence":0.9,"mode":"metro","tier":"official"},"geometry":{"type":"Point","coordinates":[78.5399,17.4209]}},{"type":"Feature","properties":{"id":"transit_stop:metro_hyd_hmrl_gtfs:HSG_ENT08","field":"public_transport","kind":"transit_stop","name":"HSG Arm D Lift","ref":null,"status":"operational","opened_on":null,"expected_completion":null,"agency":"HMRL","source":"metro_hyd_hmrl_gtfs","confidence":0.9,"mode":"metro","tier":"official"},"geometry":{"type":"Point","coordinates":[78.54,17.4207]}},{"type":"Feature","properties":{"id":"transit_stop:metro_hyd_hmrl_gtfs:TAR_ENT01","field":"public_transport","kind":"transit_stop","name":"TAR Arm A  Staircase","ref":null,"status":"operational","opened_on":null,"expected_completion":null,"agency":"HMRL","source":"metro_hyd_hmrl_gtfs","confidence":0.9,"mode":"metro","tier":"official"},"geometry":{"type":"Point","coordinates":[78.5284,17.4287]}},{"type":"Feature","properties":{"id":"transit_stop:metro_hyd_hmrl_gtfs:TAR_ENT02","field":"public_transport","kind":"transit_stop","name":"TAR Arm A  Escalator","ref":null,"status":"operational","opened_on":null,"expected_completion":null,"agency":"HMRL","source":"metro_hyd_hmrl_gtfs","confidence":0.9,"mode":"metro","tier":"official"},"geometry":{"type":"Point","coordinates":[78.5286,17.4285]}},{"type":"Feature","properties":{"id":"transit_stop:metro_hyd_hmrl_gtfs:TAR_ENT03","field":"public_transport","kind":"transit_stop","name":"TAR Arm B Staircase","ref":null,"status":"operational","opened_on":null,"expected_completion":null,"agency":"HMRL","source":"metro_hyd_hmrl_gtfs","confidence":0.9,"mode":"metro","tier":"official"},"geometry":{"type":"Point","coordinates":[78.5287,17.4284]}},{"type":"Feature","properties":{"id":"transit_stop:metro_hyd_hmrl_gtfs:TAR_ENT04","field":"public_transport","kind":"transit_stop","name":"TAR Arm B Lift","ref":null,"status":"operational","opened_on":null,"expected_completion":null,"agency":"HMRL","source":"metro_hyd_hmrl_gtfs","confidence":0.9,"mode":"metro","tier":"official"},"geometry":{"type":"Point","coordinates":[78.5289,17.4283]}},{"type":"Feature","properties":{"id":"transit_stop:metro_hyd_hmrl_gtfs:TAR_ENT05","field":"public_transport","kind":"transit_stop","name":"TAR Arm C Staircase","ref":null,"status":"operational","opened_on":null,"expected_completion":null,"agency":"HMRL","source":"metro_hyd_hmrl_gtfs","confidence":0.9,"mode":"metro","tier":"official"},"geometry":{"type":"Point","coordinates":[78.5291,17.4279]}},{"type":"Feature","properties":{"id":"transit_stop:metro_hyd_hmrl_gtfs:TAR_ENT06","field":"public_transport","kind":"transit_stop","name":"TAR Arm C Escalator","ref":null,"status":"operational","opened_on":null,"expected_completion":null,"agency":"HMRL","source":"metro_hyd_hmrl_gtfs","confidence":0.9,"mode":"metro","tier":"official"},"geometry":{"type":"Point","coordinates":[78.5286,17.4281]}},{"type":"Feature","properties":{"id":"transit_stop:metro_hyd_hmrl_gtfs:TAR_ENT07","field":"public_transport","kind":"transit_stop","name":"TAR Arm D Staircase","ref":null,"status":"operational","opened_on":null,"expected_completion":null,"agency":"HMRL","source":"metro_hyd_hmrl_gtfs","confidence":0.9,"mode":"metro","tier":"official"},"geometry":{"type":"Point","coordinates":[78.5279,17.4284]}},{"type":"Feature","properties":{"id":"transit_stop:metro_hyd_hmrl_gtfs:TAR_ENT08","field":"public_transport","kind":"transit_stop","name":"TAR Arm D Lift","ref":null,"status":"operational","opened_on":null,"expected_completion":null,"agency":"HMRL","source":"metro_hyd_hmrl_gtfs","confidence":0.9,"mode":"metro","tier":"official"},"geometry":{"type":"Point","coordinates":[78.5281,17.4283]}},{"type":"Feature","properties":{"id":"transit_stop:metro_hyd_hmrl_gtfs:MET_ENT01","field":"public_transport","kind":"transit_stop","name":"MET Arm A  Staircase","ref":null,"status":"operational","opened_on":null,"expected_completion":null,"agency":"HMRL","source":"metro_hyd_hmrl_gtfs","confidence":0.9,"mode":"metro","tier":"official"},"geometry":{"type":"Point","coordinates":[78.5197,17.4357]}},{"type":"Feature","properties":{"id":"transit_stop:metro_hyd_hmrl_gtfs:MET_ENT02","field":"public_transport","kind":"transit_stop","name":"MET Arm A  Lift","ref":null,"status":"operational","opened_on":null,"expected_completion":null,"agency":"HMRL","source":"metro_hyd_hmrl_gtfs","confidence":0.9,"mode":"metro","tier":"official"},"geometry":{"type":"Point","coordinates":[78.5194,17.4358]}},{"type":"Feature","properties":{"id":"transit_stop:metro_hyd_hmrl_gtfs:MET_ENT03","field":"public_transport","kind":"transit_stop","name":"MET Arm B Staircase","ref":null,"status":"operational","opened_on":null,"expected_completion":null,"agency":"HMRL","source":"metro_hyd_hmrl_gtfs","confidence":0.9,"mode":"metro","tier":"official"},"geometry":{"type":"Point","coordinates":[78.5198,17.4356]}},{"type":"Feature","properties":{"id":"transit_stop:metro_hyd_hmrl_gtfs:MET_ENT04","field":"public_transport","kind":"transit_stop","name":"MET Arm B Escalator","ref":null,"status":"operational","opened_on":null,"expected_completion":null,"agency":"HMRL","source":"metro_hyd_hmrl_gtfs","confidence":0.9,"mode":"metro","tier":"official"},"geometry":{"type":"Point","coordinates":[78.5202,17.4352]}},{"type":"Feature","properties":{"id":"transit_stop:metro_hyd_hmrl_gtfs:MET_ENT05","field":"public_transport","kind":"transit_stop","name":"MET Arm C Staircase","ref":null,"status":"operational","opened_on":null,"expected_completion":null,"agency":"HMRL","source":"metro_hyd_hmrl_gtfs","confidence":0.9,"mode":"metro","tier":"official"},"geometry":{"type":"Point","coordinates":[78.52,17.435]}},{"type":"Feature","properties":{"id":"transit_stop:metro_hyd_hmrl_gtfs:MET_ENT06","field":"public_transport","kind":"transit_stop","name":"MET Arm C Lift","ref":null,"status":"operational","opened_on":null,"expected_completion":null,"agency":"HMRL","source":"metro_hyd_hmrl_gtfs","confidence":0.9,"mode":"metro","tier":"official"},"geometry":{"type":"Point","coordinates":[78.5198,17.4352]}},{"type":"Feature","properties":{"id":"transit_stop:metro_hyd_hmrl_gtfs:MET_ENT07","field":"public_transport","kind":"transit_stop","name":"MET Arm D Staircase","ref":null,"status":"operational","opened_on":null,"expected_completion":null,"agency":"HMRL","source":"metro_hyd_hmrl_gtfs","confidence":0.9,"mode":"metro","tier":"official"},"geometry":{"type":"Point","coordinates":[78.519,17.4359]}},{"type":"Feature","properties":{"id":"transit_stop:metro_hyd_hmrl_gtfs:MET_ENT08","field":"public_transport","kind":"transit_stop","name":"MET Arm D Escalator","ref":null,"status":"operational","opened_on":null,"expected_completion":null,"agency":"HMRL","source":"metro_hyd_hmrl_gtfs","confidence":0.9,"mode":"metro","tier":"official"},"geometry":{"type":"Point","coordinates":[78.5195,17.4355]}},{"type":"Feature","properties":{"id":"transit_stop:metro_hyd_hmrl_gtfs:AME_ENT01","field":"public_transport","kind":"transit_stop","name":"AME Arm A  Lift","ref":null,"status":"operational","opened_on":null,"expected_completion":null,"agency":"HMRL","source":"metro_hyd_hmrl_gtfs","confidence":0.9,"mode":"metro","tier":"official"},"geometry":{"type":"Point","coordinates":[78.4447,17.4352]}},{"type":"Feature","properties":{"id":"transit_stop:metro_hyd_hmrl_gtfs:AME_ENT02","field":"public_transport","kind":"transit_stop","name":"AME Arm A  Combined Staircase & Escalator","ref":null,"status":"operational","opened_on":null,"expected_completion":null,"agency":"HMRL","source":"metro_hyd_hmrl_gtfs","confidence":0.9,"mode":"metro","tier":"official"},"geometry":{"type":"Point","coordinates":[78.4448,17.4349]}},{"type":"Feature","properties":{"id":"transit_stop:metro_hyd_hmrl_gtfs:AME_ENT03","field":"public_transport","kind":"transit_stop","name":"AME Arm B Staircase","ref":null,"status":"operational","opened_on":null,"expected_completion":null,"agency":"HMRL","source":"metro_hyd_hmrl_gtfs","confidence":0.9,"mode":"metro","tier":"official"},"geometry":{"type":"Point","coordinates":[78.4448,17.4349]}},{"type":"Feature","properties":{"id":"transit_stop:metro_hyd_hmrl_gtfs:AME_ENT04","field":"public_transport","kind":"transit_stop","name":"AME Arm B Escalator","ref":null,"status":"operational","opened_on":null,"expected_completion":null,"agency":"HMRL","source":"metro_hyd_hmrl_gtfs","confidence":0.9,"mode":"metro","tier":"official"},"geometry":{"type":"Point","coordinates":[78.4448,17.4349]}},{"type":"Feature","properties":{"id":"transit_stop:metro_hyd_hmrl_gtfs:AME_ENT05","field":"public_transport","kind":"transit_stop","name":"AME Arm B Lift","ref":null,"status":"operational","opened_on":null,"expected_completion":null,"agency":"HMRL","source":"metro_hyd_hmrl_gtfs","confidence":0.9,"mode":"metro","tier":"official"},"geometry":{"type":"Point","coordinates":[78.4443,17.4358]}},{"type":"Feature","properties":{"id":"transit_stop:metro_hyd_hmrl_gtfs:AME_ENT06","field":"public_transport","kind":"transit_stop","name":"AME Arm B Combined Staircase & Escalator","ref":null,"status":"operational","opened_on":null,"expected_completion":null,"agency":"HMRL","source":"metro_hyd_hmrl_gtfs","confidence":0.9,"mode":"metro","tier":"official"},"geometry":{"type":"Point","coordinates":[78.4442,17.4361]}},{"type":"Feature","properties":{"id":"transit_stop:metro_hyd_hmrl_gtfs:AME_ENT07","field":"public_transport","kind":"transit_stop","name":"AME Arm C Staircase","ref":null,"status":"operational","opened_on":null,"expected_completion":null,"agency":"HMRL","source":"metro_hyd_hmrl_gtfs","confidence":0.9,"mode":"metro","tier":"official"},"geometry":{"type":"Point","coordinates":[78.4442,17.4361]}},{"type":"Feature","properties":{"id":"transit_stop:metro_hyd_hmrl_gtfs:AME_ENT08","field":"public_transport","kind":"transit_stop","name":"AME Arm C Escalator","ref":null,"status":"operational","opened_on":null,"expected_completion":null,"agency":"HMRL","source":"metro_hyd_hmrl_gtfs","confidence":0.9,"mode":"metro","tier":"official"},"geometry":{"type":"Point","coordinates":[78.4442,17.4361]}},{"type":"Feature","properties":{"id":"transit_stop:metro_hyd_hmrl_gtfs:AME_ENT09","field":"public_transport","kind":"transit_stop","name":"AME Arm C Lift","ref":null,"status":"operational","opened_on":null,"expected_completion":null,"agency":"HMRL","source":"metro_hyd_hmrl_gtfs","confidence":0.9,"mode":"metro","tier":"official"},"geometry":{"type":"Point","coordinates":[78.4446,17.436]}},{"type":"Feature","properties":{"id":"transit_stop:metro_hyd_hmrl_gtfs:AME_ENT10","field":"public_transport","kind":"transit_stop","name":"AME Arm C Combined Staircase & Escalator","ref":null,"status":"operational","opened_on":null,"expected_completion":null,"agency":"HMRL","source":"metro_hyd_hmrl_gtfs","confidence":0.9,"mode":"metro","tier":"official"},"geometry":{"type":"Point","coordinates":[78.4445,17.4363]}},{"type":"Feature","properties":{"id":"transit_stop:metro_hyd_hmrl_gtfs:AME_ENT11","field":"public_transport","kind":"transit_stop","name":"AME Arm D Staircase","ref":null,"status":"operational","opened_on":null,"expected_completion":null,"agency":"HMRL","source":"metro_hyd_hmrl_gtfs","confidence":0.9,"mode":"metro","tier":"official"},"geometry":{"type":"Point","coordinates":[78.4445,17.4363]}},{"type":"Feature","properties":{"id":"transit_stop:metro_hyd_hmrl_gtfs:AME_ENT12","field":"public_transport","kind":"transit_stop","name":"AME Arm D Escalator","ref":null,"status":"operational","opened_on":null,"expected_completion":null,"agency":"HMRL","source":"metro_hyd_hmrl_gtfs","confidence":0.9,"mode":"metro","tier":"official"},"geometry":{"type":"Point","coordinates":[78.4445,17.4363]}},{"type":"Feature","properties":{"id":"transit_stop:metro_hyd_hmrl_gtfs:AME_ENT13","field":"public_transport","kind":"transit_stop","name":"AME Arm D Lift","ref":null,"status":"operational","opened_on":null,"expected_completion":null,"agency":"HMRL","source":"metro_hyd_hmrl_gtfs","confidence":0.9,"mode":"metro","tier":"official"},"geometry":{"type":"Point","coordinates":[78.445,17.4354]}},{"type":"Feature","properties":{"id":"transit_stop:metro_hyd_hmrl_gtfs:AME_ENT14","field":"public_transport","kind":"transit_stop","name":"AME Arm D Combined Staircase & Escalator","ref":null,"status":"operational","opened_on":null,"expected_completion":null,"agency":"HMRL","source":"metro_hyd_hmrl_gtfs","confidence":0.9,"mode":"metro","tier":"official"},"geometry":{"type":"Point","coordinates":[78.4449,17.4357]}},{"type":"Feature","properties":{"id":"transit_stop:metro_hyd_hmrl_gtfs:BEG_ENT01","field":"public_transport","kind":"transit_stop","name":"BEG Arm A  Lift","ref":null,"status":"operational","opened_on":null,"expected_completion":null,"agency":"HMRL","source":"metro_hyd_hmrl_gtfs","confidence":0.9,"mode":"metro","tier":"official"},"geometry":{"type":"Point","coordinates":[78.4567,17.4368]}},{"type":"Feature","properties":{"id":"transit_stop:metro_hyd_hmrl_gtfs:BEG_ENT02","field":"public_transport","kind":"transit_stop","name":"BEG Arm A  Combined Staircase & Escalator","ref":null,"status":"operational","opened_on":null,"expected_completion":null,"agency":"HMRL","source":"metro_hyd_hmrl_gtfs","confidence":0.9,"mode":"metro","tier":"official"},"geometry":{"type":"Point","coordinates":[78.4569,17.4373]}},{"type":"Feature","properties":{"id":"transit_stop:metro_hyd_hmrl_gtfs:BEG_ENT03","field":"public_transport","kind":"transit_stop","name":"BEG Arm B Staircase","ref":null,"status":"operational","opened_on":null,"expected_completion":null,"agency":"HMRL","source":"metro_hyd_hmrl_gtfs","confidence":0.9,"mode":"metro","tier":"official"},"geometry":{"type":"Point","coordinates":[78.4569,17.4373]}},{"type":"Feature","properties":{"id":"transit_stop:metro_hyd_hmrl_gtfs:BEG_ENT04","field":"public_transport","kind":"transit_stop","name":"BEG Arm B Escalator","ref":null,"status":"operational","opened_on":null,"expected_completion":null,"agency":"HMRL","source":"metro_hyd_hmrl_gtfs","confidence":0.9,"mode":"metro","tier":"official"},"geometry":{"type":"Point","coordinates":[78.4569,17.4373]}},{"type":"Feature","properties":{"id":"transit_stop:metro_hyd_hmrl_gtfs:BEG_ENT05","field":"public_transport","kind":"transit_stop","name":"BEG Arm B Lift","ref":null,"status":"operational","opened_on":null,"expected_completion":null,"agency":"HMRL","source":"metro_hyd_hmrl_gtfs","confidence":0.9,"mode":"metro","tier":"official"},"geometry":{"type":"Point","coordinates":[78.4572,17.4382]}},{"type":"Feature","properties":{"id":"transit_stop:metro_hyd_hmrl_gtfs:BEG_ENT06","field":"public_transport","kind":"transit_stop","name":"BEG Arm B Combined Staircase & Escalator","ref":null,"status":"operational","opened_on":null,"expected_completion":null,"agency":"HMRL","source":"metro_hyd_hmrl_gtfs","confidence":0.9,"mode":"metro","tier":"official"},"geometry":{"type":"Point","coordinates":[78.4571,17.4377]}},{"type":"Feature","properties":{"id":"transit_stop:metro_hyd_hmrl_gtfs:BEG_ENT07","field":"public_transport","kind":"transit_stop","name":"BEG Arm C Staircase","ref":null,"status":"operational","opened_on":null,"expected_completion":null,"agency":"HMRL","source":"metro_hyd_hmrl_gtfs","confidence":0.9,"mode":"metro","tier":"official"},"geometry":{"type":"Point","coordinates":[78.4571,17.4377]}},{"type":"Feature","properties":{"id":"transit_stop:metro_hyd_hmrl_gtfs:BEG_ENT08","field":"public_transport","kind":"transit_stop","name":"BEG Arm C Escalator","ref":null,"status":"operational","opened_on":null,"expected_completion":null,"agency":"HMRL","source":"metro_hyd_hmrl_gtfs","confidence":0.9,"mode":"metro","tier":"official"},"geometry":{"type":"Point","coordinates":[78.4571,17.4377]}},{"type":"Feature","properties":{"id":"transit_stop:metro_hyd_hmrl_gtfs:BEG_ENT09","field":"public_transport","kind":"transit_stop","name":"BEG Arm C Lift","ref":null,"status":"operational","opened_on":null,"expected_completion":null,"agency":"HMRL","source":"metro_hyd_hmrl_gtfs","confidence":0.9,"mode":"metro","tier":"official"},"geometry":{"type":"Point","coordinates":[78.4571,17.4377]}},{"type":"Feature","properties":{"id":"transit_stop:metro_hyd_hmrl_gtfs:BEG_ENT10","field":"public_transport","kind":"transit_stop","name":"BEG Arm C Combined Staircase & Escalator","ref":null,"status":"operational","opened_on":null,"expected_completion":null,"agency":"HMRL","source":"metro_hyd_hmrl_gtfs","confidence":0.9,"mode":"metro","tier":"official"},"geometry":{"type":"Point","coordinates":[78.4571,17.4377]}},{"type":"Feature","properties":{"id":"transit_stop:metro_hyd_hmrl_gtfs:BEG_ENT11","field":"public_transport","kind":"transit_stop","name":"BEG Arm D Staircase","ref":null,"status":"operational","opened_on":null,"expected_completion":null,"agency":"HMRL","source":"metro_hyd_hmrl_gtfs","confidence":0.9,"mode":"metro","tier":"official"},"geometry":{"type":"Point","coordinates":[78.4571,17.4377]}},{"type":"Feature","properties":{"id":"transit_stop:metro_hyd_hmrl_gtfs:BEG_ENT12","field":"public_transport","kind":"transit_stop","name":"BEG Arm D Escalator","ref":null,"status":"operational","opened_on":null,"expected_completion":null,"agency":"HMRL","source":"metro_hyd_hmrl_gtfs","confidence":0.9,"mode":"metro","tier":"official"},"geometry":{"type":"Point","coordinates":[78.4571,17.4377]}},{"type":"Feature","properties":{"id":"transit_stop:metro_hyd_hmrl_gtfs:BEG_ENT13","field":"public_transport","kind":"transit_stop","name":"BEG Arm D Lift","ref":null,"status":"operational","opened_on":null,"expected_completion":null,"agency":"HMRL","source":"metro_hyd_hmrl_gtfs","confidence":0.9,"mode":"metro","tier":"official"},"geometry":{"type":"Point","coordinates":[78.4571,17.4377]}},{"type":"Feature","properties":{"id":"transit_stop:metro_hyd_hmrl_gtfs:BEG_ENT14","field":"public_transport","kind":"transit_stop","name":"BEG Arm D Combined Staircase & Escalator","ref":null,"status":"operational","opened_on":null,"expected_completion":null,"agency":"HMRL","source":"metro_hyd_hmrl_gtfs","confidence":0.9,"mode":"metro","tier":"official"},"geometry":{"type":"Point","coordinates":[78.4571,17.4377]}},{"type":"Feature","properties":{"id":"transit_stop:metro_hyd_hmrl_gtfs:PRN_ENT01","field":"public_transport","kind":"transit_stop","name":"PRN Arm A  Staircase","ref":null,"status":"operational","opened_on":null,"expected_completion":null,"agency":"HMRL","source":"metro_hyd_hmrl_gtfs","confidence":0.9,"mode":"metro","tier":"official"},"geometry":{"type":"Point","coordinates":[78.4651,17.4452]}},{"type":"Feature","properties":{"id":"transit_stop:metro_hyd_hmrl_gtfs:PRN_ENT02","field":"public_transport","kind":"transit_stop","name":"PRN Arm A  Escalator","ref":null,"status":"operational","opened_on":null,"expected_completion":null,"agency":"HMRL","source":"metro_hyd_hmrl_gtfs","confidence":0.9,"mode":"metro","tier":"official"},"geometry":{"type":"Point","coordinates":[78.4658,17.4451]}},{"type":"Feature","properties":{"id":"transit_stop:metro_hyd_hmrl_gtfs:PRN_ENT03","field":"public_transport","kind":"transit_stop","name":"PRN Arm A  Lift","ref":null,"status":"operational","opened_on":null,"expected_completion":null,"agency":"HMRL","source":"metro_hyd_hmrl_gtfs","confidence":0.9,"mode":"metro","tier":"official"},"geometry":{"type":"Point","coordinates":[78.4658,17.4451]}},{"type":"Feature","properties":{"id":"transit_stop:metro_hyd_hmrl_gtfs:PRN_ENT04","field":"public_transport","kind":"transit_stop","name":"PRN Arm A  Combined Staircase & Escalator","ref":null,"status":"operational","opened_on":null,"expected_completion":null,"agency":"HMRL","source":"metro_hyd_hmrl_gtfs","confidence":0.9,"mode":"metro","tier":"official"},"geometry":{"type":"Point","coordinates":[78.4658,17.4451]}},{"type":"Feature","properties":{"id":"transit_stop:metro_hyd_hmrl_gtfs:PRN_ENT05","field":"public_transport","kind":"transit_stop","name":"PRN Arm B Staircase","ref":null,"status":"operational","opened_on":null,"expected_completion":null,"agency":"HMRL","source":"metro_hyd_hmrl_gtfs","confidence":0.9,"mode":"metro","tier":"official"},"geometry":{"type":"Point","coordinates":[78.4669,17.4449]}},{"type":"Feature","properties":{"id":"transit_stop:metro_hyd_hmrl_gtfs:PRN_ENT06","field":"public_transport","kind":"transit_stop","name":"PRN Arm B Escalator","ref":null,"status":"operational","opened_on":null,"expected_completion":null,"agency":"HMRL","source":"metro_hyd_hmrl_gtfs","confidence":0.9,"mode":"metro","tier":"official"},"geometry":{"type":"Point","coordinates":[78.4669,17.4449]}},{"type":"Feature","properties":{"id":"transit_stop:metro_hyd_hmrl_gtfs:PRN_ENT07","field":"public_transport","kind":"transit_stop","name":"PRN Arm B Lift","ref":null,"status":"operational","opened_on":null,"expected_completion":null,"agency":"HMRL","source":"metro_hyd_hmrl_gtfs","confidence":0.9,"mode":"metro","tier":"official"},"geometry":{"type":"Point","coordinates":[78.4666,17.4449]}},{"type":"Feature","properties":{"id":"transit_stop:metro_hyd_hmrl_gtfs:PRN_ENT08","field":"public_transport","kind":"transit_stop","name":"PRN Arm B Combined Staircase & Escalator","ref":null,"status":"operational","opened_on":null,"expected_completion":null,"agency":"HMRL","source":"metro_hyd_hmrl_gtfs","confidence":0.9,"mode":"metro","tier":"official"},"geometry":{"type":"Point","coordinates":[78.4666,17.4449]}},{"type":"Feature","properties":{"id":"transit_stop:metro_hyd_hmrl_gtfs:PRN_ENT09","field":"public_transport","kind":"transit_stop","name":"PRN Arm C Staircase","ref":null,"status":"operational","opened_on":null,"expected_completion":null,"agency":"HMRL","source":"metro_hyd_hmrl_gtfs","confidence":0.9,"mode":"metro","tier":"official"},"geometry":{"type":"Point","coordinates":[78.4661,17.4447]}},{"type":"Feature","properties":{"id":"transit_stop:metro_hyd_hmrl_gtfs:PRN_ENT10","field":"public_transport","kind":"transit_stop","name":"PRN Arm C Escalator","ref":null,"status":"operational","opened_on":null,"expected_completion":null,"agency":"HMRL","source":"metro_hyd_hmrl_gtfs","confidence":0.9,"mode":"metro","tier":"official"},"geometry":{"type":"Point","coordinates":[78.4661,17.4447]}},{"type":"Feature","properties":{"id":"transit_stop:metro_hyd_hmrl_gtfs:PRN_ENT11","field":"public_transport","kind":"transit_stop","name":"PRN Arm C Lift","ref":null,"status":"operational","opened_on":null,"expected_completion":null,"agency":"HMRL","source":"metro_hyd_hmrl_gtfs","confidence":0.9,"mode":"metro","tier":"official"},"geometry":{"type":"Point","coordinates":[78.4666,17.4447]}},{"type":"Feature","properties":{"id":"transit_stop:metro_hyd_hmrl_gtfs:PRN_ENT12","field":"public_transport","kind":"transit_stop","name":"PRN Arm C Combined Staircase & Escalator","ref":null,"status":"operational","opened_on":null,"expected_completion":null,"agency":"HMRL","source":"metro_hyd_hmrl_gtfs","confidence":0.9,"mode":"metro","tier":"official"},"geometry":{"type":"Point","coordinates":[78.4666,17.4447]}},{"type":"Feature","properties":{"id":"transit_stop:metro_hyd_hmrl_gtfs:PRN_ENT13","field":"public_transport","kind":"transit_stop","name":"PRN Arm D Staircase","ref":null,"status":"operational","opened_on":null,"expected_completion":null,"agency":"HMRL","source":"metro_hyd_hmrl_gtfs","confidence":0.9,"mode":"metro","tier":"official"},"geometry":{"type":"Point","coordinates":[78.4658,17.4448]}},{"type":"Feature","properties":{"id":"transit_stop:metro_hyd_hmrl_gtfs:PRN_ENT14","field":"public_transport","kind":"transit_stop","name":"PRN Arm D Escalator","ref":null,"status":"operational","opened_on":null,"expected_completion":null,"agency":"HMRL","source":"metro_hyd_hmrl_gtfs","confidence":0.9,"mode":"metro","tier":"official"},"geometry":{"type":"Point","coordinates":[78.4651,17.4449]}},{"type":"Feature","properties":{"id":"transit_stop:metro_hyd_hmrl_gtfs:PRN_ENT15","field":"public_transport","kind":"transit_stop","name":"PRN Arm D Lift","ref":null,"status":"operational","opened_on":null,"expected_completion":null,"agency":"HMRL","source":"metro_hyd_hmrl_gtfs","confidence":0.9,"mode":"metro","tier":"official"},"geometry":{"type":"Point","coordinates":[78.4651,17.4449]}},{"type":"Feature","properties":{"id":"transit_stop:metro_hyd_hmrl_gtfs:PRN_ENT16","field":"public_transport","kind":"transit_stop","name":"PRN Arm D Combined Staircase & Escalator","ref":null,"status":"operational","opened_on":null,"expected_completion":null,"agency":"HMRL","source":"metro_hyd_hmrl_gtfs","confidence":0.9,"mode":"metro","tier":"official"},"geometry":{"type":"Point","coordinates":[78.4651,17.4449]}},{"type":"Feature","properties":{"id":"transit_stop:metro_hyd_hmrl_gtfs:ROP_ENT01","field":"public_transport","kind":"transit_stop","name":"ROP Arm A  Staircase","ref":null,"status":"operational","opened_on":null,"expected_completion":null,"agency":"HMRL","source":"metro_hyd_hmrl_gtfs","confidence":0.9,"mode":"metro","tier":"official"},"geometry":{"type":"Point","coordinates":[78.4758,17.4438]}},{"type":"Feature","properties":{"id":"transit_stop:metro_hyd_hmrl_gtfs:ROP_ENT02","field":"public_transport","kind":"transit_stop","name":"ROP Arm A  Escalator","ref":null,"status":"operational","opened_on":null,"expected_completion":null,"agency":"HMRL","source":"metro_hyd_hmrl_gtfs","confidence":0.9,"mode":"metro","tier":"official"},"geometry":{"type":"Point","coordinates":[78.4764,17.4438]}},{"type":"Feature","properties":{"id":"transit_stop:metro_hyd_hmrl_gtfs:ROP_ENT03","field":"public_transport","kind":"transit_stop","name":"ROP Arm A  Lift","ref":null,"status":"operational","opened_on":null,"expected_completion":null,"agency":"HMRL","source":"metro_hyd_hmrl_gtfs","confidence":0.9,"mode":"metro","tier":"official"},"geometry":{"type":"Point","coordinates":[78.4764,17.4438]}},{"type":"Feature","properties":{"id":"transit_stop:metro_hyd_hmrl_gtfs:ROP_ENT04","field":"public_transport","kind":"transit_stop","name":"ROP Arm A  Combined Staircase & Escalator","ref":null,"status":"operational","opened_on":null,"expected_completion":null,"agency":"HMRL","source":"metro_hyd_hmrl_gtfs","confidence":0.9,"mode":"metro","tier":"official"},"geometry":{"type":"Point","coordinates":[78.4764,17.4438]}},{"type":"Feature","properties":{"id":"transit_stop:metro_hyd_hmrl_gtfs:ROP_ENT05","field":"public_transport","kind":"transit_stop","name":"ROP Arm B Staircase","ref":null,"status":"operational","opened_on":null,"expected_completion":null,"agency":"HMRL","source":"metro_hyd_hmrl_gtfs","confidence":0.9,"mode":"metro","tier":"official"},"geometry":{"type":"Point","coordinates":[78.4771,17.4437]}},{"type":"Feature","properties":{"id":"transit_stop:metro_hyd_hmrl_gtfs:ROP_ENT06","field":"public_transport","kind":"transit_stop","name":"ROP Arm B Escalator","ref":null,"status":"operational","opened_on":null,"expected_completion":null,"agency":"HMRL","source":"metro_hyd_hmrl_gtfs","confidence":0.9,"mode":"metro","tier":"official"},"geometry":{"type":"Point","coordinates":[78.4771,17.4437]}},{"type":"Feature","properties":{"id":"transit_stop:metro_hyd_hmrl_gtfs:ROP_ENT07","field":"public_transport","kind":"transit_stop","name":"ROP Arm B Lift","ref":null,"status":"operational","opened_on":null,"expected_completion":null,"agency":"HMRL","source":"metro_hyd_hmrl_gtfs","confidence":0.9,"mode":"metro","tier":"official"},"geometry":{"type":"Point","coordinates":[78.4768,17.4438]}},{"type":"Feature","properties":{"id":"transit_stop:metro_hyd_hmrl_gtfs:ROP_ENT08","field":"public_transport","kind":"transit_stop","name":"ROP Arm B Combined Staircase & Escalator","ref":null,"status":"operational","opened_on":null,"expected_completion":null,"agency":"HMRL","source":"metro_hyd_hmrl_gtfs","confidence":0.9,"mode":"metro","tier":"official"},"geometry":{"type":"Point","coordinates":[78.4768,17.4438]}},{"type":"Feature","properties":{"id":"transit_stop:metro_hyd_hmrl_gtfs:ROP_ENT09","field":"public_transport","kind":"transit_stop","name":"ROP Arm C Staircase","ref":null,"status":"operational","opened_on":null,"expected_completion":null,"agency":"HMRL","source":"metro_hyd_hmrl_gtfs","confidence":0.9,"mode":"metro","tier":"official"},"geometry":{"type":"Point","coordinates":[78.4771,17.4435]}},{"type":"Feature","properties":{"id":"transit_stop:metro_hyd_hmrl_gtfs:ROP_ENT10","field":"public_transport","kind":"transit_stop","name":"ROP Arm C Escalator","ref":null,"status":"operational","opened_on":null,"expected_completion":null,"agency":"HMRL","source":"metro_hyd_hmrl_gtfs","confidence":0.9,"mode":"metro","tier":"official"},"geometry":{"type":"Point","coordinates":[78.4771,17.4435]}},{"type":"Feature","properties":{"id":"transit_stop:metro_hyd_hmrl_gtfs:ROP_ENT11","field":"public_transport","kind":"transit_stop","name":"ROP Arm C Lift","ref":null,"status":"operational","opened_on":null,"expected_completion":null,"agency":"HMRL","source":"metro_hyd_hmrl_gtfs","confidence":0.9,"mode":"metro","tier":"official"},"geometry":{"type":"Point","coordinates":[78.4768,17.4435]}},{"type":"Feature","properties":{"id":"transit_stop:metro_hyd_hmrl_gtfs:ROP_ENT12","field":"public_transport","kind":"transit_stop","name":"ROP Arm C Combined Staircase & Escalator","ref":null,"status":"operational","opened_on":null,"expected_completion":null,"agency":"HMRL","source":"metro_hyd_hmrl_gtfs","confidence":0.9,"mode":"metro","tier":"official"},"geometry":{"type":"Point","coordinates":[78.4768,17.4435]}},{"type":"Feature","properties":{"id":"transit_stop:metro_hyd_hmrl_gtfs:ROP_ENT13","field":"public_transport","kind":"transit_stop","name":"ROP Arm D Staircase","ref":null,"status":"operational","opened_on":null,"expected_completion":null,"agency":"HMRL","source":"metro_hyd_hmrl_gtfs","confidence":0.9,"mode":"metro","tier":"official"},"geometry":{"type":"Point","coordinates":[78.4758,17.4435]}},{"type":"Feature","properties":{"id":"transit_stop:metro_hyd_hmrl_gtfs:ROP_ENT14","field":"public_transport","kind":"transit_stop","name":"ROP Arm D Escalator","ref":null,"status":"operational","opened_on":null,"expected_completion":null,"agency":"HMRL","source":"metro_hyd_hmrl_gtfs","confidence":0.9,"mode":"metro","tier":"official"},"geometry":{"type":"Point","coordinates":[78.4764,17.4435]}},{"type":"Feature","properties":{"id":"transit_stop:metro_hyd_hmrl_gtfs:ROP_ENT15","field":"public_transport","kind":"transit_stop","name":"ROP Arm D Lift","ref":null,"status":"operational","opened_on":null,"expected_completion":null,"agency":"HMRL","source":"metro_hyd_hmrl_gtfs","confidence":0.9,"mode":"metro","tier":"official"},"geometry":{"type":"Point","coordinates":[78.4764,17.4435]}},{"type":"Feature","properties":{"id":"transit_stop:metro_hyd_hmrl_gtfs:ROP_ENT16","field":"public_transport","kind":"transit_stop","name":"ROP Arm D Combined Staircase & Escalator","ref":null,"status":"operational","opened_on":null,"expected_completion":null,"agency":"HMRL","source":"metro_hyd_hmrl_gtfs","confidence":0.9,"mode":"metro","tier":"official"},"geometry":{"type":"Point","coordinates":[78.4764,17.4435]}},{"type":"Feature","properties":{"id":"transit_stop:metro_hyd_hmrl_gtfs:PAR_ENT01","field":"public_transport","kind":"transit_stop","name":"PAR Arm A  Staircase","ref":null,"status":"operational","opened_on":null,"expected_completion":null,"agency":"HMRL","source":"metro_hyd_hmrl_gtfs","confidence":0.9,"mode":"metro","tier":"official"},"geometry":{"type":"Point","coordinates":[78.4855,17.4436]}},{"type":"Feature","properties":{"id":"transit_stop:metro_hyd_hmrl_gtfs:PAR_ENT02","field":"public_transport","kind":"transit_stop","name":"PAR Arm A  Escalator","ref":null,"status":"operational","opened_on":null,"expected_completion":null,"agency":"HMRL","source":"metro_hyd_hmrl_gtfs","confidence":0.9,"mode":"metro","tier":"official"},"geometry":{"type":"Point","coordinates":[78.4849,17.4436]}},{"type":"Feature","properties":{"id":"transit_stop:metro_hyd_hmrl_gtfs:PAR_ENT03","field":"public_transport","kind":"transit_stop","name":"PAR Arm A  Lift","ref":null,"status":"operational","opened_on":null,"expected_completion":null,"agency":"HMRL","source":"metro_hyd_hmrl_gtfs","confidence":0.9,"mode":"metro","tier":"official"},"geometry":{"type":"Point","coordinates":[78.4849,17.4436]}},{"type":"Feature","properties":{"id":"transit_stop:metro_hyd_hmrl_gtfs:PAR_ENT04","field":"public_transport","kind":"transit_stop","name":"PAR Arm A  Combined Staircase & Escalator","ref":null,"status":"operational","opened_on":null,"expected_completion":null,"agency":"HMRL","source":"metro_hyd_hmrl_gtfs","confidence":0.9,"mode":"metro","tier":"official"},"geometry":{"type":"Point","coordinates":[78.4849,17.4436]}},{"type":"Feature","properties":{"id":"transit_stop:metro_hyd_hmrl_gtfs:PAR_ENT05","field":"public_transport","kind":"transit_stop","name":"PAR Arm B Staircase","ref":null,"status":"operational","opened_on":null,"expected_completion":null,"agency":"HMRL","source":"metro_hyd_hmrl_gtfs","confidence":0.9,"mode":"metro","tier":"official"},"geometry":{"type":"Point","coordinates":[78.4869,17.4436]}},{"type":"Feature","properties":{"id":"transit_stop:metro_hyd_hmrl_gtfs:PAR_ENT06","field":"public_transport","kind":"transit_stop","name":"PAR Arm B Escalator","ref":null,"status":"operational","opened_on":null,"expected_completion":null,"agency":"HMRL","source":"metro_hyd_hmrl_gtfs","confidence":0.9,"mode":"metro","tier":"official"},"geometry":{"type":"Point","coordinates":[78.4869,17.4436]}},{"type":"Feature","properties":{"id":"transit_stop:metro_hyd_hmrl_gtfs:PAR_ENT07","field":"public_transport","kind":"transit_stop","name":"PAR Arm B Lift","ref":null,"status":"operational","opened_on":null,"expected_completion":null,"agency":"HMRL","source":"metro_hyd_hmrl_gtfs","confidence":0.9,"mode":"metro","tier":"official"},"geometry":{"type":"Point","coordinates":[78.487,17.4435]}},{"type":"Feature","properties":{"id":"transit_stop:metro_hyd_hmrl_gtfs:PAR_ENT08","field":"public_transport","kind":"transit_stop","name":"PAR Arm B Combined Staircase & Escalator","ref":null,"status":"operational","opened_on":null,"expected_completion":null,"agency":"HMRL","source":"metro_hyd_hmrl_gtfs","confidence":0.9,"mode":"metro","tier":"official"},"geometry":{"type":"Point","coordinates":[78.487,17.4435]}},{"type":"Feature","properties":{"id":"transit_stop:metro_hyd_hmrl_gtfs:PAR_ENT09","field":"public_transport","kind":"transit_stop","name":"PAR Arm C Staircase","ref":null,"status":"operational","opened_on":null,"expected_completion":null,"agency":"HMRL","source":"metro_hyd_hmrl_gtfs","confidence":0.9,"mode":"metro","tier":"official"},"geometry":{"type":"Point","coordinates":[78.487,17.4435]}},{"type":"Feature","properties":{"id":"transit_stop:metro_hyd_hmrl_gtfs:PAR_ENT10","field":"public_transport","kind":"transit_stop","name":"PAR Arm C Escalator","ref":null,"status":"operational","opened_on":null,"expected_completion":null,"agency":"HMRL","source":"metro_hyd_hmrl_gtfs","confidence":0.9,"mode":"metro","tier":"official"},"geometry":{"type":"Point","coordinates":[78.487,17.4435]}},{"type":"Feature","properties":{"id":"transit_stop:metro_hyd_hmrl_gtfs:PAR_ENT11","field":"public_transport","kind":"transit_stop","name":"PAR Arm C Lift","ref":null,"status":"operational","opened_on":null,"expected_completion":null,"agency":"HMRL","source":"metro_hyd_hmrl_gtfs","confidence":0.9,"mode":"metro","tier":"official"},"geometry":{"type":"Point","coordinates":[78.4853,17.4431]}},{"type":"Feature","properties":{"id":"transit_stop:metro_hyd_hmrl_gtfs:PAR_ENT12","field":"public_transport","kind":"transit_stop","name":"PAR Arm C Combined Staircase & Escalator","ref":null,"status":"operational","opened_on":null,"expected_completion":null,"agency":"HMRL","source":"metro_hyd_hmrl_gtfs","confidence":0.9,"mode":"metro","tier":"official"},"geometry":{"type":"Point","coordinates":[78.4854,17.4428]}},{"type":"Feature","properties":{"id":"transit_stop:metro_hyd_hmrl_gtfs:PAR_ENT13","field":"public_transport","kind":"transit_stop","name":"PAR Arm D Staircase","ref":null,"status":"operational","opened_on":null,"expected_completion":null,"agency":"HMRL","source":"metro_hyd_hmrl_gtfs","confidence":0.9,"mode":"metro","tier":"official"},"geometry":{"type":"Point","coordinates":[78.4854,17.4428]}},{"type":"Feature","properties":{"id":"transit_stop:metro_hyd_hmrl_gtfs:PAR_ENT14","field":"public_transport","kind":"transit_stop","name":"PAR Arm D Escalator","ref":null,"status":"operational","opened_on":null,"expected_completion":null,"agency":"HMRL","source":"metro_hyd_hmrl_gtfs","confidence":0.9,"mode":"metro","tier":"official"},"geometry":{"type":"Point","coordinates":[78.4854,17.4428]}},{"type":"Feature","properties":{"id":"transit_stop:metro_hyd_hmrl_gtfs:PAR_ENT15","field":"public_transport","kind":"transit_stop","name":"PAR Arm D Lift","ref":null,"status":"operational","opened_on":null,"expected_completion":null,"agency":"HMRL","source":"metro_hyd_hmrl_gtfs","confidence":0.9,"mode":"metro","tier":"official"},"geometry":{"type":"Point","coordinates":[78.4854,17.4428]}},{"type":"Feature","properties":{"id":"transit_stop:metro_hyd_hmrl_gtfs:PAR_ENT16","field":"public_transport","kind":"transit_stop","name":"PAR Arm D Combined Staircase & Escalator","ref":null,"status":"operational","opened_on":null,"expected_completion":null,"agency":"HMRL","source":"metro_hyd_hmrl_gtfs","confidence":0.9,"mode":"metro","tier":"official"},"geometry":{"type":"Point","coordinates":[78.4854,17.4428]}},{"type":"Feature","properties":{"id":"transit_stop:metro_hyd_hmrl_gtfs:PRG_ENT01","field":"public_transport","kind":"transit_stop","name":"PRG Arm A  Staircase","ref":null,"status":"operational","opened_on":null,"expected_completion":null,"agency":"HMRL","source":"metro_hyd_hmrl_gtfs","confidence":0.9,"mode":"metro","tier":"official"},"geometry":{"type":"Point","coordinates":[78.4968,17.4432]}},{"type":"Feature","properties":{"id":"transit_stop:metro_hyd_hmrl_gtfs:PRG_ENT02","field":"public_transport","kind":"transit_stop","name":"PRG Arm A  Escalator Down & Stiarcase","ref":null,"status":"operational","opened_on":null,"expected_completion":null,"agency":"HMRL","source":"metro_hyd_hmrl_gtfs","confidence":0.9,"mode":"metro","tier":"official"},"geometry":{"type":"Point","coordinates":[78.4968,17.4432]}},{"type":"Feature","properties":{"id":"transit_stop:metro_hyd_hmrl_gtfs:PRG_ENT03","field":"public_transport","kind":"transit_stop","name":"PRG Arm A  Lift","ref":null,"status":"operational","opened_on":null,"expected_completion":null,"agency":"HMRL","source":"metro_hyd_hmrl_gtfs","confidence":0.9,"mode":"metro","tier":"official"},"geometry":{"type":"Point","coordinates":[78.4968,17.4432]}},{"type":"Feature","properties":{"id":"transit_stop:metro_hyd_hmrl_gtfs:PRG_ENT04","field":"public_transport","kind":"transit_stop","name":"PRG Arm A  Combined Staircase & Escalator","ref":null,"status":"operational","opened_on":null,"expected_completion":null,"agency":"HMRL","source":"metro_hyd_hmrl_gtfs","confidence":0.9,"mode":"metro","tier":"official"},"geometry":{"type":"Point","coordinates":[78.4968,17.4432]}},{"type":"Feature","properties":{"id":"transit_stop:metro_hyd_hmrl_gtfs:PRG_ENT05","field":"public_transport","kind":"transit_stop","name":"PRG Arm B Staircase","ref":null,"status":"operational","opened_on":null,"expected_completion":null,"agency":"HMRL","source":"metro_hyd_hmrl_gtfs","confidence":0.9,"mode":"metro","tier":"official"},"geometry":{"type":"Point","coordinates":[78.4968,17.4432]}},{"type":"Feature","properties":{"id":"transit_stop:metro_hyd_hmrl_gtfs:PRG_ENT06","field":"public_transport","kind":"transit_stop","name":"PRG Arm B Escalator","ref":null,"status":"operational","opened_on":null,"expected_completion":null,"agency":"HMRL","source":"metro_hyd_hmrl_gtfs","confidence":0.9,"mode":"metro","tier":"official"},"geometry":{"type":"Point","coordinates":[78.4968,17.4432]}},{"type":"Feature","properties":{"id":"transit_stop:metro_hyd_hmrl_gtfs:PRG_ENT07","field":"public_transport","kind":"transit_stop","name":"PRG Arm B Lift","ref":null,"status":"operational","opened_on":null,"expected_completion":null,"agency":"HMRL","source":"metro_hyd_hmrl_gtfs","confidence":0.9,"mode":"metro","tier":"official"},"geometry":{"type":"Point","coordinates":[78.4968,17.4432]}},{"type":"Feature","properties":{"id":"transit_stop:metro_hyd_hmrl_gtfs:PRG_ENT08","field":"public_transport","kind":"transit_stop","name":"PRG Arm B Combined Staircase & Escalator Up","ref":null,"status":"operational","opened_on":null,"expected_completion":null,"agency":"HMRL","source":"metro_hyd_hmrl_gtfs","confidence":0.9,"mode":"metro","tier":"official"},"geometry":{"type":"Point","coordinates":[78.4989,17.4434]}},{"type":"Feature","properties":{"id":"transit_stop:metro_hyd_hmrl_gtfs:PRG_ENT09","field":"public_transport","kind":"transit_stop","name":"PRG Arm B Lift","ref":null,"status":"operational","opened_on":null,"expected_completion":null,"agency":"HMRL","source":"metro_hyd_hmrl_gtfs","confidence":0.9,"mode":"metro","tier":"official"},"geometry":{"type":"Point","coordinates":[78.4988,17.4432]}},{"type":"Feature","properties":{"id":"transit_stop:metro_hyd_hmrl_gtfs:PRG_ENT10","field":"public_transport","kind":"transit_stop","name":"PRG Arm B Combined Staircase & Escalator Down","ref":null,"status":"operational","opened_on":null,"expected_completion":null,"agency":"HMRL","source":"metro_hyd_hmrl_gtfs","confidence":0.9,"mode":"metro","tier":"official"},"geometry":{"type":"Point","coordinates":[78.4988,17.4433]}},{"type":"Feature","properties":{"id":"transit_stop:metro_hyd_hmrl_gtfs:PRG_ENT11","field":"public_transport","kind":"transit_stop","name":"PRG Arm C Staircase","ref":null,"status":"operational","opened_on":null,"expected_completion":null,"agency":"HMRL","source":"metro_hyd_hmrl_gtfs","confidence":0.9,"mode":"metro","tier":"official"},"geometry":{"type":"Point","coordinates":[78.4973,17.4433]}},{"type":"Feature","properties":{"id":"transit_stop:metro_hyd_hmrl_gtfs:PRG_ENT12","field":"public_transport","kind":"transit_stop","name":"PRG Arm C Escalator","ref":null,"status":"operational","opened_on":null,"expected_completion":null,"agency":"HMRL","source":"metro_hyd_hmrl_gtfs","confidence":0.9,"mode":"metro","tier":"official"},"geometry":{"type":"Point","coordinates":[78.4973,17.4433]}},{"type":"Feature","properties":{"id":"transit_stop:metro_hyd_hmrl_gtfs:PRG_ENT13","field":"public_transport","kind":"transit_stop","name":"PRG Arm C Lift","ref":null,"status":"operational","opened_on":null,"expected_completion":null,"agency":"HMRL","source":"metro_hyd_hmrl_gtfs","confidence":0.9,"mode":"metro","tier":"official"},"geometry":{"type":"Point","coordinates":[78.4973,17.4433]}},{"type":"Feature","properties":{"id":"transit_stop:metro_hyd_hmrl_gtfs:PRG_ENT14","field":"public_transport","kind":"transit_stop","name":"PRG Arm C Combined Staircase & Escalator","ref":null,"status":"operational","opened_on":null,"expected_completion":null,"agency":"HMRL","source":"metro_hyd_hmrl_gtfs","confidence":0.9,"mode":"metro","tier":"official"},"geometry":{"type":"Point","coordinates":[78.4973,17.4433]}},{"type":"Feature","properties":{"id":"transit_stop:metro_hyd_hmrl_gtfs:PRG_ENT15","field":"public_transport","kind":"transit_stop","name":"PRG Arm D Staircase","ref":null,"status":"operational","opened_on":null,"expected_completion":null,"agency":"HMRL","source":"metro_hyd_hmrl_gtfs","confidence":0.9,"mode":"metro","tier":"official"},"geometry":{"type":"Point","coordinates":[78.4973,17.4433]}},{"type":"Feature","properties":{"id":"transit_stop:metro_hyd_hmrl_gtfs:PRG_ENT16","field":"public_transport","kind":"transit_stop","name":"PRG Arm D Escalator","ref":null,"status":"operational","opened_on":null,"expected_completion":null,"agency":"HMRL","source":"metro_hyd_hmrl_gtfs","confidence":0.9,"mode":"metro","tier":"official"},"geometry":{"type":"Point","coordinates":[78.4973,17.4433]}},{"type":"Feature","properties":{"id":"transit_stop:metro_hyd_hmrl_gtfs:PRG_ENT17","field":"public_transport","kind":"transit_stop","name":"PRG Arm D Lift","ref":null,"status":"operational","opened_on":null,"expected_completion":null,"agency":"HMRL","source":"metro_hyd_hmrl_gtfs","confidence":0.9,"mode":"metro","tier":"official"},"geometry":{"type":"Point","coordinates":[78.4973,17.4433]}},{"type":"Feature","properties":{"id":"transit_stop:metro_hyd_hmrl_gtfs:PRG_ENT18","field":"public_transport","kind":"transit_stop","name":"PRG Arm D Combined Staircase & Escalator","ref":null,"status":"operational","opened_on":null,"expected_completion":null,"agency":"HMRL","source":"metro_hyd_hmrl_gtfs","confidence":0.9,"mode":"metro","tier":"official"},"geometry":{"type":"Point","coordinates":[78.4973,17.4433]}},{"type":"Feature","properties":{"id":"transit_stop:metro_hyd_hmrl_gtfs:SEC_E_ENT01","field":"public_transport","kind":"transit_stop","name":"SEC East Arm A  Staircase","ref":null,"status":"operational","opened_on":null,"expected_completion":null,"agency":"HMRL","source":"metro_hyd_hmrl_gtfs","confidence":0.9,"mode":"metro","tier":"official"},"geometry":{"type":"Point","coordinates":[78.5053,17.4367]}},{"type":"Feature","properties":{"id":"transit_stop:metro_hyd_hmrl_gtfs:SEC_E_ENT02","field":"public_transport","kind":"transit_stop","name":"SEC East Arm A  Escalator","ref":null,"status":"operational","opened_on":null,"expected_completion":null,"agency":"HMRL","source":"metro_hyd_hmrl_gtfs","confidence":0.9,"mode":"metro","tier":"official"},"geometry":{"type":"Point","coordinates":[78.5053,17.4367]}},{"type":"Feature","properties":{"id":"transit_stop:metro_hyd_hmrl_gtfs:SEC_E_ENT03","field":"public_transport","kind":"transit_stop","name":"SEC East Arm A  Lift","ref":null,"status":"operational","opened_on":null,"expected_completion":null,"agency":"HMRL","source":"metro_hyd_hmrl_gtfs","confidence":0.9,"mode":"metro","tier":"official"},"geometry":{"type":"Point","coordinates":[78.5054,17.4364]}},{"type":"Feature","properties":{"id":"transit_stop:metro_hyd_hmrl_gtfs:SEC_E_ENT04","field":"public_transport","kind":"transit_stop","name":"SEC East Arm A  Combined Staircase & Escalator","ref":null,"status":"operational","opened_on":null,"expected_completion":null,"agency":"HMRL","source":"metro_hyd_hmrl_gtfs","confidence":0.9,"mode":"metro","tier":"official"},"geometry":{"type":"Point","coordinates":[78.5054,17.4364]}},{"type":"Feature","properties":{"id":"transit_stop:metro_hyd_hmrl_gtfs:SEC_E_ENT05","field":"public_transport","kind":"transit_stop","name":"SEC East Arm B Staircase","ref":null,"status":"operational","opened_on":null,"expected_completion":null,"agency":"HMRL","source":"metro_hyd_hmrl_gtfs","confidence":0.9,"mode":"metro","tier":"official"},"geometry":{"type":"Point","coordinates":[78.5057,17.4353]}},{"type":"Feature","properties":{"id":"transit_stop:metro_hyd_hmrl_gtfs:SEC_E_ENT06","field":"public_transport","kind":"transit_stop","name":"SEC East Arm B Escalator","ref":null,"status":"operational","opened_on":null,"expected_completion":null,"agency":"HMRL","source":"metro_hyd_hmrl_gtfs","confidence":0.9,"mode":"metro","tier":"official"},"geometry":{"type":"Point","coordinates":[78.5056,17.4358]}},{"type":"Feature","properties":{"id":"transit_stop:metro_hyd_hmrl_gtfs:SEC_E_ENT07","field":"public_transport","kind":"transit_stop","name":"SEC East Arm B Lift","ref":null,"status":"operational","opened_on":null,"expected_completion":null,"agency":"HMRL","source":"metro_hyd_hmrl_gtfs","confidence":0.9,"mode":"metro","tier":"official"},"geometry":{"type":"Point","coordinates":[78.5056,17.4358]}},{"type":"Feature","properties":{"id":"transit_stop:metro_hyd_hmrl_gtfs:SEC_E_ENT08","field":"public_transport","kind":"transit_stop","name":"SEC East Arm B Combined Staircase & Escalator","ref":null,"status":"operational","opened_on":null,"expected_completion":null,"agency":"HMRL","source":"metro_hyd_hmrl_gtfs","confidence":0.9,"mode":"metro","tier":"official"},"geometry":{"type":"Point","coordinates":[78.5056,17.4358]}},{"type":"Feature","properties":{"id":"transit_stop:metro_hyd_hmrl_gtfs:SEC_E_ENT09","field":"public_transport","kind":"transit_stop","name":"SEC East Arm C Staircase","ref":null,"status":"operational","opened_on":null,"expected_completion":null,"agency":"HMRL","source":"metro_hyd_hmrl_gtfs","confidence":0.9,"mode":"metro","tier":"official"},"geometry":{"type":"Point","coordinates":[78.5053,17.4347]}},{"type":"Feature","properties":{"id":"transit_stop:metro_hyd_hmrl_gtfs:SEC_E_ENT10","field":"public_transport","kind":"transit_stop","name":"SEC East Arm C Escalator","ref":null,"status":"operational","opened_on":null,"expected_completion":null,"agency":"HMRL","source":"metro_hyd_hmrl_gtfs","confidence":0.9,"mode":"metro","tier":"official"},"geometry":{"type":"Point","coordinates":[78.5053,17.4347]}},{"type":"Feature","properties":{"id":"transit_stop:metro_hyd_hmrl_gtfs:SEC_E_ENT11","field":"public_transport","kind":"transit_stop","name":"SEC East Arm C Lift","ref":null,"status":"operational","opened_on":null,"expected_completion":null,"agency":"HMRL","source":"metro_hyd_hmrl_gtfs","confidence":0.9,"mode":"metro","tier":"official"},"geometry":{"type":"Point","coordinates":[78.5053,17.4347]}},{"type":"Feature","properties":{"id":"transit_stop:metro_hyd_hmrl_gtfs:SEC_E_ENT12","field":"public_transport","kind":"transit_stop","name":"SEC East Arm C Combined Staircase & Escalator","ref":null,"status":"operational","opened_on":null,"expected_completion":null,"agency":"HMRL","source":"metro_hyd_hmrl_gtfs","confidence":0.9,"mode":"metro","tier":"official"},"geometry":{"type":"Point","coordinates":[78.5053,17.4347]}},{"type":"Feature","properties":{"id":"transit_stop:metro_hyd_hmrl_gtfs:SEC_E_ENT13","field":"public_transport","kind":"transit_stop","name":"SEC East Arm D Staircase","ref":null,"status":"operational","opened_on":null,"expected_completion":null,"agency":"HMRL","source":"metro_hyd_hmrl_gtfs","confidence":0.9,"mode":"metro","tier":"official"},"geometry":{"type":"Point","coordinates":[78.5053,17.4358]}},{"type":"Feature","properties":{"id":"transit_stop:metro_hyd_hmrl_gtfs:SEC_E_ENT14","field":"public_transport","kind":"transit_stop","name":"SEC East Arm D Escalator","ref":null,"status":"operational","opened_on":null,"expected_completion":null,"agency":"HMRL","source":"metro_hyd_hmrl_gtfs","confidence":0.9,"mode":"metro","tier":"official"},"geometry":{"type":"Point","coordinates":[78.5053,17.4358]}},{"type":"Feature","properties":{"id":"transit_stop:metro_hyd_hmrl_gtfs:SEC_E_ENT15","field":"public_transport","kind":"transit_stop","name":"SEC East Arm D Lift","ref":null,"status":"operational","opened_on":null,"expected_completion":null,"agency":"HMRL","source":"metro_hyd_hmrl_gtfs","confidence":0.9,"mode":"metro","tier":"official"},"geometry":{"type":"Point","coordinates":[78.5053,17.4361]}},{"type":"Feature","properties":{"id":"transit_stop:metro_hyd_hmrl_gtfs:SEC_E_ENT16","field":"public_transport","kind":"transit_stop","name":"SEC East Arm D Combined Staircase & Escalator","ref":null,"status":"operational","opened_on":null,"expected_completion":null,"agency":"HMRL","source":"metro_hyd_hmrl_gtfs","confidence":0.9,"mode":"metro","tier":"official"},"geometry":{"type":"Point","coordinates":[78.5053,17.4361]}},{"type":"Feature","properties":{"id":"transit_stop:metro_hyd_hmrl_gtfs:MUN_ENT01","field":"public_transport","kind":"transit_stop","name":"MUN Arm A Lift","ref":null,"status":"operational","opened_on":null,"expected_completion":null,"agency":"HMRL","source":"metro_hyd_hmrl_gtfs","confidence":0.9,"mode":"metro","tier":"official"},"geometry":{"type":"Point","coordinates":[78.4385,17.4364]}},{"type":"Feature","properties":{"id":"transit_stop:metro_hyd_hmrl_gtfs:MUN_ENT02","field":"public_transport","kind":"transit_stop","name":"MUN Arm A Combined Staircase & Escalator","ref":null,"status":"operational","opened_on":null,"expected_completion":null,"agency":"HMRL","source":"metro_hyd_hmrl_gtfs","confidence":0.9,"mode":"metro","tier":"official"},"geometry":{"type":"Point","coordinates":[78.4382,17.4363]}},{"type":"Feature","properties":{"id":"transit_stop:metro_hyd_hmrl_gtfs:MUN_ENT03","field":"public_transport","kind":"transit_stop","name":"MUN Arm B Lift","ref":null,"status":"operational","opened_on":null,"expected_completion":null,"agency":"HMRL","source":"metro_hyd_hmrl_gtfs","confidence":0.9,"mode":"metro","tier":"official"},"geometry":{"type":"Point","coordinates":[78.4396,17.4374]}},{"type":"Feature","properties":{"id":"transit_stop:metro_hyd_hmrl_gtfs:MUN_ENT04","field":"public_transport","kind":"transit_stop","name":"MUN Arm B Combined Staircase & Escalator","ref":null,"status":"operational","opened_on":null,"expected_completion":null,"agency":"HMRL","source":"metro_hyd_hmrl_gtfs","confidence":0.9,"mode":"metro","tier":"official"},"geometry":{"type":"Point","coordinates":[78.4399,17.4375]}},{"type":"Feature","properties":{"id":"transit_stop:metro_hyd_hmrl_gtfs:MUN_ENT05","field":"public_transport","kind":"transit_stop","name":"MUN Arm C Staircase","ref":null,"status":"operational","opened_on":null,"expected_completion":null,"agency":"HMRL","source":"metro_hyd_hmrl_gtfs","confidence":0.9,"mode":"metro","tier":"official"},"geometry":{"type":"Point","coordinates":[78.4388,17.4364]}},{"type":"Feature","properties":{"id":"transit_stop:metro_hyd_hmrl_gtfs:YUG_ENT01","field":"public_transport","kind":"transit_stop","name":"YUG Arm A  Staircase","ref":null,"status":"operational","opened_on":null,"expected_completion":null,"agency":"HMRL","source":"metro_hyd_hmrl_gtfs","confidence":0.9,"mode":"metro","tier":"official"},"geometry":{"type":"Point","coordinates":[78.4271,17.4346]}},{"type":"Feature","properties":{"id":"transit_stop:metro_hyd_hmrl_gtfs:YUG_ENT02","field":"public_transport","kind":"transit_stop","name":"YUG Arm A  Escalator","ref":null,"status":"operational","opened_on":null,"expected_completion":null,"agency":"HMRL","source":"metro_hyd_hmrl_gtfs","confidence":0.9,"mode":"metro","tier":"official"},"geometry":{"type":"Point","coordinates":[78.4273,17.4352]}},{"type":"Feature","properties":{"id":"transit_stop:metro_hyd_hmrl_gtfs:YUG_ENT03","field":"public_transport","kind":"transit_stop","name":"YUG Arm B Staircase","ref":null,"status":"operational","opened_on":null,"expected_completion":null,"agency":"HMRL","source":"metro_hyd_hmrl_gtfs","confidence":0.9,"mode":"metro","tier":"official"},"geometry":{"type":"Point","coordinates":[78.4275,17.4357]}},{"type":"Feature","properties":{"id":"transit_stop:metro_hyd_hmrl_gtfs:YUG_ENT04","field":"public_transport","kind":"transit_stop","name":"YUG Arm B Lift","ref":null,"status":"operational","opened_on":null,"expected_completion":null,"agency":"HMRL","source":"metro_hyd_hmrl_gtfs","confidence":0.9,"mode":"metro","tier":"official"},"geometry":{"type":"Point","coordinates":[78.4273,17.4352]}},{"type":"Feature","properties":{"id":"transit_stop:metro_hyd_hmrl_gtfs:YUG_ENT05","field":"public_transport","kind":"transit_stop","name":"YUG Arm C Staircase","ref":null,"status":"operational","opened_on":null,"expected_completion":null,"agency":"HMRL","source":"metro_hyd_hmrl_gtfs","confidence":0.9,"mode":"metro","tier":"official"},"geometry":{"type":"Point","coordinates":[78.4277,17.4356]}},{"type":"Feature","properties":{"id":"transit_stop:metro_hyd_hmrl_gtfs:YUG_ENT06","field":"public_transport","kind":"transit_stop","name":"YUG Arm C Escalator","ref":null,"status":"operational","opened_on":null,"expected_completion":null,"agency":"HMRL","source":"metro_hyd_hmrl_gtfs","confidence":0.9,"mode":"metro","tier":"official"},"geometry":{"type":"Point","coordinates":[78.4275,17.4351]}},{"type":"Feature","properties":{"id":"transit_stop:metro_hyd_hmrl_gtfs:YUG_ENT07","field":"public_transport","kind":"transit_stop","name":"YUG Arm D Staircase","ref":null,"status":"operational","opened_on":null,"expected_completion":null,"agency":"HMRL","source":"metro_hyd_hmrl_gtfs","confidence":0.9,"mode":"metro","tier":"official"},"geometry":{"type":"Point","coordinates":[78.4273,17.4345]}},{"type":"Feature","properties":{"id":"transit_stop:metro_hyd_hmrl_gtfs:YUG_ENT08","field":"public_transport","kind":"transit_stop","name":"YUG Arm D Lift","ref":null,"status":"operational","opened_on":null,"expected_completion":null,"agency":"HMRL","source":"metro_hyd_hmrl_gtfs","confidence":0.9,"mode":"metro","tier":"official"},"geometry":{"type":"Point","coordinates":[78.4275,17.435]}},{"type":"Feature","properties":{"id":"transit_stop:metro_hyd_hmrl_gtfs:JR5_ENT01","field":"public_transport","kind":"transit_stop","name":"JR5 Arm A  Staircase","ref":null,"status":"operational","opened_on":null,"expected_completion":null,"agency":"HMRL","source":"metro_hyd_hmrl_gtfs","confidence":0.9,"mode":"metro","tier":"official"},"geometry":{"type":"Point","coordinates":[78.4225,17.4304]}},{"type":"Feature","properties":{"id":"transit_stop:metro_hyd_hmrl_gtfs:JR5_ENT02","field":"public_transport","kind":"transit_stop","name":"JR5 Arm A  Escalator","ref":null,"status":"operational","opened_on":null,"expected_completion":null,"agency":"HMRL","source":"metro_hyd_hmrl_gtfs","confidence":0.9,"mode":"metro","tier":"official"},"geometry":{"type":"Point","coordinates":[78.4233,17.4301]}},{"type":"Feature","properties":{"id":"transit_stop:metro_hyd_hmrl_gtfs:JR5_ENT03","field":"public_transport","kind":"transit_stop","name":"JR5 Arm B Staircase","ref":null,"status":"operational","opened_on":null,"expected_completion":null,"agency":"HMRL","source":"metro_hyd_hmrl_gtfs","confidence":0.9,"mode":"metro","tier":"official"},"geometry":{"type":"Point","coordinates":[78.4238,17.43]}},{"type":"Feature","properties":{"id":"transit_stop:metro_hyd_hmrl_gtfs:JR5_ENT04","field":"public_transport","kind":"transit_stop","name":"JR5 Arm B Lift","ref":null,"status":"operational","opened_on":null,"expected_completion":null,"agency":"HMRL","source":"metro_hyd_hmrl_gtfs","confidence":0.9,"mode":"metro","tier":"official"},"geometry":{"type":"Point","coordinates":[78.4234,17.4301]}},{"type":"Feature","properties":{"id":"transit_stop:metro_hyd_hmrl_gtfs:JR5_ENT05","field":"public_transport","kind":"transit_stop","name":"JR5 Arm C Staircase","ref":null,"status":"operational","opened_on":null,"expected_completion":null,"agency":"HMRL","source":"metro_hyd_hmrl_gtfs","confidence":0.9,"mode":"metro","tier":"official"},"geometry":{"type":"Point","coordinates":[78.4237,17.4298]}},{"type":"Feature","properties":{"id":"transit_stop:metro_hyd_hmrl_gtfs:JR5_ENT06","field":"public_transport","kind":"transit_stop","name":"JR5 Arm C Escalator","ref":null,"status":"operational","opened_on":null,"expected_completion":null,"agency":"HMRL","source":"metro_hyd_hmrl_gtfs","confidence":0.9,"mode":"metro","tier":"official"},"geometry":{"type":"Point","coordinates":[78.423,17.43]}},{"type":"Feature","properties":{"id":"transit_stop:metro_hyd_hmrl_gtfs:JR5_ENT07","field":"public_transport","kind":"transit_stop","name":"JR5 Arm D Staircase","ref":null,"status":"operational","opened_on":null,"expected_completion":null,"agency":"HMRL","source":"metro_hyd_hmrl_gtfs","confidence":0.9,"mode":"metro","tier":"official"},"geometry":{"type":"Point","coordinates":[78.4222,17.4302]}},{"type":"Feature","properties":{"id":"transit_stop:metro_hyd_hmrl_gtfs:JR5_ENT08","field":"public_transport","kind":"transit_stop","name":"JR5 Arm D Lift","ref":null,"status":"operational","opened_on":null,"expected_completion":null,"agency":"HMRL","source":"metro_hyd_hmrl_gtfs","confidence":0.9,"mode":"metro","tier":"official"},"geometry":{"type":"Point","coordinates":[78.4228,17.4301]}},{"type":"Feature","properties":{"id":"transit_stop:metro_hyd_hmrl_gtfs:JCP_ENT01","field":"public_transport","kind":"transit_stop","name":"JCP Arm A  Staircase","ref":null,"status":"operational","opened_on":null,"expected_completion":null,"agency":"HMRL","source":"metro_hyd_hmrl_gtfs","confidence":0.9,"mode":"metro","tier":"official"},"geometry":{"type":"Point","coordinates":[78.4127,17.4294]}},{"type":"Feature","properties":{"id":"transit_stop:metro_hyd_hmrl_gtfs:JCP_ENT02","field":"public_transport","kind":"transit_stop","name":"JCP Arm A  Lift","ref":null,"status":"operational","opened_on":null,"expected_completion":null,"agency":"HMRL","source":"metro_hyd_hmrl_gtfs","confidence":0.9,"mode":"metro","tier":"official"},"geometry":{"type":"Point","coordinates":[78.4132,17.429]}},{"type":"Feature","properties":{"id":"transit_stop:metro_hyd_hmrl_gtfs:JCP_ENT03","field":"public_transport","kind":"transit_stop","name":"JCP Arm B Staircase","ref":null,"status":"operational","opened_on":null,"expected_completion":null,"agency":"HMRL","source":"metro_hyd_hmrl_gtfs","confidence":0.9,"mode":"metro","tier":"official"},"geometry":{"type":"Point","coordinates":[78.4137,17.4285]}},{"type":"Feature","properties":{"id":"transit_stop:metro_hyd_hmrl_gtfs:JCP_ENT04","field":"public_transport","kind":"transit_stop","name":"JCP Arm B Escalator","ref":null,"status":"operational","opened_on":null,"expected_completion":null,"agency":"HMRL","source":"metro_hyd_hmrl_gtfs","confidence":0.9,"mode":"metro","tier":"official"},"geometry":{"type":"Point","coordinates":[78.4146,17.4276]}},{"type":"Feature","properties":{"id":"transit_stop:metro_hyd_hmrl_gtfs:JCP_ENT05","field":"public_transport","kind":"transit_stop","name":"JCP Arm C Staircase","ref":null,"status":"operational","opened_on":null,"expected_completion":null,"agency":"HMRL","source":"metro_hyd_hmrl_gtfs","confidence":0.9,"mode":"metro","tier":"official"},"geometry":{"type":"Point","coordinates":[78.4134,17.4284]}},{"type":"Feature","properties":{"id":"transit_stop:metro_hyd_hmrl_gtfs:JCP_ENT06","field":"public_transport","kind":"transit_stop","name":"JCP Arm C Lift","ref":null,"status":"operational","opened_on":null,"expected_completion":null,"agency":"HMRL","source":"metro_hyd_hmrl_gtfs","confidence":0.9,"mode":"metro","tier":"official"},"geometry":{"type":"Point","coordinates":[78.4142,17.4276]}},{"type":"Feature","properties":{"id":"transit_stop:metro_hyd_hmrl_gtfs:JCP_ENT07","field":"public_transport","kind":"transit_stop","name":"JCP Arm D Combined Staircase & Escalator","ref":null,"status":"operational","opened_on":null,"expected_completion":null,"agency":"HMRL","source":"metro_hyd_hmrl_gtfs","confidence":0.9,"mode":"metro","tier":"official"},"geometry":{"type":"Point","coordinates":[78.4128,17.4291]}},{"type":"Feature","properties":{"id":"transit_stop:metro_hyd_hmrl_gtfs:PED_ENT01","field":"public_transport","kind":"transit_stop","name":"PED Arm A  Staircase","ref":null,"status":"operational","opened_on":null,"expected_completion":null,"agency":"HMRL","source":"metro_hyd_hmrl_gtfs","confidence":0.9,"mode":"metro","tier":"official"},"geometry":{"type":"Point","coordinates":[78.4081,17.431]}},{"type":"Feature","properties":{"id":"transit_stop:metro_hyd_hmrl_gtfs:PED_ENT02","field":"public_transport","kind":"transit_stop","name":"PED Arm A  Escalator","ref":null,"status":"operational","opened_on":null,"expected_completion":null,"agency":"HMRL","source":"metro_hyd_hmrl_gtfs","confidence":0.9,"mode":"metro","tier":"official"},"geometry":{"type":"Point","coordinates":[78.4086,17.4307]}},{"type":"Feature","properties":{"id":"transit_stop:metro_hyd_hmrl_gtfs:PED_ENT03","field":"public_transport","kind":"transit_stop","name":"PED Arm B Staircase","ref":null,"status":"operational","opened_on":null,"expected_completion":null,"agency":"HMRL","source":"metro_hyd_hmrl_gtfs","confidence":0.9,"mode":"metro","tier":"official"},"geometry":{"type":"Point","coordinates":[78.4092,17.4303]}},{"type":"Feature","properties":{"id":"transit_stop:metro_hyd_hmrl_gtfs:PED_ENT04","field":"public_transport","kind":"transit_stop","name":"PED Arm B Lift","ref":null,"status":"operational","opened_on":null,"expected_completion":null,"agency":"HMRL","source":"metro_hyd_hmrl_gtfs","confidence":0.9,"mode":"metro","tier":"official"},"geometry":{"type":"Point","coordinates":[78.4088,17.4306]}},{"type":"Feature","properties":{"id":"transit_stop:metro_hyd_hmrl_gtfs:PED_ENT05","field":"public_transport","kind":"transit_stop","name":"PED Arm C Staircase","ref":null,"status":"operational","opened_on":null,"expected_completion":null,"agency":"HMRL","source":"metro_hyd_hmrl_gtfs","confidence":0.9,"mode":"metro","tier":"official"},"geometry":{"type":"Point","coordinates":[78.409,17.4302]}},{"type":"Feature","properties":{"id":"transit_stop:metro_hyd_hmrl_gtfs:PED_ENT06","field":"public_transport","kind":"transit_stop","name":"PED Arm C Escalator","ref":null,"status":"operational","opened_on":null,"expected_completion":null,"agency":"HMRL","source":"metro_hyd_hmrl_gtfs","confidence":0.9,"mode":"metro","tier":"official"},"geometry":{"type":"Point","coordinates":[78.4085,17.4305]}},{"type":"Feature","properties":{"id":"transit_stop:metro_hyd_hmrl_gtfs:PED_ENT07","field":"public_transport","kind":"transit_stop","name":"PED Arm D Staircase","ref":null,"status":"operational","opened_on":null,"expected_completion":null,"agency":"HMRL","source":"metro_hyd_hmrl_gtfs","confidence":0.9,"mode":"metro","tier":"official"},"geometry":{"type":"Point","coordinates":[78.4079,17.4308]}},{"type":"Feature","properties":{"id":"transit_stop:metro_hyd_hmrl_gtfs:PED_ENT08","field":"public_transport","kind":"transit_stop","name":"PED Arm D Lift","ref":null,"status":"operational","opened_on":null,"expected_completion":null,"agency":"HMRL","source":"metro_hyd_hmrl_gtfs","confidence":0.9,"mode":"metro","tier":"official"},"geometry":{"type":"Point","coordinates":[78.4083,17.4306]}},{"type":"Feature","properties":{"id":"transit_stop:metro_hyd_hmrl_gtfs:MAD_ENT01","field":"public_transport","kind":"transit_stop","name":"MAD Arm A  Staircase","ref":null,"status":"operational","opened_on":null,"expected_completion":null,"agency":"HMRL","source":"metro_hyd_hmrl_gtfs","confidence":0.9,"mode":"metro","tier":"official"},"geometry":{"type":"Point","coordinates":[78.4005,17.4375]}},{"type":"Feature","properties":{"id":"transit_stop:metro_hyd_hmrl_gtfs:MAD_ENT02","field":"public_transport","kind":"transit_stop","name":"MAD Arm A  Escalator","ref":null,"status":"operational","opened_on":null,"expected_completion":null,"agency":"HMRL","source":"metro_hyd_hmrl_gtfs","confidence":0.9,"mode":"metro","tier":"official"},"geometry":{"type":"Point","coordinates":[78.4002,17.438]}},{"type":"Feature","properties":{"id":"transit_stop:metro_hyd_hmrl_gtfs:MAD_ENT03","field":"public_transport","kind":"transit_stop","name":"MAD Arm B Staircase","ref":null,"status":"operational","opened_on":null,"expected_completion":null,"agency":"HMRL","source":"metro_hyd_hmrl_gtfs","confidence":0.9,"mode":"metro","tier":"official"},"geometry":{"type":"Point","coordinates":[78.4009,17.437]}},{"type":"Feature","properties":{"id":"transit_stop:metro_hyd_hmrl_gtfs:MAD_ENT04","field":"public_transport","kind":"transit_stop","name":"MAD Arm B Lift","ref":null,"status":"operational","opened_on":null,"expected_completion":null,"agency":"HMRL","source":"metro_hyd_hmrl_gtfs","confidence":0.9,"mode":"metro","tier":"official"},"geometry":{"type":"Point","coordinates":[78.4007,17.4372]}},{"type":"Feature","properties":{"id":"transit_stop:metro_hyd_hmrl_gtfs:MAD_ENT05","field":"public_transport","kind":"transit_stop","name":"MAD Arm C Staircase","ref":null,"status":"operational","opened_on":null,"expected_completion":null,"agency":"HMRL","source":"metro_hyd_hmrl_gtfs","confidence":0.9,"mode":"metro","tier":"official"},"geometry":{"type":"Point","coordinates":[78.4006,17.4368]}},{"type":"Feature","properties":{"id":"transit_stop:metro_hyd_hmrl_gtfs:MAD_ENT06","field":"public_transport","kind":"transit_stop","name":"MAD Arm C Lift","ref":null,"status":"operational","opened_on":null,"expected_completion":null,"agency":"HMRL","source":"metro_hyd_hmrl_gtfs","confidence":0.9,"mode":"metro","tier":"official"},"geometry":{"type":"Point","coordinates":[78.4004,17.4371]}},{"type":"Feature","properties":{"id":"transit_stop:metro_hyd_hmrl_gtfs:MAD_ENT07","field":"public_transport","kind":"transit_stop","name":"MAD Arm D Staircase","ref":null,"status":"operational","opened_on":null,"expected_completion":null,"agency":"HMRL","source":"metro_hyd_hmrl_gtfs","confidence":0.9,"mode":"metro","tier":"official"},"geometry":{"type":"Point","coordinates":[78.4,17.4378]}},{"type":"Feature","properties":{"id":"transit_stop:metro_hyd_hmrl_gtfs:MAD_ENT08","field":"public_transport","kind":"transit_stop","name":"MAD Arm D Escalator","ref":null,"status":"operational","opened_on":null,"expected_completion":null,"agency":"HMRL","source":"metro_hyd_hmrl_gtfs","confidence":0.9,"mode":"metro","tier":"official"},"geometry":{"type":"Point","coordinates":[78.4003,17.4373]}},{"type":"Feature","properties":{"id":"transit_stop:metro_hyd_hmrl_gtfs:DGC_ENT01","field":"public_transport","kind":"transit_stop","name":"DGC Arm B Staircase","ref":null,"status":"operational","opened_on":null,"expected_completion":null,"agency":"HMRL","source":"metro_hyd_hmrl_gtfs","confidence":0.9,"mode":"metro","tier":"official"},"geometry":{"type":"Point","coordinates":[78.388,17.4423]}},{"type":"Feature","properties":{"id":"transit_stop:metro_hyd_hmrl_gtfs:DGC_ENT02","field":"public_transport","kind":"transit_stop","name":"DGC Arm B Lift","ref":null,"status":"operational","opened_on":null,"expected_completion":null,"agency":"HMRL","source":"metro_hyd_hmrl_gtfs","confidence":0.9,"mode":"metro","tier":"official"},"geometry":{"type":"Point","coordinates":[78.3878,17.4428]}},{"type":"Feature","properties":{"id":"transit_stop:metro_hyd_hmrl_gtfs:DGC_ENT03","field":"public_transport","kind":"transit_stop","name":"DGC Arm C Staircase","ref":null,"status":"operational","opened_on":null,"expected_completion":null,"agency":"HMRL","source":"metro_hyd_hmrl_gtfs","confidence":0.9,"mode":"metro","tier":"official"},"geometry":{"type":"Point","coordinates":[78.3878,17.4422]}},{"type":"Feature","properties":{"id":"transit_stop:metro_hyd_hmrl_gtfs:DGC_ENT04","field":"public_transport","kind":"transit_stop","name":"DGC Arm C Lift","ref":null,"status":"operational","opened_on":null,"expected_completion":null,"agency":"HMRL","source":"metro_hyd_hmrl_gtfs","confidence":0.9,"mode":"metro","tier":"official"},"geometry":{"type":"Point","coordinates":[78.3877,17.4425]}},{"type":"Feature","properties":{"id":"transit_stop:metro_hyd_hmrl_gtfs:DGC_ENT05","field":"public_transport","kind":"transit_stop","name":"DGC Arm D Staircase","ref":null,"status":"operational","opened_on":null,"expected_completion":null,"agency":"HMRL","source":"metro_hyd_hmrl_gtfs","confidence":0.9,"mode":"metro","tier":"official"},"geometry":{"type":"Point","coordinates":[78.3876,17.4428]}},{"type":"Feature","properties":{"id":"transit_stop:metro_hyd_hmrl_gtfs:DGC_ENT06","field":"public_transport","kind":"transit_stop","name":"DGC Arm D Escalator","ref":null,"status":"operational","opened_on":null,"expected_completion":null,"agency":"HMRL","source":"metro_hyd_hmrl_gtfs","confidence":0.9,"mode":"metro","tier":"official"},"geometry":{"type":"Point","coordinates":[78.3873,17.4434]}},{"type":"Feature","properties":{"id":"transit_stop:metro_hyd_hmrl_gtfs:HTC_ENT01","field":"public_transport","kind":"transit_stop","name":"HTC Arm A  Staircase","ref":null,"status":"operational","opened_on":null,"expected_completion":null,"agency":"HMRL","source":"metro_hyd_hmrl_gtfs","confidence":0.9,"mode":"metro","tier":"official"},"geometry":{"type":"Point","coordinates":[78.3828,17.4497]}},{"type":"Feature","properties":{"id":"transit_stop:metro_hyd_hmrl_gtfs:HTC_ENT02","field":"public_transport","kind":"transit_stop","name":"HTC Arm A  Escalator","ref":null,"status":"operational","opened_on":null,"expected_completion":null,"agency":"HMRL","source":"metro_hyd_hmrl_gtfs","confidence":0.9,"mode":"metro","tier":"official"},"geometry":{"type":"Point","coordinates":[78.3833,17.4491]}},{"type":"Feature","properties":{"id":"transit_stop:metro_hyd_hmrl_gtfs:HTC_ENT03","field":"public_transport","kind":"transit_stop","name":"HTC Arm B Staircase","ref":null,"status":"operational","opened_on":null,"expected_completion":null,"agency":"HMRL","source":"metro_hyd_hmrl_gtfs","confidence":0.9,"mode":"metro","tier":"official"},"geometry":{"type":"Point","coordinates":[78.3834,17.449]}},{"type":"Feature","properties":{"id":"transit_stop:metro_hyd_hmrl_gtfs:HTC_ENT04","field":"public_transport","kind":"transit_stop","name":"HTC Arm B Lift","ref":null,"status":"operational","opened_on":null,"expected_completion":null,"agency":"HMRL","source":"metro_hyd_hmrl_gtfs","confidence":0.9,"mode":"metro","tier":"official"},"geometry":{"type":"Point","coordinates":[78.3836,17.4488]}},{"type":"Feature","properties":{"id":"transit_stop:metro_hyd_hmrl_gtfs:HTC_ENT05","field":"public_transport","kind":"transit_stop","name":"HTC Arm C Staircase","ref":null,"status":"operational","opened_on":null,"expected_completion":null,"agency":"HMRL","source":"metro_hyd_hmrl_gtfs","confidence":0.9,"mode":"metro","tier":"official"},"geometry":{"type":"Point","coordinates":[78.3834,17.4485]}},{"type":"Feature","properties":{"id":"transit_stop:metro_hyd_hmrl_gtfs:HTC_ENT06","field":"public_transport","kind":"transit_stop","name":"HTC Arm D Lift","ref":null,"status":"operational","opened_on":null,"expected_completion":null,"agency":"HMRL","source":"metro_hyd_hmrl_gtfs","confidence":0.9,"mode":"metro","tier":"official"},"geometry":{"type":"Point","coordinates":[78.3829,17.4492]}},{"type":"Feature","properties":{"id":"transit_stop:metro_hyd_hmrl_gtfs:HTC_ENT07","field":"public_transport","kind":"transit_stop","name":"HTC Arm D Combined Staircase & Escalator","ref":null,"status":"operational","opened_on":null,"expected_completion":null,"agency":"HMRL","source":"metro_hyd_hmrl_gtfs","confidence":0.9,"mode":"metro","tier":"official"},"geometry":{"type":"Point","coordinates":[78.3826,17.4495]}},{"type":"Feature","properties":{"id":"transit_stop:metro_hyd_hmrl_gtfs:RDG_ENT01","field":"public_transport","kind":"transit_stop","name":"RDG Arm A Lift","ref":null,"status":"operational","opened_on":null,"expected_completion":null,"agency":"HMRL","source":"metro_hyd_hmrl_gtfs","confidence":0.9,"mode":"metro","tier":"official"},"geometry":{"type":"Point","coordinates":[78.377,17.4416]}},{"type":"Feature","properties":{"id":"transit_stop:metro_hyd_hmrl_gtfs:RDG_ENT02","field":"public_transport","kind":"transit_stop","name":"RDG Arm A Combined Staircase & Escalator","ref":null,"status":"operational","opened_on":null,"expected_completion":null,"agency":"HMRL","source":"metro_hyd_hmrl_gtfs","confidence":0.9,"mode":"metro","tier":"official"},"geometry":{"type":"Point","coordinates":[78.377,17.4419]}},{"type":"Feature","properties":{"id":"transit_stop:metro_hyd_hmrl_gtfs:RDG_ENT03","field":"public_transport","kind":"transit_stop","name":"RDG Arm B Combined Staircase & Escalator","ref":null,"status":"operational","opened_on":null,"expected_completion":null,"agency":"HMRL","source":"metro_hyd_hmrl_gtfs","confidence":0.9,"mode":"metro","tier":"official"},"geometry":{"type":"Point","coordinates":[78.377,17.4432]}},{"type":"Feature","properties":{"id":"transit_stop:metro_hyd_hmrl_gtfs:RDG_ENT04","field":"public_transport","kind":"transit_stop","name":"RDG Arm C Staircase","ref":null,"status":"operational","opened_on":null,"expected_completion":null,"agency":"HMRL","source":"metro_hyd_hmrl_gtfs","confidence":0.9,"mode":"metro","tier":"official"},"geometry":{"type":"Point","coordinates":[78.3774,17.4432]}},{"type":"Feature","properties":{"id":"transit_stop:metro_hyd_hmrl_gtfs:RDG_ENT05","field":"public_transport","kind":"transit_stop","name":"RDG Arm C Lift","ref":null,"status":"operational","opened_on":null,"expected_completion":null,"agency":"HMRL","source":"metro_hyd_hmrl_gtfs","confidence":0.9,"mode":"metro","tier":"official"},"geometry":{"type":"Point","coordinates":[78.3774,17.443]}},{"type":"Feature","properties":{"id":"transit_stop:metro_hyd_hmrl_gtfs:RDG_ENT06","field":"public_transport","kind":"transit_stop","name":"RDG Arm D Combined Staircase & Escalator","ref":null,"status":"operational","opened_on":null,"expected_completion":null,"agency":"HMRL","source":"metro_hyd_hmrl_gtfs","confidence":0.9,"mode":"metro","tier":"official"},"geometry":{"type":"Point","coordinates":[78.3777,17.4412]}}]}